date_utc	status	bytes	url	file
2026-10-03T16:32:09Z	200	4533	https://blert.io/api/v1/challenges?type=5&limit=12&status=1	(listing)
2026-10-03T16:32:12Z	200	2301	https://blert.io/api/v1/challenges?type=5&limit=6&status=3&stage=ge230	(listing)
2026-10-03T16:32:16Z	200	4533	https://blert.io/api/v1/challenges?type=5&limit=12&status=1	(listing)
2026-10-03T16:32:19Z	200	2301	https://blert.io/api/v1/challenges?type=5&limit=6&status=3&stage=ge230	(listing)
2026-10-03T16:32:22Z	200	20937	https://blert.io/api/v1/challenges/inferno/7d6a3542-a926-42dc-9303-73b5140e8dbd/events?stage=200	7d6a3542-a926-42dc-9303-73b5140e8dbd.json
2026-10-03T16:32:25Z	200	23594	https://blert.io/api/v1/challenges/inferno/7d6a3542-a926-42dc-9303-73b5140e8dbd/events?stage=201	7d6a3542-a926-42dc-9303-73b5140e8dbd.json
2026-10-03T16:32:28Z	200	12712	https://blert.io/api/v1/challenges/inferno/7d6a3542-a926-42dc-9303-73b5140e8dbd/events?stage=202	7d6a3542-a926-42dc-9303-73b5140e8dbd.json
2026-10-03T16:32:32Z	200	32817	https://blert.io/api/v1/challenges/inferno/7d6a3542-a926-42dc-9303-73b5140e8dbd/events?stage=203	7d6a3542-a926-42dc-9303-73b5140e8dbd.json
2026-10-03T16:32:35Z	200	42783	https://blert.io/api/v1/challenges/inferno/7d6a3542-a926-42dc-9303-73b5140e8dbd/events?stage=204	7d6a3542-a926-42dc-9303-73b5140e8dbd.json
2026-10-03T16:32:38Z	200	78701	https://blert.io/api/v1/challenges/inferno/7d6a3542-a926-42dc-9303-73b5140e8dbd/events?stage=205	7d6a3542-a926-42dc-9303-73b5140e8dbd.json
2026-10-03T16:32:41Z	200	70662	https://blert.io/api/v1/challenges/inferno/7d6a3542-a926-42dc-9303-73b5140e8dbd/events?stage=206	7d6a3542-a926-42dc-9303-73b5140e8dbd.json
2026-10-03T16:32:44Z	200	23037	https://blert.io/api/v1/challenges/inferno/7d6a3542-a926-42dc-9303-73b5140e8dbd/events?stage=207	7d6a3542-a926-42dc-9303-73b5140e8dbd.json
2026-10-03T16:32:47Z	200	27981	https://blert.io/api/v1/challenges/inferno/7d6a3542-a926-42dc-9303-73b5140e8dbd/events?stage=208	7d6a3542-a926-42dc-9303-73b5140e8dbd.json
2026-10-03T16:32:50Z	200	33930	https://blert.io/api/v1/challenges/inferno/7d6a3542-a926-42dc-9303-73b5140e8dbd/events?stage=209	7d6a3542-a926-42dc-9303-73b5140e8dbd.json
2026-10-03T16:32:53Z	200	39893	https://blert.io/api/v1/challenges/inferno/7d6a3542-a926-42dc-9303-73b5140e8dbd/events?stage=210	7d6a3542-a926-42dc-9303-73b5140e8dbd.json
2026-10-03T16:32:56Z	200	55604	https://blert.io/api/v1/challenges/inferno/7d6a3542-a926-42dc-9303-73b5140e8dbd/events?stage=211	7d6a3542-a926-42dc-9303-73b5140e8dbd.json
2026-10-03T16:32:59Z	200	85603	https://blert.io/api/v1/challenges/inferno/7d6a3542-a926-42dc-9303-73b5140e8dbd/events?stage=212	7d6a3542-a926-42dc-9303-73b5140e8dbd.json
2026-10-03T16:33:02Z	200	92611	https://blert.io/api/v1/challenges/inferno/7d6a3542-a926-42dc-9303-73b5140e8dbd/events?stage=213	7d6a3542-a926-42dc-9303-73b5140e8dbd.json
2026-10-03T16:33:05Z	200	92613	https://blert.io/api/v1/challenges/inferno/7d6a3542-a926-42dc-9303-73b5140e8dbd/events?stage=214	7d6a3542-a926-42dc-9303-73b5140e8dbd.json
2026-10-03T16:33:08Z	200	49389	https://blert.io/api/v1/challenges/inferno/7d6a3542-a926-42dc-9303-73b5140e8dbd/events?stage=215	7d6a3542-a926-42dc-9303-73b5140e8dbd.json
2026-10-03T16:33:11Z	200	18802	https://blert.io/api/v1/challenges/inferno/7d6a3542-a926-42dc-9303-73b5140e8dbd/events?stage=216	7d6a3542-a926-42dc-9303-73b5140e8dbd.json
2026-10-03T16:33:14Z	200	32554	https://blert.io/api/v1/challenges/inferno/7d6a3542-a926-42dc-9303-73b5140e8dbd/events?stage=217	7d6a3542-a926-42dc-9303-73b5140e8dbd.json
2026-10-03T16:33:17Z	200	52773	https://blert.io/api/v1/challenges/inferno/7d6a3542-a926-42dc-9303-73b5140e8dbd/events?stage=218	7d6a3542-a926-42dc-9303-73b5140e8dbd.json
2026-10-03T16:33:21Z	200	126985	https://blert.io/api/v1/challenges/inferno/7d6a3542-a926-42dc-9303-73b5140e8dbd	overview-probe
2026-10-03T16:33:23Z	200	41812	https://blert.io/api/v1/challenges/inferno/7d6a3542-a926-42dc-9303-73b5140e8dbd/events?stage=219	7d6a3542-a926-42dc-9303-73b5140e8dbd.json
2026-10-03T16:33:26Z	200	74649	https://blert.io/api/v1/challenges/inferno/7d6a3542-a926-42dc-9303-73b5140e8dbd/events?stage=220	7d6a3542-a926-42dc-9303-73b5140e8dbd.json
2026-10-03T16:33:29Z	200	91022	https://blert.io/api/v1/challenges/inferno/7d6a3542-a926-42dc-9303-73b5140e8dbd/events?stage=221	7d6a3542-a926-42dc-9303-73b5140e8dbd.json
2026-10-03T16:33:33Z	200	100800	https://blert.io/api/v1/challenges/inferno/7d6a3542-a926-42dc-9303-73b5140e8dbd/events?stage=222	7d6a3542-a926-42dc-9303-73b5140e8dbd.json
2026-10-03T16:33:36Z	200	118678	https://blert.io/api/v1/challenges/inferno/7d6a3542-a926-42dc-9303-73b5140e8dbd/events?stage=223	7d6a3542-a926-42dc-9303-73b5140e8dbd.json
2026-10-03T16:33:39Z	200	58466	https://blert.io/api/v1/challenges/inferno/7d6a3542-a926-42dc-9303-73b5140e8dbd/events?stage=224	7d6a3542-a926-42dc-9303-73b5140e8dbd.json
2026-10-03T16:33:42Z	200	58029	https://blert.io/api/v1/challenges/inferno/7d6a3542-a926-42dc-9303-73b5140e8dbd/events?stage=225	7d6a3542-a926-42dc-9303-73b5140e8dbd.json
2026-10-03T16:33:45Z	200	97908	https://blert.io/api/v1/challenges/inferno/7d6a3542-a926-42dc-9303-73b5140e8dbd/events?stage=226	7d6a3542-a926-42dc-9303-73b5140e8dbd.json
2026-10-03T16:33:48Z	200	131594	https://blert.io/api/v1/challenges/inferno/7d6a3542-a926-42dc-9303-73b5140e8dbd/events?stage=227	7d6a3542-a926-42dc-9303-73b5140e8dbd.json
2026-10-03T16:33:51Z	200	94252	https://blert.io/api/v1/challenges/inferno/7d6a3542-a926-42dc-9303-73b5140e8dbd/events?stage=228	7d6a3542-a926-42dc-9303-73b5140e8dbd.json
2026-10-03T16:33:54Z	200	143958	https://blert.io/api/v1/challenges/inferno/7d6a3542-a926-42dc-9303-73b5140e8dbd/events?stage=229	7d6a3542-a926-42dc-9303-73b5140e8dbd.json
2026-10-03T16:33:57Z	200	123639	https://blert.io/api/v1/challenges/inferno/7d6a3542-a926-42dc-9303-73b5140e8dbd/events?stage=230	7d6a3542-a926-42dc-9303-73b5140e8dbd.json
2026-10-03T16:34:00Z	200	94934	https://blert.io/api/v1/challenges/inferno/7d6a3542-a926-42dc-9303-73b5140e8dbd/events?stage=231	7d6a3542-a926-42dc-9303-73b5140e8dbd.json
2026-10-03T16:34:03Z	200	67978	https://blert.io/api/v1/challenges/inferno/7d6a3542-a926-42dc-9303-73b5140e8dbd/events?stage=232	7d6a3542-a926-42dc-9303-73b5140e8dbd.json
2026-10-03T16:34:06Z	200	15418	https://blert.io/api/v1/challenges/inferno/7d6a3542-a926-42dc-9303-73b5140e8dbd/events?stage=233	7d6a3542-a926-42dc-9303-73b5140e8dbd.json
2026-10-03T16:34:09Z	200	30755	https://blert.io/api/v1/challenges/inferno/7d6a3542-a926-42dc-9303-73b5140e8dbd/events?stage=234	7d6a3542-a926-42dc-9303-73b5140e8dbd.json
2026-10-03T16:34:12Z	200	88948	https://blert.io/api/v1/challenges/inferno/7d6a3542-a926-42dc-9303-73b5140e8dbd/events?stage=235	7d6a3542-a926-42dc-9303-73b5140e8dbd.json
2026-10-03T16:34:15Z	200	72629	https://blert.io/api/v1/challenges/inferno/7d6a3542-a926-42dc-9303-73b5140e8dbd/events?stage=236	7d6a3542-a926-42dc-9303-73b5140e8dbd.json
2026-10-03T16:34:18Z	200	69244	https://blert.io/api/v1/challenges/inferno/7d6a3542-a926-42dc-9303-73b5140e8dbd/events?stage=237	7d6a3542-a926-42dc-9303-73b5140e8dbd.json
2026-10-03T16:34:21Z	200	108625	https://blert.io/api/v1/challenges/inferno/7d6a3542-a926-42dc-9303-73b5140e8dbd/events?stage=238	7d6a3542-a926-42dc-9303-73b5140e8dbd.json
2026-10-03T16:34:24Z	200	113065	https://blert.io/api/v1/challenges/inferno/7d6a3542-a926-42dc-9303-73b5140e8dbd/events?stage=239	7d6a3542-a926-42dc-9303-73b5140e8dbd.json
2026-10-03T16:34:28Z	200	131270	https://blert.io/api/v1/challenges/inferno/7d6a3542-a926-42dc-9303-73b5140e8dbd/events?stage=240	7d6a3542-a926-42dc-9303-73b5140e8dbd.json
2026-10-03T16:34:31Z	200	60082	https://blert.io/api/v1/challenges/inferno/7d6a3542-a926-42dc-9303-73b5140e8dbd/events?stage=241	7d6a3542-a926-42dc-9303-73b5140e8dbd.json
2026-10-03T16:34:34Z	200	74068	https://blert.io/api/v1/challenges/inferno/7d6a3542-a926-42dc-9303-73b5140e8dbd/events?stage=242	7d6a3542-a926-42dc-9303-73b5140e8dbd.json
2026-10-03T16:34:37Z	200	72367	https://blert.io/api/v1/challenges/inferno/7d6a3542-a926-42dc-9303-73b5140e8dbd/events?stage=243	7d6a3542-a926-42dc-9303-73b5140e8dbd.json
2026-10-03T16:34:40Z	200	85873	https://blert.io/api/v1/challenges/inferno/7d6a3542-a926-42dc-9303-73b5140e8dbd/events?stage=244	7d6a3542-a926-42dc-9303-73b5140e8dbd.json
2026-10-03T16:34:43Z	200	124429	https://blert.io/api/v1/challenges/inferno/7d6a3542-a926-42dc-9303-73b5140e8dbd/events?stage=245	7d6a3542-a926-42dc-9303-73b5140e8dbd.json
2026-10-03T16:34:46Z	200	133676	https://blert.io/api/v1/challenges/inferno/7d6a3542-a926-42dc-9303-73b5140e8dbd/events?stage=246	7d6a3542-a926-42dc-9303-73b5140e8dbd.json
2026-10-03T16:34:49Z	200	194034	https://blert.io/api/v1/challenges/inferno/7d6a3542-a926-42dc-9303-73b5140e8dbd/events?stage=247	7d6a3542-a926-42dc-9303-73b5140e8dbd.json
2026-10-03T16:34:52Z	200	108676	https://blert.io/api/v1/challenges/inferno/7d6a3542-a926-42dc-9303-73b5140e8dbd/events?stage=248	7d6a3542-a926-42dc-9303-73b5140e8dbd.json
2026-10-03T16:34:55Z	200	58699	https://blert.io/api/v1/challenges/inferno/7d6a3542-a926-42dc-9303-73b5140e8dbd/events?stage=249	7d6a3542-a926-42dc-9303-73b5140e8dbd.json
2026-10-03T16:34:58Z	200	86981	https://blert.io/api/v1/challenges/inferno/7d6a3542-a926-42dc-9303-73b5140e8dbd/events?stage=250	7d6a3542-a926-42dc-9303-73b5140e8dbd.json
2026-10-03T16:35:01Z	200	126538	https://blert.io/api/v1/challenges/inferno/7d6a3542-a926-42dc-9303-73b5140e8dbd/events?stage=251	7d6a3542-a926-42dc-9303-73b5140e8dbd.json
2026-10-03T16:35:04Z	200	109817	https://blert.io/api/v1/challenges/inferno/7d6a3542-a926-42dc-9303-73b5140e8dbd/events?stage=252	7d6a3542-a926-42dc-9303-73b5140e8dbd.json
2026-10-03T16:35:07Z	200	100327	https://blert.io/api/v1/challenges/inferno/7d6a3542-a926-42dc-9303-73b5140e8dbd/events?stage=253	7d6a3542-a926-42dc-9303-73b5140e8dbd.json
2026-10-03T16:35:10Z	200	125351	https://blert.io/api/v1/challenges/inferno/7d6a3542-a926-42dc-9303-73b5140e8dbd/events?stage=254	7d6a3542-a926-42dc-9303-73b5140e8dbd.json
2026-10-03T16:35:13Z	200	123816	https://blert.io/api/v1/challenges/inferno/7d6a3542-a926-42dc-9303-73b5140e8dbd/events?stage=255	7d6a3542-a926-42dc-9303-73b5140e8dbd.json
2026-10-03T16:35:16Z	200	118446	https://blert.io/api/v1/challenges/inferno/7d6a3542-a926-42dc-9303-73b5140e8dbd/events?stage=256	7d6a3542-a926-42dc-9303-73b5140e8dbd.json
2026-10-03T16:35:19Z	200	123521	https://blert.io/api/v1/challenges/inferno/7d6a3542-a926-42dc-9303-73b5140e8dbd/events?stage=257	7d6a3542-a926-42dc-9303-73b5140e8dbd.json
2026-10-03T16:35:23Z	200	147145	https://blert.io/api/v1/challenges/inferno/7d6a3542-a926-42dc-9303-73b5140e8dbd/events?stage=258	7d6a3542-a926-42dc-9303-73b5140e8dbd.json
2026-10-03T16:35:26Z	200	142601	https://blert.io/api/v1/challenges/inferno/7d6a3542-a926-42dc-9303-73b5140e8dbd/events?stage=259	7d6a3542-a926-42dc-9303-73b5140e8dbd.json
2026-10-03T16:35:29Z	200	204905	https://blert.io/api/v1/challenges/inferno/7d6a3542-a926-42dc-9303-73b5140e8dbd/events?stage=260	7d6a3542-a926-42dc-9303-73b5140e8dbd.json
2026-10-03T16:35:32Z	200	247124	https://blert.io/api/v1/challenges/inferno/7d6a3542-a926-42dc-9303-73b5140e8dbd/events?stage=261	7d6a3542-a926-42dc-9303-73b5140e8dbd.json
2026-10-03T16:35:35Z	200	232356	https://blert.io/api/v1/challenges/inferno/7d6a3542-a926-42dc-9303-73b5140e8dbd/events?stage=262	7d6a3542-a926-42dc-9303-73b5140e8dbd.json
2026-10-03T16:35:38Z	200	144412	https://blert.io/api/v1/challenges/inferno/7d6a3542-a926-42dc-9303-73b5140e8dbd/events?stage=263	7d6a3542-a926-42dc-9303-73b5140e8dbd.json
2026-10-03T16:35:41Z	200	128214	https://blert.io/api/v1/challenges/inferno/7d6a3542-a926-42dc-9303-73b5140e8dbd/events?stage=264	7d6a3542-a926-42dc-9303-73b5140e8dbd.json
2026-10-03T16:35:44Z	200	75078	https://blert.io/api/v1/challenges/inferno/7d6a3542-a926-42dc-9303-73b5140e8dbd/events?stage=265	7d6a3542-a926-42dc-9303-73b5140e8dbd.json
2026-10-03T16:35:47Z	200	71573	https://blert.io/api/v1/challenges/inferno/7d6a3542-a926-42dc-9303-73b5140e8dbd/events?stage=266	7d6a3542-a926-42dc-9303-73b5140e8dbd.json
2026-10-03T16:35:50Z	200	266748	https://blert.io/api/v1/challenges/inferno/7d6a3542-a926-42dc-9303-73b5140e8dbd/events?stage=267	7d6a3542-a926-42dc-9303-73b5140e8dbd.json
2026-10-03T16:35:53Z	200	263526	https://blert.io/api/v1/challenges/inferno/7d6a3542-a926-42dc-9303-73b5140e8dbd/events?stage=268	7d6a3542-a926-42dc-9303-73b5140e8dbd.json
2026-10-03T16:35:56Z	200	29341	https://blert.io/api/v1/challenges/inferno/fdbf9985-a4ee-4615-82ed-b628228740fc/events?stage=200	fdbf9985-a4ee-4615-82ed-b628228740fc.json
2026-10-03T16:35:59Z	200	44405	https://blert.io/api/v1/challenges/inferno/fdbf9985-a4ee-4615-82ed-b628228740fc/events?stage=201	fdbf9985-a4ee-4615-82ed-b628228740fc.json
2026-10-03T16:36:02Z	200	26642	https://blert.io/api/v1/challenges/inferno/fdbf9985-a4ee-4615-82ed-b628228740fc/events?stage=202	fdbf9985-a4ee-4615-82ed-b628228740fc.json
2026-10-03T16:36:05Z	200	58953	https://blert.io/api/v1/challenges/inferno/fdbf9985-a4ee-4615-82ed-b628228740fc/events?stage=203	fdbf9985-a4ee-4615-82ed-b628228740fc.json
2026-10-03T16:36:08Z	200	69174	https://blert.io/api/v1/challenges/inferno/fdbf9985-a4ee-4615-82ed-b628228740fc/events?stage=204	fdbf9985-a4ee-4615-82ed-b628228740fc.json
2026-10-03T16:36:11Z	200	93911	https://blert.io/api/v1/challenges/inferno/fdbf9985-a4ee-4615-82ed-b628228740fc/events?stage=205	fdbf9985-a4ee-4615-82ed-b628228740fc.json
2026-10-03T16:36:14Z	200	88550	https://blert.io/api/v1/challenges/inferno/fdbf9985-a4ee-4615-82ed-b628228740fc/events?stage=206	fdbf9985-a4ee-4615-82ed-b628228740fc.json
2026-10-03T16:36:17Z	200	27944	https://blert.io/api/v1/challenges/inferno/fdbf9985-a4ee-4615-82ed-b628228740fc/events?stage=207	fdbf9985-a4ee-4615-82ed-b628228740fc.json
2026-10-03T16:36:20Z	200	34280	https://blert.io/api/v1/challenges/inferno/fdbf9985-a4ee-4615-82ed-b628228740fc/events?stage=208	fdbf9985-a4ee-4615-82ed-b628228740fc.json
2026-10-03T16:36:24Z	200	57651	https://blert.io/api/v1/challenges/inferno/fdbf9985-a4ee-4615-82ed-b628228740fc/events?stage=209	fdbf9985-a4ee-4615-82ed-b628228740fc.json
2026-10-03T16:36:27Z	200	86652	https://blert.io/api/v1/challenges/inferno/fdbf9985-a4ee-4615-82ed-b628228740fc/events?stage=210	fdbf9985-a4ee-4615-82ed-b628228740fc.json
2026-10-03T16:36:30Z	200	74601	https://blert.io/api/v1/challenges/inferno/fdbf9985-a4ee-4615-82ed-b628228740fc/events?stage=211	fdbf9985-a4ee-4615-82ed-b628228740fc.json
2026-10-03T16:36:33Z	200	72502	https://blert.io/api/v1/challenges/inferno/fdbf9985-a4ee-4615-82ed-b628228740fc/events?stage=212	fdbf9985-a4ee-4615-82ed-b628228740fc.json
2026-10-03T16:36:36Z	200	106704	https://blert.io/api/v1/challenges/inferno/fdbf9985-a4ee-4615-82ed-b628228740fc/events?stage=213	fdbf9985-a4ee-4615-82ed-b628228740fc.json
2026-10-03T16:36:39Z	200	210559	https://blert.io/api/v1/challenges/inferno/fdbf9985-a4ee-4615-82ed-b628228740fc/events?stage=214	fdbf9985-a4ee-4615-82ed-b628228740fc.json
2026-10-03T16:36:42Z	200	57856	https://blert.io/api/v1/challenges/inferno/fdbf9985-a4ee-4615-82ed-b628228740fc/events?stage=215	fdbf9985-a4ee-4615-82ed-b628228740fc.json
2026-10-03T16:36:45Z	200	33482	https://blert.io/api/v1/challenges/inferno/fdbf9985-a4ee-4615-82ed-b628228740fc/events?stage=216	fdbf9985-a4ee-4615-82ed-b628228740fc.json
2026-10-03T16:36:48Z	200	42344	https://blert.io/api/v1/challenges/inferno/fdbf9985-a4ee-4615-82ed-b628228740fc/events?stage=217	fdbf9985-a4ee-4615-82ed-b628228740fc.json
2026-10-03T16:36:51Z	200	44871	https://blert.io/api/v1/challenges/inferno/fdbf9985-a4ee-4615-82ed-b628228740fc/events?stage=218	fdbf9985-a4ee-4615-82ed-b628228740fc.json
2026-10-03T16:36:54Z	200	82538	https://blert.io/api/v1/challenges/inferno/fdbf9985-a4ee-4615-82ed-b628228740fc/events?stage=219	fdbf9985-a4ee-4615-82ed-b628228740fc.json
2026-10-03T16:36:57Z	200	84670	https://blert.io/api/v1/challenges/inferno/fdbf9985-a4ee-4615-82ed-b628228740fc/events?stage=220	fdbf9985-a4ee-4615-82ed-b628228740fc.json
2026-10-03T16:37:00Z	200	73714	https://blert.io/api/v1/challenges/inferno/fdbf9985-a4ee-4615-82ed-b628228740fc/events?stage=221	fdbf9985-a4ee-4615-82ed-b628228740fc.json
2026-10-03T16:37:03Z	200	103274	https://blert.io/api/v1/challenges/inferno/fdbf9985-a4ee-4615-82ed-b628228740fc/events?stage=222	fdbf9985-a4ee-4615-82ed-b628228740fc.json
2026-10-03T16:37:06Z	200	141275	https://blert.io/api/v1/challenges/inferno/fdbf9985-a4ee-4615-82ed-b628228740fc/events?stage=223	fdbf9985-a4ee-4615-82ed-b628228740fc.json
2026-10-03T16:37:09Z	200	115739	https://blert.io/api/v1/challenges/inferno/fdbf9985-a4ee-4615-82ed-b628228740fc/events?stage=224	fdbf9985-a4ee-4615-82ed-b628228740fc.json
2026-10-03T16:37:12Z	200	81293	https://blert.io/api/v1/challenges/inferno/fdbf9985-a4ee-4615-82ed-b628228740fc/events?stage=225	fdbf9985-a4ee-4615-82ed-b628228740fc.json
2026-10-03T16:37:15Z	200	86888	https://blert.io/api/v1/challenges/inferno/fdbf9985-a4ee-4615-82ed-b628228740fc/events?stage=226	fdbf9985-a4ee-4615-82ed-b628228740fc.json
2026-10-03T16:37:19Z	200	155338	https://blert.io/api/v1/challenges/inferno/fdbf9985-a4ee-4615-82ed-b628228740fc/events?stage=227	fdbf9985-a4ee-4615-82ed-b628228740fc.json
2026-10-03T16:37:22Z	200	164517	https://blert.io/api/v1/challenges/inferno/fdbf9985-a4ee-4615-82ed-b628228740fc/events?stage=228	fdbf9985-a4ee-4615-82ed-b628228740fc.json
2026-10-03T16:37:25Z	200	196958	https://blert.io/api/v1/challenges/inferno/fdbf9985-a4ee-4615-82ed-b628228740fc/events?stage=229	fdbf9985-a4ee-4615-82ed-b628228740fc.json
2026-10-03T16:37:28Z	200	195955	https://blert.io/api/v1/challenges/inferno/fdbf9985-a4ee-4615-82ed-b628228740fc/events?stage=230	fdbf9985-a4ee-4615-82ed-b628228740fc.json
2026-10-03T16:37:31Z	200	105015	https://blert.io/api/v1/challenges/inferno/fdbf9985-a4ee-4615-82ed-b628228740fc/events?stage=231	fdbf9985-a4ee-4615-82ed-b628228740fc.json
2026-10-03T16:37:34Z	200	58771	https://blert.io/api/v1/challenges/inferno/fdbf9985-a4ee-4615-82ed-b628228740fc/events?stage=232	fdbf9985-a4ee-4615-82ed-b628228740fc.json
2026-10-03T16:37:37Z	200	11386	https://blert.io/api/v1/challenges/inferno/fdbf9985-a4ee-4615-82ed-b628228740fc/events?stage=233	fdbf9985-a4ee-4615-82ed-b628228740fc.json
2026-10-03T16:37:40Z	200	76164	https://blert.io/api/v1/challenges/inferno/fdbf9985-a4ee-4615-82ed-b628228740fc/events?stage=234	fdbf9985-a4ee-4615-82ed-b628228740fc.json
2026-10-03T16:37:43Z	200	79711	https://blert.io/api/v1/challenges/inferno/fdbf9985-a4ee-4615-82ed-b628228740fc/events?stage=235	fdbf9985-a4ee-4615-82ed-b628228740fc.json
2026-10-03T16:37:46Z	200	101172	https://blert.io/api/v1/challenges/inferno/fdbf9985-a4ee-4615-82ed-b628228740fc/events?stage=236	fdbf9985-a4ee-4615-82ed-b628228740fc.json
2026-10-03T16:37:49Z	200	95912	https://blert.io/api/v1/challenges/inferno/fdbf9985-a4ee-4615-82ed-b628228740fc/events?stage=237	fdbf9985-a4ee-4615-82ed-b628228740fc.json
2026-10-03T16:37:52Z	200	166750	https://blert.io/api/v1/challenges/inferno/fdbf9985-a4ee-4615-82ed-b628228740fc/events?stage=238	fdbf9985-a4ee-4615-82ed-b628228740fc.json
2026-10-03T16:37:55Z	200	230754	https://blert.io/api/v1/challenges/inferno/fdbf9985-a4ee-4615-82ed-b628228740fc/events?stage=239	fdbf9985-a4ee-4615-82ed-b628228740fc.json
2026-10-03T16:37:58Z	200	179800	https://blert.io/api/v1/challenges/inferno/fdbf9985-a4ee-4615-82ed-b628228740fc/events?stage=240	fdbf9985-a4ee-4615-82ed-b628228740fc.json
2026-10-03T16:38:01Z	200	70206	https://blert.io/api/v1/challenges/inferno/fdbf9985-a4ee-4615-82ed-b628228740fc/events?stage=241	fdbf9985-a4ee-4615-82ed-b628228740fc.json
2026-10-03T16:38:04Z	200	105941	https://blert.io/api/v1/challenges/inferno/fdbf9985-a4ee-4615-82ed-b628228740fc/events?stage=242	fdbf9985-a4ee-4615-82ed-b628228740fc.json
2026-10-03T16:38:07Z	200	116574	https://blert.io/api/v1/challenges/inferno/fdbf9985-a4ee-4615-82ed-b628228740fc/events?stage=243	fdbf9985-a4ee-4615-82ed-b628228740fc.json
2026-10-03T16:38:10Z	200	147434	https://blert.io/api/v1/challenges/inferno/fdbf9985-a4ee-4615-82ed-b628228740fc/events?stage=244	fdbf9985-a4ee-4615-82ed-b628228740fc.json
2026-10-03T16:38:14Z	200	205504	https://blert.io/api/v1/challenges/inferno/fdbf9985-a4ee-4615-82ed-b628228740fc/events?stage=245	fdbf9985-a4ee-4615-82ed-b628228740fc.json
2026-10-03T16:38:17Z	200	208454	https://blert.io/api/v1/challenges/inferno/fdbf9985-a4ee-4615-82ed-b628228740fc/events?stage=246	fdbf9985-a4ee-4615-82ed-b628228740fc.json
2026-10-03T16:38:20Z	200	188303	https://blert.io/api/v1/challenges/inferno/fdbf9985-a4ee-4615-82ed-b628228740fc/events?stage=247	fdbf9985-a4ee-4615-82ed-b628228740fc.json
2026-10-03T16:38:23Z	200	156777	https://blert.io/api/v1/challenges/inferno/fdbf9985-a4ee-4615-82ed-b628228740fc/events?stage=248	fdbf9985-a4ee-4615-82ed-b628228740fc.json
2026-10-03T16:38:26Z	200	251499	https://blert.io/api/v1/challenges/inferno/fdbf9985-a4ee-4615-82ed-b628228740fc/events?stage=249	fdbf9985-a4ee-4615-82ed-b628228740fc.json
2026-10-03T16:38:29Z	200	101096	https://blert.io/api/v1/challenges/inferno/fdbf9985-a4ee-4615-82ed-b628228740fc/events?stage=250	fdbf9985-a4ee-4615-82ed-b628228740fc.json
2026-10-03T16:38:32Z	200	145143	https://blert.io/api/v1/challenges/inferno/fdbf9985-a4ee-4615-82ed-b628228740fc/events?stage=251	fdbf9985-a4ee-4615-82ed-b628228740fc.json
2026-10-03T16:38:35Z	200	170667	https://blert.io/api/v1/challenges/inferno/fdbf9985-a4ee-4615-82ed-b628228740fc/events?stage=252	fdbf9985-a4ee-4615-82ed-b628228740fc.json
2026-10-03T16:38:38Z	200	252501	https://blert.io/api/v1/challenges/inferno/fdbf9985-a4ee-4615-82ed-b628228740fc/events?stage=253	fdbf9985-a4ee-4615-82ed-b628228740fc.json
2026-10-03T16:38:41Z	200	247727	https://blert.io/api/v1/challenges/inferno/fdbf9985-a4ee-4615-82ed-b628228740fc/events?stage=254	fdbf9985-a4ee-4615-82ed-b628228740fc.json
2026-10-03T16:38:44Z	200	217357	https://blert.io/api/v1/challenges/inferno/fdbf9985-a4ee-4615-82ed-b628228740fc/events?stage=255	fdbf9985-a4ee-4615-82ed-b628228740fc.json
2026-10-03T16:38:47Z	200	155652	https://blert.io/api/v1/challenges/inferno/fdbf9985-a4ee-4615-82ed-b628228740fc/events?stage=256	fdbf9985-a4ee-4615-82ed-b628228740fc.json
2026-10-03T16:38:50Z	200	167244	https://blert.io/api/v1/challenges/inferno/fdbf9985-a4ee-4615-82ed-b628228740fc/events?stage=257	fdbf9985-a4ee-4615-82ed-b628228740fc.json
2026-10-03T16:38:53Z	200	173914	https://blert.io/api/v1/challenges/inferno/fdbf9985-a4ee-4615-82ed-b628228740fc/events?stage=258	fdbf9985-a4ee-4615-82ed-b628228740fc.json
2026-10-03T16:38:56Z	200	218226	https://blert.io/api/v1/challenges/inferno/fdbf9985-a4ee-4615-82ed-b628228740fc/events?stage=259	fdbf9985-a4ee-4615-82ed-b628228740fc.json
2026-10-03T16:38:59Z	200	342646	https://blert.io/api/v1/challenges/inferno/fdbf9985-a4ee-4615-82ed-b628228740fc/events?stage=260	fdbf9985-a4ee-4615-82ed-b628228740fc.json
2026-10-03T16:39:02Z	200	242101	https://blert.io/api/v1/challenges/inferno/fdbf9985-a4ee-4615-82ed-b628228740fc/events?stage=261	fdbf9985-a4ee-4615-82ed-b628228740fc.json
2026-10-03T16:39:06Z	200	363049	https://blert.io/api/v1/challenges/inferno/fdbf9985-a4ee-4615-82ed-b628228740fc/events?stage=262	fdbf9985-a4ee-4615-82ed-b628228740fc.json
2026-10-03T16:39:09Z	200	169469	https://blert.io/api/v1/challenges/inferno/fdbf9985-a4ee-4615-82ed-b628228740fc/events?stage=263	fdbf9985-a4ee-4615-82ed-b628228740fc.json
2026-10-03T16:39:12Z	200	112469	https://blert.io/api/v1/challenges/inferno/fdbf9985-a4ee-4615-82ed-b628228740fc/events?stage=264	fdbf9985-a4ee-4615-82ed-b628228740fc.json
2026-10-03T16:39:15Z	200	73887	https://blert.io/api/v1/challenges/inferno/fdbf9985-a4ee-4615-82ed-b628228740fc/events?stage=265	fdbf9985-a4ee-4615-82ed-b628228740fc.json
2026-10-03T16:39:18Z	200	60853	https://blert.io/api/v1/challenges/inferno/fdbf9985-a4ee-4615-82ed-b628228740fc/events?stage=266	fdbf9985-a4ee-4615-82ed-b628228740fc.json
2026-10-03T16:39:21Z	200	271809	https://blert.io/api/v1/challenges/inferno/fdbf9985-a4ee-4615-82ed-b628228740fc/events?stage=267	fdbf9985-a4ee-4615-82ed-b628228740fc.json
2026-10-03T16:39:24Z	200	390047	https://blert.io/api/v1/challenges/inferno/fdbf9985-a4ee-4615-82ed-b628228740fc/events?stage=268	fdbf9985-a4ee-4615-82ed-b628228740fc.json
2026-10-03T16:39:27Z	200	22858	https://blert.io/api/v1/challenges/inferno/e018d2b6-6ca0-4c3e-b2e2-cda883e1634e/events?stage=200	e018d2b6-6ca0-4c3e-b2e2-cda883e1634e.json
2026-10-03T16:39:30Z	200	19703	https://blert.io/api/v1/challenges/inferno/e018d2b6-6ca0-4c3e-b2e2-cda883e1634e/events?stage=201	e018d2b6-6ca0-4c3e-b2e2-cda883e1634e.json
2026-10-03T16:39:33Z	200	20583	https://blert.io/api/v1/challenges/inferno/e018d2b6-6ca0-4c3e-b2e2-cda883e1634e/events?stage=202	e018d2b6-6ca0-4c3e-b2e2-cda883e1634e.json
2026-10-03T16:39:36Z	200	31127	https://blert.io/api/v1/challenges/inferno/e018d2b6-6ca0-4c3e-b2e2-cda883e1634e/events?stage=203	e018d2b6-6ca0-4c3e-b2e2-cda883e1634e.json
2026-10-03T16:39:39Z	200	41727	https://blert.io/api/v1/challenges/inferno/e018d2b6-6ca0-4c3e-b2e2-cda883e1634e/events?stage=204	e018d2b6-6ca0-4c3e-b2e2-cda883e1634e.json
2026-10-03T16:39:42Z	200	45937	https://blert.io/api/v1/challenges/inferno/e018d2b6-6ca0-4c3e-b2e2-cda883e1634e/events?stage=205	e018d2b6-6ca0-4c3e-b2e2-cda883e1634e.json
2026-10-03T16:39:45Z	200	59894	https://blert.io/api/v1/challenges/inferno/e018d2b6-6ca0-4c3e-b2e2-cda883e1634e/events?stage=206	e018d2b6-6ca0-4c3e-b2e2-cda883e1634e.json
2026-10-03T16:39:48Z	200	19669	https://blert.io/api/v1/challenges/inferno/e018d2b6-6ca0-4c3e-b2e2-cda883e1634e/events?stage=207	e018d2b6-6ca0-4c3e-b2e2-cda883e1634e.json
2026-10-03T16:39:51Z	200	26962	https://blert.io/api/v1/challenges/inferno/e018d2b6-6ca0-4c3e-b2e2-cda883e1634e/events?stage=208	e018d2b6-6ca0-4c3e-b2e2-cda883e1634e.json
2026-10-03T16:39:54Z	200	34476	https://blert.io/api/v1/challenges/inferno/e018d2b6-6ca0-4c3e-b2e2-cda883e1634e/events?stage=209	e018d2b6-6ca0-4c3e-b2e2-cda883e1634e.json
2026-10-03T16:39:57Z	200	36119	https://blert.io/api/v1/challenges/inferno/e018d2b6-6ca0-4c3e-b2e2-cda883e1634e/events?stage=210	e018d2b6-6ca0-4c3e-b2e2-cda883e1634e.json
2026-10-03T16:40:00Z	200	36398	https://blert.io/api/v1/challenges/inferno/e018d2b6-6ca0-4c3e-b2e2-cda883e1634e/events?stage=211	e018d2b6-6ca0-4c3e-b2e2-cda883e1634e.json
2026-10-03T16:40:03Z	200	52224	https://blert.io/api/v1/challenges/inferno/e018d2b6-6ca0-4c3e-b2e2-cda883e1634e/events?stage=212	e018d2b6-6ca0-4c3e-b2e2-cda883e1634e.json
2026-10-03T16:40:07Z	200	72897	https://blert.io/api/v1/challenges/inferno/e018d2b6-6ca0-4c3e-b2e2-cda883e1634e/events?stage=213	e018d2b6-6ca0-4c3e-b2e2-cda883e1634e.json
2026-10-03T16:40:10Z	200	75472	https://blert.io/api/v1/challenges/inferno/e018d2b6-6ca0-4c3e-b2e2-cda883e1634e/events?stage=214	e018d2b6-6ca0-4c3e-b2e2-cda883e1634e.json
2026-10-03T16:40:13Z	200	53521	https://blert.io/api/v1/challenges/inferno/e018d2b6-6ca0-4c3e-b2e2-cda883e1634e/events?stage=215	e018d2b6-6ca0-4c3e-b2e2-cda883e1634e.json
2026-10-03T16:40:16Z	200	12633	https://blert.io/api/v1/challenges/inferno/e018d2b6-6ca0-4c3e-b2e2-cda883e1634e/events?stage=216	e018d2b6-6ca0-4c3e-b2e2-cda883e1634e.json
2026-10-03T16:40:19Z	200	28763	https://blert.io/api/v1/challenges/inferno/e018d2b6-6ca0-4c3e-b2e2-cda883e1634e/events?stage=217	e018d2b6-6ca0-4c3e-b2e2-cda883e1634e.json
2026-10-03T16:40:22Z	200	37336	https://blert.io/api/v1/challenges/inferno/e018d2b6-6ca0-4c3e-b2e2-cda883e1634e/events?stage=218	e018d2b6-6ca0-4c3e-b2e2-cda883e1634e.json
2026-10-03T16:40:25Z	200	52903	https://blert.io/api/v1/challenges/inferno/e018d2b6-6ca0-4c3e-b2e2-cda883e1634e/events?stage=219	e018d2b6-6ca0-4c3e-b2e2-cda883e1634e.json
2026-10-03T16:40:28Z	200	54942	https://blert.io/api/v1/challenges/inferno/e018d2b6-6ca0-4c3e-b2e2-cda883e1634e/events?stage=220	e018d2b6-6ca0-4c3e-b2e2-cda883e1634e.json
2026-10-03T16:40:31Z	200	62483	https://blert.io/api/v1/challenges/inferno/e018d2b6-6ca0-4c3e-b2e2-cda883e1634e/events?stage=221	e018d2b6-6ca0-4c3e-b2e2-cda883e1634e.json
2026-10-03T16:40:34Z	200	64465	https://blert.io/api/v1/challenges/inferno/e018d2b6-6ca0-4c3e-b2e2-cda883e1634e/events?stage=222	e018d2b6-6ca0-4c3e-b2e2-cda883e1634e.json
2026-10-03T16:40:37Z	200	78698	https://blert.io/api/v1/challenges/inferno/e018d2b6-6ca0-4c3e-b2e2-cda883e1634e/events?stage=223	e018d2b6-6ca0-4c3e-b2e2-cda883e1634e.json
2026-10-03T16:40:40Z	200	46193	https://blert.io/api/v1/challenges/inferno/e018d2b6-6ca0-4c3e-b2e2-cda883e1634e/events?stage=224	e018d2b6-6ca0-4c3e-b2e2-cda883e1634e.json
2026-10-03T16:40:43Z	200	43629	https://blert.io/api/v1/challenges/inferno/e018d2b6-6ca0-4c3e-b2e2-cda883e1634e/events?stage=225	e018d2b6-6ca0-4c3e-b2e2-cda883e1634e.json
2026-10-03T16:40:46Z	200	62036	https://blert.io/api/v1/challenges/inferno/e018d2b6-6ca0-4c3e-b2e2-cda883e1634e/events?stage=226	e018d2b6-6ca0-4c3e-b2e2-cda883e1634e.json
2026-10-03T16:40:49Z	200	82821	https://blert.io/api/v1/challenges/inferno/e018d2b6-6ca0-4c3e-b2e2-cda883e1634e/events?stage=227	e018d2b6-6ca0-4c3e-b2e2-cda883e1634e.json
2026-10-03T16:40:52Z	200	80531	https://blert.io/api/v1/challenges/inferno/e018d2b6-6ca0-4c3e-b2e2-cda883e1634e/events?stage=228	e018d2b6-6ca0-4c3e-b2e2-cda883e1634e.json
2026-10-03T16:40:55Z	200	80729	https://blert.io/api/v1/challenges/inferno/e018d2b6-6ca0-4c3e-b2e2-cda883e1634e/events?stage=229	e018d2b6-6ca0-4c3e-b2e2-cda883e1634e.json
2026-10-03T16:40:58Z	200	104180	https://blert.io/api/v1/challenges/inferno/e018d2b6-6ca0-4c3e-b2e2-cda883e1634e/events?stage=230	e018d2b6-6ca0-4c3e-b2e2-cda883e1634e.json
2026-10-03T16:41:01Z	200	65712	https://blert.io/api/v1/challenges/inferno/e018d2b6-6ca0-4c3e-b2e2-cda883e1634e/events?stage=231	e018d2b6-6ca0-4c3e-b2e2-cda883e1634e.json
2026-10-03T16:41:04Z	200	54873	https://blert.io/api/v1/challenges/inferno/e018d2b6-6ca0-4c3e-b2e2-cda883e1634e/events?stage=232	e018d2b6-6ca0-4c3e-b2e2-cda883e1634e.json
2026-10-03T16:41:08Z	200	21108	https://blert.io/api/v1/challenges/inferno/e018d2b6-6ca0-4c3e-b2e2-cda883e1634e/events?stage=233	e018d2b6-6ca0-4c3e-b2e2-cda883e1634e.json
2026-10-03T16:41:11Z	200	34833	https://blert.io/api/v1/challenges/inferno/e018d2b6-6ca0-4c3e-b2e2-cda883e1634e/events?stage=234	e018d2b6-6ca0-4c3e-b2e2-cda883e1634e.json
2026-10-03T16:41:14Z	200	53057	https://blert.io/api/v1/challenges/inferno/e018d2b6-6ca0-4c3e-b2e2-cda883e1634e/events?stage=235	e018d2b6-6ca0-4c3e-b2e2-cda883e1634e.json
2026-10-03T16:41:17Z	200	49357	https://blert.io/api/v1/challenges/inferno/e018d2b6-6ca0-4c3e-b2e2-cda883e1634e/events?stage=236	e018d2b6-6ca0-4c3e-b2e2-cda883e1634e.json
2026-10-03T16:41:20Z	200	66734	https://blert.io/api/v1/challenges/inferno/e018d2b6-6ca0-4c3e-b2e2-cda883e1634e/events?stage=237	e018d2b6-6ca0-4c3e-b2e2-cda883e1634e.json
2026-10-03T16:41:23Z	200	63004	https://blert.io/api/v1/challenges/inferno/e018d2b6-6ca0-4c3e-b2e2-cda883e1634e/events?stage=238	e018d2b6-6ca0-4c3e-b2e2-cda883e1634e.json
2026-10-03T16:41:26Z	200	73480	https://blert.io/api/v1/challenges/inferno/e018d2b6-6ca0-4c3e-b2e2-cda883e1634e/events?stage=239	e018d2b6-6ca0-4c3e-b2e2-cda883e1634e.json
2026-10-03T16:41:29Z	200	79177	https://blert.io/api/v1/challenges/inferno/e018d2b6-6ca0-4c3e-b2e2-cda883e1634e/events?stage=240	e018d2b6-6ca0-4c3e-b2e2-cda883e1634e.json
2026-10-03T16:41:32Z	200	73376	https://blert.io/api/v1/challenges/inferno/e018d2b6-6ca0-4c3e-b2e2-cda883e1634e/events?stage=241	e018d2b6-6ca0-4c3e-b2e2-cda883e1634e.json
2026-10-03T16:41:35Z	200	77186	https://blert.io/api/v1/challenges/inferno/e018d2b6-6ca0-4c3e-b2e2-cda883e1634e/events?stage=242	e018d2b6-6ca0-4c3e-b2e2-cda883e1634e.json
2026-10-03T16:41:38Z	200	74739	https://blert.io/api/v1/challenges/inferno/e018d2b6-6ca0-4c3e-b2e2-cda883e1634e/events?stage=243	e018d2b6-6ca0-4c3e-b2e2-cda883e1634e.json
2026-10-03T16:41:41Z	200	80837	https://blert.io/api/v1/challenges/inferno/e018d2b6-6ca0-4c3e-b2e2-cda883e1634e/events?stage=244	e018d2b6-6ca0-4c3e-b2e2-cda883e1634e.json
2026-10-03T16:41:44Z	200	152323	https://blert.io/api/v1/challenges/inferno/e018d2b6-6ca0-4c3e-b2e2-cda883e1634e/events?stage=245	e018d2b6-6ca0-4c3e-b2e2-cda883e1634e.json
2026-10-03T16:41:47Z	200	118189	https://blert.io/api/v1/challenges/inferno/e018d2b6-6ca0-4c3e-b2e2-cda883e1634e/events?stage=246	e018d2b6-6ca0-4c3e-b2e2-cda883e1634e.json
2026-10-03T16:41:50Z	200	130023	https://blert.io/api/v1/challenges/inferno/e018d2b6-6ca0-4c3e-b2e2-cda883e1634e/events?stage=247	e018d2b6-6ca0-4c3e-b2e2-cda883e1634e.json
2026-10-03T16:41:53Z	200	69026	https://blert.io/api/v1/challenges/inferno/e018d2b6-6ca0-4c3e-b2e2-cda883e1634e/events?stage=248	e018d2b6-6ca0-4c3e-b2e2-cda883e1634e.json
2026-10-03T16:41:56Z	200	66433	https://blert.io/api/v1/challenges/inferno/e018d2b6-6ca0-4c3e-b2e2-cda883e1634e/events?stage=249	e018d2b6-6ca0-4c3e-b2e2-cda883e1634e.json
2026-10-03T16:41:59Z	200	66670	https://blert.io/api/v1/challenges/inferno/e018d2b6-6ca0-4c3e-b2e2-cda883e1634e/events?stage=250	e018d2b6-6ca0-4c3e-b2e2-cda883e1634e.json
2026-10-03T16:42:03Z	200	113139	https://blert.io/api/v1/challenges/inferno/e018d2b6-6ca0-4c3e-b2e2-cda883e1634e/events?stage=251	e018d2b6-6ca0-4c3e-b2e2-cda883e1634e.json
2026-10-03T16:42:06Z	200	107700	https://blert.io/api/v1/challenges/inferno/e018d2b6-6ca0-4c3e-b2e2-cda883e1634e/events?stage=252	e018d2b6-6ca0-4c3e-b2e2-cda883e1634e.json
2026-10-03T16:42:09Z	200	92924	https://blert.io/api/v1/challenges/inferno/e018d2b6-6ca0-4c3e-b2e2-cda883e1634e/events?stage=253	e018d2b6-6ca0-4c3e-b2e2-cda883e1634e.json
2026-10-03T16:42:12Z	200	123685	https://blert.io/api/v1/challenges/inferno/e018d2b6-6ca0-4c3e-b2e2-cda883e1634e/events?stage=254	e018d2b6-6ca0-4c3e-b2e2-cda883e1634e.json
2026-10-03T16:42:15Z	200	180840	https://blert.io/api/v1/challenges/inferno/e018d2b6-6ca0-4c3e-b2e2-cda883e1634e/events?stage=255	e018d2b6-6ca0-4c3e-b2e2-cda883e1634e.json
2026-10-03T16:42:18Z	200	91102	https://blert.io/api/v1/challenges/inferno/e018d2b6-6ca0-4c3e-b2e2-cda883e1634e/events?stage=256	e018d2b6-6ca0-4c3e-b2e2-cda883e1634e.json
2026-10-03T16:42:21Z	200	80653	https://blert.io/api/v1/challenges/inferno/e018d2b6-6ca0-4c3e-b2e2-cda883e1634e/events?stage=257	e018d2b6-6ca0-4c3e-b2e2-cda883e1634e.json
2026-10-03T16:42:24Z	200	111124	https://blert.io/api/v1/challenges/inferno/e018d2b6-6ca0-4c3e-b2e2-cda883e1634e/events?stage=258	e018d2b6-6ca0-4c3e-b2e2-cda883e1634e.json
2026-10-03T16:42:27Z	200	116935	https://blert.io/api/v1/challenges/inferno/e018d2b6-6ca0-4c3e-b2e2-cda883e1634e/events?stage=259	e018d2b6-6ca0-4c3e-b2e2-cda883e1634e.json
2026-10-03T16:42:30Z	200	142570	https://blert.io/api/v1/challenges/inferno/e018d2b6-6ca0-4c3e-b2e2-cda883e1634e/events?stage=260	e018d2b6-6ca0-4c3e-b2e2-cda883e1634e.json
2026-10-03T16:42:33Z	200	137438	https://blert.io/api/v1/challenges/inferno/e018d2b6-6ca0-4c3e-b2e2-cda883e1634e/events?stage=261	e018d2b6-6ca0-4c3e-b2e2-cda883e1634e.json
2026-10-03T16:42:36Z	200	137657	https://blert.io/api/v1/challenges/inferno/e018d2b6-6ca0-4c3e-b2e2-cda883e1634e/events?stage=262	e018d2b6-6ca0-4c3e-b2e2-cda883e1634e.json
2026-10-03T16:42:39Z	200	105096	https://blert.io/api/v1/challenges/inferno/e018d2b6-6ca0-4c3e-b2e2-cda883e1634e/events?stage=263	e018d2b6-6ca0-4c3e-b2e2-cda883e1634e.json
2026-10-03T16:42:42Z	200	89292	https://blert.io/api/v1/challenges/inferno/e018d2b6-6ca0-4c3e-b2e2-cda883e1634e/events?stage=264	e018d2b6-6ca0-4c3e-b2e2-cda883e1634e.json
2026-10-03T16:42:45Z	200	73415	https://blert.io/api/v1/challenges/inferno/e018d2b6-6ca0-4c3e-b2e2-cda883e1634e/events?stage=265	e018d2b6-6ca0-4c3e-b2e2-cda883e1634e.json
2026-10-03T16:42:48Z	200	74937	https://blert.io/api/v1/challenges/inferno/e018d2b6-6ca0-4c3e-b2e2-cda883e1634e/events?stage=266	e018d2b6-6ca0-4c3e-b2e2-cda883e1634e.json
2026-10-03T16:42:51Z	200	173978	https://blert.io/api/v1/challenges/inferno/e018d2b6-6ca0-4c3e-b2e2-cda883e1634e/events?stage=267	e018d2b6-6ca0-4c3e-b2e2-cda883e1634e.json
2026-10-03T16:42:55Z	200	224908	https://blert.io/api/v1/challenges/inferno/e018d2b6-6ca0-4c3e-b2e2-cda883e1634e/events?stage=268	e018d2b6-6ca0-4c3e-b2e2-cda883e1634e.json
2026-10-03T16:42:57Z	200	16365	https://blert.io/api/v1/challenges/inferno/6214a4e9-1627-4b92-af5b-1568ac665e94/events?stage=200	6214a4e9-1627-4b92-af5b-1568ac665e94.json
2026-10-03T16:43:00Z	200	33800	https://blert.io/api/v1/challenges/inferno/6214a4e9-1627-4b92-af5b-1568ac665e94/events?stage=201	6214a4e9-1627-4b92-af5b-1568ac665e94.json
2026-10-03T16:43:04Z	200	15465	https://blert.io/api/v1/challenges/inferno/6214a4e9-1627-4b92-af5b-1568ac665e94/events?stage=202	6214a4e9-1627-4b92-af5b-1568ac665e94.json
2026-10-03T16:43:07Z	200	41523	https://blert.io/api/v1/challenges/inferno/6214a4e9-1627-4b92-af5b-1568ac665e94/events?stage=203	6214a4e9-1627-4b92-af5b-1568ac665e94.json
2026-10-03T16:43:10Z	200	44669	https://blert.io/api/v1/challenges/inferno/6214a4e9-1627-4b92-af5b-1568ac665e94/events?stage=204	6214a4e9-1627-4b92-af5b-1568ac665e94.json
2026-10-03T16:43:13Z	200	60288	https://blert.io/api/v1/challenges/inferno/6214a4e9-1627-4b92-af5b-1568ac665e94/events?stage=205	6214a4e9-1627-4b92-af5b-1568ac665e94.json
2026-10-03T16:43:16Z	200	67861	https://blert.io/api/v1/challenges/inferno/6214a4e9-1627-4b92-af5b-1568ac665e94/events?stage=206	6214a4e9-1627-4b92-af5b-1568ac665e94.json
2026-10-03T16:43:19Z	200	11343	https://blert.io/api/v1/challenges/inferno/6214a4e9-1627-4b92-af5b-1568ac665e94/events?stage=207	6214a4e9-1627-4b92-af5b-1568ac665e94.json
2026-10-03T16:43:22Z	200	30180	https://blert.io/api/v1/challenges/inferno/6214a4e9-1627-4b92-af5b-1568ac665e94/events?stage=208	6214a4e9-1627-4b92-af5b-1568ac665e94.json
2026-10-03T16:43:25Z	200	40288	https://blert.io/api/v1/challenges/inferno/6214a4e9-1627-4b92-af5b-1568ac665e94/events?stage=209	6214a4e9-1627-4b92-af5b-1568ac665e94.json
2026-10-03T16:43:28Z	200	38881	https://blert.io/api/v1/challenges/inferno/6214a4e9-1627-4b92-af5b-1568ac665e94/events?stage=210	6214a4e9-1627-4b92-af5b-1568ac665e94.json
2026-10-03T16:43:31Z	200	51565	https://blert.io/api/v1/challenges/inferno/6214a4e9-1627-4b92-af5b-1568ac665e94/events?stage=211	6214a4e9-1627-4b92-af5b-1568ac665e94.json
2026-10-03T16:43:34Z	200	59876	https://blert.io/api/v1/challenges/inferno/6214a4e9-1627-4b92-af5b-1568ac665e94/events?stage=212	6214a4e9-1627-4b92-af5b-1568ac665e94.json
2026-10-03T16:43:37Z	200	60219	https://blert.io/api/v1/challenges/inferno/6214a4e9-1627-4b92-af5b-1568ac665e94/events?stage=213	6214a4e9-1627-4b92-af5b-1568ac665e94.json
2026-10-03T16:43:40Z	200	76538	https://blert.io/api/v1/challenges/inferno/6214a4e9-1627-4b92-af5b-1568ac665e94/events?stage=214	6214a4e9-1627-4b92-af5b-1568ac665e94.json
2026-10-03T16:43:43Z	200	38070	https://blert.io/api/v1/challenges/inferno/6214a4e9-1627-4b92-af5b-1568ac665e94/events?stage=215	6214a4e9-1627-4b92-af5b-1568ac665e94.json
2026-10-03T16:43:46Z	200	19046	https://blert.io/api/v1/challenges/inferno/6214a4e9-1627-4b92-af5b-1568ac665e94/events?stage=216	6214a4e9-1627-4b92-af5b-1568ac665e94.json
2026-10-03T16:43:49Z	200	36704	https://blert.io/api/v1/challenges/inferno/6214a4e9-1627-4b92-af5b-1568ac665e94/events?stage=217	6214a4e9-1627-4b92-af5b-1568ac665e94.json
2026-10-03T16:43:52Z	200	38811	https://blert.io/api/v1/challenges/inferno/6214a4e9-1627-4b92-af5b-1568ac665e94/events?stage=218	6214a4e9-1627-4b92-af5b-1568ac665e94.json
2026-10-03T16:43:55Z	200	46085	https://blert.io/api/v1/challenges/inferno/6214a4e9-1627-4b92-af5b-1568ac665e94/events?stage=219	6214a4e9-1627-4b92-af5b-1568ac665e94.json
2026-10-03T16:43:59Z	200	53016	https://blert.io/api/v1/challenges/inferno/6214a4e9-1627-4b92-af5b-1568ac665e94/events?stage=220	6214a4e9-1627-4b92-af5b-1568ac665e94.json
2026-10-03T16:44:02Z	200	61314	https://blert.io/api/v1/challenges/inferno/6214a4e9-1627-4b92-af5b-1568ac665e94/events?stage=221	6214a4e9-1627-4b92-af5b-1568ac665e94.json
2026-10-03T16:44:05Z	200	81984	https://blert.io/api/v1/challenges/inferno/6214a4e9-1627-4b92-af5b-1568ac665e94/events?stage=222	6214a4e9-1627-4b92-af5b-1568ac665e94.json
2026-10-03T16:44:08Z	200	87952	https://blert.io/api/v1/challenges/inferno/6214a4e9-1627-4b92-af5b-1568ac665e94/events?stage=223	6214a4e9-1627-4b92-af5b-1568ac665e94.json
2026-10-03T16:44:11Z	200	58907	https://blert.io/api/v1/challenges/inferno/6214a4e9-1627-4b92-af5b-1568ac665e94/events?stage=224	6214a4e9-1627-4b92-af5b-1568ac665e94.json
2026-10-03T16:44:14Z	200	68524	https://blert.io/api/v1/challenges/inferno/6214a4e9-1627-4b92-af5b-1568ac665e94/events?stage=225	6214a4e9-1627-4b92-af5b-1568ac665e94.json
2026-10-03T16:44:17Z	200	78770	https://blert.io/api/v1/challenges/inferno/6214a4e9-1627-4b92-af5b-1568ac665e94/events?stage=226	6214a4e9-1627-4b92-af5b-1568ac665e94.json
2026-10-03T16:44:20Z	200	63824	https://blert.io/api/v1/challenges/inferno/6214a4e9-1627-4b92-af5b-1568ac665e94/events?stage=227	6214a4e9-1627-4b92-af5b-1568ac665e94.json
2026-10-03T16:44:23Z	200	78951	https://blert.io/api/v1/challenges/inferno/6214a4e9-1627-4b92-af5b-1568ac665e94/events?stage=228	6214a4e9-1627-4b92-af5b-1568ac665e94.json
2026-10-03T16:44:26Z	200	87627	https://blert.io/api/v1/challenges/inferno/6214a4e9-1627-4b92-af5b-1568ac665e94/events?stage=229	6214a4e9-1627-4b92-af5b-1568ac665e94.json
2026-10-03T16:44:29Z	200	101126	https://blert.io/api/v1/challenges/inferno/6214a4e9-1627-4b92-af5b-1568ac665e94/events?stage=230	6214a4e9-1627-4b92-af5b-1568ac665e94.json
2026-10-03T16:44:32Z	200	80762	https://blert.io/api/v1/challenges/inferno/6214a4e9-1627-4b92-af5b-1568ac665e94/events?stage=231	6214a4e9-1627-4b92-af5b-1568ac665e94.json
2026-10-03T16:44:35Z	200	44665	https://blert.io/api/v1/challenges/inferno/6214a4e9-1627-4b92-af5b-1568ac665e94/events?stage=232	6214a4e9-1627-4b92-af5b-1568ac665e94.json
2026-10-03T16:44:38Z	200	12673	https://blert.io/api/v1/challenges/inferno/6214a4e9-1627-4b92-af5b-1568ac665e94/events?stage=233	6214a4e9-1627-4b92-af5b-1568ac665e94.json
2026-10-03T16:44:41Z	200	40123	https://blert.io/api/v1/challenges/inferno/6214a4e9-1627-4b92-af5b-1568ac665e94/events?stage=234	6214a4e9-1627-4b92-af5b-1568ac665e94.json
2026-10-03T16:44:44Z	200	64617	https://blert.io/api/v1/challenges/inferno/6214a4e9-1627-4b92-af5b-1568ac665e94/events?stage=235	6214a4e9-1627-4b92-af5b-1568ac665e94.json
2026-10-03T16:44:47Z	200	53009	https://blert.io/api/v1/challenges/inferno/6214a4e9-1627-4b92-af5b-1568ac665e94/events?stage=236	6214a4e9-1627-4b92-af5b-1568ac665e94.json
2026-10-03T16:44:50Z	200	89578	https://blert.io/api/v1/challenges/inferno/6214a4e9-1627-4b92-af5b-1568ac665e94/events?stage=237	6214a4e9-1627-4b92-af5b-1568ac665e94.json
2026-10-03T16:44:54Z	200	84644	https://blert.io/api/v1/challenges/inferno/6214a4e9-1627-4b92-af5b-1568ac665e94/events?stage=238	6214a4e9-1627-4b92-af5b-1568ac665e94.json
2026-10-03T16:44:57Z	200	105319	https://blert.io/api/v1/challenges/inferno/6214a4e9-1627-4b92-af5b-1568ac665e94/events?stage=239	6214a4e9-1627-4b92-af5b-1568ac665e94.json
2026-10-03T16:45:00Z	200	95728	https://blert.io/api/v1/challenges/inferno/6214a4e9-1627-4b92-af5b-1568ac665e94/events?stage=240	6214a4e9-1627-4b92-af5b-1568ac665e94.json
2026-10-03T16:45:03Z	200	61669	https://blert.io/api/v1/challenges/inferno/6214a4e9-1627-4b92-af5b-1568ac665e94/events?stage=241	6214a4e9-1627-4b92-af5b-1568ac665e94.json
2026-10-03T16:45:06Z	200	93225	https://blert.io/api/v1/challenges/inferno/6214a4e9-1627-4b92-af5b-1568ac665e94/events?stage=242	6214a4e9-1627-4b92-af5b-1568ac665e94.json
2026-10-03T16:45:09Z	200	98307	https://blert.io/api/v1/challenges/inferno/6214a4e9-1627-4b92-af5b-1568ac665e94/events?stage=243	6214a4e9-1627-4b92-af5b-1568ac665e94.json
2026-10-03T16:45:12Z	200	87723	https://blert.io/api/v1/challenges/inferno/6214a4e9-1627-4b92-af5b-1568ac665e94/events?stage=244	6214a4e9-1627-4b92-af5b-1568ac665e94.json
2026-10-03T16:45:15Z	200	93861	https://blert.io/api/v1/challenges/inferno/6214a4e9-1627-4b92-af5b-1568ac665e94/events?stage=245	6214a4e9-1627-4b92-af5b-1568ac665e94.json
2026-10-03T16:45:18Z	200	136859	https://blert.io/api/v1/challenges/inferno/6214a4e9-1627-4b92-af5b-1568ac665e94/events?stage=246	6214a4e9-1627-4b92-af5b-1568ac665e94.json
2026-10-03T16:45:21Z	200	149553	https://blert.io/api/v1/challenges/inferno/6214a4e9-1627-4b92-af5b-1568ac665e94/events?stage=247	6214a4e9-1627-4b92-af5b-1568ac665e94.json
2026-10-03T16:45:24Z	200	65483	https://blert.io/api/v1/challenges/inferno/6214a4e9-1627-4b92-af5b-1568ac665e94/events?stage=248	6214a4e9-1627-4b92-af5b-1568ac665e94.json
2026-10-03T16:45:27Z	200	66859	https://blert.io/api/v1/challenges/inferno/6214a4e9-1627-4b92-af5b-1568ac665e94/events?stage=249	6214a4e9-1627-4b92-af5b-1568ac665e94.json
2026-10-03T16:45:30Z	200	81591	https://blert.io/api/v1/challenges/inferno/6214a4e9-1627-4b92-af5b-1568ac665e94/events?stage=250	6214a4e9-1627-4b92-af5b-1568ac665e94.json
2026-10-03T16:45:33Z	200	102269	https://blert.io/api/v1/challenges/inferno/6214a4e9-1627-4b92-af5b-1568ac665e94/events?stage=251	6214a4e9-1627-4b92-af5b-1568ac665e94.json
2026-10-03T16:45:36Z	200	114486	https://blert.io/api/v1/challenges/inferno/6214a4e9-1627-4b92-af5b-1568ac665e94/events?stage=252	6214a4e9-1627-4b92-af5b-1568ac665e94.json
2026-10-03T16:45:39Z	200	122087	https://blert.io/api/v1/challenges/inferno/6214a4e9-1627-4b92-af5b-1568ac665e94/events?stage=253	6214a4e9-1627-4b92-af5b-1568ac665e94.json
2026-10-03T16:45:42Z	200	114386	https://blert.io/api/v1/challenges/inferno/6214a4e9-1627-4b92-af5b-1568ac665e94/events?stage=254	6214a4e9-1627-4b92-af5b-1568ac665e94.json
2026-10-03T16:45:45Z	200	132436	https://blert.io/api/v1/challenges/inferno/6214a4e9-1627-4b92-af5b-1568ac665e94/events?stage=255	6214a4e9-1627-4b92-af5b-1568ac665e94.json
2026-10-03T16:45:49Z	200	100100	https://blert.io/api/v1/challenges/inferno/6214a4e9-1627-4b92-af5b-1568ac665e94/events?stage=256	6214a4e9-1627-4b92-af5b-1568ac665e94.json
2026-10-03T16:45:52Z	200	112814	https://blert.io/api/v1/challenges/inferno/6214a4e9-1627-4b92-af5b-1568ac665e94/events?stage=257	6214a4e9-1627-4b92-af5b-1568ac665e94.json
2026-10-03T16:45:55Z	200	167389	https://blert.io/api/v1/challenges/inferno/6214a4e9-1627-4b92-af5b-1568ac665e94/events?stage=258	6214a4e9-1627-4b92-af5b-1568ac665e94.json
2026-10-03T16:45:58Z	200	103841	https://blert.io/api/v1/challenges/inferno/6214a4e9-1627-4b92-af5b-1568ac665e94/events?stage=259	6214a4e9-1627-4b92-af5b-1568ac665e94.json
2026-10-03T16:46:01Z	200	142392	https://blert.io/api/v1/challenges/inferno/6214a4e9-1627-4b92-af5b-1568ac665e94/events?stage=260	6214a4e9-1627-4b92-af5b-1568ac665e94.json
2026-10-03T16:46:04Z	200	171636	https://blert.io/api/v1/challenges/inferno/6214a4e9-1627-4b92-af5b-1568ac665e94/events?stage=261	6214a4e9-1627-4b92-af5b-1568ac665e94.json
2026-10-03T16:46:07Z	200	237365	https://blert.io/api/v1/challenges/inferno/6214a4e9-1627-4b92-af5b-1568ac665e94/events?stage=262	6214a4e9-1627-4b92-af5b-1568ac665e94.json
2026-10-03T16:46:10Z	200	123230	https://blert.io/api/v1/challenges/inferno/6214a4e9-1627-4b92-af5b-1568ac665e94/events?stage=263	6214a4e9-1627-4b92-af5b-1568ac665e94.json
2026-10-03T16:46:13Z	200	240009	https://blert.io/api/v1/challenges/inferno/6214a4e9-1627-4b92-af5b-1568ac665e94/events?stage=264	6214a4e9-1627-4b92-af5b-1568ac665e94.json
2026-10-03T16:46:16Z	200	88862	https://blert.io/api/v1/challenges/inferno/6214a4e9-1627-4b92-af5b-1568ac665e94/events?stage=265	6214a4e9-1627-4b92-af5b-1568ac665e94.json
2026-10-03T16:46:19Z	200	55069	https://blert.io/api/v1/challenges/inferno/6214a4e9-1627-4b92-af5b-1568ac665e94/events?stage=266	6214a4e9-1627-4b92-af5b-1568ac665e94.json
2026-10-03T16:46:22Z	200	190723	https://blert.io/api/v1/challenges/inferno/6214a4e9-1627-4b92-af5b-1568ac665e94/events?stage=267	6214a4e9-1627-4b92-af5b-1568ac665e94.json
2026-10-03T16:46:25Z	200	391970	https://blert.io/api/v1/challenges/inferno/6214a4e9-1627-4b92-af5b-1568ac665e94/events?stage=268	6214a4e9-1627-4b92-af5b-1568ac665e94.json
2026-10-03T16:46:28Z	200	17360	https://blert.io/api/v1/challenges/inferno/447a4094-15f4-4499-8165-104998e15396/events?stage=200	447a4094-15f4-4499-8165-104998e15396.json
2026-10-03T16:46:31Z	200	22687	https://blert.io/api/v1/challenges/inferno/447a4094-15f4-4499-8165-104998e15396/events?stage=201	447a4094-15f4-4499-8165-104998e15396.json
2026-10-03T16:46:34Z	200	16107	https://blert.io/api/v1/challenges/inferno/447a4094-15f4-4499-8165-104998e15396/events?stage=202	447a4094-15f4-4499-8165-104998e15396.json
2026-10-03T16:46:37Z	200	33674	https://blert.io/api/v1/challenges/inferno/447a4094-15f4-4499-8165-104998e15396/events?stage=203	447a4094-15f4-4499-8165-104998e15396.json
2026-10-03T16:46:40Z	200	44645	https://blert.io/api/v1/challenges/inferno/447a4094-15f4-4499-8165-104998e15396/events?stage=204	447a4094-15f4-4499-8165-104998e15396.json
2026-10-03T16:46:43Z	200	43910	https://blert.io/api/v1/challenges/inferno/447a4094-15f4-4499-8165-104998e15396/events?stage=205	447a4094-15f4-4499-8165-104998e15396.json
2026-10-03T16:46:47Z	200	70469	https://blert.io/api/v1/challenges/inferno/447a4094-15f4-4499-8165-104998e15396/events?stage=206	447a4094-15f4-4499-8165-104998e15396.json
2026-10-03T16:46:50Z	200	23148	https://blert.io/api/v1/challenges/inferno/447a4094-15f4-4499-8165-104998e15396/events?stage=207	447a4094-15f4-4499-8165-104998e15396.json
2026-10-03T16:46:53Z	200	24489	https://blert.io/api/v1/challenges/inferno/447a4094-15f4-4499-8165-104998e15396/events?stage=208	447a4094-15f4-4499-8165-104998e15396.json
2026-10-03T16:46:56Z	200	29820	https://blert.io/api/v1/challenges/inferno/447a4094-15f4-4499-8165-104998e15396/events?stage=209	447a4094-15f4-4499-8165-104998e15396.json
2026-10-03T16:46:59Z	200	45787	https://blert.io/api/v1/challenges/inferno/447a4094-15f4-4499-8165-104998e15396/events?stage=210	447a4094-15f4-4499-8165-104998e15396.json
2026-10-03T16:47:02Z	200	55619	https://blert.io/api/v1/challenges/inferno/447a4094-15f4-4499-8165-104998e15396/events?stage=211	447a4094-15f4-4499-8165-104998e15396.json
2026-10-03T16:47:05Z	200	61699	https://blert.io/api/v1/challenges/inferno/447a4094-15f4-4499-8165-104998e15396/events?stage=212	447a4094-15f4-4499-8165-104998e15396.json
2026-10-03T16:47:08Z	200	86764	https://blert.io/api/v1/challenges/inferno/447a4094-15f4-4499-8165-104998e15396/events?stage=213	447a4094-15f4-4499-8165-104998e15396.json
2026-10-03T16:47:11Z	200	91473	https://blert.io/api/v1/challenges/inferno/447a4094-15f4-4499-8165-104998e15396/events?stage=214	447a4094-15f4-4499-8165-104998e15396.json
2026-10-03T16:47:14Z	200	39298	https://blert.io/api/v1/challenges/inferno/447a4094-15f4-4499-8165-104998e15396/events?stage=215	447a4094-15f4-4499-8165-104998e15396.json
2026-10-03T16:47:17Z	200	22244	https://blert.io/api/v1/challenges/inferno/447a4094-15f4-4499-8165-104998e15396/events?stage=216	447a4094-15f4-4499-8165-104998e15396.json
2026-10-03T16:47:20Z	200	31164	https://blert.io/api/v1/challenges/inferno/447a4094-15f4-4499-8165-104998e15396/events?stage=217	447a4094-15f4-4499-8165-104998e15396.json
2026-10-03T16:47:23Z	200	30961	https://blert.io/api/v1/challenges/inferno/447a4094-15f4-4499-8165-104998e15396/events?stage=218	447a4094-15f4-4499-8165-104998e15396.json
2026-10-03T16:47:26Z	200	52247	https://blert.io/api/v1/challenges/inferno/447a4094-15f4-4499-8165-104998e15396/events?stage=219	447a4094-15f4-4499-8165-104998e15396.json
2026-10-03T16:47:29Z	200	75696	https://blert.io/api/v1/challenges/inferno/447a4094-15f4-4499-8165-104998e15396/events?stage=220	447a4094-15f4-4499-8165-104998e15396.json
2026-10-03T16:47:32Z	200	64623	https://blert.io/api/v1/challenges/inferno/447a4094-15f4-4499-8165-104998e15396/events?stage=221	447a4094-15f4-4499-8165-104998e15396.json
2026-10-03T16:47:35Z	200	75885	https://blert.io/api/v1/challenges/inferno/447a4094-15f4-4499-8165-104998e15396/events?stage=222	447a4094-15f4-4499-8165-104998e15396.json
2026-10-03T16:47:38Z	200	91258	https://blert.io/api/v1/challenges/inferno/447a4094-15f4-4499-8165-104998e15396/events?stage=223	447a4094-15f4-4499-8165-104998e15396.json
2026-10-03T16:47:41Z	200	44671	https://blert.io/api/v1/challenges/inferno/447a4094-15f4-4499-8165-104998e15396/events?stage=224	447a4094-15f4-4499-8165-104998e15396.json
2026-10-03T16:47:44Z	200	55424	https://blert.io/api/v1/challenges/inferno/447a4094-15f4-4499-8165-104998e15396/events?stage=225	447a4094-15f4-4499-8165-104998e15396.json
2026-10-03T16:47:48Z	200	80311	https://blert.io/api/v1/challenges/inferno/447a4094-15f4-4499-8165-104998e15396/events?stage=226	447a4094-15f4-4499-8165-104998e15396.json
2026-10-03T16:47:51Z	200	93752	https://blert.io/api/v1/challenges/inferno/447a4094-15f4-4499-8165-104998e15396/events?stage=227	447a4094-15f4-4499-8165-104998e15396.json
2026-10-03T16:47:54Z	200	75652	https://blert.io/api/v1/challenges/inferno/447a4094-15f4-4499-8165-104998e15396/events?stage=228	447a4094-15f4-4499-8165-104998e15396.json
2026-10-03T16:47:57Z	200	110008	https://blert.io/api/v1/challenges/inferno/447a4094-15f4-4499-8165-104998e15396/events?stage=229	447a4094-15f4-4499-8165-104998e15396.json
2026-10-03T16:48:00Z	200	104352	https://blert.io/api/v1/challenges/inferno/447a4094-15f4-4499-8165-104998e15396/events?stage=230	447a4094-15f4-4499-8165-104998e15396.json
2026-10-03T16:48:03Z	200	61921	https://blert.io/api/v1/challenges/inferno/447a4094-15f4-4499-8165-104998e15396/events?stage=231	447a4094-15f4-4499-8165-104998e15396.json
2026-10-03T16:48:06Z	200	52135	https://blert.io/api/v1/challenges/inferno/447a4094-15f4-4499-8165-104998e15396/events?stage=232	447a4094-15f4-4499-8165-104998e15396.json
2026-10-03T16:48:09Z	200	17579	https://blert.io/api/v1/challenges/inferno/447a4094-15f4-4499-8165-104998e15396/events?stage=233	447a4094-15f4-4499-8165-104998e15396.json
2026-10-03T16:48:12Z	200	22575	https://blert.io/api/v1/challenges/inferno/447a4094-15f4-4499-8165-104998e15396/events?stage=234	447a4094-15f4-4499-8165-104998e15396.json
2026-10-03T16:48:15Z	200	51771	https://blert.io/api/v1/challenges/inferno/447a4094-15f4-4499-8165-104998e15396/events?stage=235	447a4094-15f4-4499-8165-104998e15396.json
2026-10-03T16:48:18Z	200	56220	https://blert.io/api/v1/challenges/inferno/447a4094-15f4-4499-8165-104998e15396/events?stage=236	447a4094-15f4-4499-8165-104998e15396.json
2026-10-03T16:48:21Z	200	73649	https://blert.io/api/v1/challenges/inferno/447a4094-15f4-4499-8165-104998e15396/events?stage=237	447a4094-15f4-4499-8165-104998e15396.json
2026-10-03T16:48:24Z	200	94156	https://blert.io/api/v1/challenges/inferno/447a4094-15f4-4499-8165-104998e15396/events?stage=238	447a4094-15f4-4499-8165-104998e15396.json
2026-10-03T16:48:27Z	200	86143	https://blert.io/api/v1/challenges/inferno/447a4094-15f4-4499-8165-104998e15396/events?stage=239	447a4094-15f4-4499-8165-104998e15396.json
2026-10-03T16:48:30Z	200	112643	https://blert.io/api/v1/challenges/inferno/447a4094-15f4-4499-8165-104998e15396/events?stage=240	447a4094-15f4-4499-8165-104998e15396.json
2026-10-03T16:48:33Z	200	67925	https://blert.io/api/v1/challenges/inferno/447a4094-15f4-4499-8165-104998e15396/events?stage=241	447a4094-15f4-4499-8165-104998e15396.json
2026-10-03T16:48:36Z	200	98430	https://blert.io/api/v1/challenges/inferno/447a4094-15f4-4499-8165-104998e15396/events?stage=242	447a4094-15f4-4499-8165-104998e15396.json
2026-10-03T16:48:40Z	200	138173	https://blert.io/api/v1/challenges/inferno/447a4094-15f4-4499-8165-104998e15396/events?stage=243	447a4094-15f4-4499-8165-104998e15396.json
2026-10-03T16:48:43Z	200	110093	https://blert.io/api/v1/challenges/inferno/447a4094-15f4-4499-8165-104998e15396/events?stage=244	447a4094-15f4-4499-8165-104998e15396.json
2026-10-03T16:48:46Z	200	100226	https://blert.io/api/v1/challenges/inferno/447a4094-15f4-4499-8165-104998e15396/events?stage=245	447a4094-15f4-4499-8165-104998e15396.json
2026-10-03T16:48:49Z	200	169945	https://blert.io/api/v1/challenges/inferno/447a4094-15f4-4499-8165-104998e15396/events?stage=246	447a4094-15f4-4499-8165-104998e15396.json
2026-10-03T16:48:52Z	200	151642	https://blert.io/api/v1/challenges/inferno/447a4094-15f4-4499-8165-104998e15396/events?stage=247	447a4094-15f4-4499-8165-104998e15396.json
2026-10-03T16:48:55Z	200	79536	https://blert.io/api/v1/challenges/inferno/447a4094-15f4-4499-8165-104998e15396/events?stage=248	447a4094-15f4-4499-8165-104998e15396.json
2026-10-03T16:48:58Z	200	54607	https://blert.io/api/v1/challenges/inferno/447a4094-15f4-4499-8165-104998e15396/events?stage=249	447a4094-15f4-4499-8165-104998e15396.json
2026-10-03T16:49:01Z	200	105206	https://blert.io/api/v1/challenges/inferno/447a4094-15f4-4499-8165-104998e15396/events?stage=250	447a4094-15f4-4499-8165-104998e15396.json
2026-10-03T16:49:04Z	200	120840	https://blert.io/api/v1/challenges/inferno/447a4094-15f4-4499-8165-104998e15396/events?stage=251	447a4094-15f4-4499-8165-104998e15396.json
2026-10-03T16:49:07Z	200	139270	https://blert.io/api/v1/challenges/inferno/447a4094-15f4-4499-8165-104998e15396/events?stage=252	447a4094-15f4-4499-8165-104998e15396.json
2026-10-03T16:49:10Z	200	124609	https://blert.io/api/v1/challenges/inferno/447a4094-15f4-4499-8165-104998e15396/events?stage=253	447a4094-15f4-4499-8165-104998e15396.json
2026-10-03T16:49:13Z	200	132584	https://blert.io/api/v1/challenges/inferno/447a4094-15f4-4499-8165-104998e15396/events?stage=254	447a4094-15f4-4499-8165-104998e15396.json
2026-10-03T16:49:16Z	200	185783	https://blert.io/api/v1/challenges/inferno/447a4094-15f4-4499-8165-104998e15396/events?stage=255	447a4094-15f4-4499-8165-104998e15396.json
2026-10-03T16:49:19Z	200	100788	https://blert.io/api/v1/challenges/inferno/447a4094-15f4-4499-8165-104998e15396/events?stage=256	447a4094-15f4-4499-8165-104998e15396.json
2026-10-03T16:49:22Z	200	128749	https://blert.io/api/v1/challenges/inferno/447a4094-15f4-4499-8165-104998e15396/events?stage=257	447a4094-15f4-4499-8165-104998e15396.json
2026-10-03T16:49:25Z	200	132074	https://blert.io/api/v1/challenges/inferno/447a4094-15f4-4499-8165-104998e15396/events?stage=258	447a4094-15f4-4499-8165-104998e15396.json
2026-10-03T16:49:28Z	200	149283	https://blert.io/api/v1/challenges/inferno/447a4094-15f4-4499-8165-104998e15396/events?stage=259	447a4094-15f4-4499-8165-104998e15396.json
2026-10-03T16:49:31Z	200	194599	https://blert.io/api/v1/challenges/inferno/447a4094-15f4-4499-8165-104998e15396/events?stage=260	447a4094-15f4-4499-8165-104998e15396.json
2026-10-03T16:49:35Z	200	136963	https://blert.io/api/v1/challenges/inferno/447a4094-15f4-4499-8165-104998e15396/events?stage=261	447a4094-15f4-4499-8165-104998e15396.json
2026-10-03T16:49:38Z	200	154102	https://blert.io/api/v1/challenges/inferno/447a4094-15f4-4499-8165-104998e15396/events?stage=262	447a4094-15f4-4499-8165-104998e15396.json
2026-10-03T16:49:41Z	200	105886	https://blert.io/api/v1/challenges/inferno/447a4094-15f4-4499-8165-104998e15396/events?stage=263	447a4094-15f4-4499-8165-104998e15396.json
2026-10-03T16:49:44Z	200	110105	https://blert.io/api/v1/challenges/inferno/447a4094-15f4-4499-8165-104998e15396/events?stage=264	447a4094-15f4-4499-8165-104998e15396.json
2026-10-03T16:49:47Z	200	87042	https://blert.io/api/v1/challenges/inferno/447a4094-15f4-4499-8165-104998e15396/events?stage=265	447a4094-15f4-4499-8165-104998e15396.json
2026-10-03T16:49:50Z	200	56348	https://blert.io/api/v1/challenges/inferno/447a4094-15f4-4499-8165-104998e15396/events?stage=266	447a4094-15f4-4499-8165-104998e15396.json
2026-10-03T16:49:53Z	200	186442	https://blert.io/api/v1/challenges/inferno/447a4094-15f4-4499-8165-104998e15396/events?stage=267	447a4094-15f4-4499-8165-104998e15396.json
2026-10-03T16:49:56Z	200	338965	https://blert.io/api/v1/challenges/inferno/447a4094-15f4-4499-8165-104998e15396/events?stage=268	447a4094-15f4-4499-8165-104998e15396.json
2026-10-03T16:49:59Z	200	17133	https://blert.io/api/v1/challenges/inferno/754bc5aa-1570-4984-a181-e7c2456d90c0/events?stage=200	754bc5aa-1570-4984-a181-e7c2456d90c0.json
2026-10-03T16:50:02Z	200	26921	https://blert.io/api/v1/challenges/inferno/754bc5aa-1570-4984-a181-e7c2456d90c0/events?stage=201	754bc5aa-1570-4984-a181-e7c2456d90c0.json
2026-10-03T16:50:05Z	200	15560	https://blert.io/api/v1/challenges/inferno/754bc5aa-1570-4984-a181-e7c2456d90c0/events?stage=202	754bc5aa-1570-4984-a181-e7c2456d90c0.json
2026-10-03T16:50:08Z	200	30545	https://blert.io/api/v1/challenges/inferno/754bc5aa-1570-4984-a181-e7c2456d90c0/events?stage=203	754bc5aa-1570-4984-a181-e7c2456d90c0.json
2026-10-03T16:50:11Z	200	35425	https://blert.io/api/v1/challenges/inferno/754bc5aa-1570-4984-a181-e7c2456d90c0/events?stage=204	754bc5aa-1570-4984-a181-e7c2456d90c0.json
2026-10-03T16:50:14Z	200	38151	https://blert.io/api/v1/challenges/inferno/754bc5aa-1570-4984-a181-e7c2456d90c0/events?stage=205	754bc5aa-1570-4984-a181-e7c2456d90c0.json
2026-10-03T16:50:17Z	200	48851	https://blert.io/api/v1/challenges/inferno/754bc5aa-1570-4984-a181-e7c2456d90c0/events?stage=206	754bc5aa-1570-4984-a181-e7c2456d90c0.json
2026-10-03T16:50:20Z	200	18504	https://blert.io/api/v1/challenges/inferno/754bc5aa-1570-4984-a181-e7c2456d90c0/events?stage=207	754bc5aa-1570-4984-a181-e7c2456d90c0.json
2026-10-03T16:50:23Z	200	24910	https://blert.io/api/v1/challenges/inferno/754bc5aa-1570-4984-a181-e7c2456d90c0/events?stage=208	754bc5aa-1570-4984-a181-e7c2456d90c0.json
2026-10-03T16:50:26Z	200	31789	https://blert.io/api/v1/challenges/inferno/754bc5aa-1570-4984-a181-e7c2456d90c0/events?stage=209	754bc5aa-1570-4984-a181-e7c2456d90c0.json
2026-10-03T16:50:29Z	200	33492	https://blert.io/api/v1/challenges/inferno/754bc5aa-1570-4984-a181-e7c2456d90c0/events?stage=210	754bc5aa-1570-4984-a181-e7c2456d90c0.json
2026-10-03T16:50:33Z	200	55872	https://blert.io/api/v1/challenges/inferno/754bc5aa-1570-4984-a181-e7c2456d90c0/events?stage=211	754bc5aa-1570-4984-a181-e7c2456d90c0.json
2026-10-03T16:50:36Z	200	70465	https://blert.io/api/v1/challenges/inferno/754bc5aa-1570-4984-a181-e7c2456d90c0/events?stage=212	754bc5aa-1570-4984-a181-e7c2456d90c0.json
2026-10-03T16:50:39Z	200	59809	https://blert.io/api/v1/challenges/inferno/754bc5aa-1570-4984-a181-e7c2456d90c0/events?stage=213	754bc5aa-1570-4984-a181-e7c2456d90c0.json
2026-10-03T16:50:42Z	200	61751	https://blert.io/api/v1/challenges/inferno/754bc5aa-1570-4984-a181-e7c2456d90c0/events?stage=214	754bc5aa-1570-4984-a181-e7c2456d90c0.json
2026-10-03T16:50:45Z	200	35991	https://blert.io/api/v1/challenges/inferno/754bc5aa-1570-4984-a181-e7c2456d90c0/events?stage=215	754bc5aa-1570-4984-a181-e7c2456d90c0.json
2026-10-03T16:50:48Z	200	15786	https://blert.io/api/v1/challenges/inferno/754bc5aa-1570-4984-a181-e7c2456d90c0/events?stage=216	754bc5aa-1570-4984-a181-e7c2456d90c0.json
2026-10-03T16:50:51Z	200	34124	https://blert.io/api/v1/challenges/inferno/754bc5aa-1570-4984-a181-e7c2456d90c0/events?stage=217	754bc5aa-1570-4984-a181-e7c2456d90c0.json
2026-10-03T16:50:54Z	200	30064	https://blert.io/api/v1/challenges/inferno/754bc5aa-1570-4984-a181-e7c2456d90c0/events?stage=218	754bc5aa-1570-4984-a181-e7c2456d90c0.json
2026-10-03T16:50:57Z	200	39074	https://blert.io/api/v1/challenges/inferno/754bc5aa-1570-4984-a181-e7c2456d90c0/events?stage=219	754bc5aa-1570-4984-a181-e7c2456d90c0.json
2026-10-03T16:51:00Z	200	41631	https://blert.io/api/v1/challenges/inferno/754bc5aa-1570-4984-a181-e7c2456d90c0/events?stage=220	754bc5aa-1570-4984-a181-e7c2456d90c0.json
2026-10-03T16:51:03Z	200	60121	https://blert.io/api/v1/challenges/inferno/754bc5aa-1570-4984-a181-e7c2456d90c0/events?stage=221	754bc5aa-1570-4984-a181-e7c2456d90c0.json
2026-10-03T16:51:06Z	200	63256	https://blert.io/api/v1/challenges/inferno/754bc5aa-1570-4984-a181-e7c2456d90c0/events?stage=222	754bc5aa-1570-4984-a181-e7c2456d90c0.json
2026-10-03T16:51:09Z	200	87916	https://blert.io/api/v1/challenges/inferno/754bc5aa-1570-4984-a181-e7c2456d90c0/events?stage=223	754bc5aa-1570-4984-a181-e7c2456d90c0.json
2026-10-03T16:51:12Z	200	52406	https://blert.io/api/v1/challenges/inferno/754bc5aa-1570-4984-a181-e7c2456d90c0/events?stage=224	754bc5aa-1570-4984-a181-e7c2456d90c0.json
2026-10-03T16:51:15Z	200	57916	https://blert.io/api/v1/challenges/inferno/754bc5aa-1570-4984-a181-e7c2456d90c0/events?stage=225	754bc5aa-1570-4984-a181-e7c2456d90c0.json
2026-10-03T16:51:18Z	200	50386	https://blert.io/api/v1/challenges/inferno/754bc5aa-1570-4984-a181-e7c2456d90c0/events?stage=226	754bc5aa-1570-4984-a181-e7c2456d90c0.json
2026-10-03T16:51:21Z	200	53958	https://blert.io/api/v1/challenges/inferno/754bc5aa-1570-4984-a181-e7c2456d90c0/events?stage=227	754bc5aa-1570-4984-a181-e7c2456d90c0.json
2026-10-03T16:51:25Z	200	80797	https://blert.io/api/v1/challenges/inferno/754bc5aa-1570-4984-a181-e7c2456d90c0/events?stage=228	754bc5aa-1570-4984-a181-e7c2456d90c0.json
2026-10-03T16:51:28Z	200	99265	https://blert.io/api/v1/challenges/inferno/754bc5aa-1570-4984-a181-e7c2456d90c0/events?stage=229	754bc5aa-1570-4984-a181-e7c2456d90c0.json
2026-10-03T16:51:31Z	200	70203	https://blert.io/api/v1/challenges/inferno/754bc5aa-1570-4984-a181-e7c2456d90c0/events?stage=230	754bc5aa-1570-4984-a181-e7c2456d90c0.json
2026-10-03T16:51:34Z	200	66791	https://blert.io/api/v1/challenges/inferno/754bc5aa-1570-4984-a181-e7c2456d90c0/events?stage=231	754bc5aa-1570-4984-a181-e7c2456d90c0.json
2026-10-03T16:51:37Z	200	44899	https://blert.io/api/v1/challenges/inferno/754bc5aa-1570-4984-a181-e7c2456d90c0/events?stage=232	754bc5aa-1570-4984-a181-e7c2456d90c0.json
2026-10-03T16:51:40Z	200	14607	https://blert.io/api/v1/challenges/inferno/754bc5aa-1570-4984-a181-e7c2456d90c0/events?stage=233	754bc5aa-1570-4984-a181-e7c2456d90c0.json
2026-10-03T16:51:43Z	200	35820	https://blert.io/api/v1/challenges/inferno/754bc5aa-1570-4984-a181-e7c2456d90c0/events?stage=234	754bc5aa-1570-4984-a181-e7c2456d90c0.json
2026-10-03T16:51:46Z	200	37149	https://blert.io/api/v1/challenges/inferno/754bc5aa-1570-4984-a181-e7c2456d90c0/events?stage=235	754bc5aa-1570-4984-a181-e7c2456d90c0.json
2026-10-03T16:51:49Z	200	43954	https://blert.io/api/v1/challenges/inferno/754bc5aa-1570-4984-a181-e7c2456d90c0/events?stage=236	754bc5aa-1570-4984-a181-e7c2456d90c0.json
2026-10-03T16:51:52Z	200	56282	https://blert.io/api/v1/challenges/inferno/754bc5aa-1570-4984-a181-e7c2456d90c0/events?stage=237	754bc5aa-1570-4984-a181-e7c2456d90c0.json
2026-10-03T16:51:55Z	200	93727	https://blert.io/api/v1/challenges/inferno/754bc5aa-1570-4984-a181-e7c2456d90c0/events?stage=238	754bc5aa-1570-4984-a181-e7c2456d90c0.json
2026-10-03T16:51:58Z	200	95077	https://blert.io/api/v1/challenges/inferno/754bc5aa-1570-4984-a181-e7c2456d90c0/events?stage=239	754bc5aa-1570-4984-a181-e7c2456d90c0.json
2026-10-03T16:52:01Z	200	88210	https://blert.io/api/v1/challenges/inferno/754bc5aa-1570-4984-a181-e7c2456d90c0/events?stage=240	754bc5aa-1570-4984-a181-e7c2456d90c0.json
2026-10-03T16:52:04Z	200	67922	https://blert.io/api/v1/challenges/inferno/754bc5aa-1570-4984-a181-e7c2456d90c0/events?stage=241	754bc5aa-1570-4984-a181-e7c2456d90c0.json
2026-10-03T16:52:07Z	200	64239	https://blert.io/api/v1/challenges/inferno/754bc5aa-1570-4984-a181-e7c2456d90c0/events?stage=242	754bc5aa-1570-4984-a181-e7c2456d90c0.json
2026-10-03T16:52:10Z	200	64975	https://blert.io/api/v1/challenges/inferno/754bc5aa-1570-4984-a181-e7c2456d90c0/events?stage=243	754bc5aa-1570-4984-a181-e7c2456d90c0.json
2026-10-03T16:52:13Z	200	70191	https://blert.io/api/v1/challenges/inferno/754bc5aa-1570-4984-a181-e7c2456d90c0/events?stage=244	754bc5aa-1570-4984-a181-e7c2456d90c0.json
2026-10-03T16:52:16Z	200	87910	https://blert.io/api/v1/challenges/inferno/754bc5aa-1570-4984-a181-e7c2456d90c0/events?stage=245	754bc5aa-1570-4984-a181-e7c2456d90c0.json
2026-10-03T16:52:19Z	200	107327	https://blert.io/api/v1/challenges/inferno/754bc5aa-1570-4984-a181-e7c2456d90c0/events?stage=246	754bc5aa-1570-4984-a181-e7c2456d90c0.json
2026-10-03T16:52:22Z	200	106237	https://blert.io/api/v1/challenges/inferno/754bc5aa-1570-4984-a181-e7c2456d90c0/events?stage=247	754bc5aa-1570-4984-a181-e7c2456d90c0.json
2026-10-03T16:52:26Z	200	76772	https://blert.io/api/v1/challenges/inferno/754bc5aa-1570-4984-a181-e7c2456d90c0/events?stage=248	754bc5aa-1570-4984-a181-e7c2456d90c0.json
2026-10-03T16:52:29Z	200	52377	https://blert.io/api/v1/challenges/inferno/754bc5aa-1570-4984-a181-e7c2456d90c0/events?stage=249	754bc5aa-1570-4984-a181-e7c2456d90c0.json
2026-10-03T16:52:32Z	200	89915	https://blert.io/api/v1/challenges/inferno/754bc5aa-1570-4984-a181-e7c2456d90c0/events?stage=250	754bc5aa-1570-4984-a181-e7c2456d90c0.json
2026-10-03T16:52:35Z	200	91970	https://blert.io/api/v1/challenges/inferno/754bc5aa-1570-4984-a181-e7c2456d90c0/events?stage=251	754bc5aa-1570-4984-a181-e7c2456d90c0.json
2026-10-03T16:52:38Z	200	105325	https://blert.io/api/v1/challenges/inferno/754bc5aa-1570-4984-a181-e7c2456d90c0/events?stage=252	754bc5aa-1570-4984-a181-e7c2456d90c0.json
2026-10-03T16:52:41Z	200	94560	https://blert.io/api/v1/challenges/inferno/754bc5aa-1570-4984-a181-e7c2456d90c0/events?stage=253	754bc5aa-1570-4984-a181-e7c2456d90c0.json
2026-10-03T16:52:44Z	200	123754	https://blert.io/api/v1/challenges/inferno/754bc5aa-1570-4984-a181-e7c2456d90c0/events?stage=254	754bc5aa-1570-4984-a181-e7c2456d90c0.json
2026-10-03T16:52:47Z	200	116790	https://blert.io/api/v1/challenges/inferno/754bc5aa-1570-4984-a181-e7c2456d90c0/events?stage=255	754bc5aa-1570-4984-a181-e7c2456d90c0.json
2026-10-03T16:52:50Z	200	81445	https://blert.io/api/v1/challenges/inferno/754bc5aa-1570-4984-a181-e7c2456d90c0/events?stage=256	754bc5aa-1570-4984-a181-e7c2456d90c0.json
2026-10-03T16:52:53Z	200	93662	https://blert.io/api/v1/challenges/inferno/754bc5aa-1570-4984-a181-e7c2456d90c0/events?stage=257	754bc5aa-1570-4984-a181-e7c2456d90c0.json
2026-10-03T16:52:56Z	200	98562	https://blert.io/api/v1/challenges/inferno/754bc5aa-1570-4984-a181-e7c2456d90c0/events?stage=258	754bc5aa-1570-4984-a181-e7c2456d90c0.json
2026-10-03T16:52:59Z	200	103727	https://blert.io/api/v1/challenges/inferno/754bc5aa-1570-4984-a181-e7c2456d90c0/events?stage=259	754bc5aa-1570-4984-a181-e7c2456d90c0.json
2026-10-03T16:53:02Z	200	103497	https://blert.io/api/v1/challenges/inferno/754bc5aa-1570-4984-a181-e7c2456d90c0/events?stage=260	754bc5aa-1570-4984-a181-e7c2456d90c0.json
2026-10-03T16:53:05Z	200	118370	https://blert.io/api/v1/challenges/inferno/754bc5aa-1570-4984-a181-e7c2456d90c0/events?stage=261	754bc5aa-1570-4984-a181-e7c2456d90c0.json
2026-10-03T16:53:08Z	200	130134	https://blert.io/api/v1/challenges/inferno/754bc5aa-1570-4984-a181-e7c2456d90c0/events?stage=262	754bc5aa-1570-4984-a181-e7c2456d90c0.json
2026-10-03T16:53:11Z	200	85432	https://blert.io/api/v1/challenges/inferno/754bc5aa-1570-4984-a181-e7c2456d90c0/events?stage=263	754bc5aa-1570-4984-a181-e7c2456d90c0.json
2026-10-03T16:53:14Z	200	70616	https://blert.io/api/v1/challenges/inferno/754bc5aa-1570-4984-a181-e7c2456d90c0/events?stage=264	754bc5aa-1570-4984-a181-e7c2456d90c0.json
2026-10-03T16:53:17Z	200	72557	https://blert.io/api/v1/challenges/inferno/754bc5aa-1570-4984-a181-e7c2456d90c0/events?stage=265	754bc5aa-1570-4984-a181-e7c2456d90c0.json
2026-10-03T16:53:21Z	200	89472	https://blert.io/api/v1/challenges/inferno/754bc5aa-1570-4984-a181-e7c2456d90c0/events?stage=266	754bc5aa-1570-4984-a181-e7c2456d90c0.json
2026-10-03T16:53:24Z	200	180800	https://blert.io/api/v1/challenges/inferno/754bc5aa-1570-4984-a181-e7c2456d90c0/events?stage=267	754bc5aa-1570-4984-a181-e7c2456d90c0.json
2026-10-03T16:53:27Z	200	271985	https://blert.io/api/v1/challenges/inferno/754bc5aa-1570-4984-a181-e7c2456d90c0/events?stage=268	754bc5aa-1570-4984-a181-e7c2456d90c0.json
2026-10-03T16:53:30Z	200	17474	https://blert.io/api/v1/challenges/inferno/41c5c054-98ff-45f5-acf1-2dc143f860ec/events?stage=200	41c5c054-98ff-45f5-acf1-2dc143f860ec.json
2026-10-03T16:53:33Z	200	25320	https://blert.io/api/v1/challenges/inferno/41c5c054-98ff-45f5-acf1-2dc143f860ec/events?stage=201	41c5c054-98ff-45f5-acf1-2dc143f860ec.json
2026-10-03T16:53:36Z	200	18262	https://blert.io/api/v1/challenges/inferno/41c5c054-98ff-45f5-acf1-2dc143f860ec/events?stage=202	41c5c054-98ff-45f5-acf1-2dc143f860ec.json
2026-10-03T16:53:39Z	200	46371	https://blert.io/api/v1/challenges/inferno/41c5c054-98ff-45f5-acf1-2dc143f860ec/events?stage=203	41c5c054-98ff-45f5-acf1-2dc143f860ec.json
2026-10-03T16:53:42Z	200	76007	https://blert.io/api/v1/challenges/inferno/41c5c054-98ff-45f5-acf1-2dc143f860ec/events?stage=204	41c5c054-98ff-45f5-acf1-2dc143f860ec.json
2026-10-03T16:53:45Z	200	62274	https://blert.io/api/v1/challenges/inferno/41c5c054-98ff-45f5-acf1-2dc143f860ec/events?stage=205	41c5c054-98ff-45f5-acf1-2dc143f860ec.json
2026-10-03T16:53:48Z	200	101718	https://blert.io/api/v1/challenges/inferno/41c5c054-98ff-45f5-acf1-2dc143f860ec/events?stage=206	41c5c054-98ff-45f5-acf1-2dc143f860ec.json
2026-10-03T16:53:51Z	200	25358	https://blert.io/api/v1/challenges/inferno/41c5c054-98ff-45f5-acf1-2dc143f860ec/events?stage=207	41c5c054-98ff-45f5-acf1-2dc143f860ec.json
2026-10-03T16:53:54Z	200	39482	https://blert.io/api/v1/challenges/inferno/41c5c054-98ff-45f5-acf1-2dc143f860ec/events?stage=208	41c5c054-98ff-45f5-acf1-2dc143f860ec.json
2026-10-03T16:53:57Z	200	38398	https://blert.io/api/v1/challenges/inferno/41c5c054-98ff-45f5-acf1-2dc143f860ec/events?stage=209	41c5c054-98ff-45f5-acf1-2dc143f860ec.json
2026-10-03T16:54:00Z	200	38574	https://blert.io/api/v1/challenges/inferno/41c5c054-98ff-45f5-acf1-2dc143f860ec/events?stage=210	41c5c054-98ff-45f5-acf1-2dc143f860ec.json
2026-10-03T16:54:03Z	200	48707	https://blert.io/api/v1/challenges/inferno/41c5c054-98ff-45f5-acf1-2dc143f860ec/events?stage=211	41c5c054-98ff-45f5-acf1-2dc143f860ec.json
2026-10-03T16:54:06Z	200	53589	https://blert.io/api/v1/challenges/inferno/41c5c054-98ff-45f5-acf1-2dc143f860ec/events?stage=212	41c5c054-98ff-45f5-acf1-2dc143f860ec.json
2026-10-03T16:54:09Z	200	106935	https://blert.io/api/v1/challenges/inferno/41c5c054-98ff-45f5-acf1-2dc143f860ec/events?stage=213	41c5c054-98ff-45f5-acf1-2dc143f860ec.json
2026-10-03T16:54:12Z	200	105147	https://blert.io/api/v1/challenges/inferno/41c5c054-98ff-45f5-acf1-2dc143f860ec/events?stage=214	41c5c054-98ff-45f5-acf1-2dc143f860ec.json
2026-10-03T16:54:16Z	200	43510	https://blert.io/api/v1/challenges/inferno/41c5c054-98ff-45f5-acf1-2dc143f860ec/events?stage=215	41c5c054-98ff-45f5-acf1-2dc143f860ec.json
2026-10-03T16:54:19Z	200	22652	https://blert.io/api/v1/challenges/inferno/41c5c054-98ff-45f5-acf1-2dc143f860ec/events?stage=216	41c5c054-98ff-45f5-acf1-2dc143f860ec.json
2026-10-03T16:54:22Z	200	33202	https://blert.io/api/v1/challenges/inferno/41c5c054-98ff-45f5-acf1-2dc143f860ec/events?stage=217	41c5c054-98ff-45f5-acf1-2dc143f860ec.json
2026-10-03T16:54:25Z	200	34578	https://blert.io/api/v1/challenges/inferno/41c5c054-98ff-45f5-acf1-2dc143f860ec/events?stage=218	41c5c054-98ff-45f5-acf1-2dc143f860ec.json
2026-10-03T16:54:28Z	200	47857	https://blert.io/api/v1/challenges/inferno/41c5c054-98ff-45f5-acf1-2dc143f860ec/events?stage=219	41c5c054-98ff-45f5-acf1-2dc143f860ec.json
2026-10-03T16:54:31Z	200	71491	https://blert.io/api/v1/challenges/inferno/41c5c054-98ff-45f5-acf1-2dc143f860ec/events?stage=220	41c5c054-98ff-45f5-acf1-2dc143f860ec.json
2026-10-03T16:54:34Z	200	110298	https://blert.io/api/v1/challenges/inferno/41c5c054-98ff-45f5-acf1-2dc143f860ec/events?stage=221	41c5c054-98ff-45f5-acf1-2dc143f860ec.json
2026-10-03T16:54:37Z	200	91105	https://blert.io/api/v1/challenges/inferno/41c5c054-98ff-45f5-acf1-2dc143f860ec/events?stage=222	41c5c054-98ff-45f5-acf1-2dc143f860ec.json
2026-10-03T16:54:40Z	200	91111	https://blert.io/api/v1/challenges/inferno/41c5c054-98ff-45f5-acf1-2dc143f860ec/events?stage=223	41c5c054-98ff-45f5-acf1-2dc143f860ec.json
2026-10-03T16:54:43Z	200	62512	https://blert.io/api/v1/challenges/inferno/41c5c054-98ff-45f5-acf1-2dc143f860ec/events?stage=224	41c5c054-98ff-45f5-acf1-2dc143f860ec.json
2026-10-03T16:54:46Z	200	55461	https://blert.io/api/v1/challenges/inferno/41c5c054-98ff-45f5-acf1-2dc143f860ec/events?stage=225	41c5c054-98ff-45f5-acf1-2dc143f860ec.json
2026-10-03T16:54:49Z	200	59271	https://blert.io/api/v1/challenges/inferno/41c5c054-98ff-45f5-acf1-2dc143f860ec/events?stage=226	41c5c054-98ff-45f5-acf1-2dc143f860ec.json
2026-10-03T16:54:52Z	200	109986	https://blert.io/api/v1/challenges/inferno/41c5c054-98ff-45f5-acf1-2dc143f860ec/events?stage=227	41c5c054-98ff-45f5-acf1-2dc143f860ec.json
2026-10-03T16:54:55Z	200	81474	https://blert.io/api/v1/challenges/inferno/41c5c054-98ff-45f5-acf1-2dc143f860ec/events?stage=228	41c5c054-98ff-45f5-acf1-2dc143f860ec.json
2026-10-03T16:54:58Z	200	89116	https://blert.io/api/v1/challenges/inferno/41c5c054-98ff-45f5-acf1-2dc143f860ec/events?stage=229	41c5c054-98ff-45f5-acf1-2dc143f860ec.json
2026-10-03T16:55:01Z	200	141896	https://blert.io/api/v1/challenges/inferno/41c5c054-98ff-45f5-acf1-2dc143f860ec/events?stage=230	41c5c054-98ff-45f5-acf1-2dc143f860ec.json
2026-10-03T16:55:04Z	200	81853	https://blert.io/api/v1/challenges/inferno/41c5c054-98ff-45f5-acf1-2dc143f860ec/events?stage=231	41c5c054-98ff-45f5-acf1-2dc143f860ec.json
2026-10-03T16:55:08Z	200	58352	https://blert.io/api/v1/challenges/inferno/41c5c054-98ff-45f5-acf1-2dc143f860ec/events?stage=232	41c5c054-98ff-45f5-acf1-2dc143f860ec.json
2026-10-03T16:55:11Z	200	18391	https://blert.io/api/v1/challenges/inferno/41c5c054-98ff-45f5-acf1-2dc143f860ec/events?stage=233	41c5c054-98ff-45f5-acf1-2dc143f860ec.json
2026-10-03T16:55:14Z	200	36452	https://blert.io/api/v1/challenges/inferno/41c5c054-98ff-45f5-acf1-2dc143f860ec/events?stage=234	41c5c054-98ff-45f5-acf1-2dc143f860ec.json
2026-10-03T16:55:17Z	200	47270	https://blert.io/api/v1/challenges/inferno/41c5c054-98ff-45f5-acf1-2dc143f860ec/events?stage=235	41c5c054-98ff-45f5-acf1-2dc143f860ec.json
2026-10-03T16:55:20Z	200	60699	https://blert.io/api/v1/challenges/inferno/41c5c054-98ff-45f5-acf1-2dc143f860ec/events?stage=236	41c5c054-98ff-45f5-acf1-2dc143f860ec.json
2026-10-03T16:55:23Z	200	60612	https://blert.io/api/v1/challenges/inferno/41c5c054-98ff-45f5-acf1-2dc143f860ec/events?stage=237	41c5c054-98ff-45f5-acf1-2dc143f860ec.json
2026-10-03T16:55:26Z	200	108964	https://blert.io/api/v1/challenges/inferno/41c5c054-98ff-45f5-acf1-2dc143f860ec/events?stage=238	41c5c054-98ff-45f5-acf1-2dc143f860ec.json
2026-10-03T16:55:29Z	200	82364	https://blert.io/api/v1/challenges/inferno/41c5c054-98ff-45f5-acf1-2dc143f860ec/events?stage=239	41c5c054-98ff-45f5-acf1-2dc143f860ec.json
2026-10-03T16:55:32Z	200	112854	https://blert.io/api/v1/challenges/inferno/41c5c054-98ff-45f5-acf1-2dc143f860ec/events?stage=240	41c5c054-98ff-45f5-acf1-2dc143f860ec.json
2026-10-03T16:55:35Z	200	83048	https://blert.io/api/v1/challenges/inferno/41c5c054-98ff-45f5-acf1-2dc143f860ec/events?stage=241	41c5c054-98ff-45f5-acf1-2dc143f860ec.json
2026-10-03T16:55:38Z	200	123861	https://blert.io/api/v1/challenges/inferno/41c5c054-98ff-45f5-acf1-2dc143f860ec/events?stage=242	41c5c054-98ff-45f5-acf1-2dc143f860ec.json
2026-10-03T16:55:41Z	200	99912	https://blert.io/api/v1/challenges/inferno/41c5c054-98ff-45f5-acf1-2dc143f860ec/events?stage=243	41c5c054-98ff-45f5-acf1-2dc143f860ec.json
2026-10-03T16:55:44Z	200	81047	https://blert.io/api/v1/challenges/inferno/41c5c054-98ff-45f5-acf1-2dc143f860ec/events?stage=244	41c5c054-98ff-45f5-acf1-2dc143f860ec.json
2026-10-03T16:55:47Z	200	126474	https://blert.io/api/v1/challenges/inferno/41c5c054-98ff-45f5-acf1-2dc143f860ec/events?stage=245	41c5c054-98ff-45f5-acf1-2dc143f860ec.json
2026-10-03T16:55:50Z	200	150856	https://blert.io/api/v1/challenges/inferno/41c5c054-98ff-45f5-acf1-2dc143f860ec/events?stage=246	41c5c054-98ff-45f5-acf1-2dc143f860ec.json
2026-10-03T16:55:53Z	200	165678	https://blert.io/api/v1/challenges/inferno/41c5c054-98ff-45f5-acf1-2dc143f860ec/events?stage=247	41c5c054-98ff-45f5-acf1-2dc143f860ec.json
2026-10-03T16:55:56Z	200	100790	https://blert.io/api/v1/challenges/inferno/41c5c054-98ff-45f5-acf1-2dc143f860ec/events?stage=248	41c5c054-98ff-45f5-acf1-2dc143f860ec.json
2026-10-03T16:55:59Z	200	67318	https://blert.io/api/v1/challenges/inferno/41c5c054-98ff-45f5-acf1-2dc143f860ec/events?stage=249	41c5c054-98ff-45f5-acf1-2dc143f860ec.json
2026-10-03T16:56:02Z	200	112305	https://blert.io/api/v1/challenges/inferno/41c5c054-98ff-45f5-acf1-2dc143f860ec/events?stage=250	41c5c054-98ff-45f5-acf1-2dc143f860ec.json
2026-10-03T16:56:06Z	200	105159	https://blert.io/api/v1/challenges/inferno/41c5c054-98ff-45f5-acf1-2dc143f860ec/events?stage=251	41c5c054-98ff-45f5-acf1-2dc143f860ec.json
2026-10-03T16:56:09Z	200	104850	https://blert.io/api/v1/challenges/inferno/41c5c054-98ff-45f5-acf1-2dc143f860ec/events?stage=252	41c5c054-98ff-45f5-acf1-2dc143f860ec.json
2026-10-03T16:56:12Z	200	151521	https://blert.io/api/v1/challenges/inferno/41c5c054-98ff-45f5-acf1-2dc143f860ec/events?stage=253	41c5c054-98ff-45f5-acf1-2dc143f860ec.json
2026-10-03T16:56:15Z	200	212568	https://blert.io/api/v1/challenges/inferno/41c5c054-98ff-45f5-acf1-2dc143f860ec/events?stage=254	41c5c054-98ff-45f5-acf1-2dc143f860ec.json
2026-10-03T16:56:18Z	200	128279	https://blert.io/api/v1/challenges/inferno/41c5c054-98ff-45f5-acf1-2dc143f860ec/events?stage=255	41c5c054-98ff-45f5-acf1-2dc143f860ec.json
2026-10-03T16:56:21Z	200	89358	https://blert.io/api/v1/challenges/inferno/41c5c054-98ff-45f5-acf1-2dc143f860ec/events?stage=256	41c5c054-98ff-45f5-acf1-2dc143f860ec.json
2026-10-03T16:56:24Z	200	140876	https://blert.io/api/v1/challenges/inferno/41c5c054-98ff-45f5-acf1-2dc143f860ec/events?stage=257	41c5c054-98ff-45f5-acf1-2dc143f860ec.json
2026-10-03T16:56:27Z	200	138387	https://blert.io/api/v1/challenges/inferno/41c5c054-98ff-45f5-acf1-2dc143f860ec/events?stage=258	41c5c054-98ff-45f5-acf1-2dc143f860ec.json
2026-10-03T16:56:30Z	200	130256	https://blert.io/api/v1/challenges/inferno/41c5c054-98ff-45f5-acf1-2dc143f860ec/events?stage=259	41c5c054-98ff-45f5-acf1-2dc143f860ec.json
2026-10-03T16:56:33Z	200	188662	https://blert.io/api/v1/challenges/inferno/41c5c054-98ff-45f5-acf1-2dc143f860ec/events?stage=260	41c5c054-98ff-45f5-acf1-2dc143f860ec.json
2026-10-03T16:56:36Z	200	233203	https://blert.io/api/v1/challenges/inferno/41c5c054-98ff-45f5-acf1-2dc143f860ec/events?stage=261	41c5c054-98ff-45f5-acf1-2dc143f860ec.json
2026-10-03T16:56:39Z	200	256273	https://blert.io/api/v1/challenges/inferno/41c5c054-98ff-45f5-acf1-2dc143f860ec/events?stage=262	41c5c054-98ff-45f5-acf1-2dc143f860ec.json
2026-10-03T16:56:42Z	200	158272	https://blert.io/api/v1/challenges/inferno/41c5c054-98ff-45f5-acf1-2dc143f860ec/events?stage=263	41c5c054-98ff-45f5-acf1-2dc143f860ec.json
2026-10-03T16:56:45Z	200	129676	https://blert.io/api/v1/challenges/inferno/41c5c054-98ff-45f5-acf1-2dc143f860ec/events?stage=264	41c5c054-98ff-45f5-acf1-2dc143f860ec.json
2026-10-03T16:56:48Z	200	81333	https://blert.io/api/v1/challenges/inferno/41c5c054-98ff-45f5-acf1-2dc143f860ec/events?stage=265	41c5c054-98ff-45f5-acf1-2dc143f860ec.json
2026-10-03T16:56:51Z	200	119091	https://blert.io/api/v1/challenges/inferno/41c5c054-98ff-45f5-acf1-2dc143f860ec/events?stage=266	41c5c054-98ff-45f5-acf1-2dc143f860ec.json
2026-10-03T16:56:54Z	200	210626	https://blert.io/api/v1/challenges/inferno/41c5c054-98ff-45f5-acf1-2dc143f860ec/events?stage=267	41c5c054-98ff-45f5-acf1-2dc143f860ec.json
2026-10-03T16:56:58Z	200	405329	https://blert.io/api/v1/challenges/inferno/41c5c054-98ff-45f5-acf1-2dc143f860ec/events?stage=268	41c5c054-98ff-45f5-acf1-2dc143f860ec.json
2026-10-03T16:57:00Z	200	16445	https://blert.io/api/v1/challenges/inferno/b338bcb1-72c9-4c52-91b6-45b1e46ce81d/events?stage=200	b338bcb1-72c9-4c52-91b6-45b1e46ce81d.json
2026-10-03T16:57:04Z	200	30075	https://blert.io/api/v1/challenges/inferno/b338bcb1-72c9-4c52-91b6-45b1e46ce81d/events?stage=201	b338bcb1-72c9-4c52-91b6-45b1e46ce81d.json
2026-10-03T16:57:07Z	200	30312	https://blert.io/api/v1/challenges/inferno/b338bcb1-72c9-4c52-91b6-45b1e46ce81d/events?stage=202	b338bcb1-72c9-4c52-91b6-45b1e46ce81d.json
2026-10-03T16:57:10Z	200	46822	https://blert.io/api/v1/challenges/inferno/b338bcb1-72c9-4c52-91b6-45b1e46ce81d/events?stage=203	b338bcb1-72c9-4c52-91b6-45b1e46ce81d.json
2026-10-03T16:57:13Z	200	67129	https://blert.io/api/v1/challenges/inferno/b338bcb1-72c9-4c52-91b6-45b1e46ce81d/events?stage=204	b338bcb1-72c9-4c52-91b6-45b1e46ce81d.json
2026-10-03T16:57:16Z	200	74172	https://blert.io/api/v1/challenges/inferno/b338bcb1-72c9-4c52-91b6-45b1e46ce81d/events?stage=205	b338bcb1-72c9-4c52-91b6-45b1e46ce81d.json
2026-10-03T16:57:19Z	200	72038	https://blert.io/api/v1/challenges/inferno/b338bcb1-72c9-4c52-91b6-45b1e46ce81d/events?stage=206	b338bcb1-72c9-4c52-91b6-45b1e46ce81d.json
2026-10-03T16:57:22Z	200	16601	https://blert.io/api/v1/challenges/inferno/b338bcb1-72c9-4c52-91b6-45b1e46ce81d/events?stage=207	b338bcb1-72c9-4c52-91b6-45b1e46ce81d.json
2026-10-03T16:57:25Z	200	33275	https://blert.io/api/v1/challenges/inferno/b338bcb1-72c9-4c52-91b6-45b1e46ce81d/events?stage=208	b338bcb1-72c9-4c52-91b6-45b1e46ce81d.json
2026-10-03T16:57:28Z	200	46477	https://blert.io/api/v1/challenges/inferno/b338bcb1-72c9-4c52-91b6-45b1e46ce81d/events?stage=209	b338bcb1-72c9-4c52-91b6-45b1e46ce81d.json
2026-10-03T16:57:31Z	200	53828	https://blert.io/api/v1/challenges/inferno/b338bcb1-72c9-4c52-91b6-45b1e46ce81d/events?stage=210	b338bcb1-72c9-4c52-91b6-45b1e46ce81d.json
2026-10-03T16:57:34Z	200	53773	https://blert.io/api/v1/challenges/inferno/b338bcb1-72c9-4c52-91b6-45b1e46ce81d/events?stage=211	b338bcb1-72c9-4c52-91b6-45b1e46ce81d.json
2026-10-03T16:57:37Z	200	56201	https://blert.io/api/v1/challenges/inferno/b338bcb1-72c9-4c52-91b6-45b1e46ce81d/events?stage=212	b338bcb1-72c9-4c52-91b6-45b1e46ce81d.json
2026-10-03T16:57:40Z	200	75556	https://blert.io/api/v1/challenges/inferno/b338bcb1-72c9-4c52-91b6-45b1e46ce81d/events?stage=213	b338bcb1-72c9-4c52-91b6-45b1e46ce81d.json
2026-10-03T16:57:43Z	200	107250	https://blert.io/api/v1/challenges/inferno/b338bcb1-72c9-4c52-91b6-45b1e46ce81d/events?stage=214	b338bcb1-72c9-4c52-91b6-45b1e46ce81d.json
2026-10-03T16:57:46Z	200	39998	https://blert.io/api/v1/challenges/inferno/b338bcb1-72c9-4c52-91b6-45b1e46ce81d/events?stage=215	b338bcb1-72c9-4c52-91b6-45b1e46ce81d.json
2026-10-03T16:57:49Z	200	15346	https://blert.io/api/v1/challenges/inferno/b338bcb1-72c9-4c52-91b6-45b1e46ce81d/events?stage=216	b338bcb1-72c9-4c52-91b6-45b1e46ce81d.json
2026-10-03T16:57:52Z	200	28681	https://blert.io/api/v1/challenges/inferno/b338bcb1-72c9-4c52-91b6-45b1e46ce81d/events?stage=217	b338bcb1-72c9-4c52-91b6-45b1e46ce81d.json
2026-10-03T16:57:55Z	200	37146	https://blert.io/api/v1/challenges/inferno/b338bcb1-72c9-4c52-91b6-45b1e46ce81d/events?stage=218	b338bcb1-72c9-4c52-91b6-45b1e46ce81d.json
2026-10-03T16:57:58Z	200	48693	https://blert.io/api/v1/challenges/inferno/b338bcb1-72c9-4c52-91b6-45b1e46ce81d/events?stage=219	b338bcb1-72c9-4c52-91b6-45b1e46ce81d.json
2026-10-03T16:58:02Z	200	60414	https://blert.io/api/v1/challenges/inferno/b338bcb1-72c9-4c52-91b6-45b1e46ce81d/events?stage=220	b338bcb1-72c9-4c52-91b6-45b1e46ce81d.json
2026-10-03T16:58:05Z	200	87335	https://blert.io/api/v1/challenges/inferno/b338bcb1-72c9-4c52-91b6-45b1e46ce81d/events?stage=221	b338bcb1-72c9-4c52-91b6-45b1e46ce81d.json
2026-10-03T16:58:08Z	200	68527	https://blert.io/api/v1/challenges/inferno/b338bcb1-72c9-4c52-91b6-45b1e46ce81d/events?stage=222	b338bcb1-72c9-4c52-91b6-45b1e46ce81d.json
2026-10-03T16:58:11Z	200	135238	https://blert.io/api/v1/challenges/inferno/b338bcb1-72c9-4c52-91b6-45b1e46ce81d/events?stage=223	b338bcb1-72c9-4c52-91b6-45b1e46ce81d.json
2026-10-03T16:58:14Z	200	52139	https://blert.io/api/v1/challenges/inferno/b338bcb1-72c9-4c52-91b6-45b1e46ce81d/events?stage=224	b338bcb1-72c9-4c52-91b6-45b1e46ce81d.json
2026-10-03T16:58:17Z	200	48840	https://blert.io/api/v1/challenges/inferno/b338bcb1-72c9-4c52-91b6-45b1e46ce81d/events?stage=225	b338bcb1-72c9-4c52-91b6-45b1e46ce81d.json
2026-10-03T16:58:20Z	200	76689	https://blert.io/api/v1/challenges/inferno/b338bcb1-72c9-4c52-91b6-45b1e46ce81d/events?stage=226	b338bcb1-72c9-4c52-91b6-45b1e46ce81d.json
2026-10-03T16:58:23Z	200	65687	https://blert.io/api/v1/challenges/inferno/b338bcb1-72c9-4c52-91b6-45b1e46ce81d/events?stage=227	b338bcb1-72c9-4c52-91b6-45b1e46ce81d.json
2026-10-03T16:58:26Z	200	100471	https://blert.io/api/v1/challenges/inferno/b338bcb1-72c9-4c52-91b6-45b1e46ce81d/events?stage=228	b338bcb1-72c9-4c52-91b6-45b1e46ce81d.json
2026-10-03T16:58:29Z	200	99443	https://blert.io/api/v1/challenges/inferno/b338bcb1-72c9-4c52-91b6-45b1e46ce81d/events?stage=229	b338bcb1-72c9-4c52-91b6-45b1e46ce81d.json
2026-10-03T16:58:32Z	200	123079	https://blert.io/api/v1/challenges/inferno/b338bcb1-72c9-4c52-91b6-45b1e46ce81d/events?stage=230	b338bcb1-72c9-4c52-91b6-45b1e46ce81d.json
2026-10-03T16:58:35Z	200	53880	https://blert.io/api/v1/challenges/inferno/b338bcb1-72c9-4c52-91b6-45b1e46ce81d/events?stage=231	b338bcb1-72c9-4c52-91b6-45b1e46ce81d.json
2026-10-03T16:58:38Z	200	56289	https://blert.io/api/v1/challenges/inferno/b338bcb1-72c9-4c52-91b6-45b1e46ce81d/events?stage=232	b338bcb1-72c9-4c52-91b6-45b1e46ce81d.json
2026-10-03T16:58:41Z	200	16077	https://blert.io/api/v1/challenges/inferno/b338bcb1-72c9-4c52-91b6-45b1e46ce81d/events?stage=233	b338bcb1-72c9-4c52-91b6-45b1e46ce81d.json
2026-10-03T16:58:44Z	200	54616	https://blert.io/api/v1/challenges/inferno/b338bcb1-72c9-4c52-91b6-45b1e46ce81d/events?stage=234	b338bcb1-72c9-4c52-91b6-45b1e46ce81d.json
2026-10-03T16:58:47Z	200	78114	https://blert.io/api/v1/challenges/inferno/b338bcb1-72c9-4c52-91b6-45b1e46ce81d/events?stage=235	b338bcb1-72c9-4c52-91b6-45b1e46ce81d.json
2026-10-03T16:58:50Z	200	106125	https://blert.io/api/v1/challenges/inferno/b338bcb1-72c9-4c52-91b6-45b1e46ce81d/events?stage=236	b338bcb1-72c9-4c52-91b6-45b1e46ce81d.json
2026-10-03T16:58:53Z	200	116378	https://blert.io/api/v1/challenges/inferno/b338bcb1-72c9-4c52-91b6-45b1e46ce81d/events?stage=237	b338bcb1-72c9-4c52-91b6-45b1e46ce81d.json
2026-10-03T16:58:57Z	200	98296	https://blert.io/api/v1/challenges/inferno/b338bcb1-72c9-4c52-91b6-45b1e46ce81d/events?stage=238	b338bcb1-72c9-4c52-91b6-45b1e46ce81d.json
2026-10-03T16:59:00Z	200	129095	https://blert.io/api/v1/challenges/inferno/b338bcb1-72c9-4c52-91b6-45b1e46ce81d/events?stage=239	b338bcb1-72c9-4c52-91b6-45b1e46ce81d.json
2026-10-03T16:59:03Z	200	146864	https://blert.io/api/v1/challenges/inferno/b338bcb1-72c9-4c52-91b6-45b1e46ce81d/events?stage=240	b338bcb1-72c9-4c52-91b6-45b1e46ce81d.json
2026-10-03T16:59:06Z	200	102245	https://blert.io/api/v1/challenges/inferno/b338bcb1-72c9-4c52-91b6-45b1e46ce81d/events?stage=241	b338bcb1-72c9-4c52-91b6-45b1e46ce81d.json
2026-10-03T16:59:09Z	200	103055	https://blert.io/api/v1/challenges/inferno/b338bcb1-72c9-4c52-91b6-45b1e46ce81d/events?stage=242	b338bcb1-72c9-4c52-91b6-45b1e46ce81d.json
2026-10-03T16:59:12Z	200	85779	https://blert.io/api/v1/challenges/inferno/b338bcb1-72c9-4c52-91b6-45b1e46ce81d/events?stage=243	b338bcb1-72c9-4c52-91b6-45b1e46ce81d.json
2026-10-03T16:59:15Z	200	137246	https://blert.io/api/v1/challenges/inferno/b338bcb1-72c9-4c52-91b6-45b1e46ce81d/events?stage=244	b338bcb1-72c9-4c52-91b6-45b1e46ce81d.json
2026-10-03T16:59:18Z	200	127016	https://blert.io/api/v1/challenges/inferno/b338bcb1-72c9-4c52-91b6-45b1e46ce81d/events?stage=245	b338bcb1-72c9-4c52-91b6-45b1e46ce81d.json
2026-10-03T16:59:21Z	200	161784	https://blert.io/api/v1/challenges/inferno/b338bcb1-72c9-4c52-91b6-45b1e46ce81d/events?stage=246	b338bcb1-72c9-4c52-91b6-45b1e46ce81d.json
2026-10-03T16:59:24Z	200	187887	https://blert.io/api/v1/challenges/inferno/b338bcb1-72c9-4c52-91b6-45b1e46ce81d/events?stage=247	b338bcb1-72c9-4c52-91b6-45b1e46ce81d.json
2026-10-03T16:59:27Z	200	125098	https://blert.io/api/v1/challenges/inferno/b338bcb1-72c9-4c52-91b6-45b1e46ce81d/events?stage=248	b338bcb1-72c9-4c52-91b6-45b1e46ce81d.json
2026-10-03T16:59:30Z	200	115776	https://blert.io/api/v1/challenges/inferno/b338bcb1-72c9-4c52-91b6-45b1e46ce81d/events?stage=249	b338bcb1-72c9-4c52-91b6-45b1e46ce81d.json
2026-10-03T16:59:33Z	200	118054	https://blert.io/api/v1/challenges/inferno/b338bcb1-72c9-4c52-91b6-45b1e46ce81d/events?stage=250	b338bcb1-72c9-4c52-91b6-45b1e46ce81d.json
2026-10-03T16:59:36Z	200	138206	https://blert.io/api/v1/challenges/inferno/b338bcb1-72c9-4c52-91b6-45b1e46ce81d/events?stage=251	b338bcb1-72c9-4c52-91b6-45b1e46ce81d.json
2026-10-03T16:59:39Z	200	422136	https://blert.io/api/v1/challenges/inferno/b338bcb1-72c9-4c52-91b6-45b1e46ce81d/events?stage=252	b338bcb1-72c9-4c52-91b6-45b1e46ce81d.json
2026-10-03T16:59:42Z	200	171690	https://blert.io/api/v1/challenges/inferno/b338bcb1-72c9-4c52-91b6-45b1e46ce81d/events?stage=253	b338bcb1-72c9-4c52-91b6-45b1e46ce81d.json
2026-10-03T16:59:45Z	200	241073	https://blert.io/api/v1/challenges/inferno/b338bcb1-72c9-4c52-91b6-45b1e46ce81d/events?stage=254	b338bcb1-72c9-4c52-91b6-45b1e46ce81d.json
2026-10-03T16:59:49Z	200	289301	https://blert.io/api/v1/challenges/inferno/b338bcb1-72c9-4c52-91b6-45b1e46ce81d/events?stage=255	b338bcb1-72c9-4c52-91b6-45b1e46ce81d.json
2026-10-03T16:59:52Z	200	131865	https://blert.io/api/v1/challenges/inferno/b338bcb1-72c9-4c52-91b6-45b1e46ce81d/events?stage=256	b338bcb1-72c9-4c52-91b6-45b1e46ce81d.json
2026-10-03T16:59:55Z	200	160915	https://blert.io/api/v1/challenges/inferno/b338bcb1-72c9-4c52-91b6-45b1e46ce81d/events?stage=257	b338bcb1-72c9-4c52-91b6-45b1e46ce81d.json
2026-10-03T16:59:58Z	200	218180	https://blert.io/api/v1/challenges/inferno/b338bcb1-72c9-4c52-91b6-45b1e46ce81d/events?stage=258	b338bcb1-72c9-4c52-91b6-45b1e46ce81d.json
2026-10-03T17:00:01Z	200	184746	https://blert.io/api/v1/challenges/inferno/b338bcb1-72c9-4c52-91b6-45b1e46ce81d/events?stage=259	b338bcb1-72c9-4c52-91b6-45b1e46ce81d.json
2026-10-03T17:00:04Z	200	310823	https://blert.io/api/v1/challenges/inferno/b338bcb1-72c9-4c52-91b6-45b1e46ce81d/events?stage=260	b338bcb1-72c9-4c52-91b6-45b1e46ce81d.json
2026-10-03T17:00:07Z	200	253239	https://blert.io/api/v1/challenges/inferno/b338bcb1-72c9-4c52-91b6-45b1e46ce81d/events?stage=261	b338bcb1-72c9-4c52-91b6-45b1e46ce81d.json
2026-10-03T17:00:10Z	200	635742	https://blert.io/api/v1/challenges/inferno/b338bcb1-72c9-4c52-91b6-45b1e46ce81d/events?stage=262	b338bcb1-72c9-4c52-91b6-45b1e46ce81d.json
2026-10-03T17:00:13Z	200	239905	https://blert.io/api/v1/challenges/inferno/b338bcb1-72c9-4c52-91b6-45b1e46ce81d/events?stage=263	b338bcb1-72c9-4c52-91b6-45b1e46ce81d.json
2026-10-03T17:00:16Z	200	127572	https://blert.io/api/v1/challenges/inferno/b338bcb1-72c9-4c52-91b6-45b1e46ce81d/events?stage=264	b338bcb1-72c9-4c52-91b6-45b1e46ce81d.json
2026-10-03T17:00:19Z	200	116519	https://blert.io/api/v1/challenges/inferno/b338bcb1-72c9-4c52-91b6-45b1e46ce81d/events?stage=265	b338bcb1-72c9-4c52-91b6-45b1e46ce81d.json
2026-10-03T17:00:22Z	200	109428	https://blert.io/api/v1/challenges/inferno/b338bcb1-72c9-4c52-91b6-45b1e46ce81d/events?stage=266	b338bcb1-72c9-4c52-91b6-45b1e46ce81d.json
2026-10-03T17:00:25Z	200	288717	https://blert.io/api/v1/challenges/inferno/b338bcb1-72c9-4c52-91b6-45b1e46ce81d/events?stage=267	b338bcb1-72c9-4c52-91b6-45b1e46ce81d.json
2026-10-03T17:00:28Z	200	431733	https://blert.io/api/v1/challenges/inferno/b338bcb1-72c9-4c52-91b6-45b1e46ce81d/events?stage=268	b338bcb1-72c9-4c52-91b6-45b1e46ce81d.json
2026-10-03T17:00:31Z	200	22028	https://blert.io/api/v1/challenges/inferno/1b92d513-852a-4c95-b756-a622b2f5fe9c/events?stage=200	1b92d513-852a-4c95-b756-a622b2f5fe9c.json
2026-10-03T17:00:34Z	200	27229	https://blert.io/api/v1/challenges/inferno/1b92d513-852a-4c95-b756-a622b2f5fe9c/events?stage=201	1b92d513-852a-4c95-b756-a622b2f5fe9c.json
2026-10-03T17:00:37Z	200	17116	https://blert.io/api/v1/challenges/inferno/1b92d513-852a-4c95-b756-a622b2f5fe9c/events?stage=202	1b92d513-852a-4c95-b756-a622b2f5fe9c.json
2026-10-03T17:00:40Z	200	33999	https://blert.io/api/v1/challenges/inferno/1b92d513-852a-4c95-b756-a622b2f5fe9c/events?stage=203	1b92d513-852a-4c95-b756-a622b2f5fe9c.json
2026-10-03T17:00:43Z	200	42571	https://blert.io/api/v1/challenges/inferno/1b92d513-852a-4c95-b756-a622b2f5fe9c/events?stage=204	1b92d513-852a-4c95-b756-a622b2f5fe9c.json
2026-10-03T17:00:46Z	200	53520	https://blert.io/api/v1/challenges/inferno/1b92d513-852a-4c95-b756-a622b2f5fe9c/events?stage=205	1b92d513-852a-4c95-b756-a622b2f5fe9c.json
2026-10-03T17:00:49Z	200	75862	https://blert.io/api/v1/challenges/inferno/1b92d513-852a-4c95-b756-a622b2f5fe9c/events?stage=206	1b92d513-852a-4c95-b756-a622b2f5fe9c.json
2026-10-03T17:00:52Z	200	17122	https://blert.io/api/v1/challenges/inferno/1b92d513-852a-4c95-b756-a622b2f5fe9c/events?stage=207	1b92d513-852a-4c95-b756-a622b2f5fe9c.json
2026-10-03T17:00:56Z	200	23122	https://blert.io/api/v1/challenges/inferno/1b92d513-852a-4c95-b756-a622b2f5fe9c/events?stage=208	1b92d513-852a-4c95-b756-a622b2f5fe9c.json
2026-10-03T17:00:59Z	200	36626	https://blert.io/api/v1/challenges/inferno/1b92d513-852a-4c95-b756-a622b2f5fe9c/events?stage=209	1b92d513-852a-4c95-b756-a622b2f5fe9c.json
2026-10-03T17:01:02Z	200	44045	https://blert.io/api/v1/challenges/inferno/1b92d513-852a-4c95-b756-a622b2f5fe9c/events?stage=210	1b92d513-852a-4c95-b756-a622b2f5fe9c.json
2026-10-03T17:01:05Z	200	56117	https://blert.io/api/v1/challenges/inferno/1b92d513-852a-4c95-b756-a622b2f5fe9c/events?stage=211	1b92d513-852a-4c95-b756-a622b2f5fe9c.json
2026-10-03T17:01:08Z	200	75442	https://blert.io/api/v1/challenges/inferno/1b92d513-852a-4c95-b756-a622b2f5fe9c/events?stage=212	1b92d513-852a-4c95-b756-a622b2f5fe9c.json
2026-10-03T17:01:11Z	200	74444	https://blert.io/api/v1/challenges/inferno/1b92d513-852a-4c95-b756-a622b2f5fe9c/events?stage=213	1b92d513-852a-4c95-b756-a622b2f5fe9c.json
2026-10-03T17:01:14Z	200	94503	https://blert.io/api/v1/challenges/inferno/1b92d513-852a-4c95-b756-a622b2f5fe9c/events?stage=214	1b92d513-852a-4c95-b756-a622b2f5fe9c.json
2026-10-03T17:01:17Z	200	46708	https://blert.io/api/v1/challenges/inferno/1b92d513-852a-4c95-b756-a622b2f5fe9c/events?stage=215	1b92d513-852a-4c95-b756-a622b2f5fe9c.json
2026-10-03T17:01:20Z	200	21111	https://blert.io/api/v1/challenges/inferno/1b92d513-852a-4c95-b756-a622b2f5fe9c/events?stage=216	1b92d513-852a-4c95-b756-a622b2f5fe9c.json
2026-10-03T17:01:23Z	200	29055	https://blert.io/api/v1/challenges/inferno/1b92d513-852a-4c95-b756-a622b2f5fe9c/events?stage=217	1b92d513-852a-4c95-b756-a622b2f5fe9c.json
2026-10-03T17:01:26Z	200	37817	https://blert.io/api/v1/challenges/inferno/1b92d513-852a-4c95-b756-a622b2f5fe9c/events?stage=218	1b92d513-852a-4c95-b756-a622b2f5fe9c.json
2026-10-03T17:01:29Z	200	58699	https://blert.io/api/v1/challenges/inferno/1b92d513-852a-4c95-b756-a622b2f5fe9c/events?stage=219	1b92d513-852a-4c95-b756-a622b2f5fe9c.json
2026-10-03T17:01:32Z	200	70161	https://blert.io/api/v1/challenges/inferno/1b92d513-852a-4c95-b756-a622b2f5fe9c/events?stage=220	1b92d513-852a-4c95-b756-a622b2f5fe9c.json
2026-10-03T17:01:35Z	200	63256	https://blert.io/api/v1/challenges/inferno/1b92d513-852a-4c95-b756-a622b2f5fe9c/events?stage=221	1b92d513-852a-4c95-b756-a622b2f5fe9c.json
2026-10-03T17:01:38Z	200	73337	https://blert.io/api/v1/challenges/inferno/1b92d513-852a-4c95-b756-a622b2f5fe9c/events?stage=222	1b92d513-852a-4c95-b756-a622b2f5fe9c.json
2026-10-03T17:01:41Z	200	104205	https://blert.io/api/v1/challenges/inferno/1b92d513-852a-4c95-b756-a622b2f5fe9c/events?stage=223	1b92d513-852a-4c95-b756-a622b2f5fe9c.json
2026-10-03T17:01:44Z	200	51455	https://blert.io/api/v1/challenges/inferno/1b92d513-852a-4c95-b756-a622b2f5fe9c/events?stage=224	1b92d513-852a-4c95-b756-a622b2f5fe9c.json
2026-10-03T17:01:48Z	200	65098	https://blert.io/api/v1/challenges/inferno/1b92d513-852a-4c95-b756-a622b2f5fe9c/events?stage=225	1b92d513-852a-4c95-b756-a622b2f5fe9c.json
2026-10-03T17:01:51Z	200	58940	https://blert.io/api/v1/challenges/inferno/1b92d513-852a-4c95-b756-a622b2f5fe9c/events?stage=226	1b92d513-852a-4c95-b756-a622b2f5fe9c.json
2026-10-03T17:01:54Z	200	94936	https://blert.io/api/v1/challenges/inferno/1b92d513-852a-4c95-b756-a622b2f5fe9c/events?stage=227	1b92d513-852a-4c95-b756-a622b2f5fe9c.json
2026-10-03T17:01:57Z	200	84726	https://blert.io/api/v1/challenges/inferno/1b92d513-852a-4c95-b756-a622b2f5fe9c/events?stage=228	1b92d513-852a-4c95-b756-a622b2f5fe9c.json
2026-10-03T17:02:00Z	200	102385	https://blert.io/api/v1/challenges/inferno/1b92d513-852a-4c95-b756-a622b2f5fe9c/events?stage=229	1b92d513-852a-4c95-b756-a622b2f5fe9c.json
2026-10-03T17:02:03Z	200	124547	https://blert.io/api/v1/challenges/inferno/1b92d513-852a-4c95-b756-a622b2f5fe9c/events?stage=230	1b92d513-852a-4c95-b756-a622b2f5fe9c.json
2026-10-03T17:02:06Z	200	58164	https://blert.io/api/v1/challenges/inferno/1b92d513-852a-4c95-b756-a622b2f5fe9c/events?stage=231	1b92d513-852a-4c95-b756-a622b2f5fe9c.json
2026-10-03T17:02:09Z	200	46091	https://blert.io/api/v1/challenges/inferno/1b92d513-852a-4c95-b756-a622b2f5fe9c/events?stage=232	1b92d513-852a-4c95-b756-a622b2f5fe9c.json
2026-10-03T17:02:12Z	200	17129	https://blert.io/api/v1/challenges/inferno/1b92d513-852a-4c95-b756-a622b2f5fe9c/events?stage=233	1b92d513-852a-4c95-b756-a622b2f5fe9c.json
2026-10-03T17:02:15Z	200	28365	https://blert.io/api/v1/challenges/inferno/1b92d513-852a-4c95-b756-a622b2f5fe9c/events?stage=234	1b92d513-852a-4c95-b756-a622b2f5fe9c.json
2026-10-03T17:02:18Z	200	44311	https://blert.io/api/v1/challenges/inferno/1b92d513-852a-4c95-b756-a622b2f5fe9c/events?stage=235	1b92d513-852a-4c95-b756-a622b2f5fe9c.json
2026-10-03T17:02:21Z	200	58109	https://blert.io/api/v1/challenges/inferno/1b92d513-852a-4c95-b756-a622b2f5fe9c/events?stage=236	1b92d513-852a-4c95-b756-a622b2f5fe9c.json
2026-10-03T17:02:24Z	200	74150	https://blert.io/api/v1/challenges/inferno/1b92d513-852a-4c95-b756-a622b2f5fe9c/events?stage=237	1b92d513-852a-4c95-b756-a622b2f5fe9c.json
2026-10-03T17:02:27Z	200	86868	https://blert.io/api/v1/challenges/inferno/1b92d513-852a-4c95-b756-a622b2f5fe9c/events?stage=238	1b92d513-852a-4c95-b756-a622b2f5fe9c.json
2026-10-03T17:02:30Z	200	94526	https://blert.io/api/v1/challenges/inferno/1b92d513-852a-4c95-b756-a622b2f5fe9c/events?stage=239	1b92d513-852a-4c95-b756-a622b2f5fe9c.json
2026-10-03T17:02:33Z	200	146725	https://blert.io/api/v1/challenges/inferno/1b92d513-852a-4c95-b756-a622b2f5fe9c/events?stage=240	1b92d513-852a-4c95-b756-a622b2f5fe9c.json
2026-10-03T17:02:36Z	200	75328	https://blert.io/api/v1/challenges/inferno/1b92d513-852a-4c95-b756-a622b2f5fe9c/events?stage=241	1b92d513-852a-4c95-b756-a622b2f5fe9c.json
2026-10-03T17:02:39Z	200	68792	https://blert.io/api/v1/challenges/inferno/1b92d513-852a-4c95-b756-a622b2f5fe9c/events?stage=242	1b92d513-852a-4c95-b756-a622b2f5fe9c.json
2026-10-03T17:02:43Z	200	110083	https://blert.io/api/v1/challenges/inferno/1b92d513-852a-4c95-b756-a622b2f5fe9c/events?stage=243	1b92d513-852a-4c95-b756-a622b2f5fe9c.json
2026-10-03T17:02:46Z	200	141862	https://blert.io/api/v1/challenges/inferno/1b92d513-852a-4c95-b756-a622b2f5fe9c/events?stage=244	1b92d513-852a-4c95-b756-a622b2f5fe9c.json
2026-10-03T17:02:49Z	200	136420	https://blert.io/api/v1/challenges/inferno/1b92d513-852a-4c95-b756-a622b2f5fe9c/events?stage=245	1b92d513-852a-4c95-b756-a622b2f5fe9c.json
2026-10-03T17:02:52Z	200	133315	https://blert.io/api/v1/challenges/inferno/1b92d513-852a-4c95-b756-a622b2f5fe9c/events?stage=246	1b92d513-852a-4c95-b756-a622b2f5fe9c.json
2026-10-03T17:02:55Z	200	157338	https://blert.io/api/v1/challenges/inferno/1b92d513-852a-4c95-b756-a622b2f5fe9c/events?stage=247	1b92d513-852a-4c95-b756-a622b2f5fe9c.json
2026-10-03T17:02:58Z	200	81331	https://blert.io/api/v1/challenges/inferno/1b92d513-852a-4c95-b756-a622b2f5fe9c/events?stage=248	1b92d513-852a-4c95-b756-a622b2f5fe9c.json
2026-10-03T17:03:01Z	200	68871	https://blert.io/api/v1/challenges/inferno/1b92d513-852a-4c95-b756-a622b2f5fe9c/events?stage=249	1b92d513-852a-4c95-b756-a622b2f5fe9c.json
2026-10-03T17:03:04Z	200	120966	https://blert.io/api/v1/challenges/inferno/1b92d513-852a-4c95-b756-a622b2f5fe9c/events?stage=250	1b92d513-852a-4c95-b756-a622b2f5fe9c.json
2026-10-03T17:03:07Z	200	105387	https://blert.io/api/v1/challenges/inferno/1b92d513-852a-4c95-b756-a622b2f5fe9c/events?stage=251	1b92d513-852a-4c95-b756-a622b2f5fe9c.json
2026-10-03T17:03:10Z	200	134038	https://blert.io/api/v1/challenges/inferno/1b92d513-852a-4c95-b756-a622b2f5fe9c/events?stage=252	1b92d513-852a-4c95-b756-a622b2f5fe9c.json
2026-10-03T17:03:13Z	200	143249	https://blert.io/api/v1/challenges/inferno/1b92d513-852a-4c95-b756-a622b2f5fe9c/events?stage=253	1b92d513-852a-4c95-b756-a622b2f5fe9c.json
2026-10-03T17:03:16Z	200	140503	https://blert.io/api/v1/challenges/inferno/1b92d513-852a-4c95-b756-a622b2f5fe9c/events?stage=254	1b92d513-852a-4c95-b756-a622b2f5fe9c.json
2026-10-03T17:03:19Z	200	192034	https://blert.io/api/v1/challenges/inferno/1b92d513-852a-4c95-b756-a622b2f5fe9c/events?stage=255	1b92d513-852a-4c95-b756-a622b2f5fe9c.json
2026-10-03T17:03:22Z	200	165988	https://blert.io/api/v1/challenges/inferno/1b92d513-852a-4c95-b756-a622b2f5fe9c/events?stage=256	1b92d513-852a-4c95-b756-a622b2f5fe9c.json
2026-10-03T17:03:25Z	200	147799	https://blert.io/api/v1/challenges/inferno/1b92d513-852a-4c95-b756-a622b2f5fe9c/events?stage=257	1b92d513-852a-4c95-b756-a622b2f5fe9c.json
2026-10-03T17:03:28Z	200	130415	https://blert.io/api/v1/challenges/inferno/1b92d513-852a-4c95-b756-a622b2f5fe9c/events?stage=258	1b92d513-852a-4c95-b756-a622b2f5fe9c.json
2026-10-03T17:03:31Z	200	139979	https://blert.io/api/v1/challenges/inferno/1b92d513-852a-4c95-b756-a622b2f5fe9c/events?stage=259	1b92d513-852a-4c95-b756-a622b2f5fe9c.json
2026-10-03T17:03:34Z	200	155075	https://blert.io/api/v1/challenges/inferno/1b92d513-852a-4c95-b756-a622b2f5fe9c/events?stage=260	1b92d513-852a-4c95-b756-a622b2f5fe9c.json
2026-10-03T17:03:38Z	200	289310	https://blert.io/api/v1/challenges/inferno/1b92d513-852a-4c95-b756-a622b2f5fe9c/events?stage=261	1b92d513-852a-4c95-b756-a622b2f5fe9c.json
2026-10-03T17:03:41Z	200	288058	https://blert.io/api/v1/challenges/inferno/1b92d513-852a-4c95-b756-a622b2f5fe9c/events?stage=262	1b92d513-852a-4c95-b756-a622b2f5fe9c.json
2026-10-03T17:03:44Z	200	667375	https://blert.io/api/v1/challenges/inferno/1b92d513-852a-4c95-b756-a622b2f5fe9c/events?stage=263	1b92d513-852a-4c95-b756-a622b2f5fe9c.json
2026-10-03T17:03:47Z	200	99074	https://blert.io/api/v1/challenges/inferno/1b92d513-852a-4c95-b756-a622b2f5fe9c/events?stage=264	1b92d513-852a-4c95-b756-a622b2f5fe9c.json
2026-10-03T17:03:50Z	200	119975	https://blert.io/api/v1/challenges/inferno/1b92d513-852a-4c95-b756-a622b2f5fe9c/events?stage=265	1b92d513-852a-4c95-b756-a622b2f5fe9c.json
2026-10-03T17:03:53Z	200	70509	https://blert.io/api/v1/challenges/inferno/1b92d513-852a-4c95-b756-a622b2f5fe9c/events?stage=266	1b92d513-852a-4c95-b756-a622b2f5fe9c.json
2026-10-03T17:03:56Z	200	225879	https://blert.io/api/v1/challenges/inferno/1b92d513-852a-4c95-b756-a622b2f5fe9c/events?stage=267	1b92d513-852a-4c95-b756-a622b2f5fe9c.json
2026-10-03T17:03:59Z	200	379702	https://blert.io/api/v1/challenges/inferno/1b92d513-852a-4c95-b756-a622b2f5fe9c/events?stage=268	1b92d513-852a-4c95-b756-a622b2f5fe9c.json
2026-10-03T17:04:02Z	200	21611	https://blert.io/api/v1/challenges/inferno/d66dfff5-2bc1-48ac-a364-b2eeb1d34f8c/events?stage=200	d66dfff5-2bc1-48ac-a364-b2eeb1d34f8c.json
2026-10-03T17:04:05Z	200	24966	https://blert.io/api/v1/challenges/inferno/d66dfff5-2bc1-48ac-a364-b2eeb1d34f8c/events?stage=201	d66dfff5-2bc1-48ac-a364-b2eeb1d34f8c.json
2026-10-03T17:04:08Z	200	27399	https://blert.io/api/v1/challenges/inferno/d66dfff5-2bc1-48ac-a364-b2eeb1d34f8c/events?stage=202	d66dfff5-2bc1-48ac-a364-b2eeb1d34f8c.json
2026-10-03T17:04:11Z	200	53066	https://blert.io/api/v1/challenges/inferno/d66dfff5-2bc1-48ac-a364-b2eeb1d34f8c/events?stage=203	d66dfff5-2bc1-48ac-a364-b2eeb1d34f8c.json
2026-10-03T17:04:14Z	200	45353	https://blert.io/api/v1/challenges/inferno/d66dfff5-2bc1-48ac-a364-b2eeb1d34f8c/events?stage=204	d66dfff5-2bc1-48ac-a364-b2eeb1d34f8c.json
2026-10-03T17:04:17Z	200	62030	https://blert.io/api/v1/challenges/inferno/d66dfff5-2bc1-48ac-a364-b2eeb1d34f8c/events?stage=205	d66dfff5-2bc1-48ac-a364-b2eeb1d34f8c.json
2026-10-03T17:04:20Z	200	55142	https://blert.io/api/v1/challenges/inferno/d66dfff5-2bc1-48ac-a364-b2eeb1d34f8c/events?stage=206	d66dfff5-2bc1-48ac-a364-b2eeb1d34f8c.json
2026-10-03T17:04:23Z	200	20978	https://blert.io/api/v1/challenges/inferno/d66dfff5-2bc1-48ac-a364-b2eeb1d34f8c/events?stage=207	d66dfff5-2bc1-48ac-a364-b2eeb1d34f8c.json
2026-10-03T17:04:26Z	200	45879	https://blert.io/api/v1/challenges/inferno/d66dfff5-2bc1-48ac-a364-b2eeb1d34f8c/events?stage=208	d66dfff5-2bc1-48ac-a364-b2eeb1d34f8c.json
2026-10-03T17:04:29Z	200	31592	https://blert.io/api/v1/challenges/inferno/d66dfff5-2bc1-48ac-a364-b2eeb1d34f8c/events?stage=209	d66dfff5-2bc1-48ac-a364-b2eeb1d34f8c.json
2026-10-03T17:04:32Z	200	52996	https://blert.io/api/v1/challenges/inferno/d66dfff5-2bc1-48ac-a364-b2eeb1d34f8c/events?stage=210	d66dfff5-2bc1-48ac-a364-b2eeb1d34f8c.json
2026-10-03T17:04:35Z	200	61672	https://blert.io/api/v1/challenges/inferno/d66dfff5-2bc1-48ac-a364-b2eeb1d34f8c/events?stage=211	d66dfff5-2bc1-48ac-a364-b2eeb1d34f8c.json
2026-10-03T17:04:38Z	200	79557	https://blert.io/api/v1/challenges/inferno/d66dfff5-2bc1-48ac-a364-b2eeb1d34f8c/events?stage=212	d66dfff5-2bc1-48ac-a364-b2eeb1d34f8c.json
2026-10-03T17:04:42Z	200	68105	https://blert.io/api/v1/challenges/inferno/d66dfff5-2bc1-48ac-a364-b2eeb1d34f8c/events?stage=213	d66dfff5-2bc1-48ac-a364-b2eeb1d34f8c.json
2026-10-03T17:04:45Z	200	88961	https://blert.io/api/v1/challenges/inferno/d66dfff5-2bc1-48ac-a364-b2eeb1d34f8c/events?stage=214	d66dfff5-2bc1-48ac-a364-b2eeb1d34f8c.json
2026-10-03T17:04:48Z	200	66953	https://blert.io/api/v1/challenges/inferno/d66dfff5-2bc1-48ac-a364-b2eeb1d34f8c/events?stage=215	d66dfff5-2bc1-48ac-a364-b2eeb1d34f8c.json
2026-10-03T17:04:51Z	200	15486	https://blert.io/api/v1/challenges/inferno/d66dfff5-2bc1-48ac-a364-b2eeb1d34f8c/events?stage=216	d66dfff5-2bc1-48ac-a364-b2eeb1d34f8c.json
2026-10-03T17:04:54Z	200	42354	https://blert.io/api/v1/challenges/inferno/d66dfff5-2bc1-48ac-a364-b2eeb1d34f8c/events?stage=217	d66dfff5-2bc1-48ac-a364-b2eeb1d34f8c.json
2026-10-03T17:04:57Z	200	59543	https://blert.io/api/v1/challenges/inferno/d66dfff5-2bc1-48ac-a364-b2eeb1d34f8c/events?stage=218	d66dfff5-2bc1-48ac-a364-b2eeb1d34f8c.json
2026-10-03T17:05:00Z	200	70797	https://blert.io/api/v1/challenges/inferno/d66dfff5-2bc1-48ac-a364-b2eeb1d34f8c/events?stage=219	d66dfff5-2bc1-48ac-a364-b2eeb1d34f8c.json
2026-10-03T17:05:03Z	200	74843	https://blert.io/api/v1/challenges/inferno/d66dfff5-2bc1-48ac-a364-b2eeb1d34f8c/events?stage=220	d66dfff5-2bc1-48ac-a364-b2eeb1d34f8c.json
2026-10-03T17:05:06Z	200	73207	https://blert.io/api/v1/challenges/inferno/d66dfff5-2bc1-48ac-a364-b2eeb1d34f8c/events?stage=221	d66dfff5-2bc1-48ac-a364-b2eeb1d34f8c.json
2026-10-03T17:05:09Z	200	115182	https://blert.io/api/v1/challenges/inferno/d66dfff5-2bc1-48ac-a364-b2eeb1d34f8c/events?stage=222	d66dfff5-2bc1-48ac-a364-b2eeb1d34f8c.json
2026-10-03T17:05:12Z	200	119608	https://blert.io/api/v1/challenges/inferno/d66dfff5-2bc1-48ac-a364-b2eeb1d34f8c/events?stage=223	d66dfff5-2bc1-48ac-a364-b2eeb1d34f8c.json
2026-10-03T17:05:15Z	200	56220	https://blert.io/api/v1/challenges/inferno/d66dfff5-2bc1-48ac-a364-b2eeb1d34f8c/events?stage=224	d66dfff5-2bc1-48ac-a364-b2eeb1d34f8c.json
2026-10-03T17:05:18Z	200	76618	https://blert.io/api/v1/challenges/inferno/d66dfff5-2bc1-48ac-a364-b2eeb1d34f8c/events?stage=225	d66dfff5-2bc1-48ac-a364-b2eeb1d34f8c.json
2026-10-03T17:05:21Z	200	85695	https://blert.io/api/v1/challenges/inferno/d66dfff5-2bc1-48ac-a364-b2eeb1d34f8c/events?stage=226	d66dfff5-2bc1-48ac-a364-b2eeb1d34f8c.json
2026-10-03T17:05:24Z	200	103862	https://blert.io/api/v1/challenges/inferno/d66dfff5-2bc1-48ac-a364-b2eeb1d34f8c/events?stage=227	d66dfff5-2bc1-48ac-a364-b2eeb1d34f8c.json
2026-10-03T17:05:27Z	200	119818	https://blert.io/api/v1/challenges/inferno/d66dfff5-2bc1-48ac-a364-b2eeb1d34f8c/events?stage=228	d66dfff5-2bc1-48ac-a364-b2eeb1d34f8c.json
2026-10-03T17:05:30Z	200	128918	https://blert.io/api/v1/challenges/inferno/d66dfff5-2bc1-48ac-a364-b2eeb1d34f8c/events?stage=229	d66dfff5-2bc1-48ac-a364-b2eeb1d34f8c.json
2026-10-03T17:05:34Z	200	124172	https://blert.io/api/v1/challenges/inferno/d66dfff5-2bc1-48ac-a364-b2eeb1d34f8c/events?stage=230	d66dfff5-2bc1-48ac-a364-b2eeb1d34f8c.json
2026-10-03T17:05:37Z	200	138922	https://blert.io/api/v1/challenges/inferno/d66dfff5-2bc1-48ac-a364-b2eeb1d34f8c/events?stage=231	d66dfff5-2bc1-48ac-a364-b2eeb1d34f8c.json
2026-10-03T17:05:40Z	200	83268	https://blert.io/api/v1/challenges/inferno/d66dfff5-2bc1-48ac-a364-b2eeb1d34f8c/events?stage=232	d66dfff5-2bc1-48ac-a364-b2eeb1d34f8c.json
2026-10-03T17:05:43Z	200	33282	https://blert.io/api/v1/challenges/inferno/d66dfff5-2bc1-48ac-a364-b2eeb1d34f8c/events?stage=233	d66dfff5-2bc1-48ac-a364-b2eeb1d34f8c.json
2026-10-03T17:05:46Z	200	44003	https://blert.io/api/v1/challenges/inferno/d66dfff5-2bc1-48ac-a364-b2eeb1d34f8c/events?stage=234	d66dfff5-2bc1-48ac-a364-b2eeb1d34f8c.json
2026-10-03T17:05:49Z	200	50831	https://blert.io/api/v1/challenges/inferno/d66dfff5-2bc1-48ac-a364-b2eeb1d34f8c/events?stage=235	d66dfff5-2bc1-48ac-a364-b2eeb1d34f8c.json
2026-10-03T17:05:52Z	200	56889	https://blert.io/api/v1/challenges/inferno/d66dfff5-2bc1-48ac-a364-b2eeb1d34f8c/events?stage=236	d66dfff5-2bc1-48ac-a364-b2eeb1d34f8c.json
2026-10-03T17:05:55Z	200	124987	https://blert.io/api/v1/challenges/inferno/d66dfff5-2bc1-48ac-a364-b2eeb1d34f8c/events?stage=237	d66dfff5-2bc1-48ac-a364-b2eeb1d34f8c.json
2026-10-03T17:05:58Z	200	89397	https://blert.io/api/v1/challenges/inferno/d66dfff5-2bc1-48ac-a364-b2eeb1d34f8c/events?stage=238	d66dfff5-2bc1-48ac-a364-b2eeb1d34f8c.json
2026-10-03T17:06:01Z	200	102431	https://blert.io/api/v1/challenges/inferno/d66dfff5-2bc1-48ac-a364-b2eeb1d34f8c/events?stage=239	d66dfff5-2bc1-48ac-a364-b2eeb1d34f8c.json
2026-10-03T17:06:04Z	200	124568	https://blert.io/api/v1/challenges/inferno/d66dfff5-2bc1-48ac-a364-b2eeb1d34f8c/events?stage=240	d66dfff5-2bc1-48ac-a364-b2eeb1d34f8c.json
2026-10-03T17:06:07Z	200	98891	https://blert.io/api/v1/challenges/inferno/d66dfff5-2bc1-48ac-a364-b2eeb1d34f8c/events?stage=241	d66dfff5-2bc1-48ac-a364-b2eeb1d34f8c.json
2026-10-03T17:06:10Z	200	94345	https://blert.io/api/v1/challenges/inferno/d66dfff5-2bc1-48ac-a364-b2eeb1d34f8c/events?stage=242	d66dfff5-2bc1-48ac-a364-b2eeb1d34f8c.json
2026-10-03T17:06:13Z	200	266880	https://blert.io/api/v1/challenges/inferno/d66dfff5-2bc1-48ac-a364-b2eeb1d34f8c/events?stage=243	d66dfff5-2bc1-48ac-a364-b2eeb1d34f8c.json
2026-10-03T17:06:16Z	200	101927	https://blert.io/api/v1/challenges/inferno/d66dfff5-2bc1-48ac-a364-b2eeb1d34f8c/events?stage=244	d66dfff5-2bc1-48ac-a364-b2eeb1d34f8c.json
2026-10-03T17:06:19Z	200	196678	https://blert.io/api/v1/challenges/inferno/d66dfff5-2bc1-48ac-a364-b2eeb1d34f8c/events?stage=245	d66dfff5-2bc1-48ac-a364-b2eeb1d34f8c.json
2026-10-03T17:06:22Z	200	166601	https://blert.io/api/v1/challenges/inferno/d66dfff5-2bc1-48ac-a364-b2eeb1d34f8c/events?stage=246	d66dfff5-2bc1-48ac-a364-b2eeb1d34f8c.json
2026-10-03T17:06:25Z	200	181009	https://blert.io/api/v1/challenges/inferno/d66dfff5-2bc1-48ac-a364-b2eeb1d34f8c/events?stage=247	d66dfff5-2bc1-48ac-a364-b2eeb1d34f8c.json
2026-10-03T17:06:29Z	200	93317	https://blert.io/api/v1/challenges/inferno/d66dfff5-2bc1-48ac-a364-b2eeb1d34f8c/events?stage=248	d66dfff5-2bc1-48ac-a364-b2eeb1d34f8c.json
2026-10-03T17:06:32Z	200	96132	https://blert.io/api/v1/challenges/inferno/d66dfff5-2bc1-48ac-a364-b2eeb1d34f8c/events?stage=249	d66dfff5-2bc1-48ac-a364-b2eeb1d34f8c.json
2026-10-03T17:06:35Z	200	89274	https://blert.io/api/v1/challenges/inferno/d66dfff5-2bc1-48ac-a364-b2eeb1d34f8c/events?stage=250	d66dfff5-2bc1-48ac-a364-b2eeb1d34f8c.json
2026-10-03T17:06:38Z	200	114077	https://blert.io/api/v1/challenges/inferno/d66dfff5-2bc1-48ac-a364-b2eeb1d34f8c/events?stage=251	d66dfff5-2bc1-48ac-a364-b2eeb1d34f8c.json
2026-10-03T17:06:41Z	200	295252	https://blert.io/api/v1/challenges/inferno/d66dfff5-2bc1-48ac-a364-b2eeb1d34f8c/events?stage=252	d66dfff5-2bc1-48ac-a364-b2eeb1d34f8c.json
2026-10-03T17:06:44Z	200	174987	https://blert.io/api/v1/challenges/inferno/d66dfff5-2bc1-48ac-a364-b2eeb1d34f8c/events?stage=253	d66dfff5-2bc1-48ac-a364-b2eeb1d34f8c.json
2026-10-03T17:06:47Z	200	300542	https://blert.io/api/v1/challenges/inferno/d66dfff5-2bc1-48ac-a364-b2eeb1d34f8c/events?stage=254	d66dfff5-2bc1-48ac-a364-b2eeb1d34f8c.json
2026-10-03T17:06:50Z	200	164623	https://blert.io/api/v1/challenges/inferno/d66dfff5-2bc1-48ac-a364-b2eeb1d34f8c/events?stage=255	d66dfff5-2bc1-48ac-a364-b2eeb1d34f8c.json
2026-10-03T17:06:53Z	200	145278	https://blert.io/api/v1/challenges/inferno/d66dfff5-2bc1-48ac-a364-b2eeb1d34f8c/events?stage=256	d66dfff5-2bc1-48ac-a364-b2eeb1d34f8c.json
2026-10-03T17:06:56Z	200	232165	https://blert.io/api/v1/challenges/inferno/d66dfff5-2bc1-48ac-a364-b2eeb1d34f8c/events?stage=257	d66dfff5-2bc1-48ac-a364-b2eeb1d34f8c.json
2026-10-03T17:06:59Z	200	181587	https://blert.io/api/v1/challenges/inferno/d66dfff5-2bc1-48ac-a364-b2eeb1d34f8c/events?stage=258	d66dfff5-2bc1-48ac-a364-b2eeb1d34f8c.json
2026-10-03T17:07:02Z	200	246464	https://blert.io/api/v1/challenges/inferno/d66dfff5-2bc1-48ac-a364-b2eeb1d34f8c/events?stage=259	d66dfff5-2bc1-48ac-a364-b2eeb1d34f8c.json
2026-10-03T17:07:05Z	200	276943	https://blert.io/api/v1/challenges/inferno/d66dfff5-2bc1-48ac-a364-b2eeb1d34f8c/events?stage=260	d66dfff5-2bc1-48ac-a364-b2eeb1d34f8c.json
2026-10-03T17:07:08Z	200	243648	https://blert.io/api/v1/challenges/inferno/d66dfff5-2bc1-48ac-a364-b2eeb1d34f8c/events?stage=261	d66dfff5-2bc1-48ac-a364-b2eeb1d34f8c.json
2026-10-03T17:07:11Z	200	189767	https://blert.io/api/v1/challenges/inferno/d66dfff5-2bc1-48ac-a364-b2eeb1d34f8c/events?stage=262	d66dfff5-2bc1-48ac-a364-b2eeb1d34f8c.json
2026-10-03T17:07:14Z	200	128510	https://blert.io/api/v1/challenges/inferno/d66dfff5-2bc1-48ac-a364-b2eeb1d34f8c/events?stage=263	d66dfff5-2bc1-48ac-a364-b2eeb1d34f8c.json
2026-10-03T17:07:17Z	200	111704	https://blert.io/api/v1/challenges/inferno/d66dfff5-2bc1-48ac-a364-b2eeb1d34f8c/events?stage=264	d66dfff5-2bc1-48ac-a364-b2eeb1d34f8c.json
2026-10-03T17:07:20Z	200	87999	https://blert.io/api/v1/challenges/inferno/d66dfff5-2bc1-48ac-a364-b2eeb1d34f8c/events?stage=265	d66dfff5-2bc1-48ac-a364-b2eeb1d34f8c.json
2026-10-03T17:07:23Z	200	102514	https://blert.io/api/v1/challenges/inferno/d66dfff5-2bc1-48ac-a364-b2eeb1d34f8c/events?stage=266	d66dfff5-2bc1-48ac-a364-b2eeb1d34f8c.json
2026-10-03T17:07:27Z	200	330396	https://blert.io/api/v1/challenges/inferno/d66dfff5-2bc1-48ac-a364-b2eeb1d34f8c/events?stage=267	d66dfff5-2bc1-48ac-a364-b2eeb1d34f8c.json
2026-10-03T17:07:30Z	200	475512	https://blert.io/api/v1/challenges/inferno/d66dfff5-2bc1-48ac-a364-b2eeb1d34f8c/events?stage=268	d66dfff5-2bc1-48ac-a364-b2eeb1d34f8c.json
2026-10-03T17:07:32Z	200	24675	https://blert.io/api/v1/challenges/inferno/6a865311-1ada-4a12-8342-2a66a6181ae3/events?stage=200	6a865311-1ada-4a12-8342-2a66a6181ae3.json
2026-10-03T17:07:36Z	200	25257	https://blert.io/api/v1/challenges/inferno/6a865311-1ada-4a12-8342-2a66a6181ae3/events?stage=201	6a865311-1ada-4a12-8342-2a66a6181ae3.json
2026-10-03T17:07:39Z	200	20709	https://blert.io/api/v1/challenges/inferno/6a865311-1ada-4a12-8342-2a66a6181ae3/events?stage=202	6a865311-1ada-4a12-8342-2a66a6181ae3.json
2026-10-03T17:07:42Z	200	42320	https://blert.io/api/v1/challenges/inferno/6a865311-1ada-4a12-8342-2a66a6181ae3/events?stage=203	6a865311-1ada-4a12-8342-2a66a6181ae3.json
2026-10-03T17:07:45Z	200	56923	https://blert.io/api/v1/challenges/inferno/6a865311-1ada-4a12-8342-2a66a6181ae3/events?stage=204	6a865311-1ada-4a12-8342-2a66a6181ae3.json
2026-10-03T17:07:48Z	200	81188	https://blert.io/api/v1/challenges/inferno/6a865311-1ada-4a12-8342-2a66a6181ae3/events?stage=205	6a865311-1ada-4a12-8342-2a66a6181ae3.json
2026-10-03T17:07:51Z	200	65468	https://blert.io/api/v1/challenges/inferno/6a865311-1ada-4a12-8342-2a66a6181ae3/events?stage=206	6a865311-1ada-4a12-8342-2a66a6181ae3.json
2026-10-03T17:07:54Z	200	26975	https://blert.io/api/v1/challenges/inferno/6a865311-1ada-4a12-8342-2a66a6181ae3/events?stage=207	6a865311-1ada-4a12-8342-2a66a6181ae3.json
2026-10-03T17:07:57Z	200	27811	https://blert.io/api/v1/challenges/inferno/6a865311-1ada-4a12-8342-2a66a6181ae3/events?stage=208	6a865311-1ada-4a12-8342-2a66a6181ae3.json
2026-10-03T17:08:00Z	200	21843	https://blert.io/api/v1/challenges/inferno/6a865311-1ada-4a12-8342-2a66a6181ae3/events?stage=209	6a865311-1ada-4a12-8342-2a66a6181ae3.json
2026-10-03T17:08:03Z	200	40121	https://blert.io/api/v1/challenges/inferno/6a865311-1ada-4a12-8342-2a66a6181ae3/events?stage=210	6a865311-1ada-4a12-8342-2a66a6181ae3.json
2026-10-03T17:08:06Z	200	80712	https://blert.io/api/v1/challenges/inferno/6a865311-1ada-4a12-8342-2a66a6181ae3/events?stage=211	6a865311-1ada-4a12-8342-2a66a6181ae3.json
2026-10-03T17:08:09Z	200	70131	https://blert.io/api/v1/challenges/inferno/6a865311-1ada-4a12-8342-2a66a6181ae3/events?stage=212	6a865311-1ada-4a12-8342-2a66a6181ae3.json
2026-10-03T17:08:12Z	200	93202	https://blert.io/api/v1/challenges/inferno/6a865311-1ada-4a12-8342-2a66a6181ae3/events?stage=213	6a865311-1ada-4a12-8342-2a66a6181ae3.json
2026-10-03T17:08:15Z	200	102808	https://blert.io/api/v1/challenges/inferno/6a865311-1ada-4a12-8342-2a66a6181ae3/events?stage=214	6a865311-1ada-4a12-8342-2a66a6181ae3.json
2026-10-03T17:08:18Z	200	43345	https://blert.io/api/v1/challenges/inferno/6a865311-1ada-4a12-8342-2a66a6181ae3/events?stage=215	6a865311-1ada-4a12-8342-2a66a6181ae3.json
2026-10-03T17:08:21Z	200	22383	https://blert.io/api/v1/challenges/inferno/6a865311-1ada-4a12-8342-2a66a6181ae3/events?stage=216	6a865311-1ada-4a12-8342-2a66a6181ae3.json
2026-10-03T17:08:24Z	200	37027	https://blert.io/api/v1/challenges/inferno/6a865311-1ada-4a12-8342-2a66a6181ae3/events?stage=217	6a865311-1ada-4a12-8342-2a66a6181ae3.json
2026-10-03T17:08:28Z	200	38118	https://blert.io/api/v1/challenges/inferno/6a865311-1ada-4a12-8342-2a66a6181ae3/events?stage=218	6a865311-1ada-4a12-8342-2a66a6181ae3.json
2026-10-03T17:08:31Z	200	58771	https://blert.io/api/v1/challenges/inferno/6a865311-1ada-4a12-8342-2a66a6181ae3/events?stage=219	6a865311-1ada-4a12-8342-2a66a6181ae3.json
2026-10-03T17:08:34Z	200	68877	https://blert.io/api/v1/challenges/inferno/6a865311-1ada-4a12-8342-2a66a6181ae3/events?stage=220	6a865311-1ada-4a12-8342-2a66a6181ae3.json
2026-10-03T17:08:37Z	200	81815	https://blert.io/api/v1/challenges/inferno/6a865311-1ada-4a12-8342-2a66a6181ae3/events?stage=221	6a865311-1ada-4a12-8342-2a66a6181ae3.json
2026-10-03T17:08:40Z	200	99101	https://blert.io/api/v1/challenges/inferno/6a865311-1ada-4a12-8342-2a66a6181ae3/events?stage=222	6a865311-1ada-4a12-8342-2a66a6181ae3.json
2026-10-03T17:08:43Z	200	114325	https://blert.io/api/v1/challenges/inferno/6a865311-1ada-4a12-8342-2a66a6181ae3/events?stage=223	6a865311-1ada-4a12-8342-2a66a6181ae3.json
2026-10-03T17:08:46Z	200	58529	https://blert.io/api/v1/challenges/inferno/6a865311-1ada-4a12-8342-2a66a6181ae3/events?stage=224	6a865311-1ada-4a12-8342-2a66a6181ae3.json
2026-10-03T17:08:49Z	200	65129	https://blert.io/api/v1/challenges/inferno/6a865311-1ada-4a12-8342-2a66a6181ae3/events?stage=225	6a865311-1ada-4a12-8342-2a66a6181ae3.json
2026-10-03T17:08:52Z	200	69636	https://blert.io/api/v1/challenges/inferno/6a865311-1ada-4a12-8342-2a66a6181ae3/events?stage=226	6a865311-1ada-4a12-8342-2a66a6181ae3.json
2026-10-03T17:08:55Z	200	153917	https://blert.io/api/v1/challenges/inferno/6a865311-1ada-4a12-8342-2a66a6181ae3/events?stage=227	6a865311-1ada-4a12-8342-2a66a6181ae3.json
2026-10-03T17:08:58Z	200	113303	https://blert.io/api/v1/challenges/inferno/6a865311-1ada-4a12-8342-2a66a6181ae3/events?stage=228	6a865311-1ada-4a12-8342-2a66a6181ae3.json
2026-10-03T17:09:01Z	200	127493	https://blert.io/api/v1/challenges/inferno/6a865311-1ada-4a12-8342-2a66a6181ae3/events?stage=229	6a865311-1ada-4a12-8342-2a66a6181ae3.json
2026-10-03T17:09:04Z	200	110523	https://blert.io/api/v1/challenges/inferno/6a865311-1ada-4a12-8342-2a66a6181ae3/events?stage=230	6a865311-1ada-4a12-8342-2a66a6181ae3.json
2026-10-03T17:09:07Z	200	79369	https://blert.io/api/v1/challenges/inferno/6a865311-1ada-4a12-8342-2a66a6181ae3/events?stage=231	6a865311-1ada-4a12-8342-2a66a6181ae3.json
2026-10-03T17:09:10Z	200	43670	https://blert.io/api/v1/challenges/inferno/6a865311-1ada-4a12-8342-2a66a6181ae3/events?stage=232	6a865311-1ada-4a12-8342-2a66a6181ae3.json
2026-10-03T17:09:13Z	200	18690	https://blert.io/api/v1/challenges/inferno/6a865311-1ada-4a12-8342-2a66a6181ae3/events?stage=233	6a865311-1ada-4a12-8342-2a66a6181ae3.json
2026-10-03T17:09:16Z	200	44423	https://blert.io/api/v1/challenges/inferno/6a865311-1ada-4a12-8342-2a66a6181ae3/events?stage=234	6a865311-1ada-4a12-8342-2a66a6181ae3.json
2026-10-03T17:09:19Z	200	67899	https://blert.io/api/v1/challenges/inferno/6a865311-1ada-4a12-8342-2a66a6181ae3/events?stage=235	6a865311-1ada-4a12-8342-2a66a6181ae3.json
2026-10-03T17:09:23Z	200	69687	https://blert.io/api/v1/challenges/inferno/6a865311-1ada-4a12-8342-2a66a6181ae3/events?stage=236	6a865311-1ada-4a12-8342-2a66a6181ae3.json
2026-10-03T17:09:26Z	200	117081	https://blert.io/api/v1/challenges/inferno/6a865311-1ada-4a12-8342-2a66a6181ae3/events?stage=237	6a865311-1ada-4a12-8342-2a66a6181ae3.json
2026-10-03T17:09:29Z	200	92652	https://blert.io/api/v1/challenges/inferno/6a865311-1ada-4a12-8342-2a66a6181ae3/events?stage=238	6a865311-1ada-4a12-8342-2a66a6181ae3.json
2026-10-03T17:09:32Z	200	109070	https://blert.io/api/v1/challenges/inferno/6a865311-1ada-4a12-8342-2a66a6181ae3/events?stage=239	6a865311-1ada-4a12-8342-2a66a6181ae3.json
2026-10-03T17:09:35Z	200	181911	https://blert.io/api/v1/challenges/inferno/6a865311-1ada-4a12-8342-2a66a6181ae3/events?stage=240	6a865311-1ada-4a12-8342-2a66a6181ae3.json
2026-10-03T17:09:38Z	200	75516	https://blert.io/api/v1/challenges/inferno/6a865311-1ada-4a12-8342-2a66a6181ae3/events?stage=241	6a865311-1ada-4a12-8342-2a66a6181ae3.json
2026-10-03T17:09:41Z	200	87470	https://blert.io/api/v1/challenges/inferno/6a865311-1ada-4a12-8342-2a66a6181ae3/events?stage=242	6a865311-1ada-4a12-8342-2a66a6181ae3.json
2026-10-03T17:09:44Z	200	142289	https://blert.io/api/v1/challenges/inferno/6a865311-1ada-4a12-8342-2a66a6181ae3/events?stage=243	6a865311-1ada-4a12-8342-2a66a6181ae3.json
2026-10-03T17:09:47Z	200	130919	https://blert.io/api/v1/challenges/inferno/6a865311-1ada-4a12-8342-2a66a6181ae3/events?stage=244	6a865311-1ada-4a12-8342-2a66a6181ae3.json
2026-10-03T17:09:50Z	200	152281	https://blert.io/api/v1/challenges/inferno/6a865311-1ada-4a12-8342-2a66a6181ae3/events?stage=245	6a865311-1ada-4a12-8342-2a66a6181ae3.json
2026-10-03T17:09:53Z	200	175549	https://blert.io/api/v1/challenges/inferno/6a865311-1ada-4a12-8342-2a66a6181ae3/events?stage=246	6a865311-1ada-4a12-8342-2a66a6181ae3.json
2026-10-03T17:09:56Z	200	424327	https://blert.io/api/v1/challenges/inferno/6a865311-1ada-4a12-8342-2a66a6181ae3/events?stage=247	6a865311-1ada-4a12-8342-2a66a6181ae3.json
2026-10-03T17:09:59Z	200	100533	https://blert.io/api/v1/challenges/inferno/6a865311-1ada-4a12-8342-2a66a6181ae3/events?stage=248	6a865311-1ada-4a12-8342-2a66a6181ae3.json
2026-10-03T17:10:02Z	200	66355	https://blert.io/api/v1/challenges/inferno/6a865311-1ada-4a12-8342-2a66a6181ae3/events?stage=249	6a865311-1ada-4a12-8342-2a66a6181ae3.json
2026-10-03T17:10:05Z	200	95498	https://blert.io/api/v1/challenges/inferno/6a865311-1ada-4a12-8342-2a66a6181ae3/events?stage=250	6a865311-1ada-4a12-8342-2a66a6181ae3.json
2026-10-03T17:10:08Z	200	132715	https://blert.io/api/v1/challenges/inferno/6a865311-1ada-4a12-8342-2a66a6181ae3/events?stage=251	6a865311-1ada-4a12-8342-2a66a6181ae3.json
2026-10-03T17:10:11Z	200	98654	https://blert.io/api/v1/challenges/inferno/6a865311-1ada-4a12-8342-2a66a6181ae3/events?stage=252	6a865311-1ada-4a12-8342-2a66a6181ae3.json
2026-10-03T17:10:15Z	200	138058	https://blert.io/api/v1/challenges/inferno/6a865311-1ada-4a12-8342-2a66a6181ae3/events?stage=253	6a865311-1ada-4a12-8342-2a66a6181ae3.json
2026-10-03T17:10:18Z	200	159715	https://blert.io/api/v1/challenges/inferno/6a865311-1ada-4a12-8342-2a66a6181ae3/events?stage=254	6a865311-1ada-4a12-8342-2a66a6181ae3.json
2026-10-03T17:10:21Z	200	261037	https://blert.io/api/v1/challenges/inferno/6a865311-1ada-4a12-8342-2a66a6181ae3/events?stage=255	6a865311-1ada-4a12-8342-2a66a6181ae3.json
2026-10-03T17:10:24Z	200	97207	https://blert.io/api/v1/challenges/inferno/6a865311-1ada-4a12-8342-2a66a6181ae3/events?stage=256	6a865311-1ada-4a12-8342-2a66a6181ae3.json
2026-10-03T17:10:27Z	200	94511	https://blert.io/api/v1/challenges/inferno/6a865311-1ada-4a12-8342-2a66a6181ae3/events?stage=257	6a865311-1ada-4a12-8342-2a66a6181ae3.json
2026-10-03T17:10:30Z	200	113278	https://blert.io/api/v1/challenges/inferno/6a865311-1ada-4a12-8342-2a66a6181ae3/events?stage=258	6a865311-1ada-4a12-8342-2a66a6181ae3.json
2026-10-03T17:10:33Z	200	114664	https://blert.io/api/v1/challenges/inferno/6a865311-1ada-4a12-8342-2a66a6181ae3/events?stage=259	6a865311-1ada-4a12-8342-2a66a6181ae3.json
2026-10-03T17:10:36Z	200	158872	https://blert.io/api/v1/challenges/inferno/6a865311-1ada-4a12-8342-2a66a6181ae3/events?stage=260	6a865311-1ada-4a12-8342-2a66a6181ae3.json
2026-10-03T17:10:39Z	200	1274741	https://blert.io/api/v1/challenges/inferno/6a865311-1ada-4a12-8342-2a66a6181ae3/events?stage=261	6a865311-1ada-4a12-8342-2a66a6181ae3.json
2026-10-03T17:10:42Z	200	160876	https://blert.io/api/v1/challenges/inferno/6a865311-1ada-4a12-8342-2a66a6181ae3/events?stage=262	6a865311-1ada-4a12-8342-2a66a6181ae3.json
2026-10-03T17:10:45Z	200	97289	https://blert.io/api/v1/challenges/inferno/6a865311-1ada-4a12-8342-2a66a6181ae3/events?stage=263	6a865311-1ada-4a12-8342-2a66a6181ae3.json
2026-10-03T17:10:48Z	200	97575	https://blert.io/api/v1/challenges/inferno/6a865311-1ada-4a12-8342-2a66a6181ae3/events?stage=264	6a865311-1ada-4a12-8342-2a66a6181ae3.json
2026-10-03T17:10:51Z	200	100248	https://blert.io/api/v1/challenges/inferno/6a865311-1ada-4a12-8342-2a66a6181ae3/events?stage=265	6a865311-1ada-4a12-8342-2a66a6181ae3.json
2026-10-03T17:10:54Z	200	88045	https://blert.io/api/v1/challenges/inferno/6a865311-1ada-4a12-8342-2a66a6181ae3/events?stage=266	6a865311-1ada-4a12-8342-2a66a6181ae3.json
2026-10-03T17:10:57Z	200	231554	https://blert.io/api/v1/challenges/inferno/6a865311-1ada-4a12-8342-2a66a6181ae3/events?stage=267	6a865311-1ada-4a12-8342-2a66a6181ae3.json
2026-10-03T17:11:00Z	200	411999	https://blert.io/api/v1/challenges/inferno/6a865311-1ada-4a12-8342-2a66a6181ae3/events?stage=268	6a865311-1ada-4a12-8342-2a66a6181ae3.json
2026-10-03T17:11:03Z	200	23354	https://blert.io/api/v1/challenges/inferno/b1e47c9b-46c6-4b96-a687-9d57df330c38/events?stage=200	b1e47c9b-46c6-4b96-a687-9d57df330c38.json
2026-10-03T17:11:06Z	200	34292	https://blert.io/api/v1/challenges/inferno/b1e47c9b-46c6-4b96-a687-9d57df330c38/events?stage=201	b1e47c9b-46c6-4b96-a687-9d57df330c38.json
2026-10-03T17:11:09Z	200	30148	https://blert.io/api/v1/challenges/inferno/b1e47c9b-46c6-4b96-a687-9d57df330c38/events?stage=202	b1e47c9b-46c6-4b96-a687-9d57df330c38.json
2026-10-03T17:11:12Z	200	50396	https://blert.io/api/v1/challenges/inferno/b1e47c9b-46c6-4b96-a687-9d57df330c38/events?stage=203	b1e47c9b-46c6-4b96-a687-9d57df330c38.json
2026-10-03T17:11:15Z	200	58602	https://blert.io/api/v1/challenges/inferno/b1e47c9b-46c6-4b96-a687-9d57df330c38/events?stage=204	b1e47c9b-46c6-4b96-a687-9d57df330c38.json
2026-10-03T17:11:19Z	200	68676	https://blert.io/api/v1/challenges/inferno/b1e47c9b-46c6-4b96-a687-9d57df330c38/events?stage=205	b1e47c9b-46c6-4b96-a687-9d57df330c38.json
2026-10-03T17:11:22Z	200	67907	https://blert.io/api/v1/challenges/inferno/b1e47c9b-46c6-4b96-a687-9d57df330c38/events?stage=206	b1e47c9b-46c6-4b96-a687-9d57df330c38.json
2026-10-03T17:11:25Z	200	18804	https://blert.io/api/v1/challenges/inferno/b1e47c9b-46c6-4b96-a687-9d57df330c38/events?stage=207	b1e47c9b-46c6-4b96-a687-9d57df330c38.json
2026-10-03T17:11:28Z	200	29991	https://blert.io/api/v1/challenges/inferno/b1e47c9b-46c6-4b96-a687-9d57df330c38/events?stage=208	b1e47c9b-46c6-4b96-a687-9d57df330c38.json
2026-10-03T17:11:31Z	200	35669	https://blert.io/api/v1/challenges/inferno/b1e47c9b-46c6-4b96-a687-9d57df330c38/events?stage=209	b1e47c9b-46c6-4b96-a687-9d57df330c38.json
2026-10-03T17:11:34Z	200	52904	https://blert.io/api/v1/challenges/inferno/b1e47c9b-46c6-4b96-a687-9d57df330c38/events?stage=210	b1e47c9b-46c6-4b96-a687-9d57df330c38.json
2026-10-03T17:11:37Z	200	69339	https://blert.io/api/v1/challenges/inferno/b1e47c9b-46c6-4b96-a687-9d57df330c38/events?stage=211	b1e47c9b-46c6-4b96-a687-9d57df330c38.json
2026-10-03T17:11:40Z	200	48879	https://blert.io/api/v1/challenges/inferno/b1e47c9b-46c6-4b96-a687-9d57df330c38/events?stage=212	b1e47c9b-46c6-4b96-a687-9d57df330c38.json
2026-10-03T17:11:43Z	200	68429	https://blert.io/api/v1/challenges/inferno/b1e47c9b-46c6-4b96-a687-9d57df330c38/events?stage=213	b1e47c9b-46c6-4b96-a687-9d57df330c38.json
2026-10-03T17:11:46Z	200	96546	https://blert.io/api/v1/challenges/inferno/b1e47c9b-46c6-4b96-a687-9d57df330c38/events?stage=214	b1e47c9b-46c6-4b96-a687-9d57df330c38.json
2026-10-03T17:11:49Z	200	58470	https://blert.io/api/v1/challenges/inferno/b1e47c9b-46c6-4b96-a687-9d57df330c38/events?stage=215	b1e47c9b-46c6-4b96-a687-9d57df330c38.json
2026-10-03T17:11:52Z	200	26315	https://blert.io/api/v1/challenges/inferno/b1e47c9b-46c6-4b96-a687-9d57df330c38/events?stage=216	b1e47c9b-46c6-4b96-a687-9d57df330c38.json
2026-10-03T17:11:55Z	200	51670	https://blert.io/api/v1/challenges/inferno/b1e47c9b-46c6-4b96-a687-9d57df330c38/events?stage=217	b1e47c9b-46c6-4b96-a687-9d57df330c38.json
2026-10-03T17:11:58Z	200	49244	https://blert.io/api/v1/challenges/inferno/b1e47c9b-46c6-4b96-a687-9d57df330c38/events?stage=218	b1e47c9b-46c6-4b96-a687-9d57df330c38.json
2026-10-03T17:12:01Z	200	76216	https://blert.io/api/v1/challenges/inferno/b1e47c9b-46c6-4b96-a687-9d57df330c38/events?stage=219	b1e47c9b-46c6-4b96-a687-9d57df330c38.json
2026-10-03T17:12:04Z	200	81739	https://blert.io/api/v1/challenges/inferno/b1e47c9b-46c6-4b96-a687-9d57df330c38/events?stage=220	b1e47c9b-46c6-4b96-a687-9d57df330c38.json
2026-10-03T17:12:08Z	200	150117	https://blert.io/api/v1/challenges/inferno/b1e47c9b-46c6-4b96-a687-9d57df330c38/events?stage=221	b1e47c9b-46c6-4b96-a687-9d57df330c38.json
2026-10-03T17:12:10Z	200	84365	https://blert.io/api/v1/challenges/inferno/b1e47c9b-46c6-4b96-a687-9d57df330c38/events?stage=222	b1e47c9b-46c6-4b96-a687-9d57df330c38.json
2026-10-03T17:12:14Z	200	116689	https://blert.io/api/v1/challenges/inferno/b1e47c9b-46c6-4b96-a687-9d57df330c38/events?stage=223	b1e47c9b-46c6-4b96-a687-9d57df330c38.json
2026-10-03T17:12:17Z	200	50078	https://blert.io/api/v1/challenges/inferno/b1e47c9b-46c6-4b96-a687-9d57df330c38/events?stage=224	b1e47c9b-46c6-4b96-a687-9d57df330c38.json
2026-10-03T17:12:20Z	200	84950	https://blert.io/api/v1/challenges/inferno/b1e47c9b-46c6-4b96-a687-9d57df330c38/events?stage=225	b1e47c9b-46c6-4b96-a687-9d57df330c38.json
2026-10-03T17:12:23Z	200	81138	https://blert.io/api/v1/challenges/inferno/b1e47c9b-46c6-4b96-a687-9d57df330c38/events?stage=226	b1e47c9b-46c6-4b96-a687-9d57df330c38.json
2026-10-03T17:12:26Z	200	86860	https://blert.io/api/v1/challenges/inferno/b1e47c9b-46c6-4b96-a687-9d57df330c38/events?stage=227	b1e47c9b-46c6-4b96-a687-9d57df330c38.json
2026-10-03T17:12:29Z	200	160585	https://blert.io/api/v1/challenges/inferno/b1e47c9b-46c6-4b96-a687-9d57df330c38/events?stage=228	b1e47c9b-46c6-4b96-a687-9d57df330c38.json
2026-10-03T17:12:32Z	200	99261	https://blert.io/api/v1/challenges/inferno/b1e47c9b-46c6-4b96-a687-9d57df330c38/events?stage=229	b1e47c9b-46c6-4b96-a687-9d57df330c38.json
2026-10-03T17:12:35Z	200	209232	https://blert.io/api/v1/challenges/inferno/b1e47c9b-46c6-4b96-a687-9d57df330c38/events?stage=230	b1e47c9b-46c6-4b96-a687-9d57df330c38.json
2026-10-03T17:12:38Z	200	81805	https://blert.io/api/v1/challenges/inferno/b1e47c9b-46c6-4b96-a687-9d57df330c38/events?stage=231	b1e47c9b-46c6-4b96-a687-9d57df330c38.json
2026-10-03T17:12:41Z	200	65007	https://blert.io/api/v1/challenges/inferno/b1e47c9b-46c6-4b96-a687-9d57df330c38/events?stage=232	b1e47c9b-46c6-4b96-a687-9d57df330c38.json
2026-10-03T17:12:44Z	200	11370	https://blert.io/api/v1/challenges/inferno/b1e47c9b-46c6-4b96-a687-9d57df330c38/events?stage=233	b1e47c9b-46c6-4b96-a687-9d57df330c38.json
2026-10-03T17:12:47Z	200	40430	https://blert.io/api/v1/challenges/inferno/b1e47c9b-46c6-4b96-a687-9d57df330c38/events?stage=234	b1e47c9b-46c6-4b96-a687-9d57df330c38.json
2026-10-03T17:12:50Z	200	82244	https://blert.io/api/v1/challenges/inferno/b1e47c9b-46c6-4b96-a687-9d57df330c38/events?stage=235	b1e47c9b-46c6-4b96-a687-9d57df330c38.json
2026-10-03T17:12:53Z	200	122379	https://blert.io/api/v1/challenges/inferno/b1e47c9b-46c6-4b96-a687-9d57df330c38/events?stage=236	b1e47c9b-46c6-4b96-a687-9d57df330c38.json
2026-10-03T17:12:56Z	200	111220	https://blert.io/api/v1/challenges/inferno/b1e47c9b-46c6-4b96-a687-9d57df330c38/events?stage=237	b1e47c9b-46c6-4b96-a687-9d57df330c38.json
2026-10-03T17:12:59Z	200	112565	https://blert.io/api/v1/challenges/inferno/b1e47c9b-46c6-4b96-a687-9d57df330c38/events?stage=238	b1e47c9b-46c6-4b96-a687-9d57df330c38.json
2026-10-03T17:13:02Z	200	148439	https://blert.io/api/v1/challenges/inferno/b1e47c9b-46c6-4b96-a687-9d57df330c38/events?stage=239	b1e47c9b-46c6-4b96-a687-9d57df330c38.json
2026-10-03T17:13:05Z	200	133278	https://blert.io/api/v1/challenges/inferno/b1e47c9b-46c6-4b96-a687-9d57df330c38/events?stage=240	b1e47c9b-46c6-4b96-a687-9d57df330c38.json
2026-10-03T17:13:09Z	200	68356	https://blert.io/api/v1/challenges/inferno/b1e47c9b-46c6-4b96-a687-9d57df330c38/events?stage=241	b1e47c9b-46c6-4b96-a687-9d57df330c38.json
2026-10-03T17:13:12Z	200	115394	https://blert.io/api/v1/challenges/inferno/b1e47c9b-46c6-4b96-a687-9d57df330c38/events?stage=242	b1e47c9b-46c6-4b96-a687-9d57df330c38.json
2026-10-03T17:13:15Z	200	93599	https://blert.io/api/v1/challenges/inferno/b1e47c9b-46c6-4b96-a687-9d57df330c38/events?stage=243	b1e47c9b-46c6-4b96-a687-9d57df330c38.json
2026-10-03T17:13:18Z	200	141503	https://blert.io/api/v1/challenges/inferno/b1e47c9b-46c6-4b96-a687-9d57df330c38/events?stage=244	b1e47c9b-46c6-4b96-a687-9d57df330c38.json
2026-10-03T17:13:21Z	200	125699	https://blert.io/api/v1/challenges/inferno/b1e47c9b-46c6-4b96-a687-9d57df330c38/events?stage=245	b1e47c9b-46c6-4b96-a687-9d57df330c38.json
2026-10-03T17:13:24Z	200	155423	https://blert.io/api/v1/challenges/inferno/b1e47c9b-46c6-4b96-a687-9d57df330c38/events?stage=246	b1e47c9b-46c6-4b96-a687-9d57df330c38.json
2026-10-03T17:13:27Z	200	166447	https://blert.io/api/v1/challenges/inferno/b1e47c9b-46c6-4b96-a687-9d57df330c38/events?stage=247	b1e47c9b-46c6-4b96-a687-9d57df330c38.json
2026-10-03T17:13:30Z	200	81219	https://blert.io/api/v1/challenges/inferno/b1e47c9b-46c6-4b96-a687-9d57df330c38/events?stage=248	b1e47c9b-46c6-4b96-a687-9d57df330c38.json
2026-10-03T17:13:33Z	200	81962	https://blert.io/api/v1/challenges/inferno/b1e47c9b-46c6-4b96-a687-9d57df330c38/events?stage=249	b1e47c9b-46c6-4b96-a687-9d57df330c38.json
2026-10-03T17:13:36Z	200	100147	https://blert.io/api/v1/challenges/inferno/b1e47c9b-46c6-4b96-a687-9d57df330c38/events?stage=250	b1e47c9b-46c6-4b96-a687-9d57df330c38.json
2026-10-03T17:13:39Z	200	134491	https://blert.io/api/v1/challenges/inferno/b1e47c9b-46c6-4b96-a687-9d57df330c38/events?stage=251	b1e47c9b-46c6-4b96-a687-9d57df330c38.json
2026-10-03T17:13:42Z	200	146754	https://blert.io/api/v1/challenges/inferno/b1e47c9b-46c6-4b96-a687-9d57df330c38/events?stage=252	b1e47c9b-46c6-4b96-a687-9d57df330c38.json
2026-10-03T17:13:45Z	200	182749	https://blert.io/api/v1/challenges/inferno/b1e47c9b-46c6-4b96-a687-9d57df330c38/events?stage=253	b1e47c9b-46c6-4b96-a687-9d57df330c38.json
2026-10-03T17:13:48Z	200	261805	https://blert.io/api/v1/challenges/inferno/b1e47c9b-46c6-4b96-a687-9d57df330c38/events?stage=254	b1e47c9b-46c6-4b96-a687-9d57df330c38.json
2026-10-03T17:13:51Z	200	268975	https://blert.io/api/v1/challenges/inferno/b1e47c9b-46c6-4b96-a687-9d57df330c38/events?stage=255	b1e47c9b-46c6-4b96-a687-9d57df330c38.json
2026-10-03T17:13:54Z	200	187443	https://blert.io/api/v1/challenges/inferno/b1e47c9b-46c6-4b96-a687-9d57df330c38/events?stage=256	b1e47c9b-46c6-4b96-a687-9d57df330c38.json
2026-10-03T17:13:57Z	200	174682	https://blert.io/api/v1/challenges/inferno/b1e47c9b-46c6-4b96-a687-9d57df330c38/events?stage=257	b1e47c9b-46c6-4b96-a687-9d57df330c38.json
2026-10-03T17:14:00Z	200	151295	https://blert.io/api/v1/challenges/inferno/b1e47c9b-46c6-4b96-a687-9d57df330c38/events?stage=258	b1e47c9b-46c6-4b96-a687-9d57df330c38.json
2026-10-03T17:14:03Z	200	154821	https://blert.io/api/v1/challenges/inferno/b1e47c9b-46c6-4b96-a687-9d57df330c38/events?stage=259	b1e47c9b-46c6-4b96-a687-9d57df330c38.json
2026-10-03T17:14:07Z	200	200917	https://blert.io/api/v1/challenges/inferno/b1e47c9b-46c6-4b96-a687-9d57df330c38/events?stage=260	b1e47c9b-46c6-4b96-a687-9d57df330c38.json
2026-10-03T17:14:10Z	200	258332	https://blert.io/api/v1/challenges/inferno/b1e47c9b-46c6-4b96-a687-9d57df330c38/events?stage=261	b1e47c9b-46c6-4b96-a687-9d57df330c38.json
2026-10-03T17:14:13Z	200	391998	https://blert.io/api/v1/challenges/inferno/b1e47c9b-46c6-4b96-a687-9d57df330c38/events?stage=262	b1e47c9b-46c6-4b96-a687-9d57df330c38.json
2026-10-03T17:14:16Z	200	123450	https://blert.io/api/v1/challenges/inferno/b1e47c9b-46c6-4b96-a687-9d57df330c38/events?stage=263	b1e47c9b-46c6-4b96-a687-9d57df330c38.json
2026-10-03T17:14:19Z	200	98683	https://blert.io/api/v1/challenges/inferno/b1e47c9b-46c6-4b96-a687-9d57df330c38/events?stage=264	b1e47c9b-46c6-4b96-a687-9d57df330c38.json
2026-10-03T17:14:22Z	200	73014	https://blert.io/api/v1/challenges/inferno/b1e47c9b-46c6-4b96-a687-9d57df330c38/events?stage=265	b1e47c9b-46c6-4b96-a687-9d57df330c38.json
2026-10-03T17:14:25Z	200	87469	https://blert.io/api/v1/challenges/inferno/b1e47c9b-46c6-4b96-a687-9d57df330c38/events?stage=266	b1e47c9b-46c6-4b96-a687-9d57df330c38.json
2026-10-03T17:14:28Z	200	190064	https://blert.io/api/v1/challenges/inferno/b1e47c9b-46c6-4b96-a687-9d57df330c38/events?stage=267	b1e47c9b-46c6-4b96-a687-9d57df330c38.json
2026-10-03T17:14:31Z	200	484651	https://blert.io/api/v1/challenges/inferno/b1e47c9b-46c6-4b96-a687-9d57df330c38/events?stage=268	b1e47c9b-46c6-4b96-a687-9d57df330c38.json
2026-10-03T17:14:34Z	200	23978	https://blert.io/api/v1/challenges/inferno/dda7541d-26da-4b9a-8446-fc8238d66dad/events?stage=200	dda7541d-26da-4b9a-8446-fc8238d66dad.json
2026-10-03T17:14:37Z	200	33794	https://blert.io/api/v1/challenges/inferno/dda7541d-26da-4b9a-8446-fc8238d66dad/events?stage=201	dda7541d-26da-4b9a-8446-fc8238d66dad.json
2026-10-03T17:14:40Z	200	20728	https://blert.io/api/v1/challenges/inferno/dda7541d-26da-4b9a-8446-fc8238d66dad/events?stage=202	dda7541d-26da-4b9a-8446-fc8238d66dad.json
2026-10-03T17:14:43Z	200	40343	https://blert.io/api/v1/challenges/inferno/dda7541d-26da-4b9a-8446-fc8238d66dad/events?stage=203	dda7541d-26da-4b9a-8446-fc8238d66dad.json
2026-10-03T17:14:46Z	200	54300	https://blert.io/api/v1/challenges/inferno/dda7541d-26da-4b9a-8446-fc8238d66dad/events?stage=204	dda7541d-26da-4b9a-8446-fc8238d66dad.json
2026-10-03T17:14:49Z	200	69165	https://blert.io/api/v1/challenges/inferno/dda7541d-26da-4b9a-8446-fc8238d66dad/events?stage=205	dda7541d-26da-4b9a-8446-fc8238d66dad.json
2026-10-03T17:14:52Z	200	53563	https://blert.io/api/v1/challenges/inferno/dda7541d-26da-4b9a-8446-fc8238d66dad/events?stage=206	dda7541d-26da-4b9a-8446-fc8238d66dad.json
2026-10-03T17:14:55Z	200	38296	https://blert.io/api/v1/challenges/inferno/dda7541d-26da-4b9a-8446-fc8238d66dad/events?stage=207	dda7541d-26da-4b9a-8446-fc8238d66dad.json
2026-10-03T17:14:58Z	200	25300	https://blert.io/api/v1/challenges/inferno/dda7541d-26da-4b9a-8446-fc8238d66dad/events?stage=208	dda7541d-26da-4b9a-8446-fc8238d66dad.json
2026-10-03T17:15:01Z	200	57828	https://blert.io/api/v1/challenges/inferno/dda7541d-26da-4b9a-8446-fc8238d66dad/events?stage=209	dda7541d-26da-4b9a-8446-fc8238d66dad.json
2026-10-03T17:15:04Z	200	57562	https://blert.io/api/v1/challenges/inferno/dda7541d-26da-4b9a-8446-fc8238d66dad/events?stage=210	dda7541d-26da-4b9a-8446-fc8238d66dad.json
2026-10-03T17:15:08Z	200	73171	https://blert.io/api/v1/challenges/inferno/dda7541d-26da-4b9a-8446-fc8238d66dad/events?stage=211	dda7541d-26da-4b9a-8446-fc8238d66dad.json
2026-10-03T17:15:11Z	200	127330	https://blert.io/api/v1/challenges/inferno/dda7541d-26da-4b9a-8446-fc8238d66dad/events?stage=212	dda7541d-26da-4b9a-8446-fc8238d66dad.json
2026-10-03T17:15:14Z	200	191518	https://blert.io/api/v1/challenges/inferno/dda7541d-26da-4b9a-8446-fc8238d66dad/events?stage=213	dda7541d-26da-4b9a-8446-fc8238d66dad.json
2026-10-03T17:15:17Z	200	140725	https://blert.io/api/v1/challenges/inferno/dda7541d-26da-4b9a-8446-fc8238d66dad/events?stage=214	dda7541d-26da-4b9a-8446-fc8238d66dad.json
2026-10-03T17:15:20Z	200	56598	https://blert.io/api/v1/challenges/inferno/dda7541d-26da-4b9a-8446-fc8238d66dad/events?stage=215	dda7541d-26da-4b9a-8446-fc8238d66dad.json
2026-10-03T17:15:23Z	200	22379	https://blert.io/api/v1/challenges/inferno/dda7541d-26da-4b9a-8446-fc8238d66dad/events?stage=216	dda7541d-26da-4b9a-8446-fc8238d66dad.json
2026-10-03T17:15:26Z	200	41412	https://blert.io/api/v1/challenges/inferno/dda7541d-26da-4b9a-8446-fc8238d66dad/events?stage=217	dda7541d-26da-4b9a-8446-fc8238d66dad.json
2026-10-03T17:15:29Z	200	39750	https://blert.io/api/v1/challenges/inferno/dda7541d-26da-4b9a-8446-fc8238d66dad/events?stage=218	dda7541d-26da-4b9a-8446-fc8238d66dad.json
2026-10-03T17:15:32Z	200	67101	https://blert.io/api/v1/challenges/inferno/dda7541d-26da-4b9a-8446-fc8238d66dad/events?stage=219	dda7541d-26da-4b9a-8446-fc8238d66dad.json
2026-10-03T17:15:35Z	200	101417	https://blert.io/api/v1/challenges/inferno/dda7541d-26da-4b9a-8446-fc8238d66dad/events?stage=220	dda7541d-26da-4b9a-8446-fc8238d66dad.json
2026-10-03T17:15:38Z	200	129975	https://blert.io/api/v1/challenges/inferno/dda7541d-26da-4b9a-8446-fc8238d66dad/events?stage=221	dda7541d-26da-4b9a-8446-fc8238d66dad.json
2026-10-03T17:15:41Z	200	125472	https://blert.io/api/v1/challenges/inferno/dda7541d-26da-4b9a-8446-fc8238d66dad/events?stage=222	dda7541d-26da-4b9a-8446-fc8238d66dad.json
2026-10-03T17:15:44Z	200	189349	https://blert.io/api/v1/challenges/inferno/dda7541d-26da-4b9a-8446-fc8238d66dad/events?stage=223	dda7541d-26da-4b9a-8446-fc8238d66dad.json
2026-10-03T17:15:47Z	200	282725	https://blert.io/api/v1/challenges/inferno/dda7541d-26da-4b9a-8446-fc8238d66dad/events?stage=224	dda7541d-26da-4b9a-8446-fc8238d66dad.json
2026-10-03T17:15:50Z	200	181980	https://blert.io/api/v1/challenges/inferno/dda7541d-26da-4b9a-8446-fc8238d66dad/events?stage=225	dda7541d-26da-4b9a-8446-fc8238d66dad.json
2026-10-03T17:15:53Z	200	86671	https://blert.io/api/v1/challenges/inferno/dda7541d-26da-4b9a-8446-fc8238d66dad/events?stage=226	dda7541d-26da-4b9a-8446-fc8238d66dad.json
2026-10-03T17:15:56Z	200	90926	https://blert.io/api/v1/challenges/inferno/dda7541d-26da-4b9a-8446-fc8238d66dad/events?stage=227	dda7541d-26da-4b9a-8446-fc8238d66dad.json
2026-10-03T17:15:59Z	200	103947	https://blert.io/api/v1/challenges/inferno/dda7541d-26da-4b9a-8446-fc8238d66dad/events?stage=228	dda7541d-26da-4b9a-8446-fc8238d66dad.json
2026-10-03T17:16:03Z	200	143502	https://blert.io/api/v1/challenges/inferno/dda7541d-26da-4b9a-8446-fc8238d66dad/events?stage=229	dda7541d-26da-4b9a-8446-fc8238d66dad.json
2026-10-03T17:16:06Z	200	200121	https://blert.io/api/v1/challenges/inferno/dda7541d-26da-4b9a-8446-fc8238d66dad/events?stage=230	dda7541d-26da-4b9a-8446-fc8238d66dad.json
2026-10-03T17:16:09Z	200	81161	https://blert.io/api/v1/challenges/inferno/dda7541d-26da-4b9a-8446-fc8238d66dad/events?stage=231	dda7541d-26da-4b9a-8446-fc8238d66dad.json
2026-10-03T17:16:12Z	200	57644	https://blert.io/api/v1/challenges/inferno/dda7541d-26da-4b9a-8446-fc8238d66dad/events?stage=232	dda7541d-26da-4b9a-8446-fc8238d66dad.json
2026-10-03T17:16:15Z	200	12756	https://blert.io/api/v1/challenges/inferno/dda7541d-26da-4b9a-8446-fc8238d66dad/events?stage=233	dda7541d-26da-4b9a-8446-fc8238d66dad.json
2026-10-03T17:16:18Z	200	78997	https://blert.io/api/v1/challenges/inferno/dda7541d-26da-4b9a-8446-fc8238d66dad/events?stage=234	dda7541d-26da-4b9a-8446-fc8238d66dad.json
2026-10-03T17:16:21Z	200	97441	https://blert.io/api/v1/challenges/inferno/dda7541d-26da-4b9a-8446-fc8238d66dad/events?stage=235	dda7541d-26da-4b9a-8446-fc8238d66dad.json
2026-10-03T17:16:24Z	200	86821	https://blert.io/api/v1/challenges/inferno/dda7541d-26da-4b9a-8446-fc8238d66dad/events?stage=236	dda7541d-26da-4b9a-8446-fc8238d66dad.json
2026-10-03T17:16:27Z	200	114179	https://blert.io/api/v1/challenges/inferno/dda7541d-26da-4b9a-8446-fc8238d66dad/events?stage=237	dda7541d-26da-4b9a-8446-fc8238d66dad.json
2026-10-03T17:16:30Z	200	67968	https://blert.io/api/v1/challenges/inferno/dda7541d-26da-4b9a-8446-fc8238d66dad/events?stage=238	dda7541d-26da-4b9a-8446-fc8238d66dad.json
2026-10-03T17:16:33Z	200	126594	https://blert.io/api/v1/challenges/inferno/dda7541d-26da-4b9a-8446-fc8238d66dad/events?stage=239	dda7541d-26da-4b9a-8446-fc8238d66dad.json
2026-10-03T17:16:36Z	200	124604	https://blert.io/api/v1/challenges/inferno/dda7541d-26da-4b9a-8446-fc8238d66dad/events?stage=240	dda7541d-26da-4b9a-8446-fc8238d66dad.json
2026-10-03T17:16:39Z	200	87450	https://blert.io/api/v1/challenges/inferno/dda7541d-26da-4b9a-8446-fc8238d66dad/events?stage=241	dda7541d-26da-4b9a-8446-fc8238d66dad.json
2026-10-03T17:16:42Z	200	183791	https://blert.io/api/v1/challenges/inferno/dda7541d-26da-4b9a-8446-fc8238d66dad/events?stage=242	dda7541d-26da-4b9a-8446-fc8238d66dad.json
2026-10-03T17:16:45Z	200	114027	https://blert.io/api/v1/challenges/inferno/dda7541d-26da-4b9a-8446-fc8238d66dad/events?stage=243	dda7541d-26da-4b9a-8446-fc8238d66dad.json
2026-10-03T17:16:48Z	200	160266	https://blert.io/api/v1/challenges/inferno/dda7541d-26da-4b9a-8446-fc8238d66dad/events?stage=244	dda7541d-26da-4b9a-8446-fc8238d66dad.json
2026-10-03T17:16:51Z	200	150052	https://blert.io/api/v1/challenges/inferno/dda7541d-26da-4b9a-8446-fc8238d66dad/events?stage=245	dda7541d-26da-4b9a-8446-fc8238d66dad.json
2026-10-03T17:16:55Z	200	146966	https://blert.io/api/v1/challenges/inferno/dda7541d-26da-4b9a-8446-fc8238d66dad/events?stage=246	dda7541d-26da-4b9a-8446-fc8238d66dad.json
2026-10-03T17:16:58Z	200	172177	https://blert.io/api/v1/challenges/inferno/dda7541d-26da-4b9a-8446-fc8238d66dad/events?stage=247	dda7541d-26da-4b9a-8446-fc8238d66dad.json
2026-10-03T17:17:01Z	200	97063	https://blert.io/api/v1/challenges/inferno/dda7541d-26da-4b9a-8446-fc8238d66dad/events?stage=248	dda7541d-26da-4b9a-8446-fc8238d66dad.json
2026-10-03T17:17:04Z	200	93544	https://blert.io/api/v1/challenges/inferno/dda7541d-26da-4b9a-8446-fc8238d66dad/events?stage=249	dda7541d-26da-4b9a-8446-fc8238d66dad.json
2026-10-03T17:17:07Z	200	115876	https://blert.io/api/v1/challenges/inferno/dda7541d-26da-4b9a-8446-fc8238d66dad/events?stage=250	dda7541d-26da-4b9a-8446-fc8238d66dad.json
2026-10-03T17:17:10Z	200	135169	https://blert.io/api/v1/challenges/inferno/dda7541d-26da-4b9a-8446-fc8238d66dad/events?stage=251	dda7541d-26da-4b9a-8446-fc8238d66dad.json
2026-10-03T17:17:13Z	200	134787	https://blert.io/api/v1/challenges/inferno/dda7541d-26da-4b9a-8446-fc8238d66dad/events?stage=252	dda7541d-26da-4b9a-8446-fc8238d66dad.json
2026-10-03T17:17:16Z	200	151619	https://blert.io/api/v1/challenges/inferno/dda7541d-26da-4b9a-8446-fc8238d66dad/events?stage=253	dda7541d-26da-4b9a-8446-fc8238d66dad.json
2026-10-03T17:17:19Z	200	177638	https://blert.io/api/v1/challenges/inferno/dda7541d-26da-4b9a-8446-fc8238d66dad/events?stage=254	dda7541d-26da-4b9a-8446-fc8238d66dad.json
2026-10-03T17:17:22Z	200	185561	https://blert.io/api/v1/challenges/inferno/dda7541d-26da-4b9a-8446-fc8238d66dad/events?stage=255	dda7541d-26da-4b9a-8446-fc8238d66dad.json
2026-10-03T17:17:25Z	200	134949	https://blert.io/api/v1/challenges/inferno/dda7541d-26da-4b9a-8446-fc8238d66dad/events?stage=256	dda7541d-26da-4b9a-8446-fc8238d66dad.json
2026-10-03T17:17:28Z	200	147575	https://blert.io/api/v1/challenges/inferno/dda7541d-26da-4b9a-8446-fc8238d66dad/events?stage=257	dda7541d-26da-4b9a-8446-fc8238d66dad.json
2026-10-03T17:17:31Z	200	434262	https://blert.io/api/v1/challenges/inferno/dda7541d-26da-4b9a-8446-fc8238d66dad/events?stage=258	dda7541d-26da-4b9a-8446-fc8238d66dad.json
2026-10-03T17:17:34Z	200	228298	https://blert.io/api/v1/challenges/inferno/dda7541d-26da-4b9a-8446-fc8238d66dad/events?stage=259	dda7541d-26da-4b9a-8446-fc8238d66dad.json
2026-10-03T17:17:37Z	200	187410	https://blert.io/api/v1/challenges/inferno/dda7541d-26da-4b9a-8446-fc8238d66dad/events?stage=260	dda7541d-26da-4b9a-8446-fc8238d66dad.json
2026-10-03T17:17:41Z	200	1100869	https://blert.io/api/v1/challenges/inferno/dda7541d-26da-4b9a-8446-fc8238d66dad/events?stage=261	dda7541d-26da-4b9a-8446-fc8238d66dad.json
2026-10-03T17:17:43Z	200	407537	https://blert.io/api/v1/challenges/inferno/dda7541d-26da-4b9a-8446-fc8238d66dad/events?stage=262	dda7541d-26da-4b9a-8446-fc8238d66dad.json
2026-10-03T17:17:46Z	200	164481	https://blert.io/api/v1/challenges/inferno/dda7541d-26da-4b9a-8446-fc8238d66dad/events?stage=263	dda7541d-26da-4b9a-8446-fc8238d66dad.json
2026-10-03T17:17:50Z	200	93651	https://blert.io/api/v1/challenges/inferno/dda7541d-26da-4b9a-8446-fc8238d66dad/events?stage=264	dda7541d-26da-4b9a-8446-fc8238d66dad.json
2026-10-03T17:17:53Z	200	96012	https://blert.io/api/v1/challenges/inferno/dda7541d-26da-4b9a-8446-fc8238d66dad/events?stage=265	dda7541d-26da-4b9a-8446-fc8238d66dad.json
2026-10-03T17:17:56Z	200	109787	https://blert.io/api/v1/challenges/inferno/dda7541d-26da-4b9a-8446-fc8238d66dad/events?stage=266	dda7541d-26da-4b9a-8446-fc8238d66dad.json
2026-10-03T17:17:59Z	200	457739	https://blert.io/api/v1/challenges/inferno/dda7541d-26da-4b9a-8446-fc8238d66dad/events?stage=267	dda7541d-26da-4b9a-8446-fc8238d66dad.json
2026-10-03T17:18:02Z	200	12891	https://blert.io/api/v1/challenges/inferno/936b38c9-2eba-45e9-b6e8-692a1ffced4f/events?stage=200	936b38c9-2eba-45e9-b6e8-692a1ffced4f.json
2026-10-03T17:18:05Z	200	18342	https://blert.io/api/v1/challenges/inferno/936b38c9-2eba-45e9-b6e8-692a1ffced4f/events?stage=201	936b38c9-2eba-45e9-b6e8-692a1ffced4f.json
2026-10-03T17:18:08Z	200	14666	https://blert.io/api/v1/challenges/inferno/936b38c9-2eba-45e9-b6e8-692a1ffced4f/events?stage=202	936b38c9-2eba-45e9-b6e8-692a1ffced4f.json
2026-10-03T17:18:11Z	200	26709	https://blert.io/api/v1/challenges/inferno/936b38c9-2eba-45e9-b6e8-692a1ffced4f/events?stage=203	936b38c9-2eba-45e9-b6e8-692a1ffced4f.json
2026-10-03T17:18:14Z	200	37087	https://blert.io/api/v1/challenges/inferno/936b38c9-2eba-45e9-b6e8-692a1ffced4f/events?stage=204	936b38c9-2eba-45e9-b6e8-692a1ffced4f.json
2026-10-03T17:18:17Z	200	36577	https://blert.io/api/v1/challenges/inferno/936b38c9-2eba-45e9-b6e8-692a1ffced4f/events?stage=205	936b38c9-2eba-45e9-b6e8-692a1ffced4f.json
2026-10-03T17:18:20Z	200	43589	https://blert.io/api/v1/challenges/inferno/936b38c9-2eba-45e9-b6e8-692a1ffced4f/events?stage=206	936b38c9-2eba-45e9-b6e8-692a1ffced4f.json
2026-10-03T17:18:23Z	200	15429	https://blert.io/api/v1/challenges/inferno/936b38c9-2eba-45e9-b6e8-692a1ffced4f/events?stage=207	936b38c9-2eba-45e9-b6e8-692a1ffced4f.json
2026-10-03T17:18:26Z	200	23160	https://blert.io/api/v1/challenges/inferno/936b38c9-2eba-45e9-b6e8-692a1ffced4f/events?stage=208	936b38c9-2eba-45e9-b6e8-692a1ffced4f.json
2026-10-03T17:18:29Z	200	25427	https://blert.io/api/v1/challenges/inferno/936b38c9-2eba-45e9-b6e8-692a1ffced4f/events?stage=209	936b38c9-2eba-45e9-b6e8-692a1ffced4f.json
2026-10-03T17:18:32Z	200	40565	https://blert.io/api/v1/challenges/inferno/936b38c9-2eba-45e9-b6e8-692a1ffced4f/events?stage=210	936b38c9-2eba-45e9-b6e8-692a1ffced4f.json
2026-10-03T17:18:35Z	200	34060	https://blert.io/api/v1/challenges/inferno/936b38c9-2eba-45e9-b6e8-692a1ffced4f/events?stage=211	936b38c9-2eba-45e9-b6e8-692a1ffced4f.json
2026-10-03T17:18:38Z	200	49072	https://blert.io/api/v1/challenges/inferno/936b38c9-2eba-45e9-b6e8-692a1ffced4f/events?stage=212	936b38c9-2eba-45e9-b6e8-692a1ffced4f.json
2026-10-03T17:18:41Z	200	57049	https://blert.io/api/v1/challenges/inferno/936b38c9-2eba-45e9-b6e8-692a1ffced4f/events?stage=213	936b38c9-2eba-45e9-b6e8-692a1ffced4f.json
2026-10-03T17:18:45Z	200	68614	https://blert.io/api/v1/challenges/inferno/936b38c9-2eba-45e9-b6e8-692a1ffced4f/events?stage=214	936b38c9-2eba-45e9-b6e8-692a1ffced4f.json
2026-10-03T17:18:48Z	200	35625	https://blert.io/api/v1/challenges/inferno/936b38c9-2eba-45e9-b6e8-692a1ffced4f/events?stage=215	936b38c9-2eba-45e9-b6e8-692a1ffced4f.json
2026-10-03T17:18:51Z	200	16414	https://blert.io/api/v1/challenges/inferno/936b38c9-2eba-45e9-b6e8-692a1ffced4f/events?stage=216	936b38c9-2eba-45e9-b6e8-692a1ffced4f.json
2026-10-03T17:18:54Z	200	30831	https://blert.io/api/v1/challenges/inferno/936b38c9-2eba-45e9-b6e8-692a1ffced4f/events?stage=217	936b38c9-2eba-45e9-b6e8-692a1ffced4f.json
2026-10-03T17:18:57Z	200	28585	https://blert.io/api/v1/challenges/inferno/936b38c9-2eba-45e9-b6e8-692a1ffced4f/events?stage=218	936b38c9-2eba-45e9-b6e8-692a1ffced4f.json
2026-10-03T17:19:00Z	200	40920	https://blert.io/api/v1/challenges/inferno/936b38c9-2eba-45e9-b6e8-692a1ffced4f/events?stage=219	936b38c9-2eba-45e9-b6e8-692a1ffced4f.json
2026-10-03T17:19:03Z	200	46457	https://blert.io/api/v1/challenges/inferno/936b38c9-2eba-45e9-b6e8-692a1ffced4f/events?stage=220	936b38c9-2eba-45e9-b6e8-692a1ffced4f.json
2026-10-03T17:19:06Z	200	56734	https://blert.io/api/v1/challenges/inferno/936b38c9-2eba-45e9-b6e8-692a1ffced4f/events?stage=221	936b38c9-2eba-45e9-b6e8-692a1ffced4f.json
2026-10-03T17:19:09Z	200	60192	https://blert.io/api/v1/challenges/inferno/936b38c9-2eba-45e9-b6e8-692a1ffced4f/events?stage=222	936b38c9-2eba-45e9-b6e8-692a1ffced4f.json
2026-10-03T17:19:12Z	200	67899	https://blert.io/api/v1/challenges/inferno/936b38c9-2eba-45e9-b6e8-692a1ffced4f/events?stage=223	936b38c9-2eba-45e9-b6e8-692a1ffced4f.json
2026-10-03T17:19:15Z	200	47917	https://blert.io/api/v1/challenges/inferno/936b38c9-2eba-45e9-b6e8-692a1ffced4f/events?stage=224	936b38c9-2eba-45e9-b6e8-692a1ffced4f.json
2026-10-03T17:19:18Z	200	36047	https://blert.io/api/v1/challenges/inferno/936b38c9-2eba-45e9-b6e8-692a1ffced4f/events?stage=225	936b38c9-2eba-45e9-b6e8-692a1ffced4f.json
2026-10-03T17:19:21Z	200	52310	https://blert.io/api/v1/challenges/inferno/936b38c9-2eba-45e9-b6e8-692a1ffced4f/events?stage=226	936b38c9-2eba-45e9-b6e8-692a1ffced4f.json
2026-10-03T17:19:24Z	200	73479	https://blert.io/api/v1/challenges/inferno/936b38c9-2eba-45e9-b6e8-692a1ffced4f/events?stage=227	936b38c9-2eba-45e9-b6e8-692a1ffced4f.json
2026-10-03T17:19:27Z	200	80853	https://blert.io/api/v1/challenges/inferno/936b38c9-2eba-45e9-b6e8-692a1ffced4f/events?stage=228	936b38c9-2eba-45e9-b6e8-692a1ffced4f.json
2026-10-03T17:19:30Z	200	66264	https://blert.io/api/v1/challenges/inferno/936b38c9-2eba-45e9-b6e8-692a1ffced4f/events?stage=229	936b38c9-2eba-45e9-b6e8-692a1ffced4f.json
2026-10-03T17:19:33Z	200	84430	https://blert.io/api/v1/challenges/inferno/936b38c9-2eba-45e9-b6e8-692a1ffced4f/events?stage=230	936b38c9-2eba-45e9-b6e8-692a1ffced4f.json
2026-10-03T17:19:36Z	200	71547	https://blert.io/api/v1/challenges/inferno/936b38c9-2eba-45e9-b6e8-692a1ffced4f/events?stage=231	936b38c9-2eba-45e9-b6e8-692a1ffced4f.json
2026-10-03T17:19:40Z	200	52858	https://blert.io/api/v1/challenges/inferno/936b38c9-2eba-45e9-b6e8-692a1ffced4f/events?stage=232	936b38c9-2eba-45e9-b6e8-692a1ffced4f.json
2026-10-03T17:19:42Z	200	16041	https://blert.io/api/v1/challenges/inferno/936b38c9-2eba-45e9-b6e8-692a1ffced4f/events?stage=233	936b38c9-2eba-45e9-b6e8-692a1ffced4f.json
2026-10-03T17:19:46Z	200	36135	https://blert.io/api/v1/challenges/inferno/936b38c9-2eba-45e9-b6e8-692a1ffced4f/events?stage=234	936b38c9-2eba-45e9-b6e8-692a1ffced4f.json
2026-10-03T17:19:49Z	200	42192	https://blert.io/api/v1/challenges/inferno/936b38c9-2eba-45e9-b6e8-692a1ffced4f/events?stage=235	936b38c9-2eba-45e9-b6e8-692a1ffced4f.json
2026-10-03T17:19:52Z	200	59440	https://blert.io/api/v1/challenges/inferno/936b38c9-2eba-45e9-b6e8-692a1ffced4f/events?stage=236	936b38c9-2eba-45e9-b6e8-692a1ffced4f.json
2026-10-03T17:19:55Z	200	51130	https://blert.io/api/v1/challenges/inferno/936b38c9-2eba-45e9-b6e8-692a1ffced4f/events?stage=237	936b38c9-2eba-45e9-b6e8-692a1ffced4f.json
2026-10-03T17:19:58Z	200	75315	https://blert.io/api/v1/challenges/inferno/936b38c9-2eba-45e9-b6e8-692a1ffced4f/events?stage=238	936b38c9-2eba-45e9-b6e8-692a1ffced4f.json
2026-10-03T17:20:01Z	200	80505	https://blert.io/api/v1/challenges/inferno/936b38c9-2eba-45e9-b6e8-692a1ffced4f/events?stage=239	936b38c9-2eba-45e9-b6e8-692a1ffced4f.json
2026-10-03T17:20:04Z	200	83507	https://blert.io/api/v1/challenges/inferno/936b38c9-2eba-45e9-b6e8-692a1ffced4f/events?stage=240	936b38c9-2eba-45e9-b6e8-692a1ffced4f.json
2026-10-03T17:20:07Z	200	52665	https://blert.io/api/v1/challenges/inferno/936b38c9-2eba-45e9-b6e8-692a1ffced4f/events?stage=241	936b38c9-2eba-45e9-b6e8-692a1ffced4f.json
2026-10-03T17:20:10Z	200	70554	https://blert.io/api/v1/challenges/inferno/936b38c9-2eba-45e9-b6e8-692a1ffced4f/events?stage=242	936b38c9-2eba-45e9-b6e8-692a1ffced4f.json
2026-10-03T17:20:13Z	200	80826	https://blert.io/api/v1/challenges/inferno/936b38c9-2eba-45e9-b6e8-692a1ffced4f/events?stage=243	936b38c9-2eba-45e9-b6e8-692a1ffced4f.json
2026-10-03T17:20:16Z	200	58958	https://blert.io/api/v1/challenges/inferno/936b38c9-2eba-45e9-b6e8-692a1ffced4f/events?stage=244	936b38c9-2eba-45e9-b6e8-692a1ffced4f.json
2026-10-03T17:20:19Z	200	113426	https://blert.io/api/v1/challenges/inferno/936b38c9-2eba-45e9-b6e8-692a1ffced4f/events?stage=245	936b38c9-2eba-45e9-b6e8-692a1ffced4f.json
2026-10-03T17:20:22Z	200	152743	https://blert.io/api/v1/challenges/inferno/936b38c9-2eba-45e9-b6e8-692a1ffced4f/events?stage=246	936b38c9-2eba-45e9-b6e8-692a1ffced4f.json
2026-10-03T17:20:25Z	200	126003	https://blert.io/api/v1/challenges/inferno/936b38c9-2eba-45e9-b6e8-692a1ffced4f/events?stage=247	936b38c9-2eba-45e9-b6e8-692a1ffced4f.json
2026-10-03T17:20:28Z	200	49108	https://blert.io/api/v1/challenges/inferno/936b38c9-2eba-45e9-b6e8-692a1ffced4f/events?stage=248	936b38c9-2eba-45e9-b6e8-692a1ffced4f.json
2026-10-03T17:20:32Z	200	81966	https://blert.io/api/v1/challenges/inferno/936b38c9-2eba-45e9-b6e8-692a1ffced4f/events?stage=249	936b38c9-2eba-45e9-b6e8-692a1ffced4f.json
2026-10-03T17:20:35Z	200	63084	https://blert.io/api/v1/challenges/inferno/936b38c9-2eba-45e9-b6e8-692a1ffced4f/events?stage=250	936b38c9-2eba-45e9-b6e8-692a1ffced4f.json
2026-10-03T17:20:38Z	200	77384	https://blert.io/api/v1/challenges/inferno/936b38c9-2eba-45e9-b6e8-692a1ffced4f/events?stage=251	936b38c9-2eba-45e9-b6e8-692a1ffced4f.json
2026-10-03T17:20:41Z	200	73393	https://blert.io/api/v1/challenges/inferno/936b38c9-2eba-45e9-b6e8-692a1ffced4f/events?stage=252	936b38c9-2eba-45e9-b6e8-692a1ffced4f.json
2026-10-03T17:20:44Z	200	127118	https://blert.io/api/v1/challenges/inferno/936b38c9-2eba-45e9-b6e8-692a1ffced4f/events?stage=253	936b38c9-2eba-45e9-b6e8-692a1ffced4f.json
2026-10-03T17:20:47Z	200	87188	https://blert.io/api/v1/challenges/inferno/936b38c9-2eba-45e9-b6e8-692a1ffced4f/events?stage=254	936b38c9-2eba-45e9-b6e8-692a1ffced4f.json
2026-10-03T17:20:50Z	200	10803	https://blert.io/api/v1/challenges/inferno/bf07a3ce-5658-4e85-8634-a2fdb7fb2be8/events?stage=200	bf07a3ce-5658-4e85-8634-a2fdb7fb2be8.json
2026-10-03T17:20:53Z	200	17456	https://blert.io/api/v1/challenges/inferno/bf07a3ce-5658-4e85-8634-a2fdb7fb2be8/events?stage=201	bf07a3ce-5658-4e85-8634-a2fdb7fb2be8.json
2026-10-03T17:20:56Z	200	15309	https://blert.io/api/v1/challenges/inferno/bf07a3ce-5658-4e85-8634-a2fdb7fb2be8/events?stage=202	bf07a3ce-5658-4e85-8634-a2fdb7fb2be8.json
2026-10-03T17:20:59Z	200	28893	https://blert.io/api/v1/challenges/inferno/bf07a3ce-5658-4e85-8634-a2fdb7fb2be8/events?stage=203	bf07a3ce-5658-4e85-8634-a2fdb7fb2be8.json
2026-10-03T17:21:02Z	200	36716	https://blert.io/api/v1/challenges/inferno/bf07a3ce-5658-4e85-8634-a2fdb7fb2be8/events?stage=204	bf07a3ce-5658-4e85-8634-a2fdb7fb2be8.json
2026-10-03T17:21:05Z	200	45468	https://blert.io/api/v1/challenges/inferno/bf07a3ce-5658-4e85-8634-a2fdb7fb2be8/events?stage=205	bf07a3ce-5658-4e85-8634-a2fdb7fb2be8.json
2026-10-03T17:21:08Z	200	49168	https://blert.io/api/v1/challenges/inferno/bf07a3ce-5658-4e85-8634-a2fdb7fb2be8/events?stage=206	bf07a3ce-5658-4e85-8634-a2fdb7fb2be8.json
2026-10-03T17:21:11Z	200	17622	https://blert.io/api/v1/challenges/inferno/bf07a3ce-5658-4e85-8634-a2fdb7fb2be8/events?stage=207	bf07a3ce-5658-4e85-8634-a2fdb7fb2be8.json
2026-10-03T17:21:14Z	200	22514	https://blert.io/api/v1/challenges/inferno/bf07a3ce-5658-4e85-8634-a2fdb7fb2be8/events?stage=208	bf07a3ce-5658-4e85-8634-a2fdb7fb2be8.json
2026-10-03T17:21:17Z	200	20703	https://blert.io/api/v1/challenges/inferno/bf07a3ce-5658-4e85-8634-a2fdb7fb2be8/events?stage=209	bf07a3ce-5658-4e85-8634-a2fdb7fb2be8.json
2026-10-03T17:21:20Z	200	29007	https://blert.io/api/v1/challenges/inferno/bf07a3ce-5658-4e85-8634-a2fdb7fb2be8/events?stage=210	bf07a3ce-5658-4e85-8634-a2fdb7fb2be8.json
2026-10-03T17:21:23Z	200	44038	https://blert.io/api/v1/challenges/inferno/bf07a3ce-5658-4e85-8634-a2fdb7fb2be8/events?stage=211	bf07a3ce-5658-4e85-8634-a2fdb7fb2be8.json
2026-10-03T17:21:27Z	200	50829	https://blert.io/api/v1/challenges/inferno/bf07a3ce-5658-4e85-8634-a2fdb7fb2be8/events?stage=212	bf07a3ce-5658-4e85-8634-a2fdb7fb2be8.json
2026-10-03T17:21:30Z	200	62578	https://blert.io/api/v1/challenges/inferno/bf07a3ce-5658-4e85-8634-a2fdb7fb2be8/events?stage=213	bf07a3ce-5658-4e85-8634-a2fdb7fb2be8.json
2026-10-03T17:21:33Z	200	67596	https://blert.io/api/v1/challenges/inferno/bf07a3ce-5658-4e85-8634-a2fdb7fb2be8/events?stage=214	bf07a3ce-5658-4e85-8634-a2fdb7fb2be8.json
2026-10-03T17:21:36Z	200	26066	https://blert.io/api/v1/challenges/inferno/bf07a3ce-5658-4e85-8634-a2fdb7fb2be8/events?stage=215	bf07a3ce-5658-4e85-8634-a2fdb7fb2be8.json
2026-10-03T17:21:39Z	200	15466	https://blert.io/api/v1/challenges/inferno/bf07a3ce-5658-4e85-8634-a2fdb7fb2be8/events?stage=216	bf07a3ce-5658-4e85-8634-a2fdb7fb2be8.json
2026-10-03T17:21:42Z	200	23705	https://blert.io/api/v1/challenges/inferno/bf07a3ce-5658-4e85-8634-a2fdb7fb2be8/events?stage=217	bf07a3ce-5658-4e85-8634-a2fdb7fb2be8.json
2026-10-03T17:21:45Z	200	30218	https://blert.io/api/v1/challenges/inferno/bf07a3ce-5658-4e85-8634-a2fdb7fb2be8/events?stage=218	bf07a3ce-5658-4e85-8634-a2fdb7fb2be8.json
2026-10-03T17:21:48Z	200	40273	https://blert.io/api/v1/challenges/inferno/bf07a3ce-5658-4e85-8634-a2fdb7fb2be8/events?stage=219	bf07a3ce-5658-4e85-8634-a2fdb7fb2be8.json
2026-10-03T17:21:51Z	200	50263	https://blert.io/api/v1/challenges/inferno/bf07a3ce-5658-4e85-8634-a2fdb7fb2be8/events?stage=220	bf07a3ce-5658-4e85-8634-a2fdb7fb2be8.json
2026-10-03T17:21:54Z	200	53242	https://blert.io/api/v1/challenges/inferno/bf07a3ce-5658-4e85-8634-a2fdb7fb2be8/events?stage=221	bf07a3ce-5658-4e85-8634-a2fdb7fb2be8.json
2026-10-03T17:21:57Z	200	68552	https://blert.io/api/v1/challenges/inferno/bf07a3ce-5658-4e85-8634-a2fdb7fb2be8/events?stage=222	bf07a3ce-5658-4e85-8634-a2fdb7fb2be8.json
2026-10-03T17:22:00Z	200	77765	https://blert.io/api/v1/challenges/inferno/bf07a3ce-5658-4e85-8634-a2fdb7fb2be8/events?stage=223	bf07a3ce-5658-4e85-8634-a2fdb7fb2be8.json
2026-10-03T17:22:03Z	200	47730	https://blert.io/api/v1/challenges/inferno/bf07a3ce-5658-4e85-8634-a2fdb7fb2be8/events?stage=224	bf07a3ce-5658-4e85-8634-a2fdb7fb2be8.json
2026-10-03T17:22:06Z	200	58520	https://blert.io/api/v1/challenges/inferno/bf07a3ce-5658-4e85-8634-a2fdb7fb2be8/events?stage=225	bf07a3ce-5658-4e85-8634-a2fdb7fb2be8.json
2026-10-03T17:22:09Z	200	44156	https://blert.io/api/v1/challenges/inferno/bf07a3ce-5658-4e85-8634-a2fdb7fb2be8/events?stage=226	bf07a3ce-5658-4e85-8634-a2fdb7fb2be8.json
2026-10-03T17:22:12Z	200	65617	https://blert.io/api/v1/challenges/inferno/bf07a3ce-5658-4e85-8634-a2fdb7fb2be8/events?stage=227	bf07a3ce-5658-4e85-8634-a2fdb7fb2be8.json
2026-10-03T17:22:15Z	200	71260	https://blert.io/api/v1/challenges/inferno/bf07a3ce-5658-4e85-8634-a2fdb7fb2be8/events?stage=228	bf07a3ce-5658-4e85-8634-a2fdb7fb2be8.json
2026-10-03T17:22:19Z	200	77532	https://blert.io/api/v1/challenges/inferno/bf07a3ce-5658-4e85-8634-a2fdb7fb2be8/events?stage=229	bf07a3ce-5658-4e85-8634-a2fdb7fb2be8.json
2026-10-03T17:22:22Z	200	105279	https://blert.io/api/v1/challenges/inferno/bf07a3ce-5658-4e85-8634-a2fdb7fb2be8/events?stage=230	bf07a3ce-5658-4e85-8634-a2fdb7fb2be8.json
2026-10-03T17:22:25Z	200	64249	https://blert.io/api/v1/challenges/inferno/bf07a3ce-5658-4e85-8634-a2fdb7fb2be8/events?stage=231	bf07a3ce-5658-4e85-8634-a2fdb7fb2be8.json
2026-10-03T17:22:28Z	200	39679	https://blert.io/api/v1/challenges/inferno/bf07a3ce-5658-4e85-8634-a2fdb7fb2be8/events?stage=232	bf07a3ce-5658-4e85-8634-a2fdb7fb2be8.json
2026-10-03T17:22:31Z	200	19097	https://blert.io/api/v1/challenges/inferno/bf07a3ce-5658-4e85-8634-a2fdb7fb2be8/events?stage=233	bf07a3ce-5658-4e85-8634-a2fdb7fb2be8.json
2026-10-03T17:22:34Z	200	24385	https://blert.io/api/v1/challenges/inferno/bf07a3ce-5658-4e85-8634-a2fdb7fb2be8/events?stage=234	bf07a3ce-5658-4e85-8634-a2fdb7fb2be8.json
2026-10-03T17:22:37Z	200	45123	https://blert.io/api/v1/challenges/inferno/bf07a3ce-5658-4e85-8634-a2fdb7fb2be8/events?stage=235	bf07a3ce-5658-4e85-8634-a2fdb7fb2be8.json
2026-10-03T17:22:40Z	200	50048	https://blert.io/api/v1/challenges/inferno/bf07a3ce-5658-4e85-8634-a2fdb7fb2be8/events?stage=236	bf07a3ce-5658-4e85-8634-a2fdb7fb2be8.json
2026-10-03T17:22:43Z	200	70754	https://blert.io/api/v1/challenges/inferno/bf07a3ce-5658-4e85-8634-a2fdb7fb2be8/events?stage=237	bf07a3ce-5658-4e85-8634-a2fdb7fb2be8.json
2026-10-03T17:22:46Z	200	75119	https://blert.io/api/v1/challenges/inferno/bf07a3ce-5658-4e85-8634-a2fdb7fb2be8/events?stage=238	bf07a3ce-5658-4e85-8634-a2fdb7fb2be8.json
2026-10-03T17:22:49Z	200	70363	https://blert.io/api/v1/challenges/inferno/bf07a3ce-5658-4e85-8634-a2fdb7fb2be8/events?stage=239	bf07a3ce-5658-4e85-8634-a2fdb7fb2be8.json
2026-10-03T17:22:52Z	200	84962	https://blert.io/api/v1/challenges/inferno/bf07a3ce-5658-4e85-8634-a2fdb7fb2be8/events?stage=240	bf07a3ce-5658-4e85-8634-a2fdb7fb2be8.json
2026-10-03T17:22:55Z	200	58219	https://blert.io/api/v1/challenges/inferno/bf07a3ce-5658-4e85-8634-a2fdb7fb2be8/events?stage=241	bf07a3ce-5658-4e85-8634-a2fdb7fb2be8.json
2026-10-03T17:22:58Z	200	62624	https://blert.io/api/v1/challenges/inferno/bf07a3ce-5658-4e85-8634-a2fdb7fb2be8/events?stage=242	bf07a3ce-5658-4e85-8634-a2fdb7fb2be8.json
2026-10-03T17:23:01Z	200	63980	https://blert.io/api/v1/challenges/inferno/bf07a3ce-5658-4e85-8634-a2fdb7fb2be8/events?stage=243	bf07a3ce-5658-4e85-8634-a2fdb7fb2be8.json
2026-10-03T17:23:04Z	200	70713	https://blert.io/api/v1/challenges/inferno/bf07a3ce-5658-4e85-8634-a2fdb7fb2be8/events?stage=244	bf07a3ce-5658-4e85-8634-a2fdb7fb2be8.json
2026-10-03T17:23:07Z	200	74858	https://blert.io/api/v1/challenges/inferno/bf07a3ce-5658-4e85-8634-a2fdb7fb2be8/events?stage=245	bf07a3ce-5658-4e85-8634-a2fdb7fb2be8.json
2026-10-03T17:23:10Z	200	109259	https://blert.io/api/v1/challenges/inferno/bf07a3ce-5658-4e85-8634-a2fdb7fb2be8/events?stage=246	bf07a3ce-5658-4e85-8634-a2fdb7fb2be8.json
2026-10-03T17:23:14Z	200	99236	https://blert.io/api/v1/challenges/inferno/bf07a3ce-5658-4e85-8634-a2fdb7fb2be8/events?stage=247	bf07a3ce-5658-4e85-8634-a2fdb7fb2be8.json
2026-10-03T17:23:17Z	200	71169	https://blert.io/api/v1/challenges/inferno/bf07a3ce-5658-4e85-8634-a2fdb7fb2be8/events?stage=248	bf07a3ce-5658-4e85-8634-a2fdb7fb2be8.json
2026-10-03T17:23:20Z	200	56787	https://blert.io/api/v1/challenges/inferno/bf07a3ce-5658-4e85-8634-a2fdb7fb2be8/events?stage=249	bf07a3ce-5658-4e85-8634-a2fdb7fb2be8.json
2026-10-03T17:23:23Z	200	88718	https://blert.io/api/v1/challenges/inferno/bf07a3ce-5658-4e85-8634-a2fdb7fb2be8/events?stage=250	bf07a3ce-5658-4e85-8634-a2fdb7fb2be8.json
2026-10-03T17:23:26Z	200	63932	https://blert.io/api/v1/challenges/inferno/bf07a3ce-5658-4e85-8634-a2fdb7fb2be8/events?stage=251	bf07a3ce-5658-4e85-8634-a2fdb7fb2be8.json
2026-10-03T17:23:29Z	200	70285	https://blert.io/api/v1/challenges/inferno/bf07a3ce-5658-4e85-8634-a2fdb7fb2be8/events?stage=252	bf07a3ce-5658-4e85-8634-a2fdb7fb2be8.json
2026-10-03T17:23:32Z	200	86945	https://blert.io/api/v1/challenges/inferno/bf07a3ce-5658-4e85-8634-a2fdb7fb2be8/events?stage=253	bf07a3ce-5658-4e85-8634-a2fdb7fb2be8.json
2026-10-03T17:23:35Z	200	96090	https://blert.io/api/v1/challenges/inferno/bf07a3ce-5658-4e85-8634-a2fdb7fb2be8/events?stage=254	bf07a3ce-5658-4e85-8634-a2fdb7fb2be8.json
2026-10-03T17:23:38Z	200	97952	https://blert.io/api/v1/challenges/inferno/bf07a3ce-5658-4e85-8634-a2fdb7fb2be8/events?stage=255	bf07a3ce-5658-4e85-8634-a2fdb7fb2be8.json
2026-10-03T17:23:41Z	200	83994	https://blert.io/api/v1/challenges/inferno/bf07a3ce-5658-4e85-8634-a2fdb7fb2be8/events?stage=256	bf07a3ce-5658-4e85-8634-a2fdb7fb2be8.json
2026-10-03T17:23:44Z	200	85403	https://blert.io/api/v1/challenges/inferno/bf07a3ce-5658-4e85-8634-a2fdb7fb2be8/events?stage=257	bf07a3ce-5658-4e85-8634-a2fdb7fb2be8.json
2026-10-03T17:23:47Z	200	113353	https://blert.io/api/v1/challenges/inferno/bf07a3ce-5658-4e85-8634-a2fdb7fb2be8/events?stage=258	bf07a3ce-5658-4e85-8634-a2fdb7fb2be8.json
2026-10-03T17:23:50Z	200	83562	https://blert.io/api/v1/challenges/inferno/bf07a3ce-5658-4e85-8634-a2fdb7fb2be8/events?stage=259	bf07a3ce-5658-4e85-8634-a2fdb7fb2be8.json
2026-10-03T17:23:53Z	200	114791	https://blert.io/api/v1/challenges/inferno/bf07a3ce-5658-4e85-8634-a2fdb7fb2be8/events?stage=260	bf07a3ce-5658-4e85-8634-a2fdb7fb2be8.json
2026-10-03T17:23:56Z	200	133922	https://blert.io/api/v1/challenges/inferno/bf07a3ce-5658-4e85-8634-a2fdb7fb2be8/events?stage=261	bf07a3ce-5658-4e85-8634-a2fdb7fb2be8.json
2026-10-03T17:24:00Z	200	147630	https://blert.io/api/v1/challenges/inferno/bf07a3ce-5658-4e85-8634-a2fdb7fb2be8/events?stage=262	bf07a3ce-5658-4e85-8634-a2fdb7fb2be8.json
2026-10-03T17:24:02Z	200	92733	https://blert.io/api/v1/challenges/inferno/bf07a3ce-5658-4e85-8634-a2fdb7fb2be8/events?stage=263	bf07a3ce-5658-4e85-8634-a2fdb7fb2be8.json
2026-10-03T17:24:05Z	200	29604	https://blert.io/api/v1/challenges/inferno/bf07a3ce-5658-4e85-8634-a2fdb7fb2be8/events?stage=264	bf07a3ce-5658-4e85-8634-a2fdb7fb2be8.json
2026-10-03T17:24:09Z	200	17486	https://blert.io/api/v1/challenges/inferno/8a86bacb-1266-441c-953f-acca1f88a23b/events?stage=200	8a86bacb-1266-441c-953f-acca1f88a23b.json
2026-10-03T17:24:12Z	200	23156	https://blert.io/api/v1/challenges/inferno/8a86bacb-1266-441c-953f-acca1f88a23b/events?stage=201	8a86bacb-1266-441c-953f-acca1f88a23b.json
2026-10-03T17:24:15Z	200	21089	https://blert.io/api/v1/challenges/inferno/8a86bacb-1266-441c-953f-acca1f88a23b/events?stage=202	8a86bacb-1266-441c-953f-acca1f88a23b.json
2026-10-03T17:24:18Z	200	36504	https://blert.io/api/v1/challenges/inferno/8a86bacb-1266-441c-953f-acca1f88a23b/events?stage=203	8a86bacb-1266-441c-953f-acca1f88a23b.json
2026-10-03T17:24:21Z	200	47096	https://blert.io/api/v1/challenges/inferno/8a86bacb-1266-441c-953f-acca1f88a23b/events?stage=204	8a86bacb-1266-441c-953f-acca1f88a23b.json
2026-10-03T17:24:24Z	200	40536	https://blert.io/api/v1/challenges/inferno/8a86bacb-1266-441c-953f-acca1f88a23b/events?stage=205	8a86bacb-1266-441c-953f-acca1f88a23b.json
2026-10-03T17:24:27Z	200	54260	https://blert.io/api/v1/challenges/inferno/8a86bacb-1266-441c-953f-acca1f88a23b/events?stage=206	8a86bacb-1266-441c-953f-acca1f88a23b.json
2026-10-03T17:24:30Z	200	15745	https://blert.io/api/v1/challenges/inferno/8a86bacb-1266-441c-953f-acca1f88a23b/events?stage=207	8a86bacb-1266-441c-953f-acca1f88a23b.json
2026-10-03T17:24:33Z	200	22659	https://blert.io/api/v1/challenges/inferno/8a86bacb-1266-441c-953f-acca1f88a23b/events?stage=208	8a86bacb-1266-441c-953f-acca1f88a23b.json
2026-10-03T17:24:36Z	200	30533	https://blert.io/api/v1/challenges/inferno/8a86bacb-1266-441c-953f-acca1f88a23b/events?stage=209	8a86bacb-1266-441c-953f-acca1f88a23b.json
2026-10-03T17:24:39Z	200	36284	https://blert.io/api/v1/challenges/inferno/8a86bacb-1266-441c-953f-acca1f88a23b/events?stage=210	8a86bacb-1266-441c-953f-acca1f88a23b.json
2026-10-03T17:24:42Z	200	35555	https://blert.io/api/v1/challenges/inferno/8a86bacb-1266-441c-953f-acca1f88a23b/events?stage=211	8a86bacb-1266-441c-953f-acca1f88a23b.json
2026-10-03T17:24:45Z	200	39181	https://blert.io/api/v1/challenges/inferno/8a86bacb-1266-441c-953f-acca1f88a23b/events?stage=212	8a86bacb-1266-441c-953f-acca1f88a23b.json
2026-10-03T17:24:48Z	200	61776	https://blert.io/api/v1/challenges/inferno/8a86bacb-1266-441c-953f-acca1f88a23b/events?stage=213	8a86bacb-1266-441c-953f-acca1f88a23b.json
2026-10-03T17:24:51Z	200	51961	https://blert.io/api/v1/challenges/inferno/8a86bacb-1266-441c-953f-acca1f88a23b/events?stage=214	8a86bacb-1266-441c-953f-acca1f88a23b.json
2026-10-03T17:24:54Z	200	24190	https://blert.io/api/v1/challenges/inferno/8a86bacb-1266-441c-953f-acca1f88a23b/events?stage=215	8a86bacb-1266-441c-953f-acca1f88a23b.json
2026-10-03T17:24:57Z	200	12795	https://blert.io/api/v1/challenges/inferno/8a86bacb-1266-441c-953f-acca1f88a23b/events?stage=216	8a86bacb-1266-441c-953f-acca1f88a23b.json
2026-10-03T17:25:01Z	200	19472	https://blert.io/api/v1/challenges/inferno/8a86bacb-1266-441c-953f-acca1f88a23b/events?stage=217	8a86bacb-1266-441c-953f-acca1f88a23b.json
2026-10-03T17:25:04Z	200	31090	https://blert.io/api/v1/challenges/inferno/8a86bacb-1266-441c-953f-acca1f88a23b/events?stage=218	8a86bacb-1266-441c-953f-acca1f88a23b.json
2026-10-03T17:25:07Z	200	31767	https://blert.io/api/v1/challenges/inferno/8a86bacb-1266-441c-953f-acca1f88a23b/events?stage=219	8a86bacb-1266-441c-953f-acca1f88a23b.json
2026-10-03T17:25:10Z	200	55205	https://blert.io/api/v1/challenges/inferno/8a86bacb-1266-441c-953f-acca1f88a23b/events?stage=220	8a86bacb-1266-441c-953f-acca1f88a23b.json
2026-10-03T17:25:13Z	200	59288	https://blert.io/api/v1/challenges/inferno/8a86bacb-1266-441c-953f-acca1f88a23b/events?stage=221	8a86bacb-1266-441c-953f-acca1f88a23b.json
2026-10-03T17:25:16Z	200	56400	https://blert.io/api/v1/challenges/inferno/8a86bacb-1266-441c-953f-acca1f88a23b/events?stage=222	8a86bacb-1266-441c-953f-acca1f88a23b.json
2026-10-03T17:25:19Z	200	55473	https://blert.io/api/v1/challenges/inferno/8a86bacb-1266-441c-953f-acca1f88a23b/events?stage=223	8a86bacb-1266-441c-953f-acca1f88a23b.json
2026-10-03T17:25:22Z	200	35247	https://blert.io/api/v1/challenges/inferno/8a86bacb-1266-441c-953f-acca1f88a23b/events?stage=224	8a86bacb-1266-441c-953f-acca1f88a23b.json
2026-10-03T17:25:25Z	200	77718	https://blert.io/api/v1/challenges/inferno/8a86bacb-1266-441c-953f-acca1f88a23b/events?stage=225	8a86bacb-1266-441c-953f-acca1f88a23b.json
2026-10-03T17:25:28Z	200	42654	https://blert.io/api/v1/challenges/inferno/8a86bacb-1266-441c-953f-acca1f88a23b/events?stage=226	8a86bacb-1266-441c-953f-acca1f88a23b.json
2026-10-03T17:25:31Z	200	60360	https://blert.io/api/v1/challenges/inferno/8a86bacb-1266-441c-953f-acca1f88a23b/events?stage=227	8a86bacb-1266-441c-953f-acca1f88a23b.json
2026-10-03T17:25:34Z	200	63733	https://blert.io/api/v1/challenges/inferno/8a86bacb-1266-441c-953f-acca1f88a23b/events?stage=228	8a86bacb-1266-441c-953f-acca1f88a23b.json
2026-10-03T17:25:37Z	200	82433	https://blert.io/api/v1/challenges/inferno/8a86bacb-1266-441c-953f-acca1f88a23b/events?stage=229	8a86bacb-1266-441c-953f-acca1f88a23b.json
2026-10-03T17:25:40Z	200	80968	https://blert.io/api/v1/challenges/inferno/8a86bacb-1266-441c-953f-acca1f88a23b/events?stage=230	8a86bacb-1266-441c-953f-acca1f88a23b.json
2026-10-03T17:25:43Z	200	65680	https://blert.io/api/v1/challenges/inferno/8a86bacb-1266-441c-953f-acca1f88a23b/events?stage=231	8a86bacb-1266-441c-953f-acca1f88a23b.json
2026-10-03T17:25:46Z	200	40849	https://blert.io/api/v1/challenges/inferno/8a86bacb-1266-441c-953f-acca1f88a23b/events?stage=232	8a86bacb-1266-441c-953f-acca1f88a23b.json
2026-10-03T17:25:49Z	200	16237	https://blert.io/api/v1/challenges/inferno/8a86bacb-1266-441c-953f-acca1f88a23b/events?stage=233	8a86bacb-1266-441c-953f-acca1f88a23b.json
2026-10-03T17:25:52Z	200	27869	https://blert.io/api/v1/challenges/inferno/8a86bacb-1266-441c-953f-acca1f88a23b/events?stage=234	8a86bacb-1266-441c-953f-acca1f88a23b.json
2026-10-03T17:25:56Z	200	30391	https://blert.io/api/v1/challenges/inferno/8a86bacb-1266-441c-953f-acca1f88a23b/events?stage=235	8a86bacb-1266-441c-953f-acca1f88a23b.json
2026-10-03T17:25:59Z	200	47436	https://blert.io/api/v1/challenges/inferno/8a86bacb-1266-441c-953f-acca1f88a23b/events?stage=236	8a86bacb-1266-441c-953f-acca1f88a23b.json
2026-10-03T17:26:02Z	200	57707	https://blert.io/api/v1/challenges/inferno/8a86bacb-1266-441c-953f-acca1f88a23b/events?stage=237	8a86bacb-1266-441c-953f-acca1f88a23b.json
2026-10-03T17:26:05Z	200	69209	https://blert.io/api/v1/challenges/inferno/8a86bacb-1266-441c-953f-acca1f88a23b/events?stage=238	8a86bacb-1266-441c-953f-acca1f88a23b.json
2026-10-03T17:26:08Z	200	60847	https://blert.io/api/v1/challenges/inferno/8a86bacb-1266-441c-953f-acca1f88a23b/events?stage=239	8a86bacb-1266-441c-953f-acca1f88a23b.json
2026-10-03T17:26:11Z	200	83263	https://blert.io/api/v1/challenges/inferno/8a86bacb-1266-441c-953f-acca1f88a23b/events?stage=240	8a86bacb-1266-441c-953f-acca1f88a23b.json
2026-10-03T17:26:14Z	200	39702	https://blert.io/api/v1/challenges/inferno/8a86bacb-1266-441c-953f-acca1f88a23b/events?stage=241	8a86bacb-1266-441c-953f-acca1f88a23b.json
2026-10-03T17:26:17Z	200	66281	https://blert.io/api/v1/challenges/inferno/8a86bacb-1266-441c-953f-acca1f88a23b/events?stage=242	8a86bacb-1266-441c-953f-acca1f88a23b.json
2026-10-03T17:26:20Z	200	94665	https://blert.io/api/v1/challenges/inferno/8a86bacb-1266-441c-953f-acca1f88a23b/events?stage=243	8a86bacb-1266-441c-953f-acca1f88a23b.json
2026-10-03T17:26:23Z	200	55721	https://blert.io/api/v1/challenges/inferno/8a86bacb-1266-441c-953f-acca1f88a23b/events?stage=244	8a86bacb-1266-441c-953f-acca1f88a23b.json
2026-10-03T17:26:26Z	200	84010	https://blert.io/api/v1/challenges/inferno/8a86bacb-1266-441c-953f-acca1f88a23b/events?stage=245	8a86bacb-1266-441c-953f-acca1f88a23b.json
2026-10-03T17:26:29Z	200	114001	https://blert.io/api/v1/challenges/inferno/8a86bacb-1266-441c-953f-acca1f88a23b/events?stage=246	8a86bacb-1266-441c-953f-acca1f88a23b.json
2026-10-03T17:26:32Z	200	68611	https://blert.io/api/v1/challenges/inferno/8a86bacb-1266-441c-953f-acca1f88a23b/events?stage=247	8a86bacb-1266-441c-953f-acca1f88a23b.json
2026-10-03T17:26:35Z	200	68148	https://blert.io/api/v1/challenges/inferno/8a86bacb-1266-441c-953f-acca1f88a23b/events?stage=248	8a86bacb-1266-441c-953f-acca1f88a23b.json
2026-10-03T17:26:38Z	200	64294	https://blert.io/api/v1/challenges/inferno/8a86bacb-1266-441c-953f-acca1f88a23b/events?stage=249	8a86bacb-1266-441c-953f-acca1f88a23b.json
2026-10-03T17:26:42Z	200	65107	https://blert.io/api/v1/challenges/inferno/8a86bacb-1266-441c-953f-acca1f88a23b/events?stage=250	8a86bacb-1266-441c-953f-acca1f88a23b.json
2026-10-03T17:26:45Z	200	86896	https://blert.io/api/v1/challenges/inferno/8a86bacb-1266-441c-953f-acca1f88a23b/events?stage=251	8a86bacb-1266-441c-953f-acca1f88a23b.json
2026-10-03T17:26:48Z	200	114565	https://blert.io/api/v1/challenges/inferno/8a86bacb-1266-441c-953f-acca1f88a23b/events?stage=252	8a86bacb-1266-441c-953f-acca1f88a23b.json
2026-10-03T17:26:51Z	200	97844	https://blert.io/api/v1/challenges/inferno/8a86bacb-1266-441c-953f-acca1f88a23b/events?stage=253	8a86bacb-1266-441c-953f-acca1f88a23b.json
2026-10-03T17:26:54Z	200	96610	https://blert.io/api/v1/challenges/inferno/8a86bacb-1266-441c-953f-acca1f88a23b/events?stage=254	8a86bacb-1266-441c-953f-acca1f88a23b.json
2026-10-03T17:26:57Z	200	92067	https://blert.io/api/v1/challenges/inferno/8a86bacb-1266-441c-953f-acca1f88a23b/events?stage=255	8a86bacb-1266-441c-953f-acca1f88a23b.json
2026-10-03T17:27:00Z	200	77331	https://blert.io/api/v1/challenges/inferno/8a86bacb-1266-441c-953f-acca1f88a23b/events?stage=256	8a86bacb-1266-441c-953f-acca1f88a23b.json
2026-10-03T17:27:03Z	200	79937	https://blert.io/api/v1/challenges/inferno/8a86bacb-1266-441c-953f-acca1f88a23b/events?stage=257	8a86bacb-1266-441c-953f-acca1f88a23b.json
2026-10-03T17:27:06Z	200	103969	https://blert.io/api/v1/challenges/inferno/8a86bacb-1266-441c-953f-acca1f88a23b/events?stage=258	8a86bacb-1266-441c-953f-acca1f88a23b.json
2026-10-03T17:27:09Z	200	113290	https://blert.io/api/v1/challenges/inferno/8a86bacb-1266-441c-953f-acca1f88a23b/events?stage=259	8a86bacb-1266-441c-953f-acca1f88a23b.json
2026-10-03T17:27:12Z	200	128639	https://blert.io/api/v1/challenges/inferno/8a86bacb-1266-441c-953f-acca1f88a23b/events?stage=260	8a86bacb-1266-441c-953f-acca1f88a23b.json
2026-10-03T17:27:15Z	200	122240	https://blert.io/api/v1/challenges/inferno/8a86bacb-1266-441c-953f-acca1f88a23b/events?stage=261	8a86bacb-1266-441c-953f-acca1f88a23b.json
2026-10-03T17:27:18Z	200	155211	https://blert.io/api/v1/challenges/inferno/8a86bacb-1266-441c-953f-acca1f88a23b/events?stage=262	8a86bacb-1266-441c-953f-acca1f88a23b.json
2026-10-03T17:27:21Z	200	87917	https://blert.io/api/v1/challenges/inferno/8a86bacb-1266-441c-953f-acca1f88a23b/events?stage=263	8a86bacb-1266-441c-953f-acca1f88a23b.json
2026-10-03T17:27:24Z	200	91017	https://blert.io/api/v1/challenges/inferno/8a86bacb-1266-441c-953f-acca1f88a23b/events?stage=264	8a86bacb-1266-441c-953f-acca1f88a23b.json
2026-10-03T17:27:27Z	200	64916	https://blert.io/api/v1/challenges/inferno/8a86bacb-1266-441c-953f-acca1f88a23b/events?stage=265	8a86bacb-1266-441c-953f-acca1f88a23b.json
2026-10-03T17:27:30Z	200	57476	https://blert.io/api/v1/challenges/inferno/8a86bacb-1266-441c-953f-acca1f88a23b/events?stage=266	8a86bacb-1266-441c-953f-acca1f88a23b.json
2026-10-03T17:27:34Z	200	150021	https://blert.io/api/v1/challenges/inferno/8a86bacb-1266-441c-953f-acca1f88a23b/events?stage=267	8a86bacb-1266-441c-953f-acca1f88a23b.json
2026-10-03T17:27:37Z	200	235680	https://blert.io/api/v1/challenges/inferno/8a86bacb-1266-441c-953f-acca1f88a23b/events?stage=268	8a86bacb-1266-441c-953f-acca1f88a23b.json
2026-10-03T17:27:39Z	200	18795	https://blert.io/api/v1/challenges/inferno/7dca5546-ecfb-41bf-b946-30855bc175e6/events?stage=200	7dca5546-ecfb-41bf-b946-30855bc175e6.json
2026-10-03T17:27:43Z	200	15602	https://blert.io/api/v1/challenges/inferno/7dca5546-ecfb-41bf-b946-30855bc175e6/events?stage=201	7dca5546-ecfb-41bf-b946-30855bc175e6.json
2026-10-03T17:27:46Z	200	14556	https://blert.io/api/v1/challenges/inferno/7dca5546-ecfb-41bf-b946-30855bc175e6/events?stage=202	7dca5546-ecfb-41bf-b946-30855bc175e6.json
2026-10-03T17:27:49Z	200	29285	https://blert.io/api/v1/challenges/inferno/7dca5546-ecfb-41bf-b946-30855bc175e6/events?stage=203	7dca5546-ecfb-41bf-b946-30855bc175e6.json
2026-10-03T17:27:52Z	200	30838	https://blert.io/api/v1/challenges/inferno/7dca5546-ecfb-41bf-b946-30855bc175e6/events?stage=204	7dca5546-ecfb-41bf-b946-30855bc175e6.json
2026-10-03T17:27:56Z	200	52725	https://blert.io/api/v1/challenges/inferno/7dca5546-ecfb-41bf-b946-30855bc175e6/events?stage=205	7dca5546-ecfb-41bf-b946-30855bc175e6.json
2026-10-03T17:27:58Z	200	53063	https://blert.io/api/v1/challenges/inferno/7dca5546-ecfb-41bf-b946-30855bc175e6/events?stage=206	7dca5546-ecfb-41bf-b946-30855bc175e6.json
2026-10-03T17:28:01Z	200	15449	https://blert.io/api/v1/challenges/inferno/7dca5546-ecfb-41bf-b946-30855bc175e6/events?stage=207	7dca5546-ecfb-41bf-b946-30855bc175e6.json
2026-10-03T17:28:04Z	200	19833	https://blert.io/api/v1/challenges/inferno/7dca5546-ecfb-41bf-b946-30855bc175e6/events?stage=208	7dca5546-ecfb-41bf-b946-30855bc175e6.json
2026-10-03T17:28:07Z	200	20603	https://blert.io/api/v1/challenges/inferno/7dca5546-ecfb-41bf-b946-30855bc175e6/events?stage=209	7dca5546-ecfb-41bf-b946-30855bc175e6.json
2026-10-03T17:28:10Z	200	39180	https://blert.io/api/v1/challenges/inferno/7dca5546-ecfb-41bf-b946-30855bc175e6/events?stage=210	7dca5546-ecfb-41bf-b946-30855bc175e6.json
2026-10-03T17:28:13Z	200	39507	https://blert.io/api/v1/challenges/inferno/7dca5546-ecfb-41bf-b946-30855bc175e6/events?stage=211	7dca5546-ecfb-41bf-b946-30855bc175e6.json
2026-10-03T17:28:16Z	200	55729	https://blert.io/api/v1/challenges/inferno/7dca5546-ecfb-41bf-b946-30855bc175e6/events?stage=212	7dca5546-ecfb-41bf-b946-30855bc175e6.json
2026-10-03T17:28:19Z	200	47720	https://blert.io/api/v1/challenges/inferno/7dca5546-ecfb-41bf-b946-30855bc175e6/events?stage=213	7dca5546-ecfb-41bf-b946-30855bc175e6.json
2026-10-03T17:28:22Z	200	61705	https://blert.io/api/v1/challenges/inferno/7dca5546-ecfb-41bf-b946-30855bc175e6/events?stage=214	7dca5546-ecfb-41bf-b946-30855bc175e6.json
2026-10-03T17:28:25Z	200	35375	https://blert.io/api/v1/challenges/inferno/7dca5546-ecfb-41bf-b946-30855bc175e6/events?stage=215	7dca5546-ecfb-41bf-b946-30855bc175e6.json
2026-10-03T17:28:29Z	200	14559	https://blert.io/api/v1/challenges/inferno/7dca5546-ecfb-41bf-b946-30855bc175e6/events?stage=216	7dca5546-ecfb-41bf-b946-30855bc175e6.json
2026-10-03T17:28:32Z	200	22209	https://blert.io/api/v1/challenges/inferno/7dca5546-ecfb-41bf-b946-30855bc175e6/events?stage=217	7dca5546-ecfb-41bf-b946-30855bc175e6.json
2026-10-03T17:28:35Z	200	31581	https://blert.io/api/v1/challenges/inferno/7dca5546-ecfb-41bf-b946-30855bc175e6/events?stage=218	7dca5546-ecfb-41bf-b946-30855bc175e6.json
2026-10-03T17:28:38Z	200	33735	https://blert.io/api/v1/challenges/inferno/7dca5546-ecfb-41bf-b946-30855bc175e6/events?stage=219	7dca5546-ecfb-41bf-b946-30855bc175e6.json
2026-10-03T17:28:41Z	200	59275	https://blert.io/api/v1/challenges/inferno/7dca5546-ecfb-41bf-b946-30855bc175e6/events?stage=220	7dca5546-ecfb-41bf-b946-30855bc175e6.json
2026-10-03T17:28:44Z	200	57449	https://blert.io/api/v1/challenges/inferno/7dca5546-ecfb-41bf-b946-30855bc175e6/events?stage=221	7dca5546-ecfb-41bf-b946-30855bc175e6.json
2026-10-03T17:28:47Z	200	55625	https://blert.io/api/v1/challenges/inferno/7dca5546-ecfb-41bf-b946-30855bc175e6/events?stage=222	7dca5546-ecfb-41bf-b946-30855bc175e6.json
2026-10-03T17:28:50Z	200	65414	https://blert.io/api/v1/challenges/inferno/7dca5546-ecfb-41bf-b946-30855bc175e6/events?stage=223	7dca5546-ecfb-41bf-b946-30855bc175e6.json
2026-10-03T17:28:53Z	200	44418	https://blert.io/api/v1/challenges/inferno/7dca5546-ecfb-41bf-b946-30855bc175e6/events?stage=224	7dca5546-ecfb-41bf-b946-30855bc175e6.json
2026-10-03T17:28:56Z	200	45733	https://blert.io/api/v1/challenges/inferno/7dca5546-ecfb-41bf-b946-30855bc175e6/events?stage=225	7dca5546-ecfb-41bf-b946-30855bc175e6.json
2026-10-03T17:28:59Z	200	50264	https://blert.io/api/v1/challenges/inferno/7dca5546-ecfb-41bf-b946-30855bc175e6/events?stage=226	7dca5546-ecfb-41bf-b946-30855bc175e6.json
2026-10-03T17:29:02Z	200	69828	https://blert.io/api/v1/challenges/inferno/7dca5546-ecfb-41bf-b946-30855bc175e6/events?stage=227	7dca5546-ecfb-41bf-b946-30855bc175e6.json
2026-10-03T17:29:05Z	200	62101	https://blert.io/api/v1/challenges/inferno/7dca5546-ecfb-41bf-b946-30855bc175e6/events?stage=228	7dca5546-ecfb-41bf-b946-30855bc175e6.json
2026-10-03T17:29:08Z	200	68474	https://blert.io/api/v1/challenges/inferno/7dca5546-ecfb-41bf-b946-30855bc175e6/events?stage=229	7dca5546-ecfb-41bf-b946-30855bc175e6.json
2026-10-03T17:29:11Z	200	100254	https://blert.io/api/v1/challenges/inferno/7dca5546-ecfb-41bf-b946-30855bc175e6/events?stage=230	7dca5546-ecfb-41bf-b946-30855bc175e6.json
2026-10-03T17:29:14Z	200	66888	https://blert.io/api/v1/challenges/inferno/7dca5546-ecfb-41bf-b946-30855bc175e6/events?stage=231	7dca5546-ecfb-41bf-b946-30855bc175e6.json
2026-10-03T17:29:17Z	200	42616	https://blert.io/api/v1/challenges/inferno/7dca5546-ecfb-41bf-b946-30855bc175e6/events?stage=232	7dca5546-ecfb-41bf-b946-30855bc175e6.json
2026-10-03T17:29:20Z	200	15815	https://blert.io/api/v1/challenges/inferno/7dca5546-ecfb-41bf-b946-30855bc175e6/events?stage=233	7dca5546-ecfb-41bf-b946-30855bc175e6.json
2026-10-03T17:29:24Z	200	28195	https://blert.io/api/v1/challenges/inferno/7dca5546-ecfb-41bf-b946-30855bc175e6/events?stage=234	7dca5546-ecfb-41bf-b946-30855bc175e6.json
2026-10-03T17:29:27Z	200	50680	https://blert.io/api/v1/challenges/inferno/7dca5546-ecfb-41bf-b946-30855bc175e6/events?stage=235	7dca5546-ecfb-41bf-b946-30855bc175e6.json
2026-10-03T17:29:33Z	200	54263	https://blert.io/api/v1/challenges/inferno/7dca5546-ecfb-41bf-b946-30855bc175e6/events?stage=236	7dca5546-ecfb-41bf-b946-30855bc175e6.json
2026-10-03T17:29:34Z	200	61373	https://blert.io/api/v1/challenges/inferno/7dca5546-ecfb-41bf-b946-30855bc175e6/events?stage=237	7dca5546-ecfb-41bf-b946-30855bc175e6.json
2026-10-03T17:29:36Z	200	65450	https://blert.io/api/v1/challenges/inferno/7dca5546-ecfb-41bf-b946-30855bc175e6/events?stage=238	7dca5546-ecfb-41bf-b946-30855bc175e6.json
2026-10-03T17:29:39Z	200	93434	https://blert.io/api/v1/challenges/inferno/7dca5546-ecfb-41bf-b946-30855bc175e6/events?stage=239	7dca5546-ecfb-41bf-b946-30855bc175e6.json
2026-10-03T17:29:42Z	200	76356	https://blert.io/api/v1/challenges/inferno/7dca5546-ecfb-41bf-b946-30855bc175e6/events?stage=240	7dca5546-ecfb-41bf-b946-30855bc175e6.json
2026-10-03T17:29:45Z	200	47969	https://blert.io/api/v1/challenges/inferno/7dca5546-ecfb-41bf-b946-30855bc175e6/events?stage=241	7dca5546-ecfb-41bf-b946-30855bc175e6.json
2026-10-03T17:29:48Z	200	44237	https://blert.io/api/v1/challenges/inferno/7dca5546-ecfb-41bf-b946-30855bc175e6/events?stage=242	7dca5546-ecfb-41bf-b946-30855bc175e6.json
2026-10-03T17:29:51Z	200	30599	https://blert.io/api/v1/challenges/inferno/7dca5546-ecfb-41bf-b946-30855bc175e6/events?stage=243	7dca5546-ecfb-41bf-b946-30855bc175e6.json
2026-10-03T17:29:54Z	200	21669	https://blert.io/api/v1/challenges/inferno/68174070-b5b5-4dd4-a8b1-7b4bd308723c/events?stage=200	68174070-b5b5-4dd4-a8b1-7b4bd308723c.json
2026-10-03T17:29:58Z	200	26489	https://blert.io/api/v1/challenges/inferno/68174070-b5b5-4dd4-a8b1-7b4bd308723c/events?stage=201	68174070-b5b5-4dd4-a8b1-7b4bd308723c.json
2026-10-03T17:30:00Z	200	15681	https://blert.io/api/v1/challenges/inferno/68174070-b5b5-4dd4-a8b1-7b4bd308723c/events?stage=202	68174070-b5b5-4dd4-a8b1-7b4bd308723c.json
2026-10-03T17:30:04Z	200	33675	https://blert.io/api/v1/challenges/inferno/68174070-b5b5-4dd4-a8b1-7b4bd308723c/events?stage=203	68174070-b5b5-4dd4-a8b1-7b4bd308723c.json
2026-10-03T17:30:07Z	200	41253	https://blert.io/api/v1/challenges/inferno/68174070-b5b5-4dd4-a8b1-7b4bd308723c/events?stage=204	68174070-b5b5-4dd4-a8b1-7b4bd308723c.json
2026-10-03T17:30:10Z	200	43156	https://blert.io/api/v1/challenges/inferno/68174070-b5b5-4dd4-a8b1-7b4bd308723c/events?stage=205	68174070-b5b5-4dd4-a8b1-7b4bd308723c.json
2026-10-03T17:30:13Z	200	56660	https://blert.io/api/v1/challenges/inferno/68174070-b5b5-4dd4-a8b1-7b4bd308723c/events?stage=206	68174070-b5b5-4dd4-a8b1-7b4bd308723c.json
2026-10-03T17:30:16Z	200	16828	https://blert.io/api/v1/challenges/inferno/68174070-b5b5-4dd4-a8b1-7b4bd308723c/events?stage=207	68174070-b5b5-4dd4-a8b1-7b4bd308723c.json
2026-10-03T17:30:19Z	200	17759	https://blert.io/api/v1/challenges/inferno/68174070-b5b5-4dd4-a8b1-7b4bd308723c/events?stage=208	68174070-b5b5-4dd4-a8b1-7b4bd308723c.json
2026-10-03T17:30:22Z	200	33099	https://blert.io/api/v1/challenges/inferno/68174070-b5b5-4dd4-a8b1-7b4bd308723c/events?stage=209	68174070-b5b5-4dd4-a8b1-7b4bd308723c.json
2026-10-03T17:30:25Z	200	46984	https://blert.io/api/v1/challenges/inferno/68174070-b5b5-4dd4-a8b1-7b4bd308723c/events?stage=210	68174070-b5b5-4dd4-a8b1-7b4bd308723c.json
2026-10-03T17:30:28Z	200	43373	https://blert.io/api/v1/challenges/inferno/68174070-b5b5-4dd4-a8b1-7b4bd308723c/events?stage=211	68174070-b5b5-4dd4-a8b1-7b4bd308723c.json
2026-10-03T17:30:31Z	200	61918	https://blert.io/api/v1/challenges/inferno/68174070-b5b5-4dd4-a8b1-7b4bd308723c/events?stage=212	68174070-b5b5-4dd4-a8b1-7b4bd308723c.json
2026-10-03T17:30:34Z	200	91243	https://blert.io/api/v1/challenges/inferno/68174070-b5b5-4dd4-a8b1-7b4bd308723c/events?stage=213	68174070-b5b5-4dd4-a8b1-7b4bd308723c.json
2026-10-03T17:30:37Z	200	94477	https://blert.io/api/v1/challenges/inferno/68174070-b5b5-4dd4-a8b1-7b4bd308723c/events?stage=214	68174070-b5b5-4dd4-a8b1-7b4bd308723c.json
2026-10-03T17:30:40Z	200	59419	https://blert.io/api/v1/challenges/inferno/68174070-b5b5-4dd4-a8b1-7b4bd308723c/events?stage=215	68174070-b5b5-4dd4-a8b1-7b4bd308723c.json
2026-10-03T17:30:43Z	200	23448	https://blert.io/api/v1/challenges/inferno/68174070-b5b5-4dd4-a8b1-7b4bd308723c/events?stage=216	68174070-b5b5-4dd4-a8b1-7b4bd308723c.json
2026-10-03T17:30:46Z	200	25252	https://blert.io/api/v1/challenges/inferno/68174070-b5b5-4dd4-a8b1-7b4bd308723c/events?stage=217	68174070-b5b5-4dd4-a8b1-7b4bd308723c.json
2026-10-03T17:30:49Z	200	39556	https://blert.io/api/v1/challenges/inferno/68174070-b5b5-4dd4-a8b1-7b4bd308723c/events?stage=218	68174070-b5b5-4dd4-a8b1-7b4bd308723c.json
2026-10-03T17:30:53Z	200	42001	https://blert.io/api/v1/challenges/inferno/68174070-b5b5-4dd4-a8b1-7b4bd308723c/events?stage=219	68174070-b5b5-4dd4-a8b1-7b4bd308723c.json
2026-10-03T17:30:56Z	200	57043	https://blert.io/api/v1/challenges/inferno/68174070-b5b5-4dd4-a8b1-7b4bd308723c/events?stage=220	68174070-b5b5-4dd4-a8b1-7b4bd308723c.json
2026-10-03T17:30:59Z	200	90393	https://blert.io/api/v1/challenges/inferno/68174070-b5b5-4dd4-a8b1-7b4bd308723c/events?stage=221	68174070-b5b5-4dd4-a8b1-7b4bd308723c.json
2026-10-03T17:31:02Z	200	74593	https://blert.io/api/v1/challenges/inferno/68174070-b5b5-4dd4-a8b1-7b4bd308723c/events?stage=222	68174070-b5b5-4dd4-a8b1-7b4bd308723c.json
2026-10-03T17:31:05Z	200	81836	https://blert.io/api/v1/challenges/inferno/68174070-b5b5-4dd4-a8b1-7b4bd308723c/events?stage=223	68174070-b5b5-4dd4-a8b1-7b4bd308723c.json
2026-10-03T17:31:08Z	200	56126	https://blert.io/api/v1/challenges/inferno/68174070-b5b5-4dd4-a8b1-7b4bd308723c/events?stage=224	68174070-b5b5-4dd4-a8b1-7b4bd308723c.json
2026-10-03T17:31:11Z	200	54244	https://blert.io/api/v1/challenges/inferno/68174070-b5b5-4dd4-a8b1-7b4bd308723c/events?stage=225	68174070-b5b5-4dd4-a8b1-7b4bd308723c.json
2026-10-03T17:31:14Z	200	79335	https://blert.io/api/v1/challenges/inferno/68174070-b5b5-4dd4-a8b1-7b4bd308723c/events?stage=226	68174070-b5b5-4dd4-a8b1-7b4bd308723c.json
2026-10-03T17:31:17Z	200	87306	https://blert.io/api/v1/challenges/inferno/68174070-b5b5-4dd4-a8b1-7b4bd308723c/events?stage=227	68174070-b5b5-4dd4-a8b1-7b4bd308723c.json
2026-10-03T17:31:20Z	200	80169	https://blert.io/api/v1/challenges/inferno/68174070-b5b5-4dd4-a8b1-7b4bd308723c/events?stage=228	68174070-b5b5-4dd4-a8b1-7b4bd308723c.json
2026-10-03T17:31:23Z	200	87939	https://blert.io/api/v1/challenges/inferno/68174070-b5b5-4dd4-a8b1-7b4bd308723c/events?stage=229	68174070-b5b5-4dd4-a8b1-7b4bd308723c.json
2026-10-03T17:31:26Z	200	106215	https://blert.io/api/v1/challenges/inferno/68174070-b5b5-4dd4-a8b1-7b4bd308723c/events?stage=230	68174070-b5b5-4dd4-a8b1-7b4bd308723c.json
2026-10-03T17:31:29Z	200	80033	https://blert.io/api/v1/challenges/inferno/68174070-b5b5-4dd4-a8b1-7b4bd308723c/events?stage=231	68174070-b5b5-4dd4-a8b1-7b4bd308723c.json
2026-10-03T17:31:32Z	200	50229	https://blert.io/api/v1/challenges/inferno/68174070-b5b5-4dd4-a8b1-7b4bd308723c/events?stage=232	68174070-b5b5-4dd4-a8b1-7b4bd308723c.json
2026-10-03T17:31:35Z	200	21426	https://blert.io/api/v1/challenges/inferno/68174070-b5b5-4dd4-a8b1-7b4bd308723c/events?stage=233	68174070-b5b5-4dd4-a8b1-7b4bd308723c.json
2026-10-03T17:31:38Z	200	43588	https://blert.io/api/v1/challenges/inferno/68174070-b5b5-4dd4-a8b1-7b4bd308723c/events?stage=234	68174070-b5b5-4dd4-a8b1-7b4bd308723c.json
2026-10-03T17:31:41Z	200	54410	https://blert.io/api/v1/challenges/inferno/68174070-b5b5-4dd4-a8b1-7b4bd308723c/events?stage=235	68174070-b5b5-4dd4-a8b1-7b4bd308723c.json
2026-10-03T17:31:45Z	200	50495	https://blert.io/api/v1/challenges/inferno/68174070-b5b5-4dd4-a8b1-7b4bd308723c/events?stage=236	68174070-b5b5-4dd4-a8b1-7b4bd308723c.json
2026-10-03T17:31:48Z	200	91019	https://blert.io/api/v1/challenges/inferno/68174070-b5b5-4dd4-a8b1-7b4bd308723c/events?stage=237	68174070-b5b5-4dd4-a8b1-7b4bd308723c.json
2026-10-03T17:31:51Z	200	104288	https://blert.io/api/v1/challenges/inferno/68174070-b5b5-4dd4-a8b1-7b4bd308723c/events?stage=238	68174070-b5b5-4dd4-a8b1-7b4bd308723c.json
2026-10-03T17:31:54Z	200	107214	https://blert.io/api/v1/challenges/inferno/68174070-b5b5-4dd4-a8b1-7b4bd308723c/events?stage=239	68174070-b5b5-4dd4-a8b1-7b4bd308723c.json
2026-10-03T17:31:57Z	200	140955	https://blert.io/api/v1/challenges/inferno/68174070-b5b5-4dd4-a8b1-7b4bd308723c/events?stage=240	68174070-b5b5-4dd4-a8b1-7b4bd308723c.json
2026-10-03T17:32:00Z	200	54929	https://blert.io/api/v1/challenges/inferno/68174070-b5b5-4dd4-a8b1-7b4bd308723c/events?stage=241	68174070-b5b5-4dd4-a8b1-7b4bd308723c.json
2026-10-03T17:32:03Z	200	75702	https://blert.io/api/v1/challenges/inferno/68174070-b5b5-4dd4-a8b1-7b4bd308723c/events?stage=242	68174070-b5b5-4dd4-a8b1-7b4bd308723c.json
2026-10-03T17:32:06Z	200	57937	https://blert.io/api/v1/challenges/inferno/68174070-b5b5-4dd4-a8b1-7b4bd308723c/events?stage=243	68174070-b5b5-4dd4-a8b1-7b4bd308723c.json
2026-10-03T17:32:09Z	200	101790	https://blert.io/api/v1/challenges/inferno/68174070-b5b5-4dd4-a8b1-7b4bd308723c/events?stage=244	68174070-b5b5-4dd4-a8b1-7b4bd308723c.json
2026-10-03T17:32:12Z	200	120830	https://blert.io/api/v1/challenges/inferno/68174070-b5b5-4dd4-a8b1-7b4bd308723c/events?stage=245	68174070-b5b5-4dd4-a8b1-7b4bd308723c.json
2026-10-03T17:32:15Z	200	144821	https://blert.io/api/v1/challenges/inferno/68174070-b5b5-4dd4-a8b1-7b4bd308723c/events?stage=246	68174070-b5b5-4dd4-a8b1-7b4bd308723c.json
2026-10-03T17:32:18Z	200	36550	https://blert.io/api/v1/challenges/inferno/68174070-b5b5-4dd4-a8b1-7b4bd308723c/events?stage=247	68174070-b5b5-4dd4-a8b1-7b4bd308723c.json
2026-10-03T17:32:30Z	200	76716	https://blert.io/api/v1/challenges/inferno/7dca5546-ecfb-41bf-b946-30855bc175e6	7dca5546-ecfb-41bf-b946-30855bc175e6.json
2026-10-03T17:32:33Z	200	127701	https://blert.io/api/v1/challenges/inferno/1b92d513-852a-4c95-b756-a622b2f5fe9c	1b92d513-852a-4c95-b756-a622b2f5fe9c.json
2026-10-03T17:32:37Z	200	128635	https://blert.io/api/v1/challenges/inferno/41c5c054-98ff-45f5-acf1-2dc143f860ec	41c5c054-98ff-45f5-acf1-2dc143f860ec.json
2026-10-03T17:32:40Z	200	127262	https://blert.io/api/v1/challenges/inferno/447a4094-15f4-4499-8165-104998e15396	447a4094-15f4-4499-8165-104998e15396.json
2026-10-03T17:32:43Z	200	126885	https://blert.io/api/v1/challenges/inferno/6214a4e9-1627-4b92-af5b-1568ac665e94	6214a4e9-1627-4b92-af5b-1568ac665e94.json
2026-10-03T17:32:46Z	200	85745	https://blert.io/api/v1/challenges/inferno/68174070-b5b5-4dd4-a8b1-7b4bd308723c	68174070-b5b5-4dd4-a8b1-7b4bd308723c.json
2026-10-03T17:32:49Z	200	129021	https://blert.io/api/v1/challenges/inferno/6a865311-1ada-4a12-8342-2a66a6181ae3	6a865311-1ada-4a12-8342-2a66a6181ae3.json
2026-10-03T17:32:52Z	200	125089	https://blert.io/api/v1/challenges/inferno/754bc5aa-1570-4984-a181-e7c2456d90c0	754bc5aa-1570-4984-a181-e7c2456d90c0.json
2026-10-03T17:32:55Z	200	126985	https://blert.io/api/v1/challenges/inferno/7d6a3542-a926-42dc-9303-73b5140e8dbd	7d6a3542-a926-42dc-9303-73b5140e8dbd.json
2026-10-03T17:32:58Z	200	124961	https://blert.io/api/v1/challenges/inferno/8a86bacb-1266-441c-953f-acca1f88a23b	8a86bacb-1266-441c-953f-acca1f88a23b.json
2026-10-03T17:33:01Z	200	98610	https://blert.io/api/v1/challenges/inferno/936b38c9-2eba-45e9-b6e8-692a1ffced4f	936b38c9-2eba-45e9-b6e8-692a1ffced4f.json
2026-10-03T17:33:04Z	200	128324	https://blert.io/api/v1/challenges/inferno/b1e47c9b-46c6-4b96-a687-9d57df330c38	b1e47c9b-46c6-4b96-a687-9d57df330c38.json
2026-10-03T17:33:07Z	200	128527	https://blert.io/api/v1/challenges/inferno/b338bcb1-72c9-4c52-91b6-45b1e46ce81d	b338bcb1-72c9-4c52-91b6-45b1e46ce81d.json
2026-10-03T17:33:10Z	200	120305	https://blert.io/api/v1/challenges/inferno/bf07a3ce-5658-4e85-8634-a2fdb7fb2be8	bf07a3ce-5658-4e85-8634-a2fdb7fb2be8.json
2026-10-03T17:33:13Z	200	129385	https://blert.io/api/v1/challenges/inferno/d66dfff5-2bc1-48ac-a364-b2eeb1d34f8c	d66dfff5-2bc1-48ac-a364-b2eeb1d34f8c.json
2026-10-03T17:33:16Z	200	126145	https://blert.io/api/v1/challenges/inferno/dda7541d-26da-4b9a-8446-fc8238d66dad	dda7541d-26da-4b9a-8446-fc8238d66dad.json
2026-10-03T17:33:19Z	200	125995	https://blert.io/api/v1/challenges/inferno/e018d2b6-6ca0-4c3e-b2e2-cda883e1634e	e018d2b6-6ca0-4c3e-b2e2-cda883e1634e.json
2026-10-03T17:33:22Z	200	130136	https://blert.io/api/v1/challenges/inferno/fdbf9985-a4ee-4615-82ed-b628228740fc	fdbf9985-a4ee-4615-82ed-b628228740fc.json
2026-10-03T19:36:24Z	200	4533	https://blert.io/api/v1/challenges?type=5&limit=12&status=1	(listing)
2026-10-03T19:36:27Z	200	2299	https://blert.io/api/v1/challenges?type=5&limit=6&status=3&stage=ge230	(listing)
2026-10-03T19:36:32Z	200	54660	https://blert.io/api/v1/challenges/inferno/c8d56ab9-fc21-4fb2-88cd-8c68ad254fd3	c8d56ab9-fc21-4fb2-88cd-8c68ad254fd3.json
2026-10-03T19:36:35Z	200	15610	https://blert.io/api/v1/challenges/inferno/c8d56ab9-fc21-4fb2-88cd-8c68ad254fd3/events?stage=200	c8d56ab9-fc21-4fb2-88cd-8c68ad254fd3.json
2026-10-03T19:36:38Z	200	19503	https://blert.io/api/v1/challenges/inferno/c8d56ab9-fc21-4fb2-88cd-8c68ad254fd3/events?stage=201	c8d56ab9-fc21-4fb2-88cd-8c68ad254fd3.json
2026-10-03T19:36:41Z	200	14538	https://blert.io/api/v1/challenges/inferno/c8d56ab9-fc21-4fb2-88cd-8c68ad254fd3/events?stage=202	c8d56ab9-fc21-4fb2-88cd-8c68ad254fd3.json
2026-10-03T19:36:44Z	200	23013	https://blert.io/api/v1/challenges/inferno/c8d56ab9-fc21-4fb2-88cd-8c68ad254fd3/events?stage=203	c8d56ab9-fc21-4fb2-88cd-8c68ad254fd3.json
2026-10-03T19:36:47Z	200	27552	https://blert.io/api/v1/challenges/inferno/c8d56ab9-fc21-4fb2-88cd-8c68ad254fd3/events?stage=204	c8d56ab9-fc21-4fb2-88cd-8c68ad254fd3.json
2026-10-03T19:36:50Z	200	58672	https://blert.io/api/v1/challenges/inferno/c8d56ab9-fc21-4fb2-88cd-8c68ad254fd3/events?stage=205	c8d56ab9-fc21-4fb2-88cd-8c68ad254fd3.json
2026-10-03T19:36:53Z	200	47862	https://blert.io/api/v1/challenges/inferno/c8d56ab9-fc21-4fb2-88cd-8c68ad254fd3/events?stage=206	c8d56ab9-fc21-4fb2-88cd-8c68ad254fd3.json
2026-10-03T19:36:56Z	200	14537	https://blert.io/api/v1/challenges/inferno/c8d56ab9-fc21-4fb2-88cd-8c68ad254fd3/events?stage=207	c8d56ab9-fc21-4fb2-88cd-8c68ad254fd3.json
2026-10-03T19:36:59Z	200	19533	https://blert.io/api/v1/challenges/inferno/c8d56ab9-fc21-4fb2-88cd-8c68ad254fd3/events?stage=208	c8d56ab9-fc21-4fb2-88cd-8c68ad254fd3.json
2026-10-03T19:37:02Z	200	29495	https://blert.io/api/v1/challenges/inferno/c8d56ab9-fc21-4fb2-88cd-8c68ad254fd3/events?stage=209	c8d56ab9-fc21-4fb2-88cd-8c68ad254fd3.json
2026-10-03T19:37:05Z	200	36906	https://blert.io/api/v1/challenges/inferno/c8d56ab9-fc21-4fb2-88cd-8c68ad254fd3/events?stage=210	c8d56ab9-fc21-4fb2-88cd-8c68ad254fd3.json
2026-10-03T19:37:08Z	200	44530	https://blert.io/api/v1/challenges/inferno/c8d56ab9-fc21-4fb2-88cd-8c68ad254fd3/events?stage=211	c8d56ab9-fc21-4fb2-88cd-8c68ad254fd3.json
2026-10-03T19:37:11Z	200	45059	https://blert.io/api/v1/challenges/inferno/c8d56ab9-fc21-4fb2-88cd-8c68ad254fd3/events?stage=212	c8d56ab9-fc21-4fb2-88cd-8c68ad254fd3.json
2026-10-03T19:37:14Z	200	65920	https://blert.io/api/v1/challenges/inferno/c8d56ab9-fc21-4fb2-88cd-8c68ad254fd3/events?stage=213	c8d56ab9-fc21-4fb2-88cd-8c68ad254fd3.json
2026-10-03T19:37:18Z	200	68927	https://blert.io/api/v1/challenges/inferno/c8d56ab9-fc21-4fb2-88cd-8c68ad254fd3/events?stage=214	c8d56ab9-fc21-4fb2-88cd-8c68ad254fd3.json
2026-10-03T19:37:21Z	200	33477	https://blert.io/api/v1/challenges/inferno/c8d56ab9-fc21-4fb2-88cd-8c68ad254fd3/events?stage=215	c8d56ab9-fc21-4fb2-88cd-8c68ad254fd3.json
2026-10-03T19:37:24Z	200	15529	https://blert.io/api/v1/challenges/inferno/c8d56ab9-fc21-4fb2-88cd-8c68ad254fd3/events?stage=216	c8d56ab9-fc21-4fb2-88cd-8c68ad254fd3.json
2026-10-03T19:37:27Z	200	33099	https://blert.io/api/v1/challenges/inferno/c8d56ab9-fc21-4fb2-88cd-8c68ad254fd3/events?stage=217	c8d56ab9-fc21-4fb2-88cd-8c68ad254fd3.json
2026-10-03T19:37:30Z	200	30821	https://blert.io/api/v1/challenges/inferno/c8d56ab9-fc21-4fb2-88cd-8c68ad254fd3/events?stage=218	c8d56ab9-fc21-4fb2-88cd-8c68ad254fd3.json
2026-10-03T19:37:33Z	200	44625	https://blert.io/api/v1/challenges/inferno/c8d56ab9-fc21-4fb2-88cd-8c68ad254fd3/events?stage=219	c8d56ab9-fc21-4fb2-88cd-8c68ad254fd3.json
2026-10-03T19:37:36Z	200	45115	https://blert.io/api/v1/challenges/inferno/c8d56ab9-fc21-4fb2-88cd-8c68ad254fd3/events?stage=220	c8d56ab9-fc21-4fb2-88cd-8c68ad254fd3.json
2026-10-03T19:37:39Z	200	55288	https://blert.io/api/v1/challenges/inferno/c8d56ab9-fc21-4fb2-88cd-8c68ad254fd3/events?stage=221	c8d56ab9-fc21-4fb2-88cd-8c68ad254fd3.json
2026-10-03T19:37:42Z	200	70885	https://blert.io/api/v1/challenges/inferno/c8d56ab9-fc21-4fb2-88cd-8c68ad254fd3/events?stage=222	c8d56ab9-fc21-4fb2-88cd-8c68ad254fd3.json
2026-10-03T19:37:45Z	200	70547	https://blert.io/api/v1/challenges/inferno/c8d56ab9-fc21-4fb2-88cd-8c68ad254fd3/events?stage=223	c8d56ab9-fc21-4fb2-88cd-8c68ad254fd3.json
2026-10-03T19:37:49Z	200	38647	https://blert.io/api/v1/challenges/inferno/c8d56ab9-fc21-4fb2-88cd-8c68ad254fd3/events?stage=224	c8d56ab9-fc21-4fb2-88cd-8c68ad254fd3.json
2026-10-03T19:37:52Z	200	43337	https://blert.io/api/v1/challenges/inferno/c8d56ab9-fc21-4fb2-88cd-8c68ad254fd3/events?stage=225	c8d56ab9-fc21-4fb2-88cd-8c68ad254fd3.json
2026-10-03T19:37:55Z	200	54882	https://blert.io/api/v1/challenges/inferno/c8d56ab9-fc21-4fb2-88cd-8c68ad254fd3/events?stage=226	c8d56ab9-fc21-4fb2-88cd-8c68ad254fd3.json
2026-10-03T19:37:58Z	200	58396	https://blert.io/api/v1/challenges/inferno/c8d56ab9-fc21-4fb2-88cd-8c68ad254fd3/events?stage=227	c8d56ab9-fc21-4fb2-88cd-8c68ad254fd3.json
2026-10-03T19:38:01Z	200	65122	https://blert.io/api/v1/challenges/inferno/c8d56ab9-fc21-4fb2-88cd-8c68ad254fd3/events?stage=228	c8d56ab9-fc21-4fb2-88cd-8c68ad254fd3.json
2026-10-03T19:38:04Z	200	67274	https://blert.io/api/v1/challenges/inferno/c8d56ab9-fc21-4fb2-88cd-8c68ad254fd3/events?stage=229	c8d56ab9-fc21-4fb2-88cd-8c68ad254fd3.json
2026-10-03T19:38:07Z	200	39519	https://blert.io/api/v1/challenges/inferno/c8d56ab9-fc21-4fb2-88cd-8c68ad254fd3/events?stage=230	c8d56ab9-fc21-4fb2-88cd-8c68ad254fd3.json
2026-10-03T19:38:10Z	200	110453	https://blert.io/api/v1/challenges/inferno/dd5b1591-d086-4c44-aed6-bfac04f73d73	dd5b1591-d086-4c44-aed6-bfac04f73d73.json
2026-10-03T19:38:13Z	200	16943	https://blert.io/api/v1/challenges/inferno/dd5b1591-d086-4c44-aed6-bfac04f73d73/events?stage=200	dd5b1591-d086-4c44-aed6-bfac04f73d73.json
2026-10-03T19:38:16Z	200	21696	https://blert.io/api/v1/challenges/inferno/dd5b1591-d086-4c44-aed6-bfac04f73d73/events?stage=201	dd5b1591-d086-4c44-aed6-bfac04f73d73.json
2026-10-03T19:38:19Z	200	12693	https://blert.io/api/v1/challenges/inferno/dd5b1591-d086-4c44-aed6-bfac04f73d73/events?stage=202	dd5b1591-d086-4c44-aed6-bfac04f73d73.json
2026-10-03T19:38:22Z	200	25711	https://blert.io/api/v1/challenges/inferno/dd5b1591-d086-4c44-aed6-bfac04f73d73/events?stage=203	dd5b1591-d086-4c44-aed6-bfac04f73d73.json
2026-10-03T19:38:25Z	200	36903	https://blert.io/api/v1/challenges/inferno/dd5b1591-d086-4c44-aed6-bfac04f73d73/events?stage=204	dd5b1591-d086-4c44-aed6-bfac04f73d73.json
2026-10-03T19:38:28Z	200	42529	https://blert.io/api/v1/challenges/inferno/dd5b1591-d086-4c44-aed6-bfac04f73d73/events?stage=205	dd5b1591-d086-4c44-aed6-bfac04f73d73.json
2026-10-03T19:38:31Z	200	52065	https://blert.io/api/v1/challenges/inferno/dd5b1591-d086-4c44-aed6-bfac04f73d73/events?stage=206	dd5b1591-d086-4c44-aed6-bfac04f73d73.json
2026-10-03T19:38:34Z	200	16880	https://blert.io/api/v1/challenges/inferno/dd5b1591-d086-4c44-aed6-bfac04f73d73/events?stage=207	dd5b1591-d086-4c44-aed6-bfac04f73d73.json
2026-10-03T19:38:37Z	200	23963	https://blert.io/api/v1/challenges/inferno/dd5b1591-d086-4c44-aed6-bfac04f73d73/events?stage=208	dd5b1591-d086-4c44-aed6-bfac04f73d73.json
2026-10-03T19:38:40Z	200	24010	https://blert.io/api/v1/challenges/inferno/dd5b1591-d086-4c44-aed6-bfac04f73d73/events?stage=209	dd5b1591-d086-4c44-aed6-bfac04f73d73.json
2026-10-03T19:38:43Z	200	43862	https://blert.io/api/v1/challenges/inferno/dd5b1591-d086-4c44-aed6-bfac04f73d73/events?stage=210	dd5b1591-d086-4c44-aed6-bfac04f73d73.json
2026-10-03T19:38:47Z	200	41471	https://blert.io/api/v1/challenges/inferno/dd5b1591-d086-4c44-aed6-bfac04f73d73/events?stage=211	dd5b1591-d086-4c44-aed6-bfac04f73d73.json
2026-10-03T19:38:50Z	200	48022	https://blert.io/api/v1/challenges/inferno/dd5b1591-d086-4c44-aed6-bfac04f73d73/events?stage=212	dd5b1591-d086-4c44-aed6-bfac04f73d73.json
2026-10-03T19:38:53Z	200	40040	https://blert.io/api/v1/challenges/inferno/dd5b1591-d086-4c44-aed6-bfac04f73d73/events?stage=213	dd5b1591-d086-4c44-aed6-bfac04f73d73.json
2026-10-03T19:38:56Z	200	58998	https://blert.io/api/v1/challenges/inferno/dd5b1591-d086-4c44-aed6-bfac04f73d73/events?stage=214	dd5b1591-d086-4c44-aed6-bfac04f73d73.json
2026-10-03T19:38:59Z	200	43430	https://blert.io/api/v1/challenges/inferno/dd5b1591-d086-4c44-aed6-bfac04f73d73/events?stage=215	dd5b1591-d086-4c44-aed6-bfac04f73d73.json
2026-10-03T19:39:02Z	200	16759	https://blert.io/api/v1/challenges/inferno/dd5b1591-d086-4c44-aed6-bfac04f73d73/events?stage=216	dd5b1591-d086-4c44-aed6-bfac04f73d73.json
2026-10-03T19:39:05Z	200	32136	https://blert.io/api/v1/challenges/inferno/dd5b1591-d086-4c44-aed6-bfac04f73d73/events?stage=217	dd5b1591-d086-4c44-aed6-bfac04f73d73.json
2026-10-03T19:39:08Z	200	30140	https://blert.io/api/v1/challenges/inferno/dd5b1591-d086-4c44-aed6-bfac04f73d73/events?stage=218	dd5b1591-d086-4c44-aed6-bfac04f73d73.json
2026-10-03T19:39:11Z	200	44943	https://blert.io/api/v1/challenges/inferno/dd5b1591-d086-4c44-aed6-bfac04f73d73/events?stage=219	dd5b1591-d086-4c44-aed6-bfac04f73d73.json
2026-10-03T19:39:14Z	200	62671	https://blert.io/api/v1/challenges/inferno/dd5b1591-d086-4c44-aed6-bfac04f73d73/events?stage=220	dd5b1591-d086-4c44-aed6-bfac04f73d73.json
2026-10-03T19:39:17Z	200	49720	https://blert.io/api/v1/challenges/inferno/dd5b1591-d086-4c44-aed6-bfac04f73d73/events?stage=221	dd5b1591-d086-4c44-aed6-bfac04f73d73.json
2026-10-03T19:39:20Z	200	67804	https://blert.io/api/v1/challenges/inferno/dd5b1591-d086-4c44-aed6-bfac04f73d73/events?stage=222	dd5b1591-d086-4c44-aed6-bfac04f73d73.json
2026-10-03T19:39:23Z	200	72272	https://blert.io/api/v1/challenges/inferno/dd5b1591-d086-4c44-aed6-bfac04f73d73/events?stage=223	dd5b1591-d086-4c44-aed6-bfac04f73d73.json
2026-10-03T19:39:26Z	200	30791	https://blert.io/api/v1/challenges/inferno/dd5b1591-d086-4c44-aed6-bfac04f73d73/events?stage=224	dd5b1591-d086-4c44-aed6-bfac04f73d73.json
2026-10-03T19:39:29Z	200	46086	https://blert.io/api/v1/challenges/inferno/dd5b1591-d086-4c44-aed6-bfac04f73d73/events?stage=225	dd5b1591-d086-4c44-aed6-bfac04f73d73.json
2026-10-03T19:39:32Z	200	57205	https://blert.io/api/v1/challenges/inferno/dd5b1591-d086-4c44-aed6-bfac04f73d73/events?stage=226	dd5b1591-d086-4c44-aed6-bfac04f73d73.json
2026-10-04T03:02:03Z	200	20937	https://blert.io/api/v1/challenges/inferno/7d6a3542-a926-42dc-9303-73b5140e8dbd/events?stage=200	(player tiles only, ec_player_start.json)
2026-10-04T03:02:06Z	200	29341	https://blert.io/api/v1/challenges/inferno/fdbf9985-a4ee-4615-82ed-b628228740fc/events?stage=200	(player tiles only, ec_player_start.json)
2026-10-04T03:02:09Z	200	22858	https://blert.io/api/v1/challenges/inferno/e018d2b6-6ca0-4c3e-b2e2-cda883e1634e/events?stage=200	(player tiles only, ec_player_start.json)
2026-10-04T03:02:13Z	200	16365	https://blert.io/api/v1/challenges/inferno/6214a4e9-1627-4b92-af5b-1568ac665e94/events?stage=200	(player tiles only, ec_player_start.json)
2026-10-04T03:02:16Z	200	17360	https://blert.io/api/v1/challenges/inferno/447a4094-15f4-4499-8165-104998e15396/events?stage=200	(player tiles only, ec_player_start.json)
2026-10-04T03:02:19Z	200	17133	https://blert.io/api/v1/challenges/inferno/754bc5aa-1570-4984-a181-e7c2456d90c0/events?stage=200	(player tiles only, ec_player_start.json)
2026-10-04T03:02:23Z	200	17474	https://blert.io/api/v1/challenges/inferno/41c5c054-98ff-45f5-acf1-2dc143f860ec/events?stage=200	(player tiles only, ec_player_start.json)
2026-10-04T03:02:26Z	200	16445	https://blert.io/api/v1/challenges/inferno/b338bcb1-72c9-4c52-91b6-45b1e46ce81d/events?stage=200	(player tiles only, ec_player_start.json)
2026-10-04T03:02:29Z	200	22028	https://blert.io/api/v1/challenges/inferno/1b92d513-852a-4c95-b756-a622b2f5fe9c/events?stage=200	(player tiles only, ec_player_start.json)
2026-10-04T03:02:32Z	200	21611	https://blert.io/api/v1/challenges/inferno/d66dfff5-2bc1-48ac-a364-b2eeb1d34f8c/events?stage=200	(player tiles only, ec_player_start.json)
2026-10-04T03:02:36Z	200	24675	https://blert.io/api/v1/challenges/inferno/6a865311-1ada-4a12-8342-2a66a6181ae3/events?stage=200	(player tiles only, ec_player_start.json)
2026-10-04T03:02:39Z	200	23354	https://blert.io/api/v1/challenges/inferno/b1e47c9b-46c6-4b96-a687-9d57df330c38/events?stage=200	(player tiles only, ec_player_start.json)
2026-10-04T03:02:42Z	200	23978	https://blert.io/api/v1/challenges/inferno/dda7541d-26da-4b9a-8446-fc8238d66dad/events?stage=200	(player tiles only, ec_player_start.json)
2026-10-04T03:02:45Z	200	12891	https://blert.io/api/v1/challenges/inferno/936b38c9-2eba-45e9-b6e8-692a1ffced4f/events?stage=200	(player tiles only, ec_player_start.json)
2026-10-04T03:02:48Z	200	10803	https://blert.io/api/v1/challenges/inferno/bf07a3ce-5658-4e85-8634-a2fdb7fb2be8/events?stage=200	(player tiles only, ec_player_start.json)
2026-10-04T03:02:51Z	200	17486	https://blert.io/api/v1/challenges/inferno/8a86bacb-1266-441c-953f-acca1f88a23b/events?stage=200	(player tiles only, ec_player_start.json)
2026-10-04T03:02:55Z	200	18795	https://blert.io/api/v1/challenges/inferno/7dca5546-ecfb-41bf-b946-30855bc175e6/events?stage=200	(player tiles only, ec_player_start.json)
2026-10-04T03:02:58Z	200	21669	https://blert.io/api/v1/challenges/inferno/68174070-b5b5-4dd4-a8b1-7b4bd308723c/events?stage=200	(player tiles only, ec_player_start.json)
2026-10-04T03:03:01Z	200	15610	https://blert.io/api/v1/challenges/inferno/c8d56ab9-fc21-4fb2-88cd-8c68ad254fd3/events?stage=200	(player tiles only, ec_player_start.json)
2026-10-04T03:03:04Z	200	16943	https://blert.io/api/v1/challenges/inferno/dd5b1591-d086-4c44-aed6-bfac04f73d73/events?stage=200	(player tiles only, ec_player_start.json)
