torirs: js5 host=10.10.10.1 port=43595 fallback=0 revision=239 cache=build/manifests/..\..\cache.osrs239.sparse
torirs: dat2 cache=build/manifests/..\..\cache.osrs239.sparse iface=161
torirs: JS5 reference tables primed (23 references, 208 network bytes)
torirs: JS5 metadata ready (23 references, 208 network bytes)
torirs_perf: enabled (ring=2048 window=100 budget=20ms cpu_clock=GetThreadTimes) csv=C:\dev\oldschool-clientc\winxp-soft3d-torirs-perf.csv
audio: no device; running silent
plugin: 8 of 11 enabled -- client-settings, feature-flags, tile-indicator-c, minimap-orbs (off), xp-drop-orbs (off), gameframe-layout (off), item-stats, nxt-highlight, nxt-bird-nest, nxt-cannon-ammo, lua
plugin: item-stats asset 'text.png' not found (plugin_assets/item-stats/text.png, plugins/assets/item-stats/text.png)
plugin: item-stats asset 'text.ini' not found (plugin_assets/item-stats/text.ini, plugins/assets/item-stats/text.ini)
plugin: item-stats asset 'text.ini' not found (plugin_assets/item-stats/text.ini, plugins/assets/item-stats/text.ini)
plugin: item-stats asset 'text.ini' not found (plugin_assets/item-stats/text.ini, plugins/assets/item-stats/text.ini)
osrs239 login: OK, local player index 1
plugin: item-stats asset 'text.ini' not found (plugin_assets/item-stats/text.ini, plugins/assets/item-stats/text.ini)
textures: sprite-backed system (no materials table)
world_load: 6 chunks, 17 underlays, 26 overlays, 22 textures, 999 locs, 933 models, 23 seqs
plugin: item-stats asset 'text.ini' not found (plugin_assets/item-stats/text.ini, plugins/assets/item-stats/text.ini)
plugin: item-stats asset 'text.ini' not found (plugin_assets/item-stats/text.ini, plugins/assets/item-stats/text.ini)
Failed to load dat2 idk 307
spawn_player: element=23155 tile=52,52 level=0
if-opentop: switching root 161 -> 548
plugin: item-stats asset 'text.ini' not found (plugin_assets/item-stats/text.ini, plugins/assets/item-stats/text.ini)
windowmode: fixed
message_game: Welcome to the mock 230 world.
message_game: Click to walk. Right-click an npc to talk.
message_game: Welcome to Lumbridge.
message_game: Goblins east of the river. Guards on the Al Kharid road.
message_game: Try ::style 1 for aggressive, or ::setlevel 2 40 for some strength.
message_game: A crop circle is active near Doric's Hut.
message_game: <col=ff0000>You have unlocked a new music track: Forever
plugin: item-stats asset 'text.ini' not found (plugin_assets/item-stats/text.ini, plugins/assets/item-stats/text.ini)
plugin: item-stats asset 'text.ini' not found (plugin_assets/item-stats/text.ini, plugins/assets/item-stats/text.ini)
plugin: item-stats asset 'text.ini' not found (plugin_assets/item-stats/text.ini, plugins/assets/item-stats/text.ini)
plugin: item-stats asset 'text.ini' not found (plugin_assets/item-stats/text.ini, plugins/assets/item-stats/text.ini)
plugin: item-stats asset 'text.ini' not found (plugin_assets/item-stats/text.ini, plugins/assets/item-stats/text.ini)
plugin: item-stats asset 'text.ini' not found (plugin_assets/item-stats/text.ini, plugins/assets/item-stats/text.ini)
plugin: item-stats asset 'text.ini' not found (plugin_assets/item-stats/text.ini, plugins/assets/item-stats/text.ini)
plugin: item-stats asset 'text.ini' not found (plugin_assets/item-stats/text.ini, plugins/assets/item-stats/text.ini)
plugin: item-stats asset 'text.ini' not found (plugin_assets/item-stats/text.ini, plugins/assets/item-stats/text.ini)
plugin: item-stats asset 'text.ini' not found (plugin_assets/item-stats/text.ini, plugins/assets/item-stats/text.ini)
plugin: item-stats asset 'text.ini' not found (plugin_assets/item-stats/text.ini, plugins/assets/item-stats/text.ini)
plugin: item-stats asset 'text.ini' not found (plugin_assets/item-stats/text.ini, plugins/assets/item-stats/text.ini)
plugin: item-stats asset 'text.ini' not found (plugin_assets/item-stats/text.ini, plugins/assets/item-stats/text.ini)
plugin: item-stats asset 'text.ini' not found (plugin_assets/item-stats/text.ini, plugins/assets/item-stats/text.ini)
plugin: item-stats asset 'text.ini' not found (plugin_assets/item-stats/text.ini, plugins/assets/item-stats/text.ini)
plugin: item-stats asset 'text.ini' not found (plugin_assets/item-stats/text.ini, plugins/assets/item-stats/text.ini)
plugin: item-stats asset 'text.ini' not found (plugin_assets/item-stats/text.ini, plugins/assets/item-stats/text.ini)
plugin: item-stats asset 'text.ini' not found (plugin_assets/item-stats/text.ini, plugins/assets/item-stats/text.ini)
plugin: item-stats asset 'text.ini' not found (plugin_assets/item-stats/text.ini, plugins/assets/item-stats/text.ini)
plugin: item-stats asset 'text.ini' not found (plugin_assets/item-stats/text.ini, plugins/assets/item-stats/text.ini)
plugin: item-stats asset 'text.ini' not found (plugin_assets/item-stats/text.ini, plugins/assets/item-stats/text.ini)
plugin: item-stats asset 'text.ini' not found (plugin_assets/item-stats/text.ini, plugins/assets/item-stats/text.ini)
plugin: item-stats asset 'text.ini' not found (plugin_assets/item-stats/text.ini, plugins/assets/item-stats/text.ini)
plugin: item-stats asset 'text.ini' not found (plugin_assets/item-stats/text.ini, plugins/assets/item-stats/text.ini)
plugin: item-stats asset 'text.ini' not found (plugin_assets/item-stats/text.ini, plugins/assets/item-stats/text.ini)
plugin: item-stats asset 'text.ini' not found (plugin_assets/item-stats/text.ini, plugins/assets/item-stats/text.ini)
plugin: item-stats asset 'text.ini' not found (plugin_assets/item-stats/text.ini, plugins/assets/item-stats/text.ini)
plugin: item-stats asset 'text.ini' not found (plugin_assets/item-stats/text.ini, plugins/assets/item-stats/text.ini)
plugin: item-stats asset 'text.ini' not found (plugin_assets/item-stats/text.ini, plugins/assets/item-stats/text.ini)
plugin: item-stats asset 'text.ini' not found (plugin_assets/item-stats/text.ini, plugins/assets/item-stats/text.ini)
plugin: item-stats asset 'text.ini' not found (plugin_assets/item-stats/text.ini, plugins/assets/item-stats/text.ini)
plugin: item-stats asset 'text.ini' not found (plugin_assets/item-stats/text.ini, plugins/assets/item-stats/text.ini)
plugin: item-stats asset 'text.ini' not found (plugin_assets/item-stats/text.ini, plugins/assets/item-stats/text.ini)
plugin: item-stats asset 'text.ini' not found (plugin_assets/item-stats/text.ini, plugins/assets/item-stats/text.ini)
plugin: item-stats asset 'text.ini' not found (plugin_assets/item-stats/text.ini, plugins/assets/item-stats/text.ini)
plugin: item-stats asset 'text.ini' not found (plugin_assets/item-stats/text.ini, plugins/assets/item-stats/text.ini)
plugin: item-stats asset 'text.ini' not found (plugin_assets/item-stats/text.ini, plugins/assets/item-stats/text.ini)
plugin: item-stats asset 'text.ini' not found (plugin_assets/item-stats/text.ini, plugins/assets/item-stats/text.ini)
plugin: item-stats asset 'text.ini' not found (plugin_assets/item-stats/text.ini, plugins/assets/item-stats/text.ini)
plugin: item-stats asset 'text.ini' not found (plugin_assets/item-stats/text.ini, plugins/assets/item-stats/text.ini)
plugin: item-stats asset 'text.ini' not found (plugin_assets/item-stats/text.ini, plugins/assets/item-stats/text.ini)
plugin: item-stats asset 'text.ini' not found (plugin_assets/item-stats/text.ini, plugins/assets/item-stats/text.ini)
plugin: item-stats asset 'text.ini' not found (plugin_assets/item-stats/text.ini, plugins/assets/item-stats/text.ini)
plugin: item-stats asset 'text.ini' not found (plugin_assets/item-stats/text.ini, plugins/assets/item-stats/text.ini)
plugin: item-stats asset 'text.ini' not found (plugin_assets/item-stats/text.ini, plugins/assets/item-stats/text.ini)
plugin: item-stats asset 'text.ini' not found (plugin_assets/item-stats/text.ini, plugins/assets/item-stats/text.ini)
plugin: item-stats asset 'text.ini' not found (plugin_assets/item-stats/text.ini, plugins/assets/item-stats/text.ini)
plugin: item-stats asset 'text.ini' not found (plugin_assets/item-stats/text.ini, plugins/assets/item-stats/text.ini)
plugin: item-stats asset 'text.ini' not found (plugin_assets/item-stats/text.ini, plugins/assets/item-stats/text.ini)
plugin: item-stats asset 'text.ini' not found (plugin_assets/item-stats/text.ini, plugins/assets/item-stats/text.ini)
plugin: item-stats asset 'text.ini' not found (plugin_assets/item-stats/text.ini, plugins/assets/item-stats/text.ini)
plugin: item-stats asset 'text.ini' not found (plugin_assets/item-stats/text.ini, plugins/assets/item-stats/text.ini)
plugin: item-stats asset 'text.ini' not found (plugin_assets/item-stats/text.ini, plugins/assets/item-stats/text.ini)
plugin: item-stats asset 'text.ini' not found (plugin_assets/item-stats/text.ini, plugins/assets/item-stats/text.ini)
plugin: item-stats asset 'text.ini' not found (plugin_assets/item-stats/text.ini, plugins/assets/item-stats/text.ini)
plugin: item-stats asset 'text.ini' not found (plugin_assets/item-stats/text.ini, plugins/assets/item-stats/text.ini)
plugin: item-stats asset 'text.ini' not found (plugin_assets/item-stats/text.ini, plugins/assets/item-stats/text.ini)
plugin: item-stats asset 'text.ini' not found (plugin_assets/item-stats/text.ini, plugins/assets/item-stats/text.ini)
plugin: item-stats asset 'text.ini' not found (plugin_assets/item-stats/text.ini, plugins/assets/item-stats/text.ini)
plugin: item-stats asset 'text.ini' not found (plugin_assets/item-stats/text.ini, plugins/assets/item-stats/text.ini)
plugin: item-stats asset 'text.ini' not found (plugin_assets/item-stats/text.ini, plugins/assets/item-stats/text.ini)
plugin: item-stats asset 'text.ini' not found (plugin_assets/item-stats/text.ini, plugins/assets/item-stats/text.ini)
plugin: item-stats asset 'text.ini' not found (plugin_assets/item-stats/text.ini, plugins/assets/item-stats/text.ini)
plugin: item-stats asset 'text.ini' not found (plugin_assets/item-stats/text.ini, plugins/assets/item-stats/text.ini)
plugin: item-stats asset 'text.ini' not found (plugin_assets/item-stats/text.ini, plugins/assets/item-stats/text.ini)
plugin: item-stats asset 'text.ini' not found (plugin_assets/item-stats/text.ini, plugins/assets/item-stats/text.ini)
plugin: item-stats asset 'text.ini' not found (plugin_assets/item-stats/text.ini, plugins/assets/item-stats/text.ini)
plugin: item-stats asset 'text.ini' not found (plugin_assets/item-stats/text.ini, plugins/assets/item-stats/text.ini)
plugin: item-stats asset 'text.ini' not found (plugin_assets/item-stats/text.ini, plugins/assets/item-stats/text.ini)
plugin: item-stats asset 'text.ini' not found (plugin_assets/item-stats/text.ini, plugins/assets/item-stats/text.ini)
torirs_perf: window=100 writing C:\dev\oldschool-clientc\winxp-soft3d-torirs-perf.csv.windows.csv
torirs_perf: window=0 frame_p95=226.20ms
plugin: item-stats asset 'text.ini' not found (plugin_assets/item-stats/text.ini, plugins/assets/item-stats/text.ini)
plugin: item-stats asset 'text.ini' not found (plugin_assets/item-stats/text.ini, plugins/assets/item-stats/text.ini)
plugin: item-stats asset 'text.ini' not found (plugin_assets/item-stats/text.ini, plugins/assets/item-stats/text.ini)
plugin: item-stats asset 'text.ini' not found (plugin_assets/item-stats/text.ini, plugins/assets/item-stats/text.ini)
plugin: item-stats asset 'text.ini' not found (plugin_assets/item-stats/text.ini, plugins/assets/item-stats/text.ini)
plugin: item-stats asset 'text.ini' not found (plugin_assets/item-stats/text.ini, plugins/assets/item-stats/text.ini)
plugin: item-stats asset 'text.ini' not found (plugin_assets/item-stats/text.ini, plugins/assets/item-stats/text.ini)
plugin: item-stats asset 'text.ini' not found (plugin_assets/item-stats/text.ini, plugins/assets/item-stats/text.ini)
plugin: item-stats asset 'text.ini' not found (plugin_assets/item-stats/text.ini, plugins/assets/item-stats/text.ini)
plugin: item-stats asset 'text.ini' not found (plugin_assets/item-stats/text.ini, plugins/assets/item-stats/text.ini)
plugin: item-stats asset 'text.ini' not found (plugin_assets/item-stats/text.ini, plugins/assets/item-stats/text.ini)
plugin: item-stats asset 'text.ini' not found (plugin_assets/item-stats/text.ini, plugins/assets/item-stats/text.ini)
plugin: item-stats asset 'text.ini' not found (plugin_assets/item-stats/text.ini, plugins/assets/item-stats/text.ini)
plugin: item-stats asset 'text.ini' not found (plugin_assets/item-stats/text.ini, plugins/assets/item-stats/text.ini)
plugin: item-stats asset 'text.ini' not found (plugin_assets/item-stats/text.ini, plugins/assets/item-stats/text.ini)
plugin: item-stats asset 'text.ini' not found (plugin_assets/item-stats/text.ini, plugins/assets/item-stats/text.ini)
plugin: item-stats asset 'text.ini' not found (plugin_assets/item-stats/text.ini, plugins/assets/item-stats/text.ini)
plugin: item-stats asset 'text.ini' not found (plugin_assets/item-stats/text.ini, plugins/assets/item-stats/text.ini)
plugin: item-stats asset 'text.ini' not found (plugin_assets/item-stats/text.ini, plugins/assets/item-stats/text.ini)
plugin: item-stats asset 'text.ini' not found (plugin_assets/item-stats/text.ini, plugins/assets/item-stats/text.ini)
plugin: item-stats asset 'text.ini' not found (plugin_assets/item-stats/text.ini, plugins/assets/item-stats/text.ini)
plugin: item-stats asset 'text.ini' not found (plugin_assets/item-stats/text.ini, plugins/assets/item-stats/text.ini)
plugin: item-stats asset 'text.ini' not found (plugin_assets/item-stats/text.ini, plugins/assets/item-stats/text.ini)
plugin: item-stats asset 'text.ini' not found (plugin_assets/item-stats/text.ini, plugins/assets/item-stats/text.ini)
plugin: item-stats asset 'text.ini' not found (plugin_assets/item-stats/text.ini, plugins/assets/item-stats/text.ini)
plugin: item-stats asset 'text.ini' not found (plugin_assets/item-stats/text.ini, plugins/assets/item-stats/text.ini)
plugin: item-stats asset 'text.ini' not found (plugin_assets/item-stats/text.ini, plugins/assets/item-stats/text.ini)
plugin: item-stats asset 'text.ini' not found (plugin_assets/item-stats/text.ini, plugins/assets/item-stats/text.ini)
plugin: item-stats asset 'text.ini' not found (plugin_assets/item-stats/text.ini, plugins/assets/item-stats/text.ini)
plugin: item-stats asset 'text.ini' not found (plugin_assets/item-stats/text.ini, plugins/assets/item-stats/text.ini)
plugin: item-stats asset 'text.ini' not found (plugin_assets/item-stats/text.ini, plugins/assets/item-stats/text.ini)
plugin: item-stats asset 'text.ini' not found (plugin_assets/item-stats/text.ini, plugins/assets/item-stats/text.ini)
plugin: item-stats asset 'text.ini' not found (plugin_assets/item-stats/text.ini, plugins/assets/item-stats/text.ini)
plugin: item-stats asset 'text.ini' not found (plugin_assets/item-stats/text.ini, plugins/assets/item-stats/text.ini)
plugin: item-stats asset 'text.ini' not found (plugin_assets/item-stats/text.ini, plugins/assets/item-stats/text.ini)
plugin: item-stats asset 'text.ini' not found (plugin_assets/item-stats/text.ini, plugins/assets/item-stats/text.ini)
plugin: item-stats asset 'text.ini' not found (plugin_assets/item-stats/text.ini, plugins/assets/item-stats/text.ini)
plugin: item-stats asset 'text.ini' not found (plugin_assets/item-stats/text.ini, plugins/assets/item-stats/text.ini)
plugin: item-stats asset 'text.ini' not found (plugin_assets/item-stats/text.ini, plugins/assets/item-stats/text.ini)
plugin: item-stats asset 'text.ini' not found (plugin_assets/item-stats/text.ini, plugins/assets/item-stats/text.ini)
plugin: item-stats asset 'text.ini' not found (plugin_assets/item-stats/text.ini, plugins/assets/item-stats/text.ini)
plugin: item-stats asset 'text.ini' not found (plugin_assets/item-stats/text.ini, plugins/assets/item-stats/text.ini)
plugin: item-stats asset 'text.ini' not found (plugin_assets/item-stats/text.ini, plugins/assets/item-stats/text.ini)
plugin: item-stats asset 'text.ini' not found (plugin_assets/item-stats/text.ini, plugins/assets/item-stats/text.ini)
plugin: item-stats asset 'text.ini' not found (plugin_assets/item-stats/text.ini, plugins/assets/item-stats/text.ini)
plugin: item-stats asset 'text.ini' not found (plugin_assets/item-stats/text.ini, plugins/assets/item-stats/text.ini)
plugin: item-stats asset 'text.ini' not found (plugin_assets/item-stats/text.ini, plugins/assets/item-stats/text.ini)
plugin: item-stats asset 'text.ini' not found (plugin_assets/item-stats/text.ini, plugins/assets/item-stats/text.ini)
plugin: item-stats asset 'text.ini' not found (plugin_assets/item-stats/text.ini, plugins/assets/item-stats/text.ini)
plugin: item-stats asset 'text.ini' not found (plugin_assets/item-stats/text.ini, plugins/assets/item-stats/text.ini)
plugin: item-stats asset 'text.ini' not found (plugin_assets/item-stats/text.ini, plugins/assets/item-stats/text.ini)
plugin: item-stats asset 'text.ini' not found (plugin_assets/item-stats/text.ini, plugins/assets/item-stats/text.ini)
plugin: item-stats asset 'text.ini' not found (plugin_assets/item-stats/text.ini, plugins/assets/item-stats/text.ini)
plugin: item-stats asset 'text.ini' not found (plugin_assets/item-stats/text.ini, plugins/assets/item-stats/text.ini)
plugin: item-stats asset 'text.ini' not found (plugin_assets/item-stats/text.ini, plugins/assets/item-stats/text.ini)
plugin: item-stats asset 'text.ini' not found (plugin_assets/item-stats/text.ini, plugins/assets/item-stats/text.ini)
plugin: item-stats asset 'text.ini' not found (plugin_assets/item-stats/text.ini, plugins/assets/item-stats/text.ini)
plugin: item-stats asset 'text.ini' not found (plugin_assets/item-stats/text.ini, plugins/assets/item-stats/text.ini)
plugin: item-stats asset 'text.ini' not found (plugin_assets/item-stats/text.ini, plugins/assets/item-stats/text.ini)
plugin: item-stats asset 'text.ini' not found (plugin_assets/item-stats/text.ini, plugins/assets/item-stats/text.ini)
plugin: item-stats asset 'text.ini' not found (plugin_assets/item-stats/text.ini, plugins/assets/item-stats/text.ini)
plugin: item-stats asset 'text.ini' not found (plugin_assets/item-stats/text.ini, plugins/assets/item-stats/text.ini)
plugin: item-stats asset 'text.ini' not found (plugin_assets/item-stats/text.ini, plugins/assets/item-stats/text.ini)
plugin: item-stats asset 'text.ini' not found (plugin_assets/item-stats/text.ini, plugins/assets/item-stats/text.ini)
plugin: item-stats asset 'text.ini' not found (plugin_assets/item-stats/text.ini, plugins/assets/item-stats/text.ini)
plugin: item-stats asset 'text.ini' not found (plugin_assets/item-stats/text.ini, plugins/assets/item-stats/text.ini)
plugin: item-stats asset 'text.ini' not found (plugin_assets/item-stats/text.ini, plugins/assets/item-stats/text.ini)
plugin: item-stats asset 'text.ini' not found (plugin_assets/item-stats/text.ini, plugins/assets/item-stats/text.ini)
plugin: item-stats asset 'text.ini' not found (plugin_assets/item-stats/text.ini, plugins/assets/item-stats/text.ini)
plugin: item-stats asset 'text.ini' not found (plugin_assets/item-stats/text.ini, plugins/assets/item-stats/text.ini)
plugin: item-stats asset 'text.ini' not found (plugin_assets/item-stats/text.ini, plugins/assets/item-stats/text.ini)
plugin: item-stats asset 'text.ini' not found (plugin_assets/item-stats/text.ini, plugins/assets/item-stats/text.ini)
plugin: item-stats asset 'text.ini' not found (plugin_assets/item-stats/text.ini, plugins/assets/item-stats/text.ini)
plugin: item-stats asset 'text.ini' not found (plugin_assets/item-stats/text.ini, plugins/assets/item-stats/text.ini)
plugin: item-stats asset 'text.ini' not found (plugin_assets/item-stats/text.ini, plugins/assets/item-stats/text.ini)
plugin: item-stats asset 'text.ini' not found (plugin_assets/item-stats/text.ini, plugins/assets/item-stats/text.ini)
plugin: item-stats asset 'text.ini' not found (plugin_assets/item-stats/text.ini, plugins/assets/item-stats/text.ini)
plugin: item-stats asset 'text.ini' not found (plugin_assets/item-stats/text.ini, plugins/assets/item-stats/text.ini)
plugin: item-stats asset 'text.ini' not found (plugin_assets/item-stats/text.ini, plugins/assets/item-stats/text.ini)
plugin: item-stats asset 'text.ini' not found (plugin_assets/item-stats/text.ini, plugins/assets/item-stats/text.ini)
plugin: item-stats asset 'text.ini' not found (plugin_assets/item-stats/text.ini, plugins/assets/item-stats/text.ini)
plugin: item-stats asset 'text.ini' not found (plugin_assets/item-stats/text.ini, plugins/assets/item-stats/text.ini)
plugin: item-stats asset 'text.ini' not found (plugin_assets/item-stats/text.ini, plugins/assets/item-stats/text.ini)
plugin: item-stats asset 'text.ini' not found (plugin_assets/item-stats/text.ini, plugins/assets/item-stats/text.ini)
plugin: item-stats asset 'text.ini' not found (plugin_assets/item-stats/text.ini, plugins/assets/item-stats/text.ini)
plugin: item-stats asset 'text.ini' not found (plugin_assets/item-stats/text.ini, plugins/assets/item-stats/text.ini)
plugin: item-stats asset 'text.ini' not found (plugin_assets/item-stats/text.ini, plugins/assets/item-stats/text.ini)
plugin: item-stats asset 'text.ini' not found (plugin_assets/item-stats/text.ini, plugins/assets/item-stats/text.ini)
plugin: item-stats asset 'text.ini' not found (plugin_assets/item-stats/text.ini, plugins/assets/item-stats/text.ini)
plugin: item-stats asset 'text.ini' not found (plugin_assets/item-stats/text.ini, plugins/assets/item-stats/text.ini)
plugin: item-stats asset 'text.ini' not found (plugin_assets/item-stats/text.ini, plugins/assets/item-stats/text.ini)
plugin: item-stats asset 'text.ini' not found (plugin_assets/item-stats/text.ini, plugins/assets/item-stats/text.ini)
plugin: item-stats asset 'text.ini' not found (plugin_assets/item-stats/text.ini, plugins/assets/item-stats/text.ini)
plugin: item-stats asset 'text.ini' not found (plugin_assets/item-stats/text.ini, plugins/assets/item-stats/text.ini)
plugin: item-stats asset 'text.ini' not found (plugin_assets/item-stats/text.ini, plugins/assets/item-stats/text.ini)
plugin: item-stats asset 'text.ini' not found (plugin_assets/item-stats/text.ini, plugins/assets/item-stats/text.ini)
plugin: item-stats asset 'text.ini' not found (plugin_assets/item-stats/text.ini, plugins/assets/item-stats/text.ini)
plugin: item-stats asset 'text.ini' not found (plugin_assets/item-stats/text.ini, plugins/assets/item-stats/text.ini)
plugin: item-stats asset 'text.ini' not found (plugin_assets/item-stats/text.ini, plugins/assets/item-stats/text.ini)
plugin: item-stats asset 'text.ini' not found (plugin_assets/item-stats/text.ini, plugins/assets/item-stats/text.ini)
torirs_perf: window=1 frame_p95=98.88ms
plugin: item-stats asset 'text.ini' not found (plugin_assets/item-stats/text.ini, plugins/assets/item-stats/text.ini)
plugin: item-stats asset 'text.ini' not found (plugin_assets/item-stats/text.ini, plugins/assets/item-stats/text.ini)
plugin: item-stats asset 'text.ini' not found (plugin_assets/item-stats/text.ini, plugins/assets/item-stats/text.ini)
plugin: item-stats asset 'text.ini' not found (plugin_assets/item-stats/text.ini, plugins/assets/item-stats/text.ini)
plugin: item-stats asset 'text.ini' not found (plugin_assets/item-stats/text.ini, plugins/assets/item-stats/text.ini)
plugin: item-stats asset 'text.ini' not found (plugin_assets/item-stats/text.ini, plugins/assets/item-stats/text.ini)
plugin: item-stats asset 'text.ini' not found (plugin_assets/item-stats/text.ini, plugins/assets/item-stats/text.ini)
plugin: item-stats asset 'text.ini' not found (plugin_assets/item-stats/text.ini, plugins/assets/item-stats/text.ini)
plugin: item-stats asset 'text.ini' not found (plugin_assets/item-stats/text.ini, plugins/assets/item-stats/text.ini)
plugin: item-stats asset 'text.ini' not found (plugin_assets/item-stats/text.ini, plugins/assets/item-stats/text.ini)
plugin: item-stats asset 'text.ini' not found (plugin_assets/item-stats/text.ini, plugins/assets/item-stats/text.ini)
plugin: item-stats asset 'text.ini' not found (plugin_assets/item-stats/text.ini, plugins/assets/item-stats/text.ini)
plugin: item-stats asset 'text.ini' not found (plugin_assets/item-stats/text.ini, plugins/assets/item-stats/text.ini)
plugin: item-stats asset 'text.ini' not found (plugin_assets/item-stats/text.ini, plugins/assets/item-stats/text.ini)
plugin: item-stats asset 'text.ini' not found (plugin_assets/item-stats/text.ini, plugins/assets/item-stats/text.ini)
plugin: item-stats asset 'text.ini' not found (plugin_assets/item-stats/text.ini, plugins/assets/item-stats/text.ini)
plugin: item-stats asset 'text.ini' not found (plugin_assets/item-stats/text.ini, plugins/assets/item-stats/text.ini)
plugin: item-stats asset 'text.ini' not found (plugin_assets/item-stats/text.ini, plugins/assets/item-stats/text.ini)
plugin: item-stats asset 'text.ini' not found (plugin_assets/item-stats/text.ini, plugins/assets/item-stats/text.ini)
plugin: item-stats asset 'text.ini' not found (plugin_assets/item-stats/text.ini, plugins/assets/item-stats/text.ini)
plugin: item-stats asset 'text.ini' not found (plugin_assets/item-stats/text.ini, plugins/assets/item-stats/text.ini)
plugin: item-stats asset 'text.ini' not found (plugin_assets/item-stats/text.ini, plugins/assets/item-stats/text.ini)
plugin: item-stats asset 'text.ini' not found (plugin_assets/item-stats/text.ini, plugins/assets/item-stats/text.ini)
plugin: item-stats asset 'text.ini' not found (plugin_assets/item-stats/text.ini, plugins/assets/item-stats/text.ini)
plugin: item-stats asset 'text.ini' not found (plugin_assets/item-stats/text.ini, plugins/assets/item-stats/text.ini)
plugin: item-stats asset 'text.ini' not found (plugin_assets/item-stats/text.ini, plugins/assets/item-stats/text.ini)
plugin: item-stats asset 'text.ini' not found (plugin_assets/item-stats/text.ini, plugins/assets/item-stats/text.ini)
plugin: item-stats asset 'text.ini' not found (plugin_assets/item-stats/text.ini, plugins/assets/item-stats/text.ini)
plugin: item-stats asset 'text.ini' not found (plugin_assets/item-stats/text.ini, plugins/assets/item-stats/text.ini)
plugin: item-stats asset 'text.ini' not found (plugin_assets/item-stats/text.ini, plugins/assets/item-stats/text.ini)
plugin: item-stats asset 'text.ini' not found (plugin_assets/item-stats/text.ini, plugins/assets/item-stats/text.ini)
plugin: item-stats asset 'text.ini' not found (plugin_assets/item-stats/text.ini, plugins/assets/item-stats/text.ini)
plugin: item-stats asset 'text.ini' not found (plugin_assets/item-stats/text.ini, plugins/assets/item-stats/text.ini)
plugin: item-stats asset 'text.ini' not found (plugin_assets/item-stats/text.ini, plugins/assets/item-stats/text.ini)
plugin: item-stats asset 'text.ini' not found (plugin_assets/item-stats/text.ini, plugins/assets/item-stats/text.ini)
plugin: item-stats asset 'text.ini' not found (plugin_assets/item-stats/text.ini, plugins/assets/item-stats/text.ini)
plugin: item-stats asset 'text.ini' not found (plugin_assets/item-stats/text.ini, plugins/assets/item-stats/text.ini)
plugin: item-stats asset 'text.ini' not found (plugin_assets/item-stats/text.ini, plugins/assets/item-stats/text.ini)
plugin: item-stats asset 'text.ini' not found (plugin_assets/item-stats/text.ini, plugins/assets/item-stats/text.ini)
plugin: item-stats asset 'text.ini' not found (plugin_assets/item-stats/text.ini, plugins/assets/item-stats/text.ini)
plugin: item-stats asset 'text.ini' not found (plugin_assets/item-stats/text.ini, plugins/assets/item-stats/text.ini)
plugin: item-stats asset 'text.ini' not found (plugin_assets/item-stats/text.ini, plugins/assets/item-stats/text.ini)
plugin: item-stats asset 'text.ini' not found (plugin_assets/item-stats/text.ini, plugins/assets/item-stats/text.ini)
plugin: item-stats asset 'text.ini' not found (plugin_assets/item-stats/text.ini, plugins/assets/item-stats/text.ini)
plugin: item-stats asset 'text.ini' not found (plugin_assets/item-stats/text.ini, plugins/assets/item-stats/text.ini)
plugin: item-stats asset 'text.ini' not found (plugin_assets/item-stats/text.ini, plugins/assets/item-stats/text.ini)
plugin: item-stats asset 'text.ini' not found (plugin_assets/item-stats/text.ini, plugins/assets/item-stats/text.ini)
plugin: item-stats asset 'text.ini' not found (plugin_assets/item-stats/text.ini, plugins/assets/item-stats/text.ini)
plugin: item-stats asset 'text.ini' not found (plugin_assets/item-stats/text.ini, plugins/assets/item-stats/text.ini)
plugin: item-stats asset 'text.ini' not found (plugin_assets/item-stats/text.ini, plugins/assets/item-stats/text.ini)
plugin: item-stats asset 'text.ini' not found (plugin_assets/item-stats/text.ini, plugins/assets/item-stats/text.ini)
plugin: item-stats asset 'text.ini' not found (plugin_assets/item-stats/text.ini, plugins/assets/item-stats/text.ini)
plugin: item-stats asset 'text.ini' not found (plugin_assets/item-stats/text.ini, plugins/assets/item-stats/text.ini)
plugin: item-stats asset 'text.ini' not found (plugin_assets/item-stats/text.ini, plugins/assets/item-stats/text.ini)
plugin: item-stats asset 'text.ini' not found (plugin_assets/item-stats/text.ini, plugins/assets/item-stats/text.ini)
plugin: item-stats asset 'text.ini' not found (plugin_assets/item-stats/text.ini, plugins/assets/item-stats/text.ini)
plugin: item-stats asset 'text.ini' not found (plugin_assets/item-stats/text.ini, plugins/assets/item-stats/text.ini)
plugin: item-stats asset 'text.ini' not found (plugin_assets/item-stats/text.ini, plugins/assets/item-stats/text.ini)
plugin: item-stats asset 'text.ini' not found (plugin_assets/item-stats/text.ini, plugins/assets/item-stats/text.ini)
plugin: item-stats asset 'text.ini' not found (plugin_assets/item-stats/text.ini, plugins/assets/item-stats/text.ini)
plugin: item-stats asset 'text.ini' not found (plugin_assets/item-stats/text.ini, plugins/assets/item-stats/text.ini)
plugin: item-stats asset 'text.ini' not found (plugin_assets/item-stats/text.ini, plugins/assets/item-stats/text.ini)
plugin: item-stats asset 'text.ini' not found (plugin_assets/item-stats/text.ini, plugins/assets/item-stats/text.ini)
plugin: item-stats asset 'text.ini' not found (plugin_assets/item-stats/text.ini, plugins/assets/item-stats/text.ini)
plugin: item-stats asset 'text.ini' not found (plugin_assets/item-stats/text.ini, plugins/assets/item-stats/text.ini)
plugin: item-stats asset 'text.ini' not found (plugin_assets/item-stats/text.ini, plugins/assets/item-stats/text.ini)
plugin: item-stats asset 'text.ini' not found (plugin_assets/item-stats/text.ini, plugins/assets/item-stats/text.ini)
plugin: item-stats asset 'text.ini' not found (plugin_assets/item-stats/text.ini, plugins/assets/item-stats/text.ini)
plugin: item-stats asset 'text.ini' not found (plugin_assets/item-stats/text.ini, plugins/assets/item-stats/text.ini)
plugin: item-stats asset 'text.ini' not found (plugin_assets/item-stats/text.ini, plugins/assets/item-stats/text.ini)
plugin: item-stats asset 'text.ini' not found (plugin_assets/item-stats/text.ini, plugins/assets/item-stats/text.ini)
plugin: item-stats asset 'text.ini' not found (plugin_assets/item-stats/text.ini, plugins/assets/item-stats/text.ini)
plugin: item-stats asset 'text.ini' not found (plugin_assets/item-stats/text.ini, plugins/assets/item-stats/text.ini)
plugin: item-stats asset 'text.ini' not found (plugin_assets/item-stats/text.ini, plugins/assets/item-stats/text.ini)
plugin: item-stats asset 'text.ini' not found (plugin_assets/item-stats/text.ini, plugins/assets/item-stats/text.ini)
plugin: item-stats asset 'text.ini' not found (plugin_assets/item-stats/text.ini, plugins/assets/item-stats/text.ini)
plugin: item-stats asset 'text.ini' not found (plugin_assets/item-stats/text.ini, plugins/assets/item-stats/text.ini)
plugin: item-stats asset 'text.ini' not found (plugin_assets/item-stats/text.ini, plugins/assets/item-stats/text.ini)
plugin: item-stats asset 'text.ini' not found (plugin_assets/item-stats/text.ini, plugins/assets/item-stats/text.ini)
plugin: item-stats asset 'text.ini' not found (plugin_assets/item-stats/text.ini, plugins/assets/item-stats/text.ini)
plugin: item-stats asset 'text.ini' not found (plugin_assets/item-stats/text.ini, plugins/assets/item-stats/text.ini)
plugin: item-stats asset 'text.ini' not found (plugin_assets/item-stats/text.ini, plugins/assets/item-stats/text.ini)
plugin: item-stats asset 'text.ini' not found (plugin_assets/item-stats/text.ini, plugins/assets/item-stats/text.ini)
plugin: item-stats asset 'text.ini' not found (plugin_assets/item-stats/text.ini, plugins/assets/item-stats/text.ini)
plugin: item-stats asset 'text.ini' not found (plugin_assets/item-stats/text.ini, plugins/assets/item-stats/text.ini)
plugin: item-stats asset 'text.ini' not found (plugin_assets/item-stats/text.ini, plugins/assets/item-stats/text.ini)
plugin: item-stats asset 'text.ini' not found (plugin_assets/item-stats/text.ini, plugins/assets/item-stats/text.ini)
plugin: item-stats asset 'text.ini' not found (plugin_assets/item-stats/text.ini, plugins/assets/item-stats/text.ini)
plugin: item-stats asset 'text.ini' not found (plugin_assets/item-stats/text.ini, plugins/assets/item-stats/text.ini)
plugin: item-stats asset 'text.ini' not found (plugin_assets/item-stats/text.ini, plugins/assets/item-stats/text.ini)
plugin: item-stats asset 'text.ini' not found (plugin_assets/item-stats/text.ini, plugins/assets/item-stats/text.ini)
plugin: item-stats asset 'text.ini' not found (plugin_assets/item-stats/text.ini, plugins/assets/item-stats/text.ini)
plugin: item-stats asset 'text.ini' not found (plugin_assets/item-stats/text.ini, plugins/assets/item-stats/text.ini)
plugin: item-stats asset 'text.ini' not found (plugin_assets/item-stats/text.ini, plugins/assets/item-stats/text.ini)
plugin: item-stats asset 'text.ini' not found (plugin_assets/item-stats/text.ini, plugins/assets/item-stats/text.ini)
plugin: item-stats asset 'text.ini' not found (plugin_assets/item-stats/text.ini, plugins/assets/item-stats/text.ini)
plugin: item-stats asset 'text.ini' not found (plugin_assets/item-stats/text.ini, plugins/assets/item-stats/text.ini)
plugin: item-stats asset 'text.ini' not found (plugin_assets/item-stats/text.ini, plugins/assets/item-stats/text.ini)
plugin: item-stats asset 'text.ini' not found (plugin_assets/item-stats/text.ini, plugins/assets/item-stats/text.ini)
plugin: item-stats asset 'text.ini' not found (plugin_assets/item-stats/text.ini, plugins/assets/item-stats/text.ini)
torirs_perf: window=2 frame_p95=105.71ms
plugin: item-stats asset 'text.ini' not found (plugin_assets/item-stats/text.ini, plugins/assets/item-stats/text.ini)
plugin: item-stats asset 'text.ini' not found (plugin_assets/item-stats/text.ini, plugins/assets/item-stats/text.ini)
plugin: item-stats asset 'text.ini' not found (plugin_assets/item-stats/text.ini, plugins/assets/item-stats/text.ini)
plugin: item-stats asset 'text.ini' not found (plugin_assets/item-stats/text.ini, plugins/assets/item-stats/text.ini)
plugin: item-stats asset 'text.ini' not found (plugin_assets/item-stats/text.ini, plugins/assets/item-stats/text.ini)
plugin: item-stats asset 'text.ini' not found (plugin_assets/item-stats/text.ini, plugins/assets/item-stats/text.ini)
plugin: item-stats asset 'text.ini' not found (plugin_assets/item-stats/text.ini, plugins/assets/item-stats/text.ini)
plugin: item-stats asset 'text.ini' not found (plugin_assets/item-stats/text.ini, plugins/assets/item-stats/text.ini)
plugin: item-stats asset 'text.ini' not found (plugin_assets/item-stats/text.ini, plugins/assets/item-stats/text.ini)
plugin: item-stats asset 'text.ini' not found (plugin_assets/item-stats/text.ini, plugins/assets/item-stats/text.ini)
plugin: item-stats asset 'text.ini' not found (plugin_assets/item-stats/text.ini, plugins/assets/item-stats/text.ini)
plugin: item-stats asset 'text.ini' not found (plugin_assets/item-stats/text.ini, plugins/assets/item-stats/text.ini)
plugin: item-stats asset 'text.ini' not found (plugin_assets/item-stats/text.ini, plugins/assets/item-stats/text.ini)
plugin: item-stats asset 'text.ini' not found (plugin_assets/item-stats/text.ini, plugins/assets/item-stats/text.ini)
plugin: item-stats asset 'text.ini' not found (plugin_assets/item-stats/text.ini, plugins/assets/item-stats/text.ini)
plugin: item-stats asset 'text.ini' not found (plugin_assets/item-stats/text.ini, plugins/assets/item-stats/text.ini)
plugin: item-stats asset 'text.ini' not found (plugin_assets/item-stats/text.ini, plugins/assets/item-stats/text.ini)
plugin: item-stats asset 'text.ini' not found (plugin_assets/item-stats/text.ini, plugins/assets/item-stats/text.ini)
plugin: item-stats asset 'text.ini' not found (plugin_assets/item-stats/text.ini, plugins/assets/item-stats/text.ini)
plugin: item-stats asset 'text.ini' not found (plugin_assets/item-stats/text.ini, plugins/assets/item-stats/text.ini)
plugin: item-stats asset 'text.ini' not found (plugin_assets/item-stats/text.ini, plugins/assets/item-stats/text.ini)
plugin: item-stats asset 'text.ini' not found (plugin_assets/item-stats/text.ini, plugins/assets/item-stats/text.ini)
plugin: item-stats asset 'text.ini' not found (plugin_assets/item-stats/text.ini, plugins/assets/item-stats/text.ini)
plugin: item-stats asset 'text.ini' not found (plugin_assets/item-stats/text.ini, plugins/assets/item-stats/text.ini)
plugin: item-stats asset 'text.ini' not found (plugin_assets/item-stats/text.ini, plugins/assets/item-stats/text.ini)
plugin: item-stats asset 'text.ini' not found (plugin_assets/item-stats/text.ini, plugins/assets/item-stats/text.ini)
plugin: item-stats asset 'text.ini' not found (plugin_assets/item-stats/text.ini, plugins/assets/item-stats/text.ini)
plugin: item-stats asset 'text.ini' not found (plugin_assets/item-stats/text.ini, plugins/assets/item-stats/text.ini)
plugin: item-stats asset 'text.ini' not found (plugin_assets/item-stats/text.ini, plugins/assets/item-stats/text.ini)
plugin: item-stats asset 'text.ini' not found (plugin_assets/item-stats/text.ini, plugins/assets/item-stats/text.ini)
plugin: item-stats asset 'text.ini' not found (plugin_assets/item-stats/text.ini, plugins/assets/item-stats/text.ini)
plugin: item-stats asset 'text.ini' not found (plugin_assets/item-stats/text.ini, plugins/assets/item-stats/text.ini)
plugin: item-stats asset 'text.ini' not found (plugin_assets/item-stats/text.ini, plugins/assets/item-stats/text.ini)
plugin: item-stats asset 'text.ini' not found (plugin_assets/item-stats/text.ini, plugins/assets/item-stats/text.ini)
plugin: item-stats asset 'text.ini' not found (plugin_assets/item-stats/text.ini, plugins/assets/item-stats/text.ini)
plugin: item-stats asset 'text.ini' not found (plugin_assets/item-stats/text.ini, plugins/assets/item-stats/text.ini)
plugin: item-stats asset 'text.ini' not found (plugin_assets/item-stats/text.ini, plugins/assets/item-stats/text.ini)
plugin: item-stats asset 'text.ini' not found (plugin_assets/item-stats/text.ini, plugins/assets/item-stats/text.ini)
plugin: item-stats asset 'text.ini' not found (plugin_assets/item-stats/text.ini, plugins/assets/item-stats/text.ini)
plugin: item-stats asset 'text.ini' not found (plugin_assets/item-stats/text.ini, plugins/assets/item-stats/text.ini)
plugin: item-stats asset 'text.ini' not found (plugin_assets/item-stats/text.ini, plugins/assets/item-stats/text.ini)
plugin: item-stats asset 'text.ini' not found (plugin_assets/item-stats/text.ini, plugins/assets/item-stats/text.ini)
plugin: item-stats asset 'text.ini' not found (plugin_assets/item-stats/text.ini, plugins/assets/item-stats/text.ini)
plugin: item-stats asset 'text.ini' not found (plugin_assets/item-stats/text.ini, plugins/assets/item-stats/text.ini)
plugin: item-stats asset 'text.ini' not found (plugin_assets/item-stats/text.ini, plugins/assets/item-stats/text.ini)
plugin: item-stats asset 'text.ini' not found (plugin_assets/item-stats/text.ini, plugins/assets/item-stats/text.ini)
plugin: item-stats asset 'text.ini' not found (plugin_assets/item-stats/text.ini, plugins/assets/item-stats/text.ini)
plugin: item-stats asset 'text.ini' not found (plugin_assets/item-stats/text.ini, plugins/assets/item-stats/text.ini)
plugin: item-stats asset 'text.ini' not found (plugin_assets/item-stats/text.ini, plugins/assets/item-stats/text.ini)
plugin: item-stats asset 'text.ini' not found (plugin_assets/item-stats/text.ini, plugins/assets/item-stats/text.ini)
plugin: item-stats asset 'text.ini' not found (plugin_assets/item-stats/text.ini, plugins/assets/item-stats/text.ini)
plugin: item-stats asset 'text.ini' not found (plugin_assets/item-stats/text.ini, plugins/assets/item-stats/text.ini)
plugin: item-stats asset 'text.ini' not found (plugin_assets/item-stats/text.ini, plugins/assets/item-stats/text.ini)
plugin: item-stats asset 'text.ini' not found (plugin_assets/item-stats/text.ini, plugins/assets/item-stats/text.ini)
plugin: item-stats asset 'text.ini' not found (plugin_assets/item-stats/text.ini, plugins/assets/item-stats/text.ini)
plugin: item-stats asset 'text.ini' not found (plugin_assets/item-stats/text.ini, plugins/assets/item-stats/text.ini)
plugin: item-stats asset 'text.ini' not found (plugin_assets/item-stats/text.ini, plugins/assets/item-stats/text.ini)
plugin: item-stats asset 'text.ini' not found (plugin_assets/item-stats/text.ini, plugins/assets/item-stats/text.ini)
plugin: item-stats asset 'text.ini' not found (plugin_assets/item-stats/text.ini, plugins/assets/item-stats/text.ini)
plugin: item-stats asset 'text.ini' not found (plugin_assets/item-stats/text.ini, plugins/assets/item-stats/text.ini)
plugin: item-stats asset 'text.ini' not found (plugin_assets/item-stats/text.ini, plugins/assets/item-stats/text.ini)
plugin: item-stats asset 'text.ini' not found (plugin_assets/item-stats/text.ini, plugins/assets/item-stats/text.ini)
plugin: item-stats asset 'text.ini' not found (plugin_assets/item-stats/text.ini, plugins/assets/item-stats/text.ini)
plugin: item-stats asset 'text.ini' not found (plugin_assets/item-stats/text.ini, plugins/assets/item-stats/text.ini)
plugin: item-stats asset 'text.ini' not found (plugin_assets/item-stats/text.ini, plugins/assets/item-stats/text.ini)
plugin: item-stats asset 'text.ini' not found (plugin_assets/item-stats/text.ini, plugins/assets/item-stats/text.ini)
plugin: item-stats asset 'text.ini' not found (plugin_assets/item-stats/text.ini, plugins/assets/item-stats/text.ini)
plugin: item-stats asset 'text.ini' not found (plugin_assets/item-stats/text.ini, plugins/assets/item-stats/text.ini)
plugin: item-stats asset 'text.ini' not found (plugin_assets/item-stats/text.ini, plugins/assets/item-stats/text.ini)
plugin: item-stats asset 'text.ini' not found (plugin_assets/item-stats/text.ini, plugins/assets/item-stats/text.ini)
plugin: item-stats asset 'text.ini' not found (plugin_assets/item-stats/text.ini, plugins/assets/item-stats/text.ini)
plugin: item-stats asset 'text.ini' not found (plugin_assets/item-stats/text.ini, plugins/assets/item-stats/text.ini)
plugin: item-stats asset 'text.ini' not found (plugin_assets/item-stats/text.ini, plugins/assets/item-stats/text.ini)
plugin: item-stats asset 'text.ini' not found (plugin_assets/item-stats/text.ini, plugins/assets/item-stats/text.ini)
plugin: item-stats asset 'text.ini' not found (plugin_assets/item-stats/text.ini, plugins/assets/item-stats/text.ini)
plugin: item-stats asset 'text.ini' not found (plugin_assets/item-stats/text.ini, plugins/assets/item-stats/text.ini)
plugin: item-stats asset 'text.ini' not found (plugin_assets/item-stats/text.ini, plugins/assets/item-stats/text.ini)
plugin: item-stats asset 'text.ini' not found (plugin_assets/item-stats/text.ini, plugins/assets/item-stats/text.ini)
plugin: item-stats asset 'text.ini' not found (plugin_assets/item-stats/text.ini, plugins/assets/item-stats/text.ini)
plugin: item-stats asset 'text.ini' not found (plugin_assets/item-stats/text.ini, plugins/assets/item-stats/text.ini)
plugin: item-stats asset 'text.ini' not found (plugin_assets/item-stats/text.ini, plugins/assets/item-stats/text.ini)
plugin: item-stats asset 'text.ini' not found (plugin_assets/item-stats/text.ini, plugins/assets/item-stats/text.ini)
plugin: item-stats asset 'text.ini' not found (plugin_assets/item-stats/text.ini, plugins/assets/item-stats/text.ini)
plugin: item-stats asset 'text.ini' not found (plugin_assets/item-stats/text.ini, plugins/assets/item-stats/text.ini)
plugin: item-stats asset 'text.ini' not found (plugin_assets/item-stats/text.ini, plugins/assets/item-stats/text.ini)
plugin: item-stats asset 'text.ini' not found (plugin_assets/item-stats/text.ini, plugins/assets/item-stats/text.ini)
plugin: item-stats asset 'text.ini' not found (plugin_assets/item-stats/text.ini, plugins/assets/item-stats/text.ini)
plugin: item-stats asset 'text.ini' not found (plugin_assets/item-stats/text.ini, plugins/assets/item-stats/text.ini)
plugin: item-stats asset 'text.ini' not found (plugin_assets/item-stats/text.ini, plugins/assets/item-stats/text.ini)
plugin: item-stats asset 'text.ini' not found (plugin_assets/item-stats/text.ini, plugins/assets/item-stats/text.ini)
plugin: item-stats asset 'text.ini' not found (plugin_assets/item-stats/text.ini, plugins/assets/item-stats/text.ini)
plugin: item-stats asset 'text.ini' not found (plugin_assets/item-stats/text.ini, plugins/assets/item-stats/text.ini)
plugin: item-stats asset 'text.ini' not found (plugin_assets/item-stats/text.ini, plugins/assets/item-stats/text.ini)
plugin: item-stats asset 'text.ini' not found (plugin_assets/item-stats/text.ini, plugins/assets/item-stats/text.ini)
plugin: item-stats asset 'text.ini' not found (plugin_assets/item-stats/text.ini, plugins/assets/item-stats/text.ini)
plugin: item-stats asset 'text.ini' not found (plugin_assets/item-stats/text.ini, plugins/assets/item-stats/text.ini)
plugin: item-stats asset 'text.ini' not found (plugin_assets/item-stats/text.ini, plugins/assets/item-stats/text.ini)
plugin: item-stats asset 'text.ini' not found (plugin_assets/item-stats/text.ini, plugins/assets/item-stats/text.ini)
plugin: item-stats asset 'text.ini' not found (plugin_assets/item-stats/text.ini, plugins/assets/item-stats/text.ini)
plugin: item-stats asset 'text.ini' not found (plugin_assets/item-stats/text.ini, plugins/assets/item-stats/text.ini)
torirs_perf: window=3 frame_p95=105.74ms
plugin: item-stats asset 'text.ini' not found (plugin_assets/item-stats/text.ini, plugins/assets/item-stats/text.ini)
plugin: item-stats asset 'text.ini' not found (plugin_assets/item-stats/text.ini, plugins/assets/item-stats/text.ini)
plugin: item-stats asset 'text.ini' not found (plugin_assets/item-stats/text.ini, plugins/assets/item-stats/text.ini)
plugin: item-stats asset 'text.ini' not found (plugin_assets/item-stats/text.ini, plugins/assets/item-stats/text.ini)
plugin: item-stats asset 'text.ini' not found (plugin_assets/item-stats/text.ini, plugins/assets/item-stats/text.ini)
plugin: item-stats asset 'text.ini' not found (plugin_assets/item-stats/text.ini, plugins/assets/item-stats/text.ini)
plugin: item-stats asset 'text.ini' not found (plugin_assets/item-stats/text.ini, plugins/assets/item-stats/text.ini)
plugin: item-stats asset 'text.ini' not found (plugin_assets/item-stats/text.ini, plugins/assets/item-stats/text.ini)
plugin: item-stats asset 'text.ini' not found (plugin_assets/item-stats/text.ini, plugins/assets/item-stats/text.ini)
plugin: item-stats asset 'text.ini' not found (plugin_assets/item-stats/text.ini, plugins/assets/item-stats/text.ini)
plugin: item-stats asset 'text.ini' not found (plugin_assets/item-stats/text.ini, plugins/assets/item-stats/text.ini)
plugin: item-stats asset 'text.ini' not found (plugin_assets/item-stats/text.ini, plugins/assets/item-stats/text.ini)
plugin: item-stats asset 'text.ini' not found (plugin_assets/item-stats/text.ini, plugins/assets/item-stats/text.ini)
plugin: item-stats asset 'text.ini' not found (plugin_assets/item-stats/text.ini, plugins/assets/item-stats/text.ini)
plugin: item-stats asset 'text.ini' not found (plugin_assets/item-stats/text.ini, plugins/assets/item-stats/text.ini)
plugin: item-stats asset 'text.ini' not found (plugin_assets/item-stats/text.ini, plugins/assets/item-stats/text.ini)
plugin: item-stats asset 'text.ini' not found (plugin_assets/item-stats/text.ini, plugins/assets/item-stats/text.ini)
plugin: item-stats asset 'text.ini' not found (plugin_assets/item-stats/text.ini, plugins/assets/item-stats/text.ini)
plugin: item-stats asset 'text.ini' not found (plugin_assets/item-stats/text.ini, plugins/assets/item-stats/text.ini)
plugin: item-stats asset 'text.ini' not found (plugin_assets/item-stats/text.ini, plugins/assets/item-stats/text.ini)
plugin: item-stats asset 'text.ini' not found (plugin_assets/item-stats/text.ini, plugins/assets/item-stats/text.ini)
plugin: item-stats asset 'text.ini' not found (plugin_assets/item-stats/text.ini, plugins/assets/item-stats/text.ini)
plugin: item-stats asset 'text.ini' not found (plugin_assets/item-stats/text.ini, plugins/assets/item-stats/text.ini)
plugin: item-stats asset 'text.ini' not found (plugin_assets/item-stats/text.ini, plugins/assets/item-stats/text.ini)
plugin: item-stats asset 'text.ini' not found (plugin_assets/item-stats/text.ini, plugins/assets/item-stats/text.ini)
plugin: item-stats asset 'text.ini' not found (plugin_assets/item-stats/text.ini, plugins/assets/item-stats/text.ini)
plugin: item-stats asset 'text.ini' not found (plugin_assets/item-stats/text.ini, plugins/assets/item-stats/text.ini)
plugin: item-stats asset 'text.ini' not found (plugin_assets/item-stats/text.ini, plugins/assets/item-stats/text.ini)
plugin: item-stats asset 'text.ini' not found (plugin_assets/item-stats/text.ini, plugins/assets/item-stats/text.ini)
plugin: item-stats asset 'text.ini' not found (plugin_assets/item-stats/text.ini, plugins/assets/item-stats/text.ini)
plugin: item-stats asset 'text.ini' not found (plugin_assets/item-stats/text.ini, plugins/assets/item-stats/text.ini)
plugin: item-stats asset 'text.ini' not found (plugin_assets/item-stats/text.ini, plugins/assets/item-stats/text.ini)
plugin: item-stats asset 'text.ini' not found (plugin_assets/item-stats/text.ini, plugins/assets/item-stats/text.ini)
plugin: item-stats asset 'text.ini' not found (plugin_assets/item-stats/text.ini, plugins/assets/item-stats/text.ini)
plugin: item-stats asset 'text.ini' not found (plugin_assets/item-stats/text.ini, plugins/assets/item-stats/text.ini)
plugin: item-stats asset 'text.ini' not found (plugin_assets/item-stats/text.ini, plugins/assets/item-stats/text.ini)
plugin: item-stats asset 'text.ini' not found (plugin_assets/item-stats/text.ini, plugins/assets/item-stats/text.ini)
plugin: item-stats asset 'text.ini' not found (plugin_assets/item-stats/text.ini, plugins/assets/item-stats/text.ini)
plugin: item-stats asset 'text.ini' not found (plugin_assets/item-stats/text.ini, plugins/assets/item-stats/text.ini)
plugin: item-stats asset 'text.ini' not found (plugin_assets/item-stats/text.ini, plugins/assets/item-stats/text.ini)
plugin: item-stats asset 'text.ini' not found (plugin_assets/item-stats/text.ini, plugins/assets/item-stats/text.ini)
plugin: item-stats asset 'text.ini' not found (plugin_assets/item-stats/text.ini, plugins/assets/item-stats/text.ini)
plugin: item-stats asset 'text.ini' not found (plugin_assets/item-stats/text.ini, plugins/assets/item-stats/text.ini)
plugin: item-stats asset 'text.ini' not found (plugin_assets/item-stats/text.ini, plugins/assets/item-stats/text.ini)
plugin: item-stats asset 'text.ini' not found (plugin_assets/item-stats/text.ini, plugins/assets/item-stats/text.ini)
plugin: item-stats asset 'text.ini' not found (plugin_assets/item-stats/text.ini, plugins/assets/item-stats/text.ini)
plugin: item-stats asset 'text.ini' not found (plugin_assets/item-stats/text.ini, plugins/assets/item-stats/text.ini)
plugin: item-stats asset 'text.ini' not found (plugin_assets/item-stats/text.ini, plugins/assets/item-stats/text.ini)
plugin: item-stats asset 'text.ini' not found (plugin_assets/item-stats/text.ini, plugins/assets/item-stats/text.ini)
plugin: item-stats asset 'text.ini' not found (plugin_assets/item-stats/text.ini, plugins/assets/item-stats/text.ini)
plugin: item-stats asset 'text.ini' not found (plugin_assets/item-stats/text.ini, plugins/assets/item-stats/text.ini)
plugin: item-stats asset 'text.ini' not found (plugin_assets/item-stats/text.ini, plugins/assets/item-stats/text.ini)
plugin: item-stats asset 'text.ini' not found (plugin_assets/item-stats/text.ini, plugins/assets/item-stats/text.ini)
plugin: item-stats asset 'text.ini' not found (plugin_assets/item-stats/text.ini, plugins/assets/item-stats/text.ini)
plugin: item-stats asset 'text.ini' not found (plugin_assets/item-stats/text.ini, plugins/assets/item-stats/text.ini)
plugin: item-stats asset 'text.ini' not found (plugin_assets/item-stats/text.ini, plugins/assets/item-stats/text.ini)
plugin: item-stats asset 'text.ini' not found (plugin_assets/item-stats/text.ini, plugins/assets/item-stats/text.ini)
plugin: item-stats asset 'text.ini' not found (plugin_assets/item-stats/text.ini, plugins/assets/item-stats/text.ini)
plugin: item-stats asset 'text.ini' not found (plugin_assets/item-stats/text.ini, plugins/assets/item-stats/text.ini)
plugin: item-stats asset 'text.ini' not found (plugin_assets/item-stats/text.ini, plugins/assets/item-stats/text.ini)
plugin: item-stats asset 'text.ini' not found (plugin_assets/item-stats/text.ini, plugins/assets/item-stats/text.ini)
plugin: item-stats asset 'text.ini' not found (plugin_assets/item-stats/text.ini, plugins/assets/item-stats/text.ini)
plugin: item-stats asset 'text.ini' not found (plugin_assets/item-stats/text.ini, plugins/assets/item-stats/text.ini)
plugin: item-stats asset 'text.ini' not found (plugin_assets/item-stats/text.ini, plugins/assets/item-stats/text.ini)
plugin: item-stats asset 'text.ini' not found (plugin_assets/item-stats/text.ini, plugins/assets/item-stats/text.ini)
plugin: item-stats asset 'text.ini' not found (plugin_assets/item-stats/text.ini, plugins/assets/item-stats/text.ini)
plugin: item-stats asset 'text.ini' not found (plugin_assets/item-stats/text.ini, plugins/assets/item-stats/text.ini)
plugin: item-stats asset 'text.ini' not found (plugin_assets/item-stats/text.ini, plugins/assets/item-stats/text.ini)
plugin: item-stats asset 'text.ini' not found (plugin_assets/item-stats/text.ini, plugins/assets/item-stats/text.ini)
plugin: item-stats asset 'text.ini' not found (plugin_assets/item-stats/text.ini, plugins/assets/item-stats/text.ini)
plugin: item-stats asset 'text.ini' not found (plugin_assets/item-stats/text.ini, plugins/assets/item-stats/text.ini)
plugin: item-stats asset 'text.ini' not found (plugin_assets/item-stats/text.ini, plugins/assets/item-stats/text.ini)
plugin: item-stats asset 'text.ini' not found (plugin_assets/item-stats/text.ini, plugins/assets/item-stats/text.ini)
plugin: item-stats asset 'text.ini' not found (plugin_assets/item-stats/text.ini, plugins/assets/item-stats/text.ini)
plugin: item-stats asset 'text.ini' not found (plugin_assets/item-stats/text.ini, plugins/assets/item-stats/text.ini)
plugin: item-stats asset 'text.ini' not found (plugin_assets/item-stats/text.ini, plugins/assets/item-stats/text.ini)
plugin: item-stats asset 'text.ini' not found (plugin_assets/item-stats/text.ini, plugins/assets/item-stats/text.ini)
plugin: item-stats asset 'text.ini' not found (plugin_assets/item-stats/text.ini, plugins/assets/item-stats/text.ini)
plugin: item-stats asset 'text.ini' not found (plugin_assets/item-stats/text.ini, plugins/assets/item-stats/text.ini)
plugin: item-stats asset 'text.ini' not found (plugin_assets/item-stats/text.ini, plugins/assets/item-stats/text.ini)
plugin: item-stats asset 'text.ini' not found (plugin_assets/item-stats/text.ini, plugins/assets/item-stats/text.ini)
plugin: item-stats asset 'text.ini' not found (plugin_assets/item-stats/text.ini, plugins/assets/item-stats/text.ini)
plugin: item-stats asset 'text.ini' not found (plugin_assets/item-stats/text.ini, plugins/assets/item-stats/text.ini)
plugin: item-stats asset 'text.ini' not found (plugin_assets/item-stats/text.ini, plugins/assets/item-stats/text.ini)
plugin: item-stats asset 'text.ini' not found (plugin_assets/item-stats/text.ini, plugins/assets/item-stats/text.ini)
plugin: item-stats asset 'text.ini' not found (plugin_assets/item-stats/text.ini, plugins/assets/item-stats/text.ini)
plugin: item-stats asset 'text.ini' not found (plugin_assets/item-stats/text.ini, plugins/assets/item-stats/text.ini)
plugin: item-stats asset 'text.ini' not found (plugin_assets/item-stats/text.ini, plugins/assets/item-stats/text.ini)
plugin: item-stats asset 'text.ini' not found (plugin_assets/item-stats/text.ini, plugins/assets/item-stats/text.ini)
plugin: item-stats asset 'text.ini' not found (plugin_assets/item-stats/text.ini, plugins/assets/item-stats/text.ini)
plugin: item-stats asset 'text.ini' not found (plugin_assets/item-stats/text.ini, plugins/assets/item-stats/text.ini)
plugin: item-stats asset 'text.ini' not found (plugin_assets/item-stats/text.ini, plugins/assets/item-stats/text.ini)
plugin: item-stats asset 'text.ini' not found (plugin_assets/item-stats/text.ini, plugins/assets/item-stats/text.ini)
plugin: item-stats asset 'text.ini' not found (plugin_assets/item-stats/text.ini, plugins/assets/item-stats/text.ini)
plugin: item-stats asset 'text.ini' not found (plugin_assets/item-stats/text.ini, plugins/assets/item-stats/text.ini)
plugin: item-stats asset 'text.ini' not found (plugin_assets/item-stats/text.ini, plugins/assets/item-stats/text.ini)
plugin: item-stats asset 'text.ini' not found (plugin_assets/item-stats/text.ini, plugins/assets/item-stats/text.ini)
plugin: item-stats asset 'text.ini' not found (plugin_assets/item-stats/text.ini, plugins/assets/item-stats/text.ini)
plugin: item-stats asset 'text.ini' not found (plugin_assets/item-stats/text.ini, plugins/assets/item-stats/text.ini)
plugin: item-stats asset 'text.ini' not found (plugin_assets/item-stats/text.ini, plugins/assets/item-stats/text.ini)
torirs_perf: window=4 frame_p95=97.64ms
plugin: item-stats asset 'text.ini' not found (plugin_assets/item-stats/text.ini, plugins/assets/item-stats/text.ini)
plugin: item-stats asset 'text.ini' not found (plugin_assets/item-stats/text.ini, plugins/assets/item-stats/text.ini)
plugin: item-stats asset 'text.ini' not found (plugin_assets/item-stats/text.ini, plugins/assets/item-stats/text.ini)
plugin: item-stats asset 'text.ini' not found (plugin_assets/item-stats/text.ini, plugins/assets/item-stats/text.ini)
plugin: item-stats asset 'text.ini' not found (plugin_assets/item-stats/text.ini, plugins/assets/item-stats/text.ini)
plugin: item-stats asset 'text.ini' not found (plugin_assets/item-stats/text.ini, plugins/assets/item-stats/text.ini)
plugin: item-stats asset 'text.ini' not found (plugin_assets/item-stats/text.ini, plugins/assets/item-stats/text.ini)
plugin: item-stats asset 'text.ini' not found (plugin_assets/item-stats/text.ini, plugins/assets/item-stats/text.ini)
plugin: item-stats asset 'text.ini' not found (plugin_assets/item-stats/text.ini, plugins/assets/item-stats/text.ini)
plugin: item-stats asset 'text.ini' not found (plugin_assets/item-stats/text.ini, plugins/assets/item-stats/text.ini)
plugin: item-stats asset 'text.ini' not found (plugin_assets/item-stats/text.ini, plugins/assets/item-stats/text.ini)
plugin: item-stats asset 'text.ini' not found (plugin_assets/item-stats/text.ini, plugins/assets/item-stats/text.ini)
plugin: item-stats asset 'text.ini' not found (plugin_assets/item-stats/text.ini, plugins/assets/item-stats/text.ini)
plugin: item-stats asset 'text.ini' not found (plugin_assets/item-stats/text.ini, plugins/assets/item-stats/text.ini)
plugin: item-stats asset 'text.ini' not found (plugin_assets/item-stats/text.ini, plugins/assets/item-stats/text.ini)
plugin: item-stats asset 'text.ini' not found (plugin_assets/item-stats/text.ini, plugins/assets/item-stats/text.ini)
plugin: item-stats asset 'text.ini' not found (plugin_assets/item-stats/text.ini, plugins/assets/item-stats/text.ini)
plugin: item-stats asset 'text.ini' not found (plugin_assets/item-stats/text.ini, plugins/assets/item-stats/text.ini)
plugin: item-stats asset 'text.ini' not found (plugin_assets/item-stats/text.ini, plugins/assets/item-stats/text.ini)
plugin: item-stats asset 'text.ini' not found (plugin_assets/item-stats/text.ini, plugins/assets/item-stats/text.ini)
plugin: item-stats asset 'text.ini' not found (plugin_assets/item-stats/text.ini, plugins/assets/item-stats/text.ini)
plugin: item-stats asset 'text.ini' not found (plugin_assets/item-stats/text.ini, plugins/assets/item-stats/text.ini)
plugin: item-stats asset 'text.ini' not found (plugin_assets/item-stats/text.ini, plugins/assets/item-stats/text.ini)
plugin: item-stats asset 'text.ini' not found (plugin_assets/item-stats/text.ini, plugins/assets/item-stats/text.ini)
plugin: item-stats asset 'text.ini' not found (plugin_assets/item-stats/text.ini, plugins/assets/item-stats/text.ini)
plugin: item-stats asset 'text.ini' not found (plugin_assets/item-stats/text.ini, plugins/assets/item-stats/text.ini)
plugin: item-stats asset 'text.ini' not found (plugin_assets/item-stats/text.ini, plugins/assets/item-stats/text.ini)
plugin: item-stats asset 'text.ini' not found (plugin_assets/item-stats/text.ini, plugins/assets/item-stats/text.ini)
plugin: item-stats asset 'text.ini' not found (plugin_assets/item-stats/text.ini, plugins/assets/item-stats/text.ini)
plugin: item-stats asset 'text.ini' not found (plugin_assets/item-stats/text.ini, plugins/assets/item-stats/text.ini)
plugin: item-stats asset 'text.ini' not found (plugin_assets/item-stats/text.ini, plugins/assets/item-stats/text.ini)
plugin: item-stats asset 'text.ini' not found (plugin_assets/item-stats/text.ini, plugins/assets/item-stats/text.ini)
plugin: item-stats asset 'text.ini' not found (plugin_assets/item-stats/text.ini, plugins/assets/item-stats/text.ini)
plugin: item-stats asset 'text.ini' not found (plugin_assets/item-stats/text.ini, plugins/assets/item-stats/text.ini)
plugin: item-stats asset 'text.ini' not found (plugin_assets/item-stats/text.ini, plugins/assets/item-stats/text.ini)
plugin: item-stats asset 'text.ini' not found (plugin_assets/item-stats/text.ini, plugins/assets/item-stats/text.ini)
plugin: item-stats asset 'text.ini' not found (plugin_assets/item-stats/text.ini, plugins/assets/item-stats/text.ini)
plugin: item-stats asset 'text.ini' not found (plugin_assets/item-stats/text.ini, plugins/assets/item-stats/text.ini)
plugin: item-stats asset 'text.ini' not found (plugin_assets/item-stats/text.ini, plugins/assets/item-stats/text.ini)
plugin: item-stats asset 'text.ini' not found (plugin_assets/item-stats/text.ini, plugins/assets/item-stats/text.ini)
plugin: item-stats asset 'text.ini' not found (plugin_assets/item-stats/text.ini, plugins/assets/item-stats/text.ini)
plugin: item-stats asset 'text.ini' not found (plugin_assets/item-stats/text.ini, plugins/assets/item-stats/text.ini)
plugin: item-stats asset 'text.ini' not found (plugin_assets/item-stats/text.ini, plugins/assets/item-stats/text.ini)
plugin: item-stats asset 'text.ini' not found (plugin_assets/item-stats/text.ini, plugins/assets/item-stats/text.ini)
plugin: item-stats asset 'text.ini' not found (plugin_assets/item-stats/text.ini, plugins/assets/item-stats/text.ini)
plugin: item-stats asset 'text.ini' not found (plugin_assets/item-stats/text.ini, plugins/assets/item-stats/text.ini)
plugin: item-stats asset 'text.ini' not found (plugin_assets/item-stats/text.ini, plugins/assets/item-stats/text.ini)
plugin: item-stats asset 'text.ini' not found (plugin_assets/item-stats/text.ini, plugins/assets/item-stats/text.ini)
plugin: item-stats asset 'text.ini' not found (plugin_assets/item-stats/text.ini, plugins/assets/item-stats/text.ini)
plugin: item-stats asset 'text.ini' not found (plugin_assets/item-stats/text.ini, plugins/assets/item-stats/text.ini)
plugin: item-stats asset 'text.ini' not found (plugin_assets/item-stats/text.ini, plugins/assets/item-stats/text.ini)
plugin: item-stats asset 'text.ini' not found (plugin_assets/item-stats/text.ini, plugins/assets/item-stats/text.ini)
plugin: item-stats asset 'text.ini' not found (plugin_assets/item-stats/text.ini, plugins/assets/item-stats/text.ini)
plugin: item-stats asset 'text.ini' not found (plugin_assets/item-stats/text.ini, plugins/assets/item-stats/text.ini)
plugin: item-stats asset 'text.ini' not found (plugin_assets/item-stats/text.ini, plugins/assets/item-stats/text.ini)
plugin: item-stats asset 'text.ini' not found (plugin_assets/item-stats/text.ini, plugins/assets/item-stats/text.ini)
plugin: item-stats asset 'text.ini' not found (plugin_assets/item-stats/text.ini, plugins/assets/item-stats/text.ini)
plugin: item-stats asset 'text.ini' not found (plugin_assets/item-stats/text.ini, plugins/assets/item-stats/text.ini)
plugin: item-stats asset 'text.ini' not found (plugin_assets/item-stats/text.ini, plugins/assets/item-stats/text.ini)
plugin: item-stats asset 'text.ini' not found (plugin_assets/item-stats/text.ini, plugins/assets/item-stats/text.ini)
plugin: item-stats asset 'text.ini' not found (plugin_assets/item-stats/text.ini, plugins/assets/item-stats/text.ini)
plugin: item-stats asset 'text.ini' not found (plugin_assets/item-stats/text.ini, plugins/assets/item-stats/text.ini)
plugin: item-stats asset 'text.ini' not found (plugin_assets/item-stats/text.ini, plugins/assets/item-stats/text.ini)
plugin: item-stats asset 'text.ini' not found (plugin_assets/item-stats/text.ini, plugins/assets/item-stats/text.ini)
plugin: item-stats asset 'text.ini' not found (plugin_assets/item-stats/text.ini, plugins/assets/item-stats/text.ini)
plugin: item-stats asset 'text.ini' not found (plugin_assets/item-stats/text.ini, plugins/assets/item-stats/text.ini)
plugin: item-stats asset 'text.ini' not found (plugin_assets/item-stats/text.ini, plugins/assets/item-stats/text.ini)
plugin: item-stats asset 'text.ini' not found (plugin_assets/item-stats/text.ini, plugins/assets/item-stats/text.ini)
plugin: item-stats asset 'text.ini' not found (plugin_assets/item-stats/text.ini, plugins/assets/item-stats/text.ini)
plugin: item-stats asset 'text.ini' not found (plugin_assets/item-stats/text.ini, plugins/assets/item-stats/text.ini)
plugin: item-stats asset 'text.ini' not found (plugin_assets/item-stats/text.ini, plugins/assets/item-stats/text.ini)
plugin: item-stats asset 'text.ini' not found (plugin_assets/item-stats/text.ini, plugins/assets/item-stats/text.ini)
plugin: item-stats asset 'text.ini' not found (plugin_assets/item-stats/text.ini, plugins/assets/item-stats/text.ini)
plugin: item-stats asset 'text.ini' not found (plugin_assets/item-stats/text.ini, plugins/assets/item-stats/text.ini)
plugin: item-stats asset 'text.ini' not found (plugin_assets/item-stats/text.ini, plugins/assets/item-stats/text.ini)
plugin: item-stats asset 'text.ini' not found (plugin_assets/item-stats/text.ini, plugins/assets/item-stats/text.ini)
plugin: item-stats asset 'text.ini' not found (plugin_assets/item-stats/text.ini, plugins/assets/item-stats/text.ini)
plugin: item-stats asset 'text.ini' not found (plugin_assets/item-stats/text.ini, plugins/assets/item-stats/text.ini)
plugin: item-stats asset 'text.ini' not found (plugin_assets/item-stats/text.ini, plugins/assets/item-stats/text.ini)
plugin: item-stats asset 'text.ini' not found (plugin_assets/item-stats/text.ini, plugins/assets/item-stats/text.ini)
plugin: item-stats asset 'text.ini' not found (plugin_assets/item-stats/text.ini, plugins/assets/item-stats/text.ini)
plugin: item-stats asset 'text.ini' not found (plugin_assets/item-stats/text.ini, plugins/assets/item-stats/text.ini)
plugin: item-stats asset 'text.ini' not found (plugin_assets/item-stats/text.ini, plugins/assets/item-stats/text.ini)
plugin: item-stats asset 'text.ini' not found (plugin_assets/item-stats/text.ini, plugins/assets/item-stats/text.ini)
plugin: item-stats asset 'text.ini' not found (plugin_assets/item-stats/text.ini, plugins/assets/item-stats/text.ini)
plugin: item-stats asset 'text.ini' not found (plugin_assets/item-stats/text.ini, plugins/assets/item-stats/text.ini)
plugin: item-stats asset 'text.ini' not found (plugin_assets/item-stats/text.ini, plugins/assets/item-stats/text.ini)
plugin: item-stats asset 'text.ini' not found (plugin_assets/item-stats/text.ini, plugins/assets/item-stats/text.ini)
plugin: item-stats asset 'text.ini' not found (plugin_assets/item-stats/text.ini, plugins/assets/item-stats/text.ini)
plugin: item-stats asset 'text.ini' not found (plugin_assets/item-stats/text.ini, plugins/assets/item-stats/text.ini)
plugin: item-stats asset 'text.ini' not found (plugin_assets/item-stats/text.ini, plugins/assets/item-stats/text.ini)
plugin: item-stats asset 'text.ini' not found (plugin_assets/item-stats/text.ini, plugins/assets/item-stats/text.ini)
plugin: item-stats asset 'text.ini' not found (plugin_assets/item-stats/text.ini, plugins/assets/item-stats/text.ini)
plugin: item-stats asset 'text.ini' not found (plugin_assets/item-stats/text.ini, plugins/assets/item-stats/text.ini)
plugin: item-stats asset 'text.ini' not found (plugin_assets/item-stats/text.ini, plugins/assets/item-stats/text.ini)
plugin: item-stats asset 'text.ini' not found (plugin_assets/item-stats/text.ini, plugins/assets/item-stats/text.ini)
plugin: item-stats asset 'text.ini' not found (plugin_assets/item-stats/text.ini, plugins/assets/item-stats/text.ini)
plugin: item-stats asset 'text.ini' not found (plugin_assets/item-stats/text.ini, plugins/assets/item-stats/text.ini)
plugin: item-stats asset 'text.ini' not found (plugin_assets/item-stats/text.ini, plugins/assets/item-stats/text.ini)
plugin: item-stats asset 'text.ini' not found (plugin_assets/item-stats/text.ini, plugins/assets/item-stats/text.ini)
torirs_perf: window=5 frame_p95=95.03ms
plugin: item-stats asset 'text.ini' not found (plugin_assets/item-stats/text.ini, plugins/assets/item-stats/text.ini)
plugin: item-stats asset 'text.ini' not found (plugin_assets/item-stats/text.ini, plugins/assets/item-stats/text.ini)
plugin: item-stats asset 'text.ini' not found (plugin_assets/item-stats/text.ini, plugins/assets/item-stats/text.ini)
plugin: item-stats asset 'text.ini' not found (plugin_assets/item-stats/text.ini, plugins/assets/item-stats/text.ini)
plugin: item-stats asset 'text.ini' not found (plugin_assets/item-stats/text.ini, plugins/assets/item-stats/text.ini)
plugin: item-stats asset 'text.ini' not found (plugin_assets/item-stats/text.ini, plugins/assets/item-stats/text.ini)
plugin: item-stats asset 'text.ini' not found (plugin_assets/item-stats/text.ini, plugins/assets/item-stats/text.ini)
plugin: item-stats asset 'text.ini' not found (plugin_assets/item-stats/text.ini, plugins/assets/item-stats/text.ini)
plugin: item-stats asset 'text.ini' not found (plugin_assets/item-stats/text.ini, plugins/assets/item-stats/text.ini)
plugin: item-stats asset 'text.ini' not found (plugin_assets/item-stats/text.ini, plugins/assets/item-stats/text.ini)
plugin: item-stats asset 'text.ini' not found (plugin_assets/item-stats/text.ini, plugins/assets/item-stats/text.ini)
plugin: item-stats asset 'text.ini' not found (plugin_assets/item-stats/text.ini, plugins/assets/item-stats/text.ini)
plugin: item-stats asset 'text.ini' not found (plugin_assets/item-stats/text.ini, plugins/assets/item-stats/text.ini)
plugin: item-stats asset 'text.ini' not found (plugin_assets/item-stats/text.ini, plugins/assets/item-stats/text.ini)
plugin: item-stats asset 'text.ini' not found (plugin_assets/item-stats/text.ini, plugins/assets/item-stats/text.ini)
plugin: item-stats asset 'text.ini' not found (plugin_assets/item-stats/text.ini, plugins/assets/item-stats/text.ini)
plugin: item-stats asset 'text.ini' not found (plugin_assets/item-stats/text.ini, plugins/assets/item-stats/text.ini)
plugin: item-stats asset 'text.ini' not found (plugin_assets/item-stats/text.ini, plugins/assets/item-stats/text.ini)
plugin: item-stats asset 'text.ini' not found (plugin_assets/item-stats/text.ini, plugins/assets/item-stats/text.ini)
plugin: item-stats asset 'text.ini' not found (plugin_assets/item-stats/text.ini, plugins/assets/item-stats/text.ini)
plugin: item-stats asset 'text.ini' not found (plugin_assets/item-stats/text.ini, plugins/assets/item-stats/text.ini)
plugin: item-stats asset 'text.ini' not found (plugin_assets/item-stats/text.ini, plugins/assets/item-stats/text.ini)
plugin: item-stats asset 'text.ini' not found (plugin_assets/item-stats/text.ini, plugins/assets/item-stats/text.ini)
plugin: item-stats asset 'text.ini' not found (plugin_assets/item-stats/text.ini, plugins/assets/item-stats/text.ini)
plugin: item-stats asset 'text.ini' not found (plugin_assets/item-stats/text.ini, plugins/assets/item-stats/text.ini)
plugin: item-stats asset 'text.ini' not found (plugin_assets/item-stats/text.ini, plugins/assets/item-stats/text.ini)
plugin: item-stats asset 'text.ini' not found (plugin_assets/item-stats/text.ini, plugins/assets/item-stats/text.ini)
plugin: item-stats asset 'text.ini' not found (plugin_assets/item-stats/text.ini, plugins/assets/item-stats/text.ini)
plugin: item-stats asset 'text.ini' not found (plugin_assets/item-stats/text.ini, plugins/assets/item-stats/text.ini)
plugin: item-stats asset 'text.ini' not found (plugin_assets/item-stats/text.ini, plugins/assets/item-stats/text.ini)
plugin: item-stats asset 'text.ini' not found (plugin_assets/item-stats/text.ini, plugins/assets/item-stats/text.ini)
plugin: item-stats asset 'text.ini' not found (plugin_assets/item-stats/text.ini, plugins/assets/item-stats/text.ini)
plugin: item-stats asset 'text.ini' not found (plugin_assets/item-stats/text.ini, plugins/assets/item-stats/text.ini)
plugin: item-stats asset 'text.ini' not found (plugin_assets/item-stats/text.ini, plugins/assets/item-stats/text.ini)
plugin: item-stats asset 'text.ini' not found (plugin_assets/item-stats/text.ini, plugins/assets/item-stats/text.ini)
plugin: item-stats asset 'text.ini' not found (plugin_assets/item-stats/text.ini, plugins/assets/item-stats/text.ini)
plugin: item-stats asset 'text.ini' not found (plugin_assets/item-stats/text.ini, plugins/assets/item-stats/text.ini)
plugin: item-stats asset 'text.ini' not found (plugin_assets/item-stats/text.ini, plugins/assets/item-stats/text.ini)
plugin: item-stats asset 'text.ini' not found (plugin_assets/item-stats/text.ini, plugins/assets/item-stats/text.ini)
plugin: item-stats asset 'text.ini' not found (plugin_assets/item-stats/text.ini, plugins/assets/item-stats/text.ini)
plugin: item-stats asset 'text.ini' not found (plugin_assets/item-stats/text.ini, plugins/assets/item-stats/text.ini)
plugin: item-stats asset 'text.ini' not found (plugin_assets/item-stats/text.ini, plugins/assets/item-stats/text.ini)
plugin: item-stats asset 'text.ini' not found (plugin_assets/item-stats/text.ini, plugins/assets/item-stats/text.ini)
plugin: item-stats asset 'text.ini' not found (plugin_assets/item-stats/text.ini, plugins/assets/item-stats/text.ini)
plugin: item-stats asset 'text.ini' not found (plugin_assets/item-stats/text.ini, plugins/assets/item-stats/text.ini)
plugin: item-stats asset 'text.ini' not found (plugin_assets/item-stats/text.ini, plugins/assets/item-stats/text.ini)
plugin: item-stats asset 'text.ini' not found (plugin_assets/item-stats/text.ini, plugins/assets/item-stats/text.ini)
plugin: item-stats asset 'text.ini' not found (plugin_assets/item-stats/text.ini, plugins/assets/item-stats/text.ini)
plugin: item-stats asset 'text.ini' not found (plugin_assets/item-stats/text.ini, plugins/assets/item-stats/text.ini)
plugin: item-stats asset 'text.ini' not found (plugin_assets/item-stats/text.ini, plugins/assets/item-stats/text.ini)
plugin: item-stats asset 'text.ini' not found (plugin_assets/item-stats/text.ini, plugins/assets/item-stats/text.ini)
plugin: item-stats asset 'text.ini' not found (plugin_assets/item-stats/text.ini, plugins/assets/item-stats/text.ini)
plugin: item-stats asset 'text.ini' not found (plugin_assets/item-stats/text.ini, plugins/assets/item-stats/text.ini)
plugin: item-stats asset 'text.ini' not found (plugin_assets/item-stats/text.ini, plugins/assets/item-stats/text.ini)
plugin: item-stats asset 'text.ini' not found (plugin_assets/item-stats/text.ini, plugins/assets/item-stats/text.ini)
plugin: item-stats asset 'text.ini' not found (plugin_assets/item-stats/text.ini, plugins/assets/item-stats/text.ini)
plugin: item-stats asset 'text.ini' not found (plugin_assets/item-stats/text.ini, plugins/assets/item-stats/text.ini)
plugin: item-stats asset 'text.ini' not found (plugin_assets/item-stats/text.ini, plugins/assets/item-stats/text.ini)
plugin: item-stats asset 'text.ini' not found (plugin_assets/item-stats/text.ini, plugins/assets/item-stats/text.ini)
plugin: item-stats asset 'text.ini' not found (plugin_assets/item-stats/text.ini, plugins/assets/item-stats/text.ini)
plugin: item-stats asset 'text.ini' not found (plugin_assets/item-stats/text.ini, plugins/assets/item-stats/text.ini)
plugin: item-stats asset 'text.ini' not found (plugin_assets/item-stats/text.ini, plugins/assets/item-stats/text.ini)
plugin: item-stats asset 'text.ini' not found (plugin_assets/item-stats/text.ini, plugins/assets/item-stats/text.ini)
plugin: item-stats asset 'text.ini' not found (plugin_assets/item-stats/text.ini, plugins/assets/item-stats/text.ini)
plugin: item-stats asset 'text.ini' not found (plugin_assets/item-stats/text.ini, plugins/assets/item-stats/text.ini)
plugin: item-stats asset 'text.ini' not found (plugin_assets/item-stats/text.ini, plugins/assets/item-stats/text.ini)
plugin: item-stats asset 'text.ini' not found (plugin_assets/item-stats/text.ini, plugins/assets/item-stats/text.ini)
plugin: item-stats asset 'text.ini' not found (plugin_assets/item-stats/text.ini, plugins/assets/item-stats/text.ini)
plugin: item-stats asset 'text.ini' not found (plugin_assets/item-stats/text.ini, plugins/assets/item-stats/text.ini)
plugin: item-stats asset 'text.ini' not found (plugin_assets/item-stats/text.ini, plugins/assets/item-stats/text.ini)
plugin: item-stats asset 'text.ini' not found (plugin_assets/item-stats/text.ini, plugins/assets/item-stats/text.ini)
plugin: item-stats asset 'text.ini' not found (plugin_assets/item-stats/text.ini, plugins/assets/item-stats/text.ini)
plugin: item-stats asset 'text.ini' not found (plugin_assets/item-stats/text.ini, plugins/assets/item-stats/text.ini)
plugin: item-stats asset 'text.ini' not found (plugin_assets/item-stats/text.ini, plugins/assets/item-stats/text.ini)
plugin: item-stats asset 'text.ini' not found (plugin_assets/item-stats/text.ini, plugins/assets/item-stats/text.ini)
plugin: item-stats asset 'text.ini' not found (plugin_assets/item-stats/text.ini, plugins/assets/item-stats/text.ini)
plugin: item-stats asset 'text.ini' not found (plugin_assets/item-stats/text.ini, plugins/assets/item-stats/text.ini)
plugin: item-stats asset 'text.ini' not found (plugin_assets/item-stats/text.ini, plugins/assets/item-stats/text.ini)
plugin: item-stats asset 'text.ini' not found (plugin_assets/item-stats/text.ini, plugins/assets/item-stats/text.ini)
plugin: item-stats asset 'text.ini' not found (plugin_assets/item-stats/text.ini, plugins/assets/item-stats/text.ini)
plugin: item-stats asset 'text.ini' not found (plugin_assets/item-stats/text.ini, plugins/assets/item-stats/text.ini)
plugin: item-stats asset 'text.ini' not found (plugin_assets/item-stats/text.ini, plugins/assets/item-stats/text.ini)
plugin: item-stats asset 'text.ini' not found (plugin_assets/item-stats/text.ini, plugins/assets/item-stats/text.ini)
plugin: item-stats asset 'text.ini' not found (plugin_assets/item-stats/text.ini, plugins/assets/item-stats/text.ini)
plugin: item-stats asset 'text.ini' not found (plugin_assets/item-stats/text.ini, plugins/assets/item-stats/text.ini)
plugin: item-stats asset 'text.ini' not found (plugin_assets/item-stats/text.ini, plugins/assets/item-stats/text.ini)
plugin: item-stats asset 'text.ini' not found (plugin_assets/item-stats/text.ini, plugins/assets/item-stats/text.ini)
plugin: item-stats asset 'text.ini' not found (plugin_assets/item-stats/text.ini, plugins/assets/item-stats/text.ini)
plugin: item-stats asset 'text.ini' not found (plugin_assets/item-stats/text.ini, plugins/assets/item-stats/text.ini)
plugin: item-stats asset 'text.ini' not found (plugin_assets/item-stats/text.ini, plugins/assets/item-stats/text.ini)
plugin: item-stats asset 'text.ini' not found (plugin_assets/item-stats/text.ini, plugins/assets/item-stats/text.ini)
plugin: item-stats asset 'text.ini' not found (plugin_assets/item-stats/text.ini, plugins/assets/item-stats/text.ini)
plugin: item-stats asset 'text.ini' not found (plugin_assets/item-stats/text.ini, plugins/assets/item-stats/text.ini)
plugin: item-stats asset 'text.ini' not found (plugin_assets/item-stats/text.ini, plugins/assets/item-stats/text.ini)
torirs_perf: window=6 frame_p95=119.04ms
plugin: item-stats asset 'text.ini' not found (plugin_assets/item-stats/text.ini, plugins/assets/item-stats/text.ini)
plugin: item-stats asset 'text.ini' not found (plugin_assets/item-stats/text.ini, plugins/assets/item-stats/text.ini)
plugin: item-stats asset 'text.ini' not found (plugin_assets/item-stats/text.ini, plugins/assets/item-stats/text.ini)
plugin: item-stats asset 'text.ini' not found (plugin_assets/item-stats/text.ini, plugins/assets/item-stats/text.ini)
plugin: item-stats asset 'text.ini' not found (plugin_assets/item-stats/text.ini, plugins/assets/item-stats/text.ini)
plugin: item-stats asset 'text.ini' not found (plugin_assets/item-stats/text.ini, plugins/assets/item-stats/text.ini)
plugin: item-stats asset 'text.ini' not found (plugin_assets/item-stats/text.ini, plugins/assets/item-stats/text.ini)
plugin: item-stats asset 'text.ini' not found (plugin_assets/item-stats/text.ini, plugins/assets/item-stats/text.ini)
plugin: item-stats asset 'text.ini' not found (plugin_assets/item-stats/text.ini, plugins/assets/item-stats/text.ini)
plugin: item-stats asset 'text.ini' not found (plugin_assets/item-stats/text.ini, plugins/assets/item-stats/text.ini)
plugin: item-stats asset 'text.ini' not found (plugin_assets/item-stats/text.ini, plugins/assets/item-stats/text.ini)
plugin: item-stats asset 'text.ini' not found (plugin_assets/item-stats/text.ini, plugins/assets/item-stats/text.ini)
plugin: item-stats asset 'text.ini' not found (plugin_assets/item-stats/text.ini, plugins/assets/item-stats/text.ini)
plugin: item-stats asset 'text.ini' not found (plugin_assets/item-stats/text.ini, plugins/assets/item-stats/text.ini)
plugin: item-stats asset 'text.ini' not found (plugin_assets/item-stats/text.ini, plugins/assets/item-stats/text.ini)
plugin: item-stats asset 'text.ini' not found (plugin_assets/item-stats/text.ini, plugins/assets/item-stats/text.ini)
plugin: item-stats asset 'text.ini' not found (plugin_assets/item-stats/text.ini, plugins/assets/item-stats/text.ini)
plugin: item-stats asset 'text.ini' not found (plugin_assets/item-stats/text.ini, plugins/assets/item-stats/text.ini)
plugin: item-stats asset 'text.ini' not found (plugin_assets/item-stats/text.ini, plugins/assets/item-stats/text.ini)
plugin: item-stats asset 'text.ini' not found (plugin_assets/item-stats/text.ini, plugins/assets/item-stats/text.ini)
plugin: item-stats asset 'text.ini' not found (plugin_assets/item-stats/text.ini, plugins/assets/item-stats/text.ini)
plugin: item-stats asset 'text.ini' not found (plugin_assets/item-stats/text.ini, plugins/assets/item-stats/text.ini)
plugin: item-stats asset 'text.ini' not found (plugin_assets/item-stats/text.ini, plugins/assets/item-stats/text.ini)
plugin: item-stats asset 'text.ini' not found (plugin_assets/item-stats/text.ini, plugins/assets/item-stats/text.ini)
plugin: item-stats asset 'text.ini' not found (plugin_assets/item-stats/text.ini, plugins/assets/item-stats/text.ini)
plugin: item-stats asset 'text.ini' not found (plugin_assets/item-stats/text.ini, plugins/assets/item-stats/text.ini)
plugin: item-stats asset 'text.ini' not found (plugin_assets/item-stats/text.ini, plugins/assets/item-stats/text.ini)
plugin: item-stats asset 'text.ini' not found (plugin_assets/item-stats/text.ini, plugins/assets/item-stats/text.ini)
plugin: item-stats asset 'text.ini' not found (plugin_assets/item-stats/text.ini, plugins/assets/item-stats/text.ini)
plugin: item-stats asset 'text.ini' not found (plugin_assets/item-stats/text.ini, plugins/assets/item-stats/text.ini)
plugin: item-stats asset 'text.ini' not found (plugin_assets/item-stats/text.ini, plugins/assets/item-stats/text.ini)
plugin: item-stats asset 'text.ini' not found (plugin_assets/item-stats/text.ini, plugins/assets/item-stats/text.ini)
plugin: item-stats asset 'text.ini' not found (plugin_assets/item-stats/text.ini, plugins/assets/item-stats/text.ini)
plugin: item-stats asset 'text.ini' not found (plugin_assets/item-stats/text.ini, plugins/assets/item-stats/text.ini)
plugin: item-stats asset 'text.ini' not found (plugin_assets/item-stats/text.ini, plugins/assets/item-stats/text.ini)
plugin: item-stats asset 'text.ini' not found (plugin_assets/item-stats/text.ini, plugins/assets/item-stats/text.ini)
plugin: item-stats asset 'text.ini' not found (plugin_assets/item-stats/text.ini, plugins/assets/item-stats/text.ini)
plugin: item-stats asset 'text.ini' not found (plugin_assets/item-stats/text.ini, plugins/assets/item-stats/text.ini)
plugin: item-stats asset 'text.ini' not found (plugin_assets/item-stats/text.ini, plugins/assets/item-stats/text.ini)
plugin: item-stats asset 'text.ini' not found (plugin_assets/item-stats/text.ini, plugins/assets/item-stats/text.ini)
plugin: item-stats asset 'text.ini' not found (plugin_assets/item-stats/text.ini, plugins/assets/item-stats/text.ini)
plugin: item-stats asset 'text.ini' not found (plugin_assets/item-stats/text.ini, plugins/assets/item-stats/text.ini)
plugin: item-stats asset 'text.ini' not found (plugin_assets/item-stats/text.ini, plugins/assets/item-stats/text.ini)
plugin: item-stats asset 'text.ini' not found (plugin_assets/item-stats/text.ini, plugins/assets/item-stats/text.ini)
plugin: item-stats asset 'text.ini' not found (plugin_assets/item-stats/text.ini, plugins/assets/item-stats/text.ini)
plugin: item-stats asset 'text.ini' not found (plugin_assets/item-stats/text.ini, plugins/assets/item-stats/text.ini)
plugin: item-stats asset 'text.ini' not found (plugin_assets/item-stats/text.ini, plugins/assets/item-stats/text.ini)
plugin: item-stats asset 'text.ini' not found (plugin_assets/item-stats/text.ini, plugins/assets/item-stats/text.ini)
plugin: item-stats asset 'text.ini' not found (plugin_assets/item-stats/text.ini, plugins/assets/item-stats/text.ini)
plugin: item-stats asset 'text.ini' not found (plugin_assets/item-stats/text.ini, plugins/assets/item-stats/text.ini)
plugin: item-stats asset 'text.ini' not found (plugin_assets/item-stats/text.ini, plugins/assets/item-stats/text.ini)
plugin: item-stats asset 'text.ini' not found (plugin_assets/item-stats/text.ini, plugins/assets/item-stats/text.ini)
plugin: item-stats asset 'text.ini' not found (plugin_assets/item-stats/text.ini, plugins/assets/item-stats/text.ini)
plugin: item-stats asset 'text.ini' not found (plugin_assets/item-stats/text.ini, plugins/assets/item-stats/text.ini)
plugin: item-stats asset 'text.ini' not found (plugin_assets/item-stats/text.ini, plugins/assets/item-stats/text.ini)
plugin: item-stats asset 'text.ini' not found (plugin_assets/item-stats/text.ini, plugins/assets/item-stats/text.ini)
plugin: item-stats asset 'text.ini' not found (plugin_assets/item-stats/text.ini, plugins/assets/item-stats/text.ini)
plugin: item-stats asset 'text.ini' not found (plugin_assets/item-stats/text.ini, plugins/assets/item-stats/text.ini)
plugin: item-stats asset 'text.ini' not found (plugin_assets/item-stats/text.ini, plugins/assets/item-stats/text.ini)
plugin: item-stats asset 'text.ini' not found (plugin_assets/item-stats/text.ini, plugins/assets/item-stats/text.ini)
plugin: item-stats asset 'text.ini' not found (plugin_assets/item-stats/text.ini, plugins/assets/item-stats/text.ini)
plugin: item-stats asset 'text.ini' not found (plugin_assets/item-stats/text.ini, plugins/assets/item-stats/text.ini)
plugin: item-stats asset 'text.ini' not found (plugin_assets/item-stats/text.ini, plugins/assets/item-stats/text.ini)
plugin: item-stats asset 'text.ini' not found (plugin_assets/item-stats/text.ini, plugins/assets/item-stats/text.ini)
plugin: item-stats asset 'text.ini' not found (plugin_assets/item-stats/text.ini, plugins/assets/item-stats/text.ini)
plugin: item-stats asset 'text.ini' not found (plugin_assets/item-stats/text.ini, plugins/assets/item-stats/text.ini)
plugin: item-stats asset 'text.ini' not found (plugin_assets/item-stats/text.ini, plugins/assets/item-stats/text.ini)
plugin: item-stats asset 'text.ini' not found (plugin_assets/item-stats/text.ini, plugins/assets/item-stats/text.ini)
plugin: item-stats asset 'text.ini' not found (plugin_assets/item-stats/text.ini, plugins/assets/item-stats/text.ini)
plugin: item-stats asset 'text.ini' not found (plugin_assets/item-stats/text.ini, plugins/assets/item-stats/text.ini)
plugin: item-stats asset 'text.ini' not found (plugin_assets/item-stats/text.ini, plugins/assets/item-stats/text.ini)
plugin: item-stats asset 'text.ini' not found (plugin_assets/item-stats/text.ini, plugins/assets/item-stats/text.ini)
plugin: item-stats asset 'text.ini' not found (plugin_assets/item-stats/text.ini, plugins/assets/item-stats/text.ini)
plugin: item-stats asset 'text.ini' not found (plugin_assets/item-stats/text.ini, plugins/assets/item-stats/text.ini)
plugin: item-stats asset 'text.ini' not found (plugin_assets/item-stats/text.ini, plugins/assets/item-stats/text.ini)
plugin: item-stats asset 'text.ini' not found (plugin_assets/item-stats/text.ini, plugins/assets/item-stats/text.ini)
plugin: item-stats asset 'text.ini' not found (plugin_assets/item-stats/text.ini, plugins/assets/item-stats/text.ini)
plugin: item-stats asset 'text.ini' not found (plugin_assets/item-stats/text.ini, plugins/assets/item-stats/text.ini)
plugin: item-stats asset 'text.ini' not found (plugin_assets/item-stats/text.ini, plugins/assets/item-stats/text.ini)
plugin: item-stats asset 'text.ini' not found (plugin_assets/item-stats/text.ini, plugins/assets/item-stats/text.ini)
plugin: item-stats asset 'text.ini' not found (plugin_assets/item-stats/text.ini, plugins/assets/item-stats/text.ini)
plugin: item-stats asset 'text.ini' not found (plugin_assets/item-stats/text.ini, plugins/assets/item-stats/text.ini)
plugin: item-stats asset 'text.ini' not found (plugin_assets/item-stats/text.ini, plugins/assets/item-stats/text.ini)
plugin: item-stats asset 'text.ini' not found (plugin_assets/item-stats/text.ini, plugins/assets/item-stats/text.ini)
plugin: item-stats asset 'text.ini' not found (plugin_assets/item-stats/text.ini, plugins/assets/item-stats/text.ini)
plugin: item-stats asset 'text.ini' not found (plugin_assets/item-stats/text.ini, plugins/assets/item-stats/text.ini)
plugin: item-stats asset 'text.ini' not found (plugin_assets/item-stats/text.ini, plugins/assets/item-stats/text.ini)
plugin: item-stats asset 'text.ini' not found (plugin_assets/item-stats/text.ini, plugins/assets/item-stats/text.ini)
plugin: item-stats asset 'text.ini' not found (plugin_assets/item-stats/text.ini, plugins/assets/item-stats/text.ini)
plugin: item-stats asset 'text.ini' not found (plugin_assets/item-stats/text.ini, plugins/assets/item-stats/text.ini)
plugin: item-stats asset 'text.ini' not found (plugin_assets/item-stats/text.ini, plugins/assets/item-stats/text.ini)
plugin: item-stats asset 'text.ini' not found (plugin_assets/item-stats/text.ini, plugins/assets/item-stats/text.ini)
plugin: item-stats asset 'text.ini' not found (plugin_assets/item-stats/text.ini, plugins/assets/item-stats/text.ini)
plugin: item-stats asset 'text.ini' not found (plugin_assets/item-stats/text.ini, plugins/assets/item-stats/text.ini)
plugin: item-stats asset 'text.ini' not found (plugin_assets/item-stats/text.ini, plugins/assets/item-stats/text.ini)
plugin: item-stats asset 'text.ini' not found (plugin_assets/item-stats/text.ini, plugins/assets/item-stats/text.ini)
plugin: item-stats asset 'text.ini' not found (plugin_assets/item-stats/text.ini, plugins/assets/item-stats/text.ini)
plugin: item-stats asset 'text.ini' not found (plugin_assets/item-stats/text.ini, plugins/assets/item-stats/text.ini)
plugin: item-stats asset 'text.ini' not found (plugin_assets/item-stats/text.ini, plugins/assets/item-stats/text.ini)
plugin: item-stats asset 'text.ini' not found (plugin_assets/item-stats/text.ini, plugins/assets/item-stats/text.ini)
torirs_perf: window=7 frame_p95=97.45ms
plugin: item-stats asset 'text.ini' not found (plugin_assets/item-stats/text.ini, plugins/assets/item-stats/text.ini)
plugin: item-stats asset 'text.ini' not found (plugin_assets/item-stats/text.ini, plugins/assets/item-stats/text.ini)
plugin: item-stats asset 'text.ini' not found (plugin_assets/item-stats/text.ini, plugins/assets/item-stats/text.ini)
plugin: item-stats asset 'text.ini' not found (plugin_assets/item-stats/text.ini, plugins/assets/item-stats/text.ini)
plugin: item-stats asset 'text.ini' not found (plugin_assets/item-stats/text.ini, plugins/assets/item-stats/text.ini)
plugin: item-stats asset 'text.ini' not found (plugin_assets/item-stats/text.ini, plugins/assets/item-stats/text.ini)
plugin: item-stats asset 'text.ini' not found (plugin_assets/item-stats/text.ini, plugins/assets/item-stats/text.ini)
plugin: item-stats asset 'text.ini' not found (plugin_assets/item-stats/text.ini, plugins/assets/item-stats/text.ini)
plugin: item-stats asset 'text.ini' not found (plugin_assets/item-stats/text.ini, plugins/assets/item-stats/text.ini)
plugin: item-stats asset 'text.ini' not found (plugin_assets/item-stats/text.ini, plugins/assets/item-stats/text.ini)
plugin: item-stats asset 'text.ini' not found (plugin_assets/item-stats/text.ini, plugins/assets/item-stats/text.ini)
plugin: item-stats asset 'text.ini' not found (plugin_assets/item-stats/text.ini, plugins/assets/item-stats/text.ini)
plugin: item-stats asset 'text.ini' not found (plugin_assets/item-stats/text.ini, plugins/assets/item-stats/text.ini)
plugin: item-stats asset 'text.ini' not found (plugin_assets/item-stats/text.ini, plugins/assets/item-stats/text.ini)
plugin: item-stats asset 'text.ini' not found (plugin_assets/item-stats/text.ini, plugins/assets/item-stats/text.ini)
plugin: item-stats asset 'text.ini' not found (plugin_assets/item-stats/text.ini, plugins/assets/item-stats/text.ini)
plugin: item-stats asset 'text.ini' not found (plugin_assets/item-stats/text.ini, plugins/assets/item-stats/text.ini)
plugin: item-stats asset 'text.ini' not found (plugin_assets/item-stats/text.ini, plugins/assets/item-stats/text.ini)
plugin: item-stats asset 'text.ini' not found (plugin_assets/item-stats/text.ini, plugins/assets/item-stats/text.ini)
plugin: item-stats asset 'text.ini' not found (plugin_assets/item-stats/text.ini, plugins/assets/item-stats/text.ini)
plugin: item-stats asset 'text.ini' not found (plugin_assets/item-stats/text.ini, plugins/assets/item-stats/text.ini)
plugin: item-stats asset 'text.ini' not found (plugin_assets/item-stats/text.ini, plugins/assets/item-stats/text.ini)
plugin: item-stats asset 'text.ini' not found (plugin_assets/item-stats/text.ini, plugins/assets/item-stats/text.ini)
plugin: item-stats asset 'text.ini' not found (plugin_assets/item-stats/text.ini, plugins/assets/item-stats/text.ini)
plugin: item-stats asset 'text.ini' not found (plugin_assets/item-stats/text.ini, plugins/assets/item-stats/text.ini)
plugin: item-stats asset 'text.ini' not found (plugin_assets/item-stats/text.ini, plugins/assets/item-stats/text.ini)
plugin: item-stats asset 'text.ini' not found (plugin_assets/item-stats/text.ini, plugins/assets/item-stats/text.ini)
plugin: item-stats asset 'text.ini' not found (plugin_assets/item-stats/text.ini, plugins/assets/item-stats/text.ini)
plugin: item-stats asset 'text.ini' not found (plugin_assets/item-stats/text.ini, plugins/assets/item-stats/text.ini)
plugin: item-stats asset 'text.ini' not found (plugin_assets/item-stats/text.ini, plugins/assets/item-stats/text.ini)
plugin: item-stats asset 'text.ini' not found (plugin_assets/item-stats/text.ini, plugins/assets/item-stats/text.ini)
plugin: item-stats asset 'text.ini' not found (plugin_assets/item-stats/text.ini, plugins/assets/item-stats/text.ini)
plugin: item-stats asset 'text.ini' not found (plugin_assets/item-stats/text.ini, plugins/assets/item-stats/text.ini)
plugin: item-stats asset 'text.ini' not found (plugin_assets/item-stats/text.ini, plugins/assets/item-stats/text.ini)
plugin: item-stats asset 'text.ini' not found (plugin_assets/item-stats/text.ini, plugins/assets/item-stats/text.ini)
plugin: item-stats asset 'text.ini' not found (plugin_assets/item-stats/text.ini, plugins/assets/item-stats/text.ini)
plugin: item-stats asset 'text.ini' not found (plugin_assets/item-stats/text.ini, plugins/assets/item-stats/text.ini)
plugin: item-stats asset 'text.ini' not found (plugin_assets/item-stats/text.ini, plugins/assets/item-stats/text.ini)
plugin: item-stats asset 'text.ini' not found (plugin_assets/item-stats/text.ini, plugins/assets/item-stats/text.ini)
plugin: item-stats asset 'text.ini' not found (plugin_assets/item-stats/text.ini, plugins/assets/item-stats/text.ini)
plugin: item-stats asset 'text.ini' not found (plugin_assets/item-stats/text.ini, plugins/assets/item-stats/text.ini)
plugin: item-stats asset 'text.ini' not found (plugin_assets/item-stats/text.ini, plugins/assets/item-stats/text.ini)
plugin: item-stats asset 'text.ini' not found (plugin_assets/item-stats/text.ini, plugins/assets/item-stats/text.ini)
plugin: item-stats asset 'text.ini' not found (plugin_assets/item-stats/text.ini, plugins/assets/item-stats/text.ini)
plugin: item-stats asset 'text.ini' not found (plugin_assets/item-stats/text.ini, plugins/assets/item-stats/text.ini)
plugin: item-stats asset 'text.ini' not found (plugin_assets/item-stats/text.ini, plugins/assets/item-stats/text.ini)
plugin: item-stats asset 'text.ini' not found (plugin_assets/item-stats/text.ini, plugins/assets/item-stats/text.ini)
plugin: item-stats asset 'text.ini' not found (plugin_assets/item-stats/text.ini, plugins/assets/item-stats/text.ini)
plugin: item-stats asset 'text.ini' not found (plugin_assets/item-stats/text.ini, plugins/assets/item-stats/text.ini)
plugin: item-stats asset 'text.ini' not found (plugin_assets/item-stats/text.ini, plugins/assets/item-stats/text.ini)
plugin: item-stats asset 'text.ini' not found (plugin_assets/item-stats/text.ini, plugins/assets/item-stats/text.ini)
plugin: item-stats asset 'text.ini' not found (plugin_assets/item-stats/text.ini, plugins/assets/item-stats/text.ini)
plugin: item-stats asset 'text.ini' not found (plugin_assets/item-stats/text.ini, plugins/assets/item-stats/text.ini)
plugin: item-stats asset 'text.ini' not found (plugin_assets/item-stats/text.ini, plugins/assets/item-stats/text.ini)
plugin: item-stats asset 'text.ini' not found (plugin_assets/item-stats/text.ini, plugins/assets/item-stats/text.ini)
plugin: item-stats asset 'text.ini' not found (plugin_assets/item-stats/text.ini, plugins/assets/item-stats/text.ini)
plugin: item-stats asset 'text.ini' not found (plugin_assets/item-stats/text.ini, plugins/assets/item-stats/text.ini)
plugin: item-stats asset 'text.ini' not found (plugin_assets/item-stats/text.ini, plugins/assets/item-stats/text.ini)
plugin: item-stats asset 'text.ini' not found (plugin_assets/item-stats/text.ini, plugins/assets/item-stats/text.ini)
plugin: item-stats asset 'text.ini' not found (plugin_assets/item-stats/text.ini, plugins/assets/item-stats/text.ini)
plugin: item-stats asset 'text.ini' not found (plugin_assets/item-stats/text.ini, plugins/assets/item-stats/text.ini)
plugin: item-stats asset 'text.ini' not found (plugin_assets/item-stats/text.ini, plugins/assets/item-stats/text.ini)
plugin: item-stats asset 'text.ini' not found (plugin_assets/item-stats/text.ini, plugins/assets/item-stats/text.ini)
plugin: item-stats asset 'text.ini' not found (plugin_assets/item-stats/text.ini, plugins/assets/item-stats/text.ini)
plugin: item-stats asset 'text.ini' not found (plugin_assets/item-stats/text.ini, plugins/assets/item-stats/text.ini)
plugin: item-stats asset 'text.ini' not found (plugin_assets/item-stats/text.ini, plugins/assets/item-stats/text.ini)
plugin: item-stats asset 'text.ini' not found (plugin_assets/item-stats/text.ini, plugins/assets/item-stats/text.ini)
plugin: item-stats asset 'text.ini' not found (plugin_assets/item-stats/text.ini, plugins/assets/item-stats/text.ini)
plugin: item-stats asset 'text.ini' not found (plugin_assets/item-stats/text.ini, plugins/assets/item-stats/text.ini)
plugin: item-stats asset 'text.ini' not found (plugin_assets/item-stats/text.ini, plugins/assets/item-stats/text.ini)
plugin: item-stats asset 'text.ini' not found (plugin_assets/item-stats/text.ini, plugins/assets/item-stats/text.ini)
plugin: item-stats asset 'text.ini' not found (plugin_assets/item-stats/text.ini, plugins/assets/item-stats/text.ini)
plugin: item-stats asset 'text.ini' not found (plugin_assets/item-stats/text.ini, plugins/assets/item-stats/text.ini)
plugin: item-stats asset 'text.ini' not found (plugin_assets/item-stats/text.ini, plugins/assets/item-stats/text.ini)
plugin: item-stats asset 'text.ini' not found (plugin_assets/item-stats/text.ini, plugins/assets/item-stats/text.ini)
plugin: item-stats asset 'text.ini' not found (plugin_assets/item-stats/text.ini, plugins/assets/item-stats/text.ini)
plugin: item-stats asset 'text.ini' not found (plugin_assets/item-stats/text.ini, plugins/assets/item-stats/text.ini)
plugin: item-stats asset 'text.ini' not found (plugin_assets/item-stats/text.ini, plugins/assets/item-stats/text.ini)
plugin: item-stats asset 'text.ini' not found (plugin_assets/item-stats/text.ini, plugins/assets/item-stats/text.ini)
plugin: item-stats asset 'text.ini' not found (plugin_assets/item-stats/text.ini, plugins/assets/item-stats/text.ini)
plugin: item-stats asset 'text.ini' not found (plugin_assets/item-stats/text.ini, plugins/assets/item-stats/text.ini)
plugin: item-stats asset 'text.ini' not found (plugin_assets/item-stats/text.ini, plugins/assets/item-stats/text.ini)
plugin: item-stats asset 'text.ini' not found (plugin_assets/item-stats/text.ini, plugins/assets/item-stats/text.ini)
plugin: item-stats asset 'text.ini' not found (plugin_assets/item-stats/text.ini, plugins/assets/item-stats/text.ini)
plugin: item-stats asset 'text.ini' not found (plugin_assets/item-stats/text.ini, plugins/assets/item-stats/text.ini)
plugin: item-stats asset 'text.ini' not found (plugin_assets/item-stats/text.ini, plugins/assets/item-stats/text.ini)
plugin: item-stats asset 'text.ini' not found (plugin_assets/item-stats/text.ini, plugins/assets/item-stats/text.ini)
plugin: item-stats asset 'text.ini' not found (plugin_assets/item-stats/text.ini, plugins/assets/item-stats/text.ini)
plugin: item-stats asset 'text.ini' not found (plugin_assets/item-stats/text.ini, plugins/assets/item-stats/text.ini)
plugin: item-stats asset 'text.ini' not found (plugin_assets/item-stats/text.ini, plugins/assets/item-stats/text.ini)
plugin: item-stats asset 'text.ini' not found (plugin_assets/item-stats/text.ini, plugins/assets/item-stats/text.ini)
plugin: item-stats asset 'text.ini' not found (plugin_assets/item-stats/text.ini, plugins/assets/item-stats/text.ini)
plugin: item-stats asset 'text.ini' not found (plugin_assets/item-stats/text.ini, plugins/assets/item-stats/text.ini)
plugin: item-stats asset 'text.ini' not found (plugin_assets/item-stats/text.ini, plugins/assets/item-stats/text.ini)
plugin: item-stats asset 'text.ini' not found (plugin_assets/item-stats/text.ini, plugins/assets/item-stats/text.ini)
plugin: item-stats asset 'text.ini' not found (plugin_assets/item-stats/text.ini, plugins/assets/item-stats/text.ini)
plugin: item-stats asset 'text.ini' not found (plugin_assets/item-stats/text.ini, plugins/assets/item-stats/text.ini)
plugin: item-stats asset 'text.ini' not found (plugin_assets/item-stats/text.ini, plugins/assets/item-stats/text.ini)
plugin: item-stats asset 'text.ini' not found (plugin_assets/item-stats/text.ini, plugins/assets/item-stats/text.ini)
plugin: item-stats asset 'text.ini' not found (plugin_assets/item-stats/text.ini, plugins/assets/item-stats/text.ini)
torirs_perf: window=8 frame_p95=107.15ms
plugin: item-stats asset 'text.ini' not found (plugin_assets/item-stats/text.ini, plugins/assets/item-stats/text.ini)
plugin: item-stats asset 'text.ini' not found (plugin_assets/item-stats/text.ini, plugins/assets/item-stats/text.ini)
plugin: item-stats asset 'text.ini' not found (plugin_assets/item-stats/text.ini, plugins/assets/item-stats/text.ini)
plugin: item-stats asset 'text.ini' not found (plugin_assets/item-stats/text.ini, plugins/assets/item-stats/text.ini)
plugin: item-stats asset 'text.ini' not found (plugin_assets/item-stats/text.ini, plugins/assets/item-stats/text.ini)
plugin: item-stats asset 'text.ini' not found (plugin_assets/item-stats/text.ini, plugins/assets/item-stats/text.ini)
plugin: item-stats asset 'text.ini' not found (plugin_assets/item-stats/text.ini, plugins/assets/item-stats/text.ini)
plugin: item-stats asset 'text.ini' not found (plugin_assets/item-stats/text.ini, plugins/assets/item-stats/text.ini)
plugin: item-stats asset 'text.ini' not found (plugin_assets/item-stats/text.ini, plugins/assets/item-stats/text.ini)
plugin: item-stats asset 'text.ini' not found (plugin_assets/item-stats/text.ini, plugins/assets/item-stats/text.ini)
plugin: item-stats asset 'text.ini' not found (plugin_assets/item-stats/text.ini, plugins/assets/item-stats/text.ini)
plugin: item-stats asset 'text.ini' not found (plugin_assets/item-stats/text.ini, plugins/assets/item-stats/text.ini)
plugin: item-stats asset 'text.ini' not found (plugin_assets/item-stats/text.ini, plugins/assets/item-stats/text.ini)
plugin: item-stats asset 'text.ini' not found (plugin_assets/item-stats/text.ini, plugins/assets/item-stats/text.ini)
plugin: item-stats asset 'text.ini' not found (plugin_assets/item-stats/text.ini, plugins/assets/item-stats/text.ini)
plugin: item-stats asset 'text.ini' not found (plugin_assets/item-stats/text.ini, plugins/assets/item-stats/text.ini)
plugin: item-stats asset 'text.ini' not found (plugin_assets/item-stats/text.ini, plugins/assets/item-stats/text.ini)
plugin: item-stats asset 'text.ini' not found (plugin_assets/item-stats/text.ini, plugins/assets/item-stats/text.ini)
plugin: item-stats asset 'text.ini' not found (plugin_assets/item-stats/text.ini, plugins/assets/item-stats/text.ini)
plugin: item-stats asset 'text.ini' not found (plugin_assets/item-stats/text.ini, plugins/assets/item-stats/text.ini)
plugin: item-stats asset 'text.ini' not found (plugin_assets/item-stats/text.ini, plugins/assets/item-stats/text.ini)
plugin: item-stats asset 'text.ini' not found (plugin_assets/item-stats/text.ini, plugins/assets/item-stats/text.ini)
plugin: item-stats asset 'text.ini' not found (plugin_assets/item-stats/text.ini, plugins/assets/item-stats/text.ini)
plugin: item-stats asset 'text.ini' not found (plugin_assets/item-stats/text.ini, plugins/assets/item-stats/text.ini)
plugin: item-stats asset 'text.ini' not found (plugin_assets/item-stats/text.ini, plugins/assets/item-stats/text.ini)
plugin: item-stats asset 'text.ini' not found (plugin_assets/item-stats/text.ini, plugins/assets/item-stats/text.ini)
plugin: item-stats asset 'text.ini' not found (plugin_assets/item-stats/text.ini, plugins/assets/item-stats/text.ini)
plugin: item-stats asset 'text.ini' not found (plugin_assets/item-stats/text.ini, plugins/assets/item-stats/text.ini)
plugin: item-stats asset 'text.ini' not found (plugin_assets/item-stats/text.ini, plugins/assets/item-stats/text.ini)
plugin: item-stats asset 'text.ini' not found (plugin_assets/item-stats/text.ini, plugins/assets/item-stats/text.ini)
plugin: item-stats asset 'text.ini' not found (plugin_assets/item-stats/text.ini, plugins/assets/item-stats/text.ini)
plugin: item-stats asset 'text.ini' not found (plugin_assets/item-stats/text.ini, plugins/assets/item-stats/text.ini)
plugin: item-stats asset 'text.ini' not found (plugin_assets/item-stats/text.ini, plugins/assets/item-stats/text.ini)
plugin: item-stats asset 'text.ini' not found (plugin_assets/item-stats/text.ini, plugins/assets/item-stats/text.ini)
plugin: item-stats asset 'text.ini' not found (plugin_assets/item-stats/text.ini, plugins/assets/item-stats/text.ini)
plugin: item-stats asset 'text.ini' not found (plugin_assets/item-stats/text.ini, plugins/assets/item-stats/text.ini)
plugin: item-stats asset 'text.ini' not found (plugin_assets/item-stats/text.ini, plugins/assets/item-stats/text.ini)
plugin: item-stats asset 'text.ini' not found (plugin_assets/item-stats/text.ini, plugins/assets/item-stats/text.ini)
plugin: item-stats asset 'text.ini' not found (plugin_assets/item-stats/text.ini, plugins/assets/item-stats/text.ini)
plugin: item-stats asset 'text.ini' not found (plugin_assets/item-stats/text.ini, plugins/assets/item-stats/text.ini)
plugin: item-stats asset 'text.ini' not found (plugin_assets/item-stats/text.ini, plugins/assets/item-stats/text.ini)
plugin: item-stats asset 'text.ini' not found (plugin_assets/item-stats/text.ini, plugins/assets/item-stats/text.ini)
plugin: item-stats asset 'text.ini' not found (plugin_assets/item-stats/text.ini, plugins/assets/item-stats/text.ini)
plugin: item-stats asset 'text.ini' not found (plugin_assets/item-stats/text.ini, plugins/assets/item-stats/text.ini)
plugin: item-stats asset 'text.ini' not found (plugin_assets/item-stats/text.ini, plugins/assets/item-stats/text.ini)
plugin: item-stats asset 'text.ini' not found (plugin_assets/item-stats/text.ini, plugins/assets/item-stats/text.ini)
plugin: item-stats asset 'text.ini' not found (plugin_assets/item-stats/text.ini, plugins/assets/item-stats/text.ini)
plugin: item-stats asset 'text.ini' not found (plugin_assets/item-stats/text.ini, plugins/assets/item-stats/text.ini)
plugin: item-stats asset 'text.ini' not found (plugin_assets/item-stats/text.ini, plugins/assets/item-stats/text.ini)
plugin: item-stats asset 'text.ini' not found (plugin_assets/item-stats/text.ini, plugins/assets/item-stats/text.ini)
plugin: item-stats asset 'text.ini' not found (plugin_assets/item-stats/text.ini, plugins/assets/item-stats/text.ini)
plugin: item-stats asset 'text.ini' not found (plugin_assets/item-stats/text.ini, plugins/assets/item-stats/text.ini)
plugin: item-stats asset 'text.ini' not found (plugin_assets/item-stats/text.ini, plugins/assets/item-stats/text.ini)
plugin: item-stats asset 'text.ini' not found (plugin_assets/item-stats/text.ini, plugins/assets/item-stats/text.ini)
plugin: item-stats asset 'text.ini' not found (plugin_assets/item-stats/text.ini, plugins/assets/item-stats/text.ini)
plugin: item-stats asset 'text.ini' not found (plugin_assets/item-stats/text.ini, plugins/assets/item-stats/text.ini)
plugin: item-stats asset 'text.ini' not found (plugin_assets/item-stats/text.ini, plugins/assets/item-stats/text.ini)
plugin: item-stats asset 'text.ini' not found (plugin_assets/item-stats/text.ini, plugins/assets/item-stats/text.ini)
plugin: item-stats asset 'text.ini' not found (plugin_assets/item-stats/text.ini, plugins/assets/item-stats/text.ini)
plugin: item-stats asset 'text.ini' not found (plugin_assets/item-stats/text.ini, plugins/assets/item-stats/text.ini)
plugin: item-stats asset 'text.ini' not found (plugin_assets/item-stats/text.ini, plugins/assets/item-stats/text.ini)
plugin: item-stats asset 'text.ini' not found (plugin_assets/item-stats/text.ini, plugins/assets/item-stats/text.ini)
plugin: item-stats asset 'text.ini' not found (plugin_assets/item-stats/text.ini, plugins/assets/item-stats/text.ini)
plugin: item-stats asset 'text.ini' not found (plugin_assets/item-stats/text.ini, plugins/assets/item-stats/text.ini)
plugin: item-stats asset 'text.ini' not found (plugin_assets/item-stats/text.ini, plugins/assets/item-stats/text.ini)
plugin: item-stats asset 'text.ini' not found (plugin_assets/item-stats/text.ini, plugins/assets/item-stats/text.ini)
plugin: item-stats asset 'text.ini' not found (plugin_assets/item-stats/text.ini, plugins/assets/item-stats/text.ini)
plugin: item-stats asset 'text.ini' not found (plugin_assets/item-stats/text.ini, plugins/assets/item-stats/text.ini)
plugin: item-stats asset 'text.ini' not found (plugin_assets/item-stats/text.ini, plugins/assets/item-stats/text.ini)
plugin: item-stats asset 'text.ini' not found (plugin_assets/item-stats/text.ini, plugins/assets/item-stats/text.ini)
plugin: item-stats asset 'text.ini' not found (plugin_assets/item-stats/text.ini, plugins/assets/item-stats/text.ini)
plugin: item-stats asset 'text.ini' not found (plugin_assets/item-stats/text.ini, plugins/assets/item-stats/text.ini)
plugin: item-stats asset 'text.ini' not found (plugin_assets/item-stats/text.ini, plugins/assets/item-stats/text.ini)
plugin: item-stats asset 'text.ini' not found (plugin_assets/item-stats/text.ini, plugins/assets/item-stats/text.ini)
plugin: item-stats asset 'text.ini' not found (plugin_assets/item-stats/text.ini, plugins/assets/item-stats/text.ini)
plugin: item-stats asset 'text.ini' not found (plugin_assets/item-stats/text.ini, plugins/assets/item-stats/text.ini)
plugin: item-stats asset 'text.ini' not found (plugin_assets/item-stats/text.ini, plugins/assets/item-stats/text.ini)
plugin: item-stats asset 'text.ini' not found (plugin_assets/item-stats/text.ini, plugins/assets/item-stats/text.ini)
plugin: item-stats asset 'text.ini' not found (plugin_assets/item-stats/text.ini, plugins/assets/item-stats/text.ini)
plugin: item-stats asset 'text.ini' not found (plugin_assets/item-stats/text.ini, plugins/assets/item-stats/text.ini)
plugin: item-stats asset 'text.ini' not found (plugin_assets/item-stats/text.ini, plugins/assets/item-stats/text.ini)
plugin: item-stats asset 'text.ini' not found (plugin_assets/item-stats/text.ini, plugins/assets/item-stats/text.ini)
plugin: item-stats asset 'text.ini' not found (plugin_assets/item-stats/text.ini, plugins/assets/item-stats/text.ini)
plugin: item-stats asset 'text.ini' not found (plugin_assets/item-stats/text.ini, plugins/assets/item-stats/text.ini)
plugin: item-stats asset 'text.ini' not found (plugin_assets/item-stats/text.ini, plugins/assets/item-stats/text.ini)
plugin: item-stats asset 'text.ini' not found (plugin_assets/item-stats/text.ini, plugins/assets/item-stats/text.ini)
plugin: item-stats asset 'text.ini' not found (plugin_assets/item-stats/text.ini, plugins/assets/item-stats/text.ini)
plugin: item-stats asset 'text.ini' not found (plugin_assets/item-stats/text.ini, plugins/assets/item-stats/text.ini)
plugin: item-stats asset 'text.ini' not found (plugin_assets/item-stats/text.ini, plugins/assets/item-stats/text.ini)
plugin: item-stats asset 'text.ini' not found (plugin_assets/item-stats/text.ini, plugins/assets/item-stats/text.ini)
plugin: item-stats asset 'text.ini' not found (plugin_assets/item-stats/text.ini, plugins/assets/item-stats/text.ini)
plugin: item-stats asset 'text.ini' not found (plugin_assets/item-stats/text.ini, plugins/assets/item-stats/text.ini)
plugin: item-stats asset 'text.ini' not found (plugin_assets/item-stats/text.ini, plugins/assets/item-stats/text.ini)
plugin: item-stats asset 'text.ini' not found (plugin_assets/item-stats/text.ini, plugins/assets/item-stats/text.ini)
plugin: item-stats asset 'text.ini' not found (plugin_assets/item-stats/text.ini, plugins/assets/item-stats/text.ini)
plugin: item-stats asset 'text.ini' not found (plugin_assets/item-stats/text.ini, plugins/assets/item-stats/text.ini)
plugin: item-stats asset 'text.ini' not found (plugin_assets/item-stats/text.ini, plugins/assets/item-stats/text.ini)
plugin: item-stats asset 'text.ini' not found (plugin_assets/item-stats/text.ini, plugins/assets/item-stats/text.ini)
plugin: item-stats asset 'text.ini' not found (plugin_assets/item-stats/text.ini, plugins/assets/item-stats/text.ini)
plugin: item-stats asset 'text.ini' not found (plugin_assets/item-stats/text.ini, plugins/assets/item-stats/text.ini)
Connection in progress to 10.10.10.1:43595
Connection completed
app: map archives are unencrypted at this revision
app: cache profile epoch=dat2 game=oldschool revision=239 quirks=none
Connection in progress to 10.10.10.1:43595
Connection completed
Connection in progress to 10.10.10.1:43596
Connection completed
varp load: 5725 types (5725 records, ids 0..5724)
varbit load: 20411 types (19086 records, ids 0..20410)
hitsplat load: 83 types (83 records, 34 var selectors)
healthbar load: 85 types (85 records)
soundscape load: 11 ids (10 records)
RevConfigBuild done: iface=161 ui=- inline=build/manifests/osrs239-xp-js5.ini tree_components=1073 sprites=0 fonts=0 onloads=6 inv_hooks=0 var_hooks=6 mounts=0
RevConfigBuild done: iface=548 ui=- inline=build/manifests/osrs239-xp-js5.ini tree_components=1075 sprites=0 fonts=0 onloads=1 inv_hooks=0 var_hooks=6 mounts=0
torirs_perf: window=9 frame_p95=104.26ms

=== torirs_perf report ===
frames=1000 ring=1000 over_20ms=978 (97.8%) eff_fps=10.8
frame_ns mean=92946873 p50=78262182 p95=104942109 max=6336432423  (budget=20000000)
main_thread_cpu_ns mean=74281250 p50=62500000 p95=78125000 max=5312500000  (clock=GetThreadTimes distribution=coarse_direct raw_total=74281250000)

stage           mean_ns     p50_ns     p95_ns     max_ns
async           2601138     221257     246959 2026664282
logic          34443846   22578847   40271040 6046704819
cs2            33454197   21677616   39468425 6044705123
layout            14473      14526      18159      31287
interact         469098     415975     443911   16194517
emit            3602791    2857067   15573767   32461668
paint           1495726    1088686    1164394   33614608
build           1503384    1096508    1172495   33622988
render         42818141   46222913   54158838  331270595
pick_finish           0          0          0          0
present         1471782    1172495    1236470   41200208
server                0          0          0          0
platform_poll     122671      16483      88559   93911656
command_drain     487957       6146     121524  106477778
app_run        43891590   30964271   49478355 6275188327
frame_post      1437378    1078070    1151823   26391622
input_prep       158950      36597     108952   94133193
surface_sync      73007       6984       7263   53160108
display        46264394   49074394   59206128  333396563
window_sync      536079     435531     460673   17625145
pace             301915       4000       4000   22728000
period         93251267   78364000  105661000 6336492000
cs2_settle     23063707   20125741   36623369  487943858
ui_icon           40554          0          0   40554593
tick_packets    9501805     183265     513753 5552953238
cs2_settle_layout      11585      11454      14805      53079
present_fill       3450       3353       3632      39669
present_blit    1457170    1155734    1220267   41183167
cs2_host_op     5564521    3171896   16959983  990059854
cs2_settle_followups      17393      17320      21791     100571
cs2_script     11733838    7007318   22794519 1863816255
task_queue_run   21661576   11702885   29416866 3821747462
cs2_task_start    2032065    1389561    2496126   29418265
cs2_script_in   12535916    7830325   23772018 1806491068
task_io         6090621     376026     515986 2408693275
r_clear          951041     725511     797029   27953274
r_model        29971607   24240237   42609034  132884781
r_sprite        3130182    2422089    5963046   26715408
r_font           448609     350601     385247   22461233
r_rect           110534      64813      69004   16382805
r_other          260625     109791     117333  100397631
residual     -344039710  (frame_mean - attributed stages)

counter                                 total    per_frame
uitree_find_id                         867559       867.56
uitree_find_id_probes                 1354675      1354.67
uitree_find_id_linear                      59         0.06
uitree_id_rebuild                          39         0.04
uitree_find_child                       64839        64.84
uitree_find_child_hit                   21733        21.73
uitree_find_child_ceil_miss             42369        42.37
uitree_walk_emit                      2765648      2765.65
uitree_walk_hit                        832870       832.87
uitree_walk_hover                      146008       146.01
uitree_emit_skip                      2143130      2143.13
uitree_layout_resolve                    9119         9.12
uitree_layout_skip                       4119         4.12
uitree_layout_nodes                  35478464     35478.46
uitree_layout_node_skip              35335293     35335.29
uitree_layout_depth_recompute            4020         4.02
uitree_ensure_layout                    90455        90.45
uitree_cc_create                        42534        42.53
uitree_cc_delete                            8         0.01
uitree_cc_deleteall                      4259         4.26
uitree_cc_deleteall_rows                36092        36.09
uitree_apply_geo                        95643        95.64
uitree_apply_content                    92051        92.05
uitree_apply_hook                       16545        16.55
uitree_apply_hook_skip                  13165        13.16
uitree_apply_other                      24090        24.09
uitree_apply_nochange                   39956        39.96
uitree_components                     6895593      6895.59
uitree_capacity                       7915520      7915.52
uitree_free_list                         1930         1.93
uitree_node_bytes                  5445877760   5445877.76
cs2_scripts                            141543       141.54
cs2_opcodes                           7357952      7357.95
cs2_host_ops                          1133258      1133.26
cs2_cycles                            7357952      7357.95
cs2_vm_acquire                         139272       139.27
cs2_vm_pool_hit                        139271       139.27
cs2_vm_pool_miss                            1         0.00
cs2_vm_init_ns                      642232168    642232.17
cs2_vm_release_ns                   592229594    592229.59
cs2_frame_pool_hit                     181060       181.06
cs2_frame_pool_miss                        10         0.01
cs2_frame_push                         275916       275.92
cs2_frame_clear_bytes                 6862000      6862.00
cs2_frame_locals_bytes                   3104         3.10
cache_model_hit                         10960        10.96
cache_model_miss                         1943         1.94
cache_sprite_hit                        49989        49.99
cache_sprite_miss                        1097         1.10
model_inst_hit                           1124         1.12
model_inst_miss                           948         0.95
model_inst_evict                          835         0.83
painter_pops                          6165087      6165.09
painter_gate_rejects                  2750632      2750.63
painter_pushes                        6165087      6165.09
painter_push_dedup                    5728977      5728.98
painter_commands                      1593950      1593.95
painter_tiles_remaining_set           3149208      3149.21
scene_elements                       22605327     22605.33
scene_anim_list                        107250       107.25
cache_model_size                       979312       979.31
cache_sprite_size                      690455       690.46
iface_open                                 23         0.02
iface_close                                 2         0.00
iface_bake                                 20         0.02
iface_bake_reuse                            3         0.00
iface_mount_ns                      205453490    205453.49
iface_close_ns                           6705         6.71
iface_groups_resident                     629         0.63
uitree_hidden                           81251        81.25
uitree_unmounted                           27         0.03
uitree_freed                               52         0.05
uitree_hook_blocks                      53655        53.66
uitree_hook_bytes                    42924000     42924.00
host_inv_hooks                            225         0.23
host_var_hooks                           4907         4.91
host_stat_hooks                          1753         1.75
bridge_sprite_map                       12740        12.74
bridge_obj_icon_map                       425         0.42
cache_clientscript_size                 14247        14.25
uitree_anim_scan                         7996         8.00
iface_group_scan_nodes                   2364         2.36
logic_ticks                              4009         4.01
proto_packets                             923         0.92
ui_icon_raster                             17         0.02
npc_model_cache_hit                         8         0.01
npc_model_cache_miss                       19         0.02
present_blit_1to1                        1002         1.00
present_blit_pixels                 406035684    406035.68
present_fill_pixels                     21126        21.13
chrome_strip_vischeck                    1942         1.94
emit_list_same                             26         0.03
emit_list_diff                            967         0.97
emit_desc_diff                           7925         7.92
emit_dirty_bumps                       246584       246.58
emit_dirty_unreached                    12837        12.84
emit_dirty_mark                        191733       191.73
emit_dirty_topo                         62848        62.85
emit_gen_quiet                             23         0.02
task_steps                              14935        14.94
task_resumes                           149934       149.93
task_ends                              144931       144.93
gate_tree_quiet                            25         0.03
gate_hover_quiet                          992         0.99
emit_retained                              23         0.02
r_cmds                                1759363      1759.36
r_cmds_model                          1593950      1593.95
r_cmds_sprite                           81227        81.23
r_cmds_font                             28943        28.94
r_cmds_rect                             12539        12.54

torirs_perf: wrote C:\dev\oldschool-clientc\winxp-soft3d-torirs-perf.csv
=== end torirs_perf ===

