torirs: js5 host=10.10.10.1 port=43595 fallback=0 revision=239 cache=build/manifests/..\..\cache.osrs239.sparse
torirs: dat2 cache=build/manifests/..\..\cache.osrs239.sparse iface=161
torirs: JS5 reference tables primed (23 references, 208 network bytes)
torirs: JS5 metadata ready (23 references, 208 network bytes)
torirs_perf: enabled (ring=2048 window=100 budget=20ms cpu_clock=GetThreadTimes) csv=C:\dev\oldschool-clientc\winxp-soft3d-torirs-perf.csv
audio: no device; running silent
plugin: 8 of 11 enabled -- client-settings, feature-flags, tile-indicator-c, minimap-orbs (off), xp-drop-orbs (off), gameframe-layout (off), item-stats, nxt-highlight, nxt-bird-nest, nxt-cannon-ammo, lua
plugin: item-stats asset 'text.png' not found (plugin_assets/item-stats/text.png, plugins/assets/item-stats/text.png)
plugin: item-stats asset 'text.ini' not found (plugin_assets/item-stats/text.ini, plugins/assets/item-stats/text.ini)
plugin: item-stats asset 'text.ini' not found (plugin_assets/item-stats/text.ini, plugins/assets/item-stats/text.ini)
plugin: item-stats asset 'text.ini' not found (plugin_assets/item-stats/text.ini, plugins/assets/item-stats/text.ini)
osrs239 login: OK, local player index 1
plugin: item-stats asset 'text.ini' not found (plugin_assets/item-stats/text.ini, plugins/assets/item-stats/text.ini)
textures: sprite-backed system (no materials table)
world_load: 6 chunks, 17 underlays, 26 overlays, 22 textures, 999 locs, 933 models, 23 seqs
plugin: item-stats asset 'text.ini' not found (plugin_assets/item-stats/text.ini, plugins/assets/item-stats/text.ini)
plugin: item-stats asset 'text.ini' not found (plugin_assets/item-stats/text.ini, plugins/assets/item-stats/text.ini)
Failed to load dat2 idk 307
spawn_player: element=23155 tile=52,52 level=0
if-opentop: switching root 161 -> 548
plugin: item-stats asset 'text.ini' not found (plugin_assets/item-stats/text.ini, plugins/assets/item-stats/text.ini)
message_game: Welcome to the mock 230 world.
message_game: Click to walk. Right-click an npc to talk.
message_game: Welcome to Lumbridge.
message_game: Goblins east of the river. Guards on the Al Kharid road.
message_game: Try ::style 1 for aggressive, or ::setlevel 2 40 for some strength.
windowmode: fixed
message_game: A crop circle is active near Doric's Hut.
message_game: <col=ff0000>You have unlocked a new music track: Forever
plugin: item-stats asset 'text.ini' not found (plugin_assets/item-stats/text.ini, plugins/assets/item-stats/text.ini)
plugin: item-stats asset 'text.ini' not found (plugin_assets/item-stats/text.ini, plugins/assets/item-stats/text.ini)
plugin: item-stats asset 'text.ini' not found (plugin_assets/item-stats/text.ini, plugins/assets/item-stats/text.ini)
plugin: item-stats asset 'text.ini' not found (plugin_assets/item-stats/text.ini, plugins/assets/item-stats/text.ini)
plugin: item-stats asset 'text.ini' not found (plugin_assets/item-stats/text.ini, plugins/assets/item-stats/text.ini)
plugin: item-stats asset 'text.ini' not found (plugin_assets/item-stats/text.ini, plugins/assets/item-stats/text.ini)
plugin: item-stats asset 'text.ini' not found (plugin_assets/item-stats/text.ini, plugins/assets/item-stats/text.ini)
plugin: item-stats asset 'text.ini' not found (plugin_assets/item-stats/text.ini, plugins/assets/item-stats/text.ini)
plugin: item-stats asset 'text.ini' not found (plugin_assets/item-stats/text.ini, plugins/assets/item-stats/text.ini)
plugin: item-stats asset 'text.ini' not found (plugin_assets/item-stats/text.ini, plugins/assets/item-stats/text.ini)
plugin: item-stats asset 'text.ini' not found (plugin_assets/item-stats/text.ini, plugins/assets/item-stats/text.ini)
plugin: item-stats asset 'text.ini' not found (plugin_assets/item-stats/text.ini, plugins/assets/item-stats/text.ini)
plugin: item-stats asset 'text.ini' not found (plugin_assets/item-stats/text.ini, plugins/assets/item-stats/text.ini)
plugin: item-stats asset 'text.ini' not found (plugin_assets/item-stats/text.ini, plugins/assets/item-stats/text.ini)
plugin: item-stats asset 'text.ini' not found (plugin_assets/item-stats/text.ini, plugins/assets/item-stats/text.ini)
plugin: item-stats asset 'text.ini' not found (plugin_assets/item-stats/text.ini, plugins/assets/item-stats/text.ini)
plugin: item-stats asset 'text.ini' not found (plugin_assets/item-stats/text.ini, plugins/assets/item-stats/text.ini)
plugin: item-stats asset 'text.ini' not found (plugin_assets/item-stats/text.ini, plugins/assets/item-stats/text.ini)
plugin: item-stats asset 'text.ini' not found (plugin_assets/item-stats/text.ini, plugins/assets/item-stats/text.ini)
plugin: item-stats asset 'text.ini' not found (plugin_assets/item-stats/text.ini, plugins/assets/item-stats/text.ini)
plugin: item-stats asset 'text.ini' not found (plugin_assets/item-stats/text.ini, plugins/assets/item-stats/text.ini)
plugin: item-stats asset 'text.ini' not found (plugin_assets/item-stats/text.ini, plugins/assets/item-stats/text.ini)
plugin: item-stats asset 'text.ini' not found (plugin_assets/item-stats/text.ini, plugins/assets/item-stats/text.ini)
plugin: item-stats asset 'text.ini' not found (plugin_assets/item-stats/text.ini, plugins/assets/item-stats/text.ini)
plugin: item-stats asset 'text.ini' not found (plugin_assets/item-stats/text.ini, plugins/assets/item-stats/text.ini)
plugin: item-stats asset 'text.ini' not found (plugin_assets/item-stats/text.ini, plugins/assets/item-stats/text.ini)
plugin: item-stats asset 'text.ini' not found (plugin_assets/item-stats/text.ini, plugins/assets/item-stats/text.ini)
plugin: item-stats asset 'text.ini' not found (plugin_assets/item-stats/text.ini, plugins/assets/item-stats/text.ini)
plugin: item-stats asset 'text.ini' not found (plugin_assets/item-stats/text.ini, plugins/assets/item-stats/text.ini)
plugin: item-stats asset 'text.ini' not found (plugin_assets/item-stats/text.ini, plugins/assets/item-stats/text.ini)
plugin: item-stats asset 'text.ini' not found (plugin_assets/item-stats/text.ini, plugins/assets/item-stats/text.ini)
plugin: item-stats asset 'text.ini' not found (plugin_assets/item-stats/text.ini, plugins/assets/item-stats/text.ini)
plugin: item-stats asset 'text.ini' not found (plugin_assets/item-stats/text.ini, plugins/assets/item-stats/text.ini)
plugin: item-stats asset 'text.ini' not found (plugin_assets/item-stats/text.ini, plugins/assets/item-stats/text.ini)
plugin: item-stats asset 'text.ini' not found (plugin_assets/item-stats/text.ini, plugins/assets/item-stats/text.ini)
plugin: item-stats asset 'text.ini' not found (plugin_assets/item-stats/text.ini, plugins/assets/item-stats/text.ini)
plugin: item-stats asset 'text.ini' not found (plugin_assets/item-stats/text.ini, plugins/assets/item-stats/text.ini)
plugin: item-stats asset 'text.ini' not found (plugin_assets/item-stats/text.ini, plugins/assets/item-stats/text.ini)
plugin: item-stats asset 'text.ini' not found (plugin_assets/item-stats/text.ini, plugins/assets/item-stats/text.ini)
plugin: item-stats asset 'text.ini' not found (plugin_assets/item-stats/text.ini, plugins/assets/item-stats/text.ini)
plugin: item-stats asset 'text.ini' not found (plugin_assets/item-stats/text.ini, plugins/assets/item-stats/text.ini)
plugin: item-stats asset 'text.ini' not found (plugin_assets/item-stats/text.ini, plugins/assets/item-stats/text.ini)
plugin: item-stats asset 'text.ini' not found (plugin_assets/item-stats/text.ini, plugins/assets/item-stats/text.ini)
plugin: item-stats asset 'text.ini' not found (plugin_assets/item-stats/text.ini, plugins/assets/item-stats/text.ini)
plugin: item-stats asset 'text.ini' not found (plugin_assets/item-stats/text.ini, plugins/assets/item-stats/text.ini)
plugin: item-stats asset 'text.ini' not found (plugin_assets/item-stats/text.ini, plugins/assets/item-stats/text.ini)
plugin: item-stats asset 'text.ini' not found (plugin_assets/item-stats/text.ini, plugins/assets/item-stats/text.ini)
plugin: item-stats asset 'text.ini' not found (plugin_assets/item-stats/text.ini, plugins/assets/item-stats/text.ini)
plugin: item-stats asset 'text.ini' not found (plugin_assets/item-stats/text.ini, plugins/assets/item-stats/text.ini)
plugin: item-stats asset 'text.ini' not found (plugin_assets/item-stats/text.ini, plugins/assets/item-stats/text.ini)
plugin: item-stats asset 'text.ini' not found (plugin_assets/item-stats/text.ini, plugins/assets/item-stats/text.ini)
plugin: item-stats asset 'text.ini' not found (plugin_assets/item-stats/text.ini, plugins/assets/item-stats/text.ini)
plugin: item-stats asset 'text.ini' not found (plugin_assets/item-stats/text.ini, plugins/assets/item-stats/text.ini)
plugin: item-stats asset 'text.ini' not found (plugin_assets/item-stats/text.ini, plugins/assets/item-stats/text.ini)
plugin: item-stats asset 'text.ini' not found (plugin_assets/item-stats/text.ini, plugins/assets/item-stats/text.ini)
plugin: item-stats asset 'text.ini' not found (plugin_assets/item-stats/text.ini, plugins/assets/item-stats/text.ini)
plugin: item-stats asset 'text.ini' not found (plugin_assets/item-stats/text.ini, plugins/assets/item-stats/text.ini)
plugin: item-stats asset 'text.ini' not found (plugin_assets/item-stats/text.ini, plugins/assets/item-stats/text.ini)
plugin: item-stats asset 'text.ini' not found (plugin_assets/item-stats/text.ini, plugins/assets/item-stats/text.ini)
plugin: item-stats asset 'text.ini' not found (plugin_assets/item-stats/text.ini, plugins/assets/item-stats/text.ini)
plugin: item-stats asset 'text.ini' not found (plugin_assets/item-stats/text.ini, plugins/assets/item-stats/text.ini)
plugin: item-stats asset 'text.ini' not found (plugin_assets/item-stats/text.ini, plugins/assets/item-stats/text.ini)
plugin: item-stats asset 'text.ini' not found (plugin_assets/item-stats/text.ini, plugins/assets/item-stats/text.ini)
plugin: item-stats asset 'text.ini' not found (plugin_assets/item-stats/text.ini, plugins/assets/item-stats/text.ini)
torirs_perf: window=100 writing C:\dev\oldschool-clientc\winxp-soft3d-torirs-perf.csv.windows.csv
torirs_perf: window=0 frame_p95=247.44ms
plugin: item-stats asset 'text.ini' not found (plugin_assets/item-stats/text.ini, plugins/assets/item-stats/text.ini)
plugin: item-stats asset 'text.ini' not found (plugin_assets/item-stats/text.ini, plugins/assets/item-stats/text.ini)
plugin: item-stats asset 'text.ini' not found (plugin_assets/item-stats/text.ini, plugins/assets/item-stats/text.ini)
plugin: item-stats asset 'text.ini' not found (plugin_assets/item-stats/text.ini, plugins/assets/item-stats/text.ini)
plugin: item-stats asset 'text.ini' not found (plugin_assets/item-stats/text.ini, plugins/assets/item-stats/text.ini)
plugin: item-stats asset 'text.ini' not found (plugin_assets/item-stats/text.ini, plugins/assets/item-stats/text.ini)
plugin: item-stats asset 'text.ini' not found (plugin_assets/item-stats/text.ini, plugins/assets/item-stats/text.ini)
plugin: item-stats asset 'text.ini' not found (plugin_assets/item-stats/text.ini, plugins/assets/item-stats/text.ini)
plugin: item-stats asset 'text.ini' not found (plugin_assets/item-stats/text.ini, plugins/assets/item-stats/text.ini)
plugin: item-stats asset 'text.ini' not found (plugin_assets/item-stats/text.ini, plugins/assets/item-stats/text.ini)
plugin: item-stats asset 'text.ini' not found (plugin_assets/item-stats/text.ini, plugins/assets/item-stats/text.ini)
plugin: item-stats asset 'text.ini' not found (plugin_assets/item-stats/text.ini, plugins/assets/item-stats/text.ini)
plugin: item-stats asset 'text.ini' not found (plugin_assets/item-stats/text.ini, plugins/assets/item-stats/text.ini)
plugin: item-stats asset 'text.ini' not found (plugin_assets/item-stats/text.ini, plugins/assets/item-stats/text.ini)
plugin: item-stats asset 'text.ini' not found (plugin_assets/item-stats/text.ini, plugins/assets/item-stats/text.ini)
plugin: item-stats asset 'text.ini' not found (plugin_assets/item-stats/text.ini, plugins/assets/item-stats/text.ini)
plugin: item-stats asset 'text.ini' not found (plugin_assets/item-stats/text.ini, plugins/assets/item-stats/text.ini)
plugin: item-stats asset 'text.ini' not found (plugin_assets/item-stats/text.ini, plugins/assets/item-stats/text.ini)
plugin: item-stats asset 'text.ini' not found (plugin_assets/item-stats/text.ini, plugins/assets/item-stats/text.ini)
plugin: item-stats asset 'text.ini' not found (plugin_assets/item-stats/text.ini, plugins/assets/item-stats/text.ini)
plugin: item-stats asset 'text.ini' not found (plugin_assets/item-stats/text.ini, plugins/assets/item-stats/text.ini)
plugin: item-stats asset 'text.ini' not found (plugin_assets/item-stats/text.ini, plugins/assets/item-stats/text.ini)
plugin: item-stats asset 'text.ini' not found (plugin_assets/item-stats/text.ini, plugins/assets/item-stats/text.ini)
plugin: item-stats asset 'text.ini' not found (plugin_assets/item-stats/text.ini, plugins/assets/item-stats/text.ini)
plugin: item-stats asset 'text.ini' not found (plugin_assets/item-stats/text.ini, plugins/assets/item-stats/text.ini)
plugin: item-stats asset 'text.ini' not found (plugin_assets/item-stats/text.ini, plugins/assets/item-stats/text.ini)
plugin: item-stats asset 'text.ini' not found (plugin_assets/item-stats/text.ini, plugins/assets/item-stats/text.ini)
plugin: item-stats asset 'text.ini' not found (plugin_assets/item-stats/text.ini, plugins/assets/item-stats/text.ini)
plugin: item-stats asset 'text.ini' not found (plugin_assets/item-stats/text.ini, plugins/assets/item-stats/text.ini)
plugin: item-stats asset 'text.ini' not found (plugin_assets/item-stats/text.ini, plugins/assets/item-stats/text.ini)
plugin: item-stats asset 'text.ini' not found (plugin_assets/item-stats/text.ini, plugins/assets/item-stats/text.ini)
plugin: item-stats asset 'text.ini' not found (plugin_assets/item-stats/text.ini, plugins/assets/item-stats/text.ini)
plugin: item-stats asset 'text.ini' not found (plugin_assets/item-stats/text.ini, plugins/assets/item-stats/text.ini)
plugin: item-stats asset 'text.ini' not found (plugin_assets/item-stats/text.ini, plugins/assets/item-stats/text.ini)
plugin: item-stats asset 'text.ini' not found (plugin_assets/item-stats/text.ini, plugins/assets/item-stats/text.ini)
plugin: item-stats asset 'text.ini' not found (plugin_assets/item-stats/text.ini, plugins/assets/item-stats/text.ini)
plugin: item-stats asset 'text.ini' not found (plugin_assets/item-stats/text.ini, plugins/assets/item-stats/text.ini)
plugin: item-stats asset 'text.ini' not found (plugin_assets/item-stats/text.ini, plugins/assets/item-stats/text.ini)
plugin: item-stats asset 'text.ini' not found (plugin_assets/item-stats/text.ini, plugins/assets/item-stats/text.ini)
plugin: item-stats asset 'text.ini' not found (plugin_assets/item-stats/text.ini, plugins/assets/item-stats/text.ini)
plugin: item-stats asset 'text.ini' not found (plugin_assets/item-stats/text.ini, plugins/assets/item-stats/text.ini)
plugin: item-stats asset 'text.ini' not found (plugin_assets/item-stats/text.ini, plugins/assets/item-stats/text.ini)
plugin: item-stats asset 'text.ini' not found (plugin_assets/item-stats/text.ini, plugins/assets/item-stats/text.ini)
plugin: item-stats asset 'text.ini' not found (plugin_assets/item-stats/text.ini, plugins/assets/item-stats/text.ini)
plugin: item-stats asset 'text.ini' not found (plugin_assets/item-stats/text.ini, plugins/assets/item-stats/text.ini)
plugin: item-stats asset 'text.ini' not found (plugin_assets/item-stats/text.ini, plugins/assets/item-stats/text.ini)
plugin: item-stats asset 'text.ini' not found (plugin_assets/item-stats/text.ini, plugins/assets/item-stats/text.ini)
plugin: item-stats asset 'text.ini' not found (plugin_assets/item-stats/text.ini, plugins/assets/item-stats/text.ini)
plugin: item-stats asset 'text.ini' not found (plugin_assets/item-stats/text.ini, plugins/assets/item-stats/text.ini)
plugin: item-stats asset 'text.ini' not found (plugin_assets/item-stats/text.ini, plugins/assets/item-stats/text.ini)
plugin: item-stats asset 'text.ini' not found (plugin_assets/item-stats/text.ini, plugins/assets/item-stats/text.ini)
plugin: item-stats asset 'text.ini' not found (plugin_assets/item-stats/text.ini, plugins/assets/item-stats/text.ini)
plugin: item-stats asset 'text.ini' not found (plugin_assets/item-stats/text.ini, plugins/assets/item-stats/text.ini)
plugin: item-stats asset 'text.ini' not found (plugin_assets/item-stats/text.ini, plugins/assets/item-stats/text.ini)
plugin: item-stats asset 'text.ini' not found (plugin_assets/item-stats/text.ini, plugins/assets/item-stats/text.ini)
plugin: item-stats asset 'text.ini' not found (plugin_assets/item-stats/text.ini, plugins/assets/item-stats/text.ini)
plugin: item-stats asset 'text.ini' not found (plugin_assets/item-stats/text.ini, plugins/assets/item-stats/text.ini)
plugin: item-stats asset 'text.ini' not found (plugin_assets/item-stats/text.ini, plugins/assets/item-stats/text.ini)
plugin: item-stats asset 'text.ini' not found (plugin_assets/item-stats/text.ini, plugins/assets/item-stats/text.ini)
plugin: item-stats asset 'text.ini' not found (plugin_assets/item-stats/text.ini, plugins/assets/item-stats/text.ini)
plugin: item-stats asset 'text.ini' not found (plugin_assets/item-stats/text.ini, plugins/assets/item-stats/text.ini)
plugin: item-stats asset 'text.ini' not found (plugin_assets/item-stats/text.ini, plugins/assets/item-stats/text.ini)
plugin: item-stats asset 'text.ini' not found (plugin_assets/item-stats/text.ini, plugins/assets/item-stats/text.ini)
plugin: item-stats asset 'text.ini' not found (plugin_assets/item-stats/text.ini, plugins/assets/item-stats/text.ini)
plugin: item-stats asset 'text.ini' not found (plugin_assets/item-stats/text.ini, plugins/assets/item-stats/text.ini)
plugin: item-stats asset 'text.ini' not found (plugin_assets/item-stats/text.ini, plugins/assets/item-stats/text.ini)
plugin: item-stats asset 'text.ini' not found (plugin_assets/item-stats/text.ini, plugins/assets/item-stats/text.ini)
plugin: item-stats asset 'text.ini' not found (plugin_assets/item-stats/text.ini, plugins/assets/item-stats/text.ini)
plugin: item-stats asset 'text.ini' not found (plugin_assets/item-stats/text.ini, plugins/assets/item-stats/text.ini)
plugin: item-stats asset 'text.ini' not found (plugin_assets/item-stats/text.ini, plugins/assets/item-stats/text.ini)
plugin: item-stats asset 'text.ini' not found (plugin_assets/item-stats/text.ini, plugins/assets/item-stats/text.ini)
plugin: item-stats asset 'text.ini' not found (plugin_assets/item-stats/text.ini, plugins/assets/item-stats/text.ini)
plugin: item-stats asset 'text.ini' not found (plugin_assets/item-stats/text.ini, plugins/assets/item-stats/text.ini)
plugin: item-stats asset 'text.ini' not found (plugin_assets/item-stats/text.ini, plugins/assets/item-stats/text.ini)
plugin: item-stats asset 'text.ini' not found (plugin_assets/item-stats/text.ini, plugins/assets/item-stats/text.ini)
plugin: item-stats asset 'text.ini' not found (plugin_assets/item-stats/text.ini, plugins/assets/item-stats/text.ini)
plugin: item-stats asset 'text.ini' not found (plugin_assets/item-stats/text.ini, plugins/assets/item-stats/text.ini)
plugin: item-stats asset 'text.ini' not found (plugin_assets/item-stats/text.ini, plugins/assets/item-stats/text.ini)
plugin: item-stats asset 'text.ini' not found (plugin_assets/item-stats/text.ini, plugins/assets/item-stats/text.ini)
plugin: item-stats asset 'text.ini' not found (plugin_assets/item-stats/text.ini, plugins/assets/item-stats/text.ini)
plugin: item-stats asset 'text.ini' not found (plugin_assets/item-stats/text.ini, plugins/assets/item-stats/text.ini)
plugin: item-stats asset 'text.ini' not found (plugin_assets/item-stats/text.ini, plugins/assets/item-stats/text.ini)
plugin: item-stats asset 'text.ini' not found (plugin_assets/item-stats/text.ini, plugins/assets/item-stats/text.ini)
plugin: item-stats asset 'text.ini' not found (plugin_assets/item-stats/text.ini, plugins/assets/item-stats/text.ini)
plugin: item-stats asset 'text.ini' not found (plugin_assets/item-stats/text.ini, plugins/assets/item-stats/text.ini)
plugin: item-stats asset 'text.ini' not found (plugin_assets/item-stats/text.ini, plugins/assets/item-stats/text.ini)
plugin: item-stats asset 'text.ini' not found (plugin_assets/item-stats/text.ini, plugins/assets/item-stats/text.ini)
plugin: item-stats asset 'text.ini' not found (plugin_assets/item-stats/text.ini, plugins/assets/item-stats/text.ini)
plugin: item-stats asset 'text.ini' not found (plugin_assets/item-stats/text.ini, plugins/assets/item-stats/text.ini)
plugin: item-stats asset 'text.ini' not found (plugin_assets/item-stats/text.ini, plugins/assets/item-stats/text.ini)
plugin: item-stats asset 'text.ini' not found (plugin_assets/item-stats/text.ini, plugins/assets/item-stats/text.ini)
plugin: item-stats asset 'text.ini' not found (plugin_assets/item-stats/text.ini, plugins/assets/item-stats/text.ini)
plugin: item-stats asset 'text.ini' not found (plugin_assets/item-stats/text.ini, plugins/assets/item-stats/text.ini)
plugin: item-stats asset 'text.ini' not found (plugin_assets/item-stats/text.ini, plugins/assets/item-stats/text.ini)
plugin: item-stats asset 'text.ini' not found (plugin_assets/item-stats/text.ini, plugins/assets/item-stats/text.ini)
plugin: item-stats asset 'text.ini' not found (plugin_assets/item-stats/text.ini, plugins/assets/item-stats/text.ini)
plugin: item-stats asset 'text.ini' not found (plugin_assets/item-stats/text.ini, plugins/assets/item-stats/text.ini)
plugin: item-stats asset 'text.ini' not found (plugin_assets/item-stats/text.ini, plugins/assets/item-stats/text.ini)
plugin: item-stats asset 'text.ini' not found (plugin_assets/item-stats/text.ini, plugins/assets/item-stats/text.ini)
plugin: item-stats asset 'text.ini' not found (plugin_assets/item-stats/text.ini, plugins/assets/item-stats/text.ini)
torirs_perf: window=1 frame_p95=106.05ms
plugin: item-stats asset 'text.ini' not found (plugin_assets/item-stats/text.ini, plugins/assets/item-stats/text.ini)
plugin: item-stats asset 'text.ini' not found (plugin_assets/item-stats/text.ini, plugins/assets/item-stats/text.ini)
plugin: item-stats asset 'text.ini' not found (plugin_assets/item-stats/text.ini, plugins/assets/item-stats/text.ini)
plugin: item-stats asset 'text.ini' not found (plugin_assets/item-stats/text.ini, plugins/assets/item-stats/text.ini)
plugin: item-stats asset 'text.ini' not found (plugin_assets/item-stats/text.ini, plugins/assets/item-stats/text.ini)
plugin: item-stats asset 'text.ini' not found (plugin_assets/item-stats/text.ini, plugins/assets/item-stats/text.ini)
plugin: item-stats asset 'text.ini' not found (plugin_assets/item-stats/text.ini, plugins/assets/item-stats/text.ini)
plugin: item-stats asset 'text.ini' not found (plugin_assets/item-stats/text.ini, plugins/assets/item-stats/text.ini)
plugin: item-stats asset 'text.ini' not found (plugin_assets/item-stats/text.ini, plugins/assets/item-stats/text.ini)
plugin: item-stats asset 'text.ini' not found (plugin_assets/item-stats/text.ini, plugins/assets/item-stats/text.ini)
plugin: item-stats asset 'text.ini' not found (plugin_assets/item-stats/text.ini, plugins/assets/item-stats/text.ini)
plugin: item-stats asset 'text.ini' not found (plugin_assets/item-stats/text.ini, plugins/assets/item-stats/text.ini)
plugin: item-stats asset 'text.ini' not found (plugin_assets/item-stats/text.ini, plugins/assets/item-stats/text.ini)
plugin: item-stats asset 'text.ini' not found (plugin_assets/item-stats/text.ini, plugins/assets/item-stats/text.ini)
plugin: item-stats asset 'text.ini' not found (plugin_assets/item-stats/text.ini, plugins/assets/item-stats/text.ini)
plugin: item-stats asset 'text.ini' not found (plugin_assets/item-stats/text.ini, plugins/assets/item-stats/text.ini)
plugin: item-stats asset 'text.ini' not found (plugin_assets/item-stats/text.ini, plugins/assets/item-stats/text.ini)
plugin: item-stats asset 'text.ini' not found (plugin_assets/item-stats/text.ini, plugins/assets/item-stats/text.ini)
plugin: item-stats asset 'text.ini' not found (plugin_assets/item-stats/text.ini, plugins/assets/item-stats/text.ini)
plugin: item-stats asset 'text.ini' not found (plugin_assets/item-stats/text.ini, plugins/assets/item-stats/text.ini)
plugin: item-stats asset 'text.ini' not found (plugin_assets/item-stats/text.ini, plugins/assets/item-stats/text.ini)
plugin: item-stats asset 'text.ini' not found (plugin_assets/item-stats/text.ini, plugins/assets/item-stats/text.ini)
plugin: item-stats asset 'text.ini' not found (plugin_assets/item-stats/text.ini, plugins/assets/item-stats/text.ini)
plugin: item-stats asset 'text.ini' not found (plugin_assets/item-stats/text.ini, plugins/assets/item-stats/text.ini)
plugin: item-stats asset 'text.ini' not found (plugin_assets/item-stats/text.ini, plugins/assets/item-stats/text.ini)
plugin: item-stats asset 'text.ini' not found (plugin_assets/item-stats/text.ini, plugins/assets/item-stats/text.ini)
plugin: item-stats asset 'text.ini' not found (plugin_assets/item-stats/text.ini, plugins/assets/item-stats/text.ini)
plugin: item-stats asset 'text.ini' not found (plugin_assets/item-stats/text.ini, plugins/assets/item-stats/text.ini)
plugin: item-stats asset 'text.ini' not found (plugin_assets/item-stats/text.ini, plugins/assets/item-stats/text.ini)
plugin: item-stats asset 'text.ini' not found (plugin_assets/item-stats/text.ini, plugins/assets/item-stats/text.ini)
plugin: item-stats asset 'text.ini' not found (plugin_assets/item-stats/text.ini, plugins/assets/item-stats/text.ini)
plugin: item-stats asset 'text.ini' not found (plugin_assets/item-stats/text.ini, plugins/assets/item-stats/text.ini)
plugin: item-stats asset 'text.ini' not found (plugin_assets/item-stats/text.ini, plugins/assets/item-stats/text.ini)
plugin: item-stats asset 'text.ini' not found (plugin_assets/item-stats/text.ini, plugins/assets/item-stats/text.ini)
plugin: item-stats asset 'text.ini' not found (plugin_assets/item-stats/text.ini, plugins/assets/item-stats/text.ini)
plugin: item-stats asset 'text.ini' not found (plugin_assets/item-stats/text.ini, plugins/assets/item-stats/text.ini)
plugin: item-stats asset 'text.ini' not found (plugin_assets/item-stats/text.ini, plugins/assets/item-stats/text.ini)
plugin: item-stats asset 'text.ini' not found (plugin_assets/item-stats/text.ini, plugins/assets/item-stats/text.ini)
plugin: item-stats asset 'text.ini' not found (plugin_assets/item-stats/text.ini, plugins/assets/item-stats/text.ini)
plugin: item-stats asset 'text.ini' not found (plugin_assets/item-stats/text.ini, plugins/assets/item-stats/text.ini)
plugin: item-stats asset 'text.ini' not found (plugin_assets/item-stats/text.ini, plugins/assets/item-stats/text.ini)
plugin: item-stats asset 'text.ini' not found (plugin_assets/item-stats/text.ini, plugins/assets/item-stats/text.ini)
plugin: item-stats asset 'text.ini' not found (plugin_assets/item-stats/text.ini, plugins/assets/item-stats/text.ini)
plugin: item-stats asset 'text.ini' not found (plugin_assets/item-stats/text.ini, plugins/assets/item-stats/text.ini)
plugin: item-stats asset 'text.ini' not found (plugin_assets/item-stats/text.ini, plugins/assets/item-stats/text.ini)
plugin: item-stats asset 'text.ini' not found (plugin_assets/item-stats/text.ini, plugins/assets/item-stats/text.ini)
plugin: item-stats asset 'text.ini' not found (plugin_assets/item-stats/text.ini, plugins/assets/item-stats/text.ini)
plugin: item-stats asset 'text.ini' not found (plugin_assets/item-stats/text.ini, plugins/assets/item-stats/text.ini)
plugin: item-stats asset 'text.ini' not found (plugin_assets/item-stats/text.ini, plugins/assets/item-stats/text.ini)
plugin: item-stats asset 'text.ini' not found (plugin_assets/item-stats/text.ini, plugins/assets/item-stats/text.ini)
plugin: item-stats asset 'text.ini' not found (plugin_assets/item-stats/text.ini, plugins/assets/item-stats/text.ini)
plugin: item-stats asset 'text.ini' not found (plugin_assets/item-stats/text.ini, plugins/assets/item-stats/text.ini)
plugin: item-stats asset 'text.ini' not found (plugin_assets/item-stats/text.ini, plugins/assets/item-stats/text.ini)
plugin: item-stats asset 'text.ini' not found (plugin_assets/item-stats/text.ini, plugins/assets/item-stats/text.ini)
plugin: item-stats asset 'text.ini' not found (plugin_assets/item-stats/text.ini, plugins/assets/item-stats/text.ini)
plugin: item-stats asset 'text.ini' not found (plugin_assets/item-stats/text.ini, plugins/assets/item-stats/text.ini)
plugin: item-stats asset 'text.ini' not found (plugin_assets/item-stats/text.ini, plugins/assets/item-stats/text.ini)
plugin: item-stats asset 'text.ini' not found (plugin_assets/item-stats/text.ini, plugins/assets/item-stats/text.ini)
plugin: item-stats asset 'text.ini' not found (plugin_assets/item-stats/text.ini, plugins/assets/item-stats/text.ini)
plugin: item-stats asset 'text.ini' not found (plugin_assets/item-stats/text.ini, plugins/assets/item-stats/text.ini)
plugin: item-stats asset 'text.ini' not found (plugin_assets/item-stats/text.ini, plugins/assets/item-stats/text.ini)
plugin: item-stats asset 'text.ini' not found (plugin_assets/item-stats/text.ini, plugins/assets/item-stats/text.ini)
plugin: item-stats asset 'text.ini' not found (plugin_assets/item-stats/text.ini, plugins/assets/item-stats/text.ini)
plugin: item-stats asset 'text.ini' not found (plugin_assets/item-stats/text.ini, plugins/assets/item-stats/text.ini)
plugin: item-stats asset 'text.ini' not found (plugin_assets/item-stats/text.ini, plugins/assets/item-stats/text.ini)
plugin: item-stats asset 'text.ini' not found (plugin_assets/item-stats/text.ini, plugins/assets/item-stats/text.ini)
plugin: item-stats asset 'text.ini' not found (plugin_assets/item-stats/text.ini, plugins/assets/item-stats/text.ini)
plugin: item-stats asset 'text.ini' not found (plugin_assets/item-stats/text.ini, plugins/assets/item-stats/text.ini)
plugin: item-stats asset 'text.ini' not found (plugin_assets/item-stats/text.ini, plugins/assets/item-stats/text.ini)
plugin: item-stats asset 'text.ini' not found (plugin_assets/item-stats/text.ini, plugins/assets/item-stats/text.ini)
plugin: item-stats asset 'text.ini' not found (plugin_assets/item-stats/text.ini, plugins/assets/item-stats/text.ini)
plugin: item-stats asset 'text.ini' not found (plugin_assets/item-stats/text.ini, plugins/assets/item-stats/text.ini)
plugin: item-stats asset 'text.ini' not found (plugin_assets/item-stats/text.ini, plugins/assets/item-stats/text.ini)
plugin: item-stats asset 'text.ini' not found (plugin_assets/item-stats/text.ini, plugins/assets/item-stats/text.ini)
plugin: item-stats asset 'text.ini' not found (plugin_assets/item-stats/text.ini, plugins/assets/item-stats/text.ini)
plugin: item-stats asset 'text.ini' not found (plugin_assets/item-stats/text.ini, plugins/assets/item-stats/text.ini)
plugin: item-stats asset 'text.ini' not found (plugin_assets/item-stats/text.ini, plugins/assets/item-stats/text.ini)
plugin: item-stats asset 'text.ini' not found (plugin_assets/item-stats/text.ini, plugins/assets/item-stats/text.ini)
plugin: item-stats asset 'text.ini' not found (plugin_assets/item-stats/text.ini, plugins/assets/item-stats/text.ini)
plugin: item-stats asset 'text.ini' not found (plugin_assets/item-stats/text.ini, plugins/assets/item-stats/text.ini)
plugin: item-stats asset 'text.ini' not found (plugin_assets/item-stats/text.ini, plugins/assets/item-stats/text.ini)
plugin: item-stats asset 'text.ini' not found (plugin_assets/item-stats/text.ini, plugins/assets/item-stats/text.ini)
plugin: item-stats asset 'text.ini' not found (plugin_assets/item-stats/text.ini, plugins/assets/item-stats/text.ini)
plugin: item-stats asset 'text.ini' not found (plugin_assets/item-stats/text.ini, plugins/assets/item-stats/text.ini)
plugin: item-stats asset 'text.ini' not found (plugin_assets/item-stats/text.ini, plugins/assets/item-stats/text.ini)
plugin: item-stats asset 'text.ini' not found (plugin_assets/item-stats/text.ini, plugins/assets/item-stats/text.ini)
plugin: item-stats asset 'text.ini' not found (plugin_assets/item-stats/text.ini, plugins/assets/item-stats/text.ini)
plugin: item-stats asset 'text.ini' not found (plugin_assets/item-stats/text.ini, plugins/assets/item-stats/text.ini)
plugin: item-stats asset 'text.ini' not found (plugin_assets/item-stats/text.ini, plugins/assets/item-stats/text.ini)
plugin: item-stats asset 'text.ini' not found (plugin_assets/item-stats/text.ini, plugins/assets/item-stats/text.ini)
plugin: item-stats asset 'text.ini' not found (plugin_assets/item-stats/text.ini, plugins/assets/item-stats/text.ini)
plugin: item-stats asset 'text.ini' not found (plugin_assets/item-stats/text.ini, plugins/assets/item-stats/text.ini)
plugin: item-stats asset 'text.ini' not found (plugin_assets/item-stats/text.ini, plugins/assets/item-stats/text.ini)
plugin: item-stats asset 'text.ini' not found (plugin_assets/item-stats/text.ini, plugins/assets/item-stats/text.ini)
plugin: item-stats asset 'text.ini' not found (plugin_assets/item-stats/text.ini, plugins/assets/item-stats/text.ini)
plugin: item-stats asset 'text.ini' not found (plugin_assets/item-stats/text.ini, plugins/assets/item-stats/text.ini)
plugin: item-stats asset 'text.ini' not found (plugin_assets/item-stats/text.ini, plugins/assets/item-stats/text.ini)
plugin: item-stats asset 'text.ini' not found (plugin_assets/item-stats/text.ini, plugins/assets/item-stats/text.ini)
plugin: item-stats asset 'text.ini' not found (plugin_assets/item-stats/text.ini, plugins/assets/item-stats/text.ini)
plugin: item-stats asset 'text.ini' not found (plugin_assets/item-stats/text.ini, plugins/assets/item-stats/text.ini)
torirs_perf: window=2 frame_p95=105.10ms
plugin: item-stats asset 'text.ini' not found (plugin_assets/item-stats/text.ini, plugins/assets/item-stats/text.ini)
plugin: item-stats asset 'text.ini' not found (plugin_assets/item-stats/text.ini, plugins/assets/item-stats/text.ini)
plugin: item-stats asset 'text.ini' not found (plugin_assets/item-stats/text.ini, plugins/assets/item-stats/text.ini)
plugin: item-stats asset 'text.ini' not found (plugin_assets/item-stats/text.ini, plugins/assets/item-stats/text.ini)
plugin: item-stats asset 'text.ini' not found (plugin_assets/item-stats/text.ini, plugins/assets/item-stats/text.ini)
plugin: item-stats asset 'text.ini' not found (plugin_assets/item-stats/text.ini, plugins/assets/item-stats/text.ini)
plugin: item-stats asset 'text.ini' not found (plugin_assets/item-stats/text.ini, plugins/assets/item-stats/text.ini)
plugin: item-stats asset 'text.ini' not found (plugin_assets/item-stats/text.ini, plugins/assets/item-stats/text.ini)
plugin: item-stats asset 'text.ini' not found (plugin_assets/item-stats/text.ini, plugins/assets/item-stats/text.ini)
plugin: item-stats asset 'text.ini' not found (plugin_assets/item-stats/text.ini, plugins/assets/item-stats/text.ini)
plugin: item-stats asset 'text.ini' not found (plugin_assets/item-stats/text.ini, plugins/assets/item-stats/text.ini)
plugin: item-stats asset 'text.ini' not found (plugin_assets/item-stats/text.ini, plugins/assets/item-stats/text.ini)
plugin: item-stats asset 'text.ini' not found (plugin_assets/item-stats/text.ini, plugins/assets/item-stats/text.ini)
plugin: item-stats asset 'text.ini' not found (plugin_assets/item-stats/text.ini, plugins/assets/item-stats/text.ini)
plugin: item-stats asset 'text.ini' not found (plugin_assets/item-stats/text.ini, plugins/assets/item-stats/text.ini)
plugin: item-stats asset 'text.ini' not found (plugin_assets/item-stats/text.ini, plugins/assets/item-stats/text.ini)
plugin: item-stats asset 'text.ini' not found (plugin_assets/item-stats/text.ini, plugins/assets/item-stats/text.ini)
plugin: item-stats asset 'text.ini' not found (plugin_assets/item-stats/text.ini, plugins/assets/item-stats/text.ini)
plugin: item-stats asset 'text.ini' not found (plugin_assets/item-stats/text.ini, plugins/assets/item-stats/text.ini)
plugin: item-stats asset 'text.ini' not found (plugin_assets/item-stats/text.ini, plugins/assets/item-stats/text.ini)
plugin: item-stats asset 'text.ini' not found (plugin_assets/item-stats/text.ini, plugins/assets/item-stats/text.ini)
plugin: item-stats asset 'text.ini' not found (plugin_assets/item-stats/text.ini, plugins/assets/item-stats/text.ini)
plugin: item-stats asset 'text.ini' not found (plugin_assets/item-stats/text.ini, plugins/assets/item-stats/text.ini)
plugin: item-stats asset 'text.ini' not found (plugin_assets/item-stats/text.ini, plugins/assets/item-stats/text.ini)
plugin: item-stats asset 'text.ini' not found (plugin_assets/item-stats/text.ini, plugins/assets/item-stats/text.ini)
plugin: item-stats asset 'text.ini' not found (plugin_assets/item-stats/text.ini, plugins/assets/item-stats/text.ini)
plugin: item-stats asset 'text.ini' not found (plugin_assets/item-stats/text.ini, plugins/assets/item-stats/text.ini)
plugin: item-stats asset 'text.ini' not found (plugin_assets/item-stats/text.ini, plugins/assets/item-stats/text.ini)
plugin: item-stats asset 'text.ini' not found (plugin_assets/item-stats/text.ini, plugins/assets/item-stats/text.ini)
plugin: item-stats asset 'text.ini' not found (plugin_assets/item-stats/text.ini, plugins/assets/item-stats/text.ini)
plugin: item-stats asset 'text.ini' not found (plugin_assets/item-stats/text.ini, plugins/assets/item-stats/text.ini)
plugin: item-stats asset 'text.ini' not found (plugin_assets/item-stats/text.ini, plugins/assets/item-stats/text.ini)
plugin: item-stats asset 'text.ini' not found (plugin_assets/item-stats/text.ini, plugins/assets/item-stats/text.ini)
plugin: item-stats asset 'text.ini' not found (plugin_assets/item-stats/text.ini, plugins/assets/item-stats/text.ini)
plugin: item-stats asset 'text.ini' not found (plugin_assets/item-stats/text.ini, plugins/assets/item-stats/text.ini)
plugin: item-stats asset 'text.ini' not found (plugin_assets/item-stats/text.ini, plugins/assets/item-stats/text.ini)
plugin: item-stats asset 'text.ini' not found (plugin_assets/item-stats/text.ini, plugins/assets/item-stats/text.ini)
plugin: item-stats asset 'text.ini' not found (plugin_assets/item-stats/text.ini, plugins/assets/item-stats/text.ini)
plugin: item-stats asset 'text.ini' not found (plugin_assets/item-stats/text.ini, plugins/assets/item-stats/text.ini)
plugin: item-stats asset 'text.ini' not found (plugin_assets/item-stats/text.ini, plugins/assets/item-stats/text.ini)
plugin: item-stats asset 'text.ini' not found (plugin_assets/item-stats/text.ini, plugins/assets/item-stats/text.ini)
plugin: item-stats asset 'text.ini' not found (plugin_assets/item-stats/text.ini, plugins/assets/item-stats/text.ini)
plugin: item-stats asset 'text.ini' not found (plugin_assets/item-stats/text.ini, plugins/assets/item-stats/text.ini)
plugin: item-stats asset 'text.ini' not found (plugin_assets/item-stats/text.ini, plugins/assets/item-stats/text.ini)
plugin: item-stats asset 'text.ini' not found (plugin_assets/item-stats/text.ini, plugins/assets/item-stats/text.ini)
plugin: item-stats asset 'text.ini' not found (plugin_assets/item-stats/text.ini, plugins/assets/item-stats/text.ini)
plugin: item-stats asset 'text.ini' not found (plugin_assets/item-stats/text.ini, plugins/assets/item-stats/text.ini)
plugin: item-stats asset 'text.ini' not found (plugin_assets/item-stats/text.ini, plugins/assets/item-stats/text.ini)
plugin: item-stats asset 'text.ini' not found (plugin_assets/item-stats/text.ini, plugins/assets/item-stats/text.ini)
plugin: item-stats asset 'text.ini' not found (plugin_assets/item-stats/text.ini, plugins/assets/item-stats/text.ini)
plugin: item-stats asset 'text.ini' not found (plugin_assets/item-stats/text.ini, plugins/assets/item-stats/text.ini)
plugin: item-stats asset 'text.ini' not found (plugin_assets/item-stats/text.ini, plugins/assets/item-stats/text.ini)
plugin: item-stats asset 'text.ini' not found (plugin_assets/item-stats/text.ini, plugins/assets/item-stats/text.ini)
plugin: item-stats asset 'text.ini' not found (plugin_assets/item-stats/text.ini, plugins/assets/item-stats/text.ini)
plugin: item-stats asset 'text.ini' not found (plugin_assets/item-stats/text.ini, plugins/assets/item-stats/text.ini)
plugin: item-stats asset 'text.ini' not found (plugin_assets/item-stats/text.ini, plugins/assets/item-stats/text.ini)
plugin: item-stats asset 'text.ini' not found (plugin_assets/item-stats/text.ini, plugins/assets/item-stats/text.ini)
plugin: item-stats asset 'text.ini' not found (plugin_assets/item-stats/text.ini, plugins/assets/item-stats/text.ini)
plugin: item-stats asset 'text.ini' not found (plugin_assets/item-stats/text.ini, plugins/assets/item-stats/text.ini)
plugin: item-stats asset 'text.ini' not found (plugin_assets/item-stats/text.ini, plugins/assets/item-stats/text.ini)
plugin: item-stats asset 'text.ini' not found (plugin_assets/item-stats/text.ini, plugins/assets/item-stats/text.ini)
plugin: item-stats asset 'text.ini' not found (plugin_assets/item-stats/text.ini, plugins/assets/item-stats/text.ini)
plugin: item-stats asset 'text.ini' not found (plugin_assets/item-stats/text.ini, plugins/assets/item-stats/text.ini)
plugin: item-stats asset 'text.ini' not found (plugin_assets/item-stats/text.ini, plugins/assets/item-stats/text.ini)
plugin: item-stats asset 'text.ini' not found (plugin_assets/item-stats/text.ini, plugins/assets/item-stats/text.ini)
plugin: item-stats asset 'text.ini' not found (plugin_assets/item-stats/text.ini, plugins/assets/item-stats/text.ini)
plugin: item-stats asset 'text.ini' not found (plugin_assets/item-stats/text.ini, plugins/assets/item-stats/text.ini)
plugin: item-stats asset 'text.ini' not found (plugin_assets/item-stats/text.ini, plugins/assets/item-stats/text.ini)
plugin: item-stats asset 'text.ini' not found (plugin_assets/item-stats/text.ini, plugins/assets/item-stats/text.ini)
plugin: item-stats asset 'text.ini' not found (plugin_assets/item-stats/text.ini, plugins/assets/item-stats/text.ini)
plugin: item-stats asset 'text.ini' not found (plugin_assets/item-stats/text.ini, plugins/assets/item-stats/text.ini)
plugin: item-stats asset 'text.ini' not found (plugin_assets/item-stats/text.ini, plugins/assets/item-stats/text.ini)
plugin: item-stats asset 'text.ini' not found (plugin_assets/item-stats/text.ini, plugins/assets/item-stats/text.ini)
plugin: item-stats asset 'text.ini' not found (plugin_assets/item-stats/text.ini, plugins/assets/item-stats/text.ini)
plugin: item-stats asset 'text.ini' not found (plugin_assets/item-stats/text.ini, plugins/assets/item-stats/text.ini)
plugin: item-stats asset 'text.ini' not found (plugin_assets/item-stats/text.ini, plugins/assets/item-stats/text.ini)
plugin: item-stats asset 'text.ini' not found (plugin_assets/item-stats/text.ini, plugins/assets/item-stats/text.ini)
plugin: item-stats asset 'text.ini' not found (plugin_assets/item-stats/text.ini, plugins/assets/item-stats/text.ini)
plugin: item-stats asset 'text.ini' not found (plugin_assets/item-stats/text.ini, plugins/assets/item-stats/text.ini)
plugin: item-stats asset 'text.ini' not found (plugin_assets/item-stats/text.ini, plugins/assets/item-stats/text.ini)
plugin: item-stats asset 'text.ini' not found (plugin_assets/item-stats/text.ini, plugins/assets/item-stats/text.ini)
plugin: item-stats asset 'text.ini' not found (plugin_assets/item-stats/text.ini, plugins/assets/item-stats/text.ini)
plugin: item-stats asset 'text.ini' not found (plugin_assets/item-stats/text.ini, plugins/assets/item-stats/text.ini)
plugin: item-stats asset 'text.ini' not found (plugin_assets/item-stats/text.ini, plugins/assets/item-stats/text.ini)
plugin: item-stats asset 'text.ini' not found (plugin_assets/item-stats/text.ini, plugins/assets/item-stats/text.ini)
plugin: item-stats asset 'text.ini' not found (plugin_assets/item-stats/text.ini, plugins/assets/item-stats/text.ini)
plugin: item-stats asset 'text.ini' not found (plugin_assets/item-stats/text.ini, plugins/assets/item-stats/text.ini)
plugin: item-stats asset 'text.ini' not found (plugin_assets/item-stats/text.ini, plugins/assets/item-stats/text.ini)
plugin: item-stats asset 'text.ini' not found (plugin_assets/item-stats/text.ini, plugins/assets/item-stats/text.ini)
plugin: item-stats asset 'text.ini' not found (plugin_assets/item-stats/text.ini, plugins/assets/item-stats/text.ini)
plugin: item-stats asset 'text.ini' not found (plugin_assets/item-stats/text.ini, plugins/assets/item-stats/text.ini)
plugin: item-stats asset 'text.ini' not found (plugin_assets/item-stats/text.ini, plugins/assets/item-stats/text.ini)
plugin: item-stats asset 'text.ini' not found (plugin_assets/item-stats/text.ini, plugins/assets/item-stats/text.ini)
plugin: item-stats asset 'text.ini' not found (plugin_assets/item-stats/text.ini, plugins/assets/item-stats/text.ini)
plugin: item-stats asset 'text.ini' not found (plugin_assets/item-stats/text.ini, plugins/assets/item-stats/text.ini)
plugin: item-stats asset 'text.ini' not found (plugin_assets/item-stats/text.ini, plugins/assets/item-stats/text.ini)
plugin: item-stats asset 'text.ini' not found (plugin_assets/item-stats/text.ini, plugins/assets/item-stats/text.ini)
plugin: item-stats asset 'text.ini' not found (plugin_assets/item-stats/text.ini, plugins/assets/item-stats/text.ini)
plugin: item-stats asset 'text.ini' not found (plugin_assets/item-stats/text.ini, plugins/assets/item-stats/text.ini)
plugin: item-stats asset 'text.ini' not found (plugin_assets/item-stats/text.ini, plugins/assets/item-stats/text.ini)
torirs_perf: window=3 frame_p95=114.71ms
plugin: item-stats asset 'text.ini' not found (plugin_assets/item-stats/text.ini, plugins/assets/item-stats/text.ini)
plugin: item-stats asset 'text.ini' not found (plugin_assets/item-stats/text.ini, plugins/assets/item-stats/text.ini)
plugin: item-stats asset 'text.ini' not found (plugin_assets/item-stats/text.ini, plugins/assets/item-stats/text.ini)
plugin: item-stats asset 'text.ini' not found (plugin_assets/item-stats/text.ini, plugins/assets/item-stats/text.ini)
plugin: item-stats asset 'text.ini' not found (plugin_assets/item-stats/text.ini, plugins/assets/item-stats/text.ini)
plugin: item-stats asset 'text.ini' not found (plugin_assets/item-stats/text.ini, plugins/assets/item-stats/text.ini)
plugin: item-stats asset 'text.ini' not found (plugin_assets/item-stats/text.ini, plugins/assets/item-stats/text.ini)
plugin: item-stats asset 'text.ini' not found (plugin_assets/item-stats/text.ini, plugins/assets/item-stats/text.ini)
plugin: item-stats asset 'text.ini' not found (plugin_assets/item-stats/text.ini, plugins/assets/item-stats/text.ini)
plugin: item-stats asset 'text.ini' not found (plugin_assets/item-stats/text.ini, plugins/assets/item-stats/text.ini)
plugin: item-stats asset 'text.ini' not found (plugin_assets/item-stats/text.ini, plugins/assets/item-stats/text.ini)
plugin: item-stats asset 'text.ini' not found (plugin_assets/item-stats/text.ini, plugins/assets/item-stats/text.ini)
plugin: item-stats asset 'text.ini' not found (plugin_assets/item-stats/text.ini, plugins/assets/item-stats/text.ini)
plugin: item-stats asset 'text.ini' not found (plugin_assets/item-stats/text.ini, plugins/assets/item-stats/text.ini)
plugin: item-stats asset 'text.ini' not found (plugin_assets/item-stats/text.ini, plugins/assets/item-stats/text.ini)
plugin: item-stats asset 'text.ini' not found (plugin_assets/item-stats/text.ini, plugins/assets/item-stats/text.ini)
plugin: item-stats asset 'text.ini' not found (plugin_assets/item-stats/text.ini, plugins/assets/item-stats/text.ini)
plugin: item-stats asset 'text.ini' not found (plugin_assets/item-stats/text.ini, plugins/assets/item-stats/text.ini)
plugin: item-stats asset 'text.ini' not found (plugin_assets/item-stats/text.ini, plugins/assets/item-stats/text.ini)
plugin: item-stats asset 'text.ini' not found (plugin_assets/item-stats/text.ini, plugins/assets/item-stats/text.ini)
plugin: item-stats asset 'text.ini' not found (plugin_assets/item-stats/text.ini, plugins/assets/item-stats/text.ini)
plugin: item-stats asset 'text.ini' not found (plugin_assets/item-stats/text.ini, plugins/assets/item-stats/text.ini)
plugin: item-stats asset 'text.ini' not found (plugin_assets/item-stats/text.ini, plugins/assets/item-stats/text.ini)
plugin: item-stats asset 'text.ini' not found (plugin_assets/item-stats/text.ini, plugins/assets/item-stats/text.ini)
plugin: item-stats asset 'text.ini' not found (plugin_assets/item-stats/text.ini, plugins/assets/item-stats/text.ini)
plugin: item-stats asset 'text.ini' not found (plugin_assets/item-stats/text.ini, plugins/assets/item-stats/text.ini)
plugin: item-stats asset 'text.ini' not found (plugin_assets/item-stats/text.ini, plugins/assets/item-stats/text.ini)
plugin: item-stats asset 'text.ini' not found (plugin_assets/item-stats/text.ini, plugins/assets/item-stats/text.ini)
plugin: item-stats asset 'text.ini' not found (plugin_assets/item-stats/text.ini, plugins/assets/item-stats/text.ini)
plugin: item-stats asset 'text.ini' not found (plugin_assets/item-stats/text.ini, plugins/assets/item-stats/text.ini)
plugin: item-stats asset 'text.ini' not found (plugin_assets/item-stats/text.ini, plugins/assets/item-stats/text.ini)
plugin: item-stats asset 'text.ini' not found (plugin_assets/item-stats/text.ini, plugins/assets/item-stats/text.ini)
plugin: item-stats asset 'text.ini' not found (plugin_assets/item-stats/text.ini, plugins/assets/item-stats/text.ini)
plugin: item-stats asset 'text.ini' not found (plugin_assets/item-stats/text.ini, plugins/assets/item-stats/text.ini)
plugin: item-stats asset 'text.ini' not found (plugin_assets/item-stats/text.ini, plugins/assets/item-stats/text.ini)
plugin: item-stats asset 'text.ini' not found (plugin_assets/item-stats/text.ini, plugins/assets/item-stats/text.ini)
plugin: item-stats asset 'text.ini' not found (plugin_assets/item-stats/text.ini, plugins/assets/item-stats/text.ini)
plugin: item-stats asset 'text.ini' not found (plugin_assets/item-stats/text.ini, plugins/assets/item-stats/text.ini)
plugin: item-stats asset 'text.ini' not found (plugin_assets/item-stats/text.ini, plugins/assets/item-stats/text.ini)
plugin: item-stats asset 'text.ini' not found (plugin_assets/item-stats/text.ini, plugins/assets/item-stats/text.ini)
plugin: item-stats asset 'text.ini' not found (plugin_assets/item-stats/text.ini, plugins/assets/item-stats/text.ini)
plugin: item-stats asset 'text.ini' not found (plugin_assets/item-stats/text.ini, plugins/assets/item-stats/text.ini)
plugin: item-stats asset 'text.ini' not found (plugin_assets/item-stats/text.ini, plugins/assets/item-stats/text.ini)
plugin: item-stats asset 'text.ini' not found (plugin_assets/item-stats/text.ini, plugins/assets/item-stats/text.ini)
plugin: item-stats asset 'text.ini' not found (plugin_assets/item-stats/text.ini, plugins/assets/item-stats/text.ini)
plugin: item-stats asset 'text.ini' not found (plugin_assets/item-stats/text.ini, plugins/assets/item-stats/text.ini)
plugin: item-stats asset 'text.ini' not found (plugin_assets/item-stats/text.ini, plugins/assets/item-stats/text.ini)
plugin: item-stats asset 'text.ini' not found (plugin_assets/item-stats/text.ini, plugins/assets/item-stats/text.ini)
plugin: item-stats asset 'text.ini' not found (plugin_assets/item-stats/text.ini, plugins/assets/item-stats/text.ini)
plugin: item-stats asset 'text.ini' not found (plugin_assets/item-stats/text.ini, plugins/assets/item-stats/text.ini)
plugin: item-stats asset 'text.ini' not found (plugin_assets/item-stats/text.ini, plugins/assets/item-stats/text.ini)
plugin: item-stats asset 'text.ini' not found (plugin_assets/item-stats/text.ini, plugins/assets/item-stats/text.ini)
plugin: item-stats asset 'text.ini' not found (plugin_assets/item-stats/text.ini, plugins/assets/item-stats/text.ini)
plugin: item-stats asset 'text.ini' not found (plugin_assets/item-stats/text.ini, plugins/assets/item-stats/text.ini)
plugin: item-stats asset 'text.ini' not found (plugin_assets/item-stats/text.ini, plugins/assets/item-stats/text.ini)
plugin: item-stats asset 'text.ini' not found (plugin_assets/item-stats/text.ini, plugins/assets/item-stats/text.ini)
plugin: item-stats asset 'text.ini' not found (plugin_assets/item-stats/text.ini, plugins/assets/item-stats/text.ini)
plugin: item-stats asset 'text.ini' not found (plugin_assets/item-stats/text.ini, plugins/assets/item-stats/text.ini)
plugin: item-stats asset 'text.ini' not found (plugin_assets/item-stats/text.ini, plugins/assets/item-stats/text.ini)
plugin: item-stats asset 'text.ini' not found (plugin_assets/item-stats/text.ini, plugins/assets/item-stats/text.ini)
plugin: item-stats asset 'text.ini' not found (plugin_assets/item-stats/text.ini, plugins/assets/item-stats/text.ini)
plugin: item-stats asset 'text.ini' not found (plugin_assets/item-stats/text.ini, plugins/assets/item-stats/text.ini)
plugin: item-stats asset 'text.ini' not found (plugin_assets/item-stats/text.ini, plugins/assets/item-stats/text.ini)
plugin: item-stats asset 'text.ini' not found (plugin_assets/item-stats/text.ini, plugins/assets/item-stats/text.ini)
plugin: item-stats asset 'text.ini' not found (plugin_assets/item-stats/text.ini, plugins/assets/item-stats/text.ini)
plugin: item-stats asset 'text.ini' not found (plugin_assets/item-stats/text.ini, plugins/assets/item-stats/text.ini)
plugin: item-stats asset 'text.ini' not found (plugin_assets/item-stats/text.ini, plugins/assets/item-stats/text.ini)
plugin: item-stats asset 'text.ini' not found (plugin_assets/item-stats/text.ini, plugins/assets/item-stats/text.ini)
plugin: item-stats asset 'text.ini' not found (plugin_assets/item-stats/text.ini, plugins/assets/item-stats/text.ini)
plugin: item-stats asset 'text.ini' not found (plugin_assets/item-stats/text.ini, plugins/assets/item-stats/text.ini)
plugin: item-stats asset 'text.ini' not found (plugin_assets/item-stats/text.ini, plugins/assets/item-stats/text.ini)
plugin: item-stats asset 'text.ini' not found (plugin_assets/item-stats/text.ini, plugins/assets/item-stats/text.ini)
plugin: item-stats asset 'text.ini' not found (plugin_assets/item-stats/text.ini, plugins/assets/item-stats/text.ini)
plugin: item-stats asset 'text.ini' not found (plugin_assets/item-stats/text.ini, plugins/assets/item-stats/text.ini)
plugin: item-stats asset 'text.ini' not found (plugin_assets/item-stats/text.ini, plugins/assets/item-stats/text.ini)
plugin: item-stats asset 'text.ini' not found (plugin_assets/item-stats/text.ini, plugins/assets/item-stats/text.ini)
plugin: item-stats asset 'text.ini' not found (plugin_assets/item-stats/text.ini, plugins/assets/item-stats/text.ini)
plugin: item-stats asset 'text.ini' not found (plugin_assets/item-stats/text.ini, plugins/assets/item-stats/text.ini)
plugin: item-stats asset 'text.ini' not found (plugin_assets/item-stats/text.ini, plugins/assets/item-stats/text.ini)
plugin: item-stats asset 'text.ini' not found (plugin_assets/item-stats/text.ini, plugins/assets/item-stats/text.ini)
plugin: item-stats asset 'text.ini' not found (plugin_assets/item-stats/text.ini, plugins/assets/item-stats/text.ini)
plugin: item-stats asset 'text.ini' not found (plugin_assets/item-stats/text.ini, plugins/assets/item-stats/text.ini)
plugin: item-stats asset 'text.ini' not found (plugin_assets/item-stats/text.ini, plugins/assets/item-stats/text.ini)
plugin: item-stats asset 'text.ini' not found (plugin_assets/item-stats/text.ini, plugins/assets/item-stats/text.ini)
plugin: item-stats asset 'text.ini' not found (plugin_assets/item-stats/text.ini, plugins/assets/item-stats/text.ini)
plugin: item-stats asset 'text.ini' not found (plugin_assets/item-stats/text.ini, plugins/assets/item-stats/text.ini)
plugin: item-stats asset 'text.ini' not found (plugin_assets/item-stats/text.ini, plugins/assets/item-stats/text.ini)
plugin: item-stats asset 'text.ini' not found (plugin_assets/item-stats/text.ini, plugins/assets/item-stats/text.ini)
plugin: item-stats asset 'text.ini' not found (plugin_assets/item-stats/text.ini, plugins/assets/item-stats/text.ini)
plugin: item-stats asset 'text.ini' not found (plugin_assets/item-stats/text.ini, plugins/assets/item-stats/text.ini)
plugin: item-stats asset 'text.ini' not found (plugin_assets/item-stats/text.ini, plugins/assets/item-stats/text.ini)
plugin: item-stats asset 'text.ini' not found (plugin_assets/item-stats/text.ini, plugins/assets/item-stats/text.ini)
plugin: item-stats asset 'text.ini' not found (plugin_assets/item-stats/text.ini, plugins/assets/item-stats/text.ini)
plugin: item-stats asset 'text.ini' not found (plugin_assets/item-stats/text.ini, plugins/assets/item-stats/text.ini)
plugin: item-stats asset 'text.ini' not found (plugin_assets/item-stats/text.ini, plugins/assets/item-stats/text.ini)
plugin: item-stats asset 'text.ini' not found (plugin_assets/item-stats/text.ini, plugins/assets/item-stats/text.ini)
plugin: item-stats asset 'text.ini' not found (plugin_assets/item-stats/text.ini, plugins/assets/item-stats/text.ini)
plugin: item-stats asset 'text.ini' not found (plugin_assets/item-stats/text.ini, plugins/assets/item-stats/text.ini)
plugin: item-stats asset 'text.ini' not found (plugin_assets/item-stats/text.ini, plugins/assets/item-stats/text.ini)
plugin: item-stats asset 'text.ini' not found (plugin_assets/item-stats/text.ini, plugins/assets/item-stats/text.ini)
torirs_perf: window=4 frame_p95=115.20ms
plugin: item-stats asset 'text.ini' not found (plugin_assets/item-stats/text.ini, plugins/assets/item-stats/text.ini)
plugin: item-stats asset 'text.ini' not found (plugin_assets/item-stats/text.ini, plugins/assets/item-stats/text.ini)
plugin: item-stats asset 'text.ini' not found (plugin_assets/item-stats/text.ini, plugins/assets/item-stats/text.ini)
plugin: item-stats asset 'text.ini' not found (plugin_assets/item-stats/text.ini, plugins/assets/item-stats/text.ini)
plugin: item-stats asset 'text.ini' not found (plugin_assets/item-stats/text.ini, plugins/assets/item-stats/text.ini)
plugin: item-stats asset 'text.ini' not found (plugin_assets/item-stats/text.ini, plugins/assets/item-stats/text.ini)
plugin: item-stats asset 'text.ini' not found (plugin_assets/item-stats/text.ini, plugins/assets/item-stats/text.ini)
plugin: item-stats asset 'text.ini' not found (plugin_assets/item-stats/text.ini, plugins/assets/item-stats/text.ini)
plugin: item-stats asset 'text.ini' not found (plugin_assets/item-stats/text.ini, plugins/assets/item-stats/text.ini)
plugin: item-stats asset 'text.ini' not found (plugin_assets/item-stats/text.ini, plugins/assets/item-stats/text.ini)
plugin: item-stats asset 'text.ini' not found (plugin_assets/item-stats/text.ini, plugins/assets/item-stats/text.ini)
plugin: item-stats asset 'text.ini' not found (plugin_assets/item-stats/text.ini, plugins/assets/item-stats/text.ini)
plugin: item-stats asset 'text.ini' not found (plugin_assets/item-stats/text.ini, plugins/assets/item-stats/text.ini)
plugin: item-stats asset 'text.ini' not found (plugin_assets/item-stats/text.ini, plugins/assets/item-stats/text.ini)
plugin: item-stats asset 'text.ini' not found (plugin_assets/item-stats/text.ini, plugins/assets/item-stats/text.ini)
plugin: item-stats asset 'text.ini' not found (plugin_assets/item-stats/text.ini, plugins/assets/item-stats/text.ini)
plugin: item-stats asset 'text.ini' not found (plugin_assets/item-stats/text.ini, plugins/assets/item-stats/text.ini)
plugin: item-stats asset 'text.ini' not found (plugin_assets/item-stats/text.ini, plugins/assets/item-stats/text.ini)
plugin: item-stats asset 'text.ini' not found (plugin_assets/item-stats/text.ini, plugins/assets/item-stats/text.ini)
plugin: item-stats asset 'text.ini' not found (plugin_assets/item-stats/text.ini, plugins/assets/item-stats/text.ini)
plugin: item-stats asset 'text.ini' not found (plugin_assets/item-stats/text.ini, plugins/assets/item-stats/text.ini)
plugin: item-stats asset 'text.ini' not found (plugin_assets/item-stats/text.ini, plugins/assets/item-stats/text.ini)
plugin: item-stats asset 'text.ini' not found (plugin_assets/item-stats/text.ini, plugins/assets/item-stats/text.ini)
plugin: item-stats asset 'text.ini' not found (plugin_assets/item-stats/text.ini, plugins/assets/item-stats/text.ini)
plugin: item-stats asset 'text.ini' not found (plugin_assets/item-stats/text.ini, plugins/assets/item-stats/text.ini)
plugin: item-stats asset 'text.ini' not found (plugin_assets/item-stats/text.ini, plugins/assets/item-stats/text.ini)
plugin: item-stats asset 'text.ini' not found (plugin_assets/item-stats/text.ini, plugins/assets/item-stats/text.ini)
plugin: item-stats asset 'text.ini' not found (plugin_assets/item-stats/text.ini, plugins/assets/item-stats/text.ini)
plugin: item-stats asset 'text.ini' not found (plugin_assets/item-stats/text.ini, plugins/assets/item-stats/text.ini)
plugin: item-stats asset 'text.ini' not found (plugin_assets/item-stats/text.ini, plugins/assets/item-stats/text.ini)
plugin: item-stats asset 'text.ini' not found (plugin_assets/item-stats/text.ini, plugins/assets/item-stats/text.ini)
plugin: item-stats asset 'text.ini' not found (plugin_assets/item-stats/text.ini, plugins/assets/item-stats/text.ini)
plugin: item-stats asset 'text.ini' not found (plugin_assets/item-stats/text.ini, plugins/assets/item-stats/text.ini)
plugin: item-stats asset 'text.ini' not found (plugin_assets/item-stats/text.ini, plugins/assets/item-stats/text.ini)
plugin: item-stats asset 'text.ini' not found (plugin_assets/item-stats/text.ini, plugins/assets/item-stats/text.ini)
plugin: item-stats asset 'text.ini' not found (plugin_assets/item-stats/text.ini, plugins/assets/item-stats/text.ini)
plugin: item-stats asset 'text.ini' not found (plugin_assets/item-stats/text.ini, plugins/assets/item-stats/text.ini)
plugin: item-stats asset 'text.ini' not found (plugin_assets/item-stats/text.ini, plugins/assets/item-stats/text.ini)
plugin: item-stats asset 'text.ini' not found (plugin_assets/item-stats/text.ini, plugins/assets/item-stats/text.ini)
plugin: item-stats asset 'text.ini' not found (plugin_assets/item-stats/text.ini, plugins/assets/item-stats/text.ini)
plugin: item-stats asset 'text.ini' not found (plugin_assets/item-stats/text.ini, plugins/assets/item-stats/text.ini)
plugin: item-stats asset 'text.ini' not found (plugin_assets/item-stats/text.ini, plugins/assets/item-stats/text.ini)
plugin: item-stats asset 'text.ini' not found (plugin_assets/item-stats/text.ini, plugins/assets/item-stats/text.ini)
plugin: item-stats asset 'text.ini' not found (plugin_assets/item-stats/text.ini, plugins/assets/item-stats/text.ini)
plugin: item-stats asset 'text.ini' not found (plugin_assets/item-stats/text.ini, plugins/assets/item-stats/text.ini)
plugin: item-stats asset 'text.ini' not found (plugin_assets/item-stats/text.ini, plugins/assets/item-stats/text.ini)
plugin: item-stats asset 'text.ini' not found (plugin_assets/item-stats/text.ini, plugins/assets/item-stats/text.ini)
plugin: item-stats asset 'text.ini' not found (plugin_assets/item-stats/text.ini, plugins/assets/item-stats/text.ini)
plugin: item-stats asset 'text.ini' not found (plugin_assets/item-stats/text.ini, plugins/assets/item-stats/text.ini)
plugin: item-stats asset 'text.ini' not found (plugin_assets/item-stats/text.ini, plugins/assets/item-stats/text.ini)
plugin: item-stats asset 'text.ini' not found (plugin_assets/item-stats/text.ini, plugins/assets/item-stats/text.ini)
plugin: item-stats asset 'text.ini' not found (plugin_assets/item-stats/text.ini, plugins/assets/item-stats/text.ini)
plugin: item-stats asset 'text.ini' not found (plugin_assets/item-stats/text.ini, plugins/assets/item-stats/text.ini)
plugin: item-stats asset 'text.ini' not found (plugin_assets/item-stats/text.ini, plugins/assets/item-stats/text.ini)
plugin: item-stats asset 'text.ini' not found (plugin_assets/item-stats/text.ini, plugins/assets/item-stats/text.ini)
plugin: item-stats asset 'text.ini' not found (plugin_assets/item-stats/text.ini, plugins/assets/item-stats/text.ini)
plugin: item-stats asset 'text.ini' not found (plugin_assets/item-stats/text.ini, plugins/assets/item-stats/text.ini)
plugin: item-stats asset 'text.ini' not found (plugin_assets/item-stats/text.ini, plugins/assets/item-stats/text.ini)
plugin: item-stats asset 'text.ini' not found (plugin_assets/item-stats/text.ini, plugins/assets/item-stats/text.ini)
plugin: item-stats asset 'text.ini' not found (plugin_assets/item-stats/text.ini, plugins/assets/item-stats/text.ini)
plugin: item-stats asset 'text.ini' not found (plugin_assets/item-stats/text.ini, plugins/assets/item-stats/text.ini)
plugin: item-stats asset 'text.ini' not found (plugin_assets/item-stats/text.ini, plugins/assets/item-stats/text.ini)
plugin: item-stats asset 'text.ini' not found (plugin_assets/item-stats/text.ini, plugins/assets/item-stats/text.ini)
plugin: item-stats asset 'text.ini' not found (plugin_assets/item-stats/text.ini, plugins/assets/item-stats/text.ini)
plugin: item-stats asset 'text.ini' not found (plugin_assets/item-stats/text.ini, plugins/assets/item-stats/text.ini)
plugin: item-stats asset 'text.ini' not found (plugin_assets/item-stats/text.ini, plugins/assets/item-stats/text.ini)
plugin: item-stats asset 'text.ini' not found (plugin_assets/item-stats/text.ini, plugins/assets/item-stats/text.ini)
plugin: item-stats asset 'text.ini' not found (plugin_assets/item-stats/text.ini, plugins/assets/item-stats/text.ini)
plugin: item-stats asset 'text.ini' not found (plugin_assets/item-stats/text.ini, plugins/assets/item-stats/text.ini)
plugin: item-stats asset 'text.ini' not found (plugin_assets/item-stats/text.ini, plugins/assets/item-stats/text.ini)
plugin: item-stats asset 'text.ini' not found (plugin_assets/item-stats/text.ini, plugins/assets/item-stats/text.ini)
plugin: item-stats asset 'text.ini' not found (plugin_assets/item-stats/text.ini, plugins/assets/item-stats/text.ini)
plugin: item-stats asset 'text.ini' not found (plugin_assets/item-stats/text.ini, plugins/assets/item-stats/text.ini)
plugin: item-stats asset 'text.ini' not found (plugin_assets/item-stats/text.ini, plugins/assets/item-stats/text.ini)
plugin: item-stats asset 'text.ini' not found (plugin_assets/item-stats/text.ini, plugins/assets/item-stats/text.ini)
plugin: item-stats asset 'text.ini' not found (plugin_assets/item-stats/text.ini, plugins/assets/item-stats/text.ini)
plugin: item-stats asset 'text.ini' not found (plugin_assets/item-stats/text.ini, plugins/assets/item-stats/text.ini)
plugin: item-stats asset 'text.ini' not found (plugin_assets/item-stats/text.ini, plugins/assets/item-stats/text.ini)
plugin: item-stats asset 'text.ini' not found (plugin_assets/item-stats/text.ini, plugins/assets/item-stats/text.ini)
plugin: item-stats asset 'text.ini' not found (plugin_assets/item-stats/text.ini, plugins/assets/item-stats/text.ini)
plugin: item-stats asset 'text.ini' not found (plugin_assets/item-stats/text.ini, plugins/assets/item-stats/text.ini)
plugin: item-stats asset 'text.ini' not found (plugin_assets/item-stats/text.ini, plugins/assets/item-stats/text.ini)
plugin: item-stats asset 'text.ini' not found (plugin_assets/item-stats/text.ini, plugins/assets/item-stats/text.ini)
plugin: item-stats asset 'text.ini' not found (plugin_assets/item-stats/text.ini, plugins/assets/item-stats/text.ini)
plugin: item-stats asset 'text.ini' not found (plugin_assets/item-stats/text.ini, plugins/assets/item-stats/text.ini)
plugin: item-stats asset 'text.ini' not found (plugin_assets/item-stats/text.ini, plugins/assets/item-stats/text.ini)
plugin: item-stats asset 'text.ini' not found (plugin_assets/item-stats/text.ini, plugins/assets/item-stats/text.ini)
plugin: item-stats asset 'text.ini' not found (plugin_assets/item-stats/text.ini, plugins/assets/item-stats/text.ini)
plugin: item-stats asset 'text.ini' not found (plugin_assets/item-stats/text.ini, plugins/assets/item-stats/text.ini)
plugin: item-stats asset 'text.ini' not found (plugin_assets/item-stats/text.ini, plugins/assets/item-stats/text.ini)
plugin: item-stats asset 'text.ini' not found (plugin_assets/item-stats/text.ini, plugins/assets/item-stats/text.ini)
plugin: item-stats asset 'text.ini' not found (plugin_assets/item-stats/text.ini, plugins/assets/item-stats/text.ini)
plugin: item-stats asset 'text.ini' not found (plugin_assets/item-stats/text.ini, plugins/assets/item-stats/text.ini)
plugin: item-stats asset 'text.ini' not found (plugin_assets/item-stats/text.ini, plugins/assets/item-stats/text.ini)
plugin: item-stats asset 'text.ini' not found (plugin_assets/item-stats/text.ini, plugins/assets/item-stats/text.ini)
plugin: item-stats asset 'text.ini' not found (plugin_assets/item-stats/text.ini, plugins/assets/item-stats/text.ini)
plugin: item-stats asset 'text.ini' not found (plugin_assets/item-stats/text.ini, plugins/assets/item-stats/text.ini)
plugin: item-stats asset 'text.ini' not found (plugin_assets/item-stats/text.ini, plugins/assets/item-stats/text.ini)
plugin: item-stats asset 'text.ini' not found (plugin_assets/item-stats/text.ini, plugins/assets/item-stats/text.ini)
plugin: item-stats asset 'text.ini' not found (plugin_assets/item-stats/text.ini, plugins/assets/item-stats/text.ini)
torirs_perf: window=5 frame_p95=108.71ms
plugin: item-stats asset 'text.ini' not found (plugin_assets/item-stats/text.ini, plugins/assets/item-stats/text.ini)
plugin: item-stats asset 'text.ini' not found (plugin_assets/item-stats/text.ini, plugins/assets/item-stats/text.ini)
plugin: item-stats asset 'text.ini' not found (plugin_assets/item-stats/text.ini, plugins/assets/item-stats/text.ini)
plugin: item-stats asset 'text.ini' not found (plugin_assets/item-stats/text.ini, plugins/assets/item-stats/text.ini)
plugin: item-stats asset 'text.ini' not found (plugin_assets/item-stats/text.ini, plugins/assets/item-stats/text.ini)
plugin: item-stats asset 'text.ini' not found (plugin_assets/item-stats/text.ini, plugins/assets/item-stats/text.ini)
plugin: item-stats asset 'text.ini' not found (plugin_assets/item-stats/text.ini, plugins/assets/item-stats/text.ini)
plugin: item-stats asset 'text.ini' not found (plugin_assets/item-stats/text.ini, plugins/assets/item-stats/text.ini)
plugin: item-stats asset 'text.ini' not found (plugin_assets/item-stats/text.ini, plugins/assets/item-stats/text.ini)
plugin: item-stats asset 'text.ini' not found (plugin_assets/item-stats/text.ini, plugins/assets/item-stats/text.ini)
plugin: item-stats asset 'text.ini' not found (plugin_assets/item-stats/text.ini, plugins/assets/item-stats/text.ini)
plugin: item-stats asset 'text.ini' not found (plugin_assets/item-stats/text.ini, plugins/assets/item-stats/text.ini)
plugin: item-stats asset 'text.ini' not found (plugin_assets/item-stats/text.ini, plugins/assets/item-stats/text.ini)
plugin: item-stats asset 'text.ini' not found (plugin_assets/item-stats/text.ini, plugins/assets/item-stats/text.ini)
plugin: item-stats asset 'text.ini' not found (plugin_assets/item-stats/text.ini, plugins/assets/item-stats/text.ini)
plugin: item-stats asset 'text.ini' not found (plugin_assets/item-stats/text.ini, plugins/assets/item-stats/text.ini)
plugin: item-stats asset 'text.ini' not found (plugin_assets/item-stats/text.ini, plugins/assets/item-stats/text.ini)
plugin: item-stats asset 'text.ini' not found (plugin_assets/item-stats/text.ini, plugins/assets/item-stats/text.ini)
plugin: item-stats asset 'text.ini' not found (plugin_assets/item-stats/text.ini, plugins/assets/item-stats/text.ini)
plugin: item-stats asset 'text.ini' not found (plugin_assets/item-stats/text.ini, plugins/assets/item-stats/text.ini)
plugin: item-stats asset 'text.ini' not found (plugin_assets/item-stats/text.ini, plugins/assets/item-stats/text.ini)
plugin: item-stats asset 'text.ini' not found (plugin_assets/item-stats/text.ini, plugins/assets/item-stats/text.ini)
plugin: item-stats asset 'text.ini' not found (plugin_assets/item-stats/text.ini, plugins/assets/item-stats/text.ini)
plugin: item-stats asset 'text.ini' not found (plugin_assets/item-stats/text.ini, plugins/assets/item-stats/text.ini)
plugin: item-stats asset 'text.ini' not found (plugin_assets/item-stats/text.ini, plugins/assets/item-stats/text.ini)
plugin: item-stats asset 'text.ini' not found (plugin_assets/item-stats/text.ini, plugins/assets/item-stats/text.ini)
plugin: item-stats asset 'text.ini' not found (plugin_assets/item-stats/text.ini, plugins/assets/item-stats/text.ini)
plugin: item-stats asset 'text.ini' not found (plugin_assets/item-stats/text.ini, plugins/assets/item-stats/text.ini)
plugin: item-stats asset 'text.ini' not found (plugin_assets/item-stats/text.ini, plugins/assets/item-stats/text.ini)
plugin: item-stats asset 'text.ini' not found (plugin_assets/item-stats/text.ini, plugins/assets/item-stats/text.ini)
plugin: item-stats asset 'text.ini' not found (plugin_assets/item-stats/text.ini, plugins/assets/item-stats/text.ini)
plugin: item-stats asset 'text.ini' not found (plugin_assets/item-stats/text.ini, plugins/assets/item-stats/text.ini)
plugin: item-stats asset 'text.ini' not found (plugin_assets/item-stats/text.ini, plugins/assets/item-stats/text.ini)
plugin: item-stats asset 'text.ini' not found (plugin_assets/item-stats/text.ini, plugins/assets/item-stats/text.ini)
plugin: item-stats asset 'text.ini' not found (plugin_assets/item-stats/text.ini, plugins/assets/item-stats/text.ini)
plugin: item-stats asset 'text.ini' not found (plugin_assets/item-stats/text.ini, plugins/assets/item-stats/text.ini)
plugin: item-stats asset 'text.ini' not found (plugin_assets/item-stats/text.ini, plugins/assets/item-stats/text.ini)
plugin: item-stats asset 'text.ini' not found (plugin_assets/item-stats/text.ini, plugins/assets/item-stats/text.ini)
plugin: item-stats asset 'text.ini' not found (plugin_assets/item-stats/text.ini, plugins/assets/item-stats/text.ini)
plugin: item-stats asset 'text.ini' not found (plugin_assets/item-stats/text.ini, plugins/assets/item-stats/text.ini)
plugin: item-stats asset 'text.ini' not found (plugin_assets/item-stats/text.ini, plugins/assets/item-stats/text.ini)
plugin: item-stats asset 'text.ini' not found (plugin_assets/item-stats/text.ini, plugins/assets/item-stats/text.ini)
plugin: item-stats asset 'text.ini' not found (plugin_assets/item-stats/text.ini, plugins/assets/item-stats/text.ini)
plugin: item-stats asset 'text.ini' not found (plugin_assets/item-stats/text.ini, plugins/assets/item-stats/text.ini)
plugin: item-stats asset 'text.ini' not found (plugin_assets/item-stats/text.ini, plugins/assets/item-stats/text.ini)
plugin: item-stats asset 'text.ini' not found (plugin_assets/item-stats/text.ini, plugins/assets/item-stats/text.ini)
plugin: item-stats asset 'text.ini' not found (plugin_assets/item-stats/text.ini, plugins/assets/item-stats/text.ini)
plugin: item-stats asset 'text.ini' not found (plugin_assets/item-stats/text.ini, plugins/assets/item-stats/text.ini)
plugin: item-stats asset 'text.ini' not found (plugin_assets/item-stats/text.ini, plugins/assets/item-stats/text.ini)
plugin: item-stats asset 'text.ini' not found (plugin_assets/item-stats/text.ini, plugins/assets/item-stats/text.ini)
plugin: item-stats asset 'text.ini' not found (plugin_assets/item-stats/text.ini, plugins/assets/item-stats/text.ini)
plugin: item-stats asset 'text.ini' not found (plugin_assets/item-stats/text.ini, plugins/assets/item-stats/text.ini)
plugin: item-stats asset 'text.ini' not found (plugin_assets/item-stats/text.ini, plugins/assets/item-stats/text.ini)
plugin: item-stats asset 'text.ini' not found (plugin_assets/item-stats/text.ini, plugins/assets/item-stats/text.ini)
plugin: item-stats asset 'text.ini' not found (plugin_assets/item-stats/text.ini, plugins/assets/item-stats/text.ini)
plugin: item-stats asset 'text.ini' not found (plugin_assets/item-stats/text.ini, plugins/assets/item-stats/text.ini)
plugin: item-stats asset 'text.ini' not found (plugin_assets/item-stats/text.ini, plugins/assets/item-stats/text.ini)
plugin: item-stats asset 'text.ini' not found (plugin_assets/item-stats/text.ini, plugins/assets/item-stats/text.ini)
plugin: item-stats asset 'text.ini' not found (plugin_assets/item-stats/text.ini, plugins/assets/item-stats/text.ini)
plugin: item-stats asset 'text.ini' not found (plugin_assets/item-stats/text.ini, plugins/assets/item-stats/text.ini)
plugin: item-stats asset 'text.ini' not found (plugin_assets/item-stats/text.ini, plugins/assets/item-stats/text.ini)
plugin: item-stats asset 'text.ini' not found (plugin_assets/item-stats/text.ini, plugins/assets/item-stats/text.ini)
plugin: item-stats asset 'text.ini' not found (plugin_assets/item-stats/text.ini, plugins/assets/item-stats/text.ini)
plugin: item-stats asset 'text.ini' not found (plugin_assets/item-stats/text.ini, plugins/assets/item-stats/text.ini)
plugin: item-stats asset 'text.ini' not found (plugin_assets/item-stats/text.ini, plugins/assets/item-stats/text.ini)
plugin: item-stats asset 'text.ini' not found (plugin_assets/item-stats/text.ini, plugins/assets/item-stats/text.ini)
plugin: item-stats asset 'text.ini' not found (plugin_assets/item-stats/text.ini, plugins/assets/item-stats/text.ini)
plugin: item-stats asset 'text.ini' not found (plugin_assets/item-stats/text.ini, plugins/assets/item-stats/text.ini)
plugin: item-stats asset 'text.ini' not found (plugin_assets/item-stats/text.ini, plugins/assets/item-stats/text.ini)
plugin: item-stats asset 'text.ini' not found (plugin_assets/item-stats/text.ini, plugins/assets/item-stats/text.ini)
plugin: item-stats asset 'text.ini' not found (plugin_assets/item-stats/text.ini, plugins/assets/item-stats/text.ini)
plugin: item-stats asset 'text.ini' not found (plugin_assets/item-stats/text.ini, plugins/assets/item-stats/text.ini)
plugin: item-stats asset 'text.ini' not found (plugin_assets/item-stats/text.ini, plugins/assets/item-stats/text.ini)
plugin: item-stats asset 'text.ini' not found (plugin_assets/item-stats/text.ini, plugins/assets/item-stats/text.ini)
plugin: item-stats asset 'text.ini' not found (plugin_assets/item-stats/text.ini, plugins/assets/item-stats/text.ini)
plugin: item-stats asset 'text.ini' not found (plugin_assets/item-stats/text.ini, plugins/assets/item-stats/text.ini)
plugin: item-stats asset 'text.ini' not found (plugin_assets/item-stats/text.ini, plugins/assets/item-stats/text.ini)
plugin: item-stats asset 'text.ini' not found (plugin_assets/item-stats/text.ini, plugins/assets/item-stats/text.ini)
plugin: item-stats asset 'text.ini' not found (plugin_assets/item-stats/text.ini, plugins/assets/item-stats/text.ini)
plugin: item-stats asset 'text.ini' not found (plugin_assets/item-stats/text.ini, plugins/assets/item-stats/text.ini)
plugin: item-stats asset 'text.ini' not found (plugin_assets/item-stats/text.ini, plugins/assets/item-stats/text.ini)
plugin: item-stats asset 'text.ini' not found (plugin_assets/item-stats/text.ini, plugins/assets/item-stats/text.ini)
plugin: item-stats asset 'text.ini' not found (plugin_assets/item-stats/text.ini, plugins/assets/item-stats/text.ini)
plugin: item-stats asset 'text.ini' not found (plugin_assets/item-stats/text.ini, plugins/assets/item-stats/text.ini)
plugin: item-stats asset 'text.ini' not found (plugin_assets/item-stats/text.ini, plugins/assets/item-stats/text.ini)
plugin: item-stats asset 'text.ini' not found (plugin_assets/item-stats/text.ini, plugins/assets/item-stats/text.ini)
plugin: item-stats asset 'text.ini' not found (plugin_assets/item-stats/text.ini, plugins/assets/item-stats/text.ini)
plugin: item-stats asset 'text.ini' not found (plugin_assets/item-stats/text.ini, plugins/assets/item-stats/text.ini)
plugin: item-stats asset 'text.ini' not found (plugin_assets/item-stats/text.ini, plugins/assets/item-stats/text.ini)
plugin: item-stats asset 'text.ini' not found (plugin_assets/item-stats/text.ini, plugins/assets/item-stats/text.ini)
plugin: item-stats asset 'text.ini' not found (plugin_assets/item-stats/text.ini, plugins/assets/item-stats/text.ini)
plugin: item-stats asset 'text.ini' not found (plugin_assets/item-stats/text.ini, plugins/assets/item-stats/text.ini)
plugin: item-stats asset 'text.ini' not found (plugin_assets/item-stats/text.ini, plugins/assets/item-stats/text.ini)
torirs_perf: window=6 frame_p95=110.12ms
plugin: item-stats asset 'text.ini' not found (plugin_assets/item-stats/text.ini, plugins/assets/item-stats/text.ini)
plugin: item-stats asset 'text.ini' not found (plugin_assets/item-stats/text.ini, plugins/assets/item-stats/text.ini)
plugin: item-stats asset 'text.ini' not found (plugin_assets/item-stats/text.ini, plugins/assets/item-stats/text.ini)
plugin: item-stats asset 'text.ini' not found (plugin_assets/item-stats/text.ini, plugins/assets/item-stats/text.ini)
plugin: item-stats asset 'text.ini' not found (plugin_assets/item-stats/text.ini, plugins/assets/item-stats/text.ini)
plugin: item-stats asset 'text.ini' not found (plugin_assets/item-stats/text.ini, plugins/assets/item-stats/text.ini)
plugin: item-stats asset 'text.ini' not found (plugin_assets/item-stats/text.ini, plugins/assets/item-stats/text.ini)
plugin: item-stats asset 'text.ini' not found (plugin_assets/item-stats/text.ini, plugins/assets/item-stats/text.ini)
plugin: item-stats asset 'text.ini' not found (plugin_assets/item-stats/text.ini, plugins/assets/item-stats/text.ini)
plugin: item-stats asset 'text.ini' not found (plugin_assets/item-stats/text.ini, plugins/assets/item-stats/text.ini)
plugin: item-stats asset 'text.ini' not found (plugin_assets/item-stats/text.ini, plugins/assets/item-stats/text.ini)
plugin: item-stats asset 'text.ini' not found (plugin_assets/item-stats/text.ini, plugins/assets/item-stats/text.ini)
plugin: item-stats asset 'text.ini' not found (plugin_assets/item-stats/text.ini, plugins/assets/item-stats/text.ini)
plugin: item-stats asset 'text.ini' not found (plugin_assets/item-stats/text.ini, plugins/assets/item-stats/text.ini)
plugin: item-stats asset 'text.ini' not found (plugin_assets/item-stats/text.ini, plugins/assets/item-stats/text.ini)
plugin: item-stats asset 'text.ini' not found (plugin_assets/item-stats/text.ini, plugins/assets/item-stats/text.ini)
plugin: item-stats asset 'text.ini' not found (plugin_assets/item-stats/text.ini, plugins/assets/item-stats/text.ini)
plugin: item-stats asset 'text.ini' not found (plugin_assets/item-stats/text.ini, plugins/assets/item-stats/text.ini)
plugin: item-stats asset 'text.ini' not found (plugin_assets/item-stats/text.ini, plugins/assets/item-stats/text.ini)
plugin: item-stats asset 'text.ini' not found (plugin_assets/item-stats/text.ini, plugins/assets/item-stats/text.ini)
plugin: item-stats asset 'text.ini' not found (plugin_assets/item-stats/text.ini, plugins/assets/item-stats/text.ini)
plugin: item-stats asset 'text.ini' not found (plugin_assets/item-stats/text.ini, plugins/assets/item-stats/text.ini)
plugin: item-stats asset 'text.ini' not found (plugin_assets/item-stats/text.ini, plugins/assets/item-stats/text.ini)
plugin: item-stats asset 'text.ini' not found (plugin_assets/item-stats/text.ini, plugins/assets/item-stats/text.ini)
plugin: item-stats asset 'text.ini' not found (plugin_assets/item-stats/text.ini, plugins/assets/item-stats/text.ini)
plugin: item-stats asset 'text.ini' not found (plugin_assets/item-stats/text.ini, plugins/assets/item-stats/text.ini)
plugin: item-stats asset 'text.ini' not found (plugin_assets/item-stats/text.ini, plugins/assets/item-stats/text.ini)
plugin: item-stats asset 'text.ini' not found (plugin_assets/item-stats/text.ini, plugins/assets/item-stats/text.ini)
plugin: item-stats asset 'text.ini' not found (plugin_assets/item-stats/text.ini, plugins/assets/item-stats/text.ini)
plugin: item-stats asset 'text.ini' not found (plugin_assets/item-stats/text.ini, plugins/assets/item-stats/text.ini)
plugin: item-stats asset 'text.ini' not found (plugin_assets/item-stats/text.ini, plugins/assets/item-stats/text.ini)
plugin: item-stats asset 'text.ini' not found (plugin_assets/item-stats/text.ini, plugins/assets/item-stats/text.ini)
plugin: item-stats asset 'text.ini' not found (plugin_assets/item-stats/text.ini, plugins/assets/item-stats/text.ini)
plugin: item-stats asset 'text.ini' not found (plugin_assets/item-stats/text.ini, plugins/assets/item-stats/text.ini)
plugin: item-stats asset 'text.ini' not found (plugin_assets/item-stats/text.ini, plugins/assets/item-stats/text.ini)
plugin: item-stats asset 'text.ini' not found (plugin_assets/item-stats/text.ini, plugins/assets/item-stats/text.ini)
plugin: item-stats asset 'text.ini' not found (plugin_assets/item-stats/text.ini, plugins/assets/item-stats/text.ini)
plugin: item-stats asset 'text.ini' not found (plugin_assets/item-stats/text.ini, plugins/assets/item-stats/text.ini)
plugin: item-stats asset 'text.ini' not found (plugin_assets/item-stats/text.ini, plugins/assets/item-stats/text.ini)
plugin: item-stats asset 'text.ini' not found (plugin_assets/item-stats/text.ini, plugins/assets/item-stats/text.ini)
plugin: item-stats asset 'text.ini' not found (plugin_assets/item-stats/text.ini, plugins/assets/item-stats/text.ini)
plugin: item-stats asset 'text.ini' not found (plugin_assets/item-stats/text.ini, plugins/assets/item-stats/text.ini)
plugin: item-stats asset 'text.ini' not found (plugin_assets/item-stats/text.ini, plugins/assets/item-stats/text.ini)
plugin: item-stats asset 'text.ini' not found (plugin_assets/item-stats/text.ini, plugins/assets/item-stats/text.ini)
plugin: item-stats asset 'text.ini' not found (plugin_assets/item-stats/text.ini, plugins/assets/item-stats/text.ini)
plugin: item-stats asset 'text.ini' not found (plugin_assets/item-stats/text.ini, plugins/assets/item-stats/text.ini)
plugin: item-stats asset 'text.ini' not found (plugin_assets/item-stats/text.ini, plugins/assets/item-stats/text.ini)
plugin: item-stats asset 'text.ini' not found (plugin_assets/item-stats/text.ini, plugins/assets/item-stats/text.ini)
plugin: item-stats asset 'text.ini' not found (plugin_assets/item-stats/text.ini, plugins/assets/item-stats/text.ini)
plugin: item-stats asset 'text.ini' not found (plugin_assets/item-stats/text.ini, plugins/assets/item-stats/text.ini)
plugin: item-stats asset 'text.ini' not found (plugin_assets/item-stats/text.ini, plugins/assets/item-stats/text.ini)
plugin: item-stats asset 'text.ini' not found (plugin_assets/item-stats/text.ini, plugins/assets/item-stats/text.ini)
plugin: item-stats asset 'text.ini' not found (plugin_assets/item-stats/text.ini, plugins/assets/item-stats/text.ini)
plugin: item-stats asset 'text.ini' not found (plugin_assets/item-stats/text.ini, plugins/assets/item-stats/text.ini)
plugin: item-stats asset 'text.ini' not found (plugin_assets/item-stats/text.ini, plugins/assets/item-stats/text.ini)
plugin: item-stats asset 'text.ini' not found (plugin_assets/item-stats/text.ini, plugins/assets/item-stats/text.ini)
plugin: item-stats asset 'text.ini' not found (plugin_assets/item-stats/text.ini, plugins/assets/item-stats/text.ini)
plugin: item-stats asset 'text.ini' not found (plugin_assets/item-stats/text.ini, plugins/assets/item-stats/text.ini)
plugin: item-stats asset 'text.ini' not found (plugin_assets/item-stats/text.ini, plugins/assets/item-stats/text.ini)
plugin: item-stats asset 'text.ini' not found (plugin_assets/item-stats/text.ini, plugins/assets/item-stats/text.ini)
plugin: item-stats asset 'text.ini' not found (plugin_assets/item-stats/text.ini, plugins/assets/item-stats/text.ini)
plugin: item-stats asset 'text.ini' not found (plugin_assets/item-stats/text.ini, plugins/assets/item-stats/text.ini)
plugin: item-stats asset 'text.ini' not found (plugin_assets/item-stats/text.ini, plugins/assets/item-stats/text.ini)
plugin: item-stats asset 'text.ini' not found (plugin_assets/item-stats/text.ini, plugins/assets/item-stats/text.ini)
plugin: item-stats asset 'text.ini' not found (plugin_assets/item-stats/text.ini, plugins/assets/item-stats/text.ini)
plugin: item-stats asset 'text.ini' not found (plugin_assets/item-stats/text.ini, plugins/assets/item-stats/text.ini)
plugin: item-stats asset 'text.ini' not found (plugin_assets/item-stats/text.ini, plugins/assets/item-stats/text.ini)
plugin: item-stats asset 'text.ini' not found (plugin_assets/item-stats/text.ini, plugins/assets/item-stats/text.ini)
plugin: item-stats asset 'text.ini' not found (plugin_assets/item-stats/text.ini, plugins/assets/item-stats/text.ini)
plugin: item-stats asset 'text.ini' not found (plugin_assets/item-stats/text.ini, plugins/assets/item-stats/text.ini)
plugin: item-stats asset 'text.ini' not found (plugin_assets/item-stats/text.ini, plugins/assets/item-stats/text.ini)
plugin: item-stats asset 'text.ini' not found (plugin_assets/item-stats/text.ini, plugins/assets/item-stats/text.ini)
plugin: item-stats asset 'text.ini' not found (plugin_assets/item-stats/text.ini, plugins/assets/item-stats/text.ini)
plugin: item-stats asset 'text.ini' not found (plugin_assets/item-stats/text.ini, plugins/assets/item-stats/text.ini)
plugin: item-stats asset 'text.ini' not found (plugin_assets/item-stats/text.ini, plugins/assets/item-stats/text.ini)
plugin: item-stats asset 'text.ini' not found (plugin_assets/item-stats/text.ini, plugins/assets/item-stats/text.ini)
plugin: item-stats asset 'text.ini' not found (plugin_assets/item-stats/text.ini, plugins/assets/item-stats/text.ini)
plugin: item-stats asset 'text.ini' not found (plugin_assets/item-stats/text.ini, plugins/assets/item-stats/text.ini)
plugin: item-stats asset 'text.ini' not found (plugin_assets/item-stats/text.ini, plugins/assets/item-stats/text.ini)
plugin: item-stats asset 'text.ini' not found (plugin_assets/item-stats/text.ini, plugins/assets/item-stats/text.ini)
plugin: item-stats asset 'text.ini' not found (plugin_assets/item-stats/text.ini, plugins/assets/item-stats/text.ini)
plugin: item-stats asset 'text.ini' not found (plugin_assets/item-stats/text.ini, plugins/assets/item-stats/text.ini)
plugin: item-stats asset 'text.ini' not found (plugin_assets/item-stats/text.ini, plugins/assets/item-stats/text.ini)
plugin: item-stats asset 'text.ini' not found (plugin_assets/item-stats/text.ini, plugins/assets/item-stats/text.ini)
plugin: item-stats asset 'text.ini' not found (plugin_assets/item-stats/text.ini, plugins/assets/item-stats/text.ini)
plugin: item-stats asset 'text.ini' not found (plugin_assets/item-stats/text.ini, plugins/assets/item-stats/text.ini)
plugin: item-stats asset 'text.ini' not found (plugin_assets/item-stats/text.ini, plugins/assets/item-stats/text.ini)
plugin: item-stats asset 'text.ini' not found (plugin_assets/item-stats/text.ini, plugins/assets/item-stats/text.ini)
plugin: item-stats asset 'text.ini' not found (plugin_assets/item-stats/text.ini, plugins/assets/item-stats/text.ini)
plugin: item-stats asset 'text.ini' not found (plugin_assets/item-stats/text.ini, plugins/assets/item-stats/text.ini)
plugin: item-stats asset 'text.ini' not found (plugin_assets/item-stats/text.ini, plugins/assets/item-stats/text.ini)
plugin: item-stats asset 'text.ini' not found (plugin_assets/item-stats/text.ini, plugins/assets/item-stats/text.ini)
plugin: item-stats asset 'text.ini' not found (plugin_assets/item-stats/text.ini, plugins/assets/item-stats/text.ini)
plugin: item-stats asset 'text.ini' not found (plugin_assets/item-stats/text.ini, plugins/assets/item-stats/text.ini)
plugin: item-stats asset 'text.ini' not found (plugin_assets/item-stats/text.ini, plugins/assets/item-stats/text.ini)
plugin: item-stats asset 'text.ini' not found (plugin_assets/item-stats/text.ini, plugins/assets/item-stats/text.ini)
plugin: item-stats asset 'text.ini' not found (plugin_assets/item-stats/text.ini, plugins/assets/item-stats/text.ini)
plugin: item-stats asset 'text.ini' not found (plugin_assets/item-stats/text.ini, plugins/assets/item-stats/text.ini)
plugin: item-stats asset 'text.ini' not found (plugin_assets/item-stats/text.ini, plugins/assets/item-stats/text.ini)
plugin: item-stats asset 'text.ini' not found (plugin_assets/item-stats/text.ini, plugins/assets/item-stats/text.ini)
torirs_perf: window=7 frame_p95=108.88ms
plugin: item-stats asset 'text.ini' not found (plugin_assets/item-stats/text.ini, plugins/assets/item-stats/text.ini)
plugin: item-stats asset 'text.ini' not found (plugin_assets/item-stats/text.ini, plugins/assets/item-stats/text.ini)
plugin: item-stats asset 'text.ini' not found (plugin_assets/item-stats/text.ini, plugins/assets/item-stats/text.ini)
plugin: item-stats asset 'text.ini' not found (plugin_assets/item-stats/text.ini, plugins/assets/item-stats/text.ini)
plugin: item-stats asset 'text.ini' not found (plugin_assets/item-stats/text.ini, plugins/assets/item-stats/text.ini)
plugin: item-stats asset 'text.ini' not found (plugin_assets/item-stats/text.ini, plugins/assets/item-stats/text.ini)
plugin: item-stats asset 'text.ini' not found (plugin_assets/item-stats/text.ini, plugins/assets/item-stats/text.ini)
plugin: item-stats asset 'text.ini' not found (plugin_assets/item-stats/text.ini, plugins/assets/item-stats/text.ini)
plugin: item-stats asset 'text.ini' not found (plugin_assets/item-stats/text.ini, plugins/assets/item-stats/text.ini)
plugin: item-stats asset 'text.ini' not found (plugin_assets/item-stats/text.ini, plugins/assets/item-stats/text.ini)
plugin: item-stats asset 'text.ini' not found (plugin_assets/item-stats/text.ini, plugins/assets/item-stats/text.ini)
plugin: item-stats asset 'text.ini' not found (plugin_assets/item-stats/text.ini, plugins/assets/item-stats/text.ini)
plugin: item-stats asset 'text.ini' not found (plugin_assets/item-stats/text.ini, plugins/assets/item-stats/text.ini)
plugin: item-stats asset 'text.ini' not found (plugin_assets/item-stats/text.ini, plugins/assets/item-stats/text.ini)
plugin: item-stats asset 'text.ini' not found (plugin_assets/item-stats/text.ini, plugins/assets/item-stats/text.ini)
plugin: item-stats asset 'text.ini' not found (plugin_assets/item-stats/text.ini, plugins/assets/item-stats/text.ini)
plugin: item-stats asset 'text.ini' not found (plugin_assets/item-stats/text.ini, plugins/assets/item-stats/text.ini)
plugin: item-stats asset 'text.ini' not found (plugin_assets/item-stats/text.ini, plugins/assets/item-stats/text.ini)
plugin: item-stats asset 'text.ini' not found (plugin_assets/item-stats/text.ini, plugins/assets/item-stats/text.ini)
plugin: item-stats asset 'text.ini' not found (plugin_assets/item-stats/text.ini, plugins/assets/item-stats/text.ini)
plugin: item-stats asset 'text.ini' not found (plugin_assets/item-stats/text.ini, plugins/assets/item-stats/text.ini)
plugin: item-stats asset 'text.ini' not found (plugin_assets/item-stats/text.ini, plugins/assets/item-stats/text.ini)
plugin: item-stats asset 'text.ini' not found (plugin_assets/item-stats/text.ini, plugins/assets/item-stats/text.ini)
plugin: item-stats asset 'text.ini' not found (plugin_assets/item-stats/text.ini, plugins/assets/item-stats/text.ini)
plugin: item-stats asset 'text.ini' not found (plugin_assets/item-stats/text.ini, plugins/assets/item-stats/text.ini)
plugin: item-stats asset 'text.ini' not found (plugin_assets/item-stats/text.ini, plugins/assets/item-stats/text.ini)
plugin: item-stats asset 'text.ini' not found (plugin_assets/item-stats/text.ini, plugins/assets/item-stats/text.ini)
plugin: item-stats asset 'text.ini' not found (plugin_assets/item-stats/text.ini, plugins/assets/item-stats/text.ini)
plugin: item-stats asset 'text.ini' not found (plugin_assets/item-stats/text.ini, plugins/assets/item-stats/text.ini)
plugin: item-stats asset 'text.ini' not found (plugin_assets/item-stats/text.ini, plugins/assets/item-stats/text.ini)
plugin: item-stats asset 'text.ini' not found (plugin_assets/item-stats/text.ini, plugins/assets/item-stats/text.ini)
plugin: item-stats asset 'text.ini' not found (plugin_assets/item-stats/text.ini, plugins/assets/item-stats/text.ini)
plugin: item-stats asset 'text.ini' not found (plugin_assets/item-stats/text.ini, plugins/assets/item-stats/text.ini)
plugin: item-stats asset 'text.ini' not found (plugin_assets/item-stats/text.ini, plugins/assets/item-stats/text.ini)
plugin: item-stats asset 'text.ini' not found (plugin_assets/item-stats/text.ini, plugins/assets/item-stats/text.ini)
plugin: item-stats asset 'text.ini' not found (plugin_assets/item-stats/text.ini, plugins/assets/item-stats/text.ini)
plugin: item-stats asset 'text.ini' not found (plugin_assets/item-stats/text.ini, plugins/assets/item-stats/text.ini)
plugin: item-stats asset 'text.ini' not found (plugin_assets/item-stats/text.ini, plugins/assets/item-stats/text.ini)
plugin: item-stats asset 'text.ini' not found (plugin_assets/item-stats/text.ini, plugins/assets/item-stats/text.ini)
plugin: item-stats asset 'text.ini' not found (plugin_assets/item-stats/text.ini, plugins/assets/item-stats/text.ini)
plugin: item-stats asset 'text.ini' not found (plugin_assets/item-stats/text.ini, plugins/assets/item-stats/text.ini)
plugin: item-stats asset 'text.ini' not found (plugin_assets/item-stats/text.ini, plugins/assets/item-stats/text.ini)
plugin: item-stats asset 'text.ini' not found (plugin_assets/item-stats/text.ini, plugins/assets/item-stats/text.ini)
plugin: item-stats asset 'text.ini' not found (plugin_assets/item-stats/text.ini, plugins/assets/item-stats/text.ini)
plugin: item-stats asset 'text.ini' not found (plugin_assets/item-stats/text.ini, plugins/assets/item-stats/text.ini)
plugin: item-stats asset 'text.ini' not found (plugin_assets/item-stats/text.ini, plugins/assets/item-stats/text.ini)
plugin: item-stats asset 'text.ini' not found (plugin_assets/item-stats/text.ini, plugins/assets/item-stats/text.ini)
plugin: item-stats asset 'text.ini' not found (plugin_assets/item-stats/text.ini, plugins/assets/item-stats/text.ini)
plugin: item-stats asset 'text.ini' not found (plugin_assets/item-stats/text.ini, plugins/assets/item-stats/text.ini)
plugin: item-stats asset 'text.ini' not found (plugin_assets/item-stats/text.ini, plugins/assets/item-stats/text.ini)
plugin: item-stats asset 'text.ini' not found (plugin_assets/item-stats/text.ini, plugins/assets/item-stats/text.ini)
plugin: item-stats asset 'text.ini' not found (plugin_assets/item-stats/text.ini, plugins/assets/item-stats/text.ini)
plugin: item-stats asset 'text.ini' not found (plugin_assets/item-stats/text.ini, plugins/assets/item-stats/text.ini)
plugin: item-stats asset 'text.ini' not found (plugin_assets/item-stats/text.ini, plugins/assets/item-stats/text.ini)
plugin: item-stats asset 'text.ini' not found (plugin_assets/item-stats/text.ini, plugins/assets/item-stats/text.ini)
plugin: item-stats asset 'text.ini' not found (plugin_assets/item-stats/text.ini, plugins/assets/item-stats/text.ini)
plugin: item-stats asset 'text.ini' not found (plugin_assets/item-stats/text.ini, plugins/assets/item-stats/text.ini)
plugin: item-stats asset 'text.ini' not found (plugin_assets/item-stats/text.ini, plugins/assets/item-stats/text.ini)
plugin: item-stats asset 'text.ini' not found (plugin_assets/item-stats/text.ini, plugins/assets/item-stats/text.ini)
plugin: item-stats asset 'text.ini' not found (plugin_assets/item-stats/text.ini, plugins/assets/item-stats/text.ini)
plugin: item-stats asset 'text.ini' not found (plugin_assets/item-stats/text.ini, plugins/assets/item-stats/text.ini)
plugin: item-stats asset 'text.ini' not found (plugin_assets/item-stats/text.ini, plugins/assets/item-stats/text.ini)
plugin: item-stats asset 'text.ini' not found (plugin_assets/item-stats/text.ini, plugins/assets/item-stats/text.ini)
plugin: item-stats asset 'text.ini' not found (plugin_assets/item-stats/text.ini, plugins/assets/item-stats/text.ini)
plugin: item-stats asset 'text.ini' not found (plugin_assets/item-stats/text.ini, plugins/assets/item-stats/text.ini)
plugin: item-stats asset 'text.ini' not found (plugin_assets/item-stats/text.ini, plugins/assets/item-stats/text.ini)
plugin: item-stats asset 'text.ini' not found (plugin_assets/item-stats/text.ini, plugins/assets/item-stats/text.ini)
plugin: item-stats asset 'text.ini' not found (plugin_assets/item-stats/text.ini, plugins/assets/item-stats/text.ini)
plugin: item-stats asset 'text.ini' not found (plugin_assets/item-stats/text.ini, plugins/assets/item-stats/text.ini)
plugin: item-stats asset 'text.ini' not found (plugin_assets/item-stats/text.ini, plugins/assets/item-stats/text.ini)
plugin: item-stats asset 'text.ini' not found (plugin_assets/item-stats/text.ini, plugins/assets/item-stats/text.ini)
plugin: item-stats asset 'text.ini' not found (plugin_assets/item-stats/text.ini, plugins/assets/item-stats/text.ini)
plugin: item-stats asset 'text.ini' not found (plugin_assets/item-stats/text.ini, plugins/assets/item-stats/text.ini)
plugin: item-stats asset 'text.ini' not found (plugin_assets/item-stats/text.ini, plugins/assets/item-stats/text.ini)
plugin: item-stats asset 'text.ini' not found (plugin_assets/item-stats/text.ini, plugins/assets/item-stats/text.ini)
plugin: item-stats asset 'text.ini' not found (plugin_assets/item-stats/text.ini, plugins/assets/item-stats/text.ini)
plugin: item-stats asset 'text.ini' not found (plugin_assets/item-stats/text.ini, plugins/assets/item-stats/text.ini)
plugin: item-stats asset 'text.ini' not found (plugin_assets/item-stats/text.ini, plugins/assets/item-stats/text.ini)
plugin: item-stats asset 'text.ini' not found (plugin_assets/item-stats/text.ini, plugins/assets/item-stats/text.ini)
plugin: item-stats asset 'text.ini' not found (plugin_assets/item-stats/text.ini, plugins/assets/item-stats/text.ini)
plugin: item-stats asset 'text.ini' not found (plugin_assets/item-stats/text.ini, plugins/assets/item-stats/text.ini)
plugin: item-stats asset 'text.ini' not found (plugin_assets/item-stats/text.ini, plugins/assets/item-stats/text.ini)
plugin: item-stats asset 'text.ini' not found (plugin_assets/item-stats/text.ini, plugins/assets/item-stats/text.ini)
plugin: item-stats asset 'text.ini' not found (plugin_assets/item-stats/text.ini, plugins/assets/item-stats/text.ini)
plugin: item-stats asset 'text.ini' not found (plugin_assets/item-stats/text.ini, plugins/assets/item-stats/text.ini)
plugin: item-stats asset 'text.ini' not found (plugin_assets/item-stats/text.ini, plugins/assets/item-stats/text.ini)
plugin: item-stats asset 'text.ini' not found (plugin_assets/item-stats/text.ini, plugins/assets/item-stats/text.ini)
plugin: item-stats asset 'text.ini' not found (plugin_assets/item-stats/text.ini, plugins/assets/item-stats/text.ini)
plugin: item-stats asset 'text.ini' not found (plugin_assets/item-stats/text.ini, plugins/assets/item-stats/text.ini)
plugin: item-stats asset 'text.ini' not found (plugin_assets/item-stats/text.ini, plugins/assets/item-stats/text.ini)
plugin: item-stats asset 'text.ini' not found (plugin_assets/item-stats/text.ini, plugins/assets/item-stats/text.ini)
plugin: item-stats asset 'text.ini' not found (plugin_assets/item-stats/text.ini, plugins/assets/item-stats/text.ini)
plugin: item-stats asset 'text.ini' not found (plugin_assets/item-stats/text.ini, plugins/assets/item-stats/text.ini)
plugin: item-stats asset 'text.ini' not found (plugin_assets/item-stats/text.ini, plugins/assets/item-stats/text.ini)
plugin: item-stats asset 'text.ini' not found (plugin_assets/item-stats/text.ini, plugins/assets/item-stats/text.ini)
plugin: item-stats asset 'text.ini' not found (plugin_assets/item-stats/text.ini, plugins/assets/item-stats/text.ini)
plugin: item-stats asset 'text.ini' not found (plugin_assets/item-stats/text.ini, plugins/assets/item-stats/text.ini)
plugin: item-stats asset 'text.ini' not found (plugin_assets/item-stats/text.ini, plugins/assets/item-stats/text.ini)
plugin: item-stats asset 'text.ini' not found (plugin_assets/item-stats/text.ini, plugins/assets/item-stats/text.ini)
plugin: item-stats asset 'text.ini' not found (plugin_assets/item-stats/text.ini, plugins/assets/item-stats/text.ini)
torirs_perf: window=8 frame_p95=117.79ms
plugin: item-stats asset 'text.ini' not found (plugin_assets/item-stats/text.ini, plugins/assets/item-stats/text.ini)
plugin: item-stats asset 'text.ini' not found (plugin_assets/item-stats/text.ini, plugins/assets/item-stats/text.ini)
plugin: item-stats asset 'text.ini' not found (plugin_assets/item-stats/text.ini, plugins/assets/item-stats/text.ini)
plugin: item-stats asset 'text.ini' not found (plugin_assets/item-stats/text.ini, plugins/assets/item-stats/text.ini)
plugin: item-stats asset 'text.ini' not found (plugin_assets/item-stats/text.ini, plugins/assets/item-stats/text.ini)
plugin: item-stats asset 'text.ini' not found (plugin_assets/item-stats/text.ini, plugins/assets/item-stats/text.ini)
plugin: item-stats asset 'text.ini' not found (plugin_assets/item-stats/text.ini, plugins/assets/item-stats/text.ini)
plugin: item-stats asset 'text.ini' not found (plugin_assets/item-stats/text.ini, plugins/assets/item-stats/text.ini)
plugin: item-stats asset 'text.ini' not found (plugin_assets/item-stats/text.ini, plugins/assets/item-stats/text.ini)
plugin: item-stats asset 'text.ini' not found (plugin_assets/item-stats/text.ini, plugins/assets/item-stats/text.ini)
plugin: item-stats asset 'text.ini' not found (plugin_assets/item-stats/text.ini, plugins/assets/item-stats/text.ini)
plugin: item-stats asset 'text.ini' not found (plugin_assets/item-stats/text.ini, plugins/assets/item-stats/text.ini)
plugin: item-stats asset 'text.ini' not found (plugin_assets/item-stats/text.ini, plugins/assets/item-stats/text.ini)
plugin: item-stats asset 'text.ini' not found (plugin_assets/item-stats/text.ini, plugins/assets/item-stats/text.ini)
plugin: item-stats asset 'text.ini' not found (plugin_assets/item-stats/text.ini, plugins/assets/item-stats/text.ini)
plugin: item-stats asset 'text.ini' not found (plugin_assets/item-stats/text.ini, plugins/assets/item-stats/text.ini)
plugin: item-stats asset 'text.ini' not found (plugin_assets/item-stats/text.ini, plugins/assets/item-stats/text.ini)
plugin: item-stats asset 'text.ini' not found (plugin_assets/item-stats/text.ini, plugins/assets/item-stats/text.ini)
plugin: item-stats asset 'text.ini' not found (plugin_assets/item-stats/text.ini, plugins/assets/item-stats/text.ini)
plugin: item-stats asset 'text.ini' not found (plugin_assets/item-stats/text.ini, plugins/assets/item-stats/text.ini)
plugin: item-stats asset 'text.ini' not found (plugin_assets/item-stats/text.ini, plugins/assets/item-stats/text.ini)
plugin: item-stats asset 'text.ini' not found (plugin_assets/item-stats/text.ini, plugins/assets/item-stats/text.ini)
plugin: item-stats asset 'text.ini' not found (plugin_assets/item-stats/text.ini, plugins/assets/item-stats/text.ini)
plugin: item-stats asset 'text.ini' not found (plugin_assets/item-stats/text.ini, plugins/assets/item-stats/text.ini)
plugin: item-stats asset 'text.ini' not found (plugin_assets/item-stats/text.ini, plugins/assets/item-stats/text.ini)
plugin: item-stats asset 'text.ini' not found (plugin_assets/item-stats/text.ini, plugins/assets/item-stats/text.ini)
plugin: item-stats asset 'text.ini' not found (plugin_assets/item-stats/text.ini, plugins/assets/item-stats/text.ini)
plugin: item-stats asset 'text.ini' not found (plugin_assets/item-stats/text.ini, plugins/assets/item-stats/text.ini)
plugin: item-stats asset 'text.ini' not found (plugin_assets/item-stats/text.ini, plugins/assets/item-stats/text.ini)
plugin: item-stats asset 'text.ini' not found (plugin_assets/item-stats/text.ini, plugins/assets/item-stats/text.ini)
plugin: item-stats asset 'text.ini' not found (plugin_assets/item-stats/text.ini, plugins/assets/item-stats/text.ini)
plugin: item-stats asset 'text.ini' not found (plugin_assets/item-stats/text.ini, plugins/assets/item-stats/text.ini)
plugin: item-stats asset 'text.ini' not found (plugin_assets/item-stats/text.ini, plugins/assets/item-stats/text.ini)
plugin: item-stats asset 'text.ini' not found (plugin_assets/item-stats/text.ini, plugins/assets/item-stats/text.ini)
plugin: item-stats asset 'text.ini' not found (plugin_assets/item-stats/text.ini, plugins/assets/item-stats/text.ini)
plugin: item-stats asset 'text.ini' not found (plugin_assets/item-stats/text.ini, plugins/assets/item-stats/text.ini)
plugin: item-stats asset 'text.ini' not found (plugin_assets/item-stats/text.ini, plugins/assets/item-stats/text.ini)
plugin: item-stats asset 'text.ini' not found (plugin_assets/item-stats/text.ini, plugins/assets/item-stats/text.ini)
plugin: item-stats asset 'text.ini' not found (plugin_assets/item-stats/text.ini, plugins/assets/item-stats/text.ini)
plugin: item-stats asset 'text.ini' not found (plugin_assets/item-stats/text.ini, plugins/assets/item-stats/text.ini)
plugin: item-stats asset 'text.ini' not found (plugin_assets/item-stats/text.ini, plugins/assets/item-stats/text.ini)
plugin: item-stats asset 'text.ini' not found (plugin_assets/item-stats/text.ini, plugins/assets/item-stats/text.ini)
plugin: item-stats asset 'text.ini' not found (plugin_assets/item-stats/text.ini, plugins/assets/item-stats/text.ini)
plugin: item-stats asset 'text.ini' not found (plugin_assets/item-stats/text.ini, plugins/assets/item-stats/text.ini)
plugin: item-stats asset 'text.ini' not found (plugin_assets/item-stats/text.ini, plugins/assets/item-stats/text.ini)
plugin: item-stats asset 'text.ini' not found (plugin_assets/item-stats/text.ini, plugins/assets/item-stats/text.ini)
plugin: item-stats asset 'text.ini' not found (plugin_assets/item-stats/text.ini, plugins/assets/item-stats/text.ini)
plugin: item-stats asset 'text.ini' not found (plugin_assets/item-stats/text.ini, plugins/assets/item-stats/text.ini)
plugin: item-stats asset 'text.ini' not found (plugin_assets/item-stats/text.ini, plugins/assets/item-stats/text.ini)
plugin: item-stats asset 'text.ini' not found (plugin_assets/item-stats/text.ini, plugins/assets/item-stats/text.ini)
plugin: item-stats asset 'text.ini' not found (plugin_assets/item-stats/text.ini, plugins/assets/item-stats/text.ini)
plugin: item-stats asset 'text.ini' not found (plugin_assets/item-stats/text.ini, plugins/assets/item-stats/text.ini)
plugin: item-stats asset 'text.ini' not found (plugin_assets/item-stats/text.ini, plugins/assets/item-stats/text.ini)
plugin: item-stats asset 'text.ini' not found (plugin_assets/item-stats/text.ini, plugins/assets/item-stats/text.ini)
plugin: item-stats asset 'text.ini' not found (plugin_assets/item-stats/text.ini, plugins/assets/item-stats/text.ini)
plugin: item-stats asset 'text.ini' not found (plugin_assets/item-stats/text.ini, plugins/assets/item-stats/text.ini)
plugin: item-stats asset 'text.ini' not found (plugin_assets/item-stats/text.ini, plugins/assets/item-stats/text.ini)
plugin: item-stats asset 'text.ini' not found (plugin_assets/item-stats/text.ini, plugins/assets/item-stats/text.ini)
plugin: item-stats asset 'text.ini' not found (plugin_assets/item-stats/text.ini, plugins/assets/item-stats/text.ini)
plugin: item-stats asset 'text.ini' not found (plugin_assets/item-stats/text.ini, plugins/assets/item-stats/text.ini)
plugin: item-stats asset 'text.ini' not found (plugin_assets/item-stats/text.ini, plugins/assets/item-stats/text.ini)
plugin: item-stats asset 'text.ini' not found (plugin_assets/item-stats/text.ini, plugins/assets/item-stats/text.ini)
plugin: item-stats asset 'text.ini' not found (plugin_assets/item-stats/text.ini, plugins/assets/item-stats/text.ini)
plugin: item-stats asset 'text.ini' not found (plugin_assets/item-stats/text.ini, plugins/assets/item-stats/text.ini)
plugin: item-stats asset 'text.ini' not found (plugin_assets/item-stats/text.ini, plugins/assets/item-stats/text.ini)
plugin: item-stats asset 'text.ini' not found (plugin_assets/item-stats/text.ini, plugins/assets/item-stats/text.ini)
plugin: item-stats asset 'text.ini' not found (plugin_assets/item-stats/text.ini, plugins/assets/item-stats/text.ini)
plugin: item-stats asset 'text.ini' not found (plugin_assets/item-stats/text.ini, plugins/assets/item-stats/text.ini)
plugin: item-stats asset 'text.ini' not found (plugin_assets/item-stats/text.ini, plugins/assets/item-stats/text.ini)
plugin: item-stats asset 'text.ini' not found (plugin_assets/item-stats/text.ini, plugins/assets/item-stats/text.ini)
plugin: item-stats asset 'text.ini' not found (plugin_assets/item-stats/text.ini, plugins/assets/item-stats/text.ini)
plugin: item-stats asset 'text.ini' not found (plugin_assets/item-stats/text.ini, plugins/assets/item-stats/text.ini)
plugin: item-stats asset 'text.ini' not found (plugin_assets/item-stats/text.ini, plugins/assets/item-stats/text.ini)
plugin: item-stats asset 'text.ini' not found (plugin_assets/item-stats/text.ini, plugins/assets/item-stats/text.ini)
plugin: item-stats asset 'text.ini' not found (plugin_assets/item-stats/text.ini, plugins/assets/item-stats/text.ini)
plugin: item-stats asset 'text.ini' not found (plugin_assets/item-stats/text.ini, plugins/assets/item-stats/text.ini)
plugin: item-stats asset 'text.ini' not found (plugin_assets/item-stats/text.ini, plugins/assets/item-stats/text.ini)
plugin: item-stats asset 'text.ini' not found (plugin_assets/item-stats/text.ini, plugins/assets/item-stats/text.ini)
plugin: item-stats asset 'text.ini' not found (plugin_assets/item-stats/text.ini, plugins/assets/item-stats/text.ini)
plugin: item-stats asset 'text.ini' not found (plugin_assets/item-stats/text.ini, plugins/assets/item-stats/text.ini)
plugin: item-stats asset 'text.ini' not found (plugin_assets/item-stats/text.ini, plugins/assets/item-stats/text.ini)
plugin: item-stats asset 'text.ini' not found (plugin_assets/item-stats/text.ini, plugins/assets/item-stats/text.ini)
plugin: item-stats asset 'text.ini' not found (plugin_assets/item-stats/text.ini, plugins/assets/item-stats/text.ini)
plugin: item-stats asset 'text.ini' not found (plugin_assets/item-stats/text.ini, plugins/assets/item-stats/text.ini)
plugin: item-stats asset 'text.ini' not found (plugin_assets/item-stats/text.ini, plugins/assets/item-stats/text.ini)
plugin: item-stats asset 'text.ini' not found (plugin_assets/item-stats/text.ini, plugins/assets/item-stats/text.ini)
plugin: item-stats asset 'text.ini' not found (plugin_assets/item-stats/text.ini, plugins/assets/item-stats/text.ini)
plugin: item-stats asset 'text.ini' not found (plugin_assets/item-stats/text.ini, plugins/assets/item-stats/text.ini)
plugin: item-stats asset 'text.ini' not found (plugin_assets/item-stats/text.ini, plugins/assets/item-stats/text.ini)
plugin: item-stats asset 'text.ini' not found (plugin_assets/item-stats/text.ini, plugins/assets/item-stats/text.ini)
plugin: item-stats asset 'text.ini' not found (plugin_assets/item-stats/text.ini, plugins/assets/item-stats/text.ini)
plugin: item-stats asset 'text.ini' not found (plugin_assets/item-stats/text.ini, plugins/assets/item-stats/text.ini)
plugin: item-stats asset 'text.ini' not found (plugin_assets/item-stats/text.ini, plugins/assets/item-stats/text.ini)
plugin: item-stats asset 'text.ini' not found (plugin_assets/item-stats/text.ini, plugins/assets/item-stats/text.ini)
plugin: item-stats asset 'text.ini' not found (plugin_assets/item-stats/text.ini, plugins/assets/item-stats/text.ini)
plugin: item-stats asset 'text.ini' not found (plugin_assets/item-stats/text.ini, plugins/assets/item-stats/text.ini)
plugin: item-stats asset 'text.ini' not found (plugin_assets/item-stats/text.ini, plugins/assets/item-stats/text.ini)
plugin: item-stats asset 'text.ini' not found (plugin_assets/item-stats/text.ini, plugins/assets/item-stats/text.ini)
plugin: item-stats asset 'text.ini' not found (plugin_assets/item-stats/text.ini, plugins/assets/item-stats/text.ini)
plugin: item-stats asset 'text.ini' not found (plugin_assets/item-stats/text.ini, plugins/assets/item-stats/text.ini)
Connection in progress to 10.10.10.1:43595
Connection completed
app: map archives are unencrypted at this revision
app: cache profile epoch=dat2 game=oldschool revision=239 quirks=none
Connection in progress to 10.10.10.1:43595
Connection completed
Connection in progress to 10.10.10.1:43596
varp load: 5725 types (5725 records, ids 0..5724)
varbit load: 20411 types (19086 records, ids 0..20410)
hitsplat load: 83 types (83 records, 34 var selectors)
healthbar load: 85 types (85 records)
soundscape load: 11 ids (10 records)
RevConfigBuild done: iface=161 ui=- inline=build/manifests/osrs239-xp-js5.ini tree_components=1073 sprites=0 fonts=0 onloads=6 inv_hooks=0 var_hooks=6 mounts=0
Connection completed
RevConfigBuild done: iface=548 ui=- inline=build/manifests/osrs239-xp-js5.ini tree_components=1075 sprites=0 fonts=0 onloads=1 inv_hooks=0 var_hooks=6 mounts=0
torirs_perf: window=9 frame_p95=104.24ms

=== torirs_perf report ===
frames=1000 ring=1000 over_20ms=970 (97.0%) eff_fps=10.5
frame_ns mean=95078395 p50=81301954 p95=111864218 max=6561308770  (budget=20000000)
main_thread_cpu_ns mean=75484375 p50=62500000 p95=78125000 max=5515625000  (clock=GetThreadTimes distribution=coarse_direct raw_total=75484375000)

stage           mean_ns     p50_ns     p95_ns     max_ns
async           2268105     221257     247517 1625251534
logic          35584972   22660701   42713250 6295477777
cs2            34534623   21801095   41876551 6278416951
layout            15222      14528      18438      65650
interact         626132     410108     447543   29976157
emit            3853480    2841143   16921145   34750506
paint           1534101    1098185    1159924   34226417
build           1554988    1106006    1169143   34234240
render         43323456   46670178   56042319  215092980
pick_finish           0          0          0          0
present         1582593    1123048    1246248   48702279
server                0          0          0          0
platform_poll      39562      16483      96102    6091557
command_drain     134784       6146     136609   24197489
app_run        45198299   32792436   53234140 6544082279
frame_post      1600308    1081702    1219428   35525186
input_prep        82233      37156     117333   18005082
surface_sync       8613       6705       6985    1740724
display        47296036   49935118   60949646  217357514
window_sync      638014     436089     485537   24346111
pace             483812       4000       4000   34796000
period         95576156   81404000  112026000 6561373000
cs2_settle     23559480   20404549   38901870  366851374
ui_icon           80628          0          0   80628402
tick_packets    9768070     181308     513475 5908146428
cs2_settle_layout      11793      11454      14528      39670
present_fill       3392       3352       3632      50286
present_blit    1573053    1106566    1230883   48685797
cs2_host_op     5642303    3180846   17303599  862674723
cs2_settle_followups      31150      16762      21231   13320408
cs2_script     11940112    7060393   24703137 1613717103
task_queue_run   21190313   12844929   31259560 3644503715
cs2_task_start    1933442    1352977    1754960   33745350
cs2_script_in   12699892    7932284   25849098 1550802711
task_io         6774545     385525     524643 2819097987
r_clear          912246     714896     779708   29213769
r_model        30495078   27863054   43739061   70146363
r_sprite        3307178    2435501   15196621   64912163
r_font           469593     364294     394185   32021950
r_rect            93377      67884      74032   14776739
r_other          217827     109792     117052   68909027
residual     -351560566  (frame_mean - attributed stages)

counter                                 total    per_frame
uitree_find_id                         867379       867.38
uitree_find_id_probes                 1366705      1366.70
uitree_find_id_linear                      59         0.06
uitree_id_rebuild                          40         0.04
uitree_find_child                       63979        63.98
uitree_find_child_hit                   20024        20.02
uitree_find_child_ceil_miss             43220        43.22
uitree_walk_emit                      2743955      2743.95
uitree_walk_hit                        818935       818.93
uitree_walk_hover                      143518       143.52
uitree_emit_skip                      2125945      2125.95
uitree_layout_resolve                    9341         9.34
uitree_layout_skip                       4238         4.24
uitree_layout_nodes                  36202396     36202.40
uitree_layout_node_skip              36060923     36060.92
uitree_layout_depth_recompute            4128         4.13
uitree_ensure_layout                    92863        92.86
uitree_cc_create                        43378        43.38
uitree_cc_delete                            6         0.01
uitree_cc_deleteall                      4364         4.36
uitree_cc_deleteall_rows                36936        36.94
uitree_apply_geo                        97309        97.31
uitree_apply_content                    92463        92.46
uitree_apply_hook                       15196        15.20
uitree_apply_hook_skip                  11815        11.81
uitree_apply_other                      22110        22.11
uitree_apply_nochange                   36429        36.43
uitree_components                     6844516      6844.52
uitree_capacity                       7860224      7860.22
uitree_free_list                         1387         1.39
uitree_node_bytes                  5407834112   5407834.11
cs2_scripts                            141827       141.83
cs2_opcodes                           7478674      7478.67
cs2_host_ops                          1147009      1147.01
cs2_cycles                            7478674      7478.67
cs2_vm_acquire                         139556       139.56
cs2_vm_pool_hit                        139555       139.56
cs2_vm_pool_miss                            1         0.00
cs2_vm_init_ns                      613851519    613851.52
cs2_vm_release_ns                   616202614    616202.61
cs2_frame_pool_hit                     182447       182.45
cs2_frame_pool_miss                        10         0.01
cs2_frame_push                         279116       279.12
cs2_frame_clear_bytes                 6954976      6954.98
cs2_frame_locals_bytes                   2912         2.91
cache_model_hit                         10941        10.94
cache_model_miss                         1935         1.94
cache_sprite_hit                        49913        49.91
cache_sprite_miss                        1097         1.10
model_inst_hit                           1123         1.12
model_inst_miss                           947         0.95
model_inst_evict                          835         0.83
painter_pops                          6118641      6118.64
painter_gate_rejects                  2728650      2728.65
painter_pushes                        6118641      6118.64
painter_push_dedup                    5688752      5688.75
painter_commands                      1583241      1583.24
painter_tiles_remaining_set           3126444      3126.44
scene_elements                       22488299     22488.30
scene_anim_list                        106700       106.70
cache_model_size                       970227       970.23
cache_sprite_size                      686878       686.88
iface_open                                 23         0.02
iface_close                                 2         0.00
iface_bake                                 20         0.02
iface_bake_reuse                            3         0.00
iface_mount_ns                      187449524    187449.52
iface_close_ns                           6425         6.42
iface_groups_resident                     629         0.63
uitree_hidden                           81251        81.25
uitree_unmounted                           27         0.03
uitree_freed                               36         0.04
uitree_hook_blocks                      53635        53.63
uitree_hook_bytes                    42908000     42908.00
host_inv_hooks                            225         0.23
host_var_hooks                           4879         4.88
host_stat_hooks                          1753         1.75
bridge_sprite_map                       12740        12.74
bridge_obj_icon_map                       425         0.42
cache_clientscript_size                 14247        14.25
uitree_anim_scan                         8226         8.23
iface_group_scan_nodes                   2364         2.36
logic_ticks                              4129         4.13
proto_packets                             943         0.94
ui_icon_raster                             17         0.02
npc_model_cache_hit                         7         0.01
npc_model_cache_miss                       18         0.02
present_blit_1to1                        1002         1.00
present_blit_pixels                 405930054    405930.05
present_fill_pixels                     21126        21.13
chrome_strip_vischeck                    1932         1.93
emit_list_same                             30         0.03
emit_list_diff                            961         0.96
emit_desc_diff                           7828         7.83
emit_dirty_bumps                       250721       250.72
emit_dirty_unreached                    13410        13.41
emit_dirty_mark                        194923       194.92
emit_dirty_topo                         63795        63.80
emit_gen_quiet                             28         0.03
task_steps                              15170        15.17
task_resumes                           150321       150.32
task_ends                              145340       145.34
gate_tree_quiet                            30         0.03
gate_hover_quiet                          990         0.99
emit_retained                              28         0.03
r_cmds                                1747688      1747.69
r_cmds_model                          1583241      1583.24
r_cmds_sprite                           80669        80.67
r_cmds_font                             28740        28.74
r_cmds_rect                             12448        12.45

torirs_perf: wrote C:\dev\oldschool-clientc\winxp-soft3d-torirs-perf.csv
=== end torirs_perf ===

