source,line,exclusive_seconds,exclusive_percent
[unknown],0,39.290807,65.547289
C:\Users\mrobe\Documents\git_repos\oldschool-clientc\3rd\rscache\src\checksum.c,51,0.903964,1.508047
C:\Users\mrobe\Documents\git_repos\oldschool-clientc\src\ui\uitree_iface_stats.c,115,0.529639,0.883576
C:\Users\mrobe\Documents\git_repos\oldschool-clientc\src\ui\uitree_layout.c,395,0.472018,0.787449
C:\Users\mrobe\Documents\git_repos\oldschool-clientc\src\ui\uitree_layout.c,422,0.425244,0.709418
C:\Users\mrobe\Documents\git_repos\oldschool-clientc\src\ui\uitree_layout.c,484,0.368890,0.615405
C:\Users\mrobe\Documents\git_repos\oldschool-clientc\3rd\rscache\src\checksum.c,52,0.350470,0.584675
C:\Users\mrobe\Documents\git_repos\oldschool-clientc\3rd\rscache\src\datatypes\sound_vorbis.c,1656,0.305649,0.509902
C:\Users\mrobe\Documents\git_repos\oldschool-clientc\3rd\bzip\bzip.c,549,0.257852,0.430164
C:\Users\mrobe\Documents\git_repos\oldschool-clientc\src\ui\uitree_layout.c,315,0.253754,0.423328
C:\Users\mrobe\Documents\git_repos\oldschool-clientc\3rd\toridraw\toridraw_lighting.c,87,0.243135,0.405612
C:\Users\mrobe\Documents\git_repos\oldschool-clientc\src\cs2vm2\cs2vm2.c,1470,0.223512,0.372876
C:\Users\mrobe\Documents\git_repos\oldschool-clientc\src\ui\uitree_layout.c,490,0.214335,0.357567
C:\Users\mrobe\Documents\git_repos\oldschool-clientc\3rd\toridraw\toridraw_lighting.c,167,0.209946,0.350245
C:\Users\mrobe\Documents\git_repos\oldschool-clientc\src\plugin\torirs_plugin_bridge.u.c,463,0.202210,0.337339
C:\Users\mrobe\Documents\git_repos\oldschool-clientc\3rd\rscache\src\datatypes\sound_vorbis.c,1650,0.192423,0.321012
C:\Users\mrobe\Documents\git_repos\oldschool-clientc\3rd\toridraw\toridraw_lighting.c,173,0.186387,0.310942
R:\winlibs_staging_msvcrt32\gcc-15.2.0\build_mingw\i686-w64-mingw32\libgcc\..\..\..\libgcc\libgcc2.c,1029,0.173948,0.290191
C:\Users\mrobe\Documents\git_repos\oldschool-clientc\src\ui\uitree.c,1463,0.170083,0.283743
C:\Users\mrobe\Documents\git_repos\oldschool-clientc\3rd\bzip\bzip.c,533,0.149408,0.249251
C:\Users\mrobe\Documents\git_repos\oldschool-clientc\3rd\bzip\bzip.c,469,0.147482,0.246038
C:\Users\mrobe\Documents\git_repos\oldschool-clientc\src\engine\uitree_from_component.c,126,0.136741,0.228120
C:\Users\mrobe\Documents\git_repos\oldschool-clientc\3rd\rscache\src\dat2disk.c,269,0.123058,0.205293
C:\Users\mrobe\Documents\git_repos\oldschool-clientc\src\app.c,5468,0.120181,0.200493
C:\Users\mrobe\Documents\git_repos\oldschool-clientc\src\cs2vm2\cs2vm2.c,12173,0.119068,0.198636
C:\Users\mrobe\Documents\git_repos\oldschool-clientc\3rd\bzip\bzip.c,357,0.107369,0.179119
C:\Users\mrobe\Documents\git_repos\oldschool-clientc\src\cs2vm2\cs2vm2.c,5947,0.106459,0.177601
C:\Users\mrobe\Documents\git_repos\oldschool-clientc\3rd\toridraw\toridraw_lighting.c,174,0.106389,0.177485
C:\Users\mrobe\Documents\git_repos\oldschool-clientc\src\ui\uitree_iface_stats.c,120,0.100685,0.167969
C:\Users\mrobe\Documents\git_repos\oldschool-clientc\src\engine\uitree_from_component.c,242,0.100615,0.167852
C:\Users\mrobe\Documents\git_repos\oldschool-clientc\3rd\bzip\bzip.c,468,0.098669,0.164606
C:\Users\mrobe\Documents\git_repos\oldschool-clientc\3rd\toridraw\graphics\raster\gouraudhsllightness\gouraudhsllightness_barycentric_steps.h,18,0.095653,0.159574
C:\Users\mrobe\Documents\git_repos\oldschool-clientc\src\cs2vm2\cs2vm2.c,9831,0.093746,0.156393
C:\Users\mrobe\Documents\git_repos\oldschool-clientc\src\cs2vm2\cs2vm2.c,6028,0.093702,0.156319
C:\Users\mrobe\Documents\git_repos\oldschool-clientc\src\cs2vm2\cs2vm2.c,9856,0.092793,0.154803
C:\Users\mrobe\Documents\git_repos\oldschool-clientc\src\cs2vm2\cs2vm2.c,816,0.091821,0.153181
C:\Users\mrobe\Documents\git_repos\oldschool-clientc\3rd\bzip\bzip.c,409,0.091789,0.153128
C:\Users\mrobe\Documents\git_repos\oldschool-clientc\3rd\rscache\src\reference_table.c,74,0.090953,0.151733
C:\Users\mrobe\Documents\git_repos\oldschool-clientc\src\cs2vm2\cs2vm2.c,1617,0.088845,0.148217
C:\Users\mrobe\Documents\git_repos\oldschool-clientc\src\engine\world_builder\world_sharelight.u.c,208,0.085941,0.143372
C:\Users\mrobe\Documents\git_repos\oldschool-clientc\3rd\toridraw\graphics\raster\gouraudhsllightness\gouraudhsllightness.screen.opaque.bary.branching.s4.c,116,0.085829,0.143185
C:\Users\mrobe\Documents\git_repos\oldschool-clientc\3rd\toridraw\toridraw_lighting.c,177,0.081016,0.135156
C:\Users\mrobe\Documents\git_repos\oldschool-clientc\src\engine\world_builder\world_sharelight.u.c,124,0.080090,0.133611
C:\Users\mrobe\Documents\git_repos\oldschool-clientc\3rd\rscache\src\datatypes\sound_vorbis.c,113,0.079098,0.131956
C:\Users\mrobe\Documents\git_repos\oldschool-clientc\3rd\bzip\bzip.c,531,0.078163,0.130396
C:\Users\mrobe\Documents\git_repos\oldschool-clientc\3rd\toridraw\toridraw_render.u.c,1063,0.078124,0.130331
C:\Users\mrobe\Documents\git_repos\oldschool-clientc\src\cs2vm2\cs2vm2.c,3614,0.077112,0.128643
C:\Users\mrobe\Documents\git_repos\oldschool-clientc\src\ui\uitree_iface_stats.c,127,0.076253,0.127210
C:\Users\mrobe\Documents\git_repos\oldschool-clientc\3rd\toridraw\toridraw_2d.c,377,0.076231,0.127173
C:\Users\mrobe\Documents\git_repos\oldschool-clientc\src\cs2vm2\cs2vm2.c,588,0.072245,0.120523
C:\Users\mrobe\Documents\git_repos\oldschool-clientc\src\app.c,22330,0.071286,0.118924
C:\Users\mrobe\Documents\git_repos\oldschool-clientc\src\app.c,22332,0.070314,0.117302
C:\Users\mrobe\Documents\git_repos\oldschool-clientc\src\ui\uitree.c,1032,0.070296,0.117272
C:\Users\mrobe\Documents\git_repos\oldschool-clientc\src\cs2vm2\cs2vm2.c,11518,0.068350,0.114026
C:\Users\mrobe\Documents\git_repos\oldschool-clientc\3rd\hmap\hmap.h,238,0.068346,0.114019
C:\Users\mrobe\Documents\git_repos\oldschool-clientc\3rd\bzip\bzip.c,340,0.067417,0.112469
C:\Users\mrobe\Documents\git_repos\oldschool-clientc\3rd\bzip\bzip.c,537,0.066424,0.110813
C:\Users\mrobe\Documents\git_repos\oldschool-clientc\3rd\rscache\src\dat2disk.c,715,0.065389,0.109086
C:\Users\mrobe\Documents\git_repos\oldschool-clientc\src\ui\uitree_iface_stats.c,123,0.064553,0.107691
C:\Users\mrobe\Documents\git_repos\oldschool-clientc\3rd\rscache\src\dat2disk.c,663,0.063435,0.105826
C:\Users\mrobe\Documents\git_repos\oldschool-clientc\3rd\bzip\bzip.c,358,0.061244,0.102171
C:\Users\mrobe\Documents\git_repos\oldschool-clientc\src\world\world_cycle.c,1549,0.060598,0.101093
C:\Users\mrobe\Documents\git_repos\oldschool-clientc\src\cs2vm2\cs2vm2.c,591,0.060524,0.100970
C:\Users\mrobe\Documents\git_repos\oldschool-clientc\3rd\toridraw\toridraw_lighting.c,85,0.055665,0.092864
C:\Users\mrobe\Documents\git_repos\oldschool-clientc\3rd\toridraw\graphics\alpha.h,35,0.054698,0.091250
C:\Users\mrobe\Documents\git_repos\oldschool-clientc\src\game\rs_cs2_host.c,4434,0.053701,0.089587
C:\Users\mrobe\Documents\git_repos\oldschool-clientc\3rd\toridraw\toridraw_2d.c,72,0.052769,0.088032
C:\Users\mrobe\Documents\git_repos\oldschool-clientc\src\cs2vm2\cs2vm2.c,11492,0.051738,0.086312
C:\Users\mrobe\Documents\git_repos\oldschool-clientc\3rd\toridraw\toridraw_model.h,223,0.050791,0.084733
C:\Users\mrobe\Documents\git_repos\oldschool-clientc\src\game\task_cs2_run.c,2265,0.050779,0.084713
C:\Users\mrobe\Documents\git_repos\oldschool-clientc\src\cs2vm2\cs2vm2.c,3131,0.050727,0.084626
C:\Users\mrobe\Documents\git_repos\oldschool-clientc\3rd\toridraw\graphics\raster\gouraudhsllightness\gouraudhsllightness.screen.opaque.bary.branching.s4.c,130,0.048790,0.081394
C:\Users\mrobe\Documents\git_repos\oldschool-clientc\src\cs2vm2\cs2vm2.c,559,0.047844,0.079816
C:\Users\mrobe\Documents\git_repos\oldschool-clientc\3rd\rscache\src\datatypes\sound_vorbis.c,1584,0.046882,0.078211
C:\Users\mrobe\Documents\git_repos\oldschool-clientc\src\js5\js5.c,1029,0.046864,0.078181
C:\Users\mrobe\Documents\git_repos\oldschool-clientc\src\engine\uitree_from_component.c,244,0.046807,0.078086
C:\Users\mrobe\Documents\git_repos\oldschool-clientc\3rd\hmap\hmap.h,243,0.045904,0.076580
C:\Users\mrobe\Documents\git_repos\oldschool-clientc\3rd\toridraw\graphics\raster\gouraudhsllightness\gouraudhsllightness.screen.opaque.bary.branching.s4.c,213,0.044932,0.074958
C:\Users\mrobe\Documents\git_repos\oldschool-clientc\3rd\hmap\hmap.h,241,0.044931,0.074957
C:\Users\mrobe\Documents\git_repos\oldschool-clientc\src\cs2vm2\cs2vm2.c,2339,0.044912,0.074925
R:\winlibs_staging_msvcrt32\gcc-15.2.0\build_mingw\i686-w64-mingw32\libgcc\..\..\..\libgcc\config\i386\cygwin.S,158,0.043934,0.073293
C:\Users\mrobe\Documents\git_repos\oldschool-clientc\3rd\toridraw\toridraw_2d.c,378,0.043055,0.071827
C:\Users\mrobe\Documents\git_repos\oldschool-clientc\src\render\torirs_frame.c,1763,0.042952,0.071655
C:\Users\mrobe\Documents\git_repos\oldschool-clientc\3rd\toridraw\toridraw_2d.c,591,0.042949,0.071650
C:\Users\mrobe\Documents\git_repos\oldschool-clientc\src\ui\uitree_layout.c,102,0.041988,0.070047
C:\Users\mrobe\Documents\git_repos\oldschool-clientc\src\engine\world_builder\world_sharelight.u.c,234,0.041984,0.070040
C:\Users\mrobe\Documents\git_repos\oldschool-clientc\src\ui\uitree_layout.c,415,0.041979,0.070032
C:\Users\mrobe\Documents\git_repos\oldschool-clientc\src\ui\uitree_iface_stats.c,136,0.041118,0.068596
C:\Users\mrobe\Documents\git_repos\oldschool-clientc\3rd\toridraw\toridraw_render.u.c,1242,0.041017,0.068427
C:\Users\mrobe\Documents\git_repos\oldschool-clientc\src\painters\painters_i.h,335,0.041008,0.068412
C:\Users\mrobe\Documents\git_repos\oldschool-clientc\3rd\hmap\hmap.h,420,0.041007,0.068410
C:\Users\mrobe\Documents\git_repos\oldschool-clientc\src\ui\uitree.c,2307,0.040934,0.068289
R:\winlibs_staging_msvcrt32\gcc-15.2.0\build_mingw\i686-w64-mingw32\libgcc\..\..\..\libgcc\config\i386\cygwin.S,145,0.040054,0.066820
C:\Users\mrobe\Documents\git_repos\oldschool-clientc\src\js5\js5.c,1310,0.040044,0.066804
C:\Users\mrobe\Documents\git_repos\oldschool-clientc\3rd\toridraw\graphics\int_wrap.h,49,0.039142,0.065299
C:\Users\mrobe\Documents\git_repos\oldschool-clientc\src\engine\uitree_from_component.c,250,0.039108,0.065242
C:\Users\mrobe\Documents\git_repos\oldschool-clientc\src\engine\world_builder\world_sharelight.u.c,213,0.039067,0.065174
C:\Users\mrobe\Documents\git_repos\oldschool-clientc\3rd\toridraw\graphics\raster\gouraudhsllightness\gouraudhsllightness.screen.opaque.bary.branching.s4.c,120,0.039065,0.065171
C:\Users\mrobe\Documents\git_repos\oldschool-clientc\3rd\toridraw\graphics\shared_tables.h,45,0.039064,0.065169
C:\Users\mrobe\Documents\git_repos\oldschool-clientc\3rd\bzip\bzip.c,523,0.039063,0.065167
C:\Users\mrobe\Documents\git_repos\oldschool-clientc\src\engine\world_builder\heightmap.c,58,0.039057,0.065157
C:\Users\mrobe\Documents\git_repos\oldschool-clientc\src\cs2vm2\cs2vm2.c,129,0.039049,0.065144
C:\Users\mrobe\Documents\git_repos\oldschool-clientc\3rd\hmap\hmap.h,408,0.038096,0.063554
C:\Users\mrobe\Documents\git_repos\oldschool-clientc\3rd\toridraw\toridraw_sprite.c,482,0.037138,0.061956
C:\Users\mrobe\Documents\git_repos\oldschool-clientc\src\engine\uitree_from_component.c,249,0.037111,0.061911
C:\Users\mrobe\Documents\git_repos\oldschool-clientc\src\js5\js5.c,1308,0.036186,0.060368
C:\Users\mrobe\Documents\git_repos\oldschool-clientc\src\cs2vm2\cs2vm2.c,11482,0.036101,0.060226
C:\Users\mrobe\Documents\git_repos\oldschool-clientc\3rd\bzip\bzip.c,361,0.036081,0.060192
C:\Users\mrobe\Documents\git_repos\oldschool-clientc\src\cs2vm2\cs2vm2.c,11513,0.036072,0.060177
C:\Users\mrobe\Documents\git_repos\oldschool-clientc\3rd\toridraw\toridraw_render.u.c,1092,0.035162,0.058659
C:\Users\mrobe\Documents\git_repos\oldschool-clientc\3rd\toridraw\graphics\raster\gouraudhsllightness\gouraudhsllightness.screen.opaque.bary.branching.s4.c,299,0.035160,0.058656
C:\Users\mrobe\Documents\git_repos\oldschool-clientc\src\ui\uitree_layout.c,455,0.034221,0.057090
C:\Users\mrobe\Documents\git_repos\oldschool-clientc\src\cs2vm2\cs2vm2.c,4069,0.034171,0.057006
C:\Users\mrobe\Documents\git_repos\oldschool-clientc\src\cs2vm2\cs2vm2.c,1572,0.033526,0.055930
C:\Users\mrobe\Documents\git_repos\oldschool-clientc\src\<artificial>,2610,0.033211,0.055405
C:\Users\mrobe\Documents\git_repos\oldschool-clientc\src\cs2vm2\cs2vm2.c,2313,0.033210,0.055403
C:\Users\mrobe\Documents\git_repos\oldschool-clientc\src\engine\world_builder\world_sharelight.u.c,246,0.033207,0.055398
C:\Users\mrobe\Documents\git_repos\oldschool-clientc\src\cs2vm2\cs2vm2.c,1655,0.032208,0.053731
C:\Users\mrobe\Documents\git_repos\oldschool-clientc\3rd\rscache\src\dat2disk.c,1209,0.032208,0.053731
C:\Users\mrobe\Documents\git_repos\oldschool-clientc\3rd\toridraw\graphics\raster\gouraudhsllightness\gouraudhsllightness.screen.opaque.bary.branching.s4.c,197,0.031302,0.052220
C:\Users\mrobe\Documents\git_repos\oldschool-clientc\3rd\rscache\src\rsbuffer.c,763,0.031273,0.052172
C:\Users\mrobe\Documents\git_repos\oldschool-clientc\3rd\toridraw\toridraw_model_transform.c,644,0.031266,0.052160
C:\Users\mrobe\Documents\git_repos\oldschool-clientc\3rd\toridraw\triangles\toridraw_triangle_gouraud.u.c,37,0.031258,0.052146
C:\Users\mrobe\Documents\git_repos\oldschool-clientc\src\engine\world_builder\lightmap.c,108,0.031258,0.052146
R:\winlibs_staging_msvcrt32\gcc-15.2.0\build_mingw\i686-w64-mingw32\libgcc\..\..\..\libgcc\libgcc2.c,1016,0.031252,0.052136
C:\Users\mrobe\Documents\git_repos\oldschool-clientc\3rd\toridraw\toridraw_render.u.c,1222,0.031241,0.052118
C:\Users\mrobe\Documents\git_repos\oldschool-clientc\3rd\rscache\src\datatypes\cs2_script.c,65,0.031235,0.052108
C:\Users\mrobe\Documents\git_repos\oldschool-clientc\3rd\toridraw\toridraw_lighting.c,334,0.030344,0.050622
C:\Users\mrobe\Documents\git_repos\oldschool-clientc\src\ui\uitree.c,1684,0.030274,0.050505
C:\Users\mrobe\Documents\git_repos\oldschool-clientc\3rd\rscache\src\datatypes\sound_vorbis.c,479,0.030274,0.050505
C:\Users\mrobe\Documents\git_repos\oldschool-clientc\3rd\rscache\src\dat2disk.c,555,0.030271,0.050500
C:\Users\mrobe\Documents\git_repos\oldschool-clientc\src\cs2vm2\cs2vm2.c,11499,0.030264,0.050488
C:\Users\mrobe\Documents\git_repos\oldschool-clientc\src\platform\platform_sdl2_renderer_soft3d.c,1398,0.029323,0.048918
C:\Users\mrobe\Documents\git_repos\oldschool-clientc\3rd\rscache\src\datatypes\sound_vorbis.c,1387,0.029303,0.048885
C:\Users\mrobe\Documents\git_repos\oldschool-clientc\3rd\toridraw\graphics\shared_tables.h,47,0.029302,0.048883
C:\Users\mrobe\Documents\git_repos\oldschool-clientc\3rd\rscache\src\datatypes\sound_vorbis.c,1830,0.029299,0.048878
C:\Users\mrobe\Documents\git_repos\oldschool-clientc\3rd\toridraw\toridraw_sprite.c,508,0.029298,0.048877
C:\Users\mrobe\Documents\git_repos\oldschool-clientc\src\engine\world_builder\world_builder.c,67,0.029296,0.048873
C:\Users\mrobe\Documents\git_repos\oldschool-clientc\3rd\toridraw\graphics\raster\gouraudhsllightness\gouraudhsllightness.screen.opaque.bary.branching.s4.c,205,0.029291,0.048865
C:\Users\mrobe\Documents\git_repos\oldschool-clientc\src\ui\uitree_emit.c,1952,0.029266,0.048823
C:\Users\mrobe\Documents\git_repos\oldschool-clientc\3rd\toridraw\graphics\raster\gouraudhsllightness\gouraudhsllightness.screen.alpha.bary.branching.s4.c,425,0.029257,0.048808
C:\Users\mrobe\Documents\git_repos\oldschool-clientc\src\game\rs_cs2_host.c,4381,0.028340,0.047278
C:\Users\mrobe\Documents\git_repos\oldschool-clientc\3rd\bzip\bzip.c,550,0.028326,0.047255
C:\Users\mrobe\Documents\git_repos\oldschool-clientc\src\cs2vm2\cs2vm2.c,9849,0.028317,0.047240
C:\Users\mrobe\Documents\git_repos\oldschool-clientc\3rd\toridraw\toridraw_2d.c,64,0.028070,0.046828
C:\Users\mrobe\Documents\git_repos\oldschool-clientc\3rd\toridraw\toridraw_2d.c,75,0.027426,0.045754
C:\Users\mrobe\Documents\git_repos\oldschool-clientc\3rd\toridraw\toridraw_2d.c,77,0.027359,0.045642
C:\Users\mrobe\Documents\git_repos\oldschool-clientc\3rd\toridraw\graphics\alpha.h,36,0.027353,0.045632
C:\Users\mrobe\Documents\git_repos\oldschool-clientc\src\js5\js5.c,1311,0.027352,0.045630
C:\Users\mrobe\Documents\git_repos\oldschool-clientc\src\engine\world_builder\world_sharelight.u.c,125,0.027352,0.045630
C:\Users\mrobe\Documents\git_repos\oldschool-clientc\src\ui\uitree.h,682,0.027349,0.045625
C:\Users\mrobe\Documents\git_repos\oldschool-clientc\src\cs2vm2\cs2vm2.c,430,0.027348,0.045624
C:\Users\mrobe\Documents\git_repos\oldschool-clientc\3rd\bzip\bzip.c,351,0.027345,0.045619
C:\Users\mrobe\Documents\git_repos\oldschool-clientc\src\world\entity_pool.c,71,0.027339,0.045609
C:\Users\mrobe\Documents\git_repos\oldschool-clientc\3rd\bzip\bzip.c,346,0.027339,0.045609
C:\Users\mrobe\Documents\git_repos\oldschool-clientc\src\cs2vm2\cs2vm2.c,795,0.027326,0.045587
C:\Users\mrobe\Documents\git_repos\oldschool-clientc\3rd\toridraw\graphics\alpha.h,33,0.027323,0.045582
C:\Users\mrobe\Documents\git_repos\oldschool-clientc\3rd\toridraw\graphics\raster\gouraudhsllightness\gouraudhsllightness.screen.opaque.bary.branching.s4.c,133,0.027321,0.045579
C:\Users\mrobe\Documents\git_repos\oldschool-clientc\src\ui\uitree_layout.c,417,0.026401,0.044044
C:\Users\mrobe\Documents\git_repos\oldschool-clientc\3rd\hmap\hmap.h,409,0.026395,0.044034
C:\Users\mrobe\Documents\git_repos\oldschool-clientc\src\ui\uitree.c,1335,0.026371,0.043994
C:\Users\mrobe\Documents\git_repos\oldschool-clientc\src\cs2vm2\cs2vm2.c,11525,0.026359,0.043974
C:\Users\mrobe\Documents\git_repos\oldschool-clientc\3rd\bzip\bzip.c,556,0.026350,0.043959
C:\Users\mrobe\Documents\git_repos\oldschool-clientc\3rd\toridraw\triangles\toridraw_triangle_clip.u.c,35,0.025402,0.042377
C:\Users\mrobe\Documents\git_repos\oldschool-clientc\3rd\rscache\src\datatypes\sound_vorbis.c,682,0.025399,0.042372
C:\Users\mrobe\Documents\git_repos\oldschool-clientc\src\engine\world_builder\world_sharelight.u.c,223,0.025397,0.042369
C:\Users\mrobe\Documents\git_repos\oldschool-clientc\src\engine\world_builder\world_sharelight.u.c,239,0.025393,0.042362
C:\Users\mrobe\Documents\git_repos\oldschool-clientc\3rd\rscache\src\datatypes\sound_vorbis.c,1669,0.025393,0.042362
C:\Users\mrobe\Documents\git_repos\oldschool-clientc\3rd\toridraw\toridraw_lighting.c,168,0.025393,0.042362
C:\Users\mrobe\Documents\git_repos\oldschool-clientc\3rd\toridraw\graphics\raster\gouraudhsllightness\gouraudhsllightness.screen.opaque.bary.branching.s4.c,202,0.025387,0.042352
C:\Users\mrobe\Documents\git_repos\oldschool-clientc\3rd\toridraw\toridraw_render.u.c,1108,0.025383,0.042345
C:\Users\mrobe\Documents\git_repos\oldschool-clientc\3rd\rscache\src\rsbuffer.c,761,0.024995,0.041698
C:\Users\mrobe\Documents\git_repos\oldschool-clientc\src\platform\platform_sdl2_renderer_soft3d.c,1400,0.024485,0.040847
C:\Users\mrobe\Documents\git_repos\oldschool-clientc\3rd\rscache\src\reference_table.c,138,0.024433,0.040761
C:\Users\mrobe\Documents\git_repos\oldschool-clientc\src\ui\uitree_emit.c,2462,0.024419,0.040737
C:\Users\mrobe\Documents\git_repos\oldschool-clientc\3rd\toridraw\toridraw_model_transform.c,839,0.024417,0.040734
C:\Users\mrobe\Documents\git_repos\oldschool-clientc\src\cs2vm2\cs2vm2.c,1479,0.024416,0.040732
C:\Users\mrobe\Documents\git_repos\oldschool-clientc\3rd\hmap\hmap.h,240,0.024405,0.040714
C:\Users\mrobe\Documents\git_repos\oldschool-clientc\3rd\bzip\bzip.c,415,0.023705,0.039546
C:\Users\mrobe\Documents\git_repos\oldschool-clientc\3rd\rscache\src\reference_table.c,78,0.023473,0.039159
C:\Users\mrobe\Documents\git_repos\oldschool-clientc\src\engine\world_builder\world_sharelight.u.c,567,0.023457,0.039132
R:\winlibs_staging_msvcrt32\gcc-15.2.0\build_mingw\i686-w64-mingw32\libgcc\..\..\..\libgcc\libgcc2.c,1012,0.023450,0.039121
C:\Users\mrobe\Documents\git_repos\oldschool-clientc\3rd\toridraw\graphics\raster\gouraudhsllightness\gouraudhsllightness.screen.opaque.bary.branching.s4.c,526,0.023436,0.039097
C:\Users\mrobe\Documents\git_repos\oldschool-clientc\toolchain\mingw32\lib\gcc\i686-w64-mingw32\15.2.0\include\emmintrin.h,1181,0.023433,0.039092
C:\Users\mrobe\Documents\git_repos\oldschool-clientc\3rd\toridraw\toridraw_lighting.c,132,0.023430,0.039087
C:\Users\mrobe\Documents\git_repos\oldschool-clientc\src\cs2vm2\cs2vm2.c,953,0.023429,0.039086
C:\Users\mrobe\Documents\git_repos\oldschool-clientc\src\cs2vm2\cs2vm2.c,1691,0.023428,0.039084
C:\Users\mrobe\Documents\git_repos\oldschool-clientc\3rd\toridraw\toridraw_lighting.c,153,0.023424,0.039077
C:\Users\mrobe\Documents\git_repos\oldschool-clientc\3rd\toridraw\graphics\raster\gouraudhsllightness\gouraudhsllightness.screen.alpha.bary.branching.s4.c,141,0.023378,0.039001
C:\Users\mrobe\Documents\git_repos\oldschool-clientc\src\ui\uitree.c,628,0.022499,0.037534
C:\Users\mrobe\Documents\git_repos\oldschool-clientc\3rd\rscache\src\datatypes\sound_render.c,435,0.022466,0.037479
C:\Users\mrobe\Documents\git_repos\oldschool-clientc\src\perf\torirs_perf.c,1027,0.022461,0.037471
C:\Users\mrobe\Documents\git_repos\oldschool-clientc\src\engine\world_builder\heightmap.c,103,0.022461,0.037471
C:\Users\mrobe\Documents\git_repos\oldschool-clientc\src\js5\js5.c,1388,0.022460,0.037469
C:\Users\mrobe\Documents\git_repos\oldschool-clientc\src\ui\uitree.c,1709,0.022460,0.037469
C:\Users\mrobe\Documents\git_repos\oldschool-clientc\3rd\rscache\src\datatypes\sound_vorbis.c,749,0.022458,0.037466
C:\Users\mrobe\Documents\git_repos\oldschool-clientc\src\app.c,12100,0.022457,0.037464
C:\Users\mrobe\Documents\git_repos\oldschool-clientc\3rd\toridraw\toridraw_2d.c,78,0.021508,0.035881
C:\Users\mrobe\Documents\git_repos\oldschool-clientc\src\ui\uitree.c,1551,0.021504,0.035874
C:\Users\mrobe\Documents\git_repos\oldschool-clientc\3rd\toridraw\triangles\toridraw_triangle_gouraud.u.c,1129,0.021494,0.035858
C:\Users\mrobe\Documents\git_repos\oldschool-clientc\src\platform\sockstream.c,349,0.021489,0.035849
C:\Users\mrobe\Documents\git_repos\oldschool-clientc\3rd\bzip\bzip.c,355,0.021488,0.035848
C:\Users\mrobe\Documents\git_repos\oldschool-clientc\src\cs2vm2\cs2vm2.c,2789,0.021488,0.035848
C:\Users\mrobe\Documents\git_repos\oldschool-clientc\3rd\toridraw\graphics\raster\gouraudhsllightness\gouraudhsllightness.screen.opaque.bary.branching.s4.c,576,0.021487,0.035846
C:\Users\mrobe\Documents\git_repos\oldschool-clientc\3rd\toridraw\toridraw_lighting.c,157,0.021483,0.035839
C:\Users\mrobe\Documents\git_repos\oldschool-clientc\src\cs2vm2\cs2vm2.c,8638,0.021482,0.035838
C:\Users\mrobe\Documents\git_repos\oldschool-clientc\src\cs2vm2\cs2vm2.c,1910,0.021476,0.035828
C:\Users\mrobe\Documents\git_repos\oldschool-clientc\src\ui\uitree.c,1680,0.021476,0.035828
C:\Users\mrobe\Documents\git_repos\oldschool-clientc\src\cs2vm2\cs2vm2.c,4039,0.021454,0.035791
C:\Users\mrobe\Documents\git_repos\oldschool-clientc\src\ui\uitree_layout.c,425,0.020539,0.034264
C:\Users\mrobe\Documents\git_repos\oldschool-clientc\src\engine\world_builder\minimap.c,816,0.020517,0.034228
C:\Users\mrobe\Documents\git_repos\oldschool-clientc\src\engine\world_builder\world_sharelight.u.c,277,0.020510,0.034216
C:\Users\mrobe\Documents\git_repos\oldschool-clientc\src\app.c,22329,0.020500,0.034199
C:\Users\mrobe\Documents\git_repos\oldschool-clientc\src\<artificial>,106,0.020157,0.033627
C:\Users\mrobe\Documents\git_repos\oldschool-clientc\src\cs2vm2\cs2vm2.c,4198,0.019557,0.032626
C:\Users\mrobe\Documents\git_repos\oldschool-clientc\3rd\toridraw\toridraw_render.u.c,1072,0.019539,0.032596
C:\Users\mrobe\Documents\git_repos\oldschool-clientc\src\engine\uitree_from_component.c,227,0.019539,0.032596
C:\Users\mrobe\Documents\git_repos\oldschool-clientc\3rd\toridraw\graphics\raster\gouraudhsllightness\gouraudhsllightness.screen.opaque.bary.branching.s4.c,448,0.019538,0.032594
C:\Users\mrobe\Documents\git_repos\oldschool-clientc\src\engine\world_builder\world_sharelight.u.c,119,0.019538,0.032594
C:\Users\mrobe\Documents\git_repos\oldschool-clientc\3rd\toridraw\graphics\raster\gouraudhsllightness\gouraudhsllightness.screen.alpha.bary.branching.s4.c,418,0.019534,0.032588
C:\Users\mrobe\Documents\git_repos\oldschool-clientc\3rd\toridraw\graphics\raster\gouraudhsllightness\gouraudhsllightness.screen.opaque.bary.branching.s4.c,484,0.019534,0.032588
C:\Users\mrobe\Documents\git_repos\oldschool-clientc\src\engine\world_builder\world_sharelight.u.c,484,0.019532,0.032584
C:\Users\mrobe\Documents\git_repos\oldschool-clientc\toolchain\mingw32\lib\gcc\i686-w64-mingw32\15.2.0\include\emmintrin.h,1211,0.019531,0.032583
C:\Users\mrobe\Documents\git_repos\oldschool-clientc\3rd\bzip\bzip.c,379,0.019530,0.032581
C:\Users\mrobe\Documents\git_repos\oldschool-clientc\3rd\hmap\hmap.h,234,0.019530,0.032581
C:\Users\mrobe\Documents\git_repos\oldschool-clientc\3rd\toridraw\graphics\raster\flat\flat_screen_edges.h,29,0.019527,0.032576
C:\Users\mrobe\Documents\git_repos\oldschool-clientc\src\painters\painters_bucket.u.c,356,0.019526,0.032574
C:\Users\mrobe\Documents\git_repos\oldschool-clientc\src\cs2vm2\cs2vm2.c,9853,0.019524,0.032571
C:\Users\mrobe\Documents\git_repos\oldschool-clientc\src\cs2vm2\cs2vm2.c,859,0.019522,0.032568
C:\Users\mrobe\Documents\git_repos\oldschool-clientc\src\engine\world_builder\heightmap.c,69,0.019519,0.032563
C:\Users\mrobe\Documents\git_repos\oldschool-clientc\src\cs2vm2\cs2vm2.c,4067,0.019518,0.032561
C:\Users\mrobe\Documents\git_repos\oldschool-clientc\3rd\toridraw\toridraw_render.u.c,1060,0.019517,0.032559
C:\Users\mrobe\Documents\git_repos\oldschool-clientc\src\cs2vm2\cs2vm2.c,12211,0.019501,0.032533
C:\Users\mrobe\Documents\git_repos\oldschool-clientc\3rd\bzip\bzip.c,339,0.019448,0.032444
C:\Users\mrobe\Documents\git_repos\oldschool-clientc\src\ui\uitree_layout.c,175,0.018587,0.031008
C:\Users\mrobe\Documents\git_repos\oldschool-clientc\3rd\rscache\src\datatypes\cs2_script.c,66,0.018569,0.030978
C:\Users\mrobe\Documents\git_repos\oldschool-clientc\src\engine\world_builder\world_sharelight.u.c,133,0.018565,0.030971
C:\Users\mrobe\Documents\git_repos\oldschool-clientc\src\cs2vm2\cs2vm2.c,4220,0.018565,0.030971
C:\Users\mrobe\Documents\git_repos\oldschool-clientc\src\cs2vm2\cs2vm2.c,11381,0.018564,0.030970
C:\Users\mrobe\Documents\git_repos\oldschool-clientc\src\js5\js5.c,1361,0.018563,0.030968
C:\Users\mrobe\Documents\git_repos\oldschool-clientc\src\cs2vm2\cs2vm2.c,274,0.018562,0.030966
R:\winlibs_staging_msvcrt32\gcc-15.2.0\build_mingw\i686-w64-mingw32\libgcc\..\..\..\libgcc\libgcc2.c,1028,0.018562,0.030966
C:\Users\mrobe\Documents\git_repos\oldschool-clientc\src\cs2vm2\cs2vm2.c,1721,0.018557,0.030958
C:\Users\mrobe\Documents\git_repos\oldschool-clientc\src\platform\platform_x_io.c,207,0.018557,0.030958
C:\Users\mrobe\Documents\git_repos\oldschool-clientc\src\engine\torirs_component_from_rscache.c,743,0.018555,0.030955
C:\Users\mrobe\Documents\git_repos\oldschool-clientc\3rd\toridraw\graphics\shared_tables.h,50,0.018039,0.030094
C:\Users\mrobe\Documents\git_repos\oldschool-clientc\3rd\toridraw\graphics\raster\gouraudhsllightness\gouraudhsllightness.screen.opaque.bary.branching.s4.c,480,0.017622,0.029398
C:\Users\mrobe\Documents\git_repos\oldschool-clientc\src\ui\uitree_iface_stats.c,131,0.017608,0.029375
C:\Users\mrobe\Documents\git_repos\oldschool-clientc\src\engine\world_builder\world_sharelight.u.c,80,0.017589,0.029343
C:\Users\mrobe\Documents\git_repos\oldschool-clientc\src\cs2vm2\cs2vm2.c,6755,0.017587,0.029340
C:\Users\mrobe\Documents\git_repos\oldschool-clientc\3rd\bzip\bzip.c,557,0.017587,0.029340
C:\Users\mrobe\Documents\git_repos\oldschool-clientc\3rd\rscache\src\reference_table.c,87,0.017587,0.029340
C:\Users\mrobe\Documents\git_repos\oldschool-clientc\3rd\rscache\src\datatypes\sound_render.c,287,0.017587,0.029340
C:\Users\mrobe\Documents\git_repos\oldschool-clientc\3rd\rscache\src\datatypes\sound_vorbis.c,1274,0.017587,0.029340
C:\Users\mrobe\Documents\git_repos\oldschool-clientc\3rd\toridraw\toridraw_render.u.c,1642,0.017587,0.029340
C:\Users\mrobe\Documents\git_repos\oldschool-clientc\3rd\bzip\bzip.c,208,0.017586,0.029338
C:\Users\mrobe\Documents\git_repos\oldschool-clientc\3rd\rscache\src\datatypes\sound_vorbis.c,1384,0.017586,0.029338
C:\Users\mrobe\Documents\git_repos\oldschool-clientc\3rd\rscache\src\datatypes\sound_vorbis.c,1640,0.017586,0.029338
C:\Users\mrobe\Documents\git_repos\oldschool-clientc\3rd\rscache\src\datatypes\sound_vorbis.c,476,0.017581,0.029330
C:\Users\mrobe\Documents\git_repos\oldschool-clientc\src\ui\uitree.c,1269,0.017578,0.029325
R:\winlibs_staging_msvcrt32\gcc-15.2.0\build_mingw\i686-w64-mingw32\libgcc\..\..\..\libgcc\libgcc2.c,1287,0.017569,0.029310
C:\Users\mrobe\Documents\git_repos\oldschool-clientc\src\js5\js5_rscache.c,20,0.017567,0.029306
C:\Users\mrobe\Documents\git_repos\oldschool-clientc\3rd\bzip\bzip.c,441,0.017564,0.029301
C:\Users\mrobe\Documents\git_repos\oldschool-clientc\3rd\rscache\src\datatypes\sound_vorbis.c,1577,0.017560,0.029295
C:\Users\mrobe\Documents\git_repos\oldschool-clientc\src\ui\uitree_layout.c,28,0.016632,0.027747
C:\Users\mrobe\Documents\git_repos\oldschool-clientc\src\engine\world_builder\world_sharelight.u.c,292,0.016614,0.027716
C:\Users\mrobe\Documents\git_repos\oldschool-clientc\3rd\toridraw\toridraw_2d.c,595,0.016611,0.027711
C:\Users\mrobe\Documents\git_repos\oldschool-clientc\src\js5\js5_rscache.c,19,0.016609,0.027708
C:\Users\mrobe\Documents\git_repos\oldschool-clientc\src\cs2vm2\cs2vm2.c,86,0.016603,0.027698
C:\Users\mrobe\Documents\git_repos\oldschool-clientc\src\ui\uitree_emit.c,1807,0.016602,0.027696
C:\Users\mrobe\Documents\git_repos\oldschool-clientc\src\engine\world_builder\world_terrain.u.c,404,0.016598,0.027690
C:\Users\mrobe\Documents\git_repos\oldschool-clientc\3rd\bzip\bzip.c,534,0.016592,0.027680
C:\Users\mrobe\Documents\git_repos\oldschool-clientc\3rd\bzip\bzip.c,446,0.016591,0.027678
C:\Users\mrobe\Documents\git_repos\oldschool-clientc\src\ui\uitree_iface_stats.c,133,0.015655,0.026117
C:\Users\mrobe\Documents\git_repos\oldschool-clientc\3rd\bzip\bzip.c,542,0.015638,0.026088
C:\Users\mrobe\Documents\git_repos\oldschool-clientc\3rd\rscache\src\compression.c,108,0.015633,0.026080
C:\Users\mrobe\Documents\git_repos\oldschool-clientc\3rd\toridraw\graphics\raster\gouraudhsllightness\gouraudhsllightness.screen.alpha.bary.branching.s4.c,133,0.015633,0.026080
C:\Users\mrobe\Documents\git_repos\oldschool-clientc\src\net\rev\rsprot_bridge.c,859,0.015632,0.026078
C:\Users\mrobe\Documents\git_repos\oldschool-clientc\src\render\torirs_frame.c,1856,0.015632,0.026078
C:\Users\mrobe\Documents\git_repos\oldschool-clientc\src\ui\uitree.c,1693,0.015628,0.026072
C:\Users\mrobe\Documents\git_repos\oldschool-clientc\src\ui\uitree_layout.c,459,0.015626,0.026068
C:\Users\mrobe\Documents\git_repos\oldschool-clientc\src\ui\uitree_layout.c,427,0.015625,0.026067
C:\Users\mrobe\Documents\git_repos\oldschool-clientc\3rd\toridraw\graphics\raster\gouraudhsllightness\gouraudhsllightness.screen.opaque.bary.branching.s4.c,139,0.015624,0.026065
C:\Users\mrobe\Documents\git_repos\oldschool-clientc\3rd\toridraw\toridraw_lighting.c,92,0.015619,0.026057
C:\Users\mrobe\Documents\git_repos\oldschool-clientc\3rd\rscache\src\datatypes\sound_vorbis.c,1652,0.015618,0.026055
C:\Users\mrobe\Documents\git_repos\oldschool-clientc\3rd\toridraw\toridraw_lighting.c,187,0.015617,0.026053
C:\Users\mrobe\Documents\git_repos\oldschool-clientc\3rd\bzip\bzip.c,317,0.015617,0.026053
C:\Users\mrobe\Documents\git_repos\oldschool-clientc\3rd\bzip\bzip.c,399,0.015616,0.026052
C:\Users\mrobe\Documents\git_repos\oldschool-clientc\3rd\toridraw\toridraw_render.u.c,2567,0.015613,0.026047
C:\Users\mrobe\Documents\git_repos\oldschool-clientc\src\cs2vm2\cs2vm2.c,4216,0.015607,0.026037
C:\Users\mrobe\Documents\git_repos\oldschool-clientc\src\engine\dat2\task_dat2_map_load.c,42,0.014677,0.024485
C:\Users\mrobe\Documents\git_repos\oldschool-clientc\src\ui\uitree_layout.c,434,0.014665,0.024465
C:\Users\mrobe\Documents\git_repos\oldschool-clientc\src\game\rs_cs2_host.c,412,0.014657,0.024452
C:\Users\mrobe\Documents\git_repos\oldschool-clientc\3rd\toridraw\toridraw_lighting.c,318,0.014656,0.024450
C:\Users\mrobe\Documents\git_repos\oldschool-clientc\3rd\bzip\bzip.c,466,0.014656,0.024450
C:\Users\mrobe\Documents\git_repos\oldschool-clientc\src\cs2vm2\cs2vm2.c,4051,0.014648,0.024437
C:\Users\mrobe\Documents\git_repos\oldschool-clientc\src\cs2vm2\cs2vm2.c,2398,0.014648,0.024437
C:\Users\mrobe\Documents\git_repos\oldschool-clientc\3rd\rscache\src\datatypes\sound_vorbis.c,1647,0.014645,0.024432
C:\Users\mrobe\Documents\git_repos\oldschool-clientc\src\<artificial>,2767,0.014643,0.024428
C:\Users\mrobe\Documents\git_repos\oldschool-clientc\src\game\rs_cs2_host.c,7176,0.014635,0.024415
C:\Users\mrobe\Documents\git_repos\oldschool-clientc\src\engine\world_builder\world_sharelight.u.c,219,0.014633,0.024412
C:\Users\mrobe\Documents\git_repos\oldschool-clientc\3rd\toridraw\toridraw_lighting.c,133,0.014068,0.023469
C:\Users\mrobe\Documents\git_repos\oldschool-clientc\3rd\toridraw\toridraw_sprite.c,511,0.013727,0.022900
C:\Users\mrobe\Documents\git_repos\oldschool-clientc\3rd\toridraw\triangles\toridraw_triangle_clip.u.c,68,0.013714,0.022879
C:\Users\mrobe\Documents\git_repos\oldschool-clientc\src\ui\uitree.c,117,0.013692,0.022842
C:\Users\mrobe\Documents\git_repos\oldschool-clientc\3rd\toridraw\toridraw_lighting.c,330,0.013687,0.022833
C:\Users\mrobe\Documents\git_repos\oldschool-clientc\src\ui\uitree.c,1702,0.013682,0.022825
C:\Users\mrobe\Documents\git_repos\oldschool-clientc\3rd\rscache\src\datatypes\sound_vorbis.c,1606,0.013676,0.022815
C:\Users\mrobe\Documents\git_repos\oldschool-clientc\3rd\hmap\hmap.h,412,0.013676,0.022815
C:\Users\mrobe\Documents\git_repos\oldschool-clientc\3rd\toridraw\toridraw_lighting.c,301,0.013676,0.022815
C:\Users\mrobe\Documents\git_repos\oldschool-clientc\3rd\rscache\src\datatypes\sound_vorbis.c,1385,0.013674,0.022812
C:\Users\mrobe\Documents\git_repos\oldschool-clientc\3rd\toridraw\toridraw_scene.c,284,0.013673,0.022810
C:\Users\mrobe\Documents\git_repos\oldschool-clientc\3rd\toridraw\graphics\alpha.h,34,0.013670,0.022805
C:\Users\mrobe\Documents\git_repos\oldschool-clientc\3rd\toridraw\graphics\int_wrap.h,43,0.013668,0.022802
C:\Users\mrobe\Documents\git_repos\oldschool-clientc\3rd\toridraw\toridraw_lighting.c,314,0.013668,0.022802
C:\Users\mrobe\Documents\git_repos\oldschool-clientc\3rd\toridraw\graphics\projection.u.c,355,0.013665,0.022797
C:\Users\mrobe\Documents\git_repos\oldschool-clientc\3rd\rscache\src\datatypes\sound_vorbis.c,1649,0.013664,0.022795
C:\Users\mrobe\Documents\git_repos\oldschool-clientc\3rd\toridraw\toridraw_render.u.c,1140,0.013662,0.022792
C:\Users\mrobe\Documents\git_repos\oldschool-clientc\3rd\bzip\bzip.c,378,0.013661,0.022790
C:\Users\mrobe\Documents\git_repos\oldschool-clientc\3rd\toridraw\toridraw_render.u.c,1059,0.013658,0.022785
C:\Users\mrobe\Documents\git_repos\oldschool-clientc\3rd\toridraw\toridraw_render.u.c,1225,0.013646,0.022765
C:\Users\mrobe\Documents\git_repos\oldschool-clientc\src\ui\uitree_layout.c,456,0.012727,0.021232
C:\Users\mrobe\Documents\git_repos\oldschool-clientc\3rd\rscache\src\reference_table.c,77,0.012716,0.021214
C:\Users\mrobe\Documents\git_repos\oldschool-clientc\src\ui\uitree_layout.c,433,0.012715,0.021212
C:\Users\mrobe\Documents\git_repos\oldschool-clientc\src\engine\uitree_from_component.c,229,0.012708,0.021200
C:\Users\mrobe\Documents\git_repos\oldschool-clientc\3rd\rscache\src\datatypes\sound_vorbis.c,1537,0.012706,0.021197
C:\Users\mrobe\Documents\git_repos\oldschool-clientc\3rd\rscache\src\datatypes\sound_vorbis.c,1580,0.012705,0.021195
C:\Users\mrobe\Documents\git_repos\oldschool-clientc\3rd\rscache\src\datatypes\sound_vorbis.c,1560,0.012701,0.021189
C:\Users\mrobe\Documents\git_repos\oldschool-clientc\src\plugin\torirs_plugin_bridge.u.c,473,0.012700,0.021187
C:\Users\mrobe\Documents\git_repos\oldschool-clientc\src\engine\world_builder\world_sharelight.u.c,290,0.012700,0.021187
C:\Users\mrobe\Documents\git_repos\oldschool-clientc\src\engine\dat2\dat2_group_cache.c,245,0.012697,0.021182
C:\Users\mrobe\Documents\git_repos\oldschool-clientc\3rd\bzip\bzip.c,410,0.012689,0.021169
C:\Users\mrobe\Documents\git_repos\oldschool-clientc\src\cs2vm2\cs2vm2.c,4186,0.012688,0.021167
C:\Users\mrobe\Documents\git_repos\oldschool-clientc\3rd\toridraw\toridraw_model_transform.c,646,0.012688,0.021167
C:\Users\mrobe\Documents\git_repos\oldschool-clientc\3rd\toridraw\toridraw_lighting.c,122,0.012685,0.021162
C:\Users\mrobe\Documents\git_repos\oldschool-clientc\3rd\hmap\hmap.h,399,0.012681,0.021155
C:\Users\mrobe\Documents\git_repos\oldschool-clientc\3rd\toridraw\graphics\raster\gouraudhsllightness\gouraudhsllightness.screen.opaque.bary.branching.s4.c,62,0.011751,0.019604
C:\Users\mrobe\Documents\git_repos\oldschool-clientc\src\js5\js5.c,910,0.011729,0.019567
C:\Users\mrobe\Documents\git_repos\oldschool-clientc\3rd\rscache\src\rsbuffer.c,232,0.011728,0.019565
C:\Users\mrobe\Documents\git_repos\oldschool-clientc\3rd\hmap\hmap.h,256,0.011727,0.019564
C:\Users\mrobe\Documents\git_repos\oldschool-clientc\3rd\toridraw\graphics\raster\gouraudhsllightness\gouraudhsllightness.screen.opaque.bary.branching.s4.c,454,0.011724,0.019559
C:\Users\mrobe\Documents\git_repos\oldschool-clientc\3rd\rscache\src\datatypes\sound_vorbis.c,1654,0.011719,0.019550
C:\Users\mrobe\Documents\git_repos\oldschool-clientc\3rd\toridraw\triangles\toridraw_triangle_gouraud.u.c,824,0.011717,0.019547
C:\Users\mrobe\Documents\git_repos\oldschool-clientc\3rd\toridraw\toridraw_lighting.c,326,0.011716,0.019545
C:\Users\mrobe\Documents\git_repos\oldschool-clientc\src\cs2vm2\cs2vm2.c,3379,0.011716,0.019545
C:\Users\mrobe\Documents\git_repos\oldschool-clientc\src\cs2vm2\cs2vm2.c,2816,0.011713,0.019540
C:\Users\mrobe\Documents\git_repos\oldschool-clientc\3rd\toridraw\toridraw_raster.u.c,387,0.011711,0.019537
C:\Users\mrobe\Documents\git_repos\oldschool-clientc\3rd\rscache\src\datatypes\sound_vorbis.c,473,0.011711,0.019537
C:\Users\mrobe\Documents\git_repos\oldschool-clientc\src\<artificial>,2826,0.011709,0.019534
C:\Users\mrobe\Documents\git_repos\oldschool-clientc\3rd\rscache\src\datatypes\sound_vorbis.c,1833,0.011708,0.019532
C:\Users\mrobe\Documents\git_repos\oldschool-clientc\src\cs2vm2\cs2vm2.c,11500,0.011708,0.019532
C:\Users\mrobe\Documents\git_repos\oldschool-clientc\src\ui\uitree.c,931,0.011708,0.019532
C:\Users\mrobe\Documents\git_repos\oldschool-clientc\3rd\rscache\src\datatypes\sound_vorbis.c,1585,0.011705,0.019527
C:\Users\mrobe\Documents\git_repos\oldschool-clientc\src\painters\painters_i.h,153,0.011704,0.019525
C:\Users\mrobe\Documents\git_repos\oldschool-clientc\src\cs2vm2\cs2vm2.c,12213,0.011699,0.019517
C:\Users\mrobe\Documents\git_repos\oldschool-clientc\src\render\torirs_frame.c,1855,0.011682,0.019489
C:\Users\mrobe\Documents\git_repos\oldschool-clientc\src\ui\uitree_layout.c,444,0.010771,0.017969
C:\Users\mrobe\Documents\git_repos\oldschool-clientc\src\<artificial>,2726,0.010769,0.017965
C:\Users\mrobe\Documents\git_repos\oldschool-clientc\src\cs2vm2\cs2vm2.c,132,0.010760,0.017950
R:\winlibs_staging_msvcrt32\gcc-15.2.0\build_mingw\i686-w64-mingw32\libgcc\..\..\..\libgcc\config\i386\cygwin.S,153,0.010749,0.017932
C:\Users\mrobe\Documents\git_repos\oldschool-clientc\src\game\rs_cs2_host.c,4903,0.010747,0.017929
C:\Users\mrobe\Documents\git_repos\oldschool-clientc\3rd\toridraw\toridraw_scene.c,181,0.010745,0.017925
C:\Users\mrobe\Documents\git_repos\oldschool-clientc\src\cs2vm2\cs2vm2.c,4214,0.010742,0.017920
C:\Users\mrobe\Documents\git_repos\oldschool-clientc\src\<artificial>,2616,0.010742,0.017920
C:\Users\mrobe\Documents\git_repos\oldschool-clientc\src\engine\world_builder\heightmap.c,196,0.010741,0.017919
C:\Users\mrobe\Documents\git_repos\oldschool-clientc\3rd\bzip\bzip.c,402,0.010738,0.017914
C:\Users\mrobe\Documents\git_repos\oldschool-clientc\src\cs2vm2\cs2vm2.c,5451,0.010737,0.017912
C:\Users\mrobe\Documents\git_repos\oldschool-clientc\3rd\hmap\hmap.h,448,0.010737,0.017912
C:\Users\mrobe\Documents\git_repos\oldschool-clientc\src\js5\js5.c,1045,0.010734,0.017907
C:\Users\mrobe\Documents\git_repos\oldschool-clientc\src\engine\world_builder\world_scenery.u.c,115,0.010726,0.017894
C:\Users\mrobe\Documents\git_repos\oldschool-clientc\src\cs2vm2\cs2vm2.c,418,0.010721,0.017885
C:\Users\mrobe\Documents\git_repos\oldschool-clientc\3rd\rscache\src\datatypes\sound_vorbis.c,1534,0.010710,0.017867
C:\Users\mrobe\Documents\git_repos\oldschool-clientc\src\engine\world_builder\world_sharelight.u.c,231,0.010701,0.017852
C:\Users\mrobe\Documents\git_repos\oldschool-clientc\src\<artificial>,2677,0.010100,0.016849
C:\Users\mrobe\Documents\git_repos\oldschool-clientc\3rd\bzip\bzip.c,345,0.009795,0.016341
C:\Users\mrobe\Documents\git_repos\oldschool-clientc\src\ui\uitree_layout.c,454,0.009794,0.016339
C:\Users\mrobe\Documents\git_repos\oldschool-clientc\src\painters\painters_i.h,246,0.009777,0.016311
C:\Users\mrobe\Documents\git_repos\oldschool-clientc\3rd\rscache\src\reference_table.c,109,0.009777,0.016311
C:\Users\mrobe\Documents\git_repos\oldschool-clientc\3rd\toridraw\toridraw_sprite.c,510,0.009776,0.016309
C:\Users\mrobe\Documents\git_repos\oldschool-clientc\src\engine\world_builder\world_sharelight.u.c,478,0.009774,0.016306
C:\Users\mrobe\Documents\git_repos\oldschool-clientc\3rd\toridraw\graphics\raster\gouraudhsllightness\gouraudhsllightness.screen.alpha.bary.branching.s4.c,218,0.009772,0.016302
C:\Users\mrobe\Documents\git_repos\oldschool-clientc\3rd\toridraw\triangles\toridraw_triangle_gouraud.u.c,1127,0.009771,0.016301
C:\Users\mrobe\Documents\git_repos\oldschool-clientc\3rd\bzip\bzip.c,364,0.009769,0.016297
C:\Users\mrobe\Documents\git_repos\oldschool-clientc\3rd\rscache\src\datatypes\sound_vorbis.c,1546,0.009769,0.016297
C:\Users\mrobe\Documents\git_repos\oldschool-clientc\3rd\rscache\src\datatypes\sound_vorbis.c,1390,0.009768,0.016296
C:\Users\mrobe\Documents\git_repos\oldschool-clientc\3rd\rscache\src\datatypes\sound_vorbis.c,1583,0.009768,0.016296
C:\Users\mrobe\Documents\git_repos\oldschool-clientc\3rd\bzip\bzip.c,391,0.009767,0.016294
C:\Users\mrobe\Documents\git_repos\oldschool-clientc\3rd\toridraw\toridraw_raster.u.c,416,0.009767,0.016294
C:\Users\mrobe\Documents\git_repos\oldschool-clientc\3rd\bzip\bzip.c,555,0.009766,0.016292
C:\Users\mrobe\Documents\git_repos\oldschool-clientc\3rd\rscache\src\datatypes\sound_vorbis.c,1382,0.009765,0.016291
C:\Users\mrobe\Documents\git_repos\oldschool-clientc\3rd\rscache\src\datatypes\sound_vorbis.c,1569,0.009765,0.016291
C:\Users\mrobe\Documents\git_repos\oldschool-clientc\3rd\rscache\src\datatypes\sound_vorbis.c,1679,0.009764,0.016289
C:\Users\mrobe\Documents\git_repos\oldschool-clientc\3rd\toridraw\toridraw_render.u.c,1048,0.009764,0.016289
C:\Users\mrobe\Documents\git_repos\oldschool-clientc\src\engine\uitree_from_component.c,228,0.009764,0.016289
C:\Users\mrobe\Documents\git_repos\oldschool-clientc\3rd\toridraw\graphics\raster\gouraudhsllightness\gouraudhsllightness.screen.alpha.bary.branching.s4.c,459,0.009763,0.016287
C:\Users\mrobe\Documents\git_repos\oldschool-clientc\3rd\rscache\src\datatypes\sound_render.c,227,0.009762,0.016286
R:\winlibs_staging_msvcrt32\gcc-15.2.0\build_mingw\i686-w64-mingw32\libgcc\..\..\..\libgcc\libgcc2.c,1017,0.009762,0.016286
C:\Users\mrobe\Documents\git_repos\oldschool-clientc\3rd\rscache\src\dat2disk.c,27,0.009760,0.016282
C:\Users\mrobe\Documents\git_repos\oldschool-clientc\3rd\rscache\src\datatypes\sound_vorbis.c,708,0.009758,0.016279
C:\Users\mrobe\Documents\git_repos\oldschool-clientc\3rd\rscache\src\datatypes\sound_vorbis.c,1832,0.009757,0.016277
C:\Users\mrobe\Documents\git_repos\oldschool-clientc\3rd\toridraw\toridraw_lighting.c,182,0.009757,0.016277
C:\Users\mrobe\Documents\git_repos\oldschool-clientc\src\engine\world_builder\world_sharelight.u.c,230,0.009757,0.016277
C:\Users\mrobe\Documents\git_repos\oldschool-clientc\3rd\toridraw\toridraw_render.u.c,1263,0.009752,0.016269
C:\Users\mrobe\Documents\git_repos\oldschool-clientc\src\engine\world_builder\world_sharelight.u.c,405,0.009752,0.016269
C:\Users\mrobe\Documents\git_repos\oldschool-clientc\3rd\rscache\src\dat2disk.c,676,0.009751,0.016267
C:\Users\mrobe\Documents\git_repos\oldschool-clientc\src\cs2vm2\cs2vm2.c,1450,0.009749,0.016264
C:\Users\mrobe\Documents\git_repos\oldschool-clientc\3rd\toridraw\graphics\raster\gouraudhsllightness\gouraudhsllightness.screen.opaque.bary.branching.s4.c,390,0.009749,0.016264
C:\Users\mrobe\Documents\git_repos\oldschool-clientc\src\ui\uitree_layout.c,421,0.008802,0.014684
C:\Users\mrobe\Documents\git_repos\oldschool-clientc\src\game\rs_cs2_host.c,5439,0.008801,0.014682
C:\Users\mrobe\Documents\git_repos\oldschool-clientc\src\ui\uitree_layout.c,428,0.008797,0.014676
C:\Users\mrobe\Documents\git_repos\oldschool-clientc\3rd\bzip\bzip.c,266,0.008795,0.014672
C:\Users\mrobe\Documents\git_repos\oldschool-clientc\3rd\rscache\src\datatypes\sound_vorbis.c,737,0.008794,0.014671
C:\Users\mrobe\Documents\git_repos\oldschool-clientc\3rd\rscache\src\checksum.c,61,0.008792,0.014667
R:\winlibs_staging_msvcrt32\gcc-15.2.0\build_mingw\i686-w64-mingw32\libgcc\..\..\..\libgcc\config\i386\cygwin.S,160,0.008791,0.014666
C:\Users\mrobe\Documents\git_repos\oldschool-clientc\3rd\toridraw\toridraw_lighting.c,320,0.008790,0.014664
C:\Users\mrobe\Documents\git_repos\oldschool-clientc\src\engine\world_builder\world_sharelight.u.c,242,0.008788,0.014661
R:\winlibs_staging_msvcrt32\gcc-15.2.0\build_mingw\i686-w64-mingw32\libgcc\..\..\..\libgcc\config\i386\cygwin.S,143,0.008786,0.014657
C:\Users\mrobe\Documents\git_repos\oldschool-clientc\3rd\hmap\hmap.h,201,0.008783,0.014652
C:\Users\mrobe\Documents\git_repos\oldschool-clientc\src\engine\world_builder\sharelight_map.c,138,0.008783,0.014652
C:\Users\mrobe\Documents\git_repos\oldschool-clientc\src\<artificial>,2707,0.008780,0.014647
C:\Users\mrobe\Documents\git_repos\oldschool-clientc\src\cs2vm2\cs2vm2.c,3460,0.008777,0.014642
C:\Users\mrobe\Documents\git_repos\oldschool-clientc\src\cs2vm2\cs2vm2.c,12214,0.008753,0.014602
C:\Users\mrobe\Documents\git_repos\oldschool-clientc\3rd\toridraw\graphics\raster\gouraudhsllightness\gouraudhsllightness.screen.opaque.bary.branching.s4.c,357,0.007856,0.013106
C:\Users\mrobe\Documents\git_repos\oldschool-clientc\src\painters\painters.c,1976,0.007823,0.013051
C:\Users\mrobe\Documents\git_repos\oldschool-clientc\src\engine\world_builder\heightmap.c,48,0.007820,0.013046
C:\Users\mrobe\Documents\git_repos\oldschool-clientc\3rd\toridraw\graphics\raster\gouraudhsllightness\gouraudhsllightness.screen.alpha.bary.branching.s4.c,125,0.007820,0.013046
C:\Users\mrobe\Documents\git_repos\oldschool-clientc\src\cs2vm2\cs2vm2.c,6359,0.007818,0.013042
C:\Users\mrobe\Documents\git_repos\oldschool-clientc\3rd\toridraw\graphics\raster\gouraudhsllightness\gouraudhsllightness.screen.alpha.bary.branching.s4.c,148,0.007818,0.013042
C:\Users\mrobe\Documents\git_repos\oldschool-clientc\3rd\toridraw\toridraw_lighting.c,322,0.007817,0.013041
C:\Users\mrobe\Documents\git_repos\oldschool-clientc\3rd\toridraw\triangles\toridraw_triangle_gouraud.u.c,114,0.007817,0.013041
C:\Users\mrobe\Documents\git_repos\oldschool-clientc\src\render\torirs_frame.c,128,0.007817,0.013041
C:\Users\mrobe\Documents\git_repos\oldschool-clientc\3rd\toridraw\graphics\raster\gouraudhsllightness\gouraudhsllightness.screen.opaque.bary.branching.s4.c,136,0.007815,0.013037
C:\Users\mrobe\Documents\git_repos\oldschool-clientc\3rd\toridraw\graphics\raster\gouraudhsllightness\gouraudhsllightness.screen.alpha.bary.branching.s4.c,391,0.007814,0.013036
C:\Users\mrobe\Documents\git_repos\oldschool-clientc\3rd\toridraw\osrs\palette.c,218,0.007813,0.013034
C:\Users\mrobe\Documents\git_repos\oldschool-clientc\src\engine\world_builder\sharelight_map.c,16,0.007813,0.013034
C:\Users\mrobe\Documents\git_repos\oldschool-clientc\src\<artificial>,2827,0.007812,0.013032
C:\Users\mrobe\Documents\git_repos\oldschool-clientc\3rd\toridraw\graphics\raster\gouraudhsllightness\gouraudhsllightness.screen.alpha.bary.branching.s4.c,213,0.007811,0.013031
C:\Users\mrobe\Documents\git_repos\oldschool-clientc\3rd\toridraw\toridraw_render.u.c,1269,0.007811,0.013031
C:\Users\mrobe\Documents\git_repos\oldschool-clientc\src\<artificial>,2617,0.007810,0.013029
C:\Users\mrobe\Documents\git_repos\oldschool-clientc\3rd\toridraw\toridraw_render.u.c,1062,0.007810,0.013029
C:\Users\mrobe\Documents\git_repos\oldschool-clientc\3rd\toridraw\toridraw_render.u.c,1250,0.007810,0.013029
C:\Users\mrobe\Documents\git_repos\oldschool-clientc\src\game\rs_cs2_host.c,6387,0.007809,0.013027
C:\Users\mrobe\Documents\git_repos\oldschool-clientc\3rd\rscache\src\dat2disk.c,167,0.007809,0.013027
C:\Users\mrobe\Documents\git_repos\oldschool-clientc\3rd\toridraw\graphics\raster\gouraudhsllightness\gouraudhsllightness.screen.opaque.bary.branching.s4.c,332,0.007809,0.013027
C:\Users\mrobe\Documents\git_repos\oldschool-clientc\3rd\toridraw\graphics\raster\gouraudhsllightness\gouraudhsllightness.screen.opaque.bary.branching.s4.c,111,0.007808,0.013026
C:\Users\mrobe\Documents\git_repos\oldschool-clientc\src\cs2vm2\cs2vm2.c,128,0.007807,0.013024
C:\Users\mrobe\Documents\git_repos\oldschool-clientc\src\engine\uitree_from_component.c,225,0.007807,0.013024
C:\Users\mrobe\Documents\git_repos\oldschool-clientc\3rd\toridraw\toridraw_lighting.c,170,0.007806,0.013022
C:\Users\mrobe\Documents\git_repos\oldschool-clientc\src\cs2vm2\cs2vm2_strpool.c,115,0.007805,0.013021
C:\Users\mrobe\Documents\git_repos\oldschool-clientc\src\cs2vm2\cs2vm2.c,11197,0.007805,0.013021
C:\Users\mrobe\Documents\git_repos\oldschool-clientc\src\game\rs_cs2_host.c,7937,0.007805,0.013021
C:\Users\mrobe\Documents\git_repos\oldschool-clientc\3rd\toridraw\toridraw_model.h,222,0.007805,0.013021
C:\Users\mrobe\Documents\git_repos\oldschool-clientc\src\cs2vm2\cs2vm2.c,573,0.007805,0.013021
C:\Users\mrobe\Documents\git_repos\oldschool-clientc\src\engine\uitree_from_component.c,241,0.007805,0.013021
C:\Users\mrobe\Documents\git_repos\oldschool-clientc\3rd\rscache\src\datatypes\sound_vorbis.c,1573,0.007804,0.013019
C:\Users\mrobe\Documents\git_repos\oldschool-clientc\toolchain\mingw32\lib\gcc\i686-w64-mingw32\15.2.0\include\emmintrin.h,1049,0.007802,0.013016
C:\Users\mrobe\Documents\git_repos\oldschool-clientc\3rd\rscache\src\datatypes\sound_vorbis.c,1644,0.007799,0.013011
C:\Users\mrobe\Documents\git_repos\oldschool-clientc\src\ui\uitree_emit.c,194,0.007799,0.013011
C:\Users\mrobe\Documents\git_repos\oldschool-clientc\3rd\toridraw\graphics\shared_tables.h,48,0.007799,0.013011
C:\Users\mrobe\Documents\git_repos\oldschool-clientc\3rd\toridraw\toridraw_lighting.c,158,0.007798,0.013009
R:\winlibs_staging_msvcrt32\gcc-15.2.0\build_mingw\i686-w64-mingw32\libgcc\..\..\..\libgcc\config\i386\cygwin.S,147,0.007474,0.012469
C:\Users\mrobe\Documents\git_repos\oldschool-clientc\3rd\toridraw\toridraw_scene.c,1304,0.006862,0.011448
C:\Users\mrobe\Documents\git_repos\oldschool-clientc\src\ui\uitree_layout.c,436,0.006856,0.011438
C:\Users\mrobe\Documents\git_repos\oldschool-clientc\src\ui\uitree_layout.c,445,0.006846,0.011421
C:\Users\mrobe\Documents\git_repos\oldschool-clientc\3rd\rscache\src\rsbuffer.c,169,0.006843,0.011416
C:\Users\mrobe\Documents\git_repos\oldschool-clientc\src\game\rs_cs2_host.c,5268,0.006841,0.011413
C:\Users\mrobe\Documents\git_repos\oldschool-clientc\src\cs2vm2\cs2vm2.c,3353,0.006841,0.011413
C:\Users\mrobe\Documents\git_repos\oldschool-clientc\src\engine\world_builder\world_sharelight.u.c,446,0.006840,0.011411
C:\Users\mrobe\Documents\git_repos\oldschool-clientc\src\engine\dat2\dat2_group_cache.c,247,0.006838,0.011408
C:\Users\mrobe\Documents\git_repos\oldschool-clientc\src\js5\js5.c,941,0.006837,0.011406
C:\Users\mrobe\Documents\git_repos\oldschool-clientc\3rd\rscache\src\reference_table.c,113,0.006837,0.011406
C:\Users\mrobe\Documents\git_repos\oldschool-clientc\src\cs2vm2\cs2vm2.c,3902,0.006836,0.011404
C:\Users\mrobe\Documents\git_repos\oldschool-clientc\3rd\rscache\src\dat2disk.c,1207,0.006835,0.011403
C:\Users\mrobe\Documents\git_repos\oldschool-clientc\3rd\hmap\hmap.h,423,0.006834,0.011401
C:\Users\mrobe\Documents\git_repos\oldschool-clientc\src\<artificial>,2731,0.006834,0.011401
C:\Users\mrobe\Documents\git_repos\oldschool-clientc\src\app.c,22361,0.006833,0.011399
C:\Users\mrobe\Documents\git_repos\oldschool-clientc\src\cs2vm2\cs2vm2.c,11484,0.006832,0.011398
C:\Users\mrobe\Documents\git_repos\oldschool-clientc\3rd\rscache\src\rsbuffer.c,131,0.006831,0.011396
C:\Users\mrobe\Documents\git_repos\oldschool-clientc\src\cs2vm2\cs2vm2.c,2461,0.006830,0.011394
C:\Users\mrobe\Documents\git_repos\oldschool-clientc\3rd\toridraw\toridraw_lighting.c,84,0.006829,0.011393
C:\Users\mrobe\Documents\git_repos\oldschool-clientc\src\engine\world_builder\world_scenery.u.c,635,0.006829,0.011393
C:\Users\mrobe\Documents\git_repos\oldschool-clientc\src\engine\world_builder\flag_map.u.c,65,0.006829,0.011393
C:\Users\mrobe\Documents\git_repos\oldschool-clientc\3rd\rscache\src\datatypes\sound_vorbis.c,732,0.006828,0.011391
C:\Users\mrobe\Documents\git_repos\oldschool-clientc\src\cs2vm2\cs2vm2.c,540,0.006827,0.011389
C:\Users\mrobe\Documents\git_repos\oldschool-clientc\src\<artificial>,2773,0.006826,0.011388
C:\Users\mrobe\Documents\git_repos\oldschool-clientc\src\ui\uitree.c,4090,0.006826,0.011388
C:\Users\mrobe\Documents\git_repos\oldschool-clientc\src\cs2vm2\cs2vm2.c,11505,0.006824,0.011384
C:\Users\mrobe\Documents\git_repos\oldschool-clientc\src\cs2vm2\cs2vm2.c,11522,0.006824,0.011384
C:\Users\mrobe\Documents\git_repos\oldschool-clientc\src\cs2vm2\cs2vm2.c,3868,0.006818,0.011374
C:\Users\mrobe\Documents\git_repos\oldschool-clientc\src\ui\uitree.c,785,0.006800,0.011344
C:\Users\mrobe\Documents\git_repos\oldschool-clientc\src\platform\platform_sdl2_renderer_soft3d.c,221,0.005907,0.009854
C:\Users\mrobe\Documents\git_repos\oldschool-clientc\3rd\toridraw\toridraw_sprite.c,506,0.005893,0.009831
C:\Users\mrobe\Documents\git_repos\oldschool-clientc\3rd\toridraw\toridraw_font.c,843,0.005888,0.009823
C:\Users\mrobe\Documents\git_repos\oldschool-clientc\3rd\toridraw\graphics\raster\gouraudhsllightness\gouraudhsllightness.screen.opaque.bary.branching.s4.c,361,0.005886,0.009819
C:\Users\mrobe\Documents\git_repos\oldschool-clientc\3rd\toridraw\toridraw_2d.c,373,0.005882,0.009813
C:\Users\mrobe\Documents\git_repos\oldschool-clientc\src\ui\uitree.c,2823,0.005882,0.009813
C:\Users\mrobe\Documents\git_repos\oldschool-clientc\src\game\task_cs2_run.c,1395,0.005878,0.009806
C:\Users\mrobe\Documents\git_repos\oldschool-clientc\src\ui\uitree.c,975,0.005877,0.009804
C:\Users\mrobe\Documents\git_repos\oldschool-clientc\3rd\toridraw\toridraw_sprite.c,492,0.005875,0.009801
C:\Users\mrobe\Documents\git_repos\oldschool-clientc\3rd\toridraw\toridraw_2d.c,36,0.005873,0.009798
C:\Users\mrobe\Documents\git_repos\oldschool-clientc\src\engine\world_builder\world_contour_ground.u.c,43,0.005873,0.009798
C:\Users\mrobe\Documents\git_repos\oldschool-clientc\src\engine\world_builder\world_builder.c,836,0.005871,0.009794
C:\Users\mrobe\Documents\git_repos\oldschool-clientc\3rd\rscache\src\datatypes\sound_vorbis.c,1578,0.005871,0.009794
C:\Users\mrobe\Documents\git_repos\oldschool-clientc\3rd\toridraw\graphics\raster\gouraudhsllightness\gouraudhsllightness.screen.opaque.bary.branching.s4.c,168,0.005868,0.009789
C:\Users\mrobe\Documents\git_repos\oldschool-clientc\src\painters\painters.h,162,0.005868,0.009789
C:\Users\mrobe\Documents\git_repos\oldschool-clientc\3rd\rscache\src\datatypes\sound_vorbis.c,659,0.005866,0.009786
C:\Users\mrobe\Documents\git_repos\oldschool-clientc\3rd\toridraw\graphics\alpha.h,26,0.005866,0.009786
C:\Users\mrobe\Documents\git_repos\oldschool-clientc\src\engine\world_builder\world_sharelight.u.c,126,0.005865,0.009784
C:\Users\mrobe\Documents\git_repos\oldschool-clientc\src\engine\world_builder\world_sharelight.u.c,338,0.005865,0.009784
C:\Users\mrobe\Documents\git_repos\oldschool-clientc\src\cs2vm2\cs2vm2.c,11491,0.005864,0.009783
C:\Users\mrobe\Documents\git_repos\oldschool-clientc\src\cs2vm2\cs2vm2.c,820,0.005863,0.009781
C:\Users\mrobe\Documents\git_repos\oldschool-clientc\3rd\rscache\src\datatypes\sound_vorbis.c,1635,0.005863,0.009781
C:\Users\mrobe\Documents\git_repos\oldschool-clientc\3rd\toridraw\graphics\raster\gouraudhsllightness\gouraudhsllightness.screen.alpha.bary.branching.s4.c,296,0.005863,0.009781
C:\Users\mrobe\Documents\git_repos\oldschool-clientc\src\perf\torirs_perf.c,1022,0.005863,0.009781
C:\Users\mrobe\Documents\git_repos\oldschool-clientc\src\cs2vm2\cs2vm2.c,9879,0.005862,0.009779
C:\Users\mrobe\Documents\git_repos\oldschool-clientc\src\js5\js5.c,828,0.005862,0.009779
C:\Users\mrobe\Documents\git_repos\oldschool-clientc\3rd\toridraw\toridraw_render.u.c,995,0.005862,0.009779
C:\Users\mrobe\Documents\git_repos\oldschool-clientc\3rd\bzip\bzip.c,365,0.005861,0.009778
C:\Users\mrobe\Documents\git_repos\oldschool-clientc\src\painters\painters.c,222,0.005861,0.009778
C:\Users\mrobe\Documents\git_repos\oldschool-clientc\src\js5\js5.c,795,0.005861,0.009778
C:\Users\mrobe\Documents\git_repos\oldschool-clientc\src\game\rs_cs2_host.c,4881,0.005861,0.009778
C:\Users\mrobe\Documents\git_repos\oldschool-clientc\3rd\rscache\src\datatypes\sound_vorbis.c,1672,0.005861,0.009778
C:\Users\mrobe\Documents\git_repos\oldschool-clientc\3rd\rscache\src\datatypes\sound_vorbis.c,1835,0.005861,0.009778
C:\Users\mrobe\Documents\git_repos\oldschool-clientc\3rd\rscache\src\datatypes\sound_vorbis.c,1601,0.005860,0.009776
C:\Users\mrobe\Documents\git_repos\oldschool-clientc\3rd\toridraw\graphics\shared_tables.h,49,0.005860,0.009776
C:\Users\mrobe\Documents\git_repos\oldschool-clientc\3rd\bzip\bzip.c,347,0.005860,0.009776
C:\Users\mrobe\Documents\git_repos\oldschool-clientc\3rd\toridraw\toridraw_lighting.c,331,0.005860,0.009776
C:\Users\mrobe\Documents\git_repos\oldschool-clientc\src\ui\uitree.c,1497,0.005860,0.009776
C:\Users\mrobe\Documents\git_repos\oldschool-clientc\src\ui\uitree_build.c,42,0.005860,0.009776
C:\Users\mrobe\Documents\git_repos\oldschool-clientc\3rd\toridraw\toridraw_render.u.c,1350,0.005859,0.009774
C:\Users\mrobe\Documents\git_repos\oldschool-clientc\src\engine\world_builder\heightmap.c,32,0.005859,0.009774
C:\Users\mrobe\Documents\git_repos\oldschool-clientc\src\<artificial>,2661,0.005859,0.009774
C:\Users\mrobe\Documents\git_repos\oldschool-clientc\src\js5\js5.c,1375,0.005859,0.009774
C:\Users\mrobe\Documents\git_repos\oldschool-clientc\3rd\rscache\src\rsbuffer.c,236,0.005859,0.009774
C:\Users\mrobe\Documents\git_repos\oldschool-clientc\3rd\rscache\src\rsbuffer.c,129,0.005859,0.009774
C:\Users\mrobe\Documents\git_repos\oldschool-clientc\3rd\toridraw\graphics\raster\gouraudhsllightness\gouraudhsllightness.screen.alpha.bary.branching.s4.c,110,0.005859,0.009774
C:\Users\mrobe\Documents\git_repos\oldschool-clientc\3rd\toridraw\graphics\raster\gouraudhsllightness\gouraudhsllightness.screen.alpha.bary.branching.s4.c,331,0.005859,0.009774
C:\Users\mrobe\Documents\git_repos\oldschool-clientc\toolchain\mingw32\lib\gcc\i686-w64-mingw32\15.2.0\include\emmintrin.h,743,0.005859,0.009774
C:\Users\mrobe\Documents\git_repos\oldschool-clientc\src\render\torirs_frame.c,135,0.005859,0.009774
C:\Users\mrobe\Documents\git_repos\oldschool-clientc\src\js5\js5.c,1050,0.005858,0.009773
C:\Users\mrobe\Documents\git_repos\oldschool-clientc\3rd\rscache\src\datatypes\sound_vorbis.c,1682,0.005858,0.009773
C:\Users\mrobe\Documents\git_repos\oldschool-clientc\3rd\rscache\src\datatypes\sound_vorbis.c,1582,0.005858,0.009773
C:\Users\mrobe\Documents\git_repos\oldschool-clientc\3rd\toridraw\graphics\raster\gouraudhsllightness\gouraudhsllightness.screen.alpha.bary.branching.s4.c,183,0.005858,0.009773
C:\Users\mrobe\Documents\git_repos\oldschool-clientc\toolchain\mingw32\lib\gcc\i686-w64-mingw32\15.2.0\include\emmintrin.h,1230,0.005858,0.009773
C:\Users\mrobe\Documents\git_repos\oldschool-clientc\3rd\toridraw\toridraw_render.u.c,1049,0.005858,0.009773
C:\Users\mrobe\Documents\git_repos\oldschool-clientc\3rd\toridraw\toridraw_lighting.c,162,0.005858,0.009773
C:\Users\mrobe\Documents\git_repos\oldschool-clientc\src\engine\world_builder\world_collision.u.c,56,0.005858,0.009773
C:\Users\mrobe\Documents\git_repos\oldschool-clientc\src\cs2vm2\cs2vm2.c,130,0.005857,0.009771
C:\Users\mrobe\Documents\git_repos\oldschool-clientc\src\cs2vm2\cs2vm2.c,11520,0.005857,0.009771
C:\Users\mrobe\Documents\git_repos\oldschool-clientc\src\ui\uitree.c,2846,0.005857,0.009771
C:\Users\mrobe\Documents\git_repos\oldschool-clientc\3rd\bzip\bzip.c,547,0.005857,0.009771
C:\Users\mrobe\Documents\git_repos\oldschool-clientc\3rd\rscache\src\datatypes\sound_vorbis.c,1357,0.005857,0.009771
C:\Users\mrobe\Documents\git_repos\oldschool-clientc\3rd\toridraw\toridraw_render.u.c,1061,0.005857,0.009771
C:\Users\mrobe\Documents\git_repos\oldschool-clientc\3rd\toridraw\toridraw_lighting.c,250,0.005857,0.009771
C:\Users\mrobe\Documents\git_repos\oldschool-clientc\src\engine\world_builder\lightmap.c,103,0.005857,0.009771
C:\Users\mrobe\Documents\git_repos\oldschool-clientc\src\engine\world_builder\world_contour_ground.u.c,63,0.005857,0.009771
C:\Users\mrobe\Documents\git_repos\oldschool-clientc\src\engine\world_builder\world_contour_ground.u.c,96,0.005857,0.009771
C:\Users\mrobe\Documents\git_repos\oldschool-clientc\src\cs2vm2\cs2vm2.c,4047,0.005857,0.009771
C:\Users\mrobe\Documents\git_repos\oldschool-clientc\src\world\entity_pool.c,32,0.005857,0.009771
C:\Users\mrobe\Documents\git_repos\oldschool-clientc\3rd\toridraw\graphics\raster\gouraudhsllightness\gouraudhsllightness.screen.alpha.bary.branching.s4.c,324,0.005857,0.009771
C:\Users\mrobe\Documents\git_repos\oldschool-clientc\src\game\rs_audio.c,222,0.005856,0.009769
C:\Users\mrobe\Documents\git_repos\oldschool-clientc\src\ui\uitree.c,1682,0.005856,0.009769
C:\Users\mrobe\Documents\git_repos\oldschool-clientc\3rd\toridraw\toridraw_model_transform.c,843,0.005855,0.009768
C:\Users\mrobe\Documents\git_repos\oldschool-clientc\3rd\bzip\bzip.c,376,0.005855,0.009768
C:\Users\mrobe\Documents\git_repos\oldschool-clientc\3rd\hmap\hmap.h,246,0.005855,0.009768
C:\Users\mrobe\Documents\git_repos\oldschool-clientc\src\js5\js5_rscache.c,46,0.005855,0.009768
C:\Users\mrobe\Documents\git_repos\oldschool-clientc\3rd\rscache\src\archive.c,81,0.005855,0.009768
C:\Users\mrobe\Documents\git_repos\oldschool-clientc\src\game\rs_cs2_host.c,4454,0.005855,0.009768
C:\Users\mrobe\Documents\git_repos\oldschool-clientc\3rd\rscache\src\datatypes\sound_vorbis.c,1684,0.005855,0.009768
C:\Users\mrobe\Documents\git_repos\oldschool-clientc\3rd\toridraw\graphics\raster\flat\flat_screen_edges.h,18,0.005855,0.009768
C:\Users\mrobe\Documents\git_repos\oldschool-clientc\3rd\toridraw\graphics\alpha.h,29,0.005855,0.009768
C:\Users\mrobe\Documents\git_repos\oldschool-clientc\3rd\toridraw\toridraw_lighting.c,135,0.005855,0.009768
C:\Users\mrobe\Documents\git_repos\oldschool-clientc\src\engine\world_builder\world_terrain.u.c,222,0.005855,0.009768
C:\Users\mrobe\Documents\git_repos\oldschool-clientc\src\app.c,4726,0.005854,0.009766
C:\Users\mrobe\Documents\git_repos\oldschool-clientc\src\painters\painters_bucket.u.c,907,0.005854,0.009766
C:\Users\mrobe\Documents\git_repos\oldschool-clientc\3rd\rscache\src\dat2disk.c,240,0.005854,0.009766
C:\Users\mrobe\Documents\git_repos\oldschool-clientc\3rd\toridraw\toridraw_lighting.c,172,0.005854,0.009766
C:\Users\mrobe\Documents\git_repos\oldschool-clientc\src\world\world.c,619,0.005854,0.009766
C:\Users\mrobe\Documents\git_repos\oldschool-clientc\src\cs2vm2\cs2vm2.c,593,0.005853,0.009764
C:\Users\mrobe\Documents\git_repos\oldschool-clientc\3rd\toridraw\graphics\raster\gouraudhsllightness\gouraudhsllightness.screen.opaque.bary.branching.s4.c,107,0.005853,0.009764
C:\Users\mrobe\Documents\git_repos\oldschool-clientc\src\engine\uitree_from_component.c,251,0.005852,0.009763
C:\Users\mrobe\Documents\git_repos\oldschool-clientc\3rd\toridraw\toridraw_render.u.c,1248,0.005852,0.009763
C:\Users\mrobe\Documents\git_repos\oldschool-clientc\src\cs2vm2\cs2vm2.c,9349,0.005851,0.009761
C:\Users\mrobe\Documents\git_repos\oldschool-clientc\src\painters\painters_bucket.u.c,744,0.005851,0.009761
C:\Users\mrobe\Documents\git_repos\oldschool-clientc\src\ui\uitree_component_options.c,30,0.005851,0.009761
C:\Users\mrobe\Documents\git_repos\oldschool-clientc\3rd\toridraw\toridraw_raster.u.c,1366,0.005851,0.009761
C:\Users\mrobe\Documents\git_repos\oldschool-clientc\src\cs2vm2\cs2vm2.c,561,0.005850,0.009759
C:\Users\mrobe\Documents\git_repos\oldschool-clientc\src\engine\uitree_builder\task_pack_assets_load.c,91,0.005850,0.009759
C:\Users\mrobe\Documents\git_repos\oldschool-clientc\3rd\toridraw\graphics\raster\gouraudhsllightness\gouraudhsllightness.screen.opaque.bary.branching.s4.c,325,0.005849,0.009758
C:\Users\mrobe\Documents\git_repos\oldschool-clientc\3rd\toridraw\graphics\raster\flat\flat_screen_edges.h,22,0.005849,0.009758
C:\Users\mrobe\Documents\git_repos\oldschool-clientc\3rd\toridraw\graphics\raster\flat\flat_screen_edges.h,23,0.005848,0.009756
C:\Users\mrobe\Documents\git_repos\oldschool-clientc\3rd\toridraw\toridraw_lighting.c,148,0.005848,0.009756
C:\Users\mrobe\Documents\git_repos\oldschool-clientc\src\engine\world_builder\sharelight_map.c,186,0.005848,0.009756
C:\Users\mrobe\Documents\git_repos\oldschool-clientc\3rd\rscache\src\dat2disk.c,172,0.005847,0.009754
C:\Users\mrobe\Documents\git_repos\oldschool-clientc\3rd\toridraw\triangles\toridraw_triangle_gouraud.u.c,810,0.005847,0.009754
C:\Users\mrobe\Documents\git_repos\oldschool-clientc\3rd\toridraw\triangles\toridraw_triangle_gouraud.u.c,807,0.005846,0.009753
C:\Users\mrobe\Documents\git_repos\oldschool-clientc\3rd\toridraw\toridraw_render.u.c,1077,0.005846,0.009753
C:\Users\mrobe\Documents\git_repos\oldschool-clientc\3rd\rscache\src\datatypes\sound_render.c,114,0.005845,0.009751
C:\Users\mrobe\Documents\git_repos\oldschool-clientc\3rd\toridraw\triangles\toridraw_triangle_gouraud.u.c,811,0.005825,0.009718
C:\Users\mrobe\Documents\git_repos\oldschool-clientc\3rd\rscache\src\rsbuffer.c,413,0.004902,0.008178
C:\Users\mrobe\Documents\git_repos\oldschool-clientc\3rd\toridraw\toridraw_2d.c,56,0.004895,0.008166
C:\Users\mrobe\Documents\git_repos\oldschool-clientc\src\game\task_cs2_run.c,2388,0.004894,0.008164
C:\Users\mrobe\Documents\git_repos\oldschool-clientc\src\painters\painters.c,30,0.004888,0.008154
C:\Users\mrobe\Documents\git_repos\oldschool-clientc\3rd\toridraw\toridraw_lighting.c,321,0.004885,0.008149
C:\Users\mrobe\Documents\git_repos\oldschool-clientc\3rd\toridraw\toridraw_scene.c,294,0.004885,0.008149
C:\Users\mrobe\Documents\git_repos\oldschool-clientc\src\<artificial>,2741,0.004884,0.008148
C:\Users\mrobe\Documents\git_repos\oldschool-clientc\src\<artificial>,2828,0.004884,0.008148
C:\Users\mrobe\Documents\git_repos\oldschool-clientc\src\game\rs_cs2_host.c,6233,0.004884,0.008148
C:\Users\mrobe\Documents\git_repos\oldschool-clientc\src\cs2vm2\cs2vm2.c,6877,0.004883,0.008146
C:\Users\mrobe\Documents\git_repos\oldschool-clientc\src\js5\js5.c,1380,0.004883,0.008146
C:\Users\mrobe\Documents\git_repos\oldschool-clientc\src\game\rs_cs2_host.c,731,0.004883,0.008146
C:\Users\mrobe\Documents\git_repos\oldschool-clientc\3rd\rscache\src\datatypes\sound_vorbis.c,680,0.004883,0.008146
C:\Users\mrobe\Documents\git_repos\oldschool-clientc\3rd\rscache\src\datatypes\sound_vorbis.c,1655,0.004883,0.008146
C:\Users\mrobe\Documents\git_repos\oldschool-clientc\src\<artificial>,102,0.004883,0.008146
C:\Users\mrobe\Documents\git_repos\oldschool-clientc\src\cs2vm2\cs2vm2.c,10798,0.004882,0.008144
C:\Users\mrobe\Documents\git_repos\oldschool-clientc\src\ui\uitree.c,3478,0.004882,0.008144
C:\Users\mrobe\Documents\git_repos\oldschool-clientc\src\game\rs_cs2_host.c,7152,0.004882,0.008144
C:\Users\mrobe\Documents\git_repos\oldschool-clientc\src\engine\world_builder\world_sharelight.u.c,240,0.004882,0.008144
R:\winlibs_staging_msvcrt32\gcc-15.2.0\build_mingw\i686-w64-mingw32\libgcc\..\..\..\libgcc\libgcc2.c,1299,0.004882,0.008144
C:\Users\mrobe\Documents\git_repos\oldschool-clientc\3rd\hmap\hmap.h,443,0.004881,0.008143
C:\Users\mrobe\Documents\git_repos\oldschool-clientc\3rd\toridraw\toridraw_model_transform.c,838,0.004881,0.008143
C:\Users\mrobe\Documents\git_repos\oldschool-clientc\src\engine\world_builder\world_sharelight.u.c,206,0.004881,0.008143
C:\Users\mrobe\Documents\git_repos\oldschool-clientc\3rd\rscache\src\datatypes\dat2_sprites.c,176,0.004880,0.008141
C:\Users\mrobe\Documents\git_repos\oldschool-clientc\src\ui\uitree.c,1028,0.004880,0.008141
C:\Users\mrobe\Documents\git_repos\oldschool-clientc\src\js5\js5.c,832,0.004879,0.008139
C:\Users\mrobe\Documents\git_repos\oldschool-clientc\src\cs2vm2\cs2vm2.c,554,0.004879,0.008139
C:\Users\mrobe\Documents\git_repos\oldschool-clientc\src\game\rs_cs2_host.c,88,0.004879,0.008139
C:\Users\mrobe\Documents\git_repos\oldschool-clientc\src\engine\world_builder\world_sharelight.u.c,466,0.004879,0.008139
C:\Users\mrobe\Documents\git_repos\oldschool-clientc\src\game\rs_cs2_host.c,8495,0.004878,0.008138
C:\Users\mrobe\Documents\git_repos\oldschool-clientc\src\ui\uitree.c,1657,0.004878,0.008138
C:\Users\mrobe\Documents\git_repos\oldschool-clientc\src\ui\uitree.c,1915,0.004877,0.008136
C:\Users\mrobe\Documents\git_repos\oldschool-clientc\3rd\rscache\src\datatypes\sound_render.c,290,0.004876,0.008134
C:\Users\mrobe\Documents\git_repos\oldschool-clientc\3rd\toridraw\toridraw_lighting.c,302,0.004876,0.008134
C:\Users\mrobe\Documents\git_repos\oldschool-clientc\3rd\rscache\src\checksum.c,53,0.004875,0.008133
C:\Users\mrobe\Documents\git_repos\oldschool-clientc\src\<artificial>,2690,0.004874,0.008131
C:\Users\mrobe\Documents\git_repos\oldschool-clientc\3rd\toridraw\toridraw_lighting.c,336,0.004474,0.007464
C:\Users\mrobe\Documents\git_repos\oldschool-clientc\3rd\rscache\src\rsbuffer.c,237,0.003966,0.006616
C:\Users\mrobe\Documents\git_repos\oldschool-clientc\3rd\toridraw\toridraw_font.c,433,0.003952,0.006593
C:\Users\mrobe\Documents\git_repos\oldschool-clientc\3rd\toridraw\graphics\raster\gouraudhsllightness\gouraudhsllightness.screen.opaque.bary.branching.s4.c,101,0.003941,0.006575
C:\Users\mrobe\Documents\git_repos\oldschool-clientc\3rd\toridraw\toridraw_font.c,462,0.003927,0.006551
C:\Users\mrobe\Documents\git_repos\oldschool-clientc\3rd\rscache\src\reference_table.c,294,0.003926,0.006550
C:\Users\mrobe\Documents\git_repos\oldschool-clientc\src\engine\uitree_from_component.c,181,0.003922,0.006543
C:\Users\mrobe\Documents\git_repos\oldschool-clientc\3rd\toridraw\toridraw_2d.c,81,0.003921,0.006541
C:\Users\mrobe\Documents\git_repos\oldschool-clientc\src\ui\uitree_layout.c,482,0.003921,0.006541
R:\winlibs_staging_msvcrt32\gcc-15.2.0\build_mingw\i686-w64-mingw32\libgcc\..\..\..\libgcc\libgcc2.c,995,0.003921,0.006541
C:\Users\mrobe\Documents\git_repos\oldschool-clientc\3rd\rscache\src\reference_table.c,141,0.003920,0.006540
C:\Users\mrobe\Documents\git_repos\oldschool-clientc\src\<artificial>,96,0.003920,0.006540
C:\Users\mrobe\Documents\git_repos\oldschool-clientc\src\engine\world_builder\world_sharelight.u.c,255,0.003916,0.006533
C:\Users\mrobe\Documents\git_repos\oldschool-clientc\3rd\toridraw\graphics\raster\gouraudhsllightness\gouraudhsllightness.screen.alpha.bary.branching.s4.c,456,0.003915,0.006531
C:\Users\mrobe\Documents\git_repos\oldschool-clientc\src\game\rs_cs2_host.c,7167,0.003913,0.006528
C:\Users\mrobe\Documents\git_repos\oldschool-clientc\toolchain\mingw32\lib\gcc\i686-w64-mingw32\15.2.0\include\emmintrin.h,596,0.003913,0.006528
R:\winlibs_staging_msvcrt32\gcc-15.2.0\build_mingw\i686-w64-mingw32\libgcc\..\..\..\libgcc\libgcc2.c,1293,0.003913,0.006528
C:\Users\mrobe\Documents\git_repos\oldschool-clientc\toolchain\mingw32\lib\gcc\i686-w64-mingw32\15.2.0\include\emmintrin.h,1487,0.003912,0.006526
C:\Users\mrobe\Documents\git_repos\oldschool-clientc\3rd\toridraw\toridraw_raster.u.c,389,0.003912,0.006526
C:\Users\mrobe\Documents\git_repos\oldschool-clientc\3rd\rscache\src\datatypes\sound_vorbis.c,868,0.003912,0.006526
C:\Users\mrobe\Documents\git_repos\oldschool-clientc\3rd\rscache\src\datatypes\sound_vorbis.c,1346,0.003912,0.006526
C:\Users\mrobe\Documents\git_repos\oldschool-clientc\3rd\toridraw\toridraw_2d.c,593,0.003912,0.006526
C:\Users\mrobe\Documents\git_repos\oldschool-clientc\src\cs2vm2\cs2vm2.c,1774,0.003911,0.006525
C:\Users\mrobe\Documents\git_repos\oldschool-clientc\3rd\toridraw\toridraw_font.c,845,0.003911,0.006525
C:\Users\mrobe\Documents\git_repos\oldschool-clientc\3rd\toridraw\toridraw_font.c,1439,0.003911,0.006525
C:\Users\mrobe\Documents\git_repos\oldschool-clientc\3rd\rscache\src\datatypes\sound_vorbis.c,1389,0.003910,0.006523
C:\Users\mrobe\Documents\git_repos\oldschool-clientc\src\engine\world_builder\heightmap.c,68,0.003910,0.006523
C:\Users\mrobe\Documents\git_repos\oldschool-clientc\src\engine\world_builder\contour_ground.h,20,0.003910,0.006523
C:\Users\mrobe\Documents\git_repos\oldschool-clientc\3rd\toridraw\graphics\raster\gouraudhsllightness\gouraudhsllightness.screen.opaque.bary.branching.s4.c,233,0.003909,0.006521
C:\Users\mrobe\Documents\git_repos\oldschool-clientc\3rd\toridraw\toridraw_raster.u.c,466,0.003909,0.006521
C:\Users\mrobe\Documents\git_repos\oldschool-clientc\src\engine\world_builder\world_sharelight.u.c,526,0.003909,0.006521
C:\Users\mrobe\Documents\git_repos\oldschool-clientc\3rd\toridraw\toridraw_model.h,127,0.003909,0.006521
C:\Users\mrobe\Documents\git_repos\oldschool-clientc\3rd\rscache\src\datatypes\sound_vorbis.c,663,0.003908,0.006520
C:\Users\mrobe\Documents\git_repos\oldschool-clientc\3rd\toridraw\graphics\raster\gouraudhsllightness\gouraudhsllightness.screen.alpha.bary.branching.s4.c,208,0.003908,0.006520
C:\Users\mrobe\Documents\git_repos\oldschool-clientc\3rd\toridraw\graphics\raster\gouraudhsllightness\gouraudhsllightness.screen.alpha.bary.branching.s4.c,452,0.003908,0.006520
C:\Users\mrobe\Documents\git_repos\oldschool-clientc\3rd\toridraw\toridraw_lighting.c,279,0.003908,0.006520
C:\Users\mrobe\Documents\git_repos\oldschool-clientc\src\render\torirs_frame.c,1781,0.003908,0.006520
C:\Users\mrobe\Documents\git_repos\oldschool-clientc\src\engine\world_builder\world_sharelight.u.c,237,0.003908,0.006520
C:\Users\mrobe\Documents\git_repos\oldschool-clientc\src\app.c,12685,0.003907,0.006518
C:\Users\mrobe\Documents\git_repos\oldschool-clientc\3rd\rscache\src\datatypes\sound_vorbis.c,1355,0.003907,0.006518
C:\Users\mrobe\Documents\git_repos\oldschool-clientc\3rd\rscache\src\datatypes\sound_vorbis.c,1539,0.003907,0.006518
C:\Users\mrobe\Documents\git_repos\oldschool-clientc\3rd\toridraw\graphics\raster\gouraudhsllightness\gouraudhsllightness.screen.opaque.bary.branching.s4.c,159,0.003907,0.006518
C:\Users\mrobe\Documents\git_repos\oldschool-clientc\3rd\toridraw\toridraw_render.u.c,1649,0.003907,0.006518
C:\Users\mrobe\Documents\git_repos\oldschool-clientc\3rd\toridraw\toridraw_render.u.c,205,0.003907,0.006518
C:\Users\mrobe\Documents\git_repos\oldschool-clientc\3rd\toridraw\triangles\toridraw_triangle_gouraud.u.c,768,0.003907,0.006518
C:\Users\mrobe\Documents\git_repos\oldschool-clientc\3rd\toridraw\toridraw_lighting.c,180,0.003907,0.006518
C:\Users\mrobe\Documents\git_repos\oldschool-clientc\src\engine\world_builder\world_sharelight.u.c,136,0.003907,0.006518
R:\winlibs_staging_msvcrt32\gcc-15.2.0\build_mingw\i686-w64-mingw32\libgcc\..\..\..\libgcc\config\i386\cygwin.S,152,0.003907,0.006518
C:\Users\mrobe\Documents\git_repos\oldschool-clientc\src\cs2vm2\cs2vm2.c,542,0.003906,0.006516
C:\Users\mrobe\Documents\git_repos\oldschool-clientc\src\painters\painters_bucket.u.c,1413,0.003906,0.006516
C:\Users\mrobe\Documents\git_repos\oldschool-clientc\3rd\rscache\src\datatypes\sound_vorbis.c,1378,0.003906,0.006516
C:\Users\mrobe\Documents\git_repos\oldschool-clientc\3rd\rscache\src\datatypes\sound_vorbis.c,1576,0.003906,0.006516
C:\Users\mrobe\Documents\git_repos\oldschool-clientc\3rd\toridraw\graphics\raster\gouraudhsllightness\gouraudhsllightness.screen.opaque.bary.branching.s4.c,358,0.003906,0.006516
C:\Users\mrobe\Documents\git_repos\oldschool-clientc\3rd\toridraw\graphics\raster\gouraudhsllightness\gouraudhsllightness.screen.opaque.bary.branching.s4.c,447,0.003906,0.006516
C:\Users\mrobe\Documents\git_repos\oldschool-clientc\3rd\toridraw\graphics\raster\gouraudhsllightness\gouraudhsllightness.screen.alpha.bary.branching.s4.c,182,0.003906,0.006516
C:\Users\mrobe\Documents\git_repos\oldschool-clientc\3rd\rscache\src\datatypes\sound_vorbis.c,471,0.003906,0.006516
C:\Users\mrobe\Documents\git_repos\oldschool-clientc\3rd\toridraw\graphics\raster\gouraudhsllightness\gouraudhsllightness.screen.opaque.bary.branching.s4.c,167,0.003906,0.006516
C:\Users\mrobe\Documents\git_repos\oldschool-clientc\3rd\toridraw\graphics\raster\gouraudhsllightness\gouraudhsllightness.screen.opaque.bary.branching.s4.c,422,0.003906,0.006516
C:\Users\mrobe\Documents\git_repos\oldschool-clientc\3rd\toridraw\graphics\raster\gouraudhsllightness\gouraudhsllightness.screen.alpha.bary.branching.s4.c,111,0.003906,0.006516
C:\Users\mrobe\Documents\git_repos\oldschool-clientc\3rd\toridraw\graphics\raster\gouraudhsllightness\gouraudhsllightness.screen.alpha.bary.branching.s4.c,427,0.003906,0.006516
C:\Users\mrobe\Documents\git_repos\oldschool-clientc\3rd\toridraw\toridraw_render.u.c,1079,0.003906,0.006516
C:\Users\mrobe\Documents\git_repos\oldschool-clientc\src\engine\world_builder\world_sharelight.u.c,474,0.003906,0.006516
C:\Users\mrobe\Documents\git_repos\oldschool-clientc\src\app.c,3730,0.003905,0.006515
C:\Users\mrobe\Documents\git_repos\oldschool-clientc\3rd\bzip\bzip.c,349,0.003905,0.006515
C:\Users\mrobe\Documents\git_repos\oldschool-clientc\3rd\bzip\bzip.c,426,0.003905,0.006515
C:\Users\mrobe\Documents\git_repos\oldschool-clientc\3rd\rscache\src\rsbuffer.c,765,0.003905,0.006515
C:\Users\mrobe\Documents\git_repos\oldschool-clientc\3rd\rscache\src\datatypes\sound_vorbis.c,1278,0.003905,0.006515
C:\Users\mrobe\Documents\git_repos\oldschool-clientc\3rd\rscache\src\datatypes\sound_vorbis.c,1561,0.003905,0.006515
C:\Users\mrobe\Documents\git_repos\oldschool-clientc\3rd\rscache\src\datatypes\sound_vorbis.c,1545,0.003905,0.006515
C:\Users\mrobe\Documents\git_repos\oldschool-clientc\3rd\toridraw\graphics\raster\gouraudhsllightness\gouraudhsllightness.screen.opaque.bary.branching.s4.c,102,0.003905,0.006515
C:\Users\mrobe\Documents\git_repos\oldschool-clientc\3rd\toridraw\toridraw_raster.u.c,392,0.003905,0.006515
C:\Users\mrobe\Documents\git_repos\oldschool-clientc\src\render\torirs_frame.c,1865,0.003905,0.006515
C:\Users\mrobe\Documents\git_repos\oldschool-clientc\src\engine\world_builder\lightmap.c,98,0.003905,0.006515
C:\Users\mrobe\Documents\git_repos\oldschool-clientc\src\engine\world_builder\contour_ground.c,345,0.003905,0.006515
C:\Users\mrobe\Documents\git_repos\oldschool-clientc\3rd\bzip\bzip.c,438,0.003904,0.006513
C:\Users\mrobe\Documents\git_repos\oldschool-clientc\3rd\bzip\bzip.c,430,0.003904,0.006513
C:\Users\mrobe\Documents\git_repos\oldschool-clientc\src\<artificial>,2763,0.003904,0.006513
C:\Users\mrobe\Documents\git_repos\oldschool-clientc\src\painters\painters_bucket.u.c,83,0.003904,0.006513
C:\Users\mrobe\Documents\git_repos\oldschool-clientc\3rd\rscache\src\datatypes\sound_vorbis.c,661,0.003904,0.006513
C:\Users\mrobe\Documents\git_repos\oldschool-clientc\3rd\rscache\src\datatypes\sound_vorbis.c,1626,0.003904,0.006513
C:\Users\mrobe\Documents\git_repos\oldschool-clientc\3rd\toridraw\graphics\raster\gouraudhsllightness\gouraudhsllightness.screen.opaque.bary.branching.s4.c,162,0.003904,0.006513
C:\Users\mrobe\Documents\git_repos\oldschool-clientc\3rd\toridraw\graphics\raster\gouraudhsllightness\gouraudhsllightness.screen.alpha.bary.branching.s4.c,323,0.003904,0.006513
C:\Users\mrobe\Documents\git_repos\oldschool-clientc\3rd\toridraw\toridraw_render.u.c,1145,0.003904,0.006513
C:\Users\mrobe\Documents\git_repos\oldschool-clientc\3rd\toridraw\toridraw_raster.u.c,1368,0.003904,0.006513
C:\Users\mrobe\Documents\git_repos\oldschool-clientc\3rd\toridraw\toridraw_raster.u.c,415,0.003904,0.006513
C:\Users\mrobe\Documents\git_repos\oldschool-clientc\3rd\toridraw\toridraw_raster.u.c,478,0.003904,0.006513
C:\Users\mrobe\Documents\git_repos\oldschool-clientc\3rd\toridraw\toridraw_lighting.c,328,0.003904,0.006513
C:\Users\mrobe\Documents\git_repos\oldschool-clientc\src\ui\uitree_input.c,306,0.003904,0.006513
C:\Users\mrobe\Documents\git_repos\oldschool-clientc\3rd\toridraw\toridraw_model.h,128,0.003904,0.006513
C:\Users\mrobe\Documents\git_repos\oldschool-clientc\src\engine\world_builder\world_sharelight.u.c,251,0.003904,0.006513
C:\Users\mrobe\Documents\git_repos\oldschool-clientc\src\engine\world_builder\world_sharelight.u.c,160,0.003904,0.006513
C:\Users\mrobe\Documents\git_repos\oldschool-clientc\src\painters\painters.c,40,0.003904,0.006513
C:\Users\mrobe\Documents\git_repos\oldschool-clientc\src\engine\world_builder\contour_ground.c,357,0.003904,0.006513
C:\Users\mrobe\Documents\git_repos\oldschool-clientc\3rd\bzip\bzip.c,267,0.003903,0.006511
C:\Users\mrobe\Documents\git_repos\oldschool-clientc\3rd\toridraw\toridraw_raster.u.c,391,0.003903,0.006511
C:\Users\mrobe\Documents\git_repos\oldschool-clientc\src\painters\painters_bucket.u.c,789,0.003903,0.006511
C:\Users\mrobe\Documents\git_repos\oldschool-clientc\src\cs2vm2\cs2vm2.c,510,0.003903,0.006511
C:\Users\mrobe\Documents\git_repos\oldschool-clientc\3rd\toridraw\toridraw_render.u.c,990,0.003903,0.006511
C:\Users\mrobe\Documents\git_repos\oldschool-clientc\3rd\toridraw\toridraw_lighting.c,192,0.003903,0.006511
C:\Users\mrobe\Documents\git_repos\oldschool-clientc\src\engine\world_builder\world_sharelight.u.c,400,0.003903,0.006511
C:\Users\mrobe\Documents\git_repos\oldschool-clientc\src\app.c,12992,0.003902,0.006510
C:\Users\mrobe\Documents\git_repos\oldschool-clientc\src\game\rs_cs2_host.c,2057,0.003902,0.006510
C:\Users\mrobe\Documents\git_repos\oldschool-clientc\3rd\rscache\src\datatypes\sound_vorbis.c,1348,0.003902,0.006510
C:\Users\mrobe\Documents\git_repos\oldschool-clientc\3rd\toridraw\toridraw_lighting.c,140,0.003902,0.006510
C:\Users\mrobe\Documents\git_repos\oldschool-clientc\3rd\toridraw\toridraw_lighting.c,141,0.003902,0.006510
C:\Users\mrobe\Documents\git_repos\oldschool-clientc\src\ui\uitree_layout.c,533,0.003902,0.006510
C:\Users\mrobe\Documents\git_repos\oldschool-clientc\src\cs2vm2\cs2vm2.c,4196,0.003901,0.006508
C:\Users\mrobe\Documents\git_repos\oldschool-clientc\3rd\toridraw\graphics\raster\gouraudhsllightness\gouraudhsllightness.screen.opaque.bary.branching.s4.c,225,0.003901,0.006508
C:\Users\mrobe\Documents\git_repos\oldschool-clientc\3rd\toridraw\graphics\raster\gouraudhsllightness\gouraudhsllightness.screen.alpha.bary.branching.s4.c,145,0.003901,0.006508
C:\Users\mrobe\Documents\git_repos\oldschool-clientc\src\ui\uitree_emit.c,2074,0.003901,0.006508
C:\Users\mrobe\Documents\git_repos\oldschool-clientc\3rd\toridraw\toridraw_raster.u.c,651,0.003900,0.006506
C:\Users\mrobe\Documents\git_repos\oldschool-clientc\src\engine\world_builder\world_sharelight.u.c,215,0.003900,0.006506
C:\Users\mrobe\Documents\git_repos\oldschool-clientc\src\cs2vm2\cs2vm2.c,713,0.003899,0.006505
C:\Users\mrobe\Documents\git_repos\oldschool-clientc\3rd\toridraw\graphics\raster\gouraudhsllightness\gouraudhsllightness.screen.alpha.bary.branching.s4.c,477,0.003899,0.006505
C:\Users\mrobe\Documents\git_repos\oldschool-clientc\3rd\rscache\src\datatypes\sound_vorbis.c,1551,0.003899,0.006505
C:\Users\mrobe\Documents\git_repos\oldschool-clientc\3rd\toridraw\graphics\raster\gouraudhsllightness\gouraudhsllightness.screen.alpha.bary.branching.s4.c,333,0.003899,0.006505
C:\Users\mrobe\Documents\git_repos\oldschool-clientc\3rd\toridraw\triangles\toridraw_triangle_gouraud.u.c,813,0.003899,0.006505
C:\Users\mrobe\Documents\git_repos\oldschool-clientc\src\cs2vm2\cs2vm2.c,6874,0.003898,0.006503
C:\Users\mrobe\Documents\git_repos\oldschool-clientc\src\<artificial>,2752,0.003898,0.006503
C:\Users\mrobe\Documents\git_repos\oldschool-clientc\3rd\rscache\src\datatypes\sound_vorbis.c,1623,0.003898,0.006503
C:\Users\mrobe\Documents\git_repos\oldschool-clientc\3rd\toridraw\graphics\raster\gouraudhsllightness\gouraudhsllightness.screen.opaque.bary.branching.s4.c,70,0.003898,0.006503
C:\Users\mrobe\Documents\git_repos\oldschool-clientc\toolchain\mingw32\lib\gcc\i686-w64-mingw32\15.2.0\include\emmintrin.h,1073,0.003898,0.006503
C:\Users\mrobe\Documents\git_repos\oldschool-clientc\src\ui\uitree_scroll.c,170,0.003897,0.006501
C:\Users\mrobe\Documents\git_repos\oldschool-clientc\3rd\toridraw\toridraw_raster.u.c,621,0.003897,0.006501
C:\Users\mrobe\Documents\git_repos\oldschool-clientc\src\engine\world_builder\world_scenery.u.c,160,0.003897,0.006501
C:\Users\mrobe\Documents\git_repos\oldschool-clientc\toolchain\mingw32\lib\gcc\i686-w64-mingw32\15.2.0\include\emmintrin.h,1121,0.003896,0.006500
C:\Users\mrobe\Documents\git_repos\oldschool-clientc\src\engine\world_builder\world_sharelight.u.c,226,0.003895,0.006498
C:\Users\mrobe\Documents\git_repos\oldschool-clientc\src\engine\world_builder\heightmap.c,197,0.003894,0.006496
C:\Users\mrobe\Documents\git_repos\oldschool-clientc\3rd\toridraw\graphics\raster\gouraudhsllightness\gouraudhsllightness.screen.opaque.bary.branching.s4.c,77,0.003894,0.006496
C:\Users\mrobe\Documents\git_repos\oldschool-clientc\3rd\toridraw\graphics\raster\gouraudhsllightness\gouraudhsllightness.screen.alpha.bary.branching.s4.c,275,0.003888,0.006486
C:\Users\mrobe\Documents\git_repos\oldschool-clientc\3rd\toridraw\graphics\raster\gouraudhsllightness\gouraudhsllightness.screen.opaque.bary.branching.s4.c,537,0.003887,0.006485
C:\Users\mrobe\Documents\git_repos\oldschool-clientc\src\painters\painters_i.h,292,0.003880,0.006473
C:\Users\mrobe\Documents\git_repos\oldschool-clientc\3rd\rscache\src\dat2disk.c,101,0.002961,0.004940
C:\Users\mrobe\Documents\git_repos\oldschool-clientc\3rd\toridraw\toridraw_2d.c,594,0.002943,0.004910
C:\Users\mrobe\Documents\git_repos\oldschool-clientc\3rd\toridraw\toridraw_scene.c,1282,0.002941,0.004906
C:\Users\mrobe\Documents\git_repos\oldschool-clientc\src\game\rs_cs2_host.c,104,0.002939,0.004903
C:\Users\mrobe\Documents\git_repos\oldschool-clientc\3rd\toridraw\toridraw_model.c,402,0.002939,0.004903
C:\Users\mrobe\Documents\git_repos\oldschool-clientc\src\engine\uitree_anim.c,87,0.002939,0.004903
C:\Users\mrobe\Documents\git_repos\oldschool-clientc\3rd\hmap\hmap.h,257,0.002938,0.004901
C:\Users\mrobe\Documents\git_repos\oldschool-clientc\src\ui\uitree.c,245,0.002938,0.004901
C:\Users\mrobe\Documents\git_repos\oldschool-clientc\src\engine\world_builder\minimap.c,368,0.002937,0.004900
C:\Users\mrobe\Documents\git_repos\oldschool-clientc\src\cs2vm2\cs2vm2.c,10830,0.002936,0.004898
C:\Users\mrobe\Documents\git_repos\oldschool-clientc\src\cs2vm2\cs2vm2.c,10158,0.002936,0.004898
C:\Users\mrobe\Documents\git_repos\oldschool-clientc\src\js5\js5.c,1814,0.002936,0.004898
C:\Users\mrobe\Documents\git_repos\oldschool-clientc\src\game\rs_cs2_host.c,7192,0.002936,0.004898
R:\winlibs_staging_msvcrt32\gcc-15.2.0\build_mingw\i686-w64-mingw32\libgcc\..\..\..\libgcc\libgcc2.c,1025,0.002936,0.004898
C:\Users\mrobe\Documents\git_repos\oldschool-clientc\src\game\rs_cs2_host.c,2834,0.002935,0.004896
C:\Users\mrobe\Documents\git_repos\oldschool-clientc\3rd\rscache\src\rsbuffer.c,764,0.002935,0.004896
C:\Users\mrobe\Documents\git_repos\oldschool-clientc\src\ui\uitree.c,412,0.002935,0.004896
C:\Users\mrobe\Documents\git_repos\oldschool-clientc\src\cs2vm2\cs2vm2.c,2547,0.002934,0.004895
C:\Users\mrobe\Documents\git_repos\oldschool-clientc\src\cs2vm2\cs2vm2.c,11502,0.002934,0.004895
C:\Users\mrobe\Documents\git_repos\oldschool-clientc\src\net\rev\osrs239\osrs239_parse.c,1525,0.002934,0.004895
C:\Users\mrobe\Documents\git_repos\oldschool-clientc\3rd\rscache\src\checksum.c,41,0.002934,0.004895
C:\Users\mrobe\Documents\git_repos\oldschool-clientc\3rd\rscache\src\rsbuffer.c,166,0.002934,0.004895
C:\Users\mrobe\Documents\git_repos\oldschool-clientc\3rd\rscache\src\datatypes\sound_render.c,94,0.002934,0.004895
C:\Users\mrobe\Documents\git_repos\oldschool-clientc\3rd\rscache\src\datatypes\dat2_sprites.c,394,0.002934,0.004895
C:\Users\mrobe\Documents\git_repos\oldschool-clientc\src\engine\world_builder\world_sharelight.u.c,268,0.002934,0.004895
C:\Users\mrobe\Documents\git_repos\oldschool-clientc\src\engine\world_builder\heightmap.c,81,0.002933,0.004893
C:\Users\mrobe\Documents\git_repos\oldschool-clientc\src\game\rs_cs2_host.c,5701,0.002933,0.004893
C:\Users\mrobe\Documents\git_repos\oldschool-clientc\src\game\rs_cs2_host.c,7169,0.002933,0.004893
C:\Users\mrobe\Documents\git_repos\oldschool-clientc\src\ui\uitree.c,339,0.002933,0.004893
C:\Users\mrobe\Documents\git_repos\oldschool-clientc\src\ui\uitree.c,1548,0.002933,0.004893
C:\Users\mrobe\Documents\git_repos\oldschool-clientc\src\ui\uitree_input.c,605,0.002933,0.004893
C:\Users\mrobe\Documents\git_repos\oldschool-clientc\src\engine\world_builder\world_sharelight.u.c,233,0.002933,0.004893
C:\Users\mrobe\Documents\git_repos\oldschool-clientc\src\world\entity_pool.c,73,0.002932,0.004891
C:\Users\mrobe\Documents\git_repos\oldschool-clientc\src\plugin\torirs_plugin_bridge.u.c,350,0.002932,0.004891
C:\Users\mrobe\Documents\git_repos\oldschool-clientc\src\cs2vm2\cs2vm2_strpool.c,121,0.002932,0.004891
C:\Users\mrobe\Documents\git_repos\oldschool-clientc\src\cs2vm2\cs2vm2.c,9283,0.002932,0.004891
C:\Users\mrobe\Documents\git_repos\oldschool-clientc\src\net\rev\osrs239\osrs239_parse.c,656,0.002932,0.004891
C:\Users\mrobe\Documents\git_repos\oldschool-clientc\src\platform\platform_x_io.c,695,0.002932,0.004891
C:\Users\mrobe\Documents\git_repos\oldschool-clientc\src\<artificial>,105,0.002932,0.004891
C:\Users\mrobe\Documents\git_repos\oldschool-clientc\src\engine\uitree_from_component.c,289,0.002932,0.004891
C:\Users\mrobe\Documents\git_repos\oldschool-clientc\src\ui\uitree_emit.c,2148,0.002932,0.004891
C:\Users\mrobe\Documents\git_repos\oldschool-clientc\src\engine\world_builder\world_collision.u.c,167,0.002932,0.004891
C:\Users\mrobe\Documents\git_repos\oldschool-clientc\src\cs2vm2\cs2vm2.c,764,0.002931,0.004890
C:\Users\mrobe\Documents\git_repos\oldschool-clientc\src\engine\dat2\dat2_buildcache.c,120,0.002931,0.004890
C:\Users\mrobe\Documents\git_repos\oldschool-clientc\src\js5\js5.c,1040,0.002931,0.004890
C:\Users\mrobe\Documents\git_repos\oldschool-clientc\src\<artificial>,2605,0.002931,0.004890
C:\Users\mrobe\Documents\git_repos\oldschool-clientc\src\net\rev\osrs239\osrs239_entity_info.c,511,0.002931,0.004890
C:\Users\mrobe\Documents\git_repos\oldschool-clientc\src\game\rs_cs2_host.c,4899,0.002931,0.004890
C:\Users\mrobe\Documents\git_repos\oldschool-clientc\src\game\rs_cs2_host.c,6918,0.002931,0.004890
C:\Users\mrobe\Documents\git_repos\oldschool-clientc\3rd\rscache\src\filelist.c,113,0.002931,0.004890
C:\Users\mrobe\Documents\git_repos\oldschool-clientc\3rd\rscache\src\datatypes\dat2_sprites.c,172,0.002931,0.004890
C:\Users\mrobe\Documents\git_repos\oldschool-clientc\src\engine\torirs_component_from_rscache.c,352,0.002931,0.004890
C:\Users\mrobe\Documents\git_repos\oldschool-clientc\3rd\toridraw\toridraw_lighting.c,300,0.002931,0.004890
C:\Users\mrobe\Documents\git_repos\oldschool-clientc\3rd\toridraw\toridraw_map.c,267,0.002931,0.004890
C:\Users\mrobe\Documents\git_repos\oldschool-clientc\3rd\toridraw\toridraw_model.c,337,0.002931,0.004890
C:\Users\mrobe\Documents\git_repos\oldschool-clientc\src\ui\uitree.c,1494,0.002931,0.004890
C:\Users\mrobe\Documents\git_repos\oldschool-clientc\src\engine\world_builder\world_scenery.u.c,611,0.002931,0.004890
C:\Users\mrobe\Documents\git_repos\oldschool-clientc\src\engine\world_builder\world_scenery.u.c,1062,0.002931,0.004890
C:\Users\mrobe\Documents\git_repos\oldschool-clientc\src\engine\world_builder\world_scenery.u.c,2040,0.002931,0.004890
C:\Users\mrobe\Documents\git_repos\oldschool-clientc\src\world\entity_registry.c,32,0.002930,0.004888
C:\Users\mrobe\Documents\git_repos\oldschool-clientc\3rd\bzip\bzip.c,641,0.002930,0.004888
C:\Users\mrobe\Documents\git_repos\oldschool-clientc\src\cs2vm2\cs2vm2.c,3982,0.002930,0.004888
C:\Users\mrobe\Documents\git_repos\oldschool-clientc\src\cs2vm2\cs2vm2.c,6762,0.002930,0.004888
C:\Users\mrobe\Documents\git_repos\oldschool-clientc\3rd\hmap\hmap.h,237,0.002930,0.004888
C:\Users\mrobe\Documents\git_repos\oldschool-clientc\src\js5\js5.c,438,0.002930,0.004888
C:\Users\mrobe\Documents\git_repos\oldschool-clientc\src\<artificial>,2727,0.002930,0.004888
C:\Users\mrobe\Documents\git_repos\oldschool-clientc\src\<artificial>,2651,0.002930,0.004888
C:\Users\mrobe\Documents\git_repos\oldschool-clientc\src\painters\painters_bucket.u.c,752,0.002930,0.004888
C:\Users\mrobe\Documents\git_repos\oldschool-clientc\src\js5\js5.c,1395,0.002930,0.004888
C:\Users\mrobe\Documents\git_repos\oldschool-clientc\src\game\rs_cs2_host.c,221,0.002930,0.004888
C:\Users\mrobe\Documents\git_repos\oldschool-clientc\src\game\rs_cs2_host.c,6258,0.002930,0.004888
C:\Users\mrobe\Documents\git_repos\oldschool-clientc\src\game\rs_cs2_host.c,92,0.002930,0.004888
C:\Users\mrobe\Documents\git_repos\oldschool-clientc\3rd\rscache\src\dat2disk.c,598,0.002930,0.004888
C:\Users\mrobe\Documents\git_repos\oldschool-clientc\3rd\rscache\src\reference_table.c,120,0.002930,0.004888
C:\Users\mrobe\Documents\git_repos\oldschool-clientc\3rd\rscache\src\filelist.c,143,0.002930,0.004888
C:\Users\mrobe\Documents\git_repos\oldschool-clientc\3rd\rscache\src\datatypes\sound_vorbis.c,1674,0.002930,0.004888
C:\Users\mrobe\Documents\git_repos\oldschool-clientc\src\game\task_cs2_run.c,974,0.002930,0.004888
C:\Users\mrobe\Documents\git_repos\oldschool-clientc\3rd\toridraw\toridraw_model.c,655,0.002930,0.004888
C:\Users\mrobe\Documents\git_repos\oldschool-clientc\3rd\toridraw\toridraw_scene.c,171,0.002930,0.004888
C:\Users\mrobe\Documents\git_repos\oldschool-clientc\3rd\toridraw\toridraw_intrusive_list.h,63,0.002930,0.004888
C:\Users\mrobe\Documents\git_repos\oldschool-clientc\src\ui\uitree_layout.c,262,0.002930,0.004888
C:\Users\mrobe\Documents\git_repos\oldschool-clientc\src\engine\world_builder\world_scenery.u.c,629,0.002930,0.004888
C:\Users\mrobe\Documents\git_repos\oldschool-clientc\src\engine\cache_provider.c,502,0.002930,0.004888
C:\Users\mrobe\Documents\git_repos\oldschool-clientc\src\engine\world_builder\world_terrain.u.c,76,0.002930,0.004888
C:\Users\mrobe\Documents\git_repos\oldschool-clientc\src\engine\world_builder\occluder_buildmap.c,110,0.002930,0.004888
C:\Users\mrobe\Documents\git_repos\oldschool-clientc\src\engine\world_builder\world_scenery.u.c,1906,0.002930,0.004888
C:\Users\mrobe\Documents\git_repos\oldschool-clientc\src\engine\world_builder\world_sharelight.u.c,229,0.002930,0.004888
C:\Users\mrobe\Documents\git_repos\oldschool-clientc\src\engine\cache_provider.c,1726,0.002929,0.004886
C:\Users\mrobe\Documents\git_repos\oldschool-clientc\src\cs2vm2\cs2vm2.c,4133,0.002929,0.004886
C:\Users\mrobe\Documents\git_repos\oldschool-clientc\src\cs2vm2\cs2vm2_strpool.c,152,0.002929,0.004886
C:\Users\mrobe\Documents\git_repos\oldschool-clientc\src\cs2vm2\cs2vm2.c,1483,0.002929,0.004886
C:\Users\mrobe\Documents\git_repos\oldschool-clientc\src\cs2vm2\cs2vm2.c,5306,0.002929,0.004886
C:\Users\mrobe\Documents\git_repos\oldschool-clientc\src\js5\js5_rscache.c,40,0.002929,0.004886
C:\Users\mrobe\Documents\git_repos\oldschool-clientc\3rd\hmap\hmap.h,217,0.002929,0.004886
C:\Users\mrobe\Documents\git_repos\oldschool-clientc\src\js5\js5.c,1909,0.002929,0.004886
C:\Users\mrobe\Documents\git_repos\oldschool-clientc\src\<artificial>,2611,0.002929,0.004886
C:\Users\mrobe\Documents\git_repos\oldschool-clientc\src\<artificial>,2614,0.002929,0.004886
C:\Users\mrobe\Documents\git_repos\oldschool-clientc\src\js5\js5.c,2168,0.002929,0.004886
C:\Users\mrobe\Documents\git_repos\oldschool-clientc\src\js5\js5.c,2170,0.002929,0.004886
C:\Users\mrobe\Documents\git_repos\oldschool-clientc\src\game\rs_audio.c,219,0.002929,0.004886
C:\Users\mrobe\Documents\git_repos\oldschool-clientc\src\game\rs_cs2_host.c,154,0.002929,0.004886
C:\Users\mrobe\Documents\git_repos\oldschool-clientc\src\game\rs_cs2_host.c,5051,0.002929,0.004886
C:\Users\mrobe\Documents\git_repos\oldschool-clientc\src\engine\dat2\task_dat2_sprite_load.c,71,0.002929,0.004886
C:\Users\mrobe\Documents\git_repos\oldschool-clientc\src\engine\uitree_builder\task_interface_open.c,339,0.002929,0.004886
C:\Users\mrobe\Documents\git_repos\oldschool-clientc\src\engine\toridraw_model_from_torirs.c,157,0.002929,0.004886
C:\Users\mrobe\Documents\git_repos\oldschool-clientc\3rd\toridraw\toridraw_lighting.c,289,0.002929,0.004886
C:\Users\mrobe\Documents\git_repos\oldschool-clientc\src\ui\uitree.c,383,0.002929,0.004886
C:\Users\mrobe\Documents\git_repos\oldschool-clientc\src\varc\varc_manager.c,132,0.002929,0.004886
C:\Users\mrobe\Documents\git_repos\oldschool-clientc\src\engine\world_builder\world_scenery.u.c,513,0.002929,0.004886
C:\Users\mrobe\Documents\git_repos\oldschool-clientc\src\engine\world_builder\world_scenery.u.c,528,0.002929,0.004886
C:\Users\mrobe\Documents\git_repos\oldschool-clientc\src\engine\world_builder\world_decode_tile.c,113,0.002929,0.004886
C:\Users\mrobe\Documents\git_repos\oldschool-clientc\src\engine\world_builder\overlaymap.c,14,0.002929,0.004886
C:\Users\mrobe\Documents\git_repos\oldschool-clientc\src\engine\world_builder\world_scenery.u.c,2069,0.002929,0.004886
C:\Users\mrobe\Documents\git_repos\oldschool-clientc\src\varc\varc_manager.c,118,0.002928,0.004885
C:\Users\mrobe\Documents\git_repos\oldschool-clientc\src\cs2vm2\cs2vm2.c,594,0.002928,0.004885
C:\Users\mrobe\Documents\git_repos\oldschool-clientc\src\world\entity_pool.c,95,0.002928,0.004885
C:\Users\mrobe\Documents\git_repos\oldschool-clientc\src\engine\world_builder\heightmap.c,98,0.002928,0.004885
C:\Users\mrobe\Documents\git_repos\oldschool-clientc\src\painters\painters_bucket.u.c,775,0.002928,0.004885
C:\Users\mrobe\Documents\git_repos\oldschool-clientc\src\platform\platform_x_io.c,699,0.002928,0.004885
C:\Users\mrobe\Documents\git_repos\oldschool-clientc\src\cs2vm2\cs2vm2_strpool.c,148,0.002928,0.004885
C:\Users\mrobe\Documents\git_repos\oldschool-clientc\src\cs2vm2\cs2vm2.c,742,0.002928,0.004885
C:\Users\mrobe\Documents\git_repos\oldschool-clientc\3rd\rscache\src\dat2disk.c,602,0.002928,0.004885
C:\Users\mrobe\Documents\git_repos\oldschool-clientc\3rd\rscache\src\dat2disk.c,702,0.002928,0.004885
C:\Users\mrobe\Documents\git_repos\oldschool-clientc\3rd\rscache\src\reference_table.c,116,0.002928,0.004885
C:\Users\mrobe\Documents\git_repos\oldschool-clientc\3rd\rscache\src\datatypes\sound_vorbis.c,301,0.002928,0.004885
C:\Users\mrobe\Documents\git_repos\oldschool-clientc\src\game\rs_cs2_host.c,1341,0.002928,0.004885
C:\Users\mrobe\Documents\git_repos\oldschool-clientc\src\game\task_cs2_run.c,1841,0.002928,0.004885
C:\Users\mrobe\Documents\git_repos\oldschool-clientc\src\engine\cache_provider.c,720,0.002928,0.004885
C:\Users\mrobe\Documents\git_repos\oldschool-clientc\3rd\toridraw\toridraw_lighting.c,147,0.002928,0.004885
C:\Users\mrobe\Documents\git_repos\oldschool-clientc\3rd\toridraw\toridraw_lighting.c,304,0.002928,0.004885
C:\Users\mrobe\Documents\git_repos\oldschool-clientc\src\ui\uitree.c,1286,0.002928,0.004885
C:\Users\mrobe\Documents\git_repos\oldschool-clientc\src\ui\uitree_hook.c,208,0.002928,0.004885
C:\Users\mrobe\Documents\git_repos\oldschool-clientc\src\ui\uitree_layout.c,267,0.002928,0.004885
C:\Users\mrobe\Documents\git_repos\oldschool-clientc\src\engine\world_builder\world_decode_tile.c,298,0.002928,0.004885
C:\Users\mrobe\Documents\git_repos\oldschool-clientc\src\engine\world_builder\world_collision.u.c,125,0.002928,0.004885
C:\Users\mrobe\Documents\git_repos\oldschool-clientc\src\main.c,1985,0.002927,0.004883
C:\Users\mrobe\Documents\git_repos\oldschool-clientc\3rd\rscache\src\dat2disk.c,1286,0.002927,0.004883
C:\Users\mrobe\Documents\git_repos\oldschool-clientc\src\js5\js5.c,1973,0.002927,0.004883
C:\Users\mrobe\Documents\git_repos\oldschool-clientc\src\game\rs_cs2_host.c,410,0.002927,0.004883
C:\Users\mrobe\Documents\git_repos\oldschool-clientc\3rd\rscache\src\rsbuffer.c,409,0.002927,0.004883
C:\Users\mrobe\Documents\git_repos\oldschool-clientc\3rd\rscache\src\datatypes\sound_render.c,410,0.002927,0.004883
C:\Users\mrobe\Documents\git_repos\oldschool-clientc\3rd\rscache\src\datatypes\music_song.c,655,0.002927,0.004883
C:\Users\mrobe\Documents\git_repos\oldschool-clientc\3rd\rscache\src\datatypes\music_song.c,185,0.002927,0.004883
C:\Users\mrobe\Documents\git_repos\oldschool-clientc\3rd\rscache\src\datatypes\dat2_sprites.c,161,0.002927,0.004883
C:\Users\mrobe\Documents\git_repos\oldschool-clientc\src\cs2vm2\cs2vm2_strpool.c,94,0.002927,0.004883
C:\Users\mrobe\Documents\git_repos\oldschool-clientc\src\cs2vm2\cs2vm2.c,12185,0.002927,0.004883
C:\Users\mrobe\Documents\git_repos\oldschool-clientc\src\engine\dat2\task_dat2_sprite_load.c,115,0.002927,0.004883
C:\Users\mrobe\Documents\git_repos\oldschool-clientc\3rd\toridraw\toridraw_lighting.c,137,0.002927,0.004883
C:\Users\mrobe\Documents\git_repos\oldschool-clientc\3rd\toridraw\toridraw_map.c,346,0.002927,0.004883
C:\Users\mrobe\Documents\git_repos\oldschool-clientc\3rd\toridraw\toridraw_model_transform.c,579,0.002927,0.004883
C:\Users\mrobe\Documents\git_repos\oldschool-clientc\3rd\rscache\src\datatypes\dat2_sprites.c,381,0.002927,0.004883
C:\Users\mrobe\Documents\git_repos\oldschool-clientc\src\ui\uitree.c,3884,0.002927,0.004883
C:\Users\mrobe\Documents\git_repos\oldschool-clientc\src\ui\uitree_emit.c,371,0.002927,0.004883
C:\Users\mrobe\Documents\git_repos\oldschool-clientc\src\ui\uitree_emit.c,2277,0.002927,0.004883
C:\Users\mrobe\Documents\git_repos\oldschool-clientc\src\engine\world_builder\overlaymap.c,13,0.002927,0.004883
C:\Users\mrobe\Documents\git_repos\oldschool-clientc\src\engine\world_builder\occluder_buildmap.c,208,0.002927,0.004883
C:\Users\mrobe\Documents\git_repos\oldschool-clientc\src\app.c,12166,0.002926,0.004881
C:\Users\mrobe\Documents\git_repos\oldschool-clientc\src\cs2vm2\cs2vm2.c,48,0.002926,0.004881
C:\Users\mrobe\Documents\git_repos\oldschool-clientc\src\cs2vm2\cs2vm2.c,10234,0.002926,0.004881
C:\Users\mrobe\Documents\git_repos\oldschool-clientc\3rd\hmap\hmap.h,329,0.002926,0.004881
C:\Users\mrobe\Documents\git_repos\oldschool-clientc\src\perf\torirs_perf.c,365,0.002926,0.004881
C:\Users\mrobe\Documents\git_repos\oldschool-clientc\src\<artificial>,2703,0.002926,0.004881
C:\Users\mrobe\Documents\git_repos\oldschool-clientc\src\<artificial>,2590,0.002926,0.004881
C:\Users\mrobe\Documents\git_repos\oldschool-clientc\src\platform\platform_x_io_js5_cache.c,107,0.002926,0.004881
C:\Users\mrobe\Documents\git_repos\oldschool-clientc\src\game\rs_audio.c,216,0.002926,0.004881
C:\Users\mrobe\Documents\git_repos\oldschool-clientc\src\cs2vm2\cs2vm2.c,519,0.002926,0.004881
C:\Users\mrobe\Documents\git_repos\oldschool-clientc\src\game\rs_cs2_host.c,2912,0.002926,0.004881
C:\Users\mrobe\Documents\git_repos\oldschool-clientc\src\ui\uitree.c,3381,0.002926,0.004881
C:\Users\mrobe\Documents\git_repos\oldschool-clientc\src\game\rs_cs2_host.c,7168,0.002926,0.004881
C:\Users\mrobe\Documents\git_repos\oldschool-clientc\3rd\rscache\src\datatypes\dat2_sprites.c,206,0.002926,0.004881
C:\Users\mrobe\Documents\git_repos\oldschool-clientc\src\cs2vm2\cs2vm2.c,12100,0.002926,0.004881
C:\Users\mrobe\Documents\git_repos\oldschool-clientc\src\game\task_cs2_run.c,987,0.002926,0.004881
C:\Users\mrobe\Documents\git_repos\oldschool-clientc\src\game\task_cs2_run.c,1459,0.002926,0.004881
C:\Users\mrobe\Documents\git_repos\oldschool-clientc\src\ui\uitree.c,279,0.002926,0.004881
C:\Users\mrobe\Documents\git_repos\oldschool-clientc\src\ui\uitree.c,3650,0.002926,0.004881
C:\Users\mrobe\Documents\git_repos\oldschool-clientc\src\ui\uitree_layout.c,289,0.002926,0.004881
C:\Users\mrobe\Documents\git_repos\oldschool-clientc\src\engine\world_builder\world_scenery.u.c,633,0.002926,0.004881
C:\Users\mrobe\Documents\git_repos\oldschool-clientc\src\app.c,11286,0.002925,0.004880
C:\Users\mrobe\Documents\git_repos\oldschool-clientc\src\app.c,11370,0.002925,0.004880
C:\Users\mrobe\Documents\git_repos\oldschool-clientc\src\js5\js5.c,1943,0.002925,0.004880
C:\Users\mrobe\Documents\git_repos\oldschool-clientc\src\js5\js5.c,2090,0.002925,0.004880
C:\Users\mrobe\Documents\git_repos\oldschool-clientc\src\game\rs_cs2_host.c,7170,0.002925,0.004880
C:\Users\mrobe\Documents\git_repos\oldschool-clientc\3rd\toridraw\toridraw_model.h,51,0.002925,0.004880
C:\Users\mrobe\Documents\git_repos\oldschool-clientc\src\plugin\torirs_plugin_host.c,1794,0.002925,0.004880
C:\Users\mrobe\Documents\git_repos\oldschool-clientc\src\engine\world_builder\world_terrain.u.c,57,0.002925,0.004880
C:\Users\mrobe\Documents\git_repos\oldschool-clientc\3rd\toridraw\toridraw_scene.c,1789,0.002925,0.004880
C:\Users\mrobe\Documents\git_repos\oldschool-clientc\3rd\bzip\bzip.c,207,0.002924,0.004878
C:\Users\mrobe\Documents\git_repos\oldschool-clientc\src\cs2vm2\cs2vm2.c,11526,0.002924,0.004878
C:\Users\mrobe\Documents\git_repos\oldschool-clientc\src\engine\world_builder\world_terrain.u.c,212,0.002924,0.004878
C:\Users\mrobe\Documents\git_repos\oldschool-clientc\src\engine\world_builder\lightmap.c,63,0.002924,0.004878
C:\Users\mrobe\Documents\git_repos\oldschool-clientc\3rd\rscache\src\dat2disk.c,18,0.002923,0.004876
C:\Users\mrobe\Documents\git_repos\oldschool-clientc\src\engine\world_builder\world_decode_tile.c,114,0.002923,0.004876
C:\Users\mrobe\Documents\git_repos\oldschool-clientc\src\cs2vm2\cs2vm2.c,10162,0.002922,0.004875
C:\Users\mrobe\Documents\git_repos\oldschool-clientc\3rd\rscache\src\datatypes\sound_render.c,443,0.002922,0.004875
C:\Users\mrobe\Documents\git_repos\oldschool-clientc\src\engine\world_builder\world_scenery.u.c,688,0.002920,0.004871
C:\Users\mrobe\Documents\git_repos\oldschool-clientc\3rd\rscache\src\dat2disk.c,286,0.002903,0.004843
C:\Users\mrobe\Documents\git_repos\oldschool-clientc\3rd\rscache\src\dat2disk.c,239,0.002890,0.004821
C:\Users\mrobe\Documents\git_repos\oldschool-clientc\src\engine\world_builder\world_sharelight.u.c,147,0.002888,0.004818
C:\Users\mrobe\Documents\git_repos\oldschool-clientc\src\cs2vm2\cs2vm2.c,8046,0.002882,0.004808
C:\Users\mrobe\Documents\git_repos\oldschool-clientc\src\<artificial>,2702,0.002597,0.004332
C:\Users\mrobe\Documents\git_repos\oldschool-clientc\src\ui\uitree_layout.c,169,0.002005,0.003345
C:\Users\mrobe\Documents\git_repos\oldschool-clientc\src\engine\world_builder\world_sharelight.u.c,562,0.002002,0.003340
C:\Users\mrobe\Documents\git_repos\oldschool-clientc\src\ui\uitree.c,116,0.001985,0.003311
C:\Users\mrobe\Documents\git_repos\oldschool-clientc\3rd\rscache\src\datatypes\sound_vorbis.c,702,0.001975,0.003295
C:\Users\mrobe\Documents\git_repos\oldschool-clientc\src\engine\toridraw_model_from_torirs.c,89,0.001966,0.003280
C:\Users\mrobe\Documents\git_repos\oldschool-clientc\src\engine\world_builder\heightmap.c,80,0.001964,0.003276
C:\Users\mrobe\Documents\git_repos\oldschool-clientc\3rd\rscache\src\datatypes\sound_vorbis.c,1627,0.001964,0.003276
C:\Users\mrobe\Documents\git_repos\oldschool-clientc\3rd\toridraw\toridraw_font.c,1104,0.001964,0.003276
C:\Users\mrobe\Documents\git_repos\oldschool-clientc\3rd\toridraw\graphics\raster\gouraudhsllightness\gouraudhsllightness.screen.alpha.bary.branching.s4.c,107,0.001964,0.003276
C:\Users\mrobe\Documents\git_repos\oldschool-clientc\3rd\toridraw\toridraw_font.c,482,0.001963,0.003275
C:\Users\mrobe\Documents\git_repos\oldschool-clientc\3rd\toridraw\toridraw_2d.c,489,0.001963,0.003275
C:\Users\mrobe\Documents\git_repos\oldschool-clientc\src\ui\uitree_layout.c,217,0.001963,0.003275
C:\Users\mrobe\Documents\git_repos\oldschool-clientc\3rd\rscache\src\reference_table.c,150,0.001962,0.003273
C:\Users\mrobe\Documents\git_repos\oldschool-clientc\3rd\toridraw\toridraw_font.c,1438,0.001962,0.003273
C:\Users\mrobe\Documents\git_repos\oldschool-clientc\3rd\toridraw\toridraw_font.c,268,0.001962,0.003273
C:\Users\mrobe\Documents\git_repos\oldschool-clientc\3rd\toridraw\toridraw_font.c,1065,0.001962,0.003273
C:\Users\mrobe\Documents\git_repos\oldschool-clientc\src\engine\uitree_from_component.c,268,0.001962,0.003273
C:\Users\mrobe\Documents\git_repos\oldschool-clientc\src\painters\painters.c,240,0.001962,0.003273
C:\Users\mrobe\Documents\git_repos\oldschool-clientc\src\platform\platform_sdl2_renderer_soft3d.c,216,0.001961,0.003271
C:\Users\mrobe\Documents\git_repos\oldschool-clientc\src\game\rs_cs2_host.c,5196,0.001961,0.003271
C:\Users\mrobe\Documents\git_repos\oldschool-clientc\3rd\toridraw\graphics\raster\gouraudhsllightness\gouraudhsllightness.screen.alpha.bary.branching.s4.c,461,0.001961,0.003271
C:\Users\mrobe\Documents\git_repos\oldschool-clientc\src\cs2vm2\cs2vm2.c,3084,0.001960,0.003270
C:\Users\mrobe\Documents\git_repos\oldschool-clientc\src\game\rs_cs2_host.c,728,0.001960,0.003270
C:\Users\mrobe\Documents\git_repos\oldschool-clientc\src\engine\dat2\task_dat2_clientscript_table_load.c,126,0.001960,0.003270
C:\Users\mrobe\Documents\git_repos\oldschool-clientc\src\engine\uitree_builder\task_static_sprites_load.c,56,0.001960,0.003270
C:\Users\mrobe\Documents\git_repos\oldschool-clientc\3rd\toridraw\toridraw_font.c,838,0.001960,0.003270
C:\Users\mrobe\Documents\git_repos\oldschool-clientc\src\engine\world_builder\flag_map.u.c,54,0.001960,0.003270
C:\Users\mrobe\Documents\git_repos\oldschool-clientc\src\render\torirs_frame.c,56,0.001959,0.003268
C:\Users\mrobe\Documents\git_repos\oldschool-clientc\src\engine\world_builder\world_sharelight.u.c,216,0.001959,0.003268
C:\Users\mrobe\Documents\git_repos\oldschool-clientc\src\plugin\torirs_plugin_bridge.u.c,489,0.001958,0.003266
C:\Users\mrobe\Documents\git_repos\oldschool-clientc\src\plugin\torirs_plugin_bridge.u.c,455,0.001958,0.003266
C:\Users\mrobe\Documents\git_repos\oldschool-clientc\src\app.c,2535,0.001958,0.003266
C:\Users\mrobe\Documents\git_repos\oldschool-clientc\src\app.c,3800,0.001958,0.003266
C:\Users\mrobe\Documents\git_repos\oldschool-clientc\src\world\world_cycle.c,1816,0.001958,0.003266
C:\Users\mrobe\Documents\git_repos\oldschool-clientc\src\cs2vm2\cs2vm2.c,1474,0.001958,0.003266
C:\Users\mrobe\Documents\git_repos\oldschool-clientc\src\painters\painters_i.h,337,0.001958,0.003266
C:\Users\mrobe\Documents\git_repos\oldschool-clientc\src\js5\js5.c,1969,0.001958,0.003266
C:\Users\mrobe\Documents\git_repos\oldschool-clientc\src\js5\js5.c,1384,0.001958,0.003266
C:\Users\mrobe\Documents\git_repos\oldschool-clientc\src\engine\cache_provider.c,1606,0.001958,0.003266
C:\Users\mrobe\Documents\git_repos\oldschool-clientc\3rd\toridraw\toridraw_font.c,835,0.001958,0.003266
C:\Users\mrobe\Documents\git_repos\oldschool-clientc\3rd\toridraw\toridraw_lighting.c,143,0.001958,0.003266
C:\Users\mrobe\Documents\git_repos\oldschool-clientc\src\render\torirs_frame.c,18,0.001958,0.003266
C:\Users\mrobe\Documents\git_repos\oldschool-clientc\src\ui\uitree_hook.c,277,0.001958,0.003266
C:\Users\mrobe\Documents\git_repos\oldschool-clientc\src\ui\uitree_emit.c,1808,0.001958,0.003266
C:\Users\mrobe\Documents\git_repos\oldschool-clientc\src\engine\uitree_from_component.c,131,0.001958,0.003266
C:\Users\mrobe\Documents\git_repos\oldschool-clientc\src\ui\uitree.c,3944,0.001958,0.003266
C:\Users\mrobe\Documents\git_repos\oldschool-clientc\src\ui\uitree_layout.c,437,0.001958,0.003266
C:\Users\mrobe\Documents\git_repos\oldschool-clientc\src\cs2vm2\cs2vm2.c,6865,0.001957,0.003265
C:\Users\mrobe\Documents\git_repos\oldschool-clientc\src\cs2vm2\cs2vm2.c,6492,0.001957,0.003265
C:\Users\mrobe\Documents\git_repos\oldschool-clientc\src\revconfig\revconfig.c,28,0.001957,0.003265
C:\Users\mrobe\Documents\git_repos\oldschool-clientc\src\cs2vm2\cs2vm2_strpool.c,37,0.001957,0.003265
C:\Users\mrobe\Documents\git_repos\oldschool-clientc\3rd\toridraw\graphics\raster\gouraudhsllightness\gouraudhsllightness.screen.alpha.bary.branching.s4.c,129,0.001957,0.003265
C:\Users\mrobe\Documents\git_repos\oldschool-clientc\3rd\toridraw\graphics\raster\gouraudhsllightness\gouraudhsllightness.screen.alpha.bary.branching.s4.c,419,0.001957,0.003265
C:\Users\mrobe\Documents\git_repos\oldschool-clientc\3rd\toridraw\toridraw_render.u.c,1647,0.001957,0.003265
C:\Users\mrobe\Documents\git_repos\oldschool-clientc\3rd\toridraw\toridraw_map.c,275,0.001957,0.003265
C:\Users\mrobe\Documents\git_repos\oldschool-clientc\3rd\toridraw\toridraw_model_transform.c,831,0.001957,0.003265
C:\Users\mrobe\Documents\git_repos\oldschool-clientc\3rd\toridraw\toridraw_model_transform.c,851,0.001957,0.003265
C:\Users\mrobe\Documents\git_repos\oldschool-clientc\src\ui\uitree_emit.c,2183,0.001957,0.003265
C:\Users\mrobe\Documents\git_repos\oldschool-clientc\src\ui\uitree_layout.c,232,0.001957,0.003265
C:\Users\mrobe\Documents\git_repos\oldschool-clientc\src\ui\uitree_input.c,738,0.001957,0.003265
C:\Users\mrobe\Documents\git_repos\oldschool-clientc\src\engine\world_builder\world_sharelight.u.c,447,0.001957,0.003265
C:\Users\mrobe\Documents\git_repos\oldschool-clientc\src\engine\world_builder\world_contour_ground.u.c,30,0.001957,0.003265
C:\Users\mrobe\Documents\git_repos\oldschool-clientc\src\app.c,4206,0.001956,0.003263
C:\Users\mrobe\Documents\git_repos\oldschool-clientc\src\engine\world_builder\blendmap.c,213,0.001956,0.003263
C:\Users\mrobe\Documents\git_repos\oldschool-clientc\src\cs2vm2\cs2vm2.c,3799,0.001956,0.003263
C:\Users\mrobe\Documents\git_repos\oldschool-clientc\src\cs2vm2\cs2vm2.c,5337,0.001956,0.003263
C:\Users\mrobe\Documents\git_repos\oldschool-clientc\src\engine\world_builder\heightmap.c,169,0.001956,0.003263
C:\Users\mrobe\Documents\git_repos\oldschool-clientc\3rd\hmap\hmap.h,425,0.001956,0.003263
C:\Users\mrobe\Documents\git_repos\oldschool-clientc\src\painters\painters_bucket.u.c,100,0.001956,0.003263
C:\Users\mrobe\Documents\git_repos\oldschool-clientc\src\platform\platform_sdl2_renderer_soft3d.c,758,0.001956,0.003263
C:\Users\mrobe\Documents\git_repos\oldschool-clientc\src\game\rs_cs2_host.c,5448,0.001956,0.003263
C:\Users\mrobe\Documents\git_repos\oldschool-clientc\3rd\rscache\src\reference_table.c,59,0.001956,0.003263
C:\Users\mrobe\Documents\git_repos\oldschool-clientc\3rd\rscache\src\datatypes\sound_render.c,105,0.001956,0.003263
C:\Users\mrobe\Documents\git_repos\oldschool-clientc\3rd\toridraw\toridraw_font.c,798,0.001956,0.003263
C:\Users\mrobe\Documents\git_repos\oldschool-clientc\3rd\toridraw\graphics\raster\gouraudhsllightness\gouraudhsllightness.screen.opaque.bary.branching.s4.c,56,0.001956,0.003263
C:\Users\mrobe\Documents\git_repos\oldschool-clientc\3rd\toridraw\graphics\raster\gouraudhsllightness\gouraudhsllightness.screen.opaque.bary.branching.s4.c,603,0.001956,0.003263
C:\Users\mrobe\Documents\git_repos\oldschool-clientc\3rd\toridraw\toridraw_model.c,86,0.001956,0.003263
C:\Users\mrobe\Documents\git_repos\oldschool-clientc\3rd\toridraw\toridraw_scene.c,1913,0.001956,0.003263
C:\Users\mrobe\Documents\git_repos\oldschool-clientc\3rd\toridraw\toridraw_model_transform.c,589,0.001956,0.003263
C:\Users\mrobe\Documents\git_repos\oldschool-clientc\src\ui\uitree_layout.c,29,0.001956,0.003263
C:\Users\mrobe\Documents\git_repos\oldschool-clientc\src\ui\uitree_layout.c,139,0.001956,0.003263
C:\Users\mrobe\Documents\git_repos\oldschool-clientc\src\engine\uitree_scene_bridge.c,252,0.001956,0.003263
C:\Users\mrobe\Documents\git_repos\oldschool-clientc\src\engine\world_builder\minimap.c,492,0.001956,0.003263
C:\Users\mrobe\Documents\git_repos\oldschool-clientc\src\engine\world_builder\world_sharelight.u.c,249,0.001956,0.003263
C:\Users\mrobe\Documents\git_repos\oldschool-clientc\src\engine\world_builder\world_sharelight.u.c,263,0.001956,0.003263
C:\Users\mrobe\Documents\git_repos\oldschool-clientc\src\engine\world_builder\world_sharelight.u.c,283,0.001956,0.003263
R:\winlibs_staging_msvcrt32\gcc-15.2.0\build_mingw\i686-w64-mingw32\libgcc\..\..\..\libgcc\config\i386\cygwin.S,154,0.001956,0.003263
R:\winlibs_staging_msvcrt32\gcc-15.2.0\build_mingw\i686-w64-mingw32\libgcc\..\..\..\libgcc\libgcc2.c,1230,0.001956,0.003263
C:\Users\mrobe\Documents\git_repos\oldschool-clientc\src\plugin\torirs_plugin_bridge.u.c,743,0.001955,0.003261
C:\Users\mrobe\Documents\git_repos\oldschool-clientc\src\app.c,5430,0.001955,0.003261
C:\Users\mrobe\Documents\git_repos\oldschool-clientc\src\engine\world_builder\blendmap.c,229,0.001955,0.003261
C:\Users\mrobe\Documents\git_repos\oldschool-clientc\3rd\bzip\bzip.c,52,0.001955,0.003261
C:\Users\mrobe\Documents\git_repos\oldschool-clientc\src\cs2vm2\cs2vm2.c,6669,0.001955,0.003261
C:\Users\mrobe\Documents\git_repos\oldschool-clientc\src\cs2vm2\cs2vm2.c,6676,0.001955,0.003261
C:\Users\mrobe\Documents\git_repos\oldschool-clientc\src\cs2vm2\cs2vm2.c,884,0.001955,0.003261
C:\Users\mrobe\Documents\git_repos\oldschool-clientc\3rd\hmap\hmap.h,254,0.001955,0.003261
C:\Users\mrobe\Documents\git_repos\oldschool-clientc\src\painters\painters_bucket.u.c,887,0.001955,0.003261
C:\Users\mrobe\Documents\git_repos\oldschool-clientc\src\painters\painters.h,168,0.001955,0.003261
C:\Users\mrobe\Documents\git_repos\oldschool-clientc\src\game\rs_cs2_host.c,814,0.001955,0.003261
C:\Users\mrobe\Documents\git_repos\oldschool-clientc\src\game\rs_cs2_host.c,4880,0.001955,0.003261
C:\Users\mrobe\Documents\git_repos\oldschool-clientc\src\game\rs_cs2_host.c,5199,0.001955,0.003261
C:\Users\mrobe\Documents\git_repos\oldschool-clientc\src\game\rs_cs2_host.c,5452,0.001955,0.003261
C:\Users\mrobe\Documents\git_repos\oldschool-clientc\3rd\rscache\src\datatypes\sound_render.c,627,0.001955,0.003261
C:\Users\mrobe\Documents\git_repos\oldschool-clientc\3rd\rscache\src\datatypes\sound_render.c,416,0.001955,0.003261
C:\Users\mrobe\Documents\git_repos\oldschool-clientc\3rd\rscache\src\datatypes\sound_vorbis.c,1260,0.001955,0.003261
C:\Users\mrobe\Documents\git_repos\oldschool-clientc\3rd\rscache\src\datatypes\sound_vorbis.c,1553,0.001955,0.003261
C:\Users\mrobe\Documents\git_repos\oldschool-clientc\3rd\rscache\src\datatypes\sound_vorbis.c,1617,0.001955,0.003261
C:\Users\mrobe\Documents\git_repos\oldschool-clientc\3rd\rscache\src\datatypes\sound_vorbis.c,1625,0.001955,0.003261
C:\Users\mrobe\Documents\git_repos\oldschool-clientc\3rd\toridraw\toridraw_font.c,1430,0.001955,0.003261
C:\Users\mrobe\Documents\git_repos\oldschool-clientc\3rd\toridraw\graphics\raster\gouraudhsllightness\gouraudhsllightness.screen.opaque.bary.branching.s4.c,158,0.001955,0.003261
C:\Users\mrobe\Documents\git_repos\oldschool-clientc\3rd\toridraw\graphics\raster\gouraudhsllightness\gouraudhsllightness.screen.opaque.bary.branching.s4.c,178,0.001955,0.003261
C:\Users\mrobe\Documents\git_repos\oldschool-clientc\3rd\toridraw\graphics\raster\gouraudhsllightness\gouraudhsllightness.screen.opaque.bary.branching.s4.c,210,0.001955,0.003261
C:\Users\mrobe\Documents\git_repos\oldschool-clientc\3rd\toridraw\graphics\raster\gouraudhsllightness\gouraudhsllightness.screen.alpha.bary.branching.s4.c,273,0.001955,0.003261
C:\Users\mrobe\Documents\git_repos\oldschool-clientc\3rd\toridraw\graphics\raster\gouraudhsllightness\gouraudhsllightness.screen.alpha.bary.branching.s4.c,34,0.001955,0.003261
C:\Users\mrobe\Documents\git_repos\oldschool-clientc\3rd\toridraw\graphics\raster\gouraudhsllightness\gouraudhsllightness.screen.opaque.bary.branching.s4.c,507,0.001955,0.003261
C:\Users\mrobe\Documents\git_repos\oldschool-clientc\3rd\toridraw\toridraw_render.u.c,1608,0.001955,0.003261
C:\Users\mrobe\Documents\git_repos\oldschool-clientc\3rd\toridraw\toridraw_render.u.c,207,0.001955,0.003261
C:\Users\mrobe\Documents\git_repos\oldschool-clientc\3rd\toridraw\triangles\toridraw_triangle_gouraud.u.c,808,0.001955,0.003261
C:\Users\mrobe\Documents\git_repos\oldschool-clientc\3rd\toridraw\toridraw_lighting.c,451,0.001955,0.003261
C:\Users\mrobe\Documents\git_repos\oldschool-clientc\3rd\toridraw\toridraw_lighting.c,77,0.001955,0.003261
C:\Users\mrobe\Documents\git_repos\oldschool-clientc\src\ui\uitree_build.c,51,0.001955,0.003261
C:\Users\mrobe\Documents\git_repos\oldschool-clientc\src\ui\uitree_build.c,54,0.001955,0.003261
C:\Users\mrobe\Documents\git_repos\oldschool-clientc\src\engine\uitree_from_component.c,130,0.001955,0.003261
C:\Users\mrobe\Documents\git_repos\oldschool-clientc\src\engine\uitree_from_component.c,138,0.001955,0.003261
C:\Users\mrobe\Documents\git_repos\oldschool-clientc\src\engine\uitree_from_component.c,215,0.001955,0.003261
C:\Users\mrobe\Documents\git_repos\oldschool-clientc\src\engine\uitree_from_component.c,219,0.001955,0.003261
C:\Users\mrobe\Documents\git_repos\oldschool-clientc\src\ui\uitree_hook.c,109,0.001955,0.003261
C:\Users\mrobe\Documents\git_repos\oldschool-clientc\src\ui\uitree_layout.c,507,0.001955,0.003261
C:\Users\mrobe\Documents\git_repos\oldschool-clientc\src\engine\world_builder\world_sharelight.u.c,76,0.001955,0.003261
C:\Users\mrobe\Documents\git_repos\oldschool-clientc\src\engine\world_builder\world_sharelight.u.c,272,0.001955,0.003261
C:\Users\mrobe\Documents\git_repos\oldschool-clientc\src\engine\world_builder\world_builder.c,838,0.001955,0.003261
R:\winlibs_staging_msvcrt32\gcc-15.2.0\build_mingw\i686-w64-mingw32\libgcc\..\..\..\libgcc\libgcc2.c,1219,0.001955,0.003261
C:\Users\mrobe\Documents\git_repos\oldschool-clientc\src\game\rs_client_trigger.c,33,0.001954,0.003260
C:\Users\mrobe\Documents\git_repos\oldschool-clientc\src\app.c,7913,0.001954,0.003260
C:\Users\mrobe\Documents\git_repos\oldschool-clientc\src\engine\world_builder\blendmap.c,22,0.001954,0.003260
C:\Users\mrobe\Documents\git_repos\oldschool-clientc\3rd\bzip\bzip.c,175,0.001954,0.003260
C:\Users\mrobe\Documents\git_repos\oldschool-clientc\3rd\bzip\bzip.c,217,0.001954,0.003260
C:\Users\mrobe\Documents\git_repos\oldschool-clientc\3rd\bzip\bzip.c,431,0.001954,0.003260
C:\Users\mrobe\Documents\git_repos\oldschool-clientc\3rd\bzip\bzip.c,476,0.001954,0.003260
C:\Users\mrobe\Documents\git_repos\oldschool-clientc\3rd\bzip\bzip.c,390,0.001954,0.003260
C:\Users\mrobe\Documents\git_repos\oldschool-clientc\src\engine\cache_provider.c,1732,0.001954,0.003260
C:\Users\mrobe\Documents\git_repos\oldschool-clientc\src\cs2vm2\cs2vm2.c,4135,0.001954,0.003260
C:\Users\mrobe\Documents\git_repos\oldschool-clientc\src\cs2vm2\cs2vm2.c,49,0.001954,0.003260
C:\Users\mrobe\Documents\git_repos\oldschool-clientc\src\cs2vm2\cs2vm2_strpool.c,149,0.001954,0.003260
C:\Users\mrobe\Documents\git_repos\oldschool-clientc\src\cs2vm2\cs2vm2.c,578,0.001954,0.003260
C:\Users\mrobe\Documents\git_repos\oldschool-clientc\src\cs2vm2\cs2vm2.c,9407,0.001954,0.003260
C:\Users\mrobe\Documents\git_repos\oldschool-clientc\src\cs2vm2\cs2vm2.c,2174,0.001954,0.003260
C:\Users\mrobe\Documents\git_repos\oldschool-clientc\src\<artificial>,2577,0.001954,0.003260
C:\Users\mrobe\Documents\git_repos\oldschool-clientc\src\<artificial>,2830,0.001954,0.003260
C:\Users\mrobe\Documents\git_repos\oldschool-clientc\src\painters\painters_bucket.u.c,96,0.001954,0.003260
C:\Users\mrobe\Documents\git_repos\oldschool-clientc\src\painters\painters_bucket.u.c,75,0.001954,0.003260
C:\Users\mrobe\Documents\git_repos\oldschool-clientc\src\painters\painters_bucket.u.c,888,0.001954,0.003260
C:\Users\mrobe\Documents\git_repos\oldschool-clientc\src\painters\painters_bucket.u.c,474,0.001954,0.003260
C:\Users\mrobe\Documents\git_repos\oldschool-clientc\src\painters\painters_bucket.u.c,1089,0.001954,0.003260
C:\Users\mrobe\Documents\git_repos\oldschool-clientc\src\painters\painters_bucket.u.c,1172,0.001954,0.003260
C:\Users\mrobe\Documents\git_repos\oldschool-clientc\src\painters\painters_bucket.u.c,1256,0.001954,0.003260
C:\Users\mrobe\Documents\git_repos\oldschool-clientc\src\painters\painters_bucket.u.c,1439,0.001954,0.003260
C:\Users\mrobe\Documents\git_repos\oldschool-clientc\src\render\torirs_polygon.c,59,0.001954,0.003260
C:\Users\mrobe\Documents\git_repos\oldschool-clientc\src\platform\platform_sdl2_renderer_soft3d.c,756,0.001954,0.003260
C:\Users\mrobe\Documents\git_repos\oldschool-clientc\src\platform\platform_sdl2_renderer_soft3d.c,760,0.001954,0.003260
C:\Users\mrobe\Documents\git_repos\oldschool-clientc\src\game\rs_cs2_host.c,6089,0.001954,0.003260
C:\Users\mrobe\Documents\git_repos\oldschool-clientc\src\game\rs_cs2_host.c,6349,0.001954,0.003260
C:\Users\mrobe\Documents\git_repos\oldschool-clientc\src\game\rs_cs2_host.c,95,0.001954,0.003260
C:\Users\mrobe\Documents\git_repos\oldschool-clientc\src\varp\varp_manager.c,439,0.001954,0.003260
C:\Users\mrobe\Documents\git_repos\oldschool-clientc\src\game\rs_cs2_host.c,5435,0.001954,0.003260
C:\Users\mrobe\Documents\git_repos\oldschool-clientc\3rd\rscache\src\dat2disk.c,147,0.001954,0.003260
C:\Users\mrobe\Documents\git_repos\oldschool-clientc\3rd\rscache\src\rsbuffer.c,238,0.001954,0.003260
C:\Users\mrobe\Documents\git_repos\oldschool-clientc\3rd\rscache\src\reference_table.c,60,0.001954,0.003260
C:\Users\mrobe\Documents\git_repos\oldschool-clientc\3rd\rscache\src\datatypes\cs2_opcode_decode.c,7267,0.001954,0.003260
C:\Users\mrobe\Documents\git_repos\oldschool-clientc\3rd\rscache\src\datatypes\sound_render.c,419,0.001954,0.003260
C:\Users\mrobe\Documents\git_repos\oldschool-clientc\3rd\rscache\src\datatypes\sound_render.c,110,0.001954,0.003260
C:\Users\mrobe\Documents\git_repos\oldschool-clientc\3rd\rscache\src\datatypes\sound_render.c,95,0.001954,0.003260
C:\Users\mrobe\Documents\git_repos\oldschool-clientc\3rd\rscache\src\datatypes\sound_render.c,492,0.001954,0.003260
C:\Users\mrobe\Documents\git_repos\oldschool-clientc\3rd\rscache\src\datatypes\sound_render.c,494,0.001954,0.003260
C:\Users\mrobe\Documents\git_repos\oldschool-clientc\3rd\rscache\src\datatypes\sound_vorbis.c,119,0.001954,0.003260
C:\Users\mrobe\Documents\git_repos\oldschool-clientc\3rd\rscache\src\datatypes\sound_vorbis.c,1285,0.001954,0.003260
C:\Users\mrobe\Documents\git_repos\oldschool-clientc\3rd\rscache\src\datatypes\sound_vorbis.c,707,0.001954,0.003260
C:\Users\mrobe\Documents\git_repos\oldschool-clientc\3rd\rscache\src\datatypes\sound_vorbis.c,835,0.001954,0.003260
C:\Users\mrobe\Documents\git_repos\oldschool-clientc\3rd\rscache\src\datatypes\sound_vorbis.c,840,0.001954,0.003260
C:\Users\mrobe\Documents\git_repos\oldschool-clientc\3rd\rscache\src\datatypes\sound_vorbis.c,739,0.001954,0.003260
C:\Users\mrobe\Documents\git_repos\oldschool-clientc\3rd\rscache\src\datatypes\sound_vorbis.c,1558,0.001954,0.003260
C:\Users\mrobe\Documents\git_repos\oldschool-clientc\3rd\rscache\src\datatypes\sound_vorbis.c,1597,0.001954,0.003260
C:\Users\mrobe\Documents\git_repos\oldschool-clientc\3rd\rscache\src\datatypes\sound_vorbis.c,1615,0.001954,0.003260
C:\Users\mrobe\Documents\git_repos\oldschool-clientc\3rd\rscache\src\datatypes\sound_vorbis.c,1641,0.001954,0.003260
C:\Users\mrobe\Documents\git_repos\oldschool-clientc\3rd\rscache\src\datatypes\sound_vorbis.c,1579,0.001954,0.003260
C:\Users\mrobe\Documents\git_repos\oldschool-clientc\3rd\rscache\src\datatypes\sound_vorbis.c,1542,0.001954,0.003260
C:\Users\mrobe\Documents\git_repos\oldschool-clientc\3rd\rscache\src\datatypes\dat2_config_var.c,40,0.001954,0.003260
C:\Users\mrobe\Documents\git_repos\oldschool-clientc\src\engine\dat2\dat2_buildcache.c,1045,0.001954,0.003260
C:\Users\mrobe\Documents\git_repos\oldschool-clientc\3rd\toridraw\graphics\raster\gouraudhsllightness\gouraudhsllightness.screen.opaque.bary.branching.s4.c,227,0.001954,0.003260
C:\Users\mrobe\Documents\git_repos\oldschool-clientc\3rd\toridraw\graphics\int_wrap.h,55,0.001954,0.003260
C:\Users\mrobe\Documents\git_repos\oldschool-clientc\3rd\toridraw\graphics\raster\gouraudhsllightness\gouraudhsllightness.screen.opaque.bary.branching.s4.c,79,0.001954,0.003260
C:\Users\mrobe\Documents\git_repos\oldschool-clientc\3rd\toridraw\graphics\raster\gouraudhsllightness\gouraudhsllightness.screen.opaque.bary.branching.s4.c,416,0.001954,0.003260
C:\Users\mrobe\Documents\git_repos\oldschool-clientc\3rd\toridraw\graphics\raster\gouraudhsllightness\gouraudhsllightness.screen.alpha.bary.branching.s4.c,192,0.001954,0.003260
C:\Users\mrobe\Documents\git_repos\oldschool-clientc\3rd\toridraw\graphics\raster\gouraudhsllightness\gouraudhsllightness.screen.alpha.bary.branching.s4.c,224,0.001954,0.003260
C:\Users\mrobe\Documents\git_repos\oldschool-clientc\3rd\toridraw\graphics\raster\gouraudhsllightness\gouraudhsllightness.screen.alpha.bary.branching.s4.c,131,0.001954,0.003260
C:\Users\mrobe\Documents\git_repos\oldschool-clientc\3rd\toridraw\graphics\raster\gouraudhsllightness\gouraudhsllightness.screen.alpha.bary.branching.s4.c,380,0.001954,0.003260
C:\Users\mrobe\Documents\git_repos\oldschool-clientc\3rd\toridraw\graphics\raster\gouraudhsllightness\gouraudhsllightness.screen.alpha.bary.branching.s4.c,155,0.001954,0.003260
C:\Users\mrobe\Documents\git_repos\oldschool-clientc\3rd\toridraw\triangles\toridraw_triangle_gouraud.u.c,78,0.001954,0.003260
C:\Users\mrobe\Documents\git_repos\oldschool-clientc\3rd\toridraw\graphics\raster\gouraudhsllightness\gouraudhsllightness.screen.opaque.bary.branching.s4.c,528,0.001954,0.003260
C:\Users\mrobe\Documents\git_repos\oldschool-clientc\3rd\toridraw\graphics\raster\gouraudhsllightness\gouraudhsllightness.screen.alpha.bary.branching.s4.c,578,0.001954,0.003260
C:\Users\mrobe\Documents\git_repos\oldschool-clientc\3rd\toridraw\graphics\raster\gouraudhsllightness\gouraudhsllightness.screen.alpha.bary.branching.s4.c,604,0.001954,0.003260
C:\Users\mrobe\Documents\git_repos\oldschool-clientc\3rd\toridraw\graphics\raster\gouraudhsllightness\gouraudhsllightness.screen.alpha.bary.branching.s4.c,556,0.001954,0.003260
C:\Users\mrobe\Documents\git_repos\oldschool-clientc\3rd\toridraw\graphics\raster\gouraudhsllightness\gouraudhsllightness.screen.opaque.bary.branching.s4.c,555,0.001954,0.003260
C:\Users\mrobe\Documents\git_repos\oldschool-clientc\3rd\toridraw\toridraw_render.u.c,884,0.001954,0.003260
C:\Users\mrobe\Documents\git_repos\oldschool-clientc\3rd\toridraw\toridraw_render.u.c,1309,0.001954,0.003260
C:\Users\mrobe\Documents\git_repos\oldschool-clientc\toolchain\mingw32\lib\gcc\i686-w64-mingw32\15.2.0\include\xmmintrin.h,242,0.001954,0.003260
C:\Users\mrobe\Documents\git_repos\oldschool-clientc\3rd\toridraw\toridraw_render.u.c,413,0.001954,0.003260
C:\Users\mrobe\Documents\git_repos\oldschool-clientc\3rd\toridraw\toridraw_lighting.c,152,0.001954,0.003260
C:\Users\mrobe\Documents\git_repos\oldschool-clientc\3rd\toridraw\toridraw_lighting.c,290,0.001954,0.003260
C:\Users\mrobe\Documents\git_repos\oldschool-clientc\3rd\toridraw\toridraw_lighting.c,363,0.001954,0.003260
C:\Users\mrobe\Documents\git_repos\oldschool-clientc\3rd\toridraw\toridraw_scene.c,1341,0.001954,0.003260
C:\Users\mrobe\Documents\git_repos\oldschool-clientc\3rd\toridraw\toridraw_model_transform.c,723,0.001954,0.003260
C:\Users\mrobe\Documents\git_repos\oldschool-clientc\3rd\toridraw\toridraw_2d.c,491,0.001954,0.003260
C:\Users\mrobe\Documents\git_repos\oldschool-clientc\src\render\torirs_frame.c,1720,0.001954,0.003260
C:\Users\mrobe\Documents\git_repos\oldschool-clientc\src\ui\uitree_layout.c,84,0.001954,0.003260
C:\Users\mrobe\Documents\git_repos\oldschool-clientc\src\ui\uitree_input.c,305,0.001954,0.003260
C:\Users\mrobe\Documents\git_repos\oldschool-clientc\src\engine\world_builder\world_terrain.u.c,403,0.001954,0.003260
C:\Users\mrobe\Documents\git_repos\oldschool-clientc\src\engine\world_builder\world_sharelight.u.c,258,0.001954,0.003260
C:\Users\mrobe\Documents\git_repos\oldschool-clientc\src\engine\world_builder\contour_ground.c,349,0.001954,0.003260
C:\Users\mrobe\Documents\git_repos\oldschool-clientc\src\engine\world_builder\contour_ground.c,341,0.001954,0.003260
R:\winlibs_staging_msvcrt32\gcc-15.2.0\build_mingw\i686-w64-mingw32\libgcc\..\..\..\libgcc\libgcc2.c,1220,0.001954,0.003260
C:\Users\mrobe\Documents\git_repos\oldschool-clientc\src\plugin\torirs_plugin_bridge.u.c,465,0.001953,0.003258
C:\Users\mrobe\Documents\git_repos\oldschool-clientc\src\engine\cache_provider.h,989,0.001953,0.003258
C:\Users\mrobe\Documents\git_repos\oldschool-clientc\src\app.c,23907,0.001953,0.003258
C:\Users\mrobe\Documents\git_repos\oldschool-clientc\3rd\bzip\bzip.c,370,0.001953,0.003258
C:\Users\mrobe\Documents\git_repos\oldschool-clientc\src\cs2vm2\cs2vm2.c,6786,0.001953,0.003258
C:\Users\mrobe\Documents\git_repos\oldschool-clientc\src\cs2vm2\cs2vm2.c,9108,0.001953,0.003258
C:\Users\mrobe\Documents\git_repos\oldschool-clientc\src\cs2vm2\cs2vm2.c,549,0.001953,0.003258
C:\Users\mrobe\Documents\git_repos\oldschool-clientc\src\cs2vm2\cs2vm2.c,8694,0.001953,0.003258
C:\Users\mrobe\Documents\git_repos\oldschool-clientc\src\cs2vm2\cs2vm2.c,1697,0.001953,0.003258
C:\Users\mrobe\Documents\git_repos\oldschool-clientc\src\painters\painters_bucket.u.c,93,0.001953,0.003258
C:\Users\mrobe\Documents\git_repos\oldschool-clientc\src\painters\painters_bucket.u.c,909,0.001953,0.003258
C:\Users\mrobe\Documents\git_repos\oldschool-clientc\src\painters\painters_bucket.u.c,1131,0.001953,0.003258
C:\Users\mrobe\Documents\git_repos\oldschool-clientc\src\painters\painters_i.h,195,0.001953,0.003258
C:\Users\mrobe\Documents\git_repos\oldschool-clientc\src\painters\painters_bucket.u.c,1224,0.001953,0.003258
C:\Users\mrobe\Documents\git_repos\oldschool-clientc\src\painters\painters_bucket.u.c,1274,0.001953,0.003258
C:\Users\mrobe\Documents\git_repos\oldschool-clientc\src\painters\painters_bucket.u.c,344,0.001953,0.003258
C:\Users\mrobe\Documents\git_repos\oldschool-clientc\src\game\rs_audio.c,414,0.001953,0.003258
C:\Users\mrobe\Documents\git_repos\oldschool-clientc\src\game\rs_audio.c,814,0.001953,0.003258
C:\Users\mrobe\Documents\git_repos\oldschool-clientc\src\game\rs_cs2_host.c,222,0.001953,0.003258
C:\Users\mrobe\Documents\git_repos\oldschool-clientc\src\game\rs_cs2_host.c,7903,0.001953,0.003258
C:\Users\mrobe\Documents\git_repos\oldschool-clientc\3rd\rscache\src\reference_table.c,105,0.001953,0.003258
C:\Users\mrobe\Documents\git_repos\oldschool-clientc\3rd\rscache\src\datatypes\sound_render.c,136,0.001953,0.003258
C:\Users\mrobe\Documents\git_repos\oldschool-clientc\3rd\rscache\src\datatypes\sound_render.c,429,0.001953,0.003258
C:\Users\mrobe\Documents\git_repos\oldschool-clientc\3rd\rscache\src\datatypes\sound_vorbis.c,1353,0.001953,0.003258
C:\Users\mrobe\Documents\git_repos\oldschool-clientc\3rd\rscache\src\datatypes\sound_vorbis.c,1395,0.001953,0.003258
C:\Users\mrobe\Documents\git_repos\oldschool-clientc\3rd\rscache\src\datatypes\sound_vorbis.c,1351,0.001953,0.003258
C:\Users\mrobe\Documents\git_repos\oldschool-clientc\3rd\rscache\src\datatypes\sound_vorbis.c,684,0.001953,0.003258
C:\Users\mrobe\Documents\git_repos\oldschool-clientc\3rd\rscache\src\datatypes\sound_vorbis.c,833,0.001953,0.003258
C:\Users\mrobe\Documents\git_repos\oldschool-clientc\3rd\rscache\src\datatypes\sound_vorbis.c,769,0.001953,0.003258
C:\Users\mrobe\Documents\git_repos\oldschool-clientc\3rd\rscache\src\datatypes\sound_vorbis.c,747,0.001953,0.003258
C:\Users\mrobe\Documents\git_repos\oldschool-clientc\3rd\rscache\src\datatypes\sound_vorbis.c,1536,0.001953,0.003258
C:\Users\mrobe\Documents\git_repos\oldschool-clientc\3rd\rscache\src\datatypes\sound_vorbis.c,1550,0.001953,0.003258
C:\Users\mrobe\Documents\git_repos\oldschool-clientc\3rd\rscache\src\datatypes\sound_vorbis.c,1575,0.001953,0.003258
C:\Users\mrobe\Documents\git_repos\oldschool-clientc\3rd\rscache\src\datatypes\sound_vorbis.c,1837,0.001953,0.003258
C:\Users\mrobe\Documents\git_repos\oldschool-clientc\3rd\rscache\src\datatypes\dat2_config_obj.c,1436,0.001953,0.003258
C:\Users\mrobe\Documents\git_repos\oldschool-clientc\3rd\toridraw\graphics\raster\gouraudhsllightness\gouraudhsllightness.screen.opaque.bary.branching.s4.c,269,0.001953,0.003258
C:\Users\mrobe\Documents\git_repos\oldschool-clientc\3rd\toridraw\graphics\raster\gouraudhsllightness\gouraudhsllightness.screen.opaque.bary.branching.s4.c,301,0.001953,0.003258
C:\Users\mrobe\Documents\git_repos\oldschool-clientc\3rd\toridraw\graphics\raster\gouraudhsllightness\gouraudhsllightness.screen.opaque.bary.branching.s4.c,324,0.001953,0.003258
C:\Users\mrobe\Documents\git_repos\oldschool-clientc\3rd\toridraw\graphics\raster\gouraudhsllightness\gouraudhsllightness.screen.opaque.bary.branching.s4.c,134,0.001953,0.003258
C:\Users\mrobe\Documents\git_repos\oldschool-clientc\3rd\toridraw\graphics\raster\gouraudhsllightness\gouraudhsllightness.screen.opaque.bary.branching.s4.c,329,0.001953,0.003258
C:\Users\mrobe\Documents\git_repos\oldschool-clientc\3rd\toridraw\graphics\raster\gouraudhsllightness\gouraudhsllightness.screen.alpha.bary.branching.s4.c,230,0.001953,0.003258
C:\Users\mrobe\Documents\git_repos\oldschool-clientc\3rd\toridraw\graphics\raster\gouraudhsllightness\gouraudhsllightness.screen.alpha.bary.branching.s4.c,362,0.001953,0.003258
C:\Users\mrobe\Documents\git_repos\oldschool-clientc\3rd\toridraw\graphics\raster\gouraudhsllightness\gouraudhsllightness.screen.alpha.bary.branching.s4.c,532,0.001953,0.003258
C:\Users\mrobe\Documents\git_repos\oldschool-clientc\3rd\toridraw\graphics\raster\gouraudhsllightness\gouraudhsllightness.screen.opaque.bary.branching.s4.c,486,0.001953,0.003258
C:\Users\mrobe\Documents\git_repos\oldschool-clientc\3rd\toridraw\toridraw_render.u.c,1639,0.001953,0.003258
C:\Users\mrobe\Documents\git_repos\oldschool-clientc\3rd\toridraw\toridraw_render.u.c,819,0.001953,0.003258
C:\Users\mrobe\Documents\git_repos\oldschool-clientc\3rd\toridraw\toridraw_raster.u.c,1375,0.001953,0.003258
C:\Users\mrobe\Documents\git_repos\oldschool-clientc\3rd\toridraw\toridraw_raster.u.c,558,0.001953,0.003258
C:\Users\mrobe\Documents\git_repos\oldschool-clientc\3rd\toridraw\toridraw_lighting.c,185,0.001953,0.003258
C:\Users\mrobe\Documents\git_repos\oldschool-clientc\3rd\toridraw\toridraw_lighting.c,299,0.001953,0.003258
C:\Users\mrobe\Documents\git_repos\oldschool-clientc\3rd\toridraw\toridraw_model_transform.c,846,0.001953,0.003258
C:\Users\mrobe\Documents\git_repos\oldschool-clientc\src\audio\torirs_soundbank.c,232,0.001953,0.003258
C:\Users\mrobe\Documents\git_repos\oldschool-clientc\src\ui\uitree.c,114,0.001953,0.003258
C:\Users\mrobe\Documents\git_repos\oldschool-clientc\src\ui\uitree.c,244,0.001953,0.003258
C:\Users\mrobe\Documents\git_repos\oldschool-clientc\src\engine\uitree_from_component.c,132,0.001953,0.003258
C:\Users\mrobe\Documents\git_repos\oldschool-clientc\src\engine\uitree_from_component.c,222,0.001953,0.003258
C:\Users\mrobe\Documents\git_repos\oldschool-clientc\src\ui\uitree_emit.c,1981,0.001953,0.003258
C:\Users\mrobe\Documents\git_repos\oldschool-clientc\src\ui\uitree.c,3946,0.001953,0.003258
C:\Users\mrobe\Documents\git_repos\oldschool-clientc\src\ui\uitree_build.c,328,0.001953,0.003258
C:\Users\mrobe\Documents\git_repos\oldschool-clientc\src\ui\uitree_layout.c,85,0.001953,0.003258
C:\Users\mrobe\Documents\git_repos\oldschool-clientc\src\ui\uitree_input.c,258,0.001953,0.003258
C:\Users\mrobe\Documents\git_repos\oldschool-clientc\src\world\world.c,1319,0.001953,0.003258
C:\Users\mrobe\Documents\git_repos\oldschool-clientc\src\engine\world_builder\world_sharelight.u.c,261,0.001953,0.003258
C:\Users\mrobe\Documents\git_repos\oldschool-clientc\src\engine\world_builder\world_scenery.u.c,48,0.001953,0.003258
C:\Users\mrobe\Documents\git_repos\oldschool-clientc\3rd\toridraw\graphics\shared_tables.c,94,0.001952,0.003256
C:\Users\mrobe\Documents\git_repos\oldschool-clientc\3rd\bzip\bzip.c,47,0.001952,0.003256
C:\Users\mrobe\Documents\git_repos\oldschool-clientc\3rd\bzip\bzip.c,219,0.001952,0.003256
C:\Users\mrobe\Documents\git_repos\oldschool-clientc\src\cs2vm2\cs2vm2_strpool.c,119,0.001952,0.003256
C:\Users\mrobe\Documents\git_repos\oldschool-clientc\src\cs2vm2\cs2vm2.c,10360,0.001952,0.003256
C:\Users\mrobe\Documents\git_repos\oldschool-clientc\src\cs2vm2\cs2vm2.c,889,0.001952,0.003256
C:\Users\mrobe\Documents\git_repos\oldschool-clientc\src\cs2vm2\cs2vm2.c,6380,0.001952,0.003256
C:\Users\mrobe\Documents\git_repos\oldschool-clientc\src\cs2vm2\cs2vm2.c,506,0.001952,0.003256
C:\Users\mrobe\Documents\git_repos\oldschool-clientc\src\engine\world_builder\heightmap.c,195,0.001952,0.003256
C:\Users\mrobe\Documents\git_repos\oldschool-clientc\3rd\hmap\hmap.h,453,0.001952,0.003256
C:\Users\mrobe\Documents\git_repos\oldschool-clientc\3rd\rscache\src\reference_table.c,292,0.001952,0.003256
C:\Users\mrobe\Documents\git_repos\oldschool-clientc\src\net\loginproto_osrs239.c,268,0.001952,0.003256
C:\Users\mrobe\Documents\git_repos\oldschool-clientc\src\<artificial>,2719,0.001952,0.003256
C:\Users\mrobe\Documents\git_repos\oldschool-clientc\src\<artificial>,2744,0.001952,0.003256
C:\Users\mrobe\Documents\git_repos\oldschool-clientc\src\<artificial>,2777,0.001952,0.003256
C:\Users\mrobe\Documents\git_repos\oldschool-clientc\src\<artificial>,2783,0.001952,0.003256
C:\Users\mrobe\Documents\git_repos\oldschool-clientc\src\<artificial>,2831,0.001952,0.003256
C:\Users\mrobe\Documents\git_repos\oldschool-clientc\src\painters\painters_bucket.u.c,107,0.001952,0.003256
C:\Users\mrobe\Documents\git_repos\oldschool-clientc\src\painters\painters_bucket.u.c,727,0.001952,0.003256
C:\Users\mrobe\Documents\git_repos\oldschool-clientc\src\painters\painters_bucket.u.c,76,0.001952,0.003256
C:\Users\mrobe\Documents\git_repos\oldschool-clientc\src\painters\painters_i.h,176,0.001952,0.003256
C:\Users\mrobe\Documents\git_repos\oldschool-clientc\src\painters\painters_bucket.u.c,463,0.001952,0.003256
C:\Users\mrobe\Documents\git_repos\oldschool-clientc\src\painters\painters.c,75,0.001952,0.003256
C:\Users\mrobe\Documents\git_repos\oldschool-clientc\src\painters\painters_bucket.u.c,1425,0.001952,0.003256
C:\Users\mrobe\Documents\git_repos\oldschool-clientc\src\painters\painters_bucket.u.c,1394,0.001952,0.003256
C:\Users\mrobe\Documents\git_repos\oldschool-clientc\src\platform\platform_sdl2_renderer_soft3d.c,672,0.001952,0.003256
C:\Users\mrobe\Documents\git_repos\oldschool-clientc\src\platform\platform_sdl2_renderer_soft3d.c,1005,0.001952,0.003256
C:\Users\mrobe\Documents\git_repos\oldschool-clientc\src\game\rs_cs2_host.c,4878,0.001952,0.003256
C:\Users\mrobe\Documents\git_repos\oldschool-clientc\src\game\rs_cs2_host.c,5722,0.001952,0.003256
C:\Users\mrobe\Documents\git_repos\oldschool-clientc\src\engine\cache_provider.c,919,0.001952,0.003256
C:\Users\mrobe\Documents\git_repos\oldschool-clientc\src\game\rs_cs2_host.c,730,0.001952,0.003256
C:\Users\mrobe\Documents\git_repos\oldschool-clientc\src\varp\varp_manager.c,425,0.001952,0.003256
C:\Users\mrobe\Documents\git_repos\oldschool-clientc\3rd\bzip\bzip.c,521,0.001952,0.003256
C:\Users\mrobe\Documents\git_repos\oldschool-clientc\3rd\rscache\src\datatypes\sound_render.c,46,0.001952,0.003256
C:\Users\mrobe\Documents\git_repos\oldschool-clientc\3rd\rscache\src\datatypes\sound_render.c,425,0.001952,0.003256
C:\Users\mrobe\Documents\git_repos\oldschool-clientc\3rd\rscache\src\datatypes\sound_render.c,484,0.001952,0.003256
C:\Users\mrobe\Documents\git_repos\oldschool-clientc\3rd\rscache\src\datatypes\sound_render.c,289,0.001952,0.003256
C:\Users\mrobe\Documents\git_repos\oldschool-clientc\3rd\rscache\src\datatypes\sound_vorbis.c,1359,0.001952,0.003256
C:\Users\mrobe\Documents\git_repos\oldschool-clientc\3rd\rscache\src\datatypes\sound_vorbis.c,121,0.001952,0.003256
C:\Users\mrobe\Documents\git_repos\oldschool-clientc\3rd\rscache\src\datatypes\sound_vorbis.c,475,0.001952,0.003256
C:\Users\mrobe\Documents\git_repos\oldschool-clientc\3rd\rscache\src\datatypes\sound_vorbis.c,1333,0.001952,0.003256
C:\Users\mrobe\Documents\git_repos\oldschool-clientc\3rd\rscache\src\datatypes\sound_vorbis.c,1276,0.001952,0.003256
C:\Users\mrobe\Documents\git_repos\oldschool-clientc\3rd\rscache\src\datatypes\sound_vorbis.c,735,0.001952,0.003256
C:\Users\mrobe\Documents\git_repos\oldschool-clientc\3rd\rscache\src\datatypes\sound_vorbis.c,858,0.001952,0.003256
C:\Users\mrobe\Documents\git_repos\oldschool-clientc\3rd\rscache\src\datatypes\sound_vorbis.c,1621,0.001952,0.003256
C:\Users\mrobe\Documents\git_repos\oldschool-clientc\3rd\rscache\src\datatypes\sound_vorbis.c,1633,0.001952,0.003256
C:\Users\mrobe\Documents\git_repos\oldschool-clientc\3rd\rscache\src\datatypes\sound_vorbis.c,1636,0.001952,0.003256
C:\Users\mrobe\Documents\git_repos\oldschool-clientc\3rd\rscache\src\datatypes\sound_vorbis.c,1638,0.001952,0.003256
C:\Users\mrobe\Documents\git_repos\oldschool-clientc\3rd\rscache\src\datatypes\sound_vorbis.c,1541,0.001952,0.003256
C:\Users\mrobe\Documents\git_repos\oldschool-clientc\src\painters\scene_occluders.c,682,0.001952,0.003256
C:\Users\mrobe\Documents\git_repos\oldschool-clientc\src\engine\dat2\task_dat2_music_load.c,163,0.001952,0.003256
C:\Users\mrobe\Documents\git_repos\oldschool-clientc\src\engine\toridraw_model_from_torirs.c,164,0.001952,0.003256
C:\Users\mrobe\Documents\git_repos\oldschool-clientc\3rd\toridraw\graphics\raster\gouraudhsllightness\gouraudhsllightness.screen.opaque.bary.branching.s4.c,76,0.001952,0.003256
C:\Users\mrobe\Documents\git_repos\oldschool-clientc\3rd\toridraw\graphics\raster\gouraudhsllightness\gouraudhsllightness.screen.opaque.bary.branching.s4.c,415,0.001952,0.003256
C:\Users\mrobe\Documents\git_repos\oldschool-clientc\3rd\toridraw\graphics\raster\gouraudhsllightness\gouraudhsllightness.screen.opaque.bary.branching.s4.c,419,0.001952,0.003256
C:\Users\mrobe\Documents\git_repos\oldschool-clientc\3rd\toridraw\graphics\raster\gouraudhsllightness\gouraudhsllightness.screen.alpha.bary.branching.s4.c,359,0.001952,0.003256
C:\Users\mrobe\Documents\git_repos\oldschool-clientc\3rd\toridraw\graphics\raster\gouraudhsllightness\gouraudhsllightness.screen.alpha.bary.branching.s4.c,38,0.001952,0.003256
C:\Users\mrobe\Documents\git_repos\oldschool-clientc\3rd\toridraw\graphics\raster\flat\flat_screen_edges.h,19,0.001952,0.003256
C:\Users\mrobe\Documents\git_repos\oldschool-clientc\3rd\toridraw\graphics\raster\gouraudhsllightness\gouraudhsllightness.screen.alpha.bary.branching.s4.c,479,0.001952,0.003256
C:\Users\mrobe\Documents\git_repos\oldschool-clientc\3rd\toridraw\graphics\raster\gouraudhsllightness\gouraudhsllightness.screen.alpha.bary.branching.s4.c,487,0.001952,0.003256
C:\Users\mrobe\Documents\git_repos\oldschool-clientc\3rd\toridraw\graphics\raster\gouraudhsllightness\gouraudhsllightness.screen.alpha.bary.branching.s4.c,527,0.001952,0.003256
C:\Users\mrobe\Documents\git_repos\oldschool-clientc\3rd\toridraw\toridraw_render.u.c,1236,0.001952,0.003256
C:\Users\mrobe\Documents\git_repos\oldschool-clientc\3rd\toridraw\toridraw_raster.u.c,454,0.001952,0.003256
C:\Users\mrobe\Documents\git_repos\oldschool-clientc\3rd\toridraw\triangles\toridraw_triangle_gouraud.u.c,809,0.001952,0.003256
C:\Users\mrobe\Documents\git_repos\oldschool-clientc\3rd\toridraw\triangles\toridraw_triangle_gouraud.u.c,815,0.001952,0.003256
C:\Users\mrobe\Documents\git_repos\oldschool-clientc\3rd\toridraw\triangles\toridraw_triangle_face_alpha.u.c,16,0.001952,0.003256
C:\Users\mrobe\Documents\git_repos\oldschool-clientc\3rd\toridraw\graphics\shared_tables.h,108,0.001952,0.003256
C:\Users\mrobe\Documents\git_repos\oldschool-clientc\3rd\toridraw\toridraw_map.c,257,0.001952,0.003256
C:\Users\mrobe\Documents\git_repos\oldschool-clientc\3rd\toridraw\toridraw_model_transform.c,832,0.001952,0.003256
C:\Users\mrobe\Documents\git_repos\oldschool-clientc\3rd\toridraw\toridraw_scene.c,1367,0.001952,0.003256
C:\Users\mrobe\Documents\git_repos\oldschool-clientc\src\render\torirs_frame.c,1739,0.001952,0.003256
C:\Users\mrobe\Documents\git_repos\oldschool-clientc\src\audio\torirs_midi_file.c,253,0.001952,0.003256
C:\Users\mrobe\Documents\git_repos\oldschool-clientc\src\ui\uitree.c,1288,0.001952,0.003256
C:\Users\mrobe\Documents\git_repos\oldschool-clientc\src\ui\uitree.c,1886,0.001952,0.003256
C:\Users\mrobe\Documents\git_repos\oldschool-clientc\src\ui\uitree.c,1641,0.001952,0.003256
C:\Users\mrobe\Documents\git_repos\oldschool-clientc\src\ui\uitree.c,758,0.001952,0.003256
C:\Users\mrobe\Documents\git_repos\oldschool-clientc\src\ui\uitree.c,2949,0.001952,0.003256
C:\Users\mrobe\Documents\git_repos\oldschool-clientc\3rd\toridraw\toridraw_model_sprite.c,516,0.001952,0.003256
C:\Users\mrobe\Documents\git_repos\oldschool-clientc\src\ui\uitree_layout.c,146,0.001952,0.003256
C:\Users\mrobe\Documents\git_repos\oldschool-clientc\3rd\toridraw\toridraw_scene.c,841,0.001952,0.003256
C:\Users\mrobe\Documents\git_repos\oldschool-clientc\3rd\toridraw\toridraw_model_transform.c,805,0.001952,0.003256
C:\Users\mrobe\Documents\git_repos\oldschool-clientc\src\engine\world_builder\lightmap.c,89,0.001952,0.003256
C:\Users\mrobe\Documents\git_repos\oldschool-clientc\src\engine\world_builder\lightmap.c,18,0.001952,0.003256
C:\Users\mrobe\Documents\git_repos\oldschool-clientc\src\engine\world_builder\world_terrain.u.c,84,0.001952,0.003256
C:\Users\mrobe\Documents\git_repos\oldschool-clientc\src\engine\world_builder\minimap.c,133,0.001952,0.003256
C:\Users\mrobe\Documents\git_repos\oldschool-clientc\src\engine\world_builder\world_scenery.u.c,1116,0.001952,0.003256
C:\Users\mrobe\Documents\git_repos\oldschool-clientc\src\engine\world_builder\world_sharelight.u.c,493,0.001952,0.003256
C:\Users\mrobe\Documents\git_repos\oldschool-clientc\src\engine\world_builder\world_sharelight.u.c,490,0.001952,0.003256
C:\Users\mrobe\Documents\git_repos\oldschool-clientc\src\engine\world_builder\world_sharelight.u.c,204,0.001952,0.003256
C:\Users\mrobe\Documents\git_repos\oldschool-clientc\src\engine\world_builder\world_sharelight.u.c,253,0.001952,0.003256
C:\Users\mrobe\Documents\git_repos\oldschool-clientc\src\engine\world_builder\world_sharelight.u.c,275,0.001952,0.003256
R:\winlibs_staging_msvcrt32\gcc-15.2.0\build_mingw\i686-w64-mingw32\libgcc\..\..\..\libgcc\libgcc2.c,1301,0.001952,0.003256
R:\winlibs_staging_msvcrt32\gcc-15.2.0\build_mingw\i686-w64-mingw32\libgcc\..\..\..\libgcc\libgcc2.c,1237,0.001952,0.003256
C:\Users\mrobe\Documents\git_repos\oldschool-clientc\src\ui\uitree.c,1394,0.001951,0.003255
C:\Users\mrobe\Documents\git_repos\oldschool-clientc\src\app.c,4511,0.001951,0.003255
C:\Users\mrobe\Documents\git_repos\oldschool-clientc\3rd\bzip\bzip.c,352,0.001951,0.003255
C:\Users\mrobe\Documents\git_repos\oldschool-clientc\src\engine\world_builder\collision_map.c,72,0.001951,0.003255
C:\Users\mrobe\Documents\git_repos\oldschool-clientc\src\cs2vm2\cs2vm2_strpool.c,46,0.001951,0.003255
C:\Users\mrobe\Documents\git_repos\oldschool-clientc\src\cs2vm2\cs2vm2_strpool.c,69,0.001951,0.003255
C:\Users\mrobe\Documents\git_repos\oldschool-clientc\src\cs2vm2\cs2vm2_strpool.c,162,0.001951,0.003255
C:\Users\mrobe\Documents\git_repos\oldschool-clientc\src\engine\world_builder\heightmap.c,88,0.001951,0.003255
C:\Users\mrobe\Documents\git_repos\oldschool-clientc\src\main.c,2043,0.001951,0.003255
C:\Users\mrobe\Documents\git_repos\oldschool-clientc\src\<artificial>,2645,0.001951,0.003255
C:\Users\mrobe\Documents\git_repos\oldschool-clientc\src\painters\painters_bucket.u.c,91,0.001951,0.003255
C:\Users\mrobe\Documents\git_repos\oldschool-clientc\src\painters\painters_bucket.u.c,1127,0.001951,0.003255
C:\Users\mrobe\Documents\git_repos\oldschool-clientc\src\painters\painters_bucket.u.c,1392,0.001951,0.003255
C:\Users\mrobe\Documents\git_repos\oldschool-clientc\src\game\rs_cs2_host.c,8079,0.001951,0.003255
C:\Users\mrobe\Documents\git_repos\oldschool-clientc\src\game\rs_cs2_host.c,2152,0.001951,0.003255
C:\Users\mrobe\Documents\git_repos\oldschool-clientc\src\game\rs_cs2_host.c,8679,0.001951,0.003255
C:\Users\mrobe\Documents\git_repos\oldschool-clientc\src\game\rs_cs2_host.c,1919,0.001951,0.003255
C:\Users\mrobe\Documents\git_repos\oldschool-clientc\3rd\rscache\src\dat2disk.c,684,0.001951,0.003255
C:\Users\mrobe\Documents\git_repos\oldschool-clientc\3rd\rscache\src\datatypes\sound_render.c,405,0.001951,0.003255
C:\Users\mrobe\Documents\git_repos\oldschool-clientc\3rd\rscache\src\datatypes\sound_render.c,293,0.001951,0.003255
C:\Users\mrobe\Documents\git_repos\oldschool-clientc\3rd\rscache\src\datatypes\sound_vorbis.c,1323,0.001951,0.003255
C:\Users\mrobe\Documents\git_repos\oldschool-clientc\3rd\rscache\src\datatypes\dat2_config_db.c,39,0.001951,0.003255
C:\Users\mrobe\Documents\git_repos\oldschool-clientc\src\engine\world_builder\task_world_load.c,63,0.001951,0.003255
C:\Users\mrobe\Documents\git_repos\oldschool-clientc\3rd\toridraw\graphics\raster\gouraudhsllightness\gouraudhsllightness.screen.opaque.bary.branching.s4.c,180,0.001951,0.003255
C:\Users\mrobe\Documents\git_repos\oldschool-clientc\3rd\toridraw\graphics\raster\gouraudhsllightness\gouraudhsllightness.screen.opaque.bary.branching.s4.c,250,0.001951,0.003255
C:\Users\mrobe\Documents\git_repos\oldschool-clientc\3rd\toridraw\graphics\raster\gouraudhsllightness\gouraudhsllightness.screen.alpha.bary.branching.s4.c,247,0.001951,0.003255
C:\Users\mrobe\Documents\git_repos\oldschool-clientc\3rd\toridraw\toridraw_raster.u.c,386,0.001951,0.003255
C:\Users\mrobe\Documents\git_repos\oldschool-clientc\3rd\toridraw\triangles\toridraw_triangle_gouraud.u.c,806,0.001951,0.003255
C:\Users\mrobe\Documents\git_repos\oldschool-clientc\3rd\toridraw\toridraw_lighting.c,139,0.001951,0.003255
C:\Users\mrobe\Documents\git_repos\oldschool-clientc\3rd\toridraw\toridraw_model_transform.c,829,0.001951,0.003255
C:\Users\mrobe\Documents\git_repos\oldschool-clientc\3rd\toridraw\toridraw_2d.c,597,0.001951,0.003255
C:\Users\mrobe\Documents\git_repos\oldschool-clientc\src\render\torirs_frame.c,1743,0.001951,0.003255
C:\Users\mrobe\Documents\git_repos\oldschool-clientc\src\ui\uitree.c,1579,0.001951,0.003255
C:\Users\mrobe\Documents\git_repos\oldschool-clientc\src\ui\uitree.c,1659,0.001951,0.003255
C:\Users\mrobe\Documents\git_repos\oldschool-clientc\src\ui\uitree.c,930,0.001951,0.003255
C:\Users\mrobe\Documents\git_repos\oldschool-clientc\src\ui\uitree.c,246,0.001951,0.003255
C:\Users\mrobe\Documents\git_repos\oldschool-clientc\src\engine\uitree_from_component.c,188,0.001951,0.003255
C:\Users\mrobe\Documents\git_repos\oldschool-clientc\src\ui\uitree_emit.c,2296,0.001951,0.003255
C:\Users\mrobe\Documents\git_repos\oldschool-clientc\src\ui\uitree_layout.c,106,0.001951,0.003255
C:\Users\mrobe\Documents\git_repos\oldschool-clientc\src\ui\uitree_input.c,247,0.001951,0.003255
C:\Users\mrobe\Documents\git_repos\oldschool-clientc\src\ui\uitree_input.c,363,0.001951,0.003255
C:\Users\mrobe\Documents\git_repos\oldschool-clientc\src\engine\world_builder\world_sharelight.u.c,376,0.001951,0.003255
C:\Users\mrobe\Documents\git_repos\oldschool-clientc\src\engine\world_builder\world_sharelight.u.c,475,0.001951,0.003255
C:\Users\mrobe\Documents\git_repos\oldschool-clientc\src\engine\world_builder\world_sharelight.u.c,576,0.001951,0.003255
C:\Users\mrobe\Documents\git_repos\oldschool-clientc\src\engine\world_builder\contour_ground.c,337,0.001951,0.003255
C:\Users\mrobe\Documents\git_repos\oldschool-clientc\src\engine\world_builder\contour_ground.c,353,0.001951,0.003255
C:\Users\mrobe\Documents\git_repos\oldschool-clientc\src\engine\world_builder\blendmap.c,63,0.001951,0.003255
C:\Users\mrobe\Documents\git_repos\oldschool-clientc\src\app.c,22375,0.001950,0.003253
C:\Users\mrobe\Documents\git_repos\oldschool-clientc\3rd\bzip\bzip.c,82,0.001950,0.003253
C:\Users\mrobe\Documents\git_repos\oldschool-clientc\src\engine\cache_provider.c,730,0.001950,0.003253
C:\Users\mrobe\Documents\git_repos\oldschool-clientc\src\cs2vm2\cs2vm2.c,1661,0.001950,0.003253
C:\Users\mrobe\Documents\git_repos\oldschool-clientc\src\painters\painters_bucket.u.c,776,0.001950,0.003253
C:\Users\mrobe\Documents\git_repos\oldschool-clientc\src\painters\painters_bucket.u.c,747,0.001950,0.003253
C:\Users\mrobe\Documents\git_repos\oldschool-clientc\src\painters\painters.c,1448,0.001950,0.003253
C:\Users\mrobe\Documents\git_repos\oldschool-clientc\src\js5\js5.c,794,0.001950,0.003253
C:\Users\mrobe\Documents\git_repos\oldschool-clientc\3rd\rscache\src\datatypes\sound_vorbis.c,1608,0.001950,0.003253
C:\Users\mrobe\Documents\git_repos\oldschool-clientc\3rd\toridraw\graphics\raster\gouraudhsllightness\gouraudhsllightness.screen.opaque.bary.branching.s4.c,163,0.001950,0.003253
C:\Users\mrobe\Documents\git_repos\oldschool-clientc\3rd\toridraw\graphics\raster\gouraudhsllightness\gouraudhsllightness.screen.opaque.bary.branching.s4.c,121,0.001950,0.003253
C:\Users\mrobe\Documents\git_repos\oldschool-clientc\3rd\toridraw\toridraw_lighting.c,131,0.001950,0.003253
C:\Users\mrobe\Documents\git_repos\oldschool-clientc\3rd\toridraw\toridraw_lighting.c,149,0.001950,0.003253
C:\Users\mrobe\Documents\git_repos\oldschool-clientc\3rd\toridraw\toridraw_model.c,304,0.001950,0.003253
C:\Users\mrobe\Documents\git_repos\oldschool-clientc\src\ui\uitree.c,1493,0.001950,0.003253
C:\Users\mrobe\Documents\git_repos\oldschool-clientc\src\ui\uitree_emit.c,344,0.001950,0.003253
C:\Users\mrobe\Documents\git_repos\oldschool-clientc\src\ui\uitree_layout.c,499,0.001950,0.003253
C:\Users\mrobe\Documents\git_repos\oldschool-clientc\src\engine\world_builder\occluder_buildmap.c,91,0.001950,0.003253
C:\Users\mrobe\Documents\git_repos\oldschool-clientc\src\engine\world_builder\world_builder.c,801,0.001950,0.003253
C:\Users\mrobe\Documents\git_repos\oldschool-clientc\src\engine\world_builder\occluder_buildmap.c,382,0.001950,0.003253
C:\Users\mrobe\Documents\git_repos\oldschool-clientc\src\engine\world_builder\contour_ground.c,424,0.001950,0.003253
R:\winlibs_staging_msvcrt32\gcc-15.2.0\build_mingw\i686-w64-mingw32\libgcc\..\..\..\libgcc\config\i386\cygwin.S,149,0.001950,0.003253
C:\Users\mrobe\Documents\git_repos\oldschool-clientc\src\cs2vm2\cs2vm2.c,3973,0.001949,0.003251
C:\Users\mrobe\Documents\git_repos\oldschool-clientc\src\cs2vm2\cs2vm2.c,243,0.001949,0.003251
C:\Users\mrobe\Documents\git_repos\oldschool-clientc\src\cs2vm2\cs2vm2.c,747,0.001949,0.003251
C:\Users\mrobe\Documents\git_repos\oldschool-clientc\src\cs2vm2\cs2vm2.c,2759,0.001949,0.003251
C:\Users\mrobe\Documents\git_repos\oldschool-clientc\src\cs2vm2\cs2vm2.c,1726,0.001949,0.003251
C:\Users\mrobe\Documents\git_repos\oldschool-clientc\3rd\toridraw\toridraw_raster.u.c,1378,0.001949,0.003251
C:\Users\mrobe\Documents\git_repos\oldschool-clientc\src\engine\torirs_component_from_rscache.c,410,0.001949,0.003251
C:\Users\mrobe\Documents\git_repos\oldschool-clientc\3rd\toridraw\graphics\raster\gouraudhsllightness\gouraudhsllightness.screen.opaque.bary.branching.s4.c,36,0.001949,0.003251
C:\Users\mrobe\Documents\git_repos\oldschool-clientc\3rd\toridraw\graphics\raster\gouraudhsllightness\gouraudhsllightness.screen.opaque.bary.branching.s4.c,137,0.001949,0.003251
C:\Users\mrobe\Documents\git_repos\oldschool-clientc\3rd\toridraw\toridraw_render.u.c,2387,0.001949,0.003251
C:\Users\mrobe\Documents\git_repos\oldschool-clientc\3rd\toridraw\toridraw_lighting.c,175,0.001949,0.003251
C:\Users\mrobe\Documents\git_repos\oldschool-clientc\src\render\torirs_frame.c,57,0.001949,0.003251
C:\Users\mrobe\Documents\git_repos\oldschool-clientc\3rd\toridraw\toridraw_intrusive_list.h,61,0.001949,0.003251
C:\Users\mrobe\Documents\git_repos\oldschool-clientc\src\ui\uitree.c,1674,0.001949,0.003251
C:\Users\mrobe\Documents\git_repos\oldschool-clientc\src\ui\uitree.c,2319,0.001949,0.003251
C:\Users\mrobe\Documents\git_repos\oldschool-clientc\src\ui\uitree_input.c,300,0.001949,0.003251
C:\Users\mrobe\Documents\git_repos\oldschool-clientc\src\engine\world_builder\world_terrain.u.c,78,0.001949,0.003251
C:\Users\mrobe\Documents\git_repos\oldschool-clientc\3rd\toridraw\toridraw_scene.c,269,0.001949,0.003251
C:\Users\mrobe\Documents\git_repos\oldschool-clientc\src\engine\world_builder\world_sharelight.u.c,438,0.001949,0.003251
C:\Users\mrobe\Documents\git_repos\oldschool-clientc\src\engine\world_builder\world_contour_ground.u.c,66,0.001949,0.003251
C:\Users\mrobe\Documents\git_repos\oldschool-clientc\src\engine\world_builder\world_sharelight.u.c,341,0.001949,0.003251
C:\Users\mrobe\Documents\git_repos\oldschool-clientc\src\engine\world_builder\blendmap.c,226,0.001948,0.003250
C:\Users\mrobe\Documents\git_repos\oldschool-clientc\src\cs2vm2\cs2vm2.c,241,0.001948,0.003250
C:\Users\mrobe\Documents\git_repos\oldschool-clientc\src\cs2vm2\cs2vm2.c,643,0.001948,0.003250
C:\Users\mrobe\Documents\git_repos\oldschool-clientc\src\cs2vm2\cs2vm2.c,10264,0.001948,0.003250
C:\Users\mrobe\Documents\git_repos\oldschool-clientc\src\net\net.c,452,0.001948,0.003250
C:\Users\mrobe\Documents\git_repos\oldschool-clientc\3rd\toridraw\toridraw_sprite.c,512,0.001948,0.003250
C:\Users\mrobe\Documents\git_repos\oldschool-clientc\3rd\bzip\bzip.c,538,0.001948,0.003250
C:\Users\mrobe\Documents\git_repos\oldschool-clientc\3rd\rscache\src\datatypes\sound_render.c,82,0.001948,0.003250
C:\Users\mrobe\Documents\git_repos\oldschool-clientc\src\game\task_cs2_run.c,1999,0.001948,0.003250
C:\Users\mrobe\Documents\git_repos\oldschool-clientc\3rd\toridraw\graphics\raster\gouraudhsllightness\gouraudhsllightness.screen.alpha.bary.branching.s4.c,525,0.001948,0.003250
C:\Users\mrobe\Documents\git_repos\oldschool-clientc\src\render\torirs_frame.c,1741,0.001948,0.003250
C:\Users\mrobe\Documents\git_repos\oldschool-clientc\src\render\torirs_frame.c,1755,0.001948,0.003250
R:\winlibs_staging_msvcrt32\gcc-15.2.0\build_mingw\i686-w64-mingw32\libgcc\..\..\..\libgcc\libgcc2.c,1034,0.001948,0.003250
C:\Users\mrobe\Documents\git_repos\oldschool-clientc\src\app.c,682,0.001947,0.003248
C:\Users\mrobe\Documents\git_repos\oldschool-clientc\3rd\bzip\bzip.c,54,0.001947,0.003248
C:\Users\mrobe\Documents\git_repos\oldschool-clientc\src\cs2vm2\cs2vm2.c,4741,0.001947,0.003248
C:\Users\mrobe\Documents\git_repos\oldschool-clientc\src\cs2vm2\cs2vm2.c,1623,0.001947,0.003248
C:\Users\mrobe\Documents\git_repos\oldschool-clientc\src\cs2vm2\cs2vm2.c,576,0.001947,0.003248
C:\Users\mrobe\Documents\git_repos\oldschool-clientc\src\<artificial>,2824,0.001947,0.003248
C:\Users\mrobe\Documents\git_repos\oldschool-clientc\3rd\rscache\src\datatypes\sound_render.c,93,0.001947,0.003248
C:\Users\mrobe\Documents\git_repos\oldschool-clientc\3rd\rscache\src\datatypes\sound_vorbis.c,1629,0.001947,0.003248
C:\Users\mrobe\Documents\git_repos\oldschool-clientc\src\game\task_cs2_run.c,990,0.001947,0.003248
C:\Users\mrobe\Documents\git_repos\oldschool-clientc\3rd\toridraw\graphics\raster\gouraudhsllightness\gouraudhsllightness.screen.opaque.bary.branching.s4.c,257,0.001947,0.003248
C:\Users\mrobe\Documents\git_repos\oldschool-clientc\3rd\toridraw\graphics\raster\gouraudhsllightness\gouraudhsllightness.screen.opaque.bary.branching.s4.c,98,0.001947,0.003248
C:\Users\mrobe\Documents\git_repos\oldschool-clientc\toolchain\mingw32\lib\gcc\i686-w64-mingw32\15.2.0\include\emmintrin.h,608,0.001947,0.003248
C:\Users\mrobe\Documents\git_repos\oldschool-clientc\3rd\toridraw\graphics\projection16_simd.sse2.u.c,2257,0.001947,0.003248
C:\Users\mrobe\Documents\git_repos\oldschool-clientc\3rd\toridraw\toridraw_lighting.c,286,0.001947,0.003248
C:\Users\mrobe\Documents\git_repos\oldschool-clientc\3rd\toridraw\osrs\palette.c,219,0.001947,0.003248
C:\Users\mrobe\Documents\git_repos\oldschool-clientc\3rd\toridraw\toridraw_model.c,528,0.001947,0.003248
C:\Users\mrobe\Documents\git_repos\oldschool-clientc\src\ui\uitree.c,989,0.001947,0.003248
C:\Users\mrobe\Documents\git_repos\oldschool-clientc\src\engine\world_builder\lightmap.c,74,0.001947,0.003248
C:\Users\mrobe\Documents\git_repos\oldschool-clientc\src\engine\world_builder\shademap.c,58,0.001947,0.003248
R:\winlibs_staging_msvcrt32\gcc-15.2.0\build_mingw\i686-w64-mingw32\libgcc\..\..\..\libgcc\libgcc2.c,1288,0.001947,0.003248
C:\Users\mrobe\Documents\git_repos\oldschool-clientc\src\cs2vm2\cs2vm2.c,3975,0.001946,0.003246
C:\Users\mrobe\Documents\git_repos\oldschool-clientc\src\<artificial>,2606,0.001946,0.003246
C:\Users\mrobe\Documents\git_repos\oldschool-clientc\src\cs2vm2\cs2vm2.c,610,0.001946,0.003246
C:\Users\mrobe\Documents\git_repos\oldschool-clientc\src\engine\uitree_builder\task_pack_assets_load.c,108,0.001946,0.003246
C:\Users\mrobe\Documents\git_repos\oldschool-clientc\src\ui\uitree.c,2227,0.001946,0.003246
C:\Users\mrobe\Documents\git_repos\oldschool-clientc\src\ui\ui_if3_layout.h,14,0.001946,0.003246
C:\Users\mrobe\Documents\git_repos\oldschool-clientc\src\engine\world_builder\world_sharelight.u.c,293,0.001946,0.003246
C:\Users\mrobe\Documents\git_repos\oldschool-clientc\src\cs2vm2\cs2vm2.c,1939,0.001945,0.003245
C:\Users\mrobe\Documents\git_repos\oldschool-clientc\3rd\hmap\hmap.h,494,0.001945,0.003245
C:\Users\mrobe\Documents\git_repos\oldschool-clientc\src\<artificial>,2718,0.001945,0.003245
C:\Users\mrobe\Documents\git_repos\oldschool-clientc\src\game\rs_cs2_host.c,7847,0.001945,0.003245
C:\Users\mrobe\Documents\git_repos\oldschool-clientc\src\game\rs_cs2_host.c,7162,0.001945,0.003245
C:\Users\mrobe\Documents\git_repos\oldschool-clientc\3rd\toridraw\graphics\projection16_simd.sse2.u.c,2193,0.001945,0.003245
C:\Users\mrobe\Documents\git_repos\oldschool-clientc\3rd\toridraw\toridraw_render.u.c,2549,0.001945,0.003245
C:\Users\mrobe\Documents\git_repos\oldschool-clientc\3rd\toridraw\toridraw_model.c,80,0.001945,0.003245
C:\Users\mrobe\Documents\git_repos\oldschool-clientc\src\engine\uitree_scene_bridge.c,334,0.001945,0.003245
C:\Users\mrobe\Documents\git_repos\oldschool-clientc\src\engine\world_builder\minimap.c,664,0.001945,0.003245
C:\Users\mrobe\Documents\git_repos\oldschool-clientc\src\<artificial>,2708,0.001944,0.003243
C:\Users\mrobe\Documents\git_repos\oldschool-clientc\3rd\toridraw\graphics\raster\gouraudhsllightness\gouraudhsllightness.screen.opaque.bary.branching.s4.c,334,0.001944,0.003243
C:\Users\mrobe\Documents\git_repos\oldschool-clientc\src\engine\world_builder\occluder_buildmap.c,22,0.001944,0.003243
R:\winlibs_staging_msvcrt32\gcc-15.2.0\build_mingw\i686-w64-mingw32\libgcc\..\..\..\libgcc\libgcc2.c,1212,0.001944,0.003243
C:\Users\mrobe\Documents\git_repos\oldschool-clientc\src\cs2vm2\cs2vm2.c,2696,0.001943,0.003241
C:\Users\mrobe\Documents\git_repos\oldschool-clientc\3rd\toridraw\graphics\raster\gouraudhsllightness\gouraudhsllightness.screen.opaque.bary.branching.s4.c,19,0.001943,0.003241
C:\Users\mrobe\Documents\git_repos\oldschool-clientc\src\app.c,12096,0.001942,0.003240
C:\Users\mrobe\Documents\git_repos\oldschool-clientc\src\game\rs_cs2_host.c,1205,0.001942,0.003240
C:\Users\mrobe\Documents\git_repos\oldschool-clientc\src\painters\painters_i.h,339,0.001941,0.003238
C:\Users\mrobe\Documents\git_repos\oldschool-clientc\3rd\toridraw\graphics\raster\gouraudhsllightness\gouraudhsllightness.screen.opaque.bary.branching.s4.c,451,0.001941,0.003238
C:\Users\mrobe\Documents\git_repos\oldschool-clientc\src\render\torirs_frame.c,1740,0.001941,0.003238
C:\Users\mrobe\Documents\git_repos\oldschool-clientc\src\render\torirs_frame.c,1857,0.001941,0.003238
C:\Users\mrobe\Documents\git_repos\oldschool-clientc\src\engine\world_builder\blendmap.c,235,0.001940,0.003236
C:\Users\mrobe\Documents\git_repos\oldschool-clientc\3rd\toridraw\toridraw_2d.c,34,0.001939,0.003235
C:\Users\mrobe\Documents\git_repos\oldschool-clientc\3rd\toridraw\toridraw_2d.c,59,0.001939,0.003235
C:\Users\mrobe\Documents\git_repos\oldschool-clientc\3rd\bzip\bzip.c,174,0.001932,0.003223
C:\Users\mrobe\Documents\git_repos\oldschool-clientc\3rd\toridraw\toridraw_lighting.c,190,0.001932,0.003223
C:\Users\mrobe\Documents\git_repos\oldschool-clientc\src\<artificial>,2835,0.001927,0.003215
C:\Users\mrobe\Documents\git_repos\oldschool-clientc\src\platform\platform_sdl2_renderer_soft3d.c,219,0.001922,0.003206
