source,line,exclusive_seconds,exclusive_percent
[unknown],0,28.849750,48.177565
C:\Users\mrobe\Documents\git_repos\oldschool-clientc\src\plugin\torirs_plugin_bridge.u.c,557,1.684957,2.813790
C:\Users\mrobe\Documents\git_repos\oldschool-clientc\3rd\toridraw\graphics\raster\gouraudhsllightness\gouraudhsllightness_barycentric_steps.h,18,0.868137,1.449743
C:\Users\mrobe\Documents\git_repos\oldschool-clientc\3rd\toridraw\toridraw_render.u.c,1063,0.732109,1.222584
C:\Users\mrobe\Documents\git_repos\oldschool-clientc\src\ui\uitree_layout.c,493,0.550093,0.918626
C:\Users\mrobe\Documents\git_repos\oldschool-clientc\src\world\world_cycle.c,1549,0.505064,0.843430
C:\Users\mrobe\Documents\git_repos\oldschool-clientc\3rd\toridraw\toridraw_2d.c,404,0.335924,0.560975
C:\Users\mrobe\Documents\git_repos\oldschool-clientc\3rd\toridraw\graphics\int_wrap.h,49,0.335825,0.560810
C:\Users\mrobe\Documents\git_repos\oldschool-clientc\3rd\rscache\src\checksum.c,108,0.330985,0.552728
C:\Users\mrobe\Documents\git_repos\oldschool-clientc\3rd\toridraw\triangles\toridraw_triangle_gouraud.u.c,37,0.316062,0.527807
C:\Users\mrobe\Documents\git_repos\oldschool-clientc\3rd\toridraw\graphics\raster\gouraudhsllightness\gouraudhsllightness.screen.opaque.bary.branching.s4.c,116,0.305204,0.509675
C:\Users\mrobe\Documents\git_repos\oldschool-clientc\3rd\bzip\bzip.c,549,0.249977,0.417448
C:\Users\mrobe\Documents\git_repos\oldschool-clientc\src\platform\platform_sdl2_renderer_soft3d.c,1444,0.233251,0.389517
C:\Users\mrobe\Documents\git_repos\oldschool-clientc\src\ui\uitree_emit.c,2038,0.217339,0.362945
C:\Users\mrobe\Documents\git_repos\oldschool-clientc\3rd\rscache\src\checksum.c,105,0.216791,0.362030
C:\Users\mrobe\Documents\git_repos\oldschool-clientc\3rd\toridraw\graphics\raster\gouraudhsllightness\gouraudhsllightness.screen.opaque.bary.branching.s4.c,120,0.201208,0.336007
C:\Users\mrobe\Documents\git_repos\oldschool-clientc\3rd\toridraw\toridraw_render.u.c,1060,0.197697,0.330144
C:\Users\mrobe\Documents\git_repos\oldschool-clientc\3rd\rscache\src\checksum.c,109,0.196227,0.327689
C:\Users\mrobe\Documents\git_repos\oldschool-clientc\src\render\torirs_frame.c,1985,0.195296,0.326134
C:\Users\mrobe\Documents\git_repos\oldschool-clientc\3rd\toridraw\toridraw_render.u.c,1072,0.183545,0.306510
C:\Users\mrobe\Documents\git_repos\oldschool-clientc\3rd\toridraw\graphics\raster\gouraudhsllightness\gouraudhsllightness.screen.opaque.bary.branching.s4.c,228,0.175777,0.293538
C:\Users\mrobe\Documents\git_repos\oldschool-clientc\src\world\world.c,1353,0.172003,0.287236
C:\Users\mrobe\Documents\git_repos\oldschool-clientc\src\app.c,24510,0.170887,0.285372
C:\Users\mrobe\Documents\git_repos\oldschool-clientc\3rd\toridraw\toridraw_render.u.c,1108,0.168614,0.281577
C:\Users\mrobe\Documents\git_repos\oldschool-clientc\3rd\toridraw\triangles\toridraw_triangle_clip.u.c,68,0.163940,0.273771
C:\Users\mrobe\Documents\git_repos\oldschool-clientc\3rd\bzip\bzip.c,533,0.158210,0.264202
C:\Users\mrobe\Documents\git_repos\oldschool-clientc\toolchains\mingw32\lib\gcc\i686-w64-mingw32\15.2.0\include\emmintrin.h,608,0.158189,0.264167
R:\winlibs_staging_msvcrt32\gcc-15.2.0\build_mingw\i686-w64-mingw32\libgcc\..\..\..\libgcc\libgcc2.c,1029,0.153324,0.256043
C:\Users\mrobe\Documents\git_repos\oldschool-clientc\3rd\toridraw\graphics\raster\gouraudhsllightness\gouraudhsllightness.screen.opaque.bary.branching.s4.c,220,0.151276,0.252623
C:\Users\mrobe\Documents\git_repos\oldschool-clientc\3rd\rscache\src\dat2disk.c,269,0.146505,0.244656
C:\Users\mrobe\Documents\git_repos\oldschool-clientc\3rd\toridraw\toridraw_render.u.c,2567,0.144523,0.241346
C:\Users\mrobe\Documents\git_repos\oldschool-clientc\3rd\toridraw\graphics\raster\texture\span\tex.span_uv.h,165,0.143337,0.239365
C:\Users\mrobe\Documents\git_repos\oldschool-clientc\3rd\toridraw\toridraw_render.u.c,1140,0.140663,0.234900
C:\Users\mrobe\Documents\git_repos\oldschool-clientc\src\platform\platform_sdl2_renderer_soft3d.c,1446,0.139035,0.232181
C:\Users\mrobe\Documents\git_repos\oldschool-clientc\3rd\bzip\bzip.c,357,0.136733,0.228337
R:\winlibs_staging_msvcrt32\gcc-15.2.0\build_mingw\i686-w64-mingw32\libgcc\..\..\..\libgcc\libgcc2.c,1016,0.135728,0.226659
C:\Users\mrobe\Documents\git_repos\oldschool-clientc\src\ui\uitree_layout.c,431,0.134948,0.225356
C:\Users\mrobe\Documents\git_repos\oldschool-clientc\3rd\toridraw\graphics\raster\gouraudhsllightness\gouraudhsllightness.screen.opaque.bary.branching.s4.c,130,0.134737,0.225004
C:\Users\mrobe\Documents\git_repos\oldschool-clientc\3rd\toridraw\toridraw_render.u.c,1646,0.134731,0.224994
C:\Users\mrobe\Documents\git_repos\oldschool-clientc\3rd\toridraw\graphics\raster\gouraudhsllightness\gouraudhsllightness.screen.opaque.bary.branching.s4.c,236,0.130868,0.218543
C:\Users\mrobe\Documents\git_repos\oldschool-clientc\3rd\toridraw\toridraw_2d.c,405,0.130053,0.217182
C:\Users\mrobe\Documents\git_repos\oldschool-clientc\3rd\toridraw\toridraw_render.u.c,1639,0.128953,0.215345
C:\Users\mrobe\Documents\git_repos\oldschool-clientc\3rd\rscache\src\reference_table.c,74,0.125243,0.209149
C:\Users\mrobe\Documents\git_repos\oldschool-clientc\3rd\toridraw\toridraw_render.u.c,1059,0.121044,0.202137
C:\Users\mrobe\Documents\git_repos\oldschool-clientc\src\ui\uitree_emit.c,223,0.118191,0.197373
C:\Users\mrobe\Documents\git_repos\oldschool-clientc\3rd\toridraw\toridraw_lighting.c,87,0.118161,0.197323
C:\Users\mrobe\Documents\git_repos\oldschool-clientc\src\js5\js5.c,1308,0.116142,0.193951
C:\Users\mrobe\Documents\git_repos\oldschool-clientc\toolchains\mingw32\lib\gcc\i686-w64-mingw32\15.2.0\include\emmintrin.h,1181,0.109297,0.182520
C:\Users\mrobe\Documents\git_repos\oldschool-clientc\3rd\toridraw\graphics\projection.h,33,0.109256,0.182452
C:\Users\mrobe\Documents\git_repos\oldschool-clientc\3rd\toridraw\toridraw_2d.c,73,0.105601,0.176348
C:\Users\mrobe\Documents\git_repos\oldschool-clientc\3rd\toridraw\toridraw_2d.c,645,0.103645,0.173082
C:\Users\mrobe\Documents\git_repos\oldschool-clientc\3rd\toridraw\graphics\raster\gouraudhsllightness\gouraudhsllightness.screen.opaque.bary.branching.s4.c,477,0.103501,0.172841
C:\Users\mrobe\Documents\git_repos\oldschool-clientc\3rd\bzip\bzip.c,446,0.101579,0.169632
C:\Users\mrobe\Documents\git_repos\oldschool-clientc\toolchains\mingw32\lib\gcc\i686-w64-mingw32\15.2.0\include\emmintrin.h,596,0.101577,0.169628
C:\Users\mrobe\Documents\git_repos\oldschool-clientc\3rd\bzip\bzip.c,358,0.101547,0.169578
C:\Users\mrobe\Documents\git_repos\oldschool-clientc\3rd\toridraw\graphics\raster\texture\span\tex.span.sse2.u.c,668,0.101537,0.169561
C:\Users\mrobe\Documents\git_repos\oldschool-clientc\3rd\toridraw\toridraw_render.u.c,1649,0.095700,0.159814
C:\Users\mrobe\Documents\git_repos\oldschool-clientc\3rd\toridraw\triangles\toridraw_triangle_clip.u.c,35,0.093710,0.156491
C:\Users\mrobe\Documents\git_repos\oldschool-clientc\3rd\toridraw\toridraw_sprite.c,511,0.092168,0.153916
C:\Users\mrobe\Documents\git_repos\oldschool-clientc\3rd\toridraw\graphics\raster\gouraudhsllightness\gouraudhsllightness.screen.opaque.bary.branching.s4.c,111,0.091791,0.153286
C:\Users\mrobe\Documents\git_repos\oldschool-clientc\3rd\toridraw\graphics\raster\gouraudhsllightness\gouraudhsllightness.screen.opaque.bary.branching.s4.c,322,0.091765,0.153243
C:\Users\mrobe\Documents\git_repos\oldschool-clientc\src\plugin\torirs_plugin_bridge.u.c,553,0.090734,0.151521
C:\Users\mrobe\Documents\git_repos\oldschool-clientc\3rd\toridraw\toridraw_sprite.c,482,0.088134,0.147179
C:\Users\mrobe\Documents\git_repos\oldschool-clientc\3rd\toridraw\toridraw_2d.c,76,0.086171,0.143901
C:\Users\mrobe\Documents\git_repos\oldschool-clientc\3rd\toridraw\graphics\raster\gouraudhsllightness\gouraudhsllightness.screen.opaque.bary.branching.s4.c,355,0.085941,0.143517
C:\Users\mrobe\Documents\git_repos\oldschool-clientc\3rd\toridraw\graphics\raster\gouraudhsllightness\gouraudhsllightness.screen.opaque.bary.branching.s4.c,136,0.084001,0.140277
C:\Users\mrobe\Documents\git_repos\oldschool-clientc\3rd\toridraw\triangles\toridraw_triangle_gouraud.u.c,1127,0.082064,0.137043
C:\Users\mrobe\Documents\git_repos\oldschool-clientc\3rd\toridraw\graphics\raster\gouraudhsllightness\gouraudhsllightness.screen.opaque.bary.branching.s4.c,139,0.082011,0.136954
C:\Users\mrobe\Documents\git_repos\oldschool-clientc\3rd\bzip\bzip.c,469,0.081074,0.135389
C:\Users\mrobe\Documents\git_repos\oldschool-clientc\src\app.c,6101,0.079153,0.132181
C:\Users\mrobe\Documents\git_repos\oldschool-clientc\src\plugin\torirs_plugin_bridge.u.c,567,0.078170,0.130540
C:\Users\mrobe\Documents\git_repos\oldschool-clientc\src\world\world.c,626,0.078166,0.130533
C:\Users\mrobe\Documents\git_repos\oldschool-clientc\3rd\toridraw\toridraw_render.u.c,1049,0.076195,0.127242
C:\Users\mrobe\Documents\git_repos\oldschool-clientc\3rd\toridraw\triangles\toridraw_triangle_gouraud.u.c,824,0.076126,0.127126
C:\Users\mrobe\Documents\git_repos\oldschool-clientc\src\world\entity_pool.h,88,0.075228,0.125627
C:\Users\mrobe\Documents\git_repos\oldschool-clientc\3rd\toridraw\graphics\raster\gouraudhsllightness\gouraudhsllightness.screen.opaque.bary.branching.s4.c,77,0.075203,0.125585
C:\Users\mrobe\Documents\git_repos\oldschool-clientc\src\painters\painters_bucket.u.c,895,0.075167,0.125525
C:\Users\mrobe\Documents\git_repos\oldschool-clientc\3rd\toridraw\toridraw_2d.c,647,0.074340,0.124144
C:\Users\mrobe\Documents\git_repos\oldschool-clientc\3rd\toridraw\graphics\raster\texture\span\tex.span_uv.h,76,0.074154,0.123833
C:\Users\mrobe\Documents\git_repos\oldschool-clientc\3rd\toridraw\graphics\raster\texture\span\tex.span_uv.h,79,0.074117,0.123771
C:\Users\mrobe\Documents\git_repos\oldschool-clientc\src\js5\js5.c,1311,0.073186,0.122217
C:\Users\mrobe\Documents\git_repos\oldschool-clientc\3rd\toridraw\graphics\raster\gouraudhsllightness\gouraudhsllightness.screen.opaque.bary.branching.s4.c,347,0.072245,0.120645
C:\Users\mrobe\Documents\git_repos\oldschool-clientc\src\input\torirs_input_cmd.c,11,0.071299,0.119066
C:\Users\mrobe\Documents\git_repos\oldschool-clientc\src\world\entity_pool.c,71,0.066399,0.110883
C:\Users\mrobe\Documents\git_repos\oldschool-clientc\src\ui\uitree_layout.c,404,0.065475,0.109340
C:\Users\mrobe\Documents\git_repos\oldschool-clientc\3rd\toridraw\toridraw_render.u.c,995,0.064440,0.107611
C:\Users\mrobe\Documents\git_repos\oldschool-clientc\3rd\toridraw\toridraw_2d.c,643,0.063628,0.106255
C:\Users\mrobe\Documents\git_repos\oldschool-clientc\src\ui\uitree_emit.c,2044,0.063497,0.106037
C:\Users\mrobe\Documents\git_repos\oldschool-clientc\src\ui\uitree_layout.c,232,0.062496,0.104365
C:\Users\mrobe\Documents\git_repos\oldschool-clientc\src\<artificial>,10101,0.061465,0.102643
C:\Users\mrobe\Documents\git_repos\oldschool-clientc\3rd\bzip\bzip.c,361,0.061464,0.102642
C:\Users\mrobe\Documents\git_repos\oldschool-clientc\3rd\bzip\bzip.c,409,0.060566,0.101142
C:\Users\mrobe\Documents\git_repos\oldschool-clientc\3rd\toridraw\graphics\raster\texture\span\tex.span.sse2.u.c,1080,0.060546,0.101109
C:\Users\mrobe\Documents\git_repos\oldschool-clientc\3rd\toridraw\graphics\raster\gouraudhsllightness\gouraudhsllightness.screen.opaque.bary.branching.s4.c,503,0.060546,0.101109
C:\Users\mrobe\Documents\git_repos\oldschool-clientc\toolchains\mingw32\lib\gcc\i686-w64-mingw32\15.2.0\include\emmintrin.h,1043,0.060533,0.101087
C:\Users\mrobe\Documents\git_repos\oldschool-clientc\3rd\toridraw\graphics\raster\gouraudhsllightness\gouraudhsllightness.screen.opaque.bary.branching.s4.c,445,0.060509,0.101047
C:\Users\mrobe\Documents\git_repos\oldschool-clientc\3rd\toridraw\toridraw_render.u.c,1061,0.060493,0.101020
C:\Users\mrobe\Documents\git_repos\oldschool-clientc\3rd\toridraw\toridraw_lighting.c,167,0.059583,0.099500
C:\Users\mrobe\Documents\git_repos\oldschool-clientc\3rd\toridraw\graphics\raster\flat\flat_screen_edges.h,29,0.059023,0.098565
C:\Users\mrobe\Documents\git_repos\oldschool-clientc\3rd\toridraw\toridraw_sprite.c,492,0.058762,0.098129
C:\Users\mrobe\Documents\git_repos\oldschool-clientc\3rd\toridraw\toridraw_2d.c,65,0.058743,0.098098
C:\Users\mrobe\Documents\git_repos\oldschool-clientc\3rd\toridraw\toridraw_raster.u.c,415,0.058576,0.097819
C:\Users\mrobe\Documents\git_repos\oldschool-clientc\toolchains\mingw32\lib\gcc\i686-w64-mingw32\15.2.0\include\emmintrin.h,1487,0.058565,0.097800
C:\Users\mrobe\Documents\git_repos\oldschool-clientc\3rd\hmap\hmap.h,409,0.057614,0.096212
C:\Users\mrobe\Documents\git_repos\oldschool-clientc\3rd\bzip\bzip.c,466,0.057579,0.096154
C:\Users\mrobe\Documents\git_repos\oldschool-clientc\3rd\toridraw\graphics\raster\gouraudhsllightness\gouraudhsllightness.screen.opaque.bary.branching.s4.c,348,0.056632,0.094572
C:\Users\mrobe\Documents\git_repos\oldschool-clientc\src\render\torirs_frame.c,1977,0.056579,0.094484
C:\Users\mrobe\Documents\git_repos\oldschool-clientc\3rd\toridraw\toridraw_lighting.c,173,0.055688,0.092996
C:\Users\mrobe\Documents\git_repos\oldschool-clientc\src\plugin\torirs_plugin_bridge.u.c,363,0.054710,0.091363
C:\Users\mrobe\Documents\git_repos\oldschool-clientc\toolchains\mingw32\lib\gcc\i686-w64-mingw32\15.2.0\include\emmintrin.h,1049,0.054672,0.091299
C:\Users\mrobe\Documents\git_repos\oldschool-clientc\3rd\toridraw\graphics\raster\texture\span\tex.span.sse2.u.c,671,0.054664,0.091286
C:\Users\mrobe\Documents\git_repos\oldschool-clientc\3rd\bzip\bzip.c,468,0.053682,0.089646
C:\Users\mrobe\Documents\git_repos\oldschool-clientc\3rd\toridraw\toridraw_render.u.c,774,0.052851,0.088258
C:\Users\mrobe\Documents\git_repos\oldschool-clientc\src\painters\painters.c,93,0.052732,0.088060
C:\Users\mrobe\Documents\git_repos\oldschool-clientc\3rd\toridraw\graphics\raster\texture\span\tex.span.sse2.u.c,672,0.050785,0.084808
C:\Users\mrobe\Documents\git_repos\oldschool-clientc\3rd\toridraw\toridraw_math.h,53,0.050785,0.084808
C:\Users\mrobe\Documents\git_repos\oldschool-clientc\3rd\toridraw\toridraw_raster.u.c,387,0.050778,0.084797
C:\Users\mrobe\Documents\git_repos\oldschool-clientc\3rd\toridraw\toridraw_render.u.c,1643,0.050765,0.084775
C:\Users\mrobe\Documents\git_repos\oldschool-clientc\3rd\toridraw\toridraw_raster.u.c,1366,0.050758,0.084763
C:\Users\mrobe\Documents\git_repos\oldschool-clientc\3rd\toridraw\toridraw_render.u.c,1222,0.050745,0.084741
C:\Users\mrobe\Documents\git_repos\oldschool-clientc\3rd\toridraw\toridraw_raster.u.c,651,0.050715,0.084691
C:\Users\mrobe\Documents\git_repos\oldschool-clientc\3rd\toridraw\toridraw_2d.c,400,0.048890,0.081644
C:\Users\mrobe\Documents\git_repos\oldschool-clientc\toolchains\mingw32\lib\gcc\i686-w64-mingw32\15.2.0\include\emmintrin.h,1013,0.048853,0.081582
C:\Users\mrobe\Documents\git_repos\oldschool-clientc\3rd\toridraw\toridraw_render.u.c,1045,0.048834,0.081550
C:\Users\mrobe\Documents\git_repos\oldschool-clientc\3rd\toridraw\toridraw_render.u.c,1062,0.048830,0.081544
C:\Users\mrobe\Documents\git_repos\oldschool-clientc\3rd\bzip\bzip.c,531,0.048821,0.081529
C:\Users\mrobe\Documents\git_repos\oldschool-clientc\3rd\bzip\bzip.c,370,0.048819,0.081525
C:\Users\mrobe\Documents\git_repos\oldschool-clientc\3rd\bzip\bzip.c,351,0.048816,0.081520
C:\Users\mrobe\Documents\git_repos\oldschool-clientc\3rd\rscache\src\rsbuffer.c,763,0.047841,0.079892
C:\Users\mrobe\Documents\git_repos\oldschool-clientc\3rd\bzip\bzip.c,376,0.046894,0.078311
C:\Users\mrobe\Documents\git_repos\oldschool-clientc\3rd\toridraw\graphics\raster\texture\span\tex.span.sse2.u.c,690,0.046879,0.078285
C:\Users\mrobe\Documents\git_repos\oldschool-clientc\3rd\toridraw\graphics\raster\flat\flat_screen_edges.h,18,0.046862,0.078257
C:\Users\mrobe\Documents\git_repos\oldschool-clientc\src\painters\painters_i.h,153,0.045931,0.076702
C:\Users\mrobe\Documents\git_repos\oldschool-clientc\3rd\bzip\bzip.c,410,0.045920,0.076684
C:\Users\mrobe\Documents\git_repos\oldschool-clientc\toolchains\mingw32\lib\gcc\i686-w64-mingw32\15.2.0\include\emmintrin.h,1230,0.044987,0.075126
C:\Users\mrobe\Documents\git_repos\oldschool-clientc\3rd\toridraw\triangles\toridraw_triangle_gouraud.u.c,1129,0.044867,0.074926
C:\Users\mrobe\Documents\git_repos\oldschool-clientc\3rd\rscache\src\reference_table.c,138,0.043999,0.073476
C:\Users\mrobe\Documents\git_repos\oldschool-clientc\3rd\rscache\src\checksum.c,106,0.043914,0.073334
C:\Users\mrobe\Documents\git_repos\oldschool-clientc\3rd\toridraw\graphics\raster\texture\span\tex.span_uv.h,56,0.043770,0.073094
C:\Users\mrobe\Documents\git_repos\oldschool-clientc\src\world\world_cycle.c,1493,0.042973,0.071763
C:\Users\mrobe\Documents\git_repos\oldschool-clientc\3rd\bzip\bzip.c,340,0.042971,0.071759
C:\Users\mrobe\Documents\git_repos\oldschool-clientc\3rd\toridraw\toridraw_render.u.c,2387,0.042963,0.071746
C:\Users\mrobe\Documents\git_repos\oldschool-clientc\3rd\toridraw\graphics\raster\gouraudhsllightness\gouraudhsllightness.screen.opaque.bary.branching.s4.c,62,0.042962,0.071744
C:\Users\mrobe\Documents\git_repos\oldschool-clientc\3rd\toridraw\graphics\shade.h,33,0.042958,0.071738
C:\Users\mrobe\Documents\git_repos\oldschool-clientc\src\js5\js5.c,2170,0.042930,0.071691
C:\Users\mrobe\Documents\git_repos\oldschool-clientc\3rd\toridraw\graphics\raster\gouraudhsllightness\gouraudhsllightness.screen.opaque.bary.branching.s4.c,167,0.042917,0.071669
C:\Users\mrobe\Documents\git_repos\oldschool-clientc\3rd\toridraw\toridraw_2d.c,406,0.041178,0.068765
C:\Users\mrobe\Documents\git_repos\oldschool-clientc\src\engine\uitree_from_component.c,126,0.041035,0.068526
C:\Users\mrobe\Documents\git_repos\oldschool-clientc\3rd\toridraw\triangles\toridraw_triangle_gouraud.u.c,1128,0.041023,0.068506
C:\Users\mrobe\Documents\git_repos\oldschool-clientc\src\render\torirs_frame.c,2077,0.041005,0.068476
C:\Users\mrobe\Documents\git_repos\oldschool-clientc\3rd\toridraw\toridraw_render.u.c,1225,0.040997,0.068463
C:\Users\mrobe\Documents\git_repos\oldschool-clientc\toolchains\mingw32\lib\gcc\i686-w64-mingw32\15.2.0\include\emmintrin.h,1330,0.040995,0.068459
C:\Users\mrobe\Documents\git_repos\oldschool-clientc\3rd\rscache\src\checksum.c,110,0.040980,0.068434
C:\Users\mrobe\Documents\git_repos\oldschool-clientc\toolchains\mingw32\lib\gcc\i686-w64-mingw32\15.2.0\include\emmintrin.h,743,0.040960,0.068401
C:\Users\mrobe\Documents\git_repos\oldschool-clientc\src\<artificial>,96,0.040054,0.066888
C:\Users\mrobe\Documents\git_repos\oldschool-clientc\src\platform\platform_sdl2_renderer_soft3d.c,942,0.039062,0.065231
C:\Users\mrobe\Documents\git_repos\oldschool-clientc\3rd\toridraw\graphics\shared_tables.h,45,0.039060,0.065228
C:\Users\mrobe\Documents\git_repos\oldschool-clientc\3rd\toridraw\triangles\toridraw_triangle_gouraud.u.c,809,0.039050,0.065211
C:\Users\mrobe\Documents\git_repos\oldschool-clientc\3rd\toridraw\toridraw_model.c,41,0.039044,0.065201
C:\Users\mrobe\Documents\git_repos\oldschool-clientc\3rd\toridraw\graphics\raster\gouraudhsllightness\gouraudhsllightness.screen.opaque.bary.branching.s4.c,133,0.039043,0.065200
C:\Users\mrobe\Documents\git_repos\oldschool-clientc\src\engine\dat2\task_dat2_map_load.c,42,0.038165,0.063734
C:\Users\mrobe\Documents\git_repos\oldschool-clientc\src\painters\painters_bucket.u.c,930,0.037360,0.062389
C:\Users\mrobe\Documents\git_repos\oldschool-clientc\3rd\toridraw\toridraw_2d.c,79,0.037179,0.062087
C:\Users\mrobe\Documents\git_repos\oldschool-clientc\3rd\toridraw\triangles\toridraw_triangle_gouraud.u.c,807,0.037123,0.061993
C:\Users\mrobe\Documents\git_repos\oldschool-clientc\3rd\toridraw\graphics\shared_tables.h,47,0.037119,0.061987
C:\Users\mrobe\Documents\git_repos\oldschool-clientc\3rd\toridraw\graphics\raster\gouraudhsllightness\gouraudhsllightness.screen.opaque.bary.branching.s4.c,178,0.037115,0.061980
C:\Users\mrobe\Documents\git_repos\oldschool-clientc\3rd\toridraw\graphics\raster\gouraudhsllightness\gouraudhsllightness.screen.opaque.bary.branching.s4.c,107,0.037113,0.061977
C:\Users\mrobe\Documents\git_repos\oldschool-clientc\src\<artificial>,105,0.037104,0.061962
C:\Users\mrobe\Documents\git_repos\oldschool-clientc\3rd\toridraw\triangles\toridraw_triangle_gouraud.u.c,815,0.037093,0.061943
C:\Users\mrobe\Documents\git_repos\oldschool-clientc\3rd\toridraw\graphics\raster\gouraudhsllightness\gouraudhsllightness.screen.opaque.bary.branching.s4.c,90,0.037087,0.061933
C:\Users\mrobe\Documents\git_repos\oldschool-clientc\toolchains\mingw32\lib\gcc\i686-w64-mingw32\15.2.0\include\emmintrin.h,1252,0.037080,0.061922
C:\Users\mrobe\Documents\git_repos\oldschool-clientc\3rd\toridraw\toridraw_raster.u.c,416,0.037060,0.061888
C:\Users\mrobe\Documents\git_repos\oldschool-clientc\3rd\toridraw\toridraw_lighting.c,174,0.036144,0.060359
C:\Users\mrobe\Documents\git_repos\oldschool-clientc\src\ui\uitree_emit.c,2727,0.036107,0.060297
C:\Users\mrobe\Documents\git_repos\oldschool-clientc\3rd\toridraw\graphics\raster\gouraudhsllightness\gouraudhsllightness.screen.opaque.bary.branching.s4.c,292,0.035172,0.058735
C:\Users\mrobe\Documents\git_repos\oldschool-clientc\3rd\miniz\miniz.c,2617,0.035166,0.058725
C:\Users\mrobe\Documents\git_repos\oldschool-clientc\3rd\toridraw\toridraw_font.c,485,0.035164,0.058722
C:\Users\mrobe\Documents\git_repos\oldschool-clientc\3rd\toridraw\graphics\raster\gouraudhsllightness\gouraudhsllightness.screen.opaque.bary.branching.s4.c,442,0.035160,0.058715
C:\Users\mrobe\Documents\git_repos\oldschool-clientc\src\ui\uitree_layout.c,499,0.035157,0.058710
R:\winlibs_staging_msvcrt32\gcc-15.2.0\build_mingw\i686-w64-mingw32\libgcc\..\..\..\libgcc\libgcc2.c,1017,0.035149,0.058697
C:\Users\mrobe\Documents\git_repos\oldschool-clientc\3rd\toridraw\toridraw_render.u.c,884,0.035145,0.058690
C:\Users\mrobe\Documents\git_repos\oldschool-clientc\3rd\toridraw\toridraw_render.u.c,1048,0.035141,0.058684
C:\Users\mrobe\Documents\git_repos\oldschool-clientc\3rd\toridraw\graphics\raster\texture\span\tex.span_uv.h,81,0.035102,0.058618
C:\Users\mrobe\Documents\git_repos\oldschool-clientc\3rd\bzip\bzip.c,415,0.034181,0.057080
C:\Users\mrobe\Documents\git_repos\oldschool-clientc\3rd\toridraw\toridraw_lighting.c,182,0.034178,0.057075
C:\Users\mrobe\Documents\git_repos\oldschool-clientc\3rd\toridraw\toridraw_raster.u.c,414,0.033207,0.055454
C:\Users\mrobe\Documents\git_repos\oldschool-clientc\3rd\toridraw\toridraw_model.c,165,0.033207,0.055454
C:\Users\mrobe\Documents\git_repos\oldschool-clientc\3rd\toridraw\toridraw_render.u.c,1640,0.033201,0.055444
C:\Users\mrobe\Documents\git_repos\oldschool-clientc\3rd\toridraw\toridraw_render.u.c,1119,0.033197,0.055437
C:\Users\mrobe\Documents\git_repos\oldschool-clientc\3rd\toridraw\graphics\raster\texture\span\tex.span.sse2.u.c,977,0.033195,0.055434
C:\Users\mrobe\Documents\git_repos\oldschool-clientc\3rd\toridraw\graphics\raster\texture\texshadeblend.persp.textrans.branching.lerp8_v3.u.c,285,0.033194,0.055432
R:\winlibs_staging_msvcrt32\gcc-15.2.0\build_mingw\i686-w64-mingw32\libgcc\..\..\..\libgcc\config\i386\cygwin.S,152,0.033192,0.055429
C:\Users\mrobe\Documents\git_repos\oldschool-clientc\3rd\toridraw\triangles\toridraw_triangle_gouraud.u.c,78,0.033191,0.055427
C:\Users\mrobe\Documents\git_repos\oldschool-clientc\3rd\toridraw\graphics\clamp.h,7,0.033020,0.055142
C:\Users\mrobe\Documents\git_repos\oldschool-clientc\src\cs2vm2\cs2vm2.c,3842,0.032225,0.053814
C:\Users\mrobe\Documents\git_repos\oldschool-clientc\src\js5\js5.c,1375,0.032223,0.053811
C:\Users\mrobe\Documents\git_repos\oldschool-clientc\src\cs2vm2\cs2vm2.c,11914,0.032220,0.053806
C:\Users\mrobe\Documents\git_repos\oldschool-clientc\3rd\toridraw\graphics\raster\flat\flat_screen_edges.h,19,0.031266,0.052213
C:\Users\mrobe\Documents\git_repos\oldschool-clientc\3rd\toridraw\graphics\raster\gouraudhsllightness\gouraudhsllightness.screen.opaque.bary.branching.s4.c,299,0.031259,0.052201
C:\Users\mrobe\Documents\git_repos\oldschool-clientc\3rd\toridraw\graphics\raster\flat\flat.screen.opaque.branching.s4.c,139,0.031252,0.052189
C:\Users\mrobe\Documents\git_repos\oldschool-clientc\src\main.c,3156,0.031251,0.052188
C:\Users\mrobe\Documents\git_repos\oldschool-clientc\3rd\toridraw\graphics\raster\texture\span\tex.span_uv.h,58,0.031250,0.052186
C:\Users\mrobe\Documents\git_repos\oldschool-clientc\3rd\rscache\src\datatypes\sound_render.c,94,0.031245,0.052178
C:\Users\mrobe\Documents\git_repos\oldschool-clientc\3rd\toridraw\graphics\raster\gouraudhsllightness\gouraudhsllightness.screen.opaque.bary.branching.s4.c,381,0.031245,0.052178
C:\Users\mrobe\Documents\git_repos\oldschool-clientc\3rd\toridraw\graphics\raster\gouraudhsllightness\gouraudhsllightness.screen.opaque.bary.branching.s4.c,533,0.031239,0.052167
C:\Users\mrobe\Documents\git_repos\oldschool-clientc\3rd\toridraw\graphics\raster\texture\span\tex.span.sse2.u.c,952,0.031239,0.052167
C:\Users\mrobe\Documents\git_repos\oldschool-clientc\3rd\toridraw\toridraw_raster.u.c,1137,0.031238,0.052166
C:\Users\mrobe\Documents\git_repos\oldschool-clientc\3rd\toridraw\graphics\raster\texture\span\tex.span_uv.h,121,0.031236,0.052162
C:\Users\mrobe\Documents\git_repos\oldschool-clientc\3rd\toridraw\graphics\raster\gouraudhsllightness\gouraudhsllightness.screen.opaque.bary.branching.s4.c,471,0.031227,0.052147
C:\Users\mrobe\Documents\git_repos\oldschool-clientc\3rd\toridraw\graphics\raster\texture\span\tex.span.sse2.u.c,1027,0.031225,0.052144
C:\Users\mrobe\Documents\git_repos\oldschool-clientc\src\js5\js5.c,1310,0.031177,0.052064
C:\Users\mrobe\Documents\git_repos\oldschool-clientc\3rd\toridraw\toridraw_render.u.c,1642,0.031172,0.052056
C:\Users\mrobe\Documents\git_repos\oldschool-clientc\src\cs2vm2\cs2vm2.c,4267,0.030278,0.050563
C:\Users\mrobe\Documents\git_repos\oldschool-clientc\src\ui\uitree_debug_overlay.c,1358,0.030270,0.050549
C:\Users\mrobe\Documents\git_repos\oldschool-clientc\3rd\bzip\bzip.c,364,0.029304,0.048936
C:\Users\mrobe\Documents\git_repos\oldschool-clientc\3rd\toridraw\toridraw_render.u.c,1616,0.029299,0.048928
C:\Users\mrobe\Documents\git_repos\oldschool-clientc\3rd\toridraw\toridraw_model.c,86,0.029299,0.048928
C:\Users\mrobe\Documents\git_repos\oldschool-clientc\3rd\toridraw\toridraw_model.c,193,0.029299,0.048928
C:\Users\mrobe\Documents\git_repos\oldschool-clientc\src\painters\painters_bucket.u.c,1394,0.029298,0.048926
C:\Users\mrobe\Documents\git_repos\oldschool-clientc\3rd\toridraw\toridraw_render.u.c,1224,0.029296,0.048923
C:\Users\mrobe\Documents\git_repos\oldschool-clientc\3rd\toridraw\graphics\shared_tables.h,48,0.029295,0.048921
C:\Users\mrobe\Documents\git_repos\oldschool-clientc\3rd\toridraw\graphics\raster\gouraudhsllightness\gouraudhsllightness.screen.opaque.bary.branching.s4.c,158,0.029293,0.048918
C:\Users\mrobe\Documents\git_repos\oldschool-clientc\3rd\toridraw\toridraw_render.u.c,1117,0.029288,0.048909
C:\Users\mrobe\Documents\git_repos\oldschool-clientc\src\render\torirs_frame.c,2087,0.029286,0.048906
C:\Users\mrobe\Documents\git_repos\oldschool-clientc\src\<artificial>,10126,0.029285,0.048904
C:\Users\mrobe\Documents\git_repos\oldschool-clientc\toolchains\mingw32\lib\gcc\i686-w64-mingw32\15.2.0\include\emmintrin.h,1121,0.029277,0.048891
C:\Users\mrobe\Documents\git_repos\oldschool-clientc\src\app.c,5010,0.028332,0.047313
C:\Users\mrobe\Documents\git_repos\oldschool-clientc\src\ui\uitree.c,1527,0.028325,0.047301
C:\Users\mrobe\Documents\git_repos\oldschool-clientc\src\painters\painters_bucket.u.c,112,0.028323,0.047298
C:\Users\mrobe\Documents\git_repos\oldschool-clientc\src\net\loginproto_osrs239.c,326,0.028321,0.047295
C:\Users\mrobe\Documents\git_repos\oldschool-clientc\src\game\rs_cs2_host.c,4680,0.028321,0.047295
C:\Users\mrobe\Documents\git_repos\oldschool-clientc\3rd\toridraw\toridraw_lighting.c,177,0.028315,0.047285
C:\Users\mrobe\Documents\git_repos\oldschool-clientc\src\engine\dat2\dat2_group_cache.c,245,0.028313,0.047281
C:\Users\mrobe\Documents\git_repos\oldschool-clientc\src\ui\uitree_scroll.c,83,0.028311,0.047278
C:\Users\mrobe\Documents\git_repos\oldschool-clientc\src\game\rs_cs2_host.c,7470,0.028309,0.047275
C:\Users\mrobe\Documents\git_repos\oldschool-clientc\src\painters\painters_bucket.u.c,356,0.027383,0.045728
C:\Users\mrobe\Documents\git_repos\oldschool-clientc\3rd\toridraw\toridraw_animation.c,105,0.027362,0.045693
C:\Users\mrobe\Documents\git_repos\oldschool-clientc\3rd\bzip\bzip.c,537,0.027354,0.045680
C:\Users\mrobe\Documents\git_repos\oldschool-clientc\src\painters\painters_bucket.u.c,1009,0.027353,0.045678
C:\Users\mrobe\Documents\git_repos\oldschool-clientc\3rd\toridraw\graphics\raster\gouraudhsllightness\gouraudhsllightness.screen.opaque.bary.branching.s4.c,599,0.027352,0.045676
C:\Users\mrobe\Documents\git_repos\oldschool-clientc\3rd\toridraw\toridraw_model_transform.c,834,0.027350,0.045673
C:\Users\mrobe\Documents\git_repos\oldschool-clientc\3rd\hmap\hmap.h,241,0.027347,0.045668
C:\Users\mrobe\Documents\git_repos\oldschool-clientc\3rd\toridraw\graphics\raster\gouraudhsllightness\gouraudhsllightness.screen.opaque.bary.branching.s4.c,549,0.027346,0.045666
C:\Users\mrobe\Documents\git_repos\oldschool-clientc\3rd\toridraw\toridraw_render.u.c,1263,0.027344,0.045663
C:\Users\mrobe\Documents\git_repos\oldschool-clientc\3rd\miniz\miniz.c,2614,0.027343,0.045661
C:\Users\mrobe\Documents\git_repos\oldschool-clientc\3rd\toridraw\graphics\projection16_simd.sse2.u.c,2275,0.027343,0.045661
C:\Users\mrobe\Documents\git_repos\oldschool-clientc\3rd\toridraw\toridraw_render.u.c,1615,0.027341,0.045658
C:\Users\mrobe\Documents\git_repos\oldschool-clientc\src\ui\uitree_input.c,343,0.027341,0.045658
C:\Users\mrobe\Documents\git_repos\oldschool-clientc\src\painters\painters_bucket.u.c,107,0.027340,0.045656
C:\Users\mrobe\Documents\git_repos\oldschool-clientc\3rd\toridraw\graphics\raster\gouraudhsllightness\gouraudhsllightness.screen.opaque.bary.branching.s4.c,102,0.027336,0.045650
C:\Users\mrobe\Documents\git_repos\oldschool-clientc\3rd\rscache\src\checksum.c,111,0.027335,0.045648
C:\Users\mrobe\Documents\git_repos\oldschool-clientc\src\platform\platform_sdl2_renderer_soft3d.c,1144,0.027335,0.045648
C:\Users\mrobe\Documents\git_repos\oldschool-clientc\src\game\rs_cs2_dispatch.c,142,0.027335,0.045648
C:\Users\mrobe\Documents\git_repos\oldschool-clientc\src\ui\uitree_layout.c,230,0.027335,0.045648
C:\Users\mrobe\Documents\git_repos\oldschool-clientc\src\painters\painters_bucket.u.c,76,0.027288,0.045570
C:\Users\mrobe\Documents\git_repos\oldschool-clientc\3rd\bzip\bzip.c,378,0.026377,0.044048
R:\winlibs_staging_msvcrt32\gcc-15.2.0\build_mingw\i686-w64-mingw32\libgcc\..\..\..\libgcc\config\i386\cygwin.S,160,0.026373,0.044042
C:\Users\mrobe\Documents\git_repos\oldschool-clientc\3rd\toridraw\toridraw_2d.c,451,0.026358,0.044016
C:\Users\mrobe\Documents\git_repos\oldschool-clientc\src\ui\uitree_input.c,320,0.026341,0.043988
C:\Users\mrobe\Documents\git_repos\oldschool-clientc\src\render\torirs_frame.c,2079,0.026274,0.043876
C:\Users\mrobe\Documents\git_repos\oldschool-clientc\src\painters\painters_bucket.u.c,908,0.025442,0.042487
C:\Users\mrobe\Documents\git_repos\oldschool-clientc\3rd\toridraw\toridraw_2d.c,413,0.025427,0.042462
C:\Users\mrobe\Documents\git_repos\oldschool-clientc\3rd\toridraw\graphics\raster\texture\span\tex.span_uv.h,83,0.025422,0.042453
C:\Users\mrobe\Documents\git_repos\oldschool-clientc\3rd\toridraw\toridraw_model.c,44,0.025405,0.042425
C:\Users\mrobe\Documents\git_repos\oldschool-clientc\3rd\bzip\bzip.c,557,0.025404,0.042423
C:\Users\mrobe\Documents\git_repos\oldschool-clientc\3rd\toridraw\toridraw_model.c,191,0.025402,0.042420
C:\Users\mrobe\Documents\git_repos\oldschool-clientc\3rd\toridraw\toridraw_model_transform.c,644,0.025402,0.042420
C:\Users\mrobe\Documents\git_repos\oldschool-clientc\3rd\toridraw\graphics\raster\gouraudhsllightness\gouraudhsllightness.screen.opaque.bary.branching.s4.c,512,0.025400,0.042417
C:\Users\mrobe\Documents\git_repos\oldschool-clientc\3rd\toridraw\toridraw_render.u.c,1092,0.025398,0.042413
C:\Users\mrobe\Documents\git_repos\oldschool-clientc\3rd\toridraw\graphics\projection.h,144,0.025397,0.042412
C:\Users\mrobe\Documents\git_repos\oldschool-clientc\src\ui\uitree_emit.c,2079,0.025393,0.042405
C:\Users\mrobe\Documents\git_repos\oldschool-clientc\3rd\toridraw\graphics\raster\gouraudhsllightness\gouraudhsllightness.screen.opaque.bary.branching.s4.c,629,0.025392,0.042403
C:\Users\mrobe\Documents\git_repos\oldschool-clientc\src\revconfig\revconfig_load.c,432,0.025391,0.042402
C:\Users\mrobe\Documents\git_repos\oldschool-clientc\3rd\toridraw\toridraw_render.u.c,1070,0.025388,0.042397
C:\Users\mrobe\Documents\git_repos\oldschool-clientc\3rd\toridraw\graphics\shared_tables.h,104,0.025388,0.042397
C:\Users\mrobe\Documents\git_repos\oldschool-clientc\3rd\toridraw\toridraw_model.h,222,0.025384,0.042390
C:\Users\mrobe\Documents\git_repos\oldschool-clientc\src\varp\varp_manager.c,439,0.025382,0.042387
C:\Users\mrobe\Documents\git_repos\oldschool-clientc\3rd\toridraw\graphics\shared_tables.c,205,0.025381,0.042385
C:\Users\mrobe\Documents\git_repos\oldschool-clientc\src\render\torirs_frame.c,2397,0.025349,0.042331
C:\Users\mrobe\Documents\git_repos\oldschool-clientc\3rd\rscache\src\reference_table.c,141,0.024444,0.040820
C:\Users\mrobe\Documents\git_repos\oldschool-clientc\3rd\hmap\hmap.h,326,0.024435,0.040805
C:\Users\mrobe\Documents\git_repos\oldschool-clientc\3rd\toridraw\toridraw_lighting.c,153,0.024424,0.040787
C:\Users\mrobe\Documents\git_repos\oldschool-clientc\src\engine\uitree_from_component.c,242,0.024400,0.040747
C:\Users\mrobe\Documents\git_repos\oldschool-clientc\3rd\hmap\hmap.h,420,0.024372,0.040700
C:\Users\mrobe\Documents\git_repos\oldschool-clientc\3rd\toridraw\toridraw_sprite.c,506,0.023511,0.039262
C:\Users\mrobe\Documents\git_repos\oldschool-clientc\3rd\toridraw\toridraw_font.c,852,0.023458,0.039174
C:\Users\mrobe\Documents\git_repos\oldschool-clientc\3rd\bzip\bzip.c,391,0.023449,0.039159
C:\Users\mrobe\Documents\git_repos\oldschool-clientc\3rd\toridraw\graphics\raster\gouraudhsllightness\gouraudhsllightness.screen.opaque.bary.branching.s4.c,163,0.023443,0.039149
C:\Users\mrobe\Documents\git_repos\oldschool-clientc\3rd\toridraw\toridraw_render.u.c,1269,0.023441,0.039145
C:\Users\mrobe\Documents\git_repos\oldschool-clientc\3rd\toridraw\graphics\shade.h,35,0.023440,0.039144
C:\Users\mrobe\Documents\git_repos\oldschool-clientc\3rd\rscache\src\revisions\rev_dat1_lc254.c,21,0.023439,0.039142
C:\Users\mrobe\Documents\git_repos\oldschool-clientc\src\engine\world_builder\world_scenery.u.c,130,0.023439,0.039142
C:\Users\mrobe\Documents\git_repos\oldschool-clientc\src\cs2vm2\cs2vm2.c,11980,0.023438,0.039140
C:\Users\mrobe\Documents\git_repos\oldschool-clientc\3rd\bzip\bzip.c,365,0.023437,0.039139
C:\Users\mrobe\Documents\git_repos\oldschool-clientc\src\render\torirs_frame.c,2080,0.023437,0.039139
C:\Users\mrobe\Documents\git_repos\oldschool-clientc\src\game\task_cs2_run.c,1024,0.023436,0.039137
C:\Users\mrobe\Documents\git_repos\oldschool-clientc\src\painters\painters_bucket.u.c,253,0.023434,0.039134
C:\Users\mrobe\Documents\git_repos\oldschool-clientc\3rd\toridraw\toridraw_raster.u.c,1129,0.023430,0.039127
C:\Users\mrobe\Documents\git_repos\oldschool-clientc\src\painters\painters_bucket.u.c,911,0.023428,0.039124
C:\Users\mrobe\Documents\git_repos\oldschool-clientc\src\ui\uitree_emit.c,2012,0.022525,0.037616
C:\Users\mrobe\Documents\git_repos\oldschool-clientc\3rd\rscache\src\rsbuffer.c,761,0.022491,0.037559
R:\winlibs_staging_msvcrt32\gcc-15.2.0\build_mingw\i686-w64-mingw32\libgcc\..\..\..\libgcc\libgcc2.c,1293,0.022471,0.037525
C:\Users\mrobe\Documents\git_repos\oldschool-clientc\src\cs2vm2\cs2vm2.c,4297,0.022470,0.037524
C:\Users\mrobe\Documents\git_repos\oldschool-clientc\src\ui\uitree_input.c,135,0.022462,0.037510
C:\Users\mrobe\Documents\git_repos\oldschool-clientc\src\app.c,2236,0.022461,0.037509
C:\Users\mrobe\Documents\git_repos\oldschool-clientc\3rd\rsprot\packets\rebuild_normal_v2.c,35,0.022461,0.037509
C:\Users\mrobe\Documents\git_repos\oldschool-clientc\src\cs2vm2\cs2vm2.c,8706,0.022460,0.037507
C:\Users\mrobe\Documents\git_repos\oldschool-clientc\src\engine\dat2\task_dat2_varp_load.c,145,0.022459,0.037505
C:\Users\mrobe\Documents\git_repos\oldschool-clientc\src\varp\varp_manager.c,425,0.022452,0.037494
C:\Users\mrobe\Documents\git_repos\oldschool-clientc\src\cs2vm2\cs2vm2.c,11907,0.022439,0.037472
C:\Users\mrobe\Documents\git_repos\oldschool-clientc\3rd\toridraw\toridraw_font.c,838,0.021571,0.036022
C:\Users\mrobe\Documents\git_repos\oldschool-clientc\3rd\toridraw\toridraw_scene.c,1304,0.021551,0.035989
C:\Users\mrobe\Documents\git_repos\oldschool-clientc\3rd\toridraw\toridraw_scene.h,345,0.021511,0.035922
C:\Users\mrobe\Documents\git_repos\oldschool-clientc\src\painters\painters_bucket.u.c,74,0.021505,0.035912
C:\Users\mrobe\Documents\git_repos\oldschool-clientc\3rd\bzip\bzip.c,339,0.021500,0.035904
C:\Users\mrobe\Documents\git_repos\oldschool-clientc\3rd\toridraw\toridraw_2d.c,642,0.021497,0.035899
C:\Users\mrobe\Documents\git_repos\oldschool-clientc\3rd\toridraw\graphics\raster\flat\flat.screen.opaque.branching.s4.c,156,0.021493,0.035892
C:\Users\mrobe\Documents\git_repos\oldschool-clientc\3rd\toridraw\toridraw_render.u.c,123,0.021493,0.035892
C:\Users\mrobe\Documents\git_repos\oldschool-clientc\src\world\entity_pool.c,46,0.021491,0.035889
C:\Users\mrobe\Documents\git_repos\oldschool-clientc\3rd\toridraw\toridraw_model.c,182,0.021489,0.035885
C:\Users\mrobe\Documents\git_repos\oldschool-clientc\src\painters\painters_bucket.u.c,1429,0.021482,0.035874
C:\Users\mrobe\Documents\git_repos\oldschool-clientc\3rd\toridraw\graphics\projection.u.c,278,0.021482,0.035874
C:\Users\mrobe\Documents\git_repos\oldschool-clientc\3rd\toridraw\graphics\raster\texture\span\tex.span.sse2.u.c,924,0.021482,0.035874
C:\Users\mrobe\Documents\git_repos\oldschool-clientc\src\world\world.c,619,0.021481,0.035872
C:\Users\mrobe\Documents\git_repos\oldschool-clientc\3rd\toridraw\graphics\raster\flat\flat_screen_edges.h,26,0.021477,0.035865
C:\Users\mrobe\Documents\git_repos\oldschool-clientc\3rd\toridraw\toridraw_2d.c,60,0.021470,0.035854
C:\Users\mrobe\Documents\git_repos\oldschool-clientc\3rd\toridraw\toridraw_raster.u.c,1391,0.021469,0.035852
C:\Users\mrobe\Documents\git_repos\oldschool-clientc\src\ui\uitree.c,4393,0.020521,0.034269
C:\Users\mrobe\Documents\git_repos\oldschool-clientc\3rd\rscache\src\datatypes\model.c,3031,0.020511,0.034252
C:\Users\mrobe\Documents\git_repos\oldschool-clientc\src\engine\world_builder\world_scenery.u.c,645,0.020511,0.034252
C:\Users\mrobe\Documents\git_repos\oldschool-clientc\src\engine\torirs_model_from_rscache.c,238,0.020508,0.034247
C:\Users\mrobe\Documents\git_repos\oldschool-clientc\src\world\world_cycle.c,145,0.020508,0.034247
C:\Users\mrobe\Documents\git_repos\oldschool-clientc\src\ui\uitree.c,1744,0.020507,0.034246
C:\Users\mrobe\Documents\git_repos\oldschool-clientc\3rd\toridraw\toridraw_model_transform.c,646,0.020501,0.034236
C:\Users\mrobe\Documents\git_repos\oldschool-clientc\3rd\rscache\src\revisions\rev_dat1_lc254.c,18,0.020500,0.034234
C:\Users\mrobe\Documents\git_repos\oldschool-clientc\3rd\toridraw\graphics\raster\texture\span\tex.span.sse2.u.c,1087,0.019652,0.032818
C:\Users\mrobe\Documents\git_repos\oldschool-clientc\3rd\toridraw\toridraw_sprite.c,510,0.019619,0.032763
C:\Users\mrobe\Documents\git_repos\oldschool-clientc\3rd\rscache\src\reference_table.c,78,0.019598,0.032728
C:\Users\mrobe\Documents\git_repos\oldschool-clientc\3rd\toridraw\toridraw_font.c,845,0.019585,0.032706
C:\Users\mrobe\Documents\git_repos\oldschool-clientc\3rd\toridraw\toridraw_font.c,843,0.019584,0.032704
C:\Users\mrobe\Documents\git_repos\oldschool-clientc\3rd\rscache\src\rsbuffer.c,236,0.019550,0.032647
C:\Users\mrobe\Documents\git_repos\oldschool-clientc\3rd\rscache\src\datatypes\sound_render.c,114,0.019543,0.032636
C:\Users\mrobe\Documents\git_repos\oldschool-clientc\src\app.c,8866,0.019541,0.032632
C:\Users\mrobe\Documents\git_repos\oldschool-clientc\3rd\bzip\bzip.c,426,0.019541,0.032632
C:\Users\mrobe\Documents\git_repos\oldschool-clientc\src\engine\world_builder\lightmap.c,27,0.019540,0.032631
C:\Users\mrobe\Documents\git_repos\oldschool-clientc\3rd\toridraw\toridraw_render.u.c,1558,0.019539,0.032629
C:\Users\mrobe\Documents\git_repos\oldschool-clientc\3rd\toridraw\triangles\toridraw_triangle_gouraud.u.c,813,0.019537,0.032626
C:\Users\mrobe\Documents\git_repos\oldschool-clientc\3rd\bzip\bzip.c,542,0.019536,0.032624
C:\Users\mrobe\Documents\git_repos\oldschool-clientc\3rd\toridraw\toridraw_render.u.c,1233,0.019536,0.032624
C:\Users\mrobe\Documents\git_repos\oldschool-clientc\3rd\toridraw\toridraw_raster.u.c,579,0.019536,0.032624
C:\Users\mrobe\Documents\git_repos\oldschool-clientc\src\game\rs_cs2_host.c,731,0.019535,0.032622
C:\Users\mrobe\Documents\git_repos\oldschool-clientc\3rd\toridraw\graphics\int_wrap.h,43,0.019534,0.032621
C:\Users\mrobe\Documents\git_repos\oldschool-clientc\toolchains\mingw32\lib\gcc\i686-w64-mingw32\15.2.0\include\emmintrin.h,1169,0.019533,0.032619
C:\Users\mrobe\Documents\git_repos\oldschool-clientc\3rd\toridraw\toridraw_render.u.c,414,0.019533,0.032619
C:\Users\mrobe\Documents\git_repos\oldschool-clientc\src\varp\varp_manager.c,542,0.019533,0.032619
C:\Users\mrobe\Documents\git_repos\oldschool-clientc\src\render\torirs_frame.c,956,0.019530,0.032614
C:\Users\mrobe\Documents\git_repos\oldschool-clientc\src\painters\painters_bucket.u.c,91,0.019529,0.032612
C:\Users\mrobe\Documents\git_repos\oldschool-clientc\3rd\toridraw\graphics\projection16_simd.sse2.u.c,2270,0.019528,0.032611
C:\Users\mrobe\Documents\git_repos\oldschool-clientc\3rd\toridraw\graphics\raster\gouraudhsllightness\gouraudhsllightness.screen.opaque.bary.branching.s4.c,301,0.019525,0.032606
C:\Users\mrobe\Documents\git_repos\oldschool-clientc\src\painters\painters_bucket.u.c,257,0.019519,0.032596
R:\winlibs_staging_msvcrt32\gcc-15.2.0\build_mingw\i686-w64-mingw32\libgcc\..\..\..\libgcc\config\i386\cygwin.S,153,0.019517,0.032592
C:\Users\mrobe\Documents\git_repos\oldschool-clientc\toolchains\mingw32\lib\gcc\i686-w64-mingw32\15.2.0\include\emmintrin.h,1211,0.019511,0.032582
C:\Users\mrobe\Documents\git_repos\oldschool-clientc\src\js5\js5.c,1377,0.019503,0.032569
C:\Users\mrobe\Documents\git_repos\oldschool-clientc\3rd\toridraw\graphics\raster\gouraudhsllightness\gouraudhsllightness.screen.opaque.bary.branching.s4.c,168,0.019442,0.032467
C:\Users\mrobe\Documents\git_repos\oldschool-clientc\3rd\toridraw\graphics\raster\texture\span\tex.span_uv.h,164,0.019440,0.032464
C:\Users\mrobe\Documents\git_repos\oldschool-clientc\3rd\toridraw\toridraw_2d.c,78,0.018576,0.031021
C:\Users\mrobe\Documents\git_repos\oldschool-clientc\src\cs2vm2\cs2vm2.c,2572,0.018562,0.030998
C:\Users\mrobe\Documents\git_repos\oldschool-clientc\src\app.c,13223,0.018556,0.030988
C:\Users\mrobe\Documents\git_repos\oldschool-clientc\src\cs2vm2\cs2vm2.c,11953,0.018553,0.030983
C:\Users\mrobe\Documents\git_repos\oldschool-clientc\src\ui\uitree.c,1764,0.018541,0.030962
C:\Users\mrobe\Documents\git_repos\oldschool-clientc\3rd\toridraw\toridraw_2d.c,649,0.017616,0.029418
C:\Users\mrobe\Documents\git_repos\oldschool-clientc\3rd\rscache\src\rsbuffer.c,234,0.017605,0.029399
C:\Users\mrobe\Documents\git_repos\oldschool-clientc\3rd\toridraw\graphics\raster\gouraudhsllightness\gouraudhsllightness.screen.opaque.bary.branching.s4.c,530,0.017601,0.029393
C:\Users\mrobe\Documents\git_repos\oldschool-clientc\3rd\hmap\hmap.h,237,0.017589,0.029373
C:\Users\mrobe\Documents\git_repos\oldschool-clientc\src\app.c,26961,0.017587,0.029369
C:\Users\mrobe\Documents\git_repos\oldschool-clientc\3rd\toridraw\toridraw_render.u.c,1250,0.017587,0.029369
C:\Users\mrobe\Documents\git_repos\oldschool-clientc\3rd\toridraw\toridraw_scene.c,1611,0.017587,0.029369
C:\Users\mrobe\Documents\git_repos\oldschool-clientc\src\engine\world_builder\world_sharelight.u.c,230,0.017586,0.029368
C:\Users\mrobe\Documents\git_repos\oldschool-clientc\3rd\toridraw\toridraw_font.c,1487,0.017585,0.029366
C:\Users\mrobe\Documents\git_repos\oldschool-clientc\3rd\toridraw\toridraw_render.u.c,1347,0.017585,0.029366
C:\Users\mrobe\Documents\git_repos\oldschool-clientc\3rd\toridraw\toridraw_font.c,798,0.017584,0.029364
C:\Users\mrobe\Documents\git_repos\oldschool-clientc\3rd\toridraw\graphics\raster\texture\texshadeblend.persp.textrans.branching.lerp8_v3.u.c,90,0.017584,0.029364
C:\Users\mrobe\Documents\git_repos\oldschool-clientc\3rd\toridraw\graphics\raster\texture\texshadeblend.persp.textrans.branching.lerp8_v3.u.c,47,0.017582,0.029361
C:\Users\mrobe\Documents\git_repos\oldschool-clientc\3rd\toridraw\graphics\raster\texture\span\tex.span.sse2.u.c,55,0.017581,0.029359
C:\Users\mrobe\Documents\git_repos\oldschool-clientc\src\engine\world_builder\heightmap.c,23,0.017580,0.029358
C:\Users\mrobe\Documents\git_repos\oldschool-clientc\3rd\toridraw\toridraw_2d.c,534,0.017580,0.029358
C:\Users\mrobe\Documents\git_repos\oldschool-clientc\src\platform\sockstream.c,93,0.017578,0.029354
C:\Users\mrobe\Documents\git_repos\oldschool-clientc\src\revconfig\revconfig.c,934,0.017578,0.029354
C:\Users\mrobe\Documents\git_repos\oldschool-clientc\3rd\toridraw\graphics\raster\gouraudhsllightness\gouraudhsllightness.screen.opaque.bary.branching.s4.c,233,0.017578,0.029354
C:\Users\mrobe\Documents\git_repos\oldschool-clientc\src\painters\painters_bucket.u.c,917,0.017575,0.029349
C:\Users\mrobe\Documents\git_repos\oldschool-clientc\3rd\toridraw\graphics\raster\gouraudhsllightness\gouraudhsllightness.screen.opaque.bary.branching.s4.c,608,0.017575,0.029349
C:\Users\mrobe\Documents\git_repos\oldschool-clientc\3rd\toridraw\graphics\raster\gouraudhsllightness\gouraudhsllightness.screen.opaque.bary.branching.s4.c,352,0.017574,0.029348
C:\Users\mrobe\Documents\git_repos\oldschool-clientc\3rd\toridraw\graphics\raster\flat\flat_screen_edges.h,27,0.017573,0.029346
C:\Users\mrobe\Documents\git_repos\oldschool-clientc\src\net\rev\osrs239\osrs239_entity_info.c,518,0.017572,0.029344
C:\Users\mrobe\Documents\git_repos\oldschool-clientc\3rd\toridraw\graphics\raster\gouraudhsllightness\gouraudhsllightness.screen.opaque.bary.branching.s4.c,101,0.017572,0.029344
C:\Users\mrobe\Documents\git_repos\oldschool-clientc\toolchains\mingw32\lib\gcc\i686-w64-mingw32\15.2.0\include\emmintrin.h,707,0.017552,0.029311
C:\Users\mrobe\Documents\git_repos\oldschool-clientc\3rd\toridraw\toridraw_render.u.c,1242,0.017549,0.029306
C:\Users\mrobe\Documents\git_repos\oldschool-clientc\3rd\toridraw\graphics\raster\gouraudhsllightness\gouraudhsllightness.screen.opaque.bary.branching.s4.c,98,0.017545,0.029299
C:\Users\mrobe\Documents\git_repos\oldschool-clientc\3rd\rscache\src\rsbuffer.c,765,0.016623,0.027760
C:\Users\mrobe\Documents\git_repos\oldschool-clientc\3rd\hmap\hmap.h,238,0.016618,0.027751
C:\Users\mrobe\Documents\git_repos\oldschool-clientc\src\ui\uitree_hook.c,207,0.016610,0.027738
C:\Users\mrobe\Documents\git_repos\oldschool-clientc\3rd\toridraw\toridraw_2d.c,37,0.016609,0.027736
C:\Users\mrobe\Documents\git_repos\oldschool-clientc\3rd\toridraw\toridraw_model.c,355,0.016608,0.027734
C:\Users\mrobe\Documents\git_repos\oldschool-clientc\3rd\bzip\bzip.c,556,0.016603,0.027726
C:\Users\mrobe\Documents\git_repos\oldschool-clientc\src\app.c,10768,0.016602,0.027724
C:\Users\mrobe\Documents\git_repos\oldschool-clientc\3rd\miniz\miniz.c,2616,0.016602,0.027724
C:\Users\mrobe\Documents\git_repos\oldschool-clientc\3rd\toridraw\toridraw_sprite.c,500,0.015698,0.026215
C:\Users\mrobe\Documents\git_repos\oldschool-clientc\src\app.c,8760,0.015677,0.026180
C:\Users\mrobe\Documents\git_repos\oldschool-clientc\3rd\miniz\miniz.c,2577,0.015675,0.026176
C:\Users\mrobe\Documents\git_repos\oldschool-clientc\src\painters\painters_bucket.u.c,100,0.015643,0.026123
C:\Users\mrobe\Documents\git_repos\oldschool-clientc\3rd\toridraw\toridraw_font.c,430,0.015637,0.026113
C:\Users\mrobe\Documents\git_repos\oldschool-clientc\src\engine\uitree_scene_bridge.c,438,0.015635,0.026110
C:\Users\mrobe\Documents\git_repos\oldschool-clientc\3rd\hmap\hmap.h,240,0.015630,0.026101
C:\Users\mrobe\Documents\git_repos\oldschool-clientc\3rd\bzip\bzip.c,47,0.015629,0.026100
C:\Users\mrobe\Documents\git_repos\oldschool-clientc\src\main.c,2918,0.015629,0.026100
C:\Users\mrobe\Documents\git_repos\oldschool-clientc\3rd\rscache\src\reference_table.c,109,0.015629,0.026100
C:\Users\mrobe\Documents\git_repos\oldschool-clientc\src\bootmanifest\bootmanifest.c,1077,0.015628,0.026098
C:\Users\mrobe\Documents\git_repos\oldschool-clientc\3rd\ini\ini.c,48,0.015627,0.026096
C:\Users\mrobe\Documents\git_repos\oldschool-clientc\3rd\toridraw\toridraw_render.u.c,1647,0.015626,0.026095
C:\Users\mrobe\Documents\git_repos\oldschool-clientc\src\bootmanifest\bootmanifest.c,1315,0.015622,0.026088
C:\Users\mrobe\Documents\git_repos\oldschool-clientc\src\platform\platform_sdl2_renderer_soft3d.c,938,0.015622,0.026088
C:\Users\mrobe\Documents\git_repos\oldschool-clientc\src\js5\js5.c,448,0.015621,0.026086
C:\Users\mrobe\Documents\git_repos\oldschool-clientc\src\render\torirs_frame.c,180,0.015621,0.026086
C:\Users\mrobe\Documents\git_repos\oldschool-clientc\3rd\toridraw\graphics\shared_tables.h,50,0.015620,0.026085
C:\Users\mrobe\Documents\git_repos\oldschool-clientc\src\audio\torirs_midi_synth.c,351,0.015619,0.026083
C:\Users\mrobe\Documents\git_repos\oldschool-clientc\src\platform\sockstream.c,121,0.015618,0.026081
C:\Users\mrobe\Documents\git_repos\oldschool-clientc\src\platform\platform_win32_timing.c,112,0.015617,0.026080
C:\Users\mrobe\Documents\git_repos\oldschool-clientc\3rd\toridraw\graphics\raster\texture\span\tex.span.sse2.u.c,962,0.015615,0.026076
C:\Users\mrobe\Documents\git_repos\oldschool-clientc\3rd\hmap\hmap.h,412,0.015614,0.026075
C:\Users\mrobe\Documents\git_repos\oldschool-clientc\3rd\rscache\src\reference_table.c,87,0.015612,0.026071
C:\Users\mrobe\Documents\git_repos\oldschool-clientc\3rd\toridraw\graphics\raster\gouraudhsllightness\gouraudhsllightness.screen.opaque.bary.branching.s4.c,180,0.015611,0.026070
C:\Users\mrobe\Documents\git_repos\oldschool-clientc\src\cs2vm2\cs2vm2.c,11915,0.015610,0.026068
C:\Users\mrobe\Documents\git_repos\oldschool-clientc\3rd\toridraw\graphics\raster\gouraudhsllightness\gouraudhsllightness.screen.opaque.bary.branching.s4.c,380,0.015609,0.026066
C:\Users\mrobe\Documents\git_repos\oldschool-clientc\toolchains\mingw32\lib\gcc\i686-w64-mingw32\15.2.0\include\emmintrin.h,1324,0.015604,0.026058
C:\Users\mrobe\Documents\git_repos\oldschool-clientc\3rd\miniz\miniz.c,2828,0.015601,0.026053
C:\Users\mrobe\Documents\git_repos\oldschool-clientc\src\js5\js5.c,1361,0.015601,0.026053
C:\Users\mrobe\Documents\git_repos\oldschool-clientc\src\world\world.c,614,0.015598,0.026048
C:\Users\mrobe\Documents\git_repos\oldschool-clientc\3rd\bzip\bzip.c,399,0.015596,0.026044
C:\Users\mrobe\Documents\git_repos\oldschool-clientc\3rd\miniz\miniz.c,2744,0.015568,0.025998
C:\Users\mrobe\Documents\git_repos\oldschool-clientc\src\platform\platform_sdl2_renderer_soft3d.c,1047,0.014653,0.024470
C:\Users\mrobe\Documents\git_repos\oldschool-clientc\src\ui\uitree_layout.c,28,0.014652,0.024468
C:\Users\mrobe\Documents\git_repos\oldschool-clientc\3rd\bzip\bzip.c,438,0.014650,0.024465
C:\Users\mrobe\Documents\git_repos\oldschool-clientc\src\app.c,6435,0.014643,0.024453
C:\Users\mrobe\Documents\git_repos\oldschool-clientc\src\platform\platform_socket.c,50,0.014640,0.024448
C:\Users\mrobe\Documents\git_repos\oldschool-clientc\3rd\miniz\miniz.c,2731,0.014636,0.024441
C:\Users\mrobe\Documents\git_repos\oldschool-clientc\3rd\rscache\src\datatypes\cs2_script.c,66,0.014636,0.024441
C:\Users\mrobe\Documents\git_repos\oldschool-clientc\src\cs2vm2\cs2vm2.c,770,0.014633,0.024436
C:\Users\mrobe\Documents\git_repos\oldschool-clientc\3rd\toridraw\toridraw_sprite.c,508,0.013726,0.022922
C:\Users\mrobe\Documents\git_repos\oldschool-clientc\3rd\toridraw\toridraw_sprite.c,512,0.013717,0.022907
C:\Users\mrobe\Documents\git_repos\oldschool-clientc\3rd\toridraw\toridraw_model.c,38,0.013698,0.022875
C:\Users\mrobe\Documents\git_repos\oldschool-clientc\src\painters\painters_bucket.u.c,901,0.013684,0.022852
C:\Users\mrobe\Documents\git_repos\oldschool-clientc\3rd\toridraw\triangles\toridraw_triangle_gouraud.u.c,811,0.013683,0.022850
C:\Users\mrobe\Documents\git_repos\oldschool-clientc\3rd\toridraw\graphics\raster\texture\span\tex.span_uv.h,116,0.013681,0.022847
C:\Users\mrobe\Documents\git_repos\oldschool-clientc\3rd\toridraw\graphics\raster\gouraudhsllightness\gouraudhsllightness.screen.opaque.bary.branching.s4.c,298,0.013680,0.022845
C:\Users\mrobe\Documents\git_repos\oldschool-clientc\src\plugin\task_plugin_io.c,202,0.013679,0.022843
C:\Users\mrobe\Documents\git_repos\oldschool-clientc\3rd\toridraw\toridraw.c,642,0.013679,0.022843
C:\Users\mrobe\Documents\git_repos\oldschool-clientc\src\app.c,15130,0.013678,0.022842
C:\Users\mrobe\Documents\git_repos\oldschool-clientc\toolchains\mingw32\lib\gcc\i686-w64-mingw32\15.2.0\include\emmintrin.h,863,0.013672,0.022832
C:\Users\mrobe\Documents\git_repos\oldschool-clientc\src\platform\platform_x_io_js5_cache.c,107,0.013671,0.022830
C:\Users\mrobe\Documents\git_repos\oldschool-clientc\src\app.c,28104,0.013670,0.022828
C:\Users\mrobe\Documents\git_repos\oldschool-clientc\3rd\toridraw\toridraw_raster.u.c,386,0.013669,0.022827
C:\Users\mrobe\Documents\git_repos\oldschool-clientc\3rd\toridraw\graphics\raster\texture\span\tex.span.sse2.u.c,669,0.013668,0.022825
C:\Users\mrobe\Documents\git_repos\oldschool-clientc\3rd\toridraw\graphics\raster\flat\flat_screen_edges.h,23,0.013667,0.022823
C:\Users\mrobe\Documents\git_repos\oldschool-clientc\3rd\toridraw\toridraw_raster.u.c,454,0.013666,0.022822
C:\Users\mrobe\Documents\git_repos\oldschool-clientc\3rd\bzip\bzip.c,317,0.013665,0.022820
C:\Users\mrobe\Documents\git_repos\oldschool-clientc\src\painters\painters_bucket.u.c,1413,0.013664,0.022818
C:\Users\mrobe\Documents\git_repos\oldschool-clientc\3rd\bzip\bzip.c,523,0.013663,0.022816
C:\Users\mrobe\Documents\git_repos\oldschool-clientc\toolchains\mingw32\lib\gcc\i686-w64-mingw32\15.2.0\include\emmintrin.h,1073,0.013662,0.022815
C:\Users\mrobe\Documents\git_repos\oldschool-clientc\3rd\toridraw\graphics\raster\gouraudhsllightness\gouraudhsllightness.screen.opaque.bary.branching.s4.c,324,0.013662,0.022815
C:\Users\mrobe\Documents\git_repos\oldschool-clientc\toolchains\mingw32\i686-w64-mingw32\include\pthread_time.h,112,0.013660,0.022811
C:\Users\mrobe\Documents\git_repos\oldschool-clientc\3rd\toridraw\graphics\raster\texture\span\tex.span_uv.h,117,0.013658,0.022808
C:\Users\mrobe\Documents\git_repos\oldschool-clientc\src\<artificial>,11481,0.013658,0.022808
C:\Users\mrobe\Documents\git_repos\oldschool-clientc\3rd\toridraw\toridraw_render.u.c,2928,0.013656,0.022805
C:\Users\mrobe\Documents\git_repos\oldschool-clientc\3rd\hmap\hmap.h,256,0.013655,0.022803
C:\Users\mrobe\Documents\git_repos\oldschool-clientc\3rd\hmap\hmap.h,448,0.013655,0.022803
C:\Users\mrobe\Documents\git_repos\oldschool-clientc\3rd\toridraw\graphics\raster\texture\span\tex.span.sse2.u.c,914,0.013654,0.022801
C:\Users\mrobe\Documents\git_repos\oldschool-clientc\3rd\toridraw\graphics\raster\gouraudhsllightness\gouraudhsllightness.screen.opaque.bary.branching.s4.c,626,0.013654,0.022801
C:\Users\mrobe\Documents\git_repos\oldschool-clientc\src\cs2vm2\cs2vm2.c,11974,0.013649,0.022793
C:\Users\mrobe\Documents\git_repos\oldschool-clientc\src\platform\platform_sdl2_renderer_soft3d.c,762,0.013620,0.022745
C:\Users\mrobe\Documents\git_repos\oldschool-clientc\3rd\toridraw\graphics\projection16_simd.sse2.u.c,2272,0.013612,0.022731
C:\Users\mrobe\Documents\git_repos\oldschool-clientc\src\game\rs_gameproto_exec.c,671,0.012701,0.021210
C:\Users\mrobe\Documents\git_repos\oldschool-clientc\3rd\toridraw\toridraw_lighting.c,85,0.012701,0.021210
C:\Users\mrobe\Documents\git_repos\oldschool-clientc\src\app.c,19810,0.012694,0.021198
C:\Users\mrobe\Documents\git_repos\oldschool-clientc\src\js5\js5.c,1388,0.012688,0.021188
C:\Users\mrobe\Documents\git_repos\oldschool-clientc\src\cs2vm2\cs2vm2.c,11948,0.012688,0.021188
C:\Users\mrobe\Documents\git_repos\oldschool-clientc\src\cs2vm2\cs2vm2.c,751,0.012671,0.021160
C:\Users\mrobe\Documents\git_repos\oldschool-clientc\src\plugin\torirs_plugin_bridge.u.c,561,0.011736,0.019599
C:\Users\mrobe\Documents\git_repos\oldschool-clientc\src\plugin\torirs_plugin_bridge.u.c,570,0.011733,0.019593
C:\Users\mrobe\Documents\git_repos\oldschool-clientc\3rd\bzip\bzip.c,534,0.011728,0.019585
C:\Users\mrobe\Documents\git_repos\oldschool-clientc\src\painters\painters_bucket.u.c,1425,0.011724,0.019578
C:\Users\mrobe\Documents\git_repos\oldschool-clientc\3rd\rscache\src\checksum.c,125,0.011723,0.019577
C:\Users\mrobe\Documents\git_repos\oldschool-clientc\src\painters\painters.c,1983,0.011723,0.019577
C:\Users\mrobe\Documents\git_repos\oldschool-clientc\3rd\toridraw\graphics\raster\gouraudhsllightness\gouraudhsllightness.screen.opaque.bary.branching.s4.c,384,0.011723,0.019577
C:\Users\mrobe\Documents\git_repos\oldschool-clientc\3rd\bzip\bzip.c,555,0.011722,0.019575
C:\Users\mrobe\Documents\git_repos\oldschool-clientc\src\painters\painters_bucket.u.c,909,0.011721,0.019573
C:\Users\mrobe\Documents\git_repos\oldschool-clientc\3rd\toridraw\triangles\toridraw_triangle_gouraud.u.c,810,0.011721,0.019573
C:\Users\mrobe\Documents\git_repos\oldschool-clientc\src\engine\world_builder\sharelight_map.c,135,0.011720,0.019572
C:\Users\mrobe\Documents\git_repos\oldschool-clientc\3rd\toridraw\toridraw_render.u.c,780,0.011719,0.019570
C:\Users\mrobe\Documents\git_repos\oldschool-clientc\src\engine\world_builder\world_sharelight.u.c,229,0.011718,0.019568
C:\Users\mrobe\Documents\git_repos\oldschool-clientc\3rd\toridraw\graphics\raster\gouraudhsllightness\gouraudhsllightness.screen.opaque.bary.branching.s4.c,56,0.011717,0.019567
C:\Users\mrobe\Documents\git_repos\oldschool-clientc\src\painters\painters_bucket.u.c,83,0.011715,0.019563
C:\Users\mrobe\Documents\git_repos\oldschool-clientc\3rd\toridraw\graphics\raster\gouraudhsllightness\gouraudhsllightness.screen.opaque.bary.branching.s4.c,413,0.011714,0.019562
C:\Users\mrobe\Documents\git_repos\oldschool-clientc\3rd\toridraw\graphics\raster\gouraudhsllightness\gouraudhsllightness.screen.opaque.bary.branching.s4.c,33,0.011713,0.019560
C:\Users\mrobe\Documents\git_repos\oldschool-clientc\3rd\toridraw\graphics\raster\gouraudhsllightness\gouraudhsllightness.screen.opaque.bary.branching.s4.c,159,0.011710,0.019555
C:\Users\mrobe\Documents\git_repos\oldschool-clientc\3rd\toridraw\graphics\raster\gouraudhsllightness\gouraudhsllightness.screen.opaque.bary.branching.s4.c,509,0.011710,0.019555
R:\winlibs_staging_msvcrt32\gcc-15.2.0\build_mingw\i686-w64-mingw32\libgcc\..\..\..\libgcc\config\i386\cygwin.S,145,0.011707,0.019550
C:\Users\mrobe\Documents\git_repos\oldschool-clientc\src\cs2vm2\cs2vm2.c,168,0.011702,0.019542
C:\Users\mrobe\Documents\git_repos\oldschool-clientc\src\painters\painters_bucket.u.c,408,0.011701,0.019540
C:\Users\mrobe\Documents\git_repos\oldschool-clientc\3rd\toridraw\graphics\raster\texture\span\tex.span.sse2.u.c,945,0.011695,0.019530
C:\Users\mrobe\Documents\git_repos\oldschool-clientc\3rd\toridraw\graphics\raster\gouraudhsllightness\gouraudhsllightness.screen.opaque.bary.branching.s4.c,560,0.011694,0.019528
C:\Users\mrobe\Documents\git_repos\oldschool-clientc\3rd\toridraw\toridraw_raster.u.c,1368,0.011694,0.019528
C:\Users\mrobe\Documents\git_repos\oldschool-clientc\3rd\toridraw\triangles\toridraw_triangle_face_alpha.u.c,14,0.011694,0.019528
C:\Users\mrobe\Documents\git_repos\oldschool-clientc\3rd\miniz\miniz.c,2726,0.010776,0.017995
C:\Users\mrobe\Documents\git_repos\oldschool-clientc\3rd\rscache\src\reference_table.c,150,0.010772,0.017989
C:\Users\mrobe\Documents\git_repos\oldschool-clientc\src\painters\painters_bucket.u.c,744,0.010767,0.017980
C:\Users\mrobe\Documents\git_repos\oldschool-clientc\src\engine\dat2\dat2_group_cache.c,247,0.010752,0.017955
C:\Users\mrobe\Documents\git_repos\oldschool-clientc\src\js5\js5.c,910,0.010748,0.017949
C:\Users\mrobe\Documents\git_repos\oldschool-clientc\src\cs2vm2\cs2vm2.c,956,0.010746,0.017945
C:\Users\mrobe\Documents\git_repos\oldschool-clientc\3rd\bzip\bzip.c,441,0.010745,0.017944
C:\Users\mrobe\Documents\git_repos\oldschool-clientc\src\ui\uitree.h,802,0.010742,0.017939
C:\Users\mrobe\Documents\git_repos\oldschool-clientc\src\app.c,24382,0.010741,0.017937
C:\Users\mrobe\Documents\git_repos\oldschool-clientc\3rd\rscache\src\datatypes\sound_synth.c,337,0.010741,0.017937
C:\Users\mrobe\Documents\git_repos\oldschool-clientc\src\app.c,6156,0.010740,0.017935
C:\Users\mrobe\Documents\git_repos\oldschool-clientc\src\game\task_exec_entity_info.c,860,0.010739,0.017934
R:\winlibs_staging_msvcrt32\gcc-15.2.0\build_mingw\i686-w64-mingw32\libgcc\..\..\..\libgcc\config\i386\cygwin.S,143,0.010732,0.017922
C:\Users\mrobe\Documents\git_repos\oldschool-clientc\src\app.c,13219,0.010727,0.017914
C:\Users\mrobe\Documents\git_repos\oldschool-clientc\3rd\rscache\src\datatypes\noise.c,41,0.010724,0.017909
C:\Users\mrobe\Documents\git_repos\oldschool-clientc\3rd\toridraw\graphics\raster\gouraudhsllightness\gouraudhsllightness.screen.opaque.bary.branching.s4.c,474,0.010639,0.017767
C:\Users\mrobe\Documents\git_repos\oldschool-clientc\src\app.c,2242,0.009867,0.016477
C:\Users\mrobe\Documents\git_repos\oldschool-clientc\src\ui\uitree_layout.c,426,0.009788,0.016345
C:\Users\mrobe\Documents\git_repos\oldschool-clientc\src\platform\platform_sdl2_renderer_soft3d.c,289,0.009786,0.016342
C:\Users\mrobe\Documents\git_repos\oldschool-clientc\3rd\hmap\hmap.h,234,0.009781,0.016334
C:\Users\mrobe\Documents\git_repos\oldschool-clientc\src\render\torirs_frame.c,2078,0.009780,0.016332
C:\Users\mrobe\Documents\git_repos\oldschool-clientc\src\game\rs_player_stats.c,77,0.009777,0.016327
C:\Users\mrobe\Documents\git_repos\oldschool-clientc\src\painters\painters_bucket.u.c,344,0.009776,0.016325
C:\Users\mrobe\Documents\git_repos\oldschool-clientc\src\cs2vm2\cs2vm2.c,799,0.009775,0.016324
C:\Users\mrobe\Documents\git_repos\oldschool-clientc\3rd\toridraw\triangles\toridraw_triangle_gouraud.u.c,38,0.009775,0.016324
C:\Users\mrobe\Documents\git_repos\oldschool-clientc\3rd\toridraw\toridraw_raster.u.c,674,0.009772,0.016319
C:\Users\mrobe\Documents\git_repos\oldschool-clientc\3rd\bzip\bzip.c,345,0.009771,0.016317
C:\Users\mrobe\Documents\git_repos\oldschool-clientc\src\painters\painters_bucket.u.c,255,0.009770,0.016315
C:\Users\mrobe\Documents\git_repos\oldschool-clientc\3rd\toridraw\graphics\raster\texture\span\tex.span_uv.h,132,0.009770,0.016315
C:\Users\mrobe\Documents\git_repos\oldschool-clientc\src\painters\painters.c,30,0.009770,0.016315
C:\Users\mrobe\Documents\git_repos\oldschool-clientc\toolchains\mingw32\lib\gcc\i686-w64-mingw32\15.2.0\include\emmintrin.h,1037,0.009769,0.016314
C:\Users\mrobe\Documents\git_repos\oldschool-clientc\toolchains\mingw32\lib\gcc\i686-w64-mingw32\15.2.0\include\emmintrin.h,815,0.009769,0.016314
C:\Users\mrobe\Documents\git_repos\oldschool-clientc\3rd\toridraw\toridraw_render.u.c,990,0.009767,0.016310
C:\Users\mrobe\Documents\git_repos\oldschool-clientc\src\<artificial>,10123,0.009767,0.016310
C:\Users\mrobe\Documents\git_repos\oldschool-clientc\3rd\toridraw\graphics\raster\flat\flat.screen.opaque.branching.s4.c,226,0.009767,0.016310
C:\Users\mrobe\Documents\git_repos\oldschool-clientc\3rd\toridraw\toridraw_render.u.c,1145,0.009767,0.016310
C:\Users\mrobe\Documents\git_repos\oldschool-clientc\src\js5\js5.c,395,0.009766,0.016309
C:\Users\mrobe\Documents\git_repos\oldschool-clientc\3rd\toridraw\graphics\raster\texture\span\tex.span_uv.h,78,0.009766,0.016309
C:\Users\mrobe\Documents\git_repos\oldschool-clientc\3rd\toridraw\graphics\raster\gouraudhsllightness\gouraudhsllightness.screen.opaque.bary.branching.s4.c,104,0.009766,0.016309
C:\Users\mrobe\Documents\git_repos\oldschool-clientc\3rd\toridraw\graphics\raster\gouraudhsllightness\gouraudhsllightness.screen.opaque.bary.branching.s4.c,248,0.009765,0.016307
C:\Users\mrobe\Documents\git_repos\oldschool-clientc\3rd\bzip\bzip.c,550,0.009765,0.016307
C:\Users\mrobe\Documents\git_repos\oldschool-clientc\3rd\toridraw\graphics\raster\gouraudhsllightness\gouraudhsllightness.screen.opaque.bary.branching.s4.c,42,0.009765,0.016307
C:\Users\mrobe\Documents\git_repos\oldschool-clientc\3rd\toridraw\graphics\raster\gouraudhsllightness\gouraudhsllightness.screen.opaque.bary.branching.s4.c,438,0.009765,0.016307
C:\Users\mrobe\Documents\git_repos\oldschool-clientc\src\render\torirs_frame.c,2380,0.009765,0.016307
C:\Users\mrobe\Documents\git_repos\oldschool-clientc\src\ui\uitree_emit.c,2573,0.009765,0.016307
C:\Users\mrobe\Documents\git_repos\oldschool-clientc\3rd\rscache\src\datatypes\sound_render.c,444,0.009764,0.016305
C:\Users\mrobe\Documents\git_repos\oldschool-clientc\3rd\toridraw\toridraw_model.c,188,0.009764,0.016305
C:\Users\mrobe\Documents\git_repos\oldschool-clientc\src\engine\dat2\task_dat2_varbit_load.c,235,0.009762,0.016302
C:\Users\mrobe\Documents\git_repos\oldschool-clientc\3rd\rscache\src\dat2disk.c,270,0.009761,0.016300
C:\Users\mrobe\Documents\git_repos\oldschool-clientc\3rd\toridraw\graphics\raster\texture\span\tex.span.sse2.u.c,957,0.009760,0.016299
C:\Users\mrobe\Documents\git_repos\oldschool-clientc\src\render\torirs_frame.c,2001,0.009760,0.016299
C:\Users\mrobe\Documents\git_repos\oldschool-clientc\3rd\toridraw\toridraw_render.u.c,205,0.009759,0.016297
C:\Users\mrobe\Documents\git_repos\oldschool-clientc\3rd\toridraw\graphics\raster\gouraudhsllightness\gouraudhsllightness.screen.opaque.bary.branching.s4.c,605,0.009758,0.016295
C:\Users\mrobe\Documents\git_repos\oldschool-clientc\3rd\toridraw\graphics\raster\texture\span\tex.span.sse2.u.c,907,0.009757,0.016294
C:\Users\mrobe\Documents\git_repos\oldschool-clientc\3rd\toridraw\graphics\raster\gouraudhsllightness\gouraudhsllightness.screen.opaque.bary.branching.s4.c,70,0.009755,0.016290
C:\Users\mrobe\Documents\git_repos\oldschool-clientc\3rd\bzip\bzip.c,355,0.009753,0.016287
C:\Users\mrobe\Documents\git_repos\oldschool-clientc\3rd\toridraw\graphics\raster\texture\span\tex.span.sse2.u.c,919,0.009752,0.016285
C:\Users\mrobe\Documents\git_repos\oldschool-clientc\3rd\toridraw\toridraw_render.u.c,203,0.009751,0.016284
C:\Users\mrobe\Documents\git_repos\oldschool-clientc\3rd\toridraw\triangles\toridraw_triangle_flat.u.c,34,0.009751,0.016284
C:\Users\mrobe\Documents\git_repos\oldschool-clientc\src\ui\uitree.c,4203,0.009750,0.016282
C:\Users\mrobe\Documents\git_repos\oldschool-clientc\3rd\toridraw\graphics\projection16_simd.sse2.u.c,2193,0.009747,0.016277
C:\Users\mrobe\Documents\git_repos\oldschool-clientc\3rd\toridraw\toridraw_raster.u.c,649,0.009744,0.016272
C:\Users\mrobe\Documents\git_repos\oldschool-clientc\toolchains\mingw32\lib\gcc\i686-w64-mingw32\15.2.0\include\emmintrin.h,615,0.009738,0.016262
C:\Users\mrobe\Documents\git_repos\oldschool-clientc\src\ui\uitree.c,2442,0.009735,0.016257
C:\Users\mrobe\Documents\git_repos\oldschool-clientc\3rd\toridraw\triangles\toridraw_triangle_gouraud.u.c,114,0.009723,0.016237
C:\Users\mrobe\Documents\git_repos\oldschool-clientc\3rd\rscache\src\rsbuffer.c,413,0.008805,0.014704
C:\Users\mrobe\Documents\git_repos\oldschool-clientc\src\app.c,5135,0.008799,0.014694
C:\Users\mrobe\Documents\git_repos\oldschool-clientc\3rd\rscache\src\rsbuffer.c,169,0.008798,0.014692
C:\Users\mrobe\Documents\git_repos\oldschool-clientc\3rd\rscache\src\dat2disk.c,1287,0.008797,0.014691
C:\Users\mrobe\Documents\git_repos\oldschool-clientc\3rd\hmap\hmap.h,329,0.008793,0.014684
C:\Users\mrobe\Documents\git_repos\oldschool-clientc\src\engine\world_builder\world_contour_ground.u.c,96,0.008790,0.014679
C:\Users\mrobe\Documents\git_repos\oldschool-clientc\src\app.c,10669,0.008789,0.014677
C:\Users\mrobe\Documents\git_repos\oldschool-clientc\3rd\rscache\src\checksum.c,99,0.008789,0.014677
C:\Users\mrobe\Documents\git_repos\oldschool-clientc\src\cs2vm2\cs2vm2.c,11899,0.008786,0.014672
C:\Users\mrobe\Documents\git_repos\oldschool-clientc\3rd\bzip\bzip.c,379,0.008785,0.014670
C:\Users\mrobe\Documents\git_repos\oldschool-clientc\3rd\rscache\src\datatypes\cs2_script.c,65,0.008779,0.014660
C:\Users\mrobe\Documents\git_repos\oldschool-clientc\src\cs2vm2\cs2vm2.c,654,0.008770,0.014645
C:\Users\mrobe\Documents\git_repos\oldschool-clientc\3rd\toridraw\toridraw_model.c,192,0.008200,0.013694
C:\Users\mrobe\Documents\git_repos\oldschool-clientc\src\painters\painters_bucket.u.c,52,0.007964,0.013299
C:\Users\mrobe\Documents\git_repos\oldschool-clientc\3rd\toridraw\toridraw_font.c,1608,0.007853,0.013114
C:\Users\mrobe\Documents\git_repos\oldschool-clientc\src\app.c,13838,0.007852,0.013112
C:\Users\mrobe\Documents\git_repos\oldschool-clientc\3rd\toridraw\toridraw_font.c,1439,0.007842,0.013096
C:\Users\mrobe\Documents\git_repos\oldschool-clientc\src\ui\uitree_emit.c,2175,0.007842,0.013096
C:\Users\mrobe\Documents\git_repos\oldschool-clientc\3rd\toridraw\toridraw_model.c,166,0.007841,0.013094
C:\Users\mrobe\Documents\git_repos\oldschool-clientc\3rd\toridraw\toridraw_2d.c,411,0.007841,0.013094
C:\Users\mrobe\Documents\git_repos\oldschool-clientc\src\platform\platform_sdl2_renderer_soft3d.c,288,0.007838,0.013089
C:\Users\mrobe\Documents\git_repos\oldschool-clientc\src\ui\uitree_emit.c,2027,0.007837,0.013087
C:\Users\mrobe\Documents\git_repos\oldschool-clientc\3rd\toridraw\toridraw_raster.u.c,662,0.007828,0.013072
C:\Users\mrobe\Documents\git_repos\oldschool-clientc\src\painters\painters_bucket.u.c,1367,0.007821,0.013061
C:\Users\mrobe\Documents\git_repos\oldschool-clientc\src\ui\uitree.c,4371,0.007820,0.013059
C:\Users\mrobe\Documents\git_repos\oldschool-clientc\3rd\hmap\hmap.h,257,0.007818,0.013056
C:\Users\mrobe\Documents\git_repos\oldschool-clientc\3rd\toridraw\graphics\int_wrap.h,41,0.007818,0.013056
C:\Users\mrobe\Documents\git_repos\oldschool-clientc\3rd\toridraw\toridraw_render.u.c,1248,0.007818,0.013056
C:\Users\mrobe\Documents\git_repos\oldschool-clientc\3rd\toridraw\graphics\raster\flat\flat.screen.opaque.branching.s4.c,151,0.007817,0.013054
C:\Users\mrobe\Documents\git_repos\oldschool-clientc\src\engine\torirs_sound_from_rscache.c,12,0.007816,0.013052
C:\Users\mrobe\Documents\git_repos\oldschool-clientc\3rd\toridraw\graphics\raster\gouraudhsllightness\gouraudhsllightness.screen.opaque.bary.branching.s4.c,578,0.007815,0.013051
C:\Users\mrobe\Documents\git_repos\oldschool-clientc\3rd\toridraw\toridraw_scene.c,1373,0.007815,0.013051
C:\Users\mrobe\Documents\git_repos\oldschool-clientc\3rd\rscache\src\reference_table.c,294,0.007815,0.013051
C:\Users\mrobe\Documents\git_repos\oldschool-clientc\toolchains\mingw32\lib\gcc\i686-w64-mingw32\15.2.0\include\emmintrin.h,1318,0.007815,0.013051
C:\Users\mrobe\Documents\git_repos\oldschool-clientc\3rd\miniz\miniz.c,2588,0.007814,0.013049
C:\Users\mrobe\Documents\git_repos\oldschool-clientc\3rd\toridraw\graphics\raster\gouraudhsllightness\gouraudhsllightness.screen.opaque.bary.branching.s4.c,225,0.007814,0.013049
C:\Users\mrobe\Documents\git_repos\oldschool-clientc\3rd\toridraw\graphics\shared_tables.h,49,0.007814,0.013049
C:\Users\mrobe\Documents\git_repos\oldschool-clientc\3rd\toridraw\toridraw.c,692,0.007813,0.013047
C:\Users\mrobe\Documents\git_repos\oldschool-clientc\3rd\toridraw\graphics\raster\gouraudhsllightness\gouraudhsllightness.screen.opaque.bary.branching.s4.c,250,0.007813,0.013047
C:\Users\mrobe\Documents\git_repos\oldschool-clientc\3rd\toridraw\graphics\raster\gouraudhsllightness\gouraudhsllightness.screen.opaque.bary.branching.s4.c,137,0.007813,0.013047
C:\Users\mrobe\Documents\git_repos\oldschool-clientc\src\render\torirs_frame.c,1962,0.007813,0.013047
C:\Users\mrobe\Documents\git_repos\oldschool-clientc\3rd\hmap\hmap.h,243,0.007812,0.013046
C:\Users\mrobe\Documents\git_repos\oldschool-clientc\3rd\toridraw\toridraw_render.u.c,862,0.007812,0.013046
C:\Users\mrobe\Documents\git_repos\oldschool-clientc\src\app.c,6056,0.007812,0.013046
C:\Users\mrobe\Documents\git_repos\oldschool-clientc\3rd\miniz\miniz.c,2603,0.007812,0.013046
C:\Users\mrobe\Documents\git_repos\oldschool-clientc\3rd\rscache\src\datatypes\sound_render.c,95,0.007812,0.013046
C:\Users\mrobe\Documents\git_repos\oldschool-clientc\src\<artificial>,6375,0.007811,0.013044
C:\Users\mrobe\Documents\git_repos\oldschool-clientc\src\ui\uitree_emit.c,2755,0.007811,0.013044
C:\Users\mrobe\Documents\git_repos\oldschool-clientc\src\painters\painters_bucket.u.c,900,0.007810,0.013042
C:\Users\mrobe\Documents\git_repos\oldschool-clientc\3rd\toridraw\toridraw_render.u.c,852,0.007810,0.013042
C:\Users\mrobe\Documents\git_repos\oldschool-clientc\3rd\rscache\src\dat2disk.c,1367,0.007809,0.013041
C:\Users\mrobe\Documents\git_repos\oldschool-clientc\3rd\rscache\src\dat2disk.c,27,0.007809,0.013041
C:\Users\mrobe\Documents\git_repos\oldschool-clientc\3rd\toridraw\toridraw_render.u.c,1349,0.007809,0.013041
C:\Users\mrobe\Documents\git_repos\oldschool-clientc\3rd\toridraw\graphics\raster\flat\flat_screen_edges.h,10,0.007808,0.013039
C:\Users\mrobe\Documents\git_repos\oldschool-clientc\src\painters\painters_bucket.u.c,887,0.007808,0.013039
C:\Users\mrobe\Documents\git_repos\oldschool-clientc\3rd\rscache\src\dat2disk.c,780,0.007808,0.013039
C:\Users\mrobe\Documents\git_repos\oldschool-clientc\3rd\toridraw\toridraw_intrusive_list.h,52,0.007808,0.013039
C:\Users\mrobe\Documents\git_repos\oldschool-clientc\3rd\miniz\miniz.c,2835,0.007807,0.013037
C:\Users\mrobe\Documents\git_repos\oldschool-clientc\3rd\toridraw\graphics\raster\texture\span\tex.span.sse2.u.c,980,0.007807,0.013037
C:\Users\mrobe\Documents\git_repos\oldschool-clientc\3rd\bzip\bzip.c,390,0.007806,0.013036
C:\Users\mrobe\Documents\git_repos\oldschool-clientc\src\ui\uitree.c,4529,0.007806,0.013036
C:\Users\mrobe\Documents\git_repos\oldschool-clientc\src\render\torirs_polygon.c,59,0.007805,0.013034
C:\Users\mrobe\Documents\git_repos\oldschool-clientc\3rd\rscache\src\checksum.c,115,0.007804,0.013032
C:\Users\mrobe\Documents\git_repos\oldschool-clientc\3rd\toridraw\triangles\toridraw_triangle_face_alpha.u.c,13,0.007804,0.013032
C:\Users\mrobe\Documents\git_repos\oldschool-clientc\3rd\rscache\src\reference_table.c,292,0.007803,0.013031
C:\Users\mrobe\Documents\git_repos\oldschool-clientc\3rd\toridraw\graphics\shade.h,26,0.007802,0.013029
C:\Users\mrobe\Documents\git_repos\oldschool-clientc\3rd\toridraw\graphics\raster\flat\flat_screen_edges.h,22,0.007802,0.013029
C:\Users\mrobe\Documents\git_repos\oldschool-clientc\3rd\toridraw\toridraw_render.u.c,1047,0.007801,0.013027
C:\Users\mrobe\Documents\git_repos\oldschool-clientc\3rd\bzip\bzip.c,346,0.007800,0.013026
C:\Users\mrobe\Documents\git_repos\oldschool-clientc\src\render\torirs_frame.c,1992,0.007800,0.013026
C:\Users\mrobe\Documents\git_repos\oldschool-clientc\src\engine\uitree_from_component.c,244,0.007799,0.013024
C:\Users\mrobe\Documents\git_repos\oldschool-clientc\3rd\bzip\bzip.c,521,0.007798,0.013022
C:\Users\mrobe\Documents\git_repos\oldschool-clientc\3rd\rscache\src\datatypes\sound_render.c,80,0.007798,0.013022
C:\Users\mrobe\Documents\git_repos\oldschool-clientc\3rd\miniz\miniz.c,2707,0.007796,0.013019
C:\Users\mrobe\Documents\git_repos\oldschool-clientc\3rd\toridraw\toridraw_render.u.c,1309,0.007794,0.013016
C:\Users\mrobe\Documents\git_repos\oldschool-clientc\3rd\hmap\hmap.h,494,0.006996,0.011683
C:\Users\mrobe\Documents\git_repos\oldschool-clientc\3rd\toridraw\toridraw_2d.c,35,0.006860,0.011456
C:\Users\mrobe\Documents\git_repos\oldschool-clientc\src\game\rs_cs2_host.c,5156,0.006842,0.011426
C:\Users\mrobe\Documents\git_repos\oldschool-clientc\src\painters\painters_bucket.u.c,727,0.006840,0.011422
C:\Users\mrobe\Documents\git_repos\oldschool-clientc\src\plugin\torirs_plugin_bridge.u.c,3078,0.006836,0.011416
C:\Users\mrobe\Documents\git_repos\oldschool-clientc\3rd\miniz\miniz.c,2829,0.006836,0.011416
C:\Users\mrobe\Documents\git_repos\oldschool-clientc\src\engine\dat2\task_dat2_varp_load.c,136,0.006835,0.011414
C:\Users\mrobe\Documents\git_repos\oldschool-clientc\3rd\bzip\bzip.c,54,0.006832,0.011409
C:\Users\mrobe\Documents\git_repos\oldschool-clientc\src\game\rs_cs2_host.c,1805,0.006831,0.011407
C:\Users\mrobe\Documents\git_repos\oldschool-clientc\src\platform\platform_audio_null.c,112,0.006831,0.011407
C:\Users\mrobe\Documents\git_repos\oldschool-clientc\src\world\entity_registry.c,42,0.006830,0.011406
C:\Users\mrobe\Documents\git_repos\oldschool-clientc\src\game\task_cs2_run.c,1447,0.006830,0.011406
C:\Users\mrobe\Documents\git_repos\oldschool-clientc\src\cs2vm2\cs2vm2.c,787,0.006829,0.011404
C:\Users\mrobe\Documents\git_repos\oldschool-clientc\3rd\toridraw\toridraw_lighting.c,330,0.006829,0.011404
C:\Users\mrobe\Documents\git_repos\oldschool-clientc\src\app.c,13320,0.006827,0.011401
C:\Users\mrobe\Documents\git_repos\oldschool-clientc\3rd\miniz\miniz.c,2767,0.006824,0.011396
C:\Users\mrobe\Documents\git_repos\oldschool-clientc\3rd\bzip\bzip.c,547,0.006823,0.011394
C:\Users\mrobe\Documents\git_repos\oldschool-clientc\3rd\toridraw\toridraw_sprite.c,504,0.005889,0.009834
C:\Users\mrobe\Documents\git_repos\oldschool-clientc\3rd\toridraw\toridraw_font.c,847,0.005887,0.009831
C:\Users\mrobe\Documents\git_repos\oldschool-clientc\3rd\toridraw\graphics\raster\gouraudhsllightness\gouraudhsllightness.screen.opaque.bary.branching.s4.c,79,0.005883,0.009824
C:\Users\mrobe\Documents\git_repos\oldschool-clientc\src\render\torirs_frame.c,2277,0.005881,0.009821
C:\Users\mrobe\Documents\git_repos\oldschool-clientc\src\ui\uitree_emit.c,2035,0.005880,0.009819
C:\Users\mrobe\Documents\git_repos\oldschool-clientc\3rd\toridraw\toridraw_2d.c,638,0.005876,0.009813
C:\Users\mrobe\Documents\git_repos\oldschool-clientc\3rd\toridraw\toridraw_raster.u.c,567,0.005874,0.009809
C:\Users\mrobe\Documents\git_repos\oldschool-clientc\3rd\toridraw\toridraw_font.c,446,0.005873,0.009808
C:\Users\mrobe\Documents\git_repos\oldschool-clientc\src\ui\uitree_emit.c,402,0.005872,0.009806
C:\Users\mrobe\Documents\git_repos\oldschool-clientc\3rd\toridraw\toridraw_render.u.c,238,0.005871,0.009804
C:\Users\mrobe\Documents\git_repos\oldschool-clientc\src\ui\uitree_layout.c,491,0.005871,0.009804
C:\Users\mrobe\Documents\git_repos\oldschool-clientc\3rd\toridraw\toridraw_render.u.c,985,0.005870,0.009803
C:\Users\mrobe\Documents\git_repos\oldschool-clientc\src\platform\platform_sdl2_renderer_soft3d.c,967,0.005869,0.009801
C:\Users\mrobe\Documents\git_repos\oldschool-clientc\src\ui\uitree_emit.c,1892,0.005869,0.009801
C:\Users\mrobe\Documents\git_repos\oldschool-clientc\src\painters\painters.c,240,0.005868,0.009799
C:\Users\mrobe\Documents\git_repos\oldschool-clientc\3rd\toridraw\toridraw_render.u.c,1107,0.005868,0.009799
C:\Users\mrobe\Documents\git_repos\oldschool-clientc\3rd\toridraw\toridraw_intrusive_list.h,61,0.005867,0.009798
C:\Users\mrobe\Documents\git_repos\oldschool-clientc\src\ui\uitree_input.c,260,0.005867,0.009798
C:\Users\mrobe\Documents\git_repos\oldschool-clientc\3rd\rscache\src\archive.c,81,0.005866,0.009796
C:\Users\mrobe\Documents\git_repos\oldschool-clientc\src\painters\painters_bucket.u.c,459,0.005866,0.009796
C:\Users\mrobe\Documents\git_repos\oldschool-clientc\3rd\toridraw\graphics\raster\texture\span\tex.span.sse2.u.c,936,0.005866,0.009796
C:\Users\mrobe\Documents\git_repos\oldschool-clientc\3rd\toridraw\graphics\raster\gouraudhsllightness\gouraudhsllightness.screen.opaque.bary.branching.s4.c,439,0.005866,0.009796
C:\Users\mrobe\Documents\git_repos\oldschool-clientc\3rd\toridraw\graphics\raster\texture\span\tex.span_uv.h,53,0.005864,0.009793
C:\Users\mrobe\Documents\git_repos\oldschool-clientc\3rd\toridraw\graphics\projection16_simd.sse2.u.c,2276,0.005864,0.009793
C:\Users\mrobe\Documents\git_repos\oldschool-clientc\src\painters\painters_bucket.u.c,907,0.005863,0.009791
C:\Users\mrobe\Documents\git_repos\oldschool-clientc\src\painters\painters_bucket.u.c,411,0.005863,0.009791
C:\Users\mrobe\Documents\git_repos\oldschool-clientc\3rd\toridraw\graphics\raster\gouraudhsllightness\gouraudhsllightness.screen.opaque.bary.branching.s4.c,470,0.005863,0.009791
C:\Users\mrobe\Documents\git_repos\oldschool-clientc\3rd\toridraw\toridraw_raster.u.c,611,0.005863,0.009791
C:\Users\mrobe\Documents\git_repos\oldschool-clientc\src\painters\painters_bucket.u.c,1423,0.005862,0.009789
C:\Users\mrobe\Documents\git_repos\oldschool-clientc\src\painters\painters_bucket.u.c,94,0.005862,0.009789
C:\Users\mrobe\Documents\git_repos\oldschool-clientc\3rd\toridraw\graphics\raster\gouraudhsllightness\gouraudhsllightness.screen.opaque.bary.branching.s4.c,297,0.005862,0.009789
C:\Users\mrobe\Documents\git_repos\oldschool-clientc\3rd\toridraw\toridraw_model.c,284,0.005862,0.009789
C:\Users\mrobe\Documents\git_repos\oldschool-clientc\3rd\bzip\bzip.c,352,0.005861,0.009788
C:\Users\mrobe\Documents\git_repos\oldschool-clientc\3rd\bzip\bzip.c,430,0.005861,0.009788
C:\Users\mrobe\Documents\git_repos\oldschool-clientc\src\js5\js5.c,794,0.005861,0.009788
C:\Users\mrobe\Documents\git_repos\oldschool-clientc\src\platform\platform_x_io.c,704,0.005861,0.009788
C:\Users\mrobe\Documents\git_repos\oldschool-clientc\3rd\toridraw\graphics\raster\texture\span\tex.span.sse2.u.c,950,0.005861,0.009788
C:\Users\mrobe\Documents\git_repos\oldschool-clientc\3rd\toridraw\graphics\int_wrap.h,55,0.005861,0.009788
C:\Users\mrobe\Documents\git_repos\oldschool-clientc\3rd\toridraw\graphics\raster\gouraudhsllightness\gouraudhsllightness.screen.opaque.bary.branching.s4.c,282,0.005861,0.009788
C:\Users\mrobe\Documents\git_repos\oldschool-clientc\3rd\toridraw\toridraw_render.u.c,1252,0.005861,0.009788
C:\Users\mrobe\Documents\git_repos\oldschool-clientc\3rd\toridraw\toridraw_render.u.c,819,0.005861,0.009788
C:\Users\mrobe\Documents\git_repos\oldschool-clientc\src\painters\painters.c,75,0.005860,0.009786
C:\Users\mrobe\Documents\git_repos\oldschool-clientc\3rd\toridraw\graphics\raster\gouraudhsllightness\gouraudhsllightness.screen.opaque.bary.branching.s4.c,134,0.005860,0.009786
C:\Users\mrobe\Documents\git_repos\oldschool-clientc\3rd\toridraw\toridraw_raster.u.c,621,0.005860,0.009786
C:\Users\mrobe\Documents\git_repos\oldschool-clientc\3rd\toridraw\triangles\toridraw_triangle_face_alpha.u.c,16,0.005860,0.009786
C:\Users\mrobe\Documents\git_repos\oldschool-clientc\src\engine\uitree_from_component.c,227,0.005860,0.009786
C:\Users\mrobe\Documents\git_repos\oldschool-clientc\src\engine\world_builder\world_sharelight.u.c,124,0.005860,0.009786
C:\Users\mrobe\Documents\git_repos\oldschool-clientc\src\engine\world_builder\contour_ground.c,357,0.005860,0.009786
C:\Users\mrobe\Documents\git_repos\oldschool-clientc\src\painters\painters.h,153,0.005860,0.009786
C:\Users\mrobe\Documents\git_repos\oldschool-clientc\3rd\rscache\src\datatypes\sound_render.c,293,0.005860,0.009786
C:\Users\mrobe\Documents\git_repos\oldschool-clientc\3rd\toridraw\graphics\raster\gouraudhsllightness\gouraudhsllightness.screen.opaque.bary.branching.s4.c,19,0.005860,0.009786
C:\Users\mrobe\Documents\git_repos\oldschool-clientc\3rd\toridraw\toridraw_model.h,223,0.005860,0.009786
C:\Users\mrobe\Documents\git_repos\oldschool-clientc\src\ui\uitree_emit.c,228,0.005860,0.009786
C:\Users\mrobe\Documents\git_repos\oldschool-clientc\3rd\toridraw\toridraw_2d.c,650,0.005859,0.009784
C:\Users\mrobe\Documents\git_repos\oldschool-clientc\src\painters\painters_bucket.u.c,463,0.005859,0.009784
C:\Users\mrobe\Documents\git_repos\oldschool-clientc\src\painters\painters_bucket.u.c,1232,0.005859,0.009784
C:\Users\mrobe\Documents\git_repos\oldschool-clientc\src\platform\platform_sdl2_renderer_soft3d.c,673,0.005859,0.009784
C:\Users\mrobe\Documents\git_repos\oldschool-clientc\3rd\toridraw\toridraw_render.u.c,1079,0.005859,0.009784
C:\Users\mrobe\Documents\git_repos\oldschool-clientc\3rd\toridraw\toridraw_render.u.c,1155,0.005859,0.009784
C:\Users\mrobe\Documents\git_repos\oldschool-clientc\3rd\toridraw\triangles\toridraw_triangle_flat.u.c,361,0.005859,0.009784
C:\Users\mrobe\Documents\git_repos\oldschool-clientc\3rd\miniz\miniz.c,2500,0.005858,0.009783
C:\Users\mrobe\Documents\git_repos\oldschool-clientc\3rd\toridraw\toridraw_render.u.c,1236,0.005858,0.009783
C:\Users\mrobe\Documents\git_repos\oldschool-clientc\src\<artificial>,10119,0.005857,0.009781
C:\Users\mrobe\Documents\git_repos\oldschool-clientc\src\painters\painters_i.h,345,0.005857,0.009781
C:\Users\mrobe\Documents\git_repos\oldschool-clientc\3rd\toridraw\graphics\raster\gouraudhsllightness\gouraudhsllightness.screen.opaque.bary.branching.s4.c,171,0.005857,0.009781
C:\Users\mrobe\Documents\git_repos\oldschool-clientc\3rd\toridraw\graphics\raster\gouraudhsllightness\gouraudhsllightness.screen.opaque.bary.branching.s4.c,256,0.005857,0.009781
C:\Users\mrobe\Documents\git_repos\oldschool-clientc\3rd\toridraw\toridraw_2d.c,58,0.005857,0.009781
C:\Users\mrobe\Documents\git_repos\oldschool-clientc\src\ui\uitree_layout.c,212,0.005857,0.009781
C:\Users\mrobe\Documents\git_repos\oldschool-clientc\3rd\toridraw\graphics\raster\flat\flat.screen.opaque.branching.s4.c,100,0.005856,0.009779
C:\Users\mrobe\Documents\git_repos\oldschool-clientc\toolchains\mingw32\lib\gcc\i686-w64-mingw32\15.2.0\include\emmintrin.h,1352,0.005856,0.009779
C:\Users\mrobe\Documents\git_repos\oldschool-clientc\3rd\toridraw\toridraw_raster.u.c,478,0.005856,0.009779
C:\Users\mrobe\Documents\git_repos\oldschool-clientc\3rd\toridraw\toridraw_model.c,228,0.005856,0.009779
C:\Users\mrobe\Documents\git_repos\oldschool-clientc\3rd\toridraw\toridraw_2d.c,82,0.005856,0.009779
C:\Users\mrobe\Documents\git_repos\oldschool-clientc\3rd\bzip\bzip.c,402,0.005855,0.009778
C:\Users\mrobe\Documents\git_repos\oldschool-clientc\src\<artificial>,11068,0.005855,0.009778
C:\Users\mrobe\Documents\git_repos\oldschool-clientc\3rd\toridraw\toridraw_render.u.c,871,0.005855,0.009778
C:\Users\mrobe\Documents\git_repos\oldschool-clientc\3rd\bzip\bzip.c,320,0.005854,0.009776
C:\Users\mrobe\Documents\git_repos\oldschool-clientc\toolchains\mingw32\lib\gcc\i686-w64-mingw32\15.2.0\include\xmmintrin.h,242,0.005854,0.009776
C:\Users\mrobe\Documents\git_repos\oldschool-clientc\3rd\toridraw\graphics\raster\texture\span\tex.span.sse2.u.c,1075,0.005853,0.009774
C:\Users\mrobe\Documents\git_repos\oldschool-clientc\src\platform\platform_win32_timing.c,115,0.005853,0.009774
C:\Users\mrobe\Documents\git_repos\oldschool-clientc\3rd\toridraw\graphics\raster\gouraudhsllightness\gouraudhsllightness.screen.opaque.bary.branching.s4.c,172,0.005853,0.009774
C:\Users\mrobe\Documents\git_repos\oldschool-clientc\3rd\toridraw\toridraw_lighting.c,84,0.005852,0.009773
C:\Users\mrobe\Documents\git_repos\oldschool-clientc\src\cs2vm2\cs2vm2.c,4426,0.005851,0.009771
C:\Users\mrobe\Documents\git_repos\oldschool-clientc\src\cs2vm2\cs2vm2.c,802,0.005851,0.009771
C:\Users\mrobe\Documents\git_repos\oldschool-clientc\3rd\toridraw\toridraw_model.h,303,0.005851,0.009771
C:\Users\mrobe\Documents\git_repos\oldschool-clientc\src\render\torirs_frame.c,37,0.005851,0.009771
C:\Users\mrobe\Documents\git_repos\oldschool-clientc\3rd\toridraw\graphics\raster\texture\texshadeblend.persp.textrans.branching.lerp8_v3.u.c,66,0.005849,0.009768
C:\Users\mrobe\Documents\git_repos\oldschool-clientc\3rd\toridraw\toridraw_raster.u.c,422,0.005848,0.009766
C:\Users\mrobe\Documents\git_repos\oldschool-clientc\src\cs2vm2\cs2vm2.c,11977,0.005847,0.009764
C:\Users\mrobe\Documents\git_repos\oldschool-clientc\3rd\toridraw\graphics\raster\texture\span\tex.span.sse2.u.c,1032,0.005847,0.009764
C:\Users\mrobe\Documents\git_repos\oldschool-clientc\3rd\toridraw\toridraw_render.u.c,1663,0.005847,0.009764
C:\Users\mrobe\Documents\git_repos\oldschool-clientc\3rd\toridraw\graphics\projection.u.c,476,0.005846,0.009763
C:\Users\mrobe\Documents\git_repos\oldschool-clientc\3rd\rscache\src\datatypes\dat2_config_npc.c,1845,0.005845,0.009761
C:\Users\mrobe\Documents\git_repos\oldschool-clientc\3rd\toridraw\toridraw_raster.u.c,557,0.005845,0.009761
C:\Users\mrobe\Documents\git_repos\oldschool-clientc\3rd\toridraw\triangles\toridraw_triangle_gouraud.u.c,808,0.005844,0.009759
C:\Users\mrobe\Documents\git_repos\oldschool-clientc\3rd\toridraw\graphics\raster\texture\span\tex.span_uv.h,55,0.005843,0.009758
C:\Users\mrobe\Documents\git_repos\oldschool-clientc\3rd\toridraw\toridraw_render.u.c,1652,0.005843,0.009758
C:\Users\mrobe\Documents\git_repos\oldschool-clientc\src\asyncio.h,427,0.005842,0.009756
C:\Users\mrobe\Documents\git_repos\oldschool-clientc\3rd\toridraw\graphics\raster\gouraudhsllightness\gouraudhsllightness.screen.opaque.bary.branching.s4.c,551,0.005840,0.009752
C:\Users\mrobe\Documents\git_repos\oldschool-clientc\3rd\toridraw\graphics\raster\texture\texshadeblend.persp.textrans.branching.lerp8_v3.u.c,529,0.005836,0.009746
C:\Users\mrobe\Documents\git_repos\oldschool-clientc\3rd\toridraw\graphics\raster\gouraudhsllightness\gouraudhsllightness.screen.opaque.bary.branching.s4.c,415,0.005834,0.009742
C:\Users\mrobe\Documents\git_repos\oldschool-clientc\src\engine\world_builder\heightmap.c,179,0.005827,0.009731
C:\Users\mrobe\Documents\git_repos\oldschool-clientc\3rd\rscache\src\reference_table.c,77,0.005815,0.009711
C:\Users\mrobe\Documents\git_repos\oldschool-clientc\src\plugin\torirs_plugin_bridge.u.c,629,0.004937,0.008245
C:\Users\mrobe\Documents\git_repos\oldschool-clientc\src\app.c,1078,0.004936,0.008243
C:\Users\mrobe\Documents\git_repos\oldschool-clientc\src\cs2vm2\cs2vm2_strpool.c,137,0.004902,0.008186
C:\Users\mrobe\Documents\git_repos\oldschool-clientc\src\ui\uitree.c,4463,0.004902,0.008186
C:\Users\mrobe\Documents\git_repos\oldschool-clientc\src\ui\uitree_layout.c,503,0.004900,0.008183
C:\Users\mrobe\Documents\git_repos\oldschool-clientc\src\cs2vm2\cs2vm2.c,4970,0.004894,0.008173
C:\Users\mrobe\Documents\git_repos\oldschool-clientc\src\ui\uitree.c,1635,0.004890,0.008166
C:\Users\mrobe\Documents\git_repos\oldschool-clientc\src\cs2vm2\cs2vm2.c,4279,0.004887,0.008161
C:\Users\mrobe\Documents\git_repos\oldschool-clientc\3rd\miniz\miniz.c,2838,0.004887,0.008161
C:\Users\mrobe\Documents\git_repos\oldschool-clientc\src\game\task_cs2_run.c,1420,0.004886,0.008159
C:\Users\mrobe\Documents\git_repos\oldschool-clientc\src\cs2vm2\cs2vm2.c,11981,0.004884,0.008156
C:\Users\mrobe\Documents\git_repos\oldschool-clientc\3rd\toridraw\toridraw_lighting.c,250,0.004884,0.008156
C:\Users\mrobe\Documents\git_repos\oldschool-clientc\src\engine\world_builder\minimap.c,19,0.004884,0.008156
C:\Users\mrobe\Documents\git_repos\oldschool-clientc\src\cs2vm2\cs2vm2.c,11917,0.004883,0.008154
C:\Users\mrobe\Documents\git_repos\oldschool-clientc\3rd\toridraw\toridraw_model.c,709,0.004883,0.008154
R:\winlibs_staging_msvcrt32\gcc-15.2.0\build_mingw\i686-w64-mingw32\libgcc\..\..\..\libgcc\libgcc2.c,1236,0.004882,0.008153
C:\Users\mrobe\Documents\git_repos\oldschool-clientc\src\plugin\torirs_plugin_panel.u.c,1515,0.004881,0.008151
C:\Users\mrobe\Documents\git_repos\oldschool-clientc\src\ui\uitree.c,1768,0.004881,0.008151
C:\Users\mrobe\Documents\git_repos\oldschool-clientc\src\js5\js5.c,1380,0.004880,0.008149
C:\Users\mrobe\Documents\git_repos\oldschool-clientc\src\game\rs_cs2_host.c,7508,0.004880,0.008149
C:\Users\mrobe\Documents\git_repos\oldschool-clientc\3rd\toridraw\toridraw_model_transform.c,839,0.004880,0.008149
C:\Users\mrobe\Documents\git_repos\oldschool-clientc\src\cs2vm2\cs2vm2.c,1083,0.004880,0.008149
C:\Users\mrobe\Documents\git_repos\oldschool-clientc\3rd\toridraw\toridraw_model_transform.c,838,0.004879,0.008148
C:\Users\mrobe\Documents\git_repos\oldschool-clientc\src\game\rs_cs2_host.c,4627,0.004879,0.008148
C:\Users\mrobe\Documents\git_repos\oldschool-clientc\3rd\toridraw\toridraw_model.c,339,0.004879,0.008148
C:\Users\mrobe\Documents\git_repos\oldschool-clientc\src\cs2vm2\cs2vm2.c,4444,0.004878,0.008146
C:\Users\mrobe\Documents\git_repos\oldschool-clientc\3rd\miniz\miniz.c,2677,0.004878,0.008146
C:\Users\mrobe\Documents\git_repos\oldschool-clientc\src\game\task_cs2_run.c,1465,0.004878,0.008146
C:\Users\mrobe\Documents\git_repos\oldschool-clientc\src\world\world.h,489,0.004878,0.008146
C:\Users\mrobe\Documents\git_repos\oldschool-clientc\3rd\rscache\src\datatypes\dat2_sprites.c,174,0.004877,0.008144
C:\Users\mrobe\Documents\git_repos\oldschool-clientc\src\<artificial>,958,0.004876,0.008143
C:\Users\mrobe\Documents\git_repos\oldschool-clientc\3rd\miniz\miniz.c,2827,0.004876,0.008143
R:\winlibs_staging_msvcrt32\gcc-15.2.0\build_mingw\i686-w64-mingw32\libgcc\..\..\..\libgcc\config\i386\cygwin.S,147,0.004876,0.008143
C:\Users\mrobe\Documents\git_repos\oldschool-clientc\src\asyncio.h,441,0.004874,0.008139
C:\Users\mrobe\Documents\git_repos\oldschool-clientc\src\game\rs_prefs.c,269,0.004873,0.008138
C:\Users\mrobe\Documents\git_repos\oldschool-clientc\src\ui\uitree.c,4517,0.004873,0.008138
C:\Users\mrobe\Documents\git_repos\oldschool-clientc\src\cs2vm2\cs2vm2.c,1703,0.004870,0.008133
C:\Users\mrobe\Documents\git_repos\oldschool-clientc\src\game\rs_entity_overlay.c,178,0.004868,0.008129
C:\Users\mrobe\Documents\git_repos\oldschool-clientc\3rd\miniz\miniz.c,2605,0.004831,0.008068
C:\Users\mrobe\Documents\git_repos\oldschool-clientc\3rd\toridraw\graphics\raster\gouraudhsllightness\gouraudhsllightness.screen.opaque.bary.branching.s4.c,357,0.003962,0.006616
C:\Users\mrobe\Documents\git_repos\oldschool-clientc\src\ui\uitree_input.c,404,0.003954,0.006603
C:\Users\mrobe\Documents\git_repos\oldschool-clientc\3rd\toridraw\graphics\raster\texture\texshadeflat.persp.textrans.ordered.lerp8.scanline.u.c,132,0.003943,0.006585
C:\Users\mrobe\Documents\git_repos\oldschool-clientc\src\platform\platform_sdl2_renderer_soft3d.c,991,0.003934,0.006570
C:\Users\mrobe\Documents\git_repos\oldschool-clientc\3rd\toridraw\toridraw_font.c,1133,0.003934,0.006570
C:\Users\mrobe\Documents\git_repos\oldschool-clientc\src\ui\uitree_emit.c,236,0.003933,0.006568
C:\Users\mrobe\Documents\git_repos\oldschool-clientc\src\app.c,2305,0.003932,0.006566
C:\Users\mrobe\Documents\git_repos\oldschool-clientc\3rd\toridraw\toridraw_font.c,462,0.003930,0.006563
C:\Users\mrobe\Documents\git_repos\oldschool-clientc\3rd\toridraw\toridraw_font.c,1151,0.003928,0.006560
C:\Users\mrobe\Documents\git_repos\oldschool-clientc\src\ui\uitree_input.c,295,0.003928,0.006560
C:\Users\mrobe\Documents\git_repos\oldschool-clientc\src\app.c,10729,0.003926,0.006556
C:\Users\mrobe\Documents\git_repos\oldschool-clientc\3rd\toridraw\toridraw_2d.c,539,0.003926,0.006556
C:\Users\mrobe\Documents\git_repos\oldschool-clientc\3rd\toridraw\toridraw_sprite.c,494,0.003925,0.006555
C:\Users\mrobe\Documents\git_repos\oldschool-clientc\3rd\toridraw\toridraw_scene.h,342,0.003925,0.006555
C:\Users\mrobe\Documents\git_repos\oldschool-clientc\src\render\torirs_frame.c,2085,0.003923,0.006551
C:\Users\mrobe\Documents\git_repos\oldschool-clientc\3rd\toridraw\toridraw_sprite.c,501,0.003922,0.006550
C:\Users\mrobe\Documents\git_repos\oldschool-clientc\src\revconfig\revconfig.c,110,0.003922,0.006550
C:\Users\mrobe\Documents\git_repos\oldschool-clientc\3rd\toridraw\toridraw_2d.c,393,0.003922,0.006550
C:\Users\mrobe\Documents\git_repos\oldschool-clientc\3rd\toridraw\toridraw_raster.u.c,466,0.003921,0.006548
C:\Users\mrobe\Documents\git_repos\oldschool-clientc\src\plugin\torirs_plugin_bridge.u.c,569,0.003919,0.006545
C:\Users\mrobe\Documents\git_repos\oldschool-clientc\3rd\toridraw\toridraw_2d.c,409,0.003918,0.006543
C:\Users\mrobe\Documents\git_repos\oldschool-clientc\3rd\bzip\bzip.c,181,0.003917,0.006541
C:\Users\mrobe\Documents\git_repos\oldschool-clientc\3rd\toridraw\toridraw_font.c,433,0.003916,0.006540
C:\Users\mrobe\Documents\git_repos\oldschool-clientc\src\painters\painters.h,168,0.003916,0.006540
C:\Users\mrobe\Documents\git_repos\oldschool-clientc\src\world\entity_pool.h,82,0.003915,0.006538
C:\Users\mrobe\Documents\git_repos\oldschool-clientc\3rd\bzip\bzip.c,349,0.003915,0.006538
C:\Users\mrobe\Documents\git_repos\oldschool-clientc\3rd\toridraw\graphics\raster\gouraudhsllightness\gouraudhsllightness.screen.opaque.bary.branching.s4.c,51,0.003915,0.006538
C:\Users\mrobe\Documents\git_repos\oldschool-clientc\3rd\toridraw\toridraw_2d.c,432,0.003915,0.006538
C:\Users\mrobe\Documents\git_repos\oldschool-clientc\src\render\torirs_frame.c,933,0.003915,0.006538
C:\Users\mrobe\Documents\git_repos\oldschool-clientc\3rd\bzip\bzip.c,266,0.003914,0.006536
C:\Users\mrobe\Documents\git_repos\oldschool-clientc\src\painters\painters_bucket.u.c,746,0.003914,0.006536
C:\Users\mrobe\Documents\git_repos\oldschool-clientc\3rd\toridraw\graphics\projection.u.c,277,0.003914,0.006536
C:\Users\mrobe\Documents\git_repos\oldschool-clientc\3rd\toridraw\graphics\raster\texture\span\tex.span.sse2.u.c,918,0.003914,0.006536
C:\Users\mrobe\Documents\git_repos\oldschool-clientc\src\render\torirs_frame.c,2373,0.003914,0.006536
C:\Users\mrobe\Documents\git_repos\oldschool-clientc\src\ui\uitree_emit.c,2733,0.003914,0.006536
C:\Users\mrobe\Documents\git_repos\oldschool-clientc\src\ui\uitree_scroll.c,170,0.003914,0.006536
C:\Users\mrobe\Documents\git_repos\oldschool-clientc\src\render\torirs_frame.c,1528,0.003913,0.006535
C:\Users\mrobe\Documents\git_repos\oldschool-clientc\src\ui\uitree_emit.c,2397,0.003913,0.006535
C:\Users\mrobe\Documents\git_repos\oldschool-clientc\src\ui\uitree_layout.c,453,0.003912,0.006533
C:\Users\mrobe\Documents\git_repos\oldschool-clientc\src\painters\painters_bucket.u.c,906,0.003911,0.006531
C:\Users\mrobe\Documents\git_repos\oldschool-clientc\3rd\toridraw\graphics\raster\texture\texshadeflat.persp.textrans.ordered.lerp8.scanline.u.c,103,0.003911,0.006531
R:\winlibs_staging_msvcrt32\gcc-15.2.0\build_mingw\i686-w64-mingw32\libgcc\..\..\..\libgcc\libgcc2.c,1287,0.003911,0.006531
C:\Users\mrobe\Documents\git_repos\oldschool-clientc\src\painters\painters_i.h,294,0.003911,0.006531
C:\Users\mrobe\Documents\git_repos\oldschool-clientc\src\painters\painters_bucket.u.c,979,0.003911,0.006531
C:\Users\mrobe\Documents\git_repos\oldschool-clientc\3rd\toridraw\graphics\raster\flat\flat.screen.opaque.branching.s4.c,305,0.003911,0.006531
C:\Users\mrobe\Documents\git_repos\oldschool-clientc\3rd\toridraw\graphics\alpha.h,26,0.003911,0.006531
C:\Users\mrobe\Documents\git_repos\oldschool-clientc\3rd\toridraw\toridraw_2d.c,169,0.003911,0.006531
C:\Users\mrobe\Documents\git_repos\oldschool-clientc\src\cs2vm2\cs2vm2_strpool.c,146,0.003910,0.006529
C:\Users\mrobe\Documents\git_repos\oldschool-clientc\src\painters\painters_bucket.u.c,1290,0.003910,0.006529
C:\Users\mrobe\Documents\git_repos\oldschool-clientc\src\painters\painters_bucket.u.c,1390,0.003910,0.006529
C:\Users\mrobe\Documents\git_repos\oldschool-clientc\3rd\toridraw\graphics\raster\flat\flat.screen.opaque.branching.s4.c,286,0.003910,0.006529
C:\Users\mrobe\Documents\git_repos\oldschool-clientc\3rd\toridraw\graphics\raster\gouraudhsllightness\gouraudhsllightness.screen.opaque.bary.branching.s4.c,319,0.003910,0.006529
C:\Users\mrobe\Documents\git_repos\oldschool-clientc\3rd\toridraw\graphics\raster\gouraudhsllightness\gouraudhsllightness.screen.opaque.bary.branching.s4.c,36,0.003910,0.006529
C:\Users\mrobe\Documents\git_repos\oldschool-clientc\3rd\toridraw\toridraw_model.h,209,0.003910,0.006529
C:\Users\mrobe\Documents\git_repos\oldschool-clientc\3rd\toridraw\toridraw_model.c,96,0.003910,0.006529
C:\Users\mrobe\Documents\git_repos\oldschool-clientc\3rd\toridraw\toridraw_2d.c,135,0.003910,0.006529
C:\Users\mrobe\Documents\git_repos\oldschool-clientc\3rd\bzip\bzip.c,267,0.003909,0.006528
C:\Users\mrobe\Documents\git_repos\oldschool-clientc\src\painters\painters_bucket.u.c,970,0.003909,0.006528
C:\Users\mrobe\Documents\git_repos\oldschool-clientc\src\painters\painters.c,1455,0.003909,0.006528
C:\Users\mrobe\Documents\git_repos\oldschool-clientc\src\painters\painters_bucket.u.c,474,0.003909,0.006528
C:\Users\mrobe\Documents\git_repos\oldschool-clientc\src\painters\painters_bucket.u.c,1170,0.003909,0.006528
C:\Users\mrobe\Documents\git_repos\oldschool-clientc\3rd\toridraw\graphics\raster\flat\flat.screen.opaque.branching.s4.c,155,0.003909,0.006528
C:\Users\mrobe\Documents\git_repos\oldschool-clientc\toolchains\mingw32\lib\gcc\i686-w64-mingw32\15.2.0\include\emmintrin.h,741,0.003909,0.006528
C:\Users\mrobe\Documents\git_repos\oldschool-clientc\3rd\toridraw\graphics\raster\gouraudhsllightness\gouraudhsllightness.screen.opaque.bary.branching.s4.c,162,0.003909,0.006528
C:\Users\mrobe\Documents\git_repos\oldschool-clientc\3rd\toridraw\toridraw_render.u.c,1379,0.003909,0.006528
C:\Users\mrobe\Documents\git_repos\oldschool-clientc\3rd\toridraw\toridraw_raster.u.c,152,0.003909,0.006528
C:\Users\mrobe\Documents\git_repos\oldschool-clientc\3rd\toridraw\toridraw_model.c,772,0.003909,0.006528
C:\Users\mrobe\Documents\git_repos\oldschool-clientc\src\render\torirs_frame.c,2238,0.003909,0.006528
C:\Users\mrobe\Documents\git_repos\oldschool-clientc\src\ui\uitree_input.c,377,0.003909,0.006528
C:\Users\mrobe\Documents\git_repos\oldschool-clientc\src\painters\painters_bucket.u.c,56,0.003908,0.006526
C:\Users\mrobe\Documents\git_repos\oldschool-clientc\src\painters\painters_bucket.u.c,75,0.003908,0.006526
C:\Users\mrobe\Documents\git_repos\oldschool-clientc\src\painters\painters_bucket.u.c,1129,0.003908,0.006526
C:\Users\mrobe\Documents\git_repos\oldschool-clientc\src\painters\painters_bucket.u.c,1435,0.003908,0.006526
C:\Users\mrobe\Documents\git_repos\oldschool-clientc\src\painters\painters_bucket.u.c,563,0.003908,0.006526
C:\Users\mrobe\Documents\git_repos\oldschool-clientc\3rd\rscache\src\dat2disk.c,772,0.003908,0.006526
C:\Users\mrobe\Documents\git_repos\oldschool-clientc\3rd\toridraw\toridraw_font.c,835,0.003908,0.006526
C:\Users\mrobe\Documents\git_repos\oldschool-clientc\3rd\toridraw\graphics\raster\flat\flat.screen.opaque.branching.s4.c,92,0.003908,0.006526
C:\Users\mrobe\Documents\git_repos\oldschool-clientc\3rd\toridraw\graphics\raster\gouraudhsllightness\gouraudhsllightness.screen.opaque.bary.branching.s4.c,402,0.003908,0.006526
C:\Users\mrobe\Documents\git_repos\oldschool-clientc\3rd\toridraw\graphics\raster\texture\texshadeblend.persp.textrans.branching.lerp8_v3.u.c,187,0.003908,0.006526
C:\Users\mrobe\Documents\git_repos\oldschool-clientc\3rd\toridraw\toridraw_raster.u.c,660,0.003908,0.006526
C:\Users\mrobe\Documents\git_repos\oldschool-clientc\3rd\toridraw\toridraw_scene.c,1579,0.003908,0.006526
C:\Users\mrobe\Documents\git_repos\oldschool-clientc\src\render\torirs_frame.c,2081,0.003908,0.006526
C:\Users\mrobe\Documents\git_repos\oldschool-clientc\src\painters\painters_bucket.u.c,913,0.003907,0.006524
C:\Users\mrobe\Documents\git_repos\oldschool-clientc\src\painters\painters_i.h,342,0.003907,0.006524
C:\Users\mrobe\Documents\git_repos\oldschool-clientc\src\painters\painters_i.h,195,0.003907,0.006524
C:\Users\mrobe\Documents\git_repos\oldschool-clientc\src\platform\platform_sdl2_renderer_soft3d.c,761,0.003907,0.006524
C:\Users\mrobe\Documents\git_repos\oldschool-clientc\3rd\rscache\src\reference_table.c,113,0.003907,0.006524
C:\Users\mrobe\Documents\git_repos\oldschool-clientc\3rd\toridraw\graphics\raster\flat\flat.screen.opaque.branching.s4.c,160,0.003907,0.006524
C:\Users\mrobe\Documents\git_repos\oldschool-clientc\3rd\toridraw\graphics\raster\texture\span\tex.span_uv.h,120,0.003907,0.006524
C:\Users\mrobe\Documents\git_repos\oldschool-clientc\3rd\toridraw\graphics\raster\flat\flat.screen.opaque.branching.s4.c,342,0.003907,0.006524
C:\Users\mrobe\Documents\git_repos\oldschool-clientc\3rd\toridraw\triangles\toridraw_triangle_flat.u.c,312,0.003907,0.006524
C:\Users\mrobe\Documents\git_repos\oldschool-clientc\3rd\toridraw\triangles\toridraw_triangle_gouraud.u.c,806,0.003907,0.006524
C:\Users\mrobe\Documents\git_repos\oldschool-clientc\3rd\toridraw\toridraw_model.c,233,0.003907,0.006524
C:\Users\mrobe\Documents\git_repos\oldschool-clientc\3rd\toridraw\toridraw_lighting.c,300,0.003907,0.006524
C:\Users\mrobe\Documents\git_repos\oldschool-clientc\3rd\toridraw\toridraw_lighting.c,326,0.003907,0.006524
C:\Users\mrobe\Documents\git_repos\oldschool-clientc\3rd\toridraw\toridraw_model.c,782,0.003907,0.006524
C:\Users\mrobe\Documents\git_repos\oldschool-clientc\3rd\toridraw\toridraw_2d.c,70,0.003907,0.006524
C:\Users\mrobe\Documents\git_repos\oldschool-clientc\src\render\torirs_frame.c,1961,0.003907,0.006524
C:\Users\mrobe\Documents\git_repos\oldschool-clientc\src\engine\world_builder\world_sharelight.u.c,213,0.003907,0.006524
C:\Users\mrobe\Documents\git_repos\oldschool-clientc\src\engine\world_builder\world_contour_ground.u.c,30,0.003907,0.006524
C:\Users\mrobe\Documents\git_repos\oldschool-clientc\src\plugin\torirs_plugin_bridge.u.c,583,0.003906,0.006523
C:\Users\mrobe\Documents\git_repos\oldschool-clientc\3rd\toridraw\toridraw_model.c,1056,0.003906,0.006523
C:\Users\mrobe\Documents\git_repos\oldschool-clientc\src\cs2vm2\cs2vm2.c,6635,0.003906,0.006523
C:\Users\mrobe\Documents\git_repos\oldschool-clientc\src\engine\world_builder\heightmap.c,195,0.003906,0.006523
C:\Users\mrobe\Documents\git_repos\oldschool-clientc\src\painters\painters_bucket.u.c,935,0.003906,0.006523
C:\Users\mrobe\Documents\git_repos\oldschool-clientc\3rd\rscache\src\dat2disk.c,172,0.003906,0.006523
C:\Users\mrobe\Documents\git_repos\oldschool-clientc\3rd\rscache\src\reference_table.c,108,0.003906,0.006523
C:\Users\mrobe\Documents\git_repos\oldschool-clientc\3rd\toridraw\graphics\raster\flat\flat.screen.opaque.branching.s4.c,127,0.003906,0.006523
C:\Users\mrobe\Documents\git_repos\oldschool-clientc\3rd\toridraw\graphics\raster\gouraudhsllightness\gouraudhsllightness.screen.opaque.bary.branching.s4.c,121,0.003906,0.006523
C:\Users\mrobe\Documents\git_repos\oldschool-clientc\3rd\toridraw\toridraw_lighting.c,168,0.003906,0.006523
C:\Users\mrobe\Documents\git_repos\oldschool-clientc\3rd\toridraw\toridraw_model.c,152,0.003906,0.006523
C:\Users\mrobe\Documents\git_repos\oldschool-clientc\src\app.c,3982,0.003906,0.006523
C:\Users\mrobe\Documents\git_repos\oldschool-clientc\src\painters\painters_bucket.u.c,96,0.003906,0.006523
C:\Users\mrobe\Documents\git_repos\oldschool-clientc\3rd\toridraw\graphics\raster\flat\flat.screen.opaque.branching.s4.c,88,0.003906,0.006523
C:\Users\mrobe\Documents\git_repos\oldschool-clientc\3rd\toridraw\toridraw_raster.u.c,1128,0.003906,0.006523
C:\Users\mrobe\Documents\git_repos\oldschool-clientc\3rd\toridraw\toridraw_raster.u.c,1134,0.003906,0.006523
C:\Users\mrobe\Documents\git_repos\oldschool-clientc\3rd\toridraw\toridraw_model.h,127,0.003906,0.006523
C:\Users\mrobe\Documents\git_repos\oldschool-clientc\src\ui\uitree_input.c,346,0.003905,0.006521
C:\Users\mrobe\Documents\git_repos\oldschool-clientc\src\<artificial>,11100,0.003905,0.006521
C:\Users\mrobe\Documents\git_repos\oldschool-clientc\src\cs2vm2\cs2vm2_strpool.c,149,0.003905,0.006521
C:\Users\mrobe\Documents\git_repos\oldschool-clientc\3rd\miniz\miniz.c,2826,0.003905,0.006521
C:\Users\mrobe\Documents\git_repos\oldschool-clientc\src\painters\painters_bucket.u.c,93,0.003905,0.006521
C:\Users\mrobe\Documents\git_repos\oldschool-clientc\src\painters\painters.c,57,0.003905,0.006521
C:\Users\mrobe\Documents\git_repos\oldschool-clientc\src\painters\painters_i.h,176,0.003905,0.006521
C:\Users\mrobe\Documents\git_repos\oldschool-clientc\src\painters\painters_i.h,246,0.003905,0.006521
C:\Users\mrobe\Documents\git_repos\oldschool-clientc\3rd\rscache\src\datatypes\sound_render.c,93,0.003905,0.006521
C:\Users\mrobe\Documents\git_repos\oldschool-clientc\3rd\toridraw\graphics\raster\flat\flat.screen.opaque.branching.s4.c,77,0.003905,0.006521
C:\Users\mrobe\Documents\git_repos\oldschool-clientc\3rd\toridraw\toridraw_render.u.c,1009,0.003905,0.006521
C:\Users\mrobe\Documents\git_repos\oldschool-clientc\3rd\toridraw\toridraw_render.u.c,1541,0.003905,0.006521
C:\Users\mrobe\Documents\git_repos\oldschool-clientc\3rd\toridraw\graphics\projection.u.c,351,0.003905,0.006521
C:\Users\mrobe\Documents\git_repos\oldschool-clientc\3rd\toridraw\toridraw_lighting.c,157,0.003905,0.006521
C:\Users\mrobe\Documents\git_repos\oldschool-clientc\3rd\toridraw\toridraw_model.c,234,0.003905,0.006521
C:\Users\mrobe\Documents\git_repos\oldschool-clientc\3rd\toridraw\toridraw_model.c,161,0.003905,0.006521
C:\Users\mrobe\Documents\git_repos\oldschool-clientc\3rd\toridraw\toridraw_lighting.c,322,0.003905,0.006521
C:\Users\mrobe\Documents\git_repos\oldschool-clientc\3rd\toridraw\toridraw_lighting.c,92,0.003905,0.006521
C:\Users\mrobe\Documents\git_repos\oldschool-clientc\src\render\torirs_frame.c,1963,0.003905,0.006521
C:\Users\mrobe\Documents\git_repos\oldschool-clientc\src\engine\uitree_from_component.c,249,0.003905,0.006521
C:\Users\mrobe\Documents\git_repos\oldschool-clientc\src\cs2vm2\cs2vm2.c,11897,0.003905,0.006521
C:\Users\mrobe\Documents\git_repos\oldschool-clientc\3rd\toridraw\toridraw_render.u.c,1370,0.003905,0.006521
C:\Users\mrobe\Documents\git_repos\oldschool-clientc\src\game\task_cs2_run.c,1387,0.003904,0.006519
C:\Users\mrobe\Documents\git_repos\oldschool-clientc\3rd\toridraw\graphics\raster\flat\flat.screen.opaque.branching.s4.c,319,0.003904,0.006519
C:\Users\mrobe\Documents\git_repos\oldschool-clientc\3rd\toridraw\toridraw_render.u.c,771,0.003904,0.006519
C:\Users\mrobe\Documents\git_repos\oldschool-clientc\src\engine\world_builder\blendmap.c,189,0.003904,0.006519
C:\Users\mrobe\Documents\git_repos\oldschool-clientc\src\cs2vm2\cs2vm2.c,212,0.003904,0.006519
C:\Users\mrobe\Documents\git_repos\oldschool-clientc\3rd\rscache\src\rsbuffer.c,237,0.003904,0.006519
C:\Users\mrobe\Documents\git_repos\oldschool-clientc\3rd\toridraw\toridraw_font.c,483,0.003904,0.006519
C:\Users\mrobe\Documents\git_repos\oldschool-clientc\3rd\toridraw\graphics\raster\gouraudhsllightness\gouraudhsllightness.screen.opaque.bary.branching.s4.c,280,0.003904,0.006519
C:\Users\mrobe\Documents\git_repos\oldschool-clientc\3rd\toridraw\toridraw_render.u.c,1350,0.003904,0.006519
C:\Users\mrobe\Documents\git_repos\oldschool-clientc\3rd\toridraw\toridraw_model.c,80,0.003904,0.006519
C:\Users\mrobe\Documents\git_repos\oldschool-clientc\3rd\toridraw\toridraw_model.c,42,0.003904,0.006519
C:\Users\mrobe\Documents\git_repos\oldschool-clientc\src\ui\uitree.c,4520,0.003904,0.006519
C:\Users\mrobe\Documents\git_repos\oldschool-clientc\src\engine\uitree_from_component.c,130,0.003904,0.006519
C:\Users\mrobe\Documents\git_repos\oldschool-clientc\3rd\bzip\bzip.c,172,0.003903,0.006518
C:\Users\mrobe\Documents\git_repos\oldschool-clientc\3rd\toridraw\graphics\raster\gouraudhsllightness\gouraudhsllightness.screen.opaque.bary.branching.s4.c,30,0.003903,0.006518
C:\Users\mrobe\Documents\git_repos\oldschool-clientc\3rd\toridraw\toridraw_render.u.c,1702,0.003903,0.006518
C:\Users\mrobe\Documents\git_repos\oldschool-clientc\src\js5\js5.c,941,0.003903,0.006518
C:\Users\mrobe\Documents\git_repos\oldschool-clientc\3rd\miniz\miniz.c,2785,0.003903,0.006518
C:\Users\mrobe\Documents\git_repos\oldschool-clientc\3rd\miniz\miniz.c,2590,0.003903,0.006518
C:\Users\mrobe\Documents\git_repos\oldschool-clientc\3rd\toridraw\triangles\toridraw_triangle_flat.u.c,82,0.003903,0.006518
C:\Users\mrobe\Documents\git_repos\oldschool-clientc\3rd\toridraw\graphics\projection.h,169,0.003903,0.006518
C:\Users\mrobe\Documents\git_repos\oldschool-clientc\3rd\toridraw\toridraw_model.c,780,0.003903,0.006518
C:\Users\mrobe\Documents\git_repos\oldschool-clientc\src\app.c,19488,0.003902,0.006516
C:\Users\mrobe\Documents\git_repos\oldschool-clientc\src\platform\platform_sdl2_renderer_soft3d.c,1470,0.003902,0.006516
C:\Users\mrobe\Documents\git_repos\oldschool-clientc\src\game\task_cs2_run.c,301,0.003902,0.006516
C:\Users\mrobe\Documents\git_repos\oldschool-clientc\3rd\toridraw\graphics\projection.u.c,543,0.003902,0.006516
C:\Users\mrobe\Documents\git_repos\oldschool-clientc\3rd\toridraw\toridraw_render.u.c,199,0.003902,0.006516
C:\Users\mrobe\Documents\git_repos\oldschool-clientc\3rd\toridraw\triangles\toridraw_triangle_gouraud.u.c,768,0.003902,0.006516
C:\Users\mrobe\Documents\git_repos\oldschool-clientc\src\render\torirs_frame.c,177,0.003902,0.006516
C:\Users\mrobe\Documents\git_repos\oldschool-clientc\src\game\rs_cs2_host.c,7500,0.003901,0.006514
C:\Users\mrobe\Documents\git_repos\oldschool-clientc\src\game\task_cs2_run.c,1015,0.003901,0.006514
C:\Users\mrobe\Documents\git_repos\oldschool-clientc\3rd\toridraw\graphics\raster\gouraudhsllightness\gouraudhsllightness.screen.opaque.bary.branching.s4.c,501,0.003901,0.006514
C:\Users\mrobe\Documents\git_repos\oldschool-clientc\src\world\entity_pool.h,65,0.003901,0.006514
C:\Users\mrobe\Documents\git_repos\oldschool-clientc\3rd\toridraw\toridraw_raster.u.c,1378,0.003900,0.006513
C:\Users\mrobe\Documents\git_repos\oldschool-clientc\toolchains\mingw32\lib\gcc\i686-w64-mingw32\15.2.0\include\emmintrin.h,1011,0.003900,0.006513
C:\Users\mrobe\Documents\git_repos\oldschool-clientc\3rd\toridraw\graphics\raster\texture\texshadeblend.persp.textrans.branching.lerp8_v3.u.c,51,0.003900,0.006513
C:\Users\mrobe\Documents\git_repos\oldschool-clientc\3rd\toridraw\toridraw_raster.u.c,407,0.003900,0.006513
C:\Users\mrobe\Documents\git_repos\oldschool-clientc\3rd\bzip\bzip.c,324,0.003899,0.006511
C:\Users\mrobe\Documents\git_repos\oldschool-clientc\3rd\toridraw\graphics\raster\texture\span\tex.span.sse2.u.c,917,0.003899,0.006511
C:\Users\mrobe\Documents\git_repos\oldschool-clientc\src\engine\world_builder\world_terrain.u.c,222,0.003899,0.006511
C:\Users\mrobe\Documents\git_repos\oldschool-clientc\src\cs2vm2\cs2vm2.c,1085,0.003898,0.006509
C:\Users\mrobe\Documents\git_repos\oldschool-clientc\src\cs2vm2\cs2vm2.c,11906,0.003898,0.006509
C:\Users\mrobe\Documents\git_repos\oldschool-clientc\src\render\torirs_frame.c,129,0.003898,0.006509
C:\Users\mrobe\Documents\git_repos\oldschool-clientc\src\world\world.c,612,0.003898,0.006509
C:\Users\mrobe\Documents\git_repos\oldschool-clientc\3rd\toridraw\toridraw_render.u.c,1543,0.003897,0.006508
C:\Users\mrobe\Documents\git_repos\oldschool-clientc\3rd\toridraw\toridraw_intrusive_list.h,63,0.003896,0.006506
C:\Users\mrobe\Documents\git_repos\oldschool-clientc\3rd\miniz\miniz.c,2708,0.003895,0.006504
C:\Users\mrobe\Documents\git_repos\oldschool-clientc\src\ui\uitree_layout.c,547,0.003894,0.006503
C:\Users\mrobe\Documents\git_repos\oldschool-clientc\src\engine\world_builder\contour_ground.c,349,0.003894,0.006503
C:\Users\mrobe\Documents\git_repos\oldschool-clientc\src\cs2vm2\cs2vm2.c,11920,0.003893,0.006501
C:\Users\mrobe\Documents\git_repos\oldschool-clientc\3rd\toridraw\graphics\raster\gouraudhsllightness\gouraudhsllightness.screen.opaque.bary.branching.s4.c,479,0.003893,0.006501
C:\Users\mrobe\Documents\git_repos\oldschool-clientc\3rd\toridraw\graphics\raster\texture\texshadeblend.persp.textrans.branching.lerp8_v3.u.c,254,0.003893,0.006501
C:\Users\mrobe\Documents\git_repos\oldschool-clientc\3rd\toridraw\toridraw_render.u.c,196,0.003892,0.006499
C:\Users\mrobe\Documents\git_repos\oldschool-clientc\3rd\toridraw\graphics\raster\flat\flat.screen.opaque.branching.s4.c,407,0.003891,0.006498
C:\Users\mrobe\Documents\git_repos\oldschool-clientc\3rd\toridraw\graphics\raster\texture\texshadeblend.persp.textrans.branching.lerp8_v3.u.c,118,0.003890,0.006496
C:\Users\mrobe\Documents\git_repos\oldschool-clientc\3rd\toridraw\toridraw_raster.u.c,1179,0.003890,0.006496
C:\Users\mrobe\Documents\git_repos\oldschool-clientc\3rd\toridraw\graphics\shade.h,22,0.003889,0.006494
C:\Users\mrobe\Documents\git_repos\oldschool-clientc\src\ui\uitree.c,4205,0.003887,0.006491
C:\Users\mrobe\Documents\git_repos\oldschool-clientc\3rd\toridraw\graphics\raster\flat\flat.screen.opaque.branching.s4.c,307,0.003885,0.006488
C:\Users\mrobe\Documents\git_repos\oldschool-clientc\3rd\toridraw\graphics\clamp.h,10,0.003885,0.006488
C:\Users\mrobe\Documents\git_repos\oldschool-clientc\3rd\toridraw\graphics\raster\texture\span\tex.span_uv.h,159,0.003884,0.006486
C:\Users\mrobe\Documents\git_repos\oldschool-clientc\3rd\toridraw\graphics\raster\texture\span\tex.span_uv.h,168,0.003883,0.006484
C:\Users\mrobe\Documents\git_repos\oldschool-clientc\3rd\toridraw\toridraw_raster.u.c,489,0.003883,0.006484
C:\Users\mrobe\Documents\git_repos\oldschool-clientc\3rd\toridraw\graphics\raster\gouraudhsllightness\gouraudhsllightness.screen.opaque.bary.branching.s4.c,447,0.003882,0.006483
C:\Users\mrobe\Documents\git_repos\oldschool-clientc\3rd\toridraw\toridraw_raster.u.c,658,0.003868,0.006459
C:\Users\mrobe\Documents\git_repos\oldschool-clientc\src\ui\uitree_input.c,513,0.002972,0.004963
C:\Users\mrobe\Documents\git_repos\oldschool-clientc\src\engine\world_builder\task_world_load.c,194,0.002962,0.004946
C:\Users\mrobe\Documents\git_repos\oldschool-clientc\3rd\rscache\src\filelist.c,150,0.002943,0.004915
C:\Users\mrobe\Documents\git_repos\oldschool-clientc\src\app.c,27000,0.002941,0.004911
C:\Users\mrobe\Documents\git_repos\oldschool-clientc\3rd\rscache\src\checksum.c,70,0.002941,0.004911
C:\Users\mrobe\Documents\git_repos\oldschool-clientc\3rd\rscache\src\filelist.c,143,0.002940,0.004910
C:\Users\mrobe\Documents\git_repos\oldschool-clientc\src\app.c,27001,0.002939,0.004908
C:\Users\mrobe\Documents\git_repos\oldschool-clientc\src\game\task_cs2_run.c,2455,0.002939,0.004908
C:\Users\mrobe\Documents\git_repos\oldschool-clientc\src\ui\uitree_layout.c,429,0.002938,0.004906
C:\Users\mrobe\Documents\git_repos\oldschool-clientc\src\ui\uitree_layout.c,145,0.002938,0.004906
C:\Users\mrobe\Documents\git_repos\oldschool-clientc\src\ui\uitree.c,342,0.002937,0.004905
C:\Users\mrobe\Documents\git_repos\oldschool-clientc\src\ui\uitree_emit.c,229,0.002937,0.004905
C:\Users\mrobe\Documents\git_repos\oldschool-clientc\src\game\rs_cs2_host.c,8422,0.002936,0.004903
C:\Users\mrobe\Documents\git_repos\oldschool-clientc\src\ui\uitree_interact.c,204,0.002936,0.004903
C:\Users\mrobe\Documents\git_repos\oldschool-clientc\src\cs2vm2\cs2vm2.c,11934,0.002935,0.004901
C:\Users\mrobe\Documents\git_repos\oldschool-clientc\src\ui\uitree.c,666,0.002935,0.004901
C:\Users\mrobe\Documents\git_repos\oldschool-clientc\3rd\hmap\hmap.h,330,0.002934,0.004900
C:\Users\mrobe\Documents\git_repos\oldschool-clientc\3rd\rscache\src\datatypes\noise.c,53,0.002934,0.004900
C:\Users\mrobe\Documents\git_repos\oldschool-clientc\3rd\rscache\src\datatypes\dat2_config_npc.c,1240,0.002934,0.004900
C:\Users\mrobe\Documents\git_repos\oldschool-clientc\src\engine\torirs_model_inst_cache.c,142,0.002934,0.004900
C:\Users\mrobe\Documents\git_repos\oldschool-clientc\src\ui\uitree_layout.c,102,0.002933,0.004898
C:\Users\mrobe\Documents\git_repos\oldschool-clientc\src\cmd\cmdring.c,36,0.002932,0.004896
C:\Users\mrobe\Documents\git_repos\oldschool-clientc\src\cs2vm2\cs2vm2.c,784,0.002932,0.004896
C:\Users\mrobe\Documents\git_repos\oldschool-clientc\3rd\miniz\miniz.c,2609,0.002932,0.004896
C:\Users\mrobe\Documents\git_repos\oldschool-clientc\src\<artificial>,70,0.002932,0.004896
C:\Users\mrobe\Documents\git_repos\oldschool-clientc\src\engine\dat2\task_dat2_param_load.c,29,0.002932,0.004896
C:\Users\mrobe\Documents\git_repos\oldschool-clientc\src\engine\world_builder\world_scenery.u.c,1179,0.002932,0.004896
C:\Users\mrobe\Documents\git_repos\oldschool-clientc\src\plugin\torirs_plugin_bridge.u.c,563,0.002931,0.004895
C:\Users\mrobe\Documents\git_repos\oldschool-clientc\3rd\bzip\bzip.c,263,0.002931,0.004895
C:\Users\mrobe\Documents\git_repos\oldschool-clientc\3rd\hmap\hmap.h,443,0.002931,0.004895
C:\Users\mrobe\Documents\git_repos\oldschool-clientc\src\main.c,480,0.002931,0.004895
C:\Users\mrobe\Documents\git_repos\oldschool-clientc\src\<artificial>,800,0.002931,0.004895
C:\Users\mrobe\Documents\git_repos\oldschool-clientc\src\net\rev\osrs230\osrs230_parse.c,59,0.002931,0.004895
C:\Users\mrobe\Documents\git_repos\oldschool-clientc\src\painters\painters_bucket.u.c,659,0.002931,0.004895
C:\Users\mrobe\Documents\git_repos\oldschool-clientc\3rd\rscache\src\datatypes\model.c,1469,0.002931,0.004895
C:\Users\mrobe\Documents\git_repos\oldschool-clientc\3rd\rscache\src\datatypes\dat2_config_npc.c,1288,0.002931,0.004895
C:\Users\mrobe\Documents\git_repos\oldschool-clientc\3rd\toridraw\toridraw_scene.c,181,0.002931,0.004895
C:\Users\mrobe\Documents\git_repos\oldschool-clientc\src\ui\uitree.c,3028,0.002931,0.004895
C:\Users\mrobe\Documents\git_repos\oldschool-clientc\src\ui\uitree_emit.c,2415,0.002931,0.004895
C:\Users\mrobe\Documents\git_repos\oldschool-clientc\src\engine\world_builder\world_scenery.u.c,649,0.002931,0.004895
C:\Users\mrobe\Documents\git_repos\oldschool-clientc\src\engine\world_builder\world_sharelight.u.c,133,0.002931,0.004895
C:\Users\mrobe\Documents\git_repos\oldschool-clientc\src\engine\world_builder\world_builder.c,315,0.002931,0.004895
C:\Users\mrobe\Documents\git_repos\oldschool-clientc\src\engine\world_builder\contour_ground.c,363,0.002931,0.004895
C:\Users\mrobe\Documents\git_repos\oldschool-clientc\src\plugin\torirs_plugin_bridge.u.c,549,0.002930,0.004893
C:\Users\mrobe\Documents\git_repos\oldschool-clientc\src\game\rs_prefs.c,276,0.002930,0.004893
C:\Users\mrobe\Documents\git_repos\oldschool-clientc\3rd\hmap\hmap.h,408,0.002930,0.004893
C:\Users\mrobe\Documents\git_repos\oldschool-clientc\src\js5\js5_rscache.c,24,0.002930,0.004893
C:\Users\mrobe\Documents\git_repos\oldschool-clientc\3rd\miniz\miniz.c,2727,0.002930,0.004893
C:\Users\mrobe\Documents\git_repos\oldschool-clientc\src\painters\painters_bucket.u.c,53,0.002930,0.004893
C:\Users\mrobe\Documents\git_repos\oldschool-clientc\src\game\rs_cs2_host.c,2001,0.002930,0.004893
C:\Users\mrobe\Documents\git_repos\oldschool-clientc\3rd\rscache\src\dat2disk.c,249,0.002930,0.004893
C:\Users\mrobe\Documents\git_repos\oldschool-clientc\3rd\rscache\src\dat2disk.c,697,0.002930,0.004893
C:\Users\mrobe\Documents\git_repos\oldschool-clientc\3rd\rscache\src\datatypes\model.c,64,0.002930,0.004893
C:\Users\mrobe\Documents\git_repos\oldschool-clientc\3rd\rscache\src\datatypes\model.c,1435,0.002930,0.004893
C:\Users\mrobe\Documents\git_repos\oldschool-clientc\3rd\rscache\src\datatypes\model.c,3013,0.002930,0.004893
C:\Users\mrobe\Documents\git_repos\oldschool-clientc\3rd\rscache\src\rsbuffer.c,131,0.002930,0.004893
C:\Users\mrobe\Documents\git_repos\oldschool-clientc\src\asyncio.h,234,0.002930,0.004893
C:\Users\mrobe\Documents\git_repos\oldschool-clientc\3rd\toridraw\toridraw_lighting.c,152,0.002930,0.004893
C:\Users\mrobe\Documents\git_repos\oldschool-clientc\src\ui\uitree.c,1743,0.002930,0.004893
C:\Users\mrobe\Documents\git_repos\oldschool-clientc\src\ui\uitree.c,1786,0.002930,0.004893
C:\Users\mrobe\Documents\git_repos\oldschool-clientc\src\engine\world_builder\shademap.c,17,0.002930,0.004893
C:\Users\mrobe\Documents\git_repos\oldschool-clientc\src\engine\world_builder\world_decode_tile.c,514,0.002930,0.004893
C:\Users\mrobe\Documents\git_repos\oldschool-clientc\src\engine\world_builder\overlaymap.c,10,0.002930,0.004893
C:\Users\mrobe\Documents\git_repos\oldschool-clientc\src\painters\painters_cullspan.u.c,264,0.002929,0.004891
C:\Users\mrobe\Documents\git_repos\oldschool-clientc\src\engine\world_builder\collision_map.c,284,0.002929,0.004891
C:\Users\mrobe\Documents\git_repos\oldschool-clientc\src\painters\scene_occluders.c,354,0.002929,0.004891
C:\Users\mrobe\Documents\git_repos\oldschool-clientc\src\cs2vm2\cs2vm2.c,1672,0.002929,0.004891
C:\Users\mrobe\Documents\git_repos\oldschool-clientc\src\js5\js5_rscache.c,20,0.002929,0.004891
C:\Users\mrobe\Documents\git_repos\oldschool-clientc\src\js5\js5_rscache.c,44,0.002929,0.004891
C:\Users\mrobe\Documents\git_repos\oldschool-clientc\src\js5\js5.c,1045,0.002929,0.004891
C:\Users\mrobe\Documents\git_repos\oldschool-clientc\3rd\miniz\miniz.c,2772,0.002929,0.004891
C:\Users\mrobe\Documents\git_repos\oldschool-clientc\3rd\miniz\miniz.c,2608,0.002929,0.004891
C:\Users\mrobe\Documents\git_repos\oldschool-clientc\src\painters\painters_bucket.u.c,735,0.002929,0.004891
C:\Users\mrobe\Documents\git_repos\oldschool-clientc\src\<artificial>,155,0.002929,0.004891
C:\Users\mrobe\Documents\git_repos\oldschool-clientc\3rd\rscache\src\dat2disk.c,800,0.002929,0.004891
C:\Users\mrobe\Documents\git_repos\oldschool-clientc\3rd\rscache\src\datatypes\dat2_framemap.c,169,0.002929,0.004891
C:\Users\mrobe\Documents\git_repos\oldschool-clientc\src\game\task_cs2_run.c,1464,0.002929,0.004891
C:\Users\mrobe\Documents\git_repos\oldschool-clientc\3rd\rscache\src\datatypes\dat2_frame.c,208,0.002929,0.004891
C:\Users\mrobe\Documents\git_repos\oldschool-clientc\src\engine\world_builder\task_world_load.c,47,0.002929,0.004891
C:\Users\mrobe\Documents\git_repos\oldschool-clientc\src\engine\toridraw_model_from_torirs.c,38,0.002929,0.004891
C:\Users\mrobe\Documents\git_repos\oldschool-clientc\3rd\toridraw\toridraw_lighting.c,143,0.002929,0.004891
C:\Users\mrobe\Documents\git_repos\oldschool-clientc\3rd\toridraw\toridraw_lighting.c,147,0.002929,0.004891
C:\Users\mrobe\Documents\git_repos\oldschool-clientc\src\engine\torirs_model_from_rscache.c,55,0.002929,0.004891
C:\Users\mrobe\Documents\git_repos\oldschool-clientc\src\ui\uitree.c,130,0.002929,0.004891
C:\Users\mrobe\Documents\git_repos\oldschool-clientc\src\engine\uitree_builder\uitree_builder_manifest.c,19,0.002929,0.004891
C:\Users\mrobe\Documents\git_repos\oldschool-clientc\src\ui\uitree_emit.c,2337,0.002929,0.004891
C:\Users\mrobe\Documents\git_repos\oldschool-clientc\src\ui\uitree_scroll.c,9,0.002929,0.004891
C:\Users\mrobe\Documents\git_repos\oldschool-clientc\src\engine\world_builder\world_decode_tile.c,548,0.002929,0.004891
C:\Users\mrobe\Documents\git_repos\oldschool-clientc\src\engine\world_builder\world_scenery.u.c,612,0.002929,0.004891
C:\Users\mrobe\Documents\git_repos\oldschool-clientc\src\painters\painters.c,1254,0.002929,0.004891
C:\Users\mrobe\Documents\git_repos\oldschool-clientc\src\engine\world_builder\world_scenery.u.c,1106,0.002929,0.004891
C:\Users\mrobe\Documents\git_repos\oldschool-clientc\src\app.c,5658,0.002928,0.004890
C:\Users\mrobe\Documents\git_repos\oldschool-clientc\src\app.c,13218,0.002928,0.004890
C:\Users\mrobe\Documents\git_repos\oldschool-clientc\src\cs2vm2\cs2vm2.c,10630,0.002928,0.004890
C:\Users\mrobe\Documents\git_repos\oldschool-clientc\3rd\miniz\miniz.c,2702,0.002928,0.004890
C:\Users\mrobe\Documents\git_repos\oldschool-clientc\src\platform\net_transport_tcp.c,28,0.002928,0.004890
C:\Users\mrobe\Documents\git_repos\oldschool-clientc\src\platform\platform_x_io.c,710,0.002928,0.004890
C:\Users\mrobe\Documents\git_repos\oldschool-clientc\3rd\rscache\src\datatypes\clientscript.c,44,0.002928,0.004890
C:\Users\mrobe\Documents\git_repos\oldschool-clientc\3rd\rscache\src\datatypes\dat2_sprites.c,144,0.002928,0.004890
C:\Users\mrobe\Documents\git_repos\oldschool-clientc\3rd\rscache\src\datatypes\dat2_config_npc.c,1297,0.002928,0.004890
C:\Users\mrobe\Documents\git_repos\oldschool-clientc\src\ui\uitree.c,4073,0.002928,0.004890
C:\Users\mrobe\Documents\git_repos\oldschool-clientc\src\engine\uitree_from_component.c,191,0.002928,0.004890
C:\Users\mrobe\Documents\git_repos\oldschool-clientc\3rd\rscache\src\archive.c,36,0.002927,0.004888
C:\Users\mrobe\Documents\git_repos\oldschool-clientc\src\cs2vm2\cs2vm2.c,721,0.002927,0.004888
C:\Users\mrobe\Documents\git_repos\oldschool-clientc\3rd\rscache\src\rsbuffer.c,213,0.002927,0.004888
C:\Users\mrobe\Documents\git_repos\oldschool-clientc\src\game\task_cs2_run.c,1057,0.002927,0.004888
C:\Users\mrobe\Documents\git_repos\oldschool-clientc\src\game\task_cs2_run.c,1205,0.002927,0.004888
C:\Users\mrobe\Documents\git_repos\oldschool-clientc\src\engine\world_builder\world_sharelight.u.c,484,0.002927,0.004888
C:\Users\mrobe\Documents\git_repos\oldschool-clientc\src\cs2vm2\cs2vm2.c,804,0.002926,0.004886
C:\Users\mrobe\Documents\git_repos\oldschool-clientc\src\cs2vm2\cs2vm2.c,89,0.002926,0.004886
C:\Users\mrobe\Documents\git_repos\oldschool-clientc\src\js5\js5.c,820,0.002926,0.004886
C:\Users\mrobe\Documents\git_repos\oldschool-clientc\src\net\rev\osrs239\osrs239_parse.c,484,0.002926,0.004886
C:\Users\mrobe\Documents\git_repos\oldschool-clientc\src\platform\platform_win32gdi.c,181,0.002926,0.004886
C:\Users\mrobe\Documents\git_repos\oldschool-clientc\src\js5\js5.c,1996,0.002926,0.004886
C:\Users\mrobe\Documents\git_repos\oldschool-clientc\src\game\task_cs2_run.c,1412,0.002926,0.004886
C:\Users\mrobe\Documents\git_repos\oldschool-clientc\src\ui\uitree_hook.c,102,0.002926,0.004886
C:\Users\mrobe\Documents\git_repos\oldschool-clientc\src\engine\world_builder\world_scenery.u.c,1078,0.002926,0.004886
C:\Users\mrobe\Documents\git_repos\oldschool-clientc\src\app.c,7205,0.002925,0.004885
C:\Users\mrobe\Documents\git_repos\oldschool-clientc\src\app.c,13450,0.002925,0.004885
C:\Users\mrobe\Documents\git_repos\oldschool-clientc\src\cs2vm2\cs2vm2.c,4203,0.002925,0.004885
C:\Users\mrobe\Documents\git_repos\oldschool-clientc\src\js5\js5.c,1828,0.002925,0.004885
C:\Users\mrobe\Documents\git_repos\oldschool-clientc\src\asyncio.h,408,0.002925,0.004885
C:\Users\mrobe\Documents\git_repos\oldschool-clientc\3rd\toridraw\toridraw_model_transform.c,282,0.002925,0.004885
C:\Users\mrobe\Documents\git_repos\oldschool-clientc\src\ui\uitree.c,944,0.002925,0.004885
C:\Users\mrobe\Documents\git_repos\oldschool-clientc\src\engine\uitree_from_component.c,181,0.002925,0.004885
R:\winlibs_staging_msvcrt32\gcc-15.2.0\build_mingw\i686-w64-mingw32\libgcc\..\..\..\libgcc\libgcc2.c,1221,0.002925,0.004885
C:\Users\mrobe\Documents\git_repos\oldschool-clientc\src\net\net.c,545,0.002924,0.004883
C:\Users\mrobe\Documents\git_repos\oldschool-clientc\src\app.c,12365,0.002924,0.004883
C:\Users\mrobe\Documents\git_repos\oldschool-clientc\src\app.c,24677,0.002924,0.004883
C:\Users\mrobe\Documents\git_repos\oldschool-clientc\3rd\hmap\hmap.h,472,0.002924,0.004883
C:\Users\mrobe\Documents\git_repos\oldschool-clientc\src\main.c,2039,0.002924,0.004883
C:\Users\mrobe\Documents\git_repos\oldschool-clientc\src\plugin\torirs_plugin_host.c,380,0.002924,0.004883
C:\Users\mrobe\Documents\git_repos\oldschool-clientc\src\ui\uitree.c,641,0.002924,0.004883
C:\Users\mrobe\Documents\git_repos\oldschool-clientc\src\app.c,2194,0.002923,0.004881
C:\Users\mrobe\Documents\git_repos\oldschool-clientc\src\engine\toridraw_model_from_torirs.c,91,0.002923,0.004881
C:\Users\mrobe\Documents\git_repos\oldschool-clientc\src\app.c,19533,0.002923,0.004881
C:\Users\mrobe\Documents\git_repos\oldschool-clientc\src\cs2vm2\cs2vm2.c,10126,0.002923,0.004881
C:\Users\mrobe\Documents\git_repos\oldschool-clientc\src\engine\torirs_map_from_rscache.c,32,0.002923,0.004881
C:\Users\mrobe\Documents\git_repos\oldschool-clientc\src\ui\uitree.c,702,0.002923,0.004881
C:\Users\mrobe\Documents\git_repos\oldschool-clientc\src\cs2vm2\cs2vm2.c,6261,0.002922,0.004880
C:\Users\mrobe\Documents\git_repos\oldschool-clientc\src\cs2vm2\cs2vm2.c,638,0.002922,0.004880
C:\Users\mrobe\Documents\git_repos\oldschool-clientc\src\painters\painters_bucket.u.c,752,0.002922,0.004880
C:\Users\mrobe\Documents\git_repos\oldschool-clientc\src\engine\world_builder\world_decode_tile.c,597,0.002922,0.004880
C:\Users\mrobe\Documents\git_repos\oldschool-clientc\3rd\hmap\hmap.h,470,0.002921,0.004878
C:\Users\mrobe\Documents\git_repos\oldschool-clientc\src\ui\uitree.c,4370,0.002921,0.004878
C:\Users\mrobe\Documents\git_repos\oldschool-clientc\src\ui\uitree_input.c,319,0.002921,0.004878
C:\Users\mrobe\Documents\git_repos\oldschool-clientc\src\world\world.c,1371,0.002920,0.004876
C:\Users\mrobe\Documents\git_repos\oldschool-clientc\src\app.c,25698,0.002920,0.004876
C:\Users\mrobe\Documents\git_repos\oldschool-clientc\3rd\rscache\src\datatypes\dat2_sprites.c,143,0.002920,0.004876
C:\Users\mrobe\Documents\git_repos\oldschool-clientc\src\engine\world_builder\world_sharelight.u.c,219,0.002920,0.004876
C:\Users\mrobe\Documents\git_repos\oldschool-clientc\3rd\toridraw\toridraw_render.u.c,910,0.002918,0.004873
C:\Users\mrobe\Documents\git_repos\oldschool-clientc\src\cs2vm2\cs2vm2.c,323,0.002917,0.004871
C:\Users\mrobe\Documents\git_repos\oldschool-clientc\src\cs2vm2\cs2vm2.c,3364,0.002913,0.004865
C:\Users\mrobe\Documents\git_repos\oldschool-clientc\src\platform\platform_x_io.c,647,0.002910,0.004860
C:\Users\mrobe\Documents\git_repos\oldschool-clientc\src\engine\world_builder\task_world_load.c,45,0.002896,0.004836
C:\Users\mrobe\Documents\git_repos\oldschool-clientc\src\cs2vm2\cs2vm2.c,11763,0.002890,0.004826
C:\Users\mrobe\Documents\git_repos\oldschool-clientc\src\engine\world_builder\task_world_load.c,298,0.002844,0.004749
C:\Users\mrobe\Documents\git_repos\oldschool-clientc\3rd\toridraw\toridraw_font.c,1065,0.002002,0.003343
C:\Users\mrobe\Documents\git_repos\oldschool-clientc\src\painters\painters.c,354,0.001987,0.003318
C:\Users\mrobe\Documents\git_repos\oldschool-clientc\src\engine\dat2\task_dat2_hitsplat_load.c,44,0.001986,0.003317
C:\Users\mrobe\Documents\git_repos\oldschool-clientc\3rd\toridraw\toridraw_raster.u.c,389,0.001986,0.003317
C:\Users\mrobe\Documents\git_repos\oldschool-clientc\src\render\torirs_frame.c,2340,0.001982,0.003310
C:\Users\mrobe\Documents\git_repos\oldschool-clientc\3rd\toridraw\graphics\raster\texture\span\tex.span.sse2.u.c,835,0.001981,0.003308
C:\Users\mrobe\Documents\git_repos\oldschool-clientc\3rd\toridraw\toridraw_font.c,231,0.001978,0.003303
C:\Users\mrobe\Documents\git_repos\oldschool-clientc\src\app.c,21585,0.001971,0.003291
C:\Users\mrobe\Documents\git_repos\oldschool-clientc\src\app.c,25795,0.001971,0.003291
C:\Users\mrobe\Documents\git_repos\oldschool-clientc\src\platform\platform_sdl2_renderer_soft3d.c,388,0.001968,0.003286
C:\Users\mrobe\Documents\git_repos\oldschool-clientc\3rd\rscache\src\reference_table.c,83,0.001968,0.003286
C:\Users\mrobe\Documents\git_repos\oldschool-clientc\src\ui\uitree_scroll.c,80,0.001967,0.003285
C:\Users\mrobe\Documents\git_repos\oldschool-clientc\src\app.c,27246,0.001965,0.003281
C:\Users\mrobe\Documents\git_repos\oldschool-clientc\src\painters\painters_bucket.u.c,946,0.001965,0.003281
C:\Users\mrobe\Documents\git_repos\oldschool-clientc\src\ui\uitree_input.c,137,0.001965,0.003281
C:\Users\mrobe\Documents\git_repos\oldschool-clientc\3rd\toridraw\toridraw_scene.h,348,0.001965,0.003281
C:\Users\mrobe\Documents\git_repos\oldschool-clientc\src\app.c,26998,0.001964,0.003280
C:\Users\mrobe\Documents\git_repos\oldschool-clientc\src\app.c,2069,0.001964,0.003280
C:\Users\mrobe\Documents\git_repos\oldschool-clientc\src\revconfig\revconfig.c,190,0.001964,0.003280
C:\Users\mrobe\Documents\git_repos\oldschool-clientc\3rd\toridraw\toridraw_font.c,372,0.001964,0.003280
C:\Users\mrobe\Documents\git_repos\oldschool-clientc\3rd\toridraw\toridraw_render.u.c,768,0.001964,0.003280
C:\Users\mrobe\Documents\git_repos\oldschool-clientc\src\ui\uitree_emit.c,2148,0.001964,0.003280
C:\Users\mrobe\Documents\git_repos\oldschool-clientc\src\ui\uitree.c,4373,0.001964,0.003280
C:\Users\mrobe\Documents\git_repos\oldschool-clientc\src\ui\uitree_emit.c,2380,0.001964,0.003280
C:\Users\mrobe\Documents\git_repos\oldschool-clientc\src\ui\uitree_emit.c,59,0.001964,0.003280
C:\Users\mrobe\Documents\git_repos\oldschool-clientc\src\ui\uitree_layout.c,544,0.001964,0.003280
C:\Users\mrobe\Documents\git_repos\oldschool-clientc\src\ui\uitree_emit.c,2287,0.001964,0.003280
C:\Users\mrobe\Documents\git_repos\oldschool-clientc\src\ui\uitree_emit.c,390,0.001964,0.003280
C:\Users\mrobe\Documents\git_repos\oldschool-clientc\src\ui\uitree_emit.c,334,0.001964,0.003280
C:\Users\mrobe\Documents\git_repos\oldschool-clientc\src\ui\uitree_hover.c,81,0.001964,0.003280
C:\Users\mrobe\Documents\git_repos\oldschool-clientc\src\ui\uitree_hover.c,194,0.001964,0.003280
C:\Users\mrobe\Documents\git_repos\oldschool-clientc\src\ui\uitree_input.c,231,0.001964,0.003280
C:\Users\mrobe\Documents\git_repos\oldschool-clientc\src\ui\uitree_input.c,423,0.001964,0.003280
C:\Users\mrobe\Documents\git_repos\oldschool-clientc\src\app.c,4766,0.001963,0.003278
C:\Users\mrobe\Documents\git_repos\oldschool-clientc\src\app.c,13835,0.001963,0.003278
C:\Users\mrobe\Documents\git_repos\oldschool-clientc\src\painters\painters_bucket.u.c,1167,0.001963,0.003278
C:\Users\mrobe\Documents\git_repos\oldschool-clientc\3rd\toridraw\toridraw_scene.c,625,0.001963,0.003278
C:\Users\mrobe\Documents\git_repos\oldschool-clientc\3rd\toridraw\toridraw_font.c,1441,0.001963,0.003278
C:\Users\mrobe\Documents\git_repos\oldschool-clientc\3rd\toridraw\toridraw_font.c,1438,0.001963,0.003278
C:\Users\mrobe\Documents\git_repos\oldschool-clientc\3rd\toridraw\toridraw_font.c,249,0.001963,0.003278
C:\Users\mrobe\Documents\git_repos\oldschool-clientc\3rd\toridraw\toridraw_animation.c,119,0.001963,0.003278
C:\Users\mrobe\Documents\git_repos\oldschool-clientc\3rd\toridraw\toridraw_map.c,257,0.001963,0.003278
C:\Users\mrobe\Documents\git_repos\oldschool-clientc\3rd\toridraw\toridraw_2d.c,544,0.001963,0.003278
C:\Users\mrobe\Documents\git_repos\oldschool-clientc\src\ui\uitree_scroll.c,149,0.001963,0.003278
C:\Users\mrobe\Documents\git_repos\oldschool-clientc\src\ui\uitree_emit.c,239,0.001963,0.003278
C:\Users\mrobe\Documents\git_repos\oldschool-clientc\src\ui\uitree_emit.c,244,0.001963,0.003278
C:\Users\mrobe\Documents\git_repos\oldschool-clientc\src\ui\uitree.c,4465,0.001963,0.003278
C:\Users\mrobe\Documents\git_repos\oldschool-clientc\src\ui\uitree_scroll.c,189,0.001963,0.003278
C:\Users\mrobe\Documents\git_repos\oldschool-clientc\src\ui\uitree_hover.c,139,0.001963,0.003278
C:\Users\mrobe\Documents\git_repos\oldschool-clientc\src\ui\uitree_input.c,388,0.001963,0.003278
C:\Users\mrobe\Documents\git_repos\oldschool-clientc\src\painters\painters.h,162,0.001963,0.003278
C:\Users\mrobe\Documents\git_repos\oldschool-clientc\src\plugin\torirs_plugin_bridge.u.c,932,0.001962,0.003276
C:\Users\mrobe\Documents\git_repos\oldschool-clientc\src\app.c,4775,0.001962,0.003276
C:\Users\mrobe\Documents\git_repos\oldschool-clientc\src\world\world_cycle.c,893,0.001962,0.003276
C:\Users\mrobe\Documents\git_repos\oldschool-clientc\src\app.c,13602,0.001962,0.003276
C:\Users\mrobe\Documents\git_repos\oldschool-clientc\src\app.c,27061,0.001962,0.003276
C:\Users\mrobe\Documents\git_repos\oldschool-clientc\src\painters\painters_bucket.u.c,1358,0.001962,0.003276
C:\Users\mrobe\Documents\git_repos\oldschool-clientc\3rd\toridraw\toridraw_raster.u.c,349,0.001962,0.003276
C:\Users\mrobe\Documents\git_repos\oldschool-clientc\3rd\toridraw\toridraw_2d.c,541,0.001962,0.003276
C:\Users\mrobe\Documents\git_repos\oldschool-clientc\3rd\toridraw\toridraw_2d.c,552,0.001962,0.003276
C:\Users\mrobe\Documents\git_repos\oldschool-clientc\3rd\toridraw\graphics\convex_hull.c,97,0.001962,0.003276
C:\Users\mrobe\Documents\git_repos\oldschool-clientc\src\render\torirs_frame.c,2385,0.001962,0.003276
C:\Users\mrobe\Documents\git_repos\oldschool-clientc\src\ui\uitree.c,71,0.001962,0.003276
C:\Users\mrobe\Documents\git_repos\oldschool-clientc\src\ui\uitree_emit.c,406,0.001962,0.003276
C:\Users\mrobe\Documents\git_repos\oldschool-clientc\src\ui\uitree_input.c,410,0.001962,0.003276
C:\Users\mrobe\Documents\git_repos\oldschool-clientc\src\app.c,2239,0.001961,0.003275
C:\Users\mrobe\Documents\git_repos\oldschool-clientc\src\engine\world_builder\heightmap.c,48,0.001961,0.003275
C:\Users\mrobe\Documents\git_repos\oldschool-clientc\src\platform\platform_sdl2_renderer_soft3d.c,252,0.001961,0.003275
C:\Users\mrobe\Documents\git_repos\oldschool-clientc\src\platform\platform_sdl2_renderer_soft3d.c,373,0.001961,0.003275
C:\Users\mrobe\Documents\git_repos\oldschool-clientc\3rd\rscache\src\rsbuffer.c,764,0.001961,0.003275
C:\Users\mrobe\Documents\git_repos\oldschool-clientc\3rd\toridraw\toridraw_font.c,463,0.001961,0.003275
C:\Users\mrobe\Documents\git_repos\oldschool-clientc\src\render\torirs_frame.c,1534,0.001961,0.003275
C:\Users\mrobe\Documents\git_repos\oldschool-clientc\src\plugin\torirs_plugin_host.c,1406,0.001961,0.003275
C:\Users\mrobe\Documents\git_repos\oldschool-clientc\src\ui\uitree_hover.c,152,0.001961,0.003275
C:\Users\mrobe\Documents\git_repos\oldschool-clientc\src\ui\uitree_hover.c,255,0.001961,0.003275
C:\Users\mrobe\Documents\git_repos\oldschool-clientc\src\ui\uitree_interact.c,1427,0.001961,0.003275
C:\Users\mrobe\Documents\git_repos\oldschool-clientc\src\world\world_cycle.c,1817,0.001960,0.003273
C:\Users\mrobe\Documents\git_repos\oldschool-clientc\src\cs2vm2\cs2vm2.c,958,0.001960,0.003273
C:\Users\mrobe\Documents\git_repos\oldschool-clientc\3rd\hmap\hmap.h,201,0.001960,0.003273
C:\Users\mrobe\Documents\git_repos\oldschool-clientc\src\painters\painters_bucket.u.c,747,0.001960,0.003273
C:\Users\mrobe\Documents\git_repos\oldschool-clientc\3rd\rscache\src\datatypes\dat2_config_var.c,10,0.001960,0.003273
C:\Users\mrobe\Documents\git_repos\oldschool-clientc\3rd\toridraw\toridraw_map.c,275,0.001960,0.003273
C:\Users\mrobe\Documents\git_repos\oldschool-clientc\src\render\torirs_frame.c,2369,0.001960,0.003273
C:\Users\mrobe\Documents\git_repos\oldschool-clientc\src\app.c,13881,0.001959,0.003271
C:\Users\mrobe\Documents\git_repos\oldschool-clientc\3rd\toridraw\toridraw_model.c,218,0.001959,0.003271
C:\Users\mrobe\Documents\git_repos\oldschool-clientc\3rd\toridraw\toridraw_animation.c,91,0.001959,0.003271
C:\Users\mrobe\Documents\git_repos\oldschool-clientc\3rd\toridraw\toridraw_2d.c,425,0.001959,0.003271
C:\Users\mrobe\Documents\git_repos\oldschool-clientc\3rd\toridraw\toridraw_2d.c,554,0.001959,0.003271
C:\Users\mrobe\Documents\git_repos\oldschool-clientc\3rd\toridraw\toridraw_2d.c,622,0.001959,0.003271
C:\Users\mrobe\Documents\git_repos\oldschool-clientc\src\render\torirs_frame.c,1863,0.001959,0.003271
C:\Users\mrobe\Documents\git_repos\oldschool-clientc\src\ui\uitree_layout.c,463,0.001959,0.003271
C:\Users\mrobe\Documents\git_repos\oldschool-clientc\src\engine\world_builder\world_sharelight.u.c,347,0.001959,0.003271
C:\Users\mrobe\Documents\git_repos\oldschool-clientc\src\world\world_cycle.c,1545,0.001959,0.003271
C:\Users\mrobe\Documents\git_repos\oldschool-clientc\src\audio\torirs_mixer.c,710,0.001958,0.003270
C:\Users\mrobe\Documents\git_repos\oldschool-clientc\src\game\rs_cs2_host.c,7460,0.001958,0.003270
C:\Users\mrobe\Documents\git_repos\oldschool-clientc\3rd\rscache\src\datatypes\sound_render.c,624,0.001958,0.003270
C:\Users\mrobe\Documents\git_repos\oldschool-clientc\3rd\toridraw\toridraw_font.c,1217,0.001958,0.003270
C:\Users\mrobe\Documents\git_repos\oldschool-clientc\3rd\toridraw\graphics\raster\texture\span\tex.span.sse2.u.c,927,0.001958,0.003270
C:\Users\mrobe\Documents\git_repos\oldschool-clientc\3rd\toridraw\toridraw_render.u.c,207,0.001958,0.003270
C:\Users\mrobe\Documents\git_repos\oldschool-clientc\3rd\toridraw\toridraw_raster.u.c,1144,0.001958,0.003270
C:\Users\mrobe\Documents\git_repos\oldschool-clientc\3rd\toridraw\graphics\raster\texture\texshadeblend.persp.textrans.branching.lerp8_v3.u.c,493,0.001958,0.003270
C:\Users\mrobe\Documents\git_repos\oldschool-clientc\3rd\toridraw\toridraw_lighting.c,135,0.001958,0.003270
C:\Users\mrobe\Documents\git_repos\oldschool-clientc\3rd\toridraw\toridraw_lighting.c,141,0.001958,0.003270
C:\Users\mrobe\Documents\git_repos\oldschool-clientc\src\ui\uitree_input.c,365,0.001958,0.003270
C:\Users\mrobe\Documents\git_repos\oldschool-clientc\src\engine\world_builder\world_builder.c,689,0.001958,0.003270
C:\Users\mrobe\Documents\git_repos\oldschool-clientc\src\app.c,7691,0.001957,0.003268
C:\Users\mrobe\Documents\git_repos\oldschool-clientc\3rd\toridraw\toridraw.c,700,0.001957,0.003268
C:\Users\mrobe\Documents\git_repos\oldschool-clientc\3rd\bzip\bzip.c,566,0.001957,0.003268
C:\Users\mrobe\Documents\git_repos\oldschool-clientc\3rd\rscache\src\datatypes\sound_render.c,419,0.001957,0.003268
C:\Users\mrobe\Documents\git_repos\oldschool-clientc\3rd\toridraw\graphics\raster\texture\span\tex.span_uv.h,80,0.001957,0.003268
C:\Users\mrobe\Documents\git_repos\oldschool-clientc\3rd\toridraw\graphics\raster\flat\flat.screen.opaque.branching.s4.c,347,0.001957,0.003268
C:\Users\mrobe\Documents\git_repos\oldschool-clientc\3rd\toridraw\graphics\raster\gouraudhsllightness\gouraudhsllightness.screen.alpha.bary.branching.s4.c,141,0.001957,0.003268
C:\Users\mrobe\Documents\git_repos\oldschool-clientc\3rd\toridraw\toridraw_render.u.c,1608,0.001957,0.003268
C:\Users\mrobe\Documents\git_repos\oldschool-clientc\3rd\toridraw\toridraw_model.c,72,0.001957,0.003268
C:\Users\mrobe\Documents\git_repos\oldschool-clientc\src\engine\torirs_sprite_from_rscache.c,419,0.001957,0.003268
C:\Users\mrobe\Documents\git_repos\oldschool-clientc\src\engine\uitree_role_load.c,186,0.001957,0.003268
C:\Users\mrobe\Documents\git_repos\oldschool-clientc\src\cs2vm2\cs2vm2.c,79,0.001956,0.003266
C:\Users\mrobe\Documents\git_repos\oldschool-clientc\src\js5\js5.c,909,0.001956,0.003266
C:\Users\mrobe\Documents\git_repos\oldschool-clientc\src\painters\painters_bucket.u.c,832,0.001956,0.003266
C:\Users\mrobe\Documents\git_repos\oldschool-clientc\src\painters\painters_bucket.u.c,977,0.001956,0.003266
C:\Users\mrobe\Documents\git_repos\oldschool-clientc\src\painters\painters_bucket.u.c,1033,0.001956,0.003266
C:\Users\mrobe\Documents\git_repos\oldschool-clientc\src\painters\painters_bucket.u.c,1363,0.001956,0.003266
C:\Users\mrobe\Documents\git_repos\oldschool-clientc\src\painters\painters_bucket.u.c,517,0.001956,0.003266
C:\Users\mrobe\Documents\git_repos\oldschool-clientc\3rd\rscache\src\rsbuffer.c,166,0.001956,0.003266
C:\Users\mrobe\Documents\git_repos\oldschool-clientc\3rd\rscache\src\reference_table.c,59,0.001956,0.003266
C:\Users\mrobe\Documents\git_repos\oldschool-clientc\3rd\rscache\src\datatypes\sound_synth.c,361,0.001956,0.003266
C:\Users\mrobe\Documents\git_repos\oldschool-clientc\3rd\rscache\src\datatypes\sound_render.c,435,0.001956,0.003266
C:\Users\mrobe\Documents\git_repos\oldschool-clientc\3rd\rscache\src\datatypes\sound_render.c,484,0.001956,0.003266
C:\Users\mrobe\Documents\git_repos\oldschool-clientc\src\game\task_prefs_io.c,40,0.001956,0.003266
C:\Users\mrobe\Documents\git_repos\oldschool-clientc\3rd\toridraw\graphics\raster\flat\flat.screen.opaque.branching.s4.c,80,0.001956,0.003266
C:\Users\mrobe\Documents\git_repos\oldschool-clientc\3rd\toridraw\graphics\alpha.h,35,0.001956,0.003266
C:\Users\mrobe\Documents\git_repos\oldschool-clientc\3rd\toridraw\graphics\raster\texture\span\tex.span.sse2.u.c,51,0.001956,0.003266
C:\Users\mrobe\Documents\git_repos\oldschool-clientc\3rd\toridraw\graphics\raster\texture\texshadeblend.persp.textrans.branching.lerp8_v3.u.c,56,0.001956,0.003266
C:\Users\mrobe\Documents\git_repos\oldschool-clientc\3rd\toridraw\graphics\raster\texture\texshadeblend.persp.textrans.branching.lerp8_v3.u.c,235,0.001956,0.003266
C:\Users\mrobe\Documents\git_repos\oldschool-clientc\3rd\toridraw\toridraw_render.u.c,1607,0.001956,0.003266
C:\Users\mrobe\Documents\git_repos\oldschool-clientc\3rd\toridraw\toridraw_raster.u.c,505,0.001956,0.003266
C:\Users\mrobe\Documents\git_repos\oldschool-clientc\3rd\toridraw\triangles\toridraw_triangle_flat.u.c,352,0.001956,0.003266
C:\Users\mrobe\Documents\git_repos\oldschool-clientc\3rd\toridraw\toridraw_model.c,179,0.001956,0.003266
C:\Users\mrobe\Documents\git_repos\oldschool-clientc\3rd\toridraw\toridraw_model.c,219,0.001956,0.003266
C:\Users\mrobe\Documents\git_repos\oldschool-clientc\3rd\toridraw\toridraw_scene.c,1913,0.001956,0.003266
C:\Users\mrobe\Documents\git_repos\oldschool-clientc\3rd\toridraw\toridraw_2d.c,365,0.001956,0.003266
C:\Users\mrobe\Documents\git_repos\oldschool-clientc\3rd\toridraw\toridraw_model_transform.c,780,0.001956,0.003266
C:\Users\mrobe\Documents\git_repos\oldschool-clientc\src\ui\ui_if3_layout.h,35,0.001956,0.003266
C:\Users\mrobe\Documents\git_repos\oldschool-clientc\src\engine\world_builder\world_sharelight.u.c,231,0.001956,0.003266
C:\Users\mrobe\Documents\git_repos\oldschool-clientc\src\engine\world_builder\contour_ground.h,20,0.001956,0.003266
C:\Users\mrobe\Documents\git_repos\oldschool-clientc\src\world\world_cycle.c,470,0.001956,0.003266
C:\Users\mrobe\Documents\git_repos\oldschool-clientc\src\plugin\torirs_plugin_bridge.u.c,381,0.001955,0.003265
C:\Users\mrobe\Documents\git_repos\oldschool-clientc\src\app.c,5520,0.001955,0.003265
C:\Users\mrobe\Documents\git_repos\oldschool-clientc\3rd\bzip\bzip.c,431,0.001955,0.003265
C:\Users\mrobe\Documents\git_repos\oldschool-clientc\3rd\rscache\src\dat2disk.c,1289,0.001955,0.003265
C:\Users\mrobe\Documents\git_repos\oldschool-clientc\3rd\miniz\miniz.c,2751,0.001955,0.003265
C:\Users\mrobe\Documents\git_repos\oldschool-clientc\3rd\toridraw\toridraw.c,704,0.001955,0.003265
C:\Users\mrobe\Documents\git_repos\oldschool-clientc\src\platform\platform_x_io.c,221,0.001955,0.003265
C:\Users\mrobe\Documents\git_repos\oldschool-clientc\3rd\bzip\bzip.c,518,0.001955,0.003265
C:\Users\mrobe\Documents\git_repos\oldschool-clientc\3rd\rscache\src\datatypes\sound_render.c,47,0.001955,0.003265
C:\Users\mrobe\Documents\git_repos\oldschool-clientc\3rd\rscache\src\datatypes\sound_render.c,416,0.001955,0.003265
C:\Users\mrobe\Documents\git_repos\oldschool-clientc\3rd\rsprot\packets\midi_song_v2.c,160,0.001955,0.003265
C:\Users\mrobe\Documents\git_repos\oldschool-clientc\src\painters\scene_occluders.c,682,0.001955,0.003265
C:\Users\mrobe\Documents\git_repos\oldschool-clientc\src\cs2vm2\cs2vm2.c,11683,0.001955,0.003265
C:\Users\mrobe\Documents\git_repos\oldschool-clientc\3rd\toridraw\toridraw_font.c,535,0.001955,0.003265
C:\Users\mrobe\Documents\git_repos\oldschool-clientc\3rd\toridraw\toridraw_font.c,517,0.001955,0.003265
C:\Users\mrobe\Documents\git_repos\oldschool-clientc\3rd\toridraw\graphics\raster\texture\span\tex.span.sse2.u.c,1084,0.001955,0.003265
C:\Users\mrobe\Documents\git_repos\oldschool-clientc\3rd\toridraw\graphics\raster\texture\span\tex.span.sse2.u.c,1077,0.001955,0.003265
C:\Users\mrobe\Documents\git_repos\oldschool-clientc\3rd\toridraw\graphics\raster\gouraudhsllightness\gouraudhsllightness.screen.opaque.bary.branching.s4.c,275,0.001955,0.003265
C:\Users\mrobe\Documents\git_repos\oldschool-clientc\3rd\toridraw\graphics\raster\texture\texshadeflat.persp.textrans.ordered.lerp8.scanline.u.c,51,0.001955,0.003265
C:\Users\mrobe\Documents\git_repos\oldschool-clientc\3rd\toridraw\toridraw_render.u.c,978,0.001955,0.003265
C:\Users\mrobe\Documents\git_repos\oldschool-clientc\3rd\toridraw\toridraw_render.u.c,1329,0.001955,0.003265
C:\Users\mrobe\Documents\git_repos\oldschool-clientc\3rd\toridraw\toridraw_render.u.c,1099,0.001955,0.003265
C:\Users\mrobe\Documents\git_repos\oldschool-clientc\3rd\toridraw\toridraw_render.u.c,2412,0.001955,0.003265
C:\Users\mrobe\Documents\git_repos\oldschool-clientc\3rd\toridraw\toridraw_render.u.c,3087,0.001955,0.003265
C:\Users\mrobe\Documents\git_repos\oldschool-clientc\3rd\toridraw\graphics\raster\texture\texshadeflat.persp.textrans.branching.lerp8.u.c,432,0.001955,0.003265
C:\Users\mrobe\Documents\git_repos\oldschool-clientc\3rd\toridraw\toridraw_model.c,301,0.001955,0.003265
C:\Users\mrobe\Documents\git_repos\oldschool-clientc\3rd\toridraw\toridraw_2d.c,183,0.001955,0.003265
C:\Users\mrobe\Documents\git_repos\oldschool-clientc\src\render\torirs_frame.c,57,0.001955,0.003265
C:\Users\mrobe\Documents\git_repos\oldschool-clientc\src\ui\uitree.c,412,0.001955,0.003265
C:\Users\mrobe\Documents\git_repos\oldschool-clientc\src\engine\world_builder\world_scenery.u.c,2303,0.001955,0.003265
C:\Users\mrobe\Documents\git_repos\oldschool-clientc\3rd\toridraw\toridraw_intrusive_list.h,45,0.001955,0.003265
C:\Users\mrobe\Documents\git_repos\oldschool-clientc\src\engine\world_builder\world_sharelight.u.c,234,0.001955,0.003265
C:\Users\mrobe\Documents\git_repos\oldschool-clientc\src\engine\world_builder\world_sharelight.u.c,556,0.001955,0.003265
C:\Users\mrobe\Documents\git_repos\oldschool-clientc\src\painters\painters.c,44,0.001955,0.003265
C:\Users\mrobe\Documents\git_repos\oldschool-clientc\src\app.c,5046,0.001954,0.003263
C:\Users\mrobe\Documents\git_repos\oldschool-clientc\3rd\toridraw\toridraw_scene.c,1000,0.001954,0.003263
C:\Users\mrobe\Documents\git_repos\oldschool-clientc\src\world\world.c,1423,0.001954,0.003263
C:\Users\mrobe\Documents\git_repos\oldschool-clientc\src\app.c,28152,0.001954,0.003263
C:\Users\mrobe\Documents\git_repos\oldschool-clientc\3rd\bzip\bzip.c,184,0.001954,0.003263
C:\Users\mrobe\Documents\git_repos\oldschool-clientc\3rd\bzip\bzip.c,207,0.001954,0.003263
C:\Users\mrobe\Documents\git_repos\oldschool-clientc\3rd\bzip\bzip.c,217,0.001954,0.003263
C:\Users\mrobe\Documents\git_repos\oldschool-clientc\3rd\hmap\hmap.h,246,0.001954,0.003263
C:\Users\mrobe\Documents\git_repos\oldschool-clientc\3rd\hmap\hmap.h,362,0.001954,0.003263
C:\Users\mrobe\Documents\git_repos\oldschool-clientc\src\js5\js5.c,1040,0.001954,0.003263
C:\Users\mrobe\Documents\git_repos\oldschool-clientc\3rd\miniz\miniz.c,2569,0.001954,0.003263
C:\Users\mrobe\Documents\git_repos\oldschool-clientc\3rd\miniz\miniz.c,2824,0.001954,0.003263
C:\Users\mrobe\Documents\git_repos\oldschool-clientc\3rd\miniz\miniz.c,2755,0.001954,0.003263
C:\Users\mrobe\Documents\git_repos\oldschool-clientc\3rd\miniz\miniz.c,2760,0.001954,0.003263
C:\Users\mrobe\Documents\git_repos\oldschool-clientc\src\painters\painters_bucket.u.c,972,0.001954,0.003263
C:\Users\mrobe\Documents\git_repos\oldschool-clientc\src\painters\painters_bucket.u.c,489,0.001954,0.003263
C:\Users\mrobe\Documents\git_repos\oldschool-clientc\src\painters\painters_bucket.u.c,503,0.001954,0.003263
C:\Users\mrobe\Documents\git_repos\oldschool-clientc\src\painters\painters_bucket.u.c,1060,0.001954,0.003263
C:\Users\mrobe\Documents\git_repos\oldschool-clientc\src\painters\painters_i.h,247,0.001954,0.003263
C:\Users\mrobe\Documents\git_repos\oldschool-clientc\src\painters\painters_i.h,292,0.001954,0.003263
C:\Users\mrobe\Documents\git_repos\oldschool-clientc\src\painters\painters_bucket.u.c,1267,0.001954,0.003263
C:\Users\mrobe\Documents\git_repos\oldschool-clientc\src\painters\painters_bucket.u.c,1271,0.001954,0.003263
C:\Users\mrobe\Documents\git_repos\oldschool-clientc\src\painters\painters_bucket.u.c,1439,0.001954,0.003263
C:\Users\mrobe\Documents\git_repos\oldschool-clientc\src\painters\painters_bucket.u.c,1007,0.001954,0.003263
C:\Users\mrobe\Documents\git_repos\oldschool-clientc\src\painters\painters_bucket.u.c,338,0.001954,0.003263
C:\Users\mrobe\Documents\git_repos\oldschool-clientc\src\platform\platform_sdl2_renderer_soft3d.c,280,0.001954,0.003263
C:\Users\mrobe\Documents\git_repos\oldschool-clientc\src\platform\platform_sdl2_renderer_soft3d.c,618,0.001954,0.003263
C:\Users\mrobe\Documents\git_repos\oldschool-clientc\src\game\rs_cs2_host.c,5507,0.001954,0.003263
C:\Users\mrobe\Documents\git_repos\oldschool-clientc\src\game\rs_cs2_host.c,9168,0.001954,0.003263
C:\Users\mrobe\Documents\git_repos\oldschool-clientc\3rd\bzip\bzip.c,526,0.001954,0.003263
C:\Users\mrobe\Documents\git_repos\oldschool-clientc\3rd\rscache\src\reference_table.c,86,0.001954,0.003263
C:\Users\mrobe\Documents\git_repos\oldschool-clientc\3rd\rscache\src\datatypes\sound_render.c,110,0.001954,0.003263
C:\Users\mrobe\Documents\git_repos\oldschool-clientc\3rd\rscache\src\datatypes\sound_render.c,494,0.001954,0.003263
C:\Users\mrobe\Documents\git_repos\oldschool-clientc\3rd\rscache\src\datatypes\sound_render.c,290,0.001954,0.003263
C:\Users\mrobe\Documents\git_repos\oldschool-clientc\3rd\rscache\src\datatypes\dat2_sprites.c,141,0.001954,0.003263
C:\Users\mrobe\Documents\git_repos\oldschool-clientc\src\painters\scene_occluders.c,523,0.001954,0.003263
C:\Users\mrobe\Documents\git_repos\oldschool-clientc\src\game\task_cs2_run.c,228,0.001954,0.003263
C:\Users\mrobe\Documents\git_repos\oldschool-clientc\src\game\task_cs2_run.c,1414,0.001954,0.003263
C:\Users\mrobe\Documents\git_repos\oldschool-clientc\src\<artificial>,106,0.001954,0.003263
C:\Users\mrobe\Documents\git_repos\oldschool-clientc\src\engine\dat2\task_dat2_varp_load.c,107,0.001954,0.003263
C:\Users\mrobe\Documents\git_repos\oldschool-clientc\3rd\toridraw\graphics\projection.u.c,286,0.001954,0.003263
C:\Users\mrobe\Documents\git_repos\oldschool-clientc\3rd\toridraw\graphics\raster\flat\flat.screen.opaque.branching.s4.c,146,0.001954,0.003263
C:\Users\mrobe\Documents\git_repos\oldschool-clientc\3rd\toridraw\graphics\raster\flat\flat.screen.opaque.branching.s4.c,318,0.001954,0.003263
C:\Users\mrobe\Documents\git_repos\oldschool-clientc\3rd\toridraw\toridraw_font.c,1628,0.001954,0.003263
C:\Users\mrobe\Documents\git_repos\oldschool-clientc\3rd\toridraw\graphics\raster\texture\span\tex.span.sse2.u.c,765,0.001954,0.003263
C:\Users\mrobe\Documents\git_repos\oldschool-clientc\3rd\toridraw\graphics\raster\texture\span\tex.span.sse2.u.c,960,0.001954,0.003263
C:\Users\mrobe\Documents\git_repos\oldschool-clientc\3rd\toridraw\graphics\raster\flat\flat.screen.opaque.branching.s4.c,426,0.001954,0.003263
C:\Users\mrobe\Documents\git_repos\oldschool-clientc\3rd\toridraw\graphics\raster\flat\flat.screen.opaque.branching.s4.c,410,0.001954,0.003263
C:\Users\mrobe\Documents\git_repos\oldschool-clientc\3rd\toridraw\graphics\raster\gouraudhsllightness\gouraudhsllightness.screen.opaque.bary.branching.s4.c,258,0.001954,0.003263
C:\Users\mrobe\Documents\git_repos\oldschool-clientc\3rd\toridraw\graphics\clamp.h,11,0.001954,0.003263
C:\Users\mrobe\Documents\git_repos\oldschool-clientc\3rd\toridraw\graphics\raster\texture\texshadeflat.persp.textrans.ordered.lerp8.scanline.u.c,164,0.001954,0.003263
C:\Users\mrobe\Documents\git_repos\oldschool-clientc\3rd\toridraw\graphics\raster\gouraudhsllightness\gouraudhsllightness.screen.opaque.bary.branching.s4.c,507,0.001954,0.003263
C:\Users\mrobe\Documents\git_repos\oldschool-clientc\3rd\toridraw\graphics\raster\gouraudhsllightness\gouraudhsllightness.screen.opaque.bary.branching.s4.c,555,0.001954,0.003263
C:\Users\mrobe\Documents\git_repos\oldschool-clientc\3rd\toridraw\graphics\raster\texture\texshadeblend.persp.textrans.branching.lerp8_v3.u.c,35,0.001954,0.003263
C:\Users\mrobe\Documents\git_repos\oldschool-clientc\3rd\toridraw\graphics\projection.u.c,489,0.001954,0.003263
C:\Users\mrobe\Documents\git_repos\oldschool-clientc\3rd\toridraw\graphics\raster\texture\texshadeblend.persp.textrans.branching.lerp8_v3.u.c,117,0.001954,0.003263
C:\Users\mrobe\Documents\git_repos\oldschool-clientc\3rd\toridraw\graphics\raster\texture\texshadeblend.persp.textrans.branching.lerp8_v3.u.c,205,0.001954,0.003263
C:\Users\mrobe\Documents\git_repos\oldschool-clientc\3rd\toridraw\graphics\projection16_simd.sse2.u.c,2359,0.001954,0.003263
C:\Users\mrobe\Documents\git_repos\oldschool-clientc\3rd\toridraw\graphics\projection16_simd.sse2.u.c,2274,0.001954,0.003263
C:\Users\mrobe\Documents\git_repos\oldschool-clientc\3rd\toridraw\toridraw_render.u.c,825,0.001954,0.003263
C:\Users\mrobe\Documents\git_repos\oldschool-clientc\3rd\toridraw\toridraw_render.u.c,201,0.001954,0.003263
C:\Users\mrobe\Documents\git_repos\oldschool-clientc\3rd\toridraw\toridraw_render.u.c,2706,0.001954,0.003263
C:\Users\mrobe\Documents\git_repos\oldschool-clientc\3rd\toridraw\toridraw_render.u.c,3065,0.001954,0.003263
C:\Users\mrobe\Documents\git_repos\oldschool-clientc\3rd\toridraw\toridraw_raster.u.c,539,0.001954,0.003263
C:\Users\mrobe\Documents\git_repos\oldschool-clientc\3rd\toridraw\toridraw_raster.u.c,560,0.001954,0.003263
C:\Users\mrobe\Documents\git_repos\oldschool-clientc\3rd\toridraw\toridraw_model.h,281,0.001954,0.003263
C:\Users\mrobe\Documents\git_repos\oldschool-clientc\3rd\toridraw\toridraw_raster.u.c,156,0.001954,0.003263
C:\Users\mrobe\Documents\git_repos\oldschool-clientc\3rd\toridraw\triangles\toridraw_triangle_flat.u.c,311,0.001954,0.003263
C:\Users\mrobe\Documents\git_repos\oldschool-clientc\3rd\toridraw\toridraw_raster.u.c,353,0.001954,0.003263
C:\Users\mrobe\Documents\git_repos\oldschool-clientc\3rd\toridraw\triangles\toridraw_triangle_flat.u.c,353,0.001954,0.003263
C:\Users\mrobe\Documents\git_repos\oldschool-clientc\3rd\toridraw\graphics\raster\texture\texshadeflat.persp.textrans.branching.lerp8.u.c,396,0.001954,0.003263
C:\Users\mrobe\Documents\git_repos\oldschool-clientc\3rd\toridraw\toridraw_lighting.c,172,0.001954,0.003263
C:\Users\mrobe\Documents\git_repos\oldschool-clientc\3rd\toridraw\toridraw_model.c,98,0.001954,0.003263
C:\Users\mrobe\Documents\git_repos\oldschool-clientc\3rd\toridraw\toridraw_model.c,229,0.001954,0.003263
C:\Users\mrobe\Documents\git_repos\oldschool-clientc\3rd\toridraw\graphics\shared_tables.c,102,0.001954,0.003263
C:\Users\mrobe\Documents\git_repos\oldschool-clientc\3rd\toridraw\toridraw_lighting.c,279,0.001954,0.003263
C:\Users\mrobe\Documents\git_repos\oldschool-clientc\3rd\toridraw\toridraw_lighting.c,320,0.001954,0.003263
C:\Users\mrobe\Documents\git_repos\oldschool-clientc\3rd\toridraw\toridraw_2d.c,543,0.001954,0.003263
C:\Users\mrobe\Documents\git_repos\oldschool-clientc\3rd\toridraw\toridraw_2d.c,545,0.001954,0.003263
C:\Users\mrobe\Documents\git_repos\oldschool-clientc\src\render\torirs_frame.c,1951,0.001954,0.003263
C:\Users\mrobe\Documents\git_repos\oldschool-clientc\src\render\torirs_frame.c,1953,0.001954,0.003263
C:\Users\mrobe\Documents\git_repos\oldschool-clientc\src\render\torirs_frame.c,1965,0.001954,0.003263
C:\Users\mrobe\Documents\git_repos\oldschool-clientc\src\ui\uitree.c,1584,0.001954,0.003263
C:\Users\mrobe\Documents\git_repos\oldschool-clientc\3rd\rscache\src\datatypes\dat2_sprites.c,381,0.001954,0.003263
C:\Users\mrobe\Documents\git_repos\oldschool-clientc\src\ui\uitree.c,1741,0.001954,0.003263
C:\Users\mrobe\Documents\git_repos\oldschool-clientc\src\engine\uitree_from_component.c,250,0.001954,0.003263
C:\Users\mrobe\Documents\git_repos\oldschool-clientc\src\engine\world_builder\lightmap.c,91,0.001954,0.003263
C:\Users\mrobe\Documents\git_repos\oldschool-clientc\src\engine\cache_provider.c,502,0.001954,0.003263
C:\Users\mrobe\Documents\git_repos\oldschool-clientc\src\engine\world_builder\world_sharelight.u.c,401,0.001954,0.003263
C:\Users\mrobe\Documents\git_repos\oldschool-clientc\src\engine\world_builder\world_sharelight.u.c,220,0.001954,0.003263
C:\Users\mrobe\Documents\git_repos\oldschool-clientc\src\engine\world_builder\world_sharelight.u.c,294,0.001954,0.003263
C:\Users\mrobe\Documents\git_repos\oldschool-clientc\src\engine\world_builder\world_sharelight.u.c,338,0.001954,0.003263
C:\Users\mrobe\Documents\git_repos\oldschool-clientc\src\engine\world_builder\world_builder.c,837,0.001954,0.003263
C:\Users\mrobe\Documents\git_repos\oldschool-clientc\src\world\world_cycle.c,573,0.001954,0.003263
C:\Users\mrobe\Documents\git_repos\oldschool-clientc\src\painters\painters.c,1020,0.001954,0.003263
C:\Users\mrobe\Documents\git_repos\oldschool-clientc\src\painters\painters.c,412,0.001954,0.003263
C:\Users\mrobe\Documents\git_repos\oldschool-clientc\src\world\world_cycle.c,358,0.001954,0.003263
R:\winlibs_staging_msvcrt32\gcc-15.2.0\build_mingw\i686-w64-mingw32\libgcc\..\..\..\libgcc\config\i386\cygwin.S,154,0.001954,0.003263
R:\winlibs_staging_msvcrt32\gcc-15.2.0\build_mingw\i686-w64-mingw32\libgcc\..\..\..\libgcc\libgcc2.c,1012,0.001954,0.003263
C:\Users\mrobe\Documents\git_repos\oldschool-clientc\src\app.c,6091,0.001953,0.003261
C:\Users\mrobe\Documents\git_repos\oldschool-clientc\src\world\world_cycle.c,1122,0.001953,0.003261
C:\Users\mrobe\Documents\git_repos\oldschool-clientc\3rd\bzip\bzip.c,219,0.001953,0.003261
C:\Users\mrobe\Documents\git_repos\oldschool-clientc\3rd\bzip\bzip.c,347,0.001953,0.003261
C:\Users\mrobe\Documents\git_repos\oldschool-clientc\src\engine\cache_provider.c,730,0.001953,0.003261
C:\Users\mrobe\Documents\git_repos\oldschool-clientc\src\cs2vm2\cs2vm2.c,953,0.001953,0.003261
C:\Users\mrobe\Documents\git_repos\oldschool-clientc\src\cs2vm2\cs2vm2.c,7109,0.001953,0.003261
C:\Users\mrobe\Documents\git_repos\oldschool-clientc\src\cs2vm2\cs2vm2_strpool.c,43,0.001953,0.003261
C:\Users\mrobe\Documents\git_repos\oldschool-clientc\src\cs2vm2\cs2vm2_strpool.c,145,0.001953,0.003261
C:\Users\mrobe\Documents\git_repos\oldschool-clientc\src\engine\world_builder\heightmap.c,169,0.001953,0.003261
C:\Users\mrobe\Documents\git_repos\oldschool-clientc\3rd\miniz\miniz.c,2774,0.001953,0.003261
C:\Users\mrobe\Documents\git_repos\oldschool-clientc\src\plugin\plugins\nxt_highlight.c,88,0.001953,0.003261
C:\Users\mrobe\Documents\git_repos\oldschool-clientc\src\painters\painters.c,321,0.001953,0.003261
C:\Users\mrobe\Documents\git_repos\oldschool-clientc\src\painters\painters_bucket.u.c,68,0.001953,0.003261
C:\Users\mrobe\Documents\git_repos\oldschool-clientc\src\painters\painters_bucket.u.c,69,0.001953,0.003261
C:\Users\mrobe\Documents\git_repos\oldschool-clientc\src\painters\painters_bucket.u.c,419,0.001953,0.003261
C:\Users\mrobe\Documents\git_repos\oldschool-clientc\src\painters\painters_i.h,290,0.001953,0.003261
C:\Users\mrobe\Documents\git_repos\oldschool-clientc\src\painters\painters_bucket.u.c,1222,0.001953,0.003261
C:\Users\mrobe\Documents\git_repos\oldschool-clientc\3rd\toridraw\toridraw_raster.u.c,1386,0.001953,0.003261
C:\Users\mrobe\Documents\git_repos\oldschool-clientc\3rd\toridraw\toridraw.c,703,0.001953,0.003261
C:\Users\mrobe\Documents\git_repos\oldschool-clientc\src\platform\platform_sdl2_renderer_soft3d.c,1390,0.001953,0.003261
C:\Users\mrobe\Documents\git_repos\oldschool-clientc\src\platform\platform_x_io.c,939,0.001953,0.003261
C:\Users\mrobe\Documents\git_repos\oldschool-clientc\src\platform\platform_x_io.c,1021,0.001953,0.003261
C:\Users\mrobe\Documents\git_repos\oldschool-clientc\src\game\rs_cs2_host.c,6695,0.001953,0.003261
C:\Users\mrobe\Documents\git_repos\oldschool-clientc\3rd\rscache\src\dat2disk.c,592,0.001953,0.003261
C:\Users\mrobe\Documents\git_repos\oldschool-clientc\3rd\toridraw\graphics\raster\flat\flat.screen.opaque.branching.s4.c,126,0.001953,0.003261
C:\Users\mrobe\Documents\git_repos\oldschool-clientc\3rd\toridraw\graphics\raster\flat\flat.screen.opaque.branching.s4.c,39,0.001953,0.003261
C:\Users\mrobe\Documents\git_repos\oldschool-clientc\3rd\toridraw\graphics\raster\flat\flat.screen.opaque.branching.s4.c,230,0.001953,0.003261
C:\Users\mrobe\Documents\git_repos\oldschool-clientc\3rd\toridraw\graphics\raster\flat\flat.screen.opaque.branching.s4.c,245,0.001953,0.003261
C:\Users\mrobe\Documents\git_repos\oldschool-clientc\3rd\toridraw\graphics\raster\flat\flat.screen.opaque.branching.s4.c,63,0.001953,0.003261
C:\Users\mrobe\Documents\git_repos\oldschool-clientc\3rd\toridraw\toridraw_font.c,388,0.001953,0.003261
C:\Users\mrobe\Documents\git_repos\oldschool-clientc\3rd\toridraw\toridraw_font.c,438,0.001953,0.003261
C:\Users\mrobe\Documents\git_repos\oldschool-clientc\3rd\toridraw\toridraw_font.c,1700,0.001953,0.003261
C:\Users\mrobe\Documents\git_repos\oldschool-clientc\3rd\toridraw\graphics\raster\texture\span\tex.span.sse2.u.c,948,0.001953,0.003261
C:\Users\mrobe\Documents\git_repos\oldschool-clientc\3rd\toridraw\graphics\raster\texture\span\tex.span.sse2.u.c,1037,0.001953,0.003261
C:\Users\mrobe\Documents\git_repos\oldschool-clientc\3rd\toridraw\graphics\raster\flat\flat.screen.opaque.branching.s4.c,368,0.001953,0.003261
C:\Users\mrobe\Documents\git_repos\oldschool-clientc\3rd\toridraw\graphics\raster\flat\flat.screen.opaque.branching.s4.c,449,0.001953,0.003261
C:\Users\mrobe\Documents\git_repos\oldschool-clientc\3rd\toridraw\graphics\raster\gouraudhsllightness\gouraudhsllightness.screen.opaque.bary.branching.s4.c,311,0.001953,0.003261
C:\Users\mrobe\Documents\git_repos\oldschool-clientc\3rd\toridraw\graphics\raster\texture\texshadeflat.persp.textrans.ordered.lerp8.scanline.u.c,155,0.001953,0.003261
C:\Users\mrobe\Documents\git_repos\oldschool-clientc\3rd\toridraw\toridraw_render.u.c,1077,0.001953,0.003261
C:\Users\mrobe\Documents\git_repos\oldschool-clientc\3rd\toridraw\toridraw_render.u.c,2287,0.001953,0.003261
C:\Users\mrobe\Documents\git_repos\oldschool-clientc\3rd\toridraw\toridraw_render.u.c,2339,0.001953,0.003261
C:\Users\mrobe\Documents\git_repos\oldschool-clientc\3rd\toridraw\graphics\projection16_simd.sse2.u.c,2267,0.001953,0.003261
C:\Users\mrobe\Documents\git_repos\oldschool-clientc\3rd\toridraw\graphics\projection.u.c,326,0.001953,0.003261
C:\Users\mrobe\Documents\git_repos\oldschool-clientc\3rd\toridraw\graphics\projection.u.c,727,0.001953,0.003261
C:\Users\mrobe\Documents\git_repos\oldschool-clientc\3rd\toridraw\toridraw_render.u.c,3140,0.001953,0.003261
C:\Users\mrobe\Documents\git_repos\oldschool-clientc\3rd\toridraw\toridraw_model.c,89,0.001953,0.003261
C:\Users\mrobe\Documents\git_repos\oldschool-clientc\3rd\toridraw\graphics\shared_tables.h,110,0.001953,0.003261
C:\Users\mrobe\Documents\git_repos\oldschool-clientc\3rd\toridraw\toridraw_lighting.c,212,0.001953,0.003261
C:\Users\mrobe\Documents\git_repos\oldschool-clientc\3rd\toridraw\toridraw_model_transform.c,846,0.001953,0.003261
C:\Users\mrobe\Documents\git_repos\oldschool-clientc\3rd\toridraw\toridraw_2d.c,398,0.001953,0.003261
C:\Users\mrobe\Documents\git_repos\oldschool-clientc\3rd\toridraw\toridraw_model.c,779,0.001953,0.003261
C:\Users\mrobe\Documents\git_repos\oldschool-clientc\3rd\toridraw\toridraw_scene.c,1591,0.001953,0.003261
C:\Users\mrobe\Documents\git_repos\oldschool-clientc\src\render\torirs_frame.c,58,0.001953,0.003261
C:\Users\mrobe\Documents\git_repos\oldschool-clientc\src\render\torirs_frame.c,2000,0.001953,0.003261
C:\Users\mrobe\Documents\git_repos\oldschool-clientc\src\ui\uitree_emit.c,1883,0.001953,0.003261
C:\Users\mrobe\Documents\git_repos\oldschool-clientc\src\engine\uitree_from_component.c,138,0.001953,0.003261
C:\Users\mrobe\Documents\git_repos\oldschool-clientc\src\engine\uitree_from_component.c,241,0.001953,0.003261
C:\Users\mrobe\Documents\git_repos\oldschool-clientc\src\ui\uitree_scroll.c,81,0.001953,0.003261
C:\Users\mrobe\Documents\git_repos\oldschool-clientc\src\engine\world_builder\lightmap.c,107,0.001953,0.003261
C:\Users\mrobe\Documents\git_repos\oldschool-clientc\src\engine\world_builder\world_decode_tile.c,471,0.001953,0.003261
C:\Users\mrobe\Documents\git_repos\oldschool-clientc\src\engine\world_builder\world_scenery.u.c,517,0.001953,0.003261
C:\Users\mrobe\Documents\git_repos\oldschool-clientc\src\engine\world_builder\contour_ground.c,424,0.001953,0.003261
C:\Users\mrobe\Documents\git_repos\oldschool-clientc\src\world\world_cycle.c,697,0.001953,0.003261
C:\Users\mrobe\Documents\git_repos\oldschool-clientc\src\world\world_cycle.c,315,0.001953,0.003261
R:\winlibs_staging_msvcrt32\gcc-15.2.0\build_mingw\i686-w64-mingw32\libgcc\..\..\..\libgcc\config\i386\cygwin.S,158,0.001953,0.003261
R:\winlibs_staging_msvcrt32\gcc-15.2.0\build_mingw\i686-w64-mingw32\libgcc\..\..\..\libgcc\libgcc2.c,1299,0.001953,0.003261
C:\Users\mrobe\Documents\git_repos\oldschool-clientc\3rd\bzip\bzip.c,83,0.001952,0.003260
C:\Users\mrobe\Documents\git_repos\oldschool-clientc\src\engine\world_builder\blendmap.c,237,0.001952,0.003260
C:\Users\mrobe\Documents\git_repos\oldschool-clientc\3rd\bzip\bzip.c,174,0.001952,0.003260
C:\Users\mrobe\Documents\git_repos\oldschool-clientc\3rd\bzip\bzip.c,52,0.001952,0.003260
C:\Users\mrobe\Documents\git_repos\oldschool-clientc\3rd\bzip\bzip.c,268,0.001952,0.003260
C:\Users\mrobe\Documents\git_repos\oldschool-clientc\3rd\bzip\bzip.c,445,0.001952,0.003260
C:\Users\mrobe\Documents\git_repos\oldschool-clientc\3rd\bzip\bzip.c,442,0.001952,0.003260
C:\Users\mrobe\Documents\git_repos\oldschool-clientc\src\cs2vm2\cs2vm2.c,1704,0.001952,0.003260
C:\Users\mrobe\Documents\git_repos\oldschool-clientc\src\cs2vm2\cs2vm2.c,1707,0.001952,0.003260
C:\Users\mrobe\Documents\git_repos\oldschool-clientc\src\cs2vm2\cs2vm2.c,133,0.001952,0.003260
C:\Users\mrobe\Documents\git_repos\oldschool-clientc\src\cs2vm2\cs2vm2_strpool.c,74,0.001952,0.003260
C:\Users\mrobe\Documents\git_repos\oldschool-clientc\src\cs2vm2\cs2vm2_strpool.c,29,0.001952,0.003260
C:\Users\mrobe\Documents\git_repos\oldschool-clientc\src\engine\world_builder\heightmap.c,196,0.001952,0.003260
C:\Users\mrobe\Documents\git_repos\oldschool-clientc\3rd\hmap\hmap.h,453,0.001952,0.003260
C:\Users\mrobe\Documents\git_repos\oldschool-clientc\src\js5\js5.c,1029,0.001952,0.003260
C:\Users\mrobe\Documents\git_repos\oldschool-clientc\3rd\miniz\miniz.c,2719,0.001952,0.003260
C:\Users\mrobe\Documents\git_repos\oldschool-clientc\3rd\miniz\miniz.c,2833,0.001952,0.003260
C:\Users\mrobe\Documents\git_repos\oldschool-clientc\3rd\miniz\miniz.c,2749,0.001952,0.003260
C:\Users\mrobe\Documents\git_repos\oldschool-clientc\src\net\rev\osrs239\osrs239_entity_info.c,511,0.001952,0.003260
C:\Users\mrobe\Documents\git_repos\oldschool-clientc\src\painters\painters_bucket.u.c,731,0.001952,0.003260
C:\Users\mrobe\Documents\git_repos\oldschool-clientc\src\painters\painters_bucket.u.c,897,0.001952,0.003260
C:\Users\mrobe\Documents\git_repos\oldschool-clientc\src\painters\painters_bucket.u.c,461,0.001952,0.003260
C:\Users\mrobe\Documents\git_repos\oldschool-clientc\src\painters\painters_i.h,339,0.001952,0.003260
C:\Users\mrobe\Documents\git_repos\oldschool-clientc\src\painters\painters_i.h,333,0.001952,0.003260
C:\Users\mrobe\Documents\git_repos\oldschool-clientc\src\painters\painters_bucket.u.c,1193,0.001952,0.003260
C:\Users\mrobe\Documents\git_repos\oldschool-clientc\src\painters\painters_bucket.u.c,57,0.001952,0.003260
C:\Users\mrobe\Documents\git_repos\oldschool-clientc\src\painters\painters_bucket.u.c,493,0.001952,0.003260
C:\Users\mrobe\Documents\git_repos\oldschool-clientc\src\platform\platform_sdl2_renderer_soft3d.c,1062,0.001952,0.003260
C:\Users\mrobe\Documents\git_repos\oldschool-clientc\src\platform\platform_sdl2_renderer_soft3d.c,1001,0.001952,0.003260
C:\Users\mrobe\Documents\git_repos\oldschool-clientc\src\platform\platform_x_io.c,218,0.001952,0.003260
C:\Users\mrobe\Documents\git_repos\oldschool-clientc\src\asyncio.h,403,0.001952,0.003260
C:\Users\mrobe\Documents\git_repos\oldschool-clientc\src\game\rs_cs2_host.c,5174,0.001952,0.003260
C:\Users\mrobe\Documents\git_repos\oldschool-clientc\3rd\rscache\src\rsbuffer.c,232,0.001952,0.003260
C:\Users\mrobe\Documents\git_repos\oldschool-clientc\3rd\rscache\src\reference_table.c,122,0.001952,0.003260
C:\Users\mrobe\Documents\git_repos\oldschool-clientc\3rd\rscache\src\rsbuffer.c,505,0.001952,0.003260
C:\Users\mrobe\Documents\git_repos\oldschool-clientc\3rd\rscache\src\datatypes\sound_render.c,227,0.001952,0.003260
C:\Users\mrobe\Documents\git_repos\oldschool-clientc\3rd\rscache\src\datatypes\sound_render.c,295,0.001952,0.003260
C:\Users\mrobe\Documents\git_repos\oldschool-clientc\3rd\rsprot\packets\update_zone_full_follows.c,179,0.001952,0.003260
C:\Users\mrobe\Documents\git_repos\oldschool-clientc\src\game\task_cs2_run.c,1064,0.001952,0.003260
C:\Users\mrobe\Documents\git_repos\oldschool-clientc\src\engine\torirs_component_from_rscache.c,751,0.001952,0.003260
C:\Users\mrobe\Documents\git_repos\oldschool-clientc\3rd\toridraw\graphics\projection.u.c,284,0.001952,0.003260
C:\Users\mrobe\Documents\git_repos\oldschool-clientc\3rd\toridraw\graphics\projection.u.c,287,0.001952,0.003260
C:\Users\mrobe\Documents\git_repos\oldschool-clientc\3rd\toridraw\toridraw_font.c,238,0.001952,0.003260
C:\Users\mrobe\Documents\git_repos\oldschool-clientc\3rd\toridraw\toridraw_font.c,1660,0.001952,0.003260
C:\Users\mrobe\Documents\git_repos\oldschool-clientc\3rd\toridraw\graphics\raster\texture\span\tex.span.sse2.u.c,881,0.001952,0.003260
C:\Users\mrobe\Documents\git_repos\oldschool-clientc\3rd\toridraw\graphics\raster\texture\span\tex.span.sse2.u.c,963,0.001952,0.003260
C:\Users\mrobe\Documents\git_repos\oldschool-clientc\3rd\toridraw\graphics\raster\texture\span\tex.span.sse2.u.c,1069,0.001952,0.003260
C:\Users\mrobe\Documents\git_repos\oldschool-clientc\3rd\toridraw\graphics\raster\flat\flat.screen.opaque.branching.s4.c,350,0.001952,0.003260
C:\Users\mrobe\Documents\git_repos\oldschool-clientc\3rd\toridraw\graphics\raster\gouraudhsllightness\gouraudhsllightness.screen.opaque.bary.branching.s4.c,223,0.001952,0.003260
C:\Users\mrobe\Documents\git_repos\oldschool-clientc\3rd\toridraw\graphics\raster\gouraudhsllightness\gouraudhsllightness.screen.opaque.bary.branching.s4.c,45,0.001952,0.003260
C:\Users\mrobe\Documents\git_repos\oldschool-clientc\3rd\toridraw\graphics\raster\gouraudhsllightness\gouraudhsllightness.screen.alpha.bary.branching.s4.c,296,0.001952,0.003260
C:\Users\mrobe\Documents\git_repos\oldschool-clientc\3rd\toridraw\graphics\raster\texture\span\tex.span.sse2.u.c,68,0.001952,0.003260
C:\Users\mrobe\Documents\git_repos\oldschool-clientc\3rd\toridraw\graphics\raster\texture\texshadeflat.persp.textrans.ordered.lerp8.scanline.u.c,160,0.001952,0.003260
C:\Users\mrobe\Documents\git_repos\oldschool-clientc\3rd\toridraw\graphics\raster\gouraudhsllightness\gouraudhsllightness.screen.opaque.bary.branching.s4.c,557,0.001952,0.003260
C:\Users\mrobe\Documents\git_repos\oldschool-clientc\3rd\toridraw\graphics\raster\gouraudhsllightness\gouraudhsllightness.screen.opaque.bary.branching.s4.c,603,0.001952,0.003260
C:\Users\mrobe\Documents\git_repos\oldschool-clientc\3rd\toridraw\graphics\projection.u.c,554,0.001952,0.003260
C:\Users\mrobe\Documents\git_repos\oldschool-clientc\3rd\toridraw\graphics\raster\texture\texshadeflat.persp.textrans.branching.lerp8.u.c,168,0.001952,0.003260
C:\Users\mrobe\Documents\git_repos\oldschool-clientc\3rd\toridraw\graphics\projection16_simd.sse2.u.c,1778,0.001952,0.003260
C:\Users\mrobe\Documents\git_repos\oldschool-clientc\3rd\toridraw\toridraw_render.u.c,1523,0.001952,0.003260
C:\Users\mrobe\Documents\git_repos\oldschool-clientc\3rd\toridraw\toridraw_render.u.c,1665,0.001952,0.003260
C:\Users\mrobe\Documents\git_repos\oldschool-clientc\3rd\toridraw\toridraw_render.u.c,1354,0.001952,0.003260
C:\Users\mrobe\Documents\git_repos\oldschool-clientc\3rd\toridraw\toridraw_render.u.c,1554,0.001952,0.003260
C:\Users\mrobe\Documents\git_repos\oldschool-clientc\3rd\toridraw\toridraw_render.u.c,1268,0.001952,0.003260
C:\Users\mrobe\Documents\git_repos\oldschool-clientc\3rd\toridraw\toridraw_render.u.c,775,0.001952,0.003260
C:\Users\mrobe\Documents\git_repos\oldschool-clientc\3rd\toridraw\graphics\projection.u.c,354,0.001952,0.003260
C:\Users\mrobe\Documents\git_repos\oldschool-clientc\3rd\toridraw\toridraw_render.u.c,830,0.001952,0.003260
C:\Users\mrobe\Documents\git_repos\oldschool-clientc\3rd\toridraw\toridraw_lighting.c,133,0.001952,0.003260
C:\Users\mrobe\Documents\git_repos\oldschool-clientc\3rd\toridraw\toridraw_lighting.c,136,0.001952,0.003260
C:\Users\mrobe\Documents\git_repos\oldschool-clientc\3rd\toridraw\toridraw_model.c,155,0.001952,0.003260
C:\Users\mrobe\Documents\git_repos\oldschool-clientc\3rd\toridraw\toridraw_model.c,168,0.001952,0.003260
C:\Users\mrobe\Documents\git_repos\oldschool-clientc\3rd\toridraw\toridraw_model.c,181,0.001952,0.003260
C:\Users\mrobe\Documents\git_repos\oldschool-clientc\3rd\toridraw\graphics\shared_tables.c,245,0.001952,0.003260
C:\Users\mrobe\Documents\git_repos\oldschool-clientc\3rd\toridraw\graphics\shared_tables.c,46,0.001952,0.003260
C:\Users\mrobe\Documents\git_repos\oldschool-clientc\3rd\toridraw\graphics\shared_tables.c,81,0.001952,0.003260
C:\Users\mrobe\Documents\git_repos\oldschool-clientc\3rd\toridraw\toridraw_lighting.c,285,0.001952,0.003260
C:\Users\mrobe\Documents\git_repos\oldschool-clientc\3rd\toridraw\toridraw_lighting.c,314,0.001952,0.003260
C:\Users\mrobe\Documents\git_repos\oldschool-clientc\3rd\toridraw\toridraw_lighting.c,318,0.001952,0.003260
C:\Users\mrobe\Documents\git_repos\oldschool-clientc\3rd\toridraw\toridraw_lighting.c,329,0.001952,0.003260
C:\Users\mrobe\Documents\git_repos\oldschool-clientc\3rd\toridraw\toridraw_model_transform.c,788,0.001952,0.003260
C:\Users\mrobe\Documents\git_repos\oldschool-clientc\src\engine\torirs_component_from_rscache.c,178,0.001952,0.003260
C:\Users\mrobe\Documents\git_repos\oldschool-clientc\src\render\torirs_frame.c,2088,0.001952,0.003260
C:\Users\mrobe\Documents\git_repos\oldschool-clientc\src\render\torirs_frame.c,2099,0.001952,0.003260
C:\Users\mrobe\Documents\git_repos\oldschool-clientc\src\ui\uitree.c,129,0.001952,0.003260
C:\Users\mrobe\Documents\git_repos\oldschool-clientc\src\ui\uitree_emit.c,2534,0.001952,0.003260
C:\Users\mrobe\Documents\git_repos\oldschool-clientc\src\engine\uitree_from_component.c,99,0.001952,0.003260
C:\Users\mrobe\Documents\git_repos\oldschool-clientc\src\ui\ui_if3_layout.h,14,0.001952,0.003260
C:\Users\mrobe\Documents\git_repos\oldschool-clientc\src\engine\world_builder\minimap.c,368,0.001952,0.003260
C:\Users\mrobe\Documents\git_repos\oldschool-clientc\src\world\world.c,623,0.001952,0.003260
C:\Users\mrobe\Documents\git_repos\oldschool-clientc\src\engine\world_builder\blendmap.c,97,0.001952,0.003260
C:\Users\mrobe\Documents\git_repos\oldschool-clientc\src\engine\world_builder\world_sharelight.u.c,376,0.001952,0.003260
C:\Users\mrobe\Documents\git_repos\oldschool-clientc\src\engine\world_builder\world_sharelight.u.c,526,0.001952,0.003260
C:\Users\mrobe\Documents\git_repos\oldschool-clientc\src\engine\world_builder\world_sharelight.u.c,268,0.001952,0.003260
C:\Users\mrobe\Documents\git_repos\oldschool-clientc\src\engine\world_builder\world_sharelight.u.c,290,0.001952,0.003260
C:\Users\mrobe\Documents\git_repos\oldschool-clientc\src\engine\world_builder\sharelight_map.c,48,0.001952,0.003260
C:\Users\mrobe\Documents\git_repos\oldschool-clientc\src\engine\world_builder\sharelight_map.c,16,0.001952,0.003260
C:\Users\mrobe\Documents\git_repos\oldschool-clientc\3rd\toridraw\toridraw_scene.c,284,0.001952,0.003260
C:\Users\mrobe\Documents\git_repos\oldschool-clientc\src\painters\painters.c,415,0.001952,0.003260
R:\winlibs_staging_msvcrt32\gcc-15.2.0\build_mingw\i686-w64-mingw32\libgcc\..\..\..\libgcc\config\i386\cygwin.S,164,0.001952,0.003260
C:\Users\mrobe\Documents\git_repos\oldschool-clientc\3rd\bzip\bzip.c,392,0.001951,0.003258
C:\Users\mrobe\Documents\git_repos\oldschool-clientc\src\cs2vm2\cs2vm2.c,4414,0.001951,0.003258
C:\Users\mrobe\Documents\git_repos\oldschool-clientc\src\cs2vm2\cs2vm2_strpool.c,175,0.001951,0.003258
C:\Users\mrobe\Documents\git_repos\oldschool-clientc\src\cs2vm2\cs2vm2.c,134,0.001951,0.003258
C:\Users\mrobe\Documents\git_repos\oldschool-clientc\src\cs2vm2\cs2vm2.c,11924,0.001951,0.003258
C:\Users\mrobe\Documents\git_repos\oldschool-clientc\src\engine\world_builder\heightmap.c,194,0.001951,0.003258
C:\Users\mrobe\Documents\git_repos\oldschool-clientc\src\engine\world_builder\heightmap.c,58,0.001951,0.003258
C:\Users\mrobe\Documents\git_repos\oldschool-clientc\3rd\miniz\miniz.c,2773,0.001951,0.003258
C:\Users\mrobe\Documents\git_repos\oldschool-clientc\src\painters\painters_bucket.u.c,1089,0.001951,0.003258
C:\Users\mrobe\Documents\git_repos\oldschool-clientc\3rd\toridraw\toridraw_2d.c,312,0.001951,0.003258
C:\Users\mrobe\Documents\git_repos\oldschool-clientc\src\render\torirs_polygon.c,95,0.001951,0.003258
C:\Users\mrobe\Documents\git_repos\oldschool-clientc\src\platform\platform_sdl2_renderer_soft3d.c,758,0.001951,0.003258
C:\Users\mrobe\Documents\git_repos\oldschool-clientc\src\platform\platform_sdl2_renderer_soft3d.c,917,0.001951,0.003258
C:\Users\mrobe\Documents\git_repos\oldschool-clientc\3rd\toridraw\toridraw.c,708,0.001951,0.003258
C:\Users\mrobe\Documents\git_repos\oldschool-clientc\src\render\torirs_pick.c,87,0.001951,0.003258
C:\Users\mrobe\Documents\git_repos\oldschool-clientc\src\js5\js5.c,1371,0.001951,0.003258
C:\Users\mrobe\Documents\git_repos\oldschool-clientc\src\game\rs_cs2_host.c,5178,0.001951,0.003258
C:\Users\mrobe\Documents\git_repos\oldschool-clientc\src\game\rs_cs2_host.c,7594,0.001951,0.003258
C:\Users\mrobe\Documents\git_repos\oldschool-clientc\src\game\rs_cs2_host.c,7596,0.001951,0.003258
C:\Users\mrobe\Documents\git_repos\oldschool-clientc\src\game\rs_cs2_host.c,732,0.001951,0.003258
C:\Users\mrobe\Documents\git_repos\oldschool-clientc\3rd\rscache\src\revisions\revisions.c,83,0.001951,0.003258
C:\Users\mrobe\Documents\git_repos\oldschool-clientc\3rd\rsprot\packets\if_setevents_v2.c,105,0.001951,0.003258
C:\Users\mrobe\Documents\git_repos\oldschool-clientc\src\game\task_cs2_run.c,1026,0.001951,0.003258
C:\Users\mrobe\Documents\git_repos\oldschool-clientc\src\<artificial>,102,0.001951,0.003258
C:\Users\mrobe\Documents\git_repos\oldschool-clientc\3rd\toridraw\graphics\raster\flat\flat.screen.opaque.branching.s4.c,131,0.001951,0.003258
C:\Users\mrobe\Documents\git_repos\oldschool-clientc\3rd\toridraw\graphics\raster\flat\flat.screen.opaque.branching.s4.c,83,0.001951,0.003258
C:\Users\mrobe\Documents\git_repos\oldschool-clientc\3rd\toridraw\graphics\raster\texture\span\tex.span.sse2.u.c,935,0.001951,0.003258
C:\Users\mrobe\Documents\git_repos\oldschool-clientc\3rd\toridraw\graphics\raster\texture\span\tex.span.sse2.u.c,676,0.001951,0.003258
C:\Users\mrobe\Documents\git_repos\oldschool-clientc\3rd\toridraw\graphics\raster\gouraudhsllightness\gouraudhsllightness.screen.opaque.bary.branching.s4.c,270,0.001951,0.003258
C:\Users\mrobe\Documents\git_repos\oldschool-clientc\3rd\toridraw\graphics\raster\gouraudhsllightness\gouraudhsllightness.screen.opaque.bary.branching.s4.c,410,0.001951,0.003258
C:\Users\mrobe\Documents\git_repos\oldschool-clientc\3rd\toridraw\graphics\projection.u.c,556,0.001951,0.003258
C:\Users\mrobe\Documents\git_repos\oldschool-clientc\3rd\toridraw\toridraw_render.u.c,29,0.001951,0.003258
C:\Users\mrobe\Documents\git_repos\oldschool-clientc\3rd\toridraw\toridraw_render.u.c,3211,0.001951,0.003258
C:\Users\mrobe\Documents\git_repos\oldschool-clientc\3rd\toridraw\toridraw_render.u.c,3186,0.001951,0.003258
C:\Users\mrobe\Documents\git_repos\oldschool-clientc\3rd\toridraw\toridraw_raster.u.c,558,0.001951,0.003258
C:\Users\mrobe\Documents\git_repos\oldschool-clientc\3rd\toridraw\toridraw_raster.u.c,661,0.001951,0.003258
C:\Users\mrobe\Documents\git_repos\oldschool-clientc\3rd\toridraw\toridraw_raster.u.c,1135,0.001951,0.003258
C:\Users\mrobe\Documents\git_repos\oldschool-clientc\3rd\toridraw\graphics\raster\texture\texshadeblend.persp.textrans.branching.lerp8_v3.u.c,526,0.001951,0.003258
C:\Users\mrobe\Documents\git_repos\oldschool-clientc\3rd\toridraw\toridraw_lighting.c,131,0.001951,0.003258
C:\Users\mrobe\Documents\git_repos\oldschool-clientc\3rd\toridraw\toridraw_lighting.c,148,0.001951,0.003258
C:\Users\mrobe\Documents\git_repos\oldschool-clientc\3rd\toridraw\toridraw_lighting.c,187,0.001951,0.003258
C:\Users\mrobe\Documents\git_repos\oldschool-clientc\3rd\toridraw\graphics\shared_tables.h,108,0.001951,0.003258
C:\Users\mrobe\Documents\git_repos\oldschool-clientc\3rd\toridraw\toridraw_model.c,223,0.001951,0.003258
C:\Users\mrobe\Documents\git_repos\oldschool-clientc\3rd\toridraw\toridraw_lighting.c,310,0.001951,0.003258
C:\Users\mrobe\Documents\git_repos\oldschool-clientc\3rd\toridraw\toridraw_map.c,264,0.001951,0.003258
C:\Users\mrobe\Documents\git_repos\oldschool-clientc\3rd\toridraw\toridraw_model_transform.c,831,0.001951,0.003258
C:\Users\mrobe\Documents\git_repos\oldschool-clientc\src\render\torirs_frame.c,235,0.001951,0.003258
C:\Users\mrobe\Documents\git_repos\oldschool-clientc\src\engine\world_builder\world_sharelight.u.c,206,0.001951,0.003258
C:\Users\mrobe\Documents\git_repos\oldschool-clientc\src\engine\world_builder\world_sharelight.u.c,275,0.001951,0.003258
C:\Users\mrobe\Documents\git_repos\oldschool-clientc\src\engine\world_builder\world_sharelight.u.c,292,0.001951,0.003258
C:\Users\mrobe\Documents\git_repos\oldschool-clientc\src\world\world_cycle.c,138,0.001951,0.003258
C:\Users\mrobe\Documents\git_repos\oldschool-clientc\src\cs2vm2\cs2vm2.c,772,0.001950,0.003256
C:\Users\mrobe\Documents\git_repos\oldschool-clientc\src\cs2vm2\cs2vm2.c,1281,0.001950,0.003256
C:\Users\mrobe\Documents\git_repos\oldschool-clientc\src\cs2vm2\cs2vm2.c,333,0.001950,0.003256
C:\Users\mrobe\Documents\git_repos\oldschool-clientc\3rd\hmap\hmap.h,254,0.001950,0.003256
C:\Users\mrobe\Documents\git_repos\oldschool-clientc\src\platform\platform_sdl2_renderer_soft3d.c,757,0.001950,0.003256
C:\Users\mrobe\Documents\git_repos\oldschool-clientc\src\platform\platform_win32_timing.c,134,0.001950,0.003256
C:\Users\mrobe\Documents\git_repos\oldschool-clientc\src\js5\js5.c,795,0.001950,0.003256
C:\Users\mrobe\Documents\git_repos\oldschool-clientc\3rd\rscache\src\checksum.c,118,0.001950,0.003256
C:\Users\mrobe\Documents\git_repos\oldschool-clientc\3rd\toridraw\graphics\raster\flat\flat.screen.opaque.branching.s4.c,176,0.001950,0.003256
C:\Users\mrobe\Documents\git_repos\oldschool-clientc\3rd\toridraw\toridraw_render.u.c,2431,0.001950,0.003256
C:\Users\mrobe\Documents\git_repos\oldschool-clientc\3rd\toridraw\toridraw_render.u.c,2560,0.001950,0.003256
C:\Users\mrobe\Documents\git_repos\oldschool-clientc\3rd\toridraw\toridraw_raster.u.c,1207,0.001950,0.003256
C:\Users\mrobe\Documents\git_repos\oldschool-clientc\3rd\toridraw\graphics\raster\texture\texshadeblend.persp.textrans.branching.lerp8_v3.u.c,355,0.001950,0.003256
C:\Users\mrobe\Documents\git_repos\oldschool-clientc\src\ui\uitree.c,1358,0.001950,0.003256
C:\Users\mrobe\Documents\git_repos\oldschool-clientc\src\ui\uitree_input.c,247,0.001950,0.003256
C:\Users\mrobe\Documents\git_repos\oldschool-clientc\src\ui\uitree.c,4261,0.001950,0.003256
C:\Users\mrobe\Documents\git_repos\oldschool-clientc\src\engine\world_builder\world_scenery.u.c,656,0.001950,0.003256
C:\Users\mrobe\Documents\git_repos\oldschool-clientc\src\engine\world_builder\world_scenery.u.c,494,0.001950,0.003256
R:\winlibs_staging_msvcrt32\gcc-15.2.0\build_mingw\i686-w64-mingw32\libgcc\..\..\..\libgcc\libgcc2.c,1212,0.001950,0.003256
C:\Users\mrobe\Documents\git_repos\oldschool-clientc\src\engine\toridraw_model_from_torirs.c,89,0.001949,0.003255
C:\Users\mrobe\Documents\git_repos\oldschool-clientc\3rd\bzip\bzip.c,407,0.001949,0.003255
C:\Users\mrobe\Documents\git_repos\oldschool-clientc\src\cs2vm2\cs2vm2.c,287,0.001949,0.003255
C:\Users\mrobe\Documents\git_repos\oldschool-clientc\src\game\rs_cs2_host.c,8071,0.001949,0.003255
C:\Users\mrobe\Documents\git_repos\oldschool-clientc\3rd\rscache\src\datatypes\noise.c,32,0.001949,0.003255
C:\Users\mrobe\Documents\git_repos\oldschool-clientc\3rd\rscache\src\datatypes\sound_render.c,432,0.001949,0.003255
C:\Users\mrobe\Documents\git_repos\oldschool-clientc\3rd\rscache\src\datatypes\sound_render.c,100,0.001949,0.003255
C:\Users\mrobe\Documents\git_repos\oldschool-clientc\src\game\task_cs2_run.c,1022,0.001949,0.003255
C:\Users\mrobe\Documents\git_repos\oldschool-clientc\3rd\toridraw\toridraw_font.c,482,0.001949,0.003255
C:\Users\mrobe\Documents\git_repos\oldschool-clientc\3rd\toridraw\graphics\raster\texture\span\tex.span.sse2.u.c,880,0.001949,0.003255
C:\Users\mrobe\Documents\git_repos\oldschool-clientc\3rd\toridraw\graphics\raster\texture\span\tex.span.sse2.u.c,923,0.001949,0.003255
C:\Users\mrobe\Documents\git_repos\oldschool-clientc\3rd\toridraw\graphics\raster\texture\span\tex.span.sse2.u.c,947,0.001949,0.003255
C:\Users\mrobe\Documents\git_repos\oldschool-clientc\3rd\toridraw\graphics\raster\texture\span\tex.span.sse2.u.c,964,0.001949,0.003255
C:\Users\mrobe\Documents\git_repos\oldschool-clientc\3rd\toridraw\graphics\raster\texture\span\tex.span.sse2.u.c,1040,0.001949,0.003255
C:\Users\mrobe\Documents\git_repos\oldschool-clientc\3rd\toridraw\graphics\raster\texture\span\tex.span_uv.h,130,0.001949,0.003255
C:\Users\mrobe\Documents\git_repos\oldschool-clientc\3rd\toridraw\graphics\projection.u.c,622,0.001949,0.003255
C:\Users\mrobe\Documents\git_repos\oldschool-clientc\3rd\toridraw\graphics\raster\texture\texshadeblend.persp.textrans.branching.lerp8_v3.u.c,204,0.001949,0.003255
C:\Users\mrobe\Documents\git_repos\oldschool-clientc\3rd\toridraw\graphics\projection16_simd.sse2.u.c,2254,0.001949,0.003255
C:\Users\mrobe\Documents\git_repos\oldschool-clientc\3rd\toridraw\toridraw_model.h,307,0.001949,0.003255
C:\Users\mrobe\Documents\git_repos\oldschool-clientc\3rd\toridraw\toridraw_raster.u.c,1375,0.001949,0.003255
C:\Users\mrobe\Documents\git_repos\oldschool-clientc\3rd\toridraw\toridraw_raster.u.c,538,0.001949,0.003255
C:\Users\mrobe\Documents\git_repos\oldschool-clientc\3rd\toridraw\graphics\raster\texture\texshadeblend.persp.textrans.branching.lerp8_v3.u.c,350,0.001949,0.003255
C:\Users\mrobe\Documents\git_repos\oldschool-clientc\3rd\toridraw\toridraw_lighting.c,170,0.001949,0.003255
C:\Users\mrobe\Documents\git_repos\oldschool-clientc\3rd\toridraw\toridraw_model.c,186,0.001949,0.003255
C:\Users\mrobe\Documents\git_repos\oldschool-clientc\3rd\toridraw\toridraw_2d.c,429,0.001949,0.003255
C:\Users\mrobe\Documents\git_repos\oldschool-clientc\src\render\torirs_frame.c,1388,0.001949,0.003255
C:\Users\mrobe\Documents\git_repos\oldschool-clientc\src\plugin\torirs_plugin_host.c,3450,0.001949,0.003255
C:\Users\mrobe\Documents\git_repos\oldschool-clientc\src\ui\uitree_input.c,690,0.001949,0.003255
C:\Users\mrobe\Documents\git_repos\oldschool-clientc\src\world\world.c,1389,0.001949,0.003255
C:\Users\mrobe\Documents\git_repos\oldschool-clientc\src\engine\world_builder\world_terrain.u.c,403,0.001949,0.003255
C:\Users\mrobe\Documents\git_repos\oldschool-clientc\src\engine\world_builder\heightmap.c,68,0.001949,0.003255
C:\Users\mrobe\Documents\git_repos\oldschool-clientc\src\engine\world_builder\minimap.c,201,0.001949,0.003255
C:\Users\mrobe\Documents\git_repos\oldschool-clientc\src\engine\world_builder\occluder_buildmap.c,295,0.001949,0.003255
C:\Users\mrobe\Documents\git_repos\oldschool-clientc\src\platform\platform_x_io.c,917,0.001948,0.003253
C:\Users\mrobe\Documents\git_repos\oldschool-clientc\src\cs2vm2\cs2vm2.c,6776,0.001948,0.003253
C:\Users\mrobe\Documents\git_repos\oldschool-clientc\src\cs2vm2\cs2vm2.c,10596,0.001948,0.003253
C:\Users\mrobe\Documents\git_repos\oldschool-clientc\3rd\hmap\hmap.h,217,0.001948,0.003253
C:\Users\mrobe\Documents\git_repos\oldschool-clientc\src\painters\painters_bucket.u.c,364,0.001948,0.003253
C:\Users\mrobe\Documents\git_repos\oldschool-clientc\src\revconfig\revconfig_refs.c,129,0.001948,0.003253
C:\Users\mrobe\Documents\git_repos\oldschool-clientc\src\game\rs_worldmap.c,150,0.001948,0.003253
C:\Users\mrobe\Documents\git_repos\oldschool-clientc\3rd\rscache\src\datatypes\sound_render.c,429,0.001948,0.003253
C:\Users\mrobe\Documents\git_repos\oldschool-clientc\3rd\toridraw\graphics\raster\texture\span\tex.span.sse2.u.c,932,0.001948,0.003253
C:\Users\mrobe\Documents\git_repos\oldschool-clientc\3rd\toridraw\graphics\raster\texture\span\tex.span.sse2.u.c,941,0.001948,0.003253
C:\Users\mrobe\Documents\git_repos\oldschool-clientc\3rd\toridraw\graphics\raster\gouraudhsllightness\gouraudhsllightness.screen.opaque.bary.branching.s4.c,182,0.001948,0.003253
C:\Users\mrobe\Documents\git_repos\oldschool-clientc\3rd\toridraw\graphics\raster\gouraudhsllightness\gouraudhsllightness.screen.opaque.bary.branching.s4.c,39,0.001948,0.003253
C:\Users\mrobe\Documents\git_repos\oldschool-clientc\3rd\toridraw\graphics\raster\texture\texshadeblend.persp.textrans.branching.lerp8_v3.u.c,68,0.001948,0.003253
C:\Users\mrobe\Documents\git_repos\oldschool-clientc\3rd\toridraw\graphics\raster\texture\texshadeblend.persp.textrans.branching.lerp8_v3.u.c,240,0.001948,0.003253
C:\Users\mrobe\Documents\git_repos\oldschool-clientc\3rd\toridraw\toridraw_render.u.c,2549,0.001948,0.003253
C:\Users\mrobe\Documents\git_repos\oldschool-clientc\3rd\toridraw\graphics\projection.u.c,726,0.001948,0.003253
C:\Users\mrobe\Documents\git_repos\oldschool-clientc\3rd\toridraw\toridraw_render.u.c,2645,0.001948,0.003253
C:\Users\mrobe\Documents\git_repos\oldschool-clientc\3rd\toridraw\toridraw_model.c,227,0.001948,0.003253
C:\Users\mrobe\Documents\git_repos\oldschool-clientc\src\render\torirs_frame.c,1892,0.001948,0.003253
C:\Users\mrobe\Documents\git_repos\oldschool-clientc\src\ui\uitree_debug_overlay.c,4586,0.001948,0.003253
C:\Users\mrobe\Documents\git_repos\oldschool-clientc\src\ui\uitree_layout.c,175,0.001948,0.003253
C:\Users\mrobe\Documents\git_repos\oldschool-clientc\src\engine\world_builder\world_sharelight.u.c,208,0.001948,0.003253
C:\Users\mrobe\Documents\git_repos\oldschool-clientc\src\engine\world_builder\world_sharelight.u.c,125,0.001948,0.003253
C:\Users\mrobe\Documents\git_repos\oldschool-clientc\src\app.c,2167,0.001947,0.003251
C:\Users\mrobe\Documents\git_repos\oldschool-clientc\src\platform\platform_sdl2_renderer_soft3d.c,1395,0.001947,0.003251
C:\Users\mrobe\Documents\git_repos\oldschool-clientc\src\engine\torirs_component_hook.c,36,0.001947,0.003251
C:\Users\mrobe\Documents\git_repos\oldschool-clientc\3rd\bzip\bzip.c,571,0.001947,0.003251
C:\Users\mrobe\Documents\git_repos\oldschool-clientc\src\game\task_cs2_run.c,279,0.001947,0.003251
C:\Users\mrobe\Documents\git_repos\oldschool-clientc\3rd\toridraw\graphics\raster\texture\span\tex.span.sse2.u.c,911,0.001947,0.003251
C:\Users\mrobe\Documents\git_repos\oldschool-clientc\3rd\toridraw\graphics\raster\texture\span\tex.span.sse2.u.c,1078,0.001947,0.003251
C:\Users\mrobe\Documents\git_repos\oldschool-clientc\3rd\toridraw\graphics\raster\flat\flat_screen_edges.h,21,0.001947,0.003251
C:\Users\mrobe\Documents\git_repos\oldschool-clientc\3rd\toridraw\graphics\raster\texture\texshadeblend.persp.textrans.branching.lerp8_v3.u.c,218,0.001947,0.003251
C:\Users\mrobe\Documents\git_repos\oldschool-clientc\toolchains\mingw32\lib\gcc\i686-w64-mingw32\15.2.0\include\emmintrin.h,602,0.001947,0.003251
C:\Users\mrobe\Documents\git_repos\oldschool-clientc\3rd\toridraw\graphics\raster\texture\texshadeblend.persp.textrans.branching.lerp8_v3.u.c,419,0.001947,0.003251
C:\Users\mrobe\Documents\git_repos\oldschool-clientc\3rd\toridraw\toridraw_lighting.c,180,0.001947,0.003251
C:\Users\mrobe\Documents\git_repos\oldschool-clientc\3rd\toridraw\toridraw_lighting.c,122,0.001947,0.003251
C:\Users\mrobe\Documents\git_repos\oldschool-clientc\src\plugin\torirs_plugin_host.c,391,0.001947,0.003251
C:\Users\mrobe\Documents\git_repos\oldschool-clientc\src\app.c,16418,0.001946,0.003250
C:\Users\mrobe\Documents\git_repos\oldschool-clientc\src\game\rs_cs2_host.c,7483,0.001946,0.003250
C:\Users\mrobe\Documents\git_repos\oldschool-clientc\src\cs2vm2\cs2vm2_strpool.c,37,0.001946,0.003250
C:\Users\mrobe\Documents\git_repos\oldschool-clientc\3rd\toridraw\graphics\raster\texture\span\tex.span.sse2.u.c,639,0.001946,0.003250
C:\Users\mrobe\Documents\git_repos\oldschool-clientc\src\engine\uitree_anim.c,80,0.001946,0.003250
C:\Users\mrobe\Documents\git_repos\oldschool-clientc\src\app.c,5722,0.001945,0.003248
C:\Users\mrobe\Documents\git_repos\oldschool-clientc\3rd\bzip\bzip.c,223,0.001945,0.003248
C:\Users\mrobe\Documents\git_repos\oldschool-clientc\3rd\miniz\miniz.c,2836,0.001945,0.003248
C:\Users\mrobe\Documents\git_repos\oldschool-clientc\src\platform\platform_x_io.c,258,0.001945,0.003248
C:\Users\mrobe\Documents\git_repos\oldschool-clientc\src\game\rs_cs2_host.c,5339,0.001945,0.003248
C:\Users\mrobe\Documents\git_repos\oldschool-clientc\src\game\task_cs2_run.c,1003,0.001945,0.003248
C:\Users\mrobe\Documents\git_repos\oldschool-clientc\3rd\toridraw\graphics\raster\texture\span\tex.span.sse2.u.c,710,0.001945,0.003248
C:\Users\mrobe\Documents\git_repos\oldschool-clientc\3rd\toridraw\graphics\raster\texture\span\tex.span_uv.h,157,0.001945,0.003248
C:\Users\mrobe\Documents\git_repos\oldschool-clientc\3rd\toridraw\toridraw_map.c,307,0.001945,0.003248
C:\Users\mrobe\Documents\git_repos\oldschool-clientc\src\engine\world_builder\world_sharelight.u.c,341,0.001945,0.003248
C:\Users\mrobe\Documents\git_repos\oldschool-clientc\src\asyncio.h,454,0.001944,0.003246
C:\Users\mrobe\Documents\git_repos\oldschool-clientc\src\app.c,2129,0.001944,0.003246
C:\Users\mrobe\Documents\git_repos\oldschool-clientc\src\game\rs_cs2_host.c,8202,0.001944,0.003246
C:\Users\mrobe\Documents\git_repos\oldschool-clientc\src\engine\uitree_from_component.c,229,0.001944,0.003246
C:\Users\mrobe\Documents\git_repos\oldschool-clientc\src\ui\uitree_layout.c,267,0.001944,0.003246
C:\Users\mrobe\Documents\git_repos\oldschool-clientc\src\engine\world_builder\lightmap.c,103,0.001944,0.003246
C:\Users\mrobe\Documents\git_repos\oldschool-clientc\src\engine\dat2\dat2_buildcache.c,120,0.001943,0.003245
C:\Users\mrobe\Documents\git_repos\oldschool-clientc\3rd\toridraw\graphics\raster\texture\texshadeblend.persp.texopaque.branching.lerp8_v3.u.c,118,0.001943,0.003245
C:\Users\mrobe\Documents\git_repos\oldschool-clientc\3rd\toridraw\toridraw_render.u.c,1292,0.001943,0.003245
C:\Users\mrobe\Documents\git_repos\oldschool-clientc\3rd\toridraw\graphics\projection16_simd.sse2.u.c,2263,0.001943,0.003245
C:\Users\mrobe\Documents\git_repos\oldschool-clientc\src\engine\torirs_model_inst_cache.c,26,0.001943,0.003245
C:\Users\mrobe\Documents\git_repos\oldschool-clientc\src\app.c,8827,0.001942,0.003243
C:\Users\mrobe\Documents\git_repos\oldschool-clientc\3rd\toridraw\toridraw_2d.c,298,0.001942,0.003243
C:\Users\mrobe\Documents\git_repos\oldschool-clientc\3rd\rscache\src\rsbuffer.c,766,0.001942,0.003243
C:\Users\mrobe\Documents\git_repos\oldschool-clientc\3rd\toridraw\graphics\raster\flat\flat.screen.opaque.branching.s4.c,86,0.001942,0.003243
C:\Users\mrobe\Documents\git_repos\oldschool-clientc\3rd\toridraw\graphics\raster\texture\span\tex.span_uv.h,170,0.001942,0.003243
C:\Users\mrobe\Documents\git_repos\oldschool-clientc\3rd\toridraw\osrs\palette.c,191,0.001942,0.003243
C:\Users\mrobe\Documents\git_repos\oldschool-clientc\src\ui\uitree.c,1461,0.001942,0.003243
C:\Users\mrobe\Documents\git_repos\oldschool-clientc\src\ui\uitree_input.c,518,0.001942,0.003243
C:\Users\mrobe\Documents\git_repos\oldschool-clientc\src\ui\uitree_scroll.c,199,0.001942,0.003243
C:\Users\mrobe\Documents\git_repos\oldschool-clientc\src\engine\dat2\task_dat2_texture_load.c,463,0.001941,0.003241
C:\Users\mrobe\Documents\git_repos\oldschool-clientc\3rd\toridraw\toridraw_map.c,115,0.001941,0.003241
C:\Users\mrobe\Documents\git_repos\oldschool-clientc\3rd\toridraw\graphics\shared_tables.c,43,0.001941,0.003241
C:\Users\mrobe\Documents\git_repos\oldschool-clientc\src\ui\uitree.c,2388,0.001941,0.003241
C:\Users\mrobe\Documents\git_repos\oldschool-clientc\src\ui\uitree_input.c,286,0.001941,0.003241
C:\Users\mrobe\Documents\git_repos\oldschool-clientc\3rd\toridraw\graphics\raster\gouraudhsllightness\gouraudhsllightness.screen.opaque.bary.branching.s4.c,581,0.001940,0.003240
C:\Users\mrobe\Documents\git_repos\oldschool-clientc\3rd\toridraw\graphics\raster\texture\texshadeblend.persp.textrans.branching.lerp8_v3.u.c,130,0.001940,0.003240
C:\Users\mrobe\Documents\git_repos\oldschool-clientc\3rd\toridraw\toridraw_raster.u.c,1159,0.001940,0.003240
C:\Users\mrobe\Documents\git_repos\oldschool-clientc\src\painters\painters.c,212,0.001939,0.003238
C:\Users\mrobe\Documents\git_repos\oldschool-clientc\3rd\toridraw\graphics\raster\flat\flat.screen.opaque.branching.s4.c,240,0.001939,0.003238
C:\Users\mrobe\Documents\git_repos\oldschool-clientc\3rd\toridraw\graphics\raster\texture\texshadeblend.persp.textrans.branching.lerp8_v3.u.c,208,0.001939,0.003238
C:\Users\mrobe\Documents\git_repos\oldschool-clientc\3rd\toridraw\toridraw_raster.u.c,1186,0.001939,0.003238
C:\Users\mrobe\Documents\git_repos\oldschool-clientc\src\render\torirs_frame.c,386,0.001938,0.003236
C:\Users\mrobe\Documents\git_repos\oldschool-clientc\3rd\toridraw\toridraw_render.u.c,3240,0.001937,0.003235
C:\Users\mrobe\Documents\git_repos\oldschool-clientc\3rd\toridraw\graphics\raster\texture\texshadeblend.persp.textrans.branching.lerp8_v3.u.c,238,0.001936,0.003233
C:\Users\mrobe\Documents\git_repos\oldschool-clientc\src\ui\uitree_scroll.c,12,0.001936,0.003233
C:\Users\mrobe\Documents\git_repos\oldschool-clientc\src\game\task_cs2_run.c,2332,0.001935,0.003231
C:\Users\mrobe\Documents\git_repos\oldschool-clientc\3rd\toridraw\graphics\raster\gouraudhsllightness\gouraudhsllightness.screen.opaque.bary.branching.s4.c,273,0.001931,0.003225
C:\Users\mrobe\Documents\git_repos\oldschool-clientc\3rd\toridraw\toridraw_render.u.c,3115,0.001930,0.003223
C:\Users\mrobe\Documents\git_repos\oldschool-clientc\3rd\toridraw\toridraw_model.c,167,0.001930,0.003223
C:\Users\mrobe\Documents\git_repos\oldschool-clientc\3rd\toridraw\toridraw_raster.u.c,1138,0.001927,0.003218
C:\Users\mrobe\Documents\git_repos\oldschool-clientc\src\app.c,6099,0.001920,0.003206
C:\Users\mrobe\Documents\git_repos\oldschool-clientc\3rd\toridraw\graphics\raster\flat\flat.screen.opaque.branching.s4.c,452,0.001918,0.003203
C:\Users\mrobe\Documents\git_repos\oldschool-clientc\3rd\toridraw\toridraw_font.c,441,0.001914,0.003196
C:\Users\mrobe\Documents\git_repos\oldschool-clientc\3rd\toridraw\graphics\raster\gouraudhsllightness\gouraudhsllightness.screen.alpha.bary.branching.s4.c,453,0.001906,0.003183
C:\Users\mrobe\Documents\git_repos\oldschool-clientc\src\platform\platform_sdl2_renderer_soft3d.c,1394,0.001902,0.003176
C:\Users\mrobe\Documents\git_repos\oldschool-clientc\3rd\miniz\miniz.c,2837,0.001901,0.003175
C:\Users\mrobe\Documents\git_repos\oldschool-clientc\src\cs2vm2\cs2vm2.c,828,0.001899,0.003171
