torirs: dat2 cache=cache.osrs239.summoning iface=161
audio: callback mode, 1024-sample buffer @ 22050Hz
mock230: features era=osrs approach=rect op_nearest=10 ground_nearest=box10_rect
mock230: obj metadata loaded (33830 records from /Users/matthewevers/Documents/git_repos/3draster/cache.osrs239.summoning, 59271 params in 1389 KB)
mock230: npc metadata loaded (16371 records from /Users/matthewevers/Documents/git_repos/3draster/cache.osrs239.summoning, 27891 params in 653 KB)
mock230: sequence debug names loaded (0 named — falling back to pack/seq.pack, 25466 priorities)
mock230: loc configs loaded (62195 records from /Users/matthewevers/Documents/git_repos/3draster/cache.osrs239.summoning; 1709 param rows in 41016 bytes, 30034 names in 565697 bytes, 17310 footprints in 138480 bytes, 10267 categories in 82136 bytes)
mock230: struct params loaded (3988 records from /Users/matthewevers/Documents/git_repos/3draster/cache.osrs239.summoning, 20751 rows in 877 KB)
mock230: 2872 varp(s) carry varbits
mock230: varbit table loaded (19009 records from /Users/matthewevers/Documents/git_repos/3draster/cache.osrs239.summoning)
mock230: 1117 param types from configs/all.param
mock230: 3 server param type(s) from OSRS-Content/osrs239-content/server/scripts/quests/quest_fluffs/configs/quest_fluffs.param
mock230: 2 server param type(s) from OSRS-Content/osrs239-content/server/scripts/quests/quest_murder/configs/quest_murder.param
mock230: 1 server param type(s) from OSRS-Content/osrs239-content/server/scripts/quests/quest_mm/configs/quest_mm.param
mock230: 1 server param type(s) from OSRS-Content/osrs239-content/server/scripts/quests/quest_haunted/configs/quest_haunted.param
mock230: 3 server param type(s) from OSRS-Content/osrs239-content/server/scripts/quests/quest_upass/configs/quest_upass.param
mock230: 1 server param type(s) from OSRS-Content/osrs239-content/server/scripts/quests/quest_hazeelcult/configs/quest_hazeelcult.param
mock230: 1 server param type(s) from OSRS-Content/osrs239-content/server/scripts/quests/quest_legends/configs/quest_legends.param
mock230: 1 server param type(s) from OSRS-Content/osrs239-content/server/scripts/quests/quest_tbwt/configs/quest_tbwt.param
mock230: 1 server param type(s) from OSRS-Content/osrs239-content/server/scripts/minigames/game_mortton/configs/mortton_shades.param
mock230: 1 server param type(s) from OSRS-Content/osrs239-content/server/scripts/areas/area_mage_arena/configs/mage_arena.param
mock230: 1 server param type(s) from OSRS-Content/osrs239-content/server/scripts/interface_bank/configs/bank.param
mock230: 1 server param type(s) from OSRS-Content/osrs239-content/server/scripts/doors/configs/doors.param
mock230: 2 server param type(s) from OSRS-Content/osrs239-content/server/scripts/skill_magic/configs/magic.param
mock230: 1 server param type(s) from OSRS-Content/osrs239-content/server/scripts/skill_prayer/configs/bones.param
mock230: 8 server param type(s) from OSRS-Content/osrs239-content/server/scripts/skill_agility/configs/agility.param
mock230: 10 server param type(s) from OSRS-Content/osrs239-content/server/scripts/skill_cooking/configs/gnome_cooking/gnome_cooking.param
mock230: 1 server param type(s) from OSRS-Content/osrs239-content/server/scripts/npc/configs/npc.param
mock230: 12 server param type(s) from OSRS-Content/osrs239-content/server/scripts/skill_combat/configs/npc_combat.param
mock230: 44 server param type(s) from OSRS-Content/osrs239-content/server/scripts/skill_combat/configs/combat.param
mock230: 2 server param type(s) from OSRS-Content/osrs239-content/server/scripts/skill_combat/configs/weapon_poison.param
mock230: 2 server param type(s) from OSRS-Content/osrs239-content/server/scripts/player/configs/consumption/consume.param
mock230: 2 server param type(s) from OSRS-Content/osrs239-content/server/scripts/player/configs/death.param
mock230: 7 server param type(s) from OSRS-Content/osrs239-content/server/scripts/player/configs/bas.param
mock230: 5862 enums from configs/all.enum
mock230: content loaded (230053 symbols, 5115 constants, 6671 npc defs, 2329 loc defs, 1144 varp defs, 1103 equip reqs (246 from the cache), 23140 npc spawns, 2256 obj spawns)
mock230: 13 config line(s) restate a field the client's own record carries — the cache already says it, so the overlay is inert
mock230: server band: npc [zombie_armed] 49: `attackrate` is 5 in the band but 4 from the text overlays
mock230: server band: npc [zombie_armed2] 50: `attackrate` is 5 in the band but 4 from the text overlays
mock230: server band: npc [hos_town_guard_01] 397: `attackrate` is 6 in the band but 4 from the text overlays
mock230: server band: npc [hos_town_guard_02] 398: `attackrate` is 6 in the band but 4 from the text overlays
mock230: server band: npc [hos_town_guard_03] 399: `attackrate` is 6 in the band but 4 from the text overlays
mock230: server band: npc [hos_town_guard_04] 400: `attackrate` is 6 in the band but 4 from the text overlays
mock230: server band: npc [fd_damis_tougher] 683: `attackrate` is 3 in the band but 4 from the text overlays
mock230: server band: npc [contact_insectoid_mage] 794: `attackrate` is 15 in the band but 4 from the text overlays
mock230: server band: npc [contact_insectoid_mage_b] 799: `attackrate` is 15 in the band but 4 from the text overlays
mock230: server band: npc [burgh_rescue_veliaf_hurtz] 989: `attackrate` is 5 in the band but 4 from the text overlays
mock230: server band: npc [nzone_blooddiamond_vampirewarrior_hard] 1128: `attackrate` is 3 in the band but 4 from the text overlays
mock230: server band: npc [nzone_fd_damis_tougher_hard] 1135: `attackrate` is 3 in the band but 4 from the text overlays
mock230: server band: npc [sailing_transport_tyras_guard] 1327: `attackrate` is 5 in the band but 4 from the text overlays
mock230: server band: npc [garden_cutscene_aggressor] 1398: `attackrate` is 5 in the band but 4 from the text overlays
mock230: server band: npc [jail_black_knight] 1545: `attackrate` is 5 in the band but 4 from the text overlays
mock230: server band: npc [ramble_hard_ranger] 1573: `attackrate` is 5 in the band but 4 from the text overlays
mock230: server band: npc [ramble_hard_fighter] 1574: `attackrate` is 5 in the band but 4 from the text overlays
mock230: server band: npc [ramble_med_mage] 1575: `attackrate` is 5 in the band but 4 from the text overlays
mock230: server band: npc [ramble_med_ranger] 1576: `attackrate` is 5 in the band but 4 from the text overlays
mock230: server band: npc [ramble_easy_fighter] 1577: `attackrate` is 5 in the band but 4 from the text overlays
mock230: server band: npc [ramble_easy_mage] 1578: `attackrate` is 5 in the band but 4 from the text overlays
mock230: server band: npc [barrows_ahrim] 1672: `attackrate` is 6 in the band but 4 from the text overlays
mock230: server band: npc [barrows_dharok] 1673: `attackrate` is 7 in the band but 4 from the text overlays
mock230: server band: npc [barrows_guthan] 1674: `attackrate` is 5 in the band but 4 from the text overlays
mock230: server band: npc [barrows_torag] 1676: `attackrate` is 5 in the band but 4 from the text overlays
mock230: server band: npc [barrows_verac] 1677: `attackrate` is 5 in the band but 4 from the text overlays
mock230: server band: npc [white_knight_yellow_plumes] 1799: `attackrate` is 7 in the band but 4 from the text overlays
mock230: server band: npc [white_knight_green_plumes] 1800: `attackrate` is 7 in the band but 4 from the text overlays
mock230: server band: npc [brew_swarm] 1818: `attackrate` is 8 in the band but 4 from the text overlays
mock230: server band: npc [white_knight_blue_plumes] 1829: `attackrate` is 7 in the band but 4 from the text overlays
mock230: server band: npc [wom_marketguard] 2120: `attackrate` is 5 in the band but 4 from the text overlays
mock230: server band: npc [godwars_ancient_saradomin_wizard] 2209: `attackrate` is 5 in the band but 4 from the text overlays
mock230: server band: npc [godwars_spiritual_saradomin_warrior] 2210: `attackrate` is 5 in the band but 4 from the text overlays
mock230: server band: npc [godwars_saradomin_knight_1] 2213: `attackrate` is 6 in the band but 4 from the text overlays
mock230: server band: npc [godwars_saradomin_knight_2] 2214: `attackrate` is 6 in the band but 4 from the text overlays
mock230: server band: npc [godwars_goblin2] 2246: `attackrate` is 5 in the band but 4 from the text overlays
mock230: server band: npc [godwars_goblin4] 2248: `attackrate` is 5 in the band but 4 from the text overlays
mock230: server band: npc [favour_guard_male_no_beard] 2536: `attackrate` is 7 in the band but 4 from the text overlays
mock230: server band: npc [favour_guard_male_bearded] 2537: `attackrate` is 6 in the band but 4 from the text overlays
mock230: server band: npc [favour_guard_long_beard] 2538: `attackrate` is 5 in the band but 4 from the text overlays
mock230: server band: npc [mmsnailround_swamp] 2634: `attackrate` is 6 in the band but 4 from the text overlays
mock230: server band: npc [twocats_robert_cutscene] 2639: `attackrate` is 6 in the band but 4 from the text overlays
mock230: server band: npc [mmsnailround_red+black] 2645: `attackrate` is 6 in the band but 4 from the text overlays
mock230: server band: npc [mmsnailround_yellow] 2646: `attackrate` is 6 in the band but 4 from the text overlays
mock230: server band: npc [mmsnailround_blue] 2647: `attackrate` is 6 in the band but 4 from the text overlays
mock230: server band: npc [mmsnailround_orange] 2648: `attackrate` is 6 in the band but 4 from the text overlays
mock230: server band: npc [mmsnailpoint_swamp] 2649: `attackrate` is 6 in the band but 4 from the text overlays
mock230: server band: npc [mmsnailpoint_red+black] 2650: `attackrate` is 6 in the band but 4 from the text overlays
mock230: server band: npc [mmsnailpoint_yellow] 2651: `attackrate` is 6 in the band but 4 from the text overlays
mock230: server band: npc [mmsnailpoint_blue] 2652: `attackrate` is 6 in the band but 4 from the text overlays
mock230: server band: npc [barbarian] 3256: `attackrate` is 5 in the band but 4 from the text overlays
mock230: server band: npc [barbarianwoman_varrock] 3262: `attackrate` is 6 in the band but 4 from the text overlays
mock230: server band: npc [fai_falador_guard2] 3270: `attackrate` is 6 in the band but 4 from the text overlays
mock230: server band: npc [fai_falador_guard3] 3271: `attackrate` is 6 in the band but 4 from the text overlays
mock230: server band: npc [fai_falador_guard4] 3272: `attackrate` is 6 in the band but 4 from the text overlays
mock230: server band: npc [fai_falador_guard5] 3273: `attackrate` is 6 in the band but 4 from the text overlays
mock230: server band: npc [fai_falador_guard6] 3274: `attackrate` is 6 in the band but 4 from the text overlays
mock230: server band: npc [falador_doric_area_guard] 3283: `attackrate` is 6 in the band but 4 from the text overlays
mock230: server band: npc [paladin2] 3294: `attackrate` is 5 in the band but 4 from the text overlays
mock230: server band: npc [blooddiamond_vampirewarrior] 3459: `attackrate` is 3 in the band but 4 from the text overlays
mock230: server band: npc [blooddiamond_vampirewarrior_unkillable] 3460: `attackrate` is 3 in the band but 4 from the text overlays
mock230: server band: npc [lunar_pirate_generic_pirate_7] 3871: `attackrate` is 5 in the band but 4 from the text overlays
mock230: server band: npc [jailguard_two_patrol] 4277: `attackrate` is 5 in the band but 4 from the text overlays
mock230: server band: npc [jailguard_three_patrol] 4278: `attackrate` is 5 in the band but 4 from the text overlays
mock230: server band: npc [jailguard_four_patrol] 4279: `attackrate` is 5 in the band but 4 from the text overlays
mock230: server band: npc [swan_wom_ambush] 4306: `attackrate` is 5 in the band but 4 from the text overlays
mock230: server band: npc [dttd_cutscene_man] 4327: `attackrate` is 5 in the band but 4 from the text overlays
mock230: server band: npc [kr_aggressive_black_knight] 4331: `attackrate` is 5 in the band but 4 from the text overlays
mock230: server band: npc [kr_cam_lucan] 4342: `attackrate` is 5 in the band but 4 from the text overlays
mock230: server band: npc [kr_cam_palomedes] 4343: `attackrate` is 5 in the band but 4 from the text overlays
mock230: server band: npc [kr_cam_bedivere] 4345: `attackrate` is 5 in the band but 4 from the text overlays
mock230: server band: npc [kr_cam_tristram] 4346: `attackrate` is 5 in the band but 4 from the text overlays
mock230: server band: npc [kr_cam_pelleas] 4347: `attackrate` is 5 in the band but 4 from the text overlays
mock230: server band: npc [kr_cam_gawain] 4348: `attackrate` is 5 in the band but 4 from the text overlays
mock230: server band: npc [kr_cam_kay] 4349: `attackrate` is 5 in the band but 4 from the text overlays
mock230: server band: npc [kr_knight7] 4355: `attackrate` is 5 in the band but 4 from the text overlays
mock230: server band: npc [kr_knight6] 4356: `attackrate` is 5 in the band but 4 from the text overlays
mock230: server band: npc [kr_knight5] 4357: `attackrate` is 5 in the band but 4 from the text overlays
mock230: server band: npc [kr_knight4] 4358: `attackrate` is 5 in the band but 4 from the text overlays
mock230: server band: npc [kr_knight3] 4359: `attackrate` is 5 in the band but 4 from the text overlays
mock230: server band: npc [kr_knight2] 4360: `attackrate` is 5 in the band but 4 from the text overlays
mock230: server band: npc [kr_knight1] 4361: `attackrate` is 5 in the band but 4 from the text overlays
mock230: server band: npc [burgh_villager_0] 4446: `attackrate` is 5 in the band but 4 from the text overlays
mock230: server band: npc [burgh_vilager_1] 4447: `attackrate` is 10 in the band but 4 from the text overlays
mock230: server band: npc [burgh_vilager_2] 4448: `attackrate` is 10 in the band but 4 from the text overlays
mock230: server band: npc [burgh_vilager_3] 4449: `attackrate` is 10 in the band but 4 from the text overlays
mock230: server band: npc [burgh_vilager_4] 4450: `attackrate` is 10 in the band but 4 from the text overlays
mock230: server band: npc [burgh_vilager_5] 4451: `attackrate` is 10 in the band but 4 from the text overlays
mock230: server band: npc [burgh_vilager_6] 4452: `attackrate` is 10 in the band but 4 from the text overlays
mock230: server band: npc [burgh_vilager_7] 4453: `attackrate` is 10 in the band but 4 from the text overlays
mock230: server band: npc [burgh_vilager_8] 4454: `attackrate` is 10 in the band but 4 from the text overlays
mock230: server band: npc [burgh_villager_0_blood_tithe] 4478: `attackrate` is 5 in the band but 4 from the text overlays
mock230: server band: npc [olaf2_undead_viking_lvl40] 4491: `attackrate` is 6 in the band but 4 from the text overlays
mock230: server band: npc [olaf2_undead_viking_lvl40_b] 4492: `attackrate` is 6 in the band but 4 from the text overlays
mock230: server band: npc [olaf2_undead_viking_lvl40_c] 4493: `attackrate` is 6 in the band but 4 from the text overlays
mock230: server band: npc [olaf2_undead_viking_lvl50] 4494: `attackrate` is 6 in the band but 4 from the text overlays
mock230: server band: npc [olaf2_undead_viking_lvl50_b] 4495: `attackrate` is 6 in the band but 4 from the text overlays
mock230: server band: npc [olaf2_undead_viking_lvl50_c] 4496: `attackrate` is 6 in the band but 4 from the text overlays
mock230: server band: npc [olaf2_undead_viking_lvl60] 4497: `attackrate` is 6 in the band but 4 from the text overlays
mock230: server band: npc [olaf2_undead_viking_lvl60_b] 4498: `attackrate` is 6 in the band but 4 from the text overlays
mock230: server band: npc [olaf2_undead_viking_lvl60_c] 4499: `attackrate` is 6 in the band but 4 from the text overlays
mock230: server band: npc [olaf2_ulfric_rise] 4505: `attackrate` is 6 in the band but 4 from the text overlays
mock230: server band: npc [dttd_ham_guard_1] 4516: `attackrate` is 5 in the band but 4 from the text overlays
mock230: server band: npc [dttd_ham_guard_2] 4517: `attackrate` is 5 in the band but 4 from the text overlays
mock230: server band: npc [dttd_ham_guard_3] 4518: `attackrate` is 5 in the band but 4 from the text overlays
mock230: server band: npc [dttd_ham_guard_4] 4519: `attackrate` is 5 in the band but 4 from the text overlays
mock230: server band: npc [dttd_ham_guard_5] 4520: `attackrate` is 5 in the band but 4 from the text overlays
mock230: server band: npc [dttd_ham_guard_extra] 4521: `attackrate` is 5 in the band but 4 from the text overlays
mock230: server band: npc [dttd_ham_guard_1_postquest] 4522: `attackrate` is 5 in the band but 4 from the text overlays
mock230: server band: npc [dttd_ham_guard_2_postquest] 4523: `attackrate` is 5 in the band but 4 from the text overlays
mock230: server band: npc [dttd_ham_guard_3_postquest] 4524: `attackrate` is 5 in the band but 4 from the text overlays
mock230: server band: npc [dttd_ham_guard_4_postquest] 4525: `attackrate` is 5 in the band but 4 from the text overlays
mock230: server band: npc [dttd_ham_guard_5_postquest] 4526: `attackrate` is 5 in the band but 4 from the text overlays
mock230: server band: npc [rd_combat_npc_room_3] 4682: `attackrate` is 5 in the band but 4 from the text overlays
mock230: server band: npc [fortressguard_01] 4773: `attackrate` is 6 in the band but 4 from the text overlays
mock230: server band: npc [fortressguard_02] 4774: `attackrate` is 6 in the band but 4 from the text overlays
mock230: server band: npc [fortressguard_03] 4775: `attackrate` is 6 in the band but 4 from the text overlays
mock230: server band: npc [fortressguard_04] 4776: `attackrate` is 6 in the band but 4 from the text overlays
mock230: server band: npc [hundred_minion3] 4882: `attackrate` is 3 in the band but 4 from the text overlays
mock230: server band: npc [wanted_black_knight_for_cutscene] 4934: `attackrate` is 5 in the band but 4 from the text overlays
mock230: server band: npc [wanted_summoned_black_knight] 4959: `attackrate` is 5 in the band but 4 from the text overlays
mock230: server band: npc [wanted_black_knight_attackable_base_config] 4960: `attackrate` is 5 in the band but 4 from the text overlays
mock230: server band: npc [wanted_solus_attackable] 4962: `attackrate` is 3 in the band but 4 from the text overlays
mock230: server band: npc [slice_ham_guard] 5141: `attackrate` is 5 in the band but 4 from the text overlays
mock230: server band: npc [slice_ham_archer] 5157: `attackrate` is 10 in the band but 4 from the text overlays
mock230: server band: npc [slice_ham_mage] 5158: `attackrate` is 6 in the band but 4 from the text overlays
mock230: server band: npc [falador_guard_diary] 5511: `attackrate` is 6 in the band but 4 from the text overlays
mock230: server band: npc [lesser_fanatic_diary] 5514: `attackrate` is 2 in the band but 4 from the text overlays
mock230: server band: npc [farming_market_guard] 5732: `attackrate` is 5 in the band but 4 from the text overlays
mock230: server band: npc [battlefield_khazard_troop] 5964: `attackrate` is 5 in the band but 4 from the text overlays
mock230: server band: npc [battlefield_khazard_troop_spearmen] 5965: `attackrate` is 6 in the band but 4 from the text overlays
mock230: server band: npc [nzone_hundred_minion3_hard] 6310: `attackrate` is 3 in the band but 4 from the text overlays
mock230: server band: npc [nzone_blooddiamond_vampirewarrior_normal] 6344: `attackrate` is 3 in the band but 4 from the text overlays
mock230: server band: npc [nzone_fd_damis_tougher_normal] 6347: `attackrate` is 3 in the band but 4 from the text overlays
mock230: server band: npc [nzone_hundred_minion3_normal] 6371: `attackrate` is 3 in the band but 4 from the text overlays
mock230: server band: npc [tbwcu_broodoo_poison] 6409: `attackrate` is 6 in the band but 4 from the text overlays
mock230: server band: npc [tbwcu_broodoo_disease] 6411: `attackrate` is 6 in the band but 4 from the text overlays
mock230: server band: npc [tbwcu_broodoo_combat] 6413: `attackrate` is 6 in the band but 4 from the text overlays
mock230: server band: npc [crazy_archaeologist] 6618: `attackrate` is 3 in the band but 4 from the text overlays
mock230: server band: npc [chaos_fanatic] 6619: `attackrate` is 2 in the band but 4 from the text overlays
mock230: server band: npc [superior_nechryael_melee_spawn] 6716: `attackrate` is 3 in the band but 4 from the text overlays
mock230: server band: npc [superior_nechryael_ranged_spawn] 6723: `attackrate` is 3 in the band but 4 from the text overlays
mock230: server band: npc [shayzien_lizardfighter_1] 6868: `attackrate` is 7 in the band but 4 from the text overlays
mock230: server band: npc [shayzien_lizardfighter_2] 6869: `attackrate` is 3 in the band but 4 from the text overlays
mock230: server band: npc [shayzien_lizardfighter_3] 6870: `attackrate` is 5 in the band but 4 from the text overlays
mock230: server band: npc [shayzien_lizardfighter_4] 6871: `attackrate` is 5 in the band but 4 from the text overlays
mock230: server band: npc [shayzien_criminal_3] 6898: `attackrate` is 7 in the band but 4 from the text overlays
mock230: server band: npc [shayzien_criminal_boss_1_chatting] 6900: `attackrate` is 3 in the band but 4 from the text overlays
mock230: server band: npc [shayzien_criminal_boss_1_fighting] 6901: `attackrate` is 3 in the band but 4 from the text overlays
mock230: server band: npc [shayzien_criminal_boss_2_chatting] 6902: `attackrate` is 3 in the band but 4 from the text overlays
mock230: server band: npc [shayzien_criminal_boss_2_fighting] 6903: `attackrate` is 3 in the band but 4 from the text overlays
mock230: server band: npc [shayzien_armour_1_noncombat] 6904: `attackrate` is 7 in the band but 4 from the text overlays
mock230: server band: npc [shayzien_armour_1_combat] 6905: `attackrate` is 7 in the band but 4 from the text overlays
mock230: server band: npc [shayzien_armour_3_noncombat] 6908: `attackrate` is 5 in the band but 4 from the text overlays
mock230: server band: npc [shayzien_armour_3_combat] 6909: `attackrate` is 5 in the band but 4 from the text overlays
mock230: server band: npc [shayzien_armour_4_noncombat] 6910: `attackrate` is 5 in the band but 4 from the text overlays
mock230: server band: npc [shayzien_armour_4_combat] 6911: `attackrate` is 5 in the band but 4 from the text overlays
mock230: server band: npc [piscarilius_grub_hunter] 6965: `attackrate` is 10 in the band but 4 from the text overlays
mock230: server band: npc [piscarilius_dockworker_repair] 6967: `attackrate` is 10 in the band but 4 from the text overlays
mock230: server band: npc [zeah_pirate2] 6994: `attackrate` is 5 in the band but 4 from the text overlays
mock230: server band: npc [trail_cabbage_mage] 7310: `attackrate` is 3 in the band but 4 from the text overlays
mock230: server band: npc [shayzien_lizardfighter_outside_1] 7521: `attackrate` is 7 in the band but 4 from the text overlays
mock230: server band: npc [shayzien_lizardfighter_outside_2] 7522: `attackrate` is 3 in the band but 4 from the text overlays
mock230: server band: npc [shayzien_lizardfighter_outside_3] 7523: `attackrate` is 5 in the band but 4 from the text overlays
mock230: server band: npc [shayzien_lizardfighter_outside_4] 7524: `attackrate` is 5 in the band but 4 from the text overlays
mock230: server band: npc [raids_vespula_portal] 7533: `attackrate` is 2 in the band but 4 from the text overlays
mock230: server band: npc [superior_nechryael_magic_spawn] 7649: `attackrate` is 3 in the band but 4 from the text overlays
mock230: server band: npc [inferno_zuk_healer] 7708: `attackrate` is 3 in the band but 4 from the text overlays
mock230: server band: npc [fossil_crazy_archaeologist] 7806: `attackrate` is 3 in the band but 4 from the text overlays
mock230: server band: npc [gargboss_dawn_death] 7885: `attackrate` is 6 in the band but 4 from the text overlays
mock230: server band: npc [gargboss_dusk_death] 7889: `attackrate` is 6 in the band but 4 from the text overlays
mock230: server band: npc [wild_cave_knight] 7939: `attackrate` is 5 in the band but 4 from the text overlays
mock230: server band: npc [nzone_corsaircurse_navigator_hard] 7948: `attackrate` is 3 in the band but 4 from the text overlays
mock230: server band: npc [nzone_corsaircurse_navigator_normal] 7949: `attackrate` is 5 in the band but 4 from the text overlays
mock230: server band: npc [corscurs_navigator_combat] 7964: `attackrate` is 5 in the band but 4 from the text overlays
mock230: server band: npc [ds2_white_knight] 8149: `attackrate` is 7 in the band but 4 from the text overlays
mock230: server band: npc [ds2_paladin] 8150: `attackrate` is 5 in the band but 4 from the text overlays
mock230: server band: npc [ds2_battle_wom] 8154: `attackrate` is 5 in the band but 4 from the text overlays
mock230: server band: npc [ds2_battle_oneiromancer] 8158: `attackrate` is 5 in the band but 4 from the text overlays
mock230: server band: npc [ds2_battle_wom_final] 8162: `attackrate` is 5 in the band but 4 from the text overlays
mock230: server band: npc [ds2_battle_oneiromancer_final] 8166: `attackrate` is 5 in the band but 4 from the text overlays
mock230: server band: npc [molch_shay_bowmen_1] 8566: `attackrate` is 3 in the band but 4 from the text overlays
mock230: server band: npc [molch_shay_spearmen_1] 8567: `attackrate` is 5 in the band but 4 from the text overlays
mock230: server band: npc [molch_shay_swordsmen_1] 8568: `attackrate` is 7 in the band but 4 from the text overlays
mock230: server band: npc [molch_shay_spearmen_2] 8569: `attackrate` is 5 in the band but 4 from the text overlays
mock230: server band: npc [molch_shay_swordsmen_2] 8570: `attackrate` is 7 in the band but 4 from the text overlays
mock230: server band: npc [trail_mimic_spawn_melee] 8635: `attackrate` is 5 in the band but 4 from the text overlays
mock230: server band: npc [ardougne_prison_guard] 8799: `attackrate` is 5 in the band but 4 from the text overlays
mock230: server band: npc [ardougne_prison_guard_head] 8800: `attackrate` is 5 in the band but 4 from the text overlays
mock230: server band: npc [ardougne_prison_guard_normal] 8801: `attackrate` is 5 in the band but 4 from the text overlays
mock230: server band: npc [sote_paladin2] 8850: `attackrate` is 5 in the band but 4 from the text overlays
mock230: server band: npc [paladin_west_vis] 8853: `attackrate` is 5 in the band but 4 from the text overlays
mock230: server band: npc [knight_of_ardougne_west_vis] 8854: `attackrate` is 5 in the band but 4 from the text overlays
mock230: server band: npc [knight_of_ardougne_west_noop_vis] 8855: `attackrate` is 5 in the band but 4 from the text overlays
mock230: server band: npc [sote_arianwyn_combat] 8865: `attackrate` is 5 in the band but 4 from the text overlays
mock230: server band: npc [sote_tyras_guard] 8945: `attackrate` is 5 in the band but 4 from the text overlays
mock230: server band: npc [upass_paladin1_vis] 8987: `attackrate` is 5 in the band but 4 from the text overlays
mock230: server band: npc [upass_paladin2_vis] 8988: `attackrate` is 5 in the band but 4 from the text overlays
mock230: server band: npc [upass_paladin3_vis] 8989: `attackrate` is 5 in the band but 4 from the text overlays
mock230: server band: npc [crystal_hunllef_death] 9024: `attackrate` is 5 in the band but 4 from the text overlays
mock230: server band: npc [crystal_hunllef_death_hm] 9038: `attackrate` is 5 in the band but 4 from the text overlays
mock230: server band: npc [prif_gladiator1] 9143: `attackrate` is 5 in the band but 4 from the text overlays
mock230: server band: npc [prif_gladiator2] 9144: `attackrate` is 5 in the band but 4 from the text overlays
mock230: server band: npc [nzone_sote_arianwyn_hard] 9246: `attackrate` is 5 in the band but 4 from the text overlays
mock230: server band: npc [nzone_sote_arianwyn_normal] 9248: `attackrate` is 5 in the band but 4 from the text overlays
mock230: server band: npc [vikingexile_warrior] 9276: `attackrate` is 3 in the band but 4 from the text overlays
mock230: server band: npc [vikingexile_warrior_alt] 9277: `attackrate` is 3 in the band but 4 from the text overlays
mock230: server band: npc [vikingexile_thorvald_battle] 9280: `attackrate` is 3 in the band but 4 from the text overlays
mock230: server band: npc [vikingexile_koschei_battle] 9281: `attackrate` is 2 in the band but 4 from the text overlays
mock230: server band: npc [myq5_veliaf_flail_battle] 9528: `attackrate` is 5 in the band but 4 from the text overlays
mock230: server band: npc [myq5_damien_combat] 9564: `attackrate` is 5 in the band but 4 from the text overlays
mock230: server band: npc [myq5_vanstrom_mist] 9572: `attackrate` is 5 in the band but 4 from the text overlays
mock230: server band: npc [burgh_rescue_veliaf_hurtz_talk] 9633: `attackrate` is 5 in the band but 4 from the text overlays
mock230: server band: npc [akd_barbarian_warlord] 10989: `attackrate` is 6 in the band but 4 from the text overlays
mock230: server band: npc [nex_smokemage] 11283: `attackrate` is 5 in the band but 4 from the text overlays
mock230: server band: npc [nex_shadowmage] 11284: `attackrate` is 5 in the band but 4 from the text overlays
mock230: server band: npc [nex_bloodmage] 11285: `attackrate` is 5 in the band but 4 from the text overlays
mock230: server band: npc [nex_icemage] 11286: `attackrate` is 5 in the band but 4 from the text overlays
mock230: server band: npc [nex_prison_warrior] 11290: `attackrate` is 5 in the band but 4 from the text overlays
mock230: server band: npc [nex_prison_ranger] 11291: `attackrate` is 5 in the band but 4 from the text overlays
mock230: server band: npc [nex_prison_mage] 11292: `attackrate` is 5 in the band but 4 from the text overlays
mock230: server band: npc [gotr_great_guardian] 11403: `attackrate` is 10 in the band but 4 from the text overlays
mock230: server band: npc [bcs_scarab_mage] 11508: `attackrate` is 5 in the band but 4 from the text overlays
mock230: server band: npc [pvpa_npc_magic1] 11675: `attackrate` is 5 in the band but 4 from the text overlays
mock230: server band: npc [pvpa_npc_magic2] 11676: `attackrate` is 5 in the band but 4 from the text overlays
mock230: server band: npc [pvpa_npc_magic3] 11677: `attackrate` is 5 in the band but 4 from the text overlays
mock230: server band: npc [pvpa_npc_ranged1] 11678: `attackrate` is 6 in the band but 4 from the text overlays
mock230: server band: npc [pvpa_npc_ranged2] 11679: `attackrate` is 6 in the band but 4 from the text overlays
mock230: server band: npc [pvpa_npc_ranged3] 11680: `attackrate` is 6 in the band but 4 from the text overlays
mock230: server band: npc [pvpa_npc_melee1] 11681: `attackrate` is 5 in the band but 4 from the text overlays
mock230: server band: npc [pvpa_npc_melee2] 11682: `attackrate` is 5 in the band but 4 from the text overlays
mock230: server band: npc [pvpa_npc_melee3] 11683: `attackrate` is 5 in the band but 4 from the text overlays
mock230: server band: npc [toa_zebak_watercroc] 11741: `attackrate` is 2 in the band but 4 from the text overlays
mock230: server band: npc [ds2_white_knight_f] 11892: `attackrate` is 7 in the band but 4 from the text overlays
mock230: server band: npc [ds2_paladin_variant02] 11893: `attackrate` is 5 in the band but 4 from the text overlays
mock230: server band: npc [ds2_paladin_f] 11894: `attackrate` is 5 in the band but 4 from the text overlays
mock230: server band: npc [paladin_west_f_vis] 11901: `attackrate` is 5 in the band but 4 from the text overlays
mock230: server band: npc [knight_of_ardougne_f_west_vis] 11902: `attackrate` is 5 in the band but 4 from the text overlays
mock230: server band: npc [paladin_variant01] 11930: `attackrate` is 5 in the band but 4 from the text overlays
mock230: server band: npc [paladin_variant02] 11931: `attackrate` is 5 in the band but 4 from the text overlays
mock230: server band: npc [paladin_f] 11932: `attackrate` is 5 in the band but 4 from the text overlays
mock230: server band: npc [paladin_f_variant01] 11933: `attackrate` is 5 in the band but 4 from the text overlays
mock230: server band: npc [hero_variant01] 11934: `attackrate` is 5 in the band but 4 from the text overlays
mock230: server band: npc [hero_f] 11935: `attackrate` is 5 in the band but 4 from the text overlays
mock230: server band: npc [knight_of_ardougne_f] 11936: `attackrate` is 5 in the band but 4 from the text overlays
mock230: server band: npc [ardougne_guard_variant01] 11937: `attackrate` is 5 in the band but 4 from the text overlays
mock230: server band: npc [ardougne_guard_f] 11938: `attackrate` is 5 in the band but 4 from the text overlays
mock230: server band: npc [ardougne_guard_f_variant01] 11939: `attackrate` is 5 in the band but 4 from the text overlays
mock230: server band: npc [fai_falador_guard2_f] 11945: `attackrate` is 6 in the band but 4 from the text overlays
mock230: server band: npc [fai_falador_guard3_f] 11946: `attackrate` is 6 in the band but 4 from the text overlays
mock230: server band: npc [fai_falador_guard4_f] 11947: `attackrate` is 6 in the band but 4 from the text overlays
mock230: server band: npc [white_knight_f] 11948: `attackrate` is 7 in the band but 4 from the text overlays
mock230: server band: npc [white_knight_yellow_plumes_f] 11949: `attackrate` is 7 in the band but 4 from the text overlays
mock230: server band: npc [white_knight_green_plumes_f] 11950: `attackrate` is 7 in the band but 4 from the text overlays
mock230: server band: npc [white_knight_blue_plumes_f] 11951: `attackrate` is 7 in the band but 4 from the text overlays
mock230: server band: npc [black_knight_f] 11952: `attackrate` is 5 in the band but 4 from the text overlays
mock230: server band: npc [aggressive_black_knight_f] 11953: `attackrate` is 5 in the band but 4 from the text overlays
mock230: server band: npc [dt2_kasonde_survival] 12257: `attackrate` is 5 in the band but 4 from the text overlays
mock230: server band: npc [dt2_kasonde_temple_fight] 12259: `attackrate` is 5 in the band but 4 from the text overlays
mock230: server band: npc [dt2_kasonde_combat] 12262: `attackrate` is 3 in the band but 4 from the text overlays
mock230: server band: npc [dt2_kasonde_combat_opbreak] 12263: `attackrate` is 3 in the band but 4 from the text overlays
mock230: server band: npc [dt2_ahrim_cutscene] 12316: `attackrate` is 6 in the band but 4 from the text overlays
mock230: server band: npc [dt2_dharok_cutscene] 12317: `attackrate` is 7 in the band but 4 from the text overlays
mock230: server band: npc [dt2_guthan_cutscene] 12318: `attackrate` is 5 in the band but 4 from the text overlays
mock230: server band: npc [dt2_torag_cutscene] 12320: `attackrate` is 5 in the band but 4 from the text overlays
mock230: server band: npc [dt2_verac_cutscene] 12321: `attackrate` is 5 in the band but 4 from the text overlays
mock230: server band: npc [dt2_ahrim_combat] 12322: `attackrate` is 6 in the band but 4 from the text overlays
mock230: server band: npc [dt2_dharok_combat] 12323: `attackrate` is 7 in the band but 4 from the text overlays
mock230: server band: npc [dt2_guthan_combat] 12324: `attackrate` is 5 in the band but 4 from the text overlays
mock230: server band: npc [dt2_torag_combat] 12326: `attackrate` is 5 in the band but 4 from the text overlays
mock230: server band: npc [dt2_verac_combat] 12327: `attackrate` is 5 in the band but 4 from the text overlays
mock230: server band: npc [dt2_kasonde_wight_combat] 12331: `attackrate` is 3 in the band but 4 from the text overlays
mock230: server band: npc [dt2_kasonde_wight_combat_opbreak] 12332: `attackrate` is 3 in the band but 4 from the text overlays
mock230: server band: npc [deadman_breach_barrows_dharok] 12447: `attackrate` is 7 in the band but 4 from the text overlays
mock230: server band: npc [dov_arrav_combat] 12613: `attackrate` is 5 in the band but 4 from the text overlays
mock230: server band: npc [colosseum_jaguar_warrior] 12810: `attackrate` is 5 in the band but 4 from the text overlays
mock230: server band: npc [colosseum_standard_mager] 12811: `attackrate` is 5 in the band but 4 from the text overlays
mock230: server band: npc [colosseum_warbander_ranged_female] 12814: `attackrate` is 5 in the band but 4 from the text overlays
mock230: server band: npc [colosseum_warbander_mage_male] 12815: `attackrate` is 5 in the band but 4 from the text overlays
mock230: server band: npc [colosseum_warbander_melee_male] 12816: `attackrate` is 5 in the band but 4 from the text overlays
mock230: server band: npc [vmq2_knight_6_combat] 12916: `attackrate` is 5 in the band but 4 from the text overlays
mock230: server band: npc [vmq2_knight_6_combat_done] 12917: `attackrate` is 5 in the band but 4 from the text overlays
mock230: server band: npc [varlamore_knight_m_1] 13114: `attackrate` is 5 in the band but 4 from the text overlays
mock230: server band: npc [varlamore_knight_m_2] 13115: `attackrate` is 5 in the band but 4 from the text overlays
mock230: server band: npc [varlamore_knight_m_3] 13116: `attackrate` is 5 in the band but 4 from the text overlays
mock230: server band: npc [varlamore_knight_f_1] 13117: `attackrate` is 5 in the band but 4 from the text overlays
mock230: server band: npc [varlamore_knight_f_2] 13118: `attackrate` is 5 in the band but 4 from the text overlays
mock230: server band: npc [varlamore_knight_f_3] 13119: `attackrate` is 5 in the band but 4 from the text overlays
mock230: server band: npc [wgs_heroes_tureal] 13433: `attackrate` is 7 in the band but 4 from the text overlays
mock230: server band: npc [wgs_heroes_tureal_weapon_broken] 13434: `attackrate` is 7 in the band but 4 from the text overlays
mock230: server band: npc [wgs_heroes_ghommal] 13437: `attackrate` is 5 in the band but 4 from the text overlays
mock230: server band: npc [wgs_heroes_sloane] 13447: `attackrate` is 6 in the band but 4 from the text overlays
mock230: server band: npc [elite_black_knight_1] 13463: `attackrate` is 6 in the band but 4 from the text overlays
mock230: server band: npc [elite_black_knight_2] 13464: `attackrate` is 6 in the band but 4 from the text overlays
mock230: server band: npc [elite_dark_warrior_1] 13465: `attackrate` is 5 in the band but 4 from the text overlays
mock230: server band: npc [elite_dark_warrior_2] 13466: `attackrate` is 5 in the band but 4 from the text overlays
mock230: server band: npc [elite_dark_ranger_1] 13467: `attackrate` is 5 in the band but 4 from the text overlays
mock230: server band: npc [elite_dark_ranger_2] 13468: `attackrate` is 5 in the band but 4 from the text overlays
mock230: server band: npc [elite_dark_mage_1] 13469: `attackrate` is 5 in the band but 4 from the text overlays
mock230: server band: npc [elite_dark_mage_2] 13470: `attackrate` is 5 in the band but 4 from the text overlays
mock230: server band: npc [elite_black_knight_1_cutscene] 13480: `attackrate` is 6 in the band but 4 from the text overlays
mock230: server band: npc [elite_black_knight_2_cutscene] 13481: `attackrate` is 6 in the band but 4 from the text overlays
mock230: server band: npc [dark_squall_combat] 13482: `attackrate` is 5 in the band but 4 from the text overlays
mock230: server band: npc [wgs_thaerisk_cemphier_fight] 13512: `attackrate` is 5 in the band but 4 from the text overlays
mock230: server band: npc [wgs_taverley_assassin_1] 13514: `attackrate` is 5 in the band but 4 from the text overlays
mock230: server band: npc [wgs_taverley_assassin_2] 13515: `attackrate` is 5 in the band but 4 from the text overlays
mock230: server band: npc [wgs_lucien_henchman_axe] 13535: `attackrate` is 5 in the band but 4 from the text overlays
mock230: server band: npc [wgs_lucien_henchman_axe_2] 13536: `attackrate` is 5 in the band but 4 from the text overlays
mock230: server band: npc [wgs_lucien_henchman_mage] 13537: `attackrate` is 5 in the band but 4 from the text overlays
mock230: server band: npc [wgs_idria_mcgrubors_fight] 13541: `attackrate` is 5 in the band but 4 from the text overlays
mock230: server band: npc [wgs_idria_mcgrubors_fight_post] 13542: `attackrate` is 5 in the band but 4 from the text overlays
mock230: server band: npc [wgs_armadyl_guardian_temple_ranged_1] 13579: `attackrate` is 5 in the band but 4 from the text overlays
mock230: server band: npc [wgs_armadyl_guardian_temple_ranged_2] 13580: `attackrate` is 5 in the band but 4 from the text overlays
mock230: server band: npc [wgs_idria_temple] 13581: `attackrate` is 5 in the band but 4 from the text overlays
mock230: server band: npc [wgs_idria_temple_done] 13582: `attackrate` is 5 in the band but 4 from the text overlays
mock230: server band: npc [deadman_breach_jaguar_warrior] 13660: `attackrate` is 6 in the band but 4 from the text overlays
mock230: server band: npc [deadman_breach_magic_mark] 13663: `attackrate` is 5 in the band but 4 from the text overlays
mock230: server band: npc [vmq3_tower_twilight_melee_variant_2a] 13775: `attackrate` is 5 in the band but 4 from the text overlays
mock230: server band: npc [vmq3_tower_twilight_melee_variant_2b] 13776: `attackrate` is 5 in the band but 4 from the text overlays
mock230: server band: npc [vmq3_tower_twilight_magic_variant_1] 13777: `attackrate` is 5 in the band but 4 from the text overlays
mock230: server band: npc [vmq3_tower_twilight_magic_variant_2] 13778: `attackrate` is 5 in the band but 4 from the text overlays
mock230: server band: npc [huey_tail] 14014: `attackrate` is 0 in the band but 4 from the text overlays
mock230: server band: npc [huey_body_part] 14017: `attackrate` is 0 in the band but 4 from the text overlays
mock230: server band: npc [coa_arrav_combat] 14132: `attackrate` is 5 in the band but 4 from the text overlays
mock230: server band: npc [coa_arrav_post_combat] 14133: `attackrate` is 5 in the band but 4 from the text overlays
mock230: server band: npc [weaponsmaster_vis] 14137: `attackrate` is 5 in the band but 4 from the text overlays
mock230: server band: npc [yama] 14176: `attackrate` is 8 in the band but 4 from the text overlays
mock230: server band: npc [aluinus_combat] 14225: `attackrate` is 5 in the band but 4 from the text overlays
mock230: server band: npc [vmq4_metzli_boss] 14313: `attackrate` is 3 in the band but 4 from the text overlays
mock230: server band: npc [vmq4_metzli_boss_done] 14314: `attackrate` is 3 in the band but 4 from the text overlays
mock230: server band: npc [vmq4_crypt_ennius_boss] 14331: `attackrate` is 3 in the band but 4 from the text overlays
mock230: server band: npc [vmq4_crypt_ennius_boss_noops] 14332: `attackrate` is 3 in the band but 4 from the text overlays
mock230: server band: npc [vmq4_crypt_assault_defender_ranged_m_cs] 14391: `attackrate` is 5 in the band but 4 from the text overlays
mock230: server band: npc [vmq4_crypt_assault_defender_ranged_f_cs] 14392: `attackrate` is 5 in the band but 4 from the text overlays
mock230: server band: npc [vmq4_crypt_assault_defender_ranged_m] 14397: `attackrate` is 5 in the band but 4 from the text overlays
mock230: server band: npc [vmq4_crypt_assault_defender_ranged_f] 14398: `attackrate` is 5 in the band but 4 from the text overlays
mock230: server band: npc [vmq4_crypt_attacker_melee_variant_2a] 14403: `attackrate` is 5 in the band but 4 from the text overlays
mock230: server band: npc [vmq4_crypt_attacker_melee_variant_2b] 14404: `attackrate` is 5 in the band but 4 from the text overlays
mock230: server band: npc [vmq4_crypt_attacker_magic_variant_1] 14405: `attackrate` is 5 in the band but 4 from the text overlays
mock230: server band: npc [vmq4_crypt_attacker_magic_variant_2] 14406: `attackrate` is 5 in the band but 4 from the text overlays
mock230: server band: npc [vmq4_crypt_attacker_ranged_variant_1] 14407: `attackrate` is 5 in the band but 4 from the text overlays
mock230: server band: npc [vmq4_crypt_attacker_ranged_variant_2] 14408: `attackrate` is 5 in the band but 4 from the text overlays
mock230: server band: npc [vmq4_crypt_defender_ranged_m_vis] 14415: `attackrate` is 5 in the band but 4 from the text overlays
mock230: server band: npc [vmq4_crypt_defender_ranged_f_vis] 14416: `attackrate` is 5 in the band but 4 from the text overlays
mock230: server band: npc [vmq4_crypt_defender_ranged_m_fake_combat_vis] 14435: `attackrate` is 5 in the band but 4 from the text overlays
mock230: server band: npc [vmq4_crypt_defender_ranged_f_fake_combat_vis] 14436: `attackrate` is 5 in the band but 4 from the text overlays
mock230: server band: npc [vmq4_crypt_attacker_melee_variant_2a_fake_combat_vis] 14449: `attackrate` is 5 in the band but 4 from the text overlays
mock230: server band: npc [vmq4_crypt_attacker_melee_variant_2b_fake_combat_vis] 14450: `attackrate` is 5 in the band but 4 from the text overlays
mock230: server band: npc [vmq4_crypt_attacker_magic_variant_1_fake_combat_vis] 14451: `attackrate` is 5 in the band but 4 from the text overlays
mock230: server band: npc [vmq4_crypt_attacker_magic_variant_2_fake_combat_vis] 14452: `attackrate` is 5 in the band but 4 from the text overlays
mock230: server band: npc [vmq4_crypt_attacker_ranged_variant_1_fake_combat_vis] 14453: `attackrate` is 5 in the band but 4 from the text overlays
mock230: server band: npc [vmq4_crypt_attacker_ranged_variant_2_fake_combat_vis] 14454: `attackrate` is 5 in the band but 4 from the text overlays
mock230: server band: npc [vmq4_crypt_attacker_melee_variant_2a_fake_combat_cs] 14465: `attackrate` is 5 in the band but 4 from the text overlays
mock230: server band: npc [vmq4_crypt_attacker_melee_variant_2b_fake_combat_cs] 14466: `attackrate` is 5 in the band but 4 from the text overlays
mock230: server band: npc [vmq4_furia_fake_combat] 14467: `attackrate` is 5 in the band but 4 from the text overlays
mock230: server band: npc [auburnvale_guard_m_3] 14665: `attackrate` is 5 in the band but 4 from the text overlays
mock230: server band: npc [auburnvale_guard_m_4] 14666: `attackrate` is 5 in the band but 4 from the text overlays
mock230: server band: npc [auburnvale_guard_f_3] 14669: `attackrate` is 5 in the band but 4 from the text overlays
mock230: server band: npc [auburnvale_guard_f_4] 14670: `attackrate` is 5 in the band but 4 from the text overlays
mock230: server band: npc [tlati_guard_m_3] 14718: `attackrate` is 5 in the band but 4 from the text overlays
mock230: server band: npc [tlati_guard_m_4] 14719: `attackrate` is 5 in the band but 4 from the text overlays
mock230: server band: npc [tlati_guard_f_3] 14722: `attackrate` is 5 in the band but 4 from the text overlays
mock230: server band: npc [tlati_guard_f_4] 14723: `attackrate` is 5 in the band but 4 from the text overlays
mock230: server band: npc [varlamore_knight_f_2_noop] 14783: `attackrate` is 5 in the band but 4 from the text overlays
mock230: server band: npc [varlamore_knight_m_3_noop] 14784: `attackrate` is 5 in the band but 4 from the text overlays
mock230: server band: npc [wild_cave_knight_deadman] 15184: `attackrate` is 5 in the band but 4 from the text overlays
mock230: server band: npc [captain_cotus] 15451: `attackrate` is 5 in the band but 4 from the text overlays
mock230: server band: npc [varlamore_pirate_ranged] 15453: `attackrate` is 5 in the band but 4 from the text overlays
mock230: server band: npc [varlamore_pirate_mage] 15454: `attackrate` is 5 in the band but 4 from the text overlays
mock230: server band: npc [deadman_breach_dscim_npc] 15553: `attackrate` is 3 in the band but 4 from the text overlays
mock230: server band: npc [sailing_npc_boat_combat_crew_trr_1] 15677: `attackrate` is 5 in the band but 4 from the text overlays
mock230: server band: npc [sailing_npc_boat_combat_crew_trr_2] 15678: `attackrate` is 5 in the band but 4 from the text overlays
mock230: server band: npc [sailing_npc_boat_combat_crew_trr_3] 15679: `attackrate` is 5 in the band but 4 from the text overlays
mock230: server band: npc [sailing_npc_boat_combat_crew_trr_4] 15680: `attackrate` is 5 in the band but 4 from the text overlays
mock230: server band: npc [sailing_npc_boat_combat_crew_trr_5] 15681: `attackrate` is 5 in the band but 4 from the text overlays
mock230: server band: npc [sailing_npc_boat_combat_crew_trr_6] 15682: `attackrate` is 5 in the band but 4 from the text overlays
mock230: server band: npc [sailing_npc_boat_combat_crew_captain_1] 15683: `attackrate` is 5 in the band but 4 from the text overlays
mock230: server band: npc [sailing_npc_boat_combat_crew_captain_2] 15684: `attackrate` is 5 in the band but 4 from the text overlays
mock230: server band: npc [sailing_npc_boat_combat_crew_test_range] 15685: `attackrate` is 5 in the band but 4 from the text overlays
mock230: server band: npc [sailing_npc_boat_combat_crew_test_mage] 15686: `attackrate` is 5 in the band but 4 from the text overlays
mock230: server band: npc [sailing_npc_boat_combat_crew_test_captain] 15687: `attackrate` is 5 in the band but 4 from the text overlays
mock230: server band: npc [myq6_ivan_vis] 15855: `attackrate` is 5 in the band but 4 from the text overlays
mock230: server band: npc [myq6_ivan_deposit] 15856: `attackrate` is 5 in the band but 4 from the text overlays
mock230: server band: npc [myq6_ivan_defence] 15861: `attackrate` is 5 in the band but 4 from the text overlays
mock230: server band: npc [myq6_ivan_defence_done] 15862: `attackrate` is 5 in the band but 4 from the text overlays
mock230: server band: npc [myq6_ivan_combat] 15863: `attackrate` is 5 in the band but 4 from the text overlays
mock230: server band: npc [myq6_ivan_combat_done] 15864: `attackrate` is 5 in the band but 4 from the text overlays
mock230: server band: npc [myq6_veliaf_vis] 15878: `attackrate` is 5 in the band but 4 from the text overlays
mock230: server band: npc [myq6_veliaf_manor_combat] 15884: `attackrate` is 5 in the band but 4 from the text overlays
mock230: server band: npc [myq6_veliaf_manor_combat_done] 15885: `attackrate` is 5 in the band but 4 from the text overlays
mock230: server band: npc [myq6_veliaf_combat] 15886: `attackrate` is 5 in the band but 4 from the text overlays
mock230: server band: npc [myq6_veliaf_combat_done] 15887: `attackrate` is 5 in the band but 4 from the text overlays
mock230: server band: npc [myq6_wyrd_cutscene] 15997: `attackrate` is 5 in the band but 4 from the text overlays
mock230: server band: npc [myq6_wyrd_stage_2_cutscene] 15999: `attackrate` is 5 in the band but 4 from the text overlays
mock230: server band: npc [myq6_wyrd_stage_2_cutscene_injured] 16000: `attackrate` is 5 in the band but 4 from the text overlays
mock230: server band: npc [myq6_wyrd_stage_2_portal_cutscene] 16002: `attackrate` is 5 in the band but 4 from the text overlays
mock230: server band: npc [myq6_wyrd_stage_3_cutscene_transition] 16003: `attackrate` is 5 in the band but 4 from the text overlays
mock230: server band: npc [myq6_wyrd_stage_3_cutscene] 16004: `attackrate` is 5 in the band but 4 from the text overlays
mock230: server band: npc [myq6_veliaf_combat_drakan] 16177: `attackrate` is 5 in the band but 4 from the text overlays
mock230: server band: npc [sugadinti_combat] 16181: `attackrate` is 5 in the band but 4 from the text overlays
mock230: server band: npc [myq6_ivan_combat_drakan] 16182: `attackrate` is 5 in the band but 4 from the text overlays
mock230: server band: npc [drakan_final_portal] 16206: `attackrate` is 6 in the band but 4 from the text overlays
mock230: server band: npc [safalaan_wyrd] 16212: `attackrate` is 5 in the band but 4 from the text overlays
mock230: server band: npc [myq6_bridge_defence_portal] 16251: `attackrate` is 6 in the band but 4 from the text overlays
mock230: server band: npc [myq6_bridge_defence_portal_cutscene] 16252: `attackrate` is 6 in the band but 4 from the text overlays
mock230: server band: npc.hitpoints stays text-loaded on 4 record(s) — the band has no wire for it
mock230: server band: npc.attack_anim stays text-loaded on 9 record(s) — the band has no wire for it
mock230: server band: npc.defend_anim stays text-loaded on 8 record(s) — the band has no wire for it
mock230: server band: npc.death_anim stays text-loaded on 9 record(s) — the band has no wire for it
mock230: server band: npc.moverestrict stays text-loaded on 19 record(s) — the band has no wire for it
mock230: server band: npc.nomove stays text-loaded on 17 record(s) — the band has no wire for it
mock230: server band: npc.huntmode stays text-loaded on 66 record(s) — the band has no wire for it
mock230: server band is STALE (0 unreadable, 405 mismatched archive(s)) — text overlays kept; re-run `make -C src mock230-servpack`
mock230: db tables loaded (294 tables, 16449 rows from /Users/matthewevers/Documents/git_repos/3draster/cache.osrs239.summoning; 243 schema(s) installed, 15425 row(s) filled; 246 archive table(s), 16718 archive row(s))
mock230: bank tables loaded (19009 varbits, bank=1410 slots)
mock230: embedded wire osrs239
Dat2SpriteLoadByName: archive 'hitmark' not found in sprites table
mock230: login user='guest' session=ok
mock230: 12945 scripts loaded from /Users/matthewevers/Documents/git_repos/3draster/OSRS-Content/osrs239-content/server/scripts/build_summoning
mock230: stated gap HINT_NPC             (first wanted by [queue,spawn_jungle_demon])
mock230: 3 engine fallback(s) still answer triggers content does not bind
mock230: content binds a trigger over a verb the engine answers itself:
  [opnpc1,doti_backupactor]          takes "Attack" without re-issuing it (P_OPNPC)
mock230: 1 script(s) shadow an engine verb — check each does the engine's job or means not to; this is a review list, not an error
mock230: scene built at zone 402,402 (base 3168,3168 — 8455 locs)
mock230: npc roster 23140 spawn(s), 993 standing, slot_max=993
osrs239 login: OK, local player index 1
textures: sprite-backed system (no materials table)
Failed to load dat2 texture 65535
world_load: 9 chunks, 18 underlays, 33 overlays, 36 textures, 1472 locs, 1052 models, 33 seqs
mock230: osrs239 has no UPDATE_PID -- dropping it (reported once)
mock230: cheat 'summoning_unlock' -> debugproc ran
mock230: cheat 'setlevel summoning 52' -> debugproc not found
mock230: cheat 'summoning_spirit_terrorbird_pouch' -> debugproc ran
mock230: osrs239 has no OBJ_ADD -- dropping it (reported once)
Failed to load dat2 idk 307
spawn_player: element=19359 tile=52,52 level=0
cs2-stub: opcode 7009 has an inherited signature (1,0,0,0) but no implementation — stack balanced, results faked (script 4873 pc 2)
cs2-stub: opcode 7019 has an inherited signature (1,0,0,0) but no implementation — stack balanced, results faked (script 4873 pc 4)
client_layout: mode=1
message_game: Summoning has been unlocked for this account.
message_game: Set stat 24 to 52.
message_game: A Spirit terrorbird pouch has been added to your inventory.
message_game: Welcome to the mock 230 world.
message_game: Click to walk. Right-click an npc to talk.
message_game: Welcome to Lumbridge.
message_game: Goblins east of the river. Guards on the Al Kharid road.
message_game: Try ::style 1 for aggressive, or ::setlevel 2 40 for some strength.
message_game: A crop circle is active near Doric's Hut.
message_game: <col=ff0000>You have unlocked a new music track: Harmony
spawn_npc: npc=2854 element=19360 tile=54,50 level=0 size=1 recolors=1 retextures=0
spawn_npc: npc=3106 element=19361 tile=54,50 level=0 size=1 recolors=4 retextures=0
spawn_npc: npc 6709 unavailable
spawn_npc: npc=4626 element=19362 tile=54,50 level=0 size=1 recolors=6 retextures=0
spawn_npc: npc=3105 element=19363 tile=54,50 level=0 size=1 recolors=6 retextures=0
spawn_npc: npc=3111 element=19364 tile=54,50 level=0 size=1 recolors=3 retextures=0
spawn_npc: npc=2854 element=19365 tile=54,50 level=0 size=1 recolors=1 retextures=0
spawn_npc: npc=3106 element=19366 tile=54,50 level=0 size=1 recolors=4 retextures=0
spawn_npc: npc=3108 element=19367 tile=54,50 level=0 size=1 recolors=2 retextures=0
spawn_npc: npc 6709 unavailable
spawn_npc: npc 7458 unavailable
spawn_npc: npc=5007 element=19368 tile=54,50 level=0 size=1 recolors=0 retextures=0
spawn_npc: npc=6816 element=19369 tile=54,50 level=0 size=1 recolors=3 retextures=0
spawn_npc: npc=3106 element=19370 tile=54,50 level=0 size=1 recolors=4 retextures=0
spawn_npc: npc 317 unavailable
spawn_npc: npc 7457 unavailable
spawn_npc: npc=2854 element=19371 tile=54,50 level=0 size=1 recolors=1 retextures=0
spawn_npc: npc=311 element=19372 tile=54,50 level=0 size=1 recolors=6 retextures=0
spawn_npc: npc=10619 element=19373 tile=54,50 level=0 size=1 recolors=5 retextures=0
spawn_npc: npc=3111 element=19374 tile=54,50 level=0 size=1 recolors=3 retextures=0
spawn_npc: npc=3112 element=19375 tile=54,50 level=0 size=1 recolors=5 retextures=0
spawn_npc: npc=5523 element=19376 tile=54,50 level=0 size=1 recolors=3 retextures=0
spawn_npc: npc 119 unavailable
spawn_npc: npc=3107 element=19377 tile=54,50 level=0 size=1 recolors=3 retextures=0
spawn_npc: npc 6709 unavailable
spawn_npc: npc=2854 element=19378 tile=54,50 level=0 size=1 recolors=1 retextures=0
spawn_npc: npc=2854 element=19379 tile=54,50 level=0 size=1 recolors=1 retextures=0
spawn_npc: npc 6709 unavailable
spawn_npc: npc=921 element=19380 tile=54,50 level=0 size=1 recolors=3 retextures=0
sim_click_at: frame=90 move 540,230 right=1
sim_click_at: released 540,230
sim_click_at: frame=150 move 540,260 right=0
sim_click_at: released 540,260
message_game: You summon a Spirit terrorbird.
message_game: You equip the Bronze kiteshield.
spawn_npc: npc=0 element=19397 tile=54,50 level=0 size=1 recolors=0 retextures=0
sim_click_at: frame=230 move 634,185 right=0
sim_click_at: released 634,185
spawn_npc: npc=306 element=19398 tile=54,50 level=0 size=1 recolors=5 retextures=0
sim_click_at: frame=300 move 677,224 right=0
sim_click_at: released 677,224
sim_click_at: frame=370 move 677,224 right=0
sim_click_at: released 677,224
spawn_npc: npc=2854 element=19399 tile=54,50 level=0 size=1 recolors=1 retextures=0
spawn_npc: npc=2854 element=19400 tile=54,50 level=0 size=1 recolors=1 retextures=0
app: map archives are unencrypted at this revision
app: cache profile epoch=dat2 game=oldschool revision=239 quirks=none
varp load: 5705 types (5705 records, ids 0..5704)
varbit load: 20412 types (19009 records, ids 0..20411)
hitsplat load: 83 types (83 records)
soundscape load: 9 ids (8 records)
RevConfigBuild done: iface=161 ui=- inline=manifest_osrs239.ini tree_components=1070 sprites=0 fonts=0 onloads=6 inv_hooks=0 var_hooks=6 mounts=0
[0] kind=layer widget_type=0 trans=0 fill_mode=0 user_id=0x00a10000 (161<<16|0) static
[34] kind=layer widget_type=0 trans=0 fill_mode=0 user_id=0x00a10022 (161<<16|34) static
  [91] kind=world widget_type=-6 trans=0 fill_mode=0 user_id=0x00a1005b (161<<16|91) static abs=0,0 723x503 hidden=0 ownhide=0
  [92] kind=layer widget_type=0 trans=0 fill_mode=0 user_id=0x00a1005c (161<<16|92) static
    [1] kind=layer widget_type=0 trans=0 fill_mode=0 user_id=0x00a10001 (161<<16|1) static
    [2] kind=layer widget_type=0 trans=0 fill_mode=0 user_id=0x00a10002 (161<<16|2) static
      [0] kind=layer widget_type=0 trans=0 fill_mode=0 user_id=0x012f0000 (303<<16|0) static
        [1] kind=layer widget_type=0 trans=0 fill_mode=0 user_id=0x012f0001 (303<<16|1) static
        [2] kind=layer widget_type=0 trans=0 fill_mode=0 user_id=0x012f0002 (303<<16|2) static
          [3] kind=layer widget_type=0 trans=0 fill_mode=0 user_id=0x012f0003 (303<<16|3) static
        [4] kind=layer widget_type=0 trans=0 fill_mode=0 user_id=0x012f0004 (303<<16|4) static
          [5] kind=layer widget_type=0 trans=0 fill_mode=0 user_id=0x012f0005 (303<<16|5) static
            [6] kind=rectangle widget_type=3 trans=255 fill_mode=0 user_id=0x012f0006 (303<<16|6) static abs=1,1 148x40 hidden=1 ownhide=0
            [7] kind=graphic widget_type=5 trans=255 fill_mode=0 user_id=0x012f0007 (303<<16|7) static graphic=897 abs=2,2 146x38 hidden=1 ownhide=0
            [8] kind=layer widget_type=0 trans=0 fill_mode=0 user_id=0x012f0008 (303<<16|8) static
              [9] kind=text widget_type=4 trans=0 fill_mode=0 user_id=0x012f0009 (303<<16|9) static font=494 color=0xff981f text="-" abs=8,2 134x19 hidden=1 ownhide=0
            [10] kind=layer widget_type=0 trans=0 fill_mode=0 user_id=0x012f000a (303<<16|10) static
              [11] kind=rectangle widget_type=3 trans=255 fill_mode=0 user_id=0x012f000b (303<<16|11) static abs=4,19 142x19 hidden=1 ownhide=0
              [12] kind=layer widget_type=0 trans=0 fill_mode=0 user_id=0x012f000c (303<<16|12) static
                [13] kind=rectangle widget_type=3 trans=255 fill_mode=0 user_id=0x012f000d (303<<16|13) static abs=5,20 140x17 hidden=1 ownhide=0
                [14] kind=rectangle widget_type=3 trans=255 fill_mode=0 user_id=0x012f000e (303<<16|14) static abs=5,20 140x17 hidden=1 ownhide=0
                [15] kind=rectangle widget_type=3 trans=255 fill_mode=0 user_id=0x012f000f (303<<16|15) static abs=5,20 140x17 hidden=1 ownhide=0
              [16] kind=rectangle widget_type=3 trans=255 fill_mode=0 user_id=0x012f0010 (303<<16|16) static abs=4,20 2x17 hidden=1 ownhide=1
              [17] kind=rectangle widget_type=3 trans=255 fill_mode=0 user_id=0x012f0011 (303<<16|17) static abs=4,20 2x17 hidden=1 ownhide=1
              [18] kind=graphic widget_type=5 trans=255 fill_mode=0 user_id=0x012f0012 (303<<16|18) static graphic=2516 abs=3,20 3x17 hidden=1 ownhide=1
              [19] kind=graphic widget_type=5 trans=255 fill_mode=0 user_id=0x012f0013 (303<<16|19) static graphic=2517 abs=144,20 3x17 hidden=1 ownhide=1
              [20] kind=text widget_type=4 trans=0 fill_mode=0 user_id=0x012f0014 (303<<16|20) static font=494 color=0xeaeaea text="- / -" abs=3,19 144x21 hidden=1 ownhide=0
    [3] kind=layer widget_type=0 trans=0 fill_mode=0 user_id=0x00a10003 (161<<16|3) static
      [0] kind=layer widget_type=0 trans=0 fill_mode=0 user_id=0x005a0000 (90<<16|0) static
        [1] kind=rectangle widget_type=3 trans=255 fill_mode=0 user_id=0x005a0001 (90<<16|1) static abs=0,0 765x301 hidden=1 ownhide=1
        [2] kind=layer widget_type=0 trans=0 fill_mode=0 user_id=0x005a0002 (90<<16|2) static
          [3] kind=layer widget_type=0 trans=0 fill_mode=0 user_id=0x005a0003 (90<<16|3) static
            [4] kind=layer widget_type=0 trans=0 fill_mode=0 user_id=0x005a0004 (90<<16|4) static
              [5] kind=layer widget_type=0 trans=0 fill_mode=0 user_id=0x005a0005 (90<<16|5) static
                [6] kind=layer widget_type=0 trans=0 fill_mode=0 user_id=0x005a0006 (90<<16|6) static
                  [0] kind=graphic widget_type=5 trans=0 fill_mode=0 user_id=0x005aaa6a (90<<16|43626) dynamic graphic=1240 abs=504,4 11x11 hidden=1 ownhide=0
                [7] kind=layer widget_type=0 trans=0 fill_mode=0 user_id=0x005a0007 (90<<16|7) static
                  [0] kind=rectangle widget_type=3 trans=0 fill_mode=0 user_id=0x005aaa68 (90<<16|43624) dynamic abs=330,4 185x46 hidden=1 ownhide=0
                  [1] kind=rectangle widget_type=3 trans=0 fill_mode=0 user_id=0x005aaa69 (90<<16|43625) dynamic abs=331,5 183x44 hidden=1 ownhide=0
                  [8] kind=layer widget_type=0 trans=0 fill_mode=0 user_id=0x005a0008 (90<<16|8) static
                    [9] kind=text widget_type=4 trans=0 fill_mode=0 user_id=0x005a0009 (90<<16|9) static font=495 color=0xff4747 text="0:00" abs=388,32 122x13 hidden=1 ownhide=1
                    [10] kind=text widget_type=4 trans=0 fill_mode=0 user_id=0x005a000a (90<<16|10) static font=494 color=0xffffff text="<col=ff9040>Pile-jumping immunity:</col>" abs=388,20 122x13 hidden=1 ownhide=1
                  [11] kind=graphic widget_type=5 trans=150 fill_mode=0 user_id=0x005a000b (90<<16|11) static graphic=297 abs=332,6 181x42 hidden=1 ownhide=0
                  [12] kind=graphic widget_type=5 trans=0 fill_mode=0 user_id=0x005a000c (90<<16|12) static graphic=442 abs=362,21 25x25 hidden=1 ownhide=1
                  [13] kind=graphic widget_type=5 trans=0 fill_mode=0 user_id=0x005a000d (90<<16|13) static graphic=2165 abs=332,26 13x13 hidden=1 ownhide=0
                  [14] kind=text widget_type=4 trans=0 fill_mode=0 user_id=0x005a000e (90<<16|14) static font=494 color=0xffffff text="---" abs=347,28 34x11 hidden=1 ownhide=0
                  [15] kind=text widget_type=4 trans=0 fill_mode=0 user_id=0x005a000f (90<<16|15) static font=495 color=0xff981f text="" abs=330,6 185x15 hidden=1 ownhide=0
                  [16] kind=graphic widget_type=5 trans=0 fill_mode=0 user_id=0x005a0010 (90<<16|16) static graphic=1364 abs=497,3 16x16 hidden=1 ownhide=1
                  [17] kind=layer widget_type=0 trans=0 fill_mode=0 user_id=0x005a0011 (90<<16|17) static
                    [0] kind=graphic widget_type=5 trans=0 fill_mode=0 user_id=0x005aaa6b (90<<16|43627) dynamic graphic=1240 abs=333,7 11x11 hidden=1 ownhide=0
            [18] kind=layer widget_type=0 trans=0 fill_mode=0 user_id=0x005a0012 (90<<16|18) static
              [19] kind=layer widget_type=0 trans=0 fill_mode=0 user_id=0x005a0013 (90<<16|19) static
                [20] kind=layer widget_type=0 trans=0 fill_mode=0 user_id=0x005a0014 (90<<16|20) static
                  [21] kind=layer widget_type=0 trans=0 fill_mode=0 user_id=0x005a0015 (90<<16|21) static
                    [22] kind=rectangle widget_type=3 trans=185 fill_mode=0 user_id=0x005a0016 (90<<16|22) static abs=114,38 216x56 hidden=1 ownhide=0
                    [23] kind=rectangle widget_type=3 trans=170 fill_mode=0 user_id=0x005a0017 (90<<16|23) static abs=112,36 220x60 hidden=1 ownhide=0
                    [24] kind=text widget_type=4 trans=0 fill_mode=0 user_id=0x005a0018 (90<<16|24) static font=497 color=0xffffff text="" abs=79,41 286x50 hidden=1 ownhide=0
            [25] kind=layer widget_type=0 trans=0 fill_mode=0 user_id=0x005a0019 (90<<16|25) static
              [26] kind=layer widget_type=0 trans=0 fill_mode=0 user_id=0x005a001a (90<<16|26) static
                [0] kind=text widget_type=4 trans=0 fill_mode=0 user_id=0x005aaa67 (90<<16|43623) dynamic font=494 color=0xffff00 text="" abs=4,6 200x32 hidden=0 ownhide=0
            [27] kind=layer widget_type=0 trans=0 fill_mode=0 user_id=0x005a001b (90<<16|27) static
              [28] kind=layer widget_type=0 trans=0 fill_mode=0 user_id=0x005a001c (90<<16|28) static
                [29] kind=rectangle widget_type=3 trans=185 fill_mode=0 user_id=0x005a001d (90<<16|29) static abs=377,6 136x15 hidden=1 ownhide=0
                [30] kind=rectangle widget_type=3 trans=170 fill_mode=0 user_id=0x005a001e (90<<16|30) static abs=375,4 140x19 hidden=1 ownhide=0
                [31] kind=text widget_type=4 trans=0 fill_mode=0 user_id=0x005a001f (90<<16|31) static font=494 color=0xffffff text="Players Remaining:" abs=378,6 98x15 hidden=1 ownhide=0
                [32] kind=text widget_type=4 trans=0 fill_mode=0 user_id=0x005a0020 (90<<16|32) static font=494 color=0xffffff text="2000" abs=475,6 40x15 hidden=1 ownhide=0
                [33] kind=layer widget_type=0 trans=0 fill_mode=0 user_id=0x005a0021 (90<<16|33) static
                  [34] kind=rectangle widget_type=3 trans=185 fill_mode=0 user_id=0x005a0022 (90<<16|34) static abs=377,73 136x45 hidden=1 ownhide=0
                  [35] kind=rectangle widget_type=3 trans=170 fill_mode=0 user_id=0x005a0023 (90<<16|35) static abs=375,71 140x49 hidden=1 ownhide=0
                  [36] kind=text widget_type=4 trans=0 fill_mode=0 user_id=0x005a0024 (90<<16|36) static font=494 color=0xffffff text="5:00" abs=378,78 134x15 hidden=1 ownhide=0
                  [37] kind=text widget_type=4 trans=0 fill_mode=0 user_id=0x005a0025 (90<<16|37) static font=494 color=0xffffff text="When the timer hits 0:00 YOU'LL DIE -  Get to safety" abs=378,88 134x30 hidden=1 ownhide=0
                [38] kind=layer widget_type=0 trans=0 fill_mode=0 user_id=0x005a0026 (90<<16|38) static
                  [39] kind=rectangle widget_type=3 trans=185 fill_mode=0 user_id=0x005a0027 (90<<16|39) static abs=377,27 136x40 hidden=1 ownhide=0
                  [40] kind=rectangle widget_type=3 trans=170 fill_mode=0 user_id=0x005a0028 (90<<16|40) static abs=375,25 140x44 hidden=1 ownhide=0
                  [41] kind=text widget_type=4 trans=0 fill_mode=0 user_id=0x005a0029 (90<<16|41) static font=494 color=0xffffff text="Final Safe Area:" abs=378,27 134x15 hidden=1 ownhide=0
                  [42] kind=text widget_type=4 trans=0 fill_mode=0 user_id=0x005a002a (90<<16|42) static font=494 color=0xffff00 text="North of Daimon's Crater" abs=378,44 134x20 hidden=1 ownhide=0
          [43] kind=layer widget_type=0 trans=0 fill_mode=0 user_id=0x005a002b (90<<16|43) static
            [44] kind=layer widget_type=0 trans=0 fill_mode=0 user_id=0x005a002c (90<<16|44) static
              [45] kind=layer widget_type=0 trans=0 fill_mode=0 user_id=0x005a002d (90<<16|45) static
                [46] kind=graphic widget_type=5 trans=0 fill_mode=0 user_id=0x005a002e (90<<16|46) static graphic=1046 abs=684,170 25x25 hidden=0 ownhide=0
                [47] kind=graphic widget_type=5 trans=0 fill_mode=0 user_id=0x005a002f (90<<16|47) static graphic=1047 abs=684,170 25x25 hidden=0 ownhide=0
              [48] kind=graphic widget_type=5 trans=255 fill_mode=0 user_id=0x005a0030 (90<<16|48) static graphic=1728 abs=709,160 7x18 hidden=0 ownhide=0
              [49] kind=text widget_type=4 trans=0 fill_mode=0 user_id=0x005a0031 (90<<16|49) static font=494 color=0xff981f text="3-0" abs=658,197 78x15 hidden=1 ownhide=1
              [50] kind=text widget_type=4 trans=0 fill_mode=0 user_id=0x005a0032 (90<<16|50) static font=495 color=0xffff00 text="" abs=658,198 78x16 hidden=0 ownhide=0
              [51] kind=text widget_type=4 trans=0 fill_mode=0 user_id=0x005a0033 (90<<16|51) static font=495 color=0xffffff text="" abs=658,215 78x15 hidden=1 ownhide=1
              [52] kind=text widget_type=4 trans=0 fill_mode=0 user_id=0x005a0034 (90<<16|52) static font=494 color=0xff0000 text="" abs=658,197 78x15 hidden=1 ownhide=1
              [53] kind=text widget_type=4 trans=0 fill_mode=0 user_id=0x005a0035 (90<<16|53) static font=494 color=0xff981f text="" abs=658,214 78x16 hidden=0 ownhide=0
          [54] kind=layer widget_type=0 trans=0 fill_mode=0 user_id=0x005a0036 (90<<16|54) static
    [4] kind=layer widget_type=0 trans=0 fill_mode=0 user_id=0x00a10004 (161<<16|4) static
      [11] kind=layer widget_type=0 trans=0 fill_mode=0 user_id=0x00a1000b (161<<16|11) static
        [12] kind=layer widget_type=0 trans=0 fill_mode=0 user_id=0x00a1000c (161<<16|12) static
    [5] kind=layer widget_type=0 trans=0 fill_mode=0 user_id=0x00a10005 (161<<16|5) static
      [0] kind=layer widget_type=0 trans=0 fill_mode=0 user_id=0x02c40000 (708<<16|0) static
        [1] kind=layer widget_type=0 trans=0 fill_mode=0 user_id=0x02c40001 (708<<16|1) static
          [3] kind=layer widget_type=0 trans=0 fill_mode=0 user_id=0x02c40003 (708<<16|3) static
            [5] kind=layer widget_type=0 trans=0 fill_mode=0 user_id=0x02c40005 (708<<16|5) static
              [0] kind=graphic widget_type=5 trans=100 fill_mode=0 user_id=0x02c4aa4d (708<<16|43597) dynamic graphic=297 abs=3,301 4x35 hidden=0 ownhide=0
              [1] kind=rectangle widget_type=3 trans=75 fill_mode=0 user_id=0x02c4aa4e (708<<16|43598) dynamic abs=3,334 4x0 hidden=0 ownhide=0
              [2] kind=graphic widget_type=5 trans=100 fill_mode=0 user_id=0x02c4aa4f (708<<16|43599) dynamic graphic=297 abs=7,301 4x35 hidden=0 ownhide=0
              [3] kind=rectangle widget_type=3 trans=75 fill_mode=0 user_id=0x02c4aa50 (708<<16|43600) dynamic abs=7,334 4x0 hidden=1 ownhide=1
              [4] kind=rectangle widget_type=3 trans=0 fill_mode=0 user_id=0x02c4aa51 (708<<16|43601) dynamic abs=2,301 11x35 hidden=0 ownhide=0
              [5] kind=rectangle widget_type=3 trans=0 fill_mode=0 user_id=0x02c4aa52 (708<<16|43602) dynamic abs=2,301 10x34 hidden=0 ownhide=0
            [6] kind=layer widget_type=0 trans=0 fill_mode=0 user_id=0x02c40006 (708<<16|6) static
              [0] kind=graphic widget_type=5 trans=100 fill_mode=0 user_id=0x02c4b92c (708<<16|47404) dynamic graphic=297 abs=13,301 35x35 hidden=0 ownhide=0
              [1] kind=graphic widget_type=5 trans=0 fill_mode=0 user_id=0x02c4b92d (708<<16|47405) dynamic graphic=229 abs=17,304 26x26 hidden=0 ownhide=0
              [2] kind=rectangle widget_type=3 trans=153 fill_mode=0 user_id=0x02c4b92e (708<<16|47406) dynamic abs=13,320 35x16 hidden=0 ownhide=0
              [3] kind=text widget_type=4 trans=0 fill_mode=0 user_id=0x02c4b92f (708<<16|47407) dynamic font=495 color=0xff8888 text="46" abs=13,322 35x12 hidden=0 ownhide=0
              [4] kind=rectangle widget_type=3 trans=0 fill_mode=0 user_id=0x02c4b930 (708<<16|47408) dynamic abs=13,301 35x35 hidden=0 ownhide=0
              [5] kind=rectangle widget_type=3 trans=0 fill_mode=0 user_id=0x02c4b931 (708<<16|47409) dynamic abs=13,301 34x34 hidden=0 ownhide=0
          [4] kind=layer widget_type=0 trans=0 fill_mode=0 user_id=0x02c40004 (708<<16|4) static
        [2] kind=layer widget_type=0 trans=0 fill_mode=0 user_id=0x02c40002 (708<<16|2) static
    [6] kind=layer widget_type=0 trans=0 fill_mode=0 user_id=0x00a10006 (161<<16|6) static
      [0] kind=layer widget_type=0 trans=0 fill_mode=0 user_id=0x028b0000 (651<<16|0) static
        [1] kind=layer widget_type=0 trans=0 fill_mode=0 user_id=0x028b0001 (651<<16|1) static
          [3] kind=layer widget_type=0 trans=0 fill_mode=0 user_id=0x028b0003 (651<<16|3) static
            [4] kind=layer widget_type=0 trans=0 fill_mode=0 user_id=0x028b0004 (651<<16|4) static
            [6] kind=layer widget_type=0 trans=0 fill_mode=0 user_id=0x028b0006 (651<<16|6) static
          [5] kind=layer widget_type=0 trans=0 fill_mode=0 user_id=0x028b0005 (651<<16|5) static
        [2] kind=layer widget_type=0 trans=0 fill_mode=0 user_id=0x028b0002 (651<<16|2) static
    [7] kind=layer widget_type=0 trans=0 fill_mode=0 user_id=0x00a10007 (161<<16|7) static
      [8] kind=layer widget_type=0 trans=0 fill_mode=0 user_id=0x00a10008 (161<<16|8) static
      [9] kind=layer widget_type=0 trans=0 fill_mode=0 user_id=0x00a10009 (161<<16|9) static
      [10] kind=layer widget_type=0 trans=0 fill_mode=0 user_id=0x00a1000a (161<<16|10) static
    [13] kind=layer widget_type=0 trans=0 fill_mode=0 user_id=0x00a1000d (161<<16|13) static
  [93] kind=layer widget_type=0 trans=0 fill_mode=0 user_id=0x00a1005d (161<<16|93) static
    [0] kind=layer widget_type=0 trans=0 fill_mode=0 user_id=0x00a30000 (163<<16|0) static
      [0] kind=text widget_type=4 trans=0 fill_mode=0 user_id=0x00a3aa53 (163<<16|43603) dynamic font=495 color=0xffff text="" abs=0,0 0x0 hidden=1 ownhide=1
      [1] kind=text widget_type=4 trans=0 fill_mode=0 user_id=0x00a3aa54 (163<<16|43604) dynamic font=495 color=0xffff text="" abs=0,0 0x0 hidden=1 ownhide=1
      [2] kind=text widget_type=4 trans=0 fill_mode=0 user_id=0x00a3aa55 (163<<16|43605) dynamic font=495 color=0xffff text="" abs=0,0 0x0 hidden=1 ownhide=1
      [3] kind=graphic widget_type=5 trans=0 fill_mode=0 user_id=0x00a3aa56 (163<<16|43606) dynamic graphic=-1 abs=0,0 0x0 hidden=1 ownhide=1
      [4] kind=text widget_type=4 trans=0 fill_mode=0 user_id=0x00a3aa57 (163<<16|43607) dynamic font=495 color=0xffff text="" abs=0,0 0x0 hidden=1 ownhide=1
      [5] kind=text widget_type=4 trans=0 fill_mode=0 user_id=0x00a3aa58 (163<<16|43608) dynamic font=495 color=0xffff text="" abs=0,0 0x0 hidden=1 ownhide=1
      [6] kind=text widget_type=4 trans=0 fill_mode=0 user_id=0x00a3aa59 (163<<16|43609) dynamic font=495 color=0xffff text="" abs=0,0 0x0 hidden=1 ownhide=1
      [7] kind=graphic widget_type=5 trans=0 fill_mode=0 user_id=0x00a3aa5a (163<<16|43610) dynamic graphic=-1 abs=0,0 0x0 hidden=1 ownhide=1
      [8] kind=text widget_type=4 trans=0 fill_mode=0 user_id=0x00a3aa5b (163<<16|43611) dynamic font=495 color=0xffff text="" abs=0,0 0x0 hidden=1 ownhide=1
      [9] kind=text widget_type=4 trans=0 fill_mode=0 user_id=0x00a3aa5c (163<<16|43612) dynamic font=495 color=0xffff text="" abs=0,0 0x0 hidden=1 ownhide=1
      [10] kind=text widget_type=4 trans=0 fill_mode=0 user_id=0x00a3aa5d (163<<16|43613) dynamic font=495 color=0xffff text="" abs=0,0 0x0 hidden=1 ownhide=1
      [11] kind=graphic widget_type=5 trans=0 fill_mode=0 user_id=0x00a3aa5e (163<<16|43614) dynamic graphic=-1 abs=0,0 0x0 hidden=1 ownhide=1
      [12] kind=text widget_type=4 trans=0 fill_mode=0 user_id=0x00a3aa5f (163<<16|43615) dynamic font=495 color=0xffff text="" abs=0,0 0x0 hidden=1 ownhide=1
      [13] kind=text widget_type=4 trans=0 fill_mode=0 user_id=0x00a3aa60 (163<<16|43616) dynamic font=495 color=0xffff text="" abs=0,0 0x0 hidden=1 ownhide=1
      [14] kind=text widget_type=4 trans=0 fill_mode=0 user_id=0x00a3aa61 (163<<16|43617) dynamic font=495 color=0xffff text="" abs=0,0 0x0 hidden=1 ownhide=1
      [15] kind=graphic widget_type=5 trans=0 fill_mode=0 user_id=0x00a3aa62 (163<<16|43618) dynamic graphic=-1 abs=0,0 0x0 hidden=1 ownhide=1
      [16] kind=text widget_type=4 trans=0 fill_mode=0 user_id=0x00a3aa63 (163<<16|43619) dynamic font=495 color=0xffff text="" abs=0,0 0x0 hidden=1 ownhide=1
      [17] kind=text widget_type=4 trans=0 fill_mode=0 user_id=0x00a3aa64 (163<<16|43620) dynamic font=495 color=0xffff text="" abs=0,0 0x0 hidden=1 ownhide=1
      [18] kind=text widget_type=4 trans=0 fill_mode=0 user_id=0x00a3aa65 (163<<16|43621) dynamic font=495 color=0xffff text="" abs=0,0 0x0 hidden=1 ownhide=1
      [19] kind=graphic widget_type=5 trans=0 fill_mode=0 user_id=0x00a3aa66 (163<<16|43622) dynamic graphic=-1 abs=0,0 0x0 hidden=1 ownhide=1
      [1] kind=text widget_type=4 trans=0 fill_mode=0 user_id=0x00a30001 (163<<16|1) static font=495 color=0xffff text="" abs=0,503 0x0 hidden=1 ownhide=1
      [2] kind=text widget_type=4 trans=0 fill_mode=0 user_id=0x00a30002 (163<<16|2) static font=495 color=0xffff text="" abs=0,503 0x0 hidden=1 ownhide=1
      [3] kind=text widget_type=4 trans=0 fill_mode=0 user_id=0x00a30003 (163<<16|3) static font=495 color=0xffff text="" abs=0,503 0x0 hidden=1 ownhide=1
      [4] kind=text widget_type=4 trans=0 fill_mode=0 user_id=0x00a30004 (163<<16|4) static font=495 color=0xffff text="" abs=0,503 0x0 hidden=1 ownhide=1
      [5] kind=text widget_type=4 trans=0 fill_mode=0 user_id=0x00a30005 (163<<16|5) static font=495 color=0xffff text="" abs=0,503 0x0 hidden=1 ownhide=1
  [94] kind=layer widget_type=0 trans=0 fill_mode=0 user_id=0x00a1005e (161<<16|94) static
    [14] kind=layer widget_type=0 trans=0 fill_mode=0 user_id=0x00a1000e (161<<16|14) static
    [15] kind=layer widget_type=0 trans=0 fill_mode=0 user_id=0x00a1000f (161<<16|15) static
      [16] kind=layer widget_type=0 trans=0 fill_mode=0 user_id=0x00a10010 (161<<16|16) static
      [17] kind=layer widget_type=0 trans=0 fill_mode=0 user_id=0x00a10011 (161<<16|17) static
      [18] kind=layer widget_type=0 trans=0 fill_mode=0 user_id=0x00a10012 (161<<16|18) static
      [19] kind=layer widget_type=0 trans=0 fill_mode=0 user_id=0x00a10013 (161<<16|19) static
    [20] kind=graphic widget_type=5 trans=0 fill_mode=0 user_id=0x00a10014 (161<<16|20) static graphic=442 abs=725,170 25x25 hidden=1 ownhide=1
    [21] kind=layer widget_type=0 trans=0 fill_mode=0 user_id=0x00a10015 (161<<16|21) static
      [0] kind=graphic widget_type=5 trans=0 fill_mode=0 user_id=0x00a18002 (161<<16|32770) dynamic graphic=2507 abs=667,179 13x13 hidden=1 ownhide=1
      [1] kind=text widget_type=4 trans=0 fill_mode=0 user_id=0x00a18003 (161<<16|32771) dynamic font=494 color=0x0 text="" abs=659,178 30x25 hidden=1 ownhide=1
  [95] kind=layer widget_type=0 trans=0 fill_mode=0 user_id=0x00a1005f (161<<16|95) static
    [22] kind=layer widget_type=0 trans=0 fill_mode=0 user_id=0x00a10016 (161<<16|22) static
      [23] kind=layer widget_type=0 trans=0 fill_mode=0 user_id=0x00a10017 (161<<16|23) static
      [24] kind=layer widget_type=0 trans=0 fill_mode=0 user_id=0x00a10018 (161<<16|24) static
      [25] kind=layer widget_type=0 trans=0 fill_mode=0 user_id=0x00a10019 (161<<16|25) static
      [26] kind=layer widget_type=0 trans=0 fill_mode=0 user_id=0x00a1001a (161<<16|26) static
      [27] kind=layer widget_type=0 trans=0 fill_mode=0 user_id=0x00a1001b (161<<16|27) static
      [28] kind=layer widget_type=0 trans=0 fill_mode=0 user_id=0x00a1001c (161<<16|28) static
      [29] kind=compass widget_type=-1 trans=0 fill_mode=0 user_id=0x00a1001d (161<<16|29) static abs=546,5 35x35 hidden=0 ownhide=0
      [30] kind=minimap widget_type=-2 trans=0 fill_mode=0 user_id=0x00a1001e (161<<16|30) static abs=565,8 152x152 hidden=0 ownhide=0
      [31] kind=layer widget_type=0 trans=0 fill_mode=0 user_id=0x00a1001f (161<<16|31) static
        [0] kind=text widget_type=4 trans=0 fill_mode=0 user_id=0x00a18000 (161<<16|32768) dynamic font=0 color=0x0 text="" abs=544,3 36x36 hidden=0 ownhide=0
        [1] kind=text widget_type=4 trans=0 fill_mode=0 user_id=0x00a18001 (161<<16|32769) dynamic font=0 color=0x0 text="" abs=544,3 36x36 hidden=0 ownhide=0
      [32] kind=graphic widget_type=5 trans=0 fill_mode=0 user_id=0x00a10020 (161<<16|32) static graphic=1177 abs=541,0 182x166 hidden=0 ownhide=0
    [33] kind=layer widget_type=0 trans=0 fill_mode=0 user_id=0x00a10021 (161<<16|33) static
      [0] kind=layer widget_type=0 trans=0 fill_mode=0 user_id=0x00a00000 (160<<16|0) static
        [1] kind=layer widget_type=0 trans=0 fill_mode=0 user_id=0x00a00001 (160<<16|1) static
          [0] kind=graphic widget_type=5 trans=0 fill_mode=0 user_id=0x00a0b92b (160<<16|47403) dynamic graphic=-1 abs=512,10 0x0 hidden=1 ownhide=1
        [6] kind=graphic widget_type=5 trans=0 fill_mode=0 user_id=0x00a00006 (160<<16|6) static graphic=1196 abs=512,27 27x27 hidden=0 ownhide=0
        [7] kind=layer widget_type=0 trans=0 fill_mode=0 user_id=0x00a00007 (160<<16|7) static
          [8] kind=graphic widget_type=5 trans=0 fill_mode=0 user_id=0x00a00008 (160<<16|8) static graphic=1071 abs=512,47 57x34 hidden=0 ownhide=0
          [9] kind=layer widget_type=0 trans=0 fill_mode=0 user_id=0x00a00009 (160<<16|9) static
          [10] kind=text widget_type=4 trans=0 fill_mode=0 user_id=0x00a0000a (160<<16|10) static font=494 color=0xff00 text="10" abs=516,63 23x13 hidden=0 ownhide=0
          [11] kind=graphic widget_type=5 trans=25 fill_mode=0 user_id=0x00a0000b (160<<16|11) static graphic=1060 abs=539,51 26x26 hidden=0 ownhide=0
          [12] kind=layer widget_type=0 trans=0 fill_mode=0 user_id=0x00a0000c (160<<16|12) static
            [13] kind=graphic widget_type=5 trans=0 fill_mode=0 user_id=0x00a0000d (160<<16|13) static graphic=1061 abs=539,51 26x26 hidden=1 ownhide=0
          [14] kind=layer widget_type=0 trans=0 fill_mode=0 user_id=0x00a0000e (160<<16|14) static
            [15] kind=graphic widget_type=5 trans=0 fill_mode=0 user_id=0x00a0000f (160<<16|15) static graphic=1059 abs=539,51 26x26 hidden=0 ownhide=0
          [16] kind=layer widget_type=0 trans=0 fill_mode=0 user_id=0x00a00010 (160<<16|16) static
          [17] kind=graphic widget_type=5 trans=0 fill_mode=0 user_id=0x00a00011 (160<<16|17) static graphic=1067 abs=539,51 26x26 hidden=0 ownhide=0
        [18] kind=layer widget_type=0 trans=0 fill_mode=0 user_id=0x00a00012 (160<<16|18) static
          [19] kind=graphic widget_type=5 trans=0 fill_mode=0 user_id=0x00a00013 (160<<16|19) static graphic=1071 abs=512,81 57x34 hidden=0 ownhide=0
          [20] kind=layer widget_type=0 trans=0 fill_mode=0 user_id=0x00a00014 (160<<16|20) static
          [21] kind=text widget_type=4 trans=0 fill_mode=0 user_id=0x00a00015 (160<<16|21) static font=494 color=0xff00 text="1" abs=516,97 23x13 hidden=0 ownhide=0
          [22] kind=graphic widget_type=5 trans=25 fill_mode=0 user_id=0x00a00016 (160<<16|22) static graphic=1063 abs=539,85 26x26 hidden=0 ownhide=0
          [23] kind=layer widget_type=0 trans=0 fill_mode=0 user_id=0x00a00017 (160<<16|23) static
            [24] kind=graphic widget_type=5 trans=0 fill_mode=0 user_id=0x00a00018 (160<<16|24) static graphic=1059 abs=539,85 26x26 hidden=0 ownhide=0
          [25] kind=graphic widget_type=5 trans=0 fill_mode=0 user_id=0x00a00019 (160<<16|25) static graphic=1068 abs=539,85 26x26 hidden=0 ownhide=0
        [26] kind=layer widget_type=0 trans=0 fill_mode=0 user_id=0x00a0001a (160<<16|26) static
          [27] kind=graphic widget_type=5 trans=0 fill_mode=0 user_id=0x00a0001b (160<<16|27) static graphic=1071 abs=522,113 57x34 hidden=0 ownhide=0
          [28] kind=layer widget_type=0 trans=0 fill_mode=0 user_id=0x00a0001c (160<<16|28) static
          [29] kind=text widget_type=4 trans=0 fill_mode=0 user_id=0x00a0001d (160<<16|29) static font=494 color=0xff00 text="100" abs=526,129 23x13 hidden=0 ownhide=0
          [30] kind=graphic widget_type=5 trans=25 fill_mode=0 user_id=0x00a0001e (160<<16|30) static graphic=1064 abs=549,117 26x26 hidden=0 ownhide=0
          [31] kind=layer widget_type=0 trans=0 fill_mode=0 user_id=0x00a0001f (160<<16|31) static
            [32] kind=graphic widget_type=5 trans=0 fill_mode=0 user_id=0x00a00020 (160<<16|32) static graphic=1059 abs=549,117 26x26 hidden=0 ownhide=0
          [33] kind=graphic widget_type=5 trans=0 fill_mode=0 user_id=0x00a00021 (160<<16|33) static graphic=1069 abs=549,117 26x26 hidden=0 ownhide=0
        [34] kind=layer widget_type=0 trans=0 fill_mode=0 user_id=0x00a00022 (160<<16|34) static
          [35] kind=graphic widget_type=5 trans=0 fill_mode=0 user_id=0x00a00023 (160<<16|35) static graphic=1071 abs=544,138 57x34 hidden=0 ownhide=0
          [36] kind=layer widget_type=0 trans=0 fill_mode=0 user_id=0x00a00024 (160<<16|36) static
          [37] kind=text widget_type=4 trans=0 fill_mode=0 user_id=0x00a00025 (160<<16|37) static font=494 color=0xff00 text="100" abs=548,154 23x13 hidden=0 ownhide=0
          [38] kind=graphic widget_type=5 trans=50 fill_mode=0 user_id=0x00a00026 (160<<16|38) static graphic=1064 abs=571,142 26x26 hidden=0 ownhide=0
          [39] kind=layer widget_type=0 trans=0 fill_mode=0 user_id=0x00a00027 (160<<16|39) static
            [40] kind=graphic widget_type=5 trans=0 fill_mode=0 user_id=0x00a00028 (160<<16|40) static graphic=1059 abs=571,142 26x26 hidden=0 ownhide=0
          [41] kind=layer widget_type=0 trans=0 fill_mode=0 user_id=0x00a00029 (160<<16|41) static
          [42] kind=graphic widget_type=5 trans=0 fill_mode=0 user_id=0x00a0002a (160<<16|42) static graphic=1610 abs=571,142 26x26 hidden=0 ownhide=0
        [43] kind=layer widget_type=0 trans=0 fill_mode=0 user_id=0x00a0002b (160<<16|43) static
          [44] kind=graphic widget_type=5 trans=0 fill_mode=0 user_id=0x00a0002c (160<<16|44) static graphic=2138 abs=597,153 34x34 hidden=1 ownhide=1
          [45] kind=graphic widget_type=5 trans=25 fill_mode=0 user_id=0x00a0002d (160<<16|45) static graphic=1609 abs=601,157 26x26 hidden=1 ownhide=1
          [46] kind=layer widget_type=0 trans=0 fill_mode=0 user_id=0x00a0002e (160<<16|46) static
          [47] kind=graphic widget_type=5 trans=0 fill_mode=0 user_id=0x00a0002f (160<<16|47) static graphic=1668 abs=601,157 26x26 hidden=1 ownhide=1
        [48] kind=layer widget_type=0 trans=0 fill_mode=0 user_id=0x00a00030 (160<<16|48) static
          [2] kind=graphic widget_type=5 trans=0 fill_mode=0 user_id=0x00a00002 (160<<16|2) static graphic=2138 abs=566,173 34x34 hidden=1 ownhide=1
          [3] kind=graphic widget_type=5 trans=0 fill_mode=0 user_id=0x00a00003 (160<<16|3) static graphic=4547 abs=570,177 26x26 hidden=1 ownhide=1
          [4] kind=layer widget_type=0 trans=0 fill_mode=0 user_id=0x00a00004 (160<<16|4) static
          [5] kind=graphic widget_type=5 trans=0 fill_mode=0 user_id=0x00a00005 (160<<16|5) static graphic=3018 abs=570,177 26x26 hidden=1 ownhide=1
        [49] kind=layer widget_type=0 trans=0 fill_mode=0 user_id=0x00a00031 (160<<16|49) static
          [54] kind=graphic widget_type=5 trans=0 fill_mode=0 user_id=0x00a00036 (160<<16|54) static graphic=1438 abs=689,125 30x30 hidden=0 ownhide=0
          [55] kind=graphic widget_type=5 trans=0 fill_mode=0 user_id=0x00a00037 (160<<16|55) static graphic=1439 abs=693,129 22x22 hidden=0 ownhide=0
          [56] kind=layer widget_type=0 trans=0 fill_mode=0 user_id=0x00a00038 (160<<16|56) static
        [50] kind=layer widget_type=0 trans=0 fill_mode=0 user_id=0x00a00032 (160<<16|50) static
          [52] kind=layer widget_type=0 trans=0 fill_mode=0 user_id=0x00a00034 (160<<16|52) static
            [53] kind=graphic widget_type=5 trans=0 fill_mode=0 user_id=0x00a00035 (160<<16|53) static graphic=2420 abs=679,155 40x14 hidden=0 ownhide=0
        [51] kind=layer widget_type=0 trans=0 fill_mode=0 user_id=0x00a00033 (160<<16|51) static
        [57] kind=layer widget_type=0 trans=0 fill_mode=0 user_id=0x00a00039 (160<<16|57) static
          [58] kind=graphic widget_type=5 trans=0 fill_mode=0 user_id=0x00a0003a (160<<16|58) static graphic=20001 abs=601,138 57x34 hidden=0 ownhide=0
          [59] kind=graphic widget_type=5 trans=0 fill_mode=0 user_id=0x00a0003b (160<<16|59) static graphic=20002 abs=602,139 31x31 hidden=0 ownhide=0
          [60] kind=layer widget_type=0 trans=0 fill_mode=0 user_id=0x00a0003c (160<<16|60) static
            [61] kind=graphic widget_type=5 trans=0 fill_mode=0 user_id=0x00a0003d (160<<16|61) static graphic=20003 abs=602,139 31x31 hidden=0 ownhide=0
          [62] kind=text widget_type=4 trans=0 fill_mode=0 user_id=0x00a0003e (160<<16|62) static font=494 color=0x3bff00 text="46" abs=632,153 24x14 hidden=0 ownhide=0
          [63] kind=graphic widget_type=5 trans=0 fill_mode=0 user_id=0x00a0003f (160<<16|63) static graphic=20000 abs=607,145 20x20 hidden=0 ownhide=0
          [64] kind=layer widget_type=0 trans=0 fill_mode=0 user_id=0x00a00040 (160<<16|64) static
  [96] kind=layer widget_type=0 trans=0 fill_mode=0 user_id=0x00a10060 (161<<16|96) static
    [0] kind=layer widget_type=0 trans=0 fill_mode=0 user_id=0x00a20000 (162<<16|0) static
      [1] kind=layer widget_type=0 trans=0 fill_mode=0 user_id=0x00a20001 (162<<16|1) static
        [2] kind=layer widget_type=0 trans=0 fill_mode=0 user_id=0x00a20002 (162<<16|2) static
          [3] kind=graphic widget_type=5 trans=0 fill_mode=0 user_id=0x00a20003 (162<<16|3) static graphic=1018 abs=0,480 519x23 hidden=0 ownhide=0
        [4] kind=layer widget_type=0 trans=0 fill_mode=0 user_id=0x00a20004 (162<<16|4) static
          [5] kind=graphic widget_type=5 trans=0 fill_mode=0 user_id=0x00a20005 (162<<16|5) static graphic=3053 abs=5,480 56x22 hidden=0 ownhide=0
          [6] kind=text widget_type=4 trans=0 fill_mode=0 user_id=0x00a20006 (162<<16|6) static font=494 color=0xffffff text="All" abs=5,480 56x22 hidden=0 ownhide=0
        [7] kind=layer widget_type=0 trans=0 fill_mode=0 user_id=0x00a20007 (162<<16|7) static
          [8] kind=graphic widget_type=5 trans=0 fill_mode=0 user_id=0x00a20008 (162<<16|8) static graphic=3051 abs=67,480 56x22 hidden=0 ownhide=0
          [9] kind=text widget_type=4 trans=0 fill_mode=0 user_id=0x00a20009 (162<<16|9) static font=494 color=0xffffff text="Game<br> " abs=67,480 56x22 hidden=0 ownhide=0
          [10] kind=text widget_type=4 trans=0 fill_mode=0 user_id=0x00a2000a (162<<16|10) static font=494 color=0xff00 text="<br>On" abs=67,480 56x22 hidden=0 ownhide=0
        [11] kind=layer widget_type=0 trans=0 fill_mode=0 user_id=0x00a2000b (162<<16|11) static
          [12] kind=graphic widget_type=5 trans=0 fill_mode=0 user_id=0x00a2000c (162<<16|12) static graphic=3051 abs=129,480 56x22 hidden=0 ownhide=0
          [13] kind=text widget_type=4 trans=0 fill_mode=0 user_id=0x00a2000d (162<<16|13) static font=494 color=0xffffff text="Public<br> " abs=129,480 56x22 hidden=0 ownhide=0
          [14] kind=text widget_type=4 trans=0 fill_mode=0 user_id=0x00a2000e (162<<16|14) static font=494 color=0xff00 text="<br>On" abs=129,480 56x22 hidden=0 ownhide=0
        [15] kind=layer widget_type=0 trans=0 fill_mode=0 user_id=0x00a2000f (162<<16|15) static
          [16] kind=graphic widget_type=5 trans=0 fill_mode=0 user_id=0x00a20010 (162<<16|16) static graphic=3051 abs=191,480 56x22 hidden=0 ownhide=0
          [17] kind=text widget_type=4 trans=0 fill_mode=0 user_id=0x00a20011 (162<<16|17) static font=494 color=0xffffff text="Private<br> " abs=191,480 56x22 hidden=0 ownhide=0
          [18] kind=text widget_type=4 trans=0 fill_mode=0 user_id=0x00a20012 (162<<16|18) static font=494 color=0xff00 text="<br>On" abs=191,480 56x22 hidden=0 ownhide=0
        [19] kind=layer widget_type=0 trans=0 fill_mode=0 user_id=0x00a20013 (162<<16|19) static
          [20] kind=graphic widget_type=5 trans=0 fill_mode=0 user_id=0x00a20014 (162<<16|20) static graphic=3051 abs=253,480 56x22 hidden=0 ownhide=0
          [21] kind=text widget_type=4 trans=0 fill_mode=0 user_id=0x00a20015 (162<<16|21) static font=494 color=0xffffff text="Channel<br> " abs=253,480 56x22 hidden=0 ownhide=0
          [22] kind=text widget_type=4 trans=0 fill_mode=0 user_id=0x00a20016 (162<<16|22) static font=494 color=0xff00 text="<br>On" abs=253,480 56x22 hidden=0 ownhide=0
        [23] kind=layer widget_type=0 trans=0 fill_mode=0 user_id=0x00a20017 (162<<16|23) static
          [24] kind=graphic widget_type=5 trans=0 fill_mode=0 user_id=0x00a20018 (162<<16|24) static graphic=3051 abs=315,480 56x22 hidden=0 ownhide=0
          [25] kind=text widget_type=4 trans=0 fill_mode=0 user_id=0x00a20019 (162<<16|25) static font=494 color=0xffffff text="Clan<br> " abs=315,480 56x22 hidden=0 ownhide=0
          [26] kind=text widget_type=4 trans=0 fill_mode=0 user_id=0x00a2001a (162<<16|26) static font=494 color=0xff00 text="<br>On" abs=315,480 56x22 hidden=0 ownhide=0
        [27] kind=layer widget_type=0 trans=0 fill_mode=0 user_id=0x00a2001b (162<<16|27) static
          [28] kind=graphic widget_type=5 trans=0 fill_mode=0 user_id=0x00a2001c (162<<16|28) static graphic=3051 abs=377,480 56x22 hidden=0 ownhide=0
          [29] kind=text widget_type=4 trans=0 fill_mode=0 user_id=0x00a2001d (162<<16|29) static font=494 color=0xffffff text="Trade<br> " abs=377,480 56x22 hidden=0 ownhide=0
          [30] kind=text widget_type=4 trans=0 fill_mode=0 user_id=0x00a2001e (162<<16|30) static font=494 color=0xff00 text="<br>On" abs=377,480 56x22 hidden=0 ownhide=0
        [31] kind=layer widget_type=0 trans=0 fill_mode=0 user_id=0x00a2001f (162<<16|31) static
          [32] kind=graphic widget_type=5 trans=0 fill_mode=0 user_id=0x00a20020 (162<<16|32) static graphic=3057 abs=437,480 79x22 hidden=0 ownhide=0
          [33] kind=text widget_type=4 trans=0 fill_mode=0 user_id=0x00a20021 (162<<16|33) static font=494 color=0xffffff text="Report" abs=437,480 79x22 hidden=0 ownhide=0
      [34] kind=layer widget_type=0 trans=0 fill_mode=0 user_id=0x00a20022 (162<<16|34) static
        [35] kind=layer widget_type=0 trans=0 fill_mode=0 user_id=0x00a20023 (162<<16|35) static
          [0] kind=rectangle widget_type=3 trans=0 fill_mode=0 user_id=0x00a2a7bd (162<<16|42941) dynamic abs=0,338 0x0 hidden=0 ownhide=0
          [1] kind=rectangle widget_type=3 trans=0 fill_mode=0 user_id=0x00a2a7be (162<<16|42942) dynamic abs=0,338 0x0 hidden=0 ownhide=0
          [2] kind=rectangle widget_type=3 trans=0 fill_mode=0 user_id=0x00a2a7bf (162<<16|42943) dynamic abs=0,338 0x0 hidden=0 ownhide=0
          [3] kind=rectangle widget_type=3 trans=0 fill_mode=0 user_id=0x00a2a7c0 (162<<16|42944) dynamic abs=0,338 0x0 hidden=0 ownhide=0
          [4] kind=rectangle widget_type=3 trans=0 fill_mode=0 user_id=0x00a2a7c1 (162<<16|42945) dynamic abs=0,338 0x0 hidden=0 ownhide=0
          [5] kind=rectangle widget_type=3 trans=0 fill_mode=0 user_id=0x00a2a7c2 (162<<16|42946) dynamic abs=0,338 0x0 hidden=0 ownhide=0
          [6] kind=rectangle widget_type=3 trans=0 fill_mode=0 user_id=0x00a2a7c3 (162<<16|42947) dynamic abs=0,338 0x0 hidden=0 ownhide=0
          [7] kind=rectangle widget_type=3 trans=0 fill_mode=0 user_id=0x00a2a7c4 (162<<16|42948) dynamic abs=0,338 0x0 hidden=0 ownhide=0
          [8] kind=rectangle widget_type=3 trans=0 fill_mode=0 user_id=0x00a2a7c5 (162<<16|42949) dynamic abs=0,338 0x0 hidden=0 ownhide=0
          [9] kind=rectangle widget_type=3 trans=0 fill_mode=0 user_id=0x00a2a7c6 (162<<16|42950) dynamic abs=0,338 0x0 hidden=0 ownhide=0
          [10] kind=rectangle widget_type=3 trans=0 fill_mode=0 user_id=0x00a2a7c7 (162<<16|42951) dynamic abs=0,338 0x0 hidden=0 ownhide=0
          [11] kind=rectangle widget_type=3 trans=0 fill_mode=0 user_id=0x00a2a7c8 (162<<16|42952) dynamic abs=0,338 0x0 hidden=0 ownhide=0
          [12] kind=rectangle widget_type=3 trans=0 fill_mode=0 user_id=0x00a2a7c9 (162<<16|42953) dynamic abs=0,338 0x0 hidden=0 ownhide=0
          [13] kind=rectangle widget_type=3 trans=0 fill_mode=0 user_id=0x00a2a7ca (162<<16|42954) dynamic abs=0,338 0x0 hidden=0 ownhide=0
          [14] kind=rectangle widget_type=3 trans=0 fill_mode=0 user_id=0x00a2a7cb (162<<16|42955) dynamic abs=0,338 0x0 hidden=0 ownhide=0
          [15] kind=rectangle widget_type=3 trans=0 fill_mode=0 user_id=0x00a2a7cc (162<<16|42956) dynamic abs=0,338 0x0 hidden=0 ownhide=0
          [16] kind=rectangle widget_type=3 trans=0 fill_mode=0 user_id=0x00a2a7cd (162<<16|42957) dynamic abs=0,338 0x0 hidden=0 ownhide=0
          [17] kind=rectangle widget_type=3 trans=0 fill_mode=0 user_id=0x00a2a7ce (162<<16|42958) dynamic abs=0,338 0x0 hidden=0 ownhide=0
          [18] kind=rectangle widget_type=3 trans=0 fill_mode=0 user_id=0x00a2a7cf (162<<16|42959) dynamic abs=0,338 0x0 hidden=0 ownhide=0
          [19] kind=rectangle widget_type=3 trans=0 fill_mode=0 user_id=0x00a2a7d0 (162<<16|42960) dynamic abs=0,338 0x0 hidden=0 ownhide=0
          [20] kind=rectangle widget_type=3 trans=0 fill_mode=0 user_id=0x00a2a7d1 (162<<16|42961) dynamic abs=0,338 0x0 hidden=0 ownhide=0
          [21] kind=rectangle widget_type=3 trans=0 fill_mode=0 user_id=0x00a2a7d2 (162<<16|42962) dynamic abs=0,338 0x0 hidden=0 ownhide=0
          [22] kind=rectangle widget_type=3 trans=0 fill_mode=0 user_id=0x00a2a7d3 (162<<16|42963) dynamic abs=0,338 0x0 hidden=0 ownhide=0
          [23] kind=rectangle widget_type=3 trans=0 fill_mode=0 user_id=0x00a2a7d4 (162<<16|42964) dynamic abs=0,338 0x0 hidden=0 ownhide=0
          [24] kind=rectangle widget_type=3 trans=0 fill_mode=0 user_id=0x00a2a7d5 (162<<16|42965) dynamic abs=0,338 0x0 hidden=0 ownhide=0
          [25] kind=rectangle widget_type=3 trans=0 fill_mode=0 user_id=0x00a2a7d6 (162<<16|42966) dynamic abs=0,338 0x0 hidden=0 ownhide=0
          [26] kind=rectangle widget_type=3 trans=0 fill_mode=0 user_id=0x00a2a7d7 (162<<16|42967) dynamic abs=0,338 0x0 hidden=0 ownhide=0
          [27] kind=rectangle widget_type=3 trans=0 fill_mode=0 user_id=0x00a2a7d8 (162<<16|42968) dynamic abs=0,338 0x0 hidden=0 ownhide=0
          [28] kind=rectangle widget_type=3 trans=0 fill_mode=0 user_id=0x00a2a7d9 (162<<16|42969) dynamic abs=0,338 0x0 hidden=0 ownhide=0
          [29] kind=rectangle widget_type=3 trans=0 fill_mode=0 user_id=0x00a2a7da (162<<16|42970) dynamic abs=0,338 0x0 hidden=0 ownhide=0
          [30] kind=rectangle widget_type=3 trans=0 fill_mode=0 user_id=0x00a2a7db (162<<16|42971) dynamic abs=0,338 0x0 hidden=0 ownhide=0
          [31] kind=rectangle widget_type=3 trans=0 fill_mode=0 user_id=0x00a2a7dc (162<<16|42972) dynamic abs=0,338 0x0 hidden=0 ownhide=0
          [32] kind=rectangle widget_type=3 trans=0 fill_mode=0 user_id=0x00a2a7dd (162<<16|42973) dynamic abs=0,338 0x0 hidden=0 ownhide=0
          [33] kind=rectangle widget_type=3 trans=0 fill_mode=0 user_id=0x00a2a7de (162<<16|42974) dynamic abs=0,338 0x0 hidden=0 ownhide=0
          [34] kind=rectangle widget_type=3 trans=0 fill_mode=0 user_id=0x00a2a7df (162<<16|42975) dynamic abs=0,338 0x0 hidden=0 ownhide=0
          [35] kind=rectangle widget_type=3 trans=0 fill_mode=0 user_id=0x00a2a7e0 (162<<16|42976) dynamic abs=0,338 0x0 hidden=0 ownhide=0
          [36] kind=rectangle widget_type=3 trans=0 fill_mode=0 user_id=0x00a2a7e1 (162<<16|42977) dynamic abs=0,338 0x0 hidden=0 ownhide=0
          [37] kind=rectangle widget_type=3 trans=0 fill_mode=0 user_id=0x00a2a7e2 (162<<16|42978) dynamic abs=0,338 0x0 hidden=0 ownhide=0
          [38] kind=rectangle widget_type=3 trans=0 fill_mode=0 user_id=0x00a2a7e3 (162<<16|42979) dynamic abs=0,338 0x0 hidden=0 ownhide=0
          [39] kind=rectangle widget_type=3 trans=0 fill_mode=0 user_id=0x00a2a7e4 (162<<16|42980) dynamic abs=0,338 0x0 hidden=0 ownhide=0
          [40] kind=rectangle widget_type=3 trans=0 fill_mode=0 user_id=0x00a2a7e5 (162<<16|42981) dynamic abs=0,338 0x0 hidden=0 ownhide=0
          [41] kind=rectangle widget_type=3 trans=0 fill_mode=0 user_id=0x00a2a7e6 (162<<16|42982) dynamic abs=0,338 0x0 hidden=0 ownhide=0
          [42] kind=rectangle widget_type=3 trans=0 fill_mode=0 user_id=0x00a2a7e7 (162<<16|42983) dynamic abs=0,338 0x0 hidden=0 ownhide=0
          [43] kind=rectangle widget_type=3 trans=0 fill_mode=0 user_id=0x00a2a7e8 (162<<16|42984) dynamic abs=0,338 0x0 hidden=0 ownhide=0
          [44] kind=rectangle widget_type=3 trans=0 fill_mode=0 user_id=0x00a2a7e9 (162<<16|42985) dynamic abs=0,338 0x0 hidden=0 ownhide=0
          [45] kind=rectangle widget_type=3 trans=0 fill_mode=0 user_id=0x00a2a7ea (162<<16|42986) dynamic abs=0,338 0x0 hidden=0 ownhide=0
          [46] kind=rectangle widget_type=3 trans=0 fill_mode=0 user_id=0x00a2a7eb (162<<16|42987) dynamic abs=0,338 0x0 hidden=0 ownhide=0
          [47] kind=rectangle widget_type=3 trans=0 fill_mode=0 user_id=0x00a2a7ec (162<<16|42988) dynamic abs=0,338 0x0 hidden=0 ownhide=0
          [48] kind=rectangle widget_type=3 trans=0 fill_mode=0 user_id=0x00a2a7ed (162<<16|42989) dynamic abs=0,338 0x0 hidden=0 ownhide=0
          [49] kind=rectangle widget_type=3 trans=0 fill_mode=0 user_id=0x00a2a7ee (162<<16|42990) dynamic abs=0,338 0x0 hidden=0 ownhide=0
          [50] kind=rectangle widget_type=3 trans=0 fill_mode=0 user_id=0x00a2a7ef (162<<16|42991) dynamic abs=0,338 0x0 hidden=0 ownhide=0
          [51] kind=rectangle widget_type=3 trans=0 fill_mode=0 user_id=0x00a2a7f0 (162<<16|42992) dynamic abs=0,338 0x0 hidden=0 ownhide=0
          [52] kind=rectangle widget_type=3 trans=0 fill_mode=0 user_id=0x00a2a7f1 (162<<16|42993) dynamic abs=0,338 0x0 hidden=0 ownhide=0
          [53] kind=rectangle widget_type=3 trans=0 fill_mode=0 user_id=0x00a2a7f2 (162<<16|42994) dynamic abs=0,338 0x0 hidden=0 ownhide=0
          [54] kind=rectangle widget_type=3 trans=0 fill_mode=0 user_id=0x00a2a7f3 (162<<16|42995) dynamic abs=0,338 0x0 hidden=0 ownhide=0
          [55] kind=rectangle widget_type=3 trans=0 fill_mode=0 user_id=0x00a2a7f4 (162<<16|42996) dynamic abs=0,338 0x0 hidden=0 ownhide=0
          [56] kind=rectangle widget_type=3 trans=0 fill_mode=0 user_id=0x00a2a7f5 (162<<16|42997) dynamic abs=0,338 0x0 hidden=0 ownhide=0
          [57] kind=rectangle widget_type=3 trans=0 fill_mode=0 user_id=0x00a2a7f6 (162<<16|42998) dynamic abs=0,338 0x0 hidden=0 ownhide=0
          [58] kind=rectangle widget_type=3 trans=0 fill_mode=0 user_id=0x00a2a7f7 (162<<16|42999) dynamic abs=0,338 0x0 hidden=0 ownhide=0
          [59] kind=rectangle widget_type=3 trans=0 fill_mode=0 user_id=0x00a2a7f8 (162<<16|43000) dynamic abs=0,338 0x0 hidden=0 ownhide=0
          [60] kind=rectangle widget_type=3 trans=0 fill_mode=0 user_id=0x00a2a7f9 (162<<16|43001) dynamic abs=0,338 0x0 hidden=0 ownhide=0
          [61] kind=rectangle widget_type=3 trans=0 fill_mode=0 user_id=0x00a2a7fa (162<<16|43002) dynamic abs=0,338 0x0 hidden=0 ownhide=0
          [62] kind=rectangle widget_type=3 trans=0 fill_mode=0 user_id=0x00a2a7fb (162<<16|43003) dynamic abs=0,338 0x0 hidden=0 ownhide=0
          [63] kind=rectangle widget_type=3 trans=0 fill_mode=0 user_id=0x00a2a7fc (162<<16|43004) dynamic abs=0,338 0x0 hidden=0 ownhide=0
          [64] kind=rectangle widget_type=3 trans=0 fill_mode=0 user_id=0x00a2a7fd (162<<16|43005) dynamic abs=0,338 0x0 hidden=0 ownhide=0
          [65] kind=rectangle widget_type=3 trans=0 fill_mode=0 user_id=0x00a2a7fe (162<<16|43006) dynamic abs=0,338 0x0 hidden=0 ownhide=0
          [66] kind=rectangle widget_type=3 trans=0 fill_mode=0 user_id=0x00a2a7ff (162<<16|43007) dynamic abs=0,338 0x0 hidden=0 ownhide=0
          [67] kind=rectangle widget_type=3 trans=0 fill_mode=0 user_id=0x00a2a800 (162<<16|43008) dynamic abs=0,338 0x0 hidden=0 ownhide=0
          [68] kind=rectangle widget_type=3 trans=0 fill_mode=0 user_id=0x00a2a801 (162<<16|43009) dynamic abs=0,338 0x0 hidden=0 ownhide=0
          [69] kind=rectangle widget_type=3 trans=0 fill_mode=0 user_id=0x00a2a802 (162<<16|43010) dynamic abs=0,338 0x0 hidden=0 ownhide=0
          [70] kind=rectangle widget_type=3 trans=0 fill_mode=0 user_id=0x00a2a803 (162<<16|43011) dynamic abs=0,338 0x0 hidden=0 ownhide=0
          [71] kind=rectangle widget_type=3 trans=0 fill_mode=0 user_id=0x00a2a804 (162<<16|43012) dynamic abs=0,338 0x0 hidden=0 ownhide=0
          [72] kind=rectangle widget_type=3 trans=0 fill_mode=0 user_id=0x00a2a805 (162<<16|43013) dynamic abs=0,338 0x0 hidden=0 ownhide=0
          [73] kind=rectangle widget_type=3 trans=0 fill_mode=0 user_id=0x00a2a806 (162<<16|43014) dynamic abs=0,338 0x0 hidden=0 ownhide=0
          [74] kind=rectangle widget_type=3 trans=0 fill_mode=0 user_id=0x00a2a807 (162<<16|43015) dynamic abs=0,338 0x0 hidden=0 ownhide=0
          [75] kind=rectangle widget_type=3 trans=0 fill_mode=0 user_id=0x00a2a808 (162<<16|43016) dynamic abs=0,338 0x0 hidden=0 ownhide=0
          [76] kind=rectangle widget_type=3 trans=0 fill_mode=0 user_id=0x00a2a809 (162<<16|43017) dynamic abs=0,338 0x0 hidden=0 ownhide=0
          [77] kind=rectangle widget_type=3 trans=0 fill_mode=0 user_id=0x00a2a80a (162<<16|43018) dynamic abs=0,338 0x0 hidden=0 ownhide=0
          [78] kind=rectangle widget_type=3 trans=0 fill_mode=0 user_id=0x00a2a80b (162<<16|43019) dynamic abs=0,338 0x0 hidden=0 ownhide=0
          [79] kind=rectangle widget_type=3 trans=0 fill_mode=0 user_id=0x00a2a80c (162<<16|43020) dynamic abs=0,338 0x0 hidden=0 ownhide=0
          [80] kind=rectangle widget_type=3 trans=0 fill_mode=0 user_id=0x00a2a80d (162<<16|43021) dynamic abs=0,338 0x0 hidden=0 ownhide=0
          [81] kind=rectangle widget_type=3 trans=0 fill_mode=0 user_id=0x00a2a80e (162<<16|43022) dynamic abs=0,338 0x0 hidden=0 ownhide=0
          [82] kind=rectangle widget_type=3 trans=0 fill_mode=0 user_id=0x00a2a80f (162<<16|43023) dynamic abs=0,338 0x0 hidden=0 ownhide=0
          [83] kind=rectangle widget_type=3 trans=0 fill_mode=0 user_id=0x00a2a810 (162<<16|43024) dynamic abs=0,338 0x0 hidden=0 ownhide=0
          [84] kind=rectangle widget_type=3 trans=0 fill_mode=0 user_id=0x00a2a811 (162<<16|43025) dynamic abs=0,338 0x0 hidden=0 ownhide=0
          [85] kind=rectangle widget_type=3 trans=0 fill_mode=0 user_id=0x00a2a812 (162<<16|43026) dynamic abs=0,338 0x0 hidden=0 ownhide=0
          [86] kind=rectangle widget_type=3 trans=0 fill_mode=0 user_id=0x00a2a813 (162<<16|43027) dynamic abs=0,338 0x0 hidden=0 ownhide=0
          [87] kind=rectangle widget_type=3 trans=0 fill_mode=0 user_id=0x00a2a814 (162<<16|43028) dynamic abs=0,338 0x0 hidden=0 ownhide=0
          [88] kind=rectangle widget_type=3 trans=0 fill_mode=0 user_id=0x00a2a815 (162<<16|43029) dynamic abs=0,338 0x0 hidden=0 ownhide=0
          [89] kind=rectangle widget_type=3 trans=0 fill_mode=0 user_id=0x00a2a816 (162<<16|43030) dynamic abs=0,338 0x0 hidden=0 ownhide=0
          [90] kind=rectangle widget_type=3 trans=0 fill_mode=0 user_id=0x00a2a817 (162<<16|43031) dynamic abs=0,338 0x0 hidden=0 ownhide=0
          [91] kind=rectangle widget_type=3 trans=0 fill_mode=0 user_id=0x00a2a818 (162<<16|43032) dynamic abs=0,338 0x0 hidden=0 ownhide=0
          [92] kind=rectangle widget_type=3 trans=0 fill_mode=0 user_id=0x00a2a819 (162<<16|43033) dynamic abs=0,338 0x0 hidden=0 ownhide=0
          [93] kind=rectangle widget_type=3 trans=0 fill_mode=0 user_id=0x00a2a81a (162<<16|43034) dynamic abs=0,338 0x0 hidden=0 ownhide=0
          [94] kind=rectangle widget_type=3 trans=0 fill_mode=0 user_id=0x00a2a81b (162<<16|43035) dynamic abs=0,338 0x0 hidden=0 ownhide=0
          [95] kind=rectangle widget_type=3 trans=0 fill_mode=0 user_id=0x00a2a81c (162<<16|43036) dynamic abs=0,338 0x0 hidden=0 ownhide=0
          [96] kind=rectangle widget_type=3 trans=0 fill_mode=0 user_id=0x00a2a81d (162<<16|43037) dynamic abs=0,338 0x0 hidden=0 ownhide=0
          [97] kind=rectangle widget_type=3 trans=0 fill_mode=0 user_id=0x00a2a81e (162<<16|43038) dynamic abs=0,338 0x0 hidden=0 ownhide=0
          [98] kind=rectangle widget_type=3 trans=0 fill_mode=0 user_id=0x00a2a81f (162<<16|43039) dynamic abs=0,338 0x0 hidden=0 ownhide=0
          [99] kind=rectangle widget_type=3 trans=0 fill_mode=0 user_id=0x00a2a820 (162<<16|43040) dynamic abs=0,338 0x0 hidden=0 ownhide=0
          [100] kind=rectangle widget_type=3 trans=0 fill_mode=0 user_id=0x00a2a821 (162<<16|43041) dynamic abs=0,338 0x0 hidden=0 ownhide=0
          [101] kind=rectangle widget_type=3 trans=0 fill_mode=0 user_id=0x00a2a822 (162<<16|43042) dynamic abs=0,338 0x0 hidden=0 ownhide=0
          [102] kind=rectangle widget_type=3 trans=0 fill_mode=0 user_id=0x00a2a823 (162<<16|43043) dynamic abs=0,338 0x0 hidden=0 ownhide=0
          [103] kind=rectangle widget_type=3 trans=0 fill_mode=0 user_id=0x00a2a824 (162<<16|43044) dynamic abs=0,338 0x0 hidden=0 ownhide=0
          [104] kind=rectangle widget_type=3 trans=0 fill_mode=0 user_id=0x00a2a825 (162<<16|43045) dynamic abs=0,338 0x0 hidden=0 ownhide=0
          [105] kind=rectangle widget_type=3 trans=0 fill_mode=0 user_id=0x00a2a826 (162<<16|43046) dynamic abs=0,338 0x0 hidden=0 ownhide=0
          [106] kind=rectangle widget_type=3 trans=0 fill_mode=0 user_id=0x00a2a827 (162<<16|43047) dynamic abs=0,338 0x0 hidden=0 ownhide=0
          [107] kind=rectangle widget_type=3 trans=0 fill_mode=0 user_id=0x00a2a828 (162<<16|43048) dynamic abs=0,338 0x0 hidden=0 ownhide=0
          [108] kind=rectangle widget_type=3 trans=0 fill_mode=0 user_id=0x00a2a829 (162<<16|43049) dynamic abs=0,338 0x0 hidden=0 ownhide=0
          [109] kind=rectangle widget_type=3 trans=0 fill_mode=0 user_id=0x00a2a82a (162<<16|43050) dynamic abs=0,338 0x0 hidden=0 ownhide=0
          [110] kind=rectangle widget_type=3 trans=0 fill_mode=0 user_id=0x00a2a82b (162<<16|43051) dynamic abs=0,338 0x0 hidden=0 ownhide=0
          [111] kind=rectangle widget_type=3 trans=0 fill_mode=0 user_id=0x00a2a82c (162<<16|43052) dynamic abs=0,338 0x0 hidden=0 ownhide=0
          [112] kind=rectangle widget_type=3 trans=0 fill_mode=0 user_id=0x00a2a82d (162<<16|43053) dynamic abs=0,338 0x0 hidden=0 ownhide=0
          [113] kind=rectangle widget_type=3 trans=0 fill_mode=0 user_id=0x00a2a82e (162<<16|43054) dynamic abs=0,338 0x0 hidden=0 ownhide=0
          [114] kind=rectangle widget_type=3 trans=0 fill_mode=0 user_id=0x00a2a82f (162<<16|43055) dynamic abs=0,338 0x0 hidden=0 ownhide=0
          [115] kind=rectangle widget_type=3 trans=0 fill_mode=0 user_id=0x00a2a830 (162<<16|43056) dynamic abs=0,338 0x0 hidden=0 ownhide=0
          [116] kind=rectangle widget_type=3 trans=0 fill_mode=0 user_id=0x00a2a831 (162<<16|43057) dynamic abs=0,338 0x0 hidden=0 ownhide=0
          [117] kind=rectangle widget_type=3 trans=0 fill_mode=0 user_id=0x00a2a832 (162<<16|43058) dynamic abs=0,338 0x0 hidden=0 ownhide=0
          [118] kind=rectangle widget_type=3 trans=0 fill_mode=0 user_id=0x00a2a833 (162<<16|43059) dynamic abs=0,338 0x0 hidden=0 ownhide=0
          [119] kind=rectangle widget_type=3 trans=0 fill_mode=0 user_id=0x00a2a834 (162<<16|43060) dynamic abs=0,338 0x0 hidden=0 ownhide=0
          [120] kind=rectangle widget_type=3 trans=0 fill_mode=0 user_id=0x00a2a835 (162<<16|43061) dynamic abs=0,338 0x0 hidden=0 ownhide=0
          [121] kind=rectangle widget_type=3 trans=0 fill_mode=0 user_id=0x00a2a836 (162<<16|43062) dynamic abs=0,338 0x0 hidden=0 ownhide=0
          [122] kind=rectangle widget_type=3 trans=0 fill_mode=0 user_id=0x00a2a837 (162<<16|43063) dynamic abs=0,338 0x0 hidden=0 ownhide=0
          [123] kind=rectangle widget_type=3 trans=0 fill_mode=0 user_id=0x00a2a838 (162<<16|43064) dynamic abs=0,338 0x0 hidden=0 ownhide=0
          [124] kind=rectangle widget_type=3 trans=0 fill_mode=0 user_id=0x00a2a839 (162<<16|43065) dynamic abs=0,338 0x0 hidden=0 ownhide=0
          [125] kind=rectangle widget_type=3 trans=0 fill_mode=0 user_id=0x00a2a83a (162<<16|43066) dynamic abs=0,338 0x0 hidden=0 ownhide=0
          [126] kind=rectangle widget_type=3 trans=0 fill_mode=0 user_id=0x00a2a83b (162<<16|43067) dynamic abs=0,338 0x0 hidden=0 ownhide=0
          [127] kind=rectangle widget_type=3 trans=0 fill_mode=0 user_id=0x00a2a83c (162<<16|43068) dynamic abs=0,338 0x0 hidden=0 ownhide=0
          [128] kind=rectangle widget_type=3 trans=0 fill_mode=0 user_id=0x00a2a83d (162<<16|43069) dynamic abs=0,338 0x0 hidden=0 ownhide=0
          [129] kind=rectangle widget_type=3 trans=0 fill_mode=0 user_id=0x00a2a83e (162<<16|43070) dynamic abs=0,338 0x0 hidden=0 ownhide=0
          [130] kind=rectangle widget_type=3 trans=0 fill_mode=0 user_id=0x00a2a83f (162<<16|43071) dynamic abs=0,338 0x0 hidden=0 ownhide=0
          [131] kind=rectangle widget_type=3 trans=0 fill_mode=0 user_id=0x00a2a840 (162<<16|43072) dynamic abs=0,338 0x0 hidden=0 ownhide=0
          [132] kind=rectangle widget_type=3 trans=0 fill_mode=0 user_id=0x00a2a841 (162<<16|43073) dynamic abs=0,338 0x0 hidden=0 ownhide=0
          [133] kind=rectangle widget_type=3 trans=0 fill_mode=0 user_id=0x00a2a842 (162<<16|43074) dynamic abs=0,338 0x0 hidden=0 ownhide=0
          [134] kind=rectangle widget_type=3 trans=0 fill_mode=0 user_id=0x00a2a843 (162<<16|43075) dynamic abs=0,338 0x0 hidden=0 ownhide=0
          [135] kind=rectangle widget_type=3 trans=0 fill_mode=0 user_id=0x00a2a844 (162<<16|43076) dynamic abs=0,338 0x0 hidden=0 ownhide=0
          [136] kind=rectangle widget_type=3 trans=0 fill_mode=0 user_id=0x00a2a845 (162<<16|43077) dynamic abs=0,338 0x0 hidden=0 ownhide=0
          [137] kind=rectangle widget_type=3 trans=0 fill_mode=0 user_id=0x00a2a846 (162<<16|43078) dynamic abs=0,338 0x0 hidden=0 ownhide=0
          [138] kind=rectangle widget_type=3 trans=0 fill_mode=0 user_id=0x00a2a847 (162<<16|43079) dynamic abs=0,338 0x0 hidden=0 ownhide=0
          [139] kind=rectangle widget_type=3 trans=0 fill_mode=0 user_id=0x00a2a848 (162<<16|43080) dynamic abs=0,338 0x0 hidden=0 ownhide=0
          [140] kind=rectangle widget_type=3 trans=0 fill_mode=0 user_id=0x00a2a849 (162<<16|43081) dynamic abs=0,338 0x0 hidden=0 ownhide=0
          [141] kind=rectangle widget_type=3 trans=0 fill_mode=0 user_id=0x00a2a84a (162<<16|43082) dynamic abs=0,338 0x0 hidden=0 ownhide=0
          [142] kind=rectangle widget_type=3 trans=0 fill_mode=0 user_id=0x00a2a84b (162<<16|43083) dynamic abs=0,338 0x0 hidden=0 ownhide=0
          [143] kind=rectangle widget_type=3 trans=0 fill_mode=0 user_id=0x00a2a84c (162<<16|43084) dynamic abs=0,338 0x0 hidden=0 ownhide=0
          [144] kind=rectangle widget_type=3 trans=0 fill_mode=0 user_id=0x00a2a84d (162<<16|43085) dynamic abs=0,338 0x0 hidden=0 ownhide=0
          [145] kind=rectangle widget_type=3 trans=0 fill_mode=0 user_id=0x00a2a84e (162<<16|43086) dynamic abs=0,338 0x0 hidden=0 ownhide=0
          [146] kind=rectangle widget_type=3 trans=0 fill_mode=0 user_id=0x00a2a84f (162<<16|43087) dynamic abs=0,338 0x0 hidden=0 ownhide=0
          [147] kind=rectangle widget_type=3 trans=0 fill_mode=0 user_id=0x00a2a850 (162<<16|43088) dynamic abs=0,338 0x0 hidden=0 ownhide=0
          [148] kind=rectangle widget_type=3 trans=0 fill_mode=0 user_id=0x00a2a851 (162<<16|43089) dynamic abs=0,338 0x0 hidden=0 ownhide=0
          [149] kind=rectangle widget_type=3 trans=0 fill_mode=0 user_id=0x00a2a852 (162<<16|43090) dynamic abs=0,338 0x0 hidden=0 ownhide=0
          [150] kind=rectangle widget_type=3 trans=0 fill_mode=0 user_id=0x00a2a853 (162<<16|43091) dynamic abs=0,338 0x0 hidden=0 ownhide=0
          [151] kind=rectangle widget_type=3 trans=0 fill_mode=0 user_id=0x00a2a854 (162<<16|43092) dynamic abs=0,338 0x0 hidden=0 ownhide=0
          [152] kind=rectangle widget_type=3 trans=0 fill_mode=0 user_id=0x00a2a855 (162<<16|43093) dynamic abs=0,338 0x0 hidden=0 ownhide=0
          [153] kind=rectangle widget_type=3 trans=0 fill_mode=0 user_id=0x00a2a856 (162<<16|43094) dynamic abs=0,338 0x0 hidden=0 ownhide=0
          [154] kind=rectangle widget_type=3 trans=0 fill_mode=0 user_id=0x00a2a857 (162<<16|43095) dynamic abs=0,338 0x0 hidden=0 ownhide=0
          [155] kind=rectangle widget_type=3 trans=0 fill_mode=0 user_id=0x00a2a858 (162<<16|43096) dynamic abs=0,338 0x0 hidden=0 ownhide=0
          [156] kind=rectangle widget_type=3 trans=0 fill_mode=0 user_id=0x00a2a859 (162<<16|43097) dynamic abs=0,338 0x0 hidden=0 ownhide=0
          [157] kind=rectangle widget_type=3 trans=0 fill_mode=0 user_id=0x00a2a85a (162<<16|43098) dynamic abs=0,338 0x0 hidden=0 ownhide=0
          [158] kind=rectangle widget_type=3 trans=0 fill_mode=0 user_id=0x00a2a85b (162<<16|43099) dynamic abs=0,338 0x0 hidden=0 ownhide=0
          [159] kind=rectangle widget_type=3 trans=0 fill_mode=0 user_id=0x00a2a85c (162<<16|43100) dynamic abs=0,338 0x0 hidden=0 ownhide=0
          [160] kind=rectangle widget_type=3 trans=0 fill_mode=0 user_id=0x00a2a85d (162<<16|43101) dynamic abs=0,338 0x0 hidden=0 ownhide=0
          [161] kind=rectangle widget_type=3 trans=0 fill_mode=0 user_id=0x00a2a85e (162<<16|43102) dynamic abs=0,338 0x0 hidden=0 ownhide=0
          [162] kind=rectangle widget_type=3 trans=0 fill_mode=0 user_id=0x00a2a85f (162<<16|43103) dynamic abs=0,338 0x0 hidden=0 ownhide=0
          [163] kind=rectangle widget_type=3 trans=0 fill_mode=0 user_id=0x00a2a860 (162<<16|43104) dynamic abs=0,338 0x0 hidden=0 ownhide=0
          [164] kind=rectangle widget_type=3 trans=0 fill_mode=0 user_id=0x00a2a861 (162<<16|43105) dynamic abs=0,338 0x0 hidden=0 ownhide=0
          [165] kind=rectangle widget_type=3 trans=0 fill_mode=0 user_id=0x00a2a862 (162<<16|43106) dynamic abs=0,338 0x0 hidden=0 ownhide=0
          [166] kind=rectangle widget_type=3 trans=0 fill_mode=0 user_id=0x00a2a863 (162<<16|43107) dynamic abs=0,338 0x0 hidden=0 ownhide=0
          [167] kind=rectangle widget_type=3 trans=0 fill_mode=0 user_id=0x00a2a864 (162<<16|43108) dynamic abs=0,338 0x0 hidden=0 ownhide=0
          [168] kind=rectangle widget_type=3 trans=0 fill_mode=0 user_id=0x00a2a865 (162<<16|43109) dynamic abs=0,338 0x0 hidden=0 ownhide=0
          [169] kind=rectangle widget_type=3 trans=0 fill_mode=0 user_id=0x00a2a866 (162<<16|43110) dynamic abs=0,338 0x0 hidden=0 ownhide=0
          [170] kind=rectangle widget_type=3 trans=0 fill_mode=0 user_id=0x00a2a867 (162<<16|43111) dynamic abs=0,338 0x0 hidden=0 ownhide=0
          [171] kind=rectangle widget_type=3 trans=0 fill_mode=0 user_id=0x00a2a868 (162<<16|43112) dynamic abs=0,338 0x0 hidden=0 ownhide=0
          [172] kind=rectangle widget_type=3 trans=0 fill_mode=0 user_id=0x00a2a869 (162<<16|43113) dynamic abs=0,338 0x0 hidden=0 ownhide=0
          [173] kind=rectangle widget_type=3 trans=0 fill_mode=0 user_id=0x00a2a86a (162<<16|43114) dynamic abs=0,338 0x0 hidden=0 ownhide=0
          [174] kind=rectangle widget_type=3 trans=0 fill_mode=0 user_id=0x00a2a86b (162<<16|43115) dynamic abs=0,338 0x0 hidden=0 ownhide=0
          [175] kind=rectangle widget_type=3 trans=0 fill_mode=0 user_id=0x00a2a86c (162<<16|43116) dynamic abs=0,338 0x0 hidden=0 ownhide=0
          [176] kind=rectangle widget_type=3 trans=0 fill_mode=0 user_id=0x00a2a86d (162<<16|43117) dynamic abs=0,338 0x0 hidden=0 ownhide=0
          [177] kind=rectangle widget_type=3 trans=0 fill_mode=0 user_id=0x00a2a86e (162<<16|43118) dynamic abs=0,338 0x0 hidden=0 ownhide=0
          [178] kind=rectangle widget_type=3 trans=0 fill_mode=0 user_id=0x00a2a86f (162<<16|43119) dynamic abs=0,338 0x0 hidden=0 ownhide=0
          [179] kind=rectangle widget_type=3 trans=0 fill_mode=0 user_id=0x00a2a870 (162<<16|43120) dynamic abs=0,338 0x0 hidden=0 ownhide=0
          [180] kind=rectangle widget_type=3 trans=0 fill_mode=0 user_id=0x00a2a871 (162<<16|43121) dynamic abs=0,338 0x0 hidden=0 ownhide=0
          [181] kind=rectangle widget_type=3 trans=0 fill_mode=0 user_id=0x00a2a872 (162<<16|43122) dynamic abs=0,338 0x0 hidden=0 ownhide=0
          [182] kind=rectangle widget_type=3 trans=0 fill_mode=0 user_id=0x00a2a873 (162<<16|43123) dynamic abs=0,338 0x0 hidden=0 ownhide=0
          [183] kind=rectangle widget_type=3 trans=0 fill_mode=0 user_id=0x00a2a874 (162<<16|43124) dynamic abs=0,338 0x0 hidden=0 ownhide=0
          [184] kind=rectangle widget_type=3 trans=0 fill_mode=0 user_id=0x00a2a875 (162<<16|43125) dynamic abs=0,338 0x0 hidden=0 ownhide=0
          [185] kind=rectangle widget_type=3 trans=0 fill_mode=0 user_id=0x00a2a876 (162<<16|43126) dynamic abs=0,338 0x0 hidden=0 ownhide=0
          [186] kind=rectangle widget_type=3 trans=0 fill_mode=0 user_id=0x00a2a877 (162<<16|43127) dynamic abs=0,338 0x0 hidden=0 ownhide=0
          [187] kind=rectangle widget_type=3 trans=0 fill_mode=0 user_id=0x00a2a878 (162<<16|43128) dynamic abs=0,338 0x0 hidden=0 ownhide=0
          [188] kind=rectangle widget_type=3 trans=0 fill_mode=0 user_id=0x00a2a879 (162<<16|43129) dynamic abs=0,338 0x0 hidden=0 ownhide=0
          [189] kind=rectangle widget_type=3 trans=0 fill_mode=0 user_id=0x00a2a87a (162<<16|43130) dynamic abs=0,338 0x0 hidden=0 ownhide=0
          [190] kind=rectangle widget_type=3 trans=0 fill_mode=0 user_id=0x00a2a87b (162<<16|43131) dynamic abs=0,338 0x0 hidden=0 ownhide=0
          [191] kind=rectangle widget_type=3 trans=0 fill_mode=0 user_id=0x00a2a87c (162<<16|43132) dynamic abs=0,338 0x0 hidden=0 ownhide=0
          [192] kind=rectangle widget_type=3 trans=0 fill_mode=0 user_id=0x00a2a87d (162<<16|43133) dynamic abs=0,338 0x0 hidden=0 ownhide=0
          [193] kind=rectangle widget_type=3 trans=0 fill_mode=0 user_id=0x00a2a87e (162<<16|43134) dynamic abs=0,338 0x0 hidden=0 ownhide=0
          [194] kind=rectangle widget_type=3 trans=0 fill_mode=0 user_id=0x00a2a87f (162<<16|43135) dynamic abs=0,338 0x0 hidden=0 ownhide=0
          [195] kind=rectangle widget_type=3 trans=0 fill_mode=0 user_id=0x00a2a880 (162<<16|43136) dynamic abs=0,338 0x0 hidden=0 ownhide=0
          [196] kind=rectangle widget_type=3 trans=0 fill_mode=0 user_id=0x00a2a881 (162<<16|43137) dynamic abs=0,338 0x0 hidden=0 ownhide=0
          [197] kind=rectangle widget_type=3 trans=0 fill_mode=0 user_id=0x00a2a882 (162<<16|43138) dynamic abs=0,338 0x0 hidden=0 ownhide=0
          [198] kind=rectangle widget_type=3 trans=0 fill_mode=0 user_id=0x00a2a883 (162<<16|43139) dynamic abs=0,338 0x0 hidden=0 ownhide=0
          [199] kind=rectangle widget_type=3 trans=0 fill_mode=0 user_id=0x00a2a884 (162<<16|43140) dynamic abs=0,338 0x0 hidden=0 ownhide=0
          [200] kind=rectangle widget_type=3 trans=0 fill_mode=0 user_id=0x00a2a885 (162<<16|43141) dynamic abs=0,338 0x0 hidden=0 ownhide=0
          [201] kind=rectangle widget_type=3 trans=0 fill_mode=0 user_id=0x00a2a886 (162<<16|43142) dynamic abs=0,338 0x0 hidden=0 ownhide=0
          [202] kind=rectangle widget_type=3 trans=0 fill_mode=0 user_id=0x00a2a887 (162<<16|43143) dynamic abs=0,338 0x0 hidden=0 ownhide=0
          [203] kind=rectangle widget_type=3 trans=0 fill_mode=0 user_id=0x00a2a888 (162<<16|43144) dynamic abs=0,338 0x0 hidden=0 ownhide=0
          [204] kind=rectangle widget_type=3 trans=0 fill_mode=0 user_id=0x00a2a889 (162<<16|43145) dynamic abs=0,338 0x0 hidden=0 ownhide=0
          [205] kind=rectangle widget_type=3 trans=0 fill_mode=0 user_id=0x00a2a88a (162<<16|43146) dynamic abs=0,338 0x0 hidden=0 ownhide=0
          [206] kind=rectangle widget_type=3 trans=0 fill_mode=0 user_id=0x00a2a88b (162<<16|43147) dynamic abs=0,338 0x0 hidden=0 ownhide=0
          [207] kind=rectangle widget_type=3 trans=0 fill_mode=0 user_id=0x00a2a88c (162<<16|43148) dynamic abs=0,338 0x0 hidden=0 ownhide=0
          [208] kind=rectangle widget_type=3 trans=0 fill_mode=0 user_id=0x00a2a88d (162<<16|43149) dynamic abs=0,338 0x0 hidden=0 ownhide=0
          [209] kind=rectangle widget_type=3 trans=0 fill_mode=0 user_id=0x00a2a88e (162<<16|43150) dynamic abs=0,338 0x0 hidden=0 ownhide=0
          [210] kind=rectangle widget_type=3 trans=0 fill_mode=0 user_id=0x00a2a88f (162<<16|43151) dynamic abs=0,338 0x0 hidden=0 ownhide=0
          [211] kind=rectangle widget_type=3 trans=0 fill_mode=0 user_id=0x00a2a890 (162<<16|43152) dynamic abs=0,338 0x0 hidden=0 ownhide=0
          [212] kind=rectangle widget_type=3 trans=0 fill_mode=0 user_id=0x00a2a891 (162<<16|43153) dynamic abs=0,338 0x0 hidden=0 ownhide=0
          [213] kind=rectangle widget_type=3 trans=0 fill_mode=0 user_id=0x00a2a892 (162<<16|43154) dynamic abs=0,338 0x0 hidden=0 ownhide=0
          [214] kind=rectangle widget_type=3 trans=0 fill_mode=0 user_id=0x00a2a893 (162<<16|43155) dynamic abs=0,338 0x0 hidden=0 ownhide=0
          [215] kind=rectangle widget_type=3 trans=0 fill_mode=0 user_id=0x00a2a894 (162<<16|43156) dynamic abs=0,338 0x0 hidden=0 ownhide=0
          [216] kind=rectangle widget_type=3 trans=0 fill_mode=0 user_id=0x00a2a895 (162<<16|43157) dynamic abs=0,338 0x0 hidden=0 ownhide=0
          [217] kind=rectangle widget_type=3 trans=0 fill_mode=0 user_id=0x00a2a896 (162<<16|43158) dynamic abs=0,338 0x0 hidden=0 ownhide=0
          [218] kind=rectangle widget_type=3 trans=0 fill_mode=0 user_id=0x00a2a897 (162<<16|43159) dynamic abs=0,338 0x0 hidden=0 ownhide=0
          [219] kind=rectangle widget_type=3 trans=0 fill_mode=0 user_id=0x00a2a898 (162<<16|43160) dynamic abs=0,338 0x0 hidden=0 ownhide=0
          [220] kind=rectangle widget_type=3 trans=0 fill_mode=0 user_id=0x00a2a899 (162<<16|43161) dynamic abs=0,338 0x0 hidden=0 ownhide=0
          [221] kind=rectangle widget_type=3 trans=0 fill_mode=0 user_id=0x00a2a89a (162<<16|43162) dynamic abs=0,338 0x0 hidden=0 ownhide=0
          [222] kind=rectangle widget_type=3 trans=0 fill_mode=0 user_id=0x00a2a89b (162<<16|43163) dynamic abs=0,338 0x0 hidden=0 ownhide=0
          [223] kind=rectangle widget_type=3 trans=0 fill_mode=0 user_id=0x00a2a89c (162<<16|43164) dynamic abs=0,338 0x0 hidden=0 ownhide=0
          [224] kind=rectangle widget_type=3 trans=0 fill_mode=0 user_id=0x00a2a89d (162<<16|43165) dynamic abs=0,338 0x0 hidden=0 ownhide=0
          [225] kind=rectangle widget_type=3 trans=0 fill_mode=0 user_id=0x00a2a89e (162<<16|43166) dynamic abs=0,338 0x0 hidden=0 ownhide=0
          [226] kind=rectangle widget_type=3 trans=0 fill_mode=0 user_id=0x00a2a89f (162<<16|43167) dynamic abs=0,338 0x0 hidden=0 ownhide=0
          [227] kind=rectangle widget_type=3 trans=0 fill_mode=0 user_id=0x00a2a8a0 (162<<16|43168) dynamic abs=0,338 0x0 hidden=0 ownhide=0
          [228] kind=rectangle widget_type=3 trans=0 fill_mode=0 user_id=0x00a2a8a1 (162<<16|43169) dynamic abs=0,338 0x0 hidden=0 ownhide=0
          [229] kind=rectangle widget_type=3 trans=0 fill_mode=0 user_id=0x00a2a8a2 (162<<16|43170) dynamic abs=0,338 0x0 hidden=0 ownhide=0
          [230] kind=rectangle widget_type=3 trans=0 fill_mode=0 user_id=0x00a2a8a3 (162<<16|43171) dynamic abs=0,338 0x0 hidden=0 ownhide=0
          [231] kind=rectangle widget_type=3 trans=0 fill_mode=0 user_id=0x00a2a8a4 (162<<16|43172) dynamic abs=0,338 0x0 hidden=0 ownhide=0
          [232] kind=rectangle widget_type=3 trans=0 fill_mode=0 user_id=0x00a2a8a5 (162<<16|43173) dynamic abs=0,338 0x0 hidden=0 ownhide=0
          [233] kind=rectangle widget_type=3 trans=0 fill_mode=0 user_id=0x00a2a8a6 (162<<16|43174) dynamic abs=0,338 0x0 hidden=0 ownhide=0
          [234] kind=rectangle widget_type=3 trans=0 fill_mode=0 user_id=0x00a2a8a7 (162<<16|43175) dynamic abs=0,338 0x0 hidden=0 ownhide=0
          [235] kind=rectangle widget_type=3 trans=0 fill_mode=0 user_id=0x00a2a8a8 (162<<16|43176) dynamic abs=0,338 0x0 hidden=0 ownhide=0
          [236] kind=rectangle widget_type=3 trans=0 fill_mode=0 user_id=0x00a2a8a9 (162<<16|43177) dynamic abs=0,338 0x0 hidden=0 ownhide=0
          [237] kind=rectangle widget_type=3 trans=0 fill_mode=0 user_id=0x00a2a8aa (162<<16|43178) dynamic abs=0,338 0x0 hidden=0 ownhide=0
          [238] kind=rectangle widget_type=3 trans=0 fill_mode=0 user_id=0x00a2a8ab (162<<16|43179) dynamic abs=0,338 0x0 hidden=0 ownhide=0
          [239] kind=rectangle widget_type=3 trans=0 fill_mode=0 user_id=0x00a2a8ac (162<<16|43180) dynamic abs=0,338 0x0 hidden=0 ownhide=0
          [240] kind=rectangle widget_type=3 trans=0 fill_mode=0 user_id=0x00a2a8ad (162<<16|43181) dynamic abs=0,338 0x0 hidden=0 ownhide=0
          [241] kind=rectangle widget_type=3 trans=0 fill_mode=0 user_id=0x00a2a8ae (162<<16|43182) dynamic abs=0,338 0x0 hidden=0 ownhide=0
          [242] kind=rectangle widget_type=3 trans=0 fill_mode=0 user_id=0x00a2a8af (162<<16|43183) dynamic abs=0,338 0x0 hidden=0 ownhide=0
          [243] kind=rectangle widget_type=3 trans=0 fill_mode=0 user_id=0x00a2a8b0 (162<<16|43184) dynamic abs=0,338 0x0 hidden=0 ownhide=0
          [244] kind=rectangle widget_type=3 trans=0 fill_mode=0 user_id=0x00a2a8b1 (162<<16|43185) dynamic abs=0,338 0x0 hidden=0 ownhide=0
          [245] kind=rectangle widget_type=3 trans=0 fill_mode=0 user_id=0x00a2a8b2 (162<<16|43186) dynamic abs=0,338 0x0 hidden=0 ownhide=0
          [246] kind=rectangle widget_type=3 trans=0 fill_mode=0 user_id=0x00a2a8b3 (162<<16|43187) dynamic abs=0,338 0x0 hidden=0 ownhide=0
          [247] kind=rectangle widget_type=3 trans=0 fill_mode=0 user_id=0x00a2a8b4 (162<<16|43188) dynamic abs=0,338 0x0 hidden=0 ownhide=0
          [248] kind=rectangle widget_type=3 trans=0 fill_mode=0 user_id=0x00a2a8b5 (162<<16|43189) dynamic abs=0,338 0x0 hidden=0 ownhide=0
          [249] kind=rectangle widget_type=3 trans=0 fill_mode=0 user_id=0x00a2a8b6 (162<<16|43190) dynamic abs=0,338 0x0 hidden=0 ownhide=0
          [250] kind=rectangle widget_type=3 trans=0 fill_mode=0 user_id=0x00a2a8b7 (162<<16|43191) dynamic abs=0,338 0x0 hidden=0 ownhide=0
          [251] kind=rectangle widget_type=3 trans=0 fill_mode=0 user_id=0x00a2a8b8 (162<<16|43192) dynamic abs=0,338 0x0 hidden=0 ownhide=0
          [252] kind=rectangle widget_type=3 trans=0 fill_mode=0 user_id=0x00a2a8b9 (162<<16|43193) dynamic abs=0,338 0x0 hidden=0 ownhide=0
          [253] kind=rectangle widget_type=3 trans=0 fill_mode=0 user_id=0x00a2a8ba (162<<16|43194) dynamic abs=0,338 0x0 hidden=0 ownhide=0
          [254] kind=rectangle widget_type=3 trans=0 fill_mode=0 user_id=0x00a2a8bb (162<<16|43195) dynamic abs=0,338 0x0 hidden=0 ownhide=0
          [255] kind=rectangle widget_type=3 trans=0 fill_mode=0 user_id=0x00a2a8bc (162<<16|43196) dynamic abs=0,338 0x0 hidden=0 ownhide=0
          [256] kind=rectangle widget_type=3 trans=0 fill_mode=0 user_id=0x00a2a8bd (162<<16|43197) dynamic abs=0,338 0x0 hidden=0 ownhide=0
          [257] kind=rectangle widget_type=3 trans=0 fill_mode=0 user_id=0x00a2a8be (162<<16|43198) dynamic abs=0,338 0x0 hidden=0 ownhide=0
          [258] kind=rectangle widget_type=3 trans=0 fill_mode=0 user_id=0x00a2a8bf (162<<16|43199) dynamic abs=0,338 0x0 hidden=0 ownhide=0
          [259] kind=rectangle widget_type=3 trans=0 fill_mode=0 user_id=0x00a2a8c0 (162<<16|43200) dynamic abs=0,338 0x0 hidden=0 ownhide=0
          [260] kind=rectangle widget_type=3 trans=0 fill_mode=0 user_id=0x00a2a8c1 (162<<16|43201) dynamic abs=0,338 0x0 hidden=0 ownhide=0
          [261] kind=rectangle widget_type=3 trans=0 fill_mode=0 user_id=0x00a2a8c2 (162<<16|43202) dynamic abs=0,338 0x0 hidden=0 ownhide=0
          [262] kind=rectangle widget_type=3 trans=0 fill_mode=0 user_id=0x00a2a8c3 (162<<16|43203) dynamic abs=0,338 0x0 hidden=0 ownhide=0
          [263] kind=rectangle widget_type=3 trans=0 fill_mode=0 user_id=0x00a2a8c4 (162<<16|43204) dynamic abs=0,338 0x0 hidden=0 ownhide=0
          [264] kind=rectangle widget_type=3 trans=0 fill_mode=0 user_id=0x00a2a8c5 (162<<16|43205) dynamic abs=0,338 0x0 hidden=0 ownhide=0
          [265] kind=rectangle widget_type=3 trans=0 fill_mode=0 user_id=0x00a2a8c6 (162<<16|43206) dynamic abs=0,338 0x0 hidden=0 ownhide=0
          [266] kind=rectangle widget_type=3 trans=0 fill_mode=0 user_id=0x00a2a8c7 (162<<16|43207) dynamic abs=0,338 0x0 hidden=0 ownhide=0
          [267] kind=rectangle widget_type=3 trans=0 fill_mode=0 user_id=0x00a2a8c8 (162<<16|43208) dynamic abs=0,338 0x0 hidden=0 ownhide=0
          [268] kind=rectangle widget_type=3 trans=0 fill_mode=0 user_id=0x00a2a8c9 (162<<16|43209) dynamic abs=0,338 0x0 hidden=0 ownhide=0
          [269] kind=rectangle widget_type=3 trans=0 fill_mode=0 user_id=0x00a2a8ca (162<<16|43210) dynamic abs=0,338 0x0 hidden=0 ownhide=0
          [270] kind=rectangle widget_type=3 trans=0 fill_mode=0 user_id=0x00a2a8cb (162<<16|43211) dynamic abs=0,338 0x0 hidden=0 ownhide=0
          [271] kind=rectangle widget_type=3 trans=0 fill_mode=0 user_id=0x00a2a8cc (162<<16|43212) dynamic abs=0,338 0x0 hidden=0 ownhide=0
          [272] kind=rectangle widget_type=3 trans=0 fill_mode=0 user_id=0x00a2a8cd (162<<16|43213) dynamic abs=0,338 0x0 hidden=0 ownhide=0
          [273] kind=rectangle widget_type=3 trans=0 fill_mode=0 user_id=0x00a2a8ce (162<<16|43214) dynamic abs=0,338 0x0 hidden=0 ownhide=0
          [274] kind=rectangle widget_type=3 trans=0 fill_mode=0 user_id=0x00a2a8cf (162<<16|43215) dynamic abs=0,338 0x0 hidden=0 ownhide=0
          [275] kind=rectangle widget_type=3 trans=0 fill_mode=0 user_id=0x00a2a8d0 (162<<16|43216) dynamic abs=0,338 0x0 hidden=0 ownhide=0
          [276] kind=rectangle widget_type=3 trans=0 fill_mode=0 user_id=0x00a2a8d1 (162<<16|43217) dynamic abs=0,338 0x0 hidden=0 ownhide=0
          [277] kind=rectangle widget_type=3 trans=0 fill_mode=0 user_id=0x00a2a8d2 (162<<16|43218) dynamic abs=0,338 0x0 hidden=0 ownhide=0
          [278] kind=rectangle widget_type=3 trans=0 fill_mode=0 user_id=0x00a2a8d3 (162<<16|43219) dynamic abs=0,338 0x0 hidden=0 ownhide=0
          [279] kind=rectangle widget_type=3 trans=0 fill_mode=0 user_id=0x00a2a8d4 (162<<16|43220) dynamic abs=0,338 0x0 hidden=0 ownhide=0
          [280] kind=rectangle widget_type=3 trans=0 fill_mode=0 user_id=0x00a2a8d5 (162<<16|43221) dynamic abs=0,338 0x0 hidden=0 ownhide=0
          [281] kind=rectangle widget_type=3 trans=0 fill_mode=0 user_id=0x00a2a8d6 (162<<16|43222) dynamic abs=0,338 0x0 hidden=0 ownhide=0
          [282] kind=rectangle widget_type=3 trans=0 fill_mode=0 user_id=0x00a2a8d7 (162<<16|43223) dynamic abs=0,338 0x0 hidden=0 ownhide=0
          [283] kind=rectangle widget_type=3 trans=0 fill_mode=0 user_id=0x00a2a8d8 (162<<16|43224) dynamic abs=0,338 0x0 hidden=0 ownhide=0
          [284] kind=rectangle widget_type=3 trans=0 fill_mode=0 user_id=0x00a2a8d9 (162<<16|43225) dynamic abs=0,338 0x0 hidden=0 ownhide=0
          [285] kind=rectangle widget_type=3 trans=0 fill_mode=0 user_id=0x00a2a8da (162<<16|43226) dynamic abs=0,338 0x0 hidden=0 ownhide=0
          [286] kind=rectangle widget_type=3 trans=0 fill_mode=0 user_id=0x00a2a8db (162<<16|43227) dynamic abs=0,338 0x0 hidden=0 ownhide=0
          [287] kind=rectangle widget_type=3 trans=0 fill_mode=0 user_id=0x00a2a8dc (162<<16|43228) dynamic abs=0,338 0x0 hidden=0 ownhide=0
          [288] kind=rectangle widget_type=3 trans=0 fill_mode=0 user_id=0x00a2a8dd (162<<16|43229) dynamic abs=0,338 0x0 hidden=0 ownhide=0
          [289] kind=rectangle widget_type=3 trans=0 fill_mode=0 user_id=0x00a2a8de (162<<16|43230) dynamic abs=0,338 0x0 hidden=0 ownhide=0
          [290] kind=rectangle widget_type=3 trans=0 fill_mode=0 user_id=0x00a2a8df (162<<16|43231) dynamic abs=0,338 0x0 hidden=0 ownhide=0
          [291] kind=rectangle widget_type=3 trans=0 fill_mode=0 user_id=0x00a2a8e0 (162<<16|43232) dynamic abs=0,338 0x0 hidden=0 ownhide=0
          [292] kind=rectangle widget_type=3 trans=0 fill_mode=0 user_id=0x00a2a8e1 (162<<16|43233) dynamic abs=0,338 0x0 hidden=0 ownhide=0
          [293] kind=rectangle widget_type=3 trans=0 fill_mode=0 user_id=0x00a2a8e2 (162<<16|43234) dynamic abs=0,338 0x0 hidden=0 ownhide=0
          [294] kind=rectangle widget_type=3 trans=0 fill_mode=0 user_id=0x00a2a8e3 (162<<16|43235) dynamic abs=0,338 0x0 hidden=0 ownhide=0
          [295] kind=rectangle widget_type=3 trans=0 fill_mode=0 user_id=0x00a2a8e4 (162<<16|43236) dynamic abs=0,338 0x0 hidden=0 ownhide=0
          [296] kind=rectangle widget_type=3 trans=0 fill_mode=0 user_id=0x00a2a8e5 (162<<16|43237) dynamic abs=0,338 0x0 hidden=0 ownhide=0
          [297] kind=rectangle widget_type=3 trans=0 fill_mode=0 user_id=0x00a2a8e6 (162<<16|43238) dynamic abs=0,338 0x0 hidden=0 ownhide=0
          [298] kind=rectangle widget_type=3 trans=0 fill_mode=0 user_id=0x00a2a8e7 (162<<16|43239) dynamic abs=0,338 0x0 hidden=0 ownhide=0
          [299] kind=rectangle widget_type=3 trans=0 fill_mode=0 user_id=0x00a2a8e8 (162<<16|43240) dynamic abs=0,338 0x0 hidden=0 ownhide=0
          [300] kind=rectangle widget_type=3 trans=0 fill_mode=0 user_id=0x00a2a8e9 (162<<16|43241) dynamic abs=0,338 0x0 hidden=0 ownhide=0
          [301] kind=rectangle widget_type=3 trans=0 fill_mode=0 user_id=0x00a2a8ea (162<<16|43242) dynamic abs=0,338 0x0 hidden=0 ownhide=0
          [302] kind=rectangle widget_type=3 trans=0 fill_mode=0 user_id=0x00a2a8eb (162<<16|43243) dynamic abs=0,338 0x0 hidden=0 ownhide=0
          [303] kind=rectangle widget_type=3 trans=0 fill_mode=0 user_id=0x00a2a8ec (162<<16|43244) dynamic abs=0,338 0x0 hidden=0 ownhide=0
          [304] kind=rectangle widget_type=3 trans=0 fill_mode=0 user_id=0x00a2a8ed (162<<16|43245) dynamic abs=0,338 0x0 hidden=0 ownhide=0
          [305] kind=rectangle widget_type=3 trans=0 fill_mode=0 user_id=0x00a2a8ee (162<<16|43246) dynamic abs=0,338 0x0 hidden=0 ownhide=0
          [306] kind=rectangle widget_type=3 trans=0 fill_mode=0 user_id=0x00a2a8ef (162<<16|43247) dynamic abs=0,338 0x0 hidden=0 ownhide=0
          [307] kind=rectangle widget_type=3 trans=0 fill_mode=0 user_id=0x00a2a8f0 (162<<16|43248) dynamic abs=0,338 0x0 hidden=0 ownhide=0
          [308] kind=rectangle widget_type=3 trans=0 fill_mode=0 user_id=0x00a2a8f1 (162<<16|43249) dynamic abs=0,338 0x0 hidden=0 ownhide=0
          [309] kind=rectangle widget_type=3 trans=0 fill_mode=0 user_id=0x00a2a8f2 (162<<16|43250) dynamic abs=0,338 0x0 hidden=0 ownhide=0
          [310] kind=rectangle widget_type=3 trans=0 fill_mode=0 user_id=0x00a2a8f3 (162<<16|43251) dynamic abs=0,338 0x0 hidden=0 ownhide=0
          [311] kind=rectangle widget_type=3 trans=0 fill_mode=0 user_id=0x00a2a8f4 (162<<16|43252) dynamic abs=0,338 0x0 hidden=0 ownhide=0
          [312] kind=rectangle widget_type=3 trans=0 fill_mode=0 user_id=0x00a2a8f5 (162<<16|43253) dynamic abs=0,338 0x0 hidden=0 ownhide=0
          [313] kind=rectangle widget_type=3 trans=0 fill_mode=0 user_id=0x00a2a8f6 (162<<16|43254) dynamic abs=0,338 0x0 hidden=0 ownhide=0
          [314] kind=rectangle widget_type=3 trans=0 fill_mode=0 user_id=0x00a2a8f7 (162<<16|43255) dynamic abs=0,338 0x0 hidden=0 ownhide=0
          [315] kind=rectangle widget_type=3 trans=0 fill_mode=0 user_id=0x00a2a8f8 (162<<16|43256) dynamic abs=0,338 0x0 hidden=0 ownhide=0
          [316] kind=rectangle widget_type=3 trans=0 fill_mode=0 user_id=0x00a2a8f9 (162<<16|43257) dynamic abs=0,338 0x0 hidden=0 ownhide=0
          [317] kind=rectangle widget_type=3 trans=0 fill_mode=0 user_id=0x00a2a8fa (162<<16|43258) dynamic abs=0,338 0x0 hidden=0 ownhide=0
          [318] kind=rectangle widget_type=3 trans=0 fill_mode=0 user_id=0x00a2a8fb (162<<16|43259) dynamic abs=0,338 0x0 hidden=0 ownhide=0
          [319] kind=rectangle widget_type=3 trans=0 fill_mode=0 user_id=0x00a2a8fc (162<<16|43260) dynamic abs=0,338 0x0 hidden=0 ownhide=0
          [320] kind=rectangle widget_type=3 trans=0 fill_mode=0 user_id=0x00a2a8fd (162<<16|43261) dynamic abs=0,338 0x0 hidden=0 ownhide=0
          [321] kind=rectangle widget_type=3 trans=0 fill_mode=0 user_id=0x00a2a8fe (162<<16|43262) dynamic abs=0,338 0x0 hidden=0 ownhide=0
          [322] kind=rectangle widget_type=3 trans=0 fill_mode=0 user_id=0x00a2a8ff (162<<16|43263) dynamic abs=0,338 0x0 hidden=0 ownhide=0
          [323] kind=rectangle widget_type=3 trans=0 fill_mode=0 user_id=0x00a2a900 (162<<16|43264) dynamic abs=0,338 0x0 hidden=0 ownhide=0
          [324] kind=rectangle widget_type=3 trans=0 fill_mode=0 user_id=0x00a2a901 (162<<16|43265) dynamic abs=0,338 0x0 hidden=0 ownhide=0
          [325] kind=rectangle widget_type=3 trans=0 fill_mode=0 user_id=0x00a2a902 (162<<16|43266) dynamic abs=0,338 0x0 hidden=0 ownhide=0
          [326] kind=rectangle widget_type=3 trans=0 fill_mode=0 user_id=0x00a2a903 (162<<16|43267) dynamic abs=0,338 0x0 hidden=0 ownhide=0
          [327] kind=rectangle widget_type=3 trans=0 fill_mode=0 user_id=0x00a2a904 (162<<16|43268) dynamic abs=0,338 0x0 hidden=0 ownhide=0
          [328] kind=rectangle widget_type=3 trans=0 fill_mode=0 user_id=0x00a2a905 (162<<16|43269) dynamic abs=0,338 0x0 hidden=0 ownhide=0
          [329] kind=rectangle widget_type=3 trans=0 fill_mode=0 user_id=0x00a2a906 (162<<16|43270) dynamic abs=0,338 0x0 hidden=0 ownhide=0
          [330] kind=rectangle widget_type=3 trans=0 fill_mode=0 user_id=0x00a2a907 (162<<16|43271) dynamic abs=0,338 0x0 hidden=0 ownhide=0
          [331] kind=rectangle widget_type=3 trans=0 fill_mode=0 user_id=0x00a2a908 (162<<16|43272) dynamic abs=0,338 0x0 hidden=0 ownhide=0
          [332] kind=rectangle widget_type=3 trans=0 fill_mode=0 user_id=0x00a2a909 (162<<16|43273) dynamic abs=0,338 0x0 hidden=0 ownhide=0
          [333] kind=rectangle widget_type=3 trans=0 fill_mode=0 user_id=0x00a2a90a (162<<16|43274) dynamic abs=0,338 0x0 hidden=0 ownhide=0
          [334] kind=rectangle widget_type=3 trans=0 fill_mode=0 user_id=0x00a2a90b (162<<16|43275) dynamic abs=0,338 0x0 hidden=0 ownhide=0
          [335] kind=rectangle widget_type=3 trans=0 fill_mode=0 user_id=0x00a2a90c (162<<16|43276) dynamic abs=0,338 0x0 hidden=0 ownhide=0
          [336] kind=rectangle widget_type=3 trans=0 fill_mode=0 user_id=0x00a2a90d (162<<16|43277) dynamic abs=0,338 0x0 hidden=0 ownhide=0
          [337] kind=rectangle widget_type=3 trans=0 fill_mode=0 user_id=0x00a2a90e (162<<16|43278) dynamic abs=0,338 0x0 hidden=0 ownhide=0
          [338] kind=rectangle widget_type=3 trans=0 fill_mode=0 user_id=0x00a2a90f (162<<16|43279) dynamic abs=0,338 0x0 hidden=0 ownhide=0
          [339] kind=rectangle widget_type=3 trans=0 fill_mode=0 user_id=0x00a2a910 (162<<16|43280) dynamic abs=0,338 0x0 hidden=0 ownhide=0
          [340] kind=rectangle widget_type=3 trans=0 fill_mode=0 user_id=0x00a2a911 (162<<16|43281) dynamic abs=0,338 0x0 hidden=0 ownhide=0
          [341] kind=rectangle widget_type=3 trans=0 fill_mode=0 user_id=0x00a2a912 (162<<16|43282) dynamic abs=0,338 0x0 hidden=0 ownhide=0
          [342] kind=rectangle widget_type=3 trans=0 fill_mode=0 user_id=0x00a2a913 (162<<16|43283) dynamic abs=0,338 0x0 hidden=0 ownhide=0
          [343] kind=rectangle widget_type=3 trans=0 fill_mode=0 user_id=0x00a2a914 (162<<16|43284) dynamic abs=0,338 0x0 hidden=0 ownhide=0
          [344] kind=rectangle widget_type=3 trans=0 fill_mode=0 user_id=0x00a2a915 (162<<16|43285) dynamic abs=0,338 0x0 hidden=0 ownhide=0
          [345] kind=rectangle widget_type=3 trans=0 fill_mode=0 user_id=0x00a2a916 (162<<16|43286) dynamic abs=0,338 0x0 hidden=0 ownhide=0
          [346] kind=rectangle widget_type=3 trans=0 fill_mode=0 user_id=0x00a2a917 (162<<16|43287) dynamic abs=0,338 0x0 hidden=0 ownhide=0
          [347] kind=rectangle widget_type=3 trans=0 fill_mode=0 user_id=0x00a2a918 (162<<16|43288) dynamic abs=0,338 0x0 hidden=0 ownhide=0
          [348] kind=rectangle widget_type=3 trans=0 fill_mode=0 user_id=0x00a2a919 (162<<16|43289) dynamic abs=0,338 0x0 hidden=0 ownhide=0
          [349] kind=rectangle widget_type=3 trans=0 fill_mode=0 user_id=0x00a2a91a (162<<16|43290) dynamic abs=0,338 0x0 hidden=0 ownhide=0
          [350] kind=rectangle widget_type=3 trans=0 fill_mode=0 user_id=0x00a2a91b (162<<16|43291) dynamic abs=0,338 0x0 hidden=0 ownhide=0
          [351] kind=rectangle widget_type=3 trans=0 fill_mode=0 user_id=0x00a2a91c (162<<16|43292) dynamic abs=0,338 0x0 hidden=0 ownhide=0
          [352] kind=rectangle widget_type=3 trans=0 fill_mode=0 user_id=0x00a2a91d (162<<16|43293) dynamic abs=0,338 0x0 hidden=0 ownhide=0
          [353] kind=rectangle widget_type=3 trans=0 fill_mode=0 user_id=0x00a2a91e (162<<16|43294) dynamic abs=0,338 0x0 hidden=0 ownhide=0
          [354] kind=rectangle widget_type=3 trans=0 fill_mode=0 user_id=0x00a2a91f (162<<16|43295) dynamic abs=0,338 0x0 hidden=0 ownhide=0
          [355] kind=rectangle widget_type=3 trans=0 fill_mode=0 user_id=0x00a2a920 (162<<16|43296) dynamic abs=0,338 0x0 hidden=0 ownhide=0
          [356] kind=rectangle widget_type=3 trans=0 fill_mode=0 user_id=0x00a2a921 (162<<16|43297) dynamic abs=0,338 0x0 hidden=0 ownhide=0
          [357] kind=rectangle widget_type=3 trans=0 fill_mode=0 user_id=0x00a2a922 (162<<16|43298) dynamic abs=0,338 0x0 hidden=0 ownhide=0
          [358] kind=rectangle widget_type=3 trans=0 fill_mode=0 user_id=0x00a2a923 (162<<16|43299) dynamic abs=0,338 0x0 hidden=0 ownhide=0
          [359] kind=rectangle widget_type=3 trans=0 fill_mode=0 user_id=0x00a2a924 (162<<16|43300) dynamic abs=0,338 0x0 hidden=0 ownhide=0
          [360] kind=rectangle widget_type=3 trans=0 fill_mode=0 user_id=0x00a2a925 (162<<16|43301) dynamic abs=0,338 0x0 hidden=0 ownhide=0
          [361] kind=rectangle widget_type=3 trans=0 fill_mode=0 user_id=0x00a2a926 (162<<16|43302) dynamic abs=0,338 0x0 hidden=0 ownhide=0
          [362] kind=rectangle widget_type=3 trans=0 fill_mode=0 user_id=0x00a2a927 (162<<16|43303) dynamic abs=0,338 0x0 hidden=0 ownhide=0
          [363] kind=rectangle widget_type=3 trans=0 fill_mode=0 user_id=0x00a2a928 (162<<16|43304) dynamic abs=0,338 0x0 hidden=0 ownhide=0
          [364] kind=rectangle widget_type=3 trans=0 fill_mode=0 user_id=0x00a2a929 (162<<16|43305) dynamic abs=0,338 0x0 hidden=0 ownhide=0
          [365] kind=rectangle widget_type=3 trans=0 fill_mode=0 user_id=0x00a2a92a (162<<16|43306) dynamic abs=0,338 0x0 hidden=0 ownhide=0
          [366] kind=rectangle widget_type=3 trans=0 fill_mode=0 user_id=0x00a2a92b (162<<16|43307) dynamic abs=0,338 0x0 hidden=0 ownhide=0
          [367] kind=rectangle widget_type=3 trans=0 fill_mode=0 user_id=0x00a2a92c (162<<16|43308) dynamic abs=0,338 0x0 hidden=0 ownhide=0
          [368] kind=rectangle widget_type=3 trans=0 fill_mode=0 user_id=0x00a2a92d (162<<16|43309) dynamic abs=0,338 0x0 hidden=0 ownhide=0
          [369] kind=rectangle widget_type=3 trans=0 fill_mode=0 user_id=0x00a2a92e (162<<16|43310) dynamic abs=0,338 0x0 hidden=0 ownhide=0
          [370] kind=rectangle widget_type=3 trans=0 fill_mode=0 user_id=0x00a2a92f (162<<16|43311) dynamic abs=0,338 0x0 hidden=0 ownhide=0
          [371] kind=rectangle widget_type=3 trans=0 fill_mode=0 user_id=0x00a2a930 (162<<16|43312) dynamic abs=0,338 0x0 hidden=0 ownhide=0
          [372] kind=rectangle widget_type=3 trans=0 fill_mode=0 user_id=0x00a2a931 (162<<16|43313) dynamic abs=0,338 0x0 hidden=0 ownhide=0
          [373] kind=rectangle widget_type=3 trans=0 fill_mode=0 user_id=0x00a2a932 (162<<16|43314) dynamic abs=0,338 0x0 hidden=0 ownhide=0
          [374] kind=rectangle widget_type=3 trans=0 fill_mode=0 user_id=0x00a2a933 (162<<16|43315) dynamic abs=0,338 0x0 hidden=0 ownhide=0
          [375] kind=rectangle widget_type=3 trans=0 fill_mode=0 user_id=0x00a2a934 (162<<16|43316) dynamic abs=0,338 0x0 hidden=0 ownhide=0
          [376] kind=rectangle widget_type=3 trans=0 fill_mode=0 user_id=0x00a2a935 (162<<16|43317) dynamic abs=0,338 0x0 hidden=0 ownhide=0
          [377] kind=rectangle widget_type=3 trans=0 fill_mode=0 user_id=0x00a2a936 (162<<16|43318) dynamic abs=0,338 0x0 hidden=0 ownhide=0
          [378] kind=rectangle widget_type=3 trans=0 fill_mode=0 user_id=0x00a2a937 (162<<16|43319) dynamic abs=0,338 0x0 hidden=0 ownhide=0
          [379] kind=rectangle widget_type=3 trans=0 fill_mode=0 user_id=0x00a2a938 (162<<16|43320) dynamic abs=0,338 0x0 hidden=0 ownhide=0
          [380] kind=rectangle widget_type=3 trans=0 fill_mode=0 user_id=0x00a2a939 (162<<16|43321) dynamic abs=0,338 0x0 hidden=0 ownhide=0
          [381] kind=rectangle widget_type=3 trans=0 fill_mode=0 user_id=0x00a2a93a (162<<16|43322) dynamic abs=0,338 0x0 hidden=0 ownhide=0
          [382] kind=rectangle widget_type=3 trans=0 fill_mode=0 user_id=0x00a2a93b (162<<16|43323) dynamic abs=0,338 0x0 hidden=0 ownhide=0
          [383] kind=rectangle widget_type=3 trans=0 fill_mode=0 user_id=0x00a2a93c (162<<16|43324) dynamic abs=0,338 0x0 hidden=0 ownhide=0
          [384] kind=rectangle widget_type=3 trans=0 fill_mode=0 user_id=0x00a2a93d (162<<16|43325) dynamic abs=0,338 0x0 hidden=0 ownhide=0
          [385] kind=rectangle widget_type=3 trans=0 fill_mode=0 user_id=0x00a2a93e (162<<16|43326) dynamic abs=0,338 0x0 hidden=0 ownhide=0
          [386] kind=rectangle widget_type=3 trans=0 fill_mode=0 user_id=0x00a2a93f (162<<16|43327) dynamic abs=0,338 0x0 hidden=0 ownhide=0
          [387] kind=rectangle widget_type=3 trans=0 fill_mode=0 user_id=0x00a2a940 (162<<16|43328) dynamic abs=0,338 0x0 hidden=0 ownhide=0
          [388] kind=rectangle widget_type=3 trans=0 fill_mode=0 user_id=0x00a2a941 (162<<16|43329) dynamic abs=0,338 0x0 hidden=0 ownhide=0
          [389] kind=rectangle widget_type=3 trans=0 fill_mode=0 user_id=0x00a2a942 (162<<16|43330) dynamic abs=0,338 0x0 hidden=0 ownhide=0
          [390] kind=rectangle widget_type=3 trans=0 fill_mode=0 user_id=0x00a2a943 (162<<16|43331) dynamic abs=0,338 0x0 hidden=0 ownhide=0
          [391] kind=rectangle widget_type=3 trans=0 fill_mode=0 user_id=0x00a2a944 (162<<16|43332) dynamic abs=0,338 0x0 hidden=0 ownhide=0
          [392] kind=rectangle widget_type=3 trans=0 fill_mode=0 user_id=0x00a2a945 (162<<16|43333) dynamic abs=0,338 0x0 hidden=0 ownhide=0
          [393] kind=rectangle widget_type=3 trans=0 fill_mode=0 user_id=0x00a2a946 (162<<16|43334) dynamic abs=0,338 0x0 hidden=0 ownhide=0
          [394] kind=rectangle widget_type=3 trans=0 fill_mode=0 user_id=0x00a2a947 (162<<16|43335) dynamic abs=0,338 0x0 hidden=0 ownhide=0
          [395] kind=rectangle widget_type=3 trans=0 fill_mode=0 user_id=0x00a2a948 (162<<16|43336) dynamic abs=0,338 0x0 hidden=0 ownhide=0
          [396] kind=rectangle widget_type=3 trans=0 fill_mode=0 user_id=0x00a2a949 (162<<16|43337) dynamic abs=0,338 0x0 hidden=0 ownhide=0
          [397] kind=rectangle widget_type=3 trans=0 fill_mode=0 user_id=0x00a2a94a (162<<16|43338) dynamic abs=0,338 0x0 hidden=0 ownhide=0
          [398] kind=rectangle widget_type=3 trans=0 fill_mode=0 user_id=0x00a2a94b (162<<16|43339) dynamic abs=0,338 0x0 hidden=0 ownhide=0
          [399] kind=rectangle widget_type=3 trans=0 fill_mode=0 user_id=0x00a2a94c (162<<16|43340) dynamic abs=0,338 0x0 hidden=0 ownhide=0
          [400] kind=rectangle widget_type=3 trans=0 fill_mode=0 user_id=0x00a2a94d (162<<16|43341) dynamic abs=0,338 0x0 hidden=0 ownhide=0
          [401] kind=rectangle widget_type=3 trans=0 fill_mode=0 user_id=0x00a2a94e (162<<16|43342) dynamic abs=0,338 0x0 hidden=0 ownhide=0
          [402] kind=rectangle widget_type=3 trans=0 fill_mode=0 user_id=0x00a2a94f (162<<16|43343) dynamic abs=0,338 0x0 hidden=0 ownhide=0
          [403] kind=rectangle widget_type=3 trans=0 fill_mode=0 user_id=0x00a2a950 (162<<16|43344) dynamic abs=0,338 0x0 hidden=0 ownhide=0
          [404] kind=rectangle widget_type=3 trans=0 fill_mode=0 user_id=0x00a2a951 (162<<16|43345) dynamic abs=0,338 0x0 hidden=0 ownhide=0
          [405] kind=rectangle widget_type=3 trans=0 fill_mode=0 user_id=0x00a2a952 (162<<16|43346) dynamic abs=0,338 0x0 hidden=0 ownhide=0
          [406] kind=rectangle widget_type=3 trans=0 fill_mode=0 user_id=0x00a2a953 (162<<16|43347) dynamic abs=0,338 0x0 hidden=0 ownhide=0
          [407] kind=rectangle widget_type=3 trans=0 fill_mode=0 user_id=0x00a2a954 (162<<16|43348) dynamic abs=0,338 0x0 hidden=0 ownhide=0
          [408] kind=rectangle widget_type=3 trans=0 fill_mode=0 user_id=0x00a2a955 (162<<16|43349) dynamic abs=0,338 0x0 hidden=0 ownhide=0
          [409] kind=rectangle widget_type=3 trans=0 fill_mode=0 user_id=0x00a2a956 (162<<16|43350) dynamic abs=0,338 0x0 hidden=0 ownhide=0
          [410] kind=rectangle widget_type=3 trans=0 fill_mode=0 user_id=0x00a2a957 (162<<16|43351) dynamic abs=0,338 0x0 hidden=0 ownhide=0
          [411] kind=rectangle widget_type=3 trans=0 fill_mode=0 user_id=0x00a2a958 (162<<16|43352) dynamic abs=0,338 0x0 hidden=0 ownhide=0
          [412] kind=rectangle widget_type=3 trans=0 fill_mode=0 user_id=0x00a2a959 (162<<16|43353) dynamic abs=0,338 0x0 hidden=0 ownhide=0
          [413] kind=rectangle widget_type=3 trans=0 fill_mode=0 user_id=0x00a2a95a (162<<16|43354) dynamic abs=0,338 0x0 hidden=0 ownhide=0
          [414] kind=rectangle widget_type=3 trans=0 fill_mode=0 user_id=0x00a2a95b (162<<16|43355) dynamic abs=0,338 0x0 hidden=0 ownhide=0
          [415] kind=rectangle widget_type=3 trans=0 fill_mode=0 user_id=0x00a2a95c (162<<16|43356) dynamic abs=0,338 0x0 hidden=0 ownhide=0
          [416] kind=rectangle widget_type=3 trans=0 fill_mode=0 user_id=0x00a2a95d (162<<16|43357) dynamic abs=0,338 0x0 hidden=0 ownhide=0
          [417] kind=rectangle widget_type=3 trans=0 fill_mode=0 user_id=0x00a2a95e (162<<16|43358) dynamic abs=0,338 0x0 hidden=0 ownhide=0
          [418] kind=rectangle widget_type=3 trans=0 fill_mode=0 user_id=0x00a2a95f (162<<16|43359) dynamic abs=0,338 0x0 hidden=0 ownhide=0
          [419] kind=rectangle widget_type=3 trans=0 fill_mode=0 user_id=0x00a2a960 (162<<16|43360) dynamic abs=0,338 0x0 hidden=0 ownhide=0
          [420] kind=rectangle widget_type=3 trans=0 fill_mode=0 user_id=0x00a2a961 (162<<16|43361) dynamic abs=0,338 0x0 hidden=0 ownhide=0
          [421] kind=rectangle widget_type=3 trans=0 fill_mode=0 user_id=0x00a2a962 (162<<16|43362) dynamic abs=0,338 0x0 hidden=0 ownhide=0
          [422] kind=rectangle widget_type=3 trans=0 fill_mode=0 user_id=0x00a2a963 (162<<16|43363) dynamic abs=0,338 0x0 hidden=0 ownhide=0
          [423] kind=rectangle widget_type=3 trans=0 fill_mode=0 user_id=0x00a2a964 (162<<16|43364) dynamic abs=0,338 0x0 hidden=0 ownhide=0
          [424] kind=rectangle widget_type=3 trans=0 fill_mode=0 user_id=0x00a2a965 (162<<16|43365) dynamic abs=0,338 0x0 hidden=0 ownhide=0
          [425] kind=rectangle widget_type=3 trans=0 fill_mode=0 user_id=0x00a2a966 (162<<16|43366) dynamic abs=0,338 0x0 hidden=0 ownhide=0
          [426] kind=rectangle widget_type=3 trans=0 fill_mode=0 user_id=0x00a2a967 (162<<16|43367) dynamic abs=0,338 0x0 hidden=0 ownhide=0
          [427] kind=rectangle widget_type=3 trans=0 fill_mode=0 user_id=0x00a2a968 (162<<16|43368) dynamic abs=0,338 0x0 hidden=0 ownhide=0
          [428] kind=rectangle widget_type=3 trans=0 fill_mode=0 user_id=0x00a2a969 (162<<16|43369) dynamic abs=0,338 0x0 hidden=0 ownhide=0
          [429] kind=rectangle widget_type=3 trans=0 fill_mode=0 user_id=0x00a2a96a (162<<16|43370) dynamic abs=0,338 0x0 hidden=0 ownhide=0
          [430] kind=rectangle widget_type=3 trans=0 fill_mode=0 user_id=0x00a2a96b (162<<16|43371) dynamic abs=0,338 0x0 hidden=0 ownhide=0
          [431] kind=rectangle widget_type=3 trans=0 fill_mode=0 user_id=0x00a2a96c (162<<16|43372) dynamic abs=0,338 0x0 hidden=0 ownhide=0
          [432] kind=rectangle widget_type=3 trans=0 fill_mode=0 user_id=0x00a2a96d (162<<16|43373) dynamic abs=0,338 0x0 hidden=0 ownhide=0
          [433] kind=rectangle widget_type=3 trans=0 fill_mode=0 user_id=0x00a2a96e (162<<16|43374) dynamic abs=0,338 0x0 hidden=0 ownhide=0
          [434] kind=rectangle widget_type=3 trans=0 fill_mode=0 user_id=0x00a2a96f (162<<16|43375) dynamic abs=0,338 0x0 hidden=0 ownhide=0
          [435] kind=rectangle widget_type=3 trans=0 fill_mode=0 user_id=0x00a2a970 (162<<16|43376) dynamic abs=0,338 0x0 hidden=0 ownhide=0
          [436] kind=rectangle widget_type=3 trans=0 fill_mode=0 user_id=0x00a2a971 (162<<16|43377) dynamic abs=0,338 0x0 hidden=0 ownhide=0
          [437] kind=rectangle widget_type=3 trans=0 fill_mode=0 user_id=0x00a2a972 (162<<16|43378) dynamic abs=0,338 0x0 hidden=0 ownhide=0
          [438] kind=rectangle widget_type=3 trans=0 fill_mode=0 user_id=0x00a2a973 (162<<16|43379) dynamic abs=0,338 0x0 hidden=0 ownhide=0
          [439] kind=rectangle widget_type=3 trans=0 fill_mode=0 user_id=0x00a2a974 (162<<16|43380) dynamic abs=0,338 0x0 hidden=0 ownhide=0
          [440] kind=rectangle widget_type=3 trans=0 fill_mode=0 user_id=0x00a2a975 (162<<16|43381) dynamic abs=0,338 0x0 hidden=0 ownhide=0
          [441] kind=rectangle widget_type=3 trans=0 fill_mode=0 user_id=0x00a2a976 (162<<16|43382) dynamic abs=0,338 0x0 hidden=0 ownhide=0
          [442] kind=rectangle widget_type=3 trans=0 fill_mode=0 user_id=0x00a2a977 (162<<16|43383) dynamic abs=0,338 0x0 hidden=0 ownhide=0
          [443] kind=rectangle widget_type=3 trans=0 fill_mode=0 user_id=0x00a2a978 (162<<16|43384) dynamic abs=0,338 0x0 hidden=0 ownhide=0
          [444] kind=rectangle widget_type=3 trans=0 fill_mode=0 user_id=0x00a2a979 (162<<16|43385) dynamic abs=0,338 0x0 hidden=0 ownhide=0
          [445] kind=rectangle widget_type=3 trans=0 fill_mode=0 user_id=0x00a2a97a (162<<16|43386) dynamic abs=0,338 0x0 hidden=0 ownhide=0
          [446] kind=rectangle widget_type=3 trans=0 fill_mode=0 user_id=0x00a2a97b (162<<16|43387) dynamic abs=0,338 0x0 hidden=0 ownhide=0
          [447] kind=rectangle widget_type=3 trans=0 fill_mode=0 user_id=0x00a2a97c (162<<16|43388) dynamic abs=0,338 0x0 hidden=0 ownhide=0
          [448] kind=rectangle widget_type=3 trans=0 fill_mode=0 user_id=0x00a2a97d (162<<16|43389) dynamic abs=0,338 0x0 hidden=0 ownhide=0
          [449] kind=rectangle widget_type=3 trans=0 fill_mode=0 user_id=0x00a2a97e (162<<16|43390) dynamic abs=0,338 0x0 hidden=0 ownhide=0
          [450] kind=rectangle widget_type=3 trans=0 fill_mode=0 user_id=0x00a2a97f (162<<16|43391) dynamic abs=0,338 0x0 hidden=0 ownhide=0
          [451] kind=rectangle widget_type=3 trans=0 fill_mode=0 user_id=0x00a2a980 (162<<16|43392) dynamic abs=0,338 0x0 hidden=0 ownhide=0
          [452] kind=rectangle widget_type=3 trans=0 fill_mode=0 user_id=0x00a2a981 (162<<16|43393) dynamic abs=0,338 0x0 hidden=0 ownhide=0
          [453] kind=rectangle widget_type=3 trans=0 fill_mode=0 user_id=0x00a2a982 (162<<16|43394) dynamic abs=0,338 0x0 hidden=0 ownhide=0
          [454] kind=rectangle widget_type=3 trans=0 fill_mode=0 user_id=0x00a2a983 (162<<16|43395) dynamic abs=0,338 0x0 hidden=0 ownhide=0
          [455] kind=rectangle widget_type=3 trans=0 fill_mode=0 user_id=0x00a2a984 (162<<16|43396) dynamic abs=0,338 0x0 hidden=0 ownhide=0
          [456] kind=rectangle widget_type=3 trans=0 fill_mode=0 user_id=0x00a2a985 (162<<16|43397) dynamic abs=0,338 0x0 hidden=0 ownhide=0
          [457] kind=rectangle widget_type=3 trans=0 fill_mode=0 user_id=0x00a2a986 (162<<16|43398) dynamic abs=0,338 0x0 hidden=0 ownhide=0
          [458] kind=rectangle widget_type=3 trans=0 fill_mode=0 user_id=0x00a2a987 (162<<16|43399) dynamic abs=0,338 0x0 hidden=0 ownhide=0
          [459] kind=rectangle widget_type=3 trans=0 fill_mode=0 user_id=0x00a2a988 (162<<16|43400) dynamic abs=0,338 0x0 hidden=0 ownhide=0
          [460] kind=rectangle widget_type=3 trans=0 fill_mode=0 user_id=0x00a2a989 (162<<16|43401) dynamic abs=0,338 0x0 hidden=0 ownhide=0
          [461] kind=rectangle widget_type=3 trans=0 fill_mode=0 user_id=0x00a2a98a (162<<16|43402) dynamic abs=0,338 0x0 hidden=0 ownhide=0
          [462] kind=rectangle widget_type=3 trans=0 fill_mode=0 user_id=0x00a2a98b (162<<16|43403) dynamic abs=0,338 0x0 hidden=0 ownhide=0
          [463] kind=rectangle widget_type=3 trans=0 fill_mode=0 user_id=0x00a2a98c (162<<16|43404) dynamic abs=0,338 0x0 hidden=0 ownhide=0
          [464] kind=rectangle widget_type=3 trans=0 fill_mode=0 user_id=0x00a2a98d (162<<16|43405) dynamic abs=0,338 0x0 hidden=0 ownhide=0
          [465] kind=rectangle widget_type=3 trans=0 fill_mode=0 user_id=0x00a2a98e (162<<16|43406) dynamic abs=0,338 0x0 hidden=0 ownhide=0
          [466] kind=rectangle widget_type=3 trans=0 fill_mode=0 user_id=0x00a2a98f (162<<16|43407) dynamic abs=0,338 0x0 hidden=0 ownhide=0
          [467] kind=rectangle widget_type=3 trans=0 fill_mode=0 user_id=0x00a2a990 (162<<16|43408) dynamic abs=0,338 0x0 hidden=0 ownhide=0
          [468] kind=rectangle widget_type=3 trans=0 fill_mode=0 user_id=0x00a2a991 (162<<16|43409) dynamic abs=0,338 0x0 hidden=0 ownhide=0
          [469] kind=rectangle widget_type=3 trans=0 fill_mode=0 user_id=0x00a2a992 (162<<16|43410) dynamic abs=0,338 0x0 hidden=0 ownhide=0
          [470] kind=rectangle widget_type=3 trans=0 fill_mode=0 user_id=0x00a2a993 (162<<16|43411) dynamic abs=0,338 0x0 hidden=0 ownhide=0
          [471] kind=rectangle widget_type=3 trans=0 fill_mode=0 user_id=0x00a2a994 (162<<16|43412) dynamic abs=0,338 0x0 hidden=0 ownhide=0
          [472] kind=rectangle widget_type=3 trans=0 fill_mode=0 user_id=0x00a2a995 (162<<16|43413) dynamic abs=0,338 0x0 hidden=0 ownhide=0
          [473] kind=rectangle widget_type=3 trans=0 fill_mode=0 user_id=0x00a2a996 (162<<16|43414) dynamic abs=0,338 0x0 hidden=0 ownhide=0
          [474] kind=rectangle widget_type=3 trans=0 fill_mode=0 user_id=0x00a2a997 (162<<16|43415) dynamic abs=0,338 0x0 hidden=0 ownhide=0
          [475] kind=rectangle widget_type=3 trans=0 fill_mode=0 user_id=0x00a2a998 (162<<16|43416) dynamic abs=0,338 0x0 hidden=0 ownhide=0
          [476] kind=rectangle widget_type=3 trans=0 fill_mode=0 user_id=0x00a2a999 (162<<16|43417) dynamic abs=0,338 0x0 hidden=0 ownhide=0
          [477] kind=rectangle widget_type=3 trans=0 fill_mode=0 user_id=0x00a2a99a (162<<16|43418) dynamic abs=0,338 0x0 hidden=0 ownhide=0
          [478] kind=rectangle widget_type=3 trans=0 fill_mode=0 user_id=0x00a2a99b (162<<16|43419) dynamic abs=0,338 0x0 hidden=0 ownhide=0
          [479] kind=rectangle widget_type=3 trans=0 fill_mode=0 user_id=0x00a2a99c (162<<16|43420) dynamic abs=0,338 0x0 hidden=0 ownhide=0
          [480] kind=rectangle widget_type=3 trans=0 fill_mode=0 user_id=0x00a2a99d (162<<16|43421) dynamic abs=0,338 0x0 hidden=0 ownhide=0
          [481] kind=rectangle widget_type=3 trans=0 fill_mode=0 user_id=0x00a2a99e (162<<16|43422) dynamic abs=0,338 0x0 hidden=0 ownhide=0
          [482] kind=rectangle widget_type=3 trans=0 fill_mode=0 user_id=0x00a2a99f (162<<16|43423) dynamic abs=0,338 0x0 hidden=0 ownhide=0
          [483] kind=rectangle widget_type=3 trans=0 fill_mode=0 user_id=0x00a2a9a0 (162<<16|43424) dynamic abs=0,338 0x0 hidden=0 ownhide=0
          [484] kind=rectangle widget_type=3 trans=0 fill_mode=0 user_id=0x00a2a9a1 (162<<16|43425) dynamic abs=0,338 0x0 hidden=0 ownhide=0
          [485] kind=rectangle widget_type=3 trans=0 fill_mode=0 user_id=0x00a2a9a2 (162<<16|43426) dynamic abs=0,338 0x0 hidden=0 ownhide=0
          [486] kind=rectangle widget_type=3 trans=0 fill_mode=0 user_id=0x00a2a9a3 (162<<16|43427) dynamic abs=0,338 0x0 hidden=0 ownhide=0
          [487] kind=rectangle widget_type=3 trans=0 fill_mode=0 user_id=0x00a2a9a4 (162<<16|43428) dynamic abs=0,338 0x0 hidden=0 ownhide=0
          [488] kind=rectangle widget_type=3 trans=0 fill_mode=0 user_id=0x00a2a9a5 (162<<16|43429) dynamic abs=0,338 0x0 hidden=0 ownhide=0
          [489] kind=rectangle widget_type=3 trans=0 fill_mode=0 user_id=0x00a2a9a6 (162<<16|43430) dynamic abs=0,338 0x0 hidden=0 ownhide=0
          [490] kind=rectangle widget_type=3 trans=0 fill_mode=0 user_id=0x00a2a9a7 (162<<16|43431) dynamic abs=0,338 0x0 hidden=0 ownhide=0
          [491] kind=rectangle widget_type=3 trans=0 fill_mode=0 user_id=0x00a2a9a8 (162<<16|43432) dynamic abs=0,338 0x0 hidden=0 ownhide=0
          [492] kind=rectangle widget_type=3 trans=0 fill_mode=0 user_id=0x00a2a9a9 (162<<16|43433) dynamic abs=0,338 0x0 hidden=0 ownhide=0
          [493] kind=rectangle widget_type=3 trans=0 fill_mode=0 user_id=0x00a2a9aa (162<<16|43434) dynamic abs=0,338 0x0 hidden=0 ownhide=0
          [494] kind=rectangle widget_type=3 trans=0 fill_mode=0 user_id=0x00a2a9ab (162<<16|43435) dynamic abs=0,338 0x0 hidden=0 ownhide=0
          [495] kind=rectangle widget_type=3 trans=0 fill_mode=0 user_id=0x00a2a9ac (162<<16|43436) dynamic abs=0,338 0x0 hidden=0 ownhide=0
          [496] kind=rectangle widget_type=3 trans=0 fill_mode=0 user_id=0x00a2a9ad (162<<16|43437) dynamic abs=0,338 0x0 hidden=0 ownhide=0
          [497] kind=rectangle widget_type=3 trans=0 fill_mode=0 user_id=0x00a2a9ae (162<<16|43438) dynamic abs=0,338 0x0 hidden=0 ownhide=0
          [498] kind=rectangle widget_type=3 trans=0 fill_mode=0 user_id=0x00a2a9af (162<<16|43439) dynamic abs=0,338 0x0 hidden=0 ownhide=0
          [499] kind=rectangle widget_type=3 trans=0 fill_mode=0 user_id=0x00a2a9b0 (162<<16|43440) dynamic abs=0,338 0x0 hidden=0 ownhide=0
          [500] kind=rectangle widget_type=3 trans=0 fill_mode=0 user_id=0x00a2a9b1 (162<<16|43441) dynamic abs=0,338 0x0 hidden=0 ownhide=0
          [501] kind=rectangle widget_type=3 trans=0 fill_mode=0 user_id=0x00a2a9b2 (162<<16|43442) dynamic abs=0,338 0x0 hidden=0 ownhide=0
          [502] kind=rectangle widget_type=3 trans=0 fill_mode=0 user_id=0x00a2a9b3 (162<<16|43443) dynamic abs=0,338 0x0 hidden=0 ownhide=0
          [503] kind=rectangle widget_type=3 trans=0 fill_mode=0 user_id=0x00a2a9b4 (162<<16|43444) dynamic abs=0,338 0x0 hidden=0 ownhide=0
          [504] kind=rectangle widget_type=3 trans=0 fill_mode=0 user_id=0x00a2a9b5 (162<<16|43445) dynamic abs=0,338 0x0 hidden=0 ownhide=0
          [505] kind=rectangle widget_type=3 trans=0 fill_mode=0 user_id=0x00a2a9b6 (162<<16|43446) dynamic abs=0,338 0x0 hidden=0 ownhide=0
          [506] kind=rectangle widget_type=3 trans=0 fill_mode=0 user_id=0x00a2a9b7 (162<<16|43447) dynamic abs=0,338 0x0 hidden=0 ownhide=0
          [507] kind=rectangle widget_type=3 trans=0 fill_mode=0 user_id=0x00a2a9b8 (162<<16|43448) dynamic abs=0,338 0x0 hidden=0 ownhide=0
          [508] kind=rectangle widget_type=3 trans=0 fill_mode=0 user_id=0x00a2a9b9 (162<<16|43449) dynamic abs=0,338 0x0 hidden=0 ownhide=0
          [509] kind=rectangle widget_type=3 trans=0 fill_mode=0 user_id=0x00a2a9ba (162<<16|43450) dynamic abs=0,338 0x0 hidden=0 ownhide=0
          [510] kind=rectangle widget_type=3 trans=0 fill_mode=0 user_id=0x00a2a9bb (162<<16|43451) dynamic abs=0,338 0x0 hidden=0 ownhide=0
          [511] kind=rectangle widget_type=3 trans=0 fill_mode=0 user_id=0x00a2a9bc (162<<16|43452) dynamic abs=0,338 0x0 hidden=0 ownhide=0
        [36] kind=rectangle widget_type=3 trans=0 fill_mode=0 user_id=0x00a20024 (162<<16|36) static abs=0,338 0x0 hidden=1 ownhide=1
        [37] kind=layer widget_type=0 trans=0 fill_mode=0 user_id=0x00a20025 (162<<16|37) static
          [0] kind=graphic widget_type=5 trans=0 fill_mode=0 user_id=0x00a2b929 (162<<16|47401) dynamic graphic=1017 abs=0,338 519x142 hidden=0 ownhide=0
        [38] kind=layer widget_type=0 trans=0 fill_mode=0 user_id=0x00a20026 (162<<16|38) static
        [39] kind=layer widget_type=0 trans=0 fill_mode=0 user_id=0x00a20027 (162<<16|39) static
          [40] kind=layer widget_type=0 trans=0 fill_mode=0 user_id=0x00a20028 (162<<16|40) static
          [41] kind=layer widget_type=0 trans=0 fill_mode=0 user_id=0x00a20029 (162<<16|41) static
            [42] kind=graphic widget_type=5 trans=0 fill_mode=0 user_id=0x00a2002a (162<<16|42) static graphic=537 abs=491,347 19x18 hidden=1 ownhide=0
          [43] kind=text widget_type=4 trans=0 fill_mode=0 user_id=0x00a2002b (162<<16|43) static font=496 color=0x0 text="" abs=7,381 505x40 hidden=1 ownhide=0
          [44] kind=text widget_type=4 trans=0 fill_mode=0 user_id=0x00a2002c (162<<16|44) static font=496 color=0x80 text="" abs=7,421 505x20 hidden=1 ownhide=0
          [45] kind=layer widget_type=0 trans=0 fill_mode=0 user_id=0x00a2002d (162<<16|45) static
          [46] kind=layer widget_type=0 trans=0 fill_mode=0 user_id=0x00a2002e (162<<16|46) static
          [47] kind=layer widget_type=0 trans=0 fill_mode=0 user_id=0x00a2002f (162<<16|47) static
          [48] kind=layer widget_type=0 trans=0 fill_mode=0 user_id=0x00a20030 (162<<16|48) static
            [49] kind=rectangle widget_type=3 trans=200 fill_mode=0 user_id=0x00a20031 (162<<16|49) static abs=7,365 505x108 hidden=1 ownhide=0
            [50] kind=rectangle widget_type=3 trans=0 fill_mode=0 user_id=0x00a20032 (162<<16|50) static abs=7,365 505x108 hidden=1 ownhide=0
            [51] kind=rectangle widget_type=3 trans=150 fill_mode=0 user_id=0x00a20033 (162<<16|51) static abs=8,366 503x106 hidden=1 ownhide=0
            [52] kind=layer widget_type=0 trans=0 fill_mode=0 user_id=0x00a20034 (162<<16|52) static
            [53] kind=layer widget_type=0 trans=0 fill_mode=0 user_id=0x00a20035 (162<<16|53) static
            [54] kind=layer widget_type=0 trans=0 fill_mode=0 user_id=0x00a20036 (162<<16|54) static
        [55] kind=layer widget_type=0 trans=0 fill_mode=0 user_id=0x00a20037 (162<<16|55) static
          [56] kind=layer widget_type=0 trans=0 fill_mode=0 user_id=0x00a20038 (162<<16|56) static
            [0] kind=rectangle widget_type=3 trans=0 fill_mode=0 user_id=0x00a2b92a (162<<16|47402) dynamic abs=7,458 505x1 hidden=0 ownhide=0
            [57] kind=text widget_type=4 trans=0 fill_mode=0 user_id=0x00a20039 (162<<16|57) static font=495 color=0x0 text="guest:�<col=0000ff></col><col=0000ff>*</col>" abs=10,458 502x16 hidden=0 ownhide=0
            [58] kind=layer widget_type=0 trans=0 fill_mode=0 user_id=0x00a2003a (162<<16|58) static
              [0] kind=text widget_type=4 trans=0 fill_mode=0 user_id=0x00a29fed (162<<16|40941) dynamic font=495 color=0x0 text="" abs=7,344 0x0 hidden=1 ownhide=1
              [1] kind=text widget_type=4 trans=0 fill_mode=0 user_id=0x00a29fee (162<<16|40942) dynamic font=495 color=0x0 text="" abs=7,344 0x0 hidden=1 ownhide=1
              [2] kind=text widget_type=4 trans=0 fill_mode=0 user_id=0x00a29fef (162<<16|40943) dynamic font=495 color=0x0 text="" abs=7,344 0x0 hidden=1 ownhide=1
              [3] kind=graphic widget_type=5 trans=0 fill_mode=0 user_id=0x00a29ff0 (162<<16|40944) dynamic graphic=-1 abs=7,344 0x0 hidden=1 ownhide=1
              [4] kind=text widget_type=4 trans=0 fill_mode=0 user_id=0x00a29ff1 (162<<16|40945) dynamic font=495 color=0x0 text="" abs=7,344 0x0 hidden=1 ownhide=1
              [5] kind=text widget_type=4 trans=0 fill_mode=0 user_id=0x00a29ff2 (162<<16|40946) dynamic font=495 color=0x0 text="" abs=7,344 0x0 hidden=1 ownhide=1
              [6] kind=text widget_type=4 trans=0 fill_mode=0 user_id=0x00a29ff3 (162<<16|40947) dynamic font=495 color=0x0 text="" abs=7,344 0x0 hidden=1 ownhide=1
              [7] kind=graphic widget_type=5 trans=0 fill_mode=0 user_id=0x00a29ff4 (162<<16|40948) dynamic graphic=-1 abs=7,344 0x0 hidden=1 ownhide=1
              [8] kind=text widget_type=4 trans=0 fill_mode=0 user_id=0x00a29ff5 (162<<16|40949) dynamic font=495 color=0x0 text="" abs=7,344 0x0 hidden=1 ownhide=1
              [9] kind=text widget_type=4 trans=0 fill_mode=0 user_id=0x00a29ff6 (162<<16|40950) dynamic font=495 color=0x0 text="" abs=7,344 0x0 hidden=1 ownhide=1
              [10] kind=text widget_type=4 trans=0 fill_mode=0 user_id=0x00a29ff7 (162<<16|40951) dynamic font=495 color=0x0 text="" abs=7,344 0x0 hidden=1 ownhide=1
              [11] kind=graphic widget_type=5 trans=0 fill_mode=0 user_id=0x00a29ff8 (162<<16|40952) dynamic graphic=-1 abs=7,344 0x0 hidden=1 ownhide=1
              [59] kind=text widget_type=4 trans=0 fill_mode=0 user_id=0x00a2003b (162<<16|59) static font=495 color=0x0 text="<col=000000>Summoning has been unlocked for this account.</col>" abs=10,344 0x0 hidden=0 ownhide=0
              [60] kind=text widget_type=4 trans=0 fill_mode=0 user_id=0x00a2003c (162<<16|60) static font=495 color=0x0 text="<col=000000>Set stat 24 to 52.</col>" abs=10,358 0x0 hidden=0 ownhide=0
              [61] kind=text widget_type=4 trans=0 fill_mode=0 user_id=0x00a2003d (162<<16|61) static font=495 color=0x0 text="<col=000000>A Spirit terrorbird pouch has been added to your inventory.</col>" abs=10,372 0x0 hidden=0 ownhide=0
              [62] kind=text widget_type=4 trans=0 fill_mode=0 user_id=0x00a2003e (162<<16|62) static font=495 color=0x0 text="<col=000000>Welcome to the mock 230 world.</col>" abs=10,386 0x0 hidden=0 ownhide=0
              [63] kind=text widget_type=4 trans=0 fill_mode=0 user_id=0x00a2003f (162<<16|63) static font=495 color=0x0 text="<col=000000>Click to walk. Right-click an npc to talk.</col>" abs=10,400 0x0 hidden=0 ownhide=0
              [64] kind=text widget_type=4 trans=0 fill_mode=0 user_id=0x00a20040 (162<<16|64) static font=495 color=0x0 text="<col=000000>Welcome to Lumbridge.</col>" abs=10,414 0x0 hidden=0 ownhide=0
              [65] kind=text widget_type=4 trans=0 fill_mode=0 user_id=0x00a20041 (162<<16|65) static font=495 color=0x0 text="<col=000000>Goblins east of the river. Guards on the Al Kharid road.</col>" abs=10,428 0x0 hidden=0 ownhide=0
              [66] kind=text widget_type=4 trans=0 fill_mode=0 user_id=0x00a20042 (162<<16|66) static font=495 color=0x0 text="<col=000000>Try ::style 1 for aggressive, or ::setlevel 2 40 for some strength.</col>" abs=10,442 0x0 hidden=0 ownhide=0
              [67] kind=text widget_type=4 trans=0 fill_mode=0 user_id=0x00a20043 (162<<16|67) static font=495 color=0x0 text="<col=000000>A crop circle is active near Doric's Hut.</col>" abs=10,456 0x0 hidden=0 ownhide=0
              [68] kind=text widget_type=4 trans=0 fill_mode=0 user_id=0x00a20044 (162<<16|68) static font=495 color=0x0 text="<col=000000><col=ff0000>You have unlocked a new music track: Harmony</col>" abs=10,470 0x0 hidden=0 ownhide=0
              [69] kind=text widget_type=4 trans=0 fill_mode=0 user_id=0x00a20045 (162<<16|69) static font=495 color=0x0 text="<col=000000>You summon a Spirit terrorbird.</col>" abs=10,484 0x0 hidden=0 ownhide=0
              [70] kind=text widget_type=4 trans=0 fill_mode=0 user_id=0x00a20046 (162<<16|70) static font=495 color=0x0 text="<col=000000>You equip the Bronze kiteshield.</col>" abs=10,498 0x0 hidden=0 ownhide=0
              [71] kind=text widget_type=4 trans=0 fill_mode=0 user_id=0x00a20047 (162<<16|71) static font=495 color=0x0 text="" abs=10,345 0x0 hidden=1 ownhide=1
              [72] kind=text widget_type=4 trans=0 fill_mode=0 user_id=0x00a20048 (162<<16|72) static font=495 color=0x0 text="" abs=10,345 0x0 hidden=1 ownhide=1
              [73] kind=text widget_type=4 trans=0 fill_mode=0 user_id=0x00a20049 (162<<16|73) static font=495 color=0x0 text="" abs=10,345 0x0 hidden=1 ownhide=1
              [74] kind=text widget_type=4 trans=0 fill_mode=0 user_id=0x00a2004a (162<<16|74) static font=495 color=0x0 text="" abs=10,345 0x0 hidden=1 ownhide=1
              [75] kind=text widget_type=4 trans=0 fill_mode=0 user_id=0x00a2004b (162<<16|75) static font=495 color=0x0 text="" abs=10,345 0x0 hidden=1 ownhide=1
              [76] kind=text widget_type=4 trans=0 fill_mode=0 user_id=0x00a2004c (162<<16|76) static font=495 color=0x0 text="" abs=10,345 0x0 hidden=1 ownhide=1
              [77] kind=text widget_type=4 trans=0 fill_mode=0 user_id=0x00a2004d (162<<16|77) static font=495 color=0x0 text="" abs=10,345 0x0 hidden=1 ownhide=1
              [78] kind=text widget_type=4 trans=0 fill_mode=0 user_id=0x00a2004e (162<<16|78) static font=495 color=0x0 text="" abs=10,345 0x0 hidden=1 ownhide=1
              [79] kind=text widget_type=4 trans=0 fill_mode=0 user_id=0x00a2004f (162<<16|79) static font=495 color=0x0 text="" abs=10,345 0x0 hidden=1 ownhide=1
              [80] kind=text widget_type=4 trans=0 fill_mode=0 user_id=0x00a20050 (162<<16|80) static font=495 color=0x0 text="" abs=10,345 0x0 hidden=1 ownhide=1
              [81] kind=text widget_type=4 trans=0 fill_mode=0 user_id=0x00a20051 (162<<16|81) static font=495 color=0x0 text="" abs=10,345 0x0 hidden=1 ownhide=1
              [82] kind=text widget_type=4 trans=0 fill_mode=0 user_id=0x00a20052 (162<<16|82) static font=495 color=0x0 text="" abs=10,345 0x0 hidden=1 ownhide=1
              [83] kind=text widget_type=4 trans=0 fill_mode=0 user_id=0x00a20053 (162<<16|83) static font=495 color=0x0 text="" abs=10,345 0x0 hidden=1 ownhide=1
              [84] kind=text widget_type=4 trans=0 fill_mode=0 user_id=0x00a20054 (162<<16|84) static font=495 color=0x0 text="" abs=10,345 0x0 hidden=1 ownhide=1
              [85] kind=text widget_type=4 trans=0 fill_mode=0 user_id=0x00a20055 (162<<16|85) static font=495 color=0x0 text="" abs=10,345 0x0 hidden=1 ownhide=1
              [86] kind=text widget_type=4 trans=0 fill_mode=0 user_id=0x00a20056 (162<<16|86) static font=495 color=0x0 text="" abs=10,345 0x0 hidden=1 ownhide=1
              [87] kind=text widget_type=4 trans=0 fill_mode=0 user_id=0x00a20057 (162<<16|87) static font=495 color=0x0 text="" abs=10,345 0x0 hidden=1 ownhide=1
              [88] kind=text widget_type=4 trans=0 fill_mode=0 user_id=0x00a20058 (162<<16|88) static font=495 color=0x0 text="" abs=10,345 0x0 hidden=1 ownhide=1
              [89] kind=text widget_type=4 trans=0 fill_mode=0 user_id=0x00a20059 (162<<16|89) static font=495 color=0x0 text="" abs=10,345 0x0 hidden=1 ownhide=1
              [90] kind=text widget_type=4 trans=0 fill_mode=0 user_id=0x00a2005a (162<<16|90) static font=495 color=0x0 text="" abs=10,345 0x0 hidden=1 ownhide=1
              [91] kind=text widget_type=4 trans=0 fill_mode=0 user_id=0x00a2005b (162<<16|91) static font=495 color=0x0 text="" abs=10,345 0x0 hidden=1 ownhide=1
              [92] kind=text widget_type=4 trans=0 fill_mode=0 user_id=0x00a2005c (162<<16|92) static font=495 color=0x0 text="" abs=10,345 0x0 hidden=1 ownhide=1
              [93] kind=text widget_type=4 trans=0 fill_mode=0 user_id=0x00a2005d (162<<16|93) static font=495 color=0x0 text="" abs=10,345 0x0 hidden=1 ownhide=1
              [94] kind=text widget_type=4 trans=0 fill_mode=0 user_id=0x00a2005e (162<<16|94) static font=495 color=0x0 text="" abs=10,345 0x0 hidden=1 ownhide=1
              [95] kind=text widget_type=4 trans=0 fill_mode=0 user_id=0x00a2005f (162<<16|95) static font=495 color=0x0 text="" abs=10,345 0x0 hidden=1 ownhide=1
              [96] kind=text widget_type=4 trans=0 fill_mode=0 user_id=0x00a20060 (162<<16|96) static font=495 color=0x0 text="" abs=10,345 0x0 hidden=1 ownhide=1
              [97] kind=text widget_type=4 trans=0 fill_mode=0 user_id=0x00a20061 (162<<16|97) static font=495 color=0x0 text="" abs=10,345 0x0 hidden=1 ownhide=1
              [98] kind=text widget_type=4 trans=0 fill_mode=0 user_id=0x00a20062 (162<<16|98) static font=495 color=0x0 text="" abs=10,345 0x0 hidden=1 ownhide=1
              [99] kind=text widget_type=4 trans=0 fill_mode=0 user_id=0x00a20063 (162<<16|99) static font=495 color=0x0 text="" abs=10,345 0x0 hidden=1 ownhide=1
              [100] kind=text widget_type=4 trans=0 fill_mode=0 user_id=0x00a20064 (162<<16|100) static font=495 color=0x0 text="" abs=10,345 0x0 hidden=1 ownhide=1
              [101] kind=text widget_type=4 trans=0 fill_mode=0 user_id=0x00a20065 (162<<16|101) static font=495 color=0x0 text="" abs=10,345 0x0 hidden=1 ownhide=1
              [102] kind=text widget_type=4 trans=0 fill_mode=0 user_id=0x00a20066 (162<<16|102) static font=495 color=0x0 text="" abs=10,345 0x0 hidden=1 ownhide=1
              [103] kind=text widget_type=4 trans=0 fill_mode=0 user_id=0x00a20067 (162<<16|103) static font=495 color=0x0 text="" abs=10,345 0x0 hidden=1 ownhide=1
              [104] kind=text widget_type=4 trans=0 fill_mode=0 user_id=0x00a20068 (162<<16|104) static font=495 color=0x0 text="" abs=10,345 0x0 hidden=1 ownhide=1
              [105] kind=text widget_type=4 trans=0 fill_mode=0 user_id=0x00a20069 (162<<16|105) static font=495 color=0x0 text="" abs=10,345 0x0 hidden=1 ownhide=1
              [106] kind=text widget_type=4 trans=0 fill_mode=0 user_id=0x00a2006a (162<<16|106) static font=495 color=0x0 text="" abs=10,345 0x0 hidden=1 ownhide=1
              [107] kind=text widget_type=4 trans=0 fill_mode=0 user_id=0x00a2006b (162<<16|107) static font=495 color=0x0 text="" abs=10,345 0x0 hidden=1 ownhide=1
              [108] kind=text widget_type=4 trans=0 fill_mode=0 user_id=0x00a2006c (162<<16|108) static font=495 color=0x0 text="" abs=10,345 0x0 hidden=1 ownhide=1
              [109] kind=text widget_type=4 trans=0 fill_mode=0 user_id=0x00a2006d (162<<16|109) static font=495 color=0x0 text="" abs=10,345 0x0 hidden=1 ownhide=1
              [110] kind=text widget_type=4 trans=0 fill_mode=0 user_id=0x00a2006e (162<<16|110) static font=495 color=0x0 text="" abs=10,345 0x0 hidden=1 ownhide=1
              [111] kind=text widget_type=4 trans=0 fill_mode=0 user_id=0x00a2006f (162<<16|111) static font=495 color=0x0 text="" abs=10,345 0x0 hidden=1 ownhide=1
              [112] kind=text widget_type=4 trans=0 fill_mode=0 user_id=0x00a20070 (162<<16|112) static font=495 color=0x0 text="" abs=10,345 0x0 hidden=1 ownhide=1
              [113] kind=text widget_type=4 trans=0 fill_mode=0 user_id=0x00a20071 (162<<16|113) static font=495 color=0x0 text="" abs=10,345 0x0 hidden=1 ownhide=1
              [114] kind=text widget_type=4 trans=0 fill_mode=0 user_id=0x00a20072 (162<<16|114) static font=495 color=0x0 text="" abs=10,345 0x0 hidden=1 ownhide=1
              [115] kind=text widget_type=4 trans=0 fill_mode=0 user_id=0x00a20073 (162<<16|115) static font=495 color=0x0 text="" abs=10,345 0x0 hidden=1 ownhide=1
              [116] kind=text widget_type=4 trans=0 fill_mode=0 user_id=0x00a20074 (162<<16|116) static font=495 color=0x0 text="" abs=10,345 0x0 hidden=1 ownhide=1
              [117] kind=text widget_type=4 trans=0 fill_mode=0 user_id=0x00a20075 (162<<16|117) static font=495 color=0x0 text="" abs=10,345 0x0 hidden=1 ownhide=1
              [118] kind=text widget_type=4 trans=0 fill_mode=0 user_id=0x00a20076 (162<<16|118) static font=495 color=0x0 text="" abs=10,345 0x0 hidden=1 ownhide=1
              [119] kind=text widget_type=4 trans=0 fill_mode=0 user_id=0x00a20077 (162<<16|119) static font=495 color=0x0 text="" abs=10,345 0x0 hidden=1 ownhide=1
              [120] kind=text widget_type=4 trans=0 fill_mode=0 user_id=0x00a20078 (162<<16|120) static font=495 color=0x0 text="" abs=10,345 0x0 hidden=1 ownhide=1
              [121] kind=text widget_type=4 trans=0 fill_mode=0 user_id=0x00a20079 (162<<16|121) static font=495 color=0x0 text="" abs=10,345 0x0 hidden=1 ownhide=1
              [122] kind=text widget_type=4 trans=0 fill_mode=0 user_id=0x00a2007a (162<<16|122) static font=495 color=0x0 text="" abs=10,345 0x0 hidden=1 ownhide=1
              [123] kind=text widget_type=4 trans=0 fill_mode=0 user_id=0x00a2007b (162<<16|123) static font=495 color=0x0 text="" abs=10,345 0x0 hidden=1 ownhide=1
              [124] kind=text widget_type=4 trans=0 fill_mode=0 user_id=0x00a2007c (162<<16|124) static font=495 color=0x0 text="" abs=10,345 0x0 hidden=1 ownhide=1
              [125] kind=text widget_type=4 trans=0 fill_mode=0 user_id=0x00a2007d (162<<16|125) static font=495 color=0x0 text="" abs=10,345 0x0 hidden=1 ownhide=1
              [126] kind=text widget_type=4 trans=0 fill_mode=0 user_id=0x00a2007e (162<<16|126) static font=495 color=0x0 text="" abs=10,345 0x0 hidden=1 ownhide=1
              [127] kind=text widget_type=4 trans=0 fill_mode=0 user_id=0x00a2007f (162<<16|127) static font=495 color=0x0 text="" abs=10,345 0x0 hidden=1 ownhide=1
              [128] kind=text widget_type=4 trans=0 fill_mode=0 user_id=0x00a20080 (162<<16|128) static font=495 color=0x0 text="" abs=10,345 0x0 hidden=1 ownhide=1
              [129] kind=text widget_type=4 trans=0 fill_mode=0 user_id=0x00a20081 (162<<16|129) static font=495 color=0x0 text="" abs=10,345 0x0 hidden=1 ownhide=1
              [130] kind=text widget_type=4 trans=0 fill_mode=0 user_id=0x00a20082 (162<<16|130) static font=495 color=0x0 text="" abs=10,345 0x0 hidden=1 ownhide=1
              [131] kind=text widget_type=4 trans=0 fill_mode=0 user_id=0x00a20083 (162<<16|131) static font=495 color=0x0 text="" abs=10,345 0x0 hidden=1 ownhide=1
              [132] kind=text widget_type=4 trans=0 fill_mode=0 user_id=0x00a20084 (162<<16|132) static font=495 color=0x0 text="" abs=10,345 0x0 hidden=1 ownhide=1
              [133] kind=text widget_type=4 trans=0 fill_mode=0 user_id=0x00a20085 (162<<16|133) static font=495 color=0x0 text="" abs=10,345 0x0 hidden=1 ownhide=1
              [134] kind=text widget_type=4 trans=0 fill_mode=0 user_id=0x00a20086 (162<<16|134) static font=495 color=0x0 text="" abs=10,345 0x0 hidden=1 ownhide=1
              [135] kind=text widget_type=4 trans=0 fill_mode=0 user_id=0x00a20087 (162<<16|135) static font=495 color=0x0 text="" abs=10,345 0x0 hidden=1 ownhide=1
              [136] kind=text widget_type=4 trans=0 fill_mode=0 user_id=0x00a20088 (162<<16|136) static font=495 color=0x0 text="" abs=10,345 0x0 hidden=1 ownhide=1
              [137] kind=text widget_type=4 trans=0 fill_mode=0 user_id=0x00a20089 (162<<16|137) static font=495 color=0x0 text="" abs=10,345 0x0 hidden=1 ownhide=1
              [138] kind=text widget_type=4 trans=0 fill_mode=0 user_id=0x00a2008a (162<<16|138) static font=495 color=0x0 text="" abs=10,345 0x0 hidden=1 ownhide=1
              [139] kind=text widget_type=4 trans=0 fill_mode=0 user_id=0x00a2008b (162<<16|139) static font=495 color=0x0 text="" abs=10,345 0x0 hidden=1 ownhide=1
              [140] kind=text widget_type=4 trans=0 fill_mode=0 user_id=0x00a2008c (162<<16|140) static font=495 color=0x0 text="" abs=10,345 0x0 hidden=1 ownhide=1
              [141] kind=text widget_type=4 trans=0 fill_mode=0 user_id=0x00a2008d (162<<16|141) static font=495 color=0x0 text="" abs=10,345 0x0 hidden=1 ownhide=1
              [142] kind=text widget_type=4 trans=0 fill_mode=0 user_id=0x00a2008e (162<<16|142) static font=495 color=0x0 text="" abs=10,345 0x0 hidden=1 ownhide=1
              [143] kind=text widget_type=4 trans=0 fill_mode=0 user_id=0x00a2008f (162<<16|143) static font=495 color=0x0 text="" abs=10,345 0x0 hidden=1 ownhide=1
              [144] kind=text widget_type=4 trans=0 fill_mode=0 user_id=0x00a20090 (162<<16|144) static font=495 color=0x0 text="" abs=10,345 0x0 hidden=1 ownhide=1
              [145] kind=text widget_type=4 trans=0 fill_mode=0 user_id=0x00a20091 (162<<16|145) static font=495 color=0x0 text="" abs=10,345 0x0 hidden=1 ownhide=1
              [146] kind=text widget_type=4 trans=0 fill_mode=0 user_id=0x00a20092 (162<<16|146) static font=495 color=0x0 text="" abs=10,345 0x0 hidden=1 ownhide=1
              [147] kind=text widget_type=4 trans=0 fill_mode=0 user_id=0x00a20093 (162<<16|147) static font=495 color=0x0 text="" abs=10,345 0x0 hidden=1 ownhide=1
              [148] kind=text widget_type=4 trans=0 fill_mode=0 user_id=0x00a20094 (162<<16|148) static font=495 color=0x0 text="" abs=10,345 0x0 hidden=1 ownhide=1
              [149] kind=text widget_type=4 trans=0 fill_mode=0 user_id=0x00a20095 (162<<16|149) static font=495 color=0x0 text="" abs=10,345 0x0 hidden=1 ownhide=1
              [150] kind=text widget_type=4 trans=0 fill_mode=0 user_id=0x00a20096 (162<<16|150) static font=495 color=0x0 text="" abs=10,345 0x0 hidden=1 ownhide=1
              [151] kind=text widget_type=4 trans=0 fill_mode=0 user_id=0x00a20097 (162<<16|151) static font=495 color=0x0 text="" abs=10,345 0x0 hidden=1 ownhide=1
              [152] kind=text widget_type=4 trans=0 fill_mode=0 user_id=0x00a20098 (162<<16|152) static font=495 color=0x0 text="" abs=10,345 0x0 hidden=1 ownhide=1
              [153] kind=text widget_type=4 trans=0 fill_mode=0 user_id=0x00a20099 (162<<16|153) static font=495 color=0x0 text="" abs=10,345 0x0 hidden=1 ownhide=1
              [154] kind=text widget_type=4 trans=0 fill_mode=0 user_id=0x00a2009a (162<<16|154) static font=495 color=0x0 text="" abs=10,345 0x0 hidden=1 ownhide=1
              [155] kind=text widget_type=4 trans=0 fill_mode=0 user_id=0x00a2009b (162<<16|155) static font=495 color=0x0 text="" abs=10,345 0x0 hidden=1 ownhide=1
              [156] kind=text widget_type=4 trans=0 fill_mode=0 user_id=0x00a2009c (162<<16|156) static font=495 color=0x0 text="" abs=10,345 0x0 hidden=1 ownhide=1
              [157] kind=text widget_type=4 trans=0 fill_mode=0 user_id=0x00a2009d (162<<16|157) static font=495 color=0x0 text="" abs=10,345 0x0 hidden=1 ownhide=1
              [158] kind=text widget_type=4 trans=0 fill_mode=0 user_id=0x00a2009e (162<<16|158) static font=495 color=0x0 text="" abs=10,345 0x0 hidden=1 ownhide=1
              [159] kind=text widget_type=4 trans=0 fill_mode=0 user_id=0x00a2009f (162<<16|159) static font=495 color=0x0 text="" abs=10,345 0x0 hidden=1 ownhide=1
              [160] kind=text widget_type=4 trans=0 fill_mode=0 user_id=0x00a200a0 (162<<16|160) static font=495 color=0x0 text="" abs=10,345 0x0 hidden=1 ownhide=1
              [161] kind=text widget_type=4 trans=0 fill_mode=0 user_id=0x00a200a1 (162<<16|161) static font=495 color=0x0 text="" abs=10,345 0x0 hidden=1 ownhide=1
              [162] kind=text widget_type=4 trans=0 fill_mode=0 user_id=0x00a200a2 (162<<16|162) static font=495 color=0x0 text="" abs=10,345 0x0 hidden=1 ownhide=1
              [163] kind=text widget_type=4 trans=0 fill_mode=0 user_id=0x00a200a3 (162<<16|163) static font=495 color=0x0 text="" abs=10,345 0x0 hidden=1 ownhide=1
              [164] kind=text widget_type=4 trans=0 fill_mode=0 user_id=0x00a200a4 (162<<16|164) static font=495 color=0x0 text="" abs=10,345 0x0 hidden=1 ownhide=1
              [165] kind=text widget_type=4 trans=0 fill_mode=0 user_id=0x00a200a5 (162<<16|165) static font=495 color=0x0 text="" abs=10,345 0x0 hidden=1 ownhide=1
              [166] kind=text widget_type=4 trans=0 fill_mode=0 user_id=0x00a200a6 (162<<16|166) static font=495 color=0x0 text="" abs=10,345 0x0 hidden=1 ownhide=1
              [167] kind=text widget_type=4 trans=0 fill_mode=0 user_id=0x00a200a7 (162<<16|167) static font=495 color=0x0 text="" abs=10,345 0x0 hidden=1 ownhide=1
              [168] kind=text widget_type=4 trans=0 fill_mode=0 user_id=0x00a200a8 (162<<16|168) static font=495 color=0x0 text="" abs=10,345 0x0 hidden=1 ownhide=1
              [169] kind=text widget_type=4 trans=0 fill_mode=0 user_id=0x00a200a9 (162<<16|169) static font=495 color=0x0 text="" abs=10,345 0x0 hidden=1 ownhide=1
              [170] kind=text widget_type=4 trans=0 fill_mode=0 user_id=0x00a200aa (162<<16|170) static font=495 color=0x0 text="" abs=10,345 0x0 hidden=1 ownhide=1
              [171] kind=text widget_type=4 trans=0 fill_mode=0 user_id=0x00a200ab (162<<16|171) static font=495 color=0x0 text="" abs=10,345 0x0 hidden=1 ownhide=1
              [172] kind=text widget_type=4 trans=0 fill_mode=0 user_id=0x00a200ac (162<<16|172) static font=495 color=0x0 text="" abs=10,345 0x0 hidden=1 ownhide=1
              [173] kind=text widget_type=4 trans=0 fill_mode=0 user_id=0x00a200ad (162<<16|173) static font=495 color=0x0 text="" abs=10,345 0x0 hidden=1 ownhide=1
              [174] kind=text widget_type=4 trans=0 fill_mode=0 user_id=0x00a200ae (162<<16|174) static font=495 color=0x0 text="" abs=10,345 0x0 hidden=1 ownhide=1
              [175] kind=text widget_type=4 trans=0 fill_mode=0 user_id=0x00a200af (162<<16|175) static font=495 color=0x0 text="" abs=10,345 0x0 hidden=1 ownhide=1
              [176] kind=text widget_type=4 trans=0 fill_mode=0 user_id=0x00a200b0 (162<<16|176) static font=495 color=0x0 text="" abs=10,345 0x0 hidden=1 ownhide=1
              [177] kind=text widget_type=4 trans=0 fill_mode=0 user_id=0x00a200b1 (162<<16|177) static font=495 color=0x0 text="" abs=10,345 0x0 hidden=1 ownhide=1
              [178] kind=text widget_type=4 trans=0 fill_mode=0 user_id=0x00a200b2 (162<<16|178) static font=495 color=0x0 text="" abs=10,345 0x0 hidden=1 ownhide=1
              [179] kind=text widget_type=4 trans=0 fill_mode=0 user_id=0x00a200b3 (162<<16|179) static font=495 color=0x0 text="" abs=10,345 0x0 hidden=1 ownhide=1
              [180] kind=text widget_type=4 trans=0 fill_mode=0 user_id=0x00a200b4 (162<<16|180) static font=495 color=0x0 text="" abs=10,345 0x0 hidden=1 ownhide=1
              [181] kind=text widget_type=4 trans=0 fill_mode=0 user_id=0x00a200b5 (162<<16|181) static font=495 color=0x0 text="" abs=10,345 0x0 hidden=1 ownhide=1
              [182] kind=text widget_type=4 trans=0 fill_mode=0 user_id=0x00a200b6 (162<<16|182) static font=495 color=0x0 text="" abs=10,345 0x0 hidden=1 ownhide=1
              [183] kind=text widget_type=4 trans=0 fill_mode=0 user_id=0x00a200b7 (162<<16|183) static font=495 color=0x0 text="" abs=10,345 0x0 hidden=1 ownhide=1
              [184] kind=text widget_type=4 trans=0 fill_mode=0 user_id=0x00a200b8 (162<<16|184) static font=495 color=0x0 text="" abs=10,345 0x0 hidden=1 ownhide=1
              [185] kind=text widget_type=4 trans=0 fill_mode=0 user_id=0x00a200b9 (162<<16|185) static font=495 color=0x0 text="" abs=10,345 0x0 hidden=1 ownhide=1
              [186] kind=text widget_type=4 trans=0 fill_mode=0 user_id=0x00a200ba (162<<16|186) static font=495 color=0x0 text="" abs=10,345 0x0 hidden=1 ownhide=1
              [187] kind=text widget_type=4 trans=0 fill_mode=0 user_id=0x00a200bb (162<<16|187) static font=495 color=0x0 text="" abs=10,345 0x0 hidden=1 ownhide=1
              [188] kind=text widget_type=4 trans=0 fill_mode=0 user_id=0x00a200bc (162<<16|188) static font=495 color=0x0 text="" abs=10,345 0x0 hidden=1 ownhide=1
              [189] kind=text widget_type=4 trans=0 fill_mode=0 user_id=0x00a200bd (162<<16|189) static font=495 color=0x0 text="" abs=10,345 0x0 hidden=1 ownhide=1
              [190] kind=text widget_type=4 trans=0 fill_mode=0 user_id=0x00a200be (162<<16|190) static font=495 color=0x0 text="" abs=10,345 0x0 hidden=1 ownhide=1
              [191] kind=text widget_type=4 trans=0 fill_mode=0 user_id=0x00a200bf (162<<16|191) static font=495 color=0x0 text="" abs=10,345 0x0 hidden=1 ownhide=1
              [192] kind=text widget_type=4 trans=0 fill_mode=0 user_id=0x00a200c0 (162<<16|192) static font=495 color=0x0 text="" abs=10,345 0x0 hidden=1 ownhide=1
              [193] kind=text widget_type=4 trans=0 fill_mode=0 user_id=0x00a200c1 (162<<16|193) static font=495 color=0x0 text="" abs=10,345 0x0 hidden=1 ownhide=1
              [194] kind=text widget_type=4 trans=0 fill_mode=0 user_id=0x00a200c2 (162<<16|194) static font=495 color=0x0 text="" abs=10,345 0x0 hidden=1 ownhide=1
              [195] kind=text widget_type=4 trans=0 fill_mode=0 user_id=0x00a200c3 (162<<16|195) static font=495 color=0x0 text="" abs=10,345 0x0 hidden=1 ownhide=1
              [196] kind=text widget_type=4 trans=0 fill_mode=0 user_id=0x00a200c4 (162<<16|196) static font=495 color=0x0 text="" abs=10,345 0x0 hidden=1 ownhide=1
              [197] kind=text widget_type=4 trans=0 fill_mode=0 user_id=0x00a200c5 (162<<16|197) static font=495 color=0x0 text="" abs=10,345 0x0 hidden=1 ownhide=1
              [198] kind=text widget_type=4 trans=0 fill_mode=0 user_id=0x00a200c6 (162<<16|198) static font=495 color=0x0 text="" abs=10,345 0x0 hidden=1 ownhide=1
              [199] kind=text widget_type=4 trans=0 fill_mode=0 user_id=0x00a200c7 (162<<16|199) static font=495 color=0x0 text="" abs=10,345 0x0 hidden=1 ownhide=1
              [200] kind=text widget_type=4 trans=0 fill_mode=0 user_id=0x00a200c8 (162<<16|200) static font=495 color=0x0 text="" abs=10,345 0x0 hidden=1 ownhide=1
              [201] kind=text widget_type=4 trans=0 fill_mode=0 user_id=0x00a200c9 (162<<16|201) static font=495 color=0x0 text="" abs=10,345 0x0 hidden=1 ownhide=1
              [202] kind=text widget_type=4 trans=0 fill_mode=0 user_id=0x00a200ca (162<<16|202) static font=495 color=0x0 text="" abs=10,345 0x0 hidden=1 ownhide=1
              [203] kind=text widget_type=4 trans=0 fill_mode=0 user_id=0x00a200cb (162<<16|203) static font=495 color=0x0 text="" abs=10,345 0x0 hidden=1 ownhide=1
              [204] kind=text widget_type=4 trans=0 fill_mode=0 user_id=0x00a200cc (162<<16|204) static font=495 color=0x0 text="" abs=10,345 0x0 hidden=1 ownhide=1
              [205] kind=text widget_type=4 trans=0 fill_mode=0 user_id=0x00a200cd (162<<16|205) static font=495 color=0x0 text="" abs=10,345 0x0 hidden=1 ownhide=1
              [206] kind=text widget_type=4 trans=0 fill_mode=0 user_id=0x00a200ce (162<<16|206) static font=495 color=0x0 text="" abs=10,345 0x0 hidden=1 ownhide=1
              [207] kind=text widget_type=4 trans=0 fill_mode=0 user_id=0x00a200cf (162<<16|207) static font=495 color=0x0 text="" abs=10,345 0x0 hidden=1 ownhide=1
              [208] kind=text widget_type=4 trans=0 fill_mode=0 user_id=0x00a200d0 (162<<16|208) static font=495 color=0x0 text="" abs=10,345 0x0 hidden=1 ownhide=1
              [209] kind=text widget_type=4 trans=0 fill_mode=0 user_id=0x00a200d1 (162<<16|209) static font=495 color=0x0 text="" abs=10,345 0x0 hidden=1 ownhide=1
              [210] kind=text widget_type=4 trans=0 fill_mode=0 user_id=0x00a200d2 (162<<16|210) static font=495 color=0x0 text="" abs=10,345 0x0 hidden=1 ownhide=1
              [211] kind=text widget_type=4 trans=0 fill_mode=0 user_id=0x00a200d3 (162<<16|211) static font=495 color=0x0 text="" abs=10,345 0x0 hidden=1 ownhide=1
              [212] kind=text widget_type=4 trans=0 fill_mode=0 user_id=0x00a200d4 (162<<16|212) static font=495 color=0x0 text="" abs=10,345 0x0 hidden=1 ownhide=1
              [213] kind=text widget_type=4 trans=0 fill_mode=0 user_id=0x00a200d5 (162<<16|213) static font=495 color=0x0 text="" abs=10,345 0x0 hidden=1 ownhide=1
              [214] kind=text widget_type=4 trans=0 fill_mode=0 user_id=0x00a200d6 (162<<16|214) static font=495 color=0x0 text="" abs=10,345 0x0 hidden=1 ownhide=1
              [215] kind=text widget_type=4 trans=0 fill_mode=0 user_id=0x00a200d7 (162<<16|215) static font=495 color=0x0 text="" abs=10,345 0x0 hidden=1 ownhide=1
              [216] kind=text widget_type=4 trans=0 fill_mode=0 user_id=0x00a200d8 (162<<16|216) static font=495 color=0x0 text="" abs=10,345 0x0 hidden=1 ownhide=1
              [217] kind=text widget_type=4 trans=0 fill_mode=0 user_id=0x00a200d9 (162<<16|217) static font=495 color=0x0 text="" abs=10,345 0x0 hidden=1 ownhide=1
              [218] kind=text widget_type=4 trans=0 fill_mode=0 user_id=0x00a200da (162<<16|218) static font=495 color=0x0 text="" abs=10,345 0x0 hidden=1 ownhide=1
              [219] kind=text widget_type=4 trans=0 fill_mode=0 user_id=0x00a200db (162<<16|219) static font=495 color=0x0 text="" abs=10,345 0x0 hidden=1 ownhide=1
              [220] kind=text widget_type=4 trans=0 fill_mode=0 user_id=0x00a200dc (162<<16|220) static font=495 color=0x0 text="" abs=10,345 0x0 hidden=1 ownhide=1
              [221] kind=text widget_type=4 trans=0 fill_mode=0 user_id=0x00a200dd (162<<16|221) static font=495 color=0x0 text="" abs=10,345 0x0 hidden=1 ownhide=1
              [222] kind=text widget_type=4 trans=0 fill_mode=0 user_id=0x00a200de (162<<16|222) static font=495 color=0x0 text="" abs=10,345 0x0 hidden=1 ownhide=1
              [223] kind=text widget_type=4 trans=0 fill_mode=0 user_id=0x00a200df (162<<16|223) static font=495 color=0x0 text="" abs=10,345 0x0 hidden=1 ownhide=1
              [224] kind=text widget_type=4 trans=0 fill_mode=0 user_id=0x00a200e0 (162<<16|224) static font=495 color=0x0 text="" abs=10,345 0x0 hidden=1 ownhide=1
              [225] kind=text widget_type=4 trans=0 fill_mode=0 user_id=0x00a200e1 (162<<16|225) static font=495 color=0x0 text="" abs=10,345 0x0 hidden=1 ownhide=1
              [226] kind=text widget_type=4 trans=0 fill_mode=0 user_id=0x00a200e2 (162<<16|226) static font=495 color=0x0 text="" abs=10,345 0x0 hidden=1 ownhide=1
              [227] kind=text widget_type=4 trans=0 fill_mode=0 user_id=0x00a200e3 (162<<16|227) static font=495 color=0x0 text="" abs=10,345 0x0 hidden=1 ownhide=1
              [228] kind=text widget_type=4 trans=0 fill_mode=0 user_id=0x00a200e4 (162<<16|228) static font=495 color=0x0 text="" abs=10,345 0x0 hidden=1 ownhide=1
              [229] kind=text widget_type=4 trans=0 fill_mode=0 user_id=0x00a200e5 (162<<16|229) static font=495 color=0x0 text="" abs=10,345 0x0 hidden=1 ownhide=1
              [230] kind=text widget_type=4 trans=0 fill_mode=0 user_id=0x00a200e6 (162<<16|230) static font=495 color=0x0 text="" abs=10,345 0x0 hidden=1 ownhide=1
              [231] kind=text widget_type=4 trans=0 fill_mode=0 user_id=0x00a200e7 (162<<16|231) static font=495 color=0x0 text="" abs=10,345 0x0 hidden=1 ownhide=1
              [232] kind=text widget_type=4 trans=0 fill_mode=0 user_id=0x00a200e8 (162<<16|232) static font=495 color=0x0 text="" abs=10,345 0x0 hidden=1 ownhide=1
              [233] kind=text widget_type=4 trans=0 fill_mode=0 user_id=0x00a200e9 (162<<16|233) static font=495 color=0x0 text="" abs=10,345 0x0 hidden=1 ownhide=1
              [234] kind=text widget_type=4 trans=0 fill_mode=0 user_id=0x00a200ea (162<<16|234) static font=495 color=0x0 text="" abs=10,345 0x0 hidden=1 ownhide=1
              [235] kind=text widget_type=4 trans=0 fill_mode=0 user_id=0x00a200eb (162<<16|235) static font=495 color=0x0 text="" abs=10,345 0x0 hidden=1 ownhide=1
              [236] kind=text widget_type=4 trans=0 fill_mode=0 user_id=0x00a200ec (162<<16|236) static font=495 color=0x0 text="" abs=10,345 0x0 hidden=1 ownhide=1
              [237] kind=text widget_type=4 trans=0 fill_mode=0 user_id=0x00a200ed (162<<16|237) static font=495 color=0x0 text="" abs=10,345 0x0 hidden=1 ownhide=1
              [238] kind=text widget_type=4 trans=0 fill_mode=0 user_id=0x00a200ee (162<<16|238) static font=495 color=0x0 text="" abs=10,345 0x0 hidden=1 ownhide=1
              [239] kind=text widget_type=4 trans=0 fill_mode=0 user_id=0x00a200ef (162<<16|239) static font=495 color=0x0 text="" abs=10,345 0x0 hidden=1 ownhide=1
              [240] kind=text widget_type=4 trans=0 fill_mode=0 user_id=0x00a200f0 (162<<16|240) static font=495 color=0x0 text="" abs=10,345 0x0 hidden=1 ownhide=1
              [241] kind=text widget_type=4 trans=0 fill_mode=0 user_id=0x00a200f1 (162<<16|241) static font=495 color=0x0 text="" abs=10,345 0x0 hidden=1 ownhide=1
              [242] kind=text widget_type=4 trans=0 fill_mode=0 user_id=0x00a200f2 (162<<16|242) static font=495 color=0x0 text="" abs=10,345 0x0 hidden=1 ownhide=1
              [243] kind=text widget_type=4 trans=0 fill_mode=0 user_id=0x00a200f3 (162<<16|243) static font=495 color=0x0 text="" abs=10,345 0x0 hidden=1 ownhide=1
              [244] kind=text widget_type=4 trans=0 fill_mode=0 user_id=0x00a200f4 (162<<16|244) static font=495 color=0x0 text="" abs=10,345 0x0 hidden=1 ownhide=1
              [245] kind=text widget_type=4 trans=0 fill_mode=0 user_id=0x00a200f5 (162<<16|245) static font=495 color=0x0 text="" abs=10,345 0x0 hidden=1 ownhide=1
              [246] kind=text widget_type=4 trans=0 fill_mode=0 user_id=0x00a200f6 (162<<16|246) static font=495 color=0x0 text="" abs=10,345 0x0 hidden=1 ownhide=1
              [247] kind=text widget_type=4 trans=0 fill_mode=0 user_id=0x00a200f7 (162<<16|247) static font=495 color=0x0 text="" abs=10,345 0x0 hidden=1 ownhide=1
              [248] kind=text widget_type=4 trans=0 fill_mode=0 user_id=0x00a200f8 (162<<16|248) static font=495 color=0x0 text="" abs=10,345 0x0 hidden=1 ownhide=1
              [249] kind=text widget_type=4 trans=0 fill_mode=0 user_id=0x00a200f9 (162<<16|249) static font=495 color=0x0 text="" abs=10,345 0x0 hidden=1 ownhide=1
              [250] kind=text widget_type=4 trans=0 fill_mode=0 user_id=0x00a200fa (162<<16|250) static font=495 color=0x0 text="" abs=10,345 0x0 hidden=1 ownhide=1
              [251] kind=text widget_type=4 trans=0 fill_mode=0 user_id=0x00a200fb (162<<16|251) static font=495 color=0x0 text="" abs=10,345 0x0 hidden=1 ownhide=1
              [252] kind=text widget_type=4 trans=0 fill_mode=0 user_id=0x00a200fc (162<<16|252) static font=495 color=0x0 text="" abs=10,345 0x0 hidden=1 ownhide=1
              [253] kind=text widget_type=4 trans=0 fill_mode=0 user_id=0x00a200fd (162<<16|253) static font=495 color=0x0 text="" abs=10,345 0x0 hidden=1 ownhide=1
              [254] kind=text widget_type=4 trans=0 fill_mode=0 user_id=0x00a200fe (162<<16|254) static font=495 color=0x0 text="" abs=10,345 0x0 hidden=1 ownhide=1
              [255] kind=text widget_type=4 trans=0 fill_mode=0 user_id=0x00a200ff (162<<16|255) static font=495 color=0x0 text="" abs=10,345 0x0 hidden=1 ownhide=1
              [256] kind=text widget_type=4 trans=0 fill_mode=0 user_id=0x00a20100 (162<<16|256) static font=495 color=0x0 text="" abs=10,345 0x0 hidden=1 ownhide=1
              [257] kind=text widget_type=4 trans=0 fill_mode=0 user_id=0x00a20101 (162<<16|257) static font=495 color=0x0 text="" abs=10,345 0x0 hidden=1 ownhide=1
              [258] kind=text widget_type=4 trans=0 fill_mode=0 user_id=0x00a20102 (162<<16|258) static font=495 color=0x0 text="" abs=10,345 0x0 hidden=1 ownhide=1
              [259] kind=text widget_type=4 trans=0 fill_mode=0 user_id=0x00a20103 (162<<16|259) static font=495 color=0x0 text="" abs=10,345 0x0 hidden=1 ownhide=1
              [260] kind=text widget_type=4 trans=0 fill_mode=0 user_id=0x00a20104 (162<<16|260) static font=495 color=0x0 text="" abs=10,345 0x0 hidden=1 ownhide=1
              [261] kind=text widget_type=4 trans=0 fill_mode=0 user_id=0x00a20105 (162<<16|261) static font=495 color=0x0 text="" abs=10,345 0x0 hidden=1 ownhide=1
              [262] kind=text widget_type=4 trans=0 fill_mode=0 user_id=0x00a20106 (162<<16|262) static font=495 color=0x0 text="" abs=10,345 0x0 hidden=1 ownhide=1
              [263] kind=text widget_type=4 trans=0 fill_mode=0 user_id=0x00a20107 (162<<16|263) static font=495 color=0x0 text="" abs=10,345 0x0 hidden=1 ownhide=1
              [264] kind=text widget_type=4 trans=0 fill_mode=0 user_id=0x00a20108 (162<<16|264) static font=495 color=0x0 text="" abs=10,345 0x0 hidden=1 ownhide=1
              [265] kind=text widget_type=4 trans=0 fill_mode=0 user_id=0x00a20109 (162<<16|265) static font=495 color=0x0 text="" abs=10,345 0x0 hidden=1 ownhide=1
              [266] kind=text widget_type=4 trans=0 fill_mode=0 user_id=0x00a2010a (162<<16|266) static font=495 color=0x0 text="" abs=10,345 0x0 hidden=1 ownhide=1
              [267] kind=text widget_type=4 trans=0 fill_mode=0 user_id=0x00a2010b (162<<16|267) static font=495 color=0x0 text="" abs=10,345 0x0 hidden=1 ownhide=1
              [268] kind=text widget_type=4 trans=0 fill_mode=0 user_id=0x00a2010c (162<<16|268) static font=495 color=0x0 text="" abs=10,345 0x0 hidden=1 ownhide=1
              [269] kind=text widget_type=4 trans=0 fill_mode=0 user_id=0x00a2010d (162<<16|269) static font=495 color=0x0 text="" abs=10,345 0x0 hidden=1 ownhide=1
              [270] kind=text widget_type=4 trans=0 fill_mode=0 user_id=0x00a2010e (162<<16|270) static font=495 color=0x0 text="" abs=10,345 0x0 hidden=1 ownhide=1
              [271] kind=text widget_type=4 trans=0 fill_mode=0 user_id=0x00a2010f (162<<16|271) static font=495 color=0x0 text="" abs=10,345 0x0 hidden=1 ownhide=1
              [272] kind=text widget_type=4 trans=0 fill_mode=0 user_id=0x00a20110 (162<<16|272) static font=495 color=0x0 text="" abs=10,345 0x0 hidden=1 ownhide=1
              [273] kind=text widget_type=4 trans=0 fill_mode=0 user_id=0x00a20111 (162<<16|273) static font=495 color=0x0 text="" abs=10,345 0x0 hidden=1 ownhide=1
              [274] kind=text widget_type=4 trans=0 fill_mode=0 user_id=0x00a20112 (162<<16|274) static font=495 color=0x0 text="" abs=10,345 0x0 hidden=1 ownhide=1
              [275] kind=text widget_type=4 trans=0 fill_mode=0 user_id=0x00a20113 (162<<16|275) static font=495 color=0x0 text="" abs=10,345 0x0 hidden=1 ownhide=1
              [276] kind=text widget_type=4 trans=0 fill_mode=0 user_id=0x00a20114 (162<<16|276) static font=495 color=0x0 text="" abs=10,345 0x0 hidden=1 ownhide=1
              [277] kind=text widget_type=4 trans=0 fill_mode=0 user_id=0x00a20115 (162<<16|277) static font=495 color=0x0 text="" abs=10,345 0x0 hidden=1 ownhide=1
              [278] kind=text widget_type=4 trans=0 fill_mode=0 user_id=0x00a20116 (162<<16|278) static font=495 color=0x0 text="" abs=10,345 0x0 hidden=1 ownhide=1
              [279] kind=text widget_type=4 trans=0 fill_mode=0 user_id=0x00a20117 (162<<16|279) static font=495 color=0x0 text="" abs=10,345 0x0 hidden=1 ownhide=1
              [280] kind=text widget_type=4 trans=0 fill_mode=0 user_id=0x00a20118 (162<<16|280) static font=495 color=0x0 text="" abs=10,345 0x0 hidden=1 ownhide=1
              [281] kind=text widget_type=4 trans=0 fill_mode=0 user_id=0x00a20119 (162<<16|281) static font=495 color=0x0 text="" abs=10,345 0x0 hidden=1 ownhide=1
              [282] kind=text widget_type=4 trans=0 fill_mode=0 user_id=0x00a2011a (162<<16|282) static font=495 color=0x0 text="" abs=10,345 0x0 hidden=1 ownhide=1
              [283] kind=text widget_type=4 trans=0 fill_mode=0 user_id=0x00a2011b (162<<16|283) static font=495 color=0x0 text="" abs=10,345 0x0 hidden=1 ownhide=1
              [284] kind=text widget_type=4 trans=0 fill_mode=0 user_id=0x00a2011c (162<<16|284) static font=495 color=0x0 text="" abs=10,345 0x0 hidden=1 ownhide=1
              [285] kind=text widget_type=4 trans=0 fill_mode=0 user_id=0x00a2011d (162<<16|285) static font=495 color=0x0 text="" abs=10,345 0x0 hidden=1 ownhide=1
              [286] kind=text widget_type=4 trans=0 fill_mode=0 user_id=0x00a2011e (162<<16|286) static font=495 color=0x0 text="" abs=10,345 0x0 hidden=1 ownhide=1
              [287] kind=text widget_type=4 trans=0 fill_mode=0 user_id=0x00a2011f (162<<16|287) static font=495 color=0x0 text="" abs=10,345 0x0 hidden=1 ownhide=1
              [288] kind=text widget_type=4 trans=0 fill_mode=0 user_id=0x00a20120 (162<<16|288) static font=495 color=0x0 text="" abs=10,345 0x0 hidden=1 ownhide=1
              [289] kind=text widget_type=4 trans=0 fill_mode=0 user_id=0x00a20121 (162<<16|289) static font=495 color=0x0 text="" abs=10,345 0x0 hidden=1 ownhide=1
              [290] kind=text widget_type=4 trans=0 fill_mode=0 user_id=0x00a20122 (162<<16|290) static font=495 color=0x0 text="" abs=10,345 0x0 hidden=1 ownhide=1
              [291] kind=text widget_type=4 trans=0 fill_mode=0 user_id=0x00a20123 (162<<16|291) static font=495 color=0x0 text="" abs=10,345 0x0 hidden=1 ownhide=1
              [292] kind=text widget_type=4 trans=0 fill_mode=0 user_id=0x00a20124 (162<<16|292) static font=495 color=0x0 text="" abs=10,345 0x0 hidden=1 ownhide=1
              [293] kind=text widget_type=4 trans=0 fill_mode=0 user_id=0x00a20125 (162<<16|293) static font=495 color=0x0 text="" abs=10,345 0x0 hidden=1 ownhide=1
              [294] kind=text widget_type=4 trans=0 fill_mode=0 user_id=0x00a20126 (162<<16|294) static font=495 color=0x0 text="" abs=10,345 0x0 hidden=1 ownhide=1
              [295] kind=text widget_type=4 trans=0 fill_mode=0 user_id=0x00a20127 (162<<16|295) static font=495 color=0x0 text="" abs=10,345 0x0 hidden=1 ownhide=1
              [296] kind=text widget_type=4 trans=0 fill_mode=0 user_id=0x00a20128 (162<<16|296) static font=495 color=0x0 text="" abs=10,345 0x0 hidden=1 ownhide=1
              [297] kind=text widget_type=4 trans=0 fill_mode=0 user_id=0x00a20129 (162<<16|297) static font=495 color=0x0 text="" abs=10,345 0x0 hidden=1 ownhide=1
              [298] kind=text widget_type=4 trans=0 fill_mode=0 user_id=0x00a2012a (162<<16|298) static font=495 color=0x0 text="" abs=10,345 0x0 hidden=1 ownhide=1
              [299] kind=text widget_type=4 trans=0 fill_mode=0 user_id=0x00a2012b (162<<16|299) static font=495 color=0x0 text="" abs=10,345 0x0 hidden=1 ownhide=1
              [300] kind=text widget_type=4 trans=0 fill_mode=0 user_id=0x00a2012c (162<<16|300) static font=495 color=0x0 text="" abs=10,345 0x0 hidden=1 ownhide=1
              [301] kind=text widget_type=4 trans=0 fill_mode=0 user_id=0x00a2012d (162<<16|301) static font=495 color=0x0 text="" abs=10,345 0x0 hidden=1 ownhide=1
              [302] kind=text widget_type=4 trans=0 fill_mode=0 user_id=0x00a2012e (162<<16|302) static font=495 color=0x0 text="" abs=10,345 0x0 hidden=1 ownhide=1
              [303] kind=text widget_type=4 trans=0 fill_mode=0 user_id=0x00a2012f (162<<16|303) static font=495 color=0x0 text="" abs=10,345 0x0 hidden=1 ownhide=1
              [304] kind=text widget_type=4 trans=0 fill_mode=0 user_id=0x00a20130 (162<<16|304) static font=495 color=0x0 text="" abs=10,345 0x0 hidden=1 ownhide=1
              [305] kind=text widget_type=4 trans=0 fill_mode=0 user_id=0x00a20131 (162<<16|305) static font=495 color=0x0 text="" abs=10,345 0x0 hidden=1 ownhide=1
              [306] kind=text widget_type=4 trans=0 fill_mode=0 user_id=0x00a20132 (162<<16|306) static font=495 color=0x0 text="" abs=10,345 0x0 hidden=1 ownhide=1
              [307] kind=text widget_type=4 trans=0 fill_mode=0 user_id=0x00a20133 (162<<16|307) static font=495 color=0x0 text="" abs=10,345 0x0 hidden=1 ownhide=1
              [308] kind=text widget_type=4 trans=0 fill_mode=0 user_id=0x00a20134 (162<<16|308) static font=495 color=0x0 text="" abs=10,345 0x0 hidden=1 ownhide=1
              [309] kind=text widget_type=4 trans=0 fill_mode=0 user_id=0x00a20135 (162<<16|309) static font=495 color=0x0 text="" abs=10,345 0x0 hidden=1 ownhide=1
              [310] kind=text widget_type=4 trans=0 fill_mode=0 user_id=0x00a20136 (162<<16|310) static font=495 color=0x0 text="" abs=10,345 0x0 hidden=1 ownhide=1
              [311] kind=text widget_type=4 trans=0 fill_mode=0 user_id=0x00a20137 (162<<16|311) static font=495 color=0x0 text="" abs=10,345 0x0 hidden=1 ownhide=1
              [312] kind=text widget_type=4 trans=0 fill_mode=0 user_id=0x00a20138 (162<<16|312) static font=495 color=0x0 text="" abs=10,345 0x0 hidden=1 ownhide=1
              [313] kind=text widget_type=4 trans=0 fill_mode=0 user_id=0x00a20139 (162<<16|313) static font=495 color=0x0 text="" abs=10,345 0x0 hidden=1 ownhide=1
              [314] kind=text widget_type=4 trans=0 fill_mode=0 user_id=0x00a2013a (162<<16|314) static font=495 color=0x0 text="" abs=10,345 0x0 hidden=1 ownhide=1
              [315] kind=text widget_type=4 trans=0 fill_mode=0 user_id=0x00a2013b (162<<16|315) static font=495 color=0x0 text="" abs=10,345 0x0 hidden=1 ownhide=1
              [316] kind=text widget_type=4 trans=0 fill_mode=0 user_id=0x00a2013c (162<<16|316) static font=495 color=0x0 text="" abs=10,345 0x0 hidden=1 ownhide=1
              [317] kind=text widget_type=4 trans=0 fill_mode=0 user_id=0x00a2013d (162<<16|317) static font=495 color=0x0 text="" abs=10,345 0x0 hidden=1 ownhide=1
              [318] kind=text widget_type=4 trans=0 fill_mode=0 user_id=0x00a2013e (162<<16|318) static font=495 color=0x0 text="" abs=10,345 0x0 hidden=1 ownhide=1
              [319] kind=text widget_type=4 trans=0 fill_mode=0 user_id=0x00a2013f (162<<16|319) static font=495 color=0x0 text="" abs=10,345 0x0 hidden=1 ownhide=1
              [320] kind=text widget_type=4 trans=0 fill_mode=0 user_id=0x00a20140 (162<<16|320) static font=495 color=0x0 text="" abs=10,345 0x0 hidden=1 ownhide=1
              [321] kind=text widget_type=4 trans=0 fill_mode=0 user_id=0x00a20141 (162<<16|321) static font=495 color=0x0 text="" abs=10,345 0x0 hidden=1 ownhide=1
              [322] kind=text widget_type=4 trans=0 fill_mode=0 user_id=0x00a20142 (162<<16|322) static font=495 color=0x0 text="" abs=10,345 0x0 hidden=1 ownhide=1
              [323] kind=text widget_type=4 trans=0 fill_mode=0 user_id=0x00a20143 (162<<16|323) static font=495 color=0x0 text="" abs=10,345 0x0 hidden=1 ownhide=1
              [324] kind=text widget_type=4 trans=0 fill_mode=0 user_id=0x00a20144 (162<<16|324) static font=495 color=0x0 text="" abs=10,345 0x0 hidden=1 ownhide=1
              [325] kind=text widget_type=4 trans=0 fill_mode=0 user_id=0x00a20145 (162<<16|325) static font=495 color=0x0 text="" abs=10,345 0x0 hidden=1 ownhide=1
              [326] kind=text widget_type=4 trans=0 fill_mode=0 user_id=0x00a20146 (162<<16|326) static font=495 color=0x0 text="" abs=10,345 0x0 hidden=1 ownhide=1
              [327] kind=text widget_type=4 trans=0 fill_mode=0 user_id=0x00a20147 (162<<16|327) static font=495 color=0x0 text="" abs=10,345 0x0 hidden=1 ownhide=1
              [328] kind=text widget_type=4 trans=0 fill_mode=0 user_id=0x00a20148 (162<<16|328) static font=495 color=0x0 text="" abs=10,345 0x0 hidden=1 ownhide=1
              [329] kind=text widget_type=4 trans=0 fill_mode=0 user_id=0x00a20149 (162<<16|329) static font=495 color=0x0 text="" abs=10,345 0x0 hidden=1 ownhide=1
              [330] kind=text widget_type=4 trans=0 fill_mode=0 user_id=0x00a2014a (162<<16|330) static font=495 color=0x0 text="" abs=10,345 0x0 hidden=1 ownhide=1
              [331] kind=text widget_type=4 trans=0 fill_mode=0 user_id=0x00a2014b (162<<16|331) static font=495 color=0x0 text="" abs=10,345 0x0 hidden=1 ownhide=1
              [332] kind=text widget_type=4 trans=0 fill_mode=0 user_id=0x00a2014c (162<<16|332) static font=495 color=0x0 text="" abs=10,345 0x0 hidden=1 ownhide=1
              [333] kind=text widget_type=4 trans=0 fill_mode=0 user_id=0x00a2014d (162<<16|333) static font=495 color=0x0 text="" abs=10,345 0x0 hidden=1 ownhide=1
              [334] kind=text widget_type=4 trans=0 fill_mode=0 user_id=0x00a2014e (162<<16|334) static font=495 color=0x0 text="" abs=10,345 0x0 hidden=1 ownhide=1
              [335] kind=text widget_type=4 trans=0 fill_mode=0 user_id=0x00a2014f (162<<16|335) static font=495 color=0x0 text="" abs=10,345 0x0 hidden=1 ownhide=1
              [336] kind=text widget_type=4 trans=0 fill_mode=0 user_id=0x00a20150 (162<<16|336) static font=495 color=0x0 text="" abs=10,345 0x0 hidden=1 ownhide=1
              [337] kind=text widget_type=4 trans=0 fill_mode=0 user_id=0x00a20151 (162<<16|337) static font=495 color=0x0 text="" abs=10,345 0x0 hidden=1 ownhide=1
              [338] kind=text widget_type=4 trans=0 fill_mode=0 user_id=0x00a20152 (162<<16|338) static font=495 color=0x0 text="" abs=10,345 0x0 hidden=1 ownhide=1
              [339] kind=text widget_type=4 trans=0 fill_mode=0 user_id=0x00a20153 (162<<16|339) static font=495 color=0x0 text="" abs=10,345 0x0 hidden=1 ownhide=1
              [340] kind=text widget_type=4 trans=0 fill_mode=0 user_id=0x00a20154 (162<<16|340) static font=495 color=0x0 text="" abs=10,345 0x0 hidden=1 ownhide=1
              [341] kind=text widget_type=4 trans=0 fill_mode=0 user_id=0x00a20155 (162<<16|341) static font=495 color=0x0 text="" abs=10,345 0x0 hidden=1 ownhide=1
              [342] kind=text widget_type=4 trans=0 fill_mode=0 user_id=0x00a20156 (162<<16|342) static font=495 color=0x0 text="" abs=10,345 0x0 hidden=1 ownhide=1
              [343] kind=text widget_type=4 trans=0 fill_mode=0 user_id=0x00a20157 (162<<16|343) static font=495 color=0x0 text="" abs=10,345 0x0 hidden=1 ownhide=1
              [344] kind=text widget_type=4 trans=0 fill_mode=0 user_id=0x00a20158 (162<<16|344) static font=495 color=0x0 text="" abs=10,345 0x0 hidden=1 ownhide=1
              [345] kind=text widget_type=4 trans=0 fill_mode=0 user_id=0x00a20159 (162<<16|345) static font=495 color=0x0 text="" abs=10,345 0x0 hidden=1 ownhide=1
              [346] kind=text widget_type=4 trans=0 fill_mode=0 user_id=0x00a2015a (162<<16|346) static font=495 color=0x0 text="" abs=10,345 0x0 hidden=1 ownhide=1
              [347] kind=text widget_type=4 trans=0 fill_mode=0 user_id=0x00a2015b (162<<16|347) static font=495 color=0x0 text="" abs=10,345 0x0 hidden=1 ownhide=1
              [348] kind=text widget_type=4 trans=0 fill_mode=0 user_id=0x00a2015c (162<<16|348) static font=495 color=0x0 text="" abs=10,345 0x0 hidden=1 ownhide=1
              [349] kind=text widget_type=4 trans=0 fill_mode=0 user_id=0x00a2015d (162<<16|349) static font=495 color=0x0 text="" abs=10,345 0x0 hidden=1 ownhide=1
              [350] kind=text widget_type=4 trans=0 fill_mode=0 user_id=0x00a2015e (162<<16|350) static font=495 color=0x0 text="" abs=10,345 0x0 hidden=1 ownhide=1
              [351] kind=text widget_type=4 trans=0 fill_mode=0 user_id=0x00a2015f (162<<16|351) static font=495 color=0x0 text="" abs=10,345 0x0 hidden=1 ownhide=1
              [352] kind=text widget_type=4 trans=0 fill_mode=0 user_id=0x00a20160 (162<<16|352) static font=495 color=0x0 text="" abs=10,345 0x0 hidden=1 ownhide=1
              [353] kind=text widget_type=4 trans=0 fill_mode=0 user_id=0x00a20161 (162<<16|353) static font=495 color=0x0 text="" abs=10,345 0x0 hidden=1 ownhide=1
              [354] kind=text widget_type=4 trans=0 fill_mode=0 user_id=0x00a20162 (162<<16|354) static font=495 color=0x0 text="" abs=10,345 0x0 hidden=1 ownhide=1
              [355] kind=text widget_type=4 trans=0 fill_mode=0 user_id=0x00a20163 (162<<16|355) static font=495 color=0x0 text="" abs=10,345 0x0 hidden=1 ownhide=1
              [356] kind=text widget_type=4 trans=0 fill_mode=0 user_id=0x00a20164 (162<<16|356) static font=495 color=0x0 text="" abs=10,345 0x0 hidden=1 ownhide=1
              [357] kind=text widget_type=4 trans=0 fill_mode=0 user_id=0x00a20165 (162<<16|357) static font=495 color=0x0 text="" abs=10,345 0x0 hidden=1 ownhide=1
              [358] kind=text widget_type=4 trans=0 fill_mode=0 user_id=0x00a20166 (162<<16|358) static font=495 color=0x0 text="" abs=10,345 0x0 hidden=1 ownhide=1
              [359] kind=text widget_type=4 trans=0 fill_mode=0 user_id=0x00a20167 (162<<16|359) static font=495 color=0x0 text="" abs=10,345 0x0 hidden=1 ownhide=1
              [360] kind=text widget_type=4 trans=0 fill_mode=0 user_id=0x00a20168 (162<<16|360) static font=495 color=0x0 text="" abs=10,345 0x0 hidden=1 ownhide=1
              [361] kind=text widget_type=4 trans=0 fill_mode=0 user_id=0x00a20169 (162<<16|361) static font=495 color=0x0 text="" abs=10,345 0x0 hidden=1 ownhide=1
              [362] kind=text widget_type=4 trans=0 fill_mode=0 user_id=0x00a2016a (162<<16|362) static font=495 color=0x0 text="" abs=10,345 0x0 hidden=1 ownhide=1
              [363] kind=text widget_type=4 trans=0 fill_mode=0 user_id=0x00a2016b (162<<16|363) static font=495 color=0x0 text="" abs=10,345 0x0 hidden=1 ownhide=1
              [364] kind=text widget_type=4 trans=0 fill_mode=0 user_id=0x00a2016c (162<<16|364) static font=495 color=0x0 text="" abs=10,345 0x0 hidden=1 ownhide=1
              [365] kind=text widget_type=4 trans=0 fill_mode=0 user_id=0x00a2016d (162<<16|365) static font=495 color=0x0 text="" abs=10,345 0x0 hidden=1 ownhide=1
              [366] kind=text widget_type=4 trans=0 fill_mode=0 user_id=0x00a2016e (162<<16|366) static font=495 color=0x0 text="" abs=10,345 0x0 hidden=1 ownhide=1
              [367] kind=text widget_type=4 trans=0 fill_mode=0 user_id=0x00a2016f (162<<16|367) static font=495 color=0x0 text="" abs=10,345 0x0 hidden=1 ownhide=1
              [368] kind=text widget_type=4 trans=0 fill_mode=0 user_id=0x00a20170 (162<<16|368) static font=495 color=0x0 text="" abs=10,345 0x0 hidden=1 ownhide=1
              [369] kind=text widget_type=4 trans=0 fill_mode=0 user_id=0x00a20171 (162<<16|369) static font=495 color=0x0 text="" abs=10,345 0x0 hidden=1 ownhide=1
              [370] kind=text widget_type=4 trans=0 fill_mode=0 user_id=0x00a20172 (162<<16|370) static font=495 color=0x0 text="" abs=10,345 0x0 hidden=1 ownhide=1
              [371] kind=text widget_type=4 trans=0 fill_mode=0 user_id=0x00a20173 (162<<16|371) static font=495 color=0x0 text="" abs=10,345 0x0 hidden=1 ownhide=1
              [372] kind=text widget_type=4 trans=0 fill_mode=0 user_id=0x00a20174 (162<<16|372) static font=495 color=0x0 text="" abs=10,345 0x0 hidden=1 ownhide=1
              [373] kind=text widget_type=4 trans=0 fill_mode=0 user_id=0x00a20175 (162<<16|373) static font=495 color=0x0 text="" abs=10,345 0x0 hidden=1 ownhide=1
              [374] kind=text widget_type=4 trans=0 fill_mode=0 user_id=0x00a20176 (162<<16|374) static font=495 color=0x0 text="" abs=10,345 0x0 hidden=1 ownhide=1
              [375] kind=text widget_type=4 trans=0 fill_mode=0 user_id=0x00a20177 (162<<16|375) static font=495 color=0x0 text="" abs=10,345 0x0 hidden=1 ownhide=1
              [376] kind=text widget_type=4 trans=0 fill_mode=0 user_id=0x00a20178 (162<<16|376) static font=495 color=0x0 text="" abs=10,345 0x0 hidden=1 ownhide=1
              [377] kind=text widget_type=4 trans=0 fill_mode=0 user_id=0x00a20179 (162<<16|377) static font=495 color=0x0 text="" abs=10,345 0x0 hidden=1 ownhide=1
              [378] kind=text widget_type=4 trans=0 fill_mode=0 user_id=0x00a2017a (162<<16|378) static font=495 color=0x0 text="" abs=10,345 0x0 hidden=1 ownhide=1
              [379] kind=text widget_type=4 trans=0 fill_mode=0 user_id=0x00a2017b (162<<16|379) static font=495 color=0x0 text="" abs=10,345 0x0 hidden=1 ownhide=1
              [380] kind=text widget_type=4 trans=0 fill_mode=0 user_id=0x00a2017c (162<<16|380) static font=495 color=0x0 text="" abs=10,345 0x0 hidden=1 ownhide=1
              [381] kind=text widget_type=4 trans=0 fill_mode=0 user_id=0x00a2017d (162<<16|381) static font=495 color=0x0 text="" abs=10,345 0x0 hidden=1 ownhide=1
              [382] kind=text widget_type=4 trans=0 fill_mode=0 user_id=0x00a2017e (162<<16|382) static font=495 color=0x0 text="" abs=10,345 0x0 hidden=1 ownhide=1
              [383] kind=text widget_type=4 trans=0 fill_mode=0 user_id=0x00a2017f (162<<16|383) static font=495 color=0x0 text="" abs=10,345 0x0 hidden=1 ownhide=1
              [384] kind=text widget_type=4 trans=0 fill_mode=0 user_id=0x00a20180 (162<<16|384) static font=495 color=0x0 text="" abs=10,345 0x0 hidden=1 ownhide=1
              [385] kind=text widget_type=4 trans=0 fill_mode=0 user_id=0x00a20181 (162<<16|385) static font=495 color=0x0 text="" abs=10,345 0x0 hidden=1 ownhide=1
              [386] kind=text widget_type=4 trans=0 fill_mode=0 user_id=0x00a20182 (162<<16|386) static font=495 color=0x0 text="" abs=10,345 0x0 hidden=1 ownhide=1
              [387] kind=text widget_type=4 trans=0 fill_mode=0 user_id=0x00a20183 (162<<16|387) static font=495 color=0x0 text="" abs=10,345 0x0 hidden=1 ownhide=1
              [388] kind=text widget_type=4 trans=0 fill_mode=0 user_id=0x00a20184 (162<<16|388) static font=495 color=0x0 text="" abs=10,345 0x0 hidden=1 ownhide=1
              [389] kind=text widget_type=4 trans=0 fill_mode=0 user_id=0x00a20185 (162<<16|389) static font=495 color=0x0 text="" abs=10,345 0x0 hidden=1 ownhide=1
              [390] kind=text widget_type=4 trans=0 fill_mode=0 user_id=0x00a20186 (162<<16|390) static font=495 color=0x0 text="" abs=10,345 0x0 hidden=1 ownhide=1
              [391] kind=text widget_type=4 trans=0 fill_mode=0 user_id=0x00a20187 (162<<16|391) static font=495 color=0x0 text="" abs=10,345 0x0 hidden=1 ownhide=1
              [392] kind=text widget_type=4 trans=0 fill_mode=0 user_id=0x00a20188 (162<<16|392) static font=495 color=0x0 text="" abs=10,345 0x0 hidden=1 ownhide=1
              [393] kind=text widget_type=4 trans=0 fill_mode=0 user_id=0x00a20189 (162<<16|393) static font=495 color=0x0 text="" abs=10,345 0x0 hidden=1 ownhide=1
              [394] kind=text widget_type=4 trans=0 fill_mode=0 user_id=0x00a2018a (162<<16|394) static font=495 color=0x0 text="" abs=10,345 0x0 hidden=1 ownhide=1
              [395] kind=text widget_type=4 trans=0 fill_mode=0 user_id=0x00a2018b (162<<16|395) static font=495 color=0x0 text="" abs=10,345 0x0 hidden=1 ownhide=1
              [396] kind=text widget_type=4 trans=0 fill_mode=0 user_id=0x00a2018c (162<<16|396) static font=495 color=0x0 text="" abs=10,345 0x0 hidden=1 ownhide=1
              [397] kind=text widget_type=4 trans=0 fill_mode=0 user_id=0x00a2018d (162<<16|397) static font=495 color=0x0 text="" abs=10,345 0x0 hidden=1 ownhide=1
              [398] kind=text widget_type=4 trans=0 fill_mode=0 user_id=0x00a2018e (162<<16|398) static font=495 color=0x0 text="" abs=10,345 0x0 hidden=1 ownhide=1
              [399] kind=text widget_type=4 trans=0 fill_mode=0 user_id=0x00a2018f (162<<16|399) static font=495 color=0x0 text="" abs=10,345 0x0 hidden=1 ownhide=1
              [400] kind=text widget_type=4 trans=0 fill_mode=0 user_id=0x00a20190 (162<<16|400) static font=495 color=0x0 text="" abs=10,345 0x0 hidden=1 ownhide=1
              [401] kind=text widget_type=4 trans=0 fill_mode=0 user_id=0x00a20191 (162<<16|401) static font=495 color=0x0 text="" abs=10,345 0x0 hidden=1 ownhide=1
              [402] kind=text widget_type=4 trans=0 fill_mode=0 user_id=0x00a20192 (162<<16|402) static font=495 color=0x0 text="" abs=10,345 0x0 hidden=1 ownhide=1
              [403] kind=text widget_type=4 trans=0 fill_mode=0 user_id=0x00a20193 (162<<16|403) static font=495 color=0x0 text="" abs=10,345 0x0 hidden=1 ownhide=1
              [404] kind=text widget_type=4 trans=0 fill_mode=0 user_id=0x00a20194 (162<<16|404) static font=495 color=0x0 text="" abs=10,345 0x0 hidden=1 ownhide=1
              [405] kind=text widget_type=4 trans=0 fill_mode=0 user_id=0x00a20195 (162<<16|405) static font=495 color=0x0 text="" abs=10,345 0x0 hidden=1 ownhide=1
              [406] kind=text widget_type=4 trans=0 fill_mode=0 user_id=0x00a20196 (162<<16|406) static font=495 color=0x0 text="" abs=10,345 0x0 hidden=1 ownhide=1
              [407] kind=text widget_type=4 trans=0 fill_mode=0 user_id=0x00a20197 (162<<16|407) static font=495 color=0x0 text="" abs=10,345 0x0 hidden=1 ownhide=1
              [408] kind=text widget_type=4 trans=0 fill_mode=0 user_id=0x00a20198 (162<<16|408) static font=495 color=0x0 text="" abs=10,345 0x0 hidden=1 ownhide=1
              [409] kind=text widget_type=4 trans=0 fill_mode=0 user_id=0x00a20199 (162<<16|409) static font=495 color=0x0 text="" abs=10,345 0x0 hidden=1 ownhide=1
              [410] kind=text widget_type=4 trans=0 fill_mode=0 user_id=0x00a2019a (162<<16|410) static font=495 color=0x0 text="" abs=10,345 0x0 hidden=1 ownhide=1
              [411] kind=text widget_type=4 trans=0 fill_mode=0 user_id=0x00a2019b (162<<16|411) static font=495 color=0x0 text="" abs=10,345 0x0 hidden=1 ownhide=1
              [412] kind=text widget_type=4 trans=0 fill_mode=0 user_id=0x00a2019c (162<<16|412) static font=495 color=0x0 text="" abs=10,345 0x0 hidden=1 ownhide=1
              [413] kind=text widget_type=4 trans=0 fill_mode=0 user_id=0x00a2019d (162<<16|413) static font=495 color=0x0 text="" abs=10,345 0x0 hidden=1 ownhide=1
              [414] kind=text widget_type=4 trans=0 fill_mode=0 user_id=0x00a2019e (162<<16|414) static font=495 color=0x0 text="" abs=10,345 0x0 hidden=1 ownhide=1
              [415] kind=text widget_type=4 trans=0 fill_mode=0 user_id=0x00a2019f (162<<16|415) static font=495 color=0x0 text="" abs=10,345 0x0 hidden=1 ownhide=1
              [416] kind=text widget_type=4 trans=0 fill_mode=0 user_id=0x00a201a0 (162<<16|416) static font=495 color=0x0 text="" abs=10,345 0x0 hidden=1 ownhide=1
              [417] kind=text widget_type=4 trans=0 fill_mode=0 user_id=0x00a201a1 (162<<16|417) static font=495 color=0x0 text="" abs=10,345 0x0 hidden=1 ownhide=1
              [418] kind=text widget_type=4 trans=0 fill_mode=0 user_id=0x00a201a2 (162<<16|418) static font=495 color=0x0 text="" abs=10,345 0x0 hidden=1 ownhide=1
              [419] kind=text widget_type=4 trans=0 fill_mode=0 user_id=0x00a201a3 (162<<16|419) static font=495 color=0x0 text="" abs=10,345 0x0 hidden=1 ownhide=1
              [420] kind=text widget_type=4 trans=0 fill_mode=0 user_id=0x00a201a4 (162<<16|420) static font=495 color=0x0 text="" abs=10,345 0x0 hidden=1 ownhide=1
              [421] kind=text widget_type=4 trans=0 fill_mode=0 user_id=0x00a201a5 (162<<16|421) static font=495 color=0x0 text="" abs=10,345 0x0 hidden=1 ownhide=1
              [422] kind=text widget_type=4 trans=0 fill_mode=0 user_id=0x00a201a6 (162<<16|422) static font=495 color=0x0 text="" abs=10,345 0x0 hidden=1 ownhide=1
              [423] kind=text widget_type=4 trans=0 fill_mode=0 user_id=0x00a201a7 (162<<16|423) static font=495 color=0x0 text="" abs=10,345 0x0 hidden=1 ownhide=1
              [424] kind=text widget_type=4 trans=0 fill_mode=0 user_id=0x00a201a8 (162<<16|424) static font=495 color=0x0 text="" abs=10,345 0x0 hidden=1 ownhide=1
              [425] kind=text widget_type=4 trans=0 fill_mode=0 user_id=0x00a201a9 (162<<16|425) static font=495 color=0x0 text="" abs=10,345 0x0 hidden=1 ownhide=1
              [426] kind=text widget_type=4 trans=0 fill_mode=0 user_id=0x00a201aa (162<<16|426) static font=495 color=0x0 text="" abs=10,345 0x0 hidden=1 ownhide=1
              [427] kind=text widget_type=4 trans=0 fill_mode=0 user_id=0x00a201ab (162<<16|427) static font=495 color=0x0 text="" abs=10,345 0x0 hidden=1 ownhide=1
              [428] kind=text widget_type=4 trans=0 fill_mode=0 user_id=0x00a201ac (162<<16|428) static font=495 color=0x0 text="" abs=10,345 0x0 hidden=1 ownhide=1
              [429] kind=text widget_type=4 trans=0 fill_mode=0 user_id=0x00a201ad (162<<16|429) static font=495 color=0x0 text="" abs=10,345 0x0 hidden=1 ownhide=1
              [430] kind=text widget_type=4 trans=0 fill_mode=0 user_id=0x00a201ae (162<<16|430) static font=495 color=0x0 text="" abs=10,345 0x0 hidden=1 ownhide=1
              [431] kind=text widget_type=4 trans=0 fill_mode=0 user_id=0x00a201af (162<<16|431) static font=495 color=0x0 text="" abs=10,345 0x0 hidden=1 ownhide=1
              [432] kind=text widget_type=4 trans=0 fill_mode=0 user_id=0x00a201b0 (162<<16|432) static font=495 color=0x0 text="" abs=10,345 0x0 hidden=1 ownhide=1
              [433] kind=text widget_type=4 trans=0 fill_mode=0 user_id=0x00a201b1 (162<<16|433) static font=495 color=0x0 text="" abs=10,345 0x0 hidden=1 ownhide=1
              [434] kind=text widget_type=4 trans=0 fill_mode=0 user_id=0x00a201b2 (162<<16|434) static font=495 color=0x0 text="" abs=10,345 0x0 hidden=1 ownhide=1
              [435] kind=text widget_type=4 trans=0 fill_mode=0 user_id=0x00a201b3 (162<<16|435) static font=495 color=0x0 text="" abs=10,345 0x0 hidden=1 ownhide=1
              [436] kind=text widget_type=4 trans=0 fill_mode=0 user_id=0x00a201b4 (162<<16|436) static font=495 color=0x0 text="" abs=10,345 0x0 hidden=1 ownhide=1
              [437] kind=text widget_type=4 trans=0 fill_mode=0 user_id=0x00a201b5 (162<<16|437) static font=495 color=0x0 text="" abs=10,345 0x0 hidden=1 ownhide=1
              [438] kind=text widget_type=4 trans=0 fill_mode=0 user_id=0x00a201b6 (162<<16|438) static font=495 color=0x0 text="" abs=10,345 0x0 hidden=1 ownhide=1
              [439] kind=text widget_type=4 trans=0 fill_mode=0 user_id=0x00a201b7 (162<<16|439) static font=495 color=0x0 text="" abs=10,345 0x0 hidden=1 ownhide=1
              [440] kind=text widget_type=4 trans=0 fill_mode=0 user_id=0x00a201b8 (162<<16|440) static font=495 color=0x0 text="" abs=10,345 0x0 hidden=1 ownhide=1
              [441] kind=text widget_type=4 trans=0 fill_mode=0 user_id=0x00a201b9 (162<<16|441) static font=495 color=0x0 text="" abs=10,345 0x0 hidden=1 ownhide=1
              [442] kind=text widget_type=4 trans=0 fill_mode=0 user_id=0x00a201ba (162<<16|442) static font=495 color=0x0 text="" abs=10,345 0x0 hidden=1 ownhide=1
              [443] kind=text widget_type=4 trans=0 fill_mode=0 user_id=0x00a201bb (162<<16|443) static font=495 color=0x0 text="" abs=10,345 0x0 hidden=1 ownhide=1
              [444] kind=text widget_type=4 trans=0 fill_mode=0 user_id=0x00a201bc (162<<16|444) static font=495 color=0x0 text="" abs=10,345 0x0 hidden=1 ownhide=1
              [445] kind=text widget_type=4 trans=0 fill_mode=0 user_id=0x00a201bd (162<<16|445) static font=495 color=0x0 text="" abs=10,345 0x0 hidden=1 ownhide=1
              [446] kind=text widget_type=4 trans=0 fill_mode=0 user_id=0x00a201be (162<<16|446) static font=495 color=0x0 text="" abs=10,345 0x0 hidden=1 ownhide=1
              [447] kind=text widget_type=4 trans=0 fill_mode=0 user_id=0x00a201bf (162<<16|447) static font=495 color=0x0 text="" abs=10,345 0x0 hidden=1 ownhide=1
              [448] kind=text widget_type=4 trans=0 fill_mode=0 user_id=0x00a201c0 (162<<16|448) static font=495 color=0x0 text="" abs=10,345 0x0 hidden=1 ownhide=1
              [449] kind=text widget_type=4 trans=0 fill_mode=0 user_id=0x00a201c1 (162<<16|449) static font=495 color=0x0 text="" abs=10,345 0x0 hidden=1 ownhide=1
              [450] kind=text widget_type=4 trans=0 fill_mode=0 user_id=0x00a201c2 (162<<16|450) static font=495 color=0x0 text="" abs=10,345 0x0 hidden=1 ownhide=1
              [451] kind=text widget_type=4 trans=0 fill_mode=0 user_id=0x00a201c3 (162<<16|451) static font=495 color=0x0 text="" abs=10,345 0x0 hidden=1 ownhide=1
              [452] kind=text widget_type=4 trans=0 fill_mode=0 user_id=0x00a201c4 (162<<16|452) static font=495 color=0x0 text="" abs=10,345 0x0 hidden=1 ownhide=1
              [453] kind=text widget_type=4 trans=0 fill_mode=0 user_id=0x00a201c5 (162<<16|453) static font=495 color=0x0 text="" abs=10,345 0x0 hidden=1 ownhide=1
              [454] kind=text widget_type=4 trans=0 fill_mode=0 user_id=0x00a201c6 (162<<16|454) static font=495 color=0x0 text="" abs=10,345 0x0 hidden=1 ownhide=1
              [455] kind=text widget_type=4 trans=0 fill_mode=0 user_id=0x00a201c7 (162<<16|455) static font=495 color=0x0 text="" abs=10,345 0x0 hidden=1 ownhide=1
              [456] kind=text widget_type=4 trans=0 fill_mode=0 user_id=0x00a201c8 (162<<16|456) static font=495 color=0x0 text="" abs=10,345 0x0 hidden=1 ownhide=1
              [457] kind=text widget_type=4 trans=0 fill_mode=0 user_id=0x00a201c9 (162<<16|457) static font=495 color=0x0 text="" abs=10,345 0x0 hidden=1 ownhide=1
              [458] kind=text widget_type=4 trans=0 fill_mode=0 user_id=0x00a201ca (162<<16|458) static font=495 color=0x0 text="" abs=10,345 0x0 hidden=1 ownhide=1
              [459] kind=text widget_type=4 trans=0 fill_mode=0 user_id=0x00a201cb (162<<16|459) static font=495 color=0x0 text="" abs=10,345 0x0 hidden=1 ownhide=1
              [460] kind=text widget_type=4 trans=0 fill_mode=0 user_id=0x00a201cc (162<<16|460) static font=495 color=0x0 text="" abs=10,345 0x0 hidden=1 ownhide=1
              [461] kind=text widget_type=4 trans=0 fill_mode=0 user_id=0x00a201cd (162<<16|461) static font=495 color=0x0 text="" abs=10,345 0x0 hidden=1 ownhide=1
              [462] kind=text widget_type=4 trans=0 fill_mode=0 user_id=0x00a201ce (162<<16|462) static font=495 color=0x0 text="" abs=10,345 0x0 hidden=1 ownhide=1
              [463] kind=text widget_type=4 trans=0 fill_mode=0 user_id=0x00a201cf (162<<16|463) static font=495 color=0x0 text="" abs=10,345 0x0 hidden=1 ownhide=1
              [464] kind=text widget_type=4 trans=0 fill_mode=0 user_id=0x00a201d0 (162<<16|464) static font=495 color=0x0 text="" abs=10,345 0x0 hidden=1 ownhide=1
              [465] kind=text widget_type=4 trans=0 fill_mode=0 user_id=0x00a201d1 (162<<16|465) static font=495 color=0x0 text="" abs=10,345 0x0 hidden=1 ownhide=1
              [466] kind=text widget_type=4 trans=0 fill_mode=0 user_id=0x00a201d2 (162<<16|466) static font=495 color=0x0 text="" abs=10,345 0x0 hidden=1 ownhide=1
              [467] kind=text widget_type=4 trans=0 fill_mode=0 user_id=0x00a201d3 (162<<16|467) static font=495 color=0x0 text="" abs=10,345 0x0 hidden=1 ownhide=1
              [468] kind=text widget_type=4 trans=0 fill_mode=0 user_id=0x00a201d4 (162<<16|468) static font=495 color=0x0 text="" abs=10,345 0x0 hidden=1 ownhide=1
              [469] kind=text widget_type=4 trans=0 fill_mode=0 user_id=0x00a201d5 (162<<16|469) static font=495 color=0x0 text="" abs=10,345 0x0 hidden=1 ownhide=1
              [470] kind=text widget_type=4 trans=0 fill_mode=0 user_id=0x00a201d6 (162<<16|470) static font=495 color=0x0 text="" abs=10,345 0x0 hidden=1 ownhide=1
              [471] kind=text widget_type=4 trans=0 fill_mode=0 user_id=0x00a201d7 (162<<16|471) static font=495 color=0x0 text="" abs=10,345 0x0 hidden=1 ownhide=1
              [472] kind=text widget_type=4 trans=0 fill_mode=0 user_id=0x00a201d8 (162<<16|472) static font=495 color=0x0 text="" abs=10,345 0x0 hidden=1 ownhide=1
              [473] kind=text widget_type=4 trans=0 fill_mode=0 user_id=0x00a201d9 (162<<16|473) static font=495 color=0x0 text="" abs=10,345 0x0 hidden=1 ownhide=1
              [474] kind=text widget_type=4 trans=0 fill_mode=0 user_id=0x00a201da (162<<16|474) static font=495 color=0x0 text="" abs=10,345 0x0 hidden=1 ownhide=1
              [475] kind=text widget_type=4 trans=0 fill_mode=0 user_id=0x00a201db (162<<16|475) static font=495 color=0x0 text="" abs=10,345 0x0 hidden=1 ownhide=1
              [476] kind=text widget_type=4 trans=0 fill_mode=0 user_id=0x00a201dc (162<<16|476) static font=495 color=0x0 text="" abs=10,345 0x0 hidden=1 ownhide=1
              [477] kind=text widget_type=4 trans=0 fill_mode=0 user_id=0x00a201dd (162<<16|477) static font=495 color=0x0 text="" abs=10,345 0x0 hidden=1 ownhide=1
              [478] kind=text widget_type=4 trans=0 fill_mode=0 user_id=0x00a201de (162<<16|478) static font=495 color=0x0 text="" abs=10,345 0x0 hidden=1 ownhide=1
              [479] kind=text widget_type=4 trans=0 fill_mode=0 user_id=0x00a201df (162<<16|479) static font=495 color=0x0 text="" abs=10,345 0x0 hidden=1 ownhide=1
              [480] kind=text widget_type=4 trans=0 fill_mode=0 user_id=0x00a201e0 (162<<16|480) static font=495 color=0x0 text="" abs=10,345 0x0 hidden=1 ownhide=1
              [481] kind=text widget_type=4 trans=0 fill_mode=0 user_id=0x00a201e1 (162<<16|481) static font=495 color=0x0 text="" abs=10,345 0x0 hidden=1 ownhide=1
              [482] kind=text widget_type=4 trans=0 fill_mode=0 user_id=0x00a201e2 (162<<16|482) static font=495 color=0x0 text="" abs=10,345 0x0 hidden=1 ownhide=1
              [483] kind=text widget_type=4 trans=0 fill_mode=0 user_id=0x00a201e3 (162<<16|483) static font=495 color=0x0 text="" abs=10,345 0x0 hidden=1 ownhide=1
              [484] kind=text widget_type=4 trans=0 fill_mode=0 user_id=0x00a201e4 (162<<16|484) static font=495 color=0x0 text="" abs=10,345 0x0 hidden=1 ownhide=1
              [485] kind=text widget_type=4 trans=0 fill_mode=0 user_id=0x00a201e5 (162<<16|485) static font=495 color=0x0 text="" abs=10,345 0x0 hidden=1 ownhide=1
              [486] kind=text widget_type=4 trans=0 fill_mode=0 user_id=0x00a201e6 (162<<16|486) static font=495 color=0x0 text="" abs=10,345 0x0 hidden=1 ownhide=1
              [487] kind=text widget_type=4 trans=0 fill_mode=0 user_id=0x00a201e7 (162<<16|487) static font=495 color=0x0 text="" abs=10,345 0x0 hidden=1 ownhide=1
              [488] kind=text widget_type=4 trans=0 fill_mode=0 user_id=0x00a201e8 (162<<16|488) static font=495 color=0x0 text="" abs=10,345 0x0 hidden=1 ownhide=1
              [489] kind=text widget_type=4 trans=0 fill_mode=0 user_id=0x00a201e9 (162<<16|489) static font=495 color=0x0 text="" abs=10,345 0x0 hidden=1 ownhide=1
              [490] kind=text widget_type=4 trans=0 fill_mode=0 user_id=0x00a201ea (162<<16|490) static font=495 color=0x0 text="" abs=10,345 0x0 hidden=1 ownhide=1
              [491] kind=text widget_type=4 trans=0 fill_mode=0 user_id=0x00a201eb (162<<16|491) static font=495 color=0x0 text="" abs=10,345 0x0 hidden=1 ownhide=1
              [492] kind=text widget_type=4 trans=0 fill_mode=0 user_id=0x00a201ec (162<<16|492) static font=495 color=0x0 text="" abs=10,345 0x0 hidden=1 ownhide=1
              [493] kind=text widget_type=4 trans=0 fill_mode=0 user_id=0x00a201ed (162<<16|493) static font=495 color=0x0 text="" abs=10,345 0x0 hidden=1 ownhide=1
              [494] kind=text widget_type=4 trans=0 fill_mode=0 user_id=0x00a201ee (162<<16|494) static font=495 color=0x0 text="" abs=10,345 0x0 hidden=1 ownhide=1
              [495] kind=text widget_type=4 trans=0 fill_mode=0 user_id=0x00a201ef (162<<16|495) static font=495 color=0x0 text="" abs=10,345 0x0 hidden=1 ownhide=1
              [496] kind=text widget_type=4 trans=0 fill_mode=0 user_id=0x00a201f0 (162<<16|496) static font=495 color=0x0 text="" abs=10,345 0x0 hidden=1 ownhide=1
              [497] kind=text widget_type=4 trans=0 fill_mode=0 user_id=0x00a201f1 (162<<16|497) static font=495 color=0x0 text="" abs=10,345 0x0 hidden=1 ownhide=1
              [498] kind=text widget_type=4 trans=0 fill_mode=0 user_id=0x00a201f2 (162<<16|498) static font=495 color=0x0 text="" abs=10,345 0x0 hidden=1 ownhide=1
              [499] kind=text widget_type=4 trans=0 fill_mode=0 user_id=0x00a201f3 (162<<16|499) static font=495 color=0x0 text="" abs=10,345 0x0 hidden=1 ownhide=1
              [500] kind=text widget_type=4 trans=0 fill_mode=0 user_id=0x00a201f4 (162<<16|500) static font=495 color=0x0 text="" abs=10,345 0x0 hidden=1 ownhide=1
              [501] kind=text widget_type=4 trans=0 fill_mode=0 user_id=0x00a201f5 (162<<16|501) static font=495 color=0x0 text="" abs=10,345 0x0 hidden=1 ownhide=1
              [502] kind=text widget_type=4 trans=0 fill_mode=0 user_id=0x00a201f6 (162<<16|502) static font=495 color=0x0 text="" abs=10,345 0x0 hidden=1 ownhide=1
              [503] kind=text widget_type=4 trans=0 fill_mode=0 user_id=0x00a201f7 (162<<16|503) static font=495 color=0x0 text="" abs=10,345 0x0 hidden=1 ownhide=1
              [504] kind=text widget_type=4 trans=0 fill_mode=0 user_id=0x00a201f8 (162<<16|504) static font=495 color=0x0 text="" abs=10,345 0x0 hidden=1 ownhide=1
              [505] kind=text widget_type=4 trans=0 fill_mode=0 user_id=0x00a201f9 (162<<16|505) static font=495 color=0x0 text="" abs=10,345 0x0 hidden=1 ownhide=1
              [506] kind=text widget_type=4 trans=0 fill_mode=0 user_id=0x00a201fa (162<<16|506) static font=495 color=0x0 text="" abs=10,345 0x0 hidden=1 ownhide=1
              [507] kind=text widget_type=4 trans=0 fill_mode=0 user_id=0x00a201fb (162<<16|507) static font=495 color=0x0 text="" abs=10,345 0x0 hidden=1 ownhide=1
              [508] kind=text widget_type=4 trans=0 fill_mode=0 user_id=0x00a201fc (162<<16|508) static font=495 color=0x0 text="" abs=10,345 0x0 hidden=1 ownhide=1
              [509] kind=text widget_type=4 trans=0 fill_mode=0 user_id=0x00a201fd (162<<16|509) static font=495 color=0x0 text="" abs=10,345 0x0 hidden=1 ownhide=1
              [510] kind=text widget_type=4 trans=0 fill_mode=0 user_id=0x00a201fe (162<<16|510) static font=495 color=0x0 text="" abs=10,345 0x0 hidden=1 ownhide=1
              [511] kind=text widget_type=4 trans=0 fill_mode=0 user_id=0x00a201ff (162<<16|511) static font=495 color=0x0 text="" abs=10,345 0x0 hidden=1 ownhide=1
              [512] kind=text widget_type=4 trans=0 fill_mode=0 user_id=0x00a20200 (162<<16|512) static font=495 color=0x0 text="" abs=10,345 0x0 hidden=1 ownhide=1
              [513] kind=text widget_type=4 trans=0 fill_mode=0 user_id=0x00a20201 (162<<16|513) static font=495 color=0x0 text="" abs=10,345 0x0 hidden=1 ownhide=1
              [514] kind=text widget_type=4 trans=0 fill_mode=0 user_id=0x00a20202 (162<<16|514) static font=495 color=0x0 text="" abs=10,345 0x0 hidden=1 ownhide=1
              [515] kind=text widget_type=4 trans=0 fill_mode=0 user_id=0x00a20203 (162<<16|515) static font=495 color=0x0 text="" abs=10,345 0x0 hidden=1 ownhide=1
              [516] kind=text widget_type=4 trans=0 fill_mode=0 user_id=0x00a20204 (162<<16|516) static font=495 color=0x0 text="" abs=10,345 0x0 hidden=1 ownhide=1
              [517] kind=text widget_type=4 trans=0 fill_mode=0 user_id=0x00a20205 (162<<16|517) static font=495 color=0x0 text="" abs=10,345 0x0 hidden=1 ownhide=1
              [518] kind=text widget_type=4 trans=0 fill_mode=0 user_id=0x00a20206 (162<<16|518) static font=495 color=0x0 text="" abs=10,345 0x0 hidden=1 ownhide=1
              [519] kind=text widget_type=4 trans=0 fill_mode=0 user_id=0x00a20207 (162<<16|519) static font=495 color=0x0 text="" abs=10,345 0x0 hidden=1 ownhide=1
              [520] kind=text widget_type=4 trans=0 fill_mode=0 user_id=0x00a20208 (162<<16|520) static font=495 color=0x0 text="" abs=10,345 0x0 hidden=1 ownhide=1
              [521] kind=text widget_type=4 trans=0 fill_mode=0 user_id=0x00a20209 (162<<16|521) static font=495 color=0x0 text="" abs=10,345 0x0 hidden=1 ownhide=1
              [522] kind=text widget_type=4 trans=0 fill_mode=0 user_id=0x00a2020a (162<<16|522) static font=495 color=0x0 text="" abs=10,345 0x0 hidden=1 ownhide=1
              [523] kind=text widget_type=4 trans=0 fill_mode=0 user_id=0x00a2020b (162<<16|523) static font=495 color=0x0 text="" abs=10,345 0x0 hidden=1 ownhide=1
              [524] kind=text widget_type=4 trans=0 fill_mode=0 user_id=0x00a2020c (162<<16|524) static font=495 color=0x0 text="" abs=10,345 0x0 hidden=1 ownhide=1
              [525] kind=text widget_type=4 trans=0 fill_mode=0 user_id=0x00a2020d (162<<16|525) static font=495 color=0x0 text="" abs=10,345 0x0 hidden=1 ownhide=1
              [526] kind=text widget_type=4 trans=0 fill_mode=0 user_id=0x00a2020e (162<<16|526) static font=495 color=0x0 text="" abs=10,345 0x0 hidden=1 ownhide=1
              [527] kind=text widget_type=4 trans=0 fill_mode=0 user_id=0x00a2020f (162<<16|527) static font=495 color=0x0 text="" abs=10,345 0x0 hidden=1 ownhide=1
              [528] kind=text widget_type=4 trans=0 fill_mode=0 user_id=0x00a20210 (162<<16|528) static font=495 color=0x0 text="" abs=10,345 0x0 hidden=1 ownhide=1
              [529] kind=text widget_type=4 trans=0 fill_mode=0 user_id=0x00a20211 (162<<16|529) static font=495 color=0x0 text="" abs=10,345 0x0 hidden=1 ownhide=1
              [530] kind=text widget_type=4 trans=0 fill_mode=0 user_id=0x00a20212 (162<<16|530) static font=495 color=0x0 text="" abs=10,345 0x0 hidden=1 ownhide=1
              [531] kind=text widget_type=4 trans=0 fill_mode=0 user_id=0x00a20213 (162<<16|531) static font=495 color=0x0 text="" abs=10,345 0x0 hidden=1 ownhide=1
              [532] kind=text widget_type=4 trans=0 fill_mode=0 user_id=0x00a20214 (162<<16|532) static font=495 color=0x0 text="" abs=10,345 0x0 hidden=1 ownhide=1
              [533] kind=text widget_type=4 trans=0 fill_mode=0 user_id=0x00a20215 (162<<16|533) static font=495 color=0x0 text="" abs=10,345 0x0 hidden=1 ownhide=1
              [534] kind=text widget_type=4 trans=0 fill_mode=0 user_id=0x00a20216 (162<<16|534) static font=495 color=0x0 text="" abs=10,345 0x0 hidden=1 ownhide=1
              [535] kind=text widget_type=4 trans=0 fill_mode=0 user_id=0x00a20217 (162<<16|535) static font=495 color=0x0 text="" abs=10,345 0x0 hidden=1 ownhide=1
              [536] kind=text widget_type=4 trans=0 fill_mode=0 user_id=0x00a20218 (162<<16|536) static font=495 color=0x0 text="" abs=10,345 0x0 hidden=1 ownhide=1
              [537] kind=text widget_type=4 trans=0 fill_mode=0 user_id=0x00a20219 (162<<16|537) static font=495 color=0x0 text="" abs=10,345 0x0 hidden=1 ownhide=1
              [538] kind=text widget_type=4 trans=0 fill_mode=0 user_id=0x00a2021a (162<<16|538) static font=495 color=0x0 text="" abs=10,345 0x0 hidden=1 ownhide=1
              [539] kind=text widget_type=4 trans=0 fill_mode=0 user_id=0x00a2021b (162<<16|539) static font=495 color=0x0 text="" abs=10,345 0x0 hidden=1 ownhide=1
              [540] kind=text widget_type=4 trans=0 fill_mode=0 user_id=0x00a2021c (162<<16|540) static font=495 color=0x0 text="" abs=10,345 0x0 hidden=1 ownhide=1
              [541] kind=text widget_type=4 trans=0 fill_mode=0 user_id=0x00a2021d (162<<16|541) static font=495 color=0x0 text="" abs=10,345 0x0 hidden=1 ownhide=1
              [542] kind=text widget_type=4 trans=0 fill_mode=0 user_id=0x00a2021e (162<<16|542) static font=495 color=0x0 text="" abs=10,345 0x0 hidden=1 ownhide=1
              [543] kind=text widget_type=4 trans=0 fill_mode=0 user_id=0x00a2021f (162<<16|543) static font=495 color=0x0 text="" abs=10,345 0x0 hidden=1 ownhide=1
              [544] kind=text widget_type=4 trans=0 fill_mode=0 user_id=0x00a20220 (162<<16|544) static font=495 color=0x0 text="" abs=10,345 0x0 hidden=1 ownhide=1
              [545] kind=text widget_type=4 trans=0 fill_mode=0 user_id=0x00a20221 (162<<16|545) static font=495 color=0x0 text="" abs=10,345 0x0 hidden=1 ownhide=1
              [546] kind=text widget_type=4 trans=0 fill_mode=0 user_id=0x00a20222 (162<<16|546) static font=495 color=0x0 text="" abs=10,345 0x0 hidden=1 ownhide=1
              [547] kind=text widget_type=4 trans=0 fill_mode=0 user_id=0x00a20223 (162<<16|547) static font=495 color=0x0 text="" abs=10,345 0x0 hidden=1 ownhide=1
              [548] kind=text widget_type=4 trans=0 fill_mode=0 user_id=0x00a20224 (162<<16|548) static font=495 color=0x0 text="" abs=10,345 0x0 hidden=1 ownhide=1
              [549] kind=text widget_type=4 trans=0 fill_mode=0 user_id=0x00a20225 (162<<16|549) static font=495 color=0x0 text="" abs=10,345 0x0 hidden=1 ownhide=1
              [550] kind=text widget_type=4 trans=0 fill_mode=0 user_id=0x00a20226 (162<<16|550) static font=495 color=0x0 text="" abs=10,345 0x0 hidden=1 ownhide=1
              [551] kind=text widget_type=4 trans=0 fill_mode=0 user_id=0x00a20227 (162<<16|551) static font=495 color=0x0 text="" abs=10,345 0x0 hidden=1 ownhide=1
              [552] kind=text widget_type=4 trans=0 fill_mode=0 user_id=0x00a20228 (162<<16|552) static font=495 color=0x0 text="" abs=10,345 0x0 hidden=1 ownhide=1
              [553] kind=text widget_type=4 trans=0 fill_mode=0 user_id=0x00a20229 (162<<16|553) static font=495 color=0x0 text="" abs=10,345 0x0 hidden=1 ownhide=1
              [554] kind=text widget_type=4 trans=0 fill_mode=0 user_id=0x00a2022a (162<<16|554) static font=495 color=0x0 text="" abs=10,345 0x0 hidden=1 ownhide=1
              [555] kind=text widget_type=4 trans=0 fill_mode=0 user_id=0x00a2022b (162<<16|555) static font=495 color=0x0 text="" abs=10,345 0x0 hidden=1 ownhide=1
              [556] kind=text widget_type=4 trans=0 fill_mode=0 user_id=0x00a2022c (162<<16|556) static font=495 color=0x0 text="" abs=10,345 0x0 hidden=1 ownhide=1
              [557] kind=text widget_type=4 trans=0 fill_mode=0 user_id=0x00a2022d (162<<16|557) static font=495 color=0x0 text="" abs=10,345 0x0 hidden=1 ownhide=1
              [558] kind=text widget_type=4 trans=0 fill_mode=0 user_id=0x00a2022e (162<<16|558) static font=495 color=0x0 text="" abs=10,345 0x0 hidden=1 ownhide=1
            [559] kind=layer widget_type=0 trans=0 fill_mode=0 user_id=0x00a2022f (162<<16|559) static
              [0] kind=graphic widget_type=5 trans=0 fill_mode=0 user_id=0x00a2aa43 (162<<16|43587) dynamic graphic=792 abs=496,360 16x82 hidden=0 ownhide=0
              [1] kind=graphic widget_type=5 trans=0 fill_mode=0 user_id=0x00a2aa44 (162<<16|43588) dynamic graphic=790 abs=496,360 16x82 hidden=0 ownhide=0
              [2] kind=graphic widget_type=5 trans=0 fill_mode=0 user_id=0x00a2aa45 (162<<16|43589) dynamic graphic=789 abs=496,360 16x5 hidden=0 ownhide=0
              [3] kind=graphic widget_type=5 trans=0 fill_mode=0 user_id=0x00a2aa46 (162<<16|43590) dynamic graphic=791 abs=496,437 16x5 hidden=0 ownhide=0
              [4] kind=graphic widget_type=5 trans=0 fill_mode=0 user_id=0x00a2aa47 (162<<16|43591) dynamic graphic=773 abs=496,344 16x16 hidden=0 ownhide=0
              [5] kind=graphic widget_type=5 trans=0 fill_mode=0 user_id=0x00a2aa48 (162<<16|43592) dynamic graphic=788 abs=496,442 16x16 hidden=0 ownhide=0
          [560] kind=layer widget_type=0 trans=0 fill_mode=0 user_id=0x00a20230 (162<<16|560) static
            [561] kind=layer widget_type=0 trans=0 fill_mode=0 user_id=0x00a20231 (162<<16|561) static
              [562] kind=layer widget_type=0 trans=0 fill_mode=0 user_id=0x00a20232 (162<<16|562) static
              [563] kind=rectangle widget_type=3 trans=255 fill_mode=0 user_id=0x00a20233 (162<<16|563) static abs=7,345 506x129 hidden=1 ownhide=1
              [564] kind=layer widget_type=0 trans=0 fill_mode=0 user_id=0x00a20234 (162<<16|564) static
                [565] kind=graphic widget_type=5 trans=0 fill_mode=0 user_id=0x00a20235 (162<<16|565) static graphic=539 abs=483,351 26x23 hidden=1 ownhide=0
          [566] kind=layer widget_type=0 trans=0 fill_mode=0 user_id=0x00a20236 (162<<16|566) static
          [567] kind=layer widget_type=0 trans=0 fill_mode=0 user_id=0x00a20237 (162<<16|567) static
  [97] kind=layer widget_type=0 trans=0 fill_mode=0 user_id=0x00a10061 (161<<16|97) static
    [38] kind=graphic widget_type=5 trans=150 fill_mode=0 user_id=0x00a10026 (161<<16|38) static graphic=1040 abs=502,195 200x281 hidden=0 ownhide=0
    [39] kind=graphic widget_type=5 trans=0 fill_mode=0 user_id=0x00a10027 (161<<16|39) static graphic=1175 abs=484,205 26x261 hidden=0 ownhide=0
    [40] kind=graphic widget_type=5 trans=0 fill_mode=0 user_id=0x00a10028 (161<<16|40) static graphic=1176 abs=694,205 26x261 hidden=0 ownhide=0
    [41] kind=graphic widget_type=5 trans=0 fill_mode=0 user_id=0x00a10029 (161<<16|41) static graphic=1174 abs=482,466 241x37 hidden=0 ownhide=0
    [42] kind=layer widget_type=0 trans=0 fill_mode=0 user_id=0x00a1002a (161<<16|42) static
      [43] kind=graphic widget_type=5 trans=0 fill_mode=0 user_id=0x00a1002b (161<<16|43) static graphic=-1 abs=482,466 38x36 hidden=0 ownhide=0
      [44] kind=graphic widget_type=5 trans=0 fill_mode=0 user_id=0x00a1002c (161<<16|44) static graphic=-1 abs=553,466 33x36 hidden=0 ownhide=0
      [45] kind=graphic widget_type=5 trans=0 fill_mode=0 user_id=0x00a1002d (161<<16|45) static graphic=-1 abs=520,466 33x36 hidden=0 ownhide=0
      [46] kind=graphic widget_type=5 trans=0 fill_mode=0 user_id=0x00a1002e (161<<16|46) static graphic=-1 abs=586,466 33x36 hidden=0 ownhide=0
      [47] kind=graphic widget_type=5 trans=0 fill_mode=0 user_id=0x00a1002f (161<<16|47) static graphic=-1 abs=619,466 33x36 hidden=0 ownhide=0
      [48] kind=graphic widget_type=5 trans=0 fill_mode=0 user_id=0x00a10030 (161<<16|48) static graphic=-1 abs=652,466 33x36 hidden=0 ownhide=0
      [49] kind=graphic widget_type=5 trans=0 fill_mode=0 user_id=0x00a10031 (161<<16|49) static graphic=-1 abs=685,466 38x36 hidden=0 ownhide=0
      [50] kind=graphic widget_type=5 trans=0 fill_mode=0 user_id=0x00a10032 (161<<16|50) static graphic=781 abs=486,466 33x36 hidden=0 ownhide=0
      [51] kind=graphic widget_type=5 trans=0 fill_mode=0 user_id=0x00a10033 (161<<16|51) static graphic=1709 abs=553,466 33x36 hidden=0 ownhide=0
      [52] kind=graphic widget_type=5 trans=0 fill_mode=0 user_id=0x00a10034 (161<<16|52) static graphic=782 abs=520,466 33x36 hidden=0 ownhide=0
      [53] kind=graphic widget_type=5 trans=0 fill_mode=0 user_id=0x00a10035 (161<<16|53) static graphic=907 abs=586,466 33x36 hidden=0 ownhide=0
      [54] kind=graphic widget_type=5 trans=0 fill_mode=0 user_id=0x00a10036 (161<<16|54) static graphic=908 abs=619,466 33x36 hidden=0 ownhide=0
      [55] kind=graphic widget_type=5 trans=0 fill_mode=0 user_id=0x00a10037 (161<<16|55) static graphic=909 abs=652,466 33x36 hidden=0 ownhide=0
      [56] kind=graphic widget_type=5 trans=0 fill_mode=0 user_id=0x00a10038 (161<<16|56) static graphic=910 abs=686,466 33x36 hidden=0 ownhide=0
    [57] kind=graphic widget_type=5 trans=0 fill_mode=0 user_id=0x00a10039 (161<<16|57) static graphic=1173 abs=482,168 241x37 hidden=0 ownhide=0
    [58] kind=layer widget_type=0 trans=0 fill_mode=0 user_id=0x00a1003a (161<<16|58) static
      [59] kind=graphic widget_type=5 trans=0 fill_mode=0 user_id=0x00a1003b (161<<16|59) static graphic=-1 abs=482,168 38x36 hidden=0 ownhide=0
      [60] kind=graphic widget_type=5 trans=0 fill_mode=0 user_id=0x00a1003c (161<<16|60) static graphic=-1 abs=520,168 33x36 hidden=0 ownhide=0
      [61] kind=graphic widget_type=5 trans=0 fill_mode=0 user_id=0x00a1003d (161<<16|61) static graphic=-1 abs=553,168 38x36 hidden=0 ownhide=0
      [62] kind=graphic widget_type=5 trans=0 fill_mode=0 user_id=0x00a1003e (161<<16|62) static graphic=-1 abs=586,168 33x36 hidden=0 ownhide=0
      [63] kind=graphic widget_type=5 trans=0 fill_mode=0 user_id=0x00a1003f (161<<16|63) static graphic=1030 abs=619,168 33x36 hidden=0 ownhide=0
      [64] kind=graphic widget_type=5 trans=0 fill_mode=0 user_id=0x00a10040 (161<<16|64) static graphic=-1 abs=652,168 33x36 hidden=0 ownhide=0
      [65] kind=graphic widget_type=5 trans=0 fill_mode=0 user_id=0x00a10041 (161<<16|65) static graphic=-1 abs=685,168 38x36 hidden=0 ownhide=0
      [66] kind=graphic widget_type=5 trans=0 fill_mode=0 user_id=0x00a10042 (161<<16|66) static graphic=774 abs=486,168 33x36 hidden=0 ownhide=0
      [67] kind=graphic widget_type=5 trans=0 fill_mode=0 user_id=0x00a10043 (161<<16|67) static graphic=898 abs=520,168 33x36 hidden=0 ownhide=0
      [68] kind=graphic widget_type=5 trans=0 fill_mode=0 user_id=0x00a10044 (161<<16|68) static graphic=2309 abs=553,168 33x36 hidden=0 ownhide=0
      [69] kind=graphic widget_type=5 trans=0 fill_mode=0 user_id=0x00a10045 (161<<16|69) static graphic=900 abs=586,168 33x36 hidden=0 ownhide=0
      [70] kind=graphic widget_type=5 trans=0 fill_mode=0 user_id=0x00a10046 (161<<16|70) static graphic=901 abs=619,168 33x36 hidden=0 ownhide=0
      [71] kind=graphic widget_type=5 trans=0 fill_mode=0 user_id=0x00a10047 (161<<16|71) static graphic=779 abs=652,168 33x36 hidden=0 ownhide=0
      [72] kind=graphic widget_type=5 trans=0 fill_mode=0 user_id=0x00a10048 (161<<16|72) static graphic=780 abs=686,168 33x36 hidden=0 ownhide=0
    [73] kind=layer widget_type=0 trans=0 fill_mode=0 user_id=0x00a10049 (161<<16|73) static
      [74] kind=layer widget_type=0 trans=0 fill_mode=0 user_id=0x00a1004a (161<<16|74) static
      [75] kind=layer widget_type=0 trans=0 fill_mode=0 user_id=0x00a1004b (161<<16|75) static
        [76] kind=layer widget_type=0 trans=0 fill_mode=0 user_id=0x00a1004c (161<<16|76) static
          [0] kind=layer widget_type=0 trans=0 fill_mode=0 user_id=0x02510000 (593<<16|0) static
            [1] kind=layer widget_type=0 trans=0 fill_mode=0 user_id=0x02510001 (593<<16|1) static
            [2] kind=layer widget_type=0 trans=0 fill_mode=0 user_id=0x02510002 (593<<16|2) static
              [3] kind=text widget_type=4 trans=0 fill_mode=0 user_id=0x02510003 (593<<16|3) static font=497 color=0xff981f text="Rune scimitar" abs=517,205 169x30 hidden=1 ownhide=0
              [4] kind=text widget_type=4 trans=0 fill_mode=0 user_id=0x02510004 (593<<16|4) static font=494 color=0xff981f text="" abs=517,231 169x12 hidden=1 ownhide=0
            [5] kind=text widget_type=4 trans=0 fill_mode=0 user_id=0x02510005 (593<<16|5) static font=494 color=0xff981f text="" abs=507,436 190x28 hidden=1 ownhide=0
            [6] kind=layer widget_type=0 trans=0 fill_mode=0 user_id=0x02510006 (593<<16|6) static
              [7] kind=layer widget_type=0 trans=0 fill_mode=0 user_id=0x02510007 (593<<16|7) static
                [0] kind=graphic widget_type=5 trans=0 fill_mode=0 user_id=0x0251aa6e (593<<16|43630) dynamic graphic=1150 abs=527,250 6x6 hidden=1 ownhide=0
                [1] kind=graphic widget_type=5 trans=0 fill_mode=0 user_id=0x0251aa6f (593<<16|43631) dynamic graphic=1151 abs=533,250 59x6 hidden=1 ownhide=0
                [2] kind=graphic widget_type=5 trans=0 fill_mode=0 user_id=0x0251aa70 (593<<16|43632) dynamic graphic=1152 abs=592,250 6x6 hidden=1 ownhide=0
                [3] kind=graphic widget_type=5 trans=0 fill_mode=0 user_id=0x0251aa71 (593<<16|43633) dynamic graphic=1153 abs=527,256 6x35 hidden=1 ownhide=0
                [4] kind=graphic widget_type=5 trans=0 fill_mode=0 user_id=0x0251aa72 (593<<16|43634) dynamic graphic=1154 abs=533,256 59x35 hidden=1 ownhide=0
                [5] kind=graphic widget_type=5 trans=0 fill_mode=0 user_id=0x0251aa73 (593<<16|43635) dynamic graphic=1155 abs=592,256 6x35 hidden=1 ownhide=0
                [6] kind=graphic widget_type=5 trans=0 fill_mode=0 user_id=0x0251aa74 (593<<16|43636) dynamic graphic=1156 abs=527,291 6x6 hidden=1 ownhide=0
                [7] kind=graphic widget_type=5 trans=0 fill_mode=0 user_id=0x0251aa75 (593<<16|43637) dynamic graphic=1157 abs=533,291 59x6 hidden=1 ownhide=0
                [8] kind=graphic widget_type=5 trans=0 fill_mode=0 user_id=0x0251aa76 (593<<16|43638) dynamic graphic=1158 abs=592,291 6x6 hidden=1 ownhide=0
              [8] kind=graphic widget_type=5 trans=0 fill_mode=0 user_id=0x02510008 (593<<16|8) static graphic=247 abs=545,255 34x24 hidden=1 ownhide=0
              [9] kind=text widget_type=4 trans=0 fill_mode=0 user_id=0x02510009 (593<<16|9) static font=494 color=0xff981f text="Punch" abs=528,280 68x13 hidden=1 ownhide=0
            [10] kind=layer widget_type=0 trans=0 fill_mode=0 user_id=0x0251000a (593<<16|10) static
              [11] kind=layer widget_type=0 trans=0 fill_mode=0 user_id=0x0251000b (593<<16|11) static
                [0] kind=graphic widget_type=5 trans=0 fill_mode=0 user_id=0x0251aa77 (593<<16|43639) dynamic graphic=1141 abs=606,250 6x6 hidden=1 ownhide=0
                [1] kind=graphic widget_type=5 trans=0 fill_mode=0 user_id=0x0251aa78 (593<<16|43640) dynamic graphic=1142 abs=612,250 59x6 hidden=1 ownhide=0
                [2] kind=graphic widget_type=5 trans=0 fill_mode=0 user_id=0x0251aa79 (593<<16|43641) dynamic graphic=1143 abs=671,250 6x6 hidden=1 ownhide=0
                [3] kind=graphic widget_type=5 trans=0 fill_mode=0 user_id=0x0251aa7a (593<<16|43642) dynamic graphic=1144 abs=606,256 6x35 hidden=1 ownhide=0
                [4] kind=graphic widget_type=5 trans=0 fill_mode=0 user_id=0x0251aa7b (593<<16|43643) dynamic graphic=1145 abs=612,256 59x35 hidden=1 ownhide=0
                [5] kind=graphic widget_type=5 trans=0 fill_mode=0 user_id=0x0251aa7c (593<<16|43644) dynamic graphic=1146 abs=671,256 6x35 hidden=1 ownhide=0
                [6] kind=graphic widget_type=5 trans=0 fill_mode=0 user_id=0x0251aa7d (593<<16|43645) dynamic graphic=1147 abs=606,291 6x6 hidden=1 ownhide=0
                [7] kind=graphic widget_type=5 trans=0 fill_mode=0 user_id=0x0251aa7e (593<<16|43646) dynamic graphic=1148 abs=612,291 59x6 hidden=1 ownhide=0
                [8] kind=graphic widget_type=5 trans=0 fill_mode=0 user_id=0x0251aa7f (593<<16|43647) dynamic graphic=1149 abs=671,291 6x6 hidden=1 ownhide=0
              [12] kind=graphic widget_type=5 trans=0 fill_mode=0 user_id=0x0251000c (593<<16|12) static graphic=248 abs=624,255 34x24 hidden=1 ownhide=0
              [13] kind=text widget_type=4 trans=0 fill_mode=0 user_id=0x0251000d (593<<16|13) static font=494 color=0xff981f text="Kick" abs=607,280 68x13 hidden=1 ownhide=0
            [14] kind=layer widget_type=0 trans=0 fill_mode=0 user_id=0x0251000e (593<<16|14) static
              [15] kind=layer widget_type=0 trans=0 fill_mode=0 user_id=0x0251000f (593<<16|15) static
              [16] kind=graphic widget_type=5 trans=0 fill_mode=0 user_id=0x02510010 (593<<16|16) static graphic=-1 abs=545,309 34x24 hidden=1 ownhide=0
              [17] kind=text widget_type=4 trans=0 fill_mode=0 user_id=0x02510011 (593<<16|17) static font=494 color=0xff981f text="" abs=528,334 68x13 hidden=1 ownhide=0
            [18] kind=layer widget_type=0 trans=0 fill_mode=0 user_id=0x02510012 (593<<16|18) static
              [19] kind=layer widget_type=0 trans=0 fill_mode=0 user_id=0x02510013 (593<<16|19) static
                [0] kind=graphic widget_type=5 trans=0 fill_mode=0 user_id=0x0251aa80 (593<<16|43648) dynamic graphic=1141 abs=527,304 6x6 hidden=1 ownhide=0
                [1] kind=graphic widget_type=5 trans=0 fill_mode=0 user_id=0x0251aa81 (593<<16|43649) dynamic graphic=1142 abs=533,304 59x6 hidden=1 ownhide=0
                [2] kind=graphic widget_type=5 trans=0 fill_mode=0 user_id=0x0251aa82 (593<<16|43650) dynamic graphic=1143 abs=592,304 6x6 hidden=1 ownhide=0
                [3] kind=graphic widget_type=5 trans=0 fill_mode=0 user_id=0x0251aa83 (593<<16|43651) dynamic graphic=1144 abs=527,310 6x35 hidden=1 ownhide=0
                [4] kind=graphic widget_type=5 trans=0 fill_mode=0 user_id=0x0251aa84 (593<<16|43652) dynamic graphic=1145 abs=533,310 59x35 hidden=1 ownhide=0
                [5] kind=graphic widget_type=5 trans=0 fill_mode=0 user_id=0x0251aa85 (593<<16|43653) dynamic graphic=1146 abs=592,310 6x35 hidden=1 ownhide=0
                [6] kind=graphic widget_type=5 trans=0 fill_mode=0 user_id=0x0251aa86 (593<<16|43654) dynamic graphic=1147 abs=527,345 6x6 hidden=1 ownhide=0
                [7] kind=graphic widget_type=5 trans=0 fill_mode=0 user_id=0x0251aa87 (593<<16|43655) dynamic graphic=1148 abs=533,345 59x6 hidden=1 ownhide=0
                [8] kind=graphic widget_type=5 trans=0 fill_mode=0 user_id=0x0251aa88 (593<<16|43656) dynamic graphic=1149 abs=592,345 6x6 hidden=1 ownhide=0
              [20] kind=graphic widget_type=5 trans=0 fill_mode=0 user_id=0x02510014 (593<<16|20) static graphic=249 abs=545,309 34x24 hidden=1 ownhide=0
              [21] kind=text widget_type=4 trans=0 fill_mode=0 user_id=0x02510015 (593<<16|21) static font=494 color=0xff981f text="Block" abs=528,334 68x13 hidden=1 ownhide=0
            [22] kind=layer widget_type=0 trans=0 fill_mode=0 user_id=0x02510016 (593<<16|22) static
              [23] kind=layer widget_type=0 trans=0 fill_mode=0 user_id=0x02510017 (593<<16|23) static
                [0] kind=graphic widget_type=5 trans=0 fill_mode=0 user_id=0x0251aa89 (593<<16|43657) dynamic graphic=1141 abs=606,250 6x6 hidden=1 ownhide=0
                [1] kind=graphic widget_type=5 trans=0 fill_mode=0 user_id=0x0251aa8a (593<<16|43658) dynamic graphic=1142 abs=612,250 59x6 hidden=1 ownhide=0
                [2] kind=graphic widget_type=5 trans=0 fill_mode=0 user_id=0x0251aa8b (593<<16|43659) dynamic graphic=1143 abs=671,250 6x6 hidden=1 ownhide=0
                [3] kind=graphic widget_type=5 trans=0 fill_mode=0 user_id=0x0251aa8c (593<<16|43660) dynamic graphic=1144 abs=606,256 6x38 hidden=1 ownhide=0
                [4] kind=graphic widget_type=5 trans=0 fill_mode=0 user_id=0x0251aa8d (593<<16|43661) dynamic graphic=1145 abs=612,256 59x38 hidden=1 ownhide=0
                [5] kind=graphic widget_type=5 trans=0 fill_mode=0 user_id=0x0251aa8e (593<<16|43662) dynamic graphic=1146 abs=671,256 6x38 hidden=1 ownhide=0
                [6] kind=graphic widget_type=5 trans=0 fill_mode=0 user_id=0x0251aa8f (593<<16|43663) dynamic graphic=1147 abs=606,294 6x6 hidden=1 ownhide=0
                [7] kind=graphic widget_type=5 trans=0 fill_mode=0 user_id=0x0251aa90 (593<<16|43664) dynamic graphic=1148 abs=612,294 59x6 hidden=1 ownhide=0
                [8] kind=graphic widget_type=5 trans=0 fill_mode=0 user_id=0x0251aa91 (593<<16|43665) dynamic graphic=1149 abs=671,294 6x6 hidden=1 ownhide=0
              [24] kind=layer widget_type=0 trans=0 fill_mode=0 user_id=0x02510018 (593<<16|24) static
                [25] kind=graphic widget_type=5 trans=0 fill_mode=0 user_id=0x02510019 (593<<16|25) static graphic=780 abs=639,252 33x36 hidden=1 ownhide=0
                [26] kind=graphic widget_type=5 trans=0 fill_mode=0 user_id=0x0251001a (593<<16|26) static graphic=760 abs=607,257 36x36 hidden=1 ownhide=0
                [27] kind=text widget_type=4 trans=0 fill_mode=0 user_id=0x0251001b (593<<16|27) static font=494 color=0xff981f text="Spell" abs=606,282 71x16 hidden=1 ownhide=0
              [28] kind=layer widget_type=0 trans=0 fill_mode=0 user_id=0x0251001c (593<<16|28) static
                [0] kind=graphic widget_type=5 trans=0 fill_mode=0 user_id=0x0251aa92 (593<<16|43666) dynamic graphic=1141 abs=606,304 6x6 hidden=1 ownhide=0
                [1] kind=graphic widget_type=5 trans=0 fill_mode=0 user_id=0x0251aa93 (593<<16|43667) dynamic graphic=1142 abs=612,304 59x6 hidden=1 ownhide=0
                [2] kind=graphic widget_type=5 trans=0 fill_mode=0 user_id=0x0251aa94 (593<<16|43668) dynamic graphic=1143 abs=671,304 6x6 hidden=1 ownhide=0
                [3] kind=graphic widget_type=5 trans=0 fill_mode=0 user_id=0x0251aa95 (593<<16|43669) dynamic graphic=1144 abs=606,310 6x38 hidden=1 ownhide=0
                [4] kind=graphic widget_type=5 trans=0 fill_mode=0 user_id=0x0251aa96 (593<<16|43670) dynamic graphic=1145 abs=612,310 59x38 hidden=1 ownhide=0
                [5] kind=graphic widget_type=5 trans=0 fill_mode=0 user_id=0x0251aa97 (593<<16|43671) dynamic graphic=1146 abs=671,310 6x38 hidden=1 ownhide=0
                [6] kind=graphic widget_type=5 trans=0 fill_mode=0 user_id=0x0251aa98 (593<<16|43672) dynamic graphic=1147 abs=606,348 6x6 hidden=1 ownhide=0
                [7] kind=graphic widget_type=5 trans=0 fill_mode=0 user_id=0x0251aa99 (593<<16|43673) dynamic graphic=1148 abs=612,348 59x6 hidden=1 ownhide=0
                [8] kind=graphic widget_type=5 trans=0 fill_mode=0 user_id=0x0251aa9a (593<<16|43674) dynamic graphic=1149 abs=671,348 6x6 hidden=1 ownhide=0
              [29] kind=layer widget_type=0 trans=0 fill_mode=0 user_id=0x0251001d (593<<16|29) static
                [30] kind=graphic widget_type=5 trans=0 fill_mode=0 user_id=0x0251001e (593<<16|30) static graphic=780 abs=625,306 33x36 hidden=1 ownhide=0
                [31] kind=text widget_type=4 trans=0 fill_mode=0 user_id=0x0251001f (593<<16|31) static font=494 color=0xff981f text="Spell" abs=606,336 71x16 hidden=1 ownhide=0
            [32] kind=layer widget_type=0 trans=0 fill_mode=0 user_id=0x02510020 (593<<16|32) static
              [33] kind=text widget_type=4 trans=0 fill_mode=0 user_id=0x02510021 (593<<16|33) static font=494 color=0xffffff text="" abs=527,358 32x32 hidden=1 ownhide=0
              [34] kind=layer widget_type=0 trans=0 fill_mode=0 user_id=0x02510022 (593<<16|34) static
                [0] kind=graphic widget_type=5 trans=0 fill_mode=0 user_id=0x0251aa9b (593<<16|43675) dynamic graphic=1150 abs=527,358 6x6 hidden=1 ownhide=0
                [1] kind=graphic widget_type=5 trans=0 fill_mode=0 user_id=0x0251aa9c (593<<16|43676) dynamic graphic=1151 abs=533,358 138x6 hidden=1 ownhide=0
                [2] kind=graphic widget_type=5 trans=0 fill_mode=0 user_id=0x0251aa9d (593<<16|43677) dynamic graphic=1152 abs=671,358 6x6 hidden=1 ownhide=0
                [3] kind=graphic widget_type=5 trans=0 fill_mode=0 user_id=0x0251aa9e (593<<16|43678) dynamic graphic=1153 abs=527,364 6x32 hidden=1 ownhide=0
                [4] kind=graphic widget_type=5 trans=0 fill_mode=0 user_id=0x0251aa9f (593<<16|43679) dynamic graphic=1154 abs=533,364 138x32 hidden=1 ownhide=0
                [5] kind=graphic widget_type=5 trans=0 fill_mode=0 user_id=0x0251aaa0 (593<<16|43680) dynamic graphic=1155 abs=671,364 6x32 hidden=1 ownhide=0
                [6] kind=graphic widget_type=5 trans=0 fill_mode=0 user_id=0x0251aaa1 (593<<16|43681) dynamic graphic=1156 abs=527,396 6x6 hidden=1 ownhide=0
                [7] kind=graphic widget_type=5 trans=0 fill_mode=0 user_id=0x0251aaa2 (593<<16|43682) dynamic graphic=1157 abs=533,396 138x6 hidden=1 ownhide=0
                [8] kind=graphic widget_type=5 trans=0 fill_mode=0 user_id=0x0251aaa3 (593<<16|43683) dynamic graphic=1158 abs=671,396 6x6 hidden=1 ownhide=0
              [35] kind=graphic widget_type=5 trans=0 fill_mode=0 user_id=0x02510023 (593<<16|35) static graphic=1749 abs=534,361 26x39 hidden=1 ownhide=0
              [36] kind=text widget_type=4 trans=0 fill_mode=0 user_id=0x02510024 (593<<16|36) static font=495 color=0xff981f text="Auto Retaliate<br>(On)" abs=563,359 112x42 hidden=1 ownhide=0
            [37] kind=layer widget_type=0 trans=0 fill_mode=0 user_id=0x02510025 (593<<16|37) static
              [50] kind=text widget_type=4 trans=0 fill_mode=0 user_id=0x02510032 (593<<16|50) static font=494 color=0xffffff text="" abs=608,358 32x32 hidden=1 ownhide=0
              [51] kind=layer widget_type=0 trans=0 fill_mode=0 user_id=0x02510033 (593<<16|51) static
                [0] kind=graphic widget_type=5 trans=0 fill_mode=0 user_id=0x0251aaa4 (593<<16|43684) dynamic graphic=1141 abs=608,358 6x6 hidden=1 ownhide=0
                [1] kind=graphic widget_type=5 trans=0 fill_mode=0 user_id=0x0251aaa5 (593<<16|43685) dynamic graphic=1142 abs=614,358 58x6 hidden=1 ownhide=0
                [2] kind=graphic widget_type=5 trans=0 fill_mode=0 user_id=0x0251aaa6 (593<<16|43686) dynamic graphic=1143 abs=672,358 6x6 hidden=1 ownhide=0
                [3] kind=graphic widget_type=5 trans=0 fill_mode=0 user_id=0x0251aaa7 (593<<16|43687) dynamic graphic=1144 abs=608,364 6x35 hidden=1 ownhide=0
                [4] kind=graphic widget_type=5 trans=0 fill_mode=0 user_id=0x0251aaa8 (593<<16|43688) dynamic graphic=1145 abs=614,364 58x35 hidden=1 ownhide=0
                [5] kind=graphic widget_type=5 trans=0 fill_mode=0 user_id=0x0251aaa9 (593<<16|43689) dynamic graphic=1146 abs=672,364 6x35 hidden=1 ownhide=0
                [6] kind=graphic widget_type=5 trans=0 fill_mode=0 user_id=0x0251aaaa (593<<16|43690) dynamic graphic=1147 abs=608,399 6x6 hidden=1 ownhide=0
                [7] kind=graphic widget_type=5 trans=0 fill_mode=0 user_id=0x0251aaab (593<<16|43691) dynamic graphic=1148 abs=614,399 58x6 hidden=1 ownhide=0
                [8] kind=graphic widget_type=5 trans=0 fill_mode=0 user_id=0x0251aaac (593<<16|43692) dynamic graphic=1149 abs=672,399 6x6 hidden=1 ownhide=0
              [52] kind=graphic widget_type=5 trans=0 fill_mode=0 user_id=0x02510034 (593<<16|52) static graphic=1748 abs=615,361 26x39 hidden=1 ownhide=0
              [53] kind=text widget_type=4 trans=0 fill_mode=0 user_id=0x02510035 (593<<16|53) static font=495 color=0xff981f text="Set Effect<br>(Off)" abs=644,359 32x42 hidden=1 ownhide=0
            [38] kind=layer widget_type=0 trans=0 fill_mode=0 user_id=0x02510026 (593<<16|38) static
              [39] kind=layer widget_type=0 trans=0 fill_mode=0 user_id=0x02510027 (593<<16|39) static
              [40] kind=rectangle widget_type=3 trans=0 fill_mode=0 user_id=0x02510028 (593<<16|40) static abs=529,416 146x12 hidden=1 ownhide=0
              [41] kind=layer widget_type=0 trans=0 fill_mode=0 user_id=0x02510029 (593<<16|41) static
                [42] kind=rectangle widget_type=3 trans=0 fill_mode=0 user_id=0x0251002a (593<<16|42) static abs=529,416 146x12 hidden=1 ownhide=0
              [43] kind=text widget_type=4 trans=0 fill_mode=0 user_id=0x0251002b (593<<16|43) static font=494 color=0x10 text="" abs=527,409 150x26 hidden=1 ownhide=0
              [44] kind=rectangle widget_type=3 trans=0 fill_mode=0 user_id=0x0251002c (593<<16|44) static abs=529,415 146x14 hidden=1 ownhide=0
            [45] kind=layer widget_type=0 trans=0 fill_mode=0 user_id=0x0251002d (593<<16|45) static
            [46] kind=layer widget_type=0 trans=0 fill_mode=0 user_id=0x0251002e (593<<16|46) static
            [47] kind=layer widget_type=0 trans=0 fill_mode=0 user_id=0x0251002f (593<<16|47) static
            [48] kind=layer widget_type=0 trans=0 fill_mode=0 user_id=0x02510030 (593<<16|48) static
            [49] kind=layer widget_type=0 trans=0 fill_mode=0 user_id=0x02510031 (593<<16|49) static
        [77] kind=layer widget_type=0 trans=0 fill_mode=0 user_id=0x00a1004d (161<<16|77) static
          [0] kind=layer widget_type=0 trans=0 fill_mode=0 user_id=0x01400000 (320<<16|0) static
            [1] kind=layer widget_type=0 trans=0 fill_mode=0 user_id=0x01400001 (320<<16|1) static
              [0] kind=graphic widget_type=5 trans=0 fill_mode=0 user_id=0x0140aaad (320<<16|43693) dynamic graphic=187 abs=508,206 36x36 hidden=1 ownhide=0
              [1] kind=graphic widget_type=5 trans=0 fill_mode=0 user_id=0x0140aaae (320<<16|43694) dynamic graphic=188 abs=539,206 36x36 hidden=1 ownhide=0
              [2] kind=graphic widget_type=5 trans=0 fill_mode=0 user_id=0x0140aaaf (320<<16|43695) dynamic graphic=7431 abs=511,206 25x25 hidden=1 ownhide=0
              [3] kind=graphic widget_type=5 trans=0 fill_mode=0 user_id=0x0140aab0 (320<<16|43696) dynamic graphic=197 abs=511,206 25x25 hidden=1 ownhide=0
              [4] kind=text widget_type=4 trans=0 fill_mode=0 user_id=0x0140aab1 (320<<16|43697) dynamic font=494 color=0xffff00 text="1" abs=540,208 15x12 hidden=1 ownhide=0
              [5] kind=text widget_type=4 trans=0 fill_mode=0 user_id=0x0140aab2 (320<<16|43698) dynamic font=494 color=0xffff00 text="1" abs=552,219 15x12 hidden=1 ownhide=0
              [6] kind=graphic widget_type=5 trans=0 fill_mode=0 user_id=0x0140aab3 (320<<16|43699) dynamic graphic=940 abs=514,209 19x19 hidden=1 ownhide=1
            [2] kind=layer widget_type=0 trans=0 fill_mode=0 user_id=0x01400002 (320<<16|2) static
              [0] kind=graphic widget_type=5 trans=0 fill_mode=0 user_id=0x0140aab4 (320<<16|43700) dynamic graphic=187 abs=508,232 36x36 hidden=1 ownhide=0
              [1] kind=graphic widget_type=5 trans=0 fill_mode=0 user_id=0x0140aab5 (320<<16|43701) dynamic graphic=188 abs=539,232 36x36 hidden=1 ownhide=0
              [2] kind=graphic widget_type=5 trans=0 fill_mode=0 user_id=0x0140aab6 (320<<16|43702) dynamic graphic=7432 abs=511,232 25x25 hidden=1 ownhide=0
              [3] kind=graphic widget_type=5 trans=0 fill_mode=0 user_id=0x0140aab7 (320<<16|43703) dynamic graphic=198 abs=511,232 25x25 hidden=1 ownhide=0
              [4] kind=text widget_type=4 trans=0 fill_mode=0 user_id=0x0140aab8 (320<<16|43704) dynamic font=494 color=0xffff00 text="1" abs=540,234 15x12 hidden=1 ownhide=0
              [5] kind=text widget_type=4 trans=0 fill_mode=0 user_id=0x0140aab9 (320<<16|43705) dynamic font=494 color=0xffff00 text="1" abs=552,245 15x12 hidden=1 ownhide=0
              [6] kind=graphic widget_type=5 trans=0 fill_mode=0 user_id=0x0140aaba (320<<16|43706) dynamic graphic=940 abs=514,235 19x19 hidden=1 ownhide=1
            [3] kind=layer widget_type=0 trans=0 fill_mode=0 user_id=0x01400003 (320<<16|3) static
              [0] kind=graphic widget_type=5 trans=0 fill_mode=0 user_id=0x0140aabb (320<<16|43707) dynamic graphic=187 abs=508,258 36x36 hidden=1 ownhide=0
              [1] kind=graphic widget_type=5 trans=0 fill_mode=0 user_id=0x0140aabc (320<<16|43708) dynamic graphic=188 abs=539,258 36x36 hidden=1 ownhide=0
              [2] kind=graphic widget_type=5 trans=0 fill_mode=0 user_id=0x0140aabd (320<<16|43709) dynamic graphic=7433 abs=511,258 25x25 hidden=1 ownhide=0
              [3] kind=graphic widget_type=5 trans=0 fill_mode=0 user_id=0x0140aabe (320<<16|43710) dynamic graphic=199 abs=511,258 25x25 hidden=1 ownhide=0
              [4] kind=text widget_type=4 trans=0 fill_mode=0 user_id=0x0140aabf (320<<16|43711) dynamic font=494 color=0xffff00 text="1" abs=540,260 15x12 hidden=1 ownhide=0
              [5] kind=text widget_type=4 trans=0 fill_mode=0 user_id=0x0140aac0 (320<<16|43712) dynamic font=494 color=0xffff00 text="1" abs=552,271 15x12 hidden=1 ownhide=0
              [6] kind=graphic widget_type=5 trans=0 fill_mode=0 user_id=0x0140aac1 (320<<16|43713) dynamic graphic=940 abs=514,261 19x19 hidden=1 ownhide=1
            [4] kind=layer widget_type=0 trans=0 fill_mode=0 user_id=0x01400004 (320<<16|4) static
              [0] kind=graphic widget_type=5 trans=0 fill_mode=0 user_id=0x0140aac2 (320<<16|43714) dynamic graphic=187 abs=508,284 36x36 hidden=1 ownhide=0
              [1] kind=graphic widget_type=5 trans=0 fill_mode=0 user_id=0x0140aac3 (320<<16|43715) dynamic graphic=188 abs=539,284 36x36 hidden=1 ownhide=0
              [2] kind=graphic widget_type=5 trans=0 fill_mode=0 user_id=0x0140aac4 (320<<16|43716) dynamic graphic=7434 abs=512,284 25x25 hidden=1 ownhide=0
              [3] kind=graphic widget_type=5 trans=0 fill_mode=0 user_id=0x0140aac5 (320<<16|43717) dynamic graphic=200 abs=512,284 25x25 hidden=1 ownhide=0
              [4] kind=text widget_type=4 trans=0 fill_mode=0 user_id=0x0140aac6 (320<<16|43718) dynamic font=494 color=0xffff00 text="1" abs=540,286 15x12 hidden=1 ownhide=0
              [5] kind=text widget_type=4 trans=0 fill_mode=0 user_id=0x0140aac7 (320<<16|43719) dynamic font=494 color=0xffff00 text="1" abs=552,297 15x12 hidden=1 ownhide=0
              [6] kind=graphic widget_type=5 trans=0 fill_mode=0 user_id=0x0140aac8 (320<<16|43720) dynamic graphic=940 abs=514,287 19x19 hidden=1 ownhide=1
            [5] kind=layer widget_type=0 trans=0 fill_mode=0 user_id=0x01400005 (320<<16|5) static
              [0] kind=graphic widget_type=5 trans=0 fill_mode=0 user_id=0x0140aac9 (320<<16|43721) dynamic graphic=187 abs=508,310 36x36 hidden=1 ownhide=0
              [1] kind=graphic widget_type=5 trans=0 fill_mode=0 user_id=0x0140aaca (320<<16|43722) dynamic graphic=188 abs=539,310 36x36 hidden=1 ownhide=0
              [2] kind=graphic widget_type=5 trans=0 fill_mode=0 user_id=0x0140aacb (320<<16|43723) dynamic graphic=7435 abs=512,310 25x25 hidden=1 ownhide=0
              [3] kind=graphic widget_type=5 trans=0 fill_mode=0 user_id=0x0140aacc (320<<16|43724) dynamic graphic=201 abs=512,310 25x25 hidden=1 ownhide=0
              [4] kind=text widget_type=4 trans=0 fill_mode=0 user_id=0x0140aacd (320<<16|43725) dynamic font=494 color=0xffff00 text="1" abs=540,312 15x12 hidden=1 ownhide=0
              [5] kind=text widget_type=4 trans=0 fill_mode=0 user_id=0x0140aace (320<<16|43726) dynamic font=494 color=0xffff00 text="1" abs=552,323 15x12 hidden=1 ownhide=0
              [6] kind=graphic widget_type=5 trans=0 fill_mode=0 user_id=0x0140aacf (320<<16|43727) dynamic graphic=940 abs=514,313 19x19 hidden=1 ownhide=1
            [6] kind=layer widget_type=0 trans=0 fill_mode=0 user_id=0x01400006 (320<<16|6) static
              [0] kind=graphic widget_type=5 trans=0 fill_mode=0 user_id=0x0140aad0 (320<<16|43728) dynamic graphic=187 abs=508,336 36x36 hidden=1 ownhide=0
              [1] kind=graphic widget_type=5 trans=0 fill_mode=0 user_id=0x0140aad1 (320<<16|43729) dynamic graphic=188 abs=539,336 36x36 hidden=1 ownhide=0
              [2] kind=graphic widget_type=5 trans=0 fill_mode=0 user_id=0x0140aad2 (320<<16|43730) dynamic graphic=7436 abs=512,336 25x25 hidden=1 ownhide=0
              [3] kind=graphic widget_type=5 trans=0 fill_mode=0 user_id=0x0140aad3 (320<<16|43731) dynamic graphic=202 abs=512,336 25x25 hidden=1 ownhide=0
              [4] kind=text widget_type=4 trans=0 fill_mode=0 user_id=0x0140aad4 (320<<16|43732) dynamic font=494 color=0xffff00 text="1" abs=540,338 15x12 hidden=1 ownhide=0
              [5] kind=text widget_type=4 trans=0 fill_mode=0 user_id=0x0140aad5 (320<<16|43733) dynamic font=494 color=0xffff00 text="1" abs=552,349 15x12 hidden=1 ownhide=0
              [6] kind=graphic widget_type=5 trans=0 fill_mode=0 user_id=0x0140aad6 (320<<16|43734) dynamic graphic=940 abs=514,339 19x19 hidden=1 ownhide=1
            [7] kind=layer widget_type=0 trans=0 fill_mode=0 user_id=0x01400007 (320<<16|7) static
              [0] kind=graphic widget_type=5 trans=0 fill_mode=0 user_id=0x0140aad7 (320<<16|43735) dynamic graphic=187 abs=508,362 36x36 hidden=1 ownhide=0
              [1] kind=graphic widget_type=5 trans=0 fill_mode=0 user_id=0x0140aad8 (320<<16|43736) dynamic graphic=188 abs=539,362 36x36 hidden=1 ownhide=0
              [2] kind=graphic widget_type=5 trans=0 fill_mode=0 user_id=0x0140aad9 (320<<16|43737) dynamic graphic=7449 abs=512,362 25x25 hidden=1 ownhide=0
              [3] kind=graphic widget_type=5 trans=0 fill_mode=0 user_id=0x0140aada (320<<16|43738) dynamic graphic=215 abs=512,362 25x25 hidden=1 ownhide=0
              [4] kind=text widget_type=4 trans=0 fill_mode=0 user_id=0x0140aadb (320<<16|43739) dynamic font=494 color=0xffff00 text="1" abs=540,364 15x12 hidden=1 ownhide=0
              [5] kind=text widget_type=4 trans=0 fill_mode=0 user_id=0x0140aadc (320<<16|43740) dynamic font=494 color=0xffff00 text="1" abs=552,375 15x12 hidden=1 ownhide=0
              [6] kind=graphic widget_type=5 trans=0 fill_mode=0 user_id=0x0140aadd (320<<16|43741) dynamic graphic=940 abs=514,365 19x19 hidden=1 ownhide=1
            [8] kind=layer widget_type=0 trans=0 fill_mode=0 user_id=0x01400008 (320<<16|8) static
              [0] kind=graphic widget_type=5 trans=0 fill_mode=0 user_id=0x0140aade (320<<16|43742) dynamic graphic=187 abs=508,388 36x36 hidden=1 ownhide=0
              [1] kind=graphic widget_type=5 trans=0 fill_mode=0 user_id=0x0140aadf (320<<16|43743) dynamic graphic=188 abs=539,388 36x36 hidden=1 ownhide=0
              [2] kind=graphic widget_type=5 trans=0 fill_mode=0 user_id=0x0140aae0 (320<<16|43744) dynamic graphic=7452 abs=511,388 25x25 hidden=1 ownhide=0
              [3] kind=graphic widget_type=5 trans=0 fill_mode=0 user_id=0x0140aae1 (320<<16|43745) dynamic graphic=221 abs=511,388 25x25 hidden=1 ownhide=0
              [4] kind=text widget_type=4 trans=0 fill_mode=0 user_id=0x0140aae2 (320<<16|43746) dynamic font=494 color=0xffff00 text="1" abs=540,390 15x12 hidden=1 ownhide=0
              [5] kind=text widget_type=4 trans=0 fill_mode=0 user_id=0x0140aae3 (320<<16|43747) dynamic font=494 color=0xffff00 text="1" abs=552,401 15x12 hidden=1 ownhide=0
              [6] kind=graphic widget_type=5 trans=0 fill_mode=0 user_id=0x0140aae4 (320<<16|43748) dynamic graphic=940 abs=514,391 19x19 hidden=1 ownhide=1
            [9] kind=layer widget_type=0 trans=0 fill_mode=0 user_id=0x01400009 (320<<16|9) static
              [0] kind=graphic widget_type=5 trans=0 fill_mode=0 user_id=0x0140aae5 (320<<16|43749) dynamic graphic=187 abs=571,206 36x36 hidden=1 ownhide=0
              [1] kind=graphic widget_type=5 trans=0 fill_mode=0 user_id=0x0140aae6 (320<<16|43750) dynamic graphic=188 abs=602,206 36x36 hidden=1 ownhide=0
              [2] kind=graphic widget_type=5 trans=0 fill_mode=0 user_id=0x0140aae7 (320<<16|43751) dynamic graphic=7437 abs=575,206 25x25 hidden=1 ownhide=0
              [3] kind=graphic widget_type=5 trans=0 fill_mode=0 user_id=0x0140aae8 (320<<16|43752) dynamic graphic=203 abs=575,206 25x25 hidden=1 ownhide=0
              [4] kind=text widget_type=4 trans=0 fill_mode=0 user_id=0x0140aae9 (320<<16|43753) dynamic font=494 color=0xffff00 text="10" abs=603,208 15x12 hidden=1 ownhide=0
              [5] kind=text widget_type=4 trans=0 fill_mode=0 user_id=0x0140aaea (320<<16|43754) dynamic font=494 color=0xffff00 text="10" abs=615,219 15x12 hidden=1 ownhide=0
              [6] kind=graphic widget_type=5 trans=0 fill_mode=0 user_id=0x0140aaeb (320<<16|43755) dynamic graphic=940 abs=577,209 19x19 hidden=1 ownhide=1
            [10] kind=layer widget_type=0 trans=0 fill_mode=0 user_id=0x0140000a (320<<16|10) static
              [0] kind=graphic widget_type=5 trans=0 fill_mode=0 user_id=0x0140aaec (320<<16|43756) dynamic graphic=187 abs=571,232 36x36 hidden=1 ownhide=0
              [1] kind=graphic widget_type=5 trans=0 fill_mode=0 user_id=0x0140aaed (320<<16|43757) dynamic graphic=188 abs=602,232 36x36 hidden=1 ownhide=0
              [2] kind=graphic widget_type=5 trans=0 fill_mode=0 user_id=0x0140aaee (320<<16|43758) dynamic graphic=7438 abs=575,232 25x25 hidden=1 ownhide=0
              [3] kind=graphic widget_type=5 trans=0 fill_mode=0 user_id=0x0140aaef (320<<16|43759) dynamic graphic=204 abs=575,232 25x25 hidden=1 ownhide=0
              [4] kind=text widget_type=4 trans=0 fill_mode=0 user_id=0x0140aaf0 (320<<16|43760) dynamic font=494 color=0xffff00 text="1" abs=603,234 15x12 hidden=1 ownhide=0
              [5] kind=text widget_type=4 trans=0 fill_mode=0 user_id=0x0140aaf1 (320<<16|43761) dynamic font=494 color=0xffff00 text="1" abs=615,245 15x12 hidden=1 ownhide=0
              [6] kind=graphic widget_type=5 trans=0 fill_mode=0 user_id=0x0140aaf2 (320<<16|43762) dynamic graphic=940 abs=577,235 19x19 hidden=1 ownhide=1
            [11] kind=layer widget_type=0 trans=0 fill_mode=0 user_id=0x0140000b (320<<16|11) static
              [0] kind=graphic widget_type=5 trans=0 fill_mode=0 user_id=0x0140aaf3 (320<<16|43763) dynamic graphic=187 abs=571,258 36x36 hidden=1 ownhide=0
              [1] kind=graphic widget_type=5 trans=0 fill_mode=0 user_id=0x0140aaf4 (320<<16|43764) dynamic graphic=188 abs=602,258 36x36 hidden=1 ownhide=0
              [2] kind=graphic widget_type=5 trans=0 fill_mode=0 user_id=0x0140aaf5 (320<<16|43765) dynamic graphic=7439 abs=575,258 25x25 hidden=1 ownhide=0
              [3] kind=graphic widget_type=5 trans=0 fill_mode=0 user_id=0x0140aaf6 (320<<16|43766) dynamic graphic=205 abs=575,258 25x25 hidden=1 ownhide=0
              [4] kind=text widget_type=4 trans=0 fill_mode=0 user_id=0x0140aaf7 (320<<16|43767) dynamic font=494 color=0xffff00 text="1" abs=603,260 15x12 hidden=1 ownhide=0
              [5] kind=text widget_type=4 trans=0 fill_mode=0 user_id=0x0140aaf8 (320<<16|43768) dynamic font=494 color=0xffff00 text="1" abs=615,271 15x12 hidden=1 ownhide=0
              [6] kind=graphic widget_type=5 trans=0 fill_mode=0 user_id=0x0140aaf9 (320<<16|43769) dynamic graphic=940 abs=577,261 19x19 hidden=1 ownhide=1
            [12] kind=layer widget_type=0 trans=0 fill_mode=0 user_id=0x0140000c (320<<16|12) static
              [0] kind=graphic widget_type=5 trans=0 fill_mode=0 user_id=0x0140aafa (320<<16|43770) dynamic graphic=187 abs=571,284 36x36 hidden=1 ownhide=0
              [1] kind=graphic widget_type=5 trans=0 fill_mode=0 user_id=0x0140aafb (320<<16|43771) dynamic graphic=188 abs=602,284 36x36 hidden=1 ownhide=0
              [2] kind=graphic widget_type=5 trans=0 fill_mode=0 user_id=0x0140aafc (320<<16|43772) dynamic graphic=7440 abs=576,284 25x25 hidden=1 ownhide=0
              [3] kind=graphic widget_type=5 trans=0 fill_mode=0 user_id=0x0140aafd (320<<16|43773) dynamic graphic=206 abs=576,284 25x25 hidden=1 ownhide=0
              [4] kind=text widget_type=4 trans=0 fill_mode=0 user_id=0x0140aafe (320<<16|43774) dynamic font=494 color=0xffff00 text="1" abs=603,286 15x12 hidden=1 ownhide=0
              [5] kind=text widget_type=4 trans=0 fill_mode=0 user_id=0x0140aaff (320<<16|43775) dynamic font=494 color=0xffff00 text="1" abs=615,297 15x12 hidden=1 ownhide=0
              [6] kind=graphic widget_type=5 trans=0 fill_mode=0 user_id=0x0140ab00 (320<<16|43776) dynamic graphic=940 abs=577,287 19x19 hidden=1 ownhide=1
            [13] kind=layer widget_type=0 trans=0 fill_mode=0 user_id=0x0140000d (320<<16|13) static
              [0] kind=graphic widget_type=5 trans=0 fill_mode=0 user_id=0x0140ab01 (320<<16|43777) dynamic graphic=187 abs=571,310 36x36 hidden=1 ownhide=0
              [1] kind=graphic widget_type=5 trans=0 fill_mode=0 user_id=0x0140ab02 (320<<16|43778) dynamic graphic=188 abs=602,310 36x36 hidden=1 ownhide=0
              [2] kind=graphic widget_type=5 trans=0 fill_mode=0 user_id=0x0140ab03 (320<<16|43779) dynamic graphic=7441 abs=576,310 25x25 hidden=1 ownhide=0
              [3] kind=graphic widget_type=5 trans=0 fill_mode=0 user_id=0x0140ab04 (320<<16|43780) dynamic graphic=207 abs=576,310 25x25 hidden=1 ownhide=0
              [4] kind=text widget_type=4 trans=0 fill_mode=0 user_id=0x0140ab05 (320<<16|43781) dynamic font=494 color=0xffff00 text="1" abs=603,312 15x12 hidden=1 ownhide=0
              [5] kind=text widget_type=4 trans=0 fill_mode=0 user_id=0x0140ab06 (320<<16|43782) dynamic font=494 color=0xffff00 text="1" abs=615,323 15x12 hidden=1 ownhide=0
              [6] kind=graphic widget_type=5 trans=0 fill_mode=0 user_id=0x0140ab07 (320<<16|43783) dynamic graphic=940 abs=577,313 19x19 hidden=1 ownhide=1
            [14] kind=layer widget_type=0 trans=0 fill_mode=0 user_id=0x0140000e (320<<16|14) static
              [0] kind=graphic widget_type=5 trans=0 fill_mode=0 user_id=0x0140ab08 (320<<16|43784) dynamic graphic=187 abs=571,336 36x36 hidden=1 ownhide=0
              [1] kind=graphic widget_type=5 trans=0 fill_mode=0 user_id=0x0140ab09 (320<<16|43785) dynamic graphic=188 abs=602,336 36x36 hidden=1 ownhide=0
              [2] kind=graphic widget_type=5 trans=0 fill_mode=0 user_id=0x0140ab0a (320<<16|43786) dynamic graphic=7442 abs=576,336 25x25 hidden=1 ownhide=0
              [3] kind=graphic widget_type=5 trans=0 fill_mode=0 user_id=0x0140ab0b (320<<16|43787) dynamic graphic=208 abs=576,336 25x25 hidden=1 ownhide=0
              [4] kind=text widget_type=4 trans=0 fill_mode=0 user_id=0x0140ab0c (320<<16|43788) dynamic font=494 color=0xffff00 text="1" abs=603,338 15x12 hidden=1 ownhide=0
              [5] kind=text widget_type=4 trans=0 fill_mode=0 user_id=0x0140ab0d (320<<16|43789) dynamic font=494 color=0xffff00 text="1" abs=615,349 15x12 hidden=1 ownhide=0
              [6] kind=graphic widget_type=5 trans=0 fill_mode=0 user_id=0x0140ab0e (320<<16|43790) dynamic graphic=940 abs=577,339 19x19 hidden=1 ownhide=1
            [15] kind=layer widget_type=0 trans=0 fill_mode=0 user_id=0x0140000f (320<<16|15) static
              [0] kind=graphic widget_type=5 trans=0 fill_mode=0 user_id=0x0140ab0f (320<<16|43791) dynamic graphic=187 abs=571,362 36x36 hidden=1 ownhide=0
              [1] kind=graphic widget_type=5 trans=0 fill_mode=0 user_id=0x0140ab10 (320<<16|43792) dynamic graphic=188 abs=602,362 36x36 hidden=1 ownhide=0
              [2] kind=graphic widget_type=5 trans=0 fill_mode=0 user_id=0x0140ab11 (320<<16|43793) dynamic graphic=7450 abs=573,362 25x25 hidden=1 ownhide=0
              [3] kind=graphic widget_type=5 trans=0 fill_mode=0 user_id=0x0140ab12 (320<<16|43794) dynamic graphic=216 abs=573,362 25x25 hidden=1 ownhide=0
              [4] kind=text widget_type=4 trans=0 fill_mode=0 user_id=0x0140ab13 (320<<16|43795) dynamic font=494 color=0xffff00 text="1" abs=603,364 15x12 hidden=1 ownhide=0
              [5] kind=text widget_type=4 trans=0 fill_mode=0 user_id=0x0140ab14 (320<<16|43796) dynamic font=494 color=0xffff00 text="1" abs=615,375 15x12 hidden=1 ownhide=0
              [6] kind=graphic widget_type=5 trans=0 fill_mode=0 user_id=0x0140ab15 (320<<16|43797) dynamic graphic=940 abs=577,365 19x19 hidden=1 ownhide=1
            [16] kind=layer widget_type=0 trans=0 fill_mode=0 user_id=0x01400010 (320<<16|16) static
              [0] kind=graphic widget_type=5 trans=0 fill_mode=0 user_id=0x0140ab16 (320<<16|43798) dynamic graphic=187 abs=571,388 36x36 hidden=1 ownhide=0
              [1] kind=graphic widget_type=5 trans=0 fill_mode=0 user_id=0x0140ab17 (320<<16|43799) dynamic graphic=188 abs=602,388 36x36 hidden=1 ownhide=0
              [2] kind=graphic widget_type=5 trans=0 fill_mode=0 user_id=0x0140ab18 (320<<16|43800) dynamic graphic=7453 abs=574,388 25x25 hidden=1 ownhide=0
              [3] kind=graphic widget_type=5 trans=0 fill_mode=0 user_id=0x0140ab19 (320<<16|43801) dynamic graphic=220 abs=574,388 25x25 hidden=1 ownhide=0
              [4] kind=text widget_type=4 trans=0 fill_mode=0 user_id=0x0140ab1a (320<<16|43802) dynamic font=494 color=0xffff00 text="1" abs=603,390 15x12 hidden=1 ownhide=0
              [5] kind=text widget_type=4 trans=0 fill_mode=0 user_id=0x0140ab1b (320<<16|43803) dynamic font=494 color=0xffff00 text="1" abs=615,401 15x12 hidden=1 ownhide=0
              [6] kind=graphic widget_type=5 trans=0 fill_mode=0 user_id=0x0140ab1c (320<<16|43804) dynamic graphic=940 abs=577,391 19x19 hidden=1 ownhide=1
            [17] kind=layer widget_type=0 trans=0 fill_mode=0 user_id=0x01400011 (320<<16|17) static
              [0] kind=graphic widget_type=5 trans=0 fill_mode=0 user_id=0x0140ab1d (320<<16|43805) dynamic graphic=187 abs=634,206 36x36 hidden=1 ownhide=0
              [1] kind=graphic widget_type=5 trans=0 fill_mode=0 user_id=0x0140ab1e (320<<16|43806) dynamic graphic=188 abs=665,206 36x36 hidden=1 ownhide=0
              [2] kind=graphic widget_type=5 trans=0 fill_mode=0 user_id=0x0140ab1f (320<<16|43807) dynamic graphic=7443 abs=639,206 25x25 hidden=1 ownhide=0
              [3] kind=graphic widget_type=5 trans=0 fill_mode=0 user_id=0x0140ab20 (320<<16|43808) dynamic graphic=209 abs=639,206 25x25 hidden=1 ownhide=0
              [4] kind=text widget_type=4 trans=0 fill_mode=0 user_id=0x0140ab21 (320<<16|43809) dynamic font=494 color=0xffff00 text="1" abs=666,208 15x12 hidden=1 ownhide=0
              [5] kind=text widget_type=4 trans=0 fill_mode=0 user_id=0x0140ab22 (320<<16|43810) dynamic font=494 color=0xffff00 text="1" abs=678,219 15x12 hidden=1 ownhide=0
              [6] kind=graphic widget_type=5 trans=0 fill_mode=0 user_id=0x0140ab23 (320<<16|43811) dynamic graphic=940 abs=640,209 19x19 hidden=1 ownhide=1
            [18] kind=layer widget_type=0 trans=0 fill_mode=0 user_id=0x01400012 (320<<16|18) static
              [0] kind=graphic widget_type=5 trans=0 fill_mode=0 user_id=0x0140ab24 (320<<16|43812) dynamic graphic=187 abs=634,232 36x36 hidden=1 ownhide=0
              [1] kind=graphic widget_type=5 trans=0 fill_mode=0 user_id=0x0140ab25 (320<<16|43813) dynamic graphic=188 abs=665,232 36x36 hidden=1 ownhide=0
              [2] kind=graphic widget_type=5 trans=0 fill_mode=0 user_id=0x0140ab26 (320<<16|43814) dynamic graphic=7444 abs=639,232 25x25 hidden=1 ownhide=0
              [3] kind=graphic widget_type=5 trans=0 fill_mode=0 user_id=0x0140ab27 (320<<16|43815) dynamic graphic=210 abs=639,232 25x25 hidden=1 ownhide=0
              [4] kind=text widget_type=4 trans=0 fill_mode=0 user_id=0x0140ab28 (320<<16|43816) dynamic font=494 color=0xffff00 text="1" abs=666,234 15x12 hidden=1 ownhide=0
              [5] kind=text widget_type=4 trans=0 fill_mode=0 user_id=0x0140ab29 (320<<16|43817) dynamic font=494 color=0xffff00 text="1" abs=678,245 15x12 hidden=1 ownhide=0
              [6] kind=graphic widget_type=5 trans=0 fill_mode=0 user_id=0x0140ab2a (320<<16|43818) dynamic graphic=940 abs=640,235 19x19 hidden=1 ownhide=1
            [19] kind=layer widget_type=0 trans=0 fill_mode=0 user_id=0x01400013 (320<<16|19) static
              [0] kind=graphic widget_type=5 trans=0 fill_mode=0 user_id=0x0140ab2b (320<<16|43819) dynamic graphic=187 abs=634,258 36x36 hidden=1 ownhide=0
              [1] kind=graphic widget_type=5 trans=0 fill_mode=0 user_id=0x0140ab2c (320<<16|43820) dynamic graphic=188 abs=665,258 36x36 hidden=1 ownhide=0
              [2] kind=graphic widget_type=5 trans=0 fill_mode=0 user_id=0x0140ab2d (320<<16|43821) dynamic graphic=7445 abs=638,258 25x25 hidden=1 ownhide=0
              [3] kind=graphic widget_type=5 trans=0 fill_mode=0 user_id=0x0140ab2e (320<<16|43822) dynamic graphic=211 abs=638,258 25x25 hidden=1 ownhide=0
              [4] kind=text widget_type=4 trans=0 fill_mode=0 user_id=0x0140ab2f (320<<16|43823) dynamic font=494 color=0xffff00 text="1" abs=666,260 15x12 hidden=1 ownhide=0
              [5] kind=text widget_type=4 trans=0 fill_mode=0 user_id=0x0140ab30 (320<<16|43824) dynamic font=494 color=0xffff00 text="1" abs=678,271 15x12 hidden=1 ownhide=0
              [6] kind=graphic widget_type=5 trans=0 fill_mode=0 user_id=0x0140ab31 (320<<16|43825) dynamic graphic=940 abs=640,261 19x19 hidden=1 ownhide=1
            [20] kind=layer widget_type=0 trans=0 fill_mode=0 user_id=0x01400014 (320<<16|20) static
              [0] kind=graphic widget_type=5 trans=0 fill_mode=0 user_id=0x0140ab32 (320<<16|43826) dynamic graphic=187 abs=634,284 36x36 hidden=1 ownhide=0
              [1] kind=graphic widget_type=5 trans=0 fill_mode=0 user_id=0x0140ab33 (320<<16|43827) dynamic graphic=188 abs=665,284 36x36 hidden=1 ownhide=0
              [2] kind=graphic widget_type=5 trans=0 fill_mode=0 user_id=0x0140ab34 (320<<16|43828) dynamic graphic=7446 abs=640,284 25x25 hidden=1 ownhide=0
              [3] kind=graphic widget_type=5 trans=0 fill_mode=0 user_id=0x0140ab35 (320<<16|43829) dynamic graphic=212 abs=640,284 25x25 hidden=1 ownhide=0
              [4] kind=text widget_type=4 trans=0 fill_mode=0 user_id=0x0140ab36 (320<<16|43830) dynamic font=494 color=0xffff00 text="1" abs=666,286 15x12 hidden=1 ownhide=0
              [5] kind=text widget_type=4 trans=0 fill_mode=0 user_id=0x0140ab37 (320<<16|43831) dynamic font=494 color=0xffff00 text="1" abs=678,297 15x12 hidden=1 ownhide=0
              [6] kind=graphic widget_type=5 trans=0 fill_mode=0 user_id=0x0140ab38 (320<<16|43832) dynamic graphic=940 abs=640,287 19x19 hidden=1 ownhide=1
            [21] kind=layer widget_type=0 trans=0 fill_mode=0 user_id=0x01400015 (320<<16|21) static
              [0] kind=graphic widget_type=5 trans=0 fill_mode=0 user_id=0x0140ab39 (320<<16|43833) dynamic graphic=187 abs=634,310 36x36 hidden=1 ownhide=0
              [1] kind=graphic widget_type=5 trans=0 fill_mode=0 user_id=0x0140ab3a (320<<16|43834) dynamic graphic=188 abs=665,310 36x36 hidden=1 ownhide=0
              [2] kind=graphic widget_type=5 trans=0 fill_mode=0 user_id=0x0140ab3b (320<<16|43835) dynamic graphic=7447 abs=639,310 25x25 hidden=1 ownhide=0
              [3] kind=graphic widget_type=5 trans=0 fill_mode=0 user_id=0x0140ab3c (320<<16|43836) dynamic graphic=213 abs=639,310 25x25 hidden=1 ownhide=0
              [4] kind=text widget_type=4 trans=0 fill_mode=0 user_id=0x0140ab3d (320<<16|43837) dynamic font=494 color=0xffff00 text="1" abs=666,312 15x12 hidden=1 ownhide=0
              [5] kind=text widget_type=4 trans=0 fill_mode=0 user_id=0x0140ab3e (320<<16|43838) dynamic font=494 color=0xffff00 text="1" abs=678,323 15x12 hidden=1 ownhide=0
              [6] kind=graphic widget_type=5 trans=0 fill_mode=0 user_id=0x0140ab3f (320<<16|43839) dynamic graphic=940 abs=640,313 19x19 hidden=1 ownhide=1
            [22] kind=layer widget_type=0 trans=0 fill_mode=0 user_id=0x01400016 (320<<16|22) static
              [0] kind=graphic widget_type=5 trans=0 fill_mode=0 user_id=0x0140ab40 (320<<16|43840) dynamic graphic=187 abs=634,336 36x36 hidden=1 ownhide=0
              [1] kind=graphic widget_type=5 trans=0 fill_mode=0 user_id=0x0140ab41 (320<<16|43841) dynamic graphic=188 abs=665,336 36x36 hidden=1 ownhide=0
              [2] kind=graphic widget_type=5 trans=0 fill_mode=0 user_id=0x0140ab42 (320<<16|43842) dynamic graphic=7448 abs=639,336 25x25 hidden=1 ownhide=0
              [3] kind=graphic widget_type=5 trans=0 fill_mode=0 user_id=0x0140ab43 (320<<16|43843) dynamic graphic=214 abs=639,336 25x25 hidden=1 ownhide=0
              [4] kind=text widget_type=4 trans=0 fill_mode=0 user_id=0x0140ab44 (320<<16|43844) dynamic font=494 color=0xffff00 text="1" abs=666,338 15x12 hidden=1 ownhide=0
              [5] kind=text widget_type=4 trans=0 fill_mode=0 user_id=0x0140ab45 (320<<16|43845) dynamic font=494 color=0xffff00 text="1" abs=678,349 15x12 hidden=1 ownhide=0
              [6] kind=graphic widget_type=5 trans=0 fill_mode=0 user_id=0x0140ab46 (320<<16|43846) dynamic graphic=940 abs=640,339 19x19 hidden=1 ownhide=1
            [23] kind=layer widget_type=0 trans=0 fill_mode=0 user_id=0x01400017 (320<<16|23) static
              [0] kind=graphic widget_type=5 trans=0 fill_mode=0 user_id=0x0140ab47 (320<<16|43847) dynamic graphic=187 abs=634,362 36x36 hidden=1 ownhide=0
              [1] kind=graphic widget_type=5 trans=0 fill_mode=0 user_id=0x0140ab48 (320<<16|43848) dynamic graphic=188 abs=665,362 36x36 hidden=1 ownhide=0
              [2] kind=graphic widget_type=5 trans=0 fill_mode=0 user_id=0x0140ab49 (320<<16|43849) dynamic graphic=7451 abs=638,362 25x25 hidden=1 ownhide=0
              [3] kind=graphic widget_type=5 trans=0 fill_mode=0 user_id=0x0140ab4a (320<<16|43850) dynamic graphic=217 abs=638,362 25x25 hidden=1 ownhide=0
              [4] kind=text widget_type=4 trans=0 fill_mode=0 user_id=0x0140ab4b (320<<16|43851) dynamic font=494 color=0xffff00 text="1" abs=666,364 15x12 hidden=1 ownhide=0
              [5] kind=text widget_type=4 trans=0 fill_mode=0 user_id=0x0140ab4c (320<<16|43852) dynamic font=494 color=0xffff00 text="1" abs=678,375 15x12 hidden=1 ownhide=0
              [6] kind=graphic widget_type=5 trans=0 fill_mode=0 user_id=0x0140ab4d (320<<16|43853) dynamic graphic=940 abs=640,365 19x19 hidden=1 ownhide=1
            [24] kind=layer widget_type=0 trans=0 fill_mode=0 user_id=0x01400018 (320<<16|24) static
              [0] kind=graphic widget_type=5 trans=0 fill_mode=0 user_id=0x0140ab4e (320<<16|43854) dynamic graphic=187 abs=508,414 36x36 hidden=1 ownhide=0
              [1] kind=graphic widget_type=5 trans=0 fill_mode=0 user_id=0x0140ab4f (320<<16|43855) dynamic graphic=188 abs=539,414 36x36 hidden=1 ownhide=0
              [2] kind=graphic widget_type=5 trans=0 fill_mode=0 user_id=0x0140ab50 (320<<16|43856) dynamic graphic=7454 abs=512,414 25x25 hidden=1 ownhide=0
              [3] kind=graphic widget_type=5 trans=0 fill_mode=0 user_id=0x0140ab51 (320<<16|43857) dynamic graphic=228 abs=512,414 25x25 hidden=1 ownhide=0
              [4] kind=text widget_type=4 trans=0 fill_mode=0 user_id=0x0140ab52 (320<<16|43858) dynamic font=494 color=0xffff00 text="1" abs=540,416 15x12 hidden=1 ownhide=0
              [5] kind=text widget_type=4 trans=0 fill_mode=0 user_id=0x0140ab53 (320<<16|43859) dynamic font=494 color=0xffff00 text="1" abs=552,427 15x12 hidden=1 ownhide=0
              [6] kind=graphic widget_type=5 trans=0 fill_mode=0 user_id=0x0140ab54 (320<<16|43860) dynamic graphic=940 abs=514,417 19x19 hidden=1 ownhide=1
            [25] kind=layer widget_type=0 trans=0 fill_mode=0 user_id=0x01400019 (320<<16|25) static
              [26] kind=graphic widget_type=5 trans=0 fill_mode=0 user_id=0x0140001a (320<<16|26) static graphic=191 abs=643,414 36x36 hidden=1 ownhide=0
              [27] kind=graphic widget_type=5 trans=0 fill_mode=0 user_id=0x0140001b (320<<16|27) static graphic=191 abs=679,414 36x36 hidden=1 ownhide=0
              [28] kind=graphic widget_type=5 trans=0 fill_mode=0 user_id=0x0140001c (320<<16|28) static graphic=191 abs=715,414 36x36 hidden=1 ownhide=0
              [29] kind=graphic widget_type=5 trans=0 fill_mode=0 user_id=0x0140001d (320<<16|29) static graphic=191 abs=607,414 36x36 hidden=1 ownhide=0
              [30] kind=graphic widget_type=5 trans=0 fill_mode=0 user_id=0x0140001e (320<<16|30) static graphic=189 abs=572,414 36x36 hidden=1 ownhide=0
              [31] kind=graphic widget_type=5 trans=0 fill_mode=0 user_id=0x0140001f (320<<16|31) static graphic=190 abs=660,414 36x36 hidden=1 ownhide=0
              [32] kind=text widget_type=4 trans=0 fill_mode=0 user_id=0x01400020 (320<<16|32) static font=494 color=0xffff00 text="Total level: 34" abs=573,416 126x25 hidden=1 ownhide=0
            [33] kind=layer widget_type=0 trans=0 fill_mode=0 user_id=0x01400021 (320<<16|33) static
            [34] kind=layer widget_type=0 trans=0 fill_mode=0 user_id=0x01400022 (320<<16|34) static
              [0] kind=graphic widget_type=5 trans=0 fill_mode=0 user_id=0x0140ab55 (320<<16|43861) dynamic graphic=187 abs=634,388 36x36 hidden=1 ownhide=0
              [1] kind=graphic widget_type=5 trans=0 fill_mode=0 user_id=0x0140ab56 (320<<16|43862) dynamic graphic=188 abs=665,388 36x36 hidden=1 ownhide=0
              [2] kind=graphic widget_type=5 trans=0 fill_mode=0 user_id=0x0140ab57 (320<<16|43863) dynamic graphic=229 abs=639,388 25x25 hidden=1 ownhide=0
              [3] kind=graphic widget_type=5 trans=0 fill_mode=0 user_id=0x0140ab58 (320<<16|43864) dynamic graphic=229 abs=639,388 25x25 hidden=1 ownhide=0
              [4] kind=text widget_type=4 trans=0 fill_mode=0 user_id=0x0140ab59 (320<<16|43865) dynamic font=494 color=0xffff00 text="1" abs=666,390 15x12 hidden=1 ownhide=0
              [5] kind=text widget_type=4 trans=0 fill_mode=0 user_id=0x0140ab5a (320<<16|43866) dynamic font=494 color=0xffff00 text="1" abs=678,401 15x12 hidden=1 ownhide=0
              [6] kind=graphic widget_type=5 trans=0 fill_mode=0 user_id=0x0140ab5b (320<<16|43867) dynamic graphic=940 abs=640,391 19x19 hidden=1 ownhide=1
        [78] kind=layer widget_type=0 trans=0 fill_mode=0 user_id=0x00a1004e (161<<16|78) static
          [0] kind=layer widget_type=0 trans=0 fill_mode=0 user_id=0x02750000 (629<<16|0) static
            [1] kind=layer widget_type=0 trans=0 fill_mode=0 user_id=0x02750001 (629<<16|1) static
              [2] kind=layer widget_type=0 trans=0 fill_mode=0 user_id=0x02750002 (629<<16|2) static
                [3] kind=graphic widget_type=5 trans=200 fill_mode=0 user_id=0x02750003 (629<<16|3) static graphic=6321 abs=511,208 20x21 hidden=1 ownhide=1
                [4] kind=graphic widget_type=5 trans=0 fill_mode=0 user_id=0x02750004 (629<<16|4) static graphic=6317 abs=511,208 20x21 hidden=1 ownhide=0
                [5] kind=graphic widget_type=5 trans=200 fill_mode=0 user_id=0x02750005 (629<<16|5) static graphic=6322 abs=531,208 18x21 hidden=1 ownhide=1
                [6] kind=graphic widget_type=5 trans=0 fill_mode=0 user_id=0x02750006 (629<<16|6) static graphic=6318 abs=530,208 20x21 hidden=1 ownhide=0
                [7] kind=graphic widget_type=5 trans=200 fill_mode=0 user_id=0x02750007 (629<<16|7) static graphic=6321 abs=549,208 20x21 hidden=1 ownhide=1
                [8] kind=graphic widget_type=5 trans=0 fill_mode=0 user_id=0x02750008 (629<<16|8) static graphic=6317 abs=549,208 20x21 hidden=1 ownhide=0
                [9] kind=graphic widget_type=5 trans=0 fill_mode=0 user_id=0x02750009 (629<<16|9) static graphic=2276 abs=531,210 18x18 hidden=1 ownhide=0
              [10] kind=layer widget_type=0 trans=0 fill_mode=0 user_id=0x0275000a (629<<16|10) static
                [11] kind=graphic widget_type=5 trans=200 fill_mode=0 user_id=0x0275000b (629<<16|11) static graphic=6321 abs=573,208 20x21 hidden=1 ownhide=0
                [12] kind=graphic widget_type=5 trans=0 fill_mode=0 user_id=0x0275000c (629<<16|12) static graphic=6319 abs=573,208 20x21 hidden=1 ownhide=0
                [13] kind=graphic widget_type=5 trans=200 fill_mode=0 user_id=0x0275000d (629<<16|13) static graphic=6322 abs=593,208 18x21 hidden=1 ownhide=0
                [14] kind=graphic widget_type=5 trans=0 fill_mode=0 user_id=0x0275000e (629<<16|14) static graphic=6320 abs=592,208 20x21 hidden=1 ownhide=0
                [15] kind=graphic widget_type=5 trans=200 fill_mode=0 user_id=0x0275000f (629<<16|15) static graphic=6321 abs=611,208 20x21 hidden=1 ownhide=0
                [16] kind=graphic widget_type=5 trans=0 fill_mode=0 user_id=0x02750010 (629<<16|16) static graphic=6319 abs=611,208 20x21 hidden=1 ownhide=0
                [17] kind=graphic widget_type=5 trans=0 fill_mode=0 user_id=0x02750011 (629<<16|17) static graphic=835 abs=593,210 18x18 hidden=1 ownhide=0
              [18] kind=layer widget_type=0 trans=0 fill_mode=0 user_id=0x02750012 (629<<16|18) static
                [19] kind=graphic widget_type=5 trans=200 fill_mode=0 user_id=0x02750013 (629<<16|19) static graphic=6321 abs=635,208 20x21 hidden=1 ownhide=0
                [20] kind=graphic widget_type=5 trans=0 fill_mode=0 user_id=0x02750014 (629<<16|20) static graphic=6319 abs=635,208 20x21 hidden=1 ownhide=0
                [21] kind=graphic widget_type=5 trans=200 fill_mode=0 user_id=0x02750015 (629<<16|21) static graphic=6322 abs=655,208 18x21 hidden=1 ownhide=0
                [22] kind=graphic widget_type=5 trans=0 fill_mode=0 user_id=0x02750016 (629<<16|22) static graphic=6320 abs=654,208 20x21 hidden=1 ownhide=0
                [23] kind=graphic widget_type=5 trans=200 fill_mode=0 user_id=0x02750017 (629<<16|23) static graphic=6321 abs=673,208 20x21 hidden=1 ownhide=0
                [24] kind=graphic widget_type=5 trans=0 fill_mode=0 user_id=0x02750018 (629<<16|24) static graphic=6319 abs=673,208 20x21 hidden=1 ownhide=0
                [25] kind=graphic widget_type=5 trans=0 fill_mode=0 user_id=0x02750019 (629<<16|25) static graphic=836 abs=655,210 18x18 hidden=1 ownhide=0
              [26] kind=layer widget_type=0 trans=0 fill_mode=0 user_id=0x0275001a (629<<16|26) static
                [27] kind=graphic widget_type=5 trans=0 fill_mode=0 user_id=0x0275001b (629<<16|27) static graphic=6321 abs=610,208 20x21 hidden=1 ownhide=0
                [28] kind=graphic widget_type=5 trans=0 fill_mode=0 user_id=0x0275001c (629<<16|28) static graphic=2279 abs=610,208 20x21 hidden=1 ownhide=0
                [29] kind=graphic widget_type=5 trans=0 fill_mode=0 user_id=0x0275001d (629<<16|29) static graphic=6322 abs=630,208 18x21 hidden=1 ownhide=0
                [30] kind=graphic widget_type=5 trans=0 fill_mode=0 user_id=0x0275001e (629<<16|30) static graphic=2280 abs=629,208 20x21 hidden=1 ownhide=0
                [31] kind=graphic widget_type=5 trans=0 fill_mode=0 user_id=0x0275001f (629<<16|31) static graphic=6321 abs=648,208 20x21 hidden=1 ownhide=0
                [32] kind=graphic widget_type=5 trans=0 fill_mode=0 user_id=0x02750020 (629<<16|32) static graphic=2279 abs=648,208 20x21 hidden=1 ownhide=0
                [33] kind=graphic widget_type=5 trans=0 fill_mode=0 user_id=0x02750021 (629<<16|33) static graphic=2219 abs=630,210 18x18 hidden=1 ownhide=0
              [34] kind=layer widget_type=0 trans=0 fill_mode=0 user_id=0x02750022 (629<<16|34) static
                [36] kind=graphic widget_type=5 trans=0 fill_mode=0 user_id=0x02750024 (629<<16|36) static graphic=6321 abs=647,208 20x21 hidden=1 ownhide=0
                [37] kind=graphic widget_type=5 trans=0 fill_mode=0 user_id=0x02750025 (629<<16|37) static graphic=2279 abs=647,208 20x21 hidden=1 ownhide=0
                [38] kind=graphic widget_type=5 trans=0 fill_mode=0 user_id=0x02750026 (629<<16|38) static graphic=6322 abs=667,208 18x21 hidden=1 ownhide=0
                [39] kind=graphic widget_type=5 trans=0 fill_mode=0 user_id=0x02750027 (629<<16|39) static graphic=2280 abs=666,208 20x21 hidden=1 ownhide=0
                [40] kind=graphic widget_type=5 trans=0 fill_mode=0 user_id=0x02750028 (629<<16|40) static graphic=6321 abs=685,208 20x21 hidden=1 ownhide=0
                [41] kind=graphic widget_type=5 trans=0 fill_mode=0 user_id=0x02750029 (629<<16|41) static graphic=2279 abs=685,208 20x21 hidden=1 ownhide=0
                [42] kind=graphic widget_type=5 trans=0 fill_mode=0 user_id=0x0275002a (629<<16|42) static graphic=3611 abs=667,210 18x18 hidden=1 ownhide=0
              [35] kind=layer widget_type=0 trans=0 fill_mode=0 user_id=0x02750023 (629<<16|35) static
                [0] kind=line widget_type=9 trans=0 fill_mode=0 user_id=0x0275ab60 (629<<16|43872) dynamic color=0x0 width=1 dir=0 abs=507,228 8x1 hidden=1 ownhide=0
                [1] kind=line widget_type=9 trans=0 fill_mode=0 user_id=0x0275ab61 (629<<16|43873) dynamic color=0x0 width=1 dir=0 abs=569,228 500x1 hidden=1 ownhide=0
            [43] kind=layer widget_type=0 trans=0 fill_mode=0 user_id=0x0275002b (629<<16|43) static
              [0] kind=layer widget_type=0 trans=0 fill_mode=0 user_id=0x02c80000 (712<<16|0) static
                [1] kind=text widget_type=4 trans=0 fill_mode=0 user_id=0x02c80001 (712<<16|1) static font=496 color=0xff981f text="guest" abs=513,229 178x20 hidden=1 ownhide=0
                [2] kind=layer widget_type=0 trans=0 fill_mode=0 user_id=0x02c80002 (712<<16|2) static
                  [0] kind=graphic widget_type=5 trans=0 fill_mode=0 user_id=0x02c8b19f (712<<16|45471) dynamic graphic=3382 abs=510,249 8x8 hidden=1 ownhide=0
                  [1] kind=graphic widget_type=5 trans=0 fill_mode=0 user_id=0x02c8b1a0 (712<<16|45472) dynamic graphic=3383 abs=593,249 8x8 hidden=1 ownhide=0
                  [2] kind=graphic widget_type=5 trans=0 fill_mode=0 user_id=0x02c8b1a1 (712<<16|45473) dynamic graphic=3384 abs=510,283 8x8 hidden=1 ownhide=0
                  [3] kind=graphic widget_type=5 trans=0 fill_mode=0 user_id=0x02c8b1a2 (712<<16|45474) dynamic graphic=3385 abs=593,283 8x8 hidden=1 ownhide=0
                  [4] kind=graphic widget_type=5 trans=0 fill_mode=0 user_id=0x02c8b1a3 (712<<16|45475) dynamic graphic=2835 abs=518,249 75x4 hidden=1 ownhide=0
                  [5] kind=graphic widget_type=5 trans=0 fill_mode=0 user_id=0x02c8b1a4 (712<<16|45476) dynamic graphic=2836 abs=518,287 75x4 hidden=1 ownhide=0
                  [6] kind=graphic widget_type=5 trans=0 fill_mode=0 user_id=0x02c8b1a5 (712<<16|45477) dynamic graphic=2837 abs=510,257 4x26 hidden=1 ownhide=0
                  [7] kind=graphic widget_type=5 trans=0 fill_mode=0 user_id=0x02c8b1a6 (712<<16|45478) dynamic graphic=2838 abs=597,257 4x26 hidden=1 ownhide=0
                  [8] kind=graphic widget_type=5 trans=0 fill_mode=0 user_id=0x02c8b1a7 (712<<16|45479) dynamic graphic=2839 abs=514,257 83x28 hidden=1 ownhide=0
                  [9] kind=graphic widget_type=5 trans=0 fill_mode=0 user_id=0x02c8b1a8 (712<<16|45480) dynamic graphic=2839 abs=518,253 75x34 hidden=1 ownhide=0
                  [10] kind=text widget_type=4 trans=0 fill_mode=0 user_id=0x02c8b1aa (712<<16|45482) dynamic font=494 color=0xff9933 text="Combat Level:" abs=515,255 82x40 hidden=1 ownhide=0
                  [11] kind=text widget_type=4 trans=0 fill_mode=0 user_id=0x02c8b1ab (712<<16|45483) dynamic font=494 color=0x0 text="<col=0dc10d>1</col>" abs=564,272 4x28 hidden=1 ownhide=0
                  [12] kind=graphic widget_type=5 trans=0 fill_mode=0 user_id=0x02c8b1ac (712<<16|45484) dynamic graphic=3386 abs=542,269 18x18 hidden=1 ownhide=0
                  [13] kind=graphic widget_type=5 trans=0 fill_mode=0 user_id=0x02c8b1ad (712<<16|45485) dynamic graphic=3382 abs=603,249 8x8 hidden=1 ownhide=0
                  [14] kind=graphic widget_type=5 trans=0 fill_mode=0 user_id=0x02c8b1ae (712<<16|45486) dynamic graphic=3383 abs=686,249 8x8 hidden=1 ownhide=0
                  [15] kind=graphic widget_type=5 trans=0 fill_mode=0 user_id=0x02c8b1af (712<<16|45487) dynamic graphic=3384 abs=603,283 8x8 hidden=1 ownhide=0
                  [16] kind=graphic widget_type=5 trans=0 fill_mode=0 user_id=0x02c8b1b0 (712<<16|45488) dynamic graphic=3385 abs=686,283 8x8 hidden=1 ownhide=0
                  [17] kind=graphic widget_type=5 trans=0 fill_mode=0 user_id=0x02c8b1b1 (712<<16|45489) dynamic graphic=2835 abs=611,249 75x4 hidden=1 ownhide=0
                  [18] kind=graphic widget_type=5 trans=0 fill_mode=0 user_id=0x02c8b1b2 (712<<16|45490) dynamic graphic=2836 abs=611,287 75x4 hidden=1 ownhide=0
                  [19] kind=graphic widget_type=5 trans=0 fill_mode=0 user_id=0x02c8b1b3 (712<<16|45491) dynamic graphic=2837 abs=603,257 4x26 hidden=1 ownhide=0
                  [20] kind=graphic widget_type=5 trans=0 fill_mode=0 user_id=0x02c8b1b4 (712<<16|45492) dynamic graphic=2838 abs=690,257 4x26 hidden=1 ownhide=0
                  [21] kind=graphic widget_type=5 trans=0 fill_mode=0 user_id=0x02c8b1b5 (712<<16|45493) dynamic graphic=2839 abs=607,257 83x28 hidden=1 ownhide=0
                  [22] kind=graphic widget_type=5 trans=0 fill_mode=0 user_id=0x02c8b1b6 (712<<16|45494) dynamic graphic=2839 abs=611,253 75x34 hidden=1 ownhide=0
                  [23] kind=text widget_type=4 trans=0 fill_mode=0 user_id=0x02c8b1b8 (712<<16|45496) dynamic font=494 color=0xff9933 text="Total Level:" abs=608,255 82x40 hidden=1 ownhide=0
                  [24] kind=text widget_type=4 trans=0 fill_mode=0 user_id=0x02c8b1b9 (712<<16|45497) dynamic font=494 color=0x0 text="<col=0dc10d>25</col>" abs=653,272 13x28 hidden=1 ownhide=0
                  [25] kind=graphic widget_type=5 trans=0 fill_mode=0 user_id=0x02c8b1ba (712<<16|45498) dynamic graphic=3387 abs=631,269 18x18 hidden=1 ownhide=0
                  [26] kind=graphic widget_type=5 trans=0 fill_mode=0 user_id=0x02c8b1bb (712<<16|45499) dynamic graphic=3382 abs=510,293 8x8 hidden=1 ownhide=0
                  [27] kind=graphic widget_type=5 trans=0 fill_mode=0 user_id=0x02c8b1bc (712<<16|45500) dynamic graphic=3383 abs=686,293 8x8 hidden=1 ownhide=0
                  [28] kind=graphic widget_type=5 trans=0 fill_mode=0 user_id=0x02c8b1bd (712<<16|45501) dynamic graphic=3384 abs=510,313 8x8 hidden=1 ownhide=0
                  [29] kind=graphic widget_type=5 trans=0 fill_mode=0 user_id=0x02c8b1be (712<<16|45502) dynamic graphic=3385 abs=686,313 8x8 hidden=1 ownhide=0
                  [30] kind=graphic widget_type=5 trans=0 fill_mode=0 user_id=0x02c8b1bf (712<<16|45503) dynamic graphic=2835 abs=518,293 168x4 hidden=1 ownhide=0
                  [31] kind=graphic widget_type=5 trans=0 fill_mode=0 user_id=0x02c8b1c0 (712<<16|45504) dynamic graphic=2836 abs=518,317 168x4 hidden=1 ownhide=0
                  [32] kind=graphic widget_type=5 trans=0 fill_mode=0 user_id=0x02c8b1c1 (712<<16|45505) dynamic graphic=2837 abs=510,301 4x12 hidden=1 ownhide=0
                  [33] kind=graphic widget_type=5 trans=0 fill_mode=0 user_id=0x02c8b1c2 (712<<16|45506) dynamic graphic=2838 abs=690,301 4x12 hidden=1 ownhide=0
                  [34] kind=graphic widget_type=5 trans=0 fill_mode=0 user_id=0x02c8b1c3 (712<<16|45507) dynamic graphic=2839 abs=514,301 176x14 hidden=1 ownhide=0
                  [35] kind=graphic widget_type=5 trans=0 fill_mode=0 user_id=0x02c8b1c4 (712<<16|45508) dynamic graphic=2839 abs=518,297 168x20 hidden=1 ownhide=0
                  [36] kind=text widget_type=4 trans=0 fill_mode=0 user_id=0x02c8b1c6 (712<<16|45510) dynamic font=494 color=0xff9933 text="Total XP: <col=0dc10d>0</col>" abs=586,295 184x26 hidden=1 ownhide=0
                  [37] kind=graphic widget_type=5 trans=0 fill_mode=0 user_id=0x02c8b1c7 (712<<16|45511) dynamic graphic=3388 abs=564,298 18x18 hidden=1 ownhide=0
                  [38] kind=graphic widget_type=5 trans=0 fill_mode=0 user_id=0x02c8b1c8 (712<<16|45512) dynamic graphic=3382 abs=510,323 8x8 hidden=1 ownhide=0
                  [39] kind=graphic widget_type=5 trans=0 fill_mode=0 user_id=0x02c8b1c9 (712<<16|45513) dynamic graphic=3383 abs=593,323 8x8 hidden=1 ownhide=0
                  [40] kind=graphic widget_type=5 trans=0 fill_mode=0 user_id=0x02c8b1ca (712<<16|45514) dynamic graphic=3384 abs=510,369 8x8 hidden=1 ownhide=0
                  [41] kind=graphic widget_type=5 trans=0 fill_mode=0 user_id=0x02c8b1cb (712<<16|45515) dynamic graphic=3385 abs=593,369 8x8 hidden=1 ownhide=0
                  [42] kind=graphic widget_type=5 trans=0 fill_mode=0 user_id=0x02c8b1cc (712<<16|45516) dynamic graphic=2835 abs=518,323 75x4 hidden=1 ownhide=0
                  [43] kind=graphic widget_type=5 trans=0 fill_mode=0 user_id=0x02c8b1cd (712<<16|45517) dynamic graphic=2836 abs=518,373 75x4 hidden=1 ownhide=0
                  [44] kind=graphic widget_type=5 trans=0 fill_mode=0 user_id=0x02c8b1ce (712<<16|45518) dynamic graphic=2837 abs=510,331 4x38 hidden=1 ownhide=0
                  [45] kind=graphic widget_type=5 trans=0 fill_mode=0 user_id=0x02c8b1cf (712<<16|45519) dynamic graphic=2838 abs=597,331 4x38 hidden=1 ownhide=0
                  [46] kind=graphic widget_type=5 trans=0 fill_mode=0 user_id=0x02c8b1d0 (712<<16|45520) dynamic graphic=2839 abs=514,331 83x40 hidden=1 ownhide=0
                  [47] kind=graphic widget_type=5 trans=0 fill_mode=0 user_id=0x02c8b1d1 (712<<16|45521) dynamic graphic=2839 abs=518,327 75x46 hidden=1 ownhide=0
                  [48] kind=text widget_type=4 trans=0 fill_mode=0 user_id=0x02c8b1d3 (712<<16|45523) dynamic font=494 color=0xff9933 text="Quests Completed:" abs=515,329 82x52 hidden=1 ownhide=0
                  [49] kind=text widget_type=4 trans=0 fill_mode=0 user_id=0x02c8b1d4 (712<<16|45524) dynamic font=494 color=0x0 text="<col=0dc10d>0/0</col>" abs=557,358 18x28 hidden=1 ownhide=0
                  [50] kind=graphic widget_type=5 trans=0 fill_mode=0 user_id=0x02c8b1d5 (712<<16|45525) dynamic graphic=835 abs=535,355 18x18 hidden=1 ownhide=0
                  [51] kind=graphic widget_type=5 trans=0 fill_mode=0 user_id=0x02c8b1d6 (712<<16|45526) dynamic graphic=3382 abs=603,323 8x8 hidden=1 ownhide=0
                  [52] kind=graphic widget_type=5 trans=0 fill_mode=0 user_id=0x02c8b1d7 (712<<16|45527) dynamic graphic=3383 abs=686,323 8x8 hidden=1 ownhide=0
                  [53] kind=graphic widget_type=5 trans=0 fill_mode=0 user_id=0x02c8b1d8 (712<<16|45528) dynamic graphic=3384 abs=603,369 8x8 hidden=1 ownhide=0
                  [54] kind=graphic widget_type=5 trans=0 fill_mode=0 user_id=0x02c8b1d9 (712<<16|45529) dynamic graphic=3385 abs=686,369 8x8 hidden=1 ownhide=0
                  [55] kind=graphic widget_type=5 trans=0 fill_mode=0 user_id=0x02c8b1da (712<<16|45530) dynamic graphic=2835 abs=611,323 75x4 hidden=1 ownhide=0
                  [56] kind=graphic widget_type=5 trans=0 fill_mode=0 user_id=0x02c8b1db (712<<16|45531) dynamic graphic=2836 abs=611,373 75x4 hidden=1 ownhide=0
                  [57] kind=graphic widget_type=5 trans=0 fill_mode=0 user_id=0x02c8b1dc (712<<16|45532) dynamic graphic=2837 abs=603,331 4x38 hidden=1 ownhide=0
                  [58] kind=graphic widget_type=5 trans=0 fill_mode=0 user_id=0x02c8b1dd (712<<16|45533) dynamic graphic=2838 abs=690,331 4x38 hidden=1 ownhide=0
                  [59] kind=graphic widget_type=5 trans=0 fill_mode=0 user_id=0x02c8b1de (712<<16|45534) dynamic graphic=2839 abs=607,331 83x40 hidden=1 ownhide=0
                  [60] kind=graphic widget_type=5 trans=0 fill_mode=0 user_id=0x02c8b1df (712<<16|45535) dynamic graphic=2839 abs=611,327 75x46 hidden=1 ownhide=0
                  [61] kind=text widget_type=4 trans=0 fill_mode=0 user_id=0x02c8b1e1 (712<<16|45537) dynamic font=494 color=0xff9933 text="Achievements Completed:" abs=608,329 82x52 hidden=1 ownhide=0
                  [62] kind=text widget_type=4 trans=0 fill_mode=0 user_id=0x02c8b1e2 (712<<16|45538) dynamic font=494 color=0x0 text="<col=0dc10d>0/492</col>" abs=644,358 30x28 hidden=1 ownhide=0
                  [63] kind=graphic widget_type=5 trans=0 fill_mode=0 user_id=0x02c8b1e3 (712<<16|45539) dynamic graphic=836 abs=622,355 18x18 hidden=1 ownhide=0
                  [64] kind=graphic widget_type=5 trans=0 fill_mode=0 user_id=0x02c8b1e4 (712<<16|45540) dynamic graphic=3382 abs=510,379 8x8 hidden=1 ownhide=0
                  [65] kind=graphic widget_type=5 trans=0 fill_mode=0 user_id=0x02c8b1e5 (712<<16|45541) dynamic graphic=3383 abs=593,379 8x8 hidden=1 ownhide=0
                  [66] kind=graphic widget_type=5 trans=0 fill_mode=0 user_id=0x02c8b1e6 (712<<16|45542) dynamic graphic=3384 abs=510,425 8x8 hidden=1 ownhide=0
                  [67] kind=graphic widget_type=5 trans=0 fill_mode=0 user_id=0x02c8b1e7 (712<<16|45543) dynamic graphic=3385 abs=593,425 8x8 hidden=1 ownhide=0
                  [68] kind=graphic widget_type=5 trans=0 fill_mode=0 user_id=0x02c8b1e8 (712<<16|45544) dynamic graphic=2835 abs=518,379 75x4 hidden=1 ownhide=0
                  [69] kind=graphic widget_type=5 trans=0 fill_mode=0 user_id=0x02c8b1e9 (712<<16|45545) dynamic graphic=2836 abs=518,429 75x4 hidden=1 ownhide=0
                  [70] kind=graphic widget_type=5 trans=0 fill_mode=0 user_id=0x02c8b1ea (712<<16|45546) dynamic graphic=2837 abs=510,387 4x38 hidden=1 ownhide=0
                  [71] kind=graphic widget_type=5 trans=0 fill_mode=0 user_id=0x02c8b1eb (712<<16|45547) dynamic graphic=2838 abs=597,387 4x38 hidden=1 ownhide=0
                  [72] kind=graphic widget_type=5 trans=0 fill_mode=0 user_id=0x02c8b1ec (712<<16|45548) dynamic graphic=2839 abs=514,387 83x40 hidden=1 ownhide=0
                  [73] kind=graphic widget_type=5 trans=0 fill_mode=0 user_id=0x02c8b1ed (712<<16|45549) dynamic graphic=2839 abs=518,383 75x46 hidden=1 ownhide=0
                  [74] kind=text widget_type=4 trans=0 fill_mode=0 user_id=0x02c8b1ef (712<<16|45551) dynamic font=494 color=0xff9933 text="Combat Tasks Completed:" abs=515,385 82x52 hidden=1 ownhide=0
                  [75] kind=text widget_type=4 trans=0 fill_mode=0 user_id=0x02c8b1f0 (712<<16|45552) dynamic font=494 color=0x0 text="<col=0dc10d>0/646</col>" abs=551,414 30x28 hidden=1 ownhide=0
                  [76] kind=graphic widget_type=5 trans=0 fill_mode=0 user_id=0x02c8b1f1 (712<<16|45553) dynamic graphic=3389 abs=529,411 18x18 hidden=1 ownhide=0
                  [77] kind=graphic widget_type=5 trans=0 fill_mode=0 user_id=0x02c8b1f2 (712<<16|45554) dynamic graphic=3382 abs=603,379 8x8 hidden=1 ownhide=0
                  [78] kind=graphic widget_type=5 trans=0 fill_mode=0 user_id=0x02c8b1f3 (712<<16|45555) dynamic graphic=3383 abs=686,379 8x8 hidden=1 ownhide=0
                  [79] kind=graphic widget_type=5 trans=0 fill_mode=0 user_id=0x02c8b1f4 (712<<16|45556) dynamic graphic=3384 abs=603,425 8x8 hidden=1 ownhide=0
                  [80] kind=graphic widget_type=5 trans=0 fill_mode=0 user_id=0x02c8b1f5 (712<<16|45557) dynamic graphic=3385 abs=686,425 8x8 hidden=1 ownhide=0
                  [81] kind=graphic widget_type=5 trans=0 fill_mode=0 user_id=0x02c8b1f6 (712<<16|45558) dynamic graphic=2835 abs=611,379 75x4 hidden=1 ownhide=0
                  [82] kind=graphic widget_type=5 trans=0 fill_mode=0 user_id=0x02c8b1f7 (712<<16|45559) dynamic graphic=2836 abs=611,429 75x4 hidden=1 ownhide=0
                  [83] kind=graphic widget_type=5 trans=0 fill_mode=0 user_id=0x02c8b1f8 (712<<16|45560) dynamic graphic=2837 abs=603,387 4x38 hidden=1 ownhide=0
                  [84] kind=graphic widget_type=5 trans=0 fill_mode=0 user_id=0x02c8b1f9 (712<<16|45561) dynamic graphic=2838 abs=690,387 4x38 hidden=1 ownhide=0
                  [85] kind=graphic widget_type=5 trans=0 fill_mode=0 user_id=0x02c8b1fa (712<<16|45562) dynamic graphic=2839 abs=607,387 83x40 hidden=1 ownhide=0
                  [86] kind=graphic widget_type=5 trans=0 fill_mode=0 user_id=0x02c8b1fb (712<<16|45563) dynamic graphic=2839 abs=611,383 75x46 hidden=1 ownhide=0
                  [87] kind=text widget_type=4 trans=0 fill_mode=0 user_id=0x02c8b1fd (712<<16|45565) dynamic font=494 color=0xff9933 text="Collections Logged:" abs=608,385 82x52 hidden=1 ownhide=0
                  [88] kind=text widget_type=4 trans=0 fill_mode=0 user_id=0x02c8b1fe (712<<16|45566) dynamic font=494 color=0x0 text="<col=0dc10d>0/0</col>" abs=650,414 18x28 hidden=1 ownhide=0
                  [89] kind=graphic widget_type=5 trans=0 fill_mode=0 user_id=0x02c8b1ff (712<<16|45567) dynamic graphic=3390 abs=628,411 18x18 hidden=1 ownhide=0
                  [90] kind=graphic widget_type=5 trans=0 fill_mode=0 user_id=0x02c8b200 (712<<16|45568) dynamic graphic=3382 abs=510,435 8x8 hidden=1 ownhide=0
                  [91] kind=graphic widget_type=5 trans=0 fill_mode=0 user_id=0x02c8b201 (712<<16|45569) dynamic graphic=3383 abs=686,435 8x8 hidden=1 ownhide=0
                  [92] kind=graphic widget_type=5 trans=0 fill_mode=0 user_id=0x02c8b202 (712<<16|45570) dynamic graphic=3384 abs=510,453 8x8 hidden=1 ownhide=0
                  [93] kind=graphic widget_type=5 trans=0 fill_mode=0 user_id=0x02c8b203 (712<<16|45571) dynamic graphic=3385 abs=686,453 8x8 hidden=1 ownhide=0
                  [94] kind=graphic widget_type=5 trans=0 fill_mode=0 user_id=0x02c8b204 (712<<16|45572) dynamic graphic=2835 abs=518,435 168x4 hidden=1 ownhide=0
                  [95] kind=graphic widget_type=5 trans=0 fill_mode=0 user_id=0x02c8b205 (712<<16|45573) dynamic graphic=2836 abs=518,457 168x4 hidden=1 ownhide=0
                  [96] kind=graphic widget_type=5 trans=0 fill_mode=0 user_id=0x02c8b206 (712<<16|45574) dynamic graphic=2837 abs=510,443 4x10 hidden=1 ownhide=0
                  [97] kind=graphic widget_type=5 trans=0 fill_mode=0 user_id=0x02c8b207 (712<<16|45575) dynamic graphic=2838 abs=690,443 4x10 hidden=1 ownhide=0
                  [98] kind=graphic widget_type=5 trans=0 fill_mode=0 user_id=0x02c8b208 (712<<16|45576) dynamic graphic=2839 abs=514,443 176x12 hidden=1 ownhide=0
                  [99] kind=graphic widget_type=5 trans=0 fill_mode=0 user_id=0x02c8b209 (712<<16|45577) dynamic graphic=2839 abs=518,439 168x18 hidden=1 ownhide=0
                  [100] kind=text widget_type=4 trans=0 fill_mode=0 user_id=0x02c8b20b (712<<16|45579) dynamic font=494 color=0xff9933 text="Time Played: Click to reveal." abs=510,436 184x24 hidden=1 ownhide=0
                [3] kind=layer widget_type=0 trans=0 fill_mode=0 user_id=0x02c80003 (712<<16|3) static
                  [0] kind=rectangle widget_type=3 trans=255 fill_mode=0 user_id=0x02c8b1a9 (712<<16|45481) dynamic abs=510,249 91x40 hidden=1 ownhide=0
                  [1] kind=rectangle widget_type=3 trans=255 fill_mode=0 user_id=0x02c8b1b7 (712<<16|45495) dynamic abs=603,249 91x40 hidden=1 ownhide=0
                  [2] kind=rectangle widget_type=3 trans=255 fill_mode=0 user_id=0x02c8b1c5 (712<<16|45509) dynamic abs=510,293 184x26 hidden=1 ownhide=0
                  [3] kind=rectangle widget_type=3 trans=255 fill_mode=0 user_id=0x02c8b1d2 (712<<16|45522) dynamic abs=510,323 91x52 hidden=1 ownhide=0
                  [4] kind=rectangle widget_type=3 trans=255 fill_mode=0 user_id=0x02c8b1e0 (712<<16|45536) dynamic abs=603,323 91x52 hidden=1 ownhide=0
                  [5] kind=rectangle widget_type=3 trans=255 fill_mode=0 user_id=0x02c8b1ee (712<<16|45550) dynamic abs=510,379 91x52 hidden=1 ownhide=0
                  [6] kind=rectangle widget_type=3 trans=255 fill_mode=0 user_id=0x02c8b1fc (712<<16|45564) dynamic abs=603,379 91x52 hidden=1 ownhide=0
                  [7] kind=rectangle widget_type=3 trans=255 fill_mode=0 user_id=0x02c8b20a (712<<16|45578) dynamic abs=510,435 184x24 hidden=1 ownhide=0
        [79] kind=layer widget_type=0 trans=0 fill_mode=0 user_id=0x00a1004f (161<<16|79) static
          [0] kind=layer widget_type=0 trans=0 fill_mode=0 user_id=0x00950000 (149<<16|0) static
            [0] kind=graphic widget_type=5 trans=255 fill_mode=0 user_id=0x0095abcf (149<<16|43983) dynamic graphic=-1 abs=523,213 36x32 hidden=1 ownhide=1
            [1] kind=graphic widget_type=5 trans=0 fill_mode=0 user_id=0x0095abd0 (149<<16|43984) dynamic graphic=-1 abs=565,213 36x32 hidden=1 ownhide=0
            [2] kind=graphic widget_type=5 trans=0 fill_mode=0 user_id=0x0095abd1 (149<<16|43985) dynamic graphic=-1 abs=607,213 36x32 hidden=1 ownhide=0
            [3] kind=graphic widget_type=5 trans=0 fill_mode=0 user_id=0x0095abd2 (149<<16|43986) dynamic graphic=-1 abs=649,213 36x32 hidden=1 ownhide=0
            [4] kind=graphic widget_type=5 trans=255 fill_mode=0 user_id=0x0095abd3 (149<<16|43987) dynamic graphic=-1 abs=523,249 36x32 hidden=1 ownhide=1
            [5] kind=graphic widget_type=5 trans=0 fill_mode=0 user_id=0x0095abd4 (149<<16|43988) dynamic graphic=-1 abs=565,249 36x32 hidden=1 ownhide=0
            [6] kind=graphic widget_type=5 trans=0 fill_mode=0 user_id=0x0095abd5 (149<<16|43989) dynamic graphic=-1 abs=607,249 36x32 hidden=1 ownhide=0
            [7] kind=graphic widget_type=5 trans=0 fill_mode=0 user_id=0x0095abd6 (149<<16|43990) dynamic graphic=-1 abs=649,249 36x32 hidden=1 ownhide=0
            [8] kind=graphic widget_type=5 trans=0 fill_mode=0 user_id=0x0095abd7 (149<<16|43991) dynamic graphic=-1 abs=523,285 36x32 hidden=1 ownhide=0
            [9] kind=graphic widget_type=5 trans=0 fill_mode=0 user_id=0x0095abd8 (149<<16|43992) dynamic graphic=-1 abs=565,285 36x32 hidden=1 ownhide=0
            [10] kind=graphic widget_type=5 trans=0 fill_mode=0 user_id=0x0095abd9 (149<<16|43993) dynamic graphic=-1 abs=607,285 36x32 hidden=1 ownhide=0
            [11] kind=graphic widget_type=5 trans=0 fill_mode=0 user_id=0x0095abda (149<<16|43994) dynamic graphic=-1 abs=649,285 36x32 hidden=1 ownhide=0
            [12] kind=graphic widget_type=5 trans=0 fill_mode=0 user_id=0x0095abdb (149<<16|43995) dynamic graphic=-1 abs=523,321 36x32 hidden=1 ownhide=0
            [13] kind=graphic widget_type=5 trans=0 fill_mode=0 user_id=0x0095abdc (149<<16|43996) dynamic graphic=-1 abs=565,321 36x32 hidden=1 ownhide=0
            [14] kind=graphic widget_type=5 trans=0 fill_mode=0 user_id=0x0095abdd (149<<16|43997) dynamic graphic=-1 abs=607,321 36x32 hidden=1 ownhide=0
            [15] kind=graphic widget_type=5 trans=255 fill_mode=0 user_id=0x0095abde (149<<16|43998) dynamic graphic=-1 abs=649,321 36x32 hidden=1 ownhide=1
            [16] kind=graphic widget_type=5 trans=255 fill_mode=0 user_id=0x0095abdf (149<<16|43999) dynamic graphic=-1 abs=523,357 36x32 hidden=1 ownhide=1
            [17] kind=graphic widget_type=5 trans=255 fill_mode=0 user_id=0x0095abe0 (149<<16|44000) dynamic graphic=-1 abs=565,357 36x32 hidden=1 ownhide=1
            [18] kind=graphic widget_type=5 trans=255 fill_mode=0 user_id=0x0095abe1 (149<<16|44001) dynamic graphic=-1 abs=607,357 36x32 hidden=1 ownhide=1
            [19] kind=graphic widget_type=5 trans=255 fill_mode=0 user_id=0x0095abe2 (149<<16|44002) dynamic graphic=-1 abs=649,357 36x32 hidden=1 ownhide=1
            [20] kind=graphic widget_type=5 trans=255 fill_mode=0 user_id=0x0095abe3 (149<<16|44003) dynamic graphic=-1 abs=523,393 36x32 hidden=1 ownhide=1
            [21] kind=graphic widget_type=5 trans=255 fill_mode=0 user_id=0x0095abe4 (149<<16|44004) dynamic graphic=-1 abs=565,393 36x32 hidden=1 ownhide=1
            [22] kind=graphic widget_type=5 trans=255 fill_mode=0 user_id=0x0095abe5 (149<<16|44005) dynamic graphic=-1 abs=607,393 36x32 hidden=1 ownhide=1
            [23] kind=graphic widget_type=5 trans=255 fill_mode=0 user_id=0x0095abe6 (149<<16|44006) dynamic graphic=-1 abs=649,393 36x32 hidden=1 ownhide=1
            [24] kind=graphic widget_type=5 trans=255 fill_mode=0 user_id=0x0095abe7 (149<<16|44007) dynamic graphic=-1 abs=523,429 36x32 hidden=1 ownhide=1
            [25] kind=graphic widget_type=5 trans=255 fill_mode=0 user_id=0x0095abe8 (149<<16|44008) dynamic graphic=-1 abs=565,429 36x32 hidden=1 ownhide=1
            [26] kind=graphic widget_type=5 trans=255 fill_mode=0 user_id=0x0095abe9 (149<<16|44009) dynamic graphic=-1 abs=607,429 36x32 hidden=1 ownhide=1
            [27] kind=graphic widget_type=5 trans=255 fill_mode=0 user_id=0x0095abea (149<<16|44010) dynamic graphic=-1 abs=649,429 36x32 hidden=1 ownhide=1
        [80] kind=layer widget_type=0 trans=0 fill_mode=0 user_id=0x00a10050 (161<<16|80) static
          [0] kind=layer widget_type=0 trans=0 fill_mode=0 user_id=0x01830000 (387<<16|0) static
            [0] kind=layer widget_type=0 trans=0 fill_mode=0 user_id=0x03c90000 (969<<16|0) static
              [1] kind=text widget_type=4 trans=0 fill_mode=0 user_id=0x03c90001 (969<<16|1) static font=496 color=0xff981f text="Spirit terrorbird" abs=507,213 190x18 hidden=1 ownhide=0
              [2] kind=model widget_type=6 trans=0 fill_mode=0 user_id=0x03c90002 (969<<16|2) static abs=539,235 126x96 hidden=1 ownhide=0
              [3] kind=text widget_type=4 trans=0 fill_mode=0 user_id=0x03c90003 (969<<16|3) static font=494 color=0xff981f text="Summoning points: 46/52" abs=507,331 190x18 hidden=1 ownhide=0
              [4] kind=layer widget_type=0 trans=0 fill_mode=0 user_id=0x03c90004 (969<<16|4) static
                [0] kind=graphic widget_type=5 trans=0 fill_mode=0 user_id=0x03c9b932 (969<<16|47410) dynamic graphic=1040 abs=533,351 138x26 hidden=1 ownhide=0
                [1] kind=graphic widget_type=5 trans=0 fill_mode=0 user_id=0x03c9b933 (969<<16|47411) dynamic graphic=929 abs=532,350 9x9 hidden=1 ownhide=0
                [2] kind=graphic widget_type=5 trans=0 fill_mode=0 user_id=0x03c9b934 (969<<16|47412) dynamic graphic=930 abs=663,350 9x9 hidden=1 ownhide=0
                [3] kind=graphic widget_type=5 trans=0 fill_mode=0 user_id=0x03c9b935 (969<<16|47413) dynamic graphic=931 abs=532,369 9x9 hidden=1 ownhide=0
                [4] kind=graphic widget_type=5 trans=0 fill_mode=0 user_id=0x03c9b936 (969<<16|47414) dynamic graphic=932 abs=663,369 9x9 hidden=1 ownhide=0
                [5] kind=graphic widget_type=5 trans=0 fill_mode=0 user_id=0x03c9b937 (969<<16|47415) dynamic graphic=933 abs=532,359 9x10 hidden=1 ownhide=0
                [6] kind=graphic widget_type=5 trans=0 fill_mode=0 user_id=0x03c9b938 (969<<16|47416) dynamic graphic=934 abs=541,350 122x9 hidden=1 ownhide=0
                [7] kind=graphic widget_type=5 trans=0 fill_mode=0 user_id=0x03c9b939 (969<<16|47417) dynamic graphic=935 abs=663,359 9x10 hidden=1 ownhide=0
                [8] kind=graphic widget_type=5 trans=0 fill_mode=0 user_id=0x03c9b93a (969<<16|47418) dynamic graphic=936 abs=541,369 122x9 hidden=1 ownhide=0
              [5] kind=text widget_type=4 trans=0 fill_mode=0 user_id=0x03c90005 (969<<16|5) static font=496 color=0xff981f text="Call familiar" abs=532,350 140x28 hidden=1 ownhide=0
              [6] kind=layer widget_type=0 trans=0 fill_mode=0 user_id=0x03c90006 (969<<16|6) static
                [0] kind=graphic widget_type=5 trans=0 fill_mode=0 user_id=0x03c9b93b (969<<16|47419) dynamic graphic=1040 abs=533,383 138x26 hidden=1 ownhide=0
                [1] kind=graphic widget_type=5 trans=0 fill_mode=0 user_id=0x03c9b93c (969<<16|47420) dynamic graphic=929 abs=532,382 9x9 hidden=1 ownhide=0
                [2] kind=graphic widget_type=5 trans=0 fill_mode=0 user_id=0x03c9b93d (969<<16|47421) dynamic graphic=930 abs=663,382 9x9 hidden=1 ownhide=0
                [3] kind=graphic widget_type=5 trans=0 fill_mode=0 user_id=0x03c9b93e (969<<16|47422) dynamic graphic=931 abs=532,401 9x9 hidden=1 ownhide=0
                [4] kind=graphic widget_type=5 trans=0 fill_mode=0 user_id=0x03c9b93f (969<<16|47423) dynamic graphic=932 abs=663,401 9x9 hidden=1 ownhide=0
                [5] kind=graphic widget_type=5 trans=0 fill_mode=0 user_id=0x03c9b940 (969<<16|47424) dynamic graphic=933 abs=532,391 9x10 hidden=1 ownhide=0
                [6] kind=graphic widget_type=5 trans=0 fill_mode=0 user_id=0x03c9b941 (969<<16|47425) dynamic graphic=934 abs=541,382 122x9 hidden=1 ownhide=0
                [7] kind=graphic widget_type=5 trans=0 fill_mode=0 user_id=0x03c9b942 (969<<16|47426) dynamic graphic=935 abs=663,391 9x10 hidden=1 ownhide=0
                [8] kind=graphic widget_type=5 trans=0 fill_mode=0 user_id=0x03c9b943 (969<<16|47427) dynamic graphic=936 abs=541,401 122x9 hidden=1 ownhide=0
              [7] kind=text widget_type=4 trans=0 fill_mode=0 user_id=0x03c90007 (969<<16|7) static font=496 color=0xff981f text="Dismiss familiar" abs=532,382 140x28 hidden=1 ownhide=0
              [8] kind=layer widget_type=0 trans=0 fill_mode=0 user_id=0x03c90008 (969<<16|8) static
                [0] kind=rectangle widget_type=3 trans=200 fill_mode=0 user_id=0x03c9b944 (969<<16|47428) dynamic abs=663,210 29x29 hidden=1 ownhide=0
                [1] kind=graphic widget_type=5 trans=0 fill_mode=0 user_id=0x03c9b945 (969<<16|47429) dynamic graphic=921 abs=662,209 9x9 hidden=1 ownhide=0
                [2] kind=graphic widget_type=5 trans=0 fill_mode=0 user_id=0x03c9b946 (969<<16|47430) dynamic graphic=922 abs=684,209 9x9 hidden=1 ownhide=0
                [3] kind=graphic widget_type=5 trans=0 fill_mode=0 user_id=0x03c9b947 (969<<16|47431) dynamic graphic=923 abs=662,231 9x9 hidden=1 ownhide=0
                [4] kind=graphic widget_type=5 trans=0 fill_mode=0 user_id=0x03c9b948 (969<<16|47432) dynamic graphic=924 abs=684,231 9x9 hidden=1 ownhide=0
                [5] kind=graphic widget_type=5 trans=0 fill_mode=0 user_id=0x03c9b949 (969<<16|47433) dynamic graphic=925 abs=662,218 9x13 hidden=1 ownhide=0
                [6] kind=graphic widget_type=5 trans=0 fill_mode=0 user_id=0x03c9b94a (969<<16|47434) dynamic graphic=926 abs=671,209 13x9 hidden=1 ownhide=0
                [7] kind=graphic widget_type=5 trans=0 fill_mode=0 user_id=0x03c9b94b (969<<16|47435) dynamic graphic=927 abs=684,218 9x13 hidden=1 ownhide=0
                [8] kind=graphic widget_type=5 trans=0 fill_mode=0 user_id=0x03c9b94c (969<<16|47436) dynamic graphic=928 abs=671,231 13x9 hidden=1 ownhide=0
              [9] kind=graphic widget_type=5 trans=0 fill_mode=0 user_id=0x03c90009 (969<<16|9) static graphic=675 abs=666,213 23x23 hidden=1 ownhide=0
            [1] kind=layer widget_type=0 trans=0 fill_mode=0 user_id=0x01830001 (387<<16|1) static
              [0] kind=graphic widget_type=5 trans=0 fill_mode=0 user_id=0x0183abeb (387<<16|44011) dynamic graphic=913 abs=514,413 9x9 hidden=0 ownhide=0
              [1] kind=graphic widget_type=5 trans=0 fill_mode=0 user_id=0x0183abec (387<<16|44012) dynamic graphic=914 abs=545,413 9x9 hidden=0 ownhide=0
              [2] kind=graphic widget_type=5 trans=0 fill_mode=0 user_id=0x0183abed (387<<16|44013) dynamic graphic=915 abs=514,444 9x9 hidden=0 ownhide=0
              [3] kind=graphic widget_type=5 trans=0 fill_mode=0 user_id=0x0183abee (387<<16|44014) dynamic graphic=916 abs=545,444 9x9 hidden=0 ownhide=0
              [4] kind=graphic widget_type=5 trans=0 fill_mode=0 user_id=0x0183abef (387<<16|44015) dynamic graphic=917 abs=514,422 9x22 hidden=0 ownhide=0
              [5] kind=graphic widget_type=5 trans=0 fill_mode=0 user_id=0x0183abf0 (387<<16|44016) dynamic graphic=918 abs=523,413 22x9 hidden=0 ownhide=0
              [6] kind=graphic widget_type=5 trans=0 fill_mode=0 user_id=0x0183abf1 (387<<16|44017) dynamic graphic=919 abs=545,422 9x22 hidden=0 ownhide=0
              [7] kind=graphic widget_type=5 trans=0 fill_mode=0 user_id=0x0183abf2 (387<<16|44018) dynamic graphic=920 abs=523,444 22x9 hidden=0 ownhide=0
            [3] kind=layer widget_type=0 trans=0 fill_mode=0 user_id=0x01830003 (387<<16|3) static
              [0] kind=graphic widget_type=5 trans=0 fill_mode=0 user_id=0x0183abf3 (387<<16|44019) dynamic graphic=913 abs=559,413 9x9 hidden=0 ownhide=0
              [1] kind=graphic widget_type=5 trans=0 fill_mode=0 user_id=0x0183abf4 (387<<16|44020) dynamic graphic=914 abs=590,413 9x9 hidden=0 ownhide=0
              [2] kind=graphic widget_type=5 trans=0 fill_mode=0 user_id=0x0183abf5 (387<<16|44021) dynamic graphic=915 abs=559,444 9x9 hidden=0 ownhide=0
              [3] kind=graphic widget_type=5 trans=0 fill_mode=0 user_id=0x0183abf6 (387<<16|44022) dynamic graphic=916 abs=590,444 9x9 hidden=0 ownhide=0
              [4] kind=graphic widget_type=5 trans=0 fill_mode=0 user_id=0x0183abf7 (387<<16|44023) dynamic graphic=917 abs=559,422 9x22 hidden=0 ownhide=0
              [5] kind=graphic widget_type=5 trans=0 fill_mode=0 user_id=0x0183abf8 (387<<16|44024) dynamic graphic=918 abs=568,413 22x9 hidden=0 ownhide=0
              [6] kind=graphic widget_type=5 trans=0 fill_mode=0 user_id=0x0183abf9 (387<<16|44025) dynamic graphic=919 abs=590,422 9x22 hidden=0 ownhide=0
              [7] kind=graphic widget_type=5 trans=0 fill_mode=0 user_id=0x0183abfa (387<<16|44026) dynamic graphic=920 abs=568,444 22x9 hidden=0 ownhide=0
            [5] kind=layer widget_type=0 trans=0 fill_mode=0 user_id=0x01830005 (387<<16|5) static
              [0] kind=graphic widget_type=5 trans=0 fill_mode=0 user_id=0x0183abfb (387<<16|44027) dynamic graphic=913 abs=604,413 9x9 hidden=0 ownhide=0
              [1] kind=graphic widget_type=5 trans=0 fill_mode=0 user_id=0x0183abfc (387<<16|44028) dynamic graphic=914 abs=635,413 9x9 hidden=0 ownhide=0
              [2] kind=graphic widget_type=5 trans=0 fill_mode=0 user_id=0x0183abfd (387<<16|44029) dynamic graphic=915 abs=604,444 9x9 hidden=0 ownhide=0
              [3] kind=graphic widget_type=5 trans=0 fill_mode=0 user_id=0x0183abfe (387<<16|44030) dynamic graphic=916 abs=635,444 9x9 hidden=0 ownhide=0
              [4] kind=graphic widget_type=5 trans=0 fill_mode=0 user_id=0x0183abff (387<<16|44031) dynamic graphic=917 abs=604,422 9x22 hidden=0 ownhide=0
              [5] kind=graphic widget_type=5 trans=0 fill_mode=0 user_id=0x0183ac00 (387<<16|44032) dynamic graphic=918 abs=613,413 22x9 hidden=0 ownhide=0
              [6] kind=graphic widget_type=5 trans=0 fill_mode=0 user_id=0x0183ac01 (387<<16|44033) dynamic graphic=919 abs=635,422 9x22 hidden=0 ownhide=0
              [7] kind=graphic widget_type=5 trans=0 fill_mode=0 user_id=0x0183ac02 (387<<16|44034) dynamic graphic=920 abs=613,444 22x9 hidden=0 ownhide=0
            [7] kind=layer widget_type=0 trans=0 fill_mode=0 user_id=0x01830007 (387<<16|7) static
              [0] kind=graphic widget_type=5 trans=0 fill_mode=0 user_id=0x0183ac03 (387<<16|44035) dynamic graphic=913 abs=662,209 9x9 hidden=0 ownhide=0
              [1] kind=graphic widget_type=5 trans=0 fill_mode=0 user_id=0x0183ac04 (387<<16|44036) dynamic graphic=914 abs=693,209 9x9 hidden=0 ownhide=0
              [2] kind=graphic widget_type=5 trans=0 fill_mode=0 user_id=0x0183ac05 (387<<16|44037) dynamic graphic=915 abs=662,240 9x9 hidden=0 ownhide=0
              [3] kind=graphic widget_type=5 trans=0 fill_mode=0 user_id=0x0183ac06 (387<<16|44038) dynamic graphic=916 abs=693,240 9x9 hidden=0 ownhide=0
              [4] kind=graphic widget_type=5 trans=0 fill_mode=0 user_id=0x0183ac07 (387<<16|44039) dynamic graphic=917 abs=662,218 9x22 hidden=0 ownhide=0
              [5] kind=graphic widget_type=5 trans=0 fill_mode=0 user_id=0x0183ac08 (387<<16|44040) dynamic graphic=918 abs=671,209 22x9 hidden=0 ownhide=0
              [6] kind=graphic widget_type=5 trans=0 fill_mode=0 user_id=0x0183ac09 (387<<16|44041) dynamic graphic=919 abs=693,218 9x22 hidden=0 ownhide=0
              [7] kind=graphic widget_type=5 trans=0 fill_mode=0 user_id=0x0183ac0a (387<<16|44042) dynamic graphic=920 abs=671,240 22x9 hidden=0 ownhide=0
            [9] kind=graphic widget_type=5 trans=0 fill_mode=0 user_id=0x01830009 (387<<16|9) static graphic=172 abs=584,244 36x124 hidden=0 ownhide=0
            [10] kind=graphic widget_type=5 trans=0 fill_mode=0 user_id=0x0183000a (387<<16|10) static graphic=172 abs=528,323 36x45 hidden=0 ownhide=0
            [11] kind=graphic widget_type=5 trans=0 fill_mode=0 user_id=0x0183000b (387<<16|11) static graphic=172 abs=640,323 36x45 hidden=0 ownhide=0
            [12] kind=graphic widget_type=5 trans=0 fill_mode=0 user_id=0x0183000c (387<<16|12) static graphic=173 abs=563,286 78x36 hidden=0 ownhide=0
            [13] kind=graphic widget_type=5 trans=0 fill_mode=0 user_id=0x0183000d (387<<16|13) static graphic=173 abs=578,247 48x36 hidden=0 ownhide=0
            [14] kind=graphic widget_type=5 trans=0 fill_mode=0 user_id=0x0183000e (387<<16|14) static graphic=172 abs=625,224 36x45 hidden=1 ownhide=1
            [15] kind=layer widget_type=0 trans=0 fill_mode=0 user_id=0x0183000f (387<<16|15) static
              [0] kind=graphic widget_type=5 trans=0 fill_mode=0 user_id=0x0183ac29 (387<<16|44073) dynamic graphic=170 abs=584,209 36x36 hidden=0 ownhide=0
              [1] kind=graphic widget_type=5 trans=0 fill_mode=0 user_id=0x0183ac2a (387<<16|44074) dynamic graphic=-1 abs=586,211 36x32 hidden=1 ownhide=1
              [2] kind=graphic widget_type=5 trans=0 fill_mode=0 user_id=0x0183ac2b (387<<16|44075) dynamic graphic=156 abs=586,211 32x32 hidden=0 ownhide=0
            [16] kind=layer widget_type=0 trans=0 fill_mode=0 user_id=0x01830010 (387<<16|16) static
              [0] kind=graphic widget_type=5 trans=0 fill_mode=0 user_id=0x0183ac26 (387<<16|44070) dynamic graphic=170 abs=543,248 36x36 hidden=0 ownhide=0
              [1] kind=graphic widget_type=5 trans=0 fill_mode=0 user_id=0x0183ac27 (387<<16|44071) dynamic graphic=-1 abs=545,250 36x32 hidden=1 ownhide=1
              [2] kind=graphic widget_type=5 trans=0 fill_mode=0 user_id=0x0183ac28 (387<<16|44072) dynamic graphic=157 abs=545,250 32x32 hidden=0 ownhide=0
            [17] kind=layer widget_type=0 trans=0 fill_mode=0 user_id=0x01830011 (387<<16|17) static
              [0] kind=graphic widget_type=5 trans=0 fill_mode=0 user_id=0x0183ac23 (387<<16|44067) dynamic graphic=170 abs=584,248 36x36 hidden=0 ownhide=0
              [1] kind=graphic widget_type=5 trans=0 fill_mode=0 user_id=0x0183ac24 (387<<16|44068) dynamic graphic=-1 abs=586,250 36x32 hidden=1 ownhide=1
              [2] kind=graphic widget_type=5 trans=0 fill_mode=0 user_id=0x0183ac25 (387<<16|44069) dynamic graphic=158 abs=586,250 32x32 hidden=0 ownhide=0
            [18] kind=layer widget_type=0 trans=0 fill_mode=0 user_id=0x01830012 (387<<16|18) static
              [0] kind=graphic widget_type=5 trans=0 fill_mode=0 user_id=0x0183ac20 (387<<16|44064) dynamic graphic=170 abs=528,287 36x36 hidden=0 ownhide=0
              [1] kind=graphic widget_type=5 trans=0 fill_mode=0 user_id=0x0183ac21 (387<<16|44065) dynamic graphic=-1 abs=530,289 36x32 hidden=1 ownhide=1
              [2] kind=graphic widget_type=5 trans=0 fill_mode=0 user_id=0x0183ac22 (387<<16|44066) dynamic graphic=159 abs=530,289 32x32 hidden=0 ownhide=0
            [19] kind=layer widget_type=0 trans=0 fill_mode=0 user_id=0x01830013 (387<<16|19) static
              [0] kind=graphic widget_type=5 trans=0 fill_mode=0 user_id=0x0183ac1d (387<<16|44061) dynamic graphic=170 abs=584,287 36x36 hidden=0 ownhide=0
              [1] kind=graphic widget_type=5 trans=0 fill_mode=0 user_id=0x0183ac1e (387<<16|44062) dynamic graphic=-1 abs=586,289 36x32 hidden=1 ownhide=1
              [2] kind=graphic widget_type=5 trans=0 fill_mode=0 user_id=0x0183ac1f (387<<16|44063) dynamic graphic=161 abs=586,289 32x32 hidden=0 ownhide=0
            [20] kind=layer widget_type=0 trans=0 fill_mode=0 user_id=0x01830014 (387<<16|20) static
              [0] kind=graphic widget_type=5 trans=0 fill_mode=0 user_id=0x0183ac1a (387<<16|44058) dynamic graphic=170 abs=640,287 36x36 hidden=0 ownhide=0
              [1] kind=graphic widget_type=5 trans=0 fill_mode=0 user_id=0x0183ac1b (387<<16|44059) dynamic graphic=-1 abs=642,289 36x32 hidden=0 ownhide=0
              [2] kind=graphic widget_type=5 trans=0 fill_mode=0 user_id=0x0183ac1c (387<<16|44060) dynamic graphic=162 abs=642,289 32x32 hidden=1 ownhide=1
            [21] kind=layer widget_type=0 trans=0 fill_mode=0 user_id=0x01830015 (387<<16|21) static
              [0] kind=graphic widget_type=5 trans=0 fill_mode=0 user_id=0x0183ac17 (387<<16|44055) dynamic graphic=170 abs=584,327 36x36 hidden=0 ownhide=0
              [1] kind=graphic widget_type=5 trans=0 fill_mode=0 user_id=0x0183ac18 (387<<16|44056) dynamic graphic=-1 abs=586,329 36x32 hidden=1 ownhide=1
              [2] kind=graphic widget_type=5 trans=0 fill_mode=0 user_id=0x0183ac19 (387<<16|44057) dynamic graphic=163 abs=586,329 32x32 hidden=0 ownhide=0
            [22] kind=layer widget_type=0 trans=0 fill_mode=0 user_id=0x01830016 (387<<16|22) static
              [0] kind=graphic widget_type=5 trans=0 fill_mode=0 user_id=0x0183ac14 (387<<16|44052) dynamic graphic=170 abs=528,367 36x36 hidden=0 ownhide=0
              [1] kind=graphic widget_type=5 trans=0 fill_mode=0 user_id=0x0183ac15 (387<<16|44053) dynamic graphic=-1 abs=530,369 36x32 hidden=1 ownhide=1
              [2] kind=graphic widget_type=5 trans=0 fill_mode=0 user_id=0x0183ac16 (387<<16|44054) dynamic graphic=164 abs=530,369 32x32 hidden=0 ownhide=0
            [23] kind=layer widget_type=0 trans=0 fill_mode=0 user_id=0x01830017 (387<<16|23) static
              [0] kind=graphic widget_type=5 trans=0 fill_mode=0 user_id=0x0183ac11 (387<<16|44049) dynamic graphic=170 abs=584,367 36x36 hidden=0 ownhide=0
              [1] kind=graphic widget_type=5 trans=0 fill_mode=0 user_id=0x0183ac12 (387<<16|44050) dynamic graphic=-1 abs=586,369 36x32 hidden=1 ownhide=1
              [2] kind=graphic widget_type=5 trans=0 fill_mode=0 user_id=0x0183ac13 (387<<16|44051) dynamic graphic=165 abs=586,369 32x32 hidden=0 ownhide=0
            [24] kind=layer widget_type=0 trans=0 fill_mode=0 user_id=0x01830018 (387<<16|24) static
              [0] kind=graphic widget_type=5 trans=0 fill_mode=0 user_id=0x0183ac0e (387<<16|44046) dynamic graphic=170 abs=640,367 36x36 hidden=0 ownhide=0
              [1] kind=graphic widget_type=5 trans=0 fill_mode=0 user_id=0x0183ac0f (387<<16|44047) dynamic graphic=-1 abs=642,369 36x32 hidden=1 ownhide=1
              [2] kind=graphic widget_type=5 trans=0 fill_mode=0 user_id=0x0183ac10 (387<<16|44048) dynamic graphic=160 abs=642,369 32x32 hidden=0 ownhide=0
            [25] kind=layer widget_type=0 trans=0 fill_mode=0 user_id=0x01830019 (387<<16|25) static
              [0] kind=graphic widget_type=5 trans=0 fill_mode=0 user_id=0x0183ac0b (387<<16|44043) dynamic graphic=170 abs=625,248 36x36 hidden=0 ownhide=0
              [1] kind=graphic widget_type=5 trans=0 fill_mode=0 user_id=0x0183ac0c (387<<16|44044) dynamic graphic=-1 abs=627,250 36x32 hidden=1 ownhide=1
              [2] kind=graphic widget_type=5 trans=0 fill_mode=0 user_id=0x0183ac0d (387<<16|44045) dynamic graphic=166 abs=627,250 32x32 hidden=0 ownhide=0
            [26] kind=layer widget_type=0 trans=0 fill_mode=0 user_id=0x0183001a (387<<16|26) static
              [27] kind=layer widget_type=0 trans=0 fill_mode=0 user_id=0x0183001b (387<<16|27) static
              [28] kind=layer widget_type=0 trans=0 fill_mode=0 user_id=0x0183001c (387<<16|28) static
            [29] kind=layer widget_type=0 trans=0 fill_mode=0 user_id=0x0183001d (387<<16|29) static
            [30] kind=layer widget_type=0 trans=0 fill_mode=0 user_id=0x0183001e (387<<16|30) static
          [2] kind=graphic widget_type=5 trans=0 fill_mode=0 user_id=0x01830002 (387<<16|2) static graphic=675 abs=517,415 32x32 hidden=0 ownhide=0
          [4] kind=graphic widget_type=5 trans=0 fill_mode=0 user_id=0x01830004 (387<<16|4) static graphic=1090 abs=563,417 32x32 hidden=0 ownhide=0
          [6] kind=graphic widget_type=5 trans=0 fill_mode=0 user_id=0x01830006 (387<<16|6) static graphic=912 abs=606,416 34x34 hidden=0 ownhide=0
          [8] kind=graphic widget_type=5 trans=0 fill_mode=0 user_id=0x01830008 (387<<16|8) static graphic=229 abs=666,213 23x23 hidden=0 ownhide=0
        [81] kind=layer widget_type=0 trans=0 fill_mode=0 user_id=0x00a10051 (161<<16|81) static
          [0] kind=layer widget_type=0 trans=0 fill_mode=0 user_id=0x021d0000 (541<<16|0) static
            [1] kind=layer widget_type=0 trans=0 fill_mode=0 user_id=0x021d0001 (541<<16|1) static
              [2] kind=layer widget_type=0 trans=0 fill_mode=0 user_id=0x021d0002 (541<<16|2) static
              [3] kind=layer widget_type=0 trans=0 fill_mode=0 user_id=0x021d0003 (541<<16|3) static
                [9] kind=layer widget_type=0 trans=0 fill_mode=0 user_id=0x021d0009 (541<<16|9) static
                  [0] kind=graphic widget_type=5 trans=0 fill_mode=0 user_id=0x021dac38 (541<<16|44088) dynamic graphic=4892 abs=511,214 34x34 hidden=1 ownhide=1
                  [1] kind=graphic widget_type=5 trans=0 fill_mode=0 user_id=0x021dac39 (541<<16|44089) dynamic graphic=115 abs=513,216 30x30 hidden=1 ownhide=0
                [10] kind=layer widget_type=0 trans=0 fill_mode=0 user_id=0x021d000a (541<<16|10) static
                  [0] kind=graphic widget_type=5 trans=0 fill_mode=0 user_id=0x021dac3a (541<<16|44090) dynamic graphic=4892 abs=548,214 34x34 hidden=1 ownhide=1
                  [1] kind=graphic widget_type=5 trans=0 fill_mode=0 user_id=0x021dac3b (541<<16|44091) dynamic graphic=136 abs=550,216 30x30 hidden=1 ownhide=0
                [11] kind=layer widget_type=0 trans=0 fill_mode=0 user_id=0x021d000b (541<<16|11) static
                  [0] kind=graphic widget_type=5 trans=0 fill_mode=0 user_id=0x021dac3c (541<<16|44092) dynamic graphic=4892 abs=585,214 34x34 hidden=1 ownhide=1
                  [1] kind=graphic widget_type=5 trans=0 fill_mode=0 user_id=0x021dac3d (541<<16|44093) dynamic graphic=137 abs=587,216 30x30 hidden=1 ownhide=0
                [12] kind=layer widget_type=0 trans=0 fill_mode=0 user_id=0x021d000c (541<<16|12) static
                  [0] kind=graphic widget_type=5 trans=0 fill_mode=0 user_id=0x021dac3e (541<<16|44094) dynamic graphic=4892 abs=511,251 34x34 hidden=1 ownhide=1
                  [1] kind=graphic widget_type=5 trans=0 fill_mode=0 user_id=0x021dac3f (541<<16|44095) dynamic graphic=138 abs=513,253 30x30 hidden=1 ownhide=0
                [13] kind=layer widget_type=0 trans=0 fill_mode=0 user_id=0x021d000d (541<<16|13) static
                  [0] kind=graphic widget_type=5 trans=0 fill_mode=0 user_id=0x021dac40 (541<<16|44096) dynamic graphic=4892 abs=548,251 34x34 hidden=1 ownhide=1
                  [1] kind=graphic widget_type=5 trans=0 fill_mode=0 user_id=0x021dac41 (541<<16|44097) dynamic graphic=139 abs=550,253 30x30 hidden=1 ownhide=0
                [14] kind=layer widget_type=0 trans=0 fill_mode=0 user_id=0x021d000e (541<<16|14) static
                  [0] kind=graphic widget_type=5 trans=0 fill_mode=0 user_id=0x021dac42 (541<<16|44098) dynamic graphic=4892 abs=585,251 34x34 hidden=1 ownhide=1
                  [1] kind=graphic widget_type=5 trans=0 fill_mode=0 user_id=0x021dac43 (541<<16|44099) dynamic graphic=140 abs=587,253 30x30 hidden=1 ownhide=0
                [15] kind=layer widget_type=0 trans=0 fill_mode=0 user_id=0x021d000f (541<<16|15) static
                  [0] kind=graphic widget_type=5 trans=0 fill_mode=0 user_id=0x021dac44 (541<<16|44100) dynamic graphic=4892 abs=622,251 34x34 hidden=1 ownhide=1
                  [1] kind=graphic widget_type=5 trans=0 fill_mode=0 user_id=0x021dac45 (541<<16|44101) dynamic graphic=141 abs=624,253 30x30 hidden=1 ownhide=0
                [16] kind=layer widget_type=0 trans=0 fill_mode=0 user_id=0x021d0010 (541<<16|16) static
                  [0] kind=graphic widget_type=5 trans=0 fill_mode=0 user_id=0x021dac46 (541<<16|44102) dynamic graphic=4892 abs=659,251 34x34 hidden=1 ownhide=1
                  [1] kind=graphic widget_type=5 trans=0 fill_mode=0 user_id=0x021dac47 (541<<16|44103) dynamic graphic=142 abs=661,253 30x30 hidden=1 ownhide=0
                [17] kind=layer widget_type=0 trans=0 fill_mode=0 user_id=0x021d0011 (541<<16|17) static
                  [0] kind=graphic widget_type=5 trans=0 fill_mode=0 user_id=0x021dac48 (541<<16|44104) dynamic graphic=4892 abs=511,288 34x34 hidden=1 ownhide=1
                  [1] kind=graphic widget_type=5 trans=0 fill_mode=0 user_id=0x021dac49 (541<<16|44105) dynamic graphic=143 abs=513,290 30x30 hidden=1 ownhide=0
                [18] kind=layer widget_type=0 trans=0 fill_mode=0 user_id=0x021d0012 (541<<16|18) static
                  [0] kind=graphic widget_type=5 trans=0 fill_mode=0 user_id=0x021dac4a (541<<16|44106) dynamic graphic=4892 abs=622,288 34x34 hidden=1 ownhide=1
                  [1] kind=graphic widget_type=5 trans=0 fill_mode=0 user_id=0x021dac4b (541<<16|44107) dynamic graphic=144 abs=624,290 30x30 hidden=1 ownhide=0
                [19] kind=layer widget_type=0 trans=0 fill_mode=0 user_id=0x021d0013 (541<<16|19) static
                  [0] kind=graphic widget_type=5 trans=0 fill_mode=0 user_id=0x021dac4c (541<<16|44108) dynamic graphic=4892 abs=659,288 34x34 hidden=1 ownhide=1
                  [1] kind=graphic widget_type=5 trans=0 fill_mode=0 user_id=0x021dac4d (541<<16|44109) dynamic graphic=145 abs=661,290 30x30 hidden=1 ownhide=0
                [20] kind=layer widget_type=0 trans=0 fill_mode=0 user_id=0x021d0014 (541<<16|20) static
                  [0] kind=graphic widget_type=5 trans=0 fill_mode=0 user_id=0x021dac4e (541<<16|44110) dynamic graphic=4892 abs=511,325 34x34 hidden=1 ownhide=1
                  [1] kind=graphic widget_type=5 trans=0 fill_mode=0 user_id=0x021dac4f (541<<16|44111) dynamic graphic=146 abs=513,327 30x30 hidden=1 ownhide=0
                [21] kind=layer widget_type=0 trans=0 fill_mode=0 user_id=0x021d0015 (541<<16|21) static
                  [0] kind=graphic widget_type=5 trans=0 fill_mode=0 user_id=0x021dac50 (541<<16|44112) dynamic graphic=4892 abs=548,325 34x34 hidden=1 ownhide=1
                  [1] kind=graphic widget_type=5 trans=0 fill_mode=0 user_id=0x021dac51 (541<<16|44113) dynamic graphic=147 abs=550,327 30x30 hidden=1 ownhide=0
                [22] kind=layer widget_type=0 trans=0 fill_mode=0 user_id=0x021d0016 (541<<16|22) static
                  [0] kind=graphic widget_type=5 trans=0 fill_mode=0 user_id=0x021dac52 (541<<16|44114) dynamic graphic=4892 abs=585,325 34x34 hidden=1 ownhide=1
                  [1] kind=graphic widget_type=5 trans=0 fill_mode=0 user_id=0x021dac53 (541<<16|44115) dynamic graphic=148 abs=587,327 30x30 hidden=1 ownhide=0
                [23] kind=layer widget_type=0 trans=0 fill_mode=0 user_id=0x021d0017 (541<<16|23) static
                  [0] kind=graphic widget_type=5 trans=0 fill_mode=0 user_id=0x021dac54 (541<<16|44116) dynamic graphic=4892 abs=622,325 34x34 hidden=1 ownhide=1
                  [1] kind=graphic widget_type=5 trans=0 fill_mode=0 user_id=0x021dac55 (541<<16|44117) dynamic graphic=149 abs=624,327 30x30 hidden=1 ownhide=0
                [24] kind=layer widget_type=0 trans=0 fill_mode=0 user_id=0x021d0018 (541<<16|24) static
                  [0] kind=graphic widget_type=5 trans=0 fill_mode=0 user_id=0x021dac56 (541<<16|44118) dynamic graphic=4892 abs=548,362 34x34 hidden=1 ownhide=1
                  [1] kind=graphic widget_type=5 trans=0 fill_mode=0 user_id=0x021dac57 (541<<16|44119) dynamic graphic=151 abs=550,364 30x30 hidden=1 ownhide=0
                [25] kind=layer widget_type=0 trans=0 fill_mode=0 user_id=0x021d0019 (541<<16|25) static
                  [0] kind=graphic widget_type=5 trans=0 fill_mode=0 user_id=0x021dac58 (541<<16|44120) dynamic graphic=4892 abs=585,362 34x34 hidden=1 ownhide=1
                  [1] kind=graphic widget_type=5 trans=0 fill_mode=0 user_id=0x021dac59 (541<<16|44121) dynamic graphic=150 abs=587,364 30x30 hidden=1 ownhide=0
                [26] kind=layer widget_type=0 trans=0 fill_mode=0 user_id=0x021d001a (541<<16|26) static
                  [0] kind=graphic widget_type=5 trans=0 fill_mode=0 user_id=0x021dac5a (541<<16|44122) dynamic graphic=4892 abs=622,362 34x34 hidden=1 ownhide=1
                  [1] kind=graphic widget_type=5 trans=0 fill_mode=0 user_id=0x021dac5b (541<<16|44123) dynamic graphic=152 abs=624,364 30x30 hidden=1 ownhide=0
                [27] kind=layer widget_type=0 trans=0 fill_mode=0 user_id=0x021d001b (541<<16|27) static
                  [0] kind=graphic widget_type=5 trans=0 fill_mode=0 user_id=0x021dac5c (541<<16|44124) dynamic graphic=4892 abs=622,214 34x34 hidden=1 ownhide=1
                  [1] kind=graphic widget_type=5 trans=0 fill_mode=0 user_id=0x021dac5d (541<<16|44125) dynamic graphic=153 abs=624,216 30x30 hidden=1 ownhide=0
                [28] kind=layer widget_type=0 trans=0 fill_mode=0 user_id=0x021d001c (541<<16|28) static
                  [0] kind=graphic widget_type=5 trans=0 fill_mode=0 user_id=0x021dac60 (541<<16|44128) dynamic graphic=4892 abs=548,288 34x34 hidden=1 ownhide=1
                  [1] kind=graphic widget_type=5 trans=0 fill_mode=0 user_id=0x021dac61 (541<<16|44129) dynamic graphic=506 abs=550,290 30x30 hidden=1 ownhide=0
                [29] kind=layer widget_type=0 trans=0 fill_mode=0 user_id=0x021d001d (541<<16|29) static
                  [0] kind=graphic widget_type=5 trans=0 fill_mode=0 user_id=0x021dac64 (541<<16|44132) dynamic graphic=4892 abs=659,325 34x34 hidden=1 ownhide=1
                  [1] kind=graphic widget_type=5 trans=0 fill_mode=0 user_id=0x021dac65 (541<<16|44133) dynamic graphic=508 abs=661,327 30x30 hidden=1 ownhide=0
                [30] kind=layer widget_type=0 trans=0 fill_mode=0 user_id=0x021d001e (541<<16|30) static
                  [0] kind=graphic widget_type=5 trans=0 fill_mode=0 user_id=0x021dac5e (541<<16|44126) dynamic graphic=4892 abs=659,214 34x34 hidden=1 ownhide=1
                  [1] kind=graphic widget_type=5 trans=0 fill_mode=0 user_id=0x021dac5f (541<<16|44127) dynamic graphic=154 abs=661,216 30x30 hidden=1 ownhide=0
                [31] kind=layer widget_type=0 trans=0 fill_mode=0 user_id=0x021d001f (541<<16|31) static
                  [0] kind=graphic widget_type=5 trans=0 fill_mode=0 user_id=0x021dac62 (541<<16|44130) dynamic graphic=4892 abs=585,288 34x34 hidden=1 ownhide=1
                  [1] kind=graphic widget_type=5 trans=0 fill_mode=0 user_id=0x021dac63 (541<<16|44131) dynamic graphic=507 abs=587,290 30x30 hidden=1 ownhide=0
                [32] kind=layer widget_type=0 trans=0 fill_mode=0 user_id=0x021d0020 (541<<16|32) static
                  [0] kind=graphic widget_type=5 trans=0 fill_mode=0 user_id=0x021dac66 (541<<16|44134) dynamic graphic=4892 abs=511,362 34x34 hidden=1 ownhide=1
                  [1] kind=graphic widget_type=5 trans=0 fill_mode=0 user_id=0x021dac67 (541<<16|44135) dynamic graphic=509 abs=513,364 30x30 hidden=1 ownhide=0
                [33] kind=layer widget_type=0 trans=0 fill_mode=0 user_id=0x021d0021 (541<<16|33) static
                  [0] kind=graphic widget_type=5 trans=0 fill_mode=0 user_id=0x021dac68 (541<<16|44136) dynamic graphic=4892 abs=585,399 34x34 hidden=1 ownhide=1
                  [1] kind=graphic widget_type=5 trans=0 fill_mode=0 user_id=0x021dac69 (541<<16|44137) dynamic graphic=1424 abs=587,401 30x30 hidden=1 ownhide=0
                [34] kind=layer widget_type=0 trans=0 fill_mode=0 user_id=0x021d0022 (541<<16|34) static
                  [0] kind=graphic widget_type=5 trans=0 fill_mode=0 user_id=0x021dac6a (541<<16|44138) dynamic graphic=4892 abs=511,399 34x34 hidden=1 ownhide=1
                  [1] kind=graphic widget_type=5 trans=0 fill_mode=0 user_id=0x021dac6b (541<<16|44139) dynamic graphic=949 abs=513,401 30x30 hidden=1 ownhide=0
                [35] kind=layer widget_type=0 trans=0 fill_mode=0 user_id=0x021d0023 (541<<16|35) static
                  [0] kind=graphic widget_type=5 trans=0 fill_mode=0 user_id=0x021dac6c (541<<16|44140) dynamic graphic=4892 abs=548,399 34x34 hidden=1 ownhide=1
                  [1] kind=graphic widget_type=5 trans=0 fill_mode=0 user_id=0x021dac6d (541<<16|44141) dynamic graphic=950 abs=550,401 30x30 hidden=1 ownhide=0
                [36] kind=layer widget_type=0 trans=0 fill_mode=0 user_id=0x021d0024 (541<<16|36) static
                  [0] kind=graphic widget_type=5 trans=0 fill_mode=0 user_id=0x021dac6e (541<<16|44142) dynamic graphic=4892 abs=622,399 34x34 hidden=1 ownhide=1
                  [1] kind=graphic widget_type=5 trans=0 fill_mode=0 user_id=0x021dac6f (541<<16|44143) dynamic graphic=1425 abs=624,401 30x30 hidden=1 ownhide=0
                [37] kind=layer widget_type=0 trans=0 fill_mode=0 user_id=0x021d0025 (541<<16|37) static
                  [0] kind=graphic widget_type=5 trans=0 fill_mode=0 user_id=0x021dac70 (541<<16|44144) dynamic graphic=4892 abs=659,362 34x34 hidden=1 ownhide=1
                  [1] kind=graphic widget_type=5 trans=0 fill_mode=0 user_id=0x021dac71 (541<<16|44145) dynamic graphic=951 abs=661,364 30x30 hidden=1 ownhide=0
                [38] kind=layer widget_type=0 trans=0 fill_mode=0 user_id=0x021d0026 (541<<16|38) static
              [4] kind=layer widget_type=0 trans=0 fill_mode=0 user_id=0x021d0004 (541<<16|4) static
                [0] kind=graphic widget_type=5 trans=0 fill_mode=0 user_id=0x021dac72 (541<<16|44146) dynamic graphic=987 abs=528,221 148x32 hidden=1 ownhide=0
                [1] kind=graphic widget_type=5 trans=0 fill_mode=0 user_id=0x021dac73 (541<<16|44147) dynamic graphic=989 abs=528,417 148x32 hidden=1 ownhide=0
                [2] kind=graphic widget_type=5 trans=0 fill_mode=0 user_id=0x021dac74 (541<<16|44148) dynamic graphic=988 abs=499,250 32x171 hidden=1 ownhide=0
                [3] kind=graphic widget_type=5 trans=0 fill_mode=0 user_id=0x021dac75 (541<<16|44149) dynamic graphic=990 abs=672,250 32x171 hidden=1 ownhide=0
                [4] kind=graphic widget_type=5 trans=0 fill_mode=0 user_id=0x021dac76 (541<<16|44150) dynamic graphic=991 abs=512,234 32x32 hidden=1 ownhide=0
                [5] kind=graphic widget_type=5 trans=0 fill_mode=0 user_id=0x021dac77 (541<<16|44151) dynamic graphic=992 abs=660,234 32x32 hidden=1 ownhide=0
                [6] kind=graphic widget_type=5 trans=0 fill_mode=0 user_id=0x021dac78 (541<<16|44152) dynamic graphic=993 abs=512,405 32x32 hidden=1 ownhide=0
                [7] kind=graphic widget_type=5 trans=0 fill_mode=0 user_id=0x021dac79 (541<<16|44153) dynamic graphic=994 abs=660,405 32x32 hidden=1 ownhide=0
                [8] kind=graphic widget_type=5 trans=0 fill_mode=0 user_id=0x021dac7a (541<<16|44154) dynamic graphic=995 abs=512,240 180x32 hidden=1 ownhide=0
                [9] kind=graphic widget_type=5 trans=0 fill_mode=0 user_id=0x021dac7b (541<<16|44155) dynamic graphic=996 abs=512,242 32x32 hidden=1 ownhide=0
                [10] kind=graphic widget_type=5 trans=0 fill_mode=0 user_id=0x021dac7c (541<<16|44156) dynamic graphic=997 abs=660,242 32x32 hidden=1 ownhide=0
                [40] kind=graphic widget_type=5 trans=0 fill_mode=0 user_id=0x021d0028 (541<<16|40) static graphic=897 abs=512,234 180x203 hidden=1 ownhide=0
                [41] kind=text widget_type=4 trans=0 fill_mode=0 user_id=0x021d0029 (541<<16|41) static font=496 color=0xff981f text="Prayer Filters" abs=512,234 180x28 hidden=1 ownhide=0
                [42] kind=layer widget_type=0 trans=0 fill_mode=0 user_id=0x021d002a (541<<16|42) static
            [5] kind=layer widget_type=0 trans=0 fill_mode=0 user_id=0x021d0005 (541<<16|5) static
              [6] kind=layer widget_type=0 trans=0 fill_mode=0 user_id=0x021d0006 (541<<16|6) static
                [0] kind=graphic widget_type=5 trans=0 fill_mode=0 user_id=0x021dac2c (541<<16|44076) dynamic graphic=1141 abs=626,443 6x6 hidden=1 ownhide=0
                [1] kind=graphic widget_type=5 trans=0 fill_mode=0 user_id=0x021dac2d (541<<16|44077) dynamic graphic=1142 abs=632,443 34x6 hidden=1 ownhide=0
                [2] kind=graphic widget_type=5 trans=0 fill_mode=0 user_id=0x021dac2e (541<<16|44078) dynamic graphic=1143 abs=666,443 6x6 hidden=1 ownhide=0
                [3] kind=graphic widget_type=5 trans=0 fill_mode=0 user_id=0x021dac2f (541<<16|44079) dynamic graphic=1144 abs=626,449 6x6 hidden=1 ownhide=0
                [4] kind=graphic widget_type=5 trans=0 fill_mode=0 user_id=0x021dac30 (541<<16|44080) dynamic graphic=1145 abs=632,449 34x6 hidden=1 ownhide=0
                [5] kind=graphic widget_type=5 trans=0 fill_mode=0 user_id=0x021dac31 (541<<16|44081) dynamic graphic=1146 abs=666,449 6x6 hidden=1 ownhide=0
                [6] kind=graphic widget_type=5 trans=0 fill_mode=0 user_id=0x021dac32 (541<<16|44082) dynamic graphic=1147 abs=626,455 6x6 hidden=1 ownhide=0
                [7] kind=graphic widget_type=5 trans=0 fill_mode=0 user_id=0x021dac33 (541<<16|44083) dynamic graphic=1148 abs=632,455 34x6 hidden=1 ownhide=0
                [8] kind=graphic widget_type=5 trans=0 fill_mode=0 user_id=0x021dac34 (541<<16|44084) dynamic graphic=1149 abs=666,455 6x6 hidden=1 ownhide=0
                [9] kind=text widget_type=4 trans=0 fill_mode=0 user_id=0x021dac35 (541<<16|44085) dynamic font=494 color=0xff981f text="Filters" abs=626,443 46x18 hidden=1 ownhide=0
              [7] kind=layer widget_type=0 trans=0 fill_mode=0 user_id=0x021d0007 (541<<16|7) static
                [0] kind=graphic widget_type=5 trans=0 fill_mode=0 user_id=0x021dac36 (541<<16|44086) dynamic graphic=651 abs=532,443 17x18 hidden=1 ownhide=0
                [1] kind=text widget_type=4 trans=0 fill_mode=0 user_id=0x021dac37 (541<<16|44087) dynamic font=495 color=0xff981f text="1 / 1" abs=556,438 44x28 hidden=1 ownhide=0
              [8] kind=layer widget_type=0 trans=0 fill_mode=0 user_id=0x021d0008 (541<<16|8) static
            [39] kind=layer widget_type=0 trans=0 fill_mode=0 user_id=0x021d0027 (541<<16|39) static
        [82] kind=layer widget_type=0 trans=0 fill_mode=0 user_id=0x00a10052 (161<<16|82) static
          [0] kind=layer widget_type=0 trans=0 fill_mode=0 user_id=0x00da0000 (218<<16|0) static
            [1] kind=layer widget_type=0 trans=0 fill_mode=0 user_id=0x00da0001 (218<<16|1) static
              [2] kind=layer widget_type=0 trans=0 fill_mode=0 user_id=0x00da0002 (218<<16|2) static
              [3] kind=layer widget_type=0 trans=0 fill_mode=0 user_id=0x00da0003 (218<<16|3) static
                [4] kind=graphic widget_type=5 trans=0 fill_mode=0 user_id=0x00da0004 (218<<16|4) static graphic=-1 abs=512,205 24x24 hidden=1 ownhide=1
                [5] kind=graphic widget_type=5 trans=0 fill_mode=0 user_id=0x00da0005 (218<<16|5) static graphic=-1 abs=512,205 24x24 hidden=1 ownhide=1
                [6] kind=graphic widget_type=5 trans=0 fill_mode=0 user_id=0x00da0006 (218<<16|6) static graphic=356 abs=512,205 24x24 hidden=1 ownhide=0
                [7] kind=graphic widget_type=5 trans=0 fill_mode=0 user_id=0x00da0007 (218<<16|7) static graphic=7479 abs=538,205 24x24 hidden=1 ownhide=0
                [8] kind=graphic widget_type=5 trans=0 fill_mode=0 user_id=0x00da0008 (218<<16|8) static graphic=-1 abs=512,205 24x24 hidden=1 ownhide=1
                [9] kind=graphic widget_type=5 trans=0 fill_mode=0 user_id=0x00da0009 (218<<16|9) static graphic=-1 abs=512,205 24x24 hidden=1 ownhide=1
                [10] kind=graphic widget_type=5 trans=0 fill_mode=0 user_id=0x00da000a (218<<16|10) static graphic=-1 abs=512,205 24x24 hidden=1 ownhide=1
                [11] kind=graphic widget_type=5 trans=0 fill_mode=0 user_id=0x00da000b (218<<16|11) static graphic=65 abs=564,205 24x24 hidden=1 ownhide=0
                [12] kind=graphic widget_type=5 trans=0 fill_mode=0 user_id=0x00da000c (218<<16|12) static graphic=66 abs=590,205 24x24 hidden=1 ownhide=0
                [13] kind=graphic widget_type=5 trans=0 fill_mode=0 user_id=0x00da000d (218<<16|13) static graphic=408 abs=616,205 24x24 hidden=1 ownhide=0
                [14] kind=graphic widget_type=5 trans=0 fill_mode=0 user_id=0x00da000e (218<<16|14) static graphic=67 abs=642,205 24x24 hidden=1 ownhide=0
                [15] kind=graphic widget_type=5 trans=0 fill_mode=0 user_id=0x00da000f (218<<16|15) static graphic=416 abs=668,205 24x24 hidden=1 ownhide=0
                [16] kind=graphic widget_type=5 trans=0 fill_mode=0 user_id=0x00da0010 (218<<16|16) static graphic=-1 abs=512,205 24x24 hidden=1 ownhide=1
                [17] kind=graphic widget_type=5 trans=0 fill_mode=0 user_id=0x00da0011 (218<<16|17) static graphic=69 abs=512,229 24x24 hidden=1 ownhide=0
                [18] kind=graphic widget_type=5 trans=0 fill_mode=0 user_id=0x00da0012 (218<<16|18) static graphic=70 abs=538,229 24x24 hidden=1 ownhide=0
                [19] kind=graphic widget_type=5 trans=0 fill_mode=0 user_id=0x00da0013 (218<<16|19) static graphic=71 abs=564,229 24x24 hidden=1 ownhide=0
                [20] kind=graphic widget_type=5 trans=0 fill_mode=0 user_id=0x00da0014 (218<<16|20) static graphic=72 abs=590,229 24x24 hidden=1 ownhide=0
                [21] kind=graphic widget_type=5 trans=0 fill_mode=0 user_id=0x00da0015 (218<<16|21) static graphic=73 abs=616,229 24x24 hidden=1 ownhide=0
                [22] kind=graphic widget_type=5 trans=0 fill_mode=0 user_id=0x00da0016 (218<<16|22) static graphic=74 abs=642,229 24x24 hidden=1 ownhide=0
                [23] kind=graphic widget_type=5 trans=0 fill_mode=0 user_id=0x00da0017 (218<<16|23) static graphic=369 abs=668,229 24x24 hidden=1 ownhide=0
                [24] kind=graphic widget_type=5 trans=0 fill_mode=0 user_id=0x00da0018 (218<<16|24) static graphic=75 abs=512,253 24x24 hidden=1 ownhide=0
                [25] kind=graphic widget_type=5 trans=0 fill_mode=0 user_id=0x00da0019 (218<<16|25) static graphic=76 abs=538,253 24x24 hidden=1 ownhide=0
                [26] kind=graphic widget_type=5 trans=0 fill_mode=0 user_id=0x00da001a (218<<16|26) static graphic=77 abs=564,253 24x24 hidden=1 ownhide=0
                [27] kind=graphic widget_type=5 trans=0 fill_mode=0 user_id=0x00da001b (218<<16|27) static graphic=-1 abs=512,205 24x24 hidden=1 ownhide=1
                [28] kind=graphic widget_type=5 trans=0 fill_mode=0 user_id=0x00da001c (218<<16|28) static graphic=79 abs=590,253 24x24 hidden=1 ownhide=0
                [29] kind=graphic widget_type=5 trans=0 fill_mode=0 user_id=0x00da001d (218<<16|29) static graphic=80 abs=616,253 24x24 hidden=1 ownhide=0
                [30] kind=graphic widget_type=5 trans=0 fill_mode=0 user_id=0x00da001e (218<<16|30) static graphic=81 abs=642,253 24x24 hidden=1 ownhide=0
                [31] kind=graphic widget_type=5 trans=0 fill_mode=0 user_id=0x00da001f (218<<16|31) static graphic=82 abs=668,253 24x24 hidden=1 ownhide=0
                [32] kind=graphic widget_type=5 trans=0 fill_mode=0 user_id=0x00da0020 (218<<16|32) static graphic=83 abs=512,277 24x24 hidden=1 ownhide=0
                [33] kind=graphic widget_type=5 trans=0 fill_mode=0 user_id=0x00da0021 (218<<16|33) static graphic=84 abs=538,277 24x24 hidden=1 ownhide=0
                [34] kind=graphic widget_type=5 trans=0 fill_mode=0 user_id=0x00da0022 (218<<16|34) static graphic=405 abs=564,277 24x24 hidden=1 ownhide=0
                [35] kind=graphic widget_type=5 trans=0 fill_mode=0 user_id=0x00da0023 (218<<16|35) static graphic=85 abs=590,277 24x24 hidden=1 ownhide=0
                [36] kind=graphic widget_type=5 trans=0 fill_mode=0 user_id=0x00da0024 (218<<16|36) static graphic=86 abs=642,277 24x24 hidden=1 ownhide=0
                [37] kind=graphic widget_type=5 trans=0 fill_mode=0 user_id=0x00da0025 (218<<16|37) static graphic=87 abs=668,277 24x24 hidden=1 ownhide=0
                [38] kind=graphic widget_type=5 trans=0 fill_mode=0 user_id=0x00da0026 (218<<16|38) static graphic=88 abs=512,301 24x24 hidden=1 ownhide=0
                [39] kind=graphic widget_type=5 trans=0 fill_mode=0 user_id=0x00da0027 (218<<16|39) static graphic=410 abs=538,301 24x24 hidden=1 ownhide=0
                [40] kind=graphic widget_type=5 trans=0 fill_mode=0 user_id=0x00da0028 (218<<16|40) static graphic=-1 abs=512,205 24x24 hidden=1 ownhide=1
                [41] kind=graphic widget_type=5 trans=0 fill_mode=0 user_id=0x00da0029 (218<<16|41) static graphic=103 abs=564,301 24x24 hidden=1 ownhide=0
                [42] kind=graphic widget_type=5 trans=0 fill_mode=0 user_id=0x00da002a (218<<16|42) static graphic=370 abs=590,301 24x24 hidden=1 ownhide=0
                [43] kind=graphic widget_type=5 trans=0 fill_mode=0 user_id=0x00da002b (218<<16|43) static graphic=374 abs=616,301 24x24 hidden=1 ownhide=0
                [44] kind=graphic widget_type=5 trans=0 fill_mode=0 user_id=0x00da002c (218<<16|44) static graphic=104 abs=642,301 24x24 hidden=1 ownhide=0
                [45] kind=graphic widget_type=5 trans=0 fill_mode=0 user_id=0x00da002d (218<<16|45) static graphic=90 abs=668,301 24x24 hidden=1 ownhide=0
                [46] kind=graphic widget_type=5 trans=0 fill_mode=0 user_id=0x00da002e (218<<16|46) static graphic=417 abs=512,325 24x24 hidden=1 ownhide=0
                [47] kind=graphic widget_type=5 trans=0 fill_mode=0 user_id=0x00da002f (218<<16|47) static graphic=91 abs=538,325 24x24 hidden=1 ownhide=0
                [48] kind=graphic widget_type=5 trans=0 fill_mode=0 user_id=0x00da0030 (218<<16|48) static graphic=92 abs=564,325 24x24 hidden=1 ownhide=0
                [49] kind=graphic widget_type=5 trans=0 fill_mode=0 user_id=0x00da0031 (218<<16|49) static graphic=-1 abs=512,205 24x24 hidden=1 ownhide=1
                [50] kind=graphic widget_type=5 trans=0 fill_mode=0 user_id=0x00da0032 (218<<16|50) static graphic=105 abs=616,325 24x24 hidden=1 ownhide=0
                [51] kind=graphic widget_type=5 trans=0 fill_mode=0 user_id=0x00da0033 (218<<16|51) static graphic=94 abs=642,325 24x24 hidden=1 ownhide=0
                [52] kind=graphic widget_type=5 trans=0 fill_mode=0 user_id=0x00da0034 (218<<16|52) static graphic=95 abs=668,325 24x24 hidden=1 ownhide=0
                [53] kind=graphic widget_type=5 trans=0 fill_mode=0 user_id=0x00da0035 (218<<16|53) static graphic=404 abs=512,349 24x24 hidden=1 ownhide=0
                [54] kind=graphic widget_type=5 trans=0 fill_mode=0 user_id=0x00da0036 (218<<16|54) static graphic=111 abs=538,349 24x24 hidden=1 ownhide=0
                [55] kind=graphic widget_type=5 trans=0 fill_mode=0 user_id=0x00da0037 (218<<16|55) static graphic=110 abs=564,349 24x24 hidden=1 ownhide=0
                [56] kind=graphic widget_type=5 trans=0 fill_mode=0 user_id=0x00da0038 (218<<16|56) static graphic=109 abs=590,349 24x24 hidden=1 ownhide=0
                [57] kind=graphic widget_type=5 trans=0 fill_mode=0 user_id=0x00da0039 (218<<16|57) static graphic=373 abs=616,349 24x24 hidden=1 ownhide=0
                [58] kind=graphic widget_type=5 trans=0 fill_mode=0 user_id=0x00da003a (218<<16|58) static graphic=96 abs=642,349 24x24 hidden=1 ownhide=0
                [59] kind=graphic widget_type=5 trans=0 fill_mode=0 user_id=0x00da003b (218<<16|59) static graphic=97 abs=668,349 24x24 hidden=1 ownhide=0
                [60] kind=graphic widget_type=5 trans=0 fill_mode=0 user_id=0x00da003c (218<<16|60) static graphic=407 abs=512,373 24x24 hidden=1 ownhide=0
                [61] kind=graphic widget_type=5 trans=0 fill_mode=0 user_id=0x00da003d (218<<16|61) static graphic=98 abs=538,373 24x24 hidden=1 ownhide=0
                [62] kind=graphic widget_type=5 trans=0 fill_mode=0 user_id=0x00da003e (218<<16|62) static graphic=99 abs=564,373 24x24 hidden=1 ownhide=0
                [63] kind=graphic widget_type=5 trans=0 fill_mode=0 user_id=0x00da003f (218<<16|63) static graphic=106 abs=590,373 24x24 hidden=1 ownhide=0
                [64] kind=graphic widget_type=5 trans=0 fill_mode=0 user_id=0x00da0040 (218<<16|64) static graphic=-1 abs=512,205 24x24 hidden=1 ownhide=1
                [65] kind=graphic widget_type=5 trans=0 fill_mode=0 user_id=0x00da0041 (218<<16|65) static graphic=101 abs=642,373 24x24 hidden=1 ownhide=0
                [66] kind=graphic widget_type=5 trans=0 fill_mode=0 user_id=0x00da0042 (218<<16|66) static graphic=107 abs=668,373 24x24 hidden=1 ownhide=0
                [67] kind=graphic widget_type=5 trans=0 fill_mode=0 user_id=0x00da0043 (218<<16|67) static graphic=399 abs=512,397 24x24 hidden=1 ownhide=0
                [68] kind=graphic widget_type=5 trans=0 fill_mode=0 user_id=0x00da0044 (218<<16|68) static graphic=102 abs=538,397 24x24 hidden=1 ownhide=0
                [69] kind=graphic widget_type=5 trans=0 fill_mode=0 user_id=0x00da0045 (218<<16|69) static graphic=371 abs=564,397 24x24 hidden=1 ownhide=0
                [70] kind=graphic widget_type=5 trans=0 fill_mode=0 user_id=0x00da0046 (218<<16|70) static graphic=108 abs=590,397 24x24 hidden=1 ownhide=0
                [71] kind=graphic widget_type=5 trans=0 fill_mode=0 user_id=0x00da0047 (218<<16|71) static graphic=372 abs=616,397 24x24 hidden=1 ownhide=0
                [72] kind=graphic widget_type=5 trans=0 fill_mode=0 user_id=0x00da0048 (218<<16|72) static graphic=412 abs=642,397 24x24 hidden=1 ownhide=0
                [73] kind=graphic widget_type=5 trans=0 fill_mode=0 user_id=0x00da0049 (218<<16|73) static graphic=400 abs=668,397 24x24 hidden=1 ownhide=0
                [74] kind=graphic widget_type=5 trans=0 fill_mode=0 user_id=0x00da004a (218<<16|74) static graphic=413 abs=512,421 24x24 hidden=1 ownhide=0
                [75] kind=graphic widget_type=5 trans=0 fill_mode=0 user_id=0x00da004b (218<<16|75) static graphic=402 abs=538,421 24x24 hidden=1 ownhide=0
                [76] kind=graphic widget_type=5 trans=0 fill_mode=0 user_id=0x00da004c (218<<16|76) static graphic=409 abs=564,421 24x24 hidden=1 ownhide=0
                [77] kind=graphic widget_type=5 trans=0 fill_mode=0 user_id=0x00da004d (218<<16|77) static graphic=-1 abs=512,205 24x24 hidden=1 ownhide=1
                [78] kind=graphic widget_type=5 trans=0 fill_mode=0 user_id=0x00da004e (218<<16|78) static graphic=401 abs=590,421 24x24 hidden=1 ownhide=0
                [79] kind=graphic widget_type=5 trans=0 fill_mode=0 user_id=0x00da004f (218<<16|79) static graphic=414 abs=616,421 24x24 hidden=1 ownhide=0
                [80] kind=graphic widget_type=5 trans=0 fill_mode=0 user_id=0x00da0050 (218<<16|80) static graphic=-1 abs=512,205 24x24 hidden=1 ownhide=1
                [81] kind=graphic widget_type=5 trans=0 fill_mode=0 user_id=0x00da0051 (218<<16|81) static graphic=415 abs=642,421 24x24 hidden=1 ownhide=0
                [82] kind=graphic widget_type=5 trans=0 fill_mode=0 user_id=0x00da0052 (218<<16|82) static graphic=6948 abs=590,325 24x24 hidden=1 ownhide=0
                [83] kind=graphic widget_type=5 trans=0 fill_mode=0 user_id=0x00da0053 (218<<16|83) static graphic=6947 abs=616,373 24x24 hidden=1 ownhide=0
                [84] kind=graphic widget_type=5 trans=0 fill_mode=0 user_id=0x00da0054 (218<<16|84) static graphic=-1 abs=512,205 24x24 hidden=1 ownhide=1
                [85] kind=graphic widget_type=5 trans=0 fill_mode=0 user_id=0x00da0055 (218<<16|85) static graphic=-1 abs=512,205 24x24 hidden=1 ownhide=1
                [86] kind=graphic widget_type=5 trans=0 fill_mode=0 user_id=0x00da0056 (218<<16|86) static graphic=-1 abs=512,205 24x24 hidden=1 ownhide=1
                [87] kind=graphic widget_type=5 trans=0 fill_mode=0 user_id=0x00da0057 (218<<16|87) static graphic=-1 abs=512,205 24x24 hidden=1 ownhide=1
                [88] kind=graphic widget_type=5 trans=0 fill_mode=0 user_id=0x00da0058 (218<<16|88) static graphic=-1 abs=512,205 24x24 hidden=1 ownhide=1
                [89] kind=graphic widget_type=5 trans=0 fill_mode=0 user_id=0x00da0059 (218<<16|89) static graphic=-1 abs=512,205 24x24 hidden=1 ownhide=1
                [90] kind=graphic widget_type=5 trans=0 fill_mode=0 user_id=0x00da005a (218<<16|90) static graphic=-1 abs=512,205 24x24 hidden=1 ownhide=1
                [91] kind=graphic widget_type=5 trans=0 fill_mode=0 user_id=0x00da005b (218<<16|91) static graphic=-1 abs=512,205 24x24 hidden=1 ownhide=1
                [92] kind=graphic widget_type=5 trans=0 fill_mode=0 user_id=0x00da005c (218<<16|92) static graphic=-1 abs=512,205 24x24 hidden=1 ownhide=1
                [93] kind=graphic widget_type=5 trans=0 fill_mode=0 user_id=0x00da005d (218<<16|93) static graphic=-1 abs=512,205 24x24 hidden=1 ownhide=1
                [94] kind=graphic widget_type=5 trans=0 fill_mode=0 user_id=0x00da005e (218<<16|94) static graphic=-1 abs=512,205 24x24 hidden=1 ownhide=1
                [95] kind=graphic widget_type=5 trans=0 fill_mode=0 user_id=0x00da005f (218<<16|95) static graphic=-1 abs=512,205 24x24 hidden=1 ownhide=1
                [96] kind=graphic widget_type=5 trans=0 fill_mode=0 user_id=0x00da0060 (218<<16|96) static graphic=-1 abs=512,205 24x24 hidden=1 ownhide=1
                [97] kind=graphic widget_type=5 trans=0 fill_mode=0 user_id=0x00da0061 (218<<16|97) static graphic=-1 abs=512,205 24x24 hidden=1 ownhide=1
                [98] kind=graphic widget_type=5 trans=0 fill_mode=0 user_id=0x00da0062 (218<<16|98) static graphic=-1 abs=512,205 24x24 hidden=1 ownhide=1
                [99] kind=graphic widget_type=5 trans=0 fill_mode=0 user_id=0x00da0063 (218<<16|99) static graphic=-1 abs=512,205 24x24 hidden=1 ownhide=1
                [100] kind=graphic widget_type=5 trans=0 fill_mode=0 user_id=0x00da0064 (218<<16|100) static graphic=-1 abs=512,205 24x24 hidden=1 ownhide=1
                [101] kind=graphic widget_type=5 trans=0 fill_mode=0 user_id=0x00da0065 (218<<16|101) static graphic=-1 abs=512,205 24x24 hidden=1 ownhide=1
                [102] kind=graphic widget_type=5 trans=0 fill_mode=0 user_id=0x00da0066 (218<<16|102) static graphic=-1 abs=512,205 24x24 hidden=1 ownhide=1
                [103] kind=graphic widget_type=5 trans=0 fill_mode=0 user_id=0x00da0067 (218<<16|103) static graphic=-1 abs=512,205 24x24 hidden=1 ownhide=1
                [104] kind=graphic widget_type=5 trans=0 fill_mode=0 user_id=0x00da0068 (218<<16|104) static graphic=-1 abs=512,205 24x24 hidden=1 ownhide=1
                [105] kind=graphic widget_type=5 trans=0 fill_mode=0 user_id=0x00da0069 (218<<16|105) static graphic=-1 abs=512,205 24x24 hidden=1 ownhide=1
                [106] kind=graphic widget_type=5 trans=0 fill_mode=0 user_id=0x00da006a (218<<16|106) static graphic=-1 abs=512,205 24x24 hidden=1 ownhide=1
                [107] kind=graphic widget_type=5 trans=0 fill_mode=0 user_id=0x00da006b (218<<16|107) static graphic=-1 abs=512,205 24x24 hidden=1 ownhide=1
                [108] kind=graphic widget_type=5 trans=0 fill_mode=0 user_id=0x00da006c (218<<16|108) static graphic=-1 abs=512,205 24x24 hidden=1 ownhide=1
                [109] kind=graphic widget_type=5 trans=0 fill_mode=0 user_id=0x00da006d (218<<16|109) static graphic=-1 abs=512,205 24x24 hidden=1 ownhide=1
                [110] kind=graphic widget_type=5 trans=0 fill_mode=0 user_id=0x00da006e (218<<16|110) static graphic=-1 abs=512,205 24x24 hidden=1 ownhide=1
                [111] kind=graphic widget_type=5 trans=0 fill_mode=0 user_id=0x00da006f (218<<16|111) static graphic=-1 abs=512,205 24x24 hidden=1 ownhide=1
                [112] kind=graphic widget_type=5 trans=0 fill_mode=0 user_id=0x00da0070 (218<<16|112) static graphic=-1 abs=512,205 24x24 hidden=1 ownhide=1
                [113] kind=graphic widget_type=5 trans=0 fill_mode=0 user_id=0x00da0071 (218<<16|113) static graphic=-1 abs=512,205 24x24 hidden=1 ownhide=1
                [114] kind=graphic widget_type=5 trans=0 fill_mode=0 user_id=0x00da0072 (218<<16|114) static graphic=-1 abs=512,205 24x24 hidden=1 ownhide=1
                [115] kind=graphic widget_type=5 trans=0 fill_mode=0 user_id=0x00da0073 (218<<16|115) static graphic=-1 abs=512,205 24x24 hidden=1 ownhide=1
                [116] kind=graphic widget_type=5 trans=0 fill_mode=0 user_id=0x00da0074 (218<<16|116) static graphic=-1 abs=512,205 24x24 hidden=1 ownhide=1
                [117] kind=graphic widget_type=5 trans=0 fill_mode=0 user_id=0x00da0075 (218<<16|117) static graphic=-1 abs=512,205 24x24 hidden=1 ownhide=1
                [118] kind=graphic widget_type=5 trans=0 fill_mode=0 user_id=0x00da0076 (218<<16|118) static graphic=-1 abs=512,205 24x24 hidden=1 ownhide=1
                [119] kind=graphic widget_type=5 trans=0 fill_mode=0 user_id=0x00da0077 (218<<16|119) static graphic=-1 abs=512,205 24x24 hidden=1 ownhide=1
                [120] kind=graphic widget_type=5 trans=0 fill_mode=0 user_id=0x00da0078 (218<<16|120) static graphic=-1 abs=512,205 24x24 hidden=1 ownhide=1
                [121] kind=graphic widget_type=5 trans=0 fill_mode=0 user_id=0x00da0079 (218<<16|121) static graphic=-1 abs=512,205 24x24 hidden=1 ownhide=1
                [122] kind=graphic widget_type=5 trans=0 fill_mode=0 user_id=0x00da007a (218<<16|122) static graphic=-1 abs=512,205 24x24 hidden=1 ownhide=1
                [123] kind=graphic widget_type=5 trans=0 fill_mode=0 user_id=0x00da007b (218<<16|123) static graphic=-1 abs=512,205 24x24 hidden=1 ownhide=1
                [124] kind=graphic widget_type=5 trans=0 fill_mode=0 user_id=0x00da007c (218<<16|124) static graphic=-1 abs=512,205 24x24 hidden=1 ownhide=1
                [125] kind=graphic widget_type=5 trans=0 fill_mode=0 user_id=0x00da007d (218<<16|125) static graphic=-1 abs=512,205 24x24 hidden=1 ownhide=1
                [126] kind=graphic widget_type=5 trans=0 fill_mode=0 user_id=0x00da007e (218<<16|126) static graphic=-1 abs=512,205 24x24 hidden=1 ownhide=1
                [127] kind=graphic widget_type=5 trans=0 fill_mode=0 user_id=0x00da007f (218<<16|127) static graphic=-1 abs=512,205 24x24 hidden=1 ownhide=1
                [128] kind=graphic widget_type=5 trans=0 fill_mode=0 user_id=0x00da0080 (218<<16|128) static graphic=-1 abs=512,205 24x24 hidden=1 ownhide=1
                [129] kind=graphic widget_type=5 trans=0 fill_mode=0 user_id=0x00da0081 (218<<16|129) static graphic=-1 abs=512,205 24x24 hidden=1 ownhide=1
                [130] kind=graphic widget_type=5 trans=0 fill_mode=0 user_id=0x00da0082 (218<<16|130) static graphic=-1 abs=512,205 24x24 hidden=1 ownhide=1
                [131] kind=graphic widget_type=5 trans=0 fill_mode=0 user_id=0x00da0083 (218<<16|131) static graphic=-1 abs=512,205 24x24 hidden=1 ownhide=1
                [132] kind=graphic widget_type=5 trans=0 fill_mode=0 user_id=0x00da0084 (218<<16|132) static graphic=-1 abs=512,205 24x24 hidden=1 ownhide=1
                [133] kind=graphic widget_type=5 trans=0 fill_mode=0 user_id=0x00da0085 (218<<16|133) static graphic=-1 abs=512,205 24x24 hidden=1 ownhide=1
                [134] kind=graphic widget_type=5 trans=0 fill_mode=0 user_id=0x00da0086 (218<<16|134) static graphic=-1 abs=512,205 24x24 hidden=1 ownhide=1
                [135] kind=graphic widget_type=5 trans=0 fill_mode=0 user_id=0x00da0087 (218<<16|135) static graphic=-1 abs=512,205 24x24 hidden=1 ownhide=1
                [136] kind=graphic widget_type=5 trans=0 fill_mode=0 user_id=0x00da0088 (218<<16|136) static graphic=-1 abs=512,205 24x24 hidden=1 ownhide=1
                [137] kind=graphic widget_type=5 trans=0 fill_mode=0 user_id=0x00da0089 (218<<16|137) static graphic=-1 abs=512,205 24x24 hidden=1 ownhide=1
                [138] kind=graphic widget_type=5 trans=0 fill_mode=0 user_id=0x00da008a (218<<16|138) static graphic=-1 abs=512,205 24x24 hidden=1 ownhide=1
                [139] kind=graphic widget_type=5 trans=0 fill_mode=0 user_id=0x00da008b (218<<16|139) static graphic=-1 abs=512,205 24x24 hidden=1 ownhide=1
                [140] kind=graphic widget_type=5 trans=0 fill_mode=0 user_id=0x00da008c (218<<16|140) static graphic=-1 abs=512,205 24x24 hidden=1 ownhide=1
                [141] kind=graphic widget_type=5 trans=0 fill_mode=0 user_id=0x00da008d (218<<16|141) static graphic=-1 abs=512,205 24x24 hidden=1 ownhide=1
                [142] kind=graphic widget_type=5 trans=0 fill_mode=0 user_id=0x00da008e (218<<16|142) static graphic=-1 abs=512,205 24x24 hidden=1 ownhide=1
                [143] kind=graphic widget_type=5 trans=0 fill_mode=0 user_id=0x00da008f (218<<16|143) static graphic=-1 abs=512,205 24x24 hidden=1 ownhide=1
                [144] kind=graphic widget_type=5 trans=0 fill_mode=0 user_id=0x00da0090 (218<<16|144) static graphic=-1 abs=512,205 24x24 hidden=1 ownhide=1
                [145] kind=graphic widget_type=5 trans=0 fill_mode=0 user_id=0x00da0091 (218<<16|145) static graphic=-1 abs=512,205 24x24 hidden=1 ownhide=1
                [146] kind=graphic widget_type=5 trans=0 fill_mode=0 user_id=0x00da0092 (218<<16|146) static graphic=-1 abs=512,205 24x24 hidden=1 ownhide=1
                [147] kind=graphic widget_type=5 trans=0 fill_mode=0 user_id=0x00da0093 (218<<16|147) static graphic=-1 abs=512,205 24x24 hidden=1 ownhide=1
                [148] kind=graphic widget_type=5 trans=0 fill_mode=0 user_id=0x00da0094 (218<<16|148) static graphic=-1 abs=512,205 24x24 hidden=1 ownhide=1
                [149] kind=graphic widget_type=5 trans=0 fill_mode=0 user_id=0x00da0095 (218<<16|149) static graphic=-1 abs=512,205 24x24 hidden=1 ownhide=1
                [150] kind=graphic widget_type=5 trans=0 fill_mode=0 user_id=0x00da0096 (218<<16|150) static graphic=-1 abs=512,205 24x24 hidden=1 ownhide=1
                [151] kind=graphic widget_type=5 trans=0 fill_mode=0 user_id=0x00da0097 (218<<16|151) static graphic=-1 abs=512,205 24x24 hidden=1 ownhide=1
                [152] kind=graphic widget_type=5 trans=0 fill_mode=0 user_id=0x00da0098 (218<<16|152) static graphic=-1 abs=512,205 24x24 hidden=1 ownhide=1
                [153] kind=graphic widget_type=5 trans=0 fill_mode=0 user_id=0x00da0099 (218<<16|153) static graphic=-1 abs=512,205 24x24 hidden=1 ownhide=1
                [154] kind=graphic widget_type=5 trans=0 fill_mode=0 user_id=0x00da009a (218<<16|154) static graphic=-1 abs=512,205 24x24 hidden=1 ownhide=1
                [155] kind=graphic widget_type=5 trans=0 fill_mode=0 user_id=0x00da009b (218<<16|155) static graphic=-1 abs=512,205 24x24 hidden=1 ownhide=1
                [156] kind=graphic widget_type=5 trans=0 fill_mode=0 user_id=0x00da009c (218<<16|156) static graphic=-1 abs=512,205 24x24 hidden=1 ownhide=1
                [157] kind=graphic widget_type=5 trans=0 fill_mode=0 user_id=0x00da009d (218<<16|157) static graphic=-1 abs=512,205 24x24 hidden=1 ownhide=1
                [158] kind=graphic widget_type=5 trans=0 fill_mode=0 user_id=0x00da009e (218<<16|158) static graphic=-1 abs=512,205 24x24 hidden=1 ownhide=1
                [159] kind=graphic widget_type=5 trans=0 fill_mode=0 user_id=0x00da009f (218<<16|159) static graphic=-1 abs=512,205 24x24 hidden=1 ownhide=1
                [160] kind=graphic widget_type=5 trans=0 fill_mode=0 user_id=0x00da00a0 (218<<16|160) static graphic=-1 abs=512,205 24x24 hidden=1 ownhide=1
                [161] kind=graphic widget_type=5 trans=0 fill_mode=0 user_id=0x00da00a1 (218<<16|161) static graphic=-1 abs=512,205 24x24 hidden=1 ownhide=1
                [162] kind=graphic widget_type=5 trans=0 fill_mode=0 user_id=0x00da00a2 (218<<16|162) static graphic=-1 abs=512,205 24x24 hidden=1 ownhide=1
                [163] kind=graphic widget_type=5 trans=0 fill_mode=0 user_id=0x00da00a3 (218<<16|163) static graphic=-1 abs=512,205 24x24 hidden=1 ownhide=1
                [164] kind=graphic widget_type=5 trans=0 fill_mode=0 user_id=0x00da00a4 (218<<16|164) static graphic=-1 abs=512,205 24x24 hidden=1 ownhide=1
                [165] kind=graphic widget_type=5 trans=0 fill_mode=0 user_id=0x00da00a5 (218<<16|165) static graphic=-1 abs=512,205 24x24 hidden=1 ownhide=1
                [166] kind=graphic widget_type=5 trans=0 fill_mode=0 user_id=0x00da00a6 (218<<16|166) static graphic=-1 abs=512,205 24x24 hidden=1 ownhide=1
                [167] kind=graphic widget_type=5 trans=0 fill_mode=0 user_id=0x00da00a7 (218<<16|167) static graphic=-1 abs=512,205 24x24 hidden=1 ownhide=1
                [168] kind=graphic widget_type=5 trans=0 fill_mode=0 user_id=0x00da00a8 (218<<16|168) static graphic=-1 abs=512,205 24x24 hidden=1 ownhide=1
                [169] kind=graphic widget_type=5 trans=0 fill_mode=0 user_id=0x00da00a9 (218<<16|169) static graphic=-1 abs=512,205 24x24 hidden=1 ownhide=1
                [170] kind=graphic widget_type=5 trans=0 fill_mode=0 user_id=0x00da00aa (218<<16|170) static graphic=-1 abs=512,205 24x24 hidden=1 ownhide=1
                [171] kind=graphic widget_type=5 trans=0 fill_mode=0 user_id=0x00da00ab (218<<16|171) static graphic=-1 abs=512,205 24x24 hidden=1 ownhide=1
                [172] kind=graphic widget_type=5 trans=0 fill_mode=0 user_id=0x00da00ac (218<<16|172) static graphic=-1 abs=512,205 24x24 hidden=1 ownhide=1
                [173] kind=graphic widget_type=5 trans=0 fill_mode=0 user_id=0x00da00ad (218<<16|173) static graphic=-1 abs=512,205 24x24 hidden=1 ownhide=1
                [174] kind=graphic widget_type=5 trans=0 fill_mode=0 user_id=0x00da00ae (218<<16|174) static graphic=-1 abs=512,205 24x24 hidden=1 ownhide=1
                [175] kind=graphic widget_type=5 trans=0 fill_mode=0 user_id=0x00da00af (218<<16|175) static graphic=-1 abs=512,205 24x24 hidden=1 ownhide=1
                [176] kind=graphic widget_type=5 trans=0 fill_mode=0 user_id=0x00da00b0 (218<<16|176) static graphic=-1 abs=512,205 24x24 hidden=1 ownhide=1
                [177] kind=graphic widget_type=5 trans=0 fill_mode=0 user_id=0x00da00b1 (218<<16|177) static graphic=-1 abs=512,205 24x24 hidden=1 ownhide=1
                [178] kind=graphic widget_type=5 trans=0 fill_mode=0 user_id=0x00da00b2 (218<<16|178) static graphic=-1 abs=512,205 24x24 hidden=1 ownhide=1
                [179] kind=graphic widget_type=5 trans=0 fill_mode=0 user_id=0x00da00b3 (218<<16|179) static graphic=-1 abs=512,205 24x24 hidden=1 ownhide=1
                [180] kind=graphic widget_type=5 trans=0 fill_mode=0 user_id=0x00da00b4 (218<<16|180) static graphic=-1 abs=512,205 24x24 hidden=1 ownhide=1
                [181] kind=graphic widget_type=5 trans=0 fill_mode=0 user_id=0x00da00b5 (218<<16|181) static graphic=-1 abs=512,205 24x24 hidden=1 ownhide=1
                [182] kind=graphic widget_type=5 trans=0 fill_mode=0 user_id=0x00da00b6 (218<<16|182) static graphic=-1 abs=512,205 24x24 hidden=1 ownhide=1
                [183] kind=graphic widget_type=5 trans=0 fill_mode=0 user_id=0x00da00b7 (218<<16|183) static graphic=-1 abs=512,205 24x24 hidden=1 ownhide=1
                [184] kind=graphic widget_type=5 trans=0 fill_mode=0 user_id=0x00da00b8 (218<<16|184) static graphic=-1 abs=512,205 24x24 hidden=1 ownhide=1
                [185] kind=graphic widget_type=5 trans=0 fill_mode=0 user_id=0x00da00b9 (218<<16|185) static graphic=-1 abs=512,205 24x24 hidden=1 ownhide=1
                [186] kind=graphic widget_type=5 trans=0 fill_mode=0 user_id=0x00da00ba (218<<16|186) static graphic=-1 abs=512,205 24x24 hidden=1 ownhide=1
                [187] kind=graphic widget_type=5 trans=0 fill_mode=0 user_id=0x00da00bb (218<<16|187) static graphic=-1 abs=512,205 40x40 hidden=1 ownhide=1
                [188] kind=graphic widget_type=5 trans=0 fill_mode=0 user_id=0x00da00bc (218<<16|188) static graphic=-1 abs=512,205 24x24 hidden=1 ownhide=1
                [189] kind=graphic widget_type=5 trans=0 fill_mode=0 user_id=0x00da00bd (218<<16|189) static graphic=-1 abs=512,205 24x24 hidden=1 ownhide=1
                [190] kind=graphic widget_type=5 trans=0 fill_mode=0 user_id=0x00da00be (218<<16|190) static graphic=-1 abs=512,205 24x24 hidden=1 ownhide=1
                [191] kind=graphic widget_type=5 trans=0 fill_mode=0 user_id=0x00da00bf (218<<16|191) static graphic=-1 abs=512,205 24x24 hidden=1 ownhide=1
                [192] kind=graphic widget_type=5 trans=0 fill_mode=0 user_id=0x00da00c0 (218<<16|192) static graphic=-1 abs=512,205 24x24 hidden=1 ownhide=1
                [193] kind=graphic widget_type=5 trans=0 fill_mode=0 user_id=0x00da00c1 (218<<16|193) static graphic=-1 abs=512,205 24x24 hidden=1 ownhide=1
                [194] kind=graphic widget_type=5 trans=0 fill_mode=0 user_id=0x00da00c2 (218<<16|194) static graphic=-1 abs=512,205 24x24 hidden=1 ownhide=1
                [195] kind=graphic widget_type=5 trans=0 fill_mode=0 user_id=0x00da00c3 (218<<16|195) static graphic=-1 abs=512,205 24x24 hidden=1 ownhide=1
                [196] kind=graphic widget_type=5 trans=0 fill_mode=0 user_id=0x00da00c4 (218<<16|196) static graphic=-1 abs=512,205 24x24 hidden=1 ownhide=1
                [197] kind=graphic widget_type=5 trans=0 fill_mode=0 user_id=0x00da00c5 (218<<16|197) static graphic=-1 abs=512,205 24x24 hidden=1 ownhide=1
                [198] kind=graphic widget_type=5 trans=0 fill_mode=0 user_id=0x00da00c6 (218<<16|198) static graphic=418 abs=616,277 24x24 hidden=1 ownhide=0
                [199] kind=graphic widget_type=5 trans=0 fill_mode=0 user_id=0x00da00c7 (218<<16|199) static graphic=-1 abs=512,205 24x24 hidden=1 ownhide=1
                [200] kind=graphic widget_type=5 trans=0 fill_mode=0 user_id=0x00da00c8 (218<<16|200) static graphic=-1 abs=512,205 24x24 hidden=1 ownhide=1
                [201] kind=layer widget_type=0 trans=0 fill_mode=0 user_id=0x00da00c9 (218<<16|201) static
                  [202] kind=graphic widget_type=5 trans=225 fill_mode=0 user_id=0x00da00ca (218<<16|202) static graphic=297 abs=512,205 180x240 hidden=1 ownhide=0
              [203] kind=layer widget_type=0 trans=0 fill_mode=0 user_id=0x00da00cb (218<<16|203) static
                [0] kind=graphic widget_type=5 trans=0 fill_mode=0 user_id=0x00daac87 (218<<16|44167) dynamic graphic=987 abs=528,210 148x32 hidden=1 ownhide=0
                [1] kind=graphic widget_type=5 trans=0 fill_mode=0 user_id=0x00daac88 (218<<16|44168) dynamic graphic=989 abs=528,406 148x32 hidden=1 ownhide=0
                [2] kind=graphic widget_type=5 trans=0 fill_mode=0 user_id=0x00daac89 (218<<16|44169) dynamic graphic=988 abs=498,239 32x171 hidden=1 ownhide=0
                [3] kind=graphic widget_type=5 trans=0 fill_mode=0 user_id=0x00daac8a (218<<16|44170) dynamic graphic=990 abs=672,239 32x171 hidden=1 ownhide=0
                [4] kind=graphic widget_type=5 trans=0 fill_mode=0 user_id=0x00daac8b (218<<16|44171) dynamic graphic=991 abs=512,223 32x32 hidden=1 ownhide=0
                [5] kind=graphic widget_type=5 trans=0 fill_mode=0 user_id=0x00daac8c (218<<16|44172) dynamic graphic=992 abs=660,223 32x32 hidden=1 ownhide=0
                [6] kind=graphic widget_type=5 trans=0 fill_mode=0 user_id=0x00daac8d (218<<16|44173) dynamic graphic=993 abs=512,394 32x32 hidden=1 ownhide=0
                [7] kind=graphic widget_type=5 trans=0 fill_mode=0 user_id=0x00daac8e (218<<16|44174) dynamic graphic=994 abs=660,394 32x32 hidden=1 ownhide=0
                [8] kind=graphic widget_type=5 trans=0 fill_mode=0 user_id=0x00daac8f (218<<16|44175) dynamic graphic=995 abs=512,229 180x32 hidden=1 ownhide=0
                [9] kind=graphic widget_type=5 trans=0 fill_mode=0 user_id=0x00daac90 (218<<16|44176) dynamic graphic=996 abs=512,231 32x32 hidden=1 ownhide=0
                [10] kind=graphic widget_type=5 trans=0 fill_mode=0 user_id=0x00daac91 (218<<16|44177) dynamic graphic=997 abs=660,231 32x32 hidden=1 ownhide=0
                [204] kind=graphic widget_type=5 trans=0 fill_mode=0 user_id=0x00da00cc (218<<16|204) static graphic=897 abs=512,223 180x203 hidden=1 ownhide=0
                [205] kind=text widget_type=4 trans=0 fill_mode=0 user_id=0x00da00cd (218<<16|205) static font=496 color=0xff981f text="Spell Filters" abs=512,223 180x28 hidden=1 ownhide=0
                [206] kind=layer widget_type=0 trans=0 fill_mode=0 user_id=0x00da00ce (218<<16|206) static
            [207] kind=layer widget_type=0 trans=0 fill_mode=0 user_id=0x00da00cf (218<<16|207) static
              [208] kind=layer widget_type=0 trans=0 fill_mode=0 user_id=0x00da00d0 (218<<16|208) static
              [209] kind=layer widget_type=0 trans=0 fill_mode=0 user_id=0x00da00d1 (218<<16|209) static
                [0] kind=graphic widget_type=5 trans=0 fill_mode=0 user_id=0x00daac7d (218<<16|44157) dynamic graphic=1141 abs=579,449 6x6 hidden=1 ownhide=0
                [1] kind=graphic widget_type=5 trans=0 fill_mode=0 user_id=0x00daac7e (218<<16|44158) dynamic graphic=1142 abs=585,449 34x6 hidden=1 ownhide=0
                [2] kind=graphic widget_type=5 trans=0 fill_mode=0 user_id=0x00daac7f (218<<16|44159) dynamic graphic=1143 abs=619,449 6x6 hidden=1 ownhide=0
                [3] kind=graphic widget_type=5 trans=0 fill_mode=0 user_id=0x00daac80 (218<<16|44160) dynamic graphic=1144 abs=579,455 6x5 hidden=1 ownhide=0
                [4] kind=graphic widget_type=5 trans=0 fill_mode=0 user_id=0x00daac81 (218<<16|44161) dynamic graphic=1145 abs=585,455 34x5 hidden=1 ownhide=0
                [5] kind=graphic widget_type=5 trans=0 fill_mode=0 user_id=0x00daac82 (218<<16|44162) dynamic graphic=1146 abs=619,455 6x5 hidden=1 ownhide=0
                [6] kind=graphic widget_type=5 trans=0 fill_mode=0 user_id=0x00daac83 (218<<16|44163) dynamic graphic=1147 abs=579,460 6x6 hidden=1 ownhide=0
                [7] kind=graphic widget_type=5 trans=0 fill_mode=0 user_id=0x00daac84 (218<<16|44164) dynamic graphic=1148 abs=585,460 34x6 hidden=1 ownhide=0
                [8] kind=graphic widget_type=5 trans=0 fill_mode=0 user_id=0x00daac85 (218<<16|44165) dynamic graphic=1149 abs=619,460 6x6 hidden=1 ownhide=0
                [9] kind=text widget_type=4 trans=0 fill_mode=0 user_id=0x00daac86 (218<<16|44166) dynamic font=494 color=0xff981f text="Filters" abs=579,449 46x17 hidden=1 ownhide=0
            [210] kind=layer widget_type=0 trans=0 fill_mode=0 user_id=0x00da00d2 (218<<16|210) static
        [83] kind=layer widget_type=0 trans=0 fill_mode=0 user_id=0x00a10053 (161<<16|83) static
          [0] kind=layer widget_type=0 trans=0 fill_mode=0 user_id=0x02c30000 (707<<16|0) static
            [1] kind=layer widget_type=0 trans=0 fill_mode=0 user_id=0x02c30001 (707<<16|1) static
              [2] kind=layer widget_type=0 trans=0 fill_mode=0 user_id=0x02c30002 (707<<16|2) static
                [0] kind=graphic widget_type=5 trans=200 fill_mode=0 user_id=0x02c3ac92 (707<<16|44178) dynamic graphic=-1 abs=511,208 16x21 hidden=1 ownhide=0
                [1] kind=graphic widget_type=5 trans=200 fill_mode=0 user_id=0x02c3ac93 (707<<16|44179) dynamic graphic=-1 abs=539,208 16x21 hidden=1 ownhide=0
                [2] kind=graphic widget_type=5 trans=200 fill_mode=0 user_id=0x02c3ac94 (707<<16|44180) dynamic graphic=-1 abs=527,208 12x21 hidden=1 ownhide=0
                [3] kind=graphic widget_type=5 trans=0 fill_mode=0 user_id=0x02c3ac95 (707<<16|44181) dynamic graphic=6317 abs=511,208 20x21 hidden=1 ownhide=0
                [4] kind=graphic widget_type=5 trans=0 fill_mode=0 user_id=0x02c3ac96 (707<<16|44182) dynamic graphic=6317 abs=535,208 20x21 hidden=1 ownhide=0
                [5] kind=graphic widget_type=5 trans=0 fill_mode=0 user_id=0x02c3ac97 (707<<16|44183) dynamic graphic=6318 abs=527,208 12x21 hidden=1 ownhide=0
                [6] kind=graphic widget_type=5 trans=0 fill_mode=0 user_id=0x02c3ac98 (707<<16|44184) dynamic graphic=3338 abs=524,210 17x18 hidden=1 ownhide=0
              [3] kind=layer widget_type=0 trans=0 fill_mode=0 user_id=0x02c30003 (707<<16|3) static
                [0] kind=graphic widget_type=5 trans=200 fill_mode=0 user_id=0x02c3ac99 (707<<16|44185) dynamic graphic=6321 abs=557,208 16x21 hidden=1 ownhide=0
                [1] kind=graphic widget_type=5 trans=200 fill_mode=0 user_id=0x02c3ac9a (707<<16|44186) dynamic graphic=6321 abs=585,208 16x21 hidden=1 ownhide=0
                [2] kind=graphic widget_type=5 trans=200 fill_mode=0 user_id=0x02c3ac9b (707<<16|44187) dynamic graphic=6322 abs=573,208 12x21 hidden=1 ownhide=0
                [3] kind=graphic widget_type=5 trans=0 fill_mode=0 user_id=0x02c3ac9c (707<<16|44188) dynamic graphic=6319 abs=557,208 20x21 hidden=1 ownhide=0
                [4] kind=graphic widget_type=5 trans=0 fill_mode=0 user_id=0x02c3ac9d (707<<16|44189) dynamic graphic=6319 abs=581,208 20x21 hidden=1 ownhide=0
                [5] kind=graphic widget_type=5 trans=0 fill_mode=0 user_id=0x02c3ac9e (707<<16|44190) dynamic graphic=6320 abs=573,208 12x21 hidden=1 ownhide=0
                [6] kind=graphic widget_type=5 trans=0 fill_mode=0 user_id=0x02c3ac9f (707<<16|44191) dynamic graphic=3339 abs=570,210 17x18 hidden=1 ownhide=0
              [4] kind=layer widget_type=0 trans=0 fill_mode=0 user_id=0x02c30004 (707<<16|4) static
                [0] kind=graphic widget_type=5 trans=200 fill_mode=0 user_id=0x02c3aca0 (707<<16|44192) dynamic graphic=6321 abs=603,208 16x21 hidden=1 ownhide=0
                [1] kind=graphic widget_type=5 trans=200 fill_mode=0 user_id=0x02c3aca1 (707<<16|44193) dynamic graphic=6321 abs=631,208 16x21 hidden=1 ownhide=0
                [2] kind=graphic widget_type=5 trans=200 fill_mode=0 user_id=0x02c3aca2 (707<<16|44194) dynamic graphic=6322 abs=619,208 12x21 hidden=1 ownhide=0
                [3] kind=graphic widget_type=5 trans=0 fill_mode=0 user_id=0x02c3aca3 (707<<16|44195) dynamic graphic=6319 abs=603,208 20x21 hidden=1 ownhide=0
                [4] kind=graphic widget_type=5 trans=0 fill_mode=0 user_id=0x02c3aca4 (707<<16|44196) dynamic graphic=6319 abs=627,208 20x21 hidden=1 ownhide=0
                [5] kind=graphic widget_type=5 trans=0 fill_mode=0 user_id=0x02c3aca5 (707<<16|44197) dynamic graphic=6320 abs=619,208 12x21 hidden=1 ownhide=0
                [6] kind=graphic widget_type=5 trans=0 fill_mode=0 user_id=0x02c3aca6 (707<<16|44198) dynamic graphic=3340 abs=616,210 17x18 hidden=1 ownhide=0
              [5] kind=layer widget_type=0 trans=0 fill_mode=0 user_id=0x02c30005 (707<<16|5) static
                [0] kind=graphic widget_type=5 trans=200 fill_mode=0 user_id=0x02c3aca7 (707<<16|44199) dynamic graphic=6321 abs=649,208 16x21 hidden=1 ownhide=0
                [1] kind=graphic widget_type=5 trans=200 fill_mode=0 user_id=0x02c3aca8 (707<<16|44200) dynamic graphic=6321 abs=677,208 16x21 hidden=1 ownhide=0
                [2] kind=graphic widget_type=5 trans=200 fill_mode=0 user_id=0x02c3aca9 (707<<16|44201) dynamic graphic=6322 abs=665,208 12x21 hidden=1 ownhide=0
                [3] kind=graphic widget_type=5 trans=0 fill_mode=0 user_id=0x02c3acaa (707<<16|44202) dynamic graphic=6319 abs=649,208 20x21 hidden=1 ownhide=0
                [4] kind=graphic widget_type=5 trans=0 fill_mode=0 user_id=0x02c3acab (707<<16|44203) dynamic graphic=6319 abs=673,208 20x21 hidden=1 ownhide=0
                [5] kind=graphic widget_type=5 trans=0 fill_mode=0 user_id=0x02c3acac (707<<16|44204) dynamic graphic=6320 abs=665,208 12x21 hidden=1 ownhide=0
                [6] kind=graphic widget_type=5 trans=0 fill_mode=0 user_id=0x02c3acad (707<<16|44205) dynamic graphic=3344 abs=662,210 17x18 hidden=1 ownhide=0
              [6] kind=layer widget_type=0 trans=0 fill_mode=0 user_id=0x02c30006 (707<<16|6) static
                [0] kind=line widget_type=9 trans=0 fill_mode=0 user_id=0x02c3acae (707<<16|44206) dynamic color=0x0 width=1 dir=0 abs=507,228 8x1 hidden=1 ownhide=0
                [1] kind=line widget_type=9 trans=0 fill_mode=0 user_id=0x02c3acaf (707<<16|44207) dynamic color=0x0 width=1 dir=0 abs=555,228 500x1 hidden=1 ownhide=0
            [7] kind=layer widget_type=0 trans=0 fill_mode=0 user_id=0x02c30007 (707<<16|7) static
              [8] kind=text widget_type=4 trans=0 fill_mode=0 user_id=0x02c30008 (707<<16|8) static font=494 color=0xff981f text="" abs=629,249 65x15 hidden=1 ownhide=0
        [84] kind=layer widget_type=0 trans=0 fill_mode=0 user_id=0x00a10054 (161<<16|84) static
          [0] kind=layer widget_type=0 trans=0 fill_mode=0 user_id=0x006d0000 (109<<16|0) static
            [1] kind=layer widget_type=0 trans=0 fill_mode=0 user_id=0x006d0001 (109<<16|1) static
              [2] kind=layer widget_type=0 trans=0 fill_mode=0 user_id=0x006d0002 (109<<16|2) static
                [3] kind=graphic widget_type=5 trans=200 fill_mode=0 user_id=0x006d0003 (109<<16|3) static graphic=6329 abs=509,208 20x26 hidden=1 ownhide=1
                [4] kind=graphic widget_type=5 trans=0 fill_mode=0 user_id=0x006d0004 (109<<16|4) static graphic=6325 abs=509,208 20x26 hidden=1 ownhide=0
                [5] kind=graphic widget_type=5 trans=200 fill_mode=0 user_id=0x006d0005 (109<<16|5) static graphic=6330 abs=529,208 20x26 hidden=1 ownhide=1
                [6] kind=graphic widget_type=5 trans=0 fill_mode=0 user_id=0x006d0006 (109<<16|6) static graphic=6326 abs=529,208 20x26 hidden=1 ownhide=0
                [7] kind=graphic widget_type=5 trans=200 fill_mode=0 user_id=0x006d0007 (109<<16|7) static graphic=6329 abs=549,208 20x26 hidden=1 ownhide=1
                [8] kind=graphic widget_type=5 trans=0 fill_mode=0 user_id=0x006d0008 (109<<16|8) static graphic=6325 abs=549,208 20x26 hidden=1 ownhide=0
                [9] kind=graphic widget_type=5 trans=0 fill_mode=0 user_id=0x006d0009 (109<<16|9) static graphic=2410 abs=528,210 22x22 hidden=1 ownhide=0
              [10] kind=layer widget_type=0 trans=0 fill_mode=0 user_id=0x006d000a (109<<16|10) static
                [11] kind=graphic widget_type=5 trans=200 fill_mode=0 user_id=0x006d000b (109<<16|11) static graphic=6329 abs=572,208 20x26 hidden=1 ownhide=0
                [12] kind=graphic widget_type=5 trans=0 fill_mode=0 user_id=0x006d000c (109<<16|12) static graphic=6327 abs=572,208 20x26 hidden=1 ownhide=0
                [13] kind=graphic widget_type=5 trans=200 fill_mode=0 user_id=0x006d000d (109<<16|13) static graphic=6330 abs=592,208 20x26 hidden=1 ownhide=0
                [14] kind=graphic widget_type=5 trans=0 fill_mode=0 user_id=0x006d000e (109<<16|14) static graphic=6328 abs=592,208 20x26 hidden=1 ownhide=0
                [15] kind=graphic widget_type=5 trans=200 fill_mode=0 user_id=0x006d000f (109<<16|15) static graphic=6329 abs=612,208 20x26 hidden=1 ownhide=0
                [16] kind=graphic widget_type=5 trans=0 fill_mode=0 user_id=0x006d0010 (109<<16|16) static graphic=6327 abs=612,208 20x26 hidden=1 ownhide=0
                [17] kind=graphic widget_type=5 trans=0 fill_mode=0 user_id=0x006d0011 (109<<16|17) static graphic=2411 abs=591,210 22x22 hidden=1 ownhide=0
              [18] kind=layer widget_type=0 trans=0 fill_mode=0 user_id=0x006d0012 (109<<16|18) static
                [20] kind=graphic widget_type=5 trans=200 fill_mode=0 user_id=0x006d0014 (109<<16|20) static graphic=6329 abs=635,208 20x26 hidden=1 ownhide=0
                [21] kind=graphic widget_type=5 trans=0 fill_mode=0 user_id=0x006d0015 (109<<16|21) static graphic=6327 abs=635,208 20x26 hidden=1 ownhide=0
                [22] kind=graphic widget_type=5 trans=200 fill_mode=0 user_id=0x006d0016 (109<<16|22) static graphic=6330 abs=655,208 20x26 hidden=1 ownhide=0
                [23] kind=graphic widget_type=5 trans=0 fill_mode=0 user_id=0x006d0017 (109<<16|23) static graphic=6328 abs=655,208 20x26 hidden=1 ownhide=0
                [24] kind=graphic widget_type=5 trans=200 fill_mode=0 user_id=0x006d0018 (109<<16|24) static graphic=6329 abs=675,208 20x26 hidden=1 ownhide=0
                [25] kind=graphic widget_type=5 trans=0 fill_mode=0 user_id=0x006d0019 (109<<16|25) static graphic=6327 abs=675,208 20x26 hidden=1 ownhide=0
                [26] kind=graphic widget_type=5 trans=0 fill_mode=0 user_id=0x006d001a (109<<16|26) static graphic=2412 abs=654,210 22x22 hidden=1 ownhide=0
              [19] kind=layer widget_type=0 trans=0 fill_mode=0 user_id=0x006d0013 (109<<16|19) static
                [0] kind=line widget_type=9 trans=0 fill_mode=0 user_id=0x006dacb0 (109<<16|44208) dynamic color=0x0 width=1 dir=0 abs=507,233 4x1 hidden=1 ownhide=0
                [1] kind=line widget_type=9 trans=0 fill_mode=0 user_id=0x006dacb1 (109<<16|44209) dynamic color=0x0 width=1 dir=0 abs=569,233 500x1 hidden=1 ownhide=0
            [27] kind=layer widget_type=0 trans=0 fill_mode=0 user_id=0x006d001b (109<<16|27) static
              [28] kind=layer widget_type=0 trans=0 fill_mode=0 user_id=0x006d001c (109<<16|28) static
                [29] kind=text widget_type=4 trans=0 fill_mode=0 user_id=0x006d001d (109<<16|29) static font=496 color=0xff981f text="Account" abs=507,238 190x22 hidden=1 ownhide=0
                [30] kind=layer widget_type=0 trans=0 fill_mode=0 user_id=0x006d001e (109<<16|30) static
                  [31] kind=text widget_type=4 trans=0 fill_mode=0 user_id=0x006d001f (109<<16|31) static font=495 color=0xff981f text="Membership: <col=ff0000>None</col>" abs=507,261 190x22 hidden=1 ownhide=0
                  [32] kind=layer widget_type=0 trans=0 fill_mode=0 user_id=0x006d0020 (109<<16|32) static
                    [33] kind=graphic widget_type=5 trans=0 fill_mode=0 user_id=0x006d0021 (109<<16|33) static graphic=1701 abs=536,283 132x28 hidden=1 ownhide=0
                    [34] kind=graphic widget_type=5 trans=0 fill_mode=0 user_id=0x006d0022 (109<<16|34) static graphic=2151 abs=541,286 22x22 hidden=1 ownhide=0
                    [35] kind=graphic widget_type=5 trans=0 fill_mode=0 user_id=0x006d0023 (109<<16|35) static graphic=2151 abs=641,286 22x22 hidden=1 ownhide=0
                    [36] kind=text widget_type=4 trans=0 fill_mode=0 user_id=0x006d0024 (109<<16|36) static font=494 color=0xf7f0df text="Upgrade Now" abs=534,281 136x32 hidden=1 ownhide=0
                  [37] kind=layer widget_type=0 trans=0 fill_mode=0 user_id=0x006d0025 (109<<16|37) static
                    [38] kind=graphic widget_type=5 trans=0 fill_mode=0 user_id=0x006d0026 (109<<16|38) static graphic=1701 abs=536,315 132x28 hidden=1 ownhide=0
                    [39] kind=graphic widget_type=5 trans=0 fill_mode=0 user_id=0x006d0027 (109<<16|39) static graphic=2150 abs=541,318 22x22 hidden=1 ownhide=0
                    [40] kind=graphic widget_type=5 trans=0 fill_mode=0 user_id=0x006d0028 (109<<16|40) static graphic=2150 abs=641,318 22x22 hidden=1 ownhide=0
                    [41] kind=text widget_type=4 trans=0 fill_mode=0 user_id=0x006d0029 (109<<16|41) static font=494 color=0xf7f0df text="View Benefits" abs=534,313 136x32 hidden=1 ownhide=0
                [42] kind=layer widget_type=0 trans=0 fill_mode=0 user_id=0x006d002a (109<<16|42) static
                  [43] kind=text widget_type=4 trans=0 fill_mode=0 user_id=0x006d002b (109<<16|43) static font=495 color=0xff981f text="Inbox: 0 unread messages" abs=507,349 190x22 hidden=1 ownhide=0
                  [44] kind=layer widget_type=0 trans=0 fill_mode=0 user_id=0x006d002c (109<<16|44) static
                    [45] kind=graphic widget_type=5 trans=0 fill_mode=0 user_id=0x006d002d (109<<16|45) static graphic=1701 abs=536,371 132x28 hidden=1 ownhide=0
                    [46] kind=graphic widget_type=5 trans=0 fill_mode=0 user_id=0x006d002e (109<<16|46) static graphic=1706 abs=541,374 22x22 hidden=1 ownhide=0
                    [47] kind=graphic widget_type=5 trans=0 fill_mode=0 user_id=0x006d002f (109<<16|47) static graphic=1706 abs=641,374 22x22 hidden=1 ownhide=0
                    [48] kind=text widget_type=4 trans=0 fill_mode=0 user_id=0x006d0030 (109<<16|48) static font=494 color=0xf7f0df text="View Inbox" abs=534,369 136x32 hidden=1 ownhide=0
                [49] kind=layer widget_type=0 trans=0 fill_mode=0 user_id=0x006d0031 (109<<16|49) static
                  [50] kind=text widget_type=4 trans=0 fill_mode=0 user_id=0x006d0032 (109<<16|50) static font=495 color=0xff981f text="Name: <col=ff0000>Not Set</col>" abs=507,405 190x22 hidden=1 ownhide=0
                  [51] kind=layer widget_type=0 trans=0 fill_mode=0 user_id=0x006d0033 (109<<16|51) static
                    [52] kind=graphic widget_type=5 trans=0 fill_mode=0 user_id=0x006d0034 (109<<16|52) static graphic=1701 abs=536,427 132x28 hidden=1 ownhide=0
                    [53] kind=graphic widget_type=5 trans=0 fill_mode=0 user_id=0x006d0035 (109<<16|53) static graphic=1707 abs=541,430 22x22 hidden=1 ownhide=0
                    [54] kind=graphic widget_type=5 trans=0 fill_mode=0 user_id=0x006d0036 (109<<16|54) static graphic=1707 abs=641,430 22x22 hidden=1 ownhide=0
                    [55] kind=text widget_type=4 trans=0 fill_mode=0 user_id=0x006d0037 (109<<16|55) static font=494 color=0xf7f0df text="Set Name" abs=534,425 136x32 hidden=1 ownhide=0
              [56] kind=layer widget_type=0 trans=0 fill_mode=0 user_id=0x006d0038 (109<<16|56) static
                [57] kind=text widget_type=4 trans=0 fill_mode=0 user_id=0x006d0039 (109<<16|57) static font=496 color=0xff981f text="Community" abs=507,238 190x22 hidden=1 ownhide=0
                [58] kind=layer widget_type=0 trans=0 fill_mode=0 user_id=0x006d003a (109<<16|58) static
                  [59] kind=text widget_type=4 trans=0 fill_mode=0 user_id=0x006d003b (109<<16|59) static font=495 color=0xff981f text="Polls: <col=ff0000>Inactive</col>" abs=507,264 190x22 hidden=1 ownhide=0
                  [60] kind=layer widget_type=0 trans=0 fill_mode=0 user_id=0x006d003c (109<<16|60) static
                  [61] kind=layer widget_type=0 trans=0 fill_mode=0 user_id=0x006d003d (109<<16|61) static
                    [62] kind=graphic widget_type=5 trans=0 fill_mode=0 user_id=0x006d003e (109<<16|62) static graphic=1701 abs=536,286 132x28 hidden=1 ownhide=0
                    [63] kind=graphic widget_type=5 trans=0 fill_mode=0 user_id=0x006d003f (109<<16|63) static graphic=2413 abs=541,289 22x22 hidden=1 ownhide=0
                    [64] kind=graphic widget_type=5 trans=0 fill_mode=0 user_id=0x006d0040 (109<<16|64) static graphic=2413 abs=641,289 22x22 hidden=1 ownhide=0
                    [65] kind=text widget_type=4 trans=0 fill_mode=0 user_id=0x006d0041 (109<<16|65) static font=494 color=0xf7f0df text="View Poll" abs=534,284 136x32 hidden=1 ownhide=0
                    [66] kind=graphic widget_type=5 trans=100 fill_mode=0 user_id=0x006d0042 (109<<16|66) static graphic=1701 abs=536,286 132x28 hidden=1 ownhide=0
                  [67] kind=layer widget_type=0 trans=0 fill_mode=0 user_id=0x006d0043 (109<<16|67) static
                    [68] kind=graphic widget_type=5 trans=0 fill_mode=0 user_id=0x006d0044 (109<<16|68) static graphic=1701 abs=536,320 132x28 hidden=1 ownhide=0
                    [69] kind=graphic widget_type=5 trans=0 fill_mode=0 user_id=0x006d0045 (109<<16|69) static graphic=2414 abs=541,323 22x22 hidden=1 ownhide=0
                    [70] kind=graphic widget_type=5 trans=0 fill_mode=0 user_id=0x006d0046 (109<<16|70) static graphic=2414 abs=641,323 22x22 hidden=1 ownhide=0
                    [71] kind=text widget_type=4 trans=0 fill_mode=0 user_id=0x006d0047 (109<<16|71) static font=494 color=0xf7f0df text="View History" abs=534,318 136x32 hidden=1 ownhide=0
                [72] kind=layer widget_type=0 trans=0 fill_mode=0 user_id=0x006d0048 (109<<16|72) static
                  [73] kind=text widget_type=4 trans=0 fill_mode=0 user_id=0x006d0049 (109<<16|73) static font=495 color=0xff981f text="Latest Update" abs=507,357 190x22 hidden=1 ownhide=0
                  [74] kind=layer widget_type=0 trans=0 fill_mode=0 user_id=0x006d004a (109<<16|74) static
                    [75] kind=graphic widget_type=5 trans=0 fill_mode=0 user_id=0x006d004b (109<<16|75) static graphic=1701 abs=536,379 132x28 hidden=1 ownhide=0
                    [76] kind=graphic widget_type=5 trans=0 fill_mode=0 user_id=0x006d004c (109<<16|76) static graphic=2415 abs=541,382 22x22 hidden=1 ownhide=0
                    [77] kind=graphic widget_type=5 trans=0 fill_mode=0 user_id=0x006d004d (109<<16|77) static graphic=2415 abs=641,382 22x22 hidden=1 ownhide=0
                    [78] kind=text widget_type=4 trans=0 fill_mode=0 user_id=0x006d004e (109<<16|78) static font=494 color=0xf7f0df text="View Newspost" abs=534,377 136x32 hidden=1 ownhide=0
                  [79] kind=layer widget_type=0 trans=0 fill_mode=0 user_id=0x006d004f (109<<16|79) static
                    [80] kind=graphic widget_type=5 trans=0 fill_mode=0 user_id=0x006d0050 (109<<16|80) static graphic=1701 abs=536,413 132x28 hidden=1 ownhide=0
                    [81] kind=graphic widget_type=5 trans=0 fill_mode=0 user_id=0x006d0051 (109<<16|81) static graphic=2416 abs=541,416 22x22 hidden=1 ownhide=0
                    [82] kind=graphic widget_type=5 trans=0 fill_mode=0 user_id=0x006d0052 (109<<16|82) static graphic=2416 abs=641,416 22x22 hidden=1 ownhide=0
                    [83] kind=text widget_type=4 trans=0 fill_mode=0 user_id=0x006d0053 (109<<16|83) static font=494 color=0xf7f0df text="View Archive" abs=534,411 136x32 hidden=1 ownhide=0
              [84] kind=layer widget_type=0 trans=0 fill_mode=0 user_id=0x006d0054 (109<<16|84) static
                [85] kind=text widget_type=4 trans=0 fill_mode=0 user_id=0x006d0055 (109<<16|85) static font=496 color=0xff981f text="Useful Links" abs=507,238 190x22 hidden=1 ownhide=0
                [86] kind=layer widget_type=0 trans=0 fill_mode=0 user_id=0x006d0056 (109<<16|86) static
                  [87] kind=layer widget_type=0 trans=0 fill_mode=0 user_id=0x006d0057 (109<<16|87) static
                    [0] kind=graphic widget_type=5 trans=0 fill_mode=0 user_id=0x006dacb2 (109<<16|44210) dynamic graphic=1141 abs=514,265 6x6 hidden=1 ownhide=0
                    [1] kind=graphic widget_type=5 trans=0 fill_mode=0 user_id=0x006dacb3 (109<<16|44211) dynamic graphic=1142 abs=520,265 72x6 hidden=1 ownhide=0
                    [2] kind=graphic widget_type=5 trans=0 fill_mode=0 user_id=0x006dacb4 (109<<16|44212) dynamic graphic=1143 abs=592,265 6x6 hidden=1 ownhide=0
                    [3] kind=graphic widget_type=5 trans=0 fill_mode=0 user_id=0x006dacb5 (109<<16|44213) dynamic graphic=1144 abs=514,271 6x18 hidden=1 ownhide=0
                    [4] kind=graphic widget_type=5 trans=0 fill_mode=0 user_id=0x006dacb6 (109<<16|44214) dynamic graphic=1145 abs=520,271 72x18 hidden=1 ownhide=0
                    [5] kind=graphic widget_type=5 trans=0 fill_mode=0 user_id=0x006dacb7 (109<<16|44215) dynamic graphic=1146 abs=592,271 6x18 hidden=1 ownhide=0
                    [6] kind=graphic widget_type=5 trans=0 fill_mode=0 user_id=0x006dacb8 (109<<16|44216) dynamic graphic=1147 abs=514,289 6x6 hidden=1 ownhide=0
                    [7] kind=graphic widget_type=5 trans=0 fill_mode=0 user_id=0x006dacb9 (109<<16|44217) dynamic graphic=1148 abs=520,289 72x6 hidden=1 ownhide=0
                    [8] kind=graphic widget_type=5 trans=0 fill_mode=0 user_id=0x006dacba (109<<16|44218) dynamic graphic=1149 abs=592,289 6x6 hidden=1 ownhide=0
                    [9] kind=text widget_type=4 trans=0 fill_mode=0 user_id=0x006dacbb (109<<16|44219) dynamic font=494 color=0xf7f0df text="Old School Website" abs=514,265 84x30 hidden=1 ownhide=0
                  [88] kind=layer widget_type=0 trans=0 fill_mode=0 user_id=0x006d0058 (109<<16|88) static
                    [0] kind=graphic widget_type=5 trans=0 fill_mode=0 user_id=0x006dacbc (109<<16|44220) dynamic graphic=1141 abs=606,265 6x6 hidden=1 ownhide=0
                    [1] kind=graphic widget_type=5 trans=0 fill_mode=0 user_id=0x006dacbd (109<<16|44221) dynamic graphic=1142 abs=612,265 72x6 hidden=1 ownhide=0
                    [2] kind=graphic widget_type=5 trans=0 fill_mode=0 user_id=0x006dacbe (109<<16|44222) dynamic graphic=1143 abs=684,265 6x6 hidden=1 ownhide=0
                    [3] kind=graphic widget_type=5 trans=0 fill_mode=0 user_id=0x006dacbf (109<<16|44223) dynamic graphic=1144 abs=606,271 6x18 hidden=1 ownhide=0
                    [4] kind=graphic widget_type=5 trans=0 fill_mode=0 user_id=0x006dacc0 (109<<16|44224) dynamic graphic=1145 abs=612,271 72x18 hidden=1 ownhide=0
                    [5] kind=graphic widget_type=5 trans=0 fill_mode=0 user_id=0x006dacc1 (109<<16|44225) dynamic graphic=1146 abs=684,271 6x18 hidden=1 ownhide=0
                    [6] kind=graphic widget_type=5 trans=0 fill_mode=0 user_id=0x006dacc2 (109<<16|44226) dynamic graphic=1147 abs=606,289 6x6 hidden=1 ownhide=0
                    [7] kind=graphic widget_type=5 trans=0 fill_mode=0 user_id=0x006dacc3 (109<<16|44227) dynamic graphic=1148 abs=612,289 72x6 hidden=1 ownhide=0
                    [8] kind=graphic widget_type=5 trans=0 fill_mode=0 user_id=0x006dacc4 (109<<16|44228) dynamic graphic=1149 abs=684,289 6x6 hidden=1 ownhide=0
                    [9] kind=text widget_type=4 trans=0 fill_mode=0 user_id=0x006dacc5 (109<<16|44229) dynamic font=494 color=0xf7f0df text="Customer Support" abs=606,265 84x30 hidden=1 ownhide=0
                  [89] kind=layer widget_type=0 trans=0 fill_mode=0 user_id=0x006d0059 (109<<16|89) static
                    [0] kind=graphic widget_type=5 trans=0 fill_mode=0 user_id=0x006dacc6 (109<<16|44230) dynamic graphic=1141 abs=514,303 6x6 hidden=1 ownhide=0
                    [1] kind=graphic widget_type=5 trans=0 fill_mode=0 user_id=0x006dacc7 (109<<16|44231) dynamic graphic=1142 abs=520,303 72x6 hidden=1 ownhide=0
                    [2] kind=graphic widget_type=5 trans=0 fill_mode=0 user_id=0x006dacc8 (109<<16|44232) dynamic graphic=1143 abs=592,303 6x6 hidden=1 ownhide=0
                    [3] kind=graphic widget_type=5 trans=0 fill_mode=0 user_id=0x006dacc9 (109<<16|44233) dynamic graphic=1144 abs=514,309 6x18 hidden=1 ownhide=0
                    [4] kind=graphic widget_type=5 trans=0 fill_mode=0 user_id=0x006dacca (109<<16|44234) dynamic graphic=1145 abs=520,309 72x18 hidden=1 ownhide=0
                    [5] kind=graphic widget_type=5 trans=0 fill_mode=0 user_id=0x006daccb (109<<16|44235) dynamic graphic=1146 abs=592,309 6x18 hidden=1 ownhide=0
                    [6] kind=graphic widget_type=5 trans=0 fill_mode=0 user_id=0x006daccc (109<<16|44236) dynamic graphic=1147 abs=514,327 6x6 hidden=1 ownhide=0
                    [7] kind=graphic widget_type=5 trans=0 fill_mode=0 user_id=0x006daccd (109<<16|44237) dynamic graphic=1148 abs=520,327 72x6 hidden=1 ownhide=0
                    [8] kind=graphic widget_type=5 trans=0 fill_mode=0 user_id=0x006dacce (109<<16|44238) dynamic graphic=1149 abs=592,327 6x6 hidden=1 ownhide=0
                    [9] kind=text widget_type=4 trans=0 fill_mode=0 user_id=0x006daccf (109<<16|44239) dynamic font=494 color=0xf7f0df text="Grand<br>Exchange" abs=514,303 84x30 hidden=1 ownhide=0
                  [90] kind=layer widget_type=0 trans=0 fill_mode=0 user_id=0x006d005a (109<<16|90) static
                    [0] kind=graphic widget_type=5 trans=0 fill_mode=0 user_id=0x006dacd0 (109<<16|44240) dynamic graphic=1141 abs=606,303 6x6 hidden=1 ownhide=0
                    [1] kind=graphic widget_type=5 trans=0 fill_mode=0 user_id=0x006dacd1 (109<<16|44241) dynamic graphic=1142 abs=612,303 72x6 hidden=1 ownhide=0
                    [2] kind=graphic widget_type=5 trans=0 fill_mode=0 user_id=0x006dacd2 (109<<16|44242) dynamic graphic=1143 abs=684,303 6x6 hidden=1 ownhide=0
                    [3] kind=graphic widget_type=5 trans=0 fill_mode=0 user_id=0x006dacd3 (109<<16|44243) dynamic graphic=1144 abs=606,309 6x18 hidden=1 ownhide=0
                    [4] kind=graphic widget_type=5 trans=0 fill_mode=0 user_id=0x006dacd4 (109<<16|44244) dynamic graphic=1145 abs=612,309 72x18 hidden=1 ownhide=0
                    [5] kind=graphic widget_type=5 trans=0 fill_mode=0 user_id=0x006dacd5 (109<<16|44245) dynamic graphic=1146 abs=684,309 6x18 hidden=1 ownhide=0
                    [6] kind=graphic widget_type=5 trans=0 fill_mode=0 user_id=0x006dacd6 (109<<16|44246) dynamic graphic=1147 abs=606,327 6x6 hidden=1 ownhide=0
                    [7] kind=graphic widget_type=5 trans=0 fill_mode=0 user_id=0x006dacd7 (109<<16|44247) dynamic graphic=1148 abs=612,327 72x6 hidden=1 ownhide=0
                    [8] kind=graphic widget_type=5 trans=0 fill_mode=0 user_id=0x006dacd8 (109<<16|44248) dynamic graphic=1149 abs=684,327 6x6 hidden=1 ownhide=0
                    [9] kind=text widget_type=4 trans=0 fill_mode=0 user_id=0x006dacd9 (109<<16|44249) dynamic font=494 color=0xf7f0df text="Hiscores" abs=606,303 84x30 hidden=1 ownhide=0
                  [91] kind=layer widget_type=0 trans=0 fill_mode=0 user_id=0x006d005b (109<<16|91) static
                    [0] kind=graphic widget_type=5 trans=0 fill_mode=0 user_id=0x006dacda (109<<16|44250) dynamic graphic=1141 abs=514,341 6x6 hidden=1 ownhide=0
                    [1] kind=graphic widget_type=5 trans=0 fill_mode=0 user_id=0x006dacdb (109<<16|44251) dynamic graphic=1142 abs=520,341 72x6 hidden=1 ownhide=0
                    [2] kind=graphic widget_type=5 trans=0 fill_mode=0 user_id=0x006dacdc (109<<16|44252) dynamic graphic=1143 abs=592,341 6x6 hidden=1 ownhide=0
                    [3] kind=graphic widget_type=5 trans=0 fill_mode=0 user_id=0x006dacdd (109<<16|44253) dynamic graphic=1144 abs=514,347 6x18 hidden=1 ownhide=0
                    [4] kind=graphic widget_type=5 trans=0 fill_mode=0 user_id=0x006dacde (109<<16|44254) dynamic graphic=1145 abs=520,347 72x18 hidden=1 ownhide=0
                    [5] kind=graphic widget_type=5 trans=0 fill_mode=0 user_id=0x006dacdf (109<<16|44255) dynamic graphic=1146 abs=592,347 6x18 hidden=1 ownhide=0
                    [6] kind=graphic widget_type=5 trans=0 fill_mode=0 user_id=0x006dace0 (109<<16|44256) dynamic graphic=1147 abs=514,365 6x6 hidden=1 ownhide=0
                    [7] kind=graphic widget_type=5 trans=0 fill_mode=0 user_id=0x006dace1 (109<<16|44257) dynamic graphic=1148 abs=520,365 72x6 hidden=1 ownhide=0
                    [8] kind=graphic widget_type=5 trans=0 fill_mode=0 user_id=0x006dace2 (109<<16|44258) dynamic graphic=1149 abs=592,365 6x6 hidden=1 ownhide=0
                    [9] kind=text widget_type=4 trans=0 fill_mode=0 user_id=0x006dace3 (109<<16|44259) dynamic font=494 color=0xf7f0df text="Old School Wiki" abs=514,341 84x30 hidden=1 ownhide=0
                  [92] kind=layer widget_type=0 trans=0 fill_mode=0 user_id=0x006d005c (109<<16|92) static
                    [0] kind=graphic widget_type=5 trans=0 fill_mode=0 user_id=0x006dace4 (109<<16|44260) dynamic graphic=1141 abs=606,341 6x6 hidden=1 ownhide=0
                    [1] kind=graphic widget_type=5 trans=0 fill_mode=0 user_id=0x006dace5 (109<<16|44261) dynamic graphic=1142 abs=612,341 72x6 hidden=1 ownhide=0
                    [2] kind=graphic widget_type=5 trans=0 fill_mode=0 user_id=0x006dace6 (109<<16|44262) dynamic graphic=1143 abs=684,341 6x6 hidden=1 ownhide=0
                    [3] kind=graphic widget_type=5 trans=0 fill_mode=0 user_id=0x006dace7 (109<<16|44263) dynamic graphic=1144 abs=606,347 6x18 hidden=1 ownhide=0
                    [4] kind=graphic widget_type=5 trans=0 fill_mode=0 user_id=0x006dace8 (109<<16|44264) dynamic graphic=1145 abs=612,347 72x18 hidden=1 ownhide=0
                    [5] kind=graphic widget_type=5 trans=0 fill_mode=0 user_id=0x006dace9 (109<<16|44265) dynamic graphic=1146 abs=684,347 6x18 hidden=1 ownhide=0
                    [6] kind=graphic widget_type=5 trans=0 fill_mode=0 user_id=0x006dacea (109<<16|44266) dynamic graphic=1147 abs=606,365 6x6 hidden=1 ownhide=0
                    [7] kind=graphic widget_type=5 trans=0 fill_mode=0 user_id=0x006daceb (109<<16|44267) dynamic graphic=1148 abs=612,365 72x6 hidden=1 ownhide=0
                    [8] kind=graphic widget_type=5 trans=0 fill_mode=0 user_id=0x006dacec (109<<16|44268) dynamic graphic=1149 abs=684,365 6x6 hidden=1 ownhide=0
                    [9] kind=text widget_type=4 trans=0 fill_mode=0 user_id=0x006daced (109<<16|44269) dynamic font=494 color=0xf7f0df text="Merchandise" abs=606,341 84x30 hidden=1 ownhide=0
                  [93] kind=layer widget_type=0 trans=0 fill_mode=0 user_id=0x006d005d (109<<16|93) static
        [85] kind=layer widget_type=0 trans=0 fill_mode=0 user_id=0x00a10055 (161<<16|85) static
          [0] kind=layer widget_type=0 trans=0 fill_mode=0 user_id=0x01ad0000 (429<<16|0) static
            [1] kind=layer widget_type=0 trans=0 fill_mode=0 user_id=0x01ad0001 (429<<16|1) static
              [2] kind=graphic widget_type=5 trans=0 fill_mode=0 user_id=0x01ad0002 (429<<16|2) static graphic=1703 abs=678,206 17x18 hidden=1 ownhide=0
            [3] kind=text widget_type=4 trans=0 fill_mode=0 user_id=0x01ad0003 (429<<16|3) static font=496 color=0xff981f text="Friends List - World 1" abs=507,206 170x20 hidden=1 ownhide=0
            [4] kind=layer widget_type=0 trans=0 fill_mode=0 user_id=0x01ad0004 (429<<16|4) static
              [0] kind=graphic widget_type=5 trans=0 fill_mode=0 user_id=0x01adacf8 (429<<16|44280) dynamic graphic=310 abs=509,225 25x30 hidden=1 ownhide=0
              [1] kind=graphic widget_type=5 trans=0 fill_mode=0 user_id=0x01adacf9 (429<<16|44281) dynamic graphic=311 abs=670,225 25x30 hidden=1 ownhide=0
              [2] kind=graphic widget_type=5 trans=0 fill_mode=0 user_id=0x01adacfa (429<<16|44282) dynamic graphic=312 abs=509,400 25x30 hidden=1 ownhide=0
              [3] kind=graphic widget_type=5 trans=0 fill_mode=0 user_id=0x01adacfb (429<<16|44283) dynamic graphic=313 abs=670,400 25x30 hidden=1 ownhide=0
              [4] kind=graphic widget_type=5 trans=0 fill_mode=0 user_id=0x01adacfc (429<<16|44284) dynamic graphic=172 abs=494,255 36x145 hidden=1 ownhide=0
              [5] kind=graphic widget_type=5 trans=0 fill_mode=0 user_id=0x01adacfd (429<<16|44285) dynamic graphic=315 abs=674,255 36x145 hidden=1 ownhide=0
              [6] kind=graphic widget_type=5 trans=0 fill_mode=0 user_id=0x01adacfe (429<<16|44286) dynamic graphic=314 abs=534,210 136x36 hidden=1 ownhide=0
              [7] kind=graphic widget_type=5 trans=0 fill_mode=0 user_id=0x01adacff (429<<16|44287) dynamic graphic=173 abs=534,409 136x36 hidden=1 ownhide=0
              [5] kind=layer widget_type=0 trans=0 fill_mode=0 user_id=0x01ad0005 (429<<16|5) static
                [6] kind=layer widget_type=0 trans=0 fill_mode=0 user_id=0x01ad0006 (429<<16|6) static
                  [0] kind=rectangle widget_type=3 trans=0 fill_mode=0 user_id=0x01adad00 (429<<16|44288) dynamic abs=513,229 178x13 hidden=1 ownhide=0
                  [1] kind=rectangle widget_type=3 trans=0 fill_mode=0 user_id=0x01adad01 (429<<16|44289) dynamic abs=514,230 176x11 hidden=1 ownhide=0
                  [7] kind=layer widget_type=0 trans=0 fill_mode=0 user_id=0x01ad0007 (429<<16|7) static
                    [0] kind=graphic widget_type=5 trans=100 fill_mode=0 user_id=0x01adacf4 (429<<16|44276) dynamic graphic=1050 abs=538,233 7x5 hidden=1 ownhide=0
                  [8] kind=layer widget_type=0 trans=0 fill_mode=0 user_id=0x01ad0008 (429<<16|8) static
                    [0] kind=graphic widget_type=5 trans=100 fill_mode=0 user_id=0x01adacf5 (429<<16|44277) dynamic graphic=1050 abs=590,233 7x5 hidden=1 ownhide=0
                  [9] kind=layer widget_type=0 trans=0 fill_mode=0 user_id=0x01ad0009 (429<<16|9) static
                    [0] kind=graphic widget_type=5 trans=100 fill_mode=0 user_id=0x01adacf6 (429<<16|44278) dynamic graphic=1050 abs=642,233 7x5 hidden=1 ownhide=0
                  [10] kind=layer widget_type=0 trans=0 fill_mode=0 user_id=0x01ad000a (429<<16|10) static
                    [0] kind=graphic widget_type=5 trans=0 fill_mode=0 user_id=0x01adacf7 (429<<16|44279) dynamic graphic=1050 abs=677,233 7x5 hidden=1 ownhide=0
                [11] kind=layer widget_type=0 trans=0 fill_mode=0 user_id=0x01ad000b (429<<16|11) static
                [12] kind=layer widget_type=0 trans=0 fill_mode=0 user_id=0x01ad000c (429<<16|12) static
                  [0] kind=graphic widget_type=5 trans=0 fill_mode=0 user_id=0x01adacee (429<<16|44270) dynamic graphic=792 abs=673,258 16x150 hidden=1 ownhide=0
                  [1] kind=graphic widget_type=5 trans=0 fill_mode=0 user_id=0x01adacef (429<<16|44271) dynamic graphic=790 abs=673,258 16x150 hidden=1 ownhide=0
                  [2] kind=graphic widget_type=5 trans=0 fill_mode=0 user_id=0x01adacf0 (429<<16|44272) dynamic graphic=789 abs=673,258 16x5 hidden=1 ownhide=0
                  [3] kind=graphic widget_type=5 trans=0 fill_mode=0 user_id=0x01adacf1 (429<<16|44273) dynamic graphic=791 abs=673,403 16x5 hidden=1 ownhide=0
                  [4] kind=graphic widget_type=5 trans=0 fill_mode=0 user_id=0x01adacf2 (429<<16|44274) dynamic graphic=773 abs=673,242 16x16 hidden=1 ownhide=0
                  [5] kind=graphic widget_type=5 trans=0 fill_mode=0 user_id=0x01adacf3 (429<<16|44275) dynamic graphic=788 abs=673,408 16x16 hidden=1 ownhide=0
              [13] kind=text widget_type=4 trans=0 fill_mode=0 user_id=0x01ad000d (429<<16|13) static font=495 color=0xffffff text="You may add friends by using the button below, or by right-clicking on a message from them and selecting to add them as a friend." abs=521,231 162x102 hidden=1 ownhide=0
            [14] kind=graphic widget_type=5 trans=0 fill_mode=0 user_id=0x01ad000e (429<<16|14) static graphic=293 abs=525,430 72x36 hidden=1 ownhide=0
            [15] kind=text widget_type=4 trans=0 fill_mode=0 user_id=0x01ad000f (429<<16|15) static font=494 color=0xff981f text="Add Friend" abs=525,430 72x36 hidden=1 ownhide=0
            [16] kind=graphic widget_type=5 trans=0 fill_mode=0 user_id=0x01ad0010 (429<<16|16) static graphic=293 abs=607,430 72x36 hidden=1 ownhide=0
            [17] kind=text widget_type=4 trans=0 fill_mode=0 user_id=0x01ad0011 (429<<16|17) static font=494 color=0xff981f text="Del Friend" abs=607,430 72x36 hidden=1 ownhide=0
            [18] kind=layer widget_type=0 trans=0 fill_mode=0 user_id=0x01ad0012 (429<<16|18) static
        [86] kind=layer widget_type=0 trans=0 fill_mode=0 user_id=0x00a10056 (161<<16|86) static
          [0] kind=layer widget_type=0 trans=0 fill_mode=0 user_id=0x00b60000 (182<<16|0) static
            [1] kind=layer widget_type=0 trans=0 fill_mode=0 user_id=0x00b60001 (182<<16|1) static
              [2] kind=text widget_type=4 trans=0 fill_mode=0 user_id=0x00b60002 (182<<16|2) static font=495 color=0xff981f text="Use the buttons below to<br>logout or switch worlds safely." abs=507,272 190x40 hidden=1 ownhide=0
              [3] kind=layer widget_type=0 trans=0 fill_mode=0 user_id=0x00b60003 (182<<16|3) static
                [4] kind=graphic widget_type=5 trans=0 fill_mode=0 user_id=0x00b60004 (182<<16|4) static graphic=1048 abs=556,339 94x36 hidden=1 ownhide=0
                [5] kind=graphic widget_type=5 trans=0 fill_mode=0 user_id=0x00b60005 (182<<16|5) static graphic=174 abs=530,339 36x36 hidden=1 ownhide=0
                [6] kind=graphic widget_type=5 trans=0 fill_mode=0 user_id=0x00b60006 (182<<16|6) static graphic=176 abs=638,339 36x36 hidden=1 ownhide=0
                [7] kind=text widget_type=4 trans=0 fill_mode=0 user_id=0x00b60007 (182<<16|7) static font=496 color=0xf7f0df text="World Switcher" abs=530,339 144x36 hidden=1 ownhide=0
              [8] kind=layer widget_type=0 trans=0 fill_mode=0 user_id=0x00b60008 (182<<16|8) static
                [9] kind=graphic widget_type=5 trans=0 fill_mode=0 user_id=0x00b60009 (182<<16|9) static graphic=1049 abs=556,406 94x36 hidden=1 ownhide=0
                [10] kind=graphic widget_type=5 trans=0 fill_mode=0 user_id=0x00b6000a (182<<16|10) static graphic=177 abs=530,406 36x36 hidden=1 ownhide=0
                [11] kind=graphic widget_type=5 trans=0 fill_mode=0 user_id=0x00b6000b (182<<16|11) static graphic=178 abs=638,406 36x36 hidden=1 ownhide=0
                [12] kind=text widget_type=4 trans=0 fill_mode=0 user_id=0x00b6000c (182<<16|12) static font=496 color=0xf7f0df text="Click here to logout" abs=530,406 144x36 hidden=1 ownhide=0
            [13] kind=layer widget_type=0 trans=0 fill_mode=0 user_id=0x00b6000d (182<<16|13) static
              [14] kind=text widget_type=4 trans=0 fill_mode=0 user_id=0x00b6000e (182<<16|14) static font=495 color=0xff981f text="" abs=507,216 190x40 hidden=1 ownhide=0
              [15] kind=layer widget_type=0 trans=0 fill_mode=0 user_id=0x00b6000f (182<<16|15) static
                [16] kind=layer widget_type=0 trans=0 fill_mode=0 user_id=0x00b60010 (182<<16|16) static
                  [0] kind=graphic widget_type=5 trans=0 fill_mode=0 user_id=0x00b6ad02 (182<<16|44290) dynamic graphic=1141 abs=532,265 6x6 hidden=1 ownhide=0
                  [1] kind=graphic widget_type=5 trans=0 fill_mode=0 user_id=0x00b6ad03 (182<<16|44291) dynamic graphic=1142 abs=538,265 53x6 hidden=1 ownhide=0
                  [2] kind=graphic widget_type=5 trans=0 fill_mode=0 user_id=0x00b6ad04 (182<<16|44292) dynamic graphic=1143 abs=591,265 6x6 hidden=1 ownhide=0
                  [3] kind=graphic widget_type=5 trans=0 fill_mode=0 user_id=0x00b6ad05 (182<<16|44293) dynamic graphic=1144 abs=532,271 6x24 hidden=1 ownhide=0
                  [4] kind=graphic widget_type=5 trans=0 fill_mode=0 user_id=0x00b6ad06 (182<<16|44294) dynamic graphic=1145 abs=538,271 53x24 hidden=1 ownhide=0
                  [5] kind=graphic widget_type=5 trans=0 fill_mode=0 user_id=0x00b6ad07 (182<<16|44295) dynamic graphic=1146 abs=591,271 6x24 hidden=1 ownhide=0
                  [6] kind=graphic widget_type=5 trans=0 fill_mode=0 user_id=0x00b6ad08 (182<<16|44296) dynamic graphic=1147 abs=532,295 6x6 hidden=1 ownhide=0
                  [7] kind=graphic widget_type=5 trans=0 fill_mode=0 user_id=0x00b6ad09 (182<<16|44297) dynamic graphic=1148 abs=538,295 53x6 hidden=1 ownhide=0
                  [8] kind=graphic widget_type=5 trans=0 fill_mode=0 user_id=0x00b6ad0a (182<<16|44298) dynamic graphic=1149 abs=591,295 6x6 hidden=1 ownhide=0
                  [9] kind=graphic widget_type=5 trans=0 fill_mode=0 user_id=0x00b6ad0b (182<<16|44299) dynamic graphic=1600 abs=548,267 32x32 hidden=1 ownhide=0
                [17] kind=layer widget_type=0 trans=0 fill_mode=0 user_id=0x00b60011 (182<<16|17) static
                  [0] kind=graphic widget_type=5 trans=0 fill_mode=0 user_id=0x00b6ad0c (182<<16|44300) dynamic graphic=1141 abs=607,265 6x6 hidden=1 ownhide=0
                  [1] kind=graphic widget_type=5 trans=0 fill_mode=0 user_id=0x00b6ad0d (182<<16|44301) dynamic graphic=1142 abs=613,265 53x6 hidden=1 ownhide=0
                  [2] kind=graphic widget_type=5 trans=0 fill_mode=0 user_id=0x00b6ad0e (182<<16|44302) dynamic graphic=1143 abs=666,265 6x6 hidden=1 ownhide=0
                  [3] kind=graphic widget_type=5 trans=0 fill_mode=0 user_id=0x00b6ad0f (182<<16|44303) dynamic graphic=1144 abs=607,271 6x24 hidden=1 ownhide=0
                  [4] kind=graphic widget_type=5 trans=0 fill_mode=0 user_id=0x00b6ad10 (182<<16|44304) dynamic graphic=1145 abs=613,271 53x24 hidden=1 ownhide=0
                  [5] kind=graphic widget_type=5 trans=0 fill_mode=0 user_id=0x00b6ad11 (182<<16|44305) dynamic graphic=1146 abs=666,271 6x24 hidden=1 ownhide=0
                  [6] kind=graphic widget_type=5 trans=0 fill_mode=0 user_id=0x00b6ad12 (182<<16|44306) dynamic graphic=1147 abs=607,295 6x6 hidden=1 ownhide=0
                  [7] kind=graphic widget_type=5 trans=0 fill_mode=0 user_id=0x00b6ad13 (182<<16|44307) dynamic graphic=1148 abs=613,295 53x6 hidden=1 ownhide=0
                  [8] kind=graphic widget_type=5 trans=0 fill_mode=0 user_id=0x00b6ad14 (182<<16|44308) dynamic graphic=1149 abs=666,295 6x6 hidden=1 ownhide=0
                  [9] kind=graphic widget_type=5 trans=0 fill_mode=0 user_id=0x00b6ad15 (182<<16|44309) dynamic graphic=1601 abs=623,267 32x32 hidden=1 ownhide=0
              [18] kind=layer widget_type=0 trans=0 fill_mode=0 user_id=0x00b60012 (182<<16|18) static
                [19] kind=layer widget_type=0 trans=0 fill_mode=0 user_id=0x00b60013 (182<<16|19) static
                  [0] kind=graphic widget_type=5 trans=0 fill_mode=0 user_id=0x00b6ad16 (182<<16|44310) dynamic graphic=1141 abs=512,265 6x6 hidden=1 ownhide=0
                  [1] kind=graphic widget_type=5 trans=0 fill_mode=0 user_id=0x00b6ad17 (182<<16|44311) dynamic graphic=1142 abs=518,265 20x6 hidden=1 ownhide=0
                  [2] kind=graphic widget_type=5 trans=0 fill_mode=0 user_id=0x00b6ad18 (182<<16|44312) dynamic graphic=1143 abs=538,265 6x6 hidden=1 ownhide=0
                  [3] kind=graphic widget_type=5 trans=0 fill_mode=0 user_id=0x00b6ad19 (182<<16|44313) dynamic graphic=1144 abs=512,271 6x24 hidden=1 ownhide=0
                  [4] kind=graphic widget_type=5 trans=0 fill_mode=0 user_id=0x00b6ad1a (182<<16|44314) dynamic graphic=1145 abs=518,271 20x24 hidden=1 ownhide=0
                  [5] kind=graphic widget_type=5 trans=0 fill_mode=0 user_id=0x00b6ad1b (182<<16|44315) dynamic graphic=1146 abs=538,271 6x24 hidden=1 ownhide=0
                  [6] kind=graphic widget_type=5 trans=0 fill_mode=0 user_id=0x00b6ad1c (182<<16|44316) dynamic graphic=1147 abs=512,295 6x6 hidden=1 ownhide=0
                  [7] kind=graphic widget_type=5 trans=0 fill_mode=0 user_id=0x00b6ad1d (182<<16|44317) dynamic graphic=1148 abs=518,295 20x6 hidden=1 ownhide=0
                  [8] kind=graphic widget_type=5 trans=0 fill_mode=0 user_id=0x00b6ad1e (182<<16|44318) dynamic graphic=1149 abs=538,295 6x6 hidden=1 ownhide=0
                  [9] kind=graphic widget_type=5 trans=0 fill_mode=0 user_id=0x00b6ad1f (182<<16|44319) dynamic graphic=6307 abs=519,268 18x30 hidden=1 ownhide=0
                [20] kind=layer widget_type=0 trans=0 fill_mode=0 user_id=0x00b60014 (182<<16|20) static
                  [0] kind=graphic widget_type=5 trans=0 fill_mode=0 user_id=0x00b6ad20 (182<<16|44320) dynamic graphic=1141 abs=549,265 6x6 hidden=1 ownhide=0
                  [1] kind=graphic widget_type=5 trans=0 fill_mode=0 user_id=0x00b6ad21 (182<<16|44321) dynamic graphic=1142 abs=555,265 20x6 hidden=1 ownhide=0
                  [2] kind=graphic widget_type=5 trans=0 fill_mode=0 user_id=0x00b6ad22 (182<<16|44322) dynamic graphic=1143 abs=575,265 6x6 hidden=1 ownhide=0
                  [3] kind=graphic widget_type=5 trans=0 fill_mode=0 user_id=0x00b6ad23 (182<<16|44323) dynamic graphic=1144 abs=549,271 6x24 hidden=1 ownhide=0
                  [4] kind=graphic widget_type=5 trans=0 fill_mode=0 user_id=0x00b6ad24 (182<<16|44324) dynamic graphic=1145 abs=555,271 20x24 hidden=1 ownhide=0
                  [5] kind=graphic widget_type=5 trans=0 fill_mode=0 user_id=0x00b6ad25 (182<<16|44325) dynamic graphic=1146 abs=575,271 6x24 hidden=1 ownhide=0
                  [6] kind=graphic widget_type=5 trans=0 fill_mode=0 user_id=0x00b6ad26 (182<<16|44326) dynamic graphic=1147 abs=549,295 6x6 hidden=1 ownhide=0
                  [7] kind=graphic widget_type=5 trans=0 fill_mode=0 user_id=0x00b6ad27 (182<<16|44327) dynamic graphic=1148 abs=555,295 20x6 hidden=1 ownhide=0
                  [8] kind=graphic widget_type=5 trans=0 fill_mode=0 user_id=0x00b6ad28 (182<<16|44328) dynamic graphic=1149 abs=575,295 6x6 hidden=1 ownhide=0
                  [9] kind=graphic widget_type=5 trans=0 fill_mode=0 user_id=0x00b6ad29 (182<<16|44329) dynamic graphic=6306 abs=556,268 18x30 hidden=1 ownhide=0
                [21] kind=layer widget_type=0 trans=0 fill_mode=0 user_id=0x00b60015 (182<<16|21) static
                  [0] kind=graphic widget_type=5 trans=0 fill_mode=0 user_id=0x00b6ad2a (182<<16|44330) dynamic graphic=1141 abs=586,265 6x6 hidden=1 ownhide=0
                  [1] kind=graphic widget_type=5 trans=0 fill_mode=0 user_id=0x00b6ad2b (182<<16|44331) dynamic graphic=1142 abs=592,265 20x6 hidden=1 ownhide=0
                  [2] kind=graphic widget_type=5 trans=0 fill_mode=0 user_id=0x00b6ad2c (182<<16|44332) dynamic graphic=1143 abs=612,265 6x6 hidden=1 ownhide=0
                  [3] kind=graphic widget_type=5 trans=0 fill_mode=0 user_id=0x00b6ad2d (182<<16|44333) dynamic graphic=1144 abs=586,271 6x24 hidden=1 ownhide=0
                  [4] kind=graphic widget_type=5 trans=0 fill_mode=0 user_id=0x00b6ad2e (182<<16|44334) dynamic graphic=1145 abs=592,271 20x24 hidden=1 ownhide=0
                  [5] kind=graphic widget_type=5 trans=0 fill_mode=0 user_id=0x00b6ad2f (182<<16|44335) dynamic graphic=1146 abs=612,271 6x24 hidden=1 ownhide=0
                  [6] kind=graphic widget_type=5 trans=0 fill_mode=0 user_id=0x00b6ad30 (182<<16|44336) dynamic graphic=1147 abs=586,295 6x6 hidden=1 ownhide=0
                  [7] kind=graphic widget_type=5 trans=0 fill_mode=0 user_id=0x00b6ad31 (182<<16|44337) dynamic graphic=1148 abs=592,295 20x6 hidden=1 ownhide=0
                  [8] kind=graphic widget_type=5 trans=0 fill_mode=0 user_id=0x00b6ad32 (182<<16|44338) dynamic graphic=1149 abs=612,295 6x6 hidden=1 ownhide=0
                  [9] kind=graphic widget_type=5 trans=0 fill_mode=0 user_id=0x00b6ad33 (182<<16|44339) dynamic graphic=6305 abs=593,268 18x30 hidden=1 ownhide=0
                [22] kind=layer widget_type=0 trans=0 fill_mode=0 user_id=0x00b60016 (182<<16|22) static
                  [0] kind=graphic widget_type=5 trans=0 fill_mode=0 user_id=0x00b6ad34 (182<<16|44340) dynamic graphic=1141 abs=623,265 6x6 hidden=1 ownhide=0
                  [1] kind=graphic widget_type=5 trans=0 fill_mode=0 user_id=0x00b6ad35 (182<<16|44341) dynamic graphic=1142 abs=629,265 20x6 hidden=1 ownhide=0
                  [2] kind=graphic widget_type=5 trans=0 fill_mode=0 user_id=0x00b6ad36 (182<<16|44342) dynamic graphic=1143 abs=649,265 6x6 hidden=1 ownhide=0
                  [3] kind=graphic widget_type=5 trans=0 fill_mode=0 user_id=0x00b6ad37 (182<<16|44343) dynamic graphic=1144 abs=623,271 6x24 hidden=1 ownhide=0
                  [4] kind=graphic widget_type=5 trans=0 fill_mode=0 user_id=0x00b6ad38 (182<<16|44344) dynamic graphic=1145 abs=629,271 20x24 hidden=1 ownhide=0
                  [5] kind=graphic widget_type=5 trans=0 fill_mode=0 user_id=0x00b6ad39 (182<<16|44345) dynamic graphic=1146 abs=649,271 6x24 hidden=1 ownhide=0
                  [6] kind=graphic widget_type=5 trans=0 fill_mode=0 user_id=0x00b6ad3a (182<<16|44346) dynamic graphic=1147 abs=623,295 6x6 hidden=1 ownhide=0
                  [7] kind=graphic widget_type=5 trans=0 fill_mode=0 user_id=0x00b6ad3b (182<<16|44347) dynamic graphic=1148 abs=629,295 20x6 hidden=1 ownhide=0
                  [8] kind=graphic widget_type=5 trans=0 fill_mode=0 user_id=0x00b6ad3c (182<<16|44348) dynamic graphic=1149 abs=649,295 6x6 hidden=1 ownhide=0
                  [9] kind=graphic widget_type=5 trans=0 fill_mode=0 user_id=0x00b6ad3d (182<<16|44349) dynamic graphic=6304 abs=630,268 18x30 hidden=1 ownhide=0
                [23] kind=layer widget_type=0 trans=0 fill_mode=0 user_id=0x00b60017 (182<<16|23) static
                  [0] kind=graphic widget_type=5 trans=0 fill_mode=0 user_id=0x00b6ad3e (182<<16|44350) dynamic graphic=1141 abs=660,265 6x6 hidden=1 ownhide=0
                  [1] kind=graphic widget_type=5 trans=0 fill_mode=0 user_id=0x00b6ad3f (182<<16|44351) dynamic graphic=1142 abs=666,265 20x6 hidden=1 ownhide=0
                  [2] kind=graphic widget_type=5 trans=0 fill_mode=0 user_id=0x00b6ad40 (182<<16|44352) dynamic graphic=1143 abs=686,265 6x6 hidden=1 ownhide=0
                  [3] kind=graphic widget_type=5 trans=0 fill_mode=0 user_id=0x00b6ad41 (182<<16|44353) dynamic graphic=1144 abs=660,271 6x24 hidden=1 ownhide=0
                  [4] kind=graphic widget_type=5 trans=0 fill_mode=0 user_id=0x00b6ad42 (182<<16|44354) dynamic graphic=1145 abs=666,271 20x24 hidden=1 ownhide=0
                  [5] kind=graphic widget_type=5 trans=0 fill_mode=0 user_id=0x00b6ad43 (182<<16|44355) dynamic graphic=1146 abs=686,271 6x24 hidden=1 ownhide=0
                  [6] kind=graphic widget_type=5 trans=0 fill_mode=0 user_id=0x00b6ad44 (182<<16|44356) dynamic graphic=1147 abs=660,295 6x6 hidden=1 ownhide=0
                  [7] kind=graphic widget_type=5 trans=0 fill_mode=0 user_id=0x00b6ad45 (182<<16|44357) dynamic graphic=1148 abs=666,295 20x6 hidden=1 ownhide=0
                  [8] kind=graphic widget_type=5 trans=0 fill_mode=0 user_id=0x00b6ad46 (182<<16|44358) dynamic graphic=1149 abs=686,295 6x6 hidden=1 ownhide=0
                  [9] kind=graphic widget_type=5 trans=0 fill_mode=0 user_id=0x00b6ad47 (182<<16|44359) dynamic graphic=5273 abs=667,268 18x30 hidden=1 ownhide=0
        [87] kind=layer widget_type=0 trans=0 fill_mode=0 user_id=0x00a10057 (161<<16|87) static
          [0] kind=layer widget_type=0 trans=0 fill_mode=0 user_id=0x00740000 (116<<16|0) static
            [1] kind=layer widget_type=0 trans=0 fill_mode=0 user_id=0x00740001 (116<<16|1) static
              [58] kind=layer widget_type=0 trans=0 fill_mode=0 user_id=0x0074003a (116<<16|58) static
                [59] kind=graphic widget_type=5 trans=200 fill_mode=0 user_id=0x0074003b (116<<16|59) static graphic=6329 abs=509,208 20x26 hidden=1 ownhide=1
                [60] kind=graphic widget_type=5 trans=0 fill_mode=0 user_id=0x0074003c (116<<16|60) static graphic=6325 abs=509,208 20x26 hidden=1 ownhide=0
                [61] kind=graphic widget_type=5 trans=200 fill_mode=0 user_id=0x0074003d (116<<16|61) static graphic=6330 abs=529,208 20x26 hidden=1 ownhide=1
                [62] kind=graphic widget_type=5 trans=0 fill_mode=0 user_id=0x0074003e (116<<16|62) static graphic=6326 abs=529,208 20x26 hidden=1 ownhide=0
                [63] kind=graphic widget_type=5 trans=200 fill_mode=0 user_id=0x0074003f (116<<16|63) static graphic=6329 abs=549,208 20x26 hidden=1 ownhide=1
                [64] kind=graphic widget_type=5 trans=0 fill_mode=0 user_id=0x00740040 (116<<16|64) static graphic=6325 abs=549,208 20x26 hidden=1 ownhide=0
                [65] kind=graphic widget_type=5 trans=0 fill_mode=0 user_id=0x00740041 (116<<16|65) static graphic=2410 abs=528,210 22x22 hidden=1 ownhide=0
              [66] kind=layer widget_type=0 trans=0 fill_mode=0 user_id=0x00740042 (116<<16|66) static
                [69] kind=graphic widget_type=5 trans=200 fill_mode=0 user_id=0x00740045 (116<<16|69) static graphic=6329 abs=572,208 20x26 hidden=1 ownhide=0
                [70] kind=graphic widget_type=5 trans=0 fill_mode=0 user_id=0x00740046 (116<<16|70) static graphic=6327 abs=572,208 20x26 hidden=1 ownhide=0
                [71] kind=graphic widget_type=5 trans=200 fill_mode=0 user_id=0x00740047 (116<<16|71) static graphic=6330 abs=592,208 20x26 hidden=1 ownhide=0
                [72] kind=graphic widget_type=5 trans=0 fill_mode=0 user_id=0x00740048 (116<<16|72) static graphic=6328 abs=592,208 20x26 hidden=1 ownhide=0
                [73] kind=graphic widget_type=5 trans=200 fill_mode=0 user_id=0x00740049 (116<<16|73) static graphic=6329 abs=612,208 20x26 hidden=1 ownhide=0
                [74] kind=graphic widget_type=5 trans=0 fill_mode=0 user_id=0x0074004a (116<<16|74) static graphic=6327 abs=612,208 20x26 hidden=1 ownhide=0
                [75] kind=graphic widget_type=5 trans=0 fill_mode=0 user_id=0x0074004b (116<<16|75) static graphic=911 abs=593,211 17x18 hidden=1 ownhide=0
              [67] kind=layer widget_type=0 trans=0 fill_mode=0 user_id=0x00740043 (116<<16|67) static
                [76] kind=graphic widget_type=5 trans=200 fill_mode=0 user_id=0x0074004c (116<<16|76) static graphic=6329 abs=635,208 20x26 hidden=1 ownhide=0
                [77] kind=graphic widget_type=5 trans=0 fill_mode=0 user_id=0x0074004d (116<<16|77) static graphic=6327 abs=635,208 20x26 hidden=1 ownhide=0
                [78] kind=graphic widget_type=5 trans=200 fill_mode=0 user_id=0x0074004e (116<<16|78) static graphic=6330 abs=655,208 20x26 hidden=1 ownhide=0
                [79] kind=graphic widget_type=5 trans=0 fill_mode=0 user_id=0x0074004f (116<<16|79) static graphic=6328 abs=655,208 20x26 hidden=1 ownhide=0
                [80] kind=graphic widget_type=5 trans=200 fill_mode=0 user_id=0x00740050 (116<<16|80) static graphic=6329 abs=675,208 20x26 hidden=1 ownhide=0
                [81] kind=graphic widget_type=5 trans=0 fill_mode=0 user_id=0x00740051 (116<<16|81) static graphic=6327 abs=675,208 20x26 hidden=1 ownhide=0
                [82] kind=graphic widget_type=5 trans=0 fill_mode=0 user_id=0x00740052 (116<<16|82) static graphic=2932 abs=654,209 22x22 hidden=1 ownhide=0
              [68] kind=layer widget_type=0 trans=0 fill_mode=0 user_id=0x00740044 (116<<16|68) static
                [0] kind=line widget_type=9 trans=0 fill_mode=0 user_id=0x0074ad48 (116<<16|44360) dynamic color=0x0 width=1 dir=0 abs=507,233 4x1 hidden=1 ownhide=0
                [1] kind=line widget_type=9 trans=0 fill_mode=0 user_id=0x0074ad49 (116<<16|44361) dynamic color=0x0 width=1 dir=0 abs=569,233 500x1 hidden=1 ownhide=0
            [2] kind=text widget_type=4 trans=0 fill_mode=0 user_id=0x00740002 (116<<16|2) static font=496 color=0xff981f text="Controls Settings" abs=507,235 190x19 hidden=1 ownhide=0
            [3] kind=layer widget_type=0 trans=0 fill_mode=0 user_id=0x00740003 (116<<16|3) static
              [0] kind=graphic widget_type=5 trans=0 fill_mode=0 user_id=0x0074ad4a (116<<16|44362) dynamic graphic=310 abs=510,254 25x30 hidden=1 ownhide=0
              [1] kind=graphic widget_type=5 trans=0 fill_mode=0 user_id=0x0074ad4b (116<<16|44363) dynamic graphic=311 abs=669,254 25x30 hidden=1 ownhide=0
              [2] kind=graphic widget_type=5 trans=0 fill_mode=0 user_id=0x0074ad4c (116<<16|44364) dynamic graphic=312 abs=510,400 25x30 hidden=1 ownhide=0
              [3] kind=graphic widget_type=5 trans=0 fill_mode=0 user_id=0x0074ad4d (116<<16|44365) dynamic graphic=313 abs=669,400 25x30 hidden=1 ownhide=0
              [4] kind=graphic widget_type=5 trans=0 fill_mode=0 user_id=0x0074ad4e (116<<16|44366) dynamic graphic=172 abs=495,284 36x116 hidden=1 ownhide=0
              [5] kind=graphic widget_type=5 trans=0 fill_mode=0 user_id=0x0074ad4f (116<<16|44367) dynamic graphic=315 abs=673,284 36x116 hidden=1 ownhide=0
              [6] kind=graphic widget_type=5 trans=0 fill_mode=0 user_id=0x0074ad50 (116<<16|44368) dynamic graphic=314 abs=535,239 134x36 hidden=1 ownhide=0
              [7] kind=graphic widget_type=5 trans=0 fill_mode=0 user_id=0x0074ad51 (116<<16|44369) dynamic graphic=173 abs=535,409 134x36 hidden=1 ownhide=0
              [4] kind=layer widget_type=0 trans=0 fill_mode=0 user_id=0x00740004 (116<<16|4) static
                [5] kind=layer widget_type=0 trans=0 fill_mode=0 user_id=0x00740005 (116<<16|5) static
                  [0] kind=text widget_type=4 trans=0 fill_mode=0 user_id=0x0074ad52 (116<<16|44370) dynamic font=495 color=0xff981f text="PK Skull Prevention" abs=521,266 143x28 hidden=1 ownhide=0
                  [1] kind=graphic widget_type=5 trans=0 fill_mode=0 user_id=0x0074ad53 (116<<16|44371) dynamic graphic=8383 abs=666,271 17x17 hidden=1 ownhide=0
                [6] kind=layer widget_type=0 trans=0 fill_mode=0 user_id=0x00740006 (116<<16|6) static
                  [0] kind=graphic widget_type=5 trans=0 fill_mode=0 user_id=0x0074ad54 (116<<16|44372) dynamic graphic=297 abs=521,315 162x20 hidden=1 ownhide=0
                  [1] kind=rectangle widget_type=3 trans=0 fill_mode=0 user_id=0x0074ad55 (116<<16|44373) dynamic abs=521,315 162x20 hidden=1 ownhide=0
                  [2] kind=rectangle widget_type=3 trans=0 fill_mode=0 user_id=0x0074ad56 (116<<16|44374) dynamic abs=522,316 160x18 hidden=1 ownhide=0
                  [3] kind=graphic widget_type=5 trans=0 fill_mode=0 user_id=0x0074ad57 (116<<16|44375) dynamic graphic=788 abs=665,317 16x16 hidden=1 ownhide=0
                  [4] kind=text widget_type=4 trans=0 fill_mode=0 user_id=0x0074ad58 (116<<16|44376) dynamic font=494 color=0xff981f text="Depends on combat levels" abs=523,317 142x16 hidden=1 ownhide=0
                  [5] kind=text widget_type=4 trans=0 fill_mode=0 user_id=0x0074ad59 (116<<16|44377) dynamic font=495 color=0xff981f text="Player 'Attack' options:" abs=521,296 162x19 hidden=1 ownhide=0
                [7] kind=layer widget_type=0 trans=0 fill_mode=0 user_id=0x00740007 (116<<16|7) static
                  [0] kind=graphic widget_type=5 trans=0 fill_mode=0 user_id=0x0074ad5a (116<<16|44378) dynamic graphic=297 abs=521,354 162x20 hidden=1 ownhide=0
                  [1] kind=rectangle widget_type=3 trans=0 fill_mode=0 user_id=0x0074ad5b (116<<16|44379) dynamic abs=521,354 162x20 hidden=1 ownhide=0
                  [2] kind=rectangle widget_type=3 trans=0 fill_mode=0 user_id=0x0074ad5c (116<<16|44380) dynamic abs=522,355 160x18 hidden=1 ownhide=0
                  [3] kind=graphic widget_type=5 trans=0 fill_mode=0 user_id=0x0074ad5d (116<<16|44381) dynamic graphic=788 abs=665,356 16x16 hidden=1 ownhide=0
                  [4] kind=text widget_type=4 trans=0 fill_mode=0 user_id=0x0074ad5e (116<<16|44382) dynamic font=494 color=0xff981f text="Depends on combat levels" abs=523,356 142x16 hidden=1 ownhide=0
                  [5] kind=text widget_type=4 trans=0 fill_mode=0 user_id=0x0074ad5f (116<<16|44383) dynamic font=495 color=0xff981f text="NPC 'Attack' options:" abs=521,335 162x19 hidden=1 ownhide=0
                [8] kind=layer widget_type=0 trans=0 fill_mode=0 user_id=0x00740008 (116<<16|8) static
                  [29] kind=layer widget_type=0 trans=0 fill_mode=0 user_id=0x0074001d (116<<16|29) static
                    [0] kind=graphic widget_type=5 trans=0 fill_mode=0 user_id=0x0074ad62 (116<<16|44386) dynamic graphic=761 abs=519,380 40x40 hidden=1 ownhide=0
                    [1] kind=graphic widget_type=5 trans=0 fill_mode=0 user_id=0x0074ad63 (116<<16|44387) dynamic graphic=665 abs=523,384 32x32 hidden=1 ownhide=0
                  [30] kind=layer widget_type=0 trans=0 fill_mode=0 user_id=0x0074001e (116<<16|30) static
                    [0] kind=graphic widget_type=5 trans=0 fill_mode=0 user_id=0x0074ad64 (116<<16|44388) dynamic graphic=761 abs=561,380 40x40 hidden=1 ownhide=0
                    [1] kind=graphic widget_type=5 trans=0 fill_mode=0 user_id=0x0074ad65 (116<<16|44389) dynamic graphic=677 abs=572,384 17x18 hidden=1 ownhide=0
                    [2] kind=text widget_type=4 trans=0 fill_mode=0 user_id=0x0074ad66 (116<<16|44390) dynamic font=495 color=0xff981f text="100%" abs=580,400 2x17 hidden=1 ownhide=0
                  [31] kind=layer widget_type=0 trans=0 fill_mode=0 user_id=0x0074001f (116<<16|31) static
                    [0] kind=graphic widget_type=5 trans=0 fill_mode=0 user_id=0x0074ad60 (116<<16|44384) dynamic graphic=761 abs=603,380 40x40 hidden=1 ownhide=0
                    [1] kind=graphic widget_type=5 trans=0 fill_mode=0 user_id=0x0074ad61 (116<<16|44385) dynamic graphic=676 abs=607,384 32x32 hidden=1 ownhide=0
                  [33] kind=layer widget_type=0 trans=0 fill_mode=0 user_id=0x00740021 (116<<16|33) static
                    [0] kind=graphic widget_type=5 trans=0 fill_mode=0 user_id=0x0074ad67 (116<<16|44391) dynamic graphic=761 abs=645,380 40x40 hidden=1 ownhide=0
                    [1] kind=graphic widget_type=5 trans=0 fill_mode=0 user_id=0x0074ad68 (116<<16|44392) dynamic graphic=-1 abs=649,384 36x32 hidden=1 ownhide=0
              [9] kind=layer widget_type=0 trans=0 fill_mode=0 user_id=0x00740009 (116<<16|9) static
                [83] kind=layer widget_type=0 trans=0 fill_mode=0 user_id=0x00740053 (116<<16|83) static
                  [84] kind=layer widget_type=0 trans=0 fill_mode=0 user_id=0x00740054 (116<<16|84) static
                    [85] kind=graphic widget_type=5 trans=0 fill_mode=0 user_id=0x00740055 (116<<16|85) static graphic=2852 abs=544,271 16x16 hidden=1 ownhide=0
                    [86] kind=graphic widget_type=5 trans=0 fill_mode=0 user_id=0x00740056 (116<<16|86) static graphic=2853 abs=560,271 16x16 hidden=1 ownhide=0
                    [87] kind=graphic widget_type=5 trans=0 fill_mode=0 user_id=0x00740057 (116<<16|87) static graphic=2861 abs=576,271 16x16 hidden=1 ownhide=0
                    [88] kind=graphic widget_type=5 trans=0 fill_mode=0 user_id=0x00740058 (116<<16|88) static graphic=2862 abs=592,271 16x16 hidden=1 ownhide=0
                    [89] kind=graphic widget_type=5 trans=0 fill_mode=0 user_id=0x00740059 (116<<16|89) static graphic=2854 abs=608,271 16x16 hidden=1 ownhide=0
                    [90] kind=graphic widget_type=5 trans=0 fill_mode=0 user_id=0x0074005a (116<<16|90) static graphic=2861 abs=624,271 16x16 hidden=1 ownhide=0
                    [91] kind=graphic widget_type=5 trans=0 fill_mode=0 user_id=0x0074005b (116<<16|91) static graphic=2862 abs=640,271 16x16 hidden=1 ownhide=0
                    [92] kind=graphic widget_type=5 trans=0 fill_mode=0 user_id=0x0074005c (116<<16|92) static graphic=2854 abs=656,271 16x16 hidden=1 ownhide=0
                    [93] kind=graphic widget_type=5 trans=0 fill_mode=0 user_id=0x0074005d (116<<16|93) static graphic=2857 abs=672,271 16x16 hidden=1 ownhide=0
                  [94] kind=layer widget_type=0 trans=0 fill_mode=0 user_id=0x0074005e (116<<16|94) static
                    [95] kind=graphic widget_type=5 trans=0 fill_mode=0 user_id=0x0074005f (116<<16|95) static graphic=2860 abs=656,271 16x16 hidden=1 ownhide=0
                  [96] kind=layer widget_type=0 trans=0 fill_mode=0 user_id=0x00740060 (116<<16|96) static
                    [0] kind=graphic widget_type=5 trans=0 fill_mode=0 user_id=0x0074ad92 (116<<16|44434) dynamic graphic=1661 abs=518,263 32x32 hidden=1 ownhide=0
                    [1] kind=graphic widget_type=5 trans=0 fill_mode=0 user_id=0x0074ad93 (116<<16|44435) dynamic graphic=7426 abs=517,262 34x34 hidden=1 ownhide=1
                [97] kind=layer widget_type=0 trans=0 fill_mode=0 user_id=0x00740061 (116<<16|97) static
                  [98] kind=layer widget_type=0 trans=0 fill_mode=0 user_id=0x00740062 (116<<16|98) static
                    [99] kind=graphic widget_type=5 trans=0 fill_mode=0 user_id=0x00740063 (116<<16|99) static graphic=2852 abs=544,313 16x16 hidden=1 ownhide=0
                    [100] kind=graphic widget_type=5 trans=0 fill_mode=0 user_id=0x00740064 (116<<16|100) static graphic=2853 abs=560,313 16x16 hidden=1 ownhide=0
                    [101] kind=graphic widget_type=5 trans=0 fill_mode=0 user_id=0x00740065 (116<<16|101) static graphic=2861 abs=576,313 16x16 hidden=1 ownhide=0
                    [102] kind=graphic widget_type=5 trans=0 fill_mode=0 user_id=0x00740066 (116<<16|102) static graphic=2862 abs=592,313 16x16 hidden=1 ownhide=0
                    [103] kind=graphic widget_type=5 trans=0 fill_mode=0 user_id=0x00740067 (116<<16|103) static graphic=2854 abs=608,313 16x16 hidden=1 ownhide=0
                    [104] kind=graphic widget_type=5 trans=0 fill_mode=0 user_id=0x00740068 (116<<16|104) static graphic=2861 abs=624,313 16x16 hidden=1 ownhide=0
                    [105] kind=graphic widget_type=5 trans=0 fill_mode=0 user_id=0x00740069 (116<<16|105) static graphic=2862 abs=640,313 16x16 hidden=1 ownhide=0
                    [106] kind=graphic widget_type=5 trans=0 fill_mode=0 user_id=0x0074006a (116<<16|106) static graphic=2854 abs=656,313 16x16 hidden=1 ownhide=0
                    [107] kind=graphic widget_type=5 trans=0 fill_mode=0 user_id=0x0074006b (116<<16|107) static graphic=2857 abs=672,313 16x16 hidden=1 ownhide=0
                  [108] kind=layer widget_type=0 trans=0 fill_mode=0 user_id=0x0074006c (116<<16|108) static
                    [109] kind=graphic widget_type=5 trans=0 fill_mode=0 user_id=0x0074006d (116<<16|109) static graphic=2860 abs=656,313 16x16 hidden=1 ownhide=0
                  [110] kind=layer widget_type=0 trans=0 fill_mode=0 user_id=0x0074006e (116<<16|110) static
                    [0] kind=graphic widget_type=5 trans=0 fill_mode=0 user_id=0x0074ad94 (116<<16|44436) dynamic graphic=660 abs=518,305 32x32 hidden=1 ownhide=0
                    [1] kind=graphic widget_type=5 trans=0 fill_mode=0 user_id=0x0074ad95 (116<<16|44437) dynamic graphic=7426 abs=517,304 34x34 hidden=1 ownhide=1
                [111] kind=layer widget_type=0 trans=0 fill_mode=0 user_id=0x0074006f (116<<16|111) static
                  [112] kind=layer widget_type=0 trans=0 fill_mode=0 user_id=0x00740070 (116<<16|112) static
                    [113] kind=graphic widget_type=5 trans=0 fill_mode=0 user_id=0x00740071 (116<<16|113) static graphic=2852 abs=544,355 16x16 hidden=1 ownhide=0
                    [114] kind=graphic widget_type=5 trans=0 fill_mode=0 user_id=0x00740072 (116<<16|114) static graphic=2853 abs=560,355 16x16 hidden=1 ownhide=0
                    [115] kind=graphic widget_type=5 trans=0 fill_mode=0 user_id=0x00740073 (116<<16|115) static graphic=2861 abs=576,355 16x16 hidden=1 ownhide=0
                    [116] kind=graphic widget_type=5 trans=0 fill_mode=0 user_id=0x00740074 (116<<16|116) static graphic=2862 abs=592,355 16x16 hidden=1 ownhide=0
                    [117] kind=graphic widget_type=5 trans=0 fill_mode=0 user_id=0x00740075 (116<<16|117) static graphic=2854 abs=608,355 16x16 hidden=1 ownhide=0
                    [118] kind=graphic widget_type=5 trans=0 fill_mode=0 user_id=0x00740076 (116<<16|118) static graphic=2861 abs=624,355 16x16 hidden=1 ownhide=0
                    [119] kind=graphic widget_type=5 trans=0 fill_mode=0 user_id=0x00740077 (116<<16|119) static graphic=2862 abs=640,355 16x16 hidden=1 ownhide=0
                    [120] kind=graphic widget_type=5 trans=0 fill_mode=0 user_id=0x00740078 (116<<16|120) static graphic=2854 abs=656,355 16x16 hidden=1 ownhide=0
                    [121] kind=graphic widget_type=5 trans=0 fill_mode=0 user_id=0x00740079 (116<<16|121) static graphic=2857 abs=672,355 16x16 hidden=1 ownhide=0
                  [122] kind=layer widget_type=0 trans=0 fill_mode=0 user_id=0x0074007a (116<<16|122) static
                    [123] kind=graphic widget_type=5 trans=0 fill_mode=0 user_id=0x0074007b (116<<16|123) static graphic=2860 abs=656,355 16x16 hidden=1 ownhide=0
                  [124] kind=layer widget_type=0 trans=0 fill_mode=0 user_id=0x0074007c (116<<16|124) static
                    [0] kind=graphic widget_type=5 trans=0 fill_mode=0 user_id=0x0074ad96 (116<<16|44438) dynamic graphic=661 abs=518,347 32x32 hidden=1 ownhide=0
                    [1] kind=graphic widget_type=5 trans=0 fill_mode=0 user_id=0x0074ad97 (116<<16|44439) dynamic graphic=7426 abs=517,346 34x34 hidden=1 ownhide=1
                [125] kind=layer widget_type=0 trans=0 fill_mode=0 user_id=0x0074007d (116<<16|125) static
                  [126] kind=layer widget_type=0 trans=0 fill_mode=0 user_id=0x0074007e (116<<16|126) static
                    [127] kind=graphic widget_type=5 trans=0 fill_mode=0 user_id=0x0074007f (116<<16|127) static graphic=2852 abs=544,397 16x16 hidden=1 ownhide=0
                    [128] kind=graphic widget_type=5 trans=0 fill_mode=0 user_id=0x00740080 (116<<16|128) static graphic=2853 abs=560,397 16x16 hidden=1 ownhide=0
                    [129] kind=graphic widget_type=5 trans=0 fill_mode=0 user_id=0x00740081 (116<<16|129) static graphic=2861 abs=576,397 16x16 hidden=1 ownhide=0
                    [130] kind=graphic widget_type=5 trans=0 fill_mode=0 user_id=0x00740082 (116<<16|130) static graphic=2862 abs=592,397 16x16 hidden=1 ownhide=0
                    [131] kind=graphic widget_type=5 trans=0 fill_mode=0 user_id=0x00740083 (116<<16|131) static graphic=2854 abs=608,397 16x16 hidden=1 ownhide=0
                    [132] kind=graphic widget_type=5 trans=0 fill_mode=0 user_id=0x00740084 (116<<16|132) static graphic=2861 abs=624,397 16x16 hidden=1 ownhide=0
                    [133] kind=graphic widget_type=5 trans=0 fill_mode=0 user_id=0x00740085 (116<<16|133) static graphic=2862 abs=640,397 16x16 hidden=1 ownhide=0
                    [134] kind=graphic widget_type=5 trans=0 fill_mode=0 user_id=0x00740086 (116<<16|134) static graphic=2854 abs=656,397 16x16 hidden=1 ownhide=0
                    [135] kind=graphic widget_type=5 trans=0 fill_mode=0 user_id=0x00740087 (116<<16|135) static graphic=2857 abs=672,397 16x16 hidden=1 ownhide=0
                  [136] kind=layer widget_type=0 trans=0 fill_mode=0 user_id=0x00740088 (116<<16|136) static
                    [137] kind=graphic widget_type=5 trans=0 fill_mode=0 user_id=0x00740089 (116<<16|137) static graphic=2860 abs=656,397 16x16 hidden=1 ownhide=0
                  [138] kind=layer widget_type=0 trans=0 fill_mode=0 user_id=0x0074008a (116<<16|138) static
                    [0] kind=graphic widget_type=5 trans=0 fill_mode=0 user_id=0x0074ad98 (116<<16|44440) dynamic graphic=673 abs=518,389 32x32 hidden=1 ownhide=0
                    [1] kind=graphic widget_type=5 trans=0 fill_mode=0 user_id=0x0074ad99 (116<<16|44441) dynamic graphic=7426 abs=517,388 34x34 hidden=1 ownhide=1
              [10] kind=layer widget_type=0 trans=0 fill_mode=0 user_id=0x0074000a (116<<16|10) static
                [25] kind=layer widget_type=0 trans=0 fill_mode=0 user_id=0x00740019 (116<<16|25) static
                  [12] kind=layer widget_type=0 trans=0 fill_mode=0 user_id=0x0074000c (116<<16|12) static
                    [0] kind=graphic widget_type=5 trans=0 fill_mode=0 user_id=0x0074ad69 (116<<16|44393) dynamic graphic=659 abs=518,265 32x32 hidden=1 ownhide=0
                    [11] kind=graphic widget_type=5 trans=0 fill_mode=0 user_id=0x0074000b (116<<16|11) static graphic=659 abs=518,265 32x32 hidden=1 ownhide=0
                  [13] kind=layer widget_type=0 trans=0 fill_mode=0 user_id=0x0074000d (116<<16|13) static
                    [14] kind=graphic widget_type=5 trans=0 fill_mode=0 user_id=0x0074000e (116<<16|14) static graphic=2852 abs=544,273 16x16 hidden=1 ownhide=0
                    [15] kind=graphic widget_type=5 trans=0 fill_mode=0 user_id=0x0074000f (116<<16|15) static graphic=2853 abs=560,273 16x16 hidden=1 ownhide=0
                    [16] kind=graphic widget_type=5 trans=0 fill_mode=0 user_id=0x00740010 (116<<16|16) static graphic=2861 abs=576,273 16x16 hidden=1 ownhide=0
                    [17] kind=graphic widget_type=5 trans=0 fill_mode=0 user_id=0x00740011 (116<<16|17) static graphic=2862 abs=592,273 16x16 hidden=1 ownhide=0
                    [18] kind=graphic widget_type=5 trans=0 fill_mode=0 user_id=0x00740012 (116<<16|18) static graphic=2854 abs=608,273 16x16 hidden=1 ownhide=0
                    [19] kind=graphic widget_type=5 trans=0 fill_mode=0 user_id=0x00740013 (116<<16|19) static graphic=2861 abs=624,273 16x16 hidden=1 ownhide=0
                    [20] kind=graphic widget_type=5 trans=0 fill_mode=0 user_id=0x00740014 (116<<16|20) static graphic=2862 abs=640,273 16x16 hidden=1 ownhide=0
                    [21] kind=graphic widget_type=5 trans=0 fill_mode=0 user_id=0x00740015 (116<<16|21) static graphic=2854 abs=656,273 16x16 hidden=1 ownhide=0
                    [22] kind=graphic widget_type=5 trans=0 fill_mode=0 user_id=0x00740016 (116<<16|22) static graphic=2857 abs=672,273 16x16 hidden=1 ownhide=0
                  [23] kind=layer widget_type=0 trans=0 fill_mode=0 user_id=0x00740017 (116<<16|23) static
                    [0] kind=rectangle widget_type=3 trans=255 fill_mode=0 user_id=0x0074ad6a (116<<16|44394) dynamic abs=560,273 5x16 hidden=1 ownhide=0
                    [1] kind=rectangle widget_type=3 trans=255 fill_mode=0 user_id=0x0074ad6b (116<<16|44395) dynamic abs=565,273 5x16 hidden=1 ownhide=0
                    [2] kind=rectangle widget_type=3 trans=255 fill_mode=0 user_id=0x0074ad6c (116<<16|44396) dynamic abs=570,273 6x16 hidden=1 ownhide=0
                    [3] kind=rectangle widget_type=3 trans=255 fill_mode=0 user_id=0x0074ad6d (116<<16|44397) dynamic abs=576,273 5x16 hidden=1 ownhide=0
                    [4] kind=rectangle widget_type=3 trans=255 fill_mode=0 user_id=0x0074ad6e (116<<16|44398) dynamic abs=581,273 5x16 hidden=1 ownhide=0
                    [5] kind=rectangle widget_type=3 trans=255 fill_mode=0 user_id=0x0074ad6f (116<<16|44399) dynamic abs=586,273 6x16 hidden=1 ownhide=0
                    [6] kind=rectangle widget_type=3 trans=255 fill_mode=0 user_id=0x0074ad70 (116<<16|44400) dynamic abs=592,273 5x16 hidden=1 ownhide=0
                    [7] kind=rectangle widget_type=3 trans=255 fill_mode=0 user_id=0x0074ad71 (116<<16|44401) dynamic abs=597,273 5x16 hidden=1 ownhide=0
                    [8] kind=rectangle widget_type=3 trans=255 fill_mode=0 user_id=0x0074ad72 (116<<16|44402) dynamic abs=602,273 6x16 hidden=1 ownhide=0
                    [9] kind=rectangle widget_type=3 trans=255 fill_mode=0 user_id=0x0074ad73 (116<<16|44403) dynamic abs=608,273 5x16 hidden=1 ownhide=0
                    [10] kind=rectangle widget_type=3 trans=255 fill_mode=0 user_id=0x0074ad74 (116<<16|44404) dynamic abs=613,273 5x16 hidden=1 ownhide=0
                    [11] kind=rectangle widget_type=3 trans=255 fill_mode=0 user_id=0x0074ad75 (116<<16|44405) dynamic abs=618,273 6x16 hidden=1 ownhide=0
                    [12] kind=rectangle widget_type=3 trans=255 fill_mode=0 user_id=0x0074ad76 (116<<16|44406) dynamic abs=624,273 5x16 hidden=1 ownhide=0
                    [13] kind=rectangle widget_type=3 trans=255 fill_mode=0 user_id=0x0074ad77 (116<<16|44407) dynamic abs=629,273 5x16 hidden=1 ownhide=0
                    [14] kind=rectangle widget_type=3 trans=255 fill_mode=0 user_id=0x0074ad78 (116<<16|44408) dynamic abs=634,273 6x16 hidden=1 ownhide=0
                    [15] kind=rectangle widget_type=3 trans=255 fill_mode=0 user_id=0x0074ad79 (116<<16|44409) dynamic abs=640,273 5x16 hidden=1 ownhide=0
                    [16] kind=rectangle widget_type=3 trans=255 fill_mode=0 user_id=0x0074ad7a (116<<16|44410) dynamic abs=645,273 5x16 hidden=1 ownhide=0
                    [17] kind=rectangle widget_type=3 trans=255 fill_mode=0 user_id=0x0074ad7b (116<<16|44411) dynamic abs=650,273 6x16 hidden=1 ownhide=0
                    [18] kind=rectangle widget_type=3 trans=255 fill_mode=0 user_id=0x0074ad7c (116<<16|44412) dynamic abs=656,273 5x16 hidden=1 ownhide=0
                    [19] kind=rectangle widget_type=3 trans=255 fill_mode=0 user_id=0x0074ad7d (116<<16|44413) dynamic abs=661,273 5x16 hidden=1 ownhide=0
                    [20] kind=rectangle widget_type=3 trans=255 fill_mode=0 user_id=0x0074ad7e (116<<16|44414) dynamic abs=666,273 6x16 hidden=1 ownhide=0
                    [21] kind=rectangle widget_type=3 trans=255 fill_mode=0 user_id=0x0074ad7f (116<<16|44415) dynamic abs=672,273 5x16 hidden=1 ownhide=0
                    [24] kind=graphic widget_type=5 trans=0 fill_mode=0 user_id=0x00740018 (116<<16|24) static graphic=2858 abs=560,273 16x16 hidden=1 ownhide=0
                [26] kind=layer widget_type=0 trans=0 fill_mode=0 user_id=0x0074001a (116<<16|26) static
                  [43] kind=layer widget_type=0 trans=0 fill_mode=0 user_id=0x0074002b (116<<16|43) static
                  [44] kind=graphic widget_type=5 trans=0 fill_mode=0 user_id=0x0074002c (116<<16|44) static graphic=1162 abs=518,302 32x32 hidden=1 ownhide=0
                  [45] kind=graphic widget_type=5 trans=0 fill_mode=0 user_id=0x0074002d (116<<16|45) static graphic=7426 abs=516,301 34x34 hidden=1 ownhide=1
                  [46] kind=layer widget_type=0 trans=0 fill_mode=0 user_id=0x0074002e (116<<16|46) static
                    [47] kind=graphic widget_type=5 trans=0 fill_mode=0 user_id=0x0074002f (116<<16|47) static graphic=2852 abs=544,310 16x16 hidden=1 ownhide=0
                    [48] kind=graphic widget_type=5 trans=0 fill_mode=0 user_id=0x00740030 (116<<16|48) static graphic=2853 abs=560,310 16x16 hidden=1 ownhide=0
                    [49] kind=graphic widget_type=5 trans=0 fill_mode=0 user_id=0x00740031 (116<<16|49) static graphic=2861 abs=576,310 16x16 hidden=1 ownhide=0
                    [50] kind=graphic widget_type=5 trans=0 fill_mode=0 user_id=0x00740032 (116<<16|50) static graphic=2862 abs=592,310 16x16 hidden=1 ownhide=0
                    [51] kind=graphic widget_type=5 trans=0 fill_mode=0 user_id=0x00740033 (116<<16|51) static graphic=2854 abs=608,310 16x16 hidden=1 ownhide=0
                    [52] kind=graphic widget_type=5 trans=0 fill_mode=0 user_id=0x00740034 (116<<16|52) static graphic=2861 abs=624,310 16x16 hidden=1 ownhide=0
                    [53] kind=graphic widget_type=5 trans=0 fill_mode=0 user_id=0x00740035 (116<<16|53) static graphic=2862 abs=640,310 16x16 hidden=1 ownhide=0
                    [54] kind=graphic widget_type=5 trans=0 fill_mode=0 user_id=0x00740036 (116<<16|54) static graphic=2854 abs=656,310 16x16 hidden=1 ownhide=0
                    [55] kind=graphic widget_type=5 trans=0 fill_mode=0 user_id=0x00740037 (116<<16|55) static graphic=2857 abs=672,310 16x16 hidden=1 ownhide=0
                  [56] kind=layer widget_type=0 trans=0 fill_mode=0 user_id=0x00740038 (116<<16|56) static
                    [57] kind=graphic widget_type=5 trans=0 fill_mode=0 user_id=0x00740039 (116<<16|57) static graphic=1201 abs=608,310 16x16 hidden=1 ownhide=0
                [27] kind=layer widget_type=0 trans=0 fill_mode=0 user_id=0x0074001b (116<<16|27) static
                  [0] kind=graphic widget_type=5 trans=0 fill_mode=0 user_id=0x0074ad80 (116<<16|44416) dynamic graphic=297 abs=521,356 162x20 hidden=1 ownhide=0
                  [1] kind=rectangle widget_type=3 trans=0 fill_mode=0 user_id=0x0074ad81 (116<<16|44417) dynamic abs=521,356 162x20 hidden=1 ownhide=0
                  [2] kind=rectangle widget_type=3 trans=0 fill_mode=0 user_id=0x0074ad82 (116<<16|44418) dynamic abs=522,357 160x18 hidden=1 ownhide=0
                  [3] kind=graphic widget_type=5 trans=0 fill_mode=0 user_id=0x0074ad83 (116<<16|44419) dynamic graphic=788 abs=665,358 16x16 hidden=1 ownhide=0
                  [4] kind=text widget_type=4 trans=0 fill_mode=0 user_id=0x0074ad84 (116<<16|44420) dynamic font=494 color=0xff981f text="Resizable - Classic layout" abs=523,358 142x16 hidden=1 ownhide=0
                  [5] kind=text widget_type=4 trans=0 fill_mode=0 user_id=0x0074ad85 (116<<16|44421) dynamic font=495 color=0xff981f text="Game client layout:" abs=521,337 162x19 hidden=1 ownhide=0
                [28] kind=layer widget_type=0 trans=0 fill_mode=0 user_id=0x0074001c (116<<16|28) static
            [32] kind=layer widget_type=0 trans=0 fill_mode=0 user_id=0x00740020 (116<<16|32) static
              [0] kind=graphic widget_type=5 trans=0 fill_mode=0 user_id=0x0074ad86 (116<<16|44422) dynamic graphic=297 abs=533,434 138x28 hidden=1 ownhide=0
              [1] kind=graphic widget_type=5 trans=0 fill_mode=0 user_id=0x0074ad87 (116<<16|44423) dynamic graphic=913 abs=532,433 9x9 hidden=1 ownhide=0
              [2] kind=graphic widget_type=5 trans=0 fill_mode=0 user_id=0x0074ad88 (116<<16|44424) dynamic graphic=914 abs=663,433 9x9 hidden=1 ownhide=0
              [3] kind=graphic widget_type=5 trans=0 fill_mode=0 user_id=0x0074ad89 (116<<16|44425) dynamic graphic=915 abs=532,454 9x9 hidden=1 ownhide=0
              [4] kind=graphic widget_type=5 trans=0 fill_mode=0 user_id=0x0074ad8a (116<<16|44426) dynamic graphic=916 abs=663,454 9x9 hidden=1 ownhide=0
              [5] kind=graphic widget_type=5 trans=0 fill_mode=0 user_id=0x0074ad8b (116<<16|44427) dynamic graphic=917 abs=532,442 9x12 hidden=1 ownhide=0
              [6] kind=graphic widget_type=5 trans=0 fill_mode=0 user_id=0x0074ad8c (116<<16|44428) dynamic graphic=918 abs=541,433 122x9 hidden=1 ownhide=0
              [7] kind=graphic widget_type=5 trans=0 fill_mode=0 user_id=0x0074ad8d (116<<16|44429) dynamic graphic=919 abs=663,442 9x12 hidden=1 ownhide=0
              [8] kind=graphic widget_type=5 trans=0 fill_mode=0 user_id=0x0074ad8e (116<<16|44430) dynamic graphic=920 abs=541,454 122x9 hidden=1 ownhide=0
              [9] kind=text widget_type=4 trans=0 fill_mode=0 user_id=0x0074ad8f (116<<16|44431) dynamic font=494 color=0xff981f text="All Settings" abs=537,438 130x20 hidden=1 ownhide=0
            [34] kind=layer widget_type=0 trans=0 fill_mode=0 user_id=0x00740022 (116<<16|34) static
              [35] kind=rectangle widget_type=3 trans=255 fill_mode=0 user_id=0x00740023 (116<<16|35) static abs=507,205 190x261 hidden=1 ownhide=0
              [36] kind=layer widget_type=0 trans=0 fill_mode=0 user_id=0x00740024 (116<<16|36) static
                [0] kind=rectangle widget_type=3 trans=0 fill_mode=0 user_id=0x0074ad90 (116<<16|44432) dynamic abs=507,205 100x50 hidden=1 ownhide=0
                [1] kind=rectangle widget_type=3 trans=0 fill_mode=0 user_id=0x0074ad91 (116<<16|44433) dynamic abs=508,206 98x48 hidden=1 ownhide=0
                [37] kind=graphic widget_type=5 trans=0 fill_mode=0 user_id=0x00740025 (116<<16|37) static graphic=1040 abs=507,205 100x50 hidden=1 ownhide=0
                [38] kind=layer widget_type=0 trans=0 fill_mode=0 user_id=0x00740026 (116<<16|38) static
                [39] kind=layer widget_type=0 trans=0 fill_mode=0 user_id=0x00740027 (116<<16|39) static
                [40] kind=layer widget_type=0 trans=0 fill_mode=0 user_id=0x00740028 (116<<16|40) static
                [41] kind=layer widget_type=0 trans=0 fill_mode=0 user_id=0x00740029 (116<<16|41) static
                [42] kind=layer widget_type=0 trans=0 fill_mode=0 user_id=0x0074002a (116<<16|42) static
            [139] kind=layer widget_type=0 trans=0 fill_mode=0 user_id=0x0074008b (116<<16|139) static
        [88] kind=layer widget_type=0 trans=0 fill_mode=0 user_id=0x00a10058 (161<<16|88) static
          [0] kind=layer widget_type=0 trans=0 fill_mode=0 user_id=0x00d80000 (216<<16|0) static
            [1] kind=layer widget_type=0 trans=0 fill_mode=0 user_id=0x00d80001 (216<<16|1) static
              [2] kind=layer widget_type=0 trans=0 fill_mode=0 user_id=0x00d80002 (216<<16|2) static
                [0] kind=rectangle widget_type=3 trans=255 fill_mode=0 user_id=0x00d8ad9a (216<<16|44442) dynamic abs=509,211 42x48 hidden=1 ownhide=0
                [1] kind=rectangle widget_type=3 trans=255 fill_mode=0 user_id=0x00d8ad9b (216<<16|44443) dynamic abs=551,211 42x48 hidden=1 ownhide=0
                [2] kind=rectangle widget_type=3 trans=255 fill_mode=0 user_id=0x00d8ad9c (216<<16|44444) dynamic abs=593,211 42x48 hidden=1 ownhide=0
                [3] kind=rectangle widget_type=3 trans=255 fill_mode=0 user_id=0x00d8ad9d (216<<16|44445) dynamic abs=635,211 42x48 hidden=1 ownhide=0
                [4] kind=rectangle widget_type=3 trans=255 fill_mode=0 user_id=0x00d8ad9e (216<<16|44446) dynamic abs=509,260 42x48 hidden=1 ownhide=0
                [5] kind=rectangle widget_type=3 trans=255 fill_mode=0 user_id=0x00d8ad9f (216<<16|44447) dynamic abs=551,260 42x48 hidden=1 ownhide=0
                [6] kind=rectangle widget_type=3 trans=255 fill_mode=0 user_id=0x00d8ada0 (216<<16|44448) dynamic abs=593,260 42x48 hidden=1 ownhide=0
                [7] kind=rectangle widget_type=3 trans=255 fill_mode=0 user_id=0x00d8ada1 (216<<16|44449) dynamic abs=635,260 42x48 hidden=1 ownhide=0
                [8] kind=rectangle widget_type=3 trans=255 fill_mode=0 user_id=0x00d8ada2 (216<<16|44450) dynamic abs=509,309 42x48 hidden=1 ownhide=0
                [9] kind=rectangle widget_type=3 trans=255 fill_mode=0 user_id=0x00d8ada3 (216<<16|44451) dynamic abs=551,309 42x48 hidden=1 ownhide=0
                [10] kind=rectangle widget_type=3 trans=255 fill_mode=0 user_id=0x00d8ada4 (216<<16|44452) dynamic abs=593,309 42x48 hidden=1 ownhide=0
                [11] kind=rectangle widget_type=3 trans=255 fill_mode=0 user_id=0x00d8ada5 (216<<16|44453) dynamic abs=635,309 42x48 hidden=1 ownhide=0
                [12] kind=rectangle widget_type=3 trans=255 fill_mode=0 user_id=0x00d8ada6 (216<<16|44454) dynamic abs=509,358 42x48 hidden=1 ownhide=0
                [13] kind=rectangle widget_type=3 trans=255 fill_mode=0 user_id=0x00d8ada7 (216<<16|44455) dynamic abs=551,358 42x48 hidden=1 ownhide=0
                [14] kind=rectangle widget_type=3 trans=255 fill_mode=0 user_id=0x00d8ada8 (216<<16|44456) dynamic abs=593,358 42x48 hidden=1 ownhide=0
                [15] kind=rectangle widget_type=3 trans=255 fill_mode=0 user_id=0x00d8ada9 (216<<16|44457) dynamic abs=635,358 42x48 hidden=1 ownhide=0
                [16] kind=rectangle widget_type=3 trans=255 fill_mode=0 user_id=0x00d8adaa (216<<16|44458) dynamic abs=509,407 42x48 hidden=1 ownhide=0
                [17] kind=rectangle widget_type=3 trans=255 fill_mode=0 user_id=0x00d8adab (216<<16|44459) dynamic abs=551,407 42x48 hidden=1 ownhide=0
                [18] kind=rectangle widget_type=3 trans=255 fill_mode=0 user_id=0x00d8adac (216<<16|44460) dynamic abs=593,407 42x48 hidden=1 ownhide=0
                [19] kind=rectangle widget_type=3 trans=255 fill_mode=0 user_id=0x00d8adad (216<<16|44461) dynamic abs=635,407 42x48 hidden=1 ownhide=0
                [20] kind=rectangle widget_type=3 trans=255 fill_mode=0 user_id=0x00d8adae (216<<16|44462) dynamic abs=509,456 42x48 hidden=1 ownhide=0
                [21] kind=rectangle widget_type=3 trans=255 fill_mode=0 user_id=0x00d8adaf (216<<16|44463) dynamic abs=551,456 42x48 hidden=1 ownhide=0
                [22] kind=rectangle widget_type=3 trans=255 fill_mode=0 user_id=0x00d8adb0 (216<<16|44464) dynamic abs=593,456 42x48 hidden=1 ownhide=0
                [23] kind=rectangle widget_type=3 trans=255 fill_mode=0 user_id=0x00d8adb1 (216<<16|44465) dynamic abs=635,456 42x48 hidden=1 ownhide=0
                [24] kind=rectangle widget_type=3 trans=255 fill_mode=0 user_id=0x00d8adb2 (216<<16|44466) dynamic abs=509,505 42x48 hidden=1 ownhide=0
                [25] kind=rectangle widget_type=3 trans=255 fill_mode=0 user_id=0x00d8adb3 (216<<16|44467) dynamic abs=551,505 42x48 hidden=1 ownhide=0
                [26] kind=rectangle widget_type=3 trans=255 fill_mode=0 user_id=0x00d8adb4 (216<<16|44468) dynamic abs=593,505 42x48 hidden=1 ownhide=0
                [27] kind=rectangle widget_type=3 trans=255 fill_mode=0 user_id=0x00d8adb5 (216<<16|44469) dynamic abs=635,505 42x48 hidden=1 ownhide=0
                [28] kind=rectangle widget_type=3 trans=255 fill_mode=0 user_id=0x00d8adb6 (216<<16|44470) dynamic abs=509,554 42x48 hidden=1 ownhide=0
                [29] kind=rectangle widget_type=3 trans=255 fill_mode=0 user_id=0x00d8adb7 (216<<16|44471) dynamic abs=551,554 42x48 hidden=1 ownhide=0
                [30] kind=rectangle widget_type=3 trans=255 fill_mode=0 user_id=0x00d8adb8 (216<<16|44472) dynamic abs=593,554 42x48 hidden=1 ownhide=0
                [31] kind=rectangle widget_type=3 trans=255 fill_mode=0 user_id=0x00d8adb9 (216<<16|44473) dynamic abs=635,554 42x48 hidden=1 ownhide=0
                [32] kind=rectangle widget_type=3 trans=255 fill_mode=0 user_id=0x00d8adba (216<<16|44474) dynamic abs=509,603 42x48 hidden=1 ownhide=0
                [33] kind=rectangle widget_type=3 trans=255 fill_mode=0 user_id=0x00d8adbb (216<<16|44475) dynamic abs=551,603 42x48 hidden=1 ownhide=0
                [34] kind=rectangle widget_type=3 trans=255 fill_mode=0 user_id=0x00d8adbc (216<<16|44476) dynamic abs=593,603 42x48 hidden=1 ownhide=0
                [35] kind=rectangle widget_type=3 trans=255 fill_mode=0 user_id=0x00d8adbd (216<<16|44477) dynamic abs=635,603 42x48 hidden=1 ownhide=0
                [36] kind=rectangle widget_type=3 trans=255 fill_mode=0 user_id=0x00d8adbe (216<<16|44478) dynamic abs=509,652 42x48 hidden=1 ownhide=0
                [37] kind=rectangle widget_type=3 trans=255 fill_mode=0 user_id=0x00d8adbf (216<<16|44479) dynamic abs=551,652 42x48 hidden=1 ownhide=0
                [38] kind=rectangle widget_type=3 trans=255 fill_mode=0 user_id=0x00d8adc0 (216<<16|44480) dynamic abs=593,652 42x48 hidden=1 ownhide=0
                [39] kind=rectangle widget_type=3 trans=255 fill_mode=0 user_id=0x00d8adc1 (216<<16|44481) dynamic abs=635,652 42x48 hidden=1 ownhide=0
                [40] kind=rectangle widget_type=3 trans=255 fill_mode=0 user_id=0x00d8adc2 (216<<16|44482) dynamic abs=509,701 42x48 hidden=1 ownhide=0
                [41] kind=rectangle widget_type=3 trans=255 fill_mode=0 user_id=0x00d8adc3 (216<<16|44483) dynamic abs=551,701 42x48 hidden=1 ownhide=0
                [42] kind=rectangle widget_type=3 trans=255 fill_mode=0 user_id=0x00d8adc4 (216<<16|44484) dynamic abs=593,701 42x48 hidden=1 ownhide=0
                [43] kind=rectangle widget_type=3 trans=255 fill_mode=0 user_id=0x00d8adc5 (216<<16|44485) dynamic abs=635,701 42x48 hidden=1 ownhide=0
                [44] kind=rectangle widget_type=3 trans=255 fill_mode=0 user_id=0x00d8adc6 (216<<16|44486) dynamic abs=509,750 42x48 hidden=1 ownhide=0
                [45] kind=rectangle widget_type=3 trans=255 fill_mode=0 user_id=0x00d8adc7 (216<<16|44487) dynamic abs=551,750 42x48 hidden=1 ownhide=0
                [46] kind=rectangle widget_type=3 trans=255 fill_mode=0 user_id=0x00d8adc8 (216<<16|44488) dynamic abs=593,750 42x48 hidden=1 ownhide=0
                [47] kind=rectangle widget_type=3 trans=255 fill_mode=0 user_id=0x00d8adc9 (216<<16|44489) dynamic abs=635,750 42x48 hidden=1 ownhide=0
                [48] kind=rectangle widget_type=3 trans=255 fill_mode=0 user_id=0x00d8adca (216<<16|44490) dynamic abs=509,799 42x48 hidden=1 ownhide=0
                [49] kind=rectangle widget_type=3 trans=255 fill_mode=0 user_id=0x00d8adcb (216<<16|44491) dynamic abs=551,799 42x48 hidden=1 ownhide=0
                [50] kind=rectangle widget_type=3 trans=255 fill_mode=0 user_id=0x00d8adcc (216<<16|44492) dynamic abs=593,799 42x48 hidden=1 ownhide=0
                [51] kind=rectangle widget_type=3 trans=255 fill_mode=0 user_id=0x00d8adcd (216<<16|44493) dynamic abs=635,799 42x48 hidden=1 ownhide=0
                [52] kind=rectangle widget_type=3 trans=255 fill_mode=0 user_id=0x00d8adce (216<<16|44494) dynamic abs=509,848 42x48 hidden=1 ownhide=0
                [53] kind=rectangle widget_type=3 trans=255 fill_mode=0 user_id=0x00d8adcf (216<<16|44495) dynamic abs=551,848 42x48 hidden=1 ownhide=0
                [54] kind=rectangle widget_type=3 trans=255 fill_mode=0 user_id=0x00d8add0 (216<<16|44496) dynamic abs=593,848 42x48 hidden=1 ownhide=0
                [55] kind=rectangle widget_type=3 trans=255 fill_mode=0 user_id=0x00d8add1 (216<<16|44497) dynamic abs=635,848 42x48 hidden=1 ownhide=0
                [56] kind=graphic widget_type=5 trans=0 fill_mode=0 user_id=0x00d8add2 (216<<16|44498) dynamic graphic=700 abs=509,211 48x48 hidden=1 ownhide=0
                [57] kind=graphic widget_type=5 trans=0 fill_mode=0 user_id=0x00d8add3 (216<<16|44499) dynamic graphic=701 abs=551,211 48x48 hidden=1 ownhide=0
                [58] kind=graphic widget_type=5 trans=0 fill_mode=0 user_id=0x00d8add4 (216<<16|44500) dynamic graphic=703 abs=593,211 48x48 hidden=1 ownhide=0
                [59] kind=graphic widget_type=5 trans=0 fill_mode=0 user_id=0x00d8add5 (216<<16|44501) dynamic graphic=704 abs=635,211 48x48 hidden=1 ownhide=0
                [60] kind=graphic widget_type=5 trans=0 fill_mode=0 user_id=0x00d8add6 (216<<16|44502) dynamic graphic=702 abs=509,260 48x48 hidden=1 ownhide=0
                [61] kind=graphic widget_type=5 trans=0 fill_mode=0 user_id=0x00d8add7 (216<<16|44503) dynamic graphic=708 abs=551,260 48x48 hidden=1 ownhide=0
                [62] kind=graphic widget_type=5 trans=0 fill_mode=0 user_id=0x00d8add8 (216<<16|44504) dynamic graphic=720 abs=593,260 48x48 hidden=1 ownhide=0
                [63] kind=graphic widget_type=5 trans=0 fill_mode=0 user_id=0x00d8add9 (216<<16|44505) dynamic graphic=707 abs=635,260 48x48 hidden=1 ownhide=0
                [64] kind=graphic widget_type=5 trans=0 fill_mode=0 user_id=0x00d8adda (216<<16|44506) dynamic graphic=709 abs=509,309 48x48 hidden=1 ownhide=0
                [65] kind=graphic widget_type=5 trans=0 fill_mode=0 user_id=0x00d8addb (216<<16|44507) dynamic graphic=706 abs=551,309 48x48 hidden=1 ownhide=0
                [66] kind=graphic widget_type=5 trans=0 fill_mode=0 user_id=0x00d8addc (216<<16|44508) dynamic graphic=716 abs=593,309 48x48 hidden=1 ownhide=0
                [67] kind=graphic widget_type=5 trans=0 fill_mode=0 user_id=0x00d8addd (216<<16|44509) dynamic graphic=718 abs=635,309 48x48 hidden=1 ownhide=0
                [68] kind=graphic widget_type=5 trans=0 fill_mode=0 user_id=0x00d8adde (216<<16|44510) dynamic graphic=710 abs=509,358 48x48 hidden=1 ownhide=0
                [69] kind=graphic widget_type=5 trans=0 fill_mode=0 user_id=0x00d8addf (216<<16|44511) dynamic graphic=713 abs=551,358 48x48 hidden=1 ownhide=0
                [70] kind=graphic widget_type=5 trans=0 fill_mode=0 user_id=0x00d8ade0 (216<<16|44512) dynamic graphic=714 abs=593,358 48x48 hidden=1 ownhide=0
                [71] kind=graphic widget_type=5 trans=0 fill_mode=0 user_id=0x00d8ade1 (216<<16|44513) dynamic graphic=715 abs=635,358 48x48 hidden=1 ownhide=0
                [72] kind=graphic widget_type=5 trans=0 fill_mode=0 user_id=0x00d8ade2 (216<<16|44514) dynamic graphic=705 abs=509,407 48x48 hidden=1 ownhide=0
                [73] kind=graphic widget_type=5 trans=0 fill_mode=0 user_id=0x00d8ade3 (216<<16|44515) dynamic graphic=721 abs=551,407 48x48 hidden=1 ownhide=0
                [74] kind=graphic widget_type=5 trans=0 fill_mode=0 user_id=0x00d8ade4 (216<<16|44516) dynamic graphic=712 abs=593,407 48x48 hidden=1 ownhide=0
                [75] kind=graphic widget_type=5 trans=0 fill_mode=0 user_id=0x00d8ade5 (216<<16|44517) dynamic graphic=717 abs=635,407 48x48 hidden=1 ownhide=0
                [76] kind=graphic widget_type=5 trans=0 fill_mode=0 user_id=0x00d8ade6 (216<<16|44518) dynamic graphic=711 abs=509,456 48x48 hidden=1 ownhide=0
                [77] kind=graphic widget_type=5 trans=0 fill_mode=0 user_id=0x00d8ade7 (216<<16|44519) dynamic graphic=719 abs=551,456 48x48 hidden=1 ownhide=0
                [78] kind=graphic widget_type=5 trans=0 fill_mode=0 user_id=0x00d8ade8 (216<<16|44520) dynamic graphic=746 abs=593,456 48x48 hidden=1 ownhide=0
                [79] kind=graphic widget_type=5 trans=0 fill_mode=0 user_id=0x00d8ade9 (216<<16|44521) dynamic graphic=747 abs=635,456 48x48 hidden=1 ownhide=0
                [80] kind=graphic widget_type=5 trans=0 fill_mode=0 user_id=0x00d8adea (216<<16|44522) dynamic graphic=742 abs=509,505 48x48 hidden=1 ownhide=0
                [81] kind=graphic widget_type=5 trans=0 fill_mode=0 user_id=0x00d8adeb (216<<16|44523) dynamic graphic=743 abs=551,505 48x48 hidden=1 ownhide=0
                [82] kind=graphic widget_type=5 trans=0 fill_mode=0 user_id=0x00d8adec (216<<16|44524) dynamic graphic=744 abs=593,505 48x48 hidden=1 ownhide=0
                [83] kind=graphic widget_type=5 trans=0 fill_mode=0 user_id=0x00d8aded (216<<16|44525) dynamic graphic=745 abs=635,505 48x48 hidden=1 ownhide=0
                [84] kind=graphic widget_type=5 trans=0 fill_mode=0 user_id=0x00d8adee (216<<16|44526) dynamic graphic=752 abs=509,554 48x48 hidden=1 ownhide=0
                [85] kind=graphic widget_type=5 trans=0 fill_mode=0 user_id=0x00d8adef (216<<16|44527) dynamic graphic=750 abs=551,554 48x48 hidden=1 ownhide=0
                [86] kind=graphic widget_type=5 trans=0 fill_mode=0 user_id=0x00d8adf0 (216<<16|44528) dynamic graphic=751 abs=593,554 48x48 hidden=1 ownhide=0
                [87] kind=graphic widget_type=5 trans=0 fill_mode=0 user_id=0x00d8adf1 (216<<16|44529) dynamic graphic=749 abs=635,554 48x48 hidden=1 ownhide=0
                [88] kind=graphic widget_type=5 trans=0 fill_mode=0 user_id=0x00d8adf2 (216<<16|44530) dynamic graphic=753 abs=509,603 48x48 hidden=1 ownhide=0
                [89] kind=graphic widget_type=5 trans=0 fill_mode=0 user_id=0x00d8adf3 (216<<16|44531) dynamic graphic=754 abs=551,603 48x48 hidden=1 ownhide=0
                [90] kind=graphic widget_type=5 trans=0 fill_mode=0 user_id=0x00d8adf4 (216<<16|44532) dynamic graphic=748 abs=593,603 48x48 hidden=1 ownhide=0
                [91] kind=graphic widget_type=5 trans=0 fill_mode=0 user_id=0x00d8adf5 (216<<16|44533) dynamic graphic=755 abs=635,603 48x48 hidden=1 ownhide=0
                [92] kind=graphic widget_type=5 trans=0 fill_mode=0 user_id=0x00d8adf6 (216<<16|44534) dynamic graphic=1206 abs=509,652 48x48 hidden=1 ownhide=0
                [93] kind=graphic widget_type=5 trans=0 fill_mode=0 user_id=0x00d8adf7 (216<<16|44535) dynamic graphic=1208 abs=551,652 48x48 hidden=1 ownhide=0
                [94] kind=graphic widget_type=5 trans=0 fill_mode=0 user_id=0x00d8adf8 (216<<16|44536) dynamic graphic=1207 abs=593,652 48x48 hidden=1 ownhide=0
                [95] kind=graphic widget_type=5 trans=0 fill_mode=0 user_id=0x00d8adf9 (216<<16|44537) dynamic graphic=759 abs=635,652 48x48 hidden=1 ownhide=0
                [96] kind=graphic widget_type=5 trans=0 fill_mode=0 user_id=0x00d8adfa (216<<16|44538) dynamic graphic=2429 abs=509,701 48x48 hidden=1 ownhide=0
                [97] kind=graphic widget_type=5 trans=0 fill_mode=0 user_id=0x00d8adfb (216<<16|44539) dynamic graphic=757 abs=551,701 48x48 hidden=1 ownhide=0
                [98] kind=graphic widget_type=5 trans=0 fill_mode=0 user_id=0x00d8adfc (216<<16|44540) dynamic graphic=1209 abs=593,701 48x48 hidden=1 ownhide=0
                [99] kind=graphic widget_type=5 trans=0 fill_mode=0 user_id=0x00d8adfd (216<<16|44541) dynamic graphic=756 abs=635,701 48x48 hidden=1 ownhide=0
                [100] kind=graphic widget_type=5 trans=0 fill_mode=0 user_id=0x00d8adfe (216<<16|44542) dynamic graphic=758 abs=509,750 48x48 hidden=1 ownhide=0
                [101] kind=graphic widget_type=5 trans=0 fill_mode=0 user_id=0x00d8adff (216<<16|44543) dynamic graphic=1354 abs=551,750 48x48 hidden=1 ownhide=0
                [102] kind=graphic widget_type=5 trans=0 fill_mode=0 user_id=0x00d8ae00 (216<<16|44544) dynamic graphic=1355 abs=593,750 48x48 hidden=1 ownhide=0
                [103] kind=graphic widget_type=5 trans=0 fill_mode=0 user_id=0x00d8ae01 (216<<16|44545) dynamic graphic=1356 abs=635,750 48x48 hidden=1 ownhide=0
                [104] kind=graphic widget_type=5 trans=0 fill_mode=0 user_id=0x00d8ae02 (216<<16|44546) dynamic graphic=1357 abs=509,799 48x48 hidden=1 ownhide=0
                [105] kind=graphic widget_type=5 trans=0 fill_mode=0 user_id=0x00d8ae03 (216<<16|44547) dynamic graphic=2427 abs=551,799 48x48 hidden=1 ownhide=0
                [106] kind=graphic widget_type=5 trans=0 fill_mode=0 user_id=0x00d8ae04 (216<<16|44548) dynamic graphic=2428 abs=593,799 48x48 hidden=1 ownhide=0
                [107] kind=graphic widget_type=5 trans=0 fill_mode=0 user_id=0x00d8ae05 (216<<16|44549) dynamic graphic=2430 abs=635,799 48x48 hidden=1 ownhide=0
                [108] kind=graphic widget_type=5 trans=0 fill_mode=0 user_id=0x00d8ae06 (216<<16|44550) dynamic graphic=5249 abs=509,848 48x48 hidden=1 ownhide=0
                [109] kind=graphic widget_type=5 trans=0 fill_mode=0 user_id=0x00d8ae07 (216<<16|44551) dynamic graphic=5251 abs=551,848 48x48 hidden=1 ownhide=0
                [110] kind=graphic widget_type=5 trans=0 fill_mode=0 user_id=0x00d8ae08 (216<<16|44552) dynamic graphic=5248 abs=593,848 48x48 hidden=1 ownhide=0
                [111] kind=graphic widget_type=5 trans=0 fill_mode=0 user_id=0x00d8ae09 (216<<16|44553) dynamic graphic=6340 abs=635,848 48x48 hidden=1 ownhide=0
              [3] kind=layer widget_type=0 trans=0 fill_mode=0 user_id=0x00d80003 (216<<16|3) static
            [4] kind=layer widget_type=0 trans=0 fill_mode=0 user_id=0x00d80004 (216<<16|4) static
              [0] kind=graphic widget_type=5 trans=0 fill_mode=0 user_id=0x00d8ae0a (216<<16|44554) dynamic graphic=792 abs=680,221 16x229 hidden=1 ownhide=0
              [1] kind=graphic widget_type=5 trans=0 fill_mode=0 user_id=0x00d8ae0b (216<<16|44555) dynamic graphic=790 abs=680,221 16x86 hidden=1 ownhide=0
              [2] kind=graphic widget_type=5 trans=0 fill_mode=0 user_id=0x00d8ae0c (216<<16|44556) dynamic graphic=789 abs=680,221 16x5 hidden=1 ownhide=0
              [3] kind=graphic widget_type=5 trans=0 fill_mode=0 user_id=0x00d8ae0d (216<<16|44557) dynamic graphic=791 abs=680,302 16x5 hidden=1 ownhide=0
              [4] kind=graphic widget_type=5 trans=0 fill_mode=0 user_id=0x00d8ae0e (216<<16|44558) dynamic graphic=773 abs=680,205 16x16 hidden=1 ownhide=0
              [5] kind=graphic widget_type=5 trans=0 fill_mode=0 user_id=0x00d8ae0f (216<<16|44559) dynamic graphic=788 abs=680,450 16x16 hidden=1 ownhide=0
            [5] kind=layer widget_type=0 trans=0 fill_mode=0 user_id=0x00d80005 (216<<16|5) static
        [89] kind=layer widget_type=0 trans=0 fill_mode=0 user_id=0x00a10059 (161<<16|89) static
          [0] kind=layer widget_type=0 trans=0 fill_mode=0 user_id=0x00ef0000 (239<<16|0) static
            [1] kind=layer widget_type=0 trans=0 fill_mode=0 user_id=0x00ef0001 (239<<16|1) static
              [2] kind=layer widget_type=0 trans=0 fill_mode=0 user_id=0x00ef0002 (239<<16|2) static
                [3] kind=text widget_type=4 trans=0 fill_mode=0 user_id=0x00ef0003 (239<<16|3) static font=495 color=0xff981f text="Playing:" abs=514,249 47x18 hidden=1 ownhide=0
                [4] kind=text widget_type=4 trans=0 fill_mode=0 user_id=0x00ef0004 (239<<16|4) static font=495 color=0x3ce6e6 text="Harmony" abs=514,265 160x19 hidden=1 ownhide=0
              [5] kind=text widget_type=4 trans=0 fill_mode=0 user_id=0x00ef0005 (239<<16|5) static font=494 color=0xff981f text="Unlocked: 17 / 852" abs=507,452 190x13 hidden=1 ownhide=0
              [6] kind=layer widget_type=0 trans=0 fill_mode=0 user_id=0x00ef0006 (239<<16|6) static
                [0] kind=graphic widget_type=5 trans=0 fill_mode=0 user_id=0x00efb197 (239<<16|45463) dynamic graphic=310 abs=509,285 25x30 hidden=1 ownhide=0
                [1] kind=graphic widget_type=5 trans=0 fill_mode=0 user_id=0x00efb198 (239<<16|45464) dynamic graphic=311 abs=670,285 25x30 hidden=1 ownhide=0
                [2] kind=graphic widget_type=5 trans=0 fill_mode=0 user_id=0x00efb199 (239<<16|45465) dynamic graphic=312 abs=509,421 25x30 hidden=1 ownhide=0
                [3] kind=graphic widget_type=5 trans=0 fill_mode=0 user_id=0x00efb19a (239<<16|45466) dynamic graphic=313 abs=670,421 25x30 hidden=1 ownhide=0
                [4] kind=graphic widget_type=5 trans=0 fill_mode=0 user_id=0x00efb19b (239<<16|45467) dynamic graphic=172 abs=494,315 36x106 hidden=1 ownhide=0
                [5] kind=graphic widget_type=5 trans=0 fill_mode=0 user_id=0x00efb19c (239<<16|45468) dynamic graphic=315 abs=674,315 36x106 hidden=1 ownhide=0
                [6] kind=graphic widget_type=5 trans=0 fill_mode=0 user_id=0x00efb19d (239<<16|45469) dynamic graphic=314 abs=534,270 136x36 hidden=1 ownhide=0
                [7] kind=graphic widget_type=5 trans=0 fill_mode=0 user_id=0x00efb19e (239<<16|45470) dynamic graphic=173 abs=534,430 136x36 hidden=1 ownhide=0
                [7] kind=rectangle widget_type=3 trans=212 fill_mode=0 user_id=0x00ef0007 (239<<16|7) static abs=510,285 184x164 hidden=1 ownhide=0
                [8] kind=layer widget_type=0 trans=0 fill_mode=0 user_id=0x00ef0008 (239<<16|8) static
                  [9] kind=layer widget_type=0 trans=0 fill_mode=0 user_id=0x00ef0009 (239<<16|9) static
                    [10] kind=layer widget_type=0 trans=0 fill_mode=0 user_id=0x00ef000a (239<<16|10) static
                    [11] kind=layer widget_type=0 trans=0 fill_mode=0 user_id=0x00ef000b (239<<16|11) static
                      [0] kind=text widget_type=4 trans=0 fill_mode=0 user_id=0x00efae10 (239<<16|44560) dynamic font=495 color=0xff0000 text="Oh Rats!" abs=518,8169 154x15 hidden=1 ownhide=0
                      [1] kind=text widget_type=4 trans=0 fill_mode=0 user_id=0x00efae11 (239<<16|44561) dynamic font=495 color=0xff0000 text="7th Realm" abs=518,294 154x15 hidden=1 ownhide=0
                      [2] kind=text widget_type=4 trans=0 fill_mode=0 user_id=0x00efae12 (239<<16|44562) dynamic font=495 color=0xff0000 text="A Farmer's Grind" abs=518,3969 154x15 hidden=1 ownhide=0
                      [3] kind=text widget_type=4 trans=0 fill_mode=0 user_id=0x00efae13 (239<<16|44563) dynamic font=495 color=0xff0000 text="Adventure" abs=518,309 154x15 hidden=1 ownhide=0
                      [4] kind=text widget_type=4 trans=0 fill_mode=0 user_id=0x00efae14 (239<<16|44564) dynamic font=495 color=0xff0000 text="Al Kharid" abs=518,324 154x15 hidden=1 ownhide=0
                      [5] kind=text widget_type=4 trans=0 fill_mode=0 user_id=0x00efae15 (239<<16|44565) dynamic font=495 color=0xff0000 text="Alchemical Attack!" abs=518,339 154x15 hidden=1 ownhide=0
                      [6] kind=text widget_type=4 trans=0 fill_mode=0 user_id=0x00efae16 (239<<16|44566) dynamic font=495 color=0xff0000 text="All's Fairy in Love & War" abs=518,384 154x15 hidden=1 ownhide=0
                      [7] kind=text widget_type=4 trans=0 fill_mode=0 user_id=0x00efae17 (239<<16|44567) dynamic font=495 color=0xff0000 text="Alone" abs=518,399 154x15 hidden=1 ownhide=0
                      [8] kind=text widget_type=4 trans=0 fill_mode=0 user_id=0x00efae18 (239<<16|44568) dynamic font=495 color=0xff0000 text="Altar Ego" abs=518,414 154x15 hidden=1 ownhide=0
                      [9] kind=text widget_type=4 trans=0 fill_mode=0 user_id=0x00efae19 (239<<16|44569) dynamic font=495 color=0xff0000 text="Alternative Root" abs=518,429 154x15 hidden=1 ownhide=0
                      [10] kind=text widget_type=4 trans=0 fill_mode=0 user_id=0x00efae1a (239<<16|44570) dynamic font=495 color=0xff0000 text="Thrall of the Devourer" abs=518,11394 154x15 hidden=1 ownhide=0
                      [11] kind=text widget_type=4 trans=0 fill_mode=0 user_id=0x00efae1b (239<<16|44571) dynamic font=495 color=0xff0000 text="Ambient Jungle" abs=518,459 154x15 hidden=1 ownhide=0
                      [12] kind=text widget_type=4 trans=0 fill_mode=0 user_id=0x00efae1c (239<<16|44572) dynamic font=495 color=0xff0000 text="Mystics of Nature" abs=518,7809 154x15 hidden=1 ownhide=0
                      [13] kind=text widget_type=4 trans=0 fill_mode=0 user_id=0x00efae1d (239<<16|44573) dynamic font=495 color=0xff0000 text="The Ancient Prison" abs=518,474 154x15 hidden=1 ownhide=0
                      [14] kind=text widget_type=4 trans=0 fill_mode=0 user_id=0x00efae1e (239<<16|44574) dynamic font=495 color=0xff0000 text="Anywhere" abs=518,504 154x15 hidden=1 ownhide=0
                      [15] kind=text widget_type=4 trans=0 fill_mode=0 user_id=0x00efae1f (239<<16|44575) dynamic font=495 color=0xff0000 text="Arabian" abs=518,534 154x15 hidden=1 ownhide=0
                      [16] kind=text widget_type=4 trans=0 fill_mode=0 user_id=0x00efae20 (239<<16|44576) dynamic font=495 color=0xff0000 text="Arabian 2" abs=518,549 154x15 hidden=1 ownhide=0
                      [17] kind=text widget_type=4 trans=0 fill_mode=0 user_id=0x00efae21 (239<<16|44577) dynamic font=495 color=0xff0000 text="Arabian 3" abs=518,564 154x15 hidden=1 ownhide=0
                      [18] kind=text widget_type=4 trans=0 fill_mode=0 user_id=0x00efae22 (239<<16|44578) dynamic font=495 color=0xff0000 text="Arabique" abs=518,579 154x15 hidden=1 ownhide=0
                      [19] kind=text widget_type=4 trans=0 fill_mode=0 user_id=0x00efae23 (239<<16|44579) dynamic font=495 color=0xff0000 text="Itsy Bitsy..." abs=518,5859 154x15 hidden=1 ownhide=0
                      [20] kind=text widget_type=4 trans=0 fill_mode=0 user_id=0x00efae24 (239<<16|44580) dynamic font=495 color=0xff0000 text="Arboretum" abs=518,609 154x15 hidden=1 ownhide=0
                      [21] kind=text widget_type=4 trans=0 fill_mode=0 user_id=0x00efae25 (239<<16|44581) dynamic font=495 color=0xff0000 text="Arcane" abs=518,624 154x15 hidden=1 ownhide=0
                      [22] kind=text widget_type=4 trans=0 fill_mode=0 user_id=0x00efae26 (239<<16|44582) dynamic font=495 color=0xff0000 text="Not a Moment of Relief" abs=518,8079 154x15 hidden=1 ownhide=0
                      [23] kind=text widget_type=4 trans=0 fill_mode=0 user_id=0x00efae27 (239<<16|44583) dynamic font=495 color=0xff0000 text="Armadyl Alliance" abs=518,669 154x15 hidden=1 ownhide=0
                      [24] kind=text widget_type=4 trans=0 fill_mode=0 user_id=0x00efae28 (239<<16|44584) dynamic font=495 color=0xff0000 text="Armageddon" abs=518,684 154x15 hidden=1 ownhide=0
                      [25] kind=text widget_type=4 trans=0 fill_mode=0 user_id=0x00efae29 (239<<16|44585) dynamic font=495 color=0xff0000 text="Army of Darkness" abs=518,699 154x15 hidden=1 ownhide=0
                      [26] kind=text widget_type=4 trans=0 fill_mode=0 user_id=0x00efae2a (239<<16|44586) dynamic font=495 color=0xff0000 text="Arrival" abs=518,714 154x15 hidden=1 ownhide=0
                      [27] kind=text widget_type=4 trans=0 fill_mode=0 user_id=0x00efae2b (239<<16|44587) dynamic font=495 color=0xff0000 text="Artistry" abs=518,729 154x15 hidden=1 ownhide=0
                      [28] kind=text widget_type=4 trans=0 fill_mode=0 user_id=0x00efae2c (239<<16|44588) dynamic font=495 color=0xff0000 text="Ascent" abs=518,744 154x15 hidden=1 ownhide=0
                      [29] kind=text widget_type=4 trans=0 fill_mode=0 user_id=0x00efae2d (239<<16|44589) dynamic font=495 color=0xff0000 text="Assault and Battery" abs=518,759 154x15 hidden=1 ownhide=0
                      [30] kind=text widget_type=4 trans=0 fill_mode=0 user_id=0x00efae2e (239<<16|44590) dynamic font=495 color=0xff0000 text="Attack 1" abs=518,774 154x15 hidden=1 ownhide=0
                      [31] kind=text widget_type=4 trans=0 fill_mode=0 user_id=0x00efae2f (239<<16|44591) dynamic font=495 color=0xff0000 text="Attack 2" abs=518,789 154x15 hidden=1 ownhide=0
                      [32] kind=text widget_type=4 trans=0 fill_mode=0 user_id=0x00efae30 (239<<16|44592) dynamic font=495 color=0xff0000 text="Attack 3" abs=518,804 154x15 hidden=1 ownhide=0
                      [33] kind=text widget_type=4 trans=0 fill_mode=0 user_id=0x00efae31 (239<<16|44593) dynamic font=495 color=0xff0000 text="Attack 4" abs=518,819 154x15 hidden=1 ownhide=0
                      [34] kind=text widget_type=4 trans=0 fill_mode=0 user_id=0x00efae32 (239<<16|44594) dynamic font=495 color=0xff0000 text="Attack 5" abs=518,834 154x15 hidden=1 ownhide=0
                      [35] kind=text widget_type=4 trans=0 fill_mode=0 user_id=0x00efae33 (239<<16|44595) dynamic font=495 color=0xff0000 text="Attack 6" abs=518,849 154x15 hidden=1 ownhide=0
                      [36] kind=text widget_type=4 trans=0 fill_mode=0 user_id=0x00efae34 (239<<16|44596) dynamic font=495 color=0xff0000 text="Attention" abs=518,864 154x15 hidden=1 ownhide=0
                      [37] kind=text widget_type=4 trans=0 fill_mode=0 user_id=0x00efae35 (239<<16|44597) dynamic font=495 color=0xff0000 text="Autumn Voyage" abs=518,879 154x15 hidden=1 ownhide=0
                      [38] kind=text widget_type=4 trans=0 fill_mode=0 user_id=0x00efae36 (239<<16|44598) dynamic font=495 color=0xff0000 text="Aye Car Rum Ba" abs=518,909 154x15 hidden=1 ownhide=0
                      [39] kind=text widget_type=4 trans=0 fill_mode=0 user_id=0x00efae37 (239<<16|44599) dynamic font=495 color=0xff0000 text="Aztec" abs=518,924 154x15 hidden=1 ownhide=0
                      [40] kind=text widget_type=4 trans=0 fill_mode=0 user_id=0x00efae38 (239<<16|44600) dynamic font=495 color=0xff0000 text="Back to Life" abs=518,939 154x15 hidden=1 ownhide=0
                      [41] kind=text widget_type=4 trans=0 fill_mode=0 user_id=0x00efae39 (239<<16|44601) dynamic font=495 color=0xff0000 text="Background" abs=518,954 154x15 hidden=1 ownhide=0
                      [42] kind=text widget_type=4 trans=0 fill_mode=0 user_id=0x00efae3a (239<<16|44602) dynamic font=495 color=0xff0000 text="Bait" abs=518,969 154x15 hidden=1 ownhide=0
                      [43] kind=text widget_type=4 trans=0 fill_mode=0 user_id=0x00efae3b (239<<16|44603) dynamic font=495 color=0xff0000 text="Ballad of Enchantment" abs=518,984 154x15 hidden=1 ownhide=0
                      [44] kind=text widget_type=4 trans=0 fill_mode=0 user_id=0x00efae3c (239<<16|44604) dynamic font=495 color=0xff0000 text="Bandit Camp" abs=518,1014 154x15 hidden=1 ownhide=0
                      [45] kind=text widget_type=4 trans=0 fill_mode=0 user_id=0x00efae3d (239<<16|44605) dynamic font=495 color=0xff0000 text="Bandos Battalion" abs=518,1029 154x15 hidden=1 ownhide=0
                      [46] kind=text widget_type=4 trans=0 fill_mode=0 user_id=0x00efae3e (239<<16|44606) dynamic font=495 color=0xff0000 text="Cain's Tutorial" abs=518,1674 154x15 hidden=1 ownhide=0
                      [47] kind=text widget_type=4 trans=0 fill_mode=0 user_id=0x00efae3f (239<<16|44607) dynamic font=495 color=0xff0000 text="Barb Wire" abs=518,1074 154x15 hidden=1 ownhide=0
                      [48] kind=text widget_type=4 trans=0 fill_mode=0 user_id=0x00efae40 (239<<16|44608) dynamic font=495 color=0xff0000 text="Barbarianism" abs=518,1104 154x15 hidden=1 ownhide=0
                      [49] kind=text widget_type=4 trans=0 fill_mode=0 user_id=0x00efae41 (239<<16|44609) dynamic font=495 color=0xff0000 text="Barking Mad" abs=518,1119 154x15 hidden=1 ownhide=0
                      [50] kind=text widget_type=4 trans=0 fill_mode=0 user_id=0x00efae42 (239<<16|44610) dynamic font=495 color=0xff0000 text="Baroque" abs=518,1134 154x15 hidden=1 ownhide=0
                      [51] kind=text widget_type=4 trans=0 fill_mode=0 user_id=0x00efae43 (239<<16|44611) dynamic font=495 color=0xff0000 text="Brain Battle" abs=518,1509 154x15 hidden=1 ownhide=0
                      [52] kind=text widget_type=4 trans=0 fill_mode=0 user_id=0x00efae44 (239<<16|44612) dynamic font=495 color=0xff0000 text="Barren Land" abs=518,1149 154x15 hidden=1 ownhide=0
                      [53] kind=text widget_type=4 trans=0 fill_mode=0 user_id=0x00efae45 (239<<16|44613) dynamic font=495 color=0xff0000 text="Ballad of the Basilisk" abs=518,999 154x15 hidden=1 ownhide=0
                      [54] kind=text widget_type=4 trans=0 fill_mode=0 user_id=0x00efae46 (239<<16|44614) dynamic font=495 color=0xff0000 text="Fight of the Basilisk" abs=518,4074 154x15 hidden=1 ownhide=0
                      [55] kind=text widget_type=4 trans=0 fill_mode=0 user_id=0x00efae47 (239<<16|44615) dynamic font=495 color=0xff0000 text="Jaws of the Basilisk" abs=518,5889 154x15 hidden=1 ownhide=0
                      [56] kind=text widget_type=4 trans=0 fill_mode=0 user_id=0x00efae48 (239<<16|44616) dynamic font=495 color=0xff0000 text="Lair of the Basilisk" abs=518,6279 154x15 hidden=1 ownhide=0
                      [57] kind=text widget_type=4 trans=0 fill_mode=0 user_id=0x00efae49 (239<<16|44617) dynamic font=495 color=0xff0000 text="Reign of the Basilisk" abs=518,9054 154x15 hidden=1 ownhide=0
                      [58] kind=text widget_type=4 trans=0 fill_mode=0 user_id=0x00efae4a (239<<16|44618) dynamic font=495 color=0xff0000 text="On the Frontline" abs=518,8214 154x15 hidden=1 ownhide=0
                      [59] kind=text widget_type=4 trans=0 fill_mode=0 user_id=0x00efae4b (239<<16|44619) dynamic font=495 color=0xff0000 text="Beetle Juice" abs=518,1164 154x15 hidden=1 ownhide=0
                      [60] kind=text widget_type=4 trans=0 fill_mode=0 user_id=0x00efae4c (239<<16|44620) dynamic font=495 color=0xff0000 text="Beneath the Stronghold" abs=518,1224 154x15 hidden=1 ownhide=0
                      [61] kind=text widget_type=4 trans=0 fill_mode=0 user_id=0x00efae4d (239<<16|44621) dynamic font=495 color=0xff0000 text="The Fremennik Kings" abs=518,4434 154x15 hidden=1 ownhide=0
                      [62] kind=text widget_type=4 trans=0 fill_mode=0 user_id=0x00efae4e (239<<16|44622) dynamic font=495 color=0xff0000 text="Beyond" abs=518,1239 154x15 hidden=1 ownhide=0
                      [63] kind=text widget_type=4 trans=0 fill_mode=0 user_id=0x00efae4f (239<<16|44623) dynamic font=495 color=0xff0000 text="Big Chords" abs=518,1269 154x15 hidden=1 ownhide=0
                      [64] kind=text widget_type=4 trans=0 fill_mode=0 user_id=0x00efae50 (239<<16|44624) dynamic font=495 color=0xff0000 text="Barbarian Workout" abs=518,1089 154x15 hidden=1 ownhide=0
                      [65] kind=text widget_type=4 trans=0 fill_mode=0 user_id=0x00efae51 (239<<16|44625) dynamic font=495 color=0xff0000 text="Blistering Barnacles" abs=518,1299 154x15 hidden=1 ownhide=0
                      [66] kind=text widget_type=4 trans=0 fill_mode=0 user_id=0x00efae52 (239<<16|44626) dynamic font=495 color=0xff0000 text="Bloodbath" abs=518,1344 154x15 hidden=1 ownhide=0
                      [67] kind=text widget_type=4 trans=0 fill_mode=0 user_id=0x00efae53 (239<<16|44627) dynamic font=495 color=0xff0000 text="Bob's on Holiday" abs=518,1374 154x15 hidden=1 ownhide=0
                      [68] kind=text widget_type=4 trans=0 fill_mode=0 user_id=0x00efae54 (239<<16|44628) dynamic font=495 color=0xff0000 text="Body Parts" abs=518,1389 154x15 hidden=1 ownhide=0
                      [69] kind=text widget_type=4 trans=0 fill_mode=0 user_id=0x00efae55 (239<<16|44629) dynamic font=495 color=0xff0000 text="Bone Dance" abs=518,1419 154x15 hidden=1 ownhide=0
                      [70] kind=text widget_type=4 trans=0 fill_mode=0 user_id=0x00efae56 (239<<16|44630) dynamic font=495 color=0xff0000 text="Bone Dry" abs=518,1434 154x15 hidden=1 ownhide=0
                      [71] kind=text widget_type=4 trans=0 fill_mode=0 user_id=0x00efae57 (239<<16|44631) dynamic font=495 color=0xff0000 text="Book of Spells" abs=518,1449 154x15 hidden=1 ownhide=0
                      [72] kind=text widget_type=4 trans=0 fill_mode=0 user_id=0x00efae58 (239<<16|44632) dynamic font=495 color=0xff0000 text="Borderland" abs=518,1464 154x15 hidden=1 ownhide=0
                      [73] kind=text widget_type=4 trans=0 fill_mode=0 user_id=0x00efae59 (239<<16|44633) dynamic font=495 color=0xff0000 text="Box of Delights" abs=518,1494 154x15 hidden=1 ownhide=0
                      [74] kind=text widget_type=4 trans=0 fill_mode=0 user_id=0x00efae5a (239<<16|44634) dynamic font=495 color=0xff0000 text="Breeze" abs=518,1524 154x15 hidden=1 ownhide=0
                      [75] kind=text widget_type=4 trans=0 fill_mode=0 user_id=0x00efae5b (239<<16|44635) dynamic font=495 color=0xff0000 text="Brew Hoo Hoo!" abs=518,1539 154x15 hidden=1 ownhide=0
                      [76] kind=text widget_type=4 trans=0 fill_mode=0 user_id=0x00efae5c (239<<16|44636) dynamic font=495 color=0xff0000 text="Brimstail's Scales" abs=518,1569 154x15 hidden=1 ownhide=0
                      [77] kind=text widget_type=4 trans=0 fill_mode=0 user_id=0x00efae5d (239<<16|44637) dynamic font=495 color=0xff0000 text="Bubble and Squeak" abs=518,1584 154x15 hidden=1 ownhide=0
                      [78] kind=text widget_type=4 trans=0 fill_mode=0 user_id=0x00efae5e (239<<16|44638) dynamic font=495 color=0xff0000 text="Bunny's Sugar Rush" abs=518,1599 154x15 hidden=1 ownhide=0
                      [79] kind=text widget_type=4 trans=0 fill_mode=0 user_id=0x00efae5f (239<<16|44639) dynamic font=495 color=0xff0000 text="Burning Desire" abs=518,1614 154x15 hidden=1 ownhide=0
                      [80] kind=text widget_type=4 trans=0 fill_mode=0 user_id=0x00efae60 (239<<16|44640) dynamic font=495 color=0xff0000 text="Cabin Fever" abs=518,1659 154x15 hidden=1 ownhide=0
                      [81] kind=text widget_type=4 trans=0 fill_mode=0 user_id=0x00efae61 (239<<16|44641) dynamic font=495 color=0xff0000 text="The Ruins of Camdozaal" abs=518,9414 154x15 hidden=1 ownhide=0
                      [82] kind=text widget_type=4 trans=0 fill_mode=0 user_id=0x00efae62 (239<<16|44642) dynamic font=495 color=0xff0000 text="Race Against the Clock" abs=518,8919 154x15 hidden=1 ownhide=0
                      [83] kind=text widget_type=4 trans=0 fill_mode=0 user_id=0x00efae63 (239<<16|44643) dynamic font=495 color=0xff0000 text="Camelot" abs=518,1704 154x15 hidden=1 ownhide=0
                      [84] kind=text widget_type=4 trans=0 fill_mode=0 user_id=0x00efae64 (239<<16|44644) dynamic font=495 color=0xff0000 text="Castle Wars" abs=518,1749 154x15 hidden=1 ownhide=0
                      [85] kind=text widget_type=4 trans=0 fill_mode=0 user_id=0x00efae65 (239<<16|44645) dynamic font=495 color=0xff0000 text="Catacombs and Tombs" abs=518,1764 154x15 hidden=1 ownhide=0
                      [86] kind=text widget_type=4 trans=0 fill_mode=0 user_id=0x00efae66 (239<<16|44646) dynamic font=495 color=0xff0000 text="Catch Me If You Can" abs=518,1779 154x15 hidden=1 ownhide=0
                      [87] kind=text widget_type=4 trans=0 fill_mode=0 user_id=0x00efae67 (239<<16|44647) dynamic font=495 color=0xff0000 text="Cave Background" abs=518,1794 154x15 hidden=1 ownhide=0
                      [88] kind=text widget_type=4 trans=0 fill_mode=0 user_id=0x00efae68 (239<<16|44648) dynamic font=495 color=0xff0000 text="Cave of Beasts" abs=518,1809 154x15 hidden=1 ownhide=0
                      [89] kind=text widget_type=4 trans=0 fill_mode=0 user_id=0x00efae69 (239<<16|44649) dynamic font=495 color=0xff0000 text="Cave of the Goblins" abs=518,1824 154x15 hidden=1 ownhide=0
                      [90] kind=text widget_type=4 trans=0 fill_mode=0 user_id=0x00efae6a (239<<16|44650) dynamic font=495 color=0xff0000 text="Cavern" abs=518,1839 154x15 hidden=1 ownhide=0
                      [91] kind=text widget_type=4 trans=0 fill_mode=0 user_id=0x00efae6b (239<<16|44651) dynamic font=495 color=0xff0000 text="Cellar Song" abs=518,1869 154x15 hidden=1 ownhide=0
                      [92] kind=text widget_type=4 trans=0 fill_mode=0 user_id=0x00efae6c (239<<16|44652) dynamic font=495 color=0xff0000 text="Chain of Command" abs=518,1884 154x15 hidden=1 ownhide=0
                      [93] kind=text widget_type=4 trans=0 fill_mode=0 user_id=0x00efae6d (239<<16|44653) dynamic font=495 color=0xff0000 text="Chamber" abs=518,1899 154x15 hidden=1 ownhide=0
                      [94] kind=text widget_type=4 trans=0 fill_mode=0 user_id=0x00efae6e (239<<16|44654) dynamic font=495 color=0xff0000 text="Chef Surprise" abs=518,1914 154x15 hidden=1 ownhide=0
                      [95] kind=text widget_type=4 trans=0 fill_mode=0 user_id=0x00efae6f (239<<16|44655) dynamic font=495 color=0xff0000 text="Chickened Out" abs=518,1929 154x15 hidden=1 ownhide=0
                      [96] kind=text widget_type=4 trans=0 fill_mode=0 user_id=0x00efae70 (239<<16|44656) dynamic font=495 color=0xff0000 text="Chompy Hunt" abs=518,1959 154x15 hidden=1 ownhide=0
                      [97] kind=text widget_type=4 trans=0 fill_mode=0 user_id=0x00efae71 (239<<16|44657) dynamic font=495 color=0xff0000 text="Elven Guardians" abs=518,3414 154x15 hidden=1 ownhide=0
                      [98] kind=text widget_type=4 trans=0 fill_mode=0 user_id=0x00efae72 (239<<16|44658) dynamic font=495 color=0xff0000 text="City of the Dead" abs=518,2004 154x15 hidden=1 ownhide=0
                      [99] kind=text widget_type=4 trans=0 fill_mode=0 user_id=0x00efae73 (239<<16|44659) dynamic font=495 color=0xff0000 text="Clanliness" abs=518,2034 154x15 hidden=1 ownhide=0
                      [100] kind=text widget_type=4 trans=0 fill_mode=0 user_id=0x00efae74 (239<<16|44660) dynamic font=495 color=0xff0000 text="Clan Wars" abs=518,2019 154x15 hidden=1 ownhide=0
                      [101] kind=text widget_type=4 trans=0 fill_mode=0 user_id=0x00efae75 (239<<16|44661) dynamic font=495 color=0xff0000 text="Claustrophobia" abs=518,2049 154x15 hidden=1 ownhide=0
                      [102] kind=text widget_type=4 trans=0 fill_mode=0 user_id=0x00efae76 (239<<16|44662) dynamic font=495 color=0xff0000 text="Close Quarters" abs=518,2064 154x15 hidden=1 ownhide=0
                      [103] kind=text widget_type=4 trans=0 fill_mode=0 user_id=0x00efae77 (239<<16|44663) dynamic font=495 color=0xff0000 text="Coil" abs=518,2079 154x15 hidden=1 ownhide=0
                      [104] kind=text widget_type=4 trans=0 fill_mode=0 user_id=0x00efae78 (239<<16|44664) dynamic font=495 color=0xff0000 text="Competition" abs=518,2109 154x15 hidden=1 ownhide=0
                      [105] kind=text widget_type=4 trans=0 fill_mode=0 user_id=0x00efae79 (239<<16|44665) dynamic font=495 color=0xff0000 text="Complication" abs=518,2124 154x15 hidden=1 ownhide=0
                      [106] kind=text widget_type=4 trans=0 fill_mode=0 user_id=0x00efae7a (239<<16|44666) dynamic font=495 color=0xff0000 text="Confrontation" abs=518,2139 154x15 hidden=1 ownhide=0
                      [107] kind=text widget_type=4 trans=0 fill_mode=0 user_id=0x00efae7b (239<<16|44667) dynamic font=495 color=0xff0000 text="Conspiracy" abs=518,2169 154x15 hidden=1 ownhide=0
                      [108] kind=text widget_type=4 trans=0 fill_mode=0 user_id=0x00efae7c (239<<16|44668) dynamic font=495 color=0xff0000 text="Contest" abs=518,2184 154x15 hidden=1 ownhide=0
                      [109] kind=text widget_type=4 trans=0 fill_mode=0 user_id=0x00efae7d (239<<16|44669) dynamic font=495 color=0xff0000 text="Regal Pomp" abs=518,9009 154x15 hidden=1 ownhide=0
                      [110] kind=text widget_type=4 trans=0 fill_mode=0 user_id=0x00efae7e (239<<16|44670) dynamic font=495 color=0xff0000 text="Corporal Punishment" abs=518,2199 154x15 hidden=1 ownhide=0
                      [111] kind=text widget_type=4 trans=0 fill_mode=0 user_id=0x00efae7f (239<<16|44671) dynamic font=495 color=0xff0000 text="Bane" abs=518,1044 154x15 hidden=1 ownhide=0
                      [112] kind=text widget_type=4 trans=0 fill_mode=0 user_id=0x00efae80 (239<<16|44672) dynamic font=495 color=0xff0000 text="Corridors of Power" abs=518,2214 154x15 hidden=1 ownhide=0
                      [113] kind=text widget_type=4 trans=0 fill_mode=0 user_id=0x00efae81 (239<<16|44673) dynamic font=495 color=0xff0000 text="Courage" abs=518,2244 154x15 hidden=1 ownhide=0
                      [114] kind=text widget_type=4 trans=0 fill_mode=0 user_id=0x00efae82 (239<<16|44674) dynamic font=495 color=0xff0000 text="Creature Cruelty" abs=518,2274 154x15 hidden=1 ownhide=0
                      [115] kind=text widget_type=4 trans=0 fill_mode=0 user_id=0x00efae83 (239<<16|44675) dynamic font=495 color=0xdc10d text="Crest of a Wave" abs=518,2319 154x15 hidden=1 ownhide=0
                      [116] kind=text widget_type=4 trans=0 fill_mode=0 user_id=0x00efae84 (239<<16|44676) dynamic font=495 color=0xff0000 text="The Seed of Crwys" abs=518,9969 154x15 hidden=1 ownhide=0
                      [117] kind=text widget_type=4 trans=0 fill_mode=0 user_id=0x00efae85 (239<<16|44677) dynamic font=495 color=0xff0000 text="Crystal Castle" abs=518,2334 154x15 hidden=1 ownhide=0
                      [118] kind=text widget_type=4 trans=0 fill_mode=0 user_id=0x00efae86 (239<<16|44678) dynamic font=495 color=0xff0000 text="Crystal Cave" abs=518,2349 154x15 hidden=1 ownhide=0
                      [119] kind=text widget_type=4 trans=0 fill_mode=0 user_id=0x00efae87 (239<<16|44679) dynamic font=495 color=0xff0000 text="Crystal Sword" abs=518,2364 154x15 hidden=1 ownhide=0
                      [120] kind=text widget_type=4 trans=0 fill_mode=0 user_id=0x00efae88 (239<<16|44680) dynamic font=495 color=0xff0000 text="Cursed" abs=518,2379 154x15 hidden=1 ownhide=0
                      [121] kind=text widget_type=4 trans=0 fill_mode=0 user_id=0x00efae89 (239<<16|44681) dynamic font=495 color=0xff0000 text="Dagannoth Dawn" abs=518,2409 154x15 hidden=1 ownhide=0
                      [122] kind=text widget_type=4 trans=0 fill_mode=0 user_id=0x00efae8a (239<<16|44682) dynamic font=495 color=0xff0000 text="Dance of Death" abs=518,2424 154x15 hidden=1 ownhide=0
                      [123] kind=text widget_type=4 trans=0 fill_mode=0 user_id=0x00efae8b (239<<16|44683) dynamic font=495 color=0xff0000 text="Dance of the Meilyr" abs=518,2439 154x15 hidden=1 ownhide=0
                      [124] kind=text widget_type=4 trans=0 fill_mode=0 user_id=0x00efae8c (239<<16|44684) dynamic font=495 color=0xff0000 text="Dance of the Undead" abs=518,2469 154x15 hidden=1 ownhide=0
                      [125] kind=text widget_type=4 trans=0 fill_mode=0 user_id=0x00efae8d (239<<16|44685) dynamic font=495 color=0xff0000 text="Dangerous" abs=518,2484 154x15 hidden=1 ownhide=0
                      [126] kind=text widget_type=4 trans=0 fill_mode=0 user_id=0x00efae8e (239<<16|44686) dynamic font=495 color=0xff0000 text="Dangerous Road" abs=518,2529 154x15 hidden=1 ownhide=0
                      [127] kind=text widget_type=4 trans=0 fill_mode=0 user_id=0x00efae8f (239<<16|44687) dynamic font=495 color=0xff0000 text="Dangerous Way" abs=518,2544 154x15 hidden=1 ownhide=0
                      [128] kind=text widget_type=4 trans=0 fill_mode=0 user_id=0x00efae90 (239<<16|44688) dynamic font=495 color=0xff0000 text="Dark" abs=518,2559 154x15 hidden=1 ownhide=0
                      [129] kind=text widget_type=4 trans=0 fill_mode=0 user_id=0x00efae91 (239<<16|44689) dynamic font=495 color=0xff0000 text="Darkly Altared" abs=518,2589 154x15 hidden=1 ownhide=0
                      [130] kind=text widget_type=4 trans=0 fill_mode=0 user_id=0x00efae92 (239<<16|44690) dynamic font=495 color=0xff0000 text="Darkmeyer" abs=518,2604 154x15 hidden=1 ownhide=0
                      [131] kind=text widget_type=4 trans=0 fill_mode=0 user_id=0x00efae93 (239<<16|44691) dynamic font=495 color=0xff0000 text="Darkness in the Depths" abs=518,2619 154x15 hidden=1 ownhide=0
                      [132] kind=text widget_type=4 trans=0 fill_mode=0 user_id=0x00efae94 (239<<16|44692) dynamic font=495 color=0xff0000 text="Davy Jones' Locker" abs=518,2634 154x15 hidden=1 ownhide=0
                      [133] kind=text widget_type=4 trans=0 fill_mode=0 user_id=0x00efae95 (239<<16|44693) dynamic font=495 color=0xff0000 text="Dead Can Dance" abs=518,2664 154x15 hidden=1 ownhide=0
                      [134] kind=text widget_type=4 trans=0 fill_mode=0 user_id=0x00efae96 (239<<16|44694) dynamic font=495 color=0xff0000 text="Dead Quiet" abs=518,2679 154x15 hidden=1 ownhide=0
                      [135] kind=text widget_type=4 trans=0 fill_mode=0 user_id=0x00efae97 (239<<16|44695) dynamic font=495 color=0xff0000 text="Deadlands" abs=518,2694 154x15 hidden=1 ownhide=0
                      [136] kind=text widget_type=4 trans=0 fill_mode=0 user_id=0x00efae98 (239<<16|44696) dynamic font=495 color=0xff0000 text="Deep Down" abs=518,2709 154x15 hidden=1 ownhide=0
                      [137] kind=text widget_type=4 trans=0 fill_mode=0 user_id=0x00efae99 (239<<16|44697) dynamic font=495 color=0xff0000 text="Deep Wildy" abs=518,2724 154x15 hidden=1 ownhide=0
                      [138] kind=text widget_type=4 trans=0 fill_mode=0 user_id=0x00efae9a (239<<16|44698) dynamic font=495 color=0xff0000 text="Delrith" abs=518,2739 154x15 hidden=1 ownhide=0
                      [139] kind=text widget_type=4 trans=0 fill_mode=0 user_id=0x00efae9b (239<<16|44699) dynamic font=495 color=0xff0000 text="Desert Heat" abs=518,2769 154x15 hidden=1 ownhide=0
                      [140] kind=text widget_type=4 trans=0 fill_mode=0 user_id=0x00efae9c (239<<16|44700) dynamic font=495 color=0xff0000 text="Desert Voyage" abs=518,2784 154x15 hidden=1 ownhide=0
                      [141] kind=text widget_type=4 trans=0 fill_mode=0 user_id=0x00efae9d (239<<16|44701) dynamic font=495 color=0xff0000 text="The Desolate Mage" abs=518,2829 154x15 hidden=1 ownhide=0
                      [142] kind=text widget_type=4 trans=0 fill_mode=0 user_id=0x00efae9e (239<<16|44702) dynamic font=495 color=0xff0000 text="Devils May Care" abs=518,2859 154x15 hidden=1 ownhide=0
                      [143] kind=text widget_type=4 trans=0 fill_mode=0 user_id=0x00efae9f (239<<16|44703) dynamic font=495 color=0xff0000 text="Diango's Little Helpers" abs=518,2874 154x15 hidden=1 ownhide=0
                      [144] kind=text widget_type=4 trans=0 fill_mode=0 user_id=0x00efaea0 (239<<16|44704) dynamic font=495 color=0xff0000 text="Dies Irae" abs=518,2889 154x15 hidden=1 ownhide=0
                      [145] kind=text widget_type=4 trans=0 fill_mode=0 user_id=0x00efaea1 (239<<16|44705) dynamic font=495 color=0xff0000 text="Dimension X" abs=518,2904 154x15 hidden=1 ownhide=0
                      [146] kind=text widget_type=4 trans=0 fill_mode=0 user_id=0x00efaea2 (239<<16|44706) dynamic font=495 color=0xff0000 text="Distant Land" abs=518,2919 154x15 hidden=1 ownhide=0
                      [147] kind=text widget_type=4 trans=0 fill_mode=0 user_id=0x00efaea3 (239<<16|44707) dynamic font=495 color=0xff0000 text="Distillery Hilarity" abs=518,2934 154x15 hidden=1 ownhide=0
                      [148] kind=text widget_type=4 trans=0 fill_mode=0 user_id=0x00efaea4 (239<<16|44708) dynamic font=495 color=0xff0000 text="Dogs of War" abs=518,2964 154x15 hidden=1 ownhide=0
                      [149] kind=text widget_type=4 trans=0 fill_mode=0 user_id=0x00efaea5 (239<<16|44709) dynamic font=495 color=0xff0000 text="Domain of the Vampyres" abs=518,2979 154x15 hidden=1 ownhide=0
                      [150] kind=text widget_type=4 trans=0 fill_mode=0 user_id=0x00efaea6 (239<<16|44710) dynamic font=495 color=0xff0000 text="Don't Panic Zanik" abs=518,2994 154x15 hidden=1 ownhide=0
                      [151] kind=text widget_type=4 trans=0 fill_mode=0 user_id=0x00efaea7 (239<<16|44711) dynamic font=495 color=0xff0000 text="Doorways" abs=518,3039 154x15 hidden=1 ownhide=0
                      [152] kind=text widget_type=4 trans=0 fill_mode=0 user_id=0x00efaea8 (239<<16|44712) dynamic font=495 color=0xff0000 text="Dorgeshuun City" abs=518,3054 154x15 hidden=1 ownhide=0
                      [153] kind=text widget_type=4 trans=0 fill_mode=0 user_id=0x00efaea9 (239<<16|44713) dynamic font=495 color=0xff0000 text="Dorgeshuun Deep" abs=518,3069 154x15 hidden=1 ownhide=0
                      [154] kind=text widget_type=4 trans=0 fill_mode=0 user_id=0x00efaeaa (239<<16|44714) dynamic font=495 color=0xff0000 text="Dorgeshuun Treaty" abs=518,3084 154x15 hidden=1 ownhide=0
                      [155] kind=text widget_type=4 trans=0 fill_mode=0 user_id=0x00efaeab (239<<16|44715) dynamic font=495 color=0xff0000 text="Down and Out" abs=518,3129 154x15 hidden=1 ownhide=0
                      [156] kind=text widget_type=4 trans=0 fill_mode=0 user_id=0x00efaeac (239<<16|44716) dynamic font=495 color=0xff0000 text="Down Below" abs=518,3114 154x15 hidden=1 ownhide=0
                      [157] kind=text widget_type=4 trans=0 fill_mode=0 user_id=0x00efaead (239<<16|44717) dynamic font=495 color=0xff0000 text="Down to Earth" abs=518,3159 154x15 hidden=1 ownhide=0
                      [158] kind=text widget_type=4 trans=0 fill_mode=0 user_id=0x00efaeae (239<<16|44718) dynamic font=495 color=0xff0000 text="Relics" abs=518,9069 154x15 hidden=1 ownhide=0
                      [159] kind=text widget_type=4 trans=0 fill_mode=0 user_id=0x00efaeaf (239<<16|44719) dynamic font=495 color=0xff0000 text="The Forsaken" abs=518,4374 154x15 hidden=1 ownhide=0
                      [160] kind=text widget_type=4 trans=0 fill_mode=0 user_id=0x00efaeb0 (239<<16|44720) dynamic font=495 color=0xff0000 text="Dragontooth Island" abs=518,3189 154x15 hidden=1 ownhide=0
                      [161] kind=text widget_type=4 trans=0 fill_mode=0 user_id=0x00efaeb1 (239<<16|44721) dynamic font=495 color=0xff0000 text="Oncoming Foe" abs=518,8274 154x15 hidden=1 ownhide=0
                      [162] kind=text widget_type=4 trans=0 fill_mode=0 user_id=0x00efaeb2 (239<<16|44722) dynamic font=495 color=0xff0000 text="Dream" abs=518,3204 154x15 hidden=1 ownhide=0
                      [163] kind=text widget_type=4 trans=0 fill_mode=0 user_id=0x00efaeb3 (239<<16|44723) dynamic font=495 color=0xff0000 text="Dreamstate" abs=518,3234 154x15 hidden=1 ownhide=0
                      [164] kind=text widget_type=4 trans=0 fill_mode=0 user_id=0x00efaeb4 (239<<16|44724) dynamic font=495 color=0xff0000 text="The Emir's Arena" abs=518,3459 154x15 hidden=1 ownhide=0
                      [165] kind=text widget_type=4 trans=0 fill_mode=0 user_id=0x00efaeb5 (239<<16|44725) dynamic font=495 color=0xff0000 text="Dunjun" abs=518,3264 154x15 hidden=1 ownhide=0
                      [166] kind=text widget_type=4 trans=0 fill_mode=0 user_id=0x00efaeb6 (239<<16|44726) dynamic font=495 color=0xff0000 text="Dusk in Yu'biusk" abs=518,3279 154x15 hidden=1 ownhide=0
                      [167] kind=text widget_type=4 trans=0 fill_mode=0 user_id=0x00efaeb7 (239<<16|44727) dynamic font=495 color=0xff0000 text="Dwarf Theme" abs=518,3294 154x15 hidden=1 ownhide=0
                      [168] kind=text widget_type=4 trans=0 fill_mode=0 user_id=0x00efaeb8 (239<<16|44728) dynamic font=495 color=0xff0000 text="Dynasty" abs=518,3324 154x15 hidden=1 ownhide=0
                      [169] kind=text widget_type=4 trans=0 fill_mode=0 user_id=0x00efaeb9 (239<<16|44729) dynamic font=495 color=0xff0000 text="Eagles' Peak" abs=518,3339 154x15 hidden=1 ownhide=0
                      [170] kind=text widget_type=4 trans=0 fill_mode=0 user_id=0x00efaeba (239<<16|44730) dynamic font=495 color=0xff0000 text="Easter Jig" abs=518,3354 154x15 hidden=1 ownhide=0
                      [171] kind=text widget_type=4 trans=0 fill_mode=0 user_id=0x00efaebb (239<<16|44731) dynamic font=495 color=0xff0000 text="Egypt" abs=518,3384 154x15 hidden=1 ownhide=0
                      [172] kind=text widget_type=4 trans=0 fill_mode=0 user_id=0x00efaebc (239<<16|44732) dynamic font=495 color=0xff0000 text="Eye of the Storm" abs=518,3789 154x15 hidden=1 ownhide=0
                      [173] kind=text widget_type=4 trans=0 fill_mode=0 user_id=0x00efaebd (239<<16|44733) dynamic font=495 color=0xff0000 text="Elven Mist" abs=518,3429 154x15 hidden=1 ownhide=0
                      [174] kind=text widget_type=4 trans=0 fill_mode=0 user_id=0x00efaebe (239<<16|44734) dynamic font=495 color=0xff0000 text="Elven Seed" abs=518,3444 154x15 hidden=1 ownhide=0
                      [175] kind=text widget_type=4 trans=0 fill_mode=0 user_id=0x00efaebf (239<<16|44735) dynamic font=495 color=0xff0000 text="Emotion" abs=518,3489 154x15 hidden=1 ownhide=0
                      [176] kind=text widget_type=4 trans=0 fill_mode=0 user_id=0x00efaec0 (239<<16|44736) dynamic font=495 color=0xff0000 text="Emperor" abs=518,3504 154x15 hidden=1 ownhide=0
                      [177] kind=text widget_type=4 trans=0 fill_mode=0 user_id=0x00efaec1 (239<<16|44737) dynamic font=495 color=0xff0000 text="The Enclave" abs=518,3534 154x15 hidden=1 ownhide=0
                      [178] kind=text widget_type=4 trans=0 fill_mode=0 user_id=0x00efaec2 (239<<16|44738) dynamic font=495 color=0xff0000 text="Escape" abs=518,3549 154x15 hidden=1 ownhide=0
                      [179] kind=text widget_type=4 trans=0 fill_mode=0 user_id=0x00efaec3 (239<<16|44739) dynamic font=495 color=0xff0000 text="Espionage" abs=518,3564 154x15 hidden=1 ownhide=0
                      [180] kind=text widget_type=4 trans=0 fill_mode=0 user_id=0x00efaec4 (239<<16|44740) dynamic font=495 color=0xff0000 text="Awful Anthem" abs=518,894 154x15 hidden=1 ownhide=0
                      [181] kind=text widget_type=4 trans=0 fill_mode=0 user_id=0x00efaec5 (239<<16|44741) dynamic font=495 color=0xff0000 text="Etceteria" abs=518,3579 154x15 hidden=1 ownhide=0
                      [182] kind=text widget_type=4 trans=0 fill_mode=0 user_id=0x00efaec6 (239<<16|44742) dynamic font=495 color=0xff0000 text="Everlasting" abs=518,3624 154x15 hidden=1 ownhide=0
                      [183] kind=text widget_type=4 trans=0 fill_mode=0 user_id=0x00efaec7 (239<<16|44743) dynamic font=495 color=0xff0000 text="Everlasting Fire" abs=518,3639 154x15 hidden=1 ownhide=0
                      [184] kind=text widget_type=4 trans=0 fill_mode=0 user_id=0x00efaec8 (239<<16|44744) dynamic font=495 color=0xff0000 text="Everywhere" abs=518,3669 154x15 hidden=1 ownhide=0
                      [185] kind=text widget_type=4 trans=0 fill_mode=0 user_id=0x00efaec9 (239<<16|44745) dynamic font=495 color=0xff0000 text="Eve's Epinette" abs=518,3609 154x15 hidden=1 ownhide=0
                      [186] kind=text widget_type=4 trans=0 fill_mode=0 user_id=0x00efaeca (239<<16|44746) dynamic font=495 color=0xff0000 text="Evil Bob's Island" abs=518,3684 154x15 hidden=1 ownhide=0
                      [187] kind=text widget_type=4 trans=0 fill_mode=0 user_id=0x00efaecb (239<<16|44747) dynamic font=495 color=0xff0000 text="Expanse" abs=518,3714 154x15 hidden=1 ownhide=0
                      [188] kind=text widget_type=4 trans=0 fill_mode=0 user_id=0x00efaecc (239<<16|44748) dynamic font=495 color=0xff0000 text="Expecting" abs=518,3729 154x15 hidden=1 ownhide=0
                      [189] kind=text widget_type=4 trans=0 fill_mode=0 user_id=0x00efaecd (239<<16|44749) dynamic font=495 color=0xff0000 text="Expedition" abs=518,3744 154x15 hidden=1 ownhide=0
                      [190] kind=text widget_type=4 trans=0 fill_mode=0 user_id=0x00efaece (239<<16|44750) dynamic font=495 color=0xff0000 text="Exposed" abs=518,3759 154x15 hidden=1 ownhide=0
                      [191] kind=text widget_type=4 trans=0 fill_mode=0 user_id=0x00efaecf (239<<16|44751) dynamic font=495 color=0xff0000 text="Faerie" abs=518,3804 154x15 hidden=1 ownhide=0
                      [192] kind=text widget_type=4 trans=0 fill_mode=0 user_id=0x00efaed0 (239<<16|44752) dynamic font=495 color=0xff0000 text="The Fairy Dragon" abs=518,3819 154x15 hidden=1 ownhide=0
                      [193] kind=text widget_type=4 trans=0 fill_mode=0 user_id=0x00efaed1 (239<<16|44753) dynamic font=495 color=0xff0000 text="Faith of the Hefin" abs=518,3834 154x15 hidden=1 ownhide=0
                      [194] kind=text widget_type=4 trans=0 fill_mode=0 user_id=0x00efaed2 (239<<16|44754) dynamic font=495 color=0xff0000 text="Faithless" abs=518,3849 154x15 hidden=1 ownhide=0
                      [195] kind=text widget_type=4 trans=0 fill_mode=0 user_id=0x00efaed3 (239<<16|44755) dynamic font=495 color=0xff0000 text="Fanfare" abs=518,3879 154x15 hidden=1 ownhide=0
                      [196] kind=text widget_type=4 trans=0 fill_mode=0 user_id=0x00efaed4 (239<<16|44756) dynamic font=495 color=0xff0000 text="Fanfare 2" abs=518,3894 154x15 hidden=1 ownhide=0
                      [197] kind=text widget_type=4 trans=0 fill_mode=0 user_id=0x00efaed5 (239<<16|44757) dynamic font=495 color=0xff0000 text="Fanfare 3" abs=518,3909 154x15 hidden=1 ownhide=0
                      [198] kind=text widget_type=4 trans=0 fill_mode=0 user_id=0x00efaed6 (239<<16|44758) dynamic font=495 color=0xff0000 text="Fangs for the Memory" abs=518,3924 154x15 hidden=1 ownhide=0
                      [199] kind=text widget_type=4 trans=0 fill_mode=0 user_id=0x00efaed7 (239<<16|44759) dynamic font=495 color=0xff0000 text="Far Away" abs=518,3939 154x15 hidden=1 ownhide=0
                      [200] kind=text widget_type=4 trans=0 fill_mode=0 user_id=0x00efaed8 (239<<16|44760) dynamic font=495 color=0xff0000 text="Fe Fi Fo Fum" abs=518,3999 154x15 hidden=1 ownhide=0
                      [201] kind=text widget_type=4 trans=0 fill_mode=0 user_id=0x00efaed9 (239<<16|44761) dynamic font=495 color=0xff0000 text="Fear and Loathing" abs=518,4014 154x15 hidden=1 ownhide=0
                      [202] kind=text widget_type=4 trans=0 fill_mode=0 user_id=0x00efaeda (239<<16|44762) dynamic font=495 color=0xff0000 text="Fenkenstrain's Refrain" abs=518,4044 154x15 hidden=1 ownhide=0
                      [203] kind=text widget_type=4 trans=0 fill_mode=0 user_id=0x00efaedb (239<<16|44763) dynamic font=495 color=0xff0000 text="Fight or Flight" abs=518,4089 154x15 hidden=1 ownhide=0
                      [204] kind=text widget_type=4 trans=0 fill_mode=0 user_id=0x00efaedc (239<<16|44764) dynamic font=495 color=0xff0000 text="Find My Way" abs=518,4104 154x15 hidden=1 ownhide=0
                      [205] kind=text widget_type=4 trans=0 fill_mode=0 user_id=0x00efaedd (239<<16|44765) dynamic font=495 color=0xff0000 text="Fire and Brimstone" abs=518,4119 154x15 hidden=1 ownhide=0
                      [206] kind=text widget_type=4 trans=0 fill_mode=0 user_id=0x00efaede (239<<16|44766) dynamic font=495 color=0xff0000 text="Fishing" abs=518,4164 154x15 hidden=1 ownhide=0
                      [207] kind=text widget_type=4 trans=0 fill_mode=0 user_id=0x00efaedf (239<<16|44767) dynamic font=495 color=0xff0000 text="Floating Free" abs=518,4179 154x15 hidden=1 ownhide=0
                      [208] kind=text widget_type=4 trans=0 fill_mode=0 user_id=0x00efaee0 (239<<16|44768) dynamic font=495 color=0xff0000 text="Flute Salad" abs=518,4194 154x15 hidden=1 ownhide=0
                      [209] kind=text widget_type=4 trans=0 fill_mode=0 user_id=0x00efaee1 (239<<16|44769) dynamic font=495 color=0xff0000 text="Food for Thought" abs=518,4209 154x15 hidden=1 ownhide=0
                      [210] kind=text widget_type=4 trans=0 fill_mode=0 user_id=0x00efaee2 (239<<16|44770) dynamic font=495 color=0xff0000 text="Forbidden" abs=518,4224 154x15 hidden=1 ownhide=0
                      [211] kind=text widget_type=4 trans=0 fill_mode=0 user_id=0x00efaee3 (239<<16|44771) dynamic font=495 color=0xff0000 text="Forest" abs=518,4239 154x15 hidden=1 ownhide=0
                      [212] kind=text widget_type=4 trans=0 fill_mode=0 user_id=0x00efaee4 (239<<16|44772) dynamic font=495 color=0xff0000 text="Forever" abs=518,4269 154x15 hidden=1 ownhide=0
                      [213] kind=text widget_type=4 trans=0 fill_mode=0 user_id=0x00efaee5 (239<<16|44773) dynamic font=495 color=0xff0000 text="Forgettable Melody" abs=518,4284 154x15 hidden=1 ownhide=0
                      [214] kind=text widget_type=4 trans=0 fill_mode=0 user_id=0x00efaee6 (239<<16|44774) dynamic font=495 color=0xff0000 text="Forgotten" abs=518,4299 154x15 hidden=1 ownhide=0
                      [215] kind=text widget_type=4 trans=0 fill_mode=0 user_id=0x00efaee7 (239<<16|44775) dynamic font=495 color=0xff0000 text="The Forlorn Homestead" abs=518,4344 154x15 hidden=1 ownhide=0
                      [216] kind=text widget_type=4 trans=0 fill_mode=0 user_id=0x00efaee8 (239<<16|44776) dynamic font=495 color=0xff0000 text="The Forsaken Tower" abs=518,4359 154x15 hidden=1 ownhide=0
                      [217] kind=text widget_type=4 trans=0 fill_mode=0 user_id=0x00efaee9 (239<<16|44777) dynamic font=495 color=0xff0000 text="A Forgotten Religion" abs=518,4314 154x15 hidden=1 ownhide=0
                      [218] kind=text widget_type=4 trans=0 fill_mode=0 user_id=0x00efaeea (239<<16|44778) dynamic font=495 color=0xff0000 text="Lava is Mine" abs=518,6489 154x15 hidden=1 ownhide=0
                      [219] kind=text widget_type=4 trans=0 fill_mode=0 user_id=0x00efaeeb (239<<16|44779) dynamic font=495 color=0xff0000 text="Preserved" abs=518,8799 154x15 hidden=1 ownhide=0
                      [220] kind=text widget_type=4 trans=0 fill_mode=0 user_id=0x00efaeec (239<<16|44780) dynamic font=495 color=0xff0000 text="Preservation" abs=518,8784 154x15 hidden=1 ownhide=0
                      [221] kind=text widget_type=4 trans=0 fill_mode=0 user_id=0x00efaeed (239<<16|44781) dynamic font=495 color=0xff0000 text="Fossilised" abs=518,4389 154x15 hidden=1 ownhide=0
                      [222] kind=text widget_type=4 trans=0 fill_mode=0 user_id=0x00efaeee (239<<16|44782) dynamic font=495 color=0xff0000 text="Lagoon" abs=518,6234 154x15 hidden=1 ownhide=0
                      [223] kind=text widget_type=4 trans=0 fill_mode=0 user_id=0x00efaeef (239<<16|44783) dynamic font=495 color=0xff0000 text="Frogland" abs=518,4449 154x15 hidden=1 ownhide=0
                      [224] kind=text widget_type=4 trans=0 fill_mode=0 user_id=0x00efaef0 (239<<16|44784) dynamic font=495 color=0xff0000 text="Frostbite" abs=518,4464 154x15 hidden=1 ownhide=0
                      [225] kind=text widget_type=4 trans=0 fill_mode=0 user_id=0x00efaef1 (239<<16|44785) dynamic font=495 color=0xff0000 text="Fruits de Mer" abs=518,4479 154x15 hidden=1 ownhide=0
                      [226] kind=text widget_type=4 trans=0 fill_mode=0 user_id=0x00efaef2 (239<<16|44786) dynamic font=495 color=0xff0000 text="Ful to the Brim" abs=518,4494 154x15 hidden=1 ownhide=0
                      [227] kind=text widget_type=4 trans=0 fill_mode=0 user_id=0x00efaef3 (239<<16|44787) dynamic font=495 color=0xff0000 text="Funny Bunnies" abs=518,4509 154x15 hidden=1 ownhide=0
                      [228] kind=text widget_type=4 trans=0 fill_mode=0 user_id=0x00efaef4 (239<<16|44788) dynamic font=495 color=0xff0000 text="The Dragon Slayer" abs=518,3174 154x15 hidden=1 ownhide=0
                      [229] kind=text widget_type=4 trans=0 fill_mode=0 user_id=0x00efaef5 (239<<16|44789) dynamic font=495 color=0xff0000 text="Gaol" abs=518,4539 154x15 hidden=1 ownhide=0
                      [230] kind=text widget_type=4 trans=0 fill_mode=0 user_id=0x00efaef6 (239<<16|44790) dynamic font=495 color=0xff0000 text="Garden" abs=518,4554 154x15 hidden=1 ownhide=0
                      [231] kind=text widget_type=4 trans=0 fill_mode=0 user_id=0x00efaef7 (239<<16|44791) dynamic font=495 color=0xff0000 text="Garden of Autumn" abs=518,4569 154x15 hidden=1 ownhide=0
                      [232] kind=text widget_type=4 trans=0 fill_mode=0 user_id=0x00efaef8 (239<<16|44792) dynamic font=495 color=0xff0000 text="Garden of Spring" abs=518,4584 154x15 hidden=1 ownhide=0
                      [233] kind=text widget_type=4 trans=0 fill_mode=0 user_id=0x00efaef9 (239<<16|44793) dynamic font=495 color=0xff0000 text="Garden of Summer" abs=518,4599 154x15 hidden=1 ownhide=0
                      [234] kind=text widget_type=4 trans=0 fill_mode=0 user_id=0x00efaefa (239<<16|44794) dynamic font=495 color=0xff0000 text="Garden of Winter" abs=518,4614 154x15 hidden=1 ownhide=0
                      [235] kind=text widget_type=4 trans=0 fill_mode=0 user_id=0x00efaefb (239<<16|44795) dynamic font=495 color=0xff0000 text="Tempest" abs=518,11109 154x15 hidden=1 ownhide=0
                      [236] kind=text widget_type=4 trans=0 fill_mode=0 user_id=0x00efaefc (239<<16|44796) dynamic font=495 color=0xff0000 text="The Gauntlet" abs=518,4659 154x15 hidden=1 ownhide=0
                      [237] kind=text widget_type=4 trans=0 fill_mode=0 user_id=0x00efaefd (239<<16|44797) dynamic font=495 color=0xff0000 text="Getting Down to Business" abs=518,4689 154x15 hidden=1 ownhide=0
                      [238] kind=text widget_type=4 trans=0 fill_mode=0 user_id=0x00efaefe (239<<16|44798) dynamic font=495 color=0xff0000 text="Dogfight" abs=518,2949 154x15 hidden=1 ownhide=0
                      [239] kind=text widget_type=4 trans=0 fill_mode=0 user_id=0x00efaeff (239<<16|44799) dynamic font=495 color=0xff0000 text="The Consortium" abs=518,2154 154x15 hidden=1 ownhide=0
                      [240] kind=text widget_type=4 trans=0 fill_mode=0 user_id=0x00efaf00 (239<<16|44800) dynamic font=495 color=0xff0000 text="The Foundry" abs=518,4404 154x15 hidden=1 ownhide=0
                      [241] kind=text widget_type=4 trans=0 fill_mode=0 user_id=0x00efaf01 (239<<16|44801) dynamic font=495 color=0xff0000 text="Gill Bill" abs=518,4704 154x15 hidden=1 ownhide=0
                      [242] kind=text widget_type=4 trans=0 fill_mode=0 user_id=0x00efaf02 (239<<16|44802) dynamic font=495 color=0xff0000 text="Gnome King" abs=518,4719 154x15 hidden=1 ownhide=0
                      [243] kind=text widget_type=4 trans=0 fill_mode=0 user_id=0x00efaf03 (239<<16|44803) dynamic font=495 color=0xff0000 text="Gnome Village" abs=518,4734 154x15 hidden=1 ownhide=0
                      [244] kind=text widget_type=4 trans=0 fill_mode=0 user_id=0x00efaf04 (239<<16|44804) dynamic font=495 color=0xdc10d text="Gnome Village Party" abs=518,4764 154x15 hidden=1 ownhide=0
                      [245] kind=text widget_type=4 trans=0 fill_mode=0 user_id=0x00efaf05 (239<<16|44805) dynamic font=495 color=0xff0000 text="Gnome Village 2" abs=518,4749 154x15 hidden=1 ownhide=0
                      [246] kind=text widget_type=4 trans=0 fill_mode=0 user_id=0x00efaf06 (239<<16|44806) dynamic font=495 color=0xff0000 text="Gnomeball" abs=518,4779 154x15 hidden=1 ownhide=0
                      [247] kind=text widget_type=4 trans=0 fill_mode=0 user_id=0x00efaf07 (239<<16|44807) dynamic font=495 color=0xff0000 text="Goblin Game" abs=518,4794 154x15 hidden=1 ownhide=0
                      [248] kind=text widget_type=4 trans=0 fill_mode=0 user_id=0x00efaf08 (239<<16|44808) dynamic font=495 color=0xff0000 text="Goblin Village" abs=518,4809 154x15 hidden=1 ownhide=0
                      [249] kind=text widget_type=4 trans=0 fill_mode=0 user_id=0x00efaf09 (239<<16|44809) dynamic font=495 color=0xff0000 text="Golden Touch" abs=518,4824 154x15 hidden=1 ownhide=0
                      [250] kind=text widget_type=4 trans=0 fill_mode=0 user_id=0x00efaf0a (239<<16|44810) dynamic font=495 color=0xff0000 text="Guardians of the Rift" abs=518,4989 154x15 hidden=1 ownhide=0
                      [251] kind=text widget_type=4 trans=0 fill_mode=0 user_id=0x00efaf0b (239<<16|44811) dynamic font=495 color=0xff0000 text="The Guardians Prepare" abs=518,4974 154x15 hidden=1 ownhide=0
                      [252] kind=text widget_type=4 trans=0 fill_mode=0 user_id=0x00efaf0c (239<<16|44812) dynamic font=495 color=0xff0000 text="Greatness" abs=518,4869 154x15 hidden=1 ownhide=0
                      [253] kind=text widget_type=4 trans=0 fill_mode=0 user_id=0x00efaf0d (239<<16|44813) dynamic font=495 color=0xff0000 text="Grimly Fiendish" abs=518,4884 154x15 hidden=1 ownhide=0
                      [254] kind=text widget_type=4 trans=0 fill_mode=0 user_id=0x00efaf0e (239<<16|44814) dynamic font=495 color=0xff0000 text="Grip of the Talon" abs=518,4899 154x15 hidden=1 ownhide=0
                      [255] kind=text widget_type=4 trans=0 fill_mode=0 user_id=0x00efaf0f (239<<16|44815) dynamic font=495 color=0xff0000 text="Grotto" abs=518,4914 154x15 hidden=1 ownhide=0
                      [256] kind=text widget_type=4 trans=0 fill_mode=0 user_id=0x00efaf10 (239<<16|44816) dynamic font=495 color=0xdc10d text="Scape Ground" abs=518,9639 154x15 hidden=1 ownhide=0
                      [257] kind=text widget_type=4 trans=0 fill_mode=0 user_id=0x00efaf11 (239<<16|44817) dynamic font=495 color=0xff0000 text="Grow Grow Grow" abs=518,4929 154x15 hidden=1 ownhide=0
                      [258] kind=text widget_type=4 trans=0 fill_mode=0 user_id=0x00efaf12 (239<<16|44818) dynamic font=495 color=0xff0000 text="Grumpy" abs=518,4944 154x15 hidden=1 ownhide=0
                      [259] kind=text widget_type=4 trans=0 fill_mode=0 user_id=0x00efaf13 (239<<16|44819) dynamic font=495 color=0xff0000 text="Watch Your Step" abs=518,12429 154x15 hidden=1 ownhide=0
                      [260] kind=text widget_type=4 trans=0 fill_mode=0 user_id=0x00efaf14 (239<<16|44820) dynamic font=495 color=0xff0000 text="Well Hallowed Air" abs=518,12564 154x15 hidden=1 ownhide=0
                      [261] kind=text widget_type=4 trans=0 fill_mode=0 user_id=0x00efaf15 (239<<16|44821) dynamic font=495 color=0xff0000 text="H.A.M. and Seek" abs=518,5049 154x15 hidden=1 ownhide=0
                      [262] kind=text widget_type=4 trans=0 fill_mode=0 user_id=0x00efaf16 (239<<16|44822) dynamic font=495 color=0xff0000 text="H.A.M. Attack" abs=518,5019 154x15 hidden=1 ownhide=0
                      [263] kind=text widget_type=4 trans=0 fill_mode=0 user_id=0x00efaf17 (239<<16|44823) dynamic font=495 color=0xff0000 text="H.A.M. Fisted" abs=518,5034 154x15 hidden=1 ownhide=0
                      [264] kind=text widget_type=4 trans=0 fill_mode=0 user_id=0x00efaf18 (239<<16|44824) dynamic font=495 color=0xff0000 text="Harmony" abs=518,5064 154x15 hidden=1 ownhide=0
                      [265] kind=text widget_type=4 trans=0 fill_mode=0 user_id=0x00efaf19 (239<<16|44825) dynamic font=495 color=0xff0000 text="Harmony 2" abs=518,5079 154x15 hidden=1 ownhide=0
                      [266] kind=text widget_type=4 trans=0 fill_mode=0 user_id=0x00efaf1a (239<<16|44826) dynamic font=495 color=0xff0000 text="Haunted Mine" abs=518,5094 154x15 hidden=1 ownhide=0
                      [267] kind=text widget_type=4 trans=0 fill_mode=0 user_id=0x00efaf1b (239<<16|44827) dynamic font=495 color=0xff0000 text="Have a Blast" abs=518,5109 154x15 hidden=1 ownhide=0
                      [268] kind=text widget_type=4 trans=0 fill_mode=0 user_id=0x00efaf1c (239<<16|44828) dynamic font=495 color=0xff0000 text="Have an Ice Day" abs=518,5124 154x15 hidden=1 ownhide=0
                      [269] kind=text widget_type=4 trans=0 fill_mode=0 user_id=0x00efaf1d (239<<16|44829) dynamic font=495 color=0xff0000 text="Head to Head" abs=518,5139 154x15 hidden=1 ownhide=0
                      [270] kind=text widget_type=4 trans=0 fill_mode=0 user_id=0x00efaf1e (239<<16|44830) dynamic font=495 color=0xff0000 text="Heart and Mind" abs=518,5169 154x15 hidden=1 ownhide=0
                      [271] kind=text widget_type=4 trans=0 fill_mode=0 user_id=0x00efaf1f (239<<16|44831) dynamic font=495 color=0xff0000 text="Hells Bells" abs=518,5214 154x15 hidden=1 ownhide=0
                      [272] kind=text widget_type=4 trans=0 fill_mode=0 user_id=0x00efaf20 (239<<16|44832) dynamic font=495 color=0xff0000 text="Hermit" abs=518,5229 154x15 hidden=1 ownhide=0
                      [273] kind=text widget_type=4 trans=0 fill_mode=0 user_id=0x00efaf21 (239<<16|44833) dynamic font=495 color=0xff0000 text="A Thorn in My Side" abs=518,11379 154x15 hidden=1 ownhide=0
                      [274] kind=text widget_type=4 trans=0 fill_mode=0 user_id=0x00efaf22 (239<<16|44834) dynamic font=495 color=0xff0000 text="Creeping Vines" abs=518,2304 154x15 hidden=1 ownhide=0
                      [275] kind=text widget_type=4 trans=0 fill_mode=0 user_id=0x00efaf23 (239<<16|44835) dynamic font=495 color=0xff0000 text="High Seas" abs=518,5244 154x15 hidden=1 ownhide=0
                      [276] kind=text widget_type=4 trans=0 fill_mode=0 user_id=0x00efaf24 (239<<16|44836) dynamic font=495 color=0xff0000 text="High Spirits" abs=518,5259 154x15 hidden=1 ownhide=0
                      [277] kind=text widget_type=4 trans=0 fill_mode=0 user_id=0x00efaf25 (239<<16|44837) dynamic font=495 color=0xff0000 text="Hoe Down" abs=518,5289 154x15 hidden=1 ownhide=0
                      [278] kind=text widget_type=4 trans=0 fill_mode=0 user_id=0x00efaf26 (239<<16|44838) dynamic font=495 color=0xff0000 text="Home Sweet Home" abs=518,5319 154x15 hidden=1 ownhide=0
                      [279] kind=text widget_type=4 trans=0 fill_mode=0 user_id=0x00efaf27 (239<<16|44839) dynamic font=495 color=0xdc10d text="Scape Home" abs=518,9654 154x15 hidden=1 ownhide=0
                      [280] kind=text widget_type=4 trans=0 fill_mode=0 user_id=0x00efaf28 (239<<16|44840) dynamic font=495 color=0xff0000 text="Horizon" abs=518,5349 154x15 hidden=1 ownhide=0
                      [281] kind=text widget_type=4 trans=0 fill_mode=0 user_id=0x00efaf29 (239<<16|44841) dynamic font=495 color=0xff0000 text="Country Jig" abs=518,2229 154x15 hidden=1 ownhide=0
                      [282] kind=text widget_type=4 trans=0 fill_mode=0 user_id=0x00efaf2a (239<<16|44842) dynamic font=495 color=0xff0000 text="Beyond the Meadow" abs=518,1254 154x15 hidden=1 ownhide=0
                      [283] kind=text widget_type=4 trans=0 fill_mode=0 user_id=0x00efaf2b (239<<16|44843) dynamic font=495 color=0xff0000 text="Hypnotised" abs=518,5394 154x15 hidden=1 ownhide=0
                      [284] kind=text widget_type=4 trans=0 fill_mode=0 user_id=0x00efaf2c (239<<16|44844) dynamic font=495 color=0xff0000 text="Iban" abs=518,5424 154x15 hidden=1 ownhide=0
                      [285] kind=text widget_type=4 trans=0 fill_mode=0 user_id=0x00efaf2d (239<<16|44845) dynamic font=495 color=0xff0000 text="Ice Melody" abs=518,5439 154x15 hidden=1 ownhide=0
                      [286] kind=text widget_type=4 trans=0 fill_mode=0 user_id=0x00efaf2e (239<<16|44846) dynamic font=495 color=0xff0000 text="King of the Trolls" abs=518,6129 154x15 hidden=1 ownhide=0
                      [287] kind=text widget_type=4 trans=0 fill_mode=0 user_id=0x00efaf2f (239<<16|44847) dynamic font=495 color=0xff0000 text="Lament for the Hallowed" abs=518,6309 154x15 hidden=1 ownhide=0
                      [288] kind=text widget_type=4 trans=0 fill_mode=0 user_id=0x00efaf30 (239<<16|44848) dynamic font=495 color=0xff0000 text="Illusive" abs=518,5469 154x15 hidden=1 ownhide=0
                      [289] kind=text widget_type=4 trans=0 fill_mode=0 user_id=0x00efaf31 (239<<16|44849) dynamic font=495 color=0xff0000 text="Impetuous" abs=518,5484 154x15 hidden=1 ownhide=0
                      [290] kind=text widget_type=4 trans=0 fill_mode=0 user_id=0x00efaf32 (239<<16|44850) dynamic font=495 color=0xff0000 text="Impulses" abs=518,5499 154x15 hidden=1 ownhide=0
                      [291] kind=text widget_type=4 trans=0 fill_mode=0 user_id=0x00efaf33 (239<<16|44851) dynamic font=495 color=0xff0000 text="In Between" abs=518,5514 154x15 hidden=1 ownhide=0
                      [292] kind=text widget_type=4 trans=0 fill_mode=0 user_id=0x00efaf34 (239<<16|44852) dynamic font=495 color=0xff0000 text="In the Brine" abs=518,5529 154x15 hidden=1 ownhide=0
                      [293] kind=text widget_type=4 trans=0 fill_mode=0 user_id=0x00efaf35 (239<<16|44853) dynamic font=495 color=0xff0000 text="In the Clink" abs=518,5544 154x15 hidden=1 ownhide=0
                      [294] kind=text widget_type=4 trans=0 fill_mode=0 user_id=0x00efaf36 (239<<16|44854) dynamic font=495 color=0xff0000 text="In the Manor" abs=518,5559 154x15 hidden=1 ownhide=0
                      [295] kind=text widget_type=4 trans=0 fill_mode=0 user_id=0x00efaf37 (239<<16|44855) dynamic font=495 color=0xff0000 text="In the Pits" abs=518,5574 154x15 hidden=1 ownhide=0
                      [296] kind=text widget_type=4 trans=0 fill_mode=0 user_id=0x00efaf38 (239<<16|44856) dynamic font=495 color=0xff0000 text="Inadequacy" abs=518,5604 154x15 hidden=1 ownhide=0
                      [297] kind=text widget_type=4 trans=0 fill_mode=0 user_id=0x00efaf39 (239<<16|44857) dynamic font=495 color=0xff0000 text="Incantation" abs=518,5619 154x15 hidden=1 ownhide=0
                      [298] kind=text widget_type=4 trans=0 fill_mode=0 user_id=0x00efaf3a (239<<16|44858) dynamic font=495 color=0xff0000 text="Inferno" abs=518,5649 154x15 hidden=1 ownhide=0
                      [299] kind=text widget_type=4 trans=0 fill_mode=0 user_id=0x00efaf3b (239<<16|44859) dynamic font=495 color=0xff0000 text="Insect Queen" abs=518,5664 154x15 hidden=1 ownhide=0
                      [300] kind=text widget_type=4 trans=0 fill_mode=0 user_id=0x00efaf3c (239<<16|44860) dynamic font=495 color=0xff0000 text="Inspiration" abs=518,5679 154x15 hidden=1 ownhide=0
                      [301] kind=text widget_type=4 trans=0 fill_mode=0 user_id=0x00efaf3d (239<<16|44861) dynamic font=495 color=0xff0000 text="Into the Abyss" abs=518,5694 154x15 hidden=1 ownhide=0
                      [302] kind=text widget_type=4 trans=0 fill_mode=0 user_id=0x00efaf3e (239<<16|44862) dynamic font=495 color=0xff0000 text="Intrepid" abs=518,5739 154x15 hidden=1 ownhide=0
                      [303] kind=text widget_type=4 trans=0 fill_mode=0 user_id=0x00efaf3f (239<<16|44863) dynamic font=495 color=0xff0000 text="Sharp End of the Crystal" abs=518,10119 154x15 hidden=1 ownhide=0
                      [304] kind=text widget_type=4 trans=0 fill_mode=0 user_id=0x00efaf40 (239<<16|44864) dynamic font=495 color=0xff0000 text="Iorwerth's Lament" abs=518,5769 154x15 hidden=1 ownhide=0
                      [305] kind=text widget_type=4 trans=0 fill_mode=0 user_id=0x00efaf41 (239<<16|44865) dynamic font=495 color=0xff0000 text="Island Life" abs=518,5784 154x15 hidden=1 ownhide=0
                      [306] kind=text widget_type=4 trans=0 fill_mode=0 user_id=0x00efaf42 (239<<16|44866) dynamic font=495 color=0xff0000 text="Island of the Trolls" abs=518,5799 154x15 hidden=1 ownhide=0
                      [307] kind=text widget_type=4 trans=0 fill_mode=0 user_id=0x00efaf43 (239<<16|44867) dynamic font=495 color=0xff0000 text="Isle of Everywhere" abs=518,5814 154x15 hidden=1 ownhide=0
                      [308] kind=text widget_type=4 trans=0 fill_mode=0 user_id=0x00efaf44 (239<<16|44868) dynamic font=495 color=0xff0000 text="Architects of Prifddinas" abs=518,639 154x15 hidden=1 ownhide=0
                      [309] kind=text widget_type=4 trans=0 fill_mode=0 user_id=0x00efaf45 (239<<16|44869) dynamic font=495 color=0xff0000 text="Jester Minute" abs=518,5904 154x15 hidden=1 ownhide=0
                      [310] kind=text widget_type=4 trans=0 fill_mode=0 user_id=0x00efaf46 (239<<16|44870) dynamic font=495 color=0xff0000 text="Jolly R" abs=518,5919 154x15 hidden=1 ownhide=0
                      [311] kind=text widget_type=4 trans=0 fill_mode=0 user_id=0x00efaf47 (239<<16|44871) dynamic font=495 color=0xff0000 text="Joy of the Hunt" abs=518,5934 154x15 hidden=1 ownhide=0
                      [312] kind=text widget_type=4 trans=0 fill_mode=0 user_id=0x00efaf48 (239<<16|44872) dynamic font=495 color=0xff0000 text="Judgement of the Depths" abs=518,5949 154x15 hidden=1 ownhide=0
                      [313] kind=text widget_type=4 trans=0 fill_mode=0 user_id=0x00efaf49 (239<<16|44873) dynamic font=495 color=0xff0000 text="Jungle Bells" abs=518,5964 154x15 hidden=1 ownhide=0
                      [314] kind=text widget_type=4 trans=0 fill_mode=0 user_id=0x00efaf4a (239<<16|44874) dynamic font=495 color=0xff0000 text="Jungle Hunt" abs=518,5979 154x15 hidden=1 ownhide=0
                      [315] kind=text widget_type=4 trans=0 fill_mode=0 user_id=0x00efaf4b (239<<16|44875) dynamic font=495 color=0xff0000 text="Jungle Island" abs=518,5994 154x15 hidden=1 ownhide=0
                      [316] kind=text widget_type=4 trans=0 fill_mode=0 user_id=0x00efaf4c (239<<16|44876) dynamic font=495 color=0xff0000 text="Jungle Island Xmas" abs=518,6009 154x15 hidden=1 ownhide=0
                      [317] kind=text widget_type=4 trans=0 fill_mode=0 user_id=0x00efaf4d (239<<16|44877) dynamic font=495 color=0xff0000 text="Jungle Troubles" abs=518,6024 154x15 hidden=1 ownhide=0
                      [318] kind=text widget_type=4 trans=0 fill_mode=0 user_id=0x00efaf4e (239<<16|44878) dynamic font=495 color=0xff0000 text="Jungly 1" abs=518,6039 154x15 hidden=1 ownhide=0
                      [319] kind=text widget_type=4 trans=0 fill_mode=0 user_id=0x00efaf4f (239<<16|44879) dynamic font=495 color=0xff0000 text="Jungly 2" abs=518,6054 154x15 hidden=1 ownhide=0
                      [320] kind=text widget_type=4 trans=0 fill_mode=0 user_id=0x00efaf50 (239<<16|44880) dynamic font=495 color=0xff0000 text="Jungly 3" abs=518,6069 154x15 hidden=1 ownhide=0
                      [321] kind=text widget_type=4 trans=0 fill_mode=0 user_id=0x00efaf51 (239<<16|44881) dynamic font=495 color=0xff0000 text="Kanon of Kahlith" abs=518,6084 154x15 hidden=1 ownhide=0
                      [322] kind=text widget_type=4 trans=0 fill_mode=0 user_id=0x00efaf52 (239<<16|44882) dynamic font=495 color=0xff0000 text="Karamja Jam" abs=518,6099 154x15 hidden=1 ownhide=0
                      [323] kind=text widget_type=4 trans=0 fill_mode=0 user_id=0x00efaf53 (239<<16|44883) dynamic font=495 color=0xff0000 text="The Pharaoh" abs=518,8589 154x15 hidden=1 ownhide=0
                      [324] kind=text widget_type=4 trans=0 fill_mode=0 user_id=0x00efaf54 (239<<16|44884) dynamic font=495 color=0xff0000 text="Kingdom" abs=518,6144 154x15 hidden=1 ownhide=0
                      [325] kind=text widget_type=4 trans=0 fill_mode=0 user_id=0x00efaf55 (239<<16|44885) dynamic font=495 color=0xff0000 text="The Sinclairs" abs=518,10254 154x15 hidden=1 ownhide=0
                      [326] kind=text widget_type=4 trans=0 fill_mode=0 user_id=0x00efaf56 (239<<16|44886) dynamic font=495 color=0xff0000 text="Knightly" abs=518,6159 154x15 hidden=1 ownhide=0
                      [327] kind=text widget_type=4 trans=0 fill_mode=0 user_id=0x00efaf57 (239<<16|44887) dynamic font=495 color=0xff0000 text="Knightmare" abs=518,6174 154x15 hidden=1 ownhide=0
                      [328] kind=text widget_type=4 trans=0 fill_mode=0 user_id=0x00efaf58 (239<<16|44888) dynamic font=495 color=0xff0000 text="Beneath the Kingdom" abs=518,1209 154x15 hidden=1 ownhide=0
                      [329] kind=text widget_type=4 trans=0 fill_mode=0 user_id=0x00efaf59 (239<<16|44889) dynamic font=495 color=0xff0000 text="The Houses of Kourend" abs=518,5364 154x15 hidden=1 ownhide=0
                      [330] kind=text widget_type=4 trans=0 fill_mode=0 user_id=0x00efaf5a (239<<16|44890) dynamic font=495 color=0xff0000 text="Kourend the Magnificent" abs=518,6189 154x15 hidden=1 ownhide=0
                      [331] kind=text widget_type=4 trans=0 fill_mode=0 user_id=0x00efaf5b (239<<16|44891) dynamic font=495 color=0xff0000 text="La Mort" abs=518,6204 154x15 hidden=1 ownhide=0
                      [332] kind=text widget_type=4 trans=0 fill_mode=0 user_id=0x00efaf5c (239<<16|44892) dynamic font=495 color=0xff0000 text="Labyrinth" abs=518,6219 154x15 hidden=1 ownhide=0
                      [333] kind=text widget_type=4 trans=0 fill_mode=0 user_id=0x00efaf5d (239<<16|44893) dynamic font=495 color=0xff0000 text="Lair" abs=518,6264 154x15 hidden=1 ownhide=0
                      [334] kind=text widget_type=4 trans=0 fill_mode=0 user_id=0x00efaf5e (239<<16|44894) dynamic font=495 color=0xff0000 text="Lament" abs=518,6294 154x15 hidden=1 ownhide=0
                      [335] kind=text widget_type=4 trans=0 fill_mode=0 user_id=0x00efaf5f (239<<16|44895) dynamic font=495 color=0xff0000 text="Lament of Meiyerditch" abs=518,6324 154x15 hidden=1 ownhide=0
                      [336] kind=text widget_type=4 trans=0 fill_mode=0 user_id=0x00efaf60 (239<<16|44896) dynamic font=495 color=0xff0000 text="Land Down Under" abs=518,6354 154x15 hidden=1 ownhide=0
                      [337] kind=text widget_type=4 trans=0 fill_mode=0 user_id=0x00efaf61 (239<<16|44897) dynamic font=495 color=0xff0000 text="Land of Snow" abs=518,6369 154x15 hidden=1 ownhide=0
                      [338] kind=text widget_type=4 trans=0 fill_mode=0 user_id=0x00efaf62 (239<<16|44898) dynamic font=495 color=0xff0000 text="Land of the Dwarves" abs=518,6384 154x15 hidden=1 ownhide=0
                      [339] kind=text widget_type=4 trans=0 fill_mode=0 user_id=0x00efaf63 (239<<16|44899) dynamic font=495 color=0xff0000 text="Landlubber" abs=518,6399 154x15 hidden=1 ownhide=0
                      [340] kind=text widget_type=4 trans=0 fill_mode=0 user_id=0x00efaf64 (239<<16|44900) dynamic font=495 color=0xff0000 text="Last Stand" abs=518,6459 154x15 hidden=1 ownhide=0
                      [341] kind=text widget_type=4 trans=0 fill_mode=0 user_id=0x00efaf65 (239<<16|44901) dynamic font=495 color=0xff0000 text="Lasting" abs=518,6474 154x15 hidden=1 ownhide=0
                      [342] kind=text widget_type=4 trans=0 fill_mode=0 user_id=0x00efaf66 (239<<16|44902) dynamic font=495 color=0xff0000 text="Last Man Standing" abs=518,6429 154x15 hidden=1 ownhide=0
                      [343] kind=text widget_type=4 trans=0 fill_mode=0 user_id=0x00efaf67 (239<<16|44903) dynamic font=495 color=0xdc10d text="Shattered Relics" abs=518,10134 154x15 hidden=1 ownhide=0
                      [344] kind=text widget_type=4 trans=0 fill_mode=0 user_id=0x00efaf68 (239<<16|44904) dynamic font=495 color=0xff0000 text="Legend" abs=518,6504 154x15 hidden=1 ownhide=0
                      [345] kind=text widget_type=4 trans=0 fill_mode=0 user_id=0x00efaf69 (239<<16|44905) dynamic font=495 color=0xff0000 text="Legion" abs=518,6519 154x15 hidden=1 ownhide=0
                      [346] kind=text widget_type=4 trans=0 fill_mode=0 user_id=0x00efaf6a (239<<16|44906) dynamic font=495 color=0xff0000 text="Life's a Beach!" abs=518,6549 154x15 hidden=1 ownhide=0
                      [347] kind=text widget_type=4 trans=0 fill_mode=0 user_id=0x00efaf6b (239<<16|44907) dynamic font=495 color=0xff0000 text="Lighthouse" abs=518,6564 154x15 hidden=1 ownhide=0
                      [348] kind=text widget_type=4 trans=0 fill_mode=0 user_id=0x00efaf6c (239<<16|44908) dynamic font=495 color=0xff0000 text="Lightness" abs=518,6579 154x15 hidden=1 ownhide=0
                      [349] kind=text widget_type=4 trans=0 fill_mode=0 user_id=0x00efaf6d (239<<16|44909) dynamic font=495 color=0xff0000 text="Lightwalk" abs=518,6594 154x15 hidden=1 ownhide=0
                      [350] kind=text widget_type=4 trans=0 fill_mode=0 user_id=0x00efaf6e (239<<16|44910) dynamic font=495 color=0xff0000 text="Little Cave of Horrors" abs=518,6609 154x15 hidden=1 ownhide=0
                      [351] kind=text widget_type=4 trans=0 fill_mode=0 user_id=0x00efaf6f (239<<16|44911) dynamic font=495 color=0xff0000 text="The Fires of Lletya" abs=518,4149 154x15 hidden=1 ownhide=0
                      [352] kind=text widget_type=4 trans=0 fill_mode=0 user_id=0x00efaf70 (239<<16|44912) dynamic font=495 color=0xff0000 text="Lonesome" abs=518,6624 154x15 hidden=1 ownhide=0
                      [353] kind=text widget_type=4 trans=0 fill_mode=0 user_id=0x00efaf71 (239<<16|44913) dynamic font=495 color=0xff0000 text="Long Ago" abs=518,6639 154x15 hidden=1 ownhide=0
                      [354] kind=text widget_type=4 trans=0 fill_mode=0 user_id=0x00efaf72 (239<<16|44914) dynamic font=495 color=0xff0000 text="Long Way Home" abs=518,6654 154x15 hidden=1 ownhide=0
                      [355] kind=text widget_type=4 trans=0 fill_mode=0 user_id=0x00efaf73 (239<<16|44915) dynamic font=495 color=0xff0000 text="Looking Back" abs=518,6699 154x15 hidden=1 ownhide=0
                      [356] kind=text widget_type=4 trans=0 fill_mode=0 user_id=0x00efaf74 (239<<16|44916) dynamic font=495 color=0xff0000 text="Lore and Order" abs=518,6729 154x15 hidden=1 ownhide=0
                      [357] kind=text widget_type=4 trans=0 fill_mode=0 user_id=0x00efaf75 (239<<16|44917) dynamic font=495 color=0xff0000 text="Lost Soul" abs=518,6759 154x15 hidden=1 ownhide=0
                      [358] kind=text widget_type=4 trans=0 fill_mode=0 user_id=0x00efaf76 (239<<16|44918) dynamic font=495 color=0xff0000 text="Dwarven Domain" abs=518,3309 154x15 hidden=1 ownhide=0
                      [359] kind=text widget_type=4 trans=0 fill_mode=0 user_id=0x00efaf77 (239<<16|44919) dynamic font=495 color=0xff0000 text="Out at the Mines" abs=518,8349 154x15 hidden=1 ownhide=0
                      [360] kind=text widget_type=4 trans=0 fill_mode=0 user_id=0x00efaf78 (239<<16|44920) dynamic font=495 color=0xff0000 text="Lower Depths" abs=518,6804 154x15 hidden=1 ownhide=0
                      [361] kind=text widget_type=4 trans=0 fill_mode=0 user_id=0x00efaf79 (239<<16|44921) dynamic font=495 color=0xff0000 text="You Have My Attention" abs=518,12954 154x15 hidden=1 ownhide=0
                      [362] kind=text widget_type=4 trans=0 fill_mode=0 user_id=0x00efaf7a (239<<16|44922) dynamic font=495 color=0xff0000 text="Lucid Dream" abs=518,6819 154x15 hidden=1 ownhide=0
                      [363] kind=text widget_type=4 trans=0 fill_mode=0 user_id=0x00efaf7b (239<<16|44923) dynamic font=495 color=0xff0000 text="Lucid Nightmare" abs=518,6834 154x15 hidden=1 ownhide=0
                      [364] kind=text widget_type=4 trans=0 fill_mode=0 user_id=0x00efaf7c (239<<16|44924) dynamic font=495 color=0xff0000 text="Lullaby" abs=518,6849 154x15 hidden=1 ownhide=0
                      [365] kind=text widget_type=4 trans=0 fill_mode=0 user_id=0x00efaf7d (239<<16|44925) dynamic font=495 color=0xff0000 text="Mad Eadgar" abs=518,6909 154x15 hidden=1 ownhide=0
                      [366] kind=text widget_type=4 trans=0 fill_mode=0 user_id=0x00efaf7e (239<<16|44926) dynamic font=495 color=0xff0000 text="Mage Arena" abs=518,6939 154x15 hidden=1 ownhide=0
                      [367] kind=text widget_type=4 trans=0 fill_mode=0 user_id=0x00efaf7f (239<<16|44927) dynamic font=495 color=0xff0000 text="Magic Dance" abs=518,6954 154x15 hidden=1 ownhide=0
                      [368] kind=text widget_type=4 trans=0 fill_mode=0 user_id=0x00efaf80 (239<<16|44928) dynamic font=495 color=0xff0000 text="Magic Magic Magic" abs=518,6969 154x15 hidden=1 ownhide=0
                      [369] kind=text widget_type=4 trans=0 fill_mode=0 user_id=0x00efaf81 (239<<16|44929) dynamic font=495 color=0xff0000 text="Magical Journey" abs=518,6984 154x15 hidden=1 ownhide=0
                      [370] kind=text widget_type=4 trans=0 fill_mode=0 user_id=0x00efaf82 (239<<16|44930) dynamic font=495 color=0xff0000 text="The Maiden's Sorrow" abs=518,7014 154x15 hidden=1 ownhide=0
                      [371] kind=text widget_type=4 trans=0 fill_mode=0 user_id=0x00efaf83 (239<<16|44931) dynamic font=495 color=0xff0000 text="The Maiden's Anger" abs=518,6999 154x15 hidden=1 ownhide=0
                      [372] kind=text widget_type=4 trans=0 fill_mode=0 user_id=0x00efaf84 (239<<16|44932) dynamic font=495 color=0xff0000 text="Major Miner" abs=518,7029 154x15 hidden=1 ownhide=0
                      [373] kind=text widget_type=4 trans=0 fill_mode=0 user_id=0x00efaf85 (239<<16|44933) dynamic font=495 color=0xff0000 text="Making Waves" abs=518,7044 154x15 hidden=1 ownhide=0
                      [374] kind=text widget_type=4 trans=0 fill_mode=0 user_id=0x00efaf86 (239<<16|44934) dynamic font=495 color=0xff0000 text="Malady" abs=518,7059 154x15 hidden=1 ownhide=0
                      [375] kind=text widget_type=4 trans=0 fill_mode=0 user_id=0x00efaf87 (239<<16|44935) dynamic font=495 color=0xff0000 text="March" abs=518,7074 154x15 hidden=1 ownhide=0
                      [376] kind=text widget_type=4 trans=0 fill_mode=0 user_id=0x00efaf88 (239<<16|44936) dynamic font=495 color=0xff0000 text="Marooned" abs=518,7104 154x15 hidden=1 ownhide=0
                      [377] kind=text widget_type=4 trans=0 fill_mode=0 user_id=0x00efaf89 (239<<16|44937) dynamic font=495 color=0xff0000 text="Marzipan" abs=518,7119 154x15 hidden=1 ownhide=0
                      [378] kind=text widget_type=4 trans=0 fill_mode=0 user_id=0x00efaf8a (239<<16|44938) dynamic font=495 color=0xff0000 text="Masquerade" abs=518,7134 154x15 hidden=1 ownhide=0
                      [379] kind=text widget_type=4 trans=0 fill_mode=0 user_id=0x00efaf8b (239<<16|44939) dynamic font=495 color=0xff0000 text="Mastermindless" abs=518,7164 154x15 hidden=1 ownhide=0
                      [380] kind=text widget_type=4 trans=0 fill_mode=0 user_id=0x00efaf8c (239<<16|44940) dynamic font=495 color=0xff0000 text="Mausoleum" abs=518,7194 154x15 hidden=1 ownhide=0
                      [381] kind=text widget_type=4 trans=0 fill_mode=0 user_id=0x00efaf8d (239<<16|44941) dynamic font=495 color=0xff0000 text="Maws Jaws & Claws" abs=518,7209 154x15 hidden=1 ownhide=0
                      [382] kind=text widget_type=4 trans=0 fill_mode=0 user_id=0x00efaf8e (239<<16|44942) dynamic font=495 color=0xff0000 text="Meddling Kids" abs=518,7239 154x15 hidden=1 ownhide=0
                      [383] kind=text widget_type=4 trans=0 fill_mode=0 user_id=0x00efaf8f (239<<16|44943) dynamic font=495 color=0xff0000 text="Medieval" abs=518,7254 154x15 hidden=1 ownhide=0
                      [384] kind=text widget_type=4 trans=0 fill_mode=0 user_id=0x00efaf90 (239<<16|44944) dynamic font=495 color=0xff0000 text="The Forgotten Tomb" abs=518,4329 154x15 hidden=1 ownhide=0
                      [385] kind=text widget_type=4 trans=0 fill_mode=0 user_id=0x00efaf91 (239<<16|44945) dynamic font=495 color=0xff0000 text="Mellow" abs=518,7269 154x15 hidden=1 ownhide=0
                      [386] kind=text widget_type=4 trans=0 fill_mode=0 user_id=0x00efaf92 (239<<16|44946) dynamic font=495 color=0xff0000 text="Melodrama" abs=518,7284 154x15 hidden=1 ownhide=0
                      [387] kind=text widget_type=4 trans=0 fill_mode=0 user_id=0x00efaf93 (239<<16|44947) dynamic font=495 color=0xff0000 text="The Maze" abs=518,7224 154x15 hidden=1 ownhide=0
                      [388] kind=text widget_type=4 trans=0 fill_mode=0 user_id=0x00efaf94 (239<<16|44948) dynamic font=495 color=0xff0000 text="The Gates of Menaphos" abs=518,4629 154x15 hidden=1 ownhide=0
                      [389] kind=text widget_type=4 trans=0 fill_mode=0 user_id=0x00efaf95 (239<<16|44949) dynamic font=495 color=0xff0000 text="Meridian" abs=518,7314 154x15 hidden=1 ownhide=0
                      [390] kind=text widget_type=4 trans=0 fill_mode=0 user_id=0x00efaf96 (239<<16|44950) dynamic font=495 color=0xff0000 text="Method of Madness" abs=518,7329 154x15 hidden=1 ownhide=0
                      [391] kind=text widget_type=4 trans=0 fill_mode=0 user_id=0x00efaf97 (239<<16|44951) dynamic font=495 color=0xff0000 text="Miles Away" abs=518,7344 154x15 hidden=1 ownhide=0
                      [392] kind=text widget_type=4 trans=0 fill_mode=0 user_id=0x00efaf98 (239<<16|44952) dynamic font=495 color=0xff0000 text="Mind over Matter" abs=518,7389 154x15 hidden=1 ownhide=0
                      [393] kind=text widget_type=4 trans=0 fill_mode=0 user_id=0x00efaf99 (239<<16|44953) dynamic font=495 color=0xff0000 text="Miracle Dance" abs=518,7404 154x15 hidden=1 ownhide=0
                      [394] kind=text widget_type=4 trans=0 fill_mode=0 user_id=0x00efaf9a (239<<16|44954) dynamic font=495 color=0xff0000 text="Mirage" abs=518,7419 154x15 hidden=1 ownhide=0
                      [395] kind=text widget_type=4 trans=0 fill_mode=0 user_id=0x00efaf9b (239<<16|44955) dynamic font=495 color=0xff0000 text="Miscellania" abs=518,7434 154x15 hidden=1 ownhide=0
                      [396] kind=text widget_type=4 trans=0 fill_mode=0 user_id=0x00efaf9c (239<<16|44956) dynamic font=495 color=0xff0000 text="Monkey Badness" abs=518,7494 154x15 hidden=1 ownhide=0
                      [397] kind=text widget_type=4 trans=0 fill_mode=0 user_id=0x00efaf9d (239<<16|44957) dynamic font=495 color=0xff0000 text="Monkey Trouble" abs=518,7554 154x15 hidden=1 ownhide=0
                      [398] kind=text widget_type=4 trans=0 fill_mode=0 user_id=0x00efaf9e (239<<16|44958) dynamic font=495 color=0xff0000 text="Monkey Sadness" abs=518,7539 154x15 hidden=1 ownhide=0
                      [399] kind=text widget_type=4 trans=0 fill_mode=0 user_id=0x00efaf9f (239<<16|44959) dynamic font=495 color=0xff0000 text="Monkey Business" abs=518,7509 154x15 hidden=1 ownhide=0
                      [400] kind=text widget_type=4 trans=0 fill_mode=0 user_id=0x00efafa0 (239<<16|44960) dynamic font=495 color=0xdc10d text="Scape Ape" abs=518,9579 154x15 hidden=1 ownhide=0
                      [401] kind=text widget_type=4 trans=0 fill_mode=0 user_id=0x00efafa1 (239<<16|44961) dynamic font=495 color=0xff0000 text="Servants of Strife" abs=518,10014 154x15 hidden=1 ownhide=0
                      [402] kind=text widget_type=4 trans=0 fill_mode=0 user_id=0x00efafa2 (239<<16|44962) dynamic font=495 color=0xff0000 text="Monarch Waltz" abs=518,7479 154x15 hidden=1 ownhide=0
                      [403] kind=text widget_type=4 trans=0 fill_mode=0 user_id=0x00efafa3 (239<<16|44963) dynamic font=495 color=0xff0000 text="Monkey Madness" abs=518,7524 154x15 hidden=1 ownhide=0
                      [404] kind=text widget_type=4 trans=0 fill_mode=0 user_id=0x00efafa4 (239<<16|44964) dynamic font=495 color=0xff0000 text="Monster Melee" abs=518,7569 154x15 hidden=1 ownhide=0
                      [405] kind=text widget_type=4 trans=0 fill_mode=0 user_id=0x00efafa5 (239<<16|44965) dynamic font=495 color=0xff0000 text="Moody" abs=518,7599 154x15 hidden=1 ownhide=0
                      [406] kind=text widget_type=4 trans=0 fill_mode=0 user_id=0x00efafa6 (239<<16|44966) dynamic font=495 color=0xff0000 text="Mor Ul Rek" abs=518,7629 154x15 hidden=1 ownhide=0
                      [407] kind=text widget_type=4 trans=0 fill_mode=0 user_id=0x00efafa7 (239<<16|44967) dynamic font=495 color=0xff0000 text="Morytania" abs=518,7659 154x15 hidden=1 ownhide=0
                      [408] kind=text widget_type=4 trans=0 fill_mode=0 user_id=0x00efafa8 (239<<16|44968) dynamic font=495 color=0xff0000 text="Mouse Trap" abs=518,7719 154x15 hidden=1 ownhide=0
                      [409] kind=text widget_type=4 trans=0 fill_mode=0 user_id=0x00efafa9 (239<<16|44969) dynamic font=495 color=0xff0000 text="Mudskipper Melody" abs=518,7734 154x15 hidden=1 ownhide=0
                      [410] kind=text widget_type=4 trans=0 fill_mode=0 user_id=0x00efafaa (239<<16|44970) dynamic font=495 color=0xff0000 text="Museum Medley" abs=518,7749 154x15 hidden=1 ownhide=0
                      [411] kind=text widget_type=4 trans=0 fill_mode=0 user_id=0x00efafab (239<<16|44971) dynamic font=495 color=0xff0000 text="Mutant Medley" abs=518,7764 154x15 hidden=1 ownhide=0
                      [412] kind=text widget_type=4 trans=0 fill_mode=0 user_id=0x00efafac (239<<16|44972) dynamic font=495 color=0xff0000 text="My Arm's Journey" abs=518,7779 154x15 hidden=1 ownhide=0
                      [413] kind=text widget_type=4 trans=0 fill_mode=0 user_id=0x00efafad (239<<16|44973) dynamic font=495 color=0xff0000 text="Mother Ruckus" abs=518,7689 154x15 hidden=1 ownhide=0
                      [414] kind=text widget_type=4 trans=0 fill_mode=0 user_id=0x00efafae (239<<16|44974) dynamic font=495 color=0xff0000 text="Snowflake & My Arm" abs=518,10344 154x15 hidden=1 ownhide=0
                      [415] kind=text widget_type=4 trans=0 fill_mode=0 user_id=0x00efafaf (239<<16|44975) dynamic font=495 color=0xff0000 text="Mythical" abs=518,7824 154x15 hidden=1 ownhide=0
                      [416] kind=text widget_type=4 trans=0 fill_mode=0 user_id=0x00efafb0 (239<<16|44976) dynamic font=495 color=0xff0000 text="Narnode's Theme" abs=518,7839 154x15 hidden=1 ownhide=0
                      [417] kind=text widget_type=4 trans=0 fill_mode=0 user_id=0x00efafb1 (239<<16|44977) dynamic font=495 color=0xff0000 text="Natural" abs=518,7854 154x15 hidden=1 ownhide=0
                      [418] kind=text widget_type=4 trans=0 fill_mode=0 user_id=0x00efafb2 (239<<16|44978) dynamic font=495 color=0xff0000 text="Dunes of Eternity" abs=518,3249 154x15 hidden=1 ownhide=0
                      [419] kind=text widget_type=4 trans=0 fill_mode=0 user_id=0x00efafb3 (239<<16|44979) dynamic font=495 color=0xff0000 text="Nether Realm" abs=518,7884 154x15 hidden=1 ownhide=0
                      [420] kind=text widget_type=4 trans=0 fill_mode=0 user_id=0x00efafb4 (239<<16|44980) dynamic font=495 color=0xff0000 text="Neverland" abs=518,7899 154x15 hidden=1 ownhide=0
                      [421] kind=text widget_type=4 trans=0 fill_mode=0 user_id=0x00efafb5 (239<<16|44981) dynamic font=495 color=0xff0000 text="Newbie Farming" abs=518,7914 154x15 hidden=1 ownhide=0
                      [422] kind=text widget_type=4 trans=0 fill_mode=0 user_id=0x00efafb6 (239<<16|44982) dynamic font=495 color=0xdc10d text="Newbie Melody" abs=518,7929 154x15 hidden=1 ownhide=0
                      [423] kind=text widget_type=4 trans=0 fill_mode=0 user_id=0x00efafb7 (239<<16|44983) dynamic font=495 color=0xff0000 text="Night of the Vampyre" abs=518,7944 154x15 hidden=1 ownhide=0
                      [424] kind=text widget_type=4 trans=0 fill_mode=0 user_id=0x00efafb8 (239<<16|44984) dynamic font=495 color=0xff0000 text="Nightfall" abs=518,7959 154x15 hidden=1 ownhide=0
                      [425] kind=text widget_type=4 trans=0 fill_mode=0 user_id=0x00efafb9 (239<<16|44985) dynamic font=495 color=0xff0000 text="The Bane of Ashihama" abs=518,1059 154x15 hidden=1 ownhide=0
                      [426] kind=text widget_type=4 trans=0 fill_mode=0 user_id=0x00efafba (239<<16|44986) dynamic font=495 color=0xff0000 text="No Pasaran" abs=518,7989 154x15 hidden=1 ownhide=0
                      [427] kind=text widget_type=4 trans=0 fill_mode=0 user_id=0x00efafbb (239<<16|44987) dynamic font=495 color=0xff0000 text="No Way Out" abs=518,8004 154x15 hidden=1 ownhide=0
                      [428] kind=text widget_type=4 trans=0 fill_mode=0 user_id=0x00efafbc (239<<16|44988) dynamic font=495 color=0xff0000 text="Nomad" abs=518,8034 154x15 hidden=1 ownhide=0
                      [429] kind=text widget_type=4 trans=0 fill_mode=0 user_id=0x00efafbd (239<<16|44989) dynamic font=495 color=0xff0000 text="Norse Code" abs=518,8049 154x15 hidden=1 ownhide=0
                      [430] kind=text widget_type=4 trans=0 fill_mode=0 user_id=0x00efafbe (239<<16|44990) dynamic font=495 color=0xff0000 text="Nox Irae" abs=518,8094 154x15 hidden=1 ownhide=0
                      [431] kind=text widget_type=4 trans=0 fill_mode=0 user_id=0x00efafbf (239<<16|44991) dynamic font=495 color=0xff0000 text="Null and Void" abs=518,8124 154x15 hidden=1 ownhide=0
                      [432] kind=text widget_type=4 trans=0 fill_mode=0 user_id=0x00efafc0 (239<<16|44992) dynamic font=495 color=0xff0000 text="Dance of the Nylocas" abs=518,2454 154x15 hidden=1 ownhide=0
                      [433] kind=text widget_type=4 trans=0 fill_mode=0 user_id=0x00efafc1 (239<<16|44993) dynamic font=495 color=0xff0000 text="Arachnids of Vampyrium" abs=518,594 154x15 hidden=1 ownhide=0
                      [434] kind=text widget_type=4 trans=0 fill_mode=0 user_id=0x00efafc2 (239<<16|44994) dynamic font=495 color=0xff0000 text="Look to the Stars" abs=518,6684 154x15 hidden=1 ownhide=0
                      [435] kind=text widget_type=4 trans=0 fill_mode=0 user_id=0x00efafc3 (239<<16|44995) dynamic font=495 color=0xff0000 text="Ogre the Top" abs=518,8154 154x15 hidden=1 ownhide=0
                      [436] kind=text widget_type=4 trans=0 fill_mode=0 user_id=0x00efafc4 (239<<16|44996) dynamic font=495 color=0xff0000 text="Fire in the Deep" abs=518,4134 154x15 hidden=1 ownhide=0
                      [437] kind=text widget_type=4 trans=0 fill_mode=0 user_id=0x00efafc5 (239<<16|44997) dynamic font=495 color=0xff0000 text="On the Up" abs=518,8244 154x15 hidden=1 ownhide=0
                      [438] kind=text widget_type=4 trans=0 fill_mode=0 user_id=0x00efafc6 (239<<16|44998) dynamic font=495 color=0xff0000 text="On the Wing" abs=518,8259 154x15 hidden=1 ownhide=0
                      [439] kind=text widget_type=4 trans=0 fill_mode=0 user_id=0x00efafc7 (239<<16|44999) dynamic font=495 color=0xff0000 text="On the Shore" abs=518,8229 154x15 hidden=1 ownhide=0
                      [440] kind=text widget_type=4 trans=0 fill_mode=0 user_id=0x00efafc8 (239<<16|45000) dynamic font=495 color=0xdc10d text="Organ Music 1" abs=518,8289 154x15 hidden=1 ownhide=0
                      [441] kind=text widget_type=4 trans=0 fill_mode=0 user_id=0x00efafc9 (239<<16|45001) dynamic font=495 color=0xdc10d text="Organ Music 2" abs=518,8304 154x15 hidden=1 ownhide=0
                      [442] kind=text widget_type=4 trans=0 fill_mode=0 user_id=0x00efafca (239<<16|45002) dynamic font=495 color=0xff0000 text="Oriental" abs=518,8319 154x15 hidden=1 ownhide=0
                      [443] kind=text widget_type=4 trans=0 fill_mode=0 user_id=0x00efafcb (239<<16|45003) dynamic font=495 color=0xff0000 text="Out of the Deep" abs=518,8364 154x15 hidden=1 ownhide=0
                      [444] kind=text widget_type=4 trans=0 fill_mode=0 user_id=0x00efafcc (239<<16|45004) dynamic font=495 color=0xff0000 text="Over to Nardah" abs=518,8409 154x15 hidden=1 ownhide=0
                      [445] kind=text widget_type=4 trans=0 fill_mode=0 user_id=0x00efafcd (239<<16|45005) dynamic font=495 color=0xff0000 text="Overpass" abs=518,8424 154x15 hidden=1 ownhide=0
                      [446] kind=text widget_type=4 trans=0 fill_mode=0 user_id=0x00efafce (239<<16|45006) dynamic font=495 color=0xff0000 text="Overture" abs=518,8439 154x15 hidden=1 ownhide=0
                      [447] kind=text widget_type=4 trans=0 fill_mode=0 user_id=0x00efafcf (239<<16|45007) dynamic font=495 color=0xff0000 text="Parade" abs=518,8454 154x15 hidden=1 ownhide=0
                      [448] kind=text widget_type=4 trans=0 fill_mode=0 user_id=0x00efafd0 (239<<16|45008) dynamic font=495 color=0xff0000 text="Path of Peril" abs=518,8484 154x15 hidden=1 ownhide=0
                      [449] kind=text widget_type=4 trans=0 fill_mode=0 user_id=0x00efafd1 (239<<16|45009) dynamic font=495 color=0xff0000 text="Pathways" abs=518,8499 154x15 hidden=1 ownhide=0
                      [450] kind=text widget_type=4 trans=0 fill_mode=0 user_id=0x00efafd2 (239<<16|45010) dynamic font=495 color=0xff0000 text="The Penguin Bards" abs=518,8529 154x15 hidden=1 ownhide=0
                      [451] kind=text widget_type=4 trans=0 fill_mode=0 user_id=0x00efafd3 (239<<16|45011) dynamic font=495 color=0xff0000 text="Penguin Plots" abs=518,8544 154x15 hidden=1 ownhide=0
                      [452] kind=text widget_type=4 trans=0 fill_mode=0 user_id=0x00efafd4 (239<<16|45012) dynamic font=495 color=0xff0000 text="Pest Control" abs=518,8559 154x15 hidden=1 ownhide=0
                      [453] kind=text widget_type=4 trans=0 fill_mode=0 user_id=0x00efafd5 (239<<16|45013) dynamic font=495 color=0xff0000 text="Welcome to my Nightmare" abs=518,12534 154x15 hidden=1 ownhide=0
                      [454] kind=text widget_type=4 trans=0 fill_mode=0 user_id=0x00efafd6 (239<<16|45014) dynamic font=495 color=0xff0000 text="The Nightmare Continues" abs=518,7974 154x15 hidden=1 ownhide=0
                      [455] kind=text widget_type=4 trans=0 fill_mode=0 user_id=0x00efafd7 (239<<16|45015) dynamic font=495 color=0xff0000 text="Pharaoh's Tomb" abs=518,8574 154x15 hidden=1 ownhide=0
                      [456] kind=text widget_type=4 trans=0 fill_mode=0 user_id=0x00efafd8 (239<<16|45016) dynamic font=495 color=0xff0000 text="Phasmatys" abs=518,8604 154x15 hidden=1 ownhide=0
                      [457] kind=text widget_type=4 trans=0 fill_mode=0 user_id=0x00efafd9 (239<<16|45017) dynamic font=495 color=0xff0000 text="Pheasant Peasant" abs=518,8619 154x15 hidden=1 ownhide=0
                      [458] kind=text widget_type=4 trans=0 fill_mode=0 user_id=0x00efafda (239<<16|45018) dynamic font=495 color=0xff0000 text="Pick & Shovel" abs=518,8634 154x15 hidden=1 ownhide=0
                      [459] kind=text widget_type=4 trans=0 fill_mode=0 user_id=0x00efafdb (239<<16|45019) dynamic font=495 color=0xff0000 text="Pinball Wizard" abs=518,8649 154x15 hidden=1 ownhide=0
                      [460] kind=text widget_type=4 trans=0 fill_mode=0 user_id=0x00efafdc (239<<16|45020) dynamic font=495 color=0xff0000 text="Pirates of Penance" abs=518,8664 154x15 hidden=1 ownhide=0
                      [461] kind=text widget_type=4 trans=0 fill_mode=0 user_id=0x00efafdd (239<<16|45021) dynamic font=495 color=0xff0000 text="Pirates of Peril" abs=518,8679 154x15 hidden=1 ownhide=0
                      [462] kind=text widget_type=4 trans=0 fill_mode=0 user_id=0x00efafde (239<<16|45022) dynamic font=495 color=0xff0000 text="Down by the Docks" abs=518,3144 154x15 hidden=1 ownhide=0
                      [463] kind=text widget_type=4 trans=0 fill_mode=0 user_id=0x00efafdf (239<<16|45023) dynamic font=495 color=0xff0000 text="Poles Apart" abs=518,8724 154x15 hidden=1 ownhide=0
                      [464] kind=text widget_type=4 trans=0 fill_mode=0 user_id=0x00efafe0 (239<<16|45024) dynamic font=495 color=0xff0000 text="Prime Time" abs=518,8829 154x15 hidden=1 ownhide=0
                      [465] kind=text widget_type=4 trans=0 fill_mode=0 user_id=0x00efafe1 (239<<16|45025) dynamic font=495 color=0xff0000 text="Principality" abs=518,8844 154x15 hidden=1 ownhide=0
                      [466] kind=text widget_type=4 trans=0 fill_mode=0 user_id=0x00efafe2 (239<<16|45026) dynamic font=495 color=0xff0000 text="Quest" abs=518,8889 154x15 hidden=1 ownhide=0
                      [467] kind=text widget_type=4 trans=0 fill_mode=0 user_id=0x00efafe3 (239<<16|45027) dynamic font=495 color=0xff0000 text="A Taste of Hope" abs=518,11049 154x15 hidden=1 ownhide=0
                      [468] kind=text widget_type=4 trans=0 fill_mode=0 user_id=0x00efafe4 (239<<16|45028) dynamic font=495 color=0xff0000 text="Rat a Tat Tat" abs=518,8949 154x15 hidden=1 ownhide=0
                      [469] kind=text widget_type=4 trans=0 fill_mode=0 user_id=0x00efafe5 (239<<16|45029) dynamic font=495 color=0xff0000 text="Rat Hunt" abs=518,8934 154x15 hidden=1 ownhide=0
                      [470] kind=text widget_type=4 trans=0 fill_mode=0 user_id=0x00efafe6 (239<<16|45030) dynamic font=495 color=0xff0000 text="Ready for Battle" abs=518,8964 154x15 hidden=1 ownhide=0
                      [471] kind=text widget_type=4 trans=0 fill_mode=0 user_id=0x00efafe7 (239<<16|45031) dynamic font=495 color=0xff0000 text="Regal" abs=518,8994 154x15 hidden=1 ownhide=0
                      [472] kind=text widget_type=4 trans=0 fill_mode=0 user_id=0x00efafe8 (239<<16|45032) dynamic font=495 color=0xff0000 text="Reggae" abs=518,9024 154x15 hidden=1 ownhide=0
                      [473] kind=text widget_type=4 trans=0 fill_mode=0 user_id=0x00efafe9 (239<<16|45033) dynamic font=495 color=0xff0000 text="Reggae 2" abs=518,9039 154x15 hidden=1 ownhide=0
                      [474] kind=text widget_type=4 trans=0 fill_mode=0 user_id=0x00efafea (239<<16|45034) dynamic font=495 color=0xff0000 text="Rellekka" abs=518,9084 154x15 hidden=1 ownhide=0
                      [475] kind=text widget_type=4 trans=0 fill_mode=0 user_id=0x00efafeb (239<<16|45035) dynamic font=495 color=0xff0000 text="Rest in Peace" abs=518,9129 154x15 hidden=1 ownhide=0
                      [476] kind=text widget_type=4 trans=0 fill_mode=0 user_id=0x00efafec (239<<16|45036) dynamic font=495 color=0xff0000 text="A Dangerous Game" abs=518,2499 154x15 hidden=1 ownhide=0
                      [477] kind=text widget_type=4 trans=0 fill_mode=0 user_id=0x00efafed (239<<16|45037) dynamic font=495 color=0xff0000 text="Rhapsody" abs=518,9159 154x15 hidden=1 ownhide=0
                      [478] kind=text widget_type=4 trans=0 fill_mode=0 user_id=0x00efafee (239<<16|45038) dynamic font=495 color=0xff0000 text="Right on Track" abs=518,9174 154x15 hidden=1 ownhide=0
                      [479] kind=text widget_type=4 trans=0 fill_mode=0 user_id=0x00efafef (239<<16|45039) dynamic font=495 color=0xff0000 text="Righteousness" abs=518,9189 154x15 hidden=1 ownhide=0
                      [480] kind=text widget_type=4 trans=0 fill_mode=0 user_id=0x00efaff0 (239<<16|45040) dynamic font=495 color=0xff0000 text="Rising Damp" abs=518,9204 154x15 hidden=1 ownhide=0
                      [481] kind=text widget_type=4 trans=0 fill_mode=0 user_id=0x00efaff1 (239<<16|45041) dynamic font=495 color=0xff0000 text="Riverside" abs=518,9234 154x15 hidden=1 ownhide=0
                      [482] kind=text widget_type=4 trans=0 fill_mode=0 user_id=0x00efaff2 (239<<16|45042) dynamic font=495 color=0xff0000 text="Roc and Roll" abs=518,9249 154x15 hidden=1 ownhide=0
                      [483] kind=text widget_type=4 trans=0 fill_mode=0 user_id=0x00efaff3 (239<<16|45043) dynamic font=495 color=0xff0000 text="Roll the Bones" abs=518,9279 154x15 hidden=1 ownhide=0
                      [484] kind=text widget_type=4 trans=0 fill_mode=0 user_id=0x00efaff4 (239<<16|45044) dynamic font=495 color=0xff0000 text="Romancing the Crone" abs=518,9294 154x15 hidden=1 ownhide=0
                      [485] kind=text widget_type=4 trans=0 fill_mode=0 user_id=0x00efaff5 (239<<16|45045) dynamic font=495 color=0xff0000 text="Romper Chomper" abs=518,9309 154x15 hidden=1 ownhide=0
                      [486] kind=text widget_type=4 trans=0 fill_mode=0 user_id=0x00efaff6 (239<<16|45046) dynamic font=495 color=0xff0000 text="Roots and Flutes" abs=518,9324 154x15 hidden=1 ownhide=0
                      [487] kind=text widget_type=4 trans=0 fill_mode=0 user_id=0x00efaff7 (239<<16|45047) dynamic font=495 color=0xff0000 text="Rose" abs=518,9339 154x15 hidden=1 ownhide=0
                      [488] kind=text widget_type=4 trans=0 fill_mode=0 user_id=0x00efaff8 (239<<16|45048) dynamic font=495 color=0xff0000 text="Royale" abs=518,9384 154x15 hidden=1 ownhide=0
                      [489] kind=text widget_type=4 trans=0 fill_mode=0 user_id=0x00efaff9 (239<<16|45049) dynamic font=495 color=0xff0000 text="Rugged Terrain" abs=518,9399 154x15 hidden=1 ownhide=0
                      [490] kind=text widget_type=4 trans=0 fill_mode=0 user_id=0x00efaffa (239<<16|45050) dynamic font=495 color=0xff0000 text="Rune Essence" abs=518,9444 154x15 hidden=1 ownhide=0
                      [491] kind=text widget_type=4 trans=0 fill_mode=0 user_id=0x00efaffb (239<<16|45051) dynamic font=495 color=0xff0000 text="Sad Meadow" abs=518,9459 154x15 hidden=1 ownhide=0
                      [492] kind=text widget_type=4 trans=0 fill_mode=0 user_id=0x00efaffc (239<<16|45052) dynamic font=495 color=0xff0000 text="Saga" abs=518,9489 154x15 hidden=1 ownhide=0
                      [493] kind=text widget_type=4 trans=0 fill_mode=0 user_id=0x00efaffd (239<<16|45053) dynamic font=495 color=0xff0000 text="Sarachnis" abs=518,9534 154x15 hidden=1 ownhide=0
                      [494] kind=text widget_type=4 trans=0 fill_mode=0 user_id=0x00efaffe (239<<16|45054) dynamic font=495 color=0xff0000 text="Sarcophagus" abs=518,9549 154x15 hidden=1 ownhide=0
                      [495] kind=text widget_type=4 trans=0 fill_mode=0 user_id=0x00efafff (239<<16|45055) dynamic font=495 color=0xff0000 text="Sarim's Vermin" abs=518,9564 154x15 hidden=1 ownhide=0
                      [496] kind=text widget_type=4 trans=0 fill_mode=0 user_id=0x00efb000 (239<<16|45056) dynamic font=495 color=0xff0000 text="Scape Cave" abs=518,9594 154x15 hidden=1 ownhide=0
                      [497] kind=text widget_type=4 trans=0 fill_mode=0 user_id=0x00efb001 (239<<16|45057) dynamic font=495 color=0xdc10d text="Scape Crystal" abs=518,9609 154x15 hidden=1 ownhide=0
                      [498] kind=text widget_type=4 trans=0 fill_mode=0 user_id=0x00efb002 (239<<16|45058) dynamic font=495 color=0xdc10d text="Scape Hunter" abs=518,9669 154x15 hidden=1 ownhide=0
                      [499] kind=text widget_type=4 trans=0 fill_mode=0 user_id=0x00efb003 (239<<16|45059) dynamic font=495 color=0xdc10d text="Scape Main" abs=518,9684 154x15 hidden=1 ownhide=0
                      [500] kind=text widget_type=4 trans=0 fill_mode=0 user_id=0x00efb004 (239<<16|45060) dynamic font=495 color=0xdc10d text="Scape Original" abs=518,9699 154x15 hidden=1 ownhide=0
                      [501] kind=text widget_type=4 trans=0 fill_mode=0 user_id=0x00efb005 (239<<16|45061) dynamic font=495 color=0xff0000 text="Scape Sad" abs=518,9714 154x15 hidden=1 ownhide=0
                      [502] kind=text widget_type=4 trans=0 fill_mode=0 user_id=0x00efb006 (239<<16|45062) dynamic font=495 color=0xdc10d text="Scape Santa" abs=518,9744 154x15 hidden=1 ownhide=0
                      [503] kind=text widget_type=4 trans=0 fill_mode=0 user_id=0x00efb007 (239<<16|45063) dynamic font=495 color=0xdc10d text="Scape Scared" abs=518,9759 154x15 hidden=1 ownhide=0
                      [504] kind=text widget_type=4 trans=0 fill_mode=0 user_id=0x00efb008 (239<<16|45064) dynamic font=495 color=0xff0000 text="Scape Soft" abs=518,9774 154x15 hidden=1 ownhide=0
                      [505] kind=text widget_type=4 trans=0 fill_mode=0 user_id=0x00efb009 (239<<16|45065) dynamic font=495 color=0xff0000 text="Scape Wild" abs=518,9789 154x15 hidden=1 ownhide=0
                      [506] kind=text widget_type=4 trans=0 fill_mode=0 user_id=0x00efb00a (239<<16|45066) dynamic font=495 color=0xdc10d text="Scape Five" abs=518,9624 154x15 hidden=1 ownhide=0
                      [507] kind=text widget_type=4 trans=0 fill_mode=0 user_id=0x00efb00b (239<<16|45067) dynamic font=495 color=0xff0000 text="Scarab" abs=518,9819 154x15 hidden=1 ownhide=0
                      [508] kind=text widget_type=4 trans=0 fill_mode=0 user_id=0x00efb00c (239<<16|45068) dynamic font=495 color=0xff0000 text="School's Out" abs=518,9834 154x15 hidden=1 ownhide=0
                      [509] kind=text widget_type=4 trans=0 fill_mode=0 user_id=0x00efb00d (239<<16|45069) dynamic font=495 color=0xff0000 text="Scorpia Dances" abs=518,9864 154x15 hidden=1 ownhide=0
                      [510] kind=text widget_type=4 trans=0 fill_mode=0 user_id=0x00efb00e (239<<16|45070) dynamic font=495 color=0xff0000 text="Scrubfoot's Descent" abs=518,9879 154x15 hidden=1 ownhide=0
                      [511] kind=text widget_type=4 trans=0 fill_mode=0 user_id=0x00efb00f (239<<16|45071) dynamic font=495 color=0xff0000 text="Sea Shanty" abs=518,9909 154x15 hidden=1 ownhide=0
                  [12] kind=layer widget_type=0 trans=0 fill_mode=0 user_id=0x00ef000c (239<<16|12) static
                    [0] kind=graphic widget_type=5 trans=0 fill_mode=0 user_id=0x00efb164 (239<<16|45412) dynamic graphic=792 abs=673,307 16x122 hidden=1 ownhide=0
                    [1] kind=graphic widget_type=5 trans=0 fill_mode=0 user_id=0x00efb165 (239<<16|45413) dynamic graphic=790 abs=673,307 16x10 hidden=1 ownhide=0
                    [2] kind=graphic widget_type=5 trans=0 fill_mode=0 user_id=0x00efb166 (239<<16|45414) dynamic graphic=789 abs=673,307 16x5 hidden=1 ownhide=0
                    [3] kind=graphic widget_type=5 trans=0 fill_mode=0 user_id=0x00efb167 (239<<16|45415) dynamic graphic=791 abs=673,312 16x5 hidden=1 ownhide=0
                    [4] kind=graphic widget_type=5 trans=0 fill_mode=0 user_id=0x00efb168 (239<<16|45416) dynamic graphic=773 abs=673,291 16x16 hidden=1 ownhide=0
                    [5] kind=graphic widget_type=5 trans=0 fill_mode=0 user_id=0x00efb169 (239<<16|45417) dynamic graphic=788 abs=673,429 16x16 hidden=1 ownhide=0
              [13] kind=layer widget_type=0 trans=0 fill_mode=0 user_id=0x00ef000d (239<<16|13) static
                [14] kind=layer widget_type=0 trans=0 fill_mode=0 user_id=0x00ef000e (239<<16|14) static
                  [0] kind=graphic widget_type=5 trans=0 fill_mode=0 user_id=0x00efb174 (239<<16|45428) dynamic graphic=897 abs=514,211 35x24 hidden=1 ownhide=0
                  [1] kind=graphic widget_type=5 trans=0 fill_mode=0 user_id=0x00efb175 (239<<16|45429) dynamic graphic=6812 abs=513,210 5x5 hidden=1 ownhide=0
                  [2] kind=graphic widget_type=5 trans=0 fill_mode=0 user_id=0x00efb176 (239<<16|45430) dynamic graphic=6813 abs=545,210 5x5 hidden=1 ownhide=0
                  [3] kind=graphic widget_type=5 trans=0 fill_mode=0 user_id=0x00efb177 (239<<16|45431) dynamic graphic=6814 abs=513,231 5x5 hidden=1 ownhide=0
                  [4] kind=graphic widget_type=5 trans=0 fill_mode=0 user_id=0x00efb178 (239<<16|45432) dynamic graphic=6815 abs=545,231 5x5 hidden=1 ownhide=0
                  [5] kind=graphic widget_type=5 trans=0 fill_mode=0 user_id=0x00efb179 (239<<16|45433) dynamic graphic=6816 abs=513,215 5x16 hidden=1 ownhide=0
                  [6] kind=graphic widget_type=5 trans=0 fill_mode=0 user_id=0x00efb17a (239<<16|45434) dynamic graphic=6817 abs=518,210 27x5 hidden=1 ownhide=0
                  [7] kind=graphic widget_type=5 trans=0 fill_mode=0 user_id=0x00efb17b (239<<16|45435) dynamic graphic=6818 abs=545,215 5x16 hidden=1 ownhide=0
                  [8] kind=graphic widget_type=5 trans=0 fill_mode=0 user_id=0x00efb17c (239<<16|45436) dynamic graphic=6819 abs=518,231 27x5 hidden=1 ownhide=0
                  [9] kind=graphic widget_type=5 trans=0 fill_mode=0 user_id=0x00efb17d (239<<16|45437) dynamic graphic=7427 abs=520,214 23x18 hidden=1 ownhide=0
                [15] kind=layer widget_type=0 trans=0 fill_mode=0 user_id=0x00ef000f (239<<16|15) static
                  [0] kind=graphic widget_type=5 trans=0 fill_mode=0 user_id=0x00efb17e (239<<16|45438) dynamic graphic=297 abs=557,211 35x24 hidden=1 ownhide=0
                  [1] kind=graphic widget_type=5 trans=0 fill_mode=0 user_id=0x00efb17f (239<<16|45439) dynamic graphic=6796 abs=556,210 5x5 hidden=1 ownhide=0
                  [2] kind=graphic widget_type=5 trans=0 fill_mode=0 user_id=0x00efb180 (239<<16|45440) dynamic graphic=6797 abs=588,210 5x5 hidden=1 ownhide=0
                  [3] kind=graphic widget_type=5 trans=0 fill_mode=0 user_id=0x00efb181 (239<<16|45441) dynamic graphic=6798 abs=556,231 5x5 hidden=1 ownhide=0
                  [4] kind=graphic widget_type=5 trans=0 fill_mode=0 user_id=0x00efb182 (239<<16|45442) dynamic graphic=6799 abs=588,231 5x5 hidden=1 ownhide=0
                  [5] kind=graphic widget_type=5 trans=0 fill_mode=0 user_id=0x00efb183 (239<<16|45443) dynamic graphic=6800 abs=556,215 5x16 hidden=1 ownhide=0
                  [6] kind=graphic widget_type=5 trans=0 fill_mode=0 user_id=0x00efb184 (239<<16|45444) dynamic graphic=6801 abs=561,210 27x5 hidden=1 ownhide=0
                  [7] kind=graphic widget_type=5 trans=0 fill_mode=0 user_id=0x00efb185 (239<<16|45445) dynamic graphic=6802 abs=588,215 5x16 hidden=1 ownhide=0
                  [8] kind=graphic widget_type=5 trans=0 fill_mode=0 user_id=0x00efb186 (239<<16|45446) dynamic graphic=6803 abs=561,231 27x5 hidden=1 ownhide=0
                  [9] kind=graphic widget_type=5 trans=0 fill_mode=0 user_id=0x00efb187 (239<<16|45447) dynamic graphic=7428 abs=563,214 23x18 hidden=1 ownhide=0
                [16] kind=layer widget_type=0 trans=0 fill_mode=0 user_id=0x00ef0010 (239<<16|16) static
                  [0] kind=graphic widget_type=5 trans=0 fill_mode=0 user_id=0x00efb16a (239<<16|45418) dynamic graphic=297 abs=600,211 35x24 hidden=1 ownhide=0
                  [1] kind=graphic widget_type=5 trans=0 fill_mode=0 user_id=0x00efb16b (239<<16|45419) dynamic graphic=6796 abs=599,210 5x5 hidden=1 ownhide=0
                  [2] kind=graphic widget_type=5 trans=0 fill_mode=0 user_id=0x00efb16c (239<<16|45420) dynamic graphic=6797 abs=631,210 5x5 hidden=1 ownhide=0
                  [3] kind=graphic widget_type=5 trans=0 fill_mode=0 user_id=0x00efb16d (239<<16|45421) dynamic graphic=6798 abs=599,231 5x5 hidden=1 ownhide=0
                  [4] kind=graphic widget_type=5 trans=0 fill_mode=0 user_id=0x00efb16e (239<<16|45422) dynamic graphic=6799 abs=631,231 5x5 hidden=1 ownhide=0
                  [5] kind=graphic widget_type=5 trans=0 fill_mode=0 user_id=0x00efb16f (239<<16|45423) dynamic graphic=6800 abs=599,215 5x16 hidden=1 ownhide=0
                  [6] kind=graphic widget_type=5 trans=0 fill_mode=0 user_id=0x00efb170 (239<<16|45424) dynamic graphic=6801 abs=604,210 27x5 hidden=1 ownhide=0
                  [7] kind=graphic widget_type=5 trans=0 fill_mode=0 user_id=0x00efb171 (239<<16|45425) dynamic graphic=6802 abs=631,215 5x16 hidden=1 ownhide=0
                  [8] kind=graphic widget_type=5 trans=0 fill_mode=0 user_id=0x00efb172 (239<<16|45426) dynamic graphic=6803 abs=604,231 27x5 hidden=1 ownhide=0
                  [9] kind=graphic widget_type=5 trans=0 fill_mode=0 user_id=0x00efb173 (239<<16|45427) dynamic graphic=7429 abs=606,214 23x18 hidden=1 ownhide=0
                [17] kind=layer widget_type=0 trans=0 fill_mode=0 user_id=0x00ef0011 (239<<16|17) static
                  [0] kind=graphic widget_type=5 trans=0 fill_mode=0 user_id=0x00efb188 (239<<16|45448) dynamic graphic=897 abs=655,211 35x24 hidden=1 ownhide=0
                  [1] kind=graphic widget_type=5 trans=0 fill_mode=0 user_id=0x00efb189 (239<<16|45449) dynamic graphic=6812 abs=654,210 5x5 hidden=1 ownhide=0
                  [2] kind=graphic widget_type=5 trans=0 fill_mode=0 user_id=0x00efb18a (239<<16|45450) dynamic graphic=6813 abs=686,210 5x5 hidden=1 ownhide=0
                  [3] kind=graphic widget_type=5 trans=0 fill_mode=0 user_id=0x00efb18b (239<<16|45451) dynamic graphic=6814 abs=654,231 5x5 hidden=1 ownhide=0
                  [4] kind=graphic widget_type=5 trans=0 fill_mode=0 user_id=0x00efb18c (239<<16|45452) dynamic graphic=6815 abs=686,231 5x5 hidden=1 ownhide=0
                  [5] kind=graphic widget_type=5 trans=0 fill_mode=0 user_id=0x00efb18d (239<<16|45453) dynamic graphic=6816 abs=654,215 5x16 hidden=1 ownhide=0
                  [6] kind=graphic widget_type=5 trans=0 fill_mode=0 user_id=0x00efb18e (239<<16|45454) dynamic graphic=6817 abs=659,210 27x5 hidden=1 ownhide=0
                  [7] kind=graphic widget_type=5 trans=0 fill_mode=0 user_id=0x00efb18f (239<<16|45455) dynamic graphic=6818 abs=686,215 5x16 hidden=1 ownhide=0
                  [8] kind=graphic widget_type=5 trans=0 fill_mode=0 user_id=0x00efb190 (239<<16|45456) dynamic graphic=6819 abs=659,231 27x5 hidden=1 ownhide=0
                  [9] kind=graphic widget_type=5 trans=0 fill_mode=0 user_id=0x00efb191 (239<<16|45457) dynamic graphic=7430 abs=661,214 23x18 hidden=1 ownhide=0
                [18] kind=layer widget_type=0 trans=0 fill_mode=0 user_id=0x00ef0012 (239<<16|18) static
                  [0] kind=graphic widget_type=5 trans=0 fill_mode=0 user_id=0x00efb192 (239<<16|45458) dynamic graphic=297 abs=571,242 120x20 hidden=1 ownhide=0
                  [1] kind=rectangle widget_type=3 trans=0 fill_mode=0 user_id=0x00efb193 (239<<16|45459) dynamic abs=571,242 120x20 hidden=1 ownhide=0
                  [2] kind=rectangle widget_type=3 trans=0 fill_mode=0 user_id=0x00efb194 (239<<16|45460) dynamic abs=572,243 118x18 hidden=1 ownhide=0
                  [3] kind=graphic widget_type=5 trans=0 fill_mode=0 user_id=0x00efb195 (239<<16|45461) dynamic graphic=788 abs=673,244 16x16 hidden=1 ownhide=0
                  [4] kind=text widget_type=4 trans=0 fill_mode=0 user_id=0x00efb196 (239<<16|45462) dynamic font=494 color=0xff981f text="All music" abs=573,244 100x16 hidden=1 ownhide=0
              [19] kind=layer widget_type=0 trans=0 fill_mode=0 user_id=0x00ef0013 (239<<16|19) static
                [20] kind=layer widget_type=0 trans=0 fill_mode=0 user_id=0x00ef0014 (239<<16|20) static
                  [21] kind=layer widget_type=0 trans=0 fill_mode=0 user_id=0x00ef0015 (239<<16|21) static
                  [22] kind=layer widget_type=0 trans=0 fill_mode=0 user_id=0x00ef0016 (239<<16|22) static
      [90] kind=layer widget_type=0 trans=0 fill_mode=0 user_id=0x00a1005a (161<<16|90) static
[35] kind=layer widget_type=0 trans=0 fill_mode=0 user_id=0x00a10023 (161<<16|35) static
  [0] kind=layer widget_type=0 trans=0 fill_mode=0 user_id=0x02d80000 (728<<16|0) static
    [1] kind=layer widget_type=0 trans=0 fill_mode=0 user_id=0x02d80001 (728<<16|1) static
      [2] kind=layer widget_type=0 trans=0 fill_mode=0 user_id=0x02d80002 (728<<16|2) static
        [3] kind=layer widget_type=0 trans=0 fill_mode=0 user_id=0x02d80003 (728<<16|3) static
      [4] kind=layer widget_type=0 trans=0 fill_mode=0 user_id=0x02d80004 (728<<16|4) static
        [5] kind=layer widget_type=0 trans=0 fill_mode=0 user_id=0x02d80005 (728<<16|5) static
          [12] kind=graphic widget_type=5 trans=0 fill_mode=0 user_id=0x02d8000c (728<<16|12) static graphic=297 abs=724,1 40x501 hidden=0 ownhide=0
          [13] kind=graphic widget_type=5 trans=0 fill_mode=0 user_id=0x02d8000d (728<<16|13) static graphic=841 abs=745,32 32x439 hidden=0 ownhide=0
          [14] kind=graphic widget_type=5 trans=0 fill_mode=0 user_id=0x02d8000e (728<<16|14) static graphic=849 abs=733,471 32x32 hidden=0 ownhide=0
          [15] kind=graphic widget_type=5 trans=0 fill_mode=0 user_id=0x02d8000f (728<<16|15) static graphic=847 abs=733,0 32x32 hidden=0 ownhide=0
          [16] kind=graphic widget_type=5 trans=0 fill_mode=0 user_id=0x02d80010 (728<<16|16) static graphic=820 abs=755,-14 -22x32 hidden=0 ownhide=0
          [17] kind=graphic widget_type=5 trans=0 fill_mode=0 user_id=0x02d80011 (728<<16|17) static graphic=828 abs=755,483 -22x32 hidden=0 ownhide=0
          [18] kind=graphic widget_type=5 trans=0 fill_mode=0 user_id=0x02d80012 (728<<16|18) static graphic=841 abs=709,10 32x482 hidden=0 ownhide=0
          [19] kind=graphic widget_type=5 trans=0 fill_mode=0 user_id=0x02d80013 (728<<16|19) static graphic=840 abs=709,-1 32x32 hidden=0 ownhide=0
          [20] kind=graphic widget_type=5 trans=0 fill_mode=0 user_id=0x02d80014 (728<<16|20) static graphic=843 abs=710,471 32x32 hidden=0 ownhide=0
          [21] kind=graphic widget_type=5 trans=0 fill_mode=0 user_id=0x02d80015 (728<<16|21) static graphic=821 abs=709,32 32x439 hidden=0 ownhide=0
          [22] kind=graphic widget_type=5 trans=0 fill_mode=0 user_id=0x02d80016 (728<<16|22) static graphic=846 abs=723,0 32x32 hidden=0 ownhide=0
          [23] kind=graphic widget_type=5 trans=0 fill_mode=0 user_id=0x02d80017 (728<<16|23) static graphic=848 abs=723,471 32x32 hidden=0 ownhide=0
        [6] kind=layer widget_type=0 trans=0 fill_mode=0 user_id=0x02d80006 (728<<16|6) static
          [0] kind=graphic widget_type=5 trans=0 fill_mode=0 user_id=0x02d8b5a1 (728<<16|46497) dynamic graphic=3579 abs=729,6 30x30 hidden=0 ownhide=0
          [1] kind=graphic widget_type=5 trans=0 fill_mode=0 user_id=0x02d8b5a2 (728<<16|46498) dynamic graphic=4900 abs=729,42 30x30 hidden=0 ownhide=0
          [2] kind=graphic widget_type=5 trans=0 fill_mode=0 user_id=0x02d8b5a3 (728<<16|46499) dynamic graphic=4829 abs=729,78 30x30 hidden=0 ownhide=0
      [7] kind=layer widget_type=0 trans=0 fill_mode=0 user_id=0x02d80007 (728<<16|7) static
        [10] kind=layer widget_type=0 trans=0 fill_mode=0 user_id=0x02d8000a (728<<16|10) static
          [27] kind=graphic widget_type=5 trans=0 fill_mode=0 user_id=0x02d8001b (728<<16|27) static graphic=5814 abs=723,0 3x3 hidden=1 ownhide=0
          [28] kind=graphic widget_type=5 trans=0 fill_mode=0 user_id=0x02d8001c (728<<16|28) static graphic=5816 abs=778,0 3x3 hidden=1 ownhide=0
          [29] kind=graphic widget_type=5 trans=0 fill_mode=0 user_id=0x02d8001d (728<<16|29) static graphic=5815 abs=726,0 52x3 hidden=1 ownhide=0
          [30] kind=graphic widget_type=5 trans=0 fill_mode=0 user_id=0x02d8001e (728<<16|30) static graphic=5817 abs=723,3 3x497 hidden=1 ownhide=0
          [31] kind=graphic widget_type=5 trans=0 fill_mode=0 user_id=0x02d8001f (728<<16|31) static graphic=5818 abs=726,3 52x497 hidden=1 ownhide=0
          [32] kind=graphic widget_type=5 trans=0 fill_mode=0 user_id=0x02d80020 (728<<16|32) static graphic=5819 abs=778,3 3x497 hidden=1 ownhide=0
          [33] kind=graphic widget_type=5 trans=0 fill_mode=0 user_id=0x02d80021 (728<<16|33) static graphic=5820 abs=723,500 3x3 hidden=1 ownhide=0
          [34] kind=graphic widget_type=5 trans=0 fill_mode=0 user_id=0x02d80022 (728<<16|34) static graphic=5822 abs=778,500 3x3 hidden=1 ownhide=0
          [35] kind=graphic widget_type=5 trans=0 fill_mode=0 user_id=0x02d80023 (728<<16|35) static graphic=5821 abs=726,500 52x3 hidden=1 ownhide=0
          [36] kind=layer widget_type=0 trans=0 fill_mode=0 user_id=0x02d80024 (728<<16|36) static
            [24] kind=graphic widget_type=5 trans=0 fill_mode=0 user_id=0x02d80018 (728<<16|24) static graphic=5776 abs=726,460 52x40 hidden=1 ownhide=0
            [25] kind=graphic widget_type=5 trans=0 fill_mode=0 user_id=0x02d80019 (728<<16|25) static graphic=4797 abs=735,462 33x36 hidden=1 ownhide=0
            [26] kind=graphic widget_type=5 trans=0 fill_mode=0 user_id=0x02d8001a (728<<16|26) static graphic=1579 abs=726,465 30x30 hidden=1 ownhide=1
          [37] kind=layer widget_type=0 trans=0 fill_mode=0 user_id=0x02d80025 (728<<16|37) static
        [11] kind=layer widget_type=0 trans=0 fill_mode=0 user_id=0x02d8000b (728<<16|11) static
          [38] kind=graphic widget_type=5 trans=0 fill_mode=0 user_id=0x02d80026 (728<<16|38) static graphic=297 abs=782,1 -18x501 hidden=1 ownhide=0
          [39] kind=graphic widget_type=5 trans=0 fill_mode=0 user_id=0x02d80027 (728<<16|39) static graphic=841 abs=745,32 32x439 hidden=1 ownhide=0
          [40] kind=graphic widget_type=5 trans=0 fill_mode=0 user_id=0x02d80028 (728<<16|40) static graphic=849 abs=733,471 32x32 hidden=1 ownhide=0
          [41] kind=graphic widget_type=5 trans=0 fill_mode=0 user_id=0x02d80029 (728<<16|41) static graphic=847 abs=733,0 32x32 hidden=1 ownhide=0
          [42] kind=graphic widget_type=5 trans=0 fill_mode=0 user_id=0x02d8002a (728<<16|42) static graphic=820 abs=813,-14 -80x32 hidden=1 ownhide=0
          [43] kind=graphic widget_type=5 trans=0 fill_mode=0 user_id=0x02d8002b (728<<16|43) static graphic=828 abs=813,483 -80x32 hidden=1 ownhide=0
          [44] kind=graphic widget_type=5 trans=0 fill_mode=0 user_id=0x02d8002c (728<<16|44) static graphic=821 abs=767,32 32x439 hidden=1 ownhide=0
          [45] kind=graphic widget_type=5 trans=0 fill_mode=0 user_id=0x02d8002d (728<<16|45) static graphic=846 abs=781,0 32x32 hidden=1 ownhide=0
          [46] kind=graphic widget_type=5 trans=0 fill_mode=0 user_id=0x02d8002e (728<<16|46) static graphic=848 abs=781,471 32x32 hidden=1 ownhide=0
      [8] kind=layer widget_type=0 trans=0 fill_mode=0 user_id=0x02d80008 (728<<16|8) static
      [9] kind=layer widget_type=0 trans=0 fill_mode=0 user_id=0x02d80009 (728<<16|9) static
[36] kind=layer widget_type=0 trans=0 fill_mode=0 user_id=0x00a10024 (161<<16|36) static
  [0] kind=rectangle widget_type=3 trans=255 fill_mode=0 user_id=0x00a1b59c (161<<16|46492) dynamic abs=0,0 1x1 hidden=0 ownhide=0
  [1] kind=rectangle widget_type=3 trans=255 fill_mode=0 user_id=0x00a1b59d (161<<16|46493) dynamic abs=0,0 1x1 hidden=0 ownhide=0
  [2] kind=rectangle widget_type=3 trans=255 fill_mode=0 user_id=0x00a1b59e (161<<16|46494) dynamic abs=0,0 1x1 hidden=0 ownhide=0
  [3] kind=rectangle widget_type=3 trans=255 fill_mode=0 user_id=0x00a1b59f (161<<16|46495) dynamic abs=0,0 1x1 hidden=0 ownhide=0
  [4] kind=rectangle widget_type=3 trans=255 fill_mode=0 user_id=0x00a1b5a0 (161<<16|46496) dynamic abs=0,0 1x1 hidden=0 ownhide=0
  [0] kind=layer widget_type=0 trans=0 fill_mode=0 user_id=0x03800000 (896<<16|0) static
    [1] kind=layer widget_type=0 trans=0 fill_mode=0 user_id=0x03800001 (896<<16|1) static
      [0] kind=graphic widget_type=5 trans=0 fill_mode=0 user_id=0x0380b5a4 (896<<16|46500) dynamic graphic=-1 abs=0,0 511x1 hidden=1 ownhide=1
      [1] kind=graphic widget_type=5 trans=0 fill_mode=0 user_id=0x0380b5a5 (896<<16|46501) dynamic graphic=-1 abs=0,0 511x1 hidden=1 ownhide=1
      [2] kind=graphic widget_type=5 trans=0 fill_mode=0 user_id=0x0380b5a6 (896<<16|46502) dynamic graphic=-1 abs=0,0 511x1 hidden=1 ownhide=1
      [3] kind=graphic widget_type=5 trans=0 fill_mode=0 user_id=0x0380b5a7 (896<<16|46503) dynamic graphic=-1 abs=0,0 511x1 hidden=1 ownhide=1
      [4] kind=graphic widget_type=5 trans=0 fill_mode=0 user_id=0x0380b5a8 (896<<16|46504) dynamic graphic=-1 abs=0,0 511x1 hidden=1 ownhide=1
      [5] kind=graphic widget_type=5 trans=0 fill_mode=0 user_id=0x0380b5a9 (896<<16|46505) dynamic graphic=-1 abs=0,0 511x1 hidden=1 ownhide=1
      [6] kind=graphic widget_type=5 trans=0 fill_mode=0 user_id=0x0380b5aa (896<<16|46506) dynamic graphic=-1 abs=0,0 511x1 hidden=1 ownhide=1
      [7] kind=graphic widget_type=5 trans=0 fill_mode=0 user_id=0x0380b5ab (896<<16|46507) dynamic graphic=-1 abs=0,0 511x1 hidden=1 ownhide=1
      [8] kind=graphic widget_type=5 trans=0 fill_mode=0 user_id=0x0380b5ac (896<<16|46508) dynamic graphic=-1 abs=0,0 511x1 hidden=1 ownhide=1
      [9] kind=graphic widget_type=5 trans=0 fill_mode=0 user_id=0x0380b5ad (896<<16|46509) dynamic graphic=-1 abs=0,0 511x1 hidden=1 ownhide=1
      [10] kind=graphic widget_type=5 trans=0 fill_mode=0 user_id=0x0380b5ae (896<<16|46510) dynamic graphic=-1 abs=0,0 511x1 hidden=1 ownhide=1
      [11] kind=graphic widget_type=5 trans=0 fill_mode=0 user_id=0x0380b5af (896<<16|46511) dynamic graphic=-1 abs=0,0 511x1 hidden=1 ownhide=1
      [12] kind=graphic widget_type=5 trans=0 fill_mode=0 user_id=0x0380b5b0 (896<<16|46512) dynamic graphic=-1 abs=0,0 511x1 hidden=1 ownhide=1
      [13] kind=graphic widget_type=5 trans=0 fill_mode=0 user_id=0x0380b5b1 (896<<16|46513) dynamic graphic=-1 abs=0,0 511x1 hidden=1 ownhide=1
      [14] kind=graphic widget_type=5 trans=0 fill_mode=0 user_id=0x0380b5b2 (896<<16|46514) dynamic graphic=-1 abs=0,0 511x1 hidden=1 ownhide=1
      [15] kind=graphic widget_type=5 trans=0 fill_mode=0 user_id=0x0380b5b3 (896<<16|46515) dynamic graphic=-1 abs=0,0 511x1 hidden=1 ownhide=1
      [16] kind=graphic widget_type=5 trans=0 fill_mode=0 user_id=0x0380b5b4 (896<<16|46516) dynamic graphic=-1 abs=0,0 511x1 hidden=1 ownhide=1
      [17] kind=graphic widget_type=5 trans=0 fill_mode=0 user_id=0x0380b5b5 (896<<16|46517) dynamic graphic=-1 abs=0,0 511x1 hidden=1 ownhide=1
      [18] kind=graphic widget_type=5 trans=0 fill_mode=0 user_id=0x0380b5b6 (896<<16|46518) dynamic graphic=-1 abs=0,0 511x1 hidden=1 ownhide=1
      [19] kind=graphic widget_type=5 trans=0 fill_mode=0 user_id=0x0380b5b7 (896<<16|46519) dynamic graphic=-1 abs=0,0 511x1 hidden=1 ownhide=1
      [20] kind=graphic widget_type=5 trans=0 fill_mode=0 user_id=0x0380b5b8 (896<<16|46520) dynamic graphic=-1 abs=0,0 511x1 hidden=1 ownhide=1
      [21] kind=graphic widget_type=5 trans=0 fill_mode=0 user_id=0x0380b5b9 (896<<16|46521) dynamic graphic=-1 abs=0,0 511x1 hidden=1 ownhide=1
      [22] kind=graphic widget_type=5 trans=0 fill_mode=0 user_id=0x0380b5ba (896<<16|46522) dynamic graphic=-1 abs=0,0 511x1 hidden=1 ownhide=1
      [23] kind=graphic widget_type=5 trans=0 fill_mode=0 user_id=0x0380b5bb (896<<16|46523) dynamic graphic=-1 abs=0,0 511x1 hidden=1 ownhide=1
      [24] kind=graphic widget_type=5 trans=0 fill_mode=0 user_id=0x0380b5bc (896<<16|46524) dynamic graphic=-1 abs=0,0 511x1 hidden=1 ownhide=1
      [25] kind=graphic widget_type=5 trans=0 fill_mode=0 user_id=0x0380b5bd (896<<16|46525) dynamic graphic=-1 abs=0,0 511x1 hidden=1 ownhide=1
      [26] kind=graphic widget_type=5 trans=0 fill_mode=0 user_id=0x0380b5be (896<<16|46526) dynamic graphic=-1 abs=0,0 511x1 hidden=1 ownhide=1
      [27] kind=graphic widget_type=5 trans=0 fill_mode=0 user_id=0x0380b5bf (896<<16|46527) dynamic graphic=-1 abs=0,0 511x1 hidden=1 ownhide=1
      [28] kind=graphic widget_type=5 trans=0 fill_mode=0 user_id=0x0380b5c0 (896<<16|46528) dynamic graphic=-1 abs=0,0 511x1 hidden=1 ownhide=1
      [29] kind=graphic widget_type=5 trans=0 fill_mode=0 user_id=0x0380b5c1 (896<<16|46529) dynamic graphic=-1 abs=0,0 511x1 hidden=1 ownhide=1
      [30] kind=graphic widget_type=5 trans=0 fill_mode=0 user_id=0x0380b5c2 (896<<16|46530) dynamic graphic=-1 abs=0,0 511x1 hidden=1 ownhide=1
      [31] kind=graphic widget_type=5 trans=0 fill_mode=0 user_id=0x0380b5c3 (896<<16|46531) dynamic graphic=-1 abs=0,0 511x1 hidden=1 ownhide=1
      [32] kind=graphic widget_type=5 trans=0 fill_mode=0 user_id=0x0380b5c4 (896<<16|46532) dynamic graphic=-1 abs=0,0 511x1 hidden=1 ownhide=1
      [33] kind=graphic widget_type=5 trans=0 fill_mode=0 user_id=0x0380b5c5 (896<<16|46533) dynamic graphic=-1 abs=0,0 511x1 hidden=1 ownhide=1
      [34] kind=graphic widget_type=5 trans=0 fill_mode=0 user_id=0x0380b5c6 (896<<16|46534) dynamic graphic=-1 abs=0,0 511x1 hidden=1 ownhide=1
      [35] kind=graphic widget_type=5 trans=0 fill_mode=0 user_id=0x0380b5c7 (896<<16|46535) dynamic graphic=-1 abs=0,0 511x1 hidden=1 ownhide=1
      [36] kind=graphic widget_type=5 trans=0 fill_mode=0 user_id=0x0380b5c8 (896<<16|46536) dynamic graphic=-1 abs=0,0 511x1 hidden=1 ownhide=1
      [37] kind=graphic widget_type=5 trans=0 fill_mode=0 user_id=0x0380b5c9 (896<<16|46537) dynamic graphic=-1 abs=0,0 511x1 hidden=1 ownhide=1
      [38] kind=graphic widget_type=5 trans=0 fill_mode=0 user_id=0x0380b5ca (896<<16|46538) dynamic graphic=-1 abs=0,0 511x1 hidden=1 ownhide=1
      [39] kind=graphic widget_type=5 trans=0 fill_mode=0 user_id=0x0380b5cb (896<<16|46539) dynamic graphic=-1 abs=0,0 511x1 hidden=1 ownhide=1
      [40] kind=graphic widget_type=5 trans=0 fill_mode=0 user_id=0x0380b5cc (896<<16|46540) dynamic graphic=-1 abs=0,0 511x1 hidden=1 ownhide=1
      [41] kind=graphic widget_type=5 trans=0 fill_mode=0 user_id=0x0380b5cd (896<<16|46541) dynamic graphic=-1 abs=0,0 511x1 hidden=1 ownhide=1
      [42] kind=graphic widget_type=5 trans=0 fill_mode=0 user_id=0x0380b5ce (896<<16|46542) dynamic graphic=-1 abs=0,0 511x1 hidden=1 ownhide=1
      [43] kind=graphic widget_type=5 trans=0 fill_mode=0 user_id=0x0380b5cf (896<<16|46543) dynamic graphic=-1 abs=0,0 511x1 hidden=1 ownhide=1
      [44] kind=graphic widget_type=5 trans=0 fill_mode=0 user_id=0x0380b5d0 (896<<16|46544) dynamic graphic=-1 abs=0,0 511x1 hidden=1 ownhide=1
      [45] kind=graphic widget_type=5 trans=0 fill_mode=0 user_id=0x0380b5d1 (896<<16|46545) dynamic graphic=-1 abs=0,0 511x1 hidden=1 ownhide=1
      [46] kind=graphic widget_type=5 trans=0 fill_mode=0 user_id=0x0380b5d2 (896<<16|46546) dynamic graphic=-1 abs=0,0 511x1 hidden=1 ownhide=1
      [47] kind=graphic widget_type=5 trans=0 fill_mode=0 user_id=0x0380b5d3 (896<<16|46547) dynamic graphic=-1 abs=0,0 511x1 hidden=1 ownhide=1
      [48] kind=graphic widget_type=5 trans=0 fill_mode=0 user_id=0x0380b5d4 (896<<16|46548) dynamic graphic=-1 abs=0,0 511x1 hidden=1 ownhide=1
      [49] kind=graphic widget_type=5 trans=0 fill_mode=0 user_id=0x0380b5d5 (896<<16|46549) dynamic graphic=-1 abs=0,0 511x1 hidden=1 ownhide=1
      [50] kind=graphic widget_type=5 trans=0 fill_mode=0 user_id=0x0380b5d6 (896<<16|46550) dynamic graphic=-1 abs=0,0 511x1 hidden=1 ownhide=1
      [51] kind=graphic widget_type=5 trans=0 fill_mode=0 user_id=0x0380b5d7 (896<<16|46551) dynamic graphic=-1 abs=0,0 511x1 hidden=1 ownhide=1
      [52] kind=graphic widget_type=5 trans=0 fill_mode=0 user_id=0x0380b5d8 (896<<16|46552) dynamic graphic=-1 abs=0,0 511x1 hidden=1 ownhide=1
      [53] kind=graphic widget_type=5 trans=0 fill_mode=0 user_id=0x0380b5d9 (896<<16|46553) dynamic graphic=-1 abs=0,0 511x1 hidden=1 ownhide=1
      [54] kind=graphic widget_type=5 trans=0 fill_mode=0 user_id=0x0380b5da (896<<16|46554) dynamic graphic=-1 abs=0,0 511x1 hidden=1 ownhide=1
      [55] kind=graphic widget_type=5 trans=0 fill_mode=0 user_id=0x0380b5db (896<<16|46555) dynamic graphic=-1 abs=0,0 511x1 hidden=1 ownhide=1
      [56] kind=graphic widget_type=5 trans=0 fill_mode=0 user_id=0x0380b5dc (896<<16|46556) dynamic graphic=-1 abs=0,0 511x1 hidden=1 ownhide=1
      [57] kind=graphic widget_type=5 trans=0 fill_mode=0 user_id=0x0380b5dd (896<<16|46557) dynamic graphic=-1 abs=0,0 511x1 hidden=1 ownhide=1
      [58] kind=graphic widget_type=5 trans=0 fill_mode=0 user_id=0x0380b5de (896<<16|46558) dynamic graphic=-1 abs=0,0 511x1 hidden=1 ownhide=1
      [59] kind=graphic widget_type=5 trans=0 fill_mode=0 user_id=0x0380b5df (896<<16|46559) dynamic graphic=-1 abs=0,0 511x1 hidden=1 ownhide=1
      [60] kind=graphic widget_type=5 trans=0 fill_mode=0 user_id=0x0380b5e0 (896<<16|46560) dynamic graphic=-1 abs=0,0 511x1 hidden=1 ownhide=1
      [61] kind=graphic widget_type=5 trans=0 fill_mode=0 user_id=0x0380b5e1 (896<<16|46561) dynamic graphic=-1 abs=0,0 511x1 hidden=1 ownhide=1
      [62] kind=graphic widget_type=5 trans=0 fill_mode=0 user_id=0x0380b5e2 (896<<16|46562) dynamic graphic=-1 abs=0,0 511x1 hidden=1 ownhide=1
      [63] kind=graphic widget_type=5 trans=0 fill_mode=0 user_id=0x0380b5e3 (896<<16|46563) dynamic graphic=-1 abs=0,0 511x1 hidden=1 ownhide=1
      [64] kind=graphic widget_type=5 trans=0 fill_mode=0 user_id=0x0380b5e4 (896<<16|46564) dynamic graphic=-1 abs=0,0 511x1 hidden=1 ownhide=1
      [65] kind=graphic widget_type=5 trans=0 fill_mode=0 user_id=0x0380b5e5 (896<<16|46565) dynamic graphic=-1 abs=0,0 511x1 hidden=1 ownhide=1
      [66] kind=graphic widget_type=5 trans=0 fill_mode=0 user_id=0x0380b5e6 (896<<16|46566) dynamic graphic=-1 abs=0,0 511x1 hidden=1 ownhide=1
      [67] kind=graphic widget_type=5 trans=0 fill_mode=0 user_id=0x0380b5e7 (896<<16|46567) dynamic graphic=-1 abs=0,0 511x1 hidden=1 ownhide=1
      [68] kind=graphic widget_type=5 trans=0 fill_mode=0 user_id=0x0380b5e8 (896<<16|46568) dynamic graphic=-1 abs=0,0 511x1 hidden=1 ownhide=1
      [69] kind=graphic widget_type=5 trans=0 fill_mode=0 user_id=0x0380b5e9 (896<<16|46569) dynamic graphic=-1 abs=0,0 511x1 hidden=1 ownhide=1
      [70] kind=graphic widget_type=5 trans=0 fill_mode=0 user_id=0x0380b5ea (896<<16|46570) dynamic graphic=-1 abs=0,0 511x1 hidden=1 ownhide=1
      [71] kind=graphic widget_type=5 trans=0 fill_mode=0 user_id=0x0380b5eb (896<<16|46571) dynamic graphic=-1 abs=0,0 511x1 hidden=1 ownhide=1
      [72] kind=graphic widget_type=5 trans=0 fill_mode=0 user_id=0x0380b5ec (896<<16|46572) dynamic graphic=-1 abs=0,0 511x1 hidden=1 ownhide=1
      [73] kind=graphic widget_type=5 trans=0 fill_mode=0 user_id=0x0380b5ed (896<<16|46573) dynamic graphic=-1 abs=0,0 511x1 hidden=1 ownhide=1
      [74] kind=graphic widget_type=5 trans=0 fill_mode=0 user_id=0x0380b5ee (896<<16|46574) dynamic graphic=-1 abs=0,0 511x1 hidden=1 ownhide=1
      [75] kind=graphic widget_type=5 trans=0 fill_mode=0 user_id=0x0380b5ef (896<<16|46575) dynamic graphic=-1 abs=0,0 511x1 hidden=1 ownhide=1
      [76] kind=graphic widget_type=5 trans=0 fill_mode=0 user_id=0x0380b5f0 (896<<16|46576) dynamic graphic=-1 abs=0,0 511x1 hidden=1 ownhide=1
      [77] kind=graphic widget_type=5 trans=0 fill_mode=0 user_id=0x0380b5f1 (896<<16|46577) dynamic graphic=-1 abs=0,0 511x1 hidden=1 ownhide=1
      [78] kind=graphic widget_type=5 trans=0 fill_mode=0 user_id=0x0380b5f2 (896<<16|46578) dynamic graphic=-1 abs=0,0 511x1 hidden=1 ownhide=1
      [79] kind=graphic widget_type=5 trans=0 fill_mode=0 user_id=0x0380b5f3 (896<<16|46579) dynamic graphic=-1 abs=0,0 511x1 hidden=1 ownhide=1
      [80] kind=graphic widget_type=5 trans=0 fill_mode=0 user_id=0x0380b5f4 (896<<16|46580) dynamic graphic=-1 abs=0,0 511x1 hidden=1 ownhide=1
      [81] kind=graphic widget_type=5 trans=0 fill_mode=0 user_id=0x0380b5f5 (896<<16|46581) dynamic graphic=-1 abs=0,0 511x1 hidden=1 ownhide=1
      [82] kind=graphic widget_type=5 trans=0 fill_mode=0 user_id=0x0380b5f6 (896<<16|46582) dynamic graphic=-1 abs=0,0 511x1 hidden=1 ownhide=1
      [83] kind=graphic widget_type=5 trans=0 fill_mode=0 user_id=0x0380b5f7 (896<<16|46583) dynamic graphic=-1 abs=0,0 511x1 hidden=1 ownhide=1
      [84] kind=graphic widget_type=5 trans=0 fill_mode=0 user_id=0x0380b5f8 (896<<16|46584) dynamic graphic=-1 abs=0,0 511x1 hidden=1 ownhide=1
      [85] kind=graphic widget_type=5 trans=0 fill_mode=0 user_id=0x0380b5f9 (896<<16|46585) dynamic graphic=-1 abs=0,0 511x1 hidden=1 ownhide=1
      [86] kind=graphic widget_type=5 trans=0 fill_mode=0 user_id=0x0380b5fa (896<<16|46586) dynamic graphic=-1 abs=0,0 511x1 hidden=1 ownhide=1
      [87] kind=graphic widget_type=5 trans=0 fill_mode=0 user_id=0x0380b5fb (896<<16|46587) dynamic graphic=-1 abs=0,0 511x1 hidden=1 ownhide=1
      [88] kind=graphic widget_type=5 trans=0 fill_mode=0 user_id=0x0380b5fc (896<<16|46588) dynamic graphic=-1 abs=0,0 511x1 hidden=1 ownhide=1
      [89] kind=graphic widget_type=5 trans=0 fill_mode=0 user_id=0x0380b5fd (896<<16|46589) dynamic graphic=-1 abs=0,0 511x1 hidden=1 ownhide=1
      [90] kind=graphic widget_type=5 trans=0 fill_mode=0 user_id=0x0380b5fe (896<<16|46590) dynamic graphic=-1 abs=0,0 511x1 hidden=1 ownhide=1
      [91] kind=graphic widget_type=5 trans=0 fill_mode=0 user_id=0x0380b5ff (896<<16|46591) dynamic graphic=-1 abs=0,0 511x1 hidden=1 ownhide=1
      [92] kind=graphic widget_type=5 trans=0 fill_mode=0 user_id=0x0380b600 (896<<16|46592) dynamic graphic=-1 abs=0,0 511x1 hidden=1 ownhide=1
      [93] kind=graphic widget_type=5 trans=0 fill_mode=0 user_id=0x0380b601 (896<<16|46593) dynamic graphic=-1 abs=0,0 511x1 hidden=1 ownhide=1
      [94] kind=graphic widget_type=5 trans=0 fill_mode=0 user_id=0x0380b602 (896<<16|46594) dynamic graphic=-1 abs=0,0 511x1 hidden=1 ownhide=1
      [95] kind=graphic widget_type=5 trans=0 fill_mode=0 user_id=0x0380b603 (896<<16|46595) dynamic graphic=-1 abs=0,0 511x1 hidden=1 ownhide=1
      [96] kind=graphic widget_type=5 trans=0 fill_mode=0 user_id=0x0380b604 (896<<16|46596) dynamic graphic=-1 abs=0,0 511x1 hidden=1 ownhide=1
      [97] kind=graphic widget_type=5 trans=0 fill_mode=0 user_id=0x0380b605 (896<<16|46597) dynamic graphic=-1 abs=0,0 511x1 hidden=1 ownhide=1
      [98] kind=graphic widget_type=5 trans=0 fill_mode=0 user_id=0x0380b606 (896<<16|46598) dynamic graphic=-1 abs=0,0 511x1 hidden=1 ownhide=1
      [99] kind=graphic widget_type=5 trans=0 fill_mode=0 user_id=0x0380b607 (896<<16|46599) dynamic graphic=-1 abs=0,0 511x1 hidden=1 ownhide=1
      [100] kind=graphic widget_type=5 trans=0 fill_mode=0 user_id=0x0380b608 (896<<16|46600) dynamic graphic=-1 abs=0,0 511x1 hidden=1 ownhide=1
      [101] kind=graphic widget_type=5 trans=0 fill_mode=0 user_id=0x0380b609 (896<<16|46601) dynamic graphic=-1 abs=0,0 511x1 hidden=1 ownhide=1
      [102] kind=graphic widget_type=5 trans=0 fill_mode=0 user_id=0x0380b60a (896<<16|46602) dynamic graphic=-1 abs=0,0 511x1 hidden=1 ownhide=1
      [103] kind=graphic widget_type=5 trans=0 fill_mode=0 user_id=0x0380b60b (896<<16|46603) dynamic graphic=-1 abs=0,0 511x1 hidden=1 ownhide=1
      [104] kind=graphic widget_type=5 trans=0 fill_mode=0 user_id=0x0380b60c (896<<16|46604) dynamic graphic=-1 abs=0,0 511x1 hidden=1 ownhide=1
      [105] kind=graphic widget_type=5 trans=0 fill_mode=0 user_id=0x0380b60d (896<<16|46605) dynamic graphic=-1 abs=0,0 511x1 hidden=1 ownhide=1
      [106] kind=graphic widget_type=5 trans=0 fill_mode=0 user_id=0x0380b60e (896<<16|46606) dynamic graphic=-1 abs=0,0 511x1 hidden=1 ownhide=1
      [107] kind=graphic widget_type=5 trans=0 fill_mode=0 user_id=0x0380b60f (896<<16|46607) dynamic graphic=-1 abs=0,0 511x1 hidden=1 ownhide=1
      [108] kind=graphic widget_type=5 trans=0 fill_mode=0 user_id=0x0380b610 (896<<16|46608) dynamic graphic=-1 abs=0,0 511x1 hidden=1 ownhide=1
      [109] kind=graphic widget_type=5 trans=0 fill_mode=0 user_id=0x0380b611 (896<<16|46609) dynamic graphic=-1 abs=0,0 511x1 hidden=1 ownhide=1
      [110] kind=graphic widget_type=5 trans=0 fill_mode=0 user_id=0x0380b612 (896<<16|46610) dynamic graphic=-1 abs=0,0 511x1 hidden=1 ownhide=1
      [111] kind=graphic widget_type=5 trans=0 fill_mode=0 user_id=0x0380b613 (896<<16|46611) dynamic graphic=-1 abs=0,0 511x1 hidden=1 ownhide=1
      [112] kind=graphic widget_type=5 trans=0 fill_mode=0 user_id=0x0380b614 (896<<16|46612) dynamic graphic=-1 abs=0,0 511x1 hidden=1 ownhide=1
      [113] kind=graphic widget_type=5 trans=0 fill_mode=0 user_id=0x0380b615 (896<<16|46613) dynamic graphic=-1 abs=0,0 511x1 hidden=1 ownhide=1
      [114] kind=graphic widget_type=5 trans=0 fill_mode=0 user_id=0x0380b616 (896<<16|46614) dynamic graphic=-1 abs=0,0 511x1 hidden=1 ownhide=1
      [115] kind=graphic widget_type=5 trans=0 fill_mode=0 user_id=0x0380b617 (896<<16|46615) dynamic graphic=-1 abs=0,0 511x1 hidden=1 ownhide=1
      [116] kind=graphic widget_type=5 trans=0 fill_mode=0 user_id=0x0380b618 (896<<16|46616) dynamic graphic=-1 abs=0,0 511x1 hidden=1 ownhide=1
      [117] kind=graphic widget_type=5 trans=0 fill_mode=0 user_id=0x0380b619 (896<<16|46617) dynamic graphic=-1 abs=0,0 511x1 hidden=1 ownhide=1
      [118] kind=graphic widget_type=5 trans=0 fill_mode=0 user_id=0x0380b61a (896<<16|46618) dynamic graphic=-1 abs=0,0 511x1 hidden=1 ownhide=1
      [119] kind=graphic widget_type=5 trans=0 fill_mode=0 user_id=0x0380b61b (896<<16|46619) dynamic graphic=-1 abs=0,0 511x1 hidden=1 ownhide=1
      [120] kind=graphic widget_type=5 trans=0 fill_mode=0 user_id=0x0380b61c (896<<16|46620) dynamic graphic=-1 abs=0,0 511x1 hidden=1 ownhide=1
      [121] kind=graphic widget_type=5 trans=0 fill_mode=0 user_id=0x0380b61d (896<<16|46621) dynamic graphic=-1 abs=0,0 511x1 hidden=1 ownhide=1
      [122] kind=graphic widget_type=5 trans=0 fill_mode=0 user_id=0x0380b61e (896<<16|46622) dynamic graphic=-1 abs=0,0 511x1 hidden=1 ownhide=1
      [123] kind=graphic widget_type=5 trans=0 fill_mode=0 user_id=0x0380b61f (896<<16|46623) dynamic graphic=-1 abs=0,0 511x1 hidden=1 ownhide=1
      [124] kind=graphic widget_type=5 trans=0 fill_mode=0 user_id=0x0380b620 (896<<16|46624) dynamic graphic=-1 abs=0,0 511x1 hidden=1 ownhide=1
      [125] kind=graphic widget_type=5 trans=0 fill_mode=0 user_id=0x0380b621 (896<<16|46625) dynamic graphic=-1 abs=0,0 511x1 hidden=1 ownhide=1
      [126] kind=graphic widget_type=5 trans=0 fill_mode=0 user_id=0x0380b622 (896<<16|46626) dynamic graphic=-1 abs=0,0 511x1 hidden=1 ownhide=1
      [127] kind=graphic widget_type=5 trans=0 fill_mode=0 user_id=0x0380b623 (896<<16|46627) dynamic graphic=-1 abs=0,0 511x1 hidden=1 ownhide=1
      [128] kind=graphic widget_type=5 trans=0 fill_mode=0 user_id=0x0380b624 (896<<16|46628) dynamic graphic=-1 abs=0,0 511x1 hidden=1 ownhide=1
      [129] kind=graphic widget_type=5 trans=0 fill_mode=0 user_id=0x0380b625 (896<<16|46629) dynamic graphic=-1 abs=0,0 511x1 hidden=1 ownhide=1
      [130] kind=graphic widget_type=5 trans=0 fill_mode=0 user_id=0x0380b626 (896<<16|46630) dynamic graphic=-1 abs=0,0 511x1 hidden=1 ownhide=1
      [131] kind=graphic widget_type=5 trans=0 fill_mode=0 user_id=0x0380b627 (896<<16|46631) dynamic graphic=-1 abs=0,0 511x1 hidden=1 ownhide=1
      [132] kind=graphic widget_type=5 trans=0 fill_mode=0 user_id=0x0380b628 (896<<16|46632) dynamic graphic=-1 abs=0,0 511x1 hidden=1 ownhide=1
      [133] kind=graphic widget_type=5 trans=0 fill_mode=0 user_id=0x0380b629 (896<<16|46633) dynamic graphic=-1 abs=0,0 511x1 hidden=1 ownhide=1
      [134] kind=graphic widget_type=5 trans=0 fill_mode=0 user_id=0x0380b62a (896<<16|46634) dynamic graphic=-1 abs=0,0 511x1 hidden=1 ownhide=1
      [135] kind=graphic widget_type=5 trans=0 fill_mode=0 user_id=0x0380b62b (896<<16|46635) dynamic graphic=-1 abs=0,0 511x1 hidden=1 ownhide=1
      [136] kind=graphic widget_type=5 trans=0 fill_mode=0 user_id=0x0380b62c (896<<16|46636) dynamic graphic=-1 abs=0,0 511x1 hidden=1 ownhide=1
      [137] kind=graphic widget_type=5 trans=0 fill_mode=0 user_id=0x0380b62d (896<<16|46637) dynamic graphic=-1 abs=0,0 511x1 hidden=1 ownhide=1
      [138] kind=graphic widget_type=5 trans=0 fill_mode=0 user_id=0x0380b62e (896<<16|46638) dynamic graphic=-1 abs=0,0 511x1 hidden=1 ownhide=1
      [139] kind=graphic widget_type=5 trans=0 fill_mode=0 user_id=0x0380b62f (896<<16|46639) dynamic graphic=-1 abs=0,0 511x1 hidden=1 ownhide=1
      [140] kind=graphic widget_type=5 trans=0 fill_mode=0 user_id=0x0380b630 (896<<16|46640) dynamic graphic=-1 abs=0,0 511x1 hidden=1 ownhide=1
      [141] kind=graphic widget_type=5 trans=0 fill_mode=0 user_id=0x0380b631 (896<<16|46641) dynamic graphic=-1 abs=0,0 511x1 hidden=1 ownhide=1
      [142] kind=graphic widget_type=5 trans=0 fill_mode=0 user_id=0x0380b632 (896<<16|46642) dynamic graphic=-1 abs=0,0 511x1 hidden=1 ownhide=1
      [143] kind=graphic widget_type=5 trans=0 fill_mode=0 user_id=0x0380b633 (896<<16|46643) dynamic graphic=-1 abs=0,0 511x1 hidden=1 ownhide=1
      [144] kind=graphic widget_type=5 trans=0 fill_mode=0 user_id=0x0380b634 (896<<16|46644) dynamic graphic=-1 abs=0,0 511x1 hidden=1 ownhide=1
      [145] kind=graphic widget_type=5 trans=0 fill_mode=0 user_id=0x0380b635 (896<<16|46645) dynamic graphic=-1 abs=0,0 511x1 hidden=1 ownhide=1
      [146] kind=graphic widget_type=5 trans=0 fill_mode=0 user_id=0x0380b636 (896<<16|46646) dynamic graphic=-1 abs=0,0 511x1 hidden=1 ownhide=1
      [147] kind=graphic widget_type=5 trans=0 fill_mode=0 user_id=0x0380b637 (896<<16|46647) dynamic graphic=-1 abs=0,0 511x1 hidden=1 ownhide=1
      [148] kind=graphic widget_type=5 trans=0 fill_mode=0 user_id=0x0380b638 (896<<16|46648) dynamic graphic=-1 abs=0,0 511x1 hidden=1 ownhide=1
      [149] kind=graphic widget_type=5 trans=0 fill_mode=0 user_id=0x0380b639 (896<<16|46649) dynamic graphic=-1 abs=0,0 511x1 hidden=1 ownhide=1
      [150] kind=graphic widget_type=5 trans=0 fill_mode=0 user_id=0x0380b63a (896<<16|46650) dynamic graphic=-1 abs=0,0 511x1 hidden=1 ownhide=1
      [151] kind=graphic widget_type=5 trans=0 fill_mode=0 user_id=0x0380b63b (896<<16|46651) dynamic graphic=-1 abs=0,0 511x1 hidden=1 ownhide=1
      [152] kind=graphic widget_type=5 trans=0 fill_mode=0 user_id=0x0380b63c (896<<16|46652) dynamic graphic=-1 abs=0,0 511x1 hidden=1 ownhide=1
      [153] kind=graphic widget_type=5 trans=0 fill_mode=0 user_id=0x0380b63d (896<<16|46653) dynamic graphic=-1 abs=0,0 511x1 hidden=1 ownhide=1
      [154] kind=graphic widget_type=5 trans=0 fill_mode=0 user_id=0x0380b63e (896<<16|46654) dynamic graphic=-1 abs=0,0 511x1 hidden=1 ownhide=1
      [155] kind=graphic widget_type=5 trans=0 fill_mode=0 user_id=0x0380b63f (896<<16|46655) dynamic graphic=-1 abs=0,0 511x1 hidden=1 ownhide=1
      [156] kind=graphic widget_type=5 trans=0 fill_mode=0 user_id=0x0380b640 (896<<16|46656) dynamic graphic=-1 abs=0,0 511x1 hidden=1 ownhide=1
      [157] kind=graphic widget_type=5 trans=0 fill_mode=0 user_id=0x0380b641 (896<<16|46657) dynamic graphic=-1 abs=0,0 511x1 hidden=1 ownhide=1
      [158] kind=graphic widget_type=5 trans=0 fill_mode=0 user_id=0x0380b642 (896<<16|46658) dynamic graphic=-1 abs=0,0 511x1 hidden=1 ownhide=1
      [159] kind=graphic widget_type=5 trans=0 fill_mode=0 user_id=0x0380b643 (896<<16|46659) dynamic graphic=-1 abs=0,0 511x1 hidden=1 ownhide=1
      [160] kind=graphic widget_type=5 trans=0 fill_mode=0 user_id=0x0380b644 (896<<16|46660) dynamic graphic=-1 abs=0,0 511x1 hidden=1 ownhide=1
      [161] kind=graphic widget_type=5 trans=0 fill_mode=0 user_id=0x0380b645 (896<<16|46661) dynamic graphic=-1 abs=0,0 511x1 hidden=1 ownhide=1
      [162] kind=graphic widget_type=5 trans=0 fill_mode=0 user_id=0x0380b646 (896<<16|46662) dynamic graphic=-1 abs=0,0 511x1 hidden=1 ownhide=1
      [163] kind=graphic widget_type=5 trans=0 fill_mode=0 user_id=0x0380b647 (896<<16|46663) dynamic graphic=-1 abs=0,0 511x1 hidden=1 ownhide=1
      [164] kind=graphic widget_type=5 trans=0 fill_mode=0 user_id=0x0380b648 (896<<16|46664) dynamic graphic=-1 abs=0,0 511x1 hidden=1 ownhide=1
      [165] kind=graphic widget_type=5 trans=0 fill_mode=0 user_id=0x0380b649 (896<<16|46665) dynamic graphic=-1 abs=0,0 511x1 hidden=1 ownhide=1
      [166] kind=graphic widget_type=5 trans=0 fill_mode=0 user_id=0x0380b64a (896<<16|46666) dynamic graphic=-1 abs=0,0 511x1 hidden=1 ownhide=1
      [167] kind=graphic widget_type=5 trans=0 fill_mode=0 user_id=0x0380b64b (896<<16|46667) dynamic graphic=-1 abs=0,0 511x1 hidden=1 ownhide=1
      [168] kind=graphic widget_type=5 trans=0 fill_mode=0 user_id=0x0380b64c (896<<16|46668) dynamic graphic=-1 abs=0,0 511x1 hidden=1 ownhide=1
      [169] kind=graphic widget_type=5 trans=0 fill_mode=0 user_id=0x0380b64d (896<<16|46669) dynamic graphic=-1 abs=0,0 511x1 hidden=1 ownhide=1
      [170] kind=graphic widget_type=5 trans=0 fill_mode=0 user_id=0x0380b64e (896<<16|46670) dynamic graphic=-1 abs=0,0 511x1 hidden=1 ownhide=1
      [171] kind=graphic widget_type=5 trans=0 fill_mode=0 user_id=0x0380b64f (896<<16|46671) dynamic graphic=-1 abs=0,0 511x1 hidden=1 ownhide=1
      [172] kind=graphic widget_type=5 trans=0 fill_mode=0 user_id=0x0380b650 (896<<16|46672) dynamic graphic=-1 abs=0,0 511x1 hidden=1 ownhide=1
      [173] kind=graphic widget_type=5 trans=0 fill_mode=0 user_id=0x0380b651 (896<<16|46673) dynamic graphic=-1 abs=0,0 511x1 hidden=1 ownhide=1
      [174] kind=graphic widget_type=5 trans=0 fill_mode=0 user_id=0x0380b652 (896<<16|46674) dynamic graphic=-1 abs=0,0 511x1 hidden=1 ownhide=1
      [175] kind=graphic widget_type=5 trans=0 fill_mode=0 user_id=0x0380b653 (896<<16|46675) dynamic graphic=-1 abs=0,0 511x1 hidden=1 ownhide=1
      [176] kind=graphic widget_type=5 trans=0 fill_mode=0 user_id=0x0380b654 (896<<16|46676) dynamic graphic=-1 abs=0,0 511x1 hidden=1 ownhide=1
      [177] kind=graphic widget_type=5 trans=0 fill_mode=0 user_id=0x0380b655 (896<<16|46677) dynamic graphic=-1 abs=0,0 511x1 hidden=1 ownhide=1
      [178] kind=graphic widget_type=5 trans=0 fill_mode=0 user_id=0x0380b656 (896<<16|46678) dynamic graphic=-1 abs=0,0 511x1 hidden=1 ownhide=1
      [179] kind=graphic widget_type=5 trans=0 fill_mode=0 user_id=0x0380b657 (896<<16|46679) dynamic graphic=-1 abs=0,0 511x1 hidden=1 ownhide=1
      [180] kind=graphic widget_type=5 trans=0 fill_mode=0 user_id=0x0380b658 (896<<16|46680) dynamic graphic=-1 abs=0,0 511x1 hidden=1 ownhide=1
      [181] kind=graphic widget_type=5 trans=0 fill_mode=0 user_id=0x0380b659 (896<<16|46681) dynamic graphic=-1 abs=0,0 511x1 hidden=1 ownhide=1
      [182] kind=graphic widget_type=5 trans=0 fill_mode=0 user_id=0x0380b65a (896<<16|46682) dynamic graphic=-1 abs=0,0 511x1 hidden=1 ownhide=1
      [183] kind=graphic widget_type=5 trans=0 fill_mode=0 user_id=0x0380b65b (896<<16|46683) dynamic graphic=-1 abs=0,0 511x1 hidden=1 ownhide=1
      [184] kind=graphic widget_type=5 trans=0 fill_mode=0 user_id=0x0380b65c (896<<16|46684) dynamic graphic=-1 abs=0,0 511x1 hidden=1 ownhide=1
      [185] kind=graphic widget_type=5 trans=0 fill_mode=0 user_id=0x0380b65d (896<<16|46685) dynamic graphic=-1 abs=0,0 511x1 hidden=1 ownhide=1
      [186] kind=graphic widget_type=5 trans=0 fill_mode=0 user_id=0x0380b65e (896<<16|46686) dynamic graphic=-1 abs=0,0 511x1 hidden=1 ownhide=1
      [187] kind=graphic widget_type=5 trans=0 fill_mode=0 user_id=0x0380b65f (896<<16|46687) dynamic graphic=-1 abs=0,0 511x1 hidden=1 ownhide=1
      [188] kind=graphic widget_type=5 trans=0 fill_mode=0 user_id=0x0380b660 (896<<16|46688) dynamic graphic=-1 abs=0,0 511x1 hidden=1 ownhide=1
      [189] kind=graphic widget_type=5 trans=0 fill_mode=0 user_id=0x0380b661 (896<<16|46689) dynamic graphic=-1 abs=0,0 511x1 hidden=1 ownhide=1
      [190] kind=graphic widget_type=5 trans=0 fill_mode=0 user_id=0x0380b662 (896<<16|46690) dynamic graphic=-1 abs=0,0 511x1 hidden=1 ownhide=1
      [191] kind=graphic widget_type=5 trans=0 fill_mode=0 user_id=0x0380b663 (896<<16|46691) dynamic graphic=-1 abs=0,0 511x1 hidden=1 ownhide=1
      [192] kind=graphic widget_type=5 trans=0 fill_mode=0 user_id=0x0380b664 (896<<16|46692) dynamic graphic=-1 abs=0,0 511x1 hidden=1 ownhide=1
      [193] kind=graphic widget_type=5 trans=0 fill_mode=0 user_id=0x0380b665 (896<<16|46693) dynamic graphic=-1 abs=0,0 511x1 hidden=1 ownhide=1
      [194] kind=graphic widget_type=5 trans=0 fill_mode=0 user_id=0x0380b666 (896<<16|46694) dynamic graphic=-1 abs=0,0 511x1 hidden=1 ownhide=1
      [195] kind=graphic widget_type=5 trans=0 fill_mode=0 user_id=0x0380b667 (896<<16|46695) dynamic graphic=-1 abs=0,0 511x1 hidden=1 ownhide=1
      [196] kind=graphic widget_type=5 trans=0 fill_mode=0 user_id=0x0380b668 (896<<16|46696) dynamic graphic=-1 abs=0,0 511x1 hidden=1 ownhide=1
      [197] kind=graphic widget_type=5 trans=0 fill_mode=0 user_id=0x0380b669 (896<<16|46697) dynamic graphic=-1 abs=0,0 511x1 hidden=1 ownhide=1
      [198] kind=graphic widget_type=5 trans=0 fill_mode=0 user_id=0x0380b66a (896<<16|46698) dynamic graphic=-1 abs=0,0 511x1 hidden=1 ownhide=1
      [199] kind=graphic widget_type=5 trans=0 fill_mode=0 user_id=0x0380b66b (896<<16|46699) dynamic graphic=-1 abs=0,0 511x1 hidden=1 ownhide=1
      [200] kind=graphic widget_type=5 trans=0 fill_mode=0 user_id=0x0380b66c (896<<16|46700) dynamic graphic=-1 abs=0,0 511x1 hidden=1 ownhide=1
      [201] kind=graphic widget_type=5 trans=0 fill_mode=0 user_id=0x0380b66d (896<<16|46701) dynamic graphic=-1 abs=0,0 511x1 hidden=1 ownhide=1
      [202] kind=graphic widget_type=5 trans=0 fill_mode=0 user_id=0x0380b66e (896<<16|46702) dynamic graphic=-1 abs=0,0 511x1 hidden=1 ownhide=1
      [203] kind=graphic widget_type=5 trans=0 fill_mode=0 user_id=0x0380b66f (896<<16|46703) dynamic graphic=-1 abs=0,0 511x1 hidden=1 ownhide=1
      [204] kind=graphic widget_type=5 trans=0 fill_mode=0 user_id=0x0380b670 (896<<16|46704) dynamic graphic=-1 abs=0,0 511x1 hidden=1 ownhide=1
      [205] kind=graphic widget_type=5 trans=0 fill_mode=0 user_id=0x0380b671 (896<<16|46705) dynamic graphic=-1 abs=0,0 511x1 hidden=1 ownhide=1
      [206] kind=graphic widget_type=5 trans=0 fill_mode=0 user_id=0x0380b672 (896<<16|46706) dynamic graphic=-1 abs=0,0 511x1 hidden=1 ownhide=1
      [207] kind=graphic widget_type=5 trans=0 fill_mode=0 user_id=0x0380b673 (896<<16|46707) dynamic graphic=-1 abs=0,0 511x1 hidden=1 ownhide=1
      [208] kind=graphic widget_type=5 trans=0 fill_mode=0 user_id=0x0380b674 (896<<16|46708) dynamic graphic=-1 abs=0,0 511x1 hidden=1 ownhide=1
      [209] kind=graphic widget_type=5 trans=0 fill_mode=0 user_id=0x0380b675 (896<<16|46709) dynamic graphic=-1 abs=0,0 511x1 hidden=1 ownhide=1
      [210] kind=graphic widget_type=5 trans=0 fill_mode=0 user_id=0x0380b676 (896<<16|46710) dynamic graphic=-1 abs=0,0 511x1 hidden=1 ownhide=1
      [211] kind=graphic widget_type=5 trans=0 fill_mode=0 user_id=0x0380b677 (896<<16|46711) dynamic graphic=-1 abs=0,0 511x1 hidden=1 ownhide=1
      [212] kind=graphic widget_type=5 trans=0 fill_mode=0 user_id=0x0380b678 (896<<16|46712) dynamic graphic=-1 abs=0,0 511x1 hidden=1 ownhide=1
      [213] kind=graphic widget_type=5 trans=0 fill_mode=0 user_id=0x0380b679 (896<<16|46713) dynamic graphic=-1 abs=0,0 511x1 hidden=1 ownhide=1
      [214] kind=graphic widget_type=5 trans=0 fill_mode=0 user_id=0x0380b67a (896<<16|46714) dynamic graphic=-1 abs=0,0 511x1 hidden=1 ownhide=1
      [215] kind=graphic widget_type=5 trans=0 fill_mode=0 user_id=0x0380b67b (896<<16|46715) dynamic graphic=-1 abs=0,0 511x1 hidden=1 ownhide=1
      [216] kind=graphic widget_type=5 trans=0 fill_mode=0 user_id=0x0380b67c (896<<16|46716) dynamic graphic=-1 abs=0,0 511x1 hidden=1 ownhide=1
      [217] kind=graphic widget_type=5 trans=0 fill_mode=0 user_id=0x0380b67d (896<<16|46717) dynamic graphic=-1 abs=0,0 511x1 hidden=1 ownhide=1
      [218] kind=graphic widget_type=5 trans=0 fill_mode=0 user_id=0x0380b67e (896<<16|46718) dynamic graphic=-1 abs=0,0 511x1 hidden=1 ownhide=1
      [219] kind=graphic widget_type=5 trans=0 fill_mode=0 user_id=0x0380b67f (896<<16|46719) dynamic graphic=-1 abs=0,0 511x1 hidden=1 ownhide=1
      [220] kind=graphic widget_type=5 trans=0 fill_mode=0 user_id=0x0380b680 (896<<16|46720) dynamic graphic=-1 abs=0,0 511x1 hidden=1 ownhide=1
      [221] kind=graphic widget_type=5 trans=0 fill_mode=0 user_id=0x0380b681 (896<<16|46721) dynamic graphic=-1 abs=0,0 511x1 hidden=1 ownhide=1
      [222] kind=graphic widget_type=5 trans=0 fill_mode=0 user_id=0x0380b682 (896<<16|46722) dynamic graphic=-1 abs=0,0 511x1 hidden=1 ownhide=1
      [223] kind=graphic widget_type=5 trans=0 fill_mode=0 user_id=0x0380b683 (896<<16|46723) dynamic graphic=-1 abs=0,0 511x1 hidden=1 ownhide=1
      [224] kind=graphic widget_type=5 trans=0 fill_mode=0 user_id=0x0380b684 (896<<16|46724) dynamic graphic=-1 abs=0,0 511x1 hidden=1 ownhide=1
      [225] kind=graphic widget_type=5 trans=0 fill_mode=0 user_id=0x0380b685 (896<<16|46725) dynamic graphic=-1 abs=0,0 511x1 hidden=1 ownhide=1
      [226] kind=graphic widget_type=5 trans=0 fill_mode=0 user_id=0x0380b686 (896<<16|46726) dynamic graphic=-1 abs=0,0 511x1 hidden=1 ownhide=1
      [227] kind=graphic widget_type=5 trans=0 fill_mode=0 user_id=0x0380b687 (896<<16|46727) dynamic graphic=-1 abs=0,0 511x1 hidden=1 ownhide=1
      [228] kind=graphic widget_type=5 trans=0 fill_mode=0 user_id=0x0380b688 (896<<16|46728) dynamic graphic=-1 abs=0,0 511x1 hidden=1 ownhide=1
      [229] kind=graphic widget_type=5 trans=0 fill_mode=0 user_id=0x0380b689 (896<<16|46729) dynamic graphic=-1 abs=0,0 511x1 hidden=1 ownhide=1
      [230] kind=graphic widget_type=5 trans=0 fill_mode=0 user_id=0x0380b68a (896<<16|46730) dynamic graphic=-1 abs=0,0 511x1 hidden=1 ownhide=1
      [231] kind=graphic widget_type=5 trans=0 fill_mode=0 user_id=0x0380b68b (896<<16|46731) dynamic graphic=-1 abs=0,0 511x1 hidden=1 ownhide=1
      [232] kind=graphic widget_type=5 trans=0 fill_mode=0 user_id=0x0380b68c (896<<16|46732) dynamic graphic=-1 abs=0,0 511x1 hidden=1 ownhide=1
      [233] kind=graphic widget_type=5 trans=0 fill_mode=0 user_id=0x0380b68d (896<<16|46733) dynamic graphic=-1 abs=0,0 511x1 hidden=1 ownhide=1
      [234] kind=graphic widget_type=5 trans=0 fill_mode=0 user_id=0x0380b68e (896<<16|46734) dynamic graphic=-1 abs=0,0 511x1 hidden=1 ownhide=1
      [235] kind=graphic widget_type=5 trans=0 fill_mode=0 user_id=0x0380b68f (896<<16|46735) dynamic graphic=-1 abs=0,0 511x1 hidden=1 ownhide=1
      [236] kind=graphic widget_type=5 trans=0 fill_mode=0 user_id=0x0380b690 (896<<16|46736) dynamic graphic=-1 abs=0,0 511x1 hidden=1 ownhide=1
      [237] kind=graphic widget_type=5 trans=0 fill_mode=0 user_id=0x0380b691 (896<<16|46737) dynamic graphic=-1 abs=0,0 511x1 hidden=1 ownhide=1
      [238] kind=graphic widget_type=5 trans=0 fill_mode=0 user_id=0x0380b692 (896<<16|46738) dynamic graphic=-1 abs=0,0 511x1 hidden=1 ownhide=1
      [239] kind=graphic widget_type=5 trans=0 fill_mode=0 user_id=0x0380b693 (896<<16|46739) dynamic graphic=-1 abs=0,0 511x1 hidden=1 ownhide=1
      [240] kind=graphic widget_type=5 trans=0 fill_mode=0 user_id=0x0380b694 (896<<16|46740) dynamic graphic=-1 abs=0,0 511x1 hidden=1 ownhide=1
      [241] kind=graphic widget_type=5 trans=0 fill_mode=0 user_id=0x0380b695 (896<<16|46741) dynamic graphic=-1 abs=0,0 511x1 hidden=1 ownhide=1
      [242] kind=graphic widget_type=5 trans=0 fill_mode=0 user_id=0x0380b696 (896<<16|46742) dynamic graphic=-1 abs=0,0 511x1 hidden=1 ownhide=1
      [243] kind=graphic widget_type=5 trans=0 fill_mode=0 user_id=0x0380b697 (896<<16|46743) dynamic graphic=-1 abs=0,0 511x1 hidden=1 ownhide=1
      [244] kind=graphic widget_type=5 trans=0 fill_mode=0 user_id=0x0380b698 (896<<16|46744) dynamic graphic=-1 abs=0,0 511x1 hidden=1 ownhide=1
      [245] kind=graphic widget_type=5 trans=0 fill_mode=0 user_id=0x0380b699 (896<<16|46745) dynamic graphic=-1 abs=0,0 511x1 hidden=1 ownhide=1
      [246] kind=graphic widget_type=5 trans=0 fill_mode=0 user_id=0x0380b69a (896<<16|46746) dynamic graphic=-1 abs=0,0 511x1 hidden=1 ownhide=1
      [247] kind=graphic widget_type=5 trans=0 fill_mode=0 user_id=0x0380b69b (896<<16|46747) dynamic graphic=-1 abs=0,0 511x1 hidden=1 ownhide=1
      [248] kind=graphic widget_type=5 trans=0 fill_mode=0 user_id=0x0380b69c (896<<16|46748) dynamic graphic=-1 abs=0,0 511x1 hidden=1 ownhide=1
      [249] kind=graphic widget_type=5 trans=0 fill_mode=0 user_id=0x0380b69d (896<<16|46749) dynamic graphic=-1 abs=0,0 511x1 hidden=1 ownhide=1
      [250] kind=graphic widget_type=5 trans=0 fill_mode=0 user_id=0x0380b69e (896<<16|46750) dynamic graphic=-1 abs=0,0 511x1 hidden=1 ownhide=1
      [251] kind=graphic widget_type=5 trans=0 fill_mode=0 user_id=0x0380b69f (896<<16|46751) dynamic graphic=-1 abs=0,0 511x1 hidden=1 ownhide=1
      [252] kind=graphic widget_type=5 trans=0 fill_mode=0 user_id=0x0380b6a0 (896<<16|46752) dynamic graphic=-1 abs=0,0 511x1 hidden=1 ownhide=1
      [253] kind=graphic widget_type=5 trans=0 fill_mode=0 user_id=0x0380b6a1 (896<<16|46753) dynamic graphic=-1 abs=0,0 511x1 hidden=1 ownhide=1
      [254] kind=graphic widget_type=5 trans=0 fill_mode=0 user_id=0x0380b6a2 (896<<16|46754) dynamic graphic=-1 abs=0,0 511x1 hidden=1 ownhide=1
      [255] kind=graphic widget_type=5 trans=0 fill_mode=0 user_id=0x0380b6a3 (896<<16|46755) dynamic graphic=-1 abs=0,0 511x1 hidden=1 ownhide=1
      [256] kind=graphic widget_type=5 trans=0 fill_mode=0 user_id=0x0380b6a4 (896<<16|46756) dynamic graphic=-1 abs=0,0 511x1 hidden=1 ownhide=1
      [257] kind=graphic widget_type=5 trans=0 fill_mode=0 user_id=0x0380b6a5 (896<<16|46757) dynamic graphic=-1 abs=0,0 511x1 hidden=1 ownhide=1
      [258] kind=graphic widget_type=5 trans=0 fill_mode=0 user_id=0x0380b6a6 (896<<16|46758) dynamic graphic=-1 abs=0,0 511x1 hidden=1 ownhide=1
      [259] kind=graphic widget_type=5 trans=0 fill_mode=0 user_id=0x0380b6a7 (896<<16|46759) dynamic graphic=-1 abs=0,0 511x1 hidden=1 ownhide=1
      [260] kind=graphic widget_type=5 trans=0 fill_mode=0 user_id=0x0380b6a8 (896<<16|46760) dynamic graphic=-1 abs=0,0 511x1 hidden=1 ownhide=1
      [261] kind=graphic widget_type=5 trans=0 fill_mode=0 user_id=0x0380b6a9 (896<<16|46761) dynamic graphic=-1 abs=0,0 511x1 hidden=1 ownhide=1
      [262] kind=graphic widget_type=5 trans=0 fill_mode=0 user_id=0x0380b6aa (896<<16|46762) dynamic graphic=-1 abs=0,0 511x1 hidden=1 ownhide=1
      [263] kind=graphic widget_type=5 trans=0 fill_mode=0 user_id=0x0380b6ab (896<<16|46763) dynamic graphic=-1 abs=0,0 511x1 hidden=1 ownhide=1
      [264] kind=graphic widget_type=5 trans=0 fill_mode=0 user_id=0x0380b6ac (896<<16|46764) dynamic graphic=-1 abs=0,0 511x1 hidden=1 ownhide=1
      [265] kind=graphic widget_type=5 trans=0 fill_mode=0 user_id=0x0380b6ad (896<<16|46765) dynamic graphic=-1 abs=0,0 511x1 hidden=1 ownhide=1
      [266] kind=graphic widget_type=5 trans=0 fill_mode=0 user_id=0x0380b6ae (896<<16|46766) dynamic graphic=-1 abs=0,0 511x1 hidden=1 ownhide=1
      [267] kind=graphic widget_type=5 trans=0 fill_mode=0 user_id=0x0380b6af (896<<16|46767) dynamic graphic=-1 abs=0,0 511x1 hidden=1 ownhide=1
      [268] kind=graphic widget_type=5 trans=0 fill_mode=0 user_id=0x0380b6b0 (896<<16|46768) dynamic graphic=-1 abs=0,0 511x1 hidden=1 ownhide=1
      [269] kind=graphic widget_type=5 trans=0 fill_mode=0 user_id=0x0380b6b1 (896<<16|46769) dynamic graphic=-1 abs=0,0 511x1 hidden=1 ownhide=1
      [270] kind=graphic widget_type=5 trans=0 fill_mode=0 user_id=0x0380b6b2 (896<<16|46770) dynamic graphic=-1 abs=0,0 511x1 hidden=1 ownhide=1
      [271] kind=graphic widget_type=5 trans=0 fill_mode=0 user_id=0x0380b6b3 (896<<16|46771) dynamic graphic=-1 abs=0,0 511x1 hidden=1 ownhide=1
      [272] kind=graphic widget_type=5 trans=0 fill_mode=0 user_id=0x0380b6b4 (896<<16|46772) dynamic graphic=-1 abs=0,0 511x1 hidden=1 ownhide=1
      [273] kind=graphic widget_type=5 trans=0 fill_mode=0 user_id=0x0380b6b5 (896<<16|46773) dynamic graphic=-1 abs=0,0 511x1 hidden=1 ownhide=1
      [274] kind=graphic widget_type=5 trans=0 fill_mode=0 user_id=0x0380b6b6 (896<<16|46774) dynamic graphic=-1 abs=0,0 511x1 hidden=1 ownhide=1
      [275] kind=graphic widget_type=5 trans=0 fill_mode=0 user_id=0x0380b6b7 (896<<16|46775) dynamic graphic=-1 abs=0,0 511x1 hidden=1 ownhide=1
      [276] kind=graphic widget_type=5 trans=0 fill_mode=0 user_id=0x0380b6b8 (896<<16|46776) dynamic graphic=-1 abs=0,0 511x1 hidden=1 ownhide=1
      [277] kind=graphic widget_type=5 trans=0 fill_mode=0 user_id=0x0380b6b9 (896<<16|46777) dynamic graphic=-1 abs=0,0 511x1 hidden=1 ownhide=1
      [278] kind=graphic widget_type=5 trans=0 fill_mode=0 user_id=0x0380b6ba (896<<16|46778) dynamic graphic=-1 abs=0,0 511x1 hidden=1 ownhide=1
      [279] kind=graphic widget_type=5 trans=0 fill_mode=0 user_id=0x0380b6bb (896<<16|46779) dynamic graphic=-1 abs=0,0 511x1 hidden=1 ownhide=1
      [280] kind=graphic widget_type=5 trans=0 fill_mode=0 user_id=0x0380b6bc (896<<16|46780) dynamic graphic=-1 abs=0,0 511x1 hidden=1 ownhide=1
      [281] kind=graphic widget_type=5 trans=0 fill_mode=0 user_id=0x0380b6bd (896<<16|46781) dynamic graphic=-1 abs=0,0 511x1 hidden=1 ownhide=1
      [282] kind=graphic widget_type=5 trans=0 fill_mode=0 user_id=0x0380b6be (896<<16|46782) dynamic graphic=-1 abs=0,0 511x1 hidden=1 ownhide=1
      [283] kind=graphic widget_type=5 trans=0 fill_mode=0 user_id=0x0380b6bf (896<<16|46783) dynamic graphic=-1 abs=0,0 511x1 hidden=1 ownhide=1
      [284] kind=graphic widget_type=5 trans=0 fill_mode=0 user_id=0x0380b6c0 (896<<16|46784) dynamic graphic=-1 abs=0,0 511x1 hidden=1 ownhide=1
      [285] kind=graphic widget_type=5 trans=0 fill_mode=0 user_id=0x0380b6c1 (896<<16|46785) dynamic graphic=-1 abs=0,0 511x1 hidden=1 ownhide=1
      [286] kind=graphic widget_type=5 trans=0 fill_mode=0 user_id=0x0380b6c2 (896<<16|46786) dynamic graphic=-1 abs=0,0 511x1 hidden=1 ownhide=1
      [287] kind=graphic widget_type=5 trans=0 fill_mode=0 user_id=0x0380b6c3 (896<<16|46787) dynamic graphic=-1 abs=0,0 511x1 hidden=1 ownhide=1
      [288] kind=graphic widget_type=5 trans=0 fill_mode=0 user_id=0x0380b6c4 (896<<16|46788) dynamic graphic=-1 abs=0,0 511x1 hidden=1 ownhide=1
      [289] kind=graphic widget_type=5 trans=0 fill_mode=0 user_id=0x0380b6c5 (896<<16|46789) dynamic graphic=-1 abs=0,0 511x1 hidden=1 ownhide=1
      [290] kind=graphic widget_type=5 trans=0 fill_mode=0 user_id=0x0380b6c6 (896<<16|46790) dynamic graphic=-1 abs=0,0 511x1 hidden=1 ownhide=1
      [291] kind=graphic widget_type=5 trans=0 fill_mode=0 user_id=0x0380b6c7 (896<<16|46791) dynamic graphic=-1 abs=0,0 511x1 hidden=1 ownhide=1
      [292] kind=graphic widget_type=5 trans=0 fill_mode=0 user_id=0x0380b6c8 (896<<16|46792) dynamic graphic=-1 abs=0,0 511x1 hidden=1 ownhide=1
      [293] kind=graphic widget_type=5 trans=0 fill_mode=0 user_id=0x0380b6c9 (896<<16|46793) dynamic graphic=-1 abs=0,0 511x1 hidden=1 ownhide=1
      [294] kind=graphic widget_type=5 trans=0 fill_mode=0 user_id=0x0380b6ca (896<<16|46794) dynamic graphic=-1 abs=0,0 511x1 hidden=1 ownhide=1
      [295] kind=graphic widget_type=5 trans=0 fill_mode=0 user_id=0x0380b6cb (896<<16|46795) dynamic graphic=-1 abs=0,0 511x1 hidden=1 ownhide=1
      [296] kind=graphic widget_type=5 trans=0 fill_mode=0 user_id=0x0380b6cc (896<<16|46796) dynamic graphic=-1 abs=0,0 511x1 hidden=1 ownhide=1
      [297] kind=graphic widget_type=5 trans=0 fill_mode=0 user_id=0x0380b6cd (896<<16|46797) dynamic graphic=-1 abs=0,0 511x1 hidden=1 ownhide=1
      [298] kind=graphic widget_type=5 trans=0 fill_mode=0 user_id=0x0380b6ce (896<<16|46798) dynamic graphic=-1 abs=0,0 511x1 hidden=1 ownhide=1
      [299] kind=graphic widget_type=5 trans=0 fill_mode=0 user_id=0x0380b6cf (896<<16|46799) dynamic graphic=-1 abs=0,0 511x1 hidden=1 ownhide=1
      [300] kind=graphic widget_type=5 trans=0 fill_mode=0 user_id=0x0380b6d0 (896<<16|46800) dynamic graphic=-1 abs=0,0 511x1 hidden=1 ownhide=1
      [301] kind=graphic widget_type=5 trans=0 fill_mode=0 user_id=0x0380b6d1 (896<<16|46801) dynamic graphic=-1 abs=0,0 511x1 hidden=1 ownhide=1
      [302] kind=graphic widget_type=5 trans=0 fill_mode=0 user_id=0x0380b6d2 (896<<16|46802) dynamic graphic=-1 abs=0,0 511x1 hidden=1 ownhide=1
      [303] kind=graphic widget_type=5 trans=0 fill_mode=0 user_id=0x0380b6d3 (896<<16|46803) dynamic graphic=-1 abs=0,0 511x1 hidden=1 ownhide=1
      [304] kind=graphic widget_type=5 trans=0 fill_mode=0 user_id=0x0380b6d4 (896<<16|46804) dynamic graphic=-1 abs=0,0 511x1 hidden=1 ownhide=1
      [305] kind=graphic widget_type=5 trans=0 fill_mode=0 user_id=0x0380b6d5 (896<<16|46805) dynamic graphic=-1 abs=0,0 511x1 hidden=1 ownhide=1
      [306] kind=graphic widget_type=5 trans=0 fill_mode=0 user_id=0x0380b6d6 (896<<16|46806) dynamic graphic=-1 abs=0,0 511x1 hidden=1 ownhide=1
      [307] kind=graphic widget_type=5 trans=0 fill_mode=0 user_id=0x0380b6d7 (896<<16|46807) dynamic graphic=-1 abs=0,0 511x1 hidden=1 ownhide=1
      [308] kind=graphic widget_type=5 trans=0 fill_mode=0 user_id=0x0380b6d8 (896<<16|46808) dynamic graphic=-1 abs=0,0 511x1 hidden=1 ownhide=1
      [309] kind=graphic widget_type=5 trans=0 fill_mode=0 user_id=0x0380b6d9 (896<<16|46809) dynamic graphic=-1 abs=0,0 511x1 hidden=1 ownhide=1
      [310] kind=graphic widget_type=5 trans=0 fill_mode=0 user_id=0x0380b6da (896<<16|46810) dynamic graphic=-1 abs=0,0 511x1 hidden=1 ownhide=1
      [311] kind=graphic widget_type=5 trans=0 fill_mode=0 user_id=0x0380b6db (896<<16|46811) dynamic graphic=-1 abs=0,0 511x1 hidden=1 ownhide=1
      [312] kind=graphic widget_type=5 trans=0 fill_mode=0 user_id=0x0380b6dc (896<<16|46812) dynamic graphic=-1 abs=0,0 511x1 hidden=1 ownhide=1
      [313] kind=graphic widget_type=5 trans=0 fill_mode=0 user_id=0x0380b6dd (896<<16|46813) dynamic graphic=-1 abs=0,0 511x1 hidden=1 ownhide=1
      [314] kind=graphic widget_type=5 trans=0 fill_mode=0 user_id=0x0380b6de (896<<16|46814) dynamic graphic=-1 abs=0,0 511x1 hidden=1 ownhide=1
      [315] kind=graphic widget_type=5 trans=0 fill_mode=0 user_id=0x0380b6df (896<<16|46815) dynamic graphic=-1 abs=0,0 511x1 hidden=1 ownhide=1
      [316] kind=graphic widget_type=5 trans=0 fill_mode=0 user_id=0x0380b6e0 (896<<16|46816) dynamic graphic=-1 abs=0,0 511x1 hidden=1 ownhide=1
      [317] kind=graphic widget_type=5 trans=0 fill_mode=0 user_id=0x0380b6e1 (896<<16|46817) dynamic graphic=-1 abs=0,0 511x1 hidden=1 ownhide=1
      [318] kind=graphic widget_type=5 trans=0 fill_mode=0 user_id=0x0380b6e2 (896<<16|46818) dynamic graphic=-1 abs=0,0 511x1 hidden=1 ownhide=1
      [319] kind=graphic widget_type=5 trans=0 fill_mode=0 user_id=0x0380b6e3 (896<<16|46819) dynamic graphic=-1 abs=0,0 511x1 hidden=1 ownhide=1
      [320] kind=graphic widget_type=5 trans=0 fill_mode=0 user_id=0x0380b6e4 (896<<16|46820) dynamic graphic=-1 abs=0,0 511x1 hidden=1 ownhide=1
      [321] kind=graphic widget_type=5 trans=0 fill_mode=0 user_id=0x0380b6e5 (896<<16|46821) dynamic graphic=-1 abs=0,0 511x1 hidden=1 ownhide=1
      [322] kind=graphic widget_type=5 trans=0 fill_mode=0 user_id=0x0380b6e6 (896<<16|46822) dynamic graphic=-1 abs=0,0 511x1 hidden=1 ownhide=1
      [323] kind=graphic widget_type=5 trans=0 fill_mode=0 user_id=0x0380b6e7 (896<<16|46823) dynamic graphic=-1 abs=0,0 511x1 hidden=1 ownhide=1
      [324] kind=graphic widget_type=5 trans=0 fill_mode=0 user_id=0x0380b6e8 (896<<16|46824) dynamic graphic=-1 abs=0,0 511x1 hidden=1 ownhide=1
      [325] kind=graphic widget_type=5 trans=0 fill_mode=0 user_id=0x0380b6e9 (896<<16|46825) dynamic graphic=-1 abs=0,0 511x1 hidden=1 ownhide=1
      [326] kind=graphic widget_type=5 trans=0 fill_mode=0 user_id=0x0380b6ea (896<<16|46826) dynamic graphic=-1 abs=0,0 511x1 hidden=1 ownhide=1
      [327] kind=graphic widget_type=5 trans=0 fill_mode=0 user_id=0x0380b6eb (896<<16|46827) dynamic graphic=-1 abs=0,0 511x1 hidden=1 ownhide=1
      [328] kind=graphic widget_type=5 trans=0 fill_mode=0 user_id=0x0380b6ec (896<<16|46828) dynamic graphic=-1 abs=0,0 511x1 hidden=1 ownhide=1
      [329] kind=graphic widget_type=5 trans=0 fill_mode=0 user_id=0x0380b6ed (896<<16|46829) dynamic graphic=-1 abs=0,0 511x1 hidden=1 ownhide=1
      [330] kind=graphic widget_type=5 trans=0 fill_mode=0 user_id=0x0380b6ee (896<<16|46830) dynamic graphic=-1 abs=0,0 511x1 hidden=1 ownhide=1
      [331] kind=graphic widget_type=5 trans=0 fill_mode=0 user_id=0x0380b6ef (896<<16|46831) dynamic graphic=-1 abs=0,0 511x1 hidden=1 ownhide=1
      [332] kind=graphic widget_type=5 trans=0 fill_mode=0 user_id=0x0380b6f0 (896<<16|46832) dynamic graphic=-1 abs=0,0 511x1 hidden=1 ownhide=1
      [333] kind=graphic widget_type=5 trans=0 fill_mode=0 user_id=0x0380b6f1 (896<<16|46833) dynamic graphic=-1 abs=0,0 511x1 hidden=1 ownhide=1
      [334] kind=graphic widget_type=5 trans=0 fill_mode=0 user_id=0x0380b6f2 (896<<16|46834) dynamic graphic=-1 abs=0,0 511x1 hidden=1 ownhide=1
      [335] kind=graphic widget_type=5 trans=0 fill_mode=0 user_id=0x0380b6f3 (896<<16|46835) dynamic graphic=-1 abs=0,0 511x1 hidden=1 ownhide=1
      [336] kind=graphic widget_type=5 trans=0 fill_mode=0 user_id=0x0380b6f4 (896<<16|46836) dynamic graphic=-1 abs=0,0 511x1 hidden=1 ownhide=1
      [337] kind=graphic widget_type=5 trans=0 fill_mode=0 user_id=0x0380b6f5 (896<<16|46837) dynamic graphic=-1 abs=0,0 511x1 hidden=1 ownhide=1
      [338] kind=graphic widget_type=5 trans=0 fill_mode=0 user_id=0x0380b6f6 (896<<16|46838) dynamic graphic=-1 abs=0,0 511x1 hidden=1 ownhide=1
      [339] kind=graphic widget_type=5 trans=0 fill_mode=0 user_id=0x0380b6f7 (896<<16|46839) dynamic graphic=-1 abs=0,0 511x1 hidden=1 ownhide=1
      [340] kind=graphic widget_type=5 trans=0 fill_mode=0 user_id=0x0380b6f8 (896<<16|46840) dynamic graphic=-1 abs=0,0 511x1 hidden=1 ownhide=1
      [341] kind=graphic widget_type=5 trans=0 fill_mode=0 user_id=0x0380b6f9 (896<<16|46841) dynamic graphic=-1 abs=0,0 511x1 hidden=1 ownhide=1
      [342] kind=graphic widget_type=5 trans=0 fill_mode=0 user_id=0x0380b6fa (896<<16|46842) dynamic graphic=-1 abs=0,0 511x1 hidden=1 ownhide=1
      [343] kind=graphic widget_type=5 trans=0 fill_mode=0 user_id=0x0380b6fb (896<<16|46843) dynamic graphic=-1 abs=0,0 511x1 hidden=1 ownhide=1
      [344] kind=graphic widget_type=5 trans=0 fill_mode=0 user_id=0x0380b6fc (896<<16|46844) dynamic graphic=-1 abs=0,0 511x1 hidden=1 ownhide=1
      [345] kind=graphic widget_type=5 trans=0 fill_mode=0 user_id=0x0380b6fd (896<<16|46845) dynamic graphic=-1 abs=0,0 511x1 hidden=1 ownhide=1
      [346] kind=graphic widget_type=5 trans=0 fill_mode=0 user_id=0x0380b6fe (896<<16|46846) dynamic graphic=-1 abs=0,0 511x1 hidden=1 ownhide=1
      [347] kind=graphic widget_type=5 trans=0 fill_mode=0 user_id=0x0380b6ff (896<<16|46847) dynamic graphic=-1 abs=0,0 511x1 hidden=1 ownhide=1
      [348] kind=graphic widget_type=5 trans=0 fill_mode=0 user_id=0x0380b700 (896<<16|46848) dynamic graphic=-1 abs=0,0 511x1 hidden=1 ownhide=1
      [349] kind=graphic widget_type=5 trans=0 fill_mode=0 user_id=0x0380b701 (896<<16|46849) dynamic graphic=-1 abs=0,0 511x1 hidden=1 ownhide=1
      [350] kind=graphic widget_type=5 trans=0 fill_mode=0 user_id=0x0380b702 (896<<16|46850) dynamic graphic=-1 abs=0,0 511x1 hidden=1 ownhide=1
      [351] kind=graphic widget_type=5 trans=0 fill_mode=0 user_id=0x0380b703 (896<<16|46851) dynamic graphic=-1 abs=0,0 511x1 hidden=1 ownhide=1
      [352] kind=graphic widget_type=5 trans=0 fill_mode=0 user_id=0x0380b704 (896<<16|46852) dynamic graphic=-1 abs=0,0 511x1 hidden=1 ownhide=1
      [353] kind=graphic widget_type=5 trans=0 fill_mode=0 user_id=0x0380b705 (896<<16|46853) dynamic graphic=-1 abs=0,0 511x1 hidden=1 ownhide=1
      [354] kind=graphic widget_type=5 trans=0 fill_mode=0 user_id=0x0380b706 (896<<16|46854) dynamic graphic=-1 abs=0,0 511x1 hidden=1 ownhide=1
      [355] kind=graphic widget_type=5 trans=0 fill_mode=0 user_id=0x0380b707 (896<<16|46855) dynamic graphic=-1 abs=0,0 511x1 hidden=1 ownhide=1
      [356] kind=graphic widget_type=5 trans=0 fill_mode=0 user_id=0x0380b708 (896<<16|46856) dynamic graphic=-1 abs=0,0 511x1 hidden=1 ownhide=1
      [357] kind=graphic widget_type=5 trans=0 fill_mode=0 user_id=0x0380b709 (896<<16|46857) dynamic graphic=-1 abs=0,0 511x1 hidden=1 ownhide=1
      [358] kind=graphic widget_type=5 trans=0 fill_mode=0 user_id=0x0380b70a (896<<16|46858) dynamic graphic=-1 abs=0,0 511x1 hidden=1 ownhide=1
      [359] kind=graphic widget_type=5 trans=0 fill_mode=0 user_id=0x0380b70b (896<<16|46859) dynamic graphic=-1 abs=0,0 511x1 hidden=1 ownhide=1
      [360] kind=graphic widget_type=5 trans=0 fill_mode=0 user_id=0x0380b70c (896<<16|46860) dynamic graphic=-1 abs=0,0 511x1 hidden=1 ownhide=1
      [361] kind=graphic widget_type=5 trans=0 fill_mode=0 user_id=0x0380b70d (896<<16|46861) dynamic graphic=-1 abs=0,0 511x1 hidden=1 ownhide=1
      [362] kind=graphic widget_type=5 trans=0 fill_mode=0 user_id=0x0380b70e (896<<16|46862) dynamic graphic=-1 abs=0,0 511x1 hidden=1 ownhide=1
      [363] kind=graphic widget_type=5 trans=0 fill_mode=0 user_id=0x0380b70f (896<<16|46863) dynamic graphic=-1 abs=0,0 511x1 hidden=1 ownhide=1
      [364] kind=graphic widget_type=5 trans=0 fill_mode=0 user_id=0x0380b710 (896<<16|46864) dynamic graphic=-1 abs=0,0 511x1 hidden=1 ownhide=1
      [365] kind=graphic widget_type=5 trans=0 fill_mode=0 user_id=0x0380b711 (896<<16|46865) dynamic graphic=-1 abs=0,0 511x1 hidden=1 ownhide=1
      [366] kind=graphic widget_type=5 trans=0 fill_mode=0 user_id=0x0380b712 (896<<16|46866) dynamic graphic=-1 abs=0,0 511x1 hidden=1 ownhide=1
      [367] kind=graphic widget_type=5 trans=0 fill_mode=0 user_id=0x0380b713 (896<<16|46867) dynamic graphic=-1 abs=0,0 511x1 hidden=1 ownhide=1
      [368] kind=graphic widget_type=5 trans=0 fill_mode=0 user_id=0x0380b714 (896<<16|46868) dynamic graphic=-1 abs=0,0 511x1 hidden=1 ownhide=1
      [369] kind=graphic widget_type=5 trans=0 fill_mode=0 user_id=0x0380b715 (896<<16|46869) dynamic graphic=-1 abs=0,0 511x1 hidden=1 ownhide=1
      [370] kind=graphic widget_type=5 trans=0 fill_mode=0 user_id=0x0380b716 (896<<16|46870) dynamic graphic=-1 abs=0,0 511x1 hidden=1 ownhide=1
      [371] kind=graphic widget_type=5 trans=0 fill_mode=0 user_id=0x0380b717 (896<<16|46871) dynamic graphic=-1 abs=0,0 511x1 hidden=1 ownhide=1
      [372] kind=graphic widget_type=5 trans=0 fill_mode=0 user_id=0x0380b718 (896<<16|46872) dynamic graphic=-1 abs=0,0 511x1 hidden=1 ownhide=1
      [373] kind=graphic widget_type=5 trans=0 fill_mode=0 user_id=0x0380b719 (896<<16|46873) dynamic graphic=-1 abs=0,0 511x1 hidden=1 ownhide=1
      [374] kind=graphic widget_type=5 trans=0 fill_mode=0 user_id=0x0380b71a (896<<16|46874) dynamic graphic=-1 abs=0,0 511x1 hidden=1 ownhide=1
      [375] kind=graphic widget_type=5 trans=0 fill_mode=0 user_id=0x0380b71b (896<<16|46875) dynamic graphic=-1 abs=0,0 511x1 hidden=1 ownhide=1
      [376] kind=graphic widget_type=5 trans=0 fill_mode=0 user_id=0x0380b71c (896<<16|46876) dynamic graphic=-1 abs=0,0 511x1 hidden=1 ownhide=1
      [377] kind=graphic widget_type=5 trans=0 fill_mode=0 user_id=0x0380b71d (896<<16|46877) dynamic graphic=-1 abs=0,0 511x1 hidden=1 ownhide=1
      [378] kind=graphic widget_type=5 trans=0 fill_mode=0 user_id=0x0380b71e (896<<16|46878) dynamic graphic=-1 abs=0,0 511x1 hidden=1 ownhide=1
      [379] kind=graphic widget_type=5 trans=0 fill_mode=0 user_id=0x0380b71f (896<<16|46879) dynamic graphic=-1 abs=0,0 511x1 hidden=1 ownhide=1
      [380] kind=graphic widget_type=5 trans=0 fill_mode=0 user_id=0x0380b720 (896<<16|46880) dynamic graphic=-1 abs=0,0 511x1 hidden=1 ownhide=1
      [381] kind=graphic widget_type=5 trans=0 fill_mode=0 user_id=0x0380b721 (896<<16|46881) dynamic graphic=-1 abs=0,0 511x1 hidden=1 ownhide=1
      [382] kind=graphic widget_type=5 trans=0 fill_mode=0 user_id=0x0380b722 (896<<16|46882) dynamic graphic=-1 abs=0,0 511x1 hidden=1 ownhide=1
      [383] kind=graphic widget_type=5 trans=0 fill_mode=0 user_id=0x0380b723 (896<<16|46883) dynamic graphic=-1 abs=0,0 511x1 hidden=1 ownhide=1
      [384] kind=graphic widget_type=5 trans=0 fill_mode=0 user_id=0x0380b724 (896<<16|46884) dynamic graphic=-1 abs=0,0 511x1 hidden=1 ownhide=1
      [385] kind=graphic widget_type=5 trans=0 fill_mode=0 user_id=0x0380b725 (896<<16|46885) dynamic graphic=-1 abs=0,0 511x1 hidden=1 ownhide=1
      [386] kind=graphic widget_type=5 trans=0 fill_mode=0 user_id=0x0380b726 (896<<16|46886) dynamic graphic=-1 abs=0,0 511x1 hidden=1 ownhide=1
      [387] kind=graphic widget_type=5 trans=0 fill_mode=0 user_id=0x0380b727 (896<<16|46887) dynamic graphic=-1 abs=0,0 511x1 hidden=1 ownhide=1
      [388] kind=graphic widget_type=5 trans=0 fill_mode=0 user_id=0x0380b728 (896<<16|46888) dynamic graphic=-1 abs=0,0 511x1 hidden=1 ownhide=1
      [389] kind=graphic widget_type=5 trans=0 fill_mode=0 user_id=0x0380b729 (896<<16|46889) dynamic graphic=-1 abs=0,0 511x1 hidden=1 ownhide=1
      [390] kind=graphic widget_type=5 trans=0 fill_mode=0 user_id=0x0380b72a (896<<16|46890) dynamic graphic=-1 abs=0,0 511x1 hidden=1 ownhide=1
      [391] kind=graphic widget_type=5 trans=0 fill_mode=0 user_id=0x0380b72b (896<<16|46891) dynamic graphic=-1 abs=0,0 511x1 hidden=1 ownhide=1
      [392] kind=graphic widget_type=5 trans=0 fill_mode=0 user_id=0x0380b72c (896<<16|46892) dynamic graphic=-1 abs=0,0 511x1 hidden=1 ownhide=1
      [393] kind=graphic widget_type=5 trans=0 fill_mode=0 user_id=0x0380b72d (896<<16|46893) dynamic graphic=-1 abs=0,0 511x1 hidden=1 ownhide=1
      [394] kind=graphic widget_type=5 trans=0 fill_mode=0 user_id=0x0380b72e (896<<16|46894) dynamic graphic=-1 abs=0,0 511x1 hidden=1 ownhide=1
      [395] kind=graphic widget_type=5 trans=0 fill_mode=0 user_id=0x0380b72f (896<<16|46895) dynamic graphic=-1 abs=0,0 511x1 hidden=1 ownhide=1
      [396] kind=graphic widget_type=5 trans=0 fill_mode=0 user_id=0x0380b730 (896<<16|46896) dynamic graphic=-1 abs=0,0 511x1 hidden=1 ownhide=1
      [397] kind=graphic widget_type=5 trans=0 fill_mode=0 user_id=0x0380b731 (896<<16|46897) dynamic graphic=-1 abs=0,0 511x1 hidden=1 ownhide=1
      [398] kind=graphic widget_type=5 trans=0 fill_mode=0 user_id=0x0380b732 (896<<16|46898) dynamic graphic=-1 abs=0,0 511x1 hidden=1 ownhide=1
      [399] kind=graphic widget_type=5 trans=0 fill_mode=0 user_id=0x0380b733 (896<<16|46899) dynamic graphic=-1 abs=0,0 511x1 hidden=1 ownhide=1
      [400] kind=graphic widget_type=5 trans=0 fill_mode=0 user_id=0x0380b734 (896<<16|46900) dynamic graphic=-1 abs=0,0 511x1 hidden=1 ownhide=1
      [401] kind=graphic widget_type=5 trans=0 fill_mode=0 user_id=0x0380b735 (896<<16|46901) dynamic graphic=-1 abs=0,0 511x1 hidden=1 ownhide=1
      [402] kind=graphic widget_type=5 trans=0 fill_mode=0 user_id=0x0380b736 (896<<16|46902) dynamic graphic=-1 abs=0,0 511x1 hidden=1 ownhide=1
      [403] kind=graphic widget_type=5 trans=0 fill_mode=0 user_id=0x0380b737 (896<<16|46903) dynamic graphic=-1 abs=0,0 511x1 hidden=1 ownhide=1
      [404] kind=graphic widget_type=5 trans=0 fill_mode=0 user_id=0x0380b738 (896<<16|46904) dynamic graphic=-1 abs=0,0 511x1 hidden=1 ownhide=1
      [405] kind=graphic widget_type=5 trans=0 fill_mode=0 user_id=0x0380b739 (896<<16|46905) dynamic graphic=-1 abs=0,0 511x1 hidden=1 ownhide=1
      [406] kind=graphic widget_type=5 trans=0 fill_mode=0 user_id=0x0380b73a (896<<16|46906) dynamic graphic=-1 abs=0,0 511x1 hidden=1 ownhide=1
      [407] kind=graphic widget_type=5 trans=0 fill_mode=0 user_id=0x0380b73b (896<<16|46907) dynamic graphic=-1 abs=0,0 511x1 hidden=1 ownhide=1
      [408] kind=graphic widget_type=5 trans=0 fill_mode=0 user_id=0x0380b73c (896<<16|46908) dynamic graphic=-1 abs=0,0 511x1 hidden=1 ownhide=1
      [409] kind=graphic widget_type=5 trans=0 fill_mode=0 user_id=0x0380b73d (896<<16|46909) dynamic graphic=-1 abs=0,0 511x1 hidden=1 ownhide=1
      [410] kind=graphic widget_type=5 trans=0 fill_mode=0 user_id=0x0380b73e (896<<16|46910) dynamic graphic=-1 abs=0,0 511x1 hidden=1 ownhide=1
      [411] kind=graphic widget_type=5 trans=0 fill_mode=0 user_id=0x0380b73f (896<<16|46911) dynamic graphic=-1 abs=0,0 511x1 hidden=1 ownhide=1
      [412] kind=graphic widget_type=5 trans=0 fill_mode=0 user_id=0x0380b740 (896<<16|46912) dynamic graphic=-1 abs=0,0 511x1 hidden=1 ownhide=1
      [413] kind=graphic widget_type=5 trans=0 fill_mode=0 user_id=0x0380b741 (896<<16|46913) dynamic graphic=-1 abs=0,0 511x1 hidden=1 ownhide=1
      [414] kind=graphic widget_type=5 trans=0 fill_mode=0 user_id=0x0380b742 (896<<16|46914) dynamic graphic=-1 abs=0,0 511x1 hidden=1 ownhide=1
      [415] kind=graphic widget_type=5 trans=0 fill_mode=0 user_id=0x0380b743 (896<<16|46915) dynamic graphic=-1 abs=0,0 511x1 hidden=1 ownhide=1
      [416] kind=graphic widget_type=5 trans=0 fill_mode=0 user_id=0x0380b744 (896<<16|46916) dynamic graphic=-1 abs=0,0 511x1 hidden=1 ownhide=1
      [417] kind=graphic widget_type=5 trans=0 fill_mode=0 user_id=0x0380b745 (896<<16|46917) dynamic graphic=-1 abs=0,0 511x1 hidden=1 ownhide=1
      [418] kind=graphic widget_type=5 trans=0 fill_mode=0 user_id=0x0380b746 (896<<16|46918) dynamic graphic=-1 abs=0,0 511x1 hidden=1 ownhide=1
      [419] kind=graphic widget_type=5 trans=0 fill_mode=0 user_id=0x0380b747 (896<<16|46919) dynamic graphic=-1 abs=0,0 511x1 hidden=1 ownhide=1
      [420] kind=graphic widget_type=5 trans=0 fill_mode=0 user_id=0x0380b748 (896<<16|46920) dynamic graphic=-1 abs=0,0 511x1 hidden=1 ownhide=1
      [421] kind=graphic widget_type=5 trans=0 fill_mode=0 user_id=0x0380b749 (896<<16|46921) dynamic graphic=-1 abs=0,0 511x1 hidden=1 ownhide=1
      [422] kind=graphic widget_type=5 trans=0 fill_mode=0 user_id=0x0380b74a (896<<16|46922) dynamic graphic=-1 abs=0,0 511x1 hidden=1 ownhide=1
      [423] kind=graphic widget_type=5 trans=0 fill_mode=0 user_id=0x0380b74b (896<<16|46923) dynamic graphic=-1 abs=0,0 511x1 hidden=1 ownhide=1
      [424] kind=graphic widget_type=5 trans=0 fill_mode=0 user_id=0x0380b74c (896<<16|46924) dynamic graphic=-1 abs=0,0 511x1 hidden=1 ownhide=1
      [425] kind=graphic widget_type=5 trans=0 fill_mode=0 user_id=0x0380b74d (896<<16|46925) dynamic graphic=-1 abs=0,0 511x1 hidden=1 ownhide=1
      [426] kind=graphic widget_type=5 trans=0 fill_mode=0 user_id=0x0380b74e (896<<16|46926) dynamic graphic=-1 abs=0,0 511x1 hidden=1 ownhide=1
      [427] kind=graphic widget_type=5 trans=0 fill_mode=0 user_id=0x0380b74f (896<<16|46927) dynamic graphic=-1 abs=0,0 511x1 hidden=1 ownhide=1
      [428] kind=graphic widget_type=5 trans=0 fill_mode=0 user_id=0x0380b750 (896<<16|46928) dynamic graphic=-1 abs=0,0 511x1 hidden=1 ownhide=1
      [429] kind=graphic widget_type=5 trans=0 fill_mode=0 user_id=0x0380b751 (896<<16|46929) dynamic graphic=-1 abs=0,0 511x1 hidden=1 ownhide=1
      [430] kind=graphic widget_type=5 trans=0 fill_mode=0 user_id=0x0380b752 (896<<16|46930) dynamic graphic=-1 abs=0,0 511x1 hidden=1 ownhide=1
      [431] kind=graphic widget_type=5 trans=0 fill_mode=0 user_id=0x0380b753 (896<<16|46931) dynamic graphic=-1 abs=0,0 511x1 hidden=1 ownhide=1
      [432] kind=graphic widget_type=5 trans=0 fill_mode=0 user_id=0x0380b754 (896<<16|46932) dynamic graphic=-1 abs=0,0 511x1 hidden=1 ownhide=1
      [433] kind=graphic widget_type=5 trans=0 fill_mode=0 user_id=0x0380b755 (896<<16|46933) dynamic graphic=-1 abs=0,0 511x1 hidden=1 ownhide=1
      [434] kind=graphic widget_type=5 trans=0 fill_mode=0 user_id=0x0380b756 (896<<16|46934) dynamic graphic=-1 abs=0,0 511x1 hidden=1 ownhide=1
      [435] kind=graphic widget_type=5 trans=0 fill_mode=0 user_id=0x0380b757 (896<<16|46935) dynamic graphic=-1 abs=0,0 511x1 hidden=1 ownhide=1
      [436] kind=graphic widget_type=5 trans=0 fill_mode=0 user_id=0x0380b758 (896<<16|46936) dynamic graphic=-1 abs=0,0 511x1 hidden=1 ownhide=1
      [437] kind=graphic widget_type=5 trans=0 fill_mode=0 user_id=0x0380b759 (896<<16|46937) dynamic graphic=-1 abs=0,0 511x1 hidden=1 ownhide=1
      [438] kind=graphic widget_type=5 trans=0 fill_mode=0 user_id=0x0380b75a (896<<16|46938) dynamic graphic=-1 abs=0,0 511x1 hidden=1 ownhide=1
      [439] kind=graphic widget_type=5 trans=0 fill_mode=0 user_id=0x0380b75b (896<<16|46939) dynamic graphic=-1 abs=0,0 511x1 hidden=1 ownhide=1
      [440] kind=graphic widget_type=5 trans=0 fill_mode=0 user_id=0x0380b75c (896<<16|46940) dynamic graphic=-1 abs=0,0 511x1 hidden=1 ownhide=1
      [441] kind=graphic widget_type=5 trans=0 fill_mode=0 user_id=0x0380b75d (896<<16|46941) dynamic graphic=-1 abs=0,0 511x1 hidden=1 ownhide=1
      [442] kind=graphic widget_type=5 trans=0 fill_mode=0 user_id=0x0380b75e (896<<16|46942) dynamic graphic=-1 abs=0,0 511x1 hidden=1 ownhide=1
      [443] kind=graphic widget_type=5 trans=0 fill_mode=0 user_id=0x0380b75f (896<<16|46943) dynamic graphic=-1 abs=0,0 511x1 hidden=1 ownhide=1
      [444] kind=graphic widget_type=5 trans=0 fill_mode=0 user_id=0x0380b760 (896<<16|46944) dynamic graphic=-1 abs=0,0 511x1 hidden=1 ownhide=1
      [445] kind=graphic widget_type=5 trans=0 fill_mode=0 user_id=0x0380b761 (896<<16|46945) dynamic graphic=-1 abs=0,0 511x1 hidden=1 ownhide=1
      [446] kind=graphic widget_type=5 trans=0 fill_mode=0 user_id=0x0380b762 (896<<16|46946) dynamic graphic=-1 abs=0,0 511x1 hidden=1 ownhide=1
      [447] kind=graphic widget_type=5 trans=0 fill_mode=0 user_id=0x0380b763 (896<<16|46947) dynamic graphic=-1 abs=0,0 511x1 hidden=1 ownhide=1
      [448] kind=graphic widget_type=5 trans=0 fill_mode=0 user_id=0x0380b764 (896<<16|46948) dynamic graphic=-1 abs=0,0 511x1 hidden=1 ownhide=1
      [449] kind=graphic widget_type=5 trans=0 fill_mode=0 user_id=0x0380b765 (896<<16|46949) dynamic graphic=-1 abs=0,0 511x1 hidden=1 ownhide=1
      [450] kind=graphic widget_type=5 trans=0 fill_mode=0 user_id=0x0380b766 (896<<16|46950) dynamic graphic=-1 abs=0,0 511x1 hidden=1 ownhide=1
      [451] kind=graphic widget_type=5 trans=0 fill_mode=0 user_id=0x0380b767 (896<<16|46951) dynamic graphic=-1 abs=0,0 511x1 hidden=1 ownhide=1
      [452] kind=graphic widget_type=5 trans=0 fill_mode=0 user_id=0x0380b768 (896<<16|46952) dynamic graphic=-1 abs=0,0 511x1 hidden=1 ownhide=1
      [453] kind=graphic widget_type=5 trans=0 fill_mode=0 user_id=0x0380b769 (896<<16|46953) dynamic graphic=-1 abs=0,0 511x1 hidden=1 ownhide=1
      [454] kind=graphic widget_type=5 trans=0 fill_mode=0 user_id=0x0380b76a (896<<16|46954) dynamic graphic=-1 abs=0,0 511x1 hidden=1 ownhide=1
      [455] kind=graphic widget_type=5 trans=0 fill_mode=0 user_id=0x0380b76b (896<<16|46955) dynamic graphic=-1 abs=0,0 511x1 hidden=1 ownhide=1
      [456] kind=graphic widget_type=5 trans=0 fill_mode=0 user_id=0x0380b76c (896<<16|46956) dynamic graphic=-1 abs=0,0 511x1 hidden=1 ownhide=1
      [457] kind=graphic widget_type=5 trans=0 fill_mode=0 user_id=0x0380b76d (896<<16|46957) dynamic graphic=-1 abs=0,0 511x1 hidden=1 ownhide=1
      [458] kind=graphic widget_type=5 trans=0 fill_mode=0 user_id=0x0380b76e (896<<16|46958) dynamic graphic=-1 abs=0,0 511x1 hidden=1 ownhide=1
      [459] kind=graphic widget_type=5 trans=0 fill_mode=0 user_id=0x0380b76f (896<<16|46959) dynamic graphic=-1 abs=0,0 511x1 hidden=1 ownhide=1
      [460] kind=graphic widget_type=5 trans=0 fill_mode=0 user_id=0x0380b770 (896<<16|46960) dynamic graphic=-1 abs=0,0 511x1 hidden=1 ownhide=1
      [461] kind=graphic widget_type=5 trans=0 fill_mode=0 user_id=0x0380b771 (896<<16|46961) dynamic graphic=-1 abs=0,0 511x1 hidden=1 ownhide=1
      [462] kind=graphic widget_type=5 trans=0 fill_mode=0 user_id=0x0380b772 (896<<16|46962) dynamic graphic=-1 abs=0,0 511x1 hidden=1 ownhide=1
      [463] kind=graphic widget_type=5 trans=0 fill_mode=0 user_id=0x0380b773 (896<<16|46963) dynamic graphic=-1 abs=0,0 511x1 hidden=1 ownhide=1
      [464] kind=graphic widget_type=5 trans=0 fill_mode=0 user_id=0x0380b774 (896<<16|46964) dynamic graphic=-1 abs=0,0 511x1 hidden=1 ownhide=1
      [465] kind=graphic widget_type=5 trans=0 fill_mode=0 user_id=0x0380b775 (896<<16|46965) dynamic graphic=-1 abs=0,0 511x1 hidden=1 ownhide=1
      [466] kind=graphic widget_type=5 trans=0 fill_mode=0 user_id=0x0380b776 (896<<16|46966) dynamic graphic=-1 abs=0,0 511x1 hidden=1 ownhide=1
      [467] kind=graphic widget_type=5 trans=0 fill_mode=0 user_id=0x0380b777 (896<<16|46967) dynamic graphic=-1 abs=0,0 511x1 hidden=1 ownhide=1
      [468] kind=graphic widget_type=5 trans=0 fill_mode=0 user_id=0x0380b778 (896<<16|46968) dynamic graphic=-1 abs=0,0 511x1 hidden=1 ownhide=1
      [469] kind=graphic widget_type=5 trans=0 fill_mode=0 user_id=0x0380b779 (896<<16|46969) dynamic graphic=-1 abs=0,0 511x1 hidden=1 ownhide=1
      [470] kind=graphic widget_type=5 trans=0 fill_mode=0 user_id=0x0380b77a (896<<16|46970) dynamic graphic=-1 abs=0,0 511x1 hidden=1 ownhide=1
      [471] kind=graphic widget_type=5 trans=0 fill_mode=0 user_id=0x0380b77b (896<<16|46971) dynamic graphic=-1 abs=0,0 511x1 hidden=1 ownhide=1
      [472] kind=graphic widget_type=5 trans=0 fill_mode=0 user_id=0x0380b77c (896<<16|46972) dynamic graphic=-1 abs=0,0 511x1 hidden=1 ownhide=1
      [473] kind=graphic widget_type=5 trans=0 fill_mode=0 user_id=0x0380b77d (896<<16|46973) dynamic graphic=-1 abs=0,0 511x1 hidden=1 ownhide=1
      [474] kind=graphic widget_type=5 trans=0 fill_mode=0 user_id=0x0380b77e (896<<16|46974) dynamic graphic=-1 abs=0,0 511x1 hidden=1 ownhide=1
      [475] kind=graphic widget_type=5 trans=0 fill_mode=0 user_id=0x0380b77f (896<<16|46975) dynamic graphic=-1 abs=0,0 511x1 hidden=1 ownhide=1
      [476] kind=graphic widget_type=5 trans=0 fill_mode=0 user_id=0x0380b780 (896<<16|46976) dynamic graphic=-1 abs=0,0 511x1 hidden=1 ownhide=1
      [477] kind=graphic widget_type=5 trans=0 fill_mode=0 user_id=0x0380b781 (896<<16|46977) dynamic graphic=-1 abs=0,0 511x1 hidden=1 ownhide=1
      [478] kind=graphic widget_type=5 trans=0 fill_mode=0 user_id=0x0380b782 (896<<16|46978) dynamic graphic=-1 abs=0,0 511x1 hidden=1 ownhide=1
      [479] kind=graphic widget_type=5 trans=0 fill_mode=0 user_id=0x0380b783 (896<<16|46979) dynamic graphic=-1 abs=0,0 511x1 hidden=1 ownhide=1
      [480] kind=graphic widget_type=5 trans=0 fill_mode=0 user_id=0x0380b784 (896<<16|46980) dynamic graphic=-1 abs=0,0 511x1 hidden=1 ownhide=1
      [481] kind=graphic widget_type=5 trans=0 fill_mode=0 user_id=0x0380b785 (896<<16|46981) dynamic graphic=-1 abs=0,0 511x1 hidden=1 ownhide=1
      [482] kind=graphic widget_type=5 trans=0 fill_mode=0 user_id=0x0380b786 (896<<16|46982) dynamic graphic=-1 abs=0,0 511x1 hidden=1 ownhide=1
      [483] kind=graphic widget_type=5 trans=0 fill_mode=0 user_id=0x0380b787 (896<<16|46983) dynamic graphic=-1 abs=0,0 511x1 hidden=1 ownhide=1
      [484] kind=graphic widget_type=5 trans=0 fill_mode=0 user_id=0x0380b788 (896<<16|46984) dynamic graphic=-1 abs=0,0 511x1 hidden=1 ownhide=1
      [485] kind=graphic widget_type=5 trans=0 fill_mode=0 user_id=0x0380b789 (896<<16|46985) dynamic graphic=-1 abs=0,0 511x1 hidden=1 ownhide=1
      [486] kind=graphic widget_type=5 trans=0 fill_mode=0 user_id=0x0380b78a (896<<16|46986) dynamic graphic=-1 abs=0,0 511x1 hidden=1 ownhide=1
      [487] kind=graphic widget_type=5 trans=0 fill_mode=0 user_id=0x0380b78b (896<<16|46987) dynamic graphic=-1 abs=0,0 511x1 hidden=1 ownhide=1
      [488] kind=graphic widget_type=5 trans=0 fill_mode=0 user_id=0x0380b78c (896<<16|46988) dynamic graphic=-1 abs=0,0 511x1 hidden=1 ownhide=1
      [489] kind=graphic widget_type=5 trans=0 fill_mode=0 user_id=0x0380b78d (896<<16|46989) dynamic graphic=-1 abs=0,0 511x1 hidden=1 ownhide=1
      [490] kind=graphic widget_type=5 trans=0 fill_mode=0 user_id=0x0380b78e (896<<16|46990) dynamic graphic=-1 abs=0,0 511x1 hidden=1 ownhide=1
      [491] kind=graphic widget_type=5 trans=0 fill_mode=0 user_id=0x0380b78f (896<<16|46991) dynamic graphic=-1 abs=0,0 511x1 hidden=1 ownhide=1
      [492] kind=graphic widget_type=5 trans=0 fill_mode=0 user_id=0x0380b790 (896<<16|46992) dynamic graphic=-1 abs=0,0 511x1 hidden=1 ownhide=1
      [493] kind=graphic widget_type=5 trans=0 fill_mode=0 user_id=0x0380b791 (896<<16|46993) dynamic graphic=-1 abs=0,0 511x1 hidden=1 ownhide=1
      [494] kind=graphic widget_type=5 trans=0 fill_mode=0 user_id=0x0380b792 (896<<16|46994) dynamic graphic=-1 abs=0,0 511x1 hidden=1 ownhide=1
      [495] kind=graphic widget_type=5 trans=0 fill_mode=0 user_id=0x0380b793 (896<<16|46995) dynamic graphic=-1 abs=0,0 511x1 hidden=1 ownhide=1
      [496] kind=graphic widget_type=5 trans=0 fill_mode=0 user_id=0x0380b794 (896<<16|46996) dynamic graphic=-1 abs=0,0 511x1 hidden=1 ownhide=1
      [497] kind=graphic widget_type=5 trans=0 fill_mode=0 user_id=0x0380b795 (896<<16|46997) dynamic graphic=-1 abs=0,0 511x1 hidden=1 ownhide=1
      [498] kind=graphic widget_type=5 trans=0 fill_mode=0 user_id=0x0380b796 (896<<16|46998) dynamic graphic=-1 abs=0,0 511x1 hidden=1 ownhide=1
      [499] kind=graphic widget_type=5 trans=0 fill_mode=0 user_id=0x0380b797 (896<<16|46999) dynamic graphic=-1 abs=0,0 511x1 hidden=1 ownhide=1
      [500] kind=graphic widget_type=5 trans=0 fill_mode=0 user_id=0x0380b798 (896<<16|47000) dynamic graphic=-1 abs=0,0 511x1 hidden=1 ownhide=1
      [501] kind=graphic widget_type=5 trans=0 fill_mode=0 user_id=0x0380b799 (896<<16|47001) dynamic graphic=-1 abs=0,0 511x1 hidden=1 ownhide=1
      [502] kind=graphic widget_type=5 trans=0 fill_mode=0 user_id=0x0380b79a (896<<16|47002) dynamic graphic=-1 abs=0,0 511x1 hidden=1 ownhide=1
      [503] kind=graphic widget_type=5 trans=0 fill_mode=0 user_id=0x0380b79b (896<<16|47003) dynamic graphic=-1 abs=0,0 511x1 hidden=1 ownhide=1
      [504] kind=graphic widget_type=5 trans=0 fill_mode=0 user_id=0x0380b79c (896<<16|47004) dynamic graphic=-1 abs=0,0 511x1 hidden=1 ownhide=1
      [505] kind=graphic widget_type=5 trans=0 fill_mode=0 user_id=0x0380b79d (896<<16|47005) dynamic graphic=-1 abs=0,0 511x1 hidden=1 ownhide=1
      [506] kind=graphic widget_type=5 trans=0 fill_mode=0 user_id=0x0380b79e (896<<16|47006) dynamic graphic=-1 abs=0,0 511x1 hidden=1 ownhide=1
      [507] kind=graphic widget_type=5 trans=0 fill_mode=0 user_id=0x0380b79f (896<<16|47007) dynamic graphic=-1 abs=0,0 511x1 hidden=1 ownhide=1
      [508] kind=graphic widget_type=5 trans=0 fill_mode=0 user_id=0x0380b7a0 (896<<16|47008) dynamic graphic=-1 abs=0,0 511x1 hidden=1 ownhide=1
      [509] kind=graphic widget_type=5 trans=0 fill_mode=0 user_id=0x0380b7a1 (896<<16|47009) dynamic graphic=-1 abs=0,0 511x1 hidden=1 ownhide=1
      [510] kind=graphic widget_type=5 trans=0 fill_mode=0 user_id=0x0380b7a2 (896<<16|47010) dynamic graphic=-1 abs=0,0 511x1 hidden=1 ownhide=1
      [511] kind=graphic widget_type=5 trans=0 fill_mode=0 user_id=0x0380b7a3 (896<<16|47011) dynamic graphic=-1 abs=0,0 511x1 hidden=1 ownhide=1
[37] kind=layer widget_type=0 trans=0 fill_mode=0 user_id=0x00a10025 (161<<16|37) static
[98] kind=layer widget_type=0 trans=0 fill_mode=0 user_id=0x00a10062 (161<<16|98) static
wrote /Users/matthewevers/Documents/git_repos/3draster/docs/summoning/screenshots/equipment_tab_restored.bmp
