npc	npc_id	framemap	kind	id	cache_name	frames	game_ticks	frame_sounds	role	tier	note
tob_nylocas_incoming_melee	8342	1800	seq	4410	hosdun_spider_boss_attack_ranged	15	2.0		unknown	rig	on the rig, name is the Hosdun spider boss: not a candidate; verticaloffset=4
tob_nylocas_incoming_melee	8342	1800	seq	8002	top_spider_melee_idle	12	2.0		ready	bound	readyanim; verticaloffset=4
tob_nylocas_incoming_melee	8342	1800	seq	8003	top_spider_melee_walk	12	1.0		walk	bound	walkanim; verticaloffset=4
tob_nylocas_incoming_melee	8342	1800	seq	8004	top_spider_melee_attack	18	2.0	f6:3932:tob_nylocas_melee_attack_2	attack	rig+name	forcedpriority=6 verticaloffset=4
tob_nylocas_incoming_melee	8342	1800	seq	8005	top_spider_melee_death	27	4.3	f1:3980:tob_nylocas_melee_death_shriek_2;f7:4011:tob_nylocas_melee_death_bang_1;f8:3992:tob_nylocas_melee_death_spinning_4	death	rig+name	framestep=1 forcedpriority=10 verticaloffset=4
tob_nylocas_incoming_melee	8342	1800	seq	8006	top_spider_melee_death_detonate	47	2.0	f1:3294:tob_nylocas_deathdetonate_shriek;f6:3967:tob_nylocas_deathdetonate_bang_1;f7:3550:tob_nylocas_deathdetonate_spinning_3	special	rig+name	self-destruct; name says death_detonate; framestep=1 forcedpriority=10 verticaloffset=4
tob_nylocas_incoming_melee	8342	1800	seq	8075	top_spider_melee_spawn	16	2.0	f1:3546:tob_nylocas_web_spawn	spawn	rig+name	forcedpriority=10 verticaloffset=4
tob_nylocas_incoming_melee	8342	1800	seq	8147	hosdun_spider_boss_attack_melee	18	2.0		unknown	rig	on the rig, name is the Hosdun spider boss: not a candidate; verticaloffset=4
tob_nylocas_incoming_melee	8342	1800	seq	8318	hosdun_spider_boss_death	36	7.0		unknown	rig	on the rig, name is the Hosdun spider boss: not a candidate; framestep=1 forcedpriority=10 verticaloffset=4
tob_nylocas_incoming_melee	8342	1800	seq	8319	hodsun_spider_boss_walk	12	1.0		unknown	rig	on the rig, name is the Hosdun spider boss: not a candidate; verticaloffset=4
tob_nylocas_incoming_melee	8342	1800	seq	8320	hosdun_spider_boss_idle	12	2.0		unknown	rig	on the rig, name is the Hosdun spider boss: not a candidate; verticaloffset=4
tob_nylocas_incoming_melee	8342	1800	seq	8338	sote_gauntlet_spider_death	18	3.0		unknown	rig	on the rig, name is the Sotetseg gauntlet spider: not a candidate; forcedpriority=11 verticaloffset=4
tob_nylocas_incoming_melee	8342	1800	seq	8339	sote_gauntlet_spider_attack_melee	18	2.0		unknown	rig	on the rig, name is the Sotetseg gauntlet spider: not a candidate; forcedpriority=6 verticaloffset=4
tob_nylocas_incoming_melee	8342	1800	seq	8340	sote_gauntlet_spider_idle	12	2.0		unknown	rig	on the rig, name is the Sotetseg gauntlet spider: not a candidate; forcedpriority=4 verticaloffset=4
tob_nylocas_incoming_melee	8342	1800	seq	8341	sote_gauntlet_spider_walk	12	1.0		unknown	rig	on the rig, name is the Sotetseg gauntlet spider: not a candidate; forcedpriority=5 verticaloffset=4
tob_nylocas_incoming_melee	8342	1800	seq	8425	crystal_spider_attack	18	2.0		unknown	rig	on the rig, name is the crystal spider: not a candidate; forcedpriority=6 verticaloffset=4
tob_nylocas_incoming_melee	8342	1800	seq	8426	crystal_spider_death	47	2.0		unknown	rig	on the rig, name is the crystal spider: not a candidate; framestep=1 forcedpriority=10 verticaloffset=4
tob_nylocas_incoming_melee	8342	1800	seq	9030	top_spider_melee_spawn_noloop	16	2.0	f1:3546:tob_nylocas_web_spawn	spawn	rig+name	forcedpriority=10 verticaloffset=4
tob_nylocas_incoming_melee	8342	1800	seq	9136	hodsun_spider_boss_walk_small	12	0.6		unknown	rig	on the rig, name is the Hosdun spider boss: not a candidate; verticaloffset=4
tob_nylocas_incoming_melee	8342	1800	seq	9137	npc_araxyte01_idle	12	2.0		unknown	rig	on the rig, name is the Araxxor araxyte: not a candidate; forcedpriority=4
tob_nylocas_incoming_melee	8342	1800	seq	9138	npc_araxyte01_walk	12	1.0		unknown	rig	on the rig, name is the Araxxor araxyte: not a candidate; forcedpriority=5
tob_nylocas_incoming_melee	8342	1800	seq	9139	npc_araxyte01_walk_fast	12	0.6		unknown	rig	on the rig, name is the Araxxor araxyte: not a candidate; forcedpriority=5
tob_nylocas_incoming_melee	8342	1800	seq	9140	npc_araxyte01_attack	18	2.0		unknown	rig	on the rig, name is the Araxxor araxyte: not a candidate; forcedpriority=6
tob_nylocas_incoming_melee	8342	1800	seq	9141	npc_araxyte01_death	18	4.0	f1:9371:araxxor_mirror_back_minion_death_01;f4:9370:araxxor_mirror_back_minion_death_impact_01	unknown	rig	on the rig, name is the Araxxor araxyte: not a candidate; framestep=1 forcedpriority=10
tob_nylocas_incoming_melee	8342	1800	seq	11494	npc_araxyte02_idle	12	2.0		unknown	rig	on the rig, name is the Araxxor araxyte: not a candidate; forcedpriority=4
tob_nylocas_incoming_melee	8342	1800	seq	11495	npc_araxyte02_walk	12	1.0		unknown	rig	on the rig, name is the Araxxor araxyte: not a candidate; forcedpriority=5
tob_nylocas_incoming_melee	8342	1800	seq	11496	npc_araxyte02_walk_fast	12	0.6		unknown	rig	on the rig, name is the Araxxor araxyte: not a candidate; forcedpriority=5
tob_nylocas_incoming_melee	8342	1800	seq	11497	npc_araxyte02_attack	18	2.0		unknown	rig	on the rig, name is the Araxxor araxyte: not a candidate; forcedpriority=6
tob_nylocas_incoming_melee	8342	1800	seq	11498	npc_araxyte_acidic_01_attack	18	2.0	f2:9381:araxxor_acidic_minion_attack_03;f7:9381:araxxor_acidic_minion_attack_03	unknown	rig	on the rig, name is the Araxxor araxyte: not a candidate; forcedpriority=6
tob_nylocas_incoming_melee	8342	1800	seq	11499	npc_araxyte_acidic_02_attack	18	2.0	f2:9381:araxxor_acidic_minion_attack_03;f7:9381:araxxor_acidic_minion_attack_03	unknown	rig	on the rig, name is the Araxxor araxyte: not a candidate; forcedpriority=6
tob_nylocas_incoming_melee	8342	1800	seq	11500	npc_araxyte_mirror_back_01_attack	18	2.0	f2:9372:araxxor_mirror_back_minion_attack_01_01;f7:9375:araxxor_mirror_back_minion_attack_02_01	unknown	rig	on the rig, name is the Araxxor araxyte: not a candidate; forcedpriority=6
tob_nylocas_incoming_melee	8342	1800	seq	11501	npc_araxyte_mirror_back_02_attack	18	2.0	f2:9372:araxxor_mirror_back_minion_attack_01_01;f7:9375:araxxor_mirror_back_minion_attack_02_01	unknown	rig	on the rig, name is the Araxxor araxyte: not a candidate; forcedpriority=6
tob_nylocas_incoming_melee	8342	1800	seq	11502	npc_araxyte02_death	18	4.0	f1:9371:araxxor_mirror_back_minion_death_01;f4:9370:araxxor_mirror_back_minion_death_impact_01	unknown	rig	on the rig, name is the Araxxor araxyte: not a candidate; forcedpriority=10
tob_nylocas_incoming_melee	8342	1800	seq	11503	npc_araxyte02_hatch	17	2.0		unknown	rig	on the rig, name is the Araxxor araxyte: not a candidate; forcedpriority=9
tob_nylocas_incoming_melee	8342	1800	seq	11504	npc_araxyte_explode	20	4.3	f1:9382:araxxor_acidic_minion_explosion_01	unknown	rig	on the rig, name is the Araxxor araxyte: not a candidate
tob_nylocas_incoming_melee	8342	1800	seq	11510	npc_araxyte_mirror_back_death	18	4.0	f1:9371:araxxor_mirror_back_minion_death_01;f4:9370:araxxor_mirror_back_minion_death_impact_01	unknown	rig	on the rig, name is the Araxxor araxyte: not a candidate; framestep=1 forcedpriority=10
tob_nylocas_incoming_melee	8342	1800	seq	14387	top_spider_melee_attack_quiet	18	2.0	f6:11556:synth_11556	attack	rig+name	quiet variant; forcedpriority=6 verticaloffset=4
tob_nylocas_incoming_melee	8342	1800	seq	14388	top_spider_melee_death_quiet	27	4.3	f1:11558:synth_11558;f7:11557:synth_11557;f8:11559:synth_11559	death	rig+name	quiet variant; framestep=1 forcedpriority=10 verticaloffset=4
tob_nylocas_incoming_melee	8342	1832	seq	8073	nylocas_pillar_precollapse	1	0.2		unknown	name	name word match only, off this npc's rig (framemap 1832); framestep=1
tob_nylocas_incoming_melee	8342	1832	seq	8074	nylocas_pillar_collapse	26	4.0		unknown	name	name word match only, off this npc's rig (framemap 1832); framestep=1
tob_nylocas_incoming_melee	8342	1810	seq	14381	nylocas_queen_idle	24	4.0		unknown	name	name word match only, off this npc's rig (framemap 1810); forcedpriority=4 verticaloffset=3
tob_nylocas_incoming_melee	8342	1810	seq	14382	nylocas_queen_walk	72	9.0		unknown	name	name word match only, off this npc's rig (framemap 1810); forcedpriority=5 verticaloffset=3
tob_nylocas_incoming_melee	8342	1810	seq	14383	nylocas_queen_melee	23	3.0	f1:3957:tob_verzik_spider_attack_melee_cry;f13:3936:tob_verzik_spider_attack_melee	unknown	name	name word match only, off this npc's rig (framemap 1810); forcedpriority=6 precedence=2 priority=2 verticaloffset=3
tob_nylocas_incoming_melee	8342	1810	seq	14384	nylocas_queen_summon	17	2.0	f1:3957:tob_verzik_spider_attack_melee_cry	unknown	name	name word match only, off this npc's rig (framemap 1810); 
tob_nylocas_incoming_melee	8342	1810	seq	14385	nylocas_queen_ranged	22	2.9	f11:3990:tob_verzik_spider_attack_ranged	unknown	name	name word match only, off this npc's rig (framemap 1810); forcedpriority=6 precedence=2 priority=2 verticaloffset=3
tob_nylocas_incoming_melee	8342	1810	seq	14386	nylocas_queen_magic	22	3.0	f1:3543:tob_verzik_spark_1;f9:4004:tob_verzik_spider_magic_attack	unknown	name	name word match only, off this npc's rig (framemap 1810); forcedpriority=6 precedence=2 priority=2 verticaloffset=3
tob_nylocas_incoming_ranged	8343	1801	seq	7993	top_spider_ranged_idle	12	2.0		ready	bound	readyanim; verticaloffset=4
tob_nylocas_incoming_ranged	8343	1801	seq	7997	top_spider_ranged_walk	12	1.0		walk	bound	walkanim; verticaloffset=4
tob_nylocas_incoming_ranged	8343	1801	seq	7998	top_spider_ranged_death	27	4.3	f1:3978:tob_nylocas_range_death_shriek;f7:3232:tob_nylocas_range_death_bang;f8:3943:tob_nylocas_range_death_spinning	death	rig+name	framestep=1 forcedpriority=10 verticaloffset=4
tob_nylocas_incoming_ranged	8343	1801	seq	7999	top_spider_ranged_attack	15	2.0	f2:3953:tob_nylocas_range_attack_projectiles_2;f10:3966:tob_nylocas_range_attack_shriek_2	attack	rig+name	forcedpriority=6 verticaloffset=4
tob_nylocas_incoming_ranged	8343	1801	seq	8000	top_spider_ranged_death_detonate	47	2.0	f1:3294:tob_nylocas_deathdetonate_shriek;f6:3967:tob_nylocas_deathdetonate_bang_1;f7:3550:tob_nylocas_deathdetonate_spinning_3	special	rig+name	self-destruct; name says death_detonate; framestep=1 forcedpriority=10 verticaloffset=4
tob_nylocas_incoming_ranged	8343	1801	seq	8001	top_spider_ranged_meleeattack	18	2.0	f6:3993:tob_nylocas_range_melee_attack	attack	rig+name	melee swing on a non-melee model; forcedpriority=6 verticaloffset=4
tob_nylocas_incoming_ranged	8343	1801	seq	14389	top_spider_ranged_death_quiet	27	4.3	f1:11562:synth_11562;f7:11561:synth_11561;f8:11563:synth_11563	death	rig+name	quiet variant; framestep=1 forcedpriority=10 verticaloffset=4
tob_nylocas_incoming_ranged	8343	1801	seq	14390	top_spider_ranged_attack_quiet	15	2.0	f2:11560:synth_11560;f10:3966:tob_nylocas_range_attack_shriek_2	attack	rig+name	quiet variant; forcedpriority=6 verticaloffset=4
tob_nylocas_incoming_ranged	8343	1801	seq	14391	top_spider_ranged_meleeattack_quiet	18	2.0	f6:11564:synth_11564	attack	rig+name	melee swing on a non-melee model; forcedpriority=6 verticaloffset=4
tob_nylocas_incoming_ranged	8343	1832	seq	8073	nylocas_pillar_precollapse	1	0.2		unknown	name	name word match only, off this npc's rig (framemap 1832); framestep=1
tob_nylocas_incoming_ranged	8343	1832	seq	8074	nylocas_pillar_collapse	26	4.0		unknown	name	name word match only, off this npc's rig (framemap 1832); framestep=1
tob_nylocas_incoming_ranged	8343	1810	seq	14381	nylocas_queen_idle	24	4.0		unknown	name	name word match only, off this npc's rig (framemap 1810); forcedpriority=4 verticaloffset=3
tob_nylocas_incoming_ranged	8343	1810	seq	14382	nylocas_queen_walk	72	9.0		unknown	name	name word match only, off this npc's rig (framemap 1810); forcedpriority=5 verticaloffset=3
tob_nylocas_incoming_ranged	8343	1810	seq	14383	nylocas_queen_melee	23	3.0	f1:3957:tob_verzik_spider_attack_melee_cry;f13:3936:tob_verzik_spider_attack_melee	unknown	name	name word match only, off this npc's rig (framemap 1810); forcedpriority=6 precedence=2 priority=2 verticaloffset=3
tob_nylocas_incoming_ranged	8343	1810	seq	14384	nylocas_queen_summon	17	2.0	f1:3957:tob_verzik_spider_attack_melee_cry	unknown	name	name word match only, off this npc's rig (framemap 1810); 
tob_nylocas_incoming_ranged	8343	1810	seq	14385	nylocas_queen_ranged	22	2.9	f11:3990:tob_verzik_spider_attack_ranged	unknown	name	name word match only, off this npc's rig (framemap 1810); forcedpriority=6 precedence=2 priority=2 verticaloffset=3
tob_nylocas_incoming_ranged	8343	1810	seq	14386	nylocas_queen_magic	22	3.0	f1:3543:tob_verzik_spark_1;f9:4004:tob_verzik_spider_magic_attack	unknown	name	name word match only, off this npc's rig (framemap 1810); forcedpriority=6 precedence=2 priority=2 verticaloffset=3
tob_nylocas_incoming_magic	8344	1799	seq	7987	top_spider_magic_walk	24	2.0		walk	bound	walkanim; verticaloffset=4
tob_nylocas_incoming_magic	8344	1799	seq	7988	top_spider_magic_idle	30	4.0		ready	bound	readyanim; verticaloffset=4
tob_nylocas_incoming_magic	8344	1799	seq	7989	top_spider_magic_attack	19	2.0	f6:4006:tob_nylocas_magic_attack_5;f9:4006:tob_nylocas_magic_attack_5	attack	rig+name	stretches=yes forcedpriority=6 verticaloffset=4
tob_nylocas_incoming_magic	8344	1799	seq	7990	top_spider_magic_meleeattack	18	2.0	f6:3982:tob_magic_melee_attack	attack	rig+name	melee swing on a non-melee model; forcedpriority=6 verticaloffset=4
tob_nylocas_incoming_magic	8344	1799	seq	7991	top_spider_magic_death	30	4.3	f1:4010:tob_magic_death_shriek;f7:3289:tob_magic_death_bang;f8:3984:tob_magic_death_spinning	death	rig+name	framestep=1 forcedpriority=10 verticaloffset=4
tob_nylocas_incoming_magic	8344	1799	seq	7992	top_spider_magic_death_detonate	50	2.0	f1:3294:tob_nylocas_deathdetonate_shriek;f6:3967:tob_nylocas_deathdetonate_bang_1;f7:3550:tob_nylocas_deathdetonate_spinning_3	special	rig+name	self-destruct; name says death_detonate; framestep=1 forcedpriority=10 verticaloffset=4
tob_nylocas_incoming_magic	8344	1799	seq	14392	top_spider_magic_attack_quiet	19	2.0	f6:11555:synth_11555;f9:11555:synth_11555	attack	rig+name	quiet variant; stretches=yes forcedpriority=6 verticaloffset=4
tob_nylocas_incoming_magic	8344	1799	seq	14393	top_spider_magic_meleeattack_quiet	18	2.0	f6:11554:synth_11554	attack	rig+name	melee swing on a non-melee model; forcedpriority=6 verticaloffset=4
tob_nylocas_incoming_magic	8344	1799	seq	14394	top_spider_magic_death_quiet	30	4.3	f1:11552:synth_11552;f7:11551:synth_11551;f8:11553:synth_11553	death	rig+name	quiet variant; framestep=1 forcedpriority=10 verticaloffset=4
tob_nylocas_incoming_magic	8344	1832	seq	8073	nylocas_pillar_precollapse	1	0.2		unknown	name	name word match only, off this npc's rig (framemap 1832); framestep=1
tob_nylocas_incoming_magic	8344	1832	seq	8074	nylocas_pillar_collapse	26	4.0		unknown	name	name word match only, off this npc's rig (framemap 1832); framestep=1
tob_nylocas_incoming_magic	8344	1810	seq	14381	nylocas_queen_idle	24	4.0		unknown	name	name word match only, off this npc's rig (framemap 1810); forcedpriority=4 verticaloffset=3
tob_nylocas_incoming_magic	8344	1810	seq	14382	nylocas_queen_walk	72	9.0		unknown	name	name word match only, off this npc's rig (framemap 1810); forcedpriority=5 verticaloffset=3
tob_nylocas_incoming_magic	8344	1810	seq	14383	nylocas_queen_melee	23	3.0	f1:3957:tob_verzik_spider_attack_melee_cry;f13:3936:tob_verzik_spider_attack_melee	unknown	name	name word match only, off this npc's rig (framemap 1810); forcedpriority=6 precedence=2 priority=2 verticaloffset=3
tob_nylocas_incoming_magic	8344	1810	seq	14384	nylocas_queen_summon	17	2.0	f1:3957:tob_verzik_spider_attack_melee_cry	unknown	name	name word match only, off this npc's rig (framemap 1810); 
tob_nylocas_incoming_magic	8344	1810	seq	14385	nylocas_queen_ranged	22	2.9	f11:3990:tob_verzik_spider_attack_ranged	unknown	name	name word match only, off this npc's rig (framemap 1810); forcedpriority=6 precedence=2 priority=2 verticaloffset=3
tob_nylocas_incoming_magic	8344	1810	seq	14386	nylocas_queen_magic	22	3.0	f1:3543:tob_verzik_spark_1;f9:4004:tob_verzik_spider_magic_attack	unknown	name	name word match only, off this npc's rig (framemap 1810); forcedpriority=6 precedence=2 priority=2 verticaloffset=3
tob_nylocas_big_incoming_melee	8345	1800	seq	4410	hosdun_spider_boss_attack_ranged	15	2.0		unknown	rig	on the rig, name is the Hosdun spider boss: not a candidate; verticaloffset=4
tob_nylocas_big_incoming_melee	8345	1800	seq	8002	top_spider_melee_idle	12	2.0		ready	bound	readyanim; verticaloffset=4
tob_nylocas_big_incoming_melee	8345	1800	seq	8003	top_spider_melee_walk	12	1.0		walk	bound	walkanim; verticaloffset=4
tob_nylocas_big_incoming_melee	8345	1800	seq	8004	top_spider_melee_attack	18	2.0	f6:3932:tob_nylocas_melee_attack_2	attack	rig+name	forcedpriority=6 verticaloffset=4
tob_nylocas_big_incoming_melee	8345	1800	seq	8005	top_spider_melee_death	27	4.3	f1:3980:tob_nylocas_melee_death_shriek_2;f7:4011:tob_nylocas_melee_death_bang_1;f8:3992:tob_nylocas_melee_death_spinning_4	death	rig+name	framestep=1 forcedpriority=10 verticaloffset=4
tob_nylocas_big_incoming_melee	8345	1800	seq	8006	top_spider_melee_death_detonate	47	2.0	f1:3294:tob_nylocas_deathdetonate_shriek;f6:3967:tob_nylocas_deathdetonate_bang_1;f7:3550:tob_nylocas_deathdetonate_spinning_3	special	rig+name	self-destruct; name says death_detonate; framestep=1 forcedpriority=10 verticaloffset=4
tob_nylocas_big_incoming_melee	8345	1800	seq	8075	top_spider_melee_spawn	16	2.0	f1:3546:tob_nylocas_web_spawn	spawn	rig+name	forcedpriority=10 verticaloffset=4
tob_nylocas_big_incoming_melee	8345	1800	seq	8147	hosdun_spider_boss_attack_melee	18	2.0		unknown	rig	on the rig, name is the Hosdun spider boss: not a candidate; verticaloffset=4
tob_nylocas_big_incoming_melee	8345	1800	seq	8318	hosdun_spider_boss_death	36	7.0		unknown	rig	on the rig, name is the Hosdun spider boss: not a candidate; framestep=1 forcedpriority=10 verticaloffset=4
tob_nylocas_big_incoming_melee	8345	1800	seq	8319	hodsun_spider_boss_walk	12	1.0		unknown	rig	on the rig, name is the Hosdun spider boss: not a candidate; verticaloffset=4
tob_nylocas_big_incoming_melee	8345	1800	seq	8320	hosdun_spider_boss_idle	12	2.0		unknown	rig	on the rig, name is the Hosdun spider boss: not a candidate; verticaloffset=4
tob_nylocas_big_incoming_melee	8345	1800	seq	8338	sote_gauntlet_spider_death	18	3.0		unknown	rig	on the rig, name is the Sotetseg gauntlet spider: not a candidate; forcedpriority=11 verticaloffset=4
tob_nylocas_big_incoming_melee	8345	1800	seq	8339	sote_gauntlet_spider_attack_melee	18	2.0		unknown	rig	on the rig, name is the Sotetseg gauntlet spider: not a candidate; forcedpriority=6 verticaloffset=4
tob_nylocas_big_incoming_melee	8345	1800	seq	8340	sote_gauntlet_spider_idle	12	2.0		unknown	rig	on the rig, name is the Sotetseg gauntlet spider: not a candidate; forcedpriority=4 verticaloffset=4
tob_nylocas_big_incoming_melee	8345	1800	seq	8341	sote_gauntlet_spider_walk	12	1.0		unknown	rig	on the rig, name is the Sotetseg gauntlet spider: not a candidate; forcedpriority=5 verticaloffset=4
tob_nylocas_big_incoming_melee	8345	1800	seq	8425	crystal_spider_attack	18	2.0		unknown	rig	on the rig, name is the crystal spider: not a candidate; forcedpriority=6 verticaloffset=4
tob_nylocas_big_incoming_melee	8345	1800	seq	8426	crystal_spider_death	47	2.0		unknown	rig	on the rig, name is the crystal spider: not a candidate; framestep=1 forcedpriority=10 verticaloffset=4
tob_nylocas_big_incoming_melee	8345	1800	seq	9030	top_spider_melee_spawn_noloop	16	2.0	f1:3546:tob_nylocas_web_spawn	spawn	rig+name	forcedpriority=10 verticaloffset=4
tob_nylocas_big_incoming_melee	8345	1800	seq	9136	hodsun_spider_boss_walk_small	12	0.6		unknown	rig	on the rig, name is the Hosdun spider boss: not a candidate; verticaloffset=4
tob_nylocas_big_incoming_melee	8345	1800	seq	9137	npc_araxyte01_idle	12	2.0		unknown	rig	on the rig, name is the Araxxor araxyte: not a candidate; forcedpriority=4
tob_nylocas_big_incoming_melee	8345	1800	seq	9138	npc_araxyte01_walk	12	1.0		unknown	rig	on the rig, name is the Araxxor araxyte: not a candidate; forcedpriority=5
tob_nylocas_big_incoming_melee	8345	1800	seq	9139	npc_araxyte01_walk_fast	12	0.6		unknown	rig	on the rig, name is the Araxxor araxyte: not a candidate; forcedpriority=5
tob_nylocas_big_incoming_melee	8345	1800	seq	9140	npc_araxyte01_attack	18	2.0		unknown	rig	on the rig, name is the Araxxor araxyte: not a candidate; forcedpriority=6
tob_nylocas_big_incoming_melee	8345	1800	seq	9141	npc_araxyte01_death	18	4.0	f1:9371:araxxor_mirror_back_minion_death_01;f4:9370:araxxor_mirror_back_minion_death_impact_01	unknown	rig	on the rig, name is the Araxxor araxyte: not a candidate; framestep=1 forcedpriority=10
tob_nylocas_big_incoming_melee	8345	1800	seq	11494	npc_araxyte02_idle	12	2.0		unknown	rig	on the rig, name is the Araxxor araxyte: not a candidate; forcedpriority=4
tob_nylocas_big_incoming_melee	8345	1800	seq	11495	npc_araxyte02_walk	12	1.0		unknown	rig	on the rig, name is the Araxxor araxyte: not a candidate; forcedpriority=5
tob_nylocas_big_incoming_melee	8345	1800	seq	11496	npc_araxyte02_walk_fast	12	0.6		unknown	rig	on the rig, name is the Araxxor araxyte: not a candidate; forcedpriority=5
tob_nylocas_big_incoming_melee	8345	1800	seq	11497	npc_araxyte02_attack	18	2.0		unknown	rig	on the rig, name is the Araxxor araxyte: not a candidate; forcedpriority=6
tob_nylocas_big_incoming_melee	8345	1800	seq	11498	npc_araxyte_acidic_01_attack	18	2.0	f2:9381:araxxor_acidic_minion_attack_03;f7:9381:araxxor_acidic_minion_attack_03	unknown	rig	on the rig, name is the Araxxor araxyte: not a candidate; forcedpriority=6
tob_nylocas_big_incoming_melee	8345	1800	seq	11499	npc_araxyte_acidic_02_attack	18	2.0	f2:9381:araxxor_acidic_minion_attack_03;f7:9381:araxxor_acidic_minion_attack_03	unknown	rig	on the rig, name is the Araxxor araxyte: not a candidate; forcedpriority=6
tob_nylocas_big_incoming_melee	8345	1800	seq	11500	npc_araxyte_mirror_back_01_attack	18	2.0	f2:9372:araxxor_mirror_back_minion_attack_01_01;f7:9375:araxxor_mirror_back_minion_attack_02_01	unknown	rig	on the rig, name is the Araxxor araxyte: not a candidate; forcedpriority=6
tob_nylocas_big_incoming_melee	8345	1800	seq	11501	npc_araxyte_mirror_back_02_attack	18	2.0	f2:9372:araxxor_mirror_back_minion_attack_01_01;f7:9375:araxxor_mirror_back_minion_attack_02_01	unknown	rig	on the rig, name is the Araxxor araxyte: not a candidate; forcedpriority=6
tob_nylocas_big_incoming_melee	8345	1800	seq	11502	npc_araxyte02_death	18	4.0	f1:9371:araxxor_mirror_back_minion_death_01;f4:9370:araxxor_mirror_back_minion_death_impact_01	unknown	rig	on the rig, name is the Araxxor araxyte: not a candidate; forcedpriority=10
tob_nylocas_big_incoming_melee	8345	1800	seq	11503	npc_araxyte02_hatch	17	2.0		unknown	rig	on the rig, name is the Araxxor araxyte: not a candidate; forcedpriority=9
tob_nylocas_big_incoming_melee	8345	1800	seq	11504	npc_araxyte_explode	20	4.3	f1:9382:araxxor_acidic_minion_explosion_01	unknown	rig	on the rig, name is the Araxxor araxyte: not a candidate
tob_nylocas_big_incoming_melee	8345	1800	seq	11510	npc_araxyte_mirror_back_death	18	4.0	f1:9371:araxxor_mirror_back_minion_death_01;f4:9370:araxxor_mirror_back_minion_death_impact_01	unknown	rig	on the rig, name is the Araxxor araxyte: not a candidate; framestep=1 forcedpriority=10
tob_nylocas_big_incoming_melee	8345	1800	seq	14387	top_spider_melee_attack_quiet	18	2.0	f6:11556:synth_11556	attack	rig+name	quiet variant; forcedpriority=6 verticaloffset=4
tob_nylocas_big_incoming_melee	8345	1800	seq	14388	top_spider_melee_death_quiet	27	4.3	f1:11558:synth_11558;f7:11557:synth_11557;f8:11559:synth_11559	death	rig+name	quiet variant; framestep=1 forcedpriority=10 verticaloffset=4
tob_nylocas_big_incoming_melee	8345	1832	seq	8073	nylocas_pillar_precollapse	1	0.2		unknown	name	name word match only, off this npc's rig (framemap 1832); framestep=1
tob_nylocas_big_incoming_melee	8345	1832	seq	8074	nylocas_pillar_collapse	26	4.0		unknown	name	name word match only, off this npc's rig (framemap 1832); framestep=1
tob_nylocas_big_incoming_melee	8345	1810	seq	14381	nylocas_queen_idle	24	4.0		unknown	name	name word match only, off this npc's rig (framemap 1810); forcedpriority=4 verticaloffset=3
tob_nylocas_big_incoming_melee	8345	1810	seq	14382	nylocas_queen_walk	72	9.0		unknown	name	name word match only, off this npc's rig (framemap 1810); forcedpriority=5 verticaloffset=3
tob_nylocas_big_incoming_melee	8345	1810	seq	14383	nylocas_queen_melee	23	3.0	f1:3957:tob_verzik_spider_attack_melee_cry;f13:3936:tob_verzik_spider_attack_melee	unknown	name	name word match only, off this npc's rig (framemap 1810); forcedpriority=6 precedence=2 priority=2 verticaloffset=3
tob_nylocas_big_incoming_melee	8345	1810	seq	14384	nylocas_queen_summon	17	2.0	f1:3957:tob_verzik_spider_attack_melee_cry	unknown	name	name word match only, off this npc's rig (framemap 1810); 
tob_nylocas_big_incoming_melee	8345	1810	seq	14385	nylocas_queen_ranged	22	2.9	f11:3990:tob_verzik_spider_attack_ranged	unknown	name	name word match only, off this npc's rig (framemap 1810); forcedpriority=6 precedence=2 priority=2 verticaloffset=3
tob_nylocas_big_incoming_melee	8345	1810	seq	14386	nylocas_queen_magic	22	3.0	f1:3543:tob_verzik_spark_1;f9:4004:tob_verzik_spider_magic_attack	unknown	name	name word match only, off this npc's rig (framemap 1810); forcedpriority=6 precedence=2 priority=2 verticaloffset=3
tob_nylocas_big_incoming_ranged	8346	1801	seq	7993	top_spider_ranged_idle	12	2.0		ready	bound	readyanim; verticaloffset=4
tob_nylocas_big_incoming_ranged	8346	1801	seq	7997	top_spider_ranged_walk	12	1.0		walk	bound	walkanim; verticaloffset=4
tob_nylocas_big_incoming_ranged	8346	1801	seq	7998	top_spider_ranged_death	27	4.3	f1:3978:tob_nylocas_range_death_shriek;f7:3232:tob_nylocas_range_death_bang;f8:3943:tob_nylocas_range_death_spinning	death	rig+name	framestep=1 forcedpriority=10 verticaloffset=4
tob_nylocas_big_incoming_ranged	8346	1801	seq	7999	top_spider_ranged_attack	15	2.0	f2:3953:tob_nylocas_range_attack_projectiles_2;f10:3966:tob_nylocas_range_attack_shriek_2	attack	rig+name	forcedpriority=6 verticaloffset=4
tob_nylocas_big_incoming_ranged	8346	1801	seq	8000	top_spider_ranged_death_detonate	47	2.0	f1:3294:tob_nylocas_deathdetonate_shriek;f6:3967:tob_nylocas_deathdetonate_bang_1;f7:3550:tob_nylocas_deathdetonate_spinning_3	special	rig+name	self-destruct; name says death_detonate; framestep=1 forcedpriority=10 verticaloffset=4
tob_nylocas_big_incoming_ranged	8346	1801	seq	8001	top_spider_ranged_meleeattack	18	2.0	f6:3993:tob_nylocas_range_melee_attack	attack	rig+name	melee swing on a non-melee model; forcedpriority=6 verticaloffset=4
tob_nylocas_big_incoming_ranged	8346	1801	seq	14389	top_spider_ranged_death_quiet	27	4.3	f1:11562:synth_11562;f7:11561:synth_11561;f8:11563:synth_11563	death	rig+name	quiet variant; framestep=1 forcedpriority=10 verticaloffset=4
tob_nylocas_big_incoming_ranged	8346	1801	seq	14390	top_spider_ranged_attack_quiet	15	2.0	f2:11560:synth_11560;f10:3966:tob_nylocas_range_attack_shriek_2	attack	rig+name	quiet variant; forcedpriority=6 verticaloffset=4
tob_nylocas_big_incoming_ranged	8346	1801	seq	14391	top_spider_ranged_meleeattack_quiet	18	2.0	f6:11564:synth_11564	attack	rig+name	melee swing on a non-melee model; forcedpriority=6 verticaloffset=4
tob_nylocas_big_incoming_ranged	8346	1832	seq	8073	nylocas_pillar_precollapse	1	0.2		unknown	name	name word match only, off this npc's rig (framemap 1832); framestep=1
tob_nylocas_big_incoming_ranged	8346	1832	seq	8074	nylocas_pillar_collapse	26	4.0		unknown	name	name word match only, off this npc's rig (framemap 1832); framestep=1
tob_nylocas_big_incoming_ranged	8346	1810	seq	14381	nylocas_queen_idle	24	4.0		unknown	name	name word match only, off this npc's rig (framemap 1810); forcedpriority=4 verticaloffset=3
tob_nylocas_big_incoming_ranged	8346	1810	seq	14382	nylocas_queen_walk	72	9.0		unknown	name	name word match only, off this npc's rig (framemap 1810); forcedpriority=5 verticaloffset=3
tob_nylocas_big_incoming_ranged	8346	1810	seq	14383	nylocas_queen_melee	23	3.0	f1:3957:tob_verzik_spider_attack_melee_cry;f13:3936:tob_verzik_spider_attack_melee	unknown	name	name word match only, off this npc's rig (framemap 1810); forcedpriority=6 precedence=2 priority=2 verticaloffset=3
tob_nylocas_big_incoming_ranged	8346	1810	seq	14384	nylocas_queen_summon	17	2.0	f1:3957:tob_verzik_spider_attack_melee_cry	unknown	name	name word match only, off this npc's rig (framemap 1810); 
tob_nylocas_big_incoming_ranged	8346	1810	seq	14385	nylocas_queen_ranged	22	2.9	f11:3990:tob_verzik_spider_attack_ranged	unknown	name	name word match only, off this npc's rig (framemap 1810); forcedpriority=6 precedence=2 priority=2 verticaloffset=3
tob_nylocas_big_incoming_ranged	8346	1810	seq	14386	nylocas_queen_magic	22	3.0	f1:3543:tob_verzik_spark_1;f9:4004:tob_verzik_spider_magic_attack	unknown	name	name word match only, off this npc's rig (framemap 1810); forcedpriority=6 precedence=2 priority=2 verticaloffset=3
tob_nylocas_big_incoming_magic	8347	1799	seq	7987	top_spider_magic_walk	24	2.0		walk	bound	walkanim; verticaloffset=4
tob_nylocas_big_incoming_magic	8347	1799	seq	7988	top_spider_magic_idle	30	4.0		ready	bound	readyanim; verticaloffset=4
tob_nylocas_big_incoming_magic	8347	1799	seq	7989	top_spider_magic_attack	19	2.0	f6:4006:tob_nylocas_magic_attack_5;f9:4006:tob_nylocas_magic_attack_5	attack	rig+name	stretches=yes forcedpriority=6 verticaloffset=4
tob_nylocas_big_incoming_magic	8347	1799	seq	7990	top_spider_magic_meleeattack	18	2.0	f6:3982:tob_magic_melee_attack	attack	rig+name	melee swing on a non-melee model; forcedpriority=6 verticaloffset=4
tob_nylocas_big_incoming_magic	8347	1799	seq	7991	top_spider_magic_death	30	4.3	f1:4010:tob_magic_death_shriek;f7:3289:tob_magic_death_bang;f8:3984:tob_magic_death_spinning	death	rig+name	framestep=1 forcedpriority=10 verticaloffset=4
tob_nylocas_big_incoming_magic	8347	1799	seq	7992	top_spider_magic_death_detonate	50	2.0	f1:3294:tob_nylocas_deathdetonate_shriek;f6:3967:tob_nylocas_deathdetonate_bang_1;f7:3550:tob_nylocas_deathdetonate_spinning_3	special	rig+name	self-destruct; name says death_detonate; framestep=1 forcedpriority=10 verticaloffset=4
tob_nylocas_big_incoming_magic	8347	1799	seq	14392	top_spider_magic_attack_quiet	19	2.0	f6:11555:synth_11555;f9:11555:synth_11555	attack	rig+name	quiet variant; stretches=yes forcedpriority=6 verticaloffset=4
tob_nylocas_big_incoming_magic	8347	1799	seq	14393	top_spider_magic_meleeattack_quiet	18	2.0	f6:11554:synth_11554	attack	rig+name	melee swing on a non-melee model; forcedpriority=6 verticaloffset=4
tob_nylocas_big_incoming_magic	8347	1799	seq	14394	top_spider_magic_death_quiet	30	4.3	f1:11552:synth_11552;f7:11551:synth_11551;f8:11553:synth_11553	death	rig+name	quiet variant; framestep=1 forcedpriority=10 verticaloffset=4
tob_nylocas_big_incoming_magic	8347	1832	seq	8073	nylocas_pillar_precollapse	1	0.2		unknown	name	name word match only, off this npc's rig (framemap 1832); framestep=1
tob_nylocas_big_incoming_magic	8347	1832	seq	8074	nylocas_pillar_collapse	26	4.0		unknown	name	name word match only, off this npc's rig (framemap 1832); framestep=1
tob_nylocas_big_incoming_magic	8347	1810	seq	14381	nylocas_queen_idle	24	4.0		unknown	name	name word match only, off this npc's rig (framemap 1810); forcedpriority=4 verticaloffset=3
tob_nylocas_big_incoming_magic	8347	1810	seq	14382	nylocas_queen_walk	72	9.0		unknown	name	name word match only, off this npc's rig (framemap 1810); forcedpriority=5 verticaloffset=3
tob_nylocas_big_incoming_magic	8347	1810	seq	14383	nylocas_queen_melee	23	3.0	f1:3957:tob_verzik_spider_attack_melee_cry;f13:3936:tob_verzik_spider_attack_melee	unknown	name	name word match only, off this npc's rig (framemap 1810); forcedpriority=6 precedence=2 priority=2 verticaloffset=3
tob_nylocas_big_incoming_magic	8347	1810	seq	14384	nylocas_queen_summon	17	2.0	f1:3957:tob_verzik_spider_attack_melee_cry	unknown	name	name word match only, off this npc's rig (framemap 1810); 
tob_nylocas_big_incoming_magic	8347	1810	seq	14385	nylocas_queen_ranged	22	2.9	f11:3990:tob_verzik_spider_attack_ranged	unknown	name	name word match only, off this npc's rig (framemap 1810); forcedpriority=6 precedence=2 priority=2 verticaloffset=3
tob_nylocas_big_incoming_magic	8347	1810	seq	14386	nylocas_queen_magic	22	3.0	f1:3543:tob_verzik_spark_1;f9:4004:tob_verzik_spider_magic_attack	unknown	name	name word match only, off this npc's rig (framemap 1810); forcedpriority=6 precedence=2 priority=2 verticaloffset=3
tob_nylocas_fighting_melee	8348	1800	seq	4410	hosdun_spider_boss_attack_ranged	15	2.0		unknown	rig	on the rig, name is the Hosdun spider boss: not a candidate; verticaloffset=4
tob_nylocas_fighting_melee	8348	1800	seq	8002	top_spider_melee_idle	12	2.0		ready	bound	readyanim; verticaloffset=4
tob_nylocas_fighting_melee	8348	1800	seq	8003	top_spider_melee_walk	12	1.0		walk	bound	walkanim; verticaloffset=4
tob_nylocas_fighting_melee	8348	1800	seq	8004	top_spider_melee_attack	18	2.0	f6:3932:tob_nylocas_melee_attack_2	attack	rig+name	forcedpriority=6 verticaloffset=4
tob_nylocas_fighting_melee	8348	1800	seq	8005	top_spider_melee_death	27	4.3	f1:3980:tob_nylocas_melee_death_shriek_2;f7:4011:tob_nylocas_melee_death_bang_1;f8:3992:tob_nylocas_melee_death_spinning_4	death	rig+name	framestep=1 forcedpriority=10 verticaloffset=4
tob_nylocas_fighting_melee	8348	1800	seq	8006	top_spider_melee_death_detonate	47	2.0	f1:3294:tob_nylocas_deathdetonate_shriek;f6:3967:tob_nylocas_deathdetonate_bang_1;f7:3550:tob_nylocas_deathdetonate_spinning_3	special	rig+name	self-destruct; name says death_detonate; framestep=1 forcedpriority=10 verticaloffset=4
tob_nylocas_fighting_melee	8348	1800	seq	8075	top_spider_melee_spawn	16	2.0	f1:3546:tob_nylocas_web_spawn	spawn	rig+name	forcedpriority=10 verticaloffset=4
tob_nylocas_fighting_melee	8348	1800	seq	8147	hosdun_spider_boss_attack_melee	18	2.0		unknown	rig	on the rig, name is the Hosdun spider boss: not a candidate; verticaloffset=4
tob_nylocas_fighting_melee	8348	1800	seq	8318	hosdun_spider_boss_death	36	7.0		unknown	rig	on the rig, name is the Hosdun spider boss: not a candidate; framestep=1 forcedpriority=10 verticaloffset=4
tob_nylocas_fighting_melee	8348	1800	seq	8319	hodsun_spider_boss_walk	12	1.0		unknown	rig	on the rig, name is the Hosdun spider boss: not a candidate; verticaloffset=4
tob_nylocas_fighting_melee	8348	1800	seq	8320	hosdun_spider_boss_idle	12	2.0		unknown	rig	on the rig, name is the Hosdun spider boss: not a candidate; verticaloffset=4
tob_nylocas_fighting_melee	8348	1800	seq	8338	sote_gauntlet_spider_death	18	3.0		unknown	rig	on the rig, name is the Sotetseg gauntlet spider: not a candidate; forcedpriority=11 verticaloffset=4
tob_nylocas_fighting_melee	8348	1800	seq	8339	sote_gauntlet_spider_attack_melee	18	2.0		unknown	rig	on the rig, name is the Sotetseg gauntlet spider: not a candidate; forcedpriority=6 verticaloffset=4
tob_nylocas_fighting_melee	8348	1800	seq	8340	sote_gauntlet_spider_idle	12	2.0		unknown	rig	on the rig, name is the Sotetseg gauntlet spider: not a candidate; forcedpriority=4 verticaloffset=4
tob_nylocas_fighting_melee	8348	1800	seq	8341	sote_gauntlet_spider_walk	12	1.0		unknown	rig	on the rig, name is the Sotetseg gauntlet spider: not a candidate; forcedpriority=5 verticaloffset=4
tob_nylocas_fighting_melee	8348	1800	seq	8425	crystal_spider_attack	18	2.0		unknown	rig	on the rig, name is the crystal spider: not a candidate; forcedpriority=6 verticaloffset=4
tob_nylocas_fighting_melee	8348	1800	seq	8426	crystal_spider_death	47	2.0		unknown	rig	on the rig, name is the crystal spider: not a candidate; framestep=1 forcedpriority=10 verticaloffset=4
tob_nylocas_fighting_melee	8348	1800	seq	9030	top_spider_melee_spawn_noloop	16	2.0	f1:3546:tob_nylocas_web_spawn	spawn	rig+name	forcedpriority=10 verticaloffset=4
tob_nylocas_fighting_melee	8348	1800	seq	9136	hodsun_spider_boss_walk_small	12	0.6		unknown	rig	on the rig, name is the Hosdun spider boss: not a candidate; verticaloffset=4
tob_nylocas_fighting_melee	8348	1800	seq	9137	npc_araxyte01_idle	12	2.0		unknown	rig	on the rig, name is the Araxxor araxyte: not a candidate; forcedpriority=4
tob_nylocas_fighting_melee	8348	1800	seq	9138	npc_araxyte01_walk	12	1.0		unknown	rig	on the rig, name is the Araxxor araxyte: not a candidate; forcedpriority=5
tob_nylocas_fighting_melee	8348	1800	seq	9139	npc_araxyte01_walk_fast	12	0.6		unknown	rig	on the rig, name is the Araxxor araxyte: not a candidate; forcedpriority=5
tob_nylocas_fighting_melee	8348	1800	seq	9140	npc_araxyte01_attack	18	2.0		unknown	rig	on the rig, name is the Araxxor araxyte: not a candidate; forcedpriority=6
tob_nylocas_fighting_melee	8348	1800	seq	9141	npc_araxyte01_death	18	4.0	f1:9371:araxxor_mirror_back_minion_death_01;f4:9370:araxxor_mirror_back_minion_death_impact_01	unknown	rig	on the rig, name is the Araxxor araxyte: not a candidate; framestep=1 forcedpriority=10
tob_nylocas_fighting_melee	8348	1800	seq	11494	npc_araxyte02_idle	12	2.0		unknown	rig	on the rig, name is the Araxxor araxyte: not a candidate; forcedpriority=4
tob_nylocas_fighting_melee	8348	1800	seq	11495	npc_araxyte02_walk	12	1.0		unknown	rig	on the rig, name is the Araxxor araxyte: not a candidate; forcedpriority=5
tob_nylocas_fighting_melee	8348	1800	seq	11496	npc_araxyte02_walk_fast	12	0.6		unknown	rig	on the rig, name is the Araxxor araxyte: not a candidate; forcedpriority=5
tob_nylocas_fighting_melee	8348	1800	seq	11497	npc_araxyte02_attack	18	2.0		unknown	rig	on the rig, name is the Araxxor araxyte: not a candidate; forcedpriority=6
tob_nylocas_fighting_melee	8348	1800	seq	11498	npc_araxyte_acidic_01_attack	18	2.0	f2:9381:araxxor_acidic_minion_attack_03;f7:9381:araxxor_acidic_minion_attack_03	unknown	rig	on the rig, name is the Araxxor araxyte: not a candidate; forcedpriority=6
tob_nylocas_fighting_melee	8348	1800	seq	11499	npc_araxyte_acidic_02_attack	18	2.0	f2:9381:araxxor_acidic_minion_attack_03;f7:9381:araxxor_acidic_minion_attack_03	unknown	rig	on the rig, name is the Araxxor araxyte: not a candidate; forcedpriority=6
tob_nylocas_fighting_melee	8348	1800	seq	11500	npc_araxyte_mirror_back_01_attack	18	2.0	f2:9372:araxxor_mirror_back_minion_attack_01_01;f7:9375:araxxor_mirror_back_minion_attack_02_01	unknown	rig	on the rig, name is the Araxxor araxyte: not a candidate; forcedpriority=6
tob_nylocas_fighting_melee	8348	1800	seq	11501	npc_araxyte_mirror_back_02_attack	18	2.0	f2:9372:araxxor_mirror_back_minion_attack_01_01;f7:9375:araxxor_mirror_back_minion_attack_02_01	unknown	rig	on the rig, name is the Araxxor araxyte: not a candidate; forcedpriority=6
tob_nylocas_fighting_melee	8348	1800	seq	11502	npc_araxyte02_death	18	4.0	f1:9371:araxxor_mirror_back_minion_death_01;f4:9370:araxxor_mirror_back_minion_death_impact_01	unknown	rig	on the rig, name is the Araxxor araxyte: not a candidate; forcedpriority=10
tob_nylocas_fighting_melee	8348	1800	seq	11503	npc_araxyte02_hatch	17	2.0		unknown	rig	on the rig, name is the Araxxor araxyte: not a candidate; forcedpriority=9
tob_nylocas_fighting_melee	8348	1800	seq	11504	npc_araxyte_explode	20	4.3	f1:9382:araxxor_acidic_minion_explosion_01	unknown	rig	on the rig, name is the Araxxor araxyte: not a candidate
tob_nylocas_fighting_melee	8348	1800	seq	11510	npc_araxyte_mirror_back_death	18	4.0	f1:9371:araxxor_mirror_back_minion_death_01;f4:9370:araxxor_mirror_back_minion_death_impact_01	unknown	rig	on the rig, name is the Araxxor araxyte: not a candidate; framestep=1 forcedpriority=10
tob_nylocas_fighting_melee	8348	1800	seq	14387	top_spider_melee_attack_quiet	18	2.0	f6:11556:synth_11556	attack	rig+name	quiet variant; forcedpriority=6 verticaloffset=4
tob_nylocas_fighting_melee	8348	1800	seq	14388	top_spider_melee_death_quiet	27	4.3	f1:11558:synth_11558;f7:11557:synth_11557;f8:11559:synth_11559	death	rig+name	quiet variant; framestep=1 forcedpriority=10 verticaloffset=4
tob_nylocas_fighting_melee	8348	1832	seq	8073	nylocas_pillar_precollapse	1	0.2		unknown	name	name word match only, off this npc's rig (framemap 1832); framestep=1
tob_nylocas_fighting_melee	8348	1832	seq	8074	nylocas_pillar_collapse	26	4.0		unknown	name	name word match only, off this npc's rig (framemap 1832); framestep=1
tob_nylocas_fighting_melee	8348	1810	seq	14381	nylocas_queen_idle	24	4.0		unknown	name	name word match only, off this npc's rig (framemap 1810); forcedpriority=4 verticaloffset=3
tob_nylocas_fighting_melee	8348	1810	seq	14382	nylocas_queen_walk	72	9.0		unknown	name	name word match only, off this npc's rig (framemap 1810); forcedpriority=5 verticaloffset=3
tob_nylocas_fighting_melee	8348	1810	seq	14383	nylocas_queen_melee	23	3.0	f1:3957:tob_verzik_spider_attack_melee_cry;f13:3936:tob_verzik_spider_attack_melee	unknown	name	name word match only, off this npc's rig (framemap 1810); forcedpriority=6 precedence=2 priority=2 verticaloffset=3
tob_nylocas_fighting_melee	8348	1810	seq	14384	nylocas_queen_summon	17	2.0	f1:3957:tob_verzik_spider_attack_melee_cry	unknown	name	name word match only, off this npc's rig (framemap 1810); 
tob_nylocas_fighting_melee	8348	1810	seq	14385	nylocas_queen_ranged	22	2.9	f11:3990:tob_verzik_spider_attack_ranged	unknown	name	name word match only, off this npc's rig (framemap 1810); forcedpriority=6 precedence=2 priority=2 verticaloffset=3
tob_nylocas_fighting_melee	8348	1810	seq	14386	nylocas_queen_magic	22	3.0	f1:3543:tob_verzik_spark_1;f9:4004:tob_verzik_spider_magic_attack	unknown	name	name word match only, off this npc's rig (framemap 1810); forcedpriority=6 precedence=2 priority=2 verticaloffset=3
tob_nylocas_fighting_ranged	8349	1801	seq	7993	top_spider_ranged_idle	12	2.0		ready	bound	readyanim; verticaloffset=4
tob_nylocas_fighting_ranged	8349	1801	seq	7997	top_spider_ranged_walk	12	1.0		walk	bound	walkanim; verticaloffset=4
tob_nylocas_fighting_ranged	8349	1801	seq	7998	top_spider_ranged_death	27	4.3	f1:3978:tob_nylocas_range_death_shriek;f7:3232:tob_nylocas_range_death_bang;f8:3943:tob_nylocas_range_death_spinning	death	rig+name	framestep=1 forcedpriority=10 verticaloffset=4
tob_nylocas_fighting_ranged	8349	1801	seq	7999	top_spider_ranged_attack	15	2.0	f2:3953:tob_nylocas_range_attack_projectiles_2;f10:3966:tob_nylocas_range_attack_shriek_2	attack	rig+name	forcedpriority=6 verticaloffset=4
tob_nylocas_fighting_ranged	8349	1801	seq	8000	top_spider_ranged_death_detonate	47	2.0	f1:3294:tob_nylocas_deathdetonate_shriek;f6:3967:tob_nylocas_deathdetonate_bang_1;f7:3550:tob_nylocas_deathdetonate_spinning_3	special	rig+name	self-destruct; name says death_detonate; framestep=1 forcedpriority=10 verticaloffset=4
tob_nylocas_fighting_ranged	8349	1801	seq	8001	top_spider_ranged_meleeattack	18	2.0	f6:3993:tob_nylocas_range_melee_attack	attack	rig+name	melee swing on a non-melee model; forcedpriority=6 verticaloffset=4
tob_nylocas_fighting_ranged	8349	1801	seq	14389	top_spider_ranged_death_quiet	27	4.3	f1:11562:synth_11562;f7:11561:synth_11561;f8:11563:synth_11563	death	rig+name	quiet variant; framestep=1 forcedpriority=10 verticaloffset=4
tob_nylocas_fighting_ranged	8349	1801	seq	14390	top_spider_ranged_attack_quiet	15	2.0	f2:11560:synth_11560;f10:3966:tob_nylocas_range_attack_shriek_2	attack	rig+name	quiet variant; forcedpriority=6 verticaloffset=4
tob_nylocas_fighting_ranged	8349	1801	seq	14391	top_spider_ranged_meleeattack_quiet	18	2.0	f6:11564:synth_11564	attack	rig+name	melee swing on a non-melee model; forcedpriority=6 verticaloffset=4
tob_nylocas_fighting_ranged	8349	1832	seq	8073	nylocas_pillar_precollapse	1	0.2		unknown	name	name word match only, off this npc's rig (framemap 1832); framestep=1
tob_nylocas_fighting_ranged	8349	1832	seq	8074	nylocas_pillar_collapse	26	4.0		unknown	name	name word match only, off this npc's rig (framemap 1832); framestep=1
tob_nylocas_fighting_ranged	8349	1810	seq	14381	nylocas_queen_idle	24	4.0		unknown	name	name word match only, off this npc's rig (framemap 1810); forcedpriority=4 verticaloffset=3
tob_nylocas_fighting_ranged	8349	1810	seq	14382	nylocas_queen_walk	72	9.0		unknown	name	name word match only, off this npc's rig (framemap 1810); forcedpriority=5 verticaloffset=3
tob_nylocas_fighting_ranged	8349	1810	seq	14383	nylocas_queen_melee	23	3.0	f1:3957:tob_verzik_spider_attack_melee_cry;f13:3936:tob_verzik_spider_attack_melee	unknown	name	name word match only, off this npc's rig (framemap 1810); forcedpriority=6 precedence=2 priority=2 verticaloffset=3
tob_nylocas_fighting_ranged	8349	1810	seq	14384	nylocas_queen_summon	17	2.0	f1:3957:tob_verzik_spider_attack_melee_cry	unknown	name	name word match only, off this npc's rig (framemap 1810); 
tob_nylocas_fighting_ranged	8349	1810	seq	14385	nylocas_queen_ranged	22	2.9	f11:3990:tob_verzik_spider_attack_ranged	unknown	name	name word match only, off this npc's rig (framemap 1810); forcedpriority=6 precedence=2 priority=2 verticaloffset=3
tob_nylocas_fighting_ranged	8349	1810	seq	14386	nylocas_queen_magic	22	3.0	f1:3543:tob_verzik_spark_1;f9:4004:tob_verzik_spider_magic_attack	unknown	name	name word match only, off this npc's rig (framemap 1810); forcedpriority=6 precedence=2 priority=2 verticaloffset=3
tob_nylocas_fighting_magic	8350	1799	seq	7987	top_spider_magic_walk	24	2.0		walk	bound	walkanim; verticaloffset=4
tob_nylocas_fighting_magic	8350	1799	seq	7988	top_spider_magic_idle	30	4.0		ready	bound	readyanim; verticaloffset=4
tob_nylocas_fighting_magic	8350	1799	seq	7989	top_spider_magic_attack	19	2.0	f6:4006:tob_nylocas_magic_attack_5;f9:4006:tob_nylocas_magic_attack_5	attack	rig+name	stretches=yes forcedpriority=6 verticaloffset=4
tob_nylocas_fighting_magic	8350	1799	seq	7990	top_spider_magic_meleeattack	18	2.0	f6:3982:tob_magic_melee_attack	attack	rig+name	melee swing on a non-melee model; forcedpriority=6 verticaloffset=4
tob_nylocas_fighting_magic	8350	1799	seq	7991	top_spider_magic_death	30	4.3	f1:4010:tob_magic_death_shriek;f7:3289:tob_magic_death_bang;f8:3984:tob_magic_death_spinning	death	rig+name	framestep=1 forcedpriority=10 verticaloffset=4
tob_nylocas_fighting_magic	8350	1799	seq	7992	top_spider_magic_death_detonate	50	2.0	f1:3294:tob_nylocas_deathdetonate_shriek;f6:3967:tob_nylocas_deathdetonate_bang_1;f7:3550:tob_nylocas_deathdetonate_spinning_3	special	rig+name	self-destruct; name says death_detonate; framestep=1 forcedpriority=10 verticaloffset=4
tob_nylocas_fighting_magic	8350	1799	seq	14392	top_spider_magic_attack_quiet	19	2.0	f6:11555:synth_11555;f9:11555:synth_11555	attack	rig+name	quiet variant; stretches=yes forcedpriority=6 verticaloffset=4
tob_nylocas_fighting_magic	8350	1799	seq	14393	top_spider_magic_meleeattack_quiet	18	2.0	f6:11554:synth_11554	attack	rig+name	melee swing on a non-melee model; forcedpriority=6 verticaloffset=4
tob_nylocas_fighting_magic	8350	1799	seq	14394	top_spider_magic_death_quiet	30	4.3	f1:11552:synth_11552;f7:11551:synth_11551;f8:11553:synth_11553	death	rig+name	quiet variant; framestep=1 forcedpriority=10 verticaloffset=4
tob_nylocas_fighting_magic	8350	1832	seq	8073	nylocas_pillar_precollapse	1	0.2		unknown	name	name word match only, off this npc's rig (framemap 1832); framestep=1
tob_nylocas_fighting_magic	8350	1832	seq	8074	nylocas_pillar_collapse	26	4.0		unknown	name	name word match only, off this npc's rig (framemap 1832); framestep=1
tob_nylocas_fighting_magic	8350	1810	seq	14381	nylocas_queen_idle	24	4.0		unknown	name	name word match only, off this npc's rig (framemap 1810); forcedpriority=4 verticaloffset=3
tob_nylocas_fighting_magic	8350	1810	seq	14382	nylocas_queen_walk	72	9.0		unknown	name	name word match only, off this npc's rig (framemap 1810); forcedpriority=5 verticaloffset=3
tob_nylocas_fighting_magic	8350	1810	seq	14383	nylocas_queen_melee	23	3.0	f1:3957:tob_verzik_spider_attack_melee_cry;f13:3936:tob_verzik_spider_attack_melee	unknown	name	name word match only, off this npc's rig (framemap 1810); forcedpriority=6 precedence=2 priority=2 verticaloffset=3
tob_nylocas_fighting_magic	8350	1810	seq	14384	nylocas_queen_summon	17	2.0	f1:3957:tob_verzik_spider_attack_melee_cry	unknown	name	name word match only, off this npc's rig (framemap 1810); 
tob_nylocas_fighting_magic	8350	1810	seq	14385	nylocas_queen_ranged	22	2.9	f11:3990:tob_verzik_spider_attack_ranged	unknown	name	name word match only, off this npc's rig (framemap 1810); forcedpriority=6 precedence=2 priority=2 verticaloffset=3
tob_nylocas_fighting_magic	8350	1810	seq	14386	nylocas_queen_magic	22	3.0	f1:3543:tob_verzik_spark_1;f9:4004:tob_verzik_spider_magic_attack	unknown	name	name word match only, off this npc's rig (framemap 1810); forcedpriority=6 precedence=2 priority=2 verticaloffset=3
tob_nylocas_big_fighting_melee	8351	1800	seq	4410	hosdun_spider_boss_attack_ranged	15	2.0		unknown	rig	on the rig, name is the Hosdun spider boss: not a candidate; verticaloffset=4
tob_nylocas_big_fighting_melee	8351	1800	seq	8002	top_spider_melee_idle	12	2.0		ready	bound	readyanim; verticaloffset=4
tob_nylocas_big_fighting_melee	8351	1800	seq	8003	top_spider_melee_walk	12	1.0		walk	bound	walkanim; verticaloffset=4
tob_nylocas_big_fighting_melee	8351	1800	seq	8004	top_spider_melee_attack	18	2.0	f6:3932:tob_nylocas_melee_attack_2	attack	rig+name	forcedpriority=6 verticaloffset=4
tob_nylocas_big_fighting_melee	8351	1800	seq	8005	top_spider_melee_death	27	4.3	f1:3980:tob_nylocas_melee_death_shriek_2;f7:4011:tob_nylocas_melee_death_bang_1;f8:3992:tob_nylocas_melee_death_spinning_4	death	rig+name	framestep=1 forcedpriority=10 verticaloffset=4
tob_nylocas_big_fighting_melee	8351	1800	seq	8006	top_spider_melee_death_detonate	47	2.0	f1:3294:tob_nylocas_deathdetonate_shriek;f6:3967:tob_nylocas_deathdetonate_bang_1;f7:3550:tob_nylocas_deathdetonate_spinning_3	special	rig+name	self-destruct; name says death_detonate; framestep=1 forcedpriority=10 verticaloffset=4
tob_nylocas_big_fighting_melee	8351	1800	seq	8075	top_spider_melee_spawn	16	2.0	f1:3546:tob_nylocas_web_spawn	spawn	rig+name	forcedpriority=10 verticaloffset=4
tob_nylocas_big_fighting_melee	8351	1800	seq	8147	hosdun_spider_boss_attack_melee	18	2.0		unknown	rig	on the rig, name is the Hosdun spider boss: not a candidate; verticaloffset=4
tob_nylocas_big_fighting_melee	8351	1800	seq	8318	hosdun_spider_boss_death	36	7.0		unknown	rig	on the rig, name is the Hosdun spider boss: not a candidate; framestep=1 forcedpriority=10 verticaloffset=4
tob_nylocas_big_fighting_melee	8351	1800	seq	8319	hodsun_spider_boss_walk	12	1.0		unknown	rig	on the rig, name is the Hosdun spider boss: not a candidate; verticaloffset=4
tob_nylocas_big_fighting_melee	8351	1800	seq	8320	hosdun_spider_boss_idle	12	2.0		unknown	rig	on the rig, name is the Hosdun spider boss: not a candidate; verticaloffset=4
tob_nylocas_big_fighting_melee	8351	1800	seq	8338	sote_gauntlet_spider_death	18	3.0		unknown	rig	on the rig, name is the Sotetseg gauntlet spider: not a candidate; forcedpriority=11 verticaloffset=4
tob_nylocas_big_fighting_melee	8351	1800	seq	8339	sote_gauntlet_spider_attack_melee	18	2.0		unknown	rig	on the rig, name is the Sotetseg gauntlet spider: not a candidate; forcedpriority=6 verticaloffset=4
tob_nylocas_big_fighting_melee	8351	1800	seq	8340	sote_gauntlet_spider_idle	12	2.0		unknown	rig	on the rig, name is the Sotetseg gauntlet spider: not a candidate; forcedpriority=4 verticaloffset=4
tob_nylocas_big_fighting_melee	8351	1800	seq	8341	sote_gauntlet_spider_walk	12	1.0		unknown	rig	on the rig, name is the Sotetseg gauntlet spider: not a candidate; forcedpriority=5 verticaloffset=4
tob_nylocas_big_fighting_melee	8351	1800	seq	8425	crystal_spider_attack	18	2.0		unknown	rig	on the rig, name is the crystal spider: not a candidate; forcedpriority=6 verticaloffset=4
tob_nylocas_big_fighting_melee	8351	1800	seq	8426	crystal_spider_death	47	2.0		unknown	rig	on the rig, name is the crystal spider: not a candidate; framestep=1 forcedpriority=10 verticaloffset=4
tob_nylocas_big_fighting_melee	8351	1800	seq	9030	top_spider_melee_spawn_noloop	16	2.0	f1:3546:tob_nylocas_web_spawn	spawn	rig+name	forcedpriority=10 verticaloffset=4
tob_nylocas_big_fighting_melee	8351	1800	seq	9136	hodsun_spider_boss_walk_small	12	0.6		unknown	rig	on the rig, name is the Hosdun spider boss: not a candidate; verticaloffset=4
tob_nylocas_big_fighting_melee	8351	1800	seq	9137	npc_araxyte01_idle	12	2.0		unknown	rig	on the rig, name is the Araxxor araxyte: not a candidate; forcedpriority=4
tob_nylocas_big_fighting_melee	8351	1800	seq	9138	npc_araxyte01_walk	12	1.0		unknown	rig	on the rig, name is the Araxxor araxyte: not a candidate; forcedpriority=5
tob_nylocas_big_fighting_melee	8351	1800	seq	9139	npc_araxyte01_walk_fast	12	0.6		unknown	rig	on the rig, name is the Araxxor araxyte: not a candidate; forcedpriority=5
tob_nylocas_big_fighting_melee	8351	1800	seq	9140	npc_araxyte01_attack	18	2.0		unknown	rig	on the rig, name is the Araxxor araxyte: not a candidate; forcedpriority=6
tob_nylocas_big_fighting_melee	8351	1800	seq	9141	npc_araxyte01_death	18	4.0	f1:9371:araxxor_mirror_back_minion_death_01;f4:9370:araxxor_mirror_back_minion_death_impact_01	unknown	rig	on the rig, name is the Araxxor araxyte: not a candidate; framestep=1 forcedpriority=10
tob_nylocas_big_fighting_melee	8351	1800	seq	11494	npc_araxyte02_idle	12	2.0		unknown	rig	on the rig, name is the Araxxor araxyte: not a candidate; forcedpriority=4
tob_nylocas_big_fighting_melee	8351	1800	seq	11495	npc_araxyte02_walk	12	1.0		unknown	rig	on the rig, name is the Araxxor araxyte: not a candidate; forcedpriority=5
tob_nylocas_big_fighting_melee	8351	1800	seq	11496	npc_araxyte02_walk_fast	12	0.6		unknown	rig	on the rig, name is the Araxxor araxyte: not a candidate; forcedpriority=5
tob_nylocas_big_fighting_melee	8351	1800	seq	11497	npc_araxyte02_attack	18	2.0		unknown	rig	on the rig, name is the Araxxor araxyte: not a candidate; forcedpriority=6
tob_nylocas_big_fighting_melee	8351	1800	seq	11498	npc_araxyte_acidic_01_attack	18	2.0	f2:9381:araxxor_acidic_minion_attack_03;f7:9381:araxxor_acidic_minion_attack_03	unknown	rig	on the rig, name is the Araxxor araxyte: not a candidate; forcedpriority=6
tob_nylocas_big_fighting_melee	8351	1800	seq	11499	npc_araxyte_acidic_02_attack	18	2.0	f2:9381:araxxor_acidic_minion_attack_03;f7:9381:araxxor_acidic_minion_attack_03	unknown	rig	on the rig, name is the Araxxor araxyte: not a candidate; forcedpriority=6
tob_nylocas_big_fighting_melee	8351	1800	seq	11500	npc_araxyte_mirror_back_01_attack	18	2.0	f2:9372:araxxor_mirror_back_minion_attack_01_01;f7:9375:araxxor_mirror_back_minion_attack_02_01	unknown	rig	on the rig, name is the Araxxor araxyte: not a candidate; forcedpriority=6
tob_nylocas_big_fighting_melee	8351	1800	seq	11501	npc_araxyte_mirror_back_02_attack	18	2.0	f2:9372:araxxor_mirror_back_minion_attack_01_01;f7:9375:araxxor_mirror_back_minion_attack_02_01	unknown	rig	on the rig, name is the Araxxor araxyte: not a candidate; forcedpriority=6
tob_nylocas_big_fighting_melee	8351	1800	seq	11502	npc_araxyte02_death	18	4.0	f1:9371:araxxor_mirror_back_minion_death_01;f4:9370:araxxor_mirror_back_minion_death_impact_01	unknown	rig	on the rig, name is the Araxxor araxyte: not a candidate; forcedpriority=10
tob_nylocas_big_fighting_melee	8351	1800	seq	11503	npc_araxyte02_hatch	17	2.0		unknown	rig	on the rig, name is the Araxxor araxyte: not a candidate; forcedpriority=9
tob_nylocas_big_fighting_melee	8351	1800	seq	11504	npc_araxyte_explode	20	4.3	f1:9382:araxxor_acidic_minion_explosion_01	unknown	rig	on the rig, name is the Araxxor araxyte: not a candidate
tob_nylocas_big_fighting_melee	8351	1800	seq	11510	npc_araxyte_mirror_back_death	18	4.0	f1:9371:araxxor_mirror_back_minion_death_01;f4:9370:araxxor_mirror_back_minion_death_impact_01	unknown	rig	on the rig, name is the Araxxor araxyte: not a candidate; framestep=1 forcedpriority=10
tob_nylocas_big_fighting_melee	8351	1800	seq	14387	top_spider_melee_attack_quiet	18	2.0	f6:11556:synth_11556	attack	rig+name	quiet variant; forcedpriority=6 verticaloffset=4
tob_nylocas_big_fighting_melee	8351	1800	seq	14388	top_spider_melee_death_quiet	27	4.3	f1:11558:synth_11558;f7:11557:synth_11557;f8:11559:synth_11559	death	rig+name	quiet variant; framestep=1 forcedpriority=10 verticaloffset=4
tob_nylocas_big_fighting_melee	8351	1832	seq	8073	nylocas_pillar_precollapse	1	0.2		unknown	name	name word match only, off this npc's rig (framemap 1832); framestep=1
tob_nylocas_big_fighting_melee	8351	1832	seq	8074	nylocas_pillar_collapse	26	4.0		unknown	name	name word match only, off this npc's rig (framemap 1832); framestep=1
tob_nylocas_big_fighting_melee	8351	1810	seq	14381	nylocas_queen_idle	24	4.0		unknown	name	name word match only, off this npc's rig (framemap 1810); forcedpriority=4 verticaloffset=3
tob_nylocas_big_fighting_melee	8351	1810	seq	14382	nylocas_queen_walk	72	9.0		unknown	name	name word match only, off this npc's rig (framemap 1810); forcedpriority=5 verticaloffset=3
tob_nylocas_big_fighting_melee	8351	1810	seq	14383	nylocas_queen_melee	23	3.0	f1:3957:tob_verzik_spider_attack_melee_cry;f13:3936:tob_verzik_spider_attack_melee	unknown	name	name word match only, off this npc's rig (framemap 1810); forcedpriority=6 precedence=2 priority=2 verticaloffset=3
tob_nylocas_big_fighting_melee	8351	1810	seq	14384	nylocas_queen_summon	17	2.0	f1:3957:tob_verzik_spider_attack_melee_cry	unknown	name	name word match only, off this npc's rig (framemap 1810); 
tob_nylocas_big_fighting_melee	8351	1810	seq	14385	nylocas_queen_ranged	22	2.9	f11:3990:tob_verzik_spider_attack_ranged	unknown	name	name word match only, off this npc's rig (framemap 1810); forcedpriority=6 precedence=2 priority=2 verticaloffset=3
tob_nylocas_big_fighting_melee	8351	1810	seq	14386	nylocas_queen_magic	22	3.0	f1:3543:tob_verzik_spark_1;f9:4004:tob_verzik_spider_magic_attack	unknown	name	name word match only, off this npc's rig (framemap 1810); forcedpriority=6 precedence=2 priority=2 verticaloffset=3
tob_nylocas_big_fighting_ranged	8352	1801	seq	7993	top_spider_ranged_idle	12	2.0		ready	bound	readyanim; verticaloffset=4
tob_nylocas_big_fighting_ranged	8352	1801	seq	7997	top_spider_ranged_walk	12	1.0		walk	bound	walkanim; verticaloffset=4
tob_nylocas_big_fighting_ranged	8352	1801	seq	7998	top_spider_ranged_death	27	4.3	f1:3978:tob_nylocas_range_death_shriek;f7:3232:tob_nylocas_range_death_bang;f8:3943:tob_nylocas_range_death_spinning	death	rig+name	framestep=1 forcedpriority=10 verticaloffset=4
tob_nylocas_big_fighting_ranged	8352	1801	seq	7999	top_spider_ranged_attack	15	2.0	f2:3953:tob_nylocas_range_attack_projectiles_2;f10:3966:tob_nylocas_range_attack_shriek_2	attack	rig+name	forcedpriority=6 verticaloffset=4
tob_nylocas_big_fighting_ranged	8352	1801	seq	8000	top_spider_ranged_death_detonate	47	2.0	f1:3294:tob_nylocas_deathdetonate_shriek;f6:3967:tob_nylocas_deathdetonate_bang_1;f7:3550:tob_nylocas_deathdetonate_spinning_3	special	rig+name	self-destruct; name says death_detonate; framestep=1 forcedpriority=10 verticaloffset=4
tob_nylocas_big_fighting_ranged	8352	1801	seq	8001	top_spider_ranged_meleeattack	18	2.0	f6:3993:tob_nylocas_range_melee_attack	attack	rig+name	melee swing on a non-melee model; forcedpriority=6 verticaloffset=4
tob_nylocas_big_fighting_ranged	8352	1801	seq	14389	top_spider_ranged_death_quiet	27	4.3	f1:11562:synth_11562;f7:11561:synth_11561;f8:11563:synth_11563	death	rig+name	quiet variant; framestep=1 forcedpriority=10 verticaloffset=4
tob_nylocas_big_fighting_ranged	8352	1801	seq	14390	top_spider_ranged_attack_quiet	15	2.0	f2:11560:synth_11560;f10:3966:tob_nylocas_range_attack_shriek_2	attack	rig+name	quiet variant; forcedpriority=6 verticaloffset=4
tob_nylocas_big_fighting_ranged	8352	1801	seq	14391	top_spider_ranged_meleeattack_quiet	18	2.0	f6:11564:synth_11564	attack	rig+name	melee swing on a non-melee model; forcedpriority=6 verticaloffset=4
tob_nylocas_big_fighting_ranged	8352	1832	seq	8073	nylocas_pillar_precollapse	1	0.2		unknown	name	name word match only, off this npc's rig (framemap 1832); framestep=1
tob_nylocas_big_fighting_ranged	8352	1832	seq	8074	nylocas_pillar_collapse	26	4.0		unknown	name	name word match only, off this npc's rig (framemap 1832); framestep=1
tob_nylocas_big_fighting_ranged	8352	1810	seq	14381	nylocas_queen_idle	24	4.0		unknown	name	name word match only, off this npc's rig (framemap 1810); forcedpriority=4 verticaloffset=3
tob_nylocas_big_fighting_ranged	8352	1810	seq	14382	nylocas_queen_walk	72	9.0		unknown	name	name word match only, off this npc's rig (framemap 1810); forcedpriority=5 verticaloffset=3
tob_nylocas_big_fighting_ranged	8352	1810	seq	14383	nylocas_queen_melee	23	3.0	f1:3957:tob_verzik_spider_attack_melee_cry;f13:3936:tob_verzik_spider_attack_melee	unknown	name	name word match only, off this npc's rig (framemap 1810); forcedpriority=6 precedence=2 priority=2 verticaloffset=3
tob_nylocas_big_fighting_ranged	8352	1810	seq	14384	nylocas_queen_summon	17	2.0	f1:3957:tob_verzik_spider_attack_melee_cry	unknown	name	name word match only, off this npc's rig (framemap 1810); 
tob_nylocas_big_fighting_ranged	8352	1810	seq	14385	nylocas_queen_ranged	22	2.9	f11:3990:tob_verzik_spider_attack_ranged	unknown	name	name word match only, off this npc's rig (framemap 1810); forcedpriority=6 precedence=2 priority=2 verticaloffset=3
tob_nylocas_big_fighting_ranged	8352	1810	seq	14386	nylocas_queen_magic	22	3.0	f1:3543:tob_verzik_spark_1;f9:4004:tob_verzik_spider_magic_attack	unknown	name	name word match only, off this npc's rig (framemap 1810); forcedpriority=6 precedence=2 priority=2 verticaloffset=3
tob_nylocas_big_fighting_magic	8353	1799	seq	7987	top_spider_magic_walk	24	2.0		walk	bound	walkanim; verticaloffset=4
tob_nylocas_big_fighting_magic	8353	1799	seq	7988	top_spider_magic_idle	30	4.0		ready	bound	readyanim; verticaloffset=4
tob_nylocas_big_fighting_magic	8353	1799	seq	7989	top_spider_magic_attack	19	2.0	f6:4006:tob_nylocas_magic_attack_5;f9:4006:tob_nylocas_magic_attack_5	attack	rig+name	stretches=yes forcedpriority=6 verticaloffset=4
tob_nylocas_big_fighting_magic	8353	1799	seq	7990	top_spider_magic_meleeattack	18	2.0	f6:3982:tob_magic_melee_attack	attack	rig+name	melee swing on a non-melee model; forcedpriority=6 verticaloffset=4
tob_nylocas_big_fighting_magic	8353	1799	seq	7991	top_spider_magic_death	30	4.3	f1:4010:tob_magic_death_shriek;f7:3289:tob_magic_death_bang;f8:3984:tob_magic_death_spinning	death	rig+name	framestep=1 forcedpriority=10 verticaloffset=4
tob_nylocas_big_fighting_magic	8353	1799	seq	7992	top_spider_magic_death_detonate	50	2.0	f1:3294:tob_nylocas_deathdetonate_shriek;f6:3967:tob_nylocas_deathdetonate_bang_1;f7:3550:tob_nylocas_deathdetonate_spinning_3	special	rig+name	self-destruct; name says death_detonate; framestep=1 forcedpriority=10 verticaloffset=4
tob_nylocas_big_fighting_magic	8353	1799	seq	14392	top_spider_magic_attack_quiet	19	2.0	f6:11555:synth_11555;f9:11555:synth_11555	attack	rig+name	quiet variant; stretches=yes forcedpriority=6 verticaloffset=4
tob_nylocas_big_fighting_magic	8353	1799	seq	14393	top_spider_magic_meleeattack_quiet	18	2.0	f6:11554:synth_11554	attack	rig+name	melee swing on a non-melee model; forcedpriority=6 verticaloffset=4
tob_nylocas_big_fighting_magic	8353	1799	seq	14394	top_spider_magic_death_quiet	30	4.3	f1:11552:synth_11552;f7:11551:synth_11551;f8:11553:synth_11553	death	rig+name	quiet variant; framestep=1 forcedpriority=10 verticaloffset=4
tob_nylocas_big_fighting_magic	8353	1832	seq	8073	nylocas_pillar_precollapse	1	0.2		unknown	name	name word match only, off this npc's rig (framemap 1832); framestep=1
tob_nylocas_big_fighting_magic	8353	1832	seq	8074	nylocas_pillar_collapse	26	4.0		unknown	name	name word match only, off this npc's rig (framemap 1832); framestep=1
tob_nylocas_big_fighting_magic	8353	1810	seq	14381	nylocas_queen_idle	24	4.0		unknown	name	name word match only, off this npc's rig (framemap 1810); forcedpriority=4 verticaloffset=3
tob_nylocas_big_fighting_magic	8353	1810	seq	14382	nylocas_queen_walk	72	9.0		unknown	name	name word match only, off this npc's rig (framemap 1810); forcedpriority=5 verticaloffset=3
tob_nylocas_big_fighting_magic	8353	1810	seq	14383	nylocas_queen_melee	23	3.0	f1:3957:tob_verzik_spider_attack_melee_cry;f13:3936:tob_verzik_spider_attack_melee	unknown	name	name word match only, off this npc's rig (framemap 1810); forcedpriority=6 precedence=2 priority=2 verticaloffset=3
tob_nylocas_big_fighting_magic	8353	1810	seq	14384	nylocas_queen_summon	17	2.0	f1:3957:tob_verzik_spider_attack_melee_cry	unknown	name	name word match only, off this npc's rig (framemap 1810); 
tob_nylocas_big_fighting_magic	8353	1810	seq	14385	nylocas_queen_ranged	22	2.9	f11:3990:tob_verzik_spider_attack_ranged	unknown	name	name word match only, off this npc's rig (framemap 1810); forcedpriority=6 precedence=2 priority=2 verticaloffset=3
tob_nylocas_big_fighting_magic	8353	1810	seq	14386	nylocas_queen_magic	22	3.0	f1:3543:tob_verzik_spark_1;f9:4004:tob_verzik_spider_magic_attack	unknown	name	name word match only, off this npc's rig (framemap 1810); forcedpriority=6 precedence=2 priority=2 verticaloffset=3
nylocas_boss_spawning	8354	1800	seq	4410	hosdun_spider_boss_attack_ranged	15	2.0		unknown	rig	on the rig, name is the Hosdun spider boss: not a candidate; verticaloffset=4
nylocas_boss_spawning	8354	1800	seq	8002	top_spider_melee_idle	12	2.0		ready	bound	readyanim; verticaloffset=4
nylocas_boss_spawning	8354	1800	seq	8003	top_spider_melee_walk	12	1.0		walk	bound	walkanim; verticaloffset=4
nylocas_boss_spawning	8354	1800	seq	8004	top_spider_melee_attack	18	2.0	f6:3932:tob_nylocas_melee_attack_2	attack	rig+name	forcedpriority=6 verticaloffset=4
nylocas_boss_spawning	8354	1800	seq	8005	top_spider_melee_death	27	4.3	f1:3980:tob_nylocas_melee_death_shriek_2;f7:4011:tob_nylocas_melee_death_bang_1;f8:3992:tob_nylocas_melee_death_spinning_4	death	rig+name	framestep=1 forcedpriority=10 verticaloffset=4
nylocas_boss_spawning	8354	1800	seq	8006	top_spider_melee_death_detonate	47	2.0	f1:3294:tob_nylocas_deathdetonate_shriek;f6:3967:tob_nylocas_deathdetonate_bang_1;f7:3550:tob_nylocas_deathdetonate_spinning_3	special	rig+name	self-destruct; name says death_detonate; framestep=1 forcedpriority=10 verticaloffset=4
nylocas_boss_spawning	8354	1800	seq	8075	top_spider_melee_spawn	16	2.0	f1:3546:tob_nylocas_web_spawn	spawn	rig+name	forcedpriority=10 verticaloffset=4
nylocas_boss_spawning	8354	1800	seq	8147	hosdun_spider_boss_attack_melee	18	2.0		unknown	rig	on the rig, name is the Hosdun spider boss: not a candidate; verticaloffset=4
nylocas_boss_spawning	8354	1800	seq	8318	hosdun_spider_boss_death	36	7.0		unknown	rig	on the rig, name is the Hosdun spider boss: not a candidate; framestep=1 forcedpriority=10 verticaloffset=4
nylocas_boss_spawning	8354	1800	seq	8319	hodsun_spider_boss_walk	12	1.0		unknown	rig	on the rig, name is the Hosdun spider boss: not a candidate; verticaloffset=4
nylocas_boss_spawning	8354	1800	seq	8320	hosdun_spider_boss_idle	12	2.0		unknown	rig	on the rig, name is the Hosdun spider boss: not a candidate; verticaloffset=4
nylocas_boss_spawning	8354	1800	seq	8338	sote_gauntlet_spider_death	18	3.0		unknown	rig	on the rig, name is the Sotetseg gauntlet spider: not a candidate; forcedpriority=11 verticaloffset=4
nylocas_boss_spawning	8354	1800	seq	8339	sote_gauntlet_spider_attack_melee	18	2.0		unknown	rig	on the rig, name is the Sotetseg gauntlet spider: not a candidate; forcedpriority=6 verticaloffset=4
nylocas_boss_spawning	8354	1800	seq	8340	sote_gauntlet_spider_idle	12	2.0		unknown	rig	on the rig, name is the Sotetseg gauntlet spider: not a candidate; forcedpriority=4 verticaloffset=4
nylocas_boss_spawning	8354	1800	seq	8341	sote_gauntlet_spider_walk	12	1.0		unknown	rig	on the rig, name is the Sotetseg gauntlet spider: not a candidate; forcedpriority=5 verticaloffset=4
nylocas_boss_spawning	8354	1800	seq	8425	crystal_spider_attack	18	2.0		unknown	rig	on the rig, name is the crystal spider: not a candidate; forcedpriority=6 verticaloffset=4
nylocas_boss_spawning	8354	1800	seq	8426	crystal_spider_death	47	2.0		unknown	rig	on the rig, name is the crystal spider: not a candidate; framestep=1 forcedpriority=10 verticaloffset=4
nylocas_boss_spawning	8354	1800	seq	9030	top_spider_melee_spawn_noloop	16	2.0	f1:3546:tob_nylocas_web_spawn	spawn	rig+name	forcedpriority=10 verticaloffset=4
nylocas_boss_spawning	8354	1800	seq	9136	hodsun_spider_boss_walk_small	12	0.6		unknown	rig	on the rig, name is the Hosdun spider boss: not a candidate; verticaloffset=4
nylocas_boss_spawning	8354	1800	seq	9137	npc_araxyte01_idle	12	2.0		unknown	rig	on the rig, name is the Araxxor araxyte: not a candidate; forcedpriority=4
nylocas_boss_spawning	8354	1800	seq	9138	npc_araxyte01_walk	12	1.0		unknown	rig	on the rig, name is the Araxxor araxyte: not a candidate; forcedpriority=5
nylocas_boss_spawning	8354	1800	seq	9139	npc_araxyte01_walk_fast	12	0.6		unknown	rig	on the rig, name is the Araxxor araxyte: not a candidate; forcedpriority=5
nylocas_boss_spawning	8354	1800	seq	9140	npc_araxyte01_attack	18	2.0		unknown	rig	on the rig, name is the Araxxor araxyte: not a candidate; forcedpriority=6
nylocas_boss_spawning	8354	1800	seq	9141	npc_araxyte01_death	18	4.0	f1:9371:araxxor_mirror_back_minion_death_01;f4:9370:araxxor_mirror_back_minion_death_impact_01	unknown	rig	on the rig, name is the Araxxor araxyte: not a candidate; framestep=1 forcedpriority=10
nylocas_boss_spawning	8354	1800	seq	11494	npc_araxyte02_idle	12	2.0		unknown	rig	on the rig, name is the Araxxor araxyte: not a candidate; forcedpriority=4
nylocas_boss_spawning	8354	1800	seq	11495	npc_araxyte02_walk	12	1.0		unknown	rig	on the rig, name is the Araxxor araxyte: not a candidate; forcedpriority=5
nylocas_boss_spawning	8354	1800	seq	11496	npc_araxyte02_walk_fast	12	0.6		unknown	rig	on the rig, name is the Araxxor araxyte: not a candidate; forcedpriority=5
nylocas_boss_spawning	8354	1800	seq	11497	npc_araxyte02_attack	18	2.0		unknown	rig	on the rig, name is the Araxxor araxyte: not a candidate; forcedpriority=6
nylocas_boss_spawning	8354	1800	seq	11498	npc_araxyte_acidic_01_attack	18	2.0	f2:9381:araxxor_acidic_minion_attack_03;f7:9381:araxxor_acidic_minion_attack_03	unknown	rig	on the rig, name is the Araxxor araxyte: not a candidate; forcedpriority=6
nylocas_boss_spawning	8354	1800	seq	11499	npc_araxyte_acidic_02_attack	18	2.0	f2:9381:araxxor_acidic_minion_attack_03;f7:9381:araxxor_acidic_minion_attack_03	unknown	rig	on the rig, name is the Araxxor araxyte: not a candidate; forcedpriority=6
nylocas_boss_spawning	8354	1800	seq	11500	npc_araxyte_mirror_back_01_attack	18	2.0	f2:9372:araxxor_mirror_back_minion_attack_01_01;f7:9375:araxxor_mirror_back_minion_attack_02_01	unknown	rig	on the rig, name is the Araxxor araxyte: not a candidate; forcedpriority=6
nylocas_boss_spawning	8354	1800	seq	11501	npc_araxyte_mirror_back_02_attack	18	2.0	f2:9372:araxxor_mirror_back_minion_attack_01_01;f7:9375:araxxor_mirror_back_minion_attack_02_01	unknown	rig	on the rig, name is the Araxxor araxyte: not a candidate; forcedpriority=6
nylocas_boss_spawning	8354	1800	seq	11502	npc_araxyte02_death	18	4.0	f1:9371:araxxor_mirror_back_minion_death_01;f4:9370:araxxor_mirror_back_minion_death_impact_01	unknown	rig	on the rig, name is the Araxxor araxyte: not a candidate; forcedpriority=10
nylocas_boss_spawning	8354	1800	seq	11503	npc_araxyte02_hatch	17	2.0		unknown	rig	on the rig, name is the Araxxor araxyte: not a candidate; forcedpriority=9
nylocas_boss_spawning	8354	1800	seq	11504	npc_araxyte_explode	20	4.3	f1:9382:araxxor_acidic_minion_explosion_01	unknown	rig	on the rig, name is the Araxxor araxyte: not a candidate
nylocas_boss_spawning	8354	1800	seq	11510	npc_araxyte_mirror_back_death	18	4.0	f1:9371:araxxor_mirror_back_minion_death_01;f4:9370:araxxor_mirror_back_minion_death_impact_01	unknown	rig	on the rig, name is the Araxxor araxyte: not a candidate; framestep=1 forcedpriority=10
nylocas_boss_spawning	8354	1800	seq	14387	top_spider_melee_attack_quiet	18	2.0	f6:11556:synth_11556	attack	rig+name	quiet variant; forcedpriority=6 verticaloffset=4
nylocas_boss_spawning	8354	1800	seq	14388	top_spider_melee_death_quiet	27	4.3	f1:11558:synth_11558;f7:11557:synth_11557;f8:11559:synth_11559	death	rig+name	quiet variant; framestep=1 forcedpriority=10 verticaloffset=4
nylocas_boss_spawning	8354	1832	seq	8073	nylocas_pillar_precollapse	1	0.2		unknown	name	name word match only, off this npc's rig (framemap 1832); framestep=1
nylocas_boss_spawning	8354	1832	seq	8074	nylocas_pillar_collapse	26	4.0		unknown	name	name word match only, off this npc's rig (framemap 1832); framestep=1
nylocas_boss_spawning	8354	1810	seq	14381	nylocas_queen_idle	24	4.0		unknown	name	name word match only, off this npc's rig (framemap 1810); forcedpriority=4 verticaloffset=3
nylocas_boss_spawning	8354	1810	seq	14382	nylocas_queen_walk	72	9.0		unknown	name	name word match only, off this npc's rig (framemap 1810); forcedpriority=5 verticaloffset=3
nylocas_boss_spawning	8354	1810	seq	14383	nylocas_queen_melee	23	3.0	f1:3957:tob_verzik_spider_attack_melee_cry;f13:3936:tob_verzik_spider_attack_melee	unknown	name	name word match only, off this npc's rig (framemap 1810); forcedpriority=6 precedence=2 priority=2 verticaloffset=3
nylocas_boss_spawning	8354	1810	seq	14384	nylocas_queen_summon	17	2.0	f1:3957:tob_verzik_spider_attack_melee_cry	unknown	name	name word match only, off this npc's rig (framemap 1810); 
nylocas_boss_spawning	8354	1810	seq	14385	nylocas_queen_ranged	22	2.9	f11:3990:tob_verzik_spider_attack_ranged	unknown	name	name word match only, off this npc's rig (framemap 1810); forcedpriority=6 precedence=2 priority=2 verticaloffset=3
nylocas_boss_spawning	8354	1810	seq	14386	nylocas_queen_magic	22	3.0	f1:3543:tob_verzik_spark_1;f9:4004:tob_verzik_spider_magic_attack	unknown	name	name word match only, off this npc's rig (framemap 1810); forcedpriority=6 precedence=2 priority=2 verticaloffset=3
nylocas_boss_melee	8355	1800	seq	4410	hosdun_spider_boss_attack_ranged	15	2.0		unknown	rig	on the rig, name is the Hosdun spider boss: not a candidate; verticaloffset=4
nylocas_boss_melee	8355	1800	seq	8002	top_spider_melee_idle	12	2.0		ready	bound	readyanim; verticaloffset=4
nylocas_boss_melee	8355	1800	seq	8003	top_spider_melee_walk	12	1.0		walk	bound	walkanim; verticaloffset=4
nylocas_boss_melee	8355	1800	seq	8004	top_spider_melee_attack	18	2.0	f6:3932:tob_nylocas_melee_attack_2	attack	rig+name	forcedpriority=6 verticaloffset=4
nylocas_boss_melee	8355	1800	seq	8005	top_spider_melee_death	27	4.3	f1:3980:tob_nylocas_melee_death_shriek_2;f7:4011:tob_nylocas_melee_death_bang_1;f8:3992:tob_nylocas_melee_death_spinning_4	death	rig+name	framestep=1 forcedpriority=10 verticaloffset=4
nylocas_boss_melee	8355	1800	seq	8006	top_spider_melee_death_detonate	47	2.0	f1:3294:tob_nylocas_deathdetonate_shriek;f6:3967:tob_nylocas_deathdetonate_bang_1;f7:3550:tob_nylocas_deathdetonate_spinning_3	special	rig+name	self-destruct; name says death_detonate; framestep=1 forcedpriority=10 verticaloffset=4
nylocas_boss_melee	8355	1800	seq	8075	top_spider_melee_spawn	16	2.0	f1:3546:tob_nylocas_web_spawn	spawn	rig+name	forcedpriority=10 verticaloffset=4
nylocas_boss_melee	8355	1800	seq	8147	hosdun_spider_boss_attack_melee	18	2.0		unknown	rig	on the rig, name is the Hosdun spider boss: not a candidate; verticaloffset=4
nylocas_boss_melee	8355	1800	seq	8318	hosdun_spider_boss_death	36	7.0		unknown	rig	on the rig, name is the Hosdun spider boss: not a candidate; framestep=1 forcedpriority=10 verticaloffset=4
nylocas_boss_melee	8355	1800	seq	8319	hodsun_spider_boss_walk	12	1.0		unknown	rig	on the rig, name is the Hosdun spider boss: not a candidate; verticaloffset=4
nylocas_boss_melee	8355	1800	seq	8320	hosdun_spider_boss_idle	12	2.0		unknown	rig	on the rig, name is the Hosdun spider boss: not a candidate; verticaloffset=4
nylocas_boss_melee	8355	1800	seq	8338	sote_gauntlet_spider_death	18	3.0		unknown	rig	on the rig, name is the Sotetseg gauntlet spider: not a candidate; forcedpriority=11 verticaloffset=4
nylocas_boss_melee	8355	1800	seq	8339	sote_gauntlet_spider_attack_melee	18	2.0		unknown	rig	on the rig, name is the Sotetseg gauntlet spider: not a candidate; forcedpriority=6 verticaloffset=4
nylocas_boss_melee	8355	1800	seq	8340	sote_gauntlet_spider_idle	12	2.0		unknown	rig	on the rig, name is the Sotetseg gauntlet spider: not a candidate; forcedpriority=4 verticaloffset=4
nylocas_boss_melee	8355	1800	seq	8341	sote_gauntlet_spider_walk	12	1.0		unknown	rig	on the rig, name is the Sotetseg gauntlet spider: not a candidate; forcedpriority=5 verticaloffset=4
nylocas_boss_melee	8355	1800	seq	8425	crystal_spider_attack	18	2.0		unknown	rig	on the rig, name is the crystal spider: not a candidate; forcedpriority=6 verticaloffset=4
nylocas_boss_melee	8355	1800	seq	8426	crystal_spider_death	47	2.0		unknown	rig	on the rig, name is the crystal spider: not a candidate; framestep=1 forcedpriority=10 verticaloffset=4
nylocas_boss_melee	8355	1800	seq	9030	top_spider_melee_spawn_noloop	16	2.0	f1:3546:tob_nylocas_web_spawn	spawn	rig+name	forcedpriority=10 verticaloffset=4
nylocas_boss_melee	8355	1800	seq	9136	hodsun_spider_boss_walk_small	12	0.6		unknown	rig	on the rig, name is the Hosdun spider boss: not a candidate; verticaloffset=4
nylocas_boss_melee	8355	1800	seq	9137	npc_araxyte01_idle	12	2.0		unknown	rig	on the rig, name is the Araxxor araxyte: not a candidate; forcedpriority=4
nylocas_boss_melee	8355	1800	seq	9138	npc_araxyte01_walk	12	1.0		unknown	rig	on the rig, name is the Araxxor araxyte: not a candidate; forcedpriority=5
nylocas_boss_melee	8355	1800	seq	9139	npc_araxyte01_walk_fast	12	0.6		unknown	rig	on the rig, name is the Araxxor araxyte: not a candidate; forcedpriority=5
nylocas_boss_melee	8355	1800	seq	9140	npc_araxyte01_attack	18	2.0		unknown	rig	on the rig, name is the Araxxor araxyte: not a candidate; forcedpriority=6
nylocas_boss_melee	8355	1800	seq	9141	npc_araxyte01_death	18	4.0	f1:9371:araxxor_mirror_back_minion_death_01;f4:9370:araxxor_mirror_back_minion_death_impact_01	unknown	rig	on the rig, name is the Araxxor araxyte: not a candidate; framestep=1 forcedpriority=10
nylocas_boss_melee	8355	1800	seq	11494	npc_araxyte02_idle	12	2.0		unknown	rig	on the rig, name is the Araxxor araxyte: not a candidate; forcedpriority=4
nylocas_boss_melee	8355	1800	seq	11495	npc_araxyte02_walk	12	1.0		unknown	rig	on the rig, name is the Araxxor araxyte: not a candidate; forcedpriority=5
nylocas_boss_melee	8355	1800	seq	11496	npc_araxyte02_walk_fast	12	0.6		unknown	rig	on the rig, name is the Araxxor araxyte: not a candidate; forcedpriority=5
nylocas_boss_melee	8355	1800	seq	11497	npc_araxyte02_attack	18	2.0		unknown	rig	on the rig, name is the Araxxor araxyte: not a candidate; forcedpriority=6
nylocas_boss_melee	8355	1800	seq	11498	npc_araxyte_acidic_01_attack	18	2.0	f2:9381:araxxor_acidic_minion_attack_03;f7:9381:araxxor_acidic_minion_attack_03	unknown	rig	on the rig, name is the Araxxor araxyte: not a candidate; forcedpriority=6
nylocas_boss_melee	8355	1800	seq	11499	npc_araxyte_acidic_02_attack	18	2.0	f2:9381:araxxor_acidic_minion_attack_03;f7:9381:araxxor_acidic_minion_attack_03	unknown	rig	on the rig, name is the Araxxor araxyte: not a candidate; forcedpriority=6
nylocas_boss_melee	8355	1800	seq	11500	npc_araxyte_mirror_back_01_attack	18	2.0	f2:9372:araxxor_mirror_back_minion_attack_01_01;f7:9375:araxxor_mirror_back_minion_attack_02_01	unknown	rig	on the rig, name is the Araxxor araxyte: not a candidate; forcedpriority=6
nylocas_boss_melee	8355	1800	seq	11501	npc_araxyte_mirror_back_02_attack	18	2.0	f2:9372:araxxor_mirror_back_minion_attack_01_01;f7:9375:araxxor_mirror_back_minion_attack_02_01	unknown	rig	on the rig, name is the Araxxor araxyte: not a candidate; forcedpriority=6
nylocas_boss_melee	8355	1800	seq	11502	npc_araxyte02_death	18	4.0	f1:9371:araxxor_mirror_back_minion_death_01;f4:9370:araxxor_mirror_back_minion_death_impact_01	unknown	rig	on the rig, name is the Araxxor araxyte: not a candidate; forcedpriority=10
nylocas_boss_melee	8355	1800	seq	11503	npc_araxyte02_hatch	17	2.0		unknown	rig	on the rig, name is the Araxxor araxyte: not a candidate; forcedpriority=9
nylocas_boss_melee	8355	1800	seq	11504	npc_araxyte_explode	20	4.3	f1:9382:araxxor_acidic_minion_explosion_01	unknown	rig	on the rig, name is the Araxxor araxyte: not a candidate
nylocas_boss_melee	8355	1800	seq	11510	npc_araxyte_mirror_back_death	18	4.0	f1:9371:araxxor_mirror_back_minion_death_01;f4:9370:araxxor_mirror_back_minion_death_impact_01	unknown	rig	on the rig, name is the Araxxor araxyte: not a candidate; framestep=1 forcedpriority=10
nylocas_boss_melee	8355	1800	seq	14387	top_spider_melee_attack_quiet	18	2.0	f6:11556:synth_11556	attack	rig+name	quiet variant; forcedpriority=6 verticaloffset=4
nylocas_boss_melee	8355	1800	seq	14388	top_spider_melee_death_quiet	27	4.3	f1:11558:synth_11558;f7:11557:synth_11557;f8:11559:synth_11559	death	rig+name	quiet variant; framestep=1 forcedpriority=10 verticaloffset=4
nylocas_boss_melee	8355	1832	seq	8073	nylocas_pillar_precollapse	1	0.2		unknown	name	name word match only, off this npc's rig (framemap 1832); framestep=1
nylocas_boss_melee	8355	1832	seq	8074	nylocas_pillar_collapse	26	4.0		unknown	name	name word match only, off this npc's rig (framemap 1832); framestep=1
nylocas_boss_melee	8355	1810	seq	14381	nylocas_queen_idle	24	4.0		unknown	name	name word match only, off this npc's rig (framemap 1810); forcedpriority=4 verticaloffset=3
nylocas_boss_melee	8355	1810	seq	14382	nylocas_queen_walk	72	9.0		unknown	name	name word match only, off this npc's rig (framemap 1810); forcedpriority=5 verticaloffset=3
nylocas_boss_melee	8355	1810	seq	14383	nylocas_queen_melee	23	3.0	f1:3957:tob_verzik_spider_attack_melee_cry;f13:3936:tob_verzik_spider_attack_melee	unknown	name	name word match only, off this npc's rig (framemap 1810); forcedpriority=6 precedence=2 priority=2 verticaloffset=3
nylocas_boss_melee	8355	1810	seq	14384	nylocas_queen_summon	17	2.0	f1:3957:tob_verzik_spider_attack_melee_cry	unknown	name	name word match only, off this npc's rig (framemap 1810); 
nylocas_boss_melee	8355	1810	seq	14385	nylocas_queen_ranged	22	2.9	f11:3990:tob_verzik_spider_attack_ranged	unknown	name	name word match only, off this npc's rig (framemap 1810); forcedpriority=6 precedence=2 priority=2 verticaloffset=3
nylocas_boss_melee	8355	1810	seq	14386	nylocas_queen_magic	22	3.0	f1:3543:tob_verzik_spark_1;f9:4004:tob_verzik_spider_magic_attack	unknown	name	name word match only, off this npc's rig (framemap 1810); forcedpriority=6 precedence=2 priority=2 verticaloffset=3
nylocas_boss_magic	8356	1799	seq	7987	top_spider_magic_walk	24	2.0		walk	bound	walkanim; verticaloffset=4
nylocas_boss_magic	8356	1799	seq	7988	top_spider_magic_idle	30	4.0		ready	bound	readyanim; verticaloffset=4
nylocas_boss_magic	8356	1799	seq	7989	top_spider_magic_attack	19	2.0	f6:4006:tob_nylocas_magic_attack_5;f9:4006:tob_nylocas_magic_attack_5	attack	rig+name	stretches=yes forcedpriority=6 verticaloffset=4
nylocas_boss_magic	8356	1799	seq	7990	top_spider_magic_meleeattack	18	2.0	f6:3982:tob_magic_melee_attack	attack	rig+name	melee swing on a non-melee model; forcedpriority=6 verticaloffset=4
nylocas_boss_magic	8356	1799	seq	7991	top_spider_magic_death	30	4.3	f1:4010:tob_magic_death_shriek;f7:3289:tob_magic_death_bang;f8:3984:tob_magic_death_spinning	death	rig+name	framestep=1 forcedpriority=10 verticaloffset=4
nylocas_boss_magic	8356	1799	seq	7992	top_spider_magic_death_detonate	50	2.0	f1:3294:tob_nylocas_deathdetonate_shriek;f6:3967:tob_nylocas_deathdetonate_bang_1;f7:3550:tob_nylocas_deathdetonate_spinning_3	special	rig+name	self-destruct; name says death_detonate; framestep=1 forcedpriority=10 verticaloffset=4
nylocas_boss_magic	8356	1799	seq	14392	top_spider_magic_attack_quiet	19	2.0	f6:11555:synth_11555;f9:11555:synth_11555	attack	rig+name	quiet variant; stretches=yes forcedpriority=6 verticaloffset=4
nylocas_boss_magic	8356	1799	seq	14393	top_spider_magic_meleeattack_quiet	18	2.0	f6:11554:synth_11554	attack	rig+name	melee swing on a non-melee model; forcedpriority=6 verticaloffset=4
nylocas_boss_magic	8356	1799	seq	14394	top_spider_magic_death_quiet	30	4.3	f1:11552:synth_11552;f7:11551:synth_11551;f8:11553:synth_11553	death	rig+name	quiet variant; framestep=1 forcedpriority=10 verticaloffset=4
nylocas_boss_magic	8356	1832	seq	8073	nylocas_pillar_precollapse	1	0.2		unknown	name	name word match only, off this npc's rig (framemap 1832); framestep=1
nylocas_boss_magic	8356	1832	seq	8074	nylocas_pillar_collapse	26	4.0		unknown	name	name word match only, off this npc's rig (framemap 1832); framestep=1
nylocas_boss_magic	8356	1810	seq	14381	nylocas_queen_idle	24	4.0		unknown	name	name word match only, off this npc's rig (framemap 1810); forcedpriority=4 verticaloffset=3
nylocas_boss_magic	8356	1810	seq	14382	nylocas_queen_walk	72	9.0		unknown	name	name word match only, off this npc's rig (framemap 1810); forcedpriority=5 verticaloffset=3
nylocas_boss_magic	8356	1810	seq	14383	nylocas_queen_melee	23	3.0	f1:3957:tob_verzik_spider_attack_melee_cry;f13:3936:tob_verzik_spider_attack_melee	unknown	name	name word match only, off this npc's rig (framemap 1810); forcedpriority=6 precedence=2 priority=2 verticaloffset=3
nylocas_boss_magic	8356	1810	seq	14384	nylocas_queen_summon	17	2.0	f1:3957:tob_verzik_spider_attack_melee_cry	unknown	name	name word match only, off this npc's rig (framemap 1810); 
nylocas_boss_magic	8356	1810	seq	14385	nylocas_queen_ranged	22	2.9	f11:3990:tob_verzik_spider_attack_ranged	unknown	name	name word match only, off this npc's rig (framemap 1810); forcedpriority=6 precedence=2 priority=2 verticaloffset=3
nylocas_boss_magic	8356	1810	seq	14386	nylocas_queen_magic	22	3.0	f1:3543:tob_verzik_spark_1;f9:4004:tob_verzik_spider_magic_attack	unknown	name	name word match only, off this npc's rig (framemap 1810); forcedpriority=6 precedence=2 priority=2 verticaloffset=3
nylocas_boss_ranged	8357	1801	seq	7993	top_spider_ranged_idle	12	2.0		ready	bound	readyanim; verticaloffset=4
nylocas_boss_ranged	8357	1801	seq	7997	top_spider_ranged_walk	12	1.0		walk	bound	walkanim; verticaloffset=4
nylocas_boss_ranged	8357	1801	seq	7998	top_spider_ranged_death	27	4.3	f1:3978:tob_nylocas_range_death_shriek;f7:3232:tob_nylocas_range_death_bang;f8:3943:tob_nylocas_range_death_spinning	death	rig+name	framestep=1 forcedpriority=10 verticaloffset=4
nylocas_boss_ranged	8357	1801	seq	7999	top_spider_ranged_attack	15	2.0	f2:3953:tob_nylocas_range_attack_projectiles_2;f10:3966:tob_nylocas_range_attack_shriek_2	attack	rig+name	forcedpriority=6 verticaloffset=4
nylocas_boss_ranged	8357	1801	seq	8000	top_spider_ranged_death_detonate	47	2.0	f1:3294:tob_nylocas_deathdetonate_shriek;f6:3967:tob_nylocas_deathdetonate_bang_1;f7:3550:tob_nylocas_deathdetonate_spinning_3	special	rig+name	self-destruct; name says death_detonate; framestep=1 forcedpriority=10 verticaloffset=4
nylocas_boss_ranged	8357	1801	seq	8001	top_spider_ranged_meleeattack	18	2.0	f6:3993:tob_nylocas_range_melee_attack	attack	rig+name	melee swing on a non-melee model; forcedpriority=6 verticaloffset=4
nylocas_boss_ranged	8357	1801	seq	14389	top_spider_ranged_death_quiet	27	4.3	f1:11562:synth_11562;f7:11561:synth_11561;f8:11563:synth_11563	death	rig+name	quiet variant; framestep=1 forcedpriority=10 verticaloffset=4
nylocas_boss_ranged	8357	1801	seq	14390	top_spider_ranged_attack_quiet	15	2.0	f2:11560:synth_11560;f10:3966:tob_nylocas_range_attack_shriek_2	attack	rig+name	quiet variant; forcedpriority=6 verticaloffset=4
nylocas_boss_ranged	8357	1801	seq	14391	top_spider_ranged_meleeattack_quiet	18	2.0	f6:11564:synth_11564	attack	rig+name	melee swing on a non-melee model; forcedpriority=6 verticaloffset=4
nylocas_boss_ranged	8357	1832	seq	8073	nylocas_pillar_precollapse	1	0.2		unknown	name	name word match only, off this npc's rig (framemap 1832); framestep=1
nylocas_boss_ranged	8357	1832	seq	8074	nylocas_pillar_collapse	26	4.0		unknown	name	name word match only, off this npc's rig (framemap 1832); framestep=1
nylocas_boss_ranged	8357	1810	seq	14381	nylocas_queen_idle	24	4.0		unknown	name	name word match only, off this npc's rig (framemap 1810); forcedpriority=4 verticaloffset=3
nylocas_boss_ranged	8357	1810	seq	14382	nylocas_queen_walk	72	9.0		unknown	name	name word match only, off this npc's rig (framemap 1810); forcedpriority=5 verticaloffset=3
nylocas_boss_ranged	8357	1810	seq	14383	nylocas_queen_melee	23	3.0	f1:3957:tob_verzik_spider_attack_melee_cry;f13:3936:tob_verzik_spider_attack_melee	unknown	name	name word match only, off this npc's rig (framemap 1810); forcedpriority=6 precedence=2 priority=2 verticaloffset=3
nylocas_boss_ranged	8357	1810	seq	14384	nylocas_queen_summon	17	2.0	f1:3957:tob_verzik_spider_attack_melee_cry	unknown	name	name word match only, off this npc's rig (framemap 1810); 
nylocas_boss_ranged	8357	1810	seq	14385	nylocas_queen_ranged	22	2.9	f11:3990:tob_verzik_spider_attack_ranged	unknown	name	name word match only, off this npc's rig (framemap 1810); forcedpriority=6 precedence=2 priority=2 verticaloffset=3
nylocas_boss_ranged	8357	1810	seq	14386	nylocas_queen_magic	22	3.0	f1:3543:tob_verzik_spark_1;f9:4004:tob_verzik_spider_magic_attack	unknown	name	name word match only, off this npc's rig (framemap 1810); forcedpriority=6 precedence=2 priority=2 verticaloffset=3
tob_nylocas_support	8358	-	seq	-	-				unknown	rig	npc names no readyanim or walkanim: no rig, no candidate set
tob_nylocas_incoming_melee_story	10774	1800	seq	4410	hosdun_spider_boss_attack_ranged	15	2.0		unknown	rig	on the rig, name is the Hosdun spider boss: not a candidate; verticaloffset=4
tob_nylocas_incoming_melee_story	10774	1800	seq	8002	top_spider_melee_idle	12	2.0		ready	bound	readyanim; verticaloffset=4
tob_nylocas_incoming_melee_story	10774	1800	seq	8003	top_spider_melee_walk	12	1.0		walk	bound	walkanim; verticaloffset=4
tob_nylocas_incoming_melee_story	10774	1800	seq	8004	top_spider_melee_attack	18	2.0	f6:3932:tob_nylocas_melee_attack_2	attack	rig+name	forcedpriority=6 verticaloffset=4
tob_nylocas_incoming_melee_story	10774	1800	seq	8005	top_spider_melee_death	27	4.3	f1:3980:tob_nylocas_melee_death_shriek_2;f7:4011:tob_nylocas_melee_death_bang_1;f8:3992:tob_nylocas_melee_death_spinning_4	death	rig+name	framestep=1 forcedpriority=10 verticaloffset=4
tob_nylocas_incoming_melee_story	10774	1800	seq	8006	top_spider_melee_death_detonate	47	2.0	f1:3294:tob_nylocas_deathdetonate_shriek;f6:3967:tob_nylocas_deathdetonate_bang_1;f7:3550:tob_nylocas_deathdetonate_spinning_3	special	rig+name	self-destruct; name says death_detonate; framestep=1 forcedpriority=10 verticaloffset=4
tob_nylocas_incoming_melee_story	10774	1800	seq	8075	top_spider_melee_spawn	16	2.0	f1:3546:tob_nylocas_web_spawn	spawn	rig+name	forcedpriority=10 verticaloffset=4
tob_nylocas_incoming_melee_story	10774	1800	seq	8147	hosdun_spider_boss_attack_melee	18	2.0		unknown	rig	on the rig, name is the Hosdun spider boss: not a candidate; verticaloffset=4
tob_nylocas_incoming_melee_story	10774	1800	seq	8318	hosdun_spider_boss_death	36	7.0		unknown	rig	on the rig, name is the Hosdun spider boss: not a candidate; framestep=1 forcedpriority=10 verticaloffset=4
tob_nylocas_incoming_melee_story	10774	1800	seq	8319	hodsun_spider_boss_walk	12	1.0		unknown	rig	on the rig, name is the Hosdun spider boss: not a candidate; verticaloffset=4
tob_nylocas_incoming_melee_story	10774	1800	seq	8320	hosdun_spider_boss_idle	12	2.0		unknown	rig	on the rig, name is the Hosdun spider boss: not a candidate; verticaloffset=4
tob_nylocas_incoming_melee_story	10774	1800	seq	8338	sote_gauntlet_spider_death	18	3.0		unknown	rig	on the rig, name is the Sotetseg gauntlet spider: not a candidate; forcedpriority=11 verticaloffset=4
tob_nylocas_incoming_melee_story	10774	1800	seq	8339	sote_gauntlet_spider_attack_melee	18	2.0		unknown	rig	on the rig, name is the Sotetseg gauntlet spider: not a candidate; forcedpriority=6 verticaloffset=4
tob_nylocas_incoming_melee_story	10774	1800	seq	8340	sote_gauntlet_spider_idle	12	2.0		unknown	rig	on the rig, name is the Sotetseg gauntlet spider: not a candidate; forcedpriority=4 verticaloffset=4
tob_nylocas_incoming_melee_story	10774	1800	seq	8341	sote_gauntlet_spider_walk	12	1.0		unknown	rig	on the rig, name is the Sotetseg gauntlet spider: not a candidate; forcedpriority=5 verticaloffset=4
tob_nylocas_incoming_melee_story	10774	1800	seq	8425	crystal_spider_attack	18	2.0		unknown	rig	on the rig, name is the crystal spider: not a candidate; forcedpriority=6 verticaloffset=4
tob_nylocas_incoming_melee_story	10774	1800	seq	8426	crystal_spider_death	47	2.0		unknown	rig	on the rig, name is the crystal spider: not a candidate; framestep=1 forcedpriority=10 verticaloffset=4
tob_nylocas_incoming_melee_story	10774	1800	seq	9030	top_spider_melee_spawn_noloop	16	2.0	f1:3546:tob_nylocas_web_spawn	spawn	rig+name	forcedpriority=10 verticaloffset=4
tob_nylocas_incoming_melee_story	10774	1800	seq	9136	hodsun_spider_boss_walk_small	12	0.6		unknown	rig	on the rig, name is the Hosdun spider boss: not a candidate; verticaloffset=4
tob_nylocas_incoming_melee_story	10774	1800	seq	9137	npc_araxyte01_idle	12	2.0		unknown	rig	on the rig, name is the Araxxor araxyte: not a candidate; forcedpriority=4
tob_nylocas_incoming_melee_story	10774	1800	seq	9138	npc_araxyte01_walk	12	1.0		unknown	rig	on the rig, name is the Araxxor araxyte: not a candidate; forcedpriority=5
tob_nylocas_incoming_melee_story	10774	1800	seq	9139	npc_araxyte01_walk_fast	12	0.6		unknown	rig	on the rig, name is the Araxxor araxyte: not a candidate; forcedpriority=5
tob_nylocas_incoming_melee_story	10774	1800	seq	9140	npc_araxyte01_attack	18	2.0		unknown	rig	on the rig, name is the Araxxor araxyte: not a candidate; forcedpriority=6
tob_nylocas_incoming_melee_story	10774	1800	seq	9141	npc_araxyte01_death	18	4.0	f1:9371:araxxor_mirror_back_minion_death_01;f4:9370:araxxor_mirror_back_minion_death_impact_01	unknown	rig	on the rig, name is the Araxxor araxyte: not a candidate; framestep=1 forcedpriority=10
tob_nylocas_incoming_melee_story	10774	1800	seq	11494	npc_araxyte02_idle	12	2.0		unknown	rig	on the rig, name is the Araxxor araxyte: not a candidate; forcedpriority=4
tob_nylocas_incoming_melee_story	10774	1800	seq	11495	npc_araxyte02_walk	12	1.0		unknown	rig	on the rig, name is the Araxxor araxyte: not a candidate; forcedpriority=5
tob_nylocas_incoming_melee_story	10774	1800	seq	11496	npc_araxyte02_walk_fast	12	0.6		unknown	rig	on the rig, name is the Araxxor araxyte: not a candidate; forcedpriority=5
tob_nylocas_incoming_melee_story	10774	1800	seq	11497	npc_araxyte02_attack	18	2.0		unknown	rig	on the rig, name is the Araxxor araxyte: not a candidate; forcedpriority=6
tob_nylocas_incoming_melee_story	10774	1800	seq	11498	npc_araxyte_acidic_01_attack	18	2.0	f2:9381:araxxor_acidic_minion_attack_03;f7:9381:araxxor_acidic_minion_attack_03	unknown	rig	on the rig, name is the Araxxor araxyte: not a candidate; forcedpriority=6
tob_nylocas_incoming_melee_story	10774	1800	seq	11499	npc_araxyte_acidic_02_attack	18	2.0	f2:9381:araxxor_acidic_minion_attack_03;f7:9381:araxxor_acidic_minion_attack_03	unknown	rig	on the rig, name is the Araxxor araxyte: not a candidate; forcedpriority=6
tob_nylocas_incoming_melee_story	10774	1800	seq	11500	npc_araxyte_mirror_back_01_attack	18	2.0	f2:9372:araxxor_mirror_back_minion_attack_01_01;f7:9375:araxxor_mirror_back_minion_attack_02_01	unknown	rig	on the rig, name is the Araxxor araxyte: not a candidate; forcedpriority=6
tob_nylocas_incoming_melee_story	10774	1800	seq	11501	npc_araxyte_mirror_back_02_attack	18	2.0	f2:9372:araxxor_mirror_back_minion_attack_01_01;f7:9375:araxxor_mirror_back_minion_attack_02_01	unknown	rig	on the rig, name is the Araxxor araxyte: not a candidate; forcedpriority=6
tob_nylocas_incoming_melee_story	10774	1800	seq	11502	npc_araxyte02_death	18	4.0	f1:9371:araxxor_mirror_back_minion_death_01;f4:9370:araxxor_mirror_back_minion_death_impact_01	unknown	rig	on the rig, name is the Araxxor araxyte: not a candidate; forcedpriority=10
tob_nylocas_incoming_melee_story	10774	1800	seq	11503	npc_araxyte02_hatch	17	2.0		unknown	rig	on the rig, name is the Araxxor araxyte: not a candidate; forcedpriority=9
tob_nylocas_incoming_melee_story	10774	1800	seq	11504	npc_araxyte_explode	20	4.3	f1:9382:araxxor_acidic_minion_explosion_01	unknown	rig	on the rig, name is the Araxxor araxyte: not a candidate
tob_nylocas_incoming_melee_story	10774	1800	seq	11510	npc_araxyte_mirror_back_death	18	4.0	f1:9371:araxxor_mirror_back_minion_death_01;f4:9370:araxxor_mirror_back_minion_death_impact_01	unknown	rig	on the rig, name is the Araxxor araxyte: not a candidate; framestep=1 forcedpriority=10
tob_nylocas_incoming_melee_story	10774	1800	seq	14387	top_spider_melee_attack_quiet	18	2.0	f6:11556:synth_11556	attack	rig+name	quiet variant; forcedpriority=6 verticaloffset=4
tob_nylocas_incoming_melee_story	10774	1800	seq	14388	top_spider_melee_death_quiet	27	4.3	f1:11558:synth_11558;f7:11557:synth_11557;f8:11559:synth_11559	death	rig+name	quiet variant; framestep=1 forcedpriority=10 verticaloffset=4
tob_nylocas_incoming_melee_story	10774	1832	seq	8073	nylocas_pillar_precollapse	1	0.2		unknown	name	name word match only, off this npc's rig (framemap 1832); framestep=1
tob_nylocas_incoming_melee_story	10774	1832	seq	8074	nylocas_pillar_collapse	26	4.0		unknown	name	name word match only, off this npc's rig (framemap 1832); framestep=1
tob_nylocas_incoming_melee_story	10774	1810	seq	14381	nylocas_queen_idle	24	4.0		unknown	name	name word match only, off this npc's rig (framemap 1810); forcedpriority=4 verticaloffset=3
tob_nylocas_incoming_melee_story	10774	1810	seq	14382	nylocas_queen_walk	72	9.0		unknown	name	name word match only, off this npc's rig (framemap 1810); forcedpriority=5 verticaloffset=3
tob_nylocas_incoming_melee_story	10774	1810	seq	14383	nylocas_queen_melee	23	3.0	f1:3957:tob_verzik_spider_attack_melee_cry;f13:3936:tob_verzik_spider_attack_melee	unknown	name	name word match only, off this npc's rig (framemap 1810); forcedpriority=6 precedence=2 priority=2 verticaloffset=3
tob_nylocas_incoming_melee_story	10774	1810	seq	14384	nylocas_queen_summon	17	2.0	f1:3957:tob_verzik_spider_attack_melee_cry	unknown	name	name word match only, off this npc's rig (framemap 1810); 
tob_nylocas_incoming_melee_story	10774	1810	seq	14385	nylocas_queen_ranged	22	2.9	f11:3990:tob_verzik_spider_attack_ranged	unknown	name	name word match only, off this npc's rig (framemap 1810); forcedpriority=6 precedence=2 priority=2 verticaloffset=3
tob_nylocas_incoming_melee_story	10774	1810	seq	14386	nylocas_queen_magic	22	3.0	f1:3543:tob_verzik_spark_1;f9:4004:tob_verzik_spider_magic_attack	unknown	name	name word match only, off this npc's rig (framemap 1810); forcedpriority=6 precedence=2 priority=2 verticaloffset=3
tob_nylocas_incoming_ranged_story	10775	1801	seq	7993	top_spider_ranged_idle	12	2.0		ready	bound	readyanim; verticaloffset=4
tob_nylocas_incoming_ranged_story	10775	1801	seq	7997	top_spider_ranged_walk	12	1.0		walk	bound	walkanim; verticaloffset=4
tob_nylocas_incoming_ranged_story	10775	1801	seq	7998	top_spider_ranged_death	27	4.3	f1:3978:tob_nylocas_range_death_shriek;f7:3232:tob_nylocas_range_death_bang;f8:3943:tob_nylocas_range_death_spinning	death	rig+name	framestep=1 forcedpriority=10 verticaloffset=4
tob_nylocas_incoming_ranged_story	10775	1801	seq	7999	top_spider_ranged_attack	15	2.0	f2:3953:tob_nylocas_range_attack_projectiles_2;f10:3966:tob_nylocas_range_attack_shriek_2	attack	rig+name	forcedpriority=6 verticaloffset=4
tob_nylocas_incoming_ranged_story	10775	1801	seq	8000	top_spider_ranged_death_detonate	47	2.0	f1:3294:tob_nylocas_deathdetonate_shriek;f6:3967:tob_nylocas_deathdetonate_bang_1;f7:3550:tob_nylocas_deathdetonate_spinning_3	special	rig+name	self-destruct; name says death_detonate; framestep=1 forcedpriority=10 verticaloffset=4
tob_nylocas_incoming_ranged_story	10775	1801	seq	8001	top_spider_ranged_meleeattack	18	2.0	f6:3993:tob_nylocas_range_melee_attack	attack	rig+name	melee swing on a non-melee model; forcedpriority=6 verticaloffset=4
tob_nylocas_incoming_ranged_story	10775	1801	seq	14389	top_spider_ranged_death_quiet	27	4.3	f1:11562:synth_11562;f7:11561:synth_11561;f8:11563:synth_11563	death	rig+name	quiet variant; framestep=1 forcedpriority=10 verticaloffset=4
tob_nylocas_incoming_ranged_story	10775	1801	seq	14390	top_spider_ranged_attack_quiet	15	2.0	f2:11560:synth_11560;f10:3966:tob_nylocas_range_attack_shriek_2	attack	rig+name	quiet variant; forcedpriority=6 verticaloffset=4
tob_nylocas_incoming_ranged_story	10775	1801	seq	14391	top_spider_ranged_meleeattack_quiet	18	2.0	f6:11564:synth_11564	attack	rig+name	melee swing on a non-melee model; forcedpriority=6 verticaloffset=4
tob_nylocas_incoming_ranged_story	10775	1832	seq	8073	nylocas_pillar_precollapse	1	0.2		unknown	name	name word match only, off this npc's rig (framemap 1832); framestep=1
tob_nylocas_incoming_ranged_story	10775	1832	seq	8074	nylocas_pillar_collapse	26	4.0		unknown	name	name word match only, off this npc's rig (framemap 1832); framestep=1
tob_nylocas_incoming_ranged_story	10775	1810	seq	14381	nylocas_queen_idle	24	4.0		unknown	name	name word match only, off this npc's rig (framemap 1810); forcedpriority=4 verticaloffset=3
tob_nylocas_incoming_ranged_story	10775	1810	seq	14382	nylocas_queen_walk	72	9.0		unknown	name	name word match only, off this npc's rig (framemap 1810); forcedpriority=5 verticaloffset=3
tob_nylocas_incoming_ranged_story	10775	1810	seq	14383	nylocas_queen_melee	23	3.0	f1:3957:tob_verzik_spider_attack_melee_cry;f13:3936:tob_verzik_spider_attack_melee	unknown	name	name word match only, off this npc's rig (framemap 1810); forcedpriority=6 precedence=2 priority=2 verticaloffset=3
tob_nylocas_incoming_ranged_story	10775	1810	seq	14384	nylocas_queen_summon	17	2.0	f1:3957:tob_verzik_spider_attack_melee_cry	unknown	name	name word match only, off this npc's rig (framemap 1810); 
tob_nylocas_incoming_ranged_story	10775	1810	seq	14385	nylocas_queen_ranged	22	2.9	f11:3990:tob_verzik_spider_attack_ranged	unknown	name	name word match only, off this npc's rig (framemap 1810); forcedpriority=6 precedence=2 priority=2 verticaloffset=3
tob_nylocas_incoming_ranged_story	10775	1810	seq	14386	nylocas_queen_magic	22	3.0	f1:3543:tob_verzik_spark_1;f9:4004:tob_verzik_spider_magic_attack	unknown	name	name word match only, off this npc's rig (framemap 1810); forcedpriority=6 precedence=2 priority=2 verticaloffset=3
tob_nylocas_incoming_magic_story	10776	1799	seq	7987	top_spider_magic_walk	24	2.0		walk	bound	walkanim; verticaloffset=4
tob_nylocas_incoming_magic_story	10776	1799	seq	7988	top_spider_magic_idle	30	4.0		ready	bound	readyanim; verticaloffset=4
tob_nylocas_incoming_magic_story	10776	1799	seq	7989	top_spider_magic_attack	19	2.0	f6:4006:tob_nylocas_magic_attack_5;f9:4006:tob_nylocas_magic_attack_5	attack	rig+name	stretches=yes forcedpriority=6 verticaloffset=4
tob_nylocas_incoming_magic_story	10776	1799	seq	7990	top_spider_magic_meleeattack	18	2.0	f6:3982:tob_magic_melee_attack	attack	rig+name	melee swing on a non-melee model; forcedpriority=6 verticaloffset=4
tob_nylocas_incoming_magic_story	10776	1799	seq	7991	top_spider_magic_death	30	4.3	f1:4010:tob_magic_death_shriek;f7:3289:tob_magic_death_bang;f8:3984:tob_magic_death_spinning	death	rig+name	framestep=1 forcedpriority=10 verticaloffset=4
tob_nylocas_incoming_magic_story	10776	1799	seq	7992	top_spider_magic_death_detonate	50	2.0	f1:3294:tob_nylocas_deathdetonate_shriek;f6:3967:tob_nylocas_deathdetonate_bang_1;f7:3550:tob_nylocas_deathdetonate_spinning_3	special	rig+name	self-destruct; name says death_detonate; framestep=1 forcedpriority=10 verticaloffset=4
tob_nylocas_incoming_magic_story	10776	1799	seq	14392	top_spider_magic_attack_quiet	19	2.0	f6:11555:synth_11555;f9:11555:synth_11555	attack	rig+name	quiet variant; stretches=yes forcedpriority=6 verticaloffset=4
tob_nylocas_incoming_magic_story	10776	1799	seq	14393	top_spider_magic_meleeattack_quiet	18	2.0	f6:11554:synth_11554	attack	rig+name	melee swing on a non-melee model; forcedpriority=6 verticaloffset=4
tob_nylocas_incoming_magic_story	10776	1799	seq	14394	top_spider_magic_death_quiet	30	4.3	f1:11552:synth_11552;f7:11551:synth_11551;f8:11553:synth_11553	death	rig+name	quiet variant; framestep=1 forcedpriority=10 verticaloffset=4
tob_nylocas_incoming_magic_story	10776	1832	seq	8073	nylocas_pillar_precollapse	1	0.2		unknown	name	name word match only, off this npc's rig (framemap 1832); framestep=1
tob_nylocas_incoming_magic_story	10776	1832	seq	8074	nylocas_pillar_collapse	26	4.0		unknown	name	name word match only, off this npc's rig (framemap 1832); framestep=1
tob_nylocas_incoming_magic_story	10776	1810	seq	14381	nylocas_queen_idle	24	4.0		unknown	name	name word match only, off this npc's rig (framemap 1810); forcedpriority=4 verticaloffset=3
tob_nylocas_incoming_magic_story	10776	1810	seq	14382	nylocas_queen_walk	72	9.0		unknown	name	name word match only, off this npc's rig (framemap 1810); forcedpriority=5 verticaloffset=3
tob_nylocas_incoming_magic_story	10776	1810	seq	14383	nylocas_queen_melee	23	3.0	f1:3957:tob_verzik_spider_attack_melee_cry;f13:3936:tob_verzik_spider_attack_melee	unknown	name	name word match only, off this npc's rig (framemap 1810); forcedpriority=6 precedence=2 priority=2 verticaloffset=3
tob_nylocas_incoming_magic_story	10776	1810	seq	14384	nylocas_queen_summon	17	2.0	f1:3957:tob_verzik_spider_attack_melee_cry	unknown	name	name word match only, off this npc's rig (framemap 1810); 
tob_nylocas_incoming_magic_story	10776	1810	seq	14385	nylocas_queen_ranged	22	2.9	f11:3990:tob_verzik_spider_attack_ranged	unknown	name	name word match only, off this npc's rig (framemap 1810); forcedpriority=6 precedence=2 priority=2 verticaloffset=3
tob_nylocas_incoming_magic_story	10776	1810	seq	14386	nylocas_queen_magic	22	3.0	f1:3543:tob_verzik_spark_1;f9:4004:tob_verzik_spider_magic_attack	unknown	name	name word match only, off this npc's rig (framemap 1810); forcedpriority=6 precedence=2 priority=2 verticaloffset=3
tob_nylocas_big_incoming_melee_story	10777	1800	seq	4410	hosdun_spider_boss_attack_ranged	15	2.0		unknown	rig	on the rig, name is the Hosdun spider boss: not a candidate; verticaloffset=4
tob_nylocas_big_incoming_melee_story	10777	1800	seq	8002	top_spider_melee_idle	12	2.0		ready	bound	readyanim; verticaloffset=4
tob_nylocas_big_incoming_melee_story	10777	1800	seq	8003	top_spider_melee_walk	12	1.0		walk	bound	walkanim; verticaloffset=4
tob_nylocas_big_incoming_melee_story	10777	1800	seq	8004	top_spider_melee_attack	18	2.0	f6:3932:tob_nylocas_melee_attack_2	attack	rig+name	forcedpriority=6 verticaloffset=4
tob_nylocas_big_incoming_melee_story	10777	1800	seq	8005	top_spider_melee_death	27	4.3	f1:3980:tob_nylocas_melee_death_shriek_2;f7:4011:tob_nylocas_melee_death_bang_1;f8:3992:tob_nylocas_melee_death_spinning_4	death	rig+name	framestep=1 forcedpriority=10 verticaloffset=4
tob_nylocas_big_incoming_melee_story	10777	1800	seq	8006	top_spider_melee_death_detonate	47	2.0	f1:3294:tob_nylocas_deathdetonate_shriek;f6:3967:tob_nylocas_deathdetonate_bang_1;f7:3550:tob_nylocas_deathdetonate_spinning_3	special	rig+name	self-destruct; name says death_detonate; framestep=1 forcedpriority=10 verticaloffset=4
tob_nylocas_big_incoming_melee_story	10777	1800	seq	8075	top_spider_melee_spawn	16	2.0	f1:3546:tob_nylocas_web_spawn	spawn	rig+name	forcedpriority=10 verticaloffset=4
tob_nylocas_big_incoming_melee_story	10777	1800	seq	8147	hosdun_spider_boss_attack_melee	18	2.0		unknown	rig	on the rig, name is the Hosdun spider boss: not a candidate; verticaloffset=4
tob_nylocas_big_incoming_melee_story	10777	1800	seq	8318	hosdun_spider_boss_death	36	7.0		unknown	rig	on the rig, name is the Hosdun spider boss: not a candidate; framestep=1 forcedpriority=10 verticaloffset=4
tob_nylocas_big_incoming_melee_story	10777	1800	seq	8319	hodsun_spider_boss_walk	12	1.0		unknown	rig	on the rig, name is the Hosdun spider boss: not a candidate; verticaloffset=4
tob_nylocas_big_incoming_melee_story	10777	1800	seq	8320	hosdun_spider_boss_idle	12	2.0		unknown	rig	on the rig, name is the Hosdun spider boss: not a candidate; verticaloffset=4
tob_nylocas_big_incoming_melee_story	10777	1800	seq	8338	sote_gauntlet_spider_death	18	3.0		unknown	rig	on the rig, name is the Sotetseg gauntlet spider: not a candidate; forcedpriority=11 verticaloffset=4
tob_nylocas_big_incoming_melee_story	10777	1800	seq	8339	sote_gauntlet_spider_attack_melee	18	2.0		unknown	rig	on the rig, name is the Sotetseg gauntlet spider: not a candidate; forcedpriority=6 verticaloffset=4
tob_nylocas_big_incoming_melee_story	10777	1800	seq	8340	sote_gauntlet_spider_idle	12	2.0		unknown	rig	on the rig, name is the Sotetseg gauntlet spider: not a candidate; forcedpriority=4 verticaloffset=4
tob_nylocas_big_incoming_melee_story	10777	1800	seq	8341	sote_gauntlet_spider_walk	12	1.0		unknown	rig	on the rig, name is the Sotetseg gauntlet spider: not a candidate; forcedpriority=5 verticaloffset=4
tob_nylocas_big_incoming_melee_story	10777	1800	seq	8425	crystal_spider_attack	18	2.0		unknown	rig	on the rig, name is the crystal spider: not a candidate; forcedpriority=6 verticaloffset=4
tob_nylocas_big_incoming_melee_story	10777	1800	seq	8426	crystal_spider_death	47	2.0		unknown	rig	on the rig, name is the crystal spider: not a candidate; framestep=1 forcedpriority=10 verticaloffset=4
tob_nylocas_big_incoming_melee_story	10777	1800	seq	9030	top_spider_melee_spawn_noloop	16	2.0	f1:3546:tob_nylocas_web_spawn	spawn	rig+name	forcedpriority=10 verticaloffset=4
tob_nylocas_big_incoming_melee_story	10777	1800	seq	9136	hodsun_spider_boss_walk_small	12	0.6		unknown	rig	on the rig, name is the Hosdun spider boss: not a candidate; verticaloffset=4
tob_nylocas_big_incoming_melee_story	10777	1800	seq	9137	npc_araxyte01_idle	12	2.0		unknown	rig	on the rig, name is the Araxxor araxyte: not a candidate; forcedpriority=4
tob_nylocas_big_incoming_melee_story	10777	1800	seq	9138	npc_araxyte01_walk	12	1.0		unknown	rig	on the rig, name is the Araxxor araxyte: not a candidate; forcedpriority=5
tob_nylocas_big_incoming_melee_story	10777	1800	seq	9139	npc_araxyte01_walk_fast	12	0.6		unknown	rig	on the rig, name is the Araxxor araxyte: not a candidate; forcedpriority=5
tob_nylocas_big_incoming_melee_story	10777	1800	seq	9140	npc_araxyte01_attack	18	2.0		unknown	rig	on the rig, name is the Araxxor araxyte: not a candidate; forcedpriority=6
tob_nylocas_big_incoming_melee_story	10777	1800	seq	9141	npc_araxyte01_death	18	4.0	f1:9371:araxxor_mirror_back_minion_death_01;f4:9370:araxxor_mirror_back_minion_death_impact_01	unknown	rig	on the rig, name is the Araxxor araxyte: not a candidate; framestep=1 forcedpriority=10
tob_nylocas_big_incoming_melee_story	10777	1800	seq	11494	npc_araxyte02_idle	12	2.0		unknown	rig	on the rig, name is the Araxxor araxyte: not a candidate; forcedpriority=4
tob_nylocas_big_incoming_melee_story	10777	1800	seq	11495	npc_araxyte02_walk	12	1.0		unknown	rig	on the rig, name is the Araxxor araxyte: not a candidate; forcedpriority=5
tob_nylocas_big_incoming_melee_story	10777	1800	seq	11496	npc_araxyte02_walk_fast	12	0.6		unknown	rig	on the rig, name is the Araxxor araxyte: not a candidate; forcedpriority=5
tob_nylocas_big_incoming_melee_story	10777	1800	seq	11497	npc_araxyte02_attack	18	2.0		unknown	rig	on the rig, name is the Araxxor araxyte: not a candidate; forcedpriority=6
tob_nylocas_big_incoming_melee_story	10777	1800	seq	11498	npc_araxyte_acidic_01_attack	18	2.0	f2:9381:araxxor_acidic_minion_attack_03;f7:9381:araxxor_acidic_minion_attack_03	unknown	rig	on the rig, name is the Araxxor araxyte: not a candidate; forcedpriority=6
tob_nylocas_big_incoming_melee_story	10777	1800	seq	11499	npc_araxyte_acidic_02_attack	18	2.0	f2:9381:araxxor_acidic_minion_attack_03;f7:9381:araxxor_acidic_minion_attack_03	unknown	rig	on the rig, name is the Araxxor araxyte: not a candidate; forcedpriority=6
tob_nylocas_big_incoming_melee_story	10777	1800	seq	11500	npc_araxyte_mirror_back_01_attack	18	2.0	f2:9372:araxxor_mirror_back_minion_attack_01_01;f7:9375:araxxor_mirror_back_minion_attack_02_01	unknown	rig	on the rig, name is the Araxxor araxyte: not a candidate; forcedpriority=6
tob_nylocas_big_incoming_melee_story	10777	1800	seq	11501	npc_araxyte_mirror_back_02_attack	18	2.0	f2:9372:araxxor_mirror_back_minion_attack_01_01;f7:9375:araxxor_mirror_back_minion_attack_02_01	unknown	rig	on the rig, name is the Araxxor araxyte: not a candidate; forcedpriority=6
tob_nylocas_big_incoming_melee_story	10777	1800	seq	11502	npc_araxyte02_death	18	4.0	f1:9371:araxxor_mirror_back_minion_death_01;f4:9370:araxxor_mirror_back_minion_death_impact_01	unknown	rig	on the rig, name is the Araxxor araxyte: not a candidate; forcedpriority=10
tob_nylocas_big_incoming_melee_story	10777	1800	seq	11503	npc_araxyte02_hatch	17	2.0		unknown	rig	on the rig, name is the Araxxor araxyte: not a candidate; forcedpriority=9
tob_nylocas_big_incoming_melee_story	10777	1800	seq	11504	npc_araxyte_explode	20	4.3	f1:9382:araxxor_acidic_minion_explosion_01	unknown	rig	on the rig, name is the Araxxor araxyte: not a candidate
tob_nylocas_big_incoming_melee_story	10777	1800	seq	11510	npc_araxyte_mirror_back_death	18	4.0	f1:9371:araxxor_mirror_back_minion_death_01;f4:9370:araxxor_mirror_back_minion_death_impact_01	unknown	rig	on the rig, name is the Araxxor araxyte: not a candidate; framestep=1 forcedpriority=10
tob_nylocas_big_incoming_melee_story	10777	1800	seq	14387	top_spider_melee_attack_quiet	18	2.0	f6:11556:synth_11556	attack	rig+name	quiet variant; forcedpriority=6 verticaloffset=4
tob_nylocas_big_incoming_melee_story	10777	1800	seq	14388	top_spider_melee_death_quiet	27	4.3	f1:11558:synth_11558;f7:11557:synth_11557;f8:11559:synth_11559	death	rig+name	quiet variant; framestep=1 forcedpriority=10 verticaloffset=4
tob_nylocas_big_incoming_melee_story	10777	1832	seq	8073	nylocas_pillar_precollapse	1	0.2		unknown	name	name word match only, off this npc's rig (framemap 1832); framestep=1
tob_nylocas_big_incoming_melee_story	10777	1832	seq	8074	nylocas_pillar_collapse	26	4.0		unknown	name	name word match only, off this npc's rig (framemap 1832); framestep=1
tob_nylocas_big_incoming_melee_story	10777	1810	seq	14381	nylocas_queen_idle	24	4.0		unknown	name	name word match only, off this npc's rig (framemap 1810); forcedpriority=4 verticaloffset=3
tob_nylocas_big_incoming_melee_story	10777	1810	seq	14382	nylocas_queen_walk	72	9.0		unknown	name	name word match only, off this npc's rig (framemap 1810); forcedpriority=5 verticaloffset=3
tob_nylocas_big_incoming_melee_story	10777	1810	seq	14383	nylocas_queen_melee	23	3.0	f1:3957:tob_verzik_spider_attack_melee_cry;f13:3936:tob_verzik_spider_attack_melee	unknown	name	name word match only, off this npc's rig (framemap 1810); forcedpriority=6 precedence=2 priority=2 verticaloffset=3
tob_nylocas_big_incoming_melee_story	10777	1810	seq	14384	nylocas_queen_summon	17	2.0	f1:3957:tob_verzik_spider_attack_melee_cry	unknown	name	name word match only, off this npc's rig (framemap 1810); 
tob_nylocas_big_incoming_melee_story	10777	1810	seq	14385	nylocas_queen_ranged	22	2.9	f11:3990:tob_verzik_spider_attack_ranged	unknown	name	name word match only, off this npc's rig (framemap 1810); forcedpriority=6 precedence=2 priority=2 verticaloffset=3
tob_nylocas_big_incoming_melee_story	10777	1810	seq	14386	nylocas_queen_magic	22	3.0	f1:3543:tob_verzik_spark_1;f9:4004:tob_verzik_spider_magic_attack	unknown	name	name word match only, off this npc's rig (framemap 1810); forcedpriority=6 precedence=2 priority=2 verticaloffset=3
tob_nylocas_big_incoming_ranged_story	10778	1801	seq	7993	top_spider_ranged_idle	12	2.0		ready	bound	readyanim; verticaloffset=4
tob_nylocas_big_incoming_ranged_story	10778	1801	seq	7997	top_spider_ranged_walk	12	1.0		walk	bound	walkanim; verticaloffset=4
tob_nylocas_big_incoming_ranged_story	10778	1801	seq	7998	top_spider_ranged_death	27	4.3	f1:3978:tob_nylocas_range_death_shriek;f7:3232:tob_nylocas_range_death_bang;f8:3943:tob_nylocas_range_death_spinning	death	rig+name	framestep=1 forcedpriority=10 verticaloffset=4
tob_nylocas_big_incoming_ranged_story	10778	1801	seq	7999	top_spider_ranged_attack	15	2.0	f2:3953:tob_nylocas_range_attack_projectiles_2;f10:3966:tob_nylocas_range_attack_shriek_2	attack	rig+name	forcedpriority=6 verticaloffset=4
tob_nylocas_big_incoming_ranged_story	10778	1801	seq	8000	top_spider_ranged_death_detonate	47	2.0	f1:3294:tob_nylocas_deathdetonate_shriek;f6:3967:tob_nylocas_deathdetonate_bang_1;f7:3550:tob_nylocas_deathdetonate_spinning_3	special	rig+name	self-destruct; name says death_detonate; framestep=1 forcedpriority=10 verticaloffset=4
tob_nylocas_big_incoming_ranged_story	10778	1801	seq	8001	top_spider_ranged_meleeattack	18	2.0	f6:3993:tob_nylocas_range_melee_attack	attack	rig+name	melee swing on a non-melee model; forcedpriority=6 verticaloffset=4
tob_nylocas_big_incoming_ranged_story	10778	1801	seq	14389	top_spider_ranged_death_quiet	27	4.3	f1:11562:synth_11562;f7:11561:synth_11561;f8:11563:synth_11563	death	rig+name	quiet variant; framestep=1 forcedpriority=10 verticaloffset=4
tob_nylocas_big_incoming_ranged_story	10778	1801	seq	14390	top_spider_ranged_attack_quiet	15	2.0	f2:11560:synth_11560;f10:3966:tob_nylocas_range_attack_shriek_2	attack	rig+name	quiet variant; forcedpriority=6 verticaloffset=4
tob_nylocas_big_incoming_ranged_story	10778	1801	seq	14391	top_spider_ranged_meleeattack_quiet	18	2.0	f6:11564:synth_11564	attack	rig+name	melee swing on a non-melee model; forcedpriority=6 verticaloffset=4
tob_nylocas_big_incoming_ranged_story	10778	1832	seq	8073	nylocas_pillar_precollapse	1	0.2		unknown	name	name word match only, off this npc's rig (framemap 1832); framestep=1
tob_nylocas_big_incoming_ranged_story	10778	1832	seq	8074	nylocas_pillar_collapse	26	4.0		unknown	name	name word match only, off this npc's rig (framemap 1832); framestep=1
tob_nylocas_big_incoming_ranged_story	10778	1810	seq	14381	nylocas_queen_idle	24	4.0		unknown	name	name word match only, off this npc's rig (framemap 1810); forcedpriority=4 verticaloffset=3
tob_nylocas_big_incoming_ranged_story	10778	1810	seq	14382	nylocas_queen_walk	72	9.0		unknown	name	name word match only, off this npc's rig (framemap 1810); forcedpriority=5 verticaloffset=3
tob_nylocas_big_incoming_ranged_story	10778	1810	seq	14383	nylocas_queen_melee	23	3.0	f1:3957:tob_verzik_spider_attack_melee_cry;f13:3936:tob_verzik_spider_attack_melee	unknown	name	name word match only, off this npc's rig (framemap 1810); forcedpriority=6 precedence=2 priority=2 verticaloffset=3
tob_nylocas_big_incoming_ranged_story	10778	1810	seq	14384	nylocas_queen_summon	17	2.0	f1:3957:tob_verzik_spider_attack_melee_cry	unknown	name	name word match only, off this npc's rig (framemap 1810); 
tob_nylocas_big_incoming_ranged_story	10778	1810	seq	14385	nylocas_queen_ranged	22	2.9	f11:3990:tob_verzik_spider_attack_ranged	unknown	name	name word match only, off this npc's rig (framemap 1810); forcedpriority=6 precedence=2 priority=2 verticaloffset=3
tob_nylocas_big_incoming_ranged_story	10778	1810	seq	14386	nylocas_queen_magic	22	3.0	f1:3543:tob_verzik_spark_1;f9:4004:tob_verzik_spider_magic_attack	unknown	name	name word match only, off this npc's rig (framemap 1810); forcedpriority=6 precedence=2 priority=2 verticaloffset=3
tob_nylocas_big_incoming_magic_story	10779	1799	seq	7987	top_spider_magic_walk	24	2.0		walk	bound	walkanim; verticaloffset=4
tob_nylocas_big_incoming_magic_story	10779	1799	seq	7988	top_spider_magic_idle	30	4.0		ready	bound	readyanim; verticaloffset=4
tob_nylocas_big_incoming_magic_story	10779	1799	seq	7989	top_spider_magic_attack	19	2.0	f6:4006:tob_nylocas_magic_attack_5;f9:4006:tob_nylocas_magic_attack_5	attack	rig+name	stretches=yes forcedpriority=6 verticaloffset=4
tob_nylocas_big_incoming_magic_story	10779	1799	seq	7990	top_spider_magic_meleeattack	18	2.0	f6:3982:tob_magic_melee_attack	attack	rig+name	melee swing on a non-melee model; forcedpriority=6 verticaloffset=4
tob_nylocas_big_incoming_magic_story	10779	1799	seq	7991	top_spider_magic_death	30	4.3	f1:4010:tob_magic_death_shriek;f7:3289:tob_magic_death_bang;f8:3984:tob_magic_death_spinning	death	rig+name	framestep=1 forcedpriority=10 verticaloffset=4
tob_nylocas_big_incoming_magic_story	10779	1799	seq	7992	top_spider_magic_death_detonate	50	2.0	f1:3294:tob_nylocas_deathdetonate_shriek;f6:3967:tob_nylocas_deathdetonate_bang_1;f7:3550:tob_nylocas_deathdetonate_spinning_3	special	rig+name	self-destruct; name says death_detonate; framestep=1 forcedpriority=10 verticaloffset=4
tob_nylocas_big_incoming_magic_story	10779	1799	seq	14392	top_spider_magic_attack_quiet	19	2.0	f6:11555:synth_11555;f9:11555:synth_11555	attack	rig+name	quiet variant; stretches=yes forcedpriority=6 verticaloffset=4
tob_nylocas_big_incoming_magic_story	10779	1799	seq	14393	top_spider_magic_meleeattack_quiet	18	2.0	f6:11554:synth_11554	attack	rig+name	melee swing on a non-melee model; forcedpriority=6 verticaloffset=4
tob_nylocas_big_incoming_magic_story	10779	1799	seq	14394	top_spider_magic_death_quiet	30	4.3	f1:11552:synth_11552;f7:11551:synth_11551;f8:11553:synth_11553	death	rig+name	quiet variant; framestep=1 forcedpriority=10 verticaloffset=4
tob_nylocas_big_incoming_magic_story	10779	1832	seq	8073	nylocas_pillar_precollapse	1	0.2		unknown	name	name word match only, off this npc's rig (framemap 1832); framestep=1
tob_nylocas_big_incoming_magic_story	10779	1832	seq	8074	nylocas_pillar_collapse	26	4.0		unknown	name	name word match only, off this npc's rig (framemap 1832); framestep=1
tob_nylocas_big_incoming_magic_story	10779	1810	seq	14381	nylocas_queen_idle	24	4.0		unknown	name	name word match only, off this npc's rig (framemap 1810); forcedpriority=4 verticaloffset=3
tob_nylocas_big_incoming_magic_story	10779	1810	seq	14382	nylocas_queen_walk	72	9.0		unknown	name	name word match only, off this npc's rig (framemap 1810); forcedpriority=5 verticaloffset=3
tob_nylocas_big_incoming_magic_story	10779	1810	seq	14383	nylocas_queen_melee	23	3.0	f1:3957:tob_verzik_spider_attack_melee_cry;f13:3936:tob_verzik_spider_attack_melee	unknown	name	name word match only, off this npc's rig (framemap 1810); forcedpriority=6 precedence=2 priority=2 verticaloffset=3
tob_nylocas_big_incoming_magic_story	10779	1810	seq	14384	nylocas_queen_summon	17	2.0	f1:3957:tob_verzik_spider_attack_melee_cry	unknown	name	name word match only, off this npc's rig (framemap 1810); 
tob_nylocas_big_incoming_magic_story	10779	1810	seq	14385	nylocas_queen_ranged	22	2.9	f11:3990:tob_verzik_spider_attack_ranged	unknown	name	name word match only, off this npc's rig (framemap 1810); forcedpriority=6 precedence=2 priority=2 verticaloffset=3
tob_nylocas_big_incoming_magic_story	10779	1810	seq	14386	nylocas_queen_magic	22	3.0	f1:3543:tob_verzik_spark_1;f9:4004:tob_verzik_spider_magic_attack	unknown	name	name word match only, off this npc's rig (framemap 1810); forcedpriority=6 precedence=2 priority=2 verticaloffset=3
tob_nylocas_fighting_melee_story	10780	1800	seq	4410	hosdun_spider_boss_attack_ranged	15	2.0		unknown	rig	on the rig, name is the Hosdun spider boss: not a candidate; verticaloffset=4
tob_nylocas_fighting_melee_story	10780	1800	seq	8002	top_spider_melee_idle	12	2.0		ready	bound	readyanim; verticaloffset=4
tob_nylocas_fighting_melee_story	10780	1800	seq	8003	top_spider_melee_walk	12	1.0		walk	bound	walkanim; verticaloffset=4
tob_nylocas_fighting_melee_story	10780	1800	seq	8004	top_spider_melee_attack	18	2.0	f6:3932:tob_nylocas_melee_attack_2	attack	rig+name	forcedpriority=6 verticaloffset=4
tob_nylocas_fighting_melee_story	10780	1800	seq	8005	top_spider_melee_death	27	4.3	f1:3980:tob_nylocas_melee_death_shriek_2;f7:4011:tob_nylocas_melee_death_bang_1;f8:3992:tob_nylocas_melee_death_spinning_4	death	rig+name	framestep=1 forcedpriority=10 verticaloffset=4
tob_nylocas_fighting_melee_story	10780	1800	seq	8006	top_spider_melee_death_detonate	47	2.0	f1:3294:tob_nylocas_deathdetonate_shriek;f6:3967:tob_nylocas_deathdetonate_bang_1;f7:3550:tob_nylocas_deathdetonate_spinning_3	special	rig+name	self-destruct; name says death_detonate; framestep=1 forcedpriority=10 verticaloffset=4
tob_nylocas_fighting_melee_story	10780	1800	seq	8075	top_spider_melee_spawn	16	2.0	f1:3546:tob_nylocas_web_spawn	spawn	rig+name	forcedpriority=10 verticaloffset=4
tob_nylocas_fighting_melee_story	10780	1800	seq	8147	hosdun_spider_boss_attack_melee	18	2.0		unknown	rig	on the rig, name is the Hosdun spider boss: not a candidate; verticaloffset=4
tob_nylocas_fighting_melee_story	10780	1800	seq	8318	hosdun_spider_boss_death	36	7.0		unknown	rig	on the rig, name is the Hosdun spider boss: not a candidate; framestep=1 forcedpriority=10 verticaloffset=4
tob_nylocas_fighting_melee_story	10780	1800	seq	8319	hodsun_spider_boss_walk	12	1.0		unknown	rig	on the rig, name is the Hosdun spider boss: not a candidate; verticaloffset=4
tob_nylocas_fighting_melee_story	10780	1800	seq	8320	hosdun_spider_boss_idle	12	2.0		unknown	rig	on the rig, name is the Hosdun spider boss: not a candidate; verticaloffset=4
tob_nylocas_fighting_melee_story	10780	1800	seq	8338	sote_gauntlet_spider_death	18	3.0		unknown	rig	on the rig, name is the Sotetseg gauntlet spider: not a candidate; forcedpriority=11 verticaloffset=4
tob_nylocas_fighting_melee_story	10780	1800	seq	8339	sote_gauntlet_spider_attack_melee	18	2.0		unknown	rig	on the rig, name is the Sotetseg gauntlet spider: not a candidate; forcedpriority=6 verticaloffset=4
tob_nylocas_fighting_melee_story	10780	1800	seq	8340	sote_gauntlet_spider_idle	12	2.0		unknown	rig	on the rig, name is the Sotetseg gauntlet spider: not a candidate; forcedpriority=4 verticaloffset=4
tob_nylocas_fighting_melee_story	10780	1800	seq	8341	sote_gauntlet_spider_walk	12	1.0		unknown	rig	on the rig, name is the Sotetseg gauntlet spider: not a candidate; forcedpriority=5 verticaloffset=4
tob_nylocas_fighting_melee_story	10780	1800	seq	8425	crystal_spider_attack	18	2.0		unknown	rig	on the rig, name is the crystal spider: not a candidate; forcedpriority=6 verticaloffset=4
tob_nylocas_fighting_melee_story	10780	1800	seq	8426	crystal_spider_death	47	2.0		unknown	rig	on the rig, name is the crystal spider: not a candidate; framestep=1 forcedpriority=10 verticaloffset=4
tob_nylocas_fighting_melee_story	10780	1800	seq	9030	top_spider_melee_spawn_noloop	16	2.0	f1:3546:tob_nylocas_web_spawn	spawn	rig+name	forcedpriority=10 verticaloffset=4
tob_nylocas_fighting_melee_story	10780	1800	seq	9136	hodsun_spider_boss_walk_small	12	0.6		unknown	rig	on the rig, name is the Hosdun spider boss: not a candidate; verticaloffset=4
tob_nylocas_fighting_melee_story	10780	1800	seq	9137	npc_araxyte01_idle	12	2.0		unknown	rig	on the rig, name is the Araxxor araxyte: not a candidate; forcedpriority=4
tob_nylocas_fighting_melee_story	10780	1800	seq	9138	npc_araxyte01_walk	12	1.0		unknown	rig	on the rig, name is the Araxxor araxyte: not a candidate; forcedpriority=5
tob_nylocas_fighting_melee_story	10780	1800	seq	9139	npc_araxyte01_walk_fast	12	0.6		unknown	rig	on the rig, name is the Araxxor araxyte: not a candidate; forcedpriority=5
tob_nylocas_fighting_melee_story	10780	1800	seq	9140	npc_araxyte01_attack	18	2.0		unknown	rig	on the rig, name is the Araxxor araxyte: not a candidate; forcedpriority=6
tob_nylocas_fighting_melee_story	10780	1800	seq	9141	npc_araxyte01_death	18	4.0	f1:9371:araxxor_mirror_back_minion_death_01;f4:9370:araxxor_mirror_back_minion_death_impact_01	unknown	rig	on the rig, name is the Araxxor araxyte: not a candidate; framestep=1 forcedpriority=10
tob_nylocas_fighting_melee_story	10780	1800	seq	11494	npc_araxyte02_idle	12	2.0		unknown	rig	on the rig, name is the Araxxor araxyte: not a candidate; forcedpriority=4
tob_nylocas_fighting_melee_story	10780	1800	seq	11495	npc_araxyte02_walk	12	1.0		unknown	rig	on the rig, name is the Araxxor araxyte: not a candidate; forcedpriority=5
tob_nylocas_fighting_melee_story	10780	1800	seq	11496	npc_araxyte02_walk_fast	12	0.6		unknown	rig	on the rig, name is the Araxxor araxyte: not a candidate; forcedpriority=5
tob_nylocas_fighting_melee_story	10780	1800	seq	11497	npc_araxyte02_attack	18	2.0		unknown	rig	on the rig, name is the Araxxor araxyte: not a candidate; forcedpriority=6
tob_nylocas_fighting_melee_story	10780	1800	seq	11498	npc_araxyte_acidic_01_attack	18	2.0	f2:9381:araxxor_acidic_minion_attack_03;f7:9381:araxxor_acidic_minion_attack_03	unknown	rig	on the rig, name is the Araxxor araxyte: not a candidate; forcedpriority=6
tob_nylocas_fighting_melee_story	10780	1800	seq	11499	npc_araxyte_acidic_02_attack	18	2.0	f2:9381:araxxor_acidic_minion_attack_03;f7:9381:araxxor_acidic_minion_attack_03	unknown	rig	on the rig, name is the Araxxor araxyte: not a candidate; forcedpriority=6
tob_nylocas_fighting_melee_story	10780	1800	seq	11500	npc_araxyte_mirror_back_01_attack	18	2.0	f2:9372:araxxor_mirror_back_minion_attack_01_01;f7:9375:araxxor_mirror_back_minion_attack_02_01	unknown	rig	on the rig, name is the Araxxor araxyte: not a candidate; forcedpriority=6
tob_nylocas_fighting_melee_story	10780	1800	seq	11501	npc_araxyte_mirror_back_02_attack	18	2.0	f2:9372:araxxor_mirror_back_minion_attack_01_01;f7:9375:araxxor_mirror_back_minion_attack_02_01	unknown	rig	on the rig, name is the Araxxor araxyte: not a candidate; forcedpriority=6
tob_nylocas_fighting_melee_story	10780	1800	seq	11502	npc_araxyte02_death	18	4.0	f1:9371:araxxor_mirror_back_minion_death_01;f4:9370:araxxor_mirror_back_minion_death_impact_01	unknown	rig	on the rig, name is the Araxxor araxyte: not a candidate; forcedpriority=10
tob_nylocas_fighting_melee_story	10780	1800	seq	11503	npc_araxyte02_hatch	17	2.0		unknown	rig	on the rig, name is the Araxxor araxyte: not a candidate; forcedpriority=9
tob_nylocas_fighting_melee_story	10780	1800	seq	11504	npc_araxyte_explode	20	4.3	f1:9382:araxxor_acidic_minion_explosion_01	unknown	rig	on the rig, name is the Araxxor araxyte: not a candidate
tob_nylocas_fighting_melee_story	10780	1800	seq	11510	npc_araxyte_mirror_back_death	18	4.0	f1:9371:araxxor_mirror_back_minion_death_01;f4:9370:araxxor_mirror_back_minion_death_impact_01	unknown	rig	on the rig, name is the Araxxor araxyte: not a candidate; framestep=1 forcedpriority=10
tob_nylocas_fighting_melee_story	10780	1800	seq	14387	top_spider_melee_attack_quiet	18	2.0	f6:11556:synth_11556	attack	rig+name	quiet variant; forcedpriority=6 verticaloffset=4
tob_nylocas_fighting_melee_story	10780	1800	seq	14388	top_spider_melee_death_quiet	27	4.3	f1:11558:synth_11558;f7:11557:synth_11557;f8:11559:synth_11559	death	rig+name	quiet variant; framestep=1 forcedpriority=10 verticaloffset=4
tob_nylocas_fighting_melee_story	10780	1832	seq	8073	nylocas_pillar_precollapse	1	0.2		unknown	name	name word match only, off this npc's rig (framemap 1832); framestep=1
tob_nylocas_fighting_melee_story	10780	1832	seq	8074	nylocas_pillar_collapse	26	4.0		unknown	name	name word match only, off this npc's rig (framemap 1832); framestep=1
tob_nylocas_fighting_melee_story	10780	1810	seq	14381	nylocas_queen_idle	24	4.0		unknown	name	name word match only, off this npc's rig (framemap 1810); forcedpriority=4 verticaloffset=3
tob_nylocas_fighting_melee_story	10780	1810	seq	14382	nylocas_queen_walk	72	9.0		unknown	name	name word match only, off this npc's rig (framemap 1810); forcedpriority=5 verticaloffset=3
tob_nylocas_fighting_melee_story	10780	1810	seq	14383	nylocas_queen_melee	23	3.0	f1:3957:tob_verzik_spider_attack_melee_cry;f13:3936:tob_verzik_spider_attack_melee	unknown	name	name word match only, off this npc's rig (framemap 1810); forcedpriority=6 precedence=2 priority=2 verticaloffset=3
tob_nylocas_fighting_melee_story	10780	1810	seq	14384	nylocas_queen_summon	17	2.0	f1:3957:tob_verzik_spider_attack_melee_cry	unknown	name	name word match only, off this npc's rig (framemap 1810); 
tob_nylocas_fighting_melee_story	10780	1810	seq	14385	nylocas_queen_ranged	22	2.9	f11:3990:tob_verzik_spider_attack_ranged	unknown	name	name word match only, off this npc's rig (framemap 1810); forcedpriority=6 precedence=2 priority=2 verticaloffset=3
tob_nylocas_fighting_melee_story	10780	1810	seq	14386	nylocas_queen_magic	22	3.0	f1:3543:tob_verzik_spark_1;f9:4004:tob_verzik_spider_magic_attack	unknown	name	name word match only, off this npc's rig (framemap 1810); forcedpriority=6 precedence=2 priority=2 verticaloffset=3
tob_nylocas_fighting_ranged_story	10781	1801	seq	7993	top_spider_ranged_idle	12	2.0		ready	bound	readyanim; verticaloffset=4
tob_nylocas_fighting_ranged_story	10781	1801	seq	7997	top_spider_ranged_walk	12	1.0		walk	bound	walkanim; verticaloffset=4
tob_nylocas_fighting_ranged_story	10781	1801	seq	7998	top_spider_ranged_death	27	4.3	f1:3978:tob_nylocas_range_death_shriek;f7:3232:tob_nylocas_range_death_bang;f8:3943:tob_nylocas_range_death_spinning	death	rig+name	framestep=1 forcedpriority=10 verticaloffset=4
tob_nylocas_fighting_ranged_story	10781	1801	seq	7999	top_spider_ranged_attack	15	2.0	f2:3953:tob_nylocas_range_attack_projectiles_2;f10:3966:tob_nylocas_range_attack_shriek_2	attack	rig+name	forcedpriority=6 verticaloffset=4
tob_nylocas_fighting_ranged_story	10781	1801	seq	8000	top_spider_ranged_death_detonate	47	2.0	f1:3294:tob_nylocas_deathdetonate_shriek;f6:3967:tob_nylocas_deathdetonate_bang_1;f7:3550:tob_nylocas_deathdetonate_spinning_3	special	rig+name	self-destruct; name says death_detonate; framestep=1 forcedpriority=10 verticaloffset=4
tob_nylocas_fighting_ranged_story	10781	1801	seq	8001	top_spider_ranged_meleeattack	18	2.0	f6:3993:tob_nylocas_range_melee_attack	attack	rig+name	melee swing on a non-melee model; forcedpriority=6 verticaloffset=4
tob_nylocas_fighting_ranged_story	10781	1801	seq	14389	top_spider_ranged_death_quiet	27	4.3	f1:11562:synth_11562;f7:11561:synth_11561;f8:11563:synth_11563	death	rig+name	quiet variant; framestep=1 forcedpriority=10 verticaloffset=4
tob_nylocas_fighting_ranged_story	10781	1801	seq	14390	top_spider_ranged_attack_quiet	15	2.0	f2:11560:synth_11560;f10:3966:tob_nylocas_range_attack_shriek_2	attack	rig+name	quiet variant; forcedpriority=6 verticaloffset=4
tob_nylocas_fighting_ranged_story	10781	1801	seq	14391	top_spider_ranged_meleeattack_quiet	18	2.0	f6:11564:synth_11564	attack	rig+name	melee swing on a non-melee model; forcedpriority=6 verticaloffset=4
tob_nylocas_fighting_ranged_story	10781	1832	seq	8073	nylocas_pillar_precollapse	1	0.2		unknown	name	name word match only, off this npc's rig (framemap 1832); framestep=1
tob_nylocas_fighting_ranged_story	10781	1832	seq	8074	nylocas_pillar_collapse	26	4.0		unknown	name	name word match only, off this npc's rig (framemap 1832); framestep=1
tob_nylocas_fighting_ranged_story	10781	1810	seq	14381	nylocas_queen_idle	24	4.0		unknown	name	name word match only, off this npc's rig (framemap 1810); forcedpriority=4 verticaloffset=3
tob_nylocas_fighting_ranged_story	10781	1810	seq	14382	nylocas_queen_walk	72	9.0		unknown	name	name word match only, off this npc's rig (framemap 1810); forcedpriority=5 verticaloffset=3
tob_nylocas_fighting_ranged_story	10781	1810	seq	14383	nylocas_queen_melee	23	3.0	f1:3957:tob_verzik_spider_attack_melee_cry;f13:3936:tob_verzik_spider_attack_melee	unknown	name	name word match only, off this npc's rig (framemap 1810); forcedpriority=6 precedence=2 priority=2 verticaloffset=3
tob_nylocas_fighting_ranged_story	10781	1810	seq	14384	nylocas_queen_summon	17	2.0	f1:3957:tob_verzik_spider_attack_melee_cry	unknown	name	name word match only, off this npc's rig (framemap 1810); 
tob_nylocas_fighting_ranged_story	10781	1810	seq	14385	nylocas_queen_ranged	22	2.9	f11:3990:tob_verzik_spider_attack_ranged	unknown	name	name word match only, off this npc's rig (framemap 1810); forcedpriority=6 precedence=2 priority=2 verticaloffset=3
tob_nylocas_fighting_ranged_story	10781	1810	seq	14386	nylocas_queen_magic	22	3.0	f1:3543:tob_verzik_spark_1;f9:4004:tob_verzik_spider_magic_attack	unknown	name	name word match only, off this npc's rig (framemap 1810); forcedpriority=6 precedence=2 priority=2 verticaloffset=3
tob_nylocas_fighting_magic_story	10782	1799	seq	7987	top_spider_magic_walk	24	2.0		walk	bound	walkanim; verticaloffset=4
tob_nylocas_fighting_magic_story	10782	1799	seq	7988	top_spider_magic_idle	30	4.0		ready	bound	readyanim; verticaloffset=4
tob_nylocas_fighting_magic_story	10782	1799	seq	7989	top_spider_magic_attack	19	2.0	f6:4006:tob_nylocas_magic_attack_5;f9:4006:tob_nylocas_magic_attack_5	attack	rig+name	stretches=yes forcedpriority=6 verticaloffset=4
tob_nylocas_fighting_magic_story	10782	1799	seq	7990	top_spider_magic_meleeattack	18	2.0	f6:3982:tob_magic_melee_attack	attack	rig+name	melee swing on a non-melee model; forcedpriority=6 verticaloffset=4
tob_nylocas_fighting_magic_story	10782	1799	seq	7991	top_spider_magic_death	30	4.3	f1:4010:tob_magic_death_shriek;f7:3289:tob_magic_death_bang;f8:3984:tob_magic_death_spinning	death	rig+name	framestep=1 forcedpriority=10 verticaloffset=4
tob_nylocas_fighting_magic_story	10782	1799	seq	7992	top_spider_magic_death_detonate	50	2.0	f1:3294:tob_nylocas_deathdetonate_shriek;f6:3967:tob_nylocas_deathdetonate_bang_1;f7:3550:tob_nylocas_deathdetonate_spinning_3	special	rig+name	self-destruct; name says death_detonate; framestep=1 forcedpriority=10 verticaloffset=4
tob_nylocas_fighting_magic_story	10782	1799	seq	14392	top_spider_magic_attack_quiet	19	2.0	f6:11555:synth_11555;f9:11555:synth_11555	attack	rig+name	quiet variant; stretches=yes forcedpriority=6 verticaloffset=4
tob_nylocas_fighting_magic_story	10782	1799	seq	14393	top_spider_magic_meleeattack_quiet	18	2.0	f6:11554:synth_11554	attack	rig+name	melee swing on a non-melee model; forcedpriority=6 verticaloffset=4
tob_nylocas_fighting_magic_story	10782	1799	seq	14394	top_spider_magic_death_quiet	30	4.3	f1:11552:synth_11552;f7:11551:synth_11551;f8:11553:synth_11553	death	rig+name	quiet variant; framestep=1 forcedpriority=10 verticaloffset=4
tob_nylocas_fighting_magic_story	10782	1832	seq	8073	nylocas_pillar_precollapse	1	0.2		unknown	name	name word match only, off this npc's rig (framemap 1832); framestep=1
tob_nylocas_fighting_magic_story	10782	1832	seq	8074	nylocas_pillar_collapse	26	4.0		unknown	name	name word match only, off this npc's rig (framemap 1832); framestep=1
tob_nylocas_fighting_magic_story	10782	1810	seq	14381	nylocas_queen_idle	24	4.0		unknown	name	name word match only, off this npc's rig (framemap 1810); forcedpriority=4 verticaloffset=3
tob_nylocas_fighting_magic_story	10782	1810	seq	14382	nylocas_queen_walk	72	9.0		unknown	name	name word match only, off this npc's rig (framemap 1810); forcedpriority=5 verticaloffset=3
tob_nylocas_fighting_magic_story	10782	1810	seq	14383	nylocas_queen_melee	23	3.0	f1:3957:tob_verzik_spider_attack_melee_cry;f13:3936:tob_verzik_spider_attack_melee	unknown	name	name word match only, off this npc's rig (framemap 1810); forcedpriority=6 precedence=2 priority=2 verticaloffset=3
tob_nylocas_fighting_magic_story	10782	1810	seq	14384	nylocas_queen_summon	17	2.0	f1:3957:tob_verzik_spider_attack_melee_cry	unknown	name	name word match only, off this npc's rig (framemap 1810); 
tob_nylocas_fighting_magic_story	10782	1810	seq	14385	nylocas_queen_ranged	22	2.9	f11:3990:tob_verzik_spider_attack_ranged	unknown	name	name word match only, off this npc's rig (framemap 1810); forcedpriority=6 precedence=2 priority=2 verticaloffset=3
tob_nylocas_fighting_magic_story	10782	1810	seq	14386	nylocas_queen_magic	22	3.0	f1:3543:tob_verzik_spark_1;f9:4004:tob_verzik_spider_magic_attack	unknown	name	name word match only, off this npc's rig (framemap 1810); forcedpriority=6 precedence=2 priority=2 verticaloffset=3
tob_nylocas_big_fighting_melee_story	10783	1800	seq	4410	hosdun_spider_boss_attack_ranged	15	2.0		unknown	rig	on the rig, name is the Hosdun spider boss: not a candidate; verticaloffset=4
tob_nylocas_big_fighting_melee_story	10783	1800	seq	8002	top_spider_melee_idle	12	2.0		ready	bound	readyanim; verticaloffset=4
tob_nylocas_big_fighting_melee_story	10783	1800	seq	8003	top_spider_melee_walk	12	1.0		walk	bound	walkanim; verticaloffset=4
tob_nylocas_big_fighting_melee_story	10783	1800	seq	8004	top_spider_melee_attack	18	2.0	f6:3932:tob_nylocas_melee_attack_2	attack	rig+name	forcedpriority=6 verticaloffset=4
tob_nylocas_big_fighting_melee_story	10783	1800	seq	8005	top_spider_melee_death	27	4.3	f1:3980:tob_nylocas_melee_death_shriek_2;f7:4011:tob_nylocas_melee_death_bang_1;f8:3992:tob_nylocas_melee_death_spinning_4	death	rig+name	framestep=1 forcedpriority=10 verticaloffset=4
tob_nylocas_big_fighting_melee_story	10783	1800	seq	8006	top_spider_melee_death_detonate	47	2.0	f1:3294:tob_nylocas_deathdetonate_shriek;f6:3967:tob_nylocas_deathdetonate_bang_1;f7:3550:tob_nylocas_deathdetonate_spinning_3	special	rig+name	self-destruct; name says death_detonate; framestep=1 forcedpriority=10 verticaloffset=4
tob_nylocas_big_fighting_melee_story	10783	1800	seq	8075	top_spider_melee_spawn	16	2.0	f1:3546:tob_nylocas_web_spawn	spawn	rig+name	forcedpriority=10 verticaloffset=4
tob_nylocas_big_fighting_melee_story	10783	1800	seq	8147	hosdun_spider_boss_attack_melee	18	2.0		unknown	rig	on the rig, name is the Hosdun spider boss: not a candidate; verticaloffset=4
tob_nylocas_big_fighting_melee_story	10783	1800	seq	8318	hosdun_spider_boss_death	36	7.0		unknown	rig	on the rig, name is the Hosdun spider boss: not a candidate; framestep=1 forcedpriority=10 verticaloffset=4
tob_nylocas_big_fighting_melee_story	10783	1800	seq	8319	hodsun_spider_boss_walk	12	1.0		unknown	rig	on the rig, name is the Hosdun spider boss: not a candidate; verticaloffset=4
tob_nylocas_big_fighting_melee_story	10783	1800	seq	8320	hosdun_spider_boss_idle	12	2.0		unknown	rig	on the rig, name is the Hosdun spider boss: not a candidate; verticaloffset=4
tob_nylocas_big_fighting_melee_story	10783	1800	seq	8338	sote_gauntlet_spider_death	18	3.0		unknown	rig	on the rig, name is the Sotetseg gauntlet spider: not a candidate; forcedpriority=11 verticaloffset=4
tob_nylocas_big_fighting_melee_story	10783	1800	seq	8339	sote_gauntlet_spider_attack_melee	18	2.0		unknown	rig	on the rig, name is the Sotetseg gauntlet spider: not a candidate; forcedpriority=6 verticaloffset=4
tob_nylocas_big_fighting_melee_story	10783	1800	seq	8340	sote_gauntlet_spider_idle	12	2.0		unknown	rig	on the rig, name is the Sotetseg gauntlet spider: not a candidate; forcedpriority=4 verticaloffset=4
tob_nylocas_big_fighting_melee_story	10783	1800	seq	8341	sote_gauntlet_spider_walk	12	1.0		unknown	rig	on the rig, name is the Sotetseg gauntlet spider: not a candidate; forcedpriority=5 verticaloffset=4
tob_nylocas_big_fighting_melee_story	10783	1800	seq	8425	crystal_spider_attack	18	2.0		unknown	rig	on the rig, name is the crystal spider: not a candidate; forcedpriority=6 verticaloffset=4
tob_nylocas_big_fighting_melee_story	10783	1800	seq	8426	crystal_spider_death	47	2.0		unknown	rig	on the rig, name is the crystal spider: not a candidate; framestep=1 forcedpriority=10 verticaloffset=4
tob_nylocas_big_fighting_melee_story	10783	1800	seq	9030	top_spider_melee_spawn_noloop	16	2.0	f1:3546:tob_nylocas_web_spawn	spawn	rig+name	forcedpriority=10 verticaloffset=4
tob_nylocas_big_fighting_melee_story	10783	1800	seq	9136	hodsun_spider_boss_walk_small	12	0.6		unknown	rig	on the rig, name is the Hosdun spider boss: not a candidate; verticaloffset=4
tob_nylocas_big_fighting_melee_story	10783	1800	seq	9137	npc_araxyte01_idle	12	2.0		unknown	rig	on the rig, name is the Araxxor araxyte: not a candidate; forcedpriority=4
tob_nylocas_big_fighting_melee_story	10783	1800	seq	9138	npc_araxyte01_walk	12	1.0		unknown	rig	on the rig, name is the Araxxor araxyte: not a candidate; forcedpriority=5
tob_nylocas_big_fighting_melee_story	10783	1800	seq	9139	npc_araxyte01_walk_fast	12	0.6		unknown	rig	on the rig, name is the Araxxor araxyte: not a candidate; forcedpriority=5
tob_nylocas_big_fighting_melee_story	10783	1800	seq	9140	npc_araxyte01_attack	18	2.0		unknown	rig	on the rig, name is the Araxxor araxyte: not a candidate; forcedpriority=6
tob_nylocas_big_fighting_melee_story	10783	1800	seq	9141	npc_araxyte01_death	18	4.0	f1:9371:araxxor_mirror_back_minion_death_01;f4:9370:araxxor_mirror_back_minion_death_impact_01	unknown	rig	on the rig, name is the Araxxor araxyte: not a candidate; framestep=1 forcedpriority=10
tob_nylocas_big_fighting_melee_story	10783	1800	seq	11494	npc_araxyte02_idle	12	2.0		unknown	rig	on the rig, name is the Araxxor araxyte: not a candidate; forcedpriority=4
tob_nylocas_big_fighting_melee_story	10783	1800	seq	11495	npc_araxyte02_walk	12	1.0		unknown	rig	on the rig, name is the Araxxor araxyte: not a candidate; forcedpriority=5
tob_nylocas_big_fighting_melee_story	10783	1800	seq	11496	npc_araxyte02_walk_fast	12	0.6		unknown	rig	on the rig, name is the Araxxor araxyte: not a candidate; forcedpriority=5
tob_nylocas_big_fighting_melee_story	10783	1800	seq	11497	npc_araxyte02_attack	18	2.0		unknown	rig	on the rig, name is the Araxxor araxyte: not a candidate; forcedpriority=6
tob_nylocas_big_fighting_melee_story	10783	1800	seq	11498	npc_araxyte_acidic_01_attack	18	2.0	f2:9381:araxxor_acidic_minion_attack_03;f7:9381:araxxor_acidic_minion_attack_03	unknown	rig	on the rig, name is the Araxxor araxyte: not a candidate; forcedpriority=6
tob_nylocas_big_fighting_melee_story	10783	1800	seq	11499	npc_araxyte_acidic_02_attack	18	2.0	f2:9381:araxxor_acidic_minion_attack_03;f7:9381:araxxor_acidic_minion_attack_03	unknown	rig	on the rig, name is the Araxxor araxyte: not a candidate; forcedpriority=6
tob_nylocas_big_fighting_melee_story	10783	1800	seq	11500	npc_araxyte_mirror_back_01_attack	18	2.0	f2:9372:araxxor_mirror_back_minion_attack_01_01;f7:9375:araxxor_mirror_back_minion_attack_02_01	unknown	rig	on the rig, name is the Araxxor araxyte: not a candidate; forcedpriority=6
tob_nylocas_big_fighting_melee_story	10783	1800	seq	11501	npc_araxyte_mirror_back_02_attack	18	2.0	f2:9372:araxxor_mirror_back_minion_attack_01_01;f7:9375:araxxor_mirror_back_minion_attack_02_01	unknown	rig	on the rig, name is the Araxxor araxyte: not a candidate; forcedpriority=6
tob_nylocas_big_fighting_melee_story	10783	1800	seq	11502	npc_araxyte02_death	18	4.0	f1:9371:araxxor_mirror_back_minion_death_01;f4:9370:araxxor_mirror_back_minion_death_impact_01	unknown	rig	on the rig, name is the Araxxor araxyte: not a candidate; forcedpriority=10
tob_nylocas_big_fighting_melee_story	10783	1800	seq	11503	npc_araxyte02_hatch	17	2.0		unknown	rig	on the rig, name is the Araxxor araxyte: not a candidate; forcedpriority=9
tob_nylocas_big_fighting_melee_story	10783	1800	seq	11504	npc_araxyte_explode	20	4.3	f1:9382:araxxor_acidic_minion_explosion_01	unknown	rig	on the rig, name is the Araxxor araxyte: not a candidate
tob_nylocas_big_fighting_melee_story	10783	1800	seq	11510	npc_araxyte_mirror_back_death	18	4.0	f1:9371:araxxor_mirror_back_minion_death_01;f4:9370:araxxor_mirror_back_minion_death_impact_01	unknown	rig	on the rig, name is the Araxxor araxyte: not a candidate; framestep=1 forcedpriority=10
tob_nylocas_big_fighting_melee_story	10783	1800	seq	14387	top_spider_melee_attack_quiet	18	2.0	f6:11556:synth_11556	attack	rig+name	quiet variant; forcedpriority=6 verticaloffset=4
tob_nylocas_big_fighting_melee_story	10783	1800	seq	14388	top_spider_melee_death_quiet	27	4.3	f1:11558:synth_11558;f7:11557:synth_11557;f8:11559:synth_11559	death	rig+name	quiet variant; framestep=1 forcedpriority=10 verticaloffset=4
tob_nylocas_big_fighting_melee_story	10783	1832	seq	8073	nylocas_pillar_precollapse	1	0.2		unknown	name	name word match only, off this npc's rig (framemap 1832); framestep=1
tob_nylocas_big_fighting_melee_story	10783	1832	seq	8074	nylocas_pillar_collapse	26	4.0		unknown	name	name word match only, off this npc's rig (framemap 1832); framestep=1
tob_nylocas_big_fighting_melee_story	10783	1810	seq	14381	nylocas_queen_idle	24	4.0		unknown	name	name word match only, off this npc's rig (framemap 1810); forcedpriority=4 verticaloffset=3
tob_nylocas_big_fighting_melee_story	10783	1810	seq	14382	nylocas_queen_walk	72	9.0		unknown	name	name word match only, off this npc's rig (framemap 1810); forcedpriority=5 verticaloffset=3
tob_nylocas_big_fighting_melee_story	10783	1810	seq	14383	nylocas_queen_melee	23	3.0	f1:3957:tob_verzik_spider_attack_melee_cry;f13:3936:tob_verzik_spider_attack_melee	unknown	name	name word match only, off this npc's rig (framemap 1810); forcedpriority=6 precedence=2 priority=2 verticaloffset=3
tob_nylocas_big_fighting_melee_story	10783	1810	seq	14384	nylocas_queen_summon	17	2.0	f1:3957:tob_verzik_spider_attack_melee_cry	unknown	name	name word match only, off this npc's rig (framemap 1810); 
tob_nylocas_big_fighting_melee_story	10783	1810	seq	14385	nylocas_queen_ranged	22	2.9	f11:3990:tob_verzik_spider_attack_ranged	unknown	name	name word match only, off this npc's rig (framemap 1810); forcedpriority=6 precedence=2 priority=2 verticaloffset=3
tob_nylocas_big_fighting_melee_story	10783	1810	seq	14386	nylocas_queen_magic	22	3.0	f1:3543:tob_verzik_spark_1;f9:4004:tob_verzik_spider_magic_attack	unknown	name	name word match only, off this npc's rig (framemap 1810); forcedpriority=6 precedence=2 priority=2 verticaloffset=3
tob_nylocas_big_fighting_ranged_story	10784	1801	seq	7993	top_spider_ranged_idle	12	2.0		ready	bound	readyanim; verticaloffset=4
tob_nylocas_big_fighting_ranged_story	10784	1801	seq	7997	top_spider_ranged_walk	12	1.0		walk	bound	walkanim; verticaloffset=4
tob_nylocas_big_fighting_ranged_story	10784	1801	seq	7998	top_spider_ranged_death	27	4.3	f1:3978:tob_nylocas_range_death_shriek;f7:3232:tob_nylocas_range_death_bang;f8:3943:tob_nylocas_range_death_spinning	death	rig+name	framestep=1 forcedpriority=10 verticaloffset=4
tob_nylocas_big_fighting_ranged_story	10784	1801	seq	7999	top_spider_ranged_attack	15	2.0	f2:3953:tob_nylocas_range_attack_projectiles_2;f10:3966:tob_nylocas_range_attack_shriek_2	attack	rig+name	forcedpriority=6 verticaloffset=4
tob_nylocas_big_fighting_ranged_story	10784	1801	seq	8000	top_spider_ranged_death_detonate	47	2.0	f1:3294:tob_nylocas_deathdetonate_shriek;f6:3967:tob_nylocas_deathdetonate_bang_1;f7:3550:tob_nylocas_deathdetonate_spinning_3	special	rig+name	self-destruct; name says death_detonate; framestep=1 forcedpriority=10 verticaloffset=4
tob_nylocas_big_fighting_ranged_story	10784	1801	seq	8001	top_spider_ranged_meleeattack	18	2.0	f6:3993:tob_nylocas_range_melee_attack	attack	rig+name	melee swing on a non-melee model; forcedpriority=6 verticaloffset=4
tob_nylocas_big_fighting_ranged_story	10784	1801	seq	14389	top_spider_ranged_death_quiet	27	4.3	f1:11562:synth_11562;f7:11561:synth_11561;f8:11563:synth_11563	death	rig+name	quiet variant; framestep=1 forcedpriority=10 verticaloffset=4
tob_nylocas_big_fighting_ranged_story	10784	1801	seq	14390	top_spider_ranged_attack_quiet	15	2.0	f2:11560:synth_11560;f10:3966:tob_nylocas_range_attack_shriek_2	attack	rig+name	quiet variant; forcedpriority=6 verticaloffset=4
tob_nylocas_big_fighting_ranged_story	10784	1801	seq	14391	top_spider_ranged_meleeattack_quiet	18	2.0	f6:11564:synth_11564	attack	rig+name	melee swing on a non-melee model; forcedpriority=6 verticaloffset=4
tob_nylocas_big_fighting_ranged_story	10784	1832	seq	8073	nylocas_pillar_precollapse	1	0.2		unknown	name	name word match only, off this npc's rig (framemap 1832); framestep=1
tob_nylocas_big_fighting_ranged_story	10784	1832	seq	8074	nylocas_pillar_collapse	26	4.0		unknown	name	name word match only, off this npc's rig (framemap 1832); framestep=1
tob_nylocas_big_fighting_ranged_story	10784	1810	seq	14381	nylocas_queen_idle	24	4.0		unknown	name	name word match only, off this npc's rig (framemap 1810); forcedpriority=4 verticaloffset=3
tob_nylocas_big_fighting_ranged_story	10784	1810	seq	14382	nylocas_queen_walk	72	9.0		unknown	name	name word match only, off this npc's rig (framemap 1810); forcedpriority=5 verticaloffset=3
tob_nylocas_big_fighting_ranged_story	10784	1810	seq	14383	nylocas_queen_melee	23	3.0	f1:3957:tob_verzik_spider_attack_melee_cry;f13:3936:tob_verzik_spider_attack_melee	unknown	name	name word match only, off this npc's rig (framemap 1810); forcedpriority=6 precedence=2 priority=2 verticaloffset=3
tob_nylocas_big_fighting_ranged_story	10784	1810	seq	14384	nylocas_queen_summon	17	2.0	f1:3957:tob_verzik_spider_attack_melee_cry	unknown	name	name word match only, off this npc's rig (framemap 1810); 
tob_nylocas_big_fighting_ranged_story	10784	1810	seq	14385	nylocas_queen_ranged	22	2.9	f11:3990:tob_verzik_spider_attack_ranged	unknown	name	name word match only, off this npc's rig (framemap 1810); forcedpriority=6 precedence=2 priority=2 verticaloffset=3
tob_nylocas_big_fighting_ranged_story	10784	1810	seq	14386	nylocas_queen_magic	22	3.0	f1:3543:tob_verzik_spark_1;f9:4004:tob_verzik_spider_magic_attack	unknown	name	name word match only, off this npc's rig (framemap 1810); forcedpriority=6 precedence=2 priority=2 verticaloffset=3
tob_nylocas_big_fighting_magic_story	10785	1799	seq	7987	top_spider_magic_walk	24	2.0		walk	bound	walkanim; verticaloffset=4
tob_nylocas_big_fighting_magic_story	10785	1799	seq	7988	top_spider_magic_idle	30	4.0		ready	bound	readyanim; verticaloffset=4
tob_nylocas_big_fighting_magic_story	10785	1799	seq	7989	top_spider_magic_attack	19	2.0	f6:4006:tob_nylocas_magic_attack_5;f9:4006:tob_nylocas_magic_attack_5	attack	rig+name	stretches=yes forcedpriority=6 verticaloffset=4
tob_nylocas_big_fighting_magic_story	10785	1799	seq	7990	top_spider_magic_meleeattack	18	2.0	f6:3982:tob_magic_melee_attack	attack	rig+name	melee swing on a non-melee model; forcedpriority=6 verticaloffset=4
tob_nylocas_big_fighting_magic_story	10785	1799	seq	7991	top_spider_magic_death	30	4.3	f1:4010:tob_magic_death_shriek;f7:3289:tob_magic_death_bang;f8:3984:tob_magic_death_spinning	death	rig+name	framestep=1 forcedpriority=10 verticaloffset=4
tob_nylocas_big_fighting_magic_story	10785	1799	seq	7992	top_spider_magic_death_detonate	50	2.0	f1:3294:tob_nylocas_deathdetonate_shriek;f6:3967:tob_nylocas_deathdetonate_bang_1;f7:3550:tob_nylocas_deathdetonate_spinning_3	special	rig+name	self-destruct; name says death_detonate; framestep=1 forcedpriority=10 verticaloffset=4
tob_nylocas_big_fighting_magic_story	10785	1799	seq	14392	top_spider_magic_attack_quiet	19	2.0	f6:11555:synth_11555;f9:11555:synth_11555	attack	rig+name	quiet variant; stretches=yes forcedpriority=6 verticaloffset=4
tob_nylocas_big_fighting_magic_story	10785	1799	seq	14393	top_spider_magic_meleeattack_quiet	18	2.0	f6:11554:synth_11554	attack	rig+name	melee swing on a non-melee model; forcedpriority=6 verticaloffset=4
tob_nylocas_big_fighting_magic_story	10785	1799	seq	14394	top_spider_magic_death_quiet	30	4.3	f1:11552:synth_11552;f7:11551:synth_11551;f8:11553:synth_11553	death	rig+name	quiet variant; framestep=1 forcedpriority=10 verticaloffset=4
tob_nylocas_big_fighting_magic_story	10785	1832	seq	8073	nylocas_pillar_precollapse	1	0.2		unknown	name	name word match only, off this npc's rig (framemap 1832); framestep=1
tob_nylocas_big_fighting_magic_story	10785	1832	seq	8074	nylocas_pillar_collapse	26	4.0		unknown	name	name word match only, off this npc's rig (framemap 1832); framestep=1
tob_nylocas_big_fighting_magic_story	10785	1810	seq	14381	nylocas_queen_idle	24	4.0		unknown	name	name word match only, off this npc's rig (framemap 1810); forcedpriority=4 verticaloffset=3
tob_nylocas_big_fighting_magic_story	10785	1810	seq	14382	nylocas_queen_walk	72	9.0		unknown	name	name word match only, off this npc's rig (framemap 1810); forcedpriority=5 verticaloffset=3
tob_nylocas_big_fighting_magic_story	10785	1810	seq	14383	nylocas_queen_melee	23	3.0	f1:3957:tob_verzik_spider_attack_melee_cry;f13:3936:tob_verzik_spider_attack_melee	unknown	name	name word match only, off this npc's rig (framemap 1810); forcedpriority=6 precedence=2 priority=2 verticaloffset=3
tob_nylocas_big_fighting_magic_story	10785	1810	seq	14384	nylocas_queen_summon	17	2.0	f1:3957:tob_verzik_spider_attack_melee_cry	unknown	name	name word match only, off this npc's rig (framemap 1810); 
tob_nylocas_big_fighting_magic_story	10785	1810	seq	14385	nylocas_queen_ranged	22	2.9	f11:3990:tob_verzik_spider_attack_ranged	unknown	name	name word match only, off this npc's rig (framemap 1810); forcedpriority=6 precedence=2 priority=2 verticaloffset=3
tob_nylocas_big_fighting_magic_story	10785	1810	seq	14386	nylocas_queen_magic	22	3.0	f1:3543:tob_verzik_spark_1;f9:4004:tob_verzik_spider_magic_attack	unknown	name	name word match only, off this npc's rig (framemap 1810); forcedpriority=6 precedence=2 priority=2 verticaloffset=3
nylocas_boss_spawning_story	10786	1800	seq	4410	hosdun_spider_boss_attack_ranged	15	2.0		unknown	rig	on the rig, name is the Hosdun spider boss: not a candidate; verticaloffset=4
nylocas_boss_spawning_story	10786	1800	seq	8002	top_spider_melee_idle	12	2.0		ready	bound	readyanim; verticaloffset=4
nylocas_boss_spawning_story	10786	1800	seq	8003	top_spider_melee_walk	12	1.0		walk	bound	walkanim; verticaloffset=4
nylocas_boss_spawning_story	10786	1800	seq	8004	top_spider_melee_attack	18	2.0	f6:3932:tob_nylocas_melee_attack_2	attack	rig+name	forcedpriority=6 verticaloffset=4
nylocas_boss_spawning_story	10786	1800	seq	8005	top_spider_melee_death	27	4.3	f1:3980:tob_nylocas_melee_death_shriek_2;f7:4011:tob_nylocas_melee_death_bang_1;f8:3992:tob_nylocas_melee_death_spinning_4	death	rig+name	framestep=1 forcedpriority=10 verticaloffset=4
nylocas_boss_spawning_story	10786	1800	seq	8006	top_spider_melee_death_detonate	47	2.0	f1:3294:tob_nylocas_deathdetonate_shriek;f6:3967:tob_nylocas_deathdetonate_bang_1;f7:3550:tob_nylocas_deathdetonate_spinning_3	special	rig+name	self-destruct; name says death_detonate; framestep=1 forcedpriority=10 verticaloffset=4
nylocas_boss_spawning_story	10786	1800	seq	8075	top_spider_melee_spawn	16	2.0	f1:3546:tob_nylocas_web_spawn	spawn	rig+name	forcedpriority=10 verticaloffset=4
nylocas_boss_spawning_story	10786	1800	seq	8147	hosdun_spider_boss_attack_melee	18	2.0		unknown	rig	on the rig, name is the Hosdun spider boss: not a candidate; verticaloffset=4
nylocas_boss_spawning_story	10786	1800	seq	8318	hosdun_spider_boss_death	36	7.0		unknown	rig	on the rig, name is the Hosdun spider boss: not a candidate; framestep=1 forcedpriority=10 verticaloffset=4
nylocas_boss_spawning_story	10786	1800	seq	8319	hodsun_spider_boss_walk	12	1.0		unknown	rig	on the rig, name is the Hosdun spider boss: not a candidate; verticaloffset=4
nylocas_boss_spawning_story	10786	1800	seq	8320	hosdun_spider_boss_idle	12	2.0		unknown	rig	on the rig, name is the Hosdun spider boss: not a candidate; verticaloffset=4
nylocas_boss_spawning_story	10786	1800	seq	8338	sote_gauntlet_spider_death	18	3.0		unknown	rig	on the rig, name is the Sotetseg gauntlet spider: not a candidate; forcedpriority=11 verticaloffset=4
nylocas_boss_spawning_story	10786	1800	seq	8339	sote_gauntlet_spider_attack_melee	18	2.0		unknown	rig	on the rig, name is the Sotetseg gauntlet spider: not a candidate; forcedpriority=6 verticaloffset=4
nylocas_boss_spawning_story	10786	1800	seq	8340	sote_gauntlet_spider_idle	12	2.0		unknown	rig	on the rig, name is the Sotetseg gauntlet spider: not a candidate; forcedpriority=4 verticaloffset=4
nylocas_boss_spawning_story	10786	1800	seq	8341	sote_gauntlet_spider_walk	12	1.0		unknown	rig	on the rig, name is the Sotetseg gauntlet spider: not a candidate; forcedpriority=5 verticaloffset=4
nylocas_boss_spawning_story	10786	1800	seq	8425	crystal_spider_attack	18	2.0		unknown	rig	on the rig, name is the crystal spider: not a candidate; forcedpriority=6 verticaloffset=4
nylocas_boss_spawning_story	10786	1800	seq	8426	crystal_spider_death	47	2.0		unknown	rig	on the rig, name is the crystal spider: not a candidate; framestep=1 forcedpriority=10 verticaloffset=4
nylocas_boss_spawning_story	10786	1800	seq	9030	top_spider_melee_spawn_noloop	16	2.0	f1:3546:tob_nylocas_web_spawn	spawn	rig+name	forcedpriority=10 verticaloffset=4
nylocas_boss_spawning_story	10786	1800	seq	9136	hodsun_spider_boss_walk_small	12	0.6		unknown	rig	on the rig, name is the Hosdun spider boss: not a candidate; verticaloffset=4
nylocas_boss_spawning_story	10786	1800	seq	9137	npc_araxyte01_idle	12	2.0		unknown	rig	on the rig, name is the Araxxor araxyte: not a candidate; forcedpriority=4
nylocas_boss_spawning_story	10786	1800	seq	9138	npc_araxyte01_walk	12	1.0		unknown	rig	on the rig, name is the Araxxor araxyte: not a candidate; forcedpriority=5
nylocas_boss_spawning_story	10786	1800	seq	9139	npc_araxyte01_walk_fast	12	0.6		unknown	rig	on the rig, name is the Araxxor araxyte: not a candidate; forcedpriority=5
nylocas_boss_spawning_story	10786	1800	seq	9140	npc_araxyte01_attack	18	2.0		unknown	rig	on the rig, name is the Araxxor araxyte: not a candidate; forcedpriority=6
nylocas_boss_spawning_story	10786	1800	seq	9141	npc_araxyte01_death	18	4.0	f1:9371:araxxor_mirror_back_minion_death_01;f4:9370:araxxor_mirror_back_minion_death_impact_01	unknown	rig	on the rig, name is the Araxxor araxyte: not a candidate; framestep=1 forcedpriority=10
nylocas_boss_spawning_story	10786	1800	seq	11494	npc_araxyte02_idle	12	2.0		unknown	rig	on the rig, name is the Araxxor araxyte: not a candidate; forcedpriority=4
nylocas_boss_spawning_story	10786	1800	seq	11495	npc_araxyte02_walk	12	1.0		unknown	rig	on the rig, name is the Araxxor araxyte: not a candidate; forcedpriority=5
nylocas_boss_spawning_story	10786	1800	seq	11496	npc_araxyte02_walk_fast	12	0.6		unknown	rig	on the rig, name is the Araxxor araxyte: not a candidate; forcedpriority=5
nylocas_boss_spawning_story	10786	1800	seq	11497	npc_araxyte02_attack	18	2.0		unknown	rig	on the rig, name is the Araxxor araxyte: not a candidate; forcedpriority=6
nylocas_boss_spawning_story	10786	1800	seq	11498	npc_araxyte_acidic_01_attack	18	2.0	f2:9381:araxxor_acidic_minion_attack_03;f7:9381:araxxor_acidic_minion_attack_03	unknown	rig	on the rig, name is the Araxxor araxyte: not a candidate; forcedpriority=6
nylocas_boss_spawning_story	10786	1800	seq	11499	npc_araxyte_acidic_02_attack	18	2.0	f2:9381:araxxor_acidic_minion_attack_03;f7:9381:araxxor_acidic_minion_attack_03	unknown	rig	on the rig, name is the Araxxor araxyte: not a candidate; forcedpriority=6
nylocas_boss_spawning_story	10786	1800	seq	11500	npc_araxyte_mirror_back_01_attack	18	2.0	f2:9372:araxxor_mirror_back_minion_attack_01_01;f7:9375:araxxor_mirror_back_minion_attack_02_01	unknown	rig	on the rig, name is the Araxxor araxyte: not a candidate; forcedpriority=6
nylocas_boss_spawning_story	10786	1800	seq	11501	npc_araxyte_mirror_back_02_attack	18	2.0	f2:9372:araxxor_mirror_back_minion_attack_01_01;f7:9375:araxxor_mirror_back_minion_attack_02_01	unknown	rig	on the rig, name is the Araxxor araxyte: not a candidate; forcedpriority=6
nylocas_boss_spawning_story	10786	1800	seq	11502	npc_araxyte02_death	18	4.0	f1:9371:araxxor_mirror_back_minion_death_01;f4:9370:araxxor_mirror_back_minion_death_impact_01	unknown	rig	on the rig, name is the Araxxor araxyte: not a candidate; forcedpriority=10
nylocas_boss_spawning_story	10786	1800	seq	11503	npc_araxyte02_hatch	17	2.0		unknown	rig	on the rig, name is the Araxxor araxyte: not a candidate; forcedpriority=9
nylocas_boss_spawning_story	10786	1800	seq	11504	npc_araxyte_explode	20	4.3	f1:9382:araxxor_acidic_minion_explosion_01	unknown	rig	on the rig, name is the Araxxor araxyte: not a candidate
nylocas_boss_spawning_story	10786	1800	seq	11510	npc_araxyte_mirror_back_death	18	4.0	f1:9371:araxxor_mirror_back_minion_death_01;f4:9370:araxxor_mirror_back_minion_death_impact_01	unknown	rig	on the rig, name is the Araxxor araxyte: not a candidate; framestep=1 forcedpriority=10
nylocas_boss_spawning_story	10786	1800	seq	14387	top_spider_melee_attack_quiet	18	2.0	f6:11556:synth_11556	attack	rig+name	quiet variant; forcedpriority=6 verticaloffset=4
nylocas_boss_spawning_story	10786	1800	seq	14388	top_spider_melee_death_quiet	27	4.3	f1:11558:synth_11558;f7:11557:synth_11557;f8:11559:synth_11559	death	rig+name	quiet variant; framestep=1 forcedpriority=10 verticaloffset=4
nylocas_boss_spawning_story	10786	1832	seq	8073	nylocas_pillar_precollapse	1	0.2		unknown	name	name word match only, off this npc's rig (framemap 1832); framestep=1
nylocas_boss_spawning_story	10786	1832	seq	8074	nylocas_pillar_collapse	26	4.0		unknown	name	name word match only, off this npc's rig (framemap 1832); framestep=1
nylocas_boss_spawning_story	10786	1810	seq	14381	nylocas_queen_idle	24	4.0		unknown	name	name word match only, off this npc's rig (framemap 1810); forcedpriority=4 verticaloffset=3
nylocas_boss_spawning_story	10786	1810	seq	14382	nylocas_queen_walk	72	9.0		unknown	name	name word match only, off this npc's rig (framemap 1810); forcedpriority=5 verticaloffset=3
nylocas_boss_spawning_story	10786	1810	seq	14383	nylocas_queen_melee	23	3.0	f1:3957:tob_verzik_spider_attack_melee_cry;f13:3936:tob_verzik_spider_attack_melee	unknown	name	name word match only, off this npc's rig (framemap 1810); forcedpriority=6 precedence=2 priority=2 verticaloffset=3
nylocas_boss_spawning_story	10786	1810	seq	14384	nylocas_queen_summon	17	2.0	f1:3957:tob_verzik_spider_attack_melee_cry	unknown	name	name word match only, off this npc's rig (framemap 1810); 
nylocas_boss_spawning_story	10786	1810	seq	14385	nylocas_queen_ranged	22	2.9	f11:3990:tob_verzik_spider_attack_ranged	unknown	name	name word match only, off this npc's rig (framemap 1810); forcedpriority=6 precedence=2 priority=2 verticaloffset=3
nylocas_boss_spawning_story	10786	1810	seq	14386	nylocas_queen_magic	22	3.0	f1:3543:tob_verzik_spark_1;f9:4004:tob_verzik_spider_magic_attack	unknown	name	name word match only, off this npc's rig (framemap 1810); forcedpriority=6 precedence=2 priority=2 verticaloffset=3
nylocas_boss_melee_story	10787	1800	seq	4410	hosdun_spider_boss_attack_ranged	15	2.0		unknown	rig	on the rig, name is the Hosdun spider boss: not a candidate; verticaloffset=4
nylocas_boss_melee_story	10787	1800	seq	8002	top_spider_melee_idle	12	2.0		ready	bound	readyanim; verticaloffset=4
nylocas_boss_melee_story	10787	1800	seq	8003	top_spider_melee_walk	12	1.0		walk	bound	walkanim; verticaloffset=4
nylocas_boss_melee_story	10787	1800	seq	8004	top_spider_melee_attack	18	2.0	f6:3932:tob_nylocas_melee_attack_2	attack	rig+name	forcedpriority=6 verticaloffset=4
nylocas_boss_melee_story	10787	1800	seq	8005	top_spider_melee_death	27	4.3	f1:3980:tob_nylocas_melee_death_shriek_2;f7:4011:tob_nylocas_melee_death_bang_1;f8:3992:tob_nylocas_melee_death_spinning_4	death	rig+name	framestep=1 forcedpriority=10 verticaloffset=4
nylocas_boss_melee_story	10787	1800	seq	8006	top_spider_melee_death_detonate	47	2.0	f1:3294:tob_nylocas_deathdetonate_shriek;f6:3967:tob_nylocas_deathdetonate_bang_1;f7:3550:tob_nylocas_deathdetonate_spinning_3	special	rig+name	self-destruct; name says death_detonate; framestep=1 forcedpriority=10 verticaloffset=4
nylocas_boss_melee_story	10787	1800	seq	8075	top_spider_melee_spawn	16	2.0	f1:3546:tob_nylocas_web_spawn	spawn	rig+name	forcedpriority=10 verticaloffset=4
nylocas_boss_melee_story	10787	1800	seq	8147	hosdun_spider_boss_attack_melee	18	2.0		unknown	rig	on the rig, name is the Hosdun spider boss: not a candidate; verticaloffset=4
nylocas_boss_melee_story	10787	1800	seq	8318	hosdun_spider_boss_death	36	7.0		unknown	rig	on the rig, name is the Hosdun spider boss: not a candidate; framestep=1 forcedpriority=10 verticaloffset=4
nylocas_boss_melee_story	10787	1800	seq	8319	hodsun_spider_boss_walk	12	1.0		unknown	rig	on the rig, name is the Hosdun spider boss: not a candidate; verticaloffset=4
nylocas_boss_melee_story	10787	1800	seq	8320	hosdun_spider_boss_idle	12	2.0		unknown	rig	on the rig, name is the Hosdun spider boss: not a candidate; verticaloffset=4
nylocas_boss_melee_story	10787	1800	seq	8338	sote_gauntlet_spider_death	18	3.0		unknown	rig	on the rig, name is the Sotetseg gauntlet spider: not a candidate; forcedpriority=11 verticaloffset=4
nylocas_boss_melee_story	10787	1800	seq	8339	sote_gauntlet_spider_attack_melee	18	2.0		unknown	rig	on the rig, name is the Sotetseg gauntlet spider: not a candidate; forcedpriority=6 verticaloffset=4
nylocas_boss_melee_story	10787	1800	seq	8340	sote_gauntlet_spider_idle	12	2.0		unknown	rig	on the rig, name is the Sotetseg gauntlet spider: not a candidate; forcedpriority=4 verticaloffset=4
nylocas_boss_melee_story	10787	1800	seq	8341	sote_gauntlet_spider_walk	12	1.0		unknown	rig	on the rig, name is the Sotetseg gauntlet spider: not a candidate; forcedpriority=5 verticaloffset=4
nylocas_boss_melee_story	10787	1800	seq	8425	crystal_spider_attack	18	2.0		unknown	rig	on the rig, name is the crystal spider: not a candidate; forcedpriority=6 verticaloffset=4
nylocas_boss_melee_story	10787	1800	seq	8426	crystal_spider_death	47	2.0		unknown	rig	on the rig, name is the crystal spider: not a candidate; framestep=1 forcedpriority=10 verticaloffset=4
nylocas_boss_melee_story	10787	1800	seq	9030	top_spider_melee_spawn_noloop	16	2.0	f1:3546:tob_nylocas_web_spawn	spawn	rig+name	forcedpriority=10 verticaloffset=4
nylocas_boss_melee_story	10787	1800	seq	9136	hodsun_spider_boss_walk_small	12	0.6		unknown	rig	on the rig, name is the Hosdun spider boss: not a candidate; verticaloffset=4
nylocas_boss_melee_story	10787	1800	seq	9137	npc_araxyte01_idle	12	2.0		unknown	rig	on the rig, name is the Araxxor araxyte: not a candidate; forcedpriority=4
nylocas_boss_melee_story	10787	1800	seq	9138	npc_araxyte01_walk	12	1.0		unknown	rig	on the rig, name is the Araxxor araxyte: not a candidate; forcedpriority=5
nylocas_boss_melee_story	10787	1800	seq	9139	npc_araxyte01_walk_fast	12	0.6		unknown	rig	on the rig, name is the Araxxor araxyte: not a candidate; forcedpriority=5
nylocas_boss_melee_story	10787	1800	seq	9140	npc_araxyte01_attack	18	2.0		unknown	rig	on the rig, name is the Araxxor araxyte: not a candidate; forcedpriority=6
nylocas_boss_melee_story	10787	1800	seq	9141	npc_araxyte01_death	18	4.0	f1:9371:araxxor_mirror_back_minion_death_01;f4:9370:araxxor_mirror_back_minion_death_impact_01	unknown	rig	on the rig, name is the Araxxor araxyte: not a candidate; framestep=1 forcedpriority=10
nylocas_boss_melee_story	10787	1800	seq	11494	npc_araxyte02_idle	12	2.0		unknown	rig	on the rig, name is the Araxxor araxyte: not a candidate; forcedpriority=4
nylocas_boss_melee_story	10787	1800	seq	11495	npc_araxyte02_walk	12	1.0		unknown	rig	on the rig, name is the Araxxor araxyte: not a candidate; forcedpriority=5
nylocas_boss_melee_story	10787	1800	seq	11496	npc_araxyte02_walk_fast	12	0.6		unknown	rig	on the rig, name is the Araxxor araxyte: not a candidate; forcedpriority=5
nylocas_boss_melee_story	10787	1800	seq	11497	npc_araxyte02_attack	18	2.0		unknown	rig	on the rig, name is the Araxxor araxyte: not a candidate; forcedpriority=6
nylocas_boss_melee_story	10787	1800	seq	11498	npc_araxyte_acidic_01_attack	18	2.0	f2:9381:araxxor_acidic_minion_attack_03;f7:9381:araxxor_acidic_minion_attack_03	unknown	rig	on the rig, name is the Araxxor araxyte: not a candidate; forcedpriority=6
nylocas_boss_melee_story	10787	1800	seq	11499	npc_araxyte_acidic_02_attack	18	2.0	f2:9381:araxxor_acidic_minion_attack_03;f7:9381:araxxor_acidic_minion_attack_03	unknown	rig	on the rig, name is the Araxxor araxyte: not a candidate; forcedpriority=6
nylocas_boss_melee_story	10787	1800	seq	11500	npc_araxyte_mirror_back_01_attack	18	2.0	f2:9372:araxxor_mirror_back_minion_attack_01_01;f7:9375:araxxor_mirror_back_minion_attack_02_01	unknown	rig	on the rig, name is the Araxxor araxyte: not a candidate; forcedpriority=6
nylocas_boss_melee_story	10787	1800	seq	11501	npc_araxyte_mirror_back_02_attack	18	2.0	f2:9372:araxxor_mirror_back_minion_attack_01_01;f7:9375:araxxor_mirror_back_minion_attack_02_01	unknown	rig	on the rig, name is the Araxxor araxyte: not a candidate; forcedpriority=6
nylocas_boss_melee_story	10787	1800	seq	11502	npc_araxyte02_death	18	4.0	f1:9371:araxxor_mirror_back_minion_death_01;f4:9370:araxxor_mirror_back_minion_death_impact_01	unknown	rig	on the rig, name is the Araxxor araxyte: not a candidate; forcedpriority=10
nylocas_boss_melee_story	10787	1800	seq	11503	npc_araxyte02_hatch	17	2.0		unknown	rig	on the rig, name is the Araxxor araxyte: not a candidate; forcedpriority=9
nylocas_boss_melee_story	10787	1800	seq	11504	npc_araxyte_explode	20	4.3	f1:9382:araxxor_acidic_minion_explosion_01	unknown	rig	on the rig, name is the Araxxor araxyte: not a candidate
nylocas_boss_melee_story	10787	1800	seq	11510	npc_araxyte_mirror_back_death	18	4.0	f1:9371:araxxor_mirror_back_minion_death_01;f4:9370:araxxor_mirror_back_minion_death_impact_01	unknown	rig	on the rig, name is the Araxxor araxyte: not a candidate; framestep=1 forcedpriority=10
nylocas_boss_melee_story	10787	1800	seq	14387	top_spider_melee_attack_quiet	18	2.0	f6:11556:synth_11556	attack	rig+name	quiet variant; forcedpriority=6 verticaloffset=4
nylocas_boss_melee_story	10787	1800	seq	14388	top_spider_melee_death_quiet	27	4.3	f1:11558:synth_11558;f7:11557:synth_11557;f8:11559:synth_11559	death	rig+name	quiet variant; framestep=1 forcedpriority=10 verticaloffset=4
nylocas_boss_melee_story	10787	1832	seq	8073	nylocas_pillar_precollapse	1	0.2		unknown	name	name word match only, off this npc's rig (framemap 1832); framestep=1
nylocas_boss_melee_story	10787	1832	seq	8074	nylocas_pillar_collapse	26	4.0		unknown	name	name word match only, off this npc's rig (framemap 1832); framestep=1
nylocas_boss_melee_story	10787	1810	seq	14381	nylocas_queen_idle	24	4.0		unknown	name	name word match only, off this npc's rig (framemap 1810); forcedpriority=4 verticaloffset=3
nylocas_boss_melee_story	10787	1810	seq	14382	nylocas_queen_walk	72	9.0		unknown	name	name word match only, off this npc's rig (framemap 1810); forcedpriority=5 verticaloffset=3
nylocas_boss_melee_story	10787	1810	seq	14383	nylocas_queen_melee	23	3.0	f1:3957:tob_verzik_spider_attack_melee_cry;f13:3936:tob_verzik_spider_attack_melee	unknown	name	name word match only, off this npc's rig (framemap 1810); forcedpriority=6 precedence=2 priority=2 verticaloffset=3
nylocas_boss_melee_story	10787	1810	seq	14384	nylocas_queen_summon	17	2.0	f1:3957:tob_verzik_spider_attack_melee_cry	unknown	name	name word match only, off this npc's rig (framemap 1810); 
nylocas_boss_melee_story	10787	1810	seq	14385	nylocas_queen_ranged	22	2.9	f11:3990:tob_verzik_spider_attack_ranged	unknown	name	name word match only, off this npc's rig (framemap 1810); forcedpriority=6 precedence=2 priority=2 verticaloffset=3
nylocas_boss_melee_story	10787	1810	seq	14386	nylocas_queen_magic	22	3.0	f1:3543:tob_verzik_spark_1;f9:4004:tob_verzik_spider_magic_attack	unknown	name	name word match only, off this npc's rig (framemap 1810); forcedpriority=6 precedence=2 priority=2 verticaloffset=3
nylocas_boss_magic_story	10788	1799	seq	7987	top_spider_magic_walk	24	2.0		walk	bound	walkanim; verticaloffset=4
nylocas_boss_magic_story	10788	1799	seq	7988	top_spider_magic_idle	30	4.0		ready	bound	readyanim; verticaloffset=4
nylocas_boss_magic_story	10788	1799	seq	7989	top_spider_magic_attack	19	2.0	f6:4006:tob_nylocas_magic_attack_5;f9:4006:tob_nylocas_magic_attack_5	attack	rig+name	stretches=yes forcedpriority=6 verticaloffset=4
nylocas_boss_magic_story	10788	1799	seq	7990	top_spider_magic_meleeattack	18	2.0	f6:3982:tob_magic_melee_attack	attack	rig+name	melee swing on a non-melee model; forcedpriority=6 verticaloffset=4
nylocas_boss_magic_story	10788	1799	seq	7991	top_spider_magic_death	30	4.3	f1:4010:tob_magic_death_shriek;f7:3289:tob_magic_death_bang;f8:3984:tob_magic_death_spinning	death	rig+name	framestep=1 forcedpriority=10 verticaloffset=4
nylocas_boss_magic_story	10788	1799	seq	7992	top_spider_magic_death_detonate	50	2.0	f1:3294:tob_nylocas_deathdetonate_shriek;f6:3967:tob_nylocas_deathdetonate_bang_1;f7:3550:tob_nylocas_deathdetonate_spinning_3	special	rig+name	self-destruct; name says death_detonate; framestep=1 forcedpriority=10 verticaloffset=4
nylocas_boss_magic_story	10788	1799	seq	14392	top_spider_magic_attack_quiet	19	2.0	f6:11555:synth_11555;f9:11555:synth_11555	attack	rig+name	quiet variant; stretches=yes forcedpriority=6 verticaloffset=4
nylocas_boss_magic_story	10788	1799	seq	14393	top_spider_magic_meleeattack_quiet	18	2.0	f6:11554:synth_11554	attack	rig+name	melee swing on a non-melee model; forcedpriority=6 verticaloffset=4
nylocas_boss_magic_story	10788	1799	seq	14394	top_spider_magic_death_quiet	30	4.3	f1:11552:synth_11552;f7:11551:synth_11551;f8:11553:synth_11553	death	rig+name	quiet variant; framestep=1 forcedpriority=10 verticaloffset=4
nylocas_boss_magic_story	10788	1832	seq	8073	nylocas_pillar_precollapse	1	0.2		unknown	name	name word match only, off this npc's rig (framemap 1832); framestep=1
nylocas_boss_magic_story	10788	1832	seq	8074	nylocas_pillar_collapse	26	4.0		unknown	name	name word match only, off this npc's rig (framemap 1832); framestep=1
nylocas_boss_magic_story	10788	1810	seq	14381	nylocas_queen_idle	24	4.0		unknown	name	name word match only, off this npc's rig (framemap 1810); forcedpriority=4 verticaloffset=3
nylocas_boss_magic_story	10788	1810	seq	14382	nylocas_queen_walk	72	9.0		unknown	name	name word match only, off this npc's rig (framemap 1810); forcedpriority=5 verticaloffset=3
nylocas_boss_magic_story	10788	1810	seq	14383	nylocas_queen_melee	23	3.0	f1:3957:tob_verzik_spider_attack_melee_cry;f13:3936:tob_verzik_spider_attack_melee	unknown	name	name word match only, off this npc's rig (framemap 1810); forcedpriority=6 precedence=2 priority=2 verticaloffset=3
nylocas_boss_magic_story	10788	1810	seq	14384	nylocas_queen_summon	17	2.0	f1:3957:tob_verzik_spider_attack_melee_cry	unknown	name	name word match only, off this npc's rig (framemap 1810); 
nylocas_boss_magic_story	10788	1810	seq	14385	nylocas_queen_ranged	22	2.9	f11:3990:tob_verzik_spider_attack_ranged	unknown	name	name word match only, off this npc's rig (framemap 1810); forcedpriority=6 precedence=2 priority=2 verticaloffset=3
nylocas_boss_magic_story	10788	1810	seq	14386	nylocas_queen_magic	22	3.0	f1:3543:tob_verzik_spark_1;f9:4004:tob_verzik_spider_magic_attack	unknown	name	name word match only, off this npc's rig (framemap 1810); forcedpriority=6 precedence=2 priority=2 verticaloffset=3
nylocas_boss_ranged_story	10789	1801	seq	7993	top_spider_ranged_idle	12	2.0		ready	bound	readyanim; verticaloffset=4
nylocas_boss_ranged_story	10789	1801	seq	7997	top_spider_ranged_walk	12	1.0		walk	bound	walkanim; verticaloffset=4
nylocas_boss_ranged_story	10789	1801	seq	7998	top_spider_ranged_death	27	4.3	f1:3978:tob_nylocas_range_death_shriek;f7:3232:tob_nylocas_range_death_bang;f8:3943:tob_nylocas_range_death_spinning	death	rig+name	framestep=1 forcedpriority=10 verticaloffset=4
nylocas_boss_ranged_story	10789	1801	seq	7999	top_spider_ranged_attack	15	2.0	f2:3953:tob_nylocas_range_attack_projectiles_2;f10:3966:tob_nylocas_range_attack_shriek_2	attack	rig+name	forcedpriority=6 verticaloffset=4
nylocas_boss_ranged_story	10789	1801	seq	8000	top_spider_ranged_death_detonate	47	2.0	f1:3294:tob_nylocas_deathdetonate_shriek;f6:3967:tob_nylocas_deathdetonate_bang_1;f7:3550:tob_nylocas_deathdetonate_spinning_3	special	rig+name	self-destruct; name says death_detonate; framestep=1 forcedpriority=10 verticaloffset=4
nylocas_boss_ranged_story	10789	1801	seq	8001	top_spider_ranged_meleeattack	18	2.0	f6:3993:tob_nylocas_range_melee_attack	attack	rig+name	melee swing on a non-melee model; forcedpriority=6 verticaloffset=4
nylocas_boss_ranged_story	10789	1801	seq	14389	top_spider_ranged_death_quiet	27	4.3	f1:11562:synth_11562;f7:11561:synth_11561;f8:11563:synth_11563	death	rig+name	quiet variant; framestep=1 forcedpriority=10 verticaloffset=4
nylocas_boss_ranged_story	10789	1801	seq	14390	top_spider_ranged_attack_quiet	15	2.0	f2:11560:synth_11560;f10:3966:tob_nylocas_range_attack_shriek_2	attack	rig+name	quiet variant; forcedpriority=6 verticaloffset=4
nylocas_boss_ranged_story	10789	1801	seq	14391	top_spider_ranged_meleeattack_quiet	18	2.0	f6:11564:synth_11564	attack	rig+name	melee swing on a non-melee model; forcedpriority=6 verticaloffset=4
nylocas_boss_ranged_story	10789	1832	seq	8073	nylocas_pillar_precollapse	1	0.2		unknown	name	name word match only, off this npc's rig (framemap 1832); framestep=1
nylocas_boss_ranged_story	10789	1832	seq	8074	nylocas_pillar_collapse	26	4.0		unknown	name	name word match only, off this npc's rig (framemap 1832); framestep=1
nylocas_boss_ranged_story	10789	1810	seq	14381	nylocas_queen_idle	24	4.0		unknown	name	name word match only, off this npc's rig (framemap 1810); forcedpriority=4 verticaloffset=3
nylocas_boss_ranged_story	10789	1810	seq	14382	nylocas_queen_walk	72	9.0		unknown	name	name word match only, off this npc's rig (framemap 1810); forcedpriority=5 verticaloffset=3
nylocas_boss_ranged_story	10789	1810	seq	14383	nylocas_queen_melee	23	3.0	f1:3957:tob_verzik_spider_attack_melee_cry;f13:3936:tob_verzik_spider_attack_melee	unknown	name	name word match only, off this npc's rig (framemap 1810); forcedpriority=6 precedence=2 priority=2 verticaloffset=3
nylocas_boss_ranged_story	10789	1810	seq	14384	nylocas_queen_summon	17	2.0	f1:3957:tob_verzik_spider_attack_melee_cry	unknown	name	name word match only, off this npc's rig (framemap 1810); 
nylocas_boss_ranged_story	10789	1810	seq	14385	nylocas_queen_ranged	22	2.9	f11:3990:tob_verzik_spider_attack_ranged	unknown	name	name word match only, off this npc's rig (framemap 1810); forcedpriority=6 precedence=2 priority=2 verticaloffset=3
nylocas_boss_ranged_story	10789	1810	seq	14386	nylocas_queen_magic	22	3.0	f1:3543:tob_verzik_spark_1;f9:4004:tob_verzik_spider_magic_attack	unknown	name	name word match only, off this npc's rig (framemap 1810); forcedpriority=6 precedence=2 priority=2 verticaloffset=3
tob_nylocas_support_story	10790	-	seq	-	-				unknown	rig	npc names no readyanim or walkanim: no rig, no candidate set
tob_nylocas_incoming_melee_hard	10791	1800	seq	4410	hosdun_spider_boss_attack_ranged	15	2.0		unknown	rig	on the rig, name is the Hosdun spider boss: not a candidate; verticaloffset=4
tob_nylocas_incoming_melee_hard	10791	1800	seq	8002	top_spider_melee_idle	12	2.0		ready	bound	readyanim; verticaloffset=4
tob_nylocas_incoming_melee_hard	10791	1800	seq	8003	top_spider_melee_walk	12	1.0		walk	bound	walkanim; verticaloffset=4
tob_nylocas_incoming_melee_hard	10791	1800	seq	8004	top_spider_melee_attack	18	2.0	f6:3932:tob_nylocas_melee_attack_2	attack	rig+name	forcedpriority=6 verticaloffset=4
tob_nylocas_incoming_melee_hard	10791	1800	seq	8005	top_spider_melee_death	27	4.3	f1:3980:tob_nylocas_melee_death_shriek_2;f7:4011:tob_nylocas_melee_death_bang_1;f8:3992:tob_nylocas_melee_death_spinning_4	death	rig+name	framestep=1 forcedpriority=10 verticaloffset=4
tob_nylocas_incoming_melee_hard	10791	1800	seq	8006	top_spider_melee_death_detonate	47	2.0	f1:3294:tob_nylocas_deathdetonate_shriek;f6:3967:tob_nylocas_deathdetonate_bang_1;f7:3550:tob_nylocas_deathdetonate_spinning_3	special	rig+name	self-destruct; name says death_detonate; framestep=1 forcedpriority=10 verticaloffset=4
tob_nylocas_incoming_melee_hard	10791	1800	seq	8075	top_spider_melee_spawn	16	2.0	f1:3546:tob_nylocas_web_spawn	spawn	rig+name	forcedpriority=10 verticaloffset=4
tob_nylocas_incoming_melee_hard	10791	1800	seq	8147	hosdun_spider_boss_attack_melee	18	2.0		unknown	rig	on the rig, name is the Hosdun spider boss: not a candidate; verticaloffset=4
tob_nylocas_incoming_melee_hard	10791	1800	seq	8318	hosdun_spider_boss_death	36	7.0		unknown	rig	on the rig, name is the Hosdun spider boss: not a candidate; framestep=1 forcedpriority=10 verticaloffset=4
tob_nylocas_incoming_melee_hard	10791	1800	seq	8319	hodsun_spider_boss_walk	12	1.0		unknown	rig	on the rig, name is the Hosdun spider boss: not a candidate; verticaloffset=4
tob_nylocas_incoming_melee_hard	10791	1800	seq	8320	hosdun_spider_boss_idle	12	2.0		unknown	rig	on the rig, name is the Hosdun spider boss: not a candidate; verticaloffset=4
tob_nylocas_incoming_melee_hard	10791	1800	seq	8338	sote_gauntlet_spider_death	18	3.0		unknown	rig	on the rig, name is the Sotetseg gauntlet spider: not a candidate; forcedpriority=11 verticaloffset=4
tob_nylocas_incoming_melee_hard	10791	1800	seq	8339	sote_gauntlet_spider_attack_melee	18	2.0		unknown	rig	on the rig, name is the Sotetseg gauntlet spider: not a candidate; forcedpriority=6 verticaloffset=4
tob_nylocas_incoming_melee_hard	10791	1800	seq	8340	sote_gauntlet_spider_idle	12	2.0		unknown	rig	on the rig, name is the Sotetseg gauntlet spider: not a candidate; forcedpriority=4 verticaloffset=4
tob_nylocas_incoming_melee_hard	10791	1800	seq	8341	sote_gauntlet_spider_walk	12	1.0		unknown	rig	on the rig, name is the Sotetseg gauntlet spider: not a candidate; forcedpriority=5 verticaloffset=4
tob_nylocas_incoming_melee_hard	10791	1800	seq	8425	crystal_spider_attack	18	2.0		unknown	rig	on the rig, name is the crystal spider: not a candidate; forcedpriority=6 verticaloffset=4
tob_nylocas_incoming_melee_hard	10791	1800	seq	8426	crystal_spider_death	47	2.0		unknown	rig	on the rig, name is the crystal spider: not a candidate; framestep=1 forcedpriority=10 verticaloffset=4
tob_nylocas_incoming_melee_hard	10791	1800	seq	9030	top_spider_melee_spawn_noloop	16	2.0	f1:3546:tob_nylocas_web_spawn	spawn	rig+name	forcedpriority=10 verticaloffset=4
tob_nylocas_incoming_melee_hard	10791	1800	seq	9136	hodsun_spider_boss_walk_small	12	0.6		unknown	rig	on the rig, name is the Hosdun spider boss: not a candidate; verticaloffset=4
tob_nylocas_incoming_melee_hard	10791	1800	seq	9137	npc_araxyte01_idle	12	2.0		unknown	rig	on the rig, name is the Araxxor araxyte: not a candidate; forcedpriority=4
tob_nylocas_incoming_melee_hard	10791	1800	seq	9138	npc_araxyte01_walk	12	1.0		unknown	rig	on the rig, name is the Araxxor araxyte: not a candidate; forcedpriority=5
tob_nylocas_incoming_melee_hard	10791	1800	seq	9139	npc_araxyte01_walk_fast	12	0.6		unknown	rig	on the rig, name is the Araxxor araxyte: not a candidate; forcedpriority=5
tob_nylocas_incoming_melee_hard	10791	1800	seq	9140	npc_araxyte01_attack	18	2.0		unknown	rig	on the rig, name is the Araxxor araxyte: not a candidate; forcedpriority=6
tob_nylocas_incoming_melee_hard	10791	1800	seq	9141	npc_araxyte01_death	18	4.0	f1:9371:araxxor_mirror_back_minion_death_01;f4:9370:araxxor_mirror_back_minion_death_impact_01	unknown	rig	on the rig, name is the Araxxor araxyte: not a candidate; framestep=1 forcedpriority=10
tob_nylocas_incoming_melee_hard	10791	1800	seq	11494	npc_araxyte02_idle	12	2.0		unknown	rig	on the rig, name is the Araxxor araxyte: not a candidate; forcedpriority=4
tob_nylocas_incoming_melee_hard	10791	1800	seq	11495	npc_araxyte02_walk	12	1.0		unknown	rig	on the rig, name is the Araxxor araxyte: not a candidate; forcedpriority=5
tob_nylocas_incoming_melee_hard	10791	1800	seq	11496	npc_araxyte02_walk_fast	12	0.6		unknown	rig	on the rig, name is the Araxxor araxyte: not a candidate; forcedpriority=5
tob_nylocas_incoming_melee_hard	10791	1800	seq	11497	npc_araxyte02_attack	18	2.0		unknown	rig	on the rig, name is the Araxxor araxyte: not a candidate; forcedpriority=6
tob_nylocas_incoming_melee_hard	10791	1800	seq	11498	npc_araxyte_acidic_01_attack	18	2.0	f2:9381:araxxor_acidic_minion_attack_03;f7:9381:araxxor_acidic_minion_attack_03	unknown	rig	on the rig, name is the Araxxor araxyte: not a candidate; forcedpriority=6
tob_nylocas_incoming_melee_hard	10791	1800	seq	11499	npc_araxyte_acidic_02_attack	18	2.0	f2:9381:araxxor_acidic_minion_attack_03;f7:9381:araxxor_acidic_minion_attack_03	unknown	rig	on the rig, name is the Araxxor araxyte: not a candidate; forcedpriority=6
tob_nylocas_incoming_melee_hard	10791	1800	seq	11500	npc_araxyte_mirror_back_01_attack	18	2.0	f2:9372:araxxor_mirror_back_minion_attack_01_01;f7:9375:araxxor_mirror_back_minion_attack_02_01	unknown	rig	on the rig, name is the Araxxor araxyte: not a candidate; forcedpriority=6
tob_nylocas_incoming_melee_hard	10791	1800	seq	11501	npc_araxyte_mirror_back_02_attack	18	2.0	f2:9372:araxxor_mirror_back_minion_attack_01_01;f7:9375:araxxor_mirror_back_minion_attack_02_01	unknown	rig	on the rig, name is the Araxxor araxyte: not a candidate; forcedpriority=6
tob_nylocas_incoming_melee_hard	10791	1800	seq	11502	npc_araxyte02_death	18	4.0	f1:9371:araxxor_mirror_back_minion_death_01;f4:9370:araxxor_mirror_back_minion_death_impact_01	unknown	rig	on the rig, name is the Araxxor araxyte: not a candidate; forcedpriority=10
tob_nylocas_incoming_melee_hard	10791	1800	seq	11503	npc_araxyte02_hatch	17	2.0		unknown	rig	on the rig, name is the Araxxor araxyte: not a candidate; forcedpriority=9
tob_nylocas_incoming_melee_hard	10791	1800	seq	11504	npc_araxyte_explode	20	4.3	f1:9382:araxxor_acidic_minion_explosion_01	unknown	rig	on the rig, name is the Araxxor araxyte: not a candidate
tob_nylocas_incoming_melee_hard	10791	1800	seq	11510	npc_araxyte_mirror_back_death	18	4.0	f1:9371:araxxor_mirror_back_minion_death_01;f4:9370:araxxor_mirror_back_minion_death_impact_01	unknown	rig	on the rig, name is the Araxxor araxyte: not a candidate; framestep=1 forcedpriority=10
tob_nylocas_incoming_melee_hard	10791	1800	seq	14387	top_spider_melee_attack_quiet	18	2.0	f6:11556:synth_11556	attack	rig+name	quiet variant; forcedpriority=6 verticaloffset=4
tob_nylocas_incoming_melee_hard	10791	1800	seq	14388	top_spider_melee_death_quiet	27	4.3	f1:11558:synth_11558;f7:11557:synth_11557;f8:11559:synth_11559	death	rig+name	quiet variant; framestep=1 forcedpriority=10 verticaloffset=4
tob_nylocas_incoming_melee_hard	10791	1832	seq	8073	nylocas_pillar_precollapse	1	0.2		unknown	name	name word match only, off this npc's rig (framemap 1832); framestep=1
tob_nylocas_incoming_melee_hard	10791	1832	seq	8074	nylocas_pillar_collapse	26	4.0		unknown	name	name word match only, off this npc's rig (framemap 1832); framestep=1
tob_nylocas_incoming_melee_hard	10791	1810	seq	14381	nylocas_queen_idle	24	4.0		unknown	name	name word match only, off this npc's rig (framemap 1810); forcedpriority=4 verticaloffset=3
tob_nylocas_incoming_melee_hard	10791	1810	seq	14382	nylocas_queen_walk	72	9.0		unknown	name	name word match only, off this npc's rig (framemap 1810); forcedpriority=5 verticaloffset=3
tob_nylocas_incoming_melee_hard	10791	1810	seq	14383	nylocas_queen_melee	23	3.0	f1:3957:tob_verzik_spider_attack_melee_cry;f13:3936:tob_verzik_spider_attack_melee	unknown	name	name word match only, off this npc's rig (framemap 1810); forcedpriority=6 precedence=2 priority=2 verticaloffset=3
tob_nylocas_incoming_melee_hard	10791	1810	seq	14384	nylocas_queen_summon	17	2.0	f1:3957:tob_verzik_spider_attack_melee_cry	unknown	name	name word match only, off this npc's rig (framemap 1810); 
tob_nylocas_incoming_melee_hard	10791	1810	seq	14385	nylocas_queen_ranged	22	2.9	f11:3990:tob_verzik_spider_attack_ranged	unknown	name	name word match only, off this npc's rig (framemap 1810); forcedpriority=6 precedence=2 priority=2 verticaloffset=3
tob_nylocas_incoming_melee_hard	10791	1810	seq	14386	nylocas_queen_magic	22	3.0	f1:3543:tob_verzik_spark_1;f9:4004:tob_verzik_spider_magic_attack	unknown	name	name word match only, off this npc's rig (framemap 1810); forcedpriority=6 precedence=2 priority=2 verticaloffset=3
tob_nylocas_incoming_ranged_hard	10792	1801	seq	7993	top_spider_ranged_idle	12	2.0		ready	bound	readyanim; verticaloffset=4
tob_nylocas_incoming_ranged_hard	10792	1801	seq	7997	top_spider_ranged_walk	12	1.0		walk	bound	walkanim; verticaloffset=4
tob_nylocas_incoming_ranged_hard	10792	1801	seq	7998	top_spider_ranged_death	27	4.3	f1:3978:tob_nylocas_range_death_shriek;f7:3232:tob_nylocas_range_death_bang;f8:3943:tob_nylocas_range_death_spinning	death	rig+name	framestep=1 forcedpriority=10 verticaloffset=4
tob_nylocas_incoming_ranged_hard	10792	1801	seq	7999	top_spider_ranged_attack	15	2.0	f2:3953:tob_nylocas_range_attack_projectiles_2;f10:3966:tob_nylocas_range_attack_shriek_2	attack	rig+name	forcedpriority=6 verticaloffset=4
tob_nylocas_incoming_ranged_hard	10792	1801	seq	8000	top_spider_ranged_death_detonate	47	2.0	f1:3294:tob_nylocas_deathdetonate_shriek;f6:3967:tob_nylocas_deathdetonate_bang_1;f7:3550:tob_nylocas_deathdetonate_spinning_3	special	rig+name	self-destruct; name says death_detonate; framestep=1 forcedpriority=10 verticaloffset=4
tob_nylocas_incoming_ranged_hard	10792	1801	seq	8001	top_spider_ranged_meleeattack	18	2.0	f6:3993:tob_nylocas_range_melee_attack	attack	rig+name	melee swing on a non-melee model; forcedpriority=6 verticaloffset=4
tob_nylocas_incoming_ranged_hard	10792	1801	seq	14389	top_spider_ranged_death_quiet	27	4.3	f1:11562:synth_11562;f7:11561:synth_11561;f8:11563:synth_11563	death	rig+name	quiet variant; framestep=1 forcedpriority=10 verticaloffset=4
tob_nylocas_incoming_ranged_hard	10792	1801	seq	14390	top_spider_ranged_attack_quiet	15	2.0	f2:11560:synth_11560;f10:3966:tob_nylocas_range_attack_shriek_2	attack	rig+name	quiet variant; forcedpriority=6 verticaloffset=4
tob_nylocas_incoming_ranged_hard	10792	1801	seq	14391	top_spider_ranged_meleeattack_quiet	18	2.0	f6:11564:synth_11564	attack	rig+name	melee swing on a non-melee model; forcedpriority=6 verticaloffset=4
tob_nylocas_incoming_ranged_hard	10792	1832	seq	8073	nylocas_pillar_precollapse	1	0.2		unknown	name	name word match only, off this npc's rig (framemap 1832); framestep=1
tob_nylocas_incoming_ranged_hard	10792	1832	seq	8074	nylocas_pillar_collapse	26	4.0		unknown	name	name word match only, off this npc's rig (framemap 1832); framestep=1
tob_nylocas_incoming_ranged_hard	10792	1810	seq	14381	nylocas_queen_idle	24	4.0		unknown	name	name word match only, off this npc's rig (framemap 1810); forcedpriority=4 verticaloffset=3
tob_nylocas_incoming_ranged_hard	10792	1810	seq	14382	nylocas_queen_walk	72	9.0		unknown	name	name word match only, off this npc's rig (framemap 1810); forcedpriority=5 verticaloffset=3
tob_nylocas_incoming_ranged_hard	10792	1810	seq	14383	nylocas_queen_melee	23	3.0	f1:3957:tob_verzik_spider_attack_melee_cry;f13:3936:tob_verzik_spider_attack_melee	unknown	name	name word match only, off this npc's rig (framemap 1810); forcedpriority=6 precedence=2 priority=2 verticaloffset=3
tob_nylocas_incoming_ranged_hard	10792	1810	seq	14384	nylocas_queen_summon	17	2.0	f1:3957:tob_verzik_spider_attack_melee_cry	unknown	name	name word match only, off this npc's rig (framemap 1810); 
tob_nylocas_incoming_ranged_hard	10792	1810	seq	14385	nylocas_queen_ranged	22	2.9	f11:3990:tob_verzik_spider_attack_ranged	unknown	name	name word match only, off this npc's rig (framemap 1810); forcedpriority=6 precedence=2 priority=2 verticaloffset=3
tob_nylocas_incoming_ranged_hard	10792	1810	seq	14386	nylocas_queen_magic	22	3.0	f1:3543:tob_verzik_spark_1;f9:4004:tob_verzik_spider_magic_attack	unknown	name	name word match only, off this npc's rig (framemap 1810); forcedpriority=6 precedence=2 priority=2 verticaloffset=3
tob_nylocas_incoming_magic_hard	10793	1799	seq	7987	top_spider_magic_walk	24	2.0		walk	bound	walkanim; verticaloffset=4
tob_nylocas_incoming_magic_hard	10793	1799	seq	7988	top_spider_magic_idle	30	4.0		ready	bound	readyanim; verticaloffset=4
tob_nylocas_incoming_magic_hard	10793	1799	seq	7989	top_spider_magic_attack	19	2.0	f6:4006:tob_nylocas_magic_attack_5;f9:4006:tob_nylocas_magic_attack_5	attack	rig+name	stretches=yes forcedpriority=6 verticaloffset=4
tob_nylocas_incoming_magic_hard	10793	1799	seq	7990	top_spider_magic_meleeattack	18	2.0	f6:3982:tob_magic_melee_attack	attack	rig+name	melee swing on a non-melee model; forcedpriority=6 verticaloffset=4
tob_nylocas_incoming_magic_hard	10793	1799	seq	7991	top_spider_magic_death	30	4.3	f1:4010:tob_magic_death_shriek;f7:3289:tob_magic_death_bang;f8:3984:tob_magic_death_spinning	death	rig+name	framestep=1 forcedpriority=10 verticaloffset=4
tob_nylocas_incoming_magic_hard	10793	1799	seq	7992	top_spider_magic_death_detonate	50	2.0	f1:3294:tob_nylocas_deathdetonate_shriek;f6:3967:tob_nylocas_deathdetonate_bang_1;f7:3550:tob_nylocas_deathdetonate_spinning_3	special	rig+name	self-destruct; name says death_detonate; framestep=1 forcedpriority=10 verticaloffset=4
tob_nylocas_incoming_magic_hard	10793	1799	seq	14392	top_spider_magic_attack_quiet	19	2.0	f6:11555:synth_11555;f9:11555:synth_11555	attack	rig+name	quiet variant; stretches=yes forcedpriority=6 verticaloffset=4
tob_nylocas_incoming_magic_hard	10793	1799	seq	14393	top_spider_magic_meleeattack_quiet	18	2.0	f6:11554:synth_11554	attack	rig+name	melee swing on a non-melee model; forcedpriority=6 verticaloffset=4
tob_nylocas_incoming_magic_hard	10793	1799	seq	14394	top_spider_magic_death_quiet	30	4.3	f1:11552:synth_11552;f7:11551:synth_11551;f8:11553:synth_11553	death	rig+name	quiet variant; framestep=1 forcedpriority=10 verticaloffset=4
tob_nylocas_incoming_magic_hard	10793	1832	seq	8073	nylocas_pillar_precollapse	1	0.2		unknown	name	name word match only, off this npc's rig (framemap 1832); framestep=1
tob_nylocas_incoming_magic_hard	10793	1832	seq	8074	nylocas_pillar_collapse	26	4.0		unknown	name	name word match only, off this npc's rig (framemap 1832); framestep=1
tob_nylocas_incoming_magic_hard	10793	1810	seq	14381	nylocas_queen_idle	24	4.0		unknown	name	name word match only, off this npc's rig (framemap 1810); forcedpriority=4 verticaloffset=3
tob_nylocas_incoming_magic_hard	10793	1810	seq	14382	nylocas_queen_walk	72	9.0		unknown	name	name word match only, off this npc's rig (framemap 1810); forcedpriority=5 verticaloffset=3
tob_nylocas_incoming_magic_hard	10793	1810	seq	14383	nylocas_queen_melee	23	3.0	f1:3957:tob_verzik_spider_attack_melee_cry;f13:3936:tob_verzik_spider_attack_melee	unknown	name	name word match only, off this npc's rig (framemap 1810); forcedpriority=6 precedence=2 priority=2 verticaloffset=3
tob_nylocas_incoming_magic_hard	10793	1810	seq	14384	nylocas_queen_summon	17	2.0	f1:3957:tob_verzik_spider_attack_melee_cry	unknown	name	name word match only, off this npc's rig (framemap 1810); 
tob_nylocas_incoming_magic_hard	10793	1810	seq	14385	nylocas_queen_ranged	22	2.9	f11:3990:tob_verzik_spider_attack_ranged	unknown	name	name word match only, off this npc's rig (framemap 1810); forcedpriority=6 precedence=2 priority=2 verticaloffset=3
tob_nylocas_incoming_magic_hard	10793	1810	seq	14386	nylocas_queen_magic	22	3.0	f1:3543:tob_verzik_spark_1;f9:4004:tob_verzik_spider_magic_attack	unknown	name	name word match only, off this npc's rig (framemap 1810); forcedpriority=6 precedence=2 priority=2 verticaloffset=3
tob_nylocas_big_incoming_melee_hard	10794	1800	seq	4410	hosdun_spider_boss_attack_ranged	15	2.0		unknown	rig	on the rig, name is the Hosdun spider boss: not a candidate; verticaloffset=4
tob_nylocas_big_incoming_melee_hard	10794	1800	seq	8002	top_spider_melee_idle	12	2.0		ready	bound	readyanim; verticaloffset=4
tob_nylocas_big_incoming_melee_hard	10794	1800	seq	8003	top_spider_melee_walk	12	1.0		walk	bound	walkanim; verticaloffset=4
tob_nylocas_big_incoming_melee_hard	10794	1800	seq	8004	top_spider_melee_attack	18	2.0	f6:3932:tob_nylocas_melee_attack_2	attack	rig+name	forcedpriority=6 verticaloffset=4
tob_nylocas_big_incoming_melee_hard	10794	1800	seq	8005	top_spider_melee_death	27	4.3	f1:3980:tob_nylocas_melee_death_shriek_2;f7:4011:tob_nylocas_melee_death_bang_1;f8:3992:tob_nylocas_melee_death_spinning_4	death	rig+name	framestep=1 forcedpriority=10 verticaloffset=4
tob_nylocas_big_incoming_melee_hard	10794	1800	seq	8006	top_spider_melee_death_detonate	47	2.0	f1:3294:tob_nylocas_deathdetonate_shriek;f6:3967:tob_nylocas_deathdetonate_bang_1;f7:3550:tob_nylocas_deathdetonate_spinning_3	special	rig+name	self-destruct; name says death_detonate; framestep=1 forcedpriority=10 verticaloffset=4
tob_nylocas_big_incoming_melee_hard	10794	1800	seq	8075	top_spider_melee_spawn	16	2.0	f1:3546:tob_nylocas_web_spawn	spawn	rig+name	forcedpriority=10 verticaloffset=4
tob_nylocas_big_incoming_melee_hard	10794	1800	seq	8147	hosdun_spider_boss_attack_melee	18	2.0		unknown	rig	on the rig, name is the Hosdun spider boss: not a candidate; verticaloffset=4
tob_nylocas_big_incoming_melee_hard	10794	1800	seq	8318	hosdun_spider_boss_death	36	7.0		unknown	rig	on the rig, name is the Hosdun spider boss: not a candidate; framestep=1 forcedpriority=10 verticaloffset=4
tob_nylocas_big_incoming_melee_hard	10794	1800	seq	8319	hodsun_spider_boss_walk	12	1.0		unknown	rig	on the rig, name is the Hosdun spider boss: not a candidate; verticaloffset=4
tob_nylocas_big_incoming_melee_hard	10794	1800	seq	8320	hosdun_spider_boss_idle	12	2.0		unknown	rig	on the rig, name is the Hosdun spider boss: not a candidate; verticaloffset=4
tob_nylocas_big_incoming_melee_hard	10794	1800	seq	8338	sote_gauntlet_spider_death	18	3.0		unknown	rig	on the rig, name is the Sotetseg gauntlet spider: not a candidate; forcedpriority=11 verticaloffset=4
tob_nylocas_big_incoming_melee_hard	10794	1800	seq	8339	sote_gauntlet_spider_attack_melee	18	2.0		unknown	rig	on the rig, name is the Sotetseg gauntlet spider: not a candidate; forcedpriority=6 verticaloffset=4
tob_nylocas_big_incoming_melee_hard	10794	1800	seq	8340	sote_gauntlet_spider_idle	12	2.0		unknown	rig	on the rig, name is the Sotetseg gauntlet spider: not a candidate; forcedpriority=4 verticaloffset=4
tob_nylocas_big_incoming_melee_hard	10794	1800	seq	8341	sote_gauntlet_spider_walk	12	1.0		unknown	rig	on the rig, name is the Sotetseg gauntlet spider: not a candidate; forcedpriority=5 verticaloffset=4
tob_nylocas_big_incoming_melee_hard	10794	1800	seq	8425	crystal_spider_attack	18	2.0		unknown	rig	on the rig, name is the crystal spider: not a candidate; forcedpriority=6 verticaloffset=4
tob_nylocas_big_incoming_melee_hard	10794	1800	seq	8426	crystal_spider_death	47	2.0		unknown	rig	on the rig, name is the crystal spider: not a candidate; framestep=1 forcedpriority=10 verticaloffset=4
tob_nylocas_big_incoming_melee_hard	10794	1800	seq	9030	top_spider_melee_spawn_noloop	16	2.0	f1:3546:tob_nylocas_web_spawn	spawn	rig+name	forcedpriority=10 verticaloffset=4
tob_nylocas_big_incoming_melee_hard	10794	1800	seq	9136	hodsun_spider_boss_walk_small	12	0.6		unknown	rig	on the rig, name is the Hosdun spider boss: not a candidate; verticaloffset=4
tob_nylocas_big_incoming_melee_hard	10794	1800	seq	9137	npc_araxyte01_idle	12	2.0		unknown	rig	on the rig, name is the Araxxor araxyte: not a candidate; forcedpriority=4
tob_nylocas_big_incoming_melee_hard	10794	1800	seq	9138	npc_araxyte01_walk	12	1.0		unknown	rig	on the rig, name is the Araxxor araxyte: not a candidate; forcedpriority=5
tob_nylocas_big_incoming_melee_hard	10794	1800	seq	9139	npc_araxyte01_walk_fast	12	0.6		unknown	rig	on the rig, name is the Araxxor araxyte: not a candidate; forcedpriority=5
tob_nylocas_big_incoming_melee_hard	10794	1800	seq	9140	npc_araxyte01_attack	18	2.0		unknown	rig	on the rig, name is the Araxxor araxyte: not a candidate; forcedpriority=6
tob_nylocas_big_incoming_melee_hard	10794	1800	seq	9141	npc_araxyte01_death	18	4.0	f1:9371:araxxor_mirror_back_minion_death_01;f4:9370:araxxor_mirror_back_minion_death_impact_01	unknown	rig	on the rig, name is the Araxxor araxyte: not a candidate; framestep=1 forcedpriority=10
tob_nylocas_big_incoming_melee_hard	10794	1800	seq	11494	npc_araxyte02_idle	12	2.0		unknown	rig	on the rig, name is the Araxxor araxyte: not a candidate; forcedpriority=4
tob_nylocas_big_incoming_melee_hard	10794	1800	seq	11495	npc_araxyte02_walk	12	1.0		unknown	rig	on the rig, name is the Araxxor araxyte: not a candidate; forcedpriority=5
tob_nylocas_big_incoming_melee_hard	10794	1800	seq	11496	npc_araxyte02_walk_fast	12	0.6		unknown	rig	on the rig, name is the Araxxor araxyte: not a candidate; forcedpriority=5
tob_nylocas_big_incoming_melee_hard	10794	1800	seq	11497	npc_araxyte02_attack	18	2.0		unknown	rig	on the rig, name is the Araxxor araxyte: not a candidate; forcedpriority=6
tob_nylocas_big_incoming_melee_hard	10794	1800	seq	11498	npc_araxyte_acidic_01_attack	18	2.0	f2:9381:araxxor_acidic_minion_attack_03;f7:9381:araxxor_acidic_minion_attack_03	unknown	rig	on the rig, name is the Araxxor araxyte: not a candidate; forcedpriority=6
tob_nylocas_big_incoming_melee_hard	10794	1800	seq	11499	npc_araxyte_acidic_02_attack	18	2.0	f2:9381:araxxor_acidic_minion_attack_03;f7:9381:araxxor_acidic_minion_attack_03	unknown	rig	on the rig, name is the Araxxor araxyte: not a candidate; forcedpriority=6
tob_nylocas_big_incoming_melee_hard	10794	1800	seq	11500	npc_araxyte_mirror_back_01_attack	18	2.0	f2:9372:araxxor_mirror_back_minion_attack_01_01;f7:9375:araxxor_mirror_back_minion_attack_02_01	unknown	rig	on the rig, name is the Araxxor araxyte: not a candidate; forcedpriority=6
tob_nylocas_big_incoming_melee_hard	10794	1800	seq	11501	npc_araxyte_mirror_back_02_attack	18	2.0	f2:9372:araxxor_mirror_back_minion_attack_01_01;f7:9375:araxxor_mirror_back_minion_attack_02_01	unknown	rig	on the rig, name is the Araxxor araxyte: not a candidate; forcedpriority=6
tob_nylocas_big_incoming_melee_hard	10794	1800	seq	11502	npc_araxyte02_death	18	4.0	f1:9371:araxxor_mirror_back_minion_death_01;f4:9370:araxxor_mirror_back_minion_death_impact_01	unknown	rig	on the rig, name is the Araxxor araxyte: not a candidate; forcedpriority=10
tob_nylocas_big_incoming_melee_hard	10794	1800	seq	11503	npc_araxyte02_hatch	17	2.0		unknown	rig	on the rig, name is the Araxxor araxyte: not a candidate; forcedpriority=9
tob_nylocas_big_incoming_melee_hard	10794	1800	seq	11504	npc_araxyte_explode	20	4.3	f1:9382:araxxor_acidic_minion_explosion_01	unknown	rig	on the rig, name is the Araxxor araxyte: not a candidate
tob_nylocas_big_incoming_melee_hard	10794	1800	seq	11510	npc_araxyte_mirror_back_death	18	4.0	f1:9371:araxxor_mirror_back_minion_death_01;f4:9370:araxxor_mirror_back_minion_death_impact_01	unknown	rig	on the rig, name is the Araxxor araxyte: not a candidate; framestep=1 forcedpriority=10
tob_nylocas_big_incoming_melee_hard	10794	1800	seq	14387	top_spider_melee_attack_quiet	18	2.0	f6:11556:synth_11556	attack	rig+name	quiet variant; forcedpriority=6 verticaloffset=4
tob_nylocas_big_incoming_melee_hard	10794	1800	seq	14388	top_spider_melee_death_quiet	27	4.3	f1:11558:synth_11558;f7:11557:synth_11557;f8:11559:synth_11559	death	rig+name	quiet variant; framestep=1 forcedpriority=10 verticaloffset=4
tob_nylocas_big_incoming_melee_hard	10794	1832	seq	8073	nylocas_pillar_precollapse	1	0.2		unknown	name	name word match only, off this npc's rig (framemap 1832); framestep=1
tob_nylocas_big_incoming_melee_hard	10794	1832	seq	8074	nylocas_pillar_collapse	26	4.0		unknown	name	name word match only, off this npc's rig (framemap 1832); framestep=1
tob_nylocas_big_incoming_melee_hard	10794	1810	seq	14381	nylocas_queen_idle	24	4.0		unknown	name	name word match only, off this npc's rig (framemap 1810); forcedpriority=4 verticaloffset=3
tob_nylocas_big_incoming_melee_hard	10794	1810	seq	14382	nylocas_queen_walk	72	9.0		unknown	name	name word match only, off this npc's rig (framemap 1810); forcedpriority=5 verticaloffset=3
tob_nylocas_big_incoming_melee_hard	10794	1810	seq	14383	nylocas_queen_melee	23	3.0	f1:3957:tob_verzik_spider_attack_melee_cry;f13:3936:tob_verzik_spider_attack_melee	unknown	name	name word match only, off this npc's rig (framemap 1810); forcedpriority=6 precedence=2 priority=2 verticaloffset=3
tob_nylocas_big_incoming_melee_hard	10794	1810	seq	14384	nylocas_queen_summon	17	2.0	f1:3957:tob_verzik_spider_attack_melee_cry	unknown	name	name word match only, off this npc's rig (framemap 1810); 
tob_nylocas_big_incoming_melee_hard	10794	1810	seq	14385	nylocas_queen_ranged	22	2.9	f11:3990:tob_verzik_spider_attack_ranged	unknown	name	name word match only, off this npc's rig (framemap 1810); forcedpriority=6 precedence=2 priority=2 verticaloffset=3
tob_nylocas_big_incoming_melee_hard	10794	1810	seq	14386	nylocas_queen_magic	22	3.0	f1:3543:tob_verzik_spark_1;f9:4004:tob_verzik_spider_magic_attack	unknown	name	name word match only, off this npc's rig (framemap 1810); forcedpriority=6 precedence=2 priority=2 verticaloffset=3
tob_nylocas_big_incoming_ranged_hard	10795	1801	seq	7993	top_spider_ranged_idle	12	2.0		ready	bound	readyanim; verticaloffset=4
tob_nylocas_big_incoming_ranged_hard	10795	1801	seq	7997	top_spider_ranged_walk	12	1.0		walk	bound	walkanim; verticaloffset=4
tob_nylocas_big_incoming_ranged_hard	10795	1801	seq	7998	top_spider_ranged_death	27	4.3	f1:3978:tob_nylocas_range_death_shriek;f7:3232:tob_nylocas_range_death_bang;f8:3943:tob_nylocas_range_death_spinning	death	rig+name	framestep=1 forcedpriority=10 verticaloffset=4
tob_nylocas_big_incoming_ranged_hard	10795	1801	seq	7999	top_spider_ranged_attack	15	2.0	f2:3953:tob_nylocas_range_attack_projectiles_2;f10:3966:tob_nylocas_range_attack_shriek_2	attack	rig+name	forcedpriority=6 verticaloffset=4
tob_nylocas_big_incoming_ranged_hard	10795	1801	seq	8000	top_spider_ranged_death_detonate	47	2.0	f1:3294:tob_nylocas_deathdetonate_shriek;f6:3967:tob_nylocas_deathdetonate_bang_1;f7:3550:tob_nylocas_deathdetonate_spinning_3	special	rig+name	self-destruct; name says death_detonate; framestep=1 forcedpriority=10 verticaloffset=4
tob_nylocas_big_incoming_ranged_hard	10795	1801	seq	8001	top_spider_ranged_meleeattack	18	2.0	f6:3993:tob_nylocas_range_melee_attack	attack	rig+name	melee swing on a non-melee model; forcedpriority=6 verticaloffset=4
tob_nylocas_big_incoming_ranged_hard	10795	1801	seq	14389	top_spider_ranged_death_quiet	27	4.3	f1:11562:synth_11562;f7:11561:synth_11561;f8:11563:synth_11563	death	rig+name	quiet variant; framestep=1 forcedpriority=10 verticaloffset=4
tob_nylocas_big_incoming_ranged_hard	10795	1801	seq	14390	top_spider_ranged_attack_quiet	15	2.0	f2:11560:synth_11560;f10:3966:tob_nylocas_range_attack_shriek_2	attack	rig+name	quiet variant; forcedpriority=6 verticaloffset=4
tob_nylocas_big_incoming_ranged_hard	10795	1801	seq	14391	top_spider_ranged_meleeattack_quiet	18	2.0	f6:11564:synth_11564	attack	rig+name	melee swing on a non-melee model; forcedpriority=6 verticaloffset=4
tob_nylocas_big_incoming_ranged_hard	10795	1832	seq	8073	nylocas_pillar_precollapse	1	0.2		unknown	name	name word match only, off this npc's rig (framemap 1832); framestep=1
tob_nylocas_big_incoming_ranged_hard	10795	1832	seq	8074	nylocas_pillar_collapse	26	4.0		unknown	name	name word match only, off this npc's rig (framemap 1832); framestep=1
tob_nylocas_big_incoming_ranged_hard	10795	1810	seq	14381	nylocas_queen_idle	24	4.0		unknown	name	name word match only, off this npc's rig (framemap 1810); forcedpriority=4 verticaloffset=3
tob_nylocas_big_incoming_ranged_hard	10795	1810	seq	14382	nylocas_queen_walk	72	9.0		unknown	name	name word match only, off this npc's rig (framemap 1810); forcedpriority=5 verticaloffset=3
tob_nylocas_big_incoming_ranged_hard	10795	1810	seq	14383	nylocas_queen_melee	23	3.0	f1:3957:tob_verzik_spider_attack_melee_cry;f13:3936:tob_verzik_spider_attack_melee	unknown	name	name word match only, off this npc's rig (framemap 1810); forcedpriority=6 precedence=2 priority=2 verticaloffset=3
tob_nylocas_big_incoming_ranged_hard	10795	1810	seq	14384	nylocas_queen_summon	17	2.0	f1:3957:tob_verzik_spider_attack_melee_cry	unknown	name	name word match only, off this npc's rig (framemap 1810); 
tob_nylocas_big_incoming_ranged_hard	10795	1810	seq	14385	nylocas_queen_ranged	22	2.9	f11:3990:tob_verzik_spider_attack_ranged	unknown	name	name word match only, off this npc's rig (framemap 1810); forcedpriority=6 precedence=2 priority=2 verticaloffset=3
tob_nylocas_big_incoming_ranged_hard	10795	1810	seq	14386	nylocas_queen_magic	22	3.0	f1:3543:tob_verzik_spark_1;f9:4004:tob_verzik_spider_magic_attack	unknown	name	name word match only, off this npc's rig (framemap 1810); forcedpriority=6 precedence=2 priority=2 verticaloffset=3
tob_nylocas_big_incoming_magic_hard	10796	1799	seq	7987	top_spider_magic_walk	24	2.0		walk	bound	walkanim; verticaloffset=4
tob_nylocas_big_incoming_magic_hard	10796	1799	seq	7988	top_spider_magic_idle	30	4.0		ready	bound	readyanim; verticaloffset=4
tob_nylocas_big_incoming_magic_hard	10796	1799	seq	7989	top_spider_magic_attack	19	2.0	f6:4006:tob_nylocas_magic_attack_5;f9:4006:tob_nylocas_magic_attack_5	attack	rig+name	stretches=yes forcedpriority=6 verticaloffset=4
tob_nylocas_big_incoming_magic_hard	10796	1799	seq	7990	top_spider_magic_meleeattack	18	2.0	f6:3982:tob_magic_melee_attack	attack	rig+name	melee swing on a non-melee model; forcedpriority=6 verticaloffset=4
tob_nylocas_big_incoming_magic_hard	10796	1799	seq	7991	top_spider_magic_death	30	4.3	f1:4010:tob_magic_death_shriek;f7:3289:tob_magic_death_bang;f8:3984:tob_magic_death_spinning	death	rig+name	framestep=1 forcedpriority=10 verticaloffset=4
tob_nylocas_big_incoming_magic_hard	10796	1799	seq	7992	top_spider_magic_death_detonate	50	2.0	f1:3294:tob_nylocas_deathdetonate_shriek;f6:3967:tob_nylocas_deathdetonate_bang_1;f7:3550:tob_nylocas_deathdetonate_spinning_3	special	rig+name	self-destruct; name says death_detonate; framestep=1 forcedpriority=10 verticaloffset=4
tob_nylocas_big_incoming_magic_hard	10796	1799	seq	14392	top_spider_magic_attack_quiet	19	2.0	f6:11555:synth_11555;f9:11555:synth_11555	attack	rig+name	quiet variant; stretches=yes forcedpriority=6 verticaloffset=4
tob_nylocas_big_incoming_magic_hard	10796	1799	seq	14393	top_spider_magic_meleeattack_quiet	18	2.0	f6:11554:synth_11554	attack	rig+name	melee swing on a non-melee model; forcedpriority=6 verticaloffset=4
tob_nylocas_big_incoming_magic_hard	10796	1799	seq	14394	top_spider_magic_death_quiet	30	4.3	f1:11552:synth_11552;f7:11551:synth_11551;f8:11553:synth_11553	death	rig+name	quiet variant; framestep=1 forcedpriority=10 verticaloffset=4
tob_nylocas_big_incoming_magic_hard	10796	1832	seq	8073	nylocas_pillar_precollapse	1	0.2		unknown	name	name word match only, off this npc's rig (framemap 1832); framestep=1
tob_nylocas_big_incoming_magic_hard	10796	1832	seq	8074	nylocas_pillar_collapse	26	4.0		unknown	name	name word match only, off this npc's rig (framemap 1832); framestep=1
tob_nylocas_big_incoming_magic_hard	10796	1810	seq	14381	nylocas_queen_idle	24	4.0		unknown	name	name word match only, off this npc's rig (framemap 1810); forcedpriority=4 verticaloffset=3
tob_nylocas_big_incoming_magic_hard	10796	1810	seq	14382	nylocas_queen_walk	72	9.0		unknown	name	name word match only, off this npc's rig (framemap 1810); forcedpriority=5 verticaloffset=3
tob_nylocas_big_incoming_magic_hard	10796	1810	seq	14383	nylocas_queen_melee	23	3.0	f1:3957:tob_verzik_spider_attack_melee_cry;f13:3936:tob_verzik_spider_attack_melee	unknown	name	name word match only, off this npc's rig (framemap 1810); forcedpriority=6 precedence=2 priority=2 verticaloffset=3
tob_nylocas_big_incoming_magic_hard	10796	1810	seq	14384	nylocas_queen_summon	17	2.0	f1:3957:tob_verzik_spider_attack_melee_cry	unknown	name	name word match only, off this npc's rig (framemap 1810); 
tob_nylocas_big_incoming_magic_hard	10796	1810	seq	14385	nylocas_queen_ranged	22	2.9	f11:3990:tob_verzik_spider_attack_ranged	unknown	name	name word match only, off this npc's rig (framemap 1810); forcedpriority=6 precedence=2 priority=2 verticaloffset=3
tob_nylocas_big_incoming_magic_hard	10796	1810	seq	14386	nylocas_queen_magic	22	3.0	f1:3543:tob_verzik_spark_1;f9:4004:tob_verzik_spider_magic_attack	unknown	name	name word match only, off this npc's rig (framemap 1810); forcedpriority=6 precedence=2 priority=2 verticaloffset=3
tob_nylocas_fighting_melee_hard	10797	1800	seq	4410	hosdun_spider_boss_attack_ranged	15	2.0		unknown	rig	on the rig, name is the Hosdun spider boss: not a candidate; verticaloffset=4
tob_nylocas_fighting_melee_hard	10797	1800	seq	8002	top_spider_melee_idle	12	2.0		ready	bound	readyanim; verticaloffset=4
tob_nylocas_fighting_melee_hard	10797	1800	seq	8003	top_spider_melee_walk	12	1.0		walk	bound	walkanim; verticaloffset=4
tob_nylocas_fighting_melee_hard	10797	1800	seq	8004	top_spider_melee_attack	18	2.0	f6:3932:tob_nylocas_melee_attack_2	attack	rig+name	forcedpriority=6 verticaloffset=4
tob_nylocas_fighting_melee_hard	10797	1800	seq	8005	top_spider_melee_death	27	4.3	f1:3980:tob_nylocas_melee_death_shriek_2;f7:4011:tob_nylocas_melee_death_bang_1;f8:3992:tob_nylocas_melee_death_spinning_4	death	rig+name	framestep=1 forcedpriority=10 verticaloffset=4
tob_nylocas_fighting_melee_hard	10797	1800	seq	8006	top_spider_melee_death_detonate	47	2.0	f1:3294:tob_nylocas_deathdetonate_shriek;f6:3967:tob_nylocas_deathdetonate_bang_1;f7:3550:tob_nylocas_deathdetonate_spinning_3	special	rig+name	self-destruct; name says death_detonate; framestep=1 forcedpriority=10 verticaloffset=4
tob_nylocas_fighting_melee_hard	10797	1800	seq	8075	top_spider_melee_spawn	16	2.0	f1:3546:tob_nylocas_web_spawn	spawn	rig+name	forcedpriority=10 verticaloffset=4
tob_nylocas_fighting_melee_hard	10797	1800	seq	8147	hosdun_spider_boss_attack_melee	18	2.0		unknown	rig	on the rig, name is the Hosdun spider boss: not a candidate; verticaloffset=4
tob_nylocas_fighting_melee_hard	10797	1800	seq	8318	hosdun_spider_boss_death	36	7.0		unknown	rig	on the rig, name is the Hosdun spider boss: not a candidate; framestep=1 forcedpriority=10 verticaloffset=4
tob_nylocas_fighting_melee_hard	10797	1800	seq	8319	hodsun_spider_boss_walk	12	1.0		unknown	rig	on the rig, name is the Hosdun spider boss: not a candidate; verticaloffset=4
tob_nylocas_fighting_melee_hard	10797	1800	seq	8320	hosdun_spider_boss_idle	12	2.0		unknown	rig	on the rig, name is the Hosdun spider boss: not a candidate; verticaloffset=4
tob_nylocas_fighting_melee_hard	10797	1800	seq	8338	sote_gauntlet_spider_death	18	3.0		unknown	rig	on the rig, name is the Sotetseg gauntlet spider: not a candidate; forcedpriority=11 verticaloffset=4
tob_nylocas_fighting_melee_hard	10797	1800	seq	8339	sote_gauntlet_spider_attack_melee	18	2.0		unknown	rig	on the rig, name is the Sotetseg gauntlet spider: not a candidate; forcedpriority=6 verticaloffset=4
tob_nylocas_fighting_melee_hard	10797	1800	seq	8340	sote_gauntlet_spider_idle	12	2.0		unknown	rig	on the rig, name is the Sotetseg gauntlet spider: not a candidate; forcedpriority=4 verticaloffset=4
tob_nylocas_fighting_melee_hard	10797	1800	seq	8341	sote_gauntlet_spider_walk	12	1.0		unknown	rig	on the rig, name is the Sotetseg gauntlet spider: not a candidate; forcedpriority=5 verticaloffset=4
tob_nylocas_fighting_melee_hard	10797	1800	seq	8425	crystal_spider_attack	18	2.0		unknown	rig	on the rig, name is the crystal spider: not a candidate; forcedpriority=6 verticaloffset=4
tob_nylocas_fighting_melee_hard	10797	1800	seq	8426	crystal_spider_death	47	2.0		unknown	rig	on the rig, name is the crystal spider: not a candidate; framestep=1 forcedpriority=10 verticaloffset=4
tob_nylocas_fighting_melee_hard	10797	1800	seq	9030	top_spider_melee_spawn_noloop	16	2.0	f1:3546:tob_nylocas_web_spawn	spawn	rig+name	forcedpriority=10 verticaloffset=4
tob_nylocas_fighting_melee_hard	10797	1800	seq	9136	hodsun_spider_boss_walk_small	12	0.6		unknown	rig	on the rig, name is the Hosdun spider boss: not a candidate; verticaloffset=4
tob_nylocas_fighting_melee_hard	10797	1800	seq	9137	npc_araxyte01_idle	12	2.0		unknown	rig	on the rig, name is the Araxxor araxyte: not a candidate; forcedpriority=4
tob_nylocas_fighting_melee_hard	10797	1800	seq	9138	npc_araxyte01_walk	12	1.0		unknown	rig	on the rig, name is the Araxxor araxyte: not a candidate; forcedpriority=5
tob_nylocas_fighting_melee_hard	10797	1800	seq	9139	npc_araxyte01_walk_fast	12	0.6		unknown	rig	on the rig, name is the Araxxor araxyte: not a candidate; forcedpriority=5
tob_nylocas_fighting_melee_hard	10797	1800	seq	9140	npc_araxyte01_attack	18	2.0		unknown	rig	on the rig, name is the Araxxor araxyte: not a candidate; forcedpriority=6
tob_nylocas_fighting_melee_hard	10797	1800	seq	9141	npc_araxyte01_death	18	4.0	f1:9371:araxxor_mirror_back_minion_death_01;f4:9370:araxxor_mirror_back_minion_death_impact_01	unknown	rig	on the rig, name is the Araxxor araxyte: not a candidate; framestep=1 forcedpriority=10
tob_nylocas_fighting_melee_hard	10797	1800	seq	11494	npc_araxyte02_idle	12	2.0		unknown	rig	on the rig, name is the Araxxor araxyte: not a candidate; forcedpriority=4
tob_nylocas_fighting_melee_hard	10797	1800	seq	11495	npc_araxyte02_walk	12	1.0		unknown	rig	on the rig, name is the Araxxor araxyte: not a candidate; forcedpriority=5
tob_nylocas_fighting_melee_hard	10797	1800	seq	11496	npc_araxyte02_walk_fast	12	0.6		unknown	rig	on the rig, name is the Araxxor araxyte: not a candidate; forcedpriority=5
tob_nylocas_fighting_melee_hard	10797	1800	seq	11497	npc_araxyte02_attack	18	2.0		unknown	rig	on the rig, name is the Araxxor araxyte: not a candidate; forcedpriority=6
tob_nylocas_fighting_melee_hard	10797	1800	seq	11498	npc_araxyte_acidic_01_attack	18	2.0	f2:9381:araxxor_acidic_minion_attack_03;f7:9381:araxxor_acidic_minion_attack_03	unknown	rig	on the rig, name is the Araxxor araxyte: not a candidate; forcedpriority=6
tob_nylocas_fighting_melee_hard	10797	1800	seq	11499	npc_araxyte_acidic_02_attack	18	2.0	f2:9381:araxxor_acidic_minion_attack_03;f7:9381:araxxor_acidic_minion_attack_03	unknown	rig	on the rig, name is the Araxxor araxyte: not a candidate; forcedpriority=6
tob_nylocas_fighting_melee_hard	10797	1800	seq	11500	npc_araxyte_mirror_back_01_attack	18	2.0	f2:9372:araxxor_mirror_back_minion_attack_01_01;f7:9375:araxxor_mirror_back_minion_attack_02_01	unknown	rig	on the rig, name is the Araxxor araxyte: not a candidate; forcedpriority=6
tob_nylocas_fighting_melee_hard	10797	1800	seq	11501	npc_araxyte_mirror_back_02_attack	18	2.0	f2:9372:araxxor_mirror_back_minion_attack_01_01;f7:9375:araxxor_mirror_back_minion_attack_02_01	unknown	rig	on the rig, name is the Araxxor araxyte: not a candidate; forcedpriority=6
tob_nylocas_fighting_melee_hard	10797	1800	seq	11502	npc_araxyte02_death	18	4.0	f1:9371:araxxor_mirror_back_minion_death_01;f4:9370:araxxor_mirror_back_minion_death_impact_01	unknown	rig	on the rig, name is the Araxxor araxyte: not a candidate; forcedpriority=10
tob_nylocas_fighting_melee_hard	10797	1800	seq	11503	npc_araxyte02_hatch	17	2.0		unknown	rig	on the rig, name is the Araxxor araxyte: not a candidate; forcedpriority=9
tob_nylocas_fighting_melee_hard	10797	1800	seq	11504	npc_araxyte_explode	20	4.3	f1:9382:araxxor_acidic_minion_explosion_01	unknown	rig	on the rig, name is the Araxxor araxyte: not a candidate
tob_nylocas_fighting_melee_hard	10797	1800	seq	11510	npc_araxyte_mirror_back_death	18	4.0	f1:9371:araxxor_mirror_back_minion_death_01;f4:9370:araxxor_mirror_back_minion_death_impact_01	unknown	rig	on the rig, name is the Araxxor araxyte: not a candidate; framestep=1 forcedpriority=10
tob_nylocas_fighting_melee_hard	10797	1800	seq	14387	top_spider_melee_attack_quiet	18	2.0	f6:11556:synth_11556	attack	rig+name	quiet variant; forcedpriority=6 verticaloffset=4
tob_nylocas_fighting_melee_hard	10797	1800	seq	14388	top_spider_melee_death_quiet	27	4.3	f1:11558:synth_11558;f7:11557:synth_11557;f8:11559:synth_11559	death	rig+name	quiet variant; framestep=1 forcedpriority=10 verticaloffset=4
tob_nylocas_fighting_melee_hard	10797	1832	seq	8073	nylocas_pillar_precollapse	1	0.2		unknown	name	name word match only, off this npc's rig (framemap 1832); framestep=1
tob_nylocas_fighting_melee_hard	10797	1832	seq	8074	nylocas_pillar_collapse	26	4.0		unknown	name	name word match only, off this npc's rig (framemap 1832); framestep=1
tob_nylocas_fighting_melee_hard	10797	1810	seq	14381	nylocas_queen_idle	24	4.0		unknown	name	name word match only, off this npc's rig (framemap 1810); forcedpriority=4 verticaloffset=3
tob_nylocas_fighting_melee_hard	10797	1810	seq	14382	nylocas_queen_walk	72	9.0		unknown	name	name word match only, off this npc's rig (framemap 1810); forcedpriority=5 verticaloffset=3
tob_nylocas_fighting_melee_hard	10797	1810	seq	14383	nylocas_queen_melee	23	3.0	f1:3957:tob_verzik_spider_attack_melee_cry;f13:3936:tob_verzik_spider_attack_melee	unknown	name	name word match only, off this npc's rig (framemap 1810); forcedpriority=6 precedence=2 priority=2 verticaloffset=3
tob_nylocas_fighting_melee_hard	10797	1810	seq	14384	nylocas_queen_summon	17	2.0	f1:3957:tob_verzik_spider_attack_melee_cry	unknown	name	name word match only, off this npc's rig (framemap 1810); 
tob_nylocas_fighting_melee_hard	10797	1810	seq	14385	nylocas_queen_ranged	22	2.9	f11:3990:tob_verzik_spider_attack_ranged	unknown	name	name word match only, off this npc's rig (framemap 1810); forcedpriority=6 precedence=2 priority=2 verticaloffset=3
tob_nylocas_fighting_melee_hard	10797	1810	seq	14386	nylocas_queen_magic	22	3.0	f1:3543:tob_verzik_spark_1;f9:4004:tob_verzik_spider_magic_attack	unknown	name	name word match only, off this npc's rig (framemap 1810); forcedpriority=6 precedence=2 priority=2 verticaloffset=3
tob_nylocas_fighting_ranged_hard	10798	1801	seq	7993	top_spider_ranged_idle	12	2.0		ready	bound	readyanim; verticaloffset=4
tob_nylocas_fighting_ranged_hard	10798	1801	seq	7997	top_spider_ranged_walk	12	1.0		walk	bound	walkanim; verticaloffset=4
tob_nylocas_fighting_ranged_hard	10798	1801	seq	7998	top_spider_ranged_death	27	4.3	f1:3978:tob_nylocas_range_death_shriek;f7:3232:tob_nylocas_range_death_bang;f8:3943:tob_nylocas_range_death_spinning	death	rig+name	framestep=1 forcedpriority=10 verticaloffset=4
tob_nylocas_fighting_ranged_hard	10798	1801	seq	7999	top_spider_ranged_attack	15	2.0	f2:3953:tob_nylocas_range_attack_projectiles_2;f10:3966:tob_nylocas_range_attack_shriek_2	attack	rig+name	forcedpriority=6 verticaloffset=4
tob_nylocas_fighting_ranged_hard	10798	1801	seq	8000	top_spider_ranged_death_detonate	47	2.0	f1:3294:tob_nylocas_deathdetonate_shriek;f6:3967:tob_nylocas_deathdetonate_bang_1;f7:3550:tob_nylocas_deathdetonate_spinning_3	special	rig+name	self-destruct; name says death_detonate; framestep=1 forcedpriority=10 verticaloffset=4
tob_nylocas_fighting_ranged_hard	10798	1801	seq	8001	top_spider_ranged_meleeattack	18	2.0	f6:3993:tob_nylocas_range_melee_attack	attack	rig+name	melee swing on a non-melee model; forcedpriority=6 verticaloffset=4
tob_nylocas_fighting_ranged_hard	10798	1801	seq	14389	top_spider_ranged_death_quiet	27	4.3	f1:11562:synth_11562;f7:11561:synth_11561;f8:11563:synth_11563	death	rig+name	quiet variant; framestep=1 forcedpriority=10 verticaloffset=4
tob_nylocas_fighting_ranged_hard	10798	1801	seq	14390	top_spider_ranged_attack_quiet	15	2.0	f2:11560:synth_11560;f10:3966:tob_nylocas_range_attack_shriek_2	attack	rig+name	quiet variant; forcedpriority=6 verticaloffset=4
tob_nylocas_fighting_ranged_hard	10798	1801	seq	14391	top_spider_ranged_meleeattack_quiet	18	2.0	f6:11564:synth_11564	attack	rig+name	melee swing on a non-melee model; forcedpriority=6 verticaloffset=4
tob_nylocas_fighting_ranged_hard	10798	1832	seq	8073	nylocas_pillar_precollapse	1	0.2		unknown	name	name word match only, off this npc's rig (framemap 1832); framestep=1
tob_nylocas_fighting_ranged_hard	10798	1832	seq	8074	nylocas_pillar_collapse	26	4.0		unknown	name	name word match only, off this npc's rig (framemap 1832); framestep=1
tob_nylocas_fighting_ranged_hard	10798	1810	seq	14381	nylocas_queen_idle	24	4.0		unknown	name	name word match only, off this npc's rig (framemap 1810); forcedpriority=4 verticaloffset=3
tob_nylocas_fighting_ranged_hard	10798	1810	seq	14382	nylocas_queen_walk	72	9.0		unknown	name	name word match only, off this npc's rig (framemap 1810); forcedpriority=5 verticaloffset=3
tob_nylocas_fighting_ranged_hard	10798	1810	seq	14383	nylocas_queen_melee	23	3.0	f1:3957:tob_verzik_spider_attack_melee_cry;f13:3936:tob_verzik_spider_attack_melee	unknown	name	name word match only, off this npc's rig (framemap 1810); forcedpriority=6 precedence=2 priority=2 verticaloffset=3
tob_nylocas_fighting_ranged_hard	10798	1810	seq	14384	nylocas_queen_summon	17	2.0	f1:3957:tob_verzik_spider_attack_melee_cry	unknown	name	name word match only, off this npc's rig (framemap 1810); 
tob_nylocas_fighting_ranged_hard	10798	1810	seq	14385	nylocas_queen_ranged	22	2.9	f11:3990:tob_verzik_spider_attack_ranged	unknown	name	name word match only, off this npc's rig (framemap 1810); forcedpriority=6 precedence=2 priority=2 verticaloffset=3
tob_nylocas_fighting_ranged_hard	10798	1810	seq	14386	nylocas_queen_magic	22	3.0	f1:3543:tob_verzik_spark_1;f9:4004:tob_verzik_spider_magic_attack	unknown	name	name word match only, off this npc's rig (framemap 1810); forcedpriority=6 precedence=2 priority=2 verticaloffset=3
tob_nylocas_fighting_magic_hard	10799	1799	seq	7987	top_spider_magic_walk	24	2.0		walk	bound	walkanim; verticaloffset=4
tob_nylocas_fighting_magic_hard	10799	1799	seq	7988	top_spider_magic_idle	30	4.0		ready	bound	readyanim; verticaloffset=4
tob_nylocas_fighting_magic_hard	10799	1799	seq	7989	top_spider_magic_attack	19	2.0	f6:4006:tob_nylocas_magic_attack_5;f9:4006:tob_nylocas_magic_attack_5	attack	rig+name	stretches=yes forcedpriority=6 verticaloffset=4
tob_nylocas_fighting_magic_hard	10799	1799	seq	7990	top_spider_magic_meleeattack	18	2.0	f6:3982:tob_magic_melee_attack	attack	rig+name	melee swing on a non-melee model; forcedpriority=6 verticaloffset=4
tob_nylocas_fighting_magic_hard	10799	1799	seq	7991	top_spider_magic_death	30	4.3	f1:4010:tob_magic_death_shriek;f7:3289:tob_magic_death_bang;f8:3984:tob_magic_death_spinning	death	rig+name	framestep=1 forcedpriority=10 verticaloffset=4
tob_nylocas_fighting_magic_hard	10799	1799	seq	7992	top_spider_magic_death_detonate	50	2.0	f1:3294:tob_nylocas_deathdetonate_shriek;f6:3967:tob_nylocas_deathdetonate_bang_1;f7:3550:tob_nylocas_deathdetonate_spinning_3	special	rig+name	self-destruct; name says death_detonate; framestep=1 forcedpriority=10 verticaloffset=4
tob_nylocas_fighting_magic_hard	10799	1799	seq	14392	top_spider_magic_attack_quiet	19	2.0	f6:11555:synth_11555;f9:11555:synth_11555	attack	rig+name	quiet variant; stretches=yes forcedpriority=6 verticaloffset=4
tob_nylocas_fighting_magic_hard	10799	1799	seq	14393	top_spider_magic_meleeattack_quiet	18	2.0	f6:11554:synth_11554	attack	rig+name	melee swing on a non-melee model; forcedpriority=6 verticaloffset=4
tob_nylocas_fighting_magic_hard	10799	1799	seq	14394	top_spider_magic_death_quiet	30	4.3	f1:11552:synth_11552;f7:11551:synth_11551;f8:11553:synth_11553	death	rig+name	quiet variant; framestep=1 forcedpriority=10 verticaloffset=4
tob_nylocas_fighting_magic_hard	10799	1832	seq	8073	nylocas_pillar_precollapse	1	0.2		unknown	name	name word match only, off this npc's rig (framemap 1832); framestep=1
tob_nylocas_fighting_magic_hard	10799	1832	seq	8074	nylocas_pillar_collapse	26	4.0		unknown	name	name word match only, off this npc's rig (framemap 1832); framestep=1
tob_nylocas_fighting_magic_hard	10799	1810	seq	14381	nylocas_queen_idle	24	4.0		unknown	name	name word match only, off this npc's rig (framemap 1810); forcedpriority=4 verticaloffset=3
tob_nylocas_fighting_magic_hard	10799	1810	seq	14382	nylocas_queen_walk	72	9.0		unknown	name	name word match only, off this npc's rig (framemap 1810); forcedpriority=5 verticaloffset=3
tob_nylocas_fighting_magic_hard	10799	1810	seq	14383	nylocas_queen_melee	23	3.0	f1:3957:tob_verzik_spider_attack_melee_cry;f13:3936:tob_verzik_spider_attack_melee	unknown	name	name word match only, off this npc's rig (framemap 1810); forcedpriority=6 precedence=2 priority=2 verticaloffset=3
tob_nylocas_fighting_magic_hard	10799	1810	seq	14384	nylocas_queen_summon	17	2.0	f1:3957:tob_verzik_spider_attack_melee_cry	unknown	name	name word match only, off this npc's rig (framemap 1810); 
tob_nylocas_fighting_magic_hard	10799	1810	seq	14385	nylocas_queen_ranged	22	2.9	f11:3990:tob_verzik_spider_attack_ranged	unknown	name	name word match only, off this npc's rig (framemap 1810); forcedpriority=6 precedence=2 priority=2 verticaloffset=3
tob_nylocas_fighting_magic_hard	10799	1810	seq	14386	nylocas_queen_magic	22	3.0	f1:3543:tob_verzik_spark_1;f9:4004:tob_verzik_spider_magic_attack	unknown	name	name word match only, off this npc's rig (framemap 1810); forcedpriority=6 precedence=2 priority=2 verticaloffset=3
tob_nylocas_big_fighting_melee_hard	10800	1800	seq	4410	hosdun_spider_boss_attack_ranged	15	2.0		unknown	rig	on the rig, name is the Hosdun spider boss: not a candidate; verticaloffset=4
tob_nylocas_big_fighting_melee_hard	10800	1800	seq	8002	top_spider_melee_idle	12	2.0		ready	bound	readyanim; verticaloffset=4
tob_nylocas_big_fighting_melee_hard	10800	1800	seq	8003	top_spider_melee_walk	12	1.0		walk	bound	walkanim; verticaloffset=4
tob_nylocas_big_fighting_melee_hard	10800	1800	seq	8004	top_spider_melee_attack	18	2.0	f6:3932:tob_nylocas_melee_attack_2	attack	rig+name	forcedpriority=6 verticaloffset=4
tob_nylocas_big_fighting_melee_hard	10800	1800	seq	8005	top_spider_melee_death	27	4.3	f1:3980:tob_nylocas_melee_death_shriek_2;f7:4011:tob_nylocas_melee_death_bang_1;f8:3992:tob_nylocas_melee_death_spinning_4	death	rig+name	framestep=1 forcedpriority=10 verticaloffset=4
tob_nylocas_big_fighting_melee_hard	10800	1800	seq	8006	top_spider_melee_death_detonate	47	2.0	f1:3294:tob_nylocas_deathdetonate_shriek;f6:3967:tob_nylocas_deathdetonate_bang_1;f7:3550:tob_nylocas_deathdetonate_spinning_3	special	rig+name	self-destruct; name says death_detonate; framestep=1 forcedpriority=10 verticaloffset=4
tob_nylocas_big_fighting_melee_hard	10800	1800	seq	8075	top_spider_melee_spawn	16	2.0	f1:3546:tob_nylocas_web_spawn	spawn	rig+name	forcedpriority=10 verticaloffset=4
tob_nylocas_big_fighting_melee_hard	10800	1800	seq	8147	hosdun_spider_boss_attack_melee	18	2.0		unknown	rig	on the rig, name is the Hosdun spider boss: not a candidate; verticaloffset=4
tob_nylocas_big_fighting_melee_hard	10800	1800	seq	8318	hosdun_spider_boss_death	36	7.0		unknown	rig	on the rig, name is the Hosdun spider boss: not a candidate; framestep=1 forcedpriority=10 verticaloffset=4
tob_nylocas_big_fighting_melee_hard	10800	1800	seq	8319	hodsun_spider_boss_walk	12	1.0		unknown	rig	on the rig, name is the Hosdun spider boss: not a candidate; verticaloffset=4
tob_nylocas_big_fighting_melee_hard	10800	1800	seq	8320	hosdun_spider_boss_idle	12	2.0		unknown	rig	on the rig, name is the Hosdun spider boss: not a candidate; verticaloffset=4
tob_nylocas_big_fighting_melee_hard	10800	1800	seq	8338	sote_gauntlet_spider_death	18	3.0		unknown	rig	on the rig, name is the Sotetseg gauntlet spider: not a candidate; forcedpriority=11 verticaloffset=4
tob_nylocas_big_fighting_melee_hard	10800	1800	seq	8339	sote_gauntlet_spider_attack_melee	18	2.0		unknown	rig	on the rig, name is the Sotetseg gauntlet spider: not a candidate; forcedpriority=6 verticaloffset=4
tob_nylocas_big_fighting_melee_hard	10800	1800	seq	8340	sote_gauntlet_spider_idle	12	2.0		unknown	rig	on the rig, name is the Sotetseg gauntlet spider: not a candidate; forcedpriority=4 verticaloffset=4
tob_nylocas_big_fighting_melee_hard	10800	1800	seq	8341	sote_gauntlet_spider_walk	12	1.0		unknown	rig	on the rig, name is the Sotetseg gauntlet spider: not a candidate; forcedpriority=5 verticaloffset=4
tob_nylocas_big_fighting_melee_hard	10800	1800	seq	8425	crystal_spider_attack	18	2.0		unknown	rig	on the rig, name is the crystal spider: not a candidate; forcedpriority=6 verticaloffset=4
tob_nylocas_big_fighting_melee_hard	10800	1800	seq	8426	crystal_spider_death	47	2.0		unknown	rig	on the rig, name is the crystal spider: not a candidate; framestep=1 forcedpriority=10 verticaloffset=4
tob_nylocas_big_fighting_melee_hard	10800	1800	seq	9030	top_spider_melee_spawn_noloop	16	2.0	f1:3546:tob_nylocas_web_spawn	spawn	rig+name	forcedpriority=10 verticaloffset=4
tob_nylocas_big_fighting_melee_hard	10800	1800	seq	9136	hodsun_spider_boss_walk_small	12	0.6		unknown	rig	on the rig, name is the Hosdun spider boss: not a candidate; verticaloffset=4
tob_nylocas_big_fighting_melee_hard	10800	1800	seq	9137	npc_araxyte01_idle	12	2.0		unknown	rig	on the rig, name is the Araxxor araxyte: not a candidate; forcedpriority=4
tob_nylocas_big_fighting_melee_hard	10800	1800	seq	9138	npc_araxyte01_walk	12	1.0		unknown	rig	on the rig, name is the Araxxor araxyte: not a candidate; forcedpriority=5
tob_nylocas_big_fighting_melee_hard	10800	1800	seq	9139	npc_araxyte01_walk_fast	12	0.6		unknown	rig	on the rig, name is the Araxxor araxyte: not a candidate; forcedpriority=5
tob_nylocas_big_fighting_melee_hard	10800	1800	seq	9140	npc_araxyte01_attack	18	2.0		unknown	rig	on the rig, name is the Araxxor araxyte: not a candidate; forcedpriority=6
tob_nylocas_big_fighting_melee_hard	10800	1800	seq	9141	npc_araxyte01_death	18	4.0	f1:9371:araxxor_mirror_back_minion_death_01;f4:9370:araxxor_mirror_back_minion_death_impact_01	unknown	rig	on the rig, name is the Araxxor araxyte: not a candidate; framestep=1 forcedpriority=10
tob_nylocas_big_fighting_melee_hard	10800	1800	seq	11494	npc_araxyte02_idle	12	2.0		unknown	rig	on the rig, name is the Araxxor araxyte: not a candidate; forcedpriority=4
tob_nylocas_big_fighting_melee_hard	10800	1800	seq	11495	npc_araxyte02_walk	12	1.0		unknown	rig	on the rig, name is the Araxxor araxyte: not a candidate; forcedpriority=5
tob_nylocas_big_fighting_melee_hard	10800	1800	seq	11496	npc_araxyte02_walk_fast	12	0.6		unknown	rig	on the rig, name is the Araxxor araxyte: not a candidate; forcedpriority=5
tob_nylocas_big_fighting_melee_hard	10800	1800	seq	11497	npc_araxyte02_attack	18	2.0		unknown	rig	on the rig, name is the Araxxor araxyte: not a candidate; forcedpriority=6
tob_nylocas_big_fighting_melee_hard	10800	1800	seq	11498	npc_araxyte_acidic_01_attack	18	2.0	f2:9381:araxxor_acidic_minion_attack_03;f7:9381:araxxor_acidic_minion_attack_03	unknown	rig	on the rig, name is the Araxxor araxyte: not a candidate; forcedpriority=6
tob_nylocas_big_fighting_melee_hard	10800	1800	seq	11499	npc_araxyte_acidic_02_attack	18	2.0	f2:9381:araxxor_acidic_minion_attack_03;f7:9381:araxxor_acidic_minion_attack_03	unknown	rig	on the rig, name is the Araxxor araxyte: not a candidate; forcedpriority=6
tob_nylocas_big_fighting_melee_hard	10800	1800	seq	11500	npc_araxyte_mirror_back_01_attack	18	2.0	f2:9372:araxxor_mirror_back_minion_attack_01_01;f7:9375:araxxor_mirror_back_minion_attack_02_01	unknown	rig	on the rig, name is the Araxxor araxyte: not a candidate; forcedpriority=6
tob_nylocas_big_fighting_melee_hard	10800	1800	seq	11501	npc_araxyte_mirror_back_02_attack	18	2.0	f2:9372:araxxor_mirror_back_minion_attack_01_01;f7:9375:araxxor_mirror_back_minion_attack_02_01	unknown	rig	on the rig, name is the Araxxor araxyte: not a candidate; forcedpriority=6
tob_nylocas_big_fighting_melee_hard	10800	1800	seq	11502	npc_araxyte02_death	18	4.0	f1:9371:araxxor_mirror_back_minion_death_01;f4:9370:araxxor_mirror_back_minion_death_impact_01	unknown	rig	on the rig, name is the Araxxor araxyte: not a candidate; forcedpriority=10
tob_nylocas_big_fighting_melee_hard	10800	1800	seq	11503	npc_araxyte02_hatch	17	2.0		unknown	rig	on the rig, name is the Araxxor araxyte: not a candidate; forcedpriority=9
tob_nylocas_big_fighting_melee_hard	10800	1800	seq	11504	npc_araxyte_explode	20	4.3	f1:9382:araxxor_acidic_minion_explosion_01	unknown	rig	on the rig, name is the Araxxor araxyte: not a candidate
tob_nylocas_big_fighting_melee_hard	10800	1800	seq	11510	npc_araxyte_mirror_back_death	18	4.0	f1:9371:araxxor_mirror_back_minion_death_01;f4:9370:araxxor_mirror_back_minion_death_impact_01	unknown	rig	on the rig, name is the Araxxor araxyte: not a candidate; framestep=1 forcedpriority=10
tob_nylocas_big_fighting_melee_hard	10800	1800	seq	14387	top_spider_melee_attack_quiet	18	2.0	f6:11556:synth_11556	attack	rig+name	quiet variant; forcedpriority=6 verticaloffset=4
tob_nylocas_big_fighting_melee_hard	10800	1800	seq	14388	top_spider_melee_death_quiet	27	4.3	f1:11558:synth_11558;f7:11557:synth_11557;f8:11559:synth_11559	death	rig+name	quiet variant; framestep=1 forcedpriority=10 verticaloffset=4
tob_nylocas_big_fighting_melee_hard	10800	1832	seq	8073	nylocas_pillar_precollapse	1	0.2		unknown	name	name word match only, off this npc's rig (framemap 1832); framestep=1
tob_nylocas_big_fighting_melee_hard	10800	1832	seq	8074	nylocas_pillar_collapse	26	4.0		unknown	name	name word match only, off this npc's rig (framemap 1832); framestep=1
tob_nylocas_big_fighting_melee_hard	10800	1810	seq	14381	nylocas_queen_idle	24	4.0		unknown	name	name word match only, off this npc's rig (framemap 1810); forcedpriority=4 verticaloffset=3
tob_nylocas_big_fighting_melee_hard	10800	1810	seq	14382	nylocas_queen_walk	72	9.0		unknown	name	name word match only, off this npc's rig (framemap 1810); forcedpriority=5 verticaloffset=3
tob_nylocas_big_fighting_melee_hard	10800	1810	seq	14383	nylocas_queen_melee	23	3.0	f1:3957:tob_verzik_spider_attack_melee_cry;f13:3936:tob_verzik_spider_attack_melee	unknown	name	name word match only, off this npc's rig (framemap 1810); forcedpriority=6 precedence=2 priority=2 verticaloffset=3
tob_nylocas_big_fighting_melee_hard	10800	1810	seq	14384	nylocas_queen_summon	17	2.0	f1:3957:tob_verzik_spider_attack_melee_cry	unknown	name	name word match only, off this npc's rig (framemap 1810); 
tob_nylocas_big_fighting_melee_hard	10800	1810	seq	14385	nylocas_queen_ranged	22	2.9	f11:3990:tob_verzik_spider_attack_ranged	unknown	name	name word match only, off this npc's rig (framemap 1810); forcedpriority=6 precedence=2 priority=2 verticaloffset=3
tob_nylocas_big_fighting_melee_hard	10800	1810	seq	14386	nylocas_queen_magic	22	3.0	f1:3543:tob_verzik_spark_1;f9:4004:tob_verzik_spider_magic_attack	unknown	name	name word match only, off this npc's rig (framemap 1810); forcedpriority=6 precedence=2 priority=2 verticaloffset=3
tob_nylocas_big_fighting_ranged_hard	10801	1801	seq	7993	top_spider_ranged_idle	12	2.0		ready	bound	readyanim; verticaloffset=4
tob_nylocas_big_fighting_ranged_hard	10801	1801	seq	7997	top_spider_ranged_walk	12	1.0		walk	bound	walkanim; verticaloffset=4
tob_nylocas_big_fighting_ranged_hard	10801	1801	seq	7998	top_spider_ranged_death	27	4.3	f1:3978:tob_nylocas_range_death_shriek;f7:3232:tob_nylocas_range_death_bang;f8:3943:tob_nylocas_range_death_spinning	death	rig+name	framestep=1 forcedpriority=10 verticaloffset=4
tob_nylocas_big_fighting_ranged_hard	10801	1801	seq	7999	top_spider_ranged_attack	15	2.0	f2:3953:tob_nylocas_range_attack_projectiles_2;f10:3966:tob_nylocas_range_attack_shriek_2	attack	rig+name	forcedpriority=6 verticaloffset=4
tob_nylocas_big_fighting_ranged_hard	10801	1801	seq	8000	top_spider_ranged_death_detonate	47	2.0	f1:3294:tob_nylocas_deathdetonate_shriek;f6:3967:tob_nylocas_deathdetonate_bang_1;f7:3550:tob_nylocas_deathdetonate_spinning_3	special	rig+name	self-destruct; name says death_detonate; framestep=1 forcedpriority=10 verticaloffset=4
tob_nylocas_big_fighting_ranged_hard	10801	1801	seq	8001	top_spider_ranged_meleeattack	18	2.0	f6:3993:tob_nylocas_range_melee_attack	attack	rig+name	melee swing on a non-melee model; forcedpriority=6 verticaloffset=4
tob_nylocas_big_fighting_ranged_hard	10801	1801	seq	14389	top_spider_ranged_death_quiet	27	4.3	f1:11562:synth_11562;f7:11561:synth_11561;f8:11563:synth_11563	death	rig+name	quiet variant; framestep=1 forcedpriority=10 verticaloffset=4
tob_nylocas_big_fighting_ranged_hard	10801	1801	seq	14390	top_spider_ranged_attack_quiet	15	2.0	f2:11560:synth_11560;f10:3966:tob_nylocas_range_attack_shriek_2	attack	rig+name	quiet variant; forcedpriority=6 verticaloffset=4
tob_nylocas_big_fighting_ranged_hard	10801	1801	seq	14391	top_spider_ranged_meleeattack_quiet	18	2.0	f6:11564:synth_11564	attack	rig+name	melee swing on a non-melee model; forcedpriority=6 verticaloffset=4
tob_nylocas_big_fighting_ranged_hard	10801	1832	seq	8073	nylocas_pillar_precollapse	1	0.2		unknown	name	name word match only, off this npc's rig (framemap 1832); framestep=1
tob_nylocas_big_fighting_ranged_hard	10801	1832	seq	8074	nylocas_pillar_collapse	26	4.0		unknown	name	name word match only, off this npc's rig (framemap 1832); framestep=1
tob_nylocas_big_fighting_ranged_hard	10801	1810	seq	14381	nylocas_queen_idle	24	4.0		unknown	name	name word match only, off this npc's rig (framemap 1810); forcedpriority=4 verticaloffset=3
tob_nylocas_big_fighting_ranged_hard	10801	1810	seq	14382	nylocas_queen_walk	72	9.0		unknown	name	name word match only, off this npc's rig (framemap 1810); forcedpriority=5 verticaloffset=3
tob_nylocas_big_fighting_ranged_hard	10801	1810	seq	14383	nylocas_queen_melee	23	3.0	f1:3957:tob_verzik_spider_attack_melee_cry;f13:3936:tob_verzik_spider_attack_melee	unknown	name	name word match only, off this npc's rig (framemap 1810); forcedpriority=6 precedence=2 priority=2 verticaloffset=3
tob_nylocas_big_fighting_ranged_hard	10801	1810	seq	14384	nylocas_queen_summon	17	2.0	f1:3957:tob_verzik_spider_attack_melee_cry	unknown	name	name word match only, off this npc's rig (framemap 1810); 
tob_nylocas_big_fighting_ranged_hard	10801	1810	seq	14385	nylocas_queen_ranged	22	2.9	f11:3990:tob_verzik_spider_attack_ranged	unknown	name	name word match only, off this npc's rig (framemap 1810); forcedpriority=6 precedence=2 priority=2 verticaloffset=3
tob_nylocas_big_fighting_ranged_hard	10801	1810	seq	14386	nylocas_queen_magic	22	3.0	f1:3543:tob_verzik_spark_1;f9:4004:tob_verzik_spider_magic_attack	unknown	name	name word match only, off this npc's rig (framemap 1810); forcedpriority=6 precedence=2 priority=2 verticaloffset=3
tob_nylocas_big_fighting_magic_hard	10802	1799	seq	7987	top_spider_magic_walk	24	2.0		walk	bound	walkanim; verticaloffset=4
tob_nylocas_big_fighting_magic_hard	10802	1799	seq	7988	top_spider_magic_idle	30	4.0		ready	bound	readyanim; verticaloffset=4
tob_nylocas_big_fighting_magic_hard	10802	1799	seq	7989	top_spider_magic_attack	19	2.0	f6:4006:tob_nylocas_magic_attack_5;f9:4006:tob_nylocas_magic_attack_5	attack	rig+name	stretches=yes forcedpriority=6 verticaloffset=4
tob_nylocas_big_fighting_magic_hard	10802	1799	seq	7990	top_spider_magic_meleeattack	18	2.0	f6:3982:tob_magic_melee_attack	attack	rig+name	melee swing on a non-melee model; forcedpriority=6 verticaloffset=4
tob_nylocas_big_fighting_magic_hard	10802	1799	seq	7991	top_spider_magic_death	30	4.3	f1:4010:tob_magic_death_shriek;f7:3289:tob_magic_death_bang;f8:3984:tob_magic_death_spinning	death	rig+name	framestep=1 forcedpriority=10 verticaloffset=4
tob_nylocas_big_fighting_magic_hard	10802	1799	seq	7992	top_spider_magic_death_detonate	50	2.0	f1:3294:tob_nylocas_deathdetonate_shriek;f6:3967:tob_nylocas_deathdetonate_bang_1;f7:3550:tob_nylocas_deathdetonate_spinning_3	special	rig+name	self-destruct; name says death_detonate; framestep=1 forcedpriority=10 verticaloffset=4
tob_nylocas_big_fighting_magic_hard	10802	1799	seq	14392	top_spider_magic_attack_quiet	19	2.0	f6:11555:synth_11555;f9:11555:synth_11555	attack	rig+name	quiet variant; stretches=yes forcedpriority=6 verticaloffset=4
tob_nylocas_big_fighting_magic_hard	10802	1799	seq	14393	top_spider_magic_meleeattack_quiet	18	2.0	f6:11554:synth_11554	attack	rig+name	melee swing on a non-melee model; forcedpriority=6 verticaloffset=4
tob_nylocas_big_fighting_magic_hard	10802	1799	seq	14394	top_spider_magic_death_quiet	30	4.3	f1:11552:synth_11552;f7:11551:synth_11551;f8:11553:synth_11553	death	rig+name	quiet variant; framestep=1 forcedpriority=10 verticaloffset=4
tob_nylocas_big_fighting_magic_hard	10802	1832	seq	8073	nylocas_pillar_precollapse	1	0.2		unknown	name	name word match only, off this npc's rig (framemap 1832); framestep=1
tob_nylocas_big_fighting_magic_hard	10802	1832	seq	8074	nylocas_pillar_collapse	26	4.0		unknown	name	name word match only, off this npc's rig (framemap 1832); framestep=1
tob_nylocas_big_fighting_magic_hard	10802	1810	seq	14381	nylocas_queen_idle	24	4.0		unknown	name	name word match only, off this npc's rig (framemap 1810); forcedpriority=4 verticaloffset=3
tob_nylocas_big_fighting_magic_hard	10802	1810	seq	14382	nylocas_queen_walk	72	9.0		unknown	name	name word match only, off this npc's rig (framemap 1810); forcedpriority=5 verticaloffset=3
tob_nylocas_big_fighting_magic_hard	10802	1810	seq	14383	nylocas_queen_melee	23	3.0	f1:3957:tob_verzik_spider_attack_melee_cry;f13:3936:tob_verzik_spider_attack_melee	unknown	name	name word match only, off this npc's rig (framemap 1810); forcedpriority=6 precedence=2 priority=2 verticaloffset=3
tob_nylocas_big_fighting_magic_hard	10802	1810	seq	14384	nylocas_queen_summon	17	2.0	f1:3957:tob_verzik_spider_attack_melee_cry	unknown	name	name word match only, off this npc's rig (framemap 1810); 
tob_nylocas_big_fighting_magic_hard	10802	1810	seq	14385	nylocas_queen_ranged	22	2.9	f11:3990:tob_verzik_spider_attack_ranged	unknown	name	name word match only, off this npc's rig (framemap 1810); forcedpriority=6 precedence=2 priority=2 verticaloffset=3
tob_nylocas_big_fighting_magic_hard	10802	1810	seq	14386	nylocas_queen_magic	22	3.0	f1:3543:tob_verzik_spark_1;f9:4004:tob_verzik_spider_magic_attack	unknown	name	name word match only, off this npc's rig (framemap 1810); forcedpriority=6 precedence=2 priority=2 verticaloffset=3
nylocas_miniboss_spawning_hard	10803	1800	seq	4410	hosdun_spider_boss_attack_ranged	15	2.0		unknown	rig	on the rig, name is the Hosdun spider boss: not a candidate; verticaloffset=4
nylocas_miniboss_spawning_hard	10803	1800	seq	8002	top_spider_melee_idle	12	2.0		ready	bound	readyanim; verticaloffset=4
nylocas_miniboss_spawning_hard	10803	1800	seq	8003	top_spider_melee_walk	12	1.0		walk	bound	walkanim; verticaloffset=4
nylocas_miniboss_spawning_hard	10803	1800	seq	8004	top_spider_melee_attack	18	2.0	f6:3932:tob_nylocas_melee_attack_2	attack	rig+name	forcedpriority=6 verticaloffset=4
nylocas_miniboss_spawning_hard	10803	1800	seq	8005	top_spider_melee_death	27	4.3	f1:3980:tob_nylocas_melee_death_shriek_2;f7:4011:tob_nylocas_melee_death_bang_1;f8:3992:tob_nylocas_melee_death_spinning_4	death	rig+name	framestep=1 forcedpriority=10 verticaloffset=4
nylocas_miniboss_spawning_hard	10803	1800	seq	8006	top_spider_melee_death_detonate	47	2.0	f1:3294:tob_nylocas_deathdetonate_shriek;f6:3967:tob_nylocas_deathdetonate_bang_1;f7:3550:tob_nylocas_deathdetonate_spinning_3	special	rig+name	self-destruct; name says death_detonate; framestep=1 forcedpriority=10 verticaloffset=4
nylocas_miniboss_spawning_hard	10803	1800	seq	8075	top_spider_melee_spawn	16	2.0	f1:3546:tob_nylocas_web_spawn	spawn	rig+name	forcedpriority=10 verticaloffset=4
nylocas_miniboss_spawning_hard	10803	1800	seq	8147	hosdun_spider_boss_attack_melee	18	2.0		unknown	rig	on the rig, name is the Hosdun spider boss: not a candidate; verticaloffset=4
nylocas_miniboss_spawning_hard	10803	1800	seq	8318	hosdun_spider_boss_death	36	7.0		unknown	rig	on the rig, name is the Hosdun spider boss: not a candidate; framestep=1 forcedpriority=10 verticaloffset=4
nylocas_miniboss_spawning_hard	10803	1800	seq	8319	hodsun_spider_boss_walk	12	1.0		unknown	rig	on the rig, name is the Hosdun spider boss: not a candidate; verticaloffset=4
nylocas_miniboss_spawning_hard	10803	1800	seq	8320	hosdun_spider_boss_idle	12	2.0		unknown	rig	on the rig, name is the Hosdun spider boss: not a candidate; verticaloffset=4
nylocas_miniboss_spawning_hard	10803	1800	seq	8338	sote_gauntlet_spider_death	18	3.0		unknown	rig	on the rig, name is the Sotetseg gauntlet spider: not a candidate; forcedpriority=11 verticaloffset=4
nylocas_miniboss_spawning_hard	10803	1800	seq	8339	sote_gauntlet_spider_attack_melee	18	2.0		unknown	rig	on the rig, name is the Sotetseg gauntlet spider: not a candidate; forcedpriority=6 verticaloffset=4
nylocas_miniboss_spawning_hard	10803	1800	seq	8340	sote_gauntlet_spider_idle	12	2.0		unknown	rig	on the rig, name is the Sotetseg gauntlet spider: not a candidate; forcedpriority=4 verticaloffset=4
nylocas_miniboss_spawning_hard	10803	1800	seq	8341	sote_gauntlet_spider_walk	12	1.0		unknown	rig	on the rig, name is the Sotetseg gauntlet spider: not a candidate; forcedpriority=5 verticaloffset=4
nylocas_miniboss_spawning_hard	10803	1800	seq	8425	crystal_spider_attack	18	2.0		unknown	rig	on the rig, name is the crystal spider: not a candidate; forcedpriority=6 verticaloffset=4
nylocas_miniboss_spawning_hard	10803	1800	seq	8426	crystal_spider_death	47	2.0		unknown	rig	on the rig, name is the crystal spider: not a candidate; framestep=1 forcedpriority=10 verticaloffset=4
nylocas_miniboss_spawning_hard	10803	1800	seq	9030	top_spider_melee_spawn_noloop	16	2.0	f1:3546:tob_nylocas_web_spawn	spawn	rig+name	forcedpriority=10 verticaloffset=4
nylocas_miniboss_spawning_hard	10803	1800	seq	9136	hodsun_spider_boss_walk_small	12	0.6		unknown	rig	on the rig, name is the Hosdun spider boss: not a candidate; verticaloffset=4
nylocas_miniboss_spawning_hard	10803	1800	seq	9137	npc_araxyte01_idle	12	2.0		unknown	rig	on the rig, name is the Araxxor araxyte: not a candidate; forcedpriority=4
nylocas_miniboss_spawning_hard	10803	1800	seq	9138	npc_araxyte01_walk	12	1.0		unknown	rig	on the rig, name is the Araxxor araxyte: not a candidate; forcedpriority=5
nylocas_miniboss_spawning_hard	10803	1800	seq	9139	npc_araxyte01_walk_fast	12	0.6		unknown	rig	on the rig, name is the Araxxor araxyte: not a candidate; forcedpriority=5
nylocas_miniboss_spawning_hard	10803	1800	seq	9140	npc_araxyte01_attack	18	2.0		unknown	rig	on the rig, name is the Araxxor araxyte: not a candidate; forcedpriority=6
nylocas_miniboss_spawning_hard	10803	1800	seq	9141	npc_araxyte01_death	18	4.0	f1:9371:araxxor_mirror_back_minion_death_01;f4:9370:araxxor_mirror_back_minion_death_impact_01	unknown	rig	on the rig, name is the Araxxor araxyte: not a candidate; framestep=1 forcedpriority=10
nylocas_miniboss_spawning_hard	10803	1800	seq	11494	npc_araxyte02_idle	12	2.0		unknown	rig	on the rig, name is the Araxxor araxyte: not a candidate; forcedpriority=4
nylocas_miniboss_spawning_hard	10803	1800	seq	11495	npc_araxyte02_walk	12	1.0		unknown	rig	on the rig, name is the Araxxor araxyte: not a candidate; forcedpriority=5
nylocas_miniboss_spawning_hard	10803	1800	seq	11496	npc_araxyte02_walk_fast	12	0.6		unknown	rig	on the rig, name is the Araxxor araxyte: not a candidate; forcedpriority=5
nylocas_miniboss_spawning_hard	10803	1800	seq	11497	npc_araxyte02_attack	18	2.0		unknown	rig	on the rig, name is the Araxxor araxyte: not a candidate; forcedpriority=6
nylocas_miniboss_spawning_hard	10803	1800	seq	11498	npc_araxyte_acidic_01_attack	18	2.0	f2:9381:araxxor_acidic_minion_attack_03;f7:9381:araxxor_acidic_minion_attack_03	unknown	rig	on the rig, name is the Araxxor araxyte: not a candidate; forcedpriority=6
nylocas_miniboss_spawning_hard	10803	1800	seq	11499	npc_araxyte_acidic_02_attack	18	2.0	f2:9381:araxxor_acidic_minion_attack_03;f7:9381:araxxor_acidic_minion_attack_03	unknown	rig	on the rig, name is the Araxxor araxyte: not a candidate; forcedpriority=6
nylocas_miniboss_spawning_hard	10803	1800	seq	11500	npc_araxyte_mirror_back_01_attack	18	2.0	f2:9372:araxxor_mirror_back_minion_attack_01_01;f7:9375:araxxor_mirror_back_minion_attack_02_01	unknown	rig	on the rig, name is the Araxxor araxyte: not a candidate; forcedpriority=6
nylocas_miniboss_spawning_hard	10803	1800	seq	11501	npc_araxyte_mirror_back_02_attack	18	2.0	f2:9372:araxxor_mirror_back_minion_attack_01_01;f7:9375:araxxor_mirror_back_minion_attack_02_01	unknown	rig	on the rig, name is the Araxxor araxyte: not a candidate; forcedpriority=6
nylocas_miniboss_spawning_hard	10803	1800	seq	11502	npc_araxyte02_death	18	4.0	f1:9371:araxxor_mirror_back_minion_death_01;f4:9370:araxxor_mirror_back_minion_death_impact_01	unknown	rig	on the rig, name is the Araxxor araxyte: not a candidate; forcedpriority=10
nylocas_miniboss_spawning_hard	10803	1800	seq	11503	npc_araxyte02_hatch	17	2.0		unknown	rig	on the rig, name is the Araxxor araxyte: not a candidate; forcedpriority=9
nylocas_miniboss_spawning_hard	10803	1800	seq	11504	npc_araxyte_explode	20	4.3	f1:9382:araxxor_acidic_minion_explosion_01	unknown	rig	on the rig, name is the Araxxor araxyte: not a candidate
nylocas_miniboss_spawning_hard	10803	1800	seq	11510	npc_araxyte_mirror_back_death	18	4.0	f1:9371:araxxor_mirror_back_minion_death_01;f4:9370:araxxor_mirror_back_minion_death_impact_01	unknown	rig	on the rig, name is the Araxxor araxyte: not a candidate; framestep=1 forcedpriority=10
nylocas_miniboss_spawning_hard	10803	1800	seq	14387	top_spider_melee_attack_quiet	18	2.0	f6:11556:synth_11556	attack	rig+name	quiet variant; forcedpriority=6 verticaloffset=4
nylocas_miniboss_spawning_hard	10803	1800	seq	14388	top_spider_melee_death_quiet	27	4.3	f1:11558:synth_11558;f7:11557:synth_11557;f8:11559:synth_11559	death	rig+name	quiet variant; framestep=1 forcedpriority=10 verticaloffset=4
nylocas_miniboss_spawning_hard	10803	1832	seq	8073	nylocas_pillar_precollapse	1	0.2		unknown	name	name word match only, off this npc's rig (framemap 1832); framestep=1
nylocas_miniboss_spawning_hard	10803	1832	seq	8074	nylocas_pillar_collapse	26	4.0		unknown	name	name word match only, off this npc's rig (framemap 1832); framestep=1
nylocas_miniboss_spawning_hard	10803	1810	seq	14381	nylocas_queen_idle	24	4.0		unknown	name	name word match only, off this npc's rig (framemap 1810); forcedpriority=4 verticaloffset=3
nylocas_miniboss_spawning_hard	10803	1810	seq	14382	nylocas_queen_walk	72	9.0		unknown	name	name word match only, off this npc's rig (framemap 1810); forcedpriority=5 verticaloffset=3
nylocas_miniboss_spawning_hard	10803	1810	seq	14383	nylocas_queen_melee	23	3.0	f1:3957:tob_verzik_spider_attack_melee_cry;f13:3936:tob_verzik_spider_attack_melee	unknown	name	name word match only, off this npc's rig (framemap 1810); forcedpriority=6 precedence=2 priority=2 verticaloffset=3
nylocas_miniboss_spawning_hard	10803	1810	seq	14384	nylocas_queen_summon	17	2.0	f1:3957:tob_verzik_spider_attack_melee_cry	unknown	name	name word match only, off this npc's rig (framemap 1810); 
nylocas_miniboss_spawning_hard	10803	1810	seq	14385	nylocas_queen_ranged	22	2.9	f11:3990:tob_verzik_spider_attack_ranged	unknown	name	name word match only, off this npc's rig (framemap 1810); forcedpriority=6 precedence=2 priority=2 verticaloffset=3
nylocas_miniboss_spawning_hard	10803	1810	seq	14386	nylocas_queen_magic	22	3.0	f1:3543:tob_verzik_spark_1;f9:4004:tob_verzik_spider_magic_attack	unknown	name	name word match only, off this npc's rig (framemap 1810); forcedpriority=6 precedence=2 priority=2 verticaloffset=3
nylocas_miniboss_melee_hard	10804	1800	seq	4410	hosdun_spider_boss_attack_ranged	15	2.0		unknown	rig	on the rig, name is the Hosdun spider boss: not a candidate; verticaloffset=4
nylocas_miniboss_melee_hard	10804	1800	seq	8002	top_spider_melee_idle	12	2.0		ready	bound	readyanim; verticaloffset=4
nylocas_miniboss_melee_hard	10804	1800	seq	8003	top_spider_melee_walk	12	1.0		walk	bound	walkanim; verticaloffset=4
nylocas_miniboss_melee_hard	10804	1800	seq	8004	top_spider_melee_attack	18	2.0	f6:3932:tob_nylocas_melee_attack_2	attack	rig+name	forcedpriority=6 verticaloffset=4
nylocas_miniboss_melee_hard	10804	1800	seq	8005	top_spider_melee_death	27	4.3	f1:3980:tob_nylocas_melee_death_shriek_2;f7:4011:tob_nylocas_melee_death_bang_1;f8:3992:tob_nylocas_melee_death_spinning_4	death	rig+name	framestep=1 forcedpriority=10 verticaloffset=4
nylocas_miniboss_melee_hard	10804	1800	seq	8006	top_spider_melee_death_detonate	47	2.0	f1:3294:tob_nylocas_deathdetonate_shriek;f6:3967:tob_nylocas_deathdetonate_bang_1;f7:3550:tob_nylocas_deathdetonate_spinning_3	special	rig+name	self-destruct; name says death_detonate; framestep=1 forcedpriority=10 verticaloffset=4
nylocas_miniboss_melee_hard	10804	1800	seq	8075	top_spider_melee_spawn	16	2.0	f1:3546:tob_nylocas_web_spawn	spawn	rig+name	forcedpriority=10 verticaloffset=4
nylocas_miniboss_melee_hard	10804	1800	seq	8147	hosdun_spider_boss_attack_melee	18	2.0		unknown	rig	on the rig, name is the Hosdun spider boss: not a candidate; verticaloffset=4
nylocas_miniboss_melee_hard	10804	1800	seq	8318	hosdun_spider_boss_death	36	7.0		unknown	rig	on the rig, name is the Hosdun spider boss: not a candidate; framestep=1 forcedpriority=10 verticaloffset=4
nylocas_miniboss_melee_hard	10804	1800	seq	8319	hodsun_spider_boss_walk	12	1.0		unknown	rig	on the rig, name is the Hosdun spider boss: not a candidate; verticaloffset=4
nylocas_miniboss_melee_hard	10804	1800	seq	8320	hosdun_spider_boss_idle	12	2.0		unknown	rig	on the rig, name is the Hosdun spider boss: not a candidate; verticaloffset=4
nylocas_miniboss_melee_hard	10804	1800	seq	8338	sote_gauntlet_spider_death	18	3.0		unknown	rig	on the rig, name is the Sotetseg gauntlet spider: not a candidate; forcedpriority=11 verticaloffset=4
nylocas_miniboss_melee_hard	10804	1800	seq	8339	sote_gauntlet_spider_attack_melee	18	2.0		unknown	rig	on the rig, name is the Sotetseg gauntlet spider: not a candidate; forcedpriority=6 verticaloffset=4
nylocas_miniboss_melee_hard	10804	1800	seq	8340	sote_gauntlet_spider_idle	12	2.0		unknown	rig	on the rig, name is the Sotetseg gauntlet spider: not a candidate; forcedpriority=4 verticaloffset=4
nylocas_miniboss_melee_hard	10804	1800	seq	8341	sote_gauntlet_spider_walk	12	1.0		unknown	rig	on the rig, name is the Sotetseg gauntlet spider: not a candidate; forcedpriority=5 verticaloffset=4
nylocas_miniboss_melee_hard	10804	1800	seq	8425	crystal_spider_attack	18	2.0		unknown	rig	on the rig, name is the crystal spider: not a candidate; forcedpriority=6 verticaloffset=4
nylocas_miniboss_melee_hard	10804	1800	seq	8426	crystal_spider_death	47	2.0		unknown	rig	on the rig, name is the crystal spider: not a candidate; framestep=1 forcedpriority=10 verticaloffset=4
nylocas_miniboss_melee_hard	10804	1800	seq	9030	top_spider_melee_spawn_noloop	16	2.0	f1:3546:tob_nylocas_web_spawn	spawn	rig+name	forcedpriority=10 verticaloffset=4
nylocas_miniboss_melee_hard	10804	1800	seq	9136	hodsun_spider_boss_walk_small	12	0.6		unknown	rig	on the rig, name is the Hosdun spider boss: not a candidate; verticaloffset=4
nylocas_miniboss_melee_hard	10804	1800	seq	9137	npc_araxyte01_idle	12	2.0		unknown	rig	on the rig, name is the Araxxor araxyte: not a candidate; forcedpriority=4
nylocas_miniboss_melee_hard	10804	1800	seq	9138	npc_araxyte01_walk	12	1.0		unknown	rig	on the rig, name is the Araxxor araxyte: not a candidate; forcedpriority=5
nylocas_miniboss_melee_hard	10804	1800	seq	9139	npc_araxyte01_walk_fast	12	0.6		unknown	rig	on the rig, name is the Araxxor araxyte: not a candidate; forcedpriority=5
nylocas_miniboss_melee_hard	10804	1800	seq	9140	npc_araxyte01_attack	18	2.0		unknown	rig	on the rig, name is the Araxxor araxyte: not a candidate; forcedpriority=6
nylocas_miniboss_melee_hard	10804	1800	seq	9141	npc_araxyte01_death	18	4.0	f1:9371:araxxor_mirror_back_minion_death_01;f4:9370:araxxor_mirror_back_minion_death_impact_01	unknown	rig	on the rig, name is the Araxxor araxyte: not a candidate; framestep=1 forcedpriority=10
nylocas_miniboss_melee_hard	10804	1800	seq	11494	npc_araxyte02_idle	12	2.0		unknown	rig	on the rig, name is the Araxxor araxyte: not a candidate; forcedpriority=4
nylocas_miniboss_melee_hard	10804	1800	seq	11495	npc_araxyte02_walk	12	1.0		unknown	rig	on the rig, name is the Araxxor araxyte: not a candidate; forcedpriority=5
nylocas_miniboss_melee_hard	10804	1800	seq	11496	npc_araxyte02_walk_fast	12	0.6		unknown	rig	on the rig, name is the Araxxor araxyte: not a candidate; forcedpriority=5
nylocas_miniboss_melee_hard	10804	1800	seq	11497	npc_araxyte02_attack	18	2.0		unknown	rig	on the rig, name is the Araxxor araxyte: not a candidate; forcedpriority=6
nylocas_miniboss_melee_hard	10804	1800	seq	11498	npc_araxyte_acidic_01_attack	18	2.0	f2:9381:araxxor_acidic_minion_attack_03;f7:9381:araxxor_acidic_minion_attack_03	unknown	rig	on the rig, name is the Araxxor araxyte: not a candidate; forcedpriority=6
nylocas_miniboss_melee_hard	10804	1800	seq	11499	npc_araxyte_acidic_02_attack	18	2.0	f2:9381:araxxor_acidic_minion_attack_03;f7:9381:araxxor_acidic_minion_attack_03	unknown	rig	on the rig, name is the Araxxor araxyte: not a candidate; forcedpriority=6
nylocas_miniboss_melee_hard	10804	1800	seq	11500	npc_araxyte_mirror_back_01_attack	18	2.0	f2:9372:araxxor_mirror_back_minion_attack_01_01;f7:9375:araxxor_mirror_back_minion_attack_02_01	unknown	rig	on the rig, name is the Araxxor araxyte: not a candidate; forcedpriority=6
nylocas_miniboss_melee_hard	10804	1800	seq	11501	npc_araxyte_mirror_back_02_attack	18	2.0	f2:9372:araxxor_mirror_back_minion_attack_01_01;f7:9375:araxxor_mirror_back_minion_attack_02_01	unknown	rig	on the rig, name is the Araxxor araxyte: not a candidate; forcedpriority=6
nylocas_miniboss_melee_hard	10804	1800	seq	11502	npc_araxyte02_death	18	4.0	f1:9371:araxxor_mirror_back_minion_death_01;f4:9370:araxxor_mirror_back_minion_death_impact_01	unknown	rig	on the rig, name is the Araxxor araxyte: not a candidate; forcedpriority=10
nylocas_miniboss_melee_hard	10804	1800	seq	11503	npc_araxyte02_hatch	17	2.0		unknown	rig	on the rig, name is the Araxxor araxyte: not a candidate; forcedpriority=9
nylocas_miniboss_melee_hard	10804	1800	seq	11504	npc_araxyte_explode	20	4.3	f1:9382:araxxor_acidic_minion_explosion_01	unknown	rig	on the rig, name is the Araxxor araxyte: not a candidate
nylocas_miniboss_melee_hard	10804	1800	seq	11510	npc_araxyte_mirror_back_death	18	4.0	f1:9371:araxxor_mirror_back_minion_death_01;f4:9370:araxxor_mirror_back_minion_death_impact_01	unknown	rig	on the rig, name is the Araxxor araxyte: not a candidate; framestep=1 forcedpriority=10
nylocas_miniboss_melee_hard	10804	1800	seq	14387	top_spider_melee_attack_quiet	18	2.0	f6:11556:synth_11556	attack	rig+name	quiet variant; forcedpriority=6 verticaloffset=4
nylocas_miniboss_melee_hard	10804	1800	seq	14388	top_spider_melee_death_quiet	27	4.3	f1:11558:synth_11558;f7:11557:synth_11557;f8:11559:synth_11559	death	rig+name	quiet variant; framestep=1 forcedpriority=10 verticaloffset=4
nylocas_miniboss_melee_hard	10804	1832	seq	8073	nylocas_pillar_precollapse	1	0.2		unknown	name	name word match only, off this npc's rig (framemap 1832); framestep=1
nylocas_miniboss_melee_hard	10804	1832	seq	8074	nylocas_pillar_collapse	26	4.0		unknown	name	name word match only, off this npc's rig (framemap 1832); framestep=1
nylocas_miniboss_melee_hard	10804	1810	seq	14381	nylocas_queen_idle	24	4.0		unknown	name	name word match only, off this npc's rig (framemap 1810); forcedpriority=4 verticaloffset=3
nylocas_miniboss_melee_hard	10804	1810	seq	14382	nylocas_queen_walk	72	9.0		unknown	name	name word match only, off this npc's rig (framemap 1810); forcedpriority=5 verticaloffset=3
nylocas_miniboss_melee_hard	10804	1810	seq	14383	nylocas_queen_melee	23	3.0	f1:3957:tob_verzik_spider_attack_melee_cry;f13:3936:tob_verzik_spider_attack_melee	unknown	name	name word match only, off this npc's rig (framemap 1810); forcedpriority=6 precedence=2 priority=2 verticaloffset=3
nylocas_miniboss_melee_hard	10804	1810	seq	14384	nylocas_queen_summon	17	2.0	f1:3957:tob_verzik_spider_attack_melee_cry	unknown	name	name word match only, off this npc's rig (framemap 1810); 
nylocas_miniboss_melee_hard	10804	1810	seq	14385	nylocas_queen_ranged	22	2.9	f11:3990:tob_verzik_spider_attack_ranged	unknown	name	name word match only, off this npc's rig (framemap 1810); forcedpriority=6 precedence=2 priority=2 verticaloffset=3
nylocas_miniboss_melee_hard	10804	1810	seq	14386	nylocas_queen_magic	22	3.0	f1:3543:tob_verzik_spark_1;f9:4004:tob_verzik_spider_magic_attack	unknown	name	name word match only, off this npc's rig (framemap 1810); forcedpriority=6 precedence=2 priority=2 verticaloffset=3
nylocas_miniboss_magic_hard	10805	1799	seq	7987	top_spider_magic_walk	24	2.0		walk	bound	walkanim; verticaloffset=4
nylocas_miniboss_magic_hard	10805	1799	seq	7988	top_spider_magic_idle	30	4.0		ready	bound	readyanim; verticaloffset=4
nylocas_miniboss_magic_hard	10805	1799	seq	7989	top_spider_magic_attack	19	2.0	f6:4006:tob_nylocas_magic_attack_5;f9:4006:tob_nylocas_magic_attack_5	attack	rig+name	stretches=yes forcedpriority=6 verticaloffset=4
nylocas_miniboss_magic_hard	10805	1799	seq	7990	top_spider_magic_meleeattack	18	2.0	f6:3982:tob_magic_melee_attack	attack	rig+name	melee swing on a non-melee model; forcedpriority=6 verticaloffset=4
nylocas_miniboss_magic_hard	10805	1799	seq	7991	top_spider_magic_death	30	4.3	f1:4010:tob_magic_death_shriek;f7:3289:tob_magic_death_bang;f8:3984:tob_magic_death_spinning	death	rig+name	framestep=1 forcedpriority=10 verticaloffset=4
nylocas_miniboss_magic_hard	10805	1799	seq	7992	top_spider_magic_death_detonate	50	2.0	f1:3294:tob_nylocas_deathdetonate_shriek;f6:3967:tob_nylocas_deathdetonate_bang_1;f7:3550:tob_nylocas_deathdetonate_spinning_3	special	rig+name	self-destruct; name says death_detonate; framestep=1 forcedpriority=10 verticaloffset=4
nylocas_miniboss_magic_hard	10805	1799	seq	14392	top_spider_magic_attack_quiet	19	2.0	f6:11555:synth_11555;f9:11555:synth_11555	attack	rig+name	quiet variant; stretches=yes forcedpriority=6 verticaloffset=4
nylocas_miniboss_magic_hard	10805	1799	seq	14393	top_spider_magic_meleeattack_quiet	18	2.0	f6:11554:synth_11554	attack	rig+name	melee swing on a non-melee model; forcedpriority=6 verticaloffset=4
nylocas_miniboss_magic_hard	10805	1799	seq	14394	top_spider_magic_death_quiet	30	4.3	f1:11552:synth_11552;f7:11551:synth_11551;f8:11553:synth_11553	death	rig+name	quiet variant; framestep=1 forcedpriority=10 verticaloffset=4
nylocas_miniboss_magic_hard	10805	1832	seq	8073	nylocas_pillar_precollapse	1	0.2		unknown	name	name word match only, off this npc's rig (framemap 1832); framestep=1
nylocas_miniboss_magic_hard	10805	1832	seq	8074	nylocas_pillar_collapse	26	4.0		unknown	name	name word match only, off this npc's rig (framemap 1832); framestep=1
nylocas_miniboss_magic_hard	10805	1810	seq	14381	nylocas_queen_idle	24	4.0		unknown	name	name word match only, off this npc's rig (framemap 1810); forcedpriority=4 verticaloffset=3
nylocas_miniboss_magic_hard	10805	1810	seq	14382	nylocas_queen_walk	72	9.0		unknown	name	name word match only, off this npc's rig (framemap 1810); forcedpriority=5 verticaloffset=3
nylocas_miniboss_magic_hard	10805	1810	seq	14383	nylocas_queen_melee	23	3.0	f1:3957:tob_verzik_spider_attack_melee_cry;f13:3936:tob_verzik_spider_attack_melee	unknown	name	name word match only, off this npc's rig (framemap 1810); forcedpriority=6 precedence=2 priority=2 verticaloffset=3
nylocas_miniboss_magic_hard	10805	1810	seq	14384	nylocas_queen_summon	17	2.0	f1:3957:tob_verzik_spider_attack_melee_cry	unknown	name	name word match only, off this npc's rig (framemap 1810); 
nylocas_miniboss_magic_hard	10805	1810	seq	14385	nylocas_queen_ranged	22	2.9	f11:3990:tob_verzik_spider_attack_ranged	unknown	name	name word match only, off this npc's rig (framemap 1810); forcedpriority=6 precedence=2 priority=2 verticaloffset=3
nylocas_miniboss_magic_hard	10805	1810	seq	14386	nylocas_queen_magic	22	3.0	f1:3543:tob_verzik_spark_1;f9:4004:tob_verzik_spider_magic_attack	unknown	name	name word match only, off this npc's rig (framemap 1810); forcedpriority=6 precedence=2 priority=2 verticaloffset=3
nylocas_miniboss_ranged_hard	10806	1801	seq	7993	top_spider_ranged_idle	12	2.0		ready	bound	readyanim; verticaloffset=4
nylocas_miniboss_ranged_hard	10806	1801	seq	7997	top_spider_ranged_walk	12	1.0		walk	bound	walkanim; verticaloffset=4
nylocas_miniboss_ranged_hard	10806	1801	seq	7998	top_spider_ranged_death	27	4.3	f1:3978:tob_nylocas_range_death_shriek;f7:3232:tob_nylocas_range_death_bang;f8:3943:tob_nylocas_range_death_spinning	death	rig+name	framestep=1 forcedpriority=10 verticaloffset=4
nylocas_miniboss_ranged_hard	10806	1801	seq	7999	top_spider_ranged_attack	15	2.0	f2:3953:tob_nylocas_range_attack_projectiles_2;f10:3966:tob_nylocas_range_attack_shriek_2	attack	rig+name	forcedpriority=6 verticaloffset=4
nylocas_miniboss_ranged_hard	10806	1801	seq	8000	top_spider_ranged_death_detonate	47	2.0	f1:3294:tob_nylocas_deathdetonate_shriek;f6:3967:tob_nylocas_deathdetonate_bang_1;f7:3550:tob_nylocas_deathdetonate_spinning_3	special	rig+name	self-destruct; name says death_detonate; framestep=1 forcedpriority=10 verticaloffset=4
nylocas_miniboss_ranged_hard	10806	1801	seq	8001	top_spider_ranged_meleeattack	18	2.0	f6:3993:tob_nylocas_range_melee_attack	attack	rig+name	melee swing on a non-melee model; forcedpriority=6 verticaloffset=4
nylocas_miniboss_ranged_hard	10806	1801	seq	14389	top_spider_ranged_death_quiet	27	4.3	f1:11562:synth_11562;f7:11561:synth_11561;f8:11563:synth_11563	death	rig+name	quiet variant; framestep=1 forcedpriority=10 verticaloffset=4
nylocas_miniboss_ranged_hard	10806	1801	seq	14390	top_spider_ranged_attack_quiet	15	2.0	f2:11560:synth_11560;f10:3966:tob_nylocas_range_attack_shriek_2	attack	rig+name	quiet variant; forcedpriority=6 verticaloffset=4
nylocas_miniboss_ranged_hard	10806	1801	seq	14391	top_spider_ranged_meleeattack_quiet	18	2.0	f6:11564:synth_11564	attack	rig+name	melee swing on a non-melee model; forcedpriority=6 verticaloffset=4
nylocas_miniboss_ranged_hard	10806	1832	seq	8073	nylocas_pillar_precollapse	1	0.2		unknown	name	name word match only, off this npc's rig (framemap 1832); framestep=1
nylocas_miniboss_ranged_hard	10806	1832	seq	8074	nylocas_pillar_collapse	26	4.0		unknown	name	name word match only, off this npc's rig (framemap 1832); framestep=1
nylocas_miniboss_ranged_hard	10806	1810	seq	14381	nylocas_queen_idle	24	4.0		unknown	name	name word match only, off this npc's rig (framemap 1810); forcedpriority=4 verticaloffset=3
nylocas_miniboss_ranged_hard	10806	1810	seq	14382	nylocas_queen_walk	72	9.0		unknown	name	name word match only, off this npc's rig (framemap 1810); forcedpriority=5 verticaloffset=3
nylocas_miniboss_ranged_hard	10806	1810	seq	14383	nylocas_queen_melee	23	3.0	f1:3957:tob_verzik_spider_attack_melee_cry;f13:3936:tob_verzik_spider_attack_melee	unknown	name	name word match only, off this npc's rig (framemap 1810); forcedpriority=6 precedence=2 priority=2 verticaloffset=3
nylocas_miniboss_ranged_hard	10806	1810	seq	14384	nylocas_queen_summon	17	2.0	f1:3957:tob_verzik_spider_attack_melee_cry	unknown	name	name word match only, off this npc's rig (framemap 1810); 
nylocas_miniboss_ranged_hard	10806	1810	seq	14385	nylocas_queen_ranged	22	2.9	f11:3990:tob_verzik_spider_attack_ranged	unknown	name	name word match only, off this npc's rig (framemap 1810); forcedpriority=6 precedence=2 priority=2 verticaloffset=3
nylocas_miniboss_ranged_hard	10806	1810	seq	14386	nylocas_queen_magic	22	3.0	f1:3543:tob_verzik_spark_1;f9:4004:tob_verzik_spider_magic_attack	unknown	name	name word match only, off this npc's rig (framemap 1810); forcedpriority=6 precedence=2 priority=2 verticaloffset=3
nylocas_boss_spawning_hard	10807	1800	seq	4410	hosdun_spider_boss_attack_ranged	15	2.0		unknown	rig	on the rig, name is the Hosdun spider boss: not a candidate; verticaloffset=4
nylocas_boss_spawning_hard	10807	1800	seq	8002	top_spider_melee_idle	12	2.0		ready	bound	readyanim; verticaloffset=4
nylocas_boss_spawning_hard	10807	1800	seq	8003	top_spider_melee_walk	12	1.0		walk	bound	walkanim; verticaloffset=4
nylocas_boss_spawning_hard	10807	1800	seq	8004	top_spider_melee_attack	18	2.0	f6:3932:tob_nylocas_melee_attack_2	attack	rig+name	forcedpriority=6 verticaloffset=4
nylocas_boss_spawning_hard	10807	1800	seq	8005	top_spider_melee_death	27	4.3	f1:3980:tob_nylocas_melee_death_shriek_2;f7:4011:tob_nylocas_melee_death_bang_1;f8:3992:tob_nylocas_melee_death_spinning_4	death	rig+name	framestep=1 forcedpriority=10 verticaloffset=4
nylocas_boss_spawning_hard	10807	1800	seq	8006	top_spider_melee_death_detonate	47	2.0	f1:3294:tob_nylocas_deathdetonate_shriek;f6:3967:tob_nylocas_deathdetonate_bang_1;f7:3550:tob_nylocas_deathdetonate_spinning_3	special	rig+name	self-destruct; name says death_detonate; framestep=1 forcedpriority=10 verticaloffset=4
nylocas_boss_spawning_hard	10807	1800	seq	8075	top_spider_melee_spawn	16	2.0	f1:3546:tob_nylocas_web_spawn	spawn	rig+name	forcedpriority=10 verticaloffset=4
nylocas_boss_spawning_hard	10807	1800	seq	8147	hosdun_spider_boss_attack_melee	18	2.0		unknown	rig	on the rig, name is the Hosdun spider boss: not a candidate; verticaloffset=4
nylocas_boss_spawning_hard	10807	1800	seq	8318	hosdun_spider_boss_death	36	7.0		unknown	rig	on the rig, name is the Hosdun spider boss: not a candidate; framestep=1 forcedpriority=10 verticaloffset=4
nylocas_boss_spawning_hard	10807	1800	seq	8319	hodsun_spider_boss_walk	12	1.0		unknown	rig	on the rig, name is the Hosdun spider boss: not a candidate; verticaloffset=4
nylocas_boss_spawning_hard	10807	1800	seq	8320	hosdun_spider_boss_idle	12	2.0		unknown	rig	on the rig, name is the Hosdun spider boss: not a candidate; verticaloffset=4
nylocas_boss_spawning_hard	10807	1800	seq	8338	sote_gauntlet_spider_death	18	3.0		unknown	rig	on the rig, name is the Sotetseg gauntlet spider: not a candidate; forcedpriority=11 verticaloffset=4
nylocas_boss_spawning_hard	10807	1800	seq	8339	sote_gauntlet_spider_attack_melee	18	2.0		unknown	rig	on the rig, name is the Sotetseg gauntlet spider: not a candidate; forcedpriority=6 verticaloffset=4
nylocas_boss_spawning_hard	10807	1800	seq	8340	sote_gauntlet_spider_idle	12	2.0		unknown	rig	on the rig, name is the Sotetseg gauntlet spider: not a candidate; forcedpriority=4 verticaloffset=4
nylocas_boss_spawning_hard	10807	1800	seq	8341	sote_gauntlet_spider_walk	12	1.0		unknown	rig	on the rig, name is the Sotetseg gauntlet spider: not a candidate; forcedpriority=5 verticaloffset=4
nylocas_boss_spawning_hard	10807	1800	seq	8425	crystal_spider_attack	18	2.0		unknown	rig	on the rig, name is the crystal spider: not a candidate; forcedpriority=6 verticaloffset=4
nylocas_boss_spawning_hard	10807	1800	seq	8426	crystal_spider_death	47	2.0		unknown	rig	on the rig, name is the crystal spider: not a candidate; framestep=1 forcedpriority=10 verticaloffset=4
nylocas_boss_spawning_hard	10807	1800	seq	9030	top_spider_melee_spawn_noloop	16	2.0	f1:3546:tob_nylocas_web_spawn	spawn	rig+name	forcedpriority=10 verticaloffset=4
nylocas_boss_spawning_hard	10807	1800	seq	9136	hodsun_spider_boss_walk_small	12	0.6		unknown	rig	on the rig, name is the Hosdun spider boss: not a candidate; verticaloffset=4
nylocas_boss_spawning_hard	10807	1800	seq	9137	npc_araxyte01_idle	12	2.0		unknown	rig	on the rig, name is the Araxxor araxyte: not a candidate; forcedpriority=4
nylocas_boss_spawning_hard	10807	1800	seq	9138	npc_araxyte01_walk	12	1.0		unknown	rig	on the rig, name is the Araxxor araxyte: not a candidate; forcedpriority=5
nylocas_boss_spawning_hard	10807	1800	seq	9139	npc_araxyte01_walk_fast	12	0.6		unknown	rig	on the rig, name is the Araxxor araxyte: not a candidate; forcedpriority=5
nylocas_boss_spawning_hard	10807	1800	seq	9140	npc_araxyte01_attack	18	2.0		unknown	rig	on the rig, name is the Araxxor araxyte: not a candidate; forcedpriority=6
nylocas_boss_spawning_hard	10807	1800	seq	9141	npc_araxyte01_death	18	4.0	f1:9371:araxxor_mirror_back_minion_death_01;f4:9370:araxxor_mirror_back_minion_death_impact_01	unknown	rig	on the rig, name is the Araxxor araxyte: not a candidate; framestep=1 forcedpriority=10
nylocas_boss_spawning_hard	10807	1800	seq	11494	npc_araxyte02_idle	12	2.0		unknown	rig	on the rig, name is the Araxxor araxyte: not a candidate; forcedpriority=4
nylocas_boss_spawning_hard	10807	1800	seq	11495	npc_araxyte02_walk	12	1.0		unknown	rig	on the rig, name is the Araxxor araxyte: not a candidate; forcedpriority=5
nylocas_boss_spawning_hard	10807	1800	seq	11496	npc_araxyte02_walk_fast	12	0.6		unknown	rig	on the rig, name is the Araxxor araxyte: not a candidate; forcedpriority=5
nylocas_boss_spawning_hard	10807	1800	seq	11497	npc_araxyte02_attack	18	2.0		unknown	rig	on the rig, name is the Araxxor araxyte: not a candidate; forcedpriority=6
nylocas_boss_spawning_hard	10807	1800	seq	11498	npc_araxyte_acidic_01_attack	18	2.0	f2:9381:araxxor_acidic_minion_attack_03;f7:9381:araxxor_acidic_minion_attack_03	unknown	rig	on the rig, name is the Araxxor araxyte: not a candidate; forcedpriority=6
nylocas_boss_spawning_hard	10807	1800	seq	11499	npc_araxyte_acidic_02_attack	18	2.0	f2:9381:araxxor_acidic_minion_attack_03;f7:9381:araxxor_acidic_minion_attack_03	unknown	rig	on the rig, name is the Araxxor araxyte: not a candidate; forcedpriority=6
nylocas_boss_spawning_hard	10807	1800	seq	11500	npc_araxyte_mirror_back_01_attack	18	2.0	f2:9372:araxxor_mirror_back_minion_attack_01_01;f7:9375:araxxor_mirror_back_minion_attack_02_01	unknown	rig	on the rig, name is the Araxxor araxyte: not a candidate; forcedpriority=6
nylocas_boss_spawning_hard	10807	1800	seq	11501	npc_araxyte_mirror_back_02_attack	18	2.0	f2:9372:araxxor_mirror_back_minion_attack_01_01;f7:9375:araxxor_mirror_back_minion_attack_02_01	unknown	rig	on the rig, name is the Araxxor araxyte: not a candidate; forcedpriority=6
nylocas_boss_spawning_hard	10807	1800	seq	11502	npc_araxyte02_death	18	4.0	f1:9371:araxxor_mirror_back_minion_death_01;f4:9370:araxxor_mirror_back_minion_death_impact_01	unknown	rig	on the rig, name is the Araxxor araxyte: not a candidate; forcedpriority=10
nylocas_boss_spawning_hard	10807	1800	seq	11503	npc_araxyte02_hatch	17	2.0		unknown	rig	on the rig, name is the Araxxor araxyte: not a candidate; forcedpriority=9
nylocas_boss_spawning_hard	10807	1800	seq	11504	npc_araxyte_explode	20	4.3	f1:9382:araxxor_acidic_minion_explosion_01	unknown	rig	on the rig, name is the Araxxor araxyte: not a candidate
nylocas_boss_spawning_hard	10807	1800	seq	11510	npc_araxyte_mirror_back_death	18	4.0	f1:9371:araxxor_mirror_back_minion_death_01;f4:9370:araxxor_mirror_back_minion_death_impact_01	unknown	rig	on the rig, name is the Araxxor araxyte: not a candidate; framestep=1 forcedpriority=10
nylocas_boss_spawning_hard	10807	1800	seq	14387	top_spider_melee_attack_quiet	18	2.0	f6:11556:synth_11556	attack	rig+name	quiet variant; forcedpriority=6 verticaloffset=4
nylocas_boss_spawning_hard	10807	1800	seq	14388	top_spider_melee_death_quiet	27	4.3	f1:11558:synth_11558;f7:11557:synth_11557;f8:11559:synth_11559	death	rig+name	quiet variant; framestep=1 forcedpriority=10 verticaloffset=4
nylocas_boss_spawning_hard	10807	1832	seq	8073	nylocas_pillar_precollapse	1	0.2		unknown	name	name word match only, off this npc's rig (framemap 1832); framestep=1
nylocas_boss_spawning_hard	10807	1832	seq	8074	nylocas_pillar_collapse	26	4.0		unknown	name	name word match only, off this npc's rig (framemap 1832); framestep=1
nylocas_boss_spawning_hard	10807	1810	seq	14381	nylocas_queen_idle	24	4.0		unknown	name	name word match only, off this npc's rig (framemap 1810); forcedpriority=4 verticaloffset=3
nylocas_boss_spawning_hard	10807	1810	seq	14382	nylocas_queen_walk	72	9.0		unknown	name	name word match only, off this npc's rig (framemap 1810); forcedpriority=5 verticaloffset=3
nylocas_boss_spawning_hard	10807	1810	seq	14383	nylocas_queen_melee	23	3.0	f1:3957:tob_verzik_spider_attack_melee_cry;f13:3936:tob_verzik_spider_attack_melee	unknown	name	name word match only, off this npc's rig (framemap 1810); forcedpriority=6 precedence=2 priority=2 verticaloffset=3
nylocas_boss_spawning_hard	10807	1810	seq	14384	nylocas_queen_summon	17	2.0	f1:3957:tob_verzik_spider_attack_melee_cry	unknown	name	name word match only, off this npc's rig (framemap 1810); 
nylocas_boss_spawning_hard	10807	1810	seq	14385	nylocas_queen_ranged	22	2.9	f11:3990:tob_verzik_spider_attack_ranged	unknown	name	name word match only, off this npc's rig (framemap 1810); forcedpriority=6 precedence=2 priority=2 verticaloffset=3
nylocas_boss_spawning_hard	10807	1810	seq	14386	nylocas_queen_magic	22	3.0	f1:3543:tob_verzik_spark_1;f9:4004:tob_verzik_spider_magic_attack	unknown	name	name word match only, off this npc's rig (framemap 1810); forcedpriority=6 precedence=2 priority=2 verticaloffset=3
nylocas_boss_melee_hard	10808	1800	seq	4410	hosdun_spider_boss_attack_ranged	15	2.0		unknown	rig	on the rig, name is the Hosdun spider boss: not a candidate; verticaloffset=4
nylocas_boss_melee_hard	10808	1800	seq	8002	top_spider_melee_idle	12	2.0		ready	bound	readyanim; verticaloffset=4
nylocas_boss_melee_hard	10808	1800	seq	8003	top_spider_melee_walk	12	1.0		walk	bound	walkanim; verticaloffset=4
nylocas_boss_melee_hard	10808	1800	seq	8004	top_spider_melee_attack	18	2.0	f6:3932:tob_nylocas_melee_attack_2	attack	rig+name	forcedpriority=6 verticaloffset=4
nylocas_boss_melee_hard	10808	1800	seq	8005	top_spider_melee_death	27	4.3	f1:3980:tob_nylocas_melee_death_shriek_2;f7:4011:tob_nylocas_melee_death_bang_1;f8:3992:tob_nylocas_melee_death_spinning_4	death	rig+name	framestep=1 forcedpriority=10 verticaloffset=4
nylocas_boss_melee_hard	10808	1800	seq	8006	top_spider_melee_death_detonate	47	2.0	f1:3294:tob_nylocas_deathdetonate_shriek;f6:3967:tob_nylocas_deathdetonate_bang_1;f7:3550:tob_nylocas_deathdetonate_spinning_3	special	rig+name	self-destruct; name says death_detonate; framestep=1 forcedpriority=10 verticaloffset=4
nylocas_boss_melee_hard	10808	1800	seq	8075	top_spider_melee_spawn	16	2.0	f1:3546:tob_nylocas_web_spawn	spawn	rig+name	forcedpriority=10 verticaloffset=4
nylocas_boss_melee_hard	10808	1800	seq	8147	hosdun_spider_boss_attack_melee	18	2.0		unknown	rig	on the rig, name is the Hosdun spider boss: not a candidate; verticaloffset=4
nylocas_boss_melee_hard	10808	1800	seq	8318	hosdun_spider_boss_death	36	7.0		unknown	rig	on the rig, name is the Hosdun spider boss: not a candidate; framestep=1 forcedpriority=10 verticaloffset=4
nylocas_boss_melee_hard	10808	1800	seq	8319	hodsun_spider_boss_walk	12	1.0		unknown	rig	on the rig, name is the Hosdun spider boss: not a candidate; verticaloffset=4
nylocas_boss_melee_hard	10808	1800	seq	8320	hosdun_spider_boss_idle	12	2.0		unknown	rig	on the rig, name is the Hosdun spider boss: not a candidate; verticaloffset=4
nylocas_boss_melee_hard	10808	1800	seq	8338	sote_gauntlet_spider_death	18	3.0		unknown	rig	on the rig, name is the Sotetseg gauntlet spider: not a candidate; forcedpriority=11 verticaloffset=4
nylocas_boss_melee_hard	10808	1800	seq	8339	sote_gauntlet_spider_attack_melee	18	2.0		unknown	rig	on the rig, name is the Sotetseg gauntlet spider: not a candidate; forcedpriority=6 verticaloffset=4
nylocas_boss_melee_hard	10808	1800	seq	8340	sote_gauntlet_spider_idle	12	2.0		unknown	rig	on the rig, name is the Sotetseg gauntlet spider: not a candidate; forcedpriority=4 verticaloffset=4
nylocas_boss_melee_hard	10808	1800	seq	8341	sote_gauntlet_spider_walk	12	1.0		unknown	rig	on the rig, name is the Sotetseg gauntlet spider: not a candidate; forcedpriority=5 verticaloffset=4
nylocas_boss_melee_hard	10808	1800	seq	8425	crystal_spider_attack	18	2.0		unknown	rig	on the rig, name is the crystal spider: not a candidate; forcedpriority=6 verticaloffset=4
nylocas_boss_melee_hard	10808	1800	seq	8426	crystal_spider_death	47	2.0		unknown	rig	on the rig, name is the crystal spider: not a candidate; framestep=1 forcedpriority=10 verticaloffset=4
nylocas_boss_melee_hard	10808	1800	seq	9030	top_spider_melee_spawn_noloop	16	2.0	f1:3546:tob_nylocas_web_spawn	spawn	rig+name	forcedpriority=10 verticaloffset=4
nylocas_boss_melee_hard	10808	1800	seq	9136	hodsun_spider_boss_walk_small	12	0.6		unknown	rig	on the rig, name is the Hosdun spider boss: not a candidate; verticaloffset=4
nylocas_boss_melee_hard	10808	1800	seq	9137	npc_araxyte01_idle	12	2.0		unknown	rig	on the rig, name is the Araxxor araxyte: not a candidate; forcedpriority=4
nylocas_boss_melee_hard	10808	1800	seq	9138	npc_araxyte01_walk	12	1.0		unknown	rig	on the rig, name is the Araxxor araxyte: not a candidate; forcedpriority=5
nylocas_boss_melee_hard	10808	1800	seq	9139	npc_araxyte01_walk_fast	12	0.6		unknown	rig	on the rig, name is the Araxxor araxyte: not a candidate; forcedpriority=5
nylocas_boss_melee_hard	10808	1800	seq	9140	npc_araxyte01_attack	18	2.0		unknown	rig	on the rig, name is the Araxxor araxyte: not a candidate; forcedpriority=6
nylocas_boss_melee_hard	10808	1800	seq	9141	npc_araxyte01_death	18	4.0	f1:9371:araxxor_mirror_back_minion_death_01;f4:9370:araxxor_mirror_back_minion_death_impact_01	unknown	rig	on the rig, name is the Araxxor araxyte: not a candidate; framestep=1 forcedpriority=10
nylocas_boss_melee_hard	10808	1800	seq	11494	npc_araxyte02_idle	12	2.0		unknown	rig	on the rig, name is the Araxxor araxyte: not a candidate; forcedpriority=4
nylocas_boss_melee_hard	10808	1800	seq	11495	npc_araxyte02_walk	12	1.0		unknown	rig	on the rig, name is the Araxxor araxyte: not a candidate; forcedpriority=5
nylocas_boss_melee_hard	10808	1800	seq	11496	npc_araxyte02_walk_fast	12	0.6		unknown	rig	on the rig, name is the Araxxor araxyte: not a candidate; forcedpriority=5
nylocas_boss_melee_hard	10808	1800	seq	11497	npc_araxyte02_attack	18	2.0		unknown	rig	on the rig, name is the Araxxor araxyte: not a candidate; forcedpriority=6
nylocas_boss_melee_hard	10808	1800	seq	11498	npc_araxyte_acidic_01_attack	18	2.0	f2:9381:araxxor_acidic_minion_attack_03;f7:9381:araxxor_acidic_minion_attack_03	unknown	rig	on the rig, name is the Araxxor araxyte: not a candidate; forcedpriority=6
nylocas_boss_melee_hard	10808	1800	seq	11499	npc_araxyte_acidic_02_attack	18	2.0	f2:9381:araxxor_acidic_minion_attack_03;f7:9381:araxxor_acidic_minion_attack_03	unknown	rig	on the rig, name is the Araxxor araxyte: not a candidate; forcedpriority=6
nylocas_boss_melee_hard	10808	1800	seq	11500	npc_araxyte_mirror_back_01_attack	18	2.0	f2:9372:araxxor_mirror_back_minion_attack_01_01;f7:9375:araxxor_mirror_back_minion_attack_02_01	unknown	rig	on the rig, name is the Araxxor araxyte: not a candidate; forcedpriority=6
nylocas_boss_melee_hard	10808	1800	seq	11501	npc_araxyte_mirror_back_02_attack	18	2.0	f2:9372:araxxor_mirror_back_minion_attack_01_01;f7:9375:araxxor_mirror_back_minion_attack_02_01	unknown	rig	on the rig, name is the Araxxor araxyte: not a candidate; forcedpriority=6
nylocas_boss_melee_hard	10808	1800	seq	11502	npc_araxyte02_death	18	4.0	f1:9371:araxxor_mirror_back_minion_death_01;f4:9370:araxxor_mirror_back_minion_death_impact_01	unknown	rig	on the rig, name is the Araxxor araxyte: not a candidate; forcedpriority=10
nylocas_boss_melee_hard	10808	1800	seq	11503	npc_araxyte02_hatch	17	2.0		unknown	rig	on the rig, name is the Araxxor araxyte: not a candidate; forcedpriority=9
nylocas_boss_melee_hard	10808	1800	seq	11504	npc_araxyte_explode	20	4.3	f1:9382:araxxor_acidic_minion_explosion_01	unknown	rig	on the rig, name is the Araxxor araxyte: not a candidate
nylocas_boss_melee_hard	10808	1800	seq	11510	npc_araxyte_mirror_back_death	18	4.0	f1:9371:araxxor_mirror_back_minion_death_01;f4:9370:araxxor_mirror_back_minion_death_impact_01	unknown	rig	on the rig, name is the Araxxor araxyte: not a candidate; framestep=1 forcedpriority=10
nylocas_boss_melee_hard	10808	1800	seq	14387	top_spider_melee_attack_quiet	18	2.0	f6:11556:synth_11556	attack	rig+name	quiet variant; forcedpriority=6 verticaloffset=4
nylocas_boss_melee_hard	10808	1800	seq	14388	top_spider_melee_death_quiet	27	4.3	f1:11558:synth_11558;f7:11557:synth_11557;f8:11559:synth_11559	death	rig+name	quiet variant; framestep=1 forcedpriority=10 verticaloffset=4
nylocas_boss_melee_hard	10808	1832	seq	8073	nylocas_pillar_precollapse	1	0.2		unknown	name	name word match only, off this npc's rig (framemap 1832); framestep=1
nylocas_boss_melee_hard	10808	1832	seq	8074	nylocas_pillar_collapse	26	4.0		unknown	name	name word match only, off this npc's rig (framemap 1832); framestep=1
nylocas_boss_melee_hard	10808	1810	seq	14381	nylocas_queen_idle	24	4.0		unknown	name	name word match only, off this npc's rig (framemap 1810); forcedpriority=4 verticaloffset=3
nylocas_boss_melee_hard	10808	1810	seq	14382	nylocas_queen_walk	72	9.0		unknown	name	name word match only, off this npc's rig (framemap 1810); forcedpriority=5 verticaloffset=3
nylocas_boss_melee_hard	10808	1810	seq	14383	nylocas_queen_melee	23	3.0	f1:3957:tob_verzik_spider_attack_melee_cry;f13:3936:tob_verzik_spider_attack_melee	unknown	name	name word match only, off this npc's rig (framemap 1810); forcedpriority=6 precedence=2 priority=2 verticaloffset=3
nylocas_boss_melee_hard	10808	1810	seq	14384	nylocas_queen_summon	17	2.0	f1:3957:tob_verzik_spider_attack_melee_cry	unknown	name	name word match only, off this npc's rig (framemap 1810); 
nylocas_boss_melee_hard	10808	1810	seq	14385	nylocas_queen_ranged	22	2.9	f11:3990:tob_verzik_spider_attack_ranged	unknown	name	name word match only, off this npc's rig (framemap 1810); forcedpriority=6 precedence=2 priority=2 verticaloffset=3
nylocas_boss_melee_hard	10808	1810	seq	14386	nylocas_queen_magic	22	3.0	f1:3543:tob_verzik_spark_1;f9:4004:tob_verzik_spider_magic_attack	unknown	name	name word match only, off this npc's rig (framemap 1810); forcedpriority=6 precedence=2 priority=2 verticaloffset=3
nylocas_boss_magic_hard	10809	1799	seq	7987	top_spider_magic_walk	24	2.0		walk	bound	walkanim; verticaloffset=4
nylocas_boss_magic_hard	10809	1799	seq	7988	top_spider_magic_idle	30	4.0		ready	bound	readyanim; verticaloffset=4
nylocas_boss_magic_hard	10809	1799	seq	7989	top_spider_magic_attack	19	2.0	f6:4006:tob_nylocas_magic_attack_5;f9:4006:tob_nylocas_magic_attack_5	attack	rig+name	stretches=yes forcedpriority=6 verticaloffset=4
nylocas_boss_magic_hard	10809	1799	seq	7990	top_spider_magic_meleeattack	18	2.0	f6:3982:tob_magic_melee_attack	attack	rig+name	melee swing on a non-melee model; forcedpriority=6 verticaloffset=4
nylocas_boss_magic_hard	10809	1799	seq	7991	top_spider_magic_death	30	4.3	f1:4010:tob_magic_death_shriek;f7:3289:tob_magic_death_bang;f8:3984:tob_magic_death_spinning	death	rig+name	framestep=1 forcedpriority=10 verticaloffset=4
nylocas_boss_magic_hard	10809	1799	seq	7992	top_spider_magic_death_detonate	50	2.0	f1:3294:tob_nylocas_deathdetonate_shriek;f6:3967:tob_nylocas_deathdetonate_bang_1;f7:3550:tob_nylocas_deathdetonate_spinning_3	special	rig+name	self-destruct; name says death_detonate; framestep=1 forcedpriority=10 verticaloffset=4
nylocas_boss_magic_hard	10809	1799	seq	14392	top_spider_magic_attack_quiet	19	2.0	f6:11555:synth_11555;f9:11555:synth_11555	attack	rig+name	quiet variant; stretches=yes forcedpriority=6 verticaloffset=4
nylocas_boss_magic_hard	10809	1799	seq	14393	top_spider_magic_meleeattack_quiet	18	2.0	f6:11554:synth_11554	attack	rig+name	melee swing on a non-melee model; forcedpriority=6 verticaloffset=4
nylocas_boss_magic_hard	10809	1799	seq	14394	top_spider_magic_death_quiet	30	4.3	f1:11552:synth_11552;f7:11551:synth_11551;f8:11553:synth_11553	death	rig+name	quiet variant; framestep=1 forcedpriority=10 verticaloffset=4
nylocas_boss_magic_hard	10809	1832	seq	8073	nylocas_pillar_precollapse	1	0.2		unknown	name	name word match only, off this npc's rig (framemap 1832); framestep=1
nylocas_boss_magic_hard	10809	1832	seq	8074	nylocas_pillar_collapse	26	4.0		unknown	name	name word match only, off this npc's rig (framemap 1832); framestep=1
nylocas_boss_magic_hard	10809	1810	seq	14381	nylocas_queen_idle	24	4.0		unknown	name	name word match only, off this npc's rig (framemap 1810); forcedpriority=4 verticaloffset=3
nylocas_boss_magic_hard	10809	1810	seq	14382	nylocas_queen_walk	72	9.0		unknown	name	name word match only, off this npc's rig (framemap 1810); forcedpriority=5 verticaloffset=3
nylocas_boss_magic_hard	10809	1810	seq	14383	nylocas_queen_melee	23	3.0	f1:3957:tob_verzik_spider_attack_melee_cry;f13:3936:tob_verzik_spider_attack_melee	unknown	name	name word match only, off this npc's rig (framemap 1810); forcedpriority=6 precedence=2 priority=2 verticaloffset=3
nylocas_boss_magic_hard	10809	1810	seq	14384	nylocas_queen_summon	17	2.0	f1:3957:tob_verzik_spider_attack_melee_cry	unknown	name	name word match only, off this npc's rig (framemap 1810); 
nylocas_boss_magic_hard	10809	1810	seq	14385	nylocas_queen_ranged	22	2.9	f11:3990:tob_verzik_spider_attack_ranged	unknown	name	name word match only, off this npc's rig (framemap 1810); forcedpriority=6 precedence=2 priority=2 verticaloffset=3
nylocas_boss_magic_hard	10809	1810	seq	14386	nylocas_queen_magic	22	3.0	f1:3543:tob_verzik_spark_1;f9:4004:tob_verzik_spider_magic_attack	unknown	name	name word match only, off this npc's rig (framemap 1810); forcedpriority=6 precedence=2 priority=2 verticaloffset=3
nylocas_boss_ranged_hard	10810	1801	seq	7993	top_spider_ranged_idle	12	2.0		ready	bound	readyanim; verticaloffset=4
nylocas_boss_ranged_hard	10810	1801	seq	7997	top_spider_ranged_walk	12	1.0		walk	bound	walkanim; verticaloffset=4
nylocas_boss_ranged_hard	10810	1801	seq	7998	top_spider_ranged_death	27	4.3	f1:3978:tob_nylocas_range_death_shriek;f7:3232:tob_nylocas_range_death_bang;f8:3943:tob_nylocas_range_death_spinning	death	rig+name	framestep=1 forcedpriority=10 verticaloffset=4
nylocas_boss_ranged_hard	10810	1801	seq	7999	top_spider_ranged_attack	15	2.0	f2:3953:tob_nylocas_range_attack_projectiles_2;f10:3966:tob_nylocas_range_attack_shriek_2	attack	rig+name	forcedpriority=6 verticaloffset=4
nylocas_boss_ranged_hard	10810	1801	seq	8000	top_spider_ranged_death_detonate	47	2.0	f1:3294:tob_nylocas_deathdetonate_shriek;f6:3967:tob_nylocas_deathdetonate_bang_1;f7:3550:tob_nylocas_deathdetonate_spinning_3	special	rig+name	self-destruct; name says death_detonate; framestep=1 forcedpriority=10 verticaloffset=4
nylocas_boss_ranged_hard	10810	1801	seq	8001	top_spider_ranged_meleeattack	18	2.0	f6:3993:tob_nylocas_range_melee_attack	attack	rig+name	melee swing on a non-melee model; forcedpriority=6 verticaloffset=4
nylocas_boss_ranged_hard	10810	1801	seq	14389	top_spider_ranged_death_quiet	27	4.3	f1:11562:synth_11562;f7:11561:synth_11561;f8:11563:synth_11563	death	rig+name	quiet variant; framestep=1 forcedpriority=10 verticaloffset=4
nylocas_boss_ranged_hard	10810	1801	seq	14390	top_spider_ranged_attack_quiet	15	2.0	f2:11560:synth_11560;f10:3966:tob_nylocas_range_attack_shriek_2	attack	rig+name	quiet variant; forcedpriority=6 verticaloffset=4
nylocas_boss_ranged_hard	10810	1801	seq	14391	top_spider_ranged_meleeattack_quiet	18	2.0	f6:11564:synth_11564	attack	rig+name	melee swing on a non-melee model; forcedpriority=6 verticaloffset=4
nylocas_boss_ranged_hard	10810	1832	seq	8073	nylocas_pillar_precollapse	1	0.2		unknown	name	name word match only, off this npc's rig (framemap 1832); framestep=1
nylocas_boss_ranged_hard	10810	1832	seq	8074	nylocas_pillar_collapse	26	4.0		unknown	name	name word match only, off this npc's rig (framemap 1832); framestep=1
nylocas_boss_ranged_hard	10810	1810	seq	14381	nylocas_queen_idle	24	4.0		unknown	name	name word match only, off this npc's rig (framemap 1810); forcedpriority=4 verticaloffset=3
nylocas_boss_ranged_hard	10810	1810	seq	14382	nylocas_queen_walk	72	9.0		unknown	name	name word match only, off this npc's rig (framemap 1810); forcedpriority=5 verticaloffset=3
nylocas_boss_ranged_hard	10810	1810	seq	14383	nylocas_queen_melee	23	3.0	f1:3957:tob_verzik_spider_attack_melee_cry;f13:3936:tob_verzik_spider_attack_melee	unknown	name	name word match only, off this npc's rig (framemap 1810); forcedpriority=6 precedence=2 priority=2 verticaloffset=3
nylocas_boss_ranged_hard	10810	1810	seq	14384	nylocas_queen_summon	17	2.0	f1:3957:tob_verzik_spider_attack_melee_cry	unknown	name	name word match only, off this npc's rig (framemap 1810); 
nylocas_boss_ranged_hard	10810	1810	seq	14385	nylocas_queen_ranged	22	2.9	f11:3990:tob_verzik_spider_attack_ranged	unknown	name	name word match only, off this npc's rig (framemap 1810); forcedpriority=6 precedence=2 priority=2 verticaloffset=3
nylocas_boss_ranged_hard	10810	1810	seq	14386	nylocas_queen_magic	22	3.0	f1:3543:tob_verzik_spark_1;f9:4004:tob_verzik_spider_magic_attack	unknown	name	name word match only, off this npc's rig (framemap 1810); forcedpriority=6 precedence=2 priority=2 verticaloffset=3
tob_nylocas_support_hard	10811	-	seq	-	-				unknown	rig	npc names no readyanim or walkanim: no rig, no candidate set
(room)	-1	607	spotanim	1558	tob_nylocas_shielded	9	0.6		other	name	anim=druidicspirit_druidsshield_spotanim (seq 1102) rig 607; graphic has its own model; role by spotanim name only
(room)	-1	-	spotanim	1559	tob_nylocas_rangedprojectile_size1				attack	name	anim= (seq -) rig -; graphic has its own model; role by spotanim name only
(room)	-1	-	spotanim	1560	tob_nylocas_rangedprojectile_sizemid				attack	name	anim= (seq -) rig -; graphic has its own model; role by spotanim name only
(room)	-1	-	spotanim	1561	tob_nylocas_rangedprojectile_size2				attack	name	anim= (seq -) rig -; graphic has its own model; role by spotanim name only
(room)	-1	1800	spotanim	1562	tob_nylocas_death_melee_standard	27	4.3	f1:3980:tob_nylocas_melee_death_shriek_2;f7:4011:tob_nylocas_melee_death_bang_1;f8:3992:tob_nylocas_melee_death_spinning_4	death	name	anim=top_spider_melee_death (seq 8005) rig 1800; graphic has its own model; role by spotanim name only
(room)	-1	1801	spotanim	1563	tob_nylocas_death_ranged_standard	27	4.3	f1:3978:tob_nylocas_range_death_shriek;f7:3232:tob_nylocas_range_death_bang;f8:3943:tob_nylocas_range_death_spinning	death	name	anim=top_spider_ranged_death (seq 7998) rig 1801; graphic has its own model; role by spotanim name only
(room)	-1	1799	spotanim	1564	tob_nylocas_death_magic_standard	30	4.3	f1:4010:tob_magic_death_shriek;f7:3289:tob_magic_death_bang;f8:3984:tob_magic_death_spinning	death	name	anim=top_spider_magic_death (seq 7991) rig 1799; graphic has its own model; role by spotanim name only
(room)	-1	1800	spotanim	1565	tob_nylocas_death_melee_detonate	47	2.0	f1:3294:tob_nylocas_deathdetonate_shriek;f6:3967:tob_nylocas_deathdetonate_bang_1;f7:3550:tob_nylocas_deathdetonate_spinning_3	special	name	anim=top_spider_melee_death_detonate (seq 8006) rig 1800; graphic has its own model; role by spotanim name only
(room)	-1	1801	spotanim	1566	tob_nylocas_death_ranged_detonate	47	2.0	f1:3294:tob_nylocas_deathdetonate_shriek;f6:3967:tob_nylocas_deathdetonate_bang_1;f7:3550:tob_nylocas_deathdetonate_spinning_3	special	name	anim=top_spider_ranged_death_detonate (seq 8000) rig 1801; graphic has its own model; role by spotanim name only
(room)	-1	1799	spotanim	1567	tob_nylocas_death_magic_detonate	50	2.0	f1:3294:tob_nylocas_deathdetonate_shriek;f6:3967:tob_nylocas_deathdetonate_bang_1;f7:3550:tob_nylocas_deathdetonate_spinning_3	special	name	anim=top_spider_magic_death_detonate (seq 7992) rig 1799; graphic has its own model; role by spotanim name only
