framemap_id,seq_id,kind,frame_count,seq_name
344,0,classic,14,
344,1,classic,11,
344,2,classic,23,
304,3,classic,35,
304,4,classic,8,
304,5,classic,1,
277,6,classic,16,
1540,7,classic,12,
1540,8,classic,12,
1540,9,classic,23,
335,10,classic,8,
335,11,classic,10,
335,12,classic,10,
0,13,classic,8,
0,14,classic,11,
0,15,classic,12,
284,16,classic,8,
284,17,classic,2,
284,18,classic,13,
284,19,classic,9,
284,20,classic,9,
1080,21,classic,16,
272,22,classic,8,
272,23,classic,8,
272,24,classic,8,
1080,25,classic,17,
1080,26,classic,15,
1080,27,classic,12,
1080,28,classic,36,
273,29,classic,8,
273,30,classic,7,
273,31,classic,6,
273,32,classic,8,
273,33,classic,8,
273,34,classic,8,
273,35,classic,8,
273,36,classic,9,
275,37,classic,8,
275,38,classic,8,
275,39,classic,8,
275,40,classic,8,
275,41,classic,5,
275,42,classic,8,
275,43,classic,2,
275,44,classic,9,
279,45,classic,8,
279,46,classic,8,
279,47,classic,8,
279,48,classic,8,
279,49,classic,7,
279,50,classic,8,
279,51,classic,2,
279,52,classic,5,
281,53,classic,4,
281,54,classic,2,
281,55,classic,4,
281,56,classic,5,
281,57,classic,7,
282,58,classic,8,
282,59,classic,4,
282,60,classic,4,
282,61,classic,26,
282,62,classic,9,
1078,63,classic,20,
1078,64,classic,18,
1078,65,classic,20,
1078,66,classic,11,
1078,67,classic,31,
1078,68,classic,31,
1078,69,classic,27,
286,70,classic,9,
286,71,classic,12,
286,72,classic,12,
285,73,classic,16,
288,74,classic,8,
288,75,classic,4,
288,76,classic,8,
288,77,classic,2,
288,78,classic,9,
1080,79,classic,16,
1080,80,classic,17,
1080,81,classic,30,
1080,82,classic,30,
1080,83,classic,30,
1080,84,classic,30,
294,85,classic,12,
1090,86,classic,20,
291,87,classic,12,
293,88,classic,12,
1080,89,classic,21,
1080,90,classic,12,
1080,91,classic,11,
1080,92,classic,36,
295,93,classic,8,
295,94,classic,5,
295,95,classic,5,
295,96,classic,2,
295,97,classic,5,
297,98,classic,8,
297,99,classic,7,
297,100,classic,6,
297,101,classic,4,
297,102,classic,9,
297,103,classic,25,
297,104,classic,8,
297,105,classic,18,
299,106,classic,8,
299,107,classic,8,
299,108,classic,8,
299,109,classic,8,
299,110,classic,7,
299,111,classic,6,
299,112,classic,2,
299,113,classic,9,
2180,114,classic,5,
2180,115,classic,6,
2180,116,classic,6,
2180,117,classic,5,
2180,118,classic,6,
301,119,classic,8,
301,120,classic,8,
301,121,classic,8,
301,122,classic,8,
301,123,classic,10,
301,124,classic,9,
301,125,classic,2,
301,126,classic,9,
302,127,classic,8,
302,128,classic,7,
302,129,classic,8,
302,130,classic,4,
302,131,classic,9,
302,132,classic,18,
302,133,classic,16,
302,134,classic,16,
303,135,classic,16,
303,136,classic,15,
2180,137,classic,2,
2180,138,classic,1,
2180,139,classic,3,
2180,140,classic,6,
2180,141,classic,6,
306,142,classic,6,
306,143,classic,3,
306,144,classic,3,
306,145,classic,2,
306,146,classic,5,
306,147,classic,13,
306,148,classic,9,
306,149,classic,9,
307,150,classic,9,
307,151,classic,9,
310,152,classic,8,
310,153,classic,8,
310,154,classic,8,
310,155,classic,4,
310,156,classic,9,
311,157,classic,8,
311,158,classic,6,
311,159,classic,8,
311,160,classic,2,
311,161,classic,9,
312,162,classic,8,
312,163,classic,4,
312,164,classic,4,
312,165,classic,8,
312,166,classic,2,
312,167,classic,9,
1240,168,classic,8,
1240,169,classic,12,
1240,170,classic,8,
1240,171,classic,8,
1240,172,classic,19,
1240,173,classic,12,
1240,174,classic,6,
1240,175,classic,10,
316,176,classic,8,
316,177,classic,6,
316,178,classic,6,
316,179,classic,2,
316,180,classic,9,
317,181,classic,5,
317,182,classic,5,
317,183,classic,5,
317,184,classic,5,
317,185,classic,9,
317,186,classic,8,
317,187,classic,2,
317,188,classic,5,
319,189,classic,8,
319,190,classic,6,
319,191,classic,8,
319,192,classic,8,
319,193,classic,4,
319,194,classic,8,
319,195,classic,2,
319,196,classic,9,
319,197,classic,12,
319,198,classic,10,
319,199,classic,16,
319,200,classic,9,
319,201,classic,12,
319,202,classic,8,
319,203,classic,13,
319,204,classic,9,
319,205,classic,1,
319,206,classic,7,
319,207,classic,10,
319,208,classic,1,
319,209,classic,6,
319,210,classic,12,
319,211,classic,8,
319,212,classic,8,
319,213,classic,8,
319,214,classic,8,
319,215,classic,8,
319,216,classic,8,
319,217,classic,8,
319,218,classic,8,
320,219,classic,5,
320,220,classic,6,
320,221,classic,8,
320,222,classic,2,
320,223,classic,9,
819,224,classic,20,
799,225,classic,8,
799,226,classic,2,
799,227,classic,12,
799,228,classic,12,
322,229,classic,8,
322,230,classic,4,
322,231,classic,5,
322,232,classic,2,
322,233,classic,7,
324,234,classic,8,
324,235,classic,2,
324,236,classic,5,
324,237,classic,8,
324,238,classic,9,
331,239,classic,8,
331,240,classic,3,
331,241,classic,6,
331,242,classic,4,
331,243,classic,5,
333,244,classic,4,
333,245,classic,2,
333,246,classic,6,
333,247,classic,7,
333,248,classic,5,
336,249,classic,8,
336,250,classic,3,
336,251,classic,6,
336,252,classic,2,
336,253,classic,7,
337,254,classic,8,
337,255,classic,8,
337,256,classic,4,
337,257,classic,2,
337,258,classic,9,
1291,259,classic,25,
2094,260,classic,19,
2094,261,classic,13,
2094,262,classic,16,
2094,263,classic,16,
2094,264,classic,36,
2091,265,classic,36,
2091,266,classic,14,
2091,267,classic,13,
2091,268,classic,16,
339,269,classic,4,
339,270,classic,3,
339,271,classic,2,
339,272,classic,2,
339,273,classic,5,
340,274,classic,8,
340,275,classic,8,
340,276,classic,8,
340,277,classic,4,
340,278,classic,9,
342,279,classic,4,
342,280,classic,5,
342,281,classic,6,
342,282,classic,5,
461,283,classic,8,
461,284,classic,7,
461,285,classic,4,
461,286,classic,2,
461,287,classic,9,
376,288,classic,8,
376,289,classic,8,
376,290,classic,8,
376,291,classic,2,
376,292,classic,17,
377,293,classic,8,
377,294,classic,8,
377,295,classic,8,
377,296,classic,2,
377,297,classic,9,
2091,298,classic,16,
2100,299,classic,13,
2100,300,classic,50,
2100,301,classic,13,
2100,302,classic,16,
318,303,classic,8,
318,304,classic,9,
318,305,classic,8,
318,306,classic,2,
318,307,classic,9,
308,308,classic,8,
308,309,classic,8,
308,310,classic,8,
308,311,classic,2,
308,312,classic,8,
308,313,classic,9,
280,314,classic,8,
280,315,classic,8,
280,316,classic,8,
280,317,classic,4,
280,318,classic,21,
280,319,classic,7,
280,320,classic,9,
2180,321,classic,6,
2180,322,classic,6,
2180,323,classic,6,
2180,324,classic,6,
2180,325,classic,6,
2180,326,classic,6,
2180,327,classic,10,
2002,328,classic,18,
0,329,classic,20,
0,330,classic,12,
0,331,classic,40,
298,332,classic,12,
298,333,classic,18,
298,334,classic,12,
298,335,classic,11,
341,336,classic,8,
341,337,classic,2,
341,338,classic,8,
341,339,classic,8,
341,340,classic,5,
276,341,classic,8,
276,342,classic,8,
276,343,classic,13,
276,344,classic,12,
276,345,classic,14,
0,346,classic,6,
0,347,classic,17,
375,348,classic,40,
375,349,classic,3,
375,350,classic,20,
375,351,classic,20,
375,352,classic,4,
375,353,classic,9,
375,354,classic,12,
375,355,classic,21,
375,356,classic,4,
321,357,classic,4,
321,358,classic,8,
321,359,classic,8,
321,360,classic,6,
321,361,classic,9,
278,362,classic,64,
0,363,classic,17,
0,364,classic,16,
0,365,classic,11,
431,366,classic,15,
433,367,classic,7,
438,368,classic,8,
443,369,classic,8,
1492,370,classic,12,
440,371,classic,8,
442,372,classic,8,
437,373,classic,2,
444,374,classic,11,
445,375,classic,8,
0,376,classic,8,
0,377,classic,9,
0,378,classic,10,
0,379,classic,10,
0,380,classic,9,
0,381,classic,6,
0,382,classic,9,
0,383,classic,10,
0,384,classic,10,
0,385,classic,11,
0,386,classic,6,
0,387,classic,10,
0,388,classic,10,
0,389,classic,10,
0,390,classic,10,
0,391,classic,10,
0,392,classic,8,
0,393,classic,8,
0,394,classic,8,
0,395,classic,9,
0,396,classic,8,
0,397,classic,10,
0,398,classic,10,
0,399,classic,10,
0,400,classic,6,
0,401,classic,8,
0,402,classic,8,
0,403,classic,10,
0,404,classic,10,
0,405,classic,7,
0,406,classic,20,
0,407,classic,19,
0,408,classic,7,
0,409,classic,5,
0,410,classic,21,
0,411,classic,20,
0,412,classic,6,
0,413,classic,9,
0,414,classic,11,
0,415,classic,10,
0,416,classic,10,
0,417,classic,6,
0,418,classic,9,
0,419,classic,11,
0,420,classic,10,
0,421,classic,10,
0,422,classic,11,
0,423,classic,19,
0,424,classic,11,
0,425,classic,11,
0,426,classic,21,
0,427,classic,9,
0,428,classic,6,
0,429,classic,9,
0,430,classic,10,
0,431,classic,10,
0,432,classic,8,
0,433,classic,6,
0,434,classic,10,
0,435,classic,10,
0,436,classic,10,
0,437,classic,12,
0,438,classic,12,
0,439,classic,5,
0,440,classic,13,
726,441,classic,9,
726,442,classic,9,
726,443,classic,18,
726,444,classic,1,
726,445,classic,1,
758,446,classic,4,
755,447,classic,1,
755,448,classic,1,
725,449,classic,11,
750,450,classic,15,
0,451,classic,10,
2137,452,classic,60,
699,453,classic,17,
697,454,classic,17,
697,455,classic,17,
776,456,classic,8,
771,457,classic,17,
775,458,classic,17,
772,459,classic,13,
773,460,classic,13,
773,461,classic,5,
770,462,classic,15,
770,463,classic,5,
764,464,classic,5,
763,465,classic,10,
720,466,classic,12,
721,467,classic,12,
783,468,classic,6,
781,469,classic,6,
769,470,classic,8,
730,471,classic,7,
723,472,classic,8,
694,473,classic,64,
696,474,classic,12,
728,475,classic,64,
729,476,classic,7,
718,477,classic,32,
719,478,classic,32,
715,479,classic,7,
713,480,classic,25,
782,481,classic,64,
717,482,classic,13,
717,483,classic,12,
717,484,classic,13,
717,485,classic,13,
717,486,classic,13,
717,487,classic,13,
742,488,classic,24,
760,489,classic,13,
754,490,classic,17,
780,491,classic,9,
743,492,classic,10,
732,493,classic,12,
733,494,classic,64,
734,495,classic,8,
745,496,classic,23,
739,497,classic,20,
749,498,classic,17,
746,499,classic,7,
748,500,classic,7,
747,501,classic,7,
702,502,classic,12,
701,503,classic,16,
712,504,classic,39,
703,505,classic,26,
759,506,classic,8,
759,507,classic,8,
759,508,classic,8,
759,509,classic,8,
759,510,classic,8,
759,511,classic,8,
759,512,classic,8,
759,513,classic,8,
759,514,classic,11,
759,515,classic,12,
759,516,classic,12,
759,517,classic,12,
759,518,classic,12,
759,519,classic,12,
759,520,classic,11,
759,521,classic,11,
762,522,classic,9,
757,523,classic,9,
784,524,classic,7,
735,525,classic,4,
765,526,classic,11,
766,527,classic,6,
0,528,classic,8,
0,529,classic,17,
0,530,classic,17,
0,531,classic,17,
0,532,classic,15,
0,533,classic,15,
0,534,classic,5,
0,535,classic,11,
0,536,classic,10,
0,537,classic,11,
0,538,classic,10,
0,539,classic,13,
0,540,classic,11,
0,541,classic,12,
0,542,classic,12,
0,543,classic,11,
0,544,classic,12,
0,545,classic,12,
0,546,classic,10,
0,547,classic,9,
0,548,classic,10,
0,549,classic,9,
0,550,classic,9,
0,551,classic,9,
0,552,classic,6,
0,553,classic,6,
82,554,classic,40,
82,555,classic,64,
82,556,classic,74,
82,557,classic,106,
84,558,classic,40,
84,559,classic,64,
84,560,classic,88,
84,561,classic,106,
82,562,classic,40,
82,563,classic,64,
82,564,classic,74,
82,565,classic,106,
82,566,classic,22,
82,567,classic,40,
82,568,classic,64,
82,569,classic,88,
82,570,classic,106,
82,571,classic,40,
82,572,classic,64,
82,573,classic,74,
82,574,classic,106,
82,575,classic,40,
82,576,classic,64,
82,577,classic,74,
82,578,classic,106,
82,579,classic,40,
81,580,classic,12,
1492,581,classic,11,
0,582,classic,11,
1631,583,classic,13,
80,584,classic,40,
80,585,classic,64,
80,586,classic,74,
80,587,classic,106,
82,588,classic,40,
82,589,classic,64,
82,590,classic,74,
82,591,classic,106,
82,592,classic,40,
82,593,classic,64,
82,594,classic,74,
82,595,classic,106,
82,596,classic,40,
82,597,classic,64,
82,598,classic,88,
82,599,classic,106,
82,600,classic,40,
82,601,classic,64,
82,602,classic,74,
82,603,classic,106,
82,604,classic,17,
82,605,classic,40,
82,606,classic,64,
82,607,classic,88,
82,608,classic,106,
82,609,classic,30,
82,610,classic,40,
82,611,classic,64,
82,612,classic,74,
82,613,classic,106,
82,614,classic,40,
82,615,classic,64,
82,616,classic,88,
82,617,classic,106,
0,618,classic,42,
0,619,classic,44,
0,620,classic,44,
0,621,classic,44,
0,622,classic,19,
0,623,classic,2,
0,624,classic,107,
0,625,classic,107,
0,626,classic,107,
0,627,classic,107,
0,628,classic,107,
0,629,classic,107,
250,630,classic,78,
250,631,classic,78,
250,632,classic,88,
250,633,classic,88,
250,634,classic,46,
250,635,classic,46,
250,636,classic,16,
250,637,classic,16,
250,638,classic,44,
250,639,classic,128,
250,640,classic,128,
250,641,classic,88,
0,642,classic,6,
771,643,classic,17,
0,644,classic,6,
0,645,classic,39,
257,646,classic,6,
882,647,classic,24,
865,648,classic,21,
870,649,classic,12,
864,650,classic,16,
924,651,classic,16,
866,652,classic,21,
863,653,classic,14,
0,654,classic,40,
867,655,classic,17,
869,656,classic,8,
868,657,classic,13,
900,658,classic,12,
902,659,classic,4,
901,660,classic,8,
837,661,classic,8,
836,662,classic,8,
832,663,classic,8,
831,664,classic,12,
2150,665,classic,19,
2150,666,classic,42,
2150,667,classic,19,
843,668,classic,12,
845,669,classic,8,
844,670,classic,8,
921,671,classic,12,
923,672,classic,8,
922,673,classic,14,
849,674,classic,12,
851,675,classic,3,
850,676,classic,9,
853,677,classic,15,
853,678,classic,21,
853,679,classic,27,
838,680,classic,12,
909,681,classic,12,
911,682,classic,8,
910,683,classic,8,
846,684,classic,12,
848,685,classic,8,
847,686,classic,7,
2135,687,classic,25,
840,688,classic,31,
854,689,classic,15,
854,690,classic,21,
918,691,classic,14,
920,692,classic,3,
919,693,classic,8,
915,694,classic,12,
916,695,classic,16,
856,696,classic,12,
858,697,classic,8,
857,698,classic,12,
903,699,classic,12,
904,700,classic,8,
862,701,classic,11,
859,702,classic,26,
861,703,classic,9,
860,704,classic,20,
839,705,classic,34,
905,706,classic,96,
0,707,classic,16,
0,708,classic,17,
0,709,classic,21,
0,710,classic,8,
0,711,classic,12,
0,712,classic,30,
0,713,classic,42,
0,714,classic,12,
0,715,classic,12,
0,716,classic,12,
0,717,classic,12,
0,718,classic,12,
0,719,classic,15,
0,720,classic,21,
0,721,classic,27,
0,722,classic,12,
0,723,classic,12,
0,724,classic,12,
0,725,classic,20,
0,726,classic,31,
0,727,classic,14,
0,728,classic,12,
0,729,classic,12,
751,730,classic,6,
753,731,classic,4,
752,732,classic,12,
0,733,classic,16,
0,734,classic,34,
0,735,classic,12,
0,736,classic,17,
0,737,classic,8,
0,738,classic,1,
0,739,classic,1,
0,740,classic,8,
0,741,classic,8,
0,742,classic,8,
0,743,classic,7,
0,744,classic,7,
0,745,classic,2,
0,746,classic,16,
0,747,classic,1,
0,748,classic,24,
0,749,classic,16,
0,750,classic,17,
0,751,classic,36,
0,752,classic,5,
0,753,classic,5,
0,754,classic,6,
0,755,classic,2,
0,756,classic,6,
0,757,classic,2,
0,758,classic,5,
0,759,classic,5,
0,760,classic,6,
0,761,classic,6,
0,762,classic,8,
0,763,classic,2,
0,764,classic,29,
0,765,classic,9,
0,766,classic,8,
0,767,classic,11,
0,768,classic,32,
0,769,classic,12,
0,770,classic,30,
0,771,classic,30,
0,772,classic,9,
0,773,classic,4,
0,774,classic,5,
0,775,classic,9,
0,776,classic,8,
0,777,classic,4,
0,778,classic,13,
0,779,classic,13,
0,780,classic,9,
0,781,classic,1,
0,782,classic,10,
0,783,classic,8,
0,784,classic,40,
215,785,classic,16,
215,786,classic,16,
263,787,classic,4,
259,788,classic,7,
260,789,classic,7,
881,790,classic,30,
0,791,classic,30,
0,792,classic,2,
0,793,classic,10,
0,794,classic,7,
0,795,classic,17,
0,796,classic,1,
0,797,classic,12,
0,798,classic,15,
0,799,classic,6,
0,800,classic,20,
0,801,classic,14,
0,802,classic,15,
0,803,classic,7,
0,804,classic,7,
0,805,classic,19,
0,806,classic,8,
0,807,classic,14,
0,808,classic,16,
0,809,classic,16,
0,810,classic,9,
0,811,classic,17,
0,812,classic,17,
0,813,classic,16,
0,814,classic,15,
0,815,classic,15,
0,816,classic,15,
0,817,classic,15,
0,818,classic,24,
0,819,classic,16,
0,820,classic,16,
0,821,classic,16,
0,822,classic,16,
0,823,classic,16,
0,824,classic,24,
0,825,classic,16,
0,826,classic,16,
0,827,classic,17,
0,828,classic,30,
0,829,classic,10,
0,830,classic,8,
0,831,classic,8,
0,832,classic,10,
0,833,classic,10,
0,834,classic,9,
0,835,classic,9,
0,836,classic,35,
0,837,classic,5,
0,838,classic,2,
0,839,classic,10,
2165,840,classic,96,
0,841,classic,8,
0,842,classic,12,
0,843,classic,7,
0,844,classic,8,
0,845,classic,2,
0,846,classic,11,
0,847,classic,16,
0,848,classic,16,
0,849,classic,7,
0,850,classic,7,
0,851,classic,7,
0,852,classic,7,
0,853,classic,6,
0,854,classic,6,
0,855,classic,27,
0,856,classic,24,
0,857,classic,44,
0,858,classic,25,
0,859,classic,30,
0,860,classic,19,
0,861,classic,43,
0,862,classic,35,
0,863,classic,30,
0,864,classic,21,
0,865,classic,39,
0,866,classic,76,
0,867,classic,10,
0,868,classic,8,
0,869,classic,10,
0,870,classic,8,
0,871,classic,10,
0,872,classic,8,
0,873,classic,10,
0,874,classic,8,
0,875,classic,10,
0,876,classic,8,
0,877,classic,10,
0,878,classic,8,
0,879,classic,10,
0,880,classic,8,
0,881,classic,13,
0,882,classic,18,
0,883,classic,23,
0,884,classic,21,
0,885,classic,21,
0,886,classic,21,
0,887,classic,21,
0,888,classic,21,
0,889,classic,21,
0,890,classic,21,
0,891,classic,21,
0,892,classic,21,
0,893,classic,19,
0,894,classic,21,
0,895,classic,15,
0,896,classic,38,
0,897,classic,19,
0,898,classic,28,
0,899,classic,29,
297,900,classic,2,
729,901,classic,7,
258,902,classic,4,
262,903,classic,33,
0,904,classic,1,
0,905,classic,19,
0,906,classic,12,
767,907,classic,4,
0,908,classic,34,
0,909,classic,21,
0,910,classic,8,
0,911,classic,8,
756,912,classic,16,
877,913,classic,87,
763,914,classic,10,
0,915,classic,7,
0,916,classic,2,
692,917,classic,22,
0,918,classic,23,
0,919,classic,23,
0,920,classic,23,
0,921,classic,23,
436,922,classic,10,
0,923,classic,9,
895,924,classic,9,
461,925,classic,2,
461,926,classic,2,
461,927,classic,2,
297,928,classic,11,
0,929,classic,8,
855,930,classic,14,
0,931,classic,12,
334,932,classic,2,
334,933,classic,8,
249,934,classic,1,
249,935,classic,1,
249,936,classic,1,
249,937,classic,1,
249,938,classic,1,
249,939,classic,1,
249,940,classic,1,
249,941,classic,1,
249,942,classic,1,
249,943,classic,1,
249,944,classic,1,
249,945,classic,1,
249,946,classic,1,
249,947,classic,1,
249,948,classic,1,
248,949,classic,1,
248,950,classic,1,
248,951,classic,1,
248,952,classic,1,
248,953,classic,1,
248,954,classic,1,
248,955,classic,1,
248,956,classic,1,
248,957,classic,1,
248,958,classic,1,
248,959,classic,1,
248,960,classic,1,
248,961,classic,1,
248,962,classic,1,
248,963,classic,1,
248,964,classic,1,
248,965,classic,1,
248,966,classic,1,
248,967,classic,1,
248,968,classic,1,
248,969,classic,1,
248,970,classic,1,
248,971,classic,1,
248,972,classic,1,
248,973,classic,1,
248,974,classic,1,
248,975,classic,1,
248,976,classic,1,
248,977,classic,1,
248,978,classic,1,
248,979,classic,1,
248,980,classic,1,
248,981,classic,1,
248,982,classic,1,
248,983,classic,1,
248,984,classic,1,
248,985,classic,1,
248,986,classic,1,
248,987,classic,1,
248,988,classic,1,
248,989,classic,1,
248,990,classic,1,
248,991,classic,1,
248,992,classic,1,
248,993,classic,1,
248,994,classic,1,
248,995,classic,1,
248,996,classic,1,
248,997,classic,1,
248,998,classic,1,
248,999,classic,1,
248,1000,classic,1,
248,1001,classic,1,
248,1002,classic,1,
248,1003,classic,1,
248,1004,classic,1,
248,1005,classic,1,
248,1006,classic,1,
1533,1007,classic,16,
1533,1008,classic,16,
1533,1009,classic,25,
1533,1010,classic,12,
382,1011,classic,9,
1533,1012,classic,13,
1533,1013,classic,43,
1539,1014,classic,10,
1539,1015,classic,27,
379,1016,classic,9,
379,1017,classic,9,
380,1018,classic,3,
380,1019,classic,15,
380,1020,classic,1,
380,1021,classic,9,
380,1022,classic,4,
381,1023,classic,9,
261,1024,classic,15,
321,1025,classic,10,
0,1026,classic,15,
487,1027,classic,7,
487,1028,classic,7,
487,1029,classic,10,
487,1030,classic,10,
487,1031,classic,8,
487,1032,classic,10,
486,1033,classic,5,
486,1034,classic,8,
486,1035,classic,8,
486,1036,classic,7,
486,1037,classic,8,
486,1038,classic,8,
485,1039,classic,6,
485,1040,classic,10,
485,1041,classic,9,
485,1042,classic,5,
485,1043,classic,14,
488,1044,classic,11,
488,1045,classic,5,
488,1046,classic,7,
488,1047,classic,5,
488,1048,classic,12,
482,1049,classic,14,
482,1050,classic,14,
483,1051,classic,8,
484,1052,classic,20,
489,1053,classic,8,
905,1054,classic,56,
712,1055,classic,11,
0,1056,classic,11,
0,1057,classic,11,
0,1058,classic,10,
894,1059,classic,10,
0,1060,classic,19,
897,1061,classic,19,
0,1062,classic,18,
896,1063,classic,18,
0,1064,classic,9,
898,1065,classic,9,
905,1066,classic,32,
0,1067,classic,9,
0,1068,classic,8,
441,1069,classic,8,
442,1070,classic,8,
930,1071,classic,11,
927,1072,classic,4,
928,1073,classic,4,
0,1074,classic,20,
431,1075,classic,6,
926,1076,classic,11,
0,1077,classic,11,
0,1078,classic,5,
929,1079,classic,8,
929,1080,classic,8,
929,1081,classic,9,
929,1082,classic,9,
929,1083,classic,12,
0,1084,classic,21,
604,1085,classic,12,
604,1086,classic,4,
604,1087,classic,7,
604,1088,classic,9,
604,1089,classic,21,
604,1090,classic,21,
604,1091,classic,12,
604,1092,classic,4,
604,1093,classic,7,
604,1094,classic,9,
604,1095,classic,11,
602,1096,classic,9,
603,1097,classic,12,
601,1098,classic,11,
605,1099,classic,10,
0,1100,classic,12,
606,1101,classic,5,
607,1102,classic,9,
91,1103,classic,54,
87,1104,classic,6,
0,1105,classic,17,
0,1106,classic,13,
89,1107,classic,12,
88,1108,classic,9,
85,1109,classic,10,
0,1110,classic,21,
86,1111,classic,10,
86,1112,classic,1,
0,1113,classic,12,
0,1114,classic,12,
0,1115,classic,29,
0,1116,classic,15,
0,1117,classic,17,
0,1118,classic,14,
0,1119,classic,17,
0,1120,classic,16,
0,1121,classic,17,
0,1122,classic,14,
0,1123,classic,17,
0,1124,classic,15,
0,1125,classic,28,
83,1126,classic,14,
264,1127,classic,16,
0,1128,classic,15,
0,1129,classic,11,
0,1130,classic,17,
0,1131,classic,15,
227,1132,classic,33,
227,1133,classic,33,
227,1134,classic,33,
266,1135,classic,9,
266,1136,classic,9,
0,1137,classic,4,
265,1138,classic,27,
461,1139,classic,8,
461,1140,classic,8,
461,1141,classic,8,
461,1142,classic,10,
462,1143,classic,10,
0,1144,classic,2,
0,1145,classic,9,
0,1146,classic,8,
0,1147,classic,2,
0,1148,classic,24,
204,1149,classic,1,
204,1150,classic,33,
204,1151,classic,33,
204,1152,classic,33,
204,1153,classic,33,
204,1154,classic,33,
204,1155,classic,33,
0,1156,classic,17,
0,1157,classic,26,
461,1158,classic,15,
461,1159,classic,3,
673,1160,classic,18,
0,1161,classic,8,
0,1162,classic,12,
0,1163,classic,12,
0,1164,classic,12,
0,1165,classic,12,
0,1166,classic,12,
0,1167,classic,14,
0,1168,classic,12,
0,1169,classic,12,
1425,1170,classic,21,
1425,1171,classic,21,
1422,1172,classic,37,
1422,1173,classic,37,
574,1174,classic,9,
574,1175,classic,9,
577,1176,classic,4,
577,1177,classic,13,
1425,1178,classic,15,
577,1179,classic,17,
577,1180,classic,1,
577,1181,classic,9,
577,1182,classic,7,
575,1183,classic,2,
575,1184,classic,7,
1422,1185,classic,27,
575,1186,classic,9,
575,1187,classic,13,
1422,1188,classic,37,
575,1189,classic,8,
575,1190,classic,5,
0,1191,classic,10,
0,1192,classic,27,
0,1193,classic,44,
0,1194,classic,10,
0,1195,classic,31,
0,1196,classic,33,
315,1197,classic,8,
315,1198,classic,4,
315,1199,classic,8,
315,1200,classic,8,
315,1201,classic,9,
315,1202,classic,9,
0,1203,classic,16,
899,1204,classic,16,
0,1205,classic,16,
0,1206,classic,8,
0,1207,classic,4,
0,1208,classic,4,
0,1209,classic,4,
0,1210,classic,24,
622,1211,classic,11,
620,1212,classic,9,
631,1213,classic,4,
634,1214,classic,4,
633,1215,classic,7,
633,1216,classic,1,
632,1217,classic,15,
632,1218,classic,1,
635,1219,classic,6,
1933,1220,classic,65,
1932,1221,classic,16,
1934,1222,classic,1,
1934,1223,classic,1,
1934,1224,classic,1,
1934,1225,classic,5,
1934,1226,classic,5,
1934,1227,classic,23,
1934,1228,classic,34,
625,1229,classic,9,
623,1230,classic,11,
628,1231,classic,1,
628,1232,classic,7,
629,1233,classic,7,
621,1234,classic,7,
630,1235,classic,64,
0,1236,classic,9,
0,1237,classic,17,
0,1238,classic,11,
0,1239,classic,39,
0,1240,classic,10,
0,1241,classic,2,
329,1242,classic,12,
329,1243,classic,8,
329,1244,classic,12,
329,1245,classic,8,
329,1246,classic,7,
743,1247,classic,10,
0,1248,classic,15,
0,1249,classic,15,
1425,1250,classic,21,
575,1251,classic,11,
0,1252,classic,26,
297,1253,classic,9,
209,1254,classic,17,
209,1255,classic,17,
209,1256,classic,22,
905,1257,classic,32,
0,1258,classic,21,
461,1259,classic,7,
679,1260,classic,24,
680,1261,classic,17,
680,1262,classic,9,
0,1263,classic,23,
0,1264,classic,11,
0,1265,classic,17,
0,1266,classic,17,
0,1267,classic,21,
0,1268,classic,9,
678,1269,classic,8,
678,1270,classic,2,
678,1271,classic,8,
678,1272,classic,17,
678,1273,classic,13,
638,1274,classic,6,
0,1275,classic,3,
638,1276,classic,9,
638,1277,classic,5,
638,1278,classic,5,
638,1279,classic,7,
0,1280,classic,21,
649,1281,classic,4,
649,1282,classic,6,
649,1283,classic,11,
649,1284,classic,11,
650,1285,classic,9,
649,1286,classic,10,
649,1287,classic,27,
649,1288,classic,27,
651,1289,classic,2,
651,1290,classic,2,
651,1291,classic,6,
651,1292,classic,6,
646,1293,classic,1,
646,1294,classic,1,
646,1295,classic,1,
646,1296,classic,1,
646,1297,classic,1,
646,1298,classic,1,
646,1299,classic,1,
646,1300,classic,1,
646,1301,classic,1,
646,1302,classic,1,
647,1303,classic,1,
647,1304,classic,1,
648,1305,classic,7,
0,1306,classic,8,
0,1307,classic,9,
649,1308,classic,34,
0,1309,classic,21,
539,1310,classic,4,
539,1311,classic,8,
539,1312,classic,6,
539,1313,classic,6,
539,1314,classic,7,
539,1315,classic,1,
539,1316,classic,7,
199,1317,classic,11,
0,1318,classic,12,
0,1319,classic,12,
0,1320,classic,15,
0,1321,classic,6,
0,1322,classic,12,
0,1323,classic,8,
0,1324,classic,8,
0,1325,classic,4,
0,1326,classic,4,
0,1327,classic,10,
0,1328,classic,6,
0,1329,classic,6,
0,1330,classic,12,
0,1331,classic,18,
0,1332,classic,9,
0,1333,classic,19,
686,1334,classic,9,
0,1335,classic,54,
0,1336,classic,54,
0,1337,classic,54,
538,1338,classic,9,
538,1339,classic,8,
538,1340,classic,6,
538,1341,classic,8,
538,1342,classic,9,
538,1343,classic,11,
538,1344,classic,8,
538,1345,classic,8,
538,1346,classic,8,
535,1347,classic,12,
537,1348,classic,12,
536,1349,classic,12,
0,1350,classic,5,
0,1351,classic,2,
0,1352,classic,17,
0,1353,classic,11,
0,1354,classic,15,
245,1355,classic,11,
245,1356,classic,1,
246,1357,classic,1,
246,1358,classic,60,
246,1359,classic,60,
246,1360,classic,60,
246,1361,classic,60,
779,1362,classic,3,
0,1363,classic,2,
0,1364,classic,12,
0,1365,classic,6,
0,1366,classic,13,
0,1367,classic,2,
0,1368,classic,9,
0,1369,classic,31,
0,1370,classic,31,
0,1371,classic,31,
229,1372,classic,29,
229,1373,classic,19,
0,1374,classic,23,
0,1375,classic,2,
211,1376,classic,60,
211,1377,classic,170,
211,1378,classic,17,
0,1379,classic,20,
588,1380,classic,9,
588,1381,classic,9,
588,1382,classic,9,
588,1383,classic,9,
588,1384,classic,5,
588,1385,classic,9,
588,1386,classic,7,
588,1387,classic,7,
588,1388,classic,7,
588,1389,classic,16,
588,1390,classic,12,
588,1391,classic,3,
588,1392,classic,8,
588,1393,classic,3,
588,1394,classic,10,
588,1395,classic,4,
588,1396,classic,12,
588,1397,classic,1,
582,1398,classic,7,
587,1399,classic,9,
587,1400,classic,5,
587,1401,classic,2,
587,1402,classic,7,
587,1403,classic,3,
587,1404,classic,7,
587,1405,classic,13,
587,1406,classic,8,
0,1407,classic,1,
0,1408,classic,1,
0,1409,classic,5,
584,1410,classic,20,
584,1411,classic,1,
319,1412,classic,2,
319,1413,classic,8,
319,1414,classic,11,
319,1415,classic,5,
586,1416,classic,7,
2100,1417,classic,16,
286,1418,classic,10,
320,1419,classic,6,
86,1420,classic,10,
0,1421,classic,12,
0,1422,classic,8,
0,1423,classic,8,
0,1424,classic,4,
0,1425,classic,4,
0,1426,classic,4,
0,1427,classic,8,
0,1428,classic,6,
0,1429,classic,10,
106,1430,classic,10,
107,1431,classic,7,
109,1432,classic,16,
108,1433,classic,32,
301,1434,classic,24,
301,1435,classic,15,
301,1436,classic,8,
1290,1437,classic,19,
1290,1438,classic,12,
1290,1439,classic,12,
0,1440,classic,8,
0,1441,classic,11,
1291,1442,classic,1,
1291,1443,classic,10,
1291,1444,classic,10,
317,1445,classic,1,
317,1446,classic,5,
912,1447,classic,5,
317,1448,classic,5,
317,1449,classic,8,
534,1450,classic,1,
534,1451,classic,8,
532,1452,classic,12,
533,1453,classic,8,
533,1454,classic,9,
533,1455,classic,9,
533,1456,classic,9,
0,1457,classic,33,
0,1458,classic,17,
0,1459,classic,11,
0,1460,classic,24,
0,1461,classic,7,
0,1462,classic,6,
0,1463,classic,6,
0,1464,classic,10,
0,1465,classic,15,
0,1466,classic,7,
0,1467,classic,30,
0,1468,classic,8,
0,1469,classic,8,
0,1470,classic,31,
0,1471,classic,8,
0,1472,classic,16,
0,1473,classic,7,
461,1474,classic,15,
461,1475,classic,6,
461,1476,classic,2,
461,1477,classic,5,
461,1478,classic,21,
674,1479,classic,19,
461,1480,classic,17,
0,1481,classic,15,
0,1482,classic,21,
0,1483,classic,15,
0,1484,classic,17,
0,1485,classic,15,
0,1486,classic,14,
0,1487,classic,8,
461,1488,classic,12,
252,1489,classic,64,
253,1490,classic,128,
254,1491,classic,54,
254,1492,classic,54,
637,1493,classic,8,
637,1494,classic,2,
637,1495,classic,10,
637,1496,classic,9,
637,1497,classic,9,
637,1498,classic,9,
0,1499,classic,26,
0,1500,classic,18,
0,1501,classic,15,
0,1502,classic,13,
639,1503,classic,13,
799,1504,classic,9,
815,1505,classic,8,
815,1506,classic,6,
815,1507,classic,12,
815,1508,classic,12,
815,1509,classic,12,
810,1510,classic,8,
810,1511,classic,4,
810,1512,classic,12,
810,1513,classic,12,
810,1514,classic,12,
805,1515,classic,12,
805,1516,classic,12,
805,1517,classic,12,
805,1518,classic,7,
805,1519,classic,12,
806,1520,classic,12,
796,1521,classic,8,
796,1522,classic,2,
796,1523,classic,12,
796,1524,classic,12,
796,1525,classic,9,
802,1526,classic,8,
802,1527,classic,2,
802,1528,classic,12,
802,1529,classic,12,
802,1530,classic,12,
802,1531,classic,8,
2092,1532,classic,15,
2092,1533,classic,15,
795,1534,classic,8,
5,1535,classic,16,
795,1536,classic,12,
795,1537,classic,8,
795,1538,classic,8,
0,1539,classic,9,
0,1540,classic,9,
0,1541,classic,9,
0,1542,classic,9,
803,1543,classic,8,
797,1544,classic,8,
797,1545,classic,6,
797,1546,classic,12,
797,1547,classic,9,
797,1548,classic,6,
798,1549,classic,8,
798,1550,classic,8,
798,1551,classic,12,
798,1552,classic,8,
798,1553,classic,6,
804,1554,classic,8,
804,1555,classic,6,
804,1556,classic,10,
804,1557,classic,12,
804,1558,classic,6,
800,1559,classic,8,
800,1560,classic,7,
800,1561,classic,9,
800,1562,classic,8,
800,1563,classic,6,
812,1564,classic,8,
812,1565,classic,5,
812,1566,classic,4,
812,1567,classic,7,
812,1568,classic,6,
821,1569,classic,3,
821,1570,classic,2,
821,1571,classic,3,
0,1572,classic,21,
820,1573,classic,9,
0,1574,classic,21,
828,1575,classic,12,
0,1576,classic,8,
826,1577,classic,12,
811,1578,classic,10,
811,1579,classic,8,
811,1580,classic,7,
811,1581,classic,8,
811,1582,classic,7,
807,1583,classic,16,
807,1584,classic,16,
807,1585,classic,8,
807,1586,classic,8,
807,1587,classic,12,
801,1588,classic,6,
801,1589,classic,8,
801,1590,classic,6,
801,1591,classic,7,
801,1592,classic,8,
816,1593,classic,7,
816,1594,classic,4,
816,1595,classic,7,
816,1596,classic,4,
816,1597,classic,5,
180,1598,classic,13,
180,1599,classic,13,
180,1600,classic,1,
0,1601,classic,9,
0,1602,classic,9,
0,1603,classic,14,
0,1604,classic,8,
0,1605,classic,23,
0,1606,classic,9,
183,1607,classic,1,
183,1608,classic,8,
182,1609,classic,6,
182,1610,classic,8,
182,1611,classic,7,
182,1612,classic,8,
182,1613,classic,8,
181,1614,classic,8,
181,1615,classic,8,
181,1616,classic,8,
181,1617,classic,9,
181,1618,classic,12,
929,1619,classic,16,
509,1620,classic,8,
508,1621,classic,7,
514,1622,classic,8,
514,1623,classic,6,
515,1624,classic,8,
515,1625,classic,4,
515,1626,classic,7,
515,1627,classic,5,
515,1628,classic,9,
510,1629,classic,7,
511,1630,classic,6,
513,1631,classic,25,
512,1632,classic,30,
0,1633,classic,21,
0,1634,classic,21,
640,1635,classic,62,
640,1636,classic,1,
82,1637,classic,40,
0,1638,classic,11,
450,1639,classic,12,
450,1640,classic,8,
447,1641,classic,16,
447,1642,classic,9,
448,1643,classic,8,
449,1644,classic,15,
449,1645,classic,1,
451,1646,classic,6,
451,1647,classic,1,
0,1648,classic,7,
0,1649,classic,13,
0,1650,classic,15,
0,1651,classic,35,
0,1652,classic,27,
452,1653,classic,10,
0,1654,classic,7,
0,1655,classic,1,
0,1656,classic,1,
446,1657,classic,8,
0,1658,classic,15,
0,1659,classic,11,
0,1660,classic,16,
0,1661,classic,24,
0,1662,classic,16,
0,1663,classic,16,
0,1664,classic,24,
0,1665,classic,11,
0,1666,classic,11,
0,1667,classic,11,
827,1668,classic,13,
829,1669,classic,10,
0,1670,classic,14,
0,1671,classic,7,
0,1672,classic,6,
0,1673,classic,2,
369,1674,classic,8,
369,1675,classic,4,
370,1676,classic,8,
370,1677,classic,4,
350,1678,classic,7,
350,1679,classic,4,
351,1680,classic,8,
351,1681,classic,4,
352,1682,classic,8,
352,1683,classic,4,
353,1684,classic,8,
353,1685,classic,4,
355,1686,classic,8,
355,1687,classic,4,
356,1688,classic,8,
356,1689,classic,4,
362,1690,classic,8,
362,1691,classic,4,
364,1692,classic,8,
364,1693,classic,4,
371,1694,classic,8,
371,1695,classic,4,
372,1696,classic,8,
372,1697,classic,4,
373,1698,classic,8,
373,1699,classic,4,
374,1700,classic,8,
374,1701,classic,4,
357,1702,classic,8,
357,1703,classic,4,
358,1704,classic,8,
0,1705,classic,16,
359,1706,classic,8,
359,1707,classic,4,
367,1708,classic,8,
367,1709,classic,4,
354,1710,classic,8,
354,1711,classic,4,
349,1712,classic,8,
349,1713,classic,4,
366,1714,classic,8,
366,1715,classic,4,
360,1716,classic,8,
360,1717,classic,4,
348,1718,classic,8,
348,1719,classic,4,
365,1720,classic,8,
365,1721,classic,3,
0,1722,classic,6,
0,1723,classic,5,
0,1724,classic,6,
0,1725,classic,5,
768,1726,classic,16,
738,1727,classic,6,
0,1728,classic,28,
740,1729,classic,8,
736,1730,classic,8,
722,1731,classic,8,
727,1732,classic,6,
741,1733,classic,48,
737,1734,classic,15,
1338,1735,classic,18,
336,1736,classic,13,
308,1737,classic,2,
308,1738,classic,8,
0,1739,classic,8,
0,1740,classic,12,
361,1741,classic,8,
361,1742,classic,4,
0,1743,classic,19,
0,1744,classic,19,
0,1745,classic,36,
0,1746,classic,26,
608,1747,classic,5,
609,1748,classic,11,
609,1749,classic,4,
609,1750,classic,13,
609,1751,classic,11,
609,1752,classic,13,
609,1753,classic,12,
609,1754,classic,1,
0,1755,classic,8,
581,1756,classic,40,
581,1757,classic,12,
581,1758,classic,5,
581,1759,classic,8,
581,1760,classic,8,
580,1761,classic,14,
0,1762,classic,13,
0,1763,classic,5,
0,1764,classic,11,
0,1765,classic,39,
0,1766,classic,16,
0,1767,classic,11,
0,1768,classic,38,
0,1769,classic,5,
0,1770,classic,8,
0,1771,classic,8,
0,1772,classic,27,
793,1773,classic,10,
32,1774,classic,8,
32,1775,classic,8,
32,1776,classic,4,
32,1777,classic,10,
32,1778,classic,11,
32,1779,classic,8,
32,1780,classic,8,
34,1781,classic,8,
34,1782,classic,1,
33,1783,classic,2,
33,1784,classic,8,
33,1785,classic,21,
33,1786,classic,11,
33,1787,classic,11,
35,1788,classic,8,
35,1789,classic,7,
35,1790,classic,4,
35,1791,classic,8,
35,1792,classic,13,
36,1793,classic,9,
36,1794,classic,9,
36,1795,classic,5,
36,1796,classic,22,
36,1797,classic,5,
37,1798,classic,1,
37,1799,classic,1,
37,1800,classic,9,
37,1801,classic,9,
37,1802,classic,12,
37,1803,classic,9,
37,1804,classic,13,
37,1805,classic,24,
37,1806,classic,13,
37,1807,classic,2,
37,1808,classic,2,
0,1809,classic,3,
0,1810,classic,2,
0,1811,classic,2,
30,1812,classic,9,
914,1813,classic,17,
914,1814,classic,30,
914,1815,classic,30,
0,1816,classic,17,
913,1817,classic,20,
0,1818,classic,20,
0,1819,classic,12,
0,1820,classic,12,
908,1821,classic,8,
907,1822,classic,16,
280,1823,classic,5,
78,1824,classic,40,
78,1825,classic,64,
78,1826,classic,74,
78,1827,classic,106,
1395,1828,classic,10,
1395,1829,classic,36,
0,1830,classic,8,
0,1831,classic,8,
0,1832,classic,12,
0,1833,classic,9,
0,1834,classic,10,
0,1835,classic,14,
0,1836,classic,8,
0,1837,classic,12,
481,1838,classic,9,
481,1839,classic,8,
481,1840,classic,11,
481,1841,classic,11,
481,1842,classic,6,
481,1843,classic,11,
481,1844,classic,12,
473,1845,classic,28,
473,1846,classic,20,
474,1847,classic,64,
206,1848,classic,32,
729,1849,classic,3,
0,1850,classic,1,
0,1851,classic,4,
0,1852,classic,26,
297,1853,classic,7,
82,1854,classic,95,
207,1855,classic,9,
208,1856,classic,1,
208,1857,classic,1,
208,1858,classic,1,
208,1859,classic,1,
208,1860,classic,1,
208,1861,classic,1,
208,1862,classic,1,
208,1863,classic,1,
208,1864,classic,1,
208,1865,classic,1,
208,1866,classic,1,
208,1867,classic,1,
478,1868,classic,10,
477,1869,classic,10,
480,1870,classic,8,
0,1871,classic,9,
0,1872,classic,15,
893,1873,classic,15,
905,1874,classic,16,
670,1875,classic,1,
670,1876,classic,16,
0,1877,classic,26,
0,1878,classic,10,
0,1879,classic,16,
0,1880,classic,2,
671,1881,classic,10,
212,1882,classic,17,
212,1883,classic,10,
213,1884,classic,10,
212,1885,classic,32,
212,1886,classic,29,
212,1887,classic,27,
212,1888,classic,23,
212,1889,classic,18,
212,1890,classic,15,
212,1891,classic,11,
212,1892,classic,7,
212,1893,classic,5,
0,1894,classic,18,
0,1895,classic,18,
2163,1896,classic,37,
0,1897,classic,2,
279,1898,classic,15,
340,1899,classic,3,
340,1900,classic,8,
340,1901,classic,3,
0,1902,classic,16,
0,1903,classic,46,
0,1904,classic,9,
0,1905,classic,10,
0,1906,classic,10,
0,1907,classic,10,
527,1908,classic,16,
529,1909,classic,5,
528,1910,classic,5,
528,1911,classic,5,
526,1912,classic,8,
526,1913,classic,2,
0,1914,classic,25,
682,1915,classic,25,
685,1916,classic,4,
683,1917,classic,11,
683,1918,classic,14,
683,1919,classic,20,
521,1920,classic,6,
251,1921,classic,127,
523,1922,classic,9,
523,1923,classic,1,
522,1924,classic,12,
469,1925,classic,8,
469,1926,classic,4,
469,1927,classic,4,
469,1928,classic,2,
469,1929,classic,9,
1286,1930,classic,20,
1286,1931,classic,20,
1286,1932,classic,20,
1286,1933,classic,20,
469,1934,classic,8,
470,1935,classic,14,
471,1936,classic,18,
471,1937,classic,18,
466,1938,classic,36,
465,1939,classic,8,
463,1940,classic,1,
463,1941,classic,15,
463,1942,classic,10,
464,1943,classic,8,
467,1944,classic,10,
468,1945,classic,16,
468,1946,classic,10,
468,1947,classic,2,
468,1948,classic,16,
468,1949,classic,17,
0,1950,classic,44,
472,1951,classic,27,
0,1952,classic,2,
0,1953,classic,2,
0,1954,classic,2,
0,1955,classic,2,
729,1956,classic,7,
301,1957,classic,9,
876,1958,classic,9,
875,1959,classic,18,
873,1960,classic,9,
872,1961,classic,32,
874,1962,classic,57,
874,1963,classic,57,
871,1964,classic,19,
871,1965,classic,57,
833,1966,classic,10,
833,1967,classic,14,
835,1968,classic,11,
835,1969,classic,11,
834,1970,classic,21,
834,1971,classic,21,
0,1972,classic,18,
884,1973,classic,14,
885,1974,classic,7,
886,1975,classic,5,
883,1976,classic,41,
883,1977,classic,41,
0,1978,classic,15,
0,1979,classic,13,
890,1980,classic,16,
890,1981,classic,16,
889,1982,classic,17,
889,1983,classic,17,
888,1984,classic,17,
887,1985,classic,28,
888,1986,classic,17,
887,1987,classic,28,
925,1988,classic,87,
0,1989,classic,15,
1090,1990,classic,8,
82,1991,classic,4,
0,1992,classic,27,
0,1993,classic,30,
0,1994,classic,8,
0,1995,classic,22,
0,1996,classic,13,
568,1997,classic,7,
568,1998,classic,7,
569,1999,classic,6,
569,2000,classic,6,
223,2001,classic,5,
223,2002,classic,5,
222,2003,classic,1,
222,2004,classic,5,
222,2005,classic,6,
222,2006,classic,6,
222,2007,classic,6,
221,2008,classic,23,
0,2009,classic,15,
0,2010,classic,15,
571,2011,classic,5,
571,2012,classic,2,
571,2013,classic,9,
571,2014,classic,5,
571,2015,classic,9,
1743,2016,classic,16,
1743,2017,classic,32,
573,2018,classic,11,
1743,2019,classic,13,
1743,2020,classic,19,
1743,2021,classic,36,
1743,2022,classic,17,
1743,2023,classic,17,
1743,2024,classic,16,
1743,2025,classic,16,
1743,2026,classic,24,
572,2027,classic,8,
572,2028,classic,4,
572,2029,classic,7,
572,2030,classic,5,
572,2031,classic,9,
572,2032,classic,6,
572,2033,classic,1,
572,2034,classic,6,
570,2035,classic,9,
570,2036,classic,8,
570,2037,classic,6,
570,2038,classic,12,
570,2039,classic,12,
0,2040,classic,12,
0,2041,classic,8,
0,2042,classic,8,
0,2043,classic,10,
0,2044,classic,5,
0,2045,classic,9,
0,2046,classic,14,
0,2047,classic,8,
0,2048,classic,31,
0,2049,classic,24,
0,2050,classic,24,
3,2051,classic,17,
3,2052,classic,10,
3,2053,classic,17,
2,2054,classic,19,
1,2055,classic,38,
1,2056,classic,7,
1,2057,classic,23,
4,2058,classic,9,
0,2059,classic,5,
0,2060,classic,16,
0,2061,classic,16,
0,2062,classic,11,
0,2063,classic,11,
0,2064,classic,16,
0,2065,classic,16,
0,2066,classic,9,
0,2067,classic,11,
0,2068,classic,11,
93,2069,classic,8,
93,2070,classic,13,
93,2071,classic,6,
93,2072,classic,5,
93,2073,classic,17,
0,2074,classic,16,
0,2075,classic,23,
0,2076,classic,16,
0,2077,classic,24,
0,2078,classic,12,
0,2079,classic,13,
0,2080,classic,15,
0,2081,classic,14,
0,2082,classic,14,
95,2083,classic,14,
96,2084,classic,13,
214,2085,classic,24,
94,2086,classic,64,
94,2087,classic,64,
321,2088,classic,8,
321,2089,classic,6,
321,2090,classic,29,
690,2091,classic,6,
0,2092,classic,8,
0,2093,classic,5,
0,2094,classic,54,
0,2095,classic,10,
0,2096,classic,8,
0,2097,classic,40,
0,2098,classic,8,
321,2099,classic,15,
321,2100,classic,15,
321,2101,classic,10,
321,2102,classic,13,
691,2103,classic,9,
321,2104,classic,8,
0,2105,classic,23,
0,2106,classic,58,
0,2107,classic,17,
0,2108,classic,50,
0,2109,classic,21,
0,2110,classic,31,
0,2111,classic,44,
0,2112,classic,10,
0,2113,classic,17,
211,2114,classic,165,
211,2115,classic,12,
211,2116,classic,159,
211,2117,classic,6,
33,2118,classic,9,
33,2119,classic,8,
33,2120,classic,9,
33,2121,classic,9,
33,2122,classic,13,
33,2123,classic,9,
33,2124,classic,2,
33,2125,classic,19,
31,2126,classic,20,
0,2127,classic,17,
0,2128,classic,33,
308,2129,classic,19,
308,2130,classic,13,
28,2131,classic,49,
29,2132,classic,9,
693,2133,classic,24,
280,2134,classic,4,
475,2135,classic,11,
476,2136,classic,4,
479,2137,classic,10,
205,2138,classic,78,
0,2139,classic,7,
0,2140,classic,7,
0,2141,classic,10,
0,2142,classic,11,
0,2143,classic,12,
0,2144,classic,17,
0,2145,classic,17,
0,2146,classic,16,
0,2147,classic,8,
0,2148,classic,4,
0,2149,classic,10,
297,2150,classic,3,
297,2151,classic,5,
297,2152,classic,39,
297,2153,classic,39,
297,2154,classic,8,
297,2155,classic,3,
297,2156,classic,8,
297,2157,classic,3,
297,2158,classic,4,
280,2159,classic,12,
280,2160,classic,9,
280,2161,classic,6,
282,2162,classic,2,
0,2163,classic,16,
0,2164,classic,16,
790,2165,classic,12,
790,2166,classic,5,
309,2167,classic,9,
309,2168,classic,7,
309,2169,classic,19,
309,2170,classic,1,
0,2171,classic,15,
5,2172,classic,32,
8,2173,classic,32,
6,2174,classic,10,
6,2175,classic,16,
6,2176,classic,1,
6,2177,classic,1,
7,2178,classic,12,
9,2179,classic,6,
9,2180,classic,5,
9,2181,classic,11,
9,2182,classic,9,
9,2183,classic,12,
10,2184,classic,8,
10,2185,classic,8,
10,2186,classic,10,
10,2187,classic,11,
10,2188,classic,9,
10,2189,classic,8,
11,2190,classic,16,
11,2191,classic,21,
11,2192,classic,7,
11,2193,classic,6,
11,2194,classic,5,
59,2195,classic,11,
59,2196,classic,1,
58,2197,classic,10,
58,2198,classic,1,
89,2199,classic,8,
53,2200,classic,16,
53,2201,classic,1,
50,2202,classic,13,
50,2203,classic,1,
52,2204,classic,14,
51,2205,classic,31,
89,2206,classic,12,
55,2207,classic,4,
57,2208,classic,17,
57,2209,classic,1,
91,2210,classic,1,
56,2211,classic,8,
54,2212,classic,16,
60,2213,classic,11,
60,2214,classic,9,
60,2215,classic,7,
49,2216,classic,5,
244,2217,classic,1,
244,2218,classic,1,
244,2219,classic,1,
244,2220,classic,1,
234,2221,classic,1,
234,2222,classic,5,
234,2223,classic,5,
234,2224,classic,5,
234,2225,classic,5,
234,2226,classic,5,
234,2227,classic,5,
234,2228,classic,5,
234,2229,classic,5,
235,2230,classic,32,
236,2231,classic,32,
237,2232,classic,32,
238,2233,classic,32,
239,2234,classic,32,
240,2235,classic,32,
241,2236,classic,32,
242,2237,classic,32,
243,2238,classic,32,
0,2239,classic,8,
0,2240,classic,17,
0,2241,classic,14,
0,2242,classic,10,
0,2243,classic,6,
0,2244,classic,25,
0,2245,classic,16,
0,2246,classic,18,
0,2247,classic,7,
0,2248,classic,13,
0,2249,classic,7,
0,2250,classic,16,
0,2251,classic,8,
0,2252,classic,6,
0,2253,classic,12,
0,2254,classic,8,
0,2255,classic,2,
0,2256,classic,12,
0,2257,classic,12,
0,2258,classic,8,
0,2259,classic,38,
5,2260,classic,32,
0,2261,classic,35,
0,2262,classic,64,
0,2263,classic,64,
1090,2264,classic,23,
1080,2265,classic,20,
1080,2266,classic,20,
0,2267,classic,12,
289,2268,classic,8,
0,2269,classic,18,
0,2270,classic,20,
0,2271,classic,5,
0,2272,classic,27,
0,2273,classic,8,
0,2274,classic,16,
0,2275,classic,11,
0,2276,classic,11,
0,2277,classic,6,
0,2278,classic,6,
0,2279,classic,5,
0,2280,classic,12,
0,2281,classic,12,
0,2282,classic,12,
0,2283,classic,31,
0,2284,classic,23,
0,2285,classic,25,
0,2286,classic,20,
0,2287,classic,24,
0,2288,classic,38,
0,2289,classic,15,
0,2290,classic,21,
0,2291,classic,32,
0,2292,classic,24,
0,2293,classic,25,
792,2294,classic,25,
0,2295,classic,21,
791,2296,classic,21,
332,2297,classic,6,
332,2298,classic,5,
332,2299,classic,16,
332,2300,classic,8,
332,2301,classic,11,
332,2302,classic,8,
282,2303,classic,61,
0,2304,classic,10,
0,2305,classic,55,
0,2306,classic,53,
589,2307,classic,44,
228,2308,classic,32,
795,2309,classic,8,
0,2310,classic,15,
0,2311,classic,44,
282,2312,classic,4,
590,2313,classic,9,
590,2314,classic,1,
590,2315,classic,9,
0,2316,classic,4,
0,2317,classic,8,
0,2318,classic,8,
0,2319,classic,4,
0,2320,classic,4,
0,2321,classic,4,
0,2322,classic,8,
0,2323,classic,8,
0,2324,classic,4,
0,2325,classic,4,
0,2326,classic,10,
600,2327,classic,3,
600,2328,classic,13,
381,2329,classic,9,
591,2330,classic,51,
591,2331,classic,11,
0,2332,classic,19,
0,2333,classic,8,
0,2334,classic,12,
297,2335,classic,8,
297,2336,classic,4,
297,2337,classic,32,
0,2338,classic,2,
0,2339,classic,10,
0,2340,classic,45,
297,2341,classic,13,
297,2342,classic,11,
0,2343,classic,11,
229,2344,classic,24,
229,2345,classic,22,
13,2346,classic,9,
20,2347,classic,14,
20,2348,classic,14,
20,2349,classic,14,
20,2350,classic,1,
27,2351,classic,15,
27,2352,classic,1,
27,2353,classic,15,
27,2354,classic,1,
27,2355,classic,1,
27,2356,classic,15,
27,2357,classic,1,
27,2358,classic,1,
14,2359,classic,7,
14,2360,classic,7,
538,2361,classic,8,
15,2362,classic,16,
18,2363,classic,9,
18,2364,classic,4,
18,2365,classic,7,
18,2366,classic,7,
18,2367,classic,14,
539,2368,classic,16,
327,2369,classic,9,
327,2370,classic,3,
327,2371,classic,7,
327,2372,classic,7,
327,2373,classic,7,
36,2374,classic,11,
36,2375,classic,6,
0,2376,classic,11,
0,2377,classic,6,
0,2378,classic,2,
267,2379,classic,2,
931,2380,classic,14,
934,2381,classic,14,
0,2382,classic,12,
0,2383,classic,2,
0,2384,classic,5,
0,2385,classic,6,
0,2386,classic,3,
0,2387,classic,10,
0,2388,classic,10,
0,2389,classic,26,
0,2390,classic,11,
306,2391,classic,15,
340,2392,classic,13,
0,2393,classic,5,
0,2394,classic,6,
932,2395,classic,8,
932,2396,classic,8,
932,2397,classic,8,
932,2398,classic,15,
932,2399,classic,8,
0,2400,classic,16,
0,2401,classic,16,
0,2402,classic,5,
0,2403,classic,6,
933,2404,classic,5,
368,2405,classic,8,
368,2406,classic,4,
363,2407,classic,8,
363,2408,classic,4,
0,2409,classic,15,
0,2410,classic,15,
0,2411,classic,15,
0,2412,classic,9,
0,2413,classic,20,
0,2414,classic,53,
1930,2415,classic,42,
1935,2416,classic,1,
1935,2417,classic,1,
1935,2418,classic,37,
1931,2419,classic,16,
0,2420,classic,5,
0,2421,classic,6,
0,2422,classic,3,
0,2423,classic,5,
0,2424,classic,6,
0,2425,classic,3,
0,2426,classic,5,
0,2427,classic,6,
0,2428,classic,3,
0,2429,classic,26,
0,2430,classic,26,
0,2431,classic,26,
0,2432,classic,8,
0,2433,classic,7,
101,2434,classic,13,
98,2435,classic,4,
99,2436,classic,8,
98,2437,classic,4,
99,2438,classic,8,
97,2439,classic,9,
102,2440,classic,14,
0,2441,classic,14,
0,2442,classic,6,
0,2443,classic,4,
105,2444,classic,18,
105,2445,classic,18,
105,2446,classic,18,
105,2447,classic,18,
104,2448,classic,2,
104,2449,classic,1,
0,2450,classic,11,
100,2451,classic,2,
103,2452,classic,1,
103,2453,classic,1,
103,2454,classic,1,
103,2455,classic,1,
103,2456,classic,1,
103,2457,classic,1,
103,2458,classic,1,
103,2459,classic,1,
103,2460,classic,1,
103,2461,classic,1,
103,2462,classic,1,
103,2463,classic,1,
103,2464,classic,1,
103,2465,classic,1,
103,2466,classic,1,
103,2467,classic,1,
103,2468,classic,1,
103,2469,classic,1,
103,2470,classic,1,
103,2471,classic,1,
103,2472,classic,1,
103,2473,classic,1,
103,2474,classic,1,
103,2475,classic,1,
103,2476,classic,1,
103,2477,classic,1,
103,2478,classic,1,
103,2479,classic,1,
103,2480,classic,1,
103,2481,classic,1,
103,2482,classic,1,
103,2483,classic,1,
103,2484,classic,1,
103,2485,classic,1,
103,2486,classic,1,
103,2487,classic,1,
103,2488,classic,1,
103,2489,classic,1,
103,2490,classic,1,
103,2491,classic,1,
103,2492,classic,1,
103,2493,classic,1,
103,2494,classic,1,
103,2495,classic,1,
103,2496,classic,1,
103,2497,classic,1,
103,2498,classic,1,
103,2499,classic,1,
103,2500,classic,1,
103,2501,classic,1,
103,2502,classic,1,
103,2503,classic,1,
103,2504,classic,1,
103,2505,classic,1,
103,2506,classic,1,
103,2507,classic,1,
103,2508,classic,1,
103,2509,classic,1,
103,2510,classic,1,
103,2511,classic,1,
103,2512,classic,1,
103,2513,classic,1,
103,2514,classic,1,
103,2515,classic,1,
103,2516,classic,1,
103,2517,classic,1,
103,2518,classic,1,
103,2519,classic,1,
103,2520,classic,1,
103,2521,classic,1,
103,2522,classic,1,
103,2523,classic,1,
103,2524,classic,1,
103,2525,classic,1,
103,2526,classic,1,
103,2527,classic,1,
103,2528,classic,1,
103,2529,classic,1,
103,2530,classic,1,
103,2531,classic,1,
103,2532,classic,1,
103,2533,classic,1,
103,2534,classic,1,
103,2535,classic,1,
103,2536,classic,1,
103,2537,classic,1,
103,2538,classic,1,
103,2539,classic,1,
103,2540,classic,1,
103,2541,classic,1,
103,2542,classic,1,
103,2543,classic,1,
103,2544,classic,1,
103,2545,classic,1,
103,2546,classic,1,
103,2547,classic,1,
103,2548,classic,1,
103,2549,classic,1,
103,2550,classic,1,
103,2551,classic,1,
103,2552,classic,1,
0,2553,classic,25,
0,2554,classic,25,
0,2555,classic,12,
0,2556,classic,19,
0,2557,classic,1,
917,2558,classic,8,
917,2559,classic,8,
917,2560,classic,8,
0,2561,classic,16,
0,2562,classic,16,
0,2563,classic,32,
714,2564,classic,4,
0,2565,classic,9,
0,2566,classic,9,
183,2567,classic,1,
183,2568,classic,8,
0,2569,classic,31,
0,2570,classic,6,
672,2571,classic,8,
0,2572,classic,8,
0,2573,classic,13,
0,2574,classic,16,
0,2575,classic,19,
0,2576,classic,2,
0,2577,classic,6,
0,2578,classic,12,
0,2579,classic,10,
0,2580,classic,8,
0,2581,classic,14,
0,2582,classic,14,
0,2583,classic,4,
0,2584,classic,1,
0,2585,classic,12,
0,2586,classic,10,
0,2587,classic,1,
0,2588,classic,8,
0,2589,classic,16,
0,2590,classic,1,
0,2591,classic,16,
0,2592,classic,12,
0,2593,classic,3,
0,2594,classic,9,
0,2595,classic,20,
879,2596,classic,56,
880,2597,classic,13,
174,2598,classic,11,
178,2599,classic,17,
177,2600,classic,7,
158,2601,classic,16,
158,2602,classic,16,
158,2603,classic,30,
158,2604,classic,4,
158,2605,classic,14,
158,2606,classic,14,
158,2607,classic,10,
158,2608,classic,10,
158,2609,classic,12,
158,2610,classic,15,
158,2611,classic,15,
158,2612,classic,12,
158,2613,classic,15,
0,2614,classic,11,
170,2615,classic,4,
165,2616,classic,12,
880,2617,classic,13,
160,2618,classic,10,
160,2619,classic,10,
160,2620,classic,10,
160,2621,classic,10,
160,2622,classic,10,
162,2623,classic,8,
162,2624,classic,8,
162,2625,classic,10,
162,2626,classic,8,
162,2627,classic,9,
164,2628,classic,9,
164,2629,classic,15,
164,2630,classic,16,
164,2631,classic,12,
164,2632,classic,16,
164,2633,classic,14,
163,2634,classic,16,
163,2635,classic,17,
163,2636,classic,12,
163,2637,classic,14,
163,2638,classic,22,
163,2639,classic,10,
171,2640,classic,49,
175,2641,classic,10,
161,2642,classic,12,
161,2643,classic,26,
161,2644,classic,14,
161,2645,classic,13,
161,2646,classic,17,
161,2647,classic,13,
166,2648,classic,3,
167,2649,classic,14,
159,2650,classic,16,
159,2651,classic,16,
159,2652,classic,12,
159,2653,classic,17,
159,2654,classic,28,
159,2655,classic,14,
159,2656,classic,31,
179,2657,classic,8,
169,2658,classic,8,
168,2659,classic,8,
173,2660,classic,16,
0,2661,classic,21,
280,2662,classic,8,
280,2663,classic,6,
280,2664,classic,57,
211,2665,classic,17,
323,2666,classic,4,
323,2667,classic,8,
323,2668,classic,3,
323,2669,classic,9,
323,2670,classic,14,
677,2671,classic,6,
675,2672,classic,8,
675,2673,classic,55,
82,2674,classic,16,
200,2675,classic,8,
200,2676,classic,1,
200,2677,classic,1,
200,2678,classic,1,
200,2679,classic,1,
200,2680,classic,1,
200,2681,classic,1,
200,2682,classic,1,
200,2683,classic,1,
200,2684,classic,11,
676,2685,classic,16,
676,2686,classic,13,
676,2687,classic,8,
676,2688,classic,16,
676,2689,classic,12,
256,2690,classic,16,
319,2691,classic,50,
0,2692,classic,8,
0,2693,classic,18,
280,2694,classic,1,
0,2695,classic,19,
0,2696,classic,50,
0,2697,classic,15,
0,2698,classic,15,
731,2699,classic,8,
0,2700,classic,4,
0,2701,classic,27,
0,2702,classic,15,
326,2703,classic,8,
326,2704,classic,64,
326,2705,classic,6,
326,2706,classic,4,
326,2707,classic,7,
716,2708,classic,20,
891,2709,classic,22,
0,2710,classic,12,
698,2711,classic,12,
0,2712,classic,22,
0,2713,classic,2,
700,2714,classic,9,
2269,2715,classic,142,
2269,2716,classic,143,
0,2717,classic,21,
854,2718,classic,27,
172,2719,classic,27,
0,2720,classic,12,
0,2721,classic,27,
689,2722,classic,27,
209,2723,classic,17,
0,2724,classic,9,
925,2725,classic,87,
0,2726,classic,6,
0,2727,classic,7,
0,2728,classic,14,
1503,2729,classic,16,
1503,2730,classic,16,
1503,2731,classic,16,
1503,2732,classic,17,
1503,2733,classic,38,
596,2734,classic,6,
599,2735,classic,13,
599,2736,classic,13,
599,2737,classic,9,
599,2738,classic,13,
599,2739,classic,20,
599,2740,classic,10,
0,2741,classic,30,
597,2742,classic,6,
592,2743,classic,10,
593,2744,classic,7,
598,2745,classic,17,
594,2746,classic,32,
595,2747,classic,14,
595,2748,classic,14,
744,2749,classic,8,
0,2750,classic,16,
0,2751,classic,8,
0,2752,classic,8,
0,2753,classic,14,
0,2754,classic,11,
0,2755,classic,8,
0,2756,classic,38,
0,2757,classic,8,
0,2758,classic,5,
0,2759,classic,5,
0,2760,classic,5,
0,2761,classic,55,
0,2762,classic,34,
0,2763,classic,66,
0,2764,classic,32,
226,2765,classic,32,
226,2766,classic,17,
226,2767,classic,33,
271,2768,classic,10,
0,2769,classic,8,
0,2770,classic,12,
0,2771,classic,11,
48,2772,classic,64,
48,2773,classic,40,
814,2774,classic,28,
814,2775,classic,6,
814,2776,classic,7,
814,2777,classic,5,
814,2778,classic,8,
0,2779,classic,16,
0,2780,classic,14,
0,2781,classic,7,
0,2782,classic,14,
0,2783,classic,14,
0,2784,classic,7,
0,2785,classic,14,
0,2786,classic,14,
0,2787,classic,7,
0,2788,classic,14,
788,2789,classic,10,
788,2790,classic,10,
788,2791,classic,10,
788,2792,classic,10,
0,2793,classic,10,
0,2794,classic,10,
0,2795,classic,10,
0,2796,classic,24,
0,2797,classic,26,
0,2798,classic,6,
0,2799,classic,5,
0,2800,classic,5,
0,2801,classic,8,
644,2802,classic,16,
644,2803,classic,4,
644,2804,classic,12,
644,2805,classic,17,
644,2806,classic,11,
642,2807,classic,15,
643,2808,classic,10,
306,2809,classic,1,
0,2810,classic,8,
0,2811,classic,16,
0,2812,classic,15,
0,2813,classic,23,
660,2814,classic,14,
0,2815,classic,8,
0,2816,classic,1,
0,2817,classic,17,
0,2818,classic,8,
0,2819,classic,9,
0,2820,classic,18,
152,2821,classic,15,
153,2822,classic,15,
152,2823,classic,8,
153,2824,classic,8,
152,2825,classic,20,
153,2826,classic,20,
152,2827,classic,7,
157,2828,classic,10,
0,2829,classic,10,
155,2830,classic,10,
0,2831,classic,10,
156,2832,classic,10,
0,2833,classic,10,
154,2834,classic,11,
0,2835,classic,15,
0,2836,classic,43,
0,2837,classic,4,
0,2838,classic,7,
0,2839,classic,5,
0,2840,classic,24,
319,2841,classic,8,
319,2842,classic,21,
0,2843,classic,8,
0,2844,classic,12,
0,2845,classic,8,
0,2846,classic,10,
0,2847,classic,8,
25,2848,classic,17,
16,2849,classic,12,
16,2850,classic,10,
16,2851,classic,6,
16,2852,classic,6,
16,2853,classic,15,
16,2854,classic,8,
16,2855,classic,11,
16,2856,classic,20,
17,2857,classic,8,
17,2858,classic,8,
17,2859,classic,7,
17,2860,classic,8,
17,2861,classic,11,
17,2862,classic,15,
19,2863,classic,9,
19,2864,classic,10,
19,2865,classic,10,
19,2866,classic,10,
19,2867,classic,9,
19,2868,classic,7,
19,2869,classic,6,
2034,2870,classic,64,
12,2871,classic,10,
21,2872,classic,17,
22,2873,classic,17,
23,2874,classic,1,
24,2875,classic,8,
0,2876,classic,18,
852,2877,classic,18,
527,2878,classic,60,
0,2879,classic,6,
0,2880,classic,16,
0,2881,classic,11,
659,2882,classic,15,
662,2883,classic,40,
526,2884,classic,5,
526,2885,classic,12,
526,2886,classic,10,
286,2887,classic,10,
0,2888,classic,12,
661,2889,classic,24,
0,2890,classic,24,
0,2891,classic,12,
458,2892,classic,50,
459,2893,classic,14,
326,2894,classic,12,
613,2895,classic,31,
618,2896,classic,24,
615,2897,classic,7,
616,2898,classic,12,
619,2899,classic,4,
614,2900,classic,8,
617,2901,classic,8,
0,2902,classic,26,
0,2903,classic,12,
319,2904,classic,4,
466,2905,classic,28,
491,2906,classic,12,
491,2907,classic,8,
491,2908,classic,12,
0,2909,classic,8,
0,2910,classic,22,
0,2911,classic,20,
0,2912,classic,8,
0,2913,classic,15,
0,2914,classic,15,
490,2915,classic,26,
492,2916,classic,3,
526,2917,classic,7,
526,2918,classic,6,
526,2919,classic,17,
195,2920,classic,25,
198,2921,classic,16,
196,2922,classic,7,
196,2923,classic,8,
197,2924,classic,14,
0,2925,classic,10,
0,2926,classic,8,
0,2927,classic,15,
0,2928,classic,8,
0,2929,classic,8,
112,2930,classic,12,
112,2931,classic,47,
112,2932,classic,8,
112,2933,classic,10,
112,2934,classic,8,
112,2935,classic,12,
112,2936,classic,18,
112,2937,classic,8,
112,2938,classic,10,
0,2939,classic,13,
0,2940,classic,12,
158,2941,classic,12,
297,2942,classic,12,
319,2943,classic,9,
929,2944,classic,12,
111,2945,classic,12,
111,2946,classic,10,
111,2947,classic,8,
111,2948,classic,8,
111,2949,classic,4,
111,2950,classic,4,
111,2951,classic,8,
111,2952,classic,10,
313,2953,classic,16,
1240,2954,classic,12,
1240,2955,classic,8,
119,2956,classic,9,
115,2957,classic,8,
312,2958,classic,10,
312,2959,classic,12,
118,2960,classic,12,
312,2961,classic,12,
308,2962,classic,11,
1415,2963,classic,26,
1415,2964,classic,20,
116,2965,classic,12,
0,2966,classic,8,
0,2967,classic,8,
0,2968,classic,11,
114,2969,classic,11,
114,2970,classic,7,
286,2971,classic,11,
286,2972,classic,9,
286,2973,classic,12,
117,2974,classic,12,
113,2975,classic,8,
110,2976,classic,12,
286,2977,classic,11,
286,2978,classic,9,
286,2979,classic,12,
117,2980,classic,12,
113,2981,classic,8,
817,2982,classic,8,
817,2983,classic,11,
817,2984,classic,10,
817,2985,classic,11,
817,2986,classic,11,
817,2987,classic,11,
817,2988,classic,11,
817,2989,classic,17,
823,2990,classic,17,
822,2991,classic,8,
824,2992,classic,11,
0,2993,classic,12,
0,2994,classic,8,
0,2995,classic,1,
5,2996,classic,31,
421,2997,classic,16,
421,2998,classic,16,
0,2999,classic,26,
0,3000,classic,9,
0,3001,classic,7,
0,3002,classic,14,
0,3003,classic,45,
0,3004,classic,46,
0,3005,classic,18,
0,3006,classic,50,
0,3007,classic,31,
190,3008,classic,8,
190,3009,classic,19,
190,3010,classic,8,
190,3011,classic,8,
190,3012,classic,8,
190,3013,classic,16,
190,3014,classic,19,
313,3015,classic,31,
191,3016,classic,45,
191,3017,classic,46,
191,3018,classic,18,
191,3019,classic,50,
192,3020,classic,12,
46,3021,classic,11,
39,3022,classic,12,
42,3023,classic,39,
47,3024,classic,17,
43,3025,classic,29,
45,3026,classic,8,
45,3027,classic,8,
38,3028,classic,12,
41,3029,classic,32,
40,3030,classic,32,
40,3031,classic,32,
0,3032,classic,9,
44,3033,classic,12,
44,3034,classic,11,
44,3035,classic,11,
0,3036,classic,8,
531,3037,classic,47,
531,3038,classic,1,
0,3039,classic,8,
0,3040,classic,12,
0,3041,classic,5,
0,3042,classic,8,
0,3043,classic,12,
0,3044,classic,10,
0,3045,classic,8,
0,3046,classic,9,
247,3047,classic,17,
269,3048,classic,8,
269,3049,classic,4,
269,3050,classic,8,
270,3051,classic,6,
269,3052,classic,17,
0,3053,classic,7,
0,3054,classic,7,
0,3055,classic,17,
0,3056,classic,17,
0,3057,classic,7,
0,3058,classic,7,
0,3059,classic,6,
0,3060,classic,6,
0,3061,classic,16,
0,3062,classic,16,
0,3063,classic,19,
0,3064,classic,18,
0,3065,classic,16,
0,3066,classic,24,
0,3067,classic,15,
0,3068,classic,36,
0,3069,classic,29,
92,3070,classic,11,
0,3071,classic,14,
297,3072,classic,13,
499,3073,classic,5,
499,3074,classic,11,
499,3075,classic,11,
499,3076,classic,24,
499,3077,classic,24,
499,3078,classic,8,
500,3079,classic,120,
500,3080,classic,11,
500,3081,classic,11,
500,3082,classic,8,
500,3083,classic,27,
500,3084,classic,3,
500,3085,classic,11,
500,3086,classic,11,
500,3087,classic,8,
499,3088,classic,14,
500,3089,classic,12,
0,3090,classic,9,
0,3091,classic,3,
231,3092,classic,10,
210,3093,classic,16,
0,3094,classic,13,
497,3095,classic,9,
497,3096,classic,9,
496,3097,classic,9,
493,3098,classic,17,
495,3099,classic,13,
494,3100,classic,11,
498,3101,classic,24,
0,3102,classic,35,
0,3103,classic,26,
455,3104,classic,15,
392,3105,classic,64,
454,3106,classic,32,
392,3107,classic,64,
813,3108,classic,16,
813,3109,classic,16,
813,3110,classic,16,
813,3111,classic,7,
813,3112,classic,8,
709,3113,classic,16,
0,3114,classic,23,
0,3115,classic,1,
0,3116,classic,8,
417,3117,classic,8,
418,3118,classic,12,
418,3119,classic,4,
418,3120,classic,8,
419,3121,classic,10,
419,3122,classic,11,
519,3123,classic,16,
516,3124,classic,14,
518,3125,classic,16,
518,3126,classic,16,
517,3127,classic,17,
0,3128,classic,4,
0,3129,classic,11,
0,3130,classic,17,
0,3131,classic,22,
0,3132,classic,27,
0,3133,classic,9,
0,3134,classic,9,
0,3135,classic,7,
0,3136,classic,27,
0,3137,classic,27,
878,3138,classic,5,
878,3139,classic,5,
0,3140,classic,10,
0,3141,classic,10,
0,3142,classic,10,
0,3143,classic,10,
64,3144,classic,8,
64,3145,classic,8,
64,3146,classic,8,
64,3147,classic,20,
64,3148,classic,11,
64,3149,classic,9,
66,3150,classic,5,
68,3151,classic,5,
67,3152,classic,5,
65,3153,classic,4,
69,3154,classic,5,
69,3155,classic,5,
70,3156,classic,13,
0,3157,classic,17,
71,3158,classic,17,
808,3159,classic,22,
809,3160,classic,2,
809,3161,classic,8,
809,3162,classic,10,
809,3163,classic,11,
809,3164,classic,8,
809,3165,classic,8,
224,3166,classic,16,
842,3167,classic,1,
842,3168,classic,44,
841,3169,classic,8,
0,3170,classic,14,
0,3171,classic,14,
705,3172,classic,1,
705,3173,classic,11,
408,3174,classic,26,
0,3175,classic,12,
0,3176,classic,10,
0,3177,classic,8,
0,3178,classic,8,
787,3179,classic,6,
789,3180,classic,19,
0,3181,classic,19,
0,3182,classic,19,
314,3183,classic,17,
314,3184,classic,7,
0,3185,classic,19,
0,3186,classic,19,
0,3187,classic,41,
611,3188,classic,41,
611,3189,classic,41,
610,3190,classic,41,
0,3191,classic,26,
0,3192,classic,38,
319,3193,classic,27,
0,3194,classic,4,
0,3195,classic,6,
951,3196,classic,3,
951,3197,classic,3,
951,3198,classic,6,
951,3199,classic,6,
951,3200,classic,6,
951,3201,classic,6,
951,3202,classic,5,
951,3203,classic,5,
951,3204,classic,32,
951,3205,classic,32,
959,3206,classic,6,
297,3207,classic,8,
297,3208,classic,3,
297,3209,classic,35,
325,3210,classic,9,
325,3211,classic,46,
325,3212,classic,45,
330,3213,classic,4,
330,3214,classic,9,
330,3215,classic,13,
330,3216,classic,8,
704,3217,classic,13,
706,3218,classic,46,
707,3219,classic,17,
708,3220,classic,30,
1415,3221,classic,11,
759,3222,classic,11,
759,3223,classic,12,
759,3224,classic,12,
759,3225,classic,12,
759,3226,classic,12,
759,3227,classic,11,
759,3228,classic,11,
759,3229,classic,11,
711,3230,classic,8,
767,3231,classic,4,
376,3232,classic,8,
376,3233,classic,8,
376,3234,classic,5,
376,3235,classic,7,
376,3236,classic,17,
710,3237,classic,52,
0,3238,classic,8,
0,3239,classic,10,
0,3240,classic,10,
343,3241,classic,3,
343,3242,classic,80,
0,3243,classic,19,
45,3244,classic,8,
45,3245,classic,8,
501,3246,classic,15,
502,3247,classic,80,
299,3248,classic,9,
299,3249,classic,8,
299,3250,classic,7,
299,3251,classic,7,
505,3252,classic,23,
505,3253,classic,8,
505,3254,classic,7,
505,3255,classic,7,
0,3256,classic,42,
0,3257,classic,42,
507,3258,classic,42,
506,3259,classic,5,
506,3260,classic,11,
506,3261,classic,8,
506,3262,classic,11,
506,3263,classic,19,
503,3264,classic,12,
0,3265,classic,7,
0,3266,classic,7,
504,3267,classic,32,
0,3268,classic,5,
0,3269,classic,5,
0,3270,classic,6,
0,3271,classic,2,
0,3272,classic,6,
0,3273,classic,2,
0,3274,classic,5,
0,3275,classic,5,
0,3276,classic,38,
0,3277,classic,38,
0,3278,classic,21,
0,3279,classic,21,
0,3280,classic,1,
0,3281,classic,9,
0,3282,classic,9,
0,3283,classic,17,
0,3284,classic,11,
0,3285,classic,24,
0,3286,classic,24,
0,3287,classic,24,
0,3288,classic,24,
0,3289,classic,24,
0,3290,classic,24,
0,3291,classic,24,
0,3292,classic,24,
0,3293,classic,16,
0,3294,classic,16,
0,3295,classic,16,
0,3296,classic,16,
0,3297,classic,16,
0,3298,classic,16,
0,3299,classic,16,
0,3300,classic,16,
0,3301,classic,16,
0,3302,classic,23,
0,3303,classic,13,
75,3304,classic,17,
74,3305,classic,24,
76,3306,classic,11,
202,3307,classic,11,
203,3308,classic,8,
121,3309,classic,10,
121,3310,classic,13,
121,3311,classic,3,
121,3312,classic,9,
121,3313,classic,8,
121,3314,classic,23,
121,3315,classic,9,
125,3316,classic,24,
122,3317,classic,23,
123,3318,classic,23,
124,3319,classic,9,
120,3320,classic,18,
82,3321,classic,6,
818,3322,classic,15,
818,3323,classic,12,
818,3324,classic,31,
818,3325,classic,11,
818,3326,classic,13,
818,3327,classic,22,
818,3328,classic,6,
818,3329,classic,5,
818,3330,classic,14,
0,3331,classic,9,
0,3332,classic,12,
0,3333,classic,8,
0,3334,classic,8,
0,3335,classic,14,
825,3336,classic,24,
0,3337,classic,16,
0,3338,classic,11,
0,3339,classic,11,
0,3340,classic,6,
0,3341,classic,6,
0,3342,classic,5,
565,3343,classic,11,
566,3344,classic,13,
567,3345,classic,8,
567,3346,classic,32,
564,3347,classic,32,
0,3348,classic,32,
546,3349,classic,8,
547,3350,classic,16,
547,3351,classic,32,
547,3352,classic,1,
0,3353,classic,8,
552,3354,classic,8,
552,3355,classic,8,
0,3356,classic,52,
551,3357,classic,29,
0,3358,classic,20,
0,3359,classic,1,
0,3360,classic,11,
0,3361,classic,20,
0,3362,classic,1,
0,3363,classic,5,
0,3364,classic,20,
0,3365,classic,1,
0,3366,classic,9,
0,3367,classic,20,
0,3368,classic,1,
0,3369,classic,7,
0,3370,classic,20,
0,3371,classic,1,
0,3372,classic,9,
0,3373,classic,20,
0,3374,classic,1,
0,3375,classic,9,
297,3376,classic,20,
297,3377,classic,1,
297,3378,classic,9,
297,3379,classic,29,
321,3380,classic,20,
321,3381,classic,1,
321,3382,classic,9,
321,3383,classic,6,
1415,3384,classic,13,
1415,3385,classic,1,
1415,3386,classic,13,
1415,3387,classic,13,
1415,3388,classic,2,
1415,3389,classic,11,
588,3390,classic,10,
1415,3391,classic,13,
588,3392,classic,20,
588,3393,classic,1,
588,3394,classic,2,
1415,3395,classic,27,
0,3396,classic,9,
0,3397,classic,12,
297,3398,classic,101,
0,3399,classic,70,
1415,3400,classic,10,
1415,3401,classic,1,
1415,3402,classic,29,
308,3403,classic,27,
541,3404,classic,7,
541,3405,classic,5,
541,3406,classic,5,
541,3407,classic,10,
540,3408,classic,14,
540,3409,classic,14,
211,3410,classic,5,
211,3411,classic,17,
211,3412,classic,17,
211,3413,classic,17,
211,3414,classic,1,
0,3415,classic,8,
0,3416,classic,8,
0,3417,classic,8,
0,3418,classic,8,
0,3419,classic,9,
0,3420,classic,9,
0,3421,classic,33,
0,3422,classic,26,
0,3423,classic,15,
559,3424,classic,8,
559,3425,classic,7,
559,3426,classic,8,
559,3427,classic,7,
559,3428,classic,13,
559,3429,classic,9,
559,3430,classic,9,
562,3431,classic,8,
562,3432,classic,8,
562,3433,classic,18,
562,3434,classic,12,
562,3435,classic,14,
321,3436,classic,4,
321,3437,classic,12,
561,3438,classic,24,
558,3439,classic,9,
557,3440,classic,10,
560,3441,classic,8,
560,3442,classic,8,
563,3443,classic,8,
563,3444,classic,8,
542,3445,classic,8,
543,3446,classic,7,
543,3447,classic,10,
543,3448,classic,7,
543,3449,classic,10,
0,3450,classic,43,
0,3451,classic,45,
0,3452,classic,27,
220,3453,classic,25,
217,3454,classic,24,
219,3455,classic,8,
218,3456,classic,8,
216,3457,classic,16,
216,3458,classic,16,
553,3459,classic,11,
321,3460,classic,9,
0,3461,classic,53,
321,3462,classic,15,
382,3463,classic,42,
382,3464,classic,12,
382,3465,classic,6,
382,3466,classic,18,
1539,3467,classic,11,
1539,3468,classic,31,
554,3469,classic,11,
556,3470,classic,15,
0,3471,classic,15,
554,3472,classic,23,
555,3473,classic,8,
555,3474,classic,8,
0,3475,classic,10,
250,3476,classic,37,
250,3477,classic,37,
544,3478,classic,24,
587,3479,classic,24,
588,3480,classic,19,
588,3481,classic,38,
588,3482,classic,16,
588,3483,classic,11,
588,3484,classic,13,
588,3485,classic,8,
588,3486,classic,15,
588,3487,classic,23,
588,3488,classic,17,
588,3489,classic,17,
588,3490,classic,9,
588,3491,classic,6,
588,3492,classic,38,
588,3493,classic,7,
588,3494,classic,11,
0,3495,classic,15,
0,3496,classic,17,
0,3497,classic,9,
548,3498,classic,4,
548,3499,classic,4,
548,3500,classic,8,
548,3501,classic,11,
548,3502,classic,7,
548,3503,classic,36,
549,3504,classic,4,
549,3505,classic,3,
549,3506,classic,8,
549,3507,classic,4,
549,3508,classic,6,
549,3509,classic,29,
82,3510,classic,11,
395,3511,classic,8,
82,3512,classic,22,
82,3513,classic,33,
82,3514,classic,44,
82,3515,classic,12,
82,3516,classic,24,
82,3517,classic,36,
82,3518,classic,48,
82,3519,classic,18,
82,3520,classic,36,
82,3521,classic,54,
82,3522,classic,71,
588,3523,classic,9,
588,3524,classic,9,
588,3525,classic,9,
588,3526,classic,16,
545,3527,classic,41,
545,3528,classic,41,
545,3529,classic,41,
545,3530,classic,41,
545,3531,classic,41,
545,3532,classic,31,
545,3533,classic,5,
545,3534,classic,55,
641,3535,classic,12,
641,3536,classic,14,
641,3537,classic,7,
641,3538,classic,8,
641,3539,classic,11,
641,3540,classic,19,
211,3541,classic,12,
579,3542,classic,14,
0,3543,classic,44,
0,3544,classic,32,
250,3545,classic,33,
250,3546,classic,33,
0,3547,classic,23,
457,3548,classic,23,
458,3549,classic,10,
0,3550,classic,6,
0,3551,classic,2,
0,3552,classic,5,
0,3553,classic,7,
459,3554,classic,14,
0,3555,classic,12,
460,3556,classic,38,
0,3557,classic,18,
453,3558,classic,11,
201,3559,classic,26,
201,3560,classic,11,
201,3561,classic,27,
201,3562,classic,11,
0,3563,classic,6,
0,3564,classic,11,
0,3565,classic,8,
0,3566,classic,34,
456,3567,classic,36,
347,3568,classic,8,
347,3569,classic,2,
347,3570,classic,15,
0,3571,classic,11,
0,3572,classic,8,
397,3573,classic,12,
385,3574,classic,15,
384,3575,classic,13,
422,3576,classic,18,
405,3577,classic,18,
394,3578,classic,33,
393,3579,classic,64,
388,3580,classic,12,
388,3581,classic,12,
391,3582,classic,1,
391,3583,classic,15,
391,3584,classic,8,
391,3585,classic,17,
402,3586,classic,20,
398,3587,classic,6,
398,3588,classic,17,
398,3589,classic,17,
398,3590,classic,24,
398,3591,classic,24,
0,3592,classic,8,
0,3593,classic,8,
0,3594,classic,2,
0,3595,classic,11,
0,3596,classic,9,
0,3597,classic,13,
0,3598,classic,13,
0,3599,classic,9,
0,3600,classic,9,
396,3601,classic,11,
0,3602,classic,8,
0,3603,classic,5,
412,3604,classic,12,
0,3605,classic,7,
0,3606,classic,4,
389,3607,classic,7,
0,3608,classic,7,
0,3609,classic,4,
383,3610,classic,7,
0,3611,classic,11,
399,3612,classic,11,
387,3613,classic,15,
387,3614,classic,17,
401,3615,classic,18,
400,3616,classic,16,
416,3617,classic,8,
416,3618,classic,16,
416,3619,classic,14,
416,3620,classic,12,
0,3621,classic,8,
0,3622,classic,8,
0,3623,classic,8,
0,3624,classic,20,
0,3625,classic,20,
0,3626,classic,18,
0,3627,classic,11,
411,3628,classic,18,
403,3629,classic,24,
0,3630,classic,24,
406,3631,classic,9,
406,3632,classic,15,
406,3633,classic,8,
0,3634,classic,9,
0,3635,classic,15,
0,3636,classic,4,
404,3637,classic,9,
404,3638,classic,39,
0,3639,classic,48,
0,3640,classic,16,
0,3641,classic,11,
408,3642,classic,14,
408,3643,classic,14,
410,3644,classic,12,
0,3645,classic,10,
414,3646,classic,16,
409,3647,classic,20,
415,3648,classic,16,
0,3649,classic,25,
407,3650,classic,25,
0,3651,classic,31,
0,3652,classic,27,
0,3653,classic,25,
0,3654,classic,31,
0,3655,classic,31,
0,3656,classic,31,
0,3657,classic,26,
0,3658,classic,16,
0,3659,classic,17,
0,3660,classic,4,
0,3661,classic,6,
0,3662,classic,6,
0,3663,classic,6,
0,3664,classic,6,
0,3665,classic,6,
0,3666,classic,6,
0,3667,classic,8,
0,3668,classic,8,
0,3669,classic,27,
0,3670,classic,17,
0,3671,classic,10,
0,3672,classic,11,
0,3673,classic,15,
0,3674,classic,18,
0,3675,classic,27,
0,3676,classic,21,
0,3677,classic,2,
0,3678,classic,9,
0,3679,classic,3,
0,3680,classic,8,
390,3681,classic,15,
413,3682,classic,24,
0,3683,classic,23,
0,3684,classic,22,
0,3685,classic,8,
0,3686,classic,21,
0,3687,classic,12,
0,3688,classic,13,
0,3689,classic,13,
0,3690,classic,13,
0,3691,classic,23,
0,3692,classic,23,
0,3693,classic,23,
0,3694,classic,23,
0,3695,classic,23,
0,3696,classic,23,
0,3697,classic,1,
427,3698,classic,16,
429,3699,classic,10,
430,3700,classic,13,
0,3701,classic,23,
0,3702,classic,11,
0,3703,classic,11,
0,3704,classic,11,
0,3705,classic,24,
386,3706,classic,24,
423,3707,classic,4,
423,3708,classic,8,
423,3709,classic,16,
423,3710,classic,16,
423,3711,classic,21,
426,3712,classic,1,
426,3713,classic,8,
426,3714,classic,9,
426,3715,classic,1,
424,3716,classic,1,
424,3717,classic,8,
425,3718,classic,8,
0,3719,classic,9,
420,3720,classic,20,
148,3721,classic,6,
148,3722,classic,9,
148,3723,classic,5,
148,3724,classic,10,
151,3725,classic,10,
148,3726,classic,5,
148,3727,classic,19,
149,3728,classic,42,
416,3729,classic,20,
149,3730,classic,8,
149,3731,classic,10,
149,3732,classic,8,
149,3733,classic,17,
0,3734,classic,35,
0,3735,classic,10,
641,3736,classic,6,
641,3737,classic,11,
641,3738,classic,1,
0,3739,classic,43,
0,3740,classic,27,
0,3741,classic,17,
147,3742,classic,11,
147,3743,classic,11,
150,3744,classic,12,
0,3745,classic,19,
863,3746,classic,14,
0,3747,classic,8,
145,3748,classic,1,
145,3749,classic,14,
145,3750,classic,20,
145,3751,classic,14,
145,3752,classic,14,
145,3753,classic,14,
145,3754,classic,16,
145,3755,classic,14,
145,3756,classic,14,
145,3757,classic,14,
145,3758,classic,12,
145,3759,classic,14,
145,3760,classic,10,
145,3761,classic,10,
145,3762,classic,10,
145,3763,classic,10,
145,3764,classic,10,
145,3765,classic,10,
145,3766,classic,9,
145,3767,classic,17,
145,3768,classic,14,
145,3769,classic,10,
145,3770,classic,10,
145,3771,classic,10,
145,3772,classic,10,
145,3773,classic,10,
145,3774,classic,10,
145,3775,classic,10,
145,3776,classic,14,
146,3777,classic,9,
145,3778,classic,1,
145,3779,classic,1,
145,3780,classic,1,
145,3781,classic,1,
145,3782,classic,1,
145,3783,classic,1,
145,3784,classic,1,
145,3785,classic,1,
145,3786,classic,1,
145,3787,classic,1,
145,3788,classic,1,
145,3789,classic,1,
145,3790,classic,1,
145,3791,classic,1,
145,3792,classic,1,
145,3793,classic,1,
145,3794,classic,1,
145,3795,classic,1,
145,3796,classic,1,
145,3797,classic,1,
145,3798,classic,1,
145,3799,classic,1,
145,3800,classic,1,
145,3801,classic,1,
145,3802,classic,1,
1628,3803,classic,25,
0,3804,classic,60,
658,3805,classic,42,
0,3806,classic,16,
0,3807,classic,20,
657,3808,classic,12,
654,3809,classic,5,
654,3810,classic,9,
654,3811,classic,9,
654,3812,classic,11,
654,3813,classic,15,
654,3814,classic,21,
653,3815,classic,4,
653,3816,classic,15,
653,3817,classic,10,
653,3818,classic,21,
653,3819,classic,18,
653,3820,classic,9,
653,3821,classic,17,
655,3822,classic,15,
655,3823,classic,10,
655,3824,classic,12,
655,3825,classic,12,
655,3826,classic,7,
655,3827,classic,24,
656,3828,classic,8,
656,3829,classic,14,
656,3830,classic,12,
656,3831,classic,12,
656,3832,classic,15,
656,3833,classic,14,
656,3834,classic,30,
652,3835,classic,17,
1628,3836,classic,9,
1628,3837,classic,8,
0,3838,classic,26,
0,3839,classic,18,
612,3840,classic,9,
336,3841,classic,8,
336,3842,classic,13,
520,3843,classic,8,
0,3844,classic,15,
0,3845,classic,6,
0,3846,classic,1,
1395,3847,classic,25,
1395,3848,classic,14,
1395,3849,classic,40,
1400,3850,classic,46,
1398,3851,classic,7,
1398,3852,classic,74,
187,3853,classic,12,
1395,3854,classic,24,
0,3855,classic,37,
1395,3856,classic,37,
0,3857,classic,21,
1402,3858,classic,22,
0,3859,classic,49,
0,3860,classic,30,
0,3861,classic,30,
0,3862,classic,30,
0,3863,classic,30,
1399,3864,classic,15,
0,3865,classic,16,
0,3866,classic,16,
329,3867,classic,7,
329,3868,classic,10,
329,3869,classic,7,
329,3870,classic,14,
329,3871,classic,14,
329,3872,classic,14,
0,3873,classic,30,
78,3874,classic,40,
78,3875,classic,64,
78,3876,classic,74,
78,3877,classic,106,
137,3878,classic,8,
137,3879,classic,8,
137,3880,classic,8,
137,3881,classic,18,
137,3882,classic,12,
142,3883,classic,12,
144,3884,classic,2,
143,3885,classic,5,
136,3886,classic,29,
136,3887,classic,10,
136,3888,classic,30,
141,3889,classic,30,
136,3890,classic,10,
136,3891,classic,7,
131,3892,classic,9,
131,3893,classic,35,
131,3894,classic,12,
131,3895,classic,3,
131,3896,classic,8,
131,3897,classic,7,
134,3898,classic,13,
134,3899,classic,13,
134,3900,classic,19,
134,3901,classic,19,
134,3902,classic,8,
134,3903,classic,12,
134,3904,classic,30,
129,3905,classic,15,
135,3906,classic,7,
135,3907,classic,14,
135,3908,classic,9,
135,3909,classic,7,
135,3910,classic,14,
139,3911,classic,15,
140,3912,classic,15,
133,3913,classic,8,
133,3914,classic,15,
133,3915,classic,18,
133,3916,classic,12,
133,3917,classic,13,
132,3918,classic,8,
132,3919,classic,7,
132,3920,classic,13,
132,3921,classic,9,
132,3922,classic,13,
138,3923,classic,10,
138,3924,classic,5,
128,3925,classic,9,
0,3926,classic,2,
126,3927,classic,9,
129,3928,classic,12,
129,3929,classic,14,
129,3930,classic,14,
0,3931,classic,17,
130,3932,classic,39,
129,3933,classic,12,
129,3934,classic,14,
129,3935,classic,14,
129,3936,classic,12,
129,3937,classic,14,
129,3938,classic,14,
127,3939,classic,19,
61,3940,classic,10,
73,3941,classic,37,
72,3942,classic,5,
62,3943,classic,7,
786,3944,classic,22,
0,3945,classic,16,
785,3946,classic,16,
328,3947,classic,8,
328,3948,classic,4,
328,3949,classic,19,
0,3950,classic,12,
1255,3951,classic,13,
274,3952,classic,15,
274,3953,classic,16,
274,3954,classic,8,
274,3955,classic,7,
274,3956,classic,8,
274,3957,classic,8,
274,3958,classic,8,
274,3959,classic,7,
274,3960,classic,9,
274,3961,classic,8,
274,3962,classic,14,
319,3963,classic,8,
319,3964,classic,3,
319,3965,classic,2,
319,3966,classic,8,
319,3967,classic,9,
319,3968,classic,9,
319,3969,classic,13,
0,3970,classic,1,
0,3971,classic,23,
0,3972,classic,32,
0,3973,classic,17,
667,3974,classic,11,
668,3975,classic,6,
663,3976,classic,33,
665,3977,classic,10,
665,3978,classic,10,
665,3979,classic,14,
665,3980,classic,8,
665,3981,classic,11,
665,3982,classic,19,
664,3983,classic,16,
664,3984,classic,8,
664,3985,classic,7,
664,3986,classic,6,
664,3987,classic,4,
664,3988,classic,9,
666,3989,classic,11,
666,3990,classic,10,
666,3991,classic,10,
666,3992,classic,18,
666,3993,classic,20,
1291,3994,classic,10,
669,3995,classic,15,
0,3996,classic,16,
0,3997,classic,8,
935,3998,classic,7,
0,3999,classic,7,
935,4000,classic,33,
0,4001,classic,33,
935,4002,classic,24,
0,4003,classic,24,
0,4004,classic,12,
938,4005,classic,21,
938,4006,classic,21,
461,4007,classic,10,
461,4008,classic,10,
461,4009,classic,7,
461,4010,classic,7,
936,4011,classic,4,
936,4012,classic,8,
936,4013,classic,7,
936,4014,classic,11,
936,4015,classic,9,
937,4016,classic,51,
1291,4017,classic,10,
0,4018,classic,15,
0,4019,classic,12,
939,4020,classic,17,
297,4021,classic,5,
940,4022,classic,17,
0,4023,classic,21,
0,4024,classic,21,
943,4025,classic,22,
943,4026,classic,22,
944,4027,classic,25,
0,4028,classic,22,
0,4029,classic,53,
0,4030,classic,15,
0,4031,classic,38,
941,4032,classic,23,
941,4033,classic,23,
941,4034,classic,23,
941,4035,classic,23,
0,4036,classic,5,
942,4037,classic,16,
942,4038,classic,6,
942,4039,classic,16,
942,4040,classic,8,
942,4041,classic,10,
942,4042,classic,15,
0,4043,classic,24,
0,4044,classic,24,
0,4045,classic,24,
0,4046,classic,24,
0,4047,classic,24,
0,4048,classic,24,
0,4049,classic,24,
0,4050,classic,24,
0,4051,classic,24,
0,4052,classic,24,
0,4053,classic,24,
0,4054,classic,24,
0,4055,classic,24,
0,4056,classic,24,
0,4057,classic,24,
0,4058,classic,24,
0,4059,classic,24,
0,4060,classic,24,
0,4061,classic,24,
0,4062,classic,24,
0,4063,classic,24,
0,4064,classic,24,
0,4065,classic,24,
0,4066,classic,24,
0,4067,classic,30,
0,4068,classic,30,
0,4069,classic,6,
0,4070,classic,16,
0,4071,classic,13,
428,4072,classic,13,
0,4073,classic,9,
0,4074,classic,7,
0,4075,classic,9,
0,4076,classic,7,
0,4077,classic,9,
0,4078,classic,7,
0,4079,classic,8,
0,4080,classic,8,
0,4081,classic,9,
0,4082,classic,7,
0,4083,classic,9,
0,4084,classic,7,
0,4085,classic,9,
0,4086,classic,7,
0,4087,classic,9,
0,4088,classic,7,
0,4089,classic,9,
0,4090,classic,21,
0,4091,classic,9,
0,4092,classic,21,
0,4093,classic,9,
0,4094,classic,21,
0,4095,classic,9,
0,4096,classic,21,
0,4097,classic,9,
0,4098,classic,21,
0,4099,classic,9,
0,4100,classic,21,
0,4101,classic,9,
0,4102,classic,21,
0,4103,classic,8,
0,4104,classic,8,
0,4105,classic,7,
0,4106,classic,7,
0,4107,classic,9,
0,4108,classic,9,
0,4109,classic,27,
0,4110,classic,27,
0,4111,classic,9,
0,4112,classic,9,
0,4113,classic,9,
0,4114,classic,9,
0,4115,classic,9,
0,4116,classic,9,
0,4117,classic,9,
417,4118,classic,8,
77,4119,classic,40,
77,4120,classic,64,
77,4121,classic,88,
77,4122,classic,106,
1479,4123,classic,9,
1436,4124,classic,32,
947,4125,classic,64,
948,4126,classic,14,
1431,4127,classic,8,
1460,4128,classic,16,
1430,4129,classic,29,
1434,4130,classic,32,
1438,4131,classic,12,
1439,4132,classic,32,
1238,4133,classic,108,
949,4134,classic,17,
949,4135,classic,1,
0,4136,classic,21,
950,4137,classic,10,
950,4138,classic,11,
1310,4139,classic,32,
1310,4140,classic,64,
0,4141,classic,21,
0,4142,classic,21,
0,4143,classic,21,
0,4144,classic,21,
0,4145,classic,20,
0,4146,classic,21,
0,4147,classic,21,
0,4148,classic,21,
0,4149,classic,21,
0,4150,classic,21,
0,4151,classic,21,
0,4152,classic,21,
0,4153,classic,21,
0,4154,classic,21,
951,4155,classic,6,
951,4156,classic,6,
953,4157,classic,29,
953,4158,classic,8,
953,4159,classic,3,
953,4160,classic,7,
952,4161,classic,7,
954,4162,classic,17,
954,4163,classic,8,
954,4164,classic,9,
955,4165,classic,12,
0,4166,classic,12,
0,4167,classic,12,
0,4168,classic,14,
0,4169,classic,13,
0,4170,classic,12,
0,4171,classic,9,
0,4172,classic,10,
0,4173,classic,14,
0,4174,classic,12,
0,4175,classic,9,
957,4176,classic,7,
0,4177,classic,6,
0,4178,classic,8,
0,4179,classic,12,
0,4180,classic,12,
0,4181,classic,27,
0,4182,classic,15,
0,4183,classic,32,
0,4184,classic,12,
0,4185,classic,24,
956,4186,classic,27,
958,4187,classic,15,
0,4188,classic,16,
960,4189,classic,8,
0,4190,classic,30,
0,4191,classic,30,
0,4192,classic,23,
0,4193,classic,6,
0,4194,classic,12,
0,4195,classic,14,
0,4196,classic,8,
0,4197,classic,12,
0,4198,classic,17,
0,4199,classic,24,
0,4200,classic,10,
1383,4201,classic,9,
1383,4202,classic,8,
1383,4203,classic,7,
1383,4204,classic,28,
1383,4205,classic,37,
1383,4206,classic,26,
0,4207,classic,17,
0,4208,classic,28,
0,4209,classic,18,
33,4210,classic,48,
33,4211,classic,47,
966,4212,classic,47,
970,4213,classic,22,
967,4214,classic,40,
965,4215,classic,24,
971,4216,classic,28,
963,4217,classic,74,
963,4218,classic,37,
1394,4219,classic,57,
1394,4220,classic,1,
82,4221,classic,25,
962,4222,classic,33,
969,4223,classic,66,
964,4224,classic,4,
968,4225,classic,17,
0,4226,classic,16,
0,4227,classic,16,
0,4228,classic,24,
972,4229,classic,6,
0,4230,classic,19,
974,4231,classic,12,
974,4232,classic,15,
974,4233,classic,14,
974,4234,classic,11,
974,4235,classic,13,
974,4236,classic,8,
974,4237,classic,13,
0,4238,classic,10,
979,4239,classic,64,
978,4240,classic,11,
978,4241,classic,11,
980,4242,classic,15,
980,4243,classic,3,
976,4244,classic,27,
976,4245,classic,8,
976,4246,classic,10,
976,4247,classic,8,
982,4248,classic,7,
982,4249,classic,10,
0,4250,classic,10,
985,4251,classic,8,
984,4252,classic,13,
976,4253,classic,13,
0,4254,classic,15,
0,4255,classic,10,
0,4256,classic,8,
0,4257,classic,12,
0,4258,classic,6,
981,4259,classic,24,
977,4260,classic,10,
983,4261,classic,10,
975,4262,classic,2,
990,4263,classic,16,
990,4264,classic,29,
990,4265,classic,11,
990,4266,classic,13,
990,4267,classic,16,
989,4268,classic,8,
989,4269,classic,21,
989,4270,classic,14,
989,4271,classic,17,
989,4272,classic,22,
989,4273,classic,13,
986,4274,classic,9,
0,4275,classic,15,
0,4276,classic,16,
2170,4277,classic,20,
0,4278,classic,19,
991,4279,classic,7,
0,4280,classic,17,
988,4281,classic,14,
0,4282,classic,10,
0,4283,classic,22,
973,4284,classic,40,
0,4285,classic,50,
993,4286,classic,63,
1240,4287,classic,20,
1240,4288,classic,16,
1240,4289,classic,20,
2032,4290,classic,43,
2032,4291,classic,43,
2025,4292,classic,142,
0,4293,classic,173,
2026,4294,classic,40,
2030,4295,classic,60,
2031,4296,classic,64,
2030,4297,classic,1,
1001,4298,classic,8,
1001,4299,classic,8,
1001,4300,classic,10,
1001,4301,classic,11,
1001,4302,classic,15,
1000,4303,classic,8,
1000,4304,classic,27,
1000,4305,classic,15,
1000,4306,classic,8,
1000,4307,classic,8,
842,4308,classic,24,
842,4309,classic,24,
1564,4310,classic,16,
1564,4311,classic,16,
998,4312,classic,110,
998,4313,classic,13,
998,4314,classic,4,
998,4315,classic,4,
0,4316,classic,17,
997,4317,classic,22,
1003,4318,classic,92,
1003,4319,classic,16,
1003,4320,classic,20,
1003,4321,classic,50,
1003,4322,classic,28,
994,4323,classic,16,
995,4324,classic,13,
996,4325,classic,4,
1000,4326,classic,8,
1000,4327,classic,27,
299,4328,classic,42,
0,4329,classic,10,
0,4330,classic,10,
319,4331,classic,10,
319,4332,classic,6,
1004,4333,classic,32,
1010,4334,classic,33,
1009,4335,classic,12,
1007,4336,classic,20,
1007,4337,classic,1,
1008,4338,classic,8,
1006,4339,classic,18,
0,4340,classic,8,
0,4341,classic,8,
0,4342,classic,13,
0,4343,classic,8,
0,4344,classic,24,
0,4345,classic,27,
1011,4346,classic,9,
1011,4347,classic,7,
0,4348,classic,32,
0,4349,classic,32,
0,4350,classic,32,
1012,4351,classic,17,
0,4352,classic,28,
1023,4353,classic,18,
1029,4354,classic,14,
1025,4355,classic,28,
1028,4356,classic,32,
1027,4357,classic,16,
1026,4358,classic,1,
1026,4359,classic,38,
1031,4360,classic,11,
1031,4361,classic,11,
1030,4362,classic,15,
1030,4363,classic,18,
1030,4364,classic,18,
0,4365,classic,12,
0,4366,classic,17,
0,4367,classic,41,
0,4368,classic,35,
0,4369,classic,28,
0,4370,classic,18,
0,4371,classic,27,
1021,4372,classic,38,
1022,4373,classic,26,
1022,4374,classic,26,
1022,4375,classic,40,
1022,4376,classic,32,
1016,4377,classic,90,
0,4378,classic,22,
0,4379,classic,20,
0,4380,classic,44,
0,4381,classic,35,
0,4382,classic,22,
1014,4383,classic,8,
1014,4384,classic,10,
1014,4385,classic,9,
1014,4386,classic,8,
1014,4387,classic,11,
1014,4388,classic,23,
1014,4389,classic,17,
1020,4390,classic,16,
1020,4391,classic,16,
1017,4392,classic,9,
1018,4393,classic,9,
1019,4394,classic,6,
1019,4395,classic,6,
1019,4396,classic,6,
1019,4397,classic,6,
1019,4398,classic,6,
1013,4399,classic,13,
0,4400,classic,14,
0,4401,classic,20,
0,4402,classic,17,
1024,4403,classic,29,
1024,4404,classic,23,
1024,4405,classic,17,
0,4406,classic,11,
1039,4407,classic,12,
1015,4408,classic,6,
0,4409,classic,27,
0,4410,classic,33,
0,4411,classic,46,
0,4412,classic,47,
0,4413,classic,48,
1034,4414,classic,26,
1038,4415,classic,35,
1038,4416,classic,25,
1037,4417,classic,23,
1033,4418,classic,19,
1035,4419,classic,48,
1033,4420,classic,47,
1033,4421,classic,46,
1032,4422,classic,19,
1036,4423,classic,11,
0,4424,classic,9,
0,4425,classic,4,
0,4426,classic,8,
0,4427,classic,8,
0,4428,classic,8,
0,4429,classic,8,
0,4430,classic,8,
731,4431,classic,8,
0,4432,classic,33,
0,4433,classic,15,
0,4434,classic,31,
0,4435,classic,8,
0,4436,classic,15,
0,4437,classic,15,
0,4438,classic,15,
0,4439,classic,15,
0,4440,classic,15,
0,4441,classic,15,
0,4442,classic,15,
1049,4443,classic,25,
1051,4444,classic,29,
1042,4445,classic,34,
1050,4446,classic,48,
1048,4447,classic,53,
1041,4448,classic,37,
1045,4449,classic,34,
1044,4450,classic,46,
1043,4451,classic,41,
1052,4452,classic,28,
1047,4453,classic,44,
1047,4454,classic,13,
0,4455,classic,43,
0,4456,classic,9,
0,4457,classic,10,
0,4458,classic,10,
0,4459,classic,12,
0,4460,classic,28,
1047,4461,classic,16,
0,4462,classic,34,
1046,4463,classic,34,
0,4464,classic,44,
0,4465,classic,44,
0,4466,classic,28,
0,4467,classic,36,
0,4468,classic,36,
1053,4469,classic,70,
0,4470,classic,15,
0,4471,classic,35,
1054,4472,classic,15,
1054,4473,classic,7,
1054,4474,classic,7,
1054,4475,classic,5,
1054,4476,classic,19,
1055,4477,classic,41,
1056,4478,classic,41,
0,4479,classic,30,
0,4480,classic,35,
0,4481,classic,30,
0,4482,classic,35,
0,4483,classic,30,
0,4484,classic,35,
0,4485,classic,30,
0,4486,classic,35,
0,4487,classic,30,
0,4488,classic,35,
0,4489,classic,30,
0,4490,classic,35,
0,4491,classic,30,
0,4492,classic,35,
0,4493,classic,30,
0,4494,classic,35,
0,4495,classic,30,
0,4496,classic,35,
0,4497,classic,30,
0,4498,classic,35,
0,4499,classic,30,
0,4500,classic,35,
0,4501,classic,30,
0,4502,classic,35,
0,4503,classic,30,
0,4504,classic,35,
0,4505,classic,30,
0,4506,classic,35,
0,4507,classic,30,
0,4508,classic,35,
0,4509,classic,30,
0,4510,classic,35,
0,4511,classic,30,
0,4512,classic,35,
0,4513,classic,30,
0,4514,classic,35,
0,4515,classic,30,
0,4516,classic,35,
0,4517,classic,30,
0,4518,classic,35,
0,4519,classic,30,
0,4520,classic,35,
0,4521,classic,30,
0,4522,classic,35,
0,4523,classic,30,
0,4524,classic,35,
0,4525,classic,30,
0,4526,classic,35,
0,4527,classic,30,
0,4528,classic,35,
0,4529,classic,30,
0,4530,classic,35,
0,4531,classic,30,
0,4532,classic,35,
0,4533,classic,30,
0,4534,classic,35,
1069,4535,classic,2,
319,4536,classic,14,
319,4537,classic,2,
319,4538,classic,2,
1539,4539,classic,8,
0,4540,classic,25,
1070,4541,classic,22,
1070,4542,classic,35,
1071,4543,classic,35,
0,4544,classic,31,
1071,4545,classic,31,
0,4546,classic,31,
0,4547,classic,40,
1072,4548,classic,40,
0,4549,classic,74,
1074,4550,classic,16,
0,4551,classic,26,
0,4552,classic,70,
0,4553,classic,25,
1073,4554,classic,12,
1073,4555,classic,6,
1075,4556,classic,68,
1061,4557,classic,18,
0,4558,classic,30,
1060,4559,classic,12,
1063,4560,classic,9,
1064,4561,classic,5,
1065,4562,classic,8,
1062,4563,classic,31,
1059,4564,classic,6,
1058,4565,classic,6,
1059,4566,classic,6,
1058,4567,classic,6,
1059,4568,classic,6,
1058,4569,classic,6,
1067,4570,classic,119,
1067,4571,classic,27,
1067,4572,classic,5,
1067,4573,classic,27,
1076,4574,classic,45,
1049,4575,classic,24,
1066,4576,classic,21,
1057,4577,classic,35,
308,4578,classic,8,
319,4579,classic,63,
319,4580,classic,34,
0,4581,classic,12,
319,4582,classic,35,
319,4583,classic,28,
1068,4584,classic,80,
319,4585,classic,83,
0,4586,classic,85,
82,4587,classic,8,
82,4588,classic,16,
82,4589,classic,24,
82,4590,classic,32,
0,4591,classic,16,
0,4592,classic,34,
0,4593,classic,35,
0,4594,classic,35,
1077,4595,classic,8,
1082,4596,classic,9,
0,4597,classic,33,
0,4598,classic,10,
1084,4599,classic,31,
1084,4600,classic,18,
1085,4601,classic,31,
0,4602,classic,35,
0,4603,classic,28,
0,4604,classic,46,
1087,4605,classic,46,
0,4606,classic,7,
0,4607,classic,5,
0,4608,classic,4,
1088,4609,classic,16,
1088,4610,classic,16,
1086,4611,classic,10,
1086,4612,classic,10,
1086,4613,classic,6,
0,4614,classic,10,
0,4615,classic,10,
0,4616,classic,6,
0,4617,classic,50,
1078,4618,classic,13,
1078,4619,classic,9,
1078,4620,classic,7,
1083,4621,classic,1,
1083,4622,classic,22,
1078,4623,classic,22,
1078,4624,classic,64,
72,4625,classic,5,
0,4626,classic,8,
1088,4627,classic,16,
1089,4628,classic,4,
1078,4629,classic,17,
1078,4630,classic,14,
1079,4631,classic,14,
290,4632,classic,8,
1080,4633,classic,8,
1080,4634,classic,8,
1080,4635,classic,16,
290,4636,classic,9,
290,4637,classic,6,
1080,4638,classic,21,
290,4639,classic,2,
290,4640,classic,11,
290,4641,classic,9,
1080,4642,classic,27,
0,4643,classic,6,
1078,4644,classic,21,
0,4645,classic,6,
0,4646,classic,6,
1290,4647,classic,19,
1240,4648,classic,11,
1081,4649,classic,19,
1081,4650,classic,10,
1081,4651,classic,15,
1081,4652,classic,16,
1081,4653,classic,20,
1081,4654,classic,18,
1081,4655,classic,18,
1081,4656,classic,12,
1081,4657,classic,13,
1081,4658,classic,16,
1081,4659,classic,44,
1081,4660,classic,19,
1081,4661,classic,19,
1081,4662,classic,14,
1081,4663,classic,14,
1081,4664,classic,15,
1081,4665,classic,15,
1081,4666,classic,16,
1081,4667,classic,16,
1081,4668,classic,20,
1081,4669,classic,19,
1081,4670,classic,14,
1081,4671,classic,15,
1081,4672,classic,16,
1081,4673,classic,25,
1078,4674,classic,20,
1078,4675,classic,11,
1078,4676,classic,20,
1078,4677,classic,37,
1078,4678,classic,1,
1078,4679,classic,21,
1078,4680,classic,18,
1078,4681,classic,12,
290,4682,classic,12,
1097,4683,classic,13,
1099,4684,classic,13,
1097,4685,classic,20,
1099,4686,classic,20,
1097,4687,classic,34,
1099,4688,classic,34,
1097,4689,classic,15,
1099,4690,classic,15,
1097,4691,classic,23,
1099,4692,classic,23,
1097,4693,classic,23,
1099,4694,classic,23,
1097,4695,classic,26,
1099,4696,classic,26,
1097,4697,classic,36,
1099,4698,classic,36,
1098,4699,classic,8,
1098,4700,classic,8,
1098,4701,classic,20,
1098,4702,classic,5,
1098,4703,classic,5,
1098,4704,classic,16,
1098,4705,classic,16,
1097,4706,classic,21,
1099,4707,classic,21,
1098,4708,classic,14,
0,4709,classic,51,
0,4710,classic,29,
1098,4711,classic,7,
0,4712,classic,9,
0,4713,classic,16,
1098,4714,classic,20,
1098,4715,classic,9,
1098,4716,classic,11,
1098,4717,classic,19,
0,4718,classic,14,
0,4719,classic,25,
0,4720,classic,16,
0,4721,classic,20,
0,4722,classic,22,
0,4723,classic,22,
0,4724,classic,28,
1098,4725,classic,66,
0,4726,classic,28,
0,4727,classic,30,
0,4728,classic,36,
1098,4729,classic,29,
1102,4730,classic,6,
0,4731,classic,13,
1098,4732,classic,16,
1098,4733,classic,12,
1098,4734,classic,9,
1039,4735,classic,22,
1039,4736,classic,29,
1039,4737,classic,12,
1101,4738,classic,9,
1101,4739,classic,9,
1101,4740,classic,8,
1101,4741,classic,8,
1101,4742,classic,11,
1094,4743,classic,5,
1092,4744,classic,5,
1093,4745,classic,7,
1095,4746,classic,12,
1096,4747,classic,12,
1104,4748,classic,39,
1104,4749,classic,39,
0,4750,classic,10,
1103,4751,classic,11,
1103,4752,classic,9,
1100,4753,classic,16,
1100,4754,classic,14,
1091,4755,classic,1,
1091,4756,classic,100,
0,4757,classic,45,
0,4758,classic,6,
0,4759,classic,8,
0,4760,classic,52,
0,4761,classic,52,
0,4762,classic,52,
0,4763,classic,52,
0,4764,classic,52,
0,4765,classic,52,
0,4766,classic,52,
1098,4767,classic,12,
1098,4768,classic,2,
1098,4769,classic,12,
1098,4770,classic,42,
0,4771,classic,56,
0,4772,classic,12,
1105,4773,classic,8,
1105,4774,classic,11,
1105,4775,classic,9,
1105,4776,classic,8,
1105,4777,classic,57,
1106,4778,classic,8,
0,4779,classic,16,
0,4780,classic,16,
1109,4781,classic,11,
1108,4782,classic,24,
1110,4783,classic,64,
312,4784,classic,6,
0,4785,classic,45,
0,4786,classic,37,
0,4787,classic,9,
0,4788,classic,12,
1628,4789,classic,8,
0,4790,classic,11,
0,4791,classic,19,
782,4792,classic,19,
0,4793,classic,15,
0,4794,classic,25,
0,4795,classic,31,
1120,4796,classic,28,
0,4797,classic,33,
1120,4798,classic,29,
1119,4799,classic,49,
1119,4800,classic,49,
1119,4801,classic,45,
1119,4802,classic,34,
1119,4803,classic,25,
0,4804,classic,14,
1628,4805,classic,23,
0,4806,classic,15,
0,4807,classic,38,
1123,4808,classic,38,
0,4809,classic,97,
1122,4810,classic,97,
1113,4811,classic,1,
1113,4812,classic,1,
1113,4813,classic,1,
1113,4814,classic,1,
1113,4815,classic,1,
1113,4816,classic,1,
1113,4817,classic,1,
1113,4818,classic,1,
1115,4819,classic,17,
1115,4820,classic,16,
1114,4821,classic,13,
1112,4822,classic,22,
1112,4823,classic,22,
0,4824,classic,15,
0,4825,classic,13,
0,4826,classic,19,
1116,4827,classic,22,
1114,4828,classic,18,
1114,4829,classic,11,
1114,4830,classic,17,
1114,4831,classic,10,
1114,4832,classic,14,
451,4833,classic,2,
0,4834,classic,25,
0,4835,classic,11,
1118,4836,classic,35,
1111,4837,classic,30,
0,4838,classic,35,
0,4839,classic,68,
1117,4840,classic,68,
0,4841,classic,33,
1115,4842,classic,17,
1124,4843,classic,64,
1124,4844,classic,76,
1124,4845,classic,72,
1124,4846,classic,64,
0,4847,classic,6,
0,4848,classic,6,
0,4849,classic,6,
0,4850,classic,6,
0,4851,classic,6,
0,4852,classic,10,
0,4853,classic,26,
2181,4854,classic,18,
0,4855,classic,15,
2127,4856,classic,48,
0,4857,classic,16,
0,4858,classic,16,
0,4859,classic,32,
1129,4860,classic,10,
0,4861,classic,23,
0,4862,classic,25,
0,4863,classic,38,
1130,4864,classic,1,
1130,4865,classic,23,
1130,4866,classic,8,
1130,4867,classic,8,
1130,4868,classic,10,
1130,4869,classic,17,
1130,4870,classic,27,
1145,4871,classic,13,
1145,4872,classic,13,
1145,4873,classic,11,
1145,4874,classic,11,
1145,4875,classic,13,
1145,4876,classic,13,
1145,4877,classic,11,
1145,4878,classic,11,
1145,4879,classic,2,
1145,4880,classic,2,
1145,4881,classic,2,
1136,4882,classic,32,
1136,4883,classic,1,
0,4884,classic,54,
0,4885,classic,76,
1149,4886,classic,68,
1132,4887,classic,6,
1132,4888,classic,6,
1132,4889,classic,6,
1132,4890,classic,6,
1132,4891,classic,10,
1132,4892,classic,20,
1150,4893,classic,12,
1141,4894,classic,6,
1144,4895,classic,13,
1146,4896,classic,21,
1135,4897,classic,26,
1137,4898,classic,8,
1133,4899,classic,9,
1135,4900,classic,1,
1148,4901,classic,8,
1144,4902,classic,26,
1144,4903,classic,26,
1138,4904,classic,17,
0,4905,classic,21,
1146,4906,classic,21,
1146,4907,classic,1,
1139,4908,classic,9,
0,4909,classic,17,
1138,4910,classic,17,
0,4911,classic,17,
1131,4912,classic,21,
1153,4913,classic,13,
1153,4914,classic,23,
1153,4915,classic,14,
1153,4916,classic,9,
1153,4917,classic,22,
1153,4918,classic,22,
1151,4919,classic,12,
1151,4920,classic,8,
1151,4921,classic,11,
1151,4922,classic,6,
1151,4923,classic,9,
1151,4924,classic,10,
1151,4925,classic,12,
1151,4926,classic,8,
1151,4927,classic,10,
1151,4928,classic,7,
1151,4929,classic,17,
1151,4930,classic,17,
1152,4931,classic,16,
1152,4932,classic,40,
1152,4933,classic,20,
1152,4934,classic,16,
1152,4935,classic,27,
336,4936,classic,14,
0,4937,classic,96,
1164,4938,classic,96,
0,4939,classic,36,
1167,4940,classic,36,
0,4941,classic,43,
1168,4942,classic,43,
0,4943,classic,137,
1173,4944,classic,137,
0,4945,classic,85,
1170,4946,classic,85,
0,4947,classic,60,
1154,4948,classic,60,
0,4949,classic,118,
1159,4950,classic,112,
0,4951,classic,89,
1163,4952,classic,89,
0,4953,classic,113,
1157,4954,classic,113,
0,4955,classic,181,
1158,4956,classic,181,
0,4957,classic,150,
1176,4958,classic,147,
0,4959,classic,44,
1156,4960,classic,44,
0,4961,classic,55,
1160,4962,classic,42,
0,4963,classic,59,
1161,4964,classic,59,
0,4965,classic,26,
1175,4966,classic,26,
0,4967,classic,30,
1172,4968,classic,30,
0,4969,classic,138,
1165,4970,classic,136,
0,4971,classic,60,
1166,4972,classic,60,
0,4973,classic,62,
1171,4974,classic,60,
0,4975,classic,70,
1162,4976,classic,70,
0,4977,classic,48,
1155,4978,classic,48,
0,4979,classic,58,
1169,4980,classic,58,
0,4981,classic,110,
1174,4982,classic,98,
461,4983,classic,15,
1184,4984,classic,15,
461,4985,classic,13,
461,4986,classic,30,
461,4987,classic,18,
461,4988,classic,12,
461,4989,classic,24,
461,4990,classic,15,
461,4991,classic,18,
461,4992,classic,46,
461,4993,classic,42,
461,4994,classic,40,
461,4995,classic,25,
461,4996,classic,43,
461,4997,classic,15,
461,4998,classic,28,
461,4999,classic,16,
461,5000,classic,35,
461,5001,classic,30,
319,5002,classic,26,
1183,5003,classic,8,
1181,5004,classic,40,
1185,5005,classic,25,
0,5006,classic,25,
1185,5007,classic,25,
1185,5008,classic,43,
1185,5009,classic,15,
1182,5010,classic,28,
1182,5011,classic,16,
1177,5012,classic,83,
931,5013,classic,14,
1180,5014,classic,54,
0,5015,classic,54,
461,5016,classic,19,
462,5017,classic,15,
319,5018,classic,85,
1179,5019,classic,12,
1179,5020,classic,6,
1178,5021,classic,18,
1178,5022,classic,18,
1178,5023,classic,14,
1178,5024,classic,18,
1178,5025,classic,17,
1178,5026,classic,22,
1178,5027,classic,27,
1178,5028,classic,45,
1178,5029,classic,18,
1178,5030,classic,18,
1178,5031,classic,15,
1178,5032,classic,14,
1178,5033,classic,29,
1187,5034,classic,27,
1186,5035,classic,16,
1186,5036,classic,16,
0,5037,classic,23,
0,5038,classic,20,
0,5039,classic,35,
0,5040,classic,20,
0,5041,classic,48,
0,5042,classic,62,
0,5043,classic,46,
1201,5044,classic,4,
1201,5045,classic,19,
0,5046,classic,33,
0,5047,classic,35,
0,5048,classic,50,
0,5049,classic,9,
0,5050,classic,8,
0,5051,classic,4,
0,5052,classic,5,
1200,5053,classic,47,
0,5054,classic,47,
1199,5055,classic,9,
0,5056,classic,38,
0,5057,classic,21,
1258,5058,classic,5,
0,5059,classic,44,
1260,5060,classic,44,
1259,5061,classic,1,
1256,5062,classic,32,
0,5063,classic,20,
1261,5064,classic,20,
1261,5065,classic,11,
1261,5066,classic,27,
0,5067,classic,30,
1257,5068,classic,44,
1259,5069,classic,16,
1259,5070,classic,16,
1259,5071,classic,16,
1259,5072,classic,48,
1259,5073,classic,84,
1197,5074,classic,1,
1197,5075,classic,12,
1194,5076,classic,16,
1195,5077,classic,17,
1196,5078,classic,17,
0,5079,classic,3,
0,5080,classic,14,
0,5081,classic,2,
1264,5082,classic,8,
1264,5083,classic,8,
1264,5084,classic,8,
1264,5085,classic,8,
1264,5086,classic,8,
1264,5087,classic,17,
1264,5088,classic,17,
1266,5089,classic,4,
1266,5090,classic,20,
1266,5091,classic,8,
1266,5092,classic,10,
1266,5093,classic,19,
1262,5094,classic,4,
1262,5095,classic,15,
1262,5096,classic,3,
1262,5097,classic,8,
1262,5098,classic,10,
1268,5099,classic,8,
1268,5100,classic,16,
1268,5101,classic,5,
1268,5102,classic,16,
1268,5103,classic,17,
1263,5104,classic,33,
1263,5105,classic,7,
1263,5106,classic,12,
1263,5107,classic,8,
0,5108,classic,38,
1219,5109,classic,11,
1217,5110,classic,21,
1217,5111,classic,21,
1217,5112,classic,16,
1217,5113,classic,16,
1217,5114,classic,39,
1217,5115,classic,39,
1217,5116,classic,27,
1217,5117,classic,27,
1217,5118,classic,47,
1217,5119,classic,47,
1217,5120,classic,31,
1217,5121,classic,31,
1217,5122,classic,26,
1217,5123,classic,26,
1217,5124,classic,9,
1217,5125,classic,9,
1217,5126,classic,33,
1217,5127,classic,33,
1217,5128,classic,32,
1217,5129,classic,32,
1217,5130,classic,33,
1217,5131,classic,33,
1217,5132,classic,17,
1217,5133,classic,17,
1217,5134,classic,33,
1217,5135,classic,33,
1217,5136,classic,23,
1217,5137,classic,23,
1217,5138,classic,33,
1217,5139,classic,33,
0,5140,classic,23,
1218,5141,classic,6,
0,5142,classic,18,
1222,5143,classic,15,
1222,5144,classic,9,
1223,5145,classic,61,
0,5146,classic,11,
0,5147,classic,10,
0,5148,classic,12,
0,5149,classic,12,
0,5150,classic,8,
0,5151,classic,8,
0,5152,classic,8,
0,5153,classic,8,
1221,5154,classic,31,
0,5155,classic,20,
1223,5156,classic,19,
1220,5157,classic,7,
0,5158,classic,112,
1239,5159,classic,105,
0,5160,classic,4,
0,5161,classic,4,
0,5162,classic,7,
0,5163,classic,5,
0,5164,classic,8,
0,5165,classic,8,
0,5166,classic,4,
0,5167,classic,4,
0,5168,classic,8,
1225,5169,classic,6,
1225,5170,classic,1,
1538,5171,classic,8,
1538,5172,classic,30,
1538,5173,classic,9,
1538,5174,classic,9,
1231,5175,classic,11,
1231,5176,classic,11,
1231,5177,classic,11,
1231,5178,classic,11,
1231,5179,classic,14,
1231,5180,classic,1,
1203,5181,classic,7,
1203,5182,classic,5,
1203,5183,classic,7,
1203,5184,classic,7,
1203,5185,classic,13,
1214,5186,classic,5,
1205,5187,classic,9,
1205,5188,classic,4,
1205,5189,classic,6,
1205,5190,classic,7,
1205,5191,classic,9,
1205,5192,classic,17,
1232,5193,classic,1,
1232,5194,classic,9,
1232,5195,classic,9,
1232,5196,classic,9,
1232,5197,classic,1,
1238,5198,classic,6,
1238,5199,classic,5,
1238,5200,classic,5,
1238,5201,classic,15,
1238,5202,classic,31,
1238,5203,classic,24,
1208,5204,classic,1,
891,5205,classic,12,
0,5206,classic,11,
0,5207,classic,22,
0,5208,classic,16,
0,5209,classic,10,
0,5210,classic,22,
0,5211,classic,7,
0,5212,classic,13,
0,5213,classic,25,
1213,5214,classic,22,
0,5215,classic,17,
0,5216,classic,35,
0,5217,classic,28,
1240,5218,classic,11,
1228,5219,classic,1,
1228,5220,classic,7,
1228,5221,classic,6,
1228,5222,classic,5,
1224,5223,classic,7,
1224,5224,classic,1,
1206,5225,classic,60,
1206,5226,classic,64,
1206,5227,classic,12,
1206,5228,classic,15,
1206,5229,classic,15,
1206,5230,classic,22,
1206,5231,classic,20,
1206,5232,classic,13,
1206,5233,classic,13,
1206,5234,classic,14,
1206,5235,classic,1,
0,5236,classic,8,
1396,5237,classic,5,
1396,5238,classic,13,
1396,5239,classic,8,
1396,5240,classic,21,
1396,5241,classic,21,
1396,5242,classic,21,
0,5243,classic,15,
0,5244,classic,15,
0,5245,classic,8,
0,5246,classic,12,
0,5247,classic,11,
0,5248,classic,8,
0,5249,classic,15,
0,5250,classic,8,
0,5251,classic,8,
0,5252,classic,4,
0,5253,classic,8,
0,5254,classic,12,
0,5255,classic,17,
0,5256,classic,18,
0,5257,classic,18,
0,5258,classic,18,
0,5259,classic,18,
1227,5260,classic,6,
1227,5261,classic,6,
1209,5262,classic,8,
1209,5263,classic,2,
1211,5264,classic,20,
1210,5265,classic,11,
1236,5266,classic,4,
1236,5267,classic,1,
1236,5268,classic,8,
1236,5269,classic,6,
1236,5270,classic,9,
1236,5271,classic,1,
1208,5272,classic,6,
1208,5273,classic,2,
1232,5274,classic,5,
1208,5275,classic,6,
1208,5276,classic,5,
1208,5277,classic,11,
1229,5278,classic,4,
1207,5279,classic,11,
1207,5280,classic,3,
1207,5281,classic,11,
1207,5282,classic,8,
1238,5283,classic,53,
1238,5284,classic,37,
1240,5285,classic,12,
1241,5286,classic,9,
1245,5287,classic,1,
276,5288,classic,1,
1245,5289,classic,1,
1245,5290,classic,1,
1245,5291,classic,1,
1245,5292,classic,1,
0,5293,classic,30,
1246,5294,classic,2,
1243,5295,classic,11,
1243,5296,classic,8,
1243,5297,classic,8,
0,5298,classic,12,
0,5299,classic,16,
0,5300,classic,18,
1246,5301,classic,6,
1246,5302,classic,4,
1246,5303,classic,15,
1246,5304,classic,8,
1246,5305,classic,8,
1242,5306,classic,1,
1242,5307,classic,13,
1242,5308,classic,1,
1244,5309,classic,16,
1244,5310,classic,1,
0,5311,classic,38,
0,5312,classic,43,
0,5313,classic,104,
2178,5314,classic,54,
0,5315,classic,72,
0,5316,classic,59,
1248,5317,classic,10,
1248,5318,classic,40,
1248,5319,classic,12,
1248,5320,classic,16,
1248,5321,classic,22,
1248,5322,classic,10,
1248,5323,classic,13,
1248,5324,classic,13,
1248,5325,classic,10,
1248,5326,classic,40,
1248,5327,classic,12,
1248,5328,classic,16,
1248,5329,classic,22,
1248,5330,classic,10,
1248,5331,classic,13,
1248,5332,classic,13,
1248,5333,classic,16,
1247,5334,classic,8,
1247,5335,classic,40,
1247,5336,classic,19,
1247,5337,classic,8,
1247,5338,classic,8,
1247,5339,classic,40,
1247,5340,classic,8,
1247,5341,classic,8,
1247,5342,classic,8,
1247,5343,classic,19,
1247,5344,classic,8,
1247,5345,classic,40,
1247,5346,classic,8,
310,5347,classic,20,
310,5348,classic,6,
0,5349,classic,18,
1249,5350,classic,8,
1250,5351,classic,10,
0,5352,classic,19,
1252,5353,classic,19,
0,5354,classic,12,
0,5355,classic,20,
337,5356,classic,14,
321,5357,classic,15,
68,5358,classic,8,
67,5359,classic,5,
1251,5360,classic,24,
0,5361,classic,38,
0,5362,classic,5,
0,5363,classic,11,
0,5364,classic,8,
0,5365,classic,26,
0,5366,classic,23,
0,5367,classic,23,
0,5368,classic,23,
0,5369,classic,23,
0,5370,classic,12,
0,5371,classic,12,
0,5372,classic,9,
0,5373,classic,10,
0,5374,classic,12,
0,5375,classic,10,
0,5376,classic,30,
0,5377,classic,9,
0,5378,classic,12,
0,5379,classic,16,
1255,5380,classic,10,
1254,5381,classic,30,
1253,5382,classic,16,
0,5383,classic,6,
0,5384,classic,8,
1255,5385,classic,10,
1255,5386,classic,99,
1255,5387,classic,15,
1255,5388,classic,14,
1255,5389,classic,23,
1263,5390,classic,8,
1263,5391,classic,8,
1274,5392,classic,8,
1267,5393,classic,8,
1267,5394,classic,8,
1267,5395,classic,8,
1267,5396,classic,8,
1267,5397,classic,16,
1276,5398,classic,2,
67,5399,classic,5,
0,5400,classic,11,
1277,5401,classic,17,
1277,5402,classic,17,
1275,5403,classic,8,
1275,5404,classic,2,
1275,5405,classic,5,
1272,5406,classic,14,
0,5407,classic,23,
1265,5408,classic,9,
1265,5409,classic,16,
1265,5410,classic,8,
1265,5411,classic,8,
1265,5412,classic,26,
1265,5413,classic,9,
1265,5414,classic,17,
1189,5415,classic,13,
0,5416,classic,36,
0,5417,classic,37,
0,5418,classic,44,
0,5419,classic,54,
1198,5420,classic,54,
1188,5421,classic,8,
1273,5422,classic,26,
1193,5423,classic,33,
1192,5424,classic,4,
1192,5425,classic,4,
1192,5426,classic,24,
1192,5427,classic,24,
0,5428,classic,24,
1190,5429,classic,4,
1190,5430,classic,4,
1191,5431,classic,4,
1191,5432,classic,4,
1269,5433,classic,16,
1270,5434,classic,3,
1271,5435,classic,8,
0,5436,classic,56,
905,5437,classic,75,
0,5438,classic,8,
0,5439,classic,30,
0,5440,classic,8,
0,5441,classic,6,
0,5442,classic,8,
0,5443,classic,9,
0,5444,classic,15,
1278,5445,classic,8,
1278,5446,classic,10,
1278,5447,classic,73,
1278,5448,classic,11,
1278,5449,classic,41,
1278,5450,classic,9,
1278,5451,classic,12,
1279,5452,classic,9,
1279,5453,classic,9,
1279,5454,classic,16,
1279,5455,classic,10,
1279,5456,classic,10,
1279,5457,classic,12,
1279,5458,classic,9,
1280,5459,classic,24,
1281,5460,classic,19,
1282,5461,classic,8,
1283,5462,classic,8,
1285,5463,classic,18,
468,5464,classic,9,
1284,5465,classic,32,
1284,5466,classic,32,
1284,5467,classic,32,
1284,5468,classic,32,
1284,5469,classic,32,
1284,5470,classic,32,
0,5471,classic,8,
0,5472,classic,8,
0,5473,classic,4,
0,5474,classic,4,
0,5475,classic,12,
0,5476,classic,39,
1241,5477,classic,22,
1289,5478,classic,19,
1291,5479,classic,8,
1291,5480,classic,8,
1291,5481,classic,8,
1291,5482,classic,8,
1291,5483,classic,14,
1291,5484,classic,14,
1291,5485,classic,30,
1291,5486,classic,30,
1291,5487,classic,10,
1291,5488,classic,10,
1291,5489,classic,10,
1291,5490,classic,10,
1291,5491,classic,25,
1291,5492,classic,25,
1291,5493,classic,66,
1291,5494,classic,66,
1291,5495,classic,66,
1291,5496,classic,66,
1291,5497,classic,16,
1291,5498,classic,16,
1291,5499,classic,13,
1291,5500,classic,13,
1291,5501,classic,10,
1291,5502,classic,10,
1291,5503,classic,25,
1291,5504,classic,25,
1291,5505,classic,53,
1291,5506,classic,16,
1291,5507,classic,21,
1291,5508,classic,14,
1291,5509,classic,41,
1291,5510,classic,38,
1291,5511,classic,16,
1291,5512,classic,20,
1291,5513,classic,13,
1291,5514,classic,25,
1292,5515,classic,20,
1292,5516,classic,3,
1291,5517,classic,45,
1291,5518,classic,16,
1291,5519,classic,28,
1291,5520,classic,8,
1291,5521,classic,15,
1291,5522,classic,10,
1291,5523,classic,30,
0,5524,classic,25,
0,5525,classic,25,
1293,5526,classic,17,
1291,5527,classic,10,
1291,5528,classic,30,
921,5529,classic,17,
1289,5530,classic,16,
1289,5531,classic,16,
1289,5532,classic,17,
1289,5533,classic,22,
1289,5534,classic,26,
1289,5535,classic,15,
1289,5536,classic,18,
1289,5537,classic,24,
1290,5538,classic,16,
1290,5539,classic,16,
1290,5540,classic,17,
1290,5541,classic,15,
1290,5542,classic,26,
1290,5543,classic,16,
1289,5544,classic,18,
1290,5545,classic,18,
1289,5546,classic,19,
1290,5547,classic,19,
1286,5548,classic,45,
1286,5549,classic,20,
1286,5550,classic,10,
1286,5551,classic,45,
1286,5552,classic,8,
1286,5553,classic,16,
1286,5554,classic,23,
1286,5555,classic,20,
1286,5556,classic,15,
1286,5557,classic,8,
1286,5558,classic,8,
1286,5559,classic,20,
1286,5560,classic,20,
1286,5561,classic,20,
1286,5562,classic,20,
1286,5563,classic,10,
1287,5564,classic,50,
1288,5565,classic,48,
1288,5566,classic,8,
1288,5567,classic,15,
1288,5568,classic,20,
1288,5569,classic,25,
1288,5570,classic,16,
1288,5571,classic,30,
1288,5572,classic,47,
1288,5573,classic,40,
1288,5574,classic,15,
1288,5575,classic,35,
1288,5576,classic,47,
1288,5577,classic,16,
1288,5578,classic,30,
1288,5579,classic,30,
1288,5580,classic,35,
1288,5581,classic,30,
1288,5582,classic,16,
1288,5583,classic,8,
1288,5584,classic,8,
1304,5585,classic,16,
1304,5586,classic,8,
1288,5587,classic,11,
1297,5588,classic,22,
1300,5589,classic,10,
1300,5590,classic,4,
1300,5591,classic,9,
1300,5592,classic,6,
1300,5593,classic,8,
1300,5594,classic,13,
1300,5595,classic,10,
1300,5596,classic,7,
1300,5597,classic,7,
1307,5598,classic,64,
1295,5599,classic,17,
1295,5600,classic,17,
1295,5601,classic,1,
0,5602,classic,18,
1294,5603,classic,18,
1294,5604,classic,18,
1296,5605,classic,8,
0,5606,classic,16,
0,5607,classic,56,
0,5608,classic,20,
0,5609,classic,12,
1302,5610,classic,13,
0,5611,classic,55,
1299,5612,classic,55,
1299,5613,classic,32,
1302,5614,classic,32,
1299,5615,classic,16,
1299,5616,classic,32,
1299,5617,classic,17,
1299,5618,classic,15,
1299,5619,classic,42,
0,5620,classic,35,
1301,5621,classic,16,
1301,5622,classic,16,
1301,5623,classic,72,
1301,5624,classic,15,
1301,5625,classic,29,
1301,5626,classic,14,
1301,5627,classic,25,
1301,5628,classic,32,
1301,5629,classic,20,
1303,5630,classic,21,
1298,5631,classic,10,
86,5632,classic,10,
0,5633,classic,20,
1306,5634,classic,20,
1306,5635,classic,8,
1306,5636,classic,13,
0,5637,classic,60,
1305,5638,classic,21,
1305,5639,classic,6,
1305,5640,classic,6,
1304,5641,classic,17,
1304,5642,classic,16,
1304,5643,classic,22,
1304,5644,classic,12,
1304,5645,classic,16,
1304,5646,classic,10,
1304,5647,classic,23,
1304,5648,classic,13,
1304,5649,classic,20,
1304,5650,classic,47,
1304,5651,classic,12,
1304,5652,classic,16,
1304,5653,classic,13,
1304,5654,classic,27,
1304,5655,classic,16,
1304,5656,classic,70,
1304,5657,classic,18,
1304,5658,classic,52,
1308,5659,classic,60,
1302,5660,classic,6,
1309,5661,classic,32,
1309,5662,classic,40,
1309,5663,classic,32,
1309,5664,classic,16,
1309,5665,classic,28,
1310,5666,classic,8,
1310,5667,classic,60,
1310,5668,classic,14,
1310,5669,classic,12,
1310,5670,classic,16,
1310,5671,classic,28,
1310,5672,classic,19,
1310,5673,classic,15,
1310,5674,classic,48,
1310,5675,classic,122,
1310,5676,classic,8,
1310,5677,classic,83,
1310,5678,classic,13,
1310,5679,classic,13,
1310,5680,classic,13,
1310,5681,classic,24,
1310,5682,classic,24,
1310,5683,classic,24,
1310,5684,classic,24,
1310,5685,classic,12,
1310,5686,classic,12,
1310,5687,classic,12,
1310,5688,classic,14,
1310,5689,classic,10,
1310,5690,classic,11,
1310,5691,classic,20,
1310,5692,classic,25,
1310,5693,classic,23,
1310,5694,classic,17,
1310,5695,classic,27,
1310,5696,classic,33,
1310,5697,classic,25,
1310,5698,classic,29,
1310,5699,classic,22,
1310,5700,classic,20,
1310,5701,classic,31,
1310,5702,classic,34,
1310,5703,classic,20,
1310,5704,classic,39,
1310,5705,classic,1,
1310,5706,classic,24,
1310,5707,classic,12,
1310,5708,classic,24,
1310,5709,classic,16,
1310,5710,classic,16,
1310,5711,classic,28,
1324,5712,classic,44,
1324,5713,classic,32,
0,5714,classic,72,
1310,5715,classic,87,
0,5716,classic,72,
1310,5717,classic,87,
0,5718,classic,36,
1151,5719,classic,18,
1151,5720,classic,24,
1323,5721,classic,16,
1323,5722,classic,18,
1323,5723,classic,21,
1323,5724,classic,17,
1323,5725,classic,16,
1323,5726,classic,37,
1325,5727,classic,8,
1315,5728,classic,51,
1314,5729,classic,46,
1316,5730,classic,119,
1320,5731,classic,52,
1320,5732,classic,1,
1320,5733,classic,52,
1313,5734,classic,18,
1317,5735,classic,53,
1317,5736,classic,66,
1319,5737,classic,5,
1321,5738,classic,9,
1312,5739,classic,12,
1318,5740,classic,18,
1311,5741,classic,8,
1322,5742,classic,5,
1328,5743,classic,16,
1329,5744,classic,8,
1330,5745,classic,35,
0,5746,classic,34,
1327,5747,classic,34,
1326,5748,classic,13,
1331,5749,classic,17,
1331,5750,classic,6,
1331,5751,classic,19,
0,5752,classic,1,
0,5753,classic,24,
0,5754,classic,15,
0,5755,classic,33,
0,5756,classic,15,
1336,5757,classic,10,
1335,5758,classic,82,
0,5759,classic,82,
0,5760,classic,82,
0,5761,classic,80,
0,5762,classic,77,
0,5763,classic,47,
229,5764,classic,49,
229,5765,classic,49,
229,5766,classic,45,
229,5767,classic,45,
1332,5768,classic,10,
147,5769,classic,11,
1229,5770,classic,4,
1333,5771,classic,162,
1333,5772,classic,162,
1334,5773,classic,27,
1334,5774,classic,9,
461,5775,classic,19,
0,5776,classic,10,
0,5777,classic,26,
0,5778,classic,15,
461,5779,classic,18,
1337,5780,classic,18,
1338,5781,classic,8,
1338,5782,classic,19,
1338,5783,classic,10,
1338,5784,classic,24,
1338,5785,classic,8,
1338,5786,classic,55,
1338,5787,classic,18,
1288,5788,classic,10,
1288,5789,classic,10,
1288,5790,classic,16,
1288,5791,classic,10,
1288,5792,classic,10,
1288,5793,classic,16,
1289,5794,classic,16,
1289,5795,classic,16,
0,5796,classic,31,
1339,5797,classic,8,
1341,5798,classic,32,
0,5799,classic,8,
0,5800,classic,2,
1340,5801,classic,8,
1340,5802,classic,27,
1340,5803,classic,19,
1342,5804,classic,8,
1342,5805,classic,6,
1342,5806,classic,15,
1342,5807,classic,21,
1342,5808,classic,19,
297,5809,classic,16,
297,5810,classic,45,
1343,5811,classic,6,
0,5812,classic,14,
1344,5813,classic,8,
0,5814,classic,11,
0,5815,classic,20,
0,5816,classic,21,
0,5817,classic,21,
0,5818,classic,11,
0,5819,classic,27,
1352,5820,classic,35,
0,5821,classic,42,
0,5822,classic,8,
0,5823,classic,45,
1350,5824,classic,8,
1349,5825,classic,12,
281,5826,classic,4,
0,5827,classic,28,
1351,5828,classic,12,
1348,5829,classic,21,
1346,5830,classic,21,
1355,5831,classic,88,
1355,5832,classic,18,
1355,5833,classic,18,
1355,5834,classic,43,
1353,5835,classic,61,
1356,5836,classic,8,
1356,5837,classic,8,
1356,5838,classic,9,
1354,5839,classic,8,
1354,5840,classic,14,
1354,5841,classic,17,
1354,5842,classic,10,
1354,5843,classic,8,
1345,5844,classic,36,
0,5845,classic,40,
0,5846,classic,40,
1347,5847,classic,8,
1338,5848,classic,8,
1338,5849,classic,20,
1338,5850,classic,10,
1338,5851,classic,23,
1338,5852,classic,8,
1338,5853,classic,55,
1338,5854,classic,18,
1338,5855,classic,56,
1338,5856,classic,8,
1360,5857,classic,7,
1358,5858,classic,16,
1358,5859,classic,86,
0,5860,classic,60,
1361,5861,classic,30,
0,5862,classic,63,
0,5863,classic,28,
0,5864,classic,58,
0,5865,classic,21,
0,5866,classic,18,
0,5867,classic,16,
0,5868,classic,16,
0,5869,classic,14,
0,5870,classic,28,
1369,5871,classic,28,
1359,5872,classic,4,
1359,5873,classic,76,
1367,5874,classic,32,
1304,5875,classic,62,
1304,5876,classic,16,
1304,5877,classic,62,
1304,5878,classic,16,
1304,5879,classic,59,
1304,5880,classic,15,
1304,5881,classic,15,
1304,5882,classic,16,
1304,5883,classic,59,
1304,5884,classic,15,
1304,5885,classic,11,
1304,5886,classic,21,
1304,5887,classic,16,
1304,5888,classic,57,
1304,5889,classic,14,
1304,5890,classic,12,
1304,5891,classic,27,
1357,5892,classic,16,
1357,5893,classic,19,
1357,5894,classic,12,
1357,5895,classic,18,
1357,5896,classic,8,
1357,5897,classic,11,
1357,5898,classic,95,
1370,5899,classic,37,
1364,5900,classic,11,
1364,5901,classic,9,
1365,5902,classic,20,
1366,5903,classic,27,
1366,5904,classic,27,
1363,5905,classic,14,
1363,5906,classic,13,
0,5907,classic,37,
1368,5908,classic,38,
1362,5909,classic,16,
145,5910,classic,1,
145,5911,classic,1,
145,5912,classic,1,
145,5913,classic,1,
145,5914,classic,1,
145,5915,classic,1,
145,5916,classic,1,
145,5917,classic,1,
145,5918,classic,1,
145,5919,classic,1,
145,5920,classic,1,
145,5921,classic,1,
145,5922,classic,1,
145,5923,classic,1,
145,5924,classic,1,
145,5925,classic,1,
145,5926,classic,1,
145,5927,classic,1,
145,5928,classic,1,
145,5929,classic,1,
145,5930,classic,1,
145,5931,classic,1,
145,5932,classic,1,
145,5933,classic,1,
145,5934,classic,1,
145,5935,classic,1,
145,5936,classic,1,
145,5937,classic,14,
145,5938,classic,12,
145,5939,classic,14,
145,5940,classic,14,
145,5941,classic,14,
145,5942,classic,16,
145,5943,classic,14,
145,5944,classic,14,
145,5945,classic,14,
145,5946,classic,20,
145,5947,classic,14,
145,5948,classic,10,
145,5949,classic,10,
145,5950,classic,10,
145,5951,classic,10,
145,5952,classic,10,
145,5953,classic,10,
145,5954,classic,10,
145,5955,classic,14,
145,5956,classic,10,
145,5957,classic,10,
145,5958,classic,10,
145,5959,classic,10,
145,5960,classic,10,
145,5961,classic,10,
145,5962,classic,9,
145,5963,classic,14,
145,5964,classic,17,
1373,5965,classic,45,
1373,5966,classic,45,
1373,5967,classic,45,
1373,5968,classic,45,
1373,5969,classic,16,
1373,5970,classic,30,
1373,5971,classic,15,
1373,5972,classic,35,
1373,5973,classic,9,
1371,5974,classic,18,
1371,5975,classic,18,
1371,5976,classic,18,
1371,5977,classic,18,
1371,5978,classic,18,
1371,5979,classic,18,
1371,5980,classic,18,
1371,5981,classic,18,
1371,5982,classic,53,
1371,5983,classic,12,
1371,5984,classic,12,
1371,5985,classic,12,
1372,5986,classic,60,
1372,5987,classic,64,
1372,5988,classic,12,
1372,5989,classic,25,
1372,5990,classic,22,
1383,5991,classic,17,
1383,5992,classic,8,
1383,5993,classic,4,
1383,5994,classic,25,
1383,5995,classic,16,
1383,5996,classic,18,
1383,5997,classic,9,
1383,5998,classic,14,
1383,5999,classic,21,
1383,6000,classic,22,
1383,6001,classic,14,
1383,6002,classic,11,
1383,6003,classic,21,
1383,6004,classic,10,
1383,6005,classic,16,
1383,6006,classic,13,
1383,6007,classic,18,
1383,6008,classic,12,
1391,6009,classic,46,
1392,6010,classic,71,
1392,6011,classic,8,
1392,6012,classic,23,
1392,6013,classic,17,
1392,6014,classic,23,
1392,6015,classic,34,
1392,6016,classic,34,
1392,6017,classic,34,
1392,6018,classic,34,
1392,6019,classic,12,
1392,6020,classic,12,
1392,6021,classic,12,
1392,6022,classic,12,
1375,6023,classic,32,
1389,6024,classic,8,
1388,6025,classic,8,
1390,6026,classic,6,
1380,6027,classic,80,
1381,6028,classic,12,
1378,6029,classic,12,
1378,6030,classic,2,
1378,6031,classic,7,
1378,6032,classic,12,
1379,6033,classic,123,
1379,6034,classic,20,
1379,6035,classic,12,
1379,6036,classic,22,
1377,6037,classic,8,
1382,6038,classic,12,
1376,6039,classic,23,
1383,6040,classic,58,
1383,6041,classic,16,
1383,6042,classic,16,
1383,6043,classic,12,
1383,6044,classic,16,
1383,6045,classic,32,
1383,6046,classic,16,
1383,6047,classic,66,
1383,6048,classic,69,
1383,6049,classic,71,
1383,6050,classic,38,
1383,6051,classic,38,
1383,6052,classic,13,
1383,6053,classic,26,
1383,6054,classic,14,
1383,6055,classic,10,
1387,6056,classic,11,
1384,6057,classic,8,
1384,6058,classic,53,
1384,6059,classic,85,
1383,6060,classic,23,
1385,6061,classic,1,
1385,6062,classic,33,
0,6063,classic,36,
0,6064,classic,58,
1386,6065,classic,58,
0,6066,classic,1,
0,6067,classic,44,
0,6068,classic,30,
1374,6069,classic,1,
1374,6070,classic,45,
1374,6071,classic,49,
1374,6072,classic,45,
1374,6073,classic,49,
433,6074,classic,9,
0,6075,classic,108,
0,6076,classic,16,
1393,6077,classic,8,
1393,6078,classic,10,
1393,6079,classic,15,
1393,6080,classic,18,
1393,6081,classic,46,
1393,6082,classic,23,
0,6083,classic,30,
1383,6084,classic,60,
0,6085,classic,12,
0,6086,classic,12,
0,6087,classic,12,
1395,6088,classic,8,
1395,6089,classic,35,
1395,6090,classic,21,
1395,6091,classic,30,
1395,6092,classic,23,
1395,6093,classic,8,
961,6094,classic,128,
0,6095,classic,14,
0,6096,classic,30,
1305,6097,classic,30,
0,6098,classic,21,
0,6099,classic,16,
0,6100,classic,13,
0,6101,classic,15,
0,6102,classic,39,
0,6103,classic,15,
0,6104,classic,73,
1397,6105,classic,73,
0,6106,classic,9,
1383,6107,classic,25,
1401,6108,classic,23,
319,6109,classic,36,
1208,6110,classic,16,
0,6111,classic,45,
0,6112,classic,10,
0,6113,classic,9,
1404,6114,classic,8,
1404,6115,classic,34,
1404,6116,classic,12,
1404,6117,classic,23,
0,6118,classic,14,
1406,6119,classic,17,
1403,6120,classic,32,
1407,6121,classic,9,
0,6122,classic,17,
1107,6123,classic,16,
0,6124,classic,7,
189,6125,classic,11,
1405,6126,classic,18,
1404,6127,classic,8,
0,6128,classic,8,
0,6129,classic,10,
0,6130,classic,21,
0,6131,classic,26,
0,6132,classic,15,
116,6133,classic,12,
1415,6134,classic,20,
1415,6135,classic,26,
1415,6136,classic,18,
1415,6137,classic,30,
1415,6138,classic,16,
1415,6139,classic,16,
1415,6140,classic,32,
1415,6141,classic,8,
1416,6142,classic,37,
0,6143,classic,30,
1417,6144,classic,30,
1417,6145,classic,8,
0,6146,classic,22,
0,6147,classic,28,
1418,6148,classic,28,
1383,6149,classic,99,
1413,6150,classic,10,
1413,6151,classic,16,
1414,6152,classic,9,
1414,6153,classic,32,
1414,6154,classic,27,
1414,6155,classic,13,
1414,6156,classic,24,
1414,6157,classic,29,
1414,6158,classic,13,
1383,6159,classic,106,
297,6160,classic,84,
1059,6161,classic,24,
1059,6162,classic,24,
1059,6163,classic,23,
1409,6164,classic,8,
1409,6165,classic,8,
1409,6166,classic,8,
1408,6167,classic,16,
1408,6168,classic,16,
1412,6169,classic,53,
297,6170,classic,4,
1411,6171,classic,33,
1411,6172,classic,33,
1411,6173,classic,33,
1411,6174,classic,33,
1411,6175,classic,33,
1411,6176,classic,33,
1411,6177,classic,33,
1411,6178,classic,33,
1411,6179,classic,33,
1415,6180,classic,16,
1415,6181,classic,16,
1415,6182,classic,31,
1415,6183,classic,19,
1415,6184,classic,18,
1415,6185,classic,12,
1415,6186,classic,12,
1415,6187,classic,16,
1415,6188,classic,16,
1415,6189,classic,16,
1415,6190,classic,31,
1416,6191,classic,29,
1415,6192,classic,33,
1415,6193,classic,20,
1383,6194,classic,75,
1415,6195,classic,48,
1419,6196,classic,34,
0,6197,classic,18,
0,6198,classic,10,
1415,6199,classic,16,
1415,6200,classic,12,
1415,6201,classic,16,
1415,6202,classic,16,
1415,6203,classic,12,
1415,6204,classic,25,
297,6205,classic,52,
297,6206,classic,16,
297,6207,classic,16,
297,6208,classic,12,
0,6209,classic,40,
1383,6210,classic,30,
1410,6211,classic,29,
1383,6212,classic,19,
0,6213,classic,30,
1383,6214,classic,18,
1383,6215,classic,18,
1420,6216,classic,68,
0,6217,classic,68,
1422,6218,classic,16,
1422,6219,classic,16,
1422,6220,classic,8,
1422,6221,classic,8,
1422,6222,classic,16,
1422,6223,classic,20,
1422,6224,classic,20,
1422,6225,classic,23,
1422,6226,classic,22,
1422,6227,classic,20,
1422,6228,classic,40,
1422,6229,classic,40,
1422,6230,classic,45,
1422,6231,classic,30,
1422,6232,classic,20,
1425,6233,classic,34,
1425,6234,classic,18,
1425,6235,classic,15,
1425,6236,classic,16,
1425,6237,classic,8,
1422,6238,classic,16,
1422,6239,classic,16,
1422,6240,classic,30,
1422,6241,classic,10,
1422,6242,classic,20,
1421,6243,classic,17,
1421,6244,classic,18,
1421,6245,classic,16,
1421,6246,classic,24,
1427,6247,classic,59,
1427,6248,classic,10,
1427,6249,classic,15,
1427,6250,classic,16,
1427,6251,classic,14,
1426,6252,classic,8,
1426,6253,classic,8,
1426,6254,classic,11,
1426,6255,classic,11,
1426,6256,classic,16,
1426,6257,classic,8,
1426,6258,classic,8,
1426,6259,classic,11,
1426,6260,classic,16,
1426,6261,classic,11,
1426,6262,classic,8,
1426,6263,classic,8,
1426,6264,classic,8,
1426,6265,classic,10,
1426,6266,classic,9,
1426,6267,classic,14,
1426,6268,classic,26,
1423,6269,classic,69,
1425,6270,classic,69,
1424,6271,classic,4,
1428,6272,classic,33,
1428,6273,classic,17,
1428,6274,classic,16,
1429,6275,classic,6,
1429,6276,classic,6,
1429,6277,classic,19,
1429,6278,classic,30,
1429,6279,classic,8,
0,6280,classic,1,
0,6281,classic,13,
0,6282,classic,24,
0,6283,classic,12,
0,6284,classic,66,
0,6285,classic,17,
0,6286,classic,20,
0,6287,classic,36,
0,6288,classic,18,
0,6289,classic,18,
0,6290,classic,24,
0,6291,classic,12,
0,6292,classic,19,
0,6293,classic,42,
0,6294,classic,78,
0,6295,classic,61,
0,6296,classic,16,
0,6297,classic,15,
0,6298,classic,160,
0,6299,classic,70,
0,6300,classic,6,
0,6301,classic,18,
673,6302,classic,36,
0,6303,classic,35,
0,6304,classic,17,
0,6305,classic,20,
1452,6306,classic,42,
1445,6307,classic,79,
1447,6308,classic,107,
1448,6309,classic,70,
1443,6310,classic,14,
1443,6311,classic,12,
1443,6312,classic,16,
1443,6313,classic,12,
1443,6314,classic,7,
1443,6315,classic,22,
1453,6316,classic,15,
1442,6317,classic,14,
1442,6318,classic,14,
1442,6319,classic,14,
1442,6320,classic,14,
1442,6321,classic,14,
1442,6322,classic,37,
1456,6323,classic,19,
1442,6324,classic,14,
1442,6325,classic,14,
1450,6326,classic,14,
1449,6327,classic,4,
1444,6328,classic,16,
1444,6329,classic,16,
1444,6330,classic,16,
1444,6331,classic,36,
1444,6332,classic,8,
1457,6333,classic,18,
1457,6334,classic,15,
1454,6335,classic,12,
1454,6336,classic,14,
1455,6337,classic,12,
1441,6338,classic,16,
1441,6339,classic,8,
1441,6340,classic,29,
1441,6341,classic,20,
1441,6342,classic,12,
1440,6343,classic,11,
1440,6344,classic,16,
1440,6345,classic,14,
1440,6346,classic,8,
1440,6347,classic,23,
1441,6348,classic,7,
1441,6349,classic,27,
1441,6350,classic,16,
1441,6351,classic,16,
1451,6352,classic,9,
1446,6353,classic,27,
1442,6354,classic,14,
1456,6355,classic,49,
1440,6356,classic,6,
1458,6357,classic,35,
1458,6358,classic,31,
1383,6359,classic,13,
1383,6360,classic,14,
0,6361,classic,33,
0,6362,classic,33,
0,6363,classic,33,
0,6364,classic,33,
0,6365,classic,33,
0,6366,classic,33,
0,6367,classic,33,
1081,6368,classic,16,
1081,6369,classic,20,
1081,6370,classic,15,
1081,6371,classic,10,
1081,6372,classic,19,
1472,6373,classic,16,
1472,6374,classic,78,
1472,6375,classic,17,
1472,6376,classic,8,
1472,6377,classic,19,
0,6378,classic,32,
0,6379,classic,16,
0,6380,classic,64,
0,6381,classic,29,
0,6382,classic,38,
0,6383,classic,25,
0,6384,classic,27,
0,6385,classic,48,
0,6386,classic,29,
0,6387,classic,21,
0,6388,classic,32,
0,6389,classic,76,
0,6390,classic,12,
0,6391,classic,21,
0,6392,classic,21,
0,6393,classic,24,
0,6394,classic,61,
0,6395,classic,16,
0,6396,classic,42,
0,6397,classic,13,
0,6398,classic,60,
0,6399,classic,48,
0,6400,classic,48,
0,6401,classic,96,
0,6402,classic,66,
0,6403,classic,72,
0,6404,classic,42,
0,6405,classic,100,
0,6406,classic,87,
0,6407,classic,57,
0,6408,classic,49,
0,6409,classic,45,
1476,6410,classic,16,
1476,6411,classic,48,
1475,6412,classic,16,
1475,6413,classic,70,
1477,6414,classic,16,
1477,6415,classic,16,
1477,6416,classic,30,
1477,6417,classic,30,
1477,6418,classic,16,
1478,6419,classic,16,
1478,6420,classic,16,
1478,6421,classic,30,
1478,6422,classic,12,
1478,6423,classic,12,
0,6424,classic,24,
0,6425,classic,12,
1465,6426,classic,10,
1466,6427,classic,80,
678,6428,classic,57,
678,6429,classic,2,
1468,6430,classic,63,
1468,6431,classic,2,
1471,6432,classic,73,
1471,6433,classic,1,
1473,6434,classic,50,
1473,6435,classic,2,
814,6436,classic,24,
814,6437,classic,2,
1310,6438,classic,39,
1310,6439,classic,2,
2163,6440,classic,70,
2163,6441,classic,2,
1533,6442,classic,86,
1533,6443,classic,2,
1470,6444,classic,24,
1470,6445,classic,2,
1080,6446,classic,54,
1080,6447,classic,2,
274,6448,classic,44,
274,6449,classic,2,
1467,6450,classic,31,
1467,6451,classic,2,
1469,6452,classic,72,
1469,6453,classic,2,
1477,6454,classic,11,
1477,6455,classic,9,
1477,6456,classic,13,
1477,6457,classic,54,
1477,6458,classic,45,
0,6459,classic,76,
1420,6460,classic,56,
1419,6461,classic,34,
0,6462,classic,20,
1474,6463,classic,20,
0,6464,classic,12,
0,6465,classic,12,
1432,6466,classic,16,
1433,6467,classic,13,
0,6468,classic,15,
0,6469,classic,4,
1461,6470,classic,26,
319,6471,classic,17,
319,6472,classic,55,
319,6473,classic,55,
319,6474,classic,55,
319,6475,classic,55,
1422,6476,classic,39,
1422,6477,classic,2,
0,6478,classic,16,
0,6479,classic,8,
0,6480,classic,8,
1459,6481,classic,4,
1459,6482,classic,8,
1459,6483,classic,9,
319,6484,classic,27,
319,6485,classic,20,
0,6486,classic,20,
0,6487,classic,16,
0,6488,classic,14,
0,6489,classic,11,
0,6490,classic,15,
1437,6491,classic,81,
1435,6492,classic,12,
1462,6493,classic,35,
1463,6494,classic,7,
1464,6495,classic,16,
1080,6496,classic,12,
1480,6497,classic,95,
1458,6498,classic,34,
1480,6499,classic,79,
176,6500,classic,30,
1485,6501,classic,29,
1485,6502,classic,66,
1485,6503,classic,32,
1485,6504,classic,64,
1485,6505,classic,32,
1487,6506,classic,48,
1487,6507,classic,24,
1487,6508,classic,24,
1483,6509,classic,18,
1484,6510,classic,16,
1484,6511,classic,15,
1484,6512,classic,59,
1484,6513,classic,20,
1484,6514,classic,16,
1484,6515,classic,16,
1488,6516,classic,14,
1486,6517,classic,31,
1486,6518,classic,16,
1486,6519,classic,19,
1486,6520,classic,27,
1486,6521,classic,31,
1481,6522,classic,6,
1482,6523,classic,16,
1485,6524,classic,20,
0,6525,classic,25,
0,6526,classic,78,
0,6527,classic,19,
0,6528,classic,9,
0,6529,classic,124,
0,6530,classic,109,
0,6531,classic,16,
0,6532,classic,16,
319,6533,classic,33,
319,6534,classic,75,
319,6535,classic,51,
1490,6536,classic,15,
1490,6537,classic,42,
1490,6538,classic,17,
1490,6539,classic,16,
1490,6540,classic,17,
1490,6541,classic,16,
1490,6542,classic,112,
1490,6543,classic,19,
1490,6544,classic,16,
1490,6545,classic,16,
1490,6546,classic,16,
1490,6547,classic,15,
1490,6548,classic,16,
1490,6549,classic,58,
1489,6550,classic,16,
1489,6551,classic,24,
1489,6552,classic,28,
1489,6553,classic,40,
0,6554,classic,13,
1489,6555,classic,28,
1491,6556,classic,16,
1491,6557,classic,12,
1491,6558,classic,25,
1491,6559,classic,12,
1491,6560,classic,16,
1491,6561,classic,89,
1491,6562,classic,12,
1491,6563,classic,12,
1491,6564,classic,25,
1491,6565,classic,12,
1491,6566,classic,12,
1491,6567,classic,25,
1491,6568,classic,12,
1491,6569,classic,12,
1491,6570,classic,25,
1491,6571,classic,16,
1491,6572,classic,19,
1491,6573,classic,12,
1491,6574,classic,12,
1491,6575,classic,12,
1491,6576,classic,28,
1491,6577,classic,16,
1491,6578,classic,12,
1491,6579,classic,12,
1491,6580,classic,89,
1491,6581,classic,19,
1491,6582,classic,16,
1491,6583,classic,16,
0,6584,classic,32,
1501,6585,classic,18,
1501,6586,classic,18,
1502,6587,classic,61,
1502,6588,classic,48,
1502,6589,classic,61,
1502,6590,classic,61,
1498,6591,classic,36,
0,6592,classic,36,
0,6593,classic,34,
0,6594,classic,65,
0,6595,classic,65,
1497,6596,classic,25,
1497,6597,classic,1,
1497,6598,classic,1,
1497,6599,classic,65,
0,6600,classic,12,
0,6601,classic,45,
1499,6602,classic,45,
0,6603,classic,8,
0,6604,classic,12,
0,6605,classic,20,
0,6606,classic,20,
0,6607,classic,8,
0,6608,classic,8,
0,6609,classic,4,
0,6610,classic,4,
0,6611,classic,4,
1500,6612,classic,24,
1494,6613,classic,8,
1494,6614,classic,8,
1494,6615,classic,18,
1494,6616,classic,18,
1494,6617,classic,13,
1494,6618,classic,28,
1496,6619,classic,19,
1496,6620,classic,8,
1496,6621,classic,8,
1495,6622,classic,12,
1493,6623,classic,6,
1493,6624,classic,6,
1493,6625,classic,6,
1493,6626,classic,6,
1493,6627,classic,6,
1240,6628,classic,22,
1240,6629,classic,22,
1240,6630,classic,36,
0,6631,classic,31,
0,6632,classic,24,
0,6633,classic,33,
0,6634,classic,14,
1505,6635,classic,27,
1505,6636,classic,39,
1505,6637,classic,13,
1506,6638,classic,64,
1507,6639,classic,9,
1514,6640,classic,27,
1509,6641,classic,15,
1080,6642,classic,37,
1080,6643,classic,24,
1508,6644,classic,60,
1510,6645,classic,64,
1511,6646,classic,64,
1516,6647,classic,12,
1515,6648,classic,6,
0,6649,classic,22,
0,6650,classic,59,
0,6651,classic,15,
1513,6652,classic,35,
1307,6653,classic,64,
0,6654,classic,27,
0,6655,classic,50,
1504,6656,classic,53,
0,6657,classic,13,
0,6658,classic,16,
0,6659,classic,16,
0,6660,classic,16,
0,6661,classic,8,
0,6662,classic,8,
0,6663,classic,8,
0,6664,classic,95,
0,6665,classic,89,
319,6666,classic,19,
1521,6667,classic,11,
1521,6668,classic,20,
1521,6669,classic,16,
1521,6670,classic,19,
0,6671,classic,50,
0,6672,classic,50,
0,6673,classic,50,
0,6674,classic,50,
0,6675,classic,50,
0,6676,classic,50,
0,6677,classic,50,
0,6678,classic,45,
0,6679,classic,45,
0,6680,classic,45,
0,6681,classic,45,
0,6682,classic,45,
0,6683,classic,45,
0,6684,classic,45,
0,6685,classic,45,
0,6686,classic,45,
0,6687,classic,45,
0,6688,classic,45,
0,6689,classic,45,
1520,6690,classic,29,
1520,6691,classic,29,
1520,6692,classic,29,
1520,6693,classic,29,
1520,6694,classic,31,
0,6695,classic,38,
0,6696,classic,25,
1519,6697,classic,12,
1517,6698,classic,16,
1518,6699,classic,11,
0,6700,classic,19,
1520,6701,classic,12,
0,6702,classic,15,
0,6703,classic,30,
0,6704,classic,10,
0,6705,classic,84,
0,6706,classic,84,
0,6707,classic,84,
0,6708,classic,84,
0,6709,classic,70,
0,6710,classic,84,
0,6711,classic,84,
0,6712,classic,16,
0,6713,classic,65,
0,6714,classic,65,
0,6715,classic,65,
0,6716,classic,65,
0,6717,classic,65,
0,6718,classic,65,
0,6719,classic,65,
0,6720,classic,65,
1527,6721,classic,65,
1080,6722,classic,60,
0,6723,classic,68,
0,6724,classic,35,
1526,6725,classic,20,
1526,6726,classic,20,
1526,6727,classic,20,
1526,6728,classic,10,
1526,6729,classic,10,
1526,6730,classic,10,
1524,6731,classic,6,
1524,6732,classic,5,
1525,6733,classic,6,
1525,6734,classic,23,
1525,6735,classic,12,
1525,6736,classic,11,
1522,6737,classic,16,
0,6738,classic,24,
0,6739,classic,24,
0,6740,classic,24,
0,6741,classic,24,
0,6742,classic,24,
0,6743,classic,24,
0,6744,classic,24,
0,6745,classic,24,
0,6746,classic,107,
0,6747,classic,107,
0,6748,classic,107,
0,6749,classic,107,
0,6750,classic,107,
0,6751,classic,107,
0,6752,classic,83,
0,6753,classic,83,
0,6754,classic,83,
0,6755,classic,83,
0,6756,classic,83,
0,6757,classic,83,
0,6758,classic,83,
1533,6759,classic,23,
1070,6760,classic,17,
1536,6761,classic,13,
1536,6762,classic,16,
1536,6763,classic,10,
1536,6764,classic,40,
1536,6765,classic,8,
1536,6766,classic,35,
1536,6767,classic,34,
1536,6768,classic,2,
1533,6769,classic,139,
1533,6770,classic,2,
1538,6771,classic,90,
1538,6772,classic,90,
1538,6773,classic,8,
1538,6774,classic,8,
1538,6775,classic,10,
1538,6776,classic,10,
1538,6777,classic,29,
1538,6778,classic,29,
1538,6779,classic,30,
1538,6780,classic,8,
1538,6781,classic,9,
1538,6782,classic,9,
1538,6783,classic,30,
1534,6784,classic,7,
1534,6785,classic,143,
1534,6786,classic,147,
1534,6787,classic,179,
1534,6788,classic,108,
1533,6789,classic,27,
1533,6790,classic,12,
1533,6791,classic,43,
1533,6792,classic,13,
1533,6793,classic,16,
1533,6794,classic,27,
1533,6795,classic,54,
1533,6796,classic,16,
1533,6797,classic,16,
1533,6798,classic,16,
1533,6799,classic,16,
1536,6800,classic,13,
1536,6801,classic,16,
1536,6802,classic,10,
1536,6803,classic,40,
1536,6804,classic,16,
1536,6805,classic,41,
1536,6806,classic,43,
1536,6807,classic,2,
1535,6808,classic,7,
1535,6809,classic,7,
1535,6810,classic,14,
1535,6811,classic,11,
1535,6812,classic,35,
1539,6813,classic,16,
1539,6814,classic,8,
1539,6815,classic,48,
1539,6816,classic,16,
1539,6817,classic,11,
1539,6818,classic,48,
1539,6819,classic,8,
1539,6820,classic,11,
1539,6821,classic,8,
1539,6822,classic,11,
1536,6823,classic,33,
1540,6824,classic,16,
1080,6825,classic,96,
1240,6826,classic,32,
1415,6827,classic,29,
1415,6828,classic,16,
1415,6829,classic,66,
1415,6830,classic,19,
1415,6831,classic,83,
1415,6832,classic,33,
1415,6833,classic,43,
1415,6834,classic,129,
1415,6835,classic,129,
1415,6836,classic,88,
1415,6837,classic,24,
0,6838,classic,11,
0,6839,classic,20,
0,6840,classic,34,
0,6841,classic,98,
0,6842,classic,20,
0,6843,classic,16,
0,6844,classic,24,
0,6845,classic,33,
0,6846,classic,11,
0,6847,classic,29,
0,6848,classic,90,
0,6849,classic,29,
1541,6850,classic,10,
1541,6851,classic,8,
1512,6852,classic,9,
1511,6853,classic,64,
1546,6854,classic,16,
1545,6855,classic,77,
1544,6856,classic,99,
1542,6857,classic,126,
1543,6858,classic,55,
1543,6859,classic,124,
1547,6860,classic,6,
1548,6861,classic,12,
1248,6862,classic,9,
0,6863,classic,33,
0,6864,classic,24,
0,6865,classic,27,
0,6866,classic,14,
0,6867,classic,8,
137,6868,classic,11,
136,6869,classic,11,
131,6870,classic,11,
133,6871,classic,11,
132,6872,classic,11,
1551,6873,classic,24,
1551,6874,classic,52,
1551,6875,classic,24,
135,6876,classic,57,
1550,6877,classic,57,
129,6878,classic,12,
129,6879,classic,12,
129,6880,classic,12,
129,6881,classic,12,
129,6882,classic,12,
129,6883,classic,12,
129,6884,classic,36,
129,6885,classic,36,
129,6886,classic,36,
0,6887,classic,20,
1549,6888,classic,24,
1549,6889,classic,24,
1556,6890,classic,16,
1556,6891,classic,16,
1556,6892,classic,16,
1556,6893,classic,16,
1556,6894,classic,16,
1556,6895,classic,16,
0,6896,classic,17,
0,6897,classic,24,
1554,6898,classic,66,
1554,6899,classic,30,
1552,6900,classic,16,
1552,6901,classic,16,
1552,6902,classic,16,
1552,6903,classic,16,
1552,6904,classic,16,
1552,6905,classic,16,
1552,6906,classic,16,
1552,6907,classic,16,
1552,6908,classic,83,
1552,6909,classic,66,
1552,6910,classic,64,
1552,6911,classic,67,
0,6912,classic,80,
0,6913,classic,72,
0,6914,classic,91,
0,6915,classic,72,
1553,6916,classic,31,
296,6917,classic,49,
0,6918,classic,65,
0,6919,classic,32,
1557,6920,classic,59,
1555,6921,classic,97,
0,6922,classic,17,
0,6923,classic,15,
1558,6924,classic,19,
1553,6925,classic,62,
0,6926,classic,32,
0,6927,classic,16,
0,6928,classic,20,
0,6929,classic,14,
1559,6930,classic,16,
1561,6931,classic,15,
1288,6932,classic,47,
0,6933,classic,23,
1562,6934,classic,3,
0,6935,classic,32,
1563,6936,classic,10,
1563,6937,classic,1,
1563,6938,classic,9,
0,6939,classic,3,
0,6940,classic,1,
0,6941,classic,3,
1078,6942,classic,16,
1078,6943,classic,13,
1078,6944,classic,21,
1078,6945,classic,18,
1078,6946,classic,27,
1078,6947,classic,32,
1588,6948,classic,32,
1590,6949,classic,20,
1590,6950,classic,20,
1590,6951,classic,40,
1590,6952,classic,18,
1590,6953,classic,20,
1590,6954,classic,17,
1590,6955,classic,20,
1590,6956,classic,40,
1577,6957,classic,8,
1576,6958,classic,16,
1578,6959,classic,18,
1578,6960,classic,16,
1579,6961,classic,15,
1590,6962,classic,16,
1590,6963,classic,14,
1590,6964,classic,17,
1590,6965,classic,30,
1590,6966,classic,40,
1590,6967,classic,90,
1571,6968,classic,30,
1568,6969,classic,8,
1575,6970,classic,8,
1590,6971,classic,30,
1589,6972,classic,30,
1589,6973,classic,30,
1589,6974,classic,20,
1589,6975,classic,43,
1589,6976,classic,20,
1589,6977,classic,14,
0,6978,classic,90,
0,6979,classic,90,
1597,6980,classic,18,
1597,6981,classic,6,
1595,6982,classic,23,
1592,6983,classic,9,
308,6984,classic,5,
308,6985,classic,8,
1240,6986,classic,19,
1569,6987,classic,19,
0,6988,classic,18,
0,6989,classic,9,
0,6990,classic,16,
0,6991,classic,16,
0,6992,classic,16,
0,6993,classic,16,
0,6994,classic,23,
1598,6995,classic,25,
1594,6996,classic,33,
0,6997,classic,28,
0,6998,classic,19,
0,6999,classic,19,
0,7000,classic,22,
0,7001,classic,25,
0,7002,classic,23,
0,7003,classic,80,
0,7004,classic,17,
0,7005,classic,2,
1583,7006,classic,2,
1593,7007,classic,18,
1593,7008,classic,36,
1564,7009,classic,20,
1564,7010,classic,17,
1564,7011,classic,21,
1585,7012,classic,14,
1585,7013,classic,8,
1206,7014,classic,100,
1206,7015,classic,64,
1206,7016,classic,28,
1206,7017,classic,16,
1206,7018,classic,15,
1206,7019,classic,18,
1580,7020,classic,10,
1574,7021,classic,6,
1580,7022,classic,9,
0,7023,classic,6,
1415,7024,classic,30,
1566,7025,classic,4,
1566,7026,classic,6,
1414,7027,classic,14,
1566,7028,classic,13,
1414,7029,classic,11,
1581,7030,classic,5,
1573,7031,classic,20,
1572,7032,classic,15,
1078,7033,classic,22,
1572,7034,classic,8,
1570,7035,classic,8,
1570,7036,classic,5,
1567,7037,classic,15,
1567,7038,classic,4,
0,7039,classic,32,
0,7040,classic,6,
0,7041,classic,19,
0,7042,classic,20,
0,7043,classic,16,
0,7044,classic,16,
0,7045,classic,16,
0,7046,classic,16,
0,7047,classic,16,
0,7048,classic,19,
0,7049,classic,21,
0,7050,classic,20,
1003,7051,classic,25,
1003,7052,classic,13,
1599,7053,classic,14,
999,7054,classic,7,
1602,7055,classic,13,
1601,7056,classic,8,
1600,7057,classic,8,
1003,7058,classic,16,
1003,7059,classic,12,
1003,7060,classic,14,
1003,7061,classic,11,
1003,7062,classic,40,
1003,7063,classic,16,
1003,7064,classic,44,
1603,7065,classic,9,
1596,7066,classic,16,
1591,7067,classic,16,
1582,7068,classic,34,
1586,7069,classic,40,
0,7070,classic,25,
0,7071,classic,34,
0,7072,classic,28,
0,7073,classic,23,
0,7074,classic,31,
1587,7075,classic,31,
1565,7076,classic,25,
1584,7077,classic,37,
0,7078,classic,28,
71,7079,classic,16,
1241,7080,classic,12,
0,7081,classic,44,
0,7082,classic,60,
1620,7083,classic,72,
0,7084,classic,60,
1620,7085,classic,72,
1612,7086,classic,63,
1612,7087,classic,1,
0,7088,classic,39,
1624,7089,classic,16,
1624,7090,classic,47,
1624,7091,classic,38,
1624,7092,classic,14,
1624,7093,classic,9,
1622,7094,classic,23,
0,7095,classic,44,
0,7096,classic,19,
1611,7097,classic,32,
1623,7098,classic,16,
1623,7099,classic,50,
1623,7100,classic,16,
1623,7101,classic,50,
1623,7102,classic,16,
1623,7103,classic,16,
1623,7104,classic,12,
1622,7105,classic,16,
1622,7106,classic,16,
1621,7107,classic,14,
1622,7108,classic,13,
1622,7109,classic,38,
1622,7110,classic,14,
1623,7111,classic,16,
0,7112,classic,25,
0,7113,classic,35,
1615,7114,classic,101,
1615,7115,classic,1,
1616,7116,classic,40,
1616,7117,classic,1,
1617,7118,classic,64,
1614,7119,classic,51,
1614,7120,classic,1,
319,7121,classic,130,
319,7122,classic,12,
319,7123,classic,83,
319,7124,classic,31,
319,7125,classic,23,
319,7126,classic,15,
319,7127,classic,95,
319,7128,classic,15,
1608,7129,classic,72,
1606,7130,classic,72,
1604,7131,classic,72,
1607,7132,classic,72,
1607,7133,classic,72,
1604,7134,classic,19,
1608,7135,classic,19,
1604,7136,classic,1,
1607,7137,classic,1,
1613,7138,classic,99,
0,7139,classic,62,
1605,7140,classic,42,
1605,7141,classic,34,
319,7142,classic,79,
319,7143,classic,17,
1610,7144,classic,100,
1612,7145,classic,126,
1612,7146,classic,2,
319,7147,classic,14,
1625,7148,classic,6,
1071,7149,classic,46,
1071,7150,classic,46,
0,7151,classic,15,
1626,7152,classic,6,
1628,7153,classic,11,
1628,7154,classic,29,
1628,7155,classic,53,
1628,7156,classic,11,
1628,7157,classic,25,
1628,7158,classic,8,
1628,7159,classic,8,
1628,7160,classic,16,
1628,7161,classic,8,
1628,7162,classic,9,
1628,7163,classic,44,
1628,7164,classic,44,
1628,7165,classic,24,
1628,7166,classic,23,
1628,7167,classic,79,
1627,7168,classic,16,
1627,7169,classic,48,
1627,7170,classic,38,
1627,7171,classic,34,
1627,7172,classic,48,
1627,7173,classic,19,
1627,7174,classic,19,
1627,7175,classic,51,
1627,7176,classic,52,
1627,7177,classic,16,
1627,7178,classic,16,
1627,7179,classic,41,
1627,7180,classic,48,
0,7181,classic,10,
0,7182,classic,13,
0,7183,classic,11,
0,7184,classic,14,
0,7185,classic,35,
0,7186,classic,11,
0,7187,classic,11,
0,7188,classic,16,
0,7189,classic,8,
0,7190,classic,8,
0,7191,classic,16,
0,7192,classic,16,
0,7193,classic,16,
0,7194,classic,16,
0,7195,classic,21,
0,7196,classic,14,
0,7197,classic,35,
0,7198,classic,11,
0,7199,classic,16,
0,7200,classic,16,
0,7201,classic,16,
0,7202,classic,16,
0,7203,classic,16,
433,7204,classic,14,
1629,7205,classic,28,
0,7206,classic,16,
1629,7207,classic,17,
1629,7208,classic,12,
1629,7209,classic,70,
1629,7210,classic,8,
0,7211,classic,15,
1631,7212,classic,34,
1631,7213,classic,34,
1631,7214,classic,9,
1631,7215,classic,16,
1631,7216,classic,16,
1631,7217,classic,16,
1631,7218,classic,13,
1631,7219,classic,34,
1631,7220,classic,34,
1631,7221,classic,9,
1631,7222,classic,16,
1631,7223,classic,16,
1631,7224,classic,16,
1630,7225,classic,24,
1630,7226,classic,24,
0,7227,classic,21,
0,7228,classic,21,
1640,7229,classic,42,
0,7230,classic,42,
1635,7231,classic,16,
0,7232,classic,90,
1632,7233,classic,30,
1639,7234,classic,76,
1638,7235,classic,16,
1638,7236,classic,16,
1638,7237,classic,9,
1638,7238,classic,37,
1638,7239,classic,16,
1634,7240,classic,16,
1636,7241,classic,16,
1636,7242,classic,17,
1636,7243,classic,24,
1636,7244,classic,37,
1637,7245,classic,16,
1637,7246,classic,16,
1637,7247,classic,15,
1637,7248,classic,18,
1637,7249,classic,38,
1642,7250,classic,8,
1641,7251,classic,26,
1634,7252,classic,48,
0,7253,classic,14,
1491,7254,classic,20,
739,7255,classic,17,
1643,7256,classic,51,
1643,7257,classic,18,
1643,7258,classic,35,
1643,7259,classic,8,
1643,7260,classic,11,
0,7261,classic,2,
2162,7262,classic,27,
550,7263,classic,2,
0,7264,classic,8,
0,7265,classic,16,
0,7266,classic,4,
0,7267,classic,10,
0,7268,classic,20,
0,7269,classic,23,
0,7270,classic,23,
0,7271,classic,16,
0,7272,classic,28,
0,7273,classic,33,
0,7274,classic,62,
0,7275,classic,20,
0,7276,classic,46,
0,7277,classic,65,
1649,7278,classic,10,
1646,7279,classic,19,
1644,7280,classic,23,
1644,7281,classic,48,
1644,7282,classic,16,
1650,7283,classic,64,
1648,7284,classic,10,
1648,7285,classic,71,
1652,7286,classic,8,
1652,7287,classic,9,
1652,7288,classic,9,
1652,7289,classic,2,
1652,7290,classic,25,
465,7291,classic,2,
1651,7292,classic,38,
1650,7293,classic,64,
1645,7294,classic,20,
1654,7295,classic,64,
1653,7296,classic,27,
1628,7297,classic,16,
1628,7298,classic,16,
0,7299,classic,13,
1655,7300,classic,13,
0,7301,classic,20,
0,7302,classic,5,
0,7303,classic,27,
0,7304,classic,37,
1415,7305,classic,21,
1415,7306,classic,22,
0,7307,classic,24,
1415,7308,classic,24,
1415,7309,classic,23,
1415,7310,classic,41,
1415,7311,classic,35,
1383,7312,classic,83,
1383,7313,classic,31,
1383,7314,classic,23,
1415,7315,classic,140,
1415,7316,classic,13,
1415,7317,classic,9,
1415,7318,classic,23,
1415,7319,classic,24,
1415,7320,classic,23,
0,7321,classic,49,
1383,7322,classic,50,
1415,7323,classic,53,
1415,7324,classic,23,
1415,7325,classic,8,
1415,7326,classic,8,
1415,7327,classic,29,
1383,7328,classic,21,
1383,7329,classic,64,
1415,7330,classic,44,
1415,7331,classic,41,
1415,7332,classic,16,
1415,7333,classic,11,
1661,7334,classic,93,
1661,7335,classic,400,
1661,7336,classic,36,
1665,7337,classic,23,
1665,7338,classic,14,
1666,7339,classic,21,
1667,7340,classic,19,
1668,7341,classic,16,
1656,7342,classic,8,
1656,7343,classic,8,
1663,7344,classic,16,
1662,7345,classic,44,
1659,7346,classic,1,
1659,7347,classic,87,
1659,7348,classic,10,
1658,7349,classic,26,
1658,7350,classic,26,
1658,7351,classic,26,
1658,7352,classic,80,
1658,7353,classic,12,
1657,7354,classic,16,
1664,7355,classic,37,
1670,7356,classic,16,
1672,7357,classic,24,
1669,7358,classic,2,
1669,7359,classic,33,
1669,7360,classic,16,
1671,7361,classic,143,
1612,7362,classic,32,
0,7363,classic,2,
0,7364,classic,24,
0,7365,classic,80,
0,7366,classic,177,
1628,7367,classic,123,
0,7368,classic,82,
0,7369,classic,28,
297,7370,classic,16,
1675,7371,classic,38,
1673,7372,classic,19,
1676,7373,classic,32,
1674,7374,classic,67,
1677,7375,classic,32,
0,7376,classic,15,
0,7377,classic,16,
1683,7378,classic,69,
1683,7379,classic,69,
1683,7380,classic,69,
1683,7381,classic,69,
2264,7382,classic,32,
0,7383,classic,54,
1628,7384,classic,78,
2194,7385,classic,32,
1682,7386,classic,24,
1682,7387,classic,24,
1682,7388,classic,23,
1304,7389,classic,16,
1304,7390,classic,16,
2210,7391,classic,67,
0,7392,classic,39,
2200,7393,classic,28,
1695,7394,classic,31,
1695,7395,classic,31,
1677,7396,classic,10,
1687,7397,classic,17,
1687,7398,classic,21,
1687,7399,classic,14,
1687,7400,classic,16,
1687,7401,classic,16,
1687,7402,classic,11,
1687,7403,classic,11,
1688,7404,classic,16,
1688,7405,classic,16,
1688,7406,classic,16,
1688,7407,classic,17,
1688,7408,classic,19,
1688,7409,classic,11,
1688,7410,classic,11,
1685,7411,classic,11,
1685,7412,classic,13,
1685,7413,classic,13,
1685,7414,classic,16,
1685,7415,classic,16,
1685,7416,classic,11,
1685,7417,classic,11,
1694,7418,classic,17,
1694,7419,classic,14,
1694,7420,classic,14,
1694,7421,classic,12,
1694,7422,classic,16,
1694,7423,classic,11,
1694,7424,classic,11,
1692,7425,classic,11,
1692,7426,classic,11,
1692,7427,classic,16,
1692,7428,classic,21,
1692,7429,classic,14,
1692,7430,classic,16,
1692,7431,classic,12,
1590,7432,classic,11,
1590,7433,classic,11,
1590,7434,classic,20,
1590,7435,classic,20,
1590,7436,classic,20,
1590,7437,classic,16,
1590,7438,classic,16,
1289,7439,classic,12,
1289,7440,classic,12,
1289,7441,classic,13,
1289,7442,classic,28,
1289,7443,classic,18,
1289,7444,classic,16,
1289,7445,classic,16,
1690,7446,classic,11,
1690,7447,classic,11,
1690,7448,classic,19,
1690,7449,classic,17,
1690,7450,classic,11,
1690,7451,classic,16,
1690,7452,classic,13,
1686,7453,classic,13,
1686,7454,classic,13,
1686,7455,classic,13,
1686,7456,classic,11,
1686,7457,classic,11,
1686,7458,classic,16,
1686,7459,classic,16,
1689,7460,classic,13,
1689,7461,classic,23,
1689,7462,classic,14,
1689,7463,classic,11,
1689,7464,classic,11,
1689,7465,classic,16,
1689,7466,classic,8,
1689,7467,classic,13,
1689,7468,classic,23,
1689,7469,classic,14,
1689,7470,classic,11,
1689,7471,classic,11,
1689,7472,classic,16,
1689,7473,classic,8,
1691,7474,classic,20,
1691,7475,classic,18,
1691,7476,classic,13,
1691,7477,classic,11,
1691,7478,classic,11,
1691,7479,classic,16,
1691,7480,classic,8,
1693,7481,classic,11,
1693,7482,classic,26,
1693,7483,classic,11,
1693,7484,classic,11,
1693,7485,classic,11,
1693,7486,classic,16,
1693,7487,classic,8,
1697,7488,classic,45,
1695,7489,classic,30,
1677,7490,classic,33,
1696,7491,classic,11,
1696,7492,classic,5,
1696,7493,classic,7,
1680,7494,classic,8,
1680,7495,classic,9,
1687,7496,classic,14,
1686,7497,classic,18,
1691,7498,classic,14,
1690,7499,classic,15,
1689,7500,classic,10,
1689,7501,classic,10,
1689,7502,classic,10,
1694,7503,classic,11,
1688,7504,classic,16,
1685,7505,classic,14,
1693,7506,classic,14,
1692,7507,classic,14,
1289,7508,classic,14,
1681,7509,classic,10,
1686,7510,classic,15,
1679,7511,classic,32,
1691,7512,classic,16,
1690,7513,classic,13,
1689,7514,classic,13,
1689,7515,classic,13,
1694,7516,classic,13,
1688,7517,classic,15,
1685,7518,classic,13,
1693,7519,classic,15,
1692,7520,classic,13,
1687,7521,classic,13,
1289,7522,classic,14,
0,7523,classic,18,
0,7524,classic,23,
1678,7525,classic,30,
0,7526,classic,23,
1678,7527,classic,30,
0,7528,classic,57,
0,7529,classic,22,
0,7530,classic,30,
0,7531,classic,49,
0,7532,classic,20,
0,7533,classic,20,
0,7534,classic,37,
0,7535,classic,22,
0,7536,classic,26,
0,7537,classic,1,
0,7538,classic,10,
1698,7539,classic,20,
1698,7540,classic,20,
1698,7541,classic,24,
1698,7542,classic,24,
1712,7543,classic,15,
1707,7544,classic,43,
1707,7545,classic,34,
1709,7546,classic,16,
1703,7547,classic,17,
1707,7548,classic,81,
1705,7549,classic,42,
1708,7550,classic,40,
1708,7551,classic,40,
1710,7552,classic,112,
1712,7553,classic,1,
1712,7554,classic,13,
1712,7555,classic,13,
1711,7556,classic,16,
1711,7557,classic,16,
1711,7558,classic,15,
1711,7559,classic,14,
1711,7560,classic,27,
1702,7561,classic,45,
1711,7562,classic,28,
1711,7563,classic,16,
1711,7564,classic,9,
1711,7565,classic,19,
1700,7566,classic,8,
1704,7567,classic,9,
1706,7568,classic,12,
1701,7569,classic,8,
1701,7570,classic,8,
1711,7571,classic,30,
1705,7572,classic,42,
1711,7573,classic,16,
1240,7574,classic,23,
1491,7575,classic,89,
1491,7576,classic,16,
1713,7577,classic,190,
0,7578,classic,70,
0,7579,classic,70,
2017,7580,classic,13,
1278,7581,classic,41,
1278,7582,classic,10,
1278,7583,classic,73,
1278,7584,classic,9,
1278,7585,classic,11,
1278,7586,classic,11,
1762,7587,classic,45,
1762,7588,classic,14,
1762,7589,classic,78,
1762,7590,classic,12,
1762,7591,classic,34,
1279,7592,classic,16,
1279,7593,classic,64,
1279,7594,classic,13,
1279,7595,classic,34,
1279,7596,classic,12,
0,7597,classic,16,
0,7598,classic,33,
0,7599,classic,28,
1759,7600,classic,65,
1760,7601,classic,64,
1756,7602,classic,64,
1757,7603,classic,12,
1761,7604,classic,16,
1761,7605,classic,20,
1761,7606,classic,16,
1761,7607,classic,15,
1761,7608,classic,17,
1761,7609,classic,30,
1761,7610,classic,20,
1761,7611,classic,16,
1761,7612,classic,12,
1761,7613,classic,17,
1761,7614,classic,30,
1761,7615,classic,12,
1761,7616,classic,30,
1761,7617,classic,17,
1761,7618,classic,20,
1761,7619,classic,16,
1761,7620,classic,24,
1761,7621,classic,19,
1761,7622,classic,26,
526,7623,classic,43,
431,7624,classic,10,
1562,7625,classic,3,
1562,7626,classic,3,
0,7627,classic,26,
0,7628,classic,23,
0,7629,classic,16,
1421,7630,classic,41,
1421,7631,classic,16,
1421,7632,classic,39,
0,7633,classic,30,
1758,7634,classic,31,
1279,7635,classic,66,
1421,7636,classic,16,
1421,7637,classic,24,
1421,7638,classic,39,
1421,7639,classic,32,
0,7640,classic,30,
1421,7641,classic,41,
431,7642,classic,8,
1743,7643,classic,13,
1743,7644,classic,36,
1743,7645,classic,19,
1743,7646,classic,16,
1743,7647,classic,16,
1743,7648,classic,24,
1743,7649,classic,17,
0,7650,classic,16,
82,7651,classic,64,
0,7652,classic,101,
1726,7653,classic,20,
1726,7654,classic,61,
1726,7655,classic,16,
1726,7656,classic,52,
1726,7657,classic,10,
1743,7658,classic,16,
1743,7659,classic,32,
0,7660,classic,16,
1302,7661,classic,16,
1775,7662,classic,21,
1836,7663,classic,42,
1836,7664,classic,85,
1836,7665,classic,43,
1836,7666,classic,85,
1732,7667,classic,10,
1732,7668,classic,84,
1732,7669,classic,33,
1732,7670,classic,16,
1732,7671,classic,35,
1732,7672,classic,15,
1823,7673,classic,21,
1823,7674,classic,8,
1732,7675,classic,23,
1732,7676,classic,24,
1743,7677,classic,32,
1743,7678,classic,16,
1743,7679,classic,34,
1743,7680,classic,13,
1743,7681,classic,29,
1743,7682,classic,20,
1743,7683,classic,32,
1743,7684,classic,35,
1816,7685,classic,20,
1816,7686,classic,16,
1740,7687,classic,16,
1740,7688,classic,16,
1740,7689,classic,17,
1740,7690,classic,70,
1740,7691,classic,14,
1740,7692,classic,44,
1740,7693,classic,19,
1740,7694,classic,18,
1835,7695,classic,9,
1835,7696,classic,4,
1857,7697,classic,23,
1740,7698,classic,40,
1793,7699,classic,31,
1643,7700,classic,18,
1643,7701,classic,38,
1643,7702,classic,32,
1643,7703,classic,15,
1643,7704,classic,12,
1643,7705,classic,27,
1847,7706,classic,5,
1847,7707,classic,4,
1847,7708,classic,8,
1855,7709,classic,26,
1860,7710,classic,15,
1726,7711,classic,30,
1726,7712,classic,47,
1798,7713,classic,25,
1798,7714,classic,10,
1726,7715,classic,47,
1798,7716,classic,25,
1726,7717,classic,19,
1748,7718,classic,90,
1748,7719,classic,8,
1748,7720,classic,22,
1748,7721,classic,23,
1748,7722,classic,64,
1861,7723,classic,96,
1748,7724,classic,25,
1861,7725,classic,34,
1748,7726,classic,8,
1748,7727,classic,16,
1721,7728,classic,127,
1721,7729,classic,27,
1721,7730,classic,32,
1721,7731,classic,16,
1721,7732,classic,28,
1803,7733,classic,26,
1779,7734,classic,18,
1733,7735,classic,12,
1733,7736,classic,16,
1733,7737,classic,34,
1733,7738,classic,71,
1733,7739,classic,16,
1733,7740,classic,39,
1733,7741,classic,10,
1868,7742,classic,23,
1868,7743,classic,8,
1868,7744,classic,15,
0,7745,classic,27,
1733,7746,classic,23,
1733,7747,classic,62,
1826,7748,classic,70,
1838,7749,classic,54,
1749,7750,classic,8,
1749,7751,classic,53,
1749,7752,classic,20,
1749,7753,classic,17,
1749,7754,classic,20,
1749,7755,classic,10,
1749,7756,classic,34,
1800,7757,classic,24,
1749,7758,classic,15,
1755,7759,classic,15,
1755,7760,classic,103,
1755,7761,classic,12,
1755,7762,classic,17,
1755,7763,classic,32,
1755,7764,classic,23,
1755,7765,classic,26,
1755,7766,classic,27,
1876,7767,classic,13,
1728,7768,classic,9,
1728,7769,classic,20,
1728,7770,classic,39,
1728,7771,classic,18,
1728,7772,classic,80,
1728,7773,classic,32,
0,7774,classic,43,
1728,7775,classic,34,
1728,7776,classic,24,
1728,7777,classic,36,
1806,7778,classic,14,
1806,7779,classic,6,
1737,7780,classic,39,
1737,7781,classic,73,
1737,7782,classic,39,
1737,7783,classic,32,
1737,7784,classic,10,
1737,7785,classic,12,
1737,7786,classic,14,
1737,7787,classic,16,
1818,7788,classic,4,
1818,7789,classic,8,
1813,7790,classic,14,
1737,7791,classic,22,
1725,7792,classic,10,
1725,7793,classic,101,
1725,7794,classic,15,
1725,7795,classic,12,
1725,7796,classic,17,
1725,7797,classic,33,
1725,7798,classic,49,
1830,7799,classic,30,
1725,7800,classic,31,
1862,7801,classic,8,
1862,7802,classic,14,
1725,7803,classic,27,
1725,7804,classic,35,
1830,7805,classic,30,
1862,7806,classic,8,
1255,7807,classic,45,
1255,7808,classic,20,
1255,7809,classic,26,
1255,7810,classic,12,
1869,7811,classic,8,
1846,7812,classic,5,
1255,7813,classic,23,
1741,7814,classic,16,
1741,7815,classic,16,
1741,7816,classic,11,
1741,7817,classic,13,
1741,7818,classic,30,
1741,7819,classic,17,
1741,7820,classic,23,
1741,7821,classic,37,
1845,7822,classic,37,
1845,7823,classic,50,
1741,7824,classic,19,
1844,7825,classic,19,
1845,7826,classic,37,
1810,7827,classic,8,
1751,7828,classic,16,
1751,7829,classic,16,
1751,7830,classic,17,
1751,7831,classic,70,
1751,7832,classic,14,
1751,7833,classic,46,
1751,7834,classic,20,
1751,7835,classic,35,
1866,7836,classic,32,
1740,7837,classic,35,
1740,7838,classic,16,
1740,7839,classic,16,
1740,7840,classic,17,
1740,7841,classic,70,
1740,7842,classic,14,
1740,7843,classic,43,
1740,7844,classic,20,
1740,7845,classic,20,
1740,7846,classic,44,
1740,7847,classic,16,
1731,7848,classic,16,
1731,7849,classic,94,
1731,7850,classic,28,
1731,7851,classic,35,
1731,7852,classic,15,
1731,7853,classic,11,
1731,7854,classic,26,
1731,7855,classic,37,
1786,7856,classic,37,
1872,7857,classic,8,
1731,7858,classic,13,
1872,7859,classic,26,
1853,7860,classic,31,
1875,7861,classic,18,
1875,7862,classic,32,
1722,7863,classic,12,
1722,7864,classic,41,
1722,7865,classic,17,
1722,7866,classic,22,
1722,7867,classic,28,
1722,7868,classic,28,
1722,7869,classic,28,
1722,7870,classic,28,
1722,7871,classic,22,
1787,7872,classic,28,
1787,7873,classic,28,
1787,7874,classic,28,
1801,7875,classic,22,
1714,7876,classic,20,
1714,7877,classic,20,
1714,7878,classic,18,
1714,7879,classic,10,
1714,7880,classic,27,
1714,7881,classic,20,
1714,7882,classic,32,
1714,7883,classic,22,
1871,7884,classic,27,
1840,7885,classic,16,
1871,7886,classic,26,
1714,7887,classic,11,
1871,7888,classic,10,
1871,7889,classic,9,
1871,7890,classic,28,
1714,7891,classic,28,
0,7892,classic,43,
1745,7893,classic,64,
1745,7894,classic,16,
1745,7895,classic,16,
1745,7896,classic,24,
1745,7897,classic,37,
1745,7898,classic,8,
1745,7899,classic,8,
1745,7900,classic,19,
1788,7901,classic,8,
1788,7902,classic,22,
1745,7903,classic,29,
1152,7904,classic,16,
1152,7905,classic,12,
1152,7906,classic,8,
1152,7907,classic,31,
1825,7908,classic,34,
1206,7909,classic,20,
1206,7910,classic,20,
1206,7911,classic,14,
1206,7912,classic,14,
1206,7913,classic,13,
1206,7914,classic,12,
1206,7915,classic,14,
1206,7916,classic,14,
1767,7917,classic,25,
1206,7918,classic,15,
1206,7919,classic,12,
1765,7920,classic,6,
1765,7921,classic,8,
1795,7922,classic,15,
1724,7923,classic,8,
1724,7924,classic,60,
1724,7925,classic,25,
1724,7926,classic,21,
1724,7927,classic,26,
1724,7928,classic,16,
1724,7929,classic,13,
1724,7930,classic,21,
1797,7931,classic,7,
1797,7932,classic,16,
1797,7933,classic,19,
1746,7934,classic,12,
1746,7935,classic,12,
1746,7936,classic,11,
1746,7937,classic,26,
1746,7938,classic,64,
1746,7939,classic,32,
1746,7940,classic,16,
1746,7941,classic,16,
1821,7942,classic,21,
1837,7943,classic,8,
1839,7944,classic,68,
1746,7945,classic,53,
1740,7946,classic,19,
1740,7947,classic,44,
1740,7948,classic,14,
1740,7949,classic,70,
1740,7950,classic,17,
1740,7951,classic,16,
1740,7952,classic,16,
1764,7953,classic,15,
1740,7954,classic,23,
1715,7955,classic,12,
1715,7956,classic,8,
1715,7957,classic,15,
1715,7958,classic,14,
1715,7959,classic,33,
1769,7960,classic,16,
1723,7961,classic,8,
1723,7962,classic,18,
1723,7963,classic,10,
1723,7964,classic,38,
1794,7965,classic,16,
1794,7966,classic,11,
1723,7967,classic,25,
1723,7968,classic,69,
1723,7969,classic,45,
1723,7970,classic,13,
1794,7971,classic,9,
1723,7972,classic,11,
1794,7973,classic,16,
1723,7974,classic,23,
1790,7975,classic,19,
1790,7976,classic,32,
1734,7977,classic,32,
1734,7978,classic,63,
1734,7979,classic,33,
1734,7980,classic,15,
1734,7981,classic,16,
1734,7982,classic,31,
1766,7983,classic,50,
1873,7984,classic,19,
1772,7985,classic,7,
1734,7986,classic,31,
1734,7987,classic,21,
1808,7988,classic,22,
1808,7989,classic,21,
1808,7990,classic,16,
1752,7991,classic,16,
1752,7992,classic,83,
1752,7993,classic,23,
1752,7994,classic,24,
1752,7995,classic,15,
1752,7996,classic,31,
1752,7997,classic,16,
1752,7998,classic,19,
1752,7999,classic,13,
1752,8000,classic,13,
1752,8001,classic,16,
1867,8002,classic,19,
1867,8003,classic,32,
1867,8004,classic,11,
1537,8005,classic,43,
1538,8006,classic,8,
1537,8007,classic,47,
1537,8008,classic,78,
1537,8009,classic,32,
1537,8010,classic,16,
1537,8011,classic,13,
1537,8012,classic,22,
1537,8013,classic,23,
1537,8014,classic,21,
1771,8015,classic,21,
1850,8016,classic,17,
1852,8017,classic,26,
1829,8018,classic,32,
1829,8019,classic,32,
1537,8020,classic,32,
1718,8021,classic,62,
1718,8022,classic,16,
1718,8023,classic,15,
1718,8024,classic,19,
1718,8025,classic,36,
1718,8026,classic,38,
1778,8027,classic,58,
1820,8028,classic,18,
1718,8029,classic,18,
1777,8030,classic,12,
1718,8031,classic,18,
1745,8032,classic,16,
1745,8033,classic,35,
1745,8034,classic,13,
1745,8035,classic,68,
1745,8036,classic,26,
1745,8037,classic,27,
1745,8038,classic,8,
1745,8039,classic,28,
1745,8040,classic,31,
1745,8041,classic,31,
1745,8042,classic,28,
1372,8043,classic,18,
1372,8044,classic,10,
1372,8045,classic,10,
1729,8046,classic,16,
1729,8047,classic,115,
1729,8048,classic,22,
1729,8049,classic,27,
1729,8050,classic,14,
1729,8051,classic,14,
1729,8052,classic,55,
1729,8053,classic,24,
1815,8054,classic,31,
1814,8055,classic,14,
1338,8056,classic,21,
1848,8057,classic,15,
1338,8058,classic,16,
1338,8059,classic,22,
1828,8060,classic,18,
1828,8061,classic,6,
1828,8062,classic,9,
1783,8063,classic,9,
1739,8064,classic,19,
1739,8065,classic,34,
1739,8066,classic,33,
1739,8067,classic,48,
1739,8068,classic,16,
1739,8069,classic,14,
1739,8070,classic,23,
1739,8071,classic,21,
1739,8072,classic,8,
1782,8073,classic,4,
1782,8074,classic,16,
1739,8075,classic,16,
1727,8076,classic,16,
1727,8077,classic,65,
1727,8078,classic,55,
1727,8079,classic,16,
1727,8080,classic,20,
1727,8081,classic,33,
1727,8082,classic,32,
1799,8083,classic,35,
1727,8084,classic,22,
1727,8085,classic,36,
1747,8086,classic,9,
1747,8087,classic,34,
1747,8088,classic,12,
1747,8089,classic,38,
1747,8090,classic,16,
1747,8091,classic,16,
1747,8092,classic,12,
1747,8093,classic,14,
1747,8094,classic,39,
1830,8095,classic,26,
1811,8096,classic,8,
1747,8097,classic,16,
559,8098,classic,80,
559,8099,classic,23,
559,8100,classic,8,
559,8101,classic,8,
559,8102,classic,13,
559,8103,classic,13,
559,8104,classic,13,
559,8105,classic,17,
559,8106,classic,24,
559,8107,classic,22,
559,8108,classic,32,
559,8109,classic,33,
1804,8110,classic,46,
1784,8111,classic,8,
1736,8112,classic,32,
1736,8113,classic,24,
1736,8114,classic,38,
1736,8115,classic,16,
1736,8116,classic,96,
1736,8117,classic,37,
1736,8118,classic,22,
1603,8119,classic,9,
1851,8120,classic,8,
1772,8121,classic,7,
1736,8122,classic,32,
1426,8123,classic,24,
1426,8124,classic,26,
1865,8125,classic,18,
1865,8126,classic,12,
1426,8127,classic,16,
1742,8128,classic,8,
1742,8129,classic,64,
1742,8130,classic,30,
1742,8131,classic,17,
1742,8132,classic,14,
1742,8133,classic,20,
1742,8134,classic,18,
1849,8135,classic,27,
0,8136,classic,18,
0,8137,classic,13,
1849,8138,classic,27,
1742,8139,classic,18,
1849,8140,classic,27,
1730,8141,classic,37,
1730,8142,classic,41,
1730,8143,classic,12,
1730,8144,classic,38,
1730,8145,classic,8,
1730,8146,classic,40,
1730,8147,classic,19,
1730,8148,classic,16,
1863,8149,classic,13,
1863,8150,classic,16,
1863,8151,classic,10,
1725,8152,classic,15,
1725,8153,classic,34,
1725,8154,classic,17,
1725,8155,classic,80,
1725,8156,classic,33,
1725,8157,classic,16,
1725,8158,classic,8,
1725,8159,classic,31,
1807,8160,classic,16,
1874,8161,classic,31,
1248,8162,classic,24,
1248,8163,classic,16,
1248,8164,classic,15,
1248,8165,classic,11,
1812,8166,classic,8,
1856,8167,classic,14,
1834,8168,classic,11,
1854,8169,classic,35,
1248,8170,classic,35,
1744,8171,classic,76,
1744,8172,classic,26,
1744,8173,classic,14,
1744,8174,classic,16,
1744,8175,classic,16,
1744,8176,classic,28,
1841,8177,classic,3,
1858,8178,classic,26,
1744,8179,classic,16,
1809,8180,classic,16,
1744,8181,classic,16,
1744,8182,classic,19,
1740,8183,classic,20,
1740,8184,classic,44,
1740,8185,classic,14,
1740,8186,classic,70,
1740,8187,classic,17,
1740,8188,classic,16,
1740,8189,classic,16,
1740,8190,classic,24,
1781,8191,classic,13,
1781,8192,classic,4,
1817,8193,classic,15,
1772,8194,classic,8,
1805,8195,classic,23,
1740,8196,classic,24,
1743,8197,classic,166,
1743,8198,classic,16,
1743,8199,classic,29,
1743,8200,classic,49,
1743,8201,classic,41,
1743,8202,classic,32,
1785,8203,classic,23,
1719,8204,classic,48,
1719,8205,classic,11,
1719,8206,classic,17,
1719,8207,classic,16,
1719,8208,classic,9,
1719,8209,classic,21,
1773,8210,classic,16,
1719,8211,classic,15,
1719,8212,classic,13,
1774,8213,classic,8,
1719,8214,classic,15,
1832,8215,classic,9,
1719,8216,classic,31,
1870,8217,classic,55,
1833,8218,classic,8,
1753,8219,classic,16,
1753,8220,classic,112,
1753,8221,classic,36,
1753,8222,classic,23,
1753,8223,classic,46,
1753,8224,classic,25,
1753,8225,classic,38,
1753,8226,classic,50,
1822,8227,classic,16,
1822,8228,classic,18,
1533,8229,classic,29,
1533,8230,classic,44,
1533,8231,classic,27,
1831,8232,classic,8,
1735,8233,classic,32,
1735,8234,classic,7,
1735,8235,classic,9,
1735,8236,classic,35,
1735,8237,classic,10,
1735,8238,classic,24,
1735,8239,classic,16,
1831,8240,classic,5,
1831,8241,classic,8,
1831,8242,classic,6,
1735,8243,classic,13,
1831,8244,classic,6,
1717,8245,classic,16,
1717,8246,classic,72,
1717,8247,classic,14,
1717,8248,classic,16,
1717,8249,classic,16,
1717,8250,classic,37,
1717,8251,classic,18,
1717,8252,classic,37,
1859,8253,classic,20,
1859,8254,classic,7,
1722,8255,classic,16,
1722,8256,classic,15,
1722,8257,classic,9,
1722,8258,classic,23,
1722,8259,classic,22,
1722,8260,classic,20,
1827,8261,classic,6,
1792,8262,classic,29,
1864,8263,classic,8,
1791,8264,classic,8,
1472,8265,classic,15,
1472,8266,classic,16,
1472,8267,classic,22,
1843,8268,classic,44,
1843,8269,classic,15,
1819,8270,classic,20,
1153,8271,classic,23,
1153,8272,classic,23,
1153,8273,classic,13,
1153,8274,classic,9,
1153,8275,classic,14,
1153,8276,classic,24,
1153,8277,classic,23,
1780,8278,classic,10,
1153,8279,classic,46,
1780,8280,classic,12,
1720,8281,classic,16,
1720,8282,classic,16,
1720,8283,classic,36,
1720,8284,classic,79,
1720,8285,classic,40,
1720,8286,classic,18,
1720,8287,classic,23,
1720,8288,classic,26,
1776,8289,classic,8,
1776,8290,classic,18,
1491,8291,classic,16,
1491,8292,classic,19,
1491,8293,classic,41,
1491,8294,classic,15,
1491,8295,classic,27,
1491,8296,classic,26,
1491,8297,classic,17,
1491,8298,classic,23,
1789,8299,classic,48,
1789,8300,classic,10,
1716,8301,classic,95,
1716,8302,classic,21,
1716,8303,classic,23,
1716,8304,classic,20,
1716,8305,classic,75,
1716,8306,classic,32,
1625,8307,classic,37,
1716,8308,classic,37,
1716,8309,classic,16,
1537,8310,classic,8,
1537,8311,classic,16,
1537,8312,classic,8,
1743,8313,classic,34,
1310,8314,classic,8,
1310,8315,classic,65,
1310,8316,classic,22,
1310,8317,classic,42,
1310,8318,classic,61,
1310,8319,classic,62,
1153,8320,classic,20,
1153,8321,classic,20,
1785,8322,classic,23,
1796,8323,classic,42,
1750,8324,classic,79,
1750,8325,classic,37,
1750,8326,classic,11,
1750,8327,classic,18,
1750,8328,classic,14,
1491,8329,classic,16,
1491,8330,classic,16,
1491,8331,classic,16,
1491,8332,classic,16,
1491,8333,classic,16,
1491,8334,classic,16,
1491,8335,classic,16,
1491,8336,classic,16,
1491,8337,classic,16,
1491,8338,classic,89,
1491,8339,classic,89,
1491,8340,classic,27,
1491,8341,classic,26,
1080,8342,classic,13,
1738,8343,classic,20,
1738,8344,classic,96,
1738,8345,classic,31,
1738,8346,classic,96,
1738,8347,classic,31,
1738,8348,classic,20,
1738,8349,classic,21,
1738,8350,classic,36,
1629,8351,classic,17,
1629,8352,classic,15,
1629,8353,classic,15,
1629,8354,classic,12,
1629,8355,classic,21,
1629,8356,classic,10,
1629,8357,classic,8,
1629,8358,classic,8,
1629,8359,classic,14,
1629,8360,classic,70,
1629,8361,classic,27,
1629,8362,classic,16,
1754,8363,classic,77,
1754,8364,classic,35,
1754,8365,classic,16,
1842,8366,classic,20,
1770,8367,classic,13,
1728,8368,classic,29,
1824,8369,classic,25,
559,8370,classic,7,
1489,8371,classic,1,
1489,8372,classic,28,
1489,8373,classic,12,
1489,8374,classic,28,
1489,8375,classic,40,
1881,8376,classic,16,
1881,8377,classic,8,
1881,8378,classic,16,
1881,8379,classic,12,
1421,8380,classic,16,
1421,8381,classic,24,
1421,8382,classic,39,
1421,8383,classic,32,
1421,8384,classic,16,
1421,8385,classic,24,
1421,8386,classic,39,
1421,8387,classic,32,
1124,8388,classic,64,
1124,8389,classic,36,
1124,8390,classic,32,
1124,8391,classic,64,
1124,8392,classic,16,
1124,8393,classic,18,
1124,8394,classic,19,
1885,8395,classic,20,
1885,8396,classic,12,
1885,8397,classic,32,
1885,8398,classic,28,
1879,8399,classic,20,
1879,8400,classic,44,
1879,8401,classic,37,
1879,8402,classic,27,
1124,8403,classic,64,
1124,8404,classic,16,
1124,8405,classic,18,
1124,8406,classic,19,
1896,8407,classic,20,
1896,8408,classic,10,
1896,8409,classic,32,
1896,8410,classic,16,
1882,8411,classic,16,
1882,8412,classic,20,
1882,8413,classic,16,
1882,8414,classic,28,
1878,8415,classic,16,
1878,8416,classic,12,
1878,8417,classic,22,
1878,8418,classic,20,
1888,8419,classic,16,
1888,8420,classic,20,
1888,8421,classic,16,
1888,8422,classic,15,
1884,8423,classic,24,
1884,8424,classic,32,
1884,8425,classic,32,
1884,8426,classic,36,
1880,8427,classic,28,
1880,8428,classic,8,
1880,8429,classic,16,
1880,8430,classic,20,
1886,8431,classic,10,
1886,8432,classic,16,
1886,8433,classic,16,
1886,8434,classic,16,
1891,8435,classic,24,
1891,8436,classic,10,
1891,8437,classic,20,
1891,8438,classic,27,
1891,8439,classic,24,
1891,8440,classic,10,
1891,8441,classic,27,
1891,8442,classic,20,
1887,8443,classic,40,
1887,8444,classic,24,
1887,8445,classic,32,
1887,8446,classic,40,
1698,8447,classic,20,
1698,8448,classic,20,
1698,8449,classic,24,
1698,8450,classic,24,
1883,8451,classic,28,
1883,8452,classic,56,
1883,8453,classic,56,
1883,8454,classic,56,
1891,8455,classic,24,
1891,8456,classic,10,
1891,8457,classic,27,
1891,8458,classic,20,
1891,8459,classic,24,
1891,8460,classic,20,
1891,8461,classic,27,
1891,8462,classic,20,
1892,8463,classic,17,
1892,8464,classic,16,
1892,8465,classic,40,
1892,8466,classic,16,
1890,8467,classic,16,
1890,8468,classic,16,
1890,8469,classic,16,
1890,8470,classic,16,
1893,8471,classic,16,
1893,8472,classic,16,
1893,8473,classic,32,
1893,8474,classic,16,
1421,8475,classic,48,
1421,8476,classic,40,
1421,8477,classic,48,
1421,8478,classic,56,
1889,8479,classic,48,
1889,8480,classic,16,
1889,8481,classic,48,
1889,8482,classic,48,
1895,8483,classic,48,
1895,8484,classic,64,
1895,8485,classic,64,
1895,8486,classic,32,
1894,8487,classic,16,
1894,8488,classic,32,
1894,8489,classic,24,
1894,8490,classic,63,
1883,8491,classic,56,
1883,8492,classic,28,
1883,8493,classic,56,
1883,8494,classic,56,
1877,8495,classic,115,
0,8496,classic,32,
0,8497,classic,63,
0,8498,classic,17,
0,8499,classic,58,
0,8500,classic,41,
0,8501,classic,44,
0,8502,classic,21,
1898,8503,classic,13,
1897,8504,classic,32,
1897,8505,classic,20,
1897,8506,classic,25,
1897,8507,classic,61,
1898,8508,classic,17,
1901,8509,classic,48,
1901,8510,classic,32,
1621,8511,classic,24,
1621,8512,classic,19,
1903,8513,classic,32,
1903,8514,classic,18,
1903,8515,classic,12,
1422,8516,classic,32,
1422,8517,classic,30,
1422,8518,classic,96,
1422,8519,classic,32,
1904,8520,classic,14,
1902,8521,classic,8,
1151,8522,classic,12,
1151,8523,classic,23,
1151,8524,classic,20,
0,8525,classic,71,
1900,8526,classic,6,
0,8527,classic,8,
0,8528,classic,16,
0,8529,classic,8,
1741,8530,classic,17,
1422,8531,classic,32,
1491,8532,classic,24,
1719,8533,classic,31,
1716,8534,classic,16,
1748,8535,classic,23,
1338,8536,classic,16,
1725,8537,classic,16,
1746,8538,classic,17,
1643,8539,classic,32,
1728,8540,classic,32,
559,8541,classic,32,
1720,8542,classic,16,
1723,8543,classic,34,
1248,8544,classic,17,
1152,8545,classic,8,
1426,8546,classic,16,
1733,8547,classic,16,
1736,8548,classic,33,
1718,8549,classic,18,
1725,8550,classic,16,
1755,8551,classic,25,
1743,8552,classic,32,
1537,8553,classic,43,
1745,8554,classic,16,
1255,8555,classic,39,
1732,8556,classic,33,
1533,8557,classic,27,
1739,8558,classic,16,
1731,8559,classic,28,
1737,8560,classic,32,
1730,8561,classic,38,
1903,8562,classic,32,
1153,8563,classic,32,
1743,8564,classic,32,
1472,8565,classic,16,
1151,8566,classic,12,
1726,8567,classic,30,
1724,8568,classic,14,
1903,8569,classic,13,
1903,8570,classic,60,
1903,8571,classic,14,
1903,8572,classic,32,
1905,8573,classic,20,
1905,8574,classic,64,
1903,8575,classic,18,
1905,8576,classic,35,
1905,8577,classic,18,
1905,8578,classic,13,
1906,8579,classic,19,
1906,8580,classic,52,
1489,8581,classic,12,
1489,8582,classic,28,
1906,8583,classic,16,
1906,8584,classic,38,
1906,8585,classic,48,
1906,8586,classic,51,
1899,8587,classic,99,
1768,8588,classic,11,
1907,8589,classic,32,
1907,8590,classic,32,
1907,8591,classic,17,
1907,8592,classic,11,
1907,8593,classic,22,
1907,8594,classic,17,
1907,8595,classic,11,
1907,8596,classic,11,
1680,8597,classic,10,
1906,8598,classic,51,
1908,8599,classic,10,
1908,8600,classic,8,
1908,8601,classic,13,
1908,8602,classic,13,
1908,8603,classic,33,
1908,8604,classic,17,
1908,8605,classic,13,
1908,8606,classic,8,
1908,8607,classic,21,
1909,8608,classic,8,
1909,8609,classic,20,
1909,8610,classic,24,
1909,8611,classic,36,
1909,8612,classic,13,
1909,8613,classic,29,
1909,8614,classic,39,
1909,8615,classic,17,
1830,8616,classic,25,
1830,8617,classic,30,
1914,8618,classic,27,
1913,8619,classic,99,
1905,8620,classic,56,
1905,8621,classic,45,
1905,8622,classic,24,
1925,8623,classic,50,
1763,8624,classic,32,
1910,8625,classic,79,
1905,8626,classic,20,
1905,8627,classic,92,
1905,8628,classic,64,
1905,8629,classic,64,
1905,8630,classic,48,
1905,8631,classic,20,
1905,8632,classic,16,
1905,8633,classic,20,
1905,8634,classic,78,
1905,8635,classic,16,
1905,8636,classic,10,
1905,8637,classic,16,
1905,8638,classic,11,
1905,8639,classic,12,
1905,8640,classic,25,
1905,8641,classic,26,
1905,8642,classic,95,
1905,8643,classic,20,
1905,8644,classic,74,
1911,8645,classic,72,
1915,8646,classic,90,
1763,8647,classic,32,
1919,8648,classic,16,
1905,8649,classic,35,
1905,8650,classic,47,
0,8651,classic,60,
1925,8652,classic,48,
1917,8653,classic,77,
1916,8654,classic,48,
1905,8655,classic,65,
1906,8656,classic,48,
1906,8657,classic,34,
1906,8658,classic,19,
1906,8659,classic,16,
1906,8660,classic,16,
1906,8661,classic,41,
1906,8662,classic,48,
1922,8663,classic,59,
1918,8664,classic,38,
1920,8665,classic,126,
1921,8666,classic,34,
1919,8667,classic,32,
1912,8668,classic,16,
1912,8669,classic,40,
1912,8670,classic,8,
1912,8671,classic,112,
1912,8672,classic,16,
1912,8673,classic,16,
1926,8674,classic,37,
1926,8675,classic,69,
1926,8676,classic,69,
1926,8677,classic,37,
1926,8678,classic,70,
1926,8679,classic,69,
1912,8680,classic,31,
0,8681,classic,16,
0,8682,classic,16,
0,8683,classic,16,
0,8684,classic,16,
0,8685,classic,24,
0,8686,classic,17,
0,8687,classic,16,
0,8688,classic,35,
1208,8689,classic,18,
0,8690,classic,24,
0,8691,classic,16,
0,8692,classic,71,
0,8693,classic,28,
0,8694,classic,22,
0,8695,classic,14,
1924,8696,classic,47,
1927,8697,classic,16,
0,8698,classic,41,
0,8699,classic,16,
1935,8700,classic,37,
0,8701,classic,17,
0,8702,classic,36,
1931,8703,classic,36,
0,8704,classic,127,
0,8705,classic,139,
297,8706,classic,16,
0,8707,classic,12,
1938,8708,classic,30,
0,8709,classic,25,
0,8710,classic,107,
0,8711,classic,21,
1938,8712,classic,17,
1937,8713,classic,32,
1936,8714,classic,16,
1940,8715,classic,25,
1939,8716,classic,14,
1395,8717,classic,31,
1395,8718,classic,42,
1628,8719,classic,9,
1628,8720,classic,68,
1628,8721,classic,16,
1628,8722,classic,8,
1628,8723,classic,8,
1628,8724,classic,18,
1628,8725,classic,47,
1628,8726,classic,81,
1628,8727,classic,67,
1628,8728,classic,73,
1628,8729,classic,79,
1628,8730,classic,49,
1628,8731,classic,27,
1628,8732,classic,27,
1628,8733,classic,48,
1395,8734,classic,40,
1330,8735,classic,36,
0,8736,classic,15,
1395,8737,classic,35,
1395,8738,classic,23,
1395,8739,classic,30,
1395,8740,classic,21,
1944,8741,classic,23,
1944,8742,classic,8,
1944,8743,classic,12,
1950,8744,classic,96,
1949,8745,classic,74,
1949,8746,classic,96,
1951,8747,classic,72,
1948,8748,classic,40,
1945,8749,classic,25,
1947,8750,classic,9,
1943,8751,classic,42,
1941,8752,classic,32,
1941,8753,classic,48,
1941,8754,classic,18,
1941,8755,classic,15,
1941,8756,classic,41,
1941,8757,classic,28,
1941,8758,classic,49,
1946,8759,classic,15,
1943,8760,classic,16,
1943,8761,classic,25,
1943,8762,classic,18,
1943,8763,classic,32,
1943,8764,classic,16,
1943,8765,classic,27,
1948,8766,classic,17,
0,8767,classic,35,
0,8768,classic,15,
1953,8769,classic,74,
0,8770,classic,57,
1259,8771,classic,187,
1259,8772,classic,8,
1259,8773,classic,25,
1259,8774,classic,52,
1259,8775,classic,30,
1259,8776,classic,21,
1259,8777,classic,78,
0,8778,classic,136,
0,8779,classic,136,
0,8780,classic,136,
0,8781,classic,136,
0,8782,classic,136,
0,8783,classic,136,
0,8784,classic,136,
1955,8785,classic,12,
1955,8786,classic,12,
1955,8787,classic,12,
1955,8788,classic,37,
1955,8789,classic,36,
1955,8790,classic,36,
1955,8791,classic,20,
1955,8792,classic,22,
1955,8793,classic,20,
1955,8794,classic,8,
1955,8795,classic,16,
1955,8796,classic,16,
1955,8797,classic,112,
1955,8798,classic,112,
1955,8799,classic,13,
1631,8800,classic,16,
1954,8801,classic,16,
1952,8802,classic,8,
1952,8803,classic,7,
0,8804,classic,27,
0,8805,classic,27,
1674,8806,classic,67,
1628,8807,classic,8,
1628,8808,classic,16,
1628,8809,classic,38,
1965,8810,classic,38,
1961,8811,classic,32,
1961,8812,classic,16,
1966,8813,classic,16,
1627,8814,classic,52,
1627,8815,classic,60,
1960,8816,classic,72,
1628,8817,classic,35,
1960,8818,classic,30,
1960,8819,classic,48,
0,8820,classic,45,
0,8821,classic,38,
1961,8822,classic,30,
1963,8823,classic,30,
1627,8824,classic,36,
1958,8825,classic,10,
1958,8826,classic,10,
1958,8827,classic,10,
1958,8828,classic,10,
0,8829,classic,12,
0,8830,classic,16,
0,8831,classic,12,
0,8832,classic,16,
0,8833,classic,27,
0,8834,classic,22,
0,8835,classic,24,
0,8836,classic,51,
0,8837,classic,51,
0,8838,classic,51,
0,8839,classic,51,
0,8840,classic,51,
0,8841,classic,51,
0,8842,classic,16,
1959,8843,classic,24,
1959,8844,classic,9,
1189,8845,classic,13,
0,8846,classic,6,
0,8847,classic,35,
0,8848,classic,13,
0,8849,classic,20,
1963,8850,classic,20,
1963,8851,classic,16,
1628,8852,classic,150,
1964,8853,classic,20,
1964,8854,classic,26,
1964,8855,classic,26,
1962,8856,classic,14,
1956,8857,classic,80,
0,8858,classic,15,
0,8859,classic,16,
0,8860,classic,16,
0,8861,classic,14,
0,8862,classic,15,
0,8863,classic,16,
0,8864,classic,16,
0,8865,classic,20,
0,8866,classic,63,
0,8867,classic,56,
0,8868,classic,49,
0,8869,classic,41,
0,8870,classic,54,
0,8871,classic,61,
0,8872,classic,37,
0,8873,classic,26,
0,8874,classic,17,
0,8875,classic,12,
0,8876,classic,39,
0,8877,classic,9,
0,8878,classic,16,
0,8879,classic,16,
1957,8880,classic,16,
1957,8881,classic,16,
1967,8882,classic,106,
1973,8883,classic,119,
1977,8884,classic,52,
1971,8885,classic,16,
1969,8886,classic,49,
1974,8887,classic,64,
1975,8888,classic,32,
1975,8889,classic,32,
1975,8890,classic,32,
1975,8891,classic,32,
1975,8892,classic,32,
1975,8893,classic,17,
1976,8894,classic,64,
1972,8895,classic,122,
1968,8896,classic,30,
1974,8897,classic,64,
1124,8898,classic,64,
1124,8899,classic,16,
1124,8900,classic,19,
0,8901,classic,106,
0,8902,classic,106,
0,8903,classic,101,
0,8904,classic,19,
0,8905,classic,22,
0,8906,classic,23,
0,8907,classic,22,
0,8908,classic,17,
0,8909,classic,34,
1732,8910,classic,33,
1730,8911,classic,16,
1978,8912,classic,8,
1978,8913,classic,4,
1740,8914,classic,16,
1745,8915,classic,27,
1714,8916,classic,21,
1206,8917,classic,20,
1740,8918,classic,16,
1742,8919,classic,18,
1744,8920,classic,16,
1735,8921,classic,24,
1749,8922,classic,20,
1740,8923,classic,16,
1729,8924,classic,27,
1751,8925,classic,16,
1740,8926,classic,16,
1722,8927,classic,20,
1734,8928,classic,21,
1747,8929,classic,16,
1727,8930,classic,33,
1752,8931,classic,17,
1753,8932,classic,38,
1372,8933,classic,10,
1722,8934,classic,28,
1979,8935,classic,30,
1979,8936,classic,19,
1747,8937,classic,28,
1802,8938,classic,18,
0,8939,classic,23,
1980,8940,classic,30,
0,8941,classic,23,
1980,8942,classic,30,
0,8943,classic,100,
0,8944,classic,100,
1982,8945,classic,218,
1982,8946,classic,218,
1982,8947,classic,218,
1982,8948,classic,218,
1982,8949,classic,218,
1982,8950,classic,128,
1982,8951,classic,128,
1982,8952,classic,128,
1982,8953,classic,128,
1982,8954,classic,128,
0,8955,classic,18,
0,8956,classic,84,
0,8957,classic,84,
1989,8958,classic,116,
0,8959,classic,16,
1981,8960,classic,33,
0,8961,classic,32,
0,8962,classic,32,
0,8963,classic,32,
0,8964,classic,32,
1989,8965,classic,32,
1988,8966,classic,1,
1988,8967,classic,39,
1988,8968,classic,39,
1987,8969,classic,8,
1986,8970,classic,8,
1984,8971,classic,10,
1984,8972,classic,1,
1983,8973,classic,13,
1985,8974,classic,16,
1985,8975,classic,16,
1985,8976,classic,16,
319,8977,classic,85,
319,8978,classic,85,
1990,8979,classic,13,
0,8980,classic,16,
0,8981,classic,16,
0,8982,classic,16,
0,8983,classic,16,
0,8984,classic,16,
0,8985,classic,16,
0,8986,classic,16,
0,8987,classic,16,
0,8988,classic,22,
0,8989,classic,11,
0,8990,classic,40,
0,8991,classic,20,
1992,8992,classic,16,
1995,8993,classic,21,
1993,8994,classic,17,
1994,8995,classic,34,
0,8996,classic,34,
0,8997,classic,16,
0,8998,classic,16,
0,8999,classic,17,
0,9000,classic,13,
0,9001,classic,16,
0,9002,classic,16,
0,9003,classic,16,
0,9004,classic,24,
1998,9005,classic,12,
1998,9006,classic,12,
1997,9007,classic,17,
1997,9008,classic,17,
2001,9009,classic,162,
1999,9010,classic,64,
2000,9011,classic,17,
0,9012,classic,15,
0,9013,classic,9,
1991,9014,classic,12,
1991,9015,classic,12,
0,9016,classic,31,
1996,9017,classic,27,
0,9018,classic,31,
1996,9019,classic,27,
1098,9020,classic,8,
0,9021,classic,12,
0,9022,classic,12,
0,9023,classic,16,
0,9024,classic,12,
0,9025,classic,30,
1104,9026,classic,81,
1104,9027,classic,81,
1290,9028,classic,72,
2013,9029,classic,33,
2013,9030,classic,31,
0,9031,classic,52,
0,9032,classic,32,
2008,9033,classic,30,
2008,9034,classic,14,
2008,9035,classic,2,
2005,9036,classic,64,
2018,9037,classic,22,
2019,9038,classic,24,
0,9039,classic,16,
0,9040,classic,16,
2003,9041,classic,15,
2003,9042,classic,20,
2003,9043,classic,18,
0,9044,classic,28,
0,9045,classic,27,
2011,9046,classic,18,
0,9047,classic,17,
0,9048,classic,17,
0,9049,classic,16,
0,9050,classic,16,
0,9051,classic,16,
0,9052,classic,16,
0,9053,classic,16,
0,9054,classic,16,
0,9055,classic,32,
2006,9056,classic,12,
0,9057,classic,41,
0,9058,classic,80,
0,9059,classic,79,
0,9060,classic,23,
0,9061,classic,16,
0,9062,classic,23,
0,9063,classic,34,
0,9064,classic,19,
0,9065,classic,24,
648,9066,classic,7,
2012,9067,classic,107,
0,9068,classic,41,
0,9069,classic,16,
0,9070,classic,16,
0,9071,classic,18,
0,9072,classic,18,
0,9073,classic,13,
0,9074,classic,13,
2016,9075,classic,16,
2016,9076,classic,89,
2016,9077,classic,45,
2016,9078,classic,37,
2014,9079,classic,16,
2014,9080,classic,89,
2014,9081,classic,45,
2014,9082,classic,37,
2004,9083,classic,38,
2004,9084,classic,38,
2004,9085,classic,38,
0,9086,classic,43,
0,9087,classic,43,
2004,9088,classic,1,
2004,9089,classic,1,
2004,9090,classic,1,
0,9091,classic,32,
0,9092,classic,32,
2018,9093,classic,12,
2018,9094,classic,13,
0,9095,classic,63,
0,9096,classic,20,
0,9097,classic,24,
0,9098,classic,33,
0,9099,classic,16,
0,9100,classic,13,
2007,9101,classic,66,
2017,9102,classic,19,
2010,9103,classic,43,
0,9104,classic,60,
0,9105,classic,30,
1097,9106,classic,18,
1097,9107,classic,5,
1097,9108,classic,13,
0,9109,classic,80,
0,9110,classic,80,
0,9111,classic,80,
1097,9112,classic,48,
1097,9113,classic,18,
1097,9114,classic,16,
1097,9115,classic,18,
1097,9116,classic,26,
1097,9117,classic,18,
1098,9118,classic,18,
0,9119,classic,16,
1305,9120,classic,57,
0,9121,classic,11,
2009,9122,classic,26,
2015,9123,classic,28,
2002,9124,classic,18,
2018,9125,classic,13,
2018,9126,classic,33,
2018,9127,classic,10,
2018,9128,classic,16,
2018,9129,classic,16,
2017,9130,classic,13,
2017,9131,classic,32,
2017,9132,classic,10,
2017,9133,classic,16,
2017,9134,classic,32,
2020,9135,classic,24,
0,9136,classic,30,
2027,9137,classic,12,
297,9138,classic,49,
319,9139,classic,42,
319,9140,classic,34,
0,9141,classic,19,
2024,9142,classic,121,
2033,9143,classic,156,
2028,9144,classic,16,
1727,9145,classic,82,
2025,9146,classic,1,
2023,9147,classic,125,
2022,9148,classic,42,
2025,9149,classic,142,
2029,9150,classic,43,
0,9151,classic,33,
0,9152,classic,29,
1727,9153,classic,16,
2034,9154,classic,64,
2039,9155,classic,33,
2035,9156,classic,6,
2035,9157,classic,6,
2035,9158,classic,8,
2035,9159,classic,27,
2035,9160,classic,12,
2035,9161,classic,17,
2035,9162,classic,27,
2035,9163,classic,29,
2035,9164,classic,48,
2035,9165,classic,24,
2035,9166,classic,41,
2035,9167,classic,46,
2035,9168,classic,7,
2035,9169,classic,24,
2035,9170,classic,20,
2035,9171,classic,8,
2035,9172,classic,30,
2035,9173,classic,53,
2035,9174,classic,72,
2035,9175,classic,71,
2038,9176,classic,76,
2039,9177,classic,33,
1489,9178,classic,16,
1489,9179,classic,28,
1489,9180,classic,40,
1489,9181,classic,12,
1489,9182,classic,12,
1489,9183,classic,12,
1489,9184,classic,12,
1489,9185,classic,24,
1489,9186,classic,24,
1489,9187,classic,36,
1489,9188,classic,36,
1489,9189,classic,12,
1489,9190,classic,16,
1489,9191,classic,16,
1489,9192,classic,12,
1489,9193,classic,12,
2036,9194,classic,24,
2036,9195,classic,40,
2036,9196,classic,8,
2036,9197,classic,8,
2037,9198,classic,99,
2040,9199,classic,102,
2035,9200,classic,35,
1489,9201,classic,12,
1489,9202,classic,24,
1489,9203,classic,24,
2036,9204,classic,69,
2035,9205,classic,45,
2035,9206,classic,100,
2036,9207,classic,69,
2036,9208,classic,8,
2036,9209,classic,15,
2036,9210,classic,8,
2036,9211,classic,34,
0,9212,classic,40,
0,9213,classic,40,
0,9214,classic,82,
0,9215,classic,73,
0,9216,classic,8,
0,9217,classic,8,
0,9218,classic,22,
0,9219,classic,13,
0,9220,classic,10,
0,9221,classic,10,
0,9222,classic,47,
0,9223,classic,23,
0,9224,classic,64,
1489,9225,classic,40,
0,9226,classic,48,
0,9227,classic,123,
2044,9228,classic,15,
2044,9229,classic,15,
2044,9230,classic,25,
2044,9231,classic,15,
2044,9232,classic,15,
2042,9233,classic,15,
2042,9234,classic,39,
2042,9235,classic,13,
2042,9236,classic,16,
2042,9237,classic,32,
2042,9238,classic,32,
2047,9239,classic,26,
2047,9240,classic,32,
2047,9241,classic,16,
2047,9242,classic,14,
2047,9243,classic,16,
2049,9244,classic,11,
2047,9245,classic,15,
2041,9246,classic,16,
2041,9247,classic,34,
2041,9248,classic,13,
2041,9249,classic,24,
2041,9250,classic,16,
2041,9251,classic,32,
2041,9252,classic,16,
2041,9253,classic,13,
2041,9254,classic,24,
2041,9255,classic,16,
2041,9256,classic,16,
2041,9257,classic,34,
2048,9258,classic,32,
2053,9259,classic,15,
2045,9260,classic,21,
2055,9261,classic,74,
2055,9262,classic,37,
2056,9263,classic,38,
2046,9264,classic,32,
2046,9265,classic,18,
2046,9266,classic,13,
2046,9267,classic,32,
2046,9268,classic,14,
2046,9269,classic,30,
2050,9270,classic,16,
2050,9271,classic,13,
2050,9272,classic,21,
2043,9273,classic,62,
2043,9274,classic,64,
2054,9275,classic,26,
2043,9276,classic,23,
2043,9277,classic,20,
2043,9278,classic,21,
2043,9279,classic,57,
2045,9280,classic,16,
2045,9281,classic,16,
2045,9282,classic,16,
2045,9283,classic,16,
2045,9284,classic,16,
2045,9285,classic,16,
2045,9286,classic,14,
2045,9287,classic,16,
2045,9288,classic,31,
2045,9289,classic,31,
2045,9290,classic,31,
2045,9291,classic,31,
2045,9292,classic,14,
2045,9293,classic,14,
2045,9294,classic,16,
2045,9295,classic,16,
2045,9296,classic,16,
2045,9297,classic,16,
2045,9298,classic,16,
2045,9299,classic,80,
2043,9300,classic,21,
2051,9301,classic,21,
2051,9302,classic,24,
2052,9303,classic,16,
0,9304,classic,75,
0,9305,classic,31,
0,9306,classic,41,
0,9307,classic,27,
0,9308,classic,29,
0,9309,classic,23,
0,9310,classic,21,
2045,9311,classic,20,
2045,9312,classic,53,
2045,9313,classic,18,
2045,9314,classic,18,
1887,9315,classic,16,
1887,9316,classic,32,
1887,9317,classic,40,
1887,9318,classic,31,
1887,9319,classic,24,
2045,9320,classic,16,
2045,9321,classic,16,
2045,9322,classic,16,
2045,9323,classic,16,
2045,9324,classic,16,
2045,9325,classic,16,
2045,9326,classic,16,
2057,9327,classic,43,
2058,9328,classic,25,
2058,9329,classic,1,
2057,9330,classic,1,
2059,9331,classic,20,
2059,9332,classic,29,
2059,9333,classic,16,
2059,9334,classic,32,
2059,9335,classic,31,
2059,9336,classic,15,
2061,9337,classic,15,
2061,9338,classic,17,
2061,9339,classic,64,
2061,9340,classic,42,
2060,9341,classic,18,
2060,9342,classic,13,
2060,9343,classic,10,
2060,9344,classic,21,
2045,9345,classic,15,
2062,9346,classic,39,
2063,9347,classic,20,
2052,9348,classic,16,
2045,9349,classic,18,
0,9350,classic,25,
2064,9351,classic,64,
2066,9352,classic,60,
2067,9353,classic,56,
2067,9354,classic,56,
2067,9355,classic,30,
2067,9356,classic,54,
2067,9357,classic,84,
1421,9358,classic,24,
0,9359,classic,56,
0,9360,classic,30,
0,9361,classic,30,
0,9362,classic,30,
0,9363,classic,30,
0,9364,classic,30,
0,9365,classic,30,
0,9366,classic,20,
0,9367,classic,32,
0,9368,classic,57,
2069,9369,classic,10,
2069,9370,classic,9,
2069,9371,classic,11,
2069,9372,classic,10,
2080,9373,classic,47,
2098,9374,classic,36,
2093,9375,classic,32,
1761,9376,classic,26,
2079,9377,classic,57,
2099,9378,classic,32,
2086,9379,classic,10,
2086,9380,classic,14,
2086,9381,classic,7,
2099,9382,classic,29,
2078,9383,classic,16,
2078,9384,classic,32,
2085,9385,classic,49,
1562,9386,classic,1,
1562,9387,classic,3,
2071,9388,classic,1,
2071,9389,classic,18,
2072,9390,classic,128,
2072,9391,classic,128,
1286,9392,classic,113,
2090,9393,classic,75,
2090,9394,classic,2,
1288,9395,classic,43,
2089,9396,classic,43,
2070,9397,classic,46,
1291,9398,classic,16,
2082,9399,classic,16,
2082,9400,classic,15,
2082,9401,classic,19,
1291,9402,classic,23,
2088,9403,classic,36,
2081,9404,classic,8,
1294,9405,classic,18,
1294,9406,classic,1,
1291,9407,classic,3,
2077,9408,classic,24,
2093,9409,classic,32,
2093,9410,classic,16,
2093,9411,classic,24,
2098,9412,classic,26,
2093,9413,classic,16,
2091,9414,classic,14,
2091,9415,classic,16,
2091,9416,classic,16,
2091,9417,classic,13,
2091,9418,classic,40,
2091,9419,classic,14,
2084,9420,classic,12,
2084,9421,classic,14,
2084,9422,classic,16,
2079,9423,classic,54,
2074,9424,classic,8,
2074,9425,classic,19,
2073,9426,classic,33,
2073,9427,classic,33,
2092,9428,classic,1,
2092,9429,classic,1,
2017,9430,classic,33,
2017,9431,classic,10,
2017,9432,classic,16,
2017,9433,classic,32,
2017,9434,classic,13,
2017,9435,classic,23,
2017,9436,classic,10,
2017,9437,classic,16,
2017,9438,classic,16,
2098,9439,classic,13,
2098,9440,classic,33,
2098,9441,classic,9,
2098,9442,classic,8,
2098,9443,classic,32,
2018,9444,classic,13,
2018,9445,classic,33,
2018,9446,classic,10,
2018,9447,classic,16,
2018,9448,classic,16,
2099,9449,classic,15,
2099,9450,classic,40,
2099,9451,classic,16,
2099,9452,classic,16,
2099,9453,classic,16,
2092,9454,classic,27,
2092,9455,classic,24,
2092,9456,classic,28,
2092,9457,classic,13,
2092,9458,classic,14,
2096,9459,classic,13,
2096,9460,classic,36,
2096,9461,classic,20,
2096,9462,classic,20,
2096,9463,classic,10,
2096,9464,classic,20,
2097,9465,classic,20,
2095,9466,classic,16,
2095,9467,classic,37,
2095,9468,classic,19,
2095,9469,classic,16,
2095,9470,classic,16,
2093,9471,classic,16,
2093,9472,classic,70,
2093,9473,classic,15,
2093,9474,classic,16,
2093,9475,classic,32,
2093,9476,classic,16,
2093,9477,classic,69,
2093,9478,classic,15,
2093,9479,classic,15,
2093,9480,classic,32,
2093,9481,classic,16,
2093,9482,classic,70,
2093,9483,classic,15,
2093,9484,classic,16,
2093,9485,classic,16,
2093,9486,classic,31,
338,9487,classic,10,
338,9488,classic,32,
338,9489,classic,14,
338,9490,classic,16,
338,9491,classic,13,
338,9492,classic,16,
2018,9493,classic,16,
2018,9494,classic,24,
2018,9495,classic,32,
2018,9496,classic,63,
0,9497,classic,15,
0,9498,classic,23,
0,9499,classic,31,
0,9500,classic,7,
0,9501,classic,11,
0,9502,classic,20,
0,9503,classic,30,
0,9504,classic,17,
1903,9505,classic,18,
378,9506,classic,15,
378,9507,classic,35,
378,9508,classic,20,
378,9509,classic,12,
378,9510,classic,15,
378,9511,classic,15,
2034,9512,classic,64,
2101,9513,classic,32,
1681,9514,classic,5,
1681,9515,classic,5,
0,9516,classic,32,
2087,9517,classic,28,
2076,9518,classic,24,
2076,9519,classic,64,
2075,9520,classic,44,
0,9521,classic,46,
2035,9522,classic,46,
0,9523,classic,34,
2035,9524,classic,14,
2035,9525,classic,27,
0,9526,classic,35,
2035,9527,classic,23,
2035,9528,classic,22,
2035,9529,classic,34,
2083,9530,classic,40,
2083,9531,classic,17,
2083,9532,classic,33,
2094,9533,classic,44,
0,9534,classic,14,
0,9535,classic,130,
0,9536,classic,16,
0,9537,classic,16,
2105,9538,classic,16,
2105,9539,classic,26,
2105,9540,classic,16,
2105,9541,classic,26,
0,9542,classic,47,
2107,9543,classic,20,
0,9544,classic,15,
2111,9545,classic,15,
2106,9546,classic,17,
0,9547,classic,32,
2115,9548,classic,25,
0,9549,classic,52,
2114,9550,classic,12,
0,9551,classic,16,
0,9552,classic,16,
0,9553,classic,16,
0,9554,classic,16,
0,9555,classic,16,
2117,9556,classic,19,
0,9557,classic,19,
0,9558,classic,24,
2110,9559,classic,26,
1304,9560,classic,27,
0,9561,classic,28,
0,9562,classic,19,
2104,9563,classic,33,
2103,9564,classic,17,
0,9565,classic,38,
0,9566,classic,12,
2116,9567,classic,6,
0,9568,classic,19,
2109,9569,classic,52,
0,9570,classic,16,
0,9571,classic,16,
0,9572,classic,65,
0,9573,classic,29,
2102,9574,classic,55,
0,9575,classic,58,
1935,9576,classic,38,
1315,9577,classic,20,
2112,9578,classic,32,
0,9579,classic,82,
2113,9580,classic,20,
1315,9581,classic,2,
2108,9582,classic,18,
0,9583,classic,14,
2036,9584,classic,156,
782,9585,classic,64,
392,9586,classic,64,
0,9587,classic,10,
0,9588,classic,20,
2034,9589,classic,64,
2138,9590,classic,64,
0,9591,classic,16,
26,9592,classic,64,
2139,9593,classic,64,
2152,9594,classic,14,
0,9595,classic,18,
0,9596,classic,20,
0,9597,classic,15,
0,9598,classic,13,
0,9599,classic,30,
0,9600,classic,39,
0,9601,classic,48,
0,9602,classic,26,
0,9603,classic,49,
0,9604,classic,59,
0,9605,classic,59,
0,9606,classic,42,
0,9607,classic,13,
0,9608,classic,11,
0,9609,classic,40,
0,9610,classic,38,
1991,9611,classic,12,
2143,9612,classic,53,
2146,9613,classic,42,
2144,9614,classic,34,
2149,9615,classic,79,
2140,9616,classic,49,
2145,9617,classic,12,
2141,9618,classic,22,
2142,9619,classic,41,
2148,9620,classic,70,
2147,9621,classic,41,
0,9622,classic,12,
0,9623,classic,19,
2150,9624,classic,16,
0,9625,classic,20,
2150,9626,classic,18,
0,9627,classic,21,
2150,9628,classic,19,
0,9629,classic,21,
2150,9630,classic,64,
0,9631,classic,63,
2150,9632,classic,64,
0,9633,classic,48,
2150,9634,classic,64,
0,9635,classic,48,
2150,9636,classic,64,
0,9637,classic,48,
2153,9638,classic,12,
2153,9639,classic,12,
1525,9640,classic,32,
2154,9641,classic,32,
2129,9642,classic,32,
2126,9643,classic,128,
2125,9644,classic,64,
2130,9645,classic,87,
2130,9646,classic,87,
1504,9647,classic,54,
0,9648,classic,17,
0,9649,classic,27,
1415,9650,classic,27,
2159,9651,classic,21,
2159,9652,classic,41,
2160,9653,classic,63,
2158,9654,classic,26,
2156,9655,classic,41,
2161,9656,classic,10,
2157,9657,classic,26,
2158,9658,classic,34,
2119,9659,classic,33,
2118,9660,classic,10,
2120,9661,classic,90,
2155,9662,classic,32,
2133,9663,classic,80,
1934,9664,classic,1,
2135,9665,classic,25,
2163,9666,classic,10,
2163,9667,classic,12,
2163,9668,classic,37,
2163,9669,classic,16,
2163,9670,classic,16,
2163,9671,classic,16,
2163,9672,classic,8,
2163,9673,classic,8,
2163,9674,classic,37,
2163,9675,classic,70,
0,9676,classic,16,
0,9677,classic,69,
0,9678,classic,16,
0,9679,classic,71,
0,9680,classic,16,
251,9681,classic,127,
1627,9682,classic,52,
1627,9683,classic,33,
1627,9684,classic,64,
0,9685,classic,24,
0,9686,classic,17,
0,9687,classic,19,
0,9688,classic,17,
0,9689,classic,21,
0,9690,classic,25,
0,9691,classic,21,
0,9692,classic,23,
0,9693,classic,18,
0,9694,classic,19,
0,9695,classic,15,
0,9696,classic,15,
0,9697,classic,22,
0,9698,classic,12,
0,9699,classic,13,
0,9700,classic,24,
0,9701,classic,11,
0,9702,classic,14,
0,9703,classic,13,
0,9704,classic,16,
0,9705,classic,14,
0,9706,classic,18,
0,9707,classic,14,
0,9708,classic,24,
0,9709,classic,17,
0,9710,classic,14,
0,9711,classic,19,
0,9712,classic,26,
0,9713,classic,17,
0,9714,classic,16,
0,9715,classic,11,
0,9716,classic,17,
0,9717,classic,12,
0,9718,classic,16,
735,9719,classic,4,
2169,9720,classic,22,
0,9721,classic,24,
1934,9722,classic,26,
211,9723,classic,20,
0,9724,classic,16,
0,9725,classic,6,
0,9726,classic,14,
0,9727,classic,11,
0,9728,classic,11,
0,9729,classic,12,
0,9730,classic,11,
609,9731,classic,13,
609,9732,classic,3,
609,9733,classic,7,
0,9734,classic,72,
0,9735,classic,16,
0,9736,classic,16,
1627,9737,classic,29,
0,9738,classic,16,
0,9739,classic,24,
2165,9740,classic,96,
2165,9741,classic,64,
2165,9742,classic,64,
2165,9743,classic,96,
2165,9744,classic,128,
2165,9745,classic,32,
2165,9746,classic,64,
2165,9747,classic,96,
2165,9748,classic,128,
2165,9749,classic,32,
2165,9750,classic,64,
2165,9751,classic,96,
2165,9752,classic,128,
2165,9753,classic,32,
0,9754,classic,24,
0,9755,classic,16,
0,9756,classic,16,
2165,9757,classic,64,
2165,9758,classic,96,
2165,9759,classic,128,
2165,9760,classic,32,
2165,9761,classic,63,
2165,9762,classic,95,
2165,9763,classic,127,
2165,9764,classic,32,
2165,9765,classic,64,
2165,9766,classic,96,
2165,9767,classic,128,
2165,9768,classic,32,
2165,9769,classic,64,
2165,9770,classic,96,
2165,9771,classic,128,
2165,9772,classic,32,
2165,9773,classic,64,
2165,9774,classic,96,
2165,9775,classic,128,
2165,9776,classic,32,
2165,9777,classic,128,
2165,9778,classic,192,
2165,9779,classic,256,
2165,9780,classic,64,
2165,9781,classic,64,
2165,9782,classic,96,
2165,9783,classic,128,
2165,9784,classic,32,
2165,9785,classic,64,
2165,9786,classic,96,
2165,9787,classic,128,
2165,9788,classic,32,
2165,9789,classic,128,
2165,9790,classic,192,
2165,9791,classic,256,
2165,9792,classic,64,
2165,9793,classic,64,
2165,9794,classic,64,
2165,9795,classic,96,
2165,9796,classic,128,
2165,9797,classic,32,
2165,9798,classic,64,
2165,9799,classic,96,
2165,9800,classic,128,
2165,9801,classic,32,
2165,9802,classic,32,
2165,9803,classic,32,
2165,9804,classic,32,
2165,9805,classic,64,
2165,9806,classic,128,
2165,9807,classic,64,
2165,9808,classic,96,
2165,9809,classic,128,
2165,9810,classic,32,
2165,9811,classic,96,
2165,9812,classic,128,
2165,9813,classic,160,
2165,9814,classic,32,
2165,9815,classic,64,
2165,9816,classic,96,
2165,9817,classic,128,
2165,9818,classic,32,
2165,9819,classic,64,
2165,9820,classic,96,
2165,9821,classic,128,
2165,9822,classic,32,
2165,9823,classic,64,
2165,9824,classic,96,
2165,9825,classic,128,
2165,9826,classic,32,
2165,9827,classic,64,
2165,9828,classic,96,
2165,9829,classic,128,
2165,9830,classic,32,
2165,9831,classic,64,
2165,9832,classic,96,
2165,9833,classic,128,
2165,9834,classic,32,
2165,9835,classic,64,
2165,9836,classic,64,
2165,9837,classic,96,
2165,9838,classic,128,
2165,9839,classic,32,
2165,9840,classic,128,
2165,9841,classic,64,
2165,9842,classic,44,
2165,9843,classic,96,
2165,9844,classic,160,
2165,9845,classic,224,
2165,9846,classic,64,
2165,9847,classic,96,
2165,9848,classic,160,
2165,9849,classic,224,
2165,9850,classic,64,
2165,9851,classic,96,
2165,9852,classic,160,
2165,9853,classic,224,
2165,9854,classic,64,
2165,9855,classic,64,
2165,9856,classic,96,
2165,9857,classic,128,
2165,9858,classic,32,
2165,9859,classic,64,
2165,9860,classic,96,
2165,9861,classic,128,
2165,9862,classic,32,
2165,9863,classic,64,
2165,9864,classic,96,
2165,9865,classic,128,
2165,9866,classic,32,
2123,9867,classic,32,
0,9868,classic,67,
0,9869,classic,16,
0,9870,classic,16,
2121,9871,classic,1,
0,9872,classic,64,
0,9873,classic,64,
0,9874,classic,64,
0,9875,classic,64,
0,9876,classic,64,
2165,9877,classic,64,
2165,9878,classic,64,
0,9879,classic,14,
0,9880,classic,19,
2122,9881,classic,15,
431,9882,classic,9,
0,9883,classic,12,
0,9884,classic,8,
0,9885,classic,101,
0,9886,classic,43,
2168,9887,classic,36,
2168,9888,classic,31,
2168,9889,classic,23,
2168,9890,classic,15,
2168,9891,classic,31,
2168,9892,classic,23,
2168,9893,classic,15,
2168,9894,classic,23,
2168,9895,classic,15,
2168,9896,classic,15,
2168,9897,classic,36,
2168,9898,classic,31,
2168,9899,classic,23,
2168,9900,classic,15,
2168,9901,classic,31,
2168,9902,classic,23,
2168,9903,classic,15,
2168,9904,classic,23,
2168,9905,classic,15,
2168,9906,classic,15,
0,9907,classic,10,
0,9908,classic,16,
2122,9909,classic,29,
2124,9910,classic,128,
2021,9911,classic,20,
1080,9912,classic,30,
1080,9913,classic,40,
1080,9914,classic,30,
1080,9915,classic,30,
1080,9916,classic,80,
1080,9917,classic,16,
1080,9918,classic,16,
1080,9919,classic,30,
1080,9920,classic,30,
1080,9921,classic,49,
1080,9922,classic,20,
1080,9923,classic,20,
1080,9924,classic,16,
1080,9925,classic,16,
1080,9926,classic,16,
1080,9927,classic,16,
1080,9928,classic,21,
1080,9929,classic,51,
1080,9930,classic,16,
1080,9931,classic,16,
1080,9932,classic,159,
1080,9933,classic,20,
1080,9934,classic,20,
0,9935,classic,18,
0,9936,classic,30,
0,9937,classic,18,
0,9938,classic,20,
0,9939,classic,22,
0,9940,classic,15,
0,9941,classic,20,
0,9942,classic,30,
0,9943,classic,30,
0,9944,classic,28,
0,9945,classic,14,
0,9946,classic,30,
0,9947,classic,10,
0,9948,classic,10,
0,9949,classic,20,
0,9950,classic,6,
0,9951,classic,14,
0,9952,classic,15,
0,9953,classic,70,
0,9954,classic,16,
0,9955,classic,12,
0,9956,classic,16,
0,9957,classic,16,
0,9958,classic,80,
0,9959,classic,28,
0,9960,classic,28,
0,9961,classic,20,
0,9962,classic,20,
1415,9963,classic,80,
1415,9964,classic,80,
1415,9965,classic,20,
1415,9966,classic,16,
2182,9967,classic,65,
905,9968,classic,56,
2166,9969,classic,21,
2183,9970,classic,60,
2185,9971,classic,37,
2186,9972,classic,44,
2186,9973,classic,1,
2185,9974,classic,1,
2177,9975,classic,22,
0,9976,classic,33,
0,9977,classic,128,
0,9978,classic,9,
2124,9979,classic,384,
2124,9980,classic,128,
2185,9981,classic,37,
2121,9982,classic,293,
392,9983,classic,64,
0,9984,classic,37,
2189,9985,classic,46,
0,9986,classic,37,
2189,9987,classic,46,
0,9988,classic,16,
2190,9989,classic,16,
0,9990,classic,61,
2188,9991,classic,41,
0,9992,classic,6,
0,9993,classic,6,
0,9994,classic,6,
0,9995,classic,6,
0,9996,classic,6,
0,9997,classic,6,
0,9998,classic,6,
0,9999,classic,6,
0,10000,classic,16,
0,10001,classic,107,
0,10002,classic,107,
0,10003,classic,107,
0,10004,classic,107,
0,10005,classic,107,
0,10006,classic,107,
0,10007,classic,107,
0,10008,classic,11,
0,10009,classic,57,
0,10010,classic,17,
0,10011,classic,16,
0,10012,classic,18,
0,10013,classic,15,
0,10014,classic,8,
0,10015,classic,17,
0,10016,classic,9,
0,10017,classic,7,
0,10018,classic,14,
0,10019,classic,24,
0,10020,classic,16,
0,10021,classic,16,
0,10022,classic,24,
2179,10023,classic,36,
2179,10024,classic,46,
2196,10025,classic,23,
2196,10026,classic,23,
2196,10027,classic,64,
2196,10028,classic,64,
2196,10029,classic,64,
2196,10030,classic,64,
2196,10031,classic,64,
1628,10032,classic,64,
1628,10033,classic,30,
2198,10034,classic,21,
2207,10035,classic,124,
1628,10036,classic,160,
1628,10037,classic,59,
1628,10038,classic,61,
2195,10039,classic,34,
2195,10040,classic,1,
1628,10041,classic,61,
2197,10042,classic,64,
2196,10043,classic,20,
0,10044,classic,41,
0,10045,classic,28,
2212,10046,classic,12,
2211,10047,classic,28,
2205,10048,classic,36,
1628,10049,classic,16,
1628,10050,classic,16,
2191,10051,classic,56,
2191,10052,classic,56,
2192,10053,classic,30,
2209,10054,classic,24,
2192,10055,classic,32,
2192,10056,classic,144,
2192,10057,classic,18,
2192,10058,classic,16,
2192,10059,classic,40,
2203,10060,classic,40,
2201,10061,classic,22,
2204,10062,classic,33,
2204,10063,classic,10,
2192,10064,classic,16,
2192,10065,classic,10,
2192,10066,classic,40,
1836,10067,classic,43,
2199,10068,classic,26,
0,10069,classic,26,
0,10070,classic,30,
0,10071,classic,54,
0,10072,classic,54,
0,10073,classic,54,
0,10074,classic,54,
0,10075,classic,54,
0,10076,classic,54,
0,10077,classic,54,
0,10078,classic,54,
1628,10079,classic,26,
0,10080,classic,16,
0,10081,classic,17,
0,10082,classic,24,
2165,10083,classic,128,
82,10084,classic,16,
2220,10085,classic,32,
2215,10086,classic,36,
2215,10087,classic,117,
2219,10088,classic,59,
2219,10089,classic,48,
2218,10090,classic,32,
2216,10091,classic,23,
2221,10092,classic,32,
2221,10093,classic,32,
2221,10094,classic,32,
2214,10095,classic,32,
2214,10096,classic,32,
2215,10097,classic,36,
2217,10098,classic,57,
2217,10099,classic,34,
0,10100,classic,34,
0,10101,classic,108,
0,10102,classic,87,
0,10103,classic,16,
0,10104,classic,107,
0,10105,classic,317,
0,10106,classic,16,
0,10107,classic,71,
0,10108,classic,16,
0,10109,classic,17,
0,10110,classic,53,
0,10111,classic,32,
0,10112,classic,114,
0,10113,classic,34,
0,10114,classic,29,
0,10115,classic,114,
1628,10116,classic,1,
1628,10117,classic,387,
2222,10118,classic,64,
0,10119,classic,28,
2021,10120,classic,25,
2021,10121,classic,25,
2033,10122,classic,189,
2236,10123,classic,32,
2236,10124,classic,32,
2223,10125,classic,126,
2223,10126,classic,96,
2239,10127,classic,64,
2237,10128,classic,61,
2237,10129,classic,2,
2232,10130,classic,18,
2232,10131,classic,18,
0,10132,classic,20,
2232,10133,classic,10,
2234,10134,classic,52,
2224,10135,classic,12,
2224,10136,classic,48,
2224,10137,classic,24,
2224,10138,classic,48,
2226,10139,classic,1,
2226,10140,classic,1,
2226,10141,classic,1,
2226,10142,classic,1,
2226,10143,classic,1,
2226,10144,classic,1,
2226,10145,classic,1,
2226,10146,classic,1,
2226,10147,classic,1,
2226,10148,classic,1,
2226,10149,classic,1,
2226,10150,classic,1,
2226,10151,classic,1,
2226,10152,classic,1,
2226,10153,classic,1,
2226,10154,classic,1,
2226,10155,classic,1,
2226,10156,classic,1,
2226,10157,classic,1,
2226,10158,classic,1,
2226,10159,classic,1,
2226,10160,classic,1,
2226,10161,classic,1,
2226,10162,classic,1,
2226,10163,classic,1,
2226,10164,classic,1,
2226,10165,classic,1,
2226,10166,classic,1,
2226,10167,classic,1,
2226,10168,classic,1,
2226,10169,classic,1,
2226,10170,classic,1,
2226,10171,classic,32,
0,10172,classic,15,
0,10173,classic,18,
2232,10174,classic,15,
2232,10175,classic,18,
2234,10176,classic,31,
2234,10177,classic,21,
2234,10178,classic,21,
2229,10179,classic,43,
0,10180,classic,22,
2229,10181,classic,42,
0,10182,classic,24,
2231,10183,classic,32,
0,10184,classic,26,
2231,10185,classic,20,
0,10186,classic,26,
2231,10187,classic,20,
2225,10188,classic,108,
2225,10189,classic,64,
2230,10190,classic,16,
2227,10191,classic,10,
2224,10192,classic,48,
2224,10193,classic,2,
2224,10194,classic,62,
2224,10195,classic,2,
2224,10196,classic,88,
2224,10197,classic,71,
2224,10198,classic,97,
2224,10199,classic,48,
2239,10200,classic,16,
2238,10201,classic,32,
0,10202,classic,29,
2233,10203,classic,25,
2223,10204,classic,90,
2223,10205,classic,115,
2223,10206,classic,16,
2223,10207,classic,80,
2223,10208,classic,15,
2223,10209,classic,73,
0,10210,classic,8,
0,10211,classic,97,
0,10212,classic,59,
0,10213,classic,153,
2228,10214,classic,99,
2235,10215,classic,16,
2226,10216,classic,281,
2226,10217,classic,8,
2226,10218,classic,8,
2226,10219,classic,8,
2226,10220,classic,257,
2240,10221,classic,32,
0,10222,classic,107,
0,10223,classic,83,
0,10224,classic,107,
0,10225,classic,52,
0,10226,classic,51,
0,10227,classic,30,
0,10228,classic,107,
2241,10229,classic,32,
1537,10230,classic,43,
1836,10231,classic,43,
1537,10232,classic,23,
1415,10233,classic,24,
1151,10234,classic,20,
2035,10235,classic,28,
461,10236,classic,28,
2034,10237,classic,64,
2243,10238,classic,48,
2243,10239,classic,32,
1415,10240,classic,71,
2035,10241,classic,51,
1151,10242,classic,94,
461,10243,classic,71,
2242,10244,classic,10,
2242,10245,classic,10,
0,10246,classic,33,
0,10247,classic,23,
0,10248,classic,24,
0,10249,classic,24,
0,10250,classic,6,
0,10251,classic,16,
0,10252,classic,20,
0,10253,classic,20,
0,10254,classic,95,
0,10255,classic,31,
0,10256,classic,48,
0,10257,classic,65,
0,10258,classic,82,
2247,10259,classic,64,
0,10260,classic,29,
0,10261,classic,24,
0,10262,classic,24,
431,10263,classic,22,
431,10264,classic,17,
0,10265,classic,22,
0,10266,classic,16,
0,10267,classic,11,
0,10268,classic,16,
0,10269,classic,11,
0,10270,classic,16,
0,10271,classic,13,
2251,10272,classic,69,
2258,10273,classic,16,
2258,10274,classic,16,
2258,10275,classic,16,
2257,10276,classic,16,
2257,10277,classic,16,
2257,10278,classic,16,
2259,10279,classic,16,
2259,10280,classic,16,
2259,10281,classic,16,
2255,10282,classic,16,
2255,10283,classic,16,
2255,10284,classic,16,
2256,10285,classic,16,
2256,10286,classic,16,
2256,10287,classic,16,
0,10288,classic,16,
0,10289,classic,16,
0,10290,classic,82,
0,10291,classic,31,
0,10292,classic,19,
0,10293,classic,28,
0,10294,classic,10,
0,10295,classic,29,
0,10296,classic,46,
0,10297,classic,22,
0,10298,classic,24,
0,10299,classic,28,
0,10300,classic,35,
0,10301,classic,31,
2253,10302,classic,117,
0,10303,classic,117,
2253,10304,classic,65,
0,10305,classic,85,
2253,10306,classic,117,
2254,10307,classic,85,
2254,10308,classic,117,
2253,10309,classic,66,
2252,10310,classic,117,
2252,10311,classic,77,
0,10312,classic,101,
0,10313,classic,89,
2250,10314,classic,90,
2249,10315,classic,16,
2249,10316,classic,16,
2250,10317,classic,16,
2250,10318,classic,185,
2248,10319,classic,40,
2248,10320,classic,40,
2248,10321,classic,48,
2245,10322,classic,16,
2245,10323,classic,53,
2245,10324,classic,2,
2245,10325,classic,88,
2245,10326,classic,32,
2245,10327,classic,53,
2245,10328,classic,71,
2245,10329,classic,37,
2245,10330,classic,16,
2245,10331,classic,71,
2246,10332,classic,75,
2246,10333,classic,2,
2246,10334,classic,21,
0,10335,classic,107,
0,10336,classic,107,
0,10337,classic,107,
0,10338,classic,107,
0,10339,classic,107,
0,10340,classic,107,
0,10341,classic,107,
0,10342,classic,107,
0,10343,classic,107,
0,10344,classic,107,
0,10345,classic,107,
0,10346,classic,107,
0,10347,classic,107,
0,10348,classic,107,
2262,10349,classic,55,
2261,10350,classic,64,
2262,10351,classic,46,
2260,10352,classic,368,
2262,10353,classic,46,
2260,10354,classic,30,
0,10355,classic,87,
2244,10356,classic,51,
2244,10357,classic,16,
2244,10358,classic,53,
2244,10359,classic,16,
2244,10360,classic,53,
2244,10361,classic,16,
2244,10362,classic,51,
2244,10363,classic,16,
2244,10364,classic,51,
2244,10365,classic,16,
2244,10366,classic,51,
2244,10367,classic,16,
2263,10368,classic,71,
2263,10369,classic,47,
2263,10370,classic,54,
2263,10371,classic,51,
179,10372,classic,32,
179,10373,classic,32,
0,10374,classic,23,
2200,10375,classic,5,
2206,10376,classic,23,
0,10377,classic,23,
2192,10378,classic,30,
2192,10379,classic,25,
2202,10380,classic,13,
2213,10381,classic,16,
2213,10382,classic,16,
2213,10383,classic,16,
2192,10384,classic,64,
2192,10385,classic,43,
2192,10386,classic,14,
2266,10387,classic,35,
2192,10388,classic,64,
2192,10389,classic,74,
2266,10390,classic,48,
2266,10391,classic,16,
2266,10392,classic,16,
2266,10393,classic,16,
2266,10394,classic,16,
2210,10395,classic,67,
2208,10396,classic,23,
2208,10397,classic,8,
2208,10398,classic,8,
2208,10399,classic,9,
2192,10400,classic,10,
2208,10401,classic,10,
2208,10402,classic,10,
2208,10403,classic,10,
2194,10404,classic,26,
2192,10405,classic,57,
2208,10406,classic,10,
2208,10407,classic,10,
2208,10408,classic,10,
2192,10409,classic,26,
2192,10410,classic,10,
2267,10411,classic,36,
2268,10412,classic,58,
2269,10413,classic,142,
2269,10414,classic,143,
1288,10415,classic,47,
0,10416,classic,82,
0,10417,classic,43,
0,10418,classic,31,
2278,10419,classic,16,
1288,10420,classic,21,
2280,10421,classic,14,
2281,10422,classic,16,
2092,10423,classic,28,
2272,10424,classic,77,
2276,10425,classic,96,
2273,10426,classic,72,
2273,10427,classic,72,
2092,10428,classic,192,
2092,10429,classic,16,
2285,10430,classic,96,
2276,10431,classic,96,
2274,10432,classic,124,
2274,10433,classic,124,
0,10434,classic,109,
0,10435,classic,40,
0,10436,classic,16,
2283,10437,classic,32,
2283,10438,classic,49,
2283,10439,classic,31,
2283,10440,classic,31,
2274,10441,classic,32,
2283,10442,classic,45,
2283,10443,classic,32,
2282,10444,classic,33,
2282,10445,classic,2,
1998,10446,classic,34,
2284,10447,classic,40,
2284,10448,classic,40,
1998,10449,classic,24,
2092,10450,classic,87,
2274,10451,classic,157,
0,10452,classic,22,
0,10453,classic,35,
0,10454,classic,24,
0,10455,classic,160,
0,10456,classic,160,
0,10457,classic,160,
0,10458,classic,160,
0,10459,classic,160,
2275,10460,classic,93,
2275,10461,classic,101,
2275,10462,classic,105,
2275,10463,classic,45,
297,10464,classic,16,
297,10465,classic,16,
0,10466,classic,103,
0,10467,classic,2,
0,10468,classic,50,
297,10469,classic,100,
0,10470,classic,15,
0,10471,classic,40,
2279,10472,classic,33,
0,10473,classic,24,
1288,10474,classic,30,
0,10475,classic,20,
0,10476,classic,16,
193,10477,classic,16,
194,10478,classic,16,
2165,10479,classic,295,
1711,10480,classic,200,
2271,10481,classic,174,
2271,10482,classic,174,
0,10483,classic,148,
1176,10484,classic,147,
0,10485,classic,117,
2286,10486,classic,12,
2286,10487,classic,48,
2179,10488,classic,126,
2270,10489,classic,97,
0,10490,classic,90,
0,10491,classic,90,
0,10492,classic,88,
0,10493,classic,88,
0,10494,classic,99,
0,10495,classic,99,
2192,10496,classic,19,
2054,10497,classic,23,
0,10498,classic,8,
0,10499,classic,38,
2295,10500,classic,8,
0,10501,classic,22,
0,10502,classic,18,
0,10503,classic,21,
0,10504,classic,21,
0,10505,classic,21,
2291,10506,classic,32,
2291,10507,classic,24,
2291,10508,classic,21,
2290,10509,classic,16,
2288,10510,classic,24,
2292,10511,classic,19,
2292,10512,classic,25,
0,10513,classic,15,
2292,10514,classic,24,
2294,10515,classic,13,
0,10516,classic,19,
2294,10517,classic,29,
0,10518,classic,17,
2293,10519,classic,20,
2293,10520,classic,16,
2293,10521,classic,11,
2289,10522,classic,13,
2289,10523,classic,14,
0,10524,classic,16,
2296,10525,classic,38,
2296,10526,classic,20,
2296,10527,classic,18,
2296,10528,classic,10,
2287,10529,classic,30,
0,10530,classic,45,
2297,10531,classic,58,
0,10532,classic,26,
2299,10533,classic,29,
0,10534,classic,15,
0,10535,classic,54,
2298,10536,classic,72,
0,10537,classic,41,
0,10538,classic,44,
2300,10539,classic,36,
2300,10540,classic,24,
2305,10541,classic,84,
2297,10542,classic,31,
0,10543,classic,41,
0,10544,classic,10,
0,10545,classic,13,
0,10546,classic,32,
2308,10547,classic,117,
2308,10548,classic,117,
2308,10549,classic,117,
0,10550,classic,43,
0,10551,classic,43,
1489,10552,classic,68,
1421,10553,classic,41,
1885,10554,classic,23,
1124,10555,classic,52,
1540,10556,classic,44,
2307,10557,classic,16,
2307,10558,classic,64,
2302,10559,classic,125,
2306,10560,classic,111,
2304,10561,classic,24,
2301,10562,classic,16,
2244,10563,classic,40,
0,10564,classic,16,
0,10565,classic,125,
0,10566,classic,30,
0,10567,classic,87,
0,10568,classic,30,
0,10569,classic,95,
0,10570,classic,64,
0,10571,classic,30,
0,10572,classic,23,
0,10573,classic,10,
0,10574,classic,8,
0,10575,classic,24,
0,10576,classic,35,
0,10577,classic,16,
0,10578,classic,20,
0,10579,classic,21,
0,10580,classic,40,
2315,10581,classic,48,
2312,10582,classic,72,
0,10583,classic,30,
0,10584,classic,16,
2309,10585,classic,28,
2265,10586,classic,80,
0,10587,classic,16,
0,10588,classic,16,
0,10589,classic,51,
0,10590,classic,30,
2316,10591,classic,13,
2316,10592,classic,16,
2316,10593,classic,32,
2316,10594,classic,32,
2316,10595,classic,32,
2316,10596,classic,16,
2316,10597,classic,43,
2310,10598,classic,48,
2313,10599,classic,128,
2313,10600,classic,128,
2314,10601,classic,48,
0,10602,classic,18,
0,10603,classic,32,
0,10604,classic,32,
0,10605,classic,32,
0,10606,classic,32,
0,10607,classic,32,
0,10608,classic,32,
0,10609,classic,32,
0,10610,classic,32,
0,10611,classic,32,
0,10612,classic,32,
0,10613,classic,34,
0,10614,classic,34,
0,10615,classic,34,
0,10616,classic,34,
0,10617,classic,34,
0,10618,classic,30,
0,10619,classic,30,
0,10620,classic,30,
0,10621,classic,30,
0,10622,classic,30,
0,10623,classic,13,
2311,10624,classic,24,
1905,10625,classic,20,
1905,10626,classic,68,
0,10627,classic,96,
2370,10628,classic,85,
2356,10629,classic,16,
2367,10630,classic,40,
2367,10631,classic,39,
2398,10632,classic,63,
2398,10633,classic,55,
2398,10634,classic,18,
2398,10635,classic,16,
2398,10636,classic,16,
2398,10637,classic,18,
2398,10638,classic,18,
2398,10639,classic,16,
2398,10640,classic,16,
2398,10641,classic,18,
2401,10642,classic,62,
2366,10643,classic,81,
2401,10644,classic,32,
2366,10645,classic,90,
0,10646,classic,23,
0,10647,classic,61,
2319,10648,classic,2,
2319,10649,classic,26,
0,10650,classic,15,
0,10651,classic,15,
2381,10652,classic,13,
0,10653,classic,10,
0,10654,classic,10,
2381,10655,classic,10,
2398,10656,classic,16,
2398,10657,classic,16,
2398,10658,classic,18,
2398,10659,classic,18,
2398,10660,classic,24,
2398,10661,classic,24,
0,10662,classic,9,
0,10663,classic,10,
2397,10664,classic,32,
2397,10665,classic,16,
2397,10666,classic,16,
2397,10667,classic,32,
2397,10668,classic,16,
2397,10669,classic,20,
2397,10670,classic,16,
2397,10671,classic,32,
2397,10672,classic,16,
2397,10673,classic,16,
2397,10674,classic,32,
2397,10675,classic,32,
2397,10676,classic,32,
2397,10677,classic,22,
2397,10678,classic,40,
2397,10679,classic,32,
2397,10680,classic,32,
2397,10681,classic,21,
2353,10682,classic,33,
2353,10683,classic,12,
2353,10684,classic,8,
2364,10685,classic,18,
2364,10686,classic,16,
2364,10687,classic,19,
2397,10688,classic,32,
2397,10689,classic,16,
2397,10690,classic,32,
2382,10691,classic,121,
2397,10692,classic,54,
2397,10693,classic,46,
2382,10694,classic,70,
2382,10695,classic,38,
2382,10696,classic,18,
2397,10697,classic,70,
2397,10698,classic,3,
2382,10699,classic,101,
2382,10700,classic,29,
2391,10701,classic,17,
2322,10702,classic,51,
2322,10703,classic,1,
0,10704,classic,25,
0,10705,classic,25,
0,10706,classic,58,
86,10707,classic,30,
2334,10708,classic,128,
0,10709,classic,138,
211,10710,classic,44,
0,10711,classic,138,
2334,10712,classic,128,
2399,10713,classic,119,
2376,10714,classic,80,
0,10715,classic,15,
0,10716,classic,15,
0,10717,classic,15,
0,10718,classic,15,
0,10719,classic,12,
0,10720,classic,12,
0,10721,classic,12,
0,10722,classic,12,
2358,10723,classic,10,
0,10724,classic,20,
0,10725,classic,31,
0,10726,classic,33,
0,10727,classic,14,
0,10728,classic,6,
0,10729,classic,8,
0,10730,classic,8,
0,10731,classic,47,
0,10732,classic,73,
0,10733,classic,47,
0,10734,classic,47,
0,10735,classic,76,
2378,10736,classic,43,
0,10737,classic,49,
0,10738,classic,47,
0,10739,classic,39,
0,10740,classic,73,
0,10741,classic,65,
0,10742,classic,24,
0,10743,classic,10,
0,10744,classic,30,
0,10745,classic,33,
2317,10746,classic,6,
0,10747,classic,18,
2362,10748,classic,43,
0,10749,classic,57,
2222,10750,classic,29,
2320,10751,classic,52,
2389,10752,classic,53,
0,10753,classic,53,
2332,10754,classic,23,
0,10755,classic,15,
0,10756,classic,15,
2387,10757,classic,126,
0,10758,classic,35,
2396,10759,classic,29,
2348,10760,classic,20,
2321,10761,classic,20,
2399,10762,classic,62,
2399,10763,classic,124,
2399,10764,classic,124,
2323,10765,classic,16,
2350,10766,classic,32,
2350,10767,classic,32,
0,10768,classic,80,
2222,10769,classic,70,
2399,10770,classic,57,
2394,10771,classic,61,
2399,10772,classic,256,
2386,10773,classic,136,
2355,10774,classic,10,
2386,10775,classic,8,
2393,10776,classic,33,
2347,10777,classic,1,
2347,10778,classic,103,
2341,10779,classic,1,
2341,10780,classic,110,
2343,10781,classic,1,
2343,10782,classic,111,
2342,10783,classic,1,
2342,10784,classic,105,
2335,10785,classic,1,
2335,10786,classic,102,
2337,10787,classic,1,
2337,10788,classic,100,
2336,10789,classic,1,
2336,10790,classic,99,
2344,10791,classic,1,
2344,10792,classic,135,
0,10793,classic,13,
0,10794,classic,11,
0,10795,classic,13,
0,10796,classic,11,
0,10797,classic,13,
0,10798,classic,11,
0,10799,classic,11,
0,10800,classic,35,
0,10801,classic,35,
2346,10802,classic,1,
2346,10803,classic,104,
2338,10804,classic,1,
2338,10805,classic,104,
2340,10806,classic,1,
2340,10807,classic,108,
2339,10808,classic,1,
2339,10809,classic,112,
2345,10810,classic,1,
2345,10811,classic,96,
2400,10812,classic,64,
2400,10813,classic,16,
2400,10814,classic,16,
2400,10815,classic,27,
2400,10816,classic,16,
2400,10817,classic,22,
2400,10818,classic,15,
2400,10819,classic,36,
2390,10820,classic,66,
2331,10821,classic,16,
0,10822,classic,15,
0,10823,classic,16,
0,10824,classic,16,
0,10825,classic,14,
2330,10826,classic,4,
2330,10827,classic,4,
2399,10828,classic,57,
2399,10829,classic,57,
0,10830,classic,27,
2375,10831,classic,24,
2375,10832,classic,71,
2385,10833,classic,45,
2363,10834,classic,1,
2363,10835,classic,109,
0,10836,classic,17,
2354,10837,classic,19,
2361,10838,classic,75,
2361,10839,classic,36,
2359,10840,classic,16,
0,10841,classic,36,
0,10842,classic,126,
0,10843,classic,117,
0,10844,classic,23,
0,10845,classic,15,
0,10846,classic,41,
0,10847,classic,41,
0,10848,classic,31,
0,10849,classic,15,
0,10850,classic,41,
0,10851,classic,15,
0,10852,classic,15,
0,10853,classic,112,
0,10854,classic,22,
0,10855,classic,13,
0,10856,classic,44,
0,10857,classic,16,
0,10858,classic,16,
2383,10859,classic,18,
2368,10860,classic,52,
2380,10861,classic,22,
2328,10862,classic,16,
2328,10863,classic,16,
2328,10864,classic,16,
0,10865,classic,139,
0,10866,classic,16,
0,10867,classic,80,
0,10868,classic,128,
0,10869,classic,92,
0,10870,classic,14,
0,10871,classic,32,
0,10872,classic,15,
0,10873,classic,18,
2222,10874,classic,95,
2222,10875,classic,101,
0,10876,classic,50,
2324,10877,classic,20,
2324,10878,classic,20,
2324,10879,classic,20,
2324,10880,classic,20,
0,10881,classic,95,
2397,10882,classic,16,
0,10883,classic,41,
2371,10884,classic,48,
0,10885,classic,16,
0,10886,classic,30,
0,10887,classic,17,
2377,10888,classic,20,
2377,10889,classic,4,
2327,10890,classic,25,
2327,10891,classic,25,
2327,10892,classic,25,
2326,10893,classic,148,
2333,10894,classic,114,
211,10895,classic,49,
2399,10896,classic,57,
2394,10897,classic,61,
0,10898,classic,24,
0,10899,classic,16,
2399,10900,classic,38,
2399,10901,classic,124,
2386,10902,classic,62,
2399,10903,classic,72,
2379,10904,classic,8,
1605,10905,classic,2,
2373,10906,classic,25,
2350,10907,classic,32,
2325,10908,classic,2,
2325,10909,classic,2,
2399,10910,classic,38,
2399,10911,classic,69,
2395,10912,classic,64,
0,10913,classic,27,
0,10914,classic,39,
0,10915,classic,16,
0,10916,classic,33,
2401,10917,classic,50,
2401,10918,classic,13,
2401,10919,classic,28,
2401,10920,classic,32,
2401,10921,classic,32,
2401,10922,classic,16,
2401,10923,classic,30,
2401,10924,classic,44,
2357,10925,classic,16,
2388,10926,classic,15,
2372,10927,classic,47,
2365,10928,classic,12,
2357,10929,classic,13,
2404,10930,classic,112,
2402,10931,classic,96,
2402,10932,classic,56,
2403,10933,classic,64,
2403,10934,classic,128,
2403,10935,classic,96,
2404,10936,classic,2,
3,10937,classic,138,
3,10938,classic,138,
1080,10939,classic,45,
1383,10940,classic,32,
1383,10941,classic,16,
431,10942,classic,9,
1291,10943,classic,26,
1628,10944,classic,81,
1628,10945,classic,16,
1628,10946,classic,24,
1628,10947,classic,24,
1628,10948,classic,12,
1291,10949,classic,122,
1291,10950,classic,10,
319,10951,classic,75,
319,10952,classic,38,
431,10953,classic,19,
1721,10954,classic,16,
1721,10955,classic,65,
1721,10956,classic,63,
1721,10957,classic,12,
1628,10958,classic,24,
1628,10959,classic,40,
1628,10960,classic,29,
0,10961,classic,28,
1628,10962,classic,24,
0,10963,classic,29,
1948,10964,classic,25,
2296,10965,classic,42,
2318,10966,classic,60,
2351,10967,classic,66,
0,10968,classic,28,
0,10969,classic,16,
0,10970,classic,28,
0,10971,classic,16,
0,10972,classic,28,
0,10973,classic,16,
0,10974,classic,12,
0,10975,classic,7,
2034,10976,classic,64,
0,10977,classic,24,
211,10978,classic,26,
2405,10979,classic,22,
0,10980,classic,24,
0,10981,classic,26,
0,10982,classic,17,
2399,10983,classic,25,
2360,10984,classic,15,
2360,10985,classic,15,
2399,10986,classic,124,
0,10987,classic,7,
0,10988,classic,22,
2399,10989,classic,13,
0,10990,classic,65,
2130,10991,classic,87,
0,10992,classic,24,
0,10993,classic,24,
0,10994,classic,17,
0,10995,classic,27,
2406,10996,classic,133,
2406,10997,classic,128,
2406,10998,classic,16,
2406,10999,classic,15,
2406,11000,classic,20,
2406,11001,classic,42,
2244,11002,classic,16,
2244,11003,classic,16,
2244,11004,classic,16,
2244,11005,classic,103,
2244,11006,classic,107,
0,11007,classic,38,
0,11008,classic,33,
2165,11009,classic,64,
0,11010,classic,50,
0,11011,classic,50,
0,11012,classic,21,
0,11013,classic,36,
2408,11014,classic,63,
2408,11015,classic,63,
2408,11016,classic,63,
2407,11017,classic,24,
2407,11018,classic,19,
0,11019,classic,107,
0,11020,classic,83,
0,11021,classic,107,
0,11022,classic,107,
0,11023,classic,52,
0,11024,classic,107,
0,11025,classic,107,
0,11026,classic,51,
2416,11027,classic,18,
0,11028,classic,20,
0,11029,classic,16,
0,11030,classic,16,
0,11031,classic,16,
2417,11032,classic,48,
0,11033,classic,50,
2412,11034,classic,28,
2415,11035,classic,23,
2416,11036,classic,16,
2416,11037,classic,32,
2416,11038,classic,78,
2416,11039,classic,59,
2416,11040,classic,16,
0,11041,classic,25,
0,11042,classic,18,
0,11043,classic,13,
0,11044,classic,63,
2411,11045,classic,84,
2413,11046,classic,137,
2413,11047,classic,16,
0,11048,classic,31,
2410,11049,classic,32,
2409,11050,classic,14,
0,11051,classic,24,
0,11052,classic,1,
0,11053,classic,16,
2414,11054,classic,1,
2414,11055,classic,1,
2414,11056,classic,73,
0,11057,classic,18,
2410,11058,classic,8,
1240,11059,classic,27,
0,11060,classic,24,
0,11061,classic,24,
0,11062,classic,28,
0,11063,classic,28,
0,11064,classic,15,
0,11065,classic,15,
0,11066,classic,8,
0,11067,classic,8,
0,11068,classic,30,
0,11069,classic,30,
0,11070,classic,16,
0,11071,classic,16,
2430,11072,classic,112,
2430,11073,classic,32,
2430,11074,classic,16,
2430,11075,classic,16,
2430,11076,classic,25,
2430,11077,classic,16,
2430,11078,classic,24,
2430,11079,classic,33,
2419,11080,classic,68,
2430,11081,classic,46,
2433,11082,classic,32,
2433,11083,classic,126,
2433,11084,classic,18,
2431,11085,classic,18,
2422,11086,classic,24,
2433,11087,classic,16,
0,11088,classic,17,
0,11089,classic,17,
2429,11090,classic,29,
0,11091,classic,32,
2430,11092,classic,16,
2430,11093,classic,25,
2430,11094,classic,16,
2430,11095,classic,16,
2430,11096,classic,16,
2430,11097,classic,16,
2428,11098,classic,4,
2428,11099,classic,8,
2428,11100,classic,17,
2423,11101,classic,24,
2423,11102,classic,16,
2423,11103,classic,12,
2430,11104,classic,33,
2418,11105,classic,33,
2418,11106,classic,33,
2430,11107,classic,33,
2430,11108,classic,40,
2418,11109,classic,26,
2427,11110,classic,8,
2432,11111,classic,30,
2432,11112,classic,29,
2432,11113,classic,17,
2432,11114,classic,48,
2432,11115,classic,32,
2432,11116,classic,14,
2432,11117,classic,19,
2432,11118,classic,48,
2432,11119,classic,32,
2432,11120,classic,29,
2432,11121,classic,22,
2432,11122,classic,29,
2432,11123,classic,17,
2432,11124,classic,48,
2432,11125,classic,32,
2426,11126,classic,14,
2421,11127,classic,25,
2420,11128,classic,14,
2429,11129,classic,26,
2432,11130,classic,16,
2432,11131,classic,16,
2432,11132,classic,16,
2432,11133,classic,20,
2424,11134,classic,40,
2424,11135,classic,35,
2432,11136,classic,20,
2425,11137,classic,8,
2433,11138,classic,109,
2433,11139,classic,32,
2433,11140,classic,30,
0,11141,classic,32,
0,11142,classic,16,
0,11143,classic,9,
0,11144,classic,10,
0,11145,classic,19,
0,11146,classic,32,
0,11147,classic,25,
0,11148,classic,20,
2434,11149,classic,46,
0,11150,classic,25,
0,11151,classic,25,
0,11152,classic,15,
0,11153,classic,15,
0,11154,classic,15,
