npc_id,npc_name,gameval,models,seed_seqs,framemaps,rig_match_seqs,rig_match_skeletal,animaya_skinned,strict_covers,name_match_seqs,name_matches_outside_rig
0,Hans,,40329 28785 28796 40370 28767 28810,9870 9869,0,3038,0,false,false,0,0
1,Man,,215 246 292 326 151 177 12138 181,808 819 820 821 822,0,3038,0,false,true,0,0
2,Man,,217 246 292 326 170 177 274 185,808 819 820 821 822,0,3038,0,false,false,0,0
3,Man,,235 253 292 326 151 177 267 181,808 819 820 821 822,0,3038,0,false,true,0,0
4,Woman,,390 456 332 10706 421 358,808 819 820 821 822,0,3038,0,false,true,0,0
5,Woman,,391 471 332 10706 419 358 414,808 819 820 821 822,0,3038,0,false,false,0,0
6,Woman,,393 456 40401 10706 435 414,808 819 820 821 822,0,3038,0,false,true,0,0
7,Farmer,,40333 40352 40364 40370 28767 28810 40319,7188 7191 7192 7193 7194,0,3038,0,false,false,0,0
8,Thief,,215 246 292 151 179 254 185 320,808 819 820 821 822,0,3038,0,false,false,0,0
9,Guard,,233 246 294 151 176 254 185 519 541,808 819 820 821 822,0,3038,0,false,false,0,0
10,Schoolgirl,,28599,7167 7165,1628,64,0,false,true,0,0
11,Tramp,,18190 203 11190 310 18126 10218 15005 18127,808 819 820 821 822,0,3038,0,false,false,0,0
12,Barbarian,,219 252 311 173 176 274 242 185 550,808 819 820 821 822,0,3038,0,false,false,0,0
13,Wizard,,215 181 246 292 170 176 265 202 3189 326,808 819 820 821 822,0,3038,0,false,false,0,0
14,Druid,,217 181 250 292 170 176 260,808 819 820 821 822,0,3038,0,false,true,0,0
15,Warrior woman,,390 468 337 353 432 361 376 519 541,808 819 820 821 822,0,3038,0,false,false,0,0
16,Man,,215 246 292 151 10218 254 181,808 819 820 821 822,0,3038,0,false,true,0,0
17,Schoolgirl,,28599,7167 7165,1628,64,0,false,true,0,0
18,Al-Kharid warrior,,40313,808 819 820 821 822,0,3038,0,false,false,0,0
19,White Knight,,11744 306 164 13318 546 268 4954,7047 7046 7045 7044 7043,0,3038,0,false,false,0,0
20,Paladin,,217 248 313 156 10218 268 185 518 541 3330,808 819 820 821 822,0,3038,0,false,false,0,0
21,Hero,,217 306 164 179 268 185 518 246 541,808 819 820 821 822,0,3038,0,false,false,0,0
22,Forester,,217 247 292 151 179 274 181 196 326 323 510,808 819 820 821 822,0,3038,0,false,false,0,0
23,Knight of Ardougne,,218 313 164 179 268 185 518 3330,808 819 820 821 822,0,3038,0,false,false,0,0
24,Man,,230 185 299 32592 179 267 252 321 186,808 819 820 821 822,0,3038,0,false,false,0,0
25,Woman,,378 361 462 341 10706 428 483 445,808 819 820 821 822,0,3038,0,false,false,0,0
26,Knight of Ardougne,,232 246 313 164 179 268 185 518 3330,819 820 821 822,0,3038,0,false,false,0,0
27,Archer,,220 185 253 296 151 179 262 563,808 819 820 821 822,0,3038,0,false,false,0,0
28,Zoo keeper,,215 292 250 151 10218 271 185 194 327 495,808 819 820 821 822,0,3038,0,false,false,0,0
29,Chuck,,210 250 315 173 179 271 185 196 510 280,808 819 820 821 822,0,3038,0,false,false,0,0
30,Barman,,230 247 299 32592 176 254 185 321,808 819 820 821 822,0,3038,0,false,false,0,0
31,Priest,,223 249 292 162 176 265 185 325,808 819 820 821 822,0,3038,0,false,false,0,0
32,Guard,,225 301 162 179 274 185 502,808 819 820 821 822,0,3038,0,false,false,0,0
33,Door man,,214 252 295 323 283 170 176 268 183,808 819 820 821 822,0,3038,0,false,false,0,0
34,Watchman,,219 301 167 179 274 185 249,808 819 820 821 822,0,3038,0,false,false,0,0
35,Soldier,,219 301 167 179 274 185 249 518,808 819 820 821 822,0,3038,0,false,false,0,0
36,Wyson the gardener,,230 253 11761 10301 179 40270 185 4843 496,808 819 820 821 822,0,3038,0,false,false,0,0
37,Sigbert the Adventurer,,313 208 167 268 185 179 250 323 553 3330,813 819 820 821 822,0,3038,0,false,false,0,0
38,Shipyard worker,,215 247 305 151 179 254 185,808 819 820 821 822,0,3038,0,false,false,0,0
39,Shipyard worker,,230 246 305 173 179 271 185 491,808 819 820 821 822,0,3038,0,false,false,0,0
40,Shark,,2848,10,335,3,0,false,false,0,0
41,Chicken,,23905,5386 5385,1255,13,0,false,true,0,0
42,Sheep,,20283 20289 20285,5339 5340,1247,13,0,false,false,0,0
43,Sheep,,20290 20291,5335 5334,1247,13,0,false,false,0,0
44,Banker,,215 246 17365 163 10218 12138 181,808,0,3038,0,false,true,0,0
45,Banker,,378 25868 343 353 433 358,808,0,3038,0,false,true,0,0
46,Duck,,26873,6818 6817,1539,15,0,false,false,0,0
47,Rat,,9610,2704 2703,326,6,0,false,true,0,0
48,Oomlie bird,,23905,5386 5385,1255,13,0,false,true,0,0
49,Hellhound,,26256,6561 6583,1491,53,0,false,true,0,0
50,King Black Dragon,,17414 17415 17429 17422,90 4635,1080,54,0,false,true,0,0
51,Baby dragon,,17411 17427 17421,27 21,1080,54,0,false,true,0,0
52,Baby blue dragon,,17411 17427 17421,27 21,1080,54,0,false,true,0,0
53,Red dragon,,17407 17425 17418,90 79,1080,54,0,false,true,0,0
54,Black dragon,,17407 17425 17418,90 79,1080,54,0,false,true,0,0
55,Blue dragon,,17408 17425 17418,90 79,1080,54,0,false,true,0,0
56,Dryad,,2856,96 93,295,5,0,false,false,0,0
57,Fairy,,2857,112 106,299,13,0,false,false,0,0
58,Shadow spider,,20309 20312,5326 5325,1248,24,0,false,true,0,0
59,Giant spider,,20309 20311,5326 5325,1248,24,0,false,true,0,0
60,Giant spider,,20309 20310,5326 5325,1248,24,0,false,true,0,0
61,Spider,,24613,6247 6248,1427,5,0,false,false,0,0
62,Jungle spider,,20315 20313,5326 5325,1248,24,0,false,true,0,0
63,Deadly red spider,,20309 20312,5326 5325,1248,24,0,false,true,0,0
64,Ice spider,,20303 20304,5326 5325,1248,24,0,false,true,0,0
65,Leprechaun,,2909 2896 2915,195 189,319,88,0,false,true,0,0
66,Gnome,,2909 2890 2915,195 189,319,88,0,false,true,0,0
67,Gnome,,2909 2890 2915,195 189,319,88,0,false,true,0,0
68,Gnome,,2909 2890 2915,195 189,319,88,0,false,true,0,0
69,Lizard man,,2888,179 176,316,5,0,false,false,0,0
70,,,,10898 10899,0,3038,0,false,true,0,0
71,Orc,,2926,232 229,322,5,0,false,true,0,0
72,Troll,,3752,286 283,461,49,0,false,true,0,0
73,Zombie,,21104 21057 21037 21086 21113 21073 21140,5565 5566 5790 5788 5789,1288,32,0,false,true,0,0
74,Zombie,,21002 20971 20964 21000 21028 20982 21029,5576 5577 5793 5792 5791,1288,32,0,false,true,0,0
75,Zombie,,21102 21058 21040 21087 21116 21073 21136,5572 5570 5790 5788 5789,1288,32,0,false,true,0,0
76,Zombie,,21104 21057 21037 21086 21113 21073 21133,5572 5570 5790 5788 5789,1288,32,0,false,true,0,0
77,Summoned Zombie,,21111 21067 21049 21098 21125 21081 21140,5565 5566 5790 5788 5789,1288,32,0,false,true,0,0
78,Giant bat,,18898,4914 4913,1153,17,0,false,false,0,0
79,Death wing,,18897,4914 4913,1153,17,0,false,false,0,0
80,Camel,,38647,9669 9670,2163,13,0,false,false,0,0
81,Cow,,23889,5852 5848,1338,21,0,false,true,0,0
82,Lesser demon,,17375 17391 17384 17388,66 63,1078,30,0,false,false,0,0
83,Greater demon,,17375 17391 17384 17399,66 63,1078,30,0,false,false,0,0
84,Black demon,,17375 17391 17384 17399,66 63,1078,30,0,false,false,0,0
85,Golem,,2969,155 152,310,7,0,false,true,0,0
86,Giant rat,,18891 18889 18894,4932 4931,1152,10,0,false,false,0,0
87,Giant rat,,18891 18889 18894,4932 4931,1152,10,0,false,false,0,0
88,Dungeon rat,,18891 18889 18894,4932 4931,1152,10,0,false,false,0,0
89,Unicorn,,25755,6374 6373,1472,9,0,false,false,0,0
90,Skeleton,,21175 21160 21157 21182 21201 21187,5483 5481,1291,57,0,false,true,0,0
91,Skeleton,,21175 21160 21157 21182 21201 21187,5483 5481,1291,57,0,false,true,0,0
92,Skeleton,,21170 21178 21159 21156 21180 21202 21187,5483 5481,1291,57,0,false,true,0,0
93,Skeleton,,21165,5493 5497,1291,57,0,false,true,0,0
94,Skeleton Mage,,21193,5483 5479,1291,57,0,false,true,0,0
95,Wolf,,26266,6580 6556,1491,53,0,false,false,0,0
96,White wolf,,26266,6580 6556,1491,53,0,false,false,0,0
97,White wolf,,26266,6580 6556,1491,53,0,false,false,0,0
98,Dog,,26253,6561 6560,1491,53,0,false,false,0,0
99,Guard dog,,26255,6561 6560,1491,53,0,false,true,0,0
100,Goblin,,24458 24482 24431 24472 24441 24448,6181 6180,1415,82,0,false,true,0,0
101,Goblin,,24455 24482 24431 24474 24441 24448 24507,6186 6187,1415,82,0,false,false,0,0
102,Goblin,,24465 24483 24432 24475 24441 24449,6181 6180,1415,82,0,false,false,0,0
103,Ghost,,21154,5538 5539,1290,13,0,false,true,0,0
104,Ghost,,21144,5530 5531,1289,22,0,false,true,0,0
105,Grizzly bear,,18884,4919 4923,1151,20,0,false,false,0,0
106,Black bear,,18882,4919 4923,1151,20,0,false,false,0,0
107,Scorpion,,24609,6252 6253,1426,21,0,false,true,0,0
108,Poison Scorpion,,24609,6252 6253,1426,21,0,false,true,0,0
109,Pit Scorpion,,24612,6258 6257,1426,21,0,false,false,0,0
110,Fire giant,,17452 17437,4662 4660,1081,30,0,false,true,0,0
111,Ice giant,,17453 17442,4670 4669,1081,30,0,false,true,0,0
112,Moss giant,,17455 17439,4656 4654,1081,30,0,false,true,0,0
113,Jogre,,2870 2866,130 127,302,8,0,false,true,0,0
114,Mogre,,2876 9809 9808,357 358,321,23,0,false,false,0,0
115,Ogre,,2878 2876,357 358,321,23,0,false,false,0,0
116,Cyclops,,26408 17446 17432 17466,4650 4649,1081,30,0,false,true,0,0
117,Hill Giant,,17463 17446 17430 17466,4650 4649,1081,30,0,false,true,0,0
118,Dwarf,,2970 2981 2979 2983 2985 2990,101 98,297,51,0,false,false,0,0
119,Chaos dwarf,,2970 2982 2977 2983 2985 2989 2993 2991,101 98,297,51,0,false,false,0,0
120,Dwarf,,2970 2980 2978 2984 2985 2993,101 98,297,51,0,false,false,0,0
121,Dwarf,,2970 2980 2978 2984 2985 2993,101 98,297,51,0,false,false,0,0
122,Hobgoblin,,2994,166 162,312,10,0,false,false,0,0
123,Hobgoblin,,2994 2995,166 162,312,10,0,false,false,0,0
124,Earth warrior,,32091,808 819 820 821 822,0,3038,0,false,false,0,0
125,Ice warrior,,213 306 164 176 268 184 511,842 841,0,3038,0,false,false,0,0
126,Otherworldly being,,202 292 170 260,808 819 820 821 822,0,3038,0,false,true,0,0
127,Magic axe,,3000,187 181,317,12,0,false,true,0,0
128,Snake,,3002,277 274,340,9,0,false,false,0,0
129,Skavid,,20388,257 254,337,6,0,false,true,0,0
130,Yeti,,3001,296 293,377,5,0,false,false,0,0
131,Penguin,,21547,5668 5666,1310,58,0,false,true,0,0
132,Monkey,,3004,222 219,320,6,0,false,true,0,0
133,Black unicorn,,25754,6374 6373,1472,9,0,false,false,0,0
134,Poison spider,,20315 20316,5326 5325,1248,24,0,false,true,0,0
135,Mammoth,,3005,306 303,318,5,0,false,false,0,0
136,Mounted terrorchick gnome,,26854,6798 6799,1533,26,0,false,false,0,0
137,Terrorchick gnome,,26859,6798 6799,1533,26,0,false,false,0,0
138,Terrorbird,,26856,1008 1007,1533,26,0,false,true,0,0
139,Terrorbird,,26856,1008 1007,1533,26,0,false,true,0,0
140,Souless,,2958,337 336,341,5,0,false,false,0,0
141,Big Wolf,,26264,6580 6556,1491,53,0,false,true,0,0
142,Wolf,,26266,6580 6556,1491,53,0,false,false,0,0
143,Jungle Wolf,,26265,6580 6556,1491,53,0,false,true,0,0
144,King Scorpion,,24611,6252 6253,1426,21,0,false,true,0,0
145,Ice warrior,,213 306 164 176 268 184 511,842 841,0,3038,0,false,false,0,0
146,Gull,,26841,6771 6773,1538,18,0,false,true,0,0
147,Cormorant,,26840,6772,1538,18,0,false,true,0,0
148,Pelican,,26846,6772 6774,1538,18,0,false,false,0,0
149,Gull,,26841,6771 6773,1538,18,0,false,true,0,0
150,Gull,,26841,6771 6773,1538,18,0,false,true,0,0
151,Fly trap,,14207,,,0,0,false,false,0,0
152,,,,,,0,0,false,false,0,0
153,Butterfly,,3022,362,278,1,0,false,false,0,0
154,Butterfly,,3023,362,278,1,0,false,false,0,0
155,Butterfly,,3023,362,278,1,0,false,false,0,0
156,Butterfly,,3023,362,278,1,0,false,false,0,0
157,Butterfly,,3023,362,278,1,0,false,false,0,0
158,Shadow warrior,,213 306 164 179 268 184 550,842 841,0,3038,0,false,false,0,0
159,Gnome child,,2909 2899 2918,195 189,319,88,0,false,true,0,0
160,Gnome child,,2909 2899 2918,195 189,319,88,0,false,true,0,0
161,Gnome child,,2909 2899 2918,195 189,319,88,0,false,true,0,0
162,Gnome trainer,,2909 2890 2922,195 189,319,88,0,false,true,0,0
163,Gnome guard,,2909 2893 2915,195 189,319,88,0,false,true,0,0
164,Gnome guard,,2909 2892 2922,195 189,319,88,0,false,true,0,0
165,Gnome shop keeper,,2909 2901 2917,195 189,319,88,0,false,false,0,0
166,Gnome banker,,2909 2900 2915,195,319,88,0,false,true,0,0
167,Gnome baller,,2914 2905 2924,195 189,319,88,0,false,true,0,0
168,Gnome woman,,2911 2907 2917,195 189,319,88,0,false,true,0,0
169,Gnome woman,,2911 2907 2917,195 189,319,88,0,false,true,0,0
170,Man,,215 246 292 3707 151 176 3711 254 181,813 1146 820 821 822,0,3038,0,false,false,0,0
171,Brimstail,,17000 16986 17014 17007,195 189,319,88,0,false,false,0,0
172,Dark wizard,,208 181 251 292 170 176 265,808 819 820 821 822,0,3038,0,false,false,0,0
173,Invrigar the Necromancer,,208 181 251 292 170 176 265,808 819 820 821 822,0,3038,0,false,false,0,0
174,Dark wizard,,208 181 246 292 170 176 265,808 819 820 821 822,0,3038,0,false,false,0,0
175,Mugger,,20749 310 9450 176 25665,808 819 820 821 822,0,3038,0,false,false,0,0
176,Witch,,405 470 348 353 428 361 377,808 819 820 821 822,0,3038,0,false,false,0,0
177,Witch,,405 470 348 353 428 361 377,808 819 820 821 822,0,3038,0,false,false,0,0
178,Black Knight,,218 306 164 179 268 185 518,808 819 820 821 822,0,3038,0,false,false,0,0
179,Black Knight,,218 306 164 179 268 185 518,808 819 820 821 822,0,3038,0,false,false,0,0
180,Highwayman,,215 246 292 170 176 254 185 243 323 519,808 819 820 821 822,0,3038,0,false,false,0,0
181,Chaos druid,,31572 31595 31600 31578 31588 31606,8528 8527,0,3038,0,false,false,0,0
182,Pirate,,28786 28802 28749 28758 28773 28806 28763,7188 7191 7192 7193 7194,0,3038,0,false,true,0,0
183,Pirate,,28780 28803 28752 28756 28776 28807,7188 7191 7192 7193 7194,0,3038,0,false,false,0,0
184,Pirate,,28789 28797 28754 28756 28774 28807,7188 7191 7192 7193 7194,0,3038,0,false,true,0,0
185,Pirate,,388 469 348 353 434 417 410 490,808 819 820 821 822,0,3038,0,false,false,0,0
186,Thug,,215 248 299 159 176 254 181 533,808 819 820 821 822,0,3038,0,false,true,0,0
187,Rogue,,230 248 311 32592 176 254 181 533,808 819 820 821 822,0,3038,0,false,false,0,0
188,Monk of Zamorak,,230 246 292 170 176 256,808 819 820 821 822,0,3038,0,false,false,0,0
189,Monk of Zamorak,,230 181 246 292 170 176 260,808 819 820 821 822,0,3038,0,false,true,0,0
190,Monk of Zamorak,,208 246 292 170 176 256,808 819 820 821 822,0,3038,0,false,false,0,0
191,Tribesman,,231 181 246 315 173 176 279 540 201,813 819 820 821 822,0,3038,0,false,true,0,0
192,Dark warrior,,219 306 164 179 268 185 518 246,808 819 820 821 822,0,3038,0,false,false,0,0
193,Chaos druid warrior,,206 181 246 294 170 176 260 502,808 819 820 821 822,0,3038,0,false,true,0,0
194,Necromancer,,230 181 250 292 170 176 260 328,808 819 820 821 822,0,3038,0,false,true,0,0
195,Bandit,,215 248 292 151 176 254 185 243 323 518,808 819 820 821 822,0,3038,0,false,false,0,0
196,Guard Bandit,,215 248 292 151 176 254 185 243 323 518 517,808 819 820 821 822,0,3038,0,false,false,0,0
197,Barbarian guard,,219 252 301 159 176 274 242 185 550,808 819 820 821 822,0,3038,0,false,false,0,0
198,Guildmaster,,12137 253 306 317 164 179 518 4047 268 185,808 819 820 821 822,0,3038,0,false,false,0,0
199,Gunthor the Brave,,11759 11764 11727 11732 11793 11810 11736 11743 11750,808 819 820 821 822,0,3038,0,false,false,0,0
200,Lord Daquarius,,217 246 3379 317 164 40732 268 4954,808 819 820 821 822,0,3038,0,false,false,0,0
201,Jailer,,230 306 268 253 185 156 179,808 819 820 821 822,0,3038,0,false,false,0,0
202,Black Heather,,401 456 348 353 435 490 481,808 819 820 821 822,0,3038,0,false,true,0,0
203,Donny the Lad,,235 246 292 151 176 254 185 243 323 490,808 819 820 821 822,0,3038,0,false,false,0,0
204,Speedy Keith,,206 249 292 151 176 254 185 243 323 490,808 819 820 821 822,0,3038,0,false,false,0,0
205,Salarin the Twisted,,203 181 250 292 170 176 260,808 819 820 821 822,0,3038,0,false,true,0,0
206,Guard,,2971 2986 7051 7040 7043 7065 2993,101 98,297,51,0,false,false,0,0
207,Lollk,,2976 2981 2979 2983 2985,101 98,297,51,0,false,false,0,0
208,Captain Lawgof,,7029 6020 7050 7039 2991 7042,101 98,297,51,0,false,false,0,0
209,Nulodion,,7030 7062 2978 7044 2985,101 98,297,51,0,false,false,0,0
210,Grail Maiden,,384 456 343 353 421 358 446,808 819 820 821 822,0,3038,0,false,true,0,0
211,Sir Percival,,232 306 164 179 268 185 246 318,808 819 820 821 822,0,3038,0,false,false,0,0
212,King Percival,,232 306 164 179 268 185 246 318 192 323,808 819 820 821 822,0,3038,0,false,false,0,0
213,Merlin,,20399 214 250 20405 3189 20395 177 20402 181,813 819 820 821 822,0,3038,0,false,false,0,0
214,Peasant,,230 310 32593 10218 275 185 247,808 819 820 821 822,0,3038,0,false,false,0,0
215,Peasant,,230 310 32593 10218 275 185 247,808 819 820 821 822,0,3038,0,false,false,0,0
216,High Priest,,223 246 284 292 9607 170 10218 265 8919,808 819 820 821 822,0,3038,0,false,false,0,0
217,Crone,,378 462 346 356 426 361,808 819 820 821 822,0,3038,0,false,false,0,0
218,Galahad,,223 295 162 176 265 185 284 249,808 819 820 821 822,0,3038,0,false,false,0,0
219,Fisherman,,230 299 151 179 267 185 194 251 562 236 320,808 819 820 821 822,0,3038,0,false,false,0,0
220,The Fisher King,,215 14440 165 179 268 185 534 252 192 323,813 819 820 821 822,0,3038,0,false,false,0,0
221,Black Knight Titan,,2864 2872,130 127,302,8,0,false,true,0,0
222,Monk,,230 8919 246 292 170 176 260,808 819 820 821 822,0,3038,0,false,false,0,0
223,Brother Kojo,,223 181 246 292 170 176 260,808 819 820 821 822,0,3038,0,false,true,0,0
224,Dungeon rat,,18891 18889 18894,4932 4931,1152,10,0,false,false,0,0
225,Bonzo,,14339 230 246 14383 10980 10218 14380 14375,808 819 820 821 822,0,3038,0,false,false,0,0
226,,,,808 819 820 821 822,0,3038,0,false,true,0,0
227,Morris,,14340 247 10705 14373 177 14377,3845,0,3038,0,false,false,0,0
228,Big Dave,,14339 40230 252 299 321 167 179 562 14381 14376,808 819 820 821 822,0,3038,0,false,false,0,0
229,Joshua,,12137 246 9606 10984 33034 179 562 14378 7607,808 819 820 821 822,0,3038,0,false,false,0,0
230,Grandpa Jack,,40230 250 14384 3189 10980 177 14381 14376 194,808 819 820 821 822,0,3038,0,false,false,0,0
231,Forester,,217 247 292 151 179 274 181 196 326 323 510,808 819 820 821 822,0,3038,0,false,false,0,0
232,Austri,,2970 2984 2978 2990 2980 2985,101 98,297,51,0,false,false,0,0
233,Fishing spot,,36844,9645,2130,3,0,false,false,0,0
234,Fishing spot,,36844,9645,2130,3,0,false,false,0,0
235,Fishing spot,,36844,9645,2130,3,0,false,false,0,0
236,Fishing spot,,36844,9645,2130,3,0,false,false,0,0
237,Renegade Knight,,27129 25685,6927 6928,0,3038,0,false,false,0,0
238,Thrantax the Mighty,,21154,5538 5539,1290,13,0,false,true,0,0
239,Sir Lancelot,,27191 27195 27203,808 819 820 821 822,0,3038,0,false,false,0,0
240,Sir Gawain,,27125 27194 27203,813 819 820 821 822,0,3038,0,false,false,0,0
241,Sir Kay,,27130 27200 27203,813 819 820 821 822,0,3038,0,false,false,0,0
242,Sir Bedivere,,27191 27202,808 819 820 821 822,0,3038,0,false,false,0,0
243,Sir Tristram,,27127 27195 27203,808 819 820 821 822,0,3038,0,false,false,0,0
244,Sir Pelleas,,27125 27196 27203,808 819 820 821 822,0,3038,0,false,false,0,0
245,Sir Lucan,,27126 27195 27203,808 819 820 821 822,0,3038,0,false,false,0,0
246,Teapotspout,,8728 215 253 9638 8732 8726 8730 8727 290 4610,8943,0,3038,0,false,false,0,0
247,Sir Mordred,,27128 25685 27199,6487 6486,0,3038,0,false,false,0,0
248,Morgan Le Faye,,390 27555 353 27556 14589 414,813 819 820 821 822,0,3038,0,false,true,0,0
249,Merlin,,20399 214 250 20405 3189 20395 177 20402 181,813 819 820 821 822,0,3038,0,false,false,0,0
250,The Lady of the Lake,,390 456 332 353 421 358 417,808 819 820 821 822,0,3038,0,false,true,0,0
251,King Arthur,,27193 27197 27203,808 819 820 821 822,0,3038,0,false,false,0,0
252,Beggar,,230 308 33034 10218 275 181 250,808 819 820 821 822,0,3038,0,false,true,0,0
253,Khazard Guard,,6848 252 22314 152 177 550 176 8748 181,808 819 820 821 822,0,3038,0,false,true,0,0
254,Khazard Guard,,18192 22163 22315 22333 177 550 176 40258 181,808 819 820 821 822,0,3038,0,false,true,0,0
255,Khazard Guard,,22311 246 22314 152 177 8748 181 550,808 819 820 821 822,0,3038,0,false,true,0,0
256,Khazard Guard,,22311 253 22314 152 177 550 176 8748 181,808 819 820 821 822,0,3038,0,false,true,0,0
257,Khazard Guard,,230 252 22314 152 177 550 176 8748 181,808 819 820 821 822,0,3038,0,false,true,0,0
258,General Khazard,,22310 22313 22316 22307 22309 22318 22312 22308,808 819 820 821 822,0,3038,0,false,false,0,0
259,Khazard barman,,230 247 292 151 10218 254 181 326,808 819 820 821 822,0,3038,0,false,false,0,0
260,Kelvin,,214 246 310 151 176 275 33033,808 819 820 821 822,0,3038,0,false,false,0,0
261,Joe,,206 246 310 151 176 275 33033 326,808 819 820 821 822,0,3038,0,false,false,0,0
262,Fightslave,,214 246 310 151 176 275 33033,808 819 820 821 822,0,3038,0,false,false,0,0
263,Hengrad,,230 246 310 151 176 275 33033,808 819 820 821 822,0,3038,0,false,false,0,0
264,Lady Servil,,378 40639 25868 40399 353 11119 358,808 819 820 821 822,0,3038,0,false,true,0,0
265,Jeremy Servil,,28596,7158 7160,1628,64,0,false,false,0,0
266,Jeremy Servil,,28596,7158 7160,1628,64,0,false,false,0,0
267,Justin Servil,,230 250 40191 40168 177 176 275 19943,808 819 820 821 822,0,3038,0,false,false,0,0
268,Local,,230 249 236 299 167 179 275 185,808 819 820 821 822,0,3038,0,false,false,0,0
269,Bouncer,,26257,6580 6582,1491,53,0,false,true,0,0
270,Khazard Ogre,,2880 2876,357 358,321,23,0,false,false,0,0
271,Khazard Scorpion,,24610,6252 6262,1426,21,0,false,false,0,0
272,Lucien,,10375 246 9983 10374 11732 25683 10000 181,6469 6468,0,3038,0,false,false,0,0
273,Lucien,,10375 246 9983 10374 11732 25683 10000 181,6469 6468,0,3038,0,false,false,0,0
274,Guardian of Armadyl,,214 313 268 162 176 323 185 250 518 523 3330,808 819 820 821 822,0,3038,0,false,false,0,0
275,Guardian of Armadyl,,390 456 432 343 353 481 361 482 518 523,808 819 820 821 822,0,3038,0,false,false,0,0
276,Winelda,,393 377 462 348 10706 481 440 454 534,813 819 820 821 822,0,3038,0,false,false,0,0
277,Fire Warrior of Lesarkus,,230 14441 268 163 176 328 323 246 184,808 819 820 821 822,0,3038,0,false,false,0,0
278,Cook,,40332 40353 40343 40364 40370 28804,9870 9869,0,3038,0,false,true,0,0
279,Brother Omad,,223 181 246 299 170 176 260,808 819 820 821 822,0,3038,0,false,true,0,0
280,Brother Cedric,,223 181 246 299 170 176 260,808 819 820 821 822,0,3038,0,false,true,0,0
281,Monk,,223 181 246 299 170 176 260,808 819 820 821 822,0,3038,0,false,true,0,0
282,Thief,,215 246 311 169 179 254 185 519,808 819 820 821 822,0,3038,0,false,false,0,0
283,Head Thief,,215 247 311 169 179 254 185 518,808 819 820 821 822,0,3038,0,false,false,0,0
284,Doric,,2971 2986 10825 2979 2993 7046 2985,101 98,297,51,0,false,false,0,0
285,Veronica,,399 446 470 9359 10706 8784 358,808 819 820 821 822,0,3038,0,false,false,0,0
286,Professor Oddenstein,,10981 247 9622 170 10218 274 185,808 819 820 821 822,0,3038,0,false,false,0,0
287,Ernest,,217 246 10077 326 9450 176 274 185,808 819 820 821 822,0,3038,0,false,false,0,0
288,Chicken,,7728,2298 2297,332,6,0,false,true,0,0
289,Councillor Halgrive,,215 238 247 292 170 176 254 181 320,808 819 820 821 822,0,3038,0,false,false,0,0
290,Doctor Orbon,,230 273 246 305 151 179 245 561,808 819 820 821 822,0,3038,0,false,false,0,0
291,Farmer Brumty,,217 194 251 310 167 176 271 181,808 819 820 821 822,0,3038,0,false,false,0,0
292,,,,5335 5334,1247,13,0,false,true,0,0
293,,,,5335 5334,1247,13,0,false,true,0,0
294,,,,5335 5334,1247,13,0,false,true,0,0
295,,,,5335 5334,1247,13,0,false,true,0,0
296,Guard,,28867 28869 28873,7222 7223,1631,15,0,false,false,0,0
297,Guard,,28867 28871 28872,7222 7224,1631,15,0,false,false,0,0
298,Guard,,28867 28869 28874,7222 7223,1631,15,0,false,false,0,0
299,Guard,,28867 28868 28873,7217 7216,1631,15,0,false,false,0,0
300,Sedridor,,214 181 250 292 170 176 265 202 534 290,813 819 820 821 822,0,3038,0,false,false,0,0
301,Twig,,1644,,,0,0,false,false,0,0
302,Hadley,,215 181 250 299 32592 10218 254 329 245,808 819 820 821 822,0,3038,0,false,true,0,0
303,Gerald,,230 250 292 151 176 254 181,808 819 820 821 822,0,3038,0,false,true,0,0
304,Almera,,390 456 332 10706 429 358,808 819 820 821 822,0,3038,0,false,true,0,0
305,Hudon,,28604 28639 28653 28611 28624 28673,7158 7160,1628,64,0,false,false,0,0
306,Golrie,,2900 2914 2915,195 189,319,88,0,false,true,0,0
307,Hetty,,42696,808 819 820 821 822,0,3038,0,false,false,0,0
308,Master fisher,,230 244 248 295 162 176 274 185 18933,808 819 820 821 822,0,3038,0,false,false,0,0
309,Fishing spot,,36844,9645,2130,3,0,false,false,0,0
310,Fishing spot,,36844,9645,2130,3,0,false,false,0,0
311,Fishing spot,,36844,9645,2130,3,0,false,false,0,0
312,Fishing spot,,36844,9645,2130,3,0,false,false,0,0
313,Fishing spot,,36844,9645,2130,3,0,false,false,0,0
314,Fishing spot,,36844,9645,2130,3,0,false,false,0,0
315,Fishing spot,,36844,9645,2130,3,0,false,false,0,0
316,Fishing spot,,36844,9645,2130,3,0,false,false,0,0
317,Fishing spot,,36844,9645,2130,3,0,false,false,0,0
318,Fishing spot,,36844,9645,2130,3,0,false,false,0,0
319,Fishing spot,,36844,9645,2130,3,0,false,false,0,0
320,Fishing spot,,36844,9645,2130,3,0,false,false,0,0
321,Fishing spot,,36844,9645,2130,3,0,false,false,0,0
322,Fishing spot,,36844,9645,2130,3,0,false,false,0,0
323,Fishing spot,,36844,9645,2130,3,0,false,false,0,0
324,Fishing spot,,36844,9645,2130,3,0,false,false,0,0
325,Fishing spot,,36844,9645,2130,3,0,false,false,0,0
326,Fishing spot,,36844,9645,2130,3,0,false,false,0,0
327,Fishing spot,,36844,9645,2130,3,0,false,false,0,0
328,Fishing spot,,36844,9645,2130,3,0,false,false,0,0
329,Fishing spot,,36844,9645,2130,3,0,false,false,0,0
330,Fishing spot,,36844,9645,2130,3,0,false,false,0,0
331,Fishing spot,,36844,9645,2130,3,0,false,false,0,0
332,Fishing spot,,36844,9645,2130,3,0,false,false,0,0
333,Fishing spot,,36844,9645,2130,3,0,false,false,0,0
334,Fishing spot,,36844,9645,2130,3,0,false,false,0,0
335,,,,808 819 820 821 822,0,3038,0,false,true,0,0
336,Da Vinci,,9618 217 9620 292 317 162 10218 9461 6090 9617 4391,808 819 820 821 822,0,3038,0,false,false,0,0
337,Da Vinci,,28002,1322 1323 1324 1325 1326,0,3038,0,false,true,0,0
338,Chancy,,217 246 292 5432 170 10218 9623 264 4391,2713,0,3038,0,false,false,0,0
339,Chancy,,26844,1322 1323 1324 1325 1326,0,3038,0,false,true,0,0
340,Hops,,6848 250 299 9621 170 10218 3876 274 181 9607,2712 819 820 821 822,0,3038,0,false,false,0,0
341,Hops,,6848 250 299 9621 170 10218 6098 274 181 9607,1322 1323 1324 1325 1326,0,3038,0,false,false,0,0
342,Guidor's wife,,378 25713 25697 353 421 358,808 819 820 821 822,0,3038,0,false,true,0,0
343,Guidor,,230 253 25673 25664,4780,0,3038,0,false,false,0,0
344,Guard,,208 185 248 311 151 179 254 276 502 541,808 819 820 821 822,0,3038,0,false,false,0,0
345,Guard,,208 185 248 311 151 179 254 276 16846,4591 4226 4227 821 822,0,3038,0,false,false,0,0
346,Guard,,208 185 248 311 151 179 254 276 16846,4591 4226 4227 821 822,0,3038,0,false,false,0,0
347,Mourner,,212 295 150 273 185 323 553,813 819 820 821 822,0,3038,0,false,false,0,0
348,Mourner,,212 295 150 273 185 323,808 819 820 821 822,0,3038,0,false,false,0,0
349,Kilron,,208 185 250 311 162 179 274,808 819 820 821 822,0,3038,0,false,false,0,0
350,Omart,,207 185 252 311 163 179 274,808 819 820 821 822,0,3038,0,false,false,0,0
351,Man,,215 185 249 310 173 176 275,808 819 820 821 822,0,3038,0,false,false,0,0
352,Woman,,408 361 474 332 353 438,808 819 820 821 822,0,3038,0,false,false,0,0
353,Woman,,390 474 40401 10706 438 358,808 819 820 821 822,0,3038,0,false,false,0,0
354,Woman,,378 474 351 353 438 358,808 819 820 821 822,0,3038,0,false,false,0,0
355,Child,,28603 28640 28657 28611 28612 28669,7158 7160,1628,64,0,false,false,0,0
356,Child,,28603 28640 28657 28611 28612 28669,7158 7160,1628,64,0,false,false,0,0
357,Mourner,,212 295 150 273 185 323 553,813 819 820 821 822,0,3038,0,false,false,0,0
358,Priest,,230 181 250 292 170 176 260,808 819 820 821 822,0,3038,0,false,true,0,0
359,Man,,230 185 250 299 32592 179 275,808 819 820 821 822,0,3038,0,false,false,0,0
360,Woman,,399 474 351 353 437 358,808 819 820 821 822,0,3038,0,false,false,0,0
361,Woman,,404 478 40401 353 437 358,808 819 820 821 822,0,3038,0,false,true,0,0
362,Woman,,404 11360 40401 10706 437 358,808 819 820 821 822,0,3038,0,false,true,0,0
363,Woman,,399 455 40401 10706 437 358,808 819 820 821 822,0,3038,0,false,true,0,0
364,King Lathas,,230 185 251 313 160 176 267 1808 323,808 819 820 821 822,0,3038,0,false,false,0,0
365,Paladin,,225 185 313 164 179 268 323 241 518 523 3330,808 819 820 821 822,0,3038,0,false,false,0,0
366,Jerico,,214 250 315 33034 10218 267 185 280,808 819 820 821 822,0,3038,0,false,false,0,0
367,Chemist,,9452 9619 246 9622 163 10218 4226 4218,808 819 820 821 822,0,3038,0,false,false,0,0
368,Guard,,25854 230 246 299 25857 25852 19332 18194 14848 25687,813 1205 1206 1207 1208,0,3038,0,false,false,0,0
369,Mourner,,212 295 150 273 323 499,808 819 820 821 822,0,3038,0,false,false,0,0
370,Mourner,,212 295 150 273 185 323,808 819 820 821 822,0,3038,0,false,false,0,0
371,Mourner,,212 295 150 273 185 323,808 819 820 821 822,0,3038,0,false,false,0,0
372,Mourner,,212 295 150 273 185 323,808 819 820 821 822,0,3038,0,false,false,0,0
373,Nurse Sarah,,390 456 332 10706 429 358,808 819 820 821 822,0,3038,0,false,true,0,0
374,Ogre,,20383 20368,357 358,321,23,0,false,false,0,0
375,Redbeard Frank,,215 15004 236 11190 15008 151 10218 5218,808 819 820 821 822,0,3038,0,false,false,0,0
376,Captain Tobias,,215 253 299 151 10218 254 181 194,808 819 820 821 822,0,3038,0,false,false,0,0
377,Seaman Lorris,,215 246 292 151 10218 254 181 194,808 819 820 821 822,0,3038,0,false,false,0,0
378,Seaman Thresnor,,215 246 292 151 10218 254 181 194,808 819 820 821 822,0,3038,0,false,false,0,0
379,Luthas,,14340 11190 292 14935 10980 179 11339 276 181 4391,808 819 820 821 822,0,3038,0,false,false,0,0
380,Customs officer,,370 393 471 480 11775 356 419 361,808 819 820 821 822,0,3038,0,false,false,0,0
381,,,,808 819 820 821 822,0,3038,0,false,true,0,0
382,Dwarf,,10321 2980 2977 7050 10326 2993 2988,101 98,297,51,0,false,false,0,0
383,Stankers,,2970 2981 2979 2983 2985 2990 2988,101 98,297,51,0,false,false,0,0
384,Barbarian guard,,11739 214 11747 252 11758 11762 11727 11732 11753 11733 11764 11788,2065 2064,0,3038,0,false,false,0,0
385,Kharid Scorpion,,24612,6258 6257,1426,21,0,false,false,0,0
386,Kharid Scorpion,,24612,6258 6257,1426,21,0,false,false,0,0
387,Kharid Scorpion,,24612,6258 6257,1426,21,0,false,false,0,0
388,Seer,,217 181 250 292 170 176 260,808 819 820 821 822,0,3038,0,false,true,0,0
389,Thormac,,202 214 250 292 170 176 256 283 553 567,813 819 820 821 822,0,3038,0,false,false,0,0
390,Big fish,,2845,4,304,3,0,false,true,0,0
391,River troll,,3752,286 283,461,49,0,false,true,0,0
392,River troll,,3752,286 283,461,49,0,false,true,0,0
393,River troll,,3752,286 283,461,49,0,false,true,0,0
394,River troll,,3752,286 283,461,49,0,false,true,0,0
395,River troll,,3752,286 283,461,49,0,false,true,0,0
396,River troll,,3752,286 283,461,49,0,false,true,0,0
397,Cow,,23895,5852 5848,1338,21,0,false,true,0,0
398,Legends guard,,219 253 306 164 179 268 184 540 317,813 1205 1206 1207 1208,0,3038,0,false,false,0,0
399,Legends guard,,219 253 306 164 179 268 184 540 317,813 1205 1206 1207 1208,0,3038,0,false,false,0,0
400,Radimus Erkle,,40613,,,0,0,false,false,0,0
401,Jungle forester,,207 250 292 167 179 254 185 323 324 566,808 819 820 821 822,0,3038,0,false,false,0,0
402,Jungle forester,,383 456 346 356 419 361 481 482 566,808 819 820 821 822,0,3038,0,false,false,0,0
403,Fishing spot,,2320,456,776,1,0,false,true,0,0
404,Fishing spot,,2320,456,776,1,0,false,true,0,0
405,Fishing spot,,2320,456,776,1,0,false,true,0,0
406,Fishing spot,,2320,456,776,1,0,false,true,0,0
407,Strange plant,,3371,349,375,9,0,false,false,0,0
408,Strange plant,,3371,352 356,375,9,0,false,false,0,0
409,Genie,,231 241 252 315 173 176 264,792,0,3038,0,false,false,0,0
410,Mysterious Old Man,,208 250 292 324 317 170 176 267 185,808 819 820 821 822,0,3038,0,false,false,0,0
411,Swarm,,2950,,,0,0,false,false,0,0
412,Bat,,18900,4914 4913,1153,17,0,false,false,0,0
413,Rock Golem,,2969,155 152,310,7,0,false,true,0,0
414,Rock Golem,,2969,155 152,310,7,0,false,true,0,0
415,Rock Golem,,2969,155 152,310,7,0,false,true,0,0
416,Rock Golem,,2969,155 152,310,7,0,false,true,0,0
417,Rock Golem,,2969,155 152,310,7,0,false,true,0,0
418,Rock Golem,,2969,155 152,310,7,0,false,true,0,0
419,Zombie,,21102 21058 21040 21087 21116 21073 21136,5572 5570 5790 5788 5789,1288,32,0,false,true,0,0
420,Zombie,,21102 21058 21040 21087 21116 21073 21136,5572 5570 5790 5788 5789,1288,32,0,false,true,0,0
421,Zombie,,21102 21058 21040 21087 21116 21073 21136,5572 5570 5790 5788 5789,1288,32,0,false,true,0,0
422,Zombie,,21102 21058 21040 21087 21116 21073 21136,5572 5570 5790 5788 5789,1288,32,0,false,true,0,0
423,Zombie,,21102 21058 21040 21087 21116 21073 21136,5572 5570 5790 5788 5789,1288,32,0,false,true,0,0
424,Zombie,,21102 21058 21040 21087 21116 21073 21136,5572 5570 5790 5788 5789,1288,32,0,false,true,0,0
425,Shade,,226 306 174 265,15 13,0,3038,0,false,true,0,0
426,Shade,,226 306 174 265,15 13,0,3038,0,false,true,0,0
427,Shade,,226 306 174 265,15 13,0,3038,0,false,true,0,0
428,Shade,,226 306 174 265,15 13,0,3038,0,false,true,0,0
429,Shade,,226 306 174 265,15 13,0,3038,0,false,true,0,0
430,Shade,,226 306 174 265,15 13,0,3038,0,false,true,0,0
431,,,,7188 7191 7192 7193 7194,0,3038,0,false,true,0,0
432,Cyrisus,,4115 215 244 248 24987 24979 10218 24988 24984 4954,808 819 820 821 822,0,3038,0,false,false,0,0
433,Cyrisus,,24983 4929 6659 248 6669 170 10218 5409,808 819 820 821 822,0,3038,0,false,false,0,0
434,Cyrisus,,3378 215 244 248 3820 156 10218 6232 24985 10683,808 819 820 821 822,0,3038,0,false,false,0,0
435,Fallen Man,,24986,6280,0,3038,0,false,true,0,0
436,Fallen Man,,18086 244 248 15007 8915 10218 13925 18129,6282,0,3038,0,false,false,0,0
437,Cap'n Izzy No-Beard,,210 246 193 292 26875 167 179 271 185 18917,808 819 820 821 822,0,3038,0,false,false,0,0
438,Tree spirit,,2856,96 93,295,5,0,false,false,0,0
439,Tree spirit,,2856,96 93,295,5,0,false,false,0,0
440,Tree spirit,,2856,96 93,295,5,0,false,false,0,0
441,Tree spirit,,2856,96 93,295,5,0,false,false,0,0
442,Tree spirit,,2856,96 93,295,5,0,false,false,0,0
443,Tree spirit,,2856,96 93,295,5,0,false,false,0,0
444,Goblin,,24468 24483 24433 24474 24441 24449 24498,6181 6180,1415,82,0,false,false,0,0
445,Goblin,,24467 24483 24433 24474 24441 24449 24507,6186 6187,1415,82,0,false,false,0,0
446,Giant rat,,18891 18889 18894,4932 4931,1152,10,0,false,false,0,0
447,Jail guard,,215 246 311 151 179 257 502,808 819 820 821 822,0,3038,0,false,false,0,0
448,Jail guard,,214 246 311 167 179 257 502,808 819 820 821 822,0,3038,0,false,false,0,0
449,Jail guard,,230 246 311 151 179 257 502,808 819 820 821 822,0,3038,0,false,false,0,0
450,Gull,,26841,6771 6773,1538,18,0,false,true,0,0
451,Gull,,26841,6771 6773,1538,18,0,false,true,0,0
452,Seth Groats,,40340 40354 28802 40370 28767 28810 40319,808 819 820 821 822,0,3038,0,false,false,0,0
453,Suit of armour,,41148,819 820 821 822,0,3038,0,false,true,0,0
454,Sanfew,,31569 31595 31604 31578 31587 31606,8528 8527,0,3038,0,false,false,0,0
455,Kaqemeex,,31573 31595 31601 31578 31588 31606,8528 8527,0,3038,0,false,false,0,0
456,Father Aereck,,40307 40311 40308 40312 31606 31578,9870 9869,0,3038,0,false,false,0,0
457,Restless ghost,,15003 5212 5219 5209 5216,808 819 820 821 822,0,3038,0,false,false,0,0
458,Father Urhney,,9452 11190 292 4391 170 10218 10000 181,808 819 820 821 822,0,3038,0,false,true,0,0
459,Skeleton,,21168 21179 21160 21157 21181 21199 21187,5483 5479,1291,57,0,false,true,0,0
460,Wizard Frumscone,,214 181 249 292 170 176 265 202,808 819 820 821 822,0,3038,0,false,true,0,0
461,Magic Store owner,,215 181 246 292 170 176 265 202,808 819 820 821 822,0,3038,0,false,true,0,0
462,Wizard Distentor,,214 181 250 292 170 176 265 202 534 290,813 819 820 821 822,0,3038,0,false,false,0,0
463,Murphy,,217 310 267 170 176 185 194 244 322 249,808 819 820 821 822,0,3038,0,false,false,0,0
464,Murphy,,217 310 267 170 176 185 194 244 322 249,808 819 820 821 822,0,3038,0,false,false,0,0
465,Murphy,,217 310 267 170 176 185 194 244 322 249,808 819 820 821 822,0,3038,0,false,false,0,0
466,Murphy,,217 310 267 170 176 185 194 244 322 249,808 819 820 821 822,0,3038,0,false,false,0,0
467,Shark,,2848,10,335,3,0,false,false,0,0
468,Shark,,2848,10,335,3,0,false,false,0,0
469,King Bolren,,2909 2891 2916,195 189,319,88,0,false,true,0,0
470,Commander Montai,,2909 2903 2919,195 189,319,88,0,false,true,0,0
471,Bolkoy,,2909 2901 2917,195 189,319,88,0,false,false,0,0
472,Remsai,,2909 2890 2917,195 189,319,88,0,false,true,0,0
473,,,,195 189,319,88,0,false,true,0,0
474,,,,195 189,319,88,0,false,true,0,0
475,Khazard trooper,,219 252 306 152 176 269 185 502 523,808 819 820 821 822,0,3038,0,false,false,0,0
476,Khazard trooper,,219 252 306 152 176 269 185 540,813 819 820 821 822,0,3038,0,false,false,0,0
477,Khazard warlord,,225 246 306 152 176 268 185 542 523 323,808 819 820 821 822,0,3038,0,false,false,0,0
478,Khazard commander,,206 252 306 152 176 268 185 540 323,813 1205,0,3038,0,false,false,0,0
479,Gnome troop,,2914 2903 2919,195 189,319,88,0,false,true,0,0
480,Gnome troop,,2914 2903 2919,195 189,319,88,0,false,true,0,0
481,Tracker gnome 1,,2909 2890 2915,195 189,319,88,0,false,true,0,0
482,Tracker gnome 2,,2909 2890 2915,195 189,319,88,0,false,true,0,0
483,Tracker gnome 3,,2909 2890 2915,195 189,319,88,0,false,true,0,0
484,Local Gnome,,2909 2890 2917,195 189,319,88,0,false,true,0,0
485,Local Gnome,,2909 2890 2917,195 189,319,88,0,false,true,0,0
486,Kalron,,2909 2890 2917,195 189,319,88,0,false,true,0,0
487,Giant,,27114,6857,1542,1,0,false,false,0,0
488,Observatory professor,,26890 26885 26892 26886 26889 26887,808 819 820 821 822,0,3038,0,false,false,0,0
489,Goblin guard,,24466 24484 24436 24472 24446 24449 24507,6200 6201,1415,82,0,false,true,0,0
490,Mummy,,27112,6856,1544,1,0,false,true,0,0
491,Ghost,,21154,5538 5539,1290,13,0,false,true,0,0
492,Spirit of Scorpius,,21155,5538 5539,1290,13,0,false,true,0,0
493,Grave scorpion,,24612,6258 6257,1426,21,0,false,false,0,0
494,Banker,,215 246 292 162 176 254 181 320,808,0,3038,0,false,true,0,0
495,Banker,,378 470 343 353 419 358,808,0,3038,0,false,false,0,0
496,Banker,,215 246 292 162 176 254 181 320,808,0,3038,0,false,true,0,0
497,Banker,,378 470 343 353 419 358,808,0,3038,0,false,false,0,0
498,Banker,,2860,112,299,13,0,false,false,0,0
499,Banker,,206 246 292 162 176 271 181 320,808,0,3038,0,false,true,0,0
500,Mosol Rei,,206 249 315 33034 10218 279 181 553,813 819 820 821 822,0,3038,0,false,true,0,0
501,Spirit of Zadimus,,21151,5530 5531,1289,22,0,false,false,0,0
502,Undead one,,21170 21178 21160 21158 21181 21188,5483 5479,1291,57,0,false,true,0,0
503,Undead one,,21169 21161 21157 21181 21204 21188,5483 5479,1291,57,0,false,true,0,0
504,Undead one,,21108 21064 21046 21093 21122 21078 21140,5565 5566 5790 5788 5789,1288,32,0,false,true,0,0
505,Undead one,,21109 21065 21047 21094 21123 21079 21135,5572 5570 5790 5788 5789,1288,32,0,false,true,0,0
506,Rashiliyia,,21141,5530 5531,1289,22,0,false,false,0,0
507,Nazastarool,,20950,5572 5582,1288,32,0,false,true,0,0
508,Nazastarool,,21167,5505 5506,1291,57,0,false,true,0,0
509,Nazastarool,,21142,5530 5531,1289,22,0,false,false,0,0
510,Hajedy,,230 247 295 150 179 274 185,808 819 820 821 822,0,3038,0,false,false,0,0
511,Vigroy,,230 247 295 150 179 274 185,808 819 820 821 822,0,3038,0,false,false,0,0
512,Kaleb Paramaya,,217 252 305 33034 10218 254 181,808 819 820 821 822,0,3038,0,false,true,0,0
513,Yohnus,,214 251 305 33034 10218 274 181,808 819 820 821 822,0,3038,0,false,true,0,0
514,Seravel,,235 253 311 170 176 274 181,808 819 820 821 822,0,3038,0,false,false,0,0
515,Yanni Salika,,215 249 292 167 176 267 181,808 819 820 821 822,0,3038,0,false,true,0,0
516,Obli,,223 247 302 170 176 274 181,808 819 820 821 822,0,3038,0,false,false,0,0
517,Fernahei,,203 248 311 167 10218 267 181,808 819 820 821 822,0,3038,0,false,false,0,0
518,Captain Shanks,,214 249 292 151 10218 254 181 194,808 819 820 821 822,0,3038,0,false,false,0,0
519,Bob,,40331 40370 28767 40349 28794 28810,9870 9869,0,3038,0,false,true,0,0
520,Shopkeeper,,40331 40370 40364 40353 40344 28804,9870 9869,0,3038,0,false,true,0,0
521,Shop assistant,,40329 40370 40364 40353 40344 28804,9870 9869,0,3038,0,false,true,0,0
522,Shopkeeper,,215 245 246 305 25867 10301 177 12138 181,808 819 820 821 822,0,3038,0,false,false,0,0
523,Shop assistant,,217 246 305 25867 10980 177 11339 181,808 819 820 821 822,0,3038,0,false,false,0,0
524,Shopkeeper,,40241 29681 40183 40249 40149 29694 29683,808 819 820 821 822,0,3038,0,false,false,0,0
525,Shop assistant,,40439 40423 40416 40479 40405 40494,808 819 820 821 822,0,3038,0,false,false,0,0
526,Shopkeeper,,215 254 246 305 151 10218 181,808 819 820 821 822,0,3038,0,false,true,0,0
527,Shop assistant,,390 421 467 332 10706 358,808 819 820 821 822,0,3038,0,false,true,0,0
528,Shopkeeper,,215 254 246 305 151 10218 181,808 819 820 821 822,0,3038,0,false,true,0,0
529,Shop assistant,,390 421 467 332 10706 358,808 819 820 821 822,0,3038,0,false,true,0,0
530,Shopkeeper,,215 245 247 302 163 10218 254 181,808 819 820 821 822,0,3038,0,false,false,0,0
531,Shop assistant,,217 254 246 305 151 10218 181,808 819 820 821 822,0,3038,0,false,true,0,0
532,Shopkeeper,,215 254 246 305 151 10218 181 245,808 819 820 821 822,0,3038,0,false,true,0,0
533,Shop assistant,,217 254 246 305 151 10218 181,808 819 820 821 822,0,3038,0,false,true,0,0
534,Fairy shopkeeper,,2857,112 106,299,13,0,false,false,0,0
535,Fairy shop assistant,,2857,112 106,299,13,0,false,false,0,0
536,Valaine,,390 456 332 10706 421 358,808 819 820 821 822,0,3038,0,false,true,0,0
537,Scavvo,,206 254 253 292 151 10218 181,808 819 820 821 822,0,3038,0,false,true,0,0
538,Peksa,,11741 214 11746 252 11759 11727 11732 11810 11736 11764,808 819 820 821 822,0,3038,0,false,false,0,0
539,Silk trader,,40224 40192 29685 29686 29690 40167 29683,808 819 820 821 822,0,3038,0,false,false,0,0
540,Gem trader,,40224 40198 40184 29686 40150 29694 29683,808 819 820 821 822,0,3038,0,false,false,0,0
541,Zeke,,40224 40192 29685 40255 29690 40167 29683,808 819 820 821 822,0,3038,0,false,true,0,0
542,Louie Legs,,40192 29690 29694 29683 40183 40224 268,808 819 820 821 822,0,3038,0,false,false,0,0
543,Karim,,235 254 249 305 151 10218 181,808 819 820 821 822,0,3038,0,false,true,0,0
544,Ranael,,390 478 332 10706 428 361 376,808 819 820 821 822,0,3038,0,false,false,0,0
545,Dommik,,217 254 253 305 151 10218 181,808 819 820 821 822,0,3038,0,false,true,0,0
546,Zaff,,215 251 299 4952 4953 553 11338 181,813 819 820 821 822,0,3038,0,false,true,0,0
547,Baraek,,230 244 248 299 25866 25680 254 19947,808 819 820 821 822,0,3038,0,false,true,0,0
548,Thessalia,,390 26102 332 10706 17166 361,808 819 820 821 822,0,3038,0,false,false,0,0
549,Horvik,,215 246 305 25856 19329 19332 491 12138 181,808 819 820 821 822,0,3038,0,false,true,0,0
550,Lowe,,235 236 246 293 173 177 257 181,808 819 820 821 822,0,3038,0,false,false,0,0
551,Shopkeeper,,5736 248 305 25856 25853 15929 12138 181,808 819 820 821 822,0,3038,0,false,true,0,0
552,Shop assistant,,14340 246 305 25856 10980 10218 12138 181,808 819 820 821 822,0,3038,0,false,true,0,0
553,Aubury,,14340 238 251 299 19102 151 177 12138 181 18947,808 819 820 821 822,0,3038,0,false,false,0,0
554,Fancy-dress shop owner,,7743 230 245 247 11811 10301 10218 12138 181,808 819 820 821 822,0,3038,0,false,false,0,0
555,Shopkeeper,,230 247 292 151 10218 254 181 326,808 819 820 821 822,0,3038,0,false,false,0,0
556,Grum,,198 253 26131 26117 257 215,808 819 820 821 822,0,3038,0,false,false,0,0
557,Wydin,,18086 305 26116 185 254 246,808 819 820 821 822,0,3038,0,false,false,0,0
558,Gerrant,,14339 18192 302 3190 167 10218 562 271 185 40152,813 1205 1206 1207 1208,0,3038,0,false,false,0,0
559,Brian,,230 254 27640 12085 167 11732 185 11812,808 819 820 821 822,0,3038,0,false,false,0,0
560,Jiminua,,404 453 478 351 353 429 40417,808 819 820 821 822,0,3038,0,false,true,0,0
561,Shopkeeper,,208 253 299 159 179 254 181 329,808 819 820 821 822,0,3038,0,false,false,0,0
562,Candle-maker,,217 302 167 10218 274 185 249,808 819 820 821 822,0,3038,0,false,false,0,0
563,Arhein,,215 305 167 10218 254 185 246,808 819 820 821 822,0,3038,0,false,false,0,0
564,Jukat,,2857,112 106,299,13,0,false,false,0,0
565,Lunderwin,,2857,112 106,299,13,0,false,false,0,0
566,Irksol,,292 170 260 202,808 819 820 821 822,0,3038,0,false,true,0,0
567,Fairy,,2857,112 106,299,13,0,false,false,0,0
568,Zambo,,235 249 14933 14934 14932 10218 14378 185,808 819 820 821 822,0,3038,0,false,false,0,0
569,Silver merchant,,214 302 252 151 179 274 185 281 238,808 819 820 821 822,0,3038,0,false,false,0,0
570,Gem merchant,,230 292 251 151 179 254 185 283 238 186 320,808 819 820 821 822,0,3038,0,false,false,0,0
571,Baker,,206 302 247 159 179 254 185 283 199,808 819 820 821 822,0,3038,0,false,false,0,0
572,Spice seller,,217 292 250 162 176 260 185 280 201,808 819 820 821 822,0,3038,0,false,false,0,0
573,Fur trader,,230 299 250 159 176 254 185,808 819 820 821 822,0,3038,0,false,false,0,0
574,Silk merchant,,215 198 254 248 170 176 181 292 181,808 819 820 821 822,0,3038,0,false,true,0,0
575,Hickton,,230 274 247 173 179 185 307 322 18937,808 819 820 821 822,0,3038,0,false,false,0,0
576,Harry,,215 263 246 32592 10218 185 302,808 819 820 821 822,0,3038,0,false,false,0,0
577,Cassie,,393 469 351 356 435 414,808 819 820 821 822,0,3038,0,false,true,0,0
578,Frincos,,230 181 246 292 170 176 260,808 819 820 821 822,0,3038,0,false,true,0,0
579,Drogo dwarf,,2970 2981 2979 2983 2985 2990,101 98,297,51,0,false,false,0,0
580,Flynn,,215 254 249 170 176 185 305 10741,808 819 820 821 822,0,3038,0,false,false,0,0
581,Wayne,,215 254 252 305 159 176 181 491,808 819 820 821 822,0,3038,0,false,true,0,0
582,Dwarf,,2971 2981 2979 2983 2985 2990,101 98,297,51,0,false,false,0,0
583,Betty,,29704 446 26153 26140 26147 361,808 819 820 821 822,0,3038,0,false,false,0,0
584,Herquin,,235 11748 9620 11760 11769 11326 10218 11869 33033 11770,808 819 820 821 822,0,3038,0,false,false,0,0
585,Rommik,,217 254 253 305 151 176 181 529,808 819 820 821 822,0,3038,0,false,true,0,0
586,Gaius,,214 250 294 15106 32592 10218 491 274 181,808 819 820 821 822,0,3038,0,false,true,0,0
587,Jatix,,31574 31595 31604 31578 31587 31606 31580,8528 8527,0,3038,0,false,false,0,0
588,Davon,,299 170 245 281 290 230 246 263 176 181,808 819 820 821 822,0,3038,0,false,false,0,0
589,Zenesha,,393 468 352 356 432 414 361,808 819 820 821 822,0,3038,0,false,false,0,0
590,Aemad,,206 274 253 292 167 10218 185 323,808 819 820 821 822,0,3038,0,false,false,0,0
591,Kortan,,215 254 253 292 151 10218 181,808 819 820 821 822,0,3038,0,false,true,0,0
592,Roachey,,230 299 151 179 267 185 194 251 562 236 320,808 819 820 821 822,0,3038,0,false,false,0,0
593,Frenita,,378 465 346 10706 428 358,808 819 820 821 822,0,3038,0,false,false,0,0
594,Nurmof,,2970 2983 2979 2981 2985,101 98,297,51,0,false,false,0,0
595,Tea seller,,235 254 247 25674 25681 25642 10218 181,808 819 820 821 822,0,3038,0,false,false,0,0
596,Fat Tony,,230 247 302 159 176 254 199 181,808 819 820 821 822,0,3038,0,false,false,0,0
597,Noterazzo,,207 181 247 292 170 176 254 326,808 819 820 821 822,0,3038,0,false,false,0,0
598,Hairdresser,,235 181 246 295 162 176 274 244,808 819 820 821 822,0,3038,0,false,true,0,0
599,Make-over Mage,,9604 214 250 9606 292 162 176 534 4844 181,813 1205 1206 1207 1208,0,3038,0,false,true,0,0
600,Hudo,,2901 2909 2915,195 189,319,88,0,false,false,0,0
601,Rometti,,2900 2909 2916,195 189,319,88,0,false,true,0,0
602,Gulluck,,2892 2909 2915,195 189,319,88,0,false,true,0,0
603,Heckel Funch,,2901 2909 2915,195 189,319,88,0,false,false,0,0
604,Thurgo,,7034 7049 7041 7057 2985 19100,101 98,297,51,0,false,false,0,0
605,Sir Vyvin,,206 306 164 179 268 185 247 236,808 819 820 821 822,0,3038,0,false,false,0,0
606,Squire,,191 217 253 297 163 179 553 254 9617 4390 3707,813 819 820 821 822,0,3038,0,false,false,0,0
607,Gunnjorn,,11741 214 11746 252 11759 11727 11732 11810 11736 11764,808 819 820 821 822,0,3038,0,false,false,0,0
608,Sir Amik Varze,,215 306 164 179 268 184 518 517 201 249 323,808 819 820 821 822,0,3038,0,false,false,0,0
609,Fortress Guard,,7668 246 294 151 176 254 185 540,813 1205 1206 1207 1208,0,3038,0,false,false,0,0
610,Black Knight Captain,,215 9620 3379 10298 15411 518 268 15410 15318,808 819 820 821 822,0,3038,0,false,false,0,0
611,Witch,,11354 405 470 17165 353 17166 361 17164,813 1205 1206 1207 1208,0,3038,0,false,false,0,0
612,Greldo,,24463 24483 24433 24474 24441 24449 24508 24507,6200 6201,1415,82,0,false,false,0,0
613,Digsite workman,,215 246 10705 167 179 5218 10723,808 819 820 821 822,0,3038,0,false,false,0,0
614,Doug Deeping,,217 246 10705 167 179 5218,808 819 820 821 822,0,3038,0,false,false,0,0
615,Student,,12137 246 292 10723 10980 179 254 185,808 819 820 821 822,0,3038,0,false,false,0,0
616,Student,,235 249 299 10980 179 254 185,808 819 820 821 822,0,3038,0,false,false,0,0
617,Student,,399 447 456 332 356 429 361,808 819 820 821 822,0,3038,0,false,false,0,0
618,Examiner,,378 418 470 332 10706 421 358,808 819 820 821 822,0,3038,0,false,false,0,0
619,Archaeological expert,,217 250 299 327 32592 254 179 185,808 819 820 821 822,0,3038,0,false,false,0,0
620,Panning guide,,215 246 292 170 179 254 276 185 326,808 819 820 821 822,0,3038,0,false,false,0,0
621,Gnome baller,,2914 2905 2924,195 189,319,88,0,false,true,0,0
622,Gnome baller,,2914 2905 2921,195 189,319,88,0,false,true,0,0
623,Gnome baller,,2914 2905 2924,205,319,88,0,false,true,0,0
624,Gnome baller,,2914 2905 2924,208,319,88,0,false,true,0,0
625,Gnome baller,,2914 2905 2924,195 189,319,88,0,false,true,0,0
626,Gnome baller,,2914 2905 2921,195 189,319,88,0,false,true,0,0
627,Gnome baller,,2914 2905 2924,205,319,88,0,false,true,0,0
628,Gnome baller,,2914 2905 2924,208,319,88,0,false,true,0,0
629,Gnome baller,,2914 2905 2924,195 189,319,88,0,false,true,0,0
630,Gnome baller,,2914 2905 2921,195 189,319,88,0,false,true,0,0
631,Gnome baller,,2914 2905 2924,205,319,88,0,false,true,0,0
632,Gnome baller,,2914 2905 2924,208,319,88,0,false,true,0,0
633,Gnome winger,,2914 2905 2924,195 189,319,88,0,false,true,0,0
634,Gnome winger,,2914 2905 2921,195 189,319,88,0,false,true,0,0
635,Gnome ball referee,,2909 2900 2915,195 189,319,88,0,false,true,0,0
636,Cheerleader,,2913 2904 2923,195 189,319,88,0,false,true,0,0
637,Juliet,,12142 9361 9359 9360 9113,808 819 820 821 822,0,3038,0,false,true,0,0
638,Apothecary,,25657 253 11811 10980 10218 12138 8919,808 819 820 821 822,0,3038,0,false,false,0,0
639,Romeo,,12137 10075 246 10077 12086 10073 10074 677 10076 185,808 819 820 821 822,0,3038,0,false,false,0,0
640,Father Lawrence,,223 325 246 292 170 176 260 181,808 819 820 821 822,0,3038,0,false,true,0,0
641,Charlie the Tramp,,18190 42301 244 10304 18135 14175 18126 10218 15005 8919,808 819 820 821 822,0,3038,0,false,false,0,0
642,Katrine,,393 414 25716 25698 353 25694 25709,808 819 820 821 822,0,3038,0,false,false,0,0
643,Weaponsmaster,,230 249 306 156 176 254 185 518,808 819 820 821 822,0,3038,0,false,false,0,0
644,Straven,,25659 10039 25676 25644 25653 176 25667 19948,808 819 820 821 822,0,3038,0,false,false,0,0
645,Jonny the beard,,25658 25663 299 16831 32592 177 19250 25649,808 819 820 821 822,0,3038,0,false,false,0,0
646,Curator Haig Halen,,14340 238 246 10305 163 177 254 12082 25693,808 819 820 821 822,0,3038,0,false,false,0,0
647,,,,808 819 820 821 822,0,3038,0,false,true,0,0
648,King Roald,,1808 215 249 23939 162 176 23931 181,808 819 820 821 822,0,3038,0,false,false,0,0
649,Archer,,390 414 477 3194 332 356 563 422,808 819 820 821 822,0,3038,0,false,false,0,0
650,Warrior,,214 250 3379 164 179 268 185 550 521 3189,808 819 820 821 822,0,3038,0,false,false,0,0
651,Monk,,223 181 246 292 170 176 260,808 819 820 821 822,0,3038,0,false,true,0,0
652,Wizard,,215 181 251 292 170 176 4844 534 202,813 819 820 821 822,0,3038,0,false,true,0,0
653,Fairy Queen,,2858,,,0,0,false,false,0,0
654,Shamus,,2909 2896 2915,195 189,319,88,0,false,true,0,0
655,Tree spirit,,21150,5530 5531,1289,22,0,false,true,0,0
656,Cave monk,,223 181 246 299 170 176 260,808 819 820 821 822,0,3038,0,false,true,0,0
657,Monk of Entrana,,223 181 251 292 170 176 260 9607,808 819 820 821 822,0,3038,0,false,false,0,0
658,Monk of Entrana,,223 181 251 292 170 10218 260,808 819 820 821 822,0,3038,0,false,true,0,0
659,Party Pete,,34122,9227 9226 820 821 822,0,3038,0,false,false,0,0
660,Knight,,11744 306 164 13318 268 4954,784 819 820 821 822,0,3038,0,false,false,0,0
661,Megan,,390 363 467 348 353 429 358,808 819 820 821 822,0,3038,0,false,true,0,0
662,Lucy,,390 363 467 348 353 429 358,808 819 820 821 822,0,3038,0,false,true,0,0
663,Man,,215 281 246 292 151 10218 254 181 323,808 819 820 821 822,0,3038,0,false,false,0,0
664,,,,808 819 820 821 822,0,3038,0,false,true,0,0
665,Boot,,2971 2981 2979 2983 2985 2990,101 98,297,51,0,false,false,0,0
666,Caleb,,215 281 246 292 151 10218 254 181 199,808 819 820 821 822,0,3038,0,false,true,0,0
667,Chronozon,,17375 17391 17384 17399,66 63,1078,30,0,false,false,0,0
668,Johnathon,,10981 246 281 292 9607 162 176 10982 181,808 819 820 821 822,0,3038,0,false,false,0,0
669,Hazelmere,,17023 17001 2917 17022,,,0,0,false,false,0,0
670,King Narnode Shareen,,2909 2891 2916,195 189,319,88,0,false,true,0,0
671,Glough,,17025 14809 16988,195 189,319,88,0,false,true,0,0
672,Anita,,2911 2907 2917,195 189,319,88,0,false,true,0,0
673,Charlie,,215 246 292 151 176 254 181,808 819 820 821 822,0,3038,0,false,true,0,0
674,Foreman,,214 247 302 173 179 254 185,808 819 820 821 822,0,3038,0,false,false,0,0
675,Shipyard worker,,215 247 305 151 179 254 185,808 819 820 821 822,0,3038,0,false,false,0,0
676,Femi,,2907 2911 2922,195 189,319,88,0,false,true,0,0
677,Black demon,,17377 17395 17384 17399,66 63,1078,30,0,false,false,0,0
678,Guard,,220 185 253 296 151 179 262 563,808 819 820 821 822,0,3038,0,false,false,0,0
679,Ranging Guild Doorman,,220 185 253 296 151 179 262 563,808 819 820 821 822,0,3038,0,false,false,0,0
680,Leatherworker,,396 457 332 353 436 479 444,808 819 820 821 822,0,3038,0,false,false,0,0
681,Held vampyre juvinate,,14042 14039 14046 14041 14044,3551,0,3038,0,false,false,0,0
682,Armour salesman,,246 303 18930 167 179 563 486 262 185,808 819 820 821 822,0,3038,0,false,false,0,0
683,Bow and Arrow salesman,,220 185 253 296 151 179 262,808 819 820 821 822,0,3038,0,false,false,0,0
684,Tower Advisor,,208 185 253 296 151 179 262 563 317,808 819 820 821 822,0,3038,0,false,false,0,0
685,Tower Advisor,,208 185 253 296 151 179 262 563 317,808 819 820 821 822,0,3038,0,false,false,0,0
686,Tower Advisor,,208 185 253 296 151 179 262 563 317,808 819 820 821 822,0,3038,0,false,false,0,0
687,Tower Advisor,,208 185 253 296 151 179 262 563 317,808 819 820 821 822,0,3038,0,false,false,0,0
688,Tower Archer,,220 253 311 169 176 262 185 563,808 819 820 821 822,0,3038,0,false,false,0,0
689,Tower Archer,,220 253 296 169 176 262 185 563,808 819 820 821 822,0,3038,0,false,false,0,0
690,Tower Archer,,220 253 303 169 176 277 185 563,808 819 820 821 822,0,3038,0,false,false,0,0
691,Tower Archer,,220 253 314 169 176 258 185 563,808 819 820 821 822,0,3038,0,false,false,0,0
692,Tribal Weapon Salesman,,231 181 246 315 33034 10218 279 323 201,808 819 820 821 822,0,3038,0,false,false,0,0
693,Competition Judge,,220 185 253 296 151 179 262 563,808 819 820 821 822,0,3038,0,false,false,0,0
694,Ticket Merchant,,221 185 246 303 167 262 179,808 819 820 821 822,0,3038,0,false,false,0,0
695,Bailey,,11111 247 302 18077 10218 15104 10124,808 819 820 821 822,0,3038,0,false,false,0,0
696,Caroline,,390 11359 18120 9359 10706 440 358,808 819 820 821 822,0,3038,0,false,true,0,0
697,,,,7158 7166,1628,64,0,false,true,0,0
698,Holgart,,18487 215 18490 250 299 10980 10218 18493 10218 14381 14376,813 1205 1206 1207 1208,0,3038,0,false,false,0,0
699,Holgart,,18487 215 18490 250 299 10980 10218 18493 176 14381 14376,813 1205 1206 1207 1208,0,3038,0,false,false,0,0
700,Holgart,,18487 215 18490 250 299 10980 10218 18493 10218 14381 14376,813 1205 1206 1207 1208,0,3038,0,false,false,0,0
701,Kent,,214 10304 12085 32593 8918 18493 10218 18132 18129,813 1205 1206 1207 1208,0,3038,0,false,false,0,0
702,Fisherman,,18190 230 11190 40211 40153 177 562 10218 14380 14848,4825 4779,0,3038,0,false,false,0,0
703,Fisherman,,10741 215 10304 11761 162 177 562 176 4226 14376,4825 4779,0,3038,0,false,false,0,0
704,Fisherman,,10741 18489 248 18133 10980 177 562 176 14380 14375,4825 4779,0,3038,0,false,false,0,0
705,Melee Tutor,,40334 40350 40365 40371 40346 28810 40322 40323 40368,9868 9869,0,3038,0,false,false,0,0
706,Wizard Mizgog,,217 14564 251 292 14562 177 14565 181,808 819 820 821 822,0,3038,0,false,true,0,0
707,Wizard Grayzag,,202 214 250 10985 14562 177 14565 181,808 819 820 821 822,0,3038,0,false,true,0,0
708,Imp,,19982,171 168,1240,23,0,false,true,0,0
709,Imp,,19982,171 168,1240,23,0,false,true,0,0
710,Alrena,,390 361 469 348 353 421 481 447,808 819 820 821 822,0,3038,0,false,false,0,0
711,Bravek,,206 299 32592 274 185 323 252 10218,808 819 820 821 822,0,3038,0,false,false,0,0
712,Carla,,390 471 332 10706 428 358,808 819 820 821 822,0,3038,0,false,false,0,0
713,Clerk,,230 247 245 292 327 151 176 254 181,808 819 820 821 822,0,3038,0,false,false,0,0
714,Edmond,,230 185 250 299 32592 10218 263 276 329 495,813 1205 1206 1207 1208,0,3038,0,false,false,0,0
715,,,,808 819 820 821 822,0,3038,0,false,true,0,0
716,Head mourner,,212 295 150 273 290 323,808 819 820 821 822,0,3038,0,false,false,0,0
717,Mourner,,212 295 150 273 323 499,808 819 820 821 822,0,3038,0,false,false,0,0
718,Mourner,,212 295 150 273 323 499,808 819 820 821 822,0,3038,0,false,false,0,0
719,Mourner,,212 295 150 273 323 499,808 819 820 821 822,0,3038,0,false,false,0,0
720,Recruiter,,230 181 253 306 164 176 268 201 553,813 819 820 821 822,0,3038,0,false,true,0,0
721,Ted Rehnison,,230 185 250 310 151 10218 275,808 819 820 821 822,0,3038,0,false,false,0,0
722,Martha Rehnison,,378 361 474 40401 10706 438,808 819 820 821 822,0,3038,0,false,false,0,0
723,Billy Rehnison,,28604 28645 28661 28611 28613 28675,7158 7160,1628,64,0,false,true,0,0
724,Milli Rehnison,,28605 28637 28663 28611 28623 28668,7158 7160,1628,64,0,false,true,0,0
725,Jethick,,235 252 299 33034 10218 263 185,808 819 820 821 822,0,3038,0,false,false,0,0
726,Man,,235 250 310 40154 177 275 185,808 819 820 821 822,0,3038,0,false,false,0,0
727,Man,,235 185 250 310 151 179 275,808 819 820 821 822,0,3038,0,false,false,0,0
728,Man,,214 250 299 32592 179 271 185,808 819 820 821 822,0,3038,0,false,false,0,0
729,Man,,214 250 8845 11431 10218 275 185,808 819 820 821 822,0,3038,0,false,false,0,0
730,Man,,214 185 250 310 33034 179 275,808 819 820 821 822,0,3038,0,false,false,0,0
731,Bartender,,235 248 25865 11812 10980 10218 254 181,808 819 820 821 822,0,3038,0,false,true,0,0
732,Bartender,,235 245 247 299 151 10218 25863 181 25869,808 819 820 821 822,0,3038,0,false,false,0,0
733,Bartender,,235 250 292 25869 10980 10218 12138 181 15106 327,808 819 820 821 822,0,3038,0,false,true,0,0
734,Bartender,,217 305 151 10218 259 246,808 819 820 821 822,0,3038,0,false,true,0,0
735,Bartender,,203 253 236 291 263 10218 32592 185,808 819 820 821 822,0,3038,0,false,false,0,0
736,Emily,,378 467 11787 332 10706 419 358,808 819 820 821 822,0,3038,0,false,false,0,0
737,Bartender,,214 248 305 151 176 254 181,808 819 820 821 822,0,3038,0,false,true,0,0
738,Bartender,,217 250 302 159 176 254 181,808 819 820 821 822,0,3038,0,false,true,0,0
739,Bartender,,215 249 302 32592 10218 254 185,808 819 820 821 822,0,3038,0,false,false,0,0
740,Trufitus,,210 250 285 8845 33034 10218 553 8925 8919,813 1205 1206 1207 1208,0,3038,0,false,false,0,0
741,Duke Horacio,,40357,9870 9869,0,3038,0,false,true,0,0
742,Elvarg,,17404 17406 17405,90 79,1080,54,0,false,true,0,0
743,Ned,,215 253 299 151 10218 263 185 194 9621,808 819 820 821 822,0,3038,0,false,false,0,0
744,Klarense,,194 215 253 26420 151 177 10218 254 181,808 819 820 821 822,0,3038,0,false,false,0,0
745,Wormbrain,,24455 24485 24431 24476 24441 24449,6181 6180,1415,82,0,false,true,0,0
746,Oracle,,26441 26426 26435 26433 358,808 819 820 821 822,0,3038,0,false,false,0,0
747,Oziach,,235 247 312 26422 164 177 176 254 181,808 819 820 821 822,0,3038,0,false,false,0,0
748,,,,808 819 820 821 822,0,3038,0,false,true,0,0
749,Angry barbarian spirit,,26675 26676,6729 6730,1526,6,0,false,false,0,0
750,Enraged barbarian spirit,,26675 26677,6729 6730,1526,6,0,false,false,0,0
751,Berserk barbarian spirit,,26675 26676,6729 6730,1526,6,0,false,false,0,0
752,Ferocious barbarian spirit,,26675 26676,6729 6730,1526,6,0,false,false,0,0
753,Melzar the Mad,,208 181 251 292 170 176 265,808 819 820 821 822,0,3038,0,false,false,0,0
754,Peaceful barbarian spirit,,26616 26634 26644 26619 26618 26633 26630,,,0,0,false,false,0,0
755,Morgan,,215 246 292 151 176 254 181 317,808 819 820 821 822,0,3038,0,false,false,0,0
756,Dr Harlow,,217 245 11190 302 3190 32592 10218 11194 254 181,3040 3039 820 821 822,0,3038,0,false,false,0,0
757,Count Draynor,,227 238 246 292 320 162 176 256 181 317,808 819 820 821 822,0,3038,0,false,false,0,0
758,Fred the Farmer,,40336 40356 28800 40369 28767 28810 40325,813 1205 1206 1207 1208,0,3038,0,false,false,0,0
759,,,,9158 9157,2035,31,0,false,true,0,0
760,Kittens,,34112,9208 9210,2036,11,0,false,true,0,0
761,Kitten,,34021,9158 9156,2035,31,0,false,true,0,0
762,Kitten,,34032,9158 9156,2035,31,0,false,true,0,0
763,Kitten,,34009,9158 9156,2035,31,0,false,true,0,0
764,Kitten,,34032,9158 9156,2035,31,0,false,true,0,0
765,Kitten,,34021,9158 9156,2035,31,0,false,true,0,0
766,Kitten,,34009,9158 9156,2035,31,0,false,true,0,0
767,Crate,,7685,,,0,0,false,false,0,0
768,Cat,,34020,9158 9157,2035,31,0,false,true,0,0
769,Cat,,34012,9158 9157,2035,31,0,false,true,0,0
770,Cat,,34019,9158 9157,2035,31,0,false,true,0,0
771,Cat,,34012,9158 9157,2035,31,0,false,true,0,0
772,Cat,,34020,9158 9157,2035,31,0,false,true,0,0
773,Cat,,34019,9158 9157,2035,31,0,false,true,0,0
774,Overgrown cat,,34008,9158 9157,2035,31,0,false,true,0,0
775,Overgrown cat,,34026,9158 9157,2035,31,0,false,true,0,0
776,Overgrown cat,,34033,9158 9157,2035,31,0,false,true,0,0
777,Overgrown cat,,34026,9158 9157,2035,31,0,false,true,0,0
778,Overgrown cat,,34008,9158 9157,2035,31,0,false,true,0,0
779,Overgrown cat,,34033,9158 9157,2035,31,0,false,true,0,0
780,Gertrude,,25705 391 417 11360 11775 10706 11357 358,808 819 820 821 822,0,3038,0,false,true,0,0
781,Shilop,,28603 28629 28657 28611 28612 28669,7158 7160,1628,64,0,false,false,0,0
782,Philop,,28604 28633 28661 28611 28612 28669 28591,7163,1628,64,0,false,false,0,0
783,Wilough,,28609 28638 28661 28611 28613 28675,7158 7160,1628,64,0,false,false,0,0
784,Kanel,,28609 28647 28661 28611 28612 28669 28591,7164,1628,64,0,false,false,0,0
785,Civilian,,217 299 167 179 263 185 329 246,808 819 820 821 822,0,3038,0,false,false,0,0
786,Civilian,,214 299 33034 176 263 185 246,808 819 820 821 822,0,3038,0,false,false,0,0
787,Civilian,,230 293 162 179 271 185 246,808 819 820 821 822,0,3038,0,false,false,0,0
788,Garv,,219 294 151 254 185 179 246 550,808 819 820 821 822,0,3038,0,false,false,0,0
789,Grubor,,215 250 299 151 329 263 185 10218,808 819 820 821 822,0,3038,0,false,false,0,0
790,Letham,,27747 250 20423 290 5197 27734 27750 27742 13307 4929,808 819 820 821 822,0,3038,0,false,false,0,0
791,Seth,,215 246 292 322 254 185 151 176,808 819 820 821 822,0,3038,0,false,false,0,0
792,Grip,,218 294 246 40165 259 550,808 819 820 821 822,0,3038,0,false,true,0,0
793,Alfonse the waiter,,235 292 247 170 267 185 176 320,808 819 820 821 822,0,3038,0,false,false,0,0
794,Charlie the cook,,235 199 302 263 176 185 151 249,808 819 820 821 822,0,3038,0,false,false,0,0
795,Ice Queen,,379 368 468 440 10706 339,808 819 820 821 822,0,3038,0,false,true,0,0
796,Achietties,,393 376 468 430 356 360 339 417 541 518,808 819 820 821 822,0,3038,0,false,false,0,0
797,Helemos,,217 162 291 274 176 185 251,808 819 820 821 822,0,3038,0,false,false,0,0
798,Velrak the explorer,,214 250 40188 275 10218 33033 32593,808 819 820 821 822,0,3038,0,false,false,0,0
799,Pirate Guard,,219 294 151 254 185 179 246 518,808 819 820 821 822,0,3038,0,false,false,0,0
800,Fishing spot,,36843,9645,2130,3,0,false,true,0,0
801,Abbot Langley,,223 181 248 16256 16253 10218 16252,808 819 820 821 822,0,3038,0,false,true,0,0
802,Brother Jered,,223 181 246 16254 16253 10218 16252 18944,808 819 820 821 822,0,3038,0,false,false,0,0
803,Monk,,230 181 246 292 170 176 260,808 819 820 821 822,0,3038,0,false,true,0,0
804,Tanner,,217 246 305 163 176 274 181,808 819 820 821 822,0,3038,0,false,true,0,0
805,Master Crafter,,6848 245 247 305 151 10218 274 181 18926,808 819 820 821 822,0,3038,0,false,false,0,0
806,Donovan the Family Handyman,,214 252 299 151 179 267 185 491 330,808 819 820 821 822,0,3038,0,false,false,0,0
807,Pierre,,230 246 295 150 275 185 236 322,808 819 820 821 822,0,3038,0,false,false,0,0
808,Hobbes,,215 247 292 163 176 267 185 327,808 819 820 821 822,0,3038,0,false,false,0,0
809,Louisa,,378 465 332 10706 419 358 483,808 819 820 821 822,0,3038,0,false,false,0,0
810,Mary,,391 475 40401 10706 429 358 483 414,808 819 820 821 822,0,3038,0,false,true,0,0
811,Stanford,,203 251 315 173 179 271 185 496 283,808 819 820 821 822,0,3038,0,false,false,0,0
812,Guard,,219 248 301 163 176 274 185 519 517 323,808 819 820 821 822,0,3038,0,false,false,0,0
813,Gossip,,217 249 292 151 10218 254 181,808 819 820 821 822,0,3038,0,false,true,0,0
814,Anna,,390 417 11360 332 10706 419 361,808 6926,0,3038,0,false,false,0,0
815,Bob,,215 248 14577 170 176 267 185,808 819 820 821 822,0,3038,0,false,false,0,0
816,Carol,,391 414 456 332 10706 419 361,808 819 820 821 822,0,3038,0,false,false,0,0
817,David,,215 246 14577 170 176 267 185,808 819 820 821 822,0,3038,0,false,false,0,0
818,Elizabeth,,42306 42305 42307 42304 42303 42308,808 819 820 821 822,0,3038,0,false,false,0,0
819,Frank,,215 251 14577 170 176 267 185,808 819 820 821 822,0,3038,0,false,false,0,0
820,Poison Salesman,,217 246 292 162 176 257,808 819 820 821 822,0,3038,0,false,false,0,0
821,Sinclair Guard dog,,26255,6561 6560,1491,53,0,false,true,0,0
822,Ana,,390 471 348 353 428 361 509,808 819 820 821 822,0,3038,0,false,false,0,0
823,Ana,,390 471 348 353 428 361,,,0,0,false,false,0,0
824,Female slave,,393 471 348 353 428 361 509,808 819 820 821 822,0,3038,0,false,false,0,0
825,Male slave,,217 250 292 170 176 19179 19175 509,808 819 820 821 822,0,3038,0,false,false,0,0
826,Escaping slave,,217 250 292 170 10218 265 185,808 819 820 821 822,0,3038,0,false,false,0,0
827,Rowdy slave,,217 250 292 170 176 265 185 509,808 819 820 821 822,0,3038,0,false,false,0,0
828,Shanty Claws,,19234 19235,4738 4740,1101,5,0,false,false,0,0
829,,,,5070 5069,1259,13,0,false,true,0,0
830,Mercenary Captain,,6130 10561 9458 7605 179 19336 15417 7609 16473 317,808 819 820 821 822,0,3038,0,false,false,0,0
831,Captain Siad,,6848 253 292 320 162 10218 4234 10218 3599,1953 819 820 821 822,0,3038,0,false,true,0,0
832,Al Shabim,,215 253 188 292 170 176 265 185 534 323,813 819 820 821 822,0,3038,0,false,false,0,0
833,Bedabin Nomad,,217 246 188 292 170 176 265 185,808 819 820 821 822,0,3038,0,false,false,0,0
834,Bedabin Nomad Guard,,230 248 188 292 170 176 265 185 490,808 819 820 821 822,0,3038,0,false,false,0,0
835,Irena,,10078 456 7005 10706 11357 8934,2702 819 820 821 822,0,3038,0,false,false,0,0
836,Shantay,,12137 247 10218 181 40203 40269 40159,808 819 820 821 822,0,3038,0,false,false,0,0
837,Shantay Guard,,40228 253 40187 40162 10218 40262 181 519,808 819 820 821 822,0,3038,0,false,false,0,0
838,Shantay Guard,,40228 248 40187 40162 10218 40262 181 519,808 819 820 821 822,0,3038,0,false,false,0,0
839,Desert Wolf,,26265,6580 6556,1491,53,0,false,true,0,0
840,Ugthanki,,38648,9669 9670 9671 9672 9673,2163,13,0,false,true,0,0
841,Mine cart driver,,217 246 292 170 176 265 185,808 819 820 821 822,0,3038,0,false,false,0,0
842,Rowdy Guard,,219 246 294 167 179 254 185 490 517,808 819 820 821 822,0,3038,0,false,false,0,0
843,RPDT employee,,215 292 249 151 10218 271 185 194 327,808 819 820 821 822,0,3038,0,false,false,0,0
844,,,,808 819 820 821 822,0,3038,0,false,true,0,0
845,Horacio,,214 185 250 299 32592 10218 271 276 329 495,808 819 820 821 822,0,3038,0,false,false,0,0
846,Kangai Mau,,215 246 292 173 276 179 185 254 326,808 819 820 821 822,0,3038,0,false,false,0,0
847,Head chef,,215 199 251 305 170 176 254 181 18923,808 819 820 821 822,0,3038,0,false,false,0,0
848,Blurberry,,2909 2900 2917,195 189,319,88,0,false,true,0,0
849,Barman,,2909 2900 2915,195 189,319,88,0,false,true,0,0
850,Aluft Gianne snr.,,17010 2909 2917,195 189,319,88,0,false,true,0,0
851,Gnome Waiter,,2909 2900 2915,195 189,319,88,0,false,true,0,0
852,Ogre chieftain,,20379 20373,357 358,321,23,0,false,true,0,0
853,Og,,20372 20383,357 358,321,23,0,false,true,0,0
854,Grew,,20373 20384,357 358,321,23,0,false,true,0,0
855,Toban,,20374 20385,357 358,321,23,0,false,false,0,0
856,Gorad,,20371 20386,357 358,321,23,0,false,false,0,0
857,Ogre guard,,20377 14116,357 358,321,23,0,false,true,0,0
858,Ogre guard,,20376 14116,357 358,321,23,0,false,true,0,0
859,Ogre guard,,20375 14116,357 358,321,23,0,false,true,0,0
860,Ogre guard,,20377 14116,357 358,321,23,0,false,true,0,0
861,Ogre guard,,20376 14116,357 358,321,23,0,false,true,0,0
862,City guard,,20379 20374,357 358,321,23,0,false,false,0,0
863,Scared skavid,,20388,257 254,337,6,0,false,true,0,0
864,Mad skavid,,20388,257 254,337,6,0,false,true,0,0
865,Skavid,,20388,257 254,337,6,0,false,true,0,0
866,Skavid,,20388,257 254,337,6,0,false,true,0,0
867,Skavid,,20388,257 254,337,6,0,false,true,0,0
868,Skavid,,20388,257 254,337,6,0,false,true,0,0
869,Skavid,,20388,257 254,337,6,0,false,true,0,0
870,Enclave guard,,20378 20373,357 358,321,23,0,false,true,0,0
871,,,,808 819 820 821 822,0,3038,0,false,true,0,0
872,Watchtower Wizard,,20397 217 20400 20401 20405 20395 177 20403 181 3189,808 819 820 821 822,0,3038,0,false,false,0,0
873,Ogre trader,,2874 14116,357 358,321,23,0,false,true,0,0
874,Ogre merchant,,2874 14116,357 358,321,23,0,false,true,0,0
875,Ogre trader,,2874 14116,357 358,321,23,0,false,true,0,0
876,Ogre trader,,2874 14116,357 358,321,23,0,false,true,0,0
877,Tower guard,,233 246 301 151 179 254 185 517 519,808 819 820 821 822,0,3038,0,false,false,0,0
878,Colonel Radick,,214 244 250 313 164 179 268 185 323 550 3330,808 819 820 821 822,0,3038,0,false,false,0,0
879,Delrith,,17382 17387 17392,66 63,1078,30,0,false,false,0,0
880,Weakened Delrith,,17382 17387 17392 17389,4619 63,1078,30,0,false,false,0,0
881,Traiborn,,20399 215 251 20405 3189 20395 177 40268 181 245 40171,808 819 820 821 822,0,3038,0,false,false,0,0
882,Gypsy Aris,,408 15010 11359 332 10706 17548,808 819 820 821 822,0,3038,0,false,true,0,0
883,Sir Prysin,,17522 17529 17515 17520 17526 17517,808 819 820 821 822,0,3038,0,false,false,0,0
884,Captain Rovin,,40614,808 819 820 821 822,0,3038,0,false,false,0,0
885,Ceril Carnillean,,217 246 299 32592 10218 274 185 323 281 201,808 819 820 821 822,0,3038,0,false,false,0,0
886,Claus the chef,,230 246 302 32592 10218 263 181 199,808 819 820 821 822,0,3038,0,false,true,0,0
887,Guard,,225 301 162 179 274 185,808 819 820 821 822,0,3038,0,false,false,0,0
888,Philipe Carnillean,,28593,7158 7160,1628,64,0,false,false,0,0
889,Henryeta Carnillean,,378 361 470 343 353 421 482 447 412,808 819 820 821 822,0,3038,0,false,false,0,0
890,Butler Jones,,235 247 292 167 10218 267 185 327,808 819 820 821 822,0,3038,0,false,false,0,0
891,Alomone,,208 251 292 162 176 256 286,808 819 820 821 822,0,3038,0,false,false,0,0
892,Hazeel,,231 246 315 32593 10218 275 33033 328 239,808 819 820 821 822,0,3038,0,false,false,0,0
893,Clivet,,226 246 299 162 176 256 286 534 567,808 819 820 821 822,0,3038,0,false,false,0,0
894,Hazeel Cultist,,226 246 292 170 176 256 286 534,808 819 820 821 822,0,3038,0,false,false,0,0
895,Boy,,28603 28646 28664 28611 28624 28673,7158 7160,1628,64,0,false,false,0,0
896,Nora T. Hagg,,405 470 348 353 428 361 377,808 819 820 821 822,0,3038,0,false,false,0,0
897,Witch's experiment,,20388,257 254,337,6,0,false,true,0,0
898,Witch's experiment (second form),,20309 20312,5326 5325,1248,24,0,false,true,0,0
899,Witch's experiment (third form),,18882,4919 4923,1151,20,0,false,false,0,0
900,Witch's experiment (fourth form),,26264,6580 6556,1491,53,0,false,true,0,0
901,Mouse,,2927,242 239,331,5,0,false,true,0,0
902,Gundai,,215 253 245 303 167 176 274 185,808 819 820 821 822,0,3038,0,false,false,0,0
903,Lundail,,230 252 303 173 176 274 185,808 819 820 821 822,0,3038,0,false,false,0,0
904,Chamber guardian,,214 250 303 170 176 265 185 317,808 819 820 821 822,0,3038,0,false,false,0,0
905,Kolodion,,162 185 176 208 250 265 292 236 290,808 819 820 821 822,0,3038,0,false,false,0,0
906,Kolodion,,162 185 176 208 250 265 292 236 290,808 819 820 821 822,0,3038,0,false,false,0,0
907,Kolodion,,162 185 176 208 250 265 292 236 290,808 819 820 821 822,0,3038,0,false,false,0,0
908,Kolodion,,2863 2871,130 127,302,8,0,false,true,0,0
909,Kolodion,,20306 20305,5318 5317,1248,24,0,false,true,0,0
910,Kolodion,,221 246 292 162 176 267 33033,842 841,0,3038,0,false,false,0,0
911,Kolodion,,17378 17394 17387 17399,66 63,1078,30,0,false,false,0,0
912,Battle mage,,207 246 243 310 168 176 260 323 185 544,808 819 820 821 822,0,3038,0,false,false,0,0
913,Battle mage,,217 250 292 170 176 265 323 185 554,808 819 820 821 822,0,3038,0,false,false,0,0
914,Battle mage,,2909 2898 2920,195 189,319,88,0,false,true,0,0
915,Leela,,393 456 332 353 419 358 376,808 819 820 821 822,0,3038,0,false,true,0,0
916,Joe,,217 246 294 173 179 268 185 502,808 819 820 821 822,0,3038,0,false,false,0,0
917,Jail guard,,217 246 311 151 179 257 502,808 819 820 821 822,0,3038,0,false,false,0,0
918,Ned,,215 253 299 151 10218 263 185 194 9621,808 819 820 821 822,0,3038,0,false,false,0,0
919,Lady Keli,,390 456 332 353 428 358,808 819 820 821 822,0,3038,0,false,true,0,0
920,Prince Ali,,40615 215 246 40612 323 40611 176 40616 181,808 819 820 821 822,0,3038,0,false,false,0,0
921,Prince Ali,,214 181 246 292 151 176 265,808 819 820 821 822,0,3038,0,false,true,0,0
922,Aggie,,29617,808 819 820 821 822,0,3038,0,false,true,0,0
923,Hassan,,29689 40192 29685 40255 29690 40167 29683 281,808 819 820 821 822,0,3038,0,false,true,0,0
924,Osman,,208 254 249 170 176 181 292,808 819 820 821 822,0,3038,0,false,false,0,0
925,Border Guard,,40314,9735 9736,0,3038,0,false,false,0,0
926,Border Guard,,40314,9735 9736,0,3038,0,false,false,0,0
927,Fishing spot,,36844,9645,2130,3,0,false,false,0,0
928,Gujuo,,231 246 309 167 176 265 181 540,813 1205 1206 1207 1208,0,3038,0,false,true,0,0
929,Ungadulu,,214 250 292 170 176 265 181 534,808 819 820 821 822,0,3038,0,false,true,0,0
930,Ungadulu,,214 250 292 170 176 265 181 534,808 819 820 821 822,0,3038,0,false,true,0,0
931,Jungle savage,,231 246 309 33034 10218 266 33033 540,813 1205 1206 1207 1208,0,3038,0,false,false,0,0
932,Fionella,,390 470 343 484 353 437 361 376,808 819 820 821 822,0,3038,0,false,false,0,0
933,Siegfried Erkle,,230 250 292 327 162 176 274 185,808 819 820 821 822,0,3038,0,false,false,0,0
934,Nezikchened,,17375 17391 17384 17399,66 63,1078,30,0,false,false,0,0
935,Viyeldi,,202 292 170 256 534 209,808,0,3038,0,false,false,0,0
936,San Tojalon,,21195,5483 5481,1291,57,0,false,true,0,0
937,Irvig Senay,,21192,5483 5481,1291,57,0,false,true,0,0
938,Ranalph Devere,,21194,5483 5481,1291,57,0,false,true,0,0
939,Boulder,,2846,6,277,1,0,false,true,0,0
940,Echned Zekin,,21153,5538 5539,1290,13,0,false,false,0,0
941,Green dragon,,17407 17425 17418,90 79,1080,54,0,false,true,0,0
942,Master chef,,199 235 253 42895 11326 42891 42901 26119 12767 10218,808 819 820 821 822,0,3038,0,false,false,0,0
943,Survival expert,,384 9643 6699 3194 343 11777 27657 26141,808 819 820 821 822,0,3038,0,false,false,0,0
944,Combat instructor,,231 252 315 165 565 268 185 546 328 290 201,2561 819 820 821 822,0,3038,0,false,false,0,0
945,RuneScape guide,,198 230 27646 42894 3330 156 10218 26126 185,808 819 820 821 822,0,3038,0,false,false,0,0
946,Magic instructor,,20398 42897 250 40192 162 176 21895 14460 9617,813 819 820 821 822,0,3038,0,false,false,0,0
947,Financial advisor,,6848 25662 247 40209 10301 12138 19948,808 819 820 821 822,0,3038,0,false,false,0,0
948,Mining instructor,,211 249 19828 20753 11726 19332 509 32066,808 819 820 821 822,0,3038,0,false,false,0,0
949,Quest guide,,230 249 42892 21868 42104 11869 185,808 819 820 821 822,0,3038,0,false,false,0,0
950,Giant rat,,18891 18889 18894,4932 4931,1152,10,0,false,false,0,0
951,Chicken,,23905,5386 5385,1255,13,0,false,true,0,0
952,Fishing spot,,36844,9645,2130,3,0,false,false,0,0
953,Banker,,215 246 17365 14372 29687 12082,808 819 820 821 822,0,3038,0,false,false,0,0
954,Brother Brace,,223 42898 246 16254 16253 176 260 181,808 819 820 821 822,0,3038,0,false,true,0,0
955,Cow,,23896,5852 5848,1338,21,0,false,true,0,0
956,Drunken Dwarf,,2974 2986 2983 2979 2981 2985 2992,900 104,297,51,0,false,false,0,0
957,Mubariz,,230 252 201 303 317 169 179 254 276 185,808 819 820 821 822,0,3038,0,false,false,0,0
958,Fadli,,210 249 296 33034 179 254 185,808 819 820 821 822,0,3038,0,false,false,0,0
959,A'abla,,393 29698 29708 353 29701 417 29706,808 819 820 821 822,0,3038,0,false,false,0,0
960,Sabreen,,215 246 29682 29693 176 29688 29684 29691,808 819 820 821 822,0,3038,0,false,true,0,0
961,Surgeon General Tafani,,393 29698 29708 353 29701 417 29706 18979,808 819 820 821 822,0,3038,0,false,false,0,0
962,Jaraah,,230 250 302 32592 179 263 185 536 3190,808 819 820 821 822,0,3038,0,false,false,0,0
963,Zahwa,,206 253 310 151 10218 275 181 236,808 819 820 821 822,0,3038,0,false,false,0,0
964,Ima,,215 253 188 292 170 176 267 181,808 819 820 821 822,0,3038,0,false,false,0,0
965,Sabeil,,215 250 188 292 170 176 267 181,808 819 820 821 822,0,3038,0,false,false,0,0
966,Jadid,,215 251 188 292 170 176 267 181,808 819 820 821 822,0,3038,0,false,false,0,0
967,Dalal,,391 364 456 348 353 428 358,808 819 820 821 822,0,3038,0,false,true,0,0
968,Afrah,,391 364 456 348 353 431 358,808 819 820 821 822,0,3038,0,false,true,0,0
969,Jeed,,390 456 348 353 428 358,808 819 820 821 822,0,3038,0,false,true,0,0
970,Diango,,186 217 253 292 320 167 179 3329 730,808 819 820 821 822,0,3038,0,false,false,0,0
971,Chadwell,,230 292 254 246 173 181 176,808 819 820 821 822,0,3038,0,false,true,0,0
972,Koftik,,163 185 176 208 249 274 292 326,808 819 820 821 822,0,3038,0,false,false,0,0
973,Koftik,,163 185 176 208 249 274 292 326,808 819 820 821 822,0,3038,0,false,false,0,0
974,Koftik,,163 185 176 208 249 274 292 326,808 819 820 821 822,0,3038,0,false,false,0,0
975,Koftik,,163 185 176 208 249 274 292 326,808 819 820 821 822,0,3038,0,false,false,0,0
976,Koftik,,163 185 176 208 249 274 292 326,808 819 820 821 822,0,3038,0,false,false,0,0
977,Blessed spider,,20309 20312,5326 5325,1248,24,0,false,true,0,0
978,Blessed giant rat,,18891 18889 18894,4932 4931,1152,10,0,false,false,0,0
979,Slave,,230 310 275 246 173 33033 176,808 819 820 821 822,0,3038,0,false,false,0,0
980,Slave,,214 310 275 246 173 33033 176,808 819 820 821 822,0,3038,0,false,false,0,0
981,Slave,,210 310 275 246 173 33033 176,808 819 820 821 822,0,3038,0,false,false,0,0
982,Slave,,207 310 275 248 173 33033 176,808 819 820 821 822,0,3038,0,false,false,0,0
983,Slave,,203 310 275 246 173 33033 176,808 819 820 821 822,0,3038,0,false,false,0,0
984,Slave,,208 310 275 249 173 33033 176,808 819 820 821 822,0,3038,0,false,false,0,0
985,Slave,,214 310 275 250 173 181 176,808 819 820 821 822,0,3038,0,false,false,0,0
986,Boulder,,40117,6,277,1,0,false,true,0,0
987,Unicorn,,25755,6374 6373,1472,9,0,false,false,0,0
988,Sir Jerro,,217 248 313 156 10218 268 185 518 541 3330,808 819 820 821 822,0,3038,0,false,false,0,0
989,Sir Carl,,214 250 313 156 10218 268 185 518 541 3330,808 819 820 821 822,0,3038,0,false,false,0,0
990,Sir Harry,,214 250 313 156 10218 268 185 518 541 3330,808 819 820 821 822,0,3038,0,false,false,0,0
991,Half-soulless,,230 310 275 246 32593 33033 10218,800,0,3038,0,false,false,0,0
992,Kardia,,405 474 347 421 10706 361 479 447 534 377,813 819 820 821 822,0,3038,0,false,false,0,0
993,Witch's cat,,34012,9158 9157,2035,31,0,false,true,0,0
994,Niloof,,2970 2984 2981 2979 2985 2990,101 98,297,51,0,false,false,0,0
995,Klank,,2971 2984 2981 2979 2985,101 98,297,51,0,false,false,0,0
996,Kamen,,2972 2984 2981 2979 2985 2990,101 98,297,51,0,false,false,0,0
997,Kalrag,,20314 20298,5318 5317,1248,24,0,false,true,0,0
998,Othainian,,17375 17391 17384 17399,66 63,1078,30,0,false,false,0,0
999,Doomion,,17377 17396 17386 17400,66 63,1078,30,0,false,false,0,0
1000,Holthion,,17375 17393 17385 17399,66 63,1078,30,0,false,false,0,0
1001,Dark mage,,235 181 249 292 170 176 260,808 819 820 821 822,0,3038,0,false,true,0,0
1002,Disciple of Iban,,235 181 249 292 170 176 260,808 819 820 821 822,0,3038,0,false,true,0,0
1003,Lord Iban,,221 292 179 170 325 286 251 265,346 819 820 821 822,0,3038,0,false,false,0,0
1004,Spider,,24613,6247 6248,1427,5,0,false,false,0,0
1005,Giant bat,,18898,4914 4913,1153,17,0,false,false,0,0
1006,Sea slug,,560,932 933,334,2,0,false,true,0,0
1007,Zamorak wizard,,206 181 248 292 323 170 176 265 544,808 819 820 821 822,0,3038,0,false,false,0,0
1008,Hamid,,230 181 246 292 170 176 260,808 819 820 821 822,0,3038,0,false,true,0,0
1009,Poison spider,,20315 20316,5326 5325,1248,24,0,false,true,0,0
1010,Rantz,,2878 3442,357 358,321,23,0,false,false,0,0
1011,Fycie,,2878 3441,357 358,321,23,0,false,false,0,0
1012,Bugs,,2878 3441,357 358,321,23,0,false,false,0,0
1013,Swamp toad,,3447,1018 1021,380,5,0,false,true,0,0
1014,Bloated Toad,,3447,1020,380,5,0,false,true,0,0
1015,Iron pickaxe,,4922,1445 181,317,12,0,false,true,0,0
1016,Chompy bird,,26861,6768,1536,17,0,false,false,0,0
1017,Chicken,,23905,5386 5385,1255,13,0,false,true,0,0
1018,Rooster,,23905,5386 5385,1255,13,0,false,true,0,0
1019,Fire elemental,,335,1027 1028,487,6,0,false,true,0,0
1020,Earth elemental,,18649,4866 4867,1130,7,0,false,true,0,0
1021,Air elemental,,172,1039,485,5,0,false,true,0,0
1022,Water elemental,,334,1045 1047,488,5,0,false,true,0,0
1023,Vampire,,4089 4090 4088 275 33033,808 819 820 821 822,0,3038,0,false,false,0,0
1024,,,6318,,,0,0,false,false,0,0
1025,,,6318,,,0,0,false,false,0,0
1026,,,6318,,,0,0,false,false,0,0
1027,,,6318,,,0,0,false,false,0,0
1028,Baby impling,,26366 26367,6613 6614,1494,6,0,false,false,0,0
1029,Young impling,,26365 26367,6613 6614,1494,6,0,false,false,0,0
1030,Gourmet impling,,26371 26367,6613 6614,1494,6,0,false,false,0,0
1031,Earth impling,,26369 26367,6613 6614,1494,6,0,false,false,0,0
1032,Essence impling,,26372 26367,6613 6614,1494,6,0,false,false,0,0
1033,Eclectic impling,,26370 26367,6613 6614,1494,6,0,false,false,0,0
1034,Nature impling,,26375 26367,6613 6614,1494,6,0,false,false,0,0
1035,Magpie impling,,26373 26367,6613 6614,1494,6,0,false,false,0,0
1036,Banker,,215 246 292 162 176 254 181 320,808,0,3038,0,false,true,0,0
1037,Prissy Scilla,,8238 2909 2922,195 189,319,88,0,false,true,0,0
1038,Rufus,,26121 26133 26118 26128 26119,808 819 820 821 822,0,3038,0,false,true,0,0
1039,Barker,,26122 26134 26114 26129 26119,808 819 820 821 822,0,3038,0,false,true,0,0
1040,Fidelio,,26121 26130 26114 26125 26119,808 819 820 821 822,0,3038,0,false,true,0,0
1041,Sbott,,26122 26131 26115 26126 26119,808 819 820 821 822,0,3038,0,false,true,0,0
1042,Roavar,,26123 26132 26116 26127 26119,808 819 820 821 822,0,3038,0,false,false,0,0
1043,Will o' the wisp,,3558,1071,930,1,0,false,true,0,0
1044,Monk of Zamorak,,31576 31598 31602 31577 31589 31607,808 819 820 821 822,0,3038,0,false,false,0,0
1045,Monk of Zamorak,,31570 31594 31603 31577 31586 31607,808 819 820 821 822,0,3038,0,false,true,0,0
1046,Monk of Zamorak,,31568 31597 31603 31577 31589 31607,808 819 820 821 822,0,3038,0,false,false,0,0
1047,,,,808 819 820 821 822,0,3038,0,false,true,0,0
1048,,,,808 819 820 821 822,0,3038,0,false,true,0,0
1049,Drezel,,31568 31592 31602 31577 31584 31607,808 819 820 821 822,0,3038,0,false,true,0,0
1050,Filliman Tarlock,,210 292 256 170 250 176 280,842 841,0,3038,0,false,false,0,0
1051,Nature Spirit,,210 292 256 170 250 176 280 3604,842 841,0,3038,0,false,false,0,0
1052,Ghast,,3559,1092 1091,604,11,0,false,true,0,0
1053,Ghast,,3559,1086 1085,604,11,0,false,true,0,0
1054,Ulizius,,232 181 246 292 170 176 260 317 317 325 536,808 819 820 821 822,0,3038,0,false,false,0,0
1055,Pirate Jackie the Fruit,,388 456 332 356 433 361,808 819 820 821 822,0,3038,0,false,false,0,0
1056,Mime,,40225 3667 292 163 179 254 185,808,0,3038,0,false,false,0,0
1057,Strange watcher,,223 250 292 170 176 3599,1137,0,3038,0,false,true,0,0
1058,Strange watcher,,206 252 315 173 176 3599,1137,0,3038,0,false,true,0,0
1059,Strange watcher,,209 306 156 176 3599,1137,0,3038,0,false,false,0,0
1060,Denulth,,225 295 150 254 185 323 3780,808 819 820 821 822,0,3038,0,false,false,0,0
1061,Sergeant,,225 295 150 254 185 323 3780,808 819 820 821 822,0,3038,0,false,false,0,0
1062,Sergeant,,225 295 150 254 185 323 3780,808 819 820 821 822,0,3038,0,false,false,0,0
1063,Soldier,,225 295 150 254 185 317 3780,808 819 820 821 822,0,3038,0,false,false,0,0
1064,Soldier,,225 295 150 254 185 317 3780,808 819 820 821 822,0,3038,0,false,false,0,0
1065,Soldier,,225 295 150 254 185 317 3780,808 819 820 821 822,0,3038,0,false,false,0,0
1066,Soldier,,217 295 150 264 3710 246,1144,0,3038,0,false,false,0,0
1067,Soldier,,230 295 150 264 3710 246,1144,0,3038,0,false,false,0,0
1068,Soldier,,214 295 150 264 3710 246,1144,0,3038,0,false,false,0,0
1069,Soldier,,217 295 150 3779 246,1147,0,3038,0,false,true,0,0
1070,Saba,,206 250 315 32593 10218 275 181,808 819 820 821 822,0,3038,0,false,true,0,0
1071,Tenzing,,230 253 292 162 179 274 3704 3706 3707 3711,813 1146 820 821 822,0,3038,0,false,false,0,0
1072,Eadburg,,393 374 467 332 353 428 358,808 819 820 821 822,0,3038,0,false,true,0,0
1073,Archer,,220 246 303 167 179 277 185 563,808 819 820 821 822,0,3038,0,false,false,0,0
1074,Archer,,220 250 303 151 179 277 185 563,808 819 820 821 822,0,3038,0,false,false,0,0
1075,Archer,,220 248 303 167 179 277 185 563,808 819 820 821 822,0,3038,0,false,false,0,0
1076,Guard,,219 248 294 167 179 274 185 542 541,808 819 820 821 822,0,3038,0,false,false,0,0
1077,Guard,,219 253 298 32592 179 263 185 542 541,808 819 820 821 822,0,3038,0,false,false,0,0
1078,Harold,,219 246 294 167 179 274 185,808 819 820 821 822,0,3038,0,false,false,0,0
1079,Tostig,,217 247 302 32592 10218 263 185,808 819 820 821 822,0,3038,0,false,false,0,0
1080,Eohric,,215 246 292 170 176 267 181,808 819 820 821 822,0,3038,0,false,true,0,0
1081,Servant,,215 246 292 170 176 267 181,808 819 820 821 822,0,3038,0,false,true,0,0
1082,Dunstan,,214 252 302 167 179 263 185 491,808 819 820 821 822,0,3038,0,false,false,0,0
1083,Wistan,,230 249 305 151 176 254 185,808 819 820 821 822,0,3038,0,false,false,0,0
1084,Breoca,,208 246 292 163 179 254 185,808 819 820 821 822,0,3038,0,false,false,0,0
1085,Ocga,,208 249 292 163 179 254 185,808 819 820 821 822,0,3038,0,false,false,0,0
1086,Man,,215 246 292 3707 151 176 3711 254 181,813 1146 820 821 822,0,3038,0,false,false,0,0
1087,Penda,,214 246 292 151 10218 254 181,808 819 820 821 822,0,3038,0,false,true,0,0
1088,Hygd,,398 470 348 356 421 361,808 819 820 821 822,0,3038,0,false,false,0,0
1089,Ceolburg,,398 470 348 356 421 361 444,808 819 820 821 822,0,3038,0,false,false,0,0
1090,Hild,,378 456 332 10706 431 358 447,808 819 820 821 822,0,3038,0,false,true,0,0
1091,Bob,,34020,9158 9157,2035,31,0,false,true,0,0
1092,White Knight,,11744 306 164 179 546 268 4954,7047 7046 7045 7044 7043,0,3038,0,false,false,0,0
1093,Billy,,20273 20281 20277,5339 5340,1247,13,0,false,false,0,0
1094,Mountain goat,,20273 20281 20275,5339 5340,1247,13,0,false,false,0,0
1095,Rock,,3753 3759 3756 3768 3770 3760 3773,927 1141,461,49,0,false,false,0,0
1096,Stick,,3754 3758 3756 3766 3763,286 283,461,49,0,false,false,0,0
1097,Pee Hat,,3753 3758 3756 3766 3762,926 1139,461,49,0,false,false,0,0
1098,Kraka,,3753 3759 3756 3773 3766 3763,926 1139,461,49,0,false,false,0,0
1099,Dung,,3753 3759 3755 3772 3767,286 283,461,49,0,false,false,0,0
1100,Ash,,3754 3758 3756 3772 3764,286 283,461,49,0,false,false,0,0
1101,Thrower Troll,,3753 3758 3755 3765,286 283,461,49,0,false,false,0,0
1102,Thrower Troll,,3753 3759 3755 3765,286 283,461,49,0,false,false,0,0
1103,Thrower Troll,,3753 3758 3756 3765,286 283,461,49,0,false,false,0,0
1104,Thrower Troll,,3754 3758 3755 3765,286 283,461,49,0,false,false,0,0
1105,Thrower Troll,,3753 3759 3755 3765,286 283,461,49,0,false,false,0,0
1106,Mountain troll,,3753 3758 3756 3762,286 283,461,49,0,false,false,0,0
1107,Mountain troll,,3753 3759 3755 3763,286 283,461,49,0,false,false,0,0
1108,Mountain troll,,3753 3758 3756 3762 3766,926 1139,461,49,0,false,false,0,0
1109,Mountain troll,,3753 3758 3755 3763,286 283,461,49,0,false,false,0,0
1110,Mountain troll,,3753 3759 3756 3762 3766,926 1139,461,49,0,false,false,0,0
1111,Mountain troll,,3754 3758 3755 3763,286 283,461,49,0,false,false,0,0
1112,Mountain troll,,3753 3759 3755 3762,286 283,461,49,0,false,false,0,0
1113,Eadgar,,230 250 310 32593 10218 275 33033 326,808 819 820 821 822,0,3038,0,false,false,0,0
1114,Godric,,215 295 150 254 185 246,808 819 820 821 822,0,3038,0,false,false,0,0
1115,Troll general,,3753 3759 3756 3768 3770 3760 3757 3774,927 1141,461,49,0,false,false,0,0
1116,Troll general,,3754 3759 3756 3769 3770 3760 3757 3774,926 1139,461,49,0,false,false,0,0
1117,Troll general,,3753 3759 3755 3769 3770 3760 3757 3774,926 1139,461,49,0,false,false,0,0
1118,Troll spectator,,3753 3758 3756 3762,286 283,461,49,0,false,false,0,0
1119,Troll spectator,,3753 3759 3755 3763,286 283,461,49,0,false,false,0,0
1120,Troll spectator,,3753 3758 3756 3762 3766,926 1139,461,49,0,false,false,0,0
1121,Troll spectator,,3753 3758 3755 3763,286 283,461,49,0,false,false,0,0
1122,Troll spectator,,3753 3759 3756 3762 3766,926 1139,461,49,0,false,false,0,0
1123,Troll spectator,,3754 3758 3755 3763,286 283,461,49,0,false,false,0,0
1124,Troll spectator,,3753 3759 3755 3762,286 283,461,49,0,false,false,0,0
1125,Dad,,3753 3759 3756 3773 3761,925 1140,461,49,0,false,false,0,0
1126,Twig,,3754 3758 3756 3769 3771,286 283,461,49,0,false,false,0,0
1127,Berry,,3754 3758 3756 3763 3771,286 283,461,49,0,false,false,0,0
1128,Twig,,3754 3758 3756 3769 3771,1159 283,461,49,0,false,false,0,0
1129,Berry,,3754 3758 3756 3763 3771,1159 283,461,49,0,false,false,0,0
1130,Thrower troll,,3753 3758 3755 3765,286 283,461,49,0,false,false,0,0
1131,Thrower troll,,3753 3759 3755 3765,286 283,461,49,0,false,false,0,0
1132,Thrower troll,,3753 3758 3756 3765,286 283,461,49,0,false,false,0,0
1133,Thrower troll,,3754 3758 3755 3765,286 283,461,49,0,false,false,0,0
1134,Thrower troll,,3753 3759 3755 3765,286 283,461,49,0,false,false,0,0
1135,Cook,,3754 3758 3756 3772 3764,286 283,461,49,0,false,false,0,0
1136,Cook,,3754 3758 3755 3772 3767,286 283,461,49,0,false,false,0,0
1137,Cook,,3754 3759 3756 3772 3767,286 283,461,49,0,false,false,0,0
1138,Mountain troll,,3753 3759 3755 3769,286 283,461,49,0,false,false,0,0
1139,Mushroom,,3754 3758 3756 3769,1159 283,461,49,0,false,false,0,0
1140,Mountain goat,,20273 20280 20275,5339 5340,1247,13,0,false,false,0,0
1141,Mountain goat,,20273 20280 20279,5339 5340,1247,13,0,false,false,0,0
1142,Guard,,3753 3758 3756 3763,286 283,461,49,0,false,false,0,0
1143,Guard,,3753 3759 3755 3763,286 283,461,49,0,false,false,0,0
1144,Guard,,3753 3758 3756 3763 3766,286 283,461,49,0,false,false,0,0
1145,Guard,,3753 3758 3755 3763,286 283,461,49,0,false,false,0,0
1146,Guard,,3753 3758 3756 3763,286 283,461,49,0,false,false,0,0
1147,Guard,,3754 3758 3755 3763,286 283,461,49,0,false,false,0,0
1148,Guard,,3753 3758 3756 3763,286 283,461,49,0,false,false,0,0
1149,Guard,,3753 3758 3756 3763,286 283,461,49,0,false,false,0,0
1150,Guard,,3753 3758 3756 3763,286 283,461,49,0,false,false,0,0
1151,Burntmeat,,3754 3758 3756 3772 3764,286 283,461,49,0,false,false,0,0
1152,Weird Old Man,,230 250 310 32593 10218 275 181,808 819 820 821 822,0,3038,0,false,false,0,0
1153,Kalphite Worker,,24596,6218 6220,1422,31,0,false,false,0,0
1154,Kalphite Soldier,,24595,6218 6220,1422,31,0,false,false,0,0
1155,Kalphite Guardian,,24594,6219 6222,1422,31,0,false,false,0,0
1156,Kalphite Worker,,24596,6218 6220,1422,31,0,false,false,0,0
1157,Kalphite Guardian,,24594,6219 6222,1422,31,0,false,false,0,0
1158,Kalphite Queen,,24597 24598,6239 6238,1422,31,0,false,false,0,0
1159,Kalphite Queen,,3850,1183 1189,575,7,0,false,true,0,0
1160,Kalphite Queen,,24602 24605 24606,6236,1425,10,0,false,false,0,0
1161,Kalphite Larva,,24591,6218 6221,1422,31,0,false,false,0,0
1162,Timfraku,,3615 230 246 8928 8916 10218 540 8925 8919,813 819 820 821 822,0,3038,0,false,false,0,0
1163,Tiadeche,,231 8919 246 315 33034 10218 8925 201 289,808 819 820 821 822,0,3038,0,false,false,0,0
1164,Tiadeche,,231 8919 246 8928 8916 10218 8925 201 289,808 819 820 821 822,0,3038,0,false,false,0,0
1165,Tinsay,,206 250 8928 8916 10218 8925 8919 553 201,813 819 820 821 822,0,3038,0,false,false,0,0
1166,Tinsay,,206 250 8928 8916 10218 8925 8919 553 201,813 819 820 821 822,0,3038,0,false,false,0,0
1167,Tamayu,,231 8919 246 315 33034 10218 8925 540 201,813 819 820 821 822,0,3038,0,false,false,0,0
1168,Tamayu,,231 8919 246 315 33034 10218 8925 540 201,813 819 820 821 822,0,3038,0,false,false,0,0
1169,Tamayu,,231 8919 246 315 33034 10218 8925 540 201,813 819 820 821 822,0,3038,0,false,false,0,0
1170,Tamayu,,231 8919 246 315 33034 10218 8925 540 201,813 819 820 821 822,0,3038,0,false,false,0,0
1171,Lubufu,,185 246 3873 173 176 254,808 819 820 821 822,0,3038,0,false,false,0,0
1172,The Shaikahan,,3879,1198 1197,315,6,0,false,false,0,0
1173,The Shaikahan,,3879,1198 1197,315,6,0,false,false,0,0
1174,Fishing spot,,36844,9645,2130,3,0,false,false,0,0
1175,Fishing spot,,36844,9645,2130,3,0,false,false,0,0
1176,Fishing spot,,36844,9645,2130,3,0,false,false,0,0
1177,Fishing spot,,36844,9645,2130,3,0,false,false,0,0
1178,Fishing spot,,36844,9645,2130,3,0,false,false,0,0
1179,Gull,,26841,6771 6773,1538,18,0,false,true,0,0
1180,Cormorant,,26840,6772 6774,1538,18,0,false,true,0,0
1181,Pelican,,26846,6772 6774,1538,18,0,false,false,0,0
1182,Lord Iorwerth,,4014 4020 4022 4024 4033 4026,808 819 820 821 822,0,3038,0,false,false,0,0
1183,Elf warrior,,4014 4018 4022 4024 4044,813 819 820 821 822,0,3038,0,false,true,0,0
1184,Elf warrior,,4014 4018 4022 4024 4033,813 819 820 821 822,0,3038,0,false,true,0,0
1185,Elven city guard,,4014 4018 4022 4024 4033,813 819 820 821 822,0,3038,0,false,true,0,0
1186,Idris,,4016 4020 4023 4025 4017,808 819 820 821 822,0,3038,0,false,false,0,0
1187,Essyllt,,4014 4018 4022 4024 563,808 819 820 821 822,0,3038,0,false,true,0,0
1188,Morvran,,4014 4018 4022 4024 563,808 819 820 821 822,0,3038,0,false,true,0,0
1189,Fishing spot,,36844,9645,2130,3,0,false,false,0,0
1190,Fishing spot,,36844,9645,2130,3,0,false,false,0,0
1191,Fishing spot,,36844,9645,2130,3,0,false,false,0,0
1192,Rabbit,,23901,6089 6088,1395,20,0,false,true,0,0
1193,Rabbit,,23901,6089 6088,1395,20,0,false,true,0,0
1194,Rabbit,,23901,6089 6088,1395,20,0,false,true,0,0
1195,Grizzly bear,,18884,4919 4923,1151,20,0,false,false,0,0
1196,Grizzly bear cub,,18883,4920 4924,1151,20,0,false,false,0,0
1197,Grizzly bear cub,,18883,4920 4924,1151,20,0,false,false,0,0
1198,Dire Wolf,,26264,6580 6556,1491,53,0,false,true,0,0
1199,Elf Tracker,,4014 4020 4022 4025,808 819 820 821 822,0,3038,0,false,false,0,0
1200,Tyras guard,,164 185 179 4019 3329 313 555,808 819 820 821 822,0,3038,0,false,false,0,0
1201,Elf warrior,,4014 4018 4022 4024 4044,813 819 820 821 822,0,3038,0,false,true,0,0
1202,Arianwyn,,4015 4021 4023 4025 4027,808 819 820 821 822,0,3038,0,false,false,0,0
1203,Tyras guard,,164 185 179 4019 3329 313 555,813 1205 1206 1207 1208,0,3038,0,false,false,0,0
1204,Tyras guard,,164 185 179 4019 3329 313 555,813 1205 1206 1207 1208,0,3038,0,false,false,0,0
1205,,,,8705 2769,0,3038,0,false,true,0,0
1206,Tyras guard,,164 185 179 4019 3329 313 555,813 1205 1206 1207 1208,0,3038,0,false,false,0,0
1207,,,,8707 2769,0,3038,0,false,true,0,0
1208,Quartermaster,,164 185 176 215 246 3329 313,808 819 820 821 822,0,3038,0,false,false,0,0
1209,Koftik,,163 185 176 208 249 274 292 326,808 819 820 821 822,0,3038,0,false,false,0,0
1210,Kings messenger,,151 176 235 253 273 292 317,808 819 820 821 822,0,3038,0,false,false,0,0
1211,Will o' the wisp,,3558,1071,930,1,0,false,true,0,0
1212,Will o' the wisp,,3558,1071,930,1,0,false,true,0,0
1213,Tegid,,31571 31606 31593 31599 31578 31585 31579,8501 819 820 821 822,0,3038,0,false,false,0,0
1214,Thistle,,4067,,,0,0,false,false,0,0
1215,Parrots,,26868,,,0,0,false,false,0,0
1216,Parroty Pete,,215 292 251 151 10218 271 185 194 327 319,808 819 820 821 822,0,3038,0,false,false,0,0
1217,Gardener,,6848 249 10705 170 179 495 274 185 4390,808 819 820 821 822,0,3038,0,false,false,0,0
1218,Ghoul,,4077 4078 4076 275 181,1275 819 820 821 822,0,3038,0,false,true,0,0
1219,Leech,,4083,1270 1269,678,7,0,false,false,0,0
1220,Vampire,,4089 4090 4088 275 33033,808 819 820 821 822,0,3038,0,false,false,0,0
1221,Spider,,24613,6247 6248,1427,5,0,false,false,0,0
1222,Mist,,4086,1261,680,2,0,false,true,0,0
1223,Vampire,,4089 310 151 4088 275 33033,808 819 820 821 822,0,3038,0,false,false,0,0
1224,Vampyric hound,,26266,6580 6556,1491,53,0,false,false,0,0
1225,Vampire,,4089 306 174 176 265 546,808 819 820 821 822,0,3038,0,false,true,0,0
1226,Tree,,3014,,,0,0,false,false,0,0
1227,Myre Blamish Snail,,4108,1276 1274,638,5,0,false,false,0,0
1228,Blood Blamish Snail,,4108,1276 1274,638,5,0,false,false,0,0
1229,Ochre Blamish Snail,,4108,1276 1274,638,5,0,false,false,0,0
1230,Bruise Blamish Snail,,4108,1276 1274,638,5,0,false,false,0,0
1231,Bark Blamish Snail,,4108,1276 1274,638,5,0,false,false,0,0
1232,Myre Blamish Snail,,4109,1276 1274,638,5,0,false,false,0,0
1233,Blood Blamish Snail,,4109,1276 1274,638,5,0,false,false,0,0
1234,Ochre Blamish Snail,,4109,1276 1274,638,5,0,false,false,0,0
1235,Bruise Blamish Snail,,4109,1276 1274,638,5,0,false,false,0,0
1236,Fishing spot,,36844,9645,2130,3,0,false,false,0,0
1237,Fishing spot,,36844,9645,2130,3,0,false,false,0,0
1238,Fishing spot,,36844,9645,2130,3,0,false,false,0,0
1239,Bedabin Nomad Fighter,,230 247 191 292 170 176 265 185 490,808 819 820 821 822,0,3038,0,false,false,0,0
1240,Loar Shadow,,4143,1290 1289,651,4,0,false,true,0,0
1241,Loar Shade,,4140,1282 1281,649,8,0,false,false,0,0
1242,Shade Spirit,,4140,1308,649,8,0,false,false,0,0
1243,Phrin Shadow,,4143,1290 1289,651,4,0,false,true,0,0
1244,Phrin Shade,,4140,1282 1281,649,8,0,false,false,0,0
1245,Riyl Shadow,,4143,1290 1289,651,4,0,false,true,0,0
1246,Riyl Shade,,4140,1282 1281,649,8,0,false,false,0,0
1247,Asyn Shadow,,4143,1290 1289,651,4,0,false,true,0,0
1248,Asyn Shade,,4140,1282 1281,649,8,0,false,false,0,0
1249,Fiyr Shadow,,4143,1290 1289,651,4,0,false,true,0,0
1250,Fiyr Shade,,4140,1282 1281,649,8,0,false,false,0,0
1251,Afflicted(Ulsquire),,223 247 299 163 176 265 181,808 819 820 821 822,0,3038,0,false,false,0,0
1252,Ulsquire Shauncy,,223 247 299 163 176 265 181,808 819 820 821 822,0,3038,0,false,false,0,0
1253,Afflicted(Razmire),,235 248 305 170 176 274 181,808 819 820 821 822,0,3038,0,false,true,0,0
1254,Razmire Keelgan,,235 248 305 170 176 274 181,808 819 820 821 822,0,3038,0,false,true,0,0
1255,Mort'ton Local,,217 246 292 170 176 274 181,808 819,0,3038,0,false,true,0,0
1256,Mort'ton Local,,390 456 40401 10706 437 358,808 819,0,3038,0,false,true,0,0
1257,Afflicted,,217 246 292 170 176 275 181,808 1306,0,3038,0,false,true,0,0
1258,Afflicted,,390 456 40401 10706 438 358,808 1306,0,3038,0,false,true,0,0
1259,Mort'ton local,,230 251 310 151 10218 265 181,808 819,0,3038,0,false,false,0,0
1260,Mort'ton local,,399 474 346 10706 429 358,808 819,0,3038,0,false,false,0,0
1261,Afflicted,,230 251 310 151 10218 265 181,808 1306,0,3038,0,false,false,0,0
1262,Afflicted,,399 474 346 10706 429 358,808 1306,0,3038,0,false,false,0,0
1263,Wizard,,215 4114 250 4117 4112 4113 4116 4115,808 819 820 821 822,0,3038,0,false,false,0,0
1264,Saradomin wizard,,230 181 249 292 323 170 176 265 539,808 819 820 821 822,0,3038,0,false,false,0,0
1265,Rock Crab,,4399 4400,1310 1311,539,8,0,false,true,0,0
1266,Rocks,,4399 4400,1315 1311,539,8,0,false,true,0,0
1267,Rock Crab,,4399 4400,1310 1311,539,8,0,false,true,0,0
1268,Rocks,,4399 4400,1315 1311,539,8,0,false,true,0,0
1269,Olaf the Bard,,215 249 292 163 179 4226 4218 4391 4390 244 317,1318 819 820 821 822,0,3038,0,false,false,0,0
1270,Lalli,,3753 3759 3755,286 283,461,49,0,false,false,0,0
1271,Golden sheep,,20283 20288 20286,5339 5340,1247,13,0,false,false,0,0
1272,Golden sheep,,20282 20288 20286,5345 5344,1247,13,0,false,false,0,0
1273,Fossegrimen,,6142,808 819 820 821 822,0,3038,0,false,false,0,0
1274,Ospak,,206 252 292 162 176 3599 326 40305,1137 1323 1324 1325 1326,0,3038,0,false,true,0,0
1275,Styrmir,,206 252 292 162 176 3599 4391 4234,1137 1323 1324 1325 1326,0,3038,0,false,true,0,0
1276,Torbrund,,230 252 292 162 176 3599 4391 4234,1137 1323 1324 1325 1326,0,3038,0,false,true,0,0
1277,Fridgeir,,206 252 292 162 176 3599 4391 4234,1137 1323 1324 1325 1326,0,3038,0,false,true,0,0
1278,Longhall Bouncer,,4220 252 291 162 179 4226 4218 550 4222 317 4219,813 819 820 821 822,0,3038,0,false,false,0,0
1279,The Draugen,,6141,808 819 820 821 822,0,3038,0,false,true,0,0
1280,Butterfly,,3022,362,278,1,0,false,false,0,0
1281,Sigli the Huntsman,,221 252 292 162 179 4226 4218 563 317,808 819 820 821 822,0,3038,0,false,false,0,0
1282,Sigmund The Merchant,,208 252 292 170 176 265 185 317 326,808 819 820 821 822,0,3038,0,false,false,0,0
1283,Swensen the Navigator,,230 250 292 170 176 265 185 553 317 326,813 819 820 821 822,0,3038,0,false,false,0,0
1284,Bjorn,,206 252 292 162 176 4226 4218 4396 4391 4390,1322 1323 1324 1325 1326,0,3038,0,false,false,0,0
1285,Eldgrim,,206 252 292 162 176 4226 4218 4396 326 4390,1322 1323 1324 1325 1326,0,3038,0,false,false,0,0
1286,Manni the Reveller,,206 252 292 162 176 4226 4218 326 4390 4396,1322 1323 1324 1325 1326,0,3038,0,false,false,0,0
1287,Council workman,,230 247 295 151 179 254 185 509,808 819 820 821 822,0,3038,0,false,false,0,0
1288,Peer the Seer,,208 250 292 170 176 265 185 534 317 326,813 1205 1206 1207 1208,0,3038,0,false,false,0,0
1289,Thorvald the Warrior,,4220 252 292 162 179 4226 4218 4236 326 4235 4221 4219,813 819 820 821 822,0,3038,0,false,false,0,0
1290,Koschei the deathless,,203 252 315 40165 3381 4226 4218 4236,813 819 820 821 822,0,3038,0,false,false,0,0
1291,Koschei the deathless,,203 252 315 40165 3381 4226 4218 4236,813 819 820 821 822,0,3038,0,false,false,0,0
1292,Koschei the deathless,,203 252 315 40165 3381 4226 4218 4236,813 819 820 821 822,0,3038,0,false,false,0,0
1293,Koschei the deathless,,203 252 315 40165 3381 4226 4218 4236,813 819 820 821 822,0,3038,0,false,false,0,0
1294,Brundt the Chieftain,,4220 250 3379 164 176 4226 4218 542 236 4221 4219,808 819 820 821 822,0,3038,0,false,false,0,0
1295,Askeladden,,28592,7158 7160,1628,64,0,false,false,0,0
1296,Guard,,4220 252 292 162 179 4226 4218 540 326 4235 317 4219,813 819 820 821 822,0,3038,0,false,false,0,0
1297,Guard,,4220 252 292 162 179 4226 4218 540 326 4235 317 4219,813 819 820 821 822,0,3038,0,false,false,0,0
1298,Town Guard,,4220 252 292 162 179 4226 4218 540 326 4235 317 4219,813 819 820 821 822,0,3038,0,false,false,0,0
1299,Town Guard,,4220 252 292 162 179 4226 4218 540 326 4235 317 4219,813 819 820 821 822,0,3038,0,false,false,0,0
1300,Thora the Barkeep,,390 456 332 353 428 361 417,808 819 820 821 822,0,3038,0,false,false,0,0
1301,Yrsa,,378 343 470 421 483 479 353 361,808 819 820 821 822,0,3038,0,false,false,0,0
1302,Fisherman,,208 252 292 162 179 4226 4218 562 326 417 4390 317,623 819 820 821 822,0,3038,0,false,false,0,0
1303,Skulgrimen,,206 252 299 162 176 4226 4218,808 819 820 821 822,0,3038,0,false,false,0,0
1304,Sailor,,208 252 299 162 179 4226 4218 3877 317,808 819 820 821 822,0,3038,0,false,false,0,0
1305,Agnar,,4220 252 292 162 176 4221 4219 4226 4218 550 4235 4391,808 819 820 821 822,0,3038,0,false,false,0,0
1306,Freidir,,206 252 292 162 176 4226 4218 4391,808 819 820 821 822,0,3038,0,false,false,0,0
1307,Borrokar,,4220 252 299 162 179 4226 4218 550 4221 4219,808 819 820 821 822,0,3038,0,false,false,0,0
1308,Lanzig,,208 252 292 170 176 265 185 317 4391 3711,813 1146 820 821 822,0,3038,0,false,false,0,0
1309,Pontak,,4220 252 292 162 176 4221 4219 4226 4218 4236 317 4391,813 819 820 821 822,0,3038,0,false,false,0,0
1310,Freygerd,,387 343 456 421 353 479 361,808 819 820 821 822,0,3038,0,false,false,0,0
1311,Lensa,,382 470 343 353 421 358 479,808 819 820 821 822,0,3038,0,false,false,0,0
1312,Jennella,,390 343 456 421 353 479 361 417,808 819 820 821 822,0,3038,0,false,false,0,0
1313,Sassilik,,382 483 456 479 348 353 421 358,808 819 820 821 822,0,3038,0,false,false,0,0
1314,Inga,,378 343 470 421 483 479 353 361,808 819 820 821 822,0,3038,0,false,false,0,0
1315,Fish monger,,230 252 292 162 179 4226 4218 326 317,808 819 820 821 822,0,3038,0,false,false,0,0
1316,Fur trader,,206 252 292 162 179 4226 4218 4391 317,808 819 820 821 822,0,3038,0,false,false,0,0
1317,Market Guard,,4220 252 292 162 179 4226 4218 4236 326 4235 317 4219,813 819 820 821 822,0,3038,0,false,false,0,0
1318,Warrior,,4220 252 292 162 179 4226 4218 542 326 4235 317 4219,808 819 820 821 822,0,3038,0,false,false,0,0
1319,Fox,,26254,6561 6560,1491,53,0,false,false,0,0
1320,Bunny,,4042,1242 1243,329,11,0,false,true,0,0
1321,Bunny,,4042,1242 1243,329,11,0,false,true,0,0
1322,Gull,,26841,6771 6773,1538,18,0,false,true,0,0
1323,Gull,,26841,6771 6773,1538,18,0,false,true,0,0
1324,Gull,,26841,6771 6773,1538,18,0,false,true,0,0
1325,Gull,,26841,6771 6773,1538,18,0,false,true,0,0
1326,Bear Cub,,18883,4920 4924,1151,20,0,false,false,0,0
1327,Bear Cub,,18883,4920 4924,1151,20,0,false,false,0,0
1328,Unicorn Foal,,25755,6374 6373,1472,9,0,false,false,0,0
1329,Black unicorn Foal,,25754,6374 6373,1472,9,0,false,false,0,0
1330,Wolf,,26265,6580 6556,1491,53,0,false,true,0,0
1331,Fishing spot,,36844,9645,2130,3,0,false,false,0,0
1332,Fishing spot,,36844,9645,2130,3,0,false,false,0,0
1333,Fishing spot,,36844,9645,2130,3,0,false,false,0,0
1334,Jossik,,206 292 162 4226 253 4218 4391 176 194,808 819 820 821 822,0,3038,0,false,false,0,0
1335,Jossik,,206 292 162 4227 253 4391 176 194,1147,0,3038,0,false,false,0,0
1336,Larrissa,,390 343 470 421 483 479 353 361 417 40896,808 819 820 821 822,0,3038,0,false,false,0,0
1337,Larrissa,,390 343 470 421 483 479 353 361 417 376,808 819 820 821 822,0,3038,0,false,false,0,0
1338,Dagannoth,,4587,1338 1339,538,10,0,false,true,0,0
1339,Dagannoth,,4587,1338 1339,538,10,0,false,true,0,0
1340,Dagannoth,,4587,1338 1339,538,10,0,false,true,0,0
1341,Dagannoth,,4587,1338 1339,538,10,0,false,true,0,0
1342,Dagannoth,,4587,1338 1339,538,10,0,false,true,0,0
1343,Dagannoth,,4587,1338 1339,538,10,0,false,true,0,0
1344,Dagannoth,,4587,1344,538,10,0,false,true,0,0
1345,Dagannoth,,4587,1345,538,10,0,false,true,0,0
1346,Dagannoth,,4587,1346,538,10,0,false,true,0,0
1347,Dagannoth,,4587,1338 1339,538,10,0,false,true,0,0
1348,Dagannoth mother,,4587,1344,538,10,0,false,true,0,0
1349,Dagannoth mother,,4587,1345,538,10,0,false,true,0,0
1350,Dagannoth mother,,4587,1346,538,10,0,false,true,0,0
1351,Dagannoth mother,,4587,1338 1339,538,10,0,false,true,0,0
1352,Dagannoth mother,,4587,1338 1339,538,10,0,false,true,0,0
1353,Dagannoth mother,,4587,1338 1339,538,10,0,false,true,0,0
1354,Dagannoth mother,,4587,1338 1339,538,10,0,false,true,0,0
1355,Dagannoth mother,,4587,1338 1339,538,10,0,false,true,0,0
1356,Dagannoth mother,,4587,1338 1339,538,10,0,false,true,0,0
1357,Sam,,393 467 348 353 419 358,808 819 820 821 822,0,3038,0,false,true,0,0
1358,Rachael,,390 467 348 353 419 358,808 819 820 821 822,0,3038,0,false,true,0,0
1359,Queen Sigrid,,393 478 351 356 440 446 3675 481,808 819 820 821 822,0,3038,0,false,true,0,0
1360,Banker,,230 247 299 162 176 4226 4218 282,808 819 820 821 822,0,3038,0,false,false,0,0
1361,Arnor,,4220 251 292 163 10218 4226 4218 4219,808 819 820 821 822,0,3038,0,false,false,0,0
1362,Haming,,4220 246 293 167 10218 4226 4218 4219,808 819 820 821 822,0,3038,0,false,false,0,0
1363,Moldof,,210 250 305 168 176 4226 4218,808 819 820 821 822,0,3038,0,false,false,0,0
1364,Helga,,393 467 348 353 421 358,808 819 820 821 822,0,3038,0,false,true,0,0
1365,Matilda,,390 474 347 353 421 358 447,808 819 820 821 822,0,3038,0,false,false,0,0
1366,Ashild,,391 469 347 10706 429 358,808 819 820 821 822,0,3038,0,false,true,0,0
1367,Skraeling,,4220 250 292 162 176 317 4219 4226 4218 4236 4235 4391,808 819 820 821 822,0,3038,0,false,false,0,0
1368,Skraeling,,4220 252 292 162 176 4221 4219 4226 4218 550 4235 4391,808 819 820 821 822,0,3038,0,false,false,0,0
1369,Fishmonger,,210 246 292 162 176 4226 4218 326 317,813 819 820 821 822,0,3038,0,false,false,0,0
1370,Greengrocer,,206 249 292 162 176 4226 4218 4391 317,813 819 820 821 822,0,3038,0,false,false,0,0
1371,Prince Brand,,235 246 311 162 179 4226 4218 281 317 4394,1321 819 820 821 822,0,3038,0,false,false,0,0
1372,Princess Astrid,,378 466 347 354 429 3708 446,808 819 820 821 822,0,3038,0,false,false,0,0
1373,King Vargas,,3001,296 293,377,5,0,false,false,0,0
1374,Guard,,4220 250 292 162 179 4226 4218 326 4221 4219,808 819 820 821 822,0,3038,0,false,false,0,0
1375,Advisor Ghrim,,230 323 292 320 256 163 176 238 283 250,808 819 820 821 822,0,3038,0,false,false,0,0
1376,Derrik,,214 252 302 167 179 4226 4218 491,808 819 820 821 822,0,3038,0,false,false,0,0
1377,Farmer,,215 248 292 162 179 4226 4218 40287 4390 317,440 819 820 821 822,0,3038,0,false,false,0,0
1378,Flower Girl,,390 471 348 353 428 358,808 819 820 821 822,0,3038,0,false,false,0,0
1379,Ragnar,,4220 250 292 151 10218 4226 4218 4219,808 819 820 821 822,0,3038,0,false,false,0,0
1380,Einar,,4220 4219 292 162 179 4226 4218 250 3707,808 819 820 821 822,0,3038,0,false,false,0,0
1381,Alrik,,215 252 311 169 176 4226 4218 3706,808 819 820 821 822,0,3038,0,false,false,0,0
1382,Thorhild,,383 469 347 353 421 358,808 819 820 821 822,0,3038,0,false,true,0,0
1383,Halla,,393 462 341 353 426 358 414,808 819 820 821 822,0,3038,0,false,true,0,0
1384,Yrsa,,387 472 343 353 3332 439 358,808 819 820 821 822,0,3038,0,false,true,0,0
1385,Sailor,,208 252 299 162 179 4226 4218 3877 317,808 819 820 821 822,0,3038,0,false,false,0,0
1386,Rannveig,,387 343 456 421 353 479 361,808 819 820 821 822,0,3038,0,false,false,0,0
1387,Thora,,382 470 343 353 421 358 479,808 819 820 821 822,0,3038,0,false,false,0,0
1388,Valgerd,,390 343 456 421 353 479 361 417,808 819 820 821 822,0,3038,0,false,false,0,0
1389,Skraeling,,4220 252 292 162 176 4221 4219 4226 4218 550 4235 4391,808 819 820 821 822,0,3038,0,false,false,0,0
1390,Broddi,,206 252 292 162 176 4226 4218 4391,808 819 820 821 822,0,3038,0,false,false,0,0
1391,Skraeling,,4220 252 299 162 179 4226 4218 550 4235 4221 4219,808 819 820 821 822,0,3038,0,false,false,0,0
1392,Ragnvald,,208 252 292 170 176 265 185 317 4391 3711,813 1146 820 821 822,0,3038,0,false,false,0,0
1393,Fishmonger,,230 252 292 162 179 4226 4218 326 317,808 819 820 821 822,0,3038,0,false,false,0,0
1394,Greengrocer,,206 252 292 162 179 4226 4218 4391 317,808 819 820 821 822,0,3038,0,false,false,0,0
1395,Lumberjack Leif,,215 252 299 167 179 4226 4218 510,1365 819 820 821 822,0,3038,0,false,false,0,0
1396,Miner Magnus,,215 247 299 168 179 4226 4218 509,6935 819 820 821 822,0,3038,0,false,false,0,0
1397,Fisherman Frodi,,215 248 292 162 179 254 358 562 327 317,7261 819 820 821 822,0,3038,0,false,false,0,0
1398,Gardener Gunnhild,,390 478 332 356 421 358 480 7125,10574 819 820 821 822,0,3038,0,false,false,0,0
1399,Fishing spot,,36844,9645,2130,3,0,false,false,0,0
1400,Gull,,26841,6771 6773,1538,18,0,false,true,0,0
1401,Chicken,,23905,5386 5385,1255,13,0,false,true,0,0
1402,Chicken,,23905,5386 5385,1255,13,0,false,true,0,0
1403,Rooster,,23905,5386 5385,1255,13,0,false,true,0,0
1404,Rabbit,,23901,6089 6088,1395,20,0,false,true,0,0
1405,Fishing spot,,36844,9645,2130,3,0,false,false,0,0
1406,Fishing spot,,36844,9645,2130,3,0,false,false,0,0
1407,Daero,,2909 2903 2919,195 189,319,88,0,false,true,0,0
1408,Waydar,,2909 2908 2922,195 189,319,88,0,false,true,0,0
1409,Waydar,,2909 2908 2922,195 189,319,88,0,false,true,0,0
1410,Waydar,,2909 2908 2922,195 189,319,88,0,false,true,0,0
1411,Garkor,,2909 4702 2919,195 189,319,88,0,false,true,0,0
1412,Garkor,,2909 4702 2919,195 189,319,88,0,false,true,0,0
1413,Lumo,,2914 4698 2919,195 189,319,88,0,false,true,0,0
1414,Lumo,,2914 4699 2919,195 189,319,88,0,false,true,0,0
1415,Bunkdo,,2914 4698 2919,195 189,319,88,0,false,true,0,0
1416,Bunkdo,,2914 4699 2919,195 189,319,88,0,false,true,0,0
1417,Carado,,2914 4698 2919,195 189,319,88,0,false,true,0,0
1418,Carado,,2914 14924 2919,195 189,319,88,0,false,true,0,0
1419,Lumdo,,2914 4699 2919,195 189,319,88,0,false,true,0,0
1420,Karam,,4703 4704 4697,1412 189,319,88,0,false,true,0,0
1421,Karam,,4703 4704 4697,1412 189,319,88,0,false,true,0,0
1422,Karam,,4703 4704 4697,1412 189,319,88,0,false,true,0,0
1423,Bunkwicket,,2909 2915 4701,195 189,319,88,0,false,true,0,0
1424,Waymottin,,2909 2915 4701,195 189,319,88,0,false,true,0,0
1425,Zooknock,,2909 2915 4700,195 189,319,88,0,false,true,0,0
1426,Zooknock,,2909 2915 4700,195 189,319,88,0,false,true,0,0
1427,G.L.O. Caranock,,2909 2890 2915,195 189,319,88,0,false,true,0,0
1428,G.L.O. Caranock,,2909 2890 2915,195 189,319,88,0,false,true,0,0
1429,Dugopul,,4820 4827 4834,1386 1380,588,41,0,false,true,0,0
1430,Salenab,,3004,222 219,320,6,0,false,true,0,0
1431,Trefaji,,4809 4812,1401 1399,587,9,0,false,true,0,0
1432,Aberab,,4809 4812,1401 1399,587,9,0,false,true,0,0
1433,Solihib,,4820 4827,1386 1380,588,41,0,false,true,0,0
1434,Daga,,4822 4827,1386 1380,588,41,0,false,true,0,0
1435,Tutab,,4817 4827,1386 1380,588,41,0,false,true,0,0
1436,Ifaba,,4822 4827,1386 1380,588,41,0,false,true,0,0
1437,Hamab,,4819 4826,1386 1380,588,41,0,false,true,0,0
1438,Hafuba,,4811 4813 4814,1401 1399,587,9,0,false,false,0,0
1439,Denadu,,4815 4824 4829,1387 1380,588,41,0,false,false,0,0
1440,Lofu,,4815 4824 4829,1387 1380,588,41,0,false,false,0,0
1441,Kruk,,4821 4828 4832,1386 1385,588,41,0,false,true,0,0
1442,Duke,,4821 4828 4832,1386 1385,588,41,0,false,true,0,0
1443,Oipuis,,4821 4828 4832,1386 1385,588,41,0,false,true,0,0
1444,Uyoro,,4821 4828 4832,1386 1385,588,41,0,false,true,0,0
1445,Ouhai,,4821 4828 4832,1386 1385,588,41,0,false,true,0,0
1446,Uodai,,4821 4828 4832,1386 1385,588,41,0,false,true,0,0
1447,Padulah,,4821 4828 4833,1386 1380,588,41,0,false,true,0,0
1448,Awowogei,,4816 4823,1386 1380,588,41,0,false,true,0,0
1449,Uwogo,,4822 4824,1386 1380,588,41,0,false,true,0,0
1450,Muruwoi,,4822 4824,1386 1380,588,41,0,false,true,0,0
1451,Sleeping Monkey,,4817 4827 4830,1388 1380,588,41,0,false,true,0,0
1452,Monkey Child,,4818 4825,1386 1380,588,41,0,false,true,0,0
1453,The Monkey's Uncle,,4820 4827,1386 1380,588,41,0,false,true,0,0
1454,The Monkey's Aunt,,4819 4826,1386 1380,588,41,0,false,true,0,0
1455,Monkey Guard,,4821 4828 4833,1386 1380,588,41,0,false,true,0,0
1456,Monkey Archer,,4821 4828 4831,1386 1380,588,41,0,false,true,0,0
1457,Monkey Archer,,4821 4828 4831,1386 1380,588,41,0,false,true,0,0
1458,Monkey Archer,,4821 4828 4831,1386 1380,588,41,0,false,true,0,0
1459,Monkey Guard,,4810 4812,1401 1399,587,9,0,false,true,0,0
1460,Monkey Guard,,4810 4813,1401 1399,587,9,0,false,false,0,0
1461,Elder Guard,,4809 4813,1401 1399,587,9,0,false,false,0,0
1462,Elder Guard,,4809 4813,1401 1399,587,9,0,false,false,0,0
1463,Monkey,,3004,222 219,320,6,0,false,true,0,0
1464,Monkey,,3004,222 219,320,6,0,false,true,0,0
1465,Monkey Zombie,,4817 4824,1386 1382,588,41,0,false,true,0,0
1466,Monkey Zombie,,4817 4824,1386 1382,588,41,0,false,true,0,0
1467,Monkey Zombie,,4817 4824,1386 1382,588,41,0,false,true,0,0
1468,Bonzara,,4815 4824 4829,1387 1380,588,41,0,false,false,0,0
1469,Monkey minder,,215 292 250 151 10218 271 185 194 327 495,808 819 820 821 822,0,3038,0,false,false,0,0
1470,Foreman,,214 247 302 173 179 254 185,808 819 820 821 822,0,3038,0,false,false,0,0
1471,Skeleton,,21190,5517 5518,1291,57,0,false,true,0,0
1472,Jungle demon,,17375 17391 17384 17399,66 63,1078,30,0,false,false,0,0
1473,Spider,,24613,6247 6248,1427,5,0,false,false,0,0
1474,Spider,,24613,6247 6248,1427,5,0,false,false,0,0
1475,Bird,,26847,6772 6774,1538,18,0,false,true,0,0
1476,Bird,,26849,6771 6773,1538,18,0,false,true,0,0
1477,Scorpion,,24609,6252 6257,1426,21,0,false,true,0,0
1478,Jungle spider,,20309 20310,5326 5325,1248,24,0,false,true,0,0
1479,Snake,,3002,277 274,340,9,0,false,false,0,0
1480,Small ninja monkey,,4821 4828,1386 1380,588,41,0,false,true,0,0
1481,Medium ninja monkey,,4821 4828,1386 1380,588,41,0,false,true,0,0
1482,Gorilla,,4810 4812,1401 1399,587,9,0,false,true,0,0
1483,Bearded gorilla,,4810 4813,1401 1399,587,9,0,false,false,0,0
1484,Ancient monkey,,4809 4813,1401 1399,587,9,0,false,false,0,0
1485,Small zombie monkey,,4817 4824,1386 1382,588,41,0,false,true,0,0
1486,Large zombie monkey,,4817 4824,1386 1382,588,41,0,false,true,0,0
1487,Monkey,,3004,222 219,320,6,0,false,true,0,0
1488,Dummy,,14035,,,0,0,false,false,0,0
1489,Dummy,,14035,,,0,0,false,false,0,0
1490,Dummy,,14035,,,0,0,false,false,0,0
1491,Dummy,,14035,,,0,0,false,false,0,0
1492,Dummy,,14035,,,0,0,false,false,0,0
1493,Dummy,,14035,,,0,0,false,false,0,0
1494,Dummy,,14035,,,0,0,false,false,0,0
1495,Dummy,,14035,,,0,0,false,false,0,0
1496,Dummy,,14035,,,0,0,false,false,0,0
1497,Dummy,,14035,,,0,0,false,false,0,0
1498,Dummy,,14035,,,0,0,false,false,0,0
1499,Dummy,,14035,,,0,0,false,false,0,0
1500,Dummy,,14035,,,0,0,false,false,0,0
1501,Dummy,,14035,,,0,0,false,false,0,0
1502,Dummy,,14035,,,0,0,false,false,0,0
1503,Dummy,,14035,,,0,0,false,false,0,0
1504,Dummy,,14035,,,0,0,false,false,0,0
1505,Dummy,,14035,,,0,0,false,false,0,0
1506,Dummy,,14035,,,0,0,false,false,0,0
1507,Dummy,,14035,,,0,0,false,false,0,0
1508,Forester,,12137 246 311 323 169 10218 563 262 185,808 819 820 821 822,0,3038,0,false,false,0,0
1509,Woman-at-arms,,395 468 337 10706 23178 23179 432 5031 481,808 819 820 821 822,0,3038,0,false,false,0,0
1510,Apprentice,,202 215 251 292 5592 170 4113 534 3470 265 185,813 1205 1206 1207 1208,0,3038,0,false,false,0,0
1511,Ranger,,390 477 5602 40401 10706 23177 423 361,808 819 820 821 822,0,3038,0,false,false,0,0
1512,Adventurer,,218 306 3189 164 10218 546 268 4954,7047 7046 7045 7044 7043,0,3038,0,false,false,0,0
1513,Mage,,5033 393 5035 5603 5029 5030 14589 5034 358 567,813 1205 1206 1207 1208,0,3038,0,false,false,0,0
1514,Hiylik Myna,,230 250 292 14562 176 14566 181,808 819 820 821 822,0,3038,0,false,true,0,0
1515,,,,808 819 820 821 822,0,3038,0,false,true,0,0
1516,,,,808 819 820 821 822,0,3038,0,false,true,0,0
1517,,,,813 1205 1206 1207 1208,0,3038,0,false,true,0,0
1518,,,,808 819 820 821 822,0,3038,0,false,true,0,0
1519,,,,7047 7046 7045 7044 7043,0,3038,0,false,true,0,0
1520,,,,813 1205 1206 1207 1208,0,3038,0,false,true,0,0
1521,Nail beast,,23212,5986 5987,1372,9,0,false,true,0,0
1522,Nail beast,,23212,5986 5987,1372,9,0,false,true,0,0
1523,Nail beast,,23212,5986 5987,1372,9,0,false,true,0,0
1524,Undead Lumberjack,,23213,5965,1373,9,0,false,true,0,0
1525,Undead Lumberjack,,23213,5966,1373,9,0,false,true,0,0
1526,Lanthus,,235 250 292 162 176 274 185 326 3189 238,808 819 820 821 822,0,3038,0,false,false,0,0
1527,Mine cart,,4894,,,0,0,false,false,0,0
1528,Zealot,,248 230 292 3330 323 170 176 533 185 265,808 819 820 821 822,0,3038,0,false,false,0,0
1529,Sheep,,20290 20291,5335 5334,1247,13,0,false,false,0,0
1530,Rabbit,,23901,6089 6088,1395,20,0,false,true,0,0
1531,Imp,,19982,171 168,1240,23,0,false,true,0,0
1532,Barricade,,38205,9654,2158,2,0,false,true,0,0
1533,Barricade,,38207 38205,9654,2158,2,0,false,false,0,0
1534,Barricade,,38205,9654,2158,2,0,false,true,0,0
1535,Barricade,,38207 38205,9654,2158,2,0,false,false,0,0
1536,Possessed pickaxe,,4922,187 181,317,12,0,false,true,0,0
1537,Haze,,21154,5543,1290,13,0,false,true,0,0
1538,Corpse,,21171 21177 21162 21157 21183 21203 21188,1442 5479,1291,57,0,false,true,0,0
1539,Skeletal miner,,21171 21177 21162 21157 21183 21203 21188,5483 5479,1291,57,0,false,true,0,0
1540,Treus Dayth,,21152,5538 5539,1290,13,0,false,true,0,0
1541,Ghost,,21152,5543,1290,13,0,false,true,0,0
1542,Loading crane,,4909,,,0,0,false,false,0,0
1543,Innocent-looking key,,4918,1450 1451,534,2,0,false,true,0,0
1544,Mine cart,,4894,,,0,0,false,false,0,0
1545,Mine cart,,4894,,,0,0,false,false,0,0
1546,Mine cart,,4894,,,0,0,false,false,0,0
1547,Mine cart,,4894,,,0,0,false,false,0,0
1548,Mine cart,,4894,,,0,0,false,false,0,0
1549,Ghost,,21154,5538 5539,1290,13,0,false,true,0,0
1550,Chompy bird,,26861,6764 6765,1536,17,0,false,false,0,0
1551,Mischievous ghost,,21147,5530 5531,1289,22,0,false,false,0,0
1552,Santa,,235 189 299 4226 4218 162 4924 4925 4926,808 819 820 821 822,0,3038,0,false,false,0,0
1553,Ug,,3753 3758 3755 3773 4945,1474 283,461,49,0,false,false,0,0
1554,Aga,,4941 4944 3755,286 283,461,49,0,false,false,0,0
1555,Arrg,,3754 3759 3756 3757 3770 3769,286 283,461,49,0,false,false,0,0
1556,Arrg,,3754 3759 3756 3757 3770 3769,286 283,461,49,0,false,false,0,0
1557,Ug,,3753 3758 3755 3773 4947,1480 283,461,49,0,false,false,0,0
1558,Ice wolf,,26266,6580 6556,1491,53,0,false,false,0,0
1559,Ice wolf,,26266,6580 6556,1491,53,0,false,false,0,0
1560,Ice Troll,,4942 4943 3756 3762,286 283,461,49,0,false,false,0,0
1561,Ice Troll,,3753 3759 3755 4949,286 283,461,49,0,false,false,0,0
1562,Ice Troll,,4942 3758 3756 3762 4948,926 1139,461,49,0,false,false,0,0
1563,Ice Troll,,4942 4943 3755 3763,286 283,461,49,0,false,false,0,0
1564,Ice Troll,,4942 4943 3756 3762 4948,926 1139,461,49,0,false,false,0,0
1565,Ice Troll,,3754 3758 3755 4949,286 283,461,49,0,false,false,0,0
1566,Ice Troll,,4942 4943 3755 3762,286 283,461,49,0,false,false,0,0
1567,Cyreg Paddlehorn,,208 250 292 163 179 265 185 317 534,819 820 821 822,0,3038,0,false,false,0,0
1568,Curpile Fyod,,230 247 293 167 179 263 181 519 521,808 819 820 821 822,0,3038,0,false,false,0,0
1569,Veliaf Hurtz,,210 247 313 167 179 268 181 284 244,808 819 820 821 822,0,3038,0,false,false,0,0
1570,Sani Piliu,,390 457 347 356 438 358 417,808 819 820 821 822,0,3038,0,false,false,0,0
1571,Harold Evans,,230 244 280 312 152 179 263 181 246,808 819 820 821 822,0,3038,0,false,false,0,0
1572,Radigad Ponfit,,214 244 280 311 168 179 275 185 253,808 819 820 821 822,0,3038,0,false,false,0,0
1573,Polmafi Ferdygris,,215 245 292 170 176 275 181 324 249,808 819 820 821 822,0,3038,0,false,true,0,0
1574,Ivan Strom,,207 246 292 151 176 275 185 287 317 521,808 819 820 821 822,0,3038,0,false,false,0,0
1575,Skeleton Hellhound,,26262,6580 6577,1491,53,0,false,true,0,0
1576,Stranger,,208 250 292 170 176 3599 26135,,,0,0,false,false,0,0
1577,Vanstrom Klause,,226 292 170 176 3599 26135,,,0,0,false,false,0,0
1578,Mist,,4086,1261,680,2,0,false,true,0,0
1579,Vanstrom Klause,,226 292 170 176 254 181,808 819 820 821 822,0,3038,0,false,true,0,0
1580,Vanstrom Klause,,4977 4978 170 4088 254 181,808 819 820 821 822,0,3038,0,false,true,0,0
1581,Vanstrom Klause,,4977 4978 170 4088 254 181,1501,0,3038,0,false,true,0,0
1582,Fire giant,,17452 17437,4662 4660,1081,30,0,false,true,0,0
1583,Fire giant,,17451 17438,4663 4661,1081,30,0,false,true,0,0
1584,Fire giant,,17451 17435,4663 4661,1081,30,0,false,true,0,0
1585,Fire giant,,17451 17435,4663 4661,1081,30,0,false,true,0,0
1586,Fire giant,,17450 17438,4663 4661,1081,30,0,false,true,0,0
1587,Moss giant,,17455 17444,4656 4654,1081,30,0,false,true,0,0
1588,Moss giant,,17456 17444,4656 4654,1081,30,0,false,true,0,0
1589,Baby red dragon,,17411 17427 17421,27 21,1080,54,0,false,true,0,0
1590,Bronze dragon,,24576 24585 24581,90 79,1080,54,0,false,true,0,0
1591,Iron dragon,,24577 24586 24582,90 79,1080,54,0,false,true,0,0
1592,Steel dragon,,24578 24587 24583,90 79,1080,54,0,false,true,0,0
1593,Wild dog,,26263,6561 6560,1491,53,0,false,true,0,0
1594,Wild dog,,26263,6561 6560,1491,53,0,false,true,0,0
1595,Saniboch,,231 246 315 33034 10218 279 33033 281,808 819 820 821 822,0,3038,0,false,false,0,0
1596,,,,7188 7191 7192 7193 7194,0,3038,0,false,true,0,0
1597,Vannaka,,231 252 315 165 565 268 185 546 328 290 201,2561 819 820 821 822,0,3038,0,false,false,0,0
1598,Chaeldar,,5044,112 106,299,13,0,false,false,0,0
1599,,,,7188 7191 7192 7193 7194,0,3038,0,false,true,0,0
1600,Cave crawler,,34553,268 298,2091,11,0,false,true,0,0
1601,Cave crawler,,34553,268 298,2091,11,0,false,true,0,0
1602,Cave crawler,,34553,268 298,2091,11,0,false,true,0,0
1603,Cave crawler,,34553,268 298,2091,11,0,false,true,0,0
1604,Aberrant spectre,,34564,9469 9470,2095,5,0,false,true,0,0
1605,Aberrant spectre,,34564,9469 9470,2095,5,0,false,true,0,0
1606,Aberrant spectre,,34564,9469 9470,2095,5,0,false,true,0,0
1607,Aberrant spectre,,34564,9469 9470,2095,5,0,false,true,0,0
1608,Kurask,,34569,9442 9443,2098,7,0,false,false,0,0
1609,Kurask,,34569,9442 9443,2098,7,0,false,false,0,0
1610,Gargoyle,,34556,9456 9457,2092,13,0,false,true,0,0
1611,Swarming turoth,,2944,9479 9480,2093,21,0,false,true,0,0
1612,Banshee,,34577,9452 9453,2099,7,0,false,false,0,0
1613,Nechryael,,2948,9490 9492,338,6,0,false,false,0,0
1614,Death spawn,,34565,9462 9463,2096,6,0,false,false,0,0
1615,Abyssal demon,,5062,1536 1534,795,5,0,false,false,0,0
1616,Basilisk,,34563,262 263,2094,6,0,false,false,0,0
1617,Basilisk,,34563,262 263,2094,6,0,false,false,0,0
1618,Bloodveld,,33714,9133 9134,2017,16,0,false,false,0,0
1619,Bloodveld,,33711,9437 9438,2017,16,0,false,false,0,0
1620,Cockatrice,,34387,7760 7759,1755,9,0,false,false,0,0
1621,Cockatrice,,34386,7760 7759,1755,9,0,false,false,0,0
1622,Turoth,,2931,9484 9485,2093,21,0,false,true,0,0
1623,Turoth,,2947,9474 9475,2093,21,0,false,true,0,0
1624,Dust devil,,5076,1556 1554,804,5,0,false,false,0,0
1625,Smokedevil,,5076,1556 1554,804,5,0,false,false,0,0
1626,Turoth,,2946,9474 9475,2093,21,0,false,true,0,0
1627,Turoth,,2931,9484 9485,2093,21,0,false,true,0,0
1628,Turoth,,2944,9479 9480,2093,21,0,false,true,0,0
1629,Turoth,,2947,9474 9475,2093,21,0,false,true,0,0
1630,Turoth,,2947,9474 9475,2093,21,0,false,true,0,0
1631,Rockslug,,34590,9509 9510,378,6,0,false,true,0,0
1632,Rockslug,,34591,9509 9511,378,6,0,false,true,0,0
1633,Pyrefiend,,34385,8077 8076,1727,12,0,false,true,0,0
1634,Pyrefiend,,34385,8077 8076,1727,12,0,false,true,0,0
1635,Pyrefiend,,34385,8077 8076,1727,12,0,false,true,0,0
1636,Pyrefiend,,34385,8077 8076,1727,12,0,false,true,0,0
1637,Jelly,,34594,8572 8575,1903,10,0,false,false,0,0
1638,Jelly,,34592,8572 8575,1903,10,0,false,true,0,0
1639,Jelly,,34596,8572 8575,1903,10,0,false,true,0,0
1640,Jelly,,34593,8572 8575,1903,10,0,false,true,0,0
1641,Jelly,,34594,8572 8575,1903,10,0,false,false,0,0
1642,Jelly,,34592,8572 8575,1903,10,0,false,true,0,0
1643,Infernal Mage,,34392,7188 7191 7192 7193 7194,0,3038,0,false,false,0,0
1644,Infernal Mage,,34394,7188 7191 7192 7193 7194,0,3038,0,false,false,0,0
1645,Infernal Mage,,34390,7188 7191 7192 7193 7194,0,3038,0,false,false,0,0
1646,Infernal Mage,,34393,7188 7191 7192 7193 7194,0,3038,0,false,false,0,0
1647,Infernal Mage,,34391,7188 7191 7192 7193 7194,0,3038,0,false,false,0,0
1648,Crawling Hand,,33723,9128 9129,2018,17,0,false,true,0,0
1649,Crawling Hand,,33716,9128 9129,2018,17,0,false,true,0,0
1650,Crawling Hand,,33717,9128 9129,2018,17,0,false,true,0,0
1651,Crawling Hand,,33729,9128 9129,2018,17,0,false,true,0,0
1652,Crawling Hand,,33719,9128 9129,2018,17,0,false,true,0,0
1653,Crawling Hand,,33727,9447 9448,2018,17,0,false,true,0,0
1654,Crawling Hand,,33718,9447 9448,2018,17,0,false,true,0,0
1655,Crawling Hand,,33728,9447 9448,2018,17,0,false,true,0,0
1656,Crawling Hand,,33724,9447 9448,2018,17,0,false,true,0,0
1657,Crawling Hand,,33726,9447 9448,2018,17,0,false,true,0,0
1658,Robe Store owner,,215 4955 250 5028 4952 4953 4844 5027 18941,808 819 820 821 822,0,3038,0,false,false,0,0
1659,Skullball,,5145,1607 1608,183,4,0,false,true,0,0
1660,Skullball Boss,,26177 26190 26184,6539 6541,1490,14,0,false,true,0,0
1661,Agility Boss,,26177 26189 26183 26173,6539 6548,1490,14,0,false,true,0,0
1662,Skullball Trainer,,26177 26190 26184,6539 6541,1490,14,0,false,true,0,0
1663,Agility Trainer,,26177 26190 26184,6539 6541,1490,14,0,false,true,0,0
1664,Agility Trainer,,26177 26190 26184,6539 6541,1490,14,0,false,true,0,0
1665,Werewolf,,26177 26188 26181,6539 6541,1490,14,0,false,true,0,0
1666,,,,808 819 820 821 822,0,3038,0,false,true,0,0
1667,,,,808 819 820 821 822,0,3038,0,false,true,0,0
1668,,,,808 819 820 821 822,0,3038,0,false,true,0,0
1669,,,,808 819 820 821 822,0,3038,0,false,true,0,0
1670,Dr Fenkenstrain,,185 163 179 230 238 247 265 305,,,0,0,false,false,0,0
1671,,,,1623 1622,514,2,0,false,true,0,0
1672,,,,1623 1622,514,2,0,false,true,0,0
1673,Fenkenstrain's Monster,,5175,,,0,0,false,false,0,0
1674,Lord Rologarth,,5175,,,0,0,false,false,0,0
1675,Gardener Ghost,,5182 5180 5181 5183 5184 5185 496,808 819 820 821 822,0,3038,0,false,false,0,0
1676,Experiment,,5176,1625 1624,515,5,0,false,true,0,0
1677,Experiment,,5143,1614 1615,181,5,0,false,true,0,0
1678,Experiment,,5144,1609 1610,182,5,0,false,true,0,0
1679,Eluned,,4030 4032 4028 4031 4029,808 819 820 821 822,0,3038,0,false,true,0,0
1680,Islwyn,,4015 4020 4023 4025,808 819 820 821 822,0,3038,0,false,false,0,0
1681,Moss giant,,17458 17439,4656 4654,1081,30,0,false,true,0,0
1682,Golrie,,2900 2914 2915,195 189,319,88,0,false,true,0,0
1683,Velorina,,5226 5228 5225 5227,808 819 820 821 822,0,3038,0,false,false,0,0
1684,Necrovarus,,5213 5219 5209 5216 5223 5232,813 1205 1206 1207 1208,0,3038,0,false,false,0,0
1685,Gravingas,,5398 5219 5209 5216 5399,1421 1422 1423 1424 1425,0,3038,0,false,false,0,0
1686,Ghost disciple,,5212 5219 5209 5216 5223 5230,813 1205 1206 1207 1208,0,3038,0,false,false,0,0
1687,,,,808 819 820 821 822,0,3038,0,false,true,0,0
1688,Ak-Haranu,,217 5215 5221 170 176 5217 181 241 5233,808 819 820 821 822,0,3038,0,false,false,0,0
1689,,,5366,1644 1645,449,2,0,false,false,0,0
1690,,,5368,1646 1647,451,3,0,false,true,0,0
1691,Undead cow,,23894,5852 5848,1338,21,0,false,true,0,0
1692,Undead chicken,,20463,5386 5385,1255,13,0,false,false,0,0
1693,Giant lobster,,24608,6263 6264,1426,21,0,false,true,0,0
1694,Robin,,215 249 292 151 179 254 181 3378 317 563,808 819 820 821 822,0,3038,0,false,false,0,0
1695,Old crone,,393 417 465 332 353 440,808 819 820 821 822,0,3038,0,false,false,0,0
1696,Old man,,214 315 33034 10218 275 250 181,808 819 820 821 822,0,3038,0,false,true,0,0
1697,Ghost villager,,5212 5219 5209 5216,808 819 820 821 822,0,3038,0,false,false,0,0
1698,Tortured soul,,5398 5219 5209 5216,808 819 820 821 822,0,3038,0,false,false,0,0
1699,Ghost shopkeeper,,5212 5219 5209 5216,808 819 820 821 822,0,3038,0,false,false,0,0
1700,Ghost innkeeper,,5212 5219 5209 5216,808 819 820 821 822,0,3038,0,false,false,0,0
1701,Ghost farmer,,5212 5219 5209 5216 5211 5231,808 819 820 821 822,0,3038,0,false,false,0,0
1702,Ghost banker,,5212 5220 5209 5216,808,0,3038,0,false,false,0,0
1703,Ghost sailor,,5212 5219 5209 5216 5224 5210,808 819 820 821 822,0,3038,0,false,false,0,0
1704,Ghost captain,,5212 5219 5209 5216 5224 5210,808 819 820 821 822,0,3038,0,false,false,0,0
1705,Ghost captain,,5212 5219 5209 5216 5224 5210,808 819 820 821 822,0,3038,0,false,false,0,0
1706,Ghost guard,,5212 5219 5209 5216,808 819 820 821 822,0,3038,0,false,false,0,0
1707,Ghost (?),,5367,1639 1640,450,2,0,false,false,0,0
1708,Ghost (?),,5367,1639 1640,450,2,0,false,false,0,0
1709,Johanhus Ulsbrecht,,167 10218 215 249 181 265 292 5434 5433 317,808 819 820 821 822,0,3038,0,false,false,0,0
1710,H.A.M. Guard,,169 176 517 246 181 265 296 5434 5430 5433 317 5437,808 819 820 821 822,0,3038,0,false,false,0,0
1711,H.A.M. Guard,,169 176 517 248 181 265 296 5434 5430 5433 317 5437,808 819 820 821 822,0,3038,0,false,false,0,0
1712,H.A.M. Guard,,169 176 517 250 181 265 296 5434 5430 5433 317 5437,808 819 820 821 822,0,3038,0,false,false,0,0
1713,H.A.M. Deacon,,151 176 248 181 265 292 5434 5430 5433 317,808 819 820 821 822,0,3038,0,false,false,0,0
1714,H.A.M. Member,,163 176 247 185 265 308 5434 5430 5433 317,808 819 820 821 822,0,3038,0,false,false,0,0
1715,H.A.M. Member,,348 353 358 428 456 5434 398 5433 317,808 819 820 821 822,0,3038,0,false,false,0,0
1716,H.A.M. Member,,151 176 248 5441 292 5434 5430 5433 5432,1144,0,3038,0,false,false,0,0
1717,H.A.M. Member,,151 176 248 5436 5431 292 5434 5430 5433 5432,1673,0,3038,0,false,false,0,0
1718,Jimmy the Chisel,,33034 10218 4218 4226 297 3189 226 280,808 819 820 821 822,0,3038,0,false,false,0,0
1719,Tree,,21840,5750,1331,3,0,false,false,0,0
1720,Tree,,21840,5750,1331,3,0,false,false,0,0
1721,Tree,,21841,5750,1331,3,0,false,false,0,0
1722,Dead tree,,21827,5750,1331,3,0,false,false,0,0
1723,Dead tree,,21827,5750,1331,3,0,false,false,0,0
1724,Dead tree,,21828,5751,1331,3,0,false,false,0,0
1725,Dead tree,,21828,5750,1331,3,0,false,false,0,0
1726,Dead tree,,21828,5750,1331,3,0,false,false,0,0
1727,Dead tree,,21828,5750,1331,3,0,false,false,0,0
1728,Dead tree,,21829,5750,1331,3,0,false,false,0,0
1729,Dead tree,,23907,5750,1331,3,0,false,false,0,0
1730,Dead tree,,21827,5750,1331,3,0,false,false,0,0
1731,Dead tree,,21830,5750,1331,3,0,false,false,0,0
1732,,,,808 819 820 821 822,0,3038,0,false,true,0,0
1733,Dramen tree,,21831,5750,1331,3,0,false,false,0,0
1734,Magic tree,,21838,5750,1331,3,0,false,false,0,0
1735,Maple tree,,21839,5750,1331,3,0,false,false,0,0
1736,Willow,,21852,5750,1331,3,0,false,false,0,0
1737,Willow,,21850,5750,1331,3,0,false,false,0,0
1738,Willow,,21851,5750,1331,3,0,false,false,0,0
1739,Oak,,21842,5750,1331,3,0,false,false,0,0
1740,Yew,,21853,5750,1331,3,0,false,false,0,0
1741,Evergreen,,21832,5750,1331,3,0,false,false,0,0
1742,Evergreen,,21823,5750,1331,3,0,false,false,0,0
1743,Evergreen,,21833,5750,1331,3,0,false,false,0,0
1744,Tree,,21848,5750,1331,3,0,false,true,0,0
1745,Dead tree,,21826,5751,1331,3,0,false,false,0,0
1746,Achey Tree,,21825,5750,1331,3,0,false,false,0,0
1747,Tree,,21845,5750,1331,3,0,false,false,0,0
1748,Tree,,21845,5750,1331,3,0,false,false,0,0
1749,Hollow tree,,21834,5751,1331,3,0,false,false,0,0
1750,Hollow tree,,21824,5751,1331,3,0,false,false,0,0
1751,Terrorbird,,26856,1008 1007,1533,26,0,false,true,0,0
1752,Mounted terrorbird gnome,,26858,6793 6796,1533,26,0,false,true,0,0
1753,Mounted terrorbird gnome,,26855,6793 6796,1533,26,0,false,true,0,0
1754,Crow,,26851,6785 6784,1534,5,0,false,true,0,0
1755,Crow,,26851,6786 6784,1534,5,0,false,true,0,0
1756,Crow,,26851,6787 6784,1534,5,0,false,true,0,0
1757,Farmer,,28750 40358 28794 40370 40344 28804 40319,7188 7191 7192 7193 7194,0,3038,0,false,true,0,0
1758,Farmer,,40339 40349 40364 40370 28767 28810 40319,7188 7191 7192 7193 7194,0,3038,0,false,true,0,0
1759,Farmer,,40340 40349 28794 40370 40344 28804 40326,7188 7191 7192 7193 7194,0,3038,0,false,false,0,0
1760,Farmer,,40329 40349 28794 40370 40344 28804 40326,7188 7191 7192 7193 7194,0,3038,0,false,true,0,0
1761,Farmer,,230 246 315 33034 179 275 185 5442 4843,7188 7191 7192 7193 7194,0,3038,0,false,false,0,0
1762,Sheep,,20283 20289 20285,5339 5340,1247,13,0,false,false,0,0
1763,Sheep,,20292 20295 20293,5335 5334,1247,13,0,false,false,0,0
1764,Sheep,,20283 20289 20285,5339 5340,1247,13,0,false,false,0,0
1765,Sheep,,20292 20295 20293,5335 5334,1247,13,0,false,false,0,0
1766,Cow calf,,23890,5852 5856,1338,21,0,false,false,0,0
1767,Cow,,23893,5852 5848,1338,21,0,false,true,0,0
1768,Cow calf,,23890,5852 5856,1338,21,0,false,false,0,0
1769,Goblin,,24455 24485 24431 24472 24441 24448,6181 6180,1415,82,0,false,true,0,0
1770,Goblin,,24457 24488 24434 24478 24441 24448,6181 6180,1415,82,0,false,true,0,0
1771,Goblin,,24455 24482 24432 24474 24441 24448,6181 6180,1415,82,0,false,false,0,0
1772,Goblin,,24458 24486 24432 24475 24441 24448,6181 6180,1415,82,0,false,true,0,0
1773,Goblin,,24465 24483 24432 24476 24441 24449,6181 6180,1415,82,0,false,false,0,0
1774,Goblin,,24466 24486 24433 24475 24443 24449 24491,6181 6180,1415,82,0,false,true,0,0
1775,Goblin,,24457 24486 24433 24474 24443 24449 24491,6181 6180,1415,82,0,false,false,0,0
1776,Goblin,,24467 24488 24437 24478 24443 24448,6181 6180,1415,82,0,false,true,0,0
1777,Ilfeen,,4029 4030 4032 3194 4028 4031,808 819 820 821 822,0,3038,0,false,false,0,0
1778,William,,217 250 5614 173 176 269 181 293,1740 1739,0,3038,0,false,true,0,0
1779,Ian,,210 250 5614 173 176 269 181 293,1740 1739,0,3038,0,false,true,0,0
1780,Larry,,230 246 5614 173 176 269 181 293,1740 1739,0,3038,0,false,true,0,0
1781,Darren,,217 249 5614 173 176 269 181 293,1740 1739,0,3038,0,false,true,0,0
1782,Edward,,235 247 5614 173 176 269 181 293,1740 1739,0,3038,0,false,false,0,0
1783,Richard,,225 250 5614 173 176 269 181 293,1740 1739,0,3038,0,false,true,0,0
1784,Neil,,230 250 5614 173 176 269 181 293,1740 1739,0,3038,0,false,true,0,0
1785,Edmond,,230 246 5614 173 176 269 181 293,1740 1739,0,3038,0,false,true,0,0
1786,Simon,,217 250 5614 173 176 269 181 293,1740 1739,0,3038,0,false,true,0,0
1787,Sam,,232 250 5614 173 176 269 181 293,1740 1739,0,3038,0,false,true,0,0
1788,Lumdo,,2914 14924 2919,195 189,319,88,0,false,true,0,0
1789,Bunkwicket,,2909 2915 4701,195 189,319,88,0,false,true,0,0
1790,Waymottin,,2909 2915 4701,195 189,319,88,0,false,true,0,0
1791,Jungle Tree,,21835,5751,1331,3,0,false,false,0,0
1792,Jungle Tree,,21835,5751,1331,3,0,false,false,0,0
1793,Tassie Slipcast,,391 417 467 348 353 437 358,808 819 820 821 822,0,3038,0,false,true,0,0
1794,Hammerspike Stoutbeard,,2970 2981 2979 2983 2985 2993,101 98,297,51,0,false,false,0,0
1795,Dwarf gang member,,5621 2979 2985 2981 2983 2993,101 98,297,51,0,false,false,0,0
1796,Dwarf gang member,,2970 2979 2985 2980 2983 2993,101 98,297,51,0,false,false,0,0
1797,Dwarf gang member,,2972 2978 2985 2981 2983 2993,101 98,297,51,0,false,false,0,0
1798,Phantuwti Fanstuwi Farsight,,170 256 292 317 217 249 176,808 819 820 821 822,0,3038,0,false,false,0,0
1799,Tindel Marchant,,163 254 292 320 230 247 176 181,808 819 820 821 822,0,3038,0,false,false,0,0
1800,Gnormadium Avlafrim,,2909 4696 2922,195 189,319,88,0,false,true,0,0
1801,Petra Fiyed,,332 429 475 481 390 356 358 519 4235,808 819 820 821 822,0,3038,0,false,true,0,0
1802,Slagilith,,5654,1749 1748,609,10,0,false,true,0,0
1803,Rock pile,,5654,1754,609,10,0,false,true,0,0
1804,Slagilith,,5654,1753,609,10,0,false,true,0,0
1805,Guard,,214 250 5674 5672 5668 5725 4236,808 819 820 821 822,0,3038,0,false,true,0,0
1806,Guard,,230 250 5674 5672 5668 5725 4236,808 819 820 821 822,0,3038,0,false,true,0,0
1807,Hamal the Chieftain,,214 250 5674 5672 5668 5725 5726 5670,808 819 820 821 822,0,3038,0,false,false,0,0
1808,Ragnar,,206 250 5673 5671 5667 5725,808 819 820 821 822,0,3038,0,false,true,0,0
1809,Svidi,,230 246 5673 5671 5667 5725,808 819 820 821 822,0,3038,0,false,true,0,0
1810,Jokul,,203 250 5673 5672 5667 5725 553,808 819 820 821 822,0,3038,0,false,true,0,0
1811,,,,1756 1757,581,5,0,false,true,0,0
1812,The Kendal,,18904 18905,1756 1757,581,5,0,false,false,0,0
1813,The Kendal,,18904 18905,1756 1757,581,5,0,false,false,0,0
1814,Camp dweller,,214 250 5673 5671 5667 5725,808 819 820 821 822,0,3038,0,false,true,0,0
1815,Camp dweller,,210 250 5674 5672 5667 5725,808 819 820 821 822,0,3038,0,false,true,0,0
1816,Camp dweller,,390 5678 5677 5675,808 819 820 821 822,0,3038,0,false,true,0,0
1817,Camp dweller,,387 5678 5677 5675,808 819 820 821 822,0,3038,0,false,true,0,0
1818,Camp dweller,,385 5678 5677 5675,808 819 820 821 822,0,3038,0,false,true,0,0
1819,Mountain Goat,,20273 20281 20276,5339 5340,1247,13,0,false,false,0,0
1820,Mountain Goat,,20273 20280 20275,5339 5340,1247,13,0,false,false,0,0
1821,Bald Headed Eagle,,5728,1773,793,1,0,false,false,0,0
1822,Cave goblin,,23663 23694 23629,6040 6041,1383,60,0,false,false,0,0
1823,Cave goblin,,23652 23694 23630,6040 6041,1383,60,0,false,false,0,0
1824,Cave goblin,,23670 23694 23629,6040 6041,1383,60,0,false,false,0,0
1825,Cave goblin,,23653 23705 23629,6040 6041,1383,60,0,false,false,0,0
1826,Zombie,,21101 34604 21050 21085 21126 21082 21140,5565 5566,1288,32,0,false,false,0,0
1827,Gargoyle,,34599,,,0,0,false,false,0,0
1828,Giant frog,,6947,1796 1797,36,7,0,false,true,0,0
1829,Big frog,,6947,1796 1797,36,7,0,false,true,0,0
1830,Frog,,6947,1796 1797,36,7,0,false,true,0,0
1831,Cave slime,,5786,1790 1788,35,5,0,false,true,0,0
1832,Cave bug,,23854,6078 6077,1393,6,0,false,true,0,0
1833,Cave bug larva,,5785,1782 1781,34,2,0,false,false,0,0
1834,Candle seller,,210 250 302 167 10218 274 185,808 819 820 821 822,0,3038,0,false,false,0,0
1835,Easter Bunny,,23995,3852 3851,1398,2,0,false,false,0,0
1836,,,,101 98,297,51,0,false,true,0,0
1837,Dondakan the Dwarf,,2970 2980 2978 2984 6018 2990,,,0,0,false,false,0,0
1838,Dondakan the Dwarf,,2970 2980 2978 2984 6018,,,0,0,false,false,0,0
1839,Dondakan the Dwarf,,2970 2980 2978 2984 6018 2990,101 98,297,51,0,false,false,0,0
1840,Dwarven Engineer,,2970 2980 2978 2984 2985 6021,101 98,297,51,0,false,false,0,0
1841,Rolad,,2971 2980 2978 6017 2985 6020,101 98,297,51,0,false,false,0,0
1842,"Khorvak, a dwarven engineer",,2972 2980 2979 2983 2985 2992,900 104,297,51,0,false,false,0,0
1843,Dwarven Ferryman,,2971 2980 2979 2983 2985,101 98,297,51,0,false,false,0,0
1844,Dwarven Ferryman,,2970 2980 2979 2983 2985,101 98,297,51,0,false,false,0,0
1845,,,,101 98,297,51,0,false,true,0,0
1846,Dwarven Boatman,,2970 2980 2979 2983 2985,101 98,297,51,0,false,false,0,0
1847,Miodvetnir,,2980 2979 2983 2985 40130,101 98,297,51,0,false,false,0,0
1848,Dernu,,2980 2979 2983 2985 40128,101 98,297,51,0,false,false,0,0
1849,Derni,,2980 2978 2984 2985 40126,101 98,297,51,0,false,false,0,0
1850,Arzinian Avatar of Strength,,6011 6010,1838 1839,481,7,0,false,true,0,0
1851,Arzinian Avatar of Strength,,6011 6010,1838 1839,481,7,0,false,true,0,0
1852,Arzinian Avatar of Strength,,6011 6010,1838 1839,481,7,0,false,true,0,0
1853,Arzinian Avatar of Ranging,,6011 6008,1838 1839,481,7,0,false,true,0,0
1854,Arzinian Avatar of Ranging,,6011 6008,1838 1839,481,7,0,false,true,0,0
1855,Arzinian Avatar of Ranging,,6011 6008,1838 1839,481,7,0,false,true,0,0
1856,Arzinian Avatar of Magic,,6011 6009,1838 1839,481,7,0,false,true,0,0
1857,Arzinian Avatar of Magic,,6011 6009,1838 1839,481,7,0,false,true,0,0
1858,Arzinian Avatar of Magic,,6011 6009,1838 1839,481,7,0,false,true,0,0
1859,Arzinian Being of Bordanzan,,6011 6009,1838 1839,481,7,0,false,true,0,0
1860,Brian,,206 252 292 326 163 10218 254 4929 9607,808 819 820 821 822,0,3038,0,false,false,0,0
1861,Ranged Tutor,,28824 28837 28846 28842 40396 40373 40394 40388,9677 9869,0,3038,0,false,true,0,0
1862,Ali Morrisane,,6086 6087 6091 6084 6089 185 176,808 819 820 821 822,0,3038,0,false,false,0,0
1863,Drunken Ali,,211 6087 292 33034 3599 10218 6098 4234,1322,0,3038,0,false,false,0,0
1864,Ali The barman,,6086 249 292 170 254 185 176,808 819 820 821 822,0,3038,0,false,false,0,0
1865,Ali the Kebab seller,,6086 249 292 170 254 185 176,808 819 820 821 822,0,3038,0,false,false,0,0
1866,Market seller,,6086 249 292 170 254 185 176,808 819 820 821 822,0,3038,0,false,false,0,0
1867,Ali the Camel Man,,214 6087 292 162 265 181 176 323 280,808 819 820 821 822,0,3038,0,false,false,0,0
1868,Street urchin,,28606 28635 28658 28610 28625 28672,7158 7160,1628,64,0,false,false,0,0
1869,,,,808 819 820 821 822,0,3038,0,false,true,0,0
1870,Ali the Mayor,,215 6087 292 151 254 181 176,808 819 820 821 822,0,3038,0,false,true,0,0
1871,Ali the Hag,,6095 6097 6092 428 6093 181 6102,808 1146,0,3038,0,false,false,0,0
1872,Ali the Snake Charmer,,6085 315 173 264 6100 246 176,1879,0,3038,0,false,false,0,0
1873,Ali the Camel,,38648,9669 9670 9671 9672 9673,2163,13,0,false,true,0,0
1874,Desert snake,,3002,277 274,340,9,0,false,false,0,0
1875,Snake,,6104,1900 274,340,9,0,false,false,0,0
1876,,,,808 819 820 821 822,0,3038,0,false,true,0,0
1877,,,,808 819 820 821 822,0,3038,0,false,true,0,0
1878,Bandit Leader,,6085 6087 6091 6084 6089 181 176 490,,,0,0,false,false,0,0
1879,,,,808 819 820 821 822,0,3038,0,false,true,0,0
1880,Bandit,,6086 247 292 173 6090 181 176 490 523,,,0,0,false,false,0,0
1881,Bandit,,6086 247 292 173 6090 181 176 490 523,,,0,0,false,false,0,0
1882,Sir Palomedes,,27126 27195 27203,808 819 820 821 822,0,3038,0,false,false,0,0
1883,Sir Palomedes,,27126 27195 27203,808 819 820 821 822,0,3038,0,false,false,0,0
1884,Trobert,,235 246 292 254 323 179 185 151 290 518 326,808 819 820 821 822,0,3038,0,false,false,0,0
1885,Bandit champion,,6086 247 292 173 6090 181 176 490 523,808 819 820 821 822,0,3038,0,false,false,0,0
1886,Cowardly Bandit,,6086 247 292 173 6090 181 176 490 523,808 819 820 821 822,0,3038,0,false,false,0,0
1887,,,,808 819 820 821 822,0,3038,0,false,true,0,0
1888,Villager,,215 6087 292 151 254 181 176,,,0,0,false,false,0,0
1889,Villager,,215 6087 292 151 254 181 176,,,0,0,false,false,0,0
1890,Villager,,215 6087 292 151 254 181 176,,,0,0,false,false,0,0
1891,,,,808 819 820 821 822,0,3038,0,false,true,0,0
1892,Villager,,215 188 246 292 173 254 181 176,,,0,0,false,false,0,0
1893,Villager,,215 188 246 292 173 254 181 176,,,0,0,false,false,0,0
1894,Villager,,215 188 246 292 173 254 181 176,,,0,0,false,false,0,0
1895,,,,808 819 820 821 822,0,3038,0,false,true,0,0
1896,Villager,,390 364 456 348 429 358 353,,,0,0,false,false,0,0
1897,Villager,,390 364 456 348 429 358 353,,,0,0,false,false,0,0
1898,Villager,,390 364 456 348 429 358 353,,,0,0,false,false,0,0
1899,,,,808 819 820 821 822,0,3038,0,false,true,0,0
1900,,,,808 819 820 821 822,0,3038,0,false,true,0,0
1901,Menaphite Leader,,6130 6131 6134 170 6132 176 6135,,,0,0,false,false,0,0
1902,Ali the Operator,,6130 246 6134 151 6133 176 490 185,808 819 820 821 822,0,3038,0,false,false,0,0
1903,,,,808 819 820 821 822,0,3038,0,false,true,0,0
1904,Menaphite Thug,,6130 249 6134 151 6133 176 6099 185,,,0,0,false,false,0,0
1905,Menaphite Thug,,6130 249 6134 151 6133 176 6099 185,808 819 820 821 822,0,3038,0,false,false,0,0
1906,Tough Guy,,6130 249 6134 151 6133 176 6099 185,808 819 820 821 822,0,3038,0,false,false,0,0
1907,,,,1913 1912,526,9,0,false,true,0,0
1908,Broken clay golem,,6146 6147 6149,1913 1912,526,9,0,false,true,0,0
1909,Damaged clay golem,,6146 6147 6150,1913 1912,526,9,0,false,true,0,0
1910,Clay golem,,6146 6148 6150,1913 1912,526,9,0,false,true,0,0
1911,Desert Phoenix,,26852,6809 6808,1535,5,0,false,false,0,0
1912,Elissa,,378 418 446 471 348 354 440,808 819 820 821 822,0,3038,0,false,false,0,0
1913,Kamil,,219 268 251 164 179 185 3379 518 317,842 841,0,3038,0,false,false,0,0
1914,Dessous,,6225 4088 6227 275 181,808 819 820 821 822,0,3038,0,false,true,0,0
1915,Dessous,,6225 4088 6227 275 33033,808 819 820 821 822,0,3038,0,false,false,0,0
1916,Ruantun,,6224 6220 4090 275 33033 3189,808 819 820 821 822,0,3038,0,false,false,0,0
1917,Bandit shopkeeper,,217 246 188 6091 3707 170 176 6089 185,808 819 820 821 822,0,3038,0,false,false,0,0
1918,Archaeologist,,215 253 292 33034 10218 274 185 326 6364 6228 3707,808 819 820 821 822,0,3038,0,false,false,0,0
1919,Stranger,,211 248 292 151 179 254 185 6221 539,808 819 820 821 822,0,3038,0,false,false,0,0
1920,Malak,,227 292 170 179 267 185 3189,808 819 820 821 822,0,3038,0,false,false,0,0
1921,Bartender,,235 248 302 32592 10218 254 181,808 819 820 821 822,0,3038,0,false,true,0,0
1922,,,,808 819 820 821 822,0,3038,0,false,true,0,0
1923,Eblis,,217 246 188 292 170 176 265 185,808 819 820 821 822,0,3038,0,false,false,0,0
1924,,,,808 819 820 821 822,0,3038,0,false,true,0,0
1925,Eblis,,217 246 188 292 170 176 265 185,808 819 820 821 822,0,3038,0,false,false,0,0
1926,Bandit,,215 254 248 170 176 181 323 292 188 533,808 819 820 821 822,0,3038,0,false,false,0,0
1927,Bandit,,215 3599 248 170 176 292 188 6230,1955,0,3038,0,false,false,0,0
1928,Bandit,,215 3599 248 170 176 292 188 6230,1953,0,3038,0,false,false,0,0
1929,Bandit,,215 3599 248 170 176 292 188 6230,1952,0,3038,0,false,false,0,0
1930,Bandit,,215 3599 248 170 176 292 188 6230,1954,0,3038,0,false,false,0,0
1931,Bandit,,215 254 248 170 176 181 323 292 188 533,808 819 820 821 822,0,3038,0,false,false,0,0
1932,,,,286 283,461,49,0,false,true,0,0
1933,Troll child,,4942 6239 3756,286 283,461,49,0,false,false,0,0
1934,Troll child,,4942 6239 3756 4945,1476 283,461,49,0,false,false,0,0
1935,Ice troll,,4942 3758 3756 3762 4948,286 283,461,49,0,false,false,0,0
1936,Ice troll,,4942 4943 3756 3762,286 283,461,49,0,false,false,0,0
1937,Ice troll,,3753 3759 3755 4949,286 283,461,49,0,false,false,0,0
1938,Ice troll,,4942 3758 3756 3762 4948,926 1139,461,49,0,false,false,0,0
1939,Ice troll,,4942 4943 3755 3763,286 283,461,49,0,false,false,0,0
1940,Ice troll,,4942 4943 3756 3762 4948,926 1139,461,49,0,false,false,0,0
1941,Ice troll,,3754 3758 3755 4949,286 283,461,49,0,false,false,0,0
1942,Ice troll,,4942 4943 3755 3762,286 283,461,49,0,false,false,0,0
1943,,,,,,0,0,false,false,0,0
1944,Ice block,,6323,,,0,0,false,false,0,0
1945,,,,,,0,0,false,false,0,0
1946,Ice block,,6323,,,0,0,false,false,0,0
1947,,,,286 283,461,49,0,false,true,0,0
1948,Troll father,,4942 4943 3756,286 283,461,49,0,false,false,0,0
1949,,,,286 283,461,49,0,false,true,0,0
1950,Troll mother,,4941 4944 3756,286 283,461,49,0,false,false,0,0
1951,Ice wolf,,26266,6580 6556,1491,53,0,false,false,0,0
1952,Ice wolf,,26266,6580 6556,1491,53,0,false,false,0,0
1953,Ice wolf,,26266,6580 6556,1491,53,0,false,false,0,0
1954,Ice wolf,,26266,6580 6556,1491,53,0,false,false,0,0
1955,Ice wolf,,26266,6580 6556,1491,53,0,false,false,0,0
1956,Ice wolf,,26266,6580 6556,1491,53,0,false,false,0,0
1957,,,6318,,,0,0,false,false,0,0
1958,Mummy,,20926 20939 20907 20920 20922 20929 20917 20935,5548 5552,1286,21,0,false,false,0,0
1959,Mummy,,20904 20905,5548 5552,1286,21,0,false,true,0,0
1960,Mummy ashes,,20904,5563,1286,21,0,false,true,0,0
1961,Mummy,,20927 20941 20909 20920 20922 20931 20917 20936,5548 5552,1286,21,0,false,false,0,0
1962,Mummy,,20928 20942 20911 20921 20922 20930 20918 20936,5548 5552,1286,21,0,false,false,0,0
1963,Mummy,,20883 20896 20865 20878 20880 20887 20875 20893,5548 5552,1286,21,0,false,true,0,0
1964,Mummy,,20884 20899 20871 20879 20880 20889 20877 20894,5548 5552,1286,21,0,false,true,0,0
1965,Mummy,,20904 20905,5548 5552,1286,21,0,false,true,0,0
1966,Mummy,,20904 20905,5548 5552,1286,21,0,false,true,0,0
1967,Mummy,,20903 20902,5548 5552,1286,21,0,false,true,0,0
1968,Mummy,,20903 20902,5548 5552,1286,21,0,false,true,0,0
1969,Scarabs,,6276,1947 1945,468,6,0,false,true,0,0
1970,,,,125 119,301,12,0,false,true,0,0
1971,Azzanadra,,6236 6237 6238,125 119,301,12,0,false,true,0,0
1972,Rasolo,,230 250 186 5222 162 179 267 730,808 819 820 821 822,0,3038,0,false,false,0,0
1973,Giant skeleton,,21165,5493 5497,1291,57,0,false,true,0,0
1974,Damis,,219 268 248 164 176 181 306 546,808 819 820 821 822,0,3038,0,false,false,0,0
1975,Damis,,215 254 248 173 176 181 315 546,808 819 820 821 822,0,3038,0,false,true,0,0
1976,Shadow Hound,,26263,6561 6560,1491,53,0,false,true,0,0
1977,Fareed,,6223 6226 6219 6365 6366,808 819 820 821 822,0,3038,0,false,true,0,0
1978,Slave,,6468 248 315 33034 10218 266 33033,808 819 820 821 822,0,3038,0,false,false,0,0
1979,Slave,,210 251 315 33034 10218 266 33033,808 819 820 821 822,0,3038,0,false,false,0,0
1980,Embalmer,,6130 251 280 6134 32593 10218 6135 266 185,808 819 820 821 822,0,3038,0,false,false,0,0
1981,Carpenter,,230 250 40200 151 176 491 266 185,808 819 820 821 822,0,3038,0,false,false,0,0
1982,Raetul,,201 6130 247 6134 326 151 176 4047 265 185,808 819 820 821 822,0,3038,0,false,false,0,0
1983,Siamun,,201 214 253 292 326 163 176 4047 265 185,808 819 820 821 822,0,3038,0,false,false,0,0
1984,,,,808 819 820 821 822,0,3038,0,false,true,0,0
1985,,,,808 819 820 821 822,0,3038,0,false,true,0,0
1986,High Priest,,6466 250 6134 323 40165 6135 6132 185,808 819 820 821 822,0,3038,0,false,false,0,0
1987,,,,808 819 820 821 822,0,3038,0,false,true,0,0
1988,Priest,,6130 248 6134 40165 6135 6133 185,808 819 820 821 822,0,3038,0,false,false,0,0
1989,Priest,,6130 248 6134 40165 6135 6133 185,808 819 820 821 822,0,3038,0,false,false,0,0
1990,Sphinx,,6456 6457,2028 2027,572,8,0,false,false,0,0
1991,Possessed Priest,,6130 248 6134 40165 6135 6133 185,808 819 820 821 822,0,3038,0,false,false,0,0
1992,Neite,,34013,9158 9157,2035,31,0,false,true,0,0
1993,Crocodile,,31023,7589 7587,1762,5,0,false,false,0,0
1994,Jackal,,26260,6561 6560,1491,53,0,false,true,0,0
1995,Locust,,6455,2012 2011,571,5,0,false,true,0,0
1996,Vulture,,30853,,,0,0,false,false,0,0
1997,Plague frog,,3447,1018 1021,380,5,0,false,true,0,0
1998,Plague cow,,23889,5852 5848,1338,21,0,false,true,0,0
1999,Plague cow,,23895,5852 5848,1338,21,0,false,true,0,0
2000,Plague cow,,23889,5852 5848,1338,21,0,false,true,0,0
2001,Scarab swarm,,6276,1947 1945,468,6,0,false,true,0,0
2002,,,,808 819 820 821 822,0,3038,0,false,true,0,0
2003,,,,808 819 820 821 822,0,3038,0,false,true,0,0
2004,,,,808 819 820 821 822,0,3038,0,false,true,0,0
2005,Wanderer,,390 449 471 479 348 353 3711 428 361,808 1146,0,3038,0,false,false,0,0
2006,Wanderer,,390 449 471 479 348 353 3711 428 40417,808 1146,0,3038,0,false,false,0,0
2007,Het,,6130 249 281 315 173 176 6135 266 33033,813 1205 1206 1207 1208,0,3038,0,false,false,0,0
2008,Apmeken,,6464 281 315 33034 10218 6135 266 33033,813 1205 1206 1207 1208,0,3038,0,false,false,0,0
2009,Scabaras,,6470 167 10218 6135 266 33033,813 1205 1206 1207 1208,0,3038,0,false,false,0,0
2010,Crondis,,6465 281 315 33034 10218 6135 266 33033,813 1205 1206 1207 1208,0,3038,0,false,false,0,0
2011,,,,813 1205 1206 1207 1208,0,3038,0,false,true,0,0
2012,Icthlarin,,6467 281 315 33034 6135 266 33033 10218,813 1205 1206 1207 1208,0,3038,0,false,false,0,0
2013,,,,5538 5539,1290,13,0,false,true,0,0
2014,Klenter,,21154,5538 5539,1290,13,0,false,true,0,0
2015,Mummy,,20925 20944 20915 20920 20923 20933 20917 20937,5551 5553,1286,21,0,false,true,0,0
2016,Mummy,,20925 20945 20916 20921 20924 20934 20919 20937,5551 5553,1286,21,0,false,true,0,0
2017,Mummy,,20886 20900 20873 20878 20881 20891 20875 20895,5551 5553,1286,21,0,false,false,0,0
2018,Mummy,,20886 20901 20874 20878 20882 20888 20875 20895,5551 5553,1286,21,0,false,false,0,0
2019,Mummy,,20925 20945 20915 20921 20924 20933 20917 20936,5551 5553,1286,21,0,false,true,0,0
2020,,,,,,0,0,false,false,0,0
2021,Light creature,,6541,2051,3,5,0,false,true,0,0
2022,Light creature,,6541,2051,3,5,0,false,true,0,0
2023,Juna,,6511,,,0,0,false,false,0,0
2024,Strange Old Man,,5430 250 310 317 163 176 5442 275 185,1728 1205 1206 1207 1208,0,3038,0,false,false,0,0
2025,Ahrim the Blighted,,6668,813 1205 1206 1207 1208,0,3038,0,false,true,0,0
2026,Dharok the Wretched,,6652 6671 6640 6661 6703 6679,2065 2064,0,3038,0,false,false,0,0
2027,Guthan the Infested,,6654 6673 6642 6666 6679 6710,813 1205 1206 1207 1208,0,3038,0,false,false,0,0
2028,Karil the Tainted,,6675,808 819 820 821 822,0,3038,0,false,false,0,0
2029,Torag the Corrupted,,6657 6677 6645 6663 6708 6679,808 819 820 821 822,0,3038,0,false,false,0,0
2030,Verac the Defiled,,6678 6705,2061 2060,0,3038,0,false,false,0,0
2031,Bloodworm,,6632,2071 2069,93,5,0,false,true,0,0
2032,Crypt rat,,2927,242 239,331,5,0,false,true,0,0
2033,Giant crypt rat,,18891 18889 18894,4932 4931,1152,10,0,false,false,0,0
2034,Crypt spider,,24613,6247 6248,1427,5,0,false,false,0,0
2035,Giant crypt spider,,20315 20316,5326 5325,1248,24,0,false,true,0,0
2036,Skeleton,,21174 21178 21160 21158 21181 21201 21188 21164,5483 5481,1291,57,0,false,true,0,0
2037,Skeleton,,21173 21179 21160 21156 21182 21200 21186 21164,5483 5481,1291,57,0,false,true,0,0
2038,Grish,,6759 6769,357 358,321,23,0,false,true,0,0
2039,Uglug Nar,,6760 6769,357 358,321,23,0,false,true,0,0
2040,Pilg,,6768,2088,321,23,0,false,true,0,0
2041,Grug,,6768,2089,321,23,0,false,true,0,0
2042,Ogre guard,,2880 2874,357 358,321,23,0,false,false,0,0
2043,Ogre guard,,2880 2876,357 358,321,23,0,false,false,0,0
2044,Zogre,,6763 6774,357 2104,321,23,0,false,true,0,0
2045,Zogre,,6762 6771,357 2104,321,23,0,false,false,0,0
2046,Zogre,,6767 6772,357 2104,321,23,0,false,false,0,0
2047,Zogre,,6762 6771,357 2104,321,23,0,false,false,0,0
2048,Zogre,,6767 6773,357 2104,321,23,0,false,false,0,0
2049,Zogre,,6766 6771,357 2104,321,23,0,false,false,0,0
2050,Skogre,,6770,2099 358,321,23,0,false,true,0,0
2051,Zogre,,6767 6772,2099 2104,321,23,0,false,false,0,0
2052,Zogre,,6766 6771,2099 2104,321,23,0,false,false,0,0
2053,Zogre,,6762 6771,2099 2104,321,23,0,false,false,0,0
2054,Zogre,,6767 6773,2099 2104,321,23,0,false,false,0,0
2055,Zogre,,6761 6771 6765,2100,321,23,0,false,false,0,0
2056,Skogre,,6761 6770 6765,2100,321,23,0,false,true,0,0
2057,Skogre,,6770,357 358,321,23,0,false,true,0,0
2058,Hole in the wall,,34601,1798,37,11,0,false,false,0,0
2059,Zavistic Rarve,,202 214 251 290 292 323 162 176 534 256,813 819 820 821 822,0,3038,0,false,false,0,0
2060,Slash Bash,,6764 6771,357 358,321,23,0,false,false,0,0
2061,Sithik Ints,,6809,,,0,0,false,false,0,0
2062,Sithik Ints,,6810,,,0,0,false,false,0,0
2063,Gargh,,2878 3442,357 358,321,23,0,false,false,0,0
2064,Scarg,,3442 2878,357 358,321,23,0,false,false,0,0
2065,Gruh,,3442 2878,357 358,321,23,0,false,false,0,0
2066,Irwin Feaselbaum,,202 215 292 328 170 176 265 181 246,808 819 820 821 822,0,3038,0,false,true,0,0
2067,Fishing spot,,6568,2126,31,1,0,false,false,0,0
2068,Fishing spot,,6568,2126,31,1,0,false,false,0,0
2069,Cave goblin miner,,23665 23703 23632 23681,6006 6005,1383,60,0,false,false,0,0
2070,Cave goblin miner,,23666 23703 23632 23681,6006 6005,1383,60,0,false,false,0,0
2071,Cave goblin miner,,23649 23703 23632 23681,6006 6005,1383,60,0,false,false,0,0
2072,Cave goblin miner,,23667 23703 23632 23681,6006 6005,1383,60,0,false,false,0,0
2073,Cave goblin guard,,23658 23700 23634 23680,6006 6005,1383,60,0,false,false,0,0
2074,Cave goblin guard,,23658 23700 23634 23676,6006 6005,1383,60,0,false,false,0,0
2075,Cave goblin miner,,23665 23703 23632 23681,6004 6005,1383,60,0,false,false,0,0
2076,Cave goblin miner,,23666 23703 23632 23681,6004 6005,1383,60,0,false,false,0,0
2077,Cave goblin miner,,23649 23703 23632 23681,6004 6005,1383,60,0,false,false,0,0
2078,Cave goblin miner,,23667 23703 23632 23681,6004 6005,1383,60,0,false,false,0,0
2079,,,,808 819 820 821 822,0,3038,0,false,true,0,0
2080,,,,808 819 820 821 822,0,3038,0,false,true,0,0
2081,,,,808 819 820 821 822,0,3038,0,false,true,0,0
2082,Sigmund,,6848 292 162 265 181 176 323 283 5215,808 819 820 821 822,0,3038,0,false,false,0,0
2083,Sigmund,,24536 176 5215 181 24537 296 5434 5430 5433 317 283,808 819 820 821 822,0,3038,0,false,false,0,0
2084,Mistag,,23668 23704,6040 6041,1383,60,0,false,false,0,0
2085,,,,6006 6005,1383,60,0,false,true,0,0
2086,Kazgar,,23658 23700 23634 23676,6006 6005,1383,60,0,false,false,0,0
2087,Ur-tag,,23674 23710 23630,6040 6041,1383,60,0,false,false,0,0
2088,Duke Horacio,,40357,9870 9869,0,3038,0,false,true,0,0
2089,Mistag,,23668 23704,6040 6041,1383,60,0,false,false,0,0
2090,Sigmund,,24536 176 5215 181 24537 296 5434 5430 5433 317 283,808 819 820 821 822,0,3038,0,false,false,0,0
2091,Secretary,,7031 7071 7058 7036 7048 7068,2157 2156,297,51,0,false,false,0,0
2092,Purple Pewter Secretary,,7031 7070 7060 7038 7048 7068,2157 2156,297,51,0,false,false,0,0
2093,Yellow Fortune Secretary,,7035 7058 7038 7048 7068,2157 2156,297,51,0,false,false,0,0
2094,Blue Opal Secretary,,2973 2983 7037 7047,2158,297,51,0,false,false,0,0
2095,Green Gemstone Secretary,,2970 7059 2978 7047,2158,297,51,0,false,false,0,0
2096,White Chisel Secretary,,2973 2983 2978 7047,2158,297,51,0,false,false,0,0
2097,Silver Cog Secretary,,2970 7059 2978 7047,2158,297,51,0,false,false,0,0
2098,Brown Engine Secretary,,2971 7063 2978 7047,2158,297,51,0,false,false,0,0
2099,Red Axe Secretary,,2974 7069 7059 2978 7045 2985,101 98,297,51,0,false,false,0,0
2100,Purple Pewter Director,,7026 6020 6017 7037 7045 2985,101 98,297,51,0,false,false,0,0
2101,Blue Opal Director,,7027 7055 7037 7044 2985,101 98,297,51,0,false,false,0,0
2102,Yellow Fortune Director,,7031 7070 7058 7038 7045 7068,2157 2156,297,51,0,false,false,0,0
2103,Green Gemstone Director,,7029 7069 6017 2978 7044 2985,101 98,297,51,0,false,false,0,0
2104,White Chisel Director,,7028 7059 2979 2980 2985,101 98,297,51,0,false,false,0,0
2105,Silver Cog Director,,7029 6017 7037 7045 2985,101 98,297,51,0,false,false,0,0
2106,Brown Engine Director,,2971 7055 7036 7045 7068,101 98,297,51,0,false,false,0,0
2107,Red Axe Director,,7030 7055 7037 7075 2980 2985,2155 2154,297,51,0,false,false,0,0
2108,Red Axe Cat,,34012,9158 9157,2035,31,0,false,true,0,0
2109,Trader,,2971 7072 7063 2978 7045 2985,101 98,297,51,0,false,false,0,0
2110,Trader,,7035 7070 7060 7036 7048 7068,2157 2156,297,51,0,false,false,0,0
2111,Trader,,2970 7072 7063 2979 7045 2985,101 98,297,51,0,false,false,0,0
2112,Trader,,2972 7071 7062 7037 7044 2985,101 98,297,51,0,false,false,0,0
2113,Trader,,7031 7071 7064 7036 7044 7068,2157 2156,297,51,0,false,false,0,0
2114,Trader,,7031 7064 7036 7048 7068,2157 2156,297,51,0,false,false,0,0
2115,Trader,,2974 7072 7063 7037 7044 2985,101 98,297,51,0,false,false,0,0
2116,Trader,,2973 7072 7062 7037 7044 2985,101 98,297,51,0,false,false,0,0
2117,Trader,,2973 7072 7063 2978 7044 2985,101 98,297,51,0,false,false,0,0
2118,Trader,,2972 6020 7062 2979 7044 2985,101 98,297,51,0,false,false,0,0
2119,Trader,,2974 7072 7062 2978 7044 2985,101 98,297,51,0,false,false,0,0
2120,Trader,,2972 7072 7063 2978 7044 2985,101 98,297,51,0,false,false,0,0
2121,Trader,,2970 7072 7063 2978 7045 2985,101 98,297,51,0,false,false,0,0
2122,Trader,,7033 7060 7038 7045 7068,2157 2156,297,51,0,false,true,0,0
2123,,,,900 104,297,51,0,false,true,0,0
2124,Trader,,2974 7072 7063 2978 7044 2985,101 98,297,51,0,false,false,0,0
2125,,,,900 104,297,51,0,false,true,0,0
2126,Trader,,2974 7072 7063 2978 7045 2985,101 98,297,51,0,false,false,0,0
2127,Trade Referee,,2973 7071 7063 7037 7044 2985,101 98,297,51,0,false,false,0,0
2128,Supreme Commander,,7029 7050 7039 7042,101 98,297,51,0,false,false,0,0
2129,Commander Veldaban,,7028 7050 7039 2991 7043 2985,101 98,297,51,0,false,true,0,0
2130,Black Guard,,2971 2986 7051 7040 7043 7065 2993,101 98,297,51,0,false,false,0,0
2131,Black Guard,,2970 2986 7051 7040 7043 7065 2993,101 98,297,51,0,false,false,0,0
2132,Black Guard,,2973 2986 7051 7040 7043 7065 2993,101 98,297,51,0,false,false,0,0
2133,Black Guard,,2971 2986 7051 7040 7043 7065 2993,101 98,297,51,0,false,false,0,0
2134,Black Guard Berserker,,7025 7050 7039 7073 2991 7042,101 98,297,51,0,false,false,0,0
2135,Black Guard Berserker,,7025 7050 7039 2993 2991 7042,101 98,297,51,0,false,false,0,0
2136,Black Guard Berserker,,7025 7050 7039 7073 7042,101 98,297,51,0,false,false,0,0
2137,Gnome emissary,,2900 2911 2922,195 189,319,88,0,false,true,0,0
2138,Gnome traveller,,2907 2914 2917,195 189,319,88,0,false,true,0,0
2139,Gnome traveller,,2890 2914 2917,195 189,319,88,0,false,true,0,0
2140,Dromund's cat,,34027,9171,2035,31,0,false,false,0,0
2141,Blasidar the sculptor,,7029 7069 7061 2979 7046 2985 7074,101 98,297,51,0,false,false,0,0
2142,,,,101 98,297,51,0,false,true,0,0
2143,Riki the sculptor's model,,2974 2983 2978 2980 2985,101 98,297,51,0,false,false,0,0
2144,Riki the sculptor's model,,2974 2983 2978 2980 7067,101 98,297,51,0,false,false,0,0
2145,Riki the sculptor's model,,2974 7056 7037 2980 2985,101 98,297,51,0,false,false,0,0
2146,Riki the sculptor's model,,2974 2983 2978 2980 2985 7073,101 98,297,51,0,false,false,0,0
2147,Riki the sculptor's model,,2974 7056 7037 2980 7067,101 98,297,51,0,false,false,0,0
2148,Riki the sculptor's model,,2974 2983 2978 2980 7067 7073,101 98,297,51,0,false,false,0,0
2149,Riki the sculptor's model,,2974 7056 7037 2980 2985 7073,101 98,297,51,0,false,false,0,0
2150,Riki the sculptor's model,,2974 7056 7037 2980 7067 7073,101 98,297,51,0,false,false,0,0
2151,Vigr,,2974 7069 7059 2979 2980 2985,101 98,297,51,0,false,false,0,0
2152,Santiri,,2971 2983 2979 2980 2985,101 98,297,51,0,false,false,0,0
2153,Saro,,2984 2978 2981 2985 40129,101 98,297,51,0,false,false,0,0
2154,Gunslik,,2974 2984 2978 2981 2985,101 98,297,51,0,false,false,0,0
2155,Wemund,,2983 2978 6021 7045 2985 40127,101 98,297,51,0,false,false,0,0
2156,Randivor,,2973 7072 7061 2978 7046 2985,101 98,297,51,0,false,false,0,0
2157,Hervi,,2974 7069 7059 2979 2980 2985,101 98,297,51,0,false,false,0,0
2158,Nolar,,7061 2979 7046 2985 40126,101 98,297,51,0,false,false,0,0
2159,Gulldamar,,2971 7069 7061 2978 7046 2985,101 98,297,51,0,false,false,0,0
2160,Tati,,7029 7071 2983 2979 7075 2980 2985,2155 2154,297,51,0,false,false,0,0
2161,Agmundi,,7032 7060 7038 7048 7068,2157 2156,297,51,0,false,false,0,0
2162,Vermundi,,7032 7060 7038 7048 7068,2157 2156,297,51,0,false,false,0,0
2163,Banker,,7035 6020 7060 7038 7048 7068,2157,297,51,0,false,false,0,0
2164,Banker,,2972 6020 6017 2978 2981 2985,101,297,51,0,false,false,0,0
2165,Librarian,,7029 7071 6017 7037 7045 2985,101 98,297,51,0,false,false,0,0
2166,Assistant,,7035 7064 7038 7045 7068,2157 2156,297,51,0,false,false,0,0
2167,Customer,,7033 7060 7036 7045 7068,2157 2156,297,51,0,false,true,0,0
2168,Customer,,378 456 480 348 353 419 358,808 819 820 821 822,0,3038,0,false,false,0,0
2169,Dromund,,7027 7055 7037 7045 2985,101 98,297,51,0,false,false,0,0
2170,Rind the gardener,,2973 7069 7062 2979 2981 2985,101 98,297,51,0,false,false,0,0
2171,Factory Manager,,2970 7063 7037 7044 2985,101 98,297,51,0,false,false,0,0
2172,Factory Worker,,2971 2983 2979 7044 2985,101 98,297,51,0,false,false,0,0
2173,Factory Worker,,2972 2983 2979 7045 2985,101 98,297,51,0,false,false,0,0
2174,Factory Worker,,2973 7062 2979 7045 2985,101 98,297,51,0,false,false,0,0
2175,Factory Worker,,2974 2983 2978 7045 2985,101 98,297,51,0,false,false,0,0
2176,Inn Keeper,,2970 7061 2979 7046 2985,101 98,297,51,0,false,false,0,0
2177,Inn Keeper,,2974 7061 2979 7046 2985,101 98,297,51,0,false,false,0,0
2178,Barmaid,,7035 7064 7038 7048 7068,2157 2156,297,51,0,false,false,0,0
2179,Barman,,2972 7061 2979 7046 2985,101 98,297,51,0,false,false,0,0
2180,Cart conductor,,7061 2978 7046 2985 40130,101 98,297,51,0,false,false,0,0
2181,Cart conductor,,7061 2979 7046 2985 40130,101 98,297,51,0,false,false,0,0
2182,Cart conductor,,2983 2979 2980 2985 40128,101 98,297,51,0,false,false,0,0
2183,Cart conductor,,2983 2978 7045 2985 40129,101 98,297,51,0,false,false,0,0
2184,Cart conductor,,7063 2978 7045 2985 40127,101 98,297,51,0,false,false,0,0
2185,Cart conductor,,7063 2978 2992 7045 2985 40127,900 104,297,51,0,false,false,0,0
2186,Cart conductor,,7063 2978 2980 7067 40126,101 98,297,51,0,false,false,0,0
2187,Rowdy dwarf,,2971 7072 7062 2978 7044 2985 7054 2992,101 104,297,51,0,false,false,0,0
2188,Hegir,,7026 7071 7059 7036 7075 7045 2985,2155 2154,297,51,0,false,false,0,0
2189,Haera,,7033 7060 7036 7045 7068,2157 2156,297,51,0,false,true,0,0
2190,Runvastr,,7028 7059 7036 7045 2985,101 98,297,51,0,false,false,0,0
2191,Sune,,2970 7072 7059 2978 7045 2985,101 98,297,51,0,false,false,0,0
2192,Bentamir,,2972 7063 2978 7045 2985,101 98,297,51,0,false,false,0,0
2193,Ulifed,,2973 7062 2978 2980 2985,101 98,297,51,0,false,false,0,0
2194,Reinald,,7062 2978 7044 2985 40126,101 98,297,51,0,false,false,0,0
2195,Karl,,2972 7063 2979 7044 2985,101 98,297,51,0,false,false,0,0
2196,Gauss,,7026 7062 2978 7045 2985 2992,101 98,297,51,0,false,false,0,0
2197,Myndill,,7028 7062 2978 7045 2985,101 98,297,51,0,false,false,0,0
2198,Kjut,,2971 7061 2979 7046 2985,101 98,297,51,0,false,false,0,0
2199,Tombar,,7028 2983 2979 7045 2985,101 98,297,51,0,false,false,0,0
2200,Odmar,,2974 7061 2978 7046 2985,101 98,297,51,0,false,false,0,0
2201,Audmann,,2972 7055 7037 2981 2985,101 98,297,51,0,false,false,0,0
2202,,,,900 104,297,51,0,false,true,0,0
2203,Drunken Dwarf,,2983 2979 2992 7045 2985 40129,900 104,297,51,0,false,false,0,0
2204,Drunken Dwarf,,2822,900 104,297,51,0,false,true,0,0
2205,Dwarven Boatman,,2970 2980 2979 2983 2985,101 98,297,51,0,false,false,0,0
2206,Dwarven Boatman,,2970 2980 2979 2983 2985,101 98,297,51,0,false,false,0,0
2207,Dwarven Miner,,7059 2979 2990 2980 7066 7053 40128,2150,297,51,0,false,false,0,0
2208,Dwarven Miner,,7059 2979 2990 2980 7066 7052 40128,2150,297,51,0,false,false,0,0
2209,Dwarven Miner,,7059 2979 2990 2980 2985 7053 40128,101 98,297,51,0,false,false,0,0
2210,Dwarven Miner,,7059 2979 2990 2980 2985 7052 40128,101 98,297,51,0,false,false,0,0
2211,Dwarven Miner,,2970 7059 2979 2993 7053 2980 7066,2150,297,51,0,false,false,0,0
2212,Dwarven Miner,,2970 7059 2979 2993 7052 2980 7066,2150,297,51,0,false,false,0,0
2213,Dwarven Miner,,2970 7059 2979 2993 7053 2980 2985,101 98,297,51,0,false,false,0,0
2214,Dwarven Miner,,2970 7059 2979 2993 7052 2980 2985,101 98,297,51,0,false,false,0,0
2215,Dwarven Miner,,7059 2978 2990 7053 7045 7066 40126,2150,297,51,0,false,false,0,0
2216,Dwarven Miner,,7059 2978 2990 7052 7045 7066 40126,2150,297,51,0,false,false,0,0
2217,Dwarven Miner,,7059 2978 2990 7053 7045 2985 40126,101 98,297,51,0,false,false,0,0
2218,Dwarven Miner,,7059 2978 2990 7052 7045 2985 40126,101 98,297,51,0,false,false,0,0
2219,Purple Pewter Director,,7026 6020 6017 7037 7045 2985,2151 98,297,51,0,false,false,0,0
2220,Purple Pewter Director,,7026 6020 6017 7037 7045 2985,101 98,297,51,0,false,false,0,0
2221,Blue Opal Director,,7027 7055 7037 7044 2985,101 98,297,51,0,false,false,0,0
2222,Yellow Fortune Director,,7031 7070 7058 7038 7045 7068,2153 2156,297,51,0,false,false,0,0
2223,Green Gemstone Director,,7029 7069 6017 2978 7044 2985,101 98,297,51,0,false,false,0,0
2224,White Chisel Director,,7028 7059 2979 2980 2985,2152 98,297,51,0,false,false,0,0
2225,Silver Cog Director,,7029 6017 7037 7045 2985,101 98,297,51,0,false,false,0,0
2226,Brown Engine Director,,2971 7055 7036 7045 7068,2152 98,297,51,0,false,false,0,0
2227,Red Axe Director,,7030 7055 7037 7075 2980 2985,2155 2154,297,51,0,false,false,0,0
2228,Commander Veldaban,,7028 7050 7039 2991 7043 2985,101 98,297,51,0,false,true,0,0
2229,Red Axe Cat,,34026,9158 9157,2035,31,0,false,true,0,0
2230,Red Axe Cat,,34026,9169 9157,2035,31,0,false,true,0,0
2231,,,,101 98,297,51,0,false,true,0,0
2232,Black Guard Berserker,,7025 7050 7039 7073 7042,101 98,297,51,0,false,false,0,0
2233,Olivia,,393 417 467 348 10706 428 7366,808 819 820 821 822,0,3038,0,false,false,0,0
2234,Master Farmer,,6364 217 249 292 4391 170 176 7367 274 7121,808 819 820 821 822,0,3038,0,false,true,0,0
2235,Master Farmer,,3706 217 246 292 326 170 176 496 5218,2163 2164,0,3038,0,false,false,0,0
2236,Market Guard,,232 251 293 317 169 10218 518 523 274 185,808 819 820 821 822,0,3038,0,false,false,0,0
2237,Gee,,40339 40349 40364 40370 40345 28810 40315,4857 4858,0,3038,0,false,true,0,0
2238,Donie,,40378 40389 40392 40396 40382 28847 40372,4857 4858,0,3038,0,false,false,0,0
2239,Pig,,7363,2166 2165,790,2,0,false,true,0,0
2240,Pig,,7363,2166 2165,790,2,0,false,true,0,0
2241,Piglet,,7364,2166 2165,790,2,0,false,true,0,0
2242,Piglet,,7364,2166 2165,790,2,0,false,true,0,0
2243,Piglet,,7364,2166 2165,790,2,0,false,true,0,0
2244,Lumbridge Guide,,40339 40348 40363 40369 40342 40324,4857 4858,0,3038,0,false,true,0,0
2245,Khazard trooper,,219 252 306 152 176 269 185 502 523,808 819 820 821 822,0,3038,0,false,false,0,0
2246,Khazard trooper,,219 252 306 152 176 269 185 540,813 1205,0,3038,0,false,false,0,0
2247,Gnome troop,,2914 2903 2919,195 189,319,88,0,false,true,0,0
2248,Gnome troop,,2914 2903 2919,195 189,319,88,0,false,true,0,0
2249,Gnome,,2909 2890 2915,195 189,319,88,0,false,true,0,0
2250,Gnome,,2909 2890 2915,195 189,319,88,0,false,true,0,0
2251,Gnome,,2909 2890 2915,195 189,319,88,0,false,true,0,0
2252,Crow,,26851,6785 6784,1534,5,0,false,true,0,0
2253,Wise Old Man,,187 9103 4925 292 323 170 176 3711 265 181,813 1146 820 821 822,0,3038,0,false,false,0,0
2254,Bed,,7381,2170,309,4,0,false,true,0,0
2255,Thing under the bed,,7381,2170,309,4,0,false,true,0,0
2256,Paladin,,217 248 313 156 10218 268 185 518 541 3330,808 819 820 821 822,0,3038,0,false,false,0,0
2257,,,,808 819 820 821 822,0,3038,0,false,true,0,0
2258,Mage of Zamorak,,5430 251 286 292 170 176 544 556 256,808 819 820 821 822,0,3038,0,false,false,0,0
2259,Mage of Zamorak,,5430 251 286 292 170 176 544 556 256,808 819 820 821 822,0,3038,0,false,false,0,0
2260,,,,808 819 820 821 822,0,3038,0,false,true,0,0
2261,Mage of Zamorak,,5430 251 286 292 170 176 544 556 256,808 819 820 821 822,0,3038,0,false,false,0,0
2262,Dark mage,,5430 246 285 292 170 176 5441,2149,0,3038,0,false,false,0,0
2263,Abyssal leech,,7461,2180 2179,9,5,0,false,false,0,0
2264,Abyssal guardian,,7462,2185 2184,10,6,0,false,true,0,0
2265,Abyssal walker,,7464,2191 2190,11,5,0,false,false,0,0
2266,Brian O'Richard,,230 7611 162 176 246 267 730,808 819 820 821 822,0,3038,0,false,false,0,0
2267,Rogue Guard,,230 280 293 162 176 490 274 185 246,808 819 820 821 822,0,3038,0,false,false,0,0
2268,Rogue Guard,,6655 293 151 176 490 274 185 246,808 819 820 821 822,0,3038,0,false,false,0,0
2269,Rogue Guard,,6655 307 40160 490 274 185,808 819 820 821 822,0,3038,0,false,false,0,0
2270,Martin Thwait,,214 296 18958 173 4924 274 185 246,808 819 820 821 822,0,3038,0,false,false,0,0
2271,Emerald Benedict,,230 238 5221 173 176 273 246,808 819 820 821 822,0,3038,0,false,false,0,0
2272,Spin Blades,,7575,2212,54,1,0,false,false,0,0
2273,Spin Blades,,7575,2212,54,1,0,false,false,0,0
2274,Goblin,,24455 24485 24431 24472 24441 24448,6181 6180,1415,82,0,false,true,0,0
2275,Goblin,,24455 24488 24434 24478 24441 24448,6181 6180,1415,82,0,false,true,0,0
2276,Goblin,,24457 24482 24432 24474 24441 24448,6181 6180,1415,82,0,false,false,0,0
2277,Goblin,,24458 24486 24432 24475 24441 24448,6181 6180,1415,82,0,false,true,0,0
2278,Goblin,,24465 24483 24432 24476 24441 24449,6181 6180,1415,82,0,false,false,0,0
2279,Goblin,,24466 24486 24433 24475 24443 24449 24491,6181 6180,1415,82,0,false,true,0,0
2280,Goblin,,24455 24486 24433 24474 24443 24449 24491,6181 6180,1415,82,0,false,false,0,0
2281,Goblin,,24467 24488 24437 24478 24443 24448,6181 6180,1415,82,0,false,true,0,0
2282,Sir Spishyus,,206 249 306 323 164 179 546 7723 268 184,2253,0,3038,0,false,false,0,0
2283,Lady Table,,390 468 481 344 356 432 361,2256,0,3038,0,false,false,0,0
2284,Sir Kuam Ferentse,,217 253 306 323 164 179 546 7723 268 184,2253,0,3038,0,false,false,0,0
2285,Sir Leye,,233 246 3379 323 157 176 540 268 184,808 819 820 821 822,0,3038,0,false,false,0,0
2286,Sir Tinley,,214 249 306 323 164 179 546 7723 268 184,2253,0,3038,0,false,false,0,0
2287,Sir Ren Itchood,,201 230 249 306 323 164 179 4394 268 184,1321,0,3038,0,false,false,0,0
2288,Miss Cheevers,,376 393 468 481 344 356 432 361,2256,0,3038,0,false,false,0,0
2289,Ms. Hynn Terprett,,376 390 468 344 356 7720 432 361,2255,0,3038,0,false,false,0,0
2290,Sir Tiffy Cashien,,7722 18347 7719 268 184,4838,0,3038,0,false,false,0,0
2291,Rug Merchant,,7743 230 247 280 5221 170 176 265 4955,808 819 820 821 822,0,3038,0,false,false,0,0
2292,Rug Merchant,,7743 215 248 310 173 176 6090 4954,808 819 820 821 822,0,3038,0,false,false,0,0
2293,Rug Merchant,,7743 235 249 292 151 176 6090 185,808 819 820 821 822,0,3038,0,false,false,0,0
2294,Rug Merchant,,7743 215 6087 292 162 176 5441,1144,0,3038,0,false,false,0,0
2295,,,,1144,0,3038,0,false,true,0,0
2296,Rug Merchant,,7743 215 247 292 163 176 264 326,1144,0,3038,0,false,false,0,0
2297,,,,808 819 820 821 822,0,3038,0,false,true,0,0
2298,Rug Merchant,,7743 214 249 280 292 6084 176 6090 4955,808 819 820 821 822,0,3038,0,false,false,0,0
2299,,,,808 819 820 821 822,0,3038,0,false,true,0,0
2300,Rug Station Attendant,,7743 230 247 280 5221 170 176 265 4955,808 819 820 821 822,0,3038,0,false,false,0,0
2301,Monkey,,7744,222 219,320,6,0,false,true,0,0
2302,,,,222 219,320,6,0,false,true,0,0
2303,,,,222 219,320,6,0,false,true,0,0
2304,Sarah,,378 467 348 353 421 7366,808 819 820 821 822,0,3038,0,false,false,0,0
2305,Vanessa,,387 467 348 353 421 7366,808 819 820 821 822,0,3038,0,false,false,0,0
2306,Richard,,217 305 170 176 274 7121 246,808 819 820 821 822,0,3038,0,false,true,0,0
2307,Alice,,393 414 467 348 353 421 7366,808 819 820 821 822,0,3038,0,false,false,0,0
2308,Capt' Arnav,,28785 28792 28755 28757 28769 28808 28759,7188 7189 7190 7193 7194,0,3038,0,false,false,0,0
2309,,,8236,,,0,0,false,false,0,0
2310,Cow calf,,23890,5852 5856,1338,21,0,false,false,0,0
2311,Sheepdog,,7755,2268,289,1,0,false,false,0,0
2312,Rooster,,7728,2298 2297,332,6,0,false,true,0,0
2313,Chicken,,23905,5386 5385,1255,13,0,false,true,0,0
2314,Chicken,,23905,5386 5385,1255,13,0,false,true,0,0
2315,Chicken,,23905,5386 5385,1255,13,0,false,true,0,0
2316,Pig,,8227,2166 2165,790,2,0,false,true,0,0
2317,Pig,,8227,2166 2165,790,2,0,false,true,0,0
2318,Piglet,,8228,2166 2165,790,2,0,false,true,0,0
2319,Piglet,,8228,2166 2165,790,2,0,false,true,0,0
2320,Piglet,,8228,2166 2165,790,2,0,false,true,0,0
2321,Blandebir,,7062 7037 7044 2985 40130,101 98,297,51,0,false,false,0,0
2322,Metarialus,,5212 5219 5209 5216,808 819 820 821 822,0,3038,0,false,false,0,0
2323,Elstan,,210 252 292 326 170 10218 496 274 7121,2163 2164,0,3038,0,false,true,0,0
2324,Dantaera,,378 471 4392 348 10706 7368 421 7366,808 819 820 821 822,0,3038,0,false,false,0,0
2325,Kragen,,4843 235 253 315 33034 10218 496 274 7121,2163 2164,0,3038,0,false,true,0,0
2326,Lyra,,385 470 483 348 353 7368 421 361 7366,808 819 820 821 822,0,3038,0,false,false,0,0
2327,Francis,,6848 250 292 170 10218 7368 265 7121,808 819 820 821 822,0,3038,0,false,true,0,0
2328,Wizard Cromperty,,202 215 246 20405 3189 20395 10218 20403 181,,,0,0,false,false,0,0
2329,Muncher,,26262,6580 6577,1491,53,0,false,true,0,0
2330,Garth,,193 215 247 292 3667 151 10218 496 5218,2163 2164,0,3038,0,false,false,0,0
2331,Ellena,,370 390 456 332 10706 7368 433 7366,808 819 820 821 822,0,3038,0,false,false,0,0
2332,Selena,,377 390 456 343 10706 7368 428 361,808 819 820 821 822,0,3038,0,false,false,0,0
2333,Vasquen,,40336 40352 40364 40370 40344 28804 40318,2163 2164,0,3038,0,false,false,0,0
2334,Rhonen,,217 248 292 8233 170 10218 7368 265 185,808 819 820 821 822,0,3038,0,false,false,0,0
2335,Dreven,,206 253 292 326 151 10218 496 254 7121 276,2163 2164,0,3038,0,false,true,0,0
2336,Taria,,390 456 332 10706 7368 433 7366,808 819 820 821 822,0,3038,0,false,false,0,0
2337,Rhazien,,214 4219 252 292 326 162 176 496 254 7121,2163 2164,0,3038,0,false,true,0,0
2338,Torrell,,223 248 299 163 10218 7368 260 7121,808 819 820 821 822,0,3038,0,false,true,0,0
2339,Alain,,31567 31595 31601 31578 31588 31606 31581,813 4226,0,3038,0,false,false,0,0
2340,Heskel,,390 456 480 332 10706 7368 433 7366,808 819 820 821 822,0,3038,0,false,false,0,0
2341,Treznor,,25671 25686,808 819 820 821 822,0,3038,0,false,false,0,0
2342,Fayeth,,393 470 480 332 10706 7368 433 7366,808 819 820 821 822,0,3038,0,false,false,0,0
2343,Bolongo,,8238 2909 2922,195 189,319,88,0,false,true,0,0
2344,Gileth,,390 470 482 332 353 7368 428 7366,808 819 820 821 822,0,3038,0,false,false,0,0
2345,Sick-looking sheep (1),,20290 20291,5335 5334,1247,13,0,false,false,0,0
2346,Sick-looking sheep (2),,20290 20291,5335 5334,1247,13,0,false,false,0,0
2347,Sick-looking sheep (3),,20290 20291,5335 5334,1247,13,0,false,false,0,0
2348,Sick-looking sheep (4),,20290 20291,5335 5334,1247,13,0,false,false,0,0
2349,Mourner,,212 295 150 273 185 323 553,813 819 820 821 822,0,3038,0,false,false,0,0
2350,Mourner,,212 295 150 273 185 323 553,813 819 820 821 822,0,3038,0,false,false,0,0
2351,Mourner,,212 295 150 273 185 323 553,813 819 820 821 822,0,3038,0,false,false,0,0
2352,Eudav,,8264 8268 6975 8267,808 819 820 821 822,0,3038,0,false,true,0,0
2353,Oronwen,,4030 6981 480 6978 8270,808 819 820 821 822,0,3038,0,false,false,0,0
2354,Banker,,8266 8269 6975 6976,808,0,3038,0,false,false,0,0
2355,Banker,,4030 6980 480 6978 6979,808,0,3038,0,false,false,0,0
2356,Dalldav,,4021 6977 6975 8267,808 819 820 821 822,0,3038,0,false,false,0,0
2357,Gethin,,8357 8263 8268 6975 6976,808 819 820 821 822,0,3038,0,false,true,0,0
2358,Arianwyn,,4015 4021 4023 4025 4027,808 819 820 821 822,0,3038,0,false,false,0,0
2359,Elf warrior,,4020 4025 4016 4033 4023,808 819 820 821 822,0,3038,0,false,false,0,0
2360,Elf warrior,,8266 4025 4016 4033 4023,808 819 820 821 822,0,3038,0,false,false,0,0
2361,Elf warrior,,8266 4025 4016 4044 4023,808 819 820 821 822,0,3038,0,false,false,0,0
2362,Elf warrior,,8263 4025 4016 4044 4023,808 819 820 821 822,0,3038,0,false,false,0,0
2363,Goreu,,8266 6977 6975 4023,808 819 820 821 822,0,3038,0,false,false,0,0
2364,Ysgawyn,,4020 8269 6975 8267,808 819 820 821 822,0,3038,0,false,false,0,0
2365,Arvel,,4030 6981 480 6978 6979,808 819 820 821 822,0,3038,0,false,false,0,0
2366,Mawrth,,4030 6980 480 6978 6979,808 819 820 821 822,0,3038,0,false,false,0,0
2367,Kelyn,,4030 6981 6978 6979,808 819 820 821 822,0,3038,0,false,false,0,0
2368,Eoin,,8264 8269 6975 6976,808 819 820 821 822,0,3038,0,false,false,0,0
2369,Iona,,4021 6977 6975 8267,808 819 820 821 822,0,3038,0,false,false,0,0
2370,,,,195 189,319,88,0,false,true,0,0
2371,Gnome,,8362 8363 2918,195 189,319,88,0,false,true,0,0
2372,Head mourner,,205 247 295 323 150 273,808 819 820 821 822,0,3038,0,false,false,0,0
2373,Mourner,,212 295 150 4033 273 323,813 1205 1206 1207 1208,0,3038,0,false,false,0,0
2374,Mourner,,212 295 150 4033 273 323,813 1205 1206 1207 1208,0,3038,0,false,false,0,0
2375,,,,808 819 820 821 822,0,3038,0,false,true,0,0
2376,Eluned,,4030 4032 4028 4031 4029,808 819 820 821 822,0,3038,0,false,true,0,0
2377,Sick-looking sheep (1),,20290 20291,5335 5334,1247,13,0,false,false,0,0
2378,Sick-looking sheep (2),,20290 20291,5335 5334,1247,13,0,false,false,0,0
2379,Sick-looking sheep (3),,20290 20291,5335 5334,1247,13,0,false,false,0,0
2380,Sick-looking sheep (4),,20290 20291,5335 5334,1247,13,0,false,false,0,0
2381,,,,2334 2333,0,3038,0,false,true,0,0
2382,,,,2334 2333,0,3038,0,false,true,0,0
2383,,,,2334 2333,0,3038,0,false,true,0,0
2384,,,,2334 2333,0,3038,0,false,true,0,0
2385,,,,2334 2333,0,3038,0,false,true,0,0
2386,,,,2334 2333,0,3038,0,false,true,0,0
2387,,,,2334 2333,0,3038,0,false,true,0,0
2388,,,,2334 2333,0,3038,0,false,true,0,0
2389,,,,2334 2333,0,3038,0,false,true,0,0
2390,,,,2334 2333,0,3038,0,false,true,0,0
2391,,,,2334 2333,0,3038,0,false,true,0,0
2392,,,,2334 2333,0,3038,0,false,true,0,0
2393,,,,2334 2333,0,3038,0,false,true,0,0
2394,,,,2334 2333,0,3038,0,false,true,0,0
2395,,,,2334 2333,0,3038,0,false,true,0,0
2396,,,,2334 2333,0,3038,0,false,true,0,0
2397,Mysterious ghost,,7608 7610 7605 179 262 185,2334 2333,0,3038,0,false,false,0,0
2398,Mysterious ghost,,202 230 246 292 170 176 260 185,2334 2333,0,3038,0,false,false,0,0
2399,Mysterious ghost,,6364 230 251 292 3707 173 176 254 185,2334 2333,0,3038,0,false,false,0,0
2400,Mysterious ghost,,230 246 280 315 33034 10218 4226 4218,2334 2333,0,3038,0,false,false,0,0
2401,Mysterious ghost,,7615 474 347 356 437 358,2334 2333,0,3038,0,false,false,0,0
2402,Mysterious ghost,,230 252 3379 317 164 178 519 268 181,2334 2333,0,3038,0,false,false,0,0
2403,,,,101 98,297,51,0,false,true,0,0
2404,,,,2155 2154,297,51,0,false,true,0,0
2405,,,,9158 9157,2035,31,0,false,true,0,0
2406,,,,195 189,319,88,0,false,true,0,0
2407,,,,195 189,319,88,0,false,true,0,0
2408,,,,195 189,319,88,0,false,true,0,0
2409,Cart conductor,,7061 2979 7046 2985 40130,101 98,297,51,0,false,false,0,0
2410,Red Axe Director,,7030 7055 7037 7075 2980 2985,2155 2154,297,51,0,false,false,0,0
2411,Red Axe Director,,7030 7055 7037 7075 2980 2985,2155 2154,297,51,0,false,false,0,0
2412,Red Axe Henchman,,8637 8639 8638 8640 2985 7073 8643,2336 2335,297,51,0,false,true,0,0
2413,Red Axe Henchman,,8637 8639 8638 8640 2985 7073 8643,2336 2335,297,51,0,false,true,0,0
2414,Red Axe Henchman,,8637 8639 8638 8640 2985 7073 8641,101 98,297,51,0,false,true,0,0
2415,Colonel Grimsson,,8637 8639 8638 8640 2985 7073 8643,2336 2335,297,51,0,false,true,0,0
2416,Colonel Grimsson,,8637 8639 8638 8640 2985 7073 8641,101 98,297,51,0,false,true,0,0
2417,Ogre shaman,,8682 2877,357 358,321,23,0,false,false,0,0
2418,Ogre shaman,,8682 2877,357 358,321,23,0,false,false,0,0
2419,Grunsh,,8682 2877,357 358,321,23,0,false,false,0,0
2420,Gnome emissary,,2900 2911 2922,195 189,319,88,0,false,true,0,0
2421,Gnome companion,,2907 2914 2917,195 189,319,88,0,false,true,0,0
2422,Gnome companion,,2890 2914 2917,195 189,319,88,0,false,true,0,0
2423,Chaos dwarf,,2970 2982 2977 2983 2985 2989 2993 2991,101 98,297,51,0,false,false,0,0
2424,Gunslik,,2974 2984 2978 2981 2985 2992,101 98,297,51,0,false,false,0,0
2425,Nolar,,7061 2979 7046 2985 2992 40126,101 98,297,51,0,false,false,0,0
2426,Factory Worker,,2972 2983 2979 7045 2985 2992,101 98,297,51,0,false,false,0,0
2427,Cart conductor,,7063 2978 2992 7045 2985 40127,900 104,297,51,0,false,false,0,0
2428,Gauss,,7026 7062 2978 7045 2985 2992 8642,2337 104,297,51,0,false,false,0,0
2429,Drunken Dwarf,,2974 2986 2983 2979 2981 2985 2992,900 104,297,51,0,false,false,0,0
2430,Rowdy dwarf,,2971 7072 7062 2978 7044 2985 7054 2992,101 104,297,51,0,false,false,0,0
2431,Ulifed,,2973 7062 2978 2980 2985 2992 8642,2337 98,297,51,0,false,false,0,0
2432,Red Axe Henchman,,8637 8639 8638 8640 2985 7073 8641,101 98,297,51,0,false,true,0,0
2433,Red Axe Henchman,,8637 8639 8638 8640 2985 7073 8643,2341 2335,297,51,0,false,true,0,0
2434,Ogre shaman,,8682 2877,357 358,321,23,0,false,false,0,0
2435,,,,813 819 820 821 822,0,3038,0,false,true,0,0
2436,Jarvald,,8747 252 292 162 176 4236 4235 4226 4218,813 819 820 821 822,0,3038,0,false,false,0,0
2437,Jarvald,,8747 252 292 162 176 4236 4235 4226 4218,813 819 820 821 822,0,3038,0,false,false,0,0
2438,Jarvald,,8747 252 292 162 176 4236 4235 4226 4218,813 819 820 821 822,0,3038,0,false,false,0,0
2439,Askeladden,,28592,7158 7160,1628,64,0,false,false,0,0
2440,Door-support,,8718,,,0,0,false,false,0,0
2441,Door,,8718,2351,27,8,0,false,true,0,0
2442,Door,,8718,2352,27,8,0,false,true,0,0
2443,Door-support,,8718,2354,27,8,0,false,true,0,0
2444,Door,,8718,2353,27,8,0,false,true,0,0
2445,Door,,8718,2355,27,8,0,false,true,0,0
2446,Door-support,,8718,2357,27,8,0,false,true,0,0
2447,Door,,8718,2356,27,8,0,false,true,0,0
2448,Door,,8718,2358,27,8,0,false,true,0,0
2449,Egg,,8712,,,0,0,false,false,0,0
2450,Egg,,8713,2362,15,1,0,false,false,0,0
2451,Egg,,8714,,,0,0,false,false,0,0
2452,Giant Rock Crab,,8741 8742,1310 1311,539,8,0,false,true,0,0
2453,Boulder,,8743,,,0,0,false,false,0,0
2454,Dagannoth spawn,,8740,1338 2361,538,10,0,false,true,0,0
2455,Dagannoth,,4587,1338 1339,538,10,0,false,true,0,0
2456,Dagannoth,,4587,1338 1339,538,10,0,false,true,0,0
2457,Wallasalki,,8715,2364 2363,18,5,0,false,true,0,0
2458,Freaky Forester,,215 249 299 170 176 8777 185 8781 8775,808 819 820 821 822,0,3038,0,false,false,0,0
2459,Pheasant,,8839 8840,2370 2369,327,5,0,false,true,0,0
2460,Pheasant,,8839 8841,2370 2369,327,5,0,false,true,0,0
2461,Pheasant,,8839 8842,2370 2369,327,5,0,false,true,0,0
2462,Pheasant,,8839 8843,2370 2369,327,5,0,false,true,0,0
2463,Evil Chicken,,7728,2298 2297,332,6,0,false,true,0,0
2464,Evil Chicken,,7728,2298 2297,332,6,0,false,true,0,0
2465,Evil Chicken,,7728,2298 2297,332,6,0,false,true,0,0
2466,Evil Chicken,,7728,2298 2297,332,6,0,false,true,0,0
2467,Evil Chicken,,7728,2298 2297,332,6,0,false,true,0,0
2468,Evil Chicken,,7728,2298 2297,332,6,0,false,true,0,0
2469,Frog,,6948 6944,1796 1797,36,7,0,false,true,0,0
2470,Frog,,6948 6944,1796 1797,36,7,0,false,true,0,0
2471,Frog,,6945 6948,1796 1797,36,7,0,false,true,0,0
2472,Frog,,6946 6948,1796 1797,36,7,0,false,false,0,0
2473,Frog,,6947,1796 1797,36,7,0,false,true,0,0
2474,Frog prince,,8774 235 7611 162 257 8233 176 246,808 819 820 821 822,0,3038,0,false,false,0,0
2475,Frog princess,,6962 390 8786 8846 8784 360 353 444,808 819 820 821 822,0,3038,0,false,false,0,0
2476,Rick Turpentine,,228 244 246 7611 163 179 267 4929 317 16846,4591 4226 4227 821 822,0,3038,0,false,false,0,0
2477,Quiz Master,,215 245 247 7611 163 176 254 181,808 819 820 821 822,0,3038,0,false,false,0,0
2478,Evil Bob,,34011,9158 9157,2035,31,0,false,true,0,0
2479,Evil Bob,,34011,9158 9157,2035,31,0,false,true,0,0
2480,Servant,,214 250 8845 33034 10218 275 33033,808 819 820 821 822,0,3038,0,false,false,0,0
2481,Servant,,390 8849 40401 10706 443 358,808 819 820 821 822,0,3038,0,false,false,0,0
2482,Giant bat,,18899,4914 4913,1153,17,0,false,false,0,0
2483,,,,808 819 820 821 822,0,3038,0,false,true,0,0
2484,,,,808 819 820 821 822,0,3038,0,false,true,0,0
2485,,,,808 819 820 821 822,0,3038,0,false,true,0,0
2486,,,,808 819 820 821 822,0,3038,0,false,true,0,0
2487,,,,808 819 820 821 822,0,3038,0,false,true,0,0
2488,,,,808 819 820 821 822,0,3038,0,false,true,0,0
2489,Bush snake,,3002,277 274,340,9,0,false,false,0,0
2490,Bush snake,,3002,277 2392,340,9,0,false,false,0,0
2491,Jungle spider,,20315 20313,5326 5325,1248,24,0,false,true,0,0
2492,Jungle spider,,20315 20313,5326 5333,1248,24,0,false,true,0,0
2493,Large mosquito,,8904,2395 2396,932,5,0,false,true,0,0
2494,Mosquito swarm,,8905,2395 2396,932,5,0,false,true,0,0
2495,Mosquito swarm,,8906,2395 2396,932,5,0,false,true,0,0
2496,Tribesman,,231 181 246 315 33034 176 279 540 201,2400 819 820 821 822,0,3038,0,false,true,0,0
2497,Tribesman,,231 181 246 315 33034 10218 279 540 201,813 819 820 821 822,0,3038,0,false,true,0,0
2498,Broodoo victim,,8923 181 315 33034 10218 8926 230,2400 819 820 821 822,0,3038,0,false,false,0,0
2499,Broodoo victim,,8923 181 315 33034 10218 8926 230,2401 819 820 821 822,0,3038,0,false,false,0,0
2500,Broodoo victim,,8923 181 315 173 176 8926 230,2400 819 820 821 822,0,3038,0,false,false,0,0
2501,Broodoo victim,,8923 181 315 173 176 8926 230,2401 819 820 821 822,0,3038,0,false,false,0,0
2502,Broodoo victim,,8923 181 315 33034 176 8926 230,2400 819 820 821 822,0,3038,0,false,false,0,0
2503,Broodoo victim,,8923 181 315 33034 10218 8926 230,2401 819 820 821 822,0,3038,0,false,false,0,0
2504,,,,808 819 820 821 822,0,3038,0,false,true,0,0
2505,Sharimika,,210 8921 249 8928 8916 8918 8925 8919 8947,,,0,0,false,false,0,0
2506,Sharimika,,210 8921 249 8928 8916 8918 8925 8919,,,0,0,false,false,0,0
2507,,,,808 819 820 821 822,0,3038,0,false,true,0,0
2508,Mamma Bufetta,,387 445 8943 341 8933 8940 8934 8947,,,0,0,false,false,0,0
2509,Mamma Bufetta,,387 445 8943 341 8933 8940 8934,,,0,0,false,false,0,0
2510,,,,808 819 820 821 822,0,3038,0,false,true,0,0
2511,Layleen,,390 444 8849 8931 8933 8940 8934 8947,,,0,0,false,false,0,0
2512,Layleen,,390 444 8849 8931 8933 8940 8934,,,0,0,false,false,0,0
2513,,,,808 819 820 821 822,0,3038,0,false,true,0,0
2514,Karaday,,230 246 285 315 33034 8918 8925 8919 8947,,,0,0,false,false,0,0
2515,Karaday,,230 246 285 315 33034 8918 8925 8919,,,0,0,false,false,0,0
2516,,,,813 819 820 821 822,0,3038,0,false,true,0,0
2517,Safta Doc,,210 250 285 8928 33034 8918 566 8925 8919 8947,,,0,0,false,false,0,0
2518,Safta Doc,,210 250 285 8928 33034 8918 566 8925 8919,,,0,0,false,false,0,0
2519,,,,808 819 820 821 822,0,3038,0,false,true,0,0
2520,Gabooty,,230 250 8845 326 33034 8918 275 8919 553 8947,,,0,0,false,false,0,0
2521,Gabooty,,230 250 8845 326 33034 8918 275 8919 553,,,0,0,false,false,0,0
2522,,,,813 819 820 821 822,0,3038,0,false,true,0,0
2523,Fanellaman,,210 252 8928 33034 8918 566 275 8919 8947,,,0,0,false,false,0,0
2524,Fanellaman,,210 252 8928 33034 8918 566 275 8919,,,0,0,false,false,0,0
2525,,,,813 1205 1206 1207 1208,0,3038,0,false,true,0,0
2526,Jagbakoba,,206 252 8845 173 176 566 8925 8919 8947,,,0,0,false,false,0,0
2527,Jagbakoba,,206 252 8845 173 176 566 8925 8919,,,0,0,false,false,0,0
2528,,,,813 819 820 821 822,0,3038,0,false,true,0,0
2529,Murcaily,,8921 230 246 8928 173 8918 534 8925 8919 8947,,,0,0,false,false,0,0
2530,Murcaily,,8921 230 246 8928 173 8918 534 8925 8919,,,0,0,false,false,0,0
2531,,,,813 819 820 821 822,0,3038,0,false,true,0,0
2532,Rionasta,,6848 251 8845 33034 8918 534 274 8919 8947,813 1205 1206 1207 1208,0,3038,0,false,false,0,0
2533,Rionasta,,6848 251 8845 33034 8918 534 274 8919,813 1205 1206 1207 1208,0,3038,0,false,false,0,0
2534,Mahogany,,21837,5750,1331,3,0,false,false,0,0
2535,Teak,,21849,5750,1331,3,0,false,false,0,0
2536,Niles,,215 247 7611 163 176 254 181 8954,808 819 820 821 822,0,3038,0,false,false,0,0
2537,Miles,,223 247 7611 163 176 254 181 8954,808 819 820 821 822,0,3038,0,false,false,0,0
2538,Giles,,230 247 7611 163 176 254 181 8954,808 819 820 821 822,0,3038,0,false,false,0,0
2539,Cap'n Hand,,28812,7199 7200 7201 7202 7203,0,3038,0,false,false,0,0
2540,Dr Jekyll,,245 6848 8970 6846 263 181 176 249,808 819 820 821 822,0,3038,0,false,true,0,0
2541,Mr Hyde,,8968 8953 8952 263 181 4088,808 819 820 821 822,0,3038,0,false,true,0,0
2542,Mr Hyde,,8968 8953 8952 263 181 4088,808 819 820 821 822,0,3038,0,false,true,0,0
2543,Mr Hyde,,8968 8953 8952 263 181 4088,808 819 820 821 822,0,3038,0,false,true,0,0
2544,Mr Hyde,,8968 8953 8952 263 181 4088,808 819 820 821 822,0,3038,0,false,true,0,0
2545,Mr Hyde,,8968 8953 8952 263 181 4088,808 819 820 821 822,0,3038,0,false,true,0,0
2546,Mr Hyde,,8968 8953 8952 263 181 4088,808 819 820 821 822,0,3038,0,false,true,0,0
2547,Chaos druid,,31571 31595 31600 31578 31588 31606,8528 8527,0,3038,0,false,false,0,0
2548,Blackjack seller,,6085 249 5221 170 254 185 176 6099,808 819 820 821 822,0,3038,0,false,false,0,0
2549,Ali the dyer,,364 390 456 348 10706 429 358,808 819 820 821 822,0,3038,0,false,true,0,0
2550,Dwarven Miner,,7059 2979 2990 2980 2985 7053 40128,101 98,297,51,0,false,false,0,0
2551,Dwarven Miner,,2970 7059 2979 2993 7053 2980 2985,101 98,297,51,0,false,false,0,0
2552,Dwarven Miner,,7059 2978 2990 7053 7045 2985 40126,101 98,297,51,0,false,false,0,0
2553,Blast Furnace Foreman,,2970 7072 7059 2978 7045 2985,101 98,297,51,0,false,false,0,0
2554,Tin ore,,9071,,,0,0,false,false,0,0
2555,Copper ore,,9071,,,0,0,false,false,0,0
2556,Iron ore,,9071,,,0,0,false,false,0,0
2557,Mithril ore,,9071,,,0,0,false,false,0,0
2558,Adamantite ore,,9071,,,0,0,false,false,0,0
2559,Runite ore,,9071,,,0,0,false,false,0,0
2560,Silver ore,,9071,,,0,0,false,false,0,0
2561,Gold ore,,9071,,,0,0,false,false,0,0
2562,Coal,,9071,,,0,0,false,false,0,0
2563,Perfect gold ore,,9071,,,0,0,false,false,0,0
2564,Ordan,,2971 7061 2979 7046 2985,101 98,297,51,0,false,false,0,0
2565,Jorzik,,2972 7055 7037 2981 2985,101 98,297,51,0,false,false,0,0
2566,Wise Old Man,,7409 4925 292 323 170 176 554 260 181,813 1146 820 821 822,0,3038,0,false,false,0,0
2567,Wise Old Man,,187 9103 4925 292 323 170 176 554 260 181,813 1146 820 821 822,0,3038,0,false,false,0,0
2568,Banker,,215 246 292 162 176 254 181 320,808 819 820 821 822,0,3038,0,false,true,0,0
2569,Banker,,378 470 343 353 419 358,808 819 820 821 822,0,3038,0,false,false,0,0
2570,Banker,,378 470 343 353 419 358,808 819 820 821 822,0,3038,0,false,false,0,0
2571,Market Guard,,232 251 293 317 169 10218 518 523 274 185,808 819 820 821 822,0,3038,0,false,false,0,0
2572,Olivia,,393 417 467 348 353 428 7366,808 819 820 821 822,0,3038,0,false,false,0,0
2573,Pillory Guard,,225 301 169 179 519 269 185,808 819 820 821 822,0,3038,0,false,false,0,0
2574,Bank guard,,215 246 292 162 176 254 181 320,808 819 820 821 822,0,3038,0,false,true,0,0
2575,Purepker895,,7608 249 7610 7605 4924 524 517 254 185,808 819 820 821 822,0,3038,0,false,false,0,0
2576,Qutiedoll,,3352 230 247 281 303 169 176 3780 258 185,808 819 820 821 822,0,3038,0,false,false,0,0
2577,1337sp34kr,,206 250 8733 8726 5036 5112 274 7121,808 1146 820 821 822,0,3038,0,false,false,0,0
2578,Elfinlocks,,363 390 7010 3194 7005 353 5409 8754 3331,808 819 820 821 822,0,3038,0,false,false,0,0
2579,Cool Mom227,,374 399 456 3194 332 353 533 7007 7614,808 819 820 821 822,0,3038,0,false,false,0,0
2580,Bernald,,6848 250 302 32592 10218 263 7121,808 819 820 821 822,0,3038,0,false,true,0,0
2581,Ellamaria,,42553 390 8786 481 8846 353 9113 358,2578 819 820 821 822,0,3038,0,false,true,0,0
2582,Trolley,,9225 9226,2571,672,1,0,false,true,0,0
2583,Trolley,,9225 36460,,,0,0,false,false,0,0
2584,Trolley,,9225,,,0,0,false,false,0,0
2585,,,,2571,672,1,0,false,true,0,0
2586,"Billy, a guard of Falador",,233 253 294 151 10218 254 185 519 541,808 819 820 821 822,0,3038,0,false,false,0,0
2587,"Bob, another guard of Falador",,233 250 294 151 10218 254 185 519 541,808 819 820 821 822,0,3038,0,false,false,0,0
2588,Brother Althric,,230 181 246 16256 16253 10218 16252,808 819 820 821 822,0,3038,0,false,true,0,0
2589,PKMaster0036,,218 306 164 179 32797 32841 518,808 819 820 821 822,0,3038,0,false,false,0,0
2590,King Roald,,1808 215 249 23939 162 176 23931 181,808 819 820 821 822,0,3038,0,false,false,0,0
2591,TzHaar-Mej,,34240 34245 34249 34238 34191,9294 9295,2045,34,0,false,true,0,0
2592,TzHaar-Mej,,34242 34246 34248 34239 34191,9294 9295,2045,34,0,false,true,0,0
2593,TzHaar-Mej,,34241 34243 34247 34236 34191,9294 9295,2045,34,0,false,true,0,0
2594,TzHaar-Mej,,34242 34243 34249 34238 34197,9281 9280,2045,34,0,false,true,0,0
2595,TzHaar-Mej,,34240 34246 34247 34239 34191,9294 9295,2045,34,0,false,true,0,0
2596,TzHaar-Mej,,34241 34246 34249 34236 34197,9281 9280,2045,34,0,false,true,0,0
2597,TzHaar-Mej,,34240 34245 34247 34239 34191,9294 9295,2045,34,0,false,true,0,0
2598,TzHaar-Hur,,34168 34170 34173 34163,9281 9280,2045,34,0,false,true,0,0
2599,TzHaar-Hur,,34167 34170 34173 34164,9281 9280,2045,34,0,false,true,0,0
2600,TzHaar-Hur,,34166 34170 34173 34165,9281 9280,2045,34,0,false,true,0,0
2601,TzHaar-Hur,,34167 34170 34173 34163,9281 9280,2045,34,0,false,true,0,0
2602,TzHaar-Hur,,34168 34170 34173 34165,9281 9280,2045,34,0,false,true,0,0
2603,TzHaar-Hur,,34167 34170 34173 34165,9281 9280,2045,34,0,false,true,0,0
2604,TzHaar-Xil,,34141 34146 34147 34138 34201 34205,9281 9280,2045,34,0,false,true,0,0
2605,TzHaar-Xil,,34143 34144 34147 34140 34180 34177,9281 9296,2045,34,0,false,true,0,0
2606,TzHaar-Xil,,34142 34145 34147 34139 34185,9298 9297,2045,34,0,false,true,0,0
2607,TzHaar-Xil,,34143 34146 34147 34138 34201 34199,9281 9280,2045,34,0,false,true,0,0
2608,TzHaar-Xil,,34142 34144 34147 34140 34180 34177,9281 9296,2045,34,0,false,true,0,0
2609,TzHaar-Xil,,34141 34145 34147 34139 34185,9298 9297,2045,34,0,false,true,0,0
2610,TzHaar-Ket,,34155 34158 34160 34150 34198 34200,9281 9280,2045,34,0,false,true,0,0
2611,TzHaar-Ket,,34154 34157 34162 34151 34178 34175 34183,9281 9280,2045,34,0,false,true,0,0
2612,TzHaar-Ket,,34153 34156 34161 34152 34200 34181 34178,9281 9296,2045,34,0,false,false,0,0
2613,TzHaar-Ket,,34155 34157 34161 34150 34198 34181 34175 34183,9281 9296,2045,34,0,false,false,0,0
2614,TzHaar-Ket,,34153 34158 34162 34152 34198 34200,9281 9280,2045,34,0,false,true,0,0
2615,TzHaar-Ket,,34155 34156 34161 34151 34198 34175 34183,9281 9280,2045,34,0,false,true,0,0
2616,TzHaar-Ket,,34154 34158 34162 34152 34198 34200,9281 9280,2045,34,0,false,true,0,0
2617,TzHaar-Mej-Jal,,34240 34246 34247 34239 34191,9294 9295,2045,34,0,false,true,0,0
2618,TzHaar-Mej-Kah,,34241 34245 34247 34236 34191,9294 9295,2045,34,0,false,true,0,0
2619,TzHaar-Ket-Zuh,,34154 34156 34162 34150 34179 34175 34183,9294 9295,2045,34,0,false,true,0,0
2620,TzHaar-Hur-Tel,,34168 34172 34173 34163 34187,9294 9295,2045,34,0,false,true,0,0
2621,Olaf Hradson,,214 250 5674 24191 5668 18131 18128,808 819 820 821 822,0,3038,0,false,false,0,0
2622,TzHaar-Hur-Lek,,34166 34172 34173 34165 34174,9294 9295,2045,34,0,false,true,0,0
2623,TzHaar-Mej-Roh,,34242 34243 34249 34238 34188,9294 9295,2045,34,0,false,true,0,0
2624,TzHaar-Ket,,34155 34156 34162 34152 34200 34181 34178,9281 9296,2045,34,0,false,false,0,0
2625,TzHaar-Ket,,34153 34156 34161 34150 34181 34198 34175 34183,9281 9296,2045,34,0,false,false,0,0
2626,Rocks,,1390,,,0,0,false,false,0,0
2627,Tz-Kih,,34252,9228 9229,2044,5,0,false,false,0,0
2628,Tz-Kih,,34252,9228 9229,2044,5,0,false,false,0,0
2629,Tz-Kek,,34251,9236 9237,2042,6,0,false,false,0,0
2630,Tz-Kek,,34251,9236 9237,2042,6,0,false,false,0,0
2631,Tok-Xil,,34133,9241 9240,2047,6,0,false,true,0,0
2632,Tok-Xil,,34133,9241 9240,2047,6,0,false,true,0,0
2633,Wise Old Man,,7409 292 170 265 181 176 4925 323 3711,813 1146 820 821 822,0,3038,0,false,false,0,0
2634,Miss Schism,,40735 40734 40733 40737 40736 9363,1673,0,3038,0,false,false,0,0
2635,Bob,,34020,9158 9157,2035,31,0,false,true,0,0
2636,Bob,,34020,9158 9157,2035,31,0,false,true,0,0
2637,Sphinx,,6456 6457,2028 2027,572,8,0,false,false,0,0
2638,Neite,,34013,9158 9157,2035,31,0,false,true,0,0
2639,Robert the Strong,,8747 250 8749 4924 9431 8748 8727,808 819 820 821 822,0,3038,0,false,false,0,0
2640,Odysseus,,9390,2668 2667,323,5,0,false,true,0,0
2641,Dragonkin,,9416,2688 2689,676,5,0,false,false,0,0
2642,King Black Dragon,,17414 17415 17429 17422,90 4635,1080,54,0,false,true,0,0
2643,R4ng3rNo0b889,,512 314 258 178 4929 3378 251 151 217,808 819 820 821 822,0,3038,0,false,false,0,0
2644,Love Cats,,34114 34113,9196 9197,2036,11,0,false,true,0,0
2645,Love Cats,,34113,9194,2036,11,0,false,true,0,0
2646,Neite,,34030,9165,2035,31,0,false,true,0,0
2647,Bob,,34018,9165,2035,31,0,false,true,0,0
2648,Beite,,34021,9158 9156,2035,31,0,false,true,0,0
2649,Gnome,,9433 2909 2915,195 189,319,88,0,false,true,0,0
2650,Gnome,,9432 2909 9434,2691 189,319,88,0,false,false,0,0
2651,Odysseus,,9390,2666,323,5,0,false,true,0,0
2652,,,,9158 9157,2035,31,0,false,true,0,0
2653,Neite,,34013,9158 9157,2035,31,0,false,true,0,0
2654,,,,808 819 820 821 822,0,3038,0,false,true,0,0
2655,Unferth,,230 246 292 167 10218 254 185,808 819 820 821 822,0,3038,0,false,false,0,0
2656,Unferth,,215 246 292 167 10218 254 185,808 819 820 821 822,0,3038,0,false,false,0,0
2657,Unferth,,217 249 292 167 10218 254 185,808 819 820 821 822,0,3038,0,false,false,0,0
2658,Unferth,,206 251 292 167 10218 254 185,808 819 820 821 822,0,3038,0,false,false,0,0
2659,Unferth,,214 250 292 167 10218 254 185,808 819 820 821 822,0,3038,0,false,false,0,0
2660,Reldo,,215 181 248 292 163 10218 254 245 244 320 4591,808 819 820 821 822,0,3038,0,false,true,0,0
2661,Reldo,,215 181 248 292 163 10218 254 245 244 320 556,808 819 820 821 822,0,3038,0,false,true,0,0
2662,Lazy cat,,34023,9158 9157,2035,31,0,false,true,0,0
2663,Lazy cat,,34007,9158 9157,2035,31,0,false,true,0,0
2664,Lazy cat,,34014,9158 9157,2035,31,0,false,true,0,0
2665,Lazy cat,,34023,9158 9157,2035,31,0,false,true,0,0
2666,Lazy cat,,34007,9158 9157,2035,31,0,false,true,0,0
2667,Lazy cat,,34014,9158 9157,2035,31,0,false,true,0,0
2668,Wily cat,,34028,9158 9157,2035,31,0,false,true,0,0
2669,Wily cat,,34006,9158 9157,2035,31,0,false,true,0,0
2670,Wily cat,,34022,9158 9157,2035,31,0,false,true,0,0
2671,Wily cat,,34028,9158 9157,2035,31,0,false,true,0,0
2672,Wily cat,,34006,9158 9157,2035,31,0,false,true,0,0
2673,Wily cat,,34022,9158 9157,2035,31,0,false,true,0,0
2674,Thief,,215 228 246 292 326 170 179 254 185 317,808 819 820 821 822,0,3038,0,false,false,0,0
2675,Man,,215 246 292 3707 151 176 3711 254 181,813 1146 820 821 822,0,3038,0,false,false,0,0
2676,Make-over Mage,,9608 390 9459 471 343 353 534 5034 358,813 1205 1206 1207 1208,0,3038,0,false,false,0,0
2677,Highwayman,,215 246 292 170 176 254 185 243 4604 519,808 819 820 821 822,0,3038,0,false,false,0,0
2678,Goblin,,24458 24486 24437 24475 24442 24450 24491,6181 6180,1415,82,0,false,true,0,0
2679,Goblin,,24455 24488 24433 24478 24442 24448,6181 6180,1415,82,0,false,true,0,0
2680,Goblin,,24457 24487 24435 24472 24442 24448,6181 6180,1415,82,0,false,true,0,0
2681,Goblin,,24458 24485 24436 24475 24441 24448,6181 6180,1415,82,0,false,true,0,0
2682,Rat,,9610,2704 2703,326,6,0,false,true,0,0
2683,Hengel,,235 247 292 327 163 10218 254 185 276,808 819 820 821 822,0,3038,0,false,false,0,0
2684,Anja,,390 456 483 332 10706 437 358,808 819 820 821 822,0,3038,0,false,true,0,0
2685,Hobgoblin,,9463,166 162,312,10,0,false,false,0,0
2686,Hobgoblin,,9463,166 162,312,10,0,false,false,0,0
2687,Hobgoblin,,9463,166 162,312,10,0,false,false,0,0
2688,Hobgoblin,,9463 2995,166 162,312,10,0,false,false,0,0
2689,Frog,,6947,1796 1797,36,7,0,false,true,0,0
2690,Jack Seagull,,206 252 292 3667 151 10218 6098 5218,1322 1323 1324 1325 1326,0,3038,0,false,false,0,0
2691,Longbow Ben,,211 246 292 3667 170 10218 6098 5218 317,1322 1323 1324 1325 1326,0,3038,0,false,false,0,0
2692,Ahab,,235 246 292 8233 170 10218 3599 4391 9627,1137 1323 1324 1325 1326,0,3038,0,false,true,0,0
2693,Duck,,26870,6818 6817,1539,15,0,false,false,0,0
2694,Duckling,,26872,6818 6817,1539,15,0,false,false,0,0
2695,Pirate,,28779 28795 28754 28758 28768 28807 28765,7188 7191 7192 7193 7194,0,3038,0,false,false,0,0
2696,Thief,,215 246 292 320 163 176 254 185,2702 819 820 821 822,0,3038,0,false,false,0,0
2697,Mugger,,230 243 246 310 167 10218 275 185,2701 819 820 821 822,0,3038,0,false,false,0,0
2698,Black knight,,218 306 164 179 268 185,808 819 820 821 822,0,3038,0,false,false,0,0
2699,Guard,,9451 253 9458 9450 176 5437 274 185,808 819 820 821 822,0,3038,0,false,false,0,0
2700,Guard,,215 253 9458 9450 176 274 185,808 819 820 821 822,0,3038,0,false,false,0,0
2701,Guard,,235 246 9458 9450 176 274 185,808 819 820 821 822,0,3038,0,false,false,0,0
2702,Guard,,206 249 9458 9450 176 5437 274 185,808 819 820 821 822,0,3038,0,false,false,0,0
2703,Guard,,9451 250 9458 9450 176 5437 274 185,808 819 820 821 822,0,3038,0,false,false,0,0
2704,Guard,,9451 253 9458 9450 176 3599 43593,2700 819 820 821 822,0,3038,0,false,false,0,0
2705,Guard,,9451 253 9458 9450 176 563 274 185,808 819 820 821 822,0,3038,0,false,false,0,0
2706,Crab,,4399 8744,1310 1311,539,8,0,false,true,0,0
2707,Seagull,,26841,6771 6773,1538,18,0,false,true,0,0
2708,Seagull,,26841,6771 6773,1538,18,0,false,true,0,0
2709,Fire wizard,,9456 181 246 292 170 176 265 534 567 323,813 1205 1206 1207 1208,0,3038,0,false,false,0,0
2710,Water wizard,,9457 181 248 292 170 176 265 534 567 323,813 1205 1206 1207 1208,0,3038,0,false,false,0,0
2711,Earth wizard,,9455 181 249 292 170 176 265 534 567 323,813 1205 1206 1207 1208,0,3038,0,false,false,0,0
2712,Air wizard,,9453 181 252 292 170 176 265 534 567 323,813 1205 1206 1207 1208,0,3038,0,false,false,0,0
2713,Malignius Mortifer,,9454 181 250 292 170 176 265 323,808 819 820 821 822,0,3038,0,false,false,0,0
2714,Zombie,,21101 21068 21050 21085 21126 21082 21139,5572 5570,1288,32,0,false,true,0,0
2715,Skeleton,,21168 21177 21159 21156 21180 21201 21188,5483 5479,1291,57,0,false,true,0,0
2716,Ghost,,21145,5530 5531,1289,22,0,false,true,0,0
2717,Skeleton mage,,21193,5483 5479,1291,57,0,false,true,0,0
2718,Betty,,378 446 469 332 10706 421 361,808 819 820 821 822,0,3038,0,false,false,0,0
2719,Grum,,198 215 245 247 292 327 151 10218 257,808 819 820 821 822,0,3038,0,false,false,0,0
2720,Gerrant,,186 217 302 3190 151 10218 562 254 185 246,813 1205 1206 1207 1208,0,3038,0,false,false,0,0
2721,Wydin,,217 305 151 10218 254 181 246,808 819 820 821 822,0,3038,0,false,true,0,0
2722,Fishing spot,,36844,9645,2130,3,0,false,false,0,0
2723,Fishing spot,,2320,456,776,1,0,false,true,0,0
2724,Fishing spot,,36844,9645,2130,3,0,false,false,0,0
2725,Otto Godblessed,,18192 11747 22163 280 11759 11764 11727 11731 19250 11733,808 819 820 821 822,0,3038,0,false,false,0,0
2726,Gull,,26841,6771 6773,1538,18,0,false,true,0,0
2727,Gull,,26841,6771 6773,1538,18,0,false,true,0,0
2728,Monk of Entrana,,6848 250 292 9607 170 10218 260 181,808 819 820 821 822,0,3038,0,false,false,0,0
2729,Monk of Entrana,,208 250 292 170 10218 3711 260 181,813 1146 820 821 822,0,3038,0,false,false,0,0
2730,Monk of Entrana,,6848 250 292 9607 170 10218 260 181,808 819 820 821 822,0,3038,0,false,false,0,0
2731,Monk of Entrana,,208 250 292 170 10218 553 260 181,813 1205 1206 1207 1208,0,3038,0,false,false,0,0
2732,Master Crafter,,235 253 305 163 10218 274 181,808 819 820 821 822,0,3038,0,false,true,0,0
2733,Master Crafter,,210 246 305 163 10218 274 181,808 819 820 821 822,0,3038,0,false,true,0,0
2734,Tz-Kih,,34252,9228 9229,2044,5,0,false,false,0,0
2735,Tz-Kih,,34252,9228 9229,2044,5,0,false,false,0,0
2736,Tz-Kek,,34251,9236 9237,2042,6,0,false,false,0,0
2737,Tz-Kek,,34251,9236 9237,2042,6,0,false,false,0,0
2738,Tz-Kek,,34250,9236 9238,2042,6,0,false,false,0,0
2739,Tok-Xil,,34133,9241 9240,2047,6,0,false,true,0,0
2740,Tok-Xil,,34133,9241 9240,2047,6,0,false,true,0,0
2741,Yt-MejKot,,34135,9250 9251,2041,12,0,false,false,0,0
2742,Yt-MejKot,,34135,9250 9251,2041,12,0,false,false,0,0
2743,Ket-Zek,,34137,9267 9264,2046,6,0,false,false,0,0
2744,Ket-Zek,,34137,9267 9264,2046,6,0,false,false,0,0
2745,TzTok-Jad,,34131,9274 9273,2043,7,0,false,true,0,0
2746,Yt-HurKot,,34136,9255 9256,2041,12,0,false,false,0,0
2747,Solus Dellagar,,9647 217 250 292 317 162 179 9650 556 9648 4955 9649,813 1205 1206 1207 1208,0,3038,0,false,false,0,0
2748,Savant,,398 471 479 348 10706 40483 361,2256,0,3038,0,false,false,0,0
2749,Lord Daquarius,,217 246 3379 317 164 40732 268 4954,808 819 820 821 822,0,3038,0,false,false,0,0
2750,Solus Dellagar,,9647 217 250 292 317 162 179 9650 556 9648 4955 9649,813 1205 1206 1207 1208,0,3038,0,false,false,0,0
2751,Black Knight,,218 306 164 179 268 185 518,808 819 820 821 822,0,3038,0,false,false,0,0
2752,Lord Daquarius,,217 246 3379 317 164 40732 268 4954,2724,0,3038,0,false,false,0,0
2753,Mage of Zamorak,,5430 251 286 292 170 10218 544 556 256,808 819 820 821 822,0,3038,0,false,false,0,0
2754,Mage of Zamorak,,5430 251 286 292 170 176 544 556 256,2726,0,3038,0,false,false,0,0
2755,Mage of Zamorak,,5430 251 286 292 170 176 544 556 256,2727,0,3038,0,false,false,0,0
2756,,,,813 1205 1206 1207 1208,0,3038,0,false,true,0,0
2757,,,,813 1205 1206 1207 1208,0,3038,0,false,true,0,0
2758,,,,813 1205 1206 1207 1208,0,3038,0,false,true,0,0
2759,,,,813 1205 1206 1207 1208,0,3038,0,false,true,0,0
2760,,,,813 1205 1206 1207 1208,0,3038,0,false,true,0,0
2761,,,,813 1205 1206 1207 1208,0,3038,0,false,true,0,0
2762,,,,813 1205 1206 1207 1208,0,3038,0,false,true,0,0
2763,,,,813 1205 1206 1207 1208,0,3038,0,false,true,0,0
2764,,,,813 1205 1206 1207 1208,0,3038,0,false,true,0,0
2765,,,,813 1205 1206 1207 1208,0,3038,0,false,true,0,0
2766,,,,813 1205 1206 1207 1208,0,3038,0,false,true,0,0
2767,,,,813 1205 1206 1207 1208,0,3038,0,false,true,0,0
2768,,,,813 1205 1206 1207 1208,0,3038,0,false,true,0,0
2769,,,,813 1205 1206 1207 1208,0,3038,0,false,true,0,0
2770,,,,813 1205 1206 1207 1208,0,3038,0,false,true,0,0
2771,,,,813 1205 1206 1207 1208,0,3038,0,false,true,0,0
2772,,,,813 1205 1206 1207 1208,0,3038,0,false,true,0,0
2773,,,,813 1205 1206 1207 1208,0,3038,0,false,true,0,0
2774,,,,813 1205 1206 1207 1208,0,3038,0,false,true,0,0
2775,,,,813 1205 1206 1207 1208,0,3038,0,false,true,0,0
2776,Woman,,393 456 40401 10706 435 414,808 819 820 821 822,0,3038,0,false,true,0,0
2777,Black Knight,,218 306 164 179 268 185 518,808 819 820 821 822,0,3038,0,false,false,0,0
2778,Black Knight,,218 306 164 179 268 185 518,808 819 820 821 822,0,3038,0,false,false,0,0
2779,Ranger,,221 253 314 170 179 563 258 185 9651,2728 819 820 821 822,0,3038,0,false,false,0,0
2780,Solus Dellagar,,9647 217 250 292 317 162 179 9650 556 9648 4955 9649,813 1205 1206 1207 1208,0,3038,0,false,false,0,0
2781,Gnome guard,,2909 2893 2915,195 189,319,88,0,false,true,0,0
2782,Shadow,,9739,2740 2737,599,6,0,false,false,0,0
2783,Dark beast,,26395,2730 2729,1503,5,0,false,false,0,0
2784,Mourner,,212 295 150 4033 273 323,813 1205 1206 1207 1208,0,3038,0,false,false,0,0
2785,Slave,,235 253 315 33034 10218 509 275 33033,1728 819 820 821 822,0,3038,0,false,false,0,0
2786,Slave,,214 251 315 33034 10218 496 254 181,830 819 820 821 822,0,3038,0,false,true,0,0
2787,Slave,,215 246 315 33034 10218 254 181,808 819 820 821 822,0,3038,0,false,true,0,0
2788,,,,101 98,297,51,0,false,true,0,0
2789,Thorgel,,2970 2981 2979 2983 2985 2990,101 98,297,51,0,false,false,0,0
2790,Sergeant Damien,,229 9762 6755 167 176 9761 182 9763,808 819 820 821 822,0,3038,0,false,false,0,0
2791,Pillory Guard,,225 301 169 179 519 269 185,808 819 820 821 822,0,3038,0,false,false,0,0
2792,Tramp,,214 246 310 151 176 275 181,808 819 820 821 822,0,3038,0,false,false,0,0
2793,Tramp,,214 246 310 151 176 275 181,808 819 820 821 822,0,3038,0,false,false,0,0
2794,Tramp,,214 246 310 151 176 275 181,808 819 820 821 822,0,3038,0,false,false,0,0
2795,,,,2770 2769,0,3038,0,false,true,0,0
2796,Skippy,,6364 210 253 8845 32593 10218 275 9823,,,0,0,false,false,0,0
2797,Skippy,,6364 210 253 8845 32593 10218 275 9823,,,0,0,false,false,0,0
2798,Skippy,,6364 210 253 8845 32593 10218 275 9823,,,0,0,false,false,0,0
2799,Skippy,,6364 210 253 8845 32593 10218 275 9823,,,0,0,false,false,0,0
2800,A pile of broken glass,,2676,,,0,0,false,false,0,0
2801,Ogre,,2878 2874,357 358,321,23,0,false,false,0,0
2802,Gnome Coach,,9832 4245 2915 9833,195 189,319,88,0,false,false,0,0
2803,Lizard,,9831,2774 2775,814,7,0,false,false,0,0
2804,Desert Lizard,,9831 9830,2774 2775,814,7,0,false,false,0,0
2805,Desert Lizard,,9831,2774 2775,814,7,0,false,false,0,0
2806,Desert Lizard,,9831,2774 2775,814,7,0,false,false,0,0
2807,Small Lizard,,9831 9830,2774 2775,814,7,0,false,false,0,0
2808,Small Lizard,,9831,2774 2775,814,7,0,false,false,0,0
2809,Al the Camel,,38649,9669 9670,2163,13,0,false,true,0,0
2810,Elly the Camel,,38645,9669 9670,2163,13,0,false,false,0,0
2811,Ollie the Camel,,38647,9669 9670,2163,13,0,false,false,0,0
2812,Cam the Camel,,38648,9669 9670,2163,13,0,false,true,0,0
2813,,,,9669 9670,2163,13,0,false,true,0,0
2814,Alice the Camel,,38645,9669 9670,2163,13,0,false,false,0,0
2815,Neferti the Camel,,38644,9669 9670,2163,13,0,false,true,0,0
2816,,,,808 819 820 821 822,0,3038,0,false,true,0,0
2817,,,,808 819 820 821 822,0,3038,0,false,true,0,0
2818,,,,808 819 820 821 822,0,3038,0,false,true,0,0
2819,,,,808 819 820 821 822,0,3038,0,false,true,0,0
2820,Ali the Smith,,6086 6087 302 6084 176 491 6090 185,808 819 820 821 822,0,3038,0,false,false,0,0
2821,Ali the Farmer,,40241 29681 29685 40249 40150 29694 495 29683,808 819 820 821 822,0,3038,0,false,false,0,0
2822,Ali the Tailor,,40241 40198 40183 29686 29690 29694 525 29683,808 819 820 821 822,0,3038,0,false,false,0,0
2823,Ali the Guard,,40224 29681 40184 29686 40150 8973 29694 29683,808 819 820 821 822,0,3038,0,false,false,0,0
2824,Ellis,,217 254 246 305 151 10218 181,808 819 820 821 822,0,3038,0,false,true,0,0
2825,Pirate Pete,,28821,7188 7189 7190 7193 7194,0,3038,0,false,false,0,0
2826,Pirate Pete,,28821,7188 7189 7190 7193 7194,0,3038,0,false,false,0,0
2827,Captain Braindeath,,28783 28796 28749 28758 28777 28810 28765,7188 7191 7192 7193 7194,0,3038,0,false,false,0,0
2828,50% Luke,,21391,5586 5585,1304,40,0,false,true,0,0
2829,Davey,,28790 28799 28753 28758 28772 28804 28765,7188 7191 7192 7193 7194,0,3038,0,false,true,0,0
2830,Captain Donnie,,21427 21467 21413 21441 21459 21447 21421,5656 5655,1304,40,0,false,true,0,0
2831,Zombie protester,,21102 21069 21051 21096 21125 21075,5584 5583,1288,32,0,false,true,0,0
2832,Zombie protester,,21101 21072 21052 21096 21119 21076,5584 5583,1288,32,0,false,true,0,0
2833,Zombie protester,,21111 21071 21052 21096 21129 21074,5584 5583,1288,32,0,false,true,0,0
2834,Zombie protester,,21103 21067 21052 21097 21113 21073,5584 5583,1288,32,0,false,true,0,0
2835,Zombie protester,,21102 21068 21050 21097 21129 21083,5584 5583,1288,32,0,false,true,0,0
2836,Zombie protester,,21101 21056 21038 21097 21130 21074,5584 5583,1288,32,0,false,true,0,0
2837,Zombie pirate,,21432 21477 21416 21440 21460 21457 21423,5646 5645,1304,40,0,false,true,0,0
2838,Zombie pirate,,21435 21473 21414 21442 21462 21455 21424,5650 5652,1304,40,0,false,true,0,0
2839,Zombie pirate,,21436 21474 21414 21441 21462 21449 21424,5650 5652,1304,40,0,false,true,0,0
2840,Zombie pirate,,21431 21476 21414 21442 21462 21456 21425,5650 5652,1304,40,0,false,true,0,0
2841,Zombie pirate,,21437 21481 21414 21443 21463 21457 21423,5646 5645,1304,40,0,false,true,0,0
2842,Zombie pirate,,21438 21475 21415 21440 21460 21456 21423,5646 5645,1304,40,0,false,true,0,0
2843,Zombie swab,,21431 21470 21414 21442 21462 21453 21423,5646 5645,1304,40,0,false,true,0,0
2844,Zombie swab,,21432 21472 21414 21442 21462 21454 21423,5646 5645,1304,40,0,false,true,0,0
2845,Zombie swab,,21432 21478 21414 21442 21462 21456 21424,5650 5652,1304,40,0,false,true,0,0
2846,Zombie swab,,21434 21479 21418 21441 21462 21449 21425,5650 5652,1304,40,0,false,true,0,0
2847,Zombie swab,,21435 21477 21416 21440 21462 21455 21423,5646 5645,1304,40,0,false,true,0,0
2848,Zombie swab,,21437 21474 21419 21442 21460 21447 21423,5646 5645,1304,40,0,false,true,0,0
2849,Evil spirit,,9892,2803 2802,644,5,0,false,true,0,0
2850,Fever spider,,20302 20301,5318 5317,1248,24,0,false,true,0,0
2851,Brewer,,6848 244 251 7611 170 3660 5218,808 819 820 821 822,0,3038,0,false,false,0,0
2852,Brewer,,217 241 247 7611 170 179 5218,808 819 820 821 822,0,3038,0,false,false,0,0
2853,Brewer,,214 252 7611 170 179 5218,808 819 820 821 822,0,3038,0,false,false,0,0
2854,Brewer,,230 250 7611 170 176 259,808 819 820 821 822,0,3038,0,false,true,0,0
2855,Brewer,,220 251 7611 170 176 254 181,808 819 820 821 822,0,3038,0,false,false,0,0
2856,Brewer,,211 5215 7611 170 176 254 185,808 819 820 821 822,0,3038,0,false,false,0,0
2857,Brewer,,215 193 5215 7611 170 176 5218,808 819 820 821 822,0,3038,0,false,false,0,0
2858,Brewer,,235 244 9620 7611 170 176 5218,808 819 820 821 822,0,3038,0,false,false,0,0
2859,Fishing spot,,36844,9645,2130,3,0,false,false,0,0
2860,Amaethwr,,31741,808 819 820 821 822,0,3038,0,false,false,0,0
2861,Teclyn,,31742,808 819 820 821 822,0,3038,0,false,false,0,0
2862,Death,,5100 292 170 179 256 40287,847 819 820 821 822,0,3038,0,false,false,0,0
2863,Zombie,,310 230 246 168 176 275 181,808 819 820 821 822,0,3038,0,false,false,0,0
2864,Most of a Zombie,,275 181,808 819 820 821 822,0,3038,0,false,true,0,0
2865,Most of a Zombie,,310 230 246 168 176 9921,2816 2815,0,3038,0,false,false,0,0
2866,Zombie,,6848 246 310 32593 10218 275 181,808 819 820 821 822,0,3038,0,false,false,0,0
2867,Most of a Zombie,,224 310 32593 10218 275 181,808 819 820 821 822,0,3038,0,false,false,0,0
2868,Zombie Head,,6848 246 9925,2818,0,3038,0,false,true,0,0
2869,Zombie,,230 246 310 151 10218 254 33033,808 819 820 821 822,0,3038,0,false,false,0,0
2870,Half-Zombie,,9913,2825 2823,152,4,0,false,true,0,0
2871,Other Half-Zombie,,9914,2826 2824,153,3,0,false,true,0,0
2872,Child,,2897 2909 2918,195 189,319,88,0,false,true,0,0
2873,Child,,2897 4245 2918,195 189,319,88,0,false,false,0,0
2874,Child,,2897 4245 2918,195 189,319,88,0,false,false,0,0
2875,Child,,2902 2912 2918,195 189,319,88,0,false,true,0,0
2876,Child,,2902 2909 2918,195 189,319,88,0,false,true,0,0
2877,Child,,2902 2909 2918,195 189,319,88,0,false,true,0,0
2878,Zombie,,6318,,,0,0,false,false,0,0
2879,Bardur,,4220 252 292 162 179 4226 4218 4236 326 4235 317 4219,813 819 820 821 822,0,3038,0,false,false,0,0
2880,Dagannoth fledgeling,,9828 9829,2774 2775,814,7,0,false,false,0,0
2881,Dagannoth Supreme,,9941 9943,2850 2849,16,8,0,false,true,0,0
2882,Dagannoth Prime,,9940 9943 9942,2850 2849,16,8,0,false,true,0,0
2883,Dagannoth Rex,,9941,2850 2849,16,8,0,false,true,0,0
2884,Wallasalki,,8715,2364 2363,18,5,0,false,true,0,0
2885,Giant Rock Crab,,8741 8742,1310 1311,539,8,0,false,true,0,0
2886,Boulder,,8743,,,0,0,false,false,0,0
2887,Dagannoth,,4587,1338 1339,538,10,0,false,true,0,0
2888,Dagannoth,,4587,1338 1339,538,10,0,false,true,0,0
2889,Rock lobster,,9945 9946,2858 2857,17,6,0,false,true,0,0
2890,Rock,,14183,,,0,0,false,false,0,0
2891,Suspicious water,,6318,,,0,0,false,false,0,0
2892,Spinolyp,,9947,2867 2863,19,7,0,false,false,0,0
2893,Suspicious water,,6318,,,0,0,false,false,0,0
2894,Spinolyp,,9947,2867 2863,19,7,0,false,false,0,0
2895,Suspicious water,,6318,,,0,0,false,false,0,0
2896,Spinolyp,,9947,2867 2863,19,7,0,false,false,0,0
2897,,,,813 1146 820 821 822,0,3038,0,false,true,0,0
2898,,,,813 1146 820 821 822,0,3038,0,false,true,0,0
2899,Father Reen,,223 248 6091 170 176 6089 8919 534 40247,813 1146 820 821 822,0,3038,0,false,false,0,0
2900,Father Reen,,223 248 6091 170 176 6089 8919 9986 40247,808 819 820 821 822,0,3038,0,false,false,0,0
2901,,,,808 819 820 821 822,0,3038,0,false,true,0,0
2902,Father Badden,,223 253 6091 170 176 6089 8919 284,808 819 820 821 822,0,3038,0,false,false,0,0
2903,Father Badden,,223 253 6091 170 176 6089 8919 9986 284,808 819 820 821 822,0,3038,0,false,false,0,0
2904,Denath,,9999 6131 10001 9998 10000 181,808 819 820 821 822,0,3038,0,false,true,0,0
2905,Denath,,9999 6131 10001 9998 10000 181 9986,808 819 820 821 822,0,3038,0,false,true,0,0
2906,Eric,,9981 181 246 9983 9979 9980 9982,808 819 820 821 822,0,3038,0,false,false,0,0
2907,Eric,,9981 181 246 9983 9979 9980 9982 9986,808 819 820 821 822,0,3038,0,false,false,0,0
2908,,,,808 819 820 821 822,0,3038,0,false,true,0,0
2909,Evil Dave,,9981 181 253 9983 9979 9980 9982 9986,808 819 820 821 822,0,3038,0,false,false,0,0
2910,Evil Dave,,9981 181 253 9983 9979 9980 9982,808 819 820 821 822,0,3038,0,false,false,0,0
2911,Matthew,,9981 246 9983 9979 9980 9982 181,808 819 820 821 822,0,3038,0,false,false,0,0
2912,Matthew,,9981 246 9983 9979 9980 9982 181 9986,808 819 820 821 822,0,3038,0,false,false,0,0
2913,Jennifer,,391 9359 353 10003 361 9984 9985,808 819 820 821 822,0,3038,0,false,false,0,0
2914,Jennifer,,391 9359 353 10003 361 9984 9985 9986,808 819 820 821 822,0,3038,0,false,false,0,0
2915,Tanya,,9984 390 9985 9359 353 10003 358,808 819 820 821 822,0,3038,0,false,false,0,0
2916,Tanya,,9984 390 9985 9359 353 10003 358 9986,808 819 820 821 822,0,3038,0,false,false,0,0
2917,Patrick,,9981 247 9983 9979 9980 9982 181,808 819 820 821 822,0,3038,0,false,false,0,0
2918,Patrick,,9981 247 9983 9979 9980 9982 181 9986,808 819 820 821 822,0,3038,0,false,false,0,0
2919,Agrith Naar,,17380 17397 17384 17401,4675 4674,1078,30,0,false,false,0,0
2920,,,,2882,659,1,0,false,true,0,0
2921,Sand storm,,9994,2882,659,1,0,false,false,0,0
2922,,,,808 819 820 821 822,0,3038,0,false,true,0,0
2923,,,,808 819 820 821 822,0,3038,0,false,true,0,0
2924,,,,808 819 820 821 822,0,3038,0,false,true,0,0
2925,,,,813 1146 820 821 822,0,3038,0,false,true,0,0
2926,,,,1913 1912,526,9,0,false,true,0,0
2927,Clay golem,,6146 6148 6150,1913 1912,526,9,0,false,true,0,0
2928,Clay golem,,6146 10002 6150,1913 1912,526,9,0,false,true,0,0
2929,,,,,,0,0,false,false,0,0
2930,,,,5531,1289,22,0,false,true,0,0
2931,Ghost,,21144,5530 5531,1289,22,0,false,true,0,0
2932,Jorral,,40617 40349 28801 40370 40344 28805,808 819 820 821 822,0,3038,0,false,true,0,0
2933,,,,808 819 820 821 822,0,3038,0,false,true,0,0
2934,Melina,,10010,2893,459,2,0,false,true,0,0
2935,Melina,,5226 5228 5225 5227,808 819 820 821 822,0,3038,0,false,false,0,0
2936,,,,808 819 820 821 822,0,3038,0,false,true,0,0
2937,Droalak,,10009,2893,459,2,0,false,false,0,0
2938,Droalak,,5212 5219 5209 10024,808 819 820 821 822,0,3038,0,false,true,0,0
2939,Dron,,4219 4220 242 252 292 4391 162 176 502 4235 4226 4218,808 819 820 821 822,0,3038,0,false,false,0,0
2940,Blanin,,217 252 292 317 162 179 4226 4218 326,808 819 820 821 822,0,3038,0,false,false,0,0
2941,The Beast,,34026,9158 9157,2035,31,0,false,true,0,0
2942,Bellemorde,,34022,9158 9157,2035,31,0,false,true,0,0
2943,Pox,,34023,9158 9157,2035,31,0,false,true,0,0
2944,Pox,,34012,9158 9157,2035,31,0,false,true,0,0
2945,Bones,,34032,9158 9156,2035,31,0,false,true,0,0
2946,Grimesquit,,10078 8849 332 353 428 358 418,808 819 820 821 822,0,3038,0,false,false,0,0
2947,Phingspet,,398 470 479 348 353 428 358,808 819 820 821 822,0,3038,0,false,false,0,0
2948,Hooknosed Jack,,45448 246 299 4926 167 179 263 181,808 819 820 821 822,0,3038,0,false,false,0,0
2949,Jimmy Dazzler,,9618 6848 10075 10039 10077 10073 10074 3711 10076 185,813 1146 820 821 822,0,3038,0,false,false,0,0
2950,The Face,,403 456 9359 353 3711 438 358,813 1146 820 821 822,0,3038,0,false,true,0,0
2951,Felkrash,,10078 9361 9359 9360 437 8934,808 819 820 821 822,0,3038,0,false,false,0,0
2952,Smokin' Joe,,7026 7062 2979 7046 2985,101 98,297,51,0,false,false,0,0
2953,Ceril Carnillean,,217 246 299 32592 10218 274 185 323 281 201,808 819 820 821 822,0,3038,0,false,false,0,0
2954,Councillor Halgrive,,215 238 247 292 170 176 254 181 320,808 819 820 821 822,0,3038,0,false,false,0,0
2955,Spice seller,,217 292 250 162 176 260 185 280 201,808 819 820 821 822,0,3038,0,false,false,0,0
2956,Fur trader,,230 299 250 159 176 254 185,808 819 820 821 822,0,3038,0,false,false,0,0
2957,Gem merchant,,230 292 251 151 179 254 185 283 238 186 320,808 819 820 821 822,0,3038,0,false,false,0,0
2958,Silver merchant,,214 302 252 32592 179 274 185 281 238,808 819 820 821 822,0,3038,0,false,false,0,0
2959,Silk merchant,,215 198 254 248 170 176 181 292 181,808 819 820 821 822,0,3038,0,false,true,0,0
2960,Zenesha,,393 468 352 356 432 414 361,808 819 820 821 822,0,3038,0,false,false,0,0
2961,Ali Morrisane,,6086 6087 6091 6084 6089 185 176,808 819 820 821 822,0,3038,0,false,false,0,0
2962,Guard,,233 246 294 151 176 254 185 519 541,808 819 820 821 822,0,3038,0,false,false,0,0
2963,Guard,,233 246 294 151 176 254 185 519 541,808 819 820 821 822,0,3038,0,false,false,0,0
2964,Guard,,233 246 294 151 176 254 185 519 541,808 819 820 821 822,0,3038,0,false,false,0,0
2965,Guard,,233 246 294 151 176 254 185 519 541,808 819 820 821 822,0,3038,0,false,false,0,0
2966,Guard,,233 246 294 151 176 254 185 519 541,808 819 820 821 822,0,3038,0,false,false,0,0
2967,Guard,,233 246 294 151 176 254 185 519 541,808 819 820 821 822,0,3038,0,false,false,0,0
2968,Guard,,233 246 294 151 176 254 185 519 541,808 819 820 821 822,0,3038,0,false,false,0,0
2969,Guard,,233 246 294 151 176 254 185 519 541,808 819 820 821 822,0,3038,0,false,false,0,0
2970,Guard,,233 246 294 151 176 254 185 519 541,808 819 820 821 822,0,3038,0,false,false,0,0
2971,Guard,,233 246 294 151 176 254 185 519 541,808 819 820 821 822,0,3038,0,false,false,0,0
2972,Guard,,233 246 294 151 176 254 185 519 541,808 819 820 821 822,0,3038,0,false,false,0,0
2973,Guard,,233 246 294 151 176 254 185 519 541,808 819 820 821 822,0,3038,0,false,false,0,0
2974,,,,2704 2703,326,6,0,false,true,0,0
2975,,,,2704 2703,326,6,0,false,true,0,0
2976,,,,2704 2703,326,6,0,false,true,0,0
2977,,,,2704 2703,326,6,0,false,true,0,0
2978,,,,2704 2703,326,6,0,false,true,0,0
2979,,,,2704 2703,326,6,0,false,true,0,0
2980,Rat,,9610,,,0,0,false,false,0,0
2981,Rat,,9610,2704 2703,326,6,0,false,true,0,0
2982,King rat,,9610,2704 2703,326,6,0,false,true,0,0
2983,Turbogroomer,,34022,9158 9157,2035,31,0,false,true,0,0
2984,Pusskins,,34006,9158 9157,2035,31,0,false,true,0,0
2985,Loki,,34019,9158 9157,2035,31,0,false,true,0,0
2986,Captain Tom,,34008,9158 9157,2035,31,0,false,true,0,0
2987,Treacle,,34019,9158 9157,2035,31,0,false,true,0,0
2988,Mittens,,34012,9158 9157,2035,31,0,false,true,0,0
2989,Claude,,34021,9158 9156,2035,31,0,false,true,0,0
2990,Topsy,,34009,9158 9156,2035,31,0,false,true,0,0
2991,Rauborn,,2970 7071 6017 2978 2981 2985,101 98,297,51,0,false,false,0,0
2992,Vaeringk,,2973 2986 2983 7040 2992 2991 2980 2985,101 98,297,51,0,false,false,0,0
2993,Oxi,,2973 7069 2983 2979 7075 7053 7044 6018,2155 2154,297,51,0,false,false,0,0
2994,Fior,,2971 7072 7061 2979 2992 7046 2985,101 98,297,51,0,false,false,0,0
2995,Sagira,,7032 7060 7038 7045 7068,101 98,297,51,0,false,true,0,0
2996,Anleif,,7035 7064 7038 7048 7068,101 98,297,51,0,false,false,0,0
2997,Gertrude's cat,,34020,9158 9157,2035,31,0,false,true,0,0
2998,Gambler,,215 10038 5215 5221 326 162 176 3711 274 181,813 1146 820 821 822,0,3038,0,false,false,0,0
2999,Gambler,,230 10038 248 5221 162 176 3711 254 181,813 1146 820 821 822,0,3038,0,false,false,0,0
3000,Barman,,230 10037 249 5221 326 162 176 274 185,808 819 820 821 822,0,3038,0,false,false,0,0
3001,Gambler,,215 186 249 10077 317 10073 10074 10076 185 326,808 819 820 821 822,0,3038,0,false,false,0,0
3002,Gambler,,378 9361 479 332 10706 428 7614,808 819 820 821 822,0,3038,0,false,false,0,0
3003,Gambler,,387 470 480 332 10706 438 8934,808 819 820 821 822,0,3038,0,false,false,0,0
3004,Gambler,,373 390 9361 9359 9360 7008 8934,808 819 820 821 822,0,3038,0,false,false,0,0
3005,Gambler,,206 250 296 169 176 275 185,808 819 820 821 822,0,3038,0,false,false,0,0
3006,Gambler,,9452 246 315 33034 10218 275 181,808 819 820 821 822,0,3038,0,false,true,0,0
3007,Rat,,9610,,,0,0,false,false,0,0
3008,Rat,,9610,2704 2703,326,6,0,false,true,0,0
3009,Rat,,9610,2704 2703,326,6,0,false,true,0,0
3010,Rat,,9610,2704 2703,326,6,0,false,true,0,0
3011,Rat,,9610,2704 2703,326,6,0,false,true,0,0
3012,Rat,,9610,2704 2703,326,6,0,false,true,0,0
3013,Rat,,9610,2704 2703,326,6,0,false,true,0,0
3014,Rat,,9610,2704 2703,326,6,0,false,true,0,0
3015,Rat,,9610,2704 2703,326,6,0,false,true,0,0
3016,Rat,,9610,2704 2703,326,6,0,false,true,0,0
3017,Rat,,9610,2704 2703,326,6,0,false,true,0,0
3018,Rat,,9610,2704 2703,326,6,0,false,true,0,0
3019,Fishing spot,,36844,9645,2130,3,0,false,false,0,0
3020,Rug Merchant,,7743 215 248 310 173 176 6090 4954,808 819 820 821 822,0,3038,0,false,false,0,0
3021,Tool leprechaun,,10220,2904 189,319,88,0,false,false,0,0
3022,Genie,,231 241 252 315 33034 10218 264,792,0,3038,0,false,false,0,0
3023,Nirrie,,10212,2906 2907,491,3,0,false,false,0,0
3024,Tirrie,,10214 10211,2908 2907,491,3,0,false,false,0,0
3025,Hallak,,10213,2906 2907,491,3,0,false,true,0,0
3026,Black golem,,6146 6148 6150,1913 1912,526,9,0,false,true,0,0
3027,White golem,,6146 6147 6149,1913 1912,526,9,0,false,true,0,0
3028,Grey golem,,6146 6147 6150,1913 1912,526,9,0,false,true,0,0
3029,Ghaslor the Elder,,6130 250 9017 151 176 556 6132 181,808 819 820 821 822,0,3038,0,false,true,0,0
3030,Ali the Carter,,6085 247 292 326 33034 10218 6090 181,808 819 820 821 822,0,3038,0,false,false,0,0
3031,Usi,,9016 248 9017 151 176 265 181,808 819 820 821 822,0,3038,0,false,false,0,0
3032,Nkuku,,9016 251 9017 151 176 265 181,808 819 820 821 822,0,3038,0,false,false,0,0
3033,Garai,,9016 251 9017 151 176 6133 181,808 819 820 821 822,0,3038,0,false,false,0,0
3034,Habibah,,9022 9025 483 332 353 430 358,808 819 820 821 822,0,3038,0,false,false,0,0
3035,Meskhenet,,390 9025 483 332 353 430 358,808 819 820 821 822,0,3038,0,false,false,0,0
3036,Zahra,,9022 9025 332 353 428 358,808 819 820 821 822,0,3038,0,false,false,0,0
3037,Zahur,,9022 9025 343 353 506 10003 358 376,808 819 820 821 822,0,3038,0,false,false,0,0
3038,Seddu,,9016 253 9017 326 151 176 491 6133 181 201,808 819 820 821 822,0,3038,0,false,false,0,0
3039,Kazemde,,9016 248 9017 326 151 176 6133 181 201,808 819 820 821 822,0,3038,0,false,false,0,0
3040,Awusah the Mayor,,6130 248 6134 326 162 176 6135 6132 181,813 1205 1206 1207 1208,0,3038,0,false,true,0,0
3041,Tarik,,6130 248 6134 326 10123 176 6135 6133 181,813 1205 1206 1207 1208,0,3038,0,false,true,0,0
3042,Poltenip,,6130 248 6134 326 10123 176 6135 6133 181,813 1205 1206 1207 1208,0,3038,0,false,true,0,0
3043,Radat,,6130 248 6134 326 10123 176 6135 6133 181,813 1205 1206 1207 1208,0,3038,0,false,true,0,0
3044,Shiratti the Custodian,,9021 9026 10126 353 6135 10003 361,813 1205 1206 1207 1208,0,3038,0,false,false,0,0
3045,Rokuh,,201 9016 248 10219 151 10218 6133 185 10128,2911 2912,0,3038,0,false,false,0,0
3046,Nardah Banker,,201 9016 5215 6134 151 176 6133 185,808,0,3038,0,false,false,0,0
3047,Target,,10210,,,0,0,false,false,0,0
3048,Target,,10209,,,0,0,false,false,0,0
3049,,,,,,0,0,false,false,0,0
3050,Larxus,,10038 10302 10304 10305 10301 254 185,808 819 820 821 822,0,3038,0,false,false,0,0
3051,Mystery figure,,9452 250 306 10298 179 268 185 10314 10311,2939 2562,0,3038,0,false,false,0,0
3052,Mystery figure,,10321 10327 10325 10322 10324 10328,2942,297,51,0,false,false,0,0
3053,Mystery figure,,10338 10340 10341 10339,2943 189,319,88,0,false,false,0,0
3054,Mystery figure,,34148 34149,9299,2045,34,0,false,false,0,0
3055,Mystery figure,,26163 26161,6542,1490,14,0,false,false,0,0
3056,Mystery figure,,9660 9661 9659 4023 10310,2940 1205 1206 1207 1208,0,3038,0,false,false,0,0
3057,Earth Warrior Champion,,10274 10278 10276 10277 10275,2945 2947 2948 2949 2950,111,8,0,false,false,0,0
3058,Giant Champion,,25624 25623 25622 17466,6371 6372,1081,30,0,false,true,0,0
3059,Ghoul Champion,,10303 10306 10299 40254 40182 10315,1275 819 820 821 822,0,3038,0,false,false,0,0
3060,Goblin Champion,,24460 24489 24438 24473 24440 24453 24510,6139 6138,1415,82,0,false,true,0,0
3061,Hobgoblin Champion,,10334 10335,2958 162,312,10,0,false,false,0,0
3062,Imp Champion,,20046,171 168,1240,23,0,false,true,0,0
3063,Jogre Champion,,10280 10282 10281,2931 2932,112,9,0,false,false,0,0
3064,Lesser Demon Champion,,17381 17398 17384,4675 4674,1078,30,0,false,false,0,0
3065,Skeleton Champion,,21189,5510 5511,1291,57,0,false,true,0,0
3066,Zombies Champion,,20949,5573 5582,1288,32,0,false,true,0,0
3067,Leon d'Cour,,9452 250 306 10298 179 268 185 10314 10318 10313,2561 2562,0,3038,0,false,false,0,0
3068,Skeletal Wyvern,,10351 10355 10357,2984 2982,817,8,0,false,true,0,0
3069,Skeletal Wyvern,,10352 10353 10356,2984 2982,817,8,0,false,true,0,0
3070,Skeletal Wyvern,,10351 10355 10358,2984 2982,817,8,0,false,true,0,0
3071,Skeletal Wyvern,,10351 10354 10356,2984 2982,817,8,0,false,true,0,0
3072,Ice giant,,17454 17442,4670 4669,1081,30,0,false,true,0,0
3073,Ice warrior,,213 306 164 176 268 184 511,842 841,0,3038,0,false,false,0,0
3074,,,,808 819 820 821 822,0,3038,0,false,true,0,0
3075,Monk,,10375 246 292 326 170 179 260 10124 317,,,0,0,false,false,0,0
3076,,,,2995,0,3038,0,false,true,0,0
3077,Dead Monk,,230 246 292 9607 170 10218 260 8919 326,,,0,0,false,false,0,0
3078,High Priest,,223 246 284 292 9607 170 10218 265 8919,808 819 820 821 822,0,3038,0,false,false,0,0
3079,Monk,,230 8919 246 292 170 176 260 553,813 1205 1206 1207 1208,0,3038,0,false,false,0,0
3080,Monk,,230 246 292 9607 170 10218 260 8919 326 10380,2993 2994,0,3038,0,false,false,0,0
3081,Assassin,,10374 10376 10378 10377 10379 179,813 1205 1206 1207 1208,0,3038,0,false,false,0,0
3082,Rosie,,10508 10519 10511 10514 10527 10526,3008 3012,190,7,0,false,true,0,0
3083,Sorcha,,10508 10517 10511 10515 10527,3008 3012,190,7,0,false,true,0,0
3084,Cait,,10508 10521 10511 10514 10528,3008 3012,190,7,0,false,true,0,0
3085,Cormac,,10506 10517 10509 10512 10527 10525,3008 3012,190,7,0,false,true,0,0
3086,Fionn,,10507 10518 10510 10513 10528,3008 3012,190,7,0,false,true,0,0
3087,Donnacha,,10506 10521 10511 10512 10528 10524,3008 3012,190,7,0,false,true,0,0
3088,Ronan,,10507 10520 10510 10513 10527 10522,3008 3012,190,7,0,false,true,0,0
3089,,,8236,,,0,0,false,false,0,0
3090,,,8236,,,0,0,false,false,0,0
3091,,,8236,,,0,0,false,false,0,0
3092,Hooded Stranger,,208 10561 10541 10542 10531 176 10536 4218,808 819 820 821 822,0,3038,0,false,false,0,0
3093,,,3087,663,832,1,0,false,false,0,0
3094,Flying Book,,10625,3023,42,1,0,false,true,0,0
3095,Flying Book,,10625,3023,42,1,0,false,true,0,0
3096,Pizzaz Hat,,10633,,,0,0,false,false,0,0
3097,Entrance Guardian,,10633 10635 10637 10638 10630,3033 3034,44,3,0,false,false,0,0
3098,Telekinetic Guardian,,10633 10640 10637 10638 10632,3033 3034,44,3,0,false,false,0,0
3099,Alchemy Guardian,,10633 10635 10637 10638 10627,3033 3035,44,3,0,false,false,0,0
3100,Enchantment Guardian,,10633 10640 10637 10638 10628,3033 3034,44,3,0,false,false,0,0
3101,Graveyard Guardian,,10633 10634 10637 10638 10629,3033 3035,44,3,0,false,false,0,0
3102,Maze Guardian,,10633 10640 10637 10638 10632,3033 3034,44,3,0,false,false,0,0
3103,Rewards Guardian,,10633 10635 10637 10638 10631,3033 3035,44,3,0,false,false,0,0
3104,Charmed Warrior,,10641 10642 10643,3026 3027,45,4,0,false,true,0,0
3105,Charmed Warrior,,10641 10643,3026 3027,45,4,0,false,true,0,0
3106,Charmed Warrior,,10641 10642,3026 3027,45,4,0,false,true,0,0
3107,Charmed Warrior,,10641 10643,3026 3027,45,4,0,false,true,0,0
3108,Bert,,217 246 10705 10723 163 10218 274 185,808 819 820 821 822,0,3038,0,false,false,0,0
3109,Guard Captain,,233 247 312 323 152 179 6098 263 4954,3040 3039 820 821 822,0,3038,0,false,false,0,0
3110,,,,808 819 820 821 822,0,3038,0,false,true,0,0
3111,,,,3036 819 820 821 822,0,3038,0,false,true,0,0
3112,Sandy,,194 215 247 5221 4391 163 10218 274 185,808 819 820 821 822,0,3038,0,false,false,0,0
3113,Sandy,,194 215 247 5221 4391 163 10218 274 185,3036 819 820 821 822,0,3038,0,false,false,0,0
3114,Mazion,,223 246 10705 10723 170 10218 260 185,808 819 820 821 822,0,3038,0,false,false,0,0
3115,Blaec,,235 253 10705 163 10218 254 185 10723,808 819 820 821 822,0,3038,0,false,false,0,0
3116,Reeso,,206 252 10705 10723 151 10218 4226 4218,808 819 820 821 822,0,3038,0,false,false,0,0
3117,Sandwich lady,,391 10744 332 353 428 358 10745 417,3043 3042,0,3038,0,false,true,0,0
3118,Prison Pete,,230 246 10741 10743 10742 181,808 819 820 821 822,0,3038,0,false,false,0,0
3119,Balloon Animal,,10734,3049 3048,269,4,0,false,true,0,0
3120,Balloon Animal,,10735,3049 3050,269,4,0,false,true,0,0
3121,Balloon Animal,,10736,3049 3048,269,4,0,false,true,0,0
3122,Balloon Animal,,10737,3049 3048,269,4,0,false,true,0,0
3123,Simon Templeton,,6364 215 244 246 292 4391 151 10218 271 185,808 819 820 821 822,0,3038,0,false,false,0,0
3124,Pyramid block,,10817,,,0,0,false,false,0,0
3125,Pyramid block,,10817,,,0,0,false,false,0,0
3126,Pentyn,,10981 250 3379 10838 157 10218 268 185 317 40846,10000 819 820 821 822,0,3038,0,false,false,0,0
3127,Aristarchus,,230 253 10984 9607 10979 10218 10982 8919,808 819 820 821 822,0,3038,0,false,false,0,0
3128,,,,3073,499,7,0,false,true,0,0
3129,Boneguard,,10972,3073 3078,499,7,0,false,true,0,0
3130,Pile of bones,,10874,,,0,0,false,false,0,0
3131,Desert Spirit,,10375 246 292 3189 10833 256,2334 2333,0,3038,0,false,false,0,0
3132,,,,,,0,0,false,false,0,0
3133,Crust of ice,,10884,,,0,0,false,false,0,0
3134,,,,,,0,0,false,false,0,0
3135,Furnace grate,,10996,,,0,0,false,false,0,0
3136,,,,,,0,0,false,false,0,0
3137,Enakhra,,383 10842 481 10839 10706 440,808 819 820 821 822,0,3038,0,false,true,0,0
3138,Enakhra,,10841 10842 481 10839 10706 440 10843,808 819 820 821 822,0,3038,0,false,true,0,0
3139,,,,,,0,0,false,false,0,0
3140,Boneguard,,10971,3073 3078,499,7,0,false,true,0,0
3141,Akthanakos,,10834 10985 10979 10218 10982 8919,808 819 820 821 822,0,3038,0,false,false,0,0
3142,Akthanakos,,10837 10985 10979 10218 10982 8919,808 819 820 821 822,0,3038,0,false,false,0,0
3143,,,,813 819 820 821 822,0,3038,0,false,true,0,0
3144,,,,813 819 820 821 822,0,3038,0,false,true,0,0
3145,,,,813 819 820 821 822,0,3038,0,false,true,0,0
3146,,,,813 819 820 821 822,0,3038,0,false,true,0,0
3147,Lazim,,6848 246 292 10980 10218 534 265 8919 4391 9607,813 1205 1206 1207 1208,0,3038,0,false,false,0,0
3148,Enakhra,,383 10842 479 10839 10706 440 358,808 819 820 821 822,0,3038,0,false,false,0,0
3149,Akthanakos,,10835 292 170 10218 265 8919,808 819 820 821 822,0,3038,0,false,false,0,0
3150,Knight,,213 3379 10838 164 17520 10844 268 181,2561 2562,0,3038,0,false,false,0,0
3151,Skeleton,,21168 21178 21161 21157 21182 21201 21188,5483 5479,1291,57,0,false,true,0,0
3152,,,,819 820 821 822,0,3038,0,false,true,0,0
3153,Harpie Bug Swarm,,11075,3108,813,5,0,false,true,0,0
3154,Count Draynor,,227 238 246 292 320 11107 256 181 317 11122,,,0,0,false,false,0,0
3155,Bill Teach,,28785 28792 28750 28758 28769 28810 28765,7188 7191 7192 7193 7194,0,3038,0,false,false,0,0
3156,Bill Teach,,28785 28792 28750 28758 28769 28810 28765,7188 7191 7192 7193 7194,0,3038,0,false,false,0,0
3157,Bill Teach,,28785 28792 28750 28758 28769 28810 28765,7188 7191 7192 7193 7194,0,3038,0,false,false,0,0
3158,Bill Teach,,28785 28792 28750 28758 28769 28810 28765,7188 7191 7192 7193 7194,0,3038,0,false,false,0,0
3159,Bill Teach,,28785 28792 28750 28758 28769 28810 28765,7188 7191 7192 7193 7194,0,3038,0,false,false,0,0
3160,Bill Teach,,28785 28792 28750 28758 28769 28810 28765,7188 7191 7192 7193 7194,0,3038,0,false,false,0,0
3161,Charley,,28814,7188 7189 7190 7193 7194,0,3038,0,false,false,0,0
3162,Smith,,28787 28800 28754 28758 28768 28807 28763,7188 7191 7192 7193 7194,0,3038,0,false,true,0,0
3163,Joe,,28780 28803 28754 28850 28776 28807,7188 7191 7192 7193 7194,0,3038,0,false,false,0,0
3164,Mama,,378 8786 8846 353 11119 358,808 819 820 821 822,0,3038,0,false,true,0,0
3165,Mama,,378 8786 8846 353 11119 358,808 819 820 821 822,0,3038,0,false,true,0,0
3166,Mike,,28790 28799 28749 28758 28772 28810 28765,7188 7191 7192 7193 7194,0,3038,0,false,true,0,0
3167,Pirate,,28784 28801 28748 28758 28775 28810 28765,7188 7191 7192 7193 7194,0,3038,0,false,false,0,0
3168,Pirate,,28782 28793 28751 28758 28770 28805 28765,7188 7191 7192 7193 7194,0,3038,0,false,true,0,0
3169,Pirate,,28787 28800 28754 28758 28768 28807 28765,7188 7191 7192 7193 7194,0,3038,0,false,true,0,0
3170,Pirate,,28778 28791 28755 28758 28766 28804 28765,7188 7191 7192 7193 7194,0,3038,0,false,false,0,0
3171,Pirate,,28788 28798 28753 28758 28767 28809 28765,7188 7191 7192 7193 7194,0,3038,0,false,true,0,0
3172,Pirate,,28786 28802 28749 28758 28773 28808 28765,7188 7189 7190 7193 7194,0,3038,0,false,true,0,0
3173,Pirate,,28841 28844 28822 28828 28835 28848,7188 7191 7192 7193 7194,0,3038,0,false,true,0,0
3174,Pirate,,28838 28842 28824 28826 28837 28846,7188 7191 7192 7193 7194,0,3038,0,false,true,0,0
3175,Pirate,,28779 28795 28755 28756 28768 28807,7188 7191 7192 7193 7194,0,3038,0,false,false,0,0
3176,Pirate,,28779 28795 28754 28756 28776 28807,7188 7191 7192 7193 7194,0,3038,0,false,false,0,0
3177,Pirate,,28784 28801 28748 28758 28775 28810 28763,7188 7191 7192 7193 7194,0,3038,0,false,false,0,0
3178,Pirate,,28782 28793 28751 28756 28770 28805,7188 7191 7192 7193 7194,0,3038,0,false,true,0,0
3179,Pirate,,28787 28800 28754 28758 28768 28807 28762,7188 7191 7192 7193 7194,0,3038,0,false,true,0,0
3180,Pirate,,28778 28791 28755 28758 28766 28804 28764,7188 7191 7192 7193 7194,0,3038,0,false,false,0,0
3181,Pirate,,28788 28798 28753 28758 28767 28809 28762,7188 7191 7192 7193 7194,0,3038,0,false,true,0,0
3182,Pirate,,28786 28802 28749 28758 28773 28808 28759,7188 7189 7190 7193 7194,0,3038,0,false,true,0,0
3183,Pirate,,28841 28844 28822 28828 28835 28848 28830,7188 7191 7192 7193 7194,0,3038,0,false,true,0,0
3184,Pirate,,28838 28842 28824 28826 28837 28846 28829,7188 7191 7192 7193 7194,0,3038,0,false,true,0,0
3185,Pirate,,28779 28795 28755 28756 28768 28807,7188 7191 7192 7193 7194,0,3038,0,false,false,0,0
3186,Pirate,,28779 28795 28754 28756 28776 28807,7188 7191 7192 7193 7194,0,3038,0,false,false,0,0
3187,Pirate,,28784 28801 28748 28758 28775 28810 28763,7188 7191 7192 7193 7194,0,3038,0,false,false,0,0
3188,Pirate,,28782 28793 28751 28756 28770 28805,7188 7191 7192 7193 7194,0,3038,0,false,true,0,0
3189,Pirate,,28787 28800 28754 28758 28768 28807 28762,7188 7191 7192 7193 7194,0,3038,0,false,true,0,0
3190,Pirate,,28778 28791 28755 28758 28766 28804 28764,7188 7191 7192 7193 7194,0,3038,0,false,false,0,0
3191,Pirate,,28788 28798 28753 28758 28767 28809 28762,7188 7191 7192 7193 7194,0,3038,0,false,true,0,0
3192,Pirate,,28786 28802 28749 28758 28773 28808 28759,7188 7189 7190 7193 7194,0,3038,0,false,true,0,0
3193,Pirate,,28841 28844 28822 28828 28835 28848 28830,7188 7191 7192 7193 7194,0,3038,0,false,true,0,0
3194,Pirate,,28838 28842 28824 28826 28837 28846 28829,7188 7191 7192 7193 7194,0,3038,0,false,true,0,0
3195,Pirate,,28779 28795 28755 28756 28768 28807,7188 7191 7192 7193 7194,0,3038,0,false,false,0,0
3196,Pirate,,28819,7188 7191 7192 7193 7194,0,3038,0,false,true,0,0
3197,Gull,,26841,6771 6773,1538,18,0,false,true,0,0
3198,Banker,,215 236 246 292 320 10301 10218 254 181,808,0,3038,0,false,true,0,0
3199,Banker,,215 193 246 292 320 10301 10218 254 181,808,0,3038,0,false,true,0,0
3200,Chaos Elemental,,11216,3144 3145,64,6,0,false,true,0,0
3201,Killerwatt,,11264,3160 3161,809,6,0,false,true,0,0
3202,Killerwatt,,11263,3159,808,1,0,false,true,0,0
3203,Storm Cloud,,11265,3169,841,1,0,false,true,0,0
3204,Storm Cloud,,11266,3168 3167,842,4,0,false,true,0,0
3205,Romily Weaklax,,198 217 250 302 3707 162 176 274 8919,808 819 820 821 822,0,3038,0,false,false,0,0
3206,Priest,,230 244 246 284 292 9607 170 10218 265 8919,808 819 820 821 822,0,3038,0,false,false,0,0
3207,Pious Pete,,230 244 246 284 292 9607 170 10218 265 8919,808 819 820 821 822,0,3038,0,false,false,0,0
3208,Taper,,11313,3183,314,2,0,false,true,0,0
3209,Elena,,390 456 332 10706 440 445,808 819 820 821 822,0,3038,0,false,false,0,0
3210,Alrena,,390 361 469 348 353 421 481 447 11433,3185 819 820 821 822,0,3038,0,false,false,0,0
3211,Alrena,,390 361 469 348 353 421 481 447 11434,364 819 820 821 822,0,3038,0,false,false,0,0
3212,Bravek,,206 299 32592 274 185 323 252 10218 11432,3186 819 820 821 822,0,3038,0,false,false,0,0
3213,,,,813 1205 1206 1207 1208,0,3038,0,false,true,0,0
3214,,,,813 1205 1206 1207 1208,0,3038,0,false,true,0,0
3215,Elena,,390 474 347 10706 438 358,808 819 820 821 822,0,3038,0,false,false,0,0
3216,Mourner,,212 295 150 273 323 499,808 819 820 821 822,0,3038,0,false,false,0,0
3217,Kaylee,,378 467 11787 332 10706 419 358,808 819 820 821 822,0,3038,0,false,false,0,0
3218,Tina,,378 467 11787 332 10706 419 358,808 819 820 821 822,0,3038,0,false,false,0,0
3219,Dwarf,,2970 2982 2983 7067 2990 2979 2991 2988,101 98,297,51,0,false,false,0,0
3220,Dwarf,,2970 11816 2979 7050 10326 2993 2986 2991,101 98,297,51,0,false,false,0,0
3221,Dwarf,,2970 2980 2977 10325 2985 2990 7070 2991,101 98,297,51,0,false,false,0,0
3222,Drunken man,,215 246 11811 40158 10218 254 185,2770 2769,0,3038,0,false,false,0,0
3223,Man,,217 6087 299 170 10218 263 185 330 198,808 819 820 821 822,0,3038,0,false,false,0,0
3224,Man,,6848 253 8970 9450 10218 267 181 194,808 819 820 821 822,0,3038,0,false,false,0,0
3225,Man,,217 247 292 3707 162 10218 320 254 181,813 1146 820 821 822,0,3038,0,false,false,0,0
3226,Woman,,390 456 332 10706 421 358,808 819 820 821 822,0,3038,0,false,true,0,0
3227,Woman,,391 470 343 10706 429 4930 414,808 819 820 821 822,0,3038,0,false,false,0,0
3228,Guard,,233 248 294 10374 176 254 185 519 541,808 819 820 821 822,0,3038,0,false,false,0,0
3229,Guard,,233 249 294 10374 176 254 185 16846,4591 4226 4227 821 822,0,3038,0,false,false,0,0
3230,Guard,,233 247 294 10374 176 254 185 550 541,808 819 820 821 822,0,3038,0,false,false,0,0
3231,Guard,,233 250 9458 9450 176 254 185 563,808 819 820 821 822,0,3038,0,false,false,0,0
3232,Guard,,233 247 9458 9450 176 254 185 563,808 819 820 821 822,0,3038,0,false,false,0,0
3233,Guard,,233 253 9458 9450 176 254 185 563,808 819 820 821 822,0,3038,0,false,false,0,0
3234,Gardener,,230 251 292 4391 170 179 254 183 495 4843 11812,808 819 820 821 822,0,3038,0,false,false,0,0
3235,Apprentice workman,,217 246 305 10723 151 176 271 181 491,808 819,0,3038,0,false,false,0,0
3236,Workman,,6848 248 302 163 10218 491 263 185,808 819,0,3038,0,false,false,0,0
3237,Cuffs,,217 246 11760 162 10218 274 181,808 819 820 821 822,0,3038,0,false,true,0,0
3238,Narf,,208 246 292 3707 10980 10218 275 181,808 819 820 821 822,0,3038,0,false,false,0,0
3239,Rusty,,217 249 292 317 170 10218 254 185,808 819 820 821 822,0,3038,0,false,false,0,0
3240,Jeff,,226 246 292 163 10218 11339 181,808 819 820 821 822,0,3038,0,false,true,0,0
3241,Guard,,233 247 294 10374 176 254 185 550 541,808 819 820 821 822,0,3038,0,false,false,0,0
3242,Dark wizard,,208 251 292 11766 11809 10218 256 181 11767,808 819 820 821 822,0,3038,0,false,false,0,0
3243,Dark wizard,,208 250 292 11766 11809 10218 256 181 11767,808 819 820 821 822,0,3038,0,false,false,0,0
3244,Dark wizard,,208 246 292 11766 11809 10218 256 181 11767,808 819 820 821 822,0,3038,0,false,false,0,0
3245,Dark wizard,,208 249 292 11766 11809 10218 256 181 11767,808 819 820 821 822,0,3038,0,false,false,0,0
3246,Barbarian,,11739 214 11747 252 11758 11762 11727 11732 11753 11733 11764 11788,2065 2064,0,3038,0,false,false,0,0
3247,Barbarian,,11738 214 11747 251 11758 11728 11731 11754 11733 11763 11793,2561 2562,0,3038,0,false,false,0,0
3248,Barbarian,,11739 214 251 11758 11764 11727 11731 11788 11756 11734 11762,2065 2064,0,3038,0,false,false,0,0
3249,Barbarian,,11739 214 251 11758 11764 11727 11731 11756 11734 11762 11792,2561 2562,0,3038,0,false,false,0,0
3250,Barbarian,,11738 214 11747 249 11759 11727 11732 11810 11736 11764 11788,2065 2064,0,3038,0,false,false,0,0
3251,Barbarian,,11737 214 11747 249 11759 11729 11731 11810 11736 11793,2561 2562,0,3038,0,false,false,0,0
3252,Barbarian,,11737 214 11746 249 11758 11763 11729 11731 11754 11733 11788,2065 2064,0,3038,0,false,false,0,0
3253,Barbarian,,11739 214 11746 249 11758 11762 11729 11731 11810 11736 11789,2561 2562,0,3038,0,false,false,0,0
3254,Hunding,,11739 214 11746 252 11759 11764 11727 11732 11790 11810 11736,808 819 820 821 822,0,3038,0,false,false,0,0
3255,Barbarian,,11738 214 11746 252 11758 11762 11727 11731 11810 11736 11764 11792,2561 2562,0,3038,0,false,false,0,0
3256,Barbarian,,11738 214 11747 252 11759 11727 11731 11755 11734 11764 11793,2561 2562,0,3038,0,false,false,0,0
3257,Barbarian,,214 11747 252 11759 11728 11731 11755 11734 11788,2065 2064,0,3038,0,false,false,0,0
3258,Barbarian,,214 11747 252 11758 11763 11727 11732 11755 11734 11764 11789,2561 2562,0,3038,0,false,false,0,0
3259,Barbarian,,11739 214 11746 252 11759 11764 11727 11732 11790 11810 11736,808 819 820 821 822,0,3038,0,false,false,0,0
3260,Barbarian,,390 414 11783 11771 11777 11780 11778 11791,813 1205 1206 1207 1208,0,3038,0,false,false,0,0
3261,Barbarian,,390 414 11784 11771 11776 11781 11778 11791,813 1205 1206 1207 1208,0,3038,0,false,false,0,0
3262,Barbarian,,390 414 11785 11786 11774 11776 11782 11779 11791,813 1205 1206 1207 1208,0,3038,0,false,false,0,0
3263,Barbarian,,390 414 11783 11772 11777 11782 11779 11791,813 1205 1206 1207 1208,0,3038,0,false,false,0,0
3264,Goblin,,24466 24486 24433 24474 24444 24450 24507 24491,6186 6187,1415,82,0,false,false,0,0
3265,Goblin,,24468 24486 24432 24476 24443 24450 24507 24491,6186 6187,1415,82,0,false,false,0,0
3266,Goblin,,24465 24483 24433 24474 24443 24449 24507,6186 6187,1415,82,0,false,false,0,0
3267,Goblin,,24469 24486 24434 24472 24443 24449 24507 24491,6186 6187,1415,82,0,false,false,0,0
3268,Dwarf,,2970 7061 2979 6021 7046 2985,101 98,297,51,0,false,false,0,0
3269,Dwarf,,2971 7061 2979 6021 7046 2985,101 98,297,51,0,false,false,0,0
3270,Dwarf,,2972 7061 2979 6021 7046 2985,101 98,297,51,0,false,false,0,0
3271,Dwarf,,2973 7061 2979 2990 7046 2985,101 98,297,51,0,false,false,0,0
3272,Dwarf,,2974 7059 2978 2990 7044 2985,101 98,297,51,0,false,false,0,0
3273,Dwarf,,2970 7059 2978 6021 2981 2985,101 98,297,51,0,false,false,0,0
3274,Dwarf,,2970 7059 2978 2981 2985,101 98,297,51,0,false,false,0,0
3275,Dwarf,,2971 7059 2978 6021 7046 2985,101 98,297,51,0,false,false,0,0
3276,Black Guard,,2971 2986 7051 11815 2993 7043 7065,101 98,297,51,0,false,false,0,0
3277,Black Guard,,2970 2986 7051 11815 7043 7065 2993,101 98,297,51,0,false,false,0,0
3278,Black Guard,,2973 2986 7051 11815 7043 7065 2993,101 98,297,51,0,false,false,0,0
3279,Black Guard,,2971 2986 7051 11815 7043 7065 2993,101 98,297,51,0,false,false,0,0
3280,Engineering assistant,,2971 7059 2978 7045 2985 11817,3208 3207,297,51,0,false,false,0,0
3281,Engineering assistant,,2971 7059 2978 7045 2985 11817,3208 3207,297,51,0,false,false,0,0
3282,Engineer,,2970 7059 2978 2993 2981 2985,101 98,297,51,0,false,false,0,0
3283,Squirrel,,11723,3211 3210,325,3,0,false,true,0,0
3284,Squirrel,,11723,3212 3210,325,3,0,false,true,0,0
3285,Squirrel,,11723,3212 3210,325,3,0,false,true,0,0
3286,Raccoon,,30484,7718 7719,1748,9,0,false,true,0,0
3287,Raccoon,,30484,7718 7719,1748,9,0,false,true,0,0
3288,Raccoon,,30483,7718 7719,1748,9,0,false,true,0,0
3289,,,,808 819 820 821 822,0,3038,0,false,true,0,0
3290,,,,2298 2297,332,6,0,false,true,0,0
3291,Skeleton,,21191,5483 5481,1291,57,0,false,true,0,0
3292,Witch,,9608 405 9361 9359 353 440,808 819 820 821 822,0,3038,0,false,true,0,0
3293,,,11470,3220,708,1,0,false,true,0,0
3294,Dwarf,,7030 2981 2977 10325 7067 2993 2991,101 98,297,51,0,false,false,0,0
3295,Dwarf,,2974 10325 8638 2990 2991 10323 2985 19099,101 98,297,51,0,false,false,0,0
3296,Swan,,11725,3242 3241,343,2,0,false,false,0,0
3297,Black swan,,11725,3242 3241,343,2,0,false,false,0,0
3298,Sweeper,,10641 1760,3244 3245,45,4,0,false,true,0,0
3299,Martin the Master Gardener,,6364 217 249 292 4391 170 176 7367 274 7121 18921,808 819 820 821 822,0,3038,0,false,false,0,0
3300,Frog,,6948 6944,1796 1797,36,7,0,false,true,0,0
3301,Storm cloud,,11265,3169,841,1,0,false,true,0,0
3302,Co-ordinator,,11879,112 106,299,13,0,false,false,0,0
3303,Fairy Nuff,,11883,112 106,299,13,0,false,false,0,0
3304,Fairy Godfather,,11880,,,0,0,false,false,0,0
3305,Slim Louie,,11881,,,0,0,false,false,0,0
3306,Fat Rocco,,11882,,,0,0,false,false,0,0
3307,Gatekeeper,,6453 6472 170 6310 6471,808 819 820 821 822,0,3038,0,false,false,0,0
3308,Zandar Horfyre,,208 251 292 170 176 534 265 181,813 1205 1206 1207 1208,0,3038,0,false,false,0,0
3309,Cow,,23889,5852 5848,1338,21,0,false,true,0,0
3310,Sheep,,20290 20291,5335 5334,1247,13,0,false,false,0,0
3311,Sheep,,20283 20289 20285,5339 5340,1247,13,0,false,false,0,0
3312,Zanaris choir,,40882,3252 3253,505,4,0,false,false,0,0
3313,Tanglefoot,,11979,3259 3261,506,5,0,false,true,0,0
3314,,,,112 106,299,13,0,false,true,0,0
3315,,,,3248 3249,299,13,0,false,true,0,0
3316,,,,3248 3249,299,13,0,false,true,0,0
3317,,,,3248 3249,299,13,0,false,true,0,0
3318,,,,808 819 820 821 822,0,3038,0,false,true,0,0
3319,Baby tanglefoot,,11979,3259 3261,506,5,0,false,true,0,0
3320,Baby tanglefoot,,11979,3259 3261,506,5,0,false,true,0,0
3321,Gatekeeper,,6453 6472 170 6310 6471,,,0,0,false,false,0,0
3322,Fairy chef,,9228,112 106,299,13,0,false,false,0,0
3323,,,,808 819 820 821 822,0,3038,0,false,true,0,0
3324,Draul Leptoc,,215 238 247 11811 11769 10980 10218 11869 181,808 819 820 821 822,0,3038,0,false,false,0,0
3325,Phillipa,,12141 11359 11348 10706 12143 361,808 819 820 821 822,0,3038,0,false,false,0,0
3326,Martina Scorsby,,12140 391 470 12139 428 358 12144,3281,0,3038,0,false,false,0,0
3327,Jeremy Clerksin,,6848 252 292 326 12136 274 181 12144,3282,0,3038,0,false,false,0,0
3328,Tarquin,,11330 6848 249 12084 163 177 12087 254 12082,808,0,3038,0,false,false,0,0
3329,Sigurd,,11739 214 11746 252 11759 11764 11727 11732 12087 11810 11736,808 819 820 821 822,0,3038,0,false,false,0,0
3330,Hari,,12083 244 12085 33034 177 12087 5218,808 819 820 821 822,0,3038,0,false,false,0,0
3331,Barfy Bill,,193 215 244 250 292 322 170 179 12087 5218,808 819 820 821 822,0,3038,0,false,false,0,0
3332,Trees,,12021,,,0,0,false,false,0,0
3333,Trees,,12022,,,0,0,false,false,0,0
3334,Cavemouth,,12018,,,0,0,false,false,0,0
3335,Bullrush,,5564,,,0,0,false,false,0,0
3336,Bullrush,,1674,,,0,0,false,false,0,0
3337,Cave scenery,,12015,,,0,0,false,false,0,0
3338,Cave scenery,,12016,,,0,0,false,false,0,0
3339,Cave scenery,,12017,,,0,0,false,false,0,0
3340,Giant Mole,,12076 12075 12074 12077,3309 3313,121,7,0,false,true,0,0
3341,Baby Mole,,12073,3309 3313,121,7,0,false,true,0,0
3342,Baby Mole,,12073,3309 3313,121,7,0,false,true,0,0
3343,Baby Mole,,12073,3309 3313,121,7,0,false,true,0,0
3344,Fungi,,12640,3328,818,9,0,false,true,0,0
3345,Fungi,,12640,3328,818,9,0,false,true,0,0
3346,Zygomite,,12641,3324 3323,818,9,0,false,true,0,0
3347,Zygomite,,12641,3324 3322,818,9,0,false,true,0,0
3348,White Knight,,11744 306 164 13318 546 268 4954,7047 7046 7045 7044 7043,0,3038,0,false,false,0,0
3349,White Knight,,11744 306 164 13318 546 268 4954,7047 7046 7045 7044 7043,0,3038,0,false,false,0,0
3350,White Knight,,11744 306 164 13318 546 268 4954,7047 7046 7045 7044 7043,0,3038,0,false,false,0,0
3351,Genie,,13335 13333 315 173 176 264 12758,792,0,3038,0,false,false,0,0
3352,Mysterious Old Man,,13335 13333 292 324 12758 170 176 267 185,808 819 820 821 822,0,3038,0,false,false,0,0
3353,Swarm,,2950,,,0,0,false,false,0,0
3354,Cap'n Hand,,28815,7199 7200 7201 7202 7203,0,3038,0,false,false,0,0
3355,Rick Turpentine,,13335 13333 7611 163 179 267 4929 12758 16846,4591 4226 4227 821 822,0,3038,0,false,false,0,0
3356,Niles,,13335 13333 7611 163 176 254 181 8954 12758,808 819 820 821 822,0,3038,0,false,false,0,0
3357,Miles,,13335 13333 7611 163 176 254 181 8954 12758,808 819 820 821 822,0,3038,0,false,false,0,0
3358,Giles,,13335 13333 7611 163 176 254 181 8954 12758,808 819 820 821 822,0,3038,0,false,false,0,0
3359,Dr Jekyll,,13335 13333 8970 6846 263 181 176 12758,808 819 820 821 822,0,3038,0,false,false,0,0
3360,Mr Hyde,,13335 13333 8952 263 181 4088 12758,808 819 820 821 822,0,3038,0,false,false,0,0
3361,Mr Hyde,,13335 13333 8952 263 181 4088 12758,808 819 820 821 822,0,3038,0,false,false,0,0
3362,Mr Hyde,,13335 13333 8952 263 181 4088 12758,808 819 820 821 822,0,3038,0,false,false,0,0
3363,Mr Hyde,,13335 13333 8952 263 181 4088 12758,808 819 820 821 822,0,3038,0,false,false,0,0
3364,Mr Hyde,,13335 13333 8952 263 181 4088 12758,808 819 820 821 822,0,3038,0,false,false,0,0
3365,Mr Hyde,,13335 8953 8952 263 181 4088 12758,808 819 820 821 822,0,3038,0,false,false,0,0
3366,Evil Chicken,,7728 13902,2298 2297,332,6,0,false,true,0,0
3367,Evil Chicken,,7728 13902,2298 2297,332,6,0,false,true,0,0
3368,Evil Chicken,,7728 13902,2298 2297,332,6,0,false,true,0,0
3369,Evil Chicken,,7728 13902,2298 2297,332,6,0,false,true,0,0
3370,Evil Chicken,,7728 13902,2298 2297,332,6,0,false,true,0,0
3371,Evil Chicken,,7728 13902,2298 2297,332,6,0,false,true,0,0
3372,Sir Amik Varze,,215 306 164 179 268 184 201 249 12799,3396,0,3038,0,false,false,0,0
3373,,,,,,0,0,false,false,0,0
3374,Sir Amik Varze,,215 306 164 179 268 184 201 249 12799,3371,0,3038,0,false,false,0,0
3375,Evil Chicken,,7728,2298 2297,332,6,0,false,true,0,0
3376,Baby black dragon,,17411 17427 17421,27 21,1080,54,0,false,true,0,0
3377,K'klik,,13850 13848,3346,567,2,0,false,false,0,0
3378,Evil Dave,,9981 181 253 9983 13893 9980 13896,808 819 820 821 822,0,3038,0,false,false,0,0
3379,,,,,,0,0,false,false,0,0
3380,Evil Dave,,9981 181 253 9983 9979 9980 9982 12760,3396,0,3038,0,false,false,0,0
3381,Doris,,408 13345 465 8846 10706 13346 13339,808 819 820 821 822,0,3038,0,false,false,0,0
3382,Hell-Rat,,13433,2704 2703,326,6,0,false,false,0,0
3383,,,,819 820 821 822,0,3038,0,false,true,0,0
3384,,,,819 820 821 822,0,3038,0,false,true,0,0
3385,Gypsy,,408 15010 11359 332 10706 17548,808 819 820 821 822,0,3038,0,false,true,0,0
3386,Gypsy,,408 15010 11359 332 10706 17548,808 819 820 821 822,0,3038,0,false,true,0,0
3387,Culinaromancer,,12749 215 244 6131 13897 13330 12765 12750 181,3365,0,3038,0,false,true,0,0
3388,Osman,,40210 40302,9876,0,3038,0,false,false,0,0
3389,Pirate Pete,,28821 40286,9875,0,3038,0,false,false,0,0
3390,Mountain Dwarf,,40123 40122,3379,297,51,0,false,false,0,0
3391,General Wartface,,24462 24484 24433 24477 24444 24450,3395,1415,82,0,false,true,0,0
3392,General Bentnoze,,24456 24484 24433 24476 24443 24450,9650,1415,82,0,false,true,0,0
3393,Lumbridge Guide,,40339 40348 40363 40369 40342 40286,9872,0,3038,0,false,false,0,0
3394,Evil Dave,,40205 40302,9874,0,3038,0,false,false,0,0
3395,Sir Amik Varze,,40208 40302,9873,0,3038,0,false,false,0,0
3396,Awowogei,,4816 4823 38640,3390,588,41,0,false,false,0,0
3397,Awowogei,,4816 4823,1386 1380,588,41,0,false,true,0,0
3398,Skrach Uglogwee,,40632 40634,3383,321,23,0,false,false,0,0
3399,,,,,,0,0,false,false,0,0
3400,Culinaromancer,,12749 215 244 6131 13897 13330 12765 12750 181,808 819 820 821 822,0,3038,0,false,true,0,0
3401,,,,101 98,297,51,0,false,true,0,0
3402,An old Dwarf,,2970 2986 2984 7037 2980 10326,,,0,0,false,false,0,0
3403,Rohak,,2970 2986 2984 7037 2980 10326,,,0,0,false,false,0,0
3404,,,,900 104,297,51,0,false,true,0,0
3405,Rohak,,2970 2986 2984 7037 2980 10326,,,0,0,false,false,0,0
3406,Icefiend,,33842,8077 8076,1727,12,0,false,true,0,0
3407,Guard,,28867 28869 28875,7222 7223,1631,15,0,false,false,0,0
3408,Guard,,28867 28868 28874,7217 7216,1631,15,0,false,false,0,0
3409,Wild jade vine,,28965,7245,1637,5,0,false,true,0,0
3410,Wild jade vine,,28968,7245,1637,5,0,false,false,0,0
3411,Wild jade vine,,28948,7245,1637,5,0,false,false,0,0
3412,Wild jade vine,,28956,7245,1637,5,0,false,false,0,0
3413,Goblin Cook,,24461 24490 24439 24480 24446 24452 24503,6181 6180,1415,82,0,false,true,0,0
3414,Goblin Cook,,24459 24481 24430 24479 24445 24453 24504,6181 6180,1415,82,0,false,false,0,0
3415,Goblin Cook,,24459 24481 24430 24479 24445 24453 24504,3401,1415,82,0,false,false,0,0
3416,Pirate Pete,,28788 28801 28749 28758 28770 28808 28765 12799,3396,0,3038,0,false,false,0,0
3417,,,,,,0,0,false,false,0,0
3418,Pirate Pete,,190 211 236 11190 5222 162 177 259 12760,3374,0,3038,0,false,false,0,0
3419,Ogre,,2878 2874,357 358,321,23,0,false,false,0,0
3420,Mogre Guard,,13424 9809 13428,3436 3437,321,23,0,false,false,0,0
3421,Crab,,13799,3424 3426,559,21,0,false,true,0,0
3422,Mudskipper,,13832,3431 3432,562,5,0,false,true,0,0
3423,Mudskipper,,13832,3431 3432,562,5,0,false,true,0,0
3424,Crab,,13799,3424 3426,559,21,0,false,true,0,0
3425,Fish,,13806,3442 3441,560,2,0,false,true,0,0
3426,Fish,,13808,3442 3441,560,2,0,false,true,0,0
3427,Fish,,13807,3442 3441,560,2,0,false,true,0,0
3428,Fish,,13806,3442 3441,560,2,0,false,true,0,0
3429,Fish,,13808,3442 3441,560,2,0,false,true,0,0
3430,Fish,,13807,3442 3441,560,2,0,false,true,0,0
3431,Fish,,13800,3442 3441,560,2,0,false,false,0,0
3432,Fish,,13802,3442 3441,560,2,0,false,false,0,0
3433,Fish,,13801,3442 3441,560,2,0,false,false,0,0
3434,Fish,,13810,3442 3441,560,2,0,false,true,0,0
3435,Fish,,13812,3442 3441,560,2,0,false,true,0,0
3436,Fish,,13811,3442 3441,560,2,0,false,true,0,0
3437,Fish,,13803,3442 3441,560,2,0,false,false,0,0
3438,Fish,,13805,3442 3441,560,2,0,false,false,0,0
3439,Fish,,13804,3442 3441,560,2,0,false,false,0,0
3440,Fish,,13800,3442 3441,560,2,0,false,false,0,0
3441,Fish,,13802,3442 3441,560,2,0,false,false,0,0
3442,Fish,,13801,3442 3441,560,2,0,false,false,0,0
3443,Fish,,13834,3444 3443,563,2,0,false,true,0,0
3444,Fish,,13836,3444 3443,563,2,0,false,true,0,0
3445,Fish,,13835,3444 3443,563,2,0,false,true,0,0
3446,Fish,,13834,3444 3443,563,2,0,false,true,0,0
3447,Fish,,13836,3444 3443,563,2,0,false,true,0,0
3448,Fish,,13835,3444 3443,563,2,0,false,true,0,0
3449,Lumbridge Guide,,214 250 5674 5668 5672 12799,3396,0,3038,0,false,false,0,0
3450,,,,,,0,0,false,false,0,0
3451,Lumbridge Guide,,214 250 5674 5668 5672 7123 12799,3362,0,3038,0,false,false,0,0
3452,? ? ? ?,,230 246 292 167 10218 254 185 12771,808 819 820 821 822,0,3038,0,false,false,0,0
3453,? ? ? ?,,25705 391 417 11360 11775 10706 11357 358 12771,808 819 820 821 822,0,3038,0,false,false,0,0
3454,? ? ? ?,,230 185 251 313 160 176 267 13922 323 12771,808 819 820 821 822,0,3038,0,false,false,0,0
3455,? ? ? ?,,5430 246 310 163 179 3329 185 12771,808 819 820 821 822,0,3038,0,false,false,0,0
3456,? ? ? ?,,4015 4020 4023 4025 12771,808 819 820 821 822,0,3038,0,false,false,0,0
3457,? ? ? ?,,377 405 462 348 353 421 360 12771,808 819 820 821 822,0,3038,0,false,false,0,0
3458,? ? ? ?,,26890 26885 26892 26886 26889 26887 12771,808 819 820 821 822,0,3038,0,false,false,0,0
3459,? ? ? ?,,6086 6087 6091 6084 265 185 176 12771,808 819 820 821 822,0,3038,0,false,false,0,0
3460,? ? ? ?,,5226 5228 5225 5227 12771,808 819 820 821 822,0,3038,0,false,false,0,0
3461,? ? ? ?,,215 181 248 292 163 176 254 245 244 320 556 12771,808 819 820 821 822,0,3038,0,false,false,0,0
3462,,,,357 358,321,23,0,false,true,0,0
3463,Skrach Uglogwee,,6760 8682,357 358,321,23,0,false,false,0,0
3464,Skrach Uglogwee,,6760 8682,357 358,321,23,0,false,false,0,0
3465,Nung,,13426 9809 13431,3436 3437,321,23,0,false,false,0,0
3466,Ogre,,13425 14111 14116,357 358,321,23,0,false,true,0,0
3467,Rantz,,2878 3442,357 358,321,23,0,false,false,0,0
3468,Rantz,,2878 3442,3460,321,23,0,false,false,0,0
3469,,,,3473 3474,555,2,0,false,true,0,0
3470,,,,3473 3474,555,2,0,false,true,0,0
3471,Ogre boat,,13730 13728 13727,3473 3474,555,2,0,false,true,0,0
3472,Ogre boat,,13729 13728 13727,3473 3474,555,2,0,false,true,0,0
3473,Balloon Toad,,13723,3469,554,2,0,false,true,0,0
3474,Balloon Toad,,13723,3469,554,2,0,false,true,0,0
3475,Balloon Toad,,13724,3472,554,2,0,false,true,0,0
3476,Jubbly bird,,26863,6803 6804,1536,17,0,false,false,0,0
3477,Jubbly bird,,26863,6807,1536,17,0,false,false,0,0
3478,King Awowogei,,4816 4823,1386 1380,588,41,0,false,true,0,0
3479,,,,,,0,0,false,false,0,0
3480,King Awowogei,,4816 4823,1386 1380,588,41,0,false,true,0,0
3481,Mizaru,,13878 13879 13880,3525,588,41,0,false,false,0,0
3482,Kikazaru,,13878 13879 13880,3523,588,41,0,false,false,0,0
3483,Iwazaru,,13878 13879 13880,3524,588,41,0,false,false,0,0
3484,Big Snake,,13910,3535 3537,641,9,0,false,false,0,0
3485,Culinaromancer,,12749 215 244 6131 13897 13330 12750 181,3846 819 820 821 822,0,3038,0,false,true,0,0
3486,Culinaromancer,,12749 215 244 6131 13897 13330 12750 181 12756,3846 819 820 821 822,0,3038,0,false,true,0,0
3487,Culinaromancer,,12749 215 244 6131 13897 13330 12750 181 12755,3846 819 820 821 822,0,3038,0,false,true,0,0
3488,Culinaromancer,,12749 215 244 6131 13897 13330 12750 181 12754,3846 819 820 821 822,0,3038,0,false,true,0,0
3489,Culinaromancer,,12749 215 244 6131 13897 13330 12750 181 12753,3846 819 820 821 822,0,3038,0,false,true,0,0
3490,Culinaromancer,,12749 215 244 6131 13897 13330 12765 12750 181,808 819 820 821 822,0,3038,0,false,true,0,0
3491,Culinaromancer,,12749 215 244 6131 13897 13330 12765 12750 181,808 819 820 821 822,0,3038,0,false,true,0,0
3492,Culinaromancer,,12749 215 244 6131 13897 13330 12765 12750 181,3357,551,1,0,false,false,0,0
3493,Agrith-Na-Na,,13693,3498 3499,548,6,0,false,true,0,0
3494,Flambeed,,13905 13906 13907,1749 1748,609,10,0,false,true,0,0
3495,Karamel,,13337,808 819 820 821 822,0,3038,0,false,true,0,0
3496,Dessourt,,13694,3504 3506,549,6,0,false,false,0,0
3497,Gelatinnoth Mother,,13442,1338 1339,538,10,0,false,true,0,0
3498,Gelatinnoth Mother,,13442,1338 1339,538,10,0,false,true,0,0
3499,Gelatinnoth Mother,,13442,1338 1339,538,10,0,false,true,0,0
3500,Gelatinnoth Mother,,13442,1338 1339,538,10,0,false,true,0,0
3501,Gelatinnoth Mother,,13442,1338 1339,538,10,0,false,true,0,0
3502,Gelatinnoth Mother,,13442,1338 1339,538,10,0,false,true,0,0
3503,Overgrown hellcat,,34017,9158 9157,2035,31,0,false,true,0,0
3504,Hellcat,,34025,9158 9157,2035,31,0,false,true,0,0
3505,Hell-kitten,,34010,9158 9157,2035,31,0,false,true,0,0
3506,Lazy hellcat,,34005,9158 9157,2035,31,0,false,true,0,0
3507,Wily hellcat,,34029,9158 9157,2035,31,0,false,true,0,0
3508,Leo,,6848 13937 11190 293 169 177 13938 275 185,2561 2562,0,3038,0,false,false,0,0
3509,Sorin,,9452 246 310 326 163 176 274 185,808 819 820 821 822,0,3038,0,false,false,0,0
3510,,,,808 819 820 821 822,0,3038,0,false,true,0,0
3511,Wiskit,,9452 246 310 326 163 10218 274 185,808 819 820 821 822,0,3038,0,false,false,0,0
3512,,,,808 819 820 821 822,0,3038,0,false,true,0,0
3513,,,,808 819 820 821 822,0,3038,0,false,true,0,0
3514,Vampyre Juvinate,,14042 14039 14046 14041 14044,,,0,0,false,false,0,0
3515,Vampyre Juvinate,,14042 14039 14046 14041 14044,808 819 820 821 822,0,3038,0,false,false,0,0
3516,,,,808 819 820 821 822,0,3038,0,false,true,0,0
3517,Gadderanks,,6848 170 14048 14045 14051 248 176,2065 2064,0,3038,0,false,false,0,0
3518,Gadderanks,,6848 170 14048 14045 14051 248 176,2065 2064,0,3038,0,false,false,0,0
3519,Gadderanks,,6848 170 14048 14045 14051 248 176,3563,0,3038,0,false,false,0,0
3520,Vampyre Juvinate,,14042 14039 14046 14041 14044,808 819 820 821 822,0,3038,0,false,false,0,0
3521,Vampyre Juvinate,,14042 14039 14046 14041 14044,808 819 820 821 822,0,3038,0,false,false,0,0
3522,Vampyre Juvinate,,14042 14039 14046 14041 14044,808 819 820 821 822,0,3038,0,false,false,0,0
3523,Vampyre Juvinate,,14042 14039 14046 14041 14044,808 819 820 821 822,0,3038,0,false,false,0,0
3524,Vampyre Juvinate,,14042 14039 14046 14041 14044,808 819 820 821 822,0,3038,0,false,false,0,0
3525,Vampyre Juvinate,,14042 14039 14046 14041 14044,808 819 820 821 822,0,3038,0,false,false,0,0
3526,Vampyre Juvinate,,4089 16346 10133 16345 176 275 33033,808 819 820 821 822,0,3038,0,false,false,0,0
3527,Held Vampyre Juvinate,,14042 14039 14046 14041 14044,3551,0,3038,0,false,false,0,0
3528,Vampyre Juvinate,,14042 14039 14046 14041 14044,808 819 820 821 822,0,3038,0,false,false,0,0
3529,Vampyre Juvinate,,14042 14039 14046 14041 14044,808 819 820 821 822,0,3038,0,false,false,0,0
3530,Mist,,4086,1261,680,2,0,false,true,0,0
3531,Vampyre Juvenile,,4089 246 14047 151 10218 254 181,808 819 820 821 822,0,3038,0,false,true,0,0
3532,Vampyre Juvenile,,4089 246 14047 151 10218 254 181,808 819 820 821 822,0,3038,0,false,true,0,0
3533,Vampyre Juvenile,,4089 246 14047 151 10218 254 181,808 819 820 821 822,0,3038,0,false,true,0,0
3534,Held Vampyre Juvenile,,4089 246 14047 151 10218 254 181,3551,0,3038,0,false,true,0,0
3535,Ivan Strom,,207 246 292 151 176 274 185 287 317 521 519,808 819 820 821 822,0,3038,0,false,false,0,0
3536,Ivan Strom,,207 246 292 151 176 274 185 287 317 521 3604,808 819 820 821 822,0,3038,0,false,false,0,0
3537,Vampyre Juvinate,,14042 14039 14046 14041 14044,808 819 820 821 822,0,3038,0,false,false,0,0
3538,Vampyre Juvinate,,14042 14039 14046 14041 14044,808 819 820 821 822,0,3038,0,false,false,0,0
3539,Veliaf Hurtz,,210 247 313 167 179 268 181 284 244 3604,808 819 820 821 822,0,3038,0,false,false,0,0
3540,Elisabeta,,393 5678 5675 443 8934,808 819 820 821 822,0,3038,0,false,false,0,0
3541,Aurel,,206 250 310 326 163 176 275 181,808 819 820 821 822,0,3038,0,false,false,0,0
3542,Sorin,,9452 246 310 326 163 10218 274 185,808 819 820 821 822,0,3038,0,false,false,0,0
3543,Luscion,,210 250 8845 326 32593 10218 275 8919,808 819 820 821 822,0,3038,0,false,false,0,0
3544,Sergiu,,214 250 310 163 10218 275 9823,808 819 820 821 822,0,3038,0,false,false,0,0
3545,Radu,,217 253 310 33034 10218 271 33033,808 819 820 821 822,0,3038,0,false,false,0,0
3546,Grigore,,6848 253 8845 32593 10218 254 33033,808 819 820 821 822,0,3038,0,false,false,0,0
3547,Ileana,,387 474 9359 10706 438 358,808 819 820 821 822,0,3038,0,false,false,0,0
3548,Valeria,,382 8849 33036 10706 438 361,808 819 820 821 822,0,3038,0,false,false,0,0
3549,Emilia,,390 472 33036 10706 435,808 819 820 821 822,0,3038,0,false,true,0,0
3550,Florin,,217 253 310 33034 10218 271 33033,808 819 820 821 822,0,3038,0,false,false,0,0
3551,Catalina,,29212 29194 29206 28611 29202 28670,7298 7297,1628,64,0,false,true,0,0
3552,Ivan,,29215 29196 29208 28611 29198 28676,7298 7297,1628,64,0,false,false,0,0
3553,Victor,,29213 29192 29205 28611 29199 29211,7158 7160,1628,64,0,false,false,0,0
3554,Helena,,29214 29195 29207 28611 29201 28670,7158 7160,1628,64,0,false,false,0,0
3555,Teodor,,6364 217 246 310 151 10218 495 275 9823,808 819 820 821 822,0,3038,0,false,false,0,0
3556,Marius,,14035,,,0,0,false,false,0,0
3557,Gabriela,,382 8849 33036 10706 438 361,808 819 820 821 822,0,3038,0,false,false,0,0
3558,Vladimir,,217 253 315 33034 10218 4227,1147,0,3038,0,false,true,0,0
3559,Calin,,210 250 8845 32593 10218 264,1144,0,3038,0,false,false,0,0
3560,Mihail,,214 250 310 163 10218 264,1144,0,3038,0,false,false,0,0
3561,Nicoleta,,387 474 9359 10706 427,1144,0,3038,0,false,false,0,0
3562,Simona,,382 8849 33036 10706 427,1144,0,3038,0,false,false,0,0
3563,Vasile,,210 250 8845 32593 10218 275 8919 10087,3557 819 820 821 822,0,3038,0,false,false,0,0
3564,Razvan,,6848 253 8845 32593 10218 254 33033 10087,3557 819 820 821 822,0,3038,0,false,false,0,0
3565,Luminata,,382 8849 33036 10706 438 361 10087,3557 819 820 821 822,0,3038,0,false,false,0,0
3566,,,,808 819 820 821 822,0,3038,0,false,true,0,0
3567,,,,808 819 820 821 822,0,3038,0,false,true,0,0
3568,Cornelius,,6848 253 310 320 32593 10218 254 181,808 819 820 821 822,0,3038,0,false,false,0,0
3569,Cornelius,,6848 253 310 320 32593 10218 254 181 10037,808 819 820 821 822,0,3038,0,false,false,0,0
3570,Benjamin,,9452 246 16342 16341 177 176 14044,808 819 820 821 822,0,3038,0,false,false,0,0
3571,Liam,,210 250 16342 16341 177 176 14044,808 819 820 821 822,0,3038,0,false,false,0,0
3572,Miala,,214 250 16342 16341 177 176 14044,808 819 820 821 822,0,3038,0,false,false,0,0
3573,Verak,,217 253 16342 16341 177 176 14044,808 819 820 821 822,0,3038,0,false,false,0,0
3574,Fishing spot,,36844,9645,2130,3,0,false,false,0,0
3575,Fishing spot,,36844,9645,2130,3,0,false,false,0,0
3576,Juvinate,,14042 14039 14046 14041 14044,808 819 820 821 822,0,3038,0,false,false,0,0
3577,Juvinate,,14042 14039 14046 14041 14044,808 819 820 821 822,0,3038,0,false,false,0,0
3578,Juvinate,,14042 14039 14046 14041 14044,808 819 820 821 822,0,3038,0,false,false,0,0
3579,Sheep,,14084 14085,3569 3568,347,3,0,false,true,0,0
3580,Tentacle,,13201,3617,416,5,0,false,true,0,0
3581,Skeleton,,21176 21178 21160 21156 21182 21199 21187,5483 5479,1291,57,0,false,true,0,0
3582,Guard dog,,26255,6561 6560,1491,53,0,false,true,0,0
3583,Hobgoblin,,14109,166 162,312,10,0,false,false,0,0
3584,Troll,,3753 3756 3758 14113,286 283,461,49,0,false,false,0,0
3585,Huge spider,,20307 20308,5318 5317,1248,24,0,false,true,0,0
3586,Hellhound,,26258,6561 6583,1491,53,0,false,false,0,0
3587,Rantz,,2878 2874,3462,321,23,0,false,false,0,0
3588,Baby red dragon,,17411 17427 17421 17417,27 21,1080,54,0,false,true,0,0
3589,Kalphite Soldier,,24593,6218 6220,1422,31,0,false,false,0,0
3590,Steel dragon,,24578 24587 24583 24579,6496 79,1080,54,0,false,true,0,0
3591,Dagannoth,,4587 14117,1338 1339,538,10,0,false,true,0,0
3592,Tok-Xil,,34134,9241 9240,2047,6,0,false,true,0,0
3593,Demon,,17375 17393 17384 17399 17376,66 63,1078,30,0,false,false,0,0
3594,Rocnar,,13224,3707 3708,423,5,0,false,true,0,0
3595,Toy Soldier,,13227,3712 3713,426,4,0,false,true,0,0
3596,Toy Doll,,13225,3716 3717,424,2,0,false,true,0,0
3597,Toy Mouse,,13226,3718,425,1,0,false,false,0,0
3598,Clockwork cat,,34024,9158 9157,2035,31,0,false,true,0,0
3599,Swamp snake,,14171,3535 3537,641,9,0,false,false,0,0
3600,Swamp snake,,14171,3535 3537,641,9,0,false,false,0,0
3601,Swamp snake,,14171,3535 3537,641,9,0,false,false,0,0
3602,Swamp snake,,14171,3535 3537,641,9,0,false,false,0,0
3603,Dead swamp snake,,14171,3738,641,9,0,false,false,0,0
3604,Dead swamp snake,,14171,3738,641,9,0,false,false,0,0
3605,Dead swamp snake,,14171,3738,641,9,0,false,false,0,0
3606,Ghast,,3559,1092 1091,604,11,0,false,true,0,0
3607,Ghast,,3559,1092 1091,604,11,0,false,true,0,0
3608,Ghast,,3559,1092 1091,604,11,0,false,true,0,0
3609,Ghast,,3559,1086 1085,604,11,0,false,true,0,0
3610,Ghast,,3559,1086 1085,604,11,0,false,true,0,0
3611,Ghast,,3559,1086 1085,604,11,0,false,true,0,0
3612,Giant snail,,14161,3722 3721,148,6,0,false,false,0,0
3613,Giant snail,,14161,3722 3721,148,6,0,false,false,0,0
3614,Giant snail,,14161,3722 3721,148,6,0,false,false,0,0
3615,Riyl shadow,,4140,1282 1281,649,8,0,false,false,0,0
3616,Asyn shadow,,4140,1282 1281,649,8,0,false,false,0,0
3617,Shade,,4140,1282 1281,649,8,0,false,false,0,0
3618,Tentacle,,13202,3617,416,5,0,false,true,0,0
3619,Head,,14162,3730,149,5,0,false,true,0,0
3620,Head,,14162,3728,149,5,0,false,true,0,0
3621,Tentacle,,13202,3729,416,5,0,false,true,0,0
3622,Zombie,,21102 21069 21051 21085 21127 21082 21133,5572 5570 5790 5788 5789,1288,32,0,false,true,0,0
3623,,,,7158 7160,1628,64,0,false,true,0,0
3624,Smiddi Ryak,,28600,7158 7160,1628,64,0,false,true,0,0
3625,,,,808 1146,0,3038,0,false,true,0,0
3626,Rolayne Twickit,,6848 250 8845 14175 8916 10218 3711 275 8919,808 1146,0,3038,0,false,false,0,0
3627,,,,808 819 820 821 822,0,3038,0,false,true,0,0
3628,Jayene Kliyn,,10078 8849 14176 8931 10706 7007 358,808 819 820 821 822,0,3038,0,false,false,0,0
3629,,,,808 819 820 821 822,0,3038,0,false,true,0,0
3630,Valantay Eppel,,14174 215 9620 292 326 10301 275 8919 14175,808 819 820 821 822,0,3038,0,false,false,0,0
3631,,,,808 819 820 821 822,0,3038,0,false,true,0,0
3632,Dalcian Fang,,6848 253 310 10980 10218 6132 185 553 14175,813 1146 820 821 822,0,3038,0,false,false,0,0
3633,,,,808 819 820 821 822,0,3038,0,false,true,0,0
3634,Fyiona Fray,,408 9361 332 353 519 432 361 14176,808 819 820 821 822,0,3038,0,false,false,0,0
3635,Abidor Crank,,223 253 11761 170 10218 265 8919 534 14175,813 1146 820 821 822,0,3038,0,false,false,0,0
3636,Spirit tree,,8110,,,0,0,false,false,0,0
3637,Spirit tree,,2851,332,298,4,0,false,false,0,0
3638,,,,808 819 820 821 822,0,3038,0,false,true,0,0
3639,Launa,,6095 6097 6092 6093 13900 358 6102,808 1146,0,3038,0,false,false,0,0
3640,Launa,,398 471 348 10706 13900 358,808 819 820 821 822,0,3038,0,false,false,0,0
3641,Brana,,6364 230 249 7611 5668 177 3711 254 181,813 1146 820 821 822,0,3038,0,false,true,0,0
3642,Mawnis Burowgar,,4220 21873 252 292 4391 162 179 4226 4218 21890,808 819 820 821 822,0,3038,0,false,false,0,0
3643,Tolna,,217 11190 292 151 177 275 9823,5752 819 820 821 822,0,3038,0,false,false,0,0
3644,Tolna,,28595,7158 7160,1628,64,0,false,true,0,0
3645,Angry bear,,18882,4919 4923,1151,20,0,false,false,0,0
3646,Angry unicorn,,25755,6374 6373,1472,9,0,false,false,0,0
3647,Angry giant rat,,18891 18889 18894,4932 4931,1152,10,0,false,false,0,0
3648,Angry goblin,,24428,6181 6180,1415,82,0,false,true,0,0
3649,Fear reaper,,14282,3810 3809,654,6,0,false,true,0,0
3650,Confusion beast,,14278,3815 3819,653,7,0,false,false,0,0
3651,Confusion beast,,14278,3815 3819,653,7,0,false,false,0,0
3652,Confusion beast,,14278,3815 3819,653,7,0,false,false,0,0
3653,Confusion beast,,14278,3815 3819,653,7,0,false,false,0,0
3654,Confusion beast,,14278,3815 3819,653,7,0,false,false,0,0
3655,Hopeless creature,,14283,3822 3825,655,6,0,false,true,0,0
3656,Hopeless creature,,14283,3822 3825,655,6,0,false,true,0,0
3657,Hopeless creature,,14283,3822 3825,655,6,0,false,true,0,0
3658,Tolna,,14284,3828,656,7,0,false,true,0,0
3659,Tolna,,14284,3828,656,7,0,false,true,0,0
3660,Tolna,,14284,3828,656,7,0,false,true,0,0
3661,Angry unicorn,,25755,6374 6373,1472,9,0,false,false,0,0
3662,Angry giant rat,,18891 18889 18894,4932 4931,1152,10,0,false,false,0,0
3663,Angry goblin,,24428,6181 6180,1415,82,0,false,true,0,0
3664,Angry bear,,18882,4919 4923,1151,20,0,false,false,0,0
3665,Fear reaper,,14282,3810 3809,654,6,0,false,true,0,0
3666,Confusion beast,,14278,3815 3819,653,7,0,false,false,0,0
3667,Hopeless creature,,14283,3822 3825,655,6,0,false,true,0,0
3668,Hopeless beast,,14283,3822 3825,655,6,0,false,true,0,0
3669,Hopeless beast,,14283,3822 3825,655,6,0,false,true,0,0
3670,Odd Old Man,,6848 11752 14321 4985 168 176 14320 7121,1740 1739,0,3038,0,false,false,0,0
3671,Fortunato,,13705 14107 245 299 330 10301 263 10124 3707,808 819 820 821 822,0,3038,0,false,false,0,0
3672,Ram,,20283 20289 20287,5339 5340,1247,13,0,false,false,0,0
3673,Ram,,20292 20295 20294,5335 5334,1247,13,0,false,false,0,0
3674,Bones,,13700,3840,612,1,0,false,true,0,0
3675,Vulture,,30853,2017 2016,1743,36,0,false,true,0,0
3676,Vulture,,30853,2024,1743,36,0,false,true,0,0
3677,Sinister Stranger,,227 246 14382 14372 14379 14374 562 323 14341,808 819 820 821 822,0,3038,0,false,false,0,0
3678,Sinister Stranger,,227 246 14382 14372 14379 14374 562 323 14341,808 819 820 821 822,0,3038,0,false,false,0,0
3679,Vestri,,2970 2984 2978 2990 2980 2985,101 98,297,51,0,false,false,0,0
3680,Ali the Leaflet Dropper,,28606 28635 28658 28610 28625 28672,7158 7160,1628,64,0,false,false,0,0
3681,Nigel,,18086 253 24038 151 10218 13938 24036 185,808 3865,0,3038,0,false,false,0,0
3682,Egg,,14413,3853,187,1,0,false,true,0,0
3683,Egg,,14412,3853,187,1,0,false,true,0,0
3684,Egg,,14415,3853,187,1,0,false,true,0,0
3685,Egg,,14410,3853,187,1,0,false,true,0,0
3686,Chocolate kebbit,,19389 19381 19384,5273 5272,1208,8,0,false,true,0,0
3687,Chocolate kebbit,,19389 19381 19384,5273 5272,1208,8,0,false,true,0,0
3688,Easter Bunny,,23901,1829 1828,1395,20,0,false,true,0,0
3689,Egg,,14412,,,0,0,false,false,0,0
3690,Egg,,14411,,,0,0,false,false,0,0
3691,Egg,,14410,,,0,0,false,false,0,0
3692,Egg,,14413,,,0,0,false,false,0,0
3693,Egg,,14414,,,0,0,false,false,0,0
3694,Egg,,14415,,,0,0,false,false,0,0
3695,Volf Olafson,,214 252 5673 5667 4226 18128 5725,808 819 820 821 822,0,3038,0,false,false,0,0
3696,Ingrid Hradson,,24193 390 467 5675 428 361,808 819 820 821 822,0,3038,0,false,false,0,0
3697,Skeleton fremennik,,24180 24187 24184 24054,6113 6112,0,3038,0,false,false,0,0
3698,Skeleton fremennik,,24180 24187 24184 24054,6113 6112,0,3038,0,false,false,0,0
3699,Skeleton fremennik,,24180 24187 24184 24054,6113 6112,0,3038,0,false,false,0,0
3700,Skeleton fremennik,,24182 24190 24186 24192 24053,6113 6112,0,3038,0,false,true,0,0
3701,Skeleton fremennik,,24182 24190 24186 24053,6113 6112,0,3038,0,false,true,0,0
3702,Skeleton fremennik,,24182 24190 24186 24192 24053,6113 6112,0,3038,0,false,true,0,0
3703,Skeleton fremennik,,24181 24189 24185 24054,6113 6112,0,3038,0,false,false,0,0
3704,Skeleton fremennik,,24181 24189 24185 24053,6113 6112,0,3038,0,false,false,0,0
3705,Skeleton fremennik,,24181 24189 24185 24054,6113 6112,0,3038,0,false,false,0,0
3706,Ulfric,,24188 24050,6113 6112,0,3038,0,false,false,0,0
3707,Brine rat,,24150,6127 6114,1404,5,0,false,true,0,0
3708,Boulder,,24149,6120,1403,1,0,false,true,0,0
3709,Boulder,,24149,6120,1403,1,0,false,true,0,0
3710,Ulfric,,24151,6126,1405,1,0,false,true,0,0
3711,Giant bat,,24194,2618 2619,160,5,0,false,false,0,0
3712,Zanik,,23648 23693 23628,6040 6041,1383,60,0,false,false,0,0
3713,Sigmund,,5430 5215 283 296 317 24536 177 518 24537 181,808 819 820 821 822,0,3038,0,false,false,0,0
3714,Zanik,,23638 23693 24524,6040 6041,1383,60,0,false,false,0,0
3715,Guard,,169 176 517 250 181 265 296 5434 5430 5433 317 5437,808 819 820 821 822,0,3038,0,false,false,0,0
3716,Sigmund,,5430 5215 283 296 317 24536 177 518 24537 181,808 819 820 821 822,0,3038,0,false,false,0,0
3717,Sigmund,,5430 5215 283 296 317 24536 177 518 24537 181,808 819 820 821 822,0,3038,0,false,false,0,0
3718,Sigmund,,5430 5215 283 296 317 24536 177 518 24537 181,808 819 820 821 822,0,3038,0,false,false,0,0
3719,Sigmund,,5430 5215 283 296 317 24536 177 518 24537 181,808 819 820 821 822,0,3038,0,false,false,0,0
3720,Sigmund,,5430 5215 283 296 317 24536 177 518 24537 181,808 819 820 821 822,0,3038,0,false,false,0,0
3721,Zanik,,23638 23693,6040 6041,1383,60,0,false,false,0,0
3722,Zanik,,23638 23693,6040 6041,1383,60,0,false,false,0,0
3723,General Bentnoze,,24456 24484 24433 24476 24443 24450 24505 24506,6203 6202,1415,82,0,false,true,0,0
3724,General Wartface,,24462 24484 24433 24477 24444 24450 24502 24506,6203 6202,1415,82,0,false,true,0,0
3725,Grubfoot,,24435 24442 24452 24455 24472 24487,6181 6180,1415,82,0,false,true,0,0
3726,Goblin,,24435 24441 24451 24465 24472 24484 24429,6181 6180,1415,82,0,false,false,0,0
3727,Splatter,,14550,3886 3887,136,6,0,false,false,0,0
3728,Splatter,,14550,3886 3887,136,6,0,false,false,0,0
3729,Splatter,,14550,3886 3887,136,6,0,false,false,0,0
3730,Splatter,,14550,3886 3887,136,6,0,false,false,0,0
3731,Splatter,,14550,3886 3887,136,6,0,false,false,0,0
3732,Shifter,,14548,3899 3898,134,7,0,false,false,0,0
3733,Shifter,,14548,3899 3898,134,7,0,false,false,0,0
3734,Shifter,,14548,3899 3898,134,7,0,false,false,0,0
3735,Shifter,,14548,3899 3898,134,7,0,false,false,0,0
3736,Shifter,,14548,3899 3898,134,7,0,false,false,0,0
3737,Shifter,,14548,3899 3898,134,7,0,false,false,0,0
3738,Shifter,,14548,3899 3898,134,7,0,false,false,0,0
3739,Shifter,,14548,3899 3898,134,7,0,false,false,0,0
3740,Shifter,,14548,3899 3898,134,7,0,false,false,0,0
3741,Shifter,,14548,3899 3898,134,7,0,false,false,0,0
3742,Ravager,,14547,3913 3914,133,6,0,false,false,0,0
3743,Ravager,,14547,3913 3914,133,6,0,false,false,0,0
3744,Ravager,,14547,3913 3914,133,6,0,false,false,0,0
3745,Ravager,,14547,3913 3914,133,6,0,false,false,0,0
3746,Ravager,,14547,3913 3914,133,6,0,false,false,0,0
3747,Spinner,,14549,3906 3907,135,6,0,false,false,0,0
3748,Spinner,,14549,3906 3907,135,6,0,false,false,0,0
3749,Spinner,,14549,3906 3907,135,6,0,false,false,0,0
3750,Spinner,,14549,3906 3907,135,6,0,false,false,0,0
3751,Spinner,,14549,3906 3907,135,6,0,false,false,0,0
3752,Torcher,,14552,3878 3879,137,6,0,false,true,0,0
3753,Torcher,,14552,3878 3879,137,6,0,false,true,0,0
3754,Torcher,,14552,3878 3879,137,6,0,false,true,0,0
3755,Torcher,,14552,3878 3879,137,6,0,false,true,0,0
3756,Torcher,,14552,3878 3879,137,6,0,false,true,0,0
3757,Torcher,,14552,3878 3879,137,6,0,false,true,0,0
3758,Torcher,,14552,3878 3879,137,6,0,false,true,0,0
3759,Torcher,,14552,3878 3879,137,6,0,false,true,0,0
3760,Torcher,,14552,3878 3879,137,6,0,false,true,0,0
3761,Torcher,,14552,3878 3879,137,6,0,false,true,0,0
3762,Defiler,,14546,3918 3919,132,6,0,false,false,0,0
3763,Defiler,,14546,3918 3919,132,6,0,false,false,0,0
3764,Defiler,,14546,3918 3919,132,6,0,false,false,0,0
3765,Defiler,,14546,3918 3919,132,6,0,false,false,0,0
3766,Defiler,,14546,3918 3919,132,6,0,false,false,0,0
3767,Defiler,,14546,3918 3919,132,6,0,false,false,0,0
3768,Defiler,,14546,3918 3919,132,6,0,false,false,0,0
3769,Defiler,,14546,3918 3919,132,6,0,false,false,0,0
3770,Defiler,,14546,3918 3919,132,6,0,false,false,0,0
3771,Defiler,,14546,3918 3919,132,6,0,false,false,0,0
3772,Brawler,,14545,3893 3892,131,7,0,false,false,0,0
3773,Brawler,,14545,3893 3892,131,7,0,false,false,0,0
3774,Brawler,,14545,3893 3892,131,7,0,false,false,0,0
3775,Brawler,,14545,3893 3892,131,7,0,false,false,0,0
3776,Brawler,,14545,3893 3892,131,7,0,false,false,0,0
3777,Doomsayer,,40629 40310 40309 40312 31606 31578 31582,9734 9680,0,3038,0,false,false,0,0
3778,,,,808 819 820 821 822,0,3038,0,false,true,0,0
3779,Arthur,,14575 294 317 151 177 254 185,813 1205 1206 1207 1208,0,3038,0,false,false,0,0
3780,,,,813 819 820 821 822,0,3038,0,false,true,0,0
3781,Squire,,215 246 294 33034 10218 534 14565 181,813 1205 1206 1207 1208,0,3038,0,false,true,0,0
3782,Void Knight,,230 249 14568 33034 10218 14566 181 14580,3926,0,3038,0,false,true,0,0
3783,Frog,,29123 29124,7258 7259,1643,12,0,false,false,0,0
3784,Void Knight,,378 14578 14570 14572 14576 358 14579,3926,0,3038,0,false,false,0,0
3785,Void Knight,,378 14578 14570 14572 14576 358 14579,3926,0,3038,0,false,false,0,0
3786,Void Knight,,230 249 14568 33034 10218 14566 181 14580,813 1205 1206 1207 1208,0,3038,0,false,true,0,0
3787,Sir Palomedes,,27126 27195 27203,808 819 820 821 822,0,3038,0,false,false,0,0
3788,Void Knight,,378 14578 14570 14572 14576 358 14579,813 1205 1206 1207 1208,0,3038,0,false,false,0,0
3789,Void Knight,,378 14578 14570 14572 14576 358 14579,813 1205 1206 1207 1208,0,3038,0,false,false,0,0
3790,Squire,,215 246 301 33034 10218 534 14565 181,813 1205 1206 1207 1208,0,3038,0,false,true,0,0
3791,Squire,,217 246 301 33034 10218 553 14565 181,813 1205 1206 1207 1208,0,3038,0,false,true,0,0
3792,Squire,,390 14442 14588 10706 14589 14574 358,813 1205 1206 1207 1208,0,3038,0,false,true,0,0
3793,Squire,,10078 14442 14588 10706 14589 14574 358,813 1205 1206 1207 1208,0,3038,0,false,true,0,0
3794,Squire,,215 246 301 33034 10218 14565 181,808 819 820 821 822,0,3038,0,false,true,0,0
3795,Squire,,378 14442 14588 10706 14574 358,808 819 820 821 822,0,3038,0,false,true,0,0
3796,Squire,,6848 246 301 33034 10218 14565 181,808 819 820 821 822,0,3038,0,false,true,0,0
3797,Squire,,214 252 301 14587 10218 14565 181,808 819 820 821 822,0,3038,0,false,true,0,0
3798,Squire,,217 249 301 33034 10218 14565 181,808 819 820 821 822,0,3038,0,false,true,0,0
3799,Squire,,230 251 301 33034 10218 14565 181,808 819 820 821 822,0,3038,0,false,true,0,0
3800,Squire,,211 249 301 33034 10218 553 14565 181,813 1205 1206 1207 1208,0,3038,0,false,false,0,0
3801,Squire,,388 464 40401 10706 14589 14574 358,813 1205 1206 1207 1208,0,3038,0,false,false,0,0
3802,Squire (Novice),,10078 14442 10839 354 14589 14574 358 27135 14447,813 1205 1206 1207 1208,0,3038,0,false,true,0,0
3803,,,8236,,,0,0,false,false,0,0
3804,Fishing spot,,36844,9645,2130,3,0,false,false,0,0
3805,Postie Pete,,14826,3948 3947,328,3,0,false,true,0,0
3806,Millie Miller,,40377 40385 40392 40396 40381 28848,808 819 820 821 822,0,3038,0,false,true,0,0
3807,Gillie Groats,,28824 40385 28842 40396 40381 28848 40395,3950 3997,0,3038,0,false,false,0,0
3808,Tortoise,,14801 14803 14799 14795 14797 14796,3952 3953,274,13,0,false,false,0,0
3809,Captain Dalbur,,2908 14824 14825,195 189,319,88,0,false,true,0,0
3810,Captain Bleemadge,,2908 14824 14825,195 189,319,88,0,false,true,0,0
3811,Captain Errdo,,2908 14824 14825,195 189,319,88,0,false,true,0,0
3812,Captain Klemfoodle,,2908 14824 14825,195 189,319,88,0,false,true,0,0
3814,Gnome Archer,,2890 2909 2915,195 189,319,88,0,false,true,0,0
3815,Gnome Driver,,14806 2914 14811 14805,195 189,319,88,0,false,true,0,0
3816,Gnome Mage,,14807 10340 14812,195 189,319,88,0,false,true,0,0
3817,Lieutenant Schepbur,,10338 10340 14814 14810,195 189,319,88,0,false,false,0,0
3818,Trainer Nacklepen,,14808 14809 14813,3965 3963,319,88,0,false,true,0,0
3819,Tortoise,,14800 14802 14798,3952 3953,274,13,0,false,false,0,0
3820,,,,813,0,3038,0,false,true,0,0
3821,Wise Old Man,,187 9103 4925 292 323 170 176 554 260 181,813 1146 820 821 822,0,3038,0,false,false,0,0
3822,Herman Caranos,,14843 176 14855 14851 14376 14381 14384 14870,808 819 820 821 822,0,3038,0,false,false,0,0
3823,Franklin Caranos,,14854 14860 14842 14846 14857 14848 14869,808 819 820 821 822,0,3038,0,false,false,0,0
3824,Arnold Lydspor,,14852 14859 14840 176 14856 181,808 819 820 821 822,0,3038,0,false,true,0,0
3825,Devin Mendelberg,,14107 14383 14841 176 14380 14375 14850,808 819 820 821 822,0,3038,0,false,false,0,0
3826,George Laxmeister,,14853 14383 14841 14844 14380 14375 14850,808 819 820 821 822,0,3038,0,false,false,0,0
3827,Ramara du Croissant,,14866 14868 14862 14863 14867 14864 14865,808 819 820 821 822,0,3038,0,false,false,0,0
3828,,,,808 819 820 821 822,0,3038,0,false,true,0,0
3829,,,,808 819 820 821 822,0,3038,0,false,true,0,0
3830,Kathy Corkat,,399 14868 14862 14863 14867 14864,808 819 820 821 822,0,3038,0,false,false,0,0
3831,Kathy Corkat,,399 14868 14862 14863 14867 14864,808 819 820 821 822,0,3038,0,false,false,0,0
3832,,,,808,0,3038,0,false,true,0,0
3833,,,,808,0,3038,0,false,true,0,0
3834,,,,808 819 820 821 822,0,3038,0,false,true,0,0
3835,Kalphite Queen,,24597 24598,6239 6238,1422,31,0,false,false,0,0
3836,Kalphite Queen,,24602 24605 24606,6236,1425,10,0,false,false,0,0
3837,Drunken Dwarf,,2974 2986 2983 2979 2981 2985 2992,900 104,297,51,0,false,false,0,0
3838,Wise Old Man,,187 9103 4925 292 323 170 176 554 260 181,813 1146 820 821 822,0,3038,0,false,false,0,0
3839,Wise Old Man,,187 9103 4925 292 323 170 176 554 260 181,3970,0,3038,0,false,false,0,0
3840,Sea troll,,14912 14905 14909,3987 3984,664,6,0,false,false,0,0
3841,Sea troll,,14912 14908 14909,3987 3984,664,6,0,false,false,0,0
3842,Sea troll,,14912 14907 14910,3987 3984,664,6,0,false,false,0,0
3843,Sea troll,,14911 14905 14909 14913,3987 3984,664,6,0,false,false,0,0
3844,Skeleton Mage,,21196,5483 5479,1291,57,0,false,true,0,0
3845,Sea troll,,14911 14906 14910 14914,3987 3984,664,6,0,false,false,0,0
3846,Sea Troll General,,14918 14916 14915 14919,3978 3977,665,6,0,false,false,0,0
3847,Sea Troll Queen,,14920,3989,666,5,0,false,false,0,0
3848,Fishing spot,,36844,9645,2130,3,0,false,false,0,0
3849,Fishing spot,,2320,456,776,1,0,false,true,0,0
3850,Skeleton Mage,,21489,,,0,0,false,false,0,0
3851,Skeleton Mage,,21196,5483 5479,1291,57,0,false,true,0,0
3852,Suspect,,378 11359 332 10706 10003 358 15010,808 819 820 821 822,0,3038,0,false,true,0,0
3853,Suspect,,378 15010 11359 332 10706 10003 358,808 819 820 821 822,0,3038,0,false,true,0,0
3854,Suspect,,378 15010 11359 332 10706 10003 358,808 819 820 821 822,0,3038,0,false,true,0,0
3855,Suspect,,378 15010 11359 332 10706 10003 358,808 819 820 821 822,0,3038,0,false,true,0,0
3856,Suspect,,10078 11359 343 10706 431 358,808 819 820 821 822,0,3038,0,false,true,0,0
3857,Suspect,,10078 11359 343 10706 431 358,808 819 820 821 822,0,3038,0,false,true,0,0
3858,Suspect,,10078 11359 343 10706 431 358,808 819 820 821 822,0,3038,0,false,true,0,0
3859,Suspect,,10078 11359 343 10706 431 358,808 819 820 821 822,0,3038,0,false,true,0,0
3860,Suspect,,393 11360 348 10706 11357 358,808 819 820 821 822,0,3038,0,false,true,0,0
3861,Suspect,,393 11360 348 10706 11357 358,808 819 820 821 822,0,3038,0,false,true,0,0
3862,Suspect,,393 11360 348 10706 11357 358,808 819 820 821 822,0,3038,0,false,true,0,0
3863,Suspect,,393 11360 348 10706 11357 358,808 819 820 821 822,0,3038,0,false,true,0,0
3864,Suspect,,399 11360 332 10706 429 358,808 819 820 821 822,0,3038,0,false,true,0,0
3865,Suspect,,399 11360 332 10706 429 358,808 819 820 821 822,0,3038,0,false,true,0,0
3866,Suspect,,399 11360 332 10706 429 358,808 819 820 821 822,0,3038,0,false,true,0,0
3867,Suspect,,399 11360 332 10706 429 358,808 819 820 821 822,0,3038,0,false,true,0,0
3868,Suspect,,391 414 470 11348 10706 433 358,808 819 820 821 822,0,3038,0,false,false,0,0
3869,Suspect,,391 414 470 11348 10706 433 358,808 819 820 821 822,0,3038,0,false,false,0,0
3870,Suspect,,391 414 470 11348 10706 433 358,808 819 820 821 822,0,3038,0,false,false,0,0
3871,Suspect,,391 414 470 11348 10706 433 358,808 819 820 821 822,0,3038,0,false,false,0,0
3872,Suspect,,378 11359 332 10706 10003 358 15010 15009,3999,0,3038,0,false,false,0,0
3873,Suspect,,378 11359 332 10706 10003 358 15010 15009,3999,0,3038,0,false,false,0,0
3874,Suspect,,378 11359 332 10706 10003 358 15010 15009,3999,0,3038,0,false,false,0,0
3875,Suspect,,378 11359 332 10706 10003 358 15010 15009,3999,0,3038,0,false,false,0,0
3876,Suspect,,10078 11359 343 10706 431 358 15009,3999,0,3038,0,false,false,0,0
3877,Suspect,,10078 11359 343 10706 431 358 15009,3999,0,3038,0,false,false,0,0
3878,Suspect,,10078 11359 343 10706 431 358 15009,3999,0,3038,0,false,false,0,0
3879,Suspect,,10078 11359 343 10706 431 358 15009,3999,0,3038,0,false,false,0,0
3880,Suspect,,393 11360 348 10706 11357 358 15009,3999,0,3038,0,false,false,0,0
3881,Suspect,,393 11360 348 10706 11357 358 15009,3999,0,3038,0,false,false,0,0
3882,Suspect,,393 11360 348 10706 11357 358 15009,3999,0,3038,0,false,false,0,0
3883,Suspect,,393 11360 348 10706 11357 358 15009,3999,0,3038,0,false,false,0,0
3884,Suspect,,399 11360 332 10706 429 358 15009,3999,0,3038,0,false,false,0,0
3885,Suspect,,399 11360 332 10706 429 358 15009,3999,0,3038,0,false,false,0,0
3886,Suspect,,399 11360 332 10706 429 358 15009,3999,0,3038,0,false,false,0,0
3887,Suspect,,399 11360 332 10706 429 358 15009,3999,0,3038,0,false,false,0,0
3888,Suspect,,391 414 470 11348 10706 433 358 15009,3999,0,3038,0,false,false,0,0
3889,Suspect,,391 414 470 11348 10706 433 358 15009,3999,0,3038,0,false,false,0,0
3890,Suspect,,391 414 470 11348 10706 433 358 15009,3999,0,3038,0,false,false,0,0
3891,Suspect,,391 414 470 11348 10706 433 358 15009,3999,0,3038,0,false,false,0,0
3892,Molly,,378 11359 332 10706 10003 358 15010,808 819 820 821 822,0,3038,0,false,true,0,0
3893,Molly,,378 15010 11359 332 10706 10003 358,808 819 820 821 822,0,3038,0,false,true,0,0
3894,Molly,,378 15010 11359 332 10706 10003 358,808 819 820 821 822,0,3038,0,false,true,0,0
3895,Molly,,378 15010 11359 332 10706 10003 358,808 819 820 821 822,0,3038,0,false,true,0,0
3896,Molly,,10078 11359 343 10706 431 358,808 819 820 821 822,0,3038,0,false,true,0,0
3897,Molly,,10078 11359 343 10706 431 358,808 819 820 821 822,0,3038,0,false,true,0,0
3898,Molly,,10078 11359 343 10706 431 358,808 819 820 821 822,0,3038,0,false,true,0,0
3899,Molly,,10078 11359 343 10706 431 358,808 819 820 821 822,0,3038,0,false,true,0,0
3900,Molly,,393 11360 348 10706 11357 358,808 819 820 821 822,0,3038,0,false,true,0,0
3901,Molly,,393 11360 348 10706 11357 358,808 819 820 821 822,0,3038,0,false,true,0,0
3902,Molly,,393 11360 348 10706 11357 358,808 819 820 821 822,0,3038,0,false,true,0,0
3903,Molly,,393 11360 348 10706 11357 358,808 819 820 821 822,0,3038,0,false,true,0,0
3904,Molly,,399 11360 332 10706 429 358,808 819 820 821 822,0,3038,0,false,true,0,0
3905,Molly,,399 11360 332 10706 429 358,808 819 820 821 822,0,3038,0,false,true,0,0
3906,Molly,,399 11360 332 10706 429 358,808 819 820 821 822,0,3038,0,false,true,0,0
3907,Molly,,399 11360 332 10706 429 358,808 819 820 821 822,0,3038,0,false,true,0,0
3908,Molly,,391 414 470 11348 10706 433 358,808 819 820 821 822,0,3038,0,false,false,0,0
3909,Molly,,391 414 470 11348 10706 433 358,808 819 820 821 822,0,3038,0,false,false,0,0
3910,Molly,,391 414 470 11348 10706 433 358,808 819 820 821 822,0,3038,0,false,false,0,0
3911,Molly,,391 414 470 11348 10706 433 358,808 819 820 821 822,0,3038,0,false,false,0,0
3912,Flippa,,3753 3759 3756 15012,4010 1139,461,49,0,false,false,0,0
3913,Tilt,,3753 3759 3756 15013,4009 1139,461,49,0,false,false,0,0
3914,Gardener,,6848 249 10705 170 179 495 274 185 4390,808 819 820 821 822,0,3038,0,false,false,0,0
3915,Man,,210 246 15007 32593 177 15005 33033,808 819 820 821 822,0,3038,0,false,false,0,0
3916,Carpenter Kjallak,,15103 215 11190 15105 167 179 510 15104 4218,1365 819 820 821 822,0,3038,0,false,false,0,0
3917,Farmer Fromund,,4843 215 252 10705 170 177 7125 263 185,10574 819 820 821 822,0,3038,0,false,false,0,0
3918,Prince Brand,,235 246 311 162 179 4226 4218 281 317 4394,1321 819 820 821 822,0,3038,0,false,false,0,0
3919,Princess Astrid,,378 466 347 354 429 3708 446,808 819 820 821 822,0,3038,0,false,false,0,0
3920,Runa,,399 456 483 332 10706 429 358,808 819 820 821 822,0,3038,0,false,true,0,0
3921,Halla,,390 470 9359 10706 8784 358,808 819 820 821 822,0,3038,0,false,false,0,0
3922,Finn,,6848 252 292 32592 10218 4226 4218 15106,808 819 820 821 822,0,3038,0,false,false,0,0
3923,Osvald,,206 252 302 32592 10218 4226 4218,808 819 820 821 822,0,3038,0,false,false,0,0
3924,Runolf,,208 252 292 4391 170 176 3711 265 185,808 819 820 821 822,0,3038,0,false,false,0,0
3925,Tjorvi,,10981 252 292 326 170 176 3711 4226 4218,808 819 820 821 822,0,3038,0,false,false,0,0
3926,Ingrid,,387 470 483 348 10706 431 358,808 819 820 821 822,0,3038,0,false,false,0,0
3927,Thora,,10078 470 9359 10706 429 358 479,808 819 820 821 822,0,3038,0,false,false,0,0
3928,Signy,,391 414 456 9359 353 437 358 479,808 819 820 821 822,0,3038,0,false,false,0,0
3929,Hild,,399 470 343 10706 429 358,808 819 820 821 822,0,3038,0,false,false,0,0
3930,Armod,,10981 246 292 9607 170 10218 4226 4218 4391,808 819 820 821 822,0,3038,0,false,false,0,0
3931,Beigarth,,203 246 292 9607 163 10218 4226 4218 4391,808 819 820 821 822,0,3038,0,false,false,0,0
3932,Reinn,,206 246 292 317 170 176 4226 4218 322,808 819 820 821 822,0,3038,0,false,false,0,0
3933,Alviss,,2970 7071 7059 7038 7045 2985,101 98,297,51,0,false,false,0,0
3934,Fullangr,,2972 2983 2979 7044 2985,101 98,297,51,0,false,false,0,0
3935,Jari,,7032 7060 7038 7048 7068,101 98,297,51,0,false,false,0,0
3936,Thorodin,,2970 7061 2978 2990 7046 2985,4021 98,297,51,0,false,false,0,0
3937,Ferd,,2973 2986 7061 2978 2990 2981 2985,4021 98,297,51,0,false,false,0,0
3938,Donal,,2971 7059 2979 2992 2981 2985,98,297,51,0,false,false,0,0
3939,Sea Snake Young,,13911,3535 3537,641,9,0,false,false,0,0
3940,Sea Snake Hatchling,,13911,3535 3537,641,9,0,false,false,0,0
3941,Guard,,4220 250 292 162 179 4226 4218 326 4221 4219,808 819 820 821 822,0,3038,0,false,false,0,0
3942,Guard,,4220 252 292 162 179 4226 4218 326 4221 4219,808 819 820 821 822,0,3038,0,false,false,0,0
3943,Giant Sea Snake,,15096,4037,942,6,0,false,false,0,0
3944,Hangman game,,12975,,,0,0,false,false,0,0
3945,Hangman game,,12975 12977,,,0,0,false,false,0,0
3946,Hangman game,,12975 12977 12978,,,0,0,false,false,0,0
3947,Hangman game,,12975 12977 12978 12979,,,0,0,false,false,0,0
3948,Hangman game,,12975 12977 12978 12979 12980,,,0,0,false,false,0,0
3949,Hangman game,,12975 12977 12978 12979 12980 12981,,,0,0,false,false,0,0
3950,Hangman game,,12975 12977 12978 12979 12980 12981 12982,,,0,0,false,false,0,0
3951,Hangman game,,12975 12977 12978 12979 12980 12981 12982 12983,,,0,0,false,false,0,0
3952,Hangman game,,12975 12977 12978 12979 12980 12981 12982 12983 12984,,,0,0,false,false,0,0
3953,Hangman game,,12975 12977 12978 12979 12980 12981 12982 12983 12984 12976,,,0,0,false,false,0,0
3954,Treasure fairy,,2857,112 106,299,13,0,false,false,0,0
3955,Jacky Jester,,15144 228 10075 246 15146 10073 10074 10076 15143,808 819 820 821 822,0,3038,0,false,false,0,0
3956,Combat stone,,13203 13214,,,0,0,false,false,0,0
3957,Combat stone,,13203 13213 13210 13211 13212 13207 13208 13209,,,0,0,false,false,0,0
3958,Combat stone,,13203 13213 13210 13211 13212 13208 13209,,,0,0,false,false,0,0
3959,Combat stone,,13203 13213 13210 13211 13212 13209,,,0,0,false,false,0,0
3960,Combat stone,,13203 13213 13210 13211 13212,,,0,0,false,false,0,0
3961,Combat stone,,13203 13213 13211 13212 13207 13208 13209,,,0,0,false,false,0,0
3962,Combat stone,,13203 13213 13211 13212 13208 13209,,,0,0,false,false,0,0
3963,Combat stone,,13203 13213 13211 13212 13209,,,0,0,false,false,0,0
3964,Combat stone,,13203 13213 13211 13212,,,0,0,false,false,0,0
3965,Combat stone,,13203 13213 13212 13207 13208 13209,,,0,0,false,false,0,0
3966,Combat stone,,13203 13213 13212 13208 13209,,,0,0,false,false,0,0
3967,Combat stone,,13203 13213 13212 13209,,,0,0,false,false,0,0
3968,Combat stone,,13203 13213 13212,,,0,0,false,false,0,0
3969,Combat stone,,13203 13213 13207 13208 13209,,,0,0,false,false,0,0
3970,Combat stone,,13203 13213 13208 13209,,,0,0,false,false,0,0
3971,Combat stone,,13203 13213 13209,,,0,0,false,false,0,0
3972,Combat stone,,13203 13213,,,0,0,false,false,0,0
3973,Combat stone,,13203 13213 13204 13210 13211 13212 13207 13208 13209,,,0,0,false,false,0,0
3974,Combat stone,,13203 13213 13204 13210 13211 13212 13208 13209,,,0,0,false,false,0,0
3975,Combat stone,,13203 13213 13204 13210 13211 13212 13209,,,0,0,false,false,0,0
3976,Combat stone,,13203 13213 13204 13210 13211 13212,,,0,0,false,false,0,0
3977,Combat stone,,13203 13213 13204 13211 13212 13208 13207,,,0,0,false,false,0,0
3978,Combat stone,,13203 13213 13204 13211 13212 13208 13209,,,0,0,false,false,0,0
3979,Combat stone,,13203 13213 13204 13211 13212 13209,,,0,0,false,false,0,0
3980,Combat stone,,13203 13213 13204 13211 13212,,,0,0,false,false,0,0
3981,Combat stone,,13203 13213 13204 13212 13208 13209 13207,,,0,0,false,false,0,0
3982,Combat stone,,13203 13213 13204 13212 13208 13209,,,0,0,false,false,0,0
3983,Combat stone,,13203 13213 13204 13212 13209,,,0,0,false,false,0,0
3984,Combat stone,,13203 13213 13204 13212,,,0,0,false,false,0,0
3985,Combat stone,,13203 13213 13204 13208 13209 13207,,,0,0,false,false,0,0
3986,Combat stone,,13203 13213 13204 13208 13209,,,0,0,false,false,0,0
3987,Combat stone,,13203 13213 13204 13209,,,0,0,false,false,0,0
3988,Combat stone,,13203 13213 13204,,,0,0,false,false,0,0
3989,Combat stone,,13203 13213 13204 13205 13210 13211 13212 13207 13208 13209,,,0,0,false,false,0,0
3990,Combat stone,,13203 13213 13204 13205 13210 13211 13212 13208 13209,,,0,0,false,false,0,0
3991,Combat stone,,13203 13213 13204 13205 13210 13211 13212 13209,,,0,0,false,false,0,0
3992,Combat stone,,13203 13213 13204 13205 13210 13211 13212,,,0,0,false,false,0,0
3993,Combat stone,,13203 13213 13204 13205 13211 13212 13207 13208 13209,,,0,0,false,false,0,0
3994,Combat stone,,13203 13213 13204 13205 13211 13212 13208 13209,,,0,0,false,false,0,0
3995,Combat stone,,13203 13213 13204 13205 13211 13212 13209,,,0,0,false,false,0,0
3996,Combat stone,,13203 13213 13204 13205 13211 13212,,,0,0,false,false,0,0
3997,Combat stone,,13203 13213 13204 13205 13212 13207 13208 13209,,,0,0,false,false,0,0
3998,Combat stone,,13203 13213 13204 13205 13212 13208 13209,,,0,0,false,false,0,0
3999,Combat stone,,13203 13213 13204 13205 13212 13209,,,0,0,false,false,0,0
4000,Combat stone,,13203 13213 13204 13205 13212,,,0,0,false,false,0,0
4001,Combat stone,,13203 13213 13204 13205 13207 13208 13209,,,0,0,false,false,0,0
4002,Combat stone,,13203 13213 13204 13205 13208 13209,,,0,0,false,false,0,0
4003,Combat stone,,13203 13213 13204 13205 13209,,,0,0,false,false,0,0
4004,Combat stone,,13203 13213 13204 13205,,,0,0,false,false,0,0
4005,Combat stone,,13203 13213 13204 13205 13206 13210 13211 13212 13207 13208 13209,,,0,0,false,false,0,0
4006,Combat stone,,13203 13213 13204 13205 13206 13210 13211 13212 13208 13209,,,0,0,false,false,0,0
4007,Combat stone,,13203 13213 13204 13205 13206 13210 13211 13212 13209,,,0,0,false,false,0,0
4008,Combat stone,,13203 13213 13204 13205 13206 13210 13211 13212,,,0,0,false,false,0,0
4009,Combat stone,,13203 13213 13204 13205 13211 13212 13207 13208 13209,,,0,0,false,false,0,0
4010,Combat stone,,13203 13213 13204 13205 13206 13211 13212 13208 13209,,,0,0,false,false,0,0
4011,Combat stone,,13203 13213 13204 13205 13206 13211 13212 13209,,,0,0,false,false,0,0
4012,Combat stone,,13203 13213 13204 13205 13206 13211 13212,,,0,0,false,false,0,0
4013,Combat stone,,13203 13213 13204 13205 13206 13212 13207 13208 13209,,,0,0,false,false,0,0
4014,Combat stone,,13203 13213 13204 13205 13206 13212 13208 13209,,,0,0,false,false,0,0
4015,Combat stone,,13203 13213 13204 13205 13206 13212 13209,,,0,0,false,false,0,0
4016,Combat stone,,13203 13213 13204 13205 13206 13212,,,0,0,false,false,0,0
4017,Combat stone,,13203 13213 13204 13205 13206 13207 13208 13209,,,0,0,false,false,0,0
4018,Combat stone,,13203 13213 13204 13205 13206 13208 13209,,,0,0,false,false,0,0
4019,Combat stone,,13203 13213 13204 13205 13206 13209,,,0,0,false,false,0,0
4020,Combat stone,,13203 13213 13204 13205 13206,,,0,0,false,false,0,0
4021,Elemental balance,,12960,3584,391,4,0,false,true,0,0
4022,Elemental balance,,12960,3584,391,4,0,false,true,0,0
4023,Elemental balance,,12960,3584,391,4,0,false,true,0,0
4024,Elemental balance,,12960,3584,391,4,0,false,true,0,0
4025,Elemental balance,,12960,3584,391,4,0,false,true,0,0
4026,Elemental balance,,12960,3584,391,4,0,false,true,0,0
4027,Elemental balance,,12960,3584,391,4,0,false,true,0,0
4028,Elemental balance,,12960,3584,391,4,0,false,true,0,0
4029,Elemental balance,,12960,3584,391,4,0,false,true,0,0
4030,Elemental balance,,12960,3584,391,4,0,false,true,0,0
4031,Elemental balance,,12960,3584,391,4,0,false,true,0,0
4032,Elemental balance,,12960,3584,391,4,0,false,true,0,0
4033,Elemental balance,,12960,3584,391,4,0,false,true,0,0
4034,Elemental balance,,12960,3584,391,4,0,false,true,0,0
4035,Elemental balance,,12960,3584,391,4,0,false,true,0,0
4036,Elemental balance,,12960,3584,391,4,0,false,true,0,0
4037,Elemental balance,,12960,3584,391,4,0,false,true,0,0
4038,Elemental balance,,12960,3584,391,4,0,false,true,0,0
4039,Elemental balance,,12960,3584,391,4,0,false,true,0,0
4040,Elemental balance,,12960,3584,391,4,0,false,true,0,0
4041,Elemental balance,,12960,3584,391,4,0,false,true,0,0
4042,Elemental balance,,12960,3584,391,4,0,false,true,0,0
4043,Elemental balance,,12960,3584,391,4,0,false,true,0,0
4044,Elemental balance,,12960,3584,391,4,0,false,true,0,0
4045,Elemental balance,,12960,3584,391,4,0,false,true,0,0
4046,Elemental balance,,12960,3584,391,4,0,false,true,0,0
4047,Elemental balance,,12960,3584,391,4,0,false,true,0,0
4048,Elemental balance,,12960,3584,391,4,0,false,true,0,0
4049,Elemental balance,,12960,3584,391,4,0,false,true,0,0
4050,Elemental balance,,12960,3584,391,4,0,false,true,0,0
4051,Elemental balance,,12960,3584,391,4,0,false,true,0,0
4052,Elemental balance,,12960,3584,391,4,0,false,true,0,0
4053,Elemental balance,,12960,3584,391,4,0,false,true,0,0
4054,Elemental balance,,12960,3584,391,4,0,false,true,0,0
4055,Elemental balance,,12960,3584,391,4,0,false,true,0,0
4056,Elemental balance,,12960,3584,391,4,0,false,true,0,0
4057,Elemental balance,,12960,3584,391,4,0,false,true,0,0
4058,Elemental balance,,12960,3584,391,4,0,false,true,0,0
4059,Elemental balance,,12960,3584,391,4,0,false,true,0,0
4060,Elemental balance,,12960,3584,391,4,0,false,true,0,0
4061,Elemental balance,,12960,3584,391,4,0,false,true,0,0
4062,Elemental balance,,12960,3584,391,4,0,false,true,0,0
4063,Elemental balance,,12960,3584,391,4,0,false,true,0,0
4064,Elemental balance,,12960,3584,391,4,0,false,true,0,0
4065,Elemental balance,,12960,3584,391,4,0,false,true,0,0
4066,Elemental balance,,12960,3584,391,4,0,false,true,0,0
4067,Elemental balance,,12960,3584,391,4,0,false,true,0,0
4068,Elemental balance,,12960,3584,391,4,0,false,true,0,0
4069,Elemental balance,,12960,3584,391,4,0,false,true,0,0
4070,Elemental balance,,12960,3584,391,4,0,false,true,0,0
4071,Elemental balance,,12960,3584,391,4,0,false,true,0,0
4072,Elemental balance,,12960,3584,391,4,0,false,true,0,0
4073,Elemental balance,,12960,3584,391,4,0,false,true,0,0
4074,Elemental balance,,12960,3584,391,4,0,false,true,0,0
4075,Elemental balance,,12960,3584,391,4,0,false,true,0,0
4076,Elemental balance,,12960,3584,391,4,0,false,true,0,0
4077,Elemental balance,,12960,3584,391,4,0,false,true,0,0
4078,Elemental balance,,12960,3584,391,4,0,false,true,0,0
4079,Elemental balance,,12960,3584,391,4,0,false,true,0,0
4080,Elemental balance,,12960,3584,391,4,0,false,true,0,0
4081,Elemental balance,,12960,3584,391,4,0,false,true,0,0
4082,Elemental balance,,12960,3584,391,4,0,false,true,0,0
4083,Elemental balance,,12960,3584,391,4,0,false,true,0,0
4084,Elemental balance,,12960,3584,391,4,0,false,true,0,0
4085,Elemental balance,,12960,3584,391,4,0,false,true,0,0
4086,Elemental balance,,12960,3584,391,4,0,false,true,0,0
4087,Elemental balance,,12960,3584,391,4,0,false,true,0,0
4088,Elemental balance,,12960,3584,391,4,0,false,true,0,0
4089,Elemental balance,,12960,3584,391,4,0,false,true,0,0
4090,Elemental balance,,12960,3584,391,4,0,false,true,0,0
4091,Elemental balance,,12960,3584,391,4,0,false,true,0,0
4092,Elemental balance,,12960,3584,391,4,0,false,true,0,0
4093,Elemental balance,,12960,3584,391,4,0,false,true,0,0
4094,Elemental balance,,12960,3584,391,4,0,false,true,0,0
4095,Elemental balance,,12960,3584,391,4,0,false,true,0,0
4096,Combat stone,,13203 13214,,,0,0,false,false,0,0
4097,Combat stone,,13203 13213 13210 13211 13212 13207 13208 13209,,,0,0,false,false,0,0
4098,Combat stone,,13203 13213 13210 13211 13212 13208 13209,,,0,0,false,false,0,0
4099,Combat stone,,13203 13213 13210 13211 13212 13209,,,0,0,false,false,0,0
4100,Combat stone,,13203 13213 13210 13211 13212,,,0,0,false,false,0,0
4101,Combat stone,,13203 13213 13211 13212 13207 13208 13209,,,0,0,false,false,0,0
4102,Combat stone,,13203 13213 13211 13212 13208 13209,,,0,0,false,false,0,0
4103,Combat stone,,13203 13213 13211 13212 13209,,,0,0,false,false,0,0
4104,Combat stone,,13203 13213 13211 13212,,,0,0,false,false,0,0
4105,Combat stone,,13203 13213 13212 13207 13208 13209,,,0,0,false,false,0,0
4106,Combat stone,,13203 13213 13212 13208 13209,,,0,0,false,false,0,0
4107,Combat stone,,13203 13213 13212 13209,,,0,0,false,false,0,0
4108,Combat stone,,13203 13213 13212,,,0,0,false,false,0,0
4109,Combat stone,,13203 13213 13207 13208 13209,,,0,0,false,false,0,0
4110,Combat stone,,13203 13213 13208 13209,,,0,0,false,false,0,0
4111,Combat stone,,13203 13213 13209,,,0,0,false,false,0,0
4112,Combat stone,,13203 13213,,,0,0,false,false,0,0
4113,Combat stone,,13203 13213 13204 13210 13211 13212 13207 13208 13209,,,0,0,false,false,0,0
4114,Combat stone,,13203 13213 13204 13210 13211 13212 13208 13209,,,0,0,false,false,0,0
4115,Combat stone,,13203 13213 13204 13210 13211 13212 13209,,,0,0,false,false,0,0
4116,Combat stone,,13203 13213 13204 13210 13211 13212,,,0,0,false,false,0,0
4117,Combat stone,,13203 13213 13204 13211 13212 13208 13207,,,0,0,false,false,0,0
4118,Combat stone,,13203 13213 13204 13211 13212 13208 13209,,,0,0,false,false,0,0
4119,Combat stone,,13203 13213 13204 13211 13212 13209,,,0,0,false,false,0,0
4120,Combat stone,,13203 13213 13204 13211 13212,,,0,0,false,false,0,0
4121,Combat stone,,13203 13213 13204 13212 13208 13209 13207,,,0,0,false,false,0,0
4122,Combat stone,,13203 13213 13204 13212 13208 13209,,,0,0,false,false,0,0
4123,Combat stone,,13203 13213 13204 13212 13209,,,0,0,false,false,0,0
4124,Combat stone,,13203 13213 13204 13212,,,0,0,false,false,0,0
4125,Combat stone,,13203 13213 13204 13208 13209 13207,,,0,0,false,false,0,0
4126,Combat stone,,13203 13213 13204 13208 13209,,,0,0,false,false,0,0
4127,Combat stone,,13203 13213 13204 13209,,,0,0,false,false,0,0
4128,Combat stone,,13203 13213 13204,,,0,0,false,false,0,0
4129,Combat stone,,13203 13213 13204 13205 13210 13211 13212 13207 13208 13209,,,0,0,false,false,0,0
4130,Combat stone,,13203 13213 13204 13205 13210 13211 13212 13208 13209,,,0,0,false,false,0,0
4131,Combat stone,,13203 13213 13204 13205 13210 13211 13212 13209,,,0,0,false,false,0,0
4132,Combat stone,,13203 13213 13204 13205 13210 13211 13212,,,0,0,false,false,0,0
4133,Combat stone,,13203 13213 13204 13205 13211 13212 13207 13208 13209,,,0,0,false,false,0,0
4134,Combat stone,,13203 13213 13204 13205 13211 13212 13208 13209,,,0,0,false,false,0,0
4135,Combat stone,,13203 13213 13204 13205 13211 13212 13209,,,0,0,false,false,0,0
4136,Combat stone,,13203 13213 13204 13205 13211 13212,,,0,0,false,false,0,0
4137,Combat stone,,13203 13213 13204 13205 13212 13207 13208 13209,,,0,0,false,false,0,0
4138,Combat stone,,13203 13213 13204 13205 13212 13208 13209,,,0,0,false,false,0,0
4139,Combat stone,,13203 13213 13204 13205 13212 13209,,,0,0,false,false,0,0
4140,Combat stone,,13203 13213 13204 13205 13212,,,0,0,false,false,0,0
4141,Combat stone,,13203 13213 13204 13205 13207 13208 13209,,,0,0,false,false,0,0
4142,Combat stone,,13203 13213 13204 13205 13208 13209,,,0,0,false,false,0,0
4143,Combat stone,,13203 13213 13204 13205 13209,,,0,0,false,false,0,0
4144,Combat stone,,13203 13213 13204 13205,,,0,0,false,false,0,0
4145,Combat stone,,13203 13213 13204 13205 13206 13210 13211 13212 13207 13208 13209,,,0,0,false,false,0,0
4146,Combat stone,,13203 13213 13204 13205 13206 13210 13211 13212 13208 13209,,,0,0,false,false,0,0
4147,Combat stone,,13203 13213 13204 13205 13206 13210 13211 13212 13209,,,0,0,false,false,0,0
4148,Combat stone,,13203 13213 13204 13205 13206 13210 13211 13212,,,0,0,false,false,0,0
4149,Combat stone,,13203 13213 13204 13205 13211 13212 13207 13208 13209,,,0,0,false,false,0,0
4150,Combat stone,,13203 13213 13204 13205 13206 13211 13212 13208 13209,,,0,0,false,false,0,0
4151,Combat stone,,13203 13213 13204 13205 13206 13211 13212 13209,,,0,0,false,false,0,0
4152,Combat stone,,13203 13213 13204 13205 13206 13211 13212,,,0,0,false,false,0,0
4153,Combat stone,,13203 13213 13204 13205 13206 13212 13207 13208 13209,,,0,0,false,false,0,0
4154,Combat stone,,13203 13213 13204 13205 13206 13212 13208 13209,,,0,0,false,false,0,0
4155,Combat stone,,13203 13213 13204 13205 13206 13212 13209,,,0,0,false,false,0,0
4156,Combat stone,,13203 13213 13204 13205 13206 13212,,,0,0,false,false,0,0
4157,Combat stone,,13203 13213 13204 13205 13206 13207 13208 13209,,,0,0,false,false,0,0
4158,Combat stone,,13203 13213 13204 13205 13206 13208 13209,,,0,0,false,false,0,0
4159,Combat stone,,13203 13213 13204 13205 13206 13209,,,0,0,false,false,0,0
4160,Combat stone,,13203 13213 13204 13205 13206,,,0,0,false,false,0,0
4161,Combat stone,,13203 13214,,,0,0,false,false,0,0
4162,Combat stone,,13203 13213 13210 13211 13212 13207 13208 13209,,,0,0,false,false,0,0
4163,Combat stone,,13203 13213 13210 13211 13212 13208 13209,,,0,0,false,false,0,0
4164,Combat stone,,13203 13213 13210 13211 13212 13209,,,0,0,false,false,0,0
4165,Combat stone,,13203 13213 13210 13211 13212,,,0,0,false,false,0,0
4166,Combat stone,,13203 13213 13211 13212 13207 13208 13209,,,0,0,false,false,0,0
4167,Combat stone,,13203 13213 13211 13212 13208 13209,,,0,0,false,false,0,0
4168,Combat stone,,13203 13213 13211 13212 13209,,,0,0,false,false,0,0
4169,Combat stone,,13203 13213 13211 13212,,,0,0,false,false,0,0
4170,Combat stone,,13203 13213 13212 13207 13208 13209,,,0,0,false,false,0,0
4171,Combat stone,,13203 13213 13212 13208 13209,,,0,0,false,false,0,0
4172,Combat stone,,13203 13213 13212 13209,,,0,0,false,false,0,0
4173,Combat stone,,13203 13213 13212,,,0,0,false,false,0,0
4174,Combat stone,,13203 13213 13207 13208 13209,,,0,0,false,false,0,0
4175,Combat stone,,13203 13213 13208 13209,,,0,0,false,false,0,0
4176,Combat stone,,13203 13213 13209,,,0,0,false,false,0,0
4177,Combat stone,,13203 13213,,,0,0,false,false,0,0
4178,Combat stone,,13203 13213 13204 13210 13211 13212 13207 13208 13209,,,0,0,false,false,0,0
4179,Combat stone,,13203 13213 13204 13210 13211 13212 13208 13209,,,0,0,false,false,0,0
4180,Combat stone,,13203 13213 13204 13210 13211 13212 13209,,,0,0,false,false,0,0
4181,Combat stone,,13203 13213 13204 13210 13211 13212,,,0,0,false,false,0,0
4182,Combat stone,,13203 13213 13204 13211 13212 13208 13207,,,0,0,false,false,0,0
4183,Combat stone,,13203 13213 13204 13211 13212 13208 13209,,,0,0,false,false,0,0
4184,Combat stone,,13203 13213 13204 13211 13212 13209,,,0,0,false,false,0,0
4185,Combat stone,,13203 13213 13204 13211 13212,,,0,0,false,false,0,0
4186,Combat stone,,13203 13213 13204 13212 13208 13209 13207,,,0,0,false,false,0,0
4187,Combat stone,,13203 13213 13204 13212 13208 13209,,,0,0,false,false,0,0
4188,Combat stone,,13203 13213 13204 13212 13209,,,0,0,false,false,0,0
4189,Combat stone,,13203 13213 13204 13212,,,0,0,false,false,0,0
4190,Combat stone,,13203 13213 13204 13208 13209 13207,,,0,0,false,false,0,0
4191,Combat stone,,13203 13213 13204 13208 13209,,,0,0,false,false,0,0
4192,Combat stone,,13203 13213 13204 13209,,,0,0,false,false,0,0
4193,Combat stone,,13203 13213 13204,,,0,0,false,false,0,0
4194,Combat stone,,13203 13213 13204 13205 13210 13211 13212 13207 13208 13209,,,0,0,false,false,0,0
4195,Combat stone,,13203 13213 13204 13205 13210 13211 13212 13208 13209,,,0,0,false,false,0,0
4196,Combat stone,,13203 13213 13204 13205 13210 13211 13212 13209,,,0,0,false,false,0,0
4197,Combat stone,,13203 13213 13204 13205 13210 13211 13212,,,0,0,false,false,0,0
4198,Combat stone,,13203 13213 13204 13205 13211 13212 13207 13208 13209,,,0,0,false,false,0,0
4199,Combat stone,,13203 13213 13204 13205 13211 13212 13208 13209,,,0,0,false,false,0,0
4200,Combat stone,,13203 13213 13204 13205 13211 13212 13209,,,0,0,false,false,0,0
4201,Combat stone,,13203 13213 13204 13205 13211 13212,,,0,0,false,false,0,0
4202,Combat stone,,13203 13213 13204 13205 13212 13207 13208 13209,,,0,0,false,false,0,0
4203,Combat stone,,13203 13213 13204 13205 13212 13208 13209,,,0,0,false,false,0,0
4204,Combat stone,,13203 13213 13204 13205 13212 13209,,,0,0,false,false,0,0
4205,Combat stone,,13203 13213 13204 13205 13212,,,0,0,false,false,0,0
4206,Combat stone,,13203 13213 13204 13205 13207 13208 13209,,,0,0,false,false,0,0
4207,Combat stone,,13203 13213 13204 13205 13208 13209,,,0,0,false,false,0,0
4208,Combat stone,,13203 13213 13204 13205 13209,,,0,0,false,false,0,0
4209,Combat stone,,13203 13213 13204 13205,,,0,0,false,false,0,0
4210,Combat stone,,13203 13213 13204 13205 13206 13210 13211 13212 13207 13208 13209,,,0,0,false,false,0,0
4211,Combat stone,,13203 13213 13204 13205 13206 13210 13211 13212 13208 13209,,,0,0,false,false,0,0
4212,Combat stone,,13203 13213 13204 13205 13206 13210 13211 13212 13209,,,0,0,false,false,0,0
4213,Combat stone,,13203 13213 13204 13205 13206 13210 13211 13212,,,0,0,false,false,0,0
4214,Combat stone,,13203 13213 13204 13205 13211 13212 13207 13208 13209,,,0,0,false,false,0,0
4215,Combat stone,,13203 13213 13204 13205 13206 13211 13212 13208 13209,,,0,0,false,false,0,0
4216,Combat stone,,13203 13213 13204 13205 13206 13211 13212 13209,,,0,0,false,false,0,0
4217,Combat stone,,13203 13213 13204 13205 13206 13211 13212,,,0,0,false,false,0,0
4218,Combat stone,,13203 13213 13204 13205 13206 13212 13207 13208 13209,,,0,0,false,false,0,0
4219,Combat stone,,13203 13213 13204 13205 13206 13212 13208 13209,,,0,0,false,false,0,0
4220,Combat stone,,13203 13213 13204 13205 13206 13212 13209,,,0,0,false,false,0,0
4221,Combat stone,,13203 13213 13204 13205 13206 13212,,,0,0,false,false,0,0
4222,Combat stone,,13203 13213 13204 13205 13206 13207 13208 13209,,,0,0,false,false,0,0
4223,Combat stone,,13203 13213 13204 13205 13206 13208 13209,,,0,0,false,false,0,0
4224,Combat stone,,13203 13213 13204 13205 13206 13209,,,0,0,false,false,0,0
4225,Combat stone,,13203 13213 13204 13205 13206,,,0,0,false,false,0,0
4226,Crawling hand,,3010 3006,,,0,0,false,false,0,0
4227,Cockatrice,,3010 3006,,,0,0,false,false,0,0
4228,Basilisk,,3010 3006,,,0,0,false,false,0,0
4229,Kurask,,3010 3006,,,0,0,false,false,0,0
4230,Abyssal demon,,3010 3006,,,0,0,false,false,0,0
4231,Left head,,3010 3006,,,0,0,false,false,0,0
4232,Middle head,,3010 3006,,,0,0,false,false,0,0
4233,Right head,,3010 3006,,,0,0,false,false,0,0
4234,Kalphite Queen,,3010 3006,,,0,0,false,false,0,0
4235,Rick,,10037 230 10304 11811 10980 10218 275 181,808 819 820 821 822,0,3038,0,false,true,0,0
4236,,,,808 819 820 821 822,0,3038,0,false,true,0,0
4237,Maid,,391 417 11360 11775 10706 15154 358,808 819 820 821 822,0,3038,0,false,true,0,0
4238,,,,808 819 820 821 822,0,3038,0,false,true,0,0
4239,Cook,,391 414 14793 15155 15123 10706 14792 358,808 819 820 821 822,0,3038,0,false,false,0,0
4240,,,,808 819 820 821 822,0,3038,0,false,true,0,0
4241,Butler,,6848 9620 12752 10301 12138 181,808 819 820 821 822,0,3038,0,false,true,0,0
4242,,,,808 819 820 821 822,0,3038,0,false,true,0,0
4243,Demon butler,,229 11811 15106 14373 180 12138 181,808 819 820 821 822,0,3038,0,false,true,0,0
4244,,,,808 819 820 821 822,0,3038,0,false,true,0,0
4245,Chief servant,,15121 230 5215 12751 322 162 4924 15147 254 181,808 819 820 821 822,0,3038,0,false,false,0,0
4246,Taxidermist,,15125 390 467 15124 428 358 7366,808 819 820 821 822,0,3038,0,false,false,0,0
4247,Estate agent,,13705 230 10039 11760 163 10218 8954 11339 181 18922,808 819 820 821 822,0,3038,0,false,false,0,0
4248,Stonemason,,7061 2979 2993 7046 7067 40128,101 98,297,51,0,false,false,0,0
4249,Sir Renitee,,6848 15145 246 8970 14091 8778 181 12857,3719,0,3038,0,false,false,0,0
4250,Sawmill operator,,230 9619 249 305 10980 179 274 181,808 819 820 821 822,0,3038,0,false,false,0,0
4251,Garden supplier,,11353 390 467 332 353 428 358 7366,808 819 820 821 822,0,3038,0,false,false,0,0
4252,Macaroni Penguin,,21550,5668 5666,1310,58,0,false,true,0,0
4253,,,,5335,1247,13,0,false,true,0,0
4254,,,,5335,1247,13,0,false,true,0,0
4255,,,,5335,1247,13,0,false,true,0,0
4256,,,,5335,1247,13,0,false,true,0,0
4257,Guard,,2971 2986 7051 7040 7043 7065 2993,101 98,297,51,0,false,false,0,0
4258,Guard,,2970 2986 7051 7040 7043 7065 2993,101 98,297,51,0,false,false,0,0
4259,Guard,,2971 2986 7051 7040 7043 7065 2993,101 98,297,51,0,false,false,0,0
4260,Guard,,2971 2986 7051 7040 7043 7065 2993,101 98,297,51,0,false,false,0,0
4261,Goblin,,24455 24483 24432 24476 24441 24449,6181 6180,1415,82,0,false,true,0,0
4262,Goblin,,24457 24483 24434 24476 24441 24449 24498,6181 6180,1415,82,0,false,true,0,0
4263,Goblin,,24457 24482 24431 24472 24441 24449,6181 6180,1415,82,0,false,true,0,0
4264,Goblin,,24455 24488 24433 24478 24441 24449,6181 6180,1415,82,0,false,true,0,0
4265,Goblin,,24458 24486 24433 24476 24441 24449,6181 6180,1415,82,0,false,true,0,0
4266,Goblin,,24455 24483 24432 24476 24441 24449,6181 6180,1415,82,0,false,true,0,0
4267,Goblin,,24466 24487 24432 24478 24441 24449,6181 6180,1415,82,0,false,true,0,0
4268,Goblin,,24467 24488 24434 24478 24442 24450,6181 6180,1415,82,0,false,true,0,0
4269,Goblin,,24467 24483 24437 24476 24442 24450,6181 6180,1415,82,0,false,true,0,0
4270,Goblin,,24469 24483 24437 24478 24442 24450,6181 6180,1415,82,0,false,false,0,0
4271,Goblin,,24457 24488 24433 24478 24442 24450,6181 6180,1415,82,0,false,true,0,0
4272,Goblin,,24458 24482 24434 24476 24442 24450 24509,6186 6187,1415,82,0,false,true,0,0
4273,Goblin,,24455 24488 24433 24478 24442 24449 24494,6181 6180,1415,82,0,false,true,0,0
4274,Goblin,,24457 24483 24437 24475 24442 24449 24505,6181 6180,1415,82,0,false,true,0,0
4275,Goblin,,24458 24486 24431 24476 24442 24449 24498 24506,6181 6180,1415,82,0,false,true,0,0
4276,Goblin,,24455 24486 24436 24478 24442 24449 24505,6181 6180,1415,82,0,false,true,0,0
4277,Buinn,,15359 15360 15361 15355 15362,,,0,0,false,false,0,0
4278,Animated Bronze Armour,,15311 15316 15301 15304 518 15314 15303,808 819 820 821 822,0,3038,0,false,false,0,0
4279,Animated Iron Armour,,15311 15316 15301 15304 518 15314 15303,808 819 820 821 822,0,3038,0,false,false,0,0
4280,Animated Steel Armour,,15311 15316 15301 15304 518 15314 15303,808 819 820 821 822,0,3038,0,false,false,0,0
4281,Animated Black Armour,,15311 15316 15301 15304 518 15314 15303,808 819 820 821 822,0,3038,0,false,false,0,0
4282,Animated Mithril Armour,,15311 15316 15301 15304 518 15314 15303,808 819 820 821 822,0,3038,0,false,false,0,0
4283,Animated Adamant Armour,,15311 15316 15301 15304 546 15314 15303,2065 2064,0,3038,0,false,false,0,0
4284,Animated Rune Armour,,15311 15316 15301 15304 518 15314 15303,808 819 820 821 822,0,3038,0,false,false,0,0
4285,Ghommal,,230 253 15315 11764 11727 11731 266 4954,808 819 820 821 822,0,3038,0,false,false,0,0
4286,Harrallak Menarous,,220 9620 15305 14187 162 179 5218 15415,,,0,0,false,false,0,0
4287,Gamfred,,10321 10325 2977 6021 2982 7067,101 98,297,51,0,false,false,0,0
4288,Ajjat,,217 10304 3379 8233 10298 15411 15414 268 15410 15318 18919,825 826,0,3038,0,false,false,0,0
4289,Kamfreena,,391 414 468 481 344 353 546 15413 5034 3331,2065 2064,0,3038,0,false,false,0,0
4290,Shanomi,,208 250 306 4604 15302 176 10318 15313 185,2561 2562,0,3038,0,false,false,0,0
4291,Cyclops,,26408 26400 17434 17467,4650 4649,1081,30,0,false,true,0,0
4292,Cyclops,,26409 26401 17430 17466,4650 4649,1081,30,0,false,true,0,0
4293,Lidio,,14174 215 10561 302 170 10218 12750 181,808 819 820 821 822,0,3038,0,false,true,0,0
4294,Lilly,,399 470 15321 332 10706 433 361,808 819 820 821 822,0,3038,0,false,false,0,0
4295,Anton,,214 249 293 15412 167 176 491 5218,808 819 820 821 822,0,3038,0,false,false,0,0
4296,Jade,,408 418 15320 343 10706 435,808,0,3038,0,false,false,0,0
4297,Sloane,,217 10304 311 18952 167 176 11788 11869 181,808 819 820 821 822,0,3038,0,false,false,0,0
4298,Jimmy,,201 230 11746 246 11759 11728 11732 11810 11736,2770 2769,0,3038,0,false,false,0,0
4299,Ref,,6848 10039 11811 10301 12138 9617,808 819 820 821 822,0,3038,0,false,false,0,0
4300,Ref,,6848 10039 11811 10301 12138 9617,808 819 820 821 822,0,3038,0,false,false,0,0
4301,Guard,,169 176 517 250 181 265 296 5434 5430 5433 317 5437,808 819 820 821 822,0,3038,0,false,false,0,0
4302,Guard,,169 176 517 250 181 265 296 5434 5430 5433 317 5437,808 819 820 821 822,0,3038,0,false,false,0,0
4303,Guard,,169 176 517 250 181 265 296 5434 5430 5433 317 5437,808 819 820 821 822,0,3038,0,false,false,0,0
4304,Guard,,169 176 517 250 181 265 296 5434 5430 5433 317 5437,808 819 820 821 822,0,3038,0,false,false,0,0
4305,Guard,,169 176 517 250 181 265 296 5434 5430 5433 317 5437,808 819 820 821 822,0,3038,0,false,false,0,0
4306,Guard,,169 176 517 250 181 265 296 5434 5430 5433 317 5437,808 819 820 821 822,0,3038,0,false,false,0,0
4307,Guard,,169 176 517 250 181 265 296 5434 5430 5433 317 5437,808 819 820 821 822,0,3038,0,false,false,0,0
4308,Guard,,169 176 517 250 181 265 296 5434 5430 5433 317 5437,808 819 820 821 822,0,3038,0,false,false,0,0
4309,Guard,,169 176 517 250 181 265 296 5434 5430 5433 317 5437,808 819 820 821 822,0,3038,0,false,false,0,0
4310,Guard,,169 176 517 250 181 265 296 5434 5430 5433 317 5437,808 819 820 821 822,0,3038,0,false,false,0,0
4311,Guard,,169 176 517 250 181 265 296 5434 5430 5433 317 5437,808 819 820 821 822,0,3038,0,false,false,0,0
4312,Nardok,,23851,4210,33,15,0,false,false,0,0
4313,,,,6040 6041,1383,60,0,false,true,0,0
4314,Dartog,,23658 23700 23633 23676,6040 6041,1383,60,0,false,false,0,0
4315,,,,101 98,297,51,0,false,true,0,0
4316,Dwarf,,2971 7072 7062 2979 7044 2985,101 98,297,51,0,false,false,0,0
4317,,,,4193 4194,0,3038,0,false,true,0,0
4318,H.A.M. Member,,163 176 247 185 265 292 5434 5430 5433 317 15475,4193 4194,0,3038,0,false,false,0,0
4319,,,,808 819 820 821 822,0,3038,0,false,true,0,0
4320,H.A.M. Member,,163 176 247 185 265 292 5434 5430 5433 317,808 819 820 821 822,0,3038,0,false,false,0,0
4321,,,,4193 4194,0,3038,0,false,true,0,0
4322,Zanik,,23638 23693,6040 6041,1383,60,0,false,false,0,0
4323,Zanik,,23638 23693 23683,5994 5995,1383,60,0,false,false,0,0
4324,Zanik,,23638 23693,6040 6041,1383,60,0,false,false,0,0
4325,Light creature,,6541,2051,3,5,0,false,true,0,0
4326,Zanik,,23650,6040 6041,1383,60,0,false,false,0,0
4327,HAM member,,169 176 15476 250 181 265 296 5434 5430 5433 317 5437,4208,0,3038,0,false,false,0,0
4328,Sigmund,,5430 5215 283 296 317 24536 177 518 24537 181 15476,4208,0,3038,0,false,false,0,0
4329,H.A.M. Deacon,,151 176 248 181 265 292 5434 5430 5433 317 15476,4208,0,3038,0,false,false,0,0
4330,Johanhus Ulsbrecht,,167 10218 215 249 181 265 292 5434 5433 317 15476,4208 819 820 821 822,0,3038,0,false,false,0,0
4331,Sigmund,,5430 5215 283 296 317 24536 177 518 24537 181,808 819 820 821 822,0,3038,0,false,false,0,0
4332,Sigmund,,5430 5215 283 296 317 24536 177 518 24537 181,808 819 820 821 822,0,3038,0,false,false,0,0
4333,Sigmund,,5430 5215 283 296 317 24536 177 518 24537 181,808 819 820 821 822,0,3038,0,false,false,0,0
4334,Sigmund,,5430 5215 283 296 317 24536 177 518 24537 181,808 819 820 821 822,0,3038,0,false,false,0,0
4335,Sigmund,,5430 5215 283 296 317 24536 177 518 24537 181,808 819 820 821 822,0,3038,0,false,false,0,0
4336,Guard,,169 176 517 250 181 265 296 5434 5430 5433 317 5437,808 819 820 821 822,0,3038,0,false,false,0,0
4337,Zanik,,23638 23693,6040 6041,1383,60,0,false,false,0,0
4338,,,,6040 6041,1383,60,0,false,true,0,0
4339,Zanik,,23638 23693,6040 6041,1383,60,0,false,false,0,0
4340,Zanik,,23650,6040 6041,1383,60,0,false,false,0,0
4341,Zanik,,23638 23693,6040,1383,60,0,false,false,0,0
4342,Zanik,,23638 23693 23679,6040 6041,1383,60,0,false,false,0,0
4343,Snake,,3002,277 274,340,9,0,false,false,0,0
4344,Monkey,,3004,222 219,320,6,0,false,true,0,0
4345,Albino bat,,18898,4914 4913,1153,17,0,false,false,0,0
4346,Crab,,13799,3424 3426,559,21,0,false,true,0,0
4347,Giant mosquito,,15965,2395 2396,932,5,0,false,true,0,0
4348,Jungle horror,,15653 15656,4231 4236,974,7,0,false,true,0,0
4349,Jungle horror,,15653 15656,4231 4236,974,7,0,false,true,0,0
4350,Jungle horror,,15652 15655,4231 4236,974,7,0,false,true,0,0
4351,Jungle horror,,15652 15655,4231 4236,974,7,0,false,true,0,0
4352,Jungle horror,,15653 15656,4231 4236,974,7,0,false,true,0,0
4353,Cave horror,,15651 15654,4231 4236,974,7,0,false,true,0,0
4354,Cave horror,,15651 15654,4231 4236,974,7,0,false,true,0,0
4355,Cave horror,,15651 15654 15658,4231 4236,974,7,0,false,true,0,0
4356,Cave horror,,15651 15654 15658,4231 4236,974,7,0,false,true,0,0
4357,Cave horror,,15651 15654 15657,4231 4236,974,7,0,false,true,0,0
4358,Cavey Davey,,28785 28792 28749 28756 28769 28808,7188 7189 7190 7193 7194,0,3038,0,false,false,0,0
4359,Patchy,,28817 28760,808 819 820 821 822,0,3038,0,false,true,0,0
4360,San Fan,,11118 456 343 353 15984 422,808 819 820 821 822,0,3038,0,false,false,0,0
4361,Fancy Dan,,193 214 250 15978 15973 177 5218,808 819 820 821 822,0,3038,0,false,false,0,0
4362,Honest Jimmy,,10038 15975 10304 14187 10301 177 15977,4257 4256,0,3038,0,false,false,0,0
4363,Monkey,,3004,222 219,320,6,0,false,true,0,0
4364,Swarm,,2950,,,0,0,false,false,0,0
4365,,,6318,,,0,0,false,false,0,0
4366,,,6318,,,0,0,false,false,0,0
4367,,,6318,,,0,0,false,false,0,0
4368,,,6318,,,0,0,false,false,0,0
4369,,,6318,,,0,0,false,false,0,0
4370,,,6318,,,0,0,false,false,0,0
4371,Blue Monkey,,4817 4824,1386 1380,588,41,0,false,true,0,0
4372,Red Monkey,,4817 4824,1386 1380,588,41,0,false,true,0,0
4373,Parrot,,15833,4259,981,1,0,false,false,0,0
4374,Parrot,,15833,4259,981,1,0,false,false,0,0
4375,Security Guard,,11737 10302 10304 296 169 179 3329 4954,808 819 820 821 822,0,3038,0,false,false,0,0
4376,Litara,,390 414 11783 11772 11777 11781 11778 11791,813 1205 1206 1207 1208,0,3038,0,false,false,0,0
4377,Gate of War,,10302,,,0,0,false,false,0,0
4378,Ricketty door,,10302,,,0,0,false,false,0,0
4379,Oozing barrier,,10302,,,0,0,false,false,0,0
4380,Portal of Death,,10302,,,0,0,false,false,0,0
4381,Ankou,,16016 16017,808 819 820 821 822,0,3038,0,false,true,0,0
4382,Ankou,,16016 16017,808 819 820 821 822,0,3038,0,false,true,0,0
4383,Ankou,,16016 16017,808 819 820 821 822,0,3038,0,false,true,0,0
4384,Skeleton,,21175 21160 21157 21182 21201 21187,5483 5481,1291,57,0,false,true,0,0
4385,Skeleton,,21170 21178 21160 21158 21181 21188,5483 5479,1291,57,0,false,true,0,0
4386,Skeleton,,21170 21178 21159 21156 21180 21202 21187,5483 5481,1291,57,0,false,true,0,0
4387,Ghost,,21154,5538 5539,1290,13,0,false,true,0,0
4388,Ghost,,21148,5530 5531,1289,22,0,false,false,0,0
4389,Flesh Crawler,,16018,1183 1189,575,7,0,false,true,0,0
4390,Flesh Crawler,,16018,1183 1189,575,7,0,false,true,0,0
4391,Flesh Crawler,,16018,1183 1189,575,7,0,false,true,0,0
4392,Zombie,,21003 20972 20953 20991 21015 20983 21036,5565 5570 5790 5788 5789,1288,32,0,false,true,0,0
4393,Zombie,,21102 21058 21040 21087 21116 21073 21136,5572 5570 5790 5788 5789,1288,32,0,false,true,0,0
4394,Zombie,,21104 21057 21037 21086 21113 21073 21132,5576 5577 5793 5792 5791,1288,32,0,false,true,0,0
4395,Giant rat,,18891 18889 18894,4932 4931,1152,10,0,false,false,0,0
4396,Rat,,9610,2704 2703,326,6,0,false,true,0,0
4397,Catablepon,,15914,4269 4268,989,6,0,false,false,0,0
4398,Catablepon,,15914,4269 4268,989,6,0,false,false,0,0
4399,Catablepon,,15914,4269 4268,989,6,0,false,false,0,0
4400,Giant spider,,20309 20310,5326 5325,1248,24,0,false,true,0,0
4401,Spider,,24613,6247 6248,1427,5,0,false,false,0,0
4402,Scorpion,,24609,6252 6253,1426,21,0,false,true,0,0
4403,Scorpion,,24609,6252 6253,1426,21,0,false,true,0,0
4404,Minotaur,,15915,4264 4263,990,5,0,false,false,0,0
4405,Minotaur,,15915,4264 4263,990,5,0,false,false,0,0
4406,Minotaur,,15915,4264 4263,990,5,0,false,false,0,0
4407,Goblin,,24457 24482 24431 24472 24441 24448 24507,6186 6187,1415,82,0,false,true,0,0
4408,Goblin,,24465 24482 24432 24474 24442 24449 24507,6186 6187,1415,82,0,false,false,0,0
4409,Goblin,,24466 24483 24432 24475 24443 24450 24507,6186 6187,1415,82,0,false,true,0,0
4410,Goblin,,24455 24484 24433 24476 24444 24451 24507,6186 6187,1415,82,0,false,true,0,0
4411,Goblin,,24468 24484 24434 24477 24444 24450 24507,6186 6187,1415,82,0,false,false,0,0
4412,Goblin,,24469 24482 24432 24476 24444 24450 24507,6186 6187,1415,82,0,false,false,0,0
4413,Wolf,,26265,6580 6556,1491,53,0,false,true,0,0
4414,Wolf,,26266,6580 6556,1491,53,0,false,false,0,0
4415,Rat,,9610,2704 2703,326,6,0,false,true,0,0
4416,Bee keeper,,230 249 305 162 179 273 185 16038,808,0,3038,0,false,false,0,0
4417,Bees!,,2950,,,0,0,false,false,0,0
4418,Gorak,,16205,4299 4298,1001,5,0,false,true,0,0
4419,Cosmic Being,,16204,4303 4304,1000,7,0,false,true,0,0
4420,,,3087,663,832,1,0,false,false,0,0
4421,,,3087,663,832,1,0,false,false,0,0
4422,,,,112 106,299,13,0,false,true,0,0
4423,,,,112 106,299,13,0,false,true,0,0
4424,,,,4318 4319,1003,14,0,false,true,0,0
4425,,,,4318 4319,1003,14,0,false,true,0,0
4426,,,,112 106,299,13,0,false,true,0,0
4427,,,,112 106,299,13,0,false,true,0,0
4428,,,,112 106,299,13,0,false,true,0,0
4429,,,,112 106,299,13,0,false,true,0,0
4430,,,,112 106,299,13,0,false,true,0,0
4431,,,,112 106,299,13,0,false,true,0,0
4432,,,,112 106,299,13,0,false,true,0,0
4433,Fairy Godfather,,11880,,,0,0,false,false,0,0
4434,Fairy Nuff,,11883,112 106,299,13,0,false,false,0,0
4435,,,,112 106,299,13,0,false,true,0,0
4436,,,,112 106,299,13,0,false,true,0,0
4437,Fairy Queen,,2858,112 106,299,13,0,false,false,0,0
4438,Centaur,,16196 16202 16199,4311 4310,1564,5,0,false,false,0,0
4439,Centaur,,16195 16201 16197,4311 4310,1564,5,0,false,false,0,0
4440,Stag,,25753,6374 6373,1472,9,0,false,false,0,0
4441,Wood Dryad,,16296 16295 16298 16297,808 819 820 821 822,0,3038,0,false,true,0,0
4442,Fairy Very Wise,,16218,112 106,299,13,0,false,false,0,0
4443,Fairy,,16219,112 106,299,13,0,false,false,0,0
4444,Fairy,,16220,112 106,299,13,0,false,false,0,0
4445,Fairy,,16223,112 106,299,13,0,false,false,0,0
4446,Fairy,,16221,112 106,299,13,0,false,false,0,0
4447,Rabbit,,23901,6089 6088,1395,20,0,false,true,0,0
4448,Rabbit,,23901,6089 6088,1395,20,0,false,true,0,0
4449,Butterfly,,3023,362,278,1,0,false,false,0,0
4450,Butterfly,,3023,362,278,1,0,false,false,0,0
4451,Starflower,,16194,4314,998,4,0,false,true,0,0
4452,Starflower,,16194,4315,998,4,0,false,true,0,0
4453,,,,112 106,299,13,0,false,true,0,0
4454,,,,112 106,299,13,0,false,true,0,0
4455,Fairy Fixit,,16222,112 106,299,13,0,false,false,0,0
4456,Ork,,16299 16303 16307 16321 16326 16317 16315 16316,4318 4319,1003,14,0,false,true,0,0
4457,Ork,,16300 16304 16308 16322 16330 16317 16315 16316,4318 4319,1003,14,0,false,true,0,0
4458,Ork,,16301 16305 16309 16323 16328 16317 16315 16316,4318 4319,1003,14,0,false,true,0,0
4459,Ork,,16302 16306 16310 16324 16329 16317 16315 16316,4318 4319,1003,14,0,false,false,0,0
4460,Fake Man,,4065,,,0,0,false,false,0,0
4461,Held vampyre juvinate,,14042 14039 14046 14041 14044,3551,0,3038,0,false,false,0,0
4462,Held vampyre juvinate,,14042 14039 14046 14041 14044,3551,0,3038,0,false,false,0,0
4463,Angry juvinate,,4089 310 167 176 275 33033,808 819 820 821 822,0,3038,0,false,false,0,0
4464,Angry juvinate,,4089 310 167 176 275 33033,808 819 820 821 822,0,3038,0,false,false,0,0
4465,Angry juvinate,,4089 310 167 176 275 33033,808 819 820 821 822,0,3038,0,false,false,0,0
4466,Benjamin,,9452 246 16342 16341 177 176 14044,808 819 820 821 822,0,3038,0,false,false,0,0
4467,Liam,,210 250 16342 16341 177 176 14044,808 819 820 821 822,0,3038,0,false,false,0,0
4468,Miala,,214 250 16342 16341 177 176 14044,808 819 820 821 822,0,3038,0,false,false,0,0
4469,Verak,,217 253 16342 16341 177 176 14044,808 819 820 821 822,0,3038,0,false,false,0,0
4470,Tree spirit,,2856,96 93,295,5,0,false,false,0,0
4471,,,,357 358,321,23,0,false,true,0,0
4472,Bogrog,,31698,8574 8573,1905,32,0,false,false,0,0
4473,Woman,,28824 40387 28842 40396 40382 28847,9870 9869,0,3038,0,false,true,0,0
4474,Magic dummy,,36512,,,0,0,false,false,0,0
4475,Ned,,215 253 299 151 10218 263 185 194 9621,808 819 820 821 822,0,3038,0,false,false,0,0
4476,Guardian mummy,,20906,5558 5557,1286,21,0,false,false,0,0
4477,Annoyed guardian mummy,,20906,5558 5557,1286,21,0,false,false,0,0
4478,Tarik,,6364 230 251 11758 33034 177 4206 181,808 819 820 821 822,0,3038,0,false,true,0,0
4479,Goblin,,24433 24443 24450 24464 24476 24484 24502 24506,6181 6180,1415,82,0,false,true,0,0
4480,Goblin,,24435 24441 24452 24455 24472 24486 24509,6186 6187,1415,82,0,false,true,0,0
4481,Goblin,,24432 24443 24449 24465 24476 24483 24505 24506,6181 6180,1415,82,0,false,false,0,0
4482,Goblin,,24432 24443 24449 24466 24476 24482 24507 24506,6200 6201,1415,82,0,false,true,0,0
4483,Goblin,,24431 24443 24448 24466 24476 24485 24502,6181 6180,1415,82,0,false,true,0,0
4484,Goblin,,24435 24441 24452 24457 24472 24485 24509,6186 6187,1415,82,0,false,true,0,0
4485,Goblin,,24431 24444 24448 24458 24477 24483 24509,6186 6187,1415,82,0,false,true,0,0
4486,Goblin,,24433 24443 24450 24464 24476 24484 24502 24506,6181 6180,1415,82,0,false,true,0,0
4487,Goblin,,24435 24441 24452 24455 24472 24486 24509,6186 6187,1415,82,0,false,true,0,0
4488,Goblin,,24432 24443 24449 24465 24476 24483 24505 24506,6181 6180,1415,82,0,false,false,0,0
4489,Goblin,,24432 24443 24449 24466 24476 24482 24507 24506,6200 6201,1415,82,0,false,true,0,0
4490,Goblin,,24431 24443 24448 24466 24476 24485 24502,6181 6180,1415,82,0,false,true,0,0
4491,Goblin,,24435 24441 24452 24455 24472 24485 24509,6186 6187,1415,82,0,false,true,0,0
4492,Goblin,,24431 24444 24448 24457 24477 24483 24509,6186 6187,1415,82,0,false,true,0,0
4493,General Bentnoze,,24456 24484 24433 24476 24443 24450 24505 24506,6203 6202,1415,82,0,false,true,0,0
4494,General Wartface,,24462 24484 24433 24477 24444 24450 24502 24506,6203 6202,1415,82,0,false,true,0,0
4495,,,,6181 6180,1415,82,0,false,true,0,0
4496,Grubfoot,,24435 24442 24452 24455 24472 24487,6181 6180,1415,82,0,false,true,0,0
4497,Grubfoot,,24435 24442 24452 24455 24472 24487,6181 6180,1415,82,0,false,true,0,0
4498,Grubfoot,,24435 24442 24452 24455 24472 24487,6181 6180,1415,82,0,false,true,0,0
4499,Goblin,,24466 24486 24432 24475 24442 24450 24502 24491,6181 6180,1415,82,0,false,true,0,0
4500,Scarab swarm,,6276,1947 1945,468,6,0,false,true,0,0
4501,Ethereal Man,,16480 16484 16487 16471 16475 16482 16474 16489 16483,813 1205 1206 1207 1208,0,3038,0,false,false,0,0
4502,Ethereal Lady,,16455 16504 16505 16507 16492 16497 16489 16502 16495,813 1205 1206 1207 1208,0,3038,0,false,false,0,0
4503,Ethereal Numerator,,16480 16484 16471 16475 16482 16474 16483,813 1205 1206 1207 1208,0,3038,0,false,false,0,0
4504,Ethereal Expert,,16480 16484 16471 16475 16482 16474 16483,813 1205 1206 1207 1208,0,3038,0,false,false,0,0
4505,Ethereal Perceptive,,16480 16484 16471 16475 16482 16474 16483 510,813 1205 1206 1207 1208,0,3038,0,false,false,0,0
4506,Ethereal Guide,,16480 16484 16471 16475 16482 16474 16483,813 1205 1206 1207 1208,0,3038,0,false,false,0,0
4507,Ethereal Fluke,,16480 16484 16471 16475 16482 16474 16483,813 1205 1206 1207 1208,0,3038,0,false,false,0,0
4508,Ethereal Mimic,,16480 16484 16471 16475 16482 16474 16483,808 819 820 821 822,0,3038,0,false,false,0,0
4509,Me,,16480 16484 16482 16475 16474 16487 16483 16489 16471,813 1205 1206 1207 1208,0,3038,0,false,false,0,0
4510,Me,,16455 16505 16502 16497 16495 16507 16504 452 16492,813 1205 1206 1207 1208,0,3038,0,false,false,0,0
4511,Oneiromancer,,16500 12141 16506 16494 16498 10699 16503,4424 4426 4427 4428 4429,0,3038,0,false,true,0,0
4512,House,,16736 16735 16737,4391 4390,1020,2,0,false,false,0,0
4513,Baba Yaga,,41754 16506 16494 353 534 16503,4424 4426 4427 4428 4429,0,3038,0,false,true,0,0
4514,Pauline Polaris,,16500 12141 16506 16493 16498 12143 16496,4424 4426 4427 4428 4429,0,3038,0,false,true,0,0
4515,Meteora,,390 16506 16493 16498 12143 16496 16499 16508,4424 4426 4427 4428 4429,0,3038,0,false,true,0,0
4516,Melana Moonlander,,12141 16506 16494 16498 16503 16508 16500,4424 4426 4427 4428 4429,0,3038,0,false,true,0,0
4517,Selene,,10078 16506 16493 16498 12143 16496 12140 16508,4424 4426 4427 4428 4429,0,3038,0,false,true,0,0
4518,Rimae Sirsalis,,403 16506 16493 16498 16503 16508,4424 4426 4427 4428 4429,0,3038,0,false,true,0,0
4519,Sirsal Banker,,220 253 16485 16472 16476 16481 16473 12086,4424,0,3038,0,false,false,0,0
4520,Clan Guard,,16480 16484 16487 16471 16475 16482 16474,4424 4426 4427 4428 4429,0,3038,0,false,false,0,0
4521,Enchanted Broom,,16738,4372,1021,1,0,false,true,0,0
4522,Enchanted Broom,,16738,4372,1021,1,0,false,true,0,0
4523,Enchanted Broom,,16738,4372,1021,1,0,false,true,0,0
4524,Enchanted Bucket,,16739,4374,1022,4,0,false,true,0,0
4525,Enchanted Bucket,,16739,4374,1022,4,0,false,true,0,0
4526,Bouquet Mac Hyacinth,,10078 16506 16493 16498 12143 16496 12140 16491,4424 4426 4427 4428 4429,0,3038,0,false,true,0,0
4527,Suqah,,16589 16594 16588 16591,4386 4383,1014,7,0,false,false,0,0
4528,Suqah,,16589 16593 16591,4386 4383,1014,7,0,false,false,0,0
4529,Suqah,,16589 16594 16591 16588,4386 4383,1014,7,0,false,false,0,0
4530,Suqah,,16589 16594 16592 16590,4386 4383,1014,7,0,false,false,0,0
4531,Suqah,,16589 16593 16592,4386 4383,1014,7,0,false,false,0,0
4532,Suqah,,16589 16594 16591 16590,4386 4383,1014,7,0,false,false,0,0
4533,Suqah,,16589 16594 16591,4386 4383,1014,7,0,false,false,0,0
4534,Moss giant,,17458 17439,4656 4655,1081,30,0,false,true,0,0
4535,Parrot,,214,,,0,0,false,false,0,0
4536,Lokar Searunner,,28781 28796 28748 28756 28776 28810,7188 7191 7192 7193 7194,0,3038,0,false,false,0,0
4537,Lokar Searunner,,28781 28796 28748 28756 28776 28810,7188 7191 7192 7193 7194,0,3038,0,false,false,0,0
4538,,,,7158 7160,1628,64,0,false,true,0,0
4539,Cabin boy,,28594,7158 7160,1628,64,0,false,false,0,0
4540,Captain Bentley,,28816,7188 7191 7192 7193 7194,0,3038,0,false,false,0,0
4541,'Beefy' Burns,,28820,7188 7191 7192 7193 7194,0,3038,0,false,true,0,0
4542,'Eagle-eye' Shultz,,28813,7188 7191 7192 7193 7194,0,3038,0,false,true,0,0
4543,First mate 'Davey-boy',,28811,7188 7191 7192 7193 7194,0,3038,0,false,false,0,0
4544,'Bird's-Eye' Jack,,28818,7188 7191 7192 7193 7194,0,3038,0,false,true,0,0
4545,'Picarron' Pete,,28780 28803 28752 28756 28776 28807,7188 7191 7192 7193 7194,0,3038,0,false,false,0,0
4546,Jake,,28780 28803 28752 28756 28776 28807,7188 7191 7192 7193 7194,0,3038,0,false,false,0,0
4547,Bedread the bold,,28783 28796 28750 28758 28777 28804 28765,7188 7191 7192 7193 7194,0,3038,0,false,false,0,0
4548,Wilson,,28783 28796 28750 28758 28777 28804 28764,7188 7191 7192 7193 7194,0,3038,0,false,false,0,0
4549,Tommy 2-times,,28790 28799 28749 28758 28772 28810 28765,7188 7191 7192 7193 7194,0,3038,0,false,true,0,0
4550,Murky Pat,,28785 28792 28755 28758 28769 28808 28765,7188 7191 7192 7193 7194,0,3038,0,false,false,0,0
4551,Jack Sails,,28781 28794 28752 28758 28771 28807 28765,7188 7191 7192 7193 7194,0,3038,0,false,true,0,0
4552,Palmer,,28781 28794 28752 28758 28771 28807 28764,7188 7191 7192 7193 7194,0,3038,0,false,true,0,0
4553,'Betty' B.Boppin,,28789 28797 28754 28756 28774 28807,7188 7191 7192 7193 7194,0,3038,0,false,true,0,0
4554,'Beedy-eye' Jones,,28789 28798 28752 28758 28767 28804 28765,7188 7191 7192 7193 7194,0,3038,0,false,true,0,0
4555,Jenny Blade,,28840 28843 28823 28825 28834 28847 28829,7188 7191 7192 7193 7194,0,3038,0,false,true,0,0
4556,'Lecherous' Lee,,28779 28791 28753 28758 28766 28804 28765,7188 7191 7192 7193 7194,0,3038,0,false,false,0,0
4557,'Sticky' Sanders,,28783 28796 28754 28758 28777 28804 28765,7188 7191 7192 7193 7194,0,3038,0,false,false,0,0
4558,Hirko,,16947 16948 16946 7046 7067,101 98,297,51,0,false,true,0,0
4559,Holoy,,16947 16948 16946 7046 2985,101 98,297,51,0,false,true,0,0
4560,Frizzy Skernip,,8238 2909 2922,195 189,319,88,0,false,true,0,0
4561,Yulf Squecks,,8238 2909 2922,195 189,319,88,0,false,true,0,0
4562,Praistan Ebola,,8238 2909 2922,195 189,319,88,0,false,true,0,0
4563,Hura,,16947 16948 16946 7046 10326 16949,101 98,297,51,0,false,false,0,0
4564,Digsite workman,,235 246 305 151 179 5218,808 819 820 821 822,0,3038,0,false,false,0,0
4565,Digsite workman,,214 246 305 151 179 5218,808 819 820 821 822,0,3038,0,false,false,0,0
4566,Examiner,,390 418 470 11775 10706 421 358,808 819 820 821 822,0,3038,0,false,false,0,0
4567,Examiner,,399 418 8786 14588 10706 428 358,808 819 820 821 822,0,3038,0,false,true,0,0
4568,Researcher,,16456 417 470 332 10706 419 358,808 819 820 821 822,0,3038,0,false,false,0,0
4569,Nick,,217 246 292 10980 10218 17284 271 181,4594,0,3038,0,false,true,0,0
4570,Crow,,26851,6786 6784,1534,5,0,false,true,0,0
4571,Crow,,26851,6787 6784,1534,5,0,false,true,0,0
4572,Gianne jnr.,,17009 16994 16984 16992,4536,319,88,0,false,false,0,0
4573,Timble,,17009 2909 2915,195 189,319,88,0,false,true,0,0
4574,Tamble,,17009 2909 2915,195 189,319,88,0,false,true,0,0
4575,Spang,,17009 2909 2915,195 189,319,88,0,false,true,0,0
4576,Brambickle,,17011 14824 2922 14177,195 189,319,88,0,false,false,0,0
4577,Wingstone,,17013 14824 2917 14177,195 189,319,88,0,false,false,0,0
4578,Penwie,,17013 14824 2917 14177,195 189,319,88,0,false,false,0,0
4579,Generic Diplomat,,17012 2909 2915,195 189,319,88,0,false,false,0,0
4580,Ambassador Gimblewap,,17012 2909 2915,195 189,319,88,0,false,false,0,0
4581,Ambassador Spanfipple,,17012 2909 2915,195 189,319,88,0,false,false,0,0
4582,Ambassador Ferrnook,,17012 2909 2915,195 189,319,88,0,false,false,0,0
4583,Professor Manglethorp,,17015 2909 2915,195 189,319,88,0,false,true,0,0
4584,Damwin,,2904 2913 2923,195 189,319,88,0,false,true,0,0
4585,Professor Onglewip,,17016 10340 16983,195 189,319,88,0,false,false,0,0
4586,Professor Imblewyn,,17016 10340 16983,195 189,319,88,0,false,false,0,0
4587,Perrdur,,17008 16994 2915 16992,4538,319,88,0,false,false,0,0
4588,Dalila,,2904 16995 2917 16992,4537,319,88,0,false,false,0,0
4589,Sorrn,,2899 2909 2915,195 189,319,88,0,false,true,0,0
4590,Mimm,,17018 2911 14825,195 189,319,88,0,false,true,0,0
4591,Eebel,,17008 2909 14825,195 189,319,88,0,false,true,0,0
4592,Ermin,,17008 2909 2915,195 189,319,88,0,false,true,0,0
4593,Portobello,,2908 14824 14825,195 189,319,88,0,false,true,0,0
4594,Captain Ninto,,2908 2909 2922,195 189,319,88,0,false,true,0,0
4595,Captain Daerkin,,2908 2909 2922,195 189,319,88,0,false,true,0,0
4596,Captain Lamdoo,,2908 2909 2922,195 189,319,88,0,false,true,0,0
4597,Meegle,,17018 14824 14825 17032,195 189,319,88,0,false,true,0,0
4598,Wurbel,,2905 16993 2924,195 189,319,88,0,false,true,0,0
4599,Sarble,,17018 16993 14825,195 189,319,88,0,false,true,0,0
4600,Guard Vemmeldo,,17017 2909 2915,195 189,319,88,0,false,false,0,0
4601,Burkor,,17019 16996 16985 17031,195 189,319,88,0,false,true,0,0
4602,Froono,,2909 2899 2918,195 189,319,88,0,false,true,0,0
4603,Fortress Guard,,7668 253 294 317 151 177 518 541 254 185,808 819 820 821 822,0,3038,0,false,false,0,0
4604,Fortress Guard,,7668 11190 294 317 151 177 555 541 254 185,813 1205 1206 1207 1208,0,3038,0,false,false,0,0
4605,Fortress Guard,,7668 248 294 317 151 177 540 541 254 185,813 1205 1206 1207 1208,0,3038,0,false,false,0,0
4606,Fortress Guard,,7668 252 294 317 151 177 518 541 254 185,808 819 820 821 822,0,3038,0,false,false,0,0
4607,Black Cat,,34012,9158 9157,2035,31,0,false,true,0,0
4608,Monk,,223 181 246 292 170 176 260 280 284,808 819 820 821 822,0,3038,0,false,false,0,0
4609,,,17026 17003 16990,195 189,319,88,0,false,true,0,0
4610,Brimstail,,17000 16986 17014 17007,195 189,319,88,0,false,false,0,0
4611,Saboteur,,4703 4704 4697,1412 189,319,88,0,false,true,0,0
4612,Gnome shop keeper,,2909 2901 2917,195 189,319,88,0,false,false,0,0
4613,,,,4472 4473,1054,5,0,false,true,0,0
4614,Cute creature,,16956 16954,,,0,0,false,false,0,0
4615,Evil creature,,16957 16955,,,0,0,false,false,0,0
4616,,,,4472 4473,1054,5,0,false,true,0,0
4617,Cute creature,,16956 16954,,,0,0,false,false,0,0
4618,Evil creature,,16957 16955,,,0,0,false,false,0,0
4619,,,,4472 4473,1054,5,0,false,true,0,0
4620,Cute creature,,16956 16954,,,0,0,false,false,0,0
4621,Evil creature,,16957 16955,,,0,0,false,false,0,0
4622,,,,4472 4473,1054,5,0,false,true,0,0
4623,Cute creature,,16956 16954,,,0,0,false,false,0,0
4624,Evil creature,,16957 16955,,,0,0,false,false,0,0
4625,,,,4472 4473,1054,5,0,false,true,0,0
4626,Cute creature,,16956 16954,,,0,0,false,false,0,0
4627,Evil creature,,16957 16955,,,0,0,false,false,0,0
4628,,,,4472 4473,1054,5,0,false,true,0,0
4629,Cute creature,,16956 16954,,,0,0,false,false,0,0
4630,Evil creature,,16957 16955,,,0,0,false,false,0,0
4631,fluffie,,16956 16954,4472 4473,1054,5,0,false,false,0,0
4632,fluffie,,16957 16955,4472 4473,1054,5,0,false,false,0,0
4633,Goblin,,24467 24483 24431 24475 24443 24452 24495 24506,6140 6141,1415,82,0,false,true,0,0
4634,Goblin,,24469 24486 24435 24476 24443 24452 24509,6140 6141,1415,82,0,false,false,0,0
4635,Goblin,,24468 24484 24432 24472 24442 24450 24505 24497,6140 6141,1415,82,0,false,false,0,0
4636,Goblin,,24455 24482 24433 24477 24444 24448 24497 24507,6140 6141,1415,82,0,false,true,0,0
4637,Goblin,,24464 24486 24433 24477 24444 24448 24502 24491,6140 6141,1415,82,0,false,true,0,0
4638,Gnome soldier,,2892 2914 2917,195 189,319,88,0,false,true,0,0
4639,Gnome soldier,,2890 14805 2917,195 189,319,88,0,false,true,0,0
4640,Gnome soldier,,2898 2914 10341,195 189,319,88,0,false,true,0,0
4641,Gnome soldier,,14806 2914 14811,195 189,319,88,0,false,true,0,0
4642,Gnome soldier,,2893 14809 14811,195 189,319,88,0,false,true,0,0
4643,Healthorg and tortoise,,14803 14801 14799 17273,3952,274,13,0,false,false,0,0
4644,Oaknock the Engineer,,17021 16999 16987,195 189,319,88,0,false,false,0,0
4645,Glouphrie the Untrusted,,16997 17007 16989,195 189,319,88,0,false,false,0,0
4646,King Healthorg,,17020 14805 16985 17033,195 189,319,88,0,false,false,0,0
4647,Hazelmere,,17024 17002 17274,195 189,319,88,0,false,true,0,0
4648,Nisha,,387 469 332 353 17284 429 358,4593,0,3038,0,false,true,0,0
4649,Tyras guard,,164 185 179 4019 3329 313 555,813 1205 1206 1207 1208,0,3038,0,false,false,0,0
4650,Trader Stan,,186 6848 5215 17354 17351 177 17366 267 8920,808 819 820 821 822,0,3038,0,false,false,0,0
4651,Trader Crewmember,,17352 10039 10305 163 177 267 185,808 819 820 821 822,0,3038,0,false,false,0,0
4652,Trader Crewmember,,17353 249 17365 10301 177 267 181,808 819 820 821 822,0,3038,0,false,true,0,0
4653,Trader Crewmember,,10038 17352 7611 151 177 267 181 248,808 819 820 821 822,0,3038,0,false,false,0,0
4654,Trader Crewmember,,11360 17355 7007 361 399,808 819 820 821 822,0,3038,0,false,false,0,0
4655,Trader Crewmember,,15320 9113 17355 393,808 819 820 821 822,0,3038,0,false,false,0,0
4656,Trader Crewmember,,469 428 358 393 17355,808 819 820 821 822,0,3038,0,false,true,0,0
4657,Sir Prysin,,17522 17529 17515 17520 17526 17517 513,808 819 820 821 822,0,3038,0,false,false,0,0
4658,Dark wizard,,208 5215 17528 17514 177 176 17525 181,808 819 820 821 822,0,3038,0,false,false,0,0
4659,Dark wizard,,208 11190 17528 17514 177 176 17525 181,808 819 820 821 822,0,3038,0,false,false,0,0
4660,Dark wizard,,208 5215 17528 17514 177 176 17525 181,808 819 820 821 822,0,3038,0,false,false,0,0
4661,Dark wizard,,208 252 17528 17514 177 176 17525 181,808 819 820 821 822,0,3038,0,false,false,0,0
4662,Denath,,17523 6131 17530 17513 17524,808 819 820 821 822,0,3038,0,false,true,0,0
4663,Denath,,17523 6131 17530 17513 17524 17519,808 4626,0,3038,0,false,false,0,0
4664,Wally,,230 11190 17529 17515 17520 513 268 17517,808 819 820 821 822,0,3038,0,false,false,0,0
4665,Baby blue dragon,,17412 17428 17421,27 21,1080,54,0,false,true,0,0
4666,Baby blue dragon,,17413 17427 17421,27 21,1080,54,0,false,true,0,0
4667,Baby red dragon,,17412 17428 17421,27 21,1080,54,0,false,true,0,0
4668,Baby red dragon,,17413 17427 17421,27 21,1080,54,0,false,true,0,0
4669,Red dragon,,17408 17425 17418,90 79,1080,54,0,false,true,0,0
4670,Red dragon,,17409 17425 17420,90 79,1080,54,0,false,true,0,0
4671,Red dragon,,17410 17425 17419,90 79,1080,54,0,false,true,0,0
4672,Red dragon,,17407 17426 17418,90 79,1080,54,0,false,true,0,0
4673,Black dragon,,17408 17426 17418,90 79,1080,54,0,false,true,0,0
4674,Black dragon,,17409 17425 17419,90 79,1080,54,0,false,true,0,0
4675,Black dragon,,17410 17425 17420,90 79,1080,54,0,false,true,0,0
4676,Black dragon,,17407 17425 17418,90 79,1080,54,0,false,true,0,0
4677,Green dragon,,17408 17426 17418,90 79,1080,54,0,false,true,0,0
4678,Green dragon,,17409 17425 17419,90 79,1080,54,0,false,true,0,0
4679,Green dragon,,17410 17425 17420,90 79,1080,54,0,false,true,0,0
4680,Green dragon,,17407 17426 17418,90 79,1080,54,0,false,true,0,0
4681,Blue dragon,,17407 17426 17418,90 79,1080,54,0,false,true,0,0
4682,Blue dragon,,17409 17425 17419,90 79,1080,54,0,false,true,0,0
4683,Blue dragon,,17410 17425 17420,90 79,1080,54,0,false,true,0,0
4684,Blue dragon,,17407 17425 17418,90 79,1080,54,0,false,true,0,0
4685,Ice giant,,17454 17442,4670 4669,1081,30,0,false,true,0,0
4686,Ice giant,,17453 17443,4670 4669,1081,30,0,false,true,0,0
4687,Ice giant,,17453 17443,4670 4669,1081,30,0,false,true,0,0
4688,Moss giant,,17457 17445,4656 4655,1081,30,0,false,true,0,0
4689,Hill Giant,,17462 17446 17441 17466,4650 4649,1081,30,0,false,true,0,0
4690,Hill Giant,,17464 17446 17434 17467,4650 4649,1081,30,0,false,true,0,0
4691,Hill Giant,,17462 17447 17440 17467,4650 4649,1081,30,0,false,true,0,0
4692,Hill Giant,,17464 17447 17431 17466,4650 4649,1081,30,0,false,true,0,0
4693,Hill Giant,,17463 17447 17434 17467,4650 4649,1081,30,0,false,true,0,0
4694,Lesser demon,,17378 17396 17384 17388,66 63,1078,30,0,false,false,0,0
4695,Lesser demon,,17377 17393 17385 17388,66 63,1078,30,0,false,false,0,0
4696,Lesser demon,,17379 17395 17386 17388,66 63,1078,30,0,false,false,0,0
4697,Lesser demon,,17377 17395 17386 17388,66 63,1078,30,0,false,false,0,0
4698,Greater demon,,17377 17393 17385 17399,66 63,1078,30,0,false,false,0,0
4699,Greater demon,,17378 17396 17386 17400,66 63,1078,30,0,false,false,0,0
4700,Greater demon,,17379 17395 17386 17399,66 63,1078,30,0,false,false,0,0
4701,Greater demon,,17378 17391 17385 17400,66 63,1078,30,0,false,false,0,0
4702,Black demon,,17377 17392 17386 17400,66 63,1078,30,0,false,false,0,0
4703,Black demon,,17378 17393 17387 17399,66 63,1078,30,0,false,false,0,0
4704,Black demon,,17379 17396 17385 17400,66 63,1078,30,0,false,false,0,0
4705,Black demon,,17375 17395 17385 17399,66 63,1078,30,0,false,false,0,0
4706,Moss giant,,17456 17445,4656 4654,1081,30,0,false,true,0,0
4707,Magic Tutor,,40375 28848 40396 40764 40380 28844 40386,9119 9676,0,3038,0,false,false,0,0
4708,Old Man Ral,,6364 230 4925 10378 18074 177 3711 18089 181,808 819 820 821 822,0,3038,0,false,false,0,0
4709,Vertida Sefalatis,,18086 246 18095 18075 18082 18092 181,808 819 820 821 822,0,3038,0,false,false,0,0
4710,Aeonisig Raispher,,217 14564 11190 284 292 14563 10218 14565 181,808 819 820 821 822,0,3038,0,false,false,0,0
4711,,,,808 819 820 821 822,0,3038,0,false,true,0,0
4712,,,,808 819 820 821 822,0,3038,0,false,true,0,0
4713,Safalaan,,18087 246 18134 10979 177 12138 181,808 819 820 821 822,0,3038,0,false,true,0,0
4714,,,,808 819 820 821 822,0,3038,0,false,true,0,0
4715,Sarius Guile,,18111 18118 18120 18105 18110 18114 18106,808 819 820 821 822,0,3038,0,false,false,0,0
4716,Trader Sven,,6848 248 5221 18074 177 3711 18090 181,808 819 820 821 822,0,3038,0,false,false,0,0
4717,Meiyerditch citizen,,6848 248 5221 18074 177 3711 18090 181,808 819 820 821 822,0,3038,0,false,false,0,0
4718,Meiyerditch citizen,,230 250 5673 18074 177 3711 18090 181,808 819 820 821 822,0,3038,0,false,false,0,0
4719,Meiyerditch citizen,,210 246 292 151 177 18089 12082,808 819 820 821 822,0,3038,0,false,false,0,0
4720,Meiyerditch citizen,,10302 246 292 18074 177 275 181,808 819 820 821 822,0,3038,0,false,false,0,0
4721,Meiyerditch citizen,,6848 246 292 169 177 18132 185,808 819 820 821 822,0,3038,0,false,false,0,0
4722,Meiyerditch citizen,,12137 246 292 170 177 15005 183,808 819 820 821 822,0,3038,0,false,false,0,0
4723,Meiyerditch citizen,,214 246 292 162 177 18131 18128,808 819 820 821 822,0,3038,0,false,false,0,0
4724,Meiyerditch citizen,,217 246 292 18074 177 18130 183,808 819 820 821 822,0,3038,0,false,false,0,0
4725,Meiyerditch citizen,,223 246 292 18074 177 15005 9823,808 819 820 821 822,0,3038,0,false,false,0,0
4726,Meiyerditch citizen,,223 246 292 18074 177 14320 18127,808 819 820 821 822,0,3038,0,false,false,0,0
4727,Meiyerditch citizen,,210 246 292 151 177 18089 12082,808 819 820 821 822,0,3038,0,false,false,0,0
4728,Meiyerditch citizen,,10302 246 292 18074 177 275 181,808 819 820 821 822,0,3038,0,false,false,0,0
4729,Meiyerditch citizen,,6848 246 292 169 177 18132 185,4712,0,3038,0,false,false,0,0
4730,Meiyerditch citizen,,12137 246 292 170 177 15005 183,4712,0,3038,0,false,false,0,0
4731,Meiyerditch citizen,,214 246 292 162 177 18131 18128,4712,0,3038,0,false,false,0,0
4732,Meiyerditch citizen,,18111 5678 348 353 428 358,808 819 820 821 822,0,3038,0,false,true,0,0
4733,Meiyerditch citizen,,378 5678 348 353 428 358,808 819 820 821 822,0,3038,0,false,true,0,0
4734,Meiyerditch citizen,,390 456 18103 353 438 358,808 819 820 821 822,0,3038,0,false,true,0,0
4735,Meiyerditch citizen,,10078 469 18100 353 18138 11779,808 819 820 821 822,0,3038,0,false,false,0,0
4736,Meiyerditch citizen,,393 470 18104 353 438 361,808 819 820 821 822,0,3038,0,false,false,0,0
4737,Meiyerditch citizen,,16456 471 18103 353 18138 7614,808 819 820 821 822,0,3038,0,false,false,0,0
4738,Meiyerditch citizen,,391 5678 18100 353 438 18136,808 819 820 821 822,0,3038,0,false,true,0,0
4739,Meiyerditch citizen,,408 474 18103 353 18138 18137,808 819 820 821 822,0,3038,0,false,false,0,0
4740,Meiyerditch citizen,,16459 8849 18104 353 438 18136,808 819 820 821 822,0,3038,0,false,false,0,0
4741,Meiyerditch citizen,,10078 5678 18100 353 18138 18136,808 819 820 821 822,0,3038,0,false,true,0,0
4742,Meiyerditch citizen,,390 456 18103 353 438 358,808 819 820 821 822,0,3038,0,false,true,0,0
4743,Meiyerditch citizen,,10078 469 18100 353 18138 11779,808 819 820 821 822,0,3038,0,false,false,0,0
4744,Meiyerditch citizen,,393 470 18104 353 438 361,4712,0,3038,0,false,false,0,0
4745,Meiyerditch citizen,,16456 471 18103 353 18138 7614,4712,0,3038,0,false,false,0,0
4746,A Meiyerditch child,,29215 29196 29208 28611 29198 28676,7158 7160,1628,64,0,false,false,0,0
4747,A Meiyerditch child,,29213 29192 29205 28611 29199 29211,7298 7297,1628,64,0,false,false,0,0
4748,A Meiyerditch child,,28603 29197 29204 28611 29200 29211,7158 7160,1628,64,0,false,false,0,0
4749,A Meiyerditch child,,29215 29192 29205 28611 29198 29211,7298 7297,1628,64,0,false,false,0,0
4750,A Meiyerditch child,,29213 29196 29204 28611 29200 28673,7158 7160,1628,64,0,false,false,0,0
4751,A Meiyerditch child,,28603 29192 29209 28611 29198 28676,7158 7160,1628,64,0,false,false,0,0
4752,A Meiyerditch child,,28608 29193 29210 28611 29203 28670,7158 7160,1628,64,0,false,false,0,0
4753,A Meiyerditch child,,29212 29194 29206 28611 29202 28670,7298 7297,1628,64,0,false,true,0,0
4754,A Meiyerditch child,,29214 29195 29207 28611 29201 28670,7158 7160,1628,64,0,false,false,0,0
4755,A Meiyerditch child,,28608 29193 28656 28611 29201 28670,7158 7160,1628,64,0,false,false,0,0
4756,Meiyerditch miner,,6848 246 18133 18070 177 18099 18088 7607,808 819 820 821 822,0,3038,0,false,false,0,0
4757,Meiyerditch miner,,18084 230 246 18133 18070 177 18099 18088 7607,808 819 820 821 822,0,3038,0,false,false,0,0
4758,Meiyerditch miner,,18084 230 246 18133 18070 177 18099 18088 7607,808 819 820 821 822,0,3038,0,false,false,0,0
4759,Meiyerditch miner,,18084 230 246 18133 18072 177 18099 18090 7607,808 819 820 821 822,0,3038,0,false,false,0,0
4760,Meiyerditch miner,,18084 230 246 18133 18072 177 18099 18090 7607,808 819 820 821 822,0,3038,0,false,false,0,0
4761,Meiyerditch miner,,18084 230 246 18133 18072 177 18099 18090 7607,808 819 820 821 822,0,3038,0,false,false,0,0
4762,Shadowy figure,,26160,6539 6541,1490,14,0,false,false,0,0
4763,Shadowy figure,,26160,6539 6541,1490,14,0,false,false,0,0
4764,Shadowy figure,,26160 26157,6545 6544,1490,14,0,false,false,0,0
4765,,,18009,4753 4754,1100,2,0,false,true,0,0
4766,Stray dog,,18168 18169 18167,4777 4773,1105,5,0,false,true,0,0
4767,Stray dog,,18169 18168 18167,4777 4773,1105,5,0,false,true,0,0
4768,Cat,,34028,9158 9157,2035,31,0,false,true,0,0
4769,Cat,,34028,9158 9157,2035,31,0,false,true,0,0
4770,Boat,,17556 17555,4755 4756,1091,2,0,false,false,0,0
4771,Boat,,17556 17555,4756,1091,2,0,false,false,0,0
4772,Juvinate guard,,17968 17986,4702 4699,1098,24,0,false,true,0,0
4773,Juvinate guard,,17962 17980,4702 4700,1098,24,0,false,true,0,0
4774,Vampyre juvenile,,17967 17985,4702 4699,1098,24,0,false,true,0,0
4775,Vampyre juvenile,,17961 17979,4703 4700,1098,24,0,false,true,0,0
4776,Vampyre juvinate,,17968 17986,4702 4699,1098,24,0,false,true,0,0
4777,Vampyre juvinate,,17962 17980,4702 4700,1098,24,0,false,true,0,0
4778,Held vampyre juvenile,,17967 17985,4768,1098,24,0,false,true,0,0
4779,Held vampyre juvenile,,17961 17979,4768,1098,24,0,false,true,0,0
4780,Held vampyre juvinate,,17968 17986,4768,1098,24,0,false,true,0,0
4781,Held vampyre juvinate,,17962 17980,4768,1098,24,0,false,true,0,0
4782,Vampyre juvinate,,17968 17999 17986,4711 4699,1098,24,0,false,true,0,0
4783,Former vampyre,,12137 246 16346 18077 18081 18091 18079,808 819 820 821 822,0,3038,0,false,false,0,0
4784,Former vampyre,,18086 246 18097 18078 18083 18093 18080,808 819 820 821 822,0,3038,0,false,false,0,0
4785,Former vampyre,,217 246 16346 18078 18083 18093 18080,808 819 820 821 822,0,3038,0,false,false,0,0
4786,Former vampyre,,18111 18116 18101 18108 18112 18107,808 819 820 821 822,0,3038,0,false,false,0,0
4787,Former vampyre,,16456 18117 18102 18109 18113 18107,808 819 820 821 822,0,3038,0,false,false,0,0
4788,Former vampyre,,10078 18116 18102 18109 18113 18107,808 819 820 821 822,0,3038,0,false,false,0,0
4789,Angry vampyre,,4089 16346 10133 16345 176 275 33033,808 819 820 821 822,0,3038,0,false,false,0,0
4790,Angry vampyre,,4089 16346 10133 16345 176 275 33033,808 819 820 821 822,0,3038,0,false,false,0,0
4791,Vanstrom Klause,,17976 17993,4702 4699,1098,24,0,false,true,0,0
4792,Vanstrom Klause,,17977 17995,4702 4699,1098,24,0,false,true,0,0
4793,Vanstrom Klause,,17977 17995,4702 4699,1098,24,0,false,true,0,0
4794,Vanstrom Klause,,18004 18003,4690 4684,1099,9,0,false,true,0,0
4795,Vanstrom Klause,,18004 18003,4707,1099,9,0,false,true,0,0
4796,Vanstrom Klause,,18004 18003,4696,1099,9,0,false,true,0,0
4797,Vanescula Drakan,,17964 17982,4703 4699,1098,24,0,false,true,0,0
4798,Vanescula Drakan,,17975 17994,4703 4700,1098,24,0,false,true,0,0
4799,Vanescula Drakan,,18006 18001,4690 4684,1099,9,0,false,true,0,0
4800,Vanescula Drakan,,18006 18001,4707,1099,9,0,false,true,0,0
4801,Ranis Drakan,,17974 17991,4702 4699,1098,24,0,false,true,0,0
4802,Ranis Drakan,,17973 17992,4702 4699,1098,24,0,false,true,0,0
4803,Ranis Drakan,,18005 18002,4690 4684,1099,9,0,false,true,0,0
4804,Ranis Drakan,,18005 18002,4707,1099,9,0,false,true,0,0
4805,Vyrewatch,,17963 18000 17981,4703 4700,1098,24,0,false,true,0,0
4806,Vyrewatch,,17960 18000 17978,4703 4700,1098,24,0,false,true,0,0
4807,Vyrewatch,,17965 18000 17983,4703 4700,1098,24,0,false,true,0,0
4808,Vyrewatch,,17966 18000 17984,4703 4700,1098,24,0,false,true,0,0
4809,Flying female vampire,,17952 17959,4706,1097,18,0,false,true,0,0
4810,Flying female vampire,,17951 17959,4706,1097,18,0,false,true,0,0
4811,Flying female vampire,,17953 17959,4706,1097,18,0,false,true,0,0
4812,Flying female vampire,,17954 17959,4706,1097,18,0,false,true,0,0
4813,Vyrewatch,,17952 17959,4689 4683,1097,18,0,false,true,0,0
4814,Vyrewatch,,17951 17959,4689 4683,1097,18,0,false,true,0,0
4815,Vyrewatch,,17953 17959,4689 4683,1097,18,0,false,true,0,0
4816,Vyrewatch,,17954 17959,4689 4683,1097,18,0,false,true,0,0
4817,Vyrewatch,,17969 18000 17987,4702 4699,1098,24,0,false,true,0,0
4818,Vyrewatch,,17970 18000 17988,4702 4699,1098,24,0,false,true,0,0
4819,Vyrewatch,,17971 18000 17989,4702 4699,1098,24,0,false,true,0,0
4820,Vyrewatch,,17972 18000 17990,4702 4699,1098,24,0,false,true,0,0
4821,Vyrewatch,,17955 17959,4706,1097,18,0,false,true,0,0
4822,Vyrewatch,,17956 17959,4706,1097,18,0,false,true,0,0
4823,Vyrewatch,,17957 17959,4706,1097,18,0,false,true,0,0
4824,Vyrewatch,,17958 17959,4706,1097,18,0,false,true,0,0
4825,Vyrewatch,,17955 17959,4689 4683,1097,18,0,false,true,0,0
4826,Vyrewatch,,17956 17959,4689 4683,1097,18,0,false,true,0,0
4827,Vyrewatch,,17957 17959,4689 4683,1097,18,0,false,true,0,0
4828,Vyrewatch,,17958 17959,4689 4683,1097,18,0,false,true,0,0
4829,Vyrewatch,,17952 17959,4689 4683,1097,18,0,false,true,0,0
4830,Vyrewatch,,17951 17959,4689 4683,1097,18,0,false,true,0,0
4831,Vyrewatch,,17953 17959,4689 4683,1097,18,0,false,true,0,0
4832,Vyrewatch,,17954 17959,4689 4683,1097,18,0,false,true,0,0
4833,Vyrewatch,,17955 17959,4689 4683,1097,18,0,false,true,0,0
4834,Vyrewatch,,17956 17959,4689 4683,1097,18,0,false,true,0,0
4835,Vyrewatch,,17957 17959,4689 4683,1097,18,0,false,true,0,0
4836,Vyrewatch,,17958 17959,4689 4683,1097,18,0,false,true,0,0
4837,Vyrewatch,,17963 18000 17981,4703 4700,1098,24,0,false,true,0,0
4838,Vyrewatch,,17960 18000 17978,4703 4700,1098,24,0,false,true,0,0
4839,Vyrewatch,,17965 18000 17983,4703 4700,1098,24,0,false,true,0,0
4840,Vyrewatch,,17966 18000 17984,4703 4700,1098,24,0,false,true,0,0
4841,Vyrewatch,,17969 18000 17987,4702 4699,1098,24,0,false,true,0,0
4842,Vyrewatch,,17969 18000 17987,4702 4699,1098,24,0,false,true,0,0
4843,Vyrewatch,,17969 18000 17987,4702 4699,1098,24,0,false,true,0,0
4844,Vyrewatch,,17969 18000 17987,4702 4699,1098,24,0,false,true,0,0
4845,Flying female vampire,,17952 17959,4706,1097,18,0,false,true,0,0
4846,Flying female vampire,,17951 17959,4706,1097,18,0,false,true,0,0
4847,Flying female vampire,,17953 17959,4706,1097,18,0,false,true,0,0
4848,Flying female vampire,,17954 17959,4706,1097,18,0,false,true,0,0
4849,Vyrewatch,,17955 17959,4706,1097,18,0,false,true,0,0
4850,Vyrewatch,,17956 17959,4706,1097,18,0,false,true,0,0
4851,Vyrewatch,,17957 17959,4706,1097,18,0,false,true,0,0
4852,Vyrewatch,,17958 17959,4706,1097,18,0,false,true,0,0
4853,,,,4780,0,3038,0,false,true,0,0
4854,,,,808 819 820 821 822,0,3038,0,false,true,0,0
4855,,,,808 819 820 821 822,0,3038,0,false,true,0,0
4856,Ezekial Lovecraft,,18191 230 10304 302 10980 10218 18194 14376,808 819 820 821 822,0,3038,0,false,false,0,0
4857,,,,808 819 820 821 822,0,3038,0,false,true,0,0
4858,,,,808 819 820 821 822,0,3038,0,false,true,0,0
4859,,,,808 819 820 821 822,0,3038,0,false,true,0,0
4860,,,,808 819 820 821 822,0,3038,0,false,true,0,0
4861,Sarius Guile,,18111 18118 18120 18105 18110 18114 18106,808 819 820 821 822,0,3038,0,false,false,0,0
4862,Vanstrom Klause,,17977 17995,4702 4699,1098,24,0,false,true,0,0
4863,Kennith,,28601,7158 4789,1628,64,0,false,true,0,0
4864,Kennith,,28601,7158 7160,1628,64,0,false,true,0,0
4865,,,,7158 7160,1628,64,0,false,true,0,0
4866,Holgart,,18487 215 18490 250 299 10980 10218 10218 14381 14376,4788 1205 1206 1207 1208,0,3038,0,false,false,0,0
4867,Holgart,,18487 215 18490 250 299 10980 10218 14381 14376,4787,0,3038,0,false,false,0,0
4868,Holgart,,18487 215 18490 250 299 10980 10218 14381 14376,4790,0,3038,0,false,false,0,0
4869,,,,808 819 820 821 822,0,3038,0,false,true,0,0
4870,Fisherman,,214 10304 11761 18126 177 562 176 4226 14376,4825 4779,0,3038,0,false,false,0,0
4871,,,,808 819 820 821 822,0,3038,0,false,true,0,0
4872,Col. O'Niall,,18190 214 11190 8780 10980 177 10218 18196,4780,0,3038,0,false,false,0,0
4873,Col. O'Niall,,18190 214 11190 8780 10980 177 10218 18196,4780,0,3038,0,false,false,0,0
4874,Mayor Hobb,,44866 18192 18193 18197 15008 330 10301 10218 263 14374,808,0,3038,0,false,false,0,0
4875,Mayor Hobb,,44866 18192 18346 18197 15008 330 10301 177 10218 263 14374,808 819 820 821 822,0,3038,0,false,false,0,0
4876,,,44866 18192 18193 18197 15008 330 10301 10218 263 14374,808 819 820 821 822,0,3038,0,false,false,0,0
4877,,,44866 18192 18346 18197 15008 330 10301 177 10218 263 14374,808 819 820 821 822,0,3038,0,false,false,0,0
4878,Brother Maledict,,6848 248 284 10985 170 177 256 181,808 819 820 821 822,0,3038,0,false,false,0,0
4879,Brother Maledict,,6848 248 284 10985 170 177 256 181,808 4779,0,3038,0,false,false,0,0
4880,,,,808 4779,0,3038,0,false,true,0,0
4881,,,,808 4779,0,3038,0,false,true,0,0
4882,,,,808 4779,0,3038,0,false,true,0,0
4883,Witchaven villager,,14339 217 10304 12085 33034 177 10218 15005 33033 4390,808 819 820 821 822,0,3038,0,false,false,0,0
4884,Witchaven villager,,14339 217 10304 12085 33034 177 10218 15005 33033 4390,808 4779,0,3038,0,false,false,0,0
4885,Witchaven villager,,12140 390 11360 11775 10706 13347 8934,808 819 820 821 822,0,3038,0,false,false,0,0
4886,Witchaven villager,,12140 390 11360 11775 10706 13347 8934,808 4779,0,3038,0,false,false,0,0
4887,Witchaven villager,,10741 215 249 18133 6999 10218 14380 14848,808 819 820 821 822,0,3038,0,false,false,0,0
4888,Witchaven villager,,10741 215 249 18133 6999 10218 14380 14848,808 4779,0,3038,0,false,false,0,0
4889,Mother Mallum,,18421 18423 18422,4819 4820,1115,3,0,false,false,0,0
4890,Slug Prince,,18420,4828 4821,1114,6,0,false,true,0,0
4891,,,,6263 6264,1426,21,0,false,true,0,0
4892,Giant lobster,,24607,6263 6264,1426,21,0,false,true,0,0
4893,Giant Lobster,,24607,6263 6264,1426,21,0,false,true,0,0
4894,Sea slug,,560,932 933,334,2,0,false,true,0,0
4895,Jeb,,18190 230 217 10304 10705 10980 177 10218 18195 18188,808 819 820 821 822,0,3038,0,false,false,0,0
4896,Jeb,,18190 230 217 10304 10705 10980 177 10218 18195 18188,808 4824,0,3038,0,false,false,0,0
4897,Sir Tinley,,214 249 306 323 164 179 268 184,2253 819 820 821 822,0,3038,0,false,false,0,0
4898,Hobgoblin,,9463 2995,166 162,312,10,0,false,false,0,0
4899,Cooking Tutor,,40328 40355 28799 40370 40343 28804,9870 9869,0,3038,0,false,false,0,0
4900,Crafting Tutor,,28748 40351 28794 40370 40344 28804,9870 9869,0,3038,0,false,false,0,0
4901,Fishing Tutor,,40360 40628,9679,0,3038,0,false,false,0,0
4902,Mining Tutor,,40338 40349 28798 40370 28767 28810 40317,3461 9678,0,3038,0,false,true,0,0
4903,Prayer Tutor,,28822 40391 28842 40396 40383 28848 40374,9870 9869,0,3038,0,false,true,0,0
4904,Smelting Tutor,,40330 42889 28798 40369 40347 28810,9870 9869,0,3038,0,false,true,0,0
4905,Smithing Tutor,,40341 42889 28798 40369 40347 28810 40320,9870 9869,0,3038,0,false,true,0,0
4906,Woodcutting Tutor,,40337 40361 28798 40370 40347 28804 40316 40367,9870 9869,0,3038,0,false,false,0,0
4907,Bank Tutor,,40376 40390 28845 40396 28837 28846,9870,0,3038,0,false,true,0,0
4908,Fishing spot,,36844,9645,2130,3,0,false,false,0,0
4909,Fritz the Glassblower,,14174 6848 247 14383 15412 151 179 14857 14848 515 9619,4859 819 820 821 822,0,3038,0,false,false,0,0
4910,Earth elemental,,18649,4866 4867,1130,7,0,false,true,0,0
4911,Elemental rock,,18649,4864,1130,7,0,false,true,0,0
4912,,,,,,0,0,false,false,0,0
4913,Jig cart,,18664,,,0,0,false,false,0,0
4914,Jig cart,,18664 18663,,,0,0,false,false,0,0
4915,Jig cart,,18664 18663,,,0,0,false,false,0,0
4916,Jig cart,,18664 18666,,,0,0,false,false,0,0
4917,Jig cart,,18664 18666,,,0,0,false,false,0,0
4918,Jig cart,,18664 18666,,,0,0,false,false,0,0
4919,Abidor Crank,,223 253 11761 170 10218 265 8919 534 14175,813 1146 820 821 822,0,3038,0,false,false,0,0
4920,Giant crypt rat,,18892 18890 18895,4932 4931,1152,10,0,false,false,0,0
4921,Giant crypt rat,,18893 18889 18896,4932 4931,1152,10,0,false,false,0,0
4922,Giant rat,,18892 18890 18895,4932 4931,1152,10,0,false,false,0,0
4923,Giant rat,,18893 18889 18896,4932 4931,1152,10,0,false,false,0,0
4924,Giant rat,,18892 18890 18895,4932 4931,1152,10,0,false,false,0,0
4925,Giant rat,,18893 18889 18896,4932 4931,1152,10,0,false,false,0,0
4926,Giant rat,,18892 18890 18895,4932 4931,1152,10,0,false,false,0,0
4927,Giant rat,,18893 18889 18896,4932 4931,1152,10,0,false,false,0,0
4928,Dungeon rat,,18892 18890 18895,4932 4931,1152,10,0,false,false,0,0
4929,Dungeon rat,,18893 18889 18896,4932 4931,1152,10,0,false,false,0,0
4930,Goat,,18901,5339 5340,1247,13,0,false,true,0,0
4931,Goat,,18902,5339 5340,1247,13,0,false,true,0,0
4932,Billy Goat,,18903,5339 5340,1247,13,0,false,true,0,0
4933,Goat,,18901,5339 5340,1247,13,0,false,true,0,0
4934,Goat,,18902,5339 5340,1247,13,0,false,true,0,0
4935,Billy Goat,,18903,5339 5340,1247,13,0,false,true,0,0
4936,Dungeon rat,,18892 18890 18895,4932 4931,1152,10,0,false,false,0,0
4937,Dungeon rat,,18893 18889 18896,4932 4931,1152,10,0,false,false,0,0
4938,Angry giant rat,,18892 18890 18895,4932 4931,1152,10,0,false,false,0,0
4939,Angry giant rat,,18893 18889 18896,4932 4931,1152,10,0,false,false,0,0
4940,Angry giant rat,,18892 18890 18895,4932 4931,1152,10,0,false,false,0,0
4941,Blessed giant rat,,18892 18890 18895,4932 4931,1152,10,0,false,false,0,0
4942,Giant rat,,18892 18890 18895,4932 4931,1152,10,0,false,false,0,0
4943,Giant rat,,18893 18889 18896,4932 4931,1152,10,0,false,false,0,0
4944,Giant rat,,18892 18890 18895,4932 4931,1152,10,0,false,false,0,0
4945,Giant rat,,18893 18889 18896,4932 4931,1152,10,0,false,false,0,0
4946,Ignatius Vulcan,,18086 246 3379 18931 164 179 268 181,808 819 820 821 822,0,3038,0,false,false,0,0
4947,My Arm,,19109,4986 283,461,49,0,false,true,0,0
4948,My Arm,,19109,4986 283,461,49,0,false,true,0,0
4949,My Arm,,19109,4986 283,461,49,0,false,true,0,0
4950,,,,4986 283,461,49,0,false,true,0,0
4951,,,,4986 283,461,49,0,false,true,0,0
4952,,,,4986 283,461,49,0,false,true,0,0
4953,,,,4986,461,49,0,false,true,0,0
4954,,,,4986 283,461,49,0,false,true,0,0
4955,,,,4986,461,49,0,false,true,0,0
4956,,,,4986 283,461,49,0,false,true,0,0
4957,My Arm,,19165 19110 19112,4986,461,49,0,false,true,0,0
4958,My Arm,,19165 19110 19111,4986,461,49,0,false,true,0,0
4959,My Arm,,19165 19110 19113,4986,461,49,0,false,true,0,0
4960,Adventurer,,19166,479,715,1,0,false,false,0,0
4961,,,,808 819 820 821 822,0,3038,0,false,true,0,0
4962,Captain Barnaby,,214 250 299 32592 263 10218 185 326,808 819 820 821 822,0,3038,0,false,false,0,0
4963,Murcaily,,8921 230 246 8928 173 8918 534 8925 8919,813 819 820 821 822,0,3038,0,false,false,0,0
4964,Jagbakoba,,206 252 8845 173 176 540 8925 8919,813 819 820 821 822,0,3038,0,false,false,0,0
4965,Tool Leprechaun,,17004 19107 19106 19108,5002,319,88,0,false,false,0,0
4966,,,,,,0,0,false,false,0,0
4967,Flies,,2950,,,0,0,false,false,0,0
4968,Unnamed troll child,,4942 6239 3756,286 283,461,49,0,false,false,0,0
4969,Drunken dwarf's leg,,4942 6239 3756,286 283,461,49,0,false,false,0,0
4970,,,,,,0,0,false,false,0,0
4971,Baby Roc,,19139,5029 5030,1178,13,0,false,true,0,0
4972,Giant Roc,,19136,5021 5022,1178,13,0,false,true,0,0
4973,Shadow,,19137,,,0,0,false,false,0,0
4974,Captain Barnaby,,214 250 299 151 263 10218 185 326,,,0,0,false,false,0,0
4975,Male slave,,217 250 19182 19173 19331 19181 19330 509,6935 819 820 821 822,0,3038,0,false,true,0,0
4976,Male slave,,217 250 19182 19173 19331 509 19181 19330,6935 819 820 821 822,0,3038,0,false,true,0,0
4977,Female slave,,393 19198 19189 19338 509 19197 19337,6935 819 820 821 822,0,3038,0,false,false,0,0
4978,Female slave,,393 19198 19189 19338 509 19197 19337,6935 819 820 821 822,0,3038,0,false,false,0,0
4979,Cart Camel,,19325 19326,5044,1201,2,0,false,false,0,0
4980,Mine Cart,,19284 19283,,,0,0,false,false,0,0
4981,Mine Cart,,19284,,,0,0,false,false,0,0
4982,Ana,,361,,,0,0,false,false,0,0
4983,Mercenary,,11737 4220 253 294 19329 19332 19336 523 6090 16473,808 819 820 821 822,0,3038,0,false,false,0,0
4984,,,,808 819 820 821 822,0,3038,0,false,true,0,0
4985,,,,808 819 820 821 822,0,3038,0,false,true,0,0
4986,,,,2702 819 820 821 822,0,3038,0,false,true,0,0
4987,,,,808 819 820 821 822,0,3038,0,false,true,0,0
4988,Irena,,10078 456 7005 10706 11357 8934,808 819 820 821 822,0,3038,0,false,false,0,0
4989,Mercenary,,9016 249 9458 8233 169 179 19336 19335 19333 16473 317,808 819 820 821 822,0,3038,0,false,false,0,0
4990,Mercenary,,214 5104 7365 9458 323 173 176 566 19335 262 16473,808 819 820 821 822,0,3038,0,false,false,0,0
4991,Mercenary,,6086 250 7365 9458 167 179 19336 517 19334 8919,808 819 820 821 822,0,3038,0,false,false,0,0
4992,Mercenary,,220 11190 280 9458 6999 179 566 19335 19333 8920,808 819 820 821 822,0,3038,0,false,false,0,0
4993,Guard,,235 248 294 151 177 566 517 6090 185,808 819 820 821 822,0,3038,0,false,false,0,0
4994,Guard,,11737 4220 247 301 169 8918 19336 523 6090 185,808 819 820 821 822,0,3038,0,false,false,0,0
4995,Guard,,11737 230 246 294 169 177 566 517 11869 8919,808 819 820 821 822,0,3038,0,false,false,0,0
4996,Guard,,11737 4220 253 294 19329 19332 19336 523 6090 16473,808 819 820 821 822,0,3038,0,false,false,0,0
4997,Guard,,220 253 294 160 179 19336 521 6090 16473 11768,808 819 820 821 822,0,3038,0,false,false,0,0
4998,Guard,,230 247 301 159 10218 566 517 11869 181,808 819 820 821 822,0,3038,0,false,false,0,0
4999,Guard,,235 248 294 151 177 566 517 6090 185,808 819 820 821 822,0,3038,0,false,false,0,0
5000,Guard,,11737 4220 247 301 169 8918 19336 523 6090 185,808 819 820 821 822,0,3038,0,false,false,0,0
5001,Guard,,11737 230 246 294 169 177 566 517 11869 8919,808 819 820 821 822,0,3038,0,false,false,0,0
5002,Guard,,235 248 294 151 177 566 517 6090 185,808 819 820 821 822,0,3038,0,false,false,0,0
5003,,,,5070 5069,1259,13,0,false,true,0,0
5004,,,,5070 5069,1259,13,0,false,true,0,0
5005,,,,5070 5069,1259,13,0,false,true,0,0
5006,,,,5070 5069,1259,13,0,false,true,0,0
5007,,,,5070 5069,1259,13,0,false,true,0,0
5008,,,,5070 5069,1259,13,0,false,true,0,0
5009,,,,5070 5069,1259,13,0,false,true,0,0
5010,,,,5070 5069,1259,13,0,false,true,0,0
5011,,,,5070 5069,1259,13,0,false,true,0,0
5012,,,,5070 5069,1259,13,0,false,true,0,0
5013,,,,5070 5069,1259,13,0,false,true,0,0
5014,,,,5070 5069,1259,13,0,false,true,0,0
5015,,,,5070 5069,1259,13,0,false,true,0,0
5016,,,,5070 5069,1259,13,0,false,true,0,0
5017,Gublinch,,20500,5070 5069,1259,13,0,false,false,0,0
5018,Gublinch,,20499,5070 5069,1259,13,0,false,true,0,0
5019,Gublinch,,20498,5070 5069,1259,13,0,false,true,0,0
5020,,,,7158 7160,1628,64,0,false,true,0,0
5021,,,,7158 7160,1628,64,0,false,true,0,0
5022,,,,7158 7160,1628,64,0,false,true,0,0
5023,Jack,,28603 28646 28664 28611 28615 28676,7158 7160,1628,64,0,false,true,0,0
5024,Jill,,28605 28643 28652 28611 28627 28669,7158 7160,1628,64,0,false,true,0,0
5025,Jeff,,28609 28631 28651 28611 28617 28673,7158 7160,1628,64,0,false,false,0,0
5026,Egg launcher,,20660,5424,1192,4,0,false,false,0,0
5027,Egg launcher,,20660,5425,1192,4,0,false,false,0,0
5028,Egg launcher,,20660,5424,1192,4,0,false,false,0,0
5029,Commander Connad,,20096 230 251 11758 11765 11727 11732 19251 11735 11763 11762,808 819 820 821 822,0,3038,0,false,true,0,0
5030,Captain Cain,,11740 230 252 11759 11765 11727 11732 19250 11735,808 819 820 821 822,0,3038,0,false,true,0,0
5031,Private Paldo,,11740 230 252 11759 11729 11732 11788 19250 11735,2065 2064,0,3038,0,false,true,0,0
5032,Private Pendron,,11740 230 249 11759 11764 11727 11732 11792 19250 11735,2561 2562,0,3038,0,false,true,0,0
5033,Private Pierreb,,11740 230 250 11759 11726 11732 11790 19250 11735,808 819 820 821 822,0,3038,0,false,true,0,0
5034,Private Paldon,,11740 230 251 11759 11726 11732 11793 19250 11735,2561 2562,0,3038,0,false,true,0,0
5035,Major Attack,,11740 230 252 11759 11727 11732 19250 11735 11764 19260,808 819 820 821 822,0,3038,0,false,true,0,0
5036,Major Collect,,11740 230 250 11758 11762 11727 11732 19250 11735 11764 19259,808 819 820 821 822,0,3038,0,false,true,0,0
5037,Major Defend,,11740 230 251 11758 11763 11726 11731 19250 11735 19261,808 819 820 821 822,0,3038,0,false,true,0,0
5038,Major Heal,,11740 230 252 11758 11763 11728 11731 19250 11735 11762 19262,808 819 820 821 822,0,3038,0,false,true,0,0
5039,Sergeant Sambur,,11740 230 252 11759 11729 11732 11788 19250 11735,2065 2064,0,3038,0,false,true,0,0
5040,Penance Fighter,,20697 20696,5094 5095,1262,5,0,false,false,0,0
5041,Penance Ranger,,20719 20720,5393 5394,1267,5,0,false,true,0,0
5042,Penance Runner,,20721,5099 5100,1268,5,0,false,false,0,0
5043,Penance Healer,,20698,5104 5107,1263,6,0,false,false,0,0
5044,Penance Fighter,,20697 20696,5094 5095,1262,5,0,false,false,0,0
5045,Penance Fighter,,20697 20696,5094 5095,1262,5,0,false,false,0,0
5046,Jack,,2906 2909 2918,195 189,319,88,0,false,true,0,0
5047,Jill,,2895 2912 2918,195 189,319,88,0,false,true,0,0
5048,Jeff,,2906 2909 2918,195 189,319,88,0,false,true,0,0
5049,Auguste,,19470 246 19476 19467 177 19472 181,808 819 820 821 822,0,3038,0,false,false,0,0
5050,Auguste,,19470 246 19476 19467 177 19472 181,808 819 820 821 822,0,3038,0,false,false,0,0
5051,Auguste,,19470 246 19476 19467 177 19472 181,773 772,0,3038,0,false,false,0,0
5052,Auguste,,19470 246 19476 19467 177 19472 181,808 819 820 821 822,0,3038,0,false,false,0,0
5053,Assistant Serf,,12137 246 19474 326 19465 10218 274 185,808 819 820 821 822,0,3038,0,false,false,0,0
5054,Assistant Brock,,6848 247 19474 19465 176 274 181,808 819 820 821 822,0,3038,0,false,false,0,0
5055,Assistant Marrow,,206 252 19474 19465 10218 5218,808 819 820 821 822,0,3038,0,false,false,0,0
5056,Assistant Le Smith,,19773 19772 10340,195 189,319,88,0,false,true,0,0
5057,Assistant Stan,,18086 250 19475 19465 10218 8919 19471,808 819 820 821 822,0,3038,0,false,false,0,0
5058,Bob,,18086 246 310 18125 10218 495 15005 18129,5146 5150,0,3038,0,false,false,0,0
5059,Curly,,18086 11190 14321 33034 10218 495 275 18127,5147 5151,0,3038,0,false,false,0,0
5060,Moe,,6848 11190 310 33034 10218 495 18132 18127,5148 5152,0,3038,0,false,false,0,0
5061,Larry,,214 11190 8845 33034 10218 495 15005 18129,5149 5153,0,3038,0,false,false,0,0
5062,,,,808 819 820 821 822,0,3038,0,false,true,0,0
5063,,,,808 819 820 821 822,0,3038,0,false,true,0,0
5064,,,,195 189,319,88,0,false,true,0,0
5065,,,,808 819 820 821 822,0,3038,0,false,true,0,0
5066,,,,808 819 820 821 822,0,3038,0,false,true,0,0
5067,Shark,,19778,10,335,3,0,false,false,0,0
5068,Shark,,19778,10,335,3,0,false,false,0,0
5069,Shark,,19778,10,335,3,0,false,false,0,0
5070,,,,,,0,0,false,false,0,0
5071,,,,,,0,0,false,false,0,0
5072,Tropical wagtail,,26839,6771 6773,1538,18,0,false,true,0,0
5073,Crimson swift,,26842,6771 6773,1538,18,0,false,true,0,0
5074,Cerulean twitch,,26850,6771 6773,1538,18,0,false,true,0,0
5075,Golden warbler,,26845,6771 6773,1538,18,0,false,true,0,0
5076,Copper longtail,,26848,6771 6773,1538,18,0,false,true,0,0
5077,,,,,,0,0,false,false,0,0
5078,,,,,,0,0,false,false,0,0
5079,Chinchompa,,19371,5182 5181,1203,5,0,false,false,0,0
5080,Carnivorous chinchompa,,19371,5182 5181,1203,5,0,false,false,0,0
5081,Ferret,,19373,5188 5187,1205,6,0,false,true,0,0
5082,Black warlock,,3023,362,278,1,0,false,false,0,0
5083,Snowy knight,,3023,362,278,1,0,false,false,0,0
5084,Sapphire glacialis,,3022,362,278,1,0,false,false,0,0
5085,Ruby harvest,,3022,362,278,1,0,false,false,0,0
5086,Prickly kebbit,,19381 19388 19384,5273 5272,1208,8,0,false,true,0,0
5087,Sabre-toothed kebbit,,19382 19389 19384,5273 5272,1208,8,0,false,true,0,0
5088,Barb-tailed kebbit,,19381 19386 19384,5273 5272,1208,8,0,false,true,0,0
5089,Wild kebbit,,19381 19389 19385,5273 5272,1208,8,0,false,true,0,0
5090,,,,,,0,0,false,false,0,0
5091,,,,,,0,0,false,false,0,0
5092,Matthias,,10981 251 293 323 169 19954 274 185,5160 5164,0,3038,0,false,false,0,0
5093,Matthias,,10981 251 293 323 169 19955 274 185,5160 5164,0,3038,0,false,false,0,0
5094,Gyr Falcon,,19974,5202 5284,1238,9,0,false,true,0,0
5095,Gyr Falcon,,19974,5202 5284,1238,9,0,false,true,0,0
5096,Gyr Falcon,,19974,5202 5284,1238,9,0,false,true,0,0
5097,Gyr Falcon,,19974 2498,5203 5284,1238,9,0,false,true,0,0
5098,Spotted kebbit,,19381 19389 19384,5273 5272,1208,8,0,false,true,0,0
5099,Dark kebbit,,19381 19389 19384,5273 5272,1208,8,0,false,true,0,0
5100,Dashing kebbit,,19389 19381 19384,5273 5272,1208,8,0,false,true,0,0
5101,,,,,,0,0,false,false,0,0
5102,,,,,,0,0,false,false,0,0
5103,Sabre-toothed kyatt,,19375,5225 5226,1206,28,0,false,false,0,0
5104,Spined larupia,,19376,5225 5226,1206,28,0,false,false,0,0
5105,Horned graahk,,19374,5225 5226,1206,28,0,false,false,0,0
5106,,,,,,0,0,false,false,0,0
5107,,,,,,0,0,false,false,0,0
5108,,,,,,0,0,false,false,0,0
5109,Artimeus,,19823 252 11759 14175 169 176 19333 181,808 819 820 821 822,0,3038,0,false,false,0,0
5110,Aleck,,19822 19832 14175 169 179 19333 19814,808 819 820 821 822,0,3038,0,false,false,0,0
5111,Leon,,9452 245 9620 10984 6036 151 179 19839 11339 181,808 819 820 821 822,0,3038,0,false,false,0,0
5112,Hunting expert,,19820 253 19830 19809 179 19825 185,808 819 820 821 822,0,3038,0,false,false,0,0
5113,Hunting expert,,19862 19871 19856 10706 19866 358 19873,808 819 820 821 822,0,3038,0,false,true,0,0
5114,Orange salamander,,19391,5263 5262,1209,2,0,false,true,0,0
5115,Red salamander,,19391,5263 5262,1209,2,0,false,true,0,0
5116,Black salamander,,19391,5263 5262,1209,2,0,false,true,0,0
5117,Swamp lizard,,19391,5263 5262,1209,2,0,false,true,0,0
5118,,,,,,0,0,false,false,0,0
5119,,,,,,0,0,false,false,0,0
5120,Eagle,,5728,1773,793,1,0,false,false,0,0
5121,Eagle,,5727 5729,1773,793,1,0,false,false,0,0
5122,Eagle,,5727 5729,1773,793,1,0,false,false,0,0
5123,Eagle,,5727 5729,1773,793,1,0,false,false,0,0
5124,,,,808 819 820 821 822,0,3038,0,false,true,0,0
5125,,,,808 819 820 821 822,0,3038,0,false,true,0,0
5126,Nickolaus,,251 230 292 327 3707 151 179 566 3704 275 6364 245,845 844,0,3038,0,false,false,0,0
5127,Nickolaus,,251 230 292 327 3707 151 179 566 3704 275 6364 245,,,0,0,false,false,0,0
5128,Nickolaus,,251 230 292 327 3707 151 179 566 3704 275 6364 245,,,0,0,false,false,0,0
5129,Nickolaus,,251 230 292 327 19859 151 179 566 3704 275 6364 20097,,,0,0,false,false,0,0
5130,Desert eagle,,19380,5280 5279,1207,4,0,false,false,0,0
5131,Jungle eagle,,19380,5280 5279,1207,4,0,false,false,0,0
5132,Polar eagle,,19380,5280 5279,1207,4,0,false,false,0,0
5133,Eagle,,19380,5280 5279,1207,4,0,false,false,0,0
5134,,,,5280 5279,1207,4,0,false,true,0,0
5135,,,,5280 5279,1207,4,0,false,true,0,0
5136,,,,5280 5279,1207,4,0,false,true,0,0
5137,Kebbit,,20090 20091 20093,5302 5301,1246,6,0,false,true,0,0
5138,Charlie,,20096 230 11190 292 20098 20095 15411 495 271 185,808 819 820 821 822,0,3038,0,false,false,0,0
5139,,,,5188 5187,1205,6,0,false,true,0,0
5140,Boulder,,20088,5310 5309,1244,2,0,false,true,0,0
5141,Uri,,13705 215 10039 292 323 170 177 8954 265 181 5434,808 819 820 821 822,0,3038,0,false,false,0,0
5142,Uri,,13705 215 10039 292 323 170 177 8954 265 181 5434,808 819 820 821 822,0,3038,0,false,false,0,0
5143,Uri,,13705 215 10039 292 323 170 177 8954 265 181 5434,808 819 820 821 822,0,3038,0,false,false,0,0
5144,Double agent,,13705 215 10039 292 323 170 177 8954 265 181 5434,808 819 820 821 822,0,3038,0,false,false,0,0
5145,Double agent,,13705 215 10039 292 323 170 177 8954 265 181 5434,808 819 820 821 822,0,3038,0,false,false,0,0
5146,Li'l lamb,,20272,5339 5340,1247,13,0,false,true,0,0
5147,Lamb,,20272,5339 5340,1247,13,0,false,true,0,0
5148,Sheep,,20283 20289 20285,5339 5340,1247,13,0,false,false,0,0
5149,Sheep,,20283 20289 20285,5339 5340,1247,13,0,false,false,0,0
5150,Sheep,,20283 20289 20285,5339 5340,1247,13,0,false,false,0,0
5151,Sheep,,20283 20289 20285,5339 5340,1247,13,0,false,false,0,0
5152,Sheep,,20283 20289 20285,5339 5340,1247,13,0,false,false,0,0
5153,Sheep,,20283 20289 20285,5339 5340,1247,13,0,false,false,0,0
5154,Sheep,,20283 20288 20284,5339 5340,1247,13,0,false,false,0,0
5155,Sheep,,20283 20289 20285,5339 5340,1247,13,0,false,false,0,0
5156,Sheep,,20290 20291,5335 5334,1247,13,0,false,false,0,0
5157,Sheep,,20290 20291,5335 5334,1247,13,0,false,false,0,0
5158,Sheep,,20292 20295 20293,5335 5334,1247,13,0,false,false,0,0
5159,Sheep,,20292 20295 20293,5335 5334,1247,13,0,false,false,0,0
5160,Sheep,,20292 20295 20293,5335 5334,1247,13,0,false,false,0,0
5161,Sheep,,20292 20295 20293,5335 5334,1247,13,0,false,false,0,0
5162,Sheep,,20282 20288 20284,5345 5344,1247,13,0,false,false,0,0
5163,Sheep,,20282 20289 20285,5345 5344,1247,13,0,false,false,0,0
5164,Sheep,,20290 20291,5335 5334,1247,13,0,false,false,0,0
5165,Sheep,,20283 20289 20285,5339 5340,1247,13,0,false,false,0,0
5166,Mountain Goat,,20274 20281 20279,5339 5340,1247,13,0,false,false,0,0
5167,Mountain Goat,,20273 20281 20277,5339 5340,1247,13,0,false,false,0,0
5168,Ram,,20292 20295 20294,5335 5334,1247,13,0,false,false,0,0
5169,Ram,,20292 20295 20294,5335 5334,1247,13,0,false,false,0,0
5170,Ram,,20282 20288 20286,5345 5344,1247,13,0,false,false,0,0
5171,Mountain goat,,20273 20280 20277,5339 5340,1247,13,0,false,false,0,0
5172,Golden sheep,,20283 20288 20284,5339 5340,1247,13,0,false,false,0,0
5173,Golden sheep,,20282 20288 20284,5345 5344,1247,13,0,false,false,0,0
5174,Ogre chieftain,,20379 20373,357 358,321,23,0,false,true,0,0
5175,,,,357 358,321,23,0,false,true,0,0
5176,Ogre shaman,,20369 20381 20387,357 358,321,23,0,false,false,0,0
5177,Ogre shaman,,20369 20381 20387,357 358,321,23,0,false,false,0,0
5178,Blue dragon,,17408 17425 17418,90 79,1080,54,0,false,true,0,0
5179,Elkoy,,2909 2890 2917,195 189,319,88,0,false,true,0,0
5180,,,,357 358,321,23,0,false,true,0,0
5181,Ogre shaman,,20368 20380 20387,357 358,321,23,0,false,false,0,0
5182,Elkoy,,2909 2890 2917,195 189,319,88,0,false,true,0,0
5183,,,,357 358,321,23,0,false,true,0,0
5184,Ogre shaman,,20370 20382 20387,357 358,321,23,0,false,true,0,0
5185,Biggleswade,,33001 32985 9644 6232 6697 348 10699 40595 13319 10690,813 1210 1206 1207 1208,0,3038,0,false,false,0,0
5186,,,,357 358,321,23,0,false,true,0,0
5187,Ogre shaman,,20370 20375 20387,357 358,321,23,0,false,true,0,0
5188,Saff Waldon,,33001 32985 9644 6232 6697 348 10699 40595 13319 10690,813 1210 1206 1207 1208,0,3038,0,false,false,0,0
5189,,,,357 358,321,23,0,false,true,0,0
5190,Ogre shaman,,20369 20376 20387,357 358,321,23,0,false,false,0,0
5191,Blaze Sharpeye,,41824,,,0,0,false,false,0,0
5192,,,,357 358,321,23,0,false,true,0,0
5193,Ogre shaman,,20368 20377 20387,357 358,321,23,0,false,false,0,0
5194,Blaze Sharpeye,,41824,,,0,0,false,false,0,0
5195,Wizard,,20398 214 250 20404 3189 20395 177 20402 181,808 819 820 821 822,0,3038,0,false,false,0,0
5196,Wizard,,20399 214 251 20406 3189 20395 177 20402 181,808 819 820 821 822,0,3038,0,false,false,0,0
5197,Wizard,,20399 214 250 20405 3189 20395 177 20402 181,808 819 820 821 822,0,3038,0,false,false,0,0
5198,Ava,,20461 17288 17287 18110 421 13339,808 819 820 821 822,0,3038,0,false,false,0,0
5199,,,,808 819 820 821 822,0,3038,0,false,true,0,0
5200,Witch,,9608 405 9361 9359 353 440,808 819 820 821 822,0,3038,0,false,true,0,0
5201,,,,808 819 820 821 822,0,3038,0,false,true,0,0
5202,Alice's husband,,5212 5219 20421 5209 5231 5216,5370 5372,0,3038,0,false,false,0,0
5203,Alice's husband,,5212 20460 5219 20421 5209 5231 5216,5370 5372,0,3038,0,false,false,0,0
5204,Alice's husband,,5212 20460 5219 20421 5209 5231 5216,5370 5372,0,3038,0,false,false,0,0
5205,Alice's husband,,5212 20460 5219 20421 5209 20426 5216,5371 5373,0,3038,0,false,false,0,0
5206,,,,5370 5372,0,3038,0,false,true,0,0
5207,Tree,,3014,,,0,0,false,false,0,0
5208,Undead tree,,3014,,,0,0,false,false,0,0
5209, Sneaky undead fowl,,20463,5386 5385,1255,13,0,false,false,0,0
5210,Cow1337killr,,215 6651 306 323 164 4954 6702 179 266,2065 2064,0,3038,0,false,false,0,0
5211,Undead cow,,23894,5852 5848,1338,21,0,false,true,0,0
5212,Alice,,393 414 467 348 353 421 7366,808 819 820 821 822,0,3038,0,false,false,0,0
5213,Penance Fighter,,20697 20696,5094 5095,1262,5,0,false,false,0,0
5214,Penance Fighter,,20697 20696,5094 5095,1262,5,0,false,false,0,0
5215,Penance Fighter,,20697 20696,5094 5095,1262,5,0,false,false,0,0
5216,Penance Fighter,,20697 20696,5094 5095,1262,5,0,false,false,0,0
5217,Penance Fighter,,20697 20696,5094 5095,1262,5,0,false,false,0,0
5218,Penance Fighter,,20697 20696,5094 5095,1262,5,0,false,false,0,0
5219,Penance Fighter,,20697 20696,5094 5095,1262,5,0,false,false,0,0
5220,Penance Runner,,20721,5099 5100,1268,5,0,false,false,0,0
5221,Penance Runner,,20721,5099 5100,1268,5,0,false,false,0,0
5222,Penance Runner,,20721,5099 5100,1268,5,0,false,false,0,0
5223,Penance Runner,,20721,5099 5100,1268,5,0,false,false,0,0
5224,Penance Runner,,20721,5099 5100,1268,5,0,false,false,0,0
5225,Penance Runner,,20721,5099 5100,1268,5,0,false,false,0,0
5226,Penance Runner,,20721,5099 5100,1268,5,0,false,false,0,0
5227,Penance Runner,,20721,5099 5100,1268,5,0,false,false,0,0
5228,Penance Runner,,20721,5099 5100,1268,5,0,false,false,0,0
5229,Penance Ranger,,20719 20720,5393 5394,1267,5,0,false,true,0,0
5230,Penance Ranger,,20719 20720,5393 5394,1267,5,0,false,true,0,0
5231,Penance Ranger,,20719 20720,5393 5394,1267,5,0,false,true,0,0
5232,Penance Ranger,,20719 20720,5393 5394,1267,5,0,false,true,0,0
5233,Penance Ranger,,20719 20720,5393 5394,1267,5,0,false,true,0,0
5234,Penance Ranger,,20719 20720,5393 5394,1267,5,0,false,true,0,0
5235,Penance Ranger,,20719 20720,5393 5394,1267,5,0,false,true,0,0
5236,Penance Ranger,,20719 20720,5393 5394,1267,5,0,false,true,0,0
5237,Penance Ranger,,20719 20720,5393 5394,1267,5,0,false,true,0,0
5238,Penance Healer,,20698,5104 5107,1263,6,0,false,false,0,0
5239,Penance Healer,,20698,5104 5107,1263,6,0,false,false,0,0
5240,Penance Healer,,20698,5104 5107,1263,6,0,false,false,0,0
5241,Penance Healer,,20698,5104 5107,1263,6,0,false,false,0,0
5242,Penance Healer,,20698,5104 5107,1263,6,0,false,false,0,0
5243,Penance Healer,,20698,5104 5107,1263,6,0,false,false,0,0
5244,Penance Healer,,20698,5104 5107,1263,6,0,false,false,0,0
5245,Penance Healer,,20698,5104 5107,1263,6,0,false,false,0,0
5246,Penance Healer,,20698,5104 5107,1263,6,0,false,false,0,0
5247,Penance Queen,,20717 20715 20714 20709 20713 20712 20711 20710,5410 5409,1265,7,0,false,false,0,0
5248,Queen spawn,,20718,5090 5089,1266,5,0,false,true,0,0
5249,Captain Errdo,,2908 14824 14825,195 189,319,88,0,false,true,0,0
5250,Scarab mage,,31020 31019,7618 7619,1761,20,0,false,true,0,0
5251,Locust rider,,31076 31077 31079,7583 7582,1278,13,0,false,false,0,0
5252,Locust rider,,31076 31077 31078,7583 7582,1278,13,0,false,false,0,0
5253,Giant scarab,,20821,5455 5454,1279,13,0,false,false,0,0
5254,Scarab mage,,31020 31019,7618 7619,1761,20,0,false,true,0,0
5255,Locust rider,,31076 31077 31079,7583 7582,1278,13,0,false,false,0,0
5256,Locust rider,,31076 31077 31078,7583 7582,1278,13,0,false,false,0,0
5257,,,,808 819 820 821 822,0,3038,0,false,true,0,0
5258,Banker,,215 6131 292 320 10979 10218 266 181,808 819 820 821 822,0,3038,0,false,true,0,0
5259,,,,808 819 820 821 822,0,3038,0,false,true,0,0
5260,Banker,,378 470 484 11348 10706 430 358,808 819 820 821 822,0,3038,0,false,false,0,0
5261,,,,808 819 820 821 822,0,3038,0,false,true,0,0
5262,Stonemason,,14174 217 10561 40204 11763 14587 10218 11112 181,808 819 820 821 822,0,3038,0,false,true,0,0
5263,,,,808 819 820 821 822,0,3038,0,false,true,0,0
5264,Nathifa,,376 10078 15010 9026 14588 353 9113 358,808 819 820 821 822,0,3038,0,false,true,0,0
5265,,,,808 819 820 821 822,0,3038,0,false,true,0,0
5266,Urbi,,376 390 9026 14588 10706 9113 358,808 819 820 821 822,0,3038,0,false,true,0,0
5267,,,,808 819 820 821 822,0,3038,0,false,true,0,0
5268,Jamila,,376 390 9026 14588 10706 9024 358,808 819 820 821 822,0,3038,0,false,true,0,0
5269,,,,808 819 820 821 822,0,3038,0,false,true,0,0
5270,Sophanem guard,,20762 456 20761 10706 20757 20763 358,813 1205 1206 1207 1208,0,3038,0,false,true,0,0
5271,,,,808 819 820 821 822,0,3038,0,false,true,0,0
5272,Sophanem guard,,20762 456 14588 10706 20760 20763 358,808 819 820 821 822,0,3038,0,false,true,0,0
5273,,,,808 819 820 821 822,0,3038,0,false,true,0,0
5274,Sophanem guard,,20750 251 11758 11762 14587 10218 20756 6090 181,813 1205 1206 1207 1208,0,3038,0,false,true,0,0
5275,,,,808 819 820 821 822,0,3038,0,false,true,0,0
5276,Sophanem guard,,20750 251 11758 11762 20746 10218 11201 6090 181,808 819 820 821 822,0,3038,0,false,true,0,0
5277,Menaphite guard,,20750 5104 11758 20754 20747 10218 9955 20751 185 20755 11762,808 819 820 821 822,0,3038,0,false,false,0,0
5278,Coenus,,20750 5104 11758 20754 20747 10218 9955 20751 185 20755 11762,808 819 820 821 822,0,3038,0,false,false,0,0
5279,Jex,,6130 248 6134 40165 6135 6133 185,808 819 820 821 822,0,3038,0,false,false,0,0
5280,,,,808 819 820 821 822,0,3038,0,false,true,0,0
5281,Maisa,,364 391 20830 470 332 10706 20829 419 358,808 819 820 821 822,0,3038,0,false,false,0,0
5282,,,,808 819 820 821 822,0,3038,0,false,true,0,0
5283,,,,808 819 820 821 822,0,3038,0,false,true,0,0
5284,Osman,,208 249 310 10980 176 275 181,808 819 820 821 822,0,3038,0,false,false,0,0
5285,Osman,,208 249 170 176 292 275 181,808 819 820 821 822,0,3038,0,false,false,0,0
5286,Osman,,208 254 249 170 176 181 292 490,808 819 820 821 822,0,3038,0,false,false,0,0
5287,Osman,,208 254 249 170 176 181 292 6099,808 819 820 821 822,0,3038,0,false,false,0,0
5288,Embalmer,,6130 251 280 6134 32593 10218 6135 266 185,808 819 820 821 822,0,3038,0,false,false,0,0
5289,Carpenter,,230 250 40200 151 176 491 266 185,808 819 820 821 822,0,3038,0,false,false,0,0
5290,Linen worker,,201 6130 247 6134 326 151 176 4047 265 185,808 819 820 821 822,0,3038,0,false,false,0,0
5291,Priest,,6130 248 6134 40165 6135 6133 185,808 819 820 821 822,0,3038,0,false,false,0,0
5292,Giant scarab,,20821,5455 5454,1279,13,0,false,false,0,0
5293,Zombie,,21102 21058 21040 21087 21116 21073 21140,5565 5566 5790 5788 5789,1288,32,0,false,true,0,0
5294,Zombie,,21105 21059 21041 21088 21117 21073 21140,5565 5566 5790 5788 5789,1288,32,0,false,true,0,0
5295,Zombie,,21003 20972 20953 20991 21015 20983 21036,5565 5566 5790 5788 5789,1288,32,0,false,true,0,0
5296,Zombie,,21002 20973 20954 20992 21016 20984 21036,5565 5566 5790 5788 5789,1288,32,0,false,true,0,0
5297,Zombie,,21004 20974 20955 20990 21017 20985 21036,5565 5566 5790 5788 5789,1288,32,0,false,true,0,0
5298,Zombie,,21103 21055 21039 21084 21115 21075 21140,5565 5566 5790 5788 5789,1288,32,0,false,true,0,0
5299,Zombie,,21106 21060 21042 21089 21118 21076 21140,5565 5566 5790 5788 5789,1288,32,0,false,true,0,0
5300,Zombie,,21102 21061 21043 21090 21119 21076 21140,5565 5566 5790 5788 5789,1288,32,0,false,true,0,0
5301,Zombie,,21005 20975 20956 20993 21018 20986 21036,5565 5566 5790 5788 5789,1288,32,0,false,true,0,0
5302,Zombie,,21006 20976 20957 20994 21019 20986 21036,5565 5566 5790 5788 5789,1288,32,0,false,true,0,0
5303,Zombie,,21002 20977 20958 20995 21020 20986 21036,5565 5566 5790 5788 5789,1288,32,0,false,true,0,0
5304,Zombie,,21112 21070 21052 21099 21128 21083 21140,5565 5566 5790 5788 5789,1288,32,0,false,true,0,0
5305,Zombie,,21102 21071 21053 21100 21129 21083,5565 5566 5790 5788 5789,1288,32,0,false,true,0,0
5306,Zombie,,21002 20969 20962 20999 21026 20982 21036,5565 5566 5790 5788 5789,1288,32,0,false,true,0,0
5307,Zombie,,21012 20970 20963 21000 21027 20982 21036,5565 5566 5790 5788 5789,1288,32,0,false,true,0,0
5308,Zombie,,21101 21072 21054 21100 21130 21083,5565 5566 5790 5788 5789,1288,32,0,false,true,0,0
5309,Zombie,,21112 21070 21052 21099 21128 21083 21031,5572 5570 5790 5788 5789,1288,32,0,false,true,0,0
5310,Zombie,,21111 21067 21049 21098 21125 21081 21140,5565 5566 5790 5788 5789,1288,32,0,false,true,0,0
5311,Zombie,,21101 21068 21050 21085 21126 21082 21140,5565 5566 5790 5788 5789,1288,32,0,false,true,0,0
5312,Zombie,,21009 20965 20959 20990 21023 20983 21036,5565 5566 5790 5788 5789,1288,32,0,false,true,0,0
5313,Zombie,,21010 20967 20960 20998 21024 20982 21036,5565 5566 5790 5788 5789,1288,32,0,false,true,0,0
5314,Zombie,,21105 21059 21041 21088 21117 21073 21136,5572 5570 5790 5788 5789,1288,32,0,false,true,0,0
5315,Zombie,,21002 20973 20954 20992 21016 20984 21029,5576 5577 5793 5792 5791,1288,32,0,false,true,0,0
5316,Zombie,,21107 21063 21045 21092 21121 21077 21139,5572 5570 5790 5788 5789,1288,32,0,false,true,0,0
5317,Zombie,,20948,5572 5570 5790 5788 5789,1288,32,0,false,true,0,0
5318,Zombie,,21106 21060 21042 21089 21118 21076 21139,5572 5570 5790 5788 5789,1288,32,0,false,true,0,0
5319,Zombie,,21112 21070 21052 21099 21128 21083 21134,5572 5570 5790 5788 5789,1288,32,0,false,true,0,0
5320,Zombie,,21002 20969 20962 20999 21026 20982 21031,5565 5570 5790 5788 5789,1288,32,0,false,true,0,0
5321,Zombie,,21012 20970 20963 21000 21027 20982 21035,5572 5570 5790 5788 5789,1288,32,0,false,true,0,0
5322,Zombie,,21002 20971 20964 21000 21028 20982 21029,5576 5577 5793 5792 5791,1288,32,0,false,true,0,0
5323,Zombie,,21111 21067 21049 21098 21125 21081 21136,5572 5570 5790 5788 5789,1288,32,0,false,true,0,0
5324,Zombie,,21101 21068 21050 21085 21126 21082 21139,5572 5570 5790 5788 5789,1288,32,0,false,true,0,0
5325,Zombie,,21102 21069 21051 21085 21127 21082 21134,5572 5570 5790 5788 5789,1288,32,0,false,true,0,0
5326,Zombie,,21009 20965 20959 20990 21023 20983 21035,5572 5570 5790 5788 5789,1288,32,0,false,true,0,0
5327,Zombie,,21011 20968 20961 20990 21025 20988 21031,5572 5570 5790 5788 5789,1288,32,0,false,true,0,0
5328,Zombie,,21102 21058 21040 21087 21116 21073 21133,5572 5570 5790 5788 5789,1288,32,0,false,true,0,0
5329,Zombie,,21105 21059 21041 21088 21117 21073 21133,5572 5570 5790 5788 5789,1288,32,0,false,true,0,0
5330,Zombie,,21003 20972 20953 20991 21015 20983 21030,5572 5570 5790 5788 5789,1288,32,0,false,true,0,0
5331,Zombie,,21002 20973 20954 20992 21016 20984 21030,5572 5570 5790 5788 5789,1288,32,0,false,true,0,0
5332,Skeleton,,21170 21178 21160 21158 21181 21188,5483 5479,1291,57,0,false,true,0,0
5333,Skeleton,,21168 21177 21159 21156 21180 21188,5483 5479,1291,57,0,false,true,0,0
5334,Skeleton,,21169 21161 21157 21182 21201 21186,5483 5481,1291,57,0,false,true,0,0
5335,Skeleton,,21170 21178 21160 21158 21181 21188,5483 5479,1291,57,0,false,true,0,0
5336,Skeleton,,21168 21177 21159 21156 21180 21188,5483 5479,1291,57,0,false,true,0,0
5337,Skeleton,,21173 21179 21160 21156 21182 21200 21186,5483 5481,1291,57,0,false,true,0,0
5338,Skeleton,,21175 21179 21161 21156 21181 21205 21187,5483 5481,1291,57,0,false,true,0,0
5339,Skeleton,,21174 21179 21161 21156 21182 21199 21186,5483 5481,1291,57,0,false,true,0,0
5340,Skeleton,,21169 21161 21157 21181 21204 21188,5483 5479,1291,57,0,false,true,0,0
5341,Skeleton,,21166,5495 5497,1291,57,0,false,true,0,0
5342,Ghost,,21147,5530 5531,1289,22,0,false,false,0,0
5343,Ghost,,21148,5530 5531,1289,22,0,false,false,0,0
5344,Ghost,,21149,5530 5531,1289,22,0,false,true,0,0
5345,Ghost,,21143,5530 5531,1289,22,0,false,true,0,0
5346,Ghost,,21144,5530 5531,1289,22,0,false,true,0,0
5347,Ghost,,21145,5530 5531,1289,22,0,false,true,0,0
5348,Ghost,,21146,5530 5531,1289,22,0,false,true,0,0
5349,Ghost,,21143,5530 5531,1289,22,0,false,true,0,0
5350,Ghost,,21146,5530 5531,1289,22,0,false,true,0,0
5351,Ghost,,21149,5530 5531,1289,22,0,false,true,0,0
5352,Ghost,,21147,5530 5531,1289,22,0,false,false,0,0
5353,Undead one,,21169 21161 21157 21182 21201 21186,5483 5481,1291,57,0,false,true,0,0
5354,Undead one,,21175 21179 21161 21156 21181 21205 21187,5483 5481,1291,57,0,false,true,0,0
5355,Undead one,,21001 20978 20951 20989 21013 20981 21036,5565 5566 5790 5788 5789,1288,32,0,false,true,0,0
5356,Undead one,,21007 20979 20952 20996 21013 20987 21036,5565 5566 5790 5788 5789,1288,32,0,false,true,0,0
5357,Undead one,,21110 21066 21048 21095 21124 21080 21131,5572 5570 5790 5788 5789,1288,32,0,false,true,0,0
5358,Undead one,,21008 20980 20952 20997 21022 20987 21032,5572 5570 5790 5788 5789,1288,32,0,false,true,0,0
5359,Giant skeleton,,21166,5493 5497,1291,57,0,false,true,0,0
5360,Mummy ashes,,20903,5563,1286,21,0,false,true,0,0
5361,Waterfiend,,34580,302 1417,2100,5,0,false,true,0,0
5362,Brutal green dragon,,17407 17426 17418,90 79,1080,54,0,false,true,0,0
5363,Mithril dragon,,24575 24584 24580,90 79,1080,54,0,false,true,0,0
5364,Confused barbarian,,26626 214 252 26640 26643 26620 26617 26622 11747 11788,2065 2064,0,3038,0,false,false,0,0
5365,Skeleton,,21168 21177 21159 21156 21180 21188,5483 5479,1291,57,0,false,true,0,0
5366,Skeleton,,21169 21161 21157 21182 21201 21186,5483 5481,1291,57,0,false,true,0,0
5367,Skeleton,,21173 21179 21160 21156 21182 21200 21186,5483 5481,1291,57,0,false,true,0,0
5368,Skeleton,,21175 21179 21161 21156 21181 21205 21187,5483 5481,1291,57,0,false,true,0,0
5369,Ghost,,21147,5530 5531,1289,22,0,false,false,0,0
5370,Ghost,,21143,5530 5531,1289,22,0,false,true,0,0
5371,Ghost,,21144,5530 5531,1289,22,0,false,true,0,0
5372,Ghost,,21149,5530 5531,1289,22,0,false,true,0,0
5373,Ghost,,21145,5530 5531,1289,22,0,false,true,0,0
5374,Ghost,,21146,5530 5531,1289,22,0,false,true,0,0
5375,Zombie,,21102 21058 21040 21087 21116 21073 21140,5565 5570 5790 5788 5789,1288,32,0,false,true,0,0
5376,Zombie,,21002 20973 20954 20992 21016 20984 21036,5565 5570 5790 5788 5789,1288,32,0,false,true,0,0
5377,Zombie,,21004 20974 20955 20990 21017 20985 21031,5572 5570 5790 5788 5789,1288,32,0,false,true,0,0
5378,Zombie,,21105 21059 21041 21088 21117 21073 21136,5572 5570 5790 5788 5789,1288,32,0,false,true,0,0
5379,Zombie,,21002 20973 20954 20992 21016 20984 21029,5576 5577 5793 5792 5791,1288,32,0,false,true,0,0
5380,Zombie,,21102 21058 21040 21087 21116 21073 21136,5572 5570 5790 5788 5789,1288,32,0,false,true,0,0
5381,Skeleton,,21172 21178 21159 21156 21180 21201 21187 21164,5483 5481,1291,57,0,false,true,0,0
5382,Animated steel armour,,15311 15316 15301 15304 518 15314 15303,808 819 820 821 822,0,3038,0,false,false,0,0
5383,Odovacar,,20859 20862 20853,5607 5606,0,3038,0,false,false,0,0
5384,Giant skeleton,,21166,5493 5497,1291,57,0,false,true,0,0
5385,Skeleton,,21193,5483 5479,1291,57,0,false,true,0,0
5386,Skeleton,,21172 21177 21160 21156 21180 21186 21199,5483 5481,1291,57,0,false,true,0,0
5387,Skeleton,,21173 21177 21159 21156 21181 21186 21200,5483 5481,1291,57,0,false,true,0,0
5388,Skeleton,,21175 21177 21161 21157 21181 21187 21205,5483 5481,1291,57,0,false,true,0,0
5389,Skeleton,,21168 21177 21161 21157 21182 21187 21205,5483 5481,1291,57,0,false,true,0,0
5390,Skeleton,,21168 21178 21161 21156 21182 21187 21202,5483 5481,1291,57,0,false,true,0,0
5391,Skeleton,,21168 21179 21160 21157 21182 21188 21202,5483 5479,1291,57,0,false,true,0,0
5392,Skeleton,,21168 21177 21162 21156 21184 21188 21203,5483 5479,1291,57,0,false,true,0,0
5393,Zombie,,21105 21132 21056 21038 21119 21077 21085,5576 5577,1288,32,0,false,true,0,0
5394,Zombie,,21105 21132 21056 21038 21119 21077 21085,5576 5577,1288,32,0,false,true,0,0
5395,Zombie,,21103 21132 21056 21038 21119 21077 21085,5576 5577,1288,32,0,false,true,0,0
5396,Zombie,,21104 21132 21056 21052 21119 21077 21085,5576 5577,1288,32,0,false,true,0,0
5397,Zombie,,21111 21132 21056 21052 21119 21077 21085,5576 5577,1288,32,0,false,true,0,0
5398,Zombie,,21111 21132 21056 21052 21119 21076 21088,5576 5577,1288,32,0,false,true,0,0
5399,Zombie,,21102 21139 21057 21037 21113 21073 21086,5572 5570,1288,32,0,false,true,0,0
5400,Zombie,,21102 21139 21057 21037 21113 21073 21086,5572 5570,1288,32,0,false,true,0,0
5401,Zombie,,21104 21139 21057 21037 21113 21073 21086,5572 5570,1288,32,0,false,true,0,0
5402,Zombie,,21101 21139 21067 21049 21125 21081 21098,5572 5570,1288,32,0,false,true,0,0
5403,Zombie,,21101 21139 21067 21049 21125 21081 21098,5572 5570,1288,32,0,false,true,0,0
5404,Zombie,,21101 21139 21067 21049 21125 21081 21098,5572 5570,1288,32,0,false,true,0,0
5405,Zombie,,21101 21139 21071 21052 21128 21083 21099,5572 5570,1288,32,0,false,true,0,0
5406,Zombie,,21101 21139 21071 21052 21128 21083 21099,5572 5570,1288,32,0,false,true,0,0
5407,Zombie,,21109 21139 21071 21052 21128 21083 21099,5572 5570,1288,32,0,false,true,0,0
5408,Zombie,,21112 21139 21056 21052 21128 21083 21099,5572 5570,1288,32,0,false,true,0,0
5409,Zombie,,21112 21139 21056 21052 21128 21083 21099,5572 5570,1288,32,0,false,true,0,0
5410,Zombie,,21111 21139 21056 21052 21128 21083 21099,5572 5570,1288,32,0,false,true,0,0
5411,Skeleton,,21173 21178 21160 21156 21180 21188 21199,5483 5479,1291,57,0,false,true,0,0
5412,Skeleton,,21175 21177 21161 21156 21180 21187 21202,5483 5481,1291,57,0,false,true,0,0
5413,Possessed pickaxe,,21380,5589 5593,1300,9,0,false,true,0,0
5414,Animated spade,,21381,5594 5595,1300,9,0,false,true,0,0
5415,Terror dog statue,,21383,,,0,0,false,false,0,0
5416,Terror dog statue,,21382,,,0,0,false,false,0,0
5417,Terror dog,,21382,5623 5622,1301,9,0,false,true,0,0
5418,Terror dog,,21382,5623 5622,1301,9,0,false,true,0,0
5419,Tarn,,20854 20861 20857,808 819 820 821 822,0,3038,0,false,false,0,0
5420,Tarn,,20855 20860 20856,808 819 820 821 822,0,3038,0,false,true,0,0
5421,Mutant tarn,,21379,5616 5615,1299,7,0,false,true,0,0
5422,Skeleton,,21175 21179 21161 21156 21181 21205 21187 21164,5483 5481,1291,57,0,false,true,0,0
5423,,,,808 819 820 821 822,0,3038,0,false,true,0,0
5424,Larry,,10981 249 21813 14175 10980 21811 21812 19947,808 819 820 821 822,0,3038,0,false,false,0,0
5425,Larry,,10981 249 21813 14175 10980 21811 21812 19947,808 819 820 821 822,0,3038,0,false,false,0,0
5426,Larry,,10981 249 21813 14175 10980 21811 21812 19947,808 819 820 821 822,0,3038,0,false,false,0,0
5427,,,,5668 5666,1310,58,0,false,true,0,0
5428,Penguin,,21547,5668 5666,1310,58,0,false,true,0,0
5429,Penguin,,21547,5668 5666,1310,58,0,false,true,0,0
5430,Penguin,,21547,5668 5666,1310,58,0,false,true,0,0
5431,KGP Guard,,21552,5668 5666,1310,58,0,false,true,0,0
5432,Pescaling Pax,,21551,5668 5666,1310,58,0,false,false,0,0
5433,Ping,,21547 21549,5673,1310,58,0,false,true,0,0
5434,Ping,,21547 21549,5668,1310,58,0,false,true,0,0
5435,Pong,,21547 21545,5675,1310,58,0,false,false,0,0
5436,Pong,,21547 21545,5668,1310,58,0,false,false,0,0
5437,Ping,,21547,5668 5666,1310,58,0,false,true,0,0
5438,Pong,,21547,5668 5666,1310,58,0,false,true,0,0
5439,,,,5668 5666,1310,58,0,false,true,0,0
5440,,,,,,0,0,false,false,0,0
5441,KGP Agent,,21552,5668 5666,1310,58,0,false,true,0,0
5442,KGP Agent,,21552,5668 5666,1310,58,0,false,true,0,0
5443,,,,5668 5666,1310,58,0,false,true,0,0
5444,Noodle,,21550,5668 5666,1310,58,0,false,true,0,0
5445,Penguin,,21547,5668 5666,1310,58,0,false,true,0,0
5446,Penguin suit,,21544,5668 5666,1310,58,0,false,false,0,0
5447,Agility Instructor,,21547 21548,5677 5676,1310,58,0,false,true,0,0
5448,Army Commander,,21546 21548,5677 5676,1310,58,0,false,true,0,0
5449,Penguin,,21547,5680,1310,58,0,false,true,0,0
5450,Penguin,,21547,5682,1310,58,0,false,true,0,0
5451,Penguin,,21547,5685,1310,58,0,false,true,0,0
5452,Icelord,,21802 21806,5722 5721,1323,6,0,false,true,0,0
5453,Icelord,,21803,5722 5721,1323,6,0,false,true,0,0
5454,Icelord,,21804,5722 5721,1323,6,0,false,false,0,0
5455,Icelord,,21805,5722 5721,1323,6,0,false,true,0,0
5456,Crusher,,21591,,,0,0,false,false,0,0
5457,Crusher,,21591,,,0,0,false,false,0,0
5458,Crusher,,21591,,,0,0,false,false,0,0
5459,Crusher,,21591,,,0,0,false,false,0,0
5460,Tree,,21840,5750,1331,3,0,false,false,0,0
5461,Jungle Tree,,21844,5751,1331,3,0,false,false,0,0
5462,Tolna,,217 11190 292 151 177 275 9823,808 819 820 821 822,0,3038,0,false,false,0,0
5463,Honour guard,,4220 252 292 162 179 4226 4218 540 326 4235 317 4219,813 819 820 821 822,0,3038,0,false,false,0,0
5464,Honour guard,,4220 252 292 162 179 4226 4218 540 326 4235 317 4219,813 819 820 821 822,0,3038,0,false,false,0,0
5465,Fridleif Shieldson,,4219 4220 242 252 293 323 21868 179 4236 19335 4226 4218,808 819 820 821 822,0,3038,0,false,false,0,0
5466,Thakkrad Sigmundson,,4219 4220 4221 253 292 4391 170 177 491 4226 4218,808 819 820 821 822,0,3038,0,false,false,0,0
5467,Iceberg,,19892,5770,1229,2,0,false,true,0,0
5468,Iceberg,,19895,5770,1229,2,0,false,false,0,0
5469,Arctic Pine,,16293 27610,5773,1334,2,0,false,false,0,0
5470,Fishing spot,,36844,9645,2130,3,0,false,false,0,0
5471,Fishing spot,,36844,9645,2130,3,0,false,false,0,0
5472,Ice Troll King,,21920 21917 21923 4949,286 283,461,49,0,false,true,0,0
5473,Ice troll runt,,4942 4943 3756 3763,286 283,461,49,0,false,false,0,0
5474,Ice troll male,,4942 4943 3756 3763,286 283,461,49,0,false,false,0,0
5475,Ice troll female,,4941 4944 3755 3765,286 283,461,49,0,false,false,0,0
5476,Ice troll grunt,,21921 3759 21918,286 283,461,49,0,false,false,0,0
5477,Bork Sigmundson,,230 11190 299 22164 170 10218 4046 4226 4218,808 819 820 821 822,0,3038,0,false,false,0,0
5478,King Gjuki Sorvott IV,,192 206 252 10984 323 10301 177 4226 4218,808 819 820 821 822,0,3038,0,false,false,0,0
5479,HRH Hrafn,,34007,9158 9157,2035,31,0,false,true,0,0
5480,Thorkel Silkbeard,,215 244 249 21884 162 179 4226 4218,808 819 820 821 822,0,3038,0,false,false,0,0
5481,Mord Gunnars,,208 252 299 162 179 4226 4218 3877 317,808 819 820 821 822,0,3038,0,false,false,0,0
5482,Mord Gunnars,,208 252 299 162 179 4226 4218 3877 317,808 819 820 821 822,0,3038,0,false,false,0,0
5483,Hring Hring,,214 252 5673 5667 4226 18128 5725 542,808 819 820 821 822,0,3038,0,false,false,0,0
5484,Flosi Dalksson,,217 252 305 162 179 12769 4226 4218,808 819 820 821 822,0,3038,0,false,false,0,0
5485,Raum Urda-Stein,,221 252 292 162 179 4226 4218 563 317,808 819 820 821 822,0,3038,0,false,false,0,0
5486,Skuli Myrka,,4220 252 299 162 179 4226 4218 550 4221 4219,808 819 820 821 822,0,3038,0,false,false,0,0
5487,Keepa Kettilon,,199 206 10039 14791 162 179 12765 12750 181,813 819 820 821 822,0,3038,0,false,false,0,0
5488,Magnus Gram,,208 252 292 170 176 265 185 317 326,808 819 820 821 822,0,3038,0,false,false,0,0
5489,Guard,,4219 230 11750 292 317 162 179 542 517 4226 4218,808 819 820 821 822,0,3038,0,false,false,0,0
5490,Guard,,4220 252 292 162 179 4226 4218 540 326 4235 317 4219,813 819 820 821 822,0,3038,0,false,false,0,0
5491,Guard,,4219 230 11750 292 317 162 179 542 517 4226 4218,808 819 820 821 822,0,3038,0,false,false,0,0
5492,Guard,,4219 230 11750 292 317 162 179 4236 517 4226 4218,808 819 820 821 822,0,3038,0,false,false,0,0
5493,Freygerd,,387 343 456 421 353 479 361,808 819 820 821 822,0,3038,0,false,false,0,0
5494,Lensa,,382 470 343 353 421 358 479,808 819 820 821 822,0,3038,0,false,false,0,0
5495,Vanligga Gastfrihet,,383 343 456 421 353 479 361 417,808 819 820 821 822,0,3038,0,false,false,0,0
5496,Sassilik,,382 483 456 479 348 353 421 358,808 819 820 821 822,0,3038,0,false,false,0,0
5497,Miner,,211 246 10984 10980 10218 509 5218,627 819 820 821 822,0,3038,0,false,false,0,0
5498,Miner,,211 246 10984 10980 10218 509 5218,808 819 820 821 822,0,3038,0,false,false,0,0
5499,Eric,,215 185 249 310 173 176 275,808 819 820 821 822,0,3038,0,false,false,0,0
5500,Gruva Patrull,,4219 230 11750 292 317 162 179 4236 517 4226 4218,808 819 820 821 822,0,3038,0,false,false,0,0
5501,Brendt,,2974 7069 7059 2978 7045 2985,101 98,297,51,0,false,false,0,0
5502,Grundt,,2974 7072 7063 2978 7044 2985,101 98,297,51,0,false,false,0,0
5503,Mawnis Burowgar,,21873 4220 22163 21885 21890 21863 176 21878 19945,808 819 820 821 822,0,3038,0,false,false,0,0
5504,Mawnis Burowgar,,235 22163 21885 21890 21863 176 21878 19945,808 819 820 821 822,0,3038,0,false,false,0,0
5505,Fridleif Shieldson,,4219 4220 242 250 21882 21863 179 21892 19335 21878 19945,808 819 820 821 822,0,3038,0,false,false,0,0
5506,Thakkrad Sigmundson,,4219 4220 4221 253 21886 167 177 491 14857 19945,808 819 820 821 822,0,3038,0,false,false,0,0
5507,Maria Gunnars,,383 470 479 11348 10706 428 358,808 819 820 821 822,0,3038,0,false,false,0,0
5508,Maria Gunnars,,383 470 479 11348 10706 428 358,808 819 820 821 822,0,3038,0,false,false,0,0
5509,Jofridr Mordstatter,,378 471 479 348 10706 11357 19950,808 819 820 821 822,0,3038,0,false,false,0,0
5510,Morten Holdstrom,,40236 21886 162 14380 253 19945 4391 176 194,808 819 820 821 822,0,3038,0,false,false,0,0
5511,Gunnar Holdstrom,,40236 292 162 4226 253 4218 4391 176 194,808 819 820 821 822,0,3038,0,false,false,0,0
5512,Anne Isaakson,,390 456 332 353 421 358,808 819 820 821 822,0,3038,0,false,true,0,0
5513,Lisse Isaakson,,408 417 21914 21899 10706 21911 358,808 819 820 821 822,0,3038,0,false,true,0,0
5514,Honour guard,,4220 252 21883 317 156 179 4236 19335 21878 19945 4219,813 819 820 821 822,0,3038,0,false,false,0,0
5515,Honour guard,,4220 252 21883 317 156 179 4236 19335 21878 19945 4219,808 819 820 821 822,0,3038,0,false,false,0,0
5516,Honour guard,,4219 4220 242 252 21883 323 156 179 21892 19335 21878 19945,808 819 820 821 822,0,3038,0,false,false,0,0
5517,Honour guard,,4219 4220 242 252 21883 317 156 179 4236 19335 21878 19945,808 819 820 821 822,0,3038,0,false,false,0,0
5518,Kjedelig Uppsen,,4219 4220 242 252 21883 323 156 179 21892 19335 21878 19945,813 819 820 821 822,0,3038,0,false,false,0,0
5519,Trogen Konungarde,,4219 4220 242 252 21883 323 156 179 21892 19335 21878 19945,813 819 820 821 822,0,3038,0,false,false,0,0
5520,Slug Hemligssen,,21875 230 253 21889 21864 21898 21881 21870,808 819 820 821 822,0,3038,0,false,false,0,0
5521,Ice troll runt,,4942 4943 3756 3763,286 283,461,49,0,false,false,0,0
5522,Ice troll male,,4942 4943 3756 3763,286 283,461,49,0,false,false,0,0
5523,Ice troll female,,4941 4944 3755 3765,286 283,461,49,0,false,false,0,0
5524,Ice troll grunt,,21921 3759 21918,286 283,461,49,0,false,false,0,0
5525,Ice troll runt,,4942 4943 3756 3763,286 283,461,49,0,false,false,0,0
5526,Ice troll male,,4942 4943 3756 3763,286 283,461,49,0,false,false,0,0
5527,Ice troll female,,4941 4944 3755 3765,286 283,461,49,0,false,false,0,0
5528,Ice troll grunt,,21921 3759 21918,286 283,461,49,0,false,false,0,0
5529,Yak,,22165,5785 5781,1338,21,0,false,true,0,0
5530,,,,808 819 820 821 822,0,3038,0,false,true,0,0
5531,Sorceress,,22288 403 451 11359 10839 353 8784 361,808 819 820 821 822,0,3038,0,false,false,0,0
5532,Apprentice,,22287 390 9026 347 353 428 361 22306,5800 5799,0,3038,0,false,false,0,0
5533,Autumn Elemental,,22264 22265,5801 5802,1340,3,0,false,true,0,0
5534,Autumn Elemental,,22264 22265,5801 5802,1340,3,0,false,true,0,0
5535,Autumn Elemental,,22264 22265,5801 5802,1340,3,0,false,true,0,0
5536,Autumn Elemental,,22264 22265,5801 5802,1340,3,0,false,true,0,0
5537,Autumn Elemental,,22264 22265,5801 5802,1340,3,0,false,true,0,0
5538,Autumn Elemental,,22264 22265,5801 5802,1340,3,0,false,true,0,0
5539,Spring Elemental,,22266 22267,5801 5802,1340,3,0,false,true,0,0
5540,Spring Elemental,,22266 22267,5801 5802,1340,3,0,false,true,0,0
5541,Spring Elemental,,22266 22267,5801 5802,1340,3,0,false,true,0,0
5542,Spring Elemental,,22266 22267,5801 5802,1340,3,0,false,true,0,0
5543,Spring Elemental,,22266 22267,5801 5802,1340,3,0,false,true,0,0
5544,Spring Elemental,,22266 22267,5801 5802,1340,3,0,false,true,0,0
5545,Spring Elemental,,22266 22267,5801 5802,1340,3,0,false,true,0,0
5546,Spring Elemental,,22266 22267,5801 5802,1340,3,0,false,true,0,0
5547,Summer Elemental,,22269 22270,5801 5802,1340,3,0,false,true,0,0
5548,Summer Elemental,,22269 22270,5801 5802,1340,3,0,false,true,0,0
5549,Summer Elemental,,22269 22270,5801 5802,1340,3,0,false,true,0,0
5550,Summer Elemental,,22269 22270,5801 5802,1340,3,0,false,true,0,0
5551,Summer Elemental,,22269 22270,5801 5802,1340,3,0,false,true,0,0
5552,Summer Elemental,,22269 22270,5801 5802,1340,3,0,false,true,0,0
5553,Winter Elemental,,22272 22273,5803 5802,1340,3,0,false,true,0,0
5554,Winter Elemental,,22272 22273,5803 5802,1340,3,0,false,true,0,0
5555,Winter Elemental,,22272 22273,5803 5802,1340,3,0,false,true,0,0
5556,Winter Elemental,,22272 22273,5803 5802,1340,3,0,false,true,0,0
5557,Winter Elemental,,22272 22273,5803 5802,1340,3,0,false,true,0,0
5558,Winter Elemental,,22272 22273,5803 5802,1340,3,0,false,true,0,0
5559,Osman,,208 254 249 170 176 181 292 12760,3396,0,3038,0,false,false,0,0
5560,Osman,,208 254 249 170 176 181 292 12760,3396,0,3038,0,false,false,0,0
5561,Osman,,208 254 249 170 176 181 292 12760,3359,0,3038,0,false,false,0,0
5562,,,18009,4753 4754,1100,2,0,false,true,0,0
5563,Del-Monty,,34013,9158 9157,2035,31,0,false,true,0,0
5564,Bouncer,,26259,6580 6582,1491,53,0,false,true,0,0
5565,Bouncer,,26259,6580 6582,1491,53,0,false,true,0,0
5566,General Khazard,,22310 22313 22316 22307 22309 22318 22312 22308,842 841,0,3038,0,false,false,0,0
5567,Scout,,5736 248 22314 152 21872 11337 15410 14175,842 841,0,3038,0,false,false,0,0
5568,Scout,,18086 11190 22315 22333 4924 277 730 3707,842 841,0,3038,0,false,false,0,0
5569,Scout,,10376 247 22314 152 176 10377 14175,842 841,0,3038,0,false,false,0,0
5570,Scout,,16480 22314 152 179 6664 4954 3707,842 841,0,3038,0,false,false,0,0
5571,Sin Seer,,22319 22320,5810 5809,297,51,0,false,true,0,0
5572,Ghost,,22280 22283 22278 22282 22279 22284,808 819 820 821 822,0,3038,0,false,false,0,0
5573,,,,842 841,0,3038,0,false,true,0,0
5574,,,,842 841,0,3038,0,false,true,0,0
5575,,,,842 841,0,3038,0,false,true,0,0
5576,,,,842 841,0,3038,0,false,true,0,0
5577,,,,842 841,0,3038,0,false,true,0,0
5578,Effigy,,214 250 22605 22596 177 22602 181,808 5822,0,3038,0,false,true,0,0
5579,Effigy,,214 250 22605 22596 177 22602 181,808 5822,0,3038,0,false,true,0,0
5580,Bonafido,,22600 22599 22603 22595 22598 22601 19947 22606,5814 819 820 821 822,0,3038,0,false,false,0,0
5581,Homunculus,,22772,5831 5832,1355,4,0,false,true,0,0
5582,Homunculus,,22772 22771,5831,1355,4,0,false,false,0,0
5583,Homunculus,,22772 22773,5831,1355,4,0,false,false,0,0
5584,Cage,,22771,,,0,0,false,false,0,0
5585,'Transmute' The Alchemist,,207 248 22604 22596 177 17525 181,5823 5822,0,3038,0,false,true,0,0
5586,'Transmute' The Alchemist,,207 248 22604 22596 177 17525 181,808 5822,0,3038,0,false,true,0,0
5587,'Currency' The Alchemist,,207 249 22604 22596 177 17525 181,5823 5822,0,3038,0,false,true,0,0
5588,'Currency' The Alchemist,,207 249 22604 22596 177 17525 181,808 5822,0,3038,0,false,true,0,0
5589,'Black-eye',,230 22599 246 10705 19329 19332 14379 181,5817 819 820 821 822,0,3038,0,false,false,0,0
5590,'No fingers',,230 22599 10561 18498 19329 19332 14381 18128 22609,5815 819 820 821 822,0,3038,0,false,false,0,0
5591,'Gummy',,230 22599 247 18498 159 179 271 19947,5816 819 820 821 822,0,3038,0,false,false,0,0
5592,'The Guns',,230 22599 11190 315 33034 19332 271 19947 22607,5818 819 820 821 822,0,3038,0,false,false,0,0
5593,Frogeel,,22770,5839 5840,1354,5,0,false,false,0,0
5594,Spidine,,22630,145 142,306,10,0,false,true,0,0
5595,Swordchick,,23906,5386 5385,1255,13,0,false,false,0,0
5596,Jubster,,26864,6803 6804,1536,17,0,false,false,0,0
5597,Newtroost,,22631,2298 2297,332,6,0,false,true,0,0
5598,,,,808 5822,0,3038,0,false,true,0,0
5599,,,,5831,1355,4,0,false,true,0,0
5600,,,,5831,1355,4,0,false,true,0,0
5601,,,,5823 5822,0,3038,0,false,true,0,0
5602,,,,5823 5822,0,3038,0,false,true,0,0
5603,Unicow,,22775,5852 5848,1338,21,0,false,false,0,0
5604,Elfinlocks,,363 390 7010 3194 7005 353 5409 8754 3331,808 819 820 821 822,0,3038,0,false,false,0,0
5605,Clockwork cat,,34024,9158 9157,2035,31,0,false,true,0,0
5606,,,,808 819 820 821 822,0,3038,0,false,true,0,0
5607,Clockwork cat,,34024,9158 9157,2035,31,0,false,true,0,0
5608,Monk,,21429 21468 21412 21440 21460 21448 21422,5877 5876,1304,40,0,false,true,0,0
5609,Monk,,21428 21469 21412 21440 21460 21448 21422,5877 5876,1304,40,0,false,true,0,0
5610,Monk,,21429 21468 21412 21440 21460 21446 21422,5877 5876,1304,40,0,false,true,0,0
5611,Monk,,21428 21469 21412 21440 21460 21446 21422,5877 5876,1304,40,0,false,true,0,0
5612,Rufus,,26121 26133 26118 26128 26119,808 819 820 821 822,0,3038,0,false,true,0,0
5613,Mi-Gor,,22791,5859 5858,1358,2,0,false,true,0,0
5614,Puffin,,22792,5873 5872,1359,2,0,false,true,0,0
5615,Puffin,,22793,5873,1359,2,0,false,true,0,0
5616,Brother Tranquility,,21426 21468 21412 21440 21460 21448 21422,5875 5876,1304,40,0,false,true,0,0
5617,Brother Tranquility,,21429 21468 21412 21440 21460 21448 21422,5646 5645,1304,40,0,false,true,0,0
5618,Brother Tranquility,,21429 21468 21412 21440 21460 21448 21422,5646 5645,1304,40,0,false,true,0,0
5619,Monk,,21429 21468 21412 21440 21460 21448 21422,5646 5645,1304,40,0,false,true,0,0
5620,Monk,,21428 21469 21412 21440 21460 21448 21422,5646 5645,1304,40,0,false,true,0,0
5621,Monk,,21429 21468 21412 21440 21460 21446 21422,5646 5645,1304,40,0,false,true,0,0
5622,Monk,,21428 21469 21412 21440 21460 21446 21422,5646 5645,1304,40,0,false,true,0,0
5623,Zombie monk,,21431 21469 21412 21440 21460 21446 21422,5877 5876,1304,40,0,false,true,0,0
5624,Zombie monk,,21426 21468 21412 21440 21460 21446 21422,5877 5876,1304,40,0,false,true,0,0
5625,Zombie monk,,21431 21469 21412 21440 21460 21448 21422,5877 5876,1304,40,0,false,true,0,0
5626,Zombie monk,,21426 21468 21412 21440 21460 21448 21422,5877 5876,1304,40,0,false,true,0,0
5627,Sorebones,,21430 21481 21420 21445 21461 21457 21421,5641 5642,1304,40,0,false,true,0,0
5628,Sorebones,,21430 21482 21420 21445 21461 21458 21423,5641 5642,1304,40,0,false,true,0,0
5629,Zombie pirate,,21431 21470 21414 21442 21462 21453 21423,5646 5645,1304,40,0,false,true,0,0
5630,Zombie pirate,,21431 21470 21414 21442 21462 21453 21423,5646 5645,1304,40,0,false,true,0,0
5631,Zombie pirate,,21432 21470 21414 21442 21462 21456 21421,5646 5645,1304,40,0,false,true,0,0
5632,Zombie pirate,,21432 21470 21414 21442 21462 21456 21421,5646 5645,1304,40,0,false,true,0,0
5633,Zombie pirate,,21434 21470 21414 21442 21462 21455 21423,5646 5645,1304,40,0,false,true,0,0
5634,Zombie pirate,,21435 21472 21414 21442 21462 21456 21421,5646 5645,1304,40,0,false,true,0,0
5635,Zombie pirate,,21436 21473 21414 21442 21462 21455 21423,5646 5645,1304,40,0,false,true,0,0
5636,Zombie pirate,,21436 21473 21414 21442 21462 21455 21423,5646 5645,1304,40,0,false,true,0,0
5637,Zombie pirate,,21433 21474 21414 21443 21463 21455 21423,5650 5652,1304,40,0,false,true,0,0
5638,Zombie pirate,,21437 21476 21415 21443 21463 21455 21423,5650 5652,1304,40,0,false,true,0,0
5639,Zombie pirate,,21438 21477 21416 21443 21463 21456 21423,5650 5652,1304,40,0,false,true,0,0
5640,Zombie pirate,,21431 21476 21419 21443 21463 21455 21421,5650 5652,1304,40,0,false,true,0,0
5641,Zombie pirate,,21432 21477 21415 21443 21463 21456 21421,5650 5652,1304,40,0,false,true,0,0
5642,Zombie pirate,,21433 21475 21415 21444 21463 21454 21424,5879 5878,1304,40,0,false,true,0,0
5643,Zombie pirate,,21434 21475 21416 21444 21463 21449 21424,5879 5878,1304,40,0,false,true,0,0
5644,Zombie pirate,,21435 21475 21419 21444 21463 21455 21425,5879 5878,1304,40,0,false,true,0,0
5645,Zombie pirate,,21436 21477 21416 21444 21463 21449 21424,5879 5878,1304,40,0,false,true,0,0
5646,Zombie pirate,,21437 21476 21419 21444 21463 21456 21425,5879 5878,1304,40,0,false,true,0,0
5647,Zombie pirate,,21438 21479 21417 21441 21463 21449 21421,5883 5882,1304,40,0,false,true,0,0
5648,Zombie pirate,,21431 21477 21418 21441 21465 21449 21424,5883 5882,1304,40,0,false,true,0,0
5649,Zombie pirate,,21431 21477 21418 21441 21465 21449 21424,5883 5882,1304,40,0,false,true,0,0
5650,Zombie pirate,,21432 21478 21418 21441 21465 21449 21424,5883 5882,1304,40,0,false,true,0,0
5651,Zombie pirate,,21432 21478 21418 21441 21465 21449 21424,5883 5882,1304,40,0,false,true,0,0
5652,Zombie pirate,,21434 21478 21418 21443 21463 21449 21424,5883 5882,1304,40,0,false,true,0,0
5653,Zombie pirate,,21434 21478 21418 21443 21463 21449 21424,5883 5882,1304,40,0,false,true,0,0
5654,Zombie pirate,,21436 21474 21417 21443 21463 21449 21425,5883 5882,1304,40,0,false,true,0,0
5655,Zombie pirate,,21436 21474 21417 21443 21463 21449 21425,5883 5882,1304,40,0,false,true,0,0
5656,Zombie pirate,,21437 21475 21415 21441 21464 21453 21423,5888 5887,1304,40,0,false,true,0,0
5657,Zombie pirate,,21437 21475 21415 21441 21464 21453 21423,5888 5887,1304,40,0,false,true,0,0
5658,Zombie pirate,,21438 21475 21416 21441 21465 21455 21424,5888 5887,1304,40,0,false,true,0,0
5659,Zombie pirate,,21431 21475 21419 21441 21466 21456 21421,5888 5887,1304,40,0,false,true,0,0
5660,Zombie pirate,,21431 21475 21419 21441 21466 21456 21421,5888 5887,1304,40,0,false,true,0,0
5661,Zombie pirate,,21434 21475 21415 21443 21466 21454 21424,5888 5887,1304,40,0,false,true,0,0
5662,Zombie pirate,,21434 21475 21415 21443 21466 21454 21424,5888 5887,1304,40,0,false,true,0,0
5663,Zombie pirate,,21435 21475 21416 21443 21464 21453 21424,5888 5887,1304,40,0,false,true,0,0
5664,Zombie pirate,,21435 21475 21416 21443 21464 21453 21424,5888 5887,1304,40,0,false,true,0,0
5665,Zombie pirate,,21435 21480 21416 21443 21464 21453 21424,5888 5887,1304,40,0,false,true,0,0
5666,Barrelchest,,22790,5893 5892,1357,7,0,false,false,0,0
5667,,,,5875 5876,1304,40,0,false,true,0,0
5668,,,,5875 5876,1304,40,0,false,true,0,0
5669,,,,5877 5876,1304,40,0,false,true,0,0
5670,,,,5877 5876,1304,40,0,false,true,0,0
5671,,,,5877 5876,1304,40,0,false,true,0,0
5672,,,,5877 5876,1304,40,0,false,true,0,0
5673,,,,5646 5645,1304,40,0,false,true,0,0
5674,,,,5646 5645,1304,40,0,false,true,0,0
5675,,,,5646 5645,1304,40,0,false,true,0,0
5676,,,,5646 5645,1304,40,0,false,true,0,0
5677,,,,5646 5645,1304,40,0,false,true,0,0
5678,Undead Lumberjack,,23213,5967,1373,9,0,false,true,0,0
5679,Undead Lumberjack,,23213,5973 5969,1373,9,0,false,true,0,0
5680,Undead Lumberjack,,23214,5965,1373,9,0,false,true,0,0
5681,Undead Lumberjack,,23214,5966,1373,9,0,false,true,0,0
5682,Undead Lumberjack,,23214,5967,1373,9,0,false,true,0,0
5683,Undead Lumberjack,,23214,5973 5969,1373,9,0,false,true,0,0
5684,Undead Lumberjack,,23213,5965,1373,9,0,false,true,0,0
5685,Undead Lumberjack,,23213,5966,1373,9,0,false,true,0,0
5686,Undead Lumberjack,,23213,5967,1373,9,0,false,true,0,0
5687,Undead Lumberjack,,23213,5973 5969,1373,9,0,false,true,0,0
5688,Undead Lumberjack,,23214,5965,1373,9,0,false,true,0,0
5689,Undead Lumberjack,,23214,5966,1373,9,0,false,true,0,0
5690,Undead Lumberjack,,23214,5967,1373,9,0,false,true,0,0
5691,Undead Lumberjack,,23214,5973 5969,1373,9,0,false,true,0,0
5692,Undead Lumberjack,,23213,5965,1373,9,0,false,true,0,0
5693,Undead Lumberjack,,23213,5966,1373,9,0,false,true,0,0
5694,Undead Lumberjack,,23213,5967,1373,9,0,false,true,0,0
5695,Undead Lumberjack,,23213,5973 5969,1373,9,0,false,true,0,0
5696,Undead Lumberjack,,23214,5965,1373,9,0,false,true,0,0
5697,Undead Lumberjack,,23214,5966,1373,9,0,false,true,0,0
5698,Undead Lumberjack,,23214,5967,1373,9,0,false,true,0,0
5699,Undead Lumberjack,,23214,5973 5969,1373,9,0,false,true,0,0
5700,Undead Lumberjack,,23213,5965,1373,9,0,false,true,0,0
5701,Undead Lumberjack,,23213,5966,1373,9,0,false,true,0,0
5702,Undead Lumberjack,,23213,5967,1373,9,0,false,true,0,0
5703,Undead Lumberjack,,23213,5973 5969,1373,9,0,false,true,0,0
5704,Undead Lumberjack,,23214,5965,1373,9,0,false,true,0,0
5705,Undead Lumberjack,,23214,5966,1373,9,0,false,true,0,0
5706,Undead Lumberjack,,23214,5967,1373,9,0,false,true,0,0
5707,Undead Lumberjack,,23214,5973 5969,1373,9,0,false,true,0,0
5708,Undead Lumberjack,,23213,5965,1373,9,0,false,true,0,0
5709,Undead Lumberjack,,23213,5966,1373,9,0,false,true,0,0
5710,Undead Lumberjack,,23213,5967,1373,9,0,false,true,0,0
5711,Undead Lumberjack,,23213,5973 5969,1373,9,0,false,true,0,0
5712,Undead Lumberjack,,23214,5965,1373,9,0,false,true,0,0
5713,Undead Lumberjack,,23214,5966,1373,9,0,false,true,0,0
5714,Undead Lumberjack,,23214,5967,1373,9,0,false,true,0,0
5715,Undead Lumberjack,,23214,5973 5969,1373,9,0,false,true,0,0
5716,Undead Lumberjack,,23213,5965,1373,9,0,false,true,0,0
5717,Undead Lumberjack,,23213,5966,1373,9,0,false,true,0,0
5718,Undead Lumberjack,,23213,5967,1373,9,0,false,true,0,0
5719,Undead Lumberjack,,23213,5973 5969,1373,9,0,false,true,0,0
5720,Undead Lumberjack,,23214,5965,1373,9,0,false,true,0,0
5721,Undead Lumberjack,,23214,5966,1373,9,0,false,true,0,0
5722,Undead Lumberjack,,23214,5967,1373,9,0,false,true,0,0
5723,Undead Lumberjack,,23214,5973 5969,1373,9,0,false,true,0,0
5724,Undead Lumberjack,,23213,5965,1373,9,0,false,true,0,0
5725,Undead Lumberjack,,23213,5966,1373,9,0,false,true,0,0
5726,Undead Lumberjack,,23213,5967,1373,9,0,false,true,0,0
5727,Undead Lumberjack,,23213,5973 5969,1373,9,0,false,true,0,0
5728,Undead Lumberjack,,23214,5965,1373,9,0,false,true,0,0
5729,Undead Lumberjack,,23214,5966,1373,9,0,false,true,0,0
5730,Undead Lumberjack,,23214,5967,1373,9,0,false,true,0,0
5731,Undead Lumberjack,,23214,5973 5969,1373,9,0,false,true,0,0
5732,Undead Lumberjack,,23213,5965,1373,9,0,false,true,0,0
5733,Undead Lumberjack,,23213,5966,1373,9,0,false,true,0,0
5734,Undead Lumberjack,,23213,5967,1373,9,0,false,true,0,0
5735,Undead Lumberjack,,23213,5973 5969,1373,9,0,false,true,0,0
5736,Undead Lumberjack,,23214,5965,1373,9,0,false,true,0,0
5737,Undead Lumberjack,,23214,5966,1373,9,0,false,true,0,0
5738,Undead Lumberjack,,23214,5967,1373,9,0,false,true,0,0
5739,Undead Lumberjack,,23214,5973 5969,1373,9,0,false,true,0,0
5740,Undead Lumberjack,,23213,5965,1373,9,0,false,true,0,0
5741,Undead Lumberjack,,23213,5966,1373,9,0,false,true,0,0
5742,Undead Lumberjack,,23213,5967,1373,9,0,false,true,0,0
5743,Undead Lumberjack,,23213,5973 5969,1373,9,0,false,true,0,0
5744,Undead Lumberjack,,23214,5965,1373,9,0,false,true,0,0
5745,Undead Lumberjack,,23214,5966,1373,9,0,false,true,0,0
5746,Undead Lumberjack,,23214,5967,1373,9,0,false,true,0,0
5747,Undead Lumberjack,,23214,5973 5969,1373,9,0,false,true,0,0
5748,Fishing spot,,6568,2126,31,1,0,false,false,0,0
5749,Fishing spot,,6568,2126,31,1,0,false,false,0,0
5750,Cave bug,,23853,6078 6077,1393,6,0,false,true,0,0
5751,Molanisk,,23855,6010 6011,1392,13,0,false,true,0,0
5752,Cave goblin,,23651 23696 23634,6040 6041,1383,60,0,false,false,0,0
5753,Cave goblin,,23652 23694 23629,6040 6041,1383,60,0,false,false,0,0
5754,Cave goblin,,23669 23708 23629,6040 6041,1383,60,0,false,false,0,0
5755,Cave goblin,,23659 23694 23635,6040 6041,1383,60,0,false,false,0,0
5756,Cave goblin,,23653 23696 23629,6040 6041,1383,60,0,false,false,0,0
5757,Cave goblin,,23659 23698 23635,6040 6041,1383,60,0,false,false,0,0
5758,Cave goblin,,23651 23706 23635,6040 6041,1383,60,0,false,false,0,0
5759,Cave goblin,,23673 23705 23634,6040 6041,1383,60,0,false,false,0,0
5760,Cave goblin,,23653 23705 23629,6040 6041,1383,60,0,false,false,0,0
5761,Cave goblin,,23637 23685 23626,6040 6041,1383,60,0,false,false,0,0
5762,Cave goblin,,23644 23687 23626,6040 6041,1383,60,0,false,false,0,0
5763,Cave goblin,,23636 23692 23626,6040 6041,1383,60,0,false,false,0,0
5764,Cave goblin,,23647 23691 23626,6040 6041,1383,60,0,false,false,0,0
5765,Cave goblin,,23637 23692 23628,6040 6041,1383,60,0,false,false,0,0
5766,Cave goblin,,23636 23688 23625,6040 6041,1383,60,0,false,false,0,0
5767,Cave goblin,,23644 23685 23628,6040 6041,1383,60,0,false,false,0,0
5768,Cave goblin,,23637 23691 23625,6040 6041,1383,60,0,false,false,0,0
5769,Cave goblin,,23647 23692 23625,6040 6041,1383,60,0,false,false,0,0
5770,Ur-zek,,23657 23705 23629,6040 6041,1383,60,0,false,false,0,0
5771,Ur-vass,,23656 23706 23635,6040 6041,1383,60,0,false,false,0,0
5772,Ur-taal,,23641 23692 23628,6040 6041,1383,60,0,false,false,0,0
5773,Ur-meg,,23641 23691 23628,6040 6041,1383,60,0,false,false,0,0
5774,Ur-lun,,23642 23692 23625,6040 6041,1383,60,0,false,false,0,0
5775,Ur-pel,,23642 23685 23625,6040 6041,1383,60,0,false,false,0,0
5776,Banker,,23637 23684 23625,6040 6041,1383,60,0,false,false,0,0
5777,Banker,,23670 23699 23629,6040 6041,1383,60,0,false,false,0,0
5778,Bartak,,23660 23702 23631,6040 6041,1383,60,0,false,false,0,0
5779,Turgall,,23675 23701 23631,6040 6041,1383,60,0,false,false,0,0
5780,Reldak,,23661 23708 23630,6040 6041,1383,60,0,false,false,0,0
5781,Miltog,,23643 23690 23625,6040 6041,1383,60,0,false,false,0,0
5782,Mernik,,23647 23690 23625,6040 6041,1383,60,0,false,false,0,0
5783,Cave goblin,,23644 23687 23628,6040 6041,1383,60,0,false,false,0,0
5784,Crate goblin,,23670 23705 23630 23678,6043 6044,1383,60,0,false,false,0,0
5785,Cave goblin,,23670 23694 23635,6040 6041,1383,60,0,false,false,0,0
5786,Goblin scribe,,23672 23699 23629 23682,6045 6046,1383,60,0,false,false,0,0
5787,,,,6040 6041,1383,60,0,false,true,0,0
5788,Gourmet,,23669 23708 23629,6040 6041,1383,60,0,false,false,0,0
5789,Gourmet,,23653 23699 23629,6040 6041,1383,60,0,false,false,0,0
5790,Gourmet,,23636 23688 23625,6040 6041,1383,60,0,false,false,0,0
5791,Gourmet,,23644 23687 23625,6040 6041,1383,60,0,false,false,0,0
5792,Turgok,,23662 23695 23629,6040 6041,1383,60,0,false,false,0,0
5793,Markog,,23663 23698 23629,6040 6041,1383,60,0,false,false,0,0
5794,Durgok,,23663 23696 23629,6040 6041,1383,60,0,false,false,0,0
5795,Tindar,,23645 23684 23626,6040 6041,1383,60,0,false,false,0,0
5796,Gundik,,23646 23691 23626,6040 6041,1383,60,0,false,false,0,0
5797,Zenkog,,23645 23685 23625,6040 6041,1383,60,0,false,false,0,0
5798,Lurgon,,23664 23709 23629,6040 6041,1383,60,0,false,false,0,0
5799,Ur-tag,,23674 23710 23630,6040 6041,1383,60,0,false,false,0,0
5800,Guard,,23658 23700 23633 23680,6040 6041,1383,60,0,false,false,0,0
5801,Guard,,23658 23700 23633 23676,6040 6041,1383,60,0,false,false,0,0
5802,,,,6040 6041,1383,60,0,false,true,0,0
5803,Young 'un,,23711,6058 6057,1384,3,0,false,false,0,0
5804,Tyke,,23711,6059 6057,1384,3,0,false,false,0,0
5805,Nipper,,23712,6058 6057,1384,3,0,false,false,0,0
5806,Nipper,,23712,6059 6057,1384,3,0,false,false,0,0
5807,Cave goblin child,,23654 23697 23633,6040 6042,1383,60,0,false,false,0,0
5808,Cave goblin child,,23654 23697 23633 23677,6052 6053,1383,60,0,false,false,0,0
5809,Cave goblin child,,23654 23697 23633,6040 6042,1383,60,0,false,false,0,0
5810,Cave goblin child,,23654 23697 23633 23677,6052 6053,1383,60,0,false,false,0,0
5811,Cave goblin child,,23655 23697 23633,6040 6042,1383,60,0,false,false,0,0
5812,Cave goblin child,,23655 23697 23633 23677,6052 6053,1383,60,0,false,false,0,0
5813,Cave goblin child,,23655 23697 23633,6040 6042,1383,60,0,false,false,0,0
5814,Cave goblin child,,23655 23697 23633 23677,6052 6053,1383,60,0,false,false,0,0
5815,Cave goblin child,,23640 23686 23627,6040 6042,1383,60,0,false,false,0,0
5816,Cave goblin child,,23640 23686 23627 23677,6052 6053,1383,60,0,false,false,0,0
5817,Cave goblin child,,23640 23689 23627,6040 6042,1383,60,0,false,false,0,0
5818,Cave goblin child,,23640 23689 23627 23677,6052 6053,1383,60,0,false,false,0,0
5819,Cave goblin child,,23639 23689 23627,6040 6042,1383,60,0,false,false,0,0
5820,Cave goblin child,,23639 23689 23627 23677,6052 6053,1383,60,0,false,false,0,0
5821,Cave goblin child,,23639 23686 23627,6040 6042,1383,60,0,false,false,0,0
5822,Cave goblin child,,23639 23686 23627 23677,6052 6053,1383,60,0,false,false,0,0
5823,Spit goblin,,23651 23702 23634,6060 6041,1383,60,0,false,false,0,0
5824,Goblin fish,,23713 23714,6062 6061,1385,2,0,false,false,0,0
5825,Movario,,208 11190 282 292 11767 11809 177 23251 256 181,6075 6076,0,3038,0,false,false,0,0
5826,Darve,,230 253 306 152 177 519 523 269 185,808 819 820 821 822,0,3038,0,false,false,0,0
5827,Moths,,23474,6036,1379,4,0,false,false,0,0
5828,Barlak,,23661 23708 23630,6040 6041,1383,60,0,false,false,0,0
5829,Rabbit,,23901,6089 6088,1395,20,0,false,true,0,0
5830,,,,6075 6076,0,3038,0,false,true,0,0
5831,,,,808 819 820 821 822,0,3038,0,false,true,0,0
5832,,,,101 98,297,51,0,false,true,0,0
5833,Rat Burgiss,,23924 230 253 23942 23920 23938 23921,808 819 820 821 822,0,3038,0,false,false,0,0
5834,Surok Magis,,23925 214 250 23943 23915 177 23933 181,808 819 820 821 822,0,3038,0,false,true,0,0
5835,Surok Magis,,23926 214 250 23944 23916 177 23934,808 819 820 821 822,0,3038,0,false,true,0,0
5836,Zaff,,215 251 299 40163 4953 553 11338 181,813 819 820 821 822,0,3038,0,false,true,0,0
5837,Anna Jones,,23955 23947 23956 19953,6106,0,3038,0,false,false,0,0
5838,King Roald,,1808 215 249 23939 162 176 23931 181,808 819 820 821 822,0,3038,0,false,false,0,0
5839,Mishkal'un Dorn,,23928 23917 23934,808 819 820 821 822,0,3038,0,false,true,0,0
5840,Dakh'thoulan Aegis,,23927 23917 23934,808 819 820 821 822,0,3038,0,false,true,0,0
5841,Sil'as Dahcsnu,,23929 23917 23934,808 819 820 821 822,0,3038,0,false,true,0,0
5842,Outlaw,,23922 23930 23941 23945 23919 23948 23937,808 819 820 821 822,0,3038,0,false,true,0,0
5843,Outlaw,,23923 23930 23940 23918 23948 23935,808 819 820 821 822,0,3038,0,false,true,0,0
5844,Outlaw,,23923 228 11190 23941 23945 23919 23948 23936,808 819 820 821 822,0,3038,0,false,false,0,0
5845,Outlaw,,23922 228 11190 23941 23945 23919 23948 23937,808 819 820 821 822,0,3038,0,false,true,0,0
5846,Outlaw,,23923 228 249 23941 23945 23919 23948 23936,808 819 820 821 822,0,3038,0,false,false,0,0
5847,Outlaw,,23923 228 249 23941 23945 23918 23948 23935,808 819 820 821 822,0,3038,0,false,true,0,0
5848,Outlaw,,23923 228 249 23941 23945 23918 23948 23937,808 819 820 821 822,0,3038,0,false,true,0,0
5849,Outlaw,,23922 23930 23941 23945 23918 23948 23935,808 819 820 821 822,0,3038,0,false,true,0,0
5850,Outlaw,,23922 23930 23940 23918 23948 23936,808 819 820 821 822,0,3038,0,false,false,0,0
5851,Outlaw,,23923 23930 23941 23945 23919 23948 23936,808 819 820 821 822,0,3038,0,false,false,0,0
5852,Monkey,,3004,222 219,320,6,0,false,true,0,0
5853,,,,808 819 820 821 822,0,3038,0,false,true,0,0
5854,Bench,,23946,6106,0,3038,0,false,false,0,0
5855,Goblin,,24435 24441 24452 24455 24472 24486 24509,6186 6187,1415,82,0,false,true,0,0
5856,Goblin,,24433 24443 24450 24464 24476 24484 24502 24506,6181 6193,1415,82,0,false,true,0,0
5857,Zanik,,23638 23693,6040 6215,1383,60,0,false,false,0,0
5858,Ur-tag,,23674 23710 23630,6040 6041,1383,60,0,false,false,0,0
5859,H.A.M. Archer,,169 176 563 246 181 265 296 5434 5430 5433 317,808 819 820 821 822,0,3038,0,false,false,0,0
5860,H.A.M. Mage,,169 176 534 246 181 265 296 5434 5430 5433 317,813 1205 1206 1207 1208,0,3038,0,false,false,0,0
5861,Zanik,,23638 23693,6149,1383,60,0,false,false,0,0
5862,Sigmund and Zanik,,24422,6151 6150,1413,2,0,false,true,0,0
5863,Ambassador Alvijar,,7029 6020 23876 7037 7045 2985,,,0,0,false,false,0,0
5864,Builder,,2970 23874 23877 2978 2990 23875 2985,6205 98,297,51,0,false,false,0,0
5865,Builder,,2974 23874 23878 2978 2990 23875 2985,6206 98,297,51,0,false,false,0,0
5866,Builder,,2971 23874 23878 2978 23875 2985,6207 98,297,51,0,false,true,0,0
5867,Builder,,2972 23874 23878 2978 23875 2985,6208 98,297,51,0,false,true,0,0
5868,Tegdak,,24525 24522 23633,6040 6041,1383,60,0,false,false,0,0
5869,,,,6040 6041,1383,60,0,false,true,0,0
5870,Zanik,,23638 23693,6040 6041,1383,60,0,false,false,0,0
5871,Sergeant Mossfists,,24424 24425,6153 6152,1414,9,0,false,false,0,0
5872,Sergeant Slimetoes,,24423 24425,6153 6152,1414,9,0,false,false,0,0
5873,Cave goblin,,23670 23694 23629,6040 6041,1383,60,0,false,false,0,0
5874,Cave goblin,,23673 23694 23634,6040 6041,1383,60,0,false,false,0,0
5875,Cave goblin,,23636 23685 23626,6040 6041,1383,60,0,false,false,0,0
5876,Cave goblin,,23636 23685 23626,6040 6041,1383,60,0,false,false,0,0
5877,Cave goblin,,23670 23694 23629,6040 6041,1383,60,0,false,false,0,0
5878,Cave goblin,,23673 23694 23634,6040 6041,1383,60,0,false,false,0,0
5879,Ticket goblin,,24523 24526 23629,6040 6041,1383,60,0,false,false,0,0
5880,Dwarf,,2970 7072 7059 2978 7045 2985,101 98,297,51,0,false,false,0,0
5881,Dwarf,,2972 7063 2978 7045 2985,101 98,297,51,0,false,false,0,0
5882,Dwarf,,7032 7060 7038 7048 7068,101 98,297,51,0,false,false,0,0
5883,Dwarf,,2970 7072 7059 2978 7045 2985,101 98,297,51,0,false,false,0,0
5884,Dwarf,,2972 7063 2978 7045 2985,101 98,297,51,0,false,false,0,0
5885,Dwarf,,7032 7060 7038 7048 7068,101 98,297,51,0,false,false,0,0
5886,Ticket dwarf,,2970 23873 7050 2978 7045 2985 23879,101 98,297,51,0,false,false,0,0
5887,,,,101 98,297,51,0,false,true,0,0
5888,,,,6040 6041,1383,60,0,false,true,0,0
5889,,,,6153 6152,1414,9,0,false,true,0,0
5890,,,,6153 6152,1414,9,0,false,true,0,0
5891,,,,6153 6152,1414,9,0,false,true,0,0
5892,,,,6153 6152,1414,9,0,false,true,0,0
5893,Cyrisus,,18086 244 248 15007 8915 10218 13925 18129,6284,0,3038,0,false,false,0,0
5894,Cyrisus,,18086 244 248 15007 8915 10218 13925 18129,808 819 820 821 822,0,3038,0,false,false,0,0
5895,Cyrisus,,4115 215 244 248 24987 24979 10218 24988 24984 4954,808 819 820 821 822,0,3038,0,false,false,0,0
5896,Cyrisus,,24983 215 244 248 6669 170 10218 5409 6659 4929,808 819 820 821 822,0,3038,0,false,false,0,0
5897,Cyrisus,,3378 215 244 248 3820 156 10218 6232 24985 10683,808 819 820 821 822,0,3038,0,false,false,0,0
5898,'Bird's-Eye' Jack,,28854 16485 12086 16472 16476 16481 16473,808 819 820 821 822,0,3038,0,false,false,0,0
5899,,,,808 819 820 821 822,0,3038,0,false,true,0,0
5900,,,,808 819 820 821 822,0,3038,0,false,true,0,0
5901,,,,808 819 820 821 822,0,3038,0,false,true,0,0
5902,The Inadequacy,,25000 25006 25001 25002 25003 25004 25005,6317,1442,9,0,false,false,0,0
5903,The Everlasting,,24998,6343 6344,1440,6,0,false,false,0,0
5904,The Untouchable,,25008,6328,1444,5,0,false,true,0,0
5905,The Illusive,,24999,6338 6339,1441,9,0,false,false,0,0
5906,A Doubt,,25007,6311 6312,1443,6,0,false,false,0,0
5907,The Illusive,,24999,6350 6339,1441,9,0,false,false,0,0
5908,Dying tree,,25749,5750,1331,3,0,false,false,0,0
5909,Barbarian,,12142 11785 11771 11777 11782 11779,808 819 820 821 822,0,3038,0,false,false,0,0
5910,Cook,,230 5215 14791 15106 10980 10218 12750 181,808 819 820 821 822,0,3038,0,false,true,0,0
5911,Cook,,230 249 14791 15106 10980 10218 25665,808 819 820 821 822,0,3038,0,false,false,0,0
5912,Banker,,215 246 17365 163 10218 12138 181,808,0,3038,0,false,true,0,0
5913,Banker,,378 25868 343 353 433 358,808,0,3038,0,false,true,0,0
5914,Iffie,,25705 393 471 15123 10706 40296 11357 358 25690 25682 25706,6478,0,3038,0,false,false,0,0
5915,Elsie,,25705 393 471 15123 10706 12805 11357 358 25690 25682 25706,6478,0,3038,0,false,false,0,0
5916,Cleaner,,12137 5215 10984 15412 10980 10218 25689 271 8919,5800 5799,0,3038,0,false,false,0,0
5917,Stray dog,,18168 18170 18167,4777 4773,1105,5,0,false,false,0,0
5918,Stray dog,,18168 18170 18167,4777 4773,1105,5,0,false,false,0,0
5919,Guard,,25671 25685 25684,6487 6486,0,3038,0,false,false,0,0
5920,Guard,,25672 25685 25684,6487 6486,0,3038,0,false,false,0,0
5921,Trainee Guard,,25671 25685 25684,6487 6486,0,3038,0,false,false,0,0
5922,Captain,,25672 25685 25684,6487 6486,0,3038,0,false,false,0,0
5923,Man,,215 249 25676 14373 10218 12138 181,808 819 820 821 822,0,3038,0,false,false,0,0
5924,Woman,,390 9361 332 10706 17548 358,808 819 820 821 822,0,3038,0,false,true,0,0
5925,Benny,,217 253 25670 25641 177 25666 181,808 819 820 821 822,0,3038,0,false,true,0,0
5926,Thief,,208 10304 25675 317 25643 25652 25668 25650,808 819 820 821 822,0,3038,0,false,false,0,0
5927,Thief,,11111 25661 5215 25677 25645 25654 25669 25651,808 819 820 821 822,0,3038,0,false,false,0,0
5928,Thief,,16459 25707 25714 25699 25703 25710 25701,808 819 820 821 822,0,3038,0,false,false,0,0
5929,Thief,,390 25715 25700 25704 25711 25702,808 819 820 821 822,0,3038,0,false,false,0,0
5930,Art Critic Jacques,,198 14340 249 25678 25646 177 25667 181 25695,6389 6388,0,3038,0,false,true,0,0
5931,Historian Minas,,25656 6848 25662 250 8970 14175 151 21811 21812 19947,6393 6395,0,3038,0,false,false,0,0
5932,Barnabus Hurma,,25362,,,0,0,false,false,0,0
5933,Marius Giste,,25362,,,0,0,false,false,0,0
5934,Caden Azro,,25362,,,0,0,false,false,0,0
5935,Thias Leacke,,25362,,,0,0,false,false,0,0
5936,Sinco Doar,,25362,,,0,0,false,false,0,0
5937,Tinse Torpe,,25362,,,0,0,false,false,0,0
5938,Information clerk,,378 470 332 10706 421 358,808 819 820 821 822,0,3038,0,false,false,0,0
5939,Torrcs,,206 246 306 164 179 518 541 268 4954,808 819 820 821 822,0,3038,0,false,false,0,0
5940,Marfet,,4115 215 251 4117 4112 4113 534 3470 4116 4114,813 1205 1206 1207 1208,0,3038,0,false,false,0,0
5941,Museum guard,,25655 6848 246 25679 25647 177 25667 181,6390,0,3038,0,false,true,0,0
5942,Museum guard,,25655 6848 246 25679 25647 177 25667 181,6464 819 820 821 822,0,3038,0,false,true,0,0
5943,Museum guard,,25655 6848 246 25679 25647 177 25667 181,6464,0,3038,0,false,true,0,0
5944,Teacher and pupil,,28588 25799 25800,6411 6410,1476,2,0,false,true,0,0
5945,Schoolboy,,28597 28666,7167 7165,1628,64,0,false,true,0,0
5946,Schoolboy,,28597 28666,7167 7165,1628,64,0,false,true,0,0
5947,Teacher and pupil,,25793 25794 25795 25796 28589,6413 6412,1475,2,0,false,false,0,0
5948,Teacher and pupil,,2214,,,0,0,false,false,0,0
5949,Schoolboy,,2214,,,0,0,false,false,0,0
5950,Teacher,,2214,,,0,0,false,false,0,0
5951,Schoolgirl,,2214,,,0,0,false,false,0,0
5952,Workman,,25832 25821 25833 25822 25836,6415 6414,1477,10,0,false,true,0,0
5953,Workman,,25820 25821 25829 25822 25836,6418,1477,10,0,false,true,0,0
5954,Workman,,25837 25840 25838,6422 6419,1478,5,0,false,true,0,0
5955,Workman,,25837 25840 25838,6423 6420,1478,5,0,false,true,0,0
5956,Void Knight,,230 252 14568 173 10218 14566 181 14580,813 1205 1206 1207 1208,0,3038,0,false,true,0,0
5957,Schoolgirl,,28599,7167 7165,1628,64,0,false,true,0,0
5958,Digsite workman,,215 246 10705 167 179 5218 10723 25696,6425,0,3038,0,false,false,0,0
5959,Barge workman,,25809 25808 25816,6454,1477,10,0,false,false,0,0
5960,Barge workman,,25811 25810 25817,6455,1477,10,0,false,false,0,0
5961,Barge workman,,25815 25814 25818,6456,1477,10,0,false,false,0,0
5962,Barge workman,,25813 25812 25801 25802,6457,1477,10,0,false,false,0,0
5963,Barge foreman,,25804 25805 25806 25807 25803,6458,1477,10,0,false,false,0,0
5964,Ed Wood,,15103 217 248 18546 10980 177 18541 21812 19947,2065 2064,0,3038,0,false,true,0,0
5965,Orlando Smith,,6364 217 10304 21813 151 179 21812 19947,808 819 820 821 822,0,3038,0,false,false,0,0
5966,Natural historian,,25656 6848 25662 250 8970 14175 151 21811 21812 19947,6393 6395,0,3038,0,false,false,0,0
5967,Natural historian,,25656 6848 25662 250 8970 14175 151 21811 21812 19947,6393 6395,0,3038,0,false,false,0,0
5968,Natural historian,,25656 6848 25662 250 8970 14175 151 21811 21812 19947,6393 6395,0,3038,0,false,false,0,0
5969,Natural historian,,25656 6848 25662 250 8970 14175 151 21811 21812 19947,6393 6395,0,3038,0,false,false,0,0
5970,Natural historian,,25656 6848 238 250 8970 14175 151 21811 21812 19947,6393 6395,0,3038,0,false,false,0,0
5971,Leech display,,4083 25759 25760 25492,6429,678,7,0,false,false,0,0
5972,Sea slugs display,,25739 25740 25741 25742 25743 25744,6433,1471,2,0,false,false,0,0
5973,Snail display,,25486 25488 25786 25485,6431,1468,2,0,false,false,0,0
5974,Monkey display,,25871 25786 25785 25787,6435,1473,2,0,false,false,0,0
5975,Lizard display,,25765 25767 25768 25766,6437,814,7,0,false,false,0,0
5976,Penguin display,,25784 41149 25783,6439,1310,58,0,false,false,0,0
5977,Camel display,,38650,6441,2163,13,0,false,false,0,0
5978,Terrorbird display,,26857 25746 25747 25748 25492,6443,1533,26,0,false,false,0,0
5979,Dragon display,,17407 17425 17418 25752 25751,6447,1080,54,0,false,true,0,0
5980,Wyvern display,,25496 25497 25499 25498 25493 25494,6445,1470,2,0,false,false,0,0
5981,Battle tortoise display,,25728 25727 25729 25730 25731 25732 25733,6449,274,13,0,false,false,0,0
5982,Mole display,,25482 25481 25483,6451,1467,2,0,false,true,0,0
5983,Schoolgirl,,28599,7167 7165,1628,64,0,false,true,0,0
5984,Schoolgirl,,28599,7167 7165,1628,64,0,false,true,0,0
5985,Schoolgirl,,28599,7167 7165,1628,64,0,false,true,0,0
5986,Workman,,25839 25840 25838,6422 6419,1478,5,0,false,true,0,0
5987,Sylas,,26092 230 15936 26094 26089 10218 26093 26090 26096,808 819 820 821 822,0,3038,0,false,false,0,0
5988,Miazrqa,,26099 390 26102 26097 26098 26101 358,808 6531 6532,0,3038,0,false,false,0,0
5989,Grimgnash,,26077 26076 26079,6507,1487,3,0,false,false,0,0
5990,Rupert the Beard,,26050,,,0,0,false,false,0,0
5991,Drain pipe,,26050,,,0,0,false,false,0,0
5992,Rupert the Beard,,26050,,,0,0,false,false,0,0
5993,Experiment No.2,,26073,6511 6510,1484,6,0,false,false,0,0
5994,Mouse,,26075,6518 6517,1486,5,0,false,false,0,0
5995,Mouse,,26075,6518 6517,1486,5,0,false,false,0,0
5996,Glod,,26074,6504 6505,1485,6,0,false,false,0,0
5997,,,,6507,1487,3,0,false,true,0,0
5998,,,,101 98,297,51,0,false,true,0,0
5999,Rupert the Beard,,26105 26107 26103 26106 26104 26109,,,0,0,false,false,0,0
6000,,,,101 98,297,51,0,false,true,0,0
6001,Rupert the Beard,,26105 26107 26103 26106 26104 26109,,,0,0,false,false,0,0
6002,Gnome,,26110 26108,6533,319,88,0,false,false,0,0
6003,Winkin,,26110 26108,6534,319,88,0,false,false,0,0
6004,Gnome,,26110 26108,6535,319,88,0,false,false,0,0
6005,Cage,,26108,,,0,0,false,false,0,0
6006,Werewolf,,26176 26187 26180,6539 6541,1490,14,0,false,false,0,0
6007,Werewolf,,26176 26185 26179,6539 6541,1490,14,0,false,true,0,0
6008,Werewolf,,26175 26187 26178,6539 6541,1490,14,0,false,false,0,0
6009,Werewolf,,26174 26185 26182,6539 6541,1490,14,0,false,true,0,0
6010,Werewolf,,26176 26187 26180,6539 6541,1490,14,0,false,false,0,0
6011,Werewolf,,26174 26187 26182,6539 6541,1490,14,0,false,false,0,0
6012,Werewolf,,26176 26187 26178,6539 6541,1490,14,0,false,false,0,0
6013,Werewolf,,26174 26185 26180,6539 6541,1490,14,0,false,true,0,0
6014,Werewolf,,26166 26170 26169,6539 6541,1490,14,0,false,true,0,0
6015,Werewolf,,26164 26172 26167,6539 6541,1490,14,0,false,true,0,0
6016,Werewolf,,26165 26170 26168,6539 6541,1490,14,0,false,true,0,0
6017,Werewolf,,26166 26171 26167,6539 6541,1490,14,0,false,true,0,0
6018,Werewolf,,26164 26172 26169,6539 6541,1490,14,0,false,true,0,0
6019,Werewolf,,26166 26170 26169,6539 6541,1490,14,0,false,true,0,0
6020,Werewolf,,26164 26170 26169,6539 6541,1490,14,0,false,true,0,0
6021,Werewolf,,26165 26172 26167,6539 6541,1490,14,0,false,true,0,0
6022,Werewolf,,26164 26172 26169,6539 6541,1490,14,0,false,true,0,0
6023,Werewolf,,26164 26172 26169,6539 6541,1490,14,0,false,true,0,0
6024,Werewolf,,26164 26170 26169,6539 6541,1490,14,0,false,true,0,0
6025,Werewolf,,26164 26170 26169,6539 6541,1490,14,0,false,true,0,0
6026,Boris,,26120 26130 26114 26125 26119,808 819 820 821 822,0,3038,0,false,true,0,0
6027,Imre,,26121 26131 26115 26126 26119,808 819 820 821 822,0,3038,0,false,true,0,0
6028,Yuri,,26122 26132 26116 26127 26119,808 819 820 821 822,0,3038,0,false,false,0,0
6029,Joseph,,26123 26133 26117 26128 26119,808 819 820 821 822,0,3038,0,false,true,0,0
6030,Nikolai,,26124 26134 26118 26129 26119,808 819 820 821 822,0,3038,0,false,true,0,0
6031,Eduard,,26123 26130 26115 26125 26119,808 819 820 821 822,0,3038,0,false,true,0,0
6032,Lev,,26124 26131 26116 26126 26119,808 819 820 821 822,0,3038,0,false,false,0,0
6033,Georgy,,26120 26132 26117 26127 26119,808 819 820 821 822,0,3038,0,false,false,0,0
6034,Svetlana,,26143 26152 26136 26147 26141,808 6531 6532 821 822,0,3038,0,false,false,0,0
6035,Irina,,26144 26153 26137 26148 26141,808 6531 6532 821 822,0,3038,0,false,false,0,0
6036,Alexis,,26145 26154 26138 26149 26142,808 6531 6532 821 822,0,3038,0,false,false,0,0
6037,Milla,,26146 26155 26139 26150 26142,808 6531 6532 821 822,0,3038,0,false,false,0,0
6038,Galina,,12141 26156 26140 26151 26142,808 6531 6532 821 822,0,3038,0,false,false,0,0
6039,Sofiya,,26143 26152 26136 26148 26141,808 6531 6532 821 822,0,3038,0,false,false,0,0
6040,Ksenia,,26144 26153 26137 26149 26141,808 6531 6532 821 822,0,3038,0,false,true,0,0
6041,Yadviga,,26145 26154 26138 26150 26142,808 6531 6532 821 822,0,3038,0,false,false,0,0
6042,Nikita,,26146 26155 26139 26151 26142,808 6531 6532 821 822,0,3038,0,false,false,0,0
6043,Vera,,12141 26156 26140 26147 26142,808 6531 6532 821 822,0,3038,0,false,false,0,0
6044,Zoja,,26143 26156 26137 26149 26141,808 6531 6532 821 822,0,3038,0,false,false,0,0
6045,Liliya,,26146 26152 26136 26149 26141,808 6531 6532 821 822,0,3038,0,false,true,0,0
6046,Big Wolf,,26264,6580 6556,1491,53,0,false,true,0,0
6047,Wolf,,26266,6580 6556,1491,53,0,false,false,0,0
6048,Wolf,,26266,6580 6556,1491,53,0,false,false,0,0
6049,Wolf,,26266,6580 6556,1491,53,0,false,false,0,0
6050,Desert Wolf,,26266,6580 6556,1491,53,0,false,false,0,0
6051,Desert Wolf,,26266,6580 6556,1491,53,0,false,false,0,0
6052,Ice wolf,,26266,6580 6556,1491,53,0,false,false,0,0
6053,Ninja impling,,26376 26367,6613 6614,1494,6,0,false,false,0,0
6054,Dragon impling,,26368 26367,6613 6614,1494,6,0,false,false,0,0
6055,Baby impling,,26366 26367,6613 6614,1494,6,0,false,false,0,0
6056,Young impling,,26365 26367,6613 6614,1494,6,0,false,false,0,0
6057,Gourmet impling,,26371 26367,6613 6614,1494,6,0,false,false,0,0
6058,Earth impling,,26369 26367,6613 6614,1494,6,0,false,false,0,0
6059,Essence impling,,26372 26367,6613 6614,1494,6,0,false,false,0,0
6060,Eclectic impling,,26370 26367,6613 6614,1494,6,0,false,false,0,0
6061,Nature impling,,26375 26367,6613 6614,1494,6,0,false,false,0,0
6062,Magpie impling,,26373 26367,6613 6614,1494,6,0,false,false,0,0
6063,Ninja impling,,26376 26367,6613 6614,1494,6,0,false,false,0,0
6064,Dragon impling,,26368 26367,6613 6614,1494,6,0,false,false,0,0
6065,,,6318,,,0,0,false,false,0,0
6066,,,6318,,,0,0,false,false,0,0
6067,,,6318,,,0,0,false,false,0,0
6068,,,6318,,,0,0,false,false,0,0
6069,,,19982,171 168,1240,23,0,false,true,0,0
6070,Elnock Inquisitor,,19773 10340 25205,195 189,319,88,0,false,true,0,0
6071,Immenizz,,26374,6613 6614,1494,6,0,false,false,0,0
6072,Fairy Aeryka,,2857,112 106,299,13,0,false,false,0,0
6073,Wandering impling,,26374,6613 6614,1494,6,0,false,false,0,0
6074,Imp defender,,26394,171 168,1240,23,0,false,true,0,0
6075,,,,1421 1422 1423 1424 1425,0,3038,0,false,true,0,0
6076,,,,1421 1422 1423 1424 1425,0,3038,0,false,true,0,0
6077,,,,808 819 820 821 822,0,3038,0,false,true,0,0
6078,Cyclops,,26408 26402 17441 17467,4650 4649,1081,30,0,false,true,0,0
6079,Cyclops,,26410 26403 17440 17466,4650 4649,1081,30,0,false,true,0,0
6080,Cyclops,,26405 26404 17434 17466,4650 4649,1081,30,0,false,true,0,0
6081,Cyclops,,26409 17447 17441 17467,4650 4649,1081,30,0,false,true,0,0
6082,,,,808 819 820 821 822,0,3038,0,false,true,0,0
6083,,,,808 819 820 821 822,0,3038,0,false,true,0,0
6084,Captain Ned,,215 253 299 151 10218 263 185 194 9621,808 819 820 821 822,0,3038,0,false,false,0,0
6085,Cabin boy Jenkins,,211 249 292 3667 167 179 271 181,808 819 820 821 822,0,3038,0,false,false,0,0
6086,Cabin boy Jenkins,,211 249 292 3667 167 179 271 181,808 819 820 821 822,0,3038,0,false,false,0,0
6087,Elvarg,,17404 17406 17405,90 79,1080,54,0,false,true,0,0
6088,Zombie rat,,18891 18889 18894,4932 4931,1152,10,0,false,false,0,0
6089,Zombie rat,,18892 18890 18895,4932 4931,1152,10,0,false,false,0,0
6090,Zombie rat,,18893 18889 18896,4932 4931,1152,10,0,false,false,0,0
6091,Skeleton,,21175 21179 21161 21156 21181 21205 21187,5483 5481,1291,57,0,false,true,0,0
6092,Skeleton,,21174 21179 21161 21156 21182 21199 21186,5483 5481,1291,57,0,false,true,0,0
6093,Skeleton,,21175 21178 21160 21156 21182 21199 21188,5483 5479,1291,57,0,false,true,0,0
6094,Ghost,,21154,5538 5539,1290,13,0,false,true,0,0
6095,Ghost,,21148,5530 5531,1289,22,0,false,false,0,0
6096,Ghost,,21143,5530 5531,1289,22,0,false,true,0,0
6097,Ghost,,21145,5530 5531,1289,22,0,false,true,0,0
6098,Ghost,,21146,5530 5531,1289,22,0,false,true,0,0
6099,Zombie,,21106 21060 21042 21089 21118 21076 21139,5572 5570 5790 5788 5789,1288,32,0,false,true,0,0
6100,Zombie,,21106 21060 21042 21089 21118 21076 21139,5572 5570 5790 5788 5789,1288,32,0,false,true,0,0
6101,Lesser demon,,17378 26454 17386 17388,66 63,1078,30,0,false,false,0,0
6102,Lost barbarian,,26625 214 252 26638 26646 26620 26613 26622,808 819 820 821 822,0,3038,0,false,false,0,0
6103,Skeleton hero,,26629 26635 26641 26614 26624 11788,2065 2064,0,3038,0,false,false,0,0
6104,Skeleton brute,,26628 26637 26642 23932 26623,808 819 820 821 822,0,3038,0,false,false,0,0
6105,Skeleton warlord,,26631 26636 26641 23932 26624 11788,2065 2064,0,3038,0,false,false,0,0
6106,Skeleton heavy,,26628 26637 26641 23932 26623 11793,2561 2562,0,3038,0,false,false,0,0
6107,Skeleton thug,,26629 26635 26642 26614 26624,808 819 820 821 822,0,3038,0,false,false,0,0
6108,Entrana firebird,,26853,6809 6808,1535,5,0,false,false,0,0
6109,Mounted terrorbird gnome,,26855,6793 6796,1533,26,0,false,true,0,0
6110,Mounted terrorbird gnome,,26855,6793 6796,1533,26,0,false,true,0,0
6111,Mounted terrorbird gnome,,26855,6793 6796,1533,26,0,false,true,0,0
6112,Ducklings,,26871,6821 6822,1539,15,0,false,false,0,0
6113,Duck,,26870,6813 6819,1539,15,0,false,false,0,0
6114,Drake,,26873,6813 6819,1539,15,0,false,false,0,0
6115,Seagull,,26874,6815 6819,1539,15,0,false,false,0,0
6116,Seagull,,26874,6815 6819,1539,15,0,false,false,0,0
6117,Mr. Mordaut,,26896 26898 26895 26897 26894,6825,1080,54,0,false,false,0,0
6118,Observatory assistant,,26883 26879,6841,0,3038,0,false,true,0,0
6119,,,,808 819 820 821 822,0,3038,0,false,true,0,0
6120,,,,808 819 820 821 822,0,3038,0,false,true,0,0
6121,Observatory professor,,26890 26885 26892 26886 26889 26887,808 819 820 821 822,0,3038,0,false,false,0,0
6122,Sleeping guard,,24466 24484 24436 24472 24446 24449 24507,6828 6187,1415,82,0,false,true,0,0
6123,Naghead,,26901 24487 24435 24474 24442 24451,6834,1415,82,0,false,false,0,0
6124,Wagchin,,26900 24486 24435 24476 24442 24452,6835,1415,82,0,false,true,0,0
6125,Goblin,,24458 24482 24431 24472 24441 24448,6181 6180,1415,82,0,false,true,0,0
6126,Goblin,,24458 24482 24431 24472 24441 24448,6181 6180,1415,82,0,false,true,0,0
6127,Greasycheeks,,24465 24485 24432 24472 24441 24448 24501,6831,1415,82,0,false,false,0,0
6128,Smellytoes,,24457 24488 24437 24477 24444 24448 26899 24499,6829,1415,82,0,false,false,0,0
6129,Creakyknees,,24466 24483 24436 24476 24443 24448 24500,6833,1415,82,0,false,true,0,0
6130,Clothears,,24427,6836,1415,82,0,false,true,0,0
6131,Zombie,,27113,6855,1545,1,0,false,true,0,0
6132,Goblin,,27110,6858,1543,2,0,false,false,0,0
6133,Goblin,,27111,6859,1543,2,0,false,false,0,0
6134,Dunce,,27115,6826,1240,23,0,false,true,0,0
6135,Town crier,,27149 27153 27140 27141 27144 2847 27155 27152,6864 6867,0,3038,0,false,false,0,0
6136,Town crier,,27149 27153 27140 27141 27144 2847 27155 27152,6864 6867,0,3038,0,false,false,0,0
6137,Town crier,,27149 27153 27140 27141 27144 2847 27155 27152,6864 6867,0,3038,0,false,false,0,0
6138,Town crier,,27149 27153 27140 27141 27144 2847 27155 27152,6864 6867,0,3038,0,false,false,0,0
6139,Town crier,,27149 27153 27140 27141 27144 2847 27155 27152,6864 6867,0,3038,0,false,false,0,0
6140,Squire (Intermediate),,230 248 301 19329 19332 553 14565 181 8233 27146,813 1205 1206 1207 1208,0,3038,0,false,false,0,0
6141,Squire (Veteran),,391 414 14442 14447 341 10706 14589 14574 358 27134,813 1205 1206 1207 1208,0,3038,0,false,true,0,0
6142,Portal,,14533 14527 14528,3933,129,19,0,false,false,0,0
6143,Portal,,14533 14526,3936,129,19,0,false,false,0,0
6144,Portal,,14533 14522,3928,129,19,0,false,false,0,0
6145,Portal,,14533 14523 14524 14525,3928,129,19,0,false,false,0,0
6146,Portal,,14533 14527 14528 27179,6879,129,19,0,false,false,0,0
6147,Portal,,14533 14526 27179,6880,129,19,0,false,false,0,0
6148,Portal,,14533 14522 27179,6878,129,19,0,false,false,0,0
6149,Portal,,14533 14523 14524 14525 27179,6878,129,19,0,false,false,0,0
6150,Portal,,14533 14527 14528,3933,129,19,0,false,false,0,0
6151,Portal,,14533 14526,3936,129,19,0,false,false,0,0
6152,Portal,,14533 14522,3928,129,19,0,false,false,0,0
6153,Portal,,14533 14523 14524 14525,3928,129,19,0,false,false,0,0
6154,Portal,,14533 14527 14528 27179,6879,129,19,0,false,false,0,0
6155,Portal,,14533 14526 27179,6880,129,19,0,false,false,0,0
6156,Portal,,14533 14522 27179,6878,129,19,0,false,false,0,0
6157,Portal,,14533 14523 14524 14525 27179,6878,129,19,0,false,false,0,0
6158,Sir Lucan,,27126 27195 27203,808 819 820 821 822,0,3038,0,false,false,0,0
6159,Workman,,25839 25840 25838,6423 6420,1478,5,0,false,true,0,0
6160,Sir Lancelot,,27191 27195 27203,808 819 820 821 822,0,3038,0,false,false,0,0
6161,Sir Bedivere,,27191 27202,808 819 820 821 822,0,3038,0,false,false,0,0
6162,Sir Tristram,,27127 27195 27203,808 819 820 821 822,0,3038,0,false,false,0,0
6163,Sir Pelleas,,27125 27196 27203,808 819 820 821 822,0,3038,0,false,false,0,0
6164,Sir Gawain,,27125 27194 27203,808 819 820 821 822,0,3038,0,false,false,0,0
6165,Sir Kay,,27130 27200 27203,808 819 820 821 822,0,3038,0,false,false,0,0
6166,Sir Pelleas,,27125,808 819 820 821 822,0,3038,0,false,false,0,0
6167,Sir Gawain,,27125,808 819 820 821 822,0,3038,0,false,false,0,0
6168,Sir Kay,,27130,808 819 820 821 822,0,3038,0,false,false,0,0
6169,Squire,,191 217 253 297 163 179 553 254 9617 4390 3707,813 819 820 821 822,0,3038,0,false,false,0,0
6170,Sir Lancelot,,27191 27195 27203,808 819 820 821 822,0,3038,0,false,false,0,0
6171,Sir Kay,,27130 27200 27203,808 819 820 821 822,0,3038,0,false,false,0,0
6172,Sir Gawain,,27125 27194 27203,808 819 820 821 822,0,3038,0,false,false,0,0
6173,Sir Lucan,,27126 27195 27203,808 819 820 821 822,0,3038,0,false,false,0,0
6174,Bandit,,6086 6087 292 173 6090 181 176 6099 523,808 819 820 821 822,0,3038,0,false,true,0,0
6175,Sir Tristram,,27127 27195 27203,808 819 820 821 822,0,3038,0,false,false,0,0
6176,Sir Pelleas,,27125 27196 27203,808 819 820 821 822,0,3038,0,false,false,0,0
6177,Sir Bedivere,,27191 27202,808 819 820 821 822,0,3038,0,false,false,0,0
6178,Anna,,390 417 11360 332 353 419 361,808 6926,0,3038,0,false,false,0,0
6179,David,,215 246 14577 170 176 267 185,808 819 820 821 822,0,3038,0,false,false,0,0
6180,Anna,,390 417 11360 332 10706 419 361,808 819 820 821 822,0,3038,0,false,false,0,0
6181,Court judge,,25362,1322 1323 1324 1325 1326,0,3038,0,false,true,0,0
6182,Jury,,27192,808 819 820 821 822,0,3038,0,false,true,0,0
6183,Guard,,28872 28867 28868,7217 7216,1631,15,0,false,false,0,0
6184,Guard,,28875 28867 28868,7217 7216,1631,15,0,false,false,0,0
6185,Prosecutor,,14466 246 27563 10301 10218 20142 181,808 819 820 821 822,0,3038,0,false,true,0,0
6186,,,,808 819 820 821 822,0,3038,0,false,true,0,0
6187,Morgan Le Faye,,390 27555 353 27556 14589 414,813 819 820 821 822,0,3038,0,false,true,0,0
6188,Renegade knight,,27129 25685,6927 6928,0,3038,0,false,false,0,0
6189,Black Knight,,218 306 164 179 268 185 518,808 819 820 821 822,0,3038,0,false,false,0,0
6190,Guard,,27131 27198 27201,6918,0,3038,0,false,true,0,0
6191,,,,808 819 820 821 822,0,3038,0,false,true,0,0
6192,,,,808 819 820 821 822,0,3038,0,false,true,0,0
6193,,,,808 819 820 821 822,0,3038,0,false,true,0,0
6194,,,,808 819 820 821 822,0,3038,0,false,true,0,0
6195,,,,808 819 820 821 822,0,3038,0,false,true,0,0
6196,,,,808 819 820 821 822,0,3038,0,false,true,0,0
6197,,,,808 819 820 821 822,0,3038,0,false,true,0,0
6198,Sinclair,,27192,808 819 820 821 822,0,3038,0,false,true,0,0
6199,,,,808 6919,0,3038,0,false,true,0,0
6200,Banker,,215 246 292 162 176 254 181 320,808,0,3038,0,false,true,0,0
6201,Knight,,27744 27735 27741,7003,0,3038,0,false,true,0,0
6202,,,,7003,0,3038,0,false,true,0,0
6203,K'ril Tsutsaroth,,27768 27773 27764 27765 27770,6943 6942,1078,30,0,false,false,0,0
6204,Tstanon Karlak,,27775 27767 27763,66 63,1078,30,0,false,false,0,0
6205,,,7766,,,0,0,false,false,0,0
6206,Zakl'n Gritch,,27776 27769 27766,66 63,1078,30,0,false,true,0,0
6207,,,7766,,,0,0,false,false,0,0
6208,Balfrug Kreeyath,,27772 27771 27774,66 63,1078,30,0,false,false,0,0
6209,,,7766,,,0,0,false,false,0,0
6210,Hellhound,,26252,6580 6582,1491,53,0,false,true,0,0
6211,Imp,,27780,171 168,1240,23,0,false,true,0,0
6212,Werewolf,,26158,6539 6541,1490,14,0,false,true,0,0
6213,Werewolf,,26159,6539 6541,1490,14,0,false,true,0,0
6214,Vampire,,4089 315 33034 4088 275 33033,808 819 820 821 822,0,3038,0,false,false,0,0
6215,Bloodveld,,33712,9432 9433,2017,16,0,false,false,0,0
6216,Pyrefiend,,34385,8077 8076,1727,12,0,false,true,0,0
6217,Icefiend,,33842,8077 8076,1727,12,0,false,true,0,0
6218,Gorak,,28253,4299 4298,1001,5,0,false,true,0,0
6219,Spiritual warrior,,8387 447 6698 6681 1898 486 6692 8935,808 819 820 821 822,0,3038,0,false,false,0,0
6220,Spiritual ranger,,8381 286 5222 27749 8918 563 7609 7607,808 819 820 821 822,0,3038,0,false,false,0,0
6221,Spiritual mage,,8381 292 170 4953 544 256 286,808 819 820 821 822,0,3038,0,false,false,0,0
6222,Kree'arra,,28003 28004,6972 6973,1589,6,0,false,false,0,0
6223,Wingman Skree,,28044 28054 28037 28069 28081 28083 28079,6949 6950,1590,22,0,false,true,0,0
6224,,,7766,,,0,0,false,false,0,0
6225,Flockleader Geerin,,28018 28028 28006 28063,6949 6950,1590,22,0,false,false,0,0
6226,,,7766,,,0,0,false,false,0,0
6227,Flight Kilisa,,28015 28025 28012 28073 28072,6949 6950,1590,22,0,false,false,0,0
6228,,,7766,,,0,0,false,false,0,0
6229,Spiritual warrior,,28058 28082 28085,6949 6950,1590,22,0,false,false,0,0
6230,Spiritual ranger,,28059 28086 28081,6949 6950,1590,22,0,false,false,0,0
6231,Spiritual mage,,28060,6949 6950,1590,22,0,false,true,0,0
6232,Aviansie,,28040 28055 28031 28082 28085,6949 6950,1590,22,0,false,true,0,0
6233,Aviansie,,28040 28048 28039 28065 28084,6949 6950,1590,22,0,false,true,0,0
6234,Aviansie,,28040 28052 28034 28080 28081,6949 6950,1590,22,0,false,true,0,0
6235,Aviansie,,28043 28053 28035 28086 28061,6949 6950,1590,22,0,false,true,0,0
6236,Aviansie,,28046 28051 28038 28066 28084,6949 6950,1590,22,0,false,false,0,0
6237,Aviansie,,28041 28050 28033 28085 28066,6949 6950,1590,22,0,false,true,0,0
6238,Aviansie,,28042 28047 28032 28084,6949 6950,1590,22,0,false,true,0,0
6239,Aviansie,,28045 28049 28036 28085,6949 6950,1590,22,0,false,false,0,0
6240,Aviansie,,28016 28023 28010 28077 28075,6949 6950,1590,22,0,false,false,0,0
6241,Aviansie,,28016 28022 28014 28068 28064,6949 6950,1590,22,0,false,false,0,0
6242,Aviansie,,28016 28029 28009 28074 28063,6949 6950,1590,22,0,false,false,0,0
6243,Aviansie,,28017 28030 28011 28062 28076,6949 6950,1590,22,0,false,false,0,0
6244,Aviansie,,28019 28026 28007 28072 28064,6949 6950,1590,22,0,false,false,0,0
6245,Aviansie,,28021 28024 28008 28076,6949 6950,1590,22,0,false,false,0,0
6246,Aviansie,,28020 28027 28013 28075 28072,6949 6950,1590,22,0,false,false,0,0
6247,Commander Zilyana,,28057 28071 28078 28056,6963 6962,1590,22,0,false,false,0,0
6248,Starlight,,27761,6374 6373,1472,9,0,false,true,0,0
6249,,,7766,,,0,0,false,false,0,0
6250,Growler,,27718,7014 7015,1206,28,0,false,false,0,0
6251,,,7766,,,0,0,false,false,0,0
6252,Bree,,28254,4311 4310,1564,5,0,false,true,0,0
6253,,,7766,,,0,0,false,false,0,0
6254,Saradomin priest,,27746 27733 27725 27740,808 819 820 821 822,0,3038,0,false,false,0,0
6255,Spiritual warrior,,8381 284 3379 4953 11793 486 268 27749,808 819 820 821 822,0,3038,0,false,false,0,0
6256,Spiritual ranger,,8387 18547 14447 340 563 7616,808 819 820 821 822,0,3038,0,false,true,0,0
6257,Spiritual mage,,8381 284 5028 27749 4953 554 4844,808 819 820 821 822,0,3038,0,false,false,0,0
6258,Knight of Saradomin,,27745 27736 27751 10318,2562,0,3038,0,false,false,0,0
6259,Knight of Saradomin,,27743 27736 27751 27730,808 819 820 821 822,0,3038,0,false,false,0,0
6260,General Graardor,,27785 27789,7059 7058,1003,14,0,false,true,0,0
6261,Sergeant Strongstack,,27794 24425,6153 6152,1414,9,0,false,true,0,0
6262,,,7766,,,0,0,false,false,0,0
6263,Sergeant Steelwill,,27793 27792,6153 6152,1414,9,0,false,true,0,0
6264,,,7766,,,0,0,false,false,0,0
6265,Sergeant Grimspike,,27795,6153 6152,1414,9,0,false,true,0,0
6266,,,7766,,,0,0,false,false,0,0
6267,Fishing spot,,36844,9645,2130,3,0,false,false,0,0
6268,Jogre,,10282 10280 10281,2931 2932,112,9,0,false,false,0,0
6269,Cyclops,,26407 28268 28270 28271,4650 4649,1081,30,0,false,true,0,0
6270,Cyclops,,26406 28269 28270 28271,4650 4649,1081,30,0,false,true,0,0
6271,Ork,,27783 27782,4318 4319,1003,14,0,false,true,0,0
6272,Ork,,27787 27786,4318 4319,1003,14,0,false,false,0,0
6273,Ork,,27783 27786,4318 4319,1003,14,0,false,true,0,0
6274,Ork,,27787 27782,4318 4319,1003,14,0,false,false,0,0
6275,Hobgoblin,,10334,166 162,312,10,0,false,false,0,0
6276,Spiritual ranger,,27784 28267 16317,4318 4319,1003,14,0,false,false,0,0
6277,Spiritual warrior,,27790,4318 4319,1003,14,0,false,true,0,0
6278,Spiritual mage,,27788,4318 4319,1003,14,0,false,true,0,0
6279,Goblin,,27802 27796 27811 27799 27808 27806 24498,6181 6180,1415,82,0,false,false,0,0
6280,Goblin,,27804 27797 27810 27799 27808 27805 24505,6181 6180,1415,82,0,false,false,0,0
6281,Goblin,,27803 27798 27809 27800 27808 27807 27801,6139 6138,1415,82,0,false,true,0,0
6282,Goblin,,27803 27798 27809 27800 27808 27807 24507,6186 6187,1415,82,0,false,true,0,0
6283,Goblin,,27804 27797 27810 27799 27808 27806 24502,6181 6180,1415,82,0,false,false,0,0
6284,,,6318,,,0,0,false,false,0,0
6285,Warped terrorbird,,28333 28338 28334 28335,7105 7106,1622,6,0,false,false,0,0
6286,Warped terrorbird,,28331 28337 28334 28335,7105 7106,1622,6,0,false,false,0,0
6287,Warped terrorbird,,28332 28340 28334 28336,7105 7106,1622,6,0,false,false,0,0
6288,Warped terrorbird,,28332 28341 28334 28335,7105 7106,1622,6,0,false,false,0,0
6289,Warped terrorbird,,28331 28339 28334 28336,7105 7106,1622,6,0,false,false,0,0
6290,Warped terrorbird,,28333 28338 28334 28335,7105 7106,1622,6,0,false,false,0,0
6291,Warped terrorbird,,28332 28337 28334 28335,7105 7106,1622,6,0,false,false,0,0
6292,Warped terrorbird,,28331 28340 28334 28336,7105 7106,1622,6,0,false,false,0,0
6293,Warped terrorbird,,28331 28340 28334 28336,7105 7106,1622,6,0,false,false,0,0
6294,Warped terrorbird,,28333 28337 28334 28335,7105 7106,1622,6,0,false,false,0,0
6295,Warped terrorbird,,28332 28338 28334 28335,7105 7106,1622,6,0,false,false,0,0
6296,Warped tortoise,,28345,7090 7089,1624,5,0,false,false,0,0
6297,Warped tortoise,,28345,7090 7089,1624,5,0,false,false,0,0
6298,Jeffery,,215 246 305 25856 19329 19332 12138 181,808 819 820 821 822,0,3038,0,false,true,0,0
6299,Big monolith,,28343,,,0,0,false,false,0,0
6300,Small monolith,,28344,,,0,0,false,false,0,0
6301,Cute creature,,16956 16954,,,0,0,false,false,0,0
6302,Evil creature,,16957 16955,,,0,0,false,false,0,0
6303,Yewnock the engineer,,28304 28306 28305,195 189,319,88,0,false,true,0,0
6304,Bolrie,,28301 2909 28307,195 189,319,88,0,false,true,0,0
6305,Hazelmere,,17023 17001 2917 17022 28298,195 189,319,88,0,false,false,0,0
6306,Bolrie,,28303 2909 28307,195 189,319,88,0,false,true,0,0
6307,Advisor,,17024 17002 17274,195 189,319,88,0,false,true,0,0
6308,King Argenthorg,,28299 16985 14805 17033,195 189,319,88,0,false,true,0,0
6309,Prince Argenthorg,,28302 16985 14805 17033,195 189,319,88,0,false,true,0,0
6310,,,,4472 4473,1054,5,0,false,true,0,0
6311,Cute creature,,16956 16954,,,0,0,false,false,0,0
6312,Evil creature,,16957 16955,,,0,0,false,false,0,0
6313,Terrorbird servant,,28346,7099 7098,1623,8,0,false,true,0,0
6314,Guard no. 21,,28346,7099 7098,1623,8,0,false,true,0,0
6315,Guard no. 72,,28346,7101 7098,1623,8,0,false,true,0,0
6316,Guard no. 21,,28346,7111 7103,1623,8,0,false,true,0,0
6317,Guard no. 72,,28346,7111 7103,1623,8,0,false,true,0,0
6318,Longramble,,17013 14177 2917 14824,195 189,319,88,0,false,false,0,0
6319,,,6318,,,0,0,false,false,0,0
6320,Spirit tree,,8110,,,0,0,false,false,0,0
6321,Spirit tree,,8110,,,0,0,false,false,0,0
6322,Warped terrorbird,,28333 28338 28334 28335,7105 7106,1622,6,0,false,false,0,0
6323,Warped terrorbird,,28331 28337 28334 28335,7105 7106,1622,6,0,false,false,0,0
6324,Warped terrorbird,,28332 28340 28334 28336,7105 7106,1622,6,0,false,false,0,0
6325,Warped terrorbird,,28332 28341 28334 28335,7105 7106,1622,6,0,false,false,0,0
6326,Warped terrorbird,,28331 28339 28334 28336,7105 7106,1622,6,0,false,false,0,0
6327,Warped terrorbird,,28333 28338 28334 28335,7105 7106,1622,6,0,false,false,0,0
6328,Warped terrorbird,,28332 28337 28334 28335,7105 7106,1622,6,0,false,false,0,0
6329,Warped terrorbird,,28331 28340 28334 28336,7105 7106,1622,6,0,false,false,0,0
6330,Warped terrorbird,,28331 28340 28334 28336,7105 7106,1622,6,0,false,false,0,0
6331,Warped terrorbird,,28333 28337 28334 28335,7105 7106,1622,6,0,false,false,0,0
6332,Warped terrorbird,,28332 28338 28334 28335,7105 7106,1622,6,0,false,false,0,0
6333,,,,4472 4473,1054,5,0,false,true,0,0
6334,Child,,28604 28645 28661 28611 28613 28675,7158 7160,1628,64,0,false,true,0,0
6335,Child,,28609 28630 28662 28611 28621 28674,7158 7160,1628,64,0,false,true,0,0
6336,Child,,28604 28630 28661 28611 28612 28675,7158 7160,1628,64,0,false,true,0,0
6337,Child,,28608 28641 28650 28611 28616 28671,7158 7160,1628,64,0,false,false,0,0
6338,Child,,28605 28637 28663 28611 28623 28668,7158 7160,1628,64,0,false,true,0,0
6339,Child,,28607 28648 28654 28611 28622 28668,7158 7160,1628,64,0,false,true,0,0
6340,Child,,28604 28645 28661 28611 28613 28675,7158 7160,1628,64,0,false,true,0,0
6341,Child,,28609 28630 28662 28611 28621 28674,7158 7160,1628,64,0,false,true,0,0
6342,Child,,28604 28630 28661 28611 28612 28675,7158 7160,1628,64,0,false,true,0,0
6343,Child,,28608 28641 28650 28611 28616 28671,7158 7160,1628,64,0,false,false,0,0
6344,Child,,28605 28637 28663 28611 28623 28668,7158 7160,1628,64,0,false,true,0,0
6345,Child,,28607 28648 28654 28611 28622 28668,7158 7160,1628,64,0,false,true,0,0
6346,Pirate,,28783 28796 28750 28758 28777 28804 28764,7188 7191 7192 7193 7194,0,3038,0,false,false,0,0
6347,Pirate,,28790 28799 28749 28758 28772 28810 28763,7188 7191 7192 7193 7194,0,3038,0,false,true,0,0
6348,Pirate,,28785 28792 28755 28758 28769 28808 28759,7188 7189 7190 7193 7194,0,3038,0,false,false,0,0
6349,Pirate,,28781 28794 28752 28758 28771 28807 28764,7188 7191 7192 7193 7194,0,3038,0,false,true,0,0
6350,Pirate,,28838 28842 28824 28826 28837 28846 28831,7188 7191 7192 7193 7194,0,3038,0,false,true,0,0
6351,Pirate,,28779 28795 28751 28756 28768 28807,7188 7191 7192 7193 7194,0,3038,0,false,false,0,0
6352,Pirate,,28784 28801 28748 28758 28775 28810 28764,7188 7191 7192 7193 7194,0,3038,0,false,false,0,0
6353,Pirate,,28782 28793 28751 28758 28770 28805 28762,7188 7191 7192 7193 7194,0,3038,0,false,true,0,0
6354,Pirate,,28787 28800 28754 28758 28768 28807 28763,7188 7191 7192 7193 7194,0,3038,0,false,true,0,0
6355,Pirate,,28778 28791 28755 28758 28766 28804 28765,7188 7191 7192 7193 7194,0,3038,0,false,false,0,0
6356,Pirate,,28839 28845 28824 28851 28836 28852 28829,7188 7191 7192 7193 7194,0,3038,0,false,true,0,0
6357,Street urchin,,28604 28644 28655 28610 28626 28672 28665,7158 7160,1628,64,0,false,true,0,0
6358,Street urchin,,28602 28628 28649 28610 28620 28672,7158 7160,1628,64,0,false,false,0,0
6359,Street urchin,,28605 28632 28659 28610 28614 28672,7158 7160,1628,64,0,false,false,0,0
6360,Street urchin,,28605 28632 28659 28610 28614 28672,7158 7160,1628,64,0,false,false,0,0
6361,Street urchin,,28609 28635 28655 28610 28626 28672,7158 7160,1628,64,0,false,true,0,0
6362,Eniola,,33302 20862 33300,5607 5606,0,3038,0,false,true,0,0
6363,Zamorak warrior,,6653 4117 151 14847 10318 12848 4116 185,808 819 820 821 822,0,3038,0,false,false,0,0
6364,Zamorak warrior,,8747 246 8732 8726 564 565 10362 28864,808 819 820 821 822,0,3038,0,false,false,0,0
6365,Zamorak ranger,,226 10561 14461 28855 167 176 512 254 7121,808 819 820 821 822,0,3038,0,false,true,0,0
6366,Zamorak ranger,,208 11190 5222 28855 28863 176 563 254 7121,808 819 820 821 822,0,3038,0,false,false,0,0
6367,Zamorak mage,,9981 250 25676 23916 176 23934 181,808 819 820 821 822,0,3038,0,false,false,0,0
6368,Zamorak mage,,230 251 23943 23915 176 23933 181,808 819 820 821 822,0,3038,0,false,true,0,0
6369,Cave lizard,,28856,7209 7210,1629,17,0,false,true,0,0
6370,Mage of Zamorak,,230 246 8927 23916 176 23934 181,808 819 820 821 822,0,3038,0,false,true,0,0
6371,Zamorak crafter,,13335 18096 18076 176 3329 19943,808 819 820 821 822,0,3038,0,false,false,0,0
6372,Zamorak crafter,,13335 18096 18076 176 3329 19943,808 819 820 821 822,0,3038,0,false,false,0,0
6373,Kennith,,28601,7166,1628,64,0,false,true,0,0
6374,Guard dog,,26255,7254 6560,1491,53,0,false,true,0,0
6375,Wizard Cromperty,,202 215 246 20405 3189 20395 176 20403 181,808 819 820 821 822,0,3038,0,false,false,0,0
6376,Jungle spider,,20315 20313,5326 5325,1248,24,0,false,true,0,0
6377,Jungle spider,,20315 20313,5326 5325,1248,24,0,false,true,0,0
6378,Tenacious toucan,,26847,6772 6774,1538,18,0,false,true,0,0
6379,Giant ant worker,,28974,7236 7235,1638,5,0,false,true,0,0
6380,Giant ant soldier,,28975,7236 7235,1638,5,0,false,true,0,0
6381,Giant wasp,,28980 28979,7241,1636,4,0,false,true,0,0
6382,Pernicious parrot,,26849,6771 6773,1538,18,0,false,true,0,0
6383,Giant wasp,,28980 28979,7241,1636,4,0,false,true,0,0
6384,Karamjan Jungle Eagle,,5727 5729,1773,793,1,0,false,false,0,0
6385,Karamjan Jungle eagle,,19380,5280 5279,1207,4,0,false,false,0,0
6386,,,,808 819 820 821 822,0,3038,0,false,true,0,0
6387,,,,5280 5279,1207,4,0,false,true,0,0
6388,Bandit,,6086 6087 292 173 6090 181 176 6099 523,808 819 820 821 822,0,3038,0,false,true,0,0
6389,Gargoyle,,29188,,,0,0,false,false,0,0
6390,Grim Reaper,,29188 29187,7295,1654,1,0,false,false,0,0
6391,Glough,,17025 14809 16988,195 189,319,88,0,false,true,0,0
6392,Oldak,,23671 23707 23629,6040 6041,1383,60,0,false,false,0,0
6393,Zanik,,23638 23693,6040 6041,1383,60,0,false,false,0,0
6394,,,,6040 6041,1383,60,0,false,true,0,0
6395,Zanik,,23638 23693,6040 6041,1383,60,0,false,false,0,0
6396,,,,6040 6041,1383,60,0,false,true,0,0
6397,Zanik,,23638 23693,6040 6041,1383,60,0,false,false,0,0
6398,,,,6040 6041,1383,60,0,false,true,0,0
6399,Zanik,,23638 23693,6040 6041,1383,60,0,false,false,0,0
6400,,,,7329 6041,1383,60,0,false,true,0,0
6401,Oldak,,23671 23707 23629,6040 6041,1383,60,0,false,false,0,0
6402,Goblin,,29248,6181 6180,1415,82,0,false,true,0,0
6403,Goblin,,24455 24482 24435 24476 24441 24448,6181 6180,1415,82,0,false,true,0,0
6404,Goblin,,24455 24482 24435 24476 24441 24448,6181 6180,1415,82,0,false,true,0,0
6405,Goblin,,24455 24482 24435 24476 24441 24448,6181 6180,1415,82,0,false,true,0,0
6406,Goblin,,24455 24482 24435 24476 24441 24448,6181 6180,1415,82,0,false,true,0,0
6407,Goblin,,24455 24482 24435 24476 24441 24448,6181 6180,1415,82,0,false,true,0,0
6408,Goblin,,24455 24482 24435 24476 24441 24448,6181 6180,1415,82,0,false,true,0,0
6409,Goblin,,24455 24482 24435 24476 24441 24448,6181 6180,1415,82,0,false,true,0,0
6410,Goblin,,24455 24482 24435 24476 24441 24448,6181 6180,1415,82,0,false,true,0,0
6411,Goblin,,24455 24482 24435 24476 24441 24448,6181 6180,1415,82,0,false,true,0,0
6412,Goblin,,24455 24482 24435 24476 24441 24448,6181 6180,1415,82,0,false,true,0,0
6413,Goblin,,29242,6181 6180,1415,82,0,false,true,0,0
6414,Goblin,,24457 24482 24435 24476 24443 24450,6181 6180,1415,82,0,false,true,0,0
6415,Goblin,,24457 24482 24435 24476 24443 24450,6181 6180,1415,82,0,false,true,0,0
6416,Goblin,,24457 24482 24435 24476 24443 24450,6181 6180,1415,82,0,false,true,0,0
6417,Goblin,,24457 24482 24435 24476 24443 24450,6181 6180,1415,82,0,false,true,0,0
6418,Goblin,,24457 24482 24435 24476 24443 24450,6181 6180,1415,82,0,false,true,0,0
6419,Goblin,,24457 24482 24435 24476 24443 24450,6181 6180,1415,82,0,false,true,0,0
6420,Goblin,,24457 24482 24435 24476 24443 24450,6181 6180,1415,82,0,false,true,0,0
6421,Goblin,,24457 24482 24435 24476 24443 24450,6181 6180,1415,82,0,false,true,0,0
6422,Goblin,,24457 24482 24435 24476 24443 24450,6181 6180,1415,82,0,false,true,0,0
6423,Goblin,,24457 24482 24435 24476 24443 24450,6181 6180,1415,82,0,false,true,0,0
6424,Goblin,,29237,6181 6180,1415,82,0,false,true,0,0
6425,Goblin,,24458 24482 24436 24474 24444 24450,6181 6180,1415,82,0,false,false,0,0
6426,Goblin,,24458 24482 24436 24474 24444 24450,6181 6180,1415,82,0,false,false,0,0
6427,Goblin,,24458 24482 24436 24474 24444 24450,6181 6180,1415,82,0,false,false,0,0
6428,Goblin,,24458 24482 24436 24474 24444 24450,6181 6180,1415,82,0,false,false,0,0
6429,Goblin,,24458 24482 24436 24474 24444 24450,6181 6180,1415,82,0,false,false,0,0
6430,Goblin,,24458 24482 24436 24474 24444 24450,6181 6180,1415,82,0,false,false,0,0
6431,Goblin,,24458 24482 24436 24474 24444 24450,6181 6180,1415,82,0,false,false,0,0
6432,Goblin,,24458 24482 24436 24474 24444 24450,6181 6180,1415,82,0,false,false,0,0
6433,Goblin,,24458 24482 24436 24474 24444 24450,6181 6180,1415,82,0,false,false,0,0
6434,Goblin,,24458 24482 24436 24474 24444 24450,6181 6180,1415,82,0,false,false,0,0
6435,Goblin,,29245,6181 6180,1415,82,0,false,true,0,0
6436,Goblin,,24464 24482 24436 24477 24444 24450,6181 6180,1415,82,0,false,true,0,0
6437,Goblin,,24464 24482 24436 24477 24444 24450,6181 6180,1415,82,0,false,true,0,0
6438,Goblin,,24464 24482 24436 24477 24444 24450,6181 6180,1415,82,0,false,true,0,0
6439,Goblin,,24464 24482 24436 24477 24444 24450,6181 6180,1415,82,0,false,true,0,0
6440,Goblin,,24464 24482 24436 24477 24444 24450,6181 6180,1415,82,0,false,true,0,0
6441,Goblin,,24464 24482 24436 24477 24444 24450,6181 6180,1415,82,0,false,true,0,0
6442,Goblin,,24464 24482 24436 24477 24444 24450,6181 6180,1415,82,0,false,true,0,0
6443,Goblin,,24464 24482 24436 24477 24444 24450,6181 6180,1415,82,0,false,true,0,0
6444,Goblin,,24464 24482 24436 24477 24444 24450,6181 6180,1415,82,0,false,true,0,0
6445,Goblin,,24464 24482 24436 24477 24444 24450,6181 6180,1415,82,0,false,true,0,0
6446,Goblin,,29246,6181 6180,1415,82,0,false,true,0,0
6447,Goblin,,24466 24482 24435 24476 24443 24452,6181 6180,1415,82,0,false,true,0,0
6448,Goblin,,24466 24482 24435 24476 24443 24452,6181 6180,1415,82,0,false,true,0,0
6449,Goblin,,24466 24482 24435 24476 24443 24452,6181 6180,1415,82,0,false,true,0,0
6450,Goblin,,24466 24482 24435 24476 24443 24452,6181 6180,1415,82,0,false,true,0,0
6451,Goblin,,24466 24482 24435 24476 24443 24452,6181 6180,1415,82,0,false,true,0,0
6452,Goblin,,24466 24482 24435 24476 24443 24452,6181 6180,1415,82,0,false,true,0,0
6453,Goblin,,24466 24482 24435 24476 24443 24452,6181 6180,1415,82,0,false,true,0,0
6454,Goblin,,24466 24482 24435 24476 24443 24452,6181 6180,1415,82,0,false,true,0,0
6455,Goblin,,24466 24482 24435 24476 24443 24452,6181 6180,1415,82,0,false,true,0,0
6456,Goblin,,24466 24482 24435 24476 24443 24452,6181 6180,1415,82,0,false,true,0,0
6457,Goblin,,29241,6181 6180,1415,82,0,false,true,0,0
6458,Goblin,,24457 24482 24436 24477 24444 24452,6181 6180,1415,82,0,false,true,0,0
6459,Goblin,,24457 24482 24436 24477 24444 24452,6181 6180,1415,82,0,false,true,0,0
6460,Goblin,,24457 24482 24436 24477 24444 24452,6181 6180,1415,82,0,false,true,0,0
6461,Goblin,,24457 24482 24436 24477 24444 24452,6181 6180,1415,82,0,false,true,0,0
6462,Goblin,,24457 24482 24436 24477 24444 24452,6181 6180,1415,82,0,false,true,0,0
6463,Goblin,,24457 24482 24436 24477 24444 24452,6181 6180,1415,82,0,false,true,0,0
6464,Goblin,,24457 24482 24436 24477 24444 24452,6181 6180,1415,82,0,false,true,0,0
6465,Goblin,,24457 24482 24436 24477 24444 24452,6181 6180,1415,82,0,false,true,0,0
6466,Goblin,,24457 24482 24436 24477 24444 24452,6181 6180,1415,82,0,false,true,0,0
6467,Goblin,,24457 24482 24436 24477 24444 24452,6181 6180,1415,82,0,false,true,0,0
6468,Skoblin,,29238,6181 6180,1415,82,0,false,true,0,0
6469,Snothead,,29244,6181 6180,1415,82,0,false,true,0,0
6470,Snailfeet,,29249,6181 6180,1415,82,0,false,false,0,0
6471,Mosschin,,29236,6181 6180,1415,82,0,false,true,0,0
6472,Redeyes,,29247,6181 6180,1415,82,0,false,false,0,0
6473,Strongbones,,29243,6181 6180,1415,82,0,false,false,0,0
6474,Snothead,,29244,7325,1415,82,0,false,true,0,0
6475,Snailfeet,,29249,7325,1415,82,0,false,false,0,0
6476,Mosschin,,29236,7325,1415,82,0,false,true,0,0
6477,Redeyes,,29247,7325,1415,82,0,false,false,0,0
6478,Strongbones,,29243,7325,1415,82,0,false,false,0,0
6479,Grubfoot,,24435 24442 24452 24455 24472 24487,6181 6180,1415,82,0,false,true,0,0
6480,,,,6181 6180,1415,82,0,false,true,0,0
6481,Grubfoot,,24435 24442 24452 24455 24472 24487,6181 6180,1415,82,0,false,true,0,0
6482,Priest,,29240,6181 6180,1415,82,0,false,false,0,0
6483,Priest,,29240,6181 6180,1415,82,0,false,false,0,0
6484,Priest,,29240,6181 6180,1415,82,0,false,false,0,0
6485,Priest,,29240,6181 6180,1415,82,0,false,false,0,0
6486,Priest,,29240,6181 6180,1415,82,0,false,false,0,0
6487,Priest,,29240,6181 6180,1415,82,0,false,false,0,0
6488,Preacher,,29239,7315 6180,1415,82,0,false,true,0,0
6489,High priest,,29250,7333,1415,82,0,false,false,0,0
6490,Goblin,,29248,6181 6180,1415,82,0,false,true,0,0
6491,Goblin,,29242,6181 6180,1415,82,0,false,true,0,0
6492,Goblin,,29237,6181 6180,1415,82,0,false,true,0,0
6493,Goblin,,29245,6181 6180,1415,82,0,false,true,0,0
6494,Goblin,,29246,6181 6180,1415,82,0,false,true,0,0
6495,Goblin,,29241,6181 6180,1415,82,0,false,true,0,0
6496,Goblin guard,,24469 24484 24434 24476 24441 24450 29251,6186 6187,1415,82,0,false,false,0,0
6497,Goblin guard,,24467 24483 24432 24476 24441 24450 29251,6186 6187,1415,82,0,false,false,0,0
6498,Guard,,24469 24484 24434 24476 24441 24450 29251,6186 6187,1415,82,0,false,false,0,0
6499,Guard,,24469 24484 24434 24476 24441 24450 29251,6186 6187,1415,82,0,false,false,0,0
6500,Guard,,24469 24484 24434 24476 24441 24450 29251,6186 6187,1415,82,0,false,false,0,0
6501,Guard,,24469 24484 24434 24476 24441 24450 29251,6186 6187,1415,82,0,false,false,0,0
6502,Guard,,24469 24484 24434 24476 24441 24450 29251,6186 6187,1415,82,0,false,false,0,0
6503,Guard,,24469 24484 24434 24476 24441 24450 29251,6186 6187,1415,82,0,false,false,0,0
6504,Ghost,,29260,7343 7342,1656,2,0,false,true,0,0
6505,,,,7343 7342,1656,2,0,false,true,0,0
6506,Registrar 1,,29705 29704 29697 29699 10706 29703 18105,1705 819 820 821 822,0,3038,0,false,false,0,0
6507,Registrar 2,,29705 29704 29697 29699 10706 29703 18105,1705 819 820 821 822,0,3038,0,false,false,0,0
6508,Registrar 3,,25655 215 246 10305 14372 254 12082,1705 819 820 821 822,0,3038,0,false,false,0,0
6509,Registrar 4,,25655 215 246 10305 14372 254 12082,1705 819 820 821 822,0,3038,0,false,false,0,0
6510,Jury,,7766,808 819 820 821 822,0,3038,0,false,true,0,0
6511,Jury,,7766,808 819 820 821 822,0,3038,0,false,true,0,0
6512,Spectator,,235 246 10378 26116 176 254 181,808 819 820 821 822,0,3038,0,false,false,0,0
6513,Spectator,,6848 10561 25864 14039 176 254 19814,808 819 820 821 822,0,3038,0,false,false,0,0
6514,Spectator,,6848 245 253 11760 25646 176 254 7607,808 819 820 821 822,0,3038,0,false,false,0,0
6515,Spectator,,14340 246 10984 14372 10377,808 819 820 821 822,0,3038,0,false,true,0,0
6516,Spectator,,378 9361 9359 10706 13346 8934,808 819 820 821 822,0,3038,0,false,false,0,0
6517,Spectator,,16453 29695 27668 10706 20197 358,808 819 820 821 822,0,3038,0,false,true,0,0
6518,Spectator,,18111 25706 27675 332 10706 429 29700,808 819 820 821 822,0,3038,0,false,true,0,0
6519,Spectator,,399 20215 14588 21905 14867 29702,808 819 820 821 822,0,3038,0,false,false,0,0
6520,Head Registrar,,29689 29681 29685 29686 29690 29694 29683,808 819 820 821 822,0,3038,0,false,false,0,0
6521,Grand Exchange Tutor,,29898 29900 29891 28758 29896 28810 29895,7368,0,3038,0,false,false,0,0
6522,Brugsen Bursen,,29907 29902,7369,0,3038,0,false,true,0,0
6523,Farid Morrisane (ores),,29867,7367,1628,64,0,false,false,0,0
6524,Bob Barter (herbs),,29910,7366,0,3038,0,false,false,0,0
6525,Murky Matt (runes),,29909,7365,0,3038,0,false,false,0,0
6526,Relobo Blinyo (logs),,29899 29901 29892 28758 29897 28807 29894,7364,0,3038,0,false,true,0,0
6527,Hofuthand (armour and weapons),,29868 29869 29871 29872 29870,7370,297,51,0,false,false,0,0
6528,Grand Exchange clerk,,29890 29887,808,0,3038,0,false,false,0,0
6529,Grand Exchange clerk,,29890 29889,808,0,3038,0,false,false,0,0
6530,Grand Exchange clerk,,29908 29904,808,0,3038,0,false,false,0,0
6531,Grand Exchange clerk,,29908 29903,808,0,3038,0,false,false,0,0
6532,Banker,,29890 29888,808,0,3038,0,false,false,0,0
6533,Banker,,29890 29886,808,0,3038,0,false,false,0,0
6534,Banker,,29908 29904,808,0,3038,0,false,false,0,0
6535,Banker,,29908 29905,808,0,3038,0,false,false,0,0
6536,Registrar 5,,25655 215 246 10305 14372 254 12082,1705 819 820 821 822,0,3038,0,false,false,0,0
6537,Mandrith,,30182,7389 7390,1304,40,0,false,true,0,0
6538,Banker,,33303 20862 33301,5607 5606,0,3038,0,false,false,0,0
6539,Charley the Cleaner,,210 27140 10984 15412 10980 10218 25689 271 8919,5800 5799,0,3038,0,false,false,0,0
6540,Scotty the Cleaner,,210 27140 10984 15412 10980 10218 25689 271 8919,5800 5799,0,3038,0,false,false,0,0
6541,Sanchez the Cleaner,,210 27140 10984 15412 10980 10218 25689 271 8919,5800 5799,0,3038,0,false,false,0,0
6542,Summer Bonde,,41141,7167 7160,1628,64,0,false,true,0,0
6543,,,6318,,,0,0,false,false,0,0
6544,,,6318,,,0,0,false,false,0,0
6545,,,6318,,,0,0,false,false,0,0
6546,,,6318,,,0,0,false,false,0,0
6547,,,6318,,,0,0,false,false,0,0
6548,,,6318,,,0,0,false,false,0,0
6549,,,6318,,,0,0,false,false,0,0
6550,,,6318,,,0,0,false,false,0,0
6551,,,6318,,,0,0,false,false,0,0
6552,,,6318,,,0,0,false,false,0,0
6553,,,6318,,,0,0,false,false,0,0
6554,,,6318,,,0,0,false,false,0,0
6555,,,6318,,,0,0,false,false,0,0
6556,,,6318,,,0,0,false,false,0,0
6557,,,6318,,,0,0,false,false,0,0
6558,,,6318,,,0,0,false,false,0,0
6559,,,6318,,,0,0,false,false,0,0
6560,,,6318,,,0,0,false,false,0,0
6561,,,6318,,,0,0,false,false,0,0
6562,,,6318,,,0,0,false,false,0,0
6563,,,6318,,,0,0,false,false,0,0
6564,,,6318,,,0,0,false,false,0,0
6565,Grave marker,,30231,,,0,0,false,false,0,0
6566,Broken grave marker,,30226,,,0,0,false,false,0,0
6567,Collapsing grave marker,,30203,,,0,0,false,false,0,0
6568,Grave marker,,30192,7375,1677,3,0,false,true,0,0
6569,Broken grave marker,,30193,7375,1677,3,0,false,true,0,0
6570,Collapsing grave marker,,30191,7375,1677,3,0,false,true,0,0
6571,Gravestone,,30228,,,0,0,false,false,0,0
6572,Broken gravestone,,30223,,,0,0,false,false,0,0
6573,Collapsing gravestone,,30220,,,0,0,false,false,0,0
6574,Gravestone,,30222,,,0,0,false,false,0,0
6575,Broken gravestone,,30207,,,0,0,false,false,0,0
6576,Collapsing gravestone,,30232,,,0,0,false,false,0,0
6577,Gravestone,,30217,,,0,0,false,false,0,0
6578,Broken gravestone,,30201,,,0,0,false,false,0,0
6579,Collapsing gravestone,,30230,,,0,0,false,false,0,0
6580,Stele,,30211,,,0,0,false,false,0,0
6581,Broken stele,,30195,,,0,0,false,false,0,0
6582,Collapsing stele,,30206,,,0,0,false,false,0,0
6583,Saradomin symbol,,30200 30227,,,0,0,false,false,0,0
6584,Broken Saradomin symbol,,30221 30219,,,0,0,false,false,0,0
6585,Collapsing Saradomin symbol,,30210 30214,,,0,0,false,false,0,0
6586,Zamorak symbol,,30200 30224,,,0,0,false,false,0,0
6587,Broken Zamorak symbol,,30221 30213,,,0,0,false,false,0,0
6588,Collapsing Zamorak symbol,,30210 30218,,,0,0,false,false,0,0
6589,Guthix symbol,,30200 30216,,,0,0,false,false,0,0
6590,Broken Guthix symbol,,30221 30205,,,0,0,false,false,0,0
6591,Collapsing Guthix symbol,,30210 30204,,,0,0,false,false,0,0
6592,Bandos symbol,,30200 30209,,,0,0,false,false,0,0
6593,Broken Bandos symbol,,30221 30208,,,0,0,false,false,0,0
6594,Collapsing Bandos symbol,,30210 30202,,,0,0,false,false,0,0
6595,Armadyl symbol,,30200 30197,,,0,0,false,false,0,0
6596,Broken Armadyl symbol,,30221 30212,,,0,0,false,false,0,0
6597,Collapsing Armadyl symbol,,30210 30199,,,0,0,false,false,0,0
6598,Memorial stone,,30200 30198,,,0,0,false,false,0,0
6599,Broken memorial stone,,30221 30229,,,0,0,false,false,0,0
6600,Collapsing memorial stone,,30210 30225,,,0,0,false,false,0,0
6601,Memorial stone,,30196,,,0,0,false,false,0,0
6602,Broken memorial stone,,30215,,,0,0,false,false,0,0
6603,Collapsing memorial stone,,30194,,,0,0,false,false,0,0
6604,Revenant imp,,30255,7405 7406,1688,9,0,false,true,0,0
6605,Revenant goblin,,30245 30243 30250 30249 30238,7451 7452,1690,9,0,false,true,0,0
6606,Revenant icefiend,,33841,7486 7487,1693,9,0,false,true,0,0
6607,Revenant werewolf,,30237,7400 7401,1687,9,0,false,true,0,0
6608,Revenant hobgoblin,,30258,7421 7422,1694,9,0,false,true,0,0
6609,Revenant werewolf,,30237,7400 7401,1687,9,0,false,true,0,0
6610,Revenant ork,,30251,7414 7415,1685,9,0,false,true,0,0
6611,Revenant knight,,30235,7444 7445,1289,22,0,false,false,0,0
6612,Revenant goblin,,30245 30242 30250 30248 30238,7451 7452,1690,9,0,false,true,0,0
6613,Revenant vampire,,30254,7430 7431,1692,9,0,false,true,0,0
6614,Revenant werewolf,,30237,7400 7401,1687,9,0,false,true,0,0
6615,Revenant ork,,30251,7414 7415,1685,9,0,false,true,0,0
6616,Revenant goblin,,30245 30243 30250 30249 30238,7451 7452,1690,9,0,false,true,0,0
6617,Revenant werewolf,,30237,7400 7401,1687,9,0,false,true,0,0
6618,Revenant ork,,30251,7414 7415,1685,9,0,false,true,0,0
6619,Revenant knight,,30235,7444 7445,1289,22,0,false,false,0,0
6620,Revenant goblin,,30246 30243 30250 30248 30238,7451 7452,1690,9,0,false,true,0,0
6621,Revenant icefiend,,33841,7486 7487,1693,9,0,false,true,0,0
6622,Revenant pyrefiend,,30257,7486 7487,1693,9,0,false,true,0,0
6623,Revenant vampire,,30254,7430 7431,1692,9,0,false,true,0,0
6624,Revenant ork,,30251,7414 7415,1685,9,0,false,true,0,0
6625,Revenant werewolf,,30237,7400 7401,1687,9,0,false,true,0,0
6626,Revenant ork,,30251,7414 7415,1685,9,0,false,true,0,0
6627,Revenant knight,,30235,7444 7445,1289,22,0,false,false,0,0
6628,Revenant icefiend,,33841,7486 7487,1693,9,0,false,true,0,0
6629,Revenant ork,,30251,7414 7415,1685,9,0,false,true,0,0
6630,Revenant knight,,30235,7444 7445,1289,22,0,false,false,0,0
6631,Revenant pyrefiend,,30257,7486 7487,1693,9,0,false,true,0,0
6632,Revenant werewolf,,30237,7400 7401,1687,9,0,false,true,0,0
6633,Revenant ork,,30251,7414 7415,1685,9,0,false,true,0,0
6634,Revenant knight,,30235,7444 7445,1289,22,0,false,false,0,0
6635,Revenant imp,,30255,7405 7406,1688,9,0,false,true,0,0
6636,Revenant goblin,,30245 30243 30250 30249 30238,7451 7452,1690,9,0,false,true,0,0
6637,Revenant goblin,,30246 30243 30250 30248 30238,7451 7452,1690,9,0,false,true,0,0
6638,Revenant goblin,,30245 30242 30250 30248 30238,7451 7452,1690,9,0,false,true,0,0
6639,Revenant goblin,,30244 30241 30250 30247 30240,7451 7452,1690,9,0,false,true,0,0
6640,Revenant icefiend,,33841,7486 7487,1693,9,0,false,true,0,0
6641,Revenant pyrefiend,,30257,7486 7487,1693,9,0,false,true,0,0
6642,Revenant hobgoblin,,30258,7421 7422,1694,9,0,false,true,0,0
6643,Revenant vampire,,30254,7430 7431,1692,9,0,false,true,0,0
6644,Revenant werewolf,,30237,7400 7401,1687,9,0,false,true,0,0
6645,Revenant cyclops,,30259,7458 7459,1686,9,0,false,true,0,0
6646,Revenant hellhound,,30252,7465 7466,1689,19,0,false,true,0,0
6647,Revenant demon,,30236,7479 7480,1691,9,0,false,true,0,0
6648,Revenant ork,,30251,7414 7415,1685,9,0,false,true,0,0
6649,Revenant dark beast,,30253,7472 7473,1689,19,0,false,true,0,0
6650,Revenant knight,,30235,7444 7445,1289,22,0,false,false,0,0
6651,Revenant goblin,,30246 30243 30250 30248 30238,7451 7452,1690,9,0,false,true,0,0
6652,Revenant vampire,,30254,7430 7431,1692,9,0,false,true,0,0
6653,Revenant ork,,30251,7414 7415,1685,9,0,false,true,0,0
6654,Revenant knight,,30235,7444 7445,1289,22,0,false,false,0,0
6655,Revenant imp,,30255,7405 7406,1688,9,0,false,true,0,0
6656,Revenant goblin,,30245 30243 30250 30249 30238,7451 7452,1690,9,0,false,true,0,0
6657,Revenant goblin,,30245 30242 30250 30248 30238,7451 7452,1690,9,0,false,true,0,0
6658,Revenant goblin,,30244 30241 30250 30247 30240,7451 7452,1690,9,0,false,true,0,0
6659,Revenant icefiend,,33841,7486 7487,1693,9,0,false,true,0,0
6660,Revenant pyrefiend,,30257,7486 7487,1693,9,0,false,true,0,0
6661,Revenant hobgoblin,,30258,7421 7422,1694,9,0,false,true,0,0
6662,Revenant vampire,,30254,7430 7431,1692,9,0,false,true,0,0
6663,Revenant werewolf,,30237,7400 7401,1687,9,0,false,true,0,0
6664,Revenant ork,,30251,7414 7415,1685,9,0,false,true,0,0
6665,Revenant knight,,30235,7444 7445,1289,22,0,false,false,0,0
6666,Revenant imp,,30255,7405 7406,1688,9,0,false,true,0,0
6667,Revenant goblin,,30245 30242 30250 30248 30238,7451 7452,1690,9,0,false,true,0,0
6668,Revenant pyrefiend,,30257,7486 7487,1693,9,0,false,true,0,0
6669,Revenant vampire,,30254,7430 7431,1692,9,0,false,true,0,0
6670,Revenant ork,,30251,7414 7415,1685,9,0,false,true,0,0
6671,Revenant vampire,,30254,7430 7431,1692,9,0,false,true,0,0
6672,Revenant ork,,30251,7414 7415,1685,9,0,false,true,0,0
6673,Revenant knight,,30235,7444 7445,1289,22,0,false,false,0,0
6674,Revenant vampire,,30254,7430 7431,1692,9,0,false,true,0,0
6675,Revenant werewolf,,30237,7400 7401,1687,9,0,false,true,0,0
6676,Revenant knight,,30235,7444 7445,1289,22,0,false,false,0,0
6677,Revenant imp,,30255,7405 7406,1688,9,0,false,true,0,0
6678,Revenant goblin,,30245 30243 30250 30249 30238,7451 7452,1690,9,0,false,true,0,0
6679,Revenant goblin,,30246 30243 30250 30248 30238,7451 7452,1690,9,0,false,true,0,0
6680,Revenant goblin,,30245 30242 30250 30248 30238,7451 7452,1690,9,0,false,true,0,0
6681,Revenant goblin,,30244 30241 30250 30247 30240,7451 7452,1690,9,0,false,true,0,0
6682,Revenant icefiend,,33841,7486 7487,1693,9,0,false,true,0,0
6683,Revenant pyrefiend,,30257,7486 7487,1693,9,0,false,true,0,0
6684,Revenant hobgoblin,,30258,7421 7422,1694,9,0,false,true,0,0
6685,Revenant vampire,,30254,7430 7431,1692,9,0,false,true,0,0
6686,Revenant werewolf,,30237,7400 7401,1687,9,0,false,true,0,0
6687,Revenant cyclops,,30259,7458 7459,1686,9,0,false,true,0,0
6688,Revenant hellhound,,30252,7465 7466,1689,19,0,false,true,0,0
6689,Revenant demon,,30236,7479 7480,1691,9,0,false,true,0,0
6690,Revenant ork,,30251,7414 7415,1685,9,0,false,true,0,0
6691,Revenant dark beast,,30253,7472 7473,1689,19,0,false,true,0,0
6692,Revenant knight,,30235,7444 7445,1289,22,0,false,false,0,0
6693,Revenant goblin,,30245 30242 30250 30248 30238,7451 7452,1690,9,0,false,true,0,0
6694,Revenant icefiend,,33841,7486 7487,1693,9,0,false,true,0,0
6695,Revenant vampire,,30254,7430 7431,1692,9,0,false,true,0,0
6696,Revenant ork,,30251,7414 7415,1685,9,0,false,true,0,0
6697,Revenant imp,,30255,7405 7406,1688,9,0,false,true,0,0
6698,Revenant goblin,,30246 30243 30250 30248 30238,7451 7452,1690,9,0,false,true,0,0
6699,Revenant goblin,,30244 30241 30250 30247 30240,7451 7452,1690,9,0,false,true,0,0
6700,Revenant vampire,,30254,7430 7431,1692,9,0,false,true,0,0
6701,Revenant werewolf,,30237,7400 7401,1687,9,0,false,true,0,0
6702,Revenant ork,,30251,7414 7415,1685,9,0,false,true,0,0
6703,Revenant imp,,30255,7405 7406,1688,9,0,false,true,0,0
6704,Revenant goblin,,30245 30243 30250 30249 30238,7451 7452,1690,9,0,false,true,0,0
6705,Revenant goblin,,30246 30243 30250 30248 30238,7451 7452,1690,9,0,false,true,0,0
6706,Revenant goblin,,30245 30242 30250 30248 30238,7451 7452,1690,9,0,false,true,0,0
6707,Revenant goblin,,30244 30241 30250 30247 30240,7451 7452,1690,9,0,false,true,0,0
6708,Revenant icefiend,,33841,7486 7487,1693,9,0,false,true,0,0
6709,Revenant pyrefiend,,30257,7486 7487,1693,9,0,false,true,0,0
6710,Revenant hobgoblin,,30258,7421 7422,1694,9,0,false,true,0,0
6711,Revenant vampire,,30254,7430 7431,1692,9,0,false,true,0,0
6712,Revenant werewolf,,30237,7400 7401,1687,9,0,false,true,0,0
6713,Revenant ork,,30251,7414 7415,1685,9,0,false,true,0,0
6714,Revenant knight,,30235,7444 7445,1289,22,0,false,false,0,0
6715,Revenant imp,,30255,7405 7406,1688,9,0,false,true,0,0
6716,Revenant goblin,,30245 30243 30250 30249 30238,7451 7452,1690,9,0,false,true,0,0
6717,Revenant goblin,,30246 30243 30250 30248 30238,7451 7452,1690,9,0,false,true,0,0
6718,Revenant goblin,,30245 30242 30250 30248 30238,7451 7452,1690,9,0,false,true,0,0
6719,Revenant goblin,,30244 30241 30250 30247 30240,7451 7452,1690,9,0,false,true,0,0
6720,Revenant icefiend,,33841,7486 7487,1693,9,0,false,true,0,0
6721,Revenant pyrefiend,,30257,7486 7487,1693,9,0,false,true,0,0
6722,Revenant hobgoblin,,30258,7421 7422,1694,9,0,false,true,0,0
6723,Revenant vampire,,30254,7430 7431,1692,9,0,false,true,0,0
6724,Revenant werewolf,,30237,7400 7401,1687,9,0,false,true,0,0
6725,Revenant ork,,30251,7414 7415,1685,9,0,false,true,0,0
6726,Revenant knight,,30235,7444 7445,1289,22,0,false,false,0,0
6727,Revenant hobgoblin,,30258,7421 7422,1694,9,0,false,true,0,0
6728,Revenant werewolf,,30237,7400 7401,1687,9,0,false,true,0,0
6729,Revenant ork,,30251,7414 7415,1685,9,0,false,true,0,0
6730,Revenant knight,,30235,7444 7445,1289,22,0,false,false,0,0
6731,Queen of Snow,,30275,7188 6531,0,3038,0,false,false,0,0
6732,Snow imp,,30268,171 168,1240,23,0,false,true,0,0
6733,Snow imp,,30268,171 168,1240,23,0,false,true,0,0
6734,Snow imp,,30268,171 168,1240,23,0,false,true,0,0
6735,Snow imp,,30268,171 168,1240,23,0,false,true,0,0
6736,Snow imp,,30268,171 168,1240,23,0,false,true,0,0
6737,Snow imp,,30268,171 168,1240,23,0,false,true,0,0
6738,Snow imp,,30268,171 168,1240,23,0,false,true,0,0
6739,Snow imp,,30268,171 168,1240,23,0,false,true,0,0
6740,Snow,,30382,7543,1712,4,0,false,true,0,0
6741,Snow,,30382,7553,1712,4,0,false,true,0,0
6742,Barbarian snowman,,30375,7557 7556,1711,12,0,false,true,0,0
6743,Dragon snowman,,30379,7557 7556,1711,12,0,false,true,0,0
6744,Dwarf snowman,,30374,7557 7556,1711,12,0,false,true,0,0
6745,Pirate snowman,,30377,7557 7556,1711,12,0,false,true,0,0
6746,Snowman,,30376,7557 7556,1711,12,0,false,true,0,0
6747,Snow ranger,,30380,7557 7556,1711,12,0,false,true,0,0
6748,Snow warrior,,30381,7557 7556,1711,12,0,false,true,0,0
6749,Snow mage,,30378,7557 7556,1711,12,0,false,true,0,0
6750,Pet shop owner,,378 30387 17165 10706 17166 358,808 819 820 821 822,0,3038,0,false,false,0,0
6751,,,6318,,,0,0,false,false,0,0
6752,Bulldog,,30411,7575 7576,1491,53,0,false,false,0,0
6753,Mummy,,20927 20941 20909 20920 20922 20931 20917 20936,5548 5552,1286,21,0,false,false,0,0
6754,Mummy,,20928 20942 20911 20921 20922 20930 20918 20936,5548 5552,1286,21,0,false,false,0,0
6755,Mummy,,20883 20896 20865 20878 20880 20887 20875 20893,5548 5552,1286,21,0,false,true,0,0
6756,Mummy,,20884 20899 20871 20879 20880 20889 20877 20894,5548 5552,1286,21,0,false,true,0,0
6757,Mummy,,20904 20905,5548 5552,1286,21,0,false,true,0,0
6758,Mummy,,20904 20905,5548 5552,1286,21,0,false,true,0,0
6759,Mummy,,20903 20902,5548 5552,1286,21,0,false,true,0,0
6760,Mummy,,20903 20902,5548 5552,1286,21,0,false,true,0,0
6761,Dried zombie,,21104 21057 21037 21086 21113 21073 21140,5565 5566 5790 5788 5789,1288,32,0,false,true,0,0
6762,Dried zombie,,21102 21058 21040 21087 21116 21073 21140,5565 5566 5790 5788 5789,1288,32,0,false,true,0,0
6763,Dried zombie,,21105 21059 21041 21088 21117 21073 21140,5565 5566 5790 5788 5789,1288,32,0,false,true,0,0
6764,Skeleton,,21170 21178 21159 21156 21180 21202 21187,5483 5481,1291,57,0,false,true,0,0
6765,Skeleton,,21173 21179 21160 21156 21182 21200 21186,5483 5481,1291,57,0,false,true,0,0
6766,Skeleton,,21175 21179 21161 21156 21181 21205 21187,5483 5481,1291,57,0,false,true,0,0
6767,Skeleton,,21174 21179 21161 21156 21182 21199 21186,5483 5481,1291,57,0,false,true,0,0
6768,Skeleton,,21169 21161 21157 21181 21204 21188,5483 5479,1291,57,0,false,true,0,0
6769,Doorman,,6130 248 6134 40165 6135 6133 185,813 1205 1206 1207 1208,0,3038,0,false,false,0,0
6770,Giant scarab,,31075,7593 7592,1279,13,0,false,false,0,0
6771,Giant scarab,,31075,7593 7592,1279,13,0,false,false,0,0
6772,Scarab larva,,30852,7654 7653,1726,10,0,false,true,0,0
6773,Scabaras ranger,,31016 31022,7605 7606,1761,20,0,false,true,0,0
6774,Scabaras lancer,,31017 31015,7610 7611,1761,20,0,false,false,0,0
6775,Scabaras priest,,31018,7605 7606,1761,20,0,false,true,0,0
6776,Scabaras locust,,31076,7583 7582,1278,13,0,false,false,0,0
6777,Locust lancer,,31076 31077 31079,7583 7582,1278,13,0,false,false,0,0
6778,Locust ranger,,31076 31077 31078,7583 7582,1278,13,0,false,false,0,0
6779,Crocodile,,31023,7589 7587,1762,5,0,false,false,0,0
6780,Scabaras mage,,31020 31019,7618 7619,1761,20,0,false,true,0,0
6781,Scabaras mage,,31020 31019,7618 7619,1761,20,0,false,true,0,0
6782,Maisa,,26155 26140 26149 26141 387,7629 819,0,3038,0,false,true,0,0
6783,Maisa,,26155 26140 26149 26141 387,7629 819,0,3038,0,false,true,0,0
6784,Priest,,6130 248 6134 40165 6135 6133 185,808 819 820 821 822,0,3038,0,false,false,0,0
6785,Clay golem,,6146 6148 6150,1913 1912,526,9,0,false,true,0,0
6786,Lead archaeologist Abigail,,30857,7579,0,3038,0,false,false,0,0
6787,Assistant archaeologist Kerner,,30855 30854,7578,0,3038,0,false,true,0,0
6788,High Priest of Scabaras,,31018,7605 7606,1761,20,0,false,true,0,0
6789,High Priest of Scabaras,,31018 31015,7610 7611,1761,20,0,false,true,0,0
6790,High Priest of Scabaras,,31018 31022,7605 7606,1761,20,0,false,true,0,0
6791,High Priest of Scabaras,,31018 31015,7610 7611,1761,20,0,false,true,0,0
6792,Vulture,,30853,7659 7658,1743,36,0,false,true,0,0
6793,,,,7629 819 820 821 822,0,3038,0,false,true,0,0
6794,Spirit terrorbird,,31096,1008 1007,1533,26,0,false,false,0,0
6795,Spirit terrorbird,,31096,1008 1007,1533,26,0,false,false,0,0
6796,Granite crab,,31133,8098 8100,559,21,0,false,true,0,0
6797,Granite crab,,31133,8098 8100,559,21,0,false,true,0,0
6798,Praying mantis,,30498,8067 8072,1739,11,0,false,true,0,0
6799,Praying mantis,,30498,8067 8072,1739,11,0,false,true,0,0
6800,Giant ent,,30500,7849 7848,1731,10,0,false,false,0,0
6801,Giant ent,,30500,7849 7848,1731,10,0,false,false,0,0
6802,Spirit cobra,,30457,8155 8158,1725,20,0,false,false,0,0
6803,Spirit cobra,,30457,8155 8158,1725,20,0,false,false,0,0
6804,Spirit dagannoth,,30528,7781 7784,1737,10,0,false,false,0,0
6805,Spirit dagannoth,,30528,7781 7784,1737,10,0,false,false,0,0
6806,Thorny snail,,30435,8146 8145,1730,10,0,false,true,0,0
6807,Thorny snail,,30435,8146 8145,1730,10,0,false,true,0,0
6808,Beaver,,30482,7718 7719,1748,9,0,false,true,0,0
6809,Karamthulhu overlord,,30485,7968 7961,1723,11,0,false,false,0,0
6810,Karamthulhu overlord,,30485,7968 7961,1723,11,0,false,false,0,0
6811,Hydra,,30497,7938 7941,1746,10,0,false,false,0,0
6812,Hydra,,30497,7938 7941,1746,10,0,false,false,0,0
6813,Bunyip,,30434,7738 7735,1733,10,0,false,false,0,0
6814,Bunyip,,30434,7738 7735,1733,10,0,false,false,0,0
6815,War tortoise,,30460,8284 8281,1720,9,0,false,false,0,0
6816,War tortoise,,30460,8284 8281,1720,9,0,false,false,0,0
6817,Fruit bat,,31106,8271 8273,1153,17,0,false,false,0,0
6818,Abyssal parasite,,30458,7668 7667,1732,10,0,false,true,0,0
6819,Abyssal parasite,,30458,7668 7667,1732,10,0,false,true,0,0
6820,Abyssal lurker,,30439,7677 7678,1743,36,0,false,false,0,0
6821,Abyssal lurker,,30439,7677 7678,1743,36,0,false,false,0,0
6822,Unicorn stallion,,31101,6374 6373,1472,9,0,false,false,0,0
6823,Unicorn stallion,,31101,6374 6373,1472,9,0,false,false,0,0
6824,Magpie,,30488,8008 8007,1537,16,0,false,false,0,0
6825,Dreadfowl,,30429,5386 7808,1255,13,0,false,true,0,0
6826,Dreadfowl,,30429,5386 7808,1255,13,0,false,true,0,0
6827,Stranger plant,,30455,8204 8207,1719,11,0,false,false,0,0
6828,Stranger plant,,30455,8204 8207,1719,11,0,false,false,0,0
6829,Spirit wolf,,30443,8297 8291,1491,53,0,false,true,0,0
6830,Spirit wolf,,30443,8297 8291,1491,53,0,false,true,0,0
6831,Desert wyrm,,30456,7793 7792,1725,20,0,false,true,0,0
6832,Desert wyrm,,30456,7793 7792,1725,20,0,false,true,0,0
6833,Evil turnip,,30524,8246 8245,1717,8,0,false,false,0,0
6834,Evil turnip,,30524,8246 8245,1717,8,0,false,false,0,0
6835,Vampire bat,,31105,8271 8273,1153,17,0,false,false,0,0
6836,Vampire bat,,31105,8271 8273,1153,17,0,false,false,0,0
6837,Spirit scorpion,,31095,6252 6253,1426,21,0,false,false,0,0
6838,Spirit scorpion,,31095,6252 6253,1426,21,0,false,false,0,0
6839,Arctic bear,,31645,4919 4923,1151,20,0,false,false,0,0
6840,Arctic bear,,31645,4919 4923,1151,20,0,false,false,0,0
6841,Spirit spider,,31098,5326 5325,1248,24,0,false,true,0,0
6842,Spirit spider,,31098,5326 5325,1248,24,0,false,true,0,0
6843,Bloated leech,,30499,7654 7653,1726,10,0,false,true,0,0
6844,Bloated leech,,30499,7654 7653,1726,10,0,false,true,0,0
6845,Honey badger,,30476,7924 7923,1724,9,0,false,false,0,0
6846,Honey badger,,30476,7924 7923,1724,9,0,false,false,0,0
6847,Albino rat,,31102,4932 4931,1152,10,0,false,false,0,0
6848,Albino rat,,31102,4932 4931,1152,10,0,false,false,0,0
6849,Granite lobster,,30537,8116 8115,1736,9,0,false,true,0,0
6850,Granite lobster,,30537,8116 8115,1736,9,0,false,true,0,0
6851,Macaw,,30495,8008 8007,1537,16,0,false,false,0,0
6852,Macaw,,30522,8006,1538,18,0,false,false,0,0
6853,Bronze minotaur,,30520,8021 8022,1718,9,0,false,false,0,0
6854,Bronze minotaur,,30520,8021 8022,1718,9,0,false,false,0,0
6855,Iron minotaur,,30520,8021 8022,1718,9,0,false,false,0,0
6856,Iron minotaur,,30520,8021 8022,1718,9,0,false,false,0,0
6857,Steel minotaur,,30520,8021 8022,1718,9,0,false,false,0,0
6858,Steel minotaur,,30520,8021 8022,1718,9,0,false,false,0,0
6859,Mithril minotaur,,30520,8021 8022,1718,9,0,false,false,0,0
6860,Mithril minotaur,,30520,8021 8022,1718,9,0,false,false,0,0
6861,Adamant minotaur,,30520,8021 8022,1718,9,0,false,false,0,0
6862,Adamant minotaur,,30520,8021 8022,1718,9,0,false,false,0,0
6863,Rune minotaur,,30520,8021 8022,1718,9,0,false,false,0,0
6864,Rune minotaur,,30520,8021 8022,1718,9,0,false,false,0,0
6865,Smoke devil,,30459,7815 7814,1741,10,0,false,true,0,0
6866,Smoke devil,,30459,7815 7814,1741,10,0,false,true,0,0
6867,Bull ant,,30431,7893 7899,1745,22,0,false,true,0,0
6868,Bull ant,,30431,7893 7899,1745,22,0,false,true,0,0
6869,Wolpertinger,,30475,8301 8302,1716,9,0,false,true,0,0
6870,Wolpertinger,,30475,8301 8302,1716,9,0,false,true,0,0
6871,Compost mound,,30442,7772 7768,1728,11,0,false,false,0,0
6872,Compost mound,,30442,7772 7768,1728,11,0,false,false,0,0
6873,Pack yak,,23892,5785 5781,1338,21,0,false,true,0,0
6874,Pack yak,,23892,5785 5781,1338,21,0,false,true,0,0
6875,Spirit cockatrice,,30463,7760 7759,1755,9,0,false,false,0,0
6876,Spirit cockatrice,,30463,7760 7759,1755,9,0,false,false,0,0
6877,Spirit guthatrice,,30464,7760 7759,1755,9,0,false,false,0,0
6878,Spirit guthatrice,,30464,7760 7759,1755,9,0,false,false,0,0
6879,Spirit saratrice,,30462,7760 7759,1755,9,0,false,false,0,0
6880,Spirit saratrice,,30462,7760 7759,1755,9,0,false,false,0,0
6881,Spirit zamatrice,,30468,7760 7759,1755,9,0,false,false,0,0
6882,Spirit zamatrice,,30468,7760 7759,1755,9,0,false,false,0,0
6883,Spirit pengatrice,,30466,7760 7759,1755,9,0,false,false,0,0
6884,Spirit pengatrice,,30466,7760 7759,1755,9,0,false,false,0,0
6885,Spirit coraxatrice,,30465,7760 7759,1755,9,0,false,false,0,0
6886,Spirit coraxatrice,,30465,7760 7759,1755,9,0,false,false,0,0
6887,Spirit vulatrice,,30467,7760 7759,1755,9,0,false,false,0,0
6888,Spirit vulatrice,,30467,7760 7759,1755,9,0,false,false,0,0
6889,Barker toad,,29123 29124,7258 7259,1643,12,0,false,false,0,0
6890,Barker toad,,29123 29124,7258 7259,1643,12,0,false,false,0,0
6891,Penguin keeper,,215 292 250 151 10218 271 185 194 327 495,808 819 820 821 822,0,3038,0,false,false,0,0
6892,Pet shop owner,,378 30387 17165 10706 17166 358,808 819 820 821 822,0,3038,0,false,false,0,0
6893,Pet shop owner,,12137 247 31630 319 32592 10218 15104 181,808 819 820 821 822,0,3038,0,false,false,0,0
6894,Terrier,,30447,7575 8337,1491,53,0,false,false,0,0
6895,Labrador,,30444,7575 8335,1491,53,0,false,true,0,0
6896,Dalmatian,,30451,7575 8331,1491,53,0,false,true,0,0
6897,Bulldog,,30411,7575 7576,1491,53,0,false,false,0,0
6898,Pet shop owner,,12137 247 31630 319 32592 10218 15104 181,808 819 820 821 822,0,3038,0,false,false,0,0
6899,Bulldog,,30411,7575 7576,1491,53,0,false,false,0,0
6900,Hatchling dragon,,31104,27 21,1080,54,0,false,true,0,0
6901,Baby dragon,,31103,27 21,1080,54,0,false,true,0,0
6902,Hatchling dragon,,31104,27 21,1080,54,0,false,true,0,0
6903,Baby dragon,,31103,27 21,1080,54,0,false,true,0,0
6904,Hatchling dragon,,31104,27 21,1080,54,0,false,true,0,0
6905,Baby dragon,,31103,27 21,1080,54,0,false,true,0,0
6906,Hatchling dragon,,31104,27 21,1080,54,0,false,true,0,0
6907,Baby dragon,,31103,27 21,1080,54,0,false,true,0,0
6908,Baby penguin,,21541,8319 8318,1310,58,0,false,true,0,0
6909,Penguin,,21542,8315 8314,1310,58,0,false,true,0,0
6910,Penguin,,21542,8315 8317,1310,58,0,false,true,0,0
6911,Raven chick,,30494,8310 8312,1537,16,0,false,false,0,0
6912,Raven,,30493,8008 8007,1537,16,0,false,false,0,0
6913,Baby raccoon,,30483,7718 7719,1748,9,0,false,true,0,0
6914,Raccoon,,30484,7718 7719,1748,9,0,false,true,0,0
6915,Baby gecko,,30531,8360 8358,1629,17,0,false,true,0,0
6916,Gecko,,30529,8360 8357,1629,17,0,false,true,0,0
6917,Baby gecko,,30529,8360 8358,1629,17,0,false,true,0,0
6918,Gecko,,30529,8360 8357,1629,17,0,false,true,0,0
6919,Baby squirrel,,30527,8324 8326,1750,5,0,false,true,0,0
6920,Squirrel,,30526,8324 8326,1750,5,0,false,true,0,0
6921,Baby squirrel,,30527,8324 8326,1750,5,0,false,true,0,0
6922,Baby chameleon,,30533,8363 8365,1754,3,0,false,false,0,0
6923,Chameleon,,30533,8363 8365,1754,3,0,false,false,0,0
6924,Baby chameleon,,30534,8363 8365,1754,3,0,false,false,0,0
6925,Chameleon,,30534,8363 8365,1754,3,0,false,false,0,0
6926,Baby chameleon,,30533,8363 8365,1754,3,0,false,false,0,0
6927,Chameleon,,30533,8363 8365,1754,3,0,false,false,0,0
6928,Baby chameleon,,30533,8363 8365,1754,3,0,false,false,0,0
6929,Chameleon,,30533,8363 8365,1754,3,0,false,false,0,0
6930,Baby chameleon,,30534,8363 8365,1754,3,0,false,false,0,0
6931,Chameleon,,30534,8363 8365,1754,3,0,false,false,0,0
6932,Baby chameleon,,30534,8363 8365,1754,3,0,false,false,0,0
6933,Chameleon,,30534,8363 8365,1754,3,0,false,false,0,0
6934,Baby chameleon,,30534,8363 8365,1754,3,0,false,false,0,0
6935,Chameleon,,30534,8363 8365,1754,3,0,false,false,0,0
6936,Baby chameleon,,30534,8363 8365,1754,3,0,false,false,0,0
6937,Chameleon,,30534,8363 8365,1754,3,0,false,false,0,0
6938,Baby chameleon,,30533,8363 8365,1754,3,0,false,false,0,0
6939,Chameleon,,30533,8363 8365,1754,3,0,false,false,0,0
6940,Baby chameleon,,30534,8363 8365,1754,3,0,false,false,0,0
6941,Chameleon,,30534,8363 8365,1754,3,0,false,false,0,0
6942,Baby monkey,,30516,8346 8348,1738,8,0,false,false,0,0
6943,Monkey,,30507,8344 8343,1738,8,0,false,false,0,0
6944,Baby monkey,,30516,8346 8348,1738,8,0,false,false,0,0
6945,Vulture chick,,30487,8310 8312,1537,16,0,false,false,0,0
6946,Vulture,,30438,7659 7658,1743,36,0,false,false,0,0
6947,Baby giant crab,,31134,8098 8101,559,21,0,false,true,0,0
6948,Giant crab,,31134,8098 8101,559,21,0,false,true,0,0
6949,Saradomin chick,,30494,8310 8312,1537,16,0,false,false,0,0
6950,Saradomin bird,,30492,8008 8007,1537,16,0,false,false,0,0
6951,Saradomin owl,,30489,8008 8007,1537,16,0,false,false,0,0
6952,Zamorak chick,,30494,8310 8312,1537,16,0,false,false,0,0
6953,Zamorak bird,,30492,8008 8007,1537,16,0,false,false,0,0
6954,Zamorak hawk,,30486,8008 8007,1537,16,0,false,false,0,0
6955,Guthix chick,,30494,8310 8312,1537,16,0,false,false,0,0
6956,Guthix bird,,30492,8008 8007,1537,16,0,false,false,0,0
6957,Guthix raptor,,30490,8008 8007,1537,16,0,false,false,0,0
6958,Terrier puppy,,30447,7575 8336,1491,53,0,false,false,0,0
6959,Terrier,,30453,7575 8337,1491,53,0,false,true,0,0
6960,Greyhound puppy,,30449,7575 8332,1491,53,0,false,false,0,0
6961,Greyhound,,30454,7575 8333,1491,53,0,false,true,0,0
6962,Labrador puppy,,30444,7575 8334,1491,53,0,false,true,0,0
6963,Labrador,,30445,7575 8335,1491,53,0,false,true,0,0
6964,Dalmatian puppy,,30451,7575 8330,1491,53,0,false,true,0,0
6965,Dalmatian,,30446,7575 8331,1491,53,0,false,true,0,0
6966,Sheepdog puppy,,30450,7575 8334,1491,53,0,false,false,0,0
6967,Sheepdog,,30452,7575 8335,1491,53,0,false,false,0,0
6968,Bulldog,,30448,7575 7576,1491,53,0,false,false,0,0
6969,Bulldog puppy,,30411,7575 8329,1491,53,0,false,false,0,0
6970,Pikkupstix,,31566,8528 8527,0,3038,0,false,true,0,0
6971,Pikkupstix,,31566,8497 8496,0,3038,0,false,true,0,0
6972,Druid,,31588 31567 31595 31601 31606 31578 31582,8528 8529,0,3038,0,false,false,0,0
6973,Druid,,31587 31571 31596 31604 31606 31578,8528 8527,0,3038,0,false,false,0,0
6974,Druid,,31590 31575 31591 31605 31606 31578 31583,8528 8527,0,3038,0,false,false,0,0
6975,Druid,,31585 31569 31593 31599 31606 31578 31582,8528 8529,0,3038,0,false,false,0,0
6976,Druid,,31588 31567 31595 31601 31606 31578,8528 8527,0,3038,0,false,false,0,0
6977,Druid,,31587 31571 31596 31604 31606 31578 31583,8528 8527,0,3038,0,false,false,0,0
6978,Druid,,31590 31575 31591 31605 31606 31578,8528 8527,0,3038,0,false,false,0,0
6979,Druid,,31585 31569 31593 31599 31606 31578 31582,8528 8529,0,3038,0,false,false,0,0
6980,Druid,,31590 31569 31591 31605 31606 31578,8528 8527,0,3038,0,false,false,0,0
6981,Druidess,,31694 31609 31615 31616 31619 31610,8528 8527,0,3038,0,false,false,0,0
6982,Druidess,,31694 31608 31614 31618 31619 31610 31611,8528 8529,0,3038,0,false,false,0,0
6983,Druidess,,31613 31608 31614 31618 31619 31610,8528 8527,0,3038,0,false,true,0,0
6984,Druidess,,31613 31608 31614 31618 31619 31610 31611,8528 8529,0,3038,0,false,true,0,0
6985,Druidess,,31694 31609 31615 31616 31619 31610 31612,8528 8527,0,3038,0,false,false,0,0
6986,Druidess,,31694 31609 31615 31617 31619 31610,8528 8527,0,3038,0,false,false,0,0
6987,Druidess,,31613 31608 31614 31617 31619 31610,8528 8527,0,3038,0,false,true,0,0
6988,,,,8497 8496,0,3038,0,false,true,0,0
6989,,,,8528 8527,0,3038,0,false,true,0,0
6990,Giant wolpertinger,,31640,8504 8505,1897,4,0,false,true,0,0
6991,Ibis,,30437,8197 8198,1743,36,0,false,false,0,0
6992,Spirit jelly,,31695,8572 8575,1903,10,0,false,true,0,0
6993,Spirit jelly,,31695,8572 8575,1903,10,0,false,true,0,0
6994,Spirit kalphite,,31693,8518 6220,1422,31,0,false,false,0,0
6995,Spirit kalphite,,31693,8518 6220,1422,31,0,false,false,0,0
6996,Fishing spot,,36844,9645,2130,3,0,false,false,0,0
6997,Baby raccoon,,30483,7718 7719,1748,9,0,false,true,0,0
6998,Revenant dragon,,31721,8589 8590,1907,8,0,false,true,0,0
6999,Revenant dragon,,31721,8589 8590,1907,8,0,false,true,0,0
7000,,,26050,,,0,0,false,false,0,0
7001,Dark Squall,,32363,7188 7191 7192 7193 7194,0,3038,0,false,false,0,0
7002,Surok Magis,,23926 214 250 23944 23916 177 23934,808 819 820 821 822,0,3038,0,false,true,0,0
7003,Fire giant,,17452 17437,4662 4660,1081,30,0,false,true,0,0
7004,Fire giant,,17451 17435,4663 4661,1081,30,0,false,true,0,0
7005,Big wolf,,26264,6580 6556,1491,53,0,false,true,0,0
7006,,,,7188 7191 7192 7193 7194,0,3038,0,false,true,0,0
7007,,,,7188 7191 7192 7193 7194,0,3038,0,false,true,0,0
7008,,,,7188 7191 7192 7193 7194,0,3038,0,false,true,0,0
7009,,,,808 819 820 821 822,0,3038,0,false,true,0,0
7010,Grenwall,,31749,8604 8606,1908,9,0,false,false,0,0
7011,Grenwall,,31749,8601 8606,1908,9,0,false,false,0,0
7012,Pawya,,31746,8609 8608,1909,8,0,false,true,0,0
7013,Earth mound,,31748,,,0,0,false,false,0,0
7014,Pawya,,31746,8609,1909,8,0,false,true,0,0
7015,Platypus,,31818,8671 8672,1912,7,0,false,true,0,0
7016,Platypus,,31818,8671 8672,1912,7,0,false,true,0,0
7017,Platypus,,31818,8671 8672,1912,7,0,false,true,0,0
7018,Baby platypus,,31817,8671 8670,1912,7,0,false,true,0,0
7019,Baby platypus,,31817,8671 8670,1912,7,0,false,true,0,0
7020,Baby platypus,,31817,8671 8670,1912,7,0,false,true,0,0
7021,Platypus,,31818,8671 8672,1912,7,0,false,true,0,0
7022,Platypus,,31818,8671 8672,1912,7,0,false,true,0,0
7023,Platypus,,31818,8671 8672,1912,7,0,false,true,0,0
7024,Baby platypus,,31817,8671 8670,1912,7,0,false,true,0,0
7025,Baby platypus,,31817,8671 8670,1912,7,0,false,true,0,0
7026,Baby platypus,,31817,8671 8670,1912,7,0,false,true,0,0
7027,Patrick,,31818,8671 8672,1912,7,0,false,true,0,0
7028,Penelope,,31818,8671 8672,1912,7,0,false,true,0,0
7029,Peter,,31817,8671 8670,1912,7,0,false,true,0,0
7030,Peanut,,31817,8671 8670,1912,7,0,false,true,0,0
7031,Wimpy bird,,31814,6771 6773,1538,18,0,false,true,0,0
7032,,,,6771 6773,1538,18,0,false,true,0,0
7033,,,,6771 6773,1538,18,0,false,true,0,0
7034,,,,6771 6773,1538,18,0,false,true,0,0
7035,,,,6771 6773,1538,18,0,false,true,0,0
7036,,,,6771 6773,1538,18,0,false,true,0,0
7037,,,,,,0,0,false,false,0,0
7038,,,,,,0,0,false,false,0,0
7039,Diseased kebbit,,19389 19381 19384,5273 5272,1208,8,0,false,true,0,0
7040,,,,5273 5272,1208,8,0,false,true,0,0
7041,,,,5273 5272,1208,8,0,false,true,0,0
7042,,,,5273 5272,1208,8,0,false,true,0,0
7043,,,,5273 5272,1208,8,0,false,true,0,0
7044,Fishing spot,,36844,9645,2130,3,0,false,false,0,0
7045,Fishing spot,,36844,9645,2130,3,0,false,false,0,0
7046,Fishing spot,,36844,9645,2130,3,0,false,false,0,0
7047,Balnea,,18111 29695 27665 32060 31770 31780 31774,808 819 820 821 822,0,3038,0,false,true,0,0
7048,Frawd,,32025 32054,8620 8573,1905,32,0,false,false,0,0
7049,Ogress banker,,32033,8628 8573,1905,32,0,false,false,0,0
7050,Ogress banker,,32033,8574 8573,1905,32,0,false,false,0,0
7051,Chief Tess,,32029,8627 8573,1905,32,0,false,false,0,0
7052,Seegud,,32045,8632 8633,1905,32,0,false,false,0,0
7053,Chargurr,,32034,8655,1905,32,0,false,false,0,0
7054,Chargurr,,32034,8650,1905,32,0,false,false,0,0
7055,,,,8655,1905,32,0,false,true,0,0
7056,,,,8650,1905,32,0,false,true,0,0
7057,Snurgh,,32030,8630 8631,1905,32,0,false,false,0,0
7058,Kringk,,32039,8574 8573,1905,32,0,false,false,0,0
7059,Thump,,31886,8619,1913,1,0,false,false,0,0
7060,Massage table,,31885,8619,1913,1,0,false,false,0,0
7061,Thump,,32032,8574 8573,1905,32,0,false,false,0,0
7062,Muggh,,32041,8574 8573,1905,32,0,false,false,0,0
7063,Kringk,,32027,,,0,0,false,false,0,0
7064,Hairdryer,,32027,,,0,0,false,false,0,0
7065,,,,808 819 820 821 822,0,3038,0,false,true,0,0
7066,,,,808 819 820 821 822,0,3038,0,false,true,0,0
7067,Snert,,32038,8627 8626,1905,32,0,false,false,0,0
7068,Tyke,,32042,8627 8626,1905,32,0,false,false,0,0
7069,Snarrl,,32038,8627 8626,1905,32,0,false,false,0,0
7070,Snarrk,,32038,8627 8626,1905,32,0,false,false,0,0
7071,I'rk,,32042,8627 8626,1905,32,0,false,false,0,0
7072,Thuddley,,32035,8627 8626,1905,32,0,false,false,0,0
7073,Grr'bah,,32028,8627 8626,1905,32,0,false,false,0,0
7074,Chomp,,32035,8627 8626,1905,32,0,false,false,0,0
7075,Grubb,,32035,8627 8626,1905,32,0,false,false,0,0
7076,Grunther,,32028,8627 8626,1905,32,0,false,false,0,0
7077,Glum,,32035,8627 8626,1905,32,0,false,false,0,0
7078,Ogress champion,,32046 32049,8642 8573,1905,32,0,false,false,0,0
7079,Ogress warrior,,32026 32050,8634 8573,1905,32,0,false,false,0,0
7080,Ogress warrior,,32031 32053,8635 8643,1905,32,0,false,false,0,0
7081,Ogress,,32040 32048,8634 8573,1905,32,0,false,false,0,0
7082,Ogress,,32043 32051,8642 8643,1905,32,0,false,true,0,0
7083,Flying bugs,,31862,8667,1919,2,0,false,true,0,0
7084,Eucalyptus ent,,31757,5750,1331,3,0,false,false,0,0
7085,Eucalyptus ent,,31758,5750,1331,3,0,false,false,0,0
7086,Eucalyptus ent,,31756,5750,1331,3,0,false,false,0,0
7087,Balnea,,18111 29695 27665 32060 31770 31780 31774,808 819 820 821 822,0,3038,0,false,true,0,0
7088,Chief Tess,,32029,8627 8573,1905,32,0,false,false,0,0
7089,Chargurr,,32034,8574,1905,32,0,false,false,0,0
7090,Wise Old Man,,187 9103 4925 21860 323 164 176 268 4954,813 1146 820 821 822,0,3038,0,false,false,0,0
7091,,,,8671 8672,1912,7,0,false,true,0,0
7092,,,,8671 8672,1912,7,0,false,true,0,0
7093,,,,8671 8670,1912,7,0,false,true,0,0
7094,,,,8671 8670,1912,7,0,false,true,0,0
7095,,,,8671 8672,1912,7,0,false,true,0,0
7096,,,,8671 8672,1912,7,0,false,true,0,0
7097,,,,8671 8672,1912,7,0,false,true,0,0
7098,,,,8671 8672,1912,7,0,false,true,0,0
7099,,,,8574 8573,1905,32,0,false,true,0,0
7100,,,,8619,1913,1,0,false,true,0,0
7101,,,,8574 8573,1905,32,0,false,true,0,0
7102,,,,,,0,0,false,false,0,0
7103,,,,,,0,0,false,false,0,0
7104,Dawg,,32057,5225 5226,1206,28,0,false,true,0,0
7105,Chaos druid,,31567 31595 31601 31578 31588 31606,8528 8527,0,3038,0,false,false,0,0
7106,Thug,,32068 32080 32093 32095 32082 32073 32097 32067 32096,808 819 820 821 822,0,3038,0,false,false,0,0
7107,Thug,,32069 32079 32090 32087 32075 32097 32066,808 819 820 821 822,0,3038,0,false,false,0,0
7108,Thug,,32070 32079 32089 32084 32074 32097 32067 32096,808 819 820 821 822,0,3038,0,false,false,0,0
7109,Thug,,32068 32081 32092 32086 32077 32097 32066,808 819 820 821 822,0,3038,0,false,false,0,0
7110,Thug,,32072 32079 32088 32095 32085 32078 32097 32067,808 819 820 821 822,0,3038,0,false,false,0,0
7111,Thug,,32071 32079 32094 32083 32076 32097 32066 32096,808 819 820 821 822,0,3038,0,false,false,0,0
7112,Thug,,32072 32079 32090 32086 32077 32097 32067 32096,808 819 820 821 822,0,3038,0,false,false,0,0
7113,Thug,,32070 32079 32092 32083 32076 32097 32066 32095,808 819 820 821 822,0,3038,0,false,false,0,0
7114,Thug,,32069 32079 32088 32087 32075 32097 32067 32096,808 819 820 821 822,0,3038,0,false,false,0,0
7115,Thaki the delivery dwarf,,32148 32149,8706,297,51,0,false,false,0,0
7116,Drunken sailor,,194 215 5215 299 4391 151 176 7002 181,8707 2769,0,3038,0,false,false,0,0
7117,Drunken sailor,,215 5215 299 4391 151 176 7002 181,8707,0,3038,0,false,true,0,0
7118,Catapult engineer,,10302 10304 10705 151 24982 22601 185 6755,808 819 820 821 822,0,3038,0,false,false,0,0
7119,,,,808 819 820 821 822,0,3038,0,false,true,0,0
7120,Tyras guard,,32232,808 819 820 821 822,0,3038,0,false,true,0,0
7121,General Hining,,32233,813 1205 1206 1207 1208,0,3038,0,false,false,0,0
7122,Githan,,10212,2906 2907,491,3,0,false,false,0,0
7123,Amulet of Nature,,26050,2906 2907,491,3,0,false,false,0,0
7124,Mud,,32264,,,0,0,false,false,0,0
7125,Rabbit,,32339,8737 6088,1395,20,0,false,false,0,0
7126,Rabbit,,32339,8737 6088,1395,20,0,false,false,0,0
7127,Rabbit,,32339,8737 6088,1395,20,0,false,false,0,0
7128,Farmer,,32332 32331,8726 8723,1628,64,0,false,true,0,0
7129,Farmer,,32328 32331,8726 8723,1628,64,0,false,true,0,0
7130,Farmer,,32327 32331,8728 8723,1628,64,0,false,true,0,0
7131,Farmer Blinkin,,32326,8721 8722,1628,64,0,false,true,0,0
7132,Mrs. Winkin,,32329,8720 8719,1628,64,0,false,false,0,0
7133,Bork,,32351 32352,8753 8752,1941,7,0,false,false,0,0
7134,Bork,,32351 32352,8753 8752,1941,7,0,false,false,0,0
7135,Ork legion,,32348 32347,8763 8764,1943,7,0,false,false,0,0
7136,Surok Magis,,23926 214 250 23944 23916 177 23934,808 819 820 821 822,0,3038,0,false,true,0,0
7137,Dagon'hai Elite,,23929 23917 23934,808 819 820 821 822,0,3038,0,false,true,0,0
7138,Dagon'hai Monk,,23928 23917 23934,808 819 820 821 822,0,3038,0,false,true,0,0
7139,Dagon'hai Monk,,23927 23917 23934,808 819 820 821 822,0,3038,0,false,true,0,0
7140,Dagon'hai Monk,,23929 23917 23934,808 819 820 821 822,0,3038,0,false,true,0,0
7141,,,26050,,,0,0,false,false,0,0
7142,Guard,,32374,8800 7223,1631,15,0,false,false,0,0
7143,Professor Henry,,32380 32383 25644 25667 14374 176,808 819 820 821 822,0,3038,0,false,false,0,0
7144,Gublinch jailmate,,32398,8771,1259,13,0,false,true,0,0
7145,Gublinchette jailmate,,32392,8772,1259,13,0,false,false,0,0
7146,Gublinchette jailmate,,32393 32395,8773,1259,13,0,false,false,0,0
7147,Gublinch jailmate,,32391,8774,1259,13,0,false,true,0,0
7148,Gublinch jailmate,,32394,8775,1259,13,0,false,false,0,0
7149,Gublinch jailmate,,32399 32400,8776,1259,13,0,false,false,0,0
7150,Gublinch jailmate,,32396 32397,8777,1259,13,0,false,false,0,0
7151,Student,,32385 32416 32415,8778,0,3038,0,false,true,0,0
7152,Student,,32382 32416 32415,8779,0,3038,0,false,true,0,0
7153,Student,,32388 32416 32415,8780,0,3038,0,false,false,0,0
7154,Student,,32381 32416 32415,8781,0,3038,0,false,true,0,0
7155,Student,,32387 32416 32415,8782,0,3038,0,false,true,0,0
7156,Student,,32386 32416 32415,8783,0,3038,0,false,false,0,0
7157,Student,,32384 32416 32415,8784,0,3038,0,false,false,0,0
7158,Cockroach drone,,32377,8798 8794,1955,15,0,false,false,0,0
7159,Cockroach worker,,32376,8797 8796,1955,15,0,false,false,0,0
7160,Cockroach soldier,,32375,8797 8795,1955,15,0,false,false,0,0
7161,Mugger,,20749 310 9450 176 25665,808 819 820 821 822,0,3038,0,false,false,0,0
7162,Mugger,,20749 310 9450 176 25665,808 819 820 821 822,0,3038,0,false,false,0,0
7163,,,,808 819 820 821 822,0,3038,0,false,true,0,0
7164,Villager,,12140 390 11360 11775 10706 13347 8934,808 4779,0,3038,0,false,false,0,0
7165,Villager,,310 275 181 6364 26120 18126 10218 32531,8863 8862,0,3038,0,false,false,0,0
7166,Villager,,310 275 181 6364 26120 18126 10218 32531,8878 8875,0,3038,0,false,false,0,0
7167,Villager,,310 275 181 6364 26120 18126 10218,8877 8862,0,3038,0,false,false,0,0
7168,Kimberly,,32522,7167 7160,1628,64,0,false,true,0,0
7169,Kimberly,,32522,7158,1628,64,0,false,true,0,0
7170,Kimberly,,32539,8816,1960,3,0,false,true,0,0
7171,Kennith,,28601,7158 7160,1628,64,0,false,true,0,0
7172,Kennith,,28601,8807 8808,1628,64,0,false,true,0,0
7173,Kennith,,28601,8807,1628,64,0,false,true,0,0
7174,Kennith,,32537 32538,8811,1961,3,0,false,true,0,0
7175,Kennith,,28601 32521,8852,1628,64,0,false,true,0,0
7176,,,,808 819 820 821 822,0,3038,0,false,true,0,0
7177,,,,808 819 820,0,3038,0,false,true,0,0
7178,,,,808 819 820 821 822,0,3038,0,false,true,0,0
7179,,,,808 819 820 821 822,0,3038,0,false,true,0,0
7180,,,,808 819 820 821 822,0,3038,0,false,true,0,0
7181,,,,808 819 820 821 822,0,3038,0,false,true,0,0
7182,,,,808 819 820,0,3038,0,false,true,0,0
7183,Villager,,12140 390 11360 11775 10706 13347 8934,808 4779,0,3038,0,false,false,0,0
7184,Ezekial Lovecraft,,18191 230 10304 302 10980 10218 18194 14376,808 819 820 821 822,0,3038,0,false,false,0,0
7185,Clive,,14340 26131 26118 11869 249 181,808 819 820 821 822,0,3038,0,false,false,0,0
7186,Katherine,,32530 26155 26139 26147,808 819 820 821 822,0,3038,0,false,true,0,0
7187,Katherine,,32530 26155 26139 26147 509,6935 819 820 821 822,0,3038,0,false,true,0,0
7188,Clive,,14340 26131 26118 11869 249 181 509,6935 819 820 821 822,0,3038,0,false,false,0,0
7189,Kent,,214 10304 12085 168 8918 176 18132 18129,808 819 820 821 822,0,3038,0,false,false,0,0
7190,,,,808 819 820 821 822,0,3038,0,false,true,0,0
7191,,,,7158 7160,1628,64,0,false,true,0,0
7192,,,,7158 7160,1628,64,0,false,true,0,0
7193,,,,7158 7160,1628,64,0,false,true,0,0
7194,,,,7158 7160,1628,64,0,false,true,0,0
7195,,,,808 819 820 821 822,0,3038,0,false,true,0,0
7196,Rabbit hole,,23995,,,0,0,false,false,0,0
7197,Easter Bunny,,23995,3852 3851,1398,2,0,false,false,0,0
7198,Bunny,,4042,1242 1243,329,11,0,false,true,0,0
7199,Bunny,,4042,1242 1243,329,11,0,false,true,0,0
7200,Guard bunny,,4042,1242 1243,329,11,0,false,true,0,0
7201,Chocatrice,,32601,7760 7759,1755,9,0,false,true,0,0
7202,Rat,,18891 18889 18894,4932 4931,1152,10,0,false,false,0,0
7203,Void Knight,,230 252 14568 173 10218 14566 181 14580,3926,0,3038,0,false,true,0,0
7204,Rat,,18893 18889 18896,4932 4931,1152,10,0,false,false,0,0
7205,Mouse,,26075,6518 6517,1486,5,0,false,false,0,0
7206,Cockroach,,32377,8798 8794,1955,15,0,false,false,0,0
7207,Spider,,20309 20310,5326 5325,1248,24,0,false,true,0,0
7208,Rabbit,,4042,3872 3871,329,11,0,false,true,0,0
7209,Snail,,32684,8146 8145,1730,10,0,false,true,0,0
7210,Baby monkey,,30512,8346 8348,1738,8,0,false,false,0,0
7211,Monkey,,30510,8344 8343,1738,8,0,false,false,0,0
7212,Baby monkey,,30511,8346 8348,1738,8,0,false,true,0,0
7213,Monkey,,30509,8344 8343,1738,8,0,false,false,0,0
7214,Baby monkey,,30508,8346 8348,1738,8,0,false,false,0,0
7215,Monkey,,30505,8344 8343,1738,8,0,false,false,0,0
7216,Baby monkey,,30513,8346 8348,1738,8,0,false,false,0,0
7217,Monkey,,30514,8344 8343,1738,8,0,false,false,0,0
7218,Baby monkey,,30515,8346 8348,1738,8,0,false,false,0,0
7219,Monkey,,30506,8344 8343,1738,8,0,false,false,0,0
7220,Baby monkey,,30517,8346 8348,1738,8,0,false,false,0,0
7221,Monkey,,30518,8344 8343,1738,8,0,false,false,0,0
7222,Baby monkey,,30516,8346 8348,1738,8,0,false,false,0,0
7223,Monkey,,30507,8344 8343,1738,8,0,false,false,0,0
7224,Baby monkey,,30508,8346 8348,1738,8,0,false,false,0,0
7225,Monkey,,30505,8344 8343,1738,8,0,false,false,0,0
7226,Baby monkey,,30515,8346 8348,1738,8,0,false,false,0,0
7227,Monkey,,30506,8344 8343,1738,8,0,false,false,0,0
7228,Baby monkey,,30512,8346 8348,1738,8,0,false,false,0,0
7229,Baby monkey,,30511,8346 8348,1738,8,0,false,true,0,0
7230,Baby monkey,,30508,8346 8348,1738,8,0,false,false,0,0
7231,Baby monkey,,30513,8346 8348,1738,8,0,false,false,0,0
7232,Baby monkey,,30515,8346 8348,1738,8,0,false,false,0,0
7233,Baby monkey,,30517,8346 8348,1738,8,0,false,false,0,0
7234,Baby monkey,,30516,8346 8348,1738,8,0,false,false,0,0
7235,Baby monkey,,30508,8346 8348,1738,8,0,false,false,0,0
7236,Baby monkey,,30515,8346 8348,1738,8,0,false,false,0,0
7237,Terrier puppy,,30447,8338 8336,1491,53,0,false,false,0,0
7238,Terrier,,30453,8338 8337,1491,53,0,false,true,0,0
7239,Terrier puppy,,30447,8339 8336,1491,53,0,false,false,0,0
7240,Terrier,,30453,8339 8337,1491,53,0,false,true,0,0
7241,Greyhound puppy,,30449,8338 8332,1491,53,0,false,false,0,0
7242,Greyhound,,30454,8338 8333,1491,53,0,false,true,0,0
7243,Greyhound puppy,,30449,8339 8332,1491,53,0,false,false,0,0
7244,Greyhound,,30454,8339 8333,1491,53,0,false,true,0,0
7245,Labrador puppy,,30444,8338 8334,1491,53,0,false,true,0,0
7246,Labrador,,30445,8338 8335,1491,53,0,false,true,0,0
7247,Labrador puppy,,30444,8339 8334,1491,53,0,false,true,0,0
7248,Labrador,,30445,8339 8335,1491,53,0,false,true,0,0
7249,Dalmatian puppy,,30451,8338 8330,1491,53,0,false,true,0,0
7250,Dalmatian,,30446,8338 8331,1491,53,0,false,true,0,0
7251,Dalmatian puppy,,30451,8339 8330,1491,53,0,false,true,0,0
7252,Dalmatian,,30446,8339 8331,1491,53,0,false,true,0,0
7253,Sheepdog puppy,,30450,8338 8334,1491,53,0,false,false,0,0
7254,Sheepdog,,30452,8338 8335,1491,53,0,false,false,0,0
7255,Sheepdog puppy,,30450,8339 8334,1491,53,0,false,false,0,0
7256,Sheepdog,,30452,8339 8335,1491,53,0,false,false,0,0
7257,Bulldog,,30448,8338 7576,1491,53,0,false,false,0,0
7258,Bulldog,,30448,8339 7576,1491,53,0,false,false,0,0
7259,Bulldog puppy,,30411,8338 8329,1491,53,0,false,false,0,0
7260,Bulldog puppy,,30411,8339 8329,1491,53,0,false,false,0,0
7261,Raven chick,,30494,8310 8312,1537,16,0,false,false,0,0
7262,Raven,,30491,8008 8007,1537,16,0,false,false,0,0
7263,Raven chick,,30494,8310 8312,1537,16,0,false,false,0,0
7264,Raven,,30493,8008 8007,1537,16,0,false,false,0,0
7265,Raven chick,,30494,8310 8312,1537,16,0,false,false,0,0
7266,Raven,,30491,8008 8007,1537,16,0,false,false,0,0
7267,Raven chick,,30494,8310 8312,1537,16,0,false,false,0,0
7268,Raven,,30493,8008 8007,1537,16,0,false,false,0,0
7269,Raven chick,,30494,8310 8312,1537,16,0,false,false,0,0
7270,Raven,,30491,8008 8007,1537,16,0,false,false,0,0
7271,Baby raccoon,,30483,7718 7719,1748,9,0,false,true,0,0
7272,Raccoon,,30484,7718 7719,1748,9,0,false,true,0,0
7273,Baby raccoon,,30483,7718 7719,1748,9,0,false,true,0,0
7274,Raccoon,,30484,7718 7719,1748,9,0,false,true,0,0
7275,Baby Raccoon,,30483,7718 7719,1748,9,0,false,true,0,0
7276,Baby raccoon,,30483,7718 7719,1748,9,0,false,true,0,0
7277,Baby gecko,,30532,8360 8358,1629,17,0,false,true,0,0
7278,Baby gecko,,30532,8360 8358,1629,17,0,false,true,0,0
7279,Baby gecko,,30531,8360 8358,1629,17,0,false,true,0,0
7280,Baby gecko,,30532,8360 8358,1629,17,0,false,true,0,0
7281,Gecko,,30530,8360 8357,1629,17,0,false,true,0,0
7282,Gecko,,30530,8360 8357,1629,17,0,false,true,0,0
7283,Gecko,,30529,8360 8357,1629,17,0,false,true,0,0
7284,Gecko,,30530,8360 8357,1629,17,0,false,true,0,0
7285,Baby gecko,,30530,8360 8358,1629,17,0,false,true,0,0
7286,Baby gecko,,30530,8360 8358,1629,17,0,false,true,0,0
7287,Baby gecko,,30529,8360 8358,1629,17,0,false,true,0,0
7288,Baby gecko,,30530,8360 8358,1629,17,0,false,true,0,0
7289,Gecko,,30530,8360 8357,1629,17,0,false,true,0,0
7290,Gecko,,30530,8360 8357,1629,17,0,false,true,0,0
7291,Gecko,,30529,8360 8357,1629,17,0,false,true,0,0
7292,Gecko,,30530,8360 8357,1629,17,0,false,true,0,0
7293,Baby giant crab,,31135,8098 8101,559,21,0,false,true,0,0
7294,Giant crab,,31135,8098 8101,559,21,0,false,true,0,0
7295,Baby giant crab,,31134,8098 8101,559,21,0,false,true,0,0
7296,Giant crab,,31134,8098 8101,559,21,0,false,true,0,0
7297,Baby giant crab,,31135,8098 8101,559,21,0,false,true,0,0
7298,Giant crab,,31135,8098 8101,559,21,0,false,true,0,0
7299,Baby giant crab,,31134,8098 8101,559,21,0,false,true,0,0
7300,Giant crab,,31134,8098 8101,559,21,0,false,true,0,0
7301,Baby squirrel,,30527,8324 8326,1750,5,0,false,true,0,0
7302,Squirrel,,30526,8324 8326,1750,5,0,false,true,0,0
7303,Baby squirrel,,30527,8324 8326,1750,5,0,false,true,0,0
7304,Squirrel,,30526,8324 8326,1750,5,0,false,true,0,0
7305,Baby squirrel,,30527,8324 8326,1750,5,0,false,true,0,0
7306,Squirrel,,30526,8324 8326,1750,5,0,false,true,0,0
7307,Baby squirrel,,30527,8324 8326,1750,5,0,false,true,0,0
7308,Squirrel,,30526,8324 8326,1750,5,0,false,true,0,0
7309,Baby squirrel,,30527,8324 8326,1750,5,0,false,true,0,0
7310,Baby squirrel,,30527,8324 8326,1750,5,0,false,true,0,0
7311,Baby squirrel,,30527,8324 8326,1750,5,0,false,true,0,0
7312,Baby squirrel,,30527,8324 8326,1750,5,0,false,true,0,0
7313,Baby penguin,,21541,8319 8318,1310,58,0,false,true,0,0
7314,Penguin,,21542,8315 8314,1310,58,0,false,true,0,0
7315,Penguin,,21542,8315 8317,1310,58,0,false,true,0,0
7316,Baby penguin,,21541,8319 8318,1310,58,0,false,true,0,0
7317,Penguin,,21542,8315 8314,1310,58,0,false,true,0,0
7318,Penguin,,21542,8315 8317,1310,58,0,false,true,0,0
7319,Vulture chick,,30487,8310 8312,1537,16,0,false,false,0,0
7320,Vulture,,30440,7659 7658,1743,36,0,false,false,0,0
7321,Vulture chick,,30487,8310 8312,1537,16,0,false,false,0,0
7322,Vulture,,30438,7659 7658,1743,36,0,false,false,0,0
7323,Vulture chick,,30487,8310 8312,1537,16,0,false,false,0,0
7324,Vulture,,30440,7659 7658,1743,36,0,false,false,0,0
7325,Vulture chick,,30487,8310 8312,1537,16,0,false,false,0,0
7326,Vulture,,30438,7659 7658,1743,36,0,false,false,0,0
7327,Vulture chick,,30487,8310 8312,1537,16,0,false,false,0,0
7328,Vulture,,30440,7659 7658,1743,36,0,false,false,0,0
7329,Swamp titan,,30539,8220 8219,1753,9,0,false,false,0,0
7330,Swamp titan,,30539,8220 8219,1753,9,0,false,false,0,0
7331,Spirit mosquito,,30430,8035 8038,1745,22,0,false,false,0,0
7332,Spirit mosquito,,30430,8035 8038,1745,22,0,false,false,0,0
7333,Void spinner,,30496,8171 8175,1744,10,0,false,true,0,0
7334,Void spinner,,30496,8171 8175,1744,10,0,false,true,0,0
7335,Forge regent,,30504,7867 7868,1722,17,0,false,true,0,0
7336,Forge regent,,30504,7867 7868,1722,17,0,false,true,0,0
7337,Spirit larupia,,31126,5225 5226,1206,28,0,false,false,0,0
7338,Spirit larupia,,31126,5225 5226,1206,28,0,false,false,0,0
7339,Geyser titan,,30538,7876 7877,1714,11,0,false,true,0,0
7340,Geyser titan,,30538,7876 7877,1714,11,0,false,true,0,0
7341,Lava titan,,30481,7978 7977,1734,9,0,false,false,0,0
7342,Lava titan,,30481,7978 7977,1734,9,0,false,false,0,0
7343,Steel titan,,30469,8186 8189,1740,41,0,false,true,0,0
7344,Steel titan,,30469,8186 8189,1740,41,0,false,true,0,0
7345,Obsidian golem,,30502,8047 8046,1729,9,0,false,false,0,0
7346,Obsidian golem,,30502,8047 8046,1729,9,0,false,false,0,0
7347,Talon beast,,31636,5986 5987,1372,9,0,false,false,0,0
7348,Talon beast,,31636,5986 5987,1372,9,0,false,false,0,0
7349,Abyssal titan,,30474,7690 7687,1740,41,0,false,false,0,0
7350,Abyssal titan,,30474,7690 7687,1740,41,0,false,false,0,0
7351,Void torcher,,30477,8233 8234,1735,9,0,false,false,0,0
7352,Void torcher,,30477,8233 8234,1735,9,0,false,false,0,0
7353,Giant chinchompa,,30441,7751 7750,1749,9,0,false,false,0,0
7354,Giant chinchompa,,30441,7751 7750,1749,9,0,false,false,0,0
7355,Fire titan,,30536,7831 7828,1751,9,0,false,true,0,0
7356,Fire titan,,30536,7831 7828,1751,9,0,false,true,0,0
7357,Moss titan,,30472,7841 7838,1740,41,0,false,false,0,0
7358,Moss titan,,30472,7841 7838,1740,41,0,false,false,0,0
7359,Ice titan,,30470,8186 7847,1740,41,0,false,true,0,0
7360,Ice titan,,30470,8186 7847,1740,41,0,false,true,0,0
7361,Spirit Tz-Kih,,30503,8255 8256,1722,17,0,false,true,0,0
7362,Spirit Tz-Kih,,30503,8255 8256,1722,17,0,false,true,0,0
7363,Spirit graahk,,31132,5225 5226,1206,28,0,false,false,0,0
7364,Spirit graahk,,31132,5225 5226,1206,28,0,false,false,0,0
7365,Spirit kyatt,,31127,5225 5226,1206,28,0,false,false,0,0
7366,Spirit kyatt,,31127,5225 5226,1206,28,0,false,false,0,0
7367,Void shifter,,30436,8129 8128,1742,9,0,false,false,0,0
7368,Void shifter,,30436,8129 8128,1742,9,0,false,false,0,0
7369,Void shifter,,30436,8129 8128,1742,9,0,false,false,0,0
7370,Void ravager,,30501,8089 8092,1747,12,0,false,false,0,0
7371,Void ravager,,30501,8089 8092,1747,12,0,false,false,0,0
7372,Ravenous locust,,30478,7992 7991,1752,12,0,false,true,0,0
7373,Ravenous locust,,30478,7992 7991,1752,12,0,false,true,0,0
7374,Ravenous locust,,30478,8001,1752,12,0,false,true,0,0
7375,Iron titan,,30473,7949 7952,1740,41,0,false,false,0,0
7376,Iron titan,,30473,7949 7952,1740,41,0,false,false,0,0
7377,Pyrelord,,32695,8077 8076,1727,12,0,false,true,0,0
7378,Pyrelord,,32695,8077 8076,1727,12,0,false,true,0,0
7379,Elfinlocks,,363 390 7010 3194 7005 353 5409 8754 32970,10080 1660,0,3038,0,false,false,0,0
7380,Missi Sissi,,5033 391 5035 5029 5034 5030 5032,808 819 820 821 822,0,3038,0,false,false,0,0
7381,Missi Sissi,,5033 391 5035 5029 5034 5030 5032 491,808 819 820 821 822,0,3038,0,false,false,0,0
7382,Uberlass,,391 4230 4228 468 9641 344 353 12822 432 32970,808 819 820 821 822,0,3038,0,false,false,0,0
7383,Uberlass,,391 4230 4228 468 9641 344 353 491 12822 432 32970,808 819 820 821 822,0,3038,0,false,false,0,0
7384,Uberlass,,391 4230 4228 468 9641 344 353 432 32970,808 819 820 821 822,0,3038,0,false,false,0,0
7385,Uberlass,,391 4230 4228 468 9641 344 353 33031 432 32970,808 819 820 821 822,0,3038,0,false,false,0,0
7386,Uberlass,,391 4230 4228 468 9641 344 353 13946 432 32970,8980 1205 1206 1207 1208,0,3038,0,false,false,0,0
7387,Sannytea,,15935 27632 32910 9638 32817 13307 12825 32803 27738 251 32836,808 819 820 821 822,0,3038,0,false,false,0,0
7388,Sannytea,,15935 27632 32910 9638 32817 13307 12825 32803 27738 251 32836 491,808 819 820 821 822,0,3038,0,false,false,0,0
7389,Irollsixes,,21873 253 27732 27748 24558 27739 3604 9639 32836 27738,808 819 820 821 822,0,3038,0,false,false,0,0
7390,Irollsixes,,21873 253 27732 27748 24558 27739 13946 9639 32836 27738,813 1205 1206 1207 1208,0,3038,0,false,false,0,0
7391,Foxyhunter,,21906 477 9641 355 27667 423 33018 4930,4591 4226 4227,0,3038,0,false,false,0,0
7392,Foxyhunter,,21906 477 9641 355 27667 423 33018 4930,4591 4226 4227,0,3038,0,false,false,0,0
7393,Foxyhunter,,21906 477 9641 355 27667 423 13946 4930,813 1205 1206 1207 1208,0,3038,0,false,false,0,0
7394,Gabriela,,382 8849 33037 10706 438 361,808 819 820 821 822,0,3038,0,false,false,0,0
7395,Teodor,,6364 217 246 310 151 10218 495 275 9823,808 819 820 821 822,0,3038,0,false,false,0,0
7396,Aurel,,206 250 310 326 163 10218 275 181,808 819 820 821 822,0,3038,0,false,false,0,0
7397,Cornelius,,6848 253 310 320 32593 176 254 181,808 819 820 821 822,0,3038,0,false,false,0,0
7398,Elisabeta,,393 5678 5675 353 443 8934,808 819 820 821 822,0,3038,0,false,false,0,0
7399,Sorin,,9452 246 310 326 163 176 274 185,808 819 820 821 822,0,3038,0,false,false,0,0
7400,Luscion,,210 250 8845 326 32593 10218 275 8919,808 819 820 821 822,0,3038,0,false,false,0,0
7401,Sergiu,,214 250 310 163 10218 275 9823,808 819 820 821 822,0,3038,0,false,false,0,0
7402,Radu,,217 253 310 33034 10218 271 33033,808 819 820 821 822,0,3038,0,false,false,0,0
7403,Grigore,,6848 253 8845 32593 10218 254 33033,808 819 820 821 822,0,3038,0,false,false,0,0
7404,Ileana,,387 474 9359 10706 438 358,808 819 820 821 822,0,3038,0,false,false,0,0
7405,Valeria,,382 8849 40401 10706 438 361,808 819 820 821 822,0,3038,0,false,false,0,0
7406,Emilia,,390 472 33037 33035 435,808 819 820 821 822,0,3038,0,false,true,0,0
7407,Florin,,217 253 310 33034 10218 271 33033,808 819 820 821 822,0,3038,0,false,false,0,0
7408,Catalina,,29212 29194 29206 28611 29202 28670,7167 7160,1628,64,0,false,true,0,0
7409,Ivan,,29215 29196 29208 28611 29198 28676,7158 7160,1628,64,0,false,false,0,0
7410,Victor,,29213 29192 29205 28611 29199 29211,7158 7160,1628,64,0,false,false,0,0
7411,Helena,,29214 29195 29207 28611 29201 28670,7158 7160,1628,64,0,false,false,0,0
7412,Mihail,,214 250 310 163 176 264,1144,0,3038,0,false,false,0,0
7413,Nicoleta,,387 474 9359 353 427,1144,0,3038,0,false,false,0,0
7414,Vasile,,210 250 8845 32593 10218 275 8919 10087,3557 819 820 821 822,0,3038,0,false,false,0,0
7415,Razvan,,6848 253 8845 32593 10218 254 33033 10087,3557 819 820 821 822,0,3038,0,false,false,0,0
7416,Luminata,,382 8849 33036 10706 438 361 10087,3557 819 820 821 822,0,3038,0,false,false,0,0
7417,Rat,,9610,2704 2703,326,6,0,false,true,0,0
7418,Juvinate,,14042 14039 14046 14041 14044,808 819 820 821 822,0,3038,0,false,false,0,0
7419,Held vampyre juvinate,,14042 14039 14046 14041 14044,3551,0,3038,0,false,false,0,0
7420,Hieronymus Avlafrim,,16997 4245 33027 33029,8977,319,88,0,false,false,0,0
7421,Sasquine Huburns,,33030 33028 2922 33029,8978,319,88,0,false,true,0,0
7422,Sasquine Huburns,,32721,,,0,0,false,false,0,0
7423,Lollery,,12140 16508 454 16506 16493 12143 16498 16496,808 819 820 821 822,0,3038,0,false,false,0,0
7424,Wigglewoo,,391 6698 6681 32935 27754 4233 4228 9641 32979 5409,808 1660,0,3038,0,false,false,0,0
7425,Wigglewoo,,391 6698 6681 32935 27754 4233 4228 9641 32979 5409,808 1660,0,3038,0,false,false,0,0
7426,Orangeowns,,230 27151 253 14567 14562 179 14566 32849 3189 290 33013 539,808 819 820 821 822,0,3038,0,false,false,0,0
7427,Orangeowns,,230 27151 253 14567 14562 179 14566 32849 3189 290 33013 539,808 819 820 821 822,0,3038,0,false,false,0,0
7428,I like m0m,,8728 215 253 9638 8732 8726 8730 8727 290 33032,7047 7046 7045 7044 7043,0,3038,0,false,false,0,0
7429,I like m0m,,8728 215 253 9638 8732 8726 8730 8727 290 33032,7047 7046 7045 7044 7043,0,3038,0,false,false,0,0
7430,Qutiedoll,,215 32831 248 32901 32814 32870 32794 4954 32878 32836,808 819 820 821 822,0,3038,0,false,false,0,0
7431,Goreu,,8266 6977 6975 4023,808 819 820 821 822,0,3038,0,false,false,0,0
7432,Ysgawyn,,4020 8269 6975 8267,808 819 820 821 822,0,3038,0,false,false,0,0
7433,Arvel,,4030 6981 480 6978 6979,808 819 820 821 822,0,3038,0,false,false,0,0
7434,Mawrth,,4030 6980 480 6978 6979,808 819 820 821 822,0,3038,0,false,false,0,0
7435,Kelyn,,4030 6981 6978 6979,808 819 820 821 822,0,3038,0,false,false,0,0
7436,Eoin,,8264 8269 6975 6976,808 824,0,3038,0,false,false,0,0
7437,Iona,,4021 6977 6975 8267,808 824,0,3038,0,false,false,0,0
7438,Elf warrior,,4020 4025 4016 4033 4023,808 819 820 821 822,0,3038,0,false,false,0,0
7439,Elf warrior,,8266 4025 4016 4033 4023,808 819 820 821 822,0,3038,0,false,false,0,0
7440,Elf warrior,,8266 4025 4016 4044 4023,808 819 820 821 822,0,3038,0,false,false,0,0
7441,Elf warrior,,8263 4025 4016 4044 4023,808 819 820 821 822,0,3038,0,false,false,0,0
7442,Arianwyn,,4015 4021 4023 4025 4027,808 819 820 821 822,0,3038,0,false,false,0,0
7443,Eudav,,8264 8268 6975 8267,808 819 820 821 822,0,3038,0,false,true,0,0
7444,Oronwen,,4030 6981 480 6978 8270,808 819 820 821 822,0,3038,0,false,false,0,0
7445,Banker,,8266 8269 6975 6976,808,0,3038,0,false,false,0,0
7446,Banker,,4030 6980 480 6978 6979,808,0,3038,0,false,false,0,0
7447,Dalldav,,4021 6977 6975 8267,808 819 820 821 822,0,3038,0,false,false,0,0
7448,Gethin,,8357 8263 8268 6975 6976,808 819 820 821 822,0,3038,0,false,true,0,0
7449,Amaethwr,,31741,808 819 820 821 822,0,3038,0,false,false,0,0
7450,Teclyn,,31742,808 819 820 821 822,0,3038,0,false,false,0,0
7451,Butterfly,,3022,362,278,1,0,false,false,0,0
7452,Lapsang,,391 6698 6681 32935 16012 4233 4228 9641 32979,808 819 820 821 822,0,3038,0,false,false,0,0
7453,Lapsang,,391 6698 6681 32935 16012 4233 4228 9641 32979 4610,8943,0,3038,0,false,false,0,0
7454,Souchong,,11121 24560 11120 11193 15944 351 445,808 819 820 821 822,0,3038,0,false,false,0,0
7455,Souchong,,11121 24560 11120 11193 15944 4610 351 445,8944,0,3038,0,false,false,0,0
7456,Earlgrey,,33002 20429 33009 454 32943 361 32960 13319,808 819 820 821 822,0,3038,0,false,false,0,0
7457,Earlgrey,,33002 20429 33009 454 32943 361 32960 13319 4610,8943,0,3038,0,false,false,0,0
7458,Fairtrade,,11416 11418 11415 353 11417 17157 677 361 3470,808 819 820 821 822,0,3038,0,false,false,0,0
7459,Fairtrade,,11416 11418 11415 353 11417 17157 361 4610,8944,0,3038,0,false,false,0,0
7460,Teapotspout,,8728 215 27646 9638 8732 8726 8730 8727 290,808 819 820 821 822,0,3038,0,false,false,0,0
7461,Rat,,18892 18890 18895,4932 4931,1152,10,0,false,false,0,0
7462,Hotwater,,32895 306 164 179 268 32847 564 246,809 819 820 821 822,0,3038,0,false,false,0,0
7463,Hotwater,,32895 306 164 179 268 32847 4610 246,8944,0,3038,0,false,false,0,0
7464,Sliceoflemon,,230 27151 253 14567 14562 179 14566 32849 3189 290 14580,808 819 820 821 822,0,3038,0,false,false,0,0
7465,Sliceoflemon,,230 27151 253 14567 14562 179 14566 32849 3189 290 4610,8943,0,3038,0,false,false,0,0
7466,Milknosugar,,215 32831 248 32901 32814 32870 32794 4954 33018 32878 32836 565,4591 4226 4227 821 822,0,3038,0,false,false,0,0
7467,Milknosugar,,215 32831 248 32901 32814 32870 32794 4954 4610 32878 32836,8944,0,3038,0,false,false,0,0
7468,Randomdood,,32788 42546,8945,1982,10,0,false,false,0,0
7469,Employedman,,32785 42546,8946,1982,10,0,false,false,0,0
7470,Heidiggle,,32787 42546,8954,1982,10,0,false,false,0,0
7471,Dodgy Penny,,32789 42546,8948,1982,10,0,false,false,0,0
7472,Shadydude98,,32790 42546,8949,1982,10,0,false,false,0,0
7473,Madam C,,32783 42546,8952,1982,10,0,false,false,0,0
7474,M0m Online,,32781 42546,8951,1982,10,0,false,false,0,0
7475,Lady Seenit,,32782 42546,8950,1982,10,0,false,false,0,0
7476,Berrybree,,32784 42546,8953,1982,10,0,false,false,0,0
7477,Stuffstuffer,,32786 42546,8947,1982,10,0,false,false,0,0
7478,,,,808 819 820 821 822,0,3038,0,false,true,0,0
7479,Learking,,16455 16504 16489 454 16505 16492 16502 16495 16497,813 1210 1206 1207 1208,0,3038,0,false,false,0,0
7480,Rachael,,390 467 348 353 419 358,808 819 820 821 822,0,3038,0,false,true,0,0
7481,Cool Mom227,,374 399 456 3194 332 353 26281 7007 32972,6604 6603 6608 6610 6609,0,3038,0,false,false,0,0
7482,Purepker895,,7608 7610 7605 7606 19840 7609 7607,813 1210 1206 1207 1208,0,3038,0,false,false,0,0
7483,Pkmaster0036,,218 306 164 179 32797 32841 518,808 819 820 821 822,0,3038,0,false,false,0,0
7484,Cow1337killr,,6651 306 32875 164 4954 6702 179 266,2065 2064,0,3038,0,false,false,0,0
7485,Mathdude,,32909,808 824 820 821 822,0,3038,0,false,false,0,0
7486,Mathdude,,32897 19844,808 824 820 821 822,0,3038,0,false,false,0,0
7487,1337sp34kr,,32907,808 824 820 821 822,0,3038,0,false,false,0,0
7488,1337sp34kr,,32905 19844,808 824 820 821 822,0,3038,0,false,false,0,0
7489,Moglewee,,33005,808 824 820 821 822,0,3038,0,false,true,0,0
7490,Moglewee,,33008 19844,808 824 820 821 822,0,3038,0,false,true,0,0
7491,Sarah Domin,,390 15290 14570 9641 24560 19956 8755 27754,5254 5250 5251 1207 1208,0,3038,0,false,false,0,0
7492,Sarah Domin,,390 15290 14570 9641 24560 32686 8755 27754,5254 5250 5251 1207 1208,0,3038,0,false,false,0,0
7493,Sarah Domin,,390 15290 14570 9641 24560 8755 27754,808 819 820 821 822,0,3038,0,false,false,0,0
7494,Sue Spammers,,10078 447 6698 3194 6681 356 4946 6692 32970,1461 1468,0,3038,0,false,false,0,0
7495,Killerwail,,249 6672 4604 6641 24567 4946 6662 4114,1461 1468,0,3038,0,false,false,0,0
7496,Wise Old Man,,187 9103 4925 21860 323 164 176 4946 268 4954,1461 1468,0,3038,0,false,false,0,0
7497,Sabre-toothed kyatt,,19375,5225 5226,1206,28,0,false,false,0,0
7498,Snowy knight,,3023,362,278,1,0,false,false,0,0
7499,Sapphire glacialis,,3022,362,278,1,0,false,false,0,0
7500,Cerulean twitch,,26850,6771 6773,1538,18,0,false,true,0,0
7501,Abone,,32924 32871 185 15472 314 2929 258 32858 32821,4591 4228,0,3038,0,false,false,0,0
7502,Mythmaster,,32922 32871 290 26279 20155 32822 32805 32829 10683,808 824 820 821 822,0,3038,0,false,false,0,0
7503,Donkey Wrong,,32871 290 6232 4117 4112 565 4116 4114 176 253,8980 1205 1206 1207 1208,0,3038,0,false,false,0,0
7504,Creapantic,,32919 32871 32821 290 5197 314 258 32858 185,808 824 820 821 822,0,3038,0,false,false,0,0
7505,Frondlike,,33000 32989 32965 9955 8756 8754 32977 8751,808 824 820 821 822,0,3038,0,false,false,0,0
7506,Happy Spud,,32997 32989 454 33018 6700 32960 26423 6694 13319 361,4591 4228,0,3038,0,false,false,0,0
7507,Nobodyhere,,32997 32989 454 512 477 32940 32978 4930 32950,808 824 820 821 822,0,3038,0,false,false,0,0
7508,Bluehairlass,,32996 32989 454 554 5029 33003 5034 5030 5032,808 824 820 821 822,0,3038,0,false,false,0,0
7509,Evil Wibbler,,32874 246 8917 8920 8927 8915 8924 3470 15472 290,4591 4228,0,3038,0,false,false,0,0
7510,Ilikekebabs,,32913 32874 32816 9347 11328 258 32899 15472 32850 32836,4591 4228,0,3038,0,false,false,0,0
7511,Trunka Lex,,246 32874 32838 26279 314 258 32867 32847 32815,808 824 820 821 822,0,3038,0,false,false,0,0
7512,Val Razz,,32928 32874 290 5197 27734 27750 27742 13307 4929,808 824 820 821 822,0,3038,0,false,false,0,0
7513,Abstractclas,,32985 32991 27670 32962 33022 477 423 32978 4930,808 824 820 821 822,0,3038,0,false,false,0,0
7514,Bigbluebox,,32991 32985 32962 26280 6700 32960 33019 6694 13319 32970,808 824 820 821 822,0,3038,0,false,false,0,0
7515,Funorbrox,,33001 32985 9644 6232 6697 348 10699 40595 13319 10690,813 1210 1206 1207 1208,0,3038,0,false,false,0,0
7516,Heresjohnny,,32874 246 9642 539 315 6646 6667 13307 27738,808 824 820 821 822,0,3038,0,false,false,0,0
7517,Mogglewump,,32874 32916 290 6672 6641 32791 33024 5409 13307 27738,808 1661,0,3038,0,false,false,0,0
7518,Morrisnorris,,32874 32915 32836 539 32791 6672 6641 33019 32856 32847,808 824 820 821 822,0,3038,0,false,false,0,0
7519,Matt Blitzer,,32916 32874 32836 564 18096 18076 486 32801 32861 32853,808 824 820 821 822,0,3038,0,false,false,0,0
7520,Ketchuppl0x,,32874 246 27739 19258 156 27738 539 15413 9642 176,808 824 820 821 822,0,3038,0,false,false,0,0
7521,Renderorder,,32999 32985 32962 5410 33006 32948 4207 32975 32970,1662 1664 1663,0,3038,0,false,false,0,0
7522,Boolean,,32991 32985 27755 20516 337 27754 27726 454 353,7047 7039 7045 7044 7043,0,3038,0,false,false,0,0
7523,Stress Diva,,32985 32998 32963 33026 6699 32956 40593 13319 32970,813 1210 1206 1207 1208,0,3038,0,false,false,0,0
7524,Treadsoftly,,32995 32985 32966 5409 6698 6681 9347 32935 32979 27754,808 1661,0,3038,0,false,false,0,0
7525,Helphelphelp,,33001 32985 32965 40282 40306 32958 32942 32984 32970 20516,808 824 820 821 822,0,3038,0,false,false,0,0
7526,Doorbellpl0x,,32871 32924 32840 33014 306 164 32793 32857 32851,808 824 820 821 822,0,3038,0,false,false,0,0
7527,Fixmydoorup,,32874 32917 32836 6702 23864 23861 23863 176 181,2065 824 2064,0,3038,0,false,false,0,0
7528,Redheadmonky,,32874 246 32836 564 306 164 33013 268 32856 32847,809 824 820 821 822,0,3038,0,false,false,0,0
7529,Wallscaler,,32874 253 3780 32906 32817 32803 4954 176,808 824 820 821 822,0,3038,0,false,false,0,0
7530,2scompany,,32991 32985 32968 4850 3383 344 32873 4207 32980 32970,1421 1427 1423 1424 1425,0,3038,0,false,false,0,0
7531,2scompany,,32991 32985 32968 564 3383 344 32873 4207 32980 32970,809 824 820 821 822,0,3038,0,false,false,0,0
7532,3sacrowd,,32871 32923 32837 33016 32900 32825 32811 27738 5409 32863,808 1661,0,3038,0,false,false,0,0
7533,4sjustsilly,,32913 32871 9642 10702 10698 10687 10681 10686 179 10683,8980 1210,0,3038,0,false,false,0,0
7534,Roadblocked,,32874 246 290 539 20736 20735 2929 8748 8726 32844,808 824 820 821 822,0,3038,0,false,false,0,0
7535,Barricade,,38205,,,0,0,false,false,0,0
7536,Barricade,,38207 38205,9654,2158,2,0,false,false,0,0
7537,Yoinker,,32871 32920 32839 32834 4851 315 6646 33023 14566 32861 32843,1421 1427 1423 1424 1425,0,3038,0,false,false,0,0
7538,Yoinker,,32871 32920 32839 32834 5409 315 6646 33023 14566 32861 32843,808 1661 1660,0,3038,0,false,false,0,0
7539,Stopthief,,32874 248 283 3820 156 565 5024 13307 27738 539,808 824 820 821 822,0,3038,0,false,false,0,0
7540,Stopthief,,4851 32874 248 283 3820 156 5024 13307 27738,1421 1427 1423 1424 1425,0,3038,0,false,false,0,0
7541,Knickknack,,32871 32927 179 290 5409 32910 32817 9347 32803 4954,808 1661,0,3038,0,false,false,0,0
7542,Paddywhack,,32871 32921 281 32911 32812 32799 33020 32846 32860,7047 7039 7045 7044 7043,0,3038,0,false,false,0,0
7543,Giveadog,,32925 32871 290 22787 6674 32826 6660 32868 27738,5869 5868,0,3038,0,false,false,0,0
7544,Spacebadgers,,32932 32871 32853 546 306 164 32803 176,7047 7039 7045 7044 7043,0,3038,0,false,true,0,0
7545,Freakypeaky,,32923 32871 280 284 518 32898 164 32800 179 32842,808 824 820 821 822,0,3038,0,false,false,0,0
7546,Rollinghome,,32997 32989 454 5409 478 32951 565 32941 24564 27754,808 1661,0,3038,0,false,false,0,0
7547,Nullpointer,,32997 32989 32952 33014 464 33021 32944 32982 32972,808 824 820 821 822,0,3038,0,false,false,0,0
7548,Badgerfreak,,32992 32989 20203 539 6699 6682 9347 40597 13319 27754,808 824 820 821 822,0,3038,0,false,false,0,0
7549,Windstrike32,,32992 32989 454 564 468 344 33017 32937 32982 32969,809 824 820 821 822,0,3038,0,false,false,0,0
7550,Void Knight,,378 14578 14570 14572 14576 358 14579,3926,0,3038,0,false,false,0,0
7551,Portal,,14533 14527 14528,3933,129,19,0,false,false,0,0
7552,Portal,,14533 14526,3936,129,19,0,false,false,0,0
7553,Portal,,14533 14522,3928,129,19,0,false,false,0,0
7554,Portal,,14533 14523 14524 14525,3928,129,19,0,false,false,0,0
7555,Portal,,14533 14527 14528 27179,6879,129,19,0,false,false,0,0
7556,Portal,,14533 14526 27179,6880,129,19,0,false,false,0,0
7557,Portal,,14533 14522 27179,6878,129,19,0,false,false,0,0
7558,Portal,,14533 14523 14524 14525 27179,6878,129,19,0,false,false,0,0
7559,Brawler,,14545,3893 3892,131,7,0,false,false,0,0
7560,Lostme,,21873 246 27732 27748 24558 27739 33025 9639 32836 27738,7047 7039 7045 7044 7043,0,3038,0,false,false,0,0
7561,Chiercat,,215 250 315 6646 179 14566 185 5409 32839 33023 32834,808 1661,0,3038,0,false,false,0,0
7562,Skydischarge,,21873 246 3820 156 13307 5024 32850 539 32879 32835 5196,808 824 820 821 822,0,3038,0,false,false,0,0
7563,Agplus,,6687 20864 6699 6682 13319 33026 40594 5031 9641,8980 1210 1206 1207 1208,0,3038,0,false,false,0,0
7564,Distantthin,,214 246 32836 23864 23861 24553 6702 181 32877 23863,2065 2064,0,3038,0,false,false,0,0
7565,Allmarshes,,215 8728 253 8732 8726 8730 8727 9955 9638 32836,808 824 820 821 822,0,3038,0,false,false,0,0
7566,Explosive67,,390 32965 33010 6682 40594 5409 15413 13319 27754,808 1661,0,3038,0,false,false,0,0
7567,Wraithboss,,399 32965 20516 337 32981 40282 40306 430 32970 5595,808 824 820 821 822,0,3038,0,false,false,0,0
7568,What Goudron,,5435 3194 40172 6232 6697 348 40595 13319 5032,8980 1210 820 821 822,0,3038,0,false,false,0,0
7569,Alpha1beta,,21906 33009 32960 13319 32943 5031 564 20429 454 33019,808 824 820 821 822,0,3038,0,false,false,0,0
7570,Solltalk,,218 32904 32827 179 32792 5409 32872 40172 16009,808 1661,0,3038,0,false,false,0,0
7571,Hm Val,,6651 32914 6670 6639 179 32804 27738 493 290 33019 9639,808 824 820 821 822,0,3038,0,false,false,0,0
7572,Wizzydumped,,9639 6656 246 6676 6644 13307 6662 4954 5409 32836 15413,808 1661,0,3038,0,false,false,0,0
7573,Oddskater,,4222 4219 215 253 8749 9638 24558 8748 4954 5409 32836 15413,808 1661,0,3038,0,false,false,0,0
7574,Lvzyoda,,3378 27631 253 9642 32902 32826 13307 9638 15413 32809 4929 5409,808 1661,0,3038,0,false,false,0,0
7575,Airstriker,,215 32831 248 32901 32814 32870 32794 4954 33018 32878 32836 565,4591 4228 4227 821 822,0,3038,0,false,false,0,0
7576,Droepedoff,,33002 32965 33009 32960 13319 559 32943 361 20429 26423,808 824 820 821 822,0,3038,0,false,false,0,0
7577,Plzpudding,,391 4233 4228 32966 6698 6681 32979 5409 32935 27754 9347 32990,808 1661,0,3038,0,false,true,0,0
7578,Assassin10,,393 32965 20516 337 24559 539 27755 19951 15413 21906 32987,808 824 820 821 822,0,3038,0,false,false,0,0
7579,Steallake,,27664 464 32952 32982 32944 32972 33014 33021 3194,808 824 820 821 822,0,3038,0,false,false,0,0
7580,Poledragon,,391 4121 32967 4123 4118 4119 534 3665 4122 4120 3470 19986,813 1210 1206 1207 1208,0,3038,0,false,false,0,0
7581,Deepkiwi,,391 32961 33007 32949 5030 32933 33038 5032 9956 454 33019,813 1210 1206 1207 1208,0,3038,0,false,false,0,0
7582,Al Truism,,394 33004 32953 356 490 32939 32971 3380 32986 33015,808 824 820 821 822,0,3038,0,false,false,0,0
7583,Ohhhhdude,,391 5435 32965 6697 348 13319 6232 40595 5032 3470 3194,813 1210 1206 1207 1208,0,3038,0,false,false,0,0
7584,Bigface Oz,,391 8734 454 8736 3194 8750 6232 8735 8751 8948,813 1210 1206 1207 1208,0,3038,0,false,false,0,0
7585,Torcher,,14552,3878 3879,137,6,0,false,true,0,0
7586,Torcher,,14552,3878 3879,137,6,0,false,true,0,0
7587,Torcher,,14552,3878 3879,137,6,0,false,true,0,0
7588,Torcher,,14552,3878 3879,137,6,0,false,true,0,0
7589,Defiler,,14546,3918 3919,132,6,0,false,false,0,0
7590,Defiler,,14546,3918 3919,132,6,0,false,false,0,0
7591,Shifter,,14548,3899 3898,134,7,0,false,false,0,0
7592,Shifter,,14548,3899 3898,134,7,0,false,false,0,0
7593,Shifter,,14548,3899 3898,134,7,0,false,false,0,0
7594,Shifter,,14548,3899 3898,134,7,0,false,false,0,0
7595,Splatter,,14550,3886 3887,136,6,0,false,false,0,0
7596,Splatter,,14550,3886 3887,136,6,0,false,false,0,0
7597,Splatter,,14550,3886 3887,136,6,0,false,false,0,0
7598,Spinner,,14549,3906 3907,135,6,0,false,false,0,0
7599,Ravager,,14547,3913 3914,133,6,0,false,false,0,0
7600,Fiara,,33049,9009,2001,1,0,false,false,0,0
7601,Reggie,,33244 33250 33243 33247 33249 33241,8528 8527,0,3038,0,false,true,0,0
7602,Getorix,,33251 33242 33246 33240 33245 33248,8528 8527,0,3038,0,false,true,0,0
7603,Pontimer,,33252 33242 33246 33240 33245 33248,8528 8527,0,3038,0,false,true,0,0
7604,Alran,,33253 33242 33246 33240 33245 33248,8528 8527,0,3038,0,false,true,0,0
7605,Banker,,33210 20862 33220,5607 5606,0,3038,0,false,false,0,0
7606,Vyrewatch,,17963 18000 17981,9118,1098,24,0,false,true,0,0
7607,Vyrewatch,,17960 18000 17978,9118,1098,24,0,false,true,0,0
7608,Vyrewatch,,17965 18000 17983,9118,1098,24,0,false,true,0,0
7609,Vyrewatch,,17966 18000 17984,9118,1098,24,0,false,true,0,0
7610,Flying female vampire,,17952 17959,9117,1097,18,0,false,true,0,0
7611,Flying female vampire,,17951 17959,9117,1097,18,0,false,true,0,0
7612,Flying female vampire,,17953 17959,9117,1097,18,0,false,true,0,0
7613,Flying female vampire,,17954 17959,9117,1097,18,0,false,true,0,0
7614,Vyrewatch,,17952 17959,9117,1097,18,0,false,true,0,0
7615,Vyrewatch,,17951 17959,9117,1097,18,0,false,true,0,0
7616,Vyrewatch,,17953 17959,9117,1097,18,0,false,true,0,0
7617,Vyrewatch,,17954 17959,9117,1097,18,0,false,true,0,0
7618,Vyrewatch,,17969 18000 17987,9118,1098,24,0,false,true,0,0
7619,Vyrewatch,,17970 18000 17988,9118,1098,24,0,false,true,0,0
7620,Vyrewatch,,17971 18000 17989,9118,1098,24,0,false,true,0,0
7621,Vyrewatch,,17972 18000 17990,9118,1098,24,0,false,true,0,0
7622,Vyrewatch,,17955 17959,9117,1097,18,0,false,true,0,0
7623,Vyrewatch,,17956 17959,9117,1097,18,0,false,true,0,0
7624,Vyrewatch,,17957 17959,9117,1097,18,0,false,true,0,0
7625,Vyrewatch,,17958 17959,9117,1097,18,0,false,true,0,0
7626,Vyrewatch,,17955 17959,9117,1097,18,0,false,true,0,0
7627,Vyrewatch,,17956 17959,9117,1097,18,0,false,true,0,0
7628,Vyrewatch,,17957 17959,9117,1097,18,0,false,true,0,0
7629,Vyrewatch,,17958 17959,9117,1097,18,0,false,true,0,0
7630,Vyrewatch,,17952 17959,4689 4683,1097,18,0,false,true,0,0
7631,Vyrewatch,,17951 17959,4689 4683,1097,18,0,false,true,0,0
7632,Vyrewatch,,17953 17959,4689 4683,1097,18,0,false,true,0,0
7633,Vyrewatch,,17952 17959,9117,1097,18,0,false,true,0,0
7634,Vyrewatch,,17951 17959,9117,1097,18,0,false,true,0,0
7635,Vyrewatch,,17953 17959,9117,1097,18,0,false,true,0,0
7636,Fishing spot,,6568,2126,31,1,0,false,false,0,0
7637,,,33720,9093 9094,2018,17,0,false,true,0,0
7638,,,33730,9037,2018,17,0,false,true,0,0
7639,,,33720,9093 9094,2018,17,0,false,true,0,0
7640,Skeletal hand,,33730,9128 9129,2018,17,0,false,true,0,0
7641,Zombie hand,,33720,9128 9129,2018,17,0,false,true,0,0
7642,Mutated bloodveld,,33715,9133 9134,2017,16,0,false,true,0,0
7643,Mutated bloodveld,,33713,9133 9134,2017,16,0,false,true,0,0
7644,Zaromark Sliver,,33385 33391 33390,808 819 820 821 822,0,3038,0,false,false,0,0
7645,Zaromark Sliver,,33385 33391 33390,808 819 820 821 822,0,3038,0,false,false,0,0
7646,Zaromark Sliver,,33385 33391 33390,808 819 820 821 822,0,3038,0,false,false,0,0
7647,Zaromark Sliver,,33385 33391 33390,808 819 820 821 822,0,3038,0,false,false,0,0
7648,Zaromark Sliver,,33385 33388 33392,808 819 820 821 822,0,3038,0,false,false,0,0
7649,Zaromark Sliver,,33385 33388 33392,808 819 820 821 822,0,3038,0,false,false,0,0
7650,Zaromark Sliver,,33385 33388 33392,808 819 820 821 822,0,3038,0,false,false,0,0
7651,Zaromark Sliver,,33385 33388 33392,808 819 820 821 822,0,3038,0,false,false,0,0
7652,Zaromark Sliver,,33385 33391 33390,9099,0,3038,0,false,false,0,0
7653,Zaromark Sliver,,33385 33391 33390,808,0,3038,0,false,false,0,0
7654,Fistandantilus,,33387 33389 33390,808 819 820 821 822,0,3038,0,false,true,0,0
7655,Fistandantilus,,33387 33389 33390,808 819 820 821 822,0,3038,0,false,true,0,0
7656,Fistandantilus,,33387 33389 33390,808 819 820 821 822,0,3038,0,false,true,0,0
7657,Fistandantilus,,33387 33389 33390,808 819 820 821 822,0,3038,0,false,true,0,0
7658,Fistandantilus,,33387 33392,808 819 820 821 822,0,3038,0,false,true,0,0
7659,Fistandantilus,,33387 33392,808 819 820 821 822,0,3038,0,false,true,0,0
7660,Fistandantilus,,33387 33392,808 819 820 821 822,0,3038,0,false,true,0,0
7661,Fistandantilus,,33387 33392,808 819 820 821 822,0,3038,0,false,true,0,0
7662,Fistandantilus,,33387 33389 33390,9099,0,3038,0,false,true,0,0
7663,Fistandantilus,,33387 33389 33390,808,0,3038,0,false,true,0,0
7664,Mercenary Adventurer,,218 33394 164 10218 3604 268 4954,808 819 820 821 822,0,3038,0,false,false,0,0
7665,Ivan Strom,,230 33394 164 10218 3604 268 4954 246,808 819 820 821 822,0,3038,0,false,false,0,0
7666,Mysterious person,,33383,808 819 820 821 822,0,3038,0,false,true,0,0
7667,Mysterious person,,33386,808 819 820 821 822,0,3038,0,false,false,0,0
7668,Mysterious person,,33384,808 819 820 821 822,0,3038,0,false,true,0,0
7669,Mysterious person,,33382,808 819 820 821 822,0,3038,0,false,false,0,0
7670,Mysterious person,,33385 33391 33390,808 819 820 821 822,0,3038,0,false,false,0,0
7671,Mysterious person,,33387 33389 33390,808 819 820 821 822,0,3038,0,false,true,0,0
7672,Flaygian Screwte,,6848 11190 275 33397 33400 18080 10218,,,0,0,false,false,0,0
7673,Mekritus A'hara,,217 246 292 18074 177 18130 183 3604,808 819 820 821 822,0,3038,0,false,false,0,0
7674,Andiess Juip,,210 11190 15005 9458 31765 177 15005 18127 3604,808 819 820 821 822,0,3038,0,false,false,0,0
7675,Kael Forshaw,,18086 250 18132 9458 31765 177 15005 18127 3604,808 819 820 821 822,0,3038,0,false,false,0,0
7676,Andiess Juip,,210 11190 15005 9458 31765 177 15005 18127 3604,808 819 820 821 822,0,3038,0,false,false,0,0
7677,Kael Forshaw,,18086 250 18132 9458 31765 177 15005 18127 3604,808 819 820 821 822,0,3038,0,false,false,0,0
7678,Safalaan,,18087 246 18134 10979 177 12138 181 3604,808 819 820 821 822,0,3038,0,false,true,0,0
7679,Andiess Juip,,210 11190 15005 9458 31765 177 15005 18127 3604,808 819 820 821 822,0,3038,0,false,false,0,0
7680,Kael Forshaw,,18086 250 18132 9458 31765 177 15005 18127 3604,808 819 820 821 822,0,3038,0,false,false,0,0
7681,Safalaan,,18087 246 18134 10979 177 12138 181 3604,808 819 820 821 822,0,3038,0,false,true,0,0
7682,Vyrewatch,,17951 17959,4689 4683,1097,18,0,false,true,0,0
7683,Vyrewatch,,17956 17959,4689 4683,1097,18,0,false,true,0,0
7684,Vyrewatch,,17956 17959,9115 9114,1097,18,0,false,true,0,0
7685,Vyrewatch,,17951 17959,9115 9114,1097,18,0,false,true,0,0
7686,Safalaan,,18087 246 18134 10979 177 12138 181 3604,9069 9070,0,3038,0,false,true,0,0
7687,Spectral Vyrewatch,,33378,9028,1290,13,0,false,true,0,0
7688,,,,808 819 820 821 822,0,3038,0,false,true,0,0
7689,,,,808 819 820 821 822,0,3038,0,false,true,0,0
7690,Drezel,,31568 31592 31602 31577 31584 31607,808 819 820 821 822,0,3038,0,false,true,0,0
7691,Vyrewatch,,17952 17959,4689 4683,1097,18,0,false,true,0,0
7692,Vyrewatch,,17951 17959,4689 4683,1097,18,0,false,true,0,0
7693,Vyrewatch,,17953 17959,4689 4683,1097,18,0,false,true,0,0
7694,Vyrewatch,,17953 17959,4689 4683,1097,18,0,false,true,0,0
7695,Vyrewatch,,17952 17959,9117,1097,18,0,false,true,0,0
7696,Vyrewatch,,17951 17959,9117,1097,18,0,false,true,0,0
7697,Vyrewatch,,17953 17959,9117,1097,18,0,false,true,0,0
7698,Vyrewatch,,17953 17959,9117,1097,18,0,false,true,0,0
7699,Vyrewatch,,17955 17959,4689 4683,1097,18,0,false,true,0,0
7700,Vyrewatch,,17956 17959,4689 4683,1097,18,0,false,true,0,0
7701,Vyrewatch,,17957 17959,4689 4683,1097,18,0,false,true,0,0
7702,Vyrewatch,,17958 17959,4689 4683,1097,18,0,false,true,0,0
7703,Vyrewatch,,17955 17959,9117,1097,18,0,false,true,0,0
7704,Vyrewatch,,17956 17959,9117,1097,18,0,false,true,0,0
7705,Vyrewatch,,17957 17959,9117,1097,18,0,false,true,0,0
7706,Vyrewatch,,17958 17959,9117,1097,18,0,false,true,0,0
7707,Drezel,,31568 31592 31602 31577 31584 31607,808 819 820 821 822,0,3038,0,false,true,0,0
7708,,,,808 819 820 821 822,0,3038,0,false,true,0,0
7709,,,,808 819 820 821 822,0,3038,0,false,true,0,0
7710,,,,9040 9039,0,3038,0,false,true,0,0
7711,Temple guardian,,33807,6561 6560,1491,53,0,false,true,0,0
7712,,,33416,,,0,0,false,false,0,0
7713,Baby icefiend,,16264,8077 9153,1727,12,0,false,true,0,0
7714,Icefiend,,33842,9145 8076,1727,12,0,false,true,0,0
7715,Icefiend,,16265,8077 8076,1727,12,0,false,true,0,0
7716,,,,8077 8076,1727,12,0,false,true,0,0
7717,Professor Arblenap,,16235 16237,195 189,319,88,0,false,true,0,0
7718,Brother Bordiss,,2970 16248 16242 2985,101 98,297,51,0,false,false,0,0
7719,Brother Althric,,230 181 246 16256 16253 10218 16252,808 819 820 821 822,0,3038,0,false,true,0,0
7720,Drorkar,,16245 16250 16239 16244 33968,101 98,297,51,0,false,false,0,0
7721,Nurmof,,2970 2983 2979 2981 2985,101 98,297,51,0,false,false,0,0
7722,Lakki the delivery dwarf,,2974 23873 7062 2979 7044 2985,101 98,297,51,0,false,false,0,0
7723,Drorkar,,16245 16250 16239 16244 33968,101 98,297,51,0,false,false,0,0
7724,Brother Bordiss,,2970 16248 16242 2985,101 98,297,51,0,false,false,0,0
7725,Professor Arblenap,,16235 16237 16238,195 189,319,88,0,false,true,0,0
7726,Assistant,,2970 23873 16249 7074 23875 7067,9138,297,51,0,false,false,0,0
7727,Monk,,230 181 246 16256 16253 10218 16252,808 819 820 821 822,0,3038,0,false,true,0,0
7728,,,,101 98,297,51,0,false,true,0,0
7729,,,,101 98,297,51,0,false,true,0,0
7730,,,,101 98,297,51,0,false,true,0,0
7731,,,,195 189,319,88,0,false,true,0,0
7732,,,,9145 9153,1727,12,0,false,true,0,0
7733,,,,9145 9153,1727,12,0,false,true,0,0
7734,,,,9145 9153,1727,12,0,false,true,0,0
7735,,,,9145 9153,1727,12,0,false,true,0,0
7736,Baby icefiend,,33967,9145 9153,1727,12,0,false,true,0,0
7737,Will,,18084 215 249 10705 19329 19332 10377,808 819 820 821 822,0,3038,0,false,true,0,0
7738,Will,,18084 215 249 10705 19329 19332 10377 34034,9217 9216,0,3038,0,false,true,0,0
7739,Phil,,18084 215 251 10705 19329 19332 550 10377,808 819 820 821 822,0,3038,0,false,true,0,0
7740,Jiggling crate,,34115,9198,2037,1,0,false,false,0,0
7741,Three little kittens,,34112,9208 9210,2036,11,0,false,true,0,0
7742,Fluffs,,34020,9158 9157,2035,31,0,false,true,0,0
7743,Fluffs,,34020,9158 9157,2035,31,0,false,true,0,0
7744,,,,9158 9157,2035,31,0,false,true,0,0
7745,Kittens,,34112,9208 9210,2036,11,0,false,true,0,0
7746,TzHaar-Mej-Malk,,34241 34244 34247 34238,9281,2045,34,0,false,true,0,0
7747,TzHaar-Xil-Tog,,34142 34144 34147 34140,9281,2045,34,0,false,true,0,0
7748,TzHaar-Hur-Frok,,34166 34170 34173 34163,9281,2045,34,0,false,true,0,0
7749,TzHaar-Ket-Grol,,34153 34156 34161 34150 34181 34198 34175 34183,9281 9296,2045,34,0,false,false,0,0
7750,TzHaar-Ket-Rok,,34153 34156 34161 34150 34181 34198 34175 34183,9281 9296,2045,34,0,false,false,0,0
7751,TzHaar-Ket-Lurk,,34153 34156 34161 34150 34181 34198 34175 34183,9281 9296,2045,34,0,false,false,0,0
7752,TzHaar-Mej-Lor,,34241 34246 34249 34237,9281,2045,34,0,false,true,0,0
7753,TzHaar-Mej,,34240 34245 34249 34238 34193,9325 9320,2045,34,0,false,true,0,0
7754,TzHaar-Hur,,34168 34170 34173 34163 34195,9324 9321,2045,34,0,false,true,0,0
7755,TzHaar-Xil,,34141 34144 34147 34138 34186,9323 9322,2045,34,0,false,true,0,0
7756,Library assistant,,34169 34202,9311,2045,34,0,false,false,0,0
7757,TzHaar-Hur-Brekt,,34225 34226 34228 34221 34194,9326,2045,34,0,false,true,0,0
7758,TzHaar-Hur-Brekt,,34225 34227 34228 34221,9281,2045,34,0,false,true,0,0
7759,TzHaar-Ket-Jok,,34215 34217 34219 34214 34206,9314 9281,2045,34,0,false,true,0,0
7760,TzHaar-Ket-Jok,,34216 34218 34219 34213,9282 9280,2045,34,0,false,true,0,0
7761,TzHaar-Xil-Mor,,34209 34210 34212 34208 34192,9313 9281,2045,34,0,false,true,0,0
7762,TzHaar-Xil-Mor,,34209 34211 34212 34207,9283 9280,2045,34,0,false,true,0,0
7763,TzHaar-Mej-Kol,,34232 34233 34235 34231 34196,9314 9281,2045,34,0,false,true,0,0
7764,TzHaar-Mej-Kol,,34232 34234 34235 34230,9284 9280,2045,34,0,false,true,0,0
7765,TzHaar-Hur-Klag,,34224 34226 34229 34222 34194,9313 9281,2045,34,0,false,true,0,0
7766,TzHaar-Hur-Klag,,34223 34227 34229 34220,9285 9280,2045,34,0,false,true,0,0
7767,TzHaar-Hur,,34168 34170 34173 34163,9281 9280,2045,34,0,false,true,0,0
7768,TzHaar-Hur,,34167 34170 34173 34164,9281 9280,2045,34,0,false,true,0,0
7769,TzHaar-Hur,,34166 34170 34173 34165,9281 9280,2045,34,0,false,true,0,0
7770,TokTz-Ket-Dill,,34301,9334 9333,2059,6,0,false,true,0,0
7771,TokTz-Ket-Dill,,34300,9334 9333,2059,6,0,false,false,0,0
7772,Lava monster,,34298,9339,2061,4,0,false,true,0,0
7773,Fire monster,,34299,9343,2060,4,0,false,false,0,0
7774,Skeleton,,34398,5483 5479,1291,57,0,false,true,0,0
7775,Skeleton,,34398,5483 5479,1291,57,0,false,true,0,0
7776,Skeleton,,34398,5483 5479,1291,57,0,false,true,0,0
7777,Skeleton,,34398,5483 5479,1291,57,0,false,true,0,0
7778,Skeleton,,34398,5483 5479,1291,57,0,false,true,0,0
7779,,,,808 1146,0,3038,0,false,true,0,0
7780,Sumona,,34395,808 1146,0,3038,0,false,false,0,0
7781,Jesmona,,34396,808 1146,0,3038,0,false,false,0,0
7782,Catolax,,34397,8528 8527,0,3038,0,false,true,0,0
7783,,,,8528 8527,0,3038,0,false,true,0,0
7784,,,,9158 9157,2035,31,0,false,true,0,0
7785,Ali Cat,,34028,9158 9157,2035,31,0,false,true,0,0
7786,Mighty banshee,,34577,9452 9453,2099,7,0,false,false,0,0
7787,Cave crawler,,34553,268 298,2091,11,0,false,true,0,0
7788,Skeleton,,34398,5483 5479,1291,57,0,false,true,0,0
7789,Zombie,,21111 21067 21049 21098 21125 21081 21140,5565 5566 5790 5788 5789,1288,32,0,false,true,0,0
7790,Zombie,,21101 21068 21050 21085 21126 21082 21140,5565 5566 5790 5788 5789,1288,32,0,false,true,0,0
7791,Zombie,,21009 20965 20959 20990 21023 20983 21036,5565 5566 5790 5788 5789,1288,32,0,false,true,0,0
7792,Zombie,,21010 20967 20960 20998 21024 20982 21036,5565 5566 5790 5788 5789,1288,32,0,false,true,0,0
7793,Banshee mistress,,34579,9452 9453,2099,7,0,false,true,0,0
7794,Banshee mistress,,34579,9452 9453,2099,7,0,false,true,0,0
7795,Insectoid assassin,,31018 31022,7605 7606,1761,20,0,false,true,0,0
7796,Insectoid assassin,,31018 31022,7605 7606,1761,20,0,false,true,0,0
7797,Kurask overlord,,34568,9442 9443,2098,7,0,false,true,0,0
7798,Monstrous cave crawler,,34555,9416 9415,2091,11,0,false,true,0,0
7799,Basilisk boss,,34562,262 263,2094,6,0,false,false,0,0
7800,Mightiest turoth,,34560,9410 9409,2093,21,0,false,true,0,0
7801,Aberrant spectre,,34564,9469 9470,2095,5,0,false,true,0,0
7802,Aberrant spectre,,34564,9469 9470,2095,5,0,false,true,0,0
7803,Aberrant spectre,,34564,9469 9470,2095,5,0,false,true,0,0
7804,Aberrant spectre,,34564,9469 9470,2095,5,0,false,true,0,0
7805,Kurask minion,,34569,9442 9443,2098,7,0,false,false,0,0
7806,Mummy warrior,,34400,5551 5557,1286,21,0,false,true,0,0
7807,Mummy warrior,,34400,5551 5557,1286,21,0,false,true,0,0
7808,Mummy warrior,,34401 34402,5551 5557,1286,21,0,false,true,0,0
7809,Cat,,34028,,,0,0,false,false,0,0
7810,Banshee,,34579,9452 9453,2099,7,0,false,true,0,0
7811,Kurask,,34568,9442 9443,2098,7,0,false,true,0,0
7812,Cave crawler,,34555,9416 9415,2091,11,0,false,true,0,0
7813,Basilisk,,34562,262 263,2094,6,0,false,false,0,0
7814,Turoth,,34560,9410 9409,2093,21,0,false,true,0,0
7815,Skeleton,,34398,5483 5479,1291,57,0,false,true,0,0
7816,Master,,34397,8528 8527,0,3038,0,false,true,0,0
7817,Zombie,,21111 21067 21049 21098 21125 21081 21140,5565 5566 5790 5788 5789,1288,32,0,false,true,0,0
7818,Zombie,,21101 21068 21050 21085 21126 21082 21140,5565 5566 5790 5788 5789,1288,32,0,false,true,0,0
7819,Zombie,,21009 20965 20959 20990 21023 20983 21036,5565 5566 5790 5788 5789,1288,32,0,false,true,0,0
7820,Zombie,,21010 20967 20960 20998 21024 20982 21036,5565 5566 5790 5788 5789,1288,32,0,false,true,0,0
7821,A wanderer.,,34396,808 1146,0,3038,0,false,false,0,0
7822,A wanderer.,,34395,808 1146,0,3038,0,false,false,0,0
7823,Wall beast,,34601,1799,37,11,0,false,false,0,0
7824,Osman,,208 254 249 170 176 181 292,9876,0,3038,0,false,false,0,0
7825,50 Ships Mufassah,,34679,9536 9537,0,3038,0,false,false,0,0
7826,Karamthulhu,,34837 34836,9541 9540,2105,4,0,false,true,0,0
7827,Karamthulhu,,34837,9539 9538,2105,4,0,false,true,0,0
7828,Giant lobster,,34646,6263 6264,1426,21,0,false,true,0,0
7829,Giant crab,,34615,3424 3426,559,21,0,false,true,0,0
7830,Customs Sergeant,,34657,,,0,0,false,false,0,0
7831,Customs Sergeant,,34657,,,0,0,false,false,0,0
7832,Young Ralph,,34841,9546,2106,1,0,false,true,0,0
7833,Young Ralph,,34842,9546,2106,1,0,false,true,0,0
7834,Young Ralph,,34840,9546,2106,1,0,false,true,0,0
7835,Young Ralph,,34839,9546,2106,1,0,false,true,0,0
7836,Young Ralph,,34838,9546,2106,1,0,false,true,0,0
7837,Customs Officer,,370 393 34689 34686 356 490 34703 361,808 819 820 821 822,0,3038,0,false,false,0,0
7838,Customs Officer,,194 217 246 34655 34650 179 490 34668 185,808 819 820 821 822,0,3038,0,false,false,0,0
7839,Customs Officer,,370 393 34689 34686 356 490 34703 361,808 819 820 821 822,0,3038,0,false,false,0,0
7840,Heavy-Handed Harry,,194 217 246 34655 34650 179 490 34668 185,808 819 820 821 822,0,3038,0,false,false,0,0
7841,Player,,26050,,,0,0,false,false,0,0
7842,Locker Officer,,194 217 246 34654 34652 179 34666 185 34671,9553 9551 9552 9554 9555,0,3038,0,false,false,0,0
7843,Locker Officer,,194 217 246 34654 34652 179 34666 185 34671,9553 9551 9552 9554 9555,0,3038,0,false,false,0,0
7844,Ex-ex-parrot,,34931,8008 8007,1537,16,0,false,false,0,0
7845,Pirate impling,,34616,6613 6614,1494,6,0,false,true,0,0
7846,Pirate impling,,34616 26367,6613 6614,1494,6,0,false,false,0,0
7847,Captain Rabid Jack,,34680,7188 7191 7192 7193 7194,0,3038,0,false,false,0,0
7848,Jack,,34680 34681,9571 9570,0,3038,0,false,false,0,0
7849,Bosun Giles,,28788 28798 34685 28758 28767 28809 28764,7188 7191 7192 7193 7194,0,3038,0,false,true,0,0
7850,Pirate,,28787 28800 34684 28758 28776 28809 28764,7188 7191 7192 7193 7194,0,3038,0,false,false,0,0
7851,Lizzie,,28838 28842 28823 28828 28837 28846 28829,7188 7191 7192 7193 7194,0,3038,0,false,true,0,0
7852,Cap'n Izzy No-Beard,,210 246 193 292 26875 167 179 271 185 18917 490,808 819 820 821 822,0,3038,0,false,false,0,0
7853,Ralph,,34677,7188 7191 7192 7193 7194,0,3038,0,false,false,0,0
7854,Brass Hand Harry,,34683 34678,9535 7191 7192 7193 7194,0,3038,0,false,false,0,0
7855,Bill Teach,,28785 28792 28750 28758 28769 28810 28764,7188 7191 7192 7193 7194,0,3038,0,false,false,0,0
7856,Pirate,,28783 28796 28749 28758 28777 28809 28764,7188 7191 7192 7193 7194,0,3038,0,false,false,0,0
7857,Brass Hand Harry,,34683,9535 7191 7192 7193 7194,0,3038,0,false,false,0,0
7858,,,,9539 9538,2105,4,0,false,true,0,0
7859,,,,9546,2106,1,0,false,true,0,0
7860,Gull,,26841,6771 6773,1538,18,0,false,true,0,0
7861,Jack,,34680,7188 7191 7192 7193 7194,0,3038,0,false,false,0,0
7862,Fishing spot,,36844,9645,2130,3,0,false,false,0,0
7863,Fishing spot,,36844,9645,2130,3,0,false,false,0,0
7864,Fishing spot,,36844,9645,2130,3,0,false,false,0,0
7865,Guardsman Dante,,28867 38651 28873,7222 7223,1631,15,0,false,false,0,0
7866,Guardsman DeShawn,,28867 28871 28875,7222 7224,1631,15,0,false,false,0,0
7867,Guardsman Brawn,,28867 38651 28874,7222 7223,1631,15,0,false,false,0,0
7868,Iain,,40329 40349 28793 40370 28767 28810,9870 9869,0,3038,0,false,true,0,0
7869,Julian,,40327 45466 40364 40370 40344 28804,9870 9869,0,3038,0,false,true,0,0
7870,Lachtopher,,40327 40358 40364 40370 40344 28804,9870 9869,0,3038,0,false,true,0,0
7871,Samuel,,28750 40358 40364 40370 28767 28810,9870 9869,0,3038,0,false,true,0,0
7872,Victoria,,28824 45464 40392 40396 40381 28847,9870 9869,0,3038,0,false,true,0,0
7873,Man,,28750 40352 45465 40370 28767 28810,9870 9869,0,3038,0,false,false,0,0
7874,Man,,40329 45466 45465 40370 28767 28810,9870 9869,0,3038,0,false,true,0,0
7875,Man,,40331 40352 28793 40370 40344 28804,9870 9869,0,3038,0,false,false,0,0
7876,Man,,40331 45466 40364 40370 40344 28804,9870 9869,0,3038,0,false,true,0,0
7877,Man,,40333 40358 28793 40370 40344 28804,9870 9869,0,3038,0,false,true,0,0
7878,Man,,40331 45466 28793 40370 40344 28804,9870 9869,0,3038,0,false,true,0,0
7879,Man,,40333 28785 40364 40370 40344 28804,9870 9869,0,3038,0,false,false,0,0
7880,Woman,,28822 45464 28842 40396 40382 28847,9870 9869,0,3038,0,false,true,0,0
7881,Woman,,28822 28838 40392 40396 40381 28847,9870 9869,0,3038,0,false,true,0,0
7882,Woman,,40378 28838 28842 40396 40384 28847,9870 9869,0,3038,0,false,false,0,0
7883,Woman,,28824 40387 28842 40396 40382 28847,9870 9869,0,3038,0,false,true,0,0
7884,Woman,,40378 40387 40392 40396 40381 28848,9870 9869,0,3038,0,false,false,0,0
7885,Guardsman Dante,,28867 38651 28873,7222 7223,1631,15,0,false,false,0,0
7886,Guardsman DeShawn,,28867 28871 28875,7222 7224,1631,15,0,false,false,0,0
7887,Guardsman Brawn,,28867 38651 28874,7222 7223,1631,15,0,false,false,0,0
7888,Sergeant Abram,,28867 28868 28873,7217 7216,1631,15,0,false,false,0,0
7889,Guardsman Pazel,,28867 38651 28875,7222 7223,1631,15,0,false,false,0,0
7890,Guardsman Peale,,28867 28868 28874,7217 7216,1631,15,0,false,false,0,0
7891,Melee dummy,,36514,,,0,0,false,false,0,0
7892,General Wartface,,2951 16426 16425 5549 5548 15483,3387,1415,82,0,false,false,0,0
7893,General Bentnoze,,5535 16426 16425 5551 5547 15485,3391,1415,82,0,false,false,0,0
7894,,,,,,0,0,false,false,0,0
7895,General Wartface,,2951 16426 16425 5549 5548 15483,3385,1415,82,0,false,false,0,0
7896,,,,,,0,0,false,false,0,0
7897,General Bentnoze,,5535 16426 16425 5551 5547 15485,3388,1415,82,0,false,false,0,0
7898,,,,808 819 820 821 822,0,3038,0,false,true,0,0
7899,,,,808 819 820 821 822,0,3038,0,false,true,0,0
7900,Loar Shadow,,4143,1288 1289,649 651,12,0,false,true,0,0
7901,Loar Shadow,,4143,1292 1289,651,4,0,false,true,0,0
7902,Sergeant Abram,,28867 28868 28873,7217 7216,1631,15,0,false,false,0,0
7903,Guardsman Pazel,,28867 38651 28875,7222 7223,1631,15,0,false,false,0,0
7904,Guardsman Peale,,28867 28868 28874,7217 7216,1631,15,0,false,false,0,0
7905,Barricade guard,,28867 38651 28873,7222 7223,1631,15,0,false,false,0,0
7906,Barricade guard,,28867 28871 28875,7222 7224,1631,15,0,false,false,0,0
7907,Barricade guard,,28867 38651 28874,7222 7223,1631,15,0,false,false,0,0
7908,Barricade guard,,28867 28868 28873,7217 7216,1631,15,0,false,false,0,0
7909,Barricade guard,,28867 38651 28875,7222 7223,1631,15,0,false,false,0,0
7910,Barricade guard,,28867 28868 28874,7217 7216,1631,15,0,false,false,0,0
7911,Barricade guard,,28867 28868 28874,7217 7216,1631,15,0,false,false,0,0
7912,Border guard,,40314,9735 9736,0,3038,0,false,false,0,0
7913,Iain,,40329 40349 28793 40370 28767 28810,9870 9869,0,3038,0,false,true,0,0
7914,Julian,,40327 40354 40364 40370 40344 28804,9870 9869,0,3038,0,false,true,0,0
7915,Lachtopher,,40327 40358 40364 40370 40344 28804,9870 9869,0,3038,0,false,true,0,0
7916,Samuel,,28750 40358 40364 40370 28767 28810,9870 9869,0,3038,0,false,true,0,0
7917,Victoria,,28824 28841 40392 40396 40381 28847,9870 9869,0,3038,0,false,true,0,0
7918,Man,,28750 40352 28794 40370 28767 28810,9870 9869,0,3038,0,false,false,0,0
7919,Man,,40329 40354 28794 40370 28767 28810,9870 9869,0,3038,0,false,true,0,0
7920,Man,,40331 40352 28793 40370 40344 28804,9870 9869,0,3038,0,false,false,0,0
7921,Man,,40331 40354 40364 40370 40344 28804,2263 2262,0,3038,0,false,true,0,0
7922,Man,,40333 40358 28793 40370 40344 28804,9870 9869,0,3038,0,false,true,0,0
7923,Man,,40331 40354 28793 40370 40344 28804,2263 2262,0,3038,0,false,true,0,0
7924,Man,,40333 28785 40364 40370 40344 28804,9870 9869,0,3038,0,false,false,0,0
7925,Woman,,28822 28841 28842 40396 40382 28847,9870 9869,0,3038,0,false,true,0,0
7926,Woman,,28822 28838 40392 40396 40381 28847,9870 9869,0,3038,0,false,true,0,0
7927,Woman,,40378 28838 28842 40396 40384 28847,9870 9869,0,3038,0,false,false,0,0
7928,Woman,,40378 40387 40392 40396 40381 28848,2263 2262,0,3038,0,false,false,0,0
7929,Lumbridge Guide,,40339 40348 40363 40369 40342 40324,4857 4858,0,3038,0,false,true,0,0
7930,Doomsayer,,40629 40310 40309 40312 31606 31578 31582,9734 9680,0,3038,0,false,false,0,0
7931,Donie,,40378 40389 40392 40396 40382 28847 40372,4857 4858,0,3038,0,false,false,0,0
7932,Gee,,40339 40349 40364 40370 40345 28810 40315,4857 4858,0,3038,0,false,true,0,0
7933,Duke Horacio,,40357,9870 9869,0,3038,0,false,true,0,0
7934,Sigmund,,6848 292 162 265 181 176 323 283 5215,808 819 820 821 822,0,3038,0,false,false,0,0
7935,Hans,,40329 28785 28796 40370 28767 28810,9870 9869,0,3038,0,false,false,0,0
7936,Cook,,40332 40353 40343 40364 40370 28804,9870 9869,0,3038,0,false,true,0,0
7937,Father Aereck,,40307 40311 40308 40312 31606 31578,9870 9869,0,3038,0,false,false,0,0
7938,Sir Vant,,40755 40756 40753 40758 40757 40754 546 40759,9940 9957,0,3038,0,false,false,0,0
7939,Sir Vant,,40755 40756 40753 40758 40757 40754 546 40759,9956 9957,0,3038,0,false,false,0,0
7940,Sir Vant,,40755 40756 40753 40758 40757 40754,9956 9957,0,3038,0,false,false,0,0
7941,Sir Vant,,40755 40756 40753 40758 40757 40754 40762,9956 9957,0,3038,0,false,false,0,0
7942,Sir Vant,,40752,9958,0,3038,0,false,true,0,0
7943,Dragon,,17404 17415 40748 17422,9917 4635,1080,54,0,false,true,0,0
7944,Dragon,,17404 17415 40748 17422,9917 9918,1080,54,0,false,true,0,0
7945,Dragon,,17404 17415 40748 17422,9917 4635,1080,54,0,false,true,0,0
7946,Dragon,,17404 40745 40748 17422,9930 9931,1080,54,0,false,true,0,0
7947,Dragon,,17404 40747 40748 17422,9924 9925,1080,54,0,false,true,0,0
7948,Dragon,,17404 40747 40748 17422,9927 9926,1080,54,0,false,true,0,0
7949,Lumbridge Guide,,40339 40348 40363 40369 40342 40324,4857 4858,0,3038,0,false,true,0,0
7950,Melee Tutor,,40334 40350 40365 40371 40346 28810 40322 40323 40368,9868 9869,0,3038,0,false,false,0,0
7951,Ranged Tutor,,28824 28837 28846 28842 40396 40373 40394 40388,9677 9869,0,3038,0,false,true,0,0
7952,Magic Tutor,,40375 28848 40396 40764 40380 28844 40386,9119 9676,0,3038,0,false,false,0,0
7953,Cooking Tutor,,40328 40355 28799 40370 40343 28804,9870 9869,0,3038,0,false,false,0,0
7954,Crafting Tutor,,28748 40351 28794 40370 40344 28804,9870 9869,0,3038,0,false,false,0,0
7955,Fishing Tutor,,40360 40628,9679,0,3038,0,false,false,0,0
7956,Mining Tutor,,40338 40349 28798 40370 28767 28810 40317,3461 9678,0,3038,0,false,true,0,0
7957,Prayer Tutor,,28822 40391 28842 40396 40383 28848 40374,9870 9869,0,3038,0,false,true,0,0
7958,Smelting Tutor,,40330 42889 28798 40369 40347 28810,9870 9869,0,3038,0,false,true,0,0
7959,Smithing Tutor,,40341 42889 28798 40369 40347 28810 40320,9870 9869,0,3038,0,false,true,0,0
7960,Woodcutting Tutor,,40337 40361 28798 40370 40347 28804 40316 40367,9870 9869,0,3038,0,false,false,0,0
7961,Bank Tutor,,40376 40390 28845 40396 28837 28846,9870,0,3038,0,false,true,0,0
7962,Gee,,40339 40349 40364 40370 40345 28810 40315,2836 4858,0,3038,0,false,true,0,0
7963,Spirit,,41139,7167 7160,1628,64,0,false,true,0,0
7964,Goblin,,24455 24486 24433 24474 24443 24449 24491,6181 6180,1415,82,0,false,false,0,0
7965,Goblin,,24455 24486 24433 24474 24443 24449 24491,9966 6180,1415,82,0,false,false,0,0
7966,Chaos druid,,31572 31595 31600 31578 31588 31606,808 8527,0,3038,0,false,false,0,0
7967,Shopkeeper,,40331 40370 40364 40353 40344 28804,9870 9869,0,3038,0,false,true,0,0
7968,,,26050,,,0,0,false,false,0,0
7969,Explorer Jack,,40847,9870 9869,0,3038,0,false,false,0,0
7970,Smithing Tutor,,25362,,,0,0,false,false,0,0
7971,Mining Tutor,,25362,,,0,0,false,false,0,0
7972,,,,7167 7160,1628,64,0,false,true,0,0
7973,,,,7167 7160,1628,64,0,false,true,0,0
7974,,,,7167 7160,1628,64,0,false,true,0,0
7975,,,,7167 7160,1628,64,0,false,true,0,0
7976,Spirit,,41129 41134,10027,2196,8,0,false,true,0,0
7977,Spirit,,41130 41134,10028,2196,8,0,false,true,0,0
7978,Spirit,,41132 41134,10029,2196,8,0,false,true,0,0
7979,Spirit,,41131 41134,10030,2196,8,0,false,true,0,0
7980,Spirit,,41133 41134,10031,2196,8,0,false,true,0,0
7981,Spirit,,41139,7167 7160,1628,64,0,false,true,0,0
7982,Spirit,,41143,7167 7160,1628,64,0,false,true,0,0
7983,Spirit,,41140,7167 7160,1628,64,0,false,true,0,0
7984,Spirit,,41141,7167 7160,1628,64,0,false,true,0,0
7985,,,,7167 7160,1628,64,0,false,true,0,0
7986,Summer Bonde,,41141,7167 7160,1628,64,0,false,true,0,0
7987,Spirit,,40937,9870 9869,0,3038,0,false,true,0,0
7988,Spirit,,40937,9870 9869,0,3038,0,false,true,0,0
7989,Erik Bonde,,40937,9870 9869,0,3038,0,false,true,0,0
7990,Spirit,,40938,4857 4858,0,3038,0,false,true,0,0
7991,Jallek Lenkin,,40938,4857 4858,0,3038,0,false,true,0,0
7992,Spirit,,40936,9870 9869,0,3038,0,false,true,0,0
7993,Meranek Thanatos,,40936,9870 9869,0,3038,0,false,true,0,0
7994,Ghostly warrior,,40931,808 819 820 821 822,0,3038,0,false,false,0,0
7995,Spirit Beast,,40959,10056 10055,2192,21,0,false,true,0,0
7996,Spirit Beast,,40959,10056 10055,2192,21,0,false,true,0,0
7997,Spirit Beast,,40959,10064,2192,21,0,false,true,0,0
7998,Ghost,,21148,5530 5531,1289,22,0,false,false,0,0
7999,Ghost,,21143,5530 5531,1289,22,0,false,true,0,0
8000,Goth leprechaun,,41147,2904 189,319,88,0,false,false,0,0
8001,,,,2904 189,319,88,0,false,true,0,0
8002,Jack,,41184 41178 41187 41181 28810 41185 41182,813 1205 1206 1207 1208,0,3038,0,false,false,0,0
8003,Sarah,,28822 41201 41199 41197 41192 41190 41194,10107 10108,0,3038,0,false,false,0,0
8004,Laura,,28847 28824 41188 41202 41191 40396 41195,10103 10102,0,3038,0,false,false,0,0
8005,Laura,,28847 41200 41189 41198 41193 41196 28822,10104 10106,0,3038,0,false,false,0,0
8006,Roger,,40335 41177 41186 41180 28810 40370,808 819 820 821 822,0,3038,0,false,false,0,0
8007,Jorral,,40617 40349 28801 40370 40344 28805,808 819 820 821 822,0,3038,0,false,true,0,0
8008,Guthix,,40190,808 819 820 821 822,0,3038,0,false,false,0,0
8009,Max the traveller,,40333 41179 28794 40370 41180 28810,808 819 820 821 822,0,3038,0,false,false,0,0
8010,Man,,40335 40354 28801 40370 40344 28804,808 819 820 821 822,0,3038,0,false,true,0,0
8011,Man,,40336 40352 40364 40370 28767 28810,808 819 820 821 822,0,3038,0,false,false,0,0
8012,Woman,,40378 28841 28842 40396 40381 28848,808 819 820 821 822,0,3038,0,false,false,0,0
8013,Woman,,28824 28838 41202 40396 28837 28846,808 819 820 821 822,0,3038,0,false,true,0,0
8014,Haluned,,4030 4032 4028 4031 4029,808 819 820 821 822,0,3038,0,false,true,0,0
8015,Jack,,41206,808 819 820 821 822,0,3038,0,false,true,0,0
8016,Baby Sarah,,41206,808 819 820 821 822,0,3038,0,false,true,0,0
8017,Snowy,,41176,7575 8337,1491,53,0,false,true,0,0
8018,Roger,,41302,10090,2218,1,0,false,true,0,0
8019,Portal,,41508,10176,2234,4,0,false,true,0,0
8020,Portal,,41506,10176,2234,4,0,false,true,0,0
8021,,,,10136 10138,2224,12,0,false,true,0,0
8022,Yellow orb,,41471,10136 10138,2224,12,0,false,true,0,0
8023,Yellow orb,,41471,10136 10138,2224,12,0,false,true,0,0
8024,Yellow orb,,41471,10136 10138,2224,12,0,false,true,0,0
8025,,,,10136 10138,2224,12,0,false,true,0,0
8026,Green orb,,41472,10136 10138,2224,12,0,false,true,0,0
8027,Green orb,,41472,10136 10138,2224,12,0,false,true,0,0
8028,Green orb,,41472,10136 10138,2224,12,0,false,true,0,0
8029,Wizard Korvak,,41463,10205 10204,2223,8,0,false,true,0,0
8030,Wizard Vief,,41465,10209 10208,2223,8,0,false,true,0,0
8031,Wizard Acantha,,41475 41476,10188 10189,2225,2,0,false,false,0,0
8032,Wizard Elriss,,41464,10207 10206,2223,8,0,false,true,0,0
8033,Wizard,,41413 41418 41423 41424 41416 41420 41410,10211 10210,0,3038,0,false,false,0,0
8034,Wizard,,41414 41419 41421 41424 41416 41420,8528 8527,0,3038,0,false,false,0,0
8035,Wizard,,41411 41417 41423 41424 41415 41420,8528 8527,0,3038,0,false,false,0,0
8036,Wizard,,41412 41418 41422 41424 41415 41420,8528 8527,0,3038,0,false,false,0,0
8037,Wizard,,41428 41431 41436 41438 41430 41434,8528 8527,0,3038,0,false,false,0,0
8038,Wizard,,41425 41433 41437 41438 41430 41434,8528 8527,0,3038,0,false,false,0,0
8039,Wizard,,41426 41432 41436 41438 41429 41434,8528 8527,0,3038,0,false,false,0,0
8040,Wizard,,41427 41431 41435 41438 41429 41434,8528 8527,0,3038,0,false,false,0,0
8041,Imiago,,230 246 14933 315 33034 8918 7368 8925 8919,808 819 820 821 822,0,3038,0,false,false,0,0
8042,Squire Fyre,,41827,,,0,0,false,false,0,0
8043,Squire Fyre,,41827,,,0,0,false,false,0,0
8044,Orry,,41826,,,0,0,false,false,0,0
8045,Orry,,41826,,,0,0,false,false,0,0
8046,Ube,,41828,,,0,0,false,false,0,0
8047,Ube,,41828,,,0,0,false,false,0,0
8048,Waldo,,41825,,,0,0,false,false,0,0
8049,Waldo,,41825,,,0,0,false,false,0,0
8050,Gjalp,,41829,,,0,0,false,false,0,0
8051,Gjalp,,41829,,,0,0,false,false,0,0
8052,Brother Fintan,,41823,,,0,0,false,false,0,0
8053,Brother Fintan,,41823,,,0,0,false,false,0,0
8054,Stubthumb,,40574,,,0,0,false,false,0,0
8055,Stubthumb,,40574,,,0,0,false,false,0,0
8056,Stubthumb,,40573,,,0,0,false,false,0,0
8057,Doronbol,,41818,,,0,0,false,false,0,0
8058,Doronbol,,41818,,,0,0,false,false,0,0
8059,Crate,,41821,,,0,0,false,false,0,0
8060,Crate,,41821,,,0,0,false,false,0,0
8061,Egg,,41820,,,0,0,false,false,0,0
8062,Egg,,41820,,,0,0,false,false,0,0
8063,Nanuq,,41819,,,0,0,false,false,0,0
8064,Nanuq,,41819,,,0,0,false,false,0,0
8065,,,,10254 9869,0,3038,0,false,true,0,0
8066,,,,10254 4858,0,3038,0,false,true,0,0
8067,,,,10254 9869,0,3038,0,false,true,0,0
8068,,,,10254 4858,0,3038,0,false,true,0,0
8069,,,,10254 9869,0,3038,0,false,true,0,0
8070,,,,10254 1205 1206 1207 1208,0,3038,0,false,true,0,0
8071,,,,10254 9869,0,3038,0,false,true,0,0
8072,,,,10240 6180,1415,82,0,false,true,0,0
8073,,,,10241 9157,2035,31,0,false,true,0,0
8074,,,,10243 1139,461,49,0,false,true,0,0
8075,,,,10243 1139,461,49,0,false,true,0,0
8076,,,,10242 4923,1151,20,0,false,true,0,0
8077,Pumpkin,,41855,10563 10357,2244,18,0,false,false,0,0
8078,Maggie,,42698,10565 10564,0,3038,0,false,false,0,0
8079,Circus barker,,41956,10315 10316,2249,2,0,false,true,0,0
8080,Circus barker,,41958,10315 10316,2249,2,0,false,true,0,0
8081,Circus barker,,41957,10315 10316,2249,2,0,false,true,0,0
8082,Agility assistant,,41956,10315 10316,2249,2,0,false,true,0,0
8083,Magic assistant,,41958,10315 10316,2249,2,0,false,true,0,0
8084,Ranged assistant,,41957,10315 10316,2249,2,0,false,true,0,0
8085,Ringmaster,,41959,10318 10317,2250,3,0,false,true,0,0
8086,Audience,,27192,808 819 820 821 822,0,3038,0,false,true,0,0
8087,Audience,,27192,808 819 820 821 822,0,3038,0,false,true,0,0
8088,Ticket vendor,,41955,10321,2248,3,0,false,false,0,0
8089,,,27192,808 819 820 821 822,0,3038,0,false,true,0,0
8090,Rock,,6318,,,0,0,false,false,0,0
8091,Star sprite,,42145 42147 42146,10352,2260,2,0,false,false,0,0
8092,Shooting star shadow,,42149,808 819,0,3038,0,false,true,0,0
8093,Penguin,,27192,,,0,0,false,false,0,0
8094,Penguin,,21547,5668 5666,1310,58,0,false,true,0,0
8095,Penguin,,21547,5668 5666,1310,58,0,false,true,0,0
8096,Penguin,,21547,5668 5666,1310,58,0,false,true,0,0
8097,Penguin,,21547,5668 5666,1310,58,0,false,true,0,0
8098,Penguin,,21547,5668 5666,1310,58,0,false,true,0,0
8099,Penguin,,21547,5668 5666,1310,58,0,false,true,0,0
8100,Penguin,,21547,5668 5666,1310,58,0,false,true,0,0
8101,Penguin,,21547,5668 5666,1310,58,0,false,true,0,0
8102,Penguin,,21547,5668 5666,1310,58,0,false,true,0,0
8103,Penguin,,21547,5668 5666,1310,58,0,false,true,0,0
8104,Barrel,,41850,10356 10357,2244,18,0,false,true,0,0
8105,Bush,,41854,10358 10359,2244,18,0,false,true,0,0
8106,Bush,,41854,10358 10359,2244,18,0,false,true,0,0
8107,Cactus,,41851,10360 10361,2244,18,0,false,true,0,0
8108,Crate,,41856,10362 10363,2244,18,0,false,false,0,0
8109,Rock,,41853,10364 10365,2244,18,0,false,true,0,0
8110,Toadstool,,41852,10366 10367,2244,18,0,false,true,0,0
8111,Calladin,,14854 14577 5584 6641 176 10377,808 819 820 821 822,0,3038,0,false,true,0,0
8112,,,,7167 7160,1628,64,0,false,true,0,0
8113,Summer Bonde,,41141,7384,1628,64,0,false,true,0,0
8114,Summer Bonde,,41142,7167 7160,1628,64,0,false,true,0,0
8115,Erik Bonde,,40937,9870 9869,0,3038,0,false,true,0,0
8116,Erik Bonde,,40934,9870 9869,0,3038,0,false,true,0,0
8117,Jallek Lenkin,,40938,4857 4858,0,3038,0,false,true,0,0
8118,Jallek Lenkin,,40935,4857 4858,0,3038,0,false,true,0,0
8119,Meranek Thanatos,,40936,9870 9869,0,3038,0,false,true,0,0
8120,Meranek Thanatos,,40933,9870 9869,0,3038,0,false,true,0,0
8121,Spirit,,40932,9870 9869,0,3038,0,false,false,0,0
8122,Rogue,,40930,9870 9869,0,3038,0,false,false,0,0
8123,,,,9870 9869,0,3038,0,false,true,0,0
8124,,,,9870 9869,0,3038,0,false,true,0,0
8125,Tormented wraith,,41144,5530 5531,1289,22,0,false,true,0,0
8126,Dark energy core,,42314,10392,2266,6,0,false,true,0,0
8127,Dark energy core,,42314,10392,2266,6,0,false,true,0,0
8128,Spirit Beast,,40956,10056 10055,2192,21,0,false,false,0,0
8129,Spirit Beast,,40956,10056 10055,2192,21,0,false,false,0,0
8130,Spirit Beast,,40958,10056 10055,2192,21,0,false,true,0,0
8131,Spirit Beast,,40957,10056 10055,2192,21,0,false,false,0,0
8132,Spirit Beast,,40957,10056 10055,2192,21,0,false,false,0,0
8133,Corporeal Beast,,40955,10056 10055,2192,21,0,false,true,0,0
8134,Spirit,,27192,808 819 820 821 822,0,3038,0,false,true,0,0
8135,Summer Bonde,,41141,7167 7160,1628,64,0,false,true,0,0
8136,Erik Bonde,,40937,9870 9869,0,3038,0,false,true,0,0
8137,Jallek Lenkin,,40938,4857 4858,0,3038,0,false,true,0,0
8138,Meranek Thanatos,,40936,9870 9869,0,3038,0,false,true,0,0
8139,Hartwin,,42366,808 819 820 821 822,0,3038,0,false,true,0,0
8140,Hartwin,,42366,808 819 820 821 822,0,3038,0,false,true,0,0
8141,,,,808 819 820 821 822,0,3038,0,false,true,0,0
8142,Zombie,,21111 21067 21049 21098 21125 21081 21140,5565 5566 5790 5788 5789,1288,32,0,false,true,0,0
8143,Zombie,,21101 21068 21050 21085 21126 21082 21139,5572 5570 5790 5788 5789,1288,32,0,false,true,0,0
8144,Zombie,,21101 21068 21050 21085 21126 21082 21140,5565 5566 5790 5788 5789,1288,32,0,false,true,0,0
8145,Zombie,,21009 20965 20959 20990 21023 20983 21036,5565 5566 5790 5788 5789,1288,32,0,false,true,0,0
8146,Zemouregal,,42376,10432 10433,2274,4,0,false,true,0,0
8147,,,,10432 10433,2274,4,0,false,true,0,0
8148,Zemouregal,,42376,10432 10433,2274,4,0,false,true,0,0
8149,Armoured zombie,,42363 42351 42359 42364 42345 42357 42352,5572 5570,1288,32,0,false,true,0,0
8150,Armoured zombie,,42361 42349 42360 42364 42345 42358 42354 42353,5572 5570,1288,32,0,false,true,0,0
8151,Armoured zombie,,42362 42348 42359 42364 42346 42357 42355 42356,5572 5570,1288,32,0,false,true,0,0
8152,Armoured zombie,,42363 42349 42359 42364 42345 42358 42355 42356,5572 5570,1288,32,0,false,true,0,0
8153,Armoured zombie,,42362 42351 42360 42364 42347 42357 42354 42353,5572 5570,1288,32,0,false,true,0,0
8154,Armoured zombie,,42363 42351 42359 42364 42345 42357 42352,5572 5570,1288,32,0,false,true,0,0
8155,Armoured zombie,,42361 42349 42360 42364 42345 42358 42354 42353,6932 5570,1288,32,0,false,true,0,0
8156,Armoured zombie,,42362 42348 42359 42364 42346 42357 42355 42356,10415 5570,1288,32,0,false,true,0,0
8157,Armoured zombie,,42363 42349 42359 42364 42345 42358 42355 42356,5572 5570,1288,32,0,false,true,0,0
8158,Armoured zombie,,42362 42351 42360 42364 42347 42357 42354 42353,6932 5570,1288,32,0,false,true,0,0
8159,Armoured zombie,,42363 42351 42359 42364 42345 42357 42352,5572 5570,1288,32,0,false,true,0,0
8160,Armoured zombie,,42361 42349 42360 42364 42345 42358 42354 42353,5572 5570,1288,32,0,false,true,0,0
8161,Armoured zombie,,42362 42348 42359 42364 42346 42357 42355 42356,5572 5570,1288,32,0,false,true,0,0
8162,Armoured zombie,,42363 42349 42359 42364 42345 42358 42355 42356,5572 5570,1288,32,0,false,true,0,0
8163,Armoured zombie,,42362 42351 42360 42364 42347 42357 42354 42353,5572 5570,1288,32,0,false,true,0,0
8164,Armoured zombie,,42362 42348 42359 42364 42346 42357 42355 42356,5572 5570,1288,32,0,false,true,0,0
8165,Sharathteerk,,42373,10428 10429,2092,13,0,false,true,0,0
8166,,,,10428 10429,2092,13,0,false,true,0,0
8167,Sharathteerk,,42373,10428 10429,2092,13,0,false,true,0,0
8168,Arrav,,42367,10434 10436,0,3038,0,false,true,0,0
8169,Arrav,,42367,10434 10436,0,3038,0,false,true,0,0
8170,Ramarno,,42342 2985 42344 42343,10465 10464,297,51,0,false,false,0,0
8171,Dimintheis,,14340 5215 25864 40175 163 10218 11339 181 40281,808 819 820 821 822,0,3038,0,false,false,0,0
8172,Dimintheis,,14340 5215 25864 10313 163 10218 11339 181,808 819 820 821 822,0,3038,0,false,true,0,0
8173,Guard,,25671 25685 25684,6487 6486,0,3038,0,false,false,0,0
8174,Clive,,12137 10075 246 10077 12086 10073 10074 10076 185,808 819 820 821 822,0,3038,0,false,false,0,0
8175,Ellamaria,,42553 390 8786 481 8846 353 9113 358,2578 819 820 821 822,0,3038,0,false,true,0,0
8176,Fish,,42375,10426,2273,2,0,false,false,0,0
8177,Fish,,42375,10427,2273,2,0,false,false,0,0
8178,Monk of Zamorak,,230 181 246 292 170 176 260,808 819 820 821 822,0,3038,0,false,true,0,0
8179,Ellamaria,,42553 390 8786 481 8846 353 9113 358,,,0,0,false,false,0,0
8180,Traiborn,,20399 215 251 20405 3189 20395 177 40268 181 245 40171,,,0,0,false,false,0,0
8181,Fenkenstrain's Monster,,5175,,,0,0,false,false,0,0
8182,Wise Old Man,,187 9103 4925 292 323 170 176 554 260 181,,,0,0,false,false,0,0
8183,,,,10432 10433,2274,4,0,false,true,0,0
8184,,,,10428 10429,2092,13,0,false,true,0,0
8185,Acrobat,,42111,10289 10288,0,3038,0,false,false,0,0
8186,Acrobat,,42111,10289 10288,0,3038,0,false,false,0,0
8187,Acrobat,,42111,10289 10288,0,3038,0,false,false,0,0
8188,Acrobat,,42111,10289 10288,0,3038,0,false,false,0,0
8189,Acrobat,,42111,10289 10288,0,3038,0,false,false,0,0
8190,Acrobat,,42111,10289 10288,0,3038,0,false,false,0,0
8191,Acrobat,,42111,10289 10288,0,3038,0,false,false,0,0
8192,Acrobat,,42111,10289 10288,0,3038,0,false,false,0,0
8193,Acrobat,,42112,10289 10288,0,3038,0,false,false,0,0
8194,Acrobat,,42112,10289 10288,0,3038,0,false,false,0,0
8195,Acrobat,,42112,10289 10288,0,3038,0,false,false,0,0
8196,Acrobat,,42112,10289 10288,0,3038,0,false,false,0,0
8197,Acrobat,,42112,10289 10288,0,3038,0,false,false,0,0
8198,Acrobat,,42112,10289 10288,0,3038,0,false,false,0,0
8199,Acrobat,,42112,10289 10288,0,3038,0,false,false,0,0
8200,Acrobat,,42112,10289 10288,0,3038,0,false,false,0,0
8201,Wendy,,42700,10569 10568,0,3038,0,false,false,0,0
8202,Trogs,,34012,9158 9157,2035,31,0,false,true,0,0
8203,Norman,,42733,,,0,0,false,false,0,0
8204,Babe,,42736,,,0,0,false,false,0,0
8205,Gus,,42687,10567 10566,0,3038,0,false,false,0,0
8206,Lottie,,42701,10570 10571,0,3038,0,false,false,0,0
8207,Aggie,,29617,808 819 820 821 822,0,3038,0,false,true,0,0
8208,Bat,,42741,10558 10557,2307,2,0,false,true,0,0
8209,Rat,,42740,10558 10557,2307,2,0,false,true,0,0
8210,Lizard,,42743,10558 10557,2307,2,0,false,true,0,0
8211,Blackbird,,42739,10558 10557,2307,2,0,false,true,0,0
8212,Spider,,42742,10558 10557,2307,2,0,false,true,0,0
8213,Snail,,42738,10558 10557,2307,2,0,false,true,0,0
8214,Cat,,42684,9158 9157,2035,31,0,false,true,0,0
8215,Lazy cat,,42685,9158 9157,2035,31,0,false,true,0,0
8216,Overgrown cat,,42683,9158 9157,2035,31,0,false,true,0,0
8217,Kitten,,42681,9158 9156,2035,31,0,false,true,0,0
8218,Wily cat,,42682,9158 9157,2035,31,0,false,true,0,0
8219,,,,10558 10557,2307,2,0,false,true,0,0
8220,,,,10558 10557,2307,2,0,false,true,0,0
8221,,,,10558 10557,2307,2,0,false,true,0,0
8222,,,,10558 10557,2307,2,0,false,true,0,0
8223,,,,10558 10557,2307,2,0,false,true,0,0
8224,,,,10558 10557,2307,2,0,false,true,0,0
8225,,,,10558 10557,2307,2,0,false,true,0,0
8226,Guardian of Armadyl,,42878,7188 7191 7192 7193 7194,0,3038,0,false,true,0,0
8227,Head mystic,,43432 43435 43433 43434 31606 31578 31582,10587 10588,0,3038,0,false,false,0,0
8228,Rewards mystic,,40330 43437 43439 40370 43436 43438,808 819 820 821 822,0,3038,0,false,true,0,0
8229,Mystic,,217 43340 40157 176 43377 8919 250,808 819 820 821 822,0,3038,0,false,false,0,0
8230,Mystic,,217 43340 40157 176 43377 8919 248,808 819 820 821 822,0,3038,0,false,false,0,0
8231,Mystic,,24455 43508 24437 43507 24440 24451,6181 6180,1415,82,0,false,true,0,0
8232,Mystic,,43315,10626 10625,1905,32,0,false,false,0,0
8233,Mystic,,2970 43524 2979 43523 2985,101 98,297,51,0,false,false,0,0
8234,Mystic,,217 43340 40157 176 43377 8919 250,808 819 820 821 822,0,3038,0,false,false,0,0
8235,Mystic,,217 43340 40157 176 43377 8919 248,808 819 820 821 822,0,3038,0,false,false,0,0
8236,Mystic,,24455 43508 24437 43507 24440 24451,6181 6180,1415,82,0,false,true,0,0
8237,Mystic,,43315,10626 10625,1905,32,0,false,false,0,0
8238,Mystic,,2970 43524 2979 43523 2985,101 98,297,51,0,false,false,0,0
8239,Head mystic,,43432 43435 43433 43434 31606 31578 31582,10587 10588,0,3038,0,false,false,0,0
8240,Clay familiar (class 1),,43087,10594 10596,2316,7,0,false,true,0,0
8241,Clay familiar (class 1),,43087,10594 10596,2316,7,0,false,true,0,0
8242,Clay familiar (class 2),,43091,10594 10596,2316,7,0,false,true,0,0
8243,Clay familiar (class 2),,43091,10594 10596,2316,7,0,false,true,0,0
8244,Clay familiar (class 3),,43090,10594 10596,2316,7,0,false,true,0,0
8245,Clay familiar (class 3),,43090,10594 10596,2316,7,0,false,true,0,0
8246,Clay familiar (class 4),,43088,10594 10596,2316,7,0,false,true,0,0
8247,Clay familiar (class 4),,43088,10594 10596,2316,7,0,false,true,0,0
8248,Clay familiar (class 5),,43089,10594 10596,2316,7,0,false,true,0,0
8249,Clay familiar (class 5),,43089,10594 10596,2316,7,0,false,true,0,0
8250,Grindxplox,,43354 253 24556 5586 43332 43318 43370 43420 181,808 824 820 821 822,0,3038,0,false,true,0,0
8251,Grindxplox,,43354 253 24556 5586 43332 43318 43370 43420 181,808 824 820 821 822,0,3038,0,false,true,0,0
8252,Stealing Creation team,,6318,,,0,0,false,false,0,0
8253,Resource NPC,,6318,,,0,0,false,false,0,0
8254,Game NPC,,6318,,,0,0,false,false,0,0
8255,,,,,,0,0,false,false,0,0
8256,Resource NPC,,6318,,,0,0,false,false,0,0
8257,,,,,,0,0,false,false,0,0
8258,,,,,,0,0,false,false,0,0
8259,,,,,,0,0,false,false,0,0
8260,,,,,,0,0,false,false,0,0
8261,,,,,,0,0,false,false,0,0
8262,,,,,,0,0,false,false,0,0
8263,,,,,,0,0,false,false,0,0
8264,,,,,,0,0,false,false,0,0
8265,,,6318,,,0,0,false,false,0,0
8266,,,,808 819 820 821 822,0,3038,0,false,true,0,0
8267,,,,808 819 820 821 822,0,3038,0,false,true,0,0
8268,Harrallak Menarous,,220 9620 15305 14187 162 179 5218 15415,,,0,0,false,false,0,0
8269,,,,808 819 820 821 822,0,3038,0,false,true,0,0
8270,Yadech Strongarm,,230 22163 43636 43630 43600 43644 43610 43666 10218 18952,808 819 820 821 822,0,3038,0,false,false,0,0
8271,,,,808 819 820 821 822,0,3038,0,false,true,0,0
8272,,,27192,,,0,0,false,false,0,0
8273,Turael,,208 251 3379 317 174 179 274 185 555,813 1205 1206 1207 1208,0,3038,0,false,false,0,0
8274,Mazchna,,221 306 174 176 278 182 5114 246,808 819 820 821 822,0,3038,0,false,false,0,0
8275,Duradel,,231 241 246 309 33034 10218 254 181 3780 18949,808 819 820 821 822,0,3038,0,false,false,0,0
8276,,,,195 189,319,88,0,false,true,0,0
8277,,,,808 819 820 821 822,0,3038,0,false,true,0,0
8278,,,,808 819 820 821 822,0,3038,0,false,true,0,0
8279,Cyrisus,,24983 215 244 248 6669 170 10218 5409 6659 4929,808 819 820 821 822,0,3038,0,false,false,0,0
8280,Sloane,,217 10304 311 18952 167 176 11788 11869 181,808 819 820 821 822,0,3038,0,false,false,0,0
8281,Balance Elemental,,44679,10665 10664,2397,26,0,false,false,0,0
8282,Balance Elemental,,44679,10668 10667,2397,26,0,false,false,0,0
8283,Balance Elemental,,44679,10672 10671,2397,26,0,false,false,0,0
8284,Balance Elemental,,44679,10665 10664,2397,26,0,false,false,0,0
8285,Balance Elemental,,27192,808 819 820 821 822,0,3038,0,false,true,0,0
8286,Undead hero,,44693 44698 44687 44686,10635 10636,2398,16,0,false,true,0,0
8287,Undead hero,,44694 44697 44688 44685,10635 10636,2398,16,0,false,true,0,0
8288,Undead hero,,44691 44696 44689 44684,10635 10636,2398,16,0,false,true,0,0
8289,Undead hero,,44692 44695 44690 44683,10639 10640,2398,16,0,false,true,0,0
8290,Undead hero,,44682,10656 10657,2398,16,0,false,true,0,0
8291,Undead hero,,44693 44697 44689 44683,10635 10636,2398,16,0,false,true,0,0
8292,Undead hero,,44694 44698 44689 44686,10635 10636,2398,16,0,false,true,0,0
8293,Undead hero,,44691 44697 44687 44685,10635 10636,2398,16,0,false,true,0,0
8294,Undead hero,,44693 44696 44687 44684,10635 10636,2398,16,0,false,true,0,0
8295,Undead hero,,44692 44695 44689 44684,10639 10640,2398,16,0,false,true,0,0
8296,Undead hero,,44693 44698 44687 44686,10632,2398,16,0,false,true,0,0
8297,Undead hero,,44692 44695 44689 44684,10633,2398,16,0,false,true,0,0
8298,Stone block,,45103,,,0,0,false,false,0,0
8299,Harrallak Menarous,,220 9620 43633 43598 43642 43648 43608 15415 15305,10968 10969,0,3038,0,false,false,0,0
8300,Harrallak Menarous,,220 9620 43615 43602 43640 43648 43608 15415 15305,10898 10899,0,3038,0,false,false,0,0
8301,Harrallak Menarous,,220 9620 43615 43602 43640 43648 43608 15415 15305,10974,0,3038,0,false,false,0,0
8302,Turael,,43637 251 43633 43598 43642 43648 43608 555 317,10970 10971,0,3038,0,false,false,0,0
8303,Turael,,43637 251 43633 43598 43642 43648 43608 44809 317,813 1205 1206 1207 1208,0,3038,0,false,false,0,0
8304,Cyrisus,,43637 248 43633 43598 43642 43648 43608 5409,10972 10973,0,3038,0,false,true,0,0
8305,Cyrisus,,43637 248 43633 43598 43642 43648 43608 44810,808 819 820 821 822,0,3038,0,false,true,0,0
8306,Ghommal,,230 253 43633 43598 43642 43648 43608 43658,10968 10969,0,3038,0,false,true,0,0
8307,Mazchna,,221 246 6670 43641 5114 6639 176 182,10968 10969,0,3038,0,false,false,0,0
8308,Mazchna,,43629,10898 10899,0,3038,0,false,false,0,0
8309,Mazchna,,43629,10974,0,3038,0,false,false,0,0
8310,Duradel,,43639 246 6672 18949 6641 10218 3780 6660 181,808 819 820 821 822,0,3038,0,false,false,0,0
8311,Sloane,,217 10304 6672 18952 6644 176 11788 6662 181,10968 10969,0,3038,0,false,false,0,0
8312,Elite Dark Warrior,,43622 43671 43672,10843 10858,0,3038,0,false,false,0,0
8313,Elite Dark Warrior,,43622 43671 43672,10843 10858,0,3038,0,false,false,0,0
8314,Elite Dark Warrior,,43622 43671 43672,10843 10858,0,3038,0,false,false,0,0
8315,Elite Dark Warrior,,43622 43671 43672,10843 10858,0,3038,0,false,false,0,0
8316,Elite Dark Ranger,,43625 43661,10842 9869,0,3038,0,false,true,0,0
8317,Elite Dark Ranger,,43625 43661,10842 9869,0,3038,0,false,true,0,0
8318,Elite Dark Ranger,,43625 43661,10842 9869,0,3038,0,false,true,0,0
8319,Elite Dark Ranger,,43625 43661,10842 9869,0,3038,0,false,true,0,0
8320,Elite Dark Mage,,43631 43670,10869 9724,0,3038,0,false,false,0,0
8321,Elite Dark Mage,,43631 43670,10869 9724,0,3038,0,false,false,0,0
8322,Elite Dark Mage,,43631 43670,10869 9724,0,3038,0,false,false,0,0
8323,Elite Dark Mage,,43631 43670,10869 9724,0,3038,0,false,false,0,0
8324,Elite Black Knight,,43638 43621 43647 43645 43609 43663 246 43601 5586,10853 10857,0,3038,0,false,false,0,0
8325,Elite Black Knight,,43638 43621 43647 43645 43609 43663 246 43601 5586,10853 10857,0,3038,0,false,false,0,0
8326,Elite Black Knight,,43638 43621 43647 43645 43609 43663 246 43601 5586,10853 10857,0,3038,0,false,false,0,0
8327,Elite Black Knight,,43638 43621 43647 43645 43609 43663 246 43601 5586,10853 10857,0,3038,0,false,false,0,0
8328,Elite Black Knight,,43622 43671 43672,10843 10858,0,3038,0,false,false,0,0
8329,Elite Black Knight,,43638 43621 43647 43645 43609 246 43601 5586,7188 7191 7192 7193 7194,0,3038,0,false,false,0,0
8330,Elite Black Knight,,43638 43621 43647 43645 43609 246 43601 5586,7188 7191 7192 7193 7194,0,3038,0,false,false,0,0
8331,Guardian of Armadyl,,217 295 150 3779 246,1147,0,3038,0,false,true,0,0
8332,Guardian of Armadyl,,42878 43653,813 9724,0,3038,0,false,true,0,0
8333,Guardian of Armadyl,,43687,7188 7191 7192 7193 7194,0,3038,0,false,true,0,0
8334,Mercenary axeman,,43611 43669,7188 7191 7192 7193 7194,0,3038,0,false,false,0,0
8335,Mercenary mage,,43632 43673,813 9724,0,3038,0,false,false,0,0
8336,Idria,,43685,7188 7191 7192 7193 7194,0,3038,0,false,false,0,0
8337,Idria,,43685,7188 7191 7192 7193 7194,0,3038,0,false,false,0,0
8338,Akrisae,,43626,7188 7191 7192 7193 7194,0,3038,0,false,true,0,0
8339,Shady stranger,,43632,10868 10867,0,3038,0,false,false,0,0
8340,Shady stranger,,43632,7188 7191 7192 7193 7194,0,3038,0,false,false,0,0
8341,Shady stranger,,43632,7188 7191 7192 7193 7194,0,3038,0,false,false,0,0
8342,,,,7188 7191 7192 7193 7194,0,3038,0,false,true,0,0
8343,Guardian of Armadyl,,42878 43653,813 9724,0,3038,0,false,true,0,0
8344,Guardian of Armadyl,,43687 43652,813 9724,0,3038,0,false,true,0,0
8345,,,,6469 6468,0,3038,0,false,true,0,0
8346,Local thug,,43611 43669,7188 7191 7192 7193 7194,0,3038,0,false,false,0,0
8347,,,,6469 6468,0,3038,0,false,true,0,0
8348,Local mage,,43632 43673,6469 6468,0,3038,0,false,false,0,0
8349,Tormented demon,,44733,10921 10920,2401,10,0,false,false,0,0
8350,Tormented demon,,44733,10921 10920,2401,10,0,false,false,0,0
8351,Tormented demon,,44733,10921 10920,2401,10,0,false,false,0,0
8352,Tormented demon,,44733,10921 10920,2401,10,0,false,false,0,0
8353,Tormented demon,,44733,10921 10920,2401,10,0,false,false,0,0
8354,Tormented demon,,44733,10921 10920,2401,10,0,false,false,0,0
8355,Tormented demon,,44733,10921 10920,2401,10,0,false,false,0,0
8356,Tormented demon,,44733,10921 10920,2401,10,0,false,false,0,0
8357,Tormented demon,,44733,10921 10920,2401,10,0,false,false,0,0
8358,Tormented demon,,44734,10921 10920,2401,10,0,false,false,0,0
8359,Tormented demon,,44734,10921 10920,2401,10,0,false,false,0,0
8360,Tormented demon,,44734,10921 10920,2401,10,0,false,false,0,0
8361,Tormented demon,,44734,10921 10920,2401,10,0,false,false,0,0
8362,Tormented demon,,44734,10921 10920,2401,10,0,false,false,0,0
8363,Tormented demon,,44734,10921 10920,2401,10,0,false,false,0,0
8364,Tormented demon,,44734,10921 10920,2401,10,0,false,false,0,0
8365,Tormented demon,,44734,10921 10920,2401,10,0,false,false,0,0
8366,Tormented demon,,44734,10921 10920,2401,10,0,false,false,0,0
8367,,,6318,,,0,0,false,false,0,0
8368,,,6318,,,0,0,false,false,0,0
8369,,,6318,,,0,0,false,false,0,0
8370,,,6318,,,0,0,false,false,0,0
8371,,,6318,,,0,0,false,false,0,0
8372,,,6318,,,0,0,false,false,0,0
8373,,,6318,,,0,0,false,false,0,0
8374,,,6318,,,0,0,false,false,0,0
8375,,,6318,,,0,0,false,false,0,0
8376,,,6318,,,0,0,false,false,0,0
8377,Undead troll,,44728 44717 44712,10813 10812,2400,8,0,false,false,0,0
8378,Undead troll,,44723 44721 44713,10813 10812,2400,8,0,false,false,0,0
8379,Undead troll,,44724 44714 44708,10813 10812,2400,8,0,false,false,0,0
8380,Undead troll,,44732 44721 44712,10813 10812,2400,8,0,false,false,0,0
8381,Undead troll,,44728 44714 44712,10813 10812,2400,8,0,false,false,0,0
8382,Undead troll,,44723 44717 44713,10813 10812,2400,8,0,false,false,0,0
8383,Undead troll,,44724 44717 44712,10813 10812,2400,8,0,false,false,0,0
8384,Undead troll,,44732 44721 44713,10813 10812,2400,8,0,false,false,0,0
8385,Undead troll,,44728 44721 44713,10813 10812,2400,8,0,false,false,0,0
8386,Undead troll,,44724 44714 44712,10813 10812,2400,8,0,false,false,0,0
8387,Undead troll,,44728 44718 44712,10813 10812,2400,8,0,false,false,0,0
8388,Undead troll,,44724 44716 44708,10813 10812,2400,8,0,false,false,0,0
8389,Undead troll,,44732 44716 44713,10813 10812,2400,8,0,false,false,0,0
8390,Undead troll,,44723 44720 44712,10813 10812,2400,8,0,false,false,0,0
8391,Undead troll,,44728 44718 44713,10813 10812,2400,8,0,false,false,0,0
8392,Undead troll,,44723 44718 44712,10813 10812,2400,8,0,false,false,0,0
8393,Vasador,,43619,7188 7191 7192 7193 7194,0,3038,0,false,true,0,0
8394,Valator,,43619,7188 7191 7192 7193 7194,0,3038,0,false,true,0,0
8395,Vaasdor,,43619,7188 7191 7192 7193 7194,0,3038,0,false,true,0,0
8396,Varosad,,43619,7188 7191 7192 7193 7194,0,3038,0,false,true,0,0
8397,Verisad,,43619,7188 7191 7192 7193 7194,0,3038,0,false,true,0,0
8398,Vudisor,,43619,7188 7191 7192 7193 7194,0,3038,0,false,true,0,0
8399,Vlatoad,,43619,7188 7191 7192 7193 7194,0,3038,0,false,true,0,0
8400,Vedolas,,43619,7188 7191 7192 7193 7194,0,3038,0,false,true,0,0
8401,Vundiar,,43619,7188 7191 7192 7193 7194,0,3038,0,false,true,0,0
8402,Versita,,43619,7188 7191 7192 7193 7194,0,3038,0,false,true,0,0
8403,Vislota,,43619,7188 7191 7192 7193 7194,0,3038,0,false,true,0,0
8404,Vanjuta,,43619,7188 7191 7192 7193 7194,0,3038,0,false,true,0,0
8405,Vasador,,43623,7188 7191 7192 7193 7194,0,3038,0,false,true,0,0
8406,Valator,,43623,7188 7191 7192 7193 7194,0,3038,0,false,true,0,0
8407,Vaasdor,,43623,7188 7191 7192 7193 7194,0,3038,0,false,true,0,0
8408,Varosad,,43623,7188 7191 7192 7193 7194,0,3038,0,false,true,0,0
8409,Verisad,,43623,7188 7191 7192 7193 7194,0,3038,0,false,true,0,0
8410,Vudisor,,43623,7188 7191 7192 7193 7194,0,3038,0,false,true,0,0
8411,Vlatoad,,43623,7188 7191 7192 7193 7194,0,3038,0,false,true,0,0
8412,Vedolas,,43623,7188 7191 7192 7193 7194,0,3038,0,false,true,0,0
8413,Vundiar,,43623,7188 7191 7192 7193 7194,0,3038,0,false,true,0,0
8414,Versita,,43623,7188 7191 7192 7193 7194,0,3038,0,false,true,0,0
8415,Vislota,,43623,7188 7191 7192 7193 7194,0,3038,0,false,true,0,0
8416,Vanjuta,,43623,7188 7191 7192 7193 7194,0,3038,0,false,true,0,0
8417,Ivy Sophista,,31694 31609 31615 31616 31619 31610 31612,8528 8527,0,3038,0,false,false,0,0
8418,Thaerisk Cemphier,,43674,7188 7191 7192 7193 7194,0,3038,0,false,true,0,0
8419,Thaerisk Cemphier,,43674,7188 7191 7192 7193 7194,0,3038,0,false,true,0,0
8420,,,,7188 7191 7192 7193 7194,0,3038,0,false,true,0,0
8421,,,,7188 7191 7192 7193 7194,0,3038,0,false,true,0,0
8422,Assassin,,43632 43655 43603,808 819 820 821 822,0,3038,0,false,false,0,0
8423,Assassin,,43632 43655 43603,808 819 820 821 822,0,3038,0,false,false,0,0
8424,Mithril dragon,,24575 24584 24580,90 79,1080,54,0,false,true,0,0
8425,Dragon head,,44501,,,0,0,false,false,0,0
8426,Dragon head,,44500,10766,2350,3,0,false,false,0,0
8427,Dragon head,,44500,10767,2350,3,0,false,false,0,0
8428,Khazard launderer,,6848 11190 308 322 10980 10218 254 4390 181 43650,10865 10866,0,3038,0,false,true,0,0
8429,Khazard cook,,230 247 44806 151 10218 254 181,808 819 820 821 822,0,3038,0,false,false,0,0
8430,Silif,,43628,,,0,0,false,false,0,0
8431,Silif,,43612,,,0,0,false,false,0,0
8432,Silif,,43635,,,0,0,false,false,0,0
8433,Silif,,43635,7188 7191 7192 7193 7194,0,3038,0,false,true,0,0
8434,Silif,,43638 43621 43645 43609 43599 10218 246,7188 7191 7192 7193 7194,0,3038,0,false,false,0,0
8435,Shady stranger,,43617,10868 10867,0,3038,0,false,true,0,0
8436,Suspicious outsider,,43624,10868 10867,0,3038,0,false,true,0,0
8437,Elite Khazard guard,,6848 252 22314 44805 177 550 176 8748 181,808 819 820 821 822,0,3038,0,false,true,0,0
8438,Elite Khazard guard,,18192 22163 22315 44805 177 550 176 8748 181,808 819 820 821 822,0,3038,0,false,true,0,0
8439,Elite Khazard guard,,6848 32926 44807 44805 177 550 176 8748 181,808 819 820 821 822,0,3038,0,false,false,0,0
8440,Elite Khazard guard,,230 9620 44807 44805 177 550 176 8748 181,808 819 820 821 822,0,3038,0,false,false,0,0
8441,Dark Squall,,32363,7188 7191 7192 7193 7194,0,3038,0,false,false,0,0
8442,Surok Magis,,23926 214 250 23944 23916 177 23934,7188 7191 7192 7193 7194,0,3038,0,false,true,0,0
8443,Lucien,,44703 44705 44702,10763 10762,2399,17,0,false,true,0,0
8444,Druid,,31587 31572 31591 31601 31606 31578 43676 43675,10870 10871,0,3038,0,false,false,0,0
8445,Druid,,31587 31572 31591 31601 31606 31578 43676,10870 10871,0,3038,0,false,false,0,0
8446,Druid,,31587 31572 31591 31601 31606 31578 43676,10873,0,3038,0,false,false,0,0
8447,Druid bodyguard,,31590 31575 31591 31605 31606 31578,8528 8527,0,3038,0,false,false,0,0
8448,Druid bodyguard,,31590 31575 31591 31605 31606 31578,8528 8527,0,3038,0,false,false,0,0
8449,Movario,,208 11190 282 292 11767 11809 177 23251 256 181,6075 6076,0,3038,0,false,false,0,0
8450,Darve,,230 253 306 152 177 519 523 269 185,808 819 820 821 822,0,3038,0,false,false,0,0
8451,Cave goblin,,23653 40546 23629,6040 6041,1383,60,0,false,false,0,0
8452,Movario,,208 11190 282 292 11767 11809 177 256 181,808 819 820 821 822,0,3038,0,false,false,0,0
8453,Darve,,230 253 306 152 177 519 523 269 185,808 819 820 821 822,0,3038,0,false,false,0,0
8454,Light creature,,6541,2051,3,5,0,false,true,0,0
8455,Light creature,,6541,2051,3,5,0,false,true,0,0
8456,Druid spirit,,43677,8528 8527,0,3038,0,false,true,0,0
8457,Druid spirit,,43679,8528 8527,0,3038,0,false,true,0,0
8458,Druid spirit,,43678,8528 8527,0,3038,0,false,true,0,0
8459,Druid spirit,,43680,8528 8527,0,3038,0,false,true,0,0
8460,,,,195 189,319,88,0,false,true,0,0
8461,Turael,,208 251 3379 317 174 179 274 185 555,813 1205 1206 1207 1208,0,3038,0,false,false,0,0
8462,Spria,,383 3383 479 352 356 437 361 555,813 1205 1206 1207 1208,0,3038,0,false,false,0,0
8463,Mazchna,,221 246 41822 43641 5114 6639 176 182,,,0,0,false,false,0,0
8464,Mazchna,,221 306 174 176 278 182 5114 246,808 819 820 821 822,0,3038,0,false,false,0,0
8465,Achtryn,,208 8749 176 278 182 5114 246,808 819 820 821 822,0,3038,0,false,false,0,0
8466,Duradel,,231 241 246 309 33034 10218 254 181 3780 18949,808 819 820 821 822,0,3038,0,false,false,0,0
8467,Lapalok,,231 246 8928 168 10218 18132 22308 44808 18949,808 819 820 821 822,0,3038,0,false,false,0,0
8468,,,,7188 7191 7192 7193 7194,0,3038,0,false,true,0,0
8469,,,,7188 7191 7192 7193 7194,0,3038,0,false,true,0,0
8470,,,,10881,0,3038,0,false,true,0,0
8471,,,,6075 6076,0,3038,0,false,true,0,0
8472,,,,808 819 820 821 822,0,3038,0,false,true,0,0
8473,,,,6040 6041,1383,60,0,false,true,0,0
8474,,,,813 1205 1206 1207 1208,0,3038,0,false,true,0,0
8475,,,,808 819 820 821 822,0,3038,0,false,true,0,0
8476,,,,808 819 820 821 822,0,3038,0,false,true,0,0
8477,,,,808 819 820 821 822,0,3038,0,false,true,0,0
8478,,,,808 819 820 821 822,0,3038,0,false,true,0,0
8479,,,,808 819 820 821 822,0,3038,0,false,true,0,0
8480,,,,813 1205 1206 1207 1208,0,3038,0,false,true,0,0
8481,,,,808 819 820 821 822,0,3038,0,false,true,0,0
8482,,,,10898 10899,0,3038,0,false,true,0,0
8483,,,,808 819 820 821 822,0,3038,0,false,true,0,0
8484,Laidee Gnonock,,44770,8721 8722,1628,64,0,false,false,0,0
8485,Hazelmere,,44773,8726 8723,1628,64,0,false,false,0,0
8486,Undead mage,,44766,10949 5479,1291,57,0,false,true,0,0
8487,Wild broav,,44736,7728 10954,1721,9,0,false,true,0,0
8488,,,,7728 10954,1721,9,0,false,true,0,0
8489,Hazelmere,,44774,10945 8723,1628,64,0,false,false,0,0
8490,Hazelmere,,44772 44771,10945 8723,1628,64,0,false,false,0,0
8491,Broav,,44736,7728 10954,1721,9,0,false,true,0,0
8492,,,,8721 8722,1628,64,0,false,true,0,0
8493,Sithaph,,44816,2688 2689,676,5,0,false,true,0,0
8494,Strisath,,44815,2688 2689,676,5,0,false,false,0,0
8495,Sakirth,,44817,2688 2689,676,5,0,false,false,0,0
8496,Hazelmere's hat,,44627,10834,2363,2,0,false,false,0,0
8497,Lucien,,44703 44705 44702,10763 10762,2399,17,0,false,true,0,0
8498,A lazy Khazard guard,,44849,,,0,0,false,false,0,0
8499,Thanksgiving Turkey,,44852,,,0,0,false,false,0,0
8500,Cook's brother,,40332 40353 40343 40364 40370 28804,9870 9869,0,3038,0,false,true,0,0
8501,Turkey,,44852,10997 10998,2406,6,0,false,true,0,0
8502,Cactus,,44861,11006 11003,2244,18,0,false,false,0,0
8503,Cactus,,44861,11006 11003,2244,18,0,false,false,0,0
8504,Bush,,44860,11005 11002,2244,18,0,false,false,0,0
8505,Toadstool,,44858,11005 11004,2244,18,0,false,false,0,0
8506,Barrel,,44863,11005 11002,2244,18,0,false,false,0,0
8507,Bush,,44860,11005 11002,2244,18,0,false,false,0,0
8508,Crate,,44859,11005 11002,2244,18,0,false,false,0,0
8509,Bush,,44860,11005 11002,2244,18,0,false,false,0,0
8510,Rock,,44862,11005 11004,2244,18,0,false,false,0,0
8511,Bush,,44860,11005 11002,2244,18,0,false,false,0,0
8512,Marvin,,30268,171 168,1240,23,0,false,true,0,0
8513,Marius,,30268,171 168,1240,23,0,false,true,0,0
8514,Benny,,30268,171 168,1240,23,0,false,true,0,0
8515,Yeti,,45187,11036 11037,2416,6,0,false,false,0,0
8516,Yeti,,45187,11027,2416,6,0,false,false,0,0
8517,Jack Frost,,45189,808 819 820 821 822,0,3038,0,false,true,0,0
8518,Jack Frost,,45189,808 11051 11052,0,3038,0,false,true,0,0
8519,Jack Frost,,45189,11053 11052,0,3038,0,false,true,0,0
8520,Jack Frost,,6318,,,0,0,false,false,0,0
8521,,,,808 819 820 821 822,0,3038,0,false,true,0,0
8522,,,,808 819 820 821 822,0,3038,0,false,true,0,0
8523,,,,808 819 820 821 822,0,3038,0,false,true,0,0
8524,,,,808 819 820 821 822,0,3038,0,false,true,0,0
8525,,,,808 819 820 821 822,0,3038,0,false,true,0,0
8526,,,,808 819 820 821 822,0,3038,0,false,true,0,0
8527,,,,808 819 820 821 822,0,3038,0,false,true,0,0
8528,,,,808 819 820 821 822,0,3038,0,false,true,0,0
8529,,,,808 819 820 821 822,0,3038,0,false,true,0,0
8530,,,,808 819 820 821 822,0,3038,0,false,true,0,0
8531,,,,808 819 820 821 822,0,3038,0,false,true,0,0
8532,,,,808 819 820 821 822,0,3038,0,false,true,0,0
8533,,,,808 819 820 821 822,0,3038,0,false,true,0,0
8534,,,,808 819 820 821 822,0,3038,0,false,true,0,0
8535,,,,808 819 820 821 822,0,3038,0,false,true,0,0
8536,Snow imp,,30268,171 168,1240,23,0,false,true,0,0
8537,Snow imp,,30268,171 168,1240,23,0,false,true,0,0
8538,Snow imp,,30268,171 168,1240,23,0,false,true,0,0
8539,Queen of Snow,,30275,7188 6531,0,3038,0,false,false,0,0
8540,Santa Claus,,45285,11046 11047,2413,2,0,false,false,0,0
8541,Head snow imp,,45294,171 168,1240,23,0,false,false,0,0
8542,Head snow imp,,45294,171 168,1240,23,0,false,false,0,0
8543,Head snow imp,,45294,171 168,1240,23,0,false,false,0,0
8544,Isidor,,45295,813 819 820 821 822,0,3038,0,false,true,0,0
8545,Mystic,,230 43340 40157 10218 43377 8919 40152 43666,808 819 820 821 822,0,3038,0,false,false,0,0
8546,Balance Elemental,,44679,10665 10664,2397,26,0,false,false,0,0
8547,Wounded phoenix,,45412,11072 11073,2430,18,0,false,true,0,0
8548,Phoenix,,45411,11092 11094,2430,18,0,false,false,0,0
8549,Phoenix,,45412,11074 11075,2430,18,0,false,true,0,0
8550,Phoenix eggling,,45429,11083 11082,2433,7,0,false,true,0,0
8551,Phoenix eggling,,45428,11138 11139,2433,7,0,false,true,0,0
8552,Large egg,,45413,11085,2431,1,0,false,true,0,0
8553,,,6318,,,0,0,false,false,0,0
8554,,,6318,,,0,0,false,false,0,0
8555,Priest of Guthix,,45440 27153 27140 19173 11338 16473 176 45439,9734 9680,0,3038,0,false,false,0,0
8556,Brian Twitcher,,45440 27153 27140 19173 11338 16473 176 45439,,,0,0,false,false,0,0
8557,Lesser reborn warrior,,45422 45414 45416,11118 11119,2432,20,0,false,false,0,0
8558,Lesser reborn warrior,,45422 45414 45416,11131 11119,2432,20,0,false,false,0,0
8559,Greater reborn warrior,,45425 45415 45421,11118 11119,2432,20,0,false,false,0,0
8560,Greater reborn warrior,,45425 45415 45421,11131 11119,2432,20,0,false,false,0,0
8561,Lesser reborn ranger,,45427 45414 45420,11118 11119,2432,20,0,false,true,0,0
8562,Lesser reborn ranger,,45427 45414 45420,11118 11119,2432,20,0,false,true,0,0
8563,Greater reborn ranger,,45426 45415 45417,11118 11119,2432,20,0,false,true,0,0
8564,Greater reborn ranger,,45426 45415 45417,11118 11119,2432,20,0,false,true,0,0
8565,Lesser reborn mage,,45424 45414 45418,11114 11115,2432,20,0,false,true,0,0
8566,Lesser reborn mage,,45424 45414 45418,11130 11115,2432,20,0,false,true,0,0
8567,Greater reborn mage,,45423 45415 45419,11114 11115,2432,20,0,false,true,0,0
8568,Greater reborn mage,,45423 45415 45419,11130 11115,2432,20,0,false,true,0,0
8569,Lesser reborn warrior,,45422 45414 45416,11118 11119,2432,20,0,false,false,0,0
8570,Greater reborn warrior,,45425 45415 45421,11118 11119,2432,20,0,false,false,0,0
8571,Lesser reborn ranger,,45427 45414 45420,11118 11119,2432,20,0,false,true,0,0
8572,Greater reborn ranger,,45426 45415 45417,11118 11119,2432,20,0,false,true,0,0
8573,Lesser reborn mage,,45424 45414 45418,11114 11115,2432,20,0,false,true,0,0
8574,Greater reborn mage,,45423 45415 45419,11114 11115,2432,20,0,false,true,0,0
8575,Phoenix,,45411,11092 11094,2430,18,0,false,false,0,0
8576,Phoenix,,45411,11092 11094,2430,18,0,false,false,0,0
8577,Phoenix eggling,,45428,11138 11139,2433,7,0,false,true,0,0
8578,Phoenix eggling,,45429,11083 11082,2433,7,0,false,true,0,0
8579,,,,9734 9680,0,3038,0,false,true,0,0
8580,Karma the chameleon,,30533,8363 8365,1754,3,0,false,false,0,0
8581,Karma the chameleon,,30533,8363 8365,1754,3,0,false,false,0,0
8582,Karma the chameleon,,30533,8363 8365,1754,3,0,false,false,0,0
8583,Karma the chameleon,,30533,8363 8365,1754,3,0,false,false,0,0
8584,Karma the chameleon,,30533,8363 8365,1754,3,0,false,false,0,0
8585,Karma the chameleon,,30533,8363 8365,1754,3,0,false,false,0,0
8586,Karma the chameleon,,30533,8363 8365,1754,3,0,false,false,0,0
8587,Karma the chameleon,,30533,8363 8365,1754,3,0,false,false,0,0
8588,Karma the chameleon,,30533,8363 8365,1754,3,0,false,false,0,0
8589,Karma the chameleon,,30533,8363 8365,1754,3,0,false,false,0,0
8590,Geoffrey,,40336 40358 28794 40370 40344 28804 40319,3866 3865,0,3038,0,false,false,0,0
