torirs.exe : torirs: dat2 cache=cache.osrs239.rs2012 iface=161
At C:\Users\mrobe\Documents\git_repos\3d-raster\tools\qbd_shot.ps1:108 char:5
+     & ".\$Exe" --manifest ".\$Manifest" --soft3d 2>&1 | Out-File -Enc ...
+     ~~~~~~~~~~~~~~~~~~~~~~~~~~~~~~~~~~~~~~~~~~~~~~~~~
    + CategoryInfo          : NotSpecified: (torirs: dat2 ca...s2012 iface=161:String) [], RemoteException
    + FullyQualifiedErrorId : NativeCommandError
 
audio: no device; running silent
mock230: features era=osrs approach=rect op_nearest=10 ground_nearest=box10_rect
mock230: obj metadata loaded (34040 records from cache.osrs239.rs2012, 54224 params in 1270 KB)
mock230: npc metadata loaded (16349 records from cache.osrs239.rs2012, 30103 params in 705 KB)
mock230: sequence debug names loaded (0 named — falling back to pack/seq.pack, 22081 priorities)
mock230: loc configs loaded (63474 records from cache.osrs239.rs2012; 1733 param rows in 41592 bytes, 30217 names in 
569212 bytes, 17726 footprints in 141808 bytes, 8434 categories in 67472 bytes)
mock230: struct params loaded (3990 records from cache.osrs239.rs2012, 20768 rows in 878 KB)
mock230: 2886 varp(s) carry varbits
mock230: varbit table loaded (19086 records from cache.osrs239.rs2012)
mock230: 1117 param types from configs/all.param
mock230: 1 server param type(s) from 
OSRS-Content/osrs239-content/server/scripts/areas/area_mage_arena/configs/mage_arena.param
mock230: 1 server param type(s) from OSRS-Content/osrs239-content/server/scripts/doors/configs/doors.param
mock230: 1 server param type(s) from OSRS-Content/osrs239-content/server/scripts/interface_bank/configs/bank.param
mock230: 1 server param type(s) from 
OSRS-Content/osrs239-content/server/scripts/minigames/game_mortton/configs/mortton_shades.param
mock230: 1 server param type(s) from OSRS-Content/osrs239-content/server/scripts/npc/configs/npc.param
mock230: 7 server param type(s) from OSRS-Content/osrs239-content/server/scripts/player/configs/bas.param
mock230: 2 server param type(s) from 
OSRS-Content/osrs239-content/server/scripts/player/configs/consumption/consume.param
mock230: 2 server param type(s) from OSRS-Content/osrs239-content/server/scripts/player/configs/death.param
mock230: 3 server param type(s) from 
OSRS-Content/osrs239-content/server/scripts/quests/quest_fluffs/configs/quest_fluffs.param
mock230: 1 server param type(s) from 
OSRS-Content/osrs239-content/server/scripts/quests/quest_haunted/configs/quest_haunted.param
mock230: 1 server param type(s) from 
OSRS-Content/osrs239-content/server/scripts/quests/quest_hazeelcult/configs/quest_hazeelcult.param
mock230: 1 server param type(s) from 
OSRS-Content/osrs239-content/server/scripts/quests/quest_legends/configs/quest_legends.param
mock230: 1 server param type(s) from OSRS-Content/osrs239-content/server/scripts/quests/quest_mm/configs/quest_mm.param
mock230: 2 server param type(s) from 
OSRS-Content/osrs239-content/server/scripts/quests/quest_murder/configs/quest_murder.param
mock230: 1 server param type(s) from 
OSRS-Content/osrs239-content/server/scripts/quests/quest_tbwt/configs/quest_tbwt.param
mock230: 3 server param type(s) from 
OSRS-Content/osrs239-content/server/scripts/quests/quest_upass/configs/quest_upass.param
mock230: 8 server param type(s) from OSRS-Content/osrs239-content/server/scripts/skill_agility/configs/agility.param
mock230: 44 server param type(s) from OSRS-Content/osrs239-content/server/scripts/skill_combat/configs/combat.param
mock230: 12 server param type(s) from OSRS-Content/osrs239-content/server/scripts/skill_combat/configs/npc_combat.param
mock230: 2 server param type(s) from 
OSRS-Content/osrs239-content/server/scripts/skill_combat/configs/weapon_poison.param
mock230: 10 server param type(s) from 
OSRS-Content/osrs239-content/server/scripts/skill_cooking/configs/gnome_cooking/gnome_cooking.param
mock230: 2 server param type(s) from OSRS-Content/osrs239-content/server/scripts/skill_magic/configs/magic.param
mock230: 1 server param type(s) from OSRS-Content/osrs239-content/server/scripts/skill_prayer/configs/bones.param
mock230: 5862 enums from configs/all.enum
mock230: content loaded (230346 symbols, 5114 constants, 6671 npc defs, 2329 loc defs, 1143 varp defs, 1515 equip reqs 
(677 from the cache), 23140 npc spawns, 2256 obj spawns)
mock230: 13 config line(s) restate a field the client's own record carries — the cache already says it, so the overlay 
is inert
mock230: server band: npc.hitpoints stays text-loaded on 4 record(s) — the band has no wire for it
mock230: server band: npc.attack_anim stays text-loaded on 9 record(s) — the band has no wire for it
mock230: server band: npc.defend_anim stays text-loaded on 8 record(s) — the band has no wire for it
mock230: server band: npc.death_anim stays text-loaded on 9 record(s) — the band has no wire for it
mock230: server band: npc.moverestrict stays text-loaded on 19 record(s) — the band has no wire for it
mock230: server band: npc.nomove stays text-loaded on 17 record(s) — the band has no wire for it
mock230: server band: npc.huntmode stays text-loaded on 66 record(s) — the band has no wire for it
mock230: server band loaded: 8340 archive(s) verified identical to the text parse and applied (7512 overlay authored 
defs, 132 field value(s) text-only, 70 archive(s) over records the runtime never loads)
mock230: db tables loaded (296 tables, 16519 rows from cache.osrs239.rs2012; 245 schema(s) installed, 15495 row(s) 
filled; 248 archive table(s), 16790 archive row(s))
mock230: bank tables loaded (19086 varbits, bank=1410 slots)
mock230: embedded wire osrs239
Dat2SpriteLoadByName: archive 'hitmark' not found in sprites table
mock230: login user='testc' session=ok
mock230: 12899 scripts loaded from OSRS-Content/osrs239-content/server/scripts/build
mock230: ============================================================
mock230: STALE SCRIPT PACK — the tree is newer than script.dat
mock230:   OSRS-Content/osrs239-content/server/scripts/minigames/minigame_rs2012_qbd/configs/rs2012_qbd.constant
mock230:   is 3135 second(s) newer than the compiled pack.
mock230: This server is running content that does NOT match the tree.
mock230: A script you just edited is not the one about to run.
mock230: Rebuild it:  make -C src mock230-scripts
mock230: ============================================================
mock230: stated gap HINT_NPC             (first wanted by [queue,spawn_jungle_demon])
mock230: 3 engine fallback(s) still answer triggers content does not bind
mock230: content binds a trigger over a verb the engine answers itself:
  [opnpc1,doti_backupactor]          takes "Attack" without re-issuing it (P_OPNPC)
mock230: 1 script(s) shadow an engine verb — check each does the engine's job or means not to; this is a review list, 
not an error
mock230: scene built at zone 402,402 (base 3168,3168 — 8455 locs)
mock230: npc roster 23140 spawn(s), 993 standing, slot_max=993
osrs239 login: OK, local player index 1
textures: sprite-backed system (no materials table)
Failed to load dat2 texture 65535
world_load: 9 chunks, 18 underlays, 33 overlays, 36 textures, 1472 locs, 1052 models, 33 seqs
mock230: osrs239 has no UPDATE_PID -- dropping it (reported once)
mock230: cheat 'rs2012qbdmanifest' -> debugproc ran
mock230: instanced scene built at zone 804,11 (base 6384,40 — 256 source zones, 66 locs)
Failed to load dat2 idk 307
spawn_player: element=19359 tile=52,52 level=0
cs2-stub: opcode 7009 has an inherited signature (1,0,0,0) but no implementation — stack balanced, results faked 
(script 4873 pc 2)
cs2-stub: opcode 7019 has an inherited signature (1,0,0,0) but no implementation — stack balanced, results faked 
(script 4873 pc 4)
client_layout: mode=1
spawn_npc: npc=2854 element=19360 tile=54,50 level=0 size=1 recolors=1 retextures=0
spawn_npc: npc=3106 element=19361 tile=54,50 level=0 size=1 recolors=4 retextures=0
spawn_npc: npc 6709 unavailable
spawn_npc: npc=4626 element=19362 tile=54,50 level=0 size=1 recolors=6 retextures=0
spawn_npc: npc=3105 element=19363 tile=54,50 level=0 size=1 recolors=6 retextures=0
spawn_npc: npc=3111 element=19364 tile=54,50 level=0 size=1 recolors=3 retextures=0
spawn_npc: npc=2854 element=19365 tile=54,50 level=0 size=1 recolors=1 retextures=0
spawn_npc: npc=3106 element=19366 tile=54,50 level=0 size=1 recolors=4 retextures=0
spawn_npc: npc=3108 element=19367 tile=54,50 level=0 size=1 recolors=2 retextures=0
spawn_npc: npc 6709 unavailable
spawn_npc: npc 7458 unavailable
spawn_npc: npc=5007 element=19368 tile=54,50 level=0 size=1 recolors=0 retextures=0
spawn_npc: npc=6816 element=19369 tile=54,50 level=0 size=1 recolors=3 retextures=0
spawn_npc: npc=3106 element=19370 tile=54,50 level=0 size=1 recolors=4 retextures=0
spawn_npc: npc 317 unavailable
spawn_npc: npc 7457 unavailable
spawn_npc: npc=2854 element=19371 tile=54,50 level=0 size=1 recolors=1 retextures=0
spawn_npc: npc=311 element=19372 tile=54,50 level=0 size=1 recolors=6 retextures=0
spawn_npc: npc=10619 element=19373 tile=54,50 level=0 size=1 recolors=5 retextures=0
spawn_npc: npc=3111 element=19374 tile=54,50 level=0 size=1 recolors=3 retextures=0
spawn_npc: npc=3112 element=19375 tile=54,50 level=0 size=1 recolors=5 retextures=0
spawn_npc: npc=5523 element=19376 tile=54,50 level=0 size=1 recolors=3 retextures=0
spawn_npc: npc 119 unavailable
spawn_npc: npc=3107 element=19377 tile=54,50 level=0 size=1 recolors=3 retextures=0
spawn_npc: npc 6709 unavailable
spawn_npc: npc=2854 element=19378 tile=54,50 level=0 size=1 recolors=1 retextures=0
spawn_npc: npc=2854 element=19379 tile=54,50 level=0 size=1 recolors=1 retextures=0
spawn_npc: npc 6709 unavailable
spawn_npc: npc=921 element=19380 tile=54,50 level=0 size=1 recolors=3 retextures=0
message_game: The Queen Black Dragon is sleeping. Her breathing shakes the chamber.
message_game: Welcome to the mock 230 world.
message_game: Click to walk. Right-click an npc to talk.
message_game: Welcome to Lumbridge.
message_game: Goblins east of the river. Guards on the Al Kharid road.
message_game: Try ::style 1 for aggressive, or ::setlevel 2 40 for some strength.
message_game: A crop circle is active near Doric's Hut.
world_load: 1 chunks, 3 underlays, 3 overlays, 21 textures, 25 locs, 14 models, 2 seqs
raster_tex_alpha: faces=1 id=449
raster_tex_alpha: faces=501 id=378
raster_tex_alpha: faces=1001 id=374
raster_tex_alpha: faces=1501 id=408
raster_tex_alpha: faces=2001 id=449
raster_tex_alpha: faces=2501 id=268
raster_tex_alpha: faces=3001 id=378
raster_tex_alpha: faces=3501 id=406
spawn_npc: npc=0 element=19380 tile=49,52 level=1 size=1 recolors=0 retextures=0
raster_tex_alpha: faces=4001 id=458
raster_tex_alpha: faces=4501 id=374
raster_tex_alpha: faces=5001 id=374
raster_tex_alpha: faces=5501 id=406
raster_tex_skip: first miss id=389
raster_tex_skip: total=1 id=389 (count=1)
raster_tex_skip: first miss id=281
raster_tex_alpha: faces=6001 id=378
raster_tex_skip: first miss id=355
raster_tex_skip: first miss id=433
raster_tex_skip: first miss id=334
raster_tex_skip: first miss id=348
raster_tex_skip: first miss id=459
raster_tex_skip: first miss id=302
raster_tex_skip: first miss id=303
raster_tex_skip: first miss id=394
raster_tex_skip: first miss id=395
raster_tex_skip: first miss id=380
raster_tex_alpha: faces=6501 id=378
raster_tex_skip: total=501 id=395 (count=11)
raster_tex_skip: total=1001 id=281 (count=86)
raster_tex_alpha: faces=7001 id=378
raster_tex_skip: first miss id=369
raster_tex_skip: total=1501 id=394 (count=171)
raster_tex_skip: first miss id=358
raster_tex_skip: total=2001 id=369 (count=177)
raster_tex_skip: first miss id=402
raster_tex_skip: total=2501 id=389 (count=532)
raster_tex_alpha: faces=7501 id=378
raster_tex_skip: total=3001 id=369 (count=927)
raster_tex_skip: total=3501 id=369 (count=1342)
raster_tex_skip: total=4001 id=459 (count=124)
raster_tex_alpha: faces=8001 id=239
raster_tex_alpha: faces=8501 id=378
raster_tex_alpha: faces=9001 id=378
raster_tex_alpha: faces=9501 id=458
raster_tex_alpha: faces=10001 id=378
raster_tex_alpha: faces=10501 id=394
raster_tex_alpha: faces=11001 id=459
raster_tex_alpha: faces=11501 id=378
raster_tex_alpha: faces=12001 id=378
raster_tex_alpha: faces=12501 id=378
raster_tex_alpha: faces=13001 id=389
raster_tex_alpha: faces=13501 id=459
raster_tex_alpha: faces=14001 id=449
raster_tex_alpha: faces=14501 id=268
raster_tex_alpha: faces=15001 id=374
raster_tex_alpha: faces=15501 id=449
raster_tex_alpha: faces=16001 id=378
raster_tex_alpha: faces=16501 id=378
raster_tex_alpha: faces=17001 id=378
raster_tex_alpha: faces=17501 id=348
raster_tex_alpha: faces=18001 id=281
raster_tex_alpha: faces=18501 id=378
raster_tex_alpha: faces=19001 id=334
raster_tex_alpha: faces=19501 id=394
raster_tex_alpha: faces=20001 id=458
raster_tex_alpha: faces=20501 id=374
raster_tex_alpha: faces=21001 id=374
raster_tex_alpha: faces=21501 id=406
raster_tex_alpha: faces=22001 id=378
raster_tex_alpha: faces=22501 id=378
raster_tex_alpha: faces=23001 id=378
raster_tex_alpha: faces=23501 id=433
raster_tex_alpha: faces=24001 id=394
raster_tex_alpha: faces=24501 id=389
raster_tex_alpha: faces=25001 id=394
raster_tex_alpha: faces=25501 id=433
raster_tex_alpha: faces=26001 id=449
raster_tex_alpha: faces=26501 id=374
raster_tex_alpha: faces=27001 id=378
raster_tex_alpha: faces=27501 id=408
raster_tex_alpha: faces=28001 id=378
raster_tex_alpha: faces=28501 id=348
raster_tex_alpha: faces=29001 id=389
raster_tex_alpha: faces=29501 id=348
raster_tex_alpha: faces=30001 id=281
raster_tex_alpha: faces=30501 id=378
raster_tex_alpha: faces=31001 id=433
raster_tex_alpha: faces=31501 id=433
raster_tex_alpha: faces=32001 id=450
raster_tex_alpha: faces=32501 id=374
raster_tex_alpha: faces=33001 id=378
raster_tex_alpha: faces=33501 id=406
raster_tex_alpha: faces=34001 id=389
raster_tex_alpha: faces=34501 id=348
raster_tex_alpha: faces=35001 id=378
raster_tex_alpha: faces=35501 id=378
raster_tex_alpha: faces=36001 id=380
raster_tex_alpha: faces=36501 id=378
raster_tex_alpha: faces=37001 id=394
raster_tex_alpha: faces=37501 id=378
raster_tex_alpha: faces=38001 id=449
raster_tex_alpha: faces=38501 id=374
raster_tex_alpha: faces=39001 id=378
raster_tex_alpha: faces=39501 id=407
raster_tex_alpha: faces=40001 id=378
raster_tex_alpha: faces=40501 id=433
raster_tex_alpha: faces=41001 id=378
raster_tex_alpha: faces=41501 id=348
raster_tex_alpha: faces=42001 id=281
raster_tex_alpha: faces=42501 id=378
raster_tex_alpha: faces=43001 id=395
raster_tex_alpha: faces=43501 id=389
raster_tex_alpha: faces=44001 id=402
raster_tex_alpha: faces=44501 id=378
raster_tex_alpha: faces=45001 id=378
raster_tex_alpha: faces=45501 id=406
raster_tex_alpha: faces=46001 id=378
raster_tex_alpha: faces=46501 id=348
raster_tex_alpha: faces=47001 id=378
raster_tex_alpha: faces=47501 id=302
raster_tex_alpha: faces=48001 id=378
raster_tex_alpha: faces=48501 id=355
raster_tex_alpha: faces=49001 id=378
raster_tex_alpha: faces=49501 id=378
raster_tex_alpha: faces=50001 id=402
raster_tex_alpha: faces=50501 id=450
raster_tex_alpha: faces=51001 id=378
raster_tex_alpha: faces=51501 id=378
raster_tex_alpha: faces=52001 id=450
raster_tex_alpha: faces=52501 id=281
raster_tex_alpha: faces=53001 id=378
raster_tex_alpha: faces=53501 id=302
raster_tex_alpha: faces=54001 id=378
raster_tex_alpha: faces=54501 id=355
raster_tex_alpha: faces=55001 id=389
raster_tex_alpha: faces=55501 id=380
raster_tex_alpha: faces=56001 id=378
raster_tex_alpha: faces=56501 id=449
raster_tex_alpha: faces=57001 id=374
raster_tex_alpha: faces=57501 id=378
raster_tex_alpha: faces=58001 id=450
raster_tex_alpha: faces=58501 id=378
raster_tex_alpha: faces=59001 id=303
raster_tex_alpha: faces=59501 id=348
raster_tex_alpha: faces=60001 id=378
raster_tex_alpha: faces=60501 id=378
raster_tex_alpha: faces=61001 id=389
raster_tex_alpha: faces=61501 id=389
raster_tex_alpha: faces=62001 id=378
raster_tex_alpha: faces=62501 id=450
raster_tex_alpha: faces=63001 id=374
raster_tex_alpha: faces=63501 id=374
raster_tex_alpha: faces=64001 id=406
raster_tex_alpha: faces=64501 id=355
raster_tex_alpha: faces=65001 id=378
raster_tex_alpha: faces=65501 id=378
raster_tex_alpha: faces=66001 id=303
raster_tex_alpha: faces=66501 id=389
raster_tex_alpha: faces=67001 id=378
raster_tex_alpha: faces=67501 id=380
raster_tex_alpha: faces=68001 id=459
raster_tex_alpha: faces=68501 id=450
raster_tex_alpha: faces=69001 id=378
raster_tex_alpha: faces=69501 id=378
raster_tex_alpha: faces=70001 id=408
raster_tex_alpha: faces=70501 id=389
raster_tex_alpha: faces=71001 id=378
raster_tex_alpha: faces=71501 id=459
raster_tex_alpha: faces=72001 id=348
raster_tex_alpha: faces=72501 id=389
raster_tex_alpha: faces=73001 id=389
raster_tex_alpha: faces=73501 id=394
raster_tex_alpha: faces=74001 id=378
raster_tex_alpha: faces=74501 id=450
raster_tex_alpha: faces=75001 id=378
raster_tex_alpha: faces=75501 id=268
raster_tex_alpha: faces=76001 id=408
raster_tex_alpha: faces=76501 id=378
raster_tex_alpha: faces=77001 id=348
raster_tex_alpha: faces=77501 id=394
raster_tex_alpha: faces=78001 id=348
raster_tex_alpha: faces=78501 id=433
raster_tex_alpha: faces=79001 id=433
raster_tex_alpha: faces=79501 id=389
raster_tex_alpha: faces=80001 id=395
raster_tex_alpha: faces=80501 id=450
raster_tex_alpha: faces=81001 id=378
raster_tex_alpha: faces=81501 id=378
raster_tex_alpha: faces=82001 id=406
raster_tex_alpha: faces=82501 id=378
raster_tex_alpha: faces=83001 id=378
raster_tex_alpha: faces=83501 id=378
raster_tex_alpha: faces=84001 id=389
raster_tex_alpha: faces=84501 id=302
raster_tex_alpha: faces=85001 id=380
raster_tex_alpha: faces=85501 id=459
raster_tex_alpha: faces=86001 id=378
raster_tex_alpha: faces=86501 id=402
raster_tex_alpha: faces=87001 id=374
raster_tex_alpha: faces=87501 id=378
raster_tex_alpha: faces=88001 id=408
raster_tex_alpha: faces=88501 id=378
raster_tex_alpha: faces=89001 id=355
raster_tex_alpha: faces=89501 id=389
raster_tex_alpha: faces=90001 id=378
raster_tex_alpha: faces=90501 id=302
raster_tex_alpha: faces=91001 id=378
raster_tex_alpha: faces=91501 id=378
raster_tex_alpha: faces=92001 id=380
raster_tex_alpha: faces=92501 id=402
raster_tex_alpha: faces=93001 id=447
raster_tex_alpha: faces=93501 id=378
raster_tex_alpha: faces=94001 id=378
raster_tex_alpha: faces=94501 id=447
raster_tex_alpha: faces=95001 id=348
raster_tex_alpha: faces=95501 id=302
raster_tex_alpha: faces=96001 id=459
raster_tex_alpha: faces=96501 id=378
raster_tex_alpha: faces=97001 id=394
raster_tex_alpha: faces=97501 id=394
raster_tex_alpha: faces=98001 id=378
raster_tex_alpha: faces=98501 id=378
raster_tex_alpha: faces=99001 id=449
raster_tex_alpha: faces=99501 id=378
raster_tex_alpha: faces=100001 id=378
raster_tex_alpha: faces=100501 id=449
raster_tex_alpha: faces=101001 id=378
raster_tex_alpha: faces=101501 id=378
raster_tex_alpha: faces=102001 id=394
raster_tex_alpha: faces=102501 id=459
raster_tex_alpha: faces=103001 id=355
raster_tex_alpha: faces=103501 id=380
raster_tex_alpha: faces=104001 id=334
raster_tex_alpha: faces=104501 id=394
raster_tex_alpha: faces=105001 id=450
raster_tex_alpha: faces=105501 id=268
raster_tex_alpha: faces=106001 id=378
raster_tex_alpha: faces=106501 id=408
raster_tex_alpha: faces=107001 id=389
raster_tex_alpha: faces=107501 id=348
raster_tex_alpha: faces=108001 id=378
raster_tex_alpha: faces=108501 id=348
raster_tex_alpha: faces=109001 id=394
raster_tex_alpha: faces=109501 id=389
raster_tex_alpha: faces=110001 id=389
raster_tex_alpha: faces=110501 id=378
raster_tex_alpha: faces=111001 id=450
raster_tex_alpha: faces=111501 id=378
raster_tex_alpha: faces=112001 id=378
raster_tex_alpha: faces=112501 id=406
raster_tex_alpha: faces=113001 id=378
raster_tex_alpha: faces=113501 id=348
raster_tex_alpha: faces=114001 id=378
raster_tex_alpha: faces=114501 id=378
raster_tex_alpha: faces=115001 id=378
raster_tex_alpha: faces=115501 id=389
raster_tex_alpha: faces=116001 id=389
raster_tex_alpha: faces=116501 id=334
raster_tex_alpha: faces=117001 id=447
raster_tex_alpha: faces=117501 id=374
raster_tex_alpha: faces=118001 id=378
raster_tex_alpha: faces=118501 id=408
raster_tex_alpha: faces=119001 id=389
raster_tex_alpha: faces=119501 id=433
raster_tex_alpha: faces=120001 id=378
raster_tex_alpha: faces=120501 id=378
raster_tex_alpha: faces=121001 id=378
raster_tex_alpha: faces=121501 id=378
raster_tex_alpha: faces=122001 id=389
raster_tex_alpha: faces=122501 id=395
raster_tex_alpha: faces=123001 id=449
raster_tex_alpha: faces=123501 id=378
raster_tex_alpha: faces=124001 id=374
raster_tex_alpha: faces=124501 id=406
raster_tex_alpha: faces=125001 id=378
raster_tex_alpha: faces=125501 id=378
raster_tex_alpha: faces=126001 id=378
raster_tex_alpha: faces=126501 id=378
raster_tex_alpha: faces=127001 id=302
raster_tex_alpha: faces=127501 id=459
raster_tex_alpha: faces=128001 id=378
raster_tex_alpha: faces=128501 id=389
raster_tex_alpha: faces=129001 id=380
raster_tex_alpha: faces=129501 id=374
raster_tex_alpha: faces=130001 id=378
raster_tex_alpha: faces=130501 id=406
raster_tex_alpha: faces=131001 id=378
raster_tex_alpha: faces=131501 id=348
raster_tex_alpha: faces=132001 id=378
raster_tex_alpha: faces=132501 id=378
raster_tex_alpha: faces=133001 id=389
raster_tex_alpha: faces=133501 id=378
raster_tex_alpha: faces=134001 id=378
raster_tex_alpha: faces=134501 id=380
raster_tex_alpha: faces=135001 id=402
raster_tex_alpha: faces=135501 id=447
raster_tex_alpha: faces=136001 id=378
raster_tex_alpha: faces=136501 id=378
raster_tex_alpha: faces=137001 id=447
raster_tex_alpha: faces=137501 id=348
raster_tex_alpha: faces=138001 id=302
raster_tex_alpha: faces=138501 id=302
raster_tex_alpha: faces=139001 id=433
raster_tex_alpha: faces=139501 id=355
raster_tex_alpha: faces=140001 id=378
raster_tex_alpha: faces=140501 id=433
raster_tex_alpha: faces=141001 id=394
message_game: The Queen Black Dragon stirs from her sleep...
raster_tex_alpha: faces=141501 id=450
raster_tex_alpha: faces=142001 id=374
raster_tex_alpha: faces=142501 id=374
raster_tex_alpha: faces=143001 id=449
raster_tex_alpha: faces=143501 id=378
raster_tex_alpha: faces=144001 id=378
raster_tex_alpha: faces=144501 id=378
raster_tex_alpha: faces=145001 id=348
raster_tex_alpha: faces=145501 id=378
raster_tex_alpha: faces=146001 id=394
raster_tex_alpha: faces=146501 id=389
raster_tex_alpha: faces=147001 id=394
raster_tex_alpha: faces=147501 id=450
raster_tex_alpha: faces=148001 id=374
raster_tex_alpha: faces=148501 id=378
raster_tex_alpha: faces=149001 id=406
raster_tex_alpha: faces=149501 id=389
raster_tex_alpha: faces=150001 id=348
raster_tex_alpha: faces=150501 id=394
raster_tex_alpha: faces=151001 id=303
raster_tex_alpha: faces=151501 id=378
raster_tex_alpha: faces=152001 id=394
raster_tex_alpha: faces=152501 id=358
raster_tex_alpha: faces=153001 id=378
raster_tex_alpha: faces=153501 id=450
raster_tex_alpha: faces=154001 id=374
raster_tex_alpha: faces=154501 id=378
raster_tex_alpha: faces=155001 id=406
raster_tex_alpha: faces=155501 id=378
raster_tex_alpha: faces=156001 id=378
raster_tex_alpha: faces=156501 id=348
raster_tex_alpha: faces=157001 id=378
raster_tex_alpha: faces=157501 id=389
raster_tex_alpha: faces=158001 id=378
raster_tex_alpha: faces=158501 id=394
raster_tex_alpha: faces=159001 id=334
raster_tex_alpha: faces=159501 id=450
raster_tex_alpha: faces=160001 id=374
raster_tex_alpha: faces=160501 id=378
raster_tex_alpha: faces=161001 id=406
raster_tex_alpha: faces=161501 id=378
raster_tex_alpha: faces=162001 id=433
raster_tex_alpha: faces=162501 id=433
raster_tex_alpha: faces=163001 id=389
raster_tex_alpha: faces=163501 id=394
raster_tex_alpha: faces=164001 id=378
raster_tex_alpha: faces=164501 id=378
raster_tex_alpha: faces=165001 id=389
raster_tex_alpha: faces=165501 id=449
raster_tex_alpha: faces=166001 id=374
raster_tex_alpha: faces=166501 id=374
raster_tex_alpha: faces=167001 id=406
raster_tex_alpha: faces=167501 id=378
raster_tex_alpha: faces=168001 id=348
raster_tex_alpha: faces=168501 id=394
raster_tex_alpha: faces=169001 id=348
raster_tex_alpha: faces=169501 id=302
raster_tex_alpha: faces=170001 id=378
raster_tex_alpha: faces=170501 id=380
raster_tex_alpha: faces=171001 id=389
raster_tex_alpha: faces=171501 id=402
raster_tex_alpha: faces=172001 id=378
raster_tex_alpha: faces=172501 id=378
raster_tex_alpha: faces=173001 id=378
raster_tex_alpha: faces=173501 id=378
raster_tex_alpha: faces=174001 id=433
raster_tex_alpha: faces=174501 id=378
raster_tex_alpha: faces=175001 id=389
raster_tex_alpha: faces=175501 id=378
raster_tex_alpha: faces=176001 id=378
raster_tex_alpha: faces=176501 id=378
raster_tex_alpha: faces=177001 id=378
raster_tex_alpha: faces=177501 id=402
raster_tex_alpha: faces=178001 id=450
raster_tex_alpha: faces=178501 id=378
raster_tex_alpha: faces=179001 id=378
raster_tex_alpha: faces=179501 id=449
raster_tex_alpha: faces=180001 id=389
raster_tex_alpha: faces=180501 id=378
raster_tex_alpha: faces=181001 id=378
raster_tex_alpha: faces=181501 id=348
raster_tex_alpha: faces=182001 id=433
raster_tex_alpha: faces=182501 id=394
raster_tex_alpha: faces=183001 id=334
raster_tex_alpha: faces=183501 id=394
raster_tex_alpha: faces=184001 id=449
raster_tex_alpha: faces=184501 id=374
raster_tex_alpha: faces=185001 id=268
raster_tex_alpha: faces=185501 id=449
raster_tex_alpha: faces=186001 id=378
raster_tex_alpha: faces=186501 id=378
raster_tex_alpha: faces=187001 id=394
raster_tex_alpha: faces=187501 id=355
raster_tex_alpha: faces=188001 id=378
raster_tex_alpha: faces=188501 id=378
raster_tex_alpha: faces=189001 id=334
raster_tex_alpha: faces=189501 id=358
raster_tex_alpha: faces=190001 id=449
raster_tex_alpha: faces=190501 id=268
raster_tex_alpha: faces=191001 id=374
raster_tex_alpha: faces=191501 id=406
raster_tex_alpha: faces=192001 id=378
raster_tex_alpha: faces=192501 id=348
raster_tex_alpha: faces=193001 id=394
raster_tex_alpha: faces=193501 id=378
raster_tex_alpha: faces=194001 id=378
raster_tex_alpha: faces=194501 id=389
raster_tex_alpha: faces=195001 id=389
raster_tex_alpha: faces=195501 id=378
raster_tex_alpha: faces=196001 id=239
raster_tex_alpha: faces=196501 id=374
raster_tex_alpha: faces=197001 id=378
raster_tex_alpha: faces=197501 id=406
raster_tex_alpha: faces=198001 id=378
raster_tex_alpha: faces=198501 id=433
raster_tex_alpha: faces=199001 id=378
raster_tex_alpha: faces=199501 id=281
raster_tex_alpha: faces=200001 id=334
raster_tex_alpha: faces=200501 id=389
raster_tex_alpha: faces=201001 id=389
raster_tex_alpha: faces=201501 id=378
raster_tex_alpha: faces=202001 id=449
raster_tex_alpha: faces=202501 id=378
raster_tex_alpha: faces=203001 id=378
raster_tex_alpha: faces=203501 id=408
raster_tex_alpha: faces=204001 id=281
raster_tex_alpha: faces=204501 id=281
raster_tex_alpha: faces=205001 id=394
raster_tex_alpha: faces=205501 id=378
raster_tex_alpha: faces=206001 id=394
raster_tex_alpha: faces=206501 id=378
raster_tex_alpha: faces=207001 id=389
raster_tex_alpha: faces=207501 id=378
raster_tex_alpha: faces=208001 id=402
raster_tex_alpha: faces=208501 id=378
raster_tex_alpha: faces=209001 id=378
raster_tex_alpha: faces=209501 id=406
raster_tex_alpha: faces=210001 id=378
raster_tex_alpha: faces=210501 id=348
raster_tex_alpha: faces=211001 id=378
raster_tex_alpha: faces=211501 id=302
raster_tex_alpha: faces=212001 id=355
raster_tex_alpha: faces=212501 id=378
raster_tex_alpha: faces=213001 id=395
raster_tex_alpha: faces=213501 id=389
raster_tex_alpha: faces=214001 id=402
raster_tex_alpha: faces=214501 id=239
raster_tex_alpha: faces=215001 id=378
raster_tex_alpha: faces=215501 id=378
raster_tex_alpha: faces=216001 id=458
raster_tex_alpha: faces=216501 id=281
raster_tex_alpha: faces=217001 id=303
raster_tex_alpha: faces=217501 id=378
raster_tex_alpha: faces=218001 id=378
raster_tex_alpha: faces=218501 id=378
raster_tex_alpha: faces=219001 id=380
raster_tex_alpha: faces=219501 id=389
raster_tex_alpha: faces=220001 id=459
raster_tex_alpha: faces=220501 id=449
raster_tex_alpha: faces=221001 id=268
raster_tex_alpha: faces=221501 id=374
raster_tex_alpha: faces=222001 id=449
raster_tex_alpha: faces=222501 id=378
raster_tex_alpha: faces=223001 id=378
raster_tex_alpha: faces=223501 id=348
raster_tex_alpha: faces=224001 id=348
raster_tex_alpha: faces=224501 id=378
raster_tex_alpha: faces=225001 id=389
raster_tex_alpha: faces=225501 id=378
raster_tex_alpha: faces=226001 id=394
raster_tex_alpha: faces=226501 id=239
raster_tex_alpha: faces=227001 id=378
raster_tex_alpha: faces=227501 id=374
raster_tex_alpha: faces=228001 id=406
raster_tex_alpha: faces=228501 id=389
raster_tex_alpha: faces=229001 id=378
raster_tex_alpha: faces=229501 id=378
raster_tex_alpha: faces=230001 id=378
raster_tex_alpha: faces=230501 id=389
raster_tex_alpha: faces=231001 id=389
raster_tex_alpha: faces=231501 id=378
raster_tex_alpha: faces=232001 id=395
raster_tex_alpha: faces=232501 id=449
raster_tex_alpha: faces=233001 id=374
raster_tex_alpha: faces=233501 id=378
raster_tex_alpha: faces=234001 id=407
raster_tex_alpha: faces=234501 id=378
raster_tex_alpha: faces=235001 id=348
raster_tex_alpha: faces=235501 id=303
raster_tex_alpha: faces=236001 id=348
raster_tex_alpha: faces=236501 id=334
raster_tex_alpha: faces=237001 id=394
raster_tex_alpha: faces=237501 id=334
raster_tex_alpha: faces=238001 id=334
raster_tex_alpha: faces=238501 id=449
raster_tex_alpha: faces=239001 id=374
raster_tex_alpha: faces=239501 id=374
raster_tex_alpha: faces=240001 id=406
raster_tex_alpha: faces=240501 id=378
raster_tex_alpha: faces=241001 id=348
raster_tex_alpha: faces=241501 id=394
raster_tex_alpha: faces=242001 id=394
raster_tex_alpha: faces=242501 id=389
raster_tex_alpha: faces=243001 id=378
raster_tex_alpha: faces=243501 id=394
raster_tex_alpha: faces=244001 id=378
raster_tex_alpha: faces=244501 id=449
raster_tex_alpha: faces=245001 id=374
raster_tex_alpha: faces=245501 id=268
raster_tex_alpha: faces=246001 id=408
raster_tex_alpha: faces=246501 id=378
raster_tex_alpha: faces=247001 id=378
raster_tex_alpha: faces=247501 id=378
raster_tex_alpha: faces=248001 id=378
raster_tex_alpha: faces=248501 id=389
raster_tex_alpha: faces=249001 id=378
raster_tex_alpha: faces=249501 id=378
raster_tex_alpha: faces=250001 id=389
raster_tex_alpha: faces=250501 id=449
raster_tex_alpha: faces=251001 id=378
raster_tex_alpha: faces=251501 id=374
raster_tex_alpha: faces=252001 id=406
raster_tex_alpha: faces=252501 id=378
raster_tex_alpha: faces=253001 id=459
raster_tex_alpha: faces=253501 id=378
raster_tex_alpha: faces=254001 id=378
raster_tex_alpha: faces=254501 id=378
raster_tex_alpha: faces=255001 id=378
raster_tex_alpha: faces=255501 id=378
raster_tex_alpha: faces=256001 id=389
raster_tex_alpha: faces=256501 id=402
raster_tex_alpha: faces=257001 id=378
raster_tex_alpha: faces=257501 id=378
raster_tex_alpha: faces=258001 id=378
raster_tex_alpha: faces=258501 id=378
raster_tex_alpha: faces=259001 id=378
raster_tex_alpha: faces=259501 id=394
raster_tex_alpha: faces=260001 id=378
raster_tex_alpha: faces=260501 id=378
raster_tex_alpha: faces=261001 id=378
raster_tex_alpha: faces=261501 id=389
raster_tex_alpha: faces=262001 id=389
raster_tex_alpha: faces=262501 id=402
raster_tex_alpha: faces=263001 id=450
raster_tex_alpha: faces=263501 id=268
raster_tex_alpha: faces=264001 id=378
raster_tex_alpha: faces=264501 id=450
raster_tex_alpha: faces=265001 id=355
raster_tex_alpha: faces=265501 id=378
raster_tex_alpha: faces=266001 id=389
raster_tex_alpha: faces=266501 id=378
raster_tex_alpha: faces=267001 id=394
raster_tex_alpha: faces=267501 id=433
raster_tex_alpha: faces=268001 id=378
raster_tex_alpha: faces=268501 id=394
raster_tex_alpha: faces=269001 id=449
raster_tex_alpha: faces=269501 id=374
raster_tex_alpha: faces=270001 id=268
raster_tex_alpha: faces=270501 id=450
raster_tex_alpha: faces=271001 id=378
raster_tex_alpha: faces=271501 id=378
raster_tex_alpha: faces=272001 id=378
raster_tex_alpha: faces=272501 id=348
raster_tex_alpha: faces=273001 id=355
raster_tex_alpha: faces=273501 id=394
raster_tex_alpha: faces=274001 id=334
raster_tex_alpha: faces=274501 id=378
raster_tex_alpha: faces=275001 id=450
raster_tex_alpha: faces=275501 id=378
raster_tex_alpha: faces=276001 id=374
raster_tex_alpha: faces=276501 id=406
raster_tex_alpha: faces=277001 id=378
raster_tex_alpha: faces=277501 id=348
raster_tex_alpha: faces=278001 id=378
raster_tex_alpha: faces=278501 id=303
raster_tex_alpha: faces=279001 id=378
raster_tex_alpha: faces=279501 id=378
raster_tex_alpha: faces=280001 id=334
raster_tex_alpha: faces=280501 id=459
raster_tex_alpha: faces=281001 id=449
raster_tex_alpha: faces=281501 id=374
raster_tex_alpha: faces=282001 id=378
raster_tex_alpha: faces=282501 id=406
raster_tex_alpha: faces=283001 id=355
raster_tex_alpha: faces=283501 id=281
raster_tex_alpha: faces=284001 id=378
raster_tex_alpha: faces=284501 id=378
raster_tex_alpha: faces=285001 id=378
raster_tex_alpha: faces=285501 id=389
raster_tex_alpha: faces=286001 id=334
raster_tex_alpha: faces=286501 id=378
raster_tex_alpha: faces=287001 id=450
raster_tex_alpha: faces=287501 id=378
raster_tex_alpha: faces=288001 id=378
raster_tex_alpha: faces=288501 id=408
raster_tex_alpha: faces=289001 id=378
raster_tex_alpha: faces=289501 id=348
raster_tex_alpha: faces=290001 id=378
raster_tex_alpha: faces=290501 id=378
raster_tex_alpha: faces=291001 id=433
raster_tex_alpha: faces=291501 id=378
raster_tex_alpha: faces=292001 id=378
raster_tex_alpha: faces=292501 id=380
raster_tex_alpha: faces=293001 id=450
raster_tex_alpha: faces=293501 id=378
raster_tex_alpha: faces=294001 id=378
raster_tex_alpha: faces=294501 id=406
raster_tex_alpha: faces=295001 id=378
raster_tex_alpha: faces=295501 id=378
raster_tex_alpha: faces=296001 id=378
raster_tex_alpha: faces=296501 id=389
raster_tex_alpha: faces=297001 id=378
raster_tex_alpha: faces=297501 id=378
raster_tex_alpha: faces=298001 id=334
raster_tex_alpha: faces=298501 id=389
raster_tex_alpha: faces=299001 id=380
raster_tex_alpha: faces=299501 id=378
raster_tex_alpha: faces=300001 id=378
raster_tex_alpha: faces=300501 id=406
raster_tex_alpha: faces=301001 id=378
raster_tex_alpha: faces=301501 id=378
raster_tex_alpha: faces=302001 id=378
raster_tex_alpha: faces=302501 id=378
raster_tex_alpha: faces=303001 id=378
raster_tex_alpha: faces=303501 id=378
raster_tex_alpha: faces=304001 id=389
raster_tex_alpha: faces=304501 id=378
raster_tex_alpha: faces=305001 id=402
raster_tex_alpha: faces=305501 id=458
raster_tex_alpha: faces=306001 id=378
raster_tex_alpha: faces=306501 id=378
raster_tex_alpha: faces=307001 id=450
raster_tex_alpha: faces=307501 id=355
raster_tex_alpha: faces=308001 id=378
raster_tex_alpha: faces=308501 id=389
raster_tex_alpha: faces=309001 id=378
raster_tex_alpha: faces=309501 id=378
raster_tex_alpha: faces=310001 id=378
raster_tex_alpha: faces=310501 id=389
raster_tex_alpha: faces=311001 id=395
raster_tex_alpha: faces=311501 id=449
raster_tex_alpha: faces=312001 id=374
raster_tex_alpha: faces=312501 id=378
raster_tex_alpha: faces=313001 id=449
raster_tex_alpha: faces=313501 id=281
raster_tex_alpha: faces=314001 id=378
raster_tex_alpha: faces=314501 id=378
raster_tex_alpha: faces=315001 id=395
raster_tex_alpha: faces=315501 id=378
raster_tex_alpha: faces=316001 id=394
raster_tex_alpha: faces=316501 id=380
raster_tex_alpha: faces=317001 id=459
raster_tex_alpha: faces=317501 id=458
raster_tex_alpha: faces=318001 id=374
raster_tex_alpha: faces=318501 id=374
raster_tex_alpha: faces=319001 id=406
raster_tex_alpha: faces=319501 id=378
raster_tex_alpha: faces=320001 id=378
raster_tex_alpha: faces=320501 id=378
raster_tex_alpha: faces=321001 id=348
raster_tex_alpha: faces=321501 id=281
raster_tex_alpha: faces=322001 id=394
raster_tex_alpha: faces=322501 id=389
raster_tex_alpha: faces=323001 id=358
raster_tex_alpha: faces=323501 id=449
raster_tex_alpha: faces=324001 id=378
raster_tex_alpha: faces=324501 id=378
raster_tex_alpha: faces=325001 id=406
raster_tex_alpha: faces=325501 id=378
raster_tex_alpha: faces=326001 id=378
raster_tex_alpha: faces=326501 id=378
raster_tex_alpha: faces=327001 id=395
raster_tex_alpha: faces=327501 id=394
raster_tex_alpha: faces=328001 id=389
raster_tex_alpha: faces=328501 id=334
raster_tex_alpha: faces=329001 id=402
raster_tex_alpha: faces=329501 id=239
raster_tex_alpha: faces=330001 id=374
raster_tex_alpha: faces=330501 id=378
raster_tex_alpha: faces=331001 id=408
raster_tex_alpha: faces=331501 id=378
raster_tex_alpha: faces=332001 id=348
raster_tex_alpha: faces=332501 id=378
raster_tex_alpha: faces=333001 id=378
raster_tex_alpha: faces=333501 id=378
raster_tex_alpha: faces=334001 id=380
raster_tex_alpha: faces=334501 id=378
raster_tex_alpha: faces=335001 id=334
raster_tex_alpha: faces=335501 id=449
raster_tex_alpha: faces=336001 id=378
raster_tex_alpha: faces=336501 id=378
raster_tex_alpha: faces=337001 id=406
raster_tex_alpha: faces=337501 id=378
raster_tex_alpha: faces=338001 id=378
raster_tex_alpha: faces=338501 id=433
raster_tex_alpha: faces=339001 id=302
raster_tex_alpha: faces=339501 id=378
raster_tex_alpha: faces=340001 id=389
raster_tex_alpha: faces=340501 id=394
raster_tex_alpha: faces=341001 id=395
raster_tex_alpha: faces=341501 id=449
raster_tex_alpha: faces=342001 id=374
raster_tex_alpha: faces=342501 id=374
raster_tex_alpha: faces=343001 id=408
raster_tex_alpha: faces=343501 id=389
raster_tex_alpha: faces=344001 id=348
raster_tex_alpha: faces=344501 id=394
raster_tex_alpha: faces=345001 id=378
raster_tex_alpha: faces=345501 id=389
raster_tex_alpha: faces=346001 id=378
raster_tex_alpha: faces=346501 id=389
raster_tex_alpha: faces=347001 id=378
raster_tex_alpha: faces=347501 id=380
raster_tex_alpha: faces=348001 id=378
raster_tex_alpha: faces=348501 id=378
raster_tex_alpha: faces=349001 id=406
raster_tex_alpha: faces=349501 id=378
raster_tex_alpha: faces=350001 id=378
raster_tex_alpha: faces=350501 id=378
raster_tex_alpha: faces=351001 id=378
raster_tex_alpha: faces=351501 id=355
raster_tex_alpha: faces=352001 id=378
raster_tex_alpha: faces=352501 id=378
raster_tex_alpha: faces=353001 id=389
raster_tex_alpha: faces=353501 id=402
raster_tex_alpha: faces=354001 id=450
raster_tex_alpha: faces=354501 id=378
raster_tex_alpha: faces=355001 id=378
raster_tex_alpha: faces=355501 id=450
raster_tex_alpha: faces=356001 id=355
raster_tex_alpha: faces=356501 id=378
raster_tex_alpha: faces=357001 id=378
raster_tex_alpha: faces=357501 id=281
raster_tex_alpha: faces=358001 id=378
raster_tex_alpha: faces=358501 id=394
raster_tex_alpha: faces=359001 id=334
raster_tex_alpha: faces=359501 id=394
raster_tex_alpha: faces=360001 id=449
raster_tex_alpha: faces=360501 id=378
raster_tex_alpha: faces=361001 id=374
raster_tex_alpha: faces=361501 id=449
raster_tex_alpha: faces=362001 id=378
raster_tex_alpha: faces=362501 id=348
raster_tex_alpha: faces=363001 id=378
raster_tex_alpha: faces=363501 id=348
raster_tex_alpha: faces=364001 id=334
raster_tex_alpha: faces=364501 id=389
raster_tex_alpha: faces=365001 id=380
raster_tex_alpha: faces=365501 id=378
raster_tex_alpha: faces=366001 id=450
raster_tex_alpha: faces=366501 id=378
raster_tex_alpha: faces=367001 id=374
raster_tex_alpha: faces=367501 id=406
raster_tex_alpha: faces=368001 id=355
raster_tex_alpha: faces=368501 id=348
raster_tex_alpha: faces=369001 id=395
raster_tex_alpha: faces=369501 id=303
raster_tex_alpha: faces=370001 id=378
raster_tex_alpha: faces=370501 id=389
raster_tex_alpha: faces=371001 id=394
raster_tex_alpha: faces=371501 id=358
raster_tex_alpha: faces=372001 id=449
raster_tex_alpha: faces=372501 id=378
raster_tex_alpha: faces=373001 id=378
raster_tex_alpha: faces=373501 id=406
raster_tex_alpha: faces=374001 id=378
raster_tex_alpha: faces=374501 id=433
raster_tex_alpha: faces=375001 id=378
raster_tex_alpha: faces=375501 id=348
raster_tex_alpha: faces=376001 id=433
raster_tex_alpha: faces=376501 id=378
raster_tex_alpha: faces=377001 id=378
raster_tex_alpha: faces=377501 id=378
raster_tex_alpha: faces=378001 id=450
raster_tex_alpha: faces=378501 id=374
raster_tex_alpha: faces=379001 id=378
raster_tex_alpha: faces=379501 id=406
raster_tex_alpha: faces=380001 id=378
raster_tex_alpha: faces=380501 id=348
raster_tex_alpha: faces=381001 id=378
raster_tex_alpha: faces=381501 id=378
raster_tex_alpha: faces=382001 id=281
raster_tex_alpha: faces=382501 id=378
raster_tex_alpha: faces=383001 id=389
raster_tex_alpha: faces=383501 id=389
raster_tex_alpha: faces=384001 id=449
raster_tex_alpha: faces=384501 id=378
raster_tex_alpha: faces=385001 id=374
raster_tex_alpha: faces=385501 id=406
raster_tex_alpha: faces=386001 id=389
raster_tex_alpha: faces=386501 id=378
raster_tex_alpha: faces=387001 id=378
raster_tex_alpha: faces=387501 id=378
raster_tex_alpha: faces=388001 id=281
raster_tex_alpha: faces=388501 id=355
raster_tex_alpha: faces=389001 id=378
raster_tex_alpha: faces=389501 id=380
raster_tex_alpha: faces=390001 id=380
raster_tex_alpha: faces=390501 id=374
raster_tex_alpha: faces=391001 id=378
raster_tex_alpha: faces=391501 id=378
raster_tex_alpha: faces=392001 id=378
raster_tex_alpha: faces=392501 id=281
raster_tex_alpha: faces=393001 id=302
raster_tex_alpha: faces=393501 id=378
raster_tex_alpha: faces=394001 id=378
raster_tex_alpha: faces=394501 id=380
raster_tex_alpha: faces=395001 id=459
raster_tex_alpha: faces=395501 id=378
raster_tex_alpha: faces=396001 id=402
raster_tex_alpha: faces=396501 id=450
raster_tex_alpha: faces=397001 id=268
raster_tex_alpha: faces=397501 id=378
raster_tex_alpha: faces=398001 id=450
raster_tex_alpha: faces=398501 id=378
raster_tex_alpha: faces=399001 id=433
raster_tex_alpha: faces=399501 id=378
raster_tex_alpha: faces=400001 id=281
raster_tex_alpha: faces=400501 id=394
raster_tex_alpha: faces=401001 id=334
raster_tex_alpha: faces=401501 id=334
raster_tex_alpha: faces=402001 id=394
raster_tex_alpha: faces=402501 id=449
raster_tex_alpha: faces=403001 id=378
raster_tex_alpha: faces=403501 id=374
raster_tex_alpha: faces=404001 id=449
raster_tex_alpha: faces=404501 id=355
raster_tex_alpha: faces=405001 id=348
raster_tex_alpha: faces=405501 id=378
raster_tex_alpha: faces=406001 id=302
raster_tex_alpha: faces=406501 id=389
raster_tex_alpha: faces=407001 id=433
raster_tex_alpha: faces=407501 id=378
raster_tex_alpha: faces=408001 id=358
raster_tex_alpha: faces=408501 id=449
raster_tex_alpha: faces=409001 id=374
raster_tex_alpha: faces=409501 id=378
raster_tex_alpha: faces=410001 id=406
raster_tex_alpha: faces=410501 id=378
raster_tex_alpha: faces=411001 id=348
raster_tex_alpha: faces=411501 id=378
raster_tex_alpha: faces=412001 id=348
raster_tex_alpha: faces=412501 id=281
raster_tex_alpha: faces=413001 id=389
raster_tex_alpha: faces=413501 id=389
raster_tex_alpha: faces=414001 id=378
raster_tex_alpha: faces=414501 id=449
raster_tex_alpha: faces=415001 id=378
raster_tex_alpha: faces=415501 id=374
raster_tex_alpha: faces=416001 id=408
raster_tex_alpha: faces=416501 id=389
raster_tex_alpha: faces=417001 id=348
raster_tex_alpha: faces=417501 id=378
raster_tex_alpha: faces=418001 id=378
raster_tex_alpha: faces=418501 id=433
raster_tex_alpha: faces=419001 id=334
raster_tex_alpha: faces=419501 id=389
raster_tex_alpha: faces=420001 id=358
raster_tex_alpha: faces=420501 id=450
raster_tex_alpha: faces=421001 id=374
raster_tex_alpha: faces=421501 id=378
raster_tex_alpha: faces=422001 id=408
raster_tex_alpha: faces=422501 id=378
raster_tex_alpha: faces=423001 id=348
raster_tex_alpha: faces=423501 id=378
raster_tex_alpha: faces=424001 id=281
raster_tex_alpha: faces=424501 id=433
raster_tex_alpha: faces=425001 id=334
raster_tex_alpha: faces=425501 id=378
raster_tex_alpha: faces=426001 id=358
raster_tex_alpha: faces=426501 id=449
raster_tex_alpha: faces=427001 id=374
raster_tex_alpha: faces=427501 id=378
raster_tex_alpha: faces=428001 id=406
raster_tex_alpha: faces=428501 id=378
raster_tex_alpha: faces=429001 id=348
raster_tex_alpha: faces=429501 id=394
raster_tex_alpha: faces=430001 id=378
raster_tex_alpha: faces=430501 id=355
raster_tex_alpha: faces=431001 id=378
raster_tex_alpha: faces=431501 id=459
raster_tex_alpha: faces=432001 id=378
raster_tex_alpha: faces=432501 id=402
raster_tex_alpha: faces=433001 id=374
raster_tex_alpha: faces=433501 id=378
raster_tex_alpha: faces=434001 id=378
raster_tex_alpha: faces=434501 id=378
raster_tex_alpha: faces=435001 id=378
raster_tex_alpha: faces=435501 id=302
raster_tex_alpha: faces=436001 id=348
raster_tex_alpha: faces=436501 id=355
raster_tex_alpha: faces=437001 id=334
raster_tex_alpha: faces=437501 id=433
raster_tex_alpha: faces=438001 id=334
raster_tex_alpha: faces=438501 id=402
raster_tex_alpha: faces=439001 id=450
raster_tex_alpha: faces=439501 id=268
raster_tex_alpha: faces=440001 id=378
raster_tex_alpha: faces=440501 id=450
raster_tex_alpha: faces=441001 id=378
raster_tex_alpha: faces=441501 id=433
raster_tex_alpha: faces=442001 id=378
raster_tex_alpha: faces=442501 id=355
raster_tex_alpha: faces=443001 id=378
raster_tex_alpha: faces=443501 id=394
raster_tex_alpha: faces=444001 id=459
raster_tex_alpha: faces=444501 id=394
raster_tex_alpha: faces=445001 id=449
raster_tex_alpha: faces=445501 id=374
raster_tex_alpha: faces=446001 id=378
raster_tex_alpha: faces=446501 id=449
raster_tex_alpha: faces=447001 id=378
raster_tex_alpha: faces=447501 id=303
raster_tex_alpha: faces=448001 id=389
raster_tex_alpha: faces=448501 id=348
raster_tex_alpha: faces=449001 id=355
raster_tex_alpha: faces=449501 id=378
raster_tex_alpha: faces=450001 id=389
raster_tex_alpha: faces=450501 id=394
raster_tex_alpha: faces=451001 id=450
raster_tex_alpha: faces=451501 id=378
raster_tex_alpha: faces=452001 id=378
raster_tex_alpha: faces=452501 id=406
raster_tex_alpha: faces=453001 id=378
raster_tex_alpha: faces=453501 id=348
raster_tex_alpha: faces=454001 id=378
raster_tex_alpha: faces=454501 id=348
raster_tex_alpha: faces=455001 id=378
raster_tex_alpha: faces=455501 id=389
raster_tex_alpha: faces=456001 id=380
raster_tex_alpha: faces=456501 id=459
raster_tex_alpha: faces=457001 id=449
raster_tex_alpha: faces=457501 id=378
raster_tex_alpha: faces=458001 id=374
raster_tex_alpha: faces=458501 id=408
raster_tex_alpha: faces=459001 id=378
raster_tex_alpha: faces=459501 id=348
raster_tex_alpha: faces=460001 id=378
raster_tex_alpha: faces=460501 id=378
raster_tex_alpha: faces=461001 id=281
raster_tex_alpha: faces=461501 id=378
raster_tex_alpha: faces=462001 id=389
raster_tex_alpha: faces=462501 id=378
raster_tex_alpha: faces=463001 id=450
raster_tex_alpha: faces=463501 id=378
raster_tex_alpha: faces=464001 id=378
raster_tex_alpha: faces=464501 id=408
raster_tex_alpha: faces=465001 id=378
raster_tex_alpha: faces=465501 id=355
raster_tex_alpha: faces=466001 id=378
raster_tex_alpha: faces=466501 id=348
raster_tex_alpha: faces=467001 id=389
raster_tex_alpha: faces=467501 id=378
raster_tex_alpha: faces=468001 id=378
raster_tex_alpha: faces=468501 id=378
raster_tex_alpha: faces=469001 id=449
raster_tex_alpha: faces=469501 id=374
raster_tex_alpha: faces=470001 id=378
raster_tex_alpha: faces=470501 id=407
raster_tex_alpha: faces=471001 id=378
raster_tex_alpha: faces=471501 id=348
raster_tex_alpha: faces=472001 id=378
raster_tex_alpha: faces=472501 id=378
raster_tex_alpha: faces=473001 id=281
raster_tex_alpha: faces=473501 id=378
raster_tex_alpha: faces=474001 id=389
raster_tex_alpha: faces=474501 id=389
raster_tex_alpha: faces=475001 id=402
raster_tex_alpha: faces=475501 id=378
raster_tex_alpha: faces=476001 id=374
raster_tex_alpha: faces=476501 id=406
raster_tex_alpha: faces=477001 id=378
raster_tex_alpha: faces=477501 id=378
raster_tex_alpha: faces=478001 id=378
raster_tex_alpha: faces=478501 id=348
raster_tex_alpha: faces=479001 id=389
raster_tex_alpha: faces=479501 id=378
raster_tex_alpha: faces=480001 id=395
raster_tex_alpha: faces=480501 id=395
raster_tex_alpha: faces=481001 id=395
raster_tex_alpha: faces=481501 id=239
raster_tex_alpha: faces=482001 id=378
raster_tex_alpha: faces=482501 id=378
raster_tex_alpha: faces=483001 id=458
raster_tex_alpha: faces=483501 id=355
raster_tex_alpha: faces=484001 id=394
raster_tex_alpha: faces=484501 id=348
raster_tex_alpha: faces=485001 id=378
raster_tex_alpha: faces=485501 id=355
raster_tex_alpha: faces=486001 id=378
raster_tex_alpha: faces=486501 id=389
raster_tex_alpha: faces=487001 id=378
raster_tex_alpha: faces=487501 id=449
raster_tex_alpha: faces=488001 id=268
raster_tex_alpha: faces=488501 id=374
raster_tex_alpha: faces=489001 id=449
raster_tex_alpha: faces=489501 id=378
raster_tex_alpha: faces=490001 id=303
raster_tex_alpha: faces=490501 id=378
raster_tex_alpha: faces=491001 id=348
raster_tex_alpha: faces=491501 id=378
raster_tex_alpha: faces=492001 id=378
raster_tex_alpha: faces=492501 id=380
raster_tex_alpha: faces=493001 id=459
raster_tex_alpha: faces=493501 id=450
raster_tex_alpha: faces=494001 id=378
raster_tex_alpha: faces=494501 id=378
raster_tex_alpha: faces=495001 id=408
raster_tex_alpha: faces=495501 id=378
raster_tex_alpha: faces=496001 id=378
raster_tex_alpha: faces=496501 id=395
raster_tex_alpha: faces=497001 id=378
raster_tex_alpha: faces=497501 id=378
raster_tex_alpha: faces=498001 id=389
raster_tex_alpha: faces=498501 id=389
raster_tex_alpha: faces=499001 id=378
raster_tex_alpha: faces=499501 id=449
raster_tex_alpha: faces=500001 id=374
raster_tex_alpha: faces=500501 id=378
raster_tex_alpha: faces=501001 id=406
raster_tex_alpha: faces=501501 id=378
raster_tex_alpha: faces=502001 id=348
raster_tex_alpha: faces=502501 id=378
raster_tex_alpha: faces=503001 id=303
raster_tex_alpha: faces=503501 id=389
raster_tex_alpha: faces=504001 id=378
raster_tex_alpha: faces=504501 id=394
raster_tex_alpha: faces=505001 id=402
raster_tex_alpha: faces=505501 id=450
raster_tex_alpha: faces=506001 id=378
raster_tex_alpha: faces=506501 id=374
raster_tex_alpha: faces=507001 id=406
raster_tex_alpha: faces=507501 id=378
raster_tex_alpha: faces=508001 id=348
raster_tex_alpha: faces=508501 id=378
raster_tex_alpha: faces=509001 id=378
raster_tex_alpha: faces=509501 id=355
raster_tex_alpha: faces=510001 id=433
raster_tex_alpha: faces=510501 id=389
raster_tex_alpha: faces=511001 id=389
raster_tex_alpha: faces=511501 id=449
raster_tex_alpha: faces=512001 id=268
raster_tex_alpha: faces=512501 id=374
raster_tex_alpha: faces=513001 id=408
raster_tex_alpha: faces=513501 id=378
raster_tex_alpha: faces=514001 id=348
raster_tex_alpha: faces=514501 id=378
raster_tex_alpha: faces=515001 id=378
raster_tex_alpha: faces=515501 id=281
raster_tex_alpha: faces=516001 id=378
raster_tex_alpha: faces=516501 id=389
raster_tex_alpha: faces=517001 id=389
raster_tex_alpha: faces=517501 id=402
raster_tex_alpha: faces=518001 id=378
raster_tex_alpha: faces=518501 id=378
raster_tex_alpha: faces=519001 id=378
raster_tex_alpha: faces=519501 id=378
raster_tex_alpha: faces=520001 id=348
raster_tex_alpha: faces=520501 id=389
raster_tex_alpha: faces=521001 id=389
raster_tex_alpha: faces=521501 id=303
raster_tex_alpha: faces=522001 id=378
raster_tex_alpha: faces=522501 id=459
raster_tex_alpha: faces=523001 id=378
raster_tex_alpha: faces=523501 id=402
raster_tex_alpha: faces=524001 id=450
raster_tex_alpha: faces=524501 id=268
raster_tex_alpha: faces=525001 id=374
raster_tex_alpha: faces=525501 id=450
raster_tex_alpha: faces=526001 id=433
raster_tex_alpha: faces=526501 id=378
raster_tex_alpha: faces=527001 id=303
raster_tex_alpha: faces=527501 id=348
raster_tex_alpha: faces=528001 id=378
raster_tex_alpha: faces=528501 id=459
raster_tex_alpha: faces=529001 id=378
raster_tex_alpha: faces=529501 id=394
raster_tex_alpha: faces=530001 id=450
raster_tex_alpha: faces=530501 id=378
raster_tex_alpha: faces=531001 id=374
raster_tex_alpha: faces=531501 id=450
raster_tex_alpha: faces=532001 id=378
raster_tex_alpha: faces=532501 id=348
raster_tex_alpha: faces=533001 id=378
raster_tex_alpha: faces=533501 id=302
raster_tex_alpha: faces=534001 id=378
raster_tex_alpha: faces=534501 id=378
raster_tex_alpha: faces=535001 id=334
raster_tex_alpha: faces=535501 id=378
raster_tex_alpha: faces=536001 id=450
raster_tex_alpha: faces=536501 id=374
raster_tex_alpha: faces=537001 id=378
raster_tex_alpha: faces=537501 id=406
raster_tex_alpha: faces=538001 id=378
raster_tex_alpha: faces=538501 id=281
raster_tex_alpha: faces=539001 id=378
raster_tex_alpha: faces=539501 id=378
raster_tex_alpha: faces=540001 id=389
raster_tex_alpha: faces=540501 id=394
raster_tex_alpha: faces=541001 id=389
raster_tex_alpha: faces=541501 id=358
raster_tex_alpha: faces=542001 id=449
raster_tex_alpha: faces=542501 id=378
raster_tex_alpha: faces=543001 id=378
raster_tex_alpha: faces=543501 id=408
raster_tex_alpha: faces=544001 id=378
raster_tex_alpha: faces=544501 id=348
raster_tex_alpha: faces=545001 id=378
raster_tex_alpha: faces=545501 id=348
raster_tex_alpha: faces=546001 id=389
raster_tex_alpha: faces=546501 id=378
raster_tex_alpha: faces=547001 id=394
raster_tex_alpha: faces=547501 id=378
raster_tex_alpha: faces=548001 id=449
raster_tex_alpha: faces=548501 id=374
raster_tex_alpha: faces=549001 id=374
raster_tex_alpha: faces=549501 id=406
raster_tex_alpha: faces=550001 id=378
raster_tex_alpha: faces=550501 id=378
raster_tex_alpha: faces=551001 id=433
raster_tex_alpha: faces=551501 id=389
raster_tex_alpha: faces=552001 id=355
raster_tex_alpha: faces=552501 id=389
raster_tex_alpha: faces=553001 id=378
raster_tex_alpha: faces=553501 id=389
raster_tex_alpha: faces=554001 id=449
raster_tex_alpha: faces=554501 id=378
raster_tex_alpha: faces=555001 id=374
raster_tex_alpha: faces=555501 id=406
raster_tex_alpha: faces=556001 id=378
raster_tex_alpha: faces=556501 id=378
raster_tex_alpha: faces=557001 id=378
raster_tex_alpha: faces=557501 id=378
raster_tex_alpha: faces=558001 id=459
raster_tex_alpha: faces=558501 id=355
raster_tex_alpha: faces=559001 id=358
raster_tex_alpha: faces=559501 id=389
raster_tex_alpha: faces=560001 id=380
raster_tex_alpha: faces=560501 id=378
raster_tex_alpha: faces=561001 id=378
raster_tex_alpha: faces=561501 id=378
raster_tex_alpha: faces=562001 id=239
raster_tex_alpha: faces=562501 id=378
raster_tex_alpha: faces=563001 id=378
raster_tex_alpha: faces=563501 id=378
raster_tex_alpha: faces=564001 id=334
raster_tex_alpha: faces=564501 id=378
raster_tex_alpha: faces=565001 id=433
raster_tex_alpha: faces=565501 id=389
raster_tex_alpha: faces=566001 id=395
raster_tex_alpha: faces=566501 id=449
raster_tex_alpha: faces=567001 id=378
raster_tex_alpha: faces=567501 id=374
raster_tex_alpha: faces=568001 id=449
raster_tex_alpha: faces=568501 id=281
raster_tex_alpha: faces=569001 id=378
raster_tex_alpha: faces=569501 id=389
raster_tex_alpha: faces=570001 id=348
raster_tex_alpha: faces=570501 id=281
raster_tex_alpha: faces=571001 id=380
raster_tex_alpha: faces=571501 id=378
raster_tex_alpha: faces=572001 id=394
raster_tex_alpha: faces=572501 id=458
raster_tex_alpha: faces=573001 id=378
raster_tex_alpha: faces=573501 id=378
raster_tex_alpha: faces=574001 id=406
raster_tex_alpha: faces=574501 id=378
raster_tex_alpha: faces=575001 id=348
raster_tex_alpha: faces=575501 id=348
raster_tex_alpha: faces=576001 id=355
raster_tex_alpha: faces=576501 id=389
raster_tex_alpha: faces=577001 id=394
raster_tex_alpha: faces=577501 id=378
raster_tex_alpha: faces=578001 id=378
raster_tex_alpha: faces=578501 id=449
raster_tex_alpha: faces=579001 id=374
raster_tex_alpha: faces=579501 id=378
raster_tex_alpha: faces=580001 id=406
raster_tex_alpha: faces=580501 id=378
raster_tex_alpha: faces=581001 id=378
raster_tex_alpha: faces=581501 id=378
raster_tex_alpha: faces=582001 id=389
raster_tex_alpha: faces=582501 id=378
raster_tex_alpha: faces=583001 id=378
raster_tex_alpha: faces=583501 id=394
raster_tex_alpha: faces=584001 id=378
raster_tex_alpha: faces=584501 id=450
raster_tex_alpha: faces=585001 id=378
raster_tex_alpha: faces=585501 id=378
raster_tex_alpha: faces=586001 id=408
raster_tex_alpha: faces=586501 id=378
raster_tex_alpha: faces=587001 id=433
raster_tex_alpha: faces=587501 id=378
raster_tex_alpha: faces=588001 id=378
raster_tex_alpha: faces=588501 id=459
raster_tex_alpha: faces=589001 id=378
raster_tex_alpha: faces=589501 id=394
raster_tex_alpha: faces=590001 id=389
raster_tex_alpha: faces=590501 id=449
raster_tex_alpha: faces=591001 id=378
raster_tex_alpha: faces=591501 id=374
raster_tex_alpha: faces=592001 id=408
raster_tex_alpha: faces=592501 id=378
raster_tex_alpha: faces=593001 id=348
raster_tex_alpha: faces=593501 id=303
raster_tex_alpha: faces=594001 id=348
raster_tex_alpha: faces=594501 id=355
raster_tex_alpha: faces=595001 id=459
raster_tex_alpha: faces=595501 id=389
raster_tex_alpha: faces=596001 id=433
raster_tex_alpha: faces=596501 id=402
raster_tex_alpha: faces=597001 id=378
raster_tex_alpha: faces=597501 id=378
raster_tex_alpha: faces=598001 id=406
raster_tex_alpha: faces=598501 id=378
raster_tex_alpha: faces=599001 id=348
raster_tex_alpha: faces=599501 id=378
raster_tex_alpha: faces=600001 id=389
raster_tex_alpha: faces=600501 id=378
raster_tex_alpha: faces=601001 id=395
raster_tex_alpha: faces=601501 id=389
raster_tex_alpha: faces=602001 id=378
raster_tex_alpha: faces=602501 id=402
raster_tex_alpha: faces=603001 id=447
raster_tex_alpha: faces=603501 id=378
raster_tex_alpha: faces=604001 id=378
raster_tex_alpha: faces=604501 id=450
raster_tex_alpha: faces=605001 id=378
raster_tex_alpha: faces=605501 id=378
raster_tex_alpha: faces=606001 id=378
raster_tex_alpha: faces=606501 id=378
raster_tex_alpha: faces=607001 id=394
raster_tex_alpha: faces=607501 id=378
raster_tex_alpha: faces=608001 id=358
raster_tex_alpha: faces=608501 id=394
raster_tex_alpha: faces=609001 id=449
raster_tex_alpha: faces=609501 id=378
raster_tex_alpha: faces=610001 id=268
raster_tex_alpha: faces=610501 id=450
raster_tex_alpha: faces=611001 id=378
raster_tex_alpha: faces=611501 id=281
raster_tex_alpha: faces=612001 id=378
raster_tex_alpha: faces=612501 id=378
raster_tex_alpha: faces=613001 id=433
raster_tex_alpha: faces=613501 id=389
raster_tex_alpha: faces=614001 id=334
raster_tex_alpha: faces=614501 id=459
raster_tex_alpha: faces=615001 id=450
raster_tex_alpha: faces=615501 id=374
raster_tex_alpha: faces=616001 id=378
raster_tex_alpha: faces=616501 id=406
raster_tex_alpha: faces=617001 id=378
raster_tex_alpha: faces=617501 id=355
raster_tex_alpha: faces=618001 id=378
raster_tex_alpha: faces=618501 id=378
raster_tex_alpha: faces=619001 id=394
raster_tex_alpha: faces=619501 id=378
raster_tex_alpha: faces=620001 id=394
raster_tex_alpha: faces=620501 id=402
raster_tex_alpha: faces=621001 id=449
raster_tex_alpha: faces=621501 id=268
raster_tex_alpha: faces=622001 id=378
raster_tex_alpha: faces=622501 id=406
raster_tex_alpha: faces=623001 id=378
raster_tex_alpha: faces=623501 id=348
raster_tex_alpha: faces=624001 id=378
raster_tex_alpha: faces=624501 id=348
raster_tex_alpha: faces=625001 id=389
raster_tex_alpha: faces=625501 id=378
raster_tex_alpha: faces=626001 id=394
raster_tex_alpha: faces=626501 id=380
raster_tex_alpha: faces=627001 id=449
raster_tex_alpha: faces=627501 id=378
raster_tex_alpha: faces=628001 id=378
raster_tex_alpha: faces=628501 id=406
raster_tex_alpha: faces=629001 id=378
raster_tex_alpha: faces=629501 id=378
raster_tex_alpha: faces=630001 id=302
raster_tex_alpha: faces=630501 id=348
raster_tex_alpha: faces=631001 id=334
raster_tex_alpha: faces=631501 id=378
raster_tex_alpha: faces=632001 id=378
raster_tex_alpha: faces=632501 id=389
raster_tex_alpha: faces=633001 id=402
raster_tex_alpha: faces=633501 id=378
raster_tex_alpha: faces=634001 id=374
raster_tex_alpha: faces=634501 id=408
raster_tex_alpha: faces=635001 id=378
raster_tex_alpha: faces=635501 id=281
raster_tex_alpha: faces=636001 id=302
raster_tex_alpha: faces=636501 id=302
raster_tex_alpha: faces=637001 id=459
raster_tex_alpha: faces=637501 id=378
raster_tex_alpha: faces=638001 id=395
raster_tex_alpha: faces=638501 id=378
raster_tex_alpha: faces=639001 id=395
raster_tex_alpha: faces=639501 id=239
raster_tex_alpha: faces=640001 id=378
raster_tex_alpha: faces=640501 id=378
raster_tex_alpha: faces=641001 id=458
raster_tex_alpha: faces=641501 id=348
raster_tex_alpha: faces=642001 id=378
raster_tex_alpha: faces=642501 id=303
raster_tex_alpha: faces=643001 id=378
raster_tex_alpha: faces=643501 id=378
raster_tex_alpha: faces=644001 id=389
raster_tex_alpha: faces=644501 id=389
raster_tex_alpha: faces=645001 id=395
raster_tex_alpha: faces=645501 id=449
raster_tex_alpha: faces=646001 id=374
raster_tex_alpha: faces=646501 id=378
raster_tex_alpha: faces=647001 id=449
raster_tex_alpha: faces=647501 id=378
raster_tex_alpha: faces=648001 id=378
raster_tex_alpha: faces=648501 id=348
raster_tex_alpha: faces=649001 id=378
raster_tex_alpha: faces=649501 id=281
raster_tex_alpha: faces=650001 id=394
raster_tex_alpha: faces=650501 id=358
raster_tex_alpha: faces=651001 id=394
raster_tex_alpha: faces=651501 id=458
raster_tex_alpha: faces=652001 id=378
raster_tex_alpha: faces=652501 id=378
raster_tex_alpha: faces=653001 id=406
raster_tex_alpha: faces=653501 id=378
raster_tex_alpha: faces=654001 id=348
raster_tex_alpha: faces=654501 id=378
raster_tex_alpha: faces=655001 id=378
raster_tex_alpha: faces=655501 id=459
raster_tex_alpha: faces=656001 id=389
raster_tex_alpha: faces=656501 id=389
raster_tex_alpha: faces=657001 id=334
raster_tex_alpha: faces=657501 id=449
raster_tex_alpha: faces=658001 id=374
raster_tex_alpha: faces=658501 id=378
raster_tex_alpha: faces=659001 id=408
raster_tex_alpha: faces=659501 id=378
raster_tex_alpha: faces=660001 id=378
raster_tex_alpha: faces=660501 id=378
raster_tex_alpha: faces=661001 id=348
raster_tex_alpha: faces=661501 id=389
raster_tex_alpha: faces=662001 id=378
raster_tex_alpha: faces=662501 id=378
raster_tex_alpha: faces=663001 id=358
raster_tex_alpha: faces=663501 id=450
raster_tex_alpha: faces=664001 id=378
raster_tex_alpha: faces=664501 id=378
raster_tex_alpha: faces=665001 id=406
raster_tex_alpha: faces=665501 id=389
raster_tex_alpha: faces=666001 id=378
raster_tex_alpha: faces=666501 id=378
raster_tex_alpha: faces=667001 id=348
raster_tex_alpha: faces=667501 id=389
raster_tex_alpha: faces=668001 id=378
raster_tex_alpha: faces=668501 id=378
raster_tex_alpha: faces=669001 id=378
raster_tex_alpha: faces=669501 id=449
raster_tex_alpha: faces=670001 id=378
raster_tex_alpha: faces=670501 id=374
raster_tex_alpha: faces=671001 id=408
raster_tex_alpha: faces=671501 id=389
raster_tex_alpha: faces=672001 id=355
raster_tex_alpha: faces=672501 id=394
raster_tex_alpha: faces=673001 id=355
raster_tex_alpha: faces=673501 id=302
raster_tex_alpha: faces=674001 id=378
raster_tex_alpha: faces=674501 id=389
raster_tex_alpha: faces=675001 id=389
raster_tex_alpha: faces=675501 id=402
raster_tex_alpha: faces=676001 id=378
raster_tex_alpha: faces=676501 id=378
raster_tex_alpha: faces=677001 id=378
raster_tex_alpha: faces=677501 id=239
raster_tex_alpha: faces=678001 id=378
raster_tex_alpha: faces=678501 id=303
raster_tex_alpha: faces=679001 id=378
raster_tex_alpha: faces=679501 id=378
raster_tex_alpha: faces=680001 id=378
raster_tex_alpha: faces=680501 id=378
raster_tex_alpha: faces=681001 id=380
raster_tex_alpha: faces=681501 id=395
raster_tex_alpha: faces=682001 id=449
raster_tex_alpha: faces=682501 id=374
raster_tex_alpha: faces=683001 id=374
raster_tex_alpha: faces=683501 id=449
raster_tex_alpha: faces=684001 id=389
raster_tex_alpha: faces=684501 id=302
raster_tex_alpha: faces=685001 id=378
raster_tex_alpha: faces=685501 id=348
raster_tex_alpha: faces=686001 id=394
raster_tex_alpha: faces=686501 id=394
raster_tex_alpha: faces=687001 id=459
raster_tex_alpha: faces=687501 id=394
raster_tex_alpha: faces=688001 id=239
raster_tex_alpha: faces=688501 id=374
raster_tex_alpha: faces=689001 id=378
raster_tex_alpha: faces=689501 id=408
raster_tex_alpha: faces=690001 id=389
raster_tex_alpha: faces=690501 id=378
raster_tex_alpha: faces=691001 id=303
raster_tex_alpha: faces=691501 id=348
raster_tex_alpha: faces=692001 id=389
raster_tex_alpha: faces=692501 id=394
raster_tex_alpha: faces=693001 id=378
raster_tex_alpha: faces=693501 id=378
raster_tex_alpha: faces=694001 id=449
raster_tex_alpha: faces=694501 id=378
raster_tex_alpha: faces=695001 id=378
raster_tex_alpha: faces=695501 id=406
raster_tex_alpha: faces=696001 id=378
raster_tex_alpha: faces=696501 id=378
raster_tex_alpha: faces=697001 id=394
raster_tex_alpha: faces=697501 id=395
raster_tex_alpha: faces=698001 id=378
raster_tex_alpha: faces=698501 id=389
raster_tex_alpha: faces=699001 id=459
raster_tex_alpha: faces=699501 id=358
raster_tex_alpha: faces=700001 id=450
raster_tex_alpha: faces=700501 id=378
raster_tex_alpha: faces=701001 id=378
raster_tex_alpha: faces=701501 id=406
raster_tex_alpha: faces=702001 id=378
raster_tex_alpha: faces=702501 id=378
raster_tex_alpha: faces=703001 id=378
raster_tex_alpha: faces=703501 id=348
raster_tex_alpha: faces=704001 id=394
raster_tex_alpha: faces=704501 id=389
raster_tex_alpha: faces=705001 id=394
raster_tex_alpha: faces=705501 id=378
raster_tex_alpha: faces=706001 id=449
raster_tex_alpha: faces=706501 id=378
raster_tex_alpha: faces=707001 id=378
raster_tex_alpha: faces=707501 id=406
raster_tex_alpha: faces=708001 id=378
raster_tex_alpha: faces=708501 id=348
raster_tex_alpha: faces=709001 id=378
raster_tex_alpha: faces=709501 id=348
raster_tex_alpha: faces=710001 id=378
raster_tex_alpha: faces=710501 id=378
raster_tex_alpha: faces=711001 id=378
raster_tex_alpha: faces=711501 id=378
raster_tex_alpha: faces=712001 id=380
raster_tex_alpha: faces=712501 id=374
raster_tex_alpha: faces=713001 id=378
raster_tex_alpha: faces=713501 id=407
raster_tex_alpha: faces=714001 id=378
raster_tex_alpha: faces=714501 id=348
raster_tex_alpha: faces=715001 id=355
raster_tex_alpha: faces=715501 id=378
raster_tex_alpha: faces=716001 id=389
raster_tex_alpha: faces=716501 id=378
raster_tex_alpha: faces=717001 id=378
raster_tex_alpha: faces=717501 id=389
raster_tex_alpha: faces=718001 id=402
raster_tex_alpha: faces=718501 id=450
raster_tex_alpha: faces=719001 id=378
raster_tex_alpha: faces=719501 id=374
raster_tex_alpha: faces=720001 id=450
raster_tex_alpha: faces=720501 id=378
raster_tex_alpha: faces=721001 id=378
raster_tex_alpha: faces=721501 id=459
raster_tex_alpha: faces=722001 id=378
raster_tex_alpha: faces=722501 id=394
raster_tex_alpha: faces=723001 id=334
raster_tex_alpha: faces=723501 id=389
raster_tex_alpha: faces=724001 id=394
raster_tex_alpha: faces=724501 id=449
raster_tex_alpha: faces=725001 id=378
raster_tex_alpha: faces=725501 id=374
raster_tex_alpha: faces=726001 id=449
raster_tex_alpha: faces=726501 id=355
raster_tex_alpha: faces=727001 id=378
raster_tex_alpha: faces=727501 id=378
raster_tex_alpha: faces=728001 id=355
raster_tex_alpha: faces=728501 id=334
raster_tex_alpha: faces=729001 id=389
raster_tex_alpha: faces=729501 id=389
raster_tex_alpha: faces=730001 id=358
raster_tex_alpha: faces=730501 id=449
raster_tex_alpha: faces=731001 id=378
raster_tex_alpha: faces=731501 id=378
raster_tex_alpha: faces=732001 id=406
raster_tex_alpha: faces=732501 id=378
raster_tex_alpha: faces=733001 id=348
raster_tex_alpha: faces=733501 id=302
raster_tex_alpha: faces=734001 id=348
raster_tex_alpha: faces=734501 id=281
raster_tex_alpha: faces=735001 id=389
raster_tex_alpha: faces=735501 id=334
raster_tex_alpha: faces=736001 id=378
raster_tex_alpha: faces=736501 id=239
raster_tex_alpha: faces=737001 id=374
raster_tex_alpha: faces=737501 id=374
raster_tex_alpha: faces=738001 id=406
raster_tex_alpha: faces=738501 id=378
raster_tex_alpha: faces=739001 id=348
raster_tex_alpha: faces=739501 id=378
raster_tex_alpha: faces=740001 id=389
raster_tex_alpha: faces=740501 id=334
raster_tex_alpha: faces=741001 id=389
raster_tex_alpha: faces=741501 id=380
raster_tex_alpha: faces=742001 id=402
raster_tex_alpha: faces=742501 id=449
raster_tex_alpha: faces=743001 id=378
raster_tex_alpha: faces=743501 id=374
raster_tex_alpha: faces=744001 id=406
raster_tex_alpha: faces=744501 id=378
raster_tex_alpha: faces=745001 id=348
raster_tex_alpha: faces=745501 id=378
raster_tex_alpha: faces=746001 id=302
raster_tex_alpha: faces=746501 id=355
raster_tex_alpha: faces=747001 id=378
raster_tex_alpha: faces=747501 id=378
raster_tex_alpha: faces=748001 id=378
raster_tex_alpha: faces=748501 id=402
raster_tex_alpha: faces=749001 id=378
raster_tex_alpha: faces=749501 id=374
raster_tex_alpha: faces=750001 id=406
raster_tex_alpha: faces=750501 id=378
raster_tex_alpha: faces=751001 id=378
raster_tex_alpha: faces=751501 id=394
raster_tex_alpha: faces=752001 id=348
raster_tex_alpha: faces=752501 id=378
raster_tex_alpha: faces=753001 id=334
raster_tex_alpha: faces=753501 id=389
raster_tex_alpha: faces=754001 id=395
raster_tex_alpha: faces=754501 id=402
raster_tex_alpha: faces=755001 id=458
raster_tex_alpha: faces=755501 id=378
raster_tex_alpha: faces=756001 id=378
raster_tex_alpha: faces=756501 id=450
raster_tex_alpha: faces=757001 id=378
raster_tex_alpha: faces=757501 id=303
raster_tex_alpha: faces=758001 id=348
raster_tex_alpha: faces=758501 id=348
raster_tex_alpha: faces=759001 id=378
raster_tex_alpha: faces=759501 id=389
raster_tex_alpha: faces=760001 id=378
raster_tex_alpha: faces=760501 id=395
raster_tex_alpha: faces=761001 id=449
raster_tex_alpha: faces=761501 id=374
raster_tex_alpha: faces=762001 id=374
raster_tex_alpha: faces=762501 id=449
raster_tex_alpha: faces=763001 id=378
raster_tex_alpha: faces=763501 id=378
raster_tex_alpha: faces=764001 id=459
raster_tex_alpha: faces=764501 id=348
raster_tex_alpha: faces=765001 id=378
raster_tex_alpha: faces=765501 id=394
raster_tex_alpha: faces=766001 id=378
raster_tex_alpha: faces=766501 id=459
raster_tex_alpha: faces=767001 id=447
raster_tex_alpha: faces=767501 id=374
raster_tex_alpha: faces=768001 id=268
raster_tex_alpha: faces=768501 id=406
raster_tex_alpha: faces=769001 id=378
raster_tex_alpha: faces=769501 id=378
raster_tex_alpha: faces=770001 id=378
raster_tex_alpha: faces=770501 id=378
raster_tex_alpha: faces=771001 id=433
raster_tex_alpha: faces=771501 id=394
raster_tex_alpha: faces=772001 id=389
raster_tex_alpha: faces=772501 id=378
raster_tex_alpha: faces=773001 id=449
raster_tex_alpha: faces=773501 id=374
raster_tex_alpha: faces=774001 id=378
raster_tex_alpha: faces=774501 id=406
raster_tex_alpha: faces=775001 id=389
raster_tex_alpha: faces=775501 id=348
raster_tex_alpha: faces=776001 id=378
raster_tex_alpha: faces=776501 id=348
raster_tex_alpha: faces=777001 id=378
raster_tex_alpha: faces=777501 id=378
raster_tex_alpha: faces=778001 id=433
raster_tex_alpha: faces=778501 id=459
raster_tex_alpha: faces=779001 id=450
raster_tex_alpha: faces=779501 id=378
raster_tex_alpha: faces=780001 id=268
raster_tex_alpha: faces=780501 id=406
raster_tex_alpha: faces=781001 id=378
raster_tex_alpha: faces=781501 id=378
raster_tex_alpha: faces=782001 id=378
raster_tex_alpha: faces=782501 id=302
raster_tex_alpha: faces=783001 id=378
raster_tex_alpha: faces=783501 id=334
raster_tex_alpha: faces=784001 id=394
raster_tex_alpha: faces=784501 id=389
raster_tex_alpha: faces=785001 id=449
raster_tex_alpha: faces=785501 id=374
raster_tex_alpha: faces=786001 id=374
raster_tex_alpha: faces=786501 id=408
raster_tex_alpha: faces=787001 id=389
raster_tex_alpha: faces=787501 id=355
raster_tex_alpha: faces=788001 id=394
raster_tex_alpha: faces=788501 id=355
raster_tex_alpha: faces=789001 id=302
raster_tex_alpha: faces=789501 id=378
raster_tex_alpha: faces=790001 id=389
raster_tex_alpha: faces=790501 id=389
raster_tex_alpha: faces=791001 id=402
raster_tex_alpha: faces=791501 id=378
raster_tex_alpha: faces=792001 id=378
raster_tex_alpha: faces=792501 id=378
raster_tex_alpha: faces=793001 id=378
raster_tex_alpha: faces=793501 id=378
raster_tex_alpha: faces=794001 id=378
raster_tex_alpha: faces=794501 id=348
raster_tex_alpha: faces=795001 id=355
raster_tex_alpha: faces=795501 id=378
raster_tex_alpha: faces=796001 id=389
raster_tex_alpha: faces=796501 id=389
raster_tex_alpha: faces=797001 id=402
raster_tex_alpha: faces=797501 id=449
raster_tex_alpha: faces=798001 id=378
raster_tex_alpha: faces=798501 id=378
raster_tex_alpha: faces=799001 id=450
raster_tex_alpha: faces=799501 id=378
raster_tex_alpha: faces=800001 id=378
raster_tex_alpha: faces=800501 id=303
raster_tex_alpha: faces=801001 id=378
raster_tex_alpha: faces=801501 id=394
raster_tex_alpha: faces=802001 id=394
raster_tex_alpha: faces=802501 id=389
raster_tex_alpha: faces=803001 id=394
raster_tex_alpha: faces=803501 id=239
raster_tex_alpha: faces=804001 id=378
raster_tex_alpha: faces=804501 id=378
raster_tex_alpha: faces=805001 id=406
raster_tex_alpha: faces=805501 id=378
raster_tex_alpha: faces=806001 id=281
raster_tex_alpha: faces=806501 id=378
raster_tex_alpha: faces=807001 id=348
raster_tex_alpha: faces=807501 id=389
raster_tex_alpha: faces=808001 id=389
raster_tex_alpha: faces=808501 id=389
raster_tex_alpha: faces=809001 id=378
raster_tex_alpha: faces=809501 id=449
raster_tex_alpha: faces=810001 id=374
raster_tex_alpha: faces=810501 id=268
raster_tex_alpha: faces=811001 id=406
raster_tex_alpha: faces=811501 id=378
raster_tex_alpha: faces=812001 id=378
raster_tex_alpha: faces=812501 id=394
raster_tex_alpha: faces=813001 id=281
raster_tex_alpha: faces=813501 id=355
raster_tex_alpha: faces=814001 id=389
raster_tex_alpha: faces=814501 id=378
raster_tex_alpha: faces=815001 id=402
raster_tex_alpha: faces=815501 id=458
raster_tex_alpha: faces=816001 id=374
raster_tex_alpha: faces=816501 id=374
raster_tex_alpha: faces=817001 id=406
raster_tex_alpha: faces=817501 id=378
raster_tex_alpha: faces=818001 id=348
raster_tex_alpha: faces=818501 id=394
raster_tex_alpha: faces=819001 id=302
raster_tex_alpha: faces=819501 id=281
raster_tex_alpha: faces=820001 id=378
raster_tex_alpha: faces=820501 id=389
raster_tex_alpha: faces=821001 id=334
raster_tex_alpha: faces=821501 id=449
raster_tex_alpha: faces=822001 id=378
raster_tex_alpha: faces=822501 id=378
raster_tex_alpha: faces=823001 id=406
raster_tex_alpha: faces=823501 id=378
raster_tex_alpha: faces=824001 id=348
raster_tex_alpha: faces=824501 id=378
raster_tex_alpha: faces=825001 id=348
raster_tex_alpha: faces=825501 id=378
raster_tex_alpha: faces=826001 id=378
raster_tex_alpha: faces=826501 id=433
raster_tex_alpha: faces=827001 id=378
raster_tex_alpha: faces=827501 id=380
raster_tex_alpha: faces=828001 id=378
raster_tex_alpha: faces=828501 id=378
raster_tex_alpha: faces=829001 id=406
raster_tex_alpha: faces=829501 id=378
raster_tex_alpha: faces=830001 id=378
raster_tex_alpha: faces=830501 id=378
raster_tex_alpha: faces=831001 id=302
raster_tex_alpha: faces=831501 id=378
raster_tex_alpha: faces=832001 id=378
raster_tex_alpha: faces=832501 id=389
raster_tex_alpha: faces=833001 id=378
raster_tex_alpha: faces=833501 id=402
raster_tex_alpha: faces=834001 id=447
raster_tex_alpha: faces=834501 id=378
raster_tex_alpha: faces=835001 id=378
raster_tex_alpha: faces=835501 id=447
raster_tex_alpha: faces=836001 id=389
raster_tex_alpha: faces=836501 id=348
raster_tex_alpha: faces=837001 id=378
raster_tex_alpha: faces=837501 id=348
raster_tex_alpha: faces=838001 id=394
raster_tex_alpha: faces=838501 id=334
raster_tex_alpha: faces=839001 id=380
raster_tex_alpha: faces=839501 id=394
raster_tex_alpha: faces=840001 id=449
raster_tex_alpha: faces=840501 id=374
raster_tex_alpha: faces=841001 id=374
raster_tex_alpha: faces=841501 id=449
raster_tex_alpha: faces=842001 id=389
raster_tex_alpha: faces=842501 id=281
raster_tex_alpha: faces=843001 id=378
raster_tex_alpha: faces=843501 id=303
raster_tex_alpha: faces=844001 id=380
raster_tex_alpha: faces=844501 id=378
raster_tex_alpha: faces=845001 id=334
raster_tex_alpha: faces=845501 id=358
raster_tex_alpha: faces=846001 id=450
raster_tex_alpha: faces=846501 id=374
raster_tex_alpha: faces=847001 id=268
raster_tex_alpha: faces=847501 id=406
raster_tex_alpha: faces=848001 id=378
raster_tex_alpha: faces=848501 id=394
raster_tex_alpha: faces=849001 id=378
raster_tex_alpha: faces=849501 id=389
raster_tex_alpha: faces=850001 id=378
raster_tex_alpha: faces=850501 id=378
raster_tex_alpha: faces=851001 id=378
raster_tex_alpha: faces=851501 id=378
raster_tex_alpha: faces=852001 id=449
raster_tex_alpha: faces=852501 id=374
raster_tex_alpha: faces=853001 id=374
raster_tex_alpha: faces=853501 id=408
raster_tex_alpha: faces=854001 id=378
raster_tex_alpha: faces=854501 id=389
raster_tex_alpha: faces=855001 id=378
raster_tex_alpha: faces=855501 id=348
raster_tex_alpha: faces=856001 id=355
raster_tex_alpha: faces=856501 id=334
raster_tex_alpha: faces=857001 id=394
raster_tex_alpha: faces=857501 id=334
raster_tex_alpha: faces=858001 id=449
raster_tex_alpha: faces=858501 id=374
raster_tex_alpha: faces=859001 id=374
raster_tex_alpha: faces=859501 id=406
raster_tex_alpha: faces=860001 id=378
raster_tex_alpha: faces=860501 id=348
raster_tex_alpha: faces=861001 id=378
raster_tex_alpha: faces=861501 id=302
raster_tex_alpha: faces=862001 id=355
raster_tex_alpha: faces=862501 id=378
raster_tex_alpha: faces=863001 id=378
raster_tex_alpha: faces=863501 id=378
raster_tex_alpha: faces=864001 id=402
raster_tex_alpha: faces=864501 id=378
raster_tex_alpha: faces=865001 id=374
raster_tex_alpha: faces=865501 id=406
raster_tex_alpha: faces=866001 id=378
raster_tex_alpha: faces=866501 id=378
raster_tex_alpha: faces=867001 id=302
raster_tex_alpha: faces=867501 id=389
raster_tex_alpha: faces=868001 id=355
raster_tex_alpha: faces=868501 id=378
raster_tex_alpha: faces=869001 id=378
raster_tex_alpha: faces=869501 id=389
raster_tex_alpha: faces=870001 id=402
raster_tex_alpha: faces=870501 id=458
raster_tex_alpha: faces=871001 id=378
raster_tex_alpha: faces=871501 id=378
raster_tex_alpha: faces=872001 id=450
raster_tex_alpha: faces=872501 id=378
raster_tex_alpha: faces=873001 id=378
raster_tex_alpha: faces=873501 id=378
raster_tex_alpha: faces=874001 id=389
raster_tex_alpha: faces=874501 id=355
raster_tex_alpha: faces=875001 id=378
raster_tex_alpha: faces=875501 id=433
raster_tex_alpha: faces=876001 id=378
raster_tex_alpha: faces=876501 id=449
raster_tex_alpha: faces=877001 id=374
raster_tex_alpha: faces=877501 id=374
raster_tex_alpha: faces=878001 id=449
raster_tex_alpha: faces=878501 id=378
raster_tex_alpha: faces=879001 id=378
raster_tex_alpha: faces=879501 id=348
raster_tex_alpha: faces=880001 id=378
raster_tex_alpha: faces=880501 id=378
raster_tex_alpha: faces=881001 id=389
raster_tex_alpha: faces=881501 id=380
raster_tex_alpha: faces=882001 id=459
raster_tex_alpha: faces=882501 id=450
raster_tex_alpha: faces=883001 id=374
raster_tex_alpha: faces=883501 id=374
raster_tex_alpha: faces=884001 id=406
raster_tex_alpha: faces=884501 id=378
raster_tex_alpha: faces=885001 id=378
raster_tex_alpha: faces=885501 id=378
raster_tex_alpha: faces=886001 id=348
raster_tex_alpha: faces=886501 id=378
raster_tex_alpha: faces=887001 id=378
raster_tex_alpha: faces=887501 id=389
raster_tex_alpha: faces=888001 id=378
raster_tex_alpha: faces=888501 id=449
raster_tex_alpha: faces=889001 id=374
raster_tex_alpha: faces=889501 id=374
raster_tex_alpha: faces=890001 id=406
raster_tex_alpha: faces=890501 id=378
raster_tex_alpha: faces=891001 id=348
raster_tex_alpha: faces=891501 id=378
raster_tex_alpha: faces=892001 id=378
raster_tex_alpha: faces=892501 id=459
raster_tex_alpha: faces=893001 id=378
raster_tex_alpha: faces=893501 id=389
raster_tex_alpha: faces=894001 id=378
raster_tex_alpha: faces=894501 id=450
raster_tex_alpha: faces=895001 id=378
raster_tex_alpha: faces=895501 id=374
raster_tex_alpha: faces=896001 id=406
raster_tex_alpha: faces=896501 id=378
raster_tex_alpha: faces=897001 id=348
raster_tex_alpha: faces=897501 id=389
raster_tex_alpha: faces=898001 id=378
raster_tex_alpha: faces=898501 id=355
raster_tex_alpha: faces=899001 id=378
raster_tex_alpha: faces=899501 id=378
raster_tex_alpha: faces=900001 id=378
raster_tex_alpha: faces=900501 id=450
raster_tex_alpha: faces=901001 id=378
raster_tex_alpha: faces=901501 id=374
raster_tex_alpha: faces=902001 id=406
raster_tex_alpha: faces=902501 id=378
raster_tex_alpha: faces=903001 id=348
raster_tex_alpha: faces=903501 id=378
raster_tex_alpha: faces=904001 id=378
raster_tex_alpha: faces=904501 id=394
raster_tex_alpha: faces=905001 id=459
raster_tex_alpha: faces=905501 id=378
raster_tex_alpha: faces=906001 id=389
raster_tex_alpha: faces=906501 id=402
raster_tex_alpha: faces=907001 id=378
raster_tex_alpha: faces=907501 id=374
raster_tex_alpha: faces=908001 id=378
raster_tex_alpha: faces=908501 id=378
raster_tex_alpha: faces=909001 id=378
raster_tex_alpha: faces=909501 id=394
raster_tex_alpha: faces=910001 id=348
raster_tex_alpha: faces=910501 id=281
raster_tex_alpha: faces=911001 id=378
raster_tex_alpha: faces=911501 id=378
raster_tex_alpha: faces=912001 id=389
raster_tex_alpha: faces=912501 id=402
raster_tex_alpha: faces=913001 id=450
raster_tex_alpha: faces=913501 id=268
raster_tex_alpha: faces=914001 id=374
raster_tex_alpha: faces=914501 id=450
raster_tex_alpha: faces=915001 id=378
raster_tex_alpha: faces=915501 id=348
raster_tex_alpha: faces=916001 id=378
raster_tex_alpha: faces=916501 id=348
raster_tex_alpha: faces=917001 id=394
raster_tex_alpha: faces=917501 id=394
raster_tex_alpha: faces=918001 id=389
raster_tex_alpha: faces=918501 id=394
raster_tex_alpha: faces=919001 id=450
raster_tex_alpha: faces=919501 id=268
raster_tex_alpha: faces=920001 id=374
raster_tex_alpha: faces=920501 id=449
raster_tex_alpha: faces=921001 id=378
raster_tex_alpha: faces=921501 id=348
raster_tex_alpha: faces=922001 id=378
raster_tex_alpha: faces=922501 id=378
raster_tex_alpha: faces=923001 id=378
raster_tex_alpha: faces=923501 id=394
raster_tex_alpha: faces=924001 id=380
raster_tex_alpha: faces=924501 id=358
raster_tex_alpha: faces=925001 id=450
raster_tex_alpha: faces=925501 id=268
raster_tex_alpha: faces=926001 id=378
raster_tex_alpha: faces=926501 id=406
raster_tex_alpha: faces=927001 id=389
raster_tex_alpha: faces=927501 id=378
raster_tex_alpha: faces=928001 id=348
raster_tex_alpha: faces=928501 id=348
raster_tex_alpha: faces=929001 id=378
raster_tex_alpha: faces=929501 id=378
raster_tex_alpha: faces=930001 id=389
raster_tex_alpha: faces=930501 id=402
raster_tex_alpha: faces=931001 id=449
raster_tex_alpha: faces=931501 id=374
raster_tex_alpha: faces=932001 id=378
raster_tex_alpha: faces=932501 id=408
raster_tex_alpha: faces=933001 id=378
raster_tex_alpha: faces=933501 id=433
raster_tex_alpha: faces=934001 id=378
raster_tex_alpha: faces=934501 id=378
raster_tex_alpha: faces=935001 id=389
raster_tex_alpha: faces=935501 id=378
raster_tex_alpha: faces=936001 id=394
raster_tex_alpha: faces=936501 id=459
raster_tex_alpha: faces=937001 id=450
raster_tex_alpha: faces=937501 id=374
raster_tex_alpha: faces=938001 id=374
raster_tex_alpha: faces=938501 id=408
raster_tex_alpha: faces=939001 id=378
raster_tex_alpha: faces=939501 id=378
raster_tex_alpha: faces=940001 id=378
raster_tex_alpha: faces=940501 id=348
raster_tex_alpha: faces=941001 id=378
raster_tex_alpha: faces=941501 id=378
raster_tex_alpha: faces=942001 id=394
raster_tex_alpha: faces=942501 id=378
raster_tex_alpha: faces=943001 id=449
raster_tex_alpha: faces=943501 id=374
raster_tex_alpha: faces=944001 id=374
raster_tex_alpha: faces=944501 id=406
raster_tex_alpha: faces=945001 id=378
raster_tex_alpha: faces=945501 id=348
raster_tex_alpha: faces=946001 id=378
raster_tex_alpha: faces=946501 id=303
raster_tex_alpha: faces=947001 id=355
raster_tex_alpha: faces=947501 id=378
raster_tex_alpha: faces=948001 id=378
raster_tex_alpha: faces=948501 id=389
raster_tex_alpha: faces=949001 id=380
raster_tex_alpha: faces=949501 id=374
raster_tex_alpha: faces=950001 id=378
raster_tex_alpha: faces=950501 id=378
raster_tex_alpha: faces=951001 id=378
raster_tex_alpha: faces=951501 id=433
raster_tex_alpha: faces=952001 id=355
raster_tex_alpha: faces=952501 id=348
raster_tex_alpha: faces=953001 id=378
raster_tex_alpha: faces=953501 id=355
raster_tex_alpha: faces=954001 id=389
raster_tex_alpha: faces=954501 id=389
raster_tex_alpha: faces=955001 id=402
raster_tex_alpha: faces=955501 id=447
raster_tex_alpha: faces=956001 id=378
raster_tex_alpha: faces=956501 id=378
raster_tex_alpha: faces=957001 id=450
raster_tex_alpha: faces=957501 id=281
raster_tex_alpha: faces=958001 id=378
raster_tex_alpha: faces=958501 id=281
raster_tex_alpha: faces=959001 id=378
raster_tex_alpha: faces=959501 id=378
raster_tex_alpha: faces=960001 id=394
raster_tex_alpha: faces=960501 id=358
raster_tex_alpha: faces=961001 id=394
raster_tex_alpha: faces=961501 id=449
raster_tex_alpha: faces=962001 id=374
raster_tex_alpha: faces=962501 id=374
raster_tex_alpha: faces=963001 id=449
raster_tex_alpha: faces=963501 id=355
raster_tex_alpha: faces=964001 id=348
raster_tex_alpha: faces=964501 id=378
raster_tex_alpha: faces=965001 id=348
raster_tex_alpha: faces=965501 id=380
raster_tex_alpha: faces=966001 id=389
raster_tex_alpha: faces=966501 id=334
raster_tex_alpha: faces=967001 id=394
raster_tex_alpha: faces=967501 id=450
raster_tex_alpha: faces=968001 id=378
raster_tex_alpha: faces=968501 id=378
raster_tex_alpha: faces=969001 id=406
raster_tex_alpha: faces=969501 id=378
raster_tex_alpha: faces=970001 id=348
raster_tex_alpha: faces=970501 id=378
raster_tex_alpha: faces=971001 id=348
raster_tex_alpha: faces=971501 id=389
raster_tex_alpha: faces=972001 id=378
raster_tex_alpha: faces=972501 id=389
raster_tex_alpha: faces=973001 id=402
raster_tex_alpha: faces=973501 id=449
raster_tex_alpha: faces=974001 id=378
raster_tex_alpha: faces=974501 id=374
raster_tex_alpha: faces=975001 id=406
raster_tex_alpha: faces=975501 id=378
raster_tex_alpha: faces=976001 id=378
raster_tex_alpha: faces=976501 id=378
raster_tex_alpha: faces=977001 id=302
raster_tex_alpha: faces=977501 id=378
raster_tex_alpha: faces=978001 id=334
raster_tex_alpha: faces=978501 id=389
raster_tex_alpha: faces=979001 id=459
raster_tex_alpha: faces=979501 id=450
raster_tex_alpha: faces=980001 id=378
raster_tex_alpha: faces=980501 id=378
raster_tex_alpha: faces=981001 id=406
raster_tex_alpha: faces=981501 id=389
raster_tex_alpha: faces=982001 id=378
raster_tex_alpha: faces=982501 id=378
raster_tex_alpha: faces=983001 id=378
raster_tex_alpha: faces=983501 id=378
raster_tex_alpha: faces=984001 id=378
raster_tex_alpha: faces=984501 id=334
raster_tex_alpha: faces=985001 id=334
raster_tex_alpha: faces=985501 id=449
raster_tex_alpha: faces=986001 id=378
raster_tex_alpha: faces=986501 id=378
raster_tex_alpha: faces=987001 id=406
raster_tex_alpha: faces=987501 id=378
raster_tex_alpha: faces=988001 id=348
raster_tex_alpha: faces=988501 id=394
raster_tex_alpha: faces=989001 id=348
raster_tex_alpha: faces=989501 id=355
raster_tex_alpha: faces=990001 id=378
raster_tex_alpha: faces=990501 id=389
raster_tex_alpha: faces=991001 id=389
raster_tex_alpha: faces=991501 id=402
raster_tex_alpha: faces=992001 id=239
raster_tex_alpha: faces=992501 id=378
raster_tex_alpha: faces=993001 id=378
raster_tex_alpha: faces=993501 id=458
raster_tex_alpha: faces=994001 id=378
raster_tex_alpha: faces=994501 id=378
raster_tex_alpha: faces=995001 id=378
raster_tex_alpha: faces=995501 id=355
raster_tex_alpha: faces=996001 id=433
raster_tex_alpha: faces=996501 id=389
raster_tex_alpha: faces=997001 id=389
raster_tex_alpha: faces=997501 id=459
raster_tex_alpha: faces=998001 id=449
raster_tex_alpha: faces=998501 id=374
raster_tex_alpha: faces=999001 id=374
raster_tex_alpha: faces=999501 id=449
raster_tex_alpha: faces=1000001 id=378
raster_tex_alpha: faces=1000501 id=378
raster_tex_alpha: faces=1001001 id=378
raster_tex_alpha: faces=1001501 id=348
raster_tex_alpha: faces=1002001 id=378
raster_tex_alpha: faces=1002501 id=394
raster_tex_alpha: faces=1003001 id=389
raster_tex_alpha: faces=1003501 id=394
raster_tex_alpha: faces=1004001 id=458
raster_tex_alpha: faces=1004501 id=374
raster_tex_alpha: faces=1005001 id=374
raster_tex_alpha: faces=1005501 id=406
raster_tex_alpha: faces=1006001 id=389
raster_tex_alpha: faces=1006501 id=378
raster_tex_alpha: faces=1007001 id=348
raster_tex_alpha: faces=1007501 id=355
raster_tex_alpha: faces=1008001 id=334
raster_tex_alpha: faces=1008501 id=433
raster_tex_alpha: faces=1009001 id=459
raster_tex_alpha: faces=1009501 id=459
raster_tex_alpha: faces=1010001 id=449
raster_tex_alpha: faces=1010501 id=268
raster_tex_alpha: faces=1011001 id=378
raster_tex_alpha: faces=1011501 id=406
raster_tex_alpha: faces=1012001 id=378
raster_tex_alpha: faces=1012501 id=348
raster_tex_alpha: faces=1013001 id=378
raster_tex_alpha: faces=1013501 id=348
raster_tex_alpha: faces=1014001 id=355
raster_tex_alpha: faces=1014501 id=378
raster_tex_alpha: faces=1015001 id=389
raster_tex_alpha: faces=1015501 id=402
raster_tex_alpha: faces=1016001 id=458
raster_tex_alpha: faces=1016501 id=378
raster_tex_alpha: faces=1017001 id=378
raster_tex_alpha: faces=1017501 id=406
raster_tex_alpha: faces=1018001 id=378
raster_tex_alpha: faces=1018501 id=348
raster_tex_alpha: faces=1019001 id=378
raster_tex_alpha: faces=1019501 id=394
raster_tex_alpha: faces=1020001 id=355
raster_tex_alpha: faces=1020501 id=378
raster_tex_alpha: faces=1021001 id=334
raster_tex_alpha: faces=1021501 id=378
raster_tex_alpha: faces=1022001 id=449
raster_tex_alpha: faces=1022501 id=378
raster_tex_alpha: faces=1023001 id=374
raster_tex_alpha: faces=1023501 id=406
raster_tex_alpha: faces=1024001 id=378
raster_tex_alpha: faces=1024501 id=433
raster_tex_alpha: faces=1025001 id=395
raster_tex_alpha: faces=1025501 id=378
raster_tex_alpha: faces=1026001 id=355
raster_tex_alpha: faces=1026501 id=355
raster_tex_alpha: faces=1027001 id=378
raster_tex_alpha: faces=1027501 id=389
raster_tex_alpha: faces=1028001 id=395
raster_tex_alpha: faces=1028501 id=378
raster_tex_alpha: faces=1029001 id=374
raster_tex_alpha: faces=1029501 id=408
raster_tex_alpha: faces=1030001 id=378
raster_tex_alpha: faces=1030501 id=348
raster_tex_alpha: faces=1031001 id=303
raster_tex_alpha: faces=1031501 id=348
raster_tex_alpha: faces=1032001 id=378
raster_tex_alpha: faces=1032501 id=378
raster_tex_alpha: faces=1033001 id=389
raster_tex_alpha: faces=1033501 id=334
raster_tex_alpha: faces=1034001 id=380
raster_tex_alpha: faces=1034501 id=378
raster_tex_alpha: faces=1035001 id=378
raster_tex_alpha: faces=1035501 id=378
raster_tex_alpha: faces=1036001 id=239
raster_tex_alpha: faces=1036501 id=378
raster_tex_alpha: faces=1037001 id=378
raster_tex_alpha: faces=1037501 id=389
raster_tex_alpha: faces=1038001 id=378
raster_tex_alpha: faces=1038501 id=378
raster_tex_alpha: faces=1039001 id=378
raster_tex_alpha: faces=1039501 id=334
raster_tex_alpha: faces=1040001 id=402
raster_tex_alpha: faces=1040501 id=450
raster_tex_alpha: faces=1041001 id=268
raster_tex_alpha: faces=1041501 id=378
raster_tex_alpha: faces=1042001 id=450
raster_tex_alpha: faces=1042501 id=355
raster_tex_alpha: faces=1043001 id=394
raster_tex_alpha: faces=1043501 id=378
raster_tex_alpha: faces=1044001 id=378
raster_tex_alpha: faces=1044501 id=378
raster_tex_alpha: faces=1045001 id=389
raster_tex_alpha: faces=1045501 id=389
raster_tex_alpha: faces=1046001 id=395
raster_tex_alpha: faces=1046501 id=449
raster_tex_alpha: faces=1047001 id=378
raster_tex_alpha: faces=1047501 id=374
raster_tex_alpha: faces=1048001 id=449
raster_tex_alpha: faces=1048501 id=378
raster_tex_alpha: faces=1049001 id=348
raster_tex_alpha: faces=1049501 id=302
raster_tex_alpha: faces=1050001 id=348
raster_tex_alpha: faces=1050501 id=378
raster_tex_alpha: faces=1051001 id=334
raster_tex_alpha: faces=1051501 id=358
raster_tex_alpha: faces=1052001 id=394
raster_tex_alpha: faces=1052501 id=239
raster_tex_alpha: faces=1053001 id=378
raster_tex_alpha: faces=1053501 id=378
raster_tex_alpha: faces=1054001 id=406
raster_tex_alpha: faces=1054501 id=355
raster_tex_alpha: faces=1055001 id=378
raster_tex_alpha: faces=1055501 id=459
raster_tex_alpha: faces=1056001 id=348
raster_tex_alpha: faces=1056501 id=380
raster_tex_alpha: faces=1057001 id=389
raster_tex_alpha: faces=1057501 id=389
raster_tex_alpha: faces=1058001 id=394
raster_tex_alpha: faces=1058501 id=450
raster_tex_alpha: faces=1059001 id=378
raster_tex_alpha: faces=1059501 id=378
raster_tex_alpha: faces=1060001 id=406
raster_tex_alpha: faces=1060501 id=378
raster_tex_alpha: faces=1061001 id=378
raster_tex_alpha: faces=1061501 id=378
raster_tex_alpha: faces=1062001 id=348
raster_tex_alpha: faces=1062501 id=378
raster_tex_alpha: faces=1063001 id=394
raster_tex_alpha: faces=1063501 id=394
raster_tex_alpha: faces=1064001 id=378
raster_tex_alpha: faces=1064501 id=449
raster_tex_alpha: faces=1065001 id=374
raster_tex_alpha: faces=1065501 id=378
raster_tex_alpha: faces=1066001 id=406
raster_tex_alpha: faces=1066501 id=378
raster_tex_alpha: faces=1067001 id=281
raster_tex_alpha: faces=1067501 id=378
raster_tex_alpha: faces=1068001 id=378
raster_tex_alpha: faces=1068501 id=459
raster_tex_alpha: faces=1069001 id=378
raster_tex_alpha: faces=1069501 id=389
raster_tex_alpha: faces=1070001 id=378
raster_tex_alpha: faces=1070501 id=450
raster_tex_alpha: faces=1071001 id=378
raster_tex_alpha: faces=1071501 id=374
raster_tex_alpha: faces=1072001 id=408
raster_tex_alpha: faces=1072501 id=378
raster_tex_alpha: faces=1073001 id=348
raster_tex_alpha: faces=1073501 id=378
raster_tex_alpha: faces=1074001 id=378
raster_tex_alpha: faces=1074501 id=378
raster_tex_alpha: faces=1075001 id=389
raster_tex_alpha: faces=1075501 id=389
raster_tex_alpha: faces=1076001 id=459
raster_tex_alpha: faces=1076501 id=402
raster_tex_alpha: faces=1077001 id=378
raster_tex_alpha: faces=1077501 id=374
raster_tex_alpha: faces=1078001 id=406
raster_tex_alpha: faces=1078501 id=378
raster_tex_alpha: faces=1079001 id=378
raster_tex_alpha: faces=1079501 id=378
raster_tex_alpha: faces=1080001 id=348
raster_tex_alpha: faces=1080501 id=389
raster_tex_alpha: faces=1081001 id=355
raster_tex_alpha: faces=1081501 id=378
raster_tex_alpha: faces=1082001 id=389
raster_tex_alpha: faces=1082501 id=402
raster_tex_alpha: faces=1083001 id=450
raster_tex_alpha: faces=1083501 id=378
raster_tex_alpha: faces=1084001 id=378
raster_tex_alpha: faces=1084501 id=447
raster_tex_alpha: faces=1085001 id=355
raster_tex_alpha: faces=1085501 id=378
raster_tex_alpha: faces=1086001 id=433
raster_tex_alpha: faces=1086501 id=281
raster_tex_alpha: faces=1087001 id=378
raster_tex_alpha: faces=1087501 id=394
raster_tex_alpha: faces=1088001 id=334
raster_tex_alpha: faces=1088501 id=394
raster_tex_alpha: faces=1089001 id=449
raster_tex_alpha: faces=1089501 id=374
raster_tex_alpha: faces=1090001 id=374
raster_tex_alpha: faces=1090501 id=449
raster_tex_alpha: faces=1091001 id=378
raster_tex_alpha: faces=1091501 id=281
raster_tex_alpha: faces=1092001 id=459
raster_tex_alpha: faces=1092501 id=378
raster_tex_alpha: faces=1093001 id=394
raster_tex_alpha: faces=1093501 id=378
raster_tex_alpha: faces=1094001 id=389
raster_tex_alpha: faces=1094501 id=459
raster_tex_alpha: faces=1095001 id=449
raster_tex_alpha: faces=1095501 id=378
raster_tex_alpha: faces=1096001 id=378
raster_tex_alpha: faces=1096501 id=406
raster_tex_alpha: faces=1097001 id=378
raster_tex_alpha: faces=1097501 id=378
raster_tex_alpha: faces=1098001 id=302
raster_tex_alpha: faces=1098501 id=303
raster_tex_alpha: faces=1099001 id=389
raster_tex_alpha: faces=1099501 id=378
raster_tex_alpha: faces=1100001 id=394
raster_tex_alpha: faces=1100501 id=334
raster_tex_alpha: faces=1101001 id=450
raster_tex_alpha: faces=1101501 id=378
raster_tex_alpha: faces=1102001 id=268
raster_tex_alpha: faces=1102501 id=406
raster_tex_alpha: faces=1103001 id=389
raster_tex_alpha: faces=1103501 id=348
raster_tex_alpha: faces=1104001 id=378
raster_tex_alpha: faces=1104501 id=348
raster_tex_alpha: faces=1105001 id=389
raster_tex_alpha: faces=1105501 id=378
raster_tex_alpha: faces=1106001 id=378
raster_tex_alpha: faces=1106501 id=459
raster_tex_alpha: faces=1107001 id=402
raster_tex_alpha: faces=1107501 id=378
raster_tex_alpha: faces=1108001 id=374
raster_tex_alpha: faces=1108501 id=406
raster_tex_alpha: faces=1109001 id=378
raster_tex_alpha: faces=1109501 id=378
raster_tex_alpha: faces=1110001 id=378
raster_tex_alpha: faces=1110501 id=348
raster_tex_alpha: faces=1111001 id=281
raster_tex_alpha: faces=1111501 id=394
raster_tex_alpha: faces=1112001 id=334
raster_tex_alpha: faces=1112501 id=378
raster_tex_alpha: faces=1113001 id=378
raster_tex_alpha: faces=1113501 id=449
raster_tex_alpha: faces=1114001 id=374
raster_tex_alpha: faces=1114501 id=378
raster_tex_alpha: faces=1115001 id=449
raster_tex_alpha: faces=1115501 id=378
raster_tex_alpha: faces=1116001 id=348
raster_tex_alpha: faces=1116501 id=378
raster_tex_alpha: faces=1117001 id=348
raster_tex_alpha: faces=1117501 id=334
raster_tex_alpha: faces=1118001 id=389
raster_tex_alpha: faces=1118501 id=378
raster_tex_alpha: faces=1119001 id=380
raster_tex_alpha: faces=1119501 id=449
raster_tex_alpha: faces=1120001 id=268
raster_tex_alpha: faces=1120501 id=374
raster_tex_alpha: faces=1121001 id=406
raster_tex_alpha: faces=1121501 id=378
raster_tex_alpha: faces=1122001 id=348
raster_tex_alpha: faces=1122501 id=348
raster_tex_alpha: faces=1123001 id=348
raster_tex_alpha: faces=1123501 id=389
raster_tex_alpha: faces=1124001 id=378
raster_tex_alpha: faces=1124501 id=378
raster_tex_alpha: faces=1125001 id=389
raster_tex_alpha: faces=1125501 id=449
raster_tex_alpha: faces=1126001 id=374
raster_tex_alpha: faces=1126501 id=374
raster_tex_alpha: faces=1127001 id=408
raster_tex_alpha: faces=1127501 id=378
raster_tex_alpha: faces=1128001 id=348
raster_tex_alpha: faces=1128501 id=378
raster_tex_alpha: faces=1129001 id=378
raster_tex_alpha: faces=1129501 id=433
raster_tex_alpha: faces=1130001 id=378
raster_tex_alpha: faces=1130501 id=389
raster_tex_alpha: faces=1131001 id=334
raster_tex_alpha: faces=1131501 id=402
raster_tex_alpha: faces=1132001 id=450
raster_tex_alpha: faces=1132501 id=268
raster_tex_alpha: faces=1133001 id=378
raster_tex_alpha: faces=1133501 id=450
raster_tex_alpha: faces=1134001 id=348
raster_tex_alpha: faces=1134501 id=303
raster_tex_alpha: faces=1135001 id=348
raster_tex_alpha: faces=1135501 id=355
raster_tex_alpha: faces=1136001 id=433
raster_tex_alpha: faces=1136501 id=380
raster_tex_alpha: faces=1137001 id=334
raster_tex_alpha: faces=1137501 id=459
raster_tex_alpha: faces=1138001 id=449
raster_tex_alpha: faces=1138501 id=374
raster_tex_alpha: faces=1139001 id=378
raster_tex_alpha: faces=1139501 id=406
raster_tex_alpha: faces=1140001 id=378
raster_tex_alpha: faces=1140501 id=348
raster_tex_alpha: faces=1141001 id=378
raster_tex_alpha: faces=1141501 id=348
raster_tex_alpha: faces=1142001 id=389
raster_tex_alpha: faces=1142501 id=334
raster_tex_alpha: faces=1143001 id=389
raster_tex_alpha: faces=1143501 id=358
raster_tex_alpha: faces=1144001 id=449
raster_tex_alpha: faces=1144501 id=374
raster_tex_alpha: faces=1145001 id=378
raster_tex_alpha: faces=1145501 id=408
raster_tex_alpha: faces=1146001 id=378
raster_tex_alpha: faces=1146501 id=378
raster_tex_alpha: faces=1147001 id=395
raster_tex_alpha: faces=1147501 id=348
raster_tex_alpha: faces=1148001 id=355
raster_tex_alpha: faces=1148501 id=394
raster_tex_alpha: faces=1149001 id=358
raster_tex_alpha: faces=1149501 id=378
raster_tex_alpha: faces=1150001 id=380
raster_tex_alpha: faces=1150501 id=378
raster_tex_alpha: faces=1151001 id=378
raster_tex_alpha: faces=1151501 id=378
raster_tex_alpha: faces=1152001 id=239
raster_tex_alpha: faces=1152501 id=378
raster_tex_alpha: faces=1153001 id=281
raster_tex_alpha: faces=1153501 id=378
raster_tex_alpha: faces=1154001 id=378
raster_tex_alpha: faces=1154501 id=378
raster_tex_alpha: faces=1155001 id=389
raster_tex_alpha: faces=1155501 id=389
raster_tex_alpha: faces=1156001 id=394
raster_tex_alpha: faces=1156501 id=449
raster_tex_alpha: faces=1157001 id=374
raster_tex_alpha: faces=1157501 id=378
raster_tex_alpha: faces=1158001 id=449
raster_tex_alpha: faces=1158501 id=378
raster_tex_alpha: faces=1159001 id=303
raster_tex_alpha: faces=1159501 id=389
raster_tex_alpha: faces=1160001 id=302
raster_tex_alpha: faces=1160501 id=281
raster_tex_alpha: faces=1161001 id=389
raster_tex_alpha: faces=1161501 id=378
raster_tex_alpha: faces=1162001 id=459
raster_tex_alpha: faces=1162501 id=450
raster_tex_alpha: faces=1163001 id=374
raster_tex_alpha: faces=1163501 id=374
raster_tex_alpha: faces=1164001 id=406
raster_tex_alpha: faces=1164501 id=378
raster_tex_alpha: faces=1165001 id=348
raster_tex_alpha: faces=1165501 id=394
raster_tex_alpha: faces=1166001 id=348
raster_tex_alpha: faces=1166501 id=389
raster_tex_alpha: faces=1167001 id=389
raster_tex_alpha: faces=1167501 id=389
raster_tex_alpha: faces=1168001 id=389
raster_tex_alpha: faces=1168501 id=449
raster_tex_alpha: faces=1169001 id=378
raster_tex_alpha: faces=1169501 id=374
raster_tex_alpha: faces=1170001 id=406
raster_tex_alpha: faces=1170501 id=378
raster_tex_alpha: faces=1171001 id=378
raster_tex_alpha: faces=1171501 id=378
raster_tex_alpha: faces=1172001 id=348
raster_tex_alpha: faces=1172501 id=378
raster_tex_alpha: faces=1173001 id=355
raster_tex_alpha: faces=1173501 id=395
raster_tex_alpha: faces=1174001 id=378
raster_tex_alpha: faces=1174501 id=402
raster_tex_alpha: faces=1175001 id=458
raster_tex_alpha: faces=1175501 id=378
raster_tex_alpha: faces=1176001 id=378
raster_tex_alpha: faces=1176501 id=450
raster_tex_alpha: faces=1177001 id=378
raster_tex_alpha: faces=1177501 id=378
raster_tex_alpha: faces=1178001 id=348
raster_tex_alpha: faces=1178501 id=302
raster_tex_alpha: faces=1179001 id=433
raster_tex_alpha: faces=1179501 id=378
raster_tex_alpha: faces=1180001 id=334
raster_tex_alpha: faces=1180501 id=378
raster_tex_alpha: faces=1181001 id=450
raster_tex_alpha: faces=1181501 id=374
raster_tex_alpha: faces=1182001 id=268
raster_tex_alpha: faces=1182501 id=406
raster_tex_alpha: faces=1183001 id=281
raster_tex_alpha: faces=1183501 id=433
raster_tex_alpha: faces=1184001 id=281
raster_tex_alpha: faces=1184501 id=394
raster_tex_alpha: faces=1185001 id=378
raster_tex_alpha: faces=1185501 id=389
raster_tex_alpha: faces=1186001 id=389
raster_tex_alpha: faces=1186501 id=378
raster_tex_alpha: faces=1187001 id=447
raster_tex_alpha: faces=1187501 id=374
raster_tex_alpha: faces=1188001 id=374
raster_tex_alpha: faces=1188501 id=406
raster_tex_alpha: faces=1189001 id=378
raster_tex_alpha: faces=1189501 id=348
raster_tex_alpha: faces=1190001 id=348
raster_tex_alpha: faces=1190501 id=303
raster_tex_alpha: faces=1191001 id=389
raster_tex_alpha: faces=1191501 id=334
raster_tex_alpha: faces=1192001 id=389
raster_tex_alpha: faces=1192501 id=389
raster_tex_alpha: faces=1193001 id=402
raster_tex_alpha: faces=1193501 id=374
raster_tex_alpha: faces=1194001 id=378
raster_tex_alpha: faces=1194501 id=406
raster_tex_alpha: faces=1195001 id=378
raster_tex_alpha: faces=1195501 id=348
raster_tex_alpha: faces=1196001 id=281
raster_tex_alpha: faces=1196501 id=348
raster_tex_alpha: faces=1197001 id=378
raster_tex_alpha: faces=1197501 id=334
raster_tex_alpha: faces=1198001 id=394
raster_tex_alpha: faces=1198501 id=389
raster_tex_alpha: faces=1199001 id=394
raster_tex_alpha: faces=1199501 id=449
raster_tex_alpha: faces=1200001 id=374
raster_tex_alpha: faces=1200501 id=374
raster_tex_alpha: faces=1201001 id=449
raster_tex_alpha: faces=1201501 id=355
raster_tex_alpha: faces=1202001 id=348
raster_tex_alpha: faces=1202501 id=348
raster_tex_alpha: faces=1203001 id=389
raster_tex_alpha: faces=1203501 id=380
raster_tex_alpha: faces=1204001 id=389
raster_tex_alpha: faces=1204501 id=389
raster_tex_alpha: faces=1205001 id=378
raster_tex_alpha: faces=1205501 id=449
raster_tex_alpha: faces=1206001 id=378
raster_tex_alpha: faces=1206501 id=378
raster_tex_alpha: faces=1207001 id=406
raster_tex_alpha: faces=1207501 id=378
raster_tex_alpha: faces=1208001 id=378
raster_tex_alpha: faces=1208501 id=348
raster_tex_alpha: faces=1209001 id=378
raster_tex_alpha: faces=1209501 id=389
raster_tex_alpha: faces=1210001 id=389
raster_tex_alpha: faces=1210501 id=389
raster_tex_alpha: faces=1211001 id=389
raster_tex_alpha: faces=1211501 id=450
raster_tex_alpha: faces=1212001 id=378
raster_tex_alpha: faces=1212501 id=378
raster_tex_alpha: faces=1213001 id=408
raster_tex_alpha: faces=1213501 id=389
raster_tex_alpha: faces=1214001 id=348
raster_tex_alpha: faces=1214501 id=378
raster_tex_alpha: faces=1215001 id=348
raster_tex_alpha: faces=1215501 id=459
raster_tex_alpha: faces=1216001 id=378
raster_tex_alpha: faces=1216501 id=378
raster_tex_alpha: faces=1217001 id=378
raster_tex_alpha: faces=1217501 id=402
raster_tex_alpha: faces=1218001 id=450
raster_tex_alpha: faces=1218501 id=378
raster_tex_alpha: faces=1219001 id=378
raster_tex_alpha: faces=1219501 id=450
raster_tex_alpha: faces=1220001 id=378
raster_tex_alpha: faces=1220501 id=378
raster_tex_alpha: faces=1221001 id=378
raster_tex_alpha: faces=1221501 id=378
raster_tex_alpha: faces=1222001 id=378
raster_tex_alpha: faces=1222501 id=378
raster_tex_alpha: faces=1223001 id=389
raster_tex_alpha: faces=1223501 id=394
raster_tex_alpha: faces=1224001 id=450
raster_tex_alpha: faces=1224501 id=378
raster_tex_alpha: faces=1225001 id=378
raster_tex_alpha: faces=1225501 id=406
raster_tex_alpha: faces=1226001 id=378
raster_tex_alpha: faces=1226501 id=378
raster_tex_alpha: faces=1227001 id=302
raster_tex_alpha: faces=1227501 id=378
raster_tex_alpha: faces=1228001 id=433
raster_tex_alpha: faces=1228501 id=378
raster_tex_alpha: faces=1229001 id=389
raster_tex_alpha: faces=1229501 id=334
raster_tex_alpha: faces=1230001 id=450
raster_tex_alpha: faces=1230501 id=378
raster_tex_alpha: faces=1231001 id=268
raster_tex_alpha: faces=1231501 id=406
raster_tex_alpha: faces=1232001 id=378
raster_tex_alpha: faces=1232501 id=348
raster_tex_alpha: faces=1233001 id=378
raster_tex_alpha: faces=1233501 id=355
raster_tex_alpha: faces=1234001 id=378
raster_tex_alpha: faces=1234501 id=389
raster_tex_alpha: faces=1235001 id=334
raster_tex_alpha: faces=1235501 id=334
raster_tex_alpha: faces=1236001 id=402
raster_tex_alpha: faces=1236501 id=378
raster_tex_alpha: faces=1237001 id=378
raster_tex_alpha: faces=1237501 id=408
raster_tex_alpha: faces=1238001 id=378
raster_tex_alpha: faces=1238501 id=355
raster_tex_alpha: faces=1239001 id=378
raster_tex_alpha: faces=1239501 id=389
raster_tex_alpha: faces=1240001 id=389
raster_tex_alpha: faces=1240501 id=378
raster_tex_alpha: faces=1241001 id=389
raster_tex_alpha: faces=1241501 id=334
raster_tex_alpha: faces=1242001 id=378
raster_tex_alpha: faces=1242501 id=449
raster_tex_alpha: faces=1243001 id=378
raster_tex_alpha: faces=1243501 id=374
raster_tex_alpha: faces=1244001 id=449
raster_tex_alpha: faces=1244501 id=433
raster_tex_alpha: faces=1245001 id=378
raster_tex_alpha: faces=1245501 id=348
raster_tex_alpha: faces=1246001 id=394
raster_tex_alpha: faces=1246501 id=334
raster_tex_alpha: faces=1247001 id=389
raster_tex_alpha: faces=1247501 id=380
raster_tex_alpha: faces=1248001 id=394
raster_tex_alpha: faces=1248501 id=450
raster_tex_alpha: faces=1249001 id=378
raster_tex_alpha: faces=1249501 id=378
raster_tex_alpha: faces=1250001 id=408
raster_tex_alpha: faces=1250501 id=378
raster_tex_alpha: faces=1251001 id=378
raster_tex_alpha: faces=1251501 id=378
raster_tex_alpha: faces=1252001 id=378
raster_tex_alpha: faces=1252501 id=378
raster_tex_alpha: faces=1253001 id=378
raster_tex_alpha: faces=1253501 id=389
raster_tex_alpha: faces=1254001 id=378
raster_tex_alpha: faces=1254501 id=239
raster_tex_alpha: faces=1255001 id=374
raster_tex_alpha: faces=1255501 id=378
raster_tex_alpha: faces=1256001 id=408
raster_tex_alpha: faces=1256501 id=378
raster_tex_alpha: faces=1257001 id=378
raster_tex_alpha: faces=1257501 id=348
raster_tex_alpha: faces=1258001 id=355
raster_tex_alpha: faces=1258501 id=433
raster_tex_alpha: faces=1259001 id=459
raster_tex_alpha: faces=1259501 id=389
raster_tex_alpha: faces=1260001 id=389
raster_tex_alpha: faces=1260501 id=449
raster_tex_alpha: faces=1261001 id=378
raster_tex_alpha: faces=1261501 id=374
raster_tex_alpha: faces=1262001 id=406
raster_tex_alpha: faces=1262501 id=378
raster_tex_alpha: faces=1263001 id=378
raster_tex_alpha: faces=1263501 id=378
raster_tex_alpha: faces=1264001 id=281
raster_tex_alpha: faces=1264501 id=389
raster_tex_alpha: faces=1265001 id=394
raster_tex_alpha: faces=1265501 id=378
raster_tex_alpha: faces=1266001 id=459
raster_tex_alpha: faces=1266501 id=380
raster_tex_alpha: faces=1267001 id=378
raster_tex_alpha: faces=1267501 id=378
raster_tex_alpha: faces=1268001 id=378
raster_tex_alpha: faces=1268501 id=239
raster_tex_alpha: faces=1269001 id=433
raster_tex_alpha: faces=1269501 id=281
raster_tex_alpha: faces=1270001 id=378
raster_tex_alpha: faces=1270501 id=389
raster_tex_alpha: faces=1271001 id=378
raster_tex_alpha: faces=1271501 id=389
raster_tex_alpha: faces=1272001 id=394
raster_tex_alpha: faces=1272501 id=459
raster_tex_alpha: faces=1273001 id=449
raster_tex_alpha: faces=1273501 id=374
raster_tex_alpha: faces=1274001 id=374
raster_tex_alpha: faces=1274501 id=449
raster_tex_alpha: faces=1275001 id=378
raster_tex_alpha: faces=1275501 id=378
raster_tex_alpha: faces=1276001 id=348
raster_tex_alpha: faces=1276501 id=355
raster_tex_alpha: faces=1277001 id=394
raster_tex_alpha: faces=1277501 id=389
raster_tex_alpha: faces=1278001 id=378
raster_tex_alpha: faces=1278501 id=459
raster_tex_alpha: faces=1279001 id=450
raster_tex_alpha: faces=1279501 id=374
raster_tex_alpha: faces=1280001 id=374
raster_tex_alpha: faces=1280501 id=408
raster_tex_alpha: faces=1281001 id=378
raster_tex_alpha: faces=1281501 id=389
raster_tex_alpha: faces=1282001 id=395
raster_tex_alpha: faces=1282501 id=355
raster_tex_alpha: faces=1283001 id=378
raster_tex_alpha: faces=1283501 id=380
raster_tex_alpha: faces=1284001 id=378
raster_tex_alpha: faces=1284501 id=433
raster_tex_alpha: faces=1285001 id=458
raster_tex_alpha: faces=1285501 id=374
raster_tex_alpha: faces=1286001 id=374
raster_tex_alpha: faces=1286501 id=406
raster_tex_alpha: faces=1287001 id=378
raster_tex_alpha: faces=1287501 id=378
raster_tex_alpha: faces=1288001 id=378
raster_tex_alpha: faces=1288501 id=389
raster_tex_alpha: faces=1289001 id=378
raster_tex_alpha: faces=1289501 id=378
raster_tex_alpha: faces=1290001 id=433
raster_tex_alpha: faces=1290501 id=378
raster_tex_alpha: faces=1291001 id=449
raster_tex_alpha: faces=1291501 id=378
raster_tex_alpha: faces=1292001 id=378
raster_tex_alpha: faces=1292501 id=406
raster_tex_alpha: faces=1293001 id=378
raster_tex_alpha: faces=1293501 id=355
raster_tex_alpha: faces=1294001 id=378
raster_tex_alpha: faces=1294501 id=378
raster_tex_alpha: faces=1295001 id=394
raster_tex_alpha: faces=1295501 id=355
raster_tex_alpha: faces=1296001 id=378
raster_tex_alpha: faces=1296501 id=378
raster_tex_alpha: faces=1297001 id=402
raster_tex_alpha: faces=1297501 id=378
raster_tex_alpha: faces=1298001 id=378
raster_tex_alpha: faces=1298501 id=378
raster_tex_alpha: faces=1299001 id=239
raster_tex_alpha: faces=1299501 id=378
raster_tex_alpha: faces=1300001 id=378
raster_tex_alpha: faces=1300501 id=348
raster_tex_alpha: faces=1301001 id=378
raster_tex_alpha: faces=1301501 id=355
raster_tex_alpha: faces=1302001 id=389
raster_tex_alpha: faces=1302501 id=378
raster_tex_alpha: faces=1303001 id=459
raster_tex_alpha: faces=1303501 id=449
raster_tex_alpha: faces=1304001 id=374
raster_tex_alpha: faces=1304501 id=374
raster_tex_alpha: faces=1305001 id=450
raster_tex_alpha: faces=1305501 id=378
raster_tex_alpha: faces=1306001 id=378
raster_tex_alpha: faces=1306501 id=378
raster_tex_alpha: faces=1307001 id=378
raster_tex_alpha: faces=1307501 id=394
raster_tex_alpha: faces=1308001 id=380
raster_tex_alpha: faces=1308501 id=378
raster_tex_alpha: faces=1309001 id=378
raster_tex_alpha: faces=1309501 id=450
raster_tex_alpha: faces=1310001 id=378
raster_tex_alpha: faces=1310501 id=378
raster_tex_alpha: faces=1311001 id=406
raster_tex_alpha: faces=1311501 id=389
raster_tex_alpha: faces=1312001 id=348
raster_tex_alpha: faces=1312501 id=303
raster_tex_alpha: faces=1313001 id=389
raster_tex_alpha: faces=1313501 id=378
raster_tex_alpha: faces=1314001 id=378
raster_tex_alpha: faces=1314501 id=389
raster_tex_alpha: faces=1315001 id=378
raster_tex_alpha: faces=1315501 id=458
raster_tex_alpha: faces=1316001 id=374
raster_tex_alpha: faces=1316501 id=378
raster_tex_alpha: faces=1317001 id=406
raster_tex_alpha: faces=1317501 id=378
raster_tex_alpha: faces=1318001 id=378
raster_tex_alpha: faces=1318501 id=302
raster_tex_alpha: faces=1319001 id=378
raster_tex_alpha: faces=1319501 id=378
raster_tex_alpha: faces=1320001 id=389
raster_tex_alpha: faces=1320501 id=378
raster_tex_alpha: faces=1321001 id=378
raster_tex_alpha: faces=1321501 id=449
raster_tex_alpha: faces=1322001 id=374
raster_tex_alpha: faces=1322501 id=268
raster_tex_alpha: faces=1323001 id=408
raster_tex_alpha: faces=1323501 id=378
raster_tex_alpha: faces=1324001 id=378
raster_tex_alpha: faces=1324501 id=348
raster_tex_alpha: faces=1325001 id=348
raster_tex_alpha: faces=1325501 id=355
raster_tex_alpha: faces=1326001 id=394
raster_tex_alpha: faces=1326501 id=394
raster_tex_alpha: faces=1327001 id=334
raster_tex_alpha: faces=1327501 id=402
raster_tex_alpha: faces=1328001 id=239
raster_tex_alpha: faces=1328501 id=378
raster_tex_alpha: faces=1329001 id=378
raster_tex_alpha: faces=1329501 id=458
raster_tex_alpha: faces=1330001 id=378
raster_tex_alpha: faces=1330501 id=302
raster_tex_alpha: faces=1331001 id=378
raster_tex_alpha: faces=1331501 id=389
raster_tex_alpha: faces=1332001 id=334
raster_tex_alpha: faces=1332501 id=389
raster_tex_alpha: faces=1333001 id=394
raster_tex_alpha: faces=1333501 id=378
raster_tex_alpha: faces=1334001 id=449
raster_tex_alpha: faces=1334501 id=374
raster_tex_alpha: faces=1335001 id=374
raster_tex_alpha: faces=1335501 id=449
raster_tex_alpha: faces=1336001 id=355
raster_tex_alpha: faces=1336501 id=302
raster_tex_alpha: faces=1337001 id=348
raster_tex_alpha: faces=1337501 id=394
raster_tex_alpha: faces=1338001 id=394
raster_tex_alpha: faces=1338501 id=378
raster_tex_alpha: faces=1339001 id=389
raster_tex_alpha: faces=1339501 id=358
raster_tex_alpha: faces=1340001 id=449
raster_tex_alpha: faces=1340501 id=374
raster_tex_alpha: faces=1341001 id=378
raster_tex_alpha: faces=1341501 id=406
raster_tex_alpha: faces=1342001 id=378
raster_tex_alpha: faces=1342501 id=378
raster_tex_alpha: faces=1343001 id=302
raster_tex_alpha: faces=1343501 id=394
raster_tex_alpha: faces=1344001 id=389
raster_tex_alpha: faces=1344501 id=378
raster_tex_alpha: faces=1345001 id=389
raster_tex_alpha: faces=1345501 id=334
raster_tex_alpha: faces=1346001 id=458
raster_tex_alpha: faces=1346501 id=378
raster_tex_alpha: faces=1347001 id=374
raster_tex_alpha: faces=1347501 id=408
raster_tex_alpha: faces=1348001 id=378
raster_tex_alpha: faces=1348501 id=334
raster_tex_alpha: faces=1349001 id=303
raster_tex_alpha: faces=1349501 id=378
raster_tex_alpha: faces=1350001 id=281
raster_tex_alpha: faces=1350501 id=378
raster_tex_alpha: faces=1351001 id=389
raster_tex_alpha: faces=1351501 id=389
raster_tex_alpha: faces=1352001 id=449
raster_tex_alpha: faces=1352501 id=378
raster_tex_alpha: faces=1353001 id=378
raster_tex_alpha: faces=1353501 id=406
raster_tex_alpha: faces=1354001 id=378
raster_tex_alpha: faces=1354501 id=378
raster_tex_alpha: faces=1355001 id=378
raster_tex_alpha: faces=1355501 id=348
raster_tex_alpha: faces=1356001 id=378
raster_tex_alpha: faces=1356501 id=389
raster_tex_alpha: faces=1357001 id=389
raster_tex_alpha: faces=1357501 id=389
raster_tex_alpha: faces=1358001 id=402
raster_tex_alpha: faces=1358501 id=458
raster_tex_alpha: faces=1359001 id=378
raster_tex_alpha: faces=1359501 id=378
raster_tex_alpha: faces=1360001 id=458
raster_tex_alpha: faces=1360501 id=378
raster_tex_alpha: faces=1361001 id=378
raster_tex_alpha: faces=1361501 id=378
raster_tex_alpha: faces=1362001 id=378
raster_tex_alpha: faces=1362501 id=433
raster_tex_alpha: faces=1363001 id=334
raster_tex_alpha: faces=1363501 id=378
raster_tex_alpha: faces=1364001 id=394
raster_tex_alpha: faces=1364501 id=449
raster_tex_alpha: faces=1365001 id=378
raster_tex_alpha: faces=1365501 id=374
raster_tex_alpha: faces=1366001 id=449
raster_tex_alpha: faces=1366501 id=378
raster_tex_alpha: faces=1367001 id=378
raster_tex_alpha: faces=1367501 id=378
raster_tex_alpha: faces=1368001 id=378
raster_tex_alpha: faces=1368501 id=378
raster_tex_alpha: faces=1369001 id=459
raster_tex_alpha: faces=1369501 id=389
raster_tex_alpha: faces=1370001 id=358
raster_tex_alpha: faces=1370501 id=449
raster_tex_alpha: faces=1371001 id=374
raster_tex_alpha: faces=1371501 id=378
raster_tex_alpha: faces=1372001 id=406
raster_tex_alpha: faces=1372501 id=378
raster_tex_alpha: faces=1373001 id=378
raster_tex_alpha: faces=1373501 id=281
raster_tex_alpha: faces=1374001 id=459
raster_tex_alpha: faces=1374501 id=389
raster_tex_alpha: faces=1375001 id=459
raster_tex_alpha: faces=1375501 id=378
raster_tex_alpha: faces=1376001 id=402
raster_tex_alpha: faces=1376501 id=450
raster_tex_alpha: faces=1377001 id=378
raster_tex_alpha: faces=1377501 id=378
raster_tex_alpha: faces=1378001 id=406
raster_tex_alpha: faces=1378501 id=378
raster_tex_alpha: faces=1379001 id=348
raster_tex_alpha: faces=1379501 id=348
raster_tex_alpha: faces=1380001 id=380
raster_tex_alpha: faces=1380501 id=334
raster_tex_alpha: faces=1381001 id=378
raster_tex_alpha: faces=1381501 id=389
raster_tex_alpha: faces=1382001 id=389
raster_tex_alpha: faces=1382501 id=449
raster_tex_alpha: faces=1383001 id=378
raster_tex_alpha: faces=1383501 id=374
raster_tex_alpha: faces=1384001 id=406
raster_tex_alpha: faces=1384501 id=378
raster_tex_alpha: faces=1385001 id=378
raster_tex_alpha: faces=1385501 id=355
raster_tex_alpha: faces=1386001 id=281
raster_tex_alpha: faces=1386501 id=378
raster_tex_alpha: faces=1387001 id=395
raster_tex_alpha: faces=1387501 id=433
raster_tex_alpha: faces=1388001 id=378
raster_tex_alpha: faces=1388501 id=402
raster_tex_alpha: faces=1389001 id=458
raster_tex_alpha: faces=1389501 id=378
raster_tex_alpha: faces=1390001 id=378
raster_tex_alpha: faces=1390501 id=450
raster_tex_alpha: faces=1391001 id=348
raster_tex_alpha: faces=1391501 id=378
raster_tex_alpha: faces=1392001 id=378
raster_tex_alpha: faces=1392501 id=378
raster_tex_alpha: faces=1393001 id=378
raster_tex_alpha: faces=1393501 id=389
raster_tex_alpha: faces=1394001 id=389
raster_tex_alpha: faces=1394501 id=394
raster_tex_alpha: faces=1395001 id=449
raster_tex_alpha: faces=1395501 id=374
raster_tex_alpha: faces=1396001 id=374
raster_tex_alpha: faces=1396501 id=449
raster_tex_alpha: faces=1397001 id=378
raster_tex_alpha: faces=1397501 id=378
raster_tex_alpha: faces=1398001 id=395
raster_tex_alpha: faces=1398501 id=378
raster_tex_alpha: faces=1399001 id=334
raster_tex_alpha: faces=1399501 id=378
raster_tex_alpha: faces=1400001 id=389
raster_tex_alpha: faces=1400501 id=459
raster_tex_alpha: faces=1401001 id=449
raster_tex_alpha: faces=1401501 id=268
raster_tex_alpha: faces=1402001 id=374
raster_tex_alpha: faces=1402501 id=408
raster_tex_alpha: faces=1403001 id=378
raster_tex_alpha: faces=1403501 id=378
raster_tex_alpha: faces=1404001 id=378
raster_tex_alpha: faces=1404501 id=394
raster_tex_alpha: faces=1405001 id=389
raster_tex_alpha: faces=1405501 id=394
raster_tex_alpha: faces=1406001 id=334
raster_tex_alpha: faces=1406501 id=378
raster_tex_alpha: faces=1407001 id=450
raster_tex_alpha: faces=1407501 id=268
raster_tex_alpha: faces=1408001 id=374
raster_tex_alpha: faces=1408501 id=406
raster_tex_alpha: faces=1409001 id=389
raster_tex_alpha: faces=1409501 id=348
raster_tex_alpha: faces=1410001 id=378
raster_tex_alpha: faces=1410501 id=348
raster_tex_alpha: faces=1411001 id=281
raster_tex_alpha: faces=1411501 id=378
raster_tex_alpha: faces=1412001 id=358
raster_tex_alpha: faces=1412501 id=358
raster_tex_alpha: faces=1413001 id=402
raster_tex_alpha: faces=1413501 id=378
raster_tex_alpha: faces=1414001 id=374
raster_tex_alpha: faces=1414501 id=406
raster_tex_alpha: faces=1415001 id=378
raster_tex_alpha: faces=1415501 id=348
raster_tex_alpha: faces=1416001 id=378
raster_tex_alpha: faces=1416501 id=348
raster_tex_alpha: faces=1417001 id=378
raster_tex_alpha: faces=1417501 id=378
raster_tex_alpha: faces=1418001 id=433
raster_tex_alpha: faces=1418501 id=378
raster_tex_alpha: faces=1419001 id=402
raster_tex_alpha: faces=1419501 id=447
raster_tex_alpha: faces=1420001 id=378
raster_tex_alpha: faces=1420501 id=378
raster_tex_alpha: faces=1421001 id=450
raster_tex_alpha: faces=1421501 id=348
raster_tex_alpha: faces=1422001 id=281
raster_tex_alpha: faces=1422501 id=378
raster_tex_alpha: faces=1423001 id=378
raster_tex_alpha: faces=1423501 id=378
raster_tex_alpha: faces=1424001 id=378
raster_tex_alpha: faces=1424501 id=394
raster_tex_alpha: faces=1425001 id=394
raster_tex_alpha: faces=1425501 id=239
raster_tex_alpha: faces=1426001 id=374
raster_tex_alpha: faces=1426501 id=378
raster_tex_alpha: faces=1427001 id=406
raster_tex_alpha: faces=1427501 id=378
raster_tex_alpha: faces=1428001 id=378
raster_tex_alpha: faces=1428501 id=348
raster_tex_alpha: faces=1429001 id=302
raster_tex_alpha: faces=1429501 id=378
raster_tex_alpha: faces=1430001 id=389
raster_tex_alpha: faces=1430501 id=378
raster_tex_alpha: faces=1431001 id=378
raster_tex_alpha: faces=1431501 id=449
raster_tex_alpha: faces=1432001 id=374
raster_tex_alpha: faces=1432501 id=374
raster_tex_alpha: faces=1433001 id=406
raster_tex_alpha: faces=1433501 id=378
raster_tex_alpha: faces=1434001 id=378
raster_tex_alpha: faces=1434501 id=378
raster_tex_alpha: faces=1435001 id=378
raster_tex_alpha: faces=1435501 id=389
raster_tex_alpha: faces=1436001 id=378
raster_tex_alpha: faces=1436501 id=378
raster_tex_alpha: faces=1437001 id=334
raster_tex_alpha: faces=1437501 id=449
raster_tex_alpha: faces=1438001 id=378
raster_tex_alpha: faces=1438501 id=374
raster_tex_alpha: faces=1439001 id=406
raster_tex_alpha: faces=1439501 id=378
raster_tex_alpha: faces=1440001 id=378
raster_tex_alpha: faces=1440501 id=378
raster_tex_alpha: faces=1441001 id=389
raster_tex_alpha: faces=1441501 id=389
raster_tex_alpha: faces=1442001 id=394
raster_tex_alpha: faces=1442501 id=389
raster_tex_alpha: faces=1443001 id=378
raster_tex_alpha: faces=1443501 id=402
raster_tex_alpha: faces=1444001 id=378
raster_tex_alpha: faces=1444501 id=374
raster_tex_alpha: faces=1445001 id=406
raster_tex_alpha: faces=1445501 id=378
raster_tex_alpha: faces=1446001 id=348
raster_tex_alpha: faces=1446501 id=378
raster_tex_alpha: faces=1447001 id=348
raster_tex_alpha: faces=1447501 id=389
raster_tex_alpha: faces=1448001 id=355
raster_tex_alpha: faces=1448501 id=378
raster_tex_alpha: faces=1449001 id=334
raster_tex_alpha: faces=1449501 id=402
raster_tex_alpha: faces=1450001 id=450
raster_tex_alpha: faces=1450501 id=378
raster_tex_alpha: faces=1451001 id=378
raster_tex_alpha: faces=1451501 id=450
raster_tex_alpha: faces=1452001 id=378
raster_tex_alpha: faces=1452501 id=303
raster_tex_alpha: faces=1453001 id=348
raster_tex_alpha: faces=1453501 id=433
raster_tex_alpha: faces=1454001 id=459
raster_tex_alpha: faces=1454501 id=389
raster_tex_alpha: faces=1455001 id=394
raster_tex_alpha: faces=1455501 id=394
raster_tex_alpha: faces=1456001 id=239
raster_tex_alpha: faces=1456501 id=378
raster_tex_alpha: faces=1457001 id=378
raster_tex_alpha: faces=1457501 id=408
raster_tex_alpha: faces=1458001 id=378
raster_tex_alpha: faces=1458501 id=281
raster_tex_alpha: faces=1459001 id=348
raster_tex_alpha: faces=1459501 id=355
raster_tex_alpha: faces=1460001 id=378
raster_tex_alpha: faces=1460501 id=389
raster_tex_alpha: faces=1461001 id=389
raster_tex_alpha: faces=1461501 id=378
raster_tex_alpha: faces=1462001 id=449
raster_tex_alpha: faces=1462501 id=378
raster_tex_alpha: faces=1463001 id=378
raster_tex_alpha: faces=1463501 id=408
raster_tex_alpha: faces=1464001 id=378
raster_tex_alpha: faces=1464501 id=378
raster_tex_alpha: faces=1465001 id=378
raster_tex_alpha: faces=1465501 id=389
raster_tex_alpha: faces=1466001 id=334
raster_tex_alpha: faces=1466501 id=394
raster_tex_alpha: faces=1467001 id=378
raster_tex_alpha: faces=1467501 id=402
raster_tex_alpha: faces=1468001 id=449
raster_tex_alpha: faces=1468501 id=374
raster_tex_alpha: faces=1469001 id=378
raster_tex_alpha: faces=1469501 id=406
raster_tex_alpha: faces=1470001 id=378
raster_tex_alpha: faces=1470501 id=348
raster_tex_alpha: faces=1471001 id=378
raster_tex_alpha: faces=1471501 id=302
raster_tex_alpha: faces=1472001 id=378
raster_tex_alpha: faces=1472501 id=355
raster_tex_alpha: faces=1473001 id=394
raster_tex_alpha: faces=1473501 id=378
raster_tex_alpha: faces=1474001 id=402
raster_tex_alpha: faces=1474501 id=378
raster_tex_alpha: faces=1475001 id=378
raster_tex_alpha: faces=1475501 id=408
raster_tex_alpha: faces=1476001 id=378
raster_tex_alpha: faces=1476501 id=378
raster_tex_alpha: faces=1477001 id=355
raster_tex_alpha: faces=1477501 id=378
raster_tex_alpha: faces=1478001 id=302
raster_tex_alpha: faces=1478501 id=378
raster_tex_alpha: faces=1479001 id=378
raster_tex_alpha: faces=1479501 id=389
raster_tex_alpha: faces=1480001 id=402
raster_tex_alpha: faces=1480501 id=449
raster_tex_alpha: faces=1481001 id=374
raster_tex_alpha: faces=1481501 id=374
raster_tex_alpha: faces=1482001 id=449
raster_tex_alpha: faces=1482501 id=281
raster_tex_alpha: faces=1483001 id=348
raster_tex_alpha: faces=1483501 id=348
raster_tex_alpha: faces=1484001 id=281
raster_tex_alpha: faces=1484501 id=355
raster_tex_alpha: faces=1485001 id=389
raster_tex_alpha: faces=1485501 id=334
raster_tex_alpha: faces=1486001 id=402
raster_tex_alpha: faces=1486501 id=447
raster_tex_alpha: faces=1487001 id=378
raster_tex_alpha: faces=1487501 id=374
raster_tex_alpha: faces=1488001 id=406
raster_tex_alpha: faces=1488501 id=389
raster_tex_alpha: faces=1489001 id=303
raster_tex_alpha: faces=1489501 id=378
raster_tex_alpha: faces=1490001 id=302
raster_tex_alpha: faces=1490501 id=378
raster_tex_alpha: faces=1491001 id=378
raster_tex_alpha: faces=1491501 id=389
raster_tex_alpha: faces=1492001 id=378
raster_tex_alpha: faces=1492501 id=239
raster_tex_alpha: faces=1493001 id=374
raster_tex_alpha: faces=1493501 id=374
raster_tex_alpha: faces=1494001 id=406
raster_tex_alpha: faces=1494501 id=389
raster_tex_alpha: faces=1495001 id=348
raster_tex_alpha: faces=1495501 id=348
raster_tex_alpha: faces=1496001 id=389
raster_tex_alpha: faces=1496501 id=459
raster_tex_alpha: faces=1497001 id=378
raster_tex_alpha: faces=1497501 id=389
raster_tex_alpha: faces=1498001 id=378
raster_tex_alpha: faces=1498501 id=449
raster_tex_alpha: faces=1499001 id=378
raster_tex_alpha: faces=1499501 id=374
raster_tex_alpha: faces=1500001 id=408
raster_tex_alpha: faces=1500501 id=378
raster_tex_alpha: faces=1501001 id=389
raster_tex_alpha: faces=1501501 id=378
raster_tex_alpha: faces=1502001 id=348
raster_tex_alpha: faces=1502501 id=355
raster_tex_alpha: faces=1503001 id=378
raster_tex_alpha: faces=1503501 id=459
raster_tex_alpha: faces=1504001 id=459
raster_tex_alpha: faces=1504501 id=380
raster_tex_alpha: faces=1505001 id=378
raster_tex_alpha: faces=1505501 id=378
raster_tex_alpha: faces=1506001 id=378
raster_tex_alpha: faces=1506501 id=239
raster_tex_alpha: faces=1507001 id=348
raster_tex_alpha: faces=1507501 id=378
raster_tex_alpha: faces=1508001 id=281
raster_tex_alpha: faces=1508501 id=334
raster_tex_alpha: faces=1509001 id=355
raster_tex_alpha: faces=1509501 id=378
raster_tex_alpha: faces=1510001 id=378
raster_tex_alpha: faces=1510501 id=459
raster_tex_alpha: faces=1511001 id=449
raster_tex_alpha: faces=1511501 id=378
raster_tex_alpha: faces=1512001 id=268
raster_tex_alpha: faces=1512501 id=449
raster_tex_alpha: faces=1513001 id=378
raster_tex_alpha: faces=1513501 id=378
raster_tex_alpha: faces=1514001 id=378
raster_tex_alpha: faces=1514501 id=302
raster_tex_alpha: faces=1515001 id=380
raster_tex_alpha: faces=1515501 id=459
raster_tex_alpha: faces=1516001 id=394
raster_tex_alpha: faces=1516501 id=378
raster_tex_alpha: faces=1517001 id=450
raster_tex_alpha: faces=1517501 id=378
raster_tex_alpha: faces=1518001 id=378
raster_tex_alpha: faces=1518501 id=406
raster_tex_alpha: faces=1519001 id=378
raster_tex_alpha: faces=1519501 id=433
raster_tex_alpha: faces=1520001 id=348
raster_tex_alpha: faces=1520501 id=355
raster_tex_alpha: faces=1521001 id=389
raster_tex_alpha: faces=1521501 id=378
raster_tex_alpha: faces=1522001 id=389
raster_tex_alpha: faces=1522501 id=459
raster_tex_alpha: faces=1523001 id=239
raster_tex_alpha: faces=1523501 id=378
raster_tex_alpha: faces=1524001 id=378
raster_tex_alpha: faces=1524501 id=408
raster_tex_alpha: faces=1525001 id=378
raster_tex_alpha: faces=1525501 id=355
raster_tex_alpha: faces=1526001 id=378
raster_tex_alpha: faces=1526501 id=378
raster_tex_alpha: faces=1527001 id=378
raster_tex_alpha: faces=1527501 id=378
raster_tex_alpha: faces=1528001 id=378
raster_tex_alpha: faces=1528501 id=459
raster_tex_alpha: faces=1529001 id=449
raster_tex_alpha: faces=1529501 id=378
raster_tex_alpha: faces=1530001 id=378
raster_tex_alpha: faces=1530501 id=406
raster_tex_alpha: faces=1531001 id=378
raster_tex_alpha: faces=1531501 id=378
raster_tex_alpha: faces=1532001 id=378
raster_tex_alpha: faces=1532501 id=378
raster_tex_alpha: faces=1533001 id=281
raster_tex_alpha: faces=1533501 id=389
raster_tex_alpha: faces=1534001 id=389
raster_tex_alpha: faces=1534501 id=389
raster_tex_alpha: faces=1535001 id=380
raster_tex_alpha: faces=1535501 id=378
raster_tex_alpha: faces=1536001 id=378
raster_tex_alpha: faces=1536501 id=378
raster_tex_alpha: faces=1537001 id=378
raster_tex_alpha: faces=1537501 id=378
raster_tex_alpha: faces=1538001 id=378
raster_tex_alpha: faces=1538501 id=348
raster_tex_alpha: faces=1539001 id=378
raster_tex_alpha: faces=1539501 id=378
raster_tex_alpha: faces=1540001 id=389
raster_tex_alpha: faces=1540501 id=334
raster_tex_alpha: faces=1541001 id=402
raster_tex_alpha: faces=1541501 id=450
raster_tex_alpha: faces=1542001 id=268
raster_tex_alpha: faces=1542501 id=374
raster_tex_alpha: faces=1543001 id=450
raster_tex_alpha: faces=1543501 id=348
raster_tex_alpha: faces=1544001 id=378
raster_tex_alpha: faces=1544501 id=378
raster_tex_alpha: faces=1545001 id=355
raster_tex_alpha: faces=1545501 id=334
raster_tex_alpha: faces=1546001 id=378
raster_tex_alpha: faces=1546501 id=378
raster_tex_alpha: faces=1547001 id=394
raster_tex_alpha: faces=1547501 id=449
raster_tex_alpha: faces=1548001 id=374
raster_tex_alpha: faces=1548501 id=374
raster_tex_alpha: faces=1549001 id=449
raster_tex_alpha: faces=1549501 id=378
raster_tex_alpha: faces=1550001 id=378
raster_tex_alpha: faces=1550501 id=378
raster_tex_alpha: faces=1551001 id=378
raster_tex_alpha: faces=1551501 id=378
raster_tex_alpha: faces=1552001 id=378
raster_tex_alpha: faces=1552501 id=389
raster_tex_alpha: faces=1553001 id=378
raster_tex_alpha: faces=1553501 id=449
raster_tex_alpha: faces=1554001 id=374
raster_tex_alpha: faces=1554501 id=378
raster_tex_alpha: faces=1555001 id=406
raster_tex_alpha: faces=1555501 id=378
raster_tex_alpha: faces=1556001 id=378
raster_tex_alpha: faces=1556501 id=378
raster_tex_alpha: faces=1557001 id=394
raster_tex_alpha: faces=1557501 id=389
raster_tex_alpha: faces=1558001 id=378
raster_tex_alpha: faces=1558501 id=389
raster_tex_alpha: faces=1559001 id=395
raster_tex_alpha: faces=1559501 id=450
raster_tex_alpha: faces=1560001 id=374
raster_tex_alpha: faces=1560501 id=378
raster_tex_alpha: faces=1561001 id=406
raster_tex_alpha: faces=1561501 id=378
raster_tex_alpha: faces=1562001 id=281
raster_tex_alpha: faces=1562501 id=378
raster_tex_alpha: faces=1563001 id=348
raster_tex_alpha: faces=1563501 id=378
raster_tex_alpha: faces=1564001 id=378
raster_tex_alpha: faces=1564501 id=389
raster_tex_alpha: faces=1565001 id=389
raster_tex_alpha: faces=1565501 id=402
raster_tex_alpha: faces=1566001 id=239
raster_tex_alpha: faces=1566501 id=378
raster_tex_alpha: faces=1567001 id=378
raster_tex_alpha: faces=1567501 id=458
raster_tex_alpha: faces=1568001 id=378
raster_tex_alpha: faces=1568501 id=378
raster_tex_alpha: faces=1569001 id=433
raster_tex_alpha: faces=1569501 id=378
raster_tex_alpha: faces=1570001 id=378
raster_tex_alpha: faces=1570501 id=394
raster_tex_alpha: faces=1571001 id=378
raster_tex_alpha: faces=1571501 id=459
raster_tex_alpha: faces=1572001 id=458
raster_tex_alpha: faces=1572501 id=268
raster_tex_alpha: faces=1573001 id=378
raster_tex_alpha: faces=1573501 id=408
raster_tex_alpha: faces=1574001 id=348
raster_tex_alpha: faces=1574501 id=433
raster_tex_alpha: faces=1575001 id=348
raster_tex_alpha: faces=1575501 id=378
raster_tex_alpha: faces=1576001 id=378
raster_tex_alpha: faces=1576501 id=378
raster_tex_alpha: faces=1577001 id=433
raster_tex_alpha: faces=1577501 id=394
raster_tex_alpha: faces=1578001 id=380
raster_tex_alpha: faces=1578501 id=374
raster_tex_alpha: faces=1579001 id=378
raster_tex_alpha: faces=1579501 id=378
raster_tex_alpha: faces=1580001 id=378
raster_tex_alpha: faces=1580501 id=378
raster_tex_alpha: faces=1581001 id=389
raster_tex_alpha: faces=1581501 id=348
raster_tex_alpha: faces=1582001 id=459
raster_tex_alpha: faces=1582501 id=378
raster_tex_alpha: faces=1583001 id=394
raster_tex_alpha: faces=1583501 id=389
raster_tex_alpha: faces=1584001 id=402
raster_tex_alpha: faces=1584501 id=458
raster_tex_alpha: faces=1585001 id=374
raster_tex_alpha: faces=1585501 id=374
raster_tex_alpha: faces=1586001 id=406
raster_tex_alpha: faces=1586501 id=378
raster_tex_alpha: faces=1587001 id=348
raster_tex_alpha: faces=1587501 id=378
raster_tex_alpha: faces=1588001 id=303
raster_tex_alpha: faces=1588501 id=394
raster_tex_alpha: faces=1589001 id=378
raster_tex_alpha: faces=1589501 id=378
raster_tex_alpha: faces=1590001 id=394
raster_tex_alpha: faces=1590501 id=394
raster_tex_alpha: faces=1591001 id=450
raster_tex_alpha: faces=1591501 id=374
raster_tex_alpha: faces=1592001 id=374
raster_tex_alpha: faces=1592501 id=449
raster_tex_alpha: faces=1593001 id=348
raster_tex_alpha: faces=1593501 id=303
raster_tex_alpha: faces=1594001 id=348
raster_tex_alpha: faces=1594501 id=378
raster_tex_alpha: faces=1595001 id=389
raster_tex_alpha: faces=1595501 id=378
raster_tex_alpha: faces=1596001 id=389
raster_tex_alpha: faces=1596501 id=389
raster_tex_alpha: faces=1597001 id=402
raster_tex_alpha: faces=1597501 id=378
raster_tex_alpha: faces=1598001 id=378
raster_tex_alpha: faces=1598501 id=408
raster_tex_alpha: faces=1599001 id=378
raster_tex_alpha: faces=1599501 id=378
raster_tex_alpha: faces=1600001 id=355
raster_tex_alpha: faces=1600501 id=302
raster_tex_alpha: faces=1601001 id=389
raster_tex_alpha: faces=1601501 id=389
raster_tex_alpha: faces=1602001 id=433
raster_tex_alpha: faces=1602501 id=389
raster_tex_alpha: faces=1603001 id=389
raster_tex_alpha: faces=1603501 id=380
raster_tex_alpha: faces=1604001 id=378
raster_tex_alpha: faces=1604501 id=378
raster_tex_alpha: faces=1605001 id=378
raster_tex_alpha: faces=1605501 id=239
raster_tex_alpha: faces=1606001 id=348
raster_tex_alpha: faces=1606501 id=378
raster_tex_alpha: faces=1607001 id=348
raster_tex_alpha: faces=1607501 id=281
raster_tex_alpha: faces=1608001 id=378
raster_tex_alpha: faces=1608501 id=378
raster_tex_alpha: faces=1609001 id=389
raster_tex_alpha: faces=1609501 id=389
raster_tex_alpha: faces=1610001 id=402
raster_tex_alpha: faces=1610501 id=450
raster_tex_alpha: faces=1611001 id=378
raster_tex_alpha: faces=1611501 id=378
raster_tex_alpha: faces=1612001 id=447
raster_tex_alpha: faces=1612501 id=378
raster_tex_alpha: faces=1613001 id=355
raster_tex_alpha: faces=1613501 id=378
raster_tex_alpha: faces=1614001 id=378
raster_tex_alpha: faces=1614501 id=433
raster_tex_alpha: faces=1615001 id=378
raster_tex_alpha: faces=1615501 id=380
raster_tex_alpha: faces=1616001 id=394
raster_tex_alpha: faces=1616501 id=394
raster_tex_alpha: faces=1617001 id=449
raster_tex_alpha: faces=1617501 id=374
raster_tex_alpha: faces=1618001 id=374
raster_tex_alpha: faces=1618501 id=449
raster_tex_alpha: faces=1619001 id=348
raster_tex_alpha: faces=1619501 id=378
raster_tex_alpha: faces=1620001 id=378
raster_tex_alpha: faces=1620501 id=334
raster_tex_alpha: faces=1621001 id=394
raster_tex_alpha: faces=1621501 id=394
raster_tex_alpha: faces=1622001 id=395
raster_tex_alpha: faces=1622501 id=394
raster_tex_alpha: faces=1623001 id=459
raster_tex_alpha: faces=1623501 id=450
raster_tex_alpha: faces=1624001 id=374
raster_tex_alpha: faces=1624501 id=374
raster_tex_alpha: faces=1625001 id=449
raster_tex_alpha: faces=1625501 id=303
raster_tex_alpha: faces=1626001 id=281
raster_tex_alpha: faces=1626501 id=378
raster_tex_alpha: faces=1627001 id=378
raster_tex_alpha: faces=1627501 id=355
raster_tex_alpha: faces=1628001 id=378
raster_tex_alpha: faces=1628501 id=389
raster_tex_alpha: faces=1629001 id=378
raster_tex_alpha: faces=1629501 id=378
raster_tex_alpha: faces=1630001 id=450
raster_tex_alpha: faces=1630501 id=378
raster_tex_alpha: faces=1631001 id=378
raster_tex_alpha: faces=1631501 id=406
raster_tex_alpha: faces=1632001 id=303
raster_tex_alpha: faces=1632501 id=378
raster_tex_alpha: faces=1633001 id=378
raster_tex_alpha: faces=1633501 id=378
raster_tex_alpha: faces=1634001 id=378
raster_tex_alpha: faces=1634501 id=334
raster_tex_alpha: faces=1635001 id=378
raster_tex_alpha: faces=1635501 id=378
raster_tex_alpha: faces=1636001 id=378
raster_tex_alpha: faces=1636501 id=394
raster_tex_alpha: faces=1637001 id=449
raster_tex_alpha: faces=1637501 id=374
raster_tex_alpha: faces=1638001 id=374
raster_tex_alpha: faces=1638501 id=449
raster_tex_alpha: faces=1639001 id=348
raster_tex_alpha: faces=1639501 id=378
raster_tex_alpha: faces=1640001 id=348
raster_tex_alpha: faces=1640501 id=378
raster_tex_alpha: faces=1641001 id=281
raster_tex_alpha: faces=1641501 id=358
raster_tex_alpha: faces=1642001 id=389
raster_tex_alpha: faces=1642501 id=433
raster_tex_alpha: faces=1643001 id=433
raster_tex_alpha: faces=1643501 id=449
raster_tex_alpha: faces=1644001 id=378
raster_tex_alpha: faces=1644501 id=374
raster_tex_alpha: faces=1645001 id=408
raster_tex_alpha: faces=1645501 id=348
raster_tex_alpha: faces=1646001 id=378
raster_tex_alpha: faces=1646501 id=378
raster_tex_alpha: faces=1647001 id=378
raster_tex_alpha: faces=1647501 id=378
raster_tex_alpha: faces=1648001 id=389
raster_tex_alpha: faces=1648501 id=389
raster_tex_alpha: faces=1649001 id=389
raster_tex_alpha: faces=1649501 id=394
raster_tex_alpha: faces=1650001 id=394
raster_tex_alpha: faces=1650501 id=449
raster_tex_alpha: faces=1651001 id=268
raster_tex_alpha: faces=1651501 id=378
raster_tex_alpha: faces=1652001 id=449
raster_tex_alpha: faces=1652501 id=378
raster_tex_alpha: faces=1653001 id=348
raster_tex_alpha: faces=1653501 id=378
raster_tex_alpha: faces=1654001 id=355
raster_tex_alpha: faces=1654501 id=378
raster_tex_alpha: faces=1655001 id=378
raster_tex_alpha: faces=1655501 id=378
raster_tex_alpha: faces=1656001 id=378
raster_tex_alpha: faces=1656501 id=378
raster_tex_alpha: faces=1657001 id=449
raster_tex_alpha: faces=1657501 id=378
raster_tex_alpha: faces=1658001 id=378
raster_tex_alpha: faces=1658501 id=406
raster_tex_alpha: faces=1659001 id=348
raster_tex_alpha: faces=1659501 id=348
raster_tex_alpha: faces=1660001 id=348
raster_tex_alpha: faces=1660501 id=378
raster_tex_alpha: faces=1661001 id=378
raster_tex_alpha: faces=1661501 id=389
raster_tex_alpha: faces=1662001 id=358
raster_tex_alpha: faces=1662501 id=389
raster_tex_alpha: faces=1663001 id=389
raster_tex_alpha: faces=1663501 id=394
raster_tex_alpha: faces=1664001 id=449
raster_tex_alpha: faces=1664501 id=378
raster_tex_alpha: faces=1665001 id=374
raster_tex_alpha: faces=1665501 id=407
raster_tex_alpha: faces=1666001 id=378
raster_tex_alpha: faces=1666501 id=348
raster_tex_alpha: faces=1667001 id=355
raster_tex_alpha: faces=1667501 id=378
raster_tex_alpha: faces=1668001 id=378
raster_tex_alpha: faces=1668501 id=281
raster_tex_alpha: faces=1669001 id=389
raster_tex_alpha: faces=1669501 id=459
raster_tex_alpha: faces=1670001 id=378
raster_tex_alpha: faces=1670501 id=394
raster_tex_alpha: faces=1671001 id=450
raster_tex_alpha: faces=1671501 id=378
raster_tex_alpha: faces=1672001 id=378
raster_tex_alpha: faces=1672501 id=408
raster_tex_alpha: faces=1673001 id=378
raster_tex_alpha: faces=1673501 id=348
raster_tex_alpha: faces=1674001 id=378
raster_tex_alpha: faces=1674501 id=378
raster_tex_alpha: faces=1675001 id=389
raster_tex_alpha: faces=1675501 id=281
raster_tex_alpha: faces=1676001 id=389
raster_tex_alpha: faces=1676501 id=389
raster_tex_alpha: faces=1677001 id=389
raster_tex_alpha: faces=1677501 id=394
raster_tex_alpha: faces=1678001 id=449
raster_tex_alpha: faces=1678501 id=374
raster_tex_alpha: faces=1679001 id=374
raster_tex_alpha: faces=1679501 id=406
raster_tex_alpha: faces=1680001 id=303
raster_tex_alpha: faces=1680501 id=348
raster_tex_alpha: faces=1681001 id=378
raster_tex_alpha: faces=1681501 id=302
raster_tex_alpha: faces=1682001 id=281
raster_tex_alpha: faces=1682501 id=378
raster_tex_alpha: faces=1683001 id=378
raster_tex_alpha: faces=1683501 id=389
raster_tex_alpha: faces=1684001 id=378
raster_tex_alpha: faces=1684501 id=389
raster_tex_alpha: faces=1685001 id=378
raster_tex_alpha: faces=1685501 id=450
raster_tex_alpha: faces=1686001 id=374
raster_tex_alpha: faces=1686501 id=378
raster_tex_alpha: faces=1687001 id=406
raster_tex_alpha: faces=1687501 id=378
raster_tex_alpha: faces=1688001 id=348
raster_tex_alpha: faces=1688501 id=378
raster_tex_alpha: faces=1689001 id=378
raster_tex_alpha: faces=1689501 id=281
raster_tex_alpha: faces=1690001 id=378
raster_tex_alpha: faces=1690501 id=378
raster_tex_alpha: faces=1691001 id=378
raster_tex_alpha: faces=1691501 id=459
raster_tex_alpha: faces=1692001 id=389
raster_tex_alpha: faces=1692501 id=394
raster_tex_alpha: faces=1693001 id=449
raster_tex_alpha: faces=1693501 id=378
raster_tex_alpha: faces=1694001 id=374
raster_tex_alpha: faces=1694501 id=406
raster_tex_alpha: faces=1695001 id=378
raster_tex_alpha: faces=1695501 id=378
raster_tex_alpha: faces=1696001 id=348
raster_tex_alpha: faces=1696501 id=348
raster_tex_alpha: faces=1697001 id=355
raster_tex_alpha: faces=1697501 id=378
raster_tex_alpha: faces=1698001 id=378
raster_tex_alpha: faces=1698501 id=378
raster_tex_alpha: faces=1699001 id=389
raster_tex_alpha: faces=1699501 id=378
raster_tex_alpha: faces=1700001 id=394
raster_tex_alpha: faces=1700501 id=402
raster_tex_alpha: faces=1701001 id=450
raster_tex_alpha: faces=1701501 id=268
raster_tex_alpha: faces=1702001 id=374
raster_tex_alpha: faces=1702501 id=450
raster_tex_alpha: faces=1703001 id=303
raster_tex_alpha: faces=1703501 id=378
raster_tex_alpha: faces=1704001 id=378
raster_tex_alpha: faces=1704501 id=355
raster_tex_alpha: faces=1705001 id=378
raster_tex_alpha: faces=1705501 id=378
raster_tex_alpha: faces=1706001 id=378
raster_tex_alpha: faces=1706501 id=389
raster_tex_alpha: faces=1707001 id=389
raster_tex_alpha: faces=1707501 id=394
raster_tex_alpha: faces=1708001 id=394
raster_tex_alpha: faces=1708501 id=449
raster_tex_alpha: faces=1709001 id=378
raster_tex_alpha: faces=1709501 id=374
raster_tex_alpha: faces=1710001 id=406
raster_tex_alpha: faces=1710501 id=378
raster_tex_alpha: faces=1711001 id=348
raster_tex_alpha: faces=1711501 id=355
raster_tex_alpha: faces=1712001 id=378
raster_tex_alpha: faces=1712501 id=355
raster_tex_alpha: faces=1713001 id=389
raster_tex_alpha: faces=1713501 id=378
raster_tex_alpha: faces=1714001 id=389
raster_tex_alpha: faces=1714501 id=389
raster_tex_alpha: faces=1715001 id=389
raster_tex_alpha: faces=1715501 id=394
raster_tex_alpha: faces=1716001 id=402
raster_tex_alpha: faces=1716501 id=374
raster_tex_alpha: faces=1717001 id=374
raster_tex_alpha: faces=1717501 id=408
raster_tex_alpha: faces=1718001 id=378
raster_tex_alpha: faces=1718501 id=303
raster_tex_alpha: faces=1719001 id=348
raster_tex_alpha: faces=1719501 id=433
raster_tex_alpha: faces=1720001 id=378
raster_tex_alpha: faces=1720501 id=433
raster_tex_alpha: faces=1721001 id=389
raster_tex_alpha: faces=1721501 id=389
raster_tex_alpha: faces=1722001 id=389
raster_tex_alpha: faces=1722501 id=389
raster_tex_alpha: faces=1723001 id=378
raster_tex_alpha: faces=1723501 id=394
raster_tex_alpha: faces=1724001 id=449
raster_tex_alpha: faces=1724501 id=378
raster_tex_alpha: faces=1725001 id=374
raster_tex_alpha: faces=1725501 id=449
raster_tex_alpha: faces=1726001 id=378
raster_tex_alpha: faces=1726501 id=302
raster_tex_alpha: faces=1727001 id=378
raster_tex_alpha: faces=1727501 id=378
raster_tex_alpha: faces=1728001 id=378
raster_tex_alpha: faces=1728501 id=378
raster_tex_alpha: faces=1729001 id=378
raster_tex_alpha: faces=1729501 id=378
raster_tex_alpha: faces=1730001 id=378
raster_tex_alpha: faces=1730501 id=389
raster_tex_alpha: faces=1731001 id=459
raster_tex_alpha: faces=1731501 id=449
raster_tex_alpha: faces=1732001 id=374
raster_tex_alpha: faces=1732501 id=374
raster_tex_alpha: faces=1733001 id=406
raster_tex_alpha: faces=1733501 id=303
raster_tex_alpha: faces=1734001 id=302
raster_tex_alpha: faces=1734501 id=302
raster_tex_alpha: faces=1735001 id=378
raster_tex_alpha: faces=1735501 id=433
raster_tex_alpha: faces=1736001 id=378
raster_tex_alpha: faces=1736501 id=378
raster_tex_alpha: faces=1737001 id=334
raster_tex_alpha: faces=1737501 id=389
raster_tex_alpha: faces=1738001 id=389
raster_tex_alpha: faces=1738501 id=433
raster_tex_alpha: faces=1739001 id=394
raster_tex_alpha: faces=1739501 id=449
raster_tex_alpha: faces=1740001 id=378
raster_tex_alpha: faces=1740501 id=374
raster_tex_alpha: faces=1741001 id=449
raster_tex_alpha: faces=1741501 id=378
raster_tex_alpha: faces=1742001 id=348
raster_tex_alpha: faces=1742501 id=433
raster_tex_alpha: faces=1743001 id=378
raster_tex_alpha: faces=1743501 id=378
raster_tex_alpha: faces=1744001 id=378
raster_tex_alpha: faces=1744501 id=378
raster_tex_alpha: faces=1745001 id=334
raster_tex_alpha: faces=1745501 id=378
raster_tex_alpha: faces=1746001 id=389
raster_tex_alpha: faces=1746501 id=394
raster_tex_alpha: faces=1747001 id=458
raster_tex_alpha: faces=1747501 id=374
raster_tex_alpha: faces=1748001 id=374
raster_tex_alpha: faces=1748501 id=406
raster_tex_alpha: faces=1749001 id=303
raster_tex_alpha: faces=1749501 id=348
raster_tex_alpha: faces=1750001 id=348
raster_tex_alpha: faces=1750501 id=355
raster_tex_alpha: faces=1751001 id=378
raster_tex_alpha: faces=1751501 id=378
raster_tex_alpha: faces=1752001 id=355
raster_tex_alpha: faces=1752501 id=378
raster_tex_alpha: faces=1753001 id=389
raster_tex_alpha: faces=1753501 id=389
raster_tex_alpha: faces=1754001 id=459
raster_tex_alpha: faces=1754501 id=402
raster_tex_alpha: faces=1755001 id=458
raster_tex_alpha: faces=1755501 id=378
raster_tex_alpha: faces=1756001 id=378
raster_tex_alpha: faces=1756501 id=458
raster_tex_alpha: faces=1757001 id=378
raster_tex_alpha: faces=1757501 id=355
raster_tex_alpha: faces=1758001 id=378
raster_tex_alpha: faces=1758501 id=378
raster_tex_alpha: faces=1759001 id=378
raster_tex_alpha: faces=1759501 id=378
raster_tex_alpha: faces=1760001 id=358
raster_tex_alpha: faces=1760501 id=378
raster_tex_alpha: faces=1761001 id=389
raster_tex_alpha: faces=1761501 id=389
raster_tex_alpha: faces=1762001 id=394
raster_tex_alpha: faces=1762501 id=449
raster_tex_alpha: faces=1763001 id=378
raster_tex_alpha: faces=1763501 id=374
raster_tex_alpha: faces=1764001 id=408
raster_tex_alpha: faces=1764501 id=378
raster_tex_alpha: faces=1765001 id=378
raster_tex_alpha: faces=1765501 id=378
raster_tex_alpha: faces=1766001 id=355
raster_tex_alpha: faces=1766501 id=378
raster_tex_alpha: faces=1767001 id=378
raster_tex_alpha: faces=1767501 id=378
raster_tex_alpha: faces=1768001 id=334
raster_tex_alpha: faces=1768501 id=378
raster_tex_alpha: faces=1769001 id=394
raster_tex_alpha: faces=1769501 id=459
raster_tex_alpha: faces=1770001 id=394
raster_tex_alpha: faces=1770501 id=449
raster_tex_alpha: faces=1771001 id=378
raster_tex_alpha: faces=1771501 id=378
raster_tex_alpha: faces=1772001 id=449
raster_tex_alpha: faces=1772501 id=378
raster_tex_alpha: faces=1773001 id=348
raster_tex_alpha: faces=1773501 id=378
raster_tex_alpha: faces=1774001 id=378
raster_tex_alpha: faces=1774501 id=433
raster_tex_alpha: faces=1775001 id=378
raster_tex_alpha: faces=1775501 id=389
raster_tex_alpha: faces=1776001 id=378
raster_tex_alpha: faces=1776501 id=394
raster_tex_alpha: faces=1777001 id=389
raster_tex_alpha: faces=1777501 id=395
raster_tex_alpha: faces=1778001 id=402
raster_tex_alpha: faces=1778501 id=458
raster_tex_alpha: faces=1779001 id=378
raster_tex_alpha: faces=1779501 id=378
raster_tex_alpha: faces=1780001 id=450
raster_tex_alpha: faces=1780501 id=378
raster_tex_alpha: faces=1781001 id=378
raster_tex_alpha: faces=1781501 id=378
raster_tex_alpha: faces=1782001 id=378
raster_tex_alpha: faces=1782501 id=378
raster_tex_alpha: faces=1783001 id=378
raster_tex_alpha: faces=1783501 id=378
raster_tex_alpha: faces=1784001 id=334
raster_tex_alpha: faces=1784501 id=378
raster_tex_alpha: faces=1785001 id=334
raster_tex_alpha: faces=1785501 id=394
raster_tex_alpha: faces=1786001 id=449
raster_tex_alpha: faces=1786501 id=378
raster_tex_alpha: faces=1787001 id=374
raster_tex_alpha: faces=1787501 id=408
raster_tex_alpha: faces=1788001 id=378
raster_tex_alpha: faces=1788501 id=378
raster_tex_alpha: faces=1789001 id=302
raster_tex_alpha: faces=1789501 id=395
raster_tex_alpha: faces=1790001 id=355
raster_tex_alpha: faces=1790501 id=378
raster_tex_alpha: faces=1791001 id=378
raster_tex_alpha: faces=1791501 id=378
raster_tex_alpha: faces=1792001 id=378
raster_tex_alpha: faces=1792501 id=334
raster_tex_alpha: faces=1793001 id=389
raster_tex_alpha: faces=1793501 id=394
raster_tex_alpha: faces=1794001 id=458
raster_tex_alpha: faces=1794501 id=374
raster_tex_alpha: faces=1795001 id=374
raster_tex_alpha: faces=1795501 id=406
raster_tex_alpha: faces=1796001 id=348
raster_tex_alpha: faces=1796501 id=378
raster_tex_alpha: faces=1797001 id=348
raster_tex_alpha: faces=1797501 id=378
raster_tex_alpha: faces=1798001 id=281
raster_tex_alpha: faces=1798501 id=355
raster_tex_alpha: faces=1799001 id=334
raster_tex_alpha: faces=1799501 id=378
raster_tex_alpha: faces=1800001 id=389
raster_tex_alpha: faces=1800501 id=378
raster_tex_alpha: faces=1801001 id=378
raster_tex_alpha: faces=1801501 id=394
raster_tex_alpha: faces=1802001 id=450
raster_tex_alpha: faces=1802501 id=268
raster_tex_alpha: faces=1803001 id=378
raster_tex_alpha: faces=1803501 id=408
raster_tex_alpha: faces=1804001 id=378
raster_tex_alpha: faces=1804501 id=378
raster_tex_alpha: faces=1805001 id=378
raster_tex_alpha: faces=1805501 id=303
raster_tex_alpha: faces=1806001 id=378
raster_tex_alpha: faces=1806501 id=378
raster_tex_alpha: faces=1807001 id=355
raster_tex_alpha: faces=1807501 id=378
raster_tex_alpha: faces=1808001 id=378
raster_tex_alpha: faces=1808501 id=380
raster_tex_alpha: faces=1809001 id=433
raster_tex_alpha: faces=1809501 id=394
raster_tex_alpha: faces=1810001 id=449
raster_tex_alpha: faces=1810501 id=374
raster_tex_alpha: faces=1811001 id=374
raster_tex_alpha: faces=1811501 id=449
raster_tex_alpha: faces=1812001 id=378
raster_tex_alpha: faces=1812501 id=281
raster_tex_alpha: faces=1813001 id=303
raster_tex_alpha: faces=1813501 id=378
raster_tex_alpha: faces=1814001 id=355
raster_tex_alpha: faces=1814501 id=378
raster_tex_alpha: faces=1815001 id=378
raster_tex_alpha: faces=1815501 id=378
raster_tex_alpha: faces=1816001 id=334
raster_tex_alpha: faces=1816501 id=389
raster_tex_alpha: faces=1817001 id=389
raster_tex_alpha: faces=1817501 id=394
raster_tex_alpha: faces=1818001 id=458
raster_tex_alpha: faces=1818501 id=374
raster_tex_alpha: faces=1819001 id=374
raster_tex_alpha: faces=1819501 id=406
raster_tex_alpha: faces=1820001 id=303
raster_tex_alpha: faces=1820501 id=303
raster_tex_alpha: faces=1821001 id=281
raster_tex_alpha: faces=1821501 id=378
raster_tex_alpha: faces=1822001 id=355
raster_tex_alpha: faces=1822501 id=378
raster_tex_alpha: faces=1823001 id=378
raster_tex_alpha: faces=1823501 id=355
raster_tex_alpha: faces=1824001 id=334
raster_tex_alpha: faces=1824501 id=378
raster_tex_alpha: faces=1825001 id=389
raster_tex_alpha: faces=1825501 id=394
raster_tex_alpha: faces=1826001 id=380
raster_tex_alpha: faces=1826501 id=378
raster_tex_alpha: faces=1827001 id=378
raster_tex_alpha: faces=1827501 id=378
raster_tex_alpha: faces=1828001 id=239
raster_tex_alpha: faces=1828501 id=348
raster_tex_alpha: faces=1829001 id=378
raster_tex_alpha: faces=1829501 id=378
raster_tex_alpha: faces=1830001 id=378
raster_tex_alpha: faces=1830501 id=378
raster_tex_alpha: faces=1831001 id=378
raster_tex_alpha: faces=1831501 id=378
raster_tex_alpha: faces=1832001 id=378
raster_tex_alpha: faces=1832501 id=389
raster_tex_alpha: faces=1833001 id=389
raster_tex_alpha: faces=1833501 id=334
raster_tex_alpha: faces=1834001 id=433
raster_tex_alpha: faces=1834501 id=450
raster_tex_alpha: faces=1835001 id=374
raster_tex_alpha: faces=1835501 id=378
raster_tex_alpha: faces=1836001 id=406
raster_tex_alpha: faces=1836501 id=378
raster_tex_alpha: faces=1837001 id=378
raster_tex_alpha: faces=1837501 id=348
raster_tex_alpha: faces=1838001 id=348
raster_tex_alpha: faces=1838501 id=378
raster_tex_alpha: faces=1839001 id=302
raster_tex_alpha: faces=1839501 id=378
raster_tex_alpha: faces=1840001 id=378
raster_tex_alpha: faces=1840501 id=380
raster_tex_alpha: faces=1841001 id=378
raster_tex_alpha: faces=1841501 id=389
raster_tex_alpha: faces=1842001 id=378
raster_tex_alpha: faces=1842501 id=449
raster_tex_alpha: faces=1843001 id=374
raster_tex_alpha: faces=1843501 id=378
raster_tex_alpha: faces=1844001 id=406
raster_tex_alpha: faces=1844501 id=378
raster_tex_alpha: faces=1845001 id=378
raster_tex_alpha: faces=1845501 id=348
raster_tex_alpha: faces=1846001 id=355
raster_tex_alpha: faces=1846501 id=395
raster_tex_alpha: faces=1847001 id=378
raster_tex_alpha: faces=1847501 id=378
raster_tex_alpha: faces=1848001 id=355
raster_tex_alpha: faces=1848501 id=378
raster_tex_alpha: faces=1849001 id=389
raster_tex_alpha: faces=1849501 id=389
raster_tex_alpha: faces=1850001 id=394
raster_tex_alpha: faces=1850501 id=394
raster_tex_alpha: faces=1851001 id=450
raster_tex_alpha: faces=1851501 id=374
raster_tex_alpha: faces=1852001 id=374
raster_tex_alpha: faces=1852501 id=449
raster_tex_alpha: faces=1853001 id=378
raster_tex_alpha: faces=1853501 id=378
raster_tex_alpha: faces=1854001 id=378
raster_tex_alpha: faces=1854501 id=378
raster_tex_alpha: faces=1855001 id=378
raster_tex_alpha: faces=1855501 id=378
raster_tex_alpha: faces=1856001 id=378
raster_tex_alpha: faces=1856501 id=334
raster_tex_alpha: faces=1857001 id=389
raster_tex_alpha: faces=1857501 id=389
raster_tex_alpha: faces=1858001 id=389
raster_tex_alpha: faces=1858501 id=394
raster_tex_alpha: faces=1859001 id=450
raster_tex_alpha: faces=1859501 id=378
raster_tex_alpha: faces=1860001 id=378
raster_tex_alpha: faces=1860501 id=408
raster_tex_alpha: faces=1861001 id=348
raster_tex_alpha: faces=1861501 id=303
raster_tex_alpha: faces=1862001 id=348
raster_tex_alpha: faces=1862501 id=378
raster_tex_alpha: faces=1863001 id=378
raster_tex_alpha: faces=1863501 id=378
raster_tex_alpha: faces=1864001 id=378
raster_tex_alpha: faces=1864501 id=378
raster_tex_alpha: faces=1865001 id=378
raster_tex_alpha: faces=1865501 id=389
raster_tex_alpha: faces=1866001 id=389
raster_tex_alpha: faces=1866501 id=380
raster_tex_alpha: faces=1867001 id=402
raster_tex_alpha: faces=1867501 id=458
raster_tex_alpha: faces=1868001 id=378
raster_tex_alpha: faces=1868501 id=378
raster_tex_alpha: faces=1869001 id=458
raster_tex_alpha: faces=1869501 id=378
raster_tex_alpha: faces=1870001 id=281
raster_tex_alpha: faces=1870501 id=302
raster_tex_alpha: faces=1871001 id=355
raster_tex_alpha: faces=1871501 id=433
raster_tex_alpha: faces=1872001 id=378
raster_tex_alpha: faces=1872501 id=378
raster_tex_alpha: faces=1873001 id=378
raster_tex_alpha: faces=1873501 id=378
raster_tex_alpha: faces=1874001 id=394
raster_tex_alpha: faces=1874501 id=334
raster_tex_alpha: faces=1875001 id=433
raster_tex_alpha: faces=1875501 id=449
raster_tex_alpha: faces=1876001 id=378
raster_tex_alpha: faces=1876501 id=374
raster_tex_alpha: faces=1877001 id=406
raster_tex_alpha: faces=1877501 id=348
raster_tex_alpha: faces=1878001 id=348
raster_tex_alpha: faces=1878501 id=302
raster_tex_alpha: faces=1879001 id=281
raster_tex_alpha: faces=1879501 id=433
raster_tex_alpha: faces=1880001 id=378
raster_tex_alpha: faces=1880501 id=378
raster_tex_alpha: faces=1881001 id=378
raster_tex_alpha: faces=1881501 id=378
raster_tex_alpha: faces=1882001 id=389
raster_tex_alpha: faces=1882501 id=394
raster_tex_alpha: faces=1883001 id=378
raster_tex_alpha: faces=1883501 id=402
raster_tex_alpha: faces=1884001 id=374
raster_tex_alpha: faces=1884501 id=374
raster_tex_alpha: faces=1885001 id=406
raster_tex_alpha: faces=1885501 id=303
raster_tex_alpha: faces=1886001 id=378
raster_tex_alpha: faces=1886501 id=378
raster_tex_alpha: faces=1887001 id=348
raster_tex_alpha: faces=1887501 id=355
raster_tex_alpha: faces=1888001 id=378
raster_tex_alpha: faces=1888501 id=378
raster_tex_alpha: faces=1889001 id=389
raster_tex_alpha: faces=1889501 id=378
raster_tex_alpha: faces=1890001 id=378
raster_tex_alpha: faces=1890501 id=389
raster_tex_alpha: faces=1891001 id=378
raster_tex_alpha: faces=1891501 id=394
raster_tex_alpha: faces=1892001 id=449
raster_tex_alpha: faces=1892501 id=378
raster_tex_alpha: faces=1893001 id=374
raster_tex_alpha: faces=1893501 id=406
raster_tex_alpha: faces=1894001 id=378
raster_tex_alpha: faces=1894501 id=378
raster_tex_alpha: faces=1895001 id=348
raster_tex_alpha: faces=1895501 id=348
raster_tex_alpha: faces=1896001 id=433
raster_tex_alpha: faces=1896501 id=378
raster_tex_alpha: faces=1897001 id=378
raster_tex_alpha: faces=1897501 id=355
raster_tex_alpha: faces=1898001 id=378
raster_tex_alpha: faces=1898501 id=380
raster_tex_alpha: faces=1899001 id=394
raster_tex_alpha: faces=1899501 id=378
raster_tex_alpha: faces=1900001 id=402
raster_tex_alpha: faces=1900501 id=458
raster_tex_alpha: faces=1901001 id=378
raster_tex_alpha: faces=1901501 id=378
raster_tex_alpha: faces=1902001 id=458
raster_tex_alpha: faces=1902501 id=378
raster_tex_alpha: faces=1903001 id=348
raster_tex_alpha: faces=1903501 id=378
raster_tex_alpha: faces=1904001 id=395
raster_tex_alpha: faces=1904501 id=378
raster_tex_alpha: faces=1905001 id=302
raster_tex_alpha: faces=1905501 id=402
raster_tex_alpha: faces=1906001 id=378
raster_tex_alpha: faces=1906501 id=389
raster_tex_alpha: faces=1907001 id=378
raster_tex_alpha: faces=1907501 id=389
raster_tex_alpha: faces=1908001 id=394
raster_tex_alpha: faces=1908501 id=450
raster_tex_alpha: faces=1909001 id=378
raster_tex_alpha: faces=1909501 id=378
raster_tex_alpha: faces=1910001 id=408
raster_tex_alpha: faces=1910501 id=378
raster_tex_alpha: faces=1911001 id=348
raster_tex_alpha: faces=1911501 id=348
raster_tex_alpha: faces=1912001 id=348
raster_tex_alpha: faces=1912501 id=433
raster_tex_alpha: faces=1913001 id=378
raster_tex_alpha: faces=1913501 id=355
raster_tex_alpha: faces=1914001 id=378
raster_tex_alpha: faces=1914501 id=378
raster_tex_alpha: faces=1915001 id=394
raster_tex_alpha: faces=1915501 id=380
raster_tex_alpha: faces=1916001 id=334
raster_tex_alpha: faces=1916501 id=394
raster_tex_alpha: faces=1917001 id=450
raster_tex_alpha: faces=1917501 id=374
raster_tex_alpha: faces=1918001 id=374
raster_tex_alpha: faces=1918501 id=449
raster_tex_alpha: faces=1919001 id=378
raster_tex_alpha: faces=1919501 id=348
raster_tex_alpha: faces=1920001 id=281
raster_tex_alpha: faces=1920501 id=348
raster_tex_alpha: faces=1921001 id=378
raster_tex_alpha: faces=1921501 id=378
raster_tex_alpha: faces=1922001 id=378
raster_tex_alpha: faces=1922501 id=402
raster_tex_alpha: faces=1923001 id=378
raster_tex_alpha: faces=1923501 id=389
raster_tex_alpha: faces=1924001 id=378
raster_tex_alpha: faces=1924501 id=395
raster_tex_alpha: faces=1925001 id=402
raster_tex_alpha: faces=1925501 id=450
raster_tex_alpha: faces=1926001 id=268
raster_tex_alpha: faces=1926501 id=374
raster_tex_alpha: faces=1927001 id=450
raster_tex_alpha: faces=1927501 id=348
raster_tex_alpha: faces=1928001 id=378
raster_tex_alpha: faces=1928501 id=281
raster_tex_alpha: faces=1929001 id=378
raster_tex_alpha: faces=1929501 id=302
raster_tex_alpha: faces=1930001 id=378
raster_tex_alpha: faces=1930501 id=355
raster_tex_alpha: faces=1931001 id=378
raster_tex_alpha: faces=1931501 id=378
raster_tex_alpha: faces=1932001 id=378
raster_tex_alpha: faces=1932501 id=378
raster_tex_alpha: faces=1933001 id=433
raster_tex_alpha: faces=1933501 id=395
raster_tex_alpha: faces=1934001 id=239
raster_tex_alpha: faces=1934501 id=378
raster_tex_alpha: faces=1935001 id=378
raster_tex_alpha: faces=1935501 id=458
raster_tex_alpha: faces=1936001 id=378
raster_tex_alpha: faces=1936501 id=303
raster_tex_alpha: faces=1937001 id=348
raster_tex_alpha: faces=1937501 id=348
raster_tex_alpha: faces=1938001 id=378
raster_tex_alpha: faces=1938501 id=378
raster_tex_alpha: faces=1939001 id=378
raster_tex_alpha: faces=1939501 id=402
raster_tex_alpha: faces=1940001 id=378
raster_tex_alpha: faces=1940501 id=334
raster_tex_alpha: faces=1941001 id=394
raster_tex_alpha: faces=1941501 id=378
raster_tex_alpha: faces=1942001 id=402
raster_tex_alpha: faces=1942501 id=378
raster_tex_alpha: faces=1943001 id=378
raster_tex_alpha: faces=1943501 id=406
raster_tex_alpha: faces=1944001 id=378
raster_tex_alpha: faces=1944501 id=378
raster_tex_alpha: faces=1945001 id=303
raster_tex_alpha: faces=1945501 id=281
raster_tex_alpha: faces=1946001 id=378
raster_tex_alpha: faces=1946501 id=355
raster_tex_alpha: faces=1947001 id=378
raster_tex_alpha: faces=1947501 id=378
raster_tex_alpha: faces=1948001 id=378
raster_tex_alpha: faces=1948501 id=389
raster_tex_alpha: faces=1949001 id=334
raster_tex_alpha: faces=1949501 id=394
raster_tex_alpha: faces=1950001 id=394
raster_tex_alpha: faces=1950501 id=449
raster_tex_alpha: faces=1951001 id=378
raster_tex_alpha: faces=1951501 id=374
raster_tex_alpha: faces=1952001 id=406
raster_tex_alpha: faces=1952501 id=378
raster_tex_alpha: faces=1953001 id=303
raster_tex_alpha: faces=1953501 id=378
raster_tex_alpha: faces=1954001 id=378
raster_tex_alpha: faces=1954501 id=281
raster_tex_alpha: faces=1955001 id=395
raster_tex_alpha: faces=1955501 id=378
raster_tex_alpha: faces=1956001 id=355
raster_tex_alpha: faces=1956501 id=378
raster_tex_alpha: faces=1957001 id=378
raster_tex_alpha: faces=1957501 id=389
raster_tex_alpha: faces=1958001 id=394
raster_tex_alpha: faces=1958501 id=395
raster_tex_alpha: faces=1959001 id=450
raster_tex_alpha: faces=1959501 id=378
raster_tex_alpha: faces=1960001 id=374
raster_tex_alpha: faces=1960501 id=406
raster_tex_alpha: faces=1961001 id=378
raster_tex_alpha: faces=1961501 id=378
raster_tex_alpha: faces=1962001 id=378
raster_tex_alpha: faces=1962501 id=348
raster_tex_alpha: faces=1963001 id=378
raster_tex_alpha: faces=1963501 id=378
raster_tex_alpha: faces=1964001 id=358
raster_tex_alpha: faces=1964501 id=433
raster_tex_alpha: faces=1965001 id=389
raster_tex_alpha: faces=1965501 id=378
raster_tex_alpha: faces=1966001 id=389
raster_tex_alpha: faces=1966501 id=389
raster_tex_alpha: faces=1967001 id=394
raster_tex_alpha: faces=1967501 id=380
raster_tex_alpha: faces=1968001 id=374
raster_tex_alpha: faces=1968501 id=378
raster_tex_alpha: faces=1969001 id=406
raster_tex_alpha: faces=1969501 id=378
raster_tex_alpha: faces=1970001 id=378
raster_tex_alpha: faces=1970501 id=378
raster_tex_alpha: faces=1971001 id=281
raster_tex_alpha: faces=1971501 id=348
raster_tex_alpha: faces=1972001 id=378
raster_tex_alpha: faces=1972501 id=355
raster_tex_alpha: faces=1973001 id=378
raster_tex_alpha: faces=1973501 id=378
raster_tex_alpha: faces=1974001 id=378
raster_tex_alpha: faces=1974501 id=334
raster_tex_alpha: faces=1975001 id=389
raster_tex_alpha: faces=1975501 id=378
raster_tex_alpha: faces=1976001 id=394
raster_tex_alpha: faces=1976501 id=449
raster_tex_alpha: faces=1977001 id=378
raster_tex_alpha: faces=1977501 id=374
raster_tex_alpha: faces=1978001 id=449
raster_tex_alpha: faces=1978501 id=378
raster_tex_alpha: faces=1979001 id=378
raster_tex_alpha: faces=1979501 id=348
raster_tex_alpha: faces=1980001 id=302
raster_tex_alpha: faces=1980501 id=281
raster_tex_alpha: faces=1981001 id=378
raster_tex_alpha: faces=1981501 id=378
raster_tex_alpha: faces=1982001 id=378
raster_tex_alpha: faces=1982501 id=378
raster_tex_alpha: faces=1983001 id=389
raster_tex_alpha: faces=1983501 id=389
raster_tex_alpha: faces=1984001 id=394
raster_tex_alpha: faces=1984501 id=394
raster_tex_alpha: faces=1985001 id=449
raster_tex_alpha: faces=1985501 id=374
raster_tex_alpha: faces=1986001 id=378
raster_tex_alpha: faces=1986501 id=408
raster_tex_alpha: faces=1987001 id=302
raster_tex_alpha: faces=1987501 id=348
raster_tex_alpha: faces=1988001 id=281
raster_tex_alpha: faces=1988501 id=348
raster_tex_alpha: faces=1989001 id=395
raster_tex_alpha: faces=1989501 id=378
raster_tex_alpha: faces=1990001 id=402
raster_tex_alpha: faces=1990501 id=378
raster_tex_alpha: faces=1991001 id=355
raster_tex_alpha: faces=1991501 id=378
raster_tex_alpha: faces=1992001 id=389
raster_tex_alpha: faces=1992501 id=394
raster_tex_alpha: faces=1993001 id=394
raster_tex_alpha: faces=1993501 id=449
raster_tex_alpha: faces=1994001 id=374
raster_tex_alpha: faces=1994501 id=374
raster_tex_alpha: faces=1995001 id=408
raster_tex_alpha: faces=1995501 id=302
raster_tex_alpha: faces=1996001 id=378
raster_tex_alpha: faces=1996501 id=378
raster_tex_alpha: faces=1997001 id=378
raster_tex_alpha: faces=1997501 id=348
raster_tex_alpha: faces=1998001 id=348
raster_tex_alpha: faces=1998501 id=378
raster_tex_alpha: faces=1999001 id=302
raster_tex_alpha: faces=1999501 id=378
raster_tex_alpha: faces=2000001 id=389
raster_tex_alpha: faces=2000501 id=459
raster_tex_alpha: faces=2001001 id=389
raster_tex_alpha: faces=2001501 id=394
raster_tex_alpha: faces=2002001 id=402
raster_tex_alpha: faces=2002501 id=378
raster_tex_alpha: faces=2003001 id=378
raster_tex_alpha: faces=2003501 id=378
raster_tex_alpha: faces=2004001 id=239
raster_tex_alpha: faces=2004501 id=378
raster_tex_alpha: faces=2005001 id=378
raster_tex_alpha: faces=2005501 id=281
raster_tex_alpha: faces=2006001 id=378
raster_tex_alpha: faces=2006501 id=378
raster_tex_alpha: faces=2007001 id=378
raster_tex_alpha: faces=2007501 id=433
raster_tex_alpha: faces=2008001 id=378
raster_tex_alpha: faces=2008501 id=378
raster_tex_alpha: faces=2009001 id=380
raster_tex_alpha: faces=2009501 id=334
raster_tex_alpha: faces=2010001 id=378
raster_tex_alpha: faces=2010501 id=394
raster_tex_alpha: faces=2011001 id=449
raster_tex_alpha: faces=2011501 id=374
raster_tex_alpha: faces=2012001 id=374
raster_tex_alpha: faces=2012501 id=449
raster_tex_alpha: faces=2013001 id=302
raster_tex_alpha: faces=2013501 id=378
raster_tex_alpha: faces=2014001 id=378
raster_tex_alpha: faces=2014501 id=348
raster_tex_alpha: faces=2015001 id=378
raster_tex_alpha: faces=2015501 id=355
raster_tex_alpha: faces=2016001 id=378
raster_tex_alpha: faces=2016501 id=378
raster_tex_alpha: faces=2017001 id=389
raster_tex_alpha: faces=2017501 id=389
raster_tex_alpha: faces=2018001 id=389
raster_tex_alpha: faces=2018501 id=459
raster_tex_alpha: faces=2019001 id=394
raster_tex_alpha: faces=2019501 id=449
raster_tex_alpha: faces=2020001 id=374
raster_tex_alpha: faces=2020501 id=268
raster_tex_alpha: faces=2021001 id=406
raster_tex_alpha: faces=2021501 id=378
raster_tex_alpha: faces=2022001 id=378
raster_tex_alpha: faces=2022501 id=281
raster_tex_alpha: faces=2023001 id=378
raster_tex_alpha: faces=2023501 id=348
raster_tex_alpha: faces=2024001 id=378
raster_tex_alpha: faces=2024501 id=378
raster_tex_alpha: faces=2025001 id=433
raster_tex_alpha: faces=2025501 id=378
raster_tex_alpha: faces=2026001 id=378
raster_tex_alpha: faces=2026501 id=389
raster_tex_alpha: faces=2027001 id=378
raster_tex_alpha: faces=2027501 id=394
raster_tex_alpha: faces=2028001 id=450
raster_tex_alpha: faces=2028501 id=378
raster_tex_alpha: faces=2029001 id=378
raster_tex_alpha: faces=2029501 id=406
raster_tex_alpha: faces=2030001 id=378
raster_tex_alpha: faces=2030501 id=348
raster_tex_alpha: faces=2031001 id=378
raster_tex_alpha: faces=2031501 id=378
raster_tex_alpha: faces=2032001 id=378
raster_tex_alpha: faces=2032501 id=378
raster_tex_alpha: faces=2033001 id=355
raster_tex_alpha: faces=2033501 id=378
raster_tex_alpha: faces=2034001 id=433
raster_tex_alpha: faces=2034501 id=378
raster_tex_alpha: faces=2035001 id=378
raster_tex_alpha: faces=2035501 id=389
raster_tex_alpha: faces=2036001 id=378
raster_tex_alpha: faces=2036501 id=402
raster_tex_alpha: faces=2037001 id=458
raster_tex_alpha: faces=2037501 id=378
raster_tex_alpha: faces=2038001 id=378
raster_tex_alpha: faces=2038501 id=450
raster_tex_alpha: faces=2039001 id=378
raster_tex_alpha: faces=2039501 id=378
raster_tex_alpha: faces=2040001 id=378
raster_tex_alpha: faces=2040501 id=348
raster_tex_alpha: faces=2041001 id=348
raster_tex_alpha: faces=2041501 id=302
raster_tex_alpha: faces=2042001 id=378
raster_tex_alpha: faces=2042501 id=378
raster_tex_alpha: faces=2043001 id=378
raster_tex_alpha: faces=2043501 id=389
raster_tex_alpha: faces=2044001 id=394
raster_tex_alpha: faces=2044501 id=378
raster_tex_alpha: faces=2045001 id=394
raster_tex_alpha: faces=2045501 id=450
raster_tex_alpha: faces=2046001 id=268
raster_tex_alpha: faces=2046501 id=374
raster_tex_alpha: faces=2047001 id=408
raster_tex_alpha: faces=2047501 id=378
raster_tex_alpha: faces=2048001 id=378
raster_tex_alpha: faces=2048501 id=281
raster_tex_alpha: faces=2049001 id=378
raster_tex_alpha: faces=2049501 id=378
raster_tex_alpha: faces=2050001 id=355
raster_tex_alpha: faces=2050501 id=378
raster_tex_alpha: faces=2051001 id=378
raster_tex_alpha: faces=2051501 id=378
raster_tex_alpha: faces=2052001 id=378
raster_tex_alpha: faces=2052501 id=389
raster_tex_alpha: faces=2053001 id=389
raster_tex_alpha: faces=2053501 id=459
raster_tex_alpha: faces=2054001 id=458
raster_tex_alpha: faces=2054501 id=378
raster_tex_alpha: faces=2055001 id=374
raster_tex_alpha: faces=2055501 id=406
raster_tex_alpha: faces=2056001 id=378
raster_tex_alpha: faces=2056501 id=303
raster_tex_alpha: faces=2057001 id=348
raster_tex_alpha: faces=2057501 id=348
raster_tex_alpha: faces=2058001 id=378
raster_tex_alpha: faces=2058501 id=378
raster_tex_alpha: faces=2059001 id=378
raster_tex_alpha: faces=2059501 id=378
raster_tex_alpha: faces=2060001 id=378
raster_tex_alpha: faces=2060501 id=378
raster_tex_alpha: faces=2061001 id=334
raster_tex_alpha: faces=2061501 id=378
raster_tex_alpha: faces=2062001 id=395
raster_tex_alpha: faces=2062501 id=380
raster_tex_alpha: faces=2063001 id=374
raster_tex_alpha: faces=2063501 id=378
raster_tex_alpha: faces=2064001 id=408
raster_tex_alpha: faces=2064501 id=378
raster_tex_alpha: faces=2065001 id=378
raster_tex_alpha: faces=2065501 id=378
raster_tex_alpha: faces=2066001 id=303
raster_tex_alpha: faces=2066501 id=348
raster_tex_alpha: faces=2067001 id=378
raster_tex_alpha: faces=2067501 id=378
raster_tex_alpha: faces=2068001 id=281
raster_tex_alpha: faces=2068501 id=355
raster_tex_alpha: faces=2069001 id=459
raster_tex_alpha: faces=2069501 id=380
raster_tex_alpha: faces=2070001 id=389
raster_tex_alpha: faces=2070501 id=394
raster_tex_alpha: faces=2071001 id=394
raster_tex_alpha: faces=2071501 id=449
raster_tex_alpha: faces=2072001 id=374
raster_tex_alpha: faces=2072501 id=374
raster_tex_alpha: faces=2073001 id=449
raster_tex_alpha: faces=2073501 id=378
raster_tex_alpha: faces=2074001 id=378
raster_tex_alpha: faces=2074501 id=303
raster_tex_alpha: faces=2075001 id=378
raster_tex_alpha: faces=2075501 id=358
raster_tex_alpha: faces=2076001 id=378
raster_tex_alpha: faces=2076501 id=378
raster_tex_alpha: faces=2077001 id=378
raster_tex_alpha: faces=2077501 id=378
raster_tex_alpha: faces=2078001 id=389
raster_tex_alpha: faces=2078501 id=380
raster_tex_alpha: faces=2079001 id=378
raster_tex_alpha: faces=2079501 id=394
raster_tex_alpha: faces=2080001 id=449
raster_tex_alpha: faces=2080501 id=378
raster_tex_alpha: faces=2081001 id=268
raster_tex_alpha: faces=2081501 id=450
raster_tex_alpha: faces=2082001 id=378
raster_tex_alpha: faces=2082501 id=378
raster_tex_alpha: faces=2083001 id=378
raster_tex_alpha: faces=2083501 id=348
raster_tex_alpha: faces=2084001 id=355
raster_tex_alpha: faces=2084501 id=378
raster_tex_alpha: faces=2085001 id=378
raster_tex_alpha: faces=2085501 id=358
raster_tex_alpha: faces=2086001 id=378
raster_tex_alpha: faces=2086501 id=389
raster_tex_alpha: faces=2087001 id=389
raster_tex_alpha: faces=2087501 id=459
raster_tex_alpha: faces=2088001 id=394
raster_tex_alpha: faces=2088501 id=458
raster_tex_alpha: faces=2089001 id=374
raster_tex_alpha: faces=2089501 id=378
raster_tex_alpha: faces=2090001 id=406
raster_tex_alpha: faces=2090501 id=378
raster_tex_alpha: faces=2091001 id=378
raster_tex_alpha: faces=2091501 id=378
raster_tex_alpha: faces=2092001 id=378
raster_tex_alpha: faces=2092501 id=378
raster_tex_alpha: faces=2093001 id=281
raster_tex_alpha: faces=2093501 id=281
raster_tex_alpha: faces=2094001 id=378
raster_tex_alpha: faces=2094501 id=378
raster_tex_alpha: faces=2095001 id=389
raster_tex_alpha: faces=2095501 id=389
raster_tex_alpha: faces=2096001 id=459
raster_tex_alpha: faces=2096501 id=394
raster_tex_alpha: faces=2097001 id=450
raster_tex_alpha: faces=2097501 id=374
raster_tex_alpha: faces=2098001 id=378
raster_tex_alpha: faces=2098501 id=408
raster_tex_alpha: faces=2099001 id=302
raster_tex_alpha: faces=2099501 id=378
raster_tex_alpha: faces=2100001 id=378
raster_tex_alpha: faces=2100501 id=378
raster_tex_alpha: faces=2101001 id=348
raster_tex_alpha: faces=2101501 id=378
raster_tex_alpha: faces=2102001 id=302
raster_tex_alpha: faces=2102501 id=378
raster_tex_alpha: faces=2103001 id=433
raster_tex_alpha: faces=2103501 id=378
raster_tex_alpha: faces=2104001 id=389
raster_tex_alpha: faces=2104501 id=389
raster_tex_alpha: faces=2105001 id=394
raster_tex_alpha: faces=2105501 id=449
raster_tex_alpha: faces=2106001 id=374
raster_tex_alpha: faces=2106501 id=378
raster_tex_alpha: faces=2107001 id=407
raster_tex_alpha: faces=2107501 id=378
raster_tex_alpha: faces=2108001 id=378
raster_tex_alpha: faces=2108501 id=378
raster_tex_alpha: faces=2109001 id=348
raster_tex_alpha: faces=2109501 id=348
raster_tex_alpha: faces=2110001 id=378
raster_tex_alpha: faces=2110501 id=378
raster_tex_alpha: faces=2111001 id=378
raster_tex_alpha: faces=2111501 id=355
raster_tex_alpha: faces=2112001 id=389
raster_tex_alpha: faces=2112501 id=389
raster_tex_alpha: faces=2113001 id=378
raster_tex_alpha: faces=2113501 id=394
raster_tex_alpha: faces=2114001 id=449
raster_tex_alpha: faces=2114501 id=378
raster_tex_alpha: faces=2115001 id=374
raster_tex_alpha: faces=2115501 id=408
raster_tex_alpha: faces=2116001 id=378
raster_tex_alpha: faces=2116501 id=303
raster_tex_alpha: faces=2117001 id=348
raster_tex_alpha: faces=2117501 id=378
raster_tex_alpha: faces=2118001 id=378
raster_tex_alpha: faces=2118501 id=355
raster_tex_alpha: faces=2119001 id=281
raster_tex_alpha: faces=2119501 id=378
raster_tex_alpha: faces=2120001 id=355
raster_tex_alpha: faces=2120501 id=389
raster_tex_alpha: faces=2121001 id=459
raster_tex_alpha: faces=2121501 id=378
raster_tex_alpha: faces=2122001 id=394
raster_tex_alpha: faces=2122501 id=450
raster_tex_alpha: faces=2123001 id=374
raster_tex_alpha: faces=2123501 id=268
raster_tex_alpha: faces=2124001 id=406
raster_tex_alpha: faces=2124501 id=378
raster_tex_alpha: faces=2125001 id=378
raster_tex_alpha: faces=2125501 id=378
raster_tex_alpha: faces=2126001 id=348
raster_tex_alpha: faces=2126501 id=348
raster_tex_alpha: faces=2127001 id=378
raster_tex_alpha: faces=2127501 id=378
raster_tex_alpha: faces=2128001 id=378
raster_tex_alpha: faces=2128501 id=378
raster_tex_alpha: faces=2129001 id=389
raster_tex_alpha: faces=2129501 id=459
raster_tex_alpha: faces=2130001 id=394
raster_tex_alpha: faces=2130501 id=394
raster_tex_alpha: faces=2131001 id=449
raster_tex_alpha: faces=2131501 id=374
raster_tex_alpha: faces=2132001 id=378
raster_tex_alpha: faces=2132501 id=449
raster_tex_alpha: faces=2133001 id=348
raster_tex_alpha: faces=2133501 id=378
raster_tex_alpha: faces=2134001 id=378
raster_tex_alpha: faces=2134501 id=378
raster_tex_alpha: faces=2135001 id=378
raster_tex_alpha: faces=2135501 id=378
raster_tex_alpha: faces=2136001 id=378
raster_tex_alpha: faces=2136501 id=378
raster_tex_alpha: faces=2137001 id=378
raster_tex_alpha: faces=2137501 id=389
raster_tex_alpha: faces=2138001 id=334
raster_tex_alpha: faces=2138501 id=459
raster_tex_alpha: faces=2139001 id=402
raster_tex_alpha: faces=2139501 id=450
raster_tex_alpha: faces=2140001 id=268
raster_tex_alpha: faces=2140501 id=374
raster_tex_alpha: faces=2141001 id=450
raster_tex_alpha: faces=2141501 id=378
raster_tex_alpha: faces=2142001 id=378
raster_tex_alpha: faces=2142501 id=348
raster_tex_alpha: faces=2143001 id=355
raster_tex_alpha: faces=2143501 id=378
raster_tex_alpha: faces=2144001 id=378
raster_tex_alpha: faces=2144501 id=433
raster_tex_alpha: faces=2145001 id=389
raster_tex_alpha: faces=2145501 id=334
raster_tex_alpha: faces=2146001 id=394
raster_tex_alpha: faces=2146501 id=395
raster_tex_alpha: faces=2147001 id=395
raster_tex_alpha: faces=2147501 id=402
raster_tex_alpha: faces=2148001 id=378
raster_tex_alpha: faces=2148501 id=378
raster_tex_alpha: faces=2149001 id=406
raster_tex_alpha: faces=2149501 id=378
raster_tex_alpha: faces=2150001 id=281
raster_tex_alpha: faces=2150501 id=302
raster_tex_alpha: faces=2151001 id=348
raster_tex_alpha: faces=2151501 id=378
raster_tex_alpha: faces=2152001 id=378
raster_tex_alpha: faces=2152501 id=355
raster_tex_alpha: faces=2153001 id=378
raster_tex_alpha: faces=2153501 id=389
raster_tex_alpha: faces=2154001 id=378
raster_tex_alpha: faces=2154501 id=394
raster_tex_alpha: faces=2155001 id=389
raster_tex_alpha: faces=2155501 id=394
raster_tex_alpha: faces=2156001 id=450
raster_tex_alpha: faces=2156501 id=374
raster_tex_alpha: faces=2157001 id=374
raster_tex_alpha: faces=2157501 id=408
raster_tex_alpha: faces=2158001 id=378
raster_tex_alpha: faces=2158501 id=281
raster_tex_alpha: faces=2159001 id=303
raster_tex_alpha: faces=2159501 id=348
raster_tex_alpha: faces=2160001 id=378
raster_tex_alpha: faces=2160501 id=348
raster_tex_alpha: faces=2161001 id=378
raster_tex_alpha: faces=2161501 id=378
raster_tex_alpha: faces=2162001 id=378
raster_tex_alpha: faces=2162501 id=334
raster_tex_alpha: faces=2163001 id=389
raster_tex_alpha: faces=2163501 id=389
raster_tex_alpha: faces=2164001 id=394
raster_tex_alpha: faces=2164501 id=450
raster_tex_alpha: faces=2165001 id=378
raster_tex_alpha: faces=2165501 id=378
raster_tex_alpha: faces=2166001 id=406
raster_tex_alpha: faces=2166501 id=303
raster_tex_alpha: faces=2167001 id=378
raster_tex_alpha: faces=2167501 id=348
raster_tex_alpha: faces=2168001 id=378
raster_tex_alpha: faces=2168501 id=378
raster_tex_alpha: faces=2169001 id=378
raster_tex_alpha: faces=2169501 id=281
raster_tex_alpha: faces=2170001 id=402
raster_tex_alpha: faces=2170501 id=378
raster_tex_alpha: faces=2171001 id=389
raster_tex_alpha: faces=2171501 id=389
raster_tex_alpha: faces=2172001 id=378
raster_tex_alpha: faces=2172501 id=394
raster_tex_alpha: faces=2173001 id=458
raster_tex_alpha: faces=2173501 id=378
raster_tex_alpha: faces=2174001 id=378
raster_tex_alpha: faces=2174501 id=406
raster_tex_alpha: faces=2175001 id=348
raster_tex_alpha: faces=2175501 id=378
raster_tex_alpha: faces=2176001 id=281
raster_tex_alpha: faces=2176501 id=348
raster_tex_alpha: faces=2177001 id=281
raster_tex_alpha: faces=2177501 id=378
raster_tex_alpha: faces=2178001 id=378
raster_tex_alpha: faces=2178501 id=378
raster_tex_alpha: faces=2179001 id=389
raster_tex_alpha: faces=2179501 id=389
raster_tex_alpha: faces=2180001 id=389
raster_tex_alpha: faces=2180501 id=394
raster_tex_alpha: faces=2181001 id=380
raster_tex_alpha: faces=2181501 id=378
raster_tex_alpha: faces=2182001 id=378
raster_tex_alpha: faces=2182501 id=378
raster_tex_alpha: faces=2183001 id=239
raster_tex_alpha: faces=2183501 id=302
raster_tex_alpha: faces=2184001 id=378
raster_tex_alpha: faces=2184501 id=378
raster_tex_alpha: faces=2185001 id=348
raster_tex_alpha: faces=2185501 id=378
raster_tex_alpha: faces=2186001 id=433
raster_tex_alpha: faces=2186501 id=378
raster_tex_alpha: faces=2187001 id=378
raster_tex_alpha: faces=2187501 id=378
raster_tex_alpha: faces=2188001 id=394
raster_tex_alpha: faces=2188501 id=389
raster_tex_alpha: faces=2189001 id=378
raster_tex_alpha: faces=2189501 id=449
raster_tex_alpha: faces=2190001 id=378
raster_tex_alpha: faces=2190501 id=378
raster_tex_alpha: faces=2191001 id=406
raster_tex_alpha: faces=2191501 id=378
raster_tex_alpha: faces=2192001 id=348
raster_tex_alpha: faces=2192501 id=348
raster_tex_alpha: faces=2193001 id=348
raster_tex_alpha: faces=2193501 id=355
raster_tex_alpha: faces=2194001 id=378
raster_tex_alpha: faces=2194501 id=355
raster_tex_alpha: faces=2195001 id=378
raster_tex_alpha: faces=2195501 id=378
raster_tex_alpha: faces=2196001 id=378
raster_tex_alpha: faces=2196501 id=389
raster_tex_alpha: faces=2197001 id=395
raster_tex_alpha: faces=2197501 id=394
raster_tex_alpha: faces=2198001 id=450
raster_tex_alpha: faces=2198501 id=378
raster_tex_alpha: faces=2199001 id=378
raster_tex_alpha: faces=2199501 id=406
raster_tex_alpha: faces=2200001 id=348
raster_tex_alpha: faces=2200501 id=348
raster_tex_alpha: faces=2201001 id=378
raster_tex_alpha: faces=2201501 id=378
raster_tex_alpha: faces=2202001 id=281
raster_tex_alpha: faces=2202501 id=378
raster_tex_alpha: faces=2203001 id=355
raster_tex_alpha: faces=2203501 id=378
raster_tex_alpha: faces=2204001 id=378
raster_tex_alpha: faces=2204501 id=394
raster_tex_alpha: faces=2205001 id=389
raster_tex_alpha: faces=2205501 id=394
raster_tex_alpha: faces=2206001 id=402
raster_tex_alpha: faces=2206501 id=458
raster_tex_alpha: faces=2207001 id=378
raster_tex_alpha: faces=2207501 id=378
raster_tex_alpha: faces=2208001 id=450
raster_tex_alpha: faces=2208501 id=348
raster_tex_alpha: faces=2209001 id=378
raster_tex_alpha: faces=2209501 id=348
raster_tex_alpha: faces=2210001 id=378
raster_tex_alpha: faces=2210501 id=355
raster_tex_alpha: faces=2211001 id=378
raster_tex_alpha: faces=2211501 id=433
raster_tex_alpha: faces=2212001 id=355
raster_tex_alpha: faces=2212501 id=389
raster_tex_alpha: faces=2213001 id=389
raster_tex_alpha: faces=2213501 id=433
raster_tex_alpha: faces=2214001 id=459
raster_tex_alpha: faces=2214501 id=449
raster_tex_alpha: faces=2215001 id=268
raster_tex_alpha: faces=2215501 id=378
raster_tex_alpha: faces=2216001 id=406
raster_tex_alpha: faces=2216501 id=378
raster_tex_alpha: faces=2217001 id=378
raster_tex_alpha: faces=2217501 id=378
raster_tex_alpha: faces=2218001 id=378
raster_tex_alpha: faces=2218501 id=348
raster_tex_alpha: faces=2219001 id=378
raster_tex_alpha: faces=2219501 id=378
raster_tex_alpha: faces=2220001 id=355
raster_tex_alpha: faces=2220501 id=389
raster_tex_alpha: faces=2221001 id=389
raster_tex_alpha: faces=2221501 id=389
raster_tex_alpha: faces=2222001 id=389
raster_tex_alpha: faces=2222501 id=394
raster_tex_alpha: faces=2223001 id=449
raster_tex_alpha: faces=2223501 id=378
raster_tex_alpha: faces=2224001 id=374
raster_tex_alpha: faces=2224501 id=406
raster_tex_alpha: faces=2225001 id=348
raster_tex_alpha: faces=2225501 id=348
raster_tex_alpha: faces=2226001 id=281
raster_tex_alpha: faces=2226501 id=348
raster_tex_alpha: faces=2227001 id=348
raster_tex_alpha: faces=2227501 id=281
raster_tex_alpha: faces=2228001 id=378
raster_tex_alpha: faces=2228501 id=378
raster_tex_alpha: faces=2229001 id=378
raster_tex_alpha: faces=2229501 id=389
raster_tex_alpha: faces=2230001 id=389
raster_tex_alpha: faces=2230501 id=394
raster_tex_alpha: faces=2231001 id=394
raster_tex_alpha: faces=2231501 id=449
raster_tex_alpha: faces=2232001 id=378
raster_tex_alpha: faces=2232501 id=374
raster_tex_alpha: faces=2233001 id=449
raster_tex_alpha: faces=2233501 id=303
raster_tex_alpha: faces=2234001 id=378
raster_tex_alpha: faces=2234501 id=378
raster_tex_alpha: faces=2235001 id=348
raster_tex_alpha: faces=2235501 id=348
raster_tex_alpha: faces=2236001 id=378
raster_tex_alpha: faces=2236501 id=402
raster_tex_alpha: faces=2237001 id=378
raster_tex_alpha: faces=2237501 id=378
raster_tex_alpha: faces=2238001 id=389
raster_tex_alpha: faces=2238501 id=433
raster_tex_alpha: faces=2239001 id=378
raster_tex_alpha: faces=2239501 id=402
raster_tex_alpha: faces=2240001 id=378
raster_tex_alpha: faces=2240501 id=374
raster_tex_alpha: faces=2241001 id=406
raster_tex_alpha: faces=2241501 id=378
raster_tex_alpha: faces=2242001 id=378
raster_tex_alpha: faces=2242501 id=302
raster_tex_alpha: faces=2243001 id=348
raster_tex_alpha: faces=2243501 id=378
raster_tex_alpha: faces=2244001 id=378
raster_tex_alpha: faces=2244501 id=281
raster_tex_alpha: faces=2245001 id=378
raster_tex_alpha: faces=2245501 id=389
raster_tex_alpha: faces=2246001 id=378
raster_tex_alpha: faces=2246501 id=334
raster_tex_alpha: faces=2247001 id=459
raster_tex_alpha: faces=2247501 id=433
raster_tex_alpha: faces=2248001 id=458
raster_tex_alpha: faces=2248501 id=378
raster_tex_alpha: faces=2249001 id=378
raster_tex_alpha: faces=2249501 id=406
raster_tex_alpha: faces=2250001 id=378
raster_tex_alpha: faces=2250501 id=303
raster_tex_alpha: faces=2251001 id=348
raster_tex_alpha: faces=2251501 id=348
raster_tex_alpha: faces=2252001 id=378
raster_tex_alpha: faces=2252501 id=302
raster_tex_alpha: faces=2253001 id=355
raster_tex_alpha: faces=2253501 id=378
raster_tex_alpha: faces=2254001 id=378
raster_tex_alpha: faces=2254501 id=334
raster_tex_alpha: faces=2255001 id=389
raster_tex_alpha: faces=2255501 id=459
raster_tex_alpha: faces=2256001 id=394
raster_tex_alpha: faces=2256501 id=239
raster_tex_alpha: faces=2257001 id=374
raster_tex_alpha: faces=2257501 id=378
raster_tex_alpha: faces=2258001 id=449
raster_tex_alpha: faces=2258501 id=378
raster_tex_alpha: faces=2259001 id=302
raster_tex_alpha: faces=2259501 id=378
raster_tex_alpha: faces=2260001 id=348
raster_tex_alpha: faces=2260501 id=378
raster_tex_alpha: faces=2261001 id=355
raster_tex_alpha: faces=2261501 id=355
raster_tex_alpha: faces=2262001 id=378
raster_tex_alpha: faces=2262501 id=334
raster_tex_alpha: faces=2263001 id=459
raster_tex_alpha: faces=2263501 id=389
raster_tex_alpha: faces=2264001 id=378
raster_tex_alpha: faces=2264501 id=402
raster_tex_alpha: faces=2265001 id=378
raster_tex_alpha: faces=2265501 id=378
raster_tex_alpha: faces=2266001 id=378
raster_tex_alpha: faces=2266501 id=378
raster_tex_alpha: faces=2267001 id=378
raster_tex_alpha: faces=2267501 id=281
raster_tex_alpha: faces=2268001 id=348
raster_tex_alpha: faces=2268501 id=348
raster_tex_alpha: faces=2269001 id=358
raster_tex_alpha: faces=2269501 id=378
raster_tex_alpha: faces=2270001 id=433
raster_tex_alpha: faces=2270501 id=378
raster_tex_alpha: faces=2271001 id=378
raster_tex_alpha: faces=2271501 id=378
raster_tex_alpha: faces=2272001 id=378
raster_tex_alpha: faces=2272501 id=394
raster_tex_alpha: faces=2273001 id=450
raster_tex_alpha: faces=2273501 id=374
raster_tex_alpha: faces=2274001 id=378
raster_tex_alpha: faces=2274501 id=406
raster_tex_alpha: faces=2275001 id=378
raster_tex_alpha: faces=2275501 id=378
raster_tex_alpha: faces=2276001 id=348
raster_tex_alpha: faces=2276501 id=378
raster_tex_alpha: faces=2277001 id=348
raster_tex_alpha: faces=2277501 id=355
raster_tex_alpha: faces=2278001 id=378
raster_tex_alpha: faces=2278501 id=378
raster_tex_alpha: faces=2279001 id=378
raster_tex_alpha: faces=2279501 id=389
raster_tex_alpha: faces=2280001 id=389
raster_tex_alpha: faces=2280501 id=459
raster_tex_alpha: faces=2281001 id=394
raster_tex_alpha: faces=2281501 id=450
raster_tex_alpha: faces=2282001 id=378
raster_tex_alpha: faces=2282501 id=378
raster_tex_alpha: faces=2283001 id=406
raster_tex_alpha: faces=2283501 id=378
raster_tex_alpha: faces=2284001 id=378
raster_tex_alpha: faces=2284501 id=348
raster_tex_alpha: faces=2285001 id=378
raster_tex_alpha: faces=2285501 id=348
raster_tex_alpha: faces=2286001 id=378
raster_tex_alpha: faces=2286501 id=355
raster_tex_alpha: faces=2287001 id=402
raster_tex_alpha: faces=2287501 id=389
raster_tex_alpha: faces=2288001 id=378
raster_tex_alpha: faces=2288501 id=389
raster_tex_alpha: faces=2289001 id=378
raster_tex_alpha: faces=2289501 id=402
raster_tex_alpha: faces=2290001 id=458
raster_tex_alpha: faces=2290501 id=378
raster_tex_alpha: faces=2291001 id=378
raster_tex_alpha: faces=2291501 id=450
raster_tex_alpha: faces=2292001 id=378
raster_tex_alpha: faces=2292501 id=303
raster_tex_alpha: faces=2293001 id=378
raster_tex_alpha: faces=2293501 id=378
raster_tex_alpha: faces=2294001 id=378
raster_tex_alpha: faces=2294501 id=378
raster_tex_alpha: faces=2295001 id=378
raster_tex_alpha: faces=2295501 id=378
raster_tex_alpha: faces=2296001 id=378
raster_tex_alpha: faces=2296501 id=389
raster_tex_alpha: faces=2297001 id=389
raster_tex_alpha: faces=2297501 id=378
raster_tex_alpha: faces=2298001 id=449
raster_tex_alpha: faces=2298501 id=378
raster_tex_alpha: faces=2299001 id=374
raster_tex_alpha: faces=2299501 id=407
raster_tex_alpha: faces=2300001 id=378
raster_tex_alpha: faces=2300501 id=378
raster_tex_alpha: faces=2301001 id=348
raster_tex_alpha: faces=2301501 id=348
raster_tex_alpha: faces=2302001 id=378
raster_tex_alpha: faces=2302501 id=378
raster_tex_alpha: faces=2303001 id=378
raster_tex_alpha: faces=2303501 id=433
raster_tex_alpha: faces=2304001 id=334
raster_tex_alpha: faces=2304501 id=378
raster_tex_alpha: faces=2305001 id=389
raster_tex_alpha: faces=2305501 id=378
raster_tex_alpha: faces=2306001 id=433
raster_tex_alpha: faces=2306501 id=449
raster_tex_alpha: faces=2307001 id=378
raster_tex_alpha: faces=2307501 id=378
raster_tex_alpha: faces=2308001 id=406
raster_tex_alpha: faces=2308501 id=378
raster_tex_alpha: faces=2309001 id=378
raster_tex_alpha: faces=2309501 id=378
raster_tex_alpha: faces=2310001 id=378
raster_tex_alpha: faces=2310501 id=378
raster_tex_alpha: faces=2311001 id=378
raster_tex_alpha: faces=2311501 id=378
raster_tex_alpha: faces=2312001 id=378
raster_tex_alpha: faces=2312501 id=389
raster_tex_alpha: faces=2313001 id=378
raster_tex_alpha: faces=2313501 id=389
raster_tex_alpha: faces=2314001 id=378
raster_tex_alpha: faces=2314501 id=394
raster_tex_alpha: faces=2315001 id=449
raster_tex_alpha: faces=2315501 id=378
raster_tex_alpha: faces=2316001 id=374
raster_tex_alpha: faces=2316501 id=449
raster_tex_alpha: faces=2317001 id=348
raster_tex_alpha: faces=2317501 id=303
raster_tex_alpha: faces=2318001 id=378
raster_tex_alpha: faces=2318501 id=378
raster_tex_alpha: faces=2319001 id=378
raster_tex_alpha: faces=2319501 id=378
raster_tex_alpha: faces=2320001 id=378
raster_tex_alpha: faces=2320501 id=378
raster_tex_alpha: faces=2321001 id=378
raster_tex_alpha: faces=2321501 id=389
raster_tex_alpha: faces=2322001 id=334
raster_tex_alpha: faces=2322501 id=433
raster_tex_alpha: faces=2323001 id=402
raster_tex_alpha: faces=2323501 id=378
raster_tex_alpha: faces=2324001 id=374
raster_tex_alpha: faces=2324501 id=408
raster_tex_alpha: faces=2325001 id=378
raster_tex_alpha: faces=2325501 id=303
raster_tex_alpha: faces=2326001 id=378
raster_tex_alpha: faces=2326501 id=348
raster_tex_alpha: faces=2327001 id=378
raster_tex_alpha: faces=2327501 id=378
raster_tex_alpha: faces=2328001 id=378
raster_tex_alpha: faces=2328501 id=378
raster_tex_alpha: faces=2329001 id=389
raster_tex_alpha: faces=2329501 id=378
raster_tex_alpha: faces=2330001 id=389
raster_tex_alpha: faces=2330501 id=378
raster_tex_alpha: faces=2331001 id=394
raster_tex_alpha: faces=2331501 id=449
raster_tex_alpha: faces=2332001 id=374
raster_tex_alpha: faces=2332501 id=374
raster_tex_alpha: faces=2333001 id=406
raster_tex_alpha: faces=2333501 id=378
raster_tex_alpha: faces=2334001 id=348
raster_tex_alpha: faces=2334501 id=348
raster_tex_alpha: faces=2335001 id=378
raster_tex_alpha: faces=2335501 id=348
raster_tex_alpha: faces=2336001 id=355
raster_tex_alpha: faces=2336501 id=378
raster_tex_alpha: faces=2337001 id=378
raster_tex_alpha: faces=2337501 id=378
raster_tex_alpha: faces=2338001 id=389
raster_tex_alpha: faces=2338501 id=389
raster_tex_alpha: faces=2339001 id=459
raster_tex_alpha: faces=2339501 id=394
raster_tex_alpha: faces=2340001 id=450
raster_tex_alpha: faces=2340501 id=374
raster_tex_alpha: faces=2341001 id=374
raster_tex_alpha: faces=2341501 id=450
raster_tex_alpha: faces=2342001 id=302
raster_tex_alpha: faces=2342501 id=348
raster_tex_alpha: faces=2343001 id=378
raster_tex_alpha: faces=2343501 id=348
raster_tex_alpha: faces=2344001 id=378
raster_tex_alpha: faces=2344501 id=302
raster_tex_alpha: faces=2345001 id=302
raster_tex_alpha: faces=2345501 id=355
raster_tex_alpha: faces=2346001 id=334
raster_tex_alpha: faces=2346501 id=389
raster_tex_alpha: faces=2347001 id=378
raster_tex_alpha: faces=2347501 id=433
raster_tex_alpha: faces=2348001 id=402
raster_tex_alpha: faces=2348501 id=374
raster_tex_alpha: faces=2349001 id=378
raster_tex_alpha: faces=2349501 id=406
raster_tex_alpha: faces=2350001 id=378
raster_tex_alpha: faces=2350501 id=378
raster_tex_alpha: faces=2351001 id=378
raster_tex_alpha: faces=2351501 id=378
raster_tex_alpha: faces=2352001 id=378
raster_tex_alpha: faces=2352501 id=378
raster_tex_alpha: faces=2353001 id=378
raster_tex_alpha: faces=2353501 id=378
raster_tex_alpha: faces=2354001 id=378
raster_tex_alpha: faces=2354501 id=378
raster_tex_alpha: faces=2355001 id=334
raster_tex_alpha: faces=2355501 id=389
raster_tex_alpha: faces=2356001 id=433
raster_tex_alpha: faces=2356501 id=450
raster_tex_alpha: faces=2357001 id=378
raster_tex_alpha: faces=2357501 id=268
raster_tex_alpha: faces=2358001 id=406
raster_tex_alpha: faces=2358501 id=378
raster_tex_alpha: faces=2359001 id=378
raster_tex_alpha: faces=2359501 id=303
raster_tex_alpha: faces=2360001 id=378
raster_tex_alpha: faces=2360501 id=378
raster_tex_alpha: faces=2361001 id=378
raster_tex_alpha: faces=2361501 id=355
raster_tex_alpha: faces=2362001 id=378
raster_tex_alpha: faces=2362501 id=389
raster_tex_alpha: faces=2363001 id=389
raster_tex_alpha: faces=2363501 id=389
raster_tex_alpha: faces=2364001 id=394
raster_tex_alpha: faces=2364501 id=394
raster_tex_alpha: faces=2365001 id=450
raster_tex_alpha: faces=2365501 id=378
raster_tex_alpha: faces=2366001 id=378
raster_tex_alpha: faces=2366501 id=406
raster_tex_alpha: faces=2367001 id=348
raster_tex_alpha: faces=2367501 id=348
raster_tex_alpha: faces=2368001 id=302
raster_tex_alpha: faces=2368501 id=378
raster_tex_alpha: faces=2369001 id=395
raster_tex_alpha: faces=2369501 id=378
raster_tex_alpha: faces=2370001 id=355
raster_tex_alpha: faces=2370501 id=378
raster_tex_alpha: faces=2371001 id=378
raster_tex_alpha: faces=2371501 id=378
raster_tex_alpha: faces=2372001 id=389
raster_tex_alpha: faces=2372501 id=459
raster_tex_alpha: faces=2373001 id=402
raster_tex_alpha: faces=2373501 id=458
raster_tex_alpha: faces=2374001 id=378
raster_tex_alpha: faces=2374501 id=378
raster_tex_alpha: faces=2375001 id=458
raster_tex_alpha: faces=2375501 id=378
raster_tex_alpha: faces=2376001 id=378
raster_tex_alpha: faces=2376501 id=302
raster_tex_alpha: faces=2377001 id=378
raster_tex_alpha: faces=2377501 id=355
raster_tex_alpha: faces=2378001 id=358
raster_tex_alpha: faces=2378501 id=378
raster_tex_alpha: faces=2379001 id=378
raster_tex_alpha: faces=2379501 id=334
raster_tex_alpha: faces=2380001 id=389
raster_tex_alpha: faces=2380501 id=334
raster_tex_alpha: faces=2381001 id=394
raster_tex_alpha: faces=2381501 id=449
raster_tex_alpha: faces=2382001 id=378
raster_tex_alpha: faces=2382501 id=374
raster_tex_alpha: faces=2383001 id=407
raster_tex_alpha: faces=2383501 id=378
raster_tex_alpha: faces=2384001 id=303
raster_tex_alpha: faces=2384501 id=348
raster_tex_alpha: faces=2385001 id=348
raster_tex_alpha: faces=2385501 id=378
raster_tex_alpha: faces=2386001 id=378
raster_tex_alpha: faces=2386501 id=378
raster_tex_alpha: faces=2387001 id=378
raster_tex_alpha: faces=2387501 id=378
raster_tex_alpha: faces=2388001 id=334
raster_tex_alpha: faces=2388501 id=378
raster_tex_alpha: faces=2389001 id=389
raster_tex_alpha: faces=2389501 id=433
raster_tex_alpha: faces=2390001 id=449
raster_tex_alpha: faces=2390501 id=374
raster_tex_alpha: faces=2391001 id=268
raster_tex_alpha: faces=2391501 id=408
raster_tex_alpha: faces=2392001 id=303
raster_tex_alpha: faces=2392501 id=378
raster_tex_alpha: faces=2393001 id=378
raster_tex_alpha: faces=2393501 id=281
raster_tex_alpha: faces=2394001 id=378
raster_tex_alpha: faces=2394501 id=378
raster_tex_alpha: faces=2395001 id=378
raster_tex_alpha: faces=2395501 id=433
raster_tex_alpha: faces=2396001 id=389
raster_tex_alpha: faces=2396501 id=433
raster_tex_alpha: faces=2397001 id=389
raster_tex_alpha: faces=2397501 id=394
raster_tex_alpha: faces=2398001 id=394
raster_tex_alpha: faces=2398501 id=449
raster_tex_alpha: faces=2399001 id=378
raster_tex_alpha: faces=2399501 id=374
raster_tex_alpha: faces=2400001 id=449
raster_tex_alpha: faces=2400501 id=378
raster_tex_alpha: faces=2401001 id=281
raster_tex_alpha: faces=2401501 id=378
raster_tex_alpha: faces=2402001 id=302
raster_tex_alpha: faces=2402501 id=348
raster_tex_alpha: faces=2403001 id=355
raster_tex_alpha: faces=2403501 id=355
raster_tex_alpha: faces=2404001 id=378
raster_tex_alpha: faces=2404501 id=402
raster_tex_alpha: faces=2405001 id=389
raster_tex_alpha: faces=2405501 id=380
raster_tex_alpha: faces=2406001 id=394
raster_tex_alpha: faces=2406501 id=380
raster_tex_alpha: faces=2407001 id=374
raster_tex_alpha: faces=2407501 id=378
raster_tex_alpha: faces=2408001 id=378
raster_tex_alpha: faces=2408501 id=378
raster_tex_alpha: faces=2409001 id=378
raster_tex_alpha: faces=2409501 id=303
raster_tex_alpha: faces=2410001 id=348
raster_tex_alpha: faces=2410501 id=348
raster_tex_alpha: faces=2411001 id=378
raster_tex_alpha: faces=2411501 id=378
raster_tex_alpha: faces=2412001 id=378
raster_tex_alpha: faces=2412501 id=355
raster_tex_alpha: faces=2413001 id=378
raster_tex_alpha: faces=2413501 id=389
raster_tex_alpha: faces=2414001 id=378
raster_tex_alpha: faces=2414501 id=378
raster_tex_alpha: faces=2415001 id=449
raster_tex_alpha: faces=2415501 id=378
raster_tex_alpha: faces=2416001 id=374
raster_tex_alpha: faces=2416501 id=406
raster_tex_alpha: faces=2417001 id=378
raster_tex_alpha: faces=2417501 id=378
raster_tex_alpha: faces=2418001 id=378
raster_tex_alpha: faces=2418501 id=348
raster_tex_alpha: faces=2419001 id=378
raster_tex_alpha: faces=2419501 id=358
raster_tex_alpha: faces=2420001 id=433
raster_tex_alpha: faces=2420501 id=433
raster_tex_alpha: faces=2421001 id=355
raster_tex_alpha: faces=2421501 id=389
raster_tex_alpha: faces=2422001 id=334
raster_tex_alpha: faces=2422501 id=389
raster_tex_alpha: faces=2423001 id=395
raster_tex_alpha: faces=2423501 id=449
raster_tex_alpha: faces=2424001 id=378
raster_tex_alpha: faces=2424501 id=378
raster_tex_alpha: faces=2425001 id=408
raster_tex_alpha: faces=2425501 id=378
raster_tex_alpha: faces=2426001 id=378
raster_tex_alpha: faces=2426501 id=348
raster_tex_alpha: faces=2427001 id=348
raster_tex_alpha: faces=2427501 id=281
raster_tex_alpha: faces=2428001 id=378
raster_tex_alpha: faces=2428501 id=378
raster_tex_alpha: faces=2429001 id=378
raster_tex_alpha: faces=2429501 id=378
raster_tex_alpha: faces=2430001 id=394
raster_tex_alpha: faces=2430501 id=334
raster_tex_alpha: faces=2431001 id=378
raster_tex_alpha: faces=2431501 id=394
raster_tex_alpha: faces=2432001 id=450
raster_tex_alpha: faces=2432501 id=378
raster_tex_alpha: faces=2433001 id=374
raster_tex_alpha: faces=2433501 id=408
raster_tex_alpha: faces=2434001 id=378
raster_tex_alpha: faces=2434501 id=303
raster_tex_alpha: faces=2435001 id=378
raster_tex_alpha: faces=2435501 id=378
raster_tex_alpha: faces=2436001 id=378
raster_tex_alpha: faces=2436501 id=378
raster_tex_alpha: faces=2437001 id=355
raster_tex_alpha: faces=2437501 id=378
raster_tex_alpha: faces=2438001 id=389
raster_tex_alpha: faces=2438501 id=378
raster_tex_alpha: faces=2439001 id=394
raster_tex_alpha: faces=2439501 id=394
raster_tex_alpha: faces=2440001 id=394
raster_tex_alpha: faces=2440501 id=449
raster_tex_alpha: faces=2441001 id=268
raster_tex_alpha: faces=2441501 id=374
raster_tex_alpha: faces=2442001 id=449
raster_tex_alpha: faces=2442501 id=348
raster_tex_alpha: faces=2443001 id=378
raster_tex_alpha: faces=2443501 id=348
raster_tex_alpha: faces=2444001 id=348
raster_tex_alpha: faces=2444501 id=281
raster_tex_alpha: faces=2445001 id=378
raster_tex_alpha: faces=2445501 id=355
raster_tex_alpha: faces=2446001 id=355
raster_tex_alpha: faces=2446501 id=389
raster_tex_alpha: faces=2447001 id=459
raster_tex_alpha: faces=2447501 id=389
raster_tex_alpha: faces=2448001 id=378
raster_tex_alpha: faces=2448501 id=402
raster_tex_alpha: faces=2449001 id=458
raster_tex_alpha: faces=2449501 id=378
raster_tex_alpha: faces=2450001 id=378
raster_tex_alpha: faces=2450501 id=450
raster_tex_alpha: faces=2451001 id=303
raster_tex_alpha: faces=2451501 id=378
raster_tex_alpha: faces=2452001 id=348
raster_tex_alpha: faces=2452501 id=378
raster_tex_alpha: faces=2453001 id=378
raster_tex_alpha: faces=2453501 id=378
raster_tex_alpha: faces=2454001 id=378
raster_tex_alpha: faces=2454501 id=378
raster_tex_alpha: faces=2455001 id=378
raster_tex_alpha: faces=2455501 id=389
raster_tex_alpha: faces=2456001 id=334
raster_tex_alpha: faces=2456501 id=395
raster_tex_alpha: faces=2457001 id=380
raster_tex_alpha: faces=2457501 id=378
raster_tex_alpha: faces=2458001 id=378
raster_tex_alpha: faces=2458501 id=408
raster_tex_alpha: faces=2459001 id=378
raster_tex_alpha: faces=2459501 id=378
raster_tex_alpha: faces=2460001 id=378
raster_tex_alpha: faces=2460501 id=378
raster_tex_alpha: faces=2461001 id=378
raster_tex_alpha: faces=2461501 id=281
raster_tex_alpha: faces=2462001 id=378
raster_tex_alpha: faces=2462501 id=378
raster_tex_alpha: faces=2463001 id=389
raster_tex_alpha: faces=2463501 id=378
raster_tex_alpha: faces=2464001 id=394
raster_tex_alpha: faces=2464501 id=334
raster_tex_alpha: faces=2465001 id=433
raster_tex_alpha: faces=2465501 id=449
raster_tex_alpha: faces=2466001 id=378
raster_tex_alpha: faces=2466501 id=374
raster_tex_alpha: faces=2467001 id=408
raster_tex_alpha: faces=2467501 id=378
raster_tex_alpha: faces=2468001 id=348
raster_tex_alpha: faces=2468501 id=378
raster_tex_alpha: faces=2469001 id=378
raster_tex_alpha: faces=2469501 id=378
raster_tex_alpha: faces=2470001 id=302
raster_tex_alpha: faces=2470501 id=378
raster_tex_alpha: faces=2471001 id=378
raster_tex_alpha: faces=2471501 id=355
raster_tex_alpha: faces=2472001 id=378
raster_tex_alpha: faces=2472501 id=378
raster_tex_alpha: faces=2473001 id=334
raster_tex_alpha: faces=2473501 id=394
raster_tex_alpha: faces=2474001 id=458
raster_tex_alpha: faces=2474501 id=374
raster_tex_alpha: faces=2475001 id=374
raster_tex_alpha: faces=2475501 id=406
raster_tex_alpha: faces=2476001 id=378
raster_tex_alpha: faces=2476501 id=378
raster_tex_alpha: faces=2477001 id=303
raster_tex_alpha: faces=2477501 id=302
raster_tex_alpha: faces=2478001 id=378
raster_tex_alpha: faces=2478501 id=378
raster_tex_alpha: faces=2479001 id=302
raster_tex_alpha: faces=2479501 id=378
raster_tex_alpha: faces=2480001 id=378
raster_tex_alpha: faces=2480501 id=389
raster_tex_alpha: faces=2481001 id=378
raster_tex_alpha: faces=2481501 id=389
raster_tex_alpha: faces=2482001 id=394
raster_tex_alpha: faces=2482501 id=449
raster_tex_alpha: faces=2483001 id=374
raster_tex_alpha: faces=2483501 id=378
raster_tex_alpha: faces=2484001 id=406
raster_tex_alpha: faces=2484501 id=378
raster_tex_alpha: faces=2485001 id=348
raster_tex_alpha: faces=2485501 id=348
raster_tex_alpha: faces=2486001 id=348
raster_tex_alpha: faces=2486501 id=378
raster_tex_alpha: faces=2487001 id=378
raster_tex_alpha: faces=2487501 id=355
raster_tex_alpha: faces=2488001 id=433
raster_tex_alpha: faces=2488501 id=380
raster_tex_alpha: faces=2489001 id=378
raster_tex_alpha: faces=2489501 id=395
raster_tex_alpha: faces=2490001 id=389
raster_tex_alpha: faces=2490501 id=394
raster_tex_alpha: faces=2491001 id=458
raster_tex_alpha: faces=2491501 id=374
raster_tex_alpha: faces=2492001 id=378
raster_tex_alpha: faces=2492501 id=408
raster_tex_alpha: faces=2493001 id=378
raster_tex_alpha: faces=2493501 id=281
raster_tex_alpha: faces=2494001 id=281
raster_tex_alpha: faces=2494501 id=348
raster_tex_alpha: faces=2495001 id=281
raster_tex_alpha: faces=2495501 id=378
raster_tex_alpha: faces=2496001 id=355
raster_tex_alpha: faces=2496501 id=334
raster_tex_alpha: faces=2497001 id=459
raster_tex_alpha: faces=2497501 id=378
raster_tex_alpha: faces=2498001 id=459
raster_tex_alpha: faces=2498501 id=378
raster_tex_alpha: faces=2499001 id=394
raster_tex_alpha: faces=2499501 id=449
raster_tex_alpha: faces=2500001 id=374
raster_tex_alpha: faces=2500501 id=374
raster_tex_alpha: faces=2501001 id=449
raster_tex_alpha: faces=2501501 id=378
raster_tex_alpha: faces=2502001 id=378
raster_tex_alpha: faces=2502501 id=348
raster_tex_alpha: faces=2503001 id=348
raster_tex_alpha: faces=2503501 id=348
raster_tex_alpha: faces=2504001 id=378
raster_tex_alpha: faces=2504501 id=378
raster_tex_alpha: faces=2505001 id=433
raster_tex_alpha: faces=2505501 id=389
raster_tex_alpha: faces=2506001 id=389
raster_tex_alpha: faces=2506501 id=389
raster_tex_alpha: faces=2507001 id=394
raster_tex_alpha: faces=2507501 id=402
raster_tex_alpha: faces=2508001 id=450
raster_tex_alpha: faces=2508501 id=378
raster_tex_alpha: faces=2509001 id=378
raster_tex_alpha: faces=2509501 id=450
raster_tex_alpha: faces=2510001 id=378
raster_tex_alpha: faces=2510501 id=378
raster_tex_alpha: faces=2511001 id=348
raster_tex_alpha: faces=2511501 id=378
raster_tex_alpha: faces=2512001 id=348
raster_tex_alpha: faces=2512501 id=378
raster_tex_alpha: faces=2513001 id=358
raster_tex_alpha: faces=2513501 id=378
raster_tex_alpha: faces=2514001 id=378
raster_tex_alpha: faces=2514501 id=389
raster_tex_alpha: faces=2515001 id=389
raster_tex_alpha: faces=2515501 id=459
raster_tex_alpha: faces=2516001 id=402
raster_tex_alpha: faces=2516501 id=378
raster_tex_alpha: faces=2517001 id=378
raster_tex_alpha: faces=2517501 id=408
raster_tex_alpha: faces=2518001 id=378
raster_tex_alpha: faces=2518501 id=378
raster_tex_alpha: faces=2519001 id=348
raster_tex_alpha: faces=2519501 id=348
raster_tex_alpha: faces=2520001 id=281
raster_tex_alpha: faces=2520501 id=348
raster_tex_alpha: faces=2521001 id=378
raster_tex_alpha: faces=2521501 id=395
raster_tex_alpha: faces=2522001 id=378
raster_tex_alpha: faces=2522501 id=378
raster_tex_alpha: faces=2523001 id=389
raster_tex_alpha: faces=2523501 id=389
raster_tex_alpha: faces=2524001 id=378
raster_tex_alpha: faces=2524501 id=394
raster_tex_alpha: faces=2525001 id=449
raster_tex_alpha: faces=2525501 id=378
raster_tex_alpha: faces=2526001 id=374
raster_tex_alpha: faces=2526501 id=449
raster_tex_alpha: faces=2527001 id=378
raster_tex_alpha: faces=2527501 id=378
raster_tex_alpha: faces=2528001 id=302
raster_tex_alpha: faces=2528501 id=348
raster_tex_alpha: faces=2529001 id=378
raster_tex_alpha: faces=2529501 id=378
raster_tex_alpha: faces=2530001 id=395
raster_tex_alpha: faces=2530501 id=378
raster_tex_alpha: faces=2531001 id=378
raster_tex_alpha: faces=2531501 id=389
raster_tex_alpha: faces=2532001 id=394
raster_tex_alpha: faces=2532501 id=389
raster_tex_alpha: faces=2533001 id=394
raster_tex_alpha: faces=2533501 id=449
raster_tex_alpha: faces=2534001 id=268
raster_tex_alpha: faces=2534501 id=378
raster_tex_alpha: faces=2535001 id=406
raster_tex_alpha: faces=2535501 id=303
raster_tex_alpha: faces=2536001 id=303
raster_tex_alpha: faces=2536501 id=378
raster_tex_alpha: faces=2537001 id=378
raster_tex_alpha: faces=2537501 id=378
raster_tex_alpha: faces=2538001 id=355
raster_tex_alpha: faces=2538501 id=378
raster_tex_alpha: faces=2539001 id=378
raster_tex_alpha: faces=2539501 id=378
raster_tex_alpha: faces=2540001 id=378
raster_tex_alpha: faces=2540501 id=378
raster_tex_alpha: faces=2541001 id=389
raster_tex_alpha: faces=2541501 id=378
raster_tex_alpha: faces=2542001 id=449
raster_tex_alpha: faces=2542501 id=374
raster_tex_alpha: faces=2543001 id=378
raster_tex_alpha: faces=2543501 id=408
raster_tex_alpha: faces=2544001 id=378
raster_tex_alpha: faces=2544501 id=378
raster_tex_alpha: faces=2545001 id=348
raster_tex_alpha: faces=2545501 id=348
raster_tex_alpha: faces=2546001 id=348
raster_tex_alpha: faces=2546501 id=348
raster_tex_alpha: faces=2547001 id=378
raster_tex_alpha: faces=2547501 id=378
raster_tex_alpha: faces=2548001 id=378
raster_tex_alpha: faces=2548501 id=378
raster_tex_alpha: faces=2549001 id=378
raster_tex_alpha: faces=2549501 id=378
raster_tex_alpha: faces=2550001 id=395
raster_tex_alpha: faces=2550501 id=402
raster_tex_alpha: faces=2551001 id=239
raster_tex_alpha: faces=2551501 id=378
raster_tex_alpha: faces=2552001 id=378
raster_tex_alpha: faces=2552501 id=458
raster_tex_alpha: faces=2553001 id=378
raster_tex_alpha: faces=2553501 id=378
raster_tex_alpha: faces=2554001 id=378
raster_tex_alpha: faces=2554501 id=348
raster_tex_alpha: faces=2555001 id=378
raster_tex_alpha: faces=2555501 id=302
raster_tex_alpha: faces=2556001 id=378
raster_tex_alpha: faces=2556501 id=378
raster_tex_alpha: faces=2557001 id=378
raster_tex_alpha: faces=2557501 id=378
raster_tex_alpha: faces=2558001 id=378
raster_tex_alpha: faces=2558501 id=378
raster_tex_alpha: faces=2559001 id=394
raster_tex_alpha: faces=2559501 id=239
raster_tex_alpha: faces=2560001 id=268
raster_tex_alpha: faces=2560501 id=378
raster_tex_alpha: faces=2561001 id=406
raster_tex_alpha: faces=2561501 id=303
raster_tex_alpha: faces=2562001 id=378
raster_tex_alpha: faces=2562501 id=303
raster_tex_alpha: faces=2563001 id=281
raster_tex_alpha: faces=2563501 id=281
raster_tex_alpha: faces=2564001 id=355
raster_tex_alpha: faces=2564501 id=378
raster_tex_alpha: faces=2565001 id=378
raster_tex_alpha: faces=2565501 id=389
raster_tex_alpha: faces=2566001 id=389
raster_tex_alpha: faces=2566501 id=389
raster_tex_alpha: faces=2567001 id=389
raster_tex_alpha: faces=2567501 id=395
raster_tex_alpha: faces=2568001 id=239
raster_tex_alpha: faces=2568501 id=374
raster_tex_alpha: faces=2569001 id=374
raster_tex_alpha: faces=2569501 id=406
raster_tex_alpha: faces=2570001 id=378
raster_tex_alpha: faces=2570501 id=348
raster_tex_alpha: faces=2571001 id=378
raster_tex_alpha: faces=2571501 id=378
raster_tex_alpha: faces=2572001 id=395
raster_tex_alpha: faces=2572501 id=378
raster_tex_alpha: faces=2573001 id=355
raster_tex_alpha: faces=2573501 id=378
raster_tex_alpha: faces=2574001 id=334
raster_tex_alpha: faces=2574501 id=334
raster_tex_alpha: faces=2575001 id=389
raster_tex_alpha: faces=2575501 id=389
raster_tex_alpha: faces=2576001 id=380
raster_tex_alpha: faces=2576501 id=402
raster_tex_alpha: faces=2577001 id=374
raster_tex_alpha: faces=2577501 id=374
raster_tex_alpha: faces=2578001 id=406
raster_tex_alpha: faces=2578501 id=378
raster_tex_alpha: faces=2579001 id=378
raster_tex_alpha: faces=2579501 id=378
raster_tex_alpha: faces=2580001 id=348
raster_tex_alpha: faces=2580501 id=348
raster_tex_alpha: faces=2581001 id=378
raster_tex_alpha: faces=2581501 id=378
raster_tex_alpha: faces=2582001 id=378
raster_tex_alpha: faces=2582501 id=378
raster_tex_alpha: faces=2583001 id=389
raster_tex_alpha: faces=2583501 id=389
raster_tex_alpha: faces=2584001 id=378
raster_tex_alpha: faces=2584501 id=395
raster_tex_alpha: faces=2585001 id=394
raster_tex_alpha: faces=2585501 id=449
raster_tex_alpha: faces=2586001 id=374
raster_tex_alpha: faces=2586501 id=374
raster_tex_alpha: faces=2587001 id=449
raster_tex_alpha: faces=2587501 id=402
raster_tex_alpha: faces=2588001 id=348
raster_tex_alpha: faces=2588501 id=303
raster_tex_alpha: faces=2589001 id=378
raster_tex_alpha: faces=2589501 id=378
raster_tex_alpha: faces=2590001 id=378
raster_tex_alpha: faces=2590501 id=378
raster_tex_alpha: faces=2591001 id=378
raster_tex_alpha: faces=2591501 id=378
raster_tex_alpha: faces=2592001 id=389
raster_tex_alpha: faces=2592501 id=459
raster_tex_alpha: faces=2593001 id=378
raster_tex_alpha: faces=2593501 id=394
raster_tex_alpha: faces=2594001 id=449
raster_tex_alpha: faces=2594501 id=374
raster_tex_alpha: faces=2595001 id=268
raster_tex_alpha: faces=2595501 id=406
raster_tex_alpha: faces=2596001 id=378
raster_tex_alpha: faces=2596501 id=348
raster_tex_alpha: faces=2597001 id=378
raster_tex_alpha: faces=2597501 id=302
raster_tex_alpha: faces=2598001 id=348
raster_tex_alpha: faces=2598501 id=303
raster_tex_alpha: faces=2599001 id=378
raster_tex_alpha: faces=2599501 id=378
raster_tex_alpha: faces=2600001 id=378
raster_tex_alpha: faces=2600501 id=378
raster_tex_alpha: faces=2601001 id=389
raster_tex_alpha: faces=2601501 id=334
raster_tex_alpha: faces=2602001 id=395
raster_tex_alpha: faces=2602501 id=449
raster_tex_alpha: faces=2603001 id=378
raster_tex_alpha: faces=2603501 id=374
raster_tex_alpha: faces=2604001 id=406
raster_tex_alpha: faces=2604501 id=378
raster_tex_alpha: faces=2605001 id=402
raster_tex_alpha: faces=2605501 id=348
raster_tex_alpha: faces=2606001 id=378
raster_tex_alpha: faces=2606501 id=281
raster_tex_alpha: faces=2607001 id=395
raster_tex_alpha: faces=2607501 id=433
raster_tex_alpha: faces=2608001 id=281
raster_tex_alpha: faces=2608501 id=378
raster_tex_alpha: faces=2609001 id=389
raster_tex_alpha: faces=2609501 id=394
raster_tex_alpha: faces=2610001 id=389
raster_tex_alpha: faces=2610501 id=394
raster_tex_alpha: faces=2611001 id=380
raster_tex_alpha: faces=2611501 id=378
raster_tex_alpha: faces=2612001 id=378
raster_tex_alpha: faces=2612501 id=378
raster_tex_alpha: faces=2613001 id=239
raster_tex_alpha: faces=2613501 id=302
raster_tex_alpha: faces=2614001 id=348
raster_tex_alpha: faces=2614501 id=378
raster_tex_alpha: faces=2615001 id=348
raster_tex_alpha: faces=2615501 id=348
raster_tex_alpha: faces=2616001 id=378
raster_tex_alpha: faces=2616501 id=281
raster_tex_alpha: faces=2617001 id=378
raster_tex_alpha: faces=2617501 id=378
raster_tex_alpha: faces=2618001 id=378
raster_tex_alpha: faces=2618501 id=378
raster_tex_alpha: faces=2619001 id=394
raster_tex_alpha: faces=2619501 id=394
raster_tex_alpha: faces=2620001 id=449
raster_tex_alpha: faces=2620501 id=374
raster_tex_alpha: faces=2621001 id=374
raster_tex_alpha: faces=2621501 id=449
raster_tex_alpha: faces=2622001 id=378
raster_tex_alpha: faces=2622501 id=348
raster_tex_alpha: faces=2623001 id=378
raster_tex_alpha: faces=2623501 id=348
raster_tex_alpha: faces=2624001 id=378
raster_tex_alpha: faces=2624501 id=378
raster_tex_alpha: faces=2625001 id=355
raster_tex_alpha: faces=2625501 id=378
raster_tex_alpha: faces=2626001 id=378
raster_tex_alpha: faces=2626501 id=459
raster_tex_alpha: faces=2627001 id=378
raster_tex_alpha: faces=2627501 id=394
raster_tex_alpha: faces=2628001 id=433
raster_tex_alpha: faces=2628501 id=449
raster_tex_alpha: faces=2629001 id=374
raster_tex_alpha: faces=2629501 id=378
raster_tex_alpha: faces=2630001 id=406
raster_tex_alpha: faces=2630501 id=378
raster_tex_alpha: faces=2631001 id=303
raster_tex_alpha: faces=2631501 id=378
raster_tex_alpha: faces=2632001 id=348
raster_tex_alpha: faces=2632501 id=348
raster_tex_alpha: faces=2633001 id=433
raster_tex_alpha: faces=2633501 id=378
raster_tex_alpha: faces=2634001 id=394
raster_tex_alpha: faces=2634501 id=378
raster_tex_alpha: faces=2635001 id=378
raster_tex_alpha: faces=2635501 id=389
raster_tex_alpha: faces=2636001 id=389
raster_tex_alpha: faces=2636501 id=380
raster_tex_alpha: faces=2637001 id=449
raster_tex_alpha: faces=2637501 id=378
raster_tex_alpha: faces=2638001 id=374
raster_tex_alpha: faces=2638501 id=406
raster_tex_alpha: faces=2639001 id=378
raster_tex_alpha: faces=2639501 id=302
raster_tex_alpha: faces=2640001 id=348
raster_tex_alpha: faces=2640501 id=348
raster_tex_alpha: faces=2641001 id=348
raster_tex_alpha: faces=2641501 id=348
raster_tex_alpha: faces=2642001 id=378
raster_tex_alpha: faces=2642501 id=378
raster_tex_alpha: faces=2643001 id=378
raster_tex_alpha: faces=2643501 id=389
raster_tex_alpha: faces=2644001 id=389
raster_tex_alpha: faces=2644501 id=378
raster_tex_alpha: faces=2645001 id=394
raster_tex_alpha: faces=2645501 id=402
raster_tex_alpha: faces=2646001 id=450
raster_tex_alpha: faces=2646501 id=268
raster_tex_alpha: faces=2647001 id=374
raster_tex_alpha: faces=2647501 id=449
raster_tex_alpha: faces=2648001 id=378
raster_tex_alpha: faces=2648501 id=378
raster_tex_alpha: faces=2649001 id=348
raster_tex_alpha: faces=2649501 id=302
raster_tex_alpha: faces=2650001 id=281
raster_tex_alpha: faces=2650501 id=378
raster_tex_alpha: faces=2651001 id=378
raster_tex_alpha: faces=2651501 id=459
raster_tex_alpha: faces=2652001 id=378
raster_tex_alpha: faces=2652501 id=378
raster_tex_alpha: faces=2653001 id=459
raster_tex_alpha: faces=2653501 id=378
raster_tex_alpha: faces=2654001 id=433
raster_tex_alpha: faces=2654501 id=449
raster_tex_alpha: faces=2655001 id=374
raster_tex_alpha: faces=2655501 id=378
raster_tex_alpha: faces=2656001 id=408
raster_tex_alpha: faces=2656501 id=378
raster_tex_alpha: faces=2657001 id=302
raster_tex_alpha: faces=2657501 id=378
raster_tex_alpha: faces=2658001 id=348
raster_tex_alpha: faces=2658501 id=355
raster_tex_alpha: faces=2659001 id=378
raster_tex_alpha: faces=2659501 id=281
raster_tex_alpha: faces=2660001 id=433
raster_tex_alpha: faces=2660501 id=394
raster_tex_alpha: faces=2661001 id=389
raster_tex_alpha: faces=2661501 id=378
raster_tex_alpha: faces=2662001 id=459
raster_tex_alpha: faces=2662501 id=394
raster_tex_alpha: faces=2663001 id=449
raster_tex_alpha: faces=2663501 id=378
raster_tex_alpha: faces=2664001 id=374
raster_tex_alpha: faces=2664501 id=406
raster_tex_alpha: faces=2665001 id=378
raster_tex_alpha: faces=2665501 id=378
raster_tex_alpha: faces=2666001 id=348
raster_tex_alpha: faces=2666501 id=378
raster_tex_alpha: faces=2667001 id=348
raster_tex_alpha: faces=2667501 id=302
raster_tex_alpha: faces=2668001 id=281
raster_tex_alpha: faces=2668501 id=378
raster_tex_alpha: faces=2669001 id=378
raster_tex_alpha: faces=2669501 id=378
raster_tex_alpha: faces=2670001 id=378
raster_tex_alpha: faces=2670501 id=389
raster_tex_alpha: faces=2671001 id=378
raster_tex_alpha: faces=2671501 id=402
raster_tex_alpha: faces=2672001 id=378
raster_tex_alpha: faces=2672501 id=378
raster_tex_alpha: faces=2673001 id=378
raster_tex_alpha: faces=2673501 id=378
raster_tex_alpha: faces=2674001 id=378
raster_tex_alpha: faces=2674501 id=303
raster_tex_alpha: faces=2675001 id=348
raster_tex_alpha: faces=2675501 id=348
raster_tex_alpha: faces=2676001 id=433
raster_tex_alpha: faces=2676501 id=378
raster_tex_alpha: faces=2677001 id=355
raster_tex_alpha: faces=2677501 id=378
raster_tex_alpha: faces=2678001 id=378
raster_tex_alpha: faces=2678501 id=378
raster_tex_alpha: faces=2679001 id=459
raster_tex_alpha: faces=2679501 id=378
raster_tex_alpha: faces=2680001 id=394
raster_tex_alpha: faces=2680501 id=449
raster_tex_alpha: faces=2681001 id=378
raster_tex_alpha: faces=2681501 id=374
raster_tex_alpha: faces=2682001 id=449
raster_tex_alpha: faces=2682501 id=378
raster_tex_alpha: faces=2683001 id=302
raster_tex_alpha: faces=2683501 id=348
raster_tex_alpha: faces=2684001 id=378
raster_tex_alpha: faces=2684501 id=378
raster_tex_alpha: faces=2685001 id=348
raster_tex_alpha: faces=2685501 id=355
raster_tex_alpha: faces=2686001 id=378
raster_tex_alpha: faces=2686501 id=355
raster_tex_alpha: faces=2687001 id=378
raster_tex_alpha: faces=2687501 id=281
raster_tex_alpha: faces=2688001 id=378
raster_tex_alpha: faces=2688501 id=378
raster_tex_alpha: faces=2689001 id=449
raster_tex_alpha: faces=2689501 id=374
raster_tex_alpha: faces=2690001 id=268
raster_tex_alpha: faces=2690501 id=406
raster_tex_alpha: faces=2691001 id=358
raster_tex_alpha: faces=2691501 id=378
raster_tex_alpha: faces=2692001 id=378
raster_tex_alpha: faces=2692501 id=303
raster_tex_alpha: faces=2693001 id=348
raster_tex_alpha: faces=2693501 id=348
raster_tex_alpha: faces=2694001 id=378
raster_tex_alpha: faces=2694501 id=378
raster_tex_alpha: faces=2695001 id=389
raster_tex_alpha: faces=2695501 id=378
raster_tex_alpha: faces=2696001 id=378
raster_tex_alpha: faces=2696501 id=378
raster_tex_alpha: faces=2697001 id=394
raster_tex_alpha: faces=2697501 id=449
raster_tex_alpha: faces=2698001 id=374
raster_tex_alpha: faces=2698501 id=374
raster_tex_alpha: faces=2699001 id=406
raster_tex_alpha: faces=2699501 id=378
raster_tex_alpha: faces=2700001 id=378
raster_tex_alpha: faces=2700501 id=303
raster_tex_alpha: faces=2701001 id=378
raster_tex_alpha: faces=2701501 id=378
raster_tex_alpha: faces=2702001 id=378
raster_tex_alpha: faces=2702501 id=389
raster_tex_alpha: faces=2703001 id=378
raster_tex_alpha: faces=2703501 id=355
raster_tex_alpha: faces=2704001 id=389
raster_tex_alpha: faces=2704501 id=378
raster_tex_alpha: faces=2705001 id=378
raster_tex_alpha: faces=2705501 id=459
raster_tex_alpha: faces=2706001 id=402
raster_tex_alpha: faces=2706501 id=450
raster_tex_alpha: faces=2707001 id=374
raster_tex_alpha: faces=2707501 id=268
raster_tex_alpha: faces=2708001 id=449
raster_tex_alpha: faces=2708501 id=389
raster_tex_alpha: faces=2709001 id=302
raster_tex_alpha: faces=2709501 id=348
raster_tex_alpha: faces=2710001 id=394
raster_tex_alpha: faces=2710501 id=378
raster_tex_alpha: faces=2711001 id=281
raster_tex_alpha: faces=2711501 id=348
raster_tex_alpha: faces=2712001 id=378
raster_tex_alpha: faces=2712501 id=433
raster_tex_alpha: faces=2713001 id=389
raster_tex_alpha: faces=2713501 id=378
raster_tex_alpha: faces=2714001 id=378
raster_tex_alpha: faces=2714501 id=394
raster_tex_alpha: faces=2715001 id=449
raster_tex_alpha: faces=2715501 id=374
raster_tex_alpha: faces=2716001 id=374
raster_tex_alpha: faces=2716501 id=406
raster_tex_alpha: faces=2717001 id=378
raster_tex_alpha: faces=2717501 id=334
raster_tex_alpha: faces=2718001 id=378
raster_tex_alpha: faces=2718501 id=378
raster_tex_alpha: faces=2719001 id=378
raster_tex_alpha: faces=2719501 id=355
raster_tex_alpha: faces=2720001 id=378
raster_tex_alpha: faces=2720501 id=355
raster_tex_alpha: faces=2721001 id=378
raster_tex_alpha: faces=2721501 id=389
raster_tex_alpha: faces=2722001 id=334
raster_tex_alpha: faces=2722501 id=378
raster_tex_alpha: faces=2723001 id=378
raster_tex_alpha: faces=2723501 id=449
raster_tex_alpha: faces=2724001 id=374
raster_tex_alpha: faces=2724501 id=378
raster_tex_alpha: faces=2725001 id=406
raster_tex_alpha: faces=2725501 id=378
raster_tex_alpha: faces=2726001 id=303
raster_tex_alpha: faces=2726501 id=395
raster_tex_alpha: faces=2727001 id=303
raster_tex_alpha: faces=2727501 id=378
raster_tex_alpha: faces=2728001 id=380
raster_tex_alpha: faces=2728501 id=389
raster_tex_alpha: faces=2729001 id=389
raster_tex_alpha: faces=2729501 id=355
raster_tex_alpha: faces=2730001 id=355
raster_tex_alpha: faces=2730501 id=378
raster_tex_alpha: faces=2731001 id=378
raster_tex_alpha: faces=2731501 id=378
raster_tex_alpha: faces=2732001 id=402
raster_tex_alpha: faces=2732501 id=378
raster_tex_alpha: faces=2733001 id=378
raster_tex_alpha: faces=2733501 id=378
raster_tex_alpha: faces=2734001 id=239
raster_tex_alpha: faces=2734501 id=389
raster_tex_alpha: faces=2735001 id=459
raster_tex_alpha: faces=2735501 id=378
raster_tex_alpha: faces=2736001 id=348
raster_tex_alpha: faces=2736501 id=303
raster_tex_alpha: faces=2737001 id=334
raster_tex_alpha: faces=2737501 id=348
raster_tex_alpha: faces=2738001 id=378
raster_tex_alpha: faces=2738501 id=433
raster_tex_alpha: faces=2739001 id=378
raster_tex_alpha: faces=2739501 id=378
raster_tex_alpha: faces=2740001 id=394
raster_tex_alpha: faces=2740501 id=378
raster_tex_alpha: faces=2741001 id=449
raster_tex_alpha: faces=2741501 id=374
raster_tex_alpha: faces=2742001 id=374
raster_tex_alpha: faces=2742501 id=449
raster_tex_alpha: faces=2743001 id=378
raster_tex_alpha: faces=2743501 id=433
raster_tex_alpha: faces=2744001 id=459
raster_tex_alpha: faces=2744501 id=378
raster_tex_alpha: faces=2745001 id=378
raster_tex_alpha: faces=2745501 id=394
raster_tex_alpha: faces=2746001 id=395
raster_tex_alpha: faces=2746501 id=380
raster_tex_alpha: faces=2747001 id=394
raster_tex_alpha: faces=2747501 id=459
raster_tex_alpha: faces=2748001 id=302
raster_tex_alpha: faces=2748501 id=378
raster_tex_alpha: faces=2749001 id=378
raster_tex_alpha: faces=2749501 id=449
raster_tex_alpha: faces=2750001 id=374
raster_tex_alpha: faces=2750501 id=378
raster_tex_alpha: faces=2751001 id=406
raster_tex_alpha: faces=2751501 id=378
raster_tex_alpha: faces=2752001 id=334
raster_tex_alpha: faces=2752501 id=378
raster_tex_alpha: faces=2753001 id=378
raster_tex_alpha: faces=2753501 id=378
raster_tex_alpha: faces=2754001 id=348
raster_tex_alpha: faces=2754501 id=355
raster_tex_alpha: faces=2755001 id=334
raster_tex_alpha: faces=2755501 id=281
raster_tex_alpha: faces=2756001 id=378
raster_tex_alpha: faces=2756501 id=389
raster_tex_alpha: faces=2757001 id=378
raster_tex_alpha: faces=2757501 id=378
raster_tex_alpha: faces=2758001 id=449
raster_tex_alpha: faces=2758501 id=378
raster_tex_alpha: faces=2759001 id=378
raster_tex_alpha: faces=2759501 id=406
raster_tex_alpha: faces=2760001 id=378
raster_tex_alpha: faces=2760501 id=394
raster_tex_alpha: faces=2761001 id=394
raster_tex_alpha: faces=2761501 id=389
raster_tex_alpha: faces=2762001 id=433
raster_tex_alpha: faces=2762501 id=303
raster_tex_alpha: faces=2763001 id=378
raster_tex_alpha: faces=2763501 id=348
raster_tex_alpha: faces=2764001 id=348
raster_tex_alpha: faces=2764501 id=378
raster_tex_alpha: faces=2765001 id=302
raster_tex_alpha: faces=2765501 id=378
raster_tex_alpha: faces=2766001 id=378
raster_tex_alpha: faces=2766501 id=402
raster_tex_alpha: faces=2767001 id=450
raster_tex_alpha: faces=2767501 id=374
raster_tex_alpha: faces=2768001 id=378
raster_tex_alpha: faces=2768501 id=449
raster_tex_alpha: faces=2769001 id=459
raster_tex_alpha: faces=2769501 id=389
raster_tex_alpha: faces=2770001 id=389
raster_tex_alpha: faces=2770501 id=389
raster_tex_alpha: faces=2771001 id=378
raster_tex_alpha: faces=2771501 id=378
raster_tex_alpha: faces=2772001 id=303
raster_tex_alpha: faces=2772501 id=348
raster_tex_alpha: faces=2773001 id=389
raster_tex_alpha: faces=2773501 id=459
raster_tex_alpha: faces=2774001 id=378
raster_tex_alpha: faces=2774501 id=389
raster_tex_alpha: faces=2775001 id=378
raster_tex_alpha: faces=2775501 id=449
raster_tex_alpha: faces=2776001 id=374
raster_tex_alpha: faces=2776501 id=374
raster_tex_alpha: faces=2777001 id=406
raster_tex_alpha: faces=2777501 id=334
raster_tex_alpha: faces=2778001 id=433
raster_tex_alpha: faces=2778501 id=389
raster_tex_alpha: faces=2779001 id=334
raster_tex_alpha: faces=2779501 id=355
raster_tex_alpha: faces=2780001 id=389
raster_tex_alpha: faces=2780501 id=281
raster_tex_alpha: faces=2781001 id=378
raster_tex_alpha: faces=2781501 id=378
raster_tex_alpha: faces=2782001 id=348
raster_tex_alpha: faces=2782501 id=378
raster_tex_alpha: faces=2783001 id=378
raster_tex_alpha: faces=2783501 id=378
raster_tex_alpha: faces=2784001 id=450
raster_tex_alpha: faces=2784501 id=374
raster_tex_alpha: faces=2785001 id=378
raster_tex_alpha: faces=2785501 id=408
raster_tex_alpha: faces=2786001 id=378
raster_tex_alpha: faces=2786501 id=394
raster_tex_alpha: faces=2787001 id=433
raster_tex_alpha: faces=2787501 id=394
raster_tex_alpha: faces=2788001 id=355
raster_tex_alpha: faces=2788501 id=355
raster_tex_alpha: faces=2789001 id=348
raster_tex_alpha: faces=2789501 id=348
raster_tex_alpha: faces=2790001 id=348
raster_tex_alpha: faces=2790501 id=302
raster_tex_alpha: faces=2791001 id=378
raster_tex_alpha: faces=2791501 id=378
raster_tex_alpha: faces=2792001 id=378
raster_tex_alpha: faces=2792501 id=402
raster_tex_alpha: faces=2793001 id=378
raster_tex_alpha: faces=2793501 id=378
raster_tex_alpha: faces=2794001 id=378
raster_tex_alpha: faces=2794501 id=378
raster_tex_alpha: faces=2795001 id=389
raster_tex_alpha: faces=2795501 id=389
raster_tex_alpha: faces=2796001 id=394
raster_tex_alpha: faces=2796501 id=433
raster_tex_alpha: faces=2797001 id=378
raster_tex_alpha: faces=2797501 id=389
raster_tex_alpha: faces=2798001 id=348
raster_tex_alpha: faces=2798501 id=348
raster_tex_alpha: faces=2799001 id=348
raster_tex_alpha: faces=2799501 id=348
raster_tex_alpha: faces=2800001 id=378
raster_tex_alpha: faces=2800501 id=281
raster_tex_alpha: faces=2801001 id=378
raster_tex_alpha: faces=2801501 id=449
raster_tex_alpha: faces=2802001 id=378
raster_tex_alpha: faces=2802501 id=378
raster_tex_alpha: faces=2803001 id=449
raster_tex_alpha: faces=2803501 id=389
raster_tex_alpha: faces=2804001 id=389
raster_tex_alpha: faces=2804501 id=378
raster_tex_alpha: faces=2805001 id=459
raster_tex_alpha: faces=2805501 id=389
raster_tex_alpha: faces=2806001 id=378
raster_tex_alpha: faces=2806501 id=348
raster_tex_alpha: faces=2807001 id=348
raster_tex_alpha: faces=2807501 id=348
raster_tex_alpha: faces=2808001 id=348
raster_tex_alpha: faces=2808501 id=378
raster_tex_alpha: faces=2809001 id=378
raster_tex_alpha: faces=2809501 id=378
raster_tex_alpha: faces=2810001 id=449
raster_tex_alpha: faces=2810501 id=268
raster_tex_alpha: faces=2811001 id=378
raster_tex_alpha: faces=2811501 id=406
raster_tex_alpha: faces=2812001 id=378
raster_tex_alpha: faces=2812501 id=394
raster_tex_alpha: faces=2813001 id=378
raster_tex_alpha: faces=2813501 id=459
raster_tex_alpha: faces=2814001 id=378
raster_tex_alpha: faces=2814501 id=334
raster_tex_alpha: faces=2815001 id=303
raster_tex_alpha: faces=2815501 id=303
raster_tex_alpha: faces=2816001 id=348
raster_tex_alpha: faces=2816501 id=378
raster_tex_alpha: faces=2817001 id=378
raster_tex_alpha: faces=2817501 id=378
raster_tex_alpha: faces=2818001 id=378
raster_tex_alpha: faces=2818501 id=449
raster_tex_alpha: faces=2819001 id=374
raster_tex_alpha: faces=2819501 id=374
raster_tex_alpha: faces=2820001 id=408
raster_tex_alpha: faces=2820501 id=378
raster_tex_alpha: faces=2821001 id=395
raster_tex_alpha: faces=2821501 id=394
raster_tex_alpha: faces=2822001 id=355
raster_tex_alpha: faces=2822501 id=395
raster_tex_alpha: faces=2823001 id=378
raster_tex_alpha: faces=2823501 id=378
raster_tex_alpha: faces=2824001 id=378
raster_tex_alpha: faces=2824501 id=355
raster_tex_alpha: faces=2825001 id=302
raster_tex_alpha: faces=2825501 id=378
raster_tex_alpha: faces=2826001 id=378
raster_tex_alpha: faces=2826501 id=378
raster_tex_alpha: faces=2827001 id=402
raster_tex_alpha: faces=2827501 id=450
raster_tex_alpha: faces=2828001 id=268
raster_tex_alpha: faces=2828501 id=374
raster_tex_alpha: faces=2829001 id=450
raster_tex_alpha: faces=2829501 id=355
raster_tex_alpha: faces=2830001 id=378
raster_tex_alpha: faces=2830501 id=389
raster_tex_alpha: faces=2831001 id=378
raster_tex_alpha: faces=2831501 id=378
raster_tex_alpha: faces=2832001 id=348
raster_tex_alpha: faces=2832501 id=348
raster_tex_alpha: faces=2833001 id=348
raster_tex_alpha: faces=2833501 id=302
raster_tex_alpha: faces=2834001 id=378
raster_tex_alpha: faces=2834501 id=378
raster_tex_alpha: faces=2835001 id=378
raster_tex_alpha: faces=2835501 id=394
raster_tex_alpha: faces=2836001 id=450
raster_tex_alpha: faces=2836501 id=374
raster_tex_alpha: faces=2837001 id=378
raster_tex_alpha: faces=2837501 id=406
raster_tex_alpha: faces=2838001 id=358
raster_tex_alpha: faces=2838501 id=389
raster_tex_alpha: faces=2839001 id=389
raster_tex_alpha: faces=2839501 id=389
raster_tex_alpha: faces=2840001 id=378
raster_tex_alpha: faces=2840501 id=348
raster_tex_alpha: faces=2841001 id=378
raster_tex_alpha: faces=2841501 id=378
raster_tex_alpha: faces=2842001 id=378
raster_tex_alpha: faces=2842501 id=378
raster_tex_alpha: faces=2843001 id=459
raster_tex_alpha: faces=2843501 id=378
raster_tex_alpha: faces=2844001 id=378
raster_tex_alpha: faces=2844501 id=450
raster_tex_alpha: faces=2845001 id=374
raster_tex_alpha: faces=2845501 id=378
raster_tex_alpha: faces=2846001 id=406
raster_tex_alpha: faces=2846501 id=378
raster_tex_alpha: faces=2847001 id=378
raster_tex_alpha: faces=2847501 id=334
raster_tex_alpha: faces=2848001 id=378
raster_tex_alpha: faces=2848501 id=302
raster_tex_alpha: faces=2849001 id=378
raster_tex_alpha: faces=2849501 id=378
raster_tex_alpha: faces=2850001 id=378
raster_tex_alpha: faces=2850501 id=378
raster_tex_alpha: faces=2851001 id=348
raster_tex_alpha: faces=2851501 id=378
raster_tex_alpha: faces=2852001 id=378
raster_tex_alpha: faces=2852501 id=302
raster_tex_alpha: faces=2853001 id=380
raster_tex_alpha: faces=2853501 id=378
raster_tex_alpha: faces=2854001 id=378
raster_tex_alpha: faces=2854501 id=378
raster_tex_alpha: faces=2855001 id=378
raster_tex_alpha: faces=2855501 id=348
raster_tex_alpha: faces=2856001 id=348
raster_tex_alpha: faces=2856501 id=378
raster_tex_alpha: faces=2857001 id=302
raster_tex_alpha: faces=2857501 id=281
raster_tex_alpha: faces=2858001 id=378
raster_tex_alpha: faces=2858501 id=378
raster_tex_alpha: faces=2859001 id=378
raster_tex_alpha: faces=2859501 id=389
raster_tex_alpha: faces=2860001 id=389
raster_tex_alpha: faces=2860501 id=389
raster_tex_alpha: faces=2861001 id=378
raster_tex_alpha: faces=2861501 id=394
raster_tex_alpha: faces=2862001 id=449
raster_tex_alpha: faces=2862501 id=268
raster_tex_alpha: faces=2863001 id=374
raster_tex_alpha: faces=2863501 id=449
raster_tex_alpha: faces=2864001 id=303
raster_tex_alpha: faces=2864501 id=348
raster_tex_alpha: faces=2865001 id=378
raster_tex_alpha: faces=2865501 id=348
raster_tex_alpha: faces=2866001 id=378
raster_tex_alpha: faces=2866501 id=389
raster_tex_alpha: faces=2867001 id=378
raster_tex_alpha: faces=2867501 id=281
raster_tex_alpha: faces=2868001 id=378
raster_tex_alpha: faces=2868501 id=378
raster_tex_alpha: faces=2869001 id=378
raster_tex_alpha: faces=2869501 id=378
raster_tex_alpha: faces=2870001 id=394
raster_tex_alpha: faces=2870501 id=450
raster_tex_alpha: faces=2871001 id=374
raster_tex_alpha: faces=2871501 id=378
raster_tex_alpha: faces=2872001 id=406
raster_tex_alpha: faces=2872501 id=348
raster_tex_alpha: faces=2873001 id=348
raster_tex_alpha: faces=2873501 id=355
raster_tex_alpha: faces=2874001 id=302
raster_tex_alpha: faces=2874501 id=378
raster_tex_alpha: faces=2875001 id=378
raster_tex_alpha: faces=2875501 id=302
raster_tex_alpha: faces=2876001 id=389
raster_tex_alpha: faces=2876501 id=378
raster_tex_alpha: faces=2877001 id=378
raster_tex_alpha: faces=2877501 id=389
raster_tex_alpha: faces=2878001 id=394
raster_tex_alpha: faces=2878501 id=433
raster_tex_alpha: faces=2879001 id=449
raster_tex_alpha: faces=2879501 id=268
raster_tex_alpha: faces=2880001 id=378
raster_tex_alpha: faces=2880501 id=406
raster_tex_alpha: faces=2881001 id=348
raster_tex_alpha: faces=2881501 id=355
raster_tex_alpha: faces=2882001 id=378
raster_tex_alpha: faces=2882501 id=355
raster_tex_alpha: faces=2883001 id=378
raster_tex_alpha: faces=2883501 id=302
raster_tex_alpha: faces=2884001 id=378
raster_tex_alpha: faces=2884501 id=378
raster_tex_alpha: faces=2885001 id=378
raster_tex_alpha: faces=2885501 id=389
raster_tex_alpha: faces=2886001 id=389
raster_tex_alpha: faces=2886501 id=378
raster_tex_alpha: faces=2887001 id=394
raster_tex_alpha: faces=2887501 id=239
raster_tex_alpha: faces=2888001 id=268
raster_tex_alpha: faces=2888501 id=374
raster_tex_alpha: faces=2889001 id=406
raster_tex_alpha: faces=2889501 id=348
raster_tex_alpha: faces=2890001 id=348
raster_tex_alpha: faces=2890501 id=355
raster_tex_alpha: faces=2891001 id=302
raster_tex_alpha: faces=2891501 id=281
raster_tex_alpha: faces=2892001 id=378
raster_tex_alpha: faces=2892501 id=378
raster_tex_alpha: faces=2893001 id=378
raster_tex_alpha: faces=2893501 id=378
raster_tex_alpha: faces=2894001 id=389
raster_tex_alpha: faces=2894501 id=378
raster_tex_alpha: faces=2895001 id=459
raster_tex_alpha: faces=2895501 id=394
raster_tex_alpha: faces=2896001 id=458
raster_tex_alpha: faces=2896501 id=378
raster_tex_alpha: faces=2897001 id=378
raster_tex_alpha: faces=2897501 id=406
raster_tex_alpha: faces=2898001 id=348
raster_tex_alpha: faces=2898501 id=348
raster_tex_alpha: faces=2899001 id=378
raster_tex_alpha: faces=2899501 id=281
raster_tex_alpha: faces=2900001 id=302
raster_tex_alpha: faces=2900501 id=378
raster_tex_alpha: faces=2901001 id=378
raster_tex_alpha: faces=2901501 id=389
raster_tex_alpha: faces=2902001 id=378
raster_tex_alpha: faces=2902501 id=378
raster_tex_alpha: faces=2903001 id=389
raster_tex_alpha: faces=2903501 id=394
raster_tex_alpha: faces=2904001 id=394
raster_tex_alpha: faces=2904501 id=458
raster_tex_alpha: faces=2905001 id=378
raster_tex_alpha: faces=2905501 id=374
raster_tex_alpha: faces=2906001 id=406
raster_tex_alpha: faces=2906501 id=348
raster_tex_alpha: faces=2907001 id=348
raster_tex_alpha: faces=2907501 id=348
raster_tex_alpha: faces=2908001 id=302
raster_tex_alpha: faces=2908501 id=378
raster_tex_alpha: faces=2909001 id=378
raster_tex_alpha: faces=2909501 id=378
raster_tex_alpha: faces=2910001 id=378
raster_tex_alpha: faces=2910501 id=378
raster_tex_alpha: faces=2911001 id=334
raster_tex_alpha: faces=2911501 id=389
raster_tex_alpha: faces=2912001 id=433
raster_tex_alpha: faces=2912501 id=394
raster_tex_alpha: faces=2913001 id=449
raster_tex_alpha: faces=2913501 id=374
raster_tex_alpha: faces=2914001 id=268
raster_tex_alpha: faces=2914501 id=407
raster_tex_alpha: faces=2915001 id=303
raster_tex_alpha: faces=2915501 id=378
raster_tex_alpha: faces=2916001 id=355
raster_tex_alpha: faces=2916501 id=302
raster_tex_alpha: faces=2917001 id=378
raster_tex_alpha: faces=2917501 id=378
raster_tex_alpha: faces=2918001 id=378
raster_tex_alpha: faces=2918501 id=389
raster_tex_alpha: faces=2919001 id=378
raster_tex_alpha: faces=2919501 id=378
raster_tex_alpha: faces=2920001 id=389
raster_tex_alpha: faces=2920501 id=433
raster_tex_alpha: faces=2921001 id=394
raster_tex_alpha: faces=2921501 id=449
raster_tex_alpha: faces=2922001 id=378
raster_tex_alpha: faces=2922501 id=268
raster_tex_alpha: faces=2923001 id=450
raster_tex_alpha: faces=2923501 id=348
raster_tex_alpha: faces=2924001 id=378
raster_tex_alpha: faces=2924501 id=378
raster_tex_alpha: faces=2925001 id=303
raster_tex_alpha: faces=2925501 id=378
raster_tex_alpha: faces=2926001 id=378
raster_tex_alpha: faces=2926501 id=378
raster_tex_alpha: faces=2927001 id=389
raster_tex_alpha: faces=2927501 id=378
raster_tex_alpha: faces=2928001 id=389
raster_tex_alpha: faces=2928501 id=378
raster_tex_alpha: faces=2929001 id=394
raster_tex_alpha: faces=2929501 id=402
raster_tex_alpha: faces=2930001 id=450
raster_tex_alpha: faces=2930501 id=378
raster_tex_alpha: faces=2931001 id=378
raster_tex_alpha: faces=2931501 id=450
raster_tex_alpha: faces=2932001 id=355
raster_tex_alpha: faces=2932501 id=302
raster_tex_alpha: faces=2933001 id=378
raster_tex_alpha: faces=2933501 id=378
raster_tex_alpha: faces=2934001 id=378
raster_tex_alpha: faces=2934501 id=378
raster_tex_alpha: faces=2935001 id=334
raster_tex_alpha: faces=2935501 id=378
raster_tex_alpha: faces=2936001 id=380
raster_tex_alpha: faces=2936501 id=389
raster_tex_alpha: faces=2937001 id=389
raster_tex_alpha: faces=2937501 id=394
raster_tex_alpha: faces=2938001 id=449
raster_tex_alpha: faces=2938501 id=374
raster_tex_alpha: faces=2939001 id=374
raster_tex_alpha: faces=2939501 id=408
raster_tex_alpha: faces=2940001 id=378
raster_tex_alpha: faces=2940501 id=302
raster_tex_alpha: faces=2941001 id=378
raster_tex_alpha: faces=2941501 id=281
raster_tex_alpha: faces=2942001 id=395
raster_tex_alpha: faces=2942501 id=378
raster_tex_alpha: faces=2943001 id=378
raster_tex_alpha: faces=2943501 id=378
raster_tex_alpha: faces=2944001 id=378
raster_tex_alpha: faces=2944501 id=389
raster_tex_alpha: faces=2945001 id=389
raster_tex_alpha: faces=2945501 id=378
raster_tex_alpha: faces=2946001 id=402
raster_tex_alpha: faces=2946501 id=450
raster_tex_alpha: faces=2947001 id=378
raster_tex_alpha: faces=2947501 id=378
raster_tex_alpha: faces=2948001 id=450
raster_tex_alpha: faces=2948501 id=355
raster_tex_alpha: faces=2949001 id=378
raster_tex_alpha: faces=2949501 id=355
raster_tex_alpha: faces=2950001 id=281
raster_tex_alpha: faces=2950501 id=378
raster_tex_alpha: faces=2951001 id=378
raster_tex_alpha: faces=2951501 id=378
raster_tex_alpha: faces=2952001 id=378
raster_tex_alpha: faces=2952501 id=334
raster_tex_alpha: faces=2953001 id=378
raster_tex_alpha: faces=2953501 id=459
raster_tex_alpha: faces=2954001 id=394
raster_tex_alpha: faces=2954501 id=449
raster_tex_alpha: faces=2955001 id=374
raster_tex_alpha: faces=2955501 id=378
raster_tex_alpha: faces=2956001 id=408
raster_tex_alpha: faces=2956501 id=348
raster_tex_alpha: faces=2957001 id=378
raster_tex_alpha: faces=2957501 id=348
raster_tex_alpha: faces=2958001 id=302
raster_tex_alpha: faces=2958501 id=355
raster_tex_alpha: faces=2959001 id=378
raster_tex_alpha: faces=2959501 id=389
raster_tex_alpha: faces=2960001 id=378
raster_tex_alpha: faces=2960501 id=378
raster_tex_alpha: faces=2961001 id=378
raster_tex_alpha: faces=2961501 id=334
raster_tex_alpha: faces=2962001 id=395
raster_tex_alpha: faces=2962501 id=402
raster_tex_alpha: faces=2963001 id=450
raster_tex_alpha: faces=2963501 id=378
raster_tex_alpha: faces=2964001 id=378
raster_tex_alpha: faces=2964501 id=447
raster_tex_alpha: faces=2965001 id=433
raster_tex_alpha: faces=2965501 id=348
raster_tex_alpha: faces=2966001 id=348
raster_tex_alpha: faces=2966501 id=378
raster_tex_alpha: faces=2967001 id=378
raster_tex_alpha: faces=2967501 id=378
raster_tex_alpha: faces=2968001 id=334
raster_tex_alpha: faces=2968501 id=378
raster_tex_alpha: faces=2969001 id=389
raster_tex_alpha: faces=2969501 id=389
raster_tex_alpha: faces=2970001 id=334
raster_tex_alpha: faces=2970501 id=433
raster_tex_alpha: faces=2971001 id=449
raster_tex_alpha: faces=2971501 id=374
raster_tex_alpha: faces=2972001 id=374
raster_tex_alpha: faces=2972501 id=407
raster_tex_alpha: faces=2973001 id=355
raster_tex_alpha: faces=2973501 id=378
raster_tex_alpha: faces=2974001 id=433
raster_tex_alpha: faces=2974501 id=378
raster_tex_alpha: faces=2975001 id=378
raster_tex_alpha: faces=2975501 id=378
raster_tex_alpha: faces=2976001 id=378
raster_tex_alpha: faces=2976501 id=378
raster_tex_alpha: faces=2977001 id=378
raster_tex_alpha: faces=2977501 id=389
raster_tex_alpha: faces=2978001 id=380
raster_tex_alpha: faces=2978501 id=394
raster_tex_alpha: faces=2979001 id=449
raster_tex_alpha: faces=2979501 id=374
raster_tex_alpha: faces=2980001 id=268
raster_tex_alpha: faces=2980501 id=406
raster_tex_alpha: faces=2981001 id=348
raster_tex_alpha: faces=2981501 id=302
raster_tex_alpha: faces=2982001 id=378
raster_tex_alpha: faces=2982501 id=355
raster_tex_alpha: faces=2983001 id=281
raster_tex_alpha: faces=2983501 id=378
raster_tex_alpha: faces=2984001 id=378
raster_tex_alpha: faces=2984501 id=389
raster_tex_alpha: faces=2985001 id=378
raster_tex_alpha: faces=2985501 id=334
raster_tex_alpha: faces=2986001 id=378
raster_tex_alpha: faces=2986501 id=394
raster_tex_alpha: faces=2987001 id=394
raster_tex_alpha: faces=2987501 id=449
raster_tex_alpha: faces=2988001 id=374
raster_tex_alpha: faces=2988501 id=374
raster_tex_alpha: faces=2989001 id=449
raster_tex_alpha: faces=2989501 id=378
raster_tex_alpha: faces=2990001 id=348
raster_tex_alpha: faces=2990501 id=302
raster_tex_alpha: faces=2991001 id=355
raster_tex_alpha: faces=2991501 id=378
raster_tex_alpha: faces=2992001 id=378
raster_tex_alpha: faces=2992501 id=378
raster_tex_alpha: faces=2993001 id=378
raster_tex_alpha: faces=2993501 id=358
raster_tex_alpha: faces=2994001 id=378
raster_tex_alpha: faces=2994501 id=389
raster_tex_alpha: faces=2995001 id=394
raster_tex_alpha: faces=2995501 id=449
raster_tex_alpha: faces=2996001 id=374
raster_tex_alpha: faces=2996501 id=378
raster_tex_alpha: faces=2997001 id=406
raster_tex_alpha: faces=2997501 id=378
raster_tex_alpha: faces=2998001 id=348
raster_tex_alpha: faces=2998501 id=378
raster_tex_alpha: faces=2999001 id=378
raster_tex_alpha: faces=2999501 id=378
raster_tex_alpha: faces=3000001 id=378
raster_tex_alpha: faces=3000501 id=378
raster_tex_alpha: faces=3001001 id=378
raster_tex_alpha: faces=3001501 id=378
raster_tex_alpha: faces=3002001 id=380
raster_tex_alpha: faces=3002501 id=389
raster_tex_alpha: faces=3003001 id=394
raster_tex_alpha: faces=3003501 id=402
raster_tex_alpha: faces=3004001 id=378
raster_tex_alpha: faces=3004501 id=374
raster_tex_alpha: faces=3005001 id=406
raster_tex_alpha: faces=3005501 id=378
raster_tex_alpha: faces=3006001 id=355
raster_tex_alpha: faces=3006501 id=302
raster_tex_alpha: faces=3007001 id=378
raster_tex_alpha: faces=3007501 id=355
raster_tex_alpha: faces=3008001 id=378
raster_tex_alpha: faces=3008501 id=378
raster_tex_alpha: faces=3009001 id=334
raster_tex_alpha: faces=3009501 id=378
raster_tex_alpha: faces=3010001 id=378
raster_tex_alpha: faces=3010501 id=389
raster_tex_alpha: faces=3011001 id=394
raster_tex_alpha: faces=3011501 id=449
raster_tex_alpha: faces=3012001 id=378
raster_tex_alpha: faces=3012501 id=374
raster_tex_alpha: faces=3013001 id=406
raster_tex_alpha: faces=3013501 id=303
raster_tex_alpha: faces=3014001 id=395
raster_tex_alpha: faces=3014501 id=378
raster_tex_alpha: faces=3015001 id=355
raster_tex_alpha: faces=3015501 id=378
raster_tex_alpha: faces=3016001 id=281
raster_tex_alpha: faces=3016501 id=378
raster_tex_alpha: faces=3017001 id=378
raster_tex_alpha: faces=3017501 id=334
raster_tex_alpha: faces=3018001 id=380
raster_tex_alpha: faces=3018501 id=334
raster_tex_alpha: faces=3019001 id=433
raster_tex_alpha: faces=3019501 id=449
raster_tex_alpha: faces=3020001 id=378
raster_tex_alpha: faces=3020501 id=374
raster_tex_alpha: faces=3021001 id=406
raster_tex_alpha: faces=3021501 id=348
raster_tex_alpha: faces=3022001 id=348
raster_tex_alpha: faces=3022501 id=281
raster_tex_alpha: faces=3023001 id=355
raster_tex_alpha: faces=3023501 id=378
raster_tex_alpha: faces=3024001 id=378
raster_tex_alpha: faces=3024501 id=378
raster_tex_alpha: faces=3025001 id=378
raster_tex_alpha: faces=3025501 id=380
raster_tex_alpha: faces=3026001 id=459
raster_tex_alpha: faces=3026501 id=459
raster_tex_alpha: faces=3027001 id=433
raster_tex_alpha: faces=3027501 id=449
raster_tex_alpha: faces=3028001 id=378
raster_tex_alpha: faces=3028501 id=374
raster_tex_alpha: faces=3029001 id=406
raster_tex_alpha: faces=3029501 id=348
raster_tex_alpha: faces=3030001 id=378
raster_tex_alpha: faces=3030501 id=433
raster_tex_alpha: faces=3031001 id=378
raster_tex_alpha: faces=3031501 id=378
raster_tex_alpha: faces=3032001 id=378
raster_tex_alpha: faces=3032501 id=378
raster_tex_alpha: faces=3033001 id=378
raster_tex_alpha: faces=3033501 id=378
raster_tex_alpha: faces=3034001 id=394
raster_tex_alpha: faces=3034501 id=389
raster_tex_alpha: faces=3035001 id=395
raster_tex_alpha: faces=3035501 id=450
raster_tex_alpha: faces=3036001 id=378
raster_tex_alpha: faces=3036501 id=378
raster_tex_alpha: faces=3037001 id=408
raster_tex_alpha: faces=3037501 id=348
raster_tex_alpha: faces=3038001 id=378
raster_tex_alpha: faces=3038501 id=378
raster_tex_alpha: faces=3039001 id=378
raster_tex_alpha: faces=3039501 id=378
raster_tex_alpha: faces=3040001 id=378
raster_tex_alpha: faces=3040501 id=380
raster_tex_alpha: faces=3041001 id=378
raster_tex_alpha: faces=3041501 id=394
raster_tex_alpha: faces=3042001 id=334
raster_tex_alpha: faces=3042501 id=433
raster_tex_alpha: faces=3043001 id=394
raster_tex_alpha: faces=3043501 id=449
raster_tex_alpha: faces=3044001 id=374
raster_tex_alpha: faces=3044501 id=378
raster_tex_alpha: faces=3045001 id=406
raster_tex_alpha: faces=3045501 id=348
raster_tex_alpha: faces=3046001 id=433
raster_tex_alpha: faces=3046501 id=348
raster_tex_alpha: faces=3047001 id=378
raster_tex_alpha: faces=3047501 id=378
raster_tex_alpha: faces=3048001 id=378
raster_tex_alpha: faces=3048501 id=389
raster_tex_alpha: faces=3049001 id=378
raster_tex_alpha: faces=3049501 id=402
raster_tex_alpha: faces=3050001 id=334
raster_tex_alpha: faces=3050501 id=459
raster_tex_alpha: faces=3051001 id=394
raster_tex_alpha: faces=3051501 id=450
raster_tex_alpha: faces=3052001 id=268
raster_tex_alpha: faces=3052501 id=378
raster_tex_alpha: faces=3053001 id=406
raster_tex_alpha: faces=3053501 id=378
raster_tex_alpha: faces=3054001 id=378
raster_tex_alpha: faces=3054501 id=355
raster_tex_alpha: faces=3055001 id=378
raster_tex_alpha: faces=3055501 id=378
raster_tex_alpha: faces=3056001 id=378
raster_tex_alpha: faces=3056501 id=378
raster_tex_alpha: faces=3057001 id=378
raster_tex_alpha: faces=3057501 id=389
raster_tex_alpha: faces=3058001 id=389
raster_tex_alpha: faces=3058501 id=395
raster_tex_alpha: faces=3059001 id=394
raster_tex_alpha: faces=3059501 id=449
raster_tex_alpha: faces=3060001 id=374
raster_tex_alpha: faces=3060501 id=378
raster_tex_alpha: faces=3061001 id=449
raster_tex_alpha: faces=3061501 id=378
raster_tex_alpha: faces=3062001 id=378
raster_tex_alpha: faces=3062501 id=302
raster_tex_alpha: faces=3063001 id=378
raster_tex_alpha: faces=3063501 id=378
raster_tex_alpha: faces=3064001 id=378
raster_tex_alpha: faces=3064501 id=389
raster_tex_alpha: faces=3065001 id=378
raster_tex_alpha: faces=3065501 id=389
raster_tex_alpha: faces=3066001 id=389
raster_tex_alpha: faces=3066501 id=459
raster_tex_alpha: faces=3067001 id=394
raster_tex_alpha: faces=3067501 id=449
raster_tex_alpha: faces=3068001 id=378
raster_tex_alpha: faces=3068501 id=374
raster_tex_alpha: faces=3069001 id=449
raster_tex_alpha: faces=3069501 id=348
raster_tex_alpha: faces=3070001 id=355
raster_tex_alpha: faces=3070501 id=348
raster_tex_alpha: faces=3071001 id=433
raster_tex_alpha: faces=3071501 id=378
raster_tex_alpha: faces=3072001 id=378
raster_tex_alpha: faces=3072501 id=378
raster_tex_alpha: faces=3073001 id=378
raster_tex_alpha: faces=3073501 id=378
raster_tex_alpha: faces=3074001 id=389
raster_tex_alpha: faces=3074501 id=459
raster_tex_alpha: faces=3075001 id=395
raster_tex_alpha: faces=3075501 id=239
raster_tex_alpha: faces=3076001 id=378
raster_tex_alpha: faces=3076501 id=378
raster_tex_alpha: faces=3077001 id=458
raster_tex_alpha: faces=3077501 id=302
raster_tex_alpha: faces=3078001 id=355
raster_tex_alpha: faces=3078501 id=378
raster_tex_alpha: faces=3079001 id=395
raster_tex_alpha: faces=3079501 id=378
raster_tex_alpha: faces=3080001 id=378
raster_tex_alpha: faces=3080501 id=378
raster_tex_alpha: faces=3081001 id=378
raster_tex_alpha: faces=3081501 id=380
raster_tex_alpha: faces=3082001 id=389
raster_tex_alpha: faces=3082501 id=459
raster_tex_alpha: faces=3083001 id=402
raster_tex_alpha: faces=3083501 id=374
raster_tex_alpha: faces=3084001 id=374
raster_tex_alpha: faces=3084501 id=408
raster_tex_alpha: faces=3085001 id=303
raster_tex_alpha: faces=3085501 id=378
raster_tex_alpha: faces=3086001 id=302
raster_tex_alpha: faces=3086501 id=378
raster_tex_alpha: faces=3087001 id=281
raster_tex_alpha: faces=3087501 id=378
raster_tex_alpha: faces=3088001 id=378
raster_tex_alpha: faces=3088501 id=378
raster_tex_alpha: faces=3089001 id=334
raster_tex_alpha: faces=3089501 id=389
raster_tex_alpha: faces=3090001 id=389
raster_tex_alpha: faces=3090501 id=433
raster_tex_alpha: faces=3091001 id=449
raster_tex_alpha: faces=3091501 id=378
raster_tex_alpha: faces=3092001 id=374
raster_tex_alpha: faces=3092501 id=408
raster_tex_alpha: faces=3093001 id=348
raster_tex_alpha: faces=3093501 id=348
raster_tex_alpha: faces=3094001 id=348
raster_tex_alpha: faces=3094501 id=378
raster_tex_alpha: faces=3095001 id=378
raster_tex_alpha: faces=3095501 id=281
raster_tex_alpha: faces=3096001 id=378
raster_tex_alpha: faces=3096501 id=378
raster_tex_alpha: faces=3097001 id=378
raster_tex_alpha: faces=3097501 id=389
raster_tex_alpha: faces=3098001 id=395
raster_tex_alpha: faces=3098501 id=433
raster_tex_alpha: faces=3099001 id=458
raster_tex_alpha: faces=3099501 id=374
raster_tex_alpha: faces=3100001 id=374
raster_tex_alpha: faces=3100501 id=407
raster_tex_alpha: faces=3101001 id=348
raster_tex_alpha: faces=3101501 id=348
raster_tex_alpha: faces=3102001 id=355
raster_tex_alpha: faces=3102501 id=378
raster_tex_alpha: faces=3103001 id=378
raster_tex_alpha: faces=3103501 id=378
raster_tex_alpha: faces=3104001 id=378
raster_tex_alpha: faces=3104501 id=378
raster_tex_alpha: faces=3105001 id=378
raster_tex_alpha: faces=3105501 id=394
raster_tex_alpha: faces=3106001 id=433
raster_tex_alpha: faces=3106501 id=395
raster_tex_alpha: faces=3107001 id=449
raster_tex_alpha: faces=3107501 id=374
raster_tex_alpha: faces=3108001 id=378
raster_tex_alpha: faces=3108501 id=406
raster_tex_alpha: faces=3109001 id=378
raster_tex_alpha: faces=3109501 id=348
raster_tex_alpha: faces=3110001 id=378
raster_tex_alpha: faces=3110501 id=355
raster_tex_alpha: faces=3111001 id=378
raster_tex_alpha: faces=3111501 id=378
raster_tex_alpha: faces=3112001 id=378
raster_tex_alpha: faces=3112501 id=378
raster_tex_alpha: faces=3113001 id=389
raster_tex_alpha: faces=3113501 id=334
raster_tex_alpha: faces=3114001 id=459
raster_tex_alpha: faces=3114501 id=394
raster_tex_alpha: faces=3115001 id=449
raster_tex_alpha: faces=3115501 id=378
raster_tex_alpha: faces=3116001 id=378
raster_tex_alpha: faces=3116501 id=406
raster_tex_alpha: faces=3117001 id=348
raster_tex_alpha: faces=3117501 id=378
raster_tex_alpha: faces=3118001 id=281
raster_tex_alpha: faces=3118501 id=378
raster_tex_alpha: faces=3119001 id=378
raster_tex_alpha: faces=3119501 id=378
raster_tex_alpha: faces=3120001 id=334
raster_tex_alpha: faces=3120501 id=378
raster_tex_alpha: faces=3121001 id=378
raster_tex_alpha: faces=3121501 id=389
raster_tex_alpha: faces=3122001 id=380
raster_tex_alpha: faces=3122501 id=394
raster_tex_alpha: faces=3123001 id=450
raster_tex_alpha: faces=3123501 id=374
raster_tex_alpha: faces=3124001 id=374
raster_tex_alpha: faces=3124501 id=406
raster_tex_alpha: faces=3125001 id=378
raster_tex_alpha: faces=3125501 id=348
raster_tex_alpha: faces=3126001 id=348
raster_tex_alpha: faces=3126501 id=378
raster_tex_alpha: faces=3127001 id=378
raster_tex_alpha: faces=3127501 id=378
raster_tex_alpha: faces=3128001 id=358
raster_tex_alpha: faces=3128501 id=378
raster_tex_alpha: faces=3129001 id=334
raster_tex_alpha: faces=3129501 id=389
raster_tex_alpha: faces=3130001 id=378
raster_tex_alpha: faces=3130501 id=394
raster_tex_alpha: faces=3131001 id=450
raster_tex_alpha: faces=3131501 id=374
raster_tex_alpha: faces=3132001 id=378
raster_tex_alpha: faces=3132501 id=406
raster_tex_alpha: faces=3133001 id=302
raster_tex_alpha: faces=3133501 id=348
raster_tex_alpha: faces=3134001 id=378
raster_tex_alpha: faces=3134501 id=378
raster_tex_alpha: faces=3135001 id=378
raster_tex_alpha: faces=3135501 id=378
raster_tex_alpha: faces=3136001 id=378
raster_tex_alpha: faces=3136501 id=389
raster_tex_alpha: faces=3137001 id=378
raster_tex_alpha: faces=3137501 id=389
raster_tex_alpha: faces=3138001 id=389
raster_tex_alpha: faces=3138501 id=378
raster_tex_alpha: faces=3139001 id=402
raster_tex_alpha: faces=3139501 id=374
raster_tex_alpha: faces=3140001 id=374
raster_tex_alpha: faces=3140501 id=406
raster_tex_alpha: faces=3141001 id=378
raster_tex_alpha: faces=3141501 id=355
raster_tex_alpha: faces=3142001 id=378
raster_tex_alpha: faces=3142501 id=348
raster_tex_alpha: faces=3143001 id=378
raster_tex_alpha: faces=3143501 id=355
raster_tex_alpha: faces=3144001 id=378
raster_tex_alpha: faces=3144501 id=378
raster_tex_alpha: faces=3145001 id=380
raster_tex_alpha: faces=3145501 id=378
raster_tex_alpha: faces=3146001 id=389
raster_tex_alpha: faces=3146501 id=395
raster_tex_alpha: faces=3147001 id=394
raster_tex_alpha: faces=3147501 id=449
raster_tex_alpha: faces=3148001 id=374
raster_tex_alpha: faces=3148501 id=268
raster_tex_alpha: faces=3149001 id=407
raster_tex_alpha: faces=3149501 id=302
raster_tex_alpha: faces=3150001 id=395
raster_tex_alpha: faces=3150501 id=378
raster_tex_alpha: faces=3151001 id=378
raster_tex_alpha: faces=3151501 id=281
raster_tex_alpha: faces=3152001 id=378
raster_tex_alpha: faces=3152501 id=378
raster_tex_alpha: faces=3153001 id=389
raster_tex_alpha: faces=3153501 id=378
raster_tex_alpha: faces=3154001 id=433
raster_tex_alpha: faces=3154501 id=394
raster_tex_alpha: faces=3155001 id=380
raster_tex_alpha: faces=3155501 id=380
raster_tex_alpha: faces=3156001 id=374
raster_tex_alpha: faces=3156501 id=378
raster_tex_alpha: faces=3157001 id=378
raster_tex_alpha: faces=3157501 id=378
raster_tex_alpha: faces=3158001 id=348
raster_tex_alpha: faces=3158501 id=378
raster_tex_alpha: faces=3159001 id=378
raster_tex_alpha: faces=3159501 id=355
raster_tex_alpha: faces=3160001 id=402
raster_tex_alpha: faces=3160501 id=378
raster_tex_alpha: faces=3161001 id=378
raster_tex_alpha: faces=3161501 id=378
raster_tex_alpha: faces=3162001 id=378
raster_tex_alpha: faces=3162501 id=389
raster_tex_alpha: faces=3163001 id=389
raster_tex_alpha: faces=3163501 id=378
raster_tex_alpha: faces=3164001 id=402
raster_tex_alpha: faces=3164501 id=450
raster_tex_alpha: faces=3165001 id=378
raster_tex_alpha: faces=3165501 id=378
raster_tex_alpha: faces=3166001 id=450
raster_tex_alpha: faces=3166501 id=348
raster_tex_alpha: faces=3167001 id=378
raster_tex_alpha: faces=3167501 id=348
raster_tex_alpha: faces=3168001 id=348
raster_tex_alpha: faces=3168501 id=281
raster_tex_alpha: faces=3169001 id=355
raster_tex_alpha: faces=3169501 id=378
raster_tex_alpha: faces=3170001 id=389
raster_tex_alpha: faces=3170501 id=378
raster_tex_alpha: faces=3171001 id=459
raster_tex_alpha: faces=3171501 id=389
raster_tex_alpha: faces=3172001 id=378
raster_tex_alpha: faces=3172501 id=394
raster_tex_alpha: faces=3173001 id=450
raster_tex_alpha: faces=3173501 id=374
raster_tex_alpha: faces=3174001 id=374
raster_tex_alpha: faces=3174501 id=450
raster_tex_alpha: faces=3175001 id=378
raster_tex_alpha: faces=3175501 id=348
raster_tex_alpha: faces=3176001 id=378
raster_tex_alpha: faces=3176501 id=355
raster_tex_alpha: faces=3177001 id=433
raster_tex_alpha: faces=3177501 id=378
raster_tex_alpha: faces=3178001 id=378
raster_tex_alpha: faces=3178501 id=378
raster_tex_alpha: faces=3179001 id=378
raster_tex_alpha: faces=3179501 id=389
raster_tex_alpha: faces=3180001 id=378
raster_tex_alpha: faces=3180501 id=378
raster_tex_alpha: faces=3181001 id=394
raster_tex_alpha: faces=3181501 id=450
raster_tex_alpha: faces=3182001 id=374
raster_tex_alpha: faces=3182501 id=378
raster_tex_alpha: faces=3183001 id=406
raster_tex_alpha: faces=3183501 id=303
raster_tex_alpha: faces=3184001 id=378
raster_tex_alpha: faces=3184501 id=378
raster_tex_alpha: faces=3185001 id=355
raster_tex_alpha: faces=3185501 id=355
raster_tex_alpha: faces=3186001 id=378
raster_tex_alpha: faces=3186501 id=378
raster_tex_alpha: faces=3187001 id=378
raster_tex_alpha: faces=3187501 id=378
raster_tex_alpha: faces=3188001 id=389
raster_tex_alpha: faces=3188501 id=378
raster_tex_alpha: faces=3189001 id=395
raster_tex_alpha: faces=3189501 id=433
raster_tex_alpha: faces=3190001 id=449
raster_tex_alpha: faces=3190501 id=374
raster_tex_alpha: faces=3191001 id=268
raster_tex_alpha: faces=3191501 id=406
raster_tex_alpha: faces=3192001 id=378
raster_tex_alpha: faces=3192501 id=302
raster_tex_alpha: faces=3193001 id=348
raster_tex_alpha: faces=3193501 id=378
raster_tex_alpha: faces=3194001 id=378
raster_tex_alpha: faces=3194501 id=281
raster_tex_alpha: faces=3195001 id=378
raster_tex_alpha: faces=3195501 id=378
raster_tex_alpha: faces=3196001 id=378
raster_tex_alpha: faces=3196501 id=378
raster_tex_alpha: faces=3197001 id=334
raster_tex_alpha: faces=3197501 id=334
raster_tex_alpha: faces=3198001 id=394
raster_tex_alpha: faces=3198501 id=449
raster_tex_alpha: faces=3199001 id=378
raster_tex_alpha: faces=3199501 id=378
raster_tex_alpha: faces=3200001 id=406
raster_tex_alpha: faces=3200501 id=303
raster_tex_alpha: faces=3201001 id=348
raster_tex_alpha: faces=3201501 id=378
raster_tex_alpha: faces=3202001 id=358
raster_tex_alpha: faces=3202501 id=358
raster_tex_alpha: faces=3203001 id=433
raster_tex_alpha: faces=3203501 id=378
raster_tex_alpha: faces=3204001 id=378
raster_tex_alpha: faces=3204501 id=378
raster_tex_alpha: faces=3205001 id=378
raster_tex_alpha: faces=3205501 id=378
raster_tex_alpha: faces=3206001 id=389
raster_tex_alpha: faces=3206501 id=378
raster_tex_alpha: faces=3207001 id=449
raster_tex_alpha: faces=3207501 id=374
raster_tex_alpha: faces=3208001 id=374
raster_tex_alpha: faces=3208501 id=408
raster_tex_alpha: faces=3209001 id=378
raster_tex_alpha: faces=3209501 id=378
raster_tex_alpha: faces=3210001 id=378
raster_tex_alpha: faces=3210501 id=378
raster_tex_alpha: faces=3211001 id=302
raster_tex_alpha: faces=3211501 id=433
raster_tex_alpha: faces=3212001 id=378
raster_tex_alpha: faces=3212501 id=378
raster_tex_alpha: faces=3213001 id=389
raster_tex_alpha: faces=3213501 id=378
raster_tex_alpha: faces=3214001 id=389
raster_tex_alpha: faces=3214501 id=378
raster_tex_alpha: faces=3215001 id=394
raster_tex_alpha: faces=3215501 id=402
raster_tex_alpha: faces=3216001 id=449
raster_tex_alpha: faces=3216501 id=378
raster_tex_alpha: faces=3217001 id=268
raster_tex_alpha: faces=3217501 id=449
raster_tex_alpha: faces=3218001 id=348
raster_tex_alpha: faces=3218501 id=348
raster_tex_alpha: faces=3219001 id=378
raster_tex_alpha: faces=3219501 id=355
raster_tex_alpha: faces=3220001 id=378
raster_tex_alpha: faces=3220501 id=378
raster_tex_alpha: faces=3221001 id=281
raster_tex_alpha: faces=3221501 id=378
raster_tex_alpha: faces=3222001 id=378
raster_tex_alpha: faces=3222501 id=389
raster_tex_alpha: faces=3223001 id=389
raster_tex_alpha: faces=3223501 id=378
raster_tex_alpha: faces=3224001 id=394
raster_tex_alpha: faces=3224501 id=449
raster_tex_alpha: faces=3225001 id=378
raster_tex_alpha: faces=3225501 id=378
raster_tex_alpha: faces=3226001 id=406
raster_tex_alpha: faces=3226501 id=378
raster_tex_alpha: faces=3227001 id=378
raster_tex_alpha: faces=3227501 id=348
raster_tex_alpha: faces=3228001 id=348
raster_tex_alpha: faces=3228501 id=378
raster_tex_alpha: faces=3229001 id=378
raster_tex_alpha: faces=3229501 id=378
raster_tex_alpha: faces=3230001 id=378
raster_tex_alpha: faces=3230501 id=378
raster_tex_alpha: faces=3231001 id=389
raster_tex_alpha: faces=3231501 id=378
raster_tex_alpha: faces=3232001 id=334
raster_tex_alpha: faces=3232501 id=394
raster_tex_alpha: faces=3233001 id=450
raster_tex_alpha: faces=3233501 id=374
raster_tex_alpha: faces=3234001 id=378
raster_tex_alpha: faces=3234501 id=408
raster_tex_alpha: faces=3235001 id=378
raster_tex_alpha: faces=3235501 id=348
raster_tex_alpha: faces=3236001 id=348
raster_tex_alpha: faces=3236501 id=348
raster_tex_alpha: faces=3237001 id=355
raster_tex_alpha: faces=3237501 id=378
raster_tex_alpha: faces=3238001 id=378
raster_tex_alpha: faces=3238501 id=302
raster_tex_alpha: faces=3239001 id=378
raster_tex_alpha: faces=3239501 id=378
raster_tex_alpha: faces=3240001 id=459
raster_tex_alpha: faces=3240501 id=389
raster_tex_alpha: faces=3241001 id=378
raster_tex_alpha: faces=3241501 id=402
raster_tex_alpha: faces=3242001 id=378
raster_tex_alpha: faces=3242501 id=378
raster_tex_alpha: faces=3243001 id=378
raster_tex_alpha: faces=3243501 id=378
raster_tex_alpha: faces=3244001 id=378
raster_tex_alpha: faces=3244501 id=348
raster_tex_alpha: faces=3245001 id=378
raster_tex_alpha: faces=3245501 id=281
raster_tex_alpha: faces=3246001 id=355
raster_tex_alpha: faces=3246501 id=378
raster_tex_alpha: faces=3247001 id=378
raster_tex_alpha: faces=3247501 id=378
raster_tex_alpha: faces=3248001 id=389
raster_tex_alpha: faces=3248501 id=334
raster_tex_alpha: faces=3249001 id=389
raster_tex_alpha: faces=3249501 id=394
raster_tex_alpha: faces=3250001 id=394
raster_tex_alpha: faces=3250501 id=449
raster_tex_alpha: faces=3251001 id=378
raster_tex_alpha: faces=3251501 id=378
raster_tex_alpha: faces=3252001 id=449
raster_tex_alpha: faces=3252501 id=378
raster_tex_alpha: faces=3253001 id=378
raster_tex_alpha: faces=3253501 id=378
raster_tex_alpha: faces=3254001 id=378
raster_tex_alpha: faces=3254501 id=378
raster_tex_alpha: faces=3255001 id=378
raster_tex_alpha: faces=3255501 id=378
raster_tex_alpha: faces=3256001 id=378
raster_tex_alpha: faces=3256501 id=378
raster_tex_alpha: faces=3257001 id=378
raster_tex_alpha: faces=3257501 id=334
raster_tex_alpha: faces=3258001 id=378
raster_tex_alpha: faces=3258501 id=394
raster_tex_alpha: faces=3259001 id=449
raster_tex_alpha: faces=3259501 id=268
raster_tex_alpha: faces=3260001 id=378
raster_tex_alpha: faces=3260501 id=406
raster_tex_alpha: faces=3261001 id=378
raster_tex_alpha: faces=3261501 id=348
raster_tex_alpha: faces=3262001 id=378
raster_tex_alpha: faces=3262501 id=281
raster_tex_alpha: faces=3263001 id=378
raster_tex_alpha: faces=3263501 id=378
raster_tex_alpha: faces=3264001 id=355
raster_tex_alpha: faces=3264501 id=378
raster_tex_alpha: faces=3265001 id=378
raster_tex_alpha: faces=3265501 id=378
raster_tex_alpha: faces=3266001 id=378
raster_tex_alpha: faces=3266501 id=459
raster_tex_alpha: faces=3267001 id=394
raster_tex_alpha: faces=3267501 id=449
raster_tex_alpha: faces=3268001 id=378
raster_tex_alpha: faces=3268501 id=378
raster_tex_alpha: faces=3269001 id=408
raster_tex_alpha: faces=3269501 id=378
raster_tex_alpha: faces=3270001 id=378
raster_tex_alpha: faces=3270501 id=378
raster_tex_alpha: faces=3271001 id=348
raster_tex_alpha: faces=3271501 id=348
raster_tex_alpha: faces=3272001 id=395
raster_tex_alpha: faces=3272501 id=378
raster_tex_alpha: faces=3273001 id=378
raster_tex_alpha: faces=3273501 id=378
raster_tex_alpha: faces=3274001 id=389
raster_tex_alpha: faces=3274501 id=389
raster_tex_alpha: faces=3275001 id=389
raster_tex_alpha: faces=3275501 id=378
raster_tex_alpha: faces=3276001 id=380
raster_tex_alpha: faces=3276501 id=374
raster_tex_alpha: faces=3277001 id=378
raster_tex_alpha: faces=3277501 id=406
raster_tex_alpha: faces=3278001 id=378
raster_tex_alpha: faces=3278501 id=303
raster_tex_alpha: faces=3279001 id=348
raster_tex_alpha: faces=3279501 id=348
raster_tex_alpha: faces=3280001 id=348
raster_tex_alpha: faces=3280501 id=355
raster_tex_alpha: faces=3281001 id=378
raster_tex_alpha: faces=3281501 id=378
raster_tex_alpha: faces=3282001 id=378
raster_tex_alpha: faces=3282501 id=378
raster_tex_alpha: faces=3283001 id=389
raster_tex_alpha: faces=3283501 id=389
raster_tex_alpha: faces=3284001 id=394
raster_tex_alpha: faces=3284501 id=402
raster_tex_alpha: faces=3285001 id=447
raster_tex_alpha: faces=3285501 id=378
raster_tex_alpha: faces=3286001 id=378
raster_tex_alpha: faces=3286501 id=450
raster_tex_alpha: faces=3287001 id=378
raster_tex_alpha: faces=3287501 id=348
raster_tex_alpha: faces=3288001 id=348
raster_tex_alpha: faces=3288501 id=355
raster_tex_alpha: faces=3289001 id=378
raster_tex_alpha: faces=3289501 id=355
raster_tex_alpha: faces=3290001 id=389
raster_tex_alpha: faces=3290501 id=378
raster_tex_alpha: faces=3291001 id=334
raster_tex_alpha: faces=3291501 id=389
raster_tex_alpha: faces=3292001 id=378
raster_tex_alpha: faces=3292501 id=394
raster_tex_alpha: faces=3293001 id=449
raster_tex_alpha: faces=3293501 id=374
raster_tex_alpha: faces=3294001 id=374
raster_tex_alpha: faces=3294501 id=408
raster_tex_alpha: faces=3295001 id=378
raster_tex_alpha: faces=3295501 id=378
raster_tex_alpha: faces=3296001 id=348
raster_tex_alpha: faces=3296501 id=378
raster_tex_alpha: faces=3297001 id=433
raster_tex_alpha: faces=3297501 id=378
raster_tex_alpha: faces=3298001 id=358
raster_tex_alpha: faces=3298501 id=378
raster_tex_alpha: faces=3299001 id=334
raster_tex_alpha: faces=3299501 id=389
raster_tex_alpha: faces=3300001 id=394
raster_tex_alpha: faces=3300501 id=380
raster_tex_alpha: faces=3301001 id=449
raster_tex_alpha: faces=3301501 id=374
raster_tex_alpha: faces=3302001 id=378
raster_tex_alpha: faces=3302501 id=408
raster_tex_alpha: faces=3303001 id=303
raster_tex_alpha: faces=3303501 id=348
raster_tex_alpha: faces=3304001 id=378
raster_tex_alpha: faces=3304501 id=378
raster_tex_alpha: faces=3305001 id=433
raster_tex_alpha: faces=3305501 id=378
raster_tex_alpha: faces=3306001 id=358
raster_tex_alpha: faces=3306501 id=389
raster_tex_alpha: faces=3307001 id=378
raster_tex_alpha: faces=3307501 id=389
raster_tex_alpha: faces=3308001 id=334
raster_tex_alpha: faces=3308501 id=378
raster_tex_alpha: faces=3309001 id=402
raster_tex_alpha: faces=3309501 id=450
raster_tex_alpha: faces=3310001 id=378
raster_tex_alpha: faces=3310501 id=378
raster_tex_alpha: faces=3311001 id=447
raster_tex_alpha: faces=3311501 id=378
raster_tex_alpha: faces=3312001 id=348
raster_tex_alpha: faces=3312501 id=378
raster_tex_alpha: faces=3313001 id=355
raster_tex_alpha: faces=3313501 id=378
raster_tex_alpha: faces=3314001 id=378
raster_tex_alpha: faces=3314501 id=378
raster_tex_alpha: faces=3315001 id=378
raster_tex_alpha: faces=3315501 id=378
raster_tex_alpha: faces=3316001 id=389
raster_tex_alpha: faces=3316501 id=394
raster_tex_alpha: faces=3317001 id=394
raster_tex_alpha: faces=3317501 id=450
raster_tex_alpha: faces=3318001 id=374
raster_tex_alpha: faces=3318501 id=378
raster_tex_alpha: faces=3319001 id=406
raster_tex_alpha: faces=3319501 id=378
raster_tex_alpha: faces=3320001 id=348
raster_tex_alpha: faces=3320501 id=348
raster_tex_alpha: faces=3321001 id=378
raster_tex_alpha: faces=3321501 id=378
raster_tex_alpha: faces=3322001 id=355
raster_tex_alpha: faces=3322501 id=378
raster_tex_alpha: faces=3323001 id=389
raster_tex_alpha: faces=3323501 id=389
raster_tex_alpha: faces=3324001 id=378
raster_tex_alpha: faces=3324501 id=394
raster_tex_alpha: faces=3325001 id=433
raster_tex_alpha: faces=3325501 id=449
raster_tex_alpha: faces=3326001 id=374
raster_tex_alpha: faces=3326501 id=374
raster_tex_alpha: faces=3327001 id=408
raster_tex_alpha: faces=3327501 id=302
raster_tex_alpha: faces=3328001 id=348
raster_tex_alpha: faces=3328501 id=355
raster_tex_alpha: faces=3329001 id=378
raster_tex_alpha: faces=3329501 id=378
raster_tex_alpha: faces=3330001 id=378
raster_tex_alpha: faces=3330501 id=378
raster_tex_alpha: faces=3331001 id=378
raster_tex_alpha: faces=3331501 id=459
raster_tex_alpha: faces=3332001 id=389
raster_tex_alpha: faces=3332501 id=378
raster_tex_alpha: faces=3333001 id=402
raster_tex_alpha: faces=3333501 id=378
raster_tex_alpha: faces=3334001 id=378
raster_tex_alpha: faces=3334501 id=378
raster_tex_alpha: faces=3335001 id=239
raster_tex_alpha: faces=3335501 id=348
raster_tex_alpha: faces=3336001 id=302
raster_tex_alpha: faces=3336501 id=378
raster_tex_alpha: faces=3337001 id=355
raster_tex_alpha: faces=3337501 id=378
raster_tex_alpha: faces=3338001 id=389
raster_tex_alpha: faces=3338501 id=378
raster_tex_alpha: faces=3339001 id=378
raster_tex_alpha: faces=3339501 id=389
raster_tex_alpha: faces=3340001 id=378
raster_tex_alpha: faces=3340501 id=394
raster_tex_alpha: faces=3341001 id=449
raster_tex_alpha: faces=3341501 id=374
raster_tex_alpha: faces=3342001 id=378
raster_tex_alpha: faces=3342501 id=449
raster_tex_alpha: faces=3343001 id=378
raster_tex_alpha: faces=3343501 id=355
raster_tex_alpha: faces=3344001 id=281
raster_tex_alpha: faces=3344501 id=281
raster_tex_alpha: faces=3345001 id=378
raster_tex_alpha: faces=3345501 id=378
raster_tex_alpha: faces=3346001 id=378
raster_tex_alpha: faces=3346501 id=394
raster_tex_alpha: faces=3347001 id=389
raster_tex_alpha: faces=3347501 id=378
raster_tex_alpha: faces=3348001 id=395
raster_tex_alpha: faces=3348501 id=449
raster_tex_alpha: faces=3349001 id=374
raster_tex_alpha: faces=3349501 id=374
raster_tex_alpha: faces=3350001 id=406
raster_tex_alpha: faces=3350501 id=378
raster_tex_alpha: faces=3351001 id=378
raster_tex_alpha: faces=3351501 id=378
raster_tex_alpha: faces=3352001 id=378
raster_tex_alpha: faces=3352501 id=378
raster_tex_alpha: faces=3353001 id=378
raster_tex_alpha: faces=3353501 id=378
raster_tex_alpha: faces=3354001 id=378
raster_tex_alpha: faces=3354501 id=389
raster_tex_alpha: faces=3355001 id=389
raster_tex_alpha: faces=3355501 id=378
raster_tex_alpha: faces=3356001 id=449
raster_tex_alpha: faces=3356501 id=378
raster_tex_alpha: faces=3357001 id=374
raster_tex_alpha: faces=3357501 id=408
raster_tex_alpha: faces=3358001 id=378
raster_tex_alpha: faces=3358501 id=378
raster_tex_alpha: faces=3359001 id=355
raster_tex_alpha: faces=3359501 id=378
raster_tex_alpha: faces=3360001 id=378
raster_tex_alpha: faces=3360501 id=378
raster_tex_alpha: faces=3361001 id=378
raster_tex_alpha: faces=3361501 id=334
raster_tex_alpha: faces=3362001 id=389
raster_tex_alpha: faces=3362501 id=389
raster_tex_alpha: faces=3363001 id=378
raster_tex_alpha: faces=3363501 id=402
raster_tex_alpha: faces=3364001 id=447
raster_tex_alpha: faces=3364501 id=378
raster_tex_alpha: faces=3365001 id=378
raster_tex_alpha: faces=3365501 id=450
raster_tex_alpha: faces=3366001 id=378
raster_tex_alpha: faces=3366501 id=281
raster_tex_alpha: faces=3367001 id=378
raster_tex_alpha: faces=3367501 id=378
raster_tex_alpha: faces=3368001 id=378
raster_tex_alpha: faces=3368501 id=378
raster_tex_alpha: faces=3369001 id=378
raster_tex_alpha: faces=3369501 id=378
raster_tex_alpha: faces=3370001 id=389
raster_tex_alpha: faces=3370501 id=378
raster_tex_alpha: faces=3371001 id=394
raster_tex_alpha: faces=3371501 id=447
raster_tex_alpha: faces=3372001 id=374
raster_tex_alpha: faces=3372501 id=378
raster_tex_alpha: faces=3373001 id=406
raster_tex_alpha: faces=3373501 id=303
raster_tex_alpha: faces=3374001 id=281
raster_tex_alpha: faces=3374501 id=378
raster_tex_alpha: faces=3375001 id=378
raster_tex_alpha: faces=3375501 id=378
raster_tex_alpha: faces=3376001 id=378
raster_tex_alpha: faces=3376501 id=459
raster_tex_alpha: faces=3377001 id=389
raster_tex_alpha: faces=3377501 id=380
raster_tex_alpha: faces=3378001 id=394
raster_tex_alpha: faces=3378501 id=394
raster_tex_alpha: faces=3379001 id=450
raster_tex_alpha: faces=3379501 id=374
raster_tex_alpha: faces=3380001 id=378
raster_tex_alpha: faces=3380501 id=408
raster_tex_alpha: faces=3381001 id=348
raster_tex_alpha: faces=3381501 id=348
raster_tex_alpha: faces=3382001 id=302
raster_tex_alpha: faces=3382501 id=378
raster_tex_alpha: faces=3383001 id=378
raster_tex_alpha: faces=3383501 id=459
raster_tex_alpha: faces=3384001 id=378
raster_tex_alpha: faces=3384501 id=394
raster_tex_alpha: faces=3385001 id=378
raster_tex_alpha: faces=3385501 id=459
raster_tex_alpha: faces=3386001 id=394
raster_tex_alpha: faces=3386501 id=450
raster_tex_alpha: faces=3387001 id=374
raster_tex_alpha: faces=3387501 id=378
raster_tex_alpha: faces=3388001 id=408
raster_tex_alpha: faces=3388501 id=378
raster_tex_alpha: faces=3389001 id=348
raster_tex_alpha: faces=3389501 id=378
raster_tex_alpha: faces=3390001 id=378
raster_tex_alpha: faces=3390501 id=378
raster_tex_alpha: faces=3391001 id=378
raster_tex_alpha: faces=3391501 id=378
raster_tex_alpha: faces=3392001 id=378
raster_tex_alpha: faces=3392501 id=334
raster_tex_alpha: faces=3393001 id=394
raster_tex_alpha: faces=3393501 id=402
raster_tex_alpha: faces=3394001 id=449
raster_tex_alpha: faces=3394501 id=374
raster_tex_alpha: faces=3395001 id=374
raster_tex_alpha: faces=3395501 id=449
raster_tex_alpha: faces=3396001 id=395
raster_tex_alpha: faces=3396501 id=355
raster_tex_alpha: faces=3397001 id=378
raster_tex_alpha: faces=3397501 id=378
raster_tex_alpha: faces=3398001 id=378
raster_tex_alpha: faces=3398501 id=378
raster_tex_alpha: faces=3399001 id=378
raster_tex_alpha: faces=3399501 id=378
raster_tex_alpha: faces=3400001 id=394
raster_tex_alpha: faces=3400501 id=378
raster_tex_alpha: faces=3401001 id=402
raster_tex_alpha: faces=3401501 id=378
raster_tex_alpha: faces=3402001 id=374
raster_tex_alpha: faces=3402501 id=406
raster_tex_alpha: faces=3403001 id=378
raster_tex_alpha: faces=3403501 id=378
raster_tex_alpha: faces=3404001 id=433
raster_tex_alpha: faces=3404501 id=378
raster_tex_alpha: faces=3405001 id=378
raster_tex_alpha: faces=3405501 id=378
raster_tex_alpha: faces=3406001 id=378
raster_tex_alpha: faces=3406501 id=380
raster_tex_alpha: faces=3407001 id=389
raster_tex_alpha: faces=3407501 id=389
raster_tex_alpha: faces=3408001 id=394
raster_tex_alpha: faces=3408501 id=447
raster_tex_alpha: faces=3409001 id=374
raster_tex_alpha: faces=3409501 id=374
raster_tex_alpha: faces=3410001 id=408
raster_tex_alpha: faces=3410501 id=378
raster_tex_alpha: faces=3411001 id=348
raster_tex_alpha: faces=3411501 id=355
raster_tex_alpha: faces=3412001 id=378
raster_tex_alpha: faces=3412501 id=378
raster_tex_alpha: faces=3413001 id=389
raster_tex_alpha: faces=3413501 id=378
raster_tex_alpha: faces=3414001 id=394
raster_tex_alpha: faces=3414501 id=389
raster_tex_alpha: faces=3415001 id=394
raster_tex_alpha: faces=3415501 id=402
raster_tex_alpha: faces=3416001 id=450
raster_tex_alpha: faces=3416501 id=374
raster_tex_alpha: faces=3417001 id=378
raster_tex_alpha: faces=3417501 id=449
raster_tex_alpha: faces=3418001 id=348
raster_tex_alpha: faces=3418501 id=378
raster_tex_alpha: faces=3419001 id=433
raster_tex_alpha: faces=3419501 id=378
raster_tex_alpha: faces=3420001 id=378
raster_tex_alpha: faces=3420501 id=378
raster_tex_alpha: faces=3421001 id=378
raster_tex_alpha: faces=3421501 id=389
raster_tex_alpha: faces=3422001 id=433
raster_tex_alpha: faces=3422501 id=395
raster_tex_alpha: faces=3423001 id=458
raster_tex_alpha: faces=3423501 id=374
raster_tex_alpha: faces=3424001 id=378
raster_tex_alpha: faces=3424501 id=406
raster_tex_alpha: faces=3425001 id=348
raster_tex_alpha: faces=3425501 id=355
raster_tex_alpha: faces=3426001 id=355
raster_tex_alpha: faces=3426501 id=378
raster_tex_alpha: faces=3427001 id=378
raster_tex_alpha: faces=3427501 id=389
raster_tex_alpha: faces=3428001 id=378
raster_tex_alpha: faces=3428501 id=378
raster_tex_alpha: faces=3429001 id=389
raster_tex_alpha: faces=3429501 id=394
raster_tex_alpha: faces=3430001 id=402
raster_tex_alpha: faces=3430501 id=450
raster_tex_alpha: faces=3431001 id=378
raster_tex_alpha: faces=3431501 id=378
raster_tex_alpha: faces=3432001 id=450
raster_tex_alpha: faces=3432501 id=348
raster_tex_alpha: faces=3433001 id=378
raster_tex_alpha: faces=3433501 id=378
raster_tex_alpha: faces=3434001 id=378
raster_tex_alpha: faces=3434501 id=378
raster_tex_alpha: faces=3435001 id=378
raster_tex_alpha: faces=3435501 id=389
raster_tex_alpha: faces=3436001 id=334
raster_tex_alpha: faces=3436501 id=389
raster_tex_alpha: faces=3437001 id=394
raster_tex_alpha: faces=3437501 id=239
raster_tex_alpha: faces=3438001 id=378
raster_tex_alpha: faces=3438501 id=374
raster_tex_alpha: faces=3439001 id=406
raster_tex_alpha: faces=3439501 id=378
raster_tex_alpha: faces=3440001 id=378
raster_tex_alpha: faces=3440501 id=378
raster_tex_alpha: faces=3441001 id=378
raster_tex_alpha: faces=3441501 id=378
raster_tex_alpha: faces=3442001 id=378
raster_tex_alpha: faces=3442501 id=378
raster_tex_alpha: faces=3443001 id=378
raster_tex_alpha: faces=3443501 id=334
raster_tex_alpha: faces=3444001 id=459
raster_tex_alpha: faces=3444501 id=402
raster_tex_alpha: faces=3445001 id=450
raster_tex_alpha: faces=3445501 id=378
raster_tex_alpha: faces=3446001 id=378
raster_tex_alpha: faces=3446501 id=450
raster_tex_alpha: faces=3447001 id=348
raster_tex_alpha: faces=3447501 id=378
raster_tex_alpha: faces=3448001 id=378
raster_tex_alpha: faces=3448501 id=378
raster_tex_alpha: faces=3449001 id=378
raster_tex_alpha: faces=3449501 id=378
raster_tex_alpha: faces=3450001 id=389
raster_tex_alpha: faces=3450501 id=389
raster_tex_alpha: faces=3451001 id=378
raster_tex_alpha: faces=3451501 id=394
raster_tex_alpha: faces=3452001 id=449
raster_tex_alpha: faces=3452501 id=374
raster_tex_alpha: faces=3453001 id=374
raster_tex_alpha: faces=3453501 id=406
raster_tex_alpha: faces=3454001 id=348
raster_tex_alpha: faces=3454501 id=348
raster_tex_alpha: faces=3455001 id=302
raster_tex_alpha: faces=3455501 id=378
raster_tex_alpha: faces=3456001 id=378
raster_tex_alpha: faces=3456501 id=378
raster_tex_alpha: faces=3457001 id=459
raster_tex_alpha: faces=3457501 id=433
raster_tex_alpha: faces=3458001 id=389
raster_tex_alpha: faces=3458501 id=378
raster_tex_alpha: faces=3459001 id=402
raster_tex_alpha: faces=3459501 id=374
raster_tex_alpha: faces=3460001 id=374
raster_tex_alpha: faces=3460501 id=406
raster_tex_alpha: faces=3461001 id=378
raster_tex_alpha: faces=3461501 id=348
raster_tex_alpha: faces=3462001 id=281
raster_tex_alpha: faces=3462501 id=378
raster_tex_alpha: faces=3463001 id=378
raster_tex_alpha: faces=3463501 id=378
raster_tex_alpha: faces=3464001 id=378
raster_tex_alpha: faces=3464501 id=433
raster_tex_alpha: faces=3465001 id=389
raster_tex_alpha: faces=3465501 id=378
raster_tex_alpha: faces=3466001 id=394
raster_tex_alpha: faces=3466501 id=239
raster_tex_alpha: faces=3467001 id=374
raster_tex_alpha: faces=3467501 id=374
raster_tex_alpha: faces=3468001 id=406
raster_tex_alpha: faces=3468501 id=378
raster_tex_alpha: faces=3469001 id=348
raster_tex_alpha: faces=3469501 id=378
raster_tex_alpha: faces=3470001 id=378
raster_tex_alpha: faces=3470501 id=378
raster_tex_alpha: faces=3471001 id=378
raster_tex_alpha: faces=3471501 id=358
raster_tex_alpha: faces=3472001 id=378
raster_tex_alpha: faces=3472501 id=389
raster_tex_alpha: faces=3473001 id=394
raster_tex_alpha: faces=3473501 id=402
raster_tex_alpha: faces=3474001 id=374
raster_tex_alpha: faces=3474501 id=378
raster_tex_alpha: faces=3475001 id=406
raster_tex_alpha: faces=3475501 id=378
raster_tex_alpha: faces=3476001 id=378
raster_tex_alpha: faces=3476501 id=378
raster_tex_alpha: faces=3477001 id=378
raster_tex_alpha: faces=3477501 id=378
raster_tex_alpha: faces=3478001 id=378
raster_tex_alpha: faces=3478501 id=378
raster_tex_alpha: faces=3479001 id=389
raster_tex_alpha: faces=3479501 id=380
raster_tex_alpha: faces=3480001 id=433
raster_tex_alpha: faces=3480501 id=395
raster_tex_alpha: faces=3481001 id=458
raster_tex_alpha: faces=3481501 id=374
raster_tex_alpha: faces=3482001 id=374
raster_tex_alpha: faces=3482501 id=406
raster_tex_alpha: faces=3483001 id=348
raster_tex_alpha: faces=3483501 id=433
raster_tex_alpha: faces=3484001 id=378
raster_tex_alpha: faces=3484501 id=302
raster_tex_alpha: faces=3485001 id=378
raster_tex_alpha: faces=3485501 id=378
raster_tex_alpha: faces=3486001 id=378
raster_tex_alpha: faces=3486501 id=459
raster_tex_alpha: faces=3487001 id=389
raster_tex_alpha: faces=3487501 id=394
raster_tex_alpha: faces=3488001 id=394
raster_tex_alpha: faces=3488501 id=449
raster_tex_alpha: faces=3489001 id=378
raster_tex_alpha: faces=3489501 id=374
raster_tex_alpha: faces=3490001 id=449
raster_tex_alpha: faces=3490501 id=348
raster_tex_alpha: faces=3491001 id=348
raster_tex_alpha: faces=3491501 id=378
raster_tex_alpha: faces=3492001 id=281
raster_tex_alpha: faces=3492501 id=378
raster_tex_alpha: faces=3493001 id=459
raster_tex_alpha: faces=3493501 id=378
raster_tex_alpha: faces=3494001 id=378
raster_tex_alpha: faces=3494501 id=389
raster_tex_alpha: faces=3495001 id=394
raster_tex_alpha: faces=3495501 id=402
raster_tex_alpha: faces=3496001 id=378
raster_tex_alpha: faces=3496501 id=378
raster_tex_alpha: faces=3497001 id=406
raster_tex_alpha: faces=3497501 id=378
raster_tex_alpha: faces=3498001 id=355
raster_tex_alpha: faces=3498501 id=281
raster_tex_alpha: faces=3499001 id=378
raster_tex_alpha: faces=3499501 id=378
raster_tex_alpha: faces=3500001 id=378
raster_tex_alpha: faces=3500501 id=378
raster_tex_alpha: faces=3501001 id=389
raster_tex_alpha: faces=3501501 id=389
raster_tex_alpha: faces=3502001 id=334
raster_tex_alpha: faces=3502501 id=433
raster_tex_alpha: faces=3503001 id=239
raster_tex_alpha: faces=3503501 id=374
raster_tex_alpha: faces=3504001 id=374
raster_tex_alpha: faces=3504501 id=408
raster_tex_alpha: faces=3505001 id=348
raster_tex_alpha: faces=3505501 id=378
raster_tex_alpha: faces=3506001 id=378
raster_tex_alpha: faces=3506501 id=355
raster_tex_alpha: faces=3507001 id=378
raster_tex_alpha: faces=3507501 id=378
raster_tex_alpha: faces=3508001 id=378
raster_tex_alpha: faces=3508501 id=378
raster_tex_alpha: faces=3509001 id=389
raster_tex_alpha: faces=3509501 id=334
raster_tex_alpha: faces=3510001 id=394
raster_tex_alpha: faces=3510501 id=449
raster_tex_alpha: faces=3511001 id=374
raster_tex_alpha: faces=3511501 id=374
raster_tex_alpha: faces=3512001 id=449
raster_tex_alpha: faces=3512501 id=348
raster_tex_alpha: faces=3513001 id=378
raster_tex_alpha: faces=3513501 id=281
raster_tex_alpha: faces=3514001 id=378
raster_tex_alpha: faces=3514501 id=378
raster_tex_alpha: faces=3515001 id=378
raster_tex_alpha: faces=3515501 id=459
raster_tex_alpha: faces=3516001 id=394
raster_tex_alpha: faces=3516501 id=389
raster_tex_alpha: faces=3517001 id=394
raster_tex_alpha: faces=3517501 id=402
raster_tex_alpha: faces=3518001 id=374
raster_tex_alpha: faces=3518501 id=378
raster_tex_alpha: faces=3519001 id=406
raster_tex_alpha: faces=3519501 id=303
raster_tex_alpha: faces=3520001 id=348
raster_tex_alpha: faces=3520501 id=281
raster_tex_alpha: faces=3521001 id=378
raster_tex_alpha: faces=3521501 id=378
raster_tex_alpha: faces=3522001 id=378
raster_tex_alpha: faces=3522501 id=380
raster_tex_alpha: faces=3523001 id=378
raster_tex_alpha: faces=3523501 id=380
raster_tex_alpha: faces=3524001 id=389
raster_tex_alpha: faces=3524501 id=433
raster_tex_alpha: faces=3525001 id=449
raster_tex_alpha: faces=3525501 id=374
raster_tex_alpha: faces=3526001 id=374
raster_tex_alpha: faces=3526501 id=406
raster_tex_alpha: faces=3527001 id=378
raster_tex_alpha: faces=3527501 id=355
raster_tex_alpha: faces=3528001 id=378
raster_tex_alpha: faces=3528501 id=378
raster_tex_alpha: faces=3529001 id=389
raster_tex_alpha: faces=3529501 id=358
raster_tex_alpha: faces=3530001 id=378
raster_tex_alpha: faces=3530501 id=389
raster_tex_alpha: faces=3531001 id=389
raster_tex_alpha: faces=3531501 id=433
raster_tex_alpha: faces=3532001 id=402
raster_tex_alpha: faces=3532501 id=458
raster_tex_alpha: faces=3533001 id=378
raster_tex_alpha: faces=3533501 id=378
raster_tex_alpha: faces=3534001 id=458
raster_tex_alpha: faces=3534501 id=378
raster_tex_alpha: faces=3535001 id=303
raster_tex_alpha: faces=3535501 id=355
raster_tex_alpha: faces=3536001 id=378
raster_tex_alpha: faces=3536501 id=378
raster_tex_alpha: faces=3537001 id=378
raster_tex_alpha: faces=3537501 id=433
raster_tex_alpha: faces=3538001 id=378
raster_tex_alpha: faces=3538501 id=459
raster_tex_alpha: faces=3539001 id=395
raster_tex_alpha: faces=3539501 id=458
raster_tex_alpha: faces=3540001 id=378
raster_tex_alpha: faces=3540501 id=378
raster_tex_alpha: faces=3541001 id=406
raster_tex_alpha: faces=3541501 id=348
raster_tex_alpha: faces=3542001 id=378
raster_tex_alpha: faces=3542501 id=302
raster_tex_alpha: faces=3543001 id=355
raster_tex_alpha: faces=3543501 id=378
raster_tex_alpha: faces=3544001 id=378
raster_tex_alpha: faces=3544501 id=459
raster_tex_alpha: faces=3545001 id=394
raster_tex_alpha: faces=3545501 id=389
raster_tex_alpha: faces=3546001 id=334
raster_tex_alpha: faces=3546501 id=394
raster_tex_alpha: faces=3547001 id=449
raster_tex_alpha: faces=3547501 id=378
raster_tex_alpha: faces=3548001 id=374
raster_tex_alpha: faces=3548501 id=449
raster_tex_alpha: faces=3549001 id=348
raster_tex_alpha: faces=3549501 id=378
raster_tex_alpha: faces=3550001 id=281
raster_tex_alpha: faces=3550501 id=378
raster_tex_alpha: faces=3551001 id=389
raster_tex_alpha: faces=3551501 id=378
raster_tex_alpha: faces=3552001 id=389
raster_tex_alpha: faces=3552501 id=334
raster_tex_alpha: faces=3553001 id=389
raster_tex_alpha: faces=3553501 id=459
raster_tex_alpha: faces=3554001 id=449
raster_tex_alpha: faces=3554501 id=268
raster_tex_alpha: faces=3555001 id=378
raster_tex_alpha: faces=3555501 id=406
raster_tex_alpha: faces=3556001 id=348
raster_tex_alpha: faces=3556501 id=348
raster_tex_alpha: faces=3557001 id=281
raster_tex_alpha: faces=3557501 id=302
raster_tex_alpha: faces=3558001 id=378
raster_tex_alpha: faces=3558501 id=378
raster_tex_alpha: faces=3559001 id=334
raster_tex_alpha: faces=3559501 id=459
raster_tex_alpha: faces=3560001 id=389
raster_tex_alpha: faces=3560501 id=378
raster_tex_alpha: faces=3561001 id=394
raster_tex_alpha: faces=3561501 id=239
raster_tex_alpha: faces=3562001 id=374
raster_tex_alpha: faces=3562501 id=374
raster_tex_alpha: faces=3563001 id=408
raster_tex_alpha: faces=3563501 id=378
raster_tex_alpha: faces=3564001 id=433
raster_tex_alpha: faces=3564501 id=355
raster_tex_alpha: faces=3565001 id=378
raster_tex_alpha: faces=3565501 id=378
raster_tex_alpha: faces=3566001 id=459
raster_tex_alpha: faces=3566501 id=402
raster_tex_alpha: faces=3567001 id=378
raster_tex_alpha: faces=3567501 id=380
raster_tex_alpha: faces=3568001 id=378
raster_tex_alpha: faces=3568501 id=402
raster_tex_alpha: faces=3569001 id=374
raster_tex_alpha: faces=3569501 id=374
raster_tex_alpha: faces=3570001 id=408
raster_tex_alpha: faces=3570501 id=378
raster_tex_alpha: faces=3571001 id=281
raster_tex_alpha: faces=3571501 id=378
raster_tex_alpha: faces=3572001 id=348
raster_tex_alpha: faces=3572501 id=459
raster_tex_alpha: faces=3573001 id=378
raster_tex_alpha: faces=3573501 id=378
raster_tex_alpha: faces=3574001 id=389
raster_tex_alpha: faces=3574501 id=395
raster_tex_alpha: faces=3575001 id=239
raster_tex_alpha: faces=3575501 id=378
raster_tex_alpha: faces=3576001 id=378
raster_tex_alpha: faces=3576501 id=458
raster_tex_alpha: faces=3577001 id=378
raster_tex_alpha: faces=3577501 id=378
raster_tex_alpha: faces=3578001 id=302
raster_tex_alpha: faces=3578501 id=389
raster_tex_alpha: faces=3579001 id=378
raster_tex_alpha: faces=3579501 id=389
raster_tex_alpha: faces=3580001 id=334
raster_tex_alpha: faces=3580501 id=378
raster_tex_alpha: faces=3581001 id=449
raster_tex_alpha: faces=3581501 id=378
raster_tex_alpha: faces=3582001 id=374
raster_tex_alpha: faces=3582501 id=449
raster_tex_alpha: faces=3583001 id=433
raster_tex_alpha: faces=3583501 id=378
raster_tex_alpha: faces=3584001 id=378
raster_tex_alpha: faces=3584501 id=348
raster_tex_alpha: faces=3585001 id=378
raster_tex_alpha: faces=3585501 id=378
raster_tex_alpha: faces=3586001 id=389
raster_tex_alpha: faces=3586501 id=394
raster_tex_alpha: faces=3587001 id=458
raster_tex_alpha: faces=3587501 id=374
raster_tex_alpha: faces=3588001 id=378
raster_tex_alpha: faces=3588501 id=406
raster_tex_alpha: faces=3589001 id=378
raster_tex_alpha: faces=3589501 id=348
raster_tex_alpha: faces=3590001 id=378
raster_tex_alpha: faces=3590501 id=378
raster_tex_alpha: faces=3591001 id=389
raster_tex_alpha: faces=3591501 id=389
raster_tex_alpha: faces=3592001 id=394
raster_tex_alpha: faces=3592501 id=459
raster_tex_alpha: faces=3593001 id=449
raster_tex_alpha: faces=3593501 id=374
raster_tex_alpha: faces=3594001 id=374
raster_tex_alpha: faces=3594501 id=406
raster_tex_alpha: faces=3595001 id=378
raster_tex_alpha: faces=3595501 id=348
raster_tex_alpha: faces=3596001 id=378
raster_tex_alpha: faces=3596501 id=389
raster_tex_alpha: faces=3597001 id=389
raster_tex_alpha: faces=3597501 id=378
raster_tex_alpha: faces=3598001 id=394
raster_tex_alpha: faces=3598501 id=378
raster_tex_alpha: faces=3599001 id=458
raster_tex_alpha: faces=3599501 id=374
raster_tex_alpha: faces=3600001 id=378
raster_tex_alpha: faces=3600501 id=406
raster_tex_alpha: faces=3601001 id=389
raster_tex_alpha: faces=3601501 id=378
raster_tex_alpha: faces=3602001 id=378
raster_tex_alpha: faces=3602501 id=281
raster_tex_alpha: faces=3603001 id=389
raster_tex_alpha: faces=3603501 id=389
raster_tex_alpha: faces=3604001 id=389
raster_tex_alpha: faces=3604501 id=334
raster_tex_alpha: faces=3605001 id=449
raster_tex_alpha: faces=3605501 id=378
raster_tex_alpha: faces=3606001 id=378
raster_tex_alpha: faces=3606501 id=406
raster_tex_alpha: faces=3607001 id=378
raster_tex_alpha: faces=3607501 id=348
raster_tex_alpha: faces=3608001 id=378
raster_tex_alpha: faces=3608501 id=389
raster_tex_alpha: faces=3609001 id=389
raster_tex_alpha: faces=3609501 id=378
raster_tex_alpha: faces=3610001 id=378
raster_tex_alpha: faces=3610501 id=380
raster_tex_alpha: faces=3611001 id=402
raster_tex_alpha: faces=3611501 id=378
raster_tex_alpha: faces=3612001 id=374
raster_tex_alpha: faces=3612501 id=408
raster_tex_alpha: faces=3613001 id=378
raster_tex_alpha: faces=3613501 id=355
raster_tex_alpha: faces=3614001 id=378
raster_tex_alpha: faces=3614501 id=348
raster_tex_alpha: faces=3615001 id=378
raster_tex_alpha: faces=3615501 id=378
raster_tex_alpha: faces=3616001 id=389
raster_tex_alpha: faces=3616501 id=389
raster_tex_alpha: faces=3617001 id=402
raster_tex_alpha: faces=3617501 id=458
raster_tex_alpha: faces=3618001 id=378
raster_tex_alpha: faces=3618501 id=378
raster_tex_alpha: faces=3619001 id=450
raster_tex_alpha: faces=3619501 id=281
raster_tex_alpha: faces=3620001 id=378
raster_tex_alpha: faces=3620501 id=378
raster_tex_alpha: faces=3621001 id=378
raster_tex_alpha: faces=3621501 id=433
raster_tex_alpha: faces=3622001 id=394
raster_tex_alpha: faces=3622501 id=389
raster_tex_alpha: faces=3623001 id=395
raster_tex_alpha: faces=3623501 id=449
raster_tex_alpha: faces=3624001 id=268
raster_tex_alpha: faces=3624501 id=374
raster_tex_alpha: faces=3625001 id=449
raster_tex_alpha: faces=3625501 id=281
raster_tex_alpha: faces=3626001 id=378
raster_tex_alpha: faces=3626501 id=378
raster_tex_alpha: faces=3627001 id=378
raster_tex_alpha: faces=3627501 id=389
raster_tex_alpha: faces=3628001 id=378
raster_tex_alpha: faces=3628501 id=378
raster_tex_alpha: faces=3629001 id=378
raster_tex_alpha: faces=3629501 id=458
raster_tex_alpha: faces=3630001 id=374
raster_tex_alpha: faces=3630501 id=378
raster_tex_alpha: faces=3631001 id=408
raster_tex_alpha: faces=3631501 id=378
raster_tex_alpha: faces=3632001 id=348
raster_tex_alpha: faces=3632501 id=281
raster_tex_alpha: faces=3633001 id=348
raster_tex_alpha: faces=3633501 id=389
raster_tex_alpha: faces=3634001 id=389
raster_tex_alpha: faces=3634501 id=334
raster_tex_alpha: faces=3635001 id=433
raster_tex_alpha: faces=3635501 id=449
raster_tex_alpha: faces=3636001 id=378
raster_tex_alpha: faces=3636501 id=378
raster_tex_alpha: faces=3637001 id=406
raster_tex_alpha: faces=3637501 id=378
raster_tex_alpha: faces=3638001 id=378
raster_tex_alpha: faces=3638501 id=303
raster_tex_alpha: faces=3639001 id=380
raster_tex_alpha: faces=3639501 id=281
raster_tex_alpha: faces=3640001 id=378
raster_tex_alpha: faces=3640501 id=389
raster_tex_alpha: faces=3641001 id=378
raster_tex_alpha: faces=3641501 id=458
raster_tex_alpha: faces=3642001 id=378
raster_tex_alpha: faces=3642501 id=374
raster_tex_alpha: faces=3643001 id=406
raster_tex_alpha: faces=3643501 id=378
raster_tex_alpha: faces=3644001 id=378
raster_tex_alpha: faces=3644501 id=378
raster_tex_alpha: faces=3645001 id=378
raster_tex_alpha: faces=3645501 id=378
raster_tex_alpha: faces=3646001 id=389
raster_tex_alpha: faces=3646501 id=394
raster_tex_alpha: faces=3647001 id=378
raster_tex_alpha: faces=3647501 id=449
raster_tex_alpha: faces=3648001 id=378
raster_tex_alpha: faces=3648501 id=374
raster_tex_alpha: faces=3649001 id=406
raster_tex_alpha: faces=3649501 id=378
raster_tex_alpha: faces=3650001 id=378
raster_tex_alpha: faces=3650501 id=303
raster_tex_alpha: faces=3651001 id=348
raster_tex_alpha: faces=3651501 id=389
raster_tex_alpha: faces=3652001 id=378
raster_tex_alpha: faces=3652501 id=378
raster_tex_alpha: faces=3653001 id=433
raster_tex_alpha: faces=3653501 id=402
raster_tex_alpha: faces=3654001 id=378
raster_tex_alpha: faces=3654501 id=374
raster_tex_alpha: faces=3655001 id=408
raster_tex_alpha: faces=3655501 id=378
raster_tex_alpha: faces=3656001 id=355
raster_tex_alpha: faces=3656501 id=378
raster_tex_alpha: faces=3657001 id=348
raster_tex_alpha: faces=3657501 id=378
raster_tex_alpha: faces=3658001 id=395
raster_tex_alpha: faces=3658501 id=389
raster_tex_alpha: faces=3659001 id=389
raster_tex_alpha: faces=3659501 id=402
raster_tex_alpha: faces=3660001 id=458
raster_tex_alpha: faces=3660501 id=378
raster_tex_alpha: faces=3661001 id=378
raster_tex_alpha: faces=3661501 id=450
raster_tex_alpha: faces=3662001 id=433
raster_tex_alpha: faces=3662501 id=378
raster_tex_alpha: faces=3663001 id=348
raster_tex_alpha: faces=3663501 id=378
raster_tex_alpha: faces=3664001 id=378
raster_tex_alpha: faces=3664501 id=389
raster_tex_alpha: faces=3665001 id=389
raster_tex_alpha: faces=3665501 id=395
raster_tex_alpha: faces=3666001 id=449
raster_tex_alpha: faces=3666501 id=374
raster_tex_alpha: faces=3667001 id=374
raster_tex_alpha: faces=3667501 id=449
raster_tex_alpha: faces=3668001 id=378
raster_tex_alpha: faces=3668501 id=378
raster_tex_alpha: faces=3669001 id=378
raster_tex_alpha: faces=3669501 id=348
raster_tex_alpha: faces=3670001 id=378
raster_tex_alpha: faces=3670501 id=378
raster_tex_alpha: faces=3671001 id=378
raster_tex_alpha: faces=3671501 id=394
raster_tex_alpha: faces=3672001 id=450
raster_tex_alpha: faces=3672501 id=378
raster_tex_alpha: faces=3673001 id=378
raster_tex_alpha: faces=3673501 id=408
raster_tex_alpha: faces=3674001 id=378
raster_tex_alpha: faces=3674501 id=378
raster_tex_alpha: faces=3675001 id=378
raster_tex_alpha: faces=3675501 id=348
raster_tex_alpha: faces=3676001 id=389
raster_tex_alpha: faces=3676501 id=378
raster_tex_alpha: faces=3677001 id=389
raster_tex_alpha: faces=3677501 id=459
raster_tex_alpha: faces=3678001 id=449
raster_tex_alpha: faces=3678501 id=378
raster_tex_alpha: faces=3679001 id=378
raster_tex_alpha: faces=3679501 id=408
raster_tex_alpha: faces=3680001 id=389
raster_tex_alpha: faces=3680501 id=281
raster_tex_alpha: faces=3681001 id=459
raster_tex_alpha: faces=3681501 id=378
raster_tex_alpha: faces=3682001 id=355
raster_tex_alpha: faces=3682501 id=389
raster_tex_alpha: faces=3683001 id=389
raster_tex_alpha: faces=3683501 id=334
raster_tex_alpha: faces=3684001 id=447
raster_tex_alpha: faces=3684501 id=378
raster_tex_alpha: faces=3685001 id=374
raster_tex_alpha: faces=3685501 id=406
raster_tex_alpha: faces=3686001 id=378
raster_tex_alpha: faces=3686501 id=348
raster_tex_alpha: faces=3687001 id=378
raster_tex_alpha: faces=3687501 id=378
raster_tex_alpha: faces=3688001 id=378
raster_tex_alpha: faces=3688501 id=378
raster_tex_alpha: faces=3689001 id=389
raster_tex_alpha: faces=3689501 id=378
raster_tex_alpha: faces=3690001 id=449
raster_tex_alpha: faces=3690501 id=378
raster_tex_alpha: faces=3691001 id=374
raster_tex_alpha: faces=3691501 id=408
raster_tex_alpha: faces=3692001 id=389
raster_tex_alpha: faces=3692501 id=348
raster_tex_alpha: faces=3693001 id=378
raster_tex_alpha: faces=3693501 id=378
raster_tex_alpha: faces=3694001 id=389
raster_tex_alpha: faces=3694501 id=378
raster_tex_alpha: faces=3695001 id=378
raster_tex_alpha: faces=3695501 id=334
raster_tex_alpha: faces=3696001 id=380
raster_tex_alpha: faces=3696501 id=374
raster_tex_alpha: faces=3697001 id=378
raster_tex_alpha: faces=3697501 id=406
raster_tex_alpha: faces=3698001 id=378
raster_tex_alpha: faces=3698501 id=378
raster_tex_alpha: faces=3699001 id=378
raster_tex_alpha: faces=3699501 id=348
raster_tex_alpha: faces=3700001 id=355
raster_tex_alpha: faces=3700501 id=334
raster_tex_alpha: faces=3701001 id=433
raster_tex_alpha: faces=3701501 id=389
raster_tex_alpha: faces=3702001 id=402
raster_tex_alpha: faces=3702501 id=450
raster_tex_alpha: faces=3703001 id=268
raster_tex_alpha: faces=3703501 id=378
raster_tex_alpha: faces=3704001 id=450
raster_tex_alpha: faces=3704501 id=389
raster_tex_alpha: faces=3705001 id=378
raster_tex_alpha: faces=3705501 id=389
raster_tex_alpha: faces=3706001 id=348
raster_tex_alpha: faces=3706501 id=378
raster_tex_alpha: faces=3707001 id=389
raster_tex_alpha: faces=3707501 id=334
raster_tex_alpha: faces=3708001 id=394
raster_tex_alpha: faces=3708501 id=449
raster_tex_alpha: faces=3709001 id=374
raster_tex_alpha: faces=3709501 id=378
raster_tex_alpha: faces=3710001 id=450
raster_tex_alpha: faces=3710501 id=378
raster_tex_alpha: faces=3711001 id=378
raster_tex_alpha: faces=3711501 id=303
raster_tex_alpha: faces=3712001 id=348
raster_tex_alpha: faces=3712501 id=355
raster_tex_alpha: faces=3713001 id=389
raster_tex_alpha: faces=3713501 id=378
raster_tex_alpha: faces=3714001 id=394
raster_tex_alpha: faces=3714501 id=450
raster_tex_alpha: faces=3715001 id=374
raster_tex_alpha: faces=3715501 id=378
raster_tex_alpha: faces=3716001 id=406
raster_tex_alpha: faces=3716501 id=389
raster_tex_alpha: faces=3717001 id=348
raster_tex_alpha: faces=3717501 id=395
raster_tex_alpha: faces=3718001 id=348
raster_tex_alpha: faces=3718501 id=389
raster_tex_alpha: faces=3719001 id=394
raster_tex_alpha: faces=3719501 id=394
raster_tex_alpha: faces=3720001 id=378
raster_tex_alpha: faces=3720501 id=449
raster_tex_alpha: faces=3721001 id=374
raster_tex_alpha: faces=3721501 id=378
raster_tex_alpha: faces=3722001 id=406
raster_tex_alpha: faces=3722501 id=378
raster_tex_alpha: faces=3723001 id=348
raster_tex_alpha: faces=3723501 id=378
raster_tex_alpha: faces=3724001 id=378
raster_tex_alpha: faces=3724501 id=433
raster_tex_alpha: faces=3725001 id=378
raster_tex_alpha: faces=3725501 id=389
raster_tex_alpha: faces=3726001 id=334
raster_tex_alpha: faces=3726501 id=450
raster_tex_alpha: faces=3727001 id=374
raster_tex_alpha: faces=3727501 id=378
raster_tex_alpha: faces=3728001 id=406
raster_tex_alpha: faces=3728501 id=378
raster_tex_alpha: faces=3729001 id=378
raster_tex_alpha: faces=3729501 id=378
raster_tex_alpha: faces=3730001 id=378
raster_tex_alpha: faces=3730501 id=378
raster_tex_alpha: faces=3731001 id=378
raster_tex_alpha: faces=3731501 id=378
raster_tex_alpha: faces=3732001 id=395
raster_tex_alpha: faces=3732501 id=449
raster_tex_alpha: faces=3733001 id=378
raster_tex_alpha: faces=3733501 id=374
raster_tex_alpha: faces=3734001 id=406
raster_tex_alpha: faces=3734501 id=378
raster_tex_alpha: faces=3735001 id=378
raster_tex_alpha: faces=3735501 id=378
raster_tex_alpha: faces=3736001 id=378
raster_tex_alpha: faces=3736501 id=355
raster_tex_alpha: faces=3737001 id=378
raster_tex_alpha: faces=3737501 id=459
raster_tex_alpha: faces=3738001 id=389
raster_tex_alpha: faces=3738501 id=402
raster_tex_alpha: faces=3739001 id=378
raster_tex_alpha: faces=3739501 id=374
raster_tex_alpha: faces=3740001 id=406
raster_tex_alpha: faces=3740501 id=378
raster_tex_alpha: faces=3741001 id=378
raster_tex_alpha: faces=3741501 id=394
raster_tex_alpha: faces=3742001 id=378
raster_tex_alpha: faces=3742501 id=355
raster_tex_alpha: faces=3743001 id=378
raster_tex_alpha: faces=3743501 id=378
raster_tex_alpha: faces=3744001 id=378
raster_tex_alpha: faces=3744501 id=402
raster_tex_alpha: faces=3745001 id=450
raster_tex_alpha: faces=3745501 id=378
raster_tex_alpha: faces=3746001 id=378
raster_tex_alpha: faces=3746501 id=450
raster_tex_alpha: faces=3747001 id=378
raster_tex_alpha: faces=3747501 id=355
raster_tex_alpha: faces=3748001 id=348
raster_tex_alpha: faces=3748501 id=378
raster_tex_alpha: faces=3749001 id=378
raster_tex_alpha: faces=3749501 id=389
raster_tex_alpha: faces=3750001 id=380
raster_tex_alpha: faces=3750501 id=395
raster_tex_alpha: faces=3751001 id=449
raster_tex_alpha: faces=3751501 id=374
raster_tex_alpha: faces=3752001 id=268
raster_tex_alpha: faces=3752501 id=449
raster_tex_alpha: faces=3753001 id=281
raster_tex_alpha: faces=3753501 id=281
raster_tex_alpha: faces=3754001 id=281
raster_tex_alpha: faces=3754501 id=395
raster_tex_alpha: faces=3755001 id=378
raster_tex_alpha: faces=3755501 id=378
raster_tex_alpha: faces=3756001 id=334
raster_tex_alpha: faces=3756501 id=394
raster_tex_alpha: faces=3757001 id=458
raster_tex_alpha: faces=3757501 id=378
raster_tex_alpha: faces=3758001 id=374
raster_tex_alpha: faces=3758501 id=406
raster_tex_alpha: faces=3759001 id=378
raster_tex_alpha: faces=3759501 id=348
raster_tex_alpha: faces=3760001 id=378
raster_tex_alpha: faces=3760501 id=348
raster_tex_alpha: faces=3761001 id=378
raster_tex_alpha: faces=3761501 id=389
raster_tex_alpha: faces=3762001 id=378
raster_tex_alpha: faces=3762501 id=395
raster_tex_alpha: faces=3763001 id=449
raster_tex_alpha: faces=3763501 id=374
raster_tex_alpha: faces=3764001 id=268
raster_tex_alpha: faces=3764501 id=407
raster_tex_alpha: faces=3765001 id=378
raster_tex_alpha: faces=3765501 id=378
raster_tex_alpha: faces=3766001 id=378
raster_tex_alpha: faces=3766501 id=348
raster_tex_alpha: faces=3767001 id=355
raster_tex_alpha: faces=3767501 id=394
raster_tex_alpha: faces=3768001 id=389
raster_tex_alpha: faces=3768501 id=378
raster_tex_alpha: faces=3769001 id=449
raster_tex_alpha: faces=3769501 id=374
raster_tex_alpha: faces=3770001 id=374
raster_tex_alpha: faces=3770501 id=406
raster_tex_alpha: faces=3771001 id=378
raster_tex_alpha: faces=3771501 id=348
raster_tex_alpha: faces=3772001 id=389
raster_tex_alpha: faces=3772501 id=378
raster_tex_alpha: faces=3773001 id=378
raster_tex_alpha: faces=3773501 id=378
raster_tex_alpha: faces=3774001 id=378
raster_tex_alpha: faces=3774501 id=378
raster_tex_alpha: faces=3775001 id=449
raster_tex_alpha: faces=3775501 id=374
raster_tex_alpha: faces=3776001 id=374
raster_tex_alpha: faces=3776501 id=406
raster_tex_alpha: faces=3777001 id=378
raster_tex_alpha: faces=3777501 id=378
raster_tex_alpha: faces=3778001 id=378
raster_tex_alpha: faces=3778501 id=348
raster_tex_alpha: faces=3779001 id=334
raster_tex_alpha: faces=3779501 id=459
raster_tex_alpha: faces=3780001 id=334
raster_tex_alpha: faces=3780501 id=378
raster_tex_alpha: faces=3781001 id=402
raster_tex_alpha: faces=3781501 id=374
raster_tex_alpha: faces=3782001 id=378
raster_tex_alpha: faces=3782501 id=406
raster_tex_alpha: faces=3783001 id=378
raster_tex_alpha: faces=3783501 id=348
raster_tex_alpha: faces=3784001 id=378
raster_tex_alpha: faces=3784501 id=281
raster_tex_alpha: faces=3785001 id=355
raster_tex_alpha: faces=3785501 id=378
raster_tex_alpha: faces=3786001 id=389
raster_tex_alpha: faces=3786501 id=389
raster_tex_alpha: faces=3787001 id=402
raster_tex_alpha: faces=3787501 id=458
raster_tex_alpha: faces=3788001 id=378
raster_tex_alpha: faces=3788501 id=378
raster_tex_alpha: faces=3789001 id=450
raster_tex_alpha: faces=3789501 id=355
raster_tex_alpha: faces=3790001 id=433
raster_tex_alpha: faces=3790501 id=389
raster_tex_alpha: faces=3791001 id=378
raster_tex_alpha: faces=3791501 id=378
raster_tex_alpha: faces=3792001 id=395
raster_tex_alpha: faces=3792501 id=378
raster_tex_alpha: faces=3793001 id=395
raster_tex_alpha: faces=3793501 id=449
raster_tex_alpha: faces=3794001 id=374
raster_tex_alpha: faces=3794501 id=378
raster_tex_alpha: faces=3795001 id=449
raster_tex_alpha: faces=3795501 id=378
raster_tex_alpha: faces=3796001 id=281
raster_tex_alpha: faces=3796501 id=378
raster_tex_alpha: faces=3797001 id=348
raster_tex_alpha: faces=3797501 id=378
raster_tex_alpha: faces=3798001 id=394
raster_tex_alpha: faces=3798501 id=380
raster_tex_alpha: faces=3799001 id=459
raster_tex_alpha: faces=3799501 id=450
raster_tex_alpha: faces=3800001 id=268
raster_tex_alpha: faces=3800501 id=374
raster_tex_alpha: faces=3801001 id=406
raster_tex_alpha: faces=3801501 id=281
raster_tex_alpha: faces=3802001 id=348
raster_tex_alpha: faces=3802501 id=378
raster_tex_alpha: faces=3803001 id=303
raster_tex_alpha: faces=3803501 id=389
raster_tex_alpha: faces=3804001 id=378
raster_tex_alpha: faces=3804501 id=378
raster_tex_alpha: faces=3805001 id=459
raster_tex_alpha: faces=3805501 id=449
raster_tex_alpha: faces=3806001 id=378
raster_tex_alpha: faces=3806501 id=378
raster_tex_alpha: faces=3807001 id=406
raster_tex_alpha: faces=3807501 id=378
raster_tex_alpha: faces=3808001 id=348
raster_tex_alpha: faces=3808501 id=378
raster_tex_alpha: faces=3809001 id=348
raster_tex_alpha: faces=3809501 id=389
raster_tex_alpha: faces=3810001 id=378
raster_tex_alpha: faces=3810501 id=389
raster_tex_alpha: faces=3811001 id=402
raster_tex_alpha: faces=3811501 id=458
raster_tex_alpha: faces=3812001 id=378
raster_tex_alpha: faces=3812501 id=374
raster_tex_alpha: faces=3813001 id=406
raster_tex_alpha: faces=3813501 id=378
raster_tex_alpha: faces=3814001 id=348
raster_tex_alpha: faces=3814501 id=303
raster_tex_alpha: faces=3815001 id=378
raster_tex_alpha: faces=3815501 id=389
raster_tex_alpha: faces=3816001 id=378
raster_tex_alpha: faces=3816501 id=358
raster_tex_alpha: faces=3817001 id=378
raster_tex_alpha: faces=3817501 id=449
raster_tex_alpha: faces=3818001 id=378
raster_tex_alpha: faces=3818501 id=378
raster_tex_alpha: faces=3819001 id=406
raster_tex_alpha: faces=3819501 id=378
raster_tex_alpha: faces=3820001 id=348
raster_tex_alpha: faces=3820501 id=302
raster_tex_alpha: faces=3821001 id=378
raster_tex_alpha: faces=3821501 id=303
raster_tex_alpha: faces=3822001 id=378
raster_tex_alpha: faces=3822501 id=389
raster_tex_alpha: faces=3823001 id=459
raster_tex_alpha: faces=3823501 id=402
raster_tex_alpha: faces=3824001 id=378
raster_tex_alpha: faces=3824501 id=374
raster_tex_alpha: faces=3825001 id=406
raster_tex_alpha: faces=3825501 id=378
raster_tex_alpha: faces=3826001 id=348
raster_tex_alpha: faces=3826501 id=302
raster_tex_alpha: faces=3827001 id=433
raster_tex_alpha: faces=3827501 id=302
raster_tex_alpha: faces=3828001 id=355
raster_tex_alpha: faces=3828501 id=389
raster_tex_alpha: faces=3829001 id=378
raster_tex_alpha: faces=3829501 id=402
raster_tex_alpha: faces=3830001 id=458
raster_tex_alpha: faces=3830501 id=378
raster_tex_alpha: faces=3831001 id=378
raster_tex_alpha: faces=3831501 id=458
raster_tex_alpha: faces=3832001 id=355
raster_tex_alpha: faces=3832501 id=378
raster_tex_alpha: faces=3833001 id=378
raster_tex_alpha: faces=3833501 id=389
raster_tex_alpha: faces=3834001 id=378
raster_tex_alpha: faces=3834501 id=378
raster_tex_alpha: faces=3835001 id=380
raster_tex_alpha: faces=3835501 id=378
raster_tex_alpha: faces=3836001 id=449
raster_tex_alpha: faces=3836501 id=378
raster_tex_alpha: faces=3837001 id=378
raster_tex_alpha: faces=3837501 id=449
raster_tex_alpha: faces=3838001 id=355
raster_tex_alpha: faces=3838501 id=459
raster_tex_alpha: faces=3839001 id=302
raster_tex_alpha: faces=3839501 id=348
raster_tex_alpha: faces=3840001 id=378
raster_tex_alpha: faces=3840501 id=394
raster_tex_alpha: faces=3841001 id=389
raster_tex_alpha: faces=3841501 id=459
raster_tex_alpha: faces=3842001 id=450
raster_tex_alpha: faces=3842501 id=378
raster_tex_alpha: faces=3843001 id=378
raster_tex_alpha: faces=3843501 id=406
raster_tex_alpha: faces=3844001 id=378
raster_tex_alpha: faces=3844501 id=378
raster_tex_alpha: faces=3845001 id=348
raster_tex_alpha: faces=3845501 id=303
raster_tex_alpha: faces=3846001 id=459
raster_tex_alpha: faces=3846501 id=378
raster_tex_alpha: faces=3847001 id=394
raster_tex_alpha: faces=3847501 id=378
raster_tex_alpha: faces=3848001 id=449
raster_tex_alpha: faces=3848501 id=374
raster_tex_alpha: faces=3849001 id=378
raster_tex_alpha: faces=3849501 id=406
raster_tex_alpha: faces=3850001 id=378
raster_tex_alpha: faces=3850501 id=348
raster_tex_alpha: faces=3851001 id=348
raster_tex_alpha: faces=3851501 id=303
raster_tex_alpha: faces=3852001 id=389
raster_tex_alpha: faces=3852501 id=389
raster_tex_alpha: faces=3853001 id=394
raster_tex_alpha: faces=3853501 id=378
raster_tex_alpha: faces=3854001 id=447
raster_tex_alpha: faces=3854501 id=374
raster_tex_alpha: faces=3855001 id=374
raster_tex_alpha: faces=3855501 id=408
raster_tex_alpha: faces=3856001 id=378
raster_tex_alpha: faces=3856501 id=348
raster_tex_alpha: faces=3857001 id=378
raster_tex_alpha: faces=3857501 id=394
raster_tex_alpha: faces=3858001 id=378
raster_tex_alpha: faces=3858501 id=389
raster_tex_alpha: faces=3859001 id=334
raster_tex_alpha: faces=3859501 id=334
raster_tex_alpha: faces=3860001 id=449
raster_tex_alpha: faces=3860501 id=378
raster_tex_alpha: faces=3861001 id=374
raster_tex_alpha: faces=3861501 id=408
raster_tex_alpha: faces=3862001 id=378
raster_tex_alpha: faces=3862501 id=378
raster_tex_alpha: faces=3863001 id=395
raster_tex_alpha: faces=3863501 id=281
raster_tex_alpha: faces=3864001 id=378
raster_tex_alpha: faces=3864501 id=378
raster_tex_alpha: faces=3865001 id=378
raster_tex_alpha: faces=3865501 id=389
raster_tex_alpha: faces=3866001 id=380
raster_tex_alpha: faces=3866501 id=378
raster_tex_alpha: faces=3867001 id=378
raster_tex_alpha: faces=3867501 id=378
raster_tex_alpha: faces=3868001 id=378
raster_tex_alpha: faces=3868501 id=378
raster_tex_alpha: faces=3869001 id=394
raster_tex_alpha: faces=3869501 id=378
raster_tex_alpha: faces=3870001 id=281
raster_tex_alpha: faces=3870501 id=433
raster_tex_alpha: faces=3871001 id=459
raster_tex_alpha: faces=3871501 id=389
raster_tex_alpha: faces=3872001 id=402
raster_tex_alpha: faces=3872501 id=450
raster_tex_alpha: faces=3873001 id=378
raster_tex_alpha: faces=3873501 id=374
raster_tex_alpha: faces=3874001 id=450
raster_tex_alpha: faces=3874501 id=378
raster_tex_alpha: faces=3875001 id=378
raster_tex_alpha: faces=3875501 id=378
raster_tex_alpha: faces=3876001 id=281
raster_tex_alpha: faces=3876501 id=334
raster_tex_alpha: faces=3877001 id=394
raster_tex_alpha: faces=3877501 id=334
raster_tex_alpha: faces=3878001 id=394
raster_tex_alpha: faces=3878501 id=450
raster_tex_alpha: faces=3879001 id=378
raster_tex_alpha: faces=3879501 id=378
raster_tex_alpha: faces=3880001 id=450
raster_tex_alpha: faces=3880501 id=355
raster_tex_alpha: faces=3881001 id=281
raster_tex_alpha: faces=3881501 id=281
raster_tex_alpha: faces=3882001 id=348
raster_tex_alpha: faces=3882501 id=395
raster_tex_alpha: faces=3883001 id=389
raster_tex_alpha: faces=3883501 id=389
raster_tex_alpha: faces=3884001 id=378
raster_tex_alpha: faces=3884501 id=449
raster_tex_alpha: faces=3885001 id=374
raster_tex_alpha: faces=3885501 id=374
raster_tex_alpha: faces=3886001 id=406
raster_tex_alpha: faces=3886501 id=378
raster_tex_alpha: faces=3887001 id=378
raster_tex_alpha: faces=3887501 id=378
raster_tex_alpha: faces=3888001 id=389
raster_tex_alpha: faces=3888501 id=378
raster_tex_alpha: faces=3889001 id=394
raster_tex_alpha: faces=3889501 id=378
raster_tex_alpha: faces=3890001 id=378
raster_tex_alpha: faces=3890501 id=449
raster_tex_alpha: faces=3891001 id=374
raster_tex_alpha: faces=3891501 id=374
raster_tex_alpha: faces=3892001 id=408
raster_tex_alpha: faces=3892501 id=378
raster_tex_alpha: faces=3893001 id=348
raster_tex_alpha: faces=3893501 id=378
raster_tex_alpha: faces=3894001 id=378
raster_tex_alpha: faces=3894501 id=378
raster_tex_alpha: faces=3895001 id=378
raster_tex_alpha: faces=3895501 id=389
raster_tex_alpha: faces=3896001 id=334
raster_tex_alpha: faces=3896501 id=449
raster_tex_alpha: faces=3897001 id=378
raster_tex_alpha: faces=3897501 id=374
raster_tex_alpha: faces=3898001 id=408
raster_tex_alpha: faces=3898501 id=378
raster_tex_alpha: faces=3899001 id=281
raster_tex_alpha: faces=3899501 id=378
raster_tex_alpha: faces=3900001 id=348
raster_tex_alpha: faces=3900501 id=433
raster_tex_alpha: faces=3901001 id=378
raster_tex_alpha: faces=3901501 id=389
raster_tex_alpha: faces=3902001 id=378
raster_tex_alpha: faces=3902501 id=402
raster_tex_alpha: faces=3903001 id=378
raster_tex_alpha: faces=3903501 id=374
raster_tex_alpha: faces=3904001 id=408
raster_tex_alpha: faces=3904501 id=378
raster_tex_alpha: faces=3905001 id=378
raster_tex_alpha: faces=3905501 id=378
raster_tex_alpha: faces=3906001 id=348
raster_tex_alpha: faces=3906501 id=378
raster_tex_alpha: faces=3907001 id=378
raster_tex_alpha: faces=3907501 id=389
raster_tex_alpha: faces=3908001 id=389
raster_tex_alpha: faces=3908501 id=402
raster_tex_alpha: faces=3909001 id=458
raster_tex_alpha: faces=3909501 id=378
raster_tex_alpha: faces=3910001 id=378
raster_tex_alpha: faces=3910501 id=458
raster_tex_alpha: faces=3911001 id=355
raster_tex_alpha: faces=3911501 id=378
raster_tex_alpha: faces=3912001 id=378
raster_tex_alpha: faces=3912501 id=433
raster_tex_alpha: faces=3913001 id=355
raster_tex_alpha: faces=3913501 id=378
raster_tex_alpha: faces=3914001 id=389
raster_tex_alpha: faces=3914501 id=395
raster_tex_alpha: faces=3915001 id=449
raster_tex_alpha: faces=3915501 id=374
raster_tex_alpha: faces=3916001 id=374
raster_tex_alpha: faces=3916501 id=449
raster_tex_alpha: faces=3917001 id=378
raster_tex_alpha: faces=3917501 id=378
raster_tex_alpha: faces=3918001 id=459
raster_tex_alpha: faces=3918501 id=348
raster_tex_alpha: faces=3919001 id=378
raster_tex_alpha: faces=3919501 id=394
raster_tex_alpha: faces=3920001 id=378
raster_tex_alpha: faces=3920501 id=459
raster_tex_alpha: faces=3921001 id=447
raster_tex_alpha: faces=3921501 id=374
raster_tex_alpha: faces=3922001 id=378
raster_tex_alpha: faces=3922501 id=406
raster_tex_alpha: faces=3923001 id=355
raster_tex_alpha: faces=3923501 id=348
raster_tex_alpha: faces=3924001 id=302
raster_tex_alpha: faces=3924501 id=348
raster_tex_alpha: faces=3925001 id=389
raster_tex_alpha: faces=3925501 id=394
raster_tex_alpha: faces=3926001 id=389
raster_tex_alpha: faces=3926501 id=378
raster_tex_alpha: faces=3927001 id=450
raster_tex_alpha: faces=3927501 id=374
raster_tex_alpha: faces=3928001 id=374
raster_tex_alpha: faces=3928501 id=406
raster_tex_alpha: faces=3929001 id=378
raster_tex_alpha: faces=3929501 id=281
raster_tex_alpha: faces=3930001 id=395
raster_tex_alpha: faces=3930501 id=348
raster_tex_alpha: faces=3931001 id=378
raster_tex_alpha: faces=3931501 id=389
raster_tex_alpha: faces=3932001 id=394
raster_tex_alpha: faces=3932501 id=380
raster_tex_alpha: faces=3933001 id=450
raster_tex_alpha: faces=3933501 id=378
raster_tex_alpha: faces=3934001 id=378
raster_tex_alpha: faces=3934501 id=406
raster_tex_alpha: faces=3935001 id=378
raster_tex_alpha: faces=3935501 id=378
raster_tex_alpha: faces=3936001 id=378
raster_tex_alpha: faces=3936501 id=302
raster_tex_alpha: faces=3937001 id=281
raster_tex_alpha: faces=3937501 id=378
raster_tex_alpha: faces=3938001 id=358
raster_tex_alpha: faces=3938501 id=395
raster_tex_alpha: faces=3939001 id=449
raster_tex_alpha: faces=3939501 id=378
raster_tex_alpha: faces=3940001 id=374
raster_tex_alpha: faces=3940501 id=406
raster_tex_alpha: faces=3941001 id=378
raster_tex_alpha: faces=3941501 id=348
raster_tex_alpha: faces=3942001 id=378
raster_tex_alpha: faces=3942501 id=303
raster_tex_alpha: faces=3943001 id=378
raster_tex_alpha: faces=3943501 id=355
raster_tex_alpha: faces=3944001 id=389
raster_tex_alpha: faces=3944501 id=389
raster_tex_alpha: faces=3945001 id=380
raster_tex_alpha: faces=3945501 id=378
raster_tex_alpha: faces=3946001 id=378
raster_tex_alpha: faces=3946501 id=378
raster_tex_alpha: faces=3947001 id=239
raster_tex_alpha: faces=3947501 id=355
raster_tex_alpha: faces=3948001 id=302
raster_tex_alpha: faces=3948501 id=303
raster_tex_alpha: faces=3949001 id=378
raster_tex_alpha: faces=3949501 id=433
raster_tex_alpha: faces=3950001 id=378
raster_tex_alpha: faces=3950501 id=389
raster_tex_alpha: faces=3951001 id=395
raster_tex_alpha: faces=3951501 id=449
raster_tex_alpha: faces=3952001 id=374
raster_tex_alpha: faces=3952501 id=374
raster_tex_alpha: faces=3953001 id=449
raster_tex_alpha: faces=3953501 id=281
raster_tex_alpha: faces=3954001 id=394
raster_tex_alpha: faces=3954501 id=378
raster_tex_alpha: faces=3955001 id=348
raster_tex_alpha: faces=3955501 id=433
raster_tex_alpha: faces=3956001 id=378
raster_tex_alpha: faces=3956501 id=389
raster_tex_alpha: faces=3957001 id=394
raster_tex_alpha: faces=3957501 id=458
raster_tex_alpha: faces=3958001 id=374
raster_tex_alpha: faces=3958501 id=374
raster_tex_alpha: faces=3959001 id=406
raster_tex_alpha: faces=3959501 id=334
raster_tex_alpha: faces=3960001 id=378
raster_tex_alpha: faces=3960501 id=378
raster_tex_alpha: faces=3961001 id=348
raster_tex_alpha: faces=3961501 id=389
raster_tex_alpha: faces=3962001 id=389
raster_tex_alpha: faces=3962501 id=389
raster_tex_alpha: faces=3963001 id=459
raster_tex_alpha: faces=3963501 id=449
raster_tex_alpha: faces=3964001 id=378
raster_tex_alpha: faces=3964501 id=378
raster_tex_alpha: faces=3965001 id=406
raster_tex_alpha: faces=3965501 id=378
raster_tex_alpha: faces=3966001 id=348
raster_tex_alpha: faces=3966501 id=303
raster_tex_alpha: faces=3967001 id=302
raster_tex_alpha: faces=3967501 id=389
raster_tex_alpha: faces=3968001 id=378
raster_tex_alpha: faces=3968501 id=394
raster_tex_alpha: faces=3969001 id=378
raster_tex_alpha: faces=3969501 id=450
raster_tex_alpha: faces=3970001 id=374
raster_tex_alpha: faces=3970501 id=268
raster_tex_alpha: faces=3971001 id=406
raster_tex_alpha: faces=3971501 id=378
raster_tex_alpha: faces=3972001 id=378
raster_tex_alpha: faces=3972501 id=378
raster_tex_alpha: faces=3973001 id=394
raster_tex_alpha: faces=3973501 id=378
raster_tex_alpha: faces=3974001 id=389
raster_tex_alpha: faces=3974501 id=394
raster_tex_alpha: faces=3975001 id=334
raster_tex_alpha: faces=3975501 id=449
raster_tex_alpha: faces=3976001 id=378
raster_tex_alpha: faces=3976501 id=374
raster_tex_alpha: faces=3977001 id=408
raster_tex_alpha: faces=3977501 id=378
raster_tex_alpha: faces=3978001 id=378
raster_tex_alpha: faces=3978501 id=378
raster_tex_alpha: faces=3979001 id=389
raster_tex_alpha: faces=3979501 id=378
raster_tex_alpha: faces=3980001 id=378
raster_tex_alpha: faces=3980501 id=378
raster_tex_alpha: faces=3981001 id=433
raster_tex_alpha: faces=3981501 id=380
raster_tex_alpha: faces=3982001 id=374
raster_tex_alpha: faces=3982501 id=378
raster_tex_alpha: faces=3983001 id=378
raster_tex_alpha: faces=3983501 id=378
raster_tex_alpha: faces=3984001 id=378
raster_tex_alpha: faces=3984501 id=394
raster_tex_alpha: faces=3985001 id=348
raster_tex_alpha: faces=3985501 id=281
raster_tex_alpha: faces=3986001 id=378
raster_tex_alpha: faces=3986501 id=389
raster_tex_alpha: faces=3987001 id=389
raster_tex_alpha: faces=3987501 id=402
raster_tex_alpha: faces=3988001 id=450
raster_tex_alpha: faces=3988501 id=268
raster_tex_alpha: faces=3989001 id=378
raster_tex_alpha: faces=3989501 id=450
raster_tex_alpha: faces=3990001 id=378
raster_tex_alpha: faces=3990501 id=378
raster_tex_alpha: faces=3991001 id=281
raster_tex_alpha: faces=3991501 id=348
raster_tex_alpha: faces=3992001 id=394
raster_tex_alpha: faces=3992501 id=378
raster_tex_alpha: faces=3993001 id=389
raster_tex_alpha: faces=3993501 id=378
raster_tex_alpha: faces=3994001 id=449
raster_tex_alpha: faces=3994501 id=374
raster_tex_alpha: faces=3995001 id=378
raster_tex_alpha: faces=3995501 id=449
raster_tex_alpha: faces=3996001 id=281
raster_tex_alpha: faces=3996501 id=378
raster_tex_alpha: faces=3997001 id=378
raster_tex_alpha: faces=3997501 id=378
raster_tex_alpha: faces=3998001 id=378
raster_tex_alpha: faces=3998501 id=394
raster_tex_alpha: faces=3999001 id=389
raster_tex_alpha: faces=3999501 id=334
raster_tex_alpha: faces=4000001 id=449
raster_tex_alpha: faces=4000501 id=374
raster_tex_alpha: faces=4001001 id=268
raster_tex_alpha: faces=4001501 id=407
raster_tex_alpha: faces=4002001 id=378
raster_tex_alpha: faces=4002501 id=348
raster_tex_alpha: faces=4003001 id=378
raster_tex_alpha: faces=4003501 id=348
raster_tex_alpha: faces=4004001 id=281
raster_tex_alpha: faces=4004501 id=389
raster_tex_alpha: faces=4005001 id=334
raster_tex_alpha: faces=4005501 id=402
raster_tex_alpha: faces=4006001 id=458
raster_tex_alpha: faces=4006501 id=378
raster_tex_alpha: faces=4007001 id=378
raster_tex_alpha: faces=4007501 id=406
raster_tex_alpha: faces=4008001 id=378
raster_tex_alpha: faces=4008501 id=348
raster_tex_alpha: faces=4009001 id=378
raster_tex_alpha: faces=4009501 id=281
raster_tex_alpha: faces=4010001 id=380
raster_tex_alpha: faces=4010501 id=389
raster_tex_alpha: faces=4011001 id=378
raster_tex_alpha: faces=4011501 id=378
raster_tex_alpha: faces=4012001 id=449
raster_tex_alpha: faces=4012501 id=378
raster_tex_alpha: faces=4013001 id=378
raster_tex_alpha: faces=4013501 id=406
raster_tex_alpha: faces=4014001 id=378
raster_tex_alpha: faces=4014501 id=348
raster_tex_alpha: faces=4015001 id=378
raster_tex_alpha: faces=4015501 id=348
raster_tex_alpha: faces=4016001 id=378
raster_tex_alpha: faces=4016501 id=378
raster_tex_alpha: faces=4017001 id=433
raster_tex_alpha: faces=4017501 id=378
raster_tex_alpha: faces=4018001 id=380
raster_tex_alpha: faces=4018501 id=374
raster_tex_alpha: faces=4019001 id=374
raster_tex_alpha: faces=4019501 id=406
raster_tex_alpha: faces=4020001 id=389
raster_tex_alpha: faces=4020501 id=378
raster_tex_alpha: faces=4021001 id=378
raster_tex_alpha: faces=4021501 id=389
raster_tex_alpha: faces=4022001 id=302
raster_tex_alpha: faces=4022501 id=378
raster_tex_alpha: faces=4023001 id=389
raster_tex_alpha: faces=4023501 id=389
raster_tex_alpha: faces=4024001 id=402
raster_tex_alpha: faces=4024501 id=450
raster_tex_alpha: faces=4025001 id=378
raster_tex_alpha: faces=4025501 id=378
raster_tex_alpha: faces=4026001 id=450
raster_tex_alpha: faces=4026501 id=378
raster_tex_alpha: faces=4027001 id=378
raster_tex_alpha: faces=4027501 id=378
raster_tex_alpha: faces=4028001 id=303
raster_tex_alpha: faces=4028501 id=378
raster_tex_alpha: faces=4029001 id=389
raster_tex_alpha: faces=4029501 id=334
raster_tex_alpha: faces=4030001 id=394
raster_tex_alpha: faces=4030501 id=449
raster_tex_alpha: faces=4031001 id=374
raster_tex_alpha: faces=4031501 id=378
raster_tex_alpha: faces=4032001 id=450
raster_tex_alpha: faces=4032501 id=378
raster_tex_alpha: faces=4033001 id=348
raster_tex_alpha: faces=4033501 id=378
raster_tex_alpha: faces=4034001 id=303
raster_tex_alpha: faces=4034501 id=378
raster_tex_alpha: faces=4035001 id=389
raster_tex_alpha: faces=4035501 id=378
raster_tex_alpha: faces=4036001 id=394
raster_tex_alpha: faces=4036501 id=450
raster_tex_alpha: faces=4037001 id=378
raster_tex_alpha: faces=4037501 id=374
raster_tex_alpha: faces=4038001 id=408
raster_tex_alpha: faces=4038501 id=389
raster_tex_alpha: faces=4039001 id=348
raster_tex_alpha: faces=4039501 id=378
raster_tex_alpha: faces=4040001 id=459
raster_tex_alpha: faces=4040501 id=378
raster_tex_alpha: faces=4041001 id=378
raster_tex_alpha: faces=4041501 id=389
raster_tex_alpha: faces=4042001 id=378
raster_tex_alpha: faces=4042501 id=449
raster_tex_alpha: faces=4043001 id=378
raster_tex_alpha: faces=4043501 id=374
raster_tex_alpha: faces=4044001 id=406
raster_tex_alpha: faces=4044501 id=378
raster_tex_alpha: faces=4045001 id=378
raster_tex_alpha: faces=4045501 id=378
raster_tex_alpha: faces=4046001 id=348
raster_tex_alpha: faces=4046501 id=378
raster_tex_alpha: faces=4047001 id=389
raster_tex_alpha: faces=4047501 id=389
raster_tex_alpha: faces=4048001 id=380
raster_tex_alpha: faces=4048501 id=450
raster_tex_alpha: faces=4049001 id=378
raster_tex_alpha: faces=4049501 id=378
raster_tex_alpha: faces=4050001 id=406
raster_tex_alpha: faces=4050501 id=378
raster_tex_alpha: faces=4051001 id=378
raster_tex_alpha: faces=4051501 id=378
raster_tex_alpha: faces=4052001 id=348
raster_tex_alpha: faces=4052501 id=378
raster_tex_alpha: faces=4053001 id=378
raster_tex_alpha: faces=4053501 id=394
raster_tex_alpha: faces=4054001 id=389
raster_tex_alpha: faces=4054501 id=449
raster_tex_alpha: faces=4055001 id=374
raster_tex_alpha: faces=4055501 id=374
raster_tex_alpha: faces=4056001 id=408
raster_tex_alpha: faces=4056501 id=378
raster_tex_alpha: faces=4057001 id=348
raster_tex_alpha: faces=4057501 id=378
raster_tex_alpha: faces=4058001 id=281
raster_tex_alpha: faces=4058501 id=389
raster_tex_alpha: faces=4059001 id=378
raster_tex_alpha: faces=4059501 id=389
raster_tex_alpha: faces=4060001 id=389
raster_tex_alpha: faces=4060501 id=402
raster_tex_alpha: faces=4061001 id=374
raster_tex_alpha: faces=4061501 id=378
raster_tex_alpha: faces=4062001 id=378
raster_tex_alpha: faces=4062501 id=378
raster_tex_alpha: faces=4063001 id=378
raster_tex_alpha: faces=4063501 id=378
raster_tex_alpha: faces=4064001 id=378
raster_tex_alpha: faces=4064501 id=395
raster_tex_alpha: faces=4065001 id=378
raster_tex_alpha: faces=4065501 id=389
raster_tex_alpha: faces=4066001 id=378
raster_tex_alpha: faces=4066501 id=402
raster_tex_alpha: faces=4067001 id=450
raster_tex_alpha: faces=4067501 id=268
raster_tex_alpha: faces=4068001 id=374
raster_tex_alpha: faces=4068501 id=450
raster_tex_alpha: faces=4069001 id=433
raster_tex_alpha: faces=4069501 id=348
raster_tex_alpha: faces=4070001 id=378
raster_tex_alpha: faces=4070501 id=302
raster_tex_alpha: faces=4071001 id=433
raster_tex_alpha: faces=4071501 id=378
raster_tex_alpha: faces=4072001 id=380
raster_tex_alpha: faces=4072501 id=394
raster_tex_alpha: faces=4073001 id=450
raster_tex_alpha: faces=4073501 id=374
raster_tex_alpha: faces=4074001 id=268
raster_tex_alpha: faces=4074501 id=449
raster_tex_alpha: faces=4075001 id=355
raster_tex_alpha: faces=4075501 id=348
raster_tex_alpha: faces=4076001 id=378
raster_tex_alpha: faces=4076501 id=303
raster_tex_alpha: faces=4077001 id=380
raster_tex_alpha: faces=4077501 id=394
raster_tex_alpha: faces=4078001 id=334
raster_tex_alpha: faces=4078501 id=378
raster_tex_alpha: faces=4079001 id=450
raster_tex_alpha: faces=4079501 id=374
raster_tex_alpha: faces=4080001 id=378
raster_tex_alpha: faces=4080501 id=406
raster_tex_alpha: faces=4081001 id=378
raster_tex_alpha: faces=4081501 id=348
raster_tex_alpha: faces=4082001 id=378
raster_tex_alpha: faces=4082501 id=348
raster_tex_alpha: faces=4083001 id=459
raster_tex_alpha: faces=4083501 id=394
raster_tex_alpha: faces=4084001 id=394
raster_tex_alpha: faces=4084501 id=378
raster_tex_alpha: faces=4085001 id=450
raster_tex_alpha: faces=4085501 id=374
raster_tex_alpha: faces=4086001 id=374
raster_tex_alpha: faces=4086501 id=406
raster_tex_alpha: faces=4087001 id=378
raster_tex_alpha: faces=4087501 id=378
raster_tex_alpha: faces=4088001 id=394
raster_tex_alpha: faces=4088501 id=378
raster_tex_alpha: faces=4089001 id=378
raster_tex_alpha: faces=4089501 id=378
raster_tex_alpha: faces=4090001 id=389
raster_tex_alpha: faces=4090501 id=378
raster_tex_alpha: faces=4091001 id=450
raster_tex_alpha: faces=4091501 id=378
raster_tex_alpha: faces=4092001 id=374
raster_tex_alpha: faces=4092501 id=406
raster_tex_alpha: faces=4093001 id=378
raster_tex_alpha: faces=4093501 id=348
raster_tex_alpha: faces=4094001 id=378
raster_tex_alpha: faces=4094501 id=378
raster_tex_alpha: faces=4095001 id=378
raster_tex_alpha: faces=4095501 id=378
raster_tex_alpha: faces=4096001 id=394
raster_tex_alpha: faces=4096501 id=389
raster_tex_alpha: faces=4097001 id=449
raster_tex_alpha: faces=4097501 id=374
raster_tex_alpha: faces=4098001 id=374
raster_tex_alpha: faces=4098501 id=408
raster_tex_alpha: faces=4099001 id=378
raster_tex_alpha: faces=4099501 id=378
raster_tex_alpha: faces=4100001 id=378
raster_tex_alpha: faces=4100501 id=348
raster_tex_alpha: faces=4101001 id=378
raster_tex_alpha: faces=4101501 id=378
raster_tex_alpha: faces=4102001 id=459
raster_tex_alpha: faces=4102501 id=433
raster_tex_alpha: faces=4103001 id=402
raster_tex_alpha: faces=4103501 id=378
raster_tex_alpha: faces=4104001 id=378
raster_tex_alpha: faces=4104501 id=408
raster_tex_alpha: faces=4105001 id=378
raster_tex_alpha: faces=4105501 id=348
raster_tex_alpha: faces=4106001 id=378
raster_tex_alpha: faces=4106501 id=389
raster_tex_alpha: faces=4107001 id=378
raster_tex_alpha: faces=4107501 id=355
raster_tex_alpha: faces=4108001 id=378
raster_tex_alpha: faces=4108501 id=378
raster_tex_alpha: faces=4109001 id=402
raster_tex_alpha: faces=4109501 id=447
raster_tex_alpha: faces=4110001 id=378
raster_tex_alpha: faces=4110501 id=378
raster_tex_alpha: faces=4111001 id=450
raster_tex_alpha: faces=4111501 id=378
raster_tex_alpha: faces=4112001 id=378
raster_tex_alpha: faces=4112501 id=389
raster_tex_alpha: faces=4113001 id=378
raster_tex_alpha: faces=4113501 id=433
raster_tex_alpha: faces=4114001 id=378
raster_tex_alpha: faces=4114501 id=334
raster_tex_alpha: faces=4115001 id=394
raster_tex_alpha: faces=4115501 id=450
raster_tex_alpha: faces=4116001 id=378
raster_tex_alpha: faces=4116501 id=268
raster_tex_alpha: faces=4117001 id=449
raster_tex_alpha: faces=4117501 id=378
raster_tex_alpha: faces=4118001 id=378
raster_tex_alpha: faces=4118501 id=303
raster_tex_alpha: faces=4119001 id=348
raster_tex_alpha: faces=4119501 id=380
raster_tex_alpha: faces=4120001 id=389
raster_tex_alpha: faces=4120501 id=378
raster_tex_alpha: faces=4121001 id=378
raster_tex_alpha: faces=4121501 id=450
raster_tex_alpha: faces=4122001 id=374
raster_tex_alpha: faces=4122501 id=378
raster_tex_alpha: faces=4123001 id=406
raster_tex_alpha: faces=4123501 id=378
raster_tex_alpha: faces=4124001 id=348
raster_tex_alpha: faces=4124501 id=378
raster_tex_alpha: faces=4125001 id=348
raster_tex_alpha: faces=4125501 id=389
raster_tex_alpha: faces=4126001 id=378
raster_tex_alpha: faces=4126501 id=389
raster_tex_alpha: faces=4127001 id=402
raster_tex_alpha: faces=4127501 id=449
raster_tex_alpha: faces=4128001 id=378
raster_tex_alpha: faces=4128501 id=378
raster_tex_alpha: faces=4129001 id=408
raster_tex_alpha: faces=4129501 id=378
raster_tex_alpha: faces=4130001 id=348
raster_tex_alpha: faces=4130501 id=378
raster_tex_alpha: faces=4131001 id=389
raster_tex_alpha: faces=4131501 id=433
raster_tex_alpha: faces=4132001 id=378
raster_tex_alpha: faces=4132501 id=394
raster_tex_alpha: faces=4133001 id=334
raster_tex_alpha: faces=4133501 id=449
raster_tex_alpha: faces=4134001 id=378
raster_tex_alpha: faces=4134501 id=374
raster_tex_alpha: faces=4135001 id=406
raster_tex_alpha: faces=4135501 id=378
raster_tex_alpha: faces=4136001 id=348
raster_tex_alpha: faces=4136501 id=378
raster_tex_alpha: faces=4137001 id=378
raster_tex_alpha: faces=4137501 id=302
raster_tex_alpha: faces=4138001 id=378
raster_tex_alpha: faces=4138501 id=389
raster_tex_alpha: faces=4139001 id=389
raster_tex_alpha: faces=4139501 id=449
raster_tex_alpha: faces=4140001 id=268
raster_tex_alpha: faces=4140501 id=374
raster_tex_alpha: faces=4141001 id=406
raster_tex_alpha: faces=4141501 id=378
raster_tex_alpha: faces=4142001 id=378
raster_tex_alpha: faces=4142501 id=378
raster_tex_alpha: faces=4143001 id=378
raster_tex_alpha: faces=4143501 id=378
raster_tex_alpha: faces=4144001 id=378
raster_tex_alpha: faces=4144501 id=378
raster_tex_alpha: faces=4145001 id=380
raster_tex_alpha: faces=4145501 id=380
raster_tex_alpha: faces=4146001 id=378
raster_tex_alpha: faces=4146501 id=378
raster_tex_alpha: faces=4147001 id=378
raster_tex_alpha: faces=4147501 id=239
raster_tex_alpha: faces=4148001 id=348
raster_tex_alpha: faces=4148501 id=378
raster_tex_alpha: faces=4149001 id=394
raster_tex_alpha: faces=4149501 id=281
raster_tex_alpha: faces=4150001 id=378
raster_tex_alpha: faces=4150501 id=378
raster_tex_alpha: faces=4151001 id=334
raster_tex_alpha: faces=4151501 id=402
raster_tex_alpha: faces=4152001 id=450
raster_tex_alpha: faces=4152501 id=268
raster_tex_alpha: faces=4153001 id=378
raster_tex_alpha: faces=4153501 id=449
raster_tex_alpha: faces=4154001 id=378
raster_tex_alpha: faces=4154501 id=281
raster_tex_alpha: faces=4155001 id=378
raster_tex_alpha: faces=4155501 id=348
raster_tex_alpha: faces=4156001 id=378
raster_tex_alpha: faces=4156501 id=433
raster_tex_alpha: faces=4157001 id=433
raster_tex_alpha: faces=4157501 id=394
raster_tex_alpha: faces=4158001 id=449
raster_tex_alpha: faces=4158501 id=374
raster_tex_alpha: faces=4159001 id=374
raster_tex_alpha: faces=4159501 id=449
raster_tex_alpha: faces=4160001 id=355
raster_tex_alpha: faces=4160501 id=378
raster_tex_alpha: faces=4161001 id=378
raster_tex_alpha: faces=4161501 id=459
raster_tex_alpha: faces=4162001 id=380
raster_tex_alpha: faces=4162501 id=389
raster_tex_alpha: faces=4163001 id=389
raster_tex_alpha: faces=4163501 id=459
raster_tex_alpha: faces=4164001 id=449
raster_tex_alpha: faces=4164501 id=378
raster_tex_alpha: faces=4165001 id=378
raster_tex_alpha: faces=4165501 id=406
raster_tex_alpha: faces=4166001 id=378
raster_tex_alpha: faces=4166501 id=378
raster_tex_alpha: faces=4167001 id=378
raster_tex_alpha: faces=4167501 id=348
raster_tex_alpha: faces=4168001 id=389
raster_tex_alpha: faces=4168501 id=394
raster_tex_alpha: faces=4169001 id=378
raster_tex_alpha: faces=4169501 id=380
raster_tex_alpha: faces=4170001 id=449
raster_tex_alpha: faces=4170501 id=378
raster_tex_alpha: faces=4171001 id=374
raster_tex_alpha: faces=4171501 id=406
raster_tex_alpha: faces=4172001 id=389
raster_tex_alpha: faces=4172501 id=348
raster_tex_alpha: faces=4173001 id=378
raster_tex_alpha: faces=4173501 id=378
raster_tex_alpha: faces=4174001 id=389
raster_tex_alpha: faces=4174501 id=378
raster_tex_alpha: faces=4175001 id=394
raster_tex_alpha: faces=4175501 id=380
raster_tex_alpha: faces=4176001 id=449
raster_tex_alpha: faces=4176501 id=374
raster_tex_alpha: faces=4177001 id=378
raster_tex_alpha: faces=4177501 id=406
raster_tex_alpha: faces=4178001 id=378
raster_tex_alpha: faces=4178501 id=348
raster_tex_alpha: faces=4179001 id=378
raster_tex_alpha: faces=4179501 id=302
raster_tex_alpha: faces=4180001 id=459
raster_tex_alpha: faces=4180501 id=378
raster_tex_alpha: faces=4181001 id=394
raster_tex_alpha: faces=4181501 id=378
raster_tex_alpha: faces=4182001 id=449
raster_tex_alpha: faces=4182501 id=268
raster_tex_alpha: faces=4183001 id=374
raster_tex_alpha: faces=4183501 id=406
raster_tex_alpha: faces=4184001 id=378
raster_tex_alpha: faces=4184501 id=433
raster_tex_alpha: faces=4185001 id=433
raster_tex_alpha: faces=4185501 id=348
raster_tex_alpha: faces=4186001 id=378
raster_tex_alpha: faces=4186501 id=378
raster_tex_alpha: faces=4187001 id=389
raster_tex_alpha: faces=4187501 id=389
raster_tex_alpha: faces=4188001 id=380
raster_tex_alpha: faces=4188501 id=378
raster_tex_alpha: faces=4189001 id=378
raster_tex_alpha: faces=4189501 id=378
raster_tex_alpha: faces=4190001 id=239
raster_tex_alpha: faces=4190501 id=355
raster_tex_alpha: faces=4191001 id=302
raster_tex_alpha: faces=4191501 id=303
raster_tex_alpha: faces=4192001 id=303
raster_tex_alpha: faces=4192501 id=378
raster_tex_alpha: faces=4193001 id=334
raster_tex_alpha: faces=4193501 id=334
raster_tex_alpha: faces=4194001 id=402
raster_tex_alpha: faces=4194501 id=450
raster_tex_alpha: faces=4195001 id=268
raster_tex_alpha: faces=4195501 id=378
raster_tex_alpha: faces=4196001 id=449
raster_tex_alpha: faces=4196501 id=389
raster_tex_alpha: faces=4197001 id=378
raster_tex_alpha: faces=4197501 id=378
raster_tex_alpha: faces=4198001 id=348
raster_tex_alpha: faces=4198501 id=433
raster_tex_alpha: faces=4199001 id=394
raster_tex_alpha: faces=4199501 id=378
raster_tex_alpha: faces=4200001 id=394
raster_tex_alpha: faces=4200501 id=449
raster_tex_alpha: faces=4201001 id=374
raster_tex_alpha: faces=4201501 id=378
raster_tex_alpha: faces=4202001 id=449
raster_tex_alpha: faces=4202501 id=378
raster_tex_alpha: faces=4203001 id=378
raster_tex_alpha: faces=4203501 id=389
raster_tex_alpha: faces=4204001 id=378
raster_tex_alpha: faces=4204501 id=378
raster_tex_alpha: faces=4205001 id=394
raster_tex_alpha: faces=4205501 id=394
raster_tex_alpha: faces=4206001 id=395
raster_tex_alpha: faces=4206501 id=449
raster_tex_alpha: faces=4207001 id=374
raster_tex_alpha: faces=4207501 id=268
raster_tex_alpha: faces=4208001 id=406
raster_tex_alpha: faces=4208501 id=378
raster_tex_alpha: faces=4209001 id=348
raster_tex_alpha: faces=4209501 id=378
raster_tex_alpha: faces=4210001 id=395
raster_tex_alpha: faces=4210501 id=389
raster_tex_alpha: faces=4211001 id=378
raster_tex_alpha: faces=4211501 id=389
raster_tex_alpha: faces=4212001 id=459
raster_tex_alpha: faces=4212501 id=239
raster_tex_alpha: faces=4213001 id=374
raster_tex_alpha: faces=4213501 id=378
raster_tex_alpha: faces=4214001 id=406
raster_tex_alpha: faces=4214501 id=378
raster_tex_alpha: faces=4215001 id=355
raster_tex_alpha: faces=4215501 id=378
raster_tex_alpha: faces=4216001 id=378
raster_tex_alpha: faces=4216501 id=394
raster_tex_alpha: faces=4217001 id=378
raster_tex_alpha: faces=4217501 id=358
raster_tex_alpha: faces=4218001 id=378
raster_tex_alpha: faces=4218501 id=449
raster_tex_alpha: faces=4219001 id=378
raster_tex_alpha: faces=4219501 id=378
raster_tex_alpha: faces=4220001 id=406
raster_tex_alpha: faces=4220501 id=378
raster_tex_alpha: faces=4221001 id=348
raster_tex_alpha: faces=4221501 id=380
raster_tex_alpha: faces=4222001 id=302
raster_tex_alpha: faces=4222501 id=378
raster_tex_alpha: faces=4223001 id=378
raster_tex_alpha: faces=4223501 id=389
raster_tex_alpha: faces=4224001 id=389
raster_tex_alpha: faces=4224501 id=402
raster_tex_alpha: faces=4225001 id=378
raster_tex_alpha: faces=4225501 id=374
raster_tex_alpha: faces=4226001 id=406
raster_tex_alpha: faces=4226501 id=378
raster_tex_alpha: faces=4227001 id=378
raster_tex_alpha: faces=4227501 id=378
raster_tex_alpha: faces=4228001 id=303
raster_tex_alpha: faces=4228501 id=302
raster_tex_alpha: faces=4229001 id=378
raster_tex_alpha: faces=4229501 id=389
raster_tex_alpha: faces=4230001 id=389
raster_tex_alpha: faces=4230501 id=402
raster_tex_alpha: faces=4231001 id=458
raster_tex_alpha: faces=4231501 id=378
raster_tex_alpha: faces=4232001 id=378
raster_tex_alpha: faces=4232501 id=450
raster_tex_alpha: faces=4233001 id=281
raster_tex_alpha: faces=4233501 id=378
raster_tex_alpha: faces=4234001 id=433
raster_tex_alpha: faces=4234501 id=378
raster_tex_alpha: faces=4235001 id=355
raster_tex_alpha: faces=4235501 id=378
raster_tex_alpha: faces=4236001 id=380
raster_tex_alpha: faces=4236501 id=459
raster_tex_alpha: faces=4237001 id=449
raster_tex_alpha: faces=4237501 id=374
raster_tex_alpha: faces=4238001 id=378
raster_tex_alpha: faces=4238501 id=449
raster_tex_alpha: faces=4239001 id=378
raster_tex_alpha: faces=4239501 id=348
raster_tex_alpha: faces=4240001 id=348
raster_tex_alpha: faces=4240501 id=389
raster_tex_alpha: faces=4241001 id=378
raster_tex_alpha: faces=4241501 id=394
raster_tex_alpha: faces=4242001 id=389
raster_tex_alpha: faces=4242501 id=378
raster_tex_alpha: faces=4243001 id=450
raster_tex_alpha: faces=4243501 id=268
raster_tex_alpha: faces=4244001 id=378
raster_tex_alpha: faces=4244501 id=408
raster_tex_alpha: faces=4245001 id=378
raster_tex_alpha: faces=4245501 id=378
raster_tex_alpha: faces=4246001 id=348
raster_tex_alpha: faces=4246501 id=348
raster_tex_alpha: faces=4247001 id=378
raster_tex_alpha: faces=4247501 id=378
raster_tex_alpha: faces=4248001 id=380
raster_tex_alpha: faces=4248501 id=459
raster_tex_alpha: faces=4249001 id=450
raster_tex_alpha: faces=4249501 id=374
raster_tex_alpha: faces=4250001 id=374
raster_tex_alpha: faces=4250501 id=408
raster_tex_alpha: faces=4251001 id=389
raster_tex_alpha: faces=4251501 id=378
raster_tex_alpha: faces=4252001 id=378
raster_tex_alpha: faces=4252501 id=378
raster_tex_alpha: faces=4253001 id=378
raster_tex_alpha: faces=4253501 id=459
raster_tex_alpha: faces=4254001 id=389
raster_tex_alpha: faces=4254501 id=334
raster_tex_alpha: faces=4255001 id=447
raster_tex_alpha: faces=4255501 id=374
raster_tex_alpha: faces=4256001 id=378
raster_tex_alpha: faces=4256501 id=406
raster_tex_alpha: faces=4257001 id=389
raster_tex_alpha: faces=4257501 id=433
raster_tex_alpha: faces=4258001 id=378
raster_tex_alpha: faces=4258501 id=281
raster_tex_alpha: faces=4259001 id=378
raster_tex_alpha: faces=4259501 id=378
raster_tex_alpha: faces=4260001 id=358
raster_tex_alpha: faces=4260501 id=358
raster_tex_alpha: faces=4261001 id=449
raster_tex_alpha: faces=4261501 id=374
raster_tex_alpha: faces=4262001 id=374
raster_tex_alpha: faces=4262501 id=408
raster_tex_alpha: faces=4263001 id=378
raster_tex_alpha: faces=4263501 id=348
raster_tex_alpha: faces=4264001 id=378
raster_tex_alpha: faces=4264501 id=348
raster_tex_alpha: faces=4265001 id=389
raster_tex_alpha: faces=4265501 id=378
raster_tex_alpha: faces=4266001 id=378
raster_tex_alpha: faces=4266501 id=334
raster_tex_alpha: faces=4267001 id=380
raster_tex_alpha: faces=4267501 id=378
raster_tex_alpha: faces=4268001 id=378
raster_tex_alpha: faces=4268501 id=407
raster_tex_alpha: faces=4269001 id=378
raster_tex_alpha: faces=4269501 id=348
raster_tex_alpha: faces=4270001 id=394
raster_tex_alpha: faces=4270501 id=389
raster_tex_alpha: faces=4271001 id=355
raster_tex_alpha: faces=4271501 id=378
raster_tex_alpha: faces=4272001 id=378
raster_tex_alpha: faces=4272501 id=380
raster_tex_alpha: faces=4273001 id=402
raster_tex_alpha: faces=4273501 id=450
raster_tex_alpha: faces=4274001 id=378
raster_tex_alpha: faces=4274501 id=378
raster_tex_alpha: faces=4275001 id=450
raster_tex_alpha: faces=4275501 id=378
raster_tex_alpha: faces=4276001 id=302
raster_tex_alpha: faces=4276501 id=378
raster_tex_alpha: faces=4277001 id=433
raster_tex_alpha: faces=4277501 id=355
raster_tex_alpha: faces=4278001 id=394
raster_tex_alpha: faces=4278501 id=334
raster_tex_alpha: faces=4279001 id=378
raster_tex_alpha: faces=4279501 id=449
raster_tex_alpha: faces=4280001 id=374
raster_tex_alpha: faces=4280501 id=378
raster_tex_alpha: faces=4281001 id=450
raster_tex_alpha: faces=4281501 id=378
raster_tex_alpha: faces=4282001 id=348
raster_tex_alpha: faces=4282501 id=378
raster_tex_alpha: faces=4283001 id=303
raster_tex_alpha: faces=4283501 id=355
raster_tex_alpha: faces=4284001 id=433
raster_tex_alpha: faces=4284501 id=334
raster_tex_alpha: faces=4285001 id=394
raster_tex_alpha: faces=4285501 id=450
raster_tex_alpha: faces=4286001 id=268
raster_tex_alpha: faces=4286501 id=374
raster_tex_alpha: faces=4287001 id=406
raster_tex_alpha: faces=4287501 id=389
raster_tex_alpha: faces=4288001 id=348
raster_tex_alpha: faces=4288501 id=378
raster_tex_alpha: faces=4289001 id=389
raster_tex_alpha: faces=4289501 id=378
raster_tex_alpha: faces=4290001 id=378
raster_tex_alpha: faces=4290501 id=394
raster_tex_alpha: faces=4291001 id=395
raster_tex_alpha: faces=4291501 id=450
raster_tex_alpha: faces=4292001 id=378
raster_tex_alpha: faces=4292501 id=378
raster_tex_alpha: faces=4293001 id=408
raster_tex_alpha: faces=4293501 id=355
raster_tex_alpha: faces=4294001 id=348
raster_tex_alpha: faces=4294501 id=378
raster_tex_alpha: faces=4295001 id=459
raster_tex_alpha: faces=4295501 id=378
raster_tex_alpha: faces=4296001 id=378
raster_tex_alpha: faces=4296501 id=459
raster_tex_alpha: faces=4297001 id=358
raster_tex_alpha: faces=4297501 id=450
raster_tex_alpha: faces=4298001 id=374
raster_tex_alpha: faces=4298501 id=374
raster_tex_alpha: faces=4299001 id=406
raster_tex_alpha: faces=4299501 id=378
raster_tex_alpha: faces=4300001 id=348
raster_tex_alpha: faces=4300501 id=378
raster_tex_alpha: faces=4301001 id=348
raster_tex_alpha: faces=4301501 id=389
raster_tex_alpha: faces=4302001 id=355
raster_tex_alpha: faces=4302501 id=394
raster_tex_alpha: faces=4303001 id=389
raster_tex_alpha: faces=4303501 id=449
raster_tex_alpha: faces=4304001 id=374
raster_tex_alpha: faces=4304501 id=374
raster_tex_alpha: faces=4305001 id=408
raster_tex_alpha: faces=4305501 id=389
raster_tex_alpha: faces=4306001 id=348
raster_tex_alpha: faces=4306501 id=302
raster_tex_alpha: faces=4307001 id=348
raster_tex_alpha: faces=4307501 id=395
raster_tex_alpha: faces=4308001 id=378
raster_tex_alpha: faces=4308501 id=395
raster_tex_alpha: faces=4309001 id=389
raster_tex_alpha: faces=4309501 id=402
raster_tex_alpha: faces=4310001 id=374
raster_tex_alpha: faces=4310501 id=378
raster_tex_alpha: faces=4311001 id=378
raster_tex_alpha: faces=4311501 id=378
raster_tex_alpha: faces=4312001 id=378
raster_tex_alpha: faces=4312501 id=378
raster_tex_alpha: faces=4313001 id=348
raster_tex_alpha: faces=4313501 id=378
raster_tex_alpha: faces=4314001 id=355
raster_tex_alpha: faces=4314501 id=389
raster_tex_alpha: faces=4315001 id=378
raster_tex_alpha: faces=4315501 id=402
raster_tex_alpha: faces=4316001 id=450
raster_tex_alpha: faces=4316501 id=374
raster_tex_alpha: faces=4317001 id=378
raster_tex_alpha: faces=4317501 id=449
raster_tex_alpha: faces=4318001 id=378
raster_tex_alpha: faces=4318501 id=378
raster_tex_alpha: faces=4319001 id=348
raster_tex_alpha: faces=4319501 id=348
raster_tex_alpha: faces=4320001 id=394
raster_tex_alpha: faces=4320501 id=433
raster_tex_alpha: faces=4321001 id=378
raster_tex_alpha: faces=4321501 id=394
raster_tex_alpha: faces=4322001 id=450
raster_tex_alpha: faces=4322501 id=374
raster_tex_alpha: faces=4323001 id=268
raster_tex_alpha: faces=4323501 id=449
raster_tex_alpha: faces=4324001 id=378
raster_tex_alpha: faces=4324501 id=378
raster_tex_alpha: faces=4325001 id=378
raster_tex_alpha: faces=4325501 id=378
raster_tex_alpha: faces=4326001 id=378
raster_tex_alpha: faces=4326501 id=389
raster_tex_alpha: faces=4327001 id=389
raster_tex_alpha: faces=4327501 id=394
raster_tex_alpha: faces=4328001 id=450
raster_tex_alpha: faces=4328501 id=378
raster_tex_alpha: faces=4329001 id=374
raster_tex_alpha: faces=4329501 id=408
raster_tex_alpha: faces=4330001 id=378
raster_tex_alpha: faces=4330501 id=394
raster_tex_alpha: faces=4331001 id=378
raster_tex_alpha: faces=4331501 id=302
raster_tex_alpha: faces=4332001 id=378
raster_tex_alpha: faces=4332501 id=394
raster_tex_alpha: faces=4333001 id=394
raster_tex_alpha: faces=4333501 id=378
raster_tex_alpha: faces=4334001 id=449
raster_tex_alpha: faces=4334501 id=378
raster_tex_alpha: faces=4335001 id=374
raster_tex_alpha: faces=4335501 id=408
raster_tex_alpha: faces=4336001 id=389
raster_tex_alpha: faces=4336501 id=378
raster_tex_alpha: faces=4337001 id=378
raster_tex_alpha: faces=4337501 id=378
raster_tex_alpha: faces=4338001 id=389
raster_tex_alpha: faces=4338501 id=389
raster_tex_alpha: faces=4339001 id=394
raster_tex_alpha: faces=4339501 id=358
raster_tex_alpha: faces=4340001 id=450
raster_tex_alpha: faces=4340501 id=378
raster_tex_alpha: faces=4341001 id=378
raster_tex_alpha: faces=4341501 id=408
raster_tex_alpha: faces=4342001 id=389
raster_tex_alpha: faces=4342501 id=348
raster_tex_alpha: faces=4343001 id=378
raster_tex_alpha: faces=4343501 id=348
raster_tex_alpha: faces=4344001 id=378
raster_tex_alpha: faces=4344501 id=378
raster_tex_alpha: faces=4345001 id=394
raster_tex_alpha: faces=4345501 id=395
raster_tex_alpha: faces=4346001 id=449
raster_tex_alpha: faces=4346501 id=378
raster_tex_alpha: faces=4347001 id=374
raster_tex_alpha: faces=4347501 id=406
raster_tex_alpha: faces=4348001 id=378
raster_tex_alpha: faces=4348501 id=378
raster_tex_alpha: faces=4349001 id=378
raster_tex_alpha: faces=4349501 id=378
raster_tex_alpha: faces=4350001 id=302
raster_tex_alpha: faces=4350501 id=378
raster_tex_alpha: faces=4351001 id=334
raster_tex_alpha: faces=4351501 id=334
raster_tex_alpha: faces=4352001 id=402
raster_tex_alpha: faces=4352501 id=378
raster_tex_alpha: faces=4353001 id=378
raster_tex_alpha: faces=4353501 id=408
raster_tex_alpha: faces=4354001 id=378
raster_tex_alpha: faces=4354501 id=378
raster_tex_alpha: faces=4355001 id=355
raster_tex_alpha: faces=4355501 id=378
raster_tex_alpha: faces=4356001 id=389
raster_tex_alpha: faces=4356501 id=378
raster_tex_alpha: faces=4357001 id=378
raster_tex_alpha: faces=4357501 id=378
raster_tex_alpha: faces=4358001 id=402
raster_tex_alpha: faces=4358501 id=450
raster_tex_alpha: faces=4359001 id=378
raster_tex_alpha: faces=4359501 id=378
raster_tex_alpha: faces=4360001 id=450
raster_tex_alpha: faces=4360501 id=378
raster_tex_alpha: faces=4361001 id=378
raster_tex_alpha: faces=4361501 id=389
raster_tex_alpha: faces=4362001 id=378
raster_tex_alpha: faces=4362501 id=378
raster_tex_alpha: faces=4363001 id=378
raster_tex_alpha: faces=4363501 id=378
raster_tex_alpha: faces=4364001 id=395
raster_tex_alpha: faces=4364501 id=449
raster_tex_alpha: faces=4365001 id=378
raster_tex_alpha: faces=4365501 id=374
raster_tex_alpha: faces=4366001 id=449
raster_tex_alpha: faces=4366501 id=378
raster_tex_alpha: faces=4367001 id=348
raster_tex_alpha: faces=4367501 id=378
raster_tex_alpha: faces=4368001 id=395
raster_tex_alpha: faces=4368501 id=378
raster_tex_alpha: faces=4369001 id=394
raster_tex_alpha: faces=4369501 id=378
raster_tex_alpha: faces=4370001 id=459
raster_tex_alpha: faces=4370501 id=450
raster_tex_alpha: faces=4371001 id=268
raster_tex_alpha: faces=4371501 id=374
raster_tex_alpha: faces=4372001 id=408
raster_tex_alpha: faces=4372501 id=378
raster_tex_alpha: faces=4373001 id=348
raster_tex_alpha: faces=4373501 id=348
raster_tex_alpha: faces=4374001 id=303
raster_tex_alpha: faces=4374501 id=378
raster_tex_alpha: faces=4375001 id=389
raster_tex_alpha: faces=4375501 id=378
raster_tex_alpha: faces=4376001 id=459
raster_tex_alpha: faces=4376501 id=449
raster_tex_alpha: faces=4377001 id=378
raster_tex_alpha: faces=4377501 id=378
raster_tex_alpha: faces=4378001 id=406
raster_tex_alpha: faces=4378501 id=378
raster_tex_alpha: faces=4379001 id=378
raster_tex_alpha: faces=4379501 id=378
raster_tex_alpha: faces=4380001 id=378
raster_tex_alpha: faces=4380501 id=389
raster_tex_alpha: faces=4381001 id=378
raster_tex_alpha: faces=4381501 id=389
raster_tex_alpha: faces=4382001 id=378
raster_tex_alpha: faces=4382501 id=458
raster_tex_alpha: faces=4383001 id=378
raster_tex_alpha: faces=4383501 id=374
raster_tex_alpha: faces=4384001 id=406
raster_tex_alpha: faces=4384501 id=378
raster_tex_alpha: faces=4385001 id=378
raster_tex_alpha: faces=4385501 id=303
raster_tex_alpha: faces=4386001 id=389
raster_tex_alpha: faces=4386501 id=378
raster_tex_alpha: faces=4387001 id=378
raster_tex_alpha: faces=4387501 id=389
raster_tex_alpha: faces=4388001 id=395
raster_tex_alpha: faces=4388501 id=449
raster_tex_alpha: faces=4389001 id=378
raster_tex_alpha: faces=4389501 id=378
raster_tex_alpha: faces=4390001 id=408
raster_tex_alpha: faces=4390501 id=378
raster_tex_alpha: faces=4391001 id=378
raster_tex_alpha: faces=4391501 id=378
raster_tex_alpha: faces=4392001 id=378
raster_tex_alpha: faces=4392501 id=395
raster_tex_alpha: faces=4393001 id=355
raster_tex_alpha: faces=4393501 id=378
raster_tex_alpha: faces=4394001 id=433
raster_tex_alpha: faces=4394501 id=380
raster_tex_alpha: faces=4395001 id=378
raster_tex_alpha: faces=4395501 id=378
raster_tex_alpha: faces=4396001 id=378
raster_tex_alpha: faces=4396501 id=378
raster_tex_alpha: faces=4397001 id=378
raster_tex_alpha: faces=4397501 id=378
raster_tex_alpha: faces=4398001 id=348
raster_tex_alpha: faces=4398501 id=281
raster_tex_alpha: faces=4399001 id=355
raster_tex_alpha: faces=4399501 id=334
raster_tex_alpha: faces=4400001 id=334
raster_tex_alpha: faces=4400501 id=402
raster_tex_alpha: faces=4401001 id=450
raster_tex_alpha: faces=4401501 id=378
raster_tex_alpha: faces=4402001 id=378
raster_tex_alpha: faces=4402501 id=449
raster_tex_alpha: faces=4403001 id=378
raster_tex_alpha: faces=4403501 id=348
raster_tex_alpha: faces=4404001 id=302
raster_tex_alpha: faces=4404501 id=348
raster_tex_alpha: faces=4405001 id=394
raster_tex_alpha: faces=4405501 id=394
raster_tex_alpha: faces=4406001 id=433
raster_tex_alpha: faces=4406501 id=394
raster_tex_alpha: faces=4407001 id=239
raster_tex_alpha: faces=4407501 id=374
raster_tex_alpha: faces=4408001 id=374
raster_tex_alpha: faces=4408501 id=406
raster_tex_alpha: faces=4409001 id=378
raster_tex_alpha: faces=4409501 id=355
raster_tex_alpha: faces=4410001 id=378
raster_tex_alpha: faces=4410501 id=395
raster_tex_alpha: faces=4411001 id=378
raster_tex_alpha: faces=4411501 id=334
raster_tex_alpha: faces=4412001 id=389
raster_tex_alpha: faces=4412501 id=378
raster_tex_alpha: faces=4413001 id=449
raster_tex_alpha: faces=4413501 id=378
raster_tex_alpha: faces=4414001 id=374
raster_tex_alpha: faces=4414501 id=406
raster_tex_alpha: faces=4415001 id=378
raster_tex_alpha: faces=4415501 id=348
raster_tex_alpha: faces=4416001 id=378
raster_tex_alpha: faces=4416501 id=303
raster_tex_alpha: faces=4417001 id=378
raster_tex_alpha: faces=4417501 id=389
raster_tex_alpha: faces=4418001 id=389
raster_tex_alpha: faces=4418501 id=433
raster_tex_alpha: faces=4419001 id=458
raster_tex_alpha: faces=4419501 id=374
raster_tex_alpha: faces=4420001 id=374
raster_tex_alpha: faces=4420501 id=406
raster_tex_alpha: faces=4421001 id=378
raster_tex_alpha: faces=4421501 id=378
raster_tex_alpha: faces=4422001 id=378
raster_tex_alpha: faces=4422501 id=303
raster_tex_alpha: faces=4423001 id=281
raster_tex_alpha: faces=4423501 id=378
raster_tex_alpha: faces=4424001 id=389
raster_tex_alpha: faces=4424501 id=334
raster_tex_alpha: faces=4425001 id=449
raster_tex_alpha: faces=4425501 id=378
raster_tex_alpha: faces=4426001 id=374
raster_tex_alpha: faces=4426501 id=406
raster_tex_alpha: faces=4427001 id=378
raster_tex_alpha: faces=4427501 id=348
raster_tex_alpha: faces=4428001 id=302
raster_tex_alpha: faces=4428501 id=303
raster_tex_alpha: faces=4429001 id=355
raster_tex_alpha: faces=4429501 id=395
raster_tex_alpha: faces=4430001 id=433
raster_tex_alpha: faces=4430501 id=334
raster_tex_alpha: faces=4431001 id=402
raster_tex_alpha: faces=4431501 id=378
raster_tex_alpha: faces=4432001 id=374
raster_tex_alpha: faces=4432501 id=408
raster_tex_alpha: faces=4433001 id=378
raster_tex_alpha: faces=4433501 id=348
raster_tex_alpha: faces=4434001 id=378
raster_tex_alpha: faces=4434501 id=378
raster_tex_alpha: faces=4435001 id=378
raster_tex_alpha: faces=4435501 id=378
raster_tex_alpha: faces=4436001 id=334
raster_tex_alpha: faces=4436501 id=389
raster_tex_alpha: faces=4437001 id=402
raster_tex_alpha: faces=4437501 id=458
raster_tex_alpha: faces=4438001 id=378
raster_tex_alpha: faces=4438501 id=378
raster_tex_alpha: faces=4439001 id=450
raster_tex_alpha: faces=4439501 id=389
raster_tex_alpha: faces=4440001 id=378
raster_tex_alpha: faces=4440501 id=389
raster_tex_alpha: faces=4441001 id=348
raster_tex_alpha: faces=4441501 id=378
raster_tex_alpha: faces=4442001 id=378
raster_tex_alpha: faces=4442501 id=334
raster_tex_alpha: faces=4443001 id=459
raster_tex_alpha: faces=4443501 id=449
raster_tex_alpha: faces=4444001 id=374
raster_tex_alpha: faces=4444501 id=378
raster_tex_alpha: faces=4445001 id=449
raster_tex_alpha: faces=4445501 id=378
raster_tex_alpha: faces=4446001 id=378
raster_tex_alpha: faces=4446501 id=378
raster_tex_alpha: faces=4447001 id=348
raster_tex_alpha: faces=4447501 id=378
raster_tex_alpha: faces=4448001 id=389
raster_tex_alpha: faces=4448501 id=389
raster_tex_alpha: faces=4449001 id=394
raster_tex_alpha: faces=4449501 id=447
raster_tex_alpha: faces=4450001 id=378
raster_tex_alpha: faces=4450501 id=374
raster_tex_alpha: faces=4451001 id=406
raster_tex_alpha: faces=4451501 id=378
raster_tex_alpha: faces=4452001 id=348
raster_tex_alpha: faces=4452501 id=378
raster_tex_alpha: faces=4453001 id=348
raster_tex_alpha: faces=4453501 id=389
raster_tex_alpha: faces=4454001 id=378
raster_tex_alpha: faces=4454501 id=389
raster_tex_alpha: faces=4455001 id=378
message_game: The Queen Black Dragon awakens!
raster_tex_alpha: faces=4455501 id=449
raster_tex_alpha: faces=4456001 id=378
raster_tex_alpha: faces=4456501 id=378
raster_tex_alpha: faces=4457001 id=406
raster_tex_alpha: faces=4457501 id=348
raster_tex_alpha: faces=4458001 id=348
raster_tex_alpha: faces=4458501 id=378
raster_tex_alpha: faces=4459001 id=378
raster_tex_alpha: faces=4459501 id=378
raster_tex_alpha: faces=4460001 id=378
raster_tex_alpha: faces=4460501 id=378
raster_tex_alpha: faces=4461001 id=394
raster_tex_alpha: faces=4461501 id=378
raster_tex_alpha: faces=4462001 id=334
raster_tex_alpha: faces=4462501 id=402
raster_tex_alpha: faces=4463001 id=450
raster_tex_alpha: faces=4463501 id=378
raster_tex_alpha: faces=4464001 id=378
raster_tex_alpha: faces=4464501 id=447
raster_tex_alpha: faces=4465001 id=303
raster_tex_alpha: faces=4465501 id=355
raster_tex_alpha: faces=4466001 id=378
raster_tex_alpha: faces=4466501 id=378
raster_tex_alpha: faces=4467001 id=389
raster_tex_alpha: faces=4467501 id=378
raster_tex_alpha: faces=4468001 id=394
raster_tex_alpha: faces=4468501 id=394
raster_tex_alpha: faces=4469001 id=378
raster_tex_alpha: faces=4469501 id=459
raster_tex_alpha: faces=4470001 id=447
raster_tex_alpha: faces=4470501 id=374
raster_tex_alpha: faces=4471001 id=378
raster_tex_alpha: faces=4471501 id=406
raster_tex_alpha: faces=4472001 id=378
raster_tex_alpha: faces=4472501 id=348
raster_tex_alpha: faces=4473001 id=355
raster_tex_alpha: faces=4473501 id=281
raster_tex_alpha: faces=4474001 id=378
raster_tex_alpha: faces=4474501 id=378
raster_tex_alpha: faces=4475001 id=380
raster_tex_alpha: faces=4475501 id=394
raster_tex_alpha: faces=4476001 id=389
raster_tex_alpha: faces=4476501 id=459
raster_tex_alpha: faces=4477001 id=394
raster_tex_alpha: faces=4477501 id=449
raster_tex_alpha: faces=4478001 id=378
raster_tex_alpha: faces=4478501 id=378
raster_tex_alpha: faces=4479001 id=449
raster_tex_alpha: faces=4479501 id=303
raster_tex_alpha: faces=4480001 id=303
raster_tex_alpha: faces=4480501 id=355
raster_tex_alpha: faces=4481001 id=378
raster_tex_alpha: faces=4481501 id=378
raster_tex_alpha: faces=4482001 id=378
raster_tex_alpha: faces=4482501 id=389
raster_tex_alpha: faces=4483001 id=389
raster_tex_alpha: faces=4483501 id=433
raster_tex_alpha: faces=4484001 id=378
raster_tex_alpha: faces=4484501 id=449
raster_tex_alpha: faces=4485001 id=378
raster_tex_alpha: faces=4485501 id=378
raster_tex_alpha: faces=4486001 id=408
raster_tex_alpha: faces=4486501 id=378
raster_tex_alpha: faces=4487001 id=355
raster_tex_alpha: faces=4487501 id=378
raster_tex_alpha: faces=4488001 id=378
raster_tex_alpha: faces=4488501 id=281
raster_tex_alpha: faces=4489001 id=378
raster_tex_alpha: faces=4489501 id=378
raster_tex_alpha: faces=4490001 id=378
raster_tex_alpha: faces=4490501 id=394
raster_tex_alpha: faces=4491001 id=459
raster_tex_alpha: faces=4491501 id=394
raster_tex_alpha: faces=4492001 id=449
raster_tex_alpha: faces=4492501 id=378
raster_tex_alpha: faces=4493001 id=378
raster_tex_alpha: faces=4493501 id=406
raster_tex_alpha: faces=4494001 id=302
raster_tex_alpha: faces=4494501 id=348
raster_tex_alpha: faces=4495001 id=378
raster_tex_alpha: faces=4495501 id=378
raster_tex_alpha: faces=4496001 id=378
raster_tex_alpha: faces=4496501 id=459
raster_tex_alpha: faces=4497001 id=380
raster_tex_alpha: faces=4497501 id=378
raster_tex_alpha: faces=4498001 id=389
raster_tex_alpha: faces=4498501 id=334
raster_tex_alpha: faces=4499001 id=394
raster_tex_alpha: faces=4499501 id=449
raster_tex_alpha: faces=4500001 id=374
raster_tex_alpha: faces=4500501 id=268
raster_tex_alpha: faces=4501001 id=449
raster_tex_alpha: faces=4501501 id=378
raster_tex_alpha: faces=4502001 id=378
raster_tex_alpha: faces=4502501 id=378
raster_tex_alpha: faces=4503001 id=378
raster_tex_alpha: faces=4503501 id=378
raster_tex_alpha: faces=4504001 id=378
raster_tex_alpha: faces=4504501 id=378
raster_tex_alpha: faces=4505001 id=380
raster_tex_alpha: faces=4505501 id=378
raster_tex_alpha: faces=4506001 id=380
raster_tex_alpha: faces=4506501 id=402
raster_tex_alpha: faces=4507001 id=378
raster_tex_alpha: faces=4507501 id=378
raster_tex_alpha: faces=4508001 id=378
raster_tex_alpha: faces=4508501 id=378
raster_tex_alpha: faces=4509001 id=348
raster_tex_alpha: faces=4509501 id=378
raster_tex_alpha: faces=4510001 id=378
raster_tex_alpha: faces=4510501 id=378
raster_tex_alpha: faces=4511001 id=389
raster_tex_alpha: faces=4511501 id=334
raster_tex_alpha: faces=4512001 id=334
raster_tex_alpha: faces=4512501 id=389
raster_tex_alpha: faces=4513001 id=389
raster_tex_alpha: faces=4513501 id=394
raster_tex_alpha: faces=4514001 id=449
raster_tex_alpha: faces=4514501 id=378
raster_tex_alpha: faces=4515001 id=378
raster_tex_alpha: faces=4515501 id=408
raster_tex_alpha: faces=4516001 id=378
raster_tex_alpha: faces=4516501 id=348
raster_tex_alpha: faces=4517001 id=281
raster_tex_alpha: faces=4517501 id=378
raster_tex_alpha: faces=4518001 id=378
raster_tex_alpha: faces=4518501 id=378
raster_tex_alpha: faces=4519001 id=378
raster_tex_alpha: faces=4519501 id=389
raster_tex_alpha: faces=4520001 id=389
raster_tex_alpha: faces=4520501 id=394
raster_tex_alpha: faces=4521001 id=402
raster_tex_alpha: faces=4521501 id=239
raster_tex_alpha: faces=4522001 id=378
raster_tex_alpha: faces=4522501 id=378
raster_tex_alpha: faces=4523001 id=458
raster_tex_alpha: faces=4523501 id=378
raster_tex_alpha: faces=4524001 id=281
raster_tex_alpha: faces=4524501 id=378
raster_tex_alpha: faces=4525001 id=378
raster_tex_alpha: faces=4525501 id=378
raster_tex_alpha: faces=4526001 id=378
raster_tex_alpha: faces=4526501 id=380
raster_tex_alpha: faces=4527001 id=394
raster_tex_alpha: faces=4527501 id=389
raster_tex_alpha: faces=4528001 id=395
raster_tex_alpha: faces=4528501 id=449
raster_tex_alpha: faces=4529001 id=378
raster_tex_alpha: faces=4529501 id=378
raster_tex_alpha: faces=4530001 id=406
raster_tex_alpha: faces=4530501 id=378
raster_tex_alpha: faces=4531001 id=378
raster_tex_alpha: faces=4531501 id=281
raster_tex_alpha: faces=4532001 id=378
raster_tex_alpha: faces=4532501 id=380
raster_tex_alpha: faces=4533001 id=334
raster_tex_alpha: faces=4533501 id=378
raster_tex_alpha: faces=4534001 id=402
raster_tex_alpha: faces=4534501 id=378
raster_tex_alpha: faces=4535001 id=459
raster_tex_alpha: faces=4535501 id=402
raster_tex_alpha: faces=4536001 id=378
raster_tex_alpha: faces=4536501 id=378
raster_tex_alpha: faces=4537001 id=408
raster_tex_alpha: faces=4537501 id=378
raster_tex_alpha: faces=4538001 id=348
raster_tex_alpha: faces=4538501 id=378
raster_tex_alpha: faces=4539001 id=355
raster_tex_alpha: faces=4539501 id=378
raster_tex_alpha: faces=4540001 id=378
raster_tex_alpha: faces=4540501 id=378
raster_tex_alpha: faces=4541001 id=378
raster_tex_alpha: faces=4541501 id=389
raster_tex_alpha: faces=4542001 id=378
raster_tex_alpha: faces=4542501 id=394
raster_tex_alpha: faces=4543001 id=450
raster_tex_alpha: faces=4543501 id=374
raster_tex_alpha: faces=4544001 id=268
raster_tex_alpha: faces=4544501 id=406
raster_tex_alpha: faces=4545001 id=348
raster_tex_alpha: faces=4545501 id=348
raster_tex_alpha: faces=4546001 id=281
raster_tex_alpha: faces=4546501 id=378
raster_tex_alpha: faces=4547001 id=378
raster_tex_alpha: faces=4547501 id=378
raster_tex_alpha: faces=4548001 id=389
raster_tex_alpha: faces=4548501 id=389
raster_tex_alpha: faces=4549001 id=380
raster_tex_alpha: faces=4549501 id=378
raster_tex_alpha: faces=4550001 id=449
raster_tex_alpha: faces=4550501 id=374
raster_tex_alpha: faces=4551001 id=378
raster_tex_alpha: faces=4551501 id=406
raster_tex_alpha: faces=4552001 id=303
raster_tex_alpha: faces=4552501 id=378
raster_tex_alpha: faces=4553001 id=378
raster_tex_alpha: faces=4553501 id=281
raster_tex_alpha: faces=4554001 id=378
raster_tex_alpha: faces=4554501 id=378
raster_tex_alpha: faces=4555001 id=334
raster_tex_alpha: faces=4555501 id=358
raster_tex_alpha: faces=4556001 id=389
raster_tex_alpha: faces=4556501 id=394
raster_tex_alpha: faces=4557001 id=394
raster_tex_alpha: faces=4557501 id=449
raster_tex_alpha: faces=4558001 id=374
raster_tex_alpha: faces=4558501 id=378
raster_tex_alpha: faces=4559001 id=449
raster_tex_alpha: faces=4559501 id=395
raster_tex_alpha: faces=4560001 id=303
raster_tex_alpha: faces=4560501 id=378
raster_tex_alpha: faces=4561001 id=378
raster_tex_alpha: faces=4561501 id=378
raster_tex_alpha: faces=4562001 id=378
raster_tex_alpha: faces=4562501 id=389
raster_tex_alpha: faces=4563001 id=389
raster_tex_alpha: faces=4563501 id=389
raster_tex_alpha: faces=4564001 id=378
raster_tex_alpha: faces=4564501 id=449
raster_tex_alpha: faces=4565001 id=378
raster_tex_alpha: faces=4565501 id=378
raster_tex_alpha: faces=4566001 id=406
raster_tex_alpha: faces=4566501 id=348
raster_tex_alpha: faces=4567001 id=348
raster_tex_alpha: faces=4567501 id=281
raster_tex_alpha: faces=4568001 id=378
raster_tex_alpha: faces=4568501 id=389
raster_tex_alpha: faces=4569001 id=378
raster_tex_alpha: faces=4569501 id=378
raster_tex_alpha: faces=4570001 id=334
raster_tex_alpha: faces=4570501 id=389
raster_tex_alpha: faces=4571001 id=394
raster_tex_alpha: faces=4571501 id=402
raster_tex_alpha: faces=4572001 id=450
raster_tex_alpha: faces=4572501 id=378
raster_tex_alpha: faces=4573001 id=378
raster_tex_alpha: faces=4573501 id=450
raster_tex_alpha: faces=4574001 id=378
raster_tex_alpha: faces=4574501 id=348
raster_tex_alpha: faces=4575001 id=378
raster_tex_alpha: faces=4575501 id=378
raster_tex_alpha: faces=4576001 id=378
raster_tex_alpha: faces=4576501 id=378
raster_tex_alpha: faces=4577001 id=378
raster_tex_alpha: faces=4577501 id=389
raster_tex_alpha: faces=4578001 id=389
raster_tex_alpha: faces=4578501 id=394
raster_tex_alpha: faces=4579001 id=449
raster_tex_alpha: faces=4579501 id=374
raster_tex_alpha: faces=4580001 id=268
raster_tex_alpha: faces=4580501 id=406
raster_tex_alpha: faces=4581001 id=348
raster_tex_alpha: faces=4581501 id=378
raster_tex_alpha: faces=4582001 id=433
raster_tex_alpha: faces=4582501 id=378
raster_tex_alpha: faces=4583001 id=378
raster_tex_alpha: faces=4583501 id=378
raster_tex_alpha: faces=4584001 id=389
raster_tex_alpha: faces=4584501 id=389
raster_tex_alpha: faces=4585001 id=380
raster_tex_alpha: faces=4585501 id=459
raster_tex_alpha: faces=4586001 id=450
raster_tex_alpha: faces=4586501 id=378
raster_tex_alpha: faces=4587001 id=378
raster_tex_alpha: faces=4587501 id=406
raster_tex_alpha: faces=4588001 id=303
raster_tex_alpha: faces=4588501 id=378
raster_tex_alpha: faces=4589001 id=281
raster_tex_alpha: faces=4589501 id=378
raster_tex_alpha: faces=4590001 id=378
raster_tex_alpha: faces=4590501 id=389
raster_tex_alpha: faces=4591001 id=378
raster_tex_alpha: faces=4591501 id=378
raster_tex_alpha: faces=4592001 id=389
raster_tex_alpha: faces=4592501 id=395
raster_tex_alpha: faces=4593001 id=394
raster_tex_alpha: faces=4593501 id=449
raster_tex_alpha: faces=4594001 id=378
raster_tex_alpha: faces=4594501 id=374
raster_tex_alpha: faces=4595001 id=449
raster_tex_alpha: faces=4595501 id=378
raster_tex_alpha: faces=4596001 id=433
raster_tex_alpha: faces=4596501 id=355
raster_tex_alpha: faces=4597001 id=378
raster_tex_alpha: faces=4597501 id=389
raster_tex_alpha: faces=4598001 id=334
raster_tex_alpha: faces=4598501 id=389
raster_tex_alpha: faces=4599001 id=389
raster_tex_alpha: faces=4599501 id=389
raster_tex_alpha: faces=4600001 id=394
raster_tex_alpha: faces=4600501 id=449
raster_tex_alpha: faces=4601001 id=378
raster_tex_alpha: faces=4601501 id=374
raster_tex_alpha: faces=4602001 id=406
raster_tex_alpha: faces=4602501 id=302
raster_tex_alpha: faces=4603001 id=348
raster_tex_alpha: faces=4603501 id=281
raster_tex_alpha: faces=4604001 id=281
raster_tex_alpha: faces=4604501 id=378
raster_tex_alpha: faces=4605001 id=378
raster_tex_alpha: faces=4605501 id=378
raster_tex_alpha: faces=4606001 id=334
raster_tex_alpha: faces=4606501 id=389
raster_tex_alpha: faces=4607001 id=378
raster_tex_alpha: faces=4607501 id=402
raster_tex_alpha: faces=4608001 id=458
raster_tex_alpha: faces=4608501 id=378
raster_tex_alpha: faces=4609001 id=378
raster_tex_alpha: faces=4609501 id=458
raster_tex_alpha: faces=4610001 id=303
raster_tex_alpha: faces=4610501 id=281
raster_tex_alpha: faces=4611001 id=281
raster_tex_alpha: faces=4611501 id=378
raster_tex_alpha: faces=4612001 id=378
raster_tex_alpha: faces=4612501 id=380
raster_tex_alpha: faces=4613001 id=433
raster_tex_alpha: faces=4613501 id=389
raster_tex_alpha: faces=4614001 id=394
raster_tex_alpha: faces=4614501 id=394
raster_tex_alpha: faces=4615001 id=449
raster_tex_alpha: faces=4615501 id=378
raster_tex_alpha: faces=4616001 id=378
raster_tex_alpha: faces=4616501 id=408
raster_tex_alpha: faces=4617001 id=378
raster_tex_alpha: faces=4617501 id=348
raster_tex_alpha: faces=4618001 id=378
raster_tex_alpha: faces=4618501 id=378
raster_tex_alpha: faces=4619001 id=389
raster_tex_alpha: faces=4619501 id=378
raster_tex_alpha: faces=4620001 id=378
raster_tex_alpha: faces=4620501 id=389
raster_tex_alpha: faces=4621001 id=389
raster_tex_alpha: faces=4621501 id=394
raster_tex_alpha: faces=4622001 id=402
mock230: cannot replace saves/testc.ini
app: map archives are unencrypted at this revision
app: cache profile epoch=dat2 game=oldschool revision=239 quirks=none
varp load: 5725 types (5725 records, ids 0..5724)
varbit load: 20411 types (19086 records, ids 0..20410)
hitsplat load: 83 types (83 records)
soundscape load: 11 ids (10 records)
RevConfigBuild done: iface=161 ui=- inline=.\manifest_osrs239_rs2012.ini tree_components=1070 sprites=0 fonts=0 onloads=6 inv_hooks=0 var_hooks=6 mounts=0
wrote docs\halfd_models\client_ob3\bmp\frame.bmp
