test_id	human_name	has_cutscene	index	kind	where	participants	summary	evidence	evidence_at	source	confidence
animalmagnetism	Animal Magnetism	yes	1	scene	Transcript section 'Catching the chicken' -- after handing Malcolm the amulet and asking for chickens	Malcolm, Alice, Cow31337Killer, Sneaky undead fowl	Malcolm tries to catch a chicken while a fake player, Cow31337Killer, storms in and kills Bessie and steals feathers; player watches (quest has its own cutscene music).	An amusing cutscene will play, involving a fake player character named [[Cow31337Killer]].	page:77	https://oldschool.runescape.wiki/w/Animal_Magnetism?oldid=15327014	high
anothersliceofham	Another Slice of H.A.M.	yes	1	scene	Transcript sections after teleporting to Goblin Village and 'The goblin generals' -- talking to a general	Zanik, General Wartface, General Bentnoze, Grubfoot	Screen fades to black on arrival, then a cutscene of the generals meeting Zanik and the player, fading out to the generals addressing the village, ending with the H.A.M. attack.	* {{qact|A cutscene of the generals meeting with Zanik and the player with Grubfoot in the background}}	transcript:418	https://oldschool.runescape.wiki/w/Transcript:Another_Slice_of_H.A.M.?oldid=15263379	high
anothersliceofham	Another Slice of H.A.M.	yes	2	scene	Transcript section following the H.A.M. tower fight in Goblin Village -- automatic after killing the H.A.M. units	Sigmund, Zanik, General Wartface, General Bentnoze	Sigmund attacks Zanik in the village, throws a flashbang and backs out holding her hostage; generals then send sergeants and give the ancient mace.	* {{qact|Sigmund throws a flashbang on the ground and bright white light flashes.}}	transcript:490	https://oldschool.runescape.wiki/w/Transcript:Another_Slice_of_H.A.M.?oldid=15263379	high
anothersliceofham	Another Slice of H.A.M.	yes	3	camera	Transcript section 'The under-underground' -- entering the guarded tunnel with the sergeants	Guard, Sergeant Mossfists, Sergeant Slimetoes	Shoulder view from the guard to the player and goblin sergeants, then a fade out as the guard runs off.	* {{qact|Shoulder view from the guard to the player and goblin sergeants}}	transcript:576	https://oldschool.runescape.wiki/w/Transcript:Another_Slice_of_H.A.M.?oldid=15263379	medium
anothersliceofham	Another Slice of H.A.M.	yes	4	scene	Transcript section 'Climbing down to the railway' -- on reaching the railway	Sigmund, Zanik	A cutscene shows Sigmund with Zanik tied to the tracks and ends with the fight starting.	* {{qact|Sigmund has Zanik tied to the train tracks.}}	transcript:636	https://oldschool.runescape.wiki/w/Transcript:Another_Slice_of_H.A.M.?oldid=15263379	high
anothersliceofham	Another Slice of H.A.M.	yes	5	scene	Transcript section 'Defeating Sigmund' -- after untying Zanik	Ur-tag, Zanik	Final cutscene: the train jumps past, then the grand opening of the Dorgesh-Kaan - Keldagrim train line with a cheering crowd.	* {{qact|Back at the train junction...}}	transcript:669	https://oldschool.runescape.wiki/w/Transcript:Another_Slice_of_H.A.M.?oldid=15263379	high
ascentofarceuus	The Ascent of Arceuus	no	0		Whole quest			Both greps returned nothing; only stage directions are 'The player enters the Tower.' (plain entry) and dialogue/item boxes; no camera, fade or watched scene.	transcript	https://oldschool.runescape.wiki/w/Transcript:The_Ascent_of_Arceuus?oldid=14761128	high
atailoftwocats	A Tail of Two Cats	yes	1	scene	Transcript section 'Cutscene' -- after asking the Sphinx for help and choosing 'View the cutscene (5 mins 20 secs).'	Sphinx, Bob, Robert the Strong, Odysseus, Dragonkin	Bob is hypnotised and the player watches his memory of Robert the Strong and Odysseus fighting a dragonkin at Dragonkin Castle (optional; a summary can be chosen instead).	A cutscene appears showing the Dragonkin castle	transcript:353	https://oldschool.runescape.wiki/w/Transcript:A_Tail_of_Two_Cats?oldid=15326885	high
atailoftwocats	A Tail of Two Cats	yes	2	scene	Transcript section 'Back to Bob' -- at the end of the quest when Bob recounts his travels with Neite	Bob, Neite, King Black Dragon	Cutscene of Bob and Neite's adventures: a magic carpet ride over Sophanem, meeting the King Black Dragon and a ship at sea.	A cutscene begins at a Sophanem	transcript:635	https://oldschool.runescape.wiki/w/Transcript:A_Tail_of_Two_Cats?oldid=15326885	high
atfirstlight	At First Light	no	0					Rejected hit: 'You see that the cat's bed is unsurprisingly still in need of repairs.' (item inspection tbox); page grep empty except a Map zoom param	transcript:165	https://oldschool.runescape.wiki/w/Transcript:At_First_Light?oldid=15104140	high
bearyoursoul	Bear Your Soul	no	0					Miniquest transcript is a short dialogue with Aretha and the Key Master; only tact 'The Key Master repairs your soul bearer' and no grep hits for cutscene/camera/fade	transcript:38	https://oldschool.runescape.wiki/w/Transcript:Bear_Your_Soul?oldid=15263179	high
belowicemountain	Below Ice Mountain	yes	1	scene	Walkthrough / transcript 'Talking to Atlas' -- agreeing to the free training session	Atlas	Long cutscene of training regimens (player runs north to Varrock castle steps, throwing of tomato, workout montage) that unlocks the Flex emote.	A long cutscene of training regimens will ensue, which afterward will unlock the [[Flex]] emote.	page:58	https://oldschool.runescape.wiki/w/Below_Ice_Mountain?oldid=15355831	high
belowicemountain	Below Ice Mountain	yes	2	scene	Transcript section 'Rock, paper, scissors' -- playing Burntof	Burntof,Tina	Cutscene in which Burntof explains the rules and plays best-of-three rock paper scissors with the player while Tina brings a drink.	Cutscene starts.	transcript:279	https://oldschool.runescape.wiki/w/Transcript:Below_Ice_Mountain?oldid=15263419	high
belowicemountain	Below Ice Mountain	yes	3	scene	Transcript -- talking to Willow at the ruins after recruiting everyone, choosing 'Yes'	Willow,Burntof,Checkal,Marley,Ancient Guardian	Crew blasts and clears the rubble with fades, camera shifts to Marley inside the ruins, everyone enters, the Ancient Guardian awakens and the crew flees, ending with a fade.	Screen fades to black and the cutscene ends.	transcript:568	https://oldschool.runescape.wiki/w/Transcript:Below_Ice_Mountain?oldid=15263419	high
beneathcursedsands	Beneath Cursed Sands	yes	1	camera	"Transcript section 'Talking to Maisa' -- after choosing ""Let's go."""	Maisa, Citizen, Menaphite Guard	The player and Maisa arrive at the necropolis and the scene shows citizens mining and excavating under watch of Menaphite Guards.	{{qact|A cutscene starts. The player and Maisa arrive at the necropolis. Citizens can be seen mining and excavating, watched by Menaphite Guards.}}	transcript:101	https://oldschool.runescape.wiki/w/Transcript:Beneath_Cursed_Sands?oldid=15352481	high
beneathcursedsands	Beneath Cursed Sands	yes	2	scene	Transcript section 'Guard cutscene' -- after inspecting the blocked entry and talking to a citizen or guard	Head Menaphite Guard, Menaphite Guard, Maisa	The player is approached by the Head Menaphite Guard and two Menaphite Guards; Maisa steps in, then the cutscene ends into the boss fight.	{{qact|A cutscene plays. The player is approached by a Head Menaphite Guard and two Menaphite Guards.}}	transcript:183	https://oldschool.runescape.wiki/w/Transcript:Beneath_Cursed_Sands?oldid=15352481	high
beneathcursedsands	Beneath Cursed Sands	yes	3	scene	Transcript section 'The Ruins of Ullek' -- on unlocking the upstairs door with the rusty key, before 'Talking to the Spirit'	Spirit	A cutscene begins after the key unlocks the door, leading into the conversation with the Spirit of Mehhar.	{{tact|Cutscene begins.}}	transcript:544	https://oldschool.runescape.wiki/w/Transcript:Beneath_Cursed_Sands?oldid=15352481	medium
beneathcursedsands	Beneath Cursed Sands	yes	4	camera	Transcript section 'Fight with the Menaphite Akh' -- talking to Maisa at the necropolis and agreeing to go	Maisa, Guard, Citizen, Osman	Player and Maisa walk to the guards, the incantation frees the citizens, the scene pans to the Jaltevas Pyramid entrance, then to Maisa's camp where Osman appears; ends in the Akh fight.	{{qact|The scene pans to the Jaltevas Pyramid entrance.}}	transcript:1025	https://oldschool.runescape.wiki/w/Transcript:Beneath_Cursed_Sands?oldid=15352481	high
beneathcursedsands	Beneath Cursed Sands	yes	5	camera	Transcript section 'Talking to Maisa or the High Priest' -- after the Akh fight, speaking to the High Priest or Maisa in Sophanem	High Priest, Maisa, Pharaoh Kemesis, Jabari, Coenus, Menaphite Guard	The player waits with the priests at the bridge and the scene pans to Pharaoh Kemesis and his entourage arriving; quest ends. Page mentions a final cutscene.	{{qact|The scene pans to the bridge. Pharaoh Kemesis, Jabari, Coenus, and several Menaphite Guards can be seen. The Pharaoh walks towards the middle of the bridge.}}	transcript:1165	https://oldschool.runescape.wiki/w/Transcript:Beneath_Cursed_Sands?oldid=15352481	high
betweenarock	Between a Rock...	yes	1	scene	Walkthrough -- talking to Dondakan about the granite boots on the second visit	Dondakan the Dwarf	Short cutscene in which Dondakan walks up the passage, kicks the rock in his granite boots and walks back.	Dondakan walks up the passage, kicks it, and walks back.	transcript:250	https://oldschool.runescape.wiki/w/Transcript:Between_a_Rock...?oldid=15278849	medium
betweenarock	Between a Rock...	yes	2	scene	Transcript section 'Talking to Dondakan' -- giving him the golden cannonball to fire	Dondakan the Dwarf	The cannon fires the golden cannonball through the rock passage while the player watches.	The cannon fires the golden cannonball through the passage	transcript:317	https://oldschool.runescape.wiki/w/Transcript:Between_a_Rock...?oldid=15278849	low
betweenarock	Between a Rock...	yes	3	fade	Transcript section 'Talking to Dondakan' -- with helmet and schematics, choosing 'You may fire when ready!' and not skipping	Dondakan the Dwarf, Arzinian Being of Bordanzan	A cutscene where the player enters the cannon; the screen fades to black as it fires and cuts to the player flying into the mine inside the rock. A 'Skip cutscene?' option is offered.	The screen fades to black as the cannon fires. The screen cuts to the player flying into Dondakan's mine	transcript:589	https://oldschool.runescape.wiki/w/Transcript:Between_a_Rock...?oldid=15278849	high
bonevoyage	Bone Voyage	no	0					Rejected hits: page 'log in screen' (a login-screen competition, line 124); no scene/fade/camera terms in transcript. The voyage is a player-steered barge minigame and crew passing out is a tbox line.	page:124	https://oldschool.runescape.wiki/w/Bone_Voyage?oldid=15345604	high
cabinfever	Cabin Fever	yes	1	camera	Walkthrough section on sailing -- as soon as you leave port	Bill Teach, enemy pirates	An enemy pirate ship fires on The Adventurous, destroying the hull and cannon; Bill tells you to take out their cannon (transcript section 'Cutscene on the ship').	As soon as you leave port, you see a [[cutscene]], where an enemy pirate ship starts firing on ''The Adventurous''	page:57	https://oldschool.runescape.wiki/w/Cabin_Fever?oldid=15343273	high
cabinfever	Cabin Fever	yes	2	scene	Walkthrough section 'Shooting at the enemy ship' -- after the third cannon hit on the enemy ship	Bill Teach, Mama Le'Fiette	End-of-quest cutscene: Bill talks with Mama Le'Fiette in The Other Inn and gives you the Book o' Piracy.	Following your third hit of the enemy pirate ship, you see a [[cutscene]] with [[Bill Teach]] talking with [[Mama|Mama Le'Fiette]]	page:134	https://oldschool.runescape.wiki/w/Cabin_Fever?oldid=15343273	high
childrenofthesun	Children of the Sun	yes	1	scene	Transcript section 'Talking to Noah or Alina' -- asking when the delegation will arrive	Noah, Alina, King Roald, Aeonisig Raispher, Prince Itzla Arkan, Servius, Furia Tullus, Ennius Tullus, Knights of Varlamore	Scene of the Varlamore delegation arriving at the Varrock fountain and approaching King Roald, with a suspicious guard leaving the palace walls.	which will begin a cutscene.	page:33	https://oldschool.runescape.wiki/w/Children_of_the_Sun?oldid=15241067	high
childrenofthesun	Children of the Sun	yes	2	scene	Transcript section 'Successfully following the guard' -- after tailing the guard to the building near Aubury's shop	Guard, Bandit (red hood), Bandit (woman), Bandit (bearded), Bandit (tanned)	Player listens from a window as four bandits and the guard plan to attack the delegation as it leaves.	A cutscene begins. The player listens in on four bandits and the guard from a window outside the building.	transcript:122	https://oldschool.runescape.wiki/w/Transcript:Children_of_the_Sun?oldid=15029036	high
childrenofthesun	Children of the Sun	yes	3	scene	Transcript section 'Talking again after starting the interrogation cutscene' -- in the palace roof cell after the guards are marked	Prince Itzla Arkan, Sergeant Tobyn, Bandit	Prince Itzla interrogates one of the bandits with the player's help and learns they were hired to kill Servius.	A cutscene will play where Prince Itzla interrogates one of the bandits	page:64	https://oldschool.runescape.wiki/w/Children_of_the_Sun?oldid=15241067	high
clientofkourend	Client of Kourend	no	0					Rejected hits: 'zoom=0' map parameter on page; 'peek' in Leenz dialogue. The orb shattering and Veos' client reveal are plain dialogue and tbox messages with no camera or fade	page:46	https://oldschool.runescape.wiki/w/Client_of_Kourend?oldid=15315592	high
coldwar	Cold War	yes	1	scene	Transcript 'After observing the penguins' / 'With a fully built hideout' -- speaking to Larry to start observing	Larry, penguins	Larry and the player enter the hideout and a small cutscene shows two penguins greeting each other with emotes (the emote code to remember).	Larry and the player go into the hideout and a small cutscene begins observing two penguins.	transcript:94	https://oldschool.runescape.wiki/w/Transcript:Cold_War?oldid=15263373	high
coldwar	Cold War	yes	2	fade	Transcript 'Speaking to Larry at the Zoo or Relekka' / 'Second iceberg visit' -- travelling to the iceberg	Larry	Screen fades and the player is transported to the iceberg.	Screen fades and the player is transported to the iceberg	transcript:167	https://oldschool.runescape.wiki/w/Transcript:Cold_War?oldid=15263373	medium
coldwar	Cold War	yes	3	scene	Walkthrough section on the outpost -- exiting the door at the end of the corridor inside the outpost	penguins	A small cutscene shows a penguin army, revealing their devious intentions.	you shall see a small [[cutscene]] showing a penguin army!	page:169	https://oldschool.runescape.wiki/w/Cold_War?oldid=15315223	high
coldwar	Cold War	yes	4	scene	Walkthrough -- after finishing the agility course	player	A small cutscene shows the player sliding down a hill.	After that, you will see a small [[cutscene]] of you sliding down a hill.	page:184	https://oldschool.runescape.wiki/w/Cold_War?oldid=15315223	high
coldwar	Cold War	yes	5	scene	Transcript 'The iceberg's history song' -- asking penguins in the nearby room about the door and using the cowbell and bongos	Ping, Pong, guard penguin	A cutscene shows Ping and Pong performing a song while the guard is distracted and the player slips out.	A cutscene shows Ping and Pong performing a song	transcript:733	https://oldschool.runescape.wiki/w/Transcript:Cold_War?oldid=15263373	high
coldwar	Cold War	yes	6	scene	Transcript 'Entering the secret room' -- entering the war room	Pescaling Pax, penguins, player	A cutscene shows the player being caught (anti-magic reverts the suit) while the penguins plan world takeover; the player is sent to the Ice Lords.	A cutscene shows the player being caught	transcript:762	https://oldschool.runescape.wiki/w/Transcript:Cold_War?oldid=15263373	high
coldwar	Cold War	yes	7	scene	Transcript 'After escaping the Ice Lords' -- at quest end	Larry	Screen fades into a brief cutscene of a giant penguin suit under construction in the outpost, then returns to the player before the quest complete scroll.	The screen fades into a brief cutscene showing a giant penguin suit under construction within their outpost before returning to the player.	transcript:791	https://oldschool.runescape.wiki/w/Transcript:Cold_War?oldid=15263373	high
contact	Contact!	yes	1	scene	Transcript section 'Cut scene 1 - Sophanem and Menaphos meet' -- after asking the High Priest what happened with Menaphos	High Priest, Coenus	Shows the Sophanem delegation on the bridge where Coenus orders archers to fire.	A short cutscene will play, showing the moment where the Menaphos gatekeeper [[Coenus]] opened fire on the Sophanem delegation.	page:63	https://oldschool.runescape.wiki/w/Contact%21?oldid=15327950	high
contact	Contact!	yes	2	scene	Transcript section 'Cut scene 2 - Osman sneaks into Sophanem' -- on returning to Sophanem to Osman	Osman, Jex	Osman sneaks into the city and knocks Jex unconscious.	A short cutscene will play in which Osman sneaks into the city, knocking the hapless [[Jex]] unconscious in the process.	page:135	https://oldschool.runescape.wiki/w/Contact%21?oldid=15327950	high
contact	Contact!	yes	3	scene	Transcript section 'Cut scene 3 - Osman and Maisa speak below Sophanem' -- going down the ladder in Sophanem Dungeon	Osman, Maisa, Giant Scarab	Osman and Maisa talk, the cave shakes, and the Giant Scarab forms; the boss fight begins when it ends.	As soon as you go down the ladder, you will see another cutscene.	page:141	https://oldschool.runescape.wiki/w/Contact%21?oldid=15327950	high
corsaircurse	The Corsair Curse	yes	1	camera	Transcript section 'Talking to Captain Tock' -- after agreeing to help with the curse	Captain Tock	A brief cutscene shows the location of Tock's boat at the western Rimmington dock.	a brief cutscene shows the location of his boat at the western Rimmington dock.	page:43	https://oldschool.runescape.wiki/w/The_Corsair_Curse?oldid=15352293	high
corsaircurse	The Corsair Curse	yes	2	scene	"Transcript section ""Colin's 'curse'"" -- talking to Colin, flashback to a few nights ago"	Cabin Boy Colin, Ithoi	Flashback cutscene of Colin using the telescope at Ithoi's hut repeatedly and shouting at a mermaid.	** {{qact|A flashback to a few nights ago...}}	transcript:215	https://oldschool.runescape.wiki/w/Transcript:The_Corsair_Curse?oldid=15284134	high
corsaircurse	The Corsair Curse	yes	3	scene	"Transcript section ""Gnocci's 'curse'"" -- talking to Gnocci, flashback to a few days ago"	Gnocci the Cook, possessed doll	Flashback cutscene shows Gnocci fishing for lobsters, then the possessed doll, and him burying it beneath a tree before running away.	** {{qact|A flashback to a few days ago...}}	transcript:294	https://oldschool.runescape.wiki/w/Transcript:The_Corsair_Curse?oldid=15284134	high
currentaffairs	Current Affairs	no	0		Whole quest		No cutscene; the grep found no hits in either file, and tbox lines are item pictures and dialogue only.	Councillor Catherine hands you a form.	transcript:59	https://oldschool.runescape.wiki/w/Transcript:Current_Affairs?oldid=15332933	high
curseofarrav	The Curse of Arrav	yes	1	camera	Walkthrough 'Hearty Heist' / transcript 'Talking to Elias' -- Elias explains the base security after you show him the base plans	Elias White	Six heist cutscene shots (files named 'heist cutscene 1-6') illustrate Elias's explanation of the detection spells, sewers, vault door, fire rays and pedestal; likely a camera view of the base while he speaks.	The Curse of Arrav - heist cutscene 1.png|Human detection spells...	page:115	https://oldschool.runescape.wiki/w/The_Curse_of_Arrav?oldid=15358079	medium
curseofarrav	The Curse of Arrav	yes	2	scene	Walkthrough 'Hearty Heist' / transcript 'Taking the heart' -- attempting to take the heart from the pedestal	Zemouregal, Sharathteerk, Arrav	Taking the heart initiates a cutscene where Zemouregal and Sharathteerk reveal they caught you and Zemouregal orders Arrav to kill you.	Attempt to take the heart from the pedestal to initiate a cutscene.	page:138	https://oldschool.runescape.wiki/w/The_Curse_of_Arrav?oldid=15358079	high
curseofarrav	The Curse of Arrav	yes	3	scene	Transcript 'Escaping and finishing up' -- after defeating Arrav	Zemouregal, Sharathteerk, Elias White, Arrav	Sharathteerk's teleport fails, Elias teleports in and chains Zemouregal and Sharathteerk, the player takes Arrav's heart, and Elias teleports the player out; page notes a final cutscene cures venom.	Venom is now cured when the final cutscene plays.	page:229	https://oldschool.runescape.wiki/w/The_Curse_of_Arrav?oldid=15358079	high
darknessofhallowvale	Darkness of Hallowvale	yes	1	scene	Transcript section 'Sketching the west side' -- while sketching the second sketch of Castle Drakan	Vanstrom Klause, Vanescula Drakan, Ranis Drakan	The scene changes to a view of three vampyres talking over a tray of blood tithe pouches; they eat, transform to vyre form and fly off, then the scene ends and the sketch completes.	* {{qact|The scene changes to a view of three vampyres talking over a tray of  [[blood tithe pouch]]es}}	transcript:1348	https://oldschool.runescape.wiki/w/Transcript:Darkness_of_Hallowvale?oldid=15355664	high
darknessofhallowvale	Darkness of Hallowvale	yes	2	scene	Walkthrough section 'Ambush!' / transcript 'Sketching the south side' -- attempting the third sketch at the south-east of the castle	Vanstrom Klause, Sarius Guile	Vanstrom appears on the wall beside you and attacks; you are knocked out after five hits, then Sarius Guile appears, dismisses Vanstrom and wakes you to give the message riddle.	After a short cutscene, [[Vanstrom Klause]] will interrupt your drawing and attack you.	page:275	https://oldschool.runescape.wiki/w/Darkness_of_Hallowvale?oldid=15355656	high
deathontheisle	Death on the Isle	no	0					Rejected: 'flee the scene'/'crime scene' (plain dialogue); 'Player is transported to a small room' and 'transported to the stage' are plain teleports; stage play is player-driven dialogue/attacks; no camera/fade text.	transcript:401	https://oldschool.runescape.wiki/w/Transcript:Death_on_the_Isle?oldid=15325153	high
deathtothedorgeshuun	Death to the Dorgeshuun	yes	1	camera	Transcript section 'Walking outside the castle' -- taking Zanik out of Lumbridge Castle	Zanik	Cutscene as Zanik sees the surface: the camera zooms up and out into the sky.	A cutscene begins, and the camera zooms up and out into the sky.	transcript:136	https://oldschool.runescape.wiki/w/Transcript:Death_to_the_Dorgeshuun?oldid=15295844	high
deathtothedorgeshuun	Death to the Dorgeshuun	yes	2	scene	Transcript section 'Talking to Zanik' (A tour of Lumbridge) -- after choosing 'Yes please!' about the mark on her forehead	Zanik, Juna	Flashback cutscene showing Zanik collecting tears at Juna's cave and being marked on the forehead.	{{qact|A cutscene begins.}}	transcript:668	https://oldschool.runescape.wiki/w/Transcript:Death_to_the_Dorgeshuun?oldid=15295844	high
deathtothedorgeshuun	Death to the Dorgeshuun	yes	3	scene	Transcript section 'Upon collecting twenty tears' -- Zanik is revived, then a flashback	Zanik, Juna, Sigmund, Johanhus Ulsbrecht, H.A.M. Deacon	Zanik is revived by the tears, then a flashback cutscene shows the H.A.M. members planning to flood the Dorgeshuun caves with a drilling machine.	A flashback cutscene plays	transcript:1135	https://oldschool.runescape.wiki/w/Transcript:Death_to_the_Dorgeshuun?oldid=15295844	high
deathtothedorgeshuun	Death to the Dorgeshuun	yes	4	scene	Walkthrough -- exiting through the southern tunnel after destroying the drilling machine	Zanik, Ur-tag	Player and Zanik return to the Dorgeshuun leaders for the ending scene; the wiki says the cutscene will not play unless the tunnel is used.	You '''must''' exit through the tunnel, or the cutscene will not play.	page:235	https://oldschool.runescape.wiki/w/Death_to_the_Dorgeshuun?oldid=15331188	medium
defenderofvarrock	Defender of Varrock	yes	1	scene	Walkthrough section 'The Infamous Necromancer' -- looking over the first balcony in Zemouregal's Base	Sharathteerk, Zemouregal, Arrav, Elias White	Looking over the balcony starts a cutscene of Sharathteerk reporting to Zemouregal with the undead Arrav in tow.	Look over the balcony to begin a cutscene showing [[Sharathteerk]], the second-in-command	page:93	https://oldschool.runescape.wiki/w/Defender_of_Varrock?oldid=15314409	high
defenderofvarrock	Defender of Varrock	yes	2	scene	Walkthrough section 'The Infamous Necromancer' -- looking over the second balcony (ends the dungeon instance)	Sharathteerk, Zemouregal	Another balcony cutscene in which Zemouregal dismisses the Stone of Jas and orders final preparations for the invasion of Varrock.	Run further east to the end to find another balcony; look over it to begin another cutscene.	page:103	https://oldschool.runescape.wiki/w/Defender_of_Varrock?oldid=15314409	high
defenderofvarrock	Defender of Varrock	yes	3	scene	Transcript section 'Inside the Dream Theatre' -- inspecting the imbued Sacred Forge	Arrav, Zemouregal	In a vision in the Dream Theatre Arrav speaks to the player and the vision transforms into Zemouregal, then the player returns to reality.	* {{qact|The vision of Arrav transforms into Zemouregal.}}	transcript:438	https://oldschool.runescape.wiki/w/Transcript:Defender_of_Varrock?oldid=15341906	medium
defenderofvarrock	Defender of Varrock	yes	4	scene	Transcript section 'Defeating the zombie army' -- after Dimintheis wields the shield and agrees to go to the palace	Dimintheis, Monk of Zamorak, Queen Ellamaria, Sharathteerk, Zemouregal	Dimintheis arrives at Varrock Palace and unleashes the shield; the scene cuts between the palace, the imprisoned monk, the garden and the broken wall where the Mahjarrat flee.	* {{qact|A cutscene begins in which Dimintheis, wielding the shield, arrives at Varrock Palace.}}	transcript:804	https://oldschool.runescape.wiki/w/Transcript:Defender_of_Varrock?oldid=15341906	high
depthsofdespair	The Depths of Despair	no	0		Whole quest			Both greps returned nothing; transcript stage directions are only game-message lines like 'You climb down the rope' and dialogue; no camera, fade or watched scene.	transcript	https://oldschool.runescape.wiki/w/Transcript:The_Depths_of_Despair?oldid=15346735	high
deserttreasure	Desert Treasure I	no	0					Grep hits rejected: only 'you see' in dialogue ('Do you see where I'm going with this?'); Stranger ambush is a random fight; mirror 'You gaze into the mirror...' is a plain message; pillar absorbing diamond is a message; no camera/fade/cutscene wording in page or transcript	transcript:141	https://oldschool.runescape.wiki/w/Transcript:Desert_Treasure_I?oldid=15343078	high
deserttreasureii	Desert Treasure II - The Fallen Empire	yes	1	scene	Transcript section 'Inspecting the Ancient Vault after starting the quest' -- touching the vault door on the Ancient Magicks spellbook	Asgarnia Smith	Player is shown inside the vault as Asgarnia Smith follows them in and comments.	A cutscene begins. The player is inside the vault, and [[Asgarnia Smith]] appears, following the player inside.	transcript:15	https://oldschool.runescape.wiki/w/Transcript:Desert_Treasure_II_-_The_Fallen_Empire?oldid=15356268	high
deserttreasureii	Desert Treasure II - The Fallen Empire	yes	2	fade	Transcript section 'Travelling to the Stranglewood for the first time' -- rowing to the Stranglewood		Screen fades to black and the title THE STRANGLEWOOD is shown in white.	"The screen fades to black and ""THE STRANGLEWOOD"" is displayed in white."	transcript:676	https://oldschool.runescape.wiki/w/Transcript:Desert_Treasure_II_-_The_Fallen_Empire?oldid=15356268	high
deserttreasureii	Desert Treasure II - The Fallen Empire	yes	3	scene	Transcript section 'Entering the Stranglewood ruins' -- entering the city ruins at the west entrance	Kasonde,Strangled	Player enters the ruins, meets a horde of Strangled, walks to a barricaded building and Kasonde approaches.	A cutscene begins in which the player enters the ruins of the Stranglewood, and encounters a horde of strangled.	transcript:679	https://oldschool.runescape.wiki/w/Transcript:Desert_Treasure_II_-_The_Fallen_Empire?oldid=15356268	high
deserttreasureii	Desert Treasure II - The Fallen Empire	yes	4	camera	Transcript section 'Vanquishing Vardorvis' -- entering the Ritual Site	Vardorvis	Camera rotates around Vardorvis in the middle of the Ritual Site with his name overlaid in white text (boss intro).	"A cutscene plays where the camera rotates around Vardorvis standing in the middle of the Ritual Site and ""VARDORVIS"" is overlaid in white text."	transcript:844	https://oldschool.runescape.wiki/w/Transcript:Desert_Treasure_II_-_The_Fallen_Empire?oldid=15356268	high
deserttreasureii	Desert Treasure II - The Fallen Empire	yes	5	scene	Transcript section 'Entering the temple after defeating Vardorvis' -- giving the key to Kasonde	Kasonde	Kasonde exits the locked doors, argues with the player and attacks when refused.	A cutscene plays. Kasonde exits the locked doors and approaches you.	transcript:852	https://oldschool.runescape.wiki/w/Transcript:Desert_Treasure_II_-_The_Fallen_Empire?oldid=15356268	high
deserttreasureii	Desert Treasure II - The Fallen Empire	yes	6	scene	Transcript section 'Returning the first medallion' -- approaching the Ancient Vault	Mysterious Figure	A Mysterious Figure approaches and offers a bargain for the medallion, then leaves.	A cutscene plays as you approach the Ancient Vault. A Mysterious Figure approaches you.	transcript:886	https://oldschool.runescape.wiki/w/Transcript:Desert_Treasure_II_-_The_Fallen_Empire?oldid=15356268	high
deserttreasureii	Desert Treasure II - The Fallen Empire	yes	7	scene	Transcript section 'Attempting to board the rowboat in the Scar' -- boarding the rowboat	Wizard Persten	Persten appears and stops the player boarding, inviting them to his camp.	A cutscene plays. As the player boards, Wizard Persten appears.	transcript:977	https://oldschool.runescape.wiki/w/Transcript:Desert_Treasure_II_-_The_Fallen_Empire?oldid=15356268	high
deserttreasureii	Desert Treasure II - The Fallen Empire	yes	8	scene	Walkthrough (Perseriya section) -- entering the Leviathan arena	The Leviathan	Short cutscene: a weak snake-like creature appears, is eaten, and the genuine Leviathan appears.	A short cutscene will occur where you will encounter a [[The Leviathan?|weak snake-like creature]], only for it to be eaten and the genuine monster to appear.	page:557	https://oldschool.runescape.wiki/w/Desert_Treasure_II_-_The_Fallen_Empire?oldid=15356264	high
deserttreasureii	Desert Treasure II - The Fallen Empire	yes	9	scene	Walkthrough (Sucellus section) -- after the three minutes of noise/fireworks at the refugee camp	Jhallan,Assassin	Short cutscene in which Jhallan is frozen by Ice Barrage and the Assassin appears and says the asylum entrance is open.	a short cutscene will play where [[Jhallan]] is frozen by way of [[Ice Barrage]].	page:657	https://oldschool.runescape.wiki/w/Desert_Treasure_II_-_The_Fallen_Empire?oldid=15356264	high
deserttreasureii	Desert Treasure II - The Fallen Empire	yes	10	fade	Walkthrough (Whisperer section) / transcript 'Inspecting the totem in the cistern' -- inspecting the ancient pillar with the icon	Player hallucinations,Ketla	Copies of the player speak while surrounding them, screen fades to black and player appears in a body of water.	The screen fully fades to black, and the player appears in the middle of a body of water.	transcript:1852	https://oldschool.runescape.wiki/w/Transcript:Desert_Treasure_II_-_The_Fallen_Empire?oldid=15356268	high
deserttreasureii	Desert Treasure II - The Fallen Empire	yes	11	scene	Transcript section 'Disputes of the Mahjarrat' -- returning to the Ancient Vault with the last medallion, after the argument	Asgarnia Smith,Dr Banikan,Azzanadra,Hazeel,Enakhra,Akthanakos,Sliske	Smoke bomb daze, player walks down to the vault, camera pans to the Elder Horn, Banikan revealed as Azzanadra, Mahjarrat arrive and argue, Sliske summons Barrows Brothers.	The camera pans towards the treasure: a large horn on a plinth.	transcript:2052	https://oldschool.runescape.wiki/w/Transcript:Desert_Treasure_II_-_The_Fallen_Empire?oldid=15356268	high
deserttreasureii	Desert Treasure II - The Fallen Empire	yes	12	scene	Transcript section 'Aftermath' -- after the final fight with the Barrows Brothers and Sliske's allies	Sliske,Hazeel,Enakhra,Akthanakos,Azzanadra,Barrows Brothers	Sliske completes his spell and teleports the Elder Horn away; camera pans to the group; Mahjarrat teleport away.	A cutscene plays, where Sliske completes his spell and teleports the Elder Horn away.	transcript:2171	https://oldschool.runescape.wiki/w/Transcript:Desert_Treasure_II_-_The_Fallen_Empire?oldid=15356268	high
dragonslayer2	Dragon Slayer II	yes	1	scene	Transcript section 'Robert's memories' -- after defeating the guardian in Bob's dream	Bob,Robert the Strong,Aivas,Tristan,Camorra,Dragonkin	Flashback of the heroes confronting a dragonkin in the Lithkren vault; Aivas is killed and Robert picks up the dragon key.	Flashback starts	transcript:580	https://oldschool.runescape.wiki/w/Transcript:Dragon_Slayer_II?oldid=15292952	high
dragonslayer2	Dragon Slayer II	yes	2	camera	Transcript section 'Talking to either in the vault' -- talking to Dallas or Bob at the sleeping dragon	Bob,Dallas Jones,Zorgoth	Camera pans to the sleeping dragon Galvek, then to a dragonkin who names it.	A cutscene begins. The camera pans towards the sleeping dragon, with the player, Bob, and Dallas seen from behind.	transcript:1047	https://oldschool.runescape.wiki/w/Transcript:Dragon_Slayer_II?oldid=15292952	high
dragonslayer2	Dragon Slayer II	yes	3	camera	Transcript section 'Talking to either in the vault' -- after Zorgoth says 'Awaken!'	Bob,Dallas Jones,Zorgoth,Galvek,Jardric	Galvek wakes, kills Dallas, player flees with Bob; scene cuts to Jardric at the Ancient Doors and Galvek's escape.	A cutscene begins, the screen shaking. The ceiling begins to crumble as debris falls onto the floor.	transcript:1086	https://oldschool.runescape.wiki/w/Transcript:Dragon_Slayer_II?oldid=15292952	high
dragonslayer2	Dragon Slayer II	yes	4	camera	Transcript section 'Talking to Torfinn' -- after choosing 'Yes please'	Torfinn,Brundt the Chieftain,Koschei the Deathless,Thorvald the Warrior	Shows the allied fleet, then the player's ship as dragons launch dragonfire.	A cutscene begins. The scene shows the various ships of the global allied fleet, then showing the ship that the player, [[Brundt the Chieftain|Brundt]]	transcript:1352	https://oldschool.runescape.wiki/w/Transcript:Dragon_Slayer_II?oldid=15292952	high
dragonslayer2	Dragon Slayer II	yes	5	scene	Transcript section 'Crashing the ship'	Thorvald the Warrior,Koschei the Deathless	Ship approaches the island, is bombarded with dragonfire and the screen fades to black.	The ship is bombarded with dragonfire, and the screen fades to black.	transcript:1368	https://oldschool.runescape.wiki/w/Transcript:Dragon_Slayer_II?oldid=15292952	high
dragonslayer2	Dragon Slayer II	yes	6	scene	Transcript section 'Arrival of Zorgoth and Galvek'	Zorgoth,Galvek,Bob	Galvek lands on the ship; Bob is killed shielding the player from dragonfire.	A cutscene begins. The scene shows Galvek landing on the ship, instantly killing the four remaining soldiers.	transcript:1389	https://oldschool.runescape.wiki/w/Transcript:Dragon_Slayer_II?oldid=15292952	high
dragonslayer2	Dragon Slayer II	yes	7	camera	Transcript section 'The Heroes Arrive' -- after killing the first three dragons	Zorgoth,Wise Old Man,Achietties,Brundt the Chieftain,Sir Tiffy Cashien,Oneiromancer,Jardric	Mithril dragon lands; camera pans to the allied heroes arriving to help.	The camera pans towards [[Achietties]], [[Brundt the Chieftain|Brundt]], the [[Wise Old Man]]	transcript:1413	https://oldschool.runescape.wiki/w/Transcript:Dragon_Slayer_II?oldid=15292952	high
dragonslayer2	Dragon Slayer II	yes	8	camera	Transcript section 'The Final Fight Begins' -- after killing the next three dragons	Zorgoth,Sir Tiffy Cashien	Zorgoth announces his full power; camera pans to the heroes as two brutal black dragons land.	The camera pans towards all the heroes, and a pair of brutal black dragons land behind them.	transcript:1420	https://oldschool.runescape.wiki/w/Transcript:Dragon_Slayer_II?oldid=15292952	high
dragonslayer2	Dragon Slayer II	yes	9	scene	Transcript section 'End of the Battle' -- after Galvek is killed	Galvek,Zorgoth,Jardric,Oneiromancer,Sir Tiffy Cashien,Wise Old Man,Brundt the Chieftain,Achietties,Unferth,Neite	Galvek dies and kills Zorgoth; heroes congratulate the player; scene changes to Bob's grave in Burthorpe.	A cutscene begins. Galvek dies, falling backwards.	transcript:1426	https://oldschool.runescape.wiki/w/Transcript:Dragon_Slayer_II?oldid=15292952	high
dragonslayer2	Dragon Slayer II	yes	10	camera	Transcript section 'Finishing up' -- Alec Kincade after the quest, only if While Guthix Sleeps completed	Alec Kincade,Sakirth,Sithaph,Strisath	Camera slowly approaches the pool in the Lithkren Vault; three dragonkin break free and convene.	Meanwhile, a cutscene plays in the Lithkren Vault, with the camera slowly approaching the pool where [[Galvek]] once rested.	transcript:1456	https://oldschool.runescape.wiki/w/Transcript:Dragon_Slayer_II?oldid=15292952	high
dreammentor	Dream Mentor	unclear	0		Transcript sections 'Bringing him gear in person' and 'Talking to Cyrisus next to the brazier'	Cyrisus	Only short screen-blackouts are described: the screen turns black while Cyrisus changes into the armour, and Cyrisus and the player are taken into the dream. No camera, no watched npc scene, no word cutscene; at most a fade or teleport.	The screen turns black.	transcript:755	https://oldschool.runescape.wiki/w/Transcript:Dream_Mentor?oldid=15299716	low
eadgar	Eadgar's Ruse	no	0					"Grep hits rejected: only page map ""zoom=4"" template params and an ordinary ""safespots"" sentence; transcript has only qact for quest complete; all sections read as plain dialogue and item actions."	page,transcript grep	https://oldschool.runescape.wiki/w/Eadgar's_Ruse?oldid=15326715	high
eaglepeak	Eagles' Peak	yes	1	scene	Transcript section 'Inspecting the tunnel after getting the silver feather' -- after asking Nickolaus to teach you to catch a ferret and choosing 'That sounds good to me.'	Nickolaus	Nickolaus shows the player how to bait a box trap, they wait, and a ferret goes into the trap.	*** {{qact|Cutscene starts.}}	transcript:416	https://oldschool.runescape.wiki/w/Transcript:Eagles'_Peak?oldid=15263366	high
eaglepeak	Eagles' Peak	yes	2	scene	Transcript section 'When inspecting the opening' -- inspecting the tunnel opening near Nickolaus	Giant Kebbit	A giant Kebbit jumps out of the cave, and after being taunted goes back in dropping the silver feather.	A giant [[Kebbit]] jumps out of the cave.	transcript:306	https://oldschool.runescape.wiki/w/Transcript:Eagles'_Peak?oldid=15263366	low
elementalworkshopii	Elemental Workshop II	no	0					"Grep hits rejected: only page ""you skipped step 6"" note; transcript has no stage directions beyond item boxes and messages (books, keys, cogs, pipes)."	page,transcript grep	https://oldschool.runescape.wiki/w/Elemental_Workshop_II?oldid=15271178	high
enakhraslament	Enakhra's Lament	yes	1	scene	Transcript section 'Open door to the north' -- placing the arm in the lock on the temple's outer track	Enakhra	Cutscene (headache vision) showing Enakhra celebrating the completed temple for her lord.	* {{qact|A cutscene begins.}}	transcript:519	https://oldschool.runescape.wiki/w/Transcript:Enakhra's_Lament?oldid=15356267	high
enakhraslament	Enakhra's Lament	yes	2	scene	Transcript section 'Open door to the north-west' -- placing the leg in the lock	Knight, Enakhra	Knights of Avarrocka attack; Enakhra kills three and freezes the last in ice.	Enakhra casts a spell that kills three of the knights.	transcript:533	https://oldschool.runescape.wiki/w/Transcript:Enakhra's_Lament?oldid=15356267	high
enakhraslament	Enakhra's Lament	yes	3	scene	Transcript section 'Open door to the south-west' -- placing the arm in the lock	Akthanakos, Enakhra	Akthanakos persuades Enakhra to join his side; she feigns agreement, he walks away and she laughs.	Akthanakos walks away and Enakhra laughs.	transcript:548	https://oldschool.runescape.wiki/w/Transcript:Enakhra's_Lament?oldid=15356267	high
enakhraslament	Enakhra's Lament	yes	4	scene	Transcript section 'Open door to the south-east' -- placing the leg in the lock	Enakhra	Enakhra tries animating bones into a skeleton weapon and fails.	Enakhra casts a spell on some bones. A skeleton spawns, then turns back into bones.	transcript:557	https://oldschool.runescape.wiki/w/Transcript:Enakhra's_Lament?oldid=15356267	high
enakhraslament	Enakhra's Lament	yes	5	scene	Transcript section 'Using the stone head (cavity) on the pedestal' -- placing the granite head	Enakhra, Akthanakos	Enakhra reveals her deception and freezes Akthanakos.	Akthanakos is frozen.	transcript:627	https://oldschool.runescape.wiki/w/Transcript:Enakhra's_Lament?oldid=15356267	high
enakhraslament	Enakhra's Lament	yes	6	scene	Transcript section 'Enakhra cutscene' -- after talking to the freed Akthanakos (quest ending)	Enakhra, Akthanakos	Enakhra and Akthanakos transform into skeleton forms, trade threats, and teleport away; quest complete.	They both teleport away.	transcript:1018	https://oldschool.runescape.wiki/w/Transcript:Enakhra's_Lament?oldid=15356267	medium
enlightenedjourney	Enlightened Journey	yes	1	scene	Transcript 'Showing Auguste the finished origami balloon' -- handing over the origami balloon	Auguste	Cutscene of the player launching the first test balloon, which burns down, while Auguste talks.	Cutscene where the player launches the balloon and it burns down	transcript:175	https://oldschool.runescape.wiki/w/Transcript:Enlightened_Journey?oldid=15263363	high
enlightenedjourney	Enlightened Journey	yes	2	scene	Transcript 'Second experiment' -- giving Auguste the two papyrus sheets and sack of potatoes	Auguste,Moe	Cutscene of launching the second balloon, attacked by a flash mob with pitchforks, which burns down.	Cutscene where the player launches the balloon, a flash mob with pitchforks attack and the balloon burns down.	transcript:192	https://oldschool.runescape.wiki/w/Transcript:Enlightened_Journey?oldid=15263363	high
enlightenedjourney	Enlightened Journey	yes	3	scene	Walkthrough -- on Entrana, using a willow branch on the balloon basket		Cutscene starts when a willow branch is used on the balloon basket; on its end the log storage appears.	Return to [[Entrana]] and use a [[willow branch]] on the balloon basket to start a cutscene.	page:103	https://oldschool.runescape.wiki/w/Enlightened_Journey?oldid=15292357	high
entertheabyss	Enter the Abyss	no	0					Grep on both files: only hit was transcript 'methods of runecrafting that they can only dream of' (ordinary dialogue); all tact/tbox lines are shop opens, item handovers and dialogue branches; page has no hits.	transcript:30	https://oldschool.runescape.wiki/w/Transcript:Enter_the_Abyss?oldid=15263217	high
ethicallyacquiredantiquities	Ethically Acquired Antiquities	yes	1	camera	Transcript section 'Talking to Curator Haig Halen after finding the diadem' -- choosing 'I found Xerna's Diadem...'	Curator Haig Halen	Cutscene starts focusing on the curator during the interrogation.	{{qact|Cutscene starts, focusing on the curator.}}	transcript:464	https://oldschool.runescape.wiki/w/Transcript:Ethically_Acquired_Antiquities?oldid=15311078	high
ethicallyacquiredantiquities	Ethically Acquired Antiquities	yes	2	camera	Same section -- after a successful interrogation, curator recounts the theft (flashback)	Curator Haig Halen,Thief	Cutscene goes to the Grand Museum; camera pans across as Haig confronts and defeats a thief, then the cutscene ends back at Varrock.	{{qact|Camera pans across the museum as Haig Halen walks and confronts a thief.}}	transcript:660	https://oldschool.runescape.wiki/w/Transcript:Ethically_Acquired_Antiquities?oldid=15311078	high
fenkenstrain	Creature of Fenkenstrain	no	0		Whole quest		No cutscene found.	Hits rejected: page map zoom template (58); page 'skip digging' (60); transcript 'Did you see who did it' (dialogue); roof lightning is only a text box.	transcript:116	https://oldschool.runescape.wiki/w/Transcript:Creature_of_Fenkenstrain?oldid=15343498	high
finaldawn	The Final Dawn	yes	1	scene	Transcript section 'Talking to Servius' (Infiltration II) -- meeting with the council	Queen Zyanyi Arkan, Player	A cutscene opens with the player meeting the council; the Queen questions the player about helping Itzla, then the player is teleported to the palace top.	A cutscene opens with the player meeting with the council.	transcript:16	https://oldschool.runescape.wiki/w/Transcript:The_Final_Dawn?oldid=15255662	high
finaldawn	The Final Dawn	yes	2	scene	Transcript section 'Entering the Twilight Temple' -- entering the temple in Emissary robes	Augur Metzli, Prince Itzla Arkan	Player watches Metzli lead a sermon and reveal Itzla captive; Itzla is taken away.	A cutscene opens with Metzli leading a sermon.	transcript:63	https://oldschool.runescape.wiki/w/Transcript:The_Final_Dawn?oldid=15255662	high
finaldawn	The Final Dawn	yes	3	scene	Transcript section 'Entering the backroom'	Player	Cutscene plays as the player enters and walks into the northern backroom.	A cutscene plays in which the player enters the backroom.	transcript:133	https://oldschool.runescape.wiki/w/Transcript:The_Final_Dawn?oldid=15255662	high
finaldawn	The Final Dawn	yes	4	scene	Transcript section 'Getting caught by the enforcer'	Emissary Enforcer, Player	Cutscene: on leaving the backroom the Emissary Enforcer intercepts the player and confiscates the scroll, leading into a fight.	A cutscene begins. The player is about to leave the backroom, only to be intercepted by the Emissary Enforcer.	transcript:182	https://oldschool.runescape.wiki/w/Transcript:The_Final_Dawn?oldid=15255662	high
finaldawn	The Final Dawn	yes	5	scene	Transcript section 'Talking to Captain Vibia' (Home Invasion) -- after giving Vibia the blackjack and sack	Forebearer Janus, Captain Vibia, Guard Dog	Janus returns to the safe house and is knocked out and restrained by Vibia and the player.	A cutscene begins. Forebearer Janus, in wealthy citizen clothing, returns to the safe house.	transcript:428	https://oldschool.runescape.wiki/w/Transcript:The_Final_Dawn?oldid=15255662	high
finaldawn	The Final Dawn	yes	6	scene	Transcript section 'Interrogating Janus' -- entering the basement	Queen Zyanyi Arkan, Servius, Forebearer Janus	Queen, Kualti and Servius gather in Janus' basement to interrogate him; screen fades to black during the beating, then returns.	A cutscene plays. Queen Zyanyi, her Kualti, and Servius arrive and gather in Janus' basement.	transcript:443	https://oldschool.runescape.wiki/w/Transcript:The_Final_Dawn?oldid=15255662	high
finaldawn	The Final Dawn	yes	7	scene	Transcript section 'Interrogating Janus' -- accepting the offer to travel to Cam Torum	Queen Zyanyi Arkan, Servius, Captain Vibia	Group arrives at Cam Torum in a cutscene acting as teleport.	A cutscene begins in which the group arrives at Cam Torum.	transcript:479	https://oldschool.runescape.wiki/w/Transcript:The_Final_Dawn?oldid=15255662	high
finaldawn	The Final Dawn	yes	8	scene	Transcript section 'Hidden entrance' (Dwarven Traitor) -- through the hole after the fireplace lever	Ennius Tullus, Furia Tullus, Teumo	Player eavesdrops on the Tullus twins in a nearby cavern talking with Teumo.	A cutscene begins, with the Tullus twins in a nearby cavern.	transcript:801	https://oldschool.runescape.wiki/w/Transcript:The_Final_Dawn?oldid=15255662	high
finaldawn	The Final Dawn	yes	9	scene	Transcript section 'Confronting the twins'	Ennius Tullus, Furia Tullus, Chimalli, Lucius, Augur Metzli	Player teleports into the chamber with the keystone and confronts the twins and two cultists; Lucius teleports in Metzli.	A cutscene starts in which the player teleports into a chamber with a keystone, the Tullus twins, and two cultists: Chimalli and Lucius.	transcript:936	https://oldschool.runescape.wiki/w/Transcript:The_Final_Dawn?oldid=15255662	high
finaldawn	The Final Dawn	yes	10	scene	Transcript section 'Entering the Temple' (Crypt Assault)	Queen Zyanyi Arkan, Captain Vibia, Tonali warriors	Tonali warriors battle cultists as the player arrives and is told to hold them back.	A cutscene begins in the temple, with Tonali warriors battling against the cultists.	transcript:1019	https://oldschool.runescape.wiki/w/Transcript:The_Final_Dawn?oldid=15255662	high
finaldawn	The Final Dawn	yes	11	scene	Transcript section 'Upon clearing the waves of cultists'	Queen Zyanyi Arkan, Metzli, Tullus twins, Prince Itzla Arkan, Teumo	More cultists enter; Metzli, the twins, Itzla and Teumo arrive; ends with Ennius casting fire spells.	{{qact|A cutscene begins.}}	transcript:1044	https://oldschool.runescape.wiki/w/Transcript:The_Final_Dawn?oldid=15255662	high
finaldawn	The Final Dawn	yes	12	scene	Transcript section 'Upon killing Ennius'	Queen Zyanyi Arkan, Captain Vibia, Player	Aftermath of the battle with the Queen and Vibia discussing Furia's escape into the caverns.	{{qact|A cutscene begins.}}	transcript:1080	https://oldschool.runescape.wiki/w/Transcript:The_Final_Dawn?oldid=15255662	high
finaldawn	The Final Dawn	yes	13	scene	Transcript section 'Upon defeating Metzli'	Augur Metzli, Prince Itzla Arkan	Metzli kneels, stands and confronts Itzla and the player in a scripted scene.	A cutscene starts, in which Metzli is down on one knee.	transcript:1405	https://oldschool.runescape.wiki/w/Transcript:The_Final_Dawn?oldid=15255662	high
finaldawn	The Final Dawn	yes	14	fade	Transcript section 'Upon fully exploring the area'	Prince Itzla Arkan, Queen Zyanyi Arkan, Captain Vibia, Furia Tullus	Screen fades to black then back to the crypt room where Furia is tied and the Queen and Itzla wrap up.	The screen fades to black, then fades back to the first room in the crypt, where you fought alongside the Queen.	transcript:1473	https://oldschool.runescape.wiki/w/Transcript:The_Final_Dawn?oldid=15255662	high
forgettabletale	Forgettable Tale...	yes	1	camera	Transcript section 'Talking to Commander Veldaban' -- after agreeing to help	Commander Veldaban	Cutscene showing the statue from The Giant Dwarf with the title 'Rise of the Red Axe, Part II'; the camera pans to the drunken dwarf's house and the player ends up outside it.	A cutscene plays, showing the statue from The Giant Dwarf.	transcript:57	https://oldschool.runescape.wiki/w/Transcript:Forgettable_Tale...?oldid=15278851	high
forgettabletale	Forgettable Tale...	yes	2	fade	Transcript section 'Talking to the drunken dwarf after collecting the Kelda Stout' -- as he tells his tale	Drunken Dwarf	Small cutscene: as the dwarf recounts his cave exploration the screen fades repeatedly between story fragments (page calls it a small cutscene).	tunnel along with a small cutscene.	page:124	https://oldschool.runescape.wiki/w/Forgettable_Tale...?oldid=15358184	medium
forgettabletale	Forgettable Tale...	yes	3	camera	Walkthrough section 'Room 1' and later rooms (3, 5) -- on entering each tunnel room by cart		On entering the tunnel the camera pans across the railroad and chasm with floating tracks; repeated at rooms 3 and 5.	A short cutscene shows the vastness of the area, along with tracks floating out in all directions.	page:132	https://oldschool.runescape.wiki/w/Forgettable_Tale...?oldid=15358184	high
forgettabletale	Forgettable Tale...	yes	4	scene	Transcript section 'Room 6' -- entering the final room	Red Axe Director, Colonel Grimsson, Gnome emissary, Grunsh	Red Axe Director shows chaos dwarf soldiers to a gnome emissary; Grunsh sneaks up and casts a memory-wiping spell; screen fades out and the player reappears at the tunnel entrance.	Screen fades out. The player appears back at the entrance to the tunnel.	transcript:771	https://oldschool.runescape.wiki/w/Transcript:Forgettable_Tale...?oldid=15278851	high
forgettabletale	Forgettable Tale...	yes	5	scene	Transcript section 'Final cutscene' -- drinking the beer or eating the kebab in the Laughing Miner after talking to Veldaban	Drunken Dwarf, Nolar, Factory Worker, Gauss, Gunslik, Colonel Grimsson	The drunken player tells a nonsensical kebab story to dwarves, falls off the chair, and Grimsson notes the spell worked; quest complete.	Now, drink the beer/eat the kebab in the east pub to begin the final cutscene.	page:227	https://oldschool.runescape.wiki/w/Forgettable_Tale...?oldid=15358184	high
forsakentower	The Forsaken Tower	no	0					Grep hits rejected: only the quest-complete qact line; all other stage directions are plain item/inspect messages (tbox) at the tower puzzle; no camera/fade/cutscene wording	transcript:237	https://oldschool.runescape.wiki/w/Transcript:The_Forsaken_Tower?oldid=14761144	high
fremennikexiles	The Fremennik Exiles	yes	1	scene	Transcript section 'Brundt' (line ~179) -- during dialogue about the basilisk attack	Agnar, Brundt the Chieftain	Agnar runs in and the Council exiles the player from the province while Brundt objects; watched scripted scene.	Cutscene starts with Agnar running in.	transcript:219	https://oldschool.runescape.wiki/w/Transcript:The_Fremennik_Exiles?oldid=15315375	high
fremennikexiles	The Fremennik Exiles	yes	2	scene	Transcript section 'Brundt' under 'Basilisks in the market' -- after 'Basilisks in the market!' shout	Brundt the Chieftain, Fremennik Warrior	Cutscene starts as basilisks break into the market; Brundt shouts orders before the market fight.	Cutscene starts	transcript:908	https://oldschool.runescape.wiki/w/Transcript:The_Fremennik_Exiles?oldid=15315375	medium
fremennikexiles	The Fremennik Exiles	yes	3	camera	Transcript section 'Longhall celebration' -- after killing the Jormungand	Olaf the Bard, Manni the Reveller, Brundt the Chieftain, Agnar	Olaf sings the Ballad of the Basilisk, then the camera tilts down to reveal the player amid celebrating Fremenniks.	A cutscene starts with Olaf the Bard singing the Ballad of the Basilisk in the Rellekka longhall	transcript:1051	https://oldschool.runescape.wiki/w/Transcript:The_Fremennik_Exiles?oldid=15315375	high
fremennikexiles	The Fremennik Exiles	yes	4	scene	Transcript section 'The Jormungand' -- on entering the prison	The Jormungand, Bakuna, Brundt the Chieftain	The Jormungand is freed and kills Bakuna in one hit before the fight; the text does not call it a cutscene.	The Jormungand kills Bakuna in one hit	transcript:990	https://oldschool.runescape.wiki/w/Transcript:The_Fremennik_Exiles?oldid=15315375	low
gardenofdeath	The Garden of Death	no	0				No cutscene: only hit was page text saying the quest focuses on exploration 'instead of dialogue and cutscenes'; other hits were map zoom and a Star Trek trivia line.	instead of dialogue and cutscenes	page:12	https://oldschool.runescape.wiki/w/The_Garden_of_Death?oldid=15316642	high
gardenoftranquility	Garden of Tranquillity	yes	1	scene	Transcript section 'Statue of Saradomin (Falador)' -- using the trolley on the Falador city-centre statue	Billy, a guard of Falador,Bob, another guard of Falador,PKMaster0036	Cutscene of the player spoof killing the two Falador gate guards, ending with the camera panning out on the unguarded gate.	{{qact|The camera pans out, showing the northern Falador entrance being unguarded as PKMaster0036 buries the bones of the guards and walks into the city.}}	transcript:930	https://oldschool.runescape.wiki/w/Transcript:Garden_of_Tranquillity?oldid=15315260	high
gardenoftranquility	Garden of Tranquillity	yes	2	scene	Transcript section 'The Garden of Tranquillity' -- bringing King Roald to the finished garden	King Roald,Queen Ellamaria	Cutscene: the king and player step into the garden, the king insults the plants and the queen smacks him.	* {{qact|A cutscene starts with King Roald and the player stepping into the Garden.}}	transcript:1141	https://oldschool.runescape.wiki/w/Transcript:Garden_of_Tranquillity?oldid=15315260	high
gettingahead	Getting Ahead	yes	1	scene	Transcript section 'Talking to Gordon after mounting the bloody head' -- after telling Gordon it is done	Gordon, Mary	Gordon cheers and laughs at his mounted head while Mary and the player wipe their brows, relieved he was fooled.	A cutscene plays in which Gordon cheers and laughs at his new mounted head.	transcript:385	https://oldschool.runescape.wiki/w/Transcript:Getting_Ahead?oldid=14516193	high
ghostsahoy	Ghosts Ahoy	no	0		Whole quest		No cutscene found.	(none) hits: 'vision' (Velorina/Necrovarus dialogue), 'see', map zoom; Ghost captain 'long boat trip' and Necrovarus green beam are tbox text only		https://oldschool.runescape.wiki/w/Transcript:Ghosts_Ahoy?oldid=15297814	medium
giantdwarf	The Giant Dwarf	yes	1	scene	Transcript section 'Talking to the Dwarven Boatman' -- after choosing 'Yes' to start the quest and 'Play Cutscene'	Dwarven Boatman, Black Guard Berserker	Intro cutscene: title text over Keldagrim, camera pans Keldagrim-West and the King Alvis statue, a map shows the boat, the boat crashes into the statue, and two Black Guard Berserkers arrest the player at the dock.	"The camera pans throughout Keldagrim-West, and the text ""Rise of the Red Axe Part 1"" appears on screen."	transcript:38	https://oldschool.runescape.wiki/w/Transcript:The_Giant_Dwarf?oldid=15327912	high
giantdwarf	The Giant Dwarf	yes	2	fade	Transcript -- Blasidar the sculptor after agreeing to check on the Consortium's decision	Blasidar the sculptor	Screen fades to black, the partially completed statue is shown, then it fades back to the player.	The screen fades to black, and the partially completed statue is shown. The screen then fades and returns to the player.	transcript:741	https://oldschool.runescape.wiki/w/Transcript:The_Giant_Dwarf?oldid=15327912	medium
giantdwarf	The Giant Dwarf	yes	3	scene	Transcript section 'The Consortium Meeting' -- Commander Veldaban, choosing to attend the meeting (skippable)	Red Axe Cat, Brown Engine Director, Yellow Fortune Director, Silver Cog Director, Red Axe Director, White Chisel Director, Blue Opal Director, Green Gemstone Director, Purple Pewter Director, Commander Veldaban	About 4 minute cutscene in a static meeting room where the directors argue, Veldaban brings the player in, the player picks a company, and the camera pans to the finished statue with the chosen head.	A cutscene starts in the meeting room.	transcript:1307	https://oldschool.runescape.wiki/w/Transcript:The_Giant_Dwarf?oldid=15327912	high
golem	The Golem	no	0		Whole quest		No cutscene; the grep found no hits in either file, and tbox lines are item pickups and repairs.	You repair the golem with a final piece of clay.	transcript:40	https://oldschool.runescape.wiki/w/Transcript:The_Golem?oldid=15350187	high
grimtales	Grim Tales	yes	1	scene	Transcript section 'Returning Miazrqa's pendant' -- after handing over the pendant	Rupert the Beard, Miazrqa	Rupert descends the tower looking for his armour and comes out freed; player then auto-walks up to him.	Cutscene with Rupert looking for his armour as he descends the tower	transcript:791	https://oldschool.runescape.wiki/w/Transcript:Grim_Tales?oldid=15329038	high
grimtales	Grim Tales	yes	2	scene	Transcript section 'Watering the Bean Mound'		A cutscene shows the bean growing into a giant beanstalk while the player emotes.	A cutscene shows the bean growing into a giant beanstalk.	transcript:912	https://oldschool.runescape.wiki/w/Transcript:Grim_Tales?oldid=15329038	high
grimtales	Grim Tales	yes	3	scene	Transcript section 'Shrinking the beanstalk'		A cutscene shows the beanstalk shrinking to normal size after the potion is poured.	A cutscene shows the beanstalk shrinking to normal size.	transcript:1011	https://oldschool.runescape.wiki/w/Transcript:Grim_Tales?oldid=15329038	high
grimtales	Grim Tales	yes	4	scene	Transcript section 'Chopping down the beanstalk'		A cutscene shows the beanstalk being chopped down.	A cutscene shows the beanstalk being chopped down.	transcript:1019	https://oldschool.runescape.wiki/w/Transcript:Grim_Tales?oldid=15329038	high
handinthesand	The Hand in the Sand	yes	1	camera	Transcript section 'Talking to Zavistic Rarve again' -- handing over the magical orb, earth runes and bucket of sand	Zavistic Rarve, Bert	The view shifts to Bert's sandpit while Zavistic chants; Bert cries out and the sandpit magically refills itself, then the scene ends.	The Wizard chants and your attention to the sandpit where Bert is found.	transcript:459	https://oldschool.runescape.wiki/w/Transcript:The_Hand_in_the_Sand?oldid=15263349	high
hauntedmine	Haunted Mine	yes	1	camera	Walkthrough section 'Operating the levers' -- pressing the start button on the control panel after setting the levers	Mine cart	Short cutscene follows the mine cart along its route (sinks, returns, or reaches the far side); its second half shows the outcome.	They are indicated both by the second half of the short cutscene, and a game message or player dialogue:	page:163	https://oldschool.runescape.wiki/w/Haunted_Mine?oldid=15327880	medium
heartofdarkness	The Heart of Darkness	yes	1	scene	Transcript section 'Meeting with Queen Zyani Arkan to begin planning the infiltration' -- after agreeing to plan with Itzla	Queen Zyani Arkan,Prince Itzla Arkan	Queen Zyani and Prince Itzla talk privately about the cult infiltration while the player watches; Itzla then returns to the Teomat.	A cutscene begins in which Queen Zyani Arkan meets with Prince Itzla Arkan.	transcript:34	https://oldschool.runescape.wiki/w/Transcript:The_Heart_of_Darkness?oldid=15263406	high
heartofdarkness	The Heart of Darkness	yes	2	scene	Walkthrough section on the Initiation -- wearing the Twilight Emissary Robes and entering the Twilight Temple	Forebearer Fides,Augur Metzli,Ennius Tullus,Furia Tullus,Prince Itzla Arkan	Augur Metzli addresses the new Emissaries on stage and presents Ennius and Furia as the reborn gods.	then wear them and make your way to the [[Twilight Temple]] to begin a cutscene.	page:133	https://oldschool.runescape.wiki/w/The_Heart_of_Darkness?oldid=15318070	high
heartofdarkness	The Heart of Darkness	yes	3	scene	Transcript section 'After clearing the rocks' -- after mining the blockage in Tapoyauik	Forebearer Vulcan,Emissary Acolyte,Prince Itzla Arkan,frost nagua	Screen shakes, two frost nagua appear, kill Vulcan and knock Itzla across a chasm.	Upon mining the blockage, a cutscene will play in which you proceed further into the fortress.	page:141	https://oldschool.runescape.wiki/w/The_Heart_of_Darkness?oldid=15318070	high
heartofdarkness	The Heart of Darkness	yes	4	scene	Transcript section 'Heart of the Ruins' -- entering the door after the statue puzzle	Amoxliatl,Prince Itzla Arkan,Augur Metzli,Ennius Tullus,Furia Tullus	Amoxliatl confronts the pair, Itzla is teleported away, Metzli's group arrives then teleports off leaving the player to fight Amoxliatl.	Enter the door to begin a cutscene in which you and Prince Itzla encounter [[Amoxliatl]]	page:172	https://oldschool.runescape.wiki/w/The_Heart_of_Darkness?oldid=15318070	high
horror	Horror from the Deep	yes	1	scene	Transcript section 'Upon killing the dagannoth or talking to Jossik' -- after killing the baby dagannoth in the basement	Jossik,Dagannoth mother	A cutscene follows in which the dagannoth mother rises from the water before the boss fight begins.	A cutscene follows in which a larger dagannoth appears from the waters, revealing itself to be the much stronger [[dagannoth mother]].	page:93	https://oldschool.runescape.wiki/w/Horror_from_the_Deep?oldid=15326714	high
icthlarin	Icthlarin's Little Helper	yes	1	fade	Transcript section 'When the player has all the supplies' -- Wanderer hypnotises the player	Wanderer	Screen fades to black as the Wanderer hypnotises the player, who is moved to Sophanem outside the pyramid with a canopic jar.	* {{qact|The screen fades to black}}	transcript:89	https://oldschool.runescape.wiki/w/Transcript:Icthlarin's_Little_Helper?oldid=15355461	medium
icthlarin	Icthlarin's Little Helper	yes	2	scene	Transcript section 'Opening the door to the eastern chamber' -- entering the eastern chamber in the third flashback aftermath	High Priest, Wanderer, Amascut, Possessed Priest	Player watches the ceremony; the Wanderer teleports in, is revealed as the Devourer (Amascut) and possesses a priest.	* {{qact|A cutscene begins of the ceremony}}	transcript:912	https://oldschool.runescape.wiki/w/Transcript:Icthlarin's_Little_Helper?oldid=15355461	high
icthlarin	Icthlarin's Little Helper	yes	3	scene	Transcript section 'Flashback 4: Leaving the ceremonial room' -- leaving the ceremonial room after talking to the High Priest	Icthlarin, Amascut (voice)	Final flashback shown as a cut-scene: Icthlarin meets the hypnotised player in the pyramid and breaks Amascut's hold.	leave the room, and you will see the final flashback as a cut-scene.	page:184	https://oldschool.runescape.wiki/w/Icthlarin's_Little_Helper?oldid=15292330	high
idesofmilk	The Ides of Milk	no	0				No cutscene: grep of page and transcript returned no hits for any keyword; the only stage direction of note is the bull release box 'The bull enters. The cows scatter.' which is a message before a fight.	The bull enters. The cows scatter.	transcript:299	https://oldschool.runescape.wiki/w/Transcript:The_Ides_of_Milk?oldid=15267767	high
inaidofthemyreque	In Aid of the Myreque	yes	1	camera	Transcript section 'Getting rid of the rubble' -- on clearing the last of the cellar rubble	(none)	The camera points at a wall plaque in the cellar and zooms in as the player notices it.	Camera points at a wall with a plaque and zooms in.	transcript:238	https://oldschool.runescape.wiki/w/Transcript:In_Aid_of_the_Myreque?oldid=15306668	high
inaidofthemyreque	In Aid of the Myreque	yes	2	scene	Transcript sections 'Lighting the furnace' and 'At Castle Drakan' -- after lighting the furnace in Burgh de Rott	Vanstrom Klause, Gadderanks, Gabriela	Screen fades to black, fades in at Castle Drakan where Vanstrom orders Gadderanks to tithe Burgh de Rott after smelling the furnace smoke, then fades back to the town.	The screen fades in from black, at Castle Drakan	transcript:600	https://oldschool.runescape.wiki/w/Transcript:In_Aid_of_the_Myreque?oldid=15306668	high
inaidofthemyreque	In Aid of the Myreque	yes	3	fade	Transcript section 'After speaking to all three' -- Gadderanks confronts the player in the general store	Gadderanks, Vampyre Juvinate, Wiskit	Screen fades to black and the fight with Gadderanks and the Vampyres begins.	The screen fades to black; Gadderanks and the Vampyres attack	transcript:677	https://oldschool.runescape.wiki/w/Transcript:In_Aid_of_the_Myreque?oldid=15306668	high
insearchofknowledge	In Search of Knowledge	no	0					Grep returned nothing in either file; stage directions are only item messages (mes/tbox) for bookshelves, tomes and the lamp reward	transcript:55	https://oldschool.runescape.wiki/w/Transcript:In_Search_of_Knowledge?oldid=15318182	high
kingdomdivided	A Kingdom Divided	yes	1	scene	Transcript section 'Talking to Commander Fullore' -- after agreeing to get going	Commander Fullore, Tomas Lawry, Captain Ginea	Player and Fullore approach Kingstown and are stopped by Lawry and Ginea, who claim authority over Hughes; ends in front of Hughes' house.	A cutscene begins. The player and Commander Fullore approach Kingstown, and are stopped by Tomas Lawry and Captain Ginea.	transcript:83	https://oldschool.runescape.wiki/w/Transcript:A_Kingdom_Divided?oldid=15358843	high
kingdomdivided	A Kingdom Divided	yes	2	scene	Transcript section 'Talking to Cabin Boy Herbert' -- at Veos' ship in Port Piscarilius	Commander Fullore, Sophia Hughes, Judge of Yama	Fullore arrives at the port; Sophia Hughes appears, casts a spell and is burnt away, revealing the Judge of Yama to player and Fullore.	A cutscene begins. Commander Fullore arrives at the port.	transcript:296	https://oldschool.runescape.wiki/w/Transcript:A_Kingdom_Divided?oldid=15358843	high
kingdomdivided	A Kingdom Divided	yes	3	scene	Walkthrough -- after the Judge of Yama fight, meeting Councillor Andrews	Councillor Andrews, Commander Fullore	Andrews thanks the player and asks them to tell Martin Holt the Hughes issue is resolved.	A cutscene will play where [[Councillor Andrews]] will thank you for your help	page:121	https://oldschool.runescape.wiki/w/A_Kingdom_Divided?oldid=15356780	medium
kingdomdivided	A Kingdom Divided	yes	4	scene	Transcript section 'Martin's arrest' -- looking over the balcony	Martin Holt, Tomas Lawry, guards	Player watches from a balcony as Lawry and two guards arrest Martin Holt.	A cutscene plays. The player looks out on the balcony.	transcript:699	https://oldschool.runescape.wiki/w/Transcript:A_Kingdom_Divided?oldid=15358843	high
kingdomdivided	A Kingdom Divided	yes	5	scene	Transcript section 'The Sleeping Princess' -- inspecting the crates at the small shack near Mount Karuulm	Rose, Councillor Orson, Commander Fullore	Player enters a hidden basement; Rose lies on a stone, Orson appears and talks; screen fades to black and Fullore arrives, then cells are opened.	A cutscene begins; the player enters the basement of a small shack.	transcript:723	https://oldschool.runescape.wiki/w/Transcript:A_Kingdom_Divided?oldid=15358843	high
kingdomdivided	A Kingdom Divided	yes	6	scene	Walkthrough 'The Mysterious Mage' -- opening the gate after Kaht's damp key	First Mysterious Voice, Xamphur	Player overhears two voices (Xamphur and his lord) talk in the next room, then is teleported and the Xamphur fight starts.	Open the gate to start a cutscene, after which you will enter the boss fight with [[Xamphur]].	page:160	https://oldschool.runescape.wiki/w/A_Kingdom_Divided?oldid=15356780	high
kingdomdivided	A Kingdom Divided	yes	7	scene	Transcript section 'Knocked out' -- after Xamphur's lightning spell	Xamphur, two lizardmen	Player is knocked out; two lizardmen come to dispose of the body and flee when they hear it groan.	The player is knocked out by a powerful lightning spell, and a cutscene begins.	transcript:985	https://oldschool.runescape.wiki/w/Transcript:A_Kingdom_Divided?oldid=15358843	high
kingdomdivided	A Kingdom Divided	yes	8	scene	Transcript section 'Returning to Commander Fullore' -- at Rose's grave	Commander Fullore	Player explains events to Fullore in front of Rose's grave; Fullore reports on the potions.	A cutscene begins, with the player and Commander Fullore in front of Rose's grave.	transcript:1035	https://oldschool.runescape.wiki/w/Transcript:A_Kingdom_Divided?oldid=15358843	high
kingdomdivided	A Kingdom Divided	yes	9	scene	Transcript section 'Talking to Commander Fullore after gathering the leaders' -- in the basement at Xeric's Lookout	Commander Fullore, Councillor Orson, leaders of the five Houses	Leaders of the five Houses, Fullore and Orson meet; Hosidius produces the Royal Accord of Twill.	A cutscene begins, with the leaders of the five houses gathered.	transcript:1178	https://oldschool.runescape.wiki/w/Transcript:A_Kingdom_Divided?oldid=15358843	high
kingdomdivided	A Kingdom Divided	yes	10	fade	Transcript section 'Entering the Chasm of Fire' -- Disciple of Yama puts the player to sleep	Disciple of Yama	Player is put to sleep, screen fades to black, and wakes in the forest.	The screen fades to black.	transcript:1911	https://oldschool.runescape.wiki/w/Transcript:A_Kingdom_Divided?oldid=15358843	medium
kingdomdivided	A Kingdom Divided	yes	11	scene	Transcript section 'Rose's Accord' -- talking to Fullore at Xeric's Lookout	Commander Fullore, Councillor Orson, Lord Hosidius, Lord Shayzien, leaders of the Houses	Fullore and player find Orson dead, scene moves to the basement where the House leaders gather for the new accord.	A cutscene plays. Commander Fullore and the player discover Councillor Orson has died outside Xeric's Lookout.	transcript:1975	https://oldschool.runescape.wiki/w/Transcript:A_Kingdom_Divided?oldid=15358843	high
kingdomdivided	A Kingdom Divided	yes	12	scene	Transcript -- after the Houses' vote, Kourend Castle confrontation	Lord Shayzien, Lord Hosidius, Captain Rachelle, Councillor Andrews, Commander Fullore	Leaders meet Councillor Andrews; royal guards leave and Andrews is knocked out/arrested.	The scene transitions to the leaders of the five Houses meeting with Councillor Andrews.	transcript:2194	https://oldschool.runescape.wiki/w/Transcript:A_Kingdom_Divided?oldid=15358843	high
kingdomdivided	A Kingdom Divided	yes	13	scene	Transcript section 'Coronation ceremony'	Martin Holt, Kandur Hosidius, Commander Fullore, Queen Zyanyi Arkan, Duke Horacio, Queen Ellamaria, King Roald, King Lathas	Long banquet and crowning of Kandur Hosidius as king in Kourend Castle courtyard; camera pans to the banquet table; player walks between guests.	The scene pans towards the front banquet table.	transcript:2263	https://oldschool.runescape.wiki/w/Transcript:A_Kingdom_Divided?oldid=15358843	high
kingdomdivided	A Kingdom Divided	yes	14	scene	Transcript section 'Coronation ceremony' -- end, after the banquet	King Kandur Hosidius, assassin	Screen fades to black, then player and the king are alone behind the throne; a knife hits the king and an assassin teleports away.	The scene fades to black, and transitions to one with King Kandur Hosidius and the player alone behind Kourend's throne.	transcript:2290	https://oldschool.runescape.wiki/w/Transcript:A_Kingdom_Divided?oldid=15358843	high
kingsransom	King's Ransom	yes	1	scene	Transcript section 'Climbing down the stairs' -- after choosing 'Yes, I'm ready.'; runs through 'The court is in session' to the verdict	The judge, Prosecutor, Anna Sinclair, Hobbes, Donovan, Pierre, Mary	The player defends Anna in a scripted courtroom trial in which the camera pans over the jury after each successful rebuttal, ending in a NOT GUILTY verdict and falling balloons.	The courtroom cutscene begins.	transcript:625	https://oldschool.runescape.wiki/w/Transcript:King's_Ransom?oldid=15289962	high
kingsransom	King's Ransom	yes	2	scene	Transcript section 'Searching the statue near Camelot castle' -- on searching the statue	Anna, David, Morgan Le Faye	Player watches Anna and David gloat, Morgan Le Faye appears and knocks the player out, who wakes in the cell with the knights.	A cutscene begins.	transcript:816	https://oldschool.runescape.wiki/w/Transcript:King's_Ransom?oldid=15289962	high
kingsransom	King's Ransom	yes	3	scene	Transcript section 'Talking to Merlin' / 'Reaching for the vent' -- when the player suggests a plan to escape the cell	Merlin, Arthur's knights	The knights form a pyramid so Merlin (and later the player) can climb out through the vent.	The knights form a pyramid, allowing Merlin to escape.	transcript:977	https://oldschool.runescape.wiki/w/Transcript:King's_Ransom?oldid=15289962	low
landofthegoblins	Land of the Goblins	yes	1	camera	Transcript section 'Talking to Zanik/Oldak' -- choosing 'What was this new dream?'	Grubfoot,Zanik,Player	Cutscene showing Grubfoot dream vision of a lush distant land with peaceful goblins, narrated by Grubfoot.	{{qact|Cutscene begins, showing a distant, lush, foreign land with goblins.}}	transcript:182	https://oldschool.runescape.wiki/w/Transcript:Land_of_the_Goblins?oldid=15309118	high
landofthegoblins	Land of the Goblins	yes	2	scene	Transcript section 'Activating the machine' -- entering 9-4-1 and activating the machine	Zanik,Oldak	Cutscene: the machine works, screen fades to black and player, Zanik and Oldak arrive in the barren wasteland of Yu'biusk.	{{qact|The screen fades to black. The player, Zanik, and Oldak arrive at a barren wasteland.}}	transcript:1174	https://oldschool.runescape.wiki/w/Transcript:Land_of_the_Goblins?oldid=15309118	high
losttribe	The Lost Tribe	yes	1	scene	Transcript section 'Delivering the treaty' -- after Mistag summons Ur-tag	Mistag, Ur-tag, Duke Horacio, Sigmund	Fade to black, then the treaty signing in the Lumbridge dining room; camera pans out to show Sigmund eavesdropping and threatening the goblins.	Fade to black and a cutscene starts	transcript:526	https://oldschool.runescape.wiki/w/Transcript:The_Lost_Tribe?oldid=15322071	high
lunardiplomacy	Lunar Diplomacy	yes	1	interface	Transcript section 'Talking to Captain Bentley before setting sail' -- after asking to sail to Lunar Isle	Captain Bentley, Parrot	A cutscene of the boat circling the island on a map plays (the ship sails in a circle instead of arriving); it repeats when you ask to try again.	Cutscene of boat circling island on map plays.	transcript:386	https://oldschool.runescape.wiki/w/Transcript:Lunar_Diplomacy?oldid=15345870	high
lunardiplomacy	Lunar Diplomacy	yes	2	fade	Transcript section 'Talking to Captain Bentley on Lunar Isle' -- choosing 'Can you take me back to Rellekka please?'	Captain Bentley	Screen fades to black and the player is taken to Pirates' Cove.	(Fade to black and the player is taken to Pirates' Cove.)	transcript:2020	https://oldschool.runescape.wiki/w/Transcript:Lunar_Diplomacy?oldid=15345870	high
lunardiplomacy	Lunar Diplomacy	yes	3	interface	Transcript section 'Talking to Captain Bentley on Pirates' Cove after visiting Lunar Isle' -- asking to head to Lunar Isle	Captain Bentley	A cutscene of the boat travelling to Lunar Isle plays on later voyages.	(Cutscene of boat travelling to Lunar Isle.)	transcript:2031	https://oldschool.runescape.wiki/w/Transcript:Lunar_Diplomacy?oldid=15345870	high
makingfriendswithmyarm	Making Friends with My Arm	yes	1	scene	Transcript section 'Talking to Larry' -- asking to borrow his boat for My Arm	Larry,My Arm	Short cutscene showing My Arm arriving and frightening Larry.	a short cutscene will play, showing My Arm's arrival.	page:83	https://oldschool.runescape.wiki/w/Making_Friends_with_My_Arm?oldid=15345660	high
makingfriendswithmyarm	Making Friends with My Arm	yes	2	scene	Transcript section 'Meeting with Mother' -- asking Odd Mushroom about Mother's respect for fighting	Odd Mushroom,Wise Young Man,Black Guard,ice trolls	A flashback cutscene of Keldagrim where the Black Guard are attacked by ice trolls and the Wise Young Man drives the trolls away.	A cutscene of the past plays, where the Black Guard were attacked by ice trolls.	transcript:382	https://oldschool.runescape.wiki/w/Transcript:Making_Friends_with_My_Arm?oldid=14894540	high
makingfriendswithmyarm	Making Friends with My Arm	yes	3	scene	Transcript section 'Impressing Mother' -- presenting the 'dead' Wise Old Man to Mother	Mother,My Arm,Snowflake,Odd Mushroom,Wise Old Man	Group brings the coffin to Mother; Wise Old Man farts, Mother attacks and imprisons the group (watched scripted sequence; the word cutscene is not used).	"You, My Arm, Snowflake, Odd Mushroom, and a ""dead"" Wise Old Man go see Mother."	transcript:519	https://oldschool.runescape.wiki/w/Transcript:Making_Friends_with_My_Arm?oldid=14894540	medium
makingfriendswithmyarm	Making Friends with My Arm	yes	4	scene	Transcript section 'A New Leader' -- after Mother is defeated	Snowflake,My Arm,Wise Old Man	Snowflake summons the village, claims the throne and the wedding of Snowflake and My Arm plays out with the ancient dance of love (word cutscene not used).	Snowflake and My Arm perform the ancient dance of love, while the player and the Wise Old Man dance together.	transcript:638	https://oldschool.runescape.wiki/w/Transcript:Making_Friends_with_My_Arm?oldid=14894540	medium
makinghistory	Making History	yes	1	camera	Transcript section 'Talking to Jorral' -- choosing 'Tell me more.' at the quest start	Jorral,Narration	A cutscene with narration about the outpost's history plays before the player is asked to start the quest.	*** {{qact|A cutscene appears.}}	transcript:31	https://oldschool.runescape.wiki/w/Transcript:Making_History?oldid=15263331	high
meatandgreet	Meat and Greet	unclear	0		Transcript section 'Guerilla marketing' -- talking to Lelia with a test kebab and choosing 'I think so.'	Lelia, Colosseum Announcer, Minotaur	The player is walked onto the colosseum floor, the announcer introduces the kebab and the player eats it as scripted before the minotaur turns hostile; no camera, fade or cutscene wording, so a scripted scene is possible but not confirmed.	*** {{qact|The player walks onto the colosseum.}}	transcript:444	https://oldschool.runescape.wiki/w/Transcript:Meat_and_Greet?oldid=15263407	low
misc	Throne of Miscellania	no	0		Whole quest		"Only ordinary dialogue and the regency ceremony line by line; no camera, fade or scripted npc scene. Rejected grep hits: only the ""Look over there! A King Black Dragon!"" dialogue option; page grep was empty."	* {{qact|Congratulations! Quest complete!}}	transcript:1407	https://oldschool.runescape.wiki/w/Transcript:Throne_of_Miscellania?oldid=15263296	high
misc_astrid	Throne of Miscellania	no	0					No grep hits for cutscene/camera/fade/scene keywords. Rejected: marriage ceremony put off (page) and regency ceremony which is only dialogue with Ghrim.	page:75	https://oldschool.runescape.wiki/w/Throne_of_Miscellania?oldid=15354772	high
misthalinmystery	Misthalin Mystery	yes	1	scene	Walkthrough 'Riddle 1' / transcript 'Sid's demise' -- heading north of the fountain on the island	Sid, Killer	A cutscene shows the killer creeping up behind Sid at the party and stabbing him.	Head north of the fountain to trigger a cutscene, where [[Sid]] is murdered by the [[Killer]].	page:32	https://oldschool.runescape.wiki/w/Misthalin_Mystery?oldid=15292395	high
misthalinmystery	Misthalin Mystery	yes	2	scene	Walkthrough 'Riddle 1' / transcript 'Tayten's demise' -- opening the door with the red topaz knob	Tayten, Killer	A cutscene shows the killer leaping from a wardrobe to stab Tayten, then slipping a note under the door and escaping via the closet.	This will trigger another cutscene, where [[Tayten]] is murdered by the [[killer]] hiding in the wardrobe.	page:36	https://oldschool.runescape.wiki/w/Misthalin_Mystery?oldid=15292395	high
misthalinmystery	Misthalin Mystery	yes	3	scene	Walkthrough 'Riddle 2' / transcript 'Run in with Lacey' -- heading north of the manor	Lacey, Killer	A cutscene shows Lacey tied up while the Killer quizzes her about the vampyre; the player picks a reply and Lacey is killed.	Climb over the wall, and head north of the manor to trigger another cutscene, where [[Lacey]] is tied up.	page:45	https://oldschool.runescape.wiki/w/Misthalin_Mystery?oldid=15292395	high
misthalinmystery	Misthalin Mystery	yes	4	scene	Walkthrough 'Riddle 3' / transcript 'Mandy in the kitchen' -- attempting to open the kitchen doors	Mandy, Killer	A cutscene shows Mandy in the kitchen being apparently killed by the Killer, who leaves a third note.	another cutscene will occur where she is apparently killed by the [[Killer]].	page:54	https://oldschool.runescape.wiki/w/Misthalin_Mystery?oldid=15292395	high
misthalinmystery	Misthalin Mystery	yes	5	scene	Walkthrough 'Showdown' / transcript 'Confronting the killer' -- opening the westernmost door	Killer	A cutscene where the player confronts the Killer, who taunts them before the final fight; clicking early ends it and forces the player out of the room.	Open the westernmost door, and a cutscene will occur where the player confronts the [[Killer]].	page:68	https://oldschool.runescape.wiki/w/Misthalin_Mystery?oldid=15292395	high
mm	Monkey Madness I	yes	1	scene	Transcript section 'Talking to Waydar / Chapter 1 end' -- after Waydar orders Lumdo to ferry you to Ape Atoll, a 'Meanwhile, far away in Karamja...' scene plays	G.L.O. Caranock, Foreman	Cut away from the player to the shipyard where Caranock and the foreman talk about removing the human and the restless workers, then Chapter 2 title card.	Meanwhile, far away in Karamja...	transcript:519	https://oldschool.runescape.wiki/w/Transcript:Monkey_Madness_I?oldid=15263300	high
mm	Monkey Madness I	yes	2	camera	Transcript section 'Upon solving the puzzle' -- on placing the final piece of the reinitialisation puzzle	Waydar, Daero	A cutscene plays as the screen shakes, showing the military gliders unfolding in the hangar.	A cutscene plays as the screen shakes, showing the military gliders unfolding.	transcript:401	https://oldschool.runescape.wiki/w/Transcript:Monkey_Madness_I?oldid=15263300	high
mm	Monkey Madness I	yes	3	scene	Transcript section 'Talking to Zooknock' (Chapter 2 end) -- after Zooknock enchants the talisman, 'Meanwhile, somewhere far below the Ape Atoll...'	G.L.O. Caranock, Waydar	Player watches Caranock and Waydar plot to have the 10th squad killed and blame humans; ends with Chapter 3 title card.	Meanwhile, somewhere far below the Ape Atoll...	transcript:1181	https://oldschool.runescape.wiki/w/Transcript:Monkey_Madness_I?oldid=15263300	high
mm	Monkey Madness I	yes	4	fade	Transcript section 'Talking to Kruk' -- when transformed as a Karamjan monkey and Kruk leads you on	Kruk, Awowogei	Screen fades in and out and the player is placed in Awowogei's throne room.	Screen fades in and out. The player is now in Awowogei's throne room.	transcript:1287	https://oldschool.runescape.wiki/w/Transcript:Monkey_Madness_I?oldid=15263300	high
mm	Monkey Madness I	yes	5	scene	Transcript section 'Talking to Garkor' (Chapter 3 end) -- Garkor narrates and 'Somewhere far below the Ape Atoll...' plays out	G.L.O. Caranock, Awowogei, Waydar, Garkor	Player watches the overheard conversation in which Caranock and Waydar persuade Awowogei to kill the 10th squad; ends with Chapter 4 title card.	Somewhere far below the Ape Atoll...	transcript:1402	https://oldschool.runescape.wiki/w/Transcript:Monkey_Madness_I?oldid=15263300	high
mm	Monkey Madness I	yes	6	camera	Transcript section 'Equipping the sigil' -- after choosing 'Yes' to be teleported to the final battle	Garkor	A cutscene begins as the screen shakes and the camera slowly zooms out from the giant monkey statue in the underground banana plantation.	A cutscene begins as the screen starts to shake. The camera slowly zooms out from the giant monkey statue in the underground banana plantation.	transcript:1493	https://oldschool.runescape.wiki/w/Transcript:Monkey_Madness_I?oldid=15263300	high
mm	Monkey Madness I	yes	7	fade	Transcript section 'Approaching the bamboo gate' -- when close to the Ape Atoll gate you are hit by poisoned arrows	Trefaji, Aberab	Player is knocked out by arrows and wakes up in a jail cell (a knockout and teleport).	You have been hit by poisoned arrows and knocked out!	transcript:571	https://oldschool.runescape.wiki/w/Transcript:Monkey_Madness_I?oldid=15263300	low
monkeymadnessii	Monkey Madness II	yes	1	scene	Transcript section 'At Glough's secret lab' -- after defeating the tortured gorillas while disguised as Kruk	Glough,Kruk (player disguised)	Cutscene in which the disguised player meets Glough, who explains the mutagen plan, pulls a lever and teleports away.	During the [[cutscene]] in which the player (disguised as [[Kruk]]) meets Glough, he teleports out of the cage	page:426	https://oldschool.runescape.wiki/w/Monkey_Madness_II?oldid=15357471	high
monkeymadnessii	Monkey Madness II	yes	2	camera	Transcript section 'Talking to Garkor' (Chapter III end) -- after reporting Awowogei called off the attack	Garkor,Glough,Assistant Le Smith	Screen rumbles; camera pans to a looming shadow to the east and fades to black, showing Glough ordering his airship to the Grand Tree, then returns to the player.	{{qact|The camera pans to the looming shadow, and the screen fades to black.}}	transcript:677	https://oldschool.runescape.wiki/w/Transcript:Monkey_Madness_II?oldid=15357465	high
monkeymadnessii	Monkey Madness II	yes	3	camera	Transcript section 'Talking to Nieve' -- after choosing 'Yes' to recruit Nieve (no pet following)	Nieve,Glough,Assistant Le Smith	Cutscene of Glough airship arriving at the Grand Tree, fade to black to the cockpit with Glough and Le Smith, then camera returns to the player.	{{qact|A cutscene plays in which Glough's airship arrives at the Stronghold.}}	transcript:716	https://oldschool.runescape.wiki/w/Transcript:Monkey_Madness_II?oldid=15357465	high
monkeymadnessii	Monkey Madness II	yes	4	scene	Walkthrough -- entering the Crash Site Cavern and facing Glough with Nieve	Glough,Nieve,Tortured gorilla	A cutscene on entering the cavern shows Glough sending tortured gorillas at the player and Nieve; the fight starts after it ends.	After the cutscene ends, the two tortured gorillas will move in and attack	page:264	https://oldschool.runescape.wiki/w/Monkey_Madness_II?oldid=15357471	medium
monkeymadnessii	Monkey Madness II	yes	5	fade	Transcript section 'After defeating Glough' -- when Glough falls	Zooknock	Cavern collapses, screen fades to white and the player is teleported to the cavern entrance where Zooknock speaks.	{{qact|The screen fades to white, and the player appears by the cavern entrance.}}	transcript:790	https://oldschool.runescape.wiki/w/Transcript:Monkey_Madness_II?oldid=15357465	medium
monkeymadnessii	Monkey Madness II	yes	6	scene	Transcript section 'Reporting back to King Narnode' -- after the king talks of the peace treaty	Awowogei,King Narnode Shareen	Ending cutscene of Awowogei and King Narnode negotiating peace with the player as witness.	a cutscene will ensue where Awowogei will negotiate a peace treaty with King Narnode Shareen with you as witness	page:340	https://oldschool.runescape.wiki/w/Monkey_Madness_II?oldid=15357471	high
mortton	Shades of Mort'ton	no	0					Grep hits rejected: a Map template zoom=2 parameter; the only transcript hit was the Quest complete line; burning the shade remains only makes a reward appear, no camera or fade	page:51; transcript:446	https://oldschool.runescape.wiki/w/Shades_of_Mort'ton?oldid=15292280	high
mountaindaughter	Mountain Daughter	no	0		Whole quest		"Listening to the Shining pool is a voice heard in tbox text with no camera or fade; the rest is dialogue, a fight and a cave crawl. Rejected grep hits: only ""you see"" in dialogue and a Map zoom template."	{{tbox|You can clearly hear the voice coming from the water now.}}	transcript:200	https://oldschool.runescape.wiki/w/Transcript:Mountain_Daughter?oldid=15263308	high
mourningsendparti	Mourning's End Part I	no	0		Whole quest			Grep hits rejected: page 'skip to Poisoning the Food' (navigation), transcript 'Let's skip the backstory' (dialogue option), 'you see a bar of soap', 'I would help you but I am not a biologist'; no stage directions of camera/fade/scene.	page:135	https://oldschool.runescape.wiki/w/Mourning's_End_Part_I?oldid=15292327	high
mourningsendpartii	Mourning's End Part II	yes	1	camera	Walkthrough section 'Reaching the temple' -- on running to the temple entrance in the mines (transcript 'Reaching the temple')	Dig team (dead slaves and mourners)	A short cutscene shows the lifeless digging team at the temple entrance before the shadows attack.	You'll see a cutscene showing the digging team	page:72	https://oldschool.runescape.wiki/w/Mourning's_End_Part_II?oldid=15351344	medium
myarmsbigadventure	My Arm's Big Adventure	yes	1	scene	Transcript section 'Talking to Burntmeat' -- while he explains how he heard about goutweed	Burntmeat, Adventurer	A short cutscene shows Burntmeat cooking an adventurer whose dragon equipment covers goutweed; Burntmeat knocks aside the platelegs and uncovers it.	** {{qact|Cutscene begins.}}	transcript:25	https://oldschool.runescape.wiki/w/Transcript:My_Arm's_Big_Adventure?oldid=15314110	high
myarmsbigadventure	My Arm's Big Adventure	yes	2	scene	Transcript section 'Talking to Burntmeat after talking to My Arm' -- asking Burntmeat for directions to Death Plateau	Burntmeat	Cutscene while Burntmeat describes the route to Death Plateau (interrupting it is handled by a separate section).	** {{qact|Cutscene begins.}}	transcript:152	https://oldschool.runescape.wiki/w/Transcript:My_Arm's_Big_Adventure?oldid=15314110	medium
myarmsbigadventure	My Arm's Big Adventure	yes	3	fade	Transcript section 'Talking to My Arm after treating the patch' -- agreeing to travel to Tai Bwo Wannai	My Arm, Captain Barnaby	The screen fades and the player and My Arm appear at the Ardougne docks where Captain Barnaby is confronted.	* {{qact|Screen fades, player and My Arm appear at Ardougne docks.}}	transcript:351	https://oldschool.runescape.wiki/w/Transcript:My_Arm's_Big_Adventure?oldid=15314110	high
myarmsbigadventure	My Arm's Big Adventure	yes	4	scene	Transcript section 'Talking to My Arm at Ardougne docks' -- after Captain Barnaby agrees to take you	My Arm, Captain Barnaby	Cutscene on the ship voyage to Brimhaven in which My Arm is seasick.	** {{qact|Cutscene begins.}}	transcript:372	https://oldschool.runescape.wiki/w/Transcript:My_Arm's_Big_Adventure?oldid=15314110	high
myarmsbigadventure	My Arm's Big Adventure	yes	5	scene	Transcript section 'Talking to Murcaily after talking to My Arm' -- after receiving the first hardy gout tuber	Murcaily, My Arm, Qutiedoll, Broodoo victim, Jagdakobo	Cutscene fading between Murcaily and the player and My Arm rampaging through the jungle, punching Qutiedoll, a broodoo victim and Jagdakobo.	**** {{qact|Fade to Murcaily and the player.}}	transcript:483	https://oldschool.runescape.wiki/w/Transcript:My_Arm's_Big_Adventure?oldid=15314110	high
myarmsbigadventure	My Arm's Big Adventure	yes	6	scene	Transcript section 'Talking to Murcaily' -- choosing to return to Ardougne for fighting gear	My Arm, Captain Barnaby	A second ship cutscene sailing back to Ardougne with the captain unhappy to see them again.	***** {{qact|Cutscene begins.}}	transcript:542	https://oldschool.runescape.wiki/w/Transcript:My_Arm's_Big_Adventure?oldid=15314110	high
myarmsbigadventure	My Arm's Big Adventure	yes	7	scene	Transcript section 'After My Arm plants the gout tubers' -- automatic after My Arm plants	My Arm, Drunken dwarf, Unnamed troll child	Cutscene where My Arm hits the drunken dwarf off the roof and a troll child comes up to eat him.	* {{qact|Cutscene begins.}}	transcript:669	https://oldschool.runescape.wiki/w/Transcript:My_Arm's_Big_Adventure?oldid=15314110	high
myarmsbigadventure	My Arm's Big Adventure	yes	8	scene	Transcript section 'After My Arm plants the gout tubers' -- directly after the dwarf scene	My Arm, Baby roc, Giant Roc	Second cutscene in which a baby roc flies to the goutweed and the Giant Roc appears and attacks, leading to the fights.	* {{qact|Baby roc appears.}}	transcript:682	https://oldschool.runescape.wiki/w/Transcript:My_Arm's_Big_Adventure?oldid=15314110	high
nightatthetheatre	A Night at the Theatre	yes	1	scene	Transcript section 'Talking to the Mysterious Stranger after getting Ranis' head' -- after giving him the head, 'Prepare yourself!'	Mysterious Stranger,Ranis Drakan,Vyrewatch,Verzik Vitur	First memory: cutscene of Ranis Drakan meeting Verzik in the Maiden's chamber.	The first of Ranis' memories are displayed in the player's mind.	transcript:194	https://oldschool.runescape.wiki/w/Transcript:A_Night_at_the_Theatre?oldid=15245915	high
nightatthetheatre	A Night at the Theatre	yes	2	scene	Transcript section 'Talking to the Mysterious Stranger after getting the eggs' -- second memory	Mysterious Stranger,Ranis Drakan,Verzik Vitur	Second memory: Ranis and Verzik in the Pestilent Bloat's chamber; ends with 'The cutscene ends'.	Ranis' second memory is viewed. Ranis, alongside Verzik, meet in the Pestilent Bloat's chamber.	transcript:389	https://oldschool.runescape.wiki/w/Transcript:A_Night_at_the_Theatre?oldid=15245915	high
nightatthetheatre	A Night at the Theatre	yes	3	scene	Transcript section 'Talking to the Mysterious Stranger after getting the eggs' -- third memory	Mysterious Stranger,Ranis Drakan,Verzik Vitur	Third memory: Ranis and Verzik in the nylocas chamber.	Ranis' third memory is viewed. Ranis, alongside Verzik, meet in the nylocas chamber.	transcript:408	https://oldschool.runescape.wiki/w/Transcript:A_Night_at_the_Theatre?oldid=15245915	high
nightatthetheatre	A Night at the Theatre	yes	4	scene	Transcript section 'Talking to the Mysterious Stranger after killing the Hespori' -- after giving the bark, fourth memory	Mysterious Stranger,Ranis Drakan,Verzik Vitur	Fourth memory: Ranis and Verzik in Sotetseg's chamber.	Ranis' fourth memory is viewed. Ranis, alongside Verzik, meet in Sotetseg's chamber.	transcript:544	https://oldschool.runescape.wiki/w/Transcript:A_Night_at_the_Theatre?oldid=15245915	high
nightatthetheatre	A Night at the Theatre	yes	5	scene	Transcript section 'Talking to the Mysterious Stranger after killing the Hespori' -- fifth memory	Mysterious Stranger,Ranis Drakan,Verzik Vitur	Fifth memory: Ranis and Verzik in Xarpus' chamber; a spider bites Verzik.	Ranis' fifth and final memory is viewed. Ranis, alongside Verzik, meet in Xarpus' chamber.	transcript:559	https://oldschool.runescape.wiki/w/Transcript:A_Night_at_the_Theatre?oldid=15245915	high
nightatthetheatre	A Night at the Theatre	yes	6	scene	Transcript section 'Talking to the Mysterious Stranger after completing the Theatre of Blood' -- 'Prepare yourself!' final memory	Mysterious Stranger,Verzik Vitur,Nylocas Queen,Doctor	Final memory: Verzik explodes into the Nylocas Queen, the cutscene fades to black. Afterwards a mind-threshold conversation with the Mysterious Master follows.	As the cutscene fades to black, spiders can be heard attacking the doctor, killing him. The memory ends here.	transcript:729	https://oldschool.runescape.wiki/w/Transcript:A_Night_at_the_Theatre?oldid=15245915	high
olafsquest	Olaf's Quest	no	0					Grep hits rejected: Olaf's dialogue line 'you see that heap of driftwood' and the Quest complete line; digging into the pit, opening the chest and Ulfric are plain messages and a fight	transcript:21; transcript:209	https://oldschool.runescape.wiki/w/Transcript:Olaf's_Quest?oldid=15327398	high
onesmallfavour	One Small Favour	yes	1	scene	Transcript section 'Walking near the Sculpture' -- walking near the petrified Petra in the Goblin Cave	Petra	A short cutscene highlights Petra as a sculpture.	{{tact|A short cutscene highlighting Petra as a sculpture plays.}}	transcript:831	https://oldschool.runescape.wiki/w/Transcript:One_Small_Favour?oldid=15270998	high
onesmallfavour	One Small Favour	yes	2	scene	Transcript section 'After fixing the lights' -- after choosing 'I've fixed all the lights!' to Gnormadium	Gnormadium Avlafrim	A cutscene shows the landing lights being turned on.	{{tact|Cutscene plays of the lights being turned on.}}	transcript:1119	https://oldschool.runescape.wiki/w/Transcript:One_Small_Favour?oldid=15270998	high
pandemonium	Pandemonium	unclear	0		Transcript sections 'Deploying the salvaging hook' and 'Swimming to shore' -- Anne pushes the player overboard and the player then appears at the Pandemonium	Anne, Will	No cutscene/camera/fade wording anywhere; only a scripted push overboard (page has a video 'Anne pushing you off the boat') followed by the player arriving at the island. Likely a brief scripted animation and relocation, not a full cutscene. Only grep hit was 'seem' in Steve Beanie dialogue.	Anne pushes the player overboard.	transcript:242	https://oldschool.runescape.wiki/w/Transcript:Pandemonium?oldid=15353988	low
pathofglouphrie	The Path of Glouphrie	yes	1	scene	Transcript section 'Bolrie's Diary' -- Chapter 1. Bad advice (reading the lectern diary in the strongroom)	King Bolrie,Advisor	Diary cutscene of Bolrie and his advisor discussing King Healthorg, narrated by Bolrie.	* {{qact|King Bolrie is seen with his advisor, walking towards him.}}	transcript:101	https://oldschool.runescape.wiki/w/Transcript:The_Path_of_Glouphrie?oldid=15356744	medium
pathofglouphrie	The Path of Glouphrie	yes	2	scene	Transcript section 'Bolrie's Diary' -- Chapter 2. The King is dead	Bolrie	Diary cutscene showing a statue of King Healthorg and election campaign posters for Bolrie and Argenthorg.	* {{qact|Posters are posted showing Bolrie and Argenthorg campaigning for the election.}}	transcript:120	https://oldschool.runescape.wiki/w/Transcript:The_Path_of_Glouphrie?oldid=15356744	medium
pathofglouphrie	The Path of Glouphrie	yes	3	scene	Transcript section 'Bolrie's Diary' -- Chapter 3. Eyes opened (end reveals the advisor as Glouphrie)	King Bolrie,Advisor,Argenthorg,Yewnock,Glouphrie the Untrusted	Diary cutscene of a saboteur planting illusions, Yewnock activating his machine, and the advisor transforming into Glouphrie. The page also says a brief cutscene reveals Dumpling as an evil creature when the machine puzzle is solved (possibly the same scene).	The scene switches to Yewnock the Engineer, calibrating and activating his anti-illusion machine.	transcript:140	https://oldschool.runescape.wiki/w/Transcript:The_Path_of_Glouphrie?oldid=15356744	medium
pathofglouphrie	The Path of Glouphrie	yes	4	fade	Transcript section 'Talking to the spirit tree after talking to Longramble' -- Hazelmere mind meld	Hazelmere,Incomitatus (spirit tree)	Screen fades to black and Incomitatus is seen rotating while Hazelmere probes the tree through the player.	{{qact|The screen fades to black, and Incomitatus is seen rotating slowly anti-clockwise.}}	transcript:368	https://oldschool.runescape.wiki/w/Transcript:The_Path_of_Glouphrie?oldid=15356744	high
pathofglouphrie	The Path of Glouphrie	yes	5	scene	Transcript section 'Using the crystal chime on the spirit tree'	Spirit Tree,Hazelmere	Cutscene of the player using the chimes and Incomitatus being healed.	{{qact|A cutscene plays in which the player uses the chimes and Incomitatus is healed to perfect health.}}	transcript:434	https://oldschool.runescape.wiki/w/Transcript:The_Path_of_Glouphrie?oldid=15356744	high
pathofglouphrie	The Path of Glouphrie	yes	6	scene	Transcript section 'The Warped Depths' -- opening the heavy door after killing the Warped Terrorbirds	Terrorbird Guard 21,Terrorbird Guard 72,Hazelmere	Cutscene of two terrorbird guards pressing the alarm, room filling with tar and toxic gas, fade to black, Hazelmere teleporting the player out.	{{qact|A cutscene plays in which two Terrorbird Guards are guarding a door.}}	transcript:447	https://oldschool.runescape.wiki/w/Transcript:The_Path_of_Glouphrie?oldid=15356744	high
perilousmoons	Perilous Moons	yes	1	fade	Transcript section 'Talking to Zuma or Attala' -- after Attala agrees Zuma may join, outside the city entrance	Zuma,Attala	Screen briefly fades to black while Zuma disappears into the city (brief fade, no watched scene; flagged low).	The screen briefly fades to black, and Zuma disappears into the city.	transcript:102	https://oldschool.runescape.wiki/w/Transcript:Perilous_Moons?oldid=15237571	medium
perilousmoons	Perilous Moons	yes	2	scene	Transcript section 'Using an enchanted talisman on the blacksmith' -- after asking 'Can you help?'	Blacksmith	Blacksmith takes the talismans to the forge and then to the anvil to infuse them while the player watches.	A cutscene begins. The blacksmith brings the talismans to the forge, then brings it to the anvil.	transcript:621	https://oldschool.runescape.wiki/w/Transcript:Perilous_Moons?oldid=15237571	high
perilousmoons	Perilous Moons	yes	3	camera	Transcript section 'Encountering the Eclipse Moon' -- entering the Eclipse Moon boss area	Zuma,Eclipse Moon	Zuma is seen approaching the Eclipse Moon, is nearly killed by it and walks away.	A cutscene begins. Zuma is seen approaching the Eclipse Moon.	transcript:934	https://oldschool.runescape.wiki/w/Transcript:Perilous_Moons?oldid=15237571	high
porcineofinterest	A Porcine of Interest	yes	1	scene	Transcript section 'Investigating the skeleton' -- inspecting the skeleton in the cave	Pig Thing, Spria	A Pig Thing appears and sprays acid, the screen fades to black, then Spria enters the cave, approaches the unconscious player and the player wakes in her Draynor house.	* {{qact|The screen fades to black.}}	transcript:142	https://oldschool.runescape.wiki/w/Transcript:A_Porcine_of_Interest?oldid=15329100	high
porcineofinterest	A Porcine of Interest	yes	2	fade	Transcript section 'Talking to Spria' (Finishing up) -- when she upgrades existing slayer helms	Spria	The screen briefly fades to black while Spria upgrades the player's slayer helm; no watched scene.	** {{qact|The screen briefly fades to black}}	transcript:353	https://oldschool.runescape.wiki/w/Transcript:A_Porcine_of_Interest?oldid=15329100	medium
pryingtimes	Prying Times	no	0		Whole quest		"No cutscene; grep hits were only ""skip"" (skippable troll fight, skip-the-fight advice) and a dialogue line with ""scallywag""."	If you want to skip the following fight, return to the buoys before drinking it	page:57	https://oldschool.runescape.wiki/w/Prying_Times?oldid=15315235	high
queenofthieves	The Queen of Thieves	no	0		Whole quest		"Only ordinary dialogue and tbox messages (killing Conrad King, giving stew). Grep hits rejected: ""you see Conrad King on the dock"" walkthrough sentence and a Sanford and Son trivia note."	* {{tbox|You brutally murder Conrad King. You monster.}}	transcript:186	https://oldschool.runescape.wiki/w/Transcript:The_Queen_of_Thieves?oldid=14962997	high
ragandboneman	Rag and Bone Man I	no	0		Whole quest		"Dialogue with the Odd Old Man and bone-polishing tasks only. Grep hits rejected: ""if you see some bring them right over"" and a ""pot-boiler"" hop-world note; no qact/tbox stage directions."	I'm always on the lookout for fresh bones, so if you see some bring them right over.	transcript:201	https://oldschool.runescape.wiki/w/Transcript:Rag_and_Bone_Man_I?oldid=15330894	high
ratcatchers	Ratcatchers	yes	1	scene	Walkthrough section 'Charming the rats' -- after playing the tune on the snake charm on the Port Sarim docks	Rats	You watch rats appear, drawn to the music, and lead themselves into the ocean (Pied Piper).	You'll see a cutscene where you lead the rats into the ocean.	page:176	https://oldschool.runescape.wiki/w/Ratcatchers?oldid=15351359	high
recruitmentdrive	Recruitment Drive	no	0					Only hits were the word 'see' in Sir Ren Itchood's riddle dialogue (transcript lines 140,158,179); no cutscene, camera or fade text in page or transcript. Failing a test is a plain teleport.	transcript:140	https://oldschool.runescape.wiki/w/Transcript:Recruitment_Drive?oldid=15324591	high
redreef	The Red Reef	no	0		Whole quest		"Diving, sailing and boss fights are player-controlled; tbox lines like ""As you approach the island, you spot some pirate boats circling."" are only messages. Grep hits rejected: ""Have you seen Floopa?"" dialogue and ""skip ship combat"" notes."	* {{tbox|As you approach the island, you spot some pirate boats circling.}}	transcript:264	https://oldschool.runescape.wiki/w/Transcript:The_Red_Reef?oldid=15353287	high
regicide	Regicide	yes	1	scene	Walkthrough section 'Committing Regicide' -- using the barrel bomb on the catapult outside Tyras Camp after giving the guard rabbit meat	King Tyras (tent), catapult guard	Cutscene of your character loading the barrel onto the catapult and launching it so it explodes on King Tyras' tent.	You will see a cutscene of your character loading the barrel onto the catapult and launching it at [[King Tyras]]' camp	page:165	https://oldschool.runescape.wiki/w/Regicide?oldid=15347677	high
rfd_amikvarze	Recipe for Disaster/Freeing Sir Amik Varze	yes	1	fade	Transcript section 'Rubbing Dragon token while in Zanaris or Lumbridge' -- rubbing the dragon token	K'klik	World fades to black when the token is rubbed and the player speaks with K'klik, who flambes the creme brulee; page calls it 'the scene' and it is a fade plus dialogue, no clear watched scene.	The world begins to fade...	transcript:150	https://oldschool.runescape.wiki/w/Transcript:Recipe_for_Disaster/Freeing_Sir_Amik_Varze?oldid=15320992	low
rfd_dwarf	Recipe for Disaster/Freeing the Mountain Dwarf	no	0		Whole quest		No cutscene found.	(none) hits: 'dream' in Rohak dialogue only; 'watch the dwarf make the cake' tbox and 'Several beers later' tbox are item/dialogue text		https://oldschool.runescape.wiki/w/Transcript:Recipe_for_Disaster/Freeing_the_Mountain_Dwarf?oldid=15315379	medium
rfd_evildave	Recipe for Disaster/Freeing Evil Dave	no	0					Hits rejected: only {{tact|other}} and {{tact|previous}} dialogue-branch markers plus the ordinary word 'fellow'; no cutscene, fade or camera text in page or transcript.	transcript:43	https://oldschool.runescape.wiki/w/Transcript:Recipe_for_Disaster/Freeing_Evil_Dave?oldid=15263695	medium
rfd_finale	Recipe for Disaster/Defeating the Culinaromancer	yes	1	scene	Transcript 'Starting off' -- right after freeing the last council member	Aris,Culinaromancer	Aris casts Tempus procedit to restart time, the Culinaromancer is freed, exclaims, and teleports away leaving a portal.	A cutscene starts right after freeing the last council member.	transcript:6	https://oldschool.runescape.wiki/w/Transcript:Recipe_for_Disaster/Defeating_the_Culinaromancer?oldid=15354817	high
rfd_goblins	Recipe for Disaster/Freeing the Goblin generals	yes	1	scene	Transcript section 'Talking to the goblin cook again with charcoal in inventory' -- giving the cook the charcoal	Goblin Cook (Mudknuckles), Goblin 1, Goblin 2	The cauldron explodes and the screen goes white, goblins on the surface watch the cauldron fly through the roof, then the camera shows Mudknuckles stuck to the wall.	{{qact|The camera shows Mudknuckles stuck to the wall as he slowly peels himself off and hitting the ground}}	transcript:143	https://oldschool.runescape.wiki/w/Transcript:Recipe_for_Disaster/Freeing_the_Goblin_generals?oldid=15263689	high
rfd_intro	Recipe for Disaster/Another Cook's Quest	yes	1	camera	Transcript section 'The Lumbridge Secret Council' -- on entering the Lumbridge Castle dining hall	Duke Horacio, Osman, Selim, Mountain Dwarf, Pirate Pete, Wartface, Bentnoze, Skrach Uglogwee, Lumbridge Guide, Evil Dave, Sir Amik Varze, Culinaromancer, Aris, Evil Bob	Screen fades in, the camera pans across each seated dignitary while they speak, the Culinaromancer teleports in, Aris freezes everyone in time, and the screen fades to black.	* {{Qact|Screen fades out and in as the player enters the dining hall. Cutscene begins, zooming in on Duke Horacio.}}	transcript:196	https://oldschool.runescape.wiki/w/Transcript:Recipe_for_Disaster/Another_Cook's_Quest?oldid=15263687	high
rfd_lumbridgeguide	Recipe for Disaster/Freeing the Lumbridge Guide	no	0					Only hits: 'vision' qacts in Traiborn's egg quiz (a quiz picture of an NPC, not a scene) and 'The player is shown a group of items'; no cutscene, camera or fade text.	transcript:99	https://oldschool.runescape.wiki/w/Transcript:Recipe_for_Disaster/Freeing_the_Lumbridge_Guide?oldid=15263696	medium
rfd_monkey	Recipe for Disaster/Freeing King Awowogei	yes	1	fade	Transcript section where King Awowogei eats the stuffed snake -- after asking him for the Ape Atoll teleport spell	King Awowogei	Awowogei says the explanation will take a while and the screen fades to black as a time skip; afterwards the player has learned the spell. No watched scene.	* {{qact|The screen fades to black.}}	transcript:580	https://oldschool.runescape.wiki/w/Transcript:Recipe_for_Disaster/Freeing_King_Awowogei?oldid=15263700	high
rfd_ogre	Recipe for Disaster/Freeing Skrach Uglogwee	yes	1	scene	Transcript section 'Talking to Rantz' -- after suggesting a tree for the boat hull	Rantz	Screen fades to a cutscene in which Rantz finds an old tree and kicks it over.	Screen fades to a cutscene.	transcript:134	https://oldschool.runescape.wiki/w/Transcript:Recipe_for_Disaster/Freeing_Skrach_Uglogwee?oldid=15263699	high
rfd_ogre	Recipe for Disaster/Freeing Skrach Uglogwee	yes	2	scene	Transcript section on Rantz and the bow -- after Rantz prepares to shoot	Rantz	Rantz shoots an arrow out to sea; a short watched action, not labelled a cutscene.	Rantz shoots an arrow out to sea.	transcript:179	https://oldschool.runescape.wiki/w/Transcript:Recipe_for_Disaster/Freeing_Skrach_Uglogwee?oldid=15263699	low
rfd_pirate	Recipe for Disaster/Freeing Pirate Pete	yes	1	scene	Transcript section 'Talking to Murphy again again' -- choosing to go diving while properly equipped	Murphy	A cutscene plays of Murphy taking the player out on a boat before the player is left at the anchor chain.	***** {{tact|(Cutscene plays of Murphy taking the player out on a boat.)}}	transcript:232	https://oldschool.runescape.wiki/w/Transcript:Recipe_for_Disaster/Freeing_Pirate_Pete?oldid=15342716	high
rfd_pirate	Recipe for Disaster/Freeing Pirate Pete	yes	2	camera	Transcript section 'Talking to Nung' -- after Nung points to where the big skippies live	Nung	A cutscene highlights the Underwater Cavern Entrance (camera shows the cave location) while Nung explains.	* {{tact|(Cutscene highlighting the Underwater Cavern Entrance plays.)}}	transcript:279	https://oldschool.runescape.wiki/w/Transcript:Recipe_for_Disaster/Freeing_Pirate_Pete?oldid=15342716	high
ribbitingtale	The Ribbiting Tale of a Lily Pad Labour Dispute	yes	1	scene	Transcript section 'Watching the frog hop-off' -- returning to Gary and Sue to begin the election	Gary, Sue, Cuthbert, frogs, capybara	Frogs and capybara gather by the water while Sue and Cuthbert hop onto the lily pad; Cuthbert sinks and dies.	{{qact|A cutscene starts. All the frogs and capybara gather by the water.}}	transcript:226	https://oldschool.runescape.wiki/w/Transcript:The_Ribbiting_Tale_of_a_Lily_Pad_Labour_Dispute?oldid=15005191	high
ribbitingtale	The Ribbiting Tale of a Lily Pad Labour Dispute	yes	2	fade	Transcript section 'Telling Marcellus of the evidence' -- after telling Marcellus about the dung pile	Marcellus	Screen briefly fades to black while Marcellus goes to check the dung.	{{qact|The screen briefly fades to black.}}	transcript:391	https://oldschool.runescape.wiki/w/Transcript:The_Ribbiting_Tale_of_a_Lily_Pad_Labour_Dispute?oldid=15005191	high
routequest	In Search of the Myreque	yes	1	scene	Transcript section 'Speaking to Veliaf after introduced to other members' -- giving Veliaf the weapons	Veliaf Hurtz, Vanstrom Klause, Harold Evans, Sani Piliu	Mist fills the hideout, Vanstrom reveals himself as a vampyre, kills Sani and Harold with Blood Barrage and summons a Skeleton Hellhound; the fight starts when the cutscene ends.	Cutscene begins	transcript:675	https://oldschool.runescape.wiki/w/Transcript:In_Search_of_the_Myreque?oldid=15328888	high
rovingelves	Roving Elves	no	0					Only hit: qact 'Congratulations! Quest complete!' (quest-complete scroll, not a cutscene); page grep empty	transcript:182	https://oldschool.runescape.wiki/w/Transcript:Roving_Elves?oldid=15272093	high
royaltrouble	Royal Trouble	yes	1	scene	Transcript section 'Talking to Prince Brand' (or 'Talking to Princess Astrid') -- when asking about the war, the player, Astrid and Brand are moved to the throne room	Prince Brand, Princess Astrid	Player, Brand and Astrid are moved to the throne room for a scripted conversation about the war; marked as a cutscene that ends when they return.	Cutscene begins. The player, Princess Astrid, and Prince Brand are moved to the throne room.	transcript:92	https://oldschool.runescape.wiki/w/Transcript:Royal_Trouble?oldid=15263342	high
royaltrouble	Royal Trouble	yes	2	scene	Transcript section 'Squeezing through the crevice' -- on entering the crevice in the Giant Sea Snake dungeon	Armod, Signy, Hild, Reinn, Fullangr	Player watches the lost Fremennik kids argue among themselves until they are discovered.	Cutscene begins.	transcript:92	https://oldschool.runescape.wiki/w/Transcript:Royal_Trouble?oldid=15263342	high
rumdeal	Rum Deal	yes	1	scene	Transcript section 'Cutscene 1' -- after Pirate Pete knocks the player out with a bottle	Pirate Pete, Captain Braindeath	Pete delivers the tied-up unconscious player to Captain Braindeath and reveals his story was made up.	(Cutscene ends and dialogue continues below.)	transcript:98	https://oldschool.runescape.wiki/w/Transcript:Rum_Deal?oldid=15263329	high
rumdeal	Rum Deal	yes	2	camera	Transcript section 'Meeting Captain Braindeath' -- after the captain says 'Them!'	Captain Braindeath, zombie pirates	The camera pans out of the window to show the protesting zombie pirates.	The captian points out of the window....	transcript:123	https://oldschool.runescape.wiki/w/Transcript:Rum_Deal?oldid=15263329	high
rumdeal	Rum Deal	yes	3	camera	Page 'Trivia' -- when Davey blesses the wrench	Davey	The camera zooms in on the player who holds up the wrench and says 'Groovy'.	"the camera will zoom in on the player who then holds up the wrench and says ""Groovy""."	page:162	https://oldschool.runescape.wiki/w/Rum_Deal?oldid=15315444	medium
scrambled	Scrambled!	yes	1	scene	Transcript section 'Starting off' -- after starting the quest and choosing 'Of course!' to watch Wumty Scrumpty	Alan	Alan leaves to gather food; the player greets the egg and it falls to the ground and breaks.	A cutscene starts.	transcript:23	https://oldschool.runescape.wiki/w/Transcript:Scrambled%21?oldid=15356404	high
scrambled	Scrambled!	yes	2	scene	Transcript section 'Talking to Acatzin after receiving the axe' -- giving Acatzin his axe	Acatzin	A small cutscene shows Acatzin heading for the temple.	A small cutscene plays with Acatzin heading for the temple.	transcript:247	https://oldschool.runescape.wiki/w/Transcript:Scrambled%21?oldid=15356404	medium
scrambled	Scrambled!	yes	3	scene	Transcript section 'Judging the eggs' -- after all three painted eggs have been placed	Nezketi, Acatzin, Kauayotl	The King's men judge the chicken, dragon and jaguar eggs; the chosen egg is judged the best replacement and then all three eggs fall and break.	Once all three eggs have been given, a cutscene will play in which the eggs are judged.	page:93	https://oldschool.runescape.wiki/w/Scrambled%21?oldid=15323000	high
scrambled	Scrambled!	yes	4	scene	Transcript section 'Talking to any of King's men before putting Humphrey Dumphrey back together' -- after reassembling the egg	Nezketi, Kauayotl, Acatzin, Alan	The King's men leave, Alan returns and gives a speech about finding himself, then falls down the stairs; quest ends.	a cutscene will play in which you thank King's men before they take their leave	page:99	https://oldschool.runescape.wiki/w/Scrambled%21?oldid=15323000	high
secretsofthenorth	Secrets of the North	yes	1	scene	Transcript section 'Entering the salt mine' -- after choosing 'Yes' to entering the cave	General Khazard, Hazeel, assassin	Player is taken to the prison dungeon; Khazard and Hazeel argue, then the player and Khazard walk up to the assassin at a barrier and the fight begins.	Cutscene begins. The player arrives at a dungeon.	transcript:1019	https://oldschool.runescape.wiki/w/Transcript:Secrets_of_the_North?oldid=15263404	high
secretsofthenorth	Secrets of the North	yes	2	scene	Transcript section 'Defeating the creature' -- after Jhallan speaks with the player	Jhallan, assassin, General Khazard, Hazeel	The assassin appears and teleports away with Jhallan, the player runs to Khazard, Hazeel appears and the barrier disappears.	The assassin casts a spell and teleports him and Jhallan away.	transcript:1175	https://oldschool.runescape.wiki/w/Transcript:Secrets_of_the_North?oldid=15263404	low
shadowsofcustodia	Shadows of Custodia	no	0		Whole quest			Page grep empty; transcript hits only 'Did you see...' dialogue. Automatic 'take the boys/Antos back to Auburnvale' is a plain teleport with a message, no watched scene.	transcript	https://oldschool.runescape.wiki/w/Transcript:Shadows_of_Custodia?oldid=15303787	high
shadowstorm	Shadow of the Storm	unclear	0		Transcript section 'Getting in place' -- after chanting the incantation correctly (ritual)	Denath, Jennifer, Eric, Patrick, Matthew, Tanya	The ritual is a player-led chant; a magic circle appears and Denath vanishes while npcs react. Text has no camera, fade or control-loss wording, so it may be an in-world event only.	A magic circle appears in the floor...	transcript:589	https://oldschool.runescape.wiki/w/Transcript:Shadow_of_the_Storm?oldid=15263330	low
sinsofthefather	Sins of the Father	yes	1	scene	Transcript section 'Eavesdropping on Carl' -- after Carl reaches Kroy's lab undetected	Carl, Kroy, Damien Leucurte, Vanstrom Klause	Carl reports to Kroy that someone is asking about Bloody Bracer, then Damien and Vanstrom enter and discuss the Elixir of Everlasting while the player listens in.	a cutscene will play in which Carl tells [[Kroy]], a vampyre herbalist, about you and your suspicions.	page:93	https://oldschool.runescape.wiki/w/Sins_of_the_Father?oldid=15355652	high
sinsofthefather	Sins of the Father	yes	2	scene	Transcript section 'Meeting at the Haunted Woods' -- after meeting Ivan and Veliaf	Ivan Strom, Veliaf Hurtz, Damien Leucurte, werewolves, Vanescula Drakan	Werewolves bring prisoners to Damien; Vanescula appears, stuns Veliaf and snares the group, transforms and talks, then leaves.	* {{qact|Vanescula Drakan appears; Veliaf attempts to attack her, but is knocked back and stunned. Afterwards, she snares the player, Veliaf, and Ivan.}}	transcript:442	https://oldschool.runescape.wiki/w/Transcript:Sins_of_the_Father?oldid=15257926	medium
sinsofthefather	Sins of the Father	yes	3	scene	Transcript section 'Meeting at the Icyene Graveyard' -- Vanescula arrives to meet the Myreque	Safalaan Hallow, Veliaf Hurtz, Vanescula Drakan	Long scripted meeting at the graveyard: Myreque leaders talk, Vanescula arrives and proposes her plan; meeting ends by script.	* {{qact|Vanescula arrives at the Icyene Graveyard.}}	transcript:667	https://oldschool.runescape.wiki/w/Transcript:Sins_of_the_Father?oldid=15257926	medium
sinsofthefather	Sins of the Father	yes	4	scene	Transcript sections 'The secret of Safalaan Hallow, part 1/2' -- after the puzzle is completed at the mausoleum	Safalaan Hallow, Vanescula Drakan	Vanescula reveals Safalaan's icyene heritage; the coffin plaque names Larina Hallow as his sister and Safalaan reacts.	a cutscene plays in which you and Safalaan discover that he is the half-icyene and half-human son of [[Efaritay]] and [[Ascertes]]	page:152	https://oldschool.runescape.wiki/w/Sins_of_the_Father?oldid=15355652	high
sinsofthefather	Sins of the Father	yes	5	scene	"Transcript section ""Lord Jovkai's prison"" -- after talking to the prisoners"	Lord Alexei Jovkai, Vyrewatch, Vanstrom Klause, Sarius Guile, Maria Gadderanks	Jovkai enters the prison and questions the player; Vanstrom and Sarius arrive, then leave with Jovkai.	* {{qact|Lord Alexei Jovkai enters the prison.}}	transcript:1926	https://oldschool.runescape.wiki/w/Transcript:Sins_of_the_Father?oldid=15257926	low
sinsofthefather	Sins of the Father	yes	6	scene	Transcript section 'Face-to-face with the Lord of Vampyrium' -- at Castle Drakan	Vanescula Drakan, Vanstrom Klause, Lowerniel Drakan, Radigad, Kael, Vertida, Polmafi	Lowerniel appears, kills the sentinels, subdues Vanescula and incinerates four Myreque, then Vanstrom attacks (boss fight follows).	* {{qact|Lowerniel instantly kills all four of Vanescula's vyrewatch sentinels.}}	transcript:2318	https://oldschool.runescape.wiki/w/Transcript:Sins_of_the_Father?oldid=15257926	medium
sinsofthefather	Sins of the Father	yes	7	scene	Transcript section 'After defeating Vanstrom' -- end of the fight	Safalaan Hallow, Vanstrom Klause, Ivan Strom, Veliaf Hurtz	Safalaan's icyene powers kill Vanstrom; Ivan teleports the group out of Castle Drakan, leaving Safalaan behind.	* {{qact|Ivan teleports himself, Veliaf, and the player out of Castle Drakan, leaving Safalaan behind.}}	transcript:2424	https://oldschool.runescape.wiki/w/Transcript:Sins_of_the_Father?oldid=15257926	low
sleepinggiants	Sleeping Giants	yes	1	camera	Transcript -- after Kovac asks you to follow him into the cave next to him	Kovac	A cutscene shows the giants' workshop too big for regular-sized people, the Giants' Foundry.	{{qact|A cutscene plays, showing a workshop too big for regular-sized people to use.}}	transcript:32	https://oldschool.runescape.wiki/w/Transcript:Sleeping_Giants?oldid=15263403	high
songoftheelves	Song of the Elves	yes	1	scene	Walkthrough section 'Causing an insurrection' -- after killing all the guards in the East Ardougne prison/palace fight	Kilron, Omart, King Lathas, Elena	Kilron and Omart bring King Lathas out of a wardrobe; he is sentenced and executed by citizens while you watch, then hooded figures knock you and Elena out.	After you've killed all the guards, you will see a cut-scene, where [[Kilron]] and [[Omart]] bring King Lathas out	page:197	https://oldschool.runescape.wiki/w/Song_of_the_Elves?oldid=15346111	high
songoftheelves	Song of the Elves	yes	2	scene	Walkthrough section 'Arianwyn's plan' -- after waking at Iorwerth Camp	Lord Iorwerth, Elena, Arianwyn	Long scene: you and Elena are brought before Lord Iorwerth, the elf resistance rescues you, and Iorwerth reveals his plan to reach the Temple of Light.	A long cutscene will play, where you and [[Elena]] are brought before [[Lord Iorwerth]].	page:208	https://oldschool.runescape.wiki/w/Song_of_the_Elves?oldid=15346111	high
songoftheelves	Song of the Elves	yes	3	scene	Walkthrough section 'Finding Lady Hefin/Lord Crwys' -- returning to Lletya and speaking to Baxtorian	Baxtorian, Arianwyn, Ysgawyn	Short cutscene with Baxtorian before the other NPCs leave.	and after a short cut scene and dialogue, the other NPC's will leave.	page:312	https://oldschool.runescape.wiki/w/Song_of_the_Elves?oldid=15346111	high
songoftheelves	Song of the Elves	yes	4	scene	Walkthrough section 'Tracking down Ysgawyn' -- after the dialogue with Ysgawyn you are teleported into a cutscene	Ysgawyn, Iestin, Elena	After Ysgawyn's revelation about his informant Iestin, you are teleported into a scene at Lletya with Ysgawyn, Iestin and Elena.	before you are teleported into a cutscene, which will continue below.	page:340	https://oldschool.runescape.wiki/w/Song_of_the_Elves?oldid=15346111	high
songoftheelves	Song of the Elves	yes	5	scene	Walkthrough section 'The attack on Lletya' -- after saving the two children	Lord Iorwerth, Arianwyn, Baxtorian, Ysgawyn, Essyllt	Iorwerth reveals Arianwyn as traitor, forces Baxtorian to hand over the Orb, Essyllt kills Ysgawyn; a further short scene follows before the Arianwyn fight.	After saving the kids, a cut-scene will follow where Lord Iorwerth reveals that Arianwyn was the traitor	page:350	https://oldschool.runescape.wiki/w/Song_of_the_Elves?oldid=15346111	high
songoftheelves	Song of the Elves	yes	6	scene	Walkthrough section 'The attack on Lletya' -- after Arianwyn is defeated and escapes	Islwyn, Baxtorian, elves of Lletya	Surviving elves hold a funeral for Ysgawyn and Islwyn confronts Baxtorian.	You will watch another cut-scene in which the surviving elves hold a funeral for Ysgawyn	page:358	https://oldschool.runescape.wiki/w/Song_of_the_Elves?oldid=15346111	high
songoftheelves	Song of the Elves	yes	7	scene	Walkthrough section 'Sealing the Underground Pass' -- after the multi-combat section, before the Essyllt fight	Essyllt, elves	A cutscene plays after the multi-combat section, then you immediately fight the boss.	you will see a cutscene and then immediately fight the final boss of the quest.	page:392	https://oldschool.runescape.wiki/w/Song_of_the_Elves?oldid=15346111	medium
songoftheelves	Song of the Elves	yes	8	scene	Walkthrough section 'Sealing the Underground Pass' -- after defeating Essyllt, before the final boss	Lord Iorwerth, Arianwyn, Baxtorian, Elena, Fragment of Seren	Iorwerth frees the Fragment of Seren, Arianwyn shoots Iorwerth, and the Fragment drags you to her realm.	After you defeat him, a cutscene will play before the final boss fight.	page:414	https://oldschool.runescape.wiki/w/Song_of_the_Elves?oldid=15346111	high
songoftheelves	Song of the Elves	yes	9	scene	Walkthrough section 'Facing the Dark Lord' -- after the Fragment of Seren fight	Lord Iorwerth, Fragment of Seren	Short scene where Iorwerth mourns the Fragment's defeat and speaks his last words.	After the fight, a short cutscene will be shown where [[Lord Iorwerth]] is horrified	page:499	https://oldschool.runescape.wiki/w/Song_of_the_Elves?oldid=15346111	high
soulsbane	A Soul's Bane	yes	1	camera	Transcript section 'Room of Rage' -- climbing down the rift with a rope	Launa, Tolna's Voice	Player enters the rift and the camera pans around the room ending on the tunnel to the room of fear.	{{qact|The camera pans around the room and ends on the tunnel into the room of fear}}	transcript:46	https://oldschool.runescape.wiki/w/Transcript:A_Soul's_Bane?oldid=15263337	high
soulsbane	A Soul's Bane	yes	2	scene	Transcript section 'After filling the rage level' -- after dispersing the anger monsters	Launa, Tolna	Fade to black, then a flashback in Varrock shows young Tolna leaving his mother Launa.	{{qact|Fade to black, a cutscene in Varrock to see young Launa and Tolna}}	transcript:83	https://oldschool.runescape.wiki/w/Transcript:A_Soul's_Bane?oldid=15263337	high
soulsbane	A Soul's Bane	yes	3	camera	Transcript section 'Room of Fear' -- entering the room	Tolna's Voice	The camera pans around the room looking at the dark holes.	{{qact|The camera pans around the room looking at the dark holes}}	transcript:101	https://oldschool.runescape.wiki/w/Transcript:A_Soul's_Bane?oldid=15263337	high
soulsbane	A Soul's Bane	yes	4	fade	Transcript section 'After killing the last reaper' -- last scary face killed	Tolna	Fade to black to the rift location before it fully opened, showing Tolna fall in.	{{qact|fade to black, to the location of the rift before it fully opened to see Tolna fall in}}	transcript:178	https://oldschool.runescape.wiki/w/Transcript:A_Soul's_Bane?oldid=15263337	high
soulsbane	A Soul's Bane	yes	5	camera	Transcript section 'Room of Confusion' -- entering the room	Tolna's Voice	The camera pans around the room looking at the confusing doors.	{{qact|The camera pans around the room looking at the confusing doors}}	transcript:190	https://oldschool.runescape.wiki/w/Transcript:A_Soul's_Bane?oldid=15263337	high
soulsbane	A Soul's Bane	yes	6	scene	Transcript section 'After revealing the final door' -- last door revealed	Tolna	Cutscene showing Tolna sitting in the confusion room muttering.	{{qact|Cutscene starts to see Tolna sitting in the confusion room}}	transcript:216	https://oldschool.runescape.wiki/w/Transcript:A_Soul's_Bane?oldid=15263337	high
soulsbane	A Soul's Bane	yes	7	scene	Walkthrough section on Room of Hopelessness/Finding Tolna -- after crossing the Bridge of Hope and going through the exit	Brana, Tolna, Launa	Short cutscene on leaving the hopelessness room leading into the confrontation with Tolna's corrupted form.	After crossing the bridge, go through the exit, which will trigger a short cutscene.	page:174	https://oldschool.runescape.wiki/w/A_Soul's_Bane?oldid=15344261	medium
spiritsoftheelid	Spirits of the Elid	no	0		Whole quest		No cutscene found.	(none) hits: 'you'll see' (golem doors, target), black golem name; only tbox/mes system messages, no camera or fade text		https://oldschool.runescape.wiki/w/Transcript:Spirits_of_the_Elid?oldid=15338971	medium
swansong	Swan Song	yes	1	scene	Transcript section 'Starting out' -- Herman tells of the Wise Old Man's adventures (asking 'fetch this Wise Old Man')	Herman Caranos, Wise Old Man, Ogre shaman, Drunken Dwarf, Shaikahan, Kalphite Queen, Dad	Flashback sequence with a jingle: the Wise Old Man is shown killing an ogre shaman, drunken dwarf, the Shaikahan, fighting the Kalphite Queen and then Dad, who knocks him back and smashes the camera.	{{qact|The cutscene changes to show him fighting Dad but he gets knocked back, smashing the camera and ending the cutscene}}	transcript:80	https://oldschool.runescape.wiki/w/Transcript:Swan_Song?oldid=15263341	high
swansong	Swan Song	yes	2	camera	Transcript section 'Final battle cutscene' -- after telling the Wise Old Man 'I'm ready. Let's fight!'	Wise Old Man, Skeleton Mage army, Sea trolls, Sea Troll General, Sea Troll Queen	Player opens the jar, an army of skeleton mages fights off sea trolls, the Wise Old Man kills the Sea Troll General, then is hit by a spell from off-screen and the Sea Troll Queen appears.	* {{qact|A cutscene opens by showing the player opening the jar, causing an army of skeleton magi to appear and fight off the incoming sea trolls.}}	transcript:749	https://oldschool.runescape.wiki/w/Transcript:Swan_Song?oldid=15263341	high
taleoftherighteous	Tale of the Righteous	no	0					Grep hits rejected: only 'let you see it' (Pagida dialogue); Unstable Altar 'strange voice' is dialogue-only; no camera/fade wording in either file	transcript:98	https://oldschool.runescape.wiki/w/Transcript:Tale_of_the_Righteous?oldid=14898483	high
tasteofhope	A Taste of Hope	yes	1	scene	Transcript section 'Talking to Garth' -- after asking about Serafina	Ranis Drakan, Vanstrom Klause, Garth	A cutscene shows Ranis and Vanstrom arriving at Ver Sinhaza and entering the Theatre of Blood.	** {{qact|A cutscene plays in which Ranis Drakan and Vanstrom Klause arrive at Ver Sinhaza and enter the Theatre of Blood.}}	transcript:26	https://oldschool.runescape.wiki/w/Transcript:A_Taste_of_Hope?oldid=15255449	high
tasteofhope	A Taste of Hope	yes	2	scene	Transcript section 'Spying on Ranis and Vanstrom' -- after climbing the wall while the vampyre is distracted	Ranis Drakan, Vanstrom Klause, Verzik Vitur	The player spies on Ranis, Vanstrom and Verzik discussing the abomination and plans against the Myreque.	* {{qact|The cutscene ends.}}	transcript:134	https://oldschool.runescape.wiki/w/Transcript:A_Taste_of_Hope?oldid=15255449	high
tasteofhope	A Taste of Hope	yes	3	scene	Transcript section 'Attack of the abomination' -- inside the Myreque hideout	Abomination, Mekritus, Kael, Andiess, Flaygian, Safalaan Hallow	The abomination attacks the hideout, killing Mekritus, Andiess and Flaygian until Safalaan weakens it with his hidden power.	* {{qact|A cutscene plays in which the [[abomination]] attacks the Myreque Hideout.}}	transcript:420	https://oldschool.runescape.wiki/w/Transcript:A_Taste_of_Hope?oldid=15255449	high
tasteofhope	A Taste of Hope	yes	4	scene	"Transcript section ""Ranis' speech"" / 'A speech of hope' -- entering the Theatre plaza, and again after killing Ranis"	Ranis Drakan, Kael	Ranis gives a speech to the citizens and the player walks up to confront him; after his death the player gives an inspirational speech.	talk to Kael again to restart the cut-scene with your speech.	page:175	https://oldschool.runescape.wiki/w/A_Taste_of_Hope?oldid=15355657	medium
tasteofhope	A Taste of Hope	yes	5	scene	Transcript section 'Epilogue' -- after returning to Safalaan/Kael/Vertida	Vanescula Drakan, Vanstrom Klause	Camera shows Ranis' corpse as Vanescula and Vanstrom approach it; the track The Maiden's Sorrow plays.	* {{qact|A cutscene plays, showing Ranis' corpse. Vanescula Drakan and Vanstrom Klause approach the body.}}	transcript:728	https://oldschool.runescape.wiki/w/Transcript:A_Taste_of_Hope?oldid=15255449	high
tearsofguthix	Tears of Guthix	yes	1	camera	Transcript section 'Starting off' -- after agreeing to start the quest and telling Juna a story	Juna	The camera pans south to the part of the cave containing the guthix-infused rocks while Juna explains the bowl.	The camera pans south to the part of the cave containing guthix-infused rocks.	transcript:16	https://oldschool.runescape.wiki/w/Transcript:Tears_of_Guthix?oldid=15340444	high
templeoftheeye	Temple of the Eye	yes	1	scene	Transcript section 'Incantation cutscene' -- after Sedridor agrees to help	Wizard Persten, Apprentice Felix, Apprentice Tamara, Apprentice Cordelia, Archmage Sedridor, Wizard Traiborn	Apprentices and Persten cast the incantation and a blue portal opens; Sedridor argues over who may enter, then the five enter.	A cutscene plays. The three apprentices and Traiborn appear.	transcript:864	https://oldschool.runescape.wiki/w/Transcript:Temple_of_the_Eye?oldid=15330441	high
templeoftheeye	Temple of the Eye	yes	2	camera	Transcript section 'Temple of the Eye cutscene' -- on exiting the portal	Wizard Persten, Apprentice Cordelia, Apprentice Felix, Apprentice Tamara	Group arrives underwater; camera pans to the Temple and back, Tamara casts a locator spell.	The camera pans towards the Temple, and pans back to the group.	transcript:906	https://oldschool.runescape.wiki/w/Transcript:Temple_of_the_Eye?oldid=15330441	high
templeoftheeye	Temple of the Eye	yes	3	scene	Transcript section 'Talking to Wizard Persten after speaking with the apprentices' -- looking at the markings	Wizard Persten, Justiciar Zachariah, Justiciar Aliya	Player has a vision, walks toward a Mysterious Stone and hears the two justiciars talk.	You begin to experience a vision, and walk towards a Mysterious Stone.	transcript:965	https://oldschool.runescape.wiki/w/Transcript:Temple_of_the_Eye?oldid=15330441	medium
templeoftheeye	Temple of the Eye	yes	4	scene	Transcript section 'Abyssal rift cutscene' -- group gathers, Persten casts revealing spell	Wizard Persten, Apprentice Cordelia, Apprentice Felix, Apprentice Tamara, The Great Guardian	Group shares findings, Persten's spell opens an abyssal rift and drags her in, creatures emerge, Cordelia kills them, Great Guardian appears.	Persten is dragged into the rift.	transcript:1028	https://oldschool.runescape.wiki/w/Transcript:Temple_of_the_Eye?oldid=15330441	medium
templeoftheeye	Temple of the Eye	yes	5	camera	Transcript section 'Closing the rift' -- once the Great Guardian has enough energy	The Great Guardian, Apprentice Tamara, Apprentice Cordelia	Cutscene in which the Great Guardian fires a beam and closes the rift.	A cutscene plays. The Great Guardian prepares to close the rift.	transcript:1339	https://oldschool.runescape.wiki/w/Transcript:Temple_of_the_Eye?oldid=15330441	high
theeyesofglouphrie	The Eyes of Glouphrie	yes	1	camera	Transcript section 'Speaking with Hazelmere' -- mind-link, camera closes in on the player's head	Hazelmere	Camera closes in as Hazelmere casts a mind spell on the player, leading into the flashback.	The camera closes in as Hazelmere casts a mind spell on the player's head.	transcript:155	https://oldschool.runescape.wiki/w/Transcript:The_Eyes_of_Glouphrie?oldid=15317126	high
theeyesofglouphrie	The Eyes of Glouphrie	yes	2	scene	Transcript section 'Speaking with Hazelmere' -- flashback after the mind spell (needs 46 Magic)	Hazelmere, King Healthorg, Oaknock, Glouphrie, gnomes, goblins	Long flashback of the gnome-goblin battle, Argento's death being covered up, and Glouphrie's banishment.	A flashback begins, visually showing the battle between gnomes and goblins.	transcript:178	https://oldschool.runescape.wiki/w/Transcript:The_Eyes_of_Glouphrie?oldid=15317126	high
theeyesofglouphrie	The Eyes of Glouphrie	yes	3	scene	Transcript section 'Returning to Brimstail' -- after telling Brimstail what Hazelmere said	Brimstail, Intruder (invisible gnome)	Shorter cutscene where a near-invisible gnome sneaks in and destroys the anti-illusion machine.	A cutscene shows a near-invisible gnome sneak by Brimstail and the player as they discuss.	transcript:271	https://oldschool.runescape.wiki/w/Transcript:The_Eyes_of_Glouphrie?oldid=15317126	high
theeyesofglouphrie	The Eyes of Glouphrie	yes	4	scene	Transcript section 'Unlocking the machine' -- after the machine is fully operational	Brimstail, cute creature/evil creature	The machine strips the creature's illusion, revealing an evil creature; cut-scene then dialogue.	After the cut-scene, talk to Brimstail and he will tell you to speak to [[King Narnode]].	page:144	https://oldschool.runescape.wiki/w/The_Eyes_of_Glouphrie?oldid=15292355	medium
thefeud	The Feud	no	0		Whole quest		"No cutscene; grep hits were only dialogue (""you see"") and the cactus stake-out, a plain interaction with tbox text."	I better be careful, this cactus is prickly!	transcript:885	https://oldschool.runescape.wiki/w/Transcript:The_Feud?oldid=15325427	high
thefremennikisles	The Fremennik Isles	yes	1	scene	Walkthrough section 'Ten trolls to progress' -- on entering the eastern troll cave	Bork Sigmundson, Honour guard	A cutscene plays on entering the troll cave before the multicombat fight with the frenzied ice trolls.	After entering the cave, a cutscene follows.	page:250	https://oldschool.runescape.wiki/w/The_Fremennik_Isles?oldid=15314025	medium
thefremennikisles	The Fremennik Isles	yes	2	camera	Walkthrough section 'Ten trolls to progress' -- on crossing the bridge to the Ice Troll King after 10 kills	Ice Troll King	A short cut scene shows the Troll King moving towards you as you cross the bridge; he lands the first strike.	When crossing the bridge, a short cut scene shows the Troll King moving towards you.	page:261	https://oldschool.runescape.wiki/w/The_Fremennik_Isles?oldid=15314025	high
thefremennikisles	The Fremennik Isles	yes	3	fade	Transcript section 'Performing for the Burgher' -- talking to Mawnis with hands free, when the performance starts	Mawnis Burowgar	The screen fades to black while the player performs a jester act, then Mawnis comments on it (repeats in the second performance).	{{qact|The screen fades to black...}}	transcript:641	https://oldschool.runescape.wiki/w/Transcript:The_Fremennik_Isles?oldid=15314068	high
thegreatbrainrobbery	The Great Brain Robbery	yes	1	scene	Transcript section 'Talking to Rufus' -- after Rufus gives the whistle (player has inventory space)	Rufus, Player, Elfinlocks	Short cutscene of the player pondering where to get cats, then Elfinlocks walks past Rufus' store with a mechanical cat, inspiring the wooden-cat idea.	A cutscene starts with the player pondering on where to get the cats...	transcript:482	https://oldschool.runescape.wiki/w/Transcript:The_Great_Brain_Robbery?oldid=15263376	medium
thegreatbrainrobbery	The Great Brain Robbery	yes	2	scene	Transcript section 'Summoning Rufus' -- blowing the whistle wearing the Ring of Charos, with Fenkenstrain in the crate	Rufus, Player, Dr Fenkenstrain	Rufus arrives and inspects the crate of supposed cats while the player bluffs; ends with the shipping order handed over.	A cutscene begins.	transcript:607	https://oldschool.runescape.wiki/w/Transcript:The_Great_Brain_Robbery?oldid=15263376	high
thegreatbrainrobbery	The Great Brain Robbery	yes	3	scene	Transcript section 'Talking to Dr Fenkenstrain at Harmony Island' -- start of the operation	Dr Fenkenstrain, Player	The gruesome brain operation is censored: the cutscene is replaced by a kitten playing with string and soothing music.	A redacted cutscene of Dr Fenkenstrain operating on a brain has been replaced with a kitten playing with a ball of string.	transcript:804	https://oldschool.runescape.wiki/w/Transcript:The_Great_Brain_Robbery?oldid=15263376	high
theslugmenace	The Slug Menace	yes	1	scene	Walkthrough section after reporting to O'Niall -- on approaching the church in Witchaven	Mayor Hobb, Brother Maledict	A brief cutscene shows Mayor Hobb leaving the church after possessing Brother Maledict (trivia says his clothes turn pink in it).	As you approach the church, you'll see a brief cutscene of the [[Mayor Hobb|mayor]] leaving the church.	page:119	https://oldschool.runescape.wiki/w/The_Slug_Menace?oldid=15352141	medium
toweroflife	Tower of Life	yes	1	scene	Walkthrough section 'Finished work' -- going back up to the top of the tower after fixing the pipes and cage	Effigy, 'Transmute' the Alchemist, 'Currency' the Alchemist, Homunculus	Long cutscene at the tower top in which the alchemists bring the Homunculus to life; it screams in its cage and the alchemists flee.	Go back up to the top of the tower to start a long [[cutscene]] where the [[Homunculus]] is brought to life.	page:188	https://oldschool.runescape.wiki/w/Tower_of_Life?oldid=15350496	high
troll_love	Troll Romance	no	0					No keyword hits for cutscene/camera/fade in page or transcript. Rejected: sled ride down the slope (player animation), transport to the troll arena (plain teleport before a fight).	transcript:285	https://oldschool.runescape.wiki/w/Transcript:Troll_Romance?oldid=15327938	high
troubledtortugans	Troubled Tortugans	yes	1	camera	Transcript section 'Upon arriving at the Little Pearl' -- sailing to the Little Pearl	Elder Root, Elder Hubber, Elder Korel, Shellbane gryphon, crewmate	A large ship departs the island while three Elders battle a Shellbane gryphon; the strange ship flees, then the gryphon fight begins.	* {{qact|A cutscene begins. A large ship departs from the island, with Elders Root, Hubber, and Korel battling against a Shellbane gryphon.}}	transcript:382	https://oldschool.runescape.wiki/w/Transcript:Troubled_Tortugans?oldid=15270076	high
twilightspromise	Twilight's Promise	yes	1	scene	Walkthrough 'Velam and Azali' / transcript 'After leading Azali to the fountain' -- leading Azali to the fountain	Azali (Knight of Varlamore)	Short cutscene: Azali dunks her head into the fountain to sober up.	lead her to the fountain east of the bar to trigger a short [[cutscene]]	page:70	https://oldschool.runescape.wiki/w/Twilight's_Promise?oldid=15356498	medium
twilightspromise	Twilight's Promise	yes	2	scene	Transcript section 'Talking to the Tullus twins' -- after showing them the incriminating letter	Ennius Tullus, Furia Tullus, Velam, Knights of Varlamore	The knights are lined up; Velam protests his innocence and is killed by Ennius, then the rest are dismissed.	* {{qact|A cutscene begins. The summoned knights are lined up.}}	transcript:512	https://oldschool.runescape.wiki/w/Transcript:Twilight's_Promise?oldid=15319500	high
twilightspromise	Twilight's Promise	yes	3	scene	Transcript section 'After defeating the cultists' -- at the Teomat after the cultist attack	Prince Itzla Arkan, Servius, Guard	Player and Itzla return to find Servius gravely wounded; a guard reports Metzli vanished and carries Servius away.	a cutscene will play showing that Servius has been gravely wounded	page:85	https://oldschool.runescape.wiki/w/Twilight's_Promise?oldid=15356498	medium
viking	The Fremennik Trials	no	0					Rejected hits: 'seem' in dialogue (Sassilik, Poison Salesman, Thora), 'Skippy and the Mogres' link, heading 'puzzle pieces and scenery'; no cutscene/camera/fade text in page or transcript	transcript:2077	https://oldschool.runescape.wiki/w/Transcript:The_Fremennik_Trials?oldid=15263294	high
wanted	Wanted!	yes	1	scene	Transcript section 'Solus Observation Record 1' -- viewing the record on the Commorb inside the White Knights' Castle	Solus Dellagar, Lord Daquarius, Black Knights	A recorded observation plays: Solus confronts Lord Daquarius and Ice Barrages his two Black Knight guards. Wiki update note calls these the Solus Dellagar cutscenes.	{{qact|Solus casts [[Ice Barrage]], killing the two Black Knights next to Lord Daquarius, and leaving him barely alive.}}	transcript:737	https://oldschool.runescape.wiki/w/Transcript:Wanted%21?oldid=15330436	medium
wanted	Wanted!	yes	2	scene	Transcript section 'Solus Observation Record 2' -- viewing the record on the Commorb inside the White Knights' Castle	Solus Dellagar, Mage of Zamorak	A recorded observation plays: Solus teleports to the Chaos altar in Varrock and teleblocks and robs the Mage of Zamorak.	{{qact|The Mage of Zamorak attempts to teleport away, but Solus stops him with a spell that teleblocks and binds him.}}	transcript:777	https://oldschool.runescape.wiki/w/Transcript:Wanted%21?oldid=15330436	medium
wanted	Wanted!	yes	3	fade	Transcript section 'Scanning at Champion's Guild' -- Solus escapes after the player scans the Commorb	Solus Dellagar, Savant	Solus throws smoke, the screen goes black, and the player recovers with Savant on the line.	{{qact|(Screen goes black)}}	transcript:1199	https://oldschool.runescape.wiki/w/Transcript:Wanted%21?oldid=15330436	high
wanted	Wanted!	yes	4	scene	Walkthrough section 'Scanning the fourth location' -- using rune essence teleport spot, final scan	Savant, Solus Dellagar, Temple Knight rangers	A small cutscene plays, then Savant summons 15 rangers whom Solus kills with Ice Barrage before the final fight.	After a small cutscene, Savant will summon 15 rangers to assist you, but Solus kills them all with [[Ice Barrage]].	page:245	https://oldschool.runescape.wiki/w/Wanted%21?oldid=15355767	high
whatliesbelow	What Lies Below	yes	1	scene	Transcript section 'Confronting Surok Magis' -- after choosing 'Bring it on!'	Surok Magis, King Roald	The room darkens; Surok casts a corrupting spell on King Roald, who turns on the player and starts the fight.	A cutsene starts.	transcript:845	https://oldschool.runescape.wiki/w/Transcript:What_Lies_Below?oldid=15263377	high
whatliesbelow	What Lies Below	yes	2	scene	Transcript section 'While fighting King Roald' -- activating Zaff's ring when Roald is below 5 hitpoints	Zaff, King Roald, Surok Magis	Zaff appears, lifts the curse from Roald and teleports him away, then subdues Surok with a confuse spell; the cutscene ends and the room grows dark again.	Zaff teleports away, and the cutscene ends.	transcript:908	https://oldschool.runescape.wiki/w/Transcript:What_Lies_Below?oldid=15263377	high
whileguthixsleeps	While Guthix Sleeps	yes	1	scene	Walkthrough section 'Forming a fellowship' -- entering the building at McGrubor's Wood via the loose railing	Lucien's mercenaries, Idria, Guardians of Armadyl	Mercenaries attack the Guardians of Armadyl in a scripted scene before you fight the axemen and mage.	where a cutscene begins in which Lucien's mercenaries will attack the Guardians of Armadyl	page:227	https://oldschool.runescape.wiki/w/While_Guthix_Sleeps?oldid=15357813	high
whileguthixsleeps	While Guthix Sleeps	yes	2	scene	Walkthrough section 'Capturing a spy' -- after giving the spy the truth serum	druid, spy	A druid tries to coax the spy into drinking the truth serum; the spy kicks him and breaks the juice.	A cutscene will play in which a druid attempts to coax the spy into drinking the truth serum	page:234	https://oldschool.runescape.wiki/w/While_Guthix_Sleeps?oldid=15357813	high
whileguthixsleeps	While Guthix Sleeps	yes	3	scene	Walkthrough section 'The Dark Squall' -- climbing the ladder in the inner base in disguise	Elite Black Knight, Dark Squall, Surok Magis	You stumble into the real Dark Squall, revealed to be Surok Magis.	A cutscene will then ensue where you stumble into the real [[Dark Squall]].	page:294	https://oldschool.runescape.wiki/w/While_Guthix_Sleeps?oldid=15357813	high
whileguthixsleeps	While Guthix Sleeps	yes	4	scene	Walkthrough section 'Lucien's wrath' -- after the Dark Squall plot	Lucien, Undead Heroes, Elite Black Knights, Hazelmere	Lucien with the Staff of Armadyl raises Undead Heroes, spots you through your disguise and blasts at you; Hazelmere calls the heroes to teleport.	A cutscene will play showing Lucien, now with the Staff of Armadyl, casting a powerful spell to raise [[Undead Hero]]es for his army.	page:337	https://oldschool.runescape.wiki/w/While_Guthix_Sleeps?oldid=15357813	high
whileguthixsleeps	While Guthix Sleeps	yes	5	scene	Walkthrough section 'The Balance Elemental' -- running down the corridor beyond the huge door	Balance Elemental	You find the Stone of Jas and the Balance Elemental forms and speaks to you before the fight.	When ready, head beyond the huge door and run through the corridor until a cutscene begins.	page:469	https://oldschool.runescape.wiki/w/While_Guthix_Sleeps?oldid=15357813	high
whileguthixsleeps	While Guthix Sleeps	yes	6	scene	Walkthrough section 'Facing your demons' -- touching the Stone of Jas after killing the elemental	V, Movario, Darve, Lucien, Idria, Tormented Demons	A vision of past stone-users, then Movario and Darve appear and Lucien teleports in, takes the Stone and summons two Tormented Demons; Idria and Guardians teleport in.	This will cause the player to relive memories of the past with other stone-users	page:526	https://oldschool.runescape.wiki/w/While_Guthix_Sleeps?oldid=15357813	high
whileguthixsleeps	While Guthix Sleeps	yes	7	scene	Walkthrough section 'The story kin-tinues' -- only if Dragon Slayer II is complete, before quest completion	Strisath, Sithaph, Sakirth	Three Dragonkin break free from stasis in the Lithkren Vault, note Zorgoth is dead and plan terror; intro is a minute long and unskippable.	an extra cutscene will play before the quest is completed.	page:543	https://oldschool.runescape.wiki/w/While_Guthix_Sleeps?oldid=15357813	high
xmarksthespot	X Marks the Spot	no	0		Whole quest		No cutscene found; both files grep-empty, transcript has only dialogue with Veos and digging steps.	No hits for cutscene|camera|fade|scene|skip etc. in either file.		https://oldschool.runescape.wiki/w/Transcript:X_Marks_the_Spot?oldid=14395733	high
zogreflesheaters	Zogre Flesh Eaters	yes	1	camera	Transcript section 'Entering the north-west room' -- entering the blackened area in Jiggig		Short cutscene on entering the charred, blackened room showing the explosion damage; the text gives no further stage directions.	A cutscene begins.	transcript:109	https://oldschool.runescape.wiki/w/Transcript:Zogre_Flesh_Eaters?oldid=15301503	high
