test_id	quest	index	kind	status	video_id	url	start	end	start_s	end_s	length_s	channel	upload_date	best_height	fps	client	source_flags	alt_video_ids	confidence	wiki_summary	identified_by	note
animalmagnetism	Animal Magnetism	1	scene	found	f5ULLYi3qH8	https://www.youtube.com/watch?v=f5ULLYi3qH8&t=574s	0:09:34	0:11:06	574	666	92	Blue Nimbus	20170330	2160	60.0	fixed			high	Malcolm tries to catch a chicken while a fake player, Cow31337Killer, storms in and kills Bessie and steals feathers; player watches (quest has its own cutscene music).	fade begins 0:09:34 and side panel goes dark/inert 0:09:36 after handing over amulet; Mia hubby ghost and chicken in pen, Cow31337Killer dialogue about feathers 0:10:34-0:10:44, cow appears 0:10:18; screen fades black 0:11:04, normal play with inventory 0:11:06 (end within 1s)	Blue Nimbus quest #51 no commentary; side panel stays visible but greyed during scene
anothersliceofham	Another Slice of H.A.M.	1	scene	found	IS1WsEZuPcM	https://www.youtube.com/watch?v=IS1WsEZuPcM&t=841s	0:14:01	0:17:36	841	1056	215	Blue Nimbus	20170409	2160	60.0	fixed (pillarboxed 4:3)		h74BnqqaDPE	high	Screen fades to black on arrival, then a cutscene of the generals meeting Zanik and the player, fading out to the generals addressing the village, ending with the H.A.M. attack.	side panel blank 0:14:00.5 after teleport to Goblin Village, General Bartleby/Wartface dialogue 'Who you?' with Zanik, generals Wartface and Bentnoze and Grubfoot, crowd of goblins 0:16:40, H.A.M. attack sentinel dialogue 'The goblins come into buildings' 0:17:10; panel back 0:17:36	one continuous panel-less stretch; summary's initial black fade not seen (cut is direct at 14:00.5)
anothersliceofham	Another Slice of H.A.M.	2	scene	found	IS1WsEZuPcM	https://www.youtube.com/watch?v=IS1WsEZuPcM&t=1222s	0:20:22	0:21:46	1222	1306	84	Blue Nimbus	20170409	2160	60.0	fixed (pillarboxed 4:3)			high	Sigmund attacks Zanik in the village, throws a flashbang and backs out holding her hostage; generals then send sergeants and give the ancient mace.	side panel gone 0:20:22 with Sigmund in pink robes and Zanik hostage dialogue; flashbang white screen 0:20:40; generals dialogue 'Zanik has been kidnapped' 0:21:14 and 'You receive Ancient mace' style sergeants dialogue; fade black 0:21:44; normal play 0:21:46	tightened at 0.5s for start and 2s for end
anothersliceofham	Another Slice of H.A.M.	3	camera	found	IS1WsEZuPcM	https://www.youtube.com/watch?v=IS1WsEZuPcM&t=1433s	0:23:53	0:23:59	1433	1439	6	Blue Nimbus	20170409	2160	60.0	fixed (pillarboxed 4:3)			medium	Shoulder view from the guard to the player and goblin sergeants, then a fade out as the guard runs off.	tunnel entrance close shoulder view of a guard in pink robe 0:23:53 with dialogue 'Oh no! Stabbed' then Sergeant dialogue; inventory panel STAYS visible, only camera changed; normal camera 0:23:59	camera-only moment, interface not removed; the summary's fade-out as guard runs off was not seen as a black fade; boundaries 1s steps
anothersliceofham	Another Slice of H.A.M.	4	scene	found	IS1WsEZuPcM	https://www.youtube.com/watch?v=IS1WsEZuPcM&t=1526s	0:25:26	0:25:48	1526	1548	22	Blue Nimbus	20170409	2160	60.0	fixed (pillarboxed 4:3)			high	A cutscene shows Sigmund with Zanik tied to the tracks and ends with the fight starting.	screen black 0:25:26 then side panel gone; Sigmund in pink robe at railway with tied Zanik on tracks, dialogue 'So YOU'RE the monster' 0:25:44; blue-armoured figure enters 0:25:42; normal play with fight 0:25:48	tightened at 1s
anothersliceofham	Another Slice of H.A.M.	5	scene	found	IS1WsEZuPcM	https://www.youtube.com/watch?v=IS1WsEZuPcM&t=1630s	0:27:10	0:27:46	1630	1666	36	Blue Nimbus	20170409	2160	60.0	fixed (pillarboxed 4:3)			high	Final cutscene: the train jumps past, then the grand opening of the Dorgesh-Kaan - Keldagrim train line with a cheering crowd.	after Sigmund fight, screen black 0:27:10, panel gone; 'The grand opening of the Dorgesh-Kaan - Keldagrim train line' text 0:27:13; cheering crowd with Ur-tag/Zanik dialogue 0:27:18-0:27:42; quest scroll 0:27:44; normal 0:27:46	interface stays visible 0:27:03-0:27:09 during a close-up before the fade (not counted)
atailoftwocats	A Tail of Two Cats	1	scene	found	QSH85Wxo-kc	https://www.youtube.com/watch?v=QSH85Wxo-kc&t=973s	0:16:13	0:20:57	973	1257	284	Blue Nimbus	20170429	2160	60.0	fixed (pillarboxed 4:3)			medium	Bob is hypnotised and the player watches his memory of Robert the Strong and Odysseus fighting a dragonkin at Dragonkin Castle (optional; a summary can be chosen instead).	Sphinx menu 'View the cutscene (5 mins 20 secs)' / 'Skip cutscene and view summary' 0:16:08, chosen; side panel gone 0:16:13; Bob under hypnosis walks toward the dragonkin castle, black screen 0:17:46, Dragonkin Castle interior with red-robed figure and dragon fire 0:17:58-0:18:48, black 0:18:50; Sphinx 'You are no longer under my influence' 0:18:54; panel back 0:20:57	range covers the whole panel-less stretch including the Sphinx dialogue; the hypnosis memory itself (Dragonkin Castle footage) is 0:17:46-0:18:50; best_height 360 as reported by info (info was flaky, another run printed no formats); alt full-length recordings exist e.g. yPrRBiv2FzQ (rangerwriter, 5:29 cutscene-only, unchecked)
atailoftwocats	A Tail of Two Cats	2	scene	found	QSH85Wxo-kc	https://www.youtube.com/watch?v=QSH85Wxo-kc&t=1684s	0:28:04	0:30:22	1684	1822	138	Blue Nimbus	20170429	2160	60.0	fixed (pillarboxed 4:3)			high	Cutscene of Bob and Neite's adventures: a magic carpet ride over Sophanem, meeting the King Black Dragon and a ship at sea.	fade to black 0:28:04-0:28:07 after Bob says 'Wonderful Tatie and I have all our Knowledge! Go borrowed a magic carpet'; side panel gone; carpet ride over Sophanem pyramid 0:28:08-0:28:24, King Black Dragon 0:29:06-0:29:14 'Bob! You need a rare flow of work'; ship at sea 0:30:06-0:30:15 'I'm the King of Barcelongel'; panel back 0:30:22	start/end tightened at 1s; carpet ride resumes 0:29:17 after the dragon
belowicemountain	Below Ice Mountain	1	scene	found	cwFF0tzz3i4	https://www.youtube.com/watch?v=cwFF0tzz3i4&t=686s	0:11:26	0:13:56	686	836	150	Krowebar	20251119	1080	30.0	fixed			high	Long cutscene of training regimens (player runs north to Varrock castle steps, throwing of tomato, workout montage) that unlocks the Flex emote.	fade to black at 11:26 after Atlas 'Would you like to start your training session? Yes'; panel gone; Atlas and player in Barbarian Village doing push-ups with Chieftain-area barbarians 12:03-13:55 running montage, Varrock castle steps 13:20; panel back 13:56	Flex-emote training montage; boundaries tightened at 0.5s
belowicemountain	Below Ice Mountain	2	scene	found	cwFF0tzz3i4	https://www.youtube.com/watch?v=cwFF0tzz3i4&t=353s	0:05:53	0:07:42	353	462	109	Krowebar	20251119	1080	30.0	fixed			high	Cutscene in which Burntof explains the rules and plays best-of-three rock paper scissors with the player while Tina brings a drink.	fade to black 5:52-5:53 after Burntof 'I'll have the game systems away from everyone'; panel gone; Burntof (red hat) and player in Burntof's tavern room rock-paper-scissors dialogue 'Select sign' 7:00 ; fade out 7:40, panel back 7:42	Tina seen entering at 7:25-7:30
belowicemountain	Below Ice Mountain	3	scene	found	cwFF0tzz3i4	https://www.youtube.com/watch?v=cwFF0tzz3i4&t=1793s	0:29:53	0:34:03	1793	2043	250	Krowebar	20251119	1080	30.0	fixed			medium	Crew blasts and clears the rubble with fades, camera shifts to Marley inside the ruins, everyone enters, the Ancient Guardian awakens and the crew flees, ending with a fade.	fade to black 29:53 after Ulfric/Willow 'Start the ritual? Yes' at Ice Mountain door; panel gone; blasted door opened 31:00, Marley in dark ruins 31:40-31:58, Ancient Guardian awakens 34:04 after black 34:00-34:03; panel back 34:04	Panel stays gone through the whole stretch; end is the fade-to-black at 34:00-34:03 after the crew flees (guardian fight follows under control at 34:04)
beneathcursedsands	Beneath Cursed Sands	1	camera	found	-PhUZnnXUE0	https://www.youtube.com/watch?v=-PhUZnnXUE0&t=1324s	0:22:04	0:22:25	1324	1345	21	J1mmy	20240711	1440	60.0	resizable classic	edited commentary	nCiXuq4cuxc,o517iv8n9oM	high	The player and Maisa arrive at the necropolis and the scene shows citizens mining and excavating under watch of Menaphite Guards.	Maisa dialogue in tent camp ends 0:22:03 (side panel visible); at 0:22:04 camera jumps to overhead view of necropolis with miners and guards, side panel and minimap gone until 0:22:25; Maisa 'I'll keep watch here. Try to keep a low profile' 0:22:20	boundaries tightened at 0.5s; video has occasional B-roll inserts of other footage (0:22:12-0:22:14)
beneathcursedsands	Beneath Cursed Sands	2	scene	found	-PhUZnnXUE0	https://www.youtube.com/watch?v=-PhUZnnXUE0&t=1426s	0:23:46	0:24:28	1426	1468	42	J1mmy	20240711	1440	60.0	resizable classic	edited commentary	nCiXuq4cuxc,o517iv8n9oM	high	The player is approached by the Head Menaphite Guard and two Menaphite Guards; Maisa steps in, then the cutscene ends into the boss fight.	Player killed by Head Menaphite Guard fight (panel visible 0:23:46 then fade to black 0:23:46-0:23:48); black then camera scene of Maisa, guard and downed guard, no panel, Maisa 'Nice job keeping things low profile', Head Menaphite Guard 'We came here to find something' until panel returns 0:24:28 at Maisa's camp	boundaries tightened at 0.5s; the guard fight itself precedes this scene (player fights at 0:23:10-0:23:44, dies once), so scene is the post-fight cutscene not a lead-in to a boss fight
beneathcursedsands	Beneath Cursed Sands	3	scene	found	-PhUZnnXUE0	https://www.youtube.com/watch?v=-PhUZnnXUE0&t=1628s	0:27:08	0:27:37	1628	1657	29	J1mmy	20240711	1440	60.0	resizable classic	edited commentary	nCiXuq4cuxc,o517iv8n9oM	medium	A cutscene begins after the key unlocks the door, leading into the conversation with the Spirit of Mehhar.	after pulling lever/placing crocodile emblem, spirit looks at you (panel visible 0:27:07.5); 0:27:08 close camera on urn, panel gone; Osmumten and Tumeken god vision, Amascut with pyramid backdrop 0:27:24-0:27:36; panel back 0:27:37.5 with Mehhar dialogue	AMBIGUOUS: this row says cutscene is after the rusty-key door unlock; in this video the spirit vision cutscene comes BEFORE the key is used (0:27:58). The key-door cutscene is listed as x1. Chosen because summary says it leads to the spirit conversation
beneathcursedsands	Beneath Cursed Sands	4	camera	found	-PhUZnnXUE0	https://www.youtube.com/watch?v=-PhUZnnXUE0&t=1937s	0:32:17	0:35:03	1937	2103	166	J1mmy	20240711	1440	60.0	resizable classic	edited commentary	nCiXuq4cuxc,o517iv8n9oM	high	Player and Maisa walk to the guards, the incantation frees the citizens, the scene pans to the Jaltevas Pyramid entrance, then to Maisa's camp where Osman appears; ends in the Akh fight.	panel visible 0:32:16; 0:32:16.5 camera to crowd of freed guards/citizens, Maisa 'Looks like we have a welcome party', Osman 'We can mine away the blockage for you'; camera to Maisa's camp area, hooded Osman appears 0:33:16; Osman 'Devourer? You speak of legends' ; red flames and Menaphite Akh appears 0:34:56; 'Pray to your false gods... your end comes now' 0:35:02; panel returns 0:35:03 into Akh fight	boundaries tightened at 0.5-1s; order in video is guards/incantation then Osman scene, the 'pan to Jaltevas Pyramid entrance' seen 0:32:14-0:32:16 with panel visible so not part of range
beneathcursedsands	Beneath Cursed Sands	5	camera	found	-PhUZnnXUE0	https://www.youtube.com/watch?v=-PhUZnnXUE0&t=2189s	0:36:29	0:37:37	2189	2257	68	J1mmy	20240711	1440	60.0	resizable classic	edited commentary	nCiXuq4cuxc,o517iv8n9oM	high	The player waits with the priests at the bridge and the scene pans to Pharaoh Kemesis and his entourage arriving; quest ends. Page mentions a final cutscene.	panel visible with High Priest 0:36:28.5; 0:36:29 camera jumps to Maisa and player under palm tree by bridge with guards, no panel; Maisa 'He left this for you' spear with keris; bridge pan 0:37:06 with Pharaoh Kemesis 'The city of Menaphos will begin preparations to end the quarantine'; fade to black 0:37:35.5; quest complete scroll 0:37:38	ends in black then the Quest complete scroll, so end is the black frame; earlier Osman farewell 0:36:10 has panel so is not part of it
beneathcursedsands	Beneath Cursed Sands	x1		found	-PhUZnnXUE0	https://www.youtube.com/watch?v=-PhUZnnXUE0&t=1681s	0:28:01	0:28:20	1681	1700	19	J1mmy	20240711	1440	60.0	resizable classic	edited commentary	nCiXuq4cuxc,o517iv8n9oM	high		use rusty key to unlock door text 0:28:00 with panel; fade to black 0:28:01-0:28:04; camera scene of High Priest of Scabaras and Champion in chamber, 'Fear not! I am here to rescue you!', High Priest 'Silence! Champion, protect your High Priest!' no panel; panel and boss health bar return 0:28:20	listed as extra cutscene; the door opened by the rusty key; leads into Champion of Scabaras boss fight
beneathcursedsands	Beneath Cursed Sands	x2		found	-PhUZnnXUE0	https://www.youtube.com/watch?v=-PhUZnnXUE0&t=1925s	0:32:05	0:32:14	1925	1934	9	J1mmy	20240711	1440	60.0	resizable classic	edited commentary	nCiXuq4cuxc,o517iv8n9oM	low		Sahar/High Priest in Sophanem cure delivery: panel visible 0:32:04.5; 0:32:05 zoomed camera on High Priest 'Free of the plagues? How is this possible? We tried everything!', no panel until 0:32:14 when panel returns	might just be zoomed dialogue camera rather than a true cutscene; interface hidden 9 seconds
betweenarock	Between a Rock...	1	scene	found	jVuaAkFDx1Y	https://www.youtube.com/watch?v=jVuaAkFDx1Y&t=974s	0:16:14	0:16:21	974	981	7	Blue Nimbus	20170426	2160	60.0	fixed, old 2017 client pillarboxed, small 360p		cB11I45EGgA,3AFO6Tq24QI	medium	Short cutscene in which Dondakan walks up the passage, kicks the rock in his granite boots and walks back.	camera leaves the cannon view at 16:14 (chatbox cleared) to a close shot of the rock passage with wooden frame and a small Dondakan figure at its foot 16:15-16:20.5; back to normal view 16:21 with Dondakan dialogue 'Did you see? Did you?'	interface stays on in this old client so only the camera change marks it; Dondakan kicking the rock not resolvable at 360p
betweenarock	Between a Rock...	2	scene	found	jVuaAkFDx1Y	https://www.youtube.com/watch?v=jVuaAkFDx1Y&t=1095s	0:18:15	0:18:19	1095	1099	4	Blue Nimbus	20170426	2160	60.0	fixed, old 2017 client pillarboxed, small 360p		cB11I45EGgA,3AFO6Tq24QI	high	The cannon fires the golden cannonball through the rock passage while the player watches.	after Dondakan 'you give me the golden cannonball' dialogue, camera cuts 18:15 to the rock passage with its white hole; yellow cannonball flies through the hole 18:17-18:18; back to normal view 18:19.5 and Dondakan 'Hm... Ah... did you see that'	boundaries tightened at 0.5s; end is the last frame of the passage view
betweenarock	Between a Rock...	3	fade	found	jVuaAkFDx1Y	https://www.youtube.com/watch?v=jVuaAkFDx1Y&t=1635s	0:27:15	0:28:03	1635	1683	48	Blue Nimbus	20170426	2160	60.0	fixed, old 2017 client pillarboxed, small 360p		cB11I45EGgA,3AFO6Tq24QI	medium	A cutscene where the player enters the cannon; the screen fades to black as it fires and cuts to the player flying into the mine inside the rock. A 'Skip cutscene?' option is offered.	after 'You may fire when ready' / 'Right, sitting comfortably?' chatbox vanishes and screen fades 27:15-27:18; minimap black; cannon and Dondakan 27:19-27:55; helmet-face 'I'm thinking of the dwarves' loading 27:40-27:52; fade to black 27:56; player flying through rock in mine 28:00-28:03; normal view with dialogue 'Where... where am I?' 28:03.5	no Skip cutscene prompt visible in this recording; end approximates return of normal camera
cabinfever	Cabin Fever	1	camera	found	UYgLI4IkOOg	https://www.youtube.com/watch?v=UYgLI4IkOOg&t=86s	0:01:26	0:03:01	86	181	95	JordanHKY2	20260513	1080	60.0	resizable classic, overlay (twitch bar at bottom, watermark)	overlay	k5DtxNXhOaw	medium	An enemy pirate ship fires on The Adventurous, destroying the hull and cannon; Bill tells you to take out their cannon (transcript section 'Cutscene on the ship').	'Let's go Cap'n!' with panel 0:01:24; fade to black 0:01:26-0:01:31, panel gone; camera scene in ship cabin with Bill Teach and player, Bill 'If ye grab some fuse from the supply locker...', 'I'll be on deck if ye need me'; black 0:02:57-0:03:00; panel returns 0:03:01 with player on deck	content matches Bill telling you to deal with their cannon; the enemy ship firing/hull destruction itself is not visible in the frames, so the whole cabin scene is given; boundaries tightened at 0.5s/1s; alt video not timestamped
cabinfever	Cabin Fever	2	scene	found	UYgLI4IkOOg	https://www.youtube.com/watch?v=UYgLI4IkOOg&t=979s	0:16:19	0:18:06	979	1086	107	JordanHKY2	20260513	1080	60.0	resizable classic, overlay (twitch bar at bottom, watermark)	overlay	k5DtxNXhOaw	high	End-of-quest cutscene: Bill talks with Mama Le'Fiette in The Other Inn and gives you the Book o' Piracy.	Bill 'Let's head to the island!' with panel 0:16:18; black, panel gone 0:16:19.5; Other Inn scene with Bill and Mama Le'Fiette, Bill gives the book 0:17:00-0:17:20 ('Here have this book. It'll learn ye how to be a pirate'); fade black 0:18:02-0:18:05; panel returns 0:18:06 in inn; quest complete scroll 0:18:09	boundaries tightened at 0.5s/1s; scroll appears shortly after end
childrenofthesun	Children of the Sun	1	scene	found	cRm62RuuChY	https://www.youtube.com/watch?v=cRm62RuuChY&t=153s	0:02:33	0:03:36	153	216	63	Krowebar	20251122	1080	30.0	resizable classic		e-CeVMSCtXo	high	Scene of the Varlamore delegation arriving at the Varrock fountain and approaching King Roald, with a suspicious guard leaving the palace walls.	side panel and chatbox vanish with fade to black 0:02:33; Varlamore delegation crowd behind King Roald/Noah/Alina at the market 0:02:35-0:02:40; cut to suspicious guard with a bag at the yellow-shield wall, Sergeant Tobyn/guard dialogue 0:03:10-0:03:33; fade out 0:03:33; panel and chatbox back 0:03:36	one cutscene with an internal cut (0:02:40-0:03:10 not sampled at 1s, panel stays absent in the 10s sheet); boundaries tightened to 1s
childrenofthesun	Children of the Sun	2	scene	found	cRm62RuuChY	https://www.youtube.com/watch?v=cRm62RuuChY&t=336s	0:05:36	0:06:26	336	386	50	Krowebar	20251122	1080	30.0	resizable classic		e-CeVMSCtXo	high	Player listens from a window as four bandits and the guard plan to attack the delegation as it leaves.	fade to black 0:05:36 after following the guard; cutscene in the building interior 0:05:45-0:06:22 with hooded bandits and chatbox dialogue (Bandit / Guard), panel gone; fade out 0:06:24, minimap back 0:06:26 with normal play by 0:06:32	boundaries tightened to 1s
childrenofthesun	Children of the Sun	3	scene	found	cRm62RuuChY	https://www.youtube.com/watch?v=cRm62RuuChY&t=865s	0:14:25	0:16:23	865	983	118	Krowebar	20251122	1080	30.0	resizable classic		e-CeVMSCtXo	high	Prince Itzla interrogates one of the bandits with the player's help and learns they were hired to kill Servius.	fade to black 0:14:25 on the palace roof cell view; Prince Itzla Arkan with crowned headdress and a bandit/Sergeant in the cell, dialogue 0:14:28-0:16:21, panel gone; fade 0:16:22, interface back 0:16:23	boundaries tightened to 1s; scene ends with Prince saying 'Come, Kerensha'
coldwar	Cold War	1	scene	found	8nVUmkx5Rkk	https://www.youtube.com/watch?v=8nVUmkx5Rkk&t=212s	0:03:32	0:03:54	212	234	22	Blue Nimbus	20170504	2160	60.0	fixed (pillarboxed 4:3)			high	Larry and the player enter the hideout and a small cutscene shows two penguins greeting each other with emotes (the emote code to remember).	fade to black 0:03:32, side panel blank and chatbox only 0:03:34-0:03:50 with two penguins facing each other on ice, Larry/player dialogue 'Aww they're cute' and 'OMG I mean fascinating'; normal play 0:03:54	occurs at the iceberg after Larry says start observing; boundaries tightened at 2s steps
coldwar	Cold War	2	fade	found	8nVUmkx5Rkk	https://www.youtube.com/watch?v=8nVUmkx5Rkk&t=1504s	0:25:04	0:25:06	1504	1506	2	Blue Nimbus	20170504	2160	60.0	fixed (pillarboxed 4:3)			medium	Screen fades and the player is transported to the iceberg.	Larry chat 'Are you ready to go to the iceberg?' 0:25:03; screen black 0:25:04-0:25:05; player on snow near wrecked dock 0:25:06	fade is a 2s black; this is the second iceberg visit (first travel is a similar fade near 0:02:30 not tightened)
coldwar	Cold War	3	scene	found	8nVUmkx5Rkk	https://www.youtube.com/watch?v=8nVUmkx5Rkk&t=1792s	0:29:52	0:30:08	1792	1808	16	Blue Nimbus	20170504	2160	60.0	fixed (pillarboxed 4:3)			medium	A small cutscene shows a penguin army, revealing their devious intentions.	player as penguin at door with three dots dims 0:29:52; then fixed high camera on ranks of penguins in formation 0:29:54-0:30:07 with camera not following; snap back to normal camera 0:30:08	interface stays visible throughout so start/end are camera-based; starts at door fade
coldwar	Cold War	4	scene	found	8nVUmkx5Rkk	https://www.youtube.com/watch?v=8nVUmkx5Rkk&t=2099s	0:34:59	0:35:14	2099	2114	15	Blue Nimbus	20170504	2160	60.0	fixed (pillarboxed 4:3)			medium	A small cutscene shows the player sliding down a hill.	fade black 0:34:59-0:35:00 after gate with dots; penguin sliding across snow with camera trailing 0:35:01-0:35:12; normal camera at wooden dock with Larry 0:35:14	interface stays visible; end boundary approximate
coldwar	Cold War	5	scene	found	8nVUmkx5Rkk	https://www.youtube.com/watch?v=8nVUmkx5Rkk&t=2588s	0:43:08	0:44:10	2588	2650	62	Blue Nimbus	20170504	2160	60.0	fixed (pillarboxed 4:3)			high	A cutscene shows Ping and Pong performing a song while the guard is distracted and the player slips out.	side panel goes blank 0:43:08 with Ping/Pong at piano/drums and dark-robed player; dialogue about instruments and 'the wildest party' until fade 0:44:08; normal play in corridor 0:44:10	
coldwar	Cold War	6	scene	found	8nVUmkx5Rkk	https://www.youtube.com/watch?v=8nVUmkx5Rkk&t=2684s	0:44:44	0:45:14	2684	2714	30	Blue Nimbus	20170504	2160	60.0	fixed (pillarboxed 4:3)			high	A cutscene shows the player being caught (anti-magic reverts the suit) while the penguins plan world takeover; the player is sent to the Ice Lords.	fade black with panel gone 0:44:44; war room with map table and Pescaling Pax on 0:44:46-0:45:12 dialogue 'I'm glad we handled the espionage'; ice warriors normal play 0:45:14	
coldwar	Cold War	7	scene	found	8nVUmkx5Rkk	https://www.youtube.com/watch?v=8nVUmkx5Rkk&t=2844s	0:47:24	0:47:34	2844	2854	10	Blue Nimbus	20170504	2160	60.0	fixed (pillarboxed 4:3)			high	Screen fades into a brief cutscene of a giant penguin suit under construction in the outpost, then returns to the player before the quest complete scroll.	fade darkening 0:47:24; panel gone, wooden scaffolding with giant penguin suit close-ups 0:47:28-0:47:32; quest complete scroll 0:47:34	the scroll follows immediately; panel returns 0:47:36
contact	Contact!	1	scene	found	Y6J0CnUz1jQ	https://www.youtube.com/watch?v=Y6J0CnUz1jQ&t=266s	0:04:26	0:05:22	266	322	56	Blue Nimbus	20170522	2160	60.0	fixed (4:3 pillarboxed)			high	Shows the Sophanem delegation on the bridge where Coenus orders archers to fire.	screen fades 0:04:26 right after High Priest speaks about the delegation; panel emptied; High Priest and Sophanem delegates at bridge 0:04:40; Coenus with archers 'Archers take your mark' 0:05:00; interface back 0:05:22 with High Priest dialogue	boundaries tightened to 0.5s
contact	Contact!	2	scene	found	Y6J0CnUz1jQ	https://www.youtube.com/watch?v=Y6J0CnUz1jQ&t=1278s	0:21:18	0:22:02	1278	1322	44	Blue Nimbus	20170522	2160	60.0	fixed (4:3 pillarboxed)			medium	Osman sneaks into the city and knocks Jex unconscious.	after Osman 'Wait for me here' view blacks 0:21:18 with panel emptied; chatbox 'While you patiently wait' 0:21:20; Sophanem walls overview and Osman in dark hood 0:21:44; guard in red 0:21:56; interface back 0:22:02	start within 2s (21:16 normal, 21:18 black); end 0:22:02 (22:00 still cutscene); Jex knock-out itself not clearly seen at 2s steps
contact	Contact!	3	scene	found	Y6J0CnUz1jQ	https://www.youtube.com/watch?v=Y6J0CnUz1jQ&t=1327s	0:22:07	0:23:00	1327	1380	53	Blue Nimbus	20170522	2160	60.0	fixed (4:3 pillarboxed)			high	Osman and Maisa talk, the cave shakes, and the Giant Scarab forms; the boss fight begins when it ends.	0:22:07 black with panel emptied after Osman 'I think I should have a look'; cave view dialogue Osman/Maisa 'What's going on Osman?' 0:22:20; 'You watch from afar' 0:22:42; scarab shape appears at right 0:22:50; interface back 0:23:00 with boss cave and 'Ground Time!' chat	Giant Scarab fight starts immediately after in the same video
corsaircurse	The Corsair Curse	1	camera	found	KH3K4Te-CPc	https://www.youtube.com/watch?v=KH3K4Te-CPc&t=109s	0:01:49	0:02:03	109	123	14	Krowebar	20251115	1080	30.0	fixed (2007-style), letterboxed cutscene camera		PgOWUgr1QUo	high	A brief cutscene shows the location of Tock's boat at the western Rimmington dock.	Captain Tock dialogue 'I'm a ship moored west of Rimmington'; inventory panel vanishes and screen fades 1:49.5; camera shows boats and pier over water 1:52-2:01; black 2:02; normal play with panel 2:03	
corsaircurse	The Corsair Curse	2	scene	found	KH3K4Te-CPc	https://www.youtube.com/watch?v=KH3K4Te-CPc&t=710s	0:11:50	0:13:21	710	801	91	Krowebar	20251115	1080	30.0	fixed (2007-style), letterboxed cutscene camera		PgOWUgr1QUo	high	Flashback cutscene of Colin using the telescope at Ithoi's hut repeatedly and shouting at a mermaid.	after Colin 'I was using Ithoi's telescope' fades to black 11:50; night flashback of Colin at telescope on Ithoi's hut 11:56-13:12; fade out; panel back 13:21.5	
corsaircurse	The Corsair Curse	3	scene	found	KH3K4Te-CPc	https://www.youtube.com/watch?v=KH3K4Te-CPc&t=527s	0:08:47	0:09:48	527	588	61	Krowebar	20251115	1080	30.0	fixed (2007-style), letterboxed cutscene camera		PgOWUgr1QUo	high	Flashback cutscene shows Gnocci fishing for lobsters, then the possessed doll, and him burying it beneath a tree before running away.	Gnocci 'I was fishing' fades to black 8:47, panel gone; Gnocci crouched at shoreline fishing 8:50-9:05, fade 9:07-9:13, Gnocci at beach 9:22, red possessed doll 9:40, runs with spade 9:46, black 9:47, panel back 9:48.5	
curseofarrav	The Curse of Arrav	1	camera	found	TJvhyPfiFjM	https://www.youtube.com/watch?v=TJvhyPfiFjM&t=1476s	0:24:36	0:25:54	1476	1554	78	Timaeus OSRS	20250926	1016	60.0	resizable modern; facecam (beside game view, does not cover it); guide text panel	facecam,guide	IIMTpgD0BUY	high	Six heist cutscene shots (files named 'heist cutscene 1-6') illustrate Elias's explanation of the detection spells, sewers, vault door, fire rays and pedestal; likely a camera view of the base while he speaks.	fade to black 0:24:36, minimap black and side panel hidden; Elias White chat 'inner section of Zemouregal's base... detection spells' over pit corridor, sewer gate, cliff doors, vault door 0:25:13-0:25:31, fire rays 0:25:34, pedestal 'holding Arrav's heart' 0:25:49; normal play 0:25:54	complete set of heist shots; Slayermusiq1 IIMTpgD0BUY shows a shortened version (corridor, fire rays, pedestal only) at 0:17:17-0:17:26, no facecam, fixed client
curseofarrav	The Curse of Arrav	2	scene	found	IIMTpgD0BUY	https://www.youtube.com/watch?v=IIMTpgD0BUY&t=1404s	0:23:24	0:23:39	1404	1419	15	Slayermusiq1	20241106	1080	30.0	fixed	guide	TJvhyPfiFjM	high	Taking the heart initiates a cutscene where Zemouregal and Sharathteerk reveal they caught you and Zemouregal orders Arrav to kill you.	fade to black 0:23:24-0:23:26 after clicking Take on pedestal, minimap black and panel empty; Zemouregal 'Well look what we have here...' 0:23:28, 'Did you really think you had any hope of stealing that heart?' 0:23:35; fade out 0:23:37, normal play 0:23:39	boundaries tightened at 1s steps
curseofarrav	The Curse of Arrav	3	scene	found	IIMTpgD0BUY	https://www.youtube.com/watch?v=IIMTpgD0BUY&t=1515s	0:25:15	0:25:39	1515	1539	24	Slayermusiq1	20241106	1080	30.0	fixed	guide	TJvhyPfiFjM	high	Sharathteerk's teleport fails, Elias teleports in and chains Zemouregal and Sharathteerk, the player takes Arrav's heart, and Elias teleports the player out; page notes a final cutscene cures venom.	after Arrav dies panel empties 0:25:15; Zemouregal 'Hmph!' 0:25:19 and 'Impossible! Stop messing around and...' 0:25:22, Elias arrives, pedestal 0:25:29, black 0:25:37; normal play with Elias White chat in desert 0:25:39	boundaries tightened at 1s steps; heart-taking and Elias teleport out are inside this range; no separate final venom cutscene seen
darknessofhallowvale	Darkness of Hallowvale	1	scene	found	cXSEeh1SCV4	https://www.youtube.com/watch?v=cXSEeh1SCV4&t=2953s	0:49:13	0:50:10	2953	3010	57	Blue Nimbus	20170512	2160	60.0	fixed			high	The scene changes to a view of three vampyres talking over a tray of blood tithe pouches; they eat, transform to vyre form and fly off, then the scene ends and the sketch completes.	Side panel and minimap vanish 0:49:13, screen black, then fixed camera on three cloaked figures at a rail talking (Vanstrom Klause lines 'So you see Ranis, ...' 0:49:18-0:49:57), red vyre bats fly off 0:50:00-0:50:08, 'Vanstrom flies away'; fade to black 0:50:09, interface back 0:50:10 with sketch chat lines	boundaries tightened at 0.5s; in this recording it plays after the north-facing sketch (chat says 'first sketch of the north-facing side'), listed as the second sketch in the batch
darknessofhallowvale	Darkness of Hallowvale	2	scene	not_a_cutscene	cXSEeh1SCV4	https://www.youtube.com/watch?v=cXSEeh1SCV4&t=3060s	0:51:00	0:51:44	3060	3104	44	Blue Nimbus	20170512	2160	60.0	fixed			medium	Vanstrom appears on the wall beside you and attacks; you are knocked out after five hits, then Sarius Guile appears, dismisses Vanstrom and wakes you to give the message riddle.	Vanstrom Klause appears beside the player 0:51:00-0:51:20 with inventory still visible and player clicking, fight; Sarius Guile dialogue 0:51:24-0:51:35 with only the side panel blanked and same camera; black flash 0:51:40-0:51:42 (knock out); Sarius dialogue with normal interface 0:51:44	interface returns quickly and camera never leaves normal angle; only dialogue plus a 2s black knock-out fade, so likely not a camera cutscene
deathtothedorgeshuun	Death to the Dorgeshuun	1	camera	found	amPCBnJCMSU	https://www.youtube.com/watch?v=amPCBnJCMSU&t=143s	0:02:23	0:02:50	143	170	27	Krowebar	20260813	1080	30.0	fixed		rDgLpdjMPa4	medium	Cutscene as Zanik sees the surface: the camera zooms up and out into the sky.	camera lifts out of the Lumbridge basement at 2:23 right after Zanik 'Oh... / See you soon' dialogue; castle seen from above 2:28, camera flies out over the countryside 2:30-2:48 and settles over the Dorgeshuun ruins 2:50; side panel and minimap stay throughout (camera-only)	End is when camera stops moving (2:50); player right-click menus appear from 2:46
deathtothedorgeshuun	Death to the Dorgeshuun	2	scene	found	amPCBnJCMSU	https://www.youtube.com/watch?v=amPCBnJCMSU&t=933s	0:15:33	0:16:43	933	1003	70	Krowebar	20260813	1080	30.0	fixed		rDgLpdjMPa4	high	Flashback cutscene showing Zanik collecting tears at Juna's cave and being marked on the forehead.	after 'Yes please!' in Juna's shop the screen fades black at 15:33 with panel gone; chatbox 'It was about this time the passage to the surface opened up... Juna the Story-teller'; Juna snake and Zanik in dark cave 15:48-16:40; fade to black 16:42, shop and panels back 16:44	Flashback; boundaries tightened at 0.5-1s
deathtothedorgeshuun	Death to the Dorgeshuun	3	scene	found	amPCBnJCMSU	https://www.youtube.com/watch?v=amPCBnJCMSU&t=1975s	0:32:55	0:34:55	1975	2095	120	Krowebar	20260813	1080	30.0	fixed		rDgLpdjMPa4	high	Zanik is revived by the tears, then a flashback cutscene shows the H.A.M. members planning to flood the Dorgeshuun caves with a drilling machine.	tears collected interface 32:54 then panel and minimap vanish 32:55; Zanik revived beside Juna 'Juna brought you back from the dead' dialogue 33:30; flashback to H.A.M. hall with Johanhus Ulsbrecht and Sigmund 'Death to the Dorgeshuun' 34:01-34:53; black 34:54, panel back 34:55	Revival and flashback are one continuous cutscene
deathtothedorgeshuun	Death to the Dorgeshuun	4	scene	found	amPCBnJCMSU	https://www.youtube.com/watch?v=amPCBnJCMSU&t=2458s	0:40:58	0:41:54	2458	2514	56	Krowebar	20260813	1080	30.0	fixed		rDgLpdjMPa4	high	Player and Zanik return to the Dorgeshuun leaders for the ending scene; the wiki says the cutscene will not play unless the tunnel is used.	fade from tunnel with panel 40:58; Zanik and Ur-tag scene in Dorgeshuun throne cave with player, dialogue 'Welcome back Zanik' 41:02-41:52; quest complete scroll 41:52	Player exits by southern tunnel in this video; control/panel return ~41:58 after scroll; end given at scroll appearance
defenderofvarrock	Defender of Varrock	1	scene	found	REYHHAdL2wA	https://www.youtube.com/watch?v=REYHHAdL2wA&t=30s	0:00:30	0:01:23	30	83	53	Sedgehun	20250705	2160	60.0	HD plugin (edited cutscene compilation)	hd-plugin,edited compilation	W6ue5PwakjQ,BVKnLUlpaEs	medium	Looking over the balcony starts a cutscene of Sharathteerk reporting to Zemouregal with the undead Arrav in tow.	screen fades black 0:30 with side panel gone; Zemouregal and Sharathteerk in dungeon 0:35-0:50 ('mist has no side effects'); Arrav arrives 1:00; Elias White and Sharathteerk 1:10-1:22; fades to black 1:23	edited video; minimap stays black throughout; fade boundaries tight to 1s; balcony-looking is not clearly shown, matched by participants
defenderofvarrock	Defender of Varrock	2	scene	found	REYHHAdL2wA	https://www.youtube.com/watch?v=REYHHAdL2wA&t=85s	0:01:25	0:01:55	85	115	30	Sedgehun	20250705	2160	60.0	HD plugin (edited cutscene compilation)	hd-plugin,edited compilation	W6ue5PwakjQ,BVKnLUlpaEs	medium	Another balcony cutscene in which Zemouregal dismisses the Stone of Jas and orders final preparations for the invasion of Varrock.	fade in 1:25 after scene 1; high camera over army of skeletons/zombies 1:26-1:53 with Zemouregal and Sharathteerk dialogue ('Begin the final preparations' 1:48); fades out 1:54; side panel gone	edited video; may be combined with row 1 in the real game as two looks; end is fade to Dream Theatre scene
defenderofvarrock	Defender of Varrock	3	scene	found	REYHHAdL2wA	https://www.youtube.com/watch?v=REYHHAdL2wA&t=115s	0:01:55	0:02:37	115	157	42	Sedgehun	20250705	2160	60.0	HD plugin (edited cutscene compilation)	hd-plugin,edited compilation	W6ue5PwakjQ,BVKnLUlpaEs	medium	In a vision in the Dream Theatre Arrav speaks to the player and the vision transforms into Zemouregal, then the player returns to reality.	Dream Theatre blue forge scene 1:59-2:36 with Arrav dialogue ('Arrav: the shield...') then Zemouregal dialogue 2:28; fade to black 2:36 and side panel returns 2:37	start is black fade 1:55-1:58 shared with end of scene 2; normal play from 2:38
defenderofvarrock	Defender of Varrock	4	scene	found	REYHHAdL2wA	https://www.youtube.com/watch?v=REYHHAdL2wA&t=411s	0:06:51	0:07:29	411	449	38	Sedgehun	20250705	2160	60.0	HD plugin (edited cutscene compilation)	hd-plugin,edited compilation	W6ue5PwakjQ,BVKnLUlpaEs	high	Dimintheis arrives at Varrock Palace and unleashes the shield; the scene cuts between the palace, the imprisoned monk, the garden and the broken wall where the Mahjarrat flee.	after Dimintheis shield chat 6:44-6:50 screen fades black 6:51; palace courtyard 6:53, imprisoned monk by door 6:59-7:07, garden with statue and Queen Ellamaria 7:08-7:13, Sharathteerk and Zemouregal flee 7:16-7:26; black 7:27; normal play with inventory 7:29	both boundaries tightened at 0.5s-1s
defenderofvarrock	Defender of Varrock	x1		found	REYHHAdL2wA	https://www.youtube.com/watch?v=REYHHAdL2wA&t=5s	0:00:05	0:00:29	5	29	24	Sedgehun	20250705	2160	60.0	HD plugin (edited cutscene compilation)	hd-plugin,edited compilation		low		Arrav (horned mask) speaks to player at cave gate with Sharathteerk behind 0:05-0:28; quest hint reads 'Go through the gates and finish the cutscene with Arrav'; minimap black	unlisted; chat-dialogue scene before row 1, may just be a dialogue rather than a camera cutscene
deserttreasure	Desert Treasure I	0		not_a_cutscene	EitRfF1bjNo	https://www.youtube.com/watch?v=EitRfF1bjNo&t=1000s	0:16:40	0:16:50	1000	1010	10	Blue Nimbus	20170519	2160	60	fixed		nRSfZbLzLck,GYCK6F3lr0s	medium		Mirrors are at the Bandit Camp (Eblis), not the pyramid. Player stands among the mirrors 0:16:36 after Eblis dialogue; 0:16:40 screen darkens and a mirror-frame overlay shows an icy cave location (0:16:42-0:16:48); side panel/inventory stays visible throughout and a right-click menu opens on the view at 0:16:47; black 0:16:49 then back at the mirror 0:16:51	[pass2] Interface overlay showing a location through the mirror, player keeps control (right-click menu works); camera does not move. Range is when the mirror view shows; boundaries to ~1s
deserttreasure	Desert Treasure I	x1		not_a_cutscene	EitRfF1bjNo	https://www.youtube.com/watch?v=EitRfF1bjNo&t=914s	0:15:14	0:16:24	914	984	70	Blue Nimbus	20170519	2160	60	fixed		nRSfZbLzLck,GYCK6F3lr0s	medium		"Player walks between the pillars and obelisk 0:15:14-0:16:24 with inventory and minimap always visible; chatbox lines ""The diamond is absorbed into the pillar"" x3 and (at 0:16:32) ""The force preventing access to the Pyramid has now vanished""; pyramid corridor walk follows"	[pass2] Placing the diamonds is plain play; no fade, camera lock, or interface removal seen at step 4s sheets 1:14:50-1:17:56 (range approximate; no finer scan)
deserttreasureii	Desert Treasure II - The Fallen Empire	1	scene	found	Oa0A54UxmIY	https://www.youtube.com/watch?v=Oa0A54UxmIY&t=80s	0:01:20	0:01:41	80	101	21	Guzu	20251117	1080	60.0	resizable classic, facecam	facecam		high	Player is shown inside the vault as Asgarnia Smith follows them in and comments.	fade to black 1:20, side panel and minimap gone 1:20.5-1:40; player on vault dais with Asgarnia Smith entering 1:23-1:38 (chat head 'I don't understand, Sir'); black again 1:40.5, panel back 1:41	
deserttreasureii	Desert Treasure II - The Fallen Empire	2	fade	found	Oa0A54UxmIY	https://www.youtube.com/watch?v=Oa0A54UxmIY&t=1828s	0:30:28	0:30:39	1828	1839	11	Guzu	20251117	1080	60.0	resizable classic, facecam	facecam		high	Screen fades to black and the title THE STRANGLEWOOD is shown in white.	rowing scene, minimap goes black 30:29 with panel still shown; title 'The Stranglewood' white on black 30:31-30:36; world returns 30:39	interface tab panel stays visible during this fade
deserttreasureii	Desert Treasure II - The Fallen Empire	3	scene	found	Oa0A54UxmIY	https://www.youtube.com/watch?v=Oa0A54UxmIY&t=1855s	0:30:55	0:31:20	1855	1880	25	Guzu	20251117	1080	60.0	resizable classic, facecam	facecam		medium	Player enters the ruins, meets a horde of Strangled, walks to a barricaded building and Kasonde approaches.	fade to black 30:55, panel and minimap hidden 30:55.5-31:19; player in Stranglewood ruins with horde of Strangled 30:57-31:08; barricaded building and Kasonde 31:12-31:18; black 31:20 with panel back	end at 31:20 fade; start approx at fade
deserttreasureii	Desert Treasure II - The Fallen Empire	4	camera	found	Oa0A54UxmIY	https://www.youtube.com/watch?v=Oa0A54UxmIY&t=2720s	0:45:20	0:45:33	2720	2733	13	Guzu	20251117	1080	60.0	resizable classic, facecam	facecam		high	Camera rotates around Vardorvis in the middle of the Ritual Site with his name overlaid in white text (boss intro).	fade to black 45:19.5-45:21, panel and minimap gone; camera low around Vardorvis on the Ritual Site with white 'Vardorvis' name text 45:23-45:31; fade out 45:32, minimap back 45:32.5, inventory 45:33.5	
deserttreasureii	Desert Treasure II - The Fallen Empire	5	scene	found	Oa0A54UxmIY	https://www.youtube.com/watch?v=Oa0A54UxmIY&t=3091s	0:51:31	0:52:29	3091	3149	58	Guzu	20251117	1080	60.0	resizable classic, facecam	facecam		high	Kasonde exits the locked doors, argues with the player and attacks when refused.	'You give the key to Kasonde' 51:30 then fade to black 51:31, panel gone 51:32-52:27; Kasonde and player dialogue chat heads (arguing, 'I'm sorry Kasonde but I can't do that') 51:38-52:27; black with panel back 52:29 then Kasonde fight HUD 52:33	
deserttreasureii	Desert Treasure II - The Fallen Empire	6	scene	found	Oa0A54UxmIY	https://www.youtube.com/watch?v=Oa0A54UxmIY&t=3431s	0:57:11	0:58:08	3431	3488	57	Guzu	20251117	1080	60.0	resizable classic, facecam	facecam		high	A Mysterious Figure approaches and offers a bargain for the medallion, then leaves.	'Mysterious Figure' chat head ('I have an offer for you', bargain for the medallion) 57:15-58:06 with panel and minimap hidden; fade to black 57:11 and again 58:07; panel back 58:08.5 at the Ancient Vault door	scene is at the desert approach to the Ancient Vault; also fade at start begins 57:11
deserttreasureii	Desert Treasure II - The Fallen Empire	7	scene	found	Oa0A54UxmIY	https://www.youtube.com/watch?v=Oa0A54UxmIY&t=3757s	1:02:37	1:03:29	3757	3809	52	Guzu	20251117	1080	60.0	resizable classic, facecam	facecam		high	Persten appears and stops the player boarding, inviting them to his camp.	fade to black 1:02:37 (panel gone), Persten (blue wizard hat) at the rowboat 1:02:41-1:03:26, chat heads incl. 'Come, I'll explain back at my camp' 1:03:26; fade 1:03:28, minimap returns 1:03:29 at Persten's camp	
deserttreasureii	Desert Treasure II - The Fallen Empire	8	scene	found	Oa0A54UxmIY	https://www.youtube.com/watch?v=Oa0A54UxmIY&t=6685s	1:51:25	1:51:39	6685	6699	14	Guzu	20251117	1080	60.0	resizable classic, facecam	facecam		high	Short cutscene: a weak snake-like creature appears, is eaten, and the genuine Leviathan appears.	fade to black 1:51:24.5, panel gone 1:51:25-1:51:38; camera over the Leviathan arena with white 'The Leviathan' text 1:51:29-1:51:37, weak pale snake-like creature rises 1:51:33 then real red Leviathan 1:51:34; panel and minimap back 1:51:39	
deserttreasureii	Desert Treasure II - The Fallen Empire	9	scene	found	Oa0A54UxmIY	https://www.youtube.com/watch?v=Oa0A54UxmIY&t=12815s	3:33:35	3:33:44	12815	12824	9	Guzu	20251117	1080	60.0	resizable classic, facecam	facecam		medium	Short cutscene in which Jhallan is frozen by Ice Barrage and the Assassin appears and says the asylum entrance is open.	fade to black 3:33:35 with panel and minimap gone; Jhallan encased in ice (Ice Barrage) at his door 3:33:37-3:33:42; fade 3:33:42.5, panel back 3:33:43.5; Assassin then appears with chat head at 3:33:45 in normal play	the Assassin dialogue at 3:33:45+ happens with the interface visible, so it is outside the range; end is where the interface returns
deserttreasureii	Desert Treasure II - The Fallen Empire	10	fade	found	Oa0A54UxmIY	https://www.youtube.com/watch?v=Oa0A54UxmIY&t=16232s	4:30:32	4:31:28	16232	16288	56	Guzu	20251117	1080	60.0	resizable classic, facecam	facecam		medium	Copies of the player speak while surrounding them, screen fades to black and player appears in a body of water.	chatbox 'As you look upon the pillar you feel a stillness wash over you' 4:30:28; overhead texts from the player's copies ('There is a ...') 4:30:34-4:30:50; fade to black 4:30:50-4:30:54; player appears among robed cultists in dark water/void 4:30:56-4:31:26 with 'Dominion? What is this? What's happening?' chat heads; fade to black 4:31:27 and back at the Banikan/Kasonde lab 4:31:28	start approximate: the client keeps the inventory panel throughout (minimap dims only); start is where the copies begin to speak
deserttreasureii	Desert Treasure II - The Fallen Empire	11	scene	found	Oa0A54UxmIY	https://www.youtube.com/watch?v=Oa0A54UxmIY&t=18183s	5:03:03	5:14:39	18183	18879	696	Guzu	20251117	1080	60.0	resizable classic, facecam	facecam		high	Smoke bomb daze, player walks down to the vault, camera pans to the Elder Horn, Banikan revealed as Azzanadra, Mahjarrat arrive and argue, Sliske summons Barrows Brothers.	fade to black 5:03:03-5:03:05 with panel and minimap gone; Asgarnia Smith chat head 5:03:07 ('Bloody hell, you didn't tell me'); camera on the Elder Horn altar 5:05:00; Dr Banikan/Azzanadra and Mahjarrat chat heads (Enakhra, Hazeel, Akthanakos) 5:06-5:12; Sliske chat head 5:11:00 and Barrows brothers pink spawn 5:14:00-5:14:35; black 5:14:39 then boss HUD and panel at 5:14:41	the scene also includes the Sliske reveal; one brief black gap at 5:04:30 inside the cutscene
deserttreasureii	Desert Treasure II - The Fallen Empire	12	scene	found	Oa0A54UxmIY	https://www.youtube.com/watch?v=Oa0A54UxmIY&t=19603s	5:26:43	5:27:34	19603	19654	51	Guzu	20251117	1080	60.0	resizable classic, facecam	facecam		medium	Sliske completes his spell and teleports the Elder Horn away; camera pans to the group; Mahjarrat teleport away.	after the fight, dark fade 5:26:42-5:26:44 with panel gone; Sliske at the altar 5:26:46-5:27:00 with chat head 'You fought well Ghorrock. You will be a worthy sword'; Mahjarrat in chat heads (Zemouregal, Enakhra) 5:27:14-5:27:28; fade 5:27:32 and panel returns 5:27:34	start within +-1s; note the chat heads also show Hazeel and Akthanakos
deserttreasureii	Desert Treasure II - The Fallen Empire	x1		found	Oa0A54UxmIY	https://www.youtube.com/watch?v=Oa0A54UxmIY&t=16424s	4:33:44	4:34:02	16424	16442	18	Guzu	20251117	1080	60.0	resizable classic, facecam	facecam		high		after walking out of the lab, fade to black 4:33:46 with panel gone; 'The Whisperer' title in white on black 4:33:54-4:34:00; interface back at 4:34:02 (boss intro, not listed)	
dragonslayer2	Dragon Slayer II	1	scene	found	4BMb3Zwzk_U	https://www.youtube.com/watch?v=4BMb3Zwzk_U&t=1941s	0:32:21	0:34:05	1941	2045	104	Slayermusiq1	20180107	1080	30.0	fixed (guide video with commentary)	guide	O8dIWFdrMhY	high	Flashback of the heroes confronting a dragonkin in the Lithkren vault; Aivas is killed and Robert picks up the dragon key.	Robert the Strong at 0% health 0:32:20, white flash, then side panel blank and minimap black from 0:32:21.5; Bob the Cat 'I remember! Children! The Dragonkin!' 0:32:26; Dragonkin/Robert/Camorra/Tristan/Aivas dialogue in the vault 0:32:37-0:33:53; fight and dragon key on floor 0:33:30-0:33:57; panel and minimap back in Zemouregal-fort room 0:34:05	boundaries tightened at 0.5s (start) and 3.8s (end); dialogue-only scene with chatbox
dragonslayer2	Dragon Slayer II	2	camera	found	ZEtcLdkbrrg	https://www.youtube.com/watch?v=ZEtcLdkbrrg&t=404s	0:06:44	0:07:10	404	430	26	Sedgehun	20200705	1080	60.0	resizable classic (edited compilation)	edited compilation	4BMb3Zwzk_U,O8dIWFdrMhY	medium	Camera pans to the sleeping dragon Galvek, then to a dragonkin who names it.	camera pans over Lithkren vault floor to the sleeping dragon in the pool 0:06:44-0:06:48 (side panel narrows away), dialogue box only 0:06:49, fade 0:06:53-55, black bar left and Mysterious Voice box 0:07:00-0:07:05, green-cloaked Zorgoth appears 0:07:10	end approximate: the same panel-less cutscene continues with Zorgoth dialogue to 0:09:13 (fixed camera); video is an edited compilation with cuts
dragonslayer2	Dragon Slayer II	3	camera	found	ZEtcLdkbrrg	https://www.youtube.com/watch?v=ZEtcLdkbrrg&t=554s	0:09:14	0:10:07	554	607	53	Sedgehun	20200705	1080	60.0	resizable classic (edited compilation)	edited compilation	4BMb3Zwzk_U,O8dIWFdrMhY	medium	Galvek wakes, kills Dallas, player flees with Bob; scene cuts to Jardric at the Ancient Doors and Galvek's escape.	Zorgoth close-up 0:09:14 with black bar left, Galvek red dragon rises 0:09:25, Dallas/Bob and fire 0:09:20, fade 0:09:29, Jardric at vault circle 0:09:31-0:09:41, Galvek/Zorgoth 0:09:40, black 0:09:44-48, ancient doors with Jardric 0:09:51-0:10:05, chatbox and panel icons back 0:10:07	start at Zorgoth 'Awaken' camera cut; end where interface returns
dragonslayer2	Dragon Slayer II	4	camera	found	ZEtcLdkbrrg	https://www.youtube.com/watch?v=ZEtcLdkbrrg&t=724s	0:12:04	0:12:23	724	743	19	Sedgehun	20200705	1080	60.0	resizable classic (edited compilation)	edited compilation	4BMb3Zwzk_U,O8dIWFdrMhY	high	Shows the allied fleet, then the player's ship as dragons launch dragonfire.	fade from Burthorpe war room 0:12:03; only dialogue box, panel gone; allied longship crew 0:12:08-0:12:13, then green/red/blue dragons in sky 0:12:14-0:12:21; fade to black 0:12:22; panel and chat lines back 0:12:23	boundaries tightened at 1s steps
dragonslayer2	Dragon Slayer II	5	scene	found	ZEtcLdkbrrg	https://www.youtube.com/watch?v=ZEtcLdkbrrg&t=862s	0:14:22	0:14:52	862	892	30	Sedgehun	20200705	1080	60.0	resizable classic (edited compilation)	edited compilation	4BMb3Zwzk_U,O8dIWFdrMhY	high	Ship approaches the island, is bombarded with dragonfire and the screen fades to black.	panel present until 0:14:21; black 0:14:22 then ship deck with dialogue box only, fire on deck 0:14:30, Torfinn dialogue 0:14:34-0:14:50, fade to black 0:14:51-52	boundaries tightened at 1s/0.5s steps; second fade 0:14:55-15:00 follows normal play view
dragonslayer2	Dragon Slayer II	6	scene	found	4BMb3Zwzk_U	https://www.youtube.com/watch?v=4BMb3Zwzk_U&t=5227s	1:27:07	1:27:55	5227	5275	48	Slayermusiq1	20180107	1080	30.0	fixed (guide video with commentary)	guide		medium	Galvek lands on the ship; Bob is killed shielding the player from dragonfire.	panel and minimap present 1:27:05; black screen panel blank 1:27:07; Galvek on ship bow 1:27:26 Zorgoth 'Well look who it is' and 'We shall see' and 'Galvek!' 1:27:31-33; 'Bob!' 1:27:38-41; Zorgoth 'See how the mighty fall' 1:27:43; fade 1:27:53; panel back with Black dragon fight 1:27:55	boundaries at 2s steps; Bob's death itself was not visible as a distinct frame (only 'Bob!' dialogue and fire), Sedgehun ZEtcLdkbrrg skips this scene
dragonslayer2	Dragon Slayer II	7	camera	found	4BMb3Zwzk_U	https://www.youtube.com/watch?v=4BMb3Zwzk_U&t=5465s	1:31:05	1:31:32	5465	5492	27	Slayermusiq1	20180107	1080	30.0	fixed (guide video with commentary)	guide		high	Mithril dragon lands; camera pans to the allied heroes arriving to help.	Checkpoint 2 banner, panel blank from 1:31:05 (panel present 1:31:04); Galvek on ship bow, Zorgoth 'Your precious hero is gone! Your friends have abandoned you!' 1:31:13; Wise Old Man 'Don't be so sure' 1:31:16; heroes lined up on deck 1:31:21-1:31:29; fade 1:31:31; panel back 1:31:32	boundaries tightened at 1.6s; mithril dragon pose not clearly distinguished (blue figure 1:31:10-16)
dragonslayer2	Dragon Slayer II	8	camera	found	ZEtcLdkbrrg	https://www.youtube.com/watch?v=ZEtcLdkbrrg&t=1280s	0:21:20	0:21:35	1280	1295	15	Sedgehun	20200705	1080	60.0	resizable classic (edited compilation)	edited compilation	4BMb3Zwzk_U,O8dIWFdrMhY	medium	Zorgoth announces his full power; camera pans to the heroes as two brutal black dragons land.	panel visible 0:21:18, fade 0:21:19.5, black 0:21:20; Galvek ship deck, dialogue Zorgoth 'Enough of this! You've had your fun' 0:21:22, heroes on deck 0:21:25, Sir Tiffy 'We've got your back' 0:21:28, Zorgoth 'Let's see what you've got' 0:21:31, fade 0:21:33.5; normal play elsewhere 0:21:35.6	the black dragons landing was not clearly seen in frames; end approx 0:21:34-35; Slayermusiq1 4BMb3Zwzk_U also shows it 1:37:32-1:37:55 (Checkpoint 3, Zorgoth 'Enough of this')
dragonslayer2	Dragon Slayer II	9	scene	found	ZEtcLdkbrrg	https://www.youtube.com/watch?v=ZEtcLdkbrrg&t=1530s	0:25:30	0:26:15	1530	1575	45	Sedgehun	20200705	1080	60.0	resizable classic (edited compilation)	edited compilation	4BMb3Zwzk_U,O8dIWFdrMhY	medium	Galvek dies and kills Zorgoth; heroes congratulate the player; scene changes to Bob's grave in Burthorpe.	panel visible 0:25:28; black 0:25:30, Zorgoth dialogue 0:25:35 and Wise Old Man, heroes lined up before dead Galvek 0:25:46-49, fade 0:25:50-53, Burthorpe scene with two figures and dialogue box 0:25:55-0:26:10, fade 0:26:11-13, panel/minimap back 0:26:15	Bob's grave in Burthorpe seen at 0:25:55-0:26:10; end approximate
dragonslayer2	Dragon Slayer II	10	camera	found	2xRQKIOwMh4	https://www.youtube.com/watch?v=2xRQKIOwMh4&t=8496s	2:21:36	2:23:29	8496	8609	113	Timaeus OSRS	20250822	1016	60.0	fixed/HD plugin with facecam and guide overlay	facecam,overlay,hd-plugin,guide	ZEtcLdkbrrg,4BMb3Zwzk_U,O8dIWFdrMhY	medium	Camera slowly approaches the pool in the Lithkren Vault; three dragonkin break free and convene.	fade to black 2:21:36 after cage-area dialogue; 'Meanwhile' title card 2:21:45; Lithkren Vault pool and tank 2:22:00-2:22:50; three dragonkin 2:22:55-2:23:25; chatbox read at 2:23:15 Sithaph 'The Stone has been uncovered. The mortals try to claim its power.' and 2:23:22 Sakirth 'Then let us bring terror and pain to them!'; interface and quest scroll 2:23:30	[pass2] Same scene as whileguthixsleeps row 7: dialogue is word-for-word the DS2 'Finishing up' epilogue (Sakirth/Sithaph/Strisath). This recording is the While Guthix Sleeps end (quest complete scroll is WGS, guide overlay says DS2 completers get this extra cutscene), so the DS2 Alec Kincade trigger is not shown but the scene content is identical; range is the WGS-side trigger; start is the fade, end first frame of normal play with interface 2:23:29; 2 of 3 lines read verbatim
dreammentor	Dream Mentor	0		not_a_cutscene	4l1ulOGwelo	https://www.youtube.com/watch?v=4l1ulOGwelo&t=1198s	0:19:58	0:20:05	1198	1205	7	Blue Nimbus	20170620	2160	60	fixed		XDLUu0Kf0sE	high	Only short screen-blackouts are described: the screen turns black while Cyrisus changes into the armour, and Cyrisus and the player are taken into the dream. No camera, no watched npc scene, no word cutscene; at most a fade or teleport.	anchors: Player 'I've also filled it with some armour; what do you think?' 0:19:53-19:57 ('Oh, I won't. I'll close my eyes.'); game view goes black 0:19:58-0:20:04 but inventory panel, minimap and chatbox stay on screen and dialogue 'Still changing.' shows at 0:20:05-06; 'I've put the clothes back in the chest' 0:20:09	[pass2] Gear-change blackout: view black ~7s, UI intact, player does not move, dialogue continues. Not a cutscene.
dreammentor	Dream Mentor	0b		not_a_cutscene	4l1ulOGwelo	https://www.youtube.com/watch?v=4l1ulOGwelo&t=1498s	0:24:58	0:25:03	1498	1503	5	Blue Nimbus	20170620	2160	60	fixed		XDLUu0Kf0sE	high	Only short screen-blackouts are described: the screen turns black while Cyrisus changes into the armour, and Cyrisus and the player are taken into the dream. No camera, no watched npc scene, no word cutscene; at most a fade or teleport.	after Cyrisus 'I've learnt the techniques... I'm dipping you in the dream' dialogue 0:24:00-0:24:30 and 'You don't need to improve Cyrisus's health' message; fade to black 0:24:58-0:25:02 with inventory panel and minimap present throughout, then player in Ice Dream location 0:25:03 onward and moving under own control	[pass2] Dream entry is a fade/teleport to the dream area (snowy Dream world by 0:25:11) with interface intact; not a cutscene. This is a second not_a_cutscene row, index written as 0b since index 0 is taken by the gear blackout.
eaglepeak	Eagles' Peak	1	scene	found	nrltPmczQwA	https://www.youtube.com/watch?v=nrltPmczQwA&t=1527s	0:25:27	0:26:02	1527	1562	35	Blue Nimbus	20170405	2160	60.0	fixed (pillarboxed 4:3)		AfyYwZELFjw	high	Nickolaus shows the player how to bait a box trap, they wait, and a ferret goes into the trap.	"Nickolaus dialogue ""Come with me and I'll show you"" 25:26 then fade 25:27, side panel blank 25:28-26:01, camera low on Nickolaus at trap 25:30-25:44, ferret runs toward trap 25:45-25:50, Nickolaus ""here you go! One ferret-wrapped ferret ready for delivery"" 25:51; interface back 26:01.5"	boundaries tightened at 0.5s; alt AfyYwZELFjw is HD plugin with facecam, same scene at about 29:00-29:40 (coarse only)
eaglepeak	Eagles' Peak	2	scene	not_a_cutscene	nrltPmczQwA	https://www.youtube.com/watch?v=nrltPmczQwA&t=854s	0:14:14	0:14:40	854	880	26	Blue Nimbus	20170405	2160	60.0	fixed		AfyYwZELFjw	medium	A giant Kebbit jumps out of the cave, and after being taunted goes back in dropping the silver feather.	"Anchors: chatbox ""After carefully examining the rocks, you manage to pick up the mysterious trail again"" 0:14:10-0:14:12; ""Inspect Opening"" menu over the tunnel opening 0:14:16; a brown kebbit-like animal appears beside the player at 0:14:21 and follows with green/red hit bars 0:14:24-0:14:38; side panel, minimap and chatbox stay drawn throughout and the player stays clickable"	[pass2] Kebbit appears while the interface stays; I did not read the taunt/feather dialogue frames so the end is approximate (kebbit still beside player at 0:14:39)
enakhraslament	Enakhra's Lament	1	scene	found	g780DnDcZkM	https://www.youtube.com/watch?v=g780DnDcZkM&t=849s	0:14:09	0:14:20	849	860	11	Blue Nimbus	20170508	2160	60.0	fixed			high	Cutscene (headache vision) showing Enakhra celebrating the completed temple for her lord.	panel and minimap vanish 0:14:09 after placing arm in lock; grey vision, Enakhra: 'At last it's complete. A temple fit for my lord' 0:14:16; normal play 0:14:20	Blue Nimbus quest #106 no commentary
enakhraslament	Enakhra's Lament	2	scene	found	g780DnDcZkM	https://www.youtube.com/watch?v=g780DnDcZkM&t=909s	0:15:09	0:15:33	909	933	24	Blue Nimbus	20170508	2160	60.0	fixed			high	Knights of Avarrocka attack; Enakhra kills three and freezes the last in ice.	panel gone 0:15:10 after 'Oh my head'; grey vision, knights, Enakhra 'You will never have the temple', blood, knight frozen in ice 0:15:30; normal 0:15:33	Blue Nimbus quest #106 no commentary
enakhraslament	Enakhra's Lament	3	scene	found	g780DnDcZkM	https://www.youtube.com/watch?v=g780DnDcZkM&t=967s	0:16:07	0:16:30	967	990	23	Blue Nimbus	20170508	2160	60.0	fixed			high	Akthanakos persuades Enakhra to join his side; she feigns agreement, he walks away and she laughs.	panel gone 0:16:07 after 'Oh my head'; grey vision Akthanakos 'Why would Zamorak want a temple' and Enakhra 'Of course' 0:16:22; normal 0:16:30	Blue Nimbus quest #106 no commentary
enakhraslament	Enakhra's Lament	4	scene	found	g780DnDcZkM	https://www.youtube.com/watch?v=g780DnDcZkM&t=1020s	0:17:00	0:17:16	1020	1036	16	Blue Nimbus	20170508	2160	60.0	fixed			high	Enakhra tries animating bones into a skeleton weapon and fails.	panel gone 0:17:00 after 'Oh my head'; grey vision Enakhra with bones on floor 'Surely this would make a good weapon' 0:17:09; normal 0:17:16	Blue Nimbus quest #106 no commentary
enakhraslament	Enakhra's Lament	5	scene	found	g780DnDcZkM	https://www.youtube.com/watch?v=g780DnDcZkM&t=1229s	0:20:29	0:20:47	1229	1247	18	Blue Nimbus	20170508	2160	60.0	fixed			high	Enakhra reveals her deception and freezes Akthanakos.	fade to black 0:20:29 after placing stone head; grey vision Akthanakos 'Wait, who is this?' Enakhra 'Ha ha ha you believed me' 0:20:40, Akthanakos frozen in ice 0:20:45; normal 0:20:47	Blue Nimbus quest #106 no commentary
enakhraslament	Enakhra's Lament	6	scene	found	g780DnDcZkM	https://www.youtube.com/watch?v=g780DnDcZkM&t=1766s	0:29:26	0:30:05	1766	1805	39	Blue Nimbus	20170508	2160	60.0	fixed			high	Enakhra and Akthanakos transform into skeleton forms, trade threats, and teleport away; quest complete.	fade/panel gone 0:29:26 after Akthanakos dialogue; red-robed Enakhra appears 0:29:32, dialogue 'I'll be waiting for you in the earth Akthanakos' 0:29:54, both teleport away; normal play with quest scroll 0:30:06	Blue Nimbus quest #106 no commentary
enlightenedjourney	Enlightened Journey	1	scene	found	cAD-EmI5kJ8	https://www.youtube.com/watch?v=cAD-EmI5kJ8&t=231s	0:03:51	0:04:22	231	262	31	Blue Nimbus	20170415	2160	60.0	fixed (letterboxed 4:3)		11IUJWVGZMs	high	Cutscene of the player launching the first test balloon, which burns down, while Auguste talks.	Fade to black 3:51 after 'Wonderful! I'll take this' dialogue with Auguste; side panel gone, low camera on the basket with balloon rising and pitchfork crowd near; normal play returns 4:22 (first normal frame 4:21.5)	first test balloon launch; only the 4:22 end is half-second approximate
enlightenedjourney	Enlightened Journey	2	scene	found	cAD-EmI5kJ8	https://www.youtube.com/watch?v=cAD-EmI5kJ8&t=275s	0:04:35	0:04:55	275	295	20	Blue Nimbus	20170415	2160	60.0	fixed (letterboxed 4:3)		11IUJWVGZMs	high	Cutscene of launching the second balloon, attacked by a flash mob with pitchforks, which burns down.	Fade starts 4:35 right after Auguste asks for 'two sheets of papyrus and a full sack of potatoes' and player says they have them; panel gone, camera on Auguste and Moe at launch site, pitchfork mob at 4:41-4:46, 'this one burns like a lead balloon' line 4:52; interface back 4:55	second test balloon with flash mob; does not include a 4:46 Auguste/Moe closeup break
enlightenedjourney	Enlightened Journey	3	scene	found	11IUJWVGZMs	https://www.youtube.com/watch?v=11IUJWVGZMs&t=370s	0:06:10	0:06:20	370	380	10	GoingCrazy201	20230719	2160	60.0	resizable modern, overlay (text overlays)	overlay	cAD-EmI5kJ8	high	Cutscene starts when a willow branch is used on the balloon basket; on its end the log storage appears.	After 'The ship arrives at Entrana' 5:48 and dialogue 'Great! Let me just put it all together' at 6:07, screen fades to black 6:10; 6:12-6:19 balloon inflates at basket, panel gone; normal play 6:19.5 with chat options and 'Which logs would you like to use up first' log-storage dialogue 6:30	chosen over Blue Nimbus because the 2023 version shows log storage at the end; Blue Nimbus has the same cutscene at 9:03-9:13 (fixed client, older version without log storage)
ethicallyacquiredantiquities	Ethically Acquired Antiquities	1	camera	found	cQP7ozxdl6A	https://www.youtube.com/watch?v=cQP7ozxdl6A&t=410s	0:06:50	0:07:53	410	473	63	L9H	20241011	1080	60.0	resizable classic			high	Cutscene starts focusing on the curator during the interrogation.	"screen fades to black 0:06:50 (interface gone), close-up of Curator Haig Halen at 0:06:52 with chatbox dialogue ""you found the ancient Diadem""; player/curator alternate close-ups through the interrogation until fade to black 0:07:53"	interrogation ends at the fade at 0:07:53; second scene starts 0:07:54
ethicallyacquiredantiquities	Ethically Acquired Antiquities	2	camera	found	cQP7ozxdl6A	https://www.youtube.com/watch?v=cQP7ozxdl6A&t=474s	0:07:54	0:08:26	474	506	32	L9H	20241011	1080	60.0	resizable classic			high	Cutscene goes to the Grand Museum; camera pans across as Haig confronts and defeats a thief, then the cutscene ends back at Varrock.	fade-in at 0:07:54 to Grand Museum hall with Haig; 0:08:08 Haig runs toward a thief; 0:08:16-0:08:24 thief lying down and Haig walking off; fade to black 0:08:25, interface (minimap, inventory) back at 0:08:26 in Varrock museum	
finaldawn	The Final Dawn	1	scene	found	VjO4sq7K56Y	https://www.youtube.com/watch?v=VjO4sq7K56Y&t=311s	0:05:11	0:06:46	311	406	95	Guzu	20251015	1080	60.0	resizable, panels hidden in cutscenes; facecam bottom-left	facecam		high	A cutscene opens with the player meeting the council; the Queen questions the player about helping Itzla, then the player is teleported to the palace top.	fade to black 0:05:11 with panel gone; Servius/Queen/Metzli-like council on palace roof with Queen Zyanyi dialogue 0:05:15-0:06:40; fade black 0:06:45 then panel+minimap back 0:06:46 on palace top	boundaries tightened at 1s
finaldawn	The Final Dawn	2	scene	found	VjO4sq7K56Y	https://www.youtube.com/watch?v=VjO4sq7K56Y&t=445s	0:07:25	0:09:50	445	590	145	Guzu	20251015	1080	60.0	resizable, panels hidden in cutscenes; facecam bottom-left	facecam		high	Player watches Metzli lead a sermon and reveal Itzla captive; Itzla is taken away.	panel dark/fade 0:07:25-0:07:27; Augur Metzli sermon at table with Itzla brought out 0:07:28-0:09:45; fade black 0:09:48; panel returns 0:09:50	boundaries tightened at 1s
finaldawn	The Final Dawn	3	scene	found	VjO4sq7K56Y	https://www.youtube.com/watch?v=VjO4sq7K56Y&t=659s	0:10:59	0:11:18	659	678	19	Guzu	20251015	1080	60.0	resizable, panels hidden in cutscenes; facecam bottom-left	facecam		medium	Cutscene plays as the player enters and walks into the northern backroom.	panel+minimap present 0:10:58 walking maze from above; black 0:10:59-0:11:00; overhead view of player walking carpeted backroom with Overseer text 'There must be something useful here' 0:11:05, to door 0:11:16	continuous with row 4 (no black between; camera cuts 0:11:19); split point is the camera change
finaldawn	The Final Dawn	4	scene	found	VjO4sq7K56Y	https://www.youtube.com/watch?v=VjO4sq7K56Y&t=678s	0:11:18	0:12:16	678	736	58	Guzu	20251015	1080	60.0	resizable, panels hidden in cutscenes; facecam bottom-left	facecam		medium	Cutscene: on leaving the backroom the Emissary Enforcer intercepts the player and confiscates the scroll, leading into a fight.	camera cut 0:11:19 to Emissary Enforcer in corridor; Tonali/Angus dialogue 0:11:21-0:12:14; fade 0:12:15; panel and minimap back 0:12:16	start is the camera change from row 3; whole 0:10:59-0:12:16 is one scene
finaldawn	The Final Dawn	5	scene	found	VjO4sq7K56Y	https://www.youtube.com/watch?v=VjO4sq7K56Y&t=1526s	0:25:26	0:25:50	1526	1550	24	Guzu	20251015	1080	60.0	resizable, panels hidden in cutscenes; facecam bottom-left	facecam		high	Janus returns to the safe house and is knocked out and restrained by Vibia and the player.	fade to black 0:25:26 with panel present, panel gone 0:25:28; Janus/Vibia/guard at safe-house door low camera with 'Hey! Get the dang off me' Forebearer Janus dialogue 0:25:42 and Captain Vibia 'What!' 0:25:46; fade 0:25:49; panel and minimap back 0:25:50	boundaries tightened at 1s
finaldawn	The Final Dawn	6	scene	found	VjO4sq7K56Y	https://www.youtube.com/watch?v=VjO4sq7K56Y&t=1567s	0:26:07	0:27:04	1567	1624	57	Guzu	20251015	1080	60.0	resizable, panels hidden in cutscenes; facecam bottom-left	facecam		high	Queen, Kualti and Servius gather in Janus' basement to interrogate him; screen fades to black during the beating, then returns.	black 0:26:07 panel gone; basement with Queen, Servius, Kualti-like group, Overseer 'What happened?' 0:27:00; black 0:26:52-0:26:56 with chat line 'You leave the Queen with Forebearer Janus...'; black 0:27:04 with panel back	boundaries tightened at 1s; the fade during the beating is the 0:26:52-0:26:58 black inside the range
finaldawn	The Final Dawn	7	scene	found	VjO4sq7K56Y	https://www.youtube.com/watch?v=VjO4sq7K56Y&t=1742s	0:29:02	0:33:18	1742	1998	256	Guzu	20251015	1080	60.0	resizable, panels hidden in cutscenes; facecam bottom-left	facecam		high	Group arrives at Cam Torum in a cutscene acting as teleport.	black 0:29:02 panel gone after Overseer 'Yes let's go' dialogue 0:29:00; Cam Torum dwarven cavern with queen, Servius and dwarves, Highlord Nalo-type dialogue 0:29:10-0:33:16; fade 0:33:17 then panel and minimap back 0:33:18 with player alone on cavern path	boundaries tightened at 1s
finaldawn	The Final Dawn	8	scene	found	VjO4sq7K56Y	https://www.youtube.com/watch?v=VjO4sq7K56Y&t=2420s	0:40:20	0:42:47	2420	2567	147	Guzu	20251015	1080	60.0	resizable, panels hidden in cutscenes; facecam bottom-left	facecam		high	Player eavesdrops on the Tullus twins in a nearby cavern talking with Teumo.	panel present but screen darkening 0:40:20, black 0:40:22; cavern with two white-robed Tullus figures and Ennius Tullus dialogue box 'You shouldn't have used to Aguras revealer' 0:40:28-0:40:40 and Teumo (dark-gowned) with money dialogue 0:42:33-0:42:44; black 0:42:46, panel+minimap back 0:42:47	start is fade onset (panel still drawn 0:40:20); boundaries tightened at 1-2s
finaldawn	The Final Dawn	9	scene	found	VjO4sq7K56Y	https://www.youtube.com/watch?v=VjO4sq7K56Y&t=2823s	0:47:03	0:47:58	2823	2878	55	Guzu	20251015	1080	60.0	resizable, panels hidden in cutscenes; facecam bottom-left	facecam		high	Player teleports into the chamber with the keystone and confronts the twins and two cultists; Lucius teleports in Metzli.	panel present 0:47:02 at keystone; black 0:47:03; chamber with Ennius/Furia-like red and white robed twins and player, Ennius Tullus dialogue 0:47:07, 'Angus Alteid' dialogue 0:47:40 ('The Final Dawn will soon be upon us'), green teleport sparkles 0:47:52 (Metzli arrival); black 0:47:58 with panel back, boss fight health bars 0:48:02	boundaries tightened at 1s
finaldawn	The Final Dawn	10	scene	found	VjO4sq7K56Y	https://www.youtube.com/watch?v=VjO4sq7K56Y&t=3097s	0:51:37	0:51:57	3097	3117	20	Guzu	20251015	1080	60.0	resizable, panels hidden in cutscenes; facecam bottom-left	facecam		high	Tonali warriors battle cultists as the player arrives and is told to hold them back.	panel present 0:51:36 walking in jungle; black 0:51:37-0:51:38 panel gone; Tonali warriors and cultists fighting in the crypt courtyard with Queen Zyanyi Arkan dialogue 'Hold the line!' 0:51:41 and Captain Vibia 0:51:49; black 0:51:56 with coloured dots, panel returns 0:51:57 and fight begins 0:52:00	boundaries tightened at 1s
finaldawn	The Final Dawn	11	scene	found	VjO4sq7K56Y	https://www.youtube.com/watch?v=VjO4sq7K56Y&t=3190s	0:53:10	0:55:15	3190	3315	125	Guzu	20251015	1080	60.0	resizable, panels hidden in cutscenes; facecam bottom-left	facecam		high	More cultists enter; Metzli, the twins, Itzla and Teumo arrive; ends with Ennius casting fire spells.	panel present 0:53:09 during wave fight; black 0:53:10; more cultists, Queen 'Do we have enough?' 0:53:18, Metzli party arrives 0:53:26-0:53:34, Itzla captive shirtless 0:53:42-0:53:50, Tullus dialogue 'Ennius Tullus' 0:54:04-0:54:46, Queen accuses 0:54:26; orange flash 0:55:13, black 0:55:14, panel back 0:55:15 and Ennius fight with health bar 0:55:18	boundaries tightened at 1s
finaldawn	The Final Dawn	12	scene	found	VjO4sq7K56Y	https://www.youtube.com/watch?v=VjO4sq7K56Y&t=3552s	0:59:12	1:00:27	3552	3627	75	Guzu	20251015	1080	60.0	resizable, panels hidden in cutscenes; facecam bottom-left	facecam		high	Aftermath of the battle with the Queen and Vibia discussing Furia's escape into the caverns.	panel and minimap present 0:59:11 fighting Ennius; black 0:59:12; Queen Zyanyi Arkan, Captain Vibia, Prince Itzla and Overseer dialogue around fallen Ennius 0:59:15-1:00:25 ('Be careful there. May the sun light your way'); black 1:00:26, panel back 1:00:27 in caverns	boundaries tightened at 1s
finaldawn	The Final Dawn	13	scene	found	VjO4sq7K56Y	https://www.youtube.com/watch?v=VjO4sq7K56Y&t=4769s	1:19:29	1:19:59	4769	4799	30	Guzu	20251015	1080	60.0	resizable, panels hidden in cutscenes; facecam bottom-left	facecam		high	Metzli kneels, stands and confronts Itzla and the player in a scripted scene.	panel and minimap present 1:19:28; black 1:19:29-1:19:30; Metzli kneeling on floor 1:19:31, Prince Itzla dialogue 'It's over, Metzli. Surrender' 1:19:32-1:19:38, Metzli stands and says 'Doesn't I've fought too long' 1:19:52, fire burst 1:19:54; black with minimap 1:19:58; normal play 1:20:00	boundaries tightened at 0.5-1s; end shows minimap ring at 1:19:58 and tabs, chatbox at 1:19:59
finaldawn	The Final Dawn	14	fade	found	VjO4sq7K56Y	https://www.youtube.com/watch?v=VjO4sq7K56Y&t=4960s	1:22:40	1:25:24	4960	5124	164	Guzu	20251015	1080	60.0	facecam and stream overlay, interface and minimap stay drawn	facecam,overlay		medium	Screen fades to black then back to the crypt room where Furia is tied and the Queen and Itzla wrap up.	chatbox 'Having discovered all that you can in the ruins, you return to the crypt...' 1:22:40; fade to black 1:22:40-1:22:43; fire-lit crypt room 1:22:44 with Itzla 'Ah, there you are' 1:22:47; Itzla 'It's done. Metzli is dead. This one here is all that remains' 1:23:00; Queen 'Now, I must return to the capital' 1:23:45; 'The Queen and Vibia depart for Fortis, taking Furia with them' 1:23:55; Itzla 'Well, that was quite the adventure' 1:24:10; quest complete scroll 1:25:25	[pass2] Separate later scene, not x2 (x2 1:20:11-1:21:28 is the Metzli/Furia capture scene in the archive); this is the transcript's 'Upon fully exploring the area'. Side panel and minimap remain drawn during it (unlike other scenes) though camera is scripted high and fixed and control is dialogue-only; the prior pass missed it by calling it normal play. End approximate: dialogue ends ~1:25:20, scroll 1:25:25
finaldawn	The Final Dawn	x1		found	VjO4sq7K56Y	https://www.youtube.com/watch?v=VjO4sq7K56Y&t=4495s	1:14:55	1:17:00	4495	4620	125	Guzu	20251015	1080	60.0	resizable, panels hidden in cutscenes; facecam bottom-left	facecam		medium		panel present 1:14:54 walking archive maze; black 1:14:55-1:14:56; Angus Alteid (Metzli) with Prince Itzla and Queen in a brown archive room, dialogue 'Boring? What do you think I'm running from?' 1:15:03; panel back 1:17:00 (black with minimap) then Metzli fight health bar 1:17:02	unlisted scene: the pre-fight confrontation with Metzli in the archive (before the Metzli fight); end boundary 1:17:00 seen at 1s but fade start of the end not separately checked
finaldawn	The Final Dawn	x2		found	VjO4sq7K56Y	https://www.youtube.com/watch?v=VjO4sq7K56Y&t=4811s	1:20:11	1:21:28	4811	4888	77	Guzu	20251015	1080	60.0	resizable, panels hidden in cutscenes; facecam bottom-left	facecam		medium		panel present 1:20:10; black 1:20:11-1:20:12; dark chamber with Itzla and Furia-like grey robed figure, Angus Alteid dialogue 1:20:30, Prince Itzla 'Furia... It's over.' seen at 1:20:46 frame; second black 1:21:12-1:21:13 then dark scene with Overseer 'Let's go ahead, I want to take a look around first' 1:21:21; black 1:21:27; panel and minimap back 1:21:28-1:21:29	unlisted; two fades inside the range (1:21:12); may be two scenes joined; panel-less throughout
forgettabletale	Forgettable Tale...	1	camera	found	e_v-rFPJ5iU	https://www.youtube.com/watch?v=e_v-rFPJ5iU&t=109s	0:01:49	0:02:28	109	148	39	Blue Nimbus	20170409	2160	60.0	fixed		C3k_e-Krx7o	high	Cutscene showing the statue from The Giant Dwarf with the title 'Rise of the Red Axe, Part II'; the camera pans to the drunken dwarf's house and the player ends up outside it.	Veldaban dialogue ends 0:01:48, screen fades to black 0:01:49, side panel and chat blank; statue and title 'Rise of the Red Axe Part II' 0:02:12-0:02:20, pan over dwarven city, quest title card; interface returns 0:02:28 outside drunken dwarf house	boundaries tightened at 1s steps
forgettabletale	Forgettable Tale...	2	fade	found	e_v-rFPJ5iU	https://www.youtube.com/watch?v=e_v-rFPJ5iU&t=1023s	0:17:03	0:17:20	1023	1040	17	Blue Nimbus	20170409	2160	60.0	fixed			medium	Small cutscene: as the dwarf recounts his cave exploration the screen fades repeatedly between story fragments (page calls it a small cutscene).	Drunken dwarf says 'and then I nearly fell into the abyss' 0:17:00; screen goes black with chat/minimap only 0:17:03-0:17:04, again black at 0:17:10 and 0:17:16-0:17:18; normal room with dialogue at 0:17:20	short repeated fades between story fragments; range covers the three fades at 1s steps for the first, 2s for the last
forgettabletale	Forgettable Tale...	3	camera	found	e_v-rFPJ5iU	https://www.youtube.com/watch?v=e_v-rFPJ5iU&t=1228s	0:20:28	0:20:48	1228	1248	20	Blue Nimbus	20170409	2160	60.0	fixed			high	On entering the tunnel the camera pans across the railroad and chasm with floating tracks; repeated at rooms 3 and 5.	Riding cart down track 0:20:26 then screen black with side panel emptying 0:20:28-0:20:38; track/chasm with floating rails pan 0:20:38-0:20:46 with player line 'I'm deep underground now'; interface back 0:20:48	this is the room 1 entry; same fade + rail pan appears again with side panel gone near 0:25:00 and 0:32:00 and 0:34:20-0:34:30 (later rooms, not tightened)
forgettabletale	Forgettable Tale...	4	scene	found	e_v-rFPJ5iU	https://www.youtube.com/watch?v=e_v-rFPJ5iU&t=2070s	0:34:30	0:36:11	2070	2171	101	Blue Nimbus	20170409	2160	60.0	fixed			high	Red Axe Director shows chaos dwarf soldiers to a gnome emissary; Grunsh sneaks up and casts a memory-wiping spell; screen fades out and the player reappears at the tunnel entrance.	Cart ride fades 0:34:28, chatbox and side panel blank 0:34:30; Red Axe Director, Colonel Grimsson, gnome emissary dialogue 'Excellent! We are improving Gunsalf'; row of chaos dwarf soldiers 0:35:29-0:35:47; Grunsh 'Looking like we're finally...' 0:35:58; fade to black 0:36:06-0:36:10; player back at entrance tracks with interface 0:36:11	boundaries tightened at 1s
forgettabletale	Forgettable Tale...	5	scene	found	e_v-rFPJ5iU	https://www.youtube.com/watch?v=e_v-rFPJ5iU&t=2215s	0:36:55	0:38:33	2215	2313	98	Blue Nimbus	20170409	2160	60.0	fixed			high	The drunken player tells a nonsensical kebab story to dwarves, falls off the chair, and Grimsson notes the spell worked; quest complete.	Walking in Laughing Miner dark 0:36:54, fade to black 0:36:55-0:36:58, panel and chat blank; player amid dwarves telling kebab story 0:37:02-0:38:02; Colonel Grimsson 'The spell has worked' 0:38:14; black 0:38:30-0:38:32; quest complete scroll 0:38:35	boundaries tightened at 1s; ends at fade before Quest complete scroll
fremennikexiles	The Fremennik Exiles	1	scene	found	0gCu3pCU9Sk	https://www.youtube.com/watch?v=0gCu3pCU9Sk&t=813s	0:13:33	0:15:06	813	906	93	Rummy Bears	20191012	1080	30.0	resizable classic, facecam	facecam		medium	Agnar runs in and the Council exiles the player from the province while Brundt objects; watched scripted scene.	fade to black 0:13:33; letterboxed close-up of Brundt (horned helm, cloak) and a warrior at the longhall fire with a man at the door behind, interface and minimap gone 0:13:36-0:15:04; fade to black 0:15:05, normal play with minimap 0:15:06	chat text hidden by facecam; matched on longhall, Brundt, a figure at the door, early-quest position; boundaries tightened to 1s
fremennikexiles	The Fremennik Exiles	2	scene	found	0gCu3pCU9Sk	https://www.youtube.com/watch?v=0gCu3pCU9Sk&t=3252s	0:54:12	0:54:24	3252	3264	12	Rummy Bears	20191012	1080	30.0	resizable classic, facecam	facecam		medium	Cutscene starts as basilisks break into the market; Brundt shouts orders before the market fight.	fade to black 0:54:12 from longhall; letterboxed market view 0:54:15-0:54:23 with dead basilisks, a green-cloaked warrior and a shield warrior, interface gone; minimap and inventory back 0:54:24 with basilisks in the market	chat text hidden by facecam; matched on market basilisk scene; boundaries tightened to 1s
fremennikexiles	The Fremennik Exiles	3	camera	found	0gCu3pCU9Sk	https://www.youtube.com/watch?v=0gCu3pCU9Sk&t=4006s	1:06:46	1:07:20	4006	4040	34	Rummy Bears	20191012	1080	30.0	resizable classic, facecam	facecam		medium	Olaf sings the Ballad of the Basilisk, then the camera tilts down to reveal the player amid celebrating Fremenniks.	fade to black 1:06:45 after the Jormungand kill; fade-in 1:06:54 to longhall with benches and a high stage (figure on stage 1:06:51), camera then near a table with Brundt/Agnar-style figures and an Olaf-like bard, interface gone until fade out 1:07:18; minimap back 1:07:20 with quest-complete scroll at 1:07:21	camera tilt detail not verified (short tiles); scene order matches the summary
fremennikexiles	The Fremennik Exiles	4	scene	found	0gCu3pCU9Sk	https://www.youtube.com/watch?v=0gCu3pCU9Sk&t=3691s	1:01:31	1:01:50	3691	3710	19	Rummy Bears	20191012	1080	30.0	resizable classic, facecam	facecam		medium	The Jormungand is freed and kills Bakuna in one hit before the fight; the text does not call it a cutscene.	fade to black 1:01:31 at the prison cave entrance; letterboxed cave with brown beasts and small figures, no interface 1:01:34-1:01:49; minimap back 1:01:50 with the fight starting	Bakuna death not legible at 360p, chatbox hidden by facecam; matched on prison location and pre-boss position
fremennikexiles	The Fremennik Exiles	x1		found	0gCu3pCU9Sk	https://www.youtube.com/watch?v=0gCu3pCU9Sk&t=3972s	1:06:12	1:06:45	3972	4005	33	Rummy Bears	20191012	1080	30.0	resizable classic, facecam	facecam		medium		minimap/inventory vanish and screen black 1:06:12 right after the Jormungand dies; letterboxed cave with two figures, no interface 1:06:15-1:06:41; fade to black 1:06:45 before the longhall celebration	extra cutscene right after the boss kill, not listed in the batch
gardenoftranquility	Garden of Tranquillity	1	scene	found	6RsUtarsLYg	https://www.youtube.com/watch?v=6RsUtarsLYg&t=1886s	0:31:26	0:33:08	1886	1988	102	Blue Nimbus	20170401	2160	60.0	fixed classic 2017, 4:3 letterboxed			medium	Cutscene of the player spoof killing the two Falador gate guards, ending with the camera panning out on the unguarded gate.	side panel and minimap vanish and screen fades to black 31:27; guards Billy and Bob 'Thirty seconds' dialogue 32:03-32:55 on letterboxed view; camera pans out over the gate 32:43-33:05; black 33:05-33:07, panel back 33:08	Start is between 31:23 (normal) and 31:27 (black); end tightened to 1 s.
gardenoftranquility	Garden of Tranquillity	2	scene	found	6RsUtarsLYg	https://www.youtube.com/watch?v=6RsUtarsLYg&t=2253s	0:37:33	0:39:21	2253	2361	108	Blue Nimbus	20170401	2160	60.0	fixed classic 2017, 4:3 letterboxed			medium	Cutscene: the king and player step into the garden, the king insults the plants and the queen smacks him.	panel gone and black at 37:34; King Roald and Queen Ellamaria in the garden 37:38-39:18 ('Pumpkin' insult 39:02, 'Bob/pumpkin' chat), fade 39:18-39:20, panel back 39:21	Start is between 37:30 (normal) and 37:34 (black); end tightened to 1 s.
gettingahead	Getting Ahead	1	scene	found	Jy1ZWRmXQTw	https://www.youtube.com/watch?v=Jy1ZWRmXQTw&t=420s	0:07:00	0:07:13	420	433	13	L9H	20240925	1080	60.0	resizable modern (RuneLite, Quest Helper overlay)	overlay		medium	Gordon cheers and laughs at his mounted head while Mary and the player wipe their brows, relieved he was fooled.	Dialogue 'Here goes... take a look at the mount' 0:06:58 then screen fades to black from 0:07:00 with world view gone; scene of the player and a blonde character by the wall-mounted beast head 0:07:03-0:07:10 (frame 0:07:05 shows Gordon-style figures and the mounted head, quest helper 'Return to Gordon to finish the quest'); fade back 0:07:12; quest-complete scroll 0:07:14	Boundaries tightened at 0.5s; content matched by scene and quest progress, no chatbox text visible during the scene. Only 360p available via info. Fanbat vYOwXmksZSQ (1080p, 20201125) has no matching cutscene found in coarse sheets so not used.
giantdwarf	The Giant Dwarf	1	scene	found	p8mrgypDthU	https://www.youtube.com/watch?v=p8mrgypDthU&t=68s	0:01:08	0:03:17	68	197	129	Blue Nimbus	20170409	2160	60.0	fixed			high	Intro cutscene: title text over Keldagrim, camera pans Keldagrim-West and the King Alvis statue, a map shows the boat, the boat crashes into the statue, and two Black Guard Berserkers arrest the player at the dock.	1:07.0 normal play, 1:07.5 black with panel emptied; 1:12 'Keldagrim' title text over city; 2:28-2:52 title text 'Rise of the Red Axe Part 1' / 'The Giant Dwarf' over King Alvis statue; 2:24 boat at dock; 2:56-3:10 map showing boat then Black Guard Berserker dialogue 'Come with me' at the dock; 3:16 black, 3:17 normal play in Commander Veldaban's room	No cut-in footage. Ends with a fade into the Veldaban dialogue.
giantdwarf	The Giant Dwarf	2	fade	found	p8mrgypDthU	https://www.youtube.com/watch?v=p8mrgypDthU&t=1211s	0:20:11	0:20:22	1211	1222	11	Blue Nimbus	20170409	2160	60.0	fixed			high	Screen fades to black, the partially completed statue is shown, then it fades back to the player.	20:10 normal dialogue with Blasidar, 20:11 black, 20:13-20:18 close camera on the grey partially completed statue (inventory panel visible), 20:19 black again, 20:22 back in Blasidar's workshop	Interface stays visible during the statue shot; it is a short fade-out, statue shot, fade-in. No cut-in footage.
giantdwarf	The Giant Dwarf	3	scene	found	p8mrgypDthU	https://www.youtube.com/watch?v=p8mrgypDthU&t=1910s	0:31:50	0:35:08	1910	2108	198	Blue Nimbus	20170409	2160	60.0	fixed			high	About 4 minute cutscene in a static meeting room where the directors argue, Veldaban brings the player in, the player picks a company, and the camera pans to the finished statue with the chosen head.	31:49.5 fade to black after Veldaban dialogue, 32:00 title card text, directors around table (Red Axe, Green Gemstone, Silver Cog, Yellow Fortune dialogue), Veldaban enters with shield 33:51; 34:39 player picks Yellow Fortune; 35:03 finished statue on its plinth; 35:07.5 black, 35:08 normal with quest complete scroll	Side panel and minimap gone for the whole range. About 3m18s long in this recording. No cut-in footage.
grimtales	Grim Tales	1	scene	found	9MIn2cYLV8s	https://www.youtube.com/watch?v=9MIn2cYLV8s&t=1544s	0:25:44	0:26:34	1544	1594	50	Blue Nimbus	20170618	2160	60.0	fixed (4:3 pillarboxed)			high	Rupert descends the tower looking for his armour and comes out freed; player then auto-walks up to him.	after Miazrqa dialogue 'You hand over the pendant' view blacks at 0:25:44 and panel frame emptied; princess by round tower hut 0:25:50; Rupert steps out of the door 0:26:22; interface back 0:26:34 with Rupert the Beard dialogue	boundaries tightened to 1s; player auto-walk afterwards is normal play
grimtales	Grim Tales	2	scene	found	9MIn2cYLV8s	https://www.youtube.com/watch?v=9MIn2cYLV8s&t=1906s	0:31:46	0:32:08	1906	1928	22	Blue Nimbus	20170618	2160	60.0	fixed (4:3 pillarboxed)			high	A cutscene shows the bean growing into a giant beanstalk while the player emotes.	screen fades to black 0:31:46 after planting the bean; 'You sense something about to happen' with panel emptied; bean sprout grows into giant beanstalk 0:31:52-0:32:04; interface back 0:32:08	
grimtales	Grim Tales	3	scene	found	9MIn2cYLV8s	https://www.youtube.com/watch?v=9MIn2cYLV8s&t=2148s	0:35:48	0:36:08	2148	2168	20	Blue Nimbus	20170618	2160	60.0	fixed (4:3 pillarboxed)			high	A cutscene shows the beanstalk shrinking to normal size after the potion is poured.	fade begins 0:35:48 after pouring potion; panel emptied with 'You sense something about to happen'; giant beanstalk visibly thins/shrinks 0:35:54-0:36:04; interface back 0:36:08	boundaries tightened to 0.5s
grimtales	Grim Tales	4	scene	found	9MIn2cYLV8s	https://www.youtube.com/watch?v=9MIn2cYLV8s&t=2172s	0:36:12	0:36:30	2172	2190	18	Blue Nimbus	20170618	2160	60.0	fixed (4:3 pillarboxed)			high	A cutscene shows the beanstalk being chopped down.	fade begins 0:36:12; chatbox 'You attempt to cut the beanstalk down' with panel emptied; beanstalk falls 0:36:24-0:36:26; interface back 0:36:30 with fallen plant	
handinthesand	The Hand in the Sand	1	camera	found	cmia6Ct9ZE0	https://www.youtube.com/watch?v=cmia6Ct9ZE0&t=869s	0:14:29	0:14:57	869	897	28	Blue Nimbus	20170507	2160	60.0	fixed (old 2017 client, small game window pillarboxed in black)		ZqHZo6gKQlE,gdNLcZ-l1Lw	medium	The view shifts to Bert's sandpit while Zavistic chants; Bert cries out and the sandpit magically refills itself, then the scene ends.	Zavistic dialogue 0:14:28; inventory panel empties and screen fades 0:14:29; camera at Bert sandpit with wizard and magic effect 0:14:34-0:14:55, dialogue Something very strange happened in the sandpit; fade 0:14:55; normal play with panel back 0:14:57	The 360p copy is small; the alt ids are Slayermusiq1 and StayGold guides not checked for cutscene content; the video is an old client version
hauntedmine	Haunted Mine	1	camera	found	mS4NEG3QnCQ	https://www.youtube.com/watch?v=mS4NEG3QnCQ&t=413s	0:06:53	0:07:01	413	421	8	Slayermusiq1	20190507	1080	30.0	fixed (old classic interface; guide video, interface stays visible during the camera cutscene)	guide	rmvmCWcAxDo	high	Short cutscene follows the mine cart along its route (sinks, returns, or reaches the far side); its second half shows the outcome.	lever panel with START button 0:06:52.0; camera on the mine cart and track 0:06:52.5-0:07:00.0, cart rolling along teal tracks; 'Quest Remake' chat 'I wonder if that cart is anywhere useful now?' 0:06:59-0:07:00; lever panel shown again 0:07:00.5	boundaries tightened at 0.5s; the lever panel flickers back for about 0.5s at 0:06:54.5 mid-cutscene; Blue Nimbus FUGJEty7Kkw (20170413, cropped 4:3) checked at 20s steps and does not show a cart cutscene around its lever panel 0:10:20-0:10:46; outcome half not separately identified
heartofdarkness	The Heart of Darkness	1	scene	found	Q8PB1olSUSA	https://www.youtube.com/watch?v=Q8PB1olSUSA&t=159s	0:02:39	0:03:51	159	231	72	Caffeinated Eagle	20260401	1440	60.0	resizable classic, RuneLite side panel, desktop capture		k61wd2CQHJM	high	Queen Zyani and Prince Itzla talk privately about the cult infiltration while the player watches; Itzla then returns to the Teomat.	chatbox 'Prepare for the arrival of Queen Zyani Arkan' 2:36, fade to black 2:39, inventory gone, Itzla and blue-robed guards in a snowy courtyard 2:42-3:48, fade out 3:49, normal play with Itzla dialogue 3:52	
heartofdarkness	The Heart of Darkness	2	scene	found	Q8PB1olSUSA	https://www.youtube.com/watch?v=Q8PB1olSUSA&t=1468s	0:24:28	0:26:35	1468	1595	127	Caffeinated Eagle	20260401	1440	60.0	resizable classic, RuneLite side panel, desktop capture		k61wd2CQHJM	high	Augur Metzli addresses the new Emissaries on stage and presents Ennius and Furia as the reborn gods.	fade to black 24:28 after walking into the Twilight Temple, interface gone, Augur Metzli dialogue on the stage 24:33-26:30, Ennius and Furia appear on stage 26:18, fade out 26:32, interface back 26:35	
heartofdarkness	The Heart of Darkness	3	scene	found	Q8PB1olSUSA	https://www.youtube.com/watch?v=Q8PB1olSUSA&t=1723s	0:28:43	0:29:15	1723	1755	32	Caffeinated Eagle	20260401	1440	60.0	resizable classic, RuneLite side panel, desktop capture		k61wd2CQHJM	medium	Screen shakes, two frost nagua appear, kill Vulcan and knock Itzla across a chasm.	fade 28:43 after mining at Tapoyauik, interface gone, Emissary Acolyte and Itzla dialogue 28:46, frost nagua appear 28:52, Vulcan knocked down 28:56, camera on portcullis chasm 29:00-29:12, black 29:14, interface back 29:16	start/end tightened to 2s only
heartofdarkness	The Heart of Darkness	4	scene	found	Q8PB1olSUSA	https://www.youtube.com/watch?v=Q8PB1olSUSA&t=2054s	0:34:14	0:35:16	2054	2116	62	Caffeinated Eagle	20260401	1440	60.0	resizable classic, RuneLite side panel, desktop capture		k61wd2CQHJM	high	Amoxliatl confronts the pair, Itzla is teleported away, Metzli's group arrives then teleports off leaving the player to fight Amoxliatl.	fade 34:13.5 after the door, interface gone, Amoxliatl ice figure dialogue 34:24-35:12, Augur Metzli / Ennius group at right 34:48-35:08, Itzla gone, black 35:14, boss fight interface back 35:16	
horror	Horror from the Deep	1	scene	found	0-wMbK3Nnac	https://www.youtube.com/watch?v=0-wMbK3Nnac&t=1249s	0:20:49	0:20:55	1249	1255	6	Blue Nimbus	20170418	2160	60.0	fixed (old 4:3 layout, pillarboxed); interface stays visible throughout			high	A cutscene follows in which the dagannoth mother rises from the water before the boss fight begins.	camera cuts to the cave pool 0:20:49.5 with chat dialogue closed after Jossik speech; grey dagannoth mother rises out of the water 0:20:52-0:20:54; camera snaps back to player 0:20:55 and fight starts 0:20:57	boundaries tightened at 0.5s; unlike a typical cutscene the side panel and minimap stay on screen and the player is not locked visibly, it is a camera-only move; recording shows the cave (Jossik lighthouse cave) not a basement
icthlarin	Icthlarin's Little Helper	1	fade	found	jWxbU2hNDfo	https://www.youtube.com/watch?v=jWxbU2hNDfo&t=228s	0:03:48	0:03:58	228	238	10	Blue Nimbus	20170428	2160	60.0	fixed		1pYYdIeljyU,ni8i25ld6yo	medium	Screen fades to black as the Wanderer hypnotises the player, who is moved to Sophanem outside the pyramid with a canopic jar.	Wanderer chatbox 'Look deeply into them...' 0:03:38 and 'Don't blink.' 0:03:46; game view fades to black 0:03:48 (tabs and minimap stay); dream text 'You find yourself moving towards the group of rocks where the secret entrance to Sophanem lies' 0:03:51; second fade 0:03:54-0:03:57; 0:03:58 chatbox 'You slowly pick yourself off the ground. Your head is pounding...' outside the pyramid	[pass2] A fade plus dream walk with inventory tabs visible, not a full-interface cutscene; first pass missed it because the Wanderer is at 0:02-0:03 not near 0:28; upload_date and best_height unknown because yt-dlp info failed (YouTube bot check); boundaries tightened at 0.5s; the jar is not visible in the frames read
icthlarin	Icthlarin's Little Helper	2	scene	not_a_cutscene	jWxbU2hNDfo	https://www.youtube.com/watch?v=jWxbU2hNDfo&t=1700s	0:28:20	0:29:08	1700	1748	48	Blue Nimbus	20170428	2160	60.0	fixed		1pYYdIeljyU,ni8i25ld6yo	medium	Player watches the ceremony; the Wanderer teleports in, is revealed as the Devourer (Amascut) and possesses a priest.	ceremony room with priests, side panel and minimap stay visible throughout; hooded Wanderer walks in 0:28:36-0:29:03 with Dondakan/priest dialogue ('You witnessed it all' 0:28:56); chatbox 'Click to summon the final battle' 0:29:04; combat starts 0:29:09	player keeps control (dialogue only, inventory visible); range start approximate (room first seen 0:28:20), end is where fight begins
icthlarin	Icthlarin's Little Helper	3	scene	found	jWxbU2hNDfo	https://www.youtube.com/watch?v=jWxbU2hNDfo&t=1861s	0:31:01	0:31:34	1861	1894	33	Blue Nimbus	20170428	2160	60.0	fixed		1pYYdIeljyU,ni8i25ld6yo	high	Final flashback shown as a cut-scene: Icthlarin meets the hypnotised player in the pyramid and breaks Amascut's hold.	side panel and minimap vanish at 0:31:01.5, camera jumps into vignette view of Icthlarin (jackal head, staff) with dialogue 'This is no mere mortal in front of me Amascut, release your hold on this human' 0:31:20; black 0:31:30-0:31:33; tabs and minimap back 0:31:33.5	boundaries tightened at 0.5s; no overlay, no facecam
inaidofthemyreque	In Aid of the Myreque	1	camera	found	3ZmlEYh5xz4	https://www.youtube.com/watch?v=3ZmlEYh5xz4&t=643s	0:10:43	0:10:50	643	650	7	Blue Nimbus	20170404	2160	60.0	fixed (old layout, pillarboxed); no facecam			high	The camera points at a wall plaque in the cellar and zooms in as the player notices it.	chatbox 'As you clear away the last of the rubble from the basement, you notice a dusty looking wall plaque' while camera zooms from the cellar to a close view of the stone plaque 0:10:43.6-0:10:49.4; camera back to normal angle 0:10:49.6	boundaries tightened at 0.6s; side panel and minimap stay visible the whole time (camera-only move)
inaidofthemyreque	In Aid of the Myreque	2	scene	found	3ZmlEYh5xz4	https://www.youtube.com/watch?v=3ZmlEYh5xz4&t=1187s	0:19:47	0:21:02	1187	1262	75	Blue Nimbus	20170404	2160	60.0	fixed (old layout, pillarboxed); no facecam			medium	Screen fades to black, fades in at Castle Drakan where Vanstrom orders Gadderanks to tithe Burgh de Rott after smelling the furnace smoke, then fades back to the town.	panel dims and screen fades 0:19:48-0:19:52 after 'You light the coal fire in the furnace'; Vanstrom (red hood) speaking to Gadderanks (white) and two vampyres 0:19:56-0:20:48 with panel gone; back at the furnace with Gabriela dialogue 'Gadderanks is here and he smells blood' 0:20:52-0:20:58; panel and minimap back 0:21:02	start tightened at ~3s, end at ~3s
inaidofthemyreque	In Aid of the Myreque	3	fade	not_a_cutscene	3ZmlEYh5xz4	https://www.youtube.com/watch?v=3ZmlEYh5xz4&t=1280s	0:21:20	0:22:00	1280	1320	40	Blue Nimbus	20170404	2160	60.0	fixed (old layout, pillarboxed); no facecam			medium	Screen fades to black and the fight with Gadderanks and the Vampyres begins.	Gadderanks speaks to the player in the general store with side panel, minimap and normal camera visible 0:21:20-0:21:58; Wiskit line 0:21:57; fight follows with panel still on screen	no fade to black or interface loss seen between 0:21:20 and 0:22:30; combat begins in normal play
kingdomdivided	A Kingdom Divided	1	scene	found	9z8zxRB2Iaw	https://www.youtube.com/watch?v=9z8zxRB2Iaw&t=130s	0:02:10	0:02:42	130	162	32	Ollie Games	20210617	1440	30.0	resizable, transparent side panels			high	Player and Fullore approach Kingstown and are stopped by Lawry and Ginea, who claim authority over Hughes; ends in front of Hughes' house.	fade to black with interface 0:02:10; side panel gone, low street view of Fullore/Lawry/Ginea with dialogue 0:02:14-0:02:38; fade 0:02:40; interface back 0:02:42	Ended in front of Hughes house area; boundaries tightened at 1s/2s
kingdomdivided	A Kingdom Divided	2	scene	found	9z8zxRB2Iaw	https://www.youtube.com/watch?v=9z8zxRB2Iaw&t=476s	0:07:56	0:08:48	476	528	52	Ollie Games	20210617	1440	30.0	resizable, transparent side panels			high	Fullore arrives at the port; Sophia Hughes appears, casts a spell and is burnt away, revealing the Judge of Yama to player and Fullore.	black 0:07:56 then panel gone at ship deck with Fullore 0:07:58; Judge of Yama dialogue 0:08:40; purple flash 0:08:44; interface back 0:08:48 in boss fight	
kingdomdivided	A Kingdom Divided	3	scene	found	9z8zxRB2Iaw	https://www.youtube.com/watch?v=9z8zxRB2Iaw&t=611s	0:10:11	0:10:42	611	642	31	Ollie Games	20210617	1440	30.0	resizable, transparent side panels			high	Andrews thanks the player and asks them to tell Martin Holt the Hughes issue is resolved.	interface vanishes to black 0:10:11 right after Judge fight; Councillor Andrews in portrait room dialogue 0:10:18-0:10:34; black 0:10:40; interface back 0:10:42	
kingdomdivided	A Kingdom Divided	4	scene	found	vXVHNGBqGVQ	https://www.youtube.com/watch?v=vXVHNGBqGVQ&t=1630s	0:27:10	0:28:07	1630	1687	57	Zammy	20220812	1080	60.0	resizable modern, RuneLite with Quest Helper side panel, overlay	overlay		medium	Player watches from a balcony as Lawry and two guards arrest Martin Holt.	minimap blacks out 0:27:11 and camera jumps to a high view; market-square view with Martin Holt, Tomas Lawry and two guards 0:27:24-0:28:00; Tomas Lawry dialogue 'You have encouraged people to take up arms against the rightful rulers of Kourend' 0:27:52; fade 0:28:04; interface back 0:28:07	Martin's arrest not shown in Ollie Games 9z8zxRB2Iaw (player skips to castle); only the stream video has it. Cutscene keeps the RuneLite side panel and inventory but blacks out the minimap; interface is not hidden
kingdomdivided	A Kingdom Divided	5	scene	found	9z8zxRB2Iaw	https://www.youtube.com/watch?v=9z8zxRB2Iaw&t=1743s	0:29:03	0:30:10	1743	1810	67	Ollie Games	20210617	1440	30.0	resizable, transparent side panels			high	Player enters a hidden basement; Rose lies on a stone, Orson appears and talks; screen fades to black and Fullore arrives, then cells are opened.	black 0:29:03 after inspecting crates; basement with Rose on stone, Orson dialogue 0:29:24-0:29:40, black 0:29:42, Fullore arrives 0:29:44, cells opened; black 0:30:10 then interface	
kingdomdivided	A Kingdom Divided	6	scene	found	9z8zxRB2Iaw	https://www.youtube.com/watch?v=9z8zxRB2Iaw&t=2264s	0:37:44	0:38:28	2264	2308	44	Ollie Games	20210617	1440	30.0	resizable, transparent side panels			high	Player overhears two voices (Xamphur and his lord) talk in the next room, then is teleported and the Xamphur fight starts.	fade 0:37:44 opening gate; text 'You hear a conversation taking place in the next room' 0:37:50; Xamphur 'My lord?' 0:38:00; black teleport 0:38:04; Xamphur fight begins with interface 0:38:28	
kingdomdivided	A Kingdom Divided	7	scene	found	9z8zxRB2Iaw	https://www.youtube.com/watch?v=9z8zxRB2Iaw&t=2556s	0:42:36	0:42:56	2556	2576	20	Ollie Games	20210617	1440	30.0	resizable, transparent side panels			high	Player is knocked out; two lizardmen come to dispose of the body and flee when they hear it groan.	interface hidden and black 0:42:36-0:42:40 after Xamphur fight, two lizardmen (Sacred Guardians) in lab dialogue 0:42:46-0:42:50 'Are you sure that dead?' 'It looks dead'; black 0:42:54; interface back 0:42:56 with Cas 'Huh? What happened?'	
kingdomdivided	A Kingdom Divided	8	scene	found	9z8zxRB2Iaw	https://www.youtube.com/watch?v=9z8zxRB2Iaw&t=2640s	0:44:00	0:44:59	2640	2699	59	Ollie Games	20210617	1440	30.0	resizable, transparent side panels			high	Player explains events to Fullore in front of Rose's grave; Fullore reports on the potions.	black 0:44:00 (interface 0:43:58); Fullore and player in Rose's basement dialogue 0:44:04-0:44:22 about potions; fade; grave with cross and Fullore dialogue 0:44:46-0:44:56; black 0:44:58; interface back 0:44:59	Scene continues through the basement then the grave; both belong to one continuous cutscene
kingdomdivided	A Kingdom Divided	9	scene	found	9z8zxRB2Iaw	https://www.youtube.com/watch?v=9z8zxRB2Iaw&t=3186s	0:53:06	0:53:40	3186	3220	34	Ollie Games	20210617	1440	30.0	resizable, transparent side panels			high	Leaders of the five Houses, Fullore and Orson meet; Hosidius produces the Royal Accord of Twill.	interface hidden/black 0:53:06 after Fullore at hut; room with Lady Vulcanis Lord Shayzien Councillor Orson dialogue 0:53:10-0:53:36; Royal Accord of Twill item shown 0:53:32; black 0:53:40 then interface	
kingdomdivided	A Kingdom Divided	10	fade	found	9z8zxRB2Iaw	https://www.youtube.com/watch?v=9z8zxRB2Iaw&t=4310s	1:11:50	1:11:55	4310	4315	5	Ollie Games	20210617	1440	30.0	resizable classic		vXVHNGBqGVQ	high	Player is put to sleep, screen fades to black, and wakes in the forest.	"Disciple of Yama chat ""And you have the device as well. How wonderful."" 1:11:48; ""You suddenly find yourself feeling very tired"" 1:11:49; ""You feel your eyes closing"" 1:11:50; screen dims 1:11:51 and is fully black 1:11:52-1:11:54 (side panel still drawn); ""You wake up in the forest."" 1:11:55 then Cea DSS ""Well that's the device hidden"" 1:11:56"	[pass2] Screen fade only (interface stays); start = dimming begins, end = first normal frame after wake-up
kingdomdivided	A Kingdom Divided	11	scene	found	9z8zxRB2Iaw	https://www.youtube.com/watch?v=9z8zxRB2Iaw&t=4462s	1:14:22	1:15:08	4462	4508	46	Ollie Games	20210617	1440	30.0	resizable, transparent side panels			medium	Fullore and player find Orson dead, scene moves to the basement where the House leaders gather for the new accord.	black 1:14:22 with interface gone; Fullore and player walk to the Kourend keep in forest 1:14:24-1:14:32; fade 1:14:34; basement with five House leaders Fullore Orson dialogue 1:14:38-1:15:04 (Fullore 'Now that everyone is here'); black 1:15:06; interface back dim 1:15:08	Orson found dead not seen; scene opens in forest walking then basement gathering
kingdomdivided	A Kingdom Divided	12	scene	found	9z8zxRB2Iaw	https://www.youtube.com/watch?v=9z8zxRB2Iaw&t=4562s	1:16:02	1:17:11	4562	4631	69	Ollie Games	20210617	1440	30.0	resizable, transparent side panels			high	Leaders meet Councillor Andrews; royal guards leave and Andrews is knocked out/arrested.	interface goes black 1:16:02 after Fullore says he will talk to Council; throne room red carpet 1:16:06; courtyard with Captain Rachelle and guards dialogue 1:16:26-1:16:40; Lord Shayzien/Councillor Andrews 'Take them away' 1:17:08; fade 1:17:10 black 1:17:11	Scenes 12-14 are one continuous cutscene separated by fades to black at 1:17:11-1:17:15 and 1:18:26-1:18:28
kingdomdivided	A Kingdom Divided	13	scene	found	9z8zxRB2Iaw	https://www.youtube.com/watch?v=9z8zxRB2Iaw&t=4635s	1:17:15	1:18:25	4635	4705	70	Ollie Games	20210617	1440	30.0	resizable, transparent side panels			high	Long banquet and crowning of Kandur Hosidius as king in Kourend Castle courtyard; camera pans to the banquet table; player walks between guests.	after black gap 1:17:11-1:17:14 banquet table with roast in castle courtyard 1:17:16; Cas walks between guests; Commander Fullore, King Kandur (crowned) dialogue 1:17:56-1:18:24 'Friends thank you all for joining me on this special day'; fade 1:18:26	
kingdomdivided	A Kingdom Divided	14	scene	found	9z8zxRB2Iaw	https://www.youtube.com/watch?v=9z8zxRB2Iaw&t=4706s	1:18:26	1:19:10	4706	4750	44	Ollie Games	20210617	1440	30.0	resizable, transparent side panels			high	Screen fades to black, then player and the king are alone behind the throne; a knife hits the king and an assassin teleports away.	black 1:18:26-1:18:28; behind the throne with King Kandur Hosidius and player 1:18:30-1:18:48; king falls with knife, assassin in black 1:18:52-1:19:00; fade 1:19:04; black 1:19:05-1:19:09; interface returns 1:19:10 then normal play 1:19:12	
kingsransom	King's Ransom	1	scene	found	OzNevdLMXUU	https://www.youtube.com/watch?v=OzNevdLMXUU&t=819s	0:13:39	0:20:18	819	1218	399	Blue Nimbus	20170509	2160	60.0	fixed (old layout, pillarboxed); interface hidden in cutscenes; no facecam			medium	The player defends Anna in a scripted courtroom trial in which the camera pans over the jury after each successful rebuttal, ending in a NOT GUILTY verdict and falling balloons.	fade to black 0:13:39 with minimap only then panel gone; courtroom with judge, jury, Hobbes/prosecutor 0:13:41-0:14:05; jury pan and 'NOT GUILTY' style verdict, judge 'you are hereby declared not guilty' with balloons/confetti 0:19:50-0:20:14; black 0:20:16, panel back 0:20:18	boundaries tightened at 2s; chat choices are clicked during the trial so panel stays hidden throughout
kingsransom	King's Ransom	2	scene	found	OzNevdLMXUU	https://www.youtube.com/watch?v=OzNevdLMXUU&t=1304s	0:21:44	0:22:58	1304	1378	74	Blue Nimbus	20170509	2160	60.0	fixed (old layout, pillarboxed); interface hidden in cutscenes; no facecam			medium	Player watches Anna and David gloat, Morgan Le Faye appears and knocks the player out, who wakes in the cell with the knights.	fade black 0:21:44 after walking to statue 0:21:41; Anna and David (Gaunt) in the Camelot hall talking 0:21:48-0:22:26; Morgan Le Faye appears in black 0:22:30-0:22:54; panel and minimap back in cell 0:22:58	boundaries tightened at ~3s; end approximate to 2-3s
kingsransom	King's Ransom	3	scene	found	OzNevdLMXUU	https://www.youtube.com/watch?v=OzNevdLMXUU&t=1615s	0:26:55	0:27:02	1615	1622	7	Blue Nimbus	20170509	2160	60.0	fixed (old layout, pillarboxed); interface hidden in cutscenes; no facecam			medium	The knights form a pyramid so Merlin (and later the player) can climb out through the vent.	fade starts 0:26:56 (screen dark); panel gone and knights forming pyramid with Merlin in blue on top 0:26:58-0:27:00; dark 0:27:02 panel back; normal play 0:27:04	boundaries tightened at 2s; only the first pyramid cut (Merlin climbing out) seen, no second pyramid scene for the player in this video; panel appears in frames at 0:27:02 while screen is still dark
landofthegoblins	Land of the Goblins	1	camera	found	6YPhVEkYDrE	https://www.youtube.com/watch?v=6YPhVEkYDrE&t=10452s	2:54:12	2:54:21	10452	10461	9	Langsamt	20260119	1080	60.0	fixed		A2FcuTip0M4	high	Cutscene showing Grubfoot dream vision of a lush distant land with peaceful goblins, narrated by Grubfoot.	dialogue 'What was this new dream?' 2:54:10; Watch the cutscene hint, side panel/minimap gone 2:54:13; Grubfoot dream of red-water land with red fungus 2:54:14-2:54:17; black 2:54:19-20; panels return 2:54:21 with Langsam 'So... what's ya think?'	boundaries tightened at 1s; no commentary, no splicing; alt A2FcuTip0M4 has facecam
landofthegoblins	Land of the Goblins	2	scene	found	6YPhVEkYDrE	https://www.youtube.com/watch?v=6YPhVEkYDrE&t=12830s	3:33:50	3:34:18	12830	12858	28	Langsamt	20260119	1080	60.0	fixed		A2FcuTip0M4	high	Cutscene: the machine works, screen fades to black and player, Zanik and Oldak arrive in the barren wasteland of Yu'biusk.	'Oldak activates the fairy ring...' 3:33:48; fade to black 3:33:50 and panels gone 3:33:51; Watch the cutscene; machine with Zanik/Oldak 3:33:55; Oldak 'Something must have gone wrong' in wasteland 3:34:12; black 3:34:18 with panels back; wasteland 3:34:20	boundaries tightened at 1s
landofthegoblins	Land of the Goblins	x1		found	6YPhVEkYDrE	https://www.youtube.com/watch?v=6YPhVEkYDrE&t=12879s	3:34:39	3:35:25	12879	12925	46	Langsamt	20260119	1080	60.0	fixed			high		after walking up to the strange box: fade black 3:34:39, panels gone 3:34:40; Zanik 'What's happening? Langsam!' 3:34:57; Grubfoot vanishes 3:35:06 'She's gone'; black 3:35:21-24; panels back 3:35:25 then quest complete scroll 3:35:27	unlisted cutscene: Grubfoot disappears at the strange box; boundaries tightened at 1s
losttribe	The Lost Tribe	1	scene	found	Cl4M9MAVkbg	https://www.youtube.com/watch?v=Cl4M9MAVkbg&t=1757s	0:29:17	0:30:08	1757	1808	51	Blue Nimbus	20170327	2160	60.0	fixed			high	Fade to black, then the treaty signing in the Lumbridge dining room; camera pans out to show Sigmund eavesdropping and threatening the goblins.	fade to black 0:29:17-0:29:19 after Mistag/Ur-tag dialogue; title card 'The Signing of the Lumbridge-Dorgeshuun Treaty' 0:29:19; goblins, Duke Horacio, Sigmund at the door 0:29:58-0:30:06	Camera control ends about 0:30:08; quest scroll at 0:30:08.5; game view is pillarboxed in a 16:9 frame
lunardiplomacy	Lunar Diplomacy	1	interface	found	XVqnOhBSY0s	https://www.youtube.com/watch?v=XVqnOhBSY0s&t=611s	0:10:11	0:10:18	611	618	7	Blue Nimbus	20170619	2160	60.0	fixed			high	A cutscene of the boat circling the island on a map plays (the ship sails in a circle instead of arriving); it repeats when you ask to try again.	parchment map overlay with the ship sailing in a circle around an island 0:10:11.5-0:10:18 right after Bentley 'Ah, ye be thirsty? let's make a move' and the parrot; ship map then returns to the same deck dialogue (no arrival); repeats 0:11:05.5-0:11:12 after asking again	Inventory and minimap stay visible (interface overlay, not a full cutscene). Second identical attempt at 0:11:05-0:11:12 (returns to ship, Bentley 'Off we go!' at 0:11:04).
lunardiplomacy	Lunar Diplomacy	2	fade	found	XVqnOhBSY0s	https://www.youtube.com/watch?v=XVqnOhBSY0s&t=3522s	0:58:42	0:58:46	3522	3526	4	Blue Nimbus	20170619	2160	60.0	fixed			medium	Screen fades to black and the player is taken to Pirates' Cove.	right-click menu 'Travel Lokar Searunner' on a rowboat at Lunar Isle dock 0:58:41; screen dims 0:58:42, fully black 0:58:43-0:58:45, lit again 0:58:46 at a wooden dock with a moored boat	The NPC in the recording is Lokar Searunner, not Captain Bentley; the fade destination looks like a dock but no chatbox text or place name was read to confirm Pirates' Cove.
lunardiplomacy	Lunar Diplomacy	3	interface	found	XVqnOhBSY0s	https://www.youtube.com/watch?v=XVqnOhBSY0s&t=1837s	0:30:37	0:30:44	1837	1844	7	Blue Nimbus	20170619	2160	60.0	fixed			medium	A cutscene of the boat travelling to Lunar Isle plays on later voyages.	Captain Bentley 'Easy sailor, it's off we go!' 0:30:34-0:30:36 then parchment map with ship sailing to the Lunar Isle side 0:30:37-0:30:43; Bentley 'Here we are! Lunar Isle!' 0:30:44	This is the first successful voyage from the Rellekka-side ship and shows the same map overlay; the video never shows a later voyage from Pirates' Cove to Lunar Isle (quest ends without one), so this is the closest match. Inventory stays visible.
makingfriendswithmyarm	Making Friends with My Arm	1	scene	found	QMoboY9Z_KQ	https://www.youtube.com/watch?v=QMoboY9Z_KQ&t=153s	0:02:33	0:02:48	153	168	15	Herb Quest	20180907	1080	30.0	fixed		DltzzhIsM_Q,Wlteq3VBZQs	high	Short cutscene showing My Arm arriving and frightening Larry.	screen fades to black 0:02:33 with side panel and minimap blank; empty desert/dock shots with My Arm arriving at Larry's dock; 'My Arm here!' chat 0:02:44; panel returns 0:02:48	Larry dialogue 'Your arm's arm has a farm... please make this stop!' follows; boundaries tightened at 0.5s
makingfriendswithmyarm	Making Friends with My Arm	2	scene	found	DltzzhIsM_Q	https://www.youtube.com/watch?v=DltzzhIsM_Q&t=642s	0:10:42	0:11:27	642	687	45	Slayermusiq1	20180907	1080	30.0	fixed	guide	Wlteq3VBZQs	high	A flashback cutscene of Keldagrim where the Black Guard are attacked by ice trolls and the Wise Young Man drives the trolls away.	chat 'Once upon a time in Keldagrim...' 0:10:44 with panel black; dwarves 'For Keldagrim!', ice trolls attack, Wise Young Man 'Thanks, Wise Young Man!' 0:11:20; normal play back 0:11:27	Herb Quest video QMoboY9Z_KQ skipped this optional dialogue (not_in_video there); boundaries tightened at 0.5s
makingfriendswithmyarm	Making Friends with My Arm	3	scene	found	QMoboY9Z_KQ	https://www.youtube.com/watch?v=QMoboY9Z_KQ&t=987s	0:16:27	0:18:53	987	1133	146	Herb Quest	20180907	1080	30.0	fixed		DltzzhIsM_Q,Wlteq3VBZQs	high	Group brings the coffin to Mother; Wise Old Man farts, Mother attacks and imprisons the group (watched scripted sequence; the word cutscene is not used).	fade to dark 0:16:28 then panel and minimap black; coffin before Mother, My Arm 'Here, Mother, took what My Arm done'; Mother 'OLD MAN IN THE DUNGEON' chat 0:18:40; fade out 0:18:51; panel back 0:18:53	may include the group-imprisoned part; start tightened at 2s steps
makingfriendswithmyarm	Making Friends with My Arm	4	scene	found	QMoboY9Z_KQ	https://www.youtube.com/watch?v=QMoboY9Z_KQ&t=1236s	0:20:36	0:20:55	1236	1255	19	Herb Quest	20180907	1080	30.0	fixed		DltzzhIsM_Q,Wlteq3VBZQs	high	Snowflake summons the village, claims the throne and the wedding of Snowflake and My Arm plays out with the ancient dance of love (word cutscene not used).	0:20:35.5 panel vanishes; Snowflake 'We now perform the ancient dance of love...' 0:20:36; Snowflake and My Arm dance at 0:20:43-0:20:50, dark fade 0:20:52; panel back 0:20:55	start tightened at 0.5s
makinghistory	Making History	1	camera	found	m4H4nxjCMeg	https://www.youtube.com/watch?v=m4H4nxjCMeg&t=134s	0:02:14	0:02:49	134	169	35	Blue Nimbus	20170330	2160	60.0	fixed, panel blanked in cutscenes			high	A cutscene with narration about the outpost's history plays before the player is asked to start the quest.	after Jorral choice Tell me more 2:10-2:13; chatbox narration line (Jorral talks about the outposts) with panel emptied 2:15; camera flies over hills to the outpost hut through dark and green landscapes 2:17-2:48; panel+minimap back 2:49 in the hut with Jorral dialogue	boundaries tightened at 1s; start is first narration frame 2:14 (panel still drawn) and panel gone 2:15; no spliced footage
meatandgreet	Meat and Greet	1		found	ufYxZ6FR6BY	https://www.youtube.com/watch?v=ufYxZ6FR6BY&t=802s	0:13:22	0:13:36	802	816	14	TheKaneologist	20250328	720	30	resizable classic with RuneLite sidebar and facecam bottom right	facecam	vNQYfOQHQYE	high	The player is walked onto the colosseum floor, the announcer introduces the kebab and the player eats it as scripted before the minotaur turns hostile; no camera, fade or cutscene wording, so a scripted scene is possible but not confirmed.	anchors: Lelia 'Right, get to it then.' 0:13:20; fade to black 0:13:22; colosseum floor with minotaur fixed camera and inventory/minimap gone 0:13:24-0:13:32 while announcer dialogue 'Welcome, one and all, to the Fortis Colosseum' 0:13:25 and minotaur 'Huh? Human... eat... friend?' 0:13:29; second fade to black 0:13:33-0:13:35; normal play with inventory and minimap and minotaur fight 0:13:36	[pass2] Side panels and minimap vanish during the scene, camera placed over arena, two fades; player eats kebab automatically. Takes control, so a cutscene. Facecam bottom-right and desktop dock visible under the game. Rendi video vNQYfOQHQYE (1080p) is a guide that skips this scene.
misthalinmystery	Misthalin Mystery	1	scene	found	He8giBGt4D4	https://www.youtube.com/watch?v=He8giBGt4D4&t=212s	0:03:32	0:05:05	212	305	93	Blue Nimbus	20170318	2160	60.0	fixed (pillarboxed 4:3)		p020MmwamWY,CmwXEUnSadw	high	A cutscene shows the killer creeping up behind Sid at the party and stabbing him.	"fade to black 3:32-3:34, side panel blank 3:33-5:04 with Sid alive at barrel then Sid dialogue and collapse, dead Sid text ""Sid collapses to the ground"" 4:44; minimap+inventory back 5:05.0"	boundaries tightened at 0.5s
misthalinmystery	Misthalin Mystery	2	scene	found	He8giBGt4D4	https://www.youtube.com/watch?v=He8giBGt4D4&t=368s	0:06:08	0:06:37	368	397	29	Blue Nimbus	20170318	2160	60.0	fixed (pillarboxed 4:3)		p020MmwamWY,CmwXEUnSadw	high	A cutscene shows the killer leaping from a wardrobe to stab Tayten, then slipping a note under the door and escaping via the closet.	"fade to black 6:08.5-6:10, side panel blank 6:09.5-6:36, Tayten dialogue 6:18 and player says ""What's this? A note?"" 6:34; interface back 6:36.5"	boundaries tightened at 0.5s; I did not see the wardrobe stab itself in coarse 4s frames (camera far, small figures) but the room/timing match Tayten scene after the door
misthalinmystery	Misthalin Mystery	3	scene	found	He8giBGt4D4	https://www.youtube.com/watch?v=He8giBGt4D4&t=593s	0:09:53	0:11:52	593	712	119	Blue Nimbus	20170318	2160	60.0	fixed (pillarboxed 4:3)		p020MmwamWY,CmwXEUnSadw	high	A cutscene shows Lacey tied up while the Killer quizzes her about the vampyre; the player picks a reply and Lacey is killed.	fade to black 9:53-9:54, panel blank 9:54-11:51, Lacey (purple, by fence) and masked Killer dialogue with reply choice menu 11:26-11:34, Lacey on ground 11:34; interface back 11:52	boundaries tightened at 0.5-1s
misthalinmystery	Misthalin Mystery	4	scene	found	He8giBGt4D4	https://www.youtube.com/watch?v=He8giBGt4D4&t=811s	0:13:31	0:15:17	811	917	106	Blue Nimbus	20170318	2160	60.0	fixed (pillarboxed 4:3)		p020MmwamWY,CmwXEUnSadw	high	A cutscene shows Mandy in the kitchen being apparently killed by the Killer, who leaves a third note.	fade to black 13:31.5, panel blank 13:33-15:16, Mandy dialogue in kitchen 13:38-14:47 then player line and Killer/third note text 15:04-15:14; interface back 15:17	boundaries tightened at 0.5s
misthalinmystery	Misthalin Mystery	5	scene	found	He8giBGt4D4	https://www.youtube.com/watch?v=He8giBGt4D4&t=1052s	0:17:32	0:18:30	1052	1110	58	Blue Nimbus	20170318	2160	60.0	fixed (pillarboxed 4:3)		p020MmwamWY,CmwXEUnSadw	high	A cutscene where the player confronts the Killer, who taunts them before the final fight; clicking early ends it and forces the player out of the room.	"fade 17:32.5-17:34, panel blank 17:34.5-18:29, Killer dialogue ""end of the line... up to the challenge?"" 18:24-18:28; interface back 18:30"	after this the player fights the killer (18:30-18:49), the segment ends with the fade at 18:49; see x1 for the post-fight scene
misthalinmystery	Misthalin Mystery	x1		found	He8giBGt4D4	https://www.youtube.com/watch?v=He8giBGt4D4&t=1129s	0:18:49	0:22:05	1129	1325	196	Blue Nimbus	20170318	2160	60.0	fixed (pillarboxed 4:3)		p020MmwamWY,CmwXEUnSadw	medium		fade 18:49.5-18:52, panel blank, Killer, Abigail and Jenny dialogue (Abigail 19:20-20:32, Jenny arrives 20:36, Abigail/Killer 20:36-22:02) ; interface back 22:04.5	unlisted cutscene: killer-reveal/Abigail scene after the killer is beaten; end boundary tightened at 0.5s, start at 0.5s
mm	Monkey Madness I	1	scene	found	8NwErZbGNlA	https://www.youtube.com/watch?v=8NwErZbGNlA&t=1074s	0:17:54	0:19:10	1074	1150	76	Blue Nimbus	20170421	2160	60.0	fixed (pillarboxed 4:3)			high	Cut away from the player to the shipyard where Caranock and the foreman talk about removing the human and the restless workers, then Chapter 2 title card.	scroll card 0:17:54 then side panel and chatbox gone 0:17:58; Foreman and G.L.O. Caranock dialogue on a ship deck 0:18:00-0:19:08 (Caranock: 'The human means nothing'); fade to black 0:19:06-0:19:08; normal play beach 0:19:10	boundaries tightened at 2s steps
mm	Monkey Madness I	2	camera	found	8NwErZbGNlA	https://www.youtube.com/watch?v=8NwErZbGNlA&t=766s	0:12:46	0:12:58	766	778	12	Blue Nimbus	20170421	2160	60.0	fixed (pillarboxed 4:3)			high	A cutscene plays as the screen shakes, showing the military gliders unfolding in the hangar.	puzzle interface open 0:12:44; then screen dark with side panel gone and chatbox 'As you slot the final piece into place you begin to hear rumbling sounds' 0:12:46-0:12:56, glider hangar view 0:12:48-0:12:54; normal play 0:12:58	boundaries tightened at 2s steps
mm	Monkey Madness I	3	scene	found	8NwErZbGNlA	https://www.youtube.com/watch?v=8NwErZbGNlA&t=2632s	0:43:52	0:45:36	2632	2736	104	Blue Nimbus	20170421	2160	60.0	fixed (pillarboxed 4:3)			high	Player watches Caranock and Waydar plot to have the 10th squad killed and blame humans; ends with Chapter 3 title card.	scroll card 'Meanwhile, somewhere far below the Ape Atoll' 0:43:52; side panel gone 0:43:56; Caranock and Waydar dialogue in banana plantation 0:44:00-0:45:30 ('Waydar' / 'G.L.O. Caranock' names on chatbox); fade 0:45:32-0:45:34; normal play with Chapter title card 0:45:36-0:45:42	start is the scroll card while the panel is still visible; panel vanishes 0:43:56
mm	Monkey Madness I	4	fade	found	8NwErZbGNlA	https://www.youtube.com/watch?v=8NwErZbGNlA&t=3010s	0:50:10	0:50:14	3010	3014	4	Blue Nimbus	20170421	2160	60.0	fixed (pillarboxed 4:3)			high	Screen fades in and out and the player is placed in Awowogei's throne room.	Kruk/player dialogue 0:50:08 as a monkey; screen fades to black 0:50:10, dark 0:50:12, Awowogei throne room with statues and Awowogei speaking 0:50:22; interface stays throughout, only the screen fades; normal play 0:50:14	short fade only; interface visible during it; boundaries tightened at 2s steps
mm	Monkey Madness I	5	scene	found	8NwErZbGNlA	https://www.youtube.com/watch?v=8NwErZbGNlA&t=3363s	0:56:03	0:57:40	3363	3460	97	Blue Nimbus	20170421	2160	60.0	fixed (pillarboxed 4:3)			high	Player watches the overheard conversation in which Caranock and Waydar persuade Awowogei to kill the 10th squad; ends with Chapter 4 title card.	scroll card 'Somewhere far below the Ape Atoll' 0:56:03; side panel black from 0:56:07; Caranock, Awowogei ('Awowogei' chef-hat monkey) and Waydar dialogue in cave with blue monkeys 0:56:09-0:57:38 ('kill the 10th squad'); interface back 0:57:40 then Chapter 4 title card 0:57:42	start is the scroll card while the panel is still visible; boundaries tightened at 2s steps
mm	Monkey Madness I	6	camera	found	8NwErZbGNlA	https://www.youtube.com/watch?v=8NwErZbGNlA&t=3550s	0:59:10	0:59:28	3550	3568	18	Blue Nimbus	20170421	2160	60.0	fixed (pillarboxed 4:3)			medium	A cutscene begins as the screen shakes and the camera slowly zooms out from the giant monkey statue in the underground banana plantation.	Garkor dialogue choice 0:59:04; fade to black 0:59:10-0:59:12; camera on giant monkey statue 0:59:14-0:59:22 then pulls back over the banana plantation 0:59:24; Garkor chat 'Ready yourself' 0:59:24-0:59:26; normal control in the plantation 0:59:28	interface (side panel) stays visible during the statue shot so end is approximate; no screen shake distinguishable in frames
mm	Monkey Madness I	7	fade	found	8NwErZbGNlA	https://www.youtube.com/watch?v=8NwErZbGNlA&t=1228s	0:20:28	0:20:32	1228	1232	4	Blue Nimbus	20170421	2160	60.0	fixed (pillarboxed 4:3)			high	Player is knocked out by arrows and wakes up in a jail cell (a knockout and teleport).	player walking near the gate 0:20:26; fade to black 0:20:28-0:20:30 with minimap only; then a bamboo pen/jail cell 0:20:32 and chatbox 'You have been hit by poisoned arrows and knocked out!' 0:20:34	the gate/arrow moment itself is not shown, video cuts through the fade; boundaries tightened at 2s steps
monkeymadnessii	Monkey Madness II	1	scene	found	zsYKWTLHCBo	https://www.youtube.com/watch?v=zsYKWTLHCBo&t=2924s	0:48:44	0:49:47	2924	2987	63	Blue Nimbus	20170622	2160	60.0	fixed			high	Cutscene in which the disguised player meets Glough, who explains the mutagen plan, pulls a lever and teleports away.	Chapter 3 video: side panel and minimap gone, letterboxed close view of the cage room from 0:48:44 (normal play at 0:48:43); Glough on his mount says 'Good work getting them back under control, Kruk' then explains the menagerie plan to the disguised player; interface returns 0:49:47	Tightened at 0.5s both ends. Blue Nimbus 5-part series (2017 release footage).
monkeymadnessii	Monkey Madness II	2	camera	found	zsYKWTLHCBo	https://www.youtube.com/watch?v=zsYKWTLHCBo&t=3189s	0:53:09	0:53:51	3189	3231	42	Blue Nimbus	20170622	2160	60.0	fixed			high	Screen rumbles; camera pans to a looming shadow to the east and fades to black, showing Glough ordering his airship to the Grand Tree, then returns to the player.	Chapter 3 video end: Garkor dialogue at 0:53:00-0:53:08 with interface, fade to black begins 0:53:09, side panel gone 0:53:11, water/whirlpool camera pan 0:53:14-0:53:34, Glough: 'Naaaught! I mean I couldn't rely on those primitive apes. I'll just have to do it myself' 0:53:36; normal play back 0:53:51	Tightened at 0.5s both ends. Airship itself not clearly seen in 3s frames; range covers the whole panel-less stretch.
monkeymadnessii	Monkey Madness II	3	camera	found	w2DwxpSW_eQ	https://www.youtube.com/watch?v=w2DwxpSW_eQ&t=139s	0:02:19	0:02:53	139	173	34	Blue Nimbus	20170623	2160	60.0	fixed			high	Cutscene of Glough airship arriving at the Grand Tree, fade to black to the cockpit with Glough and Le Smith, then camera returns to the player.	Chapter 4 video: Nieve recruited (dialogue with interface till 0:02:19), fade to black 0:02:19.5, side panel blank 0:02:21; Nieve 'What is that thing' / 'It's Glough's airship' 0:02:22; Le Smith and Glough cockpit dialogue 'Just focus on piloting the ship' 0:02:34-0:02:40; Nieve 'Glough's broken these things loose... let's go' 0:02:52; normal play 0:02:52.5	Tightened at 0.5s both ends. Date 20170623.
monkeymadnessii	Monkey Madness II	4	scene	found	w2DwxpSW_eQ	https://www.youtube.com/watch?v=w2DwxpSW_eQ&t=505s	0:08:25	0:08:36	505	516	11	Blue Nimbus	20170623	2160	60.0	fixed			high	A cutscene on entering the cavern shows Glough sending tortured gorillas at the player and Nieve; the fight starts after it ends.	Chapter 4 video: entering the crash site cavern, letterboxed view 0:08:25.5 (normal at 0:08:25) with side panel gone; Glough 'Always it's you. Have you any idea how sick I am of you' 0:08:26; Nieve 'Surrender to us though...'; tortured gorillas visible at far end of cavern 0:08:34; normal play with Nieve following at 0:08:35.5	Tightened at 0.5s both ends. Date 20170623.
monkeymadnessii	Monkey Madness II	5	fade	found	um00eY1krzA	https://www.youtube.com/watch?v=um00eY1krzA&t=682s	0:11:22	0:11:52	682	712	30	Blue Nimbus	20170623	2160	60.0	fixed			medium	Cavern collapses, screen fades to white and the player is teleported to the cavern entrance where Zooknock speaks.	Chapter 5 video: Glough dies 0:11:20 (blue burst), letterbox with panel gone 0:11:22, 'Oh no' dialogue, white flash across screen 0:11:31, player at dark cavern entrance with Zooknock dialogue 'I've detected a very powerful presence...' 0:11:34-0:11:51; chatbox closes 0:11:52 and control returns	Start tightened at 0.5s. End: dialogue box gone at 0:11:52 but inventory panel is still the greyed fight one until ~0:11:54; interface here is never removed after the fade, so end is the dialogue end.
monkeymadnessii	Monkey Madness II	6	scene	not_a_cutscene	um00eY1krzA	https://www.youtube.com/watch?v=um00eY1krzA&t=775s	0:12:55	0:14:10	775	850	75	Blue Nimbus	20170623	2160	60.0	fixed			high	Ending cutscene of Awowogei and King Narnode negotiating peace with the player as witness.	Chapter 5 video: at Awowogei/King Narnode's council the whole exchange (Glough defeated, monkeys planned another attack, king thanks player, gives Royal seed pod) is normal NPC dialogue with side panel, minimap and normal top-down camera intact; quest-complete scroll 0:14:10	No camera change or interface removal at any point 0:12:55-0:14:10; treat as dialogue not cutscene.
monkeymadnessii	Monkey Madness II	x1		found	um00eY1krzA	https://www.youtube.com/watch?v=um00eY1krzA&t=238s	0:03:58	0:04:05	238	245	7	Blue Nimbus	20170623	2160	60.0	fixed			high		Chapter 5 video: not in batch. Fade to black 0:03:57.5, panel gone and letterbox close view of a tortured gorilla in the cave arch 0:03:58.5-0:04:03, black again 0:04:04, normal play 0:04:05	Short camera glimpse of a gorilla in the crash site cavern; tightened at 0.5s. Date 20170623.
monkeymadnessii	Monkey Madness II	x2		found	um00eY1krzA	https://www.youtube.com/watch?v=um00eY1krzA&t=416s	0:06:56	0:07:03	416	423	7	Blue Nimbus	20170623	2160	60.0	fixed			high		Chapter 5 video: not in batch. Fade to black 0:06:56, panel gone letterbox view of another gorilla by cave arch 0:06:56.5-0:07:02, black 0:07:02.5, normal play 0:07:03	Second glimpse of a gorilla in the cavern; tightened at 0.5s. Date 20170623.
mourningsendpartii	Mourning's End Part II	1	camera	not_a_cutscene	rElLTQbLIcU	https://www.youtube.com/watch?v=rElLTQbLIcU&t=375s	0:06:15	0:06:19	375	379	4	OSRS Quest Guides	20260514	1080	60.0	resizable modern-stone with text/graphic overlays (guide edits, none in this range)	overlay,guide	gXJYsbFMqlw	medium	A short cutscene shows the lifeless digging team at the temple entrance before the shadows attack.	camera snaps at 0:06:15.5 from the top-down run to a low angle on dead diggers lying by the temple wall while CarlQuaoar dialogue 'Well this looks like the dig team, and it seems they managed to find the temple' plays 0:06:15.5-0:06:19; side panel, minimap and chatbox stay visible; normal camera returns 0:06:18.5	Scripted camera shot during an NPC dialogue, not an interface-hiding cutscene; the 360p copy download gave a 403 warning but sheets rendered; Slayermusiq1 gXJYsbFMqlw (1080p, 2024) not timestamped
myarmsbigadventure	My Arm's Big Adventure	1	scene	found	gepwO9m50xo	https://www.youtube.com/watch?v=gepwO9m50xo&t=56s	0:00:56	0:01:48	56	108	52	Blue Nimbus	20170417	2160	60.0	fixed (4:3 pillarboxed, side panel stays visible in some scenes)		xYNSdU0GpmA	high	A short cutscene shows Burntmeat cooking an adventurer whose dragon equipment covers goutweed; Burntmeat knocks aside the platelegs and uncovers it.	fade to black 0:56.5-0:57, side panel/minimap gone, static camera on Burntmeat by cauldron with Adventurer dialogue 'You can get the goun tuber from Tai Bwo Wannai' 1:38; interface back 1:48	
myarmsbigadventure	My Arm's Big Adventure	2	scene	found	gepwO9m50xo	https://www.youtube.com/watch?v=gepwO9m50xo&t=321s	0:05:21	0:06:37	321	397	76	Blue Nimbus	20170417	2160	60.0	fixed (4:3 pillarboxed, side panel stays visible in some scenes)		xYNSdU0GpmA	high	Cutscene while Burntmeat describes the route to Death Plateau (interrupting it is handled by a separate section).	after Burntmeat says 'Burntmeat tell you how to Death Plateau' 5:20; fade 5:22, panel gone, camera pans past door and stairs to Death Plateau path, chat 'As the end you gonna move left for Death Plateau' 6:27-6:34; normal 6:37	
myarmsbigadventure	My Arm's Big Adventure	3	fade	found	gepwO9m50xo	https://www.youtube.com/watch?v=gepwO9m50xo&t=1067s	0:17:47	0:17:57	1067	1077	10	Blue Nimbus	20170417	2160	60.0	fixed (4:3 pillarboxed, side panel stays visible in some scenes)		xYNSdU0GpmA	medium	The screen fades and the player and My Arm appear at the Ardougne docks where Captain Barnaby is confronted.	dialogue 'It's a long way to Tai Bwo Wannai' 17:45; fade to black 17:47-17:50; low camera shots of Ardougne dock with Captain Barnaby 17:51-17:56; normal camera with Barnaby dialogue 17:57	cutscene boundary end is the normal-camera return; interface stays visible throughout
myarmsbigadventure	My Arm's Big Adventure	4	scene	found	gepwO9m50xo	https://www.youtube.com/watch?v=gepwO9m50xo&t=1129s	0:18:49	0:20:21	1129	1221	92	Blue Nimbus	20170417	2160	60.0	fixed (4:3 pillarboxed, side panel stays visible in some scenes)		xYNSdU0GpmA	high	Cutscene on the ship voyage to Brimhaven in which My Arm is seasick.	Barnaby 'Alright, just get the arm riding onto the ship' 18:48; fade 18:49-18:51; ship deck fixed camera with My Arm seasick dialogue 'What's wrong with your arm' 19:04; fade 20:08; docked at Brimhaven fixed camera to 20:20; normal 20:21	interface stays visible (side panel present) during the ship scene
myarmsbigadventure	My Arm's Big Adventure	5	scene	found	gepwO9m50xo	https://www.youtube.com/watch?v=gepwO9m50xo&t=1373s	0:22:53	0:24:15	1373	1455	82	Blue Nimbus	20170417	2160	60.0	fixed (4:3 pillarboxed, side panel stays visible in some scenes)		xYNSdU0GpmA	high	Cutscene fading between Murcaily and the player and My Arm rampaging through the jungle, punching Qutiedoll, a broodoo victim and Jagdakobo.	Murcaily dialogue 'Murcaily gave you a hardy gout tuber' 22:52; fade 22:53.5; side panel and minimap gone 22:54-24:14, My Arm rampaging in village fences with Qutiedoll, Jagdakobo; interface back 24:15	
myarmsbigadventure	My Arm's Big Adventure	6	scene	found	gepwO9m50xo	https://www.youtube.com/watch?v=gepwO9m50xo&t=1511s	0:25:11	0:25:46	1511	1546	35	Blue Nimbus	20170417	2160	60.0	fixed (4:3 pillarboxed, side panel stays visible in some scenes)		xYNSdU0GpmA	high	A second ship cutscene sailing back to Ardougne with the captain unhappy to see them again.	My Arm 'Have to go back to Ardougne to get gear' 25:08; fade 25:11-25:13; ship deck fixed camera 25:16-25:43 with captain unhappy dialogue; fade 25:44; docks at Ardougne 25:46	interface stays visible during the ship scene
myarmsbigadventure	My Arm's Big Adventure	7	scene	found	gepwO9m50xo	https://www.youtube.com/watch?v=gepwO9m50xo&t=1640s	0:27:20	0:27:45	1640	1665	25	Blue Nimbus	20170417	2160	60.0	fixed (4:3 pillarboxed, side panel stays visible in some scenes)		xYNSdU0GpmA	high	Cutscene where My Arm hits the drunken dwarf off the roof and a troll child comes up to eat him.	after planting, camera jumps 27:20; drunken dwarf with beer next to troll 27:22-27:29; dwarf lying on ground after being hit 27:35-27:44; Unnamed troll child dialogue 'Ooh, food for me?' 27:41-27:44; normal 27:45	interface stays visible
myarmsbigadventure	My Arm's Big Adventure	8	scene	found	gepwO9m50xo	https://www.youtube.com/watch?v=gepwO9m50xo&t=1702s	0:28:22	0:28:32	1702	1712	10	Blue Nimbus	20170417	2160	60.0	fixed (4:3 pillarboxed, side panel stays visible in some scenes)		xYNSdU0GpmA	medium	Second cutscene in which a baby roc flies to the goutweed and the Giant Roc appears and attacks, leading to the fights.	camera on baby roc flying over goutweed 28:22.5-28:25.5 with text 'Roc' ; short cut to player/My Arm 28:26-28:28; loungers dwarf under umbrella 28:29-28:31.5 with baby roc; normal 28:32	baby roc portion only; the giant roc appearance is listed as x1. Interface stays visible
myarmsbigadventure	My Arm's Big Adventure	x1		found	gepwO9m50xo	https://www.youtube.com/watch?v=gepwO9m50xo&t=1775s	0:29:35	0:29:52	1775	1792	17	Blue Nimbus	20170417	2160	60.0	fixed (4:3 pillarboxed, side panel stays visible in some scenes)		xYNSdU0GpmA	high		dialogue 'What what birds?' with dwarf under umbrella 29:35-29:42; camera pan to Death Plateau horizon 'Big birds behind you' 29:46; Giant Roc swooping 29:49-29:51; normal 29:52	Giant Roc appears and attacks; not listed separately in batch (may belong to row 8). Interface stays visible
nightatthetheatre	A Night at the Theatre	1	scene	found	iAcLfD4qFus	https://www.youtube.com/watch?v=iAcLfD4qFus&t=443s	0:07:23	0:08:08	443	488	45	Vizby	20230112	1440	60.0	resizable classic, overlay (meme images)	overlay	T1kiQQ-zm08,rkMxuU4cTA4,w6SbZvBJSlo	high	First memory: cutscene of Ranis Drakan meeting Verzik in the Maiden's chamber.	panel present 0:07:22 with Stranger dialogue, black 0:07:24, panel gone through Ranis/Verzik scene in red chamber until 0:08:06, panel back 0:08:08 'We will need to recover some of these eggs'	start is fade onset
nightatthetheatre	A Night at the Theatre	2	scene	found	iAcLfD4qFus	https://www.youtube.com/watch?v=iAcLfD4qFus&t=590s	0:09:50	0:10:10	590	610	20	Vizby	20230112	1440	60.0	resizable classic, overlay (meme images)	overlay	T1kiQQ-zm08,rkMxuU4cTA4,w6SbZvBJSlo	high	Second memory: Ranis and Verzik in the Pestilent Bloat's chamber; ends with 'The cutscene ends'.	panel and Stranger 'I have found a new memory' 0:09:49; panel gone 0:09:50, bloat hanging-bodies chamber, Verzik and Ranis, egg until 0:10:09; panel back 0:10:10	start hidden by a video cut, first cutscene frame 0:09:50
nightatthetheatre	A Night at the Theatre	3	scene	found	iAcLfD4qFus	https://www.youtube.com/watch?v=iAcLfD4qFus&t=611s	0:10:11	0:10:24	611	624	13	Vizby	20230112	1440	60.0	resizable classic, overlay (meme images)	overlay	T1kiQQ-zm08,rkMxuU4cTA4,w6SbZvBJSlo	high	Third memory: Ranis and Verzik in the nylocas chamber.	Stranger 'Prepare yourself' 0:10:10, fade dark 0:10:11, chamber with spider egg and Ranis/Verzik 0:10:12-0:10:18, plant statue 0:10:19, black 0:10:23, panel back 0:10:24	boundary with row 2 is 1 second
nightatthetheatre	A Night at the Theatre	4	scene	found	iAcLfD4qFus	https://www.youtube.com/watch?v=iAcLfD4qFus&t=690s	0:11:30	0:11:43	690	703	13	Vizby	20230112	1440	60.0	resizable classic, overlay (meme images)	overlay	T1kiQQ-zm08,rkMxuU4cTA4,w6SbZvBJSlo	medium	Fourth memory: Ranis and Verzik in Sotetseg's chamber.	Stranger 'Prepare yourself' 0:11:30, black 0:11:32, red spiky monster chamber 0:11:33, Ranis 'quite the ambition', Verzik 'Patience now Ranis' 0:11:42, panel back 0:11:43	chamber assigned to Sotetseg by order only; start is fade onset
nightatthetheatre	A Night at the Theatre	5	scene	found	iAcLfD4qFus	https://www.youtube.com/watch?v=iAcLfD4qFus&t=705s	0:11:45	0:12:01	705	721	16	Vizby	20230112	1440	60.0	resizable classic, overlay (meme images)	overlay	T1kiQQ-zm08,rkMxuU4cTA4,w6SbZvBJSlo	medium	Fifth memory: Ranis and Verzik in Xarpus' chamber; a spider bites Verzik.	Stranger 'one final memory' 0:11:44 with panel; panel gone 0:11:45, Verzik 'my new Queen Nylocas', Ranis 'It's very small', spider by Verzik 0:11:57, panel back 0:12:01 'That bite almost certainly led to her abilities'	video shows only 5 memories before the theatre; the Xarpus chamber vs Nylocas-queen content of this one and the final row are ordered by dialogue, not verified against LostCity
nightatthetheatre	A Night at the Theatre	6	scene	found	iAcLfD4qFus	https://www.youtube.com/watch?v=iAcLfD4qFus&t=1423s	0:23:43	0:23:55	1423	1435	12	Vizby	20230112	1440	60.0	resizable classic, overlay (meme images)	overlay	T1kiQQ-zm08,rkMxuU4cTA4,w6SbZvBJSlo	medium	Final memory: Verzik explodes into the Nylocas Queen, the cutscene fades to black. Afterwards a mind-threshold conversation with the Mysterious Master follows.	panel present 0:23:42; gone 0:23:43, Verzik on throne, red flash 0:23:50, black 0:23:52, nylocas egg chamber 0:23:53-0:23:54, panel back 0:23:55	start hidden by video cut; the explosion into the Nylocas Queen is not visibly shown, only red flash and egg chamber
nightatthetheatre	A Night at the Theatre	x1		found	iAcLfD4qFus	https://www.youtube.com/watch?v=iAcLfD4qFus&t=1447s	0:24:07	0:24:35	1447	1475	28	Vizby	20230112	1440	60.0	resizable classic, overlay (meme images)	overlay	T1kiQQ-zm08,rkMxuU4cTA4,w6SbZvBJSlo	high		screen dark red, panel gone, Mysterious Master dialogue 'Greetings my child' 0:24:16, quest complete scroll and panel back 0:24:35	unlisted: mind-threshold conversation with the Mysterious Master
onesmallfavour	One Small Favour	1	scene	not_a_cutscene	9GbFcoXdy7U	https://www.youtube.com/watch?v=9GbFcoXdy7U&t=1849s	0:30:49	0:30:54	1849	1854	5	Langsamt	20251115	1080	60.0	fixed		k5OZHYdoWhc	medium	A short cutscene highlights Petra as a sculpture.	after searching toward Petra in the Goblin Cave (walk-here click 0:30:37) the camera drops low and swings to the cyan-highlighted Petra sculpture 0:30:49-0:30:53, side panel and minimap stay throughout, then player walks on; search dialogue 0:30:56	interface never vanishes and the player keeps control; it is only a scripted camera swing/highlight; boundaries approximate to 1s; alt is Blue Nimbus 2017 (not checked)
onesmallfavour	One Small Favour	2	scene	not_a_cutscene	9GbFcoXdy7U	https://www.youtube.com/watch?v=9GbFcoXdy7U&t=2445s	0:40:45	0:40:55	2445	2455	10	Langsamt	20251115	1080	60.0	fixed		k5OZHYdoWhc	medium	A cutscene shows the landing lights being turned on.	'I've fixed all the lights!' 0:40:36; Gnormadium Aulafrim 'I don't believe it - you fixed it! Well done' 0:40:44-45; camera then pans over the landing lights 0:40:46-0:40:54 while side panel, minimap and chatbox stay; walking resumes by 0:40:56	interface never vanishes and control returns at once; only a brief camera pan, no fade; boundaries approximate
pandemonium	Pandemonium	1		found	EET1cgfUD-E	https://www.youtube.com/watch?v=EET1cgfUD-E&t=590s	0:09:50	0:10:05	590	605	15	Guzu	20251119	1080	60	resizable modern, facecam	facecam	q6zDjx6Zw8I,bxXOoGurgLM	high	No cutscene/camera/fade wording anywhere; only a scripted push overboard (page has a video 'Anne pushing you off the boat') followed by the player arriving at the island. Likely a brief scripted animation and relocation, not a full cutscene. Only grep hit was 'seem' in Steve Beanie dialogue.	"Anne dialogue ""Sorry, ... we just have to let you go"" chatbox at 0:09:49; screen fades to black 0:09:50-0:09:55 with no interface; beach shot of player, chatbox ""Eugh..."" 0:09:57 then ""Where am I?"" 0:10:00, no side panel/minimap; black 0:10:04; interface returns 0:10:05 and camera shows Pandemonium deck at 0:10:06"	[pass2] Boundaries tightened at 1s. Fade + location jump + interface hidden during Eugh/Where am I; control returns at Pandemonium (camera high angle over ship)
pathofglouphrie	The Path of Glouphrie	1	scene	found	I5_HtbNQeV0	https://www.youtube.com/watch?v=I5_HtbNQeV0&t=363s	0:06:03	0:06:34	363	394	31	Partyfoot	20260723	1080	60.0	resizable classic (dark UI, side panel stays visible in cutscenes)		Nv796icD6-A	high	Diary cutscene of Bolrie and his advisor discussing King Healthorg, narrated by Bolrie.	lectern book open 0:06:00; minimap and camera lost 0:06:03; banner-platform map 0:06:04-0:06:12 with Bolrie 'When I became King of the Gnome Village'; throne on tree platform 0:06:14-0:06:32; fade 0:06:33; minimap back 0:06:34	boundaries tightened at 1s; chapter 1 of the diary (King Bolrie and advisor scene)
pathofglouphrie	The Path of Glouphrie	2	scene	found	I5_HtbNQeV0	https://www.youtube.com/watch?v=I5_HtbNQeV0&t=399s	0:06:39	0:06:56	399	416	17	Partyfoot	20260723	1080	60.0	resizable classic (dark UI, side panel stays visible in cutscenes)		Nv796icD6-A	high	Diary cutscene showing a statue of King Healthorg and election campaign posters for Bolrie and Argenthorg.	player back at lectern 0:06:38; screen black no minimap 0:06:39; statue on wooden fence platform 0:06:41-0:06:44 with Bolrie dialogue; two campaign posters (Bolrie/Argenthorg) 0:06:45-0:06:55; minimap back 0:06:56	boundaries tightened at 1s; chapter 2 (statue and election posters)
pathofglouphrie	The Path of Glouphrie	3	scene	found	I5_HtbNQeV0	https://www.youtube.com/watch?v=I5_HtbNQeV0&t=421s	0:07:01	0:07:52	421	472	51	Partyfoot	20260723	1080	60.0	resizable classic (dark UI, side panel stays visible in cutscenes)		Nv796icD6-A	medium	Diary cutscene of a saboteur planting illusions, Yewnock activating his machine, and the advisor transforming into Glouphrie. The page also says a brief cutscene reveals Dumpling as an evil creature when the machine puzzle is solved (possibly the same scene).	book read again 0:06:58-0:06:59; black 0:07:01; throne room with crowned king 0:07:02-0:07:20; Yewnock machine cave 0:07:24-0:07:32; king with hooded figure 0:07:38-0:07:44; posters 0:07:45-0:07:51; minimap back 0:07:52	boundaries tightened at 1s; this recording shows no advisor-to-Glouphrie transformation frame that I identified (hooded figure at 0:07:39-0:07:44 may be it); no separate Dumpling reveal seen in the video
pathofglouphrie	The Path of Glouphrie	4	fade	found	I5_HtbNQeV0	https://www.youtube.com/watch?v=I5_HtbNQeV0&t=1242s	0:20:42	0:20:49	1242	1249	7	Partyfoot	20260723	1080	60.0	resizable classic (dark UI, side panel stays visible in cutscenes)		Nv796icD6-A	high	Screen fades to black and Incomitatus is seen rotating while Hazelmere probes the tree through the player.	dim fade 0:20:41; screen black and minimap gone 0:20:42; Incomitatus alone on black rotating 0:20:43-0:20:48 with Hazelmere-style dialogue box; world back with minimap 0:20:49	boundaries tightened at 1s
pathofglouphrie	The Path of Glouphrie	5	scene	found	I5_HtbNQeV0	https://www.youtube.com/watch?v=I5_HtbNQeV0&t=1267s	0:21:07	0:21:24	1267	1284	17	Partyfoot	20260723	1080	60.0	resizable classic (dark UI, side panel stays visible in cutscenes)		Nv796icD6-A	high	Cutscene of the player using the chimes and Incomitatus being healed.	fade 0:21:06; black no minimap 0:21:07; close-up of Incomitatus with player 0:21:09-0:21:22, green leaves sprout 0:21:17-0:21:19; black 0:21:23; minimap back 0:21:24	boundaries tightened at 1s
pathofglouphrie	The Path of Glouphrie	6	scene	found	I5_HtbNQeV0	https://www.youtube.com/watch?v=I5_HtbNQeV0&t=1761s	0:29:21	0:30:21	1761	1821	60	Partyfoot	20260723	1080	60.0	resizable classic (dark UI, side panel stays visible in cutscenes)		Nv796icD6-A	high	Cutscene of two terrorbird guards pressing the alarm, room filling with tar and toxic gas, fade to black, Hazelmere teleporting the player out.	minimap present 0:29:20; black 0:29:21; two terrorbird guards by red alarm 0:29:23-0:29:38; tar-filled room 0:29:39-0:29:47; green gas from wall vents 0:29:48-0:29:51; black 0:29:54-0:29:58; Hazelmere shard hand and bubble teleport 0:30:06-0:30:19; minimap back 0:30:21	boundaries tightened at 1s; includes fade-to-black and teleport out
perilousmoons	Perilous Moons	1	fade	found	Psa5pSRezmk	https://www.youtube.com/watch?v=Psa5pSRezmk&t=607s	0:10:07	0:10:10	607	610	3	Guzu	20250805	1080	60.0	resizable modern, facecam, stream overlay	facecam,overlay	T7xAjG9q63g	medium	Screen briefly fades to black while Zuma disappears into the city (brief fade, no watched scene; flagged low).	after Zuma 'Thank you, Gunsman. By the way, I'm Zuma; I'll meet you inside' at the city gate bridge 0:10:04, screen dims 0:10:07, black 0:10:08-0:10:09, bridge and guards back 0:10:10 with Zuma no longer shown	Brief fade only; no watched scene. Alt video T7xAjG9q63g is a fast guide with facecam that skips these scenes and was not timestamped.
perilousmoons	Perilous Moons	2	scene	found	Psa5pSRezmk	https://www.youtube.com/watch?v=Psa5pSRezmk&t=1173s	0:19:33	0:19:56	1173	1196	23	Guzu	20250805	1080	60.0	resizable modern, facecam, stream overlay	facecam,overlay	T7xAjG9q63g	high	Blacksmith takes the talismans to the forge and then to the anvil to infuse them while the player watches.	blacksmith dialogue 'Of course. The art of magic is child's play' then 'Can you help?' 0:19:26-0:19:31; fade and chat/side panel gone 0:19:33-0:19:35; top-down smithy with blacksmith moving between forge and anvil with panel hidden 0:19:36-0:19:54; fade back and panel returns 0:19:56 with 'The blacksmith hands back the talismans'	Scene itself 0:19:36-0:19:54; range includes the fades on both sides.
perilousmoons	Perilous Moons	3	camera	found	Psa5pSRezmk	https://www.youtube.com/watch?v=Psa5pSRezmk&t=1830s	0:30:30	0:30:54	1830	1854	24	Guzu	20250805	1080	60.0	resizable modern, facecam, stream overlay	facecam,overlay	T7xAjG9q63g	medium	Zuma is seen approaching the Eclipse Moon, is nearly killed by it and walks away.	statue room dialogue ends 0:30:29, fade and side panel gone 0:30:31-0:30:34; low camera on the Eclipse Moon in the arena 0:30:36-0:30:52 with dialogue boxes from a figure in dark hood (Zuma) and a figure walking off; fade back to arena with inventory 0:30:54	Dialogue text at low resolution was not fully read; content matches summary (Zuma near the boss, then walks away). Boundaries tightened to 0.5 s.
porcineofinterest	A Porcine of Interest	1	scene	found	6zq2rkPV-os	https://www.youtube.com/watch?v=6zq2rkPV-os&t=393s	0:06:33	0:07:48	393	468	75	Alaska RS	20230704	1080	30.0	resizable modern (HD-style graphics, panels hidden in cutscene)			high	A Pig Thing appears and sprays acid, the screen fades to black, then Spria enters the cave, approaches the unconscious player and the player wakes in her Draynor house.	skeleton and note inspected 0:06:16-0:06:32; minimap and tabs vanish with letterbox bars 0:06:33; Pig Thing 0:06:40-0:06:50; acid spray 0:06:48; black 0:06:52-0:06:58; player lying unconscious 0:07:00; Spria enters 0:07:30-0:07:46 ('What are we doing here'); black 0:07:47; minimap and tabs back 0:07:48 in Draynor house with Tia dialogue 'What happened?'	boundaries tightened at 0.5s; no commentary or facecam; Draynor-house wake-up dialogue continues after END with interface shown
porcineofinterest	A Porcine of Interest	2	fade	found	oBB9VNPv7Uc	https://www.youtube.com/watch?v=oBB9VNPv7Uc&t=591s	0:09:51	0:09:53	591	593	2	VanillaOSRS	20200913	720		resizable modern, stone-less HD-style overlay, no facecam	overlay	DPUKbXu_VUI	high	The screen briefly fades to black while Spria upgrades the player's slayer helm; no watched scene.	"anchors read: Spria 0:09:48 ""We may have to monitor that lair from time to time to keep their population in check."" then 0:09:49.5-0:09:50.5 ""While we're on the topic, I can upgrade any of your existing slayer helms now.""; screen dims 0:09:51, fully black 0:09:51.5, brightening 0:09:52, normal 0:09:52.5 with Spria ""That should do the trick.""; quest scroll 0:09:54.5"	[pass2] Fade is about 1.5s; start is first dimmed frame (0:09:50.5 still normal), end first normal-brightness frame. Checked and lacking upgrade: 6zq2rkPV-os (prior), DPUKbXu_VUI (Spria dialogue ends at monitor line 6:50 then scroll 6:52, no upgrade or fade, player has no slayer helm)
ratcatchers	Ratcatchers	1	scene	found	pTA0tVyBV2Q	https://www.youtube.com/watch?v=pTA0tVyBV2Q&t=3034s	0:50:34	0:51:06	3034	3066	32	Blue Nimbus	20170429	2160	60.0	fixed			high	You watch rats appear, drawn to the music, and lead themselves into the ocean (Pied Piper).	"fade begins 0:50:34, tabs panel emptied 0:50:36; low camera over Port Sarim dock and boat 0:50:39-0:51:03; chat ""Rats start appearing out of nowhere, seemingly drawn to your music""; fade back with interface 0:51:06"	rats are tiny at this resolution
regicide	Regicide	1	scene	found	sNMvg_D_Juo	https://www.youtube.com/watch?v=sNMvg_D_Juo&t=2604s	0:43:24	0:43:32	2604	2612	8	Blue Nimbus	20170615	2160	60.0	fixed			high	Cutscene of your character loading the barrel onto the catapult and launching it so it explodes on King Tyras' tent.	camera jumps from catapult to Tyras tent 0:43:24 with minimap blacked; tent burns 0:43:27-0:43:31; back at catapult 0:43:32	interface tabs stay visible; only the tent-explosion camera shot is a distinct cutscene; the player loading the barrel (0:43:00-0:43:23) is normal play with catapult in view
rfd_amikvarze	Recipe for Disaster/Freeing Sir Amik Varze	1	fade	found	R5O-gxvRLsY	https://www.youtube.com/watch?v=R5O-gxvRLsY&t=1217s	0:20:17	0:20:58	1217	1258	41	Slayermusiq1	20160610	1080	30.0	fixed	guide	my0MSV6DVac,utRjxNqnXQA	high	World fades to black when the token is rubbed and the player speaks with K'klik, who flambes the creme brulee; page calls it 'the scene' and it is a fade plus dialogue, no clear watched scene.	"fade starts 0:20:17 (chatbox ""The world begins to fade..."" over black, minimap blanks by 0:20:19); K'klik (hooded figure, blue disc) speaks to player in black void 0:20:26-0:20:53; chat returns and world back with ice cave 0:20:58"	"both boundaries tightened at 0.5s; chat shows token rub then ""Enough of that you summoned me, so how can I help?""; commentary video (narrator speaks over it) but no spliced footage in the range"
rfd_finale	Recipe for Disaster/Defeating the Culinaromancer	1	scene	found	hoOXfh2mQxg	https://www.youtube.com/watch?v=hoOXfh2mQxg&t=2175s	0:36:15	0:37:14	2175	2234	59	Blue Nimbus	20170609	2160	60.0	fixed			high	Aris casts Tempus procedit to restart time, the Culinaromancer is freed, exclaims, and teleports away leaving a portal.	"screen fades to black 0:36:15 with panel empty 0:36:17; close dining-hall camera with Aris dialogue ""Now you've freed them all, I'll restart time so you can deal with the culinaromancer"" 0:36:20-0:36:32 (table and food shown); Culinaromancer speaking ""What was that?"" 0:36:40 and ""You DARE to meddle!"" 0:36:50; Aris ""go through the portal and finish him off"" 0:37:05-0:37:11; black 0:37:12-0:37:13; map and inventory back 0:37:14"	this is the end of the Monkey (Awowogei) subquest recording, which is the last council member freed; boundaries tightened at 1s; no spliced footage; the Fights videos checked (mXbrwW_KB5U, 6LZ_LY1yXlE, _aJkMgdlURE, xoY5hEURkRE) start after this scene so do not show it
rfd_goblins	Recipe for Disaster/Freeing the Goblin generals	1	scene	found	8DHCSR6lA2w	https://www.youtube.com/watch?v=8DHCSR6lA2w&t=514s	0:08:34	0:09:29	514	569	55	Tz-Ket-0m	20191109	1080	30.0	fixed			high	The cauldron explodes and the screen goes white, goblins on the surface watch the cauldron fly through the roof, then the camera shows Mudknuckles stuck to the wall.	"side panel and minimap go black-empty at 0:08:55 while camera sits at cauldron (0:08:34 camera jumps to Mudknuckles and cauldron with overhead speech; 0:08:51-0:08:53 screen goes white; goblins by the fence watching 0:08:55-0:09:11; Mudknuckles speaking from the wall 0:09:19-0:09:27 with ""It worked!""); tabs back 0:09:29"	cauldron explosion white screen, goblins watch, then Mudknuckles shown; the tab panel is empty and minimap black 0:08:55-0:09:28; boundaries tightened at 0.5s/1s; no spliced footage
rfd_intro	Recipe for Disaster/Another Cook's Quest	1	camera	found	LsM1YB7sw0U	https://www.youtube.com/watch?v=LsM1YB7sw0U&t=851s	0:14:11	0:17:41	851	1061	210	Blue Nimbus	20170312	2160	60.0	fixed (4:3 pillarboxed)			high	Screen fades in, the camera pans across each seated dignitary while they speak, the Culinaromancer teleports in, Aris freezes everyone in time, and the screen fades to black.	"screen fades to black 0:14:11 with side panel emptying by 0:14:13; Duke Horacio ""Welcome gentlemen, to Lumbridge Castle"" 0:14:15; camera pans Osman 0:14:22, Selim/dwarf 0:14:32, goblins 0:14:46; Culinaromancer speaking 0:17:00; Aris 0:17:24; white flash 0:17:34; fades black 0:17:38; normal play with inventory back 0:17:41 top-down over dining table"	both boundaries tightened at 0.5-1s; video is the Cook subquest (Quest start 7:47) and includes the full council scene at its end; no spliced footage
rfd_monkey	Recipe for Disaster/Freeing King Awowogei	1	fade	found	hoOXfh2mQxg	https://www.youtube.com/watch?v=hoOXfh2mQxg&t=2143s	0:35:43	0:35:46	2143	2146	3	Blue Nimbus	20170609	2160	60.0	fixed (4:3 pillarboxed)			high	Awowogei says the explanation will take a while and the screen fades to black as a time skip; afterwards the player has learned the spell. No watched scene.	"King Awowogei dialogue ""Good, it will take a while to explain..."" 0:35:42, screen fades to black 0:35:43.5-0:35:45, fades back in 0:35:46 and player dialogue then covers the teleport spell (crystal effect); interface stays on screen throughout"	brief fade only, boundaries tightened at 0.5s; no spliced footage; video is The Monkey subquest (Quest start 1:03)
rfd_ogre	Recipe for Disaster/Freeing Skrach Uglogwee	1	scene	found	04_EOWQAitw	https://www.youtube.com/watch?v=04_EOWQAitw&t=197s	0:03:17	0:03:26	197	206	9	Slayermusiq1	20130606	720	15.0	fixed	guide	KJTJu3Fy3QQ (HD plugin, facecam, overlay), jrH2m2zCvhE	high	Screen fades to a cutscene in which Rantz finds an old tree and kicks it over.	"fade to black 0:03:17-0:03:19 after Slayer says ""Perhaps a tree would be better?""; minimap black and Rantz and player beside tree 0:03:20-0:03:25; tree falls 0:03:24.5; minimap back 0:03:26"	boundaries tightened at 0.5s; 2013 upload on the fixed client, single-quest guide with no cutscene splices
rfd_ogre	Recipe for Disaster/Freeing Skrach Uglogwee	2	scene	not_a_cutscene	04_EOWQAitw	https://www.youtube.com/watch?v=04_EOWQAitw&t=235s	0:03:55	0:04:03	235	243	8	Slayermusiq1	20130606	720	15.0	fixed	guide		medium	Rantz shoots an arrow out to sea; a short watched action, not labelled a cutscene.	"interface stays (minimap, inventory, chatbox) while chatbox reads ""Rantz prepares to shoot the bow..."" 0:03:55-0:04:02 then Rantz says ""Ok you person...goes find da stabber"" 0:04:00; camera is normal play angle; arrow out to sea not distinguishable at 360p"	watched action in normal play view, player keeps control of interface
rfd_pirate	Recipe for Disaster/Freeing Pirate Pete	1	scene	found	x-qB5h8JEZI	https://www.youtube.com/watch?v=x-qB5h8JEZI&t=269s	0:04:29	0:04:44	269	284	15	Slayermusiq1	20130604	720	15.0	fixed	guide	XTXWSCn2DU4	high	A cutscene plays of Murphy taking the player out on a boat before the player is left at the anchor chain.	"Murphy says ""Ok, lets be off then"" 0:04:28; screen fades to black 0:04:30-0:04:31; Murphy and player on boat deck with minimap and inventory black 0:04:32-0:04:38; black again 0:04:40-0:04:43; underwater at anchor chain 0:04:44 with friends list tab"	boundaries tightened at 1-2s steps; a second fade to black 0:04:38-0:04:43 is part of the same sequence; single-quest guide with no splices
rfd_pirate	Recipe for Disaster/Freeing Pirate Pete	2	camera	found	x-qB5h8JEZI	https://www.youtube.com/watch?v=x-qB5h8JEZI&t=345s	0:05:45	0:05:48	345	348	3	Slayermusiq1	20130604	720	15.0	fixed	guide	XTXWSCn2DU4	medium	A cutscene highlights the Underwater Cavern Entrance (camera shows the cave location) while Nung explains.	"Nung says ""Ya, da big skippies live over dere"" 0:05:45; camera swings to the underwater cave mouth with fence 0:05:45.5-0:05:47.5; Nung dialogue resumes with normal camera 0:05:48"	camera pan only: inventory tab and minimap stay visible and chatbox shows the message list, not a side-panel-gone cutscene; boundaries tightened at 0.5s
ribbitingtale	The Ribbiting Tale of a Lily Pad Labour Dispute	1	scene	found	AjCRV_K6YpA	https://www.youtube.com/watch?v=AjCRV_K6YpA&t=651s	0:10:51	0:11:30	651	690	39	Bald Habibi	20260727	1080	60.0	resizable classic		Q3-HheMRvIs, qJodWlH-rpw, AqXx1mTo1wE	high	Frogs and capybara gather by the water while Sue and Cuthbert hop onto the lily pad; Cuthbert sinks and dies.	"Sue says ""Dont worry. Once I win"" 0:10:50 with normal play; 0:10:51.5 camera jumps to pond with minimap black, frogs, capybara, lily pads; Gary ""Our first contender for today is Sue""; ""Cuthbert is now as dead as an Old One"" 0:11:24; black screen 0:11:29-0:11:30; normal play with minimap 0:11:30.5"	boundaries tightened at 0.5s; ends in a black screen that clears at 0:11:30; inventory panel stays visible throughout (only minimap blacked); blind ironman series video with facecam absent but a small chat overlay; no spliced footage in this range
ribbitingtale	The Ribbiting Tale of a Lily Pad Labour Dispute	2	fade	not_a_cutscene	AjCRV_K6YpA	https://www.youtube.com/watch?v=AjCRV_K6YpA&t=956s	0:15:56	0:16:02	956	962	6	Bald Habibi	20260727	1080	60.0	resizable classic		Q3-HheMRvIs, qJodWlH-rpw	medium	Screen briefly fades to black while Marcellus goes to check the dung.	"Marcellus says ""It cannot be?! Wait here! I must check at once!"" 0:15:56 then ""Return to the frogs. Tell them we have a deal"" 0:16:01; frames every 0.25s 0:16:00.5-0:16:07.7 show no fade to black, interface and minimap stay; camera pans back toward the frogs 0:16:02-0:16:07; a dim flicker at 0:15:12-0:15:18 is earlier, after the Cuthbert fight, not at Marcellus"	no black fade seen in this recording at that moment; the dung being checked happens off screen. Only this video checked in full (Q3-HheMRvIs not timestamped)
routequest	In Search of the Myreque	1	scene	found	29Nqb5qScwM	https://www.youtube.com/watch?v=29Nqb5qScwM&t=736s	0:12:16	0:12:57	736	777	41	Blue Nimbus	20170403	2160	60.0	fixed (4:3 pillarboxed)			high	Mist fills the hideout, Vanstrom reveals himself as a vampyre, kills Sani and Harold with Blood Barrage and summons a Skeleton Hellhound; the fight starts when the cutscene ends.	"side panel goes blank and camera drops low at 0:12:16 (Veliaf dialogue just ended); Vanstrom Klause hooded dialogue 0:12:26, overhead text ""The little dwarves are going to wonder which side you're on!"" 0:12:32, ""Sani Pilu: It's Vanstrom, we're dead"" 0:12:34, Vanstrom ""Sorry Harold, you first"" 0:12:50, bodies dropped 0:12:55; normal play with inventory and minimap returns 0:12:57 with Skeleton Hellhound beside player"	both boundaries tightened at 0.5s; no spliced footage
royaltrouble	Royal Trouble	1	scene	found	ABocqceidKM	https://www.youtube.com/watch?v=ABocqceidKM&t=91s	0:01:31	0:03:18	91	198	107	Partyfoot	20260725	1080	60.0	resizable modern (dark plugin side panel)		bVWUlKzNXEg,a7_EUM9CDdg	high	Player, Brand and Astrid are moved to the throne room for a scripted conversation about the war; marked as a cutscene that ends when they return.	fade to black 1:32, then letterboxed throne room with Brand, Astrid and player, bottom panels gone 1:38-3:17; normal play with inventory back 3:18	No footage spliced in; long dialogue with chat bubbles.
royaltrouble	Royal Trouble	2	scene	found	ABocqceidKM	https://www.youtube.com/watch?v=ABocqceidKM&t=1063s	0:17:43	0:19:46	1063	1186	123	Partyfoot	20260725	1080	60.0	resizable modern (dark plugin side panel)		bVWUlKzNXEg,a7_EUM9CDdg	high	Player watches the lost Fremennik kids argue among themselves until they are discovered.	after reading the book in the crevice area, screen fades to black 17:43-17:47; camera at campfire with four kids (Armod, Signy, Hild, Reinn) arguing 17:48-19:40; guards arrive with Fullangr at 19:40-19:45; interface back 19:46	No footage spliced in.
rumdeal	Rum Deal	1	scene	found	pl38fZpZZJg	https://www.youtube.com/watch?v=pl38fZpZZJg&t=131s	0:02:11	0:03:07	131	187	56	Blue Nimbus	20170526	2160	60.0	fixed, panel blanked in cutscenes			high	Pete delivers the tied-up unconscious player to Captain Braindeath and reveals his story was made up.	fade and side panel emptied 2:10.5-2:13; Pirate Pete and Captain Braindeath dialogue in the dark cabin 2:15-3:03 ('Captain: Bring 'em here and take 'em up', 'We may make it through'); panel+minimap back 3:06.5	boundaries tightened at 0.5s; no spliced footage
rumdeal	Rum Deal	2	camera	found	pl38fZpZZJg	https://www.youtube.com/watch?v=pl38fZpZZJg&t=272s	0:04:32	0:04:50	272	290	18	Blue Nimbus	20170526	2160	60.0	fixed, panel blanked in cutscenes			high	The camera pans out of the window to show the protesting zombie pirates.	chatbox 'The Captain peers out of the window...' 4:31; fade to black 4:32; window view with zombie pirates, 'Rum Deal' banner and Rum sign 4:36-4:47; black 4:48-4:49; panel+minimap back 4:50	boundaries tightened at 1s; no spliced footage
rumdeal	Rum Deal	3	camera	found	pl38fZpZZJg	https://www.youtube.com/watch?v=pl38fZpZZJg&t=1104s	0:18:24	0:18:30	1104	1110	6	Blue Nimbus	20170526	2160	60.0	fixed, panel stays visible			medium	The camera zooms in on the player who holds up the wrench and says 'Groovy'.	after Davey dialogue 'All right. Brace yourself.' 18:20, camera swings to close-up of player holding the green wrench 18:24-18:29, then normal high camera and chat 'Groovy' 18:30	side panel and minimap stay visible during the zoom; start frame 18:23 normal, 18:24 zoomed; boundaries tightened at 1s; no spliced footage
scrambled	Scrambled!	1	scene	found	XZc7eUPuUIQ	https://www.youtube.com/watch?v=XZc7eUPuUIQ&t=140s	0:02:20	0:02:56	140	176	36	Grunfire	20250724	1080	24.0	HD plugin, resizable modern (small RuneLite info boxes top-left)	hd-plugin		high	Alan leaves to gather food; the player greets the egg and it falls to the ground and breaks.	Dialogue 'Of course!' 2:16-2:18 then fade to black 2:20 with side panel still drawn; panel gone 2:22-2:54 while Alan walks off ('I'm gone, love you too') and player says 'Bulbuka'; egg visible on wall 2:46; fade in 2:55, normal play 2:56	live commentary video, audio not relevant; egg breaking is shown as chat text 'Bulbuka' then fade
scrambled	Scrambled!	2	scene	found	XZc7eUPuUIQ	https://www.youtube.com/watch?v=XZc7eUPuUIQ&t=633s	0:10:33	0:10:42	633	642	9	Grunfire	20250724	1080	24.0	HD plugin, resizable modern (small RuneLite info boxes top-left)	hd-plugin		medium	A small cutscene shows Acatzin heading for the temple.	Right after 'You give Acatzin the axe and he heads for the temple' box 10:30-10:32 the camera snaps 10:33 to a high view of the house then pans across the village to the temple (10:34-10:42); Acatzin dialogue box at 10:41.5	interface (inventory, minimap) STAYS during this camera pan, so it is a scripted camera move not a full takeover; boundaries are the camera jump 10:33 and the dialogue start 10:42; still a cutscene-style camera sequence to measure
scrambled	Scrambled!	3	scene	found	XZc7eUPuUIQ	https://www.youtube.com/watch?v=XZc7eUPuUIQ&t=1678s	0:27:58	0:29:04	1678	1744	66	Grunfire	20250724	1080	24.0	HD plugin, resizable modern (small RuneLite info boxes top-left)	hd-plugin		high	The King's men judge the chicken, dragon and jaguar eggs; the chosen egg is judged the best replacement and then all three eggs fall and break.	After Nezketi 'That's the last one. Let's get these eggs judged' 27:52-27:57 screen fades to black 27:58; side panel gone, camera behind the four NPCs and player facing three eggs on the wall 28:00-29:01; 'Right, we have the eggs' 28:01; eggs fall and break 28:57-29:01; fade out 29:02, normal play 29:04 with 'What are we going to do now?'	
scrambled	Scrambled!	4	scene	found	XZc7eUPuUIQ	https://www.youtube.com/watch?v=XZc7eUPuUIQ&t=2353s	0:39:13	0:40:48	2353	2448	95	Grunfire	20250724	1080	24.0	HD plugin, resizable modern (small RuneLite info boxes top-left)	hd-plugin		high	The King's men leave, Alan returns and gives a speech about finding himself, then falls down the stairs; quest ends.	After final puzzle egg completed 39:12 the camera pulls out and fades to black 39:13; King's men speech 39:18-39:38 ('Don't mention it. We're happy to have helped'), fade 39:42, Alan's speech 'I'm back! How are Humpty?' and 'finally found myself' 39:46-40:42, 'Bulbuka' 40:42, fade 40:46; normal play with quest complete scroll 40:48	video ends at 40:56, cutscene runs to quest-complete scroll; Alan's fall down the stairs not visibly shown, he only talks
secretsofthenorth	Secrets of the North	1	scene	found	LU9sJzplc5k	https://www.youtube.com/watch?v=LU9sJzplc5k&t=938s	0:15:38	0:16:04	938	964	26	FrankGlymes	20230112	1080	60.0	resizable classic (small overlay top-right, edited live playthrough with cuts)	overlay	7zG0BFhyfAA	high	Player is taken to the prison dungeon; Khazard and Hazeel argue, then the player and Khazard walk up to the assassin at a barrier and the fight begins.	fade 15:38 after dialogue about Hazeel/Khazard going inside; inventory and minimap gone 15:40-16:02; Khazard/Hazeel beside player 15:44-15:54; player at barrier facing assassin 15:56-16:02; inventory and assassin health bar back 16:04	Video is one edited playthrough (time counter shows cuts) but no footage from elsewhere inside the range.
secretsofthenorth	Secrets of the North	2	scene	found	LU9sJzplc5k	https://www.youtube.com/watch?v=LU9sJzplc5k&t=1772s	0:29:32	0:29:49	1772	1789	17	FrankGlymes	20230112	1080	60.0	resizable classic (small overlay top-right, edited live playthrough with cuts)	overlay	7zG0BFhyfAA	high	The assassin appears and teleports away with Jhallan, the player runs to Khazard, Hazeel appears and the barrier disappears.	after Jhallan dialogue (Then let him come!) screen fades black 29:32-29:34; Jhallan, assassin and player in ice arena 29:35-29:41, assassin vanishes, player runs off 29:44-29:46; black 29:47-29:48; inventory back in prison room with Khazard 29:49	No footage spliced in.
shadowstorm	Shadow of the Storm	1		found	vODqA3IUb8s	https://www.youtube.com/watch?v=vODqA3IUb8s&t=1021s	0:17:01	0:17:47	1021	1067	46	Blue Nimbus	20170414	2160	60	fixed		nCU9qGNwp2E,PqYryVFnOBE	high	The ritual is a player-led chant; a magic circle appears and Denath vanishes while npcs react. Text has no camera, fade or control-loss wording, so it may be an in-world event only.	"fifth chant word selected 0:16:58 (interface still up); at 0:17:01 letterbox, side panel blank, chatbox ""A magic circle appears in the floor...""; Jennifer ""Oh my gods!"" 0:17:07; Eric ""He disappeared!"" 0:17:10; Patrick ""Where did he go""; Matthew ""Denath was Agrith-Naar all along!"" 0:17:25; Matthew ""Quick, ... find one more person to help"" at 0:17:46; panel and minimap return 0:17:47"	[pass2] Boundaries tightened at 1s. The backwards ritual IS a letterboxed cutscene in this recording (camera pulled to a high angle, control removed)
shadowstorm	Shadow of the Storm	x1		found	vODqA3IUb8s	https://www.youtube.com/watch?v=vODqA3IUb8s&t=1432s	0:23:52	0:24:11	1432	1451	19	Blue Nimbus	20170414	2160	60	fixed		nCU9qGNwp2E,PqYryVFnOBE	high	The ritual is a player-led chant; a magic circle appears and Denath vanishes while npcs react. Text has no camera, fade or control-loss wording, so it may be an in-world event only.	"Second (forward) ritual: after word menu chosen 0:23:51 the letterbox/blank side panel begins 0:23:52; red circle grows and Agrith-Naar appears 0:23:54-0:23:57 with chatbox ""How dare you summon me""; Matthew/player dialogue; panel and minimap return 0:24:11 with the boss fight starting"	[pass2] Boundaries tightened at 1s. Extra row: the Agrith-Naar summoning right after the forward ritual (not the backwards ritual); the batch asked to check this
sinsofthefather	Sins of the Father	1	scene	found	ZKyymp1BBWU	https://www.youtube.com/watch?v=ZKyymp1BBWU&t=1002s	0:16:42	0:20:20	1002	1220	218	Marstead	20200604	720	60.0	fixed with stream overlay (side panels/minimap hidden in cutscene, stats overlay right, bottom-left item overlay)	overlay	s_QiL_Euo-E	high	Carl reports to Kroy that someone is asking about Bloody Bracer, then Damien and Vanstrom enter and discuss the Elixir of Everlasting while the player listens in.	fade to black 16:42-16:45 into Kroy's lab; chat 'Carl' about someone asking about Bloody Bracer 17:00-17:12; Kroy speaks 17:04; Damien Leucurte and Vanstrom Klause name tags and chat 17:38-19:56 discussing Elixir of Everlasting; minimap gone until 20:20 when normal play/Kroy fight starts	Boundaries tightened at 0.5s (start) and 2s (end). Sedgehun video starts after this scene (its 0:00-1:11 is only the Kroy fight).
sinsofthefather	Sins of the Father	2	scene	found	s_QiL_Euo-E	https://www.youtube.com/watch?v=s_QiL_Euo-E&t=72s	0:01:12	0:07:09	72	429	357	Sedgehun	20200606	1080	60.0	fixed (fullscreen 1080p, side panel black in cutscenes)	edited compilation		medium	Werewolves bring prisoners to Damien; Vanescula appears, stuns Veliaf and snares the group, transforms and talks, then leaves.	black 1:12 then side panel gone, low tilted camera in the swamp; Ivan, Veliaf and a red-cloaked figure talk 1:13-1:29; werewolves and Damien group 1:40-3:00; Vanescula in purple appears 4:00; normal play after fade 7:09	Boundaries from 1s sheets at 1:12 and 7:09. Compilation video: gameplay is cut, so times are in the edited video. Contiguous with scene 3 via black 7:09-7:14.
sinsofthefather	Sins of the Father	3	scene	found	s_QiL_Euo-E	https://www.youtube.com/watch?v=s_QiL_Euo-E&t=435s	0:07:15	0:10:13	435	613	178	Sedgehun	20200606	1080	60.0	fixed (fullscreen 1080p, side panel black in cutscenes)	edited compilation		high	Long scripted meeting at the graveyard: Myreque leaders talk, Vanescula arrives and proposes her plan; meeting ends by script.	black 7:14 then graveyard with Vanescula and the Myreque crowd, dialogue box on screen; fade to black 10:13	1s sheets at both ends; panel absent throughout
sinsofthefather	Sins of the Father	4	scene	found	s_QiL_Euo-E	https://www.youtube.com/watch?v=s_QiL_Euo-E&t=615s	0:10:15	0:14:37	615	877	262	Sedgehun	20200606	1080	60.0	fixed (fullscreen 1080p, side panel black in cutscenes)	edited compilation		medium	Vanescula reveals Safalaan's icyene heritage; the coffin plaque names Larina Hallow as his sister and Safalaan reacts.	mausoleum exterior 10:15-10:31 then crypt with plaque view 10:35-13:17, black 13:18-13:22, exterior again 13:23-14:36 with Vanescula/Safalaan dialogue; fade 14:37	Spans both the 'part 1' and 'part 2' chapters; the exact crypt-plaque dialogue was not read in chatbox. Boundaries tightened at 1s.
sinsofthefather	Sins of the Father	5	scene	found	s_QiL_Euo-E	https://www.youtube.com/watch?v=s_QiL_Euo-E&t=1154s	0:19:14	0:21:58	1154	1318	164	Sedgehun	20200606	1080	60.0	fixed (fullscreen 1080p, side panel black in cutscenes)	edited compilation		medium	Jovkai enters the prison and questions the player; Vanstrom and Sarius arrive, then leave with Jovkai.	black 19:14 then prison cell with Vyrewatch and prisoners 19:16; Jovkai (dark robe) at cell 21:00; black 21:55-21:57 then overhead cut back to normal interface 21:58	Start is the fade at 19:14; 1s sheets at both ends. Vanstrom/Sarius arrival not read in chatbox.
sinsofthefather	Sins of the Father	6	scene	found	s_QiL_Euo-E	https://www.youtube.com/watch?v=s_QiL_Euo-E&t=1479s	0:24:39	0:29:11	1479	1751	272	Sedgehun	20200606	1080	60.0	fixed (fullscreen 1080p, side panel black in cutscenes)	edited compilation		high	Lowerniel appears, kills the sentinels, subdues Vanescula and incinerates four Myreque, then Vanstrom attacks (boss fight follows).	fade to black 24:39-24:44 then Castle Drakan courtyard, crowd of Myreque and vampyres, banners; Vanstrom in purple 28:49; sentinels/Vanescula pinned by red beam 28:40; normal play with HP bars and side icons at 29:11	1s/0.5s sheets at both ends. Lowerniel not identified by face but the courtyard scene matches.
sinsofthefather	Sins of the Father	7	scene	found	s_QiL_Euo-E	https://www.youtube.com/watch?v=s_QiL_Euo-E&t=2014s	0:33:34	0:35:33	2014	2133	119	Sedgehun	20200606	1080	60.0	fixed (fullscreen 1080p, side panel black in cutscenes)	edited compilation		high	Safalaan's icyene powers kill Vanstrom; Ivan teleports the group out of Castle Drakan, leaving Safalaan behind.	Vanstrom fight with HP bar ends 33:33; black 33:35-33:37; Safalaan 'Enough! Stop this!' dialogue 33:39; Vanstrom 'I remember everything' 33:44; black 34:55-35:01; Paterdomus basement Ivan/Veliaf 'The Myreque are dead' 35:02-35:22; black 35:29-35:32; quest complete scroll 35:34	Ends when the quest-complete scroll view starts (35:33). Ivan/Veliaf aftermath in the basement is included.
sinsofthefather	Sins of the Father	x1		found	s_QiL_Euo-E	https://www.youtube.com/watch?v=s_QiL_Euo-E&t=980s	0:16:20	0:17:25	980	1045	65	Sedgehun	20200606	1080	60.0	fixed (fullscreen 1080p, side panel black in cutscenes)	edited compilation		medium		fade to black 16:20 from Meiyerditch; red-carpeted Damien's chamber with Ivan/Veliaf-style party 16:23-17:20; Damien Leucurte in black; green flash 17:03; overhead castle view with interface back 17:25	Unlisted pre-fight scene for Damien's fight (Damien's battle chapter). 0.5s sheets at both ends.
sinsofthefather	Sins of the Father	x2		found	s_QiL_Euo-E	https://www.youtube.com/watch?v=s_QiL_Euo-E&t=1323s	0:22:03	0:24:18	1323	1458	135	Sedgehun	20200606	1080	60.0	fixed (fullscreen 1080p, side panel black in cutscenes)	edited compilation		low		black 22:00-22:02; low camera on grassy hilltop with Safalaan and Vanescula-style purple figure and big HUN 22:03-24:08; black 24:09-24:10; mausoleum yard 24:11-24:17 with Vanescula dialogue; black 24:18-24:22; side panel back 24:23	Unlisted. Dialogue on chatbox not read; camera is scripted (low horizon view). Could be dialogue with a camera pan rather than a full cutscene; needs confirming.
sleepinggiants	Sleeping Giants	1	camera	found	7j1MsmWdtW8	https://www.youtube.com/watch?v=7j1MsmWdtW8&t=83s	0:01:23	0:04:02	83	242	159	Holden's Game Archive	20260305	2160	30.0	resizable modern (HD-style, side panel hidden during scene)		86OFwFJZjmk,wlvaPAzdLEM	high	A cutscene shows the giants' workshop too big for regular-sized people, the Giants' Foundry.	Screen fades to black 0:01:23 after Kovac speaks in the desert; interface gone and camera flies from the cave mouth over the workshop (lava, water wheels) 0:01:25-0:01:45; camera then holds on Kovac and player in the cave with dialogue to 0:04:00; fade to black 0:04:01 and minimap/normal play returns 0:04:02	Scene includes the Kovac dialogue in cutscene camera; the workshop fly-over alone is 0:01:23-0:01:46. Alt ids not timestamped.
songoftheelves	Song of the Elves	1	scene	found	oMGvdBCuxoY	https://www.youtube.com/watch?v=oMGvdBCuxoY&t=1437s	0:23:57	0:24:40	1437	1480	43	Slayermusiq1	20190730	1080	30.0	fixed	guide	lGaKS6BSMjM,arFdB3U3gVA,bt4IKlVCqk0	high	Kilron and Omart bring King Lathas out of a wardrobe; he is sentenced and executed by citizens while you watch, then hooded figures knock you and Elena out.	fade to black 0:23:57 with side panel gone 0:23:58 right after Elena 'Cook's like that's the last of them'; Omart 'Cook who we found hiding in a wardrobe' 0:24:01; King Lathas 'Oh don't you go pretending they're innocent' 0:24:05; Counsellor Halgrive 'Bring forth the condemned' 0:24:15; crowd 'Down with Lathis' 0:24:30; black 0:24:36-0:24:40	end = last black frame before the Iorwerth camp scene appears 0:24:41; boundaries tightened at 1s
songoftheelves	Song of the Elves	2	scene	found	oMGvdBCuxoY	https://www.youtube.com/watch?v=oMGvdBCuxoY&t=1481s	0:24:41	0:25:27	1481	1527	46	Slayermusiq1	20190730	1080	30.0	fixed	guide	lGaKS6BSMjM,arFdB3U3gVA,bt4IKlVCqk0	medium	Long scene: you and Elena are brought before Lord Iorwerth, the elf resistance rescues you, and Iorwerth reveals his plan to reach the Temple of Light.	camp with elf guards, Lord Iorwerth 'So you finally decided to show your true colours' 0:24:43, Elena 'Greenmusiq is innocent', Arianwyn 'That's enough Lord Iorwerth, let them go!' 0:25:00, Essyllt 'This is a bad idea' 0:25:20; side panel blank throughout; black 0:25:22-0:25:27; normal play 0:25:28	recording shows about 46 s, shorter than the 'long scene' in the summary (dialogue clicked through fast); no separate Iorwerth plan speech seen; boundaries tightened at 1s
songoftheelves	Song of the Elves	3	scene	not_a_cutscene	oMGvdBCuxoY	https://www.youtube.com/watch?v=oMGvdBCuxoY&t=5544s	1:32:24	1:32:44	5544	5564	20	Slayermusiq1	20190730	1080	30.0	fixed	guide	lGaKS6BSMjM,arFdB3U3gVA,bt4IKlVCqk0	medium	Short cutscene with Baxtorian before the other NPCs leave.	at Lletya, Baxtorian 'On that note, what news do you have, Ysgawyn?' 1:32:28 and player 'There is another way into the temple' 1:32:36 with side panel and minimap visible the whole time; no cutscene anywhere 1:28-1:34 (only chat-box text 'Lady Hefin departs for Gwlyeth' with a short fade at 1:31:00, interface kept)	interface never leaves in this recording so this moment is dialogue only; range at 6-8 s resolution; the wiki's Baxtorian cutscene may be a different unseen moment
songoftheelves	Song of the Elves	4	scene	found	oMGvdBCuxoY	https://www.youtube.com/watch?v=oMGvdBCuxoY&t=5824s	1:37:04	1:37:30	5824	5850	26	Slayermusiq1	20190730	1080	30.0	fixed	guide	lGaKS6BSMjM,arFdB3U3gVA,bt4IKlVCqk0	high	After Ysgawyn's revelation about his informant Iestin, you are teleported into a scene at Lletya with Ysgawyn, Iestin and Elena.	after Ysgawyn 'We need to get to Lletya now!' fade 1:37:04 with side panel gone 1:37:05; chatbox 'You return to Lletya.'; burning Lletya with Ysgawyn 'But nothing! Now go!' 1:37:15 and Elena 'Greenmusiq, you go help Iorwerth' 1:37:24; black 1:37:29; panel back 1:37:30	boundaries tightened at 1s; Iestin not visibly named in the frames but the Ysgawyn/Elena Lletya teleport scene matches
songoftheelves	Song of the Elves	5	scene	found	oMGvdBCuxoY	https://www.youtube.com/watch?v=oMGvdBCuxoY&t=5871s	1:37:51	1:39:23	5871	5963	92	Slayermusiq1	20190730	1080	30.0	fixed	guide	lGaKS6BSMjM,arFdB3U3gVA,bt4IKlVCqk0	high	Iorwerth reveals Arianwyn as traitor, forces Baxtorian to hand over the Orb, Essyllt kills Ysgawyn; a further short scene follows before the Arianwyn fight.	after saving the children ('Are you okay?' 1:37:49) fade 1:37:51, panel gone 1:37:52; burning Lletya, Iorwerth 'Oh I will one way or another. But in case it wasn't clear, let me explain the situation' 1:38:18; Islwyn 'Arianwyn!' 1:38:24; Ysgawyn 'And what are these apparent sacrifices you've made?' 1:38:30; Islwyn 'Get after them!' 1:39:00; Arianwyn 'I'm sorry friend, but I've made my choice' 1:39:18; black 1:39:21; panel back 1:39:23 into the Arianwyn fight	one black at 1:38:12 splits it into two parts (fire and elves first, then the Iorwerth explanation in the roundhouse), the second is probably the 'further short scene'; one range covers both; boundaries tightened at 1s
songoftheelves	Song of the Elves	6	scene	found	oMGvdBCuxoY	https://www.youtube.com/watch?v=oMGvdBCuxoY&t=6063s	1:41:03	1:41:29	6063	6089	26	Slayermusiq1	20190730	1080	30.0	fixed	guide	lGaKS6BSMjM,arFdB3U3gVA,bt4IKlVCqk0	high	Surviving elves hold a funeral for Ysgawyn and Islwyn confronts Baxtorian.	after Arianwyn fight (last fight frame 1:41:02) black 1:41:03 with panel gone; Islwyn 'Ysgawyn...' 1:41:09 and 'But he didn't give up. To the very end, he fought for a cause he believed in, our cause' 1:41:12, 'You... you killed them? You killed them all?'; fade 1:41:25; panel back 1:41:29 then Baxtorian 'I used to think I was a good king' 1:41:30	the Islwyn to Baxtorian confrontation; the funeral itself is not shown; boundaries tightened at 1s
songoftheelves	Song of the Elves	7	scene	found	oMGvdBCuxoY	https://www.youtube.com/watch?v=oMGvdBCuxoY&t=7212s	2:00:12	2:00:47	7212	7247	35	Slayermusiq1	20190730	1080	30.0	fixed	guide	lGaKS6BSMjM,arFdB3U3gVA,bt4IKlVCqk0	high	A cutscene plays after the multi-combat section, then you immediately fight the boss.	after multi-combat defence with timer ending 2:00:11, fade 2:00:12, panel gone 2:00:13; Rebel Warrior 'Incoming!' 2:00:16 with orange flash; Elena approaching Essyllt at gate 2:00:26; chatbox 'Elena!' 2:00:31; black 2:00:45-2:00:46; Essyllt fight with HP bar and panel 2:00:47	boundaries tightened at 1s
songoftheelves	Song of the Elves	8	scene	found	oMGvdBCuxoY	https://www.youtube.com/watch?v=oMGvdBCuxoY&t=7321s	2:02:01	2:03:13	7321	7393	72	Slayermusiq1	20190730	1080	30.0	fixed	guide	lGaKS6BSMjM,arFdB3U3gVA,bt4IKlVCqk0	high	Iorwerth frees the Fragment of Seren, Arianwyn shoots Iorwerth, and the Fragment drags you to her realm.	after Essyllt is dead, black 2:02:01 with panel gone; Greenmusiq 'This can't be good--' 2:02:08; Elena 'Go! Get after them!' 2:02:22; Eluned 'Don't worry, I'll take care of her' 2:02:24; black 2:02:26; Iorwerth and Arianwyn 2:02:30; Fragment of Seren 'You... you've come to free me?' 2:03:00 and 'I won't let you! It's not fair!' 2:03:09; panel and Seren HP bar appear 2:03:13	boundaries tightened at 1s; the interval 2:02:30-2:03:00 only checked at 30s (panel blank at both ends)
songoftheelves	Song of the Elves	9	scene	found	oMGvdBCuxoY	https://www.youtube.com/watch?v=oMGvdBCuxoY&t=8000s	2:13:20	2:14:32	8000	8072	72	Slayermusiq1	20190730	1080	30.0	fixed	guide	lGaKS6BSMjM,arFdB3U3gVA,bt4IKlVCqk0	high	Short scene where Iorwerth mourns the Fragment's defeat and speaks his last words.	Fragment of Seren defeated 2:13:19, flash to white 2:13:20 with panel gone and chatbox blank; Lord Iorwerth 'What... what have you done?' 2:13:30 and 'She just needed time, to understand...' 2:13:37; Arianwyn 'I wanted to stay long enough to help repair the damage of my actions' 2:14:02; Baxtorian and Elena 'Ready Greenmusiq?' 2:14:24; black 2:14:30; quest complete scroll 2:14:34	includes Iorwerth's last words and the follow-up scene with Arianwyn, Baxtorian and Elena; end is the frame where the panel returns (black view 2:14:32) just before the completion scroll
songoftheelves	Song of the Elves	x1		found	oMGvdBCuxoY	https://www.youtube.com/watch?v=oMGvdBCuxoY&t=6916s	1:55:16	1:56:05	6916	6965	49	Slayermusiq1	20190730	1080	30.0	fixed	guide	lGaKS6BSMjM,arFdB3U3gVA,bt4IKlVCqk0	medium		before the multi-combat defence, at the pass: fade 1:55:17, panel gone 1:55:20; Baxtorian 'Lord Iorwerth' and 'I did not come here to trade insults' 1:55:26; Lord Iorwerth 'We enter the temple, free our goddess and with her by our side, reform the city of Prifddinas' 1:55:35; Arianwyn 'I...' 1:55:44; Rebel Warrior 'Iorwerth forces approaching!' 1:55:53; panel back with backpack 1:56:05	unlisted scene before the multi-combat section (Baxtorian meets Iorwerth and Arianwyn); start approximate (fade between 1:55:14 and 1:55:17), end at 3s resolution
soulsbane	A Soul's Bane	1	camera	found	9n6Dhs-AI_E	https://www.youtube.com/watch?v=9n6Dhs-AI_E&t=356s	0:05:56	0:06:22	356	382	26	Blue Nimbus	20170309	2160	60.0	fixed (pillarboxed 4:3)		z1td6z1P1BE	medium	Player enters the rift and the camera pans around the room ending on the tunnel to the room of fear.	camera jumps to Launa at the rift edge with rope 0:05:56, side panel gone 0:05:58, red Room of Rage pan with dialogue 'Why should I, Tolna, be trapped in such a wretched place?' 0:06:02-0:06:18, panel back 0:06:22	boundaries at 2s steps
soulsbane	A Soul's Bane	2	scene	found	9n6Dhs-AI_E	https://www.youtube.com/watch?v=9n6Dhs-AI_E&t=647s	0:10:47	0:11:23	647	683	36	Blue Nimbus	20170309	2160	60.0	fixed (pillarboxed 4:3)		z1td6z1P1BE	medium	Fade to black, then a flashback in Varrock shows young Tolna leaving his mother Launa.	fade to black 0:10:47 after rage monsters dispersed; Varrock flashback with Launa and young Tolna dialogue 'Where are you going?' 0:10:50-0:11:17; black 0:11:20; panel back in red room 0:11:23	boundaries at 3s steps
soulsbane	A Soul's Bane	3	camera	found	9n6Dhs-AI_E	https://www.youtube.com/watch?v=9n6Dhs-AI_E&t=698s	0:11:38	0:12:04	698	724	26	Blue Nimbus	20170309	2160	60.0	fixed (pillarboxed 4:3)		z1td6z1P1BE	medium	The camera pans around the room looking at the dark holes.	fade to black 0:11:38, panel gone and dark Room of Fear with grasping hands, dialogue 'It's so dark and dark. I FEAR I may never escape the horrid place' and 'Tolna, Dad help me' 0:11:41-0:12:02; panel back 0:12:05	boundaries at 3s steps
soulsbane	A Soul's Bane	4	fade	found	9n6Dhs-AI_E	https://www.youtube.com/watch?v=9n6Dhs-AI_E&t=960s	0:16:00	0:16:17	960	977	17	Blue Nimbus	20170309	2160	60.0	fixed (pillarboxed 4:3)		z1td6z1P1BE	high	Fade to black to the rift location before it fully opened, showing Tolna fall in.	fade begins 0:16:00 after player line about bypass; panel gone 0:16:02-0:16:16; outdoor green rift-site scene with tree and dirt patch 0:16:05-0:16:14; black 0:16:16; fear room normal 0:16:18	1s steps; shows the rift site before it opened (yellow figure at dirt patch, Tolna) 
soulsbane	A Soul's Bane	5	camera	found	9n6Dhs-AI_E	https://www.youtube.com/watch?v=9n6Dhs-AI_E&t=998s	0:16:38	0:17:12	998	1032	34	Blue Nimbus	20170309	2160	60.0	fixed (pillarboxed 4:3)		z1td6z1P1BE	high	The camera pans around the room looking at the confusing doors.	fade to black 0:16:38, panel gone; pan over Room of Confusion doors with dialogue 'Where am I? How long have I been here? Am I still the person I once was?' 0:16:40-0:17:04 then 'Oh why am I so CONFUSED' 0:17:04-0:17:09; normal play 0:17:12	1.5s steps
soulsbane	A Soul's Bane	6	scene	found	9n6Dhs-AI_E	https://www.youtube.com/watch?v=9n6Dhs-AI_E&t=1480s	0:24:40	0:25:00	1480	1500	20	Blue Nimbus	20170309	2160	60.0	fixed (pillarboxed 4:3)		z1td6z1P1BE	high	Cutscene showing Tolna sitting in the confusion room muttering.	fade 0:24:40 with panel dark; panel gone 0:24:42; Tolna (yellow figure) sitting among tendrils muttering 'Leave me... But I don't want to' and 'I've done nothing wrong. Arrrghhh' 0:24:45-0:24:58; panel back 0:25:00	2-3s steps
soulsbane	A Soul's Bane	7	scene	found	9n6Dhs-AI_E	https://www.youtube.com/watch?v=9n6Dhs-AI_E&t=1814s	0:30:14	0:31:30	1814	1890	76	Blue Nimbus	20170309	2160	60.0	fixed (pillarboxed 4:3)		z1td6z1P1BE	high	Short cutscene on leaving the hopelessness room leading into the confrontation with Tolna's corrupted form.	after crossing bridge of hope fade begins 0:30:14, panel gone 0:30:16; Brana at cliff edge with Launa/Tolna dialogue 'Don't give up' 'Your mother isn't lying' 0:30:20-0:31:27; fade 0:31:27, interface back 0:31:30 in dark cave	0.5s steps; long dialogue scene, ends into confrontation with Tolna corrupted form
soulsbane	A Soul's Bane	x1		found	9n6Dhs-AI_E	https://www.youtube.com/watch?v=9n6Dhs-AI_E&t=1515s	0:25:15	0:25:38	1515	1538	23	Blue Nimbus	20170309	2160	60.0	fixed (pillarboxed 4:3)		z1td6z1P1BE	medium		not listed: fade 0:25:15 after Tolna scene, panel gone 0:25:18; dialogue 'What's the point? Nobody will ever help me.' and 'I'm not worth anything. Off ... nobody' over dark hopelessness room with red rift edge pan 0:25:18-0:25:35; normal 0:25:38	Tolna's voice pan entering Room of Hopelessness; 2-3s steps
swansong	Swan Song	1	scene	found	WCmaMZ4BbgE	https://www.youtube.com/watch?v=WCmaMZ4BbgE&t=179s	0:02:59	0:04:07	179	247	68	Blue Nimbus	20170621	2160	60.0	fixed (4:3 game pillarboxed in 16:9 video)		IpmERThXv2g	high	Flashback sequence with a jingle: the Wise Old Man is shown killing an ogre shaman, drunken dwarf, the Shaikahan, fighting the Kalphite Queen and then Dad, who knocks him back and smashes the camera.	"after Herman dialogue the chatbox shrinks to ""Herman talks about the Wise Old Man's adventures"" and screen goes black 2:59; flashback scenes with the Wise Old Man in robes against different monsters (3:02 to 4:02, a large ogre-like monster at 4:00, screen cracks black 4:03); fade-in to Herman with inventory back 4:06-4:07"	No footage spliced in. Slayermusiq1 IpmERThXv2g skipped this cutscene (chose skip), so not usable for it.
swansong	Swan Song	2	camera	found	WCmaMZ4BbgE	https://www.youtube.com/watch?v=WCmaMZ4BbgE&t=1641s	0:27:21	0:29:18	1641	1758	117	Blue Nimbus	20170621	2160	60.0	fixed (4:3 game pillarboxed in 16:9 video)		IpmERThXv2g	high	Player opens the jar, an army of skeleton mages fights off sea trolls, the Wise Old Man kills the Sea Troll General, then is hit by a spell from off-screen and the Sea Troll Queen appears.	"after Wise Old Man ""I'm ready, let's fight"" fade to black 27:21; inventory empty and chatbox blank; Wise Old Man and player with pot 27:24-27:29; skeleton mage army marching 27:30-27:36; sea trolls climbing 27:36-27:43; battle 27:43-28:5x; Wise Old Man hit by spell 29:10-29:11; Sea Troll Queen appears 29:12-29:17; inventory and minimap back 29:18"	No footage spliced in. Slayermusiq1 IpmERThXv2g also shows it about 24:20-26:14 (not timestamped to the frame-tight level here).
tasteofhope	A Taste of Hope	1	scene	found	VjdgEIizdSc	https://www.youtube.com/watch?v=VjdgEIizdSc&t=192s	0:03:12	0:03:25	192	205	13	Slayermusiq1	20180526	1080	30.0	fixed (2018 client), 360p source	guide		high	A cutscene shows Ranis and Vanstrom arriving at Ver Sinhaza and entering the Theatre of Blood.	screen fades 0:03:12, side panel and minimap blank 0:03:13-0:03:24; camera on dark keep courtyard with red-robed figures arriving at the gate 0:03:15-0:03:23, no dialogue; Garth dialogue 'Hello there. Interested in hearing the tale of Serafina?' at 0:02:59-0:03:09 just before, Greenmusig 'That was Vanstrom Klause and Ranis Drakan!' 0:03:27 just after	
tasteofhope	A Taste of Hope	2	scene	found	VjdgEIizdSc	https://www.youtube.com/watch?v=VjdgEIizdSc&t=706s	0:11:46	0:12:01	706	721	15	Slayermusiq1	20180526	1080	30.0	fixed (2018 client), 360p source	guide		high	The player spies on Ranis, Vanstrom and Verzik discussing the abomination and plans against the Myreque.	fade begins 0:11:46 after climbing the wall, black 0:11:47; throne room with Ranis Drakan 'and you believe this creature will be suitable?', Vanstrom Klause 'Perhaps. But I still believe the Vyrewatch can handle this', Ranis 'Anyways, you worry about the Myreque. I'll handle Vanescula.', Verzik Vitur 'And thank you Ranis' 0:11:49-0:11:58; side panel gone throughout, interface back 0:12:00.5; Greenmusig 'Well that didn't sound good' 0:12:03	
tasteofhope	A Taste of Hope	3	scene	found	VjdgEIizdSc	https://www.youtube.com/watch?v=VjdgEIizdSc&t=1345s	0:22:25	0:23:05	1345	1385	40	Slayermusiq1	20180526	1080	30.0	fixed (2018 client), 360p source	guide		high	The abomination attacks the hideout, killing Mekritus, Andiess and Flaygian until Safalaan weakens it with his hidden power.	fade begins 0:22:25 after Safalaan 'Vanstrom! He used us as bait. Vertida, get the others. We need to leave now!'; side panel and minimap blank; abomination appears, Mekritus 'Oh f...' and Kael 'Mekritus!' 0:22:31-0:22:33, Andiess Jurp 'Time to die beast!' 0:22:45, Flaygian 'look out' 0:22:55, Safalaan 'No! Flaygian!' 0:22:57, Vertida 'It's weakened! Let's finish it off!' 0:23:04; interface back 0:23:05.5 into the abomination fight	
tasteofhope	A Taste of Hope	4	scene	found	VjdgEIizdSc	https://www.youtube.com/watch?v=VjdgEIizdSc&t=1766s	0:29:26	0:29:52	1766	1792	26	Slayermusiq1	20180526	1080	30.0	fixed (2018 client), 360p source	guide		medium	Ranis gives a speech to the citizens and the player walks up to confront him; after his death the player gives an inspirational speech.	fade 0:29:26 after banking, side panel and minimap blank 0:29:27-0:29:51; camera on the Theatre plaza full of spectators facing the gate; no dialogue text shown (Ranis's speech itself not legible); interface back 0:29:52 and Ranis fight begins; the post-kill speech is the separate row x1	first of the two speech scenes the row describes (entry plaza); second is x1
tasteofhope	A Taste of Hope	5	scene	found	VjdgEIizdSc	https://www.youtube.com/watch?v=VjdgEIizdSc&t=1998s	0:33:18	0:33:42	1998	2022	24	Slayermusiq1	20180526	1080	30.0	fixed (2018 client), 360p source	guide		high	Camera shows Ranis' corpse as Vanescula and Vanstrom approach it; the track The Maiden's Sorrow plays.	after Safalaan/Kael dialogue (Kael shows Ranis Drakan's medallion 0:33:16) fade 0:33:18, side panel blank; dark hall with Ranis's corpse and two red-robed figures 0:33:23-0:33:39 with Vanstrom Klause 'Hmmm... Lord Drakan won't be pleased about this' and Vanescula Drakan 'Oh I'm counting on it...'; interface back 0:33:42, then quest complete scroll 0:33:44	
tasteofhope	A Taste of Hope	x1		found	VjdgEIizdSc	https://www.youtube.com/watch?v=VjdgEIizdSc&t=1938s	0:32:18	0:32:28	1938	1948	10	Slayermusiq1	20180526	1080	30.0	fixed (2018 client), 360p source	guide		high		Ranis Drakan health bar 0.0% 0:32:16, fade 0:32:18, side panel blank, plaza crowd shot 0:32:21-0:32:26 with Greenmusig dialogue 'Soooo... I guess this is the part where I say something...' 0:32:23 and 'You see, the vampyres are not as powerful as they have you believe. Ranis Drakan lies dead before you' 0:32:25; interface back 0:32:28	this is the 'again after killing Ranis' speech of batch row 4
tearsofguthix	Tears of Guthix	1	camera	found	3VoeqTrlLYA	https://www.youtube.com/watch?v=3VoeqTrlLYA&t=278s	0:04:38	0:04:53	278	293	15	Blue Nimbus	20170530	2160	60.0	fixed			medium	The camera pans south to the part of the cave containing the guthix-infused rocks while Juna explains the bowl.	Juna's dialogue box says the cave south of the chasm is infused with Guthix power (0:04:38-0:04:52); camera swings away from Juna to a dark rocky area starting 0:04:38.5 and returns to Juna/player at 0:04:52.5	Interface and dialogue stay up throughout; it is only a camera pan, not a full cutscene. End 0:04:52.5 rounded up.
templeoftheeye	Temple of the Eye	1	scene	found	AWubnsxMKs0	https://www.youtube.com/watch?v=AWubnsxMKs0&t=742s	0:12:22	0:12:44	742	764	22	Poketimemachine	20260731	720	60.0	resizable classic (2026 client)			medium	Apprentices and Persten cast the incantation and a blue portal opens; Sedridor argues over who may enter, then the five enter.	fade to black 12:21-12:23 with side panel gone by 12:23.5; Persten 'Everyone ready?' 12:26, apprentices and Sedridor round a blue portal 12:38, fade to black 12:41-12:44	Start is when the fade begins, panel gone at 12:23.5.
templeoftheeye	Temple of the Eye	2	camera	found	AWubnsxMKs0	https://www.youtube.com/watch?v=AWubnsxMKs0&t=766s	0:12:46	0:13:34	766	814	48	Poketimemachine	20260731	720	60.0	resizable classic (2026 client)			medium	Group arrives underwater; camera pans to the Temple and back, Tamara casts a locator spell.	portal underwater 12:47 with no side panel, group walks out 12:53-13:11, Tamara 'Can we cast a locator spell?' 13:26, fade 13:32, panel back 13:35	End is the fade at 13:32-13:34, panel back 13:35; the camera pans to the temple 13:14-13:23.
templeoftheeye	Temple of the Eye	3	scene	found	AWubnsxMKs0	https://www.youtube.com/watch?v=AWubnsxMKs0&t=857s	0:14:17	0:14:55	857	895	38	Poketimemachine	20260731	720	60.0	resizable classic (2026 client)			medium	Player has a vision, walks toward a Mysterious Stone and hears the two justiciars talk.	'Take a look at the markings' then fade at 14:17, panel gone, dark scene with Mysterious Stone 14:29, silhouette-speaker chatbox 14:32-14:53 while player walks to the stone	End at cut to lit scene at 14:56; start 14:17 is where the fade begins, panel gone at 14:17.5.
templeoftheeye	Temple of the Eye	4	scene	found	AWubnsxMKs0	https://www.youtube.com/watch?v=AWubnsxMKs0&t=896s	0:14:56	0:15:44	896	944	48	Poketimemachine	20260731	720	60.0	resizable classic (2026 client)			medium	Group shares findings, Persten's spell opens an abyssal rift and drags her in, creatures emerge, Cordelia kills them, Great Guardian appears.	no side panel from 14:56, Cordelia tells Persten of the marker 14:56, Persten spell opens purple abyssal rift 15:23, creatures appear 15:29-15:32, Great Guardian statue 15:38, fade 15:41-15:44 panel back	Boundary between row 3 and 4 at the 14:56-14:59 cut; end is panel back at 15:44 in black fade-in.
templeoftheeye	Temple of the Eye	5	camera	found	AWubnsxMKs0	https://www.youtube.com/watch?v=AWubnsxMKs0&t=1386s	0:23:06	0:23:29	1386	1409	23	Poketimemachine	20260731	720	60.0	resizable classic (2026 client)			high	Cutscene in which the Great Guardian fires a beam and closes the rift.	fade at 23:05, panel gone 23:06; Great Guardian 'Humans I now have the power...' 23:08, beam and rift closes 23:11-23:16, Cordelia 'What heresy' 23:20, black 23:29 then panel back in Sedridor's room 23:30	Both boundaries tightened to about 1 s.
theeyesofglouphrie	The Eyes of Glouphrie	1	camera	found	rIkM_MjRwvY	https://www.youtube.com/watch?v=rIkM_MjRwvY&t=594s	0:09:54	0:10:04	594	604	10	Blue Nimbus	20170511	2160	60.0	fixed			high	Camera closes in as Hazelmere casts a mind spell on the player, leading into the flashback.	9:53.0 normal play, 9:53.5 camera jumps to low close angle on player and Hazelmere at the pen with side panel still shown, chatbox 'You feel very strange - as if Hazelmere has started poking around in your back' (mind link); 10:03.5 normal high camera back	Camera-only cutscene: interface stays visible throughout, minimap black as in surrounding dialogue. No cut-in footage.
theeyesofglouphrie	The Eyes of Glouphrie	2	scene	found	rIkM_MjRwvY	https://www.youtube.com/watch?v=rIkM_MjRwvY&t=705s	0:11:45	0:14:48	705	888	183	Blue Nimbus	20170511	2160	60.0	fixed			high	Long flashback of the gnome-goblin battle, Argento's death being covered up, and Glouphrie's banishment.	11:44.5 normal; 11:45 tile jumps to map of banner flags (green vs red), side panel emptied at 11:58; 12:02-14:30 gnome/goblin battle, Healthorg lines; 14:45 black, 14:48 back at pen with Hazelmere dialogue	Flashback is split in two by a return to the pen (14:48-15:34, Hazelmere talking over normal view); second half is row x1 at 0:15:34-0:17:09. No cut-in footage.
theeyesofglouphrie	The Eyes of Glouphrie	3	scene	found	rIkM_MjRwvY	https://www.youtube.com/watch?v=rIkM_MjRwvY&t=1110s	0:18:30	0:19:42	1110	1182	72	Blue Nimbus	20170511	2160	60.0	fixed			high	Shorter cutscene where a near-invisible gnome sneaks in and destroys the anti-illusion machine.	18:29.5 normal dialogue with Brimstail (Grimsnout), 18:30 fade to black, chat 'You tell Brimstail everything Hazelmere told you'; 18:37 study scene panel gone; 19:01-19:22 near-invisible gnome walks in; 19:16-19:38 machine scene; 19:42 normal play back	No cut-in footage.
theeyesofglouphrie	The Eyes of Glouphrie	4	scene	found	rIkM_MjRwvY	https://www.youtube.com/watch?v=rIkM_MjRwvY&t=1478s	0:24:38	0:25:12	1478	1512	34	Blue Nimbus	20170511	2160	60.0	fixed			medium	The machine strips the creature's illusion, revealing an evil creature; cut-scene then dialogue.	24:37 camera pulls out from machine panel (close hand view 24:22-24:36), fade to black 24:38; 24:46 machine in cutscene view; 24:58-25:08 spider (evil creature, red eyes) revealed to Brimstail's dialogue 'what's happening? Zzzt!'; 25:11.5 normal play	Start is the fade after the hand-on-machine interface view, which is itself normal play with panel visible; end is first normal frame 25:11.5. No cut-in footage.
theeyesofglouphrie	The Eyes of Glouphrie	x1		found	rIkM_MjRwvY	https://www.youtube.com/watch?v=rIkM_MjRwvY&t=934s	0:15:34	0:17:09	934	1029	95	Blue Nimbus	20170511	2160	60.0	fixed			high		15:34 fade to black after Hazelmere says Oaknock made a machine; 15:40-17:05 King Healthorg, Glouphrie the Untrusted banished (chat 'Your empire will crash and gnomes will become free again'), side panel and minimap hidden; 17:09 normal pen view	Second half of the Hazelmere flashback (Glouphrie banishment), listed under row 2 in the batch. No cut-in footage.
thefremennikisles	The Fremennik Isles	1	scene	found	zBmIcHFt1yY	https://www.youtube.com/watch?v=zBmIcHFt1yY&t=3815s	1:03:35	1:04:53	3815	3893	78	Blue Nimbus	20170517	2160	60.0	fixed, panel blanked in cutscenes			high	A cutscene plays on entering the troll cave before the multicombat fight with the frenzied ice trolls.	fade to black 1:03:35 with side panel emptied 1:03:36; dark chat 'I'm lost. Soon I hoard recount the sword of the fighting' 1:03:40; cave-entrance shot with Bork Sigmundson, honour guards and player, dialogue 1:03:44-1:04:50 ('Hold your ground men', 'Get supplies'); black 1:04:51-1:04:52; panel+minimap back in the troll cave 1:04:53; multicombat troll fight follows 1:04:56	boundaries tightened at 0.5-1s; no spliced footage
thefremennikisles	The Fremennik Isles	2	camera	found	zBmIcHFt1yY	https://www.youtube.com/watch?v=zBmIcHFt1yY&t=4180s	1:09:40	1:09:44	4180	4184	4	Blue Nimbus	20170517	2160	60.0	fixed, panel blanked in cutscenes			medium	A short cut scene shows the Troll King moving towards you as you cross the bridge; he lands the first strike.	after the player climbs the ladder (fade 1:09:36-1:09:39), camera cuts to Ice Troll King close-up growling 1:09:40-1:09:42.5 then he drops in from above 1:09:43.5; right-click menu 'Attack Ice Troll King' at 1:09:44.5 means control is back	side panel and minimap stay visible during this short camera shot; happens after the ladder up, not literally on a bridge; black ladder fade 1:09:36 not counted; boundaries tightened at 0.5s
thefremennikisles	The Fremennik Isles	3	fade	found	zBmIcHFt1yY	https://www.youtube.com/watch?v=zBmIcHFt1yY&t=1224s	0:20:24	0:20:29	1224	1229	5	Blue Nimbus	20170517	2160	60.0	fixed, panel blanked in cutscenes			medium	The screen fades to black while the player performs a jester act, then Mawnis comments on it (repeats in the second performance).	player in jester outfit performing in Burgher hall (emote tab visible, minimap black) until 20:24; screen fades to black 20:24.5 with panel emptied 20:25-20:28.5; scene back dim 20:29 and normal 20:29.5 with Burgher chat 'Well done... better than the last'	the performance itself 0:19:22-0:20:24 is player-controlled with the emote tab and blank minimap, not a cutscene; only the fade-out is uncontrolled; the repeat performance near 0:50:00-0:51:00 was not timestamped; boundaries tightened at 0.5s
thegreatbrainrobbery	The Great Brain Robbery	1	scene	found	ImHFASuNUN8	https://www.youtube.com/watch?v=ImHFASuNUN8&t=773s	0:12:53	0:13:21	773	801	28	Slayermusiq1	20160507	720	30.0	fixed (2016 client, guide voice-over)	guide		high	Short cutscene of the player pondering where to get cats, then Elfinlocks walks past Rufus' store with a mechanical cat, inspiring the wooden-cat idea.	fade to black 0:12:53 right after Rufus dialogue 'Well at least I got him to agree to ship the crate'; minimap black and side panel emptied 0:12:58-0:13:20; Elfinlocks-style man with a mechanical cat ('Keep up, cat!') 0:13:06-0:13:10; chat line about wooden cats after 0:13:22	Other videos checked: Linkorb Gaming j-UeS2mSZqk (2021, 1080p, facecam) shows dialogues only and no interface-hiding cutscenes; chosen video is an old 2016 client so camera is old-style
thegreatbrainrobbery	The Great Brain Robbery	2	scene	found	ImHFASuNUN8	https://www.youtube.com/watch?v=ImHFASuNUN8&t=1066s	0:17:46	0:18:18	1066	1098	32	Slayermusiq1	20160507	720	30.0	fixed (2016 client, guide voice-over)	guide		high	Rufus arrives and inspects the crate of supposed cats while the player bluffs; ends with the shipping order handed over.	after 'You fill the crate with fake cats' player blows whistle; fade to black 0:17:46; side panel and minimap blank 0:17:48-0:18:17; Rufus beside the wooden crate at the ruined fort dialogue 'Well friend I take it you have...' and 'Here is the shipping orders. Just paste it'; chat then says pasted the shipping order to the crate and it vanishes	Rufus hands shipping order inside this range; Dr Fenkenstrain not seen in frame (crate hides him)
thegreatbrainrobbery	The Great Brain Robbery	3	scene	found	ImHFASuNUN8	https://www.youtube.com/watch?v=ImHFASuNUN8&t=1477s	0:24:37	0:25:07	1477	1507	30	Slayermusiq1	20160507	720	30.0	fixed (2016 client, guide voice-over)	guide		high	The gruesome brain operation is censored: the cutscene is replaced by a kitten playing with string and soothing music.	minimap black and camera jumps to dark octagonal operating room at 0:24:37 with Dr Fenkenstrain; player dialogue 'I have a hammer/cranial clamp/skull staples for you doctor'; kitten batting a red ball on green field at 0:24:48-0:24:52 with empty dialogue; back at the Harmony Island workshop 0:25:07 with Brother Tranquility 'Owwww'	Side panel inventory stays visible in this scene (only minimap black); the kitten inserts themselves are 0:24:48-0:24:52
theslugmenace	The Slug Menace	1	scene	not_a_cutscene	vy-g2RBL_do	https://www.youtube.com/watch?v=vy-g2RBL_do&t=318s	0:05:18	0:05:21	318	321	3	Blue Nimbus	20170511	2160	60.0	fixed			medium	A brief cutscene shows Mayor Hobb leaving the church after possessing Brother Maledict (trivia says his clothes turn pink in it).	Half-second sheets 0:05:13-0:05:28: player walks to the Witchaven church door, interface and minimap stay throughout, Mayor Hobb already at the door talking (chatbox 'Well hello there, welcome to our little village') from 0:05:20.5; no fade, no camera change	Blue Nimbus 2017 recording shows no leaving-the-church scene; not checked whether a later reworked version adds one. Other videos found but not checked: NzkNTW8JDrM, Gv438fMBzk4, Kw7jDSE529I. Marstead 8Yd_eJgwMwY first 15 min was unrelated content.
toweroflife	Tower of Life	1	scene	found	1z4zBdQUQUk	https://www.youtube.com/watch?v=1z4zBdQUQUk&t=1454s	0:24:14	0:27:02	1454	1622	168	Blue Nimbus	20170311	2160	60.0	fixed (old classic, 4:3 letterbox)			high	Long cutscene at the tower top in which the alchemists bring the Homunculus to life; it screams in its cage and the alchemists flee.	screen fades to black 0:24:14 with side panel and minimap gone; tower top with empty cage and alchemists 0:24:24; homunculus in cage, dialogue with Tiffy/Cornermoler, sparkles at 0:26:55; fade 0:27:00; panel back 0:27:02	Panel and minimap hidden throughout, no spliced footage. Homunculus fills the cage and alchemists talk; I did not see it scream/flee explicitly in frames (sampled every 5s) but the later outdoor scene 0:33:03 is listed as x1.
toweroflife	Tower of Life	x1		found	1z4zBdQUQUk	https://www.youtube.com/watch?v=1z4zBdQUQUk&t=1983s	0:33:03	0:34:05	1983	2045	62	Blue Nimbus	20170311	2160	60.0	fixed (old classic, 4:3 letterbox)			high		side panel and minimap gone 0:33:04; outside the tower alchemists and freed homunculus talk to the player; fade to black 0:34:00; interface back 0:34:05	Unlisted extra cutscene (dialogue outside the tower with the homunculus), no spliced footage.
troubledtortugans	Troubled Tortugans	1	camera	found	BPMMfCOaI34	https://www.youtube.com/watch?v=BPMMfCOaI34&t=38550s	10:42:30	10:42:49	38550	38569	19	Langsamt	20260523	1080	60.0	resizable classic (stretched-style chrome, modern-style orbs), HD-looking; no facecam			medium	A large ship departs the island while three Elders battle a Shellbane gryphon; the strange ship flees, then the gryphon fight begins.	sailing to Little Pearl; screen fades to black 10:42:30 with minimap and side panel blanked; red-sailed strange ship 10:42:32-10:42:34; player boat at island with gryphon 10:42:45-48; interface back 10:42:49 then Shellbane fight 10:42:52	11h ironman longplay (chapter Troubled Tortugans at 10:05:55), no commentary, no spliced footage. Saw strange red ship and boat, gryphon on island; did not clearly see Elders battling (frames every 1s, small tiles). Fade-to-black frames around 10:42:29-30 and 10:42:49-50.
twilightspromise	Twilight's Promise	1	scene	found	GgkoNUBY71Y	https://www.youtube.com/watch?v=GgkoNUBY71Y&t=339s	0:05:39	0:05:50	339	350	11	Slayermusiq1	20240320	1080	30.0	fixed classic stone (caption bar under video)	overlay,guide		high	Short cutscene: Azali dunks her head into the fountain to sober up.	fade to black 0:05:39 after player says 'Where's the nearest fountain?'; side panel and minimap blank 0:05:41-0:05:49; Azali (knight) at the fountain; interface back 0:05:50 and dialogue 'Oh bug...' 'Feeling a bit better now?' at 0:05:52	Dunking animation itself happens inside range; dialogue after 0:05:50 is normal play
twilightspromise	Twilight's Promise	2	scene	found	GgkoNUBY71Y	https://www.youtube.com/watch?v=GgkoNUBY71Y&t=640s	0:10:40	0:11:02	640	662	22	Slayermusiq1	20240320	1080	30.0	fixed classic stone (caption bar under video)	overlay,guide		high	The knights are lined up; Velam protests his innocence and is killed by Ennius, then the rest are dismissed.	fade to black 0:10:40; interface empty and minimap black 0:10:42-0:11:01; row of knights in the Tullus courtyard; Ennius 'Velam, step forward... your guilt has already been proven'; Velam falls at 0:10:53; 'The rest of you are dismissed'; fade out 0:11:00; interface back 0:11:02	Whole scene is 22 seconds with full player control removed
twilightspromise	Twilight's Promise	3	scene	found	GgkoNUBY71Y	https://www.youtube.com/watch?v=GgkoNUBY71Y&t=803s	0:13:23	0:13:35	803	815	12	Slayermusiq1	20240320	1080	30.0	fixed classic stone (caption bar under video)	overlay,guide		high	Player and Itzla return to find Servius gravely wounded; a guard reports Metzli vanished and carries Servius away.	screen dims 0:13:23 then black 0:13:24 right after the eighth cultist dies; interface empty 0:13:26-0:13:33; inside Teomat Prince Itzla 'What happened?!'; Guard 'none of the attackers made it inside. Metzli has disappeared'; fade out 0:13:33; minimap back 0:13:35	Servius being carried away is not clearly visible; scene matches guard report and Itzla dialogue
wanted	Wanted!	1	scene	not_in_video															medium	A recorded observation plays: Solus confronts Lord Daquarius and Ice Barrages his two Black Knight guards. Wiki update note calls these the Solus Dellagar cutscenes.	anchor 'Observation Orb Record begins' never appears in either video; player skips the optional Commorb replay at the castle	[pass2] Checked 4XiAdNrZdKw (Josh Laddz 2025, OSRS): White Knights' Castle visits 0:19:30-0:20:06 (Sir Amik Varze dialogue, interface and minimap stay, no 'Record begins' line, then teleports out to the garden) and 0:20:36-0:20:58 (climbs staircase to Amik's floor, quest log says 'Go back to Sir Amik Varze', 'Hello Sir Amik' then Savant talk in the garden); no Commorb used inside the castle, Commorb Playback menu absent, no replay. Mage of Zamorak seen only as live conversation 0:26:49-0:27:24 and Solus met live in Varrock 0:29:51-0:35 (not replays). Checked YiHKJZk5Xkw (RSMexk 2012 RS EoC client, not OSRS): castle visits 0:00:50-0:01:34 and 0:02:20-0:02:48 are live Sir Amik dialogue with interface visible, no record replay; Mage of Zamorak live dialogue 0:08:00.
wanted	Wanted!	2	scene	not_in_video															medium	A recorded observation plays: Solus teleports to the Chaos altar in Varrock and teleblocks and robs the Mage of Zamorak.	anchor 'Observation Orb Record begins' never appears in either video; player skips the optional Commorb replay at the castle	[pass2] Checked 4XiAdNrZdKw (Josh Laddz 2025, OSRS): White Knights' Castle visits 0:19:30-0:20:06 (Sir Amik Varze dialogue, interface and minimap stay, no 'Record begins' line, then teleports out to the garden) and 0:20:36-0:20:58 (climbs staircase to Amik's floor, quest log says 'Go back to Sir Amik Varze', 'Hello Sir Amik' then Savant talk in the garden); no Commorb used inside the castle, Commorb Playback menu absent, no replay. Mage of Zamorak seen only as live conversation 0:26:49-0:27:24 and Solus met live in Varrock 0:29:51-0:35 (not replays). Checked YiHKJZk5Xkw (RSMexk 2012 RS EoC client, not OSRS): castle visits 0:00:50-0:01:34 and 0:02:20-0:02:48 are live Sir Amik dialogue with interface visible, no record replay; Mage of Zamorak live dialogue 0:08:00.
wanted	Wanted!	3	fade	found	Dl5KZxjvcvo	https://www.youtube.com/watch?v=Dl5KZxjvcvo&t=2080s	0:34:40	0:36:28	2080	2188	108	Blue Nimbus	20170329	2160	60.0	fixed		TAvbSlZRf8Q,nZ1ppzxxla0	high	Solus throws smoke, the screen goes black, and the player recovers with Savant on the line.	screen darkens from 0:34:40, side panel and minimap blank by 0:34:56, Savant dialogue 'Keep up the chase... we nearly have him cornered' over black with skeleton bones; tabs and minimap back 0:36:27.5	boundaries tightened at 0.5s; no overlay, no facecam; 2017 upload (rendering of the Champion's Guild scan scene matches XPert 2024 0:14:40-0:15:30 black bones view)
wanted	Wanted!	4	scene	found	Dl5KZxjvcvo	https://www.youtube.com/watch?v=Dl5KZxjvcvo&t=2332s	0:38:52	0:39:45	2332	2385	53	Blue Nimbus	20170329	2160	60.0	fixed		nZ1ppzxxla0	high	A small cutscene plays, then Savant summons 15 rangers whom Solus kills with Ice Barrage before the final fight.	teleport at Rune Essence spot fade 0:38:52, side panel vanishes 0:38:55, Savant 'There he is!' with Solus on the ramp, Temple Knight rangers group 0:39:35, ice barrage cubes 0:39:42, interface back 0:39:44.5	both boundaries tightened at 0.5s; covers the rangers summon and Ice Barrage; the final fight starts after the end
whatliesbelow	What Lies Below	1	scene	found	DY65MqcIcY0	https://www.youtube.com/watch?v=DY65MqcIcY0&t=1077s	0:17:57	0:18:07	1077	1087	10	Blue Nimbus	20170601	2160	60.0	fixed			high	The room darkens; Surok casts a corrupting spell on King Roald, who turns on the player and starts the fight.	"screen fades 0:17:57; dialogue ""The room grows dark and you sense objects moving""; Roald in red robes at door 0:18:03; interface panel stays but minimap black; camera back overhead with fight 0:18:07"	interface tabs remain throughout; camera low angle
whatliesbelow	What Lies Below	2	scene	found	DY65MqcIcY0	https://www.youtube.com/watch?v=DY65MqcIcY0&t=1116s	0:18:36	0:19:20	1116	1160	44	Blue Nimbus	20170601	2160	60.0	fixed			high	Zaff appears, lifts the curse from Roald and teleports him away, then subdues Surok with a confuse spell; the cutscene ends and the room grows dark again.	"side panel and minimap vanish 0:18:36 while Roald fight is under way (Zaff ring); Zaff/Surok/Roald low-angle 0:18:56; dialogue ""room grows dark again"" 0:19:19; panel back 0:19:20"	
whileguthixsleeps	While Guthix Sleeps	1	scene	found	sLm15UsHujw	https://www.youtube.com/watch?v=sLm15UsHujw&t=1438s	0:23:58	0:24:09	1438	1449	11	plizzardd	20250612	1080	60.0	resizable modern (dark transparent panels), no facecam		TqwLYAkbPjY,2xRQKIOwMh4	medium	Mercenaries attack the Guardians of Armadyl in a scripted scene before you fight the axemen and mage.	screen fades to black 0:23:58-0:24:00; low camera in a forest by a fence and blue-roofed house with three outlined figures and mage effects 0:24:01-0:24:08; camera back to high 0:24:09; side panel stays on screen throughout. Sedgehun video (TqwLYAkbPjY) does not show it: its mercenary-trio clip starts with the interface visible at 1:40	matches 'mercenaries attack the Guardians' but it is a forest at a fence rather than the building interior the row names; interface is not hidden in this scene; start is the fade beginning
whileguthixsleeps	While Guthix Sleeps	2	scene	found	TqwLYAkbPjY	https://www.youtube.com/watch?v=TqwLYAkbPjY&t=181s	0:03:01	0:03:36	181	216	35	Sedgehun	20250516	1440	60.0	resizable classic, no facecam	edited compilation	sLm15UsHujw,2xRQKIOwMh4	high	A druid tries to coax the spy into drinking the truth serum; the spy kicks him and breaks the juice.	fade to black 3:01-3:02, side panel and chatbox gone, close camera on the cage; druid in white robe with a blue juice vial goes to the cage 3:16-3:26; spy in dark robe at the bars; dialogue 'Did you really think I'd fall for that?' 3:28-3:30; fade out 3:34-3:35, normal interface 3:36	spy kick / broken juice itself not fully visible, scene identified by druid with vial and caged spy
whileguthixsleeps	While Guthix Sleeps	3	scene	found	TqwLYAkbPjY	https://www.youtube.com/watch?v=TqwLYAkbPjY&t=315s	0:05:15	0:05:39	315	339	24	Sedgehun	20250516	1440	60.0	resizable classic, no facecam	edited compilation	2xRQKIOwMh4	high	You stumble into the real Dark Squall, revealed to be Surok Magis.	normal play at the ladder 5:13 with Elite Black Knight dialogue; fade to black 5:15-5:17; inventory gone, low camera in the dark base with a knight and a red-robed figure 5:18-5:32; dark-hatted figure appears 5:32-5:38 (Sedgehun title card '3rd boss: Surok Magis' overlaid 5:34); interface panel returns 5:39-5:40	end is when the panel reappears (5:39 black fade-in, 5:41 fight)
whileguthixsleeps	While Guthix Sleeps	4	scene	found	TqwLYAkbPjY	https://www.youtube.com/watch?v=TqwLYAkbPjY&t=535s	0:08:55	0:11:44	535	704	169	Sedgehun	20250516	1440	60.0	resizable classic, no facecam	edited compilation	2xRQKIOwMh4	medium	Lucien with the Staff of Armadyl raises Undead Heroes, spots you through your disguise and blasts at you; Hazelmere calls the heroes to teleport.	after Surok fight, snowy tele 8:49-8:54 with interface, fade to black 8:55; no side panel 8:55-11:43 on a dark castle wall with gold-armoured Guardians, skeletons and many NPCs (9:20-10:40), cloaked mage with star on blue cape on the wall 11:00-11:40, dialogue boxes; panel and chatbox return 11:44	content matches Lucien/undead heroes/Hazelmere; I did not read every dialogue line; boundaries tightened to 1s
whileguthixsleeps	While Guthix Sleeps	5	scene	found	TqwLYAkbPjY	https://www.youtube.com/watch?v=TqwLYAkbPjY&t=770s	0:12:50	0:13:44	770	824	54	Sedgehun	20250516	1440	60.0	resizable classic, no facecam	edited compilation	2xRQKIOwMh4	high	You find the Stone of Jas and the Balance Elemental forms and speaks to you before the fight.	fade to black 12:49-12:51 with panel gone, camera follows the player through a cavern 12:52-12:58 then pans across pillars to the Stone of Jas orb 12:59-13:08, green creature forms by the orb 13:08-13:11, Balance Elemental dialogue boxes 13:20-13:42, fade 13:43, interface and fight 13:44	the statue-puzzle camera pan 12:19-12:30 keeps the interface and is not included
whileguthixsleeps	While Guthix Sleeps	6	scene	found	TqwLYAkbPjY	https://www.youtube.com/watch?v=TqwLYAkbPjY&t=1014s	0:16:54	0:19:33	1014	1173	159	Sedgehun	20250516	1440	60.0	resizable classic, no facecam	edited compilation	2xRQKIOwMh4	medium	A vision of past stone-users, then Movario and Darve appear and Lucien teleports in, takes the Stone and summons two Tormented Demons; Idria and Guardians teleport in.	fade to black 16:54, panel gone; vision close-up of the Stone on cracked rock 16:56-17:08 with 'Mysterious voice' and Tormado dialogue, red battlefield 17:10-17:15, star floor 17:17-17:23; Movario/Darve appear at the orb 17:25-17:30; panel returns 17:32 but the camera stays fixed with scripted dialogue as Lucien, Idria and Guardians speak at the orb until 19:31-19:33 when the demons spawn and the boss fight starts 19:35	true interface-less part is 16:54-17:31; end 19:33 is where scripted dialogue stops and the fight title card appears, approximate
whileguthixsleeps	While Guthix Sleeps	7	scene	found	2xRQKIOwMh4	https://www.youtube.com/watch?v=2xRQKIOwMh4&t=8496s	2:21:36	2:23:29	8496	8609	113	Timaeus OSRS	20250822	1016	60.0	resizable classic, facecam and notes overlay	facecam,overlay,guide	TqwLYAkbPjY	high	Three Dragonkin break free from stasis in the Lithkren Vault, note Zorgoth is dead and plan terror; intro is a minute long and unskippable.	fade out 2:21:36 from the Falador castle cage area, interface gone 2:21:37; title 'Meanwhile' then Lithkren Vault with circular floor 2:22:00, vault tank and cracked capsule with Dragonkin emerging 2:22:20-2:22:35, three cloaked Dragonkin with Sakirth/Strisath dialogue 2:22:40-2:23:26; interface returns 2:23:28, quest complete scroll 2:23:30	Sedgehun TqwLYAkbPjY shows the start at 21:16 ('Meanwhile' card) but its video ends at 22:58 mid-scene, so Timaeus is the full recording; crop has facecam on the left
whileguthixsleeps	While Guthix Sleeps	x1		found	TqwLYAkbPjY	https://www.youtube.com/watch?v=TqwLYAkbPjY&t=217s	0:03:37	0:05:07	217	307	90	Sedgehun	20250516	1440	60.0	resizable classic, no facecam	edited compilation	sLm15UsHujw,2xRQKIOwMh4	medium		fade to black 3:37-3:38 right after the spy scene; interface gone, low camera at the cage with a knight, two robed figures and a farmer; dialogue boxes (Miriam/Hazelmere style) 3:40-5:06; fade out 5:06, interface back 5:07.5	an extra scripted scene in 'Capturing a spy' not in the batch; dialogue text not read, so the content is only identified as a cutscene, not matched to a summary
zogreflesheaters	Zogre Flesh Eaters	1	camera	not_a_cutscene	Z5tp4-5nDDA	https://www.youtube.com/watch?v=Z5tp4-5nDDA&t=226s	0:03:46	0:03:58	226	238	12	Blue Nimbus	20170525	2160	60.0	fixed (old classic, 4:3 letterbox)			high	Short cutscene on entering the charred, blackened room showing the explosion damage; the text gives no further stage directions.	"chatbox ""You enter the blackened, charred area - it looks like some sort of explosion has taken place"" 0:03:48-0:03:58 while side panel and minimap stay on screen; camera pans over wrecked room 0:03:54-0:03:58"	Interface stays and player keeps control; only a scripted camera pan with chatbox text. No spliced footage. Only other full-video option not checked.
