raid,event,tick,down_number,walk_ticks,hand_count,bloat_hp_pct
0040a5bf-747d-4261-87b2-d3bdfeb4d654,hands_drop,29,,,16,89.0
0040a5bf-747d-4261-87b2-d3bdfeb4d654,hands_splat,32,,,16,87.33
0040a5bf-747d-4261-87b2-d3bdfeb4d654,hands_drop,35,,,16,85.53
0040a5bf-747d-4261-87b2-d3bdfeb4d654,hands_splat,38,,,16,81.53
0040a5bf-747d-4261-87b2-d3bdfeb4d654,hands_drop,41,,,16,81.53
0040a5bf-747d-4261-87b2-d3bdfeb4d654,down,42,1,42,,
0040a5bf-747d-4261-87b2-d3bdfeb4d654,hands_splat,44,,,16,76.0
0040a5bf-747d-4261-87b2-d3bdfeb4d654,up,75,,,,
0040a5bf-747d-4261-87b2-d3bdfeb4d654,hands_drop,79,,,16,29.07
0040a5bf-747d-4261-87b2-d3bdfeb4d654,hands_splat,82,,,16,29.0
0040a5bf-747d-4261-87b2-d3bdfeb4d654,hands_drop,83,,,16,29.0
0040a5bf-747d-4261-87b2-d3bdfeb4d654,hands_splat,86,,,16,28.93
0040a5bf-747d-4261-87b2-d3bdfeb4d654,hands_drop,87,,,16,28.93
0040a5bf-747d-4261-87b2-d3bdfeb4d654,hands_splat,90,,,16,28.93
0040a5bf-747d-4261-87b2-d3bdfeb4d654,hands_drop,91,,,16,28.93
0040a5bf-747d-4261-87b2-d3bdfeb4d654,hands_splat,94,,,16,28.93
0040a5bf-747d-4261-87b2-d3bdfeb4d654,hands_drop,95,,,16,28.93
0040a5bf-747d-4261-87b2-d3bdfeb4d654,hands_splat,98,,,16,28.93
0040a5bf-747d-4261-87b2-d3bdfeb4d654,hands_drop,99,,,16,28.93
0040a5bf-747d-4261-87b2-d3bdfeb4d654,hands_splat,102,,,16,28.93
0040a5bf-747d-4261-87b2-d3bdfeb4d654,hands_drop,103,,,15,28.93
0040a5bf-747d-4261-87b2-d3bdfeb4d654,hands_splat,106,,,15,28.93
0040a5bf-747d-4261-87b2-d3bdfeb4d654,hands_drop,107,,,16,28.93
0040a5bf-747d-4261-87b2-d3bdfeb4d654,hands_splat,110,,,16,28.93
0040a5bf-747d-4261-87b2-d3bdfeb4d654,down,111,2,35,,
0040a5bf-747d-4261-87b2-d3bdfeb4d654,hands_drop,111,,,15,28.93
0040a5bf-747d-4261-87b2-d3bdfeb4d654,hands_splat,114,,,15,28.93
047e7ac7-29df-44b2-9127-634f58377161,down,45,1,45,,
047e7ac7-29df-44b2-9127-634f58377161,up,78,,,,
047e7ac7-29df-44b2-9127-634f58377161,hands_drop,78,,,16,41.73
047e7ac7-29df-44b2-9127-634f58377161,hands_splat,81,,,16,41.67
047e7ac7-29df-44b2-9127-634f58377161,hands_drop,84,,,16,41.67
047e7ac7-29df-44b2-9127-634f58377161,hands_splat,87,,,16,41.6
047e7ac7-29df-44b2-9127-634f58377161,hands_drop,90,,,15,41.6
047e7ac7-29df-44b2-9127-634f58377161,hands_splat,93,,,15,41.53
047e7ac7-29df-44b2-9127-634f58377161,hands_drop,96,,,16,41.53
047e7ac7-29df-44b2-9127-634f58377161,hands_splat,99,,,16,41.53
047e7ac7-29df-44b2-9127-634f58377161,hands_drop,102,,,16,41.53
047e7ac7-29df-44b2-9127-634f58377161,hands_splat,105,,,16,41.53
047e7ac7-29df-44b2-9127-634f58377161,hands_drop,108,,,16,41.53
047e7ac7-29df-44b2-9127-634f58377161,hands_splat,111,,,16,41.53
047e7ac7-29df-44b2-9127-634f58377161,down,113,2,34,,
0ffb0fcb-8ebe-428d-8cff-19d4d96aa345,down,42,1,42,,
0ffb0fcb-8ebe-428d-8cff-19d4d96aa345,up,75,,,,
0ffb0fcb-8ebe-428d-8cff-19d4d96aa345,hands_drop,75,,,16,46.57
0ffb0fcb-8ebe-428d-8cff-19d4d96aa345,hands_splat,78,,,16,46.57
0ffb0fcb-8ebe-428d-8cff-19d4d96aa345,hands_drop,81,,,16,46.51
0ffb0fcb-8ebe-428d-8cff-19d4d96aa345,hands_splat,84,,,16,46.51
0ffb0fcb-8ebe-428d-8cff-19d4d96aa345,hands_drop,87,,,16,46.51
0ffb0fcb-8ebe-428d-8cff-19d4d96aa345,hands_splat,90,,,16,46.51
0ffb0fcb-8ebe-428d-8cff-19d4d96aa345,hands_drop,93,,,16,46.51
0ffb0fcb-8ebe-428d-8cff-19d4d96aa345,hands_splat,96,,,16,46.51
0ffb0fcb-8ebe-428d-8cff-19d4d96aa345,hands_drop,99,,,16,46.51
0ffb0fcb-8ebe-428d-8cff-19d4d96aa345,hands_splat,102,,,16,46.51
0ffb0fcb-8ebe-428d-8cff-19d4d96aa345,hands_drop,105,,,16,46.51
0ffb0fcb-8ebe-428d-8cff-19d4d96aa345,hands_splat,108,,,16,46.51
0ffb0fcb-8ebe-428d-8cff-19d4d96aa345,hands_drop,111,,,15,46.51
0ffb0fcb-8ebe-428d-8cff-19d4d96aa345,down,112,2,36,,
0ffb0fcb-8ebe-428d-8cff-19d4d96aa345,hands_splat,114,,,15,46.51
1a197ddf-6942-47d2-9ad8-e9c5c82a3a80,hands_drop,0,,,16,100.0
1a197ddf-6942-47d2-9ad8-e9c5c82a3a80,hands_splat,3,,,16,100.0
1a197ddf-6942-47d2-9ad8-e9c5c82a3a80,hands_drop,6,,,16,100.0
1a197ddf-6942-47d2-9ad8-e9c5c82a3a80,hands_splat,9,,,16,100.0
1a197ddf-6942-47d2-9ad8-e9c5c82a3a80,hands_drop,12,,,16,98.67
1a197ddf-6942-47d2-9ad8-e9c5c82a3a80,hands_splat,15,,,16,98.67
1a197ddf-6942-47d2-9ad8-e9c5c82a3a80,hands_drop,18,,,16,98.67
1a197ddf-6942-47d2-9ad8-e9c5c82a3a80,hands_splat,21,,,16,98.67
1a197ddf-6942-47d2-9ad8-e9c5c82a3a80,hands_drop,24,,,15,98.61
1a197ddf-6942-47d2-9ad8-e9c5c82a3a80,hands_splat,27,,,15,98.56
1a197ddf-6942-47d2-9ad8-e9c5c82a3a80,hands_drop,30,,,15,98.5
1a197ddf-6942-47d2-9ad8-e9c5c82a3a80,hands_splat,33,,,15,98.44
1a197ddf-6942-47d2-9ad8-e9c5c82a3a80,hands_drop,36,,,15,98.44
1a197ddf-6942-47d2-9ad8-e9c5c82a3a80,hands_splat,39,,,15,98.44
1a197ddf-6942-47d2-9ad8-e9c5c82a3a80,down,40,1,40,,
1a197ddf-6942-47d2-9ad8-e9c5c82a3a80,hands_drop,42,,,16,97.44
1a197ddf-6942-47d2-9ad8-e9c5c82a3a80,hands_splat,45,,,16,97.28
1a197ddf-6942-47d2-9ad8-e9c5c82a3a80,hands_drop,48,,,16,92.06
1a197ddf-6942-47d2-9ad8-e9c5c82a3a80,hands_splat,51,,,16,89.39
1a197ddf-6942-47d2-9ad8-e9c5c82a3a80,hands_drop,54,,,16,89.28
1a197ddf-6942-47d2-9ad8-e9c5c82a3a80,hands_splat,57,,,16,88.28
1a197ddf-6942-47d2-9ad8-e9c5c82a3a80,hands_drop,60,,,16,88.11
1a197ddf-6942-47d2-9ad8-e9c5c82a3a80,hands_splat,63,,,16,86.67
1a197ddf-6942-47d2-9ad8-e9c5c82a3a80,hands_drop,66,,,15,84.39
1a197ddf-6942-47d2-9ad8-e9c5c82a3a80,hands_splat,69,,,15,84.39
1a197ddf-6942-47d2-9ad8-e9c5c82a3a80,hands_drop,72,,,16,84.0
1a197ddf-6942-47d2-9ad8-e9c5c82a3a80,up,73,,,,
1a197ddf-6942-47d2-9ad8-e9c5c82a3a80,hands_splat,75,,,16,84.0
1a197ddf-6942-47d2-9ad8-e9c5c82a3a80,hands_drop,78,,,14,84.0
1a197ddf-6942-47d2-9ad8-e9c5c82a3a80,hands_splat,81,,,14,84.0
1a197ddf-6942-47d2-9ad8-e9c5c82a3a80,hands_drop,84,,,16,83.94
1a197ddf-6942-47d2-9ad8-e9c5c82a3a80,hands_splat,87,,,16,83.89
1a197ddf-6942-47d2-9ad8-e9c5c82a3a80,hands_drop,90,,,16,82.44
1a197ddf-6942-47d2-9ad8-e9c5c82a3a80,hands_splat,93,,,16,82.44
1a197ddf-6942-47d2-9ad8-e9c5c82a3a80,hands_drop,96,,,15,82.44
1a197ddf-6942-47d2-9ad8-e9c5c82a3a80,hands_splat,99,,,15,82.44
1a197ddf-6942-47d2-9ad8-e9c5c82a3a80,hands_drop,102,,,16,82.44
1a197ddf-6942-47d2-9ad8-e9c5c82a3a80,hands_splat,105,,,16,82.39
1a197ddf-6942-47d2-9ad8-e9c5c82a3a80,hands_drop,108,,,15,82.39
1a197ddf-6942-47d2-9ad8-e9c5c82a3a80,hands_splat,111,,,15,82.39
1a197ddf-6942-47d2-9ad8-e9c5c82a3a80,down,112,2,38,,
1a197ddf-6942-47d2-9ad8-e9c5c82a3a80,hands_drop,114,,,16,82.22
1a197ddf-6942-47d2-9ad8-e9c5c82a3a80,hands_splat,117,,,16,82.22
1a197ddf-6942-47d2-9ad8-e9c5c82a3a80,hands_drop,120,,,16,80.83
1a197ddf-6942-47d2-9ad8-e9c5c82a3a80,hands_splat,123,,,16,78.67
1a197ddf-6942-47d2-9ad8-e9c5c82a3a80,hands_drop,126,,,14,77.94
1a197ddf-6942-47d2-9ad8-e9c5c82a3a80,hands_splat,129,,,14,75.94
1a197ddf-6942-47d2-9ad8-e9c5c82a3a80,hands_drop,132,,,14,73.39
1a197ddf-6942-47d2-9ad8-e9c5c82a3a80,hands_splat,135,,,14,73.28
1a197ddf-6942-47d2-9ad8-e9c5c82a3a80,hands_drop,138,,,16,72.67
1a197ddf-6942-47d2-9ad8-e9c5c82a3a80,hands_splat,141,,,16,72.67
1a197ddf-6942-47d2-9ad8-e9c5c82a3a80,hands_drop,144,,,16,69.89
1a197ddf-6942-47d2-9ad8-e9c5c82a3a80,up,145,,,,
1a197ddf-6942-47d2-9ad8-e9c5c82a3a80,hands_splat,147,,,16,69.89
1a197ddf-6942-47d2-9ad8-e9c5c82a3a80,hands_drop,150,,,16,69.89
1a197ddf-6942-47d2-9ad8-e9c5c82a3a80,hands_splat,153,,,16,69.83
1a197ddf-6942-47d2-9ad8-e9c5c82a3a80,hands_drop,156,,,16,69.78
1a197ddf-6942-47d2-9ad8-e9c5c82a3a80,hands_splat,159,,,16,69.78
1a197ddf-6942-47d2-9ad8-e9c5c82a3a80,hands_drop,162,,,16,69.78
1a197ddf-6942-47d2-9ad8-e9c5c82a3a80,hands_splat,165,,,16,69.5
1a197ddf-6942-47d2-9ad8-e9c5c82a3a80,hands_drop,168,,,15,69.5
1a197ddf-6942-47d2-9ad8-e9c5c82a3a80,hands_splat,171,,,15,69.5
1a197ddf-6942-47d2-9ad8-e9c5c82a3a80,hands_drop,174,,,16,69.5
1a197ddf-6942-47d2-9ad8-e9c5c82a3a80,hands_splat,177,,,16,69.5
1a197ddf-6942-47d2-9ad8-e9c5c82a3a80,hands_drop,180,,,15,69.44
1a197ddf-6942-47d2-9ad8-e9c5c82a3a80,hands_splat,183,,,15,69.44
1a197ddf-6942-47d2-9ad8-e9c5c82a3a80,down,184,3,38,,
1a197ddf-6942-47d2-9ad8-e9c5c82a3a80,hands_drop,186,,,16,69.39
1a197ddf-6942-47d2-9ad8-e9c5c82a3a80,hands_splat,189,,,16,69.39
1a197ddf-6942-47d2-9ad8-e9c5c82a3a80,hands_drop,192,,,15,67.56
1a197ddf-6942-47d2-9ad8-e9c5c82a3a80,hands_splat,195,,,15,63.67
1a197ddf-6942-47d2-9ad8-e9c5c82a3a80,hands_drop,198,,,16,63.56
1a197ddf-6942-47d2-9ad8-e9c5c82a3a80,hands_splat,201,,,16,60.17
1a197ddf-6942-47d2-9ad8-e9c5c82a3a80,hands_drop,204,,,15,60.0
1a197ddf-6942-47d2-9ad8-e9c5c82a3a80,hands_splat,207,,,15,56.72
1a197ddf-6942-47d2-9ad8-e9c5c82a3a80,hands_drop,210,,,15,53.39
1a197ddf-6942-47d2-9ad8-e9c5c82a3a80,hands_splat,213,,,15,53.22
1a197ddf-6942-47d2-9ad8-e9c5c82a3a80,hands_drop,216,,,16,51.67
1a197ddf-6942-47d2-9ad8-e9c5c82a3a80,up,217,,,,
1a197ddf-6942-47d2-9ad8-e9c5c82a3a80,hands_splat,219,,,16,51.67
1a197ddf-6942-47d2-9ad8-e9c5c82a3a80,hands_drop,222,,,15,51.61
1a197ddf-6942-47d2-9ad8-e9c5c82a3a80,hands_splat,225,,,15,51.61
1a197ddf-6942-47d2-9ad8-e9c5c82a3a80,hands_drop,228,,,16,51.61
1a197ddf-6942-47d2-9ad8-e9c5c82a3a80,hands_splat,231,,,16,50.72
1a197ddf-6942-47d2-9ad8-e9c5c82a3a80,hands_drop,234,,,16,50.72
1a197ddf-6942-47d2-9ad8-e9c5c82a3a80,hands_splat,237,,,16,50.11
1a197ddf-6942-47d2-9ad8-e9c5c82a3a80,hands_drop,240,,,16,50.11
1a197ddf-6942-47d2-9ad8-e9c5c82a3a80,hands_splat,243,,,16,49.06
1a197ddf-6942-47d2-9ad8-e9c5c82a3a80,hands_drop,246,,,16,49.06
1a197ddf-6942-47d2-9ad8-e9c5c82a3a80,hands_splat,249,,,16,49.06
1a197ddf-6942-47d2-9ad8-e9c5c82a3a80,hands_drop,252,,,16,49.0
1a197ddf-6942-47d2-9ad8-e9c5c82a3a80,hands_splat,255,,,16,48.94
1a197ddf-6942-47d2-9ad8-e9c5c82a3a80,down,256,4,38,,
1a197ddf-6942-47d2-9ad8-e9c5c82a3a80,hands_drop,258,,,16,47.94
1a197ddf-6942-47d2-9ad8-e9c5c82a3a80,hands_splat,261,,,16,46.0
1a197ddf-6942-47d2-9ad8-e9c5c82a3a80,hands_drop,264,,,16,45.89
1a197ddf-6942-47d2-9ad8-e9c5c82a3a80,hands_splat,267,,,16,43.78
1a197ddf-6942-47d2-9ad8-e9c5c82a3a80,hands_drop,270,,,16,42.89
1a197ddf-6942-47d2-9ad8-e9c5c82a3a80,hands_splat,273,,,16,40.67
1a197ddf-6942-47d2-9ad8-e9c5c82a3a80,hands_drop,276,,,15,40.67
1a197ddf-6942-47d2-9ad8-e9c5c82a3a80,hands_splat,279,,,15,39.0
1a197ddf-6942-47d2-9ad8-e9c5c82a3a80,hands_drop,282,,,16,39.0
1a197ddf-6942-47d2-9ad8-e9c5c82a3a80,hands_splat,285,,,16,36.44
1a197ddf-6942-47d2-9ad8-e9c5c82a3a80,hands_drop,286,,,16,36.44
1a197ddf-6942-47d2-9ad8-e9c5c82a3a80,up,289,,,,
1a197ddf-6942-47d2-9ad8-e9c5c82a3a80,hands_splat,289,,,16,35.11
1a197ddf-6942-47d2-9ad8-e9c5c82a3a80,hands_drop,290,,,14,35.11
1a197ddf-6942-47d2-9ad8-e9c5c82a3a80,hands_splat,293,,,14,35.11
1a197ddf-6942-47d2-9ad8-e9c5c82a3a80,hands_drop,294,,,16,35.11
1a197ddf-6942-47d2-9ad8-e9c5c82a3a80,hands_splat,297,,,16,35.11
1a197ddf-6942-47d2-9ad8-e9c5c82a3a80,hands_drop,298,,,16,35.11
1a197ddf-6942-47d2-9ad8-e9c5c82a3a80,hands_splat,301,,,16,35.11
1a197ddf-6942-47d2-9ad8-e9c5c82a3a80,hands_drop,302,,,16,35.06
1a197ddf-6942-47d2-9ad8-e9c5c82a3a80,hands_splat,305,,,16,35.06
1a197ddf-6942-47d2-9ad8-e9c5c82a3a80,hands_drop,306,,,16,35.0
1a197ddf-6942-47d2-9ad8-e9c5c82a3a80,hands_splat,309,,,16,35.0
1a197ddf-6942-47d2-9ad8-e9c5c82a3a80,hands_drop,310,,,16,35.0
1a197ddf-6942-47d2-9ad8-e9c5c82a3a80,hands_splat,313,,,16,35.0
1a197ddf-6942-47d2-9ad8-e9c5c82a3a80,hands_drop,314,,,16,34.94
1a197ddf-6942-47d2-9ad8-e9c5c82a3a80,hands_splat,317,,,16,34.94
1a197ddf-6942-47d2-9ad8-e9c5c82a3a80,hands_drop,318,,,15,34.94
1a197ddf-6942-47d2-9ad8-e9c5c82a3a80,hands_splat,321,,,15,34.94
1a197ddf-6942-47d2-9ad8-e9c5c82a3a80,hands_drop,322,,,15,34.89
1a197ddf-6942-47d2-9ad8-e9c5c82a3a80,hands_splat,325,,,15,34.89
1a197ddf-6942-47d2-9ad8-e9c5c82a3a80,hands_drop,326,,,15,34.83
1a197ddf-6942-47d2-9ad8-e9c5c82a3a80,hands_splat,329,,,15,34.83
1a197ddf-6942-47d2-9ad8-e9c5c82a3a80,hands_drop,330,,,15,34.83
1a197ddf-6942-47d2-9ad8-e9c5c82a3a80,hands_splat,333,,,15,34.83
1a197ddf-6942-47d2-9ad8-e9c5c82a3a80,hands_drop,334,,,15,34.83
1a197ddf-6942-47d2-9ad8-e9c5c82a3a80,down,337,5,47,,
1a197ddf-6942-47d2-9ad8-e9c5c82a3a80,hands_splat,337,,,15,34.83
1a197ddf-6942-47d2-9ad8-e9c5c82a3a80,hands_drop,338,,,16,34.83
1a197ddf-6942-47d2-9ad8-e9c5c82a3a80,hands_splat,341,,,16,34.83
1a197ddf-6942-47d2-9ad8-e9c5c82a3a80,hands_drop,342,,,16,34.83
1a197ddf-6942-47d2-9ad8-e9c5c82a3a80,hands_splat,345,,,16,32.72
1a197ddf-6942-47d2-9ad8-e9c5c82a3a80,hands_drop,346,,,16,32.72
1a197ddf-6942-47d2-9ad8-e9c5c82a3a80,hands_splat,349,,,16,27.72
1a197ddf-6942-47d2-9ad8-e9c5c82a3a80,hands_drop,350,,,16,27.61
1a197ddf-6942-47d2-9ad8-e9c5c82a3a80,hands_splat,353,,,16,27.61
1a197ddf-6942-47d2-9ad8-e9c5c82a3a80,hands_drop,354,,,16,24.39
1a197ddf-6942-47d2-9ad8-e9c5c82a3a80,hands_splat,357,,,16,24.39
1a197ddf-6942-47d2-9ad8-e9c5c82a3a80,hands_drop,358,,,16,24.39
1a197ddf-6942-47d2-9ad8-e9c5c82a3a80,hands_splat,361,,,16,23.0
1a197ddf-6942-47d2-9ad8-e9c5c82a3a80,hands_drop,362,,,16,23.0
1a197ddf-6942-47d2-9ad8-e9c5c82a3a80,hands_splat,365,,,16,20.0
1a197ddf-6942-47d2-9ad8-e9c5c82a3a80,hands_drop,366,,,16,20.0
1a197ddf-6942-47d2-9ad8-e9c5c82a3a80,hands_splat,369,,,16,16.89
1a197ddf-6942-47d2-9ad8-e9c5c82a3a80,up,370,,,,
1a197ddf-6942-47d2-9ad8-e9c5c82a3a80,hands_drop,370,,,16,16.89
1a197ddf-6942-47d2-9ad8-e9c5c82a3a80,hands_splat,373,,,16,16.89
1a197ddf-6942-47d2-9ad8-e9c5c82a3a80,hands_drop,374,,,16,16.83
1a197ddf-6942-47d2-9ad8-e9c5c82a3a80,hands_splat,377,,,16,16.83
1a197ddf-6942-47d2-9ad8-e9c5c82a3a80,hands_drop,378,,,16,16.83
1a197ddf-6942-47d2-9ad8-e9c5c82a3a80,hands_splat,381,,,16,16.83
1a197ddf-6942-47d2-9ad8-e9c5c82a3a80,hands_drop,382,,,16,16.83
1a197ddf-6942-47d2-9ad8-e9c5c82a3a80,hands_splat,385,,,16,16.78
1a197ddf-6942-47d2-9ad8-e9c5c82a3a80,hands_drop,386,,,16,16.78
1a197ddf-6942-47d2-9ad8-e9c5c82a3a80,hands_splat,389,,,16,16.78
1a197ddf-6942-47d2-9ad8-e9c5c82a3a80,hands_drop,390,,,15,16.78
1a197ddf-6942-47d2-9ad8-e9c5c82a3a80,hands_splat,393,,,15,16.72
1a197ddf-6942-47d2-9ad8-e9c5c82a3a80,hands_drop,394,,,15,15.28
1a197ddf-6942-47d2-9ad8-e9c5c82a3a80,hands_splat,397,,,15,15.22
1a197ddf-6942-47d2-9ad8-e9c5c82a3a80,hands_drop,398,,,16,15.22
1a197ddf-6942-47d2-9ad8-e9c5c82a3a80,hands_splat,401,,,16,15.17
1a197ddf-6942-47d2-9ad8-e9c5c82a3a80,hands_drop,402,,,16,15.17
1a197ddf-6942-47d2-9ad8-e9c5c82a3a80,hands_splat,405,,,16,15.17
1a197ddf-6942-47d2-9ad8-e9c5c82a3a80,hands_drop,406,,,16,15.17
1a197ddf-6942-47d2-9ad8-e9c5c82a3a80,hands_splat,409,,,16,15.17
1a197ddf-6942-47d2-9ad8-e9c5c82a3a80,down,410,6,39,,
1a197ddf-6942-47d2-9ad8-e9c5c82a3a80,hands_drop,410,,,15,15.17
1a197ddf-6942-47d2-9ad8-e9c5c82a3a80,hands_splat,413,,,15,15.17
1a197ddf-6942-47d2-9ad8-e9c5c82a3a80,hands_drop,414,,,16,15.17
1a197ddf-6942-47d2-9ad8-e9c5c82a3a80,hands_splat,417,,,16,11.0
1a197ddf-6942-47d2-9ad8-e9c5c82a3a80,hands_drop,418,,,16,11.0
1a197ddf-6942-47d2-9ad8-e9c5c82a3a80,hands_splat,421,,,16,6.72
1a197ddf-6942-47d2-9ad8-e9c5c82a3a80,hands_drop,422,,,16,6.72
1a197ddf-6942-47d2-9ad8-e9c5c82a3a80,hands_splat,425,,,16,3.33
1a197ddf-6942-47d2-9ad8-e9c5c82a3a80,hands_drop,426,,,16,3.33
1a197ddf-6942-47d2-9ad8-e9c5c82a3a80,hands_splat,429,,,16,3.17
1a197ddf-6942-47d2-9ad8-e9c5c82a3a80,hands_drop,430,,,16,0.89
1a197ddf-6942-47d2-9ad8-e9c5c82a3a80,hands_splat,433,,,16,0.89
1a197ddf-6942-47d2-9ad8-e9c5c82a3a80,hands_drop,434,,,16,0.89
1a197ddf-6942-47d2-9ad8-e9c5c82a3a80,hands_splat,437,,,16,0.0
3346ccde-e75c-42f2-8d79-e03c120b950a,down,40,1,40,,
3346ccde-e75c-42f2-8d79-e03c120b950a,up,73,,,,
3346ccde-e75c-42f2-8d79-e03c120b950a,hands_drop,73,,,16,34.07
3346ccde-e75c-42f2-8d79-e03c120b950a,hands_splat,76,,,16,34.0
3346ccde-e75c-42f2-8d79-e03c120b950a,hands_drop,77,,,16,34.0
3346ccde-e75c-42f2-8d79-e03c120b950a,hands_splat,80,,,16,34.0
3346ccde-e75c-42f2-8d79-e03c120b950a,hands_drop,81,,,16,34.0
3346ccde-e75c-42f2-8d79-e03c120b950a,hands_splat,84,,,16,34.0
3346ccde-e75c-42f2-8d79-e03c120b950a,hands_drop,85,,,16,34.0
3346ccde-e75c-42f2-8d79-e03c120b950a,hands_splat,88,,,16,34.0
3346ccde-e75c-42f2-8d79-e03c120b950a,hands_drop,89,,,16,34.0
3346ccde-e75c-42f2-8d79-e03c120b950a,hands_splat,92,,,16,34.0
3346ccde-e75c-42f2-8d79-e03c120b950a,hands_drop,93,,,16,34.0
3346ccde-e75c-42f2-8d79-e03c120b950a,hands_splat,96,,,16,34.0
3346ccde-e75c-42f2-8d79-e03c120b950a,hands_drop,97,,,16,34.0
3346ccde-e75c-42f2-8d79-e03c120b950a,hands_splat,100,,,16,34.0
3346ccde-e75c-42f2-8d79-e03c120b950a,hands_drop,101,,,16,34.0
3346ccde-e75c-42f2-8d79-e03c120b950a,hands_splat,104,,,16,34.0
3346ccde-e75c-42f2-8d79-e03c120b950a,hands_drop,105,,,16,34.0
3346ccde-e75c-42f2-8d79-e03c120b950a,hands_splat,108,,,16,34.0
3346ccde-e75c-42f2-8d79-e03c120b950a,hands_drop,109,,,16,34.0
3346ccde-e75c-42f2-8d79-e03c120b950a,down,112,2,38,,
3346ccde-e75c-42f2-8d79-e03c120b950a,hands_splat,112,,,16,34.0
3346ccde-e75c-42f2-8d79-e03c120b950a,up,145,,,,
3346ccde-e75c-42f2-8d79-e03c120b950a,hands_drop,145,,,16,4.87
3346ccde-e75c-42f2-8d79-e03c120b950a,hands_splat,148,,,16,2.87
3346ccde-e75c-42f2-8d79-e03c120b950a,hands_drop,149,,,16,2.87
3346ccde-e75c-42f2-8d79-e03c120b950a,hands_splat,152,,,16,2.0
3346ccde-e75c-42f2-8d79-e03c120b950a,hands_drop,153,,,16,2.0
3346ccde-e75c-42f2-8d79-e03c120b950a,hands_splat,156,,,16,2.0
3346ccde-e75c-42f2-8d79-e03c120b950a,hands_drop,157,,,16,2.0
3346ccde-e75c-42f2-8d79-e03c120b950a,hands_splat,160,,,16,2.0
3346ccde-e75c-42f2-8d79-e03c120b950a,hands_drop,161,,,16,2.0
3346ccde-e75c-42f2-8d79-e03c120b950a,hands_splat,164,,,16,2.0
3346ccde-e75c-42f2-8d79-e03c120b950a,hands_drop,165,,,16,2.0
3346ccde-e75c-42f2-8d79-e03c120b950a,hands_splat,168,,,16,2.0
3346ccde-e75c-42f2-8d79-e03c120b950a,hands_drop,169,,,16,2.0
3346ccde-e75c-42f2-8d79-e03c120b950a,hands_splat,172,,,16,2.0
3346ccde-e75c-42f2-8d79-e03c120b950a,hands_drop,173,,,16,2.0
3346ccde-e75c-42f2-8d79-e03c120b950a,hands_splat,176,,,16,2.0
3346ccde-e75c-42f2-8d79-e03c120b950a,hands_drop,177,,,16,2.0
3346ccde-e75c-42f2-8d79-e03c120b950a,hands_splat,180,,,16,2.0
3346ccde-e75c-42f2-8d79-e03c120b950a,hands_drop,181,,,16,2.0
3346ccde-e75c-42f2-8d79-e03c120b950a,hands_splat,184,,,16,2.0
3346ccde-e75c-42f2-8d79-e03c120b950a,hands_drop,185,,,16,2.0
3346ccde-e75c-42f2-8d79-e03c120b950a,down,188,3,42,,
3346ccde-e75c-42f2-8d79-e03c120b950a,hands_splat,188,,,16,2.0
351da7f1-4a8c-4aeb-9da3-fdabfb963033,down,42,1,42,,
351da7f1-4a8c-4aeb-9da3-fdabfb963033,up,75,,,,
351da7f1-4a8c-4aeb-9da3-fdabfb963033,hands_drop,75,,,16,48.4
351da7f1-4a8c-4aeb-9da3-fdabfb963033,hands_splat,78,,,16,48.4
351da7f1-4a8c-4aeb-9da3-fdabfb963033,hands_drop,81,,,16,48.4
351da7f1-4a8c-4aeb-9da3-fdabfb963033,hands_splat,84,,,16,48.4
351da7f1-4a8c-4aeb-9da3-fdabfb963033,hands_drop,87,,,16,48.4
351da7f1-4a8c-4aeb-9da3-fdabfb963033,hands_splat,90,,,16,45.26
351da7f1-4a8c-4aeb-9da3-fdabfb963033,hands_drop,93,,,16,45.26
351da7f1-4a8c-4aeb-9da3-fdabfb963033,hands_splat,96,,,16,45.26
351da7f1-4a8c-4aeb-9da3-fdabfb963033,hands_drop,99,,,16,45.26
351da7f1-4a8c-4aeb-9da3-fdabfb963033,hands_splat,102,,,16,45.26
351da7f1-4a8c-4aeb-9da3-fdabfb963033,hands_drop,105,,,16,45.26
351da7f1-4a8c-4aeb-9da3-fdabfb963033,hands_splat,108,,,16,45.26
351da7f1-4a8c-4aeb-9da3-fdabfb963033,hands_drop,111,,,16,45.26
351da7f1-4a8c-4aeb-9da3-fdabfb963033,hands_splat,114,,,16,45.26
351da7f1-4a8c-4aeb-9da3-fdabfb963033,hands_drop,117,,,16,45.26
351da7f1-4a8c-4aeb-9da3-fdabfb963033,down,118,2,42,,
351da7f1-4a8c-4aeb-9da3-fdabfb963033,hands_splat,120,,,16,45.26
4e638be0-4134-43e7-b847-bbeb862d25ce,hands_drop,0,,,15,100.0
4e638be0-4134-43e7-b847-bbeb862d25ce,hands_splat,3,,,15,100.0
4e638be0-4134-43e7-b847-bbeb862d25ce,hands_drop,6,,,16,100.0
4e638be0-4134-43e7-b847-bbeb862d25ce,hands_splat,9,,,16,100.0
4e638be0-4134-43e7-b847-bbeb862d25ce,hands_drop,12,,,16,99.83
4e638be0-4134-43e7-b847-bbeb862d25ce,hands_splat,15,,,16,99.83
4e638be0-4134-43e7-b847-bbeb862d25ce,hands_drop,18,,,15,99.83
4e638be0-4134-43e7-b847-bbeb862d25ce,hands_splat,21,,,15,99.39
4e638be0-4134-43e7-b847-bbeb862d25ce,hands_drop,24,,,15,99.39
4e638be0-4134-43e7-b847-bbeb862d25ce,hands_splat,27,,,15,99.39
4e638be0-4134-43e7-b847-bbeb862d25ce,hands_drop,30,,,16,99.39
4e638be0-4134-43e7-b847-bbeb862d25ce,hands_splat,33,,,16,99.39
4e638be0-4134-43e7-b847-bbeb862d25ce,hands_drop,36,,,16,99.39
4e638be0-4134-43e7-b847-bbeb862d25ce,hands_splat,39,,,16,99.39
4e638be0-4134-43e7-b847-bbeb862d25ce,down,40,1,40,,
4e638be0-4134-43e7-b847-bbeb862d25ce,hands_drop,42,,,15,99.39
4e638be0-4134-43e7-b847-bbeb862d25ce,hands_splat,45,,,15,95.17
4e638be0-4134-43e7-b847-bbeb862d25ce,hands_drop,48,,,15,94.61
4e638be0-4134-43e7-b847-bbeb862d25ce,hands_splat,51,,,15,88.33
4e638be0-4134-43e7-b847-bbeb862d25ce,hands_drop,54,,,15,85.28
4e638be0-4134-43e7-b847-bbeb862d25ce,hands_splat,57,,,15,78.11
4e638be0-4134-43e7-b847-bbeb862d25ce,hands_drop,60,,,16,71.39
4e638be0-4134-43e7-b847-bbeb862d25ce,hands_splat,63,,,16,65.72
4e638be0-4134-43e7-b847-bbeb862d25ce,hands_drop,66,,,16,61.56
4e638be0-4134-43e7-b847-bbeb862d25ce,hands_splat,69,,,16,55.72
4e638be0-4134-43e7-b847-bbeb862d25ce,hands_drop,72,,,16,55.72
4e638be0-4134-43e7-b847-bbeb862d25ce,up,73,,,,
4e638be0-4134-43e7-b847-bbeb862d25ce,hands_splat,75,,,16,55.72
4e638be0-4134-43e7-b847-bbeb862d25ce,hands_drop,78,,,16,55.72
4e638be0-4134-43e7-b847-bbeb862d25ce,hands_splat,81,,,16,55.72
4e638be0-4134-43e7-b847-bbeb862d25ce,hands_drop,84,,,15,55.72
4e638be0-4134-43e7-b847-bbeb862d25ce,hands_splat,87,,,15,55.72
4e638be0-4134-43e7-b847-bbeb862d25ce,hands_drop,90,,,16,55.72
4e638be0-4134-43e7-b847-bbeb862d25ce,hands_splat,93,,,16,55.72
4e638be0-4134-43e7-b847-bbeb862d25ce,hands_drop,96,,,14,55.72
4e638be0-4134-43e7-b847-bbeb862d25ce,hands_splat,99,,,14,55.72
4e638be0-4134-43e7-b847-bbeb862d25ce,hands_drop,102,,,16,55.72
4e638be0-4134-43e7-b847-bbeb862d25ce,hands_splat,105,,,16,55.72
4e638be0-4134-43e7-b847-bbeb862d25ce,hands_drop,108,,,15,55.72
4e638be0-4134-43e7-b847-bbeb862d25ce,hands_splat,111,,,15,55.72
4e638be0-4134-43e7-b847-bbeb862d25ce,down,112,2,38,,
4e638be0-4134-43e7-b847-bbeb862d25ce,hands_drop,114,,,15,55.72
4e638be0-4134-43e7-b847-bbeb862d25ce,hands_splat,117,,,15,48.0
4e638be0-4134-43e7-b847-bbeb862d25ce,hands_drop,120,,,15,48.0
4e638be0-4134-43e7-b847-bbeb862d25ce,hands_splat,123,,,15,40.94
4e638be0-4134-43e7-b847-bbeb862d25ce,hands_drop,126,,,14,36.11
4e638be0-4134-43e7-b847-bbeb862d25ce,hands_splat,129,,,14,32.39
4e638be0-4134-43e7-b847-bbeb862d25ce,hands_drop,132,,,16,24.39
4e638be0-4134-43e7-b847-bbeb862d25ce,hands_splat,135,,,16,24.39
4e638be0-4134-43e7-b847-bbeb862d25ce,hands_drop,136,,,16,21.0
4e638be0-4134-43e7-b847-bbeb862d25ce,hands_splat,139,,,16,16.0
4e638be0-4134-43e7-b847-bbeb862d25ce,hands_drop,140,,,16,16.0
4e638be0-4134-43e7-b847-bbeb862d25ce,hands_splat,143,,,16,16.0
4e638be0-4134-43e7-b847-bbeb862d25ce,hands_drop,144,,,15,16.0
4e638be0-4134-43e7-b847-bbeb862d25ce,up,145,,,,
4e638be0-4134-43e7-b847-bbeb862d25ce,hands_splat,147,,,15,16.0
4e638be0-4134-43e7-b847-bbeb862d25ce,hands_drop,148,,,16,16.0
4e638be0-4134-43e7-b847-bbeb862d25ce,hands_splat,151,,,16,16.0
4e638be0-4134-43e7-b847-bbeb862d25ce,hands_drop,152,,,16,16.0
4e638be0-4134-43e7-b847-bbeb862d25ce,hands_splat,155,,,16,16.0
4e638be0-4134-43e7-b847-bbeb862d25ce,hands_drop,156,,,16,16.0
4e638be0-4134-43e7-b847-bbeb862d25ce,hands_splat,159,,,16,16.0
4e638be0-4134-43e7-b847-bbeb862d25ce,hands_drop,160,,,15,16.0
4e638be0-4134-43e7-b847-bbeb862d25ce,hands_splat,163,,,15,16.0
4e638be0-4134-43e7-b847-bbeb862d25ce,hands_drop,164,,,16,16.0
4e638be0-4134-43e7-b847-bbeb862d25ce,hands_splat,167,,,16,16.0
4e638be0-4134-43e7-b847-bbeb862d25ce,hands_drop,168,,,15,16.0
4e638be0-4134-43e7-b847-bbeb862d25ce,hands_splat,171,,,15,16.0
4e638be0-4134-43e7-b847-bbeb862d25ce,hands_drop,172,,,15,16.0
4e638be0-4134-43e7-b847-bbeb862d25ce,hands_splat,175,,,15,16.0
4e638be0-4134-43e7-b847-bbeb862d25ce,hands_drop,176,,,15,16.0
4e638be0-4134-43e7-b847-bbeb862d25ce,hands_splat,179,,,15,16.0
4e638be0-4134-43e7-b847-bbeb862d25ce,hands_drop,180,,,14,16.0
4e638be0-4134-43e7-b847-bbeb862d25ce,hands_splat,183,,,14,16.0
4e638be0-4134-43e7-b847-bbeb862d25ce,hands_drop,184,,,16,16.0
4e638be0-4134-43e7-b847-bbeb862d25ce,hands_splat,187,,,16,16.0
4e638be0-4134-43e7-b847-bbeb862d25ce,down,188,3,42,,
4e638be0-4134-43e7-b847-bbeb862d25ce,hands_drop,188,,,15,16.0
4e638be0-4134-43e7-b847-bbeb862d25ce,hands_splat,191,,,15,16.0
4e638be0-4134-43e7-b847-bbeb862d25ce,hands_drop,192,,,15,16.0
4e638be0-4134-43e7-b847-bbeb862d25ce,hands_splat,195,,,15,12.5
4e638be0-4134-43e7-b847-bbeb862d25ce,hands_drop,196,,,15,9.83
4e638be0-4134-43e7-b847-bbeb862d25ce,hands_splat,199,,,15,7.17
4e638be0-4134-43e7-b847-bbeb862d25ce,hands_drop,200,,,16,7.17
4e638be0-4134-43e7-b847-bbeb862d25ce,hands_splat,203,,,16,2.83
4e638be0-4134-43e7-b847-bbeb862d25ce,hands_drop,204,,,16,0.0
56216003-6bb6-4095-a47e-0aecb84e252d,down,39,1,39,,
56216003-6bb6-4095-a47e-0aecb84e252d,up,72,,,,
56216003-6bb6-4095-a47e-0aecb84e252d,hands_drop,72,,,16,34.0
56216003-6bb6-4095-a47e-0aecb84e252d,hands_splat,75,,,16,33.93
56216003-6bb6-4095-a47e-0aecb84e252d,hands_drop,76,,,16,33.93
56216003-6bb6-4095-a47e-0aecb84e252d,hands_splat,79,,,16,33.87
56216003-6bb6-4095-a47e-0aecb84e252d,hands_drop,80,,,16,33.87
56216003-6bb6-4095-a47e-0aecb84e252d,hands_splat,83,,,16,33.8
56216003-6bb6-4095-a47e-0aecb84e252d,hands_drop,84,,,16,33.8
56216003-6bb6-4095-a47e-0aecb84e252d,hands_splat,87,,,16,33.8
56216003-6bb6-4095-a47e-0aecb84e252d,hands_drop,88,,,16,33.8
56216003-6bb6-4095-a47e-0aecb84e252d,hands_splat,91,,,16,33.8
56216003-6bb6-4095-a47e-0aecb84e252d,hands_drop,92,,,16,33.8
56216003-6bb6-4095-a47e-0aecb84e252d,hands_splat,95,,,16,33.8
56216003-6bb6-4095-a47e-0aecb84e252d,hands_drop,96,,,16,33.8
56216003-6bb6-4095-a47e-0aecb84e252d,hands_splat,99,,,16,33.8
56216003-6bb6-4095-a47e-0aecb84e252d,hands_drop,100,,,16,33.8
56216003-6bb6-4095-a47e-0aecb84e252d,hands_splat,103,,,16,33.8
56216003-6bb6-4095-a47e-0aecb84e252d,hands_drop,104,,,16,33.8
56216003-6bb6-4095-a47e-0aecb84e252d,hands_splat,107,,,16,33.8
56216003-6bb6-4095-a47e-0aecb84e252d,down,108,2,35,,
56216003-6bb6-4095-a47e-0aecb84e252d,hands_drop,108,,,16,33.8
56216003-6bb6-4095-a47e-0aecb84e252d,hands_splat,111,,,16,33.8
5905be94-8610-436b-805c-f4b10359086c,hands_drop,34,,,16,87.31
5905be94-8610-436b-805c-f4b10359086c,hands_splat,37,,,16,84.69
5905be94-8610-436b-805c-f4b10359086c,hands_drop,40,,,15,82.46
5905be94-8610-436b-805c-f4b10359086c,hands_splat,43,,,15,81.71
5905be94-8610-436b-805c-f4b10359086c,hands_drop,46,,,16,80.29
5905be94-8610-436b-805c-f4b10359086c,down,47,1,47,,
5905be94-8610-436b-805c-f4b10359086c,hands_splat,49,,,16,80.29
5905be94-8610-436b-805c-f4b10359086c,up,80,,,,
5d8a40ec-0c29-472b-a0c5-efb4dd472cc8,hands_drop,0,,,16,100.0
5d8a40ec-0c29-472b-a0c5-efb4dd472cc8,hands_splat,3,,,16,100.0
5d8a40ec-0c29-472b-a0c5-efb4dd472cc8,hands_drop,6,,,16,100.0
5d8a40ec-0c29-472b-a0c5-efb4dd472cc8,hands_splat,9,,,16,100.0
5d8a40ec-0c29-472b-a0c5-efb4dd472cc8,hands_drop,12,,,16,100.0
5d8a40ec-0c29-472b-a0c5-efb4dd472cc8,hands_splat,15,,,16,100.0
5d8a40ec-0c29-472b-a0c5-efb4dd472cc8,hands_drop,18,,,15,100.0
5d8a40ec-0c29-472b-a0c5-efb4dd472cc8,hands_splat,21,,,15,100.0
5d8a40ec-0c29-472b-a0c5-efb4dd472cc8,hands_drop,24,,,16,96.94
5d8a40ec-0c29-472b-a0c5-efb4dd472cc8,hands_splat,27,,,16,96.94
5d8a40ec-0c29-472b-a0c5-efb4dd472cc8,hands_drop,30,,,16,96.94
5d8a40ec-0c29-472b-a0c5-efb4dd472cc8,hands_splat,33,,,16,96.94
5d8a40ec-0c29-472b-a0c5-efb4dd472cc8,hands_drop,36,,,16,96.94
5d8a40ec-0c29-472b-a0c5-efb4dd472cc8,hands_splat,39,,,16,96.94
5d8a40ec-0c29-472b-a0c5-efb4dd472cc8,hands_drop,42,,,16,96.94
5d8a40ec-0c29-472b-a0c5-efb4dd472cc8,hands_splat,45,,,16,96.94
5d8a40ec-0c29-472b-a0c5-efb4dd472cc8,down,47,1,47,,
5d8a40ec-0c29-472b-a0c5-efb4dd472cc8,hands_drop,48,,,14,96.94
5d8a40ec-0c29-472b-a0c5-efb4dd472cc8,hands_splat,51,,,14,93.44
5d8a40ec-0c29-472b-a0c5-efb4dd472cc8,hands_drop,54,,,16,86.94
5d8a40ec-0c29-472b-a0c5-efb4dd472cc8,hands_splat,57,,,16,86.94
5d8a40ec-0c29-472b-a0c5-efb4dd472cc8,hands_drop,60,,,16,79.56
5d8a40ec-0c29-472b-a0c5-efb4dd472cc8,hands_splat,63,,,16,76.61
5d8a40ec-0c29-472b-a0c5-efb4dd472cc8,hands_drop,66,,,16,72.56
5d8a40ec-0c29-472b-a0c5-efb4dd472cc8,hands_splat,69,,,16,65.61
5d8a40ec-0c29-472b-a0c5-efb4dd472cc8,hands_drop,72,,,16,65.61
5d8a40ec-0c29-472b-a0c5-efb4dd472cc8,hands_splat,75,,,16,50.72
5d8a40ec-0c29-472b-a0c5-efb4dd472cc8,hands_drop,78,,,16,49.11
5d8a40ec-0c29-472b-a0c5-efb4dd472cc8,up,80,,,,
5d8a40ec-0c29-472b-a0c5-efb4dd472cc8,hands_splat,81,,,16,43.61
5d8a40ec-0c29-472b-a0c5-efb4dd472cc8,hands_drop,84,,,16,43.61
5d8a40ec-0c29-472b-a0c5-efb4dd472cc8,hands_splat,87,,,16,43.61
5d8a40ec-0c29-472b-a0c5-efb4dd472cc8,hands_drop,90,,,16,43.61
5d8a40ec-0c29-472b-a0c5-efb4dd472cc8,hands_splat,93,,,16,43.61
5d8a40ec-0c29-472b-a0c5-efb4dd472cc8,hands_drop,96,,,16,43.61
5d8a40ec-0c29-472b-a0c5-efb4dd472cc8,hands_splat,99,,,16,43.61
5d8a40ec-0c29-472b-a0c5-efb4dd472cc8,hands_drop,102,,,16,43.61
5d8a40ec-0c29-472b-a0c5-efb4dd472cc8,hands_splat,105,,,16,42.89
5d8a40ec-0c29-472b-a0c5-efb4dd472cc8,hands_drop,108,,,15,42.89
5d8a40ec-0c29-472b-a0c5-efb4dd472cc8,hands_splat,111,,,15,42.89
5d8a40ec-0c29-472b-a0c5-efb4dd472cc8,hands_drop,114,,,15,42.89
5d8a40ec-0c29-472b-a0c5-efb4dd472cc8,down,115,2,34,,
5d8a40ec-0c29-472b-a0c5-efb4dd472cc8,hands_splat,117,,,15,42.89
5d8a40ec-0c29-472b-a0c5-efb4dd472cc8,hands_drop,120,,,15,42.89
5d8a40ec-0c29-472b-a0c5-efb4dd472cc8,hands_splat,123,,,15,38.89
5d8a40ec-0c29-472b-a0c5-efb4dd472cc8,hands_drop,126,,,16,36.33
5d8a40ec-0c29-472b-a0c5-efb4dd472cc8,hands_splat,129,,,16,26.5
5d8a40ec-0c29-472b-a0c5-efb4dd472cc8,hands_drop,130,,,16,23.39
5d8a40ec-0c29-472b-a0c5-efb4dd472cc8,hands_splat,133,,,16,20.5
5d8a40ec-0c29-472b-a0c5-efb4dd472cc8,hands_drop,134,,,15,20.5
5d8a40ec-0c29-472b-a0c5-efb4dd472cc8,hands_splat,137,,,15,13.44
5d8a40ec-0c29-472b-a0c5-efb4dd472cc8,hands_drop,138,,,15,13.44
5d8a40ec-0c29-472b-a0c5-efb4dd472cc8,hands_splat,141,,,15,11.61
5d8a40ec-0c29-472b-a0c5-efb4dd472cc8,hands_drop,142,,,15,9.67
5d8a40ec-0c29-472b-a0c5-efb4dd472cc8,hands_splat,145,,,15,8.56
5d8a40ec-0c29-472b-a0c5-efb4dd472cc8,hands_drop,146,,,14,8.56
5d8a40ec-0c29-472b-a0c5-efb4dd472cc8,up,148,,,,
5d8a40ec-0c29-472b-a0c5-efb4dd472cc8,hands_splat,149,,,14,8.56
5d8a40ec-0c29-472b-a0c5-efb4dd472cc8,hands_drop,150,,,15,8.56
5d8a40ec-0c29-472b-a0c5-efb4dd472cc8,hands_splat,153,,,15,8.56
5d8a40ec-0c29-472b-a0c5-efb4dd472cc8,hands_drop,154,,,16,8.56
5d8a40ec-0c29-472b-a0c5-efb4dd472cc8,hands_splat,157,,,16,8.56
5d8a40ec-0c29-472b-a0c5-efb4dd472cc8,hands_drop,158,,,15,8.56
5d8a40ec-0c29-472b-a0c5-efb4dd472cc8,hands_splat,161,,,15,8.56
5d8a40ec-0c29-472b-a0c5-efb4dd472cc8,hands_drop,162,,,16,8.56
5d8a40ec-0c29-472b-a0c5-efb4dd472cc8,hands_splat,165,,,16,8.56
5d8a40ec-0c29-472b-a0c5-efb4dd472cc8,hands_drop,166,,,16,8.56
5d8a40ec-0c29-472b-a0c5-efb4dd472cc8,hands_splat,169,,,16,8.56
5d8a40ec-0c29-472b-a0c5-efb4dd472cc8,hands_drop,170,,,16,8.56
5d8a40ec-0c29-472b-a0c5-efb4dd472cc8,hands_splat,173,,,16,8.56
5d8a40ec-0c29-472b-a0c5-efb4dd472cc8,hands_drop,174,,,15,8.56
5d8a40ec-0c29-472b-a0c5-efb4dd472cc8,hands_splat,177,,,15,8.56
5d8a40ec-0c29-472b-a0c5-efb4dd472cc8,hands_drop,178,,,16,8.56
5d8a40ec-0c29-472b-a0c5-efb4dd472cc8,hands_splat,181,,,16,8.56
5d8a40ec-0c29-472b-a0c5-efb4dd472cc8,hands_drop,182,,,15,8.56
5d8a40ec-0c29-472b-a0c5-efb4dd472cc8,hands_splat,185,,,15,8.56
5d8a40ec-0c29-472b-a0c5-efb4dd472cc8,hands_drop,186,,,16,8.56
5d8a40ec-0c29-472b-a0c5-efb4dd472cc8,hands_splat,189,,,16,8.56
5d8a40ec-0c29-472b-a0c5-efb4dd472cc8,hands_drop,190,,,16,8.56
5d8a40ec-0c29-472b-a0c5-efb4dd472cc8,down,193,3,44,,
5d8a40ec-0c29-472b-a0c5-efb4dd472cc8,hands_splat,193,,,16,8.56
5d8a40ec-0c29-472b-a0c5-efb4dd472cc8,hands_drop,194,,,15,8.56
5d8a40ec-0c29-472b-a0c5-efb4dd472cc8,hands_splat,197,,,15,8.56
5d8a40ec-0c29-472b-a0c5-efb4dd472cc8,hands_drop,198,,,14,7.83
5d8a40ec-0c29-472b-a0c5-efb4dd472cc8,hands_splat,201,,,14,4.28
5d8a40ec-0c29-472b-a0c5-efb4dd472cc8,hands_drop,202,,,14,4.28
5d8a40ec-0c29-472b-a0c5-efb4dd472cc8,hands_splat,205,,,14,1.61
5d8a40ec-0c29-472b-a0c5-efb4dd472cc8,hands_drop,206,,,16,0.0
605f697e-ba8b-4324-b550-7bf3c4c3ea02,down,40,1,40,,
605f697e-ba8b-4324-b550-7bf3c4c3ea02,up,73,,,,
605f697e-ba8b-4324-b550-7bf3c4c3ea02,hands_drop,73,,,16,82.2
605f697e-ba8b-4324-b550-7bf3c4c3ea02,hands_splat,76,,,16,82.2
605f697e-ba8b-4324-b550-7bf3c4c3ea02,hands_drop,79,,,16,82.2
605f697e-ba8b-4324-b550-7bf3c4c3ea02,hands_splat,82,,,16,82.2
605f697e-ba8b-4324-b550-7bf3c4c3ea02,hands_drop,85,,,16,82.2
605f697e-ba8b-4324-b550-7bf3c4c3ea02,hands_splat,88,,,16,82.2
605f697e-ba8b-4324-b550-7bf3c4c3ea02,hands_drop,91,,,16,82.2
605f697e-ba8b-4324-b550-7bf3c4c3ea02,hands_splat,94,,,16,82.2
605f697e-ba8b-4324-b550-7bf3c4c3ea02,hands_drop,97,,,16,82.2
605f697e-ba8b-4324-b550-7bf3c4c3ea02,hands_splat,100,,,16,82.2
605f697e-ba8b-4324-b550-7bf3c4c3ea02,hands_drop,103,,,16,82.2
605f697e-ba8b-4324-b550-7bf3c4c3ea02,hands_splat,106,,,16,82.2
605f697e-ba8b-4324-b550-7bf3c4c3ea02,hands_drop,109,,,16,82.2
605f697e-ba8b-4324-b550-7bf3c4c3ea02,hands_splat,112,,,16,82.2
605f697e-ba8b-4324-b550-7bf3c4c3ea02,down,114,2,40,,
605f697e-ba8b-4324-b550-7bf3c4c3ea02,up,147,,,,
605f697e-ba8b-4324-b550-7bf3c4c3ea02,hands_drop,147,,,16,71.73
605f697e-ba8b-4324-b550-7bf3c4c3ea02,hands_splat,150,,,16,71.73
605f697e-ba8b-4324-b550-7bf3c4c3ea02,hands_drop,153,,,16,71.73
605f697e-ba8b-4324-b550-7bf3c4c3ea02,hands_splat,156,,,16,71.73
605f697e-ba8b-4324-b550-7bf3c4c3ea02,hands_drop,159,,,16,71.73
605f697e-ba8b-4324-b550-7bf3c4c3ea02,hands_splat,162,,,16,71.73
605f697e-ba8b-4324-b550-7bf3c4c3ea02,hands_drop,165,,,16,71.73
605f697e-ba8b-4324-b550-7bf3c4c3ea02,hands_splat,168,,,16,71.73
605f697e-ba8b-4324-b550-7bf3c4c3ea02,hands_drop,171,,,16,71.73
605f697e-ba8b-4324-b550-7bf3c4c3ea02,hands_splat,174,,,16,71.73
605f697e-ba8b-4324-b550-7bf3c4c3ea02,hands_drop,177,,,16,71.73
605f697e-ba8b-4324-b550-7bf3c4c3ea02,hands_splat,180,,,16,71.73
605f697e-ba8b-4324-b550-7bf3c4c3ea02,hands_drop,183,,,16,71.73
605f697e-ba8b-4324-b550-7bf3c4c3ea02,hands_splat,186,,,16,71.73
605f697e-ba8b-4324-b550-7bf3c4c3ea02,down,187,3,39,,
605f697e-ba8b-4324-b550-7bf3c4c3ea02,up,220,,,,
605f697e-ba8b-4324-b550-7bf3c4c3ea02,hands_drop,221,,,16,58.53
605f697e-ba8b-4324-b550-7bf3c4c3ea02,hands_splat,224,,,16,58.53
605f697e-ba8b-4324-b550-7bf3c4c3ea02,hands_drop,227,,,16,58.53
605f697e-ba8b-4324-b550-7bf3c4c3ea02,hands_splat,230,,,16,58.53
605f697e-ba8b-4324-b550-7bf3c4c3ea02,hands_drop,233,,,16,58.53
605f697e-ba8b-4324-b550-7bf3c4c3ea02,hands_splat,236,,,16,58.53
605f697e-ba8b-4324-b550-7bf3c4c3ea02,hands_drop,239,,,16,58.53
605f697e-ba8b-4324-b550-7bf3c4c3ea02,hands_splat,242,,,16,58.53
605f697e-ba8b-4324-b550-7bf3c4c3ea02,hands_drop,245,,,16,58.53
605f697e-ba8b-4324-b550-7bf3c4c3ea02,hands_splat,248,,,16,58.53
605f697e-ba8b-4324-b550-7bf3c4c3ea02,hands_drop,251,,,15,58.53
605f697e-ba8b-4324-b550-7bf3c4c3ea02,hands_splat,254,,,15,58.53
605f697e-ba8b-4324-b550-7bf3c4c3ea02,down,255,4,34,,
605f697e-ba8b-4324-b550-7bf3c4c3ea02,up,288,,,,
605f697e-ba8b-4324-b550-7bf3c4c3ea02,hands_drop,289,,,16,39.07
605f697e-ba8b-4324-b550-7bf3c4c3ea02,hands_splat,292,,,16,39.07
605f697e-ba8b-4324-b550-7bf3c4c3ea02,hands_drop,293,,,16,39.07
605f697e-ba8b-4324-b550-7bf3c4c3ea02,hands_splat,296,,,16,39.07
605f697e-ba8b-4324-b550-7bf3c4c3ea02,hands_drop,297,,,16,39.07
605f697e-ba8b-4324-b550-7bf3c4c3ea02,hands_splat,300,,,16,39.07
605f697e-ba8b-4324-b550-7bf3c4c3ea02,hands_drop,301,,,16,39.07
605f697e-ba8b-4324-b550-7bf3c4c3ea02,hands_splat,304,,,16,39.07
605f697e-ba8b-4324-b550-7bf3c4c3ea02,hands_drop,305,,,16,39.07
605f697e-ba8b-4324-b550-7bf3c4c3ea02,hands_splat,308,,,16,39.07
605f697e-ba8b-4324-b550-7bf3c4c3ea02,hands_drop,309,,,16,39.07
605f697e-ba8b-4324-b550-7bf3c4c3ea02,hands_splat,312,,,16,39.07
605f697e-ba8b-4324-b550-7bf3c4c3ea02,hands_drop,313,,,15,39.07
605f697e-ba8b-4324-b550-7bf3c4c3ea02,hands_splat,316,,,15,39.07
605f697e-ba8b-4324-b550-7bf3c4c3ea02,hands_drop,317,,,16,39.07
605f697e-ba8b-4324-b550-7bf3c4c3ea02,hands_splat,320,,,16,39.07
605f697e-ba8b-4324-b550-7bf3c4c3ea02,hands_drop,321,,,16,39.07
605f697e-ba8b-4324-b550-7bf3c4c3ea02,hands_splat,324,,,16,39.07
605f697e-ba8b-4324-b550-7bf3c4c3ea02,down,325,5,36,,
605f697e-ba8b-4324-b550-7bf3c4c3ea02,hands_drop,325,,,16,39.07
605f697e-ba8b-4324-b550-7bf3c4c3ea02,hands_splat,328,,,16,39.07
605f697e-ba8b-4324-b550-7bf3c4c3ea02,up,358,,,,
605f697e-ba8b-4324-b550-7bf3c4c3ea02,hands_drop,361,,,16,18.73
605f697e-ba8b-4324-b550-7bf3c4c3ea02,hands_splat,364,,,16,18.73
605f697e-ba8b-4324-b550-7bf3c4c3ea02,hands_drop,365,,,16,18.73
605f697e-ba8b-4324-b550-7bf3c4c3ea02,hands_splat,368,,,16,18.73
605f697e-ba8b-4324-b550-7bf3c4c3ea02,hands_drop,369,,,16,18.73
605f697e-ba8b-4324-b550-7bf3c4c3ea02,hands_splat,372,,,16,18.73
605f697e-ba8b-4324-b550-7bf3c4c3ea02,hands_drop,373,,,16,18.73
605f697e-ba8b-4324-b550-7bf3c4c3ea02,hands_splat,376,,,16,18.73
605f697e-ba8b-4324-b550-7bf3c4c3ea02,hands_drop,377,,,16,18.73
605f697e-ba8b-4324-b550-7bf3c4c3ea02,hands_splat,380,,,16,18.73
605f697e-ba8b-4324-b550-7bf3c4c3ea02,hands_drop,381,,,16,18.73
605f697e-ba8b-4324-b550-7bf3c4c3ea02,hands_splat,384,,,16,18.73
605f697e-ba8b-4324-b550-7bf3c4c3ea02,hands_drop,385,,,16,18.73
605f697e-ba8b-4324-b550-7bf3c4c3ea02,hands_splat,388,,,16,18.73
605f697e-ba8b-4324-b550-7bf3c4c3ea02,hands_drop,389,,,15,18.73
605f697e-ba8b-4324-b550-7bf3c4c3ea02,hands_splat,392,,,15,18.73
605f697e-ba8b-4324-b550-7bf3c4c3ea02,hands_drop,393,,,16,18.73
605f697e-ba8b-4324-b550-7bf3c4c3ea02,hands_splat,396,,,16,18.73
605f697e-ba8b-4324-b550-7bf3c4c3ea02,hands_drop,397,,,16,18.73
605f697e-ba8b-4324-b550-7bf3c4c3ea02,down,400,6,41,,
605f697e-ba8b-4324-b550-7bf3c4c3ea02,hands_splat,400,,,16,18.73
605f697e-ba8b-4324-b550-7bf3c4c3ea02,up,433,,,,
605f697e-ba8b-4324-b550-7bf3c4c3ea02,hands_drop,433,,,16,5.47
605f697e-ba8b-4324-b550-7bf3c4c3ea02,hands_splat,436,,,16,5.47
605f697e-ba8b-4324-b550-7bf3c4c3ea02,hands_drop,437,,,16,5.47
605f697e-ba8b-4324-b550-7bf3c4c3ea02,hands_splat,440,,,16,5.47
605f697e-ba8b-4324-b550-7bf3c4c3ea02,hands_drop,441,,,16,5.47
605f697e-ba8b-4324-b550-7bf3c4c3ea02,hands_splat,444,,,16,5.47
605f697e-ba8b-4324-b550-7bf3c4c3ea02,hands_drop,445,,,16,5.47
605f697e-ba8b-4324-b550-7bf3c4c3ea02,hands_splat,448,,,16,5.47
605f697e-ba8b-4324-b550-7bf3c4c3ea02,hands_drop,449,,,16,5.47
605f697e-ba8b-4324-b550-7bf3c4c3ea02,hands_splat,452,,,16,5.47
605f697e-ba8b-4324-b550-7bf3c4c3ea02,hands_drop,453,,,16,5.47
605f697e-ba8b-4324-b550-7bf3c4c3ea02,hands_splat,456,,,16,5.47
605f697e-ba8b-4324-b550-7bf3c4c3ea02,hands_drop,457,,,16,5.47
605f697e-ba8b-4324-b550-7bf3c4c3ea02,hands_splat,460,,,16,5.47
605f697e-ba8b-4324-b550-7bf3c4c3ea02,hands_drop,461,,,16,5.47
605f697e-ba8b-4324-b550-7bf3c4c3ea02,hands_splat,464,,,16,5.47
605f697e-ba8b-4324-b550-7bf3c4c3ea02,hands_drop,465,,,16,5.47
605f697e-ba8b-4324-b550-7bf3c4c3ea02,hands_splat,468,,,16,5.47
605f697e-ba8b-4324-b550-7bf3c4c3ea02,down,469,7,35,,
605f697e-ba8b-4324-b550-7bf3c4c3ea02,hands_drop,469,,,16,5.47
605f697e-ba8b-4324-b550-7bf3c4c3ea02,hands_splat,472,,,16,5.47
630f537c-d33a-45cb-9b00-f0dcadb0cc38,hands_drop,29,,,16,88.8
630f537c-d33a-45cb-9b00-f0dcadb0cc38,hands_splat,32,,,16,87.07
630f537c-d33a-45cb-9b00-f0dcadb0cc38,hands_drop,35,,,16,86.53
630f537c-d33a-45cb-9b00-f0dcadb0cc38,hands_splat,38,,,16,84.27
630f537c-d33a-45cb-9b00-f0dcadb0cc38,down,40,1,40,,
630f537c-d33a-45cb-9b00-f0dcadb0cc38,up,73,,,,
630f537c-d33a-45cb-9b00-f0dcadb0cc38,hands_drop,73,,,16,34.33
630f537c-d33a-45cb-9b00-f0dcadb0cc38,hands_splat,76,,,16,34.27
630f537c-d33a-45cb-9b00-f0dcadb0cc38,hands_drop,77,,,16,34.27
630f537c-d33a-45cb-9b00-f0dcadb0cc38,hands_splat,80,,,16,34.27
630f537c-d33a-45cb-9b00-f0dcadb0cc38,hands_drop,81,,,16,34.2
630f537c-d33a-45cb-9b00-f0dcadb0cc38,hands_splat,84,,,16,34.2
630f537c-d33a-45cb-9b00-f0dcadb0cc38,hands_drop,85,,,16,34.2
630f537c-d33a-45cb-9b00-f0dcadb0cc38,hands_splat,88,,,16,34.2
630f537c-d33a-45cb-9b00-f0dcadb0cc38,hands_drop,89,,,16,34.2
630f537c-d33a-45cb-9b00-f0dcadb0cc38,hands_splat,92,,,16,34.2
630f537c-d33a-45cb-9b00-f0dcadb0cc38,hands_drop,93,,,16,34.2
630f537c-d33a-45cb-9b00-f0dcadb0cc38,hands_splat,96,,,16,34.2
630f537c-d33a-45cb-9b00-f0dcadb0cc38,hands_drop,97,,,15,34.2
630f537c-d33a-45cb-9b00-f0dcadb0cc38,hands_splat,100,,,15,34.2
630f537c-d33a-45cb-9b00-f0dcadb0cc38,hands_drop,101,,,16,34.2
630f537c-d33a-45cb-9b00-f0dcadb0cc38,hands_splat,104,,,16,34.2
630f537c-d33a-45cb-9b00-f0dcadb0cc38,hands_drop,105,,,16,34.2
630f537c-d33a-45cb-9b00-f0dcadb0cc38,hands_splat,108,,,16,34.2
630f537c-d33a-45cb-9b00-f0dcadb0cc38,hands_drop,109,,,16,34.2
630f537c-d33a-45cb-9b00-f0dcadb0cc38,down,111,2,37,,
630f537c-d33a-45cb-9b00-f0dcadb0cc38,hands_splat,112,,,16,34.2
67b78c8f-8f3e-4d9e-a861-4c7587a5cb1a,hands_drop,0,,,16,100.0
67b78c8f-8f3e-4d9e-a861-4c7587a5cb1a,hands_splat,3,,,16,100.0
67b78c8f-8f3e-4d9e-a861-4c7587a5cb1a,hands_drop,6,,,16,100.0
67b78c8f-8f3e-4d9e-a861-4c7587a5cb1a,hands_splat,9,,,16,100.0
67b78c8f-8f3e-4d9e-a861-4c7587a5cb1a,hands_drop,12,,,16,100.0
67b78c8f-8f3e-4d9e-a861-4c7587a5cb1a,hands_splat,15,,,16,100.0
67b78c8f-8f3e-4d9e-a861-4c7587a5cb1a,hands_drop,18,,,15,100.0
67b78c8f-8f3e-4d9e-a861-4c7587a5cb1a,hands_splat,21,,,15,100.0
67b78c8f-8f3e-4d9e-a861-4c7587a5cb1a,hands_drop,24,,,16,100.0
67b78c8f-8f3e-4d9e-a861-4c7587a5cb1a,hands_splat,27,,,16,100.0
67b78c8f-8f3e-4d9e-a861-4c7587a5cb1a,hands_drop,30,,,15,100.0
67b78c8f-8f3e-4d9e-a861-4c7587a5cb1a,hands_splat,33,,,15,100.0
67b78c8f-8f3e-4d9e-a861-4c7587a5cb1a,hands_drop,36,,,15,100.0
67b78c8f-8f3e-4d9e-a861-4c7587a5cb1a,hands_splat,39,,,15,100.0
67b78c8f-8f3e-4d9e-a861-4c7587a5cb1a,down,42,1,42,,
67b78c8f-8f3e-4d9e-a861-4c7587a5cb1a,hands_drop,42,,,15,100.0
67b78c8f-8f3e-4d9e-a861-4c7587a5cb1a,hands_splat,45,,,15,100.0
67b78c8f-8f3e-4d9e-a861-4c7587a5cb1a,hands_drop,48,,,16,93.19
67b78c8f-8f3e-4d9e-a861-4c7587a5cb1a,hands_splat,51,,,16,93.1
67b78c8f-8f3e-4d9e-a861-4c7587a5cb1a,hands_drop,54,,,16,86.76
67b78c8f-8f3e-4d9e-a861-4c7587a5cb1a,hands_splat,57,,,16,86.76
67b78c8f-8f3e-4d9e-a861-4c7587a5cb1a,hands_drop,60,,,16,77.1
67b78c8f-8f3e-4d9e-a861-4c7587a5cb1a,hands_splat,63,,,16,73.76
67b78c8f-8f3e-4d9e-a861-4c7587a5cb1a,hands_drop,66,,,15,68.29
67b78c8f-8f3e-4d9e-a861-4c7587a5cb1a,hands_splat,69,,,15,59.24
67b78c8f-8f3e-4d9e-a861-4c7587a5cb1a,hands_drop,72,,,15,56.48
67b78c8f-8f3e-4d9e-a861-4c7587a5cb1a,up,75,,,,
67b78c8f-8f3e-4d9e-a861-4c7587a5cb1a,hands_splat,75,,,15,53.86
67b78c8f-8f3e-4d9e-a861-4c7587a5cb1a,hands_drop,78,,,15,53.86
67b78c8f-8f3e-4d9e-a861-4c7587a5cb1a,hands_splat,81,,,15,53.86
67b78c8f-8f3e-4d9e-a861-4c7587a5cb1a,hands_drop,84,,,15,53.86
67b78c8f-8f3e-4d9e-a861-4c7587a5cb1a,hands_splat,87,,,15,53.86
67b78c8f-8f3e-4d9e-a861-4c7587a5cb1a,hands_drop,90,,,16,53.86
67b78c8f-8f3e-4d9e-a861-4c7587a5cb1a,hands_splat,93,,,16,53.86
67b78c8f-8f3e-4d9e-a861-4c7587a5cb1a,hands_drop,96,,,16,53.86
67b78c8f-8f3e-4d9e-a861-4c7587a5cb1a,hands_splat,99,,,16,53.86
67b78c8f-8f3e-4d9e-a861-4c7587a5cb1a,hands_drop,102,,,16,53.86
67b78c8f-8f3e-4d9e-a861-4c7587a5cb1a,hands_splat,105,,,16,53.86
67b78c8f-8f3e-4d9e-a861-4c7587a5cb1a,hands_drop,108,,,16,53.86
67b78c8f-8f3e-4d9e-a861-4c7587a5cb1a,down,110,2,34,,
67b78c8f-8f3e-4d9e-a861-4c7587a5cb1a,hands_splat,111,,,16,53.86
67b78c8f-8f3e-4d9e-a861-4c7587a5cb1a,hands_drop,114,,,16,51.1
67b78c8f-8f3e-4d9e-a861-4c7587a5cb1a,hands_splat,117,,,16,50.19
67b78c8f-8f3e-4d9e-a861-4c7587a5cb1a,hands_drop,120,,,16,38.38
67b78c8f-8f3e-4d9e-a861-4c7587a5cb1a,hands_splat,123,,,16,30.05
67b78c8f-8f3e-4d9e-a861-4c7587a5cb1a,hands_drop,126,,,16,28.62
67b78c8f-8f3e-4d9e-a861-4c7587a5cb1a,hands_splat,129,,,16,20.1
67b78c8f-8f3e-4d9e-a861-4c7587a5cb1a,hands_drop,130,,,15,20.1
67b78c8f-8f3e-4d9e-a861-4c7587a5cb1a,hands_splat,133,,,15,16.62
67b78c8f-8f3e-4d9e-a861-4c7587a5cb1a,hands_drop,134,,,15,13.95
67b78c8f-8f3e-4d9e-a861-4c7587a5cb1a,hands_splat,137,,,15,8.62
67b78c8f-8f3e-4d9e-a861-4c7587a5cb1a,hands_drop,138,,,16,5.29
67b78c8f-8f3e-4d9e-a861-4c7587a5cb1a,hands_splat,141,,,16,4.71
67b78c8f-8f3e-4d9e-a861-4c7587a5cb1a,hands_drop,142,,,16,2.14
67b78c8f-8f3e-4d9e-a861-4c7587a5cb1a,up,143,,,,
67b78c8f-8f3e-4d9e-a861-4c7587a5cb1a,hands_splat,145,,,16,0.0
6cc2ed49-b3a8-4a9d-99a4-9a87ec373978,hands_drop,0,,,15,100.0
6cc2ed49-b3a8-4a9d-99a4-9a87ec373978,hands_splat,3,,,15,100.0
6cc2ed49-b3a8-4a9d-99a4-9a87ec373978,hands_drop,6,,,16,100.0
6cc2ed49-b3a8-4a9d-99a4-9a87ec373978,hands_splat,9,,,16,100.0
6cc2ed49-b3a8-4a9d-99a4-9a87ec373978,hands_drop,12,,,16,100.0
6cc2ed49-b3a8-4a9d-99a4-9a87ec373978,hands_splat,15,,,16,100.0
6cc2ed49-b3a8-4a9d-99a4-9a87ec373978,hands_drop,18,,,16,100.0
6cc2ed49-b3a8-4a9d-99a4-9a87ec373978,hands_splat,21,,,16,100.0
6cc2ed49-b3a8-4a9d-99a4-9a87ec373978,hands_drop,24,,,16,100.0
6cc2ed49-b3a8-4a9d-99a4-9a87ec373978,hands_splat,27,,,16,100.0
6cc2ed49-b3a8-4a9d-99a4-9a87ec373978,hands_drop,30,,,15,100.0
6cc2ed49-b3a8-4a9d-99a4-9a87ec373978,hands_splat,33,,,15,99.79
6cc2ed49-b3a8-4a9d-99a4-9a87ec373978,hands_drop,36,,,16,99.79
6cc2ed49-b3a8-4a9d-99a4-9a87ec373978,hands_splat,39,,,16,99.79
6cc2ed49-b3a8-4a9d-99a4-9a87ec373978,down,41,1,41,,
6cc2ed49-b3a8-4a9d-99a4-9a87ec373978,hands_drop,42,,,15,99.79
6cc2ed49-b3a8-4a9d-99a4-9a87ec373978,hands_splat,45,,,15,96.0
6cc2ed49-b3a8-4a9d-99a4-9a87ec373978,hands_drop,48,,,15,84.29
6cc2ed49-b3a8-4a9d-99a4-9a87ec373978,hands_splat,51,,,15,81.54
6cc2ed49-b3a8-4a9d-99a4-9a87ec373978,hands_drop,54,,,15,75.12
6cc2ed49-b3a8-4a9d-99a4-9a87ec373978,hands_splat,57,,,15,72.83
6cc2ed49-b3a8-4a9d-99a4-9a87ec373978,hands_drop,60,,,16,66.75
6cc2ed49-b3a8-4a9d-99a4-9a87ec373978,hands_splat,63,,,16,64.54
6cc2ed49-b3a8-4a9d-99a4-9a87ec373978,hands_drop,66,,,15,58.08
6cc2ed49-b3a8-4a9d-99a4-9a87ec373978,hands_splat,69,,,15,56.0
6cc2ed49-b3a8-4a9d-99a4-9a87ec373978,hands_drop,72,,,15,55.92
6cc2ed49-b3a8-4a9d-99a4-9a87ec373978,up,74,,,,
6cc2ed49-b3a8-4a9d-99a4-9a87ec373978,hands_splat,75,,,15,49.29
6cc2ed49-b3a8-4a9d-99a4-9a87ec373978,hands_drop,78,,,16,49.25
6cc2ed49-b3a8-4a9d-99a4-9a87ec373978,hands_splat,81,,,16,49.17
6cc2ed49-b3a8-4a9d-99a4-9a87ec373978,hands_drop,84,,,16,49.17
6cc2ed49-b3a8-4a9d-99a4-9a87ec373978,hands_splat,87,,,16,49.12
6cc2ed49-b3a8-4a9d-99a4-9a87ec373978,hands_drop,90,,,15,49.08
6cc2ed49-b3a8-4a9d-99a4-9a87ec373978,hands_splat,93,,,15,49.08
6cc2ed49-b3a8-4a9d-99a4-9a87ec373978,hands_drop,96,,,15,49.08
6cc2ed49-b3a8-4a9d-99a4-9a87ec373978,hands_splat,99,,,15,49.08
6cc2ed49-b3a8-4a9d-99a4-9a87ec373978,hands_drop,102,,,16,49.08
6cc2ed49-b3a8-4a9d-99a4-9a87ec373978,hands_splat,105,,,16,49.08
6cc2ed49-b3a8-4a9d-99a4-9a87ec373978,hands_drop,108,,,16,49.08
6cc2ed49-b3a8-4a9d-99a4-9a87ec373978,hands_splat,111,,,16,49.08
6cc2ed49-b3a8-4a9d-99a4-9a87ec373978,down,112,2,37,,
6cc2ed49-b3a8-4a9d-99a4-9a87ec373978,hands_drop,114,,,16,49.08
6cc2ed49-b3a8-4a9d-99a4-9a87ec373978,hands_splat,117,,,16,48.71
6cc2ed49-b3a8-4a9d-99a4-9a87ec373978,hands_drop,120,,,15,44.71
6cc2ed49-b3a8-4a9d-99a4-9a87ec373978,hands_splat,123,,,15,42.38
6cc2ed49-b3a8-4a9d-99a4-9a87ec373978,hands_drop,126,,,15,33.83
6cc2ed49-b3a8-4a9d-99a4-9a87ec373978,hands_splat,129,,,15,30.38
6cc2ed49-b3a8-4a9d-99a4-9a87ec373978,hands_drop,130,,,16,30.38
6cc2ed49-b3a8-4a9d-99a4-9a87ec373978,hands_splat,133,,,16,24.92
6cc2ed49-b3a8-4a9d-99a4-9a87ec373978,hands_drop,134,,,16,21.12
6cc2ed49-b3a8-4a9d-99a4-9a87ec373978,hands_splat,137,,,16,19.33
6cc2ed49-b3a8-4a9d-99a4-9a87ec373978,hands_drop,138,,,15,17.58
6cc2ed49-b3a8-4a9d-99a4-9a87ec373978,hands_splat,141,,,15,11.5
6cc2ed49-b3a8-4a9d-99a4-9a87ec373978,hands_drop,142,,,16,11.5
6cc2ed49-b3a8-4a9d-99a4-9a87ec373978,up,145,,,,
6cc2ed49-b3a8-4a9d-99a4-9a87ec373978,hands_splat,145,,,16,11.38
6cc2ed49-b3a8-4a9d-99a4-9a87ec373978,hands_drop,146,,,15,11.38
6cc2ed49-b3a8-4a9d-99a4-9a87ec373978,hands_splat,149,,,15,11.38
6cc2ed49-b3a8-4a9d-99a4-9a87ec373978,hands_drop,150,,,16,11.38
6cc2ed49-b3a8-4a9d-99a4-9a87ec373978,hands_splat,153,,,16,11.33
6cc2ed49-b3a8-4a9d-99a4-9a87ec373978,hands_drop,154,,,16,11.33
6cc2ed49-b3a8-4a9d-99a4-9a87ec373978,hands_splat,157,,,16,11.33
6cc2ed49-b3a8-4a9d-99a4-9a87ec373978,hands_drop,158,,,16,11.33
6cc2ed49-b3a8-4a9d-99a4-9a87ec373978,hands_splat,161,,,16,11.33
6cc2ed49-b3a8-4a9d-99a4-9a87ec373978,hands_drop,162,,,16,11.33
6cc2ed49-b3a8-4a9d-99a4-9a87ec373978,hands_splat,165,,,16,11.33
6cc2ed49-b3a8-4a9d-99a4-9a87ec373978,hands_drop,166,,,16,11.33
6cc2ed49-b3a8-4a9d-99a4-9a87ec373978,hands_splat,169,,,16,11.33
6cc2ed49-b3a8-4a9d-99a4-9a87ec373978,hands_drop,170,,,15,11.33
6cc2ed49-b3a8-4a9d-99a4-9a87ec373978,hands_splat,173,,,15,11.33
6cc2ed49-b3a8-4a9d-99a4-9a87ec373978,hands_drop,174,,,15,11.33
6cc2ed49-b3a8-4a9d-99a4-9a87ec373978,hands_splat,177,,,15,11.33
6cc2ed49-b3a8-4a9d-99a4-9a87ec373978,hands_drop,178,,,15,11.33
6cc2ed49-b3a8-4a9d-99a4-9a87ec373978,hands_splat,181,,,15,11.33
6cc2ed49-b3a8-4a9d-99a4-9a87ec373978,hands_drop,182,,,16,11.33
6cc2ed49-b3a8-4a9d-99a4-9a87ec373978,down,184,3,38,,
6cc2ed49-b3a8-4a9d-99a4-9a87ec373978,hands_splat,185,,,16,11.33
6cc2ed49-b3a8-4a9d-99a4-9a87ec373978,hands_drop,186,,,16,11.33
6cc2ed49-b3a8-4a9d-99a4-9a87ec373978,hands_splat,189,,,16,10.17
6cc2ed49-b3a8-4a9d-99a4-9a87ec373978,hands_drop,190,,,16,9.46
6cc2ed49-b3a8-4a9d-99a4-9a87ec373978,hands_splat,193,,,16,3.21
6cc2ed49-b3a8-4a9d-99a4-9a87ec373978,hands_drop,194,,,16,1.62
6cc2ed49-b3a8-4a9d-99a4-9a87ec373978,hands_splat,197,,,16,0.0
6ef866d5-4ec4-46e3-9e17-db4233f54d00,hands_drop,0,,,15,100.0
6ef866d5-4ec4-46e3-9e17-db4233f54d00,hands_splat,3,,,15,100.0
6ef866d5-4ec4-46e3-9e17-db4233f54d00,hands_drop,6,,,16,100.0
6ef866d5-4ec4-46e3-9e17-db4233f54d00,hands_splat,9,,,16,100.0
6ef866d5-4ec4-46e3-9e17-db4233f54d00,hands_drop,12,,,16,100.0
6ef866d5-4ec4-46e3-9e17-db4233f54d00,hands_splat,15,,,16,100.0
6ef866d5-4ec4-46e3-9e17-db4233f54d00,hands_drop,18,,,15,100.0
6ef866d5-4ec4-46e3-9e17-db4233f54d00,hands_splat,21,,,15,100.0
6ef866d5-4ec4-46e3-9e17-db4233f54d00,hands_drop,24,,,15,100.0
6ef866d5-4ec4-46e3-9e17-db4233f54d00,hands_splat,27,,,15,100.0
6ef866d5-4ec4-46e3-9e17-db4233f54d00,hands_drop,30,,,15,100.0
6ef866d5-4ec4-46e3-9e17-db4233f54d00,hands_splat,33,,,15,100.0
6ef866d5-4ec4-46e3-9e17-db4233f54d00,hands_drop,36,,,15,100.0
6ef866d5-4ec4-46e3-9e17-db4233f54d00,hands_splat,39,,,15,100.0
6ef866d5-4ec4-46e3-9e17-db4233f54d00,hands_drop,42,,,16,100.0
6ef866d5-4ec4-46e3-9e17-db4233f54d00,hands_splat,45,,,16,100.0
6ef866d5-4ec4-46e3-9e17-db4233f54d00,down,46,1,46,,
6ef866d5-4ec4-46e3-9e17-db4233f54d00,hands_drop,48,,,16,100.0
6ef866d5-4ec4-46e3-9e17-db4233f54d00,hands_splat,51,,,16,100.0
6ef866d5-4ec4-46e3-9e17-db4233f54d00,hands_drop,54,,,16,91.39
6ef866d5-4ec4-46e3-9e17-db4233f54d00,hands_splat,57,,,16,87.17
6ef866d5-4ec4-46e3-9e17-db4233f54d00,hands_drop,60,,,16,85.72
6ef866d5-4ec4-46e3-9e17-db4233f54d00,hands_splat,63,,,16,82.06
6ef866d5-4ec4-46e3-9e17-db4233f54d00,hands_drop,66,,,16,79.39
6ef866d5-4ec4-46e3-9e17-db4233f54d00,hands_splat,69,,,16,79.39
6ef866d5-4ec4-46e3-9e17-db4233f54d00,hands_drop,72,,,16,74.89
6ef866d5-4ec4-46e3-9e17-db4233f54d00,hands_splat,75,,,16,74.89
6ef866d5-4ec4-46e3-9e17-db4233f54d00,hands_drop,78,,,16,74.89
6ef866d5-4ec4-46e3-9e17-db4233f54d00,up,79,,,,
6ef866d5-4ec4-46e3-9e17-db4233f54d00,hands_splat,81,,,16,74.89
6ef866d5-4ec4-46e3-9e17-db4233f54d00,hands_drop,84,,,16,74.89
6ef866d5-4ec4-46e3-9e17-db4233f54d00,hands_splat,87,,,16,74.89
6ef866d5-4ec4-46e3-9e17-db4233f54d00,hands_drop,90,,,16,74.89
6ef866d5-4ec4-46e3-9e17-db4233f54d00,hands_splat,93,,,16,74.89
6ef866d5-4ec4-46e3-9e17-db4233f54d00,hands_drop,96,,,14,74.89
6ef866d5-4ec4-46e3-9e17-db4233f54d00,hands_splat,99,,,14,74.89
6ef866d5-4ec4-46e3-9e17-db4233f54d00,hands_drop,102,,,16,74.89
6ef866d5-4ec4-46e3-9e17-db4233f54d00,hands_splat,105,,,16,74.89
6ef866d5-4ec4-46e3-9e17-db4233f54d00,hands_drop,108,,,14,74.89
6ef866d5-4ec4-46e3-9e17-db4233f54d00,hands_splat,111,,,14,74.89
6ef866d5-4ec4-46e3-9e17-db4233f54d00,hands_drop,114,,,15,74.89
6ef866d5-4ec4-46e3-9e17-db4233f54d00,hands_splat,117,,,15,74.89
6ef866d5-4ec4-46e3-9e17-db4233f54d00,down,120,2,40,,
6ef866d5-4ec4-46e3-9e17-db4233f54d00,hands_drop,120,,,16,74.89
6ef866d5-4ec4-46e3-9e17-db4233f54d00,hands_splat,123,,,16,74.89
6ef866d5-4ec4-46e3-9e17-db4233f54d00,hands_drop,126,,,15,73.78
6ef866d5-4ec4-46e3-9e17-db4233f54d00,hands_splat,129,,,15,71.17
6ef866d5-4ec4-46e3-9e17-db4233f54d00,hands_drop,132,,,15,66.28
6ef866d5-4ec4-46e3-9e17-db4233f54d00,hands_splat,135,,,15,66.28
6ef866d5-4ec4-46e3-9e17-db4233f54d00,hands_drop,138,,,15,61.06
6ef866d5-4ec4-46e3-9e17-db4233f54d00,hands_splat,141,,,15,58.94
6ef866d5-4ec4-46e3-9e17-db4233f54d00,hands_drop,144,,,15,57.67
6ef866d5-4ec4-46e3-9e17-db4233f54d00,hands_splat,147,,,15,52.83
6ef866d5-4ec4-46e3-9e17-db4233f54d00,hands_drop,150,,,15,52.83
6ef866d5-4ec4-46e3-9e17-db4233f54d00,up,153,,,,
6ef866d5-4ec4-46e3-9e17-db4233f54d00,hands_splat,153,,,15,52.83
6ef866d5-4ec4-46e3-9e17-db4233f54d00,hands_drop,156,,,16,52.83
6ef866d5-4ec4-46e3-9e17-db4233f54d00,hands_splat,159,,,16,52.83
6ef866d5-4ec4-46e3-9e17-db4233f54d00,hands_drop,162,,,15,52.83
6ef866d5-4ec4-46e3-9e17-db4233f54d00,hands_splat,165,,,15,52.83
6ef866d5-4ec4-46e3-9e17-db4233f54d00,hands_drop,168,,,16,52.83
6ef866d5-4ec4-46e3-9e17-db4233f54d00,hands_splat,171,,,16,52.83
6ef866d5-4ec4-46e3-9e17-db4233f54d00,hands_drop,174,,,16,52.83
6ef866d5-4ec4-46e3-9e17-db4233f54d00,hands_splat,177,,,16,52.83
6ef866d5-4ec4-46e3-9e17-db4233f54d00,hands_drop,180,,,16,52.83
6ef866d5-4ec4-46e3-9e17-db4233f54d00,hands_splat,183,,,16,52.83
6ef866d5-4ec4-46e3-9e17-db4233f54d00,hands_drop,186,,,15,52.83
6ef866d5-4ec4-46e3-9e17-db4233f54d00,hands_splat,189,,,15,52.83
6ef866d5-4ec4-46e3-9e17-db4233f54d00,hands_drop,192,,,15,52.83
6ef866d5-4ec4-46e3-9e17-db4233f54d00,down,195,3,41,,
6ef866d5-4ec4-46e3-9e17-db4233f54d00,hands_splat,195,,,15,52.83
6ef866d5-4ec4-46e3-9e17-db4233f54d00,hands_drop,198,,,15,52.83
6ef866d5-4ec4-46e3-9e17-db4233f54d00,hands_splat,201,,,15,50.06
6ef866d5-4ec4-46e3-9e17-db4233f54d00,hands_drop,204,,,16,49.56
6ef866d5-4ec4-46e3-9e17-db4233f54d00,hands_splat,207,,,16,47.33
6ef866d5-4ec4-46e3-9e17-db4233f54d00,hands_drop,210,,,16,44.17
6ef866d5-4ec4-46e3-9e17-db4233f54d00,hands_splat,213,,,16,42.0
6ef866d5-4ec4-46e3-9e17-db4233f54d00,hands_drop,216,,,16,38.39
6ef866d5-4ec4-46e3-9e17-db4233f54d00,hands_splat,219,,,16,36.0
6ef866d5-4ec4-46e3-9e17-db4233f54d00,hands_drop,220,,,16,34.11
6ef866d5-4ec4-46e3-9e17-db4233f54d00,hands_splat,223,,,16,34.11
6ef866d5-4ec4-46e3-9e17-db4233f54d00,hands_drop,224,,,16,34.11
6ef866d5-4ec4-46e3-9e17-db4233f54d00,hands_splat,227,,,16,34.11
6ef866d5-4ec4-46e3-9e17-db4233f54d00,up,228,,,,
6ef866d5-4ec4-46e3-9e17-db4233f54d00,hands_drop,228,,,16,34.11
6ef866d5-4ec4-46e3-9e17-db4233f54d00,hands_splat,231,,,16,34.11
6ef866d5-4ec4-46e3-9e17-db4233f54d00,hands_drop,232,,,16,34.11
6ef866d5-4ec4-46e3-9e17-db4233f54d00,hands_splat,235,,,16,34.11
6ef866d5-4ec4-46e3-9e17-db4233f54d00,hands_drop,236,,,15,34.11
6ef866d5-4ec4-46e3-9e17-db4233f54d00,hands_splat,239,,,15,34.11
6ef866d5-4ec4-46e3-9e17-db4233f54d00,hands_drop,240,,,16,34.11
6ef866d5-4ec4-46e3-9e17-db4233f54d00,hands_splat,243,,,16,34.11
6ef866d5-4ec4-46e3-9e17-db4233f54d00,hands_drop,244,,,14,34.11
6ef866d5-4ec4-46e3-9e17-db4233f54d00,hands_splat,247,,,14,34.11
6ef866d5-4ec4-46e3-9e17-db4233f54d00,hands_drop,248,,,16,34.11
6ef866d5-4ec4-46e3-9e17-db4233f54d00,hands_splat,251,,,16,34.11
6ef866d5-4ec4-46e3-9e17-db4233f54d00,hands_drop,252,,,16,34.11
6ef866d5-4ec4-46e3-9e17-db4233f54d00,hands_splat,255,,,16,34.11
6ef866d5-4ec4-46e3-9e17-db4233f54d00,hands_drop,256,,,15,34.11
6ef866d5-4ec4-46e3-9e17-db4233f54d00,hands_splat,259,,,15,34.11
6ef866d5-4ec4-46e3-9e17-db4233f54d00,hands_drop,260,,,16,34.11
6ef866d5-4ec4-46e3-9e17-db4233f54d00,hands_splat,263,,,16,34.11
6ef866d5-4ec4-46e3-9e17-db4233f54d00,hands_drop,264,,,16,34.11
6ef866d5-4ec4-46e3-9e17-db4233f54d00,hands_splat,267,,,16,34.11
6ef866d5-4ec4-46e3-9e17-db4233f54d00,hands_drop,268,,,16,34.11
6ef866d5-4ec4-46e3-9e17-db4233f54d00,hands_splat,271,,,16,34.11
6ef866d5-4ec4-46e3-9e17-db4233f54d00,hands_drop,272,,,16,34.11
6ef866d5-4ec4-46e3-9e17-db4233f54d00,down,273,4,44,,
6ef866d5-4ec4-46e3-9e17-db4233f54d00,hands_splat,275,,,16,34.11
6ef866d5-4ec4-46e3-9e17-db4233f54d00,hands_drop,276,,,15,34.11
6ef866d5-4ec4-46e3-9e17-db4233f54d00,hands_splat,279,,,15,34.11
6ef866d5-4ec4-46e3-9e17-db4233f54d00,hands_drop,280,,,16,30.44
6ef866d5-4ec4-46e3-9e17-db4233f54d00,hands_splat,283,,,16,30.44
6ef866d5-4ec4-46e3-9e17-db4233f54d00,hands_drop,284,,,16,30.44
6ef866d5-4ec4-46e3-9e17-db4233f54d00,hands_splat,287,,,16,28.89
6ef866d5-4ec4-46e3-9e17-db4233f54d00,hands_drop,288,,,15,28.89
6ef866d5-4ec4-46e3-9e17-db4233f54d00,hands_splat,291,,,15,22.78
6ef866d5-4ec4-46e3-9e17-db4233f54d00,hands_drop,292,,,15,22.78
6ef866d5-4ec4-46e3-9e17-db4233f54d00,hands_splat,295,,,15,21.17
6ef866d5-4ec4-46e3-9e17-db4233f54d00,hands_drop,296,,,16,21.17
6ef866d5-4ec4-46e3-9e17-db4233f54d00,hands_splat,299,,,16,21.17
6ef866d5-4ec4-46e3-9e17-db4233f54d00,hands_drop,300,,,15,16.17
6ef866d5-4ec4-46e3-9e17-db4233f54d00,hands_splat,303,,,15,16.17
6ef866d5-4ec4-46e3-9e17-db4233f54d00,hands_drop,304,,,14,16.17
6ef866d5-4ec4-46e3-9e17-db4233f54d00,up,306,,,,
6ef866d5-4ec4-46e3-9e17-db4233f54d00,hands_splat,307,,,14,16.17
6ef866d5-4ec4-46e3-9e17-db4233f54d00,hands_drop,308,,,15,16.17
6ef866d5-4ec4-46e3-9e17-db4233f54d00,hands_splat,311,,,15,16.17
6ef866d5-4ec4-46e3-9e17-db4233f54d00,hands_drop,312,,,16,16.17
6ef866d5-4ec4-46e3-9e17-db4233f54d00,hands_splat,315,,,16,16.17
6ef866d5-4ec4-46e3-9e17-db4233f54d00,hands_drop,316,,,16,16.17
6ef866d5-4ec4-46e3-9e17-db4233f54d00,hands_splat,319,,,16,16.17
6ef866d5-4ec4-46e3-9e17-db4233f54d00,hands_drop,320,,,15,16.17
6ef866d5-4ec4-46e3-9e17-db4233f54d00,hands_splat,323,,,15,16.17
6ef866d5-4ec4-46e3-9e17-db4233f54d00,hands_drop,324,,,16,16.17
6ef866d5-4ec4-46e3-9e17-db4233f54d00,hands_splat,327,,,16,16.17
6ef866d5-4ec4-46e3-9e17-db4233f54d00,hands_drop,328,,,15,16.17
6ef866d5-4ec4-46e3-9e17-db4233f54d00,hands_splat,331,,,15,16.17
6ef866d5-4ec4-46e3-9e17-db4233f54d00,hands_drop,332,,,16,16.17
6ef866d5-4ec4-46e3-9e17-db4233f54d00,hands_splat,335,,,16,16.17
6ef866d5-4ec4-46e3-9e17-db4233f54d00,hands_drop,336,,,16,16.17
6ef866d5-4ec4-46e3-9e17-db4233f54d00,hands_splat,339,,,16,16.17
6ef866d5-4ec4-46e3-9e17-db4233f54d00,hands_drop,340,,,16,16.17
6ef866d5-4ec4-46e3-9e17-db4233f54d00,hands_splat,343,,,16,16.17
6ef866d5-4ec4-46e3-9e17-db4233f54d00,hands_drop,344,,,16,16.17
6ef866d5-4ec4-46e3-9e17-db4233f54d00,down,347,5,40,,
6ef866d5-4ec4-46e3-9e17-db4233f54d00,hands_splat,347,,,16,16.17
6ef866d5-4ec4-46e3-9e17-db4233f54d00,hands_drop,348,,,15,16.17
6ef866d5-4ec4-46e3-9e17-db4233f54d00,hands_splat,351,,,15,16.17
6ef866d5-4ec4-46e3-9e17-db4233f54d00,hands_drop,352,,,16,16.17
6ef866d5-4ec4-46e3-9e17-db4233f54d00,hands_splat,355,,,16,11.72
6ef866d5-4ec4-46e3-9e17-db4233f54d00,hands_drop,356,,,15,10.17
6ef866d5-4ec4-46e3-9e17-db4233f54d00,hands_splat,359,,,15,4.89
6ef866d5-4ec4-46e3-9e17-db4233f54d00,hands_drop,360,,,16,4.89
6ef866d5-4ec4-46e3-9e17-db4233f54d00,hands_splat,363,,,16,4.89
6ef866d5-4ec4-46e3-9e17-db4233f54d00,hands_drop,364,,,16,3.56
6ef866d5-4ec4-46e3-9e17-db4233f54d00,hands_splat,367,,,16,3.56
6ef866d5-4ec4-46e3-9e17-db4233f54d00,hands_drop,368,,,15,3.56
6ef866d5-4ec4-46e3-9e17-db4233f54d00,hands_splat,371,,,15,0.0
74700b67-6c79-41d8-b441-c7d96629348a,down,41,1,41,,
74700b67-6c79-41d8-b441-c7d96629348a,up,74,,,,
74700b67-6c79-41d8-b441-c7d96629348a,hands_drop,74,,,16,24.4
74700b67-6c79-41d8-b441-c7d96629348a,hands_splat,77,,,16,24.4
74700b67-6c79-41d8-b441-c7d96629348a,hands_drop,78,,,16,24.4
74700b67-6c79-41d8-b441-c7d96629348a,hands_splat,81,,,16,24.4
74700b67-6c79-41d8-b441-c7d96629348a,hands_drop,82,,,16,24.4
74700b67-6c79-41d8-b441-c7d96629348a,hands_splat,85,,,16,24.0
74700b67-6c79-41d8-b441-c7d96629348a,hands_drop,86,,,16,24.0
74700b67-6c79-41d8-b441-c7d96629348a,hands_splat,89,,,16,23.93
74700b67-6c79-41d8-b441-c7d96629348a,hands_drop,90,,,16,23.87
74700b67-6c79-41d8-b441-c7d96629348a,hands_splat,93,,,16,23.87
74700b67-6c79-41d8-b441-c7d96629348a,hands_drop,94,,,16,23.87
74700b67-6c79-41d8-b441-c7d96629348a,hands_splat,97,,,16,23.87
74700b67-6c79-41d8-b441-c7d96629348a,hands_drop,98,,,16,23.8
74700b67-6c79-41d8-b441-c7d96629348a,hands_splat,101,,,16,23.8
74700b67-6c79-41d8-b441-c7d96629348a,hands_drop,102,,,16,23.8
74700b67-6c79-41d8-b441-c7d96629348a,hands_splat,105,,,16,23.8
74700b67-6c79-41d8-b441-c7d96629348a,hands_drop,106,,,16,23.8
74700b67-6c79-41d8-b441-c7d96629348a,hands_splat,109,,,16,23.8
74700b67-6c79-41d8-b441-c7d96629348a,hands_drop,110,,,16,23.8
74700b67-6c79-41d8-b441-c7d96629348a,down,111,2,36,,
74700b67-6c79-41d8-b441-c7d96629348a,hands_splat,113,,,16,23.8
7ca85464-b9da-470c-a984-82865ece18dc,down,39,1,39,,
7ca85464-b9da-470c-a984-82865ece18dc,up,72,,,,
7ca85464-b9da-470c-a984-82865ece18dc,hands_drop,72,,,16,41.4
7ca85464-b9da-470c-a984-82865ece18dc,hands_splat,75,,,16,41.33
7ca85464-b9da-470c-a984-82865ece18dc,hands_drop,78,,,16,41.33
7ca85464-b9da-470c-a984-82865ece18dc,hands_splat,81,,,16,41.27
7ca85464-b9da-470c-a984-82865ece18dc,hands_drop,84,,,15,41.27
7ca85464-b9da-470c-a984-82865ece18dc,hands_splat,87,,,15,41.27
7ca85464-b9da-470c-a984-82865ece18dc,hands_drop,90,,,16,41.27
7ca85464-b9da-470c-a984-82865ece18dc,hands_splat,93,,,16,41.27
7ca85464-b9da-470c-a984-82865ece18dc,hands_drop,96,,,16,41.27
7ca85464-b9da-470c-a984-82865ece18dc,hands_splat,99,,,16,41.27
7ca85464-b9da-470c-a984-82865ece18dc,hands_drop,102,,,16,41.27
7ca85464-b9da-470c-a984-82865ece18dc,hands_splat,105,,,16,41.27
7ca85464-b9da-470c-a984-82865ece18dc,down,107,2,34,,
7ca85464-b9da-470c-a984-82865ece18dc,up,140,,,,
7ca85464-b9da-470c-a984-82865ece18dc,hands_drop,140,,,16,2.33
7ca85464-b9da-470c-a984-82865ece18dc,hands_splat,143,,,16,2.33
7ca85464-b9da-470c-a984-82865ece18dc,hands_drop,144,,,16,2.27
7ca85464-b9da-470c-a984-82865ece18dc,hands_splat,147,,,16,2.2
7ca85464-b9da-470c-a984-82865ece18dc,hands_drop,148,,,16,2.2
7ca85464-b9da-470c-a984-82865ece18dc,hands_splat,151,,,16,2.2
7ca85464-b9da-470c-a984-82865ece18dc,hands_drop,152,,,16,2.2
7ca85464-b9da-470c-a984-82865ece18dc,hands_splat,155,,,16,2.2
7ca85464-b9da-470c-a984-82865ece18dc,hands_drop,156,,,16,2.2
7ca85464-b9da-470c-a984-82865ece18dc,hands_splat,159,,,16,2.2
7ca85464-b9da-470c-a984-82865ece18dc,hands_drop,160,,,16,2.2
7ca85464-b9da-470c-a984-82865ece18dc,hands_splat,163,,,16,2.2
7ca85464-b9da-470c-a984-82865ece18dc,hands_drop,164,,,16,2.2
7ca85464-b9da-470c-a984-82865ece18dc,hands_splat,167,,,16,2.13
7ca85464-b9da-470c-a984-82865ece18dc,hands_drop,168,,,16,2.13
7ca85464-b9da-470c-a984-82865ece18dc,hands_splat,171,,,16,2.13
7ca85464-b9da-470c-a984-82865ece18dc,hands_drop,172,,,16,2.13
7ca85464-b9da-470c-a984-82865ece18dc,hands_splat,175,,,16,2.13
7ca85464-b9da-470c-a984-82865ece18dc,hands_drop,176,,,15,2.13
7ca85464-b9da-470c-a984-82865ece18dc,hands_splat,179,,,15,2.13
7ca85464-b9da-470c-a984-82865ece18dc,hands_drop,180,,,16,2.13
7ca85464-b9da-470c-a984-82865ece18dc,down,181,3,40,,
7ca85464-b9da-470c-a984-82865ece18dc,hands_splat,183,,,16,2.13
81798959-6cde-49db-b03c-1e0c83384f53,hands_drop,0,,,15,100.0
81798959-6cde-49db-b03c-1e0c83384f53,hands_splat,3,,,15,100.0
81798959-6cde-49db-b03c-1e0c83384f53,hands_drop,6,,,15,100.0
81798959-6cde-49db-b03c-1e0c83384f53,hands_splat,9,,,15,100.0
81798959-6cde-49db-b03c-1e0c83384f53,hands_drop,12,,,15,100.0
81798959-6cde-49db-b03c-1e0c83384f53,hands_splat,15,,,15,100.0
81798959-6cde-49db-b03c-1e0c83384f53,hands_drop,18,,,16,100.0
81798959-6cde-49db-b03c-1e0c83384f53,hands_splat,21,,,16,100.0
81798959-6cde-49db-b03c-1e0c83384f53,hands_drop,24,,,16,100.0
81798959-6cde-49db-b03c-1e0c83384f53,hands_splat,27,,,16,100.0
81798959-6cde-49db-b03c-1e0c83384f53,hands_drop,30,,,16,100.0
81798959-6cde-49db-b03c-1e0c83384f53,hands_splat,33,,,16,100.0
81798959-6cde-49db-b03c-1e0c83384f53,hands_drop,36,,,15,100.0
81798959-6cde-49db-b03c-1e0c83384f53,hands_splat,39,,,15,100.0
81798959-6cde-49db-b03c-1e0c83384f53,hands_drop,42,,,16,100.0
81798959-6cde-49db-b03c-1e0c83384f53,hands_splat,45,,,16,100.0
81798959-6cde-49db-b03c-1e0c83384f53,down,47,1,47,,
81798959-6cde-49db-b03c-1e0c83384f53,hands_drop,48,,,15,100.0
81798959-6cde-49db-b03c-1e0c83384f53,hands_splat,51,,,15,95.19
81798959-6cde-49db-b03c-1e0c83384f53,hands_drop,54,,,15,86.43
81798959-6cde-49db-b03c-1e0c83384f53,hands_splat,57,,,15,85.33
81798959-6cde-49db-b03c-1e0c83384f53,hands_drop,60,,,16,81.38
81798959-6cde-49db-b03c-1e0c83384f53,hands_splat,63,,,16,81.29
81798959-6cde-49db-b03c-1e0c83384f53,hands_drop,66,,,16,79.38
81798959-6cde-49db-b03c-1e0c83384f53,hands_splat,69,,,16,72.33
81798959-6cde-49db-b03c-1e0c83384f53,hands_drop,72,,,16,68.43
81798959-6cde-49db-b03c-1e0c83384f53,hands_splat,75,,,16,53.43
81798959-6cde-49db-b03c-1e0c83384f53,hands_drop,78,,,16,53.43
81798959-6cde-49db-b03c-1e0c83384f53,up,80,,,,
81798959-6cde-49db-b03c-1e0c83384f53,hands_splat,81,,,16,53.33
81798959-6cde-49db-b03c-1e0c83384f53,hands_drop,84,,,16,53.33
81798959-6cde-49db-b03c-1e0c83384f53,hands_splat,87,,,16,53.33
81798959-6cde-49db-b03c-1e0c83384f53,hands_drop,90,,,15,53.33
81798959-6cde-49db-b03c-1e0c83384f53,hands_splat,93,,,15,53.33
81798959-6cde-49db-b03c-1e0c83384f53,hands_drop,96,,,16,53.33
81798959-6cde-49db-b03c-1e0c83384f53,hands_splat,99,,,16,53.33
81798959-6cde-49db-b03c-1e0c83384f53,hands_drop,102,,,16,53.33
81798959-6cde-49db-b03c-1e0c83384f53,hands_splat,105,,,16,53.33
81798959-6cde-49db-b03c-1e0c83384f53,hands_drop,108,,,15,53.33
81798959-6cde-49db-b03c-1e0c83384f53,hands_splat,111,,,15,53.33
81798959-6cde-49db-b03c-1e0c83384f53,hands_drop,114,,,16,53.33
81798959-6cde-49db-b03c-1e0c83384f53,down,115,2,34,,
81798959-6cde-49db-b03c-1e0c83384f53,hands_splat,117,,,16,53.33
81798959-6cde-49db-b03c-1e0c83384f53,hands_drop,120,,,16,53.33
81798959-6cde-49db-b03c-1e0c83384f53,hands_splat,123,,,16,42.33
81798959-6cde-49db-b03c-1e0c83384f53,hands_drop,126,,,16,34.86
81798959-6cde-49db-b03c-1e0c83384f53,hands_splat,129,,,16,31.0
81798959-6cde-49db-b03c-1e0c83384f53,hands_drop,130,,,15,27.48
81798959-6cde-49db-b03c-1e0c83384f53,hands_splat,133,,,15,24.38
81798959-6cde-49db-b03c-1e0c83384f53,hands_drop,134,,,16,24.38
81798959-6cde-49db-b03c-1e0c83384f53,hands_splat,137,,,16,18.62
81798959-6cde-49db-b03c-1e0c83384f53,hands_drop,138,,,15,17.43
81798959-6cde-49db-b03c-1e0c83384f53,hands_splat,141,,,15,12.67
81798959-6cde-49db-b03c-1e0c83384f53,hands_drop,142,,,16,10.24
81798959-6cde-49db-b03c-1e0c83384f53,hands_splat,145,,,16,3.71
81798959-6cde-49db-b03c-1e0c83384f53,hands_drop,146,,,15,3.71
81798959-6cde-49db-b03c-1e0c83384f53,up,148,,,,
81798959-6cde-49db-b03c-1e0c83384f53,hands_splat,149,,,15,2.71
81798959-6cde-49db-b03c-1e0c83384f53,hands_drop,150,,,15,2.33
81798959-6cde-49db-b03c-1e0c83384f53,hands_splat,153,,,15,2.29
81798959-6cde-49db-b03c-1e0c83384f53,hands_drop,154,,,15,2.29
81798959-6cde-49db-b03c-1e0c83384f53,hands_splat,157,,,15,2.24
81798959-6cde-49db-b03c-1e0c83384f53,hands_drop,158,,,15,2.24
81798959-6cde-49db-b03c-1e0c83384f53,hands_splat,161,,,15,2.24
81798959-6cde-49db-b03c-1e0c83384f53,hands_drop,162,,,16,2.24
81798959-6cde-49db-b03c-1e0c83384f53,hands_splat,165,,,16,2.19
81798959-6cde-49db-b03c-1e0c83384f53,hands_drop,166,,,16,2.19
81798959-6cde-49db-b03c-1e0c83384f53,hands_splat,169,,,16,2.19
81798959-6cde-49db-b03c-1e0c83384f53,hands_drop,170,,,15,2.19
81798959-6cde-49db-b03c-1e0c83384f53,hands_splat,173,,,15,2.19
81798959-6cde-49db-b03c-1e0c83384f53,hands_drop,174,,,16,2.19
81798959-6cde-49db-b03c-1e0c83384f53,hands_splat,177,,,16,2.19
81798959-6cde-49db-b03c-1e0c83384f53,hands_drop,178,,,16,2.19
81798959-6cde-49db-b03c-1e0c83384f53,hands_splat,181,,,16,2.19
81798959-6cde-49db-b03c-1e0c83384f53,hands_drop,182,,,16,2.19
81798959-6cde-49db-b03c-1e0c83384f53,hands_splat,185,,,16,2.19
81798959-6cde-49db-b03c-1e0c83384f53,hands_drop,186,,,16,2.19
81798959-6cde-49db-b03c-1e0c83384f53,down,188,3,39,,
81798959-6cde-49db-b03c-1e0c83384f53,hands_splat,189,,,16,2.19
81798959-6cde-49db-b03c-1e0c83384f53,hands_drop,190,,,16,2.19
81798959-6cde-49db-b03c-1e0c83384f53,hands_splat,193,,,16,2.19
81798959-6cde-49db-b03c-1e0c83384f53,hands_drop,194,,,16,2.19
81798959-6cde-49db-b03c-1e0c83384f53,hands_splat,197,,,16,1.9
81798959-6cde-49db-b03c-1e0c83384f53,hands_drop,198,,,16,1.9
81798959-6cde-49db-b03c-1e0c83384f53,hands_splat,201,,,16,0.0
8cd7765c-80ed-4413-a46f-1d95ca3ea417,hands_drop,0,,,15,100.0
8cd7765c-80ed-4413-a46f-1d95ca3ea417,hands_splat,3,,,15,100.0
8cd7765c-80ed-4413-a46f-1d95ca3ea417,hands_drop,6,,,16,100.0
8cd7765c-80ed-4413-a46f-1d95ca3ea417,hands_splat,9,,,16,100.0
8cd7765c-80ed-4413-a46f-1d95ca3ea417,hands_drop,12,,,15,100.0
8cd7765c-80ed-4413-a46f-1d95ca3ea417,hands_splat,15,,,15,100.0
8cd7765c-80ed-4413-a46f-1d95ca3ea417,hands_drop,18,,,16,100.0
8cd7765c-80ed-4413-a46f-1d95ca3ea417,hands_splat,21,,,16,100.0
8cd7765c-80ed-4413-a46f-1d95ca3ea417,hands_drop,24,,,16,100.0
8cd7765c-80ed-4413-a46f-1d95ca3ea417,hands_splat,27,,,16,99.94
8cd7765c-80ed-4413-a46f-1d95ca3ea417,hands_drop,30,,,15,99.94
8cd7765c-80ed-4413-a46f-1d95ca3ea417,hands_splat,33,,,15,99.89
8cd7765c-80ed-4413-a46f-1d95ca3ea417,hands_drop,36,,,16,99.83
8cd7765c-80ed-4413-a46f-1d95ca3ea417,hands_splat,39,,,16,99.83
8cd7765c-80ed-4413-a46f-1d95ca3ea417,down,42,1,42,,
8cd7765c-80ed-4413-a46f-1d95ca3ea417,hands_drop,42,,,16,99.83
8cd7765c-80ed-4413-a46f-1d95ca3ea417,hands_splat,45,,,16,99.83
8cd7765c-80ed-4413-a46f-1d95ca3ea417,hands_drop,48,,,15,98.44
8cd7765c-80ed-4413-a46f-1d95ca3ea417,hands_splat,51,,,15,94.78
8cd7765c-80ed-4413-a46f-1d95ca3ea417,hands_drop,54,,,16,92.56
8cd7765c-80ed-4413-a46f-1d95ca3ea417,hands_splat,57,,,16,92.39
8cd7765c-80ed-4413-a46f-1d95ca3ea417,hands_drop,60,,,16,90.44
8cd7765c-80ed-4413-a46f-1d95ca3ea417,hands_splat,63,,,16,87.89
8cd7765c-80ed-4413-a46f-1d95ca3ea417,hands_drop,66,,,16,87.89
8cd7765c-80ed-4413-a46f-1d95ca3ea417,hands_splat,69,,,16,86.61
8cd7765c-80ed-4413-a46f-1d95ca3ea417,hands_drop,72,,,15,86.61
8cd7765c-80ed-4413-a46f-1d95ca3ea417,up,75,,,,
8cd7765c-80ed-4413-a46f-1d95ca3ea417,hands_splat,75,,,15,83.67
8cd7765c-80ed-4413-a46f-1d95ca3ea417,hands_drop,78,,,16,83.67
8cd7765c-80ed-4413-a46f-1d95ca3ea417,hands_splat,81,,,16,83.67
8cd7765c-80ed-4413-a46f-1d95ca3ea417,hands_drop,84,,,16,83.67
8cd7765c-80ed-4413-a46f-1d95ca3ea417,hands_splat,87,,,16,83.67
8cd7765c-80ed-4413-a46f-1d95ca3ea417,hands_drop,90,,,16,82.06
8cd7765c-80ed-4413-a46f-1d95ca3ea417,hands_splat,93,,,16,82.06
8cd7765c-80ed-4413-a46f-1d95ca3ea417,hands_drop,96,,,15,82.06
8cd7765c-80ed-4413-a46f-1d95ca3ea417,hands_splat,99,,,15,80.94
8cd7765c-80ed-4413-a46f-1d95ca3ea417,hands_drop,102,,,16,80.94
8cd7765c-80ed-4413-a46f-1d95ca3ea417,hands_splat,105,,,16,80.89
8cd7765c-80ed-4413-a46f-1d95ca3ea417,hands_drop,108,,,16,80.89
8cd7765c-80ed-4413-a46f-1d95ca3ea417,hands_splat,111,,,16,80.89
8cd7765c-80ed-4413-a46f-1d95ca3ea417,hands_drop,114,,,15,80.89
8cd7765c-80ed-4413-a46f-1d95ca3ea417,down,116,2,40,,
8cd7765c-80ed-4413-a46f-1d95ca3ea417,hands_splat,117,,,15,80.89
8cd7765c-80ed-4413-a46f-1d95ca3ea417,hands_drop,120,,,16,80.89
8cd7765c-80ed-4413-a46f-1d95ca3ea417,hands_splat,123,,,16,78.56
8cd7765c-80ed-4413-a46f-1d95ca3ea417,hands_drop,126,,,16,75.67
8cd7765c-80ed-4413-a46f-1d95ca3ea417,hands_splat,129,,,16,75.61
8cd7765c-80ed-4413-a46f-1d95ca3ea417,hands_drop,132,,,15,71.72
8cd7765c-80ed-4413-a46f-1d95ca3ea417,hands_splat,135,,,15,71.67
8cd7765c-80ed-4413-a46f-1d95ca3ea417,hands_drop,138,,,14,68.94
8cd7765c-80ed-4413-a46f-1d95ca3ea417,hands_splat,141,,,14,66.0
8cd7765c-80ed-4413-a46f-1d95ca3ea417,hands_drop,144,,,15,66.0
8cd7765c-80ed-4413-a46f-1d95ca3ea417,hands_splat,147,,,15,64.89
8cd7765c-80ed-4413-a46f-1d95ca3ea417,up,149,,,,
8cd7765c-80ed-4413-a46f-1d95ca3ea417,hands_drop,150,,,16,64.89
8cd7765c-80ed-4413-a46f-1d95ca3ea417,hands_splat,153,,,16,64.83
8cd7765c-80ed-4413-a46f-1d95ca3ea417,hands_drop,156,,,15,64.78
8cd7765c-80ed-4413-a46f-1d95ca3ea417,hands_splat,159,,,15,64.78
8cd7765c-80ed-4413-a46f-1d95ca3ea417,hands_drop,162,,,16,64.78
8cd7765c-80ed-4413-a46f-1d95ca3ea417,hands_splat,165,,,16,64.78
8cd7765c-80ed-4413-a46f-1d95ca3ea417,hands_drop,168,,,16,64.78
8cd7765c-80ed-4413-a46f-1d95ca3ea417,hands_splat,171,,,16,64.78
8cd7765c-80ed-4413-a46f-1d95ca3ea417,hands_drop,174,,,15,64.72
8cd7765c-80ed-4413-a46f-1d95ca3ea417,hands_splat,177,,,15,64.72
8cd7765c-80ed-4413-a46f-1d95ca3ea417,hands_drop,180,,,15,64.72
8cd7765c-80ed-4413-a46f-1d95ca3ea417,hands_splat,183,,,15,64.72
8cd7765c-80ed-4413-a46f-1d95ca3ea417,hands_drop,186,,,16,64.72
8cd7765c-80ed-4413-a46f-1d95ca3ea417,hands_splat,189,,,16,64.72
8cd7765c-80ed-4413-a46f-1d95ca3ea417,hands_drop,192,,,15,64.72
8cd7765c-80ed-4413-a46f-1d95ca3ea417,hands_splat,195,,,15,64.72
8cd7765c-80ed-4413-a46f-1d95ca3ea417,down,196,3,46,,
8cd7765c-80ed-4413-a46f-1d95ca3ea417,hands_drop,198,,,16,64.72
8cd7765c-80ed-4413-a46f-1d95ca3ea417,hands_splat,201,,,16,60.28
8cd7765c-80ed-4413-a46f-1d95ca3ea417,hands_drop,204,,,15,60.22
8cd7765c-80ed-4413-a46f-1d95ca3ea417,hands_splat,207,,,15,57.61
8cd7765c-80ed-4413-a46f-1d95ca3ea417,hands_drop,210,,,16,57.61
8cd7765c-80ed-4413-a46f-1d95ca3ea417,hands_splat,213,,,16,54.78
8cd7765c-80ed-4413-a46f-1d95ca3ea417,hands_drop,216,,,16,53.11
8cd7765c-80ed-4413-a46f-1d95ca3ea417,hands_splat,219,,,16,52.94
8cd7765c-80ed-4413-a46f-1d95ca3ea417,hands_drop,222,,,16,51.94
8cd7765c-80ed-4413-a46f-1d95ca3ea417,hands_splat,225,,,16,51.83
8cd7765c-80ed-4413-a46f-1d95ca3ea417,hands_drop,228,,,16,51.17
8cd7765c-80ed-4413-a46f-1d95ca3ea417,up,229,,,,
8cd7765c-80ed-4413-a46f-1d95ca3ea417,hands_splat,231,,,16,51.17
8cd7765c-80ed-4413-a46f-1d95ca3ea417,hands_drop,234,,,16,51.17
8cd7765c-80ed-4413-a46f-1d95ca3ea417,hands_splat,237,,,16,51.11
8cd7765c-80ed-4413-a46f-1d95ca3ea417,hands_drop,240,,,16,51.11
8cd7765c-80ed-4413-a46f-1d95ca3ea417,hands_splat,243,,,16,51.06
8cd7765c-80ed-4413-a46f-1d95ca3ea417,hands_drop,246,,,16,51.06
8cd7765c-80ed-4413-a46f-1d95ca3ea417,hands_splat,249,,,16,50.33
8cd7765c-80ed-4413-a46f-1d95ca3ea417,hands_drop,252,,,15,50.33
8cd7765c-80ed-4413-a46f-1d95ca3ea417,hands_splat,255,,,15,50.33
8cd7765c-80ed-4413-a46f-1d95ca3ea417,hands_drop,258,,,15,50.33
8cd7765c-80ed-4413-a46f-1d95ca3ea417,hands_splat,261,,,15,49.0
8cd7765c-80ed-4413-a46f-1d95ca3ea417,hands_drop,264,,,16,49.0
8cd7765c-80ed-4413-a46f-1d95ca3ea417,hands_splat,267,,,16,48.94
8cd7765c-80ed-4413-a46f-1d95ca3ea417,down,268,4,38,,
8cd7765c-80ed-4413-a46f-1d95ca3ea417,hands_drop,270,,,16,48.94
8cd7765c-80ed-4413-a46f-1d95ca3ea417,hands_splat,273,,,16,44.83
8cd7765c-80ed-4413-a46f-1d95ca3ea417,hands_drop,276,,,16,41.94
8cd7765c-80ed-4413-a46f-1d95ca3ea417,hands_splat,279,,,16,40.94
8cd7765c-80ed-4413-a46f-1d95ca3ea417,hands_drop,282,,,16,39.06
8cd7765c-80ed-4413-a46f-1d95ca3ea417,hands_splat,285,,,16,36.72
8cd7765c-80ed-4413-a46f-1d95ca3ea417,hands_drop,286,,,16,36.72
8cd7765c-80ed-4413-a46f-1d95ca3ea417,hands_splat,289,,,16,36.56
8cd7765c-80ed-4413-a46f-1d95ca3ea417,hands_drop,290,,,16,34.5
8cd7765c-80ed-4413-a46f-1d95ca3ea417,hands_splat,293,,,16,34.44
8cd7765c-80ed-4413-a46f-1d95ca3ea417,hands_drop,294,,,15,34.44
8cd7765c-80ed-4413-a46f-1d95ca3ea417,hands_splat,297,,,15,30.44
8cd7765c-80ed-4413-a46f-1d95ca3ea417,hands_drop,298,,,15,30.44
8cd7765c-80ed-4413-a46f-1d95ca3ea417,up,301,,,,
8cd7765c-80ed-4413-a46f-1d95ca3ea417,hands_splat,301,,,15,28.61
8cd7765c-80ed-4413-a46f-1d95ca3ea417,hands_drop,302,,,15,28.61
8cd7765c-80ed-4413-a46f-1d95ca3ea417,hands_splat,305,,,15,28.61
8cd7765c-80ed-4413-a46f-1d95ca3ea417,hands_drop,306,,,16,28.56
8cd7765c-80ed-4413-a46f-1d95ca3ea417,hands_splat,309,,,16,28.56
8cd7765c-80ed-4413-a46f-1d95ca3ea417,hands_drop,310,,,16,28.56
8cd7765c-80ed-4413-a46f-1d95ca3ea417,hands_splat,313,,,16,28.56
8cd7765c-80ed-4413-a46f-1d95ca3ea417,hands_drop,314,,,16,28.56
8cd7765c-80ed-4413-a46f-1d95ca3ea417,hands_splat,317,,,16,28.56
8cd7765c-80ed-4413-a46f-1d95ca3ea417,hands_drop,318,,,16,28.17
8cd7765c-80ed-4413-a46f-1d95ca3ea417,hands_splat,321,,,16,28.17
8cd7765c-80ed-4413-a46f-1d95ca3ea417,hands_drop,322,,,16,28.17
8cd7765c-80ed-4413-a46f-1d95ca3ea417,hands_splat,325,,,16,28.11
8cd7765c-80ed-4413-a46f-1d95ca3ea417,hands_drop,326,,,15,28.11
8cd7765c-80ed-4413-a46f-1d95ca3ea417,hands_splat,329,,,15,28.11
8cd7765c-80ed-4413-a46f-1d95ca3ea417,hands_drop,330,,,16,28.11
8cd7765c-80ed-4413-a46f-1d95ca3ea417,hands_splat,333,,,16,28.11
8cd7765c-80ed-4413-a46f-1d95ca3ea417,hands_drop,334,,,16,27.78
8cd7765c-80ed-4413-a46f-1d95ca3ea417,hands_splat,337,,,16,27.78
8cd7765c-80ed-4413-a46f-1d95ca3ea417,hands_drop,338,,,14,27.78
8cd7765c-80ed-4413-a46f-1d95ca3ea417,hands_splat,341,,,14,27.78
8cd7765c-80ed-4413-a46f-1d95ca3ea417,hands_drop,342,,,16,27.78
8cd7765c-80ed-4413-a46f-1d95ca3ea417,hands_splat,345,,,16,27.72
8cd7765c-80ed-4413-a46f-1d95ca3ea417,down,346,5,44,,
8cd7765c-80ed-4413-a46f-1d95ca3ea417,hands_drop,346,,,16,27.72
8cd7765c-80ed-4413-a46f-1d95ca3ea417,hands_splat,349,,,16,27.67
8cd7765c-80ed-4413-a46f-1d95ca3ea417,hands_drop,350,,,15,27.67
8cd7765c-80ed-4413-a46f-1d95ca3ea417,hands_splat,353,,,15,23.78
8cd7765c-80ed-4413-a46f-1d95ca3ea417,hands_drop,354,,,16,23.78
8cd7765c-80ed-4413-a46f-1d95ca3ea417,hands_splat,357,,,16,22.33
8cd7765c-80ed-4413-a46f-1d95ca3ea417,hands_drop,358,,,16,22.33
8cd7765c-80ed-4413-a46f-1d95ca3ea417,hands_splat,361,,,16,19.89
8cd7765c-80ed-4413-a46f-1d95ca3ea417,hands_drop,362,,,15,19.89
8cd7765c-80ed-4413-a46f-1d95ca3ea417,hands_splat,365,,,15,19.72
8cd7765c-80ed-4413-a46f-1d95ca3ea417,hands_drop,366,,,14,18.33
8cd7765c-80ed-4413-a46f-1d95ca3ea417,hands_splat,369,,,14,18.28
8cd7765c-80ed-4413-a46f-1d95ca3ea417,hands_drop,370,,,16,18.28
8cd7765c-80ed-4413-a46f-1d95ca3ea417,hands_splat,373,,,16,15.89
8cd7765c-80ed-4413-a46f-1d95ca3ea417,hands_drop,374,,,16,15.89
8cd7765c-80ed-4413-a46f-1d95ca3ea417,hands_splat,377,,,16,12.44
8cd7765c-80ed-4413-a46f-1d95ca3ea417,hands_drop,378,,,16,12.44
8cd7765c-80ed-4413-a46f-1d95ca3ea417,up,379,,,,
8cd7765c-80ed-4413-a46f-1d95ca3ea417,hands_splat,381,,,16,12.44
8cd7765c-80ed-4413-a46f-1d95ca3ea417,hands_drop,382,,,16,12.44
8cd7765c-80ed-4413-a46f-1d95ca3ea417,hands_splat,385,,,16,12.39
8cd7765c-80ed-4413-a46f-1d95ca3ea417,hands_drop,386,,,16,12.39
8cd7765c-80ed-4413-a46f-1d95ca3ea417,hands_splat,389,,,16,12.39
8cd7765c-80ed-4413-a46f-1d95ca3ea417,hands_drop,390,,,15,12.39
8cd7765c-80ed-4413-a46f-1d95ca3ea417,hands_splat,393,,,15,12.33
8cd7765c-80ed-4413-a46f-1d95ca3ea417,hands_drop,394,,,14,12.33
8cd7765c-80ed-4413-a46f-1d95ca3ea417,hands_splat,397,,,14,12.28
8cd7765c-80ed-4413-a46f-1d95ca3ea417,hands_drop,398,,,15,12.28
8cd7765c-80ed-4413-a46f-1d95ca3ea417,hands_splat,401,,,15,12.0
8cd7765c-80ed-4413-a46f-1d95ca3ea417,hands_drop,402,,,15,12.0
8cd7765c-80ed-4413-a46f-1d95ca3ea417,hands_splat,405,,,15,11.11
8cd7765c-80ed-4413-a46f-1d95ca3ea417,hands_drop,406,,,15,11.11
8cd7765c-80ed-4413-a46f-1d95ca3ea417,hands_splat,409,,,15,11.11
8cd7765c-80ed-4413-a46f-1d95ca3ea417,hands_drop,410,,,16,11.11
8cd7765c-80ed-4413-a46f-1d95ca3ea417,hands_splat,413,,,16,10.28
8cd7765c-80ed-4413-a46f-1d95ca3ea417,hands_drop,414,,,16,10.28
8cd7765c-80ed-4413-a46f-1d95ca3ea417,hands_splat,417,,,16,10.28
8cd7765c-80ed-4413-a46f-1d95ca3ea417,down,418,6,38,,
8cd7765c-80ed-4413-a46f-1d95ca3ea417,hands_drop,418,,,15,10.22
8cd7765c-80ed-4413-a46f-1d95ca3ea417,hands_splat,421,,,15,10.22
8cd7765c-80ed-4413-a46f-1d95ca3ea417,hands_drop,422,,,16,10.11
8cd7765c-80ed-4413-a46f-1d95ca3ea417,hands_splat,425,,,16,8.61
8cd7765c-80ed-4413-a46f-1d95ca3ea417,hands_drop,426,,,16,8.61
8cd7765c-80ed-4413-a46f-1d95ca3ea417,hands_splat,429,,,16,5.67
8cd7765c-80ed-4413-a46f-1d95ca3ea417,hands_drop,430,,,16,5.56
8cd7765c-80ed-4413-a46f-1d95ca3ea417,hands_splat,433,,,16,2.83
8cd7765c-80ed-4413-a46f-1d95ca3ea417,hands_drop,434,,,15,2.83
8cd7765c-80ed-4413-a46f-1d95ca3ea417,hands_splat,437,,,15,2.83
8cd7765c-80ed-4413-a46f-1d95ca3ea417,hands_drop,438,,,16,0.0
8cd7765c-80ed-4413-a46f-1d95ca3ea417,hands_splat,441,,,16,0.0
8dd0ab18-f359-4fda-b614-02190f0e0432,down,39,1,39,,
8dd0ab18-f359-4fda-b614-02190f0e0432,up,72,,,,
8dd0ab18-f359-4fda-b614-02190f0e0432,hands_drop,72,,,16,46.86
8dd0ab18-f359-4fda-b614-02190f0e0432,hands_splat,75,,,16,46.86
8dd0ab18-f359-4fda-b614-02190f0e0432,hands_drop,78,,,16,46.86
8dd0ab18-f359-4fda-b614-02190f0e0432,hands_splat,81,,,16,46.86
8dd0ab18-f359-4fda-b614-02190f0e0432,hands_drop,84,,,16,46.86
8dd0ab18-f359-4fda-b614-02190f0e0432,hands_splat,87,,,16,46.86
8dd0ab18-f359-4fda-b614-02190f0e0432,hands_drop,90,,,16,46.86
8dd0ab18-f359-4fda-b614-02190f0e0432,hands_splat,93,,,16,46.86
8dd0ab18-f359-4fda-b614-02190f0e0432,hands_drop,96,,,16,46.86
8dd0ab18-f359-4fda-b614-02190f0e0432,hands_splat,99,,,16,46.86
8dd0ab18-f359-4fda-b614-02190f0e0432,hands_drop,102,,,16,46.86
8dd0ab18-f359-4fda-b614-02190f0e0432,hands_splat,105,,,16,46.86
8dd0ab18-f359-4fda-b614-02190f0e0432,hands_drop,108,,,15,46.86
8dd0ab18-f359-4fda-b614-02190f0e0432,down,111,2,38,,
8dd0ab18-f359-4fda-b614-02190f0e0432,hands_splat,111,,,15,46.86
99a19877-b298-4f81-920a-4dab071af96f,down,40,1,40,,
99a19877-b298-4f81-920a-4dab071af96f,up,73,,,,
99a19877-b298-4f81-920a-4dab071af96f,hands_drop,73,,,16,32.15
99a19877-b298-4f81-920a-4dab071af96f,hands_splat,76,,,16,32.15
99a19877-b298-4f81-920a-4dab071af96f,hands_drop,77,,,16,32.15
99a19877-b298-4f81-920a-4dab071af96f,hands_splat,80,,,16,32.05
99a19877-b298-4f81-920a-4dab071af96f,hands_drop,81,,,16,32.05
99a19877-b298-4f81-920a-4dab071af96f,hands_splat,84,,,16,32.05
99a19877-b298-4f81-920a-4dab071af96f,hands_drop,85,,,16,32.05
99a19877-b298-4f81-920a-4dab071af96f,hands_splat,88,,,16,32.05
99a19877-b298-4f81-920a-4dab071af96f,hands_drop,89,,,16,32.05
99a19877-b298-4f81-920a-4dab071af96f,hands_splat,92,,,16,32.05
99a19877-b298-4f81-920a-4dab071af96f,hands_drop,93,,,16,32.05
99a19877-b298-4f81-920a-4dab071af96f,hands_splat,96,,,16,32.05
99a19877-b298-4f81-920a-4dab071af96f,hands_drop,97,,,16,32.05
99a19877-b298-4f81-920a-4dab071af96f,hands_splat,100,,,16,32.05
99a19877-b298-4f81-920a-4dab071af96f,hands_drop,101,,,15,32.05
99a19877-b298-4f81-920a-4dab071af96f,hands_splat,104,,,15,32.05
99a19877-b298-4f81-920a-4dab071af96f,hands_drop,105,,,16,32.05
99a19877-b298-4f81-920a-4dab071af96f,down,108,2,34,,
99a19877-b298-4f81-920a-4dab071af96f,hands_splat,108,,,16,32.05
9b105e28-702a-40b0-97c3-90dadc859cd8,hands_drop,0,,,16,100.0
9b105e28-702a-40b0-97c3-90dadc859cd8,hands_splat,3,,,16,100.0
9b105e28-702a-40b0-97c3-90dadc859cd8,hands_drop,6,,,15,100.0
9b105e28-702a-40b0-97c3-90dadc859cd8,hands_splat,9,,,15,99.92
9b105e28-702a-40b0-97c3-90dadc859cd8,hands_drop,12,,,15,99.88
9b105e28-702a-40b0-97c3-90dadc859cd8,hands_splat,15,,,15,99.88
9b105e28-702a-40b0-97c3-90dadc859cd8,hands_drop,18,,,16,99.88
9b105e28-702a-40b0-97c3-90dadc859cd8,hands_splat,21,,,16,99.88
9b105e28-702a-40b0-97c3-90dadc859cd8,hands_drop,24,,,16,98.0
9b105e28-702a-40b0-97c3-90dadc859cd8,hands_splat,27,,,16,97.96
9b105e28-702a-40b0-97c3-90dadc859cd8,hands_drop,30,,,16,97.96
9b105e28-702a-40b0-97c3-90dadc859cd8,hands_splat,33,,,16,97.92
9b105e28-702a-40b0-97c3-90dadc859cd8,hands_drop,36,,,15,97.88
9b105e28-702a-40b0-97c3-90dadc859cd8,hands_splat,39,,,15,97.88
9b105e28-702a-40b0-97c3-90dadc859cd8,hands_drop,42,,,15,97.88
9b105e28-702a-40b0-97c3-90dadc859cd8,hands_splat,45,,,15,97.88
9b105e28-702a-40b0-97c3-90dadc859cd8,down,47,1,47,,
9b105e28-702a-40b0-97c3-90dadc859cd8,hands_drop,48,,,15,97.88
9b105e28-702a-40b0-97c3-90dadc859cd8,hands_splat,51,,,15,94.83
9b105e28-702a-40b0-97c3-90dadc859cd8,hands_drop,54,,,15,87.46
9b105e28-702a-40b0-97c3-90dadc859cd8,hands_splat,57,,,15,80.21
9b105e28-702a-40b0-97c3-90dadc859cd8,hands_drop,60,,,16,76.71
9b105e28-702a-40b0-97c3-90dadc859cd8,hands_splat,63,,,16,71.0
9b105e28-702a-40b0-97c3-90dadc859cd8,hands_drop,66,,,14,63.62
9b105e28-702a-40b0-97c3-90dadc859cd8,hands_splat,69,,,14,60.25
9b105e28-702a-40b0-97c3-90dadc859cd8,hands_drop,72,,,16,52.29
9b105e28-702a-40b0-97c3-90dadc859cd8,hands_splat,75,,,16,46.0
9b105e28-702a-40b0-97c3-90dadc859cd8,hands_drop,78,,,16,40.96
9b105e28-702a-40b0-97c3-90dadc859cd8,up,80,,,,
9b105e28-702a-40b0-97c3-90dadc859cd8,hands_splat,81,,,16,38.54
9b105e28-702a-40b0-97c3-90dadc859cd8,hands_drop,84,,,15,38.54
9b105e28-702a-40b0-97c3-90dadc859cd8,hands_splat,87,,,15,38.5
9b105e28-702a-40b0-97c3-90dadc859cd8,hands_drop,88,,,16,38.5
9b105e28-702a-40b0-97c3-90dadc859cd8,hands_splat,91,,,16,38.5
9b105e28-702a-40b0-97c3-90dadc859cd8,hands_drop,92,,,15,38.5
9b105e28-702a-40b0-97c3-90dadc859cd8,hands_splat,95,,,15,38.5
9b105e28-702a-40b0-97c3-90dadc859cd8,hands_drop,96,,,16,38.5
9b105e28-702a-40b0-97c3-90dadc859cd8,hands_splat,99,,,16,38.5
9b105e28-702a-40b0-97c3-90dadc859cd8,hands_drop,100,,,16,38.5
9b105e28-702a-40b0-97c3-90dadc859cd8,hands_splat,103,,,16,38.5
9b105e28-702a-40b0-97c3-90dadc859cd8,hands_drop,104,,,16,38.5
9b105e28-702a-40b0-97c3-90dadc859cd8,hands_splat,107,,,16,38.5
9b105e28-702a-40b0-97c3-90dadc859cd8,hands_drop,108,,,15,38.5
9b105e28-702a-40b0-97c3-90dadc859cd8,hands_splat,111,,,15,38.5
9b105e28-702a-40b0-97c3-90dadc859cd8,hands_drop,112,,,16,38.5
9b105e28-702a-40b0-97c3-90dadc859cd8,down,115,2,34,,
9b105e28-702a-40b0-97c3-90dadc859cd8,hands_splat,115,,,16,38.5
9b105e28-702a-40b0-97c3-90dadc859cd8,hands_drop,116,,,16,38.5
9b105e28-702a-40b0-97c3-90dadc859cd8,hands_splat,119,,,16,38.5
9b105e28-702a-40b0-97c3-90dadc859cd8,hands_drop,120,,,15,38.5
9b105e28-702a-40b0-97c3-90dadc859cd8,hands_splat,123,,,15,35.96
9b105e28-702a-40b0-97c3-90dadc859cd8,hands_drop,124,,,15,33.75
9b105e28-702a-40b0-97c3-90dadc859cd8,hands_splat,127,,,15,31.83
9b105e28-702a-40b0-97c3-90dadc859cd8,hands_drop,128,,,16,31.83
9b105e28-702a-40b0-97c3-90dadc859cd8,hands_splat,131,,,16,30.38
9b105e28-702a-40b0-97c3-90dadc859cd8,hands_drop,132,,,16,30.38
9b105e28-702a-40b0-97c3-90dadc859cd8,hands_splat,135,,,16,29.88
9b105e28-702a-40b0-97c3-90dadc859cd8,hands_drop,136,,,15,26.92
9b105e28-702a-40b0-97c3-90dadc859cd8,hands_splat,139,,,15,25.92
9b105e28-702a-40b0-97c3-90dadc859cd8,hands_drop,140,,,16,25.92
9b105e28-702a-40b0-97c3-90dadc859cd8,hands_splat,143,,,16,22.92
9b105e28-702a-40b0-97c3-90dadc859cd8,hands_drop,144,,,16,20.46
9b105e28-702a-40b0-97c3-90dadc859cd8,hands_splat,147,,,16,20.46
9b105e28-702a-40b0-97c3-90dadc859cd8,up,148,,,,
9b105e28-702a-40b0-97c3-90dadc859cd8,hands_drop,148,,,16,20.46
9b105e28-702a-40b0-97c3-90dadc859cd8,hands_splat,151,,,16,20.42
9b105e28-702a-40b0-97c3-90dadc859cd8,hands_drop,152,,,16,20.42
9b105e28-702a-40b0-97c3-90dadc859cd8,hands_splat,155,,,16,20.42
9b105e28-702a-40b0-97c3-90dadc859cd8,hands_drop,156,,,16,20.42
9b105e28-702a-40b0-97c3-90dadc859cd8,hands_splat,159,,,16,20.38
9b105e28-702a-40b0-97c3-90dadc859cd8,hands_drop,160,,,16,20.38
9b105e28-702a-40b0-97c3-90dadc859cd8,hands_splat,163,,,16,20.38
9b105e28-702a-40b0-97c3-90dadc859cd8,hands_drop,164,,,16,20.38
9b105e28-702a-40b0-97c3-90dadc859cd8,hands_splat,167,,,16,20.38
9b105e28-702a-40b0-97c3-90dadc859cd8,hands_drop,168,,,16,20.38
9b105e28-702a-40b0-97c3-90dadc859cd8,hands_splat,171,,,16,20.38
9b105e28-702a-40b0-97c3-90dadc859cd8,hands_drop,172,,,16,20.38
9b105e28-702a-40b0-97c3-90dadc859cd8,hands_splat,175,,,16,20.38
9b105e28-702a-40b0-97c3-90dadc859cd8,hands_drop,176,,,16,20.38
9b105e28-702a-40b0-97c3-90dadc859cd8,hands_splat,179,,,16,20.38
9b105e28-702a-40b0-97c3-90dadc859cd8,hands_drop,180,,,16,20.38
9b105e28-702a-40b0-97c3-90dadc859cd8,hands_splat,183,,,16,20.38
9b105e28-702a-40b0-97c3-90dadc859cd8,hands_drop,184,,,16,20.38
9b105e28-702a-40b0-97c3-90dadc859cd8,down,187,3,38,,
9b105e28-702a-40b0-97c3-90dadc859cd8,hands_splat,187,,,16,20.38
9b105e28-702a-40b0-97c3-90dadc859cd8,hands_drop,188,,,15,20.38
9b105e28-702a-40b0-97c3-90dadc859cd8,hands_splat,191,,,15,20.38
9b105e28-702a-40b0-97c3-90dadc859cd8,hands_drop,192,,,16,20.38
9b105e28-702a-40b0-97c3-90dadc859cd8,hands_splat,195,,,16,17.92
9b105e28-702a-40b0-97c3-90dadc859cd8,hands_drop,196,,,15,17.92
9b105e28-702a-40b0-97c3-90dadc859cd8,hands_splat,199,,,15,14.67
9b105e28-702a-40b0-97c3-90dadc859cd8,hands_drop,200,,,16,14.67
9b105e28-702a-40b0-97c3-90dadc859cd8,hands_splat,203,,,16,13.25
9b105e28-702a-40b0-97c3-90dadc859cd8,hands_drop,204,,,16,13.21
9b105e28-702a-40b0-97c3-90dadc859cd8,hands_splat,207,,,16,10.71
9b105e28-702a-40b0-97c3-90dadc859cd8,hands_drop,208,,,16,8.33
9b105e28-702a-40b0-97c3-90dadc859cd8,hands_splat,211,,,16,8.33
9b105e28-702a-40b0-97c3-90dadc859cd8,hands_drop,212,,,16,6.96
9b105e28-702a-40b0-97c3-90dadc859cd8,hands_splat,215,,,16,3.58
9b105e28-702a-40b0-97c3-90dadc859cd8,hands_drop,216,,,16,3.58
9b105e28-702a-40b0-97c3-90dadc859cd8,hands_splat,219,,,16,1.42
9b105e28-702a-40b0-97c3-90dadc859cd8,up,220,,,,
9b105e28-702a-40b0-97c3-90dadc859cd8,hands_drop,220,,,16,1.42
9b105e28-702a-40b0-97c3-90dadc859cd8,hands_splat,223,,,16,1.42
9b105e28-702a-40b0-97c3-90dadc859cd8,hands_drop,224,,,15,1.42
9b105e28-702a-40b0-97c3-90dadc859cd8,hands_splat,227,,,15,1.42
9b105e28-702a-40b0-97c3-90dadc859cd8,hands_drop,228,,,15,1.42
9b105e28-702a-40b0-97c3-90dadc859cd8,hands_splat,231,,,15,1.42
9b105e28-702a-40b0-97c3-90dadc859cd8,hands_drop,232,,,15,1.42
9b105e28-702a-40b0-97c3-90dadc859cd8,hands_splat,235,,,15,1.42
9b105e28-702a-40b0-97c3-90dadc859cd8,hands_drop,236,,,15,1.42
9b105e28-702a-40b0-97c3-90dadc859cd8,hands_splat,239,,,15,1.38
9b105e28-702a-40b0-97c3-90dadc859cd8,hands_drop,240,,,15,1.38
9b105e28-702a-40b0-97c3-90dadc859cd8,hands_splat,243,,,15,1.38
9b105e28-702a-40b0-97c3-90dadc859cd8,hands_drop,244,,,14,1.38
9b105e28-702a-40b0-97c3-90dadc859cd8,hands_splat,247,,,14,1.38
9b105e28-702a-40b0-97c3-90dadc859cd8,hands_drop,248,,,15,1.38
9b105e28-702a-40b0-97c3-90dadc859cd8,hands_splat,251,,,15,1.38
9b105e28-702a-40b0-97c3-90dadc859cd8,hands_drop,252,,,16,1.38
9b105e28-702a-40b0-97c3-90dadc859cd8,hands_splat,255,,,16,1.38
9b105e28-702a-40b0-97c3-90dadc859cd8,hands_drop,256,,,16,1.38
9b105e28-702a-40b0-97c3-90dadc859cd8,hands_splat,259,,,16,1.38
9b105e28-702a-40b0-97c3-90dadc859cd8,hands_drop,260,,,16,1.38
9b105e28-702a-40b0-97c3-90dadc859cd8,hands_splat,263,,,16,1.38
9b105e28-702a-40b0-97c3-90dadc859cd8,hands_drop,264,,,16,1.38
9b105e28-702a-40b0-97c3-90dadc859cd8,down,266,4,45,,
9b105e28-702a-40b0-97c3-90dadc859cd8,hands_splat,267,,,16,1.38
9b105e28-702a-40b0-97c3-90dadc859cd8,hands_drop,268,,,16,1.38
9b105e28-702a-40b0-97c3-90dadc859cd8,hands_splat,271,,,16,1.38
9b105e28-702a-40b0-97c3-90dadc859cd8,hands_drop,272,,,16,0.0
9b105e28-702a-40b0-97c3-90dadc859cd8,hands_splat,275,,,16,0.0
a2968a27-1164-47cb-be4a-c5903764b9c9,hands_drop,19,,,16,89.6
a2968a27-1164-47cb-be4a-c5903764b9c9,hands_splat,22,,,16,89.6
a2968a27-1164-47cb-be4a-c5903764b9c9,hands_drop,25,,,15,89.6
a2968a27-1164-47cb-be4a-c5903764b9c9,hands_splat,28,,,15,88.4
a2968a27-1164-47cb-be4a-c5903764b9c9,hands_drop,31,,,16,88.4
a2968a27-1164-47cb-be4a-c5903764b9c9,hands_splat,34,,,16,86.73
a2968a27-1164-47cb-be4a-c5903764b9c9,hands_drop,37,,,16,84.87
a2968a27-1164-47cb-be4a-c5903764b9c9,hands_splat,40,,,16,84.47
a2968a27-1164-47cb-be4a-c5903764b9c9,hands_drop,43,,,16,80.87
a2968a27-1164-47cb-be4a-c5903764b9c9,hands_splat,46,,,16,80.87
a2968a27-1164-47cb-be4a-c5903764b9c9,down,47,1,47,,
a2968a27-1164-47cb-be4a-c5903764b9c9,up,80,,,,
a2968a27-1164-47cb-be4a-c5903764b9c9,hands_drop,81,,,16,42.13
a2968a27-1164-47cb-be4a-c5903764b9c9,hands_splat,84,,,16,42.13
a2968a27-1164-47cb-be4a-c5903764b9c9,hands_drop,87,,,16,42.13
a2968a27-1164-47cb-be4a-c5903764b9c9,hands_splat,90,,,16,42.13
a2968a27-1164-47cb-be4a-c5903764b9c9,hands_drop,93,,,16,42.13
a2968a27-1164-47cb-be4a-c5903764b9c9,hands_splat,96,,,16,42.13
a2968a27-1164-47cb-be4a-c5903764b9c9,hands_drop,99,,,16,42.13
a2968a27-1164-47cb-be4a-c5903764b9c9,hands_splat,102,,,16,42.13
a2968a27-1164-47cb-be4a-c5903764b9c9,hands_drop,105,,,16,38.47
a2968a27-1164-47cb-be4a-c5903764b9c9,hands_splat,108,,,16,38.47
a2968a27-1164-47cb-be4a-c5903764b9c9,hands_drop,111,,,16,38.47
a2968a27-1164-47cb-be4a-c5903764b9c9,hands_splat,114,,,16,38.47
a2968a27-1164-47cb-be4a-c5903764b9c9,hands_drop,115,,,16,38.47
a2968a27-1164-47cb-be4a-c5903764b9c9,down,116,2,35,,
a2968a27-1164-47cb-be4a-c5903764b9c9,hands_splat,118,,,16,38.47
b820118f-2752-4f73-9aaa-1e33672ffa1b,hands_drop,0,,,15,100.0
b820118f-2752-4f73-9aaa-1e33672ffa1b,hands_splat,3,,,15,100.0
b820118f-2752-4f73-9aaa-1e33672ffa1b,hands_drop,6,,,16,100.0
b820118f-2752-4f73-9aaa-1e33672ffa1b,hands_splat,9,,,16,100.0
b820118f-2752-4f73-9aaa-1e33672ffa1b,hands_drop,12,,,16,99.22
b820118f-2752-4f73-9aaa-1e33672ffa1b,hands_splat,15,,,16,99.22
b820118f-2752-4f73-9aaa-1e33672ffa1b,hands_drop,18,,,16,99.22
b820118f-2752-4f73-9aaa-1e33672ffa1b,hands_splat,21,,,16,99.22
b820118f-2752-4f73-9aaa-1e33672ffa1b,hands_drop,24,,,16,97.72
b820118f-2752-4f73-9aaa-1e33672ffa1b,hands_splat,27,,,16,97.72
b820118f-2752-4f73-9aaa-1e33672ffa1b,hands_drop,30,,,15,97.72
b820118f-2752-4f73-9aaa-1e33672ffa1b,hands_splat,33,,,15,97.67
b820118f-2752-4f73-9aaa-1e33672ffa1b,hands_drop,36,,,16,97.67
b820118f-2752-4f73-9aaa-1e33672ffa1b,hands_splat,39,,,16,97.67
b820118f-2752-4f73-9aaa-1e33672ffa1b,down,42,1,42,,
b820118f-2752-4f73-9aaa-1e33672ffa1b,hands_drop,42,,,16,97.67
b820118f-2752-4f73-9aaa-1e33672ffa1b,hands_splat,45,,,16,95.11
b820118f-2752-4f73-9aaa-1e33672ffa1b,hands_drop,48,,,16,94.94
b820118f-2752-4f73-9aaa-1e33672ffa1b,hands_splat,51,,,16,91.44
b820118f-2752-4f73-9aaa-1e33672ffa1b,hands_drop,54,,,16,87.78
b820118f-2752-4f73-9aaa-1e33672ffa1b,hands_splat,57,,,16,86.5
b820118f-2752-4f73-9aaa-1e33672ffa1b,hands_drop,60,,,16,84.33
b820118f-2752-4f73-9aaa-1e33672ffa1b,hands_splat,63,,,16,79.33
b820118f-2752-4f73-9aaa-1e33672ffa1b,hands_drop,66,,,15,79.22
b820118f-2752-4f73-9aaa-1e33672ffa1b,hands_splat,69,,,15,76.06
b820118f-2752-4f73-9aaa-1e33672ffa1b,hands_drop,72,,,14,76.06
b820118f-2752-4f73-9aaa-1e33672ffa1b,up,75,,,,
b820118f-2752-4f73-9aaa-1e33672ffa1b,hands_splat,75,,,14,73.22
b820118f-2752-4f73-9aaa-1e33672ffa1b,hands_drop,78,,,15,73.17
b820118f-2752-4f73-9aaa-1e33672ffa1b,hands_splat,81,,,15,73.17
b820118f-2752-4f73-9aaa-1e33672ffa1b,hands_drop,84,,,16,73.17
b820118f-2752-4f73-9aaa-1e33672ffa1b,hands_splat,87,,,16,73.17
b820118f-2752-4f73-9aaa-1e33672ffa1b,hands_drop,90,,,15,73.17
b820118f-2752-4f73-9aaa-1e33672ffa1b,hands_splat,93,,,15,73.17
b820118f-2752-4f73-9aaa-1e33672ffa1b,hands_drop,96,,,15,73.17
b820118f-2752-4f73-9aaa-1e33672ffa1b,hands_splat,99,,,15,73.17
b820118f-2752-4f73-9aaa-1e33672ffa1b,hands_drop,102,,,15,73.17
b820118f-2752-4f73-9aaa-1e33672ffa1b,hands_splat,105,,,15,73.17
b820118f-2752-4f73-9aaa-1e33672ffa1b,hands_drop,108,,,16,73.11
b820118f-2752-4f73-9aaa-1e33672ffa1b,hands_splat,111,,,16,73.06
b820118f-2752-4f73-9aaa-1e33672ffa1b,hands_drop,114,,,16,73.0
b820118f-2752-4f73-9aaa-1e33672ffa1b,hands_splat,117,,,16,73.0
b820118f-2752-4f73-9aaa-1e33672ffa1b,down,118,2,42,,
b820118f-2752-4f73-9aaa-1e33672ffa1b,hands_drop,120,,,15,73.0
b820118f-2752-4f73-9aaa-1e33672ffa1b,hands_splat,123,,,15,71.0
b820118f-2752-4f73-9aaa-1e33672ffa1b,hands_drop,126,,,16,71.0
b820118f-2752-4f73-9aaa-1e33672ffa1b,hands_splat,129,,,16,68.94
b820118f-2752-4f73-9aaa-1e33672ffa1b,hands_drop,132,,,16,67.78
b820118f-2752-4f73-9aaa-1e33672ffa1b,hands_splat,135,,,16,67.61
b820118f-2752-4f73-9aaa-1e33672ffa1b,hands_drop,138,,,15,62.89
b820118f-2752-4f73-9aaa-1e33672ffa1b,hands_splat,141,,,15,62.83
b820118f-2752-4f73-9aaa-1e33672ffa1b,hands_drop,144,,,16,62.0
b820118f-2752-4f73-9aaa-1e33672ffa1b,hands_splat,147,,,16,58.22
b820118f-2752-4f73-9aaa-1e33672ffa1b,hands_drop,150,,,16,58.22
b820118f-2752-4f73-9aaa-1e33672ffa1b,up,151,,,,
b820118f-2752-4f73-9aaa-1e33672ffa1b,hands_splat,153,,,16,58.17
b820118f-2752-4f73-9aaa-1e33672ffa1b,hands_drop,156,,,15,58.11
b820118f-2752-4f73-9aaa-1e33672ffa1b,hands_splat,159,,,15,58.11
b820118f-2752-4f73-9aaa-1e33672ffa1b,hands_drop,162,,,15,58.06
b820118f-2752-4f73-9aaa-1e33672ffa1b,hands_splat,165,,,15,58.06
b820118f-2752-4f73-9aaa-1e33672ffa1b,hands_drop,168,,,16,58.06
b820118f-2752-4f73-9aaa-1e33672ffa1b,hands_splat,171,,,16,58.06
b820118f-2752-4f73-9aaa-1e33672ffa1b,hands_drop,174,,,15,58.06
b820118f-2752-4f73-9aaa-1e33672ffa1b,hands_splat,177,,,15,58.0
b820118f-2752-4f73-9aaa-1e33672ffa1b,hands_drop,180,,,16,58.0
b820118f-2752-4f73-9aaa-1e33672ffa1b,hands_splat,183,,,16,57.94
b820118f-2752-4f73-9aaa-1e33672ffa1b,hands_drop,186,,,16,57.94
b820118f-2752-4f73-9aaa-1e33672ffa1b,hands_splat,189,,,16,57.94
b820118f-2752-4f73-9aaa-1e33672ffa1b,down,190,3,38,,
b820118f-2752-4f73-9aaa-1e33672ffa1b,hands_drop,192,,,16,57.94
b820118f-2752-4f73-9aaa-1e33672ffa1b,hands_splat,195,,,16,54.72
b820118f-2752-4f73-9aaa-1e33672ffa1b,hands_drop,198,,,15,54.61
b820118f-2752-4f73-9aaa-1e33672ffa1b,hands_splat,201,,,15,50.56
b820118f-2752-4f73-9aaa-1e33672ffa1b,hands_drop,204,,,16,47.89
b820118f-2752-4f73-9aaa-1e33672ffa1b,hands_splat,207,,,16,47.72
b820118f-2752-4f73-9aaa-1e33672ffa1b,hands_drop,210,,,16,44.72
b820118f-2752-4f73-9aaa-1e33672ffa1b,hands_splat,213,,,16,44.72
b820118f-2752-4f73-9aaa-1e33672ffa1b,hands_drop,216,,,16,40.61
b820118f-2752-4f73-9aaa-1e33672ffa1b,hands_splat,219,,,16,38.94
b820118f-2752-4f73-9aaa-1e33672ffa1b,hands_drop,222,,,16,38.83
b820118f-2752-4f73-9aaa-1e33672ffa1b,up,223,,,,
b820118f-2752-4f73-9aaa-1e33672ffa1b,hands_splat,225,,,16,38.83
b820118f-2752-4f73-9aaa-1e33672ffa1b,hands_drop,226,,,15,38.83
b820118f-2752-4f73-9aaa-1e33672ffa1b,hands_splat,229,,,15,38.83
b820118f-2752-4f73-9aaa-1e33672ffa1b,hands_drop,230,,,14,38.83
b820118f-2752-4f73-9aaa-1e33672ffa1b,hands_splat,233,,,14,38.78
b820118f-2752-4f73-9aaa-1e33672ffa1b,hands_drop,234,,,16,38.78
b820118f-2752-4f73-9aaa-1e33672ffa1b,hands_splat,237,,,16,38.78
b820118f-2752-4f73-9aaa-1e33672ffa1b,hands_drop,238,,,16,38.72
b820118f-2752-4f73-9aaa-1e33672ffa1b,hands_splat,241,,,16,38.72
b820118f-2752-4f73-9aaa-1e33672ffa1b,hands_drop,242,,,15,38.72
b820118f-2752-4f73-9aaa-1e33672ffa1b,hands_splat,245,,,15,38.72
b820118f-2752-4f73-9aaa-1e33672ffa1b,hands_drop,246,,,15,38.72
b820118f-2752-4f73-9aaa-1e33672ffa1b,hands_splat,249,,,15,38.72
b820118f-2752-4f73-9aaa-1e33672ffa1b,hands_drop,250,,,16,38.72
b820118f-2752-4f73-9aaa-1e33672ffa1b,hands_splat,253,,,16,38.67
b820118f-2752-4f73-9aaa-1e33672ffa1b,hands_drop,254,,,15,38.67
b820118f-2752-4f73-9aaa-1e33672ffa1b,hands_splat,257,,,15,38.61
b820118f-2752-4f73-9aaa-1e33672ffa1b,hands_drop,258,,,15,38.61
b820118f-2752-4f73-9aaa-1e33672ffa1b,hands_splat,261,,,15,38.61
b820118f-2752-4f73-9aaa-1e33672ffa1b,hands_drop,262,,,16,38.61
b820118f-2752-4f73-9aaa-1e33672ffa1b,down,264,4,40,,
b820118f-2752-4f73-9aaa-1e33672ffa1b,hands_splat,265,,,16,38.61
b820118f-2752-4f73-9aaa-1e33672ffa1b,hands_drop,266,,,16,38.61
b820118f-2752-4f73-9aaa-1e33672ffa1b,hands_splat,269,,,16,35.0
b820118f-2752-4f73-9aaa-1e33672ffa1b,hands_drop,270,,,16,35.0
b820118f-2752-4f73-9aaa-1e33672ffa1b,hands_splat,273,,,16,32.5
b820118f-2752-4f73-9aaa-1e33672ffa1b,hands_drop,274,,,15,32.5
b820118f-2752-4f73-9aaa-1e33672ffa1b,hands_splat,277,,,15,32.5
b820118f-2752-4f73-9aaa-1e33672ffa1b,hands_drop,278,,,16,28.17
b820118f-2752-4f73-9aaa-1e33672ffa1b,hands_splat,281,,,16,28.17
b820118f-2752-4f73-9aaa-1e33672ffa1b,hands_drop,282,,,16,28.17
b820118f-2752-4f73-9aaa-1e33672ffa1b,hands_splat,285,,,16,24.94
b820118f-2752-4f73-9aaa-1e33672ffa1b,hands_drop,286,,,15,24.94
b820118f-2752-4f73-9aaa-1e33672ffa1b,hands_splat,289,,,15,23.28
b820118f-2752-4f73-9aaa-1e33672ffa1b,hands_drop,290,,,16,23.28
b820118f-2752-4f73-9aaa-1e33672ffa1b,hands_splat,293,,,16,19.56
b820118f-2752-4f73-9aaa-1e33672ffa1b,hands_drop,294,,,15,19.56
b820118f-2752-4f73-9aaa-1e33672ffa1b,up,297,,,,
b820118f-2752-4f73-9aaa-1e33672ffa1b,hands_splat,297,,,15,19.39
b820118f-2752-4f73-9aaa-1e33672ffa1b,hands_drop,298,,,16,19.39
b820118f-2752-4f73-9aaa-1e33672ffa1b,hands_splat,301,,,16,19.33
b820118f-2752-4f73-9aaa-1e33672ffa1b,hands_drop,302,,,15,19.33
b820118f-2752-4f73-9aaa-1e33672ffa1b,hands_splat,305,,,15,19.28
b820118f-2752-4f73-9aaa-1e33672ffa1b,hands_drop,306,,,15,19.28
b820118f-2752-4f73-9aaa-1e33672ffa1b,hands_splat,309,,,15,19.22
b820118f-2752-4f73-9aaa-1e33672ffa1b,hands_drop,310,,,16,19.22
b820118f-2752-4f73-9aaa-1e33672ffa1b,hands_splat,313,,,16,19.22
b820118f-2752-4f73-9aaa-1e33672ffa1b,hands_drop,314,,,15,19.22
b820118f-2752-4f73-9aaa-1e33672ffa1b,hands_splat,317,,,15,19.22
b820118f-2752-4f73-9aaa-1e33672ffa1b,hands_drop,318,,,16,19.22
b820118f-2752-4f73-9aaa-1e33672ffa1b,hands_splat,321,,,16,19.22
b820118f-2752-4f73-9aaa-1e33672ffa1b,hands_drop,322,,,16,19.22
b820118f-2752-4f73-9aaa-1e33672ffa1b,hands_splat,325,,,16,19.22
b820118f-2752-4f73-9aaa-1e33672ffa1b,hands_drop,326,,,16,19.22
b820118f-2752-4f73-9aaa-1e33672ffa1b,hands_splat,329,,,16,19.22
b820118f-2752-4f73-9aaa-1e33672ffa1b,hands_drop,330,,,16,19.22
b820118f-2752-4f73-9aaa-1e33672ffa1b,hands_splat,333,,,16,19.22
b820118f-2752-4f73-9aaa-1e33672ffa1b,hands_drop,334,,,16,19.22
b820118f-2752-4f73-9aaa-1e33672ffa1b,down,336,5,38,,
b820118f-2752-4f73-9aaa-1e33672ffa1b,hands_splat,337,,,16,19.22
b820118f-2752-4f73-9aaa-1e33672ffa1b,hands_drop,338,,,16,19.22
b820118f-2752-4f73-9aaa-1e33672ffa1b,hands_splat,341,,,16,14.83
b820118f-2752-4f73-9aaa-1e33672ffa1b,hands_drop,342,,,15,14.83
b820118f-2752-4f73-9aaa-1e33672ffa1b,hands_splat,345,,,15,13.89
b820118f-2752-4f73-9aaa-1e33672ffa1b,hands_drop,346,,,16,13.89
b820118f-2752-4f73-9aaa-1e33672ffa1b,hands_splat,349,,,16,11.11
b820118f-2752-4f73-9aaa-1e33672ffa1b,hands_drop,350,,,16,11.11
b820118f-2752-4f73-9aaa-1e33672ffa1b,hands_splat,353,,,16,7.44
b820118f-2752-4f73-9aaa-1e33672ffa1b,hands_drop,354,,,16,7.44
b820118f-2752-4f73-9aaa-1e33672ffa1b,hands_splat,357,,,16,7.33
b820118f-2752-4f73-9aaa-1e33672ffa1b,hands_drop,358,,,16,5.33
b820118f-2752-4f73-9aaa-1e33672ffa1b,hands_splat,361,,,16,5.28
b820118f-2752-4f73-9aaa-1e33672ffa1b,hands_drop,362,,,15,5.28
b820118f-2752-4f73-9aaa-1e33672ffa1b,hands_splat,365,,,15,2.67
b820118f-2752-4f73-9aaa-1e33672ffa1b,hands_drop,366,,,14,2.67
b820118f-2752-4f73-9aaa-1e33672ffa1b,up,369,,,,
b820118f-2752-4f73-9aaa-1e33672ffa1b,hands_splat,369,,,14,0.0
bda8e70b-30a1-4b07-bf6a-9d682f798d4b,hands_drop,0,,,16,100.0
bda8e70b-30a1-4b07-bf6a-9d682f798d4b,hands_splat,3,,,16,100.0
bda8e70b-30a1-4b07-bf6a-9d682f798d4b,hands_drop,6,,,15,100.0
bda8e70b-30a1-4b07-bf6a-9d682f798d4b,hands_splat,9,,,15,100.0
bda8e70b-30a1-4b07-bf6a-9d682f798d4b,hands_drop,12,,,16,100.0
bda8e70b-30a1-4b07-bf6a-9d682f798d4b,hands_splat,15,,,16,100.0
bda8e70b-30a1-4b07-bf6a-9d682f798d4b,hands_drop,18,,,15,100.0
bda8e70b-30a1-4b07-bf6a-9d682f798d4b,hands_splat,21,,,15,100.0
bda8e70b-30a1-4b07-bf6a-9d682f798d4b,hands_drop,24,,,16,100.0
bda8e70b-30a1-4b07-bf6a-9d682f798d4b,hands_splat,27,,,16,100.0
bda8e70b-30a1-4b07-bf6a-9d682f798d4b,hands_drop,30,,,16,100.0
bda8e70b-30a1-4b07-bf6a-9d682f798d4b,hands_splat,33,,,16,100.0
bda8e70b-30a1-4b07-bf6a-9d682f798d4b,hands_drop,36,,,16,100.0
bda8e70b-30a1-4b07-bf6a-9d682f798d4b,hands_splat,39,,,16,100.0
bda8e70b-30a1-4b07-bf6a-9d682f798d4b,down,41,1,41,,
bda8e70b-30a1-4b07-bf6a-9d682f798d4b,hands_drop,42,,,15,100.0
bda8e70b-30a1-4b07-bf6a-9d682f798d4b,hands_splat,45,,,15,100.0
bda8e70b-30a1-4b07-bf6a-9d682f798d4b,hands_drop,48,,,15,91.39
bda8e70b-30a1-4b07-bf6a-9d682f798d4b,hands_splat,51,,,15,85.06
bda8e70b-30a1-4b07-bf6a-9d682f798d4b,hands_drop,54,,,15,83.78
bda8e70b-30a1-4b07-bf6a-9d682f798d4b,hands_splat,57,,,15,79.06
bda8e70b-30a1-4b07-bf6a-9d682f798d4b,hands_drop,60,,,16,75.61
bda8e70b-30a1-4b07-bf6a-9d682f798d4b,hands_splat,63,,,16,71.56
bda8e70b-30a1-4b07-bf6a-9d682f798d4b,hands_drop,66,,,16,65.0
bda8e70b-30a1-4b07-bf6a-9d682f798d4b,hands_splat,69,,,16,61.5
bda8e70b-30a1-4b07-bf6a-9d682f798d4b,hands_drop,72,,,16,61.5
bda8e70b-30a1-4b07-bf6a-9d682f798d4b,up,74,,,,
bda8e70b-30a1-4b07-bf6a-9d682f798d4b,hands_splat,75,,,16,61.5
bda8e70b-30a1-4b07-bf6a-9d682f798d4b,hands_drop,78,,,15,61.5
bda8e70b-30a1-4b07-bf6a-9d682f798d4b,hands_splat,81,,,15,61.5
bda8e70b-30a1-4b07-bf6a-9d682f798d4b,hands_drop,84,,,14,61.5
bda8e70b-30a1-4b07-bf6a-9d682f798d4b,hands_splat,87,,,14,61.5
bda8e70b-30a1-4b07-bf6a-9d682f798d4b,hands_drop,90,,,16,61.5
bda8e70b-30a1-4b07-bf6a-9d682f798d4b,hands_splat,93,,,16,61.5
bda8e70b-30a1-4b07-bf6a-9d682f798d4b,hands_drop,96,,,15,61.5
bda8e70b-30a1-4b07-bf6a-9d682f798d4b,hands_splat,99,,,15,61.5
bda8e70b-30a1-4b07-bf6a-9d682f798d4b,hands_drop,102,,,15,61.5
bda8e70b-30a1-4b07-bf6a-9d682f798d4b,hands_splat,105,,,15,61.5
bda8e70b-30a1-4b07-bf6a-9d682f798d4b,hands_drop,108,,,15,61.5
bda8e70b-30a1-4b07-bf6a-9d682f798d4b,hands_splat,111,,,15,61.5
bda8e70b-30a1-4b07-bf6a-9d682f798d4b,hands_drop,114,,,16,61.5
bda8e70b-30a1-4b07-bf6a-9d682f798d4b,hands_splat,117,,,16,61.5
bda8e70b-30a1-4b07-bf6a-9d682f798d4b,hands_drop,120,,,16,61.5
bda8e70b-30a1-4b07-bf6a-9d682f798d4b,down,121,2,46,,
bda8e70b-30a1-4b07-bf6a-9d682f798d4b,hands_splat,123,,,16,61.5
bda8e70b-30a1-4b07-bf6a-9d682f798d4b,hands_drop,126,,,16,58.78
bda8e70b-30a1-4b07-bf6a-9d682f798d4b,hands_splat,129,,,16,58.78
bda8e70b-30a1-4b07-bf6a-9d682f798d4b,hands_drop,132,,,16,55.39
bda8e70b-30a1-4b07-bf6a-9d682f798d4b,hands_splat,135,,,16,52.22
bda8e70b-30a1-4b07-bf6a-9d682f798d4b,hands_drop,138,,,16,52.22
bda8e70b-30a1-4b07-bf6a-9d682f798d4b,hands_splat,141,,,16,45.44
bda8e70b-30a1-4b07-bf6a-9d682f798d4b,hands_drop,144,,,16,45.44
bda8e70b-30a1-4b07-bf6a-9d682f798d4b,hands_splat,147,,,16,40.83
bda8e70b-30a1-4b07-bf6a-9d682f798d4b,hands_drop,150,,,14,40.83
bda8e70b-30a1-4b07-bf6a-9d682f798d4b,hands_splat,153,,,14,40.83
bda8e70b-30a1-4b07-bf6a-9d682f798d4b,up,154,,,,
bda8e70b-30a1-4b07-bf6a-9d682f798d4b,hands_drop,156,,,16,40.83
bda8e70b-30a1-4b07-bf6a-9d682f798d4b,hands_splat,159,,,16,40.83
bda8e70b-30a1-4b07-bf6a-9d682f798d4b,hands_drop,162,,,15,40.83
bda8e70b-30a1-4b07-bf6a-9d682f798d4b,hands_splat,165,,,15,40.83
bda8e70b-30a1-4b07-bf6a-9d682f798d4b,hands_drop,168,,,15,40.83
bda8e70b-30a1-4b07-bf6a-9d682f798d4b,hands_splat,171,,,15,40.83
bda8e70b-30a1-4b07-bf6a-9d682f798d4b,hands_drop,174,,,15,40.83
bda8e70b-30a1-4b07-bf6a-9d682f798d4b,hands_splat,177,,,15,40.83
bda8e70b-30a1-4b07-bf6a-9d682f798d4b,hands_drop,180,,,16,40.83
bda8e70b-30a1-4b07-bf6a-9d682f798d4b,hands_splat,183,,,16,40.83
bda8e70b-30a1-4b07-bf6a-9d682f798d4b,hands_drop,186,,,16,40.83
bda8e70b-30a1-4b07-bf6a-9d682f798d4b,hands_splat,189,,,16,40.83
bda8e70b-30a1-4b07-bf6a-9d682f798d4b,down,190,3,35,,
bda8e70b-30a1-4b07-bf6a-9d682f798d4b,hands_drop,192,,,16,40.83
bda8e70b-30a1-4b07-bf6a-9d682f798d4b,hands_splat,195,,,16,40.83
bda8e70b-30a1-4b07-bf6a-9d682f798d4b,hands_drop,198,,,15,34.89
bda8e70b-30a1-4b07-bf6a-9d682f798d4b,hands_splat,201,,,15,31.56
bda8e70b-30a1-4b07-bf6a-9d682f798d4b,hands_drop,202,,,16,28.11
bda8e70b-30a1-4b07-bf6a-9d682f798d4b,hands_splat,205,,,16,28.11
bda8e70b-30a1-4b07-bf6a-9d682f798d4b,hands_drop,206,,,16,24.67
bda8e70b-30a1-4b07-bf6a-9d682f798d4b,hands_splat,209,,,16,24.28
bda8e70b-30a1-4b07-bf6a-9d682f798d4b,hands_drop,210,,,14,24.28
bda8e70b-30a1-4b07-bf6a-9d682f798d4b,hands_splat,213,,,14,20.67
bda8e70b-30a1-4b07-bf6a-9d682f798d4b,hands_drop,214,,,15,20.67
bda8e70b-30a1-4b07-bf6a-9d682f798d4b,hands_splat,217,,,15,16.22
bda8e70b-30a1-4b07-bf6a-9d682f798d4b,hands_drop,218,,,16,16.22
bda8e70b-30a1-4b07-bf6a-9d682f798d4b,hands_splat,221,,,16,16.22
bda8e70b-30a1-4b07-bf6a-9d682f798d4b,hands_drop,222,,,16,16.22
bda8e70b-30a1-4b07-bf6a-9d682f798d4b,up,223,,,,
bda8e70b-30a1-4b07-bf6a-9d682f798d4b,hands_splat,225,,,16,16.22
bda8e70b-30a1-4b07-bf6a-9d682f798d4b,hands_drop,226,,,15,16.22
bda8e70b-30a1-4b07-bf6a-9d682f798d4b,hands_splat,229,,,15,16.22
bda8e70b-30a1-4b07-bf6a-9d682f798d4b,hands_drop,230,,,15,16.22
bda8e70b-30a1-4b07-bf6a-9d682f798d4b,hands_splat,233,,,15,16.22
bda8e70b-30a1-4b07-bf6a-9d682f798d4b,hands_drop,234,,,15,16.22
bda8e70b-30a1-4b07-bf6a-9d682f798d4b,hands_splat,237,,,15,16.22
bda8e70b-30a1-4b07-bf6a-9d682f798d4b,hands_drop,238,,,16,16.22
bda8e70b-30a1-4b07-bf6a-9d682f798d4b,hands_splat,241,,,16,16.22
bda8e70b-30a1-4b07-bf6a-9d682f798d4b,hands_drop,242,,,16,16.22
bda8e70b-30a1-4b07-bf6a-9d682f798d4b,hands_splat,245,,,16,16.22
bda8e70b-30a1-4b07-bf6a-9d682f798d4b,hands_drop,246,,,15,16.22
bda8e70b-30a1-4b07-bf6a-9d682f798d4b,hands_splat,249,,,15,16.22
bda8e70b-30a1-4b07-bf6a-9d682f798d4b,hands_drop,250,,,15,16.22
bda8e70b-30a1-4b07-bf6a-9d682f798d4b,hands_splat,253,,,15,16.22
bda8e70b-30a1-4b07-bf6a-9d682f798d4b,hands_drop,254,,,14,16.22
bda8e70b-30a1-4b07-bf6a-9d682f798d4b,hands_splat,257,,,14,16.22
bda8e70b-30a1-4b07-bf6a-9d682f798d4b,hands_drop,258,,,16,16.22
bda8e70b-30a1-4b07-bf6a-9d682f798d4b,hands_splat,261,,,16,16.22
bda8e70b-30a1-4b07-bf6a-9d682f798d4b,hands_drop,262,,,15,16.22
bda8e70b-30a1-4b07-bf6a-9d682f798d4b,down,264,4,40,,
bda8e70b-30a1-4b07-bf6a-9d682f798d4b,hands_splat,265,,,15,16.22
bda8e70b-30a1-4b07-bf6a-9d682f798d4b,hands_drop,266,,,15,16.22
bda8e70b-30a1-4b07-bf6a-9d682f798d4b,hands_splat,269,,,15,16.22
bda8e70b-30a1-4b07-bf6a-9d682f798d4b,hands_drop,270,,,15,15.17
bda8e70b-30a1-4b07-bf6a-9d682f798d4b,hands_splat,273,,,15,14.39
bda8e70b-30a1-4b07-bf6a-9d682f798d4b,hands_drop,274,,,16,14.39
bda8e70b-30a1-4b07-bf6a-9d682f798d4b,hands_splat,277,,,16,9.83
bda8e70b-30a1-4b07-bf6a-9d682f798d4b,hands_drop,278,,,16,9.83
bda8e70b-30a1-4b07-bf6a-9d682f798d4b,hands_splat,281,,,16,8.33
bda8e70b-30a1-4b07-bf6a-9d682f798d4b,hands_drop,282,,,16,5.78
bda8e70b-30a1-4b07-bf6a-9d682f798d4b,hands_splat,285,,,16,2.78
bda8e70b-30a1-4b07-bf6a-9d682f798d4b,hands_drop,286,,,15,2.78
bda8e70b-30a1-4b07-bf6a-9d682f798d4b,hands_splat,289,,,15,0.0
c5228e19-a464-4493-a144-577fbe5a93c0,down,43,1,43,,
c5228e19-a464-4493-a144-577fbe5a93c0,up,76,,,,
c5228e19-a464-4493-a144-577fbe5a93c0,hands_drop,76,,,16,24.67
c5228e19-a464-4493-a144-577fbe5a93c0,hands_splat,79,,,16,24.6
c5228e19-a464-4493-a144-577fbe5a93c0,hands_drop,80,,,16,24.6
c5228e19-a464-4493-a144-577fbe5a93c0,hands_splat,83,,,16,24.53
c5228e19-a464-4493-a144-577fbe5a93c0,hands_drop,84,,,15,24.53
c5228e19-a464-4493-a144-577fbe5a93c0,hands_splat,87,,,15,24.47
c5228e19-a464-4493-a144-577fbe5a93c0,hands_drop,88,,,16,24.47
c5228e19-a464-4493-a144-577fbe5a93c0,hands_splat,91,,,16,24.4
c5228e19-a464-4493-a144-577fbe5a93c0,hands_drop,92,,,16,24.4
c5228e19-a464-4493-a144-577fbe5a93c0,hands_splat,95,,,16,24.4
c5228e19-a464-4493-a144-577fbe5a93c0,hands_drop,96,,,16,24.4
c5228e19-a464-4493-a144-577fbe5a93c0,hands_splat,99,,,16,24.4
c5228e19-a464-4493-a144-577fbe5a93c0,hands_drop,100,,,16,24.4
c5228e19-a464-4493-a144-577fbe5a93c0,hands_splat,103,,,16,24.4
c5228e19-a464-4493-a144-577fbe5a93c0,hands_drop,104,,,16,24.4
c5228e19-a464-4493-a144-577fbe5a93c0,hands_splat,107,,,16,24.4
c5228e19-a464-4493-a144-577fbe5a93c0,hands_drop,108,,,16,24.4
c5228e19-a464-4493-a144-577fbe5a93c0,hands_splat,111,,,16,24.4
c5228e19-a464-4493-a144-577fbe5a93c0,hands_drop,112,,,16,24.4
c5228e19-a464-4493-a144-577fbe5a93c0,down,114,2,37,,
c5228e19-a464-4493-a144-577fbe5a93c0,hands_splat,115,,,16,24.4
c695912b-8120-4096-96e5-4c57bc61e152,hands_drop,43,,,16,88.1
c695912b-8120-4096-96e5-4c57bc61e152,hands_splat,46,,,16,88.1
c695912b-8120-4096-96e5-4c57bc61e152,down,47,1,47,,
c695912b-8120-4096-96e5-4c57bc61e152,up,80,,,,
c695912b-8120-4096-96e5-4c57bc61e152,hands_drop,81,,,16,0.0
c695912b-8120-4096-96e5-4c57bc61e152,hands_splat,84,,,16,0.0
c6a32deb-619a-4991-ade9-bebb21f5cbcd,hands_drop,20,,,16,89.37
c6a32deb-619a-4991-ade9-bebb21f5cbcd,hands_splat,23,,,16,86.06
c6a32deb-619a-4991-ade9-bebb21f5cbcd,hands_drop,26,,,16,83.77
c6a32deb-619a-4991-ade9-bebb21f5cbcd,hands_splat,29,,,16,82.34
c6a32deb-619a-4991-ade9-bebb21f5cbcd,hands_drop,32,,,16,79.43
c6a32deb-619a-4991-ade9-bebb21f5cbcd,hands_splat,35,,,16,77.49
c6a32deb-619a-4991-ade9-bebb21f5cbcd,hands_drop,38,,,16,77.43
c6a32deb-619a-4991-ade9-bebb21f5cbcd,hands_splat,41,,,16,74.69
c6a32deb-619a-4991-ade9-bebb21f5cbcd,hands_drop,44,,,14,74.57
c6a32deb-619a-4991-ade9-bebb21f5cbcd,down,47,1,47,,
c6a32deb-619a-4991-ade9-bebb21f5cbcd,hands_splat,47,,,14,70.97
d302335e-54c6-41b2-bc92-935987e9a2f9,hands_drop,0,,,16,100.0
d302335e-54c6-41b2-bc92-935987e9a2f9,hands_splat,3,,,16,100.0
d302335e-54c6-41b2-bc92-935987e9a2f9,hands_drop,6,,,16,100.0
d302335e-54c6-41b2-bc92-935987e9a2f9,hands_splat,9,,,16,100.0
d302335e-54c6-41b2-bc92-935987e9a2f9,hands_drop,12,,,16,99.83
d302335e-54c6-41b2-bc92-935987e9a2f9,hands_splat,15,,,16,99.83
d302335e-54c6-41b2-bc92-935987e9a2f9,hands_drop,18,,,16,99.78
d302335e-54c6-41b2-bc92-935987e9a2f9,hands_splat,21,,,16,99.78
d302335e-54c6-41b2-bc92-935987e9a2f9,hands_drop,24,,,16,99.72
d302335e-54c6-41b2-bc92-935987e9a2f9,hands_splat,27,,,16,99.72
d302335e-54c6-41b2-bc92-935987e9a2f9,hands_drop,30,,,16,99.72
d302335e-54c6-41b2-bc92-935987e9a2f9,hands_splat,33,,,16,99.72
d302335e-54c6-41b2-bc92-935987e9a2f9,hands_drop,36,,,16,99.72
d302335e-54c6-41b2-bc92-935987e9a2f9,hands_splat,39,,,16,99.72
d302335e-54c6-41b2-bc92-935987e9a2f9,hands_drop,42,,,16,99.72
d302335e-54c6-41b2-bc92-935987e9a2f9,down,43,1,43,,
d302335e-54c6-41b2-bc92-935987e9a2f9,hands_splat,45,,,16,99.72
d302335e-54c6-41b2-bc92-935987e9a2f9,hands_drop,48,,,15,95.28
d302335e-54c6-41b2-bc92-935987e9a2f9,hands_splat,51,,,15,95.22
d302335e-54c6-41b2-bc92-935987e9a2f9,hands_drop,54,,,16,93.17
d302335e-54c6-41b2-bc92-935987e9a2f9,hands_splat,57,,,16,92.06
d302335e-54c6-41b2-bc92-935987e9a2f9,hands_drop,60,,,16,88.44
d302335e-54c6-41b2-bc92-935987e9a2f9,hands_splat,63,,,16,83.5
d302335e-54c6-41b2-bc92-935987e9a2f9,hands_drop,66,,,16,80.83
d302335e-54c6-41b2-bc92-935987e9a2f9,hands_splat,69,,,16,78.94
d302335e-54c6-41b2-bc92-935987e9a2f9,hands_drop,72,,,16,69.0
d302335e-54c6-41b2-bc92-935987e9a2f9,hands_splat,75,,,16,68.83
d302335e-54c6-41b2-bc92-935987e9a2f9,up,76,,,,
d302335e-54c6-41b2-bc92-935987e9a2f9,hands_drop,78,,,15,68.83
d302335e-54c6-41b2-bc92-935987e9a2f9,hands_splat,81,,,15,68.83
d302335e-54c6-41b2-bc92-935987e9a2f9,hands_drop,84,,,16,68.78
d302335e-54c6-41b2-bc92-935987e9a2f9,hands_splat,87,,,16,68.72
d302335e-54c6-41b2-bc92-935987e9a2f9,hands_drop,90,,,15,68.72
d302335e-54c6-41b2-bc92-935987e9a2f9,hands_splat,93,,,15,68.72
d302335e-54c6-41b2-bc92-935987e9a2f9,hands_drop,96,,,16,68.72
d302335e-54c6-41b2-bc92-935987e9a2f9,hands_splat,99,,,16,68.72
d302335e-54c6-41b2-bc92-935987e9a2f9,hands_drop,102,,,16,68.72
d302335e-54c6-41b2-bc92-935987e9a2f9,hands_splat,105,,,16,68.72
d302335e-54c6-41b2-bc92-935987e9a2f9,hands_drop,108,,,16,68.72
d302335e-54c6-41b2-bc92-935987e9a2f9,hands_splat,111,,,16,68.72
d302335e-54c6-41b2-bc92-935987e9a2f9,hands_drop,114,,,15,68.72
d302335e-54c6-41b2-bc92-935987e9a2f9,down,115,2,38,,
d302335e-54c6-41b2-bc92-935987e9a2f9,hands_splat,117,,,15,68.72
d302335e-54c6-41b2-bc92-935987e9a2f9,hands_drop,120,,,14,68.72
d302335e-54c6-41b2-bc92-935987e9a2f9,hands_splat,123,,,14,63.61
d302335e-54c6-41b2-bc92-935987e9a2f9,hands_drop,126,,,16,60.06
d302335e-54c6-41b2-bc92-935987e9a2f9,hands_splat,129,,,16,59.33
d302335e-54c6-41b2-bc92-935987e9a2f9,hands_drop,132,,,16,53.89
d302335e-54c6-41b2-bc92-935987e9a2f9,hands_splat,135,,,16,50.72
d302335e-54c6-41b2-bc92-935987e9a2f9,hands_drop,138,,,16,50.17
d302335e-54c6-41b2-bc92-935987e9a2f9,hands_splat,141,,,16,46.17
d302335e-54c6-41b2-bc92-935987e9a2f9,hands_drop,144,,,16,46.0
d302335e-54c6-41b2-bc92-935987e9a2f9,hands_splat,147,,,16,40.78
d302335e-54c6-41b2-bc92-935987e9a2f9,up,148,,,,
d302335e-54c6-41b2-bc92-935987e9a2f9,hands_drop,150,,,16,40.78
d302335e-54c6-41b2-bc92-935987e9a2f9,hands_splat,153,,,16,40.78
d302335e-54c6-41b2-bc92-935987e9a2f9,hands_drop,156,,,16,40.78
d302335e-54c6-41b2-bc92-935987e9a2f9,hands_splat,159,,,16,40.78
d302335e-54c6-41b2-bc92-935987e9a2f9,hands_drop,162,,,15,40.78
d302335e-54c6-41b2-bc92-935987e9a2f9,hands_splat,165,,,15,40.78
d302335e-54c6-41b2-bc92-935987e9a2f9,hands_drop,168,,,16,40.78
d302335e-54c6-41b2-bc92-935987e9a2f9,hands_splat,171,,,16,40.78
d302335e-54c6-41b2-bc92-935987e9a2f9,hands_drop,174,,,16,40.78
d302335e-54c6-41b2-bc92-935987e9a2f9,hands_splat,177,,,16,40.78
d302335e-54c6-41b2-bc92-935987e9a2f9,hands_drop,180,,,15,40.78
d302335e-54c6-41b2-bc92-935987e9a2f9,hands_splat,183,,,15,40.78
d302335e-54c6-41b2-bc92-935987e9a2f9,hands_drop,186,,,15,40.78
d302335e-54c6-41b2-bc92-935987e9a2f9,hands_splat,189,,,15,40.78
d302335e-54c6-41b2-bc92-935987e9a2f9,down,191,3,42,,
d302335e-54c6-41b2-bc92-935987e9a2f9,hands_drop,192,,,16,40.78
d302335e-54c6-41b2-bc92-935987e9a2f9,hands_splat,195,,,16,40.78
d302335e-54c6-41b2-bc92-935987e9a2f9,hands_drop,198,,,16,36.78
d302335e-54c6-41b2-bc92-935987e9a2f9,hands_splat,201,,,16,33.83
d302335e-54c6-41b2-bc92-935987e9a2f9,hands_drop,202,,,16,29.28
d302335e-54c6-41b2-bc92-935987e9a2f9,hands_splat,205,,,16,29.28
d302335e-54c6-41b2-bc92-935987e9a2f9,hands_drop,206,,,16,27.06
d302335e-54c6-41b2-bc92-935987e9a2f9,hands_splat,209,,,16,23.67
d302335e-54c6-41b2-bc92-935987e9a2f9,hands_drop,210,,,16,23.67
d302335e-54c6-41b2-bc92-935987e9a2f9,hands_splat,213,,,16,16.56
d302335e-54c6-41b2-bc92-935987e9a2f9,hands_drop,214,,,15,16.56
d302335e-54c6-41b2-bc92-935987e9a2f9,hands_splat,217,,,15,9.0
d302335e-54c6-41b2-bc92-935987e9a2f9,hands_drop,218,,,14,9.0
d302335e-54c6-41b2-bc92-935987e9a2f9,hands_splat,221,,,14,7.17
d302335e-54c6-41b2-bc92-935987e9a2f9,hands_drop,222,,,16,7.17
d302335e-54c6-41b2-bc92-935987e9a2f9,up,224,,,,
d302335e-54c6-41b2-bc92-935987e9a2f9,hands_splat,225,,,16,7.17
d302335e-54c6-41b2-bc92-935987e9a2f9,hands_drop,226,,,15,7.17
d302335e-54c6-41b2-bc92-935987e9a2f9,hands_splat,229,,,15,7.17
d302335e-54c6-41b2-bc92-935987e9a2f9,hands_drop,230,,,15,7.11
d302335e-54c6-41b2-bc92-935987e9a2f9,hands_splat,233,,,15,7.11
d302335e-54c6-41b2-bc92-935987e9a2f9,hands_drop,234,,,16,7.06
d302335e-54c6-41b2-bc92-935987e9a2f9,hands_splat,237,,,16,7.06
d302335e-54c6-41b2-bc92-935987e9a2f9,hands_drop,238,,,16,7.06
d302335e-54c6-41b2-bc92-935987e9a2f9,hands_splat,241,,,16,7.06
d302335e-54c6-41b2-bc92-935987e9a2f9,hands_drop,242,,,16,7.06
d302335e-54c6-41b2-bc92-935987e9a2f9,hands_splat,245,,,16,7.06
d302335e-54c6-41b2-bc92-935987e9a2f9,hands_drop,246,,,16,7.06
d302335e-54c6-41b2-bc92-935987e9a2f9,hands_splat,249,,,16,7.06
d302335e-54c6-41b2-bc92-935987e9a2f9,hands_drop,250,,,16,7.06
d302335e-54c6-41b2-bc92-935987e9a2f9,hands_splat,253,,,16,7.06
d302335e-54c6-41b2-bc92-935987e9a2f9,hands_drop,254,,,14,7.06
d302335e-54c6-41b2-bc92-935987e9a2f9,hands_splat,257,,,14,7.06
d302335e-54c6-41b2-bc92-935987e9a2f9,hands_drop,258,,,16,7.06
d302335e-54c6-41b2-bc92-935987e9a2f9,hands_splat,261,,,16,7.06
d302335e-54c6-41b2-bc92-935987e9a2f9,hands_drop,262,,,14,7.06
d302335e-54c6-41b2-bc92-935987e9a2f9,hands_splat,265,,,14,7.06
d302335e-54c6-41b2-bc92-935987e9a2f9,down,266,4,41,,
d302335e-54c6-41b2-bc92-935987e9a2f9,hands_drop,266,,,16,7.06
d302335e-54c6-41b2-bc92-935987e9a2f9,hands_splat,269,,,16,7.06
d302335e-54c6-41b2-bc92-935987e9a2f9,hands_drop,270,,,16,7.06
d302335e-54c6-41b2-bc92-935987e9a2f9,hands_splat,273,,,16,2.39
d302335e-54c6-41b2-bc92-935987e9a2f9,hands_drop,274,,,16,2.39
d302335e-54c6-41b2-bc92-935987e9a2f9,hands_splat,277,,,16,0.0
d5ef6c12-42cf-428c-9580-14abe398b3a8,down,48,1,48,,
d5ef6c12-42cf-428c-9580-14abe398b3a8,up,81,,,,
d5ef6c12-42cf-428c-9580-14abe398b3a8,hands_drop,81,,,16,20.6
d5ef6c12-42cf-428c-9580-14abe398b3a8,hands_splat,84,,,16,20.53
d5ef6c12-42cf-428c-9580-14abe398b3a8,hands_drop,85,,,16,20.53
d5ef6c12-42cf-428c-9580-14abe398b3a8,hands_splat,88,,,16,20.53
d5ef6c12-42cf-428c-9580-14abe398b3a8,hands_drop,89,,,16,20.53
d5ef6c12-42cf-428c-9580-14abe398b3a8,hands_splat,92,,,16,20.53
d5ef6c12-42cf-428c-9580-14abe398b3a8,hands_drop,93,,,16,20.53
d5ef6c12-42cf-428c-9580-14abe398b3a8,hands_splat,96,,,16,20.47
d5ef6c12-42cf-428c-9580-14abe398b3a8,hands_drop,97,,,16,20.47
d5ef6c12-42cf-428c-9580-14abe398b3a8,hands_splat,100,,,16,20.47
d5ef6c12-42cf-428c-9580-14abe398b3a8,hands_drop,101,,,16,20.47
d5ef6c12-42cf-428c-9580-14abe398b3a8,hands_splat,104,,,16,20.47
d5ef6c12-42cf-428c-9580-14abe398b3a8,hands_drop,105,,,16,20.47
d5ef6c12-42cf-428c-9580-14abe398b3a8,hands_splat,108,,,16,20.47
d5ef6c12-42cf-428c-9580-14abe398b3a8,hands_drop,109,,,16,20.47
d5ef6c12-42cf-428c-9580-14abe398b3a8,hands_splat,112,,,16,20.47
d5ef6c12-42cf-428c-9580-14abe398b3a8,hands_drop,113,,,16,20.47
d5ef6c12-42cf-428c-9580-14abe398b3a8,hands_splat,116,,,16,20.47
d5ef6c12-42cf-428c-9580-14abe398b3a8,hands_drop,117,,,16,20.47
d5ef6c12-42cf-428c-9580-14abe398b3a8,hands_splat,120,,,16,20.47
d5ef6c12-42cf-428c-9580-14abe398b3a8,hands_drop,121,,,15,20.47
d5ef6c12-42cf-428c-9580-14abe398b3a8,down,123,2,41,,
d5ef6c12-42cf-428c-9580-14abe398b3a8,hands_splat,124,,,15,20.47
dc29d897-55c8-4d68-8bf0-141542064283,hands_drop,0,,,14,100.0
dc29d897-55c8-4d68-8bf0-141542064283,hands_splat,3,,,14,100.0
dc29d897-55c8-4d68-8bf0-141542064283,hands_drop,6,,,15,100.0
dc29d897-55c8-4d68-8bf0-141542064283,hands_splat,9,,,15,100.0
dc29d897-55c8-4d68-8bf0-141542064283,hands_drop,12,,,16,100.0
dc29d897-55c8-4d68-8bf0-141542064283,hands_splat,15,,,16,100.0
dc29d897-55c8-4d68-8bf0-141542064283,hands_drop,18,,,16,100.0
dc29d897-55c8-4d68-8bf0-141542064283,hands_splat,21,,,16,100.0
dc29d897-55c8-4d68-8bf0-141542064283,hands_drop,24,,,16,100.0
dc29d897-55c8-4d68-8bf0-141542064283,hands_splat,27,,,16,100.0
dc29d897-55c8-4d68-8bf0-141542064283,hands_drop,30,,,15,100.0
dc29d897-55c8-4d68-8bf0-141542064283,hands_splat,33,,,15,100.0
dc29d897-55c8-4d68-8bf0-141542064283,hands_drop,36,,,16,100.0
dc29d897-55c8-4d68-8bf0-141542064283,hands_splat,39,,,16,100.0
dc29d897-55c8-4d68-8bf0-141542064283,hands_drop,42,,,16,100.0
dc29d897-55c8-4d68-8bf0-141542064283,down,43,1,43,,
dc29d897-55c8-4d68-8bf0-141542064283,hands_splat,45,,,16,100.0
dc29d897-55c8-4d68-8bf0-141542064283,hands_drop,48,,,15,88.83
dc29d897-55c8-4d68-8bf0-141542064283,hands_splat,51,,,15,82.39
dc29d897-55c8-4d68-8bf0-141542064283,hands_drop,54,,,15,77.94
dc29d897-55c8-4d68-8bf0-141542064283,hands_splat,57,,,15,77.44
dc29d897-55c8-4d68-8bf0-141542064283,hands_drop,60,,,15,68.28
dc29d897-55c8-4d68-8bf0-141542064283,hands_splat,63,,,15,68.11
dc29d897-55c8-4d68-8bf0-141542064283,hands_drop,66,,,14,58.89
dc29d897-55c8-4d68-8bf0-141542064283,hands_splat,69,,,14,51.5
dc29d897-55c8-4d68-8bf0-141542064283,hands_drop,72,,,15,50.39
dc29d897-55c8-4d68-8bf0-141542064283,hands_splat,75,,,15,40.11
dc29d897-55c8-4d68-8bf0-141542064283,up,76,,,,
dc29d897-55c8-4d68-8bf0-141542064283,hands_drop,78,,,16,40.11
dc29d897-55c8-4d68-8bf0-141542064283,hands_splat,81,,,16,40.11
dc29d897-55c8-4d68-8bf0-141542064283,hands_drop,84,,,16,40.11
dc29d897-55c8-4d68-8bf0-141542064283,hands_splat,87,,,16,40.11
dc29d897-55c8-4d68-8bf0-141542064283,hands_drop,90,,,16,40.11
dc29d897-55c8-4d68-8bf0-141542064283,hands_splat,93,,,16,40.11
dc29d897-55c8-4d68-8bf0-141542064283,hands_drop,96,,,16,40.11
dc29d897-55c8-4d68-8bf0-141542064283,hands_splat,99,,,16,40.11
dc29d897-55c8-4d68-8bf0-141542064283,hands_drop,102,,,15,40.11
dc29d897-55c8-4d68-8bf0-141542064283,hands_splat,105,,,15,40.11
dc29d897-55c8-4d68-8bf0-141542064283,hands_drop,108,,,16,40.11
dc29d897-55c8-4d68-8bf0-141542064283,hands_splat,111,,,16,40.11
dc29d897-55c8-4d68-8bf0-141542064283,hands_drop,114,,,15,40.11
dc29d897-55c8-4d68-8bf0-141542064283,down,115,2,38,,
dc29d897-55c8-4d68-8bf0-141542064283,hands_splat,117,,,15,40.11
dc29d897-55c8-4d68-8bf0-141542064283,hands_drop,120,,,16,37.39
dc29d897-55c8-4d68-8bf0-141542064283,hands_splat,123,,,16,31.44
dc29d897-55c8-4d68-8bf0-141542064283,hands_drop,126,,,14,23.39
dc29d897-55c8-4d68-8bf0-141542064283,hands_splat,129,,,14,23.39
dc29d897-55c8-4d68-8bf0-141542064283,hands_drop,130,,,15,18.22
dc29d897-55c8-4d68-8bf0-141542064283,hands_splat,133,,,15,13.56
dc29d897-55c8-4d68-8bf0-141542064283,hands_drop,134,,,16,13.56
dc29d897-55c8-4d68-8bf0-141542064283,hands_splat,137,,,16,8.0
dc29d897-55c8-4d68-8bf0-141542064283,hands_drop,138,,,16,7.94
dc29d897-55c8-4d68-8bf0-141542064283,hands_splat,141,,,16,4.33
dc29d897-55c8-4d68-8bf0-141542064283,hands_drop,142,,,16,4.17
dc29d897-55c8-4d68-8bf0-141542064283,hands_splat,145,,,16,0.0
dc29d897-55c8-4d68-8bf0-141542064283,up,148,,,,
e25e4900-ec71-4dd1-8bcb-4720843fb0c2,down,46,1,46,,
e25e4900-ec71-4dd1-8bcb-4720843fb0c2,up,79,,,,
e25e4900-ec71-4dd1-8bcb-4720843fb0c2,hands_drop,79,,,16,24.0
e25e4900-ec71-4dd1-8bcb-4720843fb0c2,hands_splat,82,,,16,24.0
e25e4900-ec71-4dd1-8bcb-4720843fb0c2,hands_drop,83,,,16,23.93
e25e4900-ec71-4dd1-8bcb-4720843fb0c2,hands_splat,86,,,16,23.87
e25e4900-ec71-4dd1-8bcb-4720843fb0c2,hands_drop,87,,,16,23.87
e25e4900-ec71-4dd1-8bcb-4720843fb0c2,hands_splat,90,,,16,23.8
e25e4900-ec71-4dd1-8bcb-4720843fb0c2,hands_drop,91,,,16,23.8
e25e4900-ec71-4dd1-8bcb-4720843fb0c2,hands_splat,94,,,16,23.8
e25e4900-ec71-4dd1-8bcb-4720843fb0c2,hands_drop,95,,,16,23.8
e25e4900-ec71-4dd1-8bcb-4720843fb0c2,hands_splat,98,,,16,23.8
e25e4900-ec71-4dd1-8bcb-4720843fb0c2,hands_drop,99,,,16,23.8
e25e4900-ec71-4dd1-8bcb-4720843fb0c2,hands_splat,102,,,16,23.8
e25e4900-ec71-4dd1-8bcb-4720843fb0c2,hands_drop,103,,,16,23.8
e25e4900-ec71-4dd1-8bcb-4720843fb0c2,hands_splat,106,,,16,23.8
e25e4900-ec71-4dd1-8bcb-4720843fb0c2,hands_drop,107,,,15,23.8
e25e4900-ec71-4dd1-8bcb-4720843fb0c2,hands_splat,110,,,15,23.8
e25e4900-ec71-4dd1-8bcb-4720843fb0c2,hands_drop,111,,,16,23.8
e25e4900-ec71-4dd1-8bcb-4720843fb0c2,down,114,2,34,,
e25e4900-ec71-4dd1-8bcb-4720843fb0c2,hands_splat,114,,,16,23.8
e77257b2-a229-411e-9115-0b065d25d4ef,hands_drop,0,,,15,100.0
e77257b2-a229-411e-9115-0b065d25d4ef,hands_splat,3,,,15,100.0
e77257b2-a229-411e-9115-0b065d25d4ef,hands_drop,6,,,16,100.0
e77257b2-a229-411e-9115-0b065d25d4ef,hands_splat,9,,,16,100.0
e77257b2-a229-411e-9115-0b065d25d4ef,hands_drop,12,,,16,100.0
e77257b2-a229-411e-9115-0b065d25d4ef,hands_splat,15,,,16,100.0
e77257b2-a229-411e-9115-0b065d25d4ef,hands_drop,18,,,16,100.0
e77257b2-a229-411e-9115-0b065d25d4ef,hands_splat,21,,,16,100.0
e77257b2-a229-411e-9115-0b065d25d4ef,hands_drop,24,,,15,100.0
e77257b2-a229-411e-9115-0b065d25d4ef,hands_splat,27,,,15,100.0
e77257b2-a229-411e-9115-0b065d25d4ef,hands_drop,30,,,16,100.0
e77257b2-a229-411e-9115-0b065d25d4ef,hands_splat,33,,,16,100.0
e77257b2-a229-411e-9115-0b065d25d4ef,hands_drop,36,,,16,100.0
e77257b2-a229-411e-9115-0b065d25d4ef,down,39,1,39,,
e77257b2-a229-411e-9115-0b065d25d4ef,hands_splat,39,,,16,100.0
e77257b2-a229-411e-9115-0b065d25d4ef,hands_drop,42,,,15,97.21
e77257b2-a229-411e-9115-0b065d25d4ef,hands_splat,45,,,15,93.5
e77257b2-a229-411e-9115-0b065d25d4ef,hands_drop,48,,,16,85.0
e77257b2-a229-411e-9115-0b065d25d4ef,hands_splat,51,,,16,79.58
e77257b2-a229-411e-9115-0b065d25d4ef,hands_drop,54,,,14,72.12
e77257b2-a229-411e-9115-0b065d25d4ef,hands_splat,57,,,14,69.17
e77257b2-a229-411e-9115-0b065d25d4ef,hands_drop,60,,,16,60.62
e77257b2-a229-411e-9115-0b065d25d4ef,hands_splat,63,,,16,53.88
e77257b2-a229-411e-9115-0b065d25d4ef,hands_drop,66,,,15,50.29
e77257b2-a229-411e-9115-0b065d25d4ef,hands_splat,69,,,15,45.25
e77257b2-a229-411e-9115-0b065d25d4ef,up,72,,,,
e77257b2-a229-411e-9115-0b065d25d4ef,hands_drop,72,,,15,42.38
e77257b2-a229-411e-9115-0b065d25d4ef,hands_splat,75,,,15,42.38
e77257b2-a229-411e-9115-0b065d25d4ef,hands_drop,78,,,16,42.33
e77257b2-a229-411e-9115-0b065d25d4ef,hands_splat,81,,,16,42.33
e77257b2-a229-411e-9115-0b065d25d4ef,hands_drop,84,,,16,42.33
e77257b2-a229-411e-9115-0b065d25d4ef,hands_splat,87,,,16,42.33
e77257b2-a229-411e-9115-0b065d25d4ef,hands_drop,90,,,15,42.33
e77257b2-a229-411e-9115-0b065d25d4ef,hands_splat,93,,,15,42.33
e77257b2-a229-411e-9115-0b065d25d4ef,hands_drop,96,,,15,42.33
e77257b2-a229-411e-9115-0b065d25d4ef,hands_splat,99,,,15,42.33
e77257b2-a229-411e-9115-0b065d25d4ef,hands_drop,102,,,16,42.33
e77257b2-a229-411e-9115-0b065d25d4ef,hands_splat,105,,,16,42.33
e77257b2-a229-411e-9115-0b065d25d4ef,down,107,2,34,,
e77257b2-a229-411e-9115-0b065d25d4ef,hands_drop,108,,,16,42.33
e77257b2-a229-411e-9115-0b065d25d4ef,hands_splat,111,,,16,42.33
e77257b2-a229-411e-9115-0b065d25d4ef,hands_drop,114,,,16,33.04
e77257b2-a229-411e-9115-0b065d25d4ef,hands_splat,117,,,16,25.62
e77257b2-a229-411e-9115-0b065d25d4ef,hands_drop,118,,,16,25.08
e77257b2-a229-411e-9115-0b065d25d4ef,hands_splat,121,,,16,22.5
e77257b2-a229-411e-9115-0b065d25d4ef,hands_drop,122,,,15,16.25
e77257b2-a229-411e-9115-0b065d25d4ef,hands_splat,125,,,15,12.75
e77257b2-a229-411e-9115-0b065d25d4ef,hands_drop,126,,,14,12.75
e77257b2-a229-411e-9115-0b065d25d4ef,hands_splat,129,,,14,1.38
e77257b2-a229-411e-9115-0b065d25d4ef,hands_drop,130,,,16,1.38
e77257b2-a229-411e-9115-0b065d25d4ef,hands_splat,133,,,16,0.0
ec129d16-ceaf-4a33-bb6e-fee4060c2607,down,47,1,47,,
ec129d16-ceaf-4a33-bb6e-fee4060c2607,up,80,,,,
ec129d16-ceaf-4a33-bb6e-fee4060c2607,hands_drop,80,,,16,75.53
ec129d16-ceaf-4a33-bb6e-fee4060c2607,hands_splat,83,,,16,75.53
ec129d16-ceaf-4a33-bb6e-fee4060c2607,hands_drop,86,,,16,75.53
ec129d16-ceaf-4a33-bb6e-fee4060c2607,hands_splat,89,,,16,75.53
ec129d16-ceaf-4a33-bb6e-fee4060c2607,hands_drop,92,,,16,75.53
ec129d16-ceaf-4a33-bb6e-fee4060c2607,hands_splat,95,,,16,75.53
ec129d16-ceaf-4a33-bb6e-fee4060c2607,hands_drop,98,,,16,75.53
ec129d16-ceaf-4a33-bb6e-fee4060c2607,hands_splat,101,,,16,75.47
ec129d16-ceaf-4a33-bb6e-fee4060c2607,hands_drop,104,,,16,75.47
ec129d16-ceaf-4a33-bb6e-fee4060c2607,hands_splat,107,,,16,75.47
ec129d16-ceaf-4a33-bb6e-fee4060c2607,hands_drop,110,,,16,75.47
ec129d16-ceaf-4a33-bb6e-fee4060c2607,hands_splat,113,,,16,75.4
ec129d16-ceaf-4a33-bb6e-fee4060c2607,hands_drop,116,,,16,75.33
ec129d16-ceaf-4a33-bb6e-fee4060c2607,hands_splat,119,,,16,75.33
ec129d16-ceaf-4a33-bb6e-fee4060c2607,down,122,2,41,,
ec129d16-ceaf-4a33-bb6e-fee4060c2607,hands_drop,122,,,16,75.33
ec129d16-ceaf-4a33-bb6e-fee4060c2607,hands_splat,125,,,16,75.33
ec129d16-ceaf-4a33-bb6e-fee4060c2607,up,155,,,,
ec129d16-ceaf-4a33-bb6e-fee4060c2607,hands_drop,160,,,16,58.73
ec129d16-ceaf-4a33-bb6e-fee4060c2607,hands_splat,163,,,16,58.73
ec129d16-ceaf-4a33-bb6e-fee4060c2607,hands_drop,166,,,16,58.73
ec129d16-ceaf-4a33-bb6e-fee4060c2607,hands_splat,169,,,16,58.73
ec129d16-ceaf-4a33-bb6e-fee4060c2607,hands_drop,172,,,16,58.73
ec129d16-ceaf-4a33-bb6e-fee4060c2607,hands_splat,175,,,16,58.73
ec129d16-ceaf-4a33-bb6e-fee4060c2607,hands_drop,178,,,16,58.73
ec129d16-ceaf-4a33-bb6e-fee4060c2607,hands_splat,181,,,16,58.67
ec129d16-ceaf-4a33-bb6e-fee4060c2607,hands_drop,184,,,16,58.67
ec129d16-ceaf-4a33-bb6e-fee4060c2607,hands_splat,187,,,16,58.6
ec129d16-ceaf-4a33-bb6e-fee4060c2607,hands_drop,190,,,16,58.6
ec129d16-ceaf-4a33-bb6e-fee4060c2607,down,191,3,35,,
ec129d16-ceaf-4a33-bb6e-fee4060c2607,hands_splat,193,,,16,58.6
ec129d16-ceaf-4a33-bb6e-fee4060c2607,up,224,,,,
ec129d16-ceaf-4a33-bb6e-fee4060c2607,hands_drop,228,,,16,44.73
ec129d16-ceaf-4a33-bb6e-fee4060c2607,hands_splat,231,,,16,44.73
ec129d16-ceaf-4a33-bb6e-fee4060c2607,hands_drop,234,,,16,44.73
ec129d16-ceaf-4a33-bb6e-fee4060c2607,hands_splat,237,,,16,44.73
ec129d16-ceaf-4a33-bb6e-fee4060c2607,hands_drop,240,,,16,44.73
ec129d16-ceaf-4a33-bb6e-fee4060c2607,hands_splat,243,,,16,44.73
ec129d16-ceaf-4a33-bb6e-fee4060c2607,hands_drop,246,,,16,44.73
ec129d16-ceaf-4a33-bb6e-fee4060c2607,hands_splat,249,,,16,44.67
ec129d16-ceaf-4a33-bb6e-fee4060c2607,hands_drop,252,,,16,44.67
ec129d16-ceaf-4a33-bb6e-fee4060c2607,hands_splat,255,,,16,44.67
ec129d16-ceaf-4a33-bb6e-fee4060c2607,hands_drop,258,,,16,42.4
ec129d16-ceaf-4a33-bb6e-fee4060c2607,hands_splat,261,,,16,42.4
ec129d16-ceaf-4a33-bb6e-fee4060c2607,down,264,4,39,,
ec129d16-ceaf-4a33-bb6e-fee4060c2607,hands_drop,264,,,16,42.4
ec129d16-ceaf-4a33-bb6e-fee4060c2607,hands_splat,267,,,16,42.4
ec129d16-ceaf-4a33-bb6e-fee4060c2607,up,297,,,,
ec129d16-ceaf-4a33-bb6e-fee4060c2607,hands_drop,302,,,16,28.53
ec129d16-ceaf-4a33-bb6e-fee4060c2607,hands_splat,305,,,16,28.53
ec129d16-ceaf-4a33-bb6e-fee4060c2607,hands_drop,306,,,16,28.53
ec129d16-ceaf-4a33-bb6e-fee4060c2607,hands_splat,309,,,16,28.53
ec129d16-ceaf-4a33-bb6e-fee4060c2607,hands_drop,310,,,15,28.53
ec129d16-ceaf-4a33-bb6e-fee4060c2607,hands_splat,313,,,15,28.33
ec129d16-ceaf-4a33-bb6e-fee4060c2607,hands_drop,314,,,16,28.33
ec129d16-ceaf-4a33-bb6e-fee4060c2607,hands_splat,317,,,16,28.33
ec129d16-ceaf-4a33-bb6e-fee4060c2607,hands_drop,318,,,16,28.33
ec129d16-ceaf-4a33-bb6e-fee4060c2607,hands_splat,321,,,16,26.93
ec129d16-ceaf-4a33-bb6e-fee4060c2607,hands_drop,322,,,16,26.93
ec129d16-ceaf-4a33-bb6e-fee4060c2607,hands_splat,325,,,16,26.93
ec129d16-ceaf-4a33-bb6e-fee4060c2607,hands_drop,326,,,16,26.93
ec129d16-ceaf-4a33-bb6e-fee4060c2607,hands_splat,329,,,16,26.93
ec129d16-ceaf-4a33-bb6e-fee4060c2607,hands_drop,330,,,16,26.93
ec129d16-ceaf-4a33-bb6e-fee4060c2607,hands_splat,333,,,16,26.87
ec129d16-ceaf-4a33-bb6e-fee4060c2607,hands_drop,334,,,16,26.87
ec129d16-ceaf-4a33-bb6e-fee4060c2607,down,335,5,37,,
ec129d16-ceaf-4a33-bb6e-fee4060c2607,hands_splat,337,,,16,26.87
ec129d16-ceaf-4a33-bb6e-fee4060c2607,up,368,,,,
ec129d16-ceaf-4a33-bb6e-fee4060c2607,hands_drop,370,,,16,11.0
ec129d16-ceaf-4a33-bb6e-fee4060c2607,hands_splat,373,,,16,10.93
ec129d16-ceaf-4a33-bb6e-fee4060c2607,hands_drop,374,,,16,10.93
ec129d16-ceaf-4a33-bb6e-fee4060c2607,hands_splat,377,,,16,10.93
ec129d16-ceaf-4a33-bb6e-fee4060c2607,hands_drop,378,,,16,10.93
ec129d16-ceaf-4a33-bb6e-fee4060c2607,hands_splat,381,,,16,10.87
ec129d16-ceaf-4a33-bb6e-fee4060c2607,hands_drop,382,,,16,10.87
ec129d16-ceaf-4a33-bb6e-fee4060c2607,hands_splat,385,,,16,10.87
ec129d16-ceaf-4a33-bb6e-fee4060c2607,hands_drop,386,,,16,10.8
ec129d16-ceaf-4a33-bb6e-fee4060c2607,hands_splat,389,,,16,10.67
ec129d16-ceaf-4a33-bb6e-fee4060c2607,hands_drop,390,,,16,10.6
ec129d16-ceaf-4a33-bb6e-fee4060c2607,hands_splat,393,,,16,10.6
ec129d16-ceaf-4a33-bb6e-fee4060c2607,hands_drop,394,,,16,10.53
ec129d16-ceaf-4a33-bb6e-fee4060c2607,hands_splat,397,,,16,10.53
ec129d16-ceaf-4a33-bb6e-fee4060c2607,hands_drop,398,,,16,10.53
ec129d16-ceaf-4a33-bb6e-fee4060c2607,hands_splat,401,,,16,10.47
ec129d16-ceaf-4a33-bb6e-fee4060c2607,hands_drop,402,,,16,10.47
ec129d16-ceaf-4a33-bb6e-fee4060c2607,down,405,6,36,,
ec129d16-ceaf-4a33-bb6e-fee4060c2607,hands_splat,405,,,16,10.47
eee9a190-f2af-4354-bf84-1e2990e77891,hands_drop,31,,,16,89.35
eee9a190-f2af-4354-bf84-1e2990e77891,hands_splat,34,,,16,87.7
eee9a190-f2af-4354-bf84-1e2990e77891,hands_drop,37,,,16,86.95
eee9a190-f2af-4354-bf84-1e2990e77891,down,39,1,39,,
eee9a190-f2af-4354-bf84-1e2990e77891,hands_splat,40,,,16,84.55
eee9a190-f2af-4354-bf84-1e2990e77891,up,72,,,,
f0ac6d63-deeb-4637-8d5d-0076cb0a2094,down,40,1,40,,
f0ac6d63-deeb-4637-8d5d-0076cb0a2094,up,73,,,,
f0ac6d63-deeb-4637-8d5d-0076cb0a2094,hands_drop,73,,,16,71.4
f0ac6d63-deeb-4637-8d5d-0076cb0a2094,hands_splat,76,,,16,71.33
f0ac6d63-deeb-4637-8d5d-0076cb0a2094,hands_drop,79,,,16,71.33
f0ac6d63-deeb-4637-8d5d-0076cb0a2094,hands_splat,82,,,16,71.33
f0ac6d63-deeb-4637-8d5d-0076cb0a2094,hands_drop,85,,,16,71.33
f0ac6d63-deeb-4637-8d5d-0076cb0a2094,hands_splat,88,,,16,69.47
f0ac6d63-deeb-4637-8d5d-0076cb0a2094,hands_drop,91,,,16,69.47
f0ac6d63-deeb-4637-8d5d-0076cb0a2094,hands_splat,94,,,16,69.4
f0ac6d63-deeb-4637-8d5d-0076cb0a2094,hands_drop,97,,,16,69.4
f0ac6d63-deeb-4637-8d5d-0076cb0a2094,hands_splat,100,,,16,69.4
f0ac6d63-deeb-4637-8d5d-0076cb0a2094,hands_drop,103,,,16,69.4
f0ac6d63-deeb-4637-8d5d-0076cb0a2094,hands_splat,106,,,16,69.4
f0ac6d63-deeb-4637-8d5d-0076cb0a2094,hands_drop,109,,,16,69.4
f0ac6d63-deeb-4637-8d5d-0076cb0a2094,down,112,2,38,,
f0ac6d63-deeb-4637-8d5d-0076cb0a2094,hands_splat,112,,,16,69.4
f0ac6d63-deeb-4637-8d5d-0076cb0a2094,up,145,,,,
f0ac6d63-deeb-4637-8d5d-0076cb0a2094,hands_drop,147,,,16,53.4
f0ac6d63-deeb-4637-8d5d-0076cb0a2094,hands_splat,150,,,16,53.33
f0ac6d63-deeb-4637-8d5d-0076cb0a2094,hands_drop,153,,,16,53.33
f0ac6d63-deeb-4637-8d5d-0076cb0a2094,hands_splat,156,,,16,53.33
f0ac6d63-deeb-4637-8d5d-0076cb0a2094,hands_drop,159,,,15,52.6
f0ac6d63-deeb-4637-8d5d-0076cb0a2094,hands_splat,162,,,15,52.6
f0ac6d63-deeb-4637-8d5d-0076cb0a2094,hands_drop,165,,,16,52.6
f0ac6d63-deeb-4637-8d5d-0076cb0a2094,hands_splat,168,,,16,52.6
f0ac6d63-deeb-4637-8d5d-0076cb0a2094,hands_drop,171,,,15,52.6
f0ac6d63-deeb-4637-8d5d-0076cb0a2094,hands_splat,174,,,15,52.53
f0ac6d63-deeb-4637-8d5d-0076cb0a2094,hands_drop,177,,,16,52.53
f0ac6d63-deeb-4637-8d5d-0076cb0a2094,down,180,3,34,,
f0ac6d63-deeb-4637-8d5d-0076cb0a2094,hands_splat,180,,,16,51.07
f0ac6d63-deeb-4637-8d5d-0076cb0a2094,up,213,,,,
f0ac6d63-deeb-4637-8d5d-0076cb0a2094,hands_drop,215,,,16,23.8
f0ac6d63-deeb-4637-8d5d-0076cb0a2094,hands_splat,218,,,16,23.8
f0ac6d63-deeb-4637-8d5d-0076cb0a2094,hands_drop,219,,,16,23.8
f0ac6d63-deeb-4637-8d5d-0076cb0a2094,hands_splat,222,,,16,23.8
f0ac6d63-deeb-4637-8d5d-0076cb0a2094,hands_drop,223,,,16,23.8
f0ac6d63-deeb-4637-8d5d-0076cb0a2094,hands_splat,226,,,16,23.8
f0ac6d63-deeb-4637-8d5d-0076cb0a2094,hands_drop,227,,,16,23.8
f0ac6d63-deeb-4637-8d5d-0076cb0a2094,hands_splat,230,,,16,23.8
f0ac6d63-deeb-4637-8d5d-0076cb0a2094,hands_drop,231,,,16,23.8
f0ac6d63-deeb-4637-8d5d-0076cb0a2094,hands_splat,234,,,16,23.8
f0ac6d63-deeb-4637-8d5d-0076cb0a2094,hands_drop,235,,,16,23.8
f0ac6d63-deeb-4637-8d5d-0076cb0a2094,hands_splat,238,,,16,23.8
f0ac6d63-deeb-4637-8d5d-0076cb0a2094,hands_drop,239,,,16,23.8
f0ac6d63-deeb-4637-8d5d-0076cb0a2094,hands_splat,242,,,16,23.73
f0ac6d63-deeb-4637-8d5d-0076cb0a2094,hands_drop,243,,,16,23.73
f0ac6d63-deeb-4637-8d5d-0076cb0a2094,hands_splat,246,,,16,23.67
f0ac6d63-deeb-4637-8d5d-0076cb0a2094,hands_drop,247,,,16,23.67
f0ac6d63-deeb-4637-8d5d-0076cb0a2094,down,250,4,36,,
f0ac6d63-deeb-4637-8d5d-0076cb0a2094,hands_splat,250,,,16,23.6
f0ac6d63-deeb-4637-8d5d-0076cb0a2094,up,283,,,,
f0ac6d63-deeb-4637-8d5d-0076cb0a2094,hands_drop,283,,,16,2.87
f0ac6d63-deeb-4637-8d5d-0076cb0a2094,hands_splat,286,,,16,2.87
f0ac6d63-deeb-4637-8d5d-0076cb0a2094,hands_drop,287,,,16,2.87
f0ac6d63-deeb-4637-8d5d-0076cb0a2094,hands_splat,290,,,16,2.87
f0ac6d63-deeb-4637-8d5d-0076cb0a2094,hands_drop,291,,,16,2.87
f0ac6d63-deeb-4637-8d5d-0076cb0a2094,hands_splat,294,,,16,2.87
f0ac6d63-deeb-4637-8d5d-0076cb0a2094,hands_drop,295,,,16,2.87
f0ac6d63-deeb-4637-8d5d-0076cb0a2094,hands_splat,298,,,16,2.87
f0ac6d63-deeb-4637-8d5d-0076cb0a2094,hands_drop,299,,,16,2.87
f0ac6d63-deeb-4637-8d5d-0076cb0a2094,hands_splat,302,,,16,2.87
f0ac6d63-deeb-4637-8d5d-0076cb0a2094,hands_drop,303,,,16,2.87
f0ac6d63-deeb-4637-8d5d-0076cb0a2094,hands_splat,306,,,16,2.87
f0ac6d63-deeb-4637-8d5d-0076cb0a2094,hands_drop,307,,,16,2.87
f0ac6d63-deeb-4637-8d5d-0076cb0a2094,hands_splat,310,,,16,2.87
f0ac6d63-deeb-4637-8d5d-0076cb0a2094,hands_drop,311,,,16,2.87
f0ac6d63-deeb-4637-8d5d-0076cb0a2094,hands_splat,314,,,16,2.87
f0ac6d63-deeb-4637-8d5d-0076cb0a2094,hands_drop,315,,,16,2.87
f0ac6d63-deeb-4637-8d5d-0076cb0a2094,down,318,5,34,,
f0ac6d63-deeb-4637-8d5d-0076cb0a2094,hands_splat,318,,,16,2.8
fabe0265-b081-46d3-93cf-0bb65c15ba68,hands_drop,0,,,16,100.0
fabe0265-b081-46d3-93cf-0bb65c15ba68,hands_splat,3,,,16,100.0
fabe0265-b081-46d3-93cf-0bb65c15ba68,hands_drop,6,,,15,100.0
fabe0265-b081-46d3-93cf-0bb65c15ba68,hands_splat,9,,,15,100.0
fabe0265-b081-46d3-93cf-0bb65c15ba68,hands_drop,12,,,14,100.0
fabe0265-b081-46d3-93cf-0bb65c15ba68,hands_splat,15,,,14,100.0
fabe0265-b081-46d3-93cf-0bb65c15ba68,hands_drop,18,,,15,100.0
fabe0265-b081-46d3-93cf-0bb65c15ba68,hands_splat,21,,,15,100.0
fabe0265-b081-46d3-93cf-0bb65c15ba68,hands_drop,24,,,15,100.0
fabe0265-b081-46d3-93cf-0bb65c15ba68,hands_splat,27,,,15,100.0
fabe0265-b081-46d3-93cf-0bb65c15ba68,hands_drop,30,,,15,100.0
fabe0265-b081-46d3-93cf-0bb65c15ba68,hands_splat,33,,,15,100.0
fabe0265-b081-46d3-93cf-0bb65c15ba68,hands_drop,36,,,16,100.0
fabe0265-b081-46d3-93cf-0bb65c15ba68,hands_splat,39,,,16,100.0
fabe0265-b081-46d3-93cf-0bb65c15ba68,hands_drop,42,,,16,100.0
fabe0265-b081-46d3-93cf-0bb65c15ba68,down,44,1,44,,
fabe0265-b081-46d3-93cf-0bb65c15ba68,hands_splat,45,,,16,100.0
fabe0265-b081-46d3-93cf-0bb65c15ba68,hands_drop,48,,,15,89.95
fabe0265-b081-46d3-93cf-0bb65c15ba68,hands_splat,51,,,15,82.48
fabe0265-b081-46d3-93cf-0bb65c15ba68,hands_drop,54,,,15,82.48
fabe0265-b081-46d3-93cf-0bb65c15ba68,hands_splat,57,,,15,76.38
fabe0265-b081-46d3-93cf-0bb65c15ba68,hands_drop,60,,,15,71.71
fabe0265-b081-46d3-93cf-0bb65c15ba68,hands_splat,63,,,15,68.33
fabe0265-b081-46d3-93cf-0bb65c15ba68,hands_drop,66,,,16,62.19
fabe0265-b081-46d3-93cf-0bb65c15ba68,hands_splat,69,,,16,59.71
fabe0265-b081-46d3-93cf-0bb65c15ba68,hands_drop,72,,,16,46.1
fabe0265-b081-46d3-93cf-0bb65c15ba68,hands_splat,75,,,16,44.24
fabe0265-b081-46d3-93cf-0bb65c15ba68,up,77,,,,
fabe0265-b081-46d3-93cf-0bb65c15ba68,hands_drop,78,,,15,44.1
fabe0265-b081-46d3-93cf-0bb65c15ba68,hands_splat,81,,,15,44.1
fabe0265-b081-46d3-93cf-0bb65c15ba68,hands_drop,84,,,16,44.1
fabe0265-b081-46d3-93cf-0bb65c15ba68,hands_splat,87,,,16,44.05
fabe0265-b081-46d3-93cf-0bb65c15ba68,hands_drop,90,,,16,44.05
fabe0265-b081-46d3-93cf-0bb65c15ba68,hands_splat,93,,,16,44.05
fabe0265-b081-46d3-93cf-0bb65c15ba68,hands_drop,96,,,16,44.05
fabe0265-b081-46d3-93cf-0bb65c15ba68,hands_splat,99,,,16,44.05
fabe0265-b081-46d3-93cf-0bb65c15ba68,hands_drop,102,,,16,44.05
fabe0265-b081-46d3-93cf-0bb65c15ba68,hands_splat,105,,,16,44.05
fabe0265-b081-46d3-93cf-0bb65c15ba68,hands_drop,108,,,16,44.05
fabe0265-b081-46d3-93cf-0bb65c15ba68,hands_splat,111,,,16,44.05
fabe0265-b081-46d3-93cf-0bb65c15ba68,down,112,2,34,,
fabe0265-b081-46d3-93cf-0bb65c15ba68,hands_drop,114,,,16,44.05
fabe0265-b081-46d3-93cf-0bb65c15ba68,hands_splat,117,,,16,44.05
fabe0265-b081-46d3-93cf-0bb65c15ba68,hands_drop,120,,,16,35.05
fabe0265-b081-46d3-93cf-0bb65c15ba68,hands_splat,123,,,16,27.29
fabe0265-b081-46d3-93cf-0bb65c15ba68,hands_drop,124,,,16,27.29
fabe0265-b081-46d3-93cf-0bb65c15ba68,hands_splat,127,,,16,25.19
fabe0265-b081-46d3-93cf-0bb65c15ba68,hands_drop,128,,,16,17.86
fabe0265-b081-46d3-93cf-0bb65c15ba68,hands_splat,131,,,16,16.71
fabe0265-b081-46d3-93cf-0bb65c15ba68,hands_drop,132,,,16,16.71
fabe0265-b081-46d3-93cf-0bb65c15ba68,hands_splat,135,,,16,9.38
fabe0265-b081-46d3-93cf-0bb65c15ba68,hands_drop,136,,,16,6.95
fabe0265-b081-46d3-93cf-0bb65c15ba68,hands_splat,139,,,16,2.48
fabe0265-b081-46d3-93cf-0bb65c15ba68,hands_drop,140,,,16,2.48
fabe0265-b081-46d3-93cf-0bb65c15ba68,hands_splat,143,,,16,0.0
