raid,x,y,first_tick,last_tick,run_ticks,ended_near_bloodspawn_death
0040a5bf-747d-4261-87b2-d3bdfeb4d654,3163,4443,19,32,13,False
0040a5bf-747d-4261-87b2-d3bdfeb4d654,3163,4454,19,34,15,False
0040a5bf-747d-4261-87b2-d3bdfeb4d654,3163,4452,19,49,30,False
0040a5bf-747d-4261-87b2-d3bdfeb4d654,3161,4456,19,49,30,False
0040a5bf-747d-4261-87b2-d3bdfeb4d654,3168,4446,49,62,13,False
0040a5bf-747d-4261-87b2-d3bdfeb4d654,3168,4447,49,62,13,False
0040a5bf-747d-4261-87b2-d3bdfeb4d654,3169,4445,49,79,30,False
0040a5bf-747d-4261-87b2-d3bdfeb4d654,3170,4445,49,79,30,False
0040a5bf-747d-4261-87b2-d3bdfeb4d654,3168,4447,79,92,13,False
0040a5bf-747d-4261-87b2-d3bdfeb4d654,3169,4450,79,92,13,False
0040a5bf-747d-4261-87b2-d3bdfeb4d654,3173,4445,79,94,15,False
0040a5bf-747d-4261-87b2-d3bdfeb4d654,3168,4448,79,121,42,False
0040a5bf-747d-4261-87b2-d3bdfeb4d654,3169,4443,109,122,13,False
0040a5bf-747d-4261-87b2-d3bdfeb4d654,3169,4447,94,123,29,False
0040a5bf-747d-4261-87b2-d3bdfeb4d654,3170,4448,109,123,14,False
0040a5bf-747d-4261-87b2-d3bdfeb4d654,3170,4446,95,124,29,False
0040a5bf-747d-4261-87b2-d3bdfeb4d654,3172,4446,109,124,15,False
0040a5bf-747d-4261-87b2-d3bdfeb4d654,3168,4447,109,124,15,False
0040a5bf-747d-4261-87b2-d3bdfeb4d654,3171,4446,96,125,29,False
0040a5bf-747d-4261-87b2-d3bdfeb4d654,3171,4447,97,126,29,False
0040a5bf-747d-4261-87b2-d3bdfeb4d654,3171,4448,98,127,29,False
0040a5bf-747d-4261-87b2-d3bdfeb4d654,3171,4449,99,128,29,False
0040a5bf-747d-4261-87b2-d3bdfeb4d654,3172,4448,100,129,29,False
0040a5bf-747d-4261-87b2-d3bdfeb4d654,3173,4448,101,130,29,False
0040a5bf-747d-4261-87b2-d3bdfeb4d654,3172,4449,102,131,29,False
0040a5bf-747d-4261-87b2-d3bdfeb4d654,3171,4450,103,132,29,False
0040a5bf-747d-4261-87b2-d3bdfeb4d654,3170,4450,104,133,29,False
0040a5bf-747d-4261-87b2-d3bdfeb4d654,3171,4451,105,134,29,False
0040a5bf-747d-4261-87b2-d3bdfeb4d654,3172,4451,106,135,29,False
0040a5bf-747d-4261-87b2-d3bdfeb4d654,3171,4452,107,136,29,False
0040a5bf-747d-4261-87b2-d3bdfeb4d654,3171,4453,108,137,29,False
0040a5bf-747d-4261-87b2-d3bdfeb4d654,3171,4454,109,138,29,False
0040a5bf-747d-4261-87b2-d3bdfeb4d654,3170,4453,110,139,29,False
0040a5bf-747d-4261-87b2-d3bdfeb4d654,3169,4452,111,140,29,False
0040a5bf-747d-4261-87b2-d3bdfeb4d654,3168,4452,112,141,29,False
0040a5bf-747d-4261-87b2-d3bdfeb4d654,3169,4451,113,142,29,False
0040a5bf-747d-4261-87b2-d3bdfeb4d654,3170,4451,114,143,29,False
0040a5bf-747d-4261-87b2-d3bdfeb4d654,3169,4450,115,144,29,False
0040a5bf-747d-4261-87b2-d3bdfeb4d654,3168,4450,116,145,29,False
0040a5bf-747d-4261-87b2-d3bdfeb4d654,3167,4450,117,146,29,False
0040a5bf-747d-4261-87b2-d3bdfeb4d654,3167,4451,118,147,29,False
0040a5bf-747d-4261-87b2-d3bdfeb4d654,3168,4453,120,149,29,False
0040a5bf-747d-4261-87b2-d3bdfeb4d654,3168,4454,121,150,29,False
0040a5bf-747d-4261-87b2-d3bdfeb4d654,3167,4453,122,151,29,False
0040a5bf-747d-4261-87b2-d3bdfeb4d654,3166,4453,123,152,29,False
0040a5bf-747d-4261-87b2-d3bdfeb4d654,3167,4443,139,152,13,False
0040a5bf-747d-4261-87b2-d3bdfeb4d654,3169,4446,139,152,13,False
0040a5bf-747d-4261-87b2-d3bdfeb4d654,3165,4453,124,153,29,False
0040a5bf-747d-4261-87b2-d3bdfeb4d654,3168,4445,139,153,14,False
0040a5bf-747d-4261-87b2-d3bdfeb4d654,3170,4445,139,153,14,False
0040a5bf-747d-4261-87b2-d3bdfeb4d654,3164,4454,125,154,29,False
0040a5bf-747d-4261-87b2-d3bdfeb4d654,3164,4455,126,155,29,False
0040a5bf-747d-4261-87b2-d3bdfeb4d654,3164,4453,128,157,29,False
0040a5bf-747d-4261-87b2-d3bdfeb4d654,3164,4452,129,158,29,False
0040a5bf-747d-4261-87b2-d3bdfeb4d654,3165,4452,130,159,29,False
0040a5bf-747d-4261-87b2-d3bdfeb4d654,3164,4451,131,160,29,False
0040a5bf-747d-4261-87b2-d3bdfeb4d654,3163,4451,132,161,29,False
0040a5bf-747d-4261-87b2-d3bdfeb4d654,3162,4451,133,162,29,False
0040a5bf-747d-4261-87b2-d3bdfeb4d654,3162,4450,134,163,29,False
0040a5bf-747d-4261-87b2-d3bdfeb4d654,3161,4451,135,164,29,False
0040a5bf-747d-4261-87b2-d3bdfeb4d654,3160,4452,136,165,29,False
0040a5bf-747d-4261-87b2-d3bdfeb4d654,3160,4453,137,166,29,False
0040a5bf-747d-4261-87b2-d3bdfeb4d654,3161,4452,138,167,29,False
0040a5bf-747d-4261-87b2-d3bdfeb4d654,3162,4453,139,168,29,False
0040a5bf-747d-4261-87b2-d3bdfeb4d654,3162,4454,140,169,29,False
0040a5bf-747d-4261-87b2-d3bdfeb4d654,3163,4453,141,170,29,False
0040a5bf-747d-4261-87b2-d3bdfeb4d654,3163,4452,142,171,29,False
0040a5bf-747d-4261-87b2-d3bdfeb4d654,3162,4455,145,174,29,False
0040a5bf-747d-4261-87b2-d3bdfeb4d654,3162,4456,146,175,29,False
0040a5bf-747d-4261-87b2-d3bdfeb4d654,3162,4457,147,176,29,False
0040a5bf-747d-4261-87b2-d3bdfeb4d654,3163,4456,148,177,29,False
0040a5bf-747d-4261-87b2-d3bdfeb4d654,3164,4456,149,178,29,False
0040a5bf-747d-4261-87b2-d3bdfeb4d654,3165,4455,150,179,29,False
0040a5bf-747d-4261-87b2-d3bdfeb4d654,3165,4454,151,180,29,False
0040a5bf-747d-4261-87b2-d3bdfeb4d654,3166,4455,152,181,29,False
0040a5bf-747d-4261-87b2-d3bdfeb4d654,3167,4456,153,182,29,False
0040a5bf-747d-4261-87b2-d3bdfeb4d654,3168,4456,154,183,29,False
0040a5bf-747d-4261-87b2-d3bdfeb4d654,3166,4456,156,185,29,False
0040a5bf-747d-4261-87b2-d3bdfeb4d654,3164,4454,158,187,29,False
0040a5bf-747d-4261-87b2-d3bdfeb4d654,3165,4456,160,189,29,False
0040a5bf-747d-4261-87b2-d3bdfeb4d654,3165,4457,161,190,29,False
0040a5bf-747d-4261-87b2-d3bdfeb4d654,3164,4458,162,191,29,False
0040a5bf-747d-4261-87b2-d3bdfeb4d654,3163,4458,163,192,29,False
0040a5bf-747d-4261-87b2-d3bdfeb4d654,3162,4458,164,193,29,False
0040a5bf-747d-4261-87b2-d3bdfeb4d654,3161,4457,165,194,29,False
0040a5bf-747d-4261-87b2-d3bdfeb4d654,3160,4457,166,195,29,False
0040a5bf-747d-4261-87b2-d3bdfeb4d654,3161,4456,167,196,29,False
0040a5bf-747d-4261-87b2-d3bdfeb4d654,3163,4455,169,198,29,False
0040a5bf-747d-4261-87b2-d3bdfeb4d654,3164,4455,170,199,29,False
0040a5bf-747d-4261-87b2-d3bdfeb4d654,3165,4458,173,201,28,False
0040a5bf-747d-4261-87b2-d3bdfeb4d654,3164,4457,174,201,27,False
0040a5bf-747d-4261-87b2-d3bdfeb4d654,3163,4454,177,201,24,False
0040a5bf-747d-4261-87b2-d3bdfeb4d654,3164,4453,178,201,23,False
0040a5bf-747d-4261-87b2-d3bdfeb4d654,3165,4453,179,201,22,False
0040a5bf-747d-4261-87b2-d3bdfeb4d654,3166,4453,180,201,21,False
0040a5bf-747d-4261-87b2-d3bdfeb4d654,3165,4452,181,201,20,False
0040a5bf-747d-4261-87b2-d3bdfeb4d654,3164,4452,182,201,19,False
0040a5bf-747d-4261-87b2-d3bdfeb4d654,3163,4453,183,201,18,False
0040a5bf-747d-4261-87b2-d3bdfeb4d654,3162,4454,184,201,17,False
0040a5bf-747d-4261-87b2-d3bdfeb4d654,3161,4453,185,201,16,False
0040a5bf-747d-4261-87b2-d3bdfeb4d654,3161,4452,186,201,15,False
0040a5bf-747d-4261-87b2-d3bdfeb4d654,3161,4451,187,201,14,False
0040a5bf-747d-4261-87b2-d3bdfeb4d654,3160,4451,188,201,13,False
0040a5bf-747d-4261-87b2-d3bdfeb4d654,3162,4453,190,201,11,False
0040a5bf-747d-4261-87b2-d3bdfeb4d654,3161,4454,191,201,10,False
0040a5bf-747d-4261-87b2-d3bdfeb4d654,3160,4455,192,201,9,False
0040a5bf-747d-4261-87b2-d3bdfeb4d654,3161,4455,193,201,8,False
0040a5bf-747d-4261-87b2-d3bdfeb4d654,3164,4454,196,201,5,False
0040a5bf-747d-4261-87b2-d3bdfeb4d654,3166,4452,198,201,3,False
0040a5bf-747d-4261-87b2-d3bdfeb4d654,3165,4454,200,201,1,False
0040a5bf-747d-4261-87b2-d3bdfeb4d654,3168,4445,189,202,13,False
0040a5bf-747d-4261-87b2-d3bdfeb4d654,3169,4447,189,202,13,False
0040a5bf-747d-4261-87b2-d3bdfeb4d654,3168,4447,189,202,13,False
022818d8-fd8c-46ef-8eb2-3319b641554c,3166,4443,19,32,13,False
022818d8-fd8c-46ef-8eb2-3319b641554c,3165,4450,19,32,13,False
022818d8-fd8c-46ef-8eb2-3319b641554c,3175,4453,19,36,17,False
022818d8-fd8c-46ef-8eb2-3319b641554c,3176,4451,19,36,17,False
022818d8-fd8c-46ef-8eb2-3319b641554c,3176,4449,19,36,17,False
022818d8-fd8c-46ef-8eb2-3319b641554c,3172,4436,19,36,17,False
022818d8-fd8c-46ef-8eb2-3319b641554c,3170,4446,19,62,43,False
022818d8-fd8c-46ef-8eb2-3319b641554c,3169,4447,35,64,29,False
022818d8-fd8c-46ef-8eb2-3319b641554c,3168,4448,36,65,29,False
022818d8-fd8c-46ef-8eb2-3319b641554c,3169,4448,37,66,29,False
022818d8-fd8c-46ef-8eb2-3319b641554c,3170,4449,38,67,29,False
022818d8-fd8c-46ef-8eb2-3319b641554c,3171,4448,39,68,29,False
022818d8-fd8c-46ef-8eb2-3319b641554c,3172,4447,40,69,29,False
022818d8-fd8c-46ef-8eb2-3319b641554c,3173,4447,41,70,29,False
022818d8-fd8c-46ef-8eb2-3319b641554c,3174,4446,42,71,29,False
022818d8-fd8c-46ef-8eb2-3319b641554c,3175,4445,43,72,29,False
022818d8-fd8c-46ef-8eb2-3319b641554c,3175,4444,44,73,29,False
022818d8-fd8c-46ef-8eb2-3319b641554c,3176,4443,45,74,29,False
022818d8-fd8c-46ef-8eb2-3319b641554c,3177,4443,46,75,29,False
022818d8-fd8c-46ef-8eb2-3319b641554c,3176,4444,47,76,29,False
022818d8-fd8c-46ef-8eb2-3319b641554c,3176,4445,48,77,29,False
022818d8-fd8c-46ef-8eb2-3319b641554c,3176,4446,49,78,29,False
022818d8-fd8c-46ef-8eb2-3319b641554c,3177,4447,50,79,29,False
022818d8-fd8c-46ef-8eb2-3319b641554c,3177,4448,51,80,29,False
022818d8-fd8c-46ef-8eb2-3319b641554c,3177,4449,52,81,29,False
022818d8-fd8c-46ef-8eb2-3319b641554c,3176,4449,53,82,29,False
022818d8-fd8c-46ef-8eb2-3319b641554c,3175,4449,54,83,29,False
022818d8-fd8c-46ef-8eb2-3319b641554c,3174,4448,55,84,29,False
022818d8-fd8c-46ef-8eb2-3319b641554c,3173,4446,57,86,29,False
022818d8-fd8c-46ef-8eb2-3319b641554c,3174,4447,58,87,29,False
022818d8-fd8c-46ef-8eb2-3319b641554c,3175,4448,59,88,29,False
022818d8-fd8c-46ef-8eb2-3319b641554c,3176,4448,60,89,29,False
022818d8-fd8c-46ef-8eb2-3319b641554c,3168,4445,89,102,13,False
022818d8-fd8c-46ef-8eb2-3319b641554c,3168,4453,89,103,14,False
022818d8-fd8c-46ef-8eb2-3319b641554c,3175,4440,89,105,16,False
022818d8-fd8c-46ef-8eb2-3319b641554c,3177,4452,89,106,17,False
022818d8-fd8c-46ef-8eb2-3319b641554c,3179,4451,89,107,18,False
022818d8-fd8c-46ef-8eb2-3319b641554c,3177,4447,81,110,29,False
022818d8-fd8c-46ef-8eb2-3319b641554c,3176,4448,94,123,29,False
022818d8-fd8c-46ef-8eb2-3319b641554c,3176,4449,95,124,29,False
022818d8-fd8c-46ef-8eb2-3319b641554c,3176,4450,96,125,29,False
022818d8-fd8c-46ef-8eb2-3319b641554c,3175,4451,97,126,29,False
022818d8-fd8c-46ef-8eb2-3319b641554c,3174,4452,98,127,29,False
022818d8-fd8c-46ef-8eb2-3319b641554c,3173,4453,99,128,29,False
022818d8-fd8c-46ef-8eb2-3319b641554c,3173,4454,100,129,29,False
022818d8-fd8c-46ef-8eb2-3319b641554c,3173,4455,101,130,29,False
022818d8-fd8c-46ef-8eb2-3319b641554c,3172,4454,102,131,29,False
022818d8-fd8c-46ef-8eb2-3319b641554c,3170,4452,89,132,43,False
022818d8-fd8c-46ef-8eb2-3319b641554c,3172,4453,103,132,29,False
022818d8-fd8c-46ef-8eb2-3319b641554c,3171,4451,105,134,29,False
022818d8-fd8c-46ef-8eb2-3319b641554c,3174,4455,105,134,29,False
022818d8-fd8c-46ef-8eb2-3319b641554c,3174,4456,106,135,29,False
022818d8-fd8c-46ef-8eb2-3319b641554c,3172,4450,106,135,29,False
022818d8-fd8c-46ef-8eb2-3319b641554c,3178,4453,89,136,47,False
022818d8-fd8c-46ef-8eb2-3319b641554c,3175,4455,107,136,29,False
022818d8-fd8c-46ef-8eb2-3319b641554c,3173,4449,107,136,29,False
022818d8-fd8c-46ef-8eb2-3319b641554c,3172,4448,108,137,29,False
022818d8-fd8c-46ef-8eb2-3319b641554c,3176,4454,108,137,29,False
022818d8-fd8c-46ef-8eb2-3319b641554c,3179,4454,109,138,29,True
022818d8-fd8c-46ef-8eb2-3319b641554c,3177,4453,109,138,29,True
022818d8-fd8c-46ef-8eb2-3319b641554c,3172,4447,109,138,29,True
022818d8-fd8c-46ef-8eb2-3319b641554c,3178,4454,110,139,29,True
022818d8-fd8c-46ef-8eb2-3319b641554c,3179,4455,110,139,29,True
022818d8-fd8c-46ef-8eb2-3319b641554c,3172,4446,110,139,29,True
022818d8-fd8c-46ef-8eb2-3319b641554c,3173,4445,111,140,29,True
022818d8-fd8c-46ef-8eb2-3319b641554c,3180,4456,111,140,29,True
022818d8-fd8c-46ef-8eb2-3319b641554c,3174,4444,112,141,29,True
022818d8-fd8c-46ef-8eb2-3319b641554c,3179,4456,112,141,29,True
022818d8-fd8c-46ef-8eb2-3319b641554c,3178,4456,113,142,29,True
022818d8-fd8c-46ef-8eb2-3319b641554c,3179,4457,113,142,29,True
022818d8-fd8c-46ef-8eb2-3319b641554c,3175,4443,113,142,29,True
022818d8-fd8c-46ef-8eb2-3319b641554c,3177,4455,114,143,29,True
022818d8-fd8c-46ef-8eb2-3319b641554c,3175,4442,114,143,29,True
022818d8-fd8c-46ef-8eb2-3319b641554c,3179,4458,114,143,29,True
022818d8-fd8c-46ef-8eb2-3319b641554c,3176,4443,115,144,29,True
022818d8-fd8c-46ef-8eb2-3319b641554c,3180,4458,115,144,29,True
022818d8-fd8c-46ef-8eb2-3319b641554c,3176,4444,116,145,29,False
022818d8-fd8c-46ef-8eb2-3319b641554c,3175,4453,116,145,29,False
022818d8-fd8c-46ef-8eb2-3319b641554c,3178,4457,117,146,29,False
022818d8-fd8c-46ef-8eb2-3319b641554c,3177,4457,118,147,29,False
022818d8-fd8c-46ef-8eb2-3319b641554c,3178,4455,119,148,29,False
022818d8-fd8c-46ef-8eb2-3319b641554c,3176,4457,119,148,29,False
022818d8-fd8c-46ef-8eb2-3319b641554c,3175,4457,120,149,29,False
022818d8-fd8c-46ef-8eb2-3319b641554c,3177,4456,120,149,29,False
022818d8-fd8c-46ef-8eb2-3319b641554c,3176,4456,121,150,29,False
022818d8-fd8c-46ef-8eb2-3319b641554c,3177,4454,124,153,29,False
022818d8-fd8c-46ef-8eb2-3319b641554c,3175,4454,126,155,29,False
022818d8-fd8c-46ef-8eb2-3319b641554c,3176,4453,127,156,29,False
022818d8-fd8c-46ef-8eb2-3319b641554c,3177,4452,128,157,29,False
022818d8-fd8c-46ef-8eb2-3319b641554c,3177,4451,129,158,29,False
022818d8-fd8c-46ef-8eb2-3319b641554c,3177,4450,130,159,29,False
022818d8-fd8c-46ef-8eb2-3319b641554c,3176,4451,131,160,29,False
022818d8-fd8c-46ef-8eb2-3319b641554c,3176,4452,132,161,29,False
022818d8-fd8c-46ef-8eb2-3319b641554c,3175,4451,133,162,29,False
022818d8-fd8c-46ef-8eb2-3319b641554c,3175,4450,134,163,29,False
022818d8-fd8c-46ef-8eb2-3319b641554c,3176,4444,147,176,29,False
022818d8-fd8c-46ef-8eb2-3319b641554c,3177,4443,149,178,29,False
022818d8-fd8c-46ef-8eb2-3319b641554c,3178,4442,150,179,29,False
022818d8-fd8c-46ef-8eb2-3319b641554c,3175,4457,151,180,29,False
022818d8-fd8c-46ef-8eb2-3319b641554c,3179,4443,151,180,29,False
022818d8-fd8c-46ef-8eb2-3319b641554c,3180,4444,152,181,29,False
022818d8-fd8c-46ef-8eb2-3319b641554c,3179,4445,153,181,28,False
022818d8-fd8c-46ef-8eb2-3319b641554c,3179,4446,154,181,27,False
022818d8-fd8c-46ef-8eb2-3319b641554c,3179,4447,155,181,26,False
022818d8-fd8c-46ef-8eb2-3319b641554c,3175,4456,155,181,26,False
022818d8-fd8c-46ef-8eb2-3319b641554c,3176,4455,156,181,25,False
022818d8-fd8c-46ef-8eb2-3319b641554c,3178,4448,156,181,25,False
022818d8-fd8c-46ef-8eb2-3319b641554c,3179,4448,157,181,24,False
022818d8-fd8c-46ef-8eb2-3319b641554c,3176,4454,157,181,24,False
022818d8-fd8c-46ef-8eb2-3319b641554c,3180,4447,158,181,23,False
022818d8-fd8c-46ef-8eb2-3319b641554c,3177,4454,158,181,23,False
022818d8-fd8c-46ef-8eb2-3319b641554c,3178,4454,159,181,22,False
022818d8-fd8c-46ef-8eb2-3319b641554c,3180,4446,159,181,22,False
022818d8-fd8c-46ef-8eb2-3319b641554c,3177,4453,160,181,21,False
022818d8-fd8c-46ef-8eb2-3319b641554c,3176,4453,161,181,20,False
022818d8-fd8c-46ef-8eb2-3319b641554c,3178,4446,161,181,20,False
022818d8-fd8c-46ef-8eb2-3319b641554c,3175,4453,162,181,19,False
022818d8-fd8c-46ef-8eb2-3319b641554c,3177,4446,162,181,19,False
022818d8-fd8c-46ef-8eb2-3319b641554c,3176,4447,163,181,18,False
022818d8-fd8c-46ef-8eb2-3319b641554c,3174,4454,163,181,18,False
022818d8-fd8c-46ef-8eb2-3319b641554c,3175,4448,164,181,17,False
022818d8-fd8c-46ef-8eb2-3319b641554c,3174,4455,164,181,17,False
022818d8-fd8c-46ef-8eb2-3319b641554c,3173,4456,165,181,16,False
022818d8-fd8c-46ef-8eb2-3319b641554c,3175,4449,165,181,16,False
022818d8-fd8c-46ef-8eb2-3319b641554c,3176,4450,166,181,15,False
022818d8-fd8c-46ef-8eb2-3319b641554c,3172,4457,166,181,15,False
022818d8-fd8c-46ef-8eb2-3319b641554c,3177,4451,167,181,14,False
022818d8-fd8c-46ef-8eb2-3319b641554c,3174,4456,168,181,13,False
022818d8-fd8c-46ef-8eb2-3319b641554c,3176,4456,170,181,11,False
022818d8-fd8c-46ef-8eb2-3319b641554c,3174,4449,170,181,11,False
022818d8-fd8c-46ef-8eb2-3319b641554c,3173,4448,171,181,10,False
022818d8-fd8c-46ef-8eb2-3319b641554c,3177,4457,171,181,10,False
022818d8-fd8c-46ef-8eb2-3319b641554c,3173,4447,172,181,9,False
022818d8-fd8c-46ef-8eb2-3319b641554c,3178,4458,172,181,9,False
022818d8-fd8c-46ef-8eb2-3319b641554c,3177,4458,173,181,8,False
022818d8-fd8c-46ef-8eb2-3319b641554c,3173,4446,173,181,8,False
022818d8-fd8c-46ef-8eb2-3319b641554c,3176,4458,174,181,7,False
022818d8-fd8c-46ef-8eb2-3319b641554c,3174,4445,174,181,7,False
022818d8-fd8c-46ef-8eb2-3319b641554c,3175,4445,175,181,6,False
022818d8-fd8c-46ef-8eb2-3319b641554c,3174,4446,176,181,5,False
022818d8-fd8c-46ef-8eb2-3319b641554c,3177,4456,176,181,5,False
022818d8-fd8c-46ef-8eb2-3319b641554c,3174,4447,177,181,4,False
022818d8-fd8c-46ef-8eb2-3319b641554c,3178,4457,177,181,4,False
022818d8-fd8c-46ef-8eb2-3319b641554c,3179,4457,178,181,3,False
022818d8-fd8c-46ef-8eb2-3319b641554c,3174,4448,178,181,3,False
022818d8-fd8c-46ef-8eb2-3319b641554c,3179,4456,179,181,2,False
022818d8-fd8c-46ef-8eb2-3319b641554c,3179,4455,180,181,1,False
022818d8-fd8c-46ef-8eb2-3319b641554c,3172,4447,180,181,1,False
029e4be8-0a1c-4a60-8538-7796e0d6c754,3172,4443,9,23,14,False
029e4be8-0a1c-4a60-8538-7796e0d6c754,3169,4444,9,23,14,False
029e4be8-0a1c-4a60-8538-7796e0d6c754,3170,4445,9,52,43,False
029e4be8-0a1c-4a60-8538-7796e0d6c754,3171,4444,25,54,29,False
029e4be8-0a1c-4a60-8538-7796e0d6c754,3172,4444,26,55,29,False
029e4be8-0a1c-4a60-8538-7796e0d6c754,3173,4444,27,56,29,False
029e4be8-0a1c-4a60-8538-7796e0d6c754,3174,4445,28,57,29,False
029e4be8-0a1c-4a60-8538-7796e0d6c754,3175,4446,29,58,29,False
029e4be8-0a1c-4a60-8538-7796e0d6c754,3176,4447,30,59,29,False
029e4be8-0a1c-4a60-8538-7796e0d6c754,3176,4448,31,60,29,False
029e4be8-0a1c-4a60-8538-7796e0d6c754,3177,4448,32,61,29,False
029e4be8-0a1c-4a60-8538-7796e0d6c754,3161,4445,49,62,13,False
029e4be8-0a1c-4a60-8538-7796e0d6c754,3175,4448,34,63,29,False
029e4be8-0a1c-4a60-8538-7796e0d6c754,3161,4443,49,63,14,False
029e4be8-0a1c-4a60-8538-7796e0d6c754,3160,4444,49,63,14,False
029e4be8-0a1c-4a60-8538-7796e0d6c754,3175,4449,35,64,29,False
029e4be8-0a1c-4a60-8538-7796e0d6c754,3174,4449,36,65,29,False
029e4be8-0a1c-4a60-8538-7796e0d6c754,3173,4449,37,66,29,False
029e4be8-0a1c-4a60-8538-7796e0d6c754,3172,4449,38,67,29,False
029e4be8-0a1c-4a60-8538-7796e0d6c754,3173,4450,39,68,29,False
029e4be8-0a1c-4a60-8538-7796e0d6c754,3174,4450,40,69,29,False
029e4be8-0a1c-4a60-8538-7796e0d6c754,3175,4451,41,70,29,False
029e4be8-0a1c-4a60-8538-7796e0d6c754,3175,4452,42,71,29,False
029e4be8-0a1c-4a60-8538-7796e0d6c754,3175,4453,43,72,29,False
029e4be8-0a1c-4a60-8538-7796e0d6c754,3175,4454,44,73,29,False
029e4be8-0a1c-4a60-8538-7796e0d6c754,3174,4453,45,74,29,False
029e4be8-0a1c-4a60-8538-7796e0d6c754,3174,4452,46,75,29,False
029e4be8-0a1c-4a60-8538-7796e0d6c754,3176,4450,48,77,29,False
029e4be8-0a1c-4a60-8538-7796e0d6c754,3177,4449,49,78,29,False
029e4be8-0a1c-4a60-8538-7796e0d6c754,3177,4447,51,80,29,False
029e4be8-0a1c-4a60-8538-7796e0d6c754,3177,4446,52,81,29,False
029e4be8-0a1c-4a60-8538-7796e0d6c754,3176,4445,53,82,29,False
029e4be8-0a1c-4a60-8538-7796e0d6c754,3175,4444,54,83,29,False
029e4be8-0a1c-4a60-8538-7796e0d6c754,3174,4443,55,84,29,False
029e4be8-0a1c-4a60-8538-7796e0d6c754,3176,4444,57,86,29,False
029e4be8-0a1c-4a60-8538-7796e0d6c754,3177,4444,58,87,29,False
029e4be8-0a1c-4a60-8538-7796e0d6c754,3175,4446,60,89,29,False
029e4be8-0a1c-4a60-8538-7796e0d6c754,3174,4447,61,90,29,False
029e4be8-0a1c-4a60-8538-7796e0d6c754,3177,4445,64,93,29,False
029e4be8-0a1c-4a60-8538-7796e0d6c754,3175,4443,66,95,29,False
029e4be8-0a1c-4a60-8538-7796e0d6c754,3174,4442,67,96,29,False
029e4be8-0a1c-4a60-8538-7796e0d6c754,3175,4441,68,97,29,False
029e4be8-0a1c-4a60-8538-7796e0d6c754,3176,4440,69,98,29,False
029e4be8-0a1c-4a60-8538-7796e0d6c754,3177,4439,70,99,29,False
029e4be8-0a1c-4a60-8538-7796e0d6c754,3176,4441,72,101,29,False
029e4be8-0a1c-4a60-8538-7796e0d6c754,3176,4442,73,102,29,False
029e4be8-0a1c-4a60-8538-7796e0d6c754,3175,4442,74,103,29,False
029e4be8-0a1c-4a60-8538-7796e0d6c754,3177,4440,76,105,29,False
029e4be8-0a1c-4a60-8538-7796e0d6c754,3178,4439,77,106,29,False
029e4be8-0a1c-4a60-8538-7796e0d6c754,3179,4439,78,107,29,False
029e4be8-0a1c-4a60-8538-7796e0d6c754,3178,4438,79,108,29,False
029e4be8-0a1c-4a60-8538-7796e0d6c754,3179,4437,80,109,29,False
029e4be8-0a1c-4a60-8538-7796e0d6c754,3180,4437,81,110,29,False
029e4be8-0a1c-4a60-8538-7796e0d6c754,3179,4436,82,111,29,False
029e4be8-0a1c-4a60-8538-7796e0d6c754,3179,4435,83,112,29,False
029e4be8-0a1c-4a60-8538-7796e0d6c754,3178,4436,84,113,29,False
029e4be8-0a1c-4a60-8538-7796e0d6c754,3177,4437,85,114,29,False
029e4be8-0a1c-4a60-8538-7796e0d6c754,3176,4437,86,115,29,False
029e4be8-0a1c-4a60-8538-7796e0d6c754,3175,4437,87,116,29,False
029e4be8-0a1c-4a60-8538-7796e0d6c754,3174,4437,88,117,29,False
029e4be8-0a1c-4a60-8538-7796e0d6c754,3174,4436,89,118,29,False
029e4be8-0a1c-4a60-8538-7796e0d6c754,3175,4435,90,119,29,False
029e4be8-0a1c-4a60-8538-7796e0d6c754,3176,4435,91,120,29,False
029e4be8-0a1c-4a60-8538-7796e0d6c754,3177,4435,92,121,29,False
029e4be8-0a1c-4a60-8538-7796e0d6c754,3180,4436,95,124,29,False
029e4be8-0a1c-4a60-8538-7796e0d6c754,3180,4438,97,126,29,False
029e4be8-0a1c-4a60-8538-7796e0d6c754,3178,4440,99,128,29,False
029e4be8-0a1c-4a60-8538-7796e0d6c754,3178,4441,100,129,29,False
029e4be8-0a1c-4a60-8538-7796e0d6c754,3179,4442,101,130,29,False
029e4be8-0a1c-4a60-8538-7796e0d6c754,3180,4443,102,131,29,False
029e4be8-0a1c-4a60-8538-7796e0d6c754,3180,4444,103,132,29,False
029e4be8-0a1c-4a60-8538-7796e0d6c754,3179,4445,104,133,29,False
029e4be8-0a1c-4a60-8538-7796e0d6c754,3179,4446,105,134,29,False
029e4be8-0a1c-4a60-8538-7796e0d6c754,3178,4447,106,135,29,False
029e4be8-0a1c-4a60-8538-7796e0d6c754,3178,4448,107,136,29,False
029e4be8-0a1c-4a60-8538-7796e0d6c754,3179,4449,108,137,29,False
029e4be8-0a1c-4a60-8538-7796e0d6c754,3180,4449,109,138,29,False
029e4be8-0a1c-4a60-8538-7796e0d6c754,3179,4448,110,139,29,False
029e4be8-0a1c-4a60-8538-7796e0d6c754,3177,4448,112,141,29,False
029e4be8-0a1c-4a60-8538-7796e0d6c754,3177,4449,113,142,29,False
029e4be8-0a1c-4a60-8538-7796e0d6c754,3177,4450,114,143,29,False
029e4be8-0a1c-4a60-8538-7796e0d6c754,3177,4451,115,144,29,False
029e4be8-0a1c-4a60-8538-7796e0d6c754,3176,4452,116,145,29,False
029e4be8-0a1c-4a60-8538-7796e0d6c754,3176,4453,117,146,29,False
029e4be8-0a1c-4a60-8538-7796e0d6c754,3175,4452,118,147,29,False
029e4be8-0a1c-4a60-8538-7796e0d6c754,3175,4451,119,148,29,False
029e4be8-0a1c-4a60-8538-7796e0d6c754,3175,4450,120,149,29,False
029e4be8-0a1c-4a60-8538-7796e0d6c754,3174,4449,121,150,29,False
029e4be8-0a1c-4a60-8538-7796e0d6c754,3173,4448,122,151,29,False
029e4be8-0a1c-4a60-8538-7796e0d6c754,3172,4447,123,152,29,False
029e4be8-0a1c-4a60-8538-7796e0d6c754,3171,4446,124,153,29,False
029e4be8-0a1c-4a60-8538-7796e0d6c754,3171,4445,125,154,29,False
029e4be8-0a1c-4a60-8538-7796e0d6c754,3172,4444,126,155,29,False
029e4be8-0a1c-4a60-8538-7796e0d6c754,3172,4443,127,156,29,False
029e4be8-0a1c-4a60-8538-7796e0d6c754,3173,4442,128,157,29,False
029e4be8-0a1c-4a60-8538-7796e0d6c754,3172,4442,129,158,29,False
029e4be8-0a1c-4a60-8538-7796e0d6c754,3171,4442,130,159,29,False
029e4be8-0a1c-4a60-8538-7796e0d6c754,3170,4442,131,160,29,False
029e4be8-0a1c-4a60-8538-7796e0d6c754,3171,4443,132,161,29,False
029e4be8-0a1c-4a60-8538-7796e0d6c754,3169,4450,149,162,13,False
029e4be8-0a1c-4a60-8538-7796e0d6c754,3170,4451,149,162,13,False
029e4be8-0a1c-4a60-8538-7796e0d6c754,3168,4449,149,162,13,False
029e4be8-0a1c-4a60-8538-7796e0d6c754,3172,4441,134,163,29,False
029e4be8-0a1c-4a60-8538-7796e0d6c754,3173,4441,135,164,29,False
029e4be8-0a1c-4a60-8538-7796e0d6c754,3174,4441,136,165,29,False
029e4be8-0a1c-4a60-8538-7796e0d6c754,3175,4441,137,166,29,False
029e4be8-0a1c-4a60-8538-7796e0d6c754,3174,4442,138,167,29,False
029e4be8-0a1c-4a60-8538-7796e0d6c754,3173,4443,139,168,29,False
029e4be8-0a1c-4a60-8538-7796e0d6c754,3170,4446,142,171,29,False
029e4be8-0a1c-4a60-8538-7796e0d6c754,3169,4445,143,172,29,False
029e4be8-0a1c-4a60-8538-7796e0d6c754,3169,4444,144,173,29,False
029e4be8-0a1c-4a60-8538-7796e0d6c754,3170,4445,145,174,29,False
029e4be8-0a1c-4a60-8538-7796e0d6c754,3172,4446,147,176,29,False
029e4be8-0a1c-4a60-8538-7796e0d6c754,3172,4445,148,177,29,False
029e4be8-0a1c-4a60-8538-7796e0d6c754,3173,4445,149,178,29,False
029e4be8-0a1c-4a60-8538-7796e0d6c754,3174,4446,150,179,29,False
029e4be8-0a1c-4a60-8538-7796e0d6c754,3174,4447,151,180,29,False
029e4be8-0a1c-4a60-8538-7796e0d6c754,3174,4445,153,182,29,False
029e4be8-0a1c-4a60-8538-7796e0d6c754,3174,4444,154,183,29,False
029e4be8-0a1c-4a60-8538-7796e0d6c754,3175,4445,155,184,29,False
029e4be8-0a1c-4a60-8538-7796e0d6c754,3176,4446,156,185,29,False
029e4be8-0a1c-4a60-8538-7796e0d6c754,3177,4446,157,186,29,False
029e4be8-0a1c-4a60-8538-7796e0d6c754,3177,4445,158,187,29,False
029e4be8-0a1c-4a60-8538-7796e0d6c754,3178,4444,159,188,29,False
029e4be8-0a1c-4a60-8538-7796e0d6c754,3179,4444,160,189,29,False
029e4be8-0a1c-4a60-8538-7796e0d6c754,3180,4444,161,190,29,False
029e4be8-0a1c-4a60-8538-7796e0d6c754,3180,4445,162,191,29,False
029e4be8-0a1c-4a60-8538-7796e0d6c754,3169,4450,163,192,29,False
029e4be8-0a1c-4a60-8538-7796e0d6c754,3180,4446,163,192,29,False
029e4be8-0a1c-4a60-8538-7796e0d6c754,3180,4447,164,193,29,False
029e4be8-0a1c-4a60-8538-7796e0d6c754,3179,4446,165,194,29,False
029e4be8-0a1c-4a60-8538-7796e0d6c754,3170,4449,165,194,29,False
029e4be8-0a1c-4a60-8538-7796e0d6c754,3179,4445,166,195,29,False
029e4be8-0a1c-4a60-8538-7796e0d6c754,3170,4448,166,195,29,False
029e4be8-0a1c-4a60-8538-7796e0d6c754,3178,4446,167,196,29,False
029e4be8-0a1c-4a60-8538-7796e0d6c754,3169,4449,167,196,29,False
029e4be8-0a1c-4a60-8538-7796e0d6c754,3177,4447,168,197,29,False
029e4be8-0a1c-4a60-8538-7796e0d6c754,3168,4449,168,197,29,False
029e4be8-0a1c-4a60-8538-7796e0d6c754,3177,4448,169,198,29,False
029e4be8-0a1c-4a60-8538-7796e0d6c754,3178,4449,170,199,29,False
029e4be8-0a1c-4a60-8538-7796e0d6c754,3171,4449,171,200,29,False
029e4be8-0a1c-4a60-8538-7796e0d6c754,3179,4449,171,200,29,False
029e4be8-0a1c-4a60-8538-7796e0d6c754,3180,4450,172,201,29,False
029e4be8-0a1c-4a60-8538-7796e0d6c754,3170,4450,172,201,29,False
029e4be8-0a1c-4a60-8538-7796e0d6c754,3180,4451,173,202,29,False
029e4be8-0a1c-4a60-8538-7796e0d6c754,3171,4451,173,202,29,False
029e4be8-0a1c-4a60-8538-7796e0d6c754,3172,4451,174,203,29,False
029e4be8-0a1c-4a60-8538-7796e0d6c754,3180,4452,174,203,29,False
029e4be8-0a1c-4a60-8538-7796e0d6c754,3180,4453,175,204,29,False
029e4be8-0a1c-4a60-8538-7796e0d6c754,3173,4452,175,204,29,False
029e4be8-0a1c-4a60-8538-7796e0d6c754,3179,4454,176,205,29,False
029e4be8-0a1c-4a60-8538-7796e0d6c754,3174,4452,176,205,29,False
029e4be8-0a1c-4a60-8538-7796e0d6c754,3179,4455,177,206,29,False
029e4be8-0a1c-4a60-8538-7796e0d6c754,3175,4452,177,206,29,False
029e4be8-0a1c-4a60-8538-7796e0d6c754,3174,4451,178,207,29,False
029e4be8-0a1c-4a60-8538-7796e0d6c754,3174,4450,179,208,29,False
029e4be8-0a1c-4a60-8538-7796e0d6c754,3179,4453,179,208,29,False
029e4be8-0a1c-4a60-8538-7796e0d6c754,3174,4449,180,209,29,False
029e4be8-0a1c-4a60-8538-7796e0d6c754,3178,4452,180,209,29,False
029e4be8-0a1c-4a60-8538-7796e0d6c754,3177,4451,181,210,29,False
029e4be8-0a1c-4a60-8538-7796e0d6c754,3173,4450,181,210,29,False
029e4be8-0a1c-4a60-8538-7796e0d6c754,3176,4450,182,211,29,False
029e4be8-0a1c-4a60-8538-7796e0d6c754,3172,4450,182,211,29,False
029e4be8-0a1c-4a60-8538-7796e0d6c754,3171,4450,183,212,29,False
029e4be8-0a1c-4a60-8538-7796e0d6c754,3170,4451,184,213,29,False
029e4be8-0a1c-4a60-8538-7796e0d6c754,3178,4451,184,213,29,False
029e4be8-0a1c-4a60-8538-7796e0d6c754,3169,4451,185,214,29,False
029e4be8-0a1c-4a60-8538-7796e0d6c754,3179,4451,185,214,29,False
029e4be8-0a1c-4a60-8538-7796e0d6c754,3178,4450,186,215,29,False
029e4be8-0a1c-4a60-8538-7796e0d6c754,3168,4451,186,215,29,False
029e4be8-0a1c-4a60-8538-7796e0d6c754,3167,4452,187,216,29,False
029e4be8-0a1c-4a60-8538-7796e0d6c754,3177,4450,187,216,29,False
029e4be8-0a1c-4a60-8538-7796e0d6c754,3167,4453,188,217,29,False
029e4be8-0a1c-4a60-8538-7796e0d6c754,3179,4450,189,218,29,False
029e4be8-0a1c-4a60-8538-7796e0d6c754,3167,4454,189,218,29,False
029e4be8-0a1c-4a60-8538-7796e0d6c754,3167,4455,190,219,29,False
029e4be8-0a1c-4a60-8538-7796e0d6c754,3167,4456,191,220,29,False
029e4be8-0a1c-4a60-8538-7796e0d6c754,3177,4449,191,220,29,False
029e4be8-0a1c-4a60-8538-7796e0d6c754,3176,4449,192,221,29,False
029e4be8-0a1c-4a60-8538-7796e0d6c754,3167,4457,192,221,29,False
029e4be8-0a1c-4a60-8538-7796e0d6c754,3175,4448,193,222,29,False
029e4be8-0a1c-4a60-8538-7796e0d6c754,3168,4457,193,222,29,False
029e4be8-0a1c-4a60-8538-7796e0d6c754,3174,4447,194,223,29,False
029e4be8-0a1c-4a60-8538-7796e0d6c754,3169,4456,194,223,29,False
029e4be8-0a1c-4a60-8538-7796e0d6c754,3169,4455,195,224,29,False
029e4be8-0a1c-4a60-8538-7796e0d6c754,3173,4446,195,224,29,False
029e4be8-0a1c-4a60-8538-7796e0d6c754,3169,4454,196,225,29,False
029e4be8-0a1c-4a60-8538-7796e0d6c754,3174,4445,196,225,29,False
029e4be8-0a1c-4a60-8538-7796e0d6c754,3174,4444,197,226,29,False
029e4be8-0a1c-4a60-8538-7796e0d6c754,3168,4453,197,226,29,False
029e4be8-0a1c-4a60-8538-7796e0d6c754,3168,4452,198,227,29,False
029e4be8-0a1c-4a60-8538-7796e0d6c754,3173,4445,198,227,29,False
029e4be8-0a1c-4a60-8538-7796e0d6c754,3168,4454,200,229,29,False
029e4be8-0a1c-4a60-8538-7796e0d6c754,3173,4447,200,229,29,False
029e4be8-0a1c-4a60-8538-7796e0d6c754,3168,4455,201,230,29,False
029e4be8-0a1c-4a60-8538-7796e0d6c754,3175,4447,202,231,29,False
029e4be8-0a1c-4a60-8538-7796e0d6c754,3169,4457,203,232,29,False
029e4be8-0a1c-4a60-8538-7796e0d6c754,3176,4446,203,232,29,False
029e4be8-0a1c-4a60-8538-7796e0d6c754,3177,4445,204,233,29,False
029e4be8-0a1c-4a60-8538-7796e0d6c754,3169,4458,204,233,29,False
029e4be8-0a1c-4a60-8538-7796e0d6c754,3170,4457,205,234,29,False
029e4be8-0a1c-4a60-8538-7796e0d6c754,3177,4446,205,234,29,False
029e4be8-0a1c-4a60-8538-7796e0d6c754,3177,4447,206,235,29,False
029e4be8-0a1c-4a60-8538-7796e0d6c754,3170,4456,206,235,29,False
029e4be8-0a1c-4a60-8538-7796e0d6c754,3177,4448,207,236,29,False
029e4be8-0a1c-4a60-8538-7796e0d6c754,3178,4449,208,237,29,False
029e4be8-0a1c-4a60-8538-7796e0d6c754,3168,4456,208,237,29,False
029e4be8-0a1c-4a60-8538-7796e0d6c754,3180,4450,210,239,29,False
029e4be8-0a1c-4a60-8538-7796e0d6c754,3170,4454,210,239,29,False
029e4be8-0a1c-4a60-8538-7796e0d6c754,3171,4454,211,240,29,False
029e4be8-0a1c-4a60-8538-7796e0d6c754,3179,4452,212,241,29,False
029e4be8-0a1c-4a60-8538-7796e0d6c754,3172,4453,212,241,29,False
029e4be8-0a1c-4a60-8538-7796e0d6c754,3173,4453,213,242,29,False
029e4be8-0a1c-4a60-8538-7796e0d6c754,3179,4453,213,242,29,False
029e4be8-0a1c-4a60-8538-7796e0d6c754,3178,4454,214,243,29,False
029e4be8-0a1c-4a60-8538-7796e0d6c754,3174,4453,214,243,29,False
029e4be8-0a1c-4a60-8538-7796e0d6c754,3177,4455,215,244,29,False
029e4be8-0a1c-4a60-8538-7796e0d6c754,3173,4452,215,244,29,False
029e4be8-0a1c-4a60-8538-7796e0d6c754,3171,4445,229,244,15,False
029e4be8-0a1c-4a60-8538-7796e0d6c754,3172,4443,229,244,15,False
029e4be8-0a1c-4a60-8538-7796e0d6c754,3173,4441,229,244,15,False
029e4be8-0a1c-4a60-8538-7796e0d6c754,3176,4456,216,245,29,False
029e4be8-0a1c-4a60-8538-7796e0d6c754,3172,4451,216,245,29,False
029e4be8-0a1c-4a60-8538-7796e0d6c754,3171,4451,217,246,29,False
029e4be8-0a1c-4a60-8538-7796e0d6c754,3177,4457,217,246,29,False
029e4be8-0a1c-4a60-8538-7796e0d6c754,3178,4458,218,247,29,False
029e4be8-0a1c-4a60-8538-7796e0d6c754,3172,4450,218,247,29,False
029e4be8-0a1c-4a60-8538-7796e0d6c754,3179,4458,219,248,29,False
029e4be8-0a1c-4a60-8538-7796e0d6c754,3173,4450,219,248,29,False
029e4be8-0a1c-4a60-8538-7796e0d6c754,3179,4457,220,249,29,False
029e4be8-0a1c-4a60-8538-7796e0d6c754,3171,4450,221,250,29,False
029e4be8-0a1c-4a60-8538-7796e0d6c754,3179,4456,221,250,29,False
029e4be8-0a1c-4a60-8538-7796e0d6c754,3180,4455,222,251,29,False
029e4be8-0a1c-4a60-8538-7796e0d6c754,3170,4450,222,251,29,False
029e4be8-0a1c-4a60-8538-7796e0d6c754,3169,4451,223,252,29,False
029e4be8-0a1c-4a60-8538-7796e0d6c754,3180,4454,223,252,29,False
029e4be8-0a1c-4a60-8538-7796e0d6c754,3179,4455,224,253,29,False
029e4be8-0a1c-4a60-8538-7796e0d6c754,3178,4456,225,254,29,False
029e4be8-0a1c-4a60-8538-7796e0d6c754,3176,4454,227,256,29,False
029e4be8-0a1c-4a60-8538-7796e0d6c754,3175,4453,228,257,29,False
029e4be8-0a1c-4a60-8538-7796e0d6c754,3175,4452,229,258,29,False
029e4be8-0a1c-4a60-8538-7796e0d6c754,3176,4452,230,259,29,False
029e4be8-0a1c-4a60-8538-7796e0d6c754,3177,4452,231,260,29,False
029e4be8-0a1c-4a60-8538-7796e0d6c754,3178,4452,232,261,29,False
029e4be8-0a1c-4a60-8538-7796e0d6c754,3178,4453,233,262,29,False
029e4be8-0a1c-4a60-8538-7796e0d6c754,3177,4451,235,264,29,False
029e4be8-0a1c-4a60-8538-7796e0d6c754,3176,4450,236,265,29,False
029e4be8-0a1c-4a60-8538-7796e0d6c754,3175,4449,237,266,29,False
029e4be8-0a1c-4a60-8538-7796e0d6c754,3175,4448,238,267,29,False
029e4be8-0a1c-4a60-8538-7796e0d6c754,3174,4448,239,268,29,False
029e4be8-0a1c-4a60-8538-7796e0d6c754,3175,4447,240,269,29,False
029e4be8-0a1c-4a60-8538-7796e0d6c754,3176,4446,241,270,29,False
029e4be8-0a1c-4a60-8538-7796e0d6c754,3177,4445,242,271,29,False
029e4be8-0a1c-4a60-8538-7796e0d6c754,3177,4446,243,272,29,False
029e4be8-0a1c-4a60-8538-7796e0d6c754,3177,4447,244,273,29,False
029e4be8-0a1c-4a60-8538-7796e0d6c754,3176,4445,246,275,29,False
029e4be8-0a1c-4a60-8538-7796e0d6c754,3175,4446,247,276,29,False
029e4be8-0a1c-4a60-8538-7796e0d6c754,3174,4446,248,277,29,False
029e4be8-0a1c-4a60-8538-7796e0d6c754,3173,4447,249,278,29,False
029e4be8-0a1c-4a60-8538-7796e0d6c754,3172,4447,250,279,29,False
029e4be8-0a1c-4a60-8538-7796e0d6c754,3171,4447,251,280,29,False
029e4be8-0a1c-4a60-8538-7796e0d6c754,3164,4443,269,282,13,False
029e4be8-0a1c-4a60-8538-7796e0d6c754,3169,4451,254,283,29,False
029e4be8-0a1c-4a60-8538-7796e0d6c754,3174,4447,254,283,29,False
029e4be8-0a1c-4a60-8538-7796e0d6c754,3165,4441,269,283,14,False
029e4be8-0a1c-4a60-8538-7796e0d6c754,3165,4442,269,283,14,False
029e4be8-0a1c-4a60-8538-7796e0d6c754,3175,4445,256,285,29,False
029e4be8-0a1c-4a60-8538-7796e0d6c754,3170,4450,256,285,29,False
029e4be8-0a1c-4a60-8538-7796e0d6c754,3175,4444,257,286,29,False
029e4be8-0a1c-4a60-8538-7796e0d6c754,3171,4449,257,286,29,False
029e4be8-0a1c-4a60-8538-7796e0d6c754,3176,4444,258,287,29,False
029e4be8-0a1c-4a60-8538-7796e0d6c754,3172,4449,258,287,29,False
029e4be8-0a1c-4a60-8538-7796e0d6c754,3173,4450,259,288,29,False
029e4be8-0a1c-4a60-8538-7796e0d6c754,3177,4444,259,288,29,False
029e4be8-0a1c-4a60-8538-7796e0d6c754,3173,4451,260,289,29,False
029e4be8-0a1c-4a60-8538-7796e0d6c754,3176,4443,260,289,29,False
029e4be8-0a1c-4a60-8538-7796e0d6c754,3175,4442,261,290,29,False
029e4be8-0a1c-4a60-8538-7796e0d6c754,3173,4452,261,290,29,False
029e4be8-0a1c-4a60-8538-7796e0d6c754,3175,4441,262,291,29,False
029e4be8-0a1c-4a60-8538-7796e0d6c754,3173,4453,262,291,29,False
029e4be8-0a1c-4a60-8538-7796e0d6c754,3176,4442,263,292,29,False
029e4be8-0a1c-4a60-8538-7796e0d6c754,3174,4454,263,292,29,False
029e4be8-0a1c-4a60-8538-7796e0d6c754,3175,4443,264,293,29,False
029e4be8-0a1c-4a60-8538-7796e0d6c754,3175,4455,264,293,29,False
029e4be8-0a1c-4a60-8538-7796e0d6c754,3174,4444,265,294,29,False
029e4be8-0a1c-4a60-8538-7796e0d6c754,3175,4456,265,294,29,False
029e4be8-0a1c-4a60-8538-7796e0d6c754,3173,4444,266,295,29,False
029e4be8-0a1c-4a60-8538-7796e0d6c754,3176,4457,266,295,29,False
029e4be8-0a1c-4a60-8538-7796e0d6c754,3177,4458,267,296,29,False
029e4be8-0a1c-4a60-8538-7796e0d6c754,3172,4443,267,296,29,False
029e4be8-0a1c-4a60-8538-7796e0d6c754,3171,4442,268,297,29,False
029e4be8-0a1c-4a60-8538-7796e0d6c754,3176,4458,268,297,29,False
029e4be8-0a1c-4a60-8538-7796e0d6c754,3175,4458,269,298,29,False
029e4be8-0a1c-4a60-8538-7796e0d6c754,3174,4458,270,299,29,False
029e4be8-0a1c-4a60-8538-7796e0d6c754,3173,4443,270,299,29,False
029e4be8-0a1c-4a60-8538-7796e0d6c754,3172,4444,271,300,29,False
029e4be8-0a1c-4a60-8538-7796e0d6c754,3173,4458,271,300,29,False
029e4be8-0a1c-4a60-8538-7796e0d6c754,3171,4445,272,301,29,False
029e4be8-0a1c-4a60-8538-7796e0d6c754,3172,4458,272,301,29,False
029e4be8-0a1c-4a60-8538-7796e0d6c754,3171,4458,273,302,29,False
029e4be8-0a1c-4a60-8538-7796e0d6c754,3170,4444,273,302,29,False
029e4be8-0a1c-4a60-8538-7796e0d6c754,3170,4443,274,303,29,False
029e4be8-0a1c-4a60-8538-7796e0d6c754,3172,4457,274,303,29,False
029e4be8-0a1c-4a60-8538-7796e0d6c754,3170,4442,275,304,29,False
029e4be8-0a1c-4a60-8538-7796e0d6c754,3172,4456,275,304,29,False
029e4be8-0a1c-4a60-8538-7796e0d6c754,3172,4455,276,305,29,False
029e4be8-0a1c-4a60-8538-7796e0d6c754,3169,4443,276,305,29,False
029e4be8-0a1c-4a60-8538-7796e0d6c754,3169,4444,277,306,29,False
029e4be8-0a1c-4a60-8538-7796e0d6c754,3171,4456,277,306,29,False
029e4be8-0a1c-4a60-8538-7796e0d6c754,3170,4457,278,307,29,False
029e4be8-0a1c-4a60-8538-7796e0d6c754,3169,4445,278,307,29,False
029e4be8-0a1c-4a60-8538-7796e0d6c754,3169,4457,279,308,29,False
029e4be8-0a1c-4a60-8538-7796e0d6c754,3168,4444,279,308,29,False
029e4be8-0a1c-4a60-8538-7796e0d6c754,3169,4456,280,309,29,False
029e4be8-0a1c-4a60-8538-7796e0d6c754,3168,4443,280,309,29,False
029e4be8-0a1c-4a60-8538-7796e0d6c754,3168,4442,281,310,29,False
029e4be8-0a1c-4a60-8538-7796e0d6c754,3169,4455,281,310,29,False
029e4be8-0a1c-4a60-8538-7796e0d6c754,3169,4454,282,311,29,False
029e4be8-0a1c-4a60-8538-7796e0d6c754,3168,4441,282,311,29,False
029e4be8-0a1c-4a60-8538-7796e0d6c754,3168,4455,283,312,29,False
029e4be8-0a1c-4a60-8538-7796e0d6c754,3169,4440,283,312,29,False
029e4be8-0a1c-4a60-8538-7796e0d6c754,3164,4451,299,312,13,False
029e4be8-0a1c-4a60-8538-7796e0d6c754,3165,4451,299,312,13,False
029e4be8-0a1c-4a60-8538-7796e0d6c754,3163,4450,299,312,13,False
029e4be8-0a1c-4a60-8538-7796e0d6c754,3170,4440,284,313,29,False
029e4be8-0a1c-4a60-8538-7796e0d6c754,3167,4456,284,313,29,False
029e4be8-0a1c-4a60-8538-7796e0d6c754,3171,4441,285,314,29,False
029e4be8-0a1c-4a60-8538-7796e0d6c754,3166,4457,285,314,29,False
029e4be8-0a1c-4a60-8538-7796e0d6c754,3172,4442,286,315,29,False
029e4be8-0a1c-4a60-8538-7796e0d6c754,3165,4457,286,315,29,False
029e4be8-0a1c-4a60-8538-7796e0d6c754,3164,4457,287,316,29,False
029e4be8-0a1c-4a60-8538-7796e0d6c754,3174,4443,288,317,29,False
029e4be8-0a1c-4a60-8538-7796e0d6c754,3165,4458,288,317,29,False
029e4be8-0a1c-4a60-8538-7796e0d6c754,3176,4441,290,319,29,False
029e4be8-0a1c-4a60-8538-7796e0d6c754,3163,4456,290,319,29,False
029e4be8-0a1c-4a60-8538-7796e0d6c754,3177,4442,291,320,29,False
029e4be8-0a1c-4a60-8538-7796e0d6c754,3162,4456,291,320,29,False
029e4be8-0a1c-4a60-8538-7796e0d6c754,3161,4455,292,321,29,False
029e4be8-0a1c-4a60-8538-7796e0d6c754,3178,4443,292,321,29,False
029e4be8-0a1c-4a60-8538-7796e0d6c754,3177,4444,293,322,29,False
029e4be8-0a1c-4a60-8538-7796e0d6c754,3161,4454,293,322,29,False
029e4be8-0a1c-4a60-8538-7796e0d6c754,3177,4445,294,323,29,False
029e4be8-0a1c-4a60-8538-7796e0d6c754,3160,4453,294,323,29,False
029e4be8-0a1c-4a60-8538-7796e0d6c754,3177,4446,295,324,29,False
029e4be8-0a1c-4a60-8538-7796e0d6c754,3160,4452,295,324,29,False
029e4be8-0a1c-4a60-8538-7796e0d6c754,3160,4451,296,325,29,False
029e4be8-0a1c-4a60-8538-7796e0d6c754,3178,4446,296,325,29,False
029e4be8-0a1c-4a60-8538-7796e0d6c754,3179,4446,297,326,29,False
029e4be8-0a1c-4a60-8538-7796e0d6c754,3161,4452,297,326,29,False
029e4be8-0a1c-4a60-8538-7796e0d6c754,3162,4453,298,327,29,False
029e4be8-0a1c-4a60-8538-7796e0d6c754,3180,4446,298,327,29,False
029e4be8-0a1c-4a60-8538-7796e0d6c754,3163,4453,299,328,29,False
029e4be8-0a1c-4a60-8538-7796e0d6c754,3180,4445,299,328,29,False
029e4be8-0a1c-4a60-8538-7796e0d6c754,3164,4454,300,329,29,False
029e4be8-0a1c-4a60-8538-7796e0d6c754,3180,4444,300,329,29,False
029e4be8-0a1c-4a60-8538-7796e0d6c754,3164,4455,301,330,29,False
029e4be8-0a1c-4a60-8538-7796e0d6c754,3179,4443,301,330,29,False
029e4be8-0a1c-4a60-8538-7796e0d6c754,3164,4456,302,331,29,False
029e4be8-0a1c-4a60-8538-7796e0d6c754,3178,4442,302,331,29,False
029e4be8-0a1c-4a60-8538-7796e0d6c754,3177,4441,303,332,29,False
029e4be8-0a1c-4a60-8538-7796e0d6c754,3166,4458,304,333,29,False
029e4be8-0a1c-4a60-8538-7796e0d6c754,3176,4440,304,333,29,False
029e4be8-0a1c-4a60-8538-7796e0d6c754,3167,4458,305,334,29,False
029e4be8-0a1c-4a60-8538-7796e0d6c754,3175,4440,305,334,29,False
029e4be8-0a1c-4a60-8538-7796e0d6c754,3176,4439,306,335,29,False
029e4be8-0a1c-4a60-8538-7796e0d6c754,3177,4438,307,336,29,False
029e4be8-0a1c-4a60-8538-7796e0d6c754,3166,4456,307,336,29,False
029e4be8-0a1c-4a60-8538-7796e0d6c754,3166,4455,308,337,29,False
029e4be8-0a1c-4a60-8538-7796e0d6c754,3178,4437,308,337,29,False
029e4be8-0a1c-4a60-8538-7796e0d6c754,3177,4437,309,338,29,False
029e4be8-0a1c-4a60-8538-7796e0d6c754,3176,4437,310,339,29,False
029e4be8-0a1c-4a60-8538-7796e0d6c754,3168,4456,310,339,29,False
029e4be8-0a1c-4a60-8538-7796e0d6c754,3167,4455,311,340,29,False
029e4be8-0a1c-4a60-8538-7796e0d6c754,3175,4437,311,340,29,False
029e4be8-0a1c-4a60-8538-7796e0d6c754,3176,4436,312,341,29,False
029e4be8-0a1c-4a60-8538-7796e0d6c754,3167,4454,312,341,29,False
029e4be8-0a1c-4a60-8538-7796e0d6c754,3166,4454,313,342,29,False
029e4be8-0a1c-4a60-8538-7796e0d6c754,3178,4438,314,343,29,False
029e4be8-0a1c-4a60-8538-7796e0d6c754,3165,4454,314,343,29,False
029e4be8-0a1c-4a60-8538-7796e0d6c754,3165,4453,315,344,29,False
029e4be8-0a1c-4a60-8538-7796e0d6c754,3179,4438,315,344,29,False
029e4be8-0a1c-4a60-8538-7796e0d6c754,3165,4452,316,345,29,False
029e4be8-0a1c-4a60-8538-7796e0d6c754,3178,4439,316,345,29,False
029e4be8-0a1c-4a60-8538-7796e0d6c754,3174,4450,329,345,16,False
029e4be8-0a1c-4a60-8538-7796e0d6c754,3173,4450,329,345,16,False
029e4be8-0a1c-4a60-8538-7796e0d6c754,3173,4449,329,345,16,False
029e4be8-0a1c-4a60-8538-7796e0d6c754,3165,4451,317,346,29,False
029e4be8-0a1c-4a60-8538-7796e0d6c754,3179,4440,317,346,29,False
029e4be8-0a1c-4a60-8538-7796e0d6c754,3180,4441,318,347,29,False
029e4be8-0a1c-4a60-8538-7796e0d6c754,3164,4452,318,347,29,False
029e4be8-0a1c-4a60-8538-7796e0d6c754,3163,4452,319,348,29,False
029e4be8-0a1c-4a60-8538-7796e0d6c754,3179,4441,319,348,29,False
029e4be8-0a1c-4a60-8538-7796e0d6c754,3178,4441,320,349,29,False
029e4be8-0a1c-4a60-8538-7796e0d6c754,3164,4453,320,349,29,False
029e4be8-0a1c-4a60-8538-7796e0d6c754,3179,4442,321,350,29,False
029e4be8-0a1c-4a60-8538-7796e0d6c754,3166,4453,322,351,29,False
029e4be8-0a1c-4a60-8538-7796e0d6c754,3177,4440,323,352,29,False
029e4be8-0a1c-4a60-8538-7796e0d6c754,3168,4455,324,353,29,False
029e4be8-0a1c-4a60-8538-7796e0d6c754,3177,4439,324,353,29,False
029e4be8-0a1c-4a60-8538-7796e0d6c754,3169,4456,325,354,29,False
029e4be8-0a1c-4a60-8538-7796e0d6c754,3178,4440,325,354,29,False
029e4be8-0a1c-4a60-8538-7796e0d6c754,3170,4457,326,355,29,False
029e4be8-0a1c-4a60-8538-7796e0d6c754,3171,4457,327,356,29,False
029e4be8-0a1c-4a60-8538-7796e0d6c754,3180,4442,327,356,29,False
029e4be8-0a1c-4a60-8538-7796e0d6c754,3172,4457,328,357,29,False
029e4be8-0a1c-4a60-8538-7796e0d6c754,3178,4443,329,358,29,False
029e4be8-0a1c-4a60-8538-7796e0d6c754,3173,4456,329,358,29,False
029e4be8-0a1c-4a60-8538-7796e0d6c754,3174,4455,330,359,29,False
029e4be8-0a1c-4a60-8538-7796e0d6c754,3177,4443,330,359,29,False
029e4be8-0a1c-4a60-8538-7796e0d6c754,3175,4454,331,360,29,False
029e4be8-0a1c-4a60-8538-7796e0d6c754,3178,4444,331,360,29,False
029e4be8-0a1c-4a60-8538-7796e0d6c754,3179,4445,332,361,29,False
029e4be8-0a1c-4a60-8538-7796e0d6c754,3176,4455,332,361,29,False
029e4be8-0a1c-4a60-8538-7796e0d6c754,3179,4446,333,362,29,False
029e4be8-0a1c-4a60-8538-7796e0d6c754,3177,4456,333,362,29,False
029e4be8-0a1c-4a60-8538-7796e0d6c754,3178,4447,334,363,29,False
029e4be8-0a1c-4a60-8538-7796e0d6c754,3177,4457,334,363,29,False
029e4be8-0a1c-4a60-8538-7796e0d6c754,3177,4447,335,364,29,False
029e4be8-0a1c-4a60-8538-7796e0d6c754,3178,4457,335,364,29,False
029e4be8-0a1c-4a60-8538-7796e0d6c754,3176,4447,336,365,29,False
029e4be8-0a1c-4a60-8538-7796e0d6c754,3179,4457,336,365,29,False
029e4be8-0a1c-4a60-8538-7796e0d6c754,3180,4457,337,366,29,False
029e4be8-0a1c-4a60-8538-7796e0d6c754,3177,4448,337,366,29,False
029e4be8-0a1c-4a60-8538-7796e0d6c754,3179,4456,338,367,29,False
029e4be8-0a1c-4a60-8538-7796e0d6c754,3178,4455,339,368,29,False
029e4be8-0a1c-4a60-8538-7796e0d6c754,3179,4454,340,369,29,False
029e4be8-0a1c-4a60-8538-7796e0d6c754,3180,4445,340,369,29,False
029e4be8-0a1c-4a60-8538-7796e0d6c754,3180,4453,341,370,29,False
029e4be8-0a1c-4a60-8538-7796e0d6c754,3179,4444,341,370,29,False
029e4be8-0a1c-4a60-8538-7796e0d6c754,3179,4452,342,371,29,False
029e4be8-0a1c-4a60-8538-7796e0d6c754,3179,4443,342,371,29,False
029e4be8-0a1c-4a60-8538-7796e0d6c754,3178,4452,343,372,29,False
029e4be8-0a1c-4a60-8538-7796e0d6c754,3177,4444,344,373,29,False
029e4be8-0a1c-4a60-8538-7796e0d6c754,3177,4452,344,373,29,False
029e4be8-0a1c-4a60-8538-7796e0d6c754,3176,4445,345,374,29,False
029e4be8-0a1c-4a60-8538-7796e0d6c754,3178,4451,345,374,29,False
029e4be8-0a1c-4a60-8538-7796e0d6c754,3179,4450,346,375,29,False
029e4be8-0a1c-4a60-8538-7796e0d6c754,3175,4446,346,375,29,False
029e4be8-0a1c-4a60-8538-7796e0d6c754,3174,4447,347,376,29,False
029e4be8-0a1c-4a60-8538-7796e0d6c754,3179,4449,347,376,29,False
029e4be8-0a1c-4a60-8538-7796e0d6c754,3180,4448,348,377,29,False
029e4be8-0a1c-4a60-8538-7796e0d6c754,3180,4447,349,378,29,False
029e4be8-0a1c-4a60-8538-7796e0d6c754,3176,4446,349,378,29,False
029e4be8-0a1c-4a60-8538-7796e0d6c754,3176,4444,351,380,29,False
029e4be8-0a1c-4a60-8538-7796e0d6c754,3178,4446,351,380,29,False
029e4be8-0a1c-4a60-8538-7796e0d6c754,3177,4446,352,381,29,False
029e4be8-0a1c-4a60-8538-7796e0d6c754,3176,4443,352,381,29,False
029e4be8-0a1c-4a60-8538-7796e0d6c754,3175,4448,354,383,29,False
029e4be8-0a1c-4a60-8538-7796e0d6c754,3178,4445,354,383,29,False
029e4be8-0a1c-4a60-8538-7796e0d6c754,3174,4449,355,384,29,False
029e4be8-0a1c-4a60-8538-7796e0d6c754,3174,4450,356,385,29,False
029e4be8-0a1c-4a60-8538-7796e0d6c754,3174,4451,357,386,29,False
029e4be8-0a1c-4a60-8538-7796e0d6c754,3176,4448,357,386,29,False
029e4be8-0a1c-4a60-8538-7796e0d6c754,3174,4452,358,387,29,False
029e4be8-0a1c-4a60-8538-7796e0d6c754,3173,4452,359,388,29,False
029e4be8-0a1c-4a60-8538-7796e0d6c754,3174,4453,360,389,29,False
029e4be8-0a1c-4a60-8538-7796e0d6c754,3173,4449,360,389,29,False
029e4be8-0a1c-4a60-8538-7796e0d6c754,3172,4449,361,390,29,False
029e4be8-0a1c-4a60-8538-7796e0d6c754,3175,4453,361,390,29,False
029e4be8-0a1c-4a60-8538-7796e0d6c754,3176,4453,362,391,29,False
029e4be8-0a1c-4a60-8538-7796e0d6c754,3173,4450,362,391,29,False
029e4be8-0a1c-4a60-8538-7796e0d6c754,3176,4452,363,392,29,False
029e4be8-0a1c-4a60-8538-7796e0d6c754,3171,4449,364,393,29,False
029e4be8-0a1c-4a60-8538-7796e0d6c754,3175,4454,365,394,29,False
029e4be8-0a1c-4a60-8538-7796e0d6c754,3170,4449,365,394,29,False
029e4be8-0a1c-4a60-8538-7796e0d6c754,3171,4448,366,395,29,False
029e4be8-0a1c-4a60-8538-7796e0d6c754,3175,4455,366,395,29,False
029e4be8-0a1c-4a60-8538-7796e0d6c754,3174,4456,367,396,29,False
029e4be8-0a1c-4a60-8538-7796e0d6c754,3171,4447,367,396,29,False
029e4be8-0a1c-4a60-8538-7796e0d6c754,3173,4456,368,397,29,False
029e4be8-0a1c-4a60-8538-7796e0d6c754,3171,4446,368,397,29,False
029e4be8-0a1c-4a60-8538-7796e0d6c754,3171,4445,369,398,29,False
029e4be8-0a1c-4a60-8538-7796e0d6c754,3173,4455,369,398,29,False
029e4be8-0a1c-4a60-8538-7796e0d6c754,3170,4446,370,399,29,False
029e4be8-0a1c-4a60-8538-7796e0d6c754,3173,4454,370,399,29,False
029e4be8-0a1c-4a60-8538-7796e0d6c754,3169,4447,371,400,29,False
029e4be8-0a1c-4a60-8538-7796e0d6c754,3173,4453,371,400,29,False
029e4be8-0a1c-4a60-8538-7796e0d6c754,3172,4452,372,401,29,False
029e4be8-0a1c-4a60-8538-7796e0d6c754,3169,4448,372,401,29,False
029e4be8-0a1c-4a60-8538-7796e0d6c754,3172,4451,373,402,29,False
029e4be8-0a1c-4a60-8538-7796e0d6c754,3170,4447,373,402,29,False
029e4be8-0a1c-4a60-8538-7796e0d6c754,3171,4450,374,403,29,False
029e4be8-0a1c-4a60-8538-7796e0d6c754,3170,4445,375,404,29,False
029e4be8-0a1c-4a60-8538-7796e0d6c754,3169,4444,376,405,29,False
029e4be8-0a1c-4a60-8538-7796e0d6c754,3169,4449,376,405,29,False
029e4be8-0a1c-4a60-8538-7796e0d6c754,3169,4443,377,406,29,False
029e4be8-0a1c-4a60-8538-7796e0d6c754,3168,4450,377,406,29,False
029e4be8-0a1c-4a60-8538-7796e0d6c754,3167,4451,378,407,29,False
029e4be8-0a1c-4a60-8538-7796e0d6c754,3169,4442,378,407,29,False
029e4be8-0a1c-4a60-8538-7796e0d6c754,3166,4451,379,408,29,False
029e4be8-0a1c-4a60-8538-7796e0d6c754,3168,4441,379,408,29,False
029e4be8-0a1c-4a60-8538-7796e0d6c754,3167,4440,380,409,29,False
029e4be8-0a1c-4a60-8538-7796e0d6c754,3167,4452,380,409,29,False
029e4be8-0a1c-4a60-8538-7796e0d6c754,3166,4440,381,410,29,False
029e4be8-0a1c-4a60-8538-7796e0d6c754,3167,4453,381,410,29,False
029e4be8-0a1c-4a60-8538-7796e0d6c754,3166,4439,382,411,29,False
029e4be8-0a1c-4a60-8538-7796e0d6c754,3167,4454,382,411,29,False
029e4be8-0a1c-4a60-8538-7796e0d6c754,3166,4455,383,412,29,False
029e4be8-0a1c-4a60-8538-7796e0d6c754,3166,4438,383,412,29,False
029e4be8-0a1c-4a60-8538-7796e0d6c754,3166,4437,384,413,29,False
029e4be8-0a1c-4a60-8538-7796e0d6c754,3166,4456,384,413,29,False
029e4be8-0a1c-4a60-8538-7796e0d6c754,3165,4437,385,414,29,False
029e4be8-0a1c-4a60-8538-7796e0d6c754,3166,4457,385,414,29,False
029e4be8-0a1c-4a60-8538-7796e0d6c754,3165,4456,386,415,29,False
029e4be8-0a1c-4a60-8538-7796e0d6c754,3164,4437,386,415,29,False
029e4be8-0a1c-4a60-8538-7796e0d6c754,3163,4437,387,416,29,False
029e4be8-0a1c-4a60-8538-7796e0d6c754,3164,4457,387,416,29,False
029e4be8-0a1c-4a60-8538-7796e0d6c754,3163,4438,388,417,29,False
029e4be8-0a1c-4a60-8538-7796e0d6c754,3164,4458,388,417,29,False
029e4be8-0a1c-4a60-8538-7796e0d6c754,3163,4439,389,418,29,False
029e4be8-0a1c-4a60-8538-7796e0d6c754,3163,4457,389,418,29,False
029e4be8-0a1c-4a60-8538-7796e0d6c754,3163,4440,390,419,29,False
029e4be8-0a1c-4a60-8538-7796e0d6c754,3164,4456,390,419,29,False
029e4be8-0a1c-4a60-8538-7796e0d6c754,3165,4455,391,420,29,False
029e4be8-0a1c-4a60-8538-7796e0d6c754,3164,4441,391,420,29,False
029e4be8-0a1c-4a60-8538-7796e0d6c754,3165,4441,392,421,29,False
029e4be8-0a1c-4a60-8538-7796e0d6c754,3166,4454,392,421,29,False
029e4be8-0a1c-4a60-8538-7796e0d6c754,3166,4441,393,422,29,False
029e4be8-0a1c-4a60-8538-7796e0d6c754,3166,4453,393,422,29,False
029e4be8-0a1c-4a60-8538-7796e0d6c754,3161,4449,409,422,13,False
029e4be8-0a1c-4a60-8538-7796e0d6c754,3166,4452,394,423,29,False
029e4be8-0a1c-4a60-8538-7796e0d6c754,3165,4442,394,423,29,False
029e4be8-0a1c-4a60-8538-7796e0d6c754,3162,4451,409,423,14,False
029e4be8-0a1c-4a60-8538-7796e0d6c754,3160,4449,409,423,14,False
029e4be8-0a1c-4a60-8538-7796e0d6c754,3168,4451,396,425,29,False
029e4be8-0a1c-4a60-8538-7796e0d6c754,3169,4451,397,426,29,False
029e4be8-0a1c-4a60-8538-7796e0d6c754,3162,4439,397,426,29,False
029e4be8-0a1c-4a60-8538-7796e0d6c754,3170,4452,398,427,29,False
029e4be8-0a1c-4a60-8538-7796e0d6c754,3161,4438,398,427,29,False
029e4be8-0a1c-4a60-8538-7796e0d6c754,3161,4437,399,428,29,False
029e4be8-0a1c-4a60-8538-7796e0d6c754,3171,4453,399,428,29,False
029e4be8-0a1c-4a60-8538-7796e0d6c754,3171,4454,400,429,29,False
029e4be8-0a1c-4a60-8538-7796e0d6c754,3161,4436,400,429,29,False
029e4be8-0a1c-4a60-8538-7796e0d6c754,3160,4437,401,430,29,False
029e4be8-0a1c-4a60-8538-7796e0d6c754,3160,4438,402,431,29,False
029e4be8-0a1c-4a60-8538-7796e0d6c754,3171,4452,402,431,29,False
029e4be8-0a1c-4a60-8538-7796e0d6c754,3161,4439,403,432,29,False
029e4be8-0a1c-4a60-8538-7796e0d6c754,3172,4453,403,432,29,False
029e4be8-0a1c-4a60-8538-7796e0d6c754,3173,4454,404,433,29,False
029e4be8-0a1c-4a60-8538-7796e0d6c754,3162,4440,404,433,29,False
029e4be8-0a1c-4a60-8538-7796e0d6c754,3162,4441,405,434,29,False
029e4be8-0a1c-4a60-8538-7796e0d6c754,3173,4453,405,434,29,False
029e4be8-0a1c-4a60-8538-7796e0d6c754,3162,4442,406,435,29,False
029e4be8-0a1c-4a60-8538-7796e0d6c754,3173,4452,406,435,29,False
02e9d7d9-1108-4059-9d78-0f88919ba883,3168,4445,49,62,13,False
02e9d7d9-1108-4059-9d78-0f88919ba883,3170,4447,49,62,13,False
02e9d7d9-1108-4059-9d78-0f88919ba883,3164,4450,49,62,13,False
02e9d7d9-1108-4059-9d78-0f88919ba883,3168,4448,49,62,13,False
02e9d7d9-1108-4059-9d78-0f88919ba883,3165,4443,49,62,13,False
02e9d7d9-1108-4059-9d78-0f88919ba883,3168,4450,49,62,13,False
02e9d7d9-1108-4059-9d78-0f88919ba883,3167,4442,49,89,40,False
02e9d7d9-1108-4059-9d78-0f88919ba883,3168,4444,89,102,13,False
02e9d7d9-1108-4059-9d78-0f88919ba883,3168,4443,89,102,13,False
02e9d7d9-1108-4059-9d78-0f88919ba883,3163,4443,89,102,13,False
02e9d7d9-1108-4059-9d78-0f88919ba883,3172,4447,89,104,15,False
02e9d7d9-1108-4059-9d78-0f88919ba883,3171,4455,89,104,15,False
02e9d7d9-1108-4059-9d78-0f88919ba883,3170,4457,89,139,50,False
02e9d7d9-1108-4059-9d78-0f88919ba883,3169,4456,89,139,50,False
02e9d7d9-1108-4059-9d78-0f88919ba883,3165,4443,139,152,13,False
02e9d7d9-1108-4059-9d78-0f88919ba883,3170,4451,139,153,14,False
02e9d7d9-1108-4059-9d78-0f88919ba883,3171,4451,139,153,14,False
02e9d7d9-1108-4059-9d78-0f88919ba883,3172,4439,139,154,15,False
02e9d7d9-1108-4059-9d78-0f88919ba883,3172,4446,139,154,15,False
02e9d7d9-1108-4059-9d78-0f88919ba883,3172,4443,139,183,44,False
02e9d7d9-1108-4059-9d78-0f88919ba883,3173,4442,156,185,29,False
02e9d7d9-1108-4059-9d78-0f88919ba883,3174,4442,157,186,29,False
02e9d7d9-1108-4059-9d78-0f88919ba883,3173,4441,158,187,29,False
02e9d7d9-1108-4059-9d78-0f88919ba883,3172,4440,159,188,29,True
02e9d7d9-1108-4059-9d78-0f88919ba883,3172,4439,160,189,29,True
02e9d7d9-1108-4059-9d78-0f88919ba883,3171,4440,161,190,29,True
02e9d7d9-1108-4059-9d78-0f88919ba883,3170,4441,162,191,29,True
02e9d7d9-1108-4059-9d78-0f88919ba883,3169,4441,163,192,29,True
02e9d7d9-1108-4059-9d78-0f88919ba883,3170,4442,164,193,29,True
02e9d7d9-1108-4059-9d78-0f88919ba883,3169,4442,165,194,29,True
02e9d7d9-1108-4059-9d78-0f88919ba883,3168,4442,166,195,29,False
02e9d7d9-1108-4059-9d78-0f88919ba883,3168,4443,167,196,29,False
02e9d7d9-1108-4059-9d78-0f88919ba883,3168,4444,168,197,29,False
02e9d7d9-1108-4059-9d78-0f88919ba883,3169,4444,169,198,29,False
02e9d7d9-1108-4059-9d78-0f88919ba883,3170,4444,170,199,29,False
02e9d7d9-1108-4059-9d78-0f88919ba883,3171,4444,171,200,29,False
02e9d7d9-1108-4059-9d78-0f88919ba883,3172,4445,172,229,57,False
02e9d7d9-1108-4059-9d78-0f88919ba883,3167,4443,229,242,13,False
02e9d7d9-1108-4059-9d78-0f88919ba883,3170,4447,229,243,14,False
02e9d7d9-1108-4059-9d78-0f88919ba883,3170,4443,229,243,14,False
02e9d7d9-1108-4059-9d78-0f88919ba883,3173,4447,229,279,50,False
02e9d7d9-1108-4059-9d78-0f88919ba883,3173,4452,229,279,50,False
02e9d7d9-1108-4059-9d78-0f88919ba883,3172,4453,229,279,50,False
02e9d7d9-1108-4059-9d78-0f88919ba883,3168,4445,279,292,13,False
02e9d7d9-1108-4059-9d78-0f88919ba883,3165,4450,279,292,13,False
02e9d7d9-1108-4059-9d78-0f88919ba883,3164,4443,279,292,13,False
02e9d7d9-1108-4059-9d78-0f88919ba883,3168,4447,279,292,13,False
02e9d7d9-1108-4059-9d78-0f88919ba883,3163,4450,279,292,13,False
02e9d7d9-1108-4059-9d78-0f88919ba883,3168,4443,279,292,13,False
047e7ac7-29df-44b2-9127-634f58377161,3170,4447,9,23,14,False
047e7ac7-29df-44b2-9127-634f58377161,3172,4449,9,24,15,False
047e7ac7-29df-44b2-9127-634f58377161,3177,4444,9,59,50,False
047e7ac7-29df-44b2-9127-634f58377161,3178,4445,9,59,50,False
047e7ac7-29df-44b2-9127-634f58377161,3176,4445,9,59,50,False
047e7ac7-29df-44b2-9127-634f58377161,3170,4448,59,72,13,False
047e7ac7-29df-44b2-9127-634f58377161,3168,4445,59,72,13,False
047e7ac7-29df-44b2-9127-634f58377161,3170,4450,59,72,13,False
047e7ac7-29df-44b2-9127-634f58377161,3171,4447,59,73,14,False
047e7ac7-29df-44b2-9127-634f58377161,3168,4448,59,101,42,False
047e7ac7-29df-44b2-9127-634f58377161,3169,4449,74,103,29,False
047e7ac7-29df-44b2-9127-634f58377161,3170,4449,75,104,29,False
047e7ac7-29df-44b2-9127-634f58377161,3169,4450,76,105,29,False
047e7ac7-29df-44b2-9127-634f58377161,3169,4451,77,106,29,False
047e7ac7-29df-44b2-9127-634f58377161,3168,4452,78,107,29,False
047e7ac7-29df-44b2-9127-634f58377161,3167,4453,79,108,29,False
047e7ac7-29df-44b2-9127-634f58377161,3168,4454,80,109,29,False
047e7ac7-29df-44b2-9127-634f58377161,3169,4455,81,110,29,False
047e7ac7-29df-44b2-9127-634f58377161,3169,4454,82,111,29,False
047e7ac7-29df-44b2-9127-634f58377161,3168,4445,109,122,13,False
047e7ac7-29df-44b2-9127-634f58377161,3169,4448,109,122,13,False
047e7ac7-29df-44b2-9127-634f58377161,3168,4448,109,123,14,False
047e7ac7-29df-44b2-9127-634f58377161,3170,4446,109,123,14,False
047e7ac7-29df-44b2-9127-634f58377161,3171,4449,109,123,14,False
047e7ac7-29df-44b2-9127-634f58377161,3169,4454,113,142,29,False
047e7ac7-29df-44b2-9127-634f58377161,3170,4453,118,147,29,False
047e7ac7-29df-44b2-9127-634f58377161,3170,4452,119,148,29,False
047e7ac7-29df-44b2-9127-634f58377161,3170,4451,120,149,29,False
047e7ac7-29df-44b2-9127-634f58377161,3169,4450,121,150,29,False
047e7ac7-29df-44b2-9127-634f58377161,3168,4450,122,151,29,False
047e7ac7-29df-44b2-9127-634f58377161,3167,4450,123,152,29,False
047e7ac7-29df-44b2-9127-634f58377161,3166,4451,124,153,29,False
047e7ac7-29df-44b2-9127-634f58377161,3168,4446,149,162,13,False
047e7ac7-29df-44b2-9127-634f58377161,3168,4447,149,162,13,False
047e7ac7-29df-44b2-9127-634f58377161,3172,4448,149,164,15,False
047e7ac7-29df-44b2-9127-634f58377161,3173,4446,149,164,15,False
047e7ac7-29df-44b2-9127-634f58377161,3172,4446,149,164,15,False
0ffb0fcb-8ebe-428d-8cff-19d4d96aa345,3166,4450,29,42,13,False
0ffb0fcb-8ebe-428d-8cff-19d4d96aa345,3174,4455,29,45,16,False
0ffb0fcb-8ebe-428d-8cff-19d4d96aa345,3177,4444,29,46,17,False
0ffb0fcb-8ebe-428d-8cff-19d4d96aa345,3175,4446,29,47,18,False
0ffb0fcb-8ebe-428d-8cff-19d4d96aa345,3163,4451,29,71,42,False
0ffb0fcb-8ebe-428d-8cff-19d4d96aa345,3162,4451,44,73,29,False
0ffb0fcb-8ebe-428d-8cff-19d4d96aa345,3170,4450,59,73,14,False
0ffb0fcb-8ebe-428d-8cff-19d4d96aa345,3161,4451,45,74,29,False
0ffb0fcb-8ebe-428d-8cff-19d4d96aa345,3160,4451,46,75,29,False
0ffb0fcb-8ebe-428d-8cff-19d4d96aa345,3174,4450,59,75,16,False
0ffb0fcb-8ebe-428d-8cff-19d4d96aa345,3178,4444,29,76,47,False
0ffb0fcb-8ebe-428d-8cff-19d4d96aa345,3161,4452,47,76,29,False
0ffb0fcb-8ebe-428d-8cff-19d4d96aa345,3176,4438,59,76,17,False
0ffb0fcb-8ebe-428d-8cff-19d4d96aa345,3174,4436,59,76,17,False
0ffb0fcb-8ebe-428d-8cff-19d4d96aa345,3177,4437,59,76,17,False
0ffb0fcb-8ebe-428d-8cff-19d4d96aa345,3161,4453,48,77,29,False
0ffb0fcb-8ebe-428d-8cff-19d4d96aa345,3161,4454,49,78,29,False
0ffb0fcb-8ebe-428d-8cff-19d4d96aa345,3179,4445,49,78,29,False
0ffb0fcb-8ebe-428d-8cff-19d4d96aa345,3179,4446,50,79,29,False
0ffb0fcb-8ebe-428d-8cff-19d4d96aa345,3162,4455,50,79,29,False
0ffb0fcb-8ebe-428d-8cff-19d4d96aa345,3179,4447,51,80,29,False
0ffb0fcb-8ebe-428d-8cff-19d4d96aa345,3163,4456,51,80,29,False
0ffb0fcb-8ebe-428d-8cff-19d4d96aa345,3178,4447,52,81,29,False
0ffb0fcb-8ebe-428d-8cff-19d4d96aa345,3162,4457,52,81,29,False
0ffb0fcb-8ebe-428d-8cff-19d4d96aa345,3162,4458,53,82,29,False
0ffb0fcb-8ebe-428d-8cff-19d4d96aa345,3177,4446,53,82,29,False
0ffb0fcb-8ebe-428d-8cff-19d4d96aa345,3163,4457,54,83,29,False
0ffb0fcb-8ebe-428d-8cff-19d4d96aa345,3176,4445,54,83,29,False
0ffb0fcb-8ebe-428d-8cff-19d4d96aa345,3175,4444,55,84,29,False
0ffb0fcb-8ebe-428d-8cff-19d4d96aa345,3176,4444,56,85,29,False
0ffb0fcb-8ebe-428d-8cff-19d4d96aa345,3163,4455,56,85,29,False
0ffb0fcb-8ebe-428d-8cff-19d4d96aa345,3162,4456,57,86,29,False
0ffb0fcb-8ebe-428d-8cff-19d4d96aa345,3177,4443,57,86,29,False
0ffb0fcb-8ebe-428d-8cff-19d4d96aa345,3161,4456,58,87,29,False
0ffb0fcb-8ebe-428d-8cff-19d4d96aa345,3178,4442,58,87,29,False
0ffb0fcb-8ebe-428d-8cff-19d4d96aa345,3178,4441,59,88,29,False
0ffb0fcb-8ebe-428d-8cff-19d4d96aa345,3160,4456,59,88,29,False
0ffb0fcb-8ebe-428d-8cff-19d4d96aa345,3177,4442,60,89,29,False
0ffb0fcb-8ebe-428d-8cff-19d4d96aa345,3161,4457,60,89,29,False
0ffb0fcb-8ebe-428d-8cff-19d4d96aa345,3176,4443,61,90,29,False
0ffb0fcb-8ebe-428d-8cff-19d4d96aa345,3163,4458,62,91,29,False
0ffb0fcb-8ebe-428d-8cff-19d4d96aa345,3175,4443,62,91,29,False
0ffb0fcb-8ebe-428d-8cff-19d4d96aa345,3174,4444,63,92,29,False
0ffb0fcb-8ebe-428d-8cff-19d4d96aa345,3161,4458,64,93,29,False
0ffb0fcb-8ebe-428d-8cff-19d4d96aa345,3173,4444,64,93,29,False
0ffb0fcb-8ebe-428d-8cff-19d4d96aa345,3172,4443,65,94,29,False
0ffb0fcb-8ebe-428d-8cff-19d4d96aa345,3160,4458,65,94,29,False
0ffb0fcb-8ebe-428d-8cff-19d4d96aa345,3160,4457,66,95,29,False
0ffb0fcb-8ebe-428d-8cff-19d4d96aa345,3171,4443,66,95,29,False
0ffb0fcb-8ebe-428d-8cff-19d4d96aa345,3170,4443,67,96,29,False
0ffb0fcb-8ebe-428d-8cff-19d4d96aa345,3161,4455,68,97,29,False
0ffb0fcb-8ebe-428d-8cff-19d4d96aa345,3162,4454,69,98,29,False
0ffb0fcb-8ebe-428d-8cff-19d4d96aa345,3163,4454,70,99,29,False
0ffb0fcb-8ebe-428d-8cff-19d4d96aa345,3164,4454,71,100,29,False
0ffb0fcb-8ebe-428d-8cff-19d4d96aa345,3163,4453,72,101,29,False
0ffb0fcb-8ebe-428d-8cff-19d4d96aa345,3170,4455,59,103,44,False
0ffb0fcb-8ebe-428d-8cff-19d4d96aa345,3169,4456,76,105,29,False
0ffb0fcb-8ebe-428d-8cff-19d4d96aa345,3169,4457,77,106,29,False
0ffb0fcb-8ebe-428d-8cff-19d4d96aa345,3169,4458,78,107,29,False
0ffb0fcb-8ebe-428d-8cff-19d4d96aa345,3168,4457,79,108,29,False
0ffb0fcb-8ebe-428d-8cff-19d4d96aa345,3167,4456,80,109,29,False
0ffb0fcb-8ebe-428d-8cff-19d4d96aa345,3166,4455,81,110,29,False
0ffb0fcb-8ebe-428d-8cff-19d4d96aa345,3168,4444,99,112,13,False
0ffb0fcb-8ebe-428d-8cff-19d4d96aa345,3166,4450,99,112,13,False
0ffb0fcb-8ebe-428d-8cff-19d4d96aa345,3168,4458,84,113,29,False
0ffb0fcb-8ebe-428d-8cff-19d4d96aa345,3170,4457,86,115,29,False
0ffb0fcb-8ebe-428d-8cff-19d4d96aa345,3171,4456,87,116,29,False
0ffb0fcb-8ebe-428d-8cff-19d4d96aa345,3177,4455,99,116,17,False
0ffb0fcb-8ebe-428d-8cff-19d4d96aa345,3177,4444,99,116,17,False
0ffb0fcb-8ebe-428d-8cff-19d4d96aa345,3171,4455,88,117,29,False
0ffb0fcb-8ebe-428d-8cff-19d4d96aa345,3179,4456,99,117,18,False
0ffb0fcb-8ebe-428d-8cff-19d4d96aa345,3176,4457,99,117,18,False
0ffb0fcb-8ebe-428d-8cff-19d4d96aa345,3171,4454,89,118,29,False
0ffb0fcb-8ebe-428d-8cff-19d4d96aa345,3172,4455,90,119,29,False
0ffb0fcb-8ebe-428d-8cff-19d4d96aa345,3173,4456,91,120,29,False
0ffb0fcb-8ebe-428d-8cff-19d4d96aa345,3174,4456,92,121,29,False
0ffb0fcb-8ebe-428d-8cff-19d4d96aa345,3173,4457,93,122,29,False
0ffb0fcb-8ebe-428d-8cff-19d4d96aa345,3173,4458,94,123,29,False
0ffb0fcb-8ebe-428d-8cff-19d4d96aa345,3174,4458,95,124,29,False
0ffb0fcb-8ebe-428d-8cff-19d4d96aa345,3170,4443,98,127,29,False
0ffb0fcb-8ebe-428d-8cff-19d4d96aa345,3173,4455,98,127,29,False
0ffb0fcb-8ebe-428d-8cff-19d4d96aa345,3172,4456,99,128,29,False
0ffb0fcb-8ebe-428d-8cff-19d4d96aa345,3171,4457,100,129,29,False
0ffb0fcb-8ebe-428d-8cff-19d4d96aa345,3169,4442,100,129,29,False
0ffb0fcb-8ebe-428d-8cff-19d4d96aa345,3168,4442,101,130,29,False
0ffb0fcb-8ebe-428d-8cff-19d4d96aa345,3171,4458,101,130,29,False
0ffb0fcb-8ebe-428d-8cff-19d4d96aa345,3167,4441,102,131,29,False
0ffb0fcb-8ebe-428d-8cff-19d4d96aa345,3166,4441,103,132,29,False
0ffb0fcb-8ebe-428d-8cff-19d4d96aa345,3163,4453,103,132,29,False
0ffb0fcb-8ebe-428d-8cff-19d4d96aa345,3168,4455,104,133,29,False
0ffb0fcb-8ebe-428d-8cff-19d4d96aa345,3165,4441,104,133,29,False
0ffb0fcb-8ebe-428d-8cff-19d4d96aa345,3163,4452,105,134,29,True
0ffb0fcb-8ebe-428d-8cff-19d4d96aa345,3166,4442,105,134,29,True
0ffb0fcb-8ebe-428d-8cff-19d4d96aa345,3167,4454,105,134,29,True
0ffb0fcb-8ebe-428d-8cff-19d4d96aa345,3166,4454,106,135,29,True
0ffb0fcb-8ebe-428d-8cff-19d4d96aa345,3163,4451,106,135,29,True
0ffb0fcb-8ebe-428d-8cff-19d4d96aa345,3165,4440,107,136,29,True
0ffb0fcb-8ebe-428d-8cff-19d4d96aa345,3167,4455,107,136,29,True
0ffb0fcb-8ebe-428d-8cff-19d4d96aa345,3165,4439,108,137,29,True
0ffb0fcb-8ebe-428d-8cff-19d4d96aa345,3168,4456,108,137,29,True
0ffb0fcb-8ebe-428d-8cff-19d4d96aa345,3166,4440,109,138,29,True
0ffb0fcb-8ebe-428d-8cff-19d4d96aa345,3163,4454,109,138,29,True
0ffb0fcb-8ebe-428d-8cff-19d4d96aa345,3169,4455,109,138,29,True
0ffb0fcb-8ebe-428d-8cff-19d4d96aa345,3167,4440,110,139,29,True
0ffb0fcb-8ebe-428d-8cff-19d4d96aa345,3164,4453,110,139,29,True
0ffb0fcb-8ebe-428d-8cff-19d4d96aa345,3170,4456,110,139,29,True
0ffb0fcb-8ebe-428d-8cff-19d4d96aa345,3165,4452,111,140,29,True
0ffb0fcb-8ebe-428d-8cff-19d4d96aa345,3168,4440,111,140,29,True
0ffb0fcb-8ebe-428d-8cff-19d4d96aa345,3166,4452,112,141,29,False
0ffb0fcb-8ebe-428d-8cff-19d4d96aa345,3170,4458,112,141,29,False
0ffb0fcb-8ebe-428d-8cff-19d4d96aa345,3169,4441,112,141,29,False
0ffb0fcb-8ebe-428d-8cff-19d4d96aa345,3169,4457,113,142,29,False
0ffb0fcb-8ebe-428d-8cff-19d4d96aa345,3165,4451,113,142,29,False
0ffb0fcb-8ebe-428d-8cff-19d4d96aa345,3170,4441,113,142,29,False
0ffb0fcb-8ebe-428d-8cff-19d4d96aa345,3164,4451,114,143,29,False
0ffb0fcb-8ebe-428d-8cff-19d4d96aa345,3171,4441,114,143,29,False
0ffb0fcb-8ebe-428d-8cff-19d4d96aa345,3168,4457,114,143,29,False
0ffb0fcb-8ebe-428d-8cff-19d4d96aa345,3167,4456,115,144,29,False
0ffb0fcb-8ebe-428d-8cff-19d4d96aa345,3172,4442,115,144,29,False
0ffb0fcb-8ebe-428d-8cff-19d4d96aa345,3164,4452,115,144,29,False
0ffb0fcb-8ebe-428d-8cff-19d4d96aa345,3166,4455,116,145,29,False
0ffb0fcb-8ebe-428d-8cff-19d4d96aa345,3165,4453,116,145,29,False
0ffb0fcb-8ebe-428d-8cff-19d4d96aa345,3171,4440,117,146,29,False
0ffb0fcb-8ebe-428d-8cff-19d4d96aa345,3165,4454,117,146,29,False
0ffb0fcb-8ebe-428d-8cff-19d4d96aa345,3165,4455,118,147,29,False
0ffb0fcb-8ebe-428d-8cff-19d4d96aa345,3172,4439,118,147,29,False
0ffb0fcb-8ebe-428d-8cff-19d4d96aa345,3167,4457,118,147,29,False
0ffb0fcb-8ebe-428d-8cff-19d4d96aa345,3166,4456,119,148,29,False
0ffb0fcb-8ebe-428d-8cff-19d4d96aa345,3173,4440,119,148,29,False
0ffb0fcb-8ebe-428d-8cff-19d4d96aa345,3174,4441,120,149,29,False
0ffb0fcb-8ebe-428d-8cff-19d4d96aa345,3175,4441,121,150,29,False
0ffb0fcb-8ebe-428d-8cff-19d4d96aa345,3167,4458,121,150,29,False
0ffb0fcb-8ebe-428d-8cff-19d4d96aa345,3168,4458,122,151,29,False
0ffb0fcb-8ebe-428d-8cff-19d4d96aa345,3174,4442,122,151,29,False
0ffb0fcb-8ebe-428d-8cff-19d4d96aa345,3174,4443,123,152,29,False
0ffb0fcb-8ebe-428d-8cff-19d4d96aa345,3169,4458,123,152,29,False
0ffb0fcb-8ebe-428d-8cff-19d4d96aa345,3173,4444,124,153,29,False
0ffb0fcb-8ebe-428d-8cff-19d4d96aa345,3173,4445,125,154,29,False
0ffb0fcb-8ebe-428d-8cff-19d4d96aa345,3174,4444,126,155,29,False
0ffb0fcb-8ebe-428d-8cff-19d4d96aa345,3175,4444,127,156,29,False
0ffb0fcb-8ebe-428d-8cff-19d4d96aa345,3176,4444,128,157,29,False
0ffb0fcb-8ebe-428d-8cff-19d4d96aa345,3175,4445,129,158,29,False
0ffb0fcb-8ebe-428d-8cff-19d4d96aa345,3175,4446,130,159,29,False
0ffb0fcb-8ebe-428d-8cff-19d4d96aa345,3176,4447,131,160,29,False
0ffb0fcb-8ebe-428d-8cff-19d4d96aa345,3168,4446,149,162,13,False
0ffb0fcb-8ebe-428d-8cff-19d4d96aa345,3166,4450,149,162,13,False
0ffb0fcb-8ebe-428d-8cff-19d4d96aa345,3174,4453,149,166,17,False
0ffb0fcb-8ebe-428d-8cff-19d4d96aa345,3176,4453,149,166,17,False
0ffb0fcb-8ebe-428d-8cff-19d4d96aa345,3177,4445,149,166,17,False
0ffb0fcb-8ebe-428d-8cff-19d4d96aa345,3177,4453,149,166,17,False
0ffb0fcb-8ebe-428d-8cff-19d4d96aa345,3167,4457,149,178,29,False
0ffb0fcb-8ebe-428d-8cff-19d4d96aa345,3166,4457,151,180,29,False
0ffb0fcb-8ebe-428d-8cff-19d4d96aa345,3167,4456,152,181,29,False
0ffb0fcb-8ebe-428d-8cff-19d4d96aa345,3168,4455,153,182,29,False
0ffb0fcb-8ebe-428d-8cff-19d4d96aa345,3169,4454,154,183,29,False
0ffb0fcb-8ebe-428d-8cff-19d4d96aa345,3169,4458,154,183,29,False
0ffb0fcb-8ebe-428d-8cff-19d4d96aa345,3168,4453,155,184,29,False
0ffb0fcb-8ebe-428d-8cff-19d4d96aa345,3167,4452,156,185,29,False
0ffb0fcb-8ebe-428d-8cff-19d4d96aa345,3170,4457,156,185,29,False
0ffb0fcb-8ebe-428d-8cff-19d4d96aa345,3166,4451,157,186,29,False
0ffb0fcb-8ebe-428d-8cff-19d4d96aa345,3170,4456,157,186,29,False
0ffb0fcb-8ebe-428d-8cff-19d4d96aa345,3170,4455,158,187,29,False
0ffb0fcb-8ebe-428d-8cff-19d4d96aa345,3167,4451,158,187,29,False
0ffb0fcb-8ebe-428d-8cff-19d4d96aa345,3171,4455,159,188,29,False
0ffb0fcb-8ebe-428d-8cff-19d4d96aa345,3170,4454,160,189,29,False
0ffb0fcb-8ebe-428d-8cff-19d4d96aa345,3169,4453,161,190,29,False
0ffb0fcb-8ebe-428d-8cff-19d4d96aa345,3168,4452,162,191,29,False
0ffb0fcb-8ebe-428d-8cff-19d4d96aa345,3169,4451,163,192,29,False
0ffb0fcb-8ebe-428d-8cff-19d4d96aa345,3167,4443,179,192,13,False
0ffb0fcb-8ebe-428d-8cff-19d4d96aa345,3170,4448,179,192,13,False
0ffb0fcb-8ebe-428d-8cff-19d4d96aa345,3168,4447,179,192,13,False
0ffb0fcb-8ebe-428d-8cff-19d4d96aa345,3168,4444,179,192,13,False
0ffb0fcb-8ebe-428d-8cff-19d4d96aa345,3168,4450,179,192,13,False
0ffb0fcb-8ebe-428d-8cff-19d4d96aa345,3170,4451,164,193,29,False
0ffb0fcb-8ebe-428d-8cff-19d4d96aa345,3171,4451,165,194,29,False
305dfb7c-fd53-482c-9dad-a050913926c4,3171,4449,9,23,14,False
305dfb7c-fd53-482c-9dad-a050913926c4,3172,4447,9,23,14,False
305dfb7c-fd53-482c-9dad-a050913926c4,3170,4448,9,52,43,False
305dfb7c-fd53-482c-9dad-a050913926c4,3170,4449,25,54,29,False
305dfb7c-fd53-482c-9dad-a050913926c4,3170,4450,26,55,29,False
305dfb7c-fd53-482c-9dad-a050913926c4,3171,4449,27,56,29,False
305dfb7c-fd53-482c-9dad-a050913926c4,3172,4448,28,57,29,False
305dfb7c-fd53-482c-9dad-a050913926c4,3169,4449,31,60,29,False
305dfb7c-fd53-482c-9dad-a050913926c4,3171,4447,33,62,29,False
305dfb7c-fd53-482c-9dad-a050913926c4,3172,4447,34,63,29,False
305dfb7c-fd53-482c-9dad-a050913926c4,3173,4448,35,64,29,False
305dfb7c-fd53-482c-9dad-a050913926c4,3173,4449,36,65,29,False
305dfb7c-fd53-482c-9dad-a050913926c4,3173,4450,37,66,29,False
305dfb7c-fd53-482c-9dad-a050913926c4,3174,4451,38,67,29,False
305dfb7c-fd53-482c-9dad-a050913926c4,3175,4451,39,68,29,False
305dfb7c-fd53-482c-9dad-a050913926c4,3176,4451,40,69,29,False
305dfb7c-fd53-482c-9dad-a050913926c4,3175,4450,41,70,29,False
305dfb7c-fd53-482c-9dad-a050913926c4,3175,4449,42,71,29,False
305dfb7c-fd53-482c-9dad-a050913926c4,3175,4448,43,72,29,False
305dfb7c-fd53-482c-9dad-a050913926c4,3174,4449,44,73,29,False
305dfb7c-fd53-482c-9dad-a050913926c4,3172,4451,46,75,29,False
305dfb7c-fd53-482c-9dad-a050913926c4,3171,4452,47,76,29,False
305dfb7c-fd53-482c-9dad-a050913926c4,3171,4453,48,77,29,False
305dfb7c-fd53-482c-9dad-a050913926c4,3171,4454,49,78,29,False
305dfb7c-fd53-482c-9dad-a050913926c4,3172,4455,50,79,29,False
305dfb7c-fd53-482c-9dad-a050913926c4,3173,4456,51,80,29,False
305dfb7c-fd53-482c-9dad-a050913926c4,3174,4457,52,81,29,False
305dfb7c-fd53-482c-9dad-a050913926c4,3175,4457,53,82,29,False
305dfb7c-fd53-482c-9dad-a050913926c4,3176,4456,54,83,29,False
305dfb7c-fd53-482c-9dad-a050913926c4,3177,4455,55,84,29,False
305dfb7c-fd53-482c-9dad-a050913926c4,3178,4455,56,85,29,False
305dfb7c-fd53-482c-9dad-a050913926c4,3177,4456,57,86,29,False
305dfb7c-fd53-482c-9dad-a050913926c4,3176,4457,58,87,29,False
305dfb7c-fd53-482c-9dad-a050913926c4,3176,4458,59,88,29,False
305dfb7c-fd53-482c-9dad-a050913926c4,3173,4457,62,91,29,False
305dfb7c-fd53-482c-9dad-a050913926c4,3174,4456,63,92,29,False
305dfb7c-fd53-482c-9dad-a050913926c4,3175,4455,64,93,29,False
305dfb7c-fd53-482c-9dad-a050913926c4,3175,4454,65,94,29,False
305dfb7c-fd53-482c-9dad-a050913926c4,3175,4453,66,95,29,False
305dfb7c-fd53-482c-9dad-a050913926c4,3174,4454,67,96,29,False
305dfb7c-fd53-482c-9dad-a050913926c4,3173,4455,68,97,29,False
305dfb7c-fd53-482c-9dad-a050913926c4,3172,4456,69,98,29,False
305dfb7c-fd53-482c-9dad-a050913926c4,3171,4455,70,99,29,False
305dfb7c-fd53-482c-9dad-a050913926c4,3170,4455,71,100,29,False
305dfb7c-fd53-482c-9dad-a050913926c4,3169,4455,72,101,29,False
305dfb7c-fd53-482c-9dad-a050913926c4,3170,4456,73,102,29,False
305dfb7c-fd53-482c-9dad-a050913926c4,3167,4443,89,102,13,False
305dfb7c-fd53-482c-9dad-a050913926c4,3171,4457,74,103,29,False
305dfb7c-fd53-482c-9dad-a050913926c4,3168,4441,89,103,14,False
305dfb7c-fd53-482c-9dad-a050913926c4,3169,4442,89,103,14,False
305dfb7c-fd53-482c-9dad-a050913926c4,3172,4457,75,104,29,False
305dfb7c-fd53-482c-9dad-a050913926c4,3171,4456,76,105,29,False
305dfb7c-fd53-482c-9dad-a050913926c4,3169,4454,78,107,29,False
305dfb7c-fd53-482c-9dad-a050913926c4,3168,4455,79,108,29,False
305dfb7c-fd53-482c-9dad-a050913926c4,3167,4455,80,109,29,False
305dfb7c-fd53-482c-9dad-a050913926c4,3166,4455,81,110,29,False
305dfb7c-fd53-482c-9dad-a050913926c4,3167,4454,82,111,29,False
305dfb7c-fd53-482c-9dad-a050913926c4,3168,4453,83,112,29,False
305dfb7c-fd53-482c-9dad-a050913926c4,3169,4453,84,113,29,False
305dfb7c-fd53-482c-9dad-a050913926c4,3168,4454,85,114,29,False
305dfb7c-fd53-482c-9dad-a050913926c4,3166,4454,87,116,29,False
305dfb7c-fd53-482c-9dad-a050913926c4,3165,4454,88,117,29,False
305dfb7c-fd53-482c-9dad-a050913926c4,3166,4453,89,118,29,False
305dfb7c-fd53-482c-9dad-a050913926c4,3167,4452,90,119,29,False
305dfb7c-fd53-482c-9dad-a050913926c4,3168,4451,91,120,29,False
305dfb7c-fd53-482c-9dad-a050913926c4,3169,4450,92,121,29,False
305dfb7c-fd53-482c-9dad-a050913926c4,3170,4449,93,122,29,False
305dfb7c-fd53-482c-9dad-a050913926c4,3170,4450,94,123,29,False
305dfb7c-fd53-482c-9dad-a050913926c4,3170,4451,95,124,29,False
305dfb7c-fd53-482c-9dad-a050913926c4,3170,4452,96,125,29,False
305dfb7c-fd53-482c-9dad-a050913926c4,3171,4452,97,126,29,False
305dfb7c-fd53-482c-9dad-a050913926c4,3171,4451,98,127,29,False
305dfb7c-fd53-482c-9dad-a050913926c4,3171,4450,99,128,29,False
305dfb7c-fd53-482c-9dad-a050913926c4,3172,4451,100,129,29,False
305dfb7c-fd53-482c-9dad-a050913926c4,3173,4452,101,130,29,False
305dfb7c-fd53-482c-9dad-a050913926c4,3174,4452,102,131,29,False
305dfb7c-fd53-482c-9dad-a050913926c4,3175,4451,103,132,29,False
305dfb7c-fd53-482c-9dad-a050913926c4,3176,4451,104,133,29,False
305dfb7c-fd53-482c-9dad-a050913926c4,3175,4450,105,134,29,False
305dfb7c-fd53-482c-9dad-a050913926c4,3174,4450,106,135,29,False
305dfb7c-fd53-482c-9dad-a050913926c4,3173,4450,107,136,29,False
305dfb7c-fd53-482c-9dad-a050913926c4,3174,4449,108,137,29,False
305dfb7c-fd53-482c-9dad-a050913926c4,3175,4452,111,140,29,False
305dfb7c-fd53-482c-9dad-a050913926c4,3177,4450,113,142,29,False
305dfb7c-fd53-482c-9dad-a050913926c4,3177,4449,114,143,29,False
305dfb7c-fd53-482c-9dad-a050913926c4,3176,4448,115,144,29,False
305dfb7c-fd53-482c-9dad-a050913926c4,3176,4447,116,145,29,False
305dfb7c-fd53-482c-9dad-a050913926c4,3176,4446,117,146,29,False
305dfb7c-fd53-482c-9dad-a050913926c4,3175,4447,118,147,29,False
305dfb7c-fd53-482c-9dad-a050913926c4,3174,4448,119,148,29,False
305dfb7c-fd53-482c-9dad-a050913926c4,3173,4448,120,149,29,False
305dfb7c-fd53-482c-9dad-a050913926c4,3172,4447,121,150,29,False
305dfb7c-fd53-482c-9dad-a050913926c4,3171,4446,122,151,29,False
305dfb7c-fd53-482c-9dad-a050913926c4,3170,4445,123,152,29,False
305dfb7c-fd53-482c-9dad-a050913926c4,3169,4446,124,153,29,False
305dfb7c-fd53-482c-9dad-a050913926c4,3168,4447,125,154,29,False
305dfb7c-fd53-482c-9dad-a050913926c4,3168,4448,126,155,29,False
305dfb7c-fd53-482c-9dad-a050913926c4,3169,4447,127,156,29,False
305dfb7c-fd53-482c-9dad-a050913926c4,3170,4446,128,157,29,False
305dfb7c-fd53-482c-9dad-a050913926c4,3171,4447,129,158,29,False
305dfb7c-fd53-482c-9dad-a050913926c4,3172,4448,130,159,29,False
305dfb7c-fd53-482c-9dad-a050913926c4,3173,4449,131,160,29,False
305dfb7c-fd53-482c-9dad-a050913926c4,3175,4448,133,162,29,False
305dfb7c-fd53-482c-9dad-a050913926c4,3176,4449,134,163,29,False
305dfb7c-fd53-482c-9dad-a050913926c4,3176,4450,135,164,29,False
305dfb7c-fd53-482c-9dad-a050913926c4,3178,4448,137,166,29,False
305dfb7c-fd53-482c-9dad-a050913926c4,3178,4447,138,167,29,False
305dfb7c-fd53-482c-9dad-a050913926c4,3178,4446,139,168,29,False
305dfb7c-fd53-482c-9dad-a050913926c4,3178,4445,140,169,29,False
305dfb7c-fd53-482c-9dad-a050913926c4,3178,4444,141,170,29,False
305dfb7c-fd53-482c-9dad-a050913926c4,3178,4443,142,171,29,False
305dfb7c-fd53-482c-9dad-a050913926c4,3178,4442,143,172,29,False
305dfb7c-fd53-482c-9dad-a050913926c4,3179,4443,144,173,29,False
305dfb7c-fd53-482c-9dad-a050913926c4,3177,4443,146,175,29,False
305dfb7c-fd53-482c-9dad-a050913926c4,3176,4444,147,176,29,False
305dfb7c-fd53-482c-9dad-a050913926c4,3175,4445,148,177,29,False
305dfb7c-fd53-482c-9dad-a050913926c4,3174,4445,149,178,29,False
305dfb7c-fd53-482c-9dad-a050913926c4,3173,4446,150,179,29,False
305dfb7c-fd53-482c-9dad-a050913926c4,3172,4446,151,180,29,False
305dfb7c-fd53-482c-9dad-a050913926c4,3171,4445,152,181,29,False
305dfb7c-fd53-482c-9dad-a050913926c4,3170,4444,153,182,29,False
305dfb7c-fd53-482c-9dad-a050913926c4,3169,4444,154,183,29,False
305dfb7c-fd53-482c-9dad-a050913926c4,3168,4443,155,184,29,False
305dfb7c-fd53-482c-9dad-a050913926c4,3168,4442,156,185,29,False
305dfb7c-fd53-482c-9dad-a050913926c4,3169,4443,157,186,29,False
305dfb7c-fd53-482c-9dad-a050913926c4,3170,4443,158,187,29,False
305dfb7c-fd53-482c-9dad-a050913926c4,3171,4443,159,188,29,False
305dfb7c-fd53-482c-9dad-a050913926c4,3171,4442,160,189,29,False
305dfb7c-fd53-482c-9dad-a050913926c4,3171,4441,161,190,29,False
305dfb7c-fd53-482c-9dad-a050913926c4,3171,4440,162,191,29,False
305dfb7c-fd53-482c-9dad-a050913926c4,3170,4441,163,192,29,False
305dfb7c-fd53-482c-9dad-a050913926c4,3169,4441,164,193,29,False
305dfb7c-fd53-482c-9dad-a050913926c4,3168,4440,165,194,29,False
305dfb7c-fd53-482c-9dad-a050913926c4,3167,4439,166,195,29,False
305dfb7c-fd53-482c-9dad-a050913926c4,3167,4438,167,196,29,False
305dfb7c-fd53-482c-9dad-a050913926c4,3167,4437,168,197,29,False
305dfb7c-fd53-482c-9dad-a050913926c4,3166,4438,169,198,29,False
305dfb7c-fd53-482c-9dad-a050913926c4,3166,4439,170,199,29,False
305dfb7c-fd53-482c-9dad-a050913926c4,3168,4438,172,201,29,False
305dfb7c-fd53-482c-9dad-a050913926c4,3169,4438,173,202,29,False
305dfb7c-fd53-482c-9dad-a050913926c4,3170,4437,174,203,29,False
305dfb7c-fd53-482c-9dad-a050913926c4,3171,4436,175,204,29,False
305dfb7c-fd53-482c-9dad-a050913926c4,3172,4435,176,205,29,False
305dfb7c-fd53-482c-9dad-a050913926c4,3171,4437,178,207,29,False
305dfb7c-fd53-482c-9dad-a050913926c4,3171,4438,179,208,29,False
305dfb7c-fd53-482c-9dad-a050913926c4,3172,4439,180,209,29,False
305dfb7c-fd53-482c-9dad-a050913926c4,3172,4440,181,210,29,False
305dfb7c-fd53-482c-9dad-a050913926c4,3171,4439,182,211,29,False
305dfb7c-fd53-482c-9dad-a050913926c4,3170,4439,183,212,29,False
305dfb7c-fd53-482c-9dad-a050913926c4,3163,4450,199,212,13,False
305dfb7c-fd53-482c-9dad-a050913926c4,3161,4452,199,213,14,False
305dfb7c-fd53-482c-9dad-a050913926c4,3172,4441,185,214,29,False
305dfb7c-fd53-482c-9dad-a050913926c4,3173,4441,186,215,29,False
305dfb7c-fd53-482c-9dad-a050913926c4,3172,4442,187,216,29,False
305dfb7c-fd53-482c-9dad-a050913926c4,3171,4444,189,218,29,False
305dfb7c-fd53-482c-9dad-a050913926c4,3171,4445,190,219,29,False
305dfb7c-fd53-482c-9dad-a050913926c4,3170,4446,191,220,29,False
305dfb7c-fd53-482c-9dad-a050913926c4,3172,4444,193,222,29,False
305dfb7c-fd53-482c-9dad-a050913926c4,3172,4443,194,223,29,False
305dfb7c-fd53-482c-9dad-a050913926c4,3173,4442,195,224,29,False
305dfb7c-fd53-482c-9dad-a050913926c4,3174,4442,196,225,29,False
305dfb7c-fd53-482c-9dad-a050913926c4,3175,4442,197,226,29,False
305dfb7c-fd53-482c-9dad-a050913926c4,3176,4441,198,227,29,False
305dfb7c-fd53-482c-9dad-a050913926c4,3176,4440,199,228,29,False
305dfb7c-fd53-482c-9dad-a050913926c4,3176,4439,200,229,29,False
305dfb7c-fd53-482c-9dad-a050913926c4,3175,4438,201,230,29,False
305dfb7c-fd53-482c-9dad-a050913926c4,3174,4437,202,231,29,False
305dfb7c-fd53-482c-9dad-a050913926c4,3173,4437,203,232,29,False
305dfb7c-fd53-482c-9dad-a050913926c4,3174,4436,204,233,29,False
305dfb7c-fd53-482c-9dad-a050913926c4,3175,4435,205,234,29,False
305dfb7c-fd53-482c-9dad-a050913926c4,3172,4437,208,237,29,False
305dfb7c-fd53-482c-9dad-a050913926c4,3173,4438,209,238,29,False
305dfb7c-fd53-482c-9dad-a050913926c4,3174,4439,210,239,29,False
305dfb7c-fd53-482c-9dad-a050913926c4,3176,4437,212,241,29,False
305dfb7c-fd53-482c-9dad-a050913926c4,3163,4451,199,242,43,False
305dfb7c-fd53-482c-9dad-a050913926c4,3177,4436,213,242,29,False
305dfb7c-fd53-482c-9dad-a050913926c4,3178,4436,214,243,29,False
305dfb7c-fd53-482c-9dad-a050913926c4,3179,4436,215,244,29,False
305dfb7c-fd53-482c-9dad-a050913926c4,3164,4452,215,244,29,False
305dfb7c-fd53-482c-9dad-a050913926c4,3179,4437,216,245,29,False
305dfb7c-fd53-482c-9dad-a050913926c4,3163,4453,216,245,29,False
305dfb7c-fd53-482c-9dad-a050913926c4,3162,4453,217,246,29,False
305dfb7c-fd53-482c-9dad-a050913926c4,3180,4436,217,246,29,False
305dfb7c-fd53-482c-9dad-a050913926c4,3161,4453,218,247,29,False
305dfb7c-fd53-482c-9dad-a050913926c4,3162,4454,219,248,29,False
305dfb7c-fd53-482c-9dad-a050913926c4,3178,4438,219,248,29,False
305dfb7c-fd53-482c-9dad-a050913926c4,3161,4455,220,249,29,False
305dfb7c-fd53-482c-9dad-a050913926c4,3179,4438,220,249,29,False
305dfb7c-fd53-482c-9dad-a050913926c4,3180,4438,221,250,29,False
305dfb7c-fd53-482c-9dad-a050913926c4,3160,4455,221,250,29,False
305dfb7c-fd53-482c-9dad-a050913926c4,3160,4454,222,251,29,False
305dfb7c-fd53-482c-9dad-a050913926c4,3179,4439,222,251,29,False
305dfb7c-fd53-482c-9dad-a050913926c4,3160,4453,223,252,29,False
305dfb7c-fd53-482c-9dad-a050913926c4,3178,4440,223,252,29,False
305dfb7c-fd53-482c-9dad-a050913926c4,3178,4441,224,253,29,False
305dfb7c-fd53-482c-9dad-a050913926c4,3160,4452,224,253,29,False
305dfb7c-fd53-482c-9dad-a050913926c4,3160,4451,225,254,29,False
305dfb7c-fd53-482c-9dad-a050913926c4,3177,4442,225,254,29,False
305dfb7c-fd53-482c-9dad-a050913926c4,3160,4450,226,255,29,False
305dfb7c-fd53-482c-9dad-a050913926c4,3176,4442,226,255,29,False
305dfb7c-fd53-482c-9dad-a050913926c4,3161,4437,239,255,16,False
305dfb7c-fd53-482c-9dad-a050913926c4,3175,4441,227,256,29,False
305dfb7c-fd53-482c-9dad-a050913926c4,3160,4449,227,256,29,False
305dfb7c-fd53-482c-9dad-a050913926c4,3160,4437,239,256,17,False
305dfb7c-fd53-482c-9dad-a050913926c4,3160,4448,228,257,29,False
305dfb7c-fd53-482c-9dad-a050913926c4,3174,4440,228,257,29,False
305dfb7c-fd53-482c-9dad-a050913926c4,3174,4441,229,258,29,False
305dfb7c-fd53-482c-9dad-a050913926c4,3161,4449,229,258,29,False
305dfb7c-fd53-482c-9dad-a050913926c4,3161,4450,230,259,29,False
305dfb7c-fd53-482c-9dad-a050913926c4,3174,4442,230,259,29,False
305dfb7c-fd53-482c-9dad-a050913926c4,3174,4443,231,260,29,False
305dfb7c-fd53-482c-9dad-a050913926c4,3162,4450,231,260,29,False
305dfb7c-fd53-482c-9dad-a050913926c4,3163,4450,232,261,29,False
305dfb7c-fd53-482c-9dad-a050913926c4,3173,4444,232,261,29,False
305dfb7c-fd53-482c-9dad-a050913926c4,3172,4445,233,262,29,False
305dfb7c-fd53-482c-9dad-a050913926c4,3171,4446,234,263,29,False
305dfb7c-fd53-482c-9dad-a050913926c4,3170,4447,235,264,29,False
305dfb7c-fd53-482c-9dad-a050913926c4,3170,4448,236,265,29,False
305dfb7c-fd53-482c-9dad-a050913926c4,3161,4448,236,265,29,False
305dfb7c-fd53-482c-9dad-a050913926c4,3161,4447,237,266,29,False
305dfb7c-fd53-482c-9dad-a050913926c4,3171,4449,237,266,29,False
305dfb7c-fd53-482c-9dad-a050913926c4,3160,4447,238,267,29,False
305dfb7c-fd53-482c-9dad-a050913926c4,3171,4450,238,267,29,False
305dfb7c-fd53-482c-9dad-a050913926c4,3161,4446,239,268,29,False
305dfb7c-fd53-482c-9dad-a050913926c4,3171,4448,240,269,29,False
305dfb7c-fd53-482c-9dad-a050913926c4,3161,4445,240,269,29,False
305dfb7c-fd53-482c-9dad-a050913926c4,3161,4444,241,270,29,False
305dfb7c-fd53-482c-9dad-a050913926c4,3171,4447,241,270,29,False
305dfb7c-fd53-482c-9dad-a050913926c4,3172,4446,242,271,29,False
305dfb7c-fd53-482c-9dad-a050913926c4,3161,4443,242,271,29,False
305dfb7c-fd53-482c-9dad-a050913926c4,3173,4445,243,272,29,False
305dfb7c-fd53-482c-9dad-a050913926c4,3161,4442,243,272,29,False
305dfb7c-fd53-482c-9dad-a050913926c4,3162,4441,244,273,29,False
305dfb7c-fd53-482c-9dad-a050913926c4,3174,4445,244,273,29,False
305dfb7c-fd53-482c-9dad-a050913926c4,3163,4442,245,274,29,False
305dfb7c-fd53-482c-9dad-a050913926c4,3175,4446,245,274,29,False
305dfb7c-fd53-482c-9dad-a050913926c4,3176,4447,246,275,29,False
305dfb7c-fd53-482c-9dad-a050913926c4,3164,4443,246,275,29,False
305dfb7c-fd53-482c-9dad-a050913926c4,3177,4448,247,276,29,False
305dfb7c-fd53-482c-9dad-a050913926c4,3165,4443,247,276,29,False
305dfb7c-fd53-482c-9dad-a050913926c4,3164,4442,248,277,29,False
305dfb7c-fd53-482c-9dad-a050913926c4,3178,4448,248,277,29,False
305dfb7c-fd53-482c-9dad-a050913926c4,3179,4448,249,278,29,False
305dfb7c-fd53-482c-9dad-a050913926c4,3164,4441,249,278,29,False
305dfb7c-fd53-482c-9dad-a050913926c4,3164,4440,250,279,29,False
305dfb7c-fd53-482c-9dad-a050913926c4,3179,4449,250,279,29,False
305dfb7c-fd53-482c-9dad-a050913926c4,3179,4450,251,280,29,False
305dfb7c-fd53-482c-9dad-a050913926c4,3165,4439,251,280,29,False
305dfb7c-fd53-482c-9dad-a050913926c4,3165,4438,252,281,29,False
305dfb7c-fd53-482c-9dad-a050913926c4,3179,4451,252,281,29,False
305dfb7c-fd53-482c-9dad-a050913926c4,3178,4450,253,282,29,False
305dfb7c-fd53-482c-9dad-a050913926c4,3165,4437,253,282,29,False
305dfb7c-fd53-482c-9dad-a050913926c4,3164,4436,254,283,29,False
305dfb7c-fd53-482c-9dad-a050913926c4,3178,4449,254,283,29,False
305dfb7c-fd53-482c-9dad-a050913926c4,3163,4435,255,284,29,False
305dfb7c-fd53-482c-9dad-a050913926c4,3163,4436,239,285,46,False
305dfb7c-fd53-482c-9dad-a050913926c4,3162,4435,256,285,29,False
305dfb7c-fd53-482c-9dad-a050913926c4,3177,4447,256,285,29,False
305dfb7c-fd53-482c-9dad-a050913926c4,3161,4435,257,286,29,False
305dfb7c-fd53-482c-9dad-a050913926c4,3178,4446,257,286,29,False
305dfb7c-fd53-482c-9dad-a050913926c4,3162,4436,258,287,29,False
305dfb7c-fd53-482c-9dad-a050913926c4,3179,4445,258,287,29,False
305dfb7c-fd53-482c-9dad-a050913926c4,3162,4437,258,287,29,False
305dfb7c-fd53-482c-9dad-a050913926c4,3163,4437,259,288,29,False
305dfb7c-fd53-482c-9dad-a050913926c4,3179,4444,259,288,29,False
305dfb7c-fd53-482c-9dad-a050913926c4,3161,4438,259,288,29,False
305dfb7c-fd53-482c-9dad-a050913926c4,3178,4444,260,289,29,False
305dfb7c-fd53-482c-9dad-a050913926c4,3164,4438,260,289,29,False
305dfb7c-fd53-482c-9dad-a050913926c4,3160,4439,260,289,29,False
305dfb7c-fd53-482c-9dad-a050913926c4,3177,4444,261,290,29,False
305dfb7c-fd53-482c-9dad-a050913926c4,3160,4440,261,290,29,False
305dfb7c-fd53-482c-9dad-a050913926c4,3160,4441,262,291,29,False
305dfb7c-fd53-482c-9dad-a050913926c4,3166,4436,262,291,29,False
305dfb7c-fd53-482c-9dad-a050913926c4,3176,4445,262,291,29,False
305dfb7c-fd53-482c-9dad-a050913926c4,3167,4435,263,292,29,False
305dfb7c-fd53-482c-9dad-a050913926c4,3161,4440,263,292,29,False
305dfb7c-fd53-482c-9dad-a050913926c4,3174,4446,264,293,29,False
305dfb7c-fd53-482c-9dad-a050913926c4,3161,4439,264,293,29,False
305dfb7c-fd53-482c-9dad-a050913926c4,3167,4436,264,293,29,False
305dfb7c-fd53-482c-9dad-a050913926c4,3162,4439,265,294,29,False
305dfb7c-fd53-482c-9dad-a050913926c4,3167,4437,265,294,29,False
305dfb7c-fd53-482c-9dad-a050913926c4,3176,4446,266,295,29,False
305dfb7c-fd53-482c-9dad-a050913926c4,3163,4439,266,295,29,False
305dfb7c-fd53-482c-9dad-a050913926c4,3166,4438,266,295,29,False
305dfb7c-fd53-482c-9dad-a050913926c4,3166,4439,267,296,29,False
305dfb7c-fd53-482c-9dad-a050913926c4,3177,4446,267,296,29,False
305dfb7c-fd53-482c-9dad-a050913926c4,3166,4440,268,297,29,False
305dfb7c-fd53-482c-9dad-a050913926c4,3165,4440,268,297,29,False
305dfb7c-fd53-482c-9dad-a050913926c4,3175,4444,269,298,29,False
305dfb7c-fd53-482c-9dad-a050913926c4,3166,4441,269,298,29,False
305dfb7c-fd53-482c-9dad-a050913926c4,3167,4439,269,298,29,False
305dfb7c-fd53-482c-9dad-a050913926c4,3174,4444,270,299,29,False
305dfb7c-fd53-482c-9dad-a050913926c4,3168,4438,270,299,29,False
305dfb7c-fd53-482c-9dad-a050913926c4,3167,4442,270,299,29,False
305dfb7c-fd53-482c-9dad-a050913926c4,3174,4443,271,300,29,False
305dfb7c-fd53-482c-9dad-a050913926c4,3169,4439,271,300,29,False
305dfb7c-fd53-482c-9dad-a050913926c4,3168,4443,271,300,29,False
305dfb7c-fd53-482c-9dad-a050913926c4,3175,4442,272,301,29,False
305dfb7c-fd53-482c-9dad-a050913926c4,3170,4439,272,301,29,False
305dfb7c-fd53-482c-9dad-a050913926c4,3169,4443,272,301,29,False
305dfb7c-fd53-482c-9dad-a050913926c4,3176,4441,273,302,29,False
305dfb7c-fd53-482c-9dad-a050913926c4,3170,4443,273,302,29,False
305dfb7c-fd53-482c-9dad-a050913926c4,3171,4439,273,302,29,False
305dfb7c-fd53-482c-9dad-a050913926c4,3171,4442,274,303,29,False
305dfb7c-fd53-482c-9dad-a050913926c4,3171,4440,274,303,29,False
305dfb7c-fd53-482c-9dad-a050913926c4,3176,4442,274,303,29,False
305dfb7c-fd53-482c-9dad-a050913926c4,3171,4441,275,304,29,False
305dfb7c-fd53-482c-9dad-a050913926c4,3176,4443,275,304,29,False
305dfb7c-fd53-482c-9dad-a050913926c4,3172,4442,275,304,29,False
305dfb7c-fd53-482c-9dad-a050913926c4,3176,4444,276,305,29,False
305dfb7c-fd53-482c-9dad-a050913926c4,3171,4443,276,305,29,False
305dfb7c-fd53-482c-9dad-a050913926c4,3170,4441,277,306,29,False
305dfb7c-fd53-482c-9dad-a050913926c4,3170,4444,277,306,29,False
305dfb7c-fd53-482c-9dad-a050913926c4,3177,4443,277,306,29,False
305dfb7c-fd53-482c-9dad-a050913926c4,3178,4443,278,307,29,False
305dfb7c-fd53-482c-9dad-a050913926c4,3169,4440,278,307,29,False
305dfb7c-fd53-482c-9dad-a050913926c4,3168,4439,279,308,29,False
305dfb7c-fd53-482c-9dad-a050913926c4,3179,4443,279,308,29,False
305dfb7c-fd53-482c-9dad-a050913926c4,3167,4440,280,309,29,False
305dfb7c-fd53-482c-9dad-a050913926c4,3173,4441,280,309,29,False
305dfb7c-fd53-482c-9dad-a050913926c4,3178,4442,280,309,29,False
305dfb7c-fd53-482c-9dad-a050913926c4,3177,4441,281,310,29,False
305dfb7c-fd53-482c-9dad-a050913926c4,3173,4440,281,310,29,False
305dfb7c-fd53-482c-9dad-a050913926c4,3165,4441,282,311,29,False
305dfb7c-fd53-482c-9dad-a050913926c4,3173,4439,282,311,29,False
305dfb7c-fd53-482c-9dad-a050913926c4,3177,4440,282,311,29,False
305dfb7c-fd53-482c-9dad-a050913926c4,3173,4438,283,312,29,False
305dfb7c-fd53-482c-9dad-a050913926c4,3164,4441,283,312,29,False
305dfb7c-fd53-482c-9dad-a050913926c4,3178,4439,283,312,29,False
305dfb7c-fd53-482c-9dad-a050913926c4,3174,4437,284,313,29,False
305dfb7c-fd53-482c-9dad-a050913926c4,3179,4439,284,313,29,False
305dfb7c-fd53-482c-9dad-a050913926c4,3163,4442,284,313,29,False
305dfb7c-fd53-482c-9dad-a050913926c4,3175,4436,285,314,29,False
305dfb7c-fd53-482c-9dad-a050913926c4,3163,4443,285,314,29,False
305dfb7c-fd53-482c-9dad-a050913926c4,3179,4438,285,314,29,False
305dfb7c-fd53-482c-9dad-a050913926c4,3162,4442,286,315,29,False
305dfb7c-fd53-482c-9dad-a050913926c4,3176,4435,286,315,29,False
305dfb7c-fd53-482c-9dad-a050913926c4,3175,4435,287,316,29,False
305dfb7c-fd53-482c-9dad-a050913926c4,3177,4439,287,316,29,False
305dfb7c-fd53-482c-9dad-a050913926c4,3161,4442,287,316,29,False
305dfb7c-fd53-482c-9dad-a050913926c4,3161,4441,288,317,29,False
305dfb7c-fd53-482c-9dad-a050913926c4,3176,4436,288,317,29,False
305dfb7c-fd53-482c-9dad-a050913926c4,3176,4438,288,317,29,False
305dfb7c-fd53-482c-9dad-a050913926c4,3175,4438,289,318,29,False
305dfb7c-fd53-482c-9dad-a050913926c4,3177,4437,289,318,29,False
305dfb7c-fd53-482c-9dad-a050913926c4,3162,4440,289,318,29,False
305dfb7c-fd53-482c-9dad-a050913926c4,3178,4438,290,319,29,False
305dfb7c-fd53-482c-9dad-a050913926c4,3174,4438,290,319,29,False
305dfb7c-fd53-482c-9dad-a050913926c4,3179,4437,291,320,29,False
305dfb7c-fd53-482c-9dad-a050913926c4,3164,4439,291,320,29,False
305dfb7c-fd53-482c-9dad-a050913926c4,3173,4437,291,320,29,False
305dfb7c-fd53-482c-9dad-a050913926c4,3165,4438,292,321,29,False
305dfb7c-fd53-482c-9dad-a050913926c4,3172,4436,292,321,29,False
305dfb7c-fd53-482c-9dad-a050913926c4,3180,4437,292,321,29,False
305dfb7c-fd53-482c-9dad-a050913926c4,3180,4438,293,322,29,False
305dfb7c-fd53-482c-9dad-a050913926c4,3171,4436,293,322,29,False
305dfb7c-fd53-482c-9dad-a050913926c4,3167,4450,309,322,13,False
305dfb7c-fd53-482c-9dad-a050913926c4,3168,4450,309,322,13,False
305dfb7c-fd53-482c-9dad-a050913926c4,3166,4450,309,322,13,False
305dfb7c-fd53-482c-9dad-a050913926c4,3180,4439,294,323,29,False
305dfb7c-fd53-482c-9dad-a050913926c4,3170,4436,294,323,29,False
305dfb7c-fd53-482c-9dad-a050913926c4,3167,4441,295,324,29,False
305dfb7c-fd53-482c-9dad-a050913926c4,3169,4435,295,324,29,False
305dfb7c-fd53-482c-9dad-a050913926c4,3179,4440,295,324,29,False
305dfb7c-fd53-482c-9dad-a050913926c4,3168,4435,296,325,29,False
305dfb7c-fd53-482c-9dad-a050913926c4,3166,4442,296,325,29,False
305dfb7c-fd53-482c-9dad-a050913926c4,3178,4440,296,325,29,False
305dfb7c-fd53-482c-9dad-a050913926c4,3167,4435,297,326,29,False
305dfb7c-fd53-482c-9dad-a050913926c4,3165,4442,297,326,29,False
305dfb7c-fd53-482c-9dad-a050913926c4,3176,4439,298,327,29,False
305dfb7c-fd53-482c-9dad-a050913926c4,3168,4436,298,327,29,False
305dfb7c-fd53-482c-9dad-a050913926c4,3175,4439,299,328,29,False
305dfb7c-fd53-482c-9dad-a050913926c4,3168,4437,299,328,29,False
305dfb7c-fd53-482c-9dad-a050913926c4,3168,4441,300,329,29,False
305dfb7c-fd53-482c-9dad-a050913926c4,3175,4440,300,329,29,False
305dfb7c-fd53-482c-9dad-a050913926c4,3169,4436,300,329,29,False
305dfb7c-fd53-482c-9dad-a050913926c4,3169,4437,301,330,29,False
305dfb7c-fd53-482c-9dad-a050913926c4,3169,4439,302,331,29,False
305dfb7c-fd53-482c-9dad-a050913926c4,3170,4438,302,331,29,False
305dfb7c-fd53-482c-9dad-a050913926c4,3169,4438,303,332,29,False
305dfb7c-fd53-482c-9dad-a050913926c4,3175,4437,303,332,29,False
305dfb7c-fd53-482c-9dad-a050913926c4,3170,4439,304,333,29,False
305dfb7c-fd53-482c-9dad-a050913926c4,3168,4438,304,333,29,False
305dfb7c-fd53-482c-9dad-a050913926c4,3177,4438,305,334,29,False
305dfb7c-fd53-482c-9dad-a050913926c4,3167,4439,305,334,29,False
305dfb7c-fd53-482c-9dad-a050913926c4,3171,4439,305,334,29,False
305dfb7c-fd53-482c-9dad-a050913926c4,3166,4439,306,335,29,False
305dfb7c-fd53-482c-9dad-a050913926c4,3172,4439,306,335,29,False
305dfb7c-fd53-482c-9dad-a050913926c4,3178,4437,306,335,29,False
305dfb7c-fd53-482c-9dad-a050913926c4,3172,4440,307,336,29,False
305dfb7c-fd53-482c-9dad-a050913926c4,3179,4436,307,336,29,False
305dfb7c-fd53-482c-9dad-a050913926c4,3165,4439,307,336,29,False
305dfb7c-fd53-482c-9dad-a050913926c4,3179,4435,308,337,29,False
305dfb7c-fd53-482c-9dad-a050913926c4,3164,4440,308,337,29,False
305dfb7c-fd53-482c-9dad-a050913926c4,3172,4441,308,337,29,False
305dfb7c-fd53-482c-9dad-a050913926c4,3171,4441,309,338,29,False
305dfb7c-fd53-482c-9dad-a050913926c4,3178,4436,309,338,29,False
305dfb7c-fd53-482c-9dad-a050913926c4,3177,4436,310,339,29,False
305dfb7c-fd53-482c-9dad-a050913926c4,3164,4442,310,339,29,False
305dfb7c-fd53-482c-9dad-a050913926c4,3170,4441,310,339,29,False
305dfb7c-fd53-482c-9dad-a050913926c4,3169,4441,311,340,29,False
305dfb7c-fd53-482c-9dad-a050913926c4,3163,4441,311,340,29,False
305dfb7c-fd53-482c-9dad-a050913926c4,3177,4435,311,340,29,False
305dfb7c-fd53-482c-9dad-a050913926c4,3170,4440,312,341,29,False
305dfb7c-fd53-482c-9dad-a050913926c4,3165,4443,313,342,29,False
305dfb7c-fd53-482c-9dad-a050913926c4,3171,4438,314,343,29,False
305dfb7c-fd53-482c-9dad-a050913926c4,3180,4436,314,343,29,False
305dfb7c-fd53-482c-9dad-a050913926c4,3172,4438,315,344,29,False
305dfb7c-fd53-482c-9dad-a050913926c4,3173,4439,316,345,29,False
305dfb7c-fd53-482c-9dad-a050913926c4,3178,4435,316,345,29,False
305dfb7c-fd53-482c-9dad-a050913926c4,3168,4440,316,345,29,False
305dfb7c-fd53-482c-9dad-a050913926c4,3174,4440,317,346,29,False
305dfb7c-fd53-482c-9dad-a050913926c4,3175,4441,318,347,29,False
305dfb7c-fd53-482c-9dad-a050913926c4,3170,4442,318,347,29,False
305dfb7c-fd53-482c-9dad-a050913926c4,3179,4438,319,348,29,False
305dfb7c-fd53-482c-9dad-a050913926c4,3171,4443,319,348,29,False
305dfb7c-fd53-482c-9dad-a050913926c4,3174,4442,319,348,29,False
305dfb7c-fd53-482c-9dad-a050913926c4,3173,4443,320,349,29,False
305dfb7c-fd53-482c-9dad-a050913926c4,3172,4444,320,349,29,False
305dfb7c-fd53-482c-9dad-a050913926c4,3172,4443,321,350,29,False
305dfb7c-fd53-482c-9dad-a050913926c4,3172,4445,321,350,29,False
305dfb7c-fd53-482c-9dad-a050913926c4,3180,4440,321,350,29,False
305dfb7c-fd53-482c-9dad-a050913926c4,3172,4446,322,351,29,False
305dfb7c-fd53-482c-9dad-a050913926c4,3180,4441,322,351,29,False
305dfb7c-fd53-482c-9dad-a050913926c4,3171,4444,322,351,29,False
305dfb7c-fd53-482c-9dad-a050913926c4,3170,4445,323,352,29,False
305dfb7c-fd53-482c-9dad-a050913926c4,3172,4447,323,352,29,False
305dfb7c-fd53-482c-9dad-a050913926c4,3171,4445,324,353,29,False
305dfb7c-fd53-482c-9dad-a050913926c4,3173,4448,324,353,29,False
305dfb7c-fd53-482c-9dad-a050913926c4,3178,4439,324,353,29,False
305dfb7c-fd53-482c-9dad-a050913926c4,3177,4439,325,354,29,False
305dfb7c-fd53-482c-9dad-a050913926c4,3173,4449,325,354,29,False
305dfb7c-fd53-482c-9dad-a050913926c4,3176,4438,326,355,29,False
305dfb7c-fd53-482c-9dad-a050913926c4,3173,4450,326,355,29,False
305dfb7c-fd53-482c-9dad-a050913926c4,3173,4446,326,355,29,False
305dfb7c-fd53-482c-9dad-a050913926c4,3174,4446,327,356,29,False
305dfb7c-fd53-482c-9dad-a050913926c4,3172,4451,327,356,29,False
305dfb7c-fd53-482c-9dad-a050913926c4,3171,4451,328,357,29,False
305dfb7c-fd53-482c-9dad-a050913926c4,3173,4447,328,357,29,False
305dfb7c-fd53-482c-9dad-a050913926c4,3178,4440,328,357,29,False
305dfb7c-fd53-482c-9dad-a050913926c4,3170,4451,329,358,29,False
305dfb7c-fd53-482c-9dad-a050913926c4,3179,4441,329,358,29,False
305dfb7c-fd53-482c-9dad-a050913926c4,3171,4447,330,359,29,False
305dfb7c-fd53-482c-9dad-a050913926c4,3171,4452,330,359,29,False
305dfb7c-fd53-482c-9dad-a050913926c4,3178,4442,330,359,29,False
305dfb7c-fd53-482c-9dad-a050913926c4,3170,4446,331,360,29,False
305dfb7c-fd53-482c-9dad-a050913926c4,3172,4452,331,360,29,False
305dfb7c-fd53-482c-9dad-a050913926c4,3177,4442,331,360,29,False
305dfb7c-fd53-482c-9dad-a050913926c4,3176,4442,332,361,29,False
305dfb7c-fd53-482c-9dad-a050913926c4,3169,4445,332,361,29,False
305dfb7c-fd53-482c-9dad-a050913926c4,3171,4450,333,362,29,False
305dfb7c-fd53-482c-9dad-a050913926c4,3177,4441,333,362,29,False
305dfb7c-fd53-482c-9dad-a050913926c4,3170,4444,333,362,29,False
305dfb7c-fd53-482c-9dad-a050913926c4,3171,4449,334,363,29,False
305dfb7c-fd53-482c-9dad-a050913926c4,3171,4442,335,364,29,False
305dfb7c-fd53-482c-9dad-a050913926c4,3171,4448,335,364,29,False
305dfb7c-fd53-482c-9dad-a050913926c4,3175,4443,335,364,29,False
305dfb7c-fd53-482c-9dad-a050913926c4,3174,4444,336,365,29,False
305dfb7c-fd53-482c-9dad-a050913926c4,3170,4443,336,365,29,False
305dfb7c-fd53-482c-9dad-a050913926c4,3170,4449,336,365,29,False
305dfb7c-fd53-482c-9dad-a050913926c4,3175,4445,337,366,29,False
305dfb7c-fd53-482c-9dad-a050913926c4,3169,4444,337,366,29,False
305dfb7c-fd53-482c-9dad-a050913926c4,3169,4449,337,366,29,False
305dfb7c-fd53-482c-9dad-a050913926c4,3168,4445,338,367,29,False
305dfb7c-fd53-482c-9dad-a050913926c4,3175,4446,338,367,29,False
305dfb7c-fd53-482c-9dad-a050913926c4,3168,4449,338,367,29,False
305dfb7c-fd53-482c-9dad-a050913926c4,3176,4447,339,368,29,False
305dfb7c-fd53-482c-9dad-a050913926c4,3168,4444,339,368,29,False
305dfb7c-fd53-482c-9dad-a050913926c4,3169,4448,339,368,29,False
305dfb7c-fd53-482c-9dad-a050913926c4,3177,4448,340,369,29,False
305dfb7c-fd53-482c-9dad-a050913926c4,3170,4447,340,369,29,False
305dfb7c-fd53-482c-9dad-a050913926c4,3168,4443,340,369,29,False
305dfb7c-fd53-482c-9dad-a050913926c4,3167,4443,341,370,29,False
305dfb7c-fd53-482c-9dad-a050913926c4,3178,4449,341,370,29,False
305dfb7c-fd53-482c-9dad-a050913926c4,3171,4446,341,370,29,False
305dfb7c-fd53-482c-9dad-a050913926c4,3166,4443,342,371,29,False
305dfb7c-fd53-482c-9dad-a050913926c4,3177,4450,342,371,29,False
305dfb7c-fd53-482c-9dad-a050913926c4,3177,4451,343,372,29,False
305dfb7c-fd53-482c-9dad-a050913926c4,3169,4446,343,372,29,False
305dfb7c-fd53-482c-9dad-a050913926c4,3165,4442,343,372,29,False
305dfb7c-fd53-482c-9dad-a050913926c4,3165,4441,344,373,29,False
305dfb7c-fd53-482c-9dad-a050913926c4,3177,4452,344,373,29,False
305dfb7c-fd53-482c-9dad-a050913926c4,3165,4440,345,374,29,False
305dfb7c-fd53-482c-9dad-a050913926c4,3176,4452,345,374,29,False
305dfb7c-fd53-482c-9dad-a050913926c4,3164,4439,346,375,29,False
305dfb7c-fd53-482c-9dad-a050913926c4,3175,4452,346,375,29,False
305dfb7c-fd53-482c-9dad-a050913926c4,3174,4452,347,376,29,False
305dfb7c-fd53-482c-9dad-a050913926c4,3163,4439,347,376,29,False
305dfb7c-fd53-482c-9dad-a050913926c4,3173,4451,348,377,29,False
305dfb7c-fd53-482c-9dad-a050913926c4,3163,4438,348,377,29,False
305dfb7c-fd53-482c-9dad-a050913926c4,3162,4439,349,378,29,False
305dfb7c-fd53-482c-9dad-a050913926c4,3167,4442,349,378,29,False
305dfb7c-fd53-482c-9dad-a050913926c4,3172,4450,349,378,29,False
305dfb7c-fd53-482c-9dad-a050913926c4,3161,4440,350,379,29,False
305dfb7c-fd53-482c-9dad-a050913926c4,3168,4441,350,379,29,False
305dfb7c-fd53-482c-9dad-a050913926c4,3169,4440,351,380,29,False
305dfb7c-fd53-482c-9dad-a050913926c4,3174,4451,351,380,29,False
305dfb7c-fd53-482c-9dad-a050913926c4,3161,4441,351,380,29,False
305dfb7c-fd53-482c-9dad-a050913926c4,3175,4451,352,381,29,False
305dfb7c-fd53-482c-9dad-a050913926c4,3168,4439,352,381,29,False
305dfb7c-fd53-482c-9dad-a050913926c4,3161,4442,352,381,29,False
305dfb7c-fd53-482c-9dad-a050913926c4,3162,4442,353,382,29,False
305dfb7c-fd53-482c-9dad-a050913926c4,3176,4450,353,382,29,False
305dfb7c-fd53-482c-9dad-a050913926c4,3167,4439,353,382,29,False
305dfb7c-fd53-482c-9dad-a050913926c4,3162,4451,369,382,13,False
305dfb7c-fd53-482c-9dad-a050913926c4,3162,4450,369,382,13,False
305dfb7c-fd53-482c-9dad-a050913926c4,3161,4452,369,382,13,False
305dfb7c-fd53-482c-9dad-a050913926c4,3161,4443,354,383,29,False
305dfb7c-fd53-482c-9dad-a050913926c4,3177,4449,354,383,29,False
305dfb7c-fd53-482c-9dad-a050913926c4,3160,4444,355,384,29,False
305dfb7c-fd53-482c-9dad-a050913926c4,3169,4439,355,384,29,False
305dfb7c-fd53-482c-9dad-a050913926c4,3160,4445,356,385,29,False
305dfb7c-fd53-482c-9dad-a050913926c4,3175,4450,356,385,29,False
305dfb7c-fd53-482c-9dad-a050913926c4,3168,4438,356,385,29,False
305dfb7c-fd53-482c-9dad-a050913926c4,3161,4444,357,386,29,False
305dfb7c-fd53-482c-9dad-a050913926c4,3174,4449,357,386,29,False
305dfb7c-fd53-482c-9dad-a050913926c4,3168,4437,357,386,29,False
305dfb7c-fd53-482c-9dad-a050913926c4,3173,4448,358,387,29,False
305dfb7c-fd53-482c-9dad-a050913926c4,3169,4436,358,387,29,False
305dfb7c-fd53-482c-9dad-a050913926c4,3172,4448,359,388,29,False
305dfb7c-fd53-482c-9dad-a050913926c4,3170,4435,359,388,29,False
305dfb7c-fd53-482c-9dad-a050913926c4,3170,4436,360,389,29,False
305dfb7c-fd53-482c-9dad-a050913926c4,3163,4442,360,389,29,False
305dfb7c-fd53-482c-9dad-a050913926c4,3173,4447,360,389,29,False
305dfb7c-fd53-482c-9dad-a050913926c4,3173,4446,361,390,29,False
305dfb7c-fd53-482c-9dad-a050913926c4,3168,4436,362,391,29,False
305dfb7c-fd53-482c-9dad-a050913926c4,3174,4445,362,391,29,False
305dfb7c-fd53-482c-9dad-a050913926c4,3160,4442,363,392,29,False
305dfb7c-fd53-482c-9dad-a050913926c4,3175,4444,363,392,29,False
305dfb7c-fd53-482c-9dad-a050913926c4,3167,4436,363,392,29,False
305dfb7c-fd53-482c-9dad-a050913926c4,3167,4437,364,393,29,False
305dfb7c-fd53-482c-9dad-a050913926c4,3175,4442,365,394,29,False
305dfb7c-fd53-482c-9dad-a050913926c4,3162,4440,365,394,29,False
305dfb7c-fd53-482c-9dad-a050913926c4,3166,4438,365,394,29,False
305dfb7c-fd53-482c-9dad-a050913926c4,3167,4438,366,395,29,False
305dfb7c-fd53-482c-9dad-a050913926c4,3163,4440,366,395,29,False
305dfb7c-fd53-482c-9dad-a050913926c4,3175,4441,366,395,29,False
305dfb7c-fd53-482c-9dad-a050913926c4,3166,4437,367,396,29,False
305dfb7c-fd53-482c-9dad-a050913926c4,3176,4442,367,396,29,False
305dfb7c-fd53-482c-9dad-a050913926c4,3165,4438,368,397,29,False
305dfb7c-fd53-482c-9dad-a050913926c4,3165,4436,368,397,29,False
305dfb7c-fd53-482c-9dad-a050913926c4,3177,4443,368,397,29,False
305dfb7c-fd53-482c-9dad-a050913926c4,3165,4437,369,398,29,False
305dfb7c-fd53-482c-9dad-a050913926c4,3176,4443,369,398,29,False
305dfb7c-fd53-482c-9dad-a050913926c4,3164,4438,370,399,29,False
305dfb7c-fd53-482c-9dad-a050913926c4,3175,4443,370,399,29,False
305dfb7c-fd53-482c-9dad-a050913926c4,3163,4437,371,400,29,False
305dfb7c-fd53-482c-9dad-a050913926c4,3174,4443,371,400,29,False
305dfb7c-fd53-482c-9dad-a050913926c4,3166,4439,371,400,29,False
305dfb7c-fd53-482c-9dad-a050913926c4,3174,4444,372,401,29,False
305dfb7c-fd53-482c-9dad-a050913926c4,3163,4436,372,401,29,False
305dfb7c-fd53-482c-9dad-a050913926c4,3163,4435,373,402,29,False
305dfb7c-fd53-482c-9dad-a050913926c4,3164,4440,373,402,29,False
305dfb7c-fd53-482c-9dad-a050913926c4,3162,4435,374,403,29,False
305dfb7c-fd53-482c-9dad-a050913926c4,3174,4446,374,403,29,False
305dfb7c-fd53-482c-9dad-a050913926c4,3175,4445,375,404,29,False
305dfb7c-fd53-482c-9dad-a050913926c4,3161,4435,375,404,29,False
305dfb7c-fd53-482c-9dad-a050913926c4,3176,4444,376,405,29,False
305dfb7c-fd53-482c-9dad-a050913926c4,3160,4435,376,405,29,False
305dfb7c-fd53-482c-9dad-a050913926c4,3164,4437,376,405,29,False
305dfb7c-fd53-482c-9dad-a050913926c4,3161,4436,377,406,29,False
305dfb7c-fd53-482c-9dad-a050913926c4,3177,4444,377,406,29,False
305dfb7c-fd53-482c-9dad-a050913926c4,3162,4436,378,407,29,False
305dfb7c-fd53-482c-9dad-a050913926c4,3161,4437,378,407,29,False
305dfb7c-fd53-482c-9dad-a050913926c4,3177,4442,379,408,29,False
305dfb7c-fd53-482c-9dad-a050913926c4,3177,4441,380,409,29,False
305dfb7c-fd53-482c-9dad-a050913926c4,3164,4436,381,410,29,False
305dfb7c-fd53-482c-9dad-a050913926c4,3164,4439,381,410,29,False
305dfb7c-fd53-482c-9dad-a050913926c4,3178,4441,381,410,29,False
305dfb7c-fd53-482c-9dad-a050913926c4,3165,4440,382,411,29,False
305dfb7c-fd53-482c-9dad-a050913926c4,3178,4440,382,411,29,False
305dfb7c-fd53-482c-9dad-a050913926c4,3165,4441,383,412,29,False
305dfb7c-fd53-482c-9dad-a050913926c4,3162,4451,383,412,29,False
305dfb7c-fd53-482c-9dad-a050913926c4,3162,4438,383,412,29,False
305dfb7c-fd53-482c-9dad-a050913926c4,3178,4439,383,412,29,False
305dfb7c-fd53-482c-9dad-a050913926c4,3179,4439,384,413,29,False
305dfb7c-fd53-482c-9dad-a050913926c4,3166,4442,384,413,29,False
305dfb7c-fd53-482c-9dad-a050913926c4,3161,4439,384,413,29,False
305dfb7c-fd53-482c-9dad-a050913926c4,3167,4443,385,414,29,False
305dfb7c-fd53-482c-9dad-a050913926c4,3161,4452,385,414,29,False
305dfb7c-fd53-482c-9dad-a050913926c4,3180,4439,385,414,29,False
305dfb7c-fd53-482c-9dad-a050913926c4,3161,4453,386,415,29,False
305dfb7c-fd53-482c-9dad-a050913926c4,3163,4441,386,415,29,False
305dfb7c-fd53-482c-9dad-a050913926c4,3179,4440,386,415,29,False
305dfb7c-fd53-482c-9dad-a050913926c4,3164,4441,387,416,29,False
305dfb7c-fd53-482c-9dad-a050913926c4,3161,4454,387,416,29,False
305dfb7c-fd53-482c-9dad-a050913926c4,3162,4453,388,417,29,False
305dfb7c-fd53-482c-9dad-a050913926c4,3177,4438,388,417,29,False
305dfb7c-fd53-482c-9dad-a050913926c4,3176,4437,389,418,29,False
305dfb7c-fd53-482c-9dad-a050913926c4,3166,4441,389,418,29,False
305dfb7c-fd53-482c-9dad-a050913926c4,3162,4452,389,418,29,False
305dfb7c-fd53-482c-9dad-a050913926c4,3162,4439,390,419,29,False
305dfb7c-fd53-482c-9dad-a050913926c4,3175,4436,390,419,29,False
305dfb7c-fd53-482c-9dad-a050913926c4,3161,4451,390,419,29,False
305dfb7c-fd53-482c-9dad-a050913926c4,3167,4442,390,419,29,False
305dfb7c-fd53-482c-9dad-a050913926c4,3174,4435,391,420,29,False
305dfb7c-fd53-482c-9dad-a050913926c4,3160,4450,391,420,29,False
305dfb7c-fd53-482c-9dad-a050913926c4,3161,4438,391,420,29,False
305dfb7c-fd53-482c-9dad-a050913926c4,3168,4443,391,420,29,False
305dfb7c-fd53-482c-9dad-a050913926c4,3160,4451,392,421,29,False
305dfb7c-fd53-482c-9dad-a050913926c4,3173,4436,392,421,29,False
305dfb7c-fd53-482c-9dad-a050913926c4,3160,4438,392,421,29,False
305dfb7c-fd53-482c-9dad-a050913926c4,3168,4444,392,421,29,False
305dfb7c-fd53-482c-9dad-a050913926c4,3169,4444,393,422,29,False
305dfb7c-fd53-482c-9dad-a050913926c4,3160,4452,393,422,29,False
305dfb7c-fd53-482c-9dad-a050913926c4,3173,4437,393,422,29,False
305dfb7c-fd53-482c-9dad-a050913926c4,3161,4440,394,423,29,False
305dfb7c-fd53-482c-9dad-a050913926c4,3173,4438,394,423,29,False
305dfb7c-fd53-482c-9dad-a050913926c4,3170,4444,394,423,29,False
305dfb7c-fd53-482c-9dad-a050913926c4,3171,4444,395,424,29,False
305dfb7c-fd53-482c-9dad-a050913926c4,3162,4450,395,424,29,False
305dfb7c-fd53-482c-9dad-a050913926c4,3172,4438,395,424,29,False
305dfb7c-fd53-482c-9dad-a050913926c4,3161,4441,395,424,29,False
305dfb7c-fd53-482c-9dad-a050913926c4,3163,4450,396,425,29,False
305dfb7c-fd53-482c-9dad-a050913926c4,3162,4441,396,425,29,False
305dfb7c-fd53-482c-9dad-a050913926c4,3170,4443,396,425,29,False
305dfb7c-fd53-482c-9dad-a050913926c4,3173,4439,396,425,29,False
305dfb7c-fd53-482c-9dad-a050913926c4,3163,4440,397,426,29,False
305dfb7c-fd53-482c-9dad-a050913926c4,3164,4450,397,426,29,False
305dfb7c-fd53-482c-9dad-a050913926c4,3169,4442,397,426,29,False
305dfb7c-fd53-482c-9dad-a050913926c4,3174,4440,397,426,29,False
305dfb7c-fd53-482c-9dad-a050913926c4,3163,4439,398,427,29,False
305dfb7c-fd53-482c-9dad-a050913926c4,3175,4440,398,427,29,False
305dfb7c-fd53-482c-9dad-a050913926c4,3165,4450,398,427,29,False
305dfb7c-fd53-482c-9dad-a050913926c4,3168,4441,398,427,29,False
305dfb7c-fd53-482c-9dad-a050913926c4,3167,4440,399,428,29,False
305dfb7c-fd53-482c-9dad-a050913926c4,3175,4439,399,428,29,False
305dfb7c-fd53-482c-9dad-a050913926c4,3162,4440,399,428,29,False
305dfb7c-fd53-482c-9dad-a050913926c4,3165,4451,399,428,29,False
305dfb7c-fd53-482c-9dad-a050913926c4,3175,4438,400,429,29,False
305dfb7c-fd53-482c-9dad-a050913926c4,3165,4452,400,429,29,False
305dfb7c-fd53-482c-9dad-a050913926c4,3175,4437,401,430,29,False
305dfb7c-fd53-482c-9dad-a050913926c4,3166,4453,401,430,29,False
305dfb7c-fd53-482c-9dad-a050913926c4,3161,4442,401,430,29,False
305dfb7c-fd53-482c-9dad-a050913926c4,3166,4438,401,430,29,False
305dfb7c-fd53-482c-9dad-a050913926c4,3162,4442,402,431,29,False
305dfb7c-fd53-482c-9dad-a050913926c4,3167,4454,402,431,29,False
305dfb7c-fd53-482c-9dad-a050913926c4,3176,4436,402,431,29,False
305dfb7c-fd53-482c-9dad-a050913926c4,3167,4437,402,431,29,False
305dfb7c-fd53-482c-9dad-a050913926c4,3177,4435,403,432,29,False
305dfb7c-fd53-482c-9dad-a050913926c4,3168,4437,403,432,29,False
305dfb7c-fd53-482c-9dad-a050913926c4,3166,4455,403,432,29,False
305dfb7c-fd53-482c-9dad-a050913926c4,3163,4442,403,432,29,False
305dfb7c-fd53-482c-9dad-a050913926c4,3164,4442,404,433,29,False
305dfb7c-fd53-482c-9dad-a050913926c4,3178,4436,404,433,29,False
305dfb7c-fd53-482c-9dad-a050913926c4,3165,4456,404,433,29,False
305dfb7c-fd53-482c-9dad-a050913926c4,3169,4437,404,433,29,False
305dfb7c-fd53-482c-9dad-a050913926c4,3164,4456,405,434,29,False
305dfb7c-fd53-482c-9dad-a050913926c4,3164,4443,405,434,29,False
305dfb7c-fd53-482c-9dad-a050913926c4,3179,4436,405,434,29,False
305dfb7c-fd53-482c-9dad-a050913926c4,3170,4438,405,434,29,False
305dfb7c-fd53-482c-9dad-a050913926c4,3178,4435,406,435,29,False
305dfb7c-fd53-482c-9dad-a050913926c4,3165,4457,406,435,29,False
305dfb7c-fd53-482c-9dad-a050913926c4,3171,4439,406,435,29,False
305dfb7c-fd53-482c-9dad-a050913926c4,3165,4442,406,435,29,False
305dfb7c-fd53-482c-9dad-a050913926c4,3171,4440,407,436,29,False
305dfb7c-fd53-482c-9dad-a050913926c4,3166,4457,407,436,29,False
305dfb7c-fd53-482c-9dad-a050913926c4,3166,4440,408,437,29,False
305dfb7c-fd53-482c-9dad-a050913926c4,3176,4435,408,437,29,False
305dfb7c-fd53-482c-9dad-a050913926c4,3171,4441,408,437,29,False
305dfb7c-fd53-482c-9dad-a050913926c4,3167,4457,408,437,29,False
305dfb7c-fd53-482c-9dad-a050913926c4,3168,4456,409,438,29,False
305dfb7c-fd53-482c-9dad-a050913926c4,3171,4442,409,438,29,False
305dfb7c-fd53-482c-9dad-a050913926c4,3174,4437,410,439,29,False
305dfb7c-fd53-482c-9dad-a050913926c4,3171,4443,410,439,29,False
305dfb7c-fd53-482c-9dad-a050913926c4,3169,4455,410,439,29,False
305dfb7c-fd53-482c-9dad-a050913926c4,3164,4440,410,439,29,False
305dfb7c-fd53-482c-9dad-a050913926c4,3170,4454,411,440,29,False
305dfb7c-fd53-482c-9dad-a050913926c4,3170,4442,411,440,29,False
305dfb7c-fd53-482c-9dad-a050913926c4,3174,4438,411,440,29,False
305dfb7c-fd53-482c-9dad-a050913926c4,3171,4454,412,441,29,False
305dfb7c-fd53-482c-9dad-a050913926c4,3169,4441,412,441,29,False
305dfb7c-fd53-482c-9dad-a050913926c4,3174,4439,412,441,29,False
305dfb7c-fd53-482c-9dad-a050913926c4,3164,4438,412,441,29,False
305dfb7c-fd53-482c-9dad-a050913926c4,3164,4437,413,442,29,False
305dfb7c-fd53-482c-9dad-a050913926c4,3172,4454,413,442,29,False
305dfb7c-fd53-482c-9dad-a050913926c4,3168,4440,413,442,29,False
305dfb7c-fd53-482c-9dad-a050913926c4,3173,4454,414,443,29,False
305dfb7c-fd53-482c-9dad-a050913926c4,3165,4436,414,443,29,False
305dfb7c-fd53-482c-9dad-a050913926c4,3174,4441,414,443,29,False
305dfb7c-fd53-482c-9dad-a050913926c4,3167,4439,414,443,29,False
305dfb7c-fd53-482c-9dad-a050913926c4,3175,4442,415,444,29,False
305dfb7c-fd53-482c-9dad-a050913926c4,3167,4438,415,444,29,False
305dfb7c-fd53-482c-9dad-a050913926c4,3173,4455,415,444,29,False
305dfb7c-fd53-482c-9dad-a050913926c4,3166,4436,415,444,29,False
305dfb7c-fd53-482c-9dad-a050913926c4,3165,4437,416,445,29,False
305dfb7c-fd53-482c-9dad-a050913926c4,3173,4456,416,445,29,False
305dfb7c-fd53-482c-9dad-a050913926c4,3175,4443,416,445,29,False
305dfb7c-fd53-482c-9dad-a050913926c4,3167,4436,417,446,29,False
305dfb7c-fd53-482c-9dad-a050913926c4,3165,4438,417,446,29,False
305dfb7c-fd53-482c-9dad-a050913926c4,3173,4457,417,446,29,False
305dfb7c-fd53-482c-9dad-a050913926c4,3176,4442,417,446,29,False
305dfb7c-fd53-482c-9dad-a050913926c4,3173,4458,418,447,29,False
305dfb7c-fd53-482c-9dad-a050913926c4,3167,4435,418,447,29,False
305dfb7c-fd53-482c-9dad-a050913926c4,3164,4439,418,447,29,False
305dfb7c-fd53-482c-9dad-a050913926c4,3177,4441,418,447,29,False
305dfb7c-fd53-482c-9dad-a050913926c4,3178,4441,419,448,29,False
305dfb7c-fd53-482c-9dad-a050913926c4,3172,4457,419,448,29,False
305dfb7c-fd53-482c-9dad-a050913926c4,3166,4435,419,448,29,False
39c0d85d-f6ca-40f4-a04d-5a69843ceb4b,3169,4444,69,82,13,False
39c0d85d-f6ca-40f4-a04d-5a69843ceb4b,3165,4450,69,82,13,False
39c0d85d-f6ca-40f4-a04d-5a69843ceb4b,3171,4445,69,159,90,False
39c0d85d-f6ca-40f4-a04d-5a69843ceb4b,3174,4441,69,159,90,False
39c0d85d-f6ca-40f4-a04d-5a69843ceb4b,3172,4443,69,159,90,False
39c0d85d-f6ca-40f4-a04d-5a69843ceb4b,3170,4448,159,172,13,False
39c0d85d-f6ca-40f4-a04d-5a69843ceb4b,3170,4451,159,172,13,False
39c0d85d-f6ca-40f4-a04d-5a69843ceb4b,3168,4449,159,172,13,False
39c0d85d-f6ca-40f4-a04d-5a69843ceb4b,3170,4451,173,202,29,False
39c0d85d-f6ca-40f4-a04d-5a69843ceb4b,3173,4452,159,203,44,False
39c0d85d-f6ca-40f4-a04d-5a69843ceb4b,3175,4449,159,204,45,False
39c0d85d-f6ca-40f4-a04d-5a69843ceb4b,3169,4452,175,204,29,False
39c0d85d-f6ca-40f4-a04d-5a69843ceb4b,3168,4452,176,205,29,False
39c0d85d-f6ca-40f4-a04d-5a69843ceb4b,3172,4453,176,205,29,False
39c0d85d-f6ca-40f4-a04d-5a69843ceb4b,3171,4454,177,206,29,False
39c0d85d-f6ca-40f4-a04d-5a69843ceb4b,3174,4450,177,206,29,False
39c0d85d-f6ca-40f4-a04d-5a69843ceb4b,3167,4451,177,206,29,False
39c0d85d-f6ca-40f4-a04d-5a69843ceb4b,3166,4450,178,207,29,False
39c0d85d-f6ca-40f4-a04d-5a69843ceb4b,3171,4455,178,207,29,False
39c0d85d-f6ca-40f4-a04d-5a69843ceb4b,3173,4451,178,207,29,False
39c0d85d-f6ca-40f4-a04d-5a69843ceb4b,3165,4450,179,208,29,False
39c0d85d-f6ca-40f4-a04d-5a69843ceb4b,3170,4456,179,208,29,False
39c0d85d-f6ca-40f4-a04d-5a69843ceb4b,3172,4452,179,208,29,False
39c0d85d-f6ca-40f4-a04d-5a69843ceb4b,3164,4451,180,209,29,False
39c0d85d-f6ca-40f4-a04d-5a69843ceb4b,3170,4457,180,209,29,False
39c0d85d-f6ca-40f4-a04d-5a69843ceb4b,3172,4451,180,209,29,False
39c0d85d-f6ca-40f4-a04d-5a69843ceb4b,3171,4457,181,210,29,False
39c0d85d-f6ca-40f4-a04d-5a69843ceb4b,3163,4452,181,210,29,False
39c0d85d-f6ca-40f4-a04d-5a69843ceb4b,3172,4450,181,210,29,False
39c0d85d-f6ca-40f4-a04d-5a69843ceb4b,3172,4449,182,211,29,False
39c0d85d-f6ca-40f4-a04d-5a69843ceb4b,3162,4453,182,211,29,False
39c0d85d-f6ca-40f4-a04d-5a69843ceb4b,3172,4457,182,211,29,False
39c0d85d-f6ca-40f4-a04d-5a69843ceb4b,3171,4448,183,212,29,False
39c0d85d-f6ca-40f4-a04d-5a69843ceb4b,3173,4457,183,212,29,False
39c0d85d-f6ca-40f4-a04d-5a69843ceb4b,3174,4456,184,213,29,False
39c0d85d-f6ca-40f4-a04d-5a69843ceb4b,3170,4448,184,213,29,False
39c0d85d-f6ca-40f4-a04d-5a69843ceb4b,3164,4452,184,213,29,False
39c0d85d-f6ca-40f4-a04d-5a69843ceb4b,3164,4453,185,214,29,False
39c0d85d-f6ca-40f4-a04d-5a69843ceb4b,3175,4455,185,214,29,False
39c0d85d-f6ca-40f4-a04d-5a69843ceb4b,3169,4448,185,214,29,False
39c0d85d-f6ca-40f4-a04d-5a69843ceb4b,3175,4454,186,215,29,False
39c0d85d-f6ca-40f4-a04d-5a69843ceb4b,3170,4449,186,215,29,False
39c0d85d-f6ca-40f4-a04d-5a69843ceb4b,3163,4453,186,215,29,False
39c0d85d-f6ca-40f4-a04d-5a69843ceb4b,3176,4453,187,216,29,False
39c0d85d-f6ca-40f4-a04d-5a69843ceb4b,3170,4450,187,216,29,False
39c0d85d-f6ca-40f4-a04d-5a69843ceb4b,3169,4451,188,217,29,False
39c0d85d-f6ca-40f4-a04d-5a69843ceb4b,3161,4453,188,217,29,False
39c0d85d-f6ca-40f4-a04d-5a69843ceb4b,3176,4452,188,217,29,False
39c0d85d-f6ca-40f4-a04d-5a69843ceb4b,3160,4454,189,218,29,False
39c0d85d-f6ca-40f4-a04d-5a69843ceb4b,3176,4451,189,218,29,False
39c0d85d-f6ca-40f4-a04d-5a69843ceb4b,3169,4453,190,218,28,False
39c0d85d-f6ca-40f4-a04d-5a69843ceb4b,3160,4455,190,218,28,False
39c0d85d-f6ca-40f4-a04d-5a69843ceb4b,3177,4452,190,218,28,False
39c0d85d-f6ca-40f4-a04d-5a69843ceb4b,3170,4452,191,218,27,False
39c0d85d-f6ca-40f4-a04d-5a69843ceb4b,3160,4456,191,218,27,False
39c0d85d-f6ca-40f4-a04d-5a69843ceb4b,3177,4453,191,218,27,False
39c0d85d-f6ca-40f4-a04d-5a69843ceb4b,3171,4451,192,218,26,False
39c0d85d-f6ca-40f4-a04d-5a69843ceb4b,3161,4456,192,218,26,False
39c0d85d-f6ca-40f4-a04d-5a69843ceb4b,3177,4454,192,218,26,False
39c0d85d-f6ca-40f4-a04d-5a69843ceb4b,3171,4450,193,218,25,False
39c0d85d-f6ca-40f4-a04d-5a69843ceb4b,3162,4456,193,218,25,False
39c0d85d-f6ca-40f4-a04d-5a69843ceb4b,3178,4455,193,218,25,False
39c0d85d-f6ca-40f4-a04d-5a69843ceb4b,3179,4455,194,218,24,False
39c0d85d-f6ca-40f4-a04d-5a69843ceb4b,3163,4456,194,218,24,False
39c0d85d-f6ca-40f4-a04d-5a69843ceb4b,3162,4457,195,218,23,False
39c0d85d-f6ca-40f4-a04d-5a69843ceb4b,3178,4456,195,218,23,False
39c0d85d-f6ca-40f4-a04d-5a69843ceb4b,3173,4450,195,218,23,False
39c0d85d-f6ca-40f4-a04d-5a69843ceb4b,3177,4457,196,218,22,False
39c0d85d-f6ca-40f4-a04d-5a69843ceb4b,3161,4458,196,218,22,False
39c0d85d-f6ca-40f4-a04d-5a69843ceb4b,3178,4458,197,218,21,False
39c0d85d-f6ca-40f4-a04d-5a69843ceb4b,3171,4449,197,218,21,False
39c0d85d-f6ca-40f4-a04d-5a69843ceb4b,3160,4458,197,218,21,False
39c0d85d-f6ca-40f4-a04d-5a69843ceb4b,3179,4458,198,218,20,False
39c0d85d-f6ca-40f4-a04d-5a69843ceb4b,3161,4457,198,218,20,False
39c0d85d-f6ca-40f4-a04d-5a69843ceb4b,3178,4457,199,218,19,False
39c0d85d-f6ca-40f4-a04d-5a69843ceb4b,3169,4450,199,218,19,False
39c0d85d-f6ca-40f4-a04d-5a69843ceb4b,3163,4457,200,218,18,False
39c0d85d-f6ca-40f4-a04d-5a69843ceb4b,3168,4450,200,218,18,False
39c0d85d-f6ca-40f4-a04d-5a69843ceb4b,3177,4456,200,218,18,False
39c0d85d-f6ca-40f4-a04d-5a69843ceb4b,3164,4456,201,218,17,False
39c0d85d-f6ca-40f4-a04d-5a69843ceb4b,3168,4449,201,218,17,False
39c0d85d-f6ca-40f4-a04d-5a69843ceb4b,3178,4454,202,218,16,False
39c0d85d-f6ca-40f4-a04d-5a69843ceb4b,3165,4456,202,218,16,False
39c0d85d-f6ca-40f4-a04d-5a69843ceb4b,3168,4448,202,218,16,False
39c0d85d-f6ca-40f4-a04d-5a69843ceb4b,3178,4453,203,218,15,False
39c0d85d-f6ca-40f4-a04d-5a69843ceb4b,3166,4456,203,218,15,False
39c0d85d-f6ca-40f4-a04d-5a69843ceb4b,3168,4447,203,218,15,False
39c0d85d-f6ca-40f4-a04d-5a69843ceb4b,3179,4454,204,218,14,False
39c0d85d-f6ca-40f4-a04d-5a69843ceb4b,3167,4455,204,218,14,False
39c0d85d-f6ca-40f4-a04d-5a69843ceb4b,3168,4454,205,218,13,False
39c0d85d-f6ca-40f4-a04d-5a69843ceb4b,3179,4456,206,218,12,False
39c0d85d-f6ca-40f4-a04d-5a69843ceb4b,3169,4454,206,218,12,False
39c0d85d-f6ca-40f4-a04d-5a69843ceb4b,3167,4450,207,218,11,False
39c0d85d-f6ca-40f4-a04d-5a69843ceb4b,3170,4454,207,218,11,False
39c0d85d-f6ca-40f4-a04d-5a69843ceb4b,3171,4454,208,218,10,False
39c0d85d-f6ca-40f4-a04d-5a69843ceb4b,3172,4454,209,218,9,False
39c0d85d-f6ca-40f4-a04d-5a69843ceb4b,3169,4449,209,218,9,False
39c0d85d-f6ca-40f4-a04d-5a69843ceb4b,3176,4456,209,218,9,False
39c0d85d-f6ca-40f4-a04d-5a69843ceb4b,3176,4455,210,218,8,False
39c0d85d-f6ca-40f4-a04d-5a69843ceb4b,3173,4453,210,218,8,False
39c0d85d-f6ca-40f4-a04d-5a69843ceb4b,3174,4452,211,218,7,False
39c0d85d-f6ca-40f4-a04d-5a69843ceb4b,3176,4454,211,218,7,False
39c0d85d-f6ca-40f4-a04d-5a69843ceb4b,3170,4447,211,218,7,False
39c0d85d-f6ca-40f4-a04d-5a69843ceb4b,3175,4453,212,218,6,False
39c0d85d-f6ca-40f4-a04d-5a69843ceb4b,3171,4446,212,218,6,False
39c0d85d-f6ca-40f4-a04d-5a69843ceb4b,3175,4452,212,218,6,False
39c0d85d-f6ca-40f4-a04d-5a69843ceb4b,3174,4453,213,218,5,False
39c0d85d-f6ca-40f4-a04d-5a69843ceb4b,3172,4445,213,218,5,False
39c0d85d-f6ca-40f4-a04d-5a69843ceb4b,3177,4451,214,218,4,False
39c0d85d-f6ca-40f4-a04d-5a69843ceb4b,3172,4444,214,218,4,False
39c0d85d-f6ca-40f4-a04d-5a69843ceb4b,3173,4452,214,218,4,False
39c0d85d-f6ca-40f4-a04d-5a69843ceb4b,3172,4452,215,218,3,False
39c0d85d-f6ca-40f4-a04d-5a69843ceb4b,3171,4443,215,218,3,False
39c0d85d-f6ca-40f4-a04d-5a69843ceb4b,3178,4451,215,218,3,False
39c0d85d-f6ca-40f4-a04d-5a69843ceb4b,3179,4451,216,218,2,False
39c0d85d-f6ca-40f4-a04d-5a69843ceb4b,3171,4442,216,218,2,False
39c0d85d-f6ca-40f4-a04d-5a69843ceb4b,3171,4452,216,218,2,False
39c0d85d-f6ca-40f4-a04d-5a69843ceb4b,3172,4453,217,218,1,False
39c0d85d-f6ca-40f4-a04d-5a69843ceb4b,3180,4451,217,218,1,False
39c0d85d-f6ca-40f4-a04d-5a69843ceb4b,3171,4441,217,218,1,False
39c0d85d-f6ca-40f4-a04d-5a69843ceb4b,3165,4441,209,223,14,True
39c0d85d-f6ca-40f4-a04d-5a69843ceb4b,3170,4444,209,223,14,True
3d30c636-cd48-431a-9efe-6a2a12a31a0e,3169,4450,49,62,13,False
3d30c636-cd48-431a-9efe-6a2a12a31a0e,3171,4440,49,64,15,False
3d30c636-cd48-431a-9efe-6a2a12a31a0e,3174,4441,49,65,16,False
3d30c636-cd48-431a-9efe-6a2a12a31a0e,3176,4447,49,66,17,False
3d30c636-cd48-431a-9efe-6a2a12a31a0e,3177,4448,49,159,110,False
3d30c636-cd48-431a-9efe-6a2a12a31a0e,3174,4449,49,159,110,False
3d30c636-cd48-431a-9efe-6a2a12a31a0e,3168,4446,159,172,13,False
3d30c636-cd48-431a-9efe-6a2a12a31a0e,3167,4450,159,172,13,False
3d30c636-cd48-431a-9efe-6a2a12a31a0e,3165,4443,159,172,13,False
3d30c636-cd48-431a-9efe-6a2a12a31a0e,3168,4444,159,173,14,False
3d30c636-cd48-431a-9efe-6a2a12a31a0e,3170,4445,159,173,14,False
56216003-6bb6-4095-a47e-0aecb84e252d,3166,4450,39,52,13,False
56216003-6bb6-4095-a47e-0aecb84e252d,3163,4450,39,52,13,False
56216003-6bb6-4095-a47e-0aecb84e252d,3177,4445,39,56,17,False
56216003-6bb6-4095-a47e-0aecb84e252d,3177,4447,39,69,30,False
56216003-6bb6-4095-a47e-0aecb84e252d,3165,4450,69,82,13,False
56216003-6bb6-4095-a47e-0aecb84e252d,3168,4444,69,82,13,False
56216003-6bb6-4095-a47e-0aecb84e252d,3177,4446,39,86,47,False
56216003-6bb6-4095-a47e-0aecb84e252d,3179,4446,69,119,50,False
56216003-6bb6-4095-a47e-0aecb84e252d,3178,4446,69,119,50,False
56216003-6bb6-4095-a47e-0aecb84e252d,3165,4450,119,132,13,False
56216003-6bb6-4095-a47e-0aecb84e252d,3171,4444,119,133,14,False
56216003-6bb6-4095-a47e-0aecb84e252d,3177,4445,119,136,17,False
5905be94-8610-436b-805c-f4b10359086c,3167,4450,79,92,13,False
5905be94-8610-436b-805c-f4b10359086c,3170,4442,79,93,14,False
5905be94-8610-436b-805c-f4b10359086c,3177,4445,79,96,17,False
5905be94-8610-436b-805c-f4b10359086c,3178,4444,79,97,18,False
5905be94-8610-436b-805c-f4b10359086c,3176,4444,79,97,18,False
5905be94-8610-436b-805c-f4b10359086c,3168,4444,79,121,42,False
5905be94-8610-436b-805c-f4b10359086c,3166,4443,109,122,13,False
5905be94-8610-436b-805c-f4b10359086c,3164,4450,109,122,13,False
5905be94-8610-436b-805c-f4b10359086c,3169,4445,94,123,29,False
5905be94-8610-436b-805c-f4b10359086c,3170,4446,95,124,29,False
5905be94-8610-436b-805c-f4b10359086c,3172,4444,109,124,15,False
5905be94-8610-436b-805c-f4b10359086c,3171,4447,96,125,29,False
5905be94-8610-436b-805c-f4b10359086c,3172,4448,97,126,29,False
5905be94-8610-436b-805c-f4b10359086c,3176,4453,109,126,17,False
5905be94-8610-436b-805c-f4b10359086c,3178,4449,109,126,17,False
5905be94-8610-436b-805c-f4b10359086c,3176,4451,109,126,17,False
5905be94-8610-436b-805c-f4b10359086c,3173,4448,98,127,29,False
5905be94-8610-436b-805c-f4b10359086c,3174,4449,99,128,29,False
5905be94-8610-436b-805c-f4b10359086c,3175,4450,100,129,29,False
5905be94-8610-436b-805c-f4b10359086c,3176,4450,101,130,29,False
5905be94-8610-436b-805c-f4b10359086c,3175,4451,102,131,29,False
5905be94-8610-436b-805c-f4b10359086c,3174,4451,103,132,29,False
5905be94-8610-436b-805c-f4b10359086c,3173,4452,104,133,29,False
5905be94-8610-436b-805c-f4b10359086c,3172,4453,105,134,29,False
5905be94-8610-436b-805c-f4b10359086c,3171,4454,106,135,29,False
5905be94-8610-436b-805c-f4b10359086c,3172,4454,107,136,29,False
5905be94-8610-436b-805c-f4b10359086c,3173,4454,108,137,29,False
5905be94-8610-436b-805c-f4b10359086c,3171,4453,110,139,29,False
5b6fc2b0-f267-4f13-8d1d-8bfdb8397c6d,3167,4450,39,69,30,False
5b6fc2b0-f267-4f13-8d1d-8bfdb8397c6d,3169,4452,39,69,30,False
5b6fc2b0-f267-4f13-8d1d-8bfdb8397c6d,3169,4448,39,69,30,False
5b6fc2b0-f267-4f13-8d1d-8bfdb8397c6d,3168,4449,69,82,13,False
5b6fc2b0-f267-4f13-8d1d-8bfdb8397c6d,3168,4447,69,99,30,False
5b6fc2b0-f267-4f13-8d1d-8bfdb8397c6d,3168,4450,69,99,30,False
5b6fc2b0-f267-4f13-8d1d-8bfdb8397c6d,3167,4451,99,139,40,False
5b6fc2b0-f267-4f13-8d1d-8bfdb8397c6d,3165,4450,99,139,40,False
5b6fc2b0-f267-4f13-8d1d-8bfdb8397c6d,3171,4445,139,179,40,False
5b6fc2b0-f267-4f13-8d1d-8bfdb8397c6d,3172,4444,139,179,40,False
5b6fc2b0-f267-4f13-8d1d-8bfdb8397c6d,3170,4446,139,179,40,False
5b6fc2b0-f267-4f13-8d1d-8bfdb8397c6d,3168,4446,179,219,40,False
5b6fc2b0-f267-4f13-8d1d-8bfdb8397c6d,3170,4443,179,219,40,False
5b6fc2b0-f267-4f13-8d1d-8bfdb8397c6d,3168,4444,179,219,40,False
5b6fc2b0-f267-4f13-8d1d-8bfdb8397c6d,3168,4449,219,259,40,False
5b6fc2b0-f267-4f13-8d1d-8bfdb8397c6d,3169,4448,219,259,40,False
5b6fc2b0-f267-4f13-8d1d-8bfdb8397c6d,3174,4444,259,319,60,False
5b6fc2b0-f267-4f13-8d1d-8bfdb8397c6d,3175,4445,259,319,60,False
5b6fc2b0-f267-4f13-8d1d-8bfdb8397c6d,3173,4446,259,319,60,False
5b6fc2b0-f267-4f13-8d1d-8bfdb8397c6d,3166,4443,319,332,13,False
5b6fc2b0-f267-4f13-8d1d-8bfdb8397c6d,3164,4443,319,429,110,False
5b6fc2b0-f267-4f13-8d1d-8bfdb8397c6d,3166,4442,319,429,110,False
5b6fc2b0-f267-4f13-8d1d-8bfdb8397c6d,3167,4450,429,442,13,False
605f697e-ba8b-4324-b550-7bf3c4c3ea02,3168,4449,39,52,13,False
605f697e-ba8b-4324-b550-7bf3c4c3ea02,3170,4447,39,89,50,False
605f697e-ba8b-4324-b550-7bf3c4c3ea02,3168,4451,39,89,50,False
605f697e-ba8b-4324-b550-7bf3c4c3ea02,3169,4444,89,179,90,False
605f697e-ba8b-4324-b550-7bf3c4c3ea02,3168,4444,89,179,90,False
605f697e-ba8b-4324-b550-7bf3c4c3ea02,3170,4446,89,179,90,False
605f697e-ba8b-4324-b550-7bf3c4c3ea02,3168,4443,179,192,13,False
605f697e-ba8b-4324-b550-7bf3c4c3ea02,3167,4442,179,239,60,False
605f697e-ba8b-4324-b550-7bf3c4c3ea02,3168,4442,179,239,60,False
605f697e-ba8b-4324-b550-7bf3c4c3ea02,3168,4446,239,269,30,False
605f697e-ba8b-4324-b550-7bf3c4c3ea02,3168,4444,239,269,30,False
605f697e-ba8b-4324-b550-7bf3c4c3ea02,3169,4451,269,282,13,False
605f697e-ba8b-4324-b550-7bf3c4c3ea02,3168,4453,269,299,30,False
605f697e-ba8b-4324-b550-7bf3c4c3ea02,3167,4453,269,299,30,False
605f697e-ba8b-4324-b550-7bf3c4c3ea02,3170,4446,299,312,13,False
605f697e-ba8b-4324-b550-7bf3c4c3ea02,3170,4445,299,312,13,False
605f697e-ba8b-4324-b550-7bf3c4c3ea02,3168,4445,299,341,42,False
605f697e-ba8b-4324-b550-7bf3c4c3ea02,3168,4444,314,343,29,False
605f697e-ba8b-4324-b550-7bf3c4c3ea02,3168,4443,315,344,29,False
605f697e-ba8b-4324-b550-7bf3c4c3ea02,3167,4442,316,345,29,False
605f697e-ba8b-4324-b550-7bf3c4c3ea02,3166,4442,317,346,29,False
605f697e-ba8b-4324-b550-7bf3c4c3ea02,3165,4442,318,347,29,False
605f697e-ba8b-4324-b550-7bf3c4c3ea02,3166,4441,319,348,29,False
605f697e-ba8b-4324-b550-7bf3c4c3ea02,3167,4440,320,349,29,False
605f697e-ba8b-4324-b550-7bf3c4c3ea02,3167,4439,321,350,29,False
605f697e-ba8b-4324-b550-7bf3c4c3ea02,3168,4440,322,351,29,False
605f697e-ba8b-4324-b550-7bf3c4c3ea02,3169,4441,323,352,29,False
605f697e-ba8b-4324-b550-7bf3c4c3ea02,3170,4441,324,353,29,False
605f697e-ba8b-4324-b550-7bf3c4c3ea02,3171,4441,325,354,29,False
605f697e-ba8b-4324-b550-7bf3c4c3ea02,3172,4442,326,355,29,False
605f697e-ba8b-4324-b550-7bf3c4c3ea02,3173,4442,327,356,29,False
605f697e-ba8b-4324-b550-7bf3c4c3ea02,3174,4442,328,357,29,False
605f697e-ba8b-4324-b550-7bf3c4c3ea02,3173,4443,329,358,29,False
605f697e-ba8b-4324-b550-7bf3c4c3ea02,3172,4444,330,359,29,False
605f697e-ba8b-4324-b550-7bf3c4c3ea02,3173,4444,331,360,29,False
605f697e-ba8b-4324-b550-7bf3c4c3ea02,3174,4445,332,361,29,False
605f697e-ba8b-4324-b550-7bf3c4c3ea02,3175,4446,333,362,29,False
605f697e-ba8b-4324-b550-7bf3c4c3ea02,3168,4451,349,362,13,False
605f697e-ba8b-4324-b550-7bf3c4c3ea02,3175,4447,334,363,29,False
605f697e-ba8b-4324-b550-7bf3c4c3ea02,3169,4449,349,363,14,False
605f697e-ba8b-4324-b550-7bf3c4c3ea02,3167,4451,349,363,14,False
605f697e-ba8b-4324-b550-7bf3c4c3ea02,3176,4446,335,364,29,False
605f697e-ba8b-4324-b550-7bf3c4c3ea02,3176,4445,336,365,29,False
605f697e-ba8b-4324-b550-7bf3c4c3ea02,3177,4446,337,366,29,False
605f697e-ba8b-4324-b550-7bf3c4c3ea02,3178,4446,338,367,29,False
605f697e-ba8b-4324-b550-7bf3c4c3ea02,3179,4446,339,368,29,False
605f697e-ba8b-4324-b550-7bf3c4c3ea02,3180,4445,340,369,29,False
605f697e-ba8b-4324-b550-7bf3c4c3ea02,3180,4444,341,370,29,False
605f697e-ba8b-4324-b550-7bf3c4c3ea02,3179,4443,342,371,29,False
605f697e-ba8b-4324-b550-7bf3c4c3ea02,3179,4444,343,372,29,False
605f697e-ba8b-4324-b550-7bf3c4c3ea02,3179,4445,344,373,29,False
605f697e-ba8b-4324-b550-7bf3c4c3ea02,3177,4447,346,375,29,False
605f697e-ba8b-4324-b550-7bf3c4c3ea02,3176,4448,347,376,29,False
605f697e-ba8b-4324-b550-7bf3c4c3ea02,3177,4449,348,377,29,False
605f697e-ba8b-4324-b550-7bf3c4c3ea02,3178,4450,349,378,29,False
605f697e-ba8b-4324-b550-7bf3c4c3ea02,3178,4451,350,379,29,False
605f697e-ba8b-4324-b550-7bf3c4c3ea02,3179,4450,351,380,29,False
605f697e-ba8b-4324-b550-7bf3c4c3ea02,3180,4450,352,381,29,False
605f697e-ba8b-4324-b550-7bf3c4c3ea02,3180,4451,353,382,29,False
605f697e-ba8b-4324-b550-7bf3c4c3ea02,3180,4452,354,383,29,False
605f697e-ba8b-4324-b550-7bf3c4c3ea02,3179,4453,355,384,29,False
605f697e-ba8b-4324-b550-7bf3c4c3ea02,3178,4454,356,385,29,False
605f697e-ba8b-4324-b550-7bf3c4c3ea02,3177,4454,357,386,29,False
605f697e-ba8b-4324-b550-7bf3c4c3ea02,3178,4455,358,387,29,False
605f697e-ba8b-4324-b550-7bf3c4c3ea02,3179,4456,359,388,29,False
605f697e-ba8b-4324-b550-7bf3c4c3ea02,3177,4455,361,390,29,False
605f697e-ba8b-4324-b550-7bf3c4c3ea02,3176,4454,362,391,29,False
605f697e-ba8b-4324-b550-7bf3c4c3ea02,3175,4453,363,392,29,False
605f697e-ba8b-4324-b550-7bf3c4c3ea02,3174,4453,364,393,29,False
605f697e-ba8b-4324-b550-7bf3c4c3ea02,3169,4441,379,393,14,False
605f697e-ba8b-4324-b550-7bf3c4c3ea02,3173,4454,365,394,29,False
605f697e-ba8b-4324-b550-7bf3c4c3ea02,3168,4439,379,394,15,False
605f697e-ba8b-4324-b550-7bf3c4c3ea02,3168,4443,379,394,15,False
605f697e-ba8b-4324-b550-7bf3c4c3ea02,3172,4455,366,395,29,False
605f697e-ba8b-4324-b550-7bf3c4c3ea02,3171,4455,367,396,29,False
605f697e-ba8b-4324-b550-7bf3c4c3ea02,3170,4456,368,397,29,False
605f697e-ba8b-4324-b550-7bf3c4c3ea02,3169,4457,369,398,29,False
605f697e-ba8b-4324-b550-7bf3c4c3ea02,3168,4458,370,399,29,False
605f697e-ba8b-4324-b550-7bf3c4c3ea02,3167,4458,371,400,29,False
605f697e-ba8b-4324-b550-7bf3c4c3ea02,3166,4458,372,401,29,False
605f697e-ba8b-4324-b550-7bf3c4c3ea02,3169,4458,375,404,29,False
605f697e-ba8b-4324-b550-7bf3c4c3ea02,3168,4457,376,405,29,False
605f697e-ba8b-4324-b550-7bf3c4c3ea02,3167,4457,377,406,29,False
605f697e-ba8b-4324-b550-7bf3c4c3ea02,3166,4456,378,407,29,False
605f697e-ba8b-4324-b550-7bf3c4c3ea02,3165,4456,379,408,29,False
605f697e-ba8b-4324-b550-7bf3c4c3ea02,3164,4456,380,409,29,False
605f697e-ba8b-4324-b550-7bf3c4c3ea02,3163,4455,381,410,29,False
605f697e-ba8b-4324-b550-7bf3c4c3ea02,3162,4455,382,411,29,False
605f697e-ba8b-4324-b550-7bf3c4c3ea02,3161,4455,383,412,29,False
605f697e-ba8b-4324-b550-7bf3c4c3ea02,3162,4456,384,413,29,False
605f697e-ba8b-4324-b550-7bf3c4c3ea02,3163,4456,385,414,29,False
605f697e-ba8b-4324-b550-7bf3c4c3ea02,3161,4454,387,416,29,False
605f697e-ba8b-4324-b550-7bf3c4c3ea02,3160,4454,388,417,29,False
605f697e-ba8b-4324-b550-7bf3c4c3ea02,3160,4455,389,418,29,False
605f697e-ba8b-4324-b550-7bf3c4c3ea02,3162,4453,391,420,29,False
605f697e-ba8b-4324-b550-7bf3c4c3ea02,3163,4453,392,421,29,False
605f697e-ba8b-4324-b550-7bf3c4c3ea02,3163,4454,393,422,29,False
605f697e-ba8b-4324-b550-7bf3c4c3ea02,3164,4453,394,423,29,False
605f697e-ba8b-4324-b550-7bf3c4c3ea02,3165,4452,395,424,29,False
605f697e-ba8b-4324-b550-7bf3c4c3ea02,3165,4451,396,425,29,False
605f697e-ba8b-4324-b550-7bf3c4c3ea02,3166,4452,397,426,29,False
605f697e-ba8b-4324-b550-7bf3c4c3ea02,3167,4452,398,427,29,False
605f697e-ba8b-4324-b550-7bf3c4c3ea02,3168,4452,399,428,29,False
605f697e-ba8b-4324-b550-7bf3c4c3ea02,3169,4452,400,429,29,False
605f697e-ba8b-4324-b550-7bf3c4c3ea02,3170,4452,401,430,29,False
605f697e-ba8b-4324-b550-7bf3c4c3ea02,3171,4453,402,431,29,False
605f697e-ba8b-4324-b550-7bf3c4c3ea02,3172,4454,403,432,29,False
605f697e-ba8b-4324-b550-7bf3c4c3ea02,3173,4455,404,433,29,False
605f697e-ba8b-4324-b550-7bf3c4c3ea02,3172,4455,405,434,29,False
605f697e-ba8b-4324-b550-7bf3c4c3ea02,3171,4456,406,435,29,False
605f697e-ba8b-4324-b550-7bf3c4c3ea02,3171,4457,407,436,29,False
605f697e-ba8b-4324-b550-7bf3c4c3ea02,3171,4458,408,437,29,False
605f697e-ba8b-4324-b550-7bf3c4c3ea02,3170,4457,409,438,29,False
605f697e-ba8b-4324-b550-7bf3c4c3ea02,3170,4456,410,439,29,False
605f697e-ba8b-4324-b550-7bf3c4c3ea02,3169,4455,411,440,29,False
605f697e-ba8b-4324-b550-7bf3c4c3ea02,3169,4454,412,441,29,False
605f697e-ba8b-4324-b550-7bf3c4c3ea02,3168,4453,413,442,29,False
605f697e-ba8b-4324-b550-7bf3c4c3ea02,3167,4451,415,444,29,False
605f697e-ba8b-4324-b550-7bf3c4c3ea02,3169,4453,417,446,29,False
605f697e-ba8b-4324-b550-7bf3c4c3ea02,3170,4453,418,447,29,False
605f697e-ba8b-4324-b550-7bf3c4c3ea02,3171,4452,419,448,29,False
605f697e-ba8b-4324-b550-7bf3c4c3ea02,3170,4451,420,449,29,False
605f697e-ba8b-4324-b550-7bf3c4c3ea02,3169,4451,421,450,29,False
605f697e-ba8b-4324-b550-7bf3c4c3ea02,3168,4451,422,451,29,False
605f697e-ba8b-4324-b550-7bf3c4c3ea02,3169,4450,423,452,29,False
605f697e-ba8b-4324-b550-7bf3c4c3ea02,3170,4450,424,453,29,False
605f697e-ba8b-4324-b550-7bf3c4c3ea02,3171,4450,425,454,29,False
605f697e-ba8b-4324-b550-7bf3c4c3ea02,3172,4450,426,455,29,False
605f697e-ba8b-4324-b550-7bf3c4c3ea02,3173,4450,427,456,29,False
605f697e-ba8b-4324-b550-7bf3c4c3ea02,3174,4451,428,457,29,False
605f697e-ba8b-4324-b550-7bf3c4c3ea02,3175,4451,429,458,29,False
605f697e-ba8b-4324-b550-7bf3c4c3ea02,3176,4451,430,459,29,False
605f697e-ba8b-4324-b550-7bf3c4c3ea02,3177,4450,431,460,29,False
605f697e-ba8b-4324-b550-7bf3c4c3ea02,3178,4449,432,461,29,False
605f697e-ba8b-4324-b550-7bf3c4c3ea02,3179,4449,433,462,29,False
605f697e-ba8b-4324-b550-7bf3c4c3ea02,3166,4443,449,462,13,False
630f537c-d33a-45cb-9b00-f0dcadb0cc38,3171,4445,9,24,15,False
630f537c-d33a-45cb-9b00-f0dcadb0cc38,3170,4448,9,24,15,False
630f537c-d33a-45cb-9b00-f0dcadb0cc38,3169,4450,9,24,15,False
630f537c-d33a-45cb-9b00-f0dcadb0cc38,3166,4443,39,52,13,False
630f537c-d33a-45cb-9b00-f0dcadb0cc38,3163,4452,39,52,13,False
630f537c-d33a-45cb-9b00-f0dcadb0cc38,3165,4452,39,52,13,False
630f537c-d33a-45cb-9b00-f0dcadb0cc38,3171,4450,9,53,44,False
630f537c-d33a-45cb-9b00-f0dcadb0cc38,3170,4449,26,55,29,False
630f537c-d33a-45cb-9b00-f0dcadb0cc38,3169,4449,27,56,29,False
630f537c-d33a-45cb-9b00-f0dcadb0cc38,3168,4449,28,57,29,False
630f537c-d33a-45cb-9b00-f0dcadb0cc38,3169,4448,29,58,29,False
630f537c-d33a-45cb-9b00-f0dcadb0cc38,3169,4447,30,59,29,False
630f537c-d33a-45cb-9b00-f0dcadb0cc38,3169,4446,31,60,29,False
630f537c-d33a-45cb-9b00-f0dcadb0cc38,3169,4445,32,61,29,False
630f537c-d33a-45cb-9b00-f0dcadb0cc38,3169,4444,33,62,29,False
630f537c-d33a-45cb-9b00-f0dcadb0cc38,3170,4443,34,63,29,False
630f537c-d33a-45cb-9b00-f0dcadb0cc38,3171,4442,35,64,29,False
630f537c-d33a-45cb-9b00-f0dcadb0cc38,3172,4442,36,65,29,False
630f537c-d33a-45cb-9b00-f0dcadb0cc38,3173,4443,37,66,29,False
630f537c-d33a-45cb-9b00-f0dcadb0cc38,3174,4444,38,67,29,False
630f537c-d33a-45cb-9b00-f0dcadb0cc38,3174,4445,39,68,29,False
630f537c-d33a-45cb-9b00-f0dcadb0cc38,3175,4444,40,69,29,False
630f537c-d33a-45cb-9b00-f0dcadb0cc38,3176,4443,41,70,29,False
630f537c-d33a-45cb-9b00-f0dcadb0cc38,3177,4443,42,71,29,False
630f537c-d33a-45cb-9b00-f0dcadb0cc38,3177,4442,43,72,29,False
630f537c-d33a-45cb-9b00-f0dcadb0cc38,3177,4441,44,73,29,False
630f537c-d33a-45cb-9b00-f0dcadb0cc38,3176,4440,45,74,29,False
630f537c-d33a-45cb-9b00-f0dcadb0cc38,3176,4439,46,75,29,False
630f537c-d33a-45cb-9b00-f0dcadb0cc38,3177,4438,47,76,29,False
630f537c-d33a-45cb-9b00-f0dcadb0cc38,3178,4437,48,77,29,False
630f537c-d33a-45cb-9b00-f0dcadb0cc38,3177,4437,49,78,29,False
630f537c-d33a-45cb-9b00-f0dcadb0cc38,3178,4438,50,79,29,False
630f537c-d33a-45cb-9b00-f0dcadb0cc38,3179,4439,51,80,29,False
630f537c-d33a-45cb-9b00-f0dcadb0cc38,3163,4450,39,81,42,False
630f537c-d33a-45cb-9b00-f0dcadb0cc38,3164,4451,54,83,29,False
630f537c-d33a-45cb-9b00-f0dcadb0cc38,3176,4436,54,83,29,False
630f537c-d33a-45cb-9b00-f0dcadb0cc38,3175,4437,55,84,29,False
630f537c-d33a-45cb-9b00-f0dcadb0cc38,3165,4451,55,84,29,False
630f537c-d33a-45cb-9b00-f0dcadb0cc38,3174,4438,56,85,29,False
630f537c-d33a-45cb-9b00-f0dcadb0cc38,3165,4452,56,85,29,False
630f537c-d33a-45cb-9b00-f0dcadb0cc38,3175,4439,57,86,29,False
630f537c-d33a-45cb-9b00-f0dcadb0cc38,3166,4451,57,86,29,False
630f537c-d33a-45cb-9b00-f0dcadb0cc38,3167,4451,58,87,29,False
630f537c-d33a-45cb-9b00-f0dcadb0cc38,3168,4451,59,88,29,False
630f537c-d33a-45cb-9b00-f0dcadb0cc38,3177,4440,59,88,29,False
630f537c-d33a-45cb-9b00-f0dcadb0cc38,3169,4451,60,89,29,False
630f537c-d33a-45cb-9b00-f0dcadb0cc38,3176,4441,60,89,29,False
630f537c-d33a-45cb-9b00-f0dcadb0cc38,3170,4451,61,90,29,False
630f537c-d33a-45cb-9b00-f0dcadb0cc38,3171,4451,62,91,29,False
630f537c-d33a-45cb-9b00-f0dcadb0cc38,3178,4442,62,91,29,False
630f537c-d33a-45cb-9b00-f0dcadb0cc38,3179,4442,63,92,29,False
630f537c-d33a-45cb-9b00-f0dcadb0cc38,3172,4450,63,92,29,False
630f537c-d33a-45cb-9b00-f0dcadb0cc38,3168,4446,79,92,13,False
630f537c-d33a-45cb-9b00-f0dcadb0cc38,3168,4448,79,92,13,False
630f537c-d33a-45cb-9b00-f0dcadb0cc38,3172,4449,64,93,29,False
630f537c-d33a-45cb-9b00-f0dcadb0cc38,3178,4441,64,93,29,False
630f537c-d33a-45cb-9b00-f0dcadb0cc38,3173,4450,65,94,29,False
630f537c-d33a-45cb-9b00-f0dcadb0cc38,3172,4447,79,94,15,False
630f537c-d33a-45cb-9b00-f0dcadb0cc38,3174,4451,66,95,29,False
630f537c-d33a-45cb-9b00-f0dcadb0cc38,3175,4451,67,96,29,False
630f537c-d33a-45cb-9b00-f0dcadb0cc38,3175,4441,67,96,29,False
630f537c-d33a-45cb-9b00-f0dcadb0cc38,3174,4440,68,97,29,False
630f537c-d33a-45cb-9b00-f0dcadb0cc38,3176,4451,68,97,29,False
630f537c-d33a-45cb-9b00-f0dcadb0cc38,3173,4439,69,98,29,False
630f537c-d33a-45cb-9b00-f0dcadb0cc38,3173,4438,70,99,29,False
630f537c-d33a-45cb-9b00-f0dcadb0cc38,3173,4451,71,100,29,False
630f537c-d33a-45cb-9b00-f0dcadb0cc38,3172,4439,71,100,29,False
630f537c-d33a-45cb-9b00-f0dcadb0cc38,3174,4452,72,101,29,False
630f537c-d33a-45cb-9b00-f0dcadb0cc38,3171,4439,72,101,29,False
630f537c-d33a-45cb-9b00-f0dcadb0cc38,3175,4453,73,102,29,False
630f537c-d33a-45cb-9b00-f0dcadb0cc38,3170,4439,73,102,29,False
630f537c-d33a-45cb-9b00-f0dcadb0cc38,3176,4452,74,103,29,False
630f537c-d33a-45cb-9b00-f0dcadb0cc38,3169,4439,74,103,29,False
630f537c-d33a-45cb-9b00-f0dcadb0cc38,3177,4451,75,104,29,False
630f537c-d33a-45cb-9b00-f0dcadb0cc38,3168,4440,75,104,29,False
630f537c-d33a-45cb-9b00-f0dcadb0cc38,3177,4450,76,105,29,False
630f537c-d33a-45cb-9b00-f0dcadb0cc38,3167,4439,76,105,29,False
630f537c-d33a-45cb-9b00-f0dcadb0cc38,3166,4440,77,106,29,False
630f537c-d33a-45cb-9b00-f0dcadb0cc38,3177,4449,77,106,29,False
630f537c-d33a-45cb-9b00-f0dcadb0cc38,3165,4441,78,107,29,False
630f537c-d33a-45cb-9b00-f0dcadb0cc38,3176,4449,78,107,29,False
630f537c-d33a-45cb-9b00-f0dcadb0cc38,3165,4440,79,108,29,False
630f537c-d33a-45cb-9b00-f0dcadb0cc38,3175,4449,79,108,29,False
630f537c-d33a-45cb-9b00-f0dcadb0cc38,3174,4449,80,109,29,False
630f537c-d33a-45cb-9b00-f0dcadb0cc38,3164,4440,80,109,29,False
630f537c-d33a-45cb-9b00-f0dcadb0cc38,3163,4439,81,110,29,False
630f537c-d33a-45cb-9b00-f0dcadb0cc38,3173,4449,81,110,29,False
630f537c-d33a-45cb-9b00-f0dcadb0cc38,3162,4438,82,111,29,False
630f537c-d33a-45cb-9b00-f0dcadb0cc38,3174,4448,82,111,29,False
630f537c-d33a-45cb-9b00-f0dcadb0cc38,3175,4448,83,112,29,False
630f537c-d33a-45cb-9b00-f0dcadb0cc38,3164,4439,84,113,29,False
630f537c-d33a-45cb-9b00-f0dcadb0cc38,3175,4447,84,113,29,False
630f537c-d33a-45cb-9b00-f0dcadb0cc38,3165,4439,85,114,29,False
630f537c-d33a-45cb-9b00-f0dcadb0cc38,3175,4446,85,114,29,False
630f537c-d33a-45cb-9b00-f0dcadb0cc38,3175,4445,86,115,29,False
630f537c-d33a-45cb-9b00-f0dcadb0cc38,3166,4438,86,115,29,False
630f537c-d33a-45cb-9b00-f0dcadb0cc38,3166,4437,87,116,29,False
630f537c-d33a-45cb-9b00-f0dcadb0cc38,3176,4444,87,116,29,False
630f537c-d33a-45cb-9b00-f0dcadb0cc38,3177,4444,88,117,29,False
630f537c-d33a-45cb-9b00-f0dcadb0cc38,3165,4436,88,117,29,False
630f537c-d33a-45cb-9b00-f0dcadb0cc38,3178,4444,89,118,29,False
630f537c-d33a-45cb-9b00-f0dcadb0cc38,3164,4435,89,118,29,False
630f537c-d33a-45cb-9b00-f0dcadb0cc38,3164,4436,90,119,29,False
630f537c-d33a-45cb-9b00-f0dcadb0cc38,3178,4445,90,119,29,False
630f537c-d33a-45cb-9b00-f0dcadb0cc38,3165,4435,91,120,29,False
630f537c-d33a-45cb-9b00-f0dcadb0cc38,3178,4446,91,120,29,False
630f537c-d33a-45cb-9b00-f0dcadb0cc38,3178,4447,92,121,29,False
630f537c-d33a-45cb-9b00-f0dcadb0cc38,3166,4436,92,121,29,False
630f537c-d33a-45cb-9b00-f0dcadb0cc38,3179,4448,93,122,29,False
630f537c-d33a-45cb-9b00-f0dcadb0cc38,3167,4437,93,122,29,False
630f537c-d33a-45cb-9b00-f0dcadb0cc38,3167,4438,94,123,29,False
630f537c-d33a-45cb-9b00-f0dcadb0cc38,3180,4449,94,123,29,False
630f537c-d33a-45cb-9b00-f0dcadb0cc38,3170,4444,109,123,14,False
630f537c-d33a-45cb-9b00-f0dcadb0cc38,3180,4450,95,124,29,False
630f537c-d33a-45cb-9b00-f0dcadb0cc38,3166,4439,95,124,29,False
630f537c-d33a-45cb-9b00-f0dcadb0cc38,3173,4442,109,124,15,False
630f537c-d33a-45cb-9b00-f0dcadb0cc38,3179,4451,96,125,29,False
630f537c-d33a-45cb-9b00-f0dcadb0cc38,3171,4443,109,125,16,False
630f537c-d33a-45cb-9b00-f0dcadb0cc38,3174,4442,109,125,16,False
630f537c-d33a-45cb-9b00-f0dcadb0cc38,3164,4441,97,126,29,False
630f537c-d33a-45cb-9b00-f0dcadb0cc38,3178,4452,97,126,29,False
630f537c-d33a-45cb-9b00-f0dcadb0cc38,3163,4442,98,127,29,False
630f537c-d33a-45cb-9b00-f0dcadb0cc38,3177,4453,98,127,29,False
630f537c-d33a-45cb-9b00-f0dcadb0cc38,3177,4454,99,128,29,False
630f537c-d33a-45cb-9b00-f0dcadb0cc38,3162,4443,99,128,29,False
630f537c-d33a-45cb-9b00-f0dcadb0cc38,3177,4455,100,129,29,False
630f537c-d33a-45cb-9b00-f0dcadb0cc38,3161,4443,100,129,29,False
630f537c-d33a-45cb-9b00-f0dcadb0cc38,3162,4442,101,130,29,False
630f537c-d33a-45cb-9b00-f0dcadb0cc38,3176,4456,101,130,29,False
630f537c-d33a-45cb-9b00-f0dcadb0cc38,3175,4457,102,131,29,False
630f537c-d33a-45cb-9b00-f0dcadb0cc38,3163,4441,102,131,29,False
630f537c-d33a-45cb-9b00-f0dcadb0cc38,3163,4440,103,132,29,False
630f537c-d33a-45cb-9b00-f0dcadb0cc38,3174,4458,103,132,29,False
630f537c-d33a-45cb-9b00-f0dcadb0cc38,3165,4438,105,134,29,False
630f537c-d33a-45cb-9b00-f0dcadb0cc38,3176,4457,105,134,29,False
630f537c-d33a-45cb-9b00-f0dcadb0cc38,3177,4457,106,135,29,False
630f537c-d33a-45cb-9b00-f0dcadb0cc38,3167,4436,107,136,29,False
630f537c-d33a-45cb-9b00-f0dcadb0cc38,3167,4435,108,137,29,False
630f537c-d33a-45cb-9b00-f0dcadb0cc38,3175,4455,108,137,29,False
630f537c-d33a-45cb-9b00-f0dcadb0cc38,3168,4436,109,138,29,False
630f537c-d33a-45cb-9b00-f0dcadb0cc38,3169,4437,110,139,29,False
630f537c-d33a-45cb-9b00-f0dcadb0cc38,3177,4456,110,139,29,False
630f537c-d33a-45cb-9b00-f0dcadb0cc38,3168,4438,111,140,29,False
630f537c-d33a-45cb-9b00-f0dcadb0cc38,3168,4439,112,141,29,False
630f537c-d33a-45cb-9b00-f0dcadb0cc38,3175,4458,112,141,29,False
630f537c-d33a-45cb-9b00-f0dcadb0cc38,3169,4440,113,142,29,False
630f537c-d33a-45cb-9b00-f0dcadb0cc38,3170,4441,114,143,29,False
630f537c-d33a-45cb-9b00-f0dcadb0cc38,3173,4458,114,143,29,False
630f537c-d33a-45cb-9b00-f0dcadb0cc38,3172,4458,115,144,29,False
630f537c-d33a-45cb-9b00-f0dcadb0cc38,3169,4442,115,144,29,False
630f537c-d33a-45cb-9b00-f0dcadb0cc38,3171,4457,116,145,29,False
630f537c-d33a-45cb-9b00-f0dcadb0cc38,3170,4443,116,145,29,False
630f537c-d33a-45cb-9b00-f0dcadb0cc38,3171,4444,117,146,29,False
630f537c-d33a-45cb-9b00-f0dcadb0cc38,3170,4456,117,146,29,False
630f537c-d33a-45cb-9b00-f0dcadb0cc38,3169,4457,118,147,29,False
630f537c-d33a-45cb-9b00-f0dcadb0cc38,3172,4444,118,147,29,False
630f537c-d33a-45cb-9b00-f0dcadb0cc38,3172,4445,119,148,29,False
630f537c-d33a-45cb-9b00-f0dcadb0cc38,3169,4458,119,148,29,False
630f537c-d33a-45cb-9b00-f0dcadb0cc38,3168,4457,120,149,29,False
630f537c-d33a-45cb-9b00-f0dcadb0cc38,3167,4456,121,150,29,False
630f537c-d33a-45cb-9b00-f0dcadb0cc38,3166,4456,122,151,29,False
630f537c-d33a-45cb-9b00-f0dcadb0cc38,3166,4457,123,152,29,False
630f537c-d33a-45cb-9b00-f0dcadb0cc38,3166,4458,124,153,29,False
630f537c-d33a-45cb-9b00-f0dcadb0cc38,3167,4457,125,154,29,False
630f537c-d33a-45cb-9b00-f0dcadb0cc38,3168,4456,126,155,29,False
630f537c-d33a-45cb-9b00-f0dcadb0cc38,3169,4456,127,156,29,False
630f537c-d33a-45cb-9b00-f0dcadb0cc38,3168,4455,128,157,29,False
630f537c-d33a-45cb-9b00-f0dcadb0cc38,3168,4454,129,158,29,False
630f537c-d33a-45cb-9b00-f0dcadb0cc38,3168,4453,130,159,29,False
630f537c-d33a-45cb-9b00-f0dcadb0cc38,3169,4452,131,160,29,False
630f537c-d33a-45cb-9b00-f0dcadb0cc38,3169,4451,132,161,29,False
630f537c-d33a-45cb-9b00-f0dcadb0cc38,3168,4451,133,162,29,False
630f537c-d33a-45cb-9b00-f0dcadb0cc38,3168,4444,149,162,13,False
630f537c-d33a-45cb-9b00-f0dcadb0cc38,3168,4450,149,162,13,False
630f537c-d33a-45cb-9b00-f0dcadb0cc38,3170,4450,149,162,13,False
630f537c-d33a-45cb-9b00-f0dcadb0cc38,3168,4449,149,162,13,False
630f537c-d33a-45cb-9b00-f0dcadb0cc38,3167,4451,134,163,29,False
630f537c-d33a-45cb-9b00-f0dcadb0cc38,3166,4451,135,164,29,False
630f537c-d33a-45cb-9b00-f0dcadb0cc38,3165,4452,136,165,29,False
630f537c-d33a-45cb-9b00-f0dcadb0cc38,3164,4453,137,166,29,False
630f537c-d33a-45cb-9b00-f0dcadb0cc38,3164,4454,138,167,29,False
630f537c-d33a-45cb-9b00-f0dcadb0cc38,3163,4453,139,168,29,False
630f537c-d33a-45cb-9b00-f0dcadb0cc38,3163,4452,140,169,29,False
630f537c-d33a-45cb-9b00-f0dcadb0cc38,3163,4451,141,170,29,False
630f537c-d33a-45cb-9b00-f0dcadb0cc38,3162,4450,142,171,29,False
630f537c-d33a-45cb-9b00-f0dcadb0cc38,3161,4450,143,172,29,False
630f537c-d33a-45cb-9b00-f0dcadb0cc38,3162,4451,144,173,29,False
630f537c-d33a-45cb-9b00-f0dcadb0cc38,3162,4452,145,174,29,False
630f537c-d33a-45cb-9b00-f0dcadb0cc38,3162,4453,146,175,29,False
630f537c-d33a-45cb-9b00-f0dcadb0cc38,3161,4454,147,176,29,False
630f537c-d33a-45cb-9b00-f0dcadb0cc38,3161,4455,148,177,29,False
630f537c-d33a-45cb-9b00-f0dcadb0cc38,3161,4456,149,178,29,False
630f537c-d33a-45cb-9b00-f0dcadb0cc38,3160,4457,150,179,29,False
630f537c-d33a-45cb-9b00-f0dcadb0cc38,3172,4445,150,179,29,False
630f537c-d33a-45cb-9b00-f0dcadb0cc38,3160,4456,151,180,29,False
630f537c-d33a-45cb-9b00-f0dcadb0cc38,3160,4455,152,181,29,False
630f537c-d33a-45cb-9b00-f0dcadb0cc38,3160,4454,153,182,29,False
630f537c-d33a-45cb-9b00-f0dcadb0cc38,3162,4456,155,184,29,False
630f537c-d33a-45cb-9b00-f0dcadb0cc38,3173,4444,155,184,29,False
630f537c-d33a-45cb-9b00-f0dcadb0cc38,3173,4443,156,185,29,False
630f537c-d33a-45cb-9b00-f0dcadb0cc38,3173,4442,157,186,29,False
630f537c-d33a-45cb-9b00-f0dcadb0cc38,3160,4453,158,187,29,False
630f537c-d33a-45cb-9b00-f0dcadb0cc38,3172,4441,158,187,29,False
630f537c-d33a-45cb-9b00-f0dcadb0cc38,3171,4440,159,188,29,False
630f537c-d33a-45cb-9b00-f0dcadb0cc38,3160,4452,159,188,29,False
630f537c-d33a-45cb-9b00-f0dcadb0cc38,3160,4451,160,189,29,False
630f537c-d33a-45cb-9b00-f0dcadb0cc38,3171,4439,160,189,29,False
630f537c-d33a-45cb-9b00-f0dcadb0cc38,3161,4452,161,190,29,False
630f537c-d33a-45cb-9b00-f0dcadb0cc38,3170,4438,161,190,29,False
630f537c-d33a-45cb-9b00-f0dcadb0cc38,3169,4438,162,191,29,False
74700b67-6c79-41d8-b441-c7d96629348a,3167,4443,19,32,13,False
74700b67-6c79-41d8-b441-c7d96629348a,3172,4445,19,34,15,False
74700b67-6c79-41d8-b441-c7d96629348a,3162,4454,19,34,15,False
74700b67-6c79-41d8-b441-c7d96629348a,3173,4444,19,49,30,False
74700b67-6c79-41d8-b441-c7d96629348a,3174,4447,19,49,30,False
74700b67-6c79-41d8-b441-c7d96629348a,3168,4448,49,62,13,False
74700b67-6c79-41d8-b441-c7d96629348a,3168,4449,49,62,13,False
74700b67-6c79-41d8-b441-c7d96629348a,3177,4442,49,66,17,False
74700b67-6c79-41d8-b441-c7d96629348a,3179,4444,49,89,40,False
74700b67-6c79-41d8-b441-c7d96629348a,3178,4442,49,89,40,False
74700b67-6c79-41d8-b441-c7d96629348a,3170,4447,89,102,13,False
74700b67-6c79-41d8-b441-c7d96629348a,3168,4448,89,102,13,False
74700b67-6c79-41d8-b441-c7d96629348a,3165,4450,89,102,13,False
74700b67-6c79-41d8-b441-c7d96629348a,3168,4447,89,102,13,False
74700b67-6c79-41d8-b441-c7d96629348a,3170,4443,89,103,14,False
74700b67-6c79-41d8-b441-c7d96629348a,3170,4447,103,132,29,False
74700b67-6c79-41d8-b441-c7d96629348a,3169,4447,105,134,29,False
74700b67-6c79-41d8-b441-c7d96629348a,3170,4448,106,135,29,False
74700b67-6c79-41d8-b441-c7d96629348a,3171,4448,107,136,29,False
74700b67-6c79-41d8-b441-c7d96629348a,3169,4446,109,138,29,False
74700b67-6c79-41d8-b441-c7d96629348a,3168,4446,110,139,29,False
74700b67-6c79-41d8-b441-c7d96629348a,3169,4445,111,140,29,False
74700b67-6c79-41d8-b441-c7d96629348a,3170,4445,112,141,29,False
74700b67-6c79-41d8-b441-c7d96629348a,3171,4444,113,142,29,False
74700b67-6c79-41d8-b441-c7d96629348a,3170,4444,114,143,29,False
7ca85464-b9da-470c-a984-82865ece18dc,3168,4443,29,42,13,False
7ca85464-b9da-470c-a984-82865ece18dc,3166,4452,29,43,14,False
7ca85464-b9da-470c-a984-82865ece18dc,3177,4447,29,46,17,False
7ca85464-b9da-470c-a984-82865ece18dc,3179,4449,29,47,18,False
7ca85464-b9da-470c-a984-82865ece18dc,3177,4445,29,76,47,False
7ca85464-b9da-470c-a984-82865ece18dc,3178,4446,49,78,29,False
7ca85464-b9da-470c-a984-82865ece18dc,3179,4446,50,79,29,False
7ca85464-b9da-470c-a984-82865ece18dc,3180,4446,51,80,29,False
7ca85464-b9da-470c-a984-82865ece18dc,3179,4445,52,81,29,False
7ca85464-b9da-470c-a984-82865ece18dc,3178,4444,53,82,29,False
7ca85464-b9da-470c-a984-82865ece18dc,3177,4443,54,83,29,False
7ca85464-b9da-470c-a984-82865ece18dc,3176,4443,55,84,29,False
7ca85464-b9da-470c-a984-82865ece18dc,3175,4443,56,85,29,False
7ca85464-b9da-470c-a984-82865ece18dc,3174,4443,57,86,29,False
7ca85464-b9da-470c-a984-82865ece18dc,3175,4444,58,87,29,False
7ca85464-b9da-470c-a984-82865ece18dc,3176,4445,59,88,29,False
7ca85464-b9da-470c-a984-82865ece18dc,3175,4446,60,89,29,False
7ca85464-b9da-470c-a984-82865ece18dc,3174,4447,61,90,29,False
7ca85464-b9da-470c-a984-82865ece18dc,3174,4448,62,91,29,False
7ca85464-b9da-470c-a984-82865ece18dc,3174,4449,63,92,29,False
7ca85464-b9da-470c-a984-82865ece18dc,3173,4450,64,93,29,False
7ca85464-b9da-470c-a984-82865ece18dc,3172,4451,65,94,29,False
7ca85464-b9da-470c-a984-82865ece18dc,3171,4452,66,95,29,False
7ca85464-b9da-470c-a984-82865ece18dc,3170,4453,67,96,29,False
7ca85464-b9da-470c-a984-82865ece18dc,3169,4454,68,97,29,False
7ca85464-b9da-470c-a984-82865ece18dc,3168,4454,69,98,29,False
7ca85464-b9da-470c-a984-82865ece18dc,3169,4455,70,99,29,False
7ca85464-b9da-470c-a984-82865ece18dc,3170,4455,71,100,29,False
7ca85464-b9da-470c-a984-82865ece18dc,3171,4455,72,101,29,False
7ca85464-b9da-470c-a984-82865ece18dc,3172,4454,73,102,29,False
7ca85464-b9da-470c-a984-82865ece18dc,3173,4453,74,103,29,False
7ca85464-b9da-470c-a984-82865ece18dc,3174,4452,75,104,29,False
7ca85464-b9da-470c-a984-82865ece18dc,3173,4451,76,105,29,False
7ca85464-b9da-470c-a984-82865ece18dc,3174,4450,77,106,29,False
7ca85464-b9da-470c-a984-82865ece18dc,3175,4449,78,107,29,False
7ca85464-b9da-470c-a984-82865ece18dc,3176,4448,79,108,29,False
7ca85464-b9da-470c-a984-82865ece18dc,3177,4449,80,109,29,False
7ca85464-b9da-470c-a984-82865ece18dc,3178,4450,81,110,29,False
7ca85464-b9da-470c-a984-82865ece18dc,3179,4450,82,111,29,False
7ca85464-b9da-470c-a984-82865ece18dc,3178,4451,83,112,29,False
7ca85464-b9da-470c-a984-82865ece18dc,3177,4451,84,113,29,False
7ca85464-b9da-470c-a984-82865ece18dc,3176,4451,85,114,29,False
7ca85464-b9da-470c-a984-82865ece18dc,3175,4452,86,115,29,False
7ca85464-b9da-470c-a984-82865ece18dc,3174,4453,87,116,29,False
7ca85464-b9da-470c-a984-82865ece18dc,3173,4454,88,117,29,False
7ca85464-b9da-470c-a984-82865ece18dc,3171,4454,90,119,29,False
7ca85464-b9da-470c-a984-82865ece18dc,3170,4454,91,120,29,False
7ca85464-b9da-470c-a984-82865ece18dc,3171,4453,92,121,29,False
7ca85464-b9da-470c-a984-82865ece18dc,3172,4453,93,122,29,False
7ca85464-b9da-470c-a984-82865ece18dc,3165,4450,109,122,13,False
7ca85464-b9da-470c-a984-82865ece18dc,3167,4441,109,123,14,False
7ca85464-b9da-470c-a984-82865ece18dc,3170,4443,109,123,14,False
7ca85464-b9da-470c-a984-82865ece18dc,3174,4455,95,124,29,False
7ca85464-b9da-470c-a984-82865ece18dc,3171,4445,109,124,15,False
7ca85464-b9da-470c-a984-82865ece18dc,3169,4441,109,124,15,False
7ca85464-b9da-470c-a984-82865ece18dc,3174,4456,96,125,29,False
7ca85464-b9da-470c-a984-82865ece18dc,3175,4457,97,126,29,False
7ca85464-b9da-470c-a984-82865ece18dc,3176,4457,98,127,29,False
7ca85464-b9da-470c-a984-82865ece18dc,3175,4458,99,128,29,False
7ca85464-b9da-470c-a984-82865ece18dc,3174,4458,100,129,29,False
7ca85464-b9da-470c-a984-82865ece18dc,3173,4458,101,130,29,False
7ca85464-b9da-470c-a984-82865ece18dc,3172,4457,102,131,29,False
7ca85464-b9da-470c-a984-82865ece18dc,3171,4456,103,132,29,False
7ca85464-b9da-470c-a984-82865ece18dc,3170,4456,104,133,29,False
7ca85464-b9da-470c-a984-82865ece18dc,3169,4455,105,134,29,False
7ca85464-b9da-470c-a984-82865ece18dc,3168,4454,106,135,29,False
7ca85464-b9da-470c-a984-82865ece18dc,3167,4453,107,136,29,False
7dd4a479-72ef-4813-a3af-c3e728595a0c,3170,4448,9,23,14,False
7dd4a479-72ef-4813-a3af-c3e728595a0c,3171,4448,9,23,14,False
7dd4a479-72ef-4813-a3af-c3e728595a0c,3172,4448,9,23,14,False
7dd4a479-72ef-4813-a3af-c3e728595a0c,3171,4446,9,23,14,False
7dd4a479-72ef-4813-a3af-c3e728595a0c,3172,4449,9,24,15,False
7dd4a479-72ef-4813-a3af-c3e728595a0c,3172,4440,9,24,15,False
7dd4a479-72ef-4813-a3af-c3e728595a0c,3174,4445,9,59,50,False
7dd4a479-72ef-4813-a3af-c3e728595a0c,3170,4448,59,73,14,False
7dd4a479-72ef-4813-a3af-c3e728595a0c,3172,4449,59,74,15,False
7dd4a479-72ef-4813-a3af-c3e728595a0c,3171,4437,59,75,16,False
7dd4a479-72ef-4813-a3af-c3e728595a0c,3177,4443,59,76,17,False
7dd4a479-72ef-4813-a3af-c3e728595a0c,3177,4445,59,77,18,False
7dd4a479-72ef-4813-a3af-c3e728595a0c,3175,4441,59,77,18,False
7dd4a479-72ef-4813-a3af-c3e728595a0c,3173,4453,59,103,44,False
7dd4a479-72ef-4813-a3af-c3e728595a0c,3172,4454,76,105,29,False
7dd4a479-72ef-4813-a3af-c3e728595a0c,3172,4455,77,106,29,False
7dd4a479-72ef-4813-a3af-c3e728595a0c,3173,4456,78,107,29,False
7dd4a479-72ef-4813-a3af-c3e728595a0c,3173,4457,79,108,29,False
7dd4a479-72ef-4813-a3af-c3e728595a0c,3173,4458,80,109,29,False
7dd4a479-72ef-4813-a3af-c3e728595a0c,3174,4458,81,110,29,False
7dd4a479-72ef-4813-a3af-c3e728595a0c,3175,4458,82,111,29,False
7dd4a479-72ef-4813-a3af-c3e728595a0c,3176,4457,83,112,29,False
7dd4a479-72ef-4813-a3af-c3e728595a0c,3176,4456,84,113,29,False
7dd4a479-72ef-4813-a3af-c3e728595a0c,3176,4455,85,114,29,False
7dd4a479-72ef-4813-a3af-c3e728595a0c,3177,4456,86,115,29,False
7dd4a479-72ef-4813-a3af-c3e728595a0c,3178,4457,87,116,29,False
7dd4a479-72ef-4813-a3af-c3e728595a0c,3179,4458,88,117,29,False
7dd4a479-72ef-4813-a3af-c3e728595a0c,3180,4457,89,118,29,False
7dd4a479-72ef-4813-a3af-c3e728595a0c,3180,4456,90,119,29,False
7dd4a479-72ef-4813-a3af-c3e728595a0c,3180,4455,91,120,29,False
7dd4a479-72ef-4813-a3af-c3e728595a0c,3180,4454,92,121,29,False
7dd4a479-72ef-4813-a3af-c3e728595a0c,3180,4453,93,122,29,False
7dd4a479-72ef-4813-a3af-c3e728595a0c,3169,4450,109,122,13,False
7dd4a479-72ef-4813-a3af-c3e728595a0c,3179,4453,94,123,29,False
7dd4a479-72ef-4813-a3af-c3e728595a0c,3169,4452,109,123,14,False
7dd4a479-72ef-4813-a3af-c3e728595a0c,3178,4453,95,124,29,False
7dd4a479-72ef-4813-a3af-c3e728595a0c,3178,4454,96,125,29,False
7dd4a479-72ef-4813-a3af-c3e728595a0c,3170,4438,109,125,16,False
7dd4a479-72ef-4813-a3af-c3e728595a0c,3178,4455,97,126,29,False
7dd4a479-72ef-4813-a3af-c3e728595a0c,3177,4445,109,126,17,False
7dd4a479-72ef-4813-a3af-c3e728595a0c,3178,4456,98,127,29,False
7dd4a479-72ef-4813-a3af-c3e728595a0c,3175,4447,109,127,18,False
7dd4a479-72ef-4813-a3af-c3e728595a0c,3177,4447,109,127,18,False
7dd4a479-72ef-4813-a3af-c3e728595a0c,3179,4456,99,128,29,False
7dd4a479-72ef-4813-a3af-c3e728595a0c,3179,4455,100,129,29,False
7dd4a479-72ef-4813-a3af-c3e728595a0c,3179,4454,101,130,29,False
7dd4a479-72ef-4813-a3af-c3e728595a0c,3179,4452,103,132,29,False
7dd4a479-72ef-4813-a3af-c3e728595a0c,3179,4451,104,133,29,False
7dd4a479-72ef-4813-a3af-c3e728595a0c,3178,4452,105,134,29,False
7dd4a479-72ef-4813-a3af-c3e728595a0c,3177,4453,106,135,29,False
7dd4a479-72ef-4813-a3af-c3e728595a0c,3177,4454,107,136,29,False
7dd4a479-72ef-4813-a3af-c3e728595a0c,3180,4452,110,139,29,False
7dd4a479-72ef-4813-a3af-c3e728595a0c,3178,4450,112,141,29,False
7dd4a479-72ef-4813-a3af-c3e728595a0c,3178,4449,113,142,29,False
7dd4a479-72ef-4813-a3af-c3e728595a0c,3177,4450,114,143,29,False
7dd4a479-72ef-4813-a3af-c3e728595a0c,3176,4451,115,144,29,False
7dd4a479-72ef-4813-a3af-c3e728595a0c,3175,4451,116,145,29,False
7dd4a479-72ef-4813-a3af-c3e728595a0c,3176,4452,117,146,29,False
7dd4a479-72ef-4813-a3af-c3e728595a0c,3177,4452,118,147,29,False
7dd4a479-72ef-4813-a3af-c3e728595a0c,3175,4452,120,149,29,False
7dd4a479-72ef-4813-a3af-c3e728595a0c,3175,4453,121,150,29,False
7dd4a479-72ef-4813-a3af-c3e728595a0c,3174,4452,122,151,29,False
7dd4a479-72ef-4813-a3af-c3e728595a0c,3173,4451,123,152,29,False
7dd4a479-72ef-4813-a3af-c3e728595a0c,3165,4450,139,152,13,False
7dd4a479-72ef-4813-a3af-c3e728595a0c,3168,4449,139,152,13,False
7dd4a479-72ef-4813-a3af-c3e728595a0c,3170,4454,109,153,44,False
7dd4a479-72ef-4813-a3af-c3e728595a0c,3171,4449,139,153,14,False
7dd4a479-72ef-4813-a3af-c3e728595a0c,3171,4453,126,155,29,False
7dd4a479-72ef-4813-a3af-c3e728595a0c,3176,4454,126,155,29,False
7dd4a479-72ef-4813-a3af-c3e728595a0c,3177,4455,127,156,29,False
7dd4a479-72ef-4813-a3af-c3e728595a0c,3172,4454,127,156,29,False
7dd4a479-72ef-4813-a3af-c3e728595a0c,3177,4446,139,156,17,False
7dd4a479-72ef-4813-a3af-c3e728595a0c,3176,4456,128,157,29,False
7dd4a479-72ef-4813-a3af-c3e728595a0c,3173,4455,128,157,29,False
7dd4a479-72ef-4813-a3af-c3e728595a0c,3175,4445,139,157,18,False
7dd4a479-72ef-4813-a3af-c3e728595a0c,3176,4448,139,157,18,False
7dd4a479-72ef-4813-a3af-c3e728595a0c,3175,4456,129,158,29,False
7dd4a479-72ef-4813-a3af-c3e728595a0c,3174,4454,129,158,29,False
7dd4a479-72ef-4813-a3af-c3e728595a0c,3175,4454,130,159,29,False
7dd4a479-72ef-4813-a3af-c3e728595a0c,3174,4456,130,159,29,False
7dd4a479-72ef-4813-a3af-c3e728595a0c,3174,4455,131,160,29,False
7dd4a479-72ef-4813-a3af-c3e728595a0c,3173,4456,131,160,29,False
7dd4a479-72ef-4813-a3af-c3e728595a0c,3172,4456,132,161,29,False
7dd4a479-72ef-4813-a3af-c3e728595a0c,3172,4455,133,162,29,False
7dd4a479-72ef-4813-a3af-c3e728595a0c,3171,4456,133,162,29,False
7dd4a479-72ef-4813-a3af-c3e728595a0c,3173,4454,135,164,29,False
7dd4a479-72ef-4813-a3af-c3e728595a0c,3170,4457,135,164,29,False
7dd4a479-72ef-4813-a3af-c3e728595a0c,3169,4457,136,165,29,False
7dd4a479-72ef-4813-a3af-c3e728595a0c,3172,4453,136,165,29,False
7dd4a479-72ef-4813-a3af-c3e728595a0c,3170,4458,137,166,29,False
7dd4a479-72ef-4813-a3af-c3e728595a0c,3171,4452,137,166,29,False
7dd4a479-72ef-4813-a3af-c3e728595a0c,3170,4452,138,167,29,False
7dd4a479-72ef-4813-a3af-c3e728595a0c,3169,4458,138,167,29,False
7dd4a479-72ef-4813-a3af-c3e728595a0c,3169,4453,139,168,29,False
7dd4a479-72ef-4813-a3af-c3e728595a0c,3168,4457,139,168,29,False
7dd4a479-72ef-4813-a3af-c3e728595a0c,3168,4453,140,169,29,False
7dd4a479-72ef-4813-a3af-c3e728595a0c,3168,4456,140,169,29,False
7dd4a479-72ef-4813-a3af-c3e728595a0c,3168,4455,141,170,29,False
7dd4a479-72ef-4813-a3af-c3e728595a0c,3167,4453,141,170,29,False
7dd4a479-72ef-4813-a3af-c3e728595a0c,3168,4452,142,171,29,False
7dd4a479-72ef-4813-a3af-c3e728595a0c,3168,4454,142,171,29,False
7dd4a479-72ef-4813-a3af-c3e728595a0c,3169,4452,143,172,29,False
7dd4a479-72ef-4813-a3af-c3e728595a0c,3169,4454,144,173,29,False
7dd4a479-72ef-4813-a3af-c3e728595a0c,3168,4451,144,173,29,False
7dd4a479-72ef-4813-a3af-c3e728595a0c,3169,4455,145,174,29,False
7dd4a479-72ef-4813-a3af-c3e728595a0c,3167,4451,145,174,29,False
7dd4a479-72ef-4813-a3af-c3e728595a0c,3166,4452,146,175,29,False
7dd4a479-72ef-4813-a3af-c3e728595a0c,3169,4456,146,175,29,False
7dd4a479-72ef-4813-a3af-c3e728595a0c,3166,4451,147,176,29,False
7dd4a479-72ef-4813-a3af-c3e728595a0c,3167,4450,148,177,29,False
7dd4a479-72ef-4813-a3af-c3e728595a0c,3167,4454,148,177,29,False
7dd4a479-72ef-4813-a3af-c3e728595a0c,3168,4450,149,178,29,False
7dd4a479-72ef-4813-a3af-c3e728595a0c,3166,4453,149,178,29,False
7dd4a479-72ef-4813-a3af-c3e728595a0c,3165,4454,150,179,29,False
7dd4a479-72ef-4813-a3af-c3e728595a0c,3164,4455,151,180,29,False
7dd4a479-72ef-4813-a3af-c3e728595a0c,3163,4455,152,181,29,False
7dd4a479-72ef-4813-a3af-c3e728595a0c,3165,4452,152,181,29,False
7dd4a479-72ef-4813-a3af-c3e728595a0c,3164,4441,139,182,43,False
7dd4a479-72ef-4813-a3af-c3e728595a0c,3162,4456,153,182,29,False
7dd4a479-72ef-4813-a3af-c3e728595a0c,3164,4452,153,182,29,False
7dd4a479-72ef-4813-a3af-c3e728595a0c,3162,4457,154,183,29,False
7dd4a479-72ef-4813-a3af-c3e728595a0c,3163,4452,154,183,29,False
7dd4a479-72ef-4813-a3af-c3e728595a0c,3162,4451,155,184,29,False
7dd4a479-72ef-4813-a3af-c3e728595a0c,3165,4440,155,184,29,False
7dd4a479-72ef-4813-a3af-c3e728595a0c,3162,4458,155,184,29,False
7dd4a479-72ef-4813-a3af-c3e728595a0c,3166,4439,156,185,29,False
7dd4a479-72ef-4813-a3af-c3e728595a0c,3162,4450,156,185,29,False
7dd4a479-72ef-4813-a3af-c3e728595a0c,3161,4457,156,185,29,False
7dd4a479-72ef-4813-a3af-c3e728595a0c,3167,4438,157,186,29,False
7dd4a479-72ef-4813-a3af-c3e728595a0c,3163,4450,157,186,29,False
99a19877-b298-4f81-920a-4dab071af96f,3165,4450,19,32,13,False
99a19877-b298-4f81-920a-4dab071af96f,3164,4443,19,32,13,False
99a19877-b298-4f81-920a-4dab071af96f,3168,4449,19,32,13,False
99a19877-b298-4f81-920a-4dab071af96f,3172,4448,19,34,15,False
99a19877-b298-4f81-920a-4dab071af96f,3177,4445,19,36,17,False
99a19877-b298-4f81-920a-4dab071af96f,3178,4447,19,59,40,False
99a19877-b298-4f81-920a-4dab071af96f,3176,4443,19,59,40,False
99a19877-b298-4f81-920a-4dab071af96f,3164,4450,59,72,13,False
99a19877-b298-4f81-920a-4dab071af96f,3168,4449,59,72,13,False
99a19877-b298-4f81-920a-4dab071af96f,3165,4439,59,74,15,False
99a19877-b298-4f81-920a-4dab071af96f,3177,4453,59,76,17,False
99a19877-b298-4f81-920a-4dab071af96f,3176,4454,59,77,18,False
99a19877-b298-4f81-920a-4dab071af96f,3179,4454,59,77,18,False
99a19877-b298-4f81-920a-4dab071af96f,3164,4450,89,102,13,False
99a19877-b298-4f81-920a-4dab071af96f,3168,4449,89,102,13,False
99a19877-b298-4f81-920a-4dab071af96f,3177,4441,59,105,46,False
99a19877-b298-4f81-920a-4dab071af96f,3177,4439,89,106,17,False
99a19877-b298-4f81-920a-4dab071af96f,3177,4451,89,106,17,False
99a19877-b298-4f81-920a-4dab071af96f,3177,4440,78,107,29,False
99a19877-b298-4f81-920a-4dab071af96f,3177,4450,89,107,18,False
99a19877-b298-4f81-920a-4dab071af96f,3175,4449,89,107,18,False
99a19877-b298-4f81-920a-4dab071af96f,3178,4441,79,108,29,False
99a19877-b298-4f81-920a-4dab071af96f,3178,4442,80,109,29,False
99a19877-b298-4f81-920a-4dab071af96f,3178,4443,81,110,29,False
99a19877-b298-4f81-920a-4dab071af96f,3177,4444,82,111,29,False
99a19877-b298-4f81-920a-4dab071af96f,3177,4445,83,112,29,False
99a19877-b298-4f81-920a-4dab071af96f,3177,4446,84,113,29,False
99a19877-b298-4f81-920a-4dab071af96f,3176,4445,85,114,29,False
99a19877-b298-4f81-920a-4dab071af96f,3175,4444,86,115,29,False
99a19877-b298-4f81-920a-4dab071af96f,3175,4443,87,116,29,False
99a19877-b298-4f81-920a-4dab071af96f,3174,4442,88,117,29,False
99a19877-b298-4f81-920a-4dab071af96f,3173,4442,89,118,29,False
99a19877-b298-4f81-920a-4dab071af96f,3172,4441,90,119,29,False
99a19877-b298-4f81-920a-4dab071af96f,3172,4440,91,120,29,False
99a19877-b298-4f81-920a-4dab071af96f,3172,4439,92,121,29,False
99a19877-b298-4f81-920a-4dab071af96f,3173,4440,93,122,29,False
99a19877-b298-4f81-920a-4dab071af96f,3174,4441,94,123,29,False
99a19877-b298-4f81-920a-4dab071af96f,3175,4442,95,124,29,False
99a19877-b298-4f81-920a-4dab071af96f,3176,4441,96,125,29,False
99a19877-b298-4f81-920a-4dab071af96f,3178,4439,98,127,29,False
99a19877-b298-4f81-920a-4dab071af96f,3177,4438,99,128,29,False
99a19877-b298-4f81-920a-4dab071af96f,3165,4443,89,129,40,False
99a19877-b298-4f81-920a-4dab071af96f,3176,4437,100,129,29,False
99a19877-b298-4f81-920a-4dab071af96f,3175,4436,101,129,28,False
99a19877-b298-4f81-920a-4dab071af96f,3176,4436,102,129,27,False
99a19877-b298-4f81-920a-4dab071af96f,3177,4436,103,129,26,False
99a19877-b298-4f81-920a-4dab071af96f,3166,4442,104,129,25,False
99a19877-b298-4f81-920a-4dab071af96f,3178,4437,104,129,25,False
99a19877-b298-4f81-920a-4dab071af96f,3167,4441,105,129,24,False
99a19877-b298-4f81-920a-4dab071af96f,3177,4437,105,129,24,False
99a19877-b298-4f81-920a-4dab071af96f,3178,4436,106,129,23,False
99a19877-b298-4f81-920a-4dab071af96f,3168,4440,106,129,23,False
99a19877-b298-4f81-920a-4dab071af96f,3179,4435,107,129,22,False
99a19877-b298-4f81-920a-4dab071af96f,3167,4439,107,129,22,False
99a19877-b298-4f81-920a-4dab071af96f,3180,4435,108,129,21,False
99a19877-b298-4f81-920a-4dab071af96f,3166,4439,108,129,21,False
99a19877-b298-4f81-920a-4dab071af96f,3179,4436,109,129,20,False
99a19877-b298-4f81-920a-4dab071af96f,3167,4440,109,129,20,False
99a19877-b298-4f81-920a-4dab071af96f,3178,4435,110,129,19,False
99a19877-b298-4f81-920a-4dab071af96f,3166,4441,110,129,19,False
99a19877-b298-4f81-920a-4dab071af96f,3165,4442,111,129,18,False
99a19877-b298-4f81-920a-4dab071af96f,3164,4442,112,129,17,False
99a19877-b298-4f81-920a-4dab071af96f,3178,4438,113,129,16,False
99a19877-b298-4f81-920a-4dab071af96f,3164,4441,113,129,16,False
99a19877-b298-4f81-920a-4dab071af96f,3164,4440,114,129,15,False
99a19877-b298-4f81-920a-4dab071af96f,3163,4439,115,129,14,False
99a19877-b298-4f81-920a-4dab071af96f,3175,4437,116,129,13,False
99a19877-b298-4f81-920a-4dab071af96f,3163,4438,116,129,13,False
99a19877-b298-4f81-920a-4dab071af96f,3163,4437,117,129,12,False
99a19877-b298-4f81-920a-4dab071af96f,3174,4437,117,129,12,False
99a19877-b298-4f81-920a-4dab071af96f,3164,4436,118,129,11,False
99a19877-b298-4f81-920a-4dab071af96f,3173,4437,118,129,11,False
99a19877-b298-4f81-920a-4dab071af96f,3172,4437,119,129,10,False
99a19877-b298-4f81-920a-4dab071af96f,3164,4435,119,129,10,False
99a19877-b298-4f81-920a-4dab071af96f,3171,4437,120,129,9,False
99a19877-b298-4f81-920a-4dab071af96f,3165,4436,120,129,9,False
99a19877-b298-4f81-920a-4dab071af96f,3166,4436,121,129,8,False
99a19877-b298-4f81-920a-4dab071af96f,3172,4436,121,129,8,False
99a19877-b298-4f81-920a-4dab071af96f,3173,4435,122,129,7,False
99a19877-b298-4f81-920a-4dab071af96f,3167,4436,122,129,7,False
99a19877-b298-4f81-920a-4dab071af96f,3172,4435,123,129,6,False
99a19877-b298-4f81-920a-4dab071af96f,3168,4437,123,129,6,False
99a19877-b298-4f81-920a-4dab071af96f,3169,4438,124,129,5,False
99a19877-b298-4f81-920a-4dab071af96f,3171,4435,124,129,5,False
99a19877-b298-4f81-920a-4dab071af96f,3170,4438,125,129,4,False
99a19877-b298-4f81-920a-4dab071af96f,3170,4435,125,129,4,False
99a19877-b298-4f81-920a-4dab071af96f,3169,4435,126,129,3,False
99a19877-b298-4f81-920a-4dab071af96f,3169,4437,126,129,3,False
99a19877-b298-4f81-920a-4dab071af96f,3168,4436,127,129,2,False
99a19877-b298-4f81-920a-4dab071af96f,3170,4436,127,129,2,False
99a19877-b298-4f81-920a-4dab071af96f,3171,4436,128,129,1,False
9b6110bc-8dfa-4182-a8c1-02eccc1270b1,3165,4451,19,32,13,False
9b6110bc-8dfa-4182-a8c1-02eccc1270b1,3177,4444,19,36,17,False
9b6110bc-8dfa-4182-a8c1-02eccc1270b1,3175,4446,19,37,18,False
9b6110bc-8dfa-4182-a8c1-02eccc1270b1,3176,4444,19,37,18,False
9b6110bc-8dfa-4182-a8c1-02eccc1270b1,3167,4450,19,61,42,False
9b6110bc-8dfa-4182-a8c1-02eccc1270b1,3169,4450,49,62,13,False
9b6110bc-8dfa-4182-a8c1-02eccc1270b1,3166,4451,34,63,29,False
9b6110bc-8dfa-4182-a8c1-02eccc1270b1,3170,4442,49,63,14,False
9b6110bc-8dfa-4182-a8c1-02eccc1270b1,3165,4451,35,64,29,False
9b6110bc-8dfa-4182-a8c1-02eccc1270b1,3172,4449,49,64,15,False
9b6110bc-8dfa-4182-a8c1-02eccc1270b1,3166,4452,36,65,29,False
9b6110bc-8dfa-4182-a8c1-02eccc1270b1,3167,4451,37,66,29,False
9b6110bc-8dfa-4182-a8c1-02eccc1270b1,3168,4451,38,67,29,False
9b6110bc-8dfa-4182-a8c1-02eccc1270b1,3169,4451,39,68,29,False
9b6110bc-8dfa-4182-a8c1-02eccc1270b1,3170,4450,40,69,29,False
9b6110bc-8dfa-4182-a8c1-02eccc1270b1,3171,4450,41,70,29,False
9b6110bc-8dfa-4182-a8c1-02eccc1270b1,3170,4449,42,71,29,False
9b6110bc-8dfa-4182-a8c1-02eccc1270b1,3170,4448,43,72,29,False
9b6110bc-8dfa-4182-a8c1-02eccc1270b1,3169,4449,44,73,29,False
9b6110bc-8dfa-4182-a8c1-02eccc1270b1,3168,4450,45,105,60,False
9b6110bc-8dfa-4182-a8c1-02eccc1270b1,3169,4451,81,110,29,False
9b6110bc-8dfa-4182-a8c1-02eccc1270b1,3169,4452,82,111,29,False
9b6110bc-8dfa-4182-a8c1-02eccc1270b1,3170,4452,83,112,29,False
9b6110bc-8dfa-4182-a8c1-02eccc1270b1,3169,4450,99,112,13,False
9b6110bc-8dfa-4182-a8c1-02eccc1270b1,3171,4452,84,113,29,False
9b6110bc-8dfa-4182-a8c1-02eccc1270b1,3171,4445,99,113,14,False
9b6110bc-8dfa-4182-a8c1-02eccc1270b1,3167,4452,99,113,14,False
9b6110bc-8dfa-4182-a8c1-02eccc1270b1,3170,4448,99,113,14,False
9b6110bc-8dfa-4182-a8c1-02eccc1270b1,3167,4451,99,113,14,False
9b6110bc-8dfa-4182-a8c1-02eccc1270b1,3170,4453,85,114,29,False
9b6110bc-8dfa-4182-a8c1-02eccc1270b1,3169,4454,86,115,29,False
9b6110bc-8dfa-4182-a8c1-02eccc1270b1,3168,4454,87,116,29,False
9b6110bc-8dfa-4182-a8c1-02eccc1270b1,3168,4453,88,117,29,False
9b6110bc-8dfa-4182-a8c1-02eccc1270b1,3168,4452,89,118,29,False
9b6110bc-8dfa-4182-a8c1-02eccc1270b1,3169,4453,90,119,29,False
9b6110bc-8dfa-4182-a8c1-02eccc1270b1,3170,4454,91,120,29,False
9b6110bc-8dfa-4182-a8c1-02eccc1270b1,3171,4454,92,121,29,False
9b6110bc-8dfa-4182-a8c1-02eccc1270b1,3170,4455,93,122,29,False
9b6110bc-8dfa-4182-a8c1-02eccc1270b1,3172,4453,95,124,29,False
9b6110bc-8dfa-4182-a8c1-02eccc1270b1,3173,4453,96,125,29,False
9b6110bc-8dfa-4182-a8c1-02eccc1270b1,3174,4452,97,126,29,False
9b6110bc-8dfa-4182-a8c1-02eccc1270b1,3175,4451,98,127,29,False
9b6110bc-8dfa-4182-a8c1-02eccc1270b1,3176,4451,99,128,29,False
9b6110bc-8dfa-4182-a8c1-02eccc1270b1,3176,4452,100,129,29,False
9b6110bc-8dfa-4182-a8c1-02eccc1270b1,3176,4453,101,130,29,False
9b6110bc-8dfa-4182-a8c1-02eccc1270b1,3176,4454,102,131,29,False
9b6110bc-8dfa-4182-a8c1-02eccc1270b1,3177,4454,103,132,29,False
9b6110bc-8dfa-4182-a8c1-02eccc1270b1,3175,4453,105,134,29,False
9b6110bc-8dfa-4182-a8c1-02eccc1270b1,3174,4453,106,135,29,False
9b6110bc-8dfa-4182-a8c1-02eccc1270b1,3174,4454,107,136,29,False
9b6110bc-8dfa-4182-a8c1-02eccc1270b1,3174,4455,108,137,29,False
9b6110bc-8dfa-4182-a8c1-02eccc1270b1,3175,4456,109,138,29,False
9b6110bc-8dfa-4182-a8c1-02eccc1270b1,3176,4457,110,139,29,False
9b6110bc-8dfa-4182-a8c1-02eccc1270b1,3177,4458,111,140,29,False
9b6110bc-8dfa-4182-a8c1-02eccc1270b1,3178,4457,112,141,29,False
9b6110bc-8dfa-4182-a8c1-02eccc1270b1,3179,4456,113,142,29,False
9b6110bc-8dfa-4182-a8c1-02eccc1270b1,3179,4455,114,143,29,False
9b6110bc-8dfa-4182-a8c1-02eccc1270b1,3179,4457,116,145,29,False
9b6110bc-8dfa-4182-a8c1-02eccc1270b1,3179,4458,117,146,29,False
9b6110bc-8dfa-4182-a8c1-02eccc1270b1,3178,4456,119,148,29,False
9b6110bc-8dfa-4182-a8c1-02eccc1270b1,3178,4455,120,149,29,False
9b6110bc-8dfa-4182-a8c1-02eccc1270b1,3177,4455,121,150,29,False
9b6110bc-8dfa-4182-a8c1-02eccc1270b1,3176,4455,122,151,29,False
9b6110bc-8dfa-4182-a8c1-02eccc1270b1,3174,4457,124,153,29,False
9b6110bc-8dfa-4182-a8c1-02eccc1270b1,3168,4452,139,153,14,False
9b6110bc-8dfa-4182-a8c1-02eccc1270b1,3168,4451,139,153,14,False
9b6110bc-8dfa-4182-a8c1-02eccc1270b1,3169,4452,139,153,14,False
9b6110bc-8dfa-4182-a8c1-02eccc1270b1,3174,4458,125,154,29,False
9b6110bc-8dfa-4182-a8c1-02eccc1270b1,3173,4445,139,154,15,False
9b6110bc-8dfa-4182-a8c1-02eccc1270b1,3173,4451,139,154,15,False
9b6110bc-8dfa-4182-a8c1-02eccc1270b1,3173,4457,126,155,29,False
9b6110bc-8dfa-4182-a8c1-02eccc1270b1,3173,4458,127,156,29,False
9b6110bc-8dfa-4182-a8c1-02eccc1270b1,3172,4457,128,157,29,False
9b6110bc-8dfa-4182-a8c1-02eccc1270b1,3171,4456,129,158,29,False
9b6110bc-8dfa-4182-a8c1-02eccc1270b1,3170,4455,130,159,29,False
9b6110bc-8dfa-4182-a8c1-02eccc1270b1,3171,4454,131,160,29,False
9b6110bc-8dfa-4182-a8c1-02eccc1270b1,3172,4453,132,161,29,False
9b6110bc-8dfa-4182-a8c1-02eccc1270b1,3173,4452,133,162,29,False
9b6110bc-8dfa-4182-a8c1-02eccc1270b1,3174,4451,134,163,29,False
9b6110bc-8dfa-4182-a8c1-02eccc1270b1,3173,4450,135,164,29,False
9b6110bc-8dfa-4182-a8c1-02eccc1270b1,3172,4449,136,165,29,False
9b6110bc-8dfa-4182-a8c1-02eccc1270b1,3171,4448,137,166,29,False
9b6110bc-8dfa-4182-a8c1-02eccc1270b1,3172,4447,138,167,29,False
9b6110bc-8dfa-4182-a8c1-02eccc1270b1,3173,4446,139,168,29,False
9b6110bc-8dfa-4182-a8c1-02eccc1270b1,3174,4445,140,169,29,False
9b6110bc-8dfa-4182-a8c1-02eccc1270b1,3175,4444,141,170,29,False
9b6110bc-8dfa-4182-a8c1-02eccc1270b1,3175,4443,142,171,29,False
9b6110bc-8dfa-4182-a8c1-02eccc1270b1,3175,4445,144,173,29,True
9b6110bc-8dfa-4182-a8c1-02eccc1270b1,3175,4446,145,173,28,True
9b6110bc-8dfa-4182-a8c1-02eccc1270b1,3174,4446,146,173,27,True
9b6110bc-8dfa-4182-a8c1-02eccc1270b1,3172,4446,148,173,25,True
9b6110bc-8dfa-4182-a8c1-02eccc1270b1,3171,4445,149,173,24,True
a2968a27-1164-47cb-be4a-c5903764b9c9,3161,4446,19,32,13,False
a2968a27-1164-47cb-be4a-c5903764b9c9,3162,4455,19,34,15,False
a2968a27-1164-47cb-be4a-c5903764b9c9,3162,4453,19,49,30,False
a2968a27-1164-47cb-be4a-c5903764b9c9,3161,4455,19,49,30,False
a2968a27-1164-47cb-be4a-c5903764b9c9,3170,4447,49,63,14,False
a2968a27-1164-47cb-be4a-c5903764b9c9,3172,4450,49,64,15,False
a2968a27-1164-47cb-be4a-c5903764b9c9,3170,4450,49,79,30,False
a2968a27-1164-47cb-be4a-c5903764b9c9,3173,4450,49,79,30,False
c695912b-8120-4096-96e5-4c57bc61e152,3166,4450,29,42,13,False
c695912b-8120-4096-96e5-4c57bc61e152,3164,4443,29,42,13,False
c695912b-8120-4096-96e5-4c57bc61e152,3166,4451,29,42,13,False
c695912b-8120-4096-96e5-4c57bc61e152,3173,4453,29,44,15,False
c695912b-8120-4096-96e5-4c57bc61e152,3177,4443,29,46,17,False
c695912b-8120-4096-96e5-4c57bc61e152,3177,4441,29,79,50,False
c695912b-8120-4096-96e5-4c57bc61e152,3175,4444,29,79,50,False
c695912b-8120-4096-96e5-4c57bc61e152,3166,4450,79,92,13,False
c695912b-8120-4096-96e5-4c57bc61e152,3169,4447,79,92,13,False
c695912b-8120-4096-96e5-4c57bc61e152,3170,4440,79,94,15,False
c695912b-8120-4096-96e5-4c57bc61e152,3172,4446,79,94,15,False
c695912b-8120-4096-96e5-4c57bc61e152,3178,4443,79,119,40,False
c695912b-8120-4096-96e5-4c57bc61e152,3179,4444,79,119,40,False
c695912b-8120-4096-96e5-4c57bc61e152,3177,4442,79,119,40,False
c695912b-8120-4096-96e5-4c57bc61e152,3166,4450,119,132,13,False
c695912b-8120-4096-96e5-4c57bc61e152,3163,4443,119,132,13,False
c695912b-8120-4096-96e5-4c57bc61e152,3168,4449,119,132,13,False
c695912b-8120-4096-96e5-4c57bc61e152,3171,4448,119,133,14,True
d5ef6c12-42cf-428c-9580-14abe398b3a8,3167,4450,70,83,13,False
d5ef6c12-42cf-428c-9580-14abe398b3a8,3168,4449,70,83,13,False
d5ef6c12-42cf-428c-9580-14abe398b3a8,3176,4447,70,100,30,False
d5ef6c12-42cf-428c-9580-14abe398b3a8,3174,4447,70,100,30,False
d5ef6c12-42cf-428c-9580-14abe398b3a8,3178,4446,70,100,30,False
d5ef6c12-42cf-428c-9580-14abe398b3a8,3168,4448,100,113,13,False
d5ef6c12-42cf-428c-9580-14abe398b3a8,3167,4450,100,113,13,False
d5ef6c12-42cf-428c-9580-14abe398b3a8,3168,4450,100,114,14,False
d5ef6c12-42cf-428c-9580-14abe398b3a8,3175,4447,100,130,30,False
d5ef6c12-42cf-428c-9580-14abe398b3a8,3168,4445,130,143,13,False
d5ef6c12-42cf-428c-9580-14abe398b3a8,3165,4452,130,144,14,False
d5ef6c12-42cf-428c-9580-14abe398b3a8,3171,4446,130,144,14,False
ec129d16-ceaf-4a33-bb6e-fee4060c2607,3162,4443,49,62,13,False
ec129d16-ceaf-4a33-bb6e-fee4060c2607,3160,4441,49,79,30,False
ec129d16-ceaf-4a33-bb6e-fee4060c2607,3161,4442,49,79,30,False
ec129d16-ceaf-4a33-bb6e-fee4060c2607,3166,4443,79,92,13,False
ec129d16-ceaf-4a33-bb6e-fee4060c2607,3165,4441,79,149,70,False
ec129d16-ceaf-4a33-bb6e-fee4060c2607,3168,4442,79,149,70,False
ec129d16-ceaf-4a33-bb6e-fee4060c2607,3164,4451,149,179,30,False
ec129d16-ceaf-4a33-bb6e-fee4060c2607,3163,4450,149,179,30,False
ec129d16-ceaf-4a33-bb6e-fee4060c2607,3166,4443,179,192,13,False
ec129d16-ceaf-4a33-bb6e-fee4060c2607,3164,4441,179,239,60,False
ec129d16-ceaf-4a33-bb6e-fee4060c2607,3165,4443,179,252,73,False
ec129d16-ceaf-4a33-bb6e-fee4060c2607,3165,4442,239,279,40,False
ec129d16-ceaf-4a33-bb6e-fee4060c2607,3164,4442,239,279,40,False
ec129d16-ceaf-4a33-bb6e-fee4060c2607,3171,4446,279,293,14,False
ec129d16-ceaf-4a33-bb6e-fee4060c2607,3169,4445,279,309,30,False
ec129d16-ceaf-4a33-bb6e-fee4060c2607,3173,4445,279,309,30,False
ec129d16-ceaf-4a33-bb6e-fee4060c2607,3169,4450,309,323,14,False
ec129d16-ceaf-4a33-bb6e-fee4060c2607,3167,4450,309,323,14,False
ec129d16-ceaf-4a33-bb6e-fee4060c2607,3167,4451,309,352,43,False
ec129d16-ceaf-4a33-bb6e-fee4060c2607,3164,4443,339,352,13,False
ec129d16-ceaf-4a33-bb6e-fee4060c2607,3163,4443,339,353,14,False
ec129d16-ceaf-4a33-bb6e-fee4060c2607,3163,4442,339,353,14,False
ec129d16-ceaf-4a33-bb6e-fee4060c2607,3168,4450,325,354,29,False
ec129d16-ceaf-4a33-bb6e-fee4060c2607,3169,4449,326,355,29,False
ec129d16-ceaf-4a33-bb6e-fee4060c2607,3170,4450,327,356,29,False
ec129d16-ceaf-4a33-bb6e-fee4060c2607,3171,4451,328,357,29,False
ec129d16-ceaf-4a33-bb6e-fee4060c2607,3171,4452,329,358,29,False
ec129d16-ceaf-4a33-bb6e-fee4060c2607,3172,4453,330,359,29,False
ec129d16-ceaf-4a33-bb6e-fee4060c2607,3173,4454,331,360,29,False
ec129d16-ceaf-4a33-bb6e-fee4060c2607,3173,4455,332,361,29,False
ec129d16-ceaf-4a33-bb6e-fee4060c2607,3172,4456,333,362,29,False
ec129d16-ceaf-4a33-bb6e-fee4060c2607,3172,4457,334,363,29,False
ec129d16-ceaf-4a33-bb6e-fee4060c2607,3172,4458,335,364,29,False
ec129d16-ceaf-4a33-bb6e-fee4060c2607,3171,4457,336,365,29,False
ec129d16-ceaf-4a33-bb6e-fee4060c2607,3170,4458,337,366,29,False
ec129d16-ceaf-4a33-bb6e-fee4060c2607,3169,4457,338,367,29,False
ec129d16-ceaf-4a33-bb6e-fee4060c2607,3168,4456,339,368,29,False
ec129d16-ceaf-4a33-bb6e-fee4060c2607,3168,4455,340,369,29,False
ec129d16-ceaf-4a33-bb6e-fee4060c2607,3168,4457,342,371,29,False
ec129d16-ceaf-4a33-bb6e-fee4060c2607,3167,4457,343,372,29,False
ec129d16-ceaf-4a33-bb6e-fee4060c2607,3168,4458,344,373,29,False
ec129d16-ceaf-4a33-bb6e-fee4060c2607,3170,4456,346,375,29,False
ec129d16-ceaf-4a33-bb6e-fee4060c2607,3170,4455,347,376,29,False
ec129d16-ceaf-4a33-bb6e-fee4060c2607,3169,4456,348,377,29,False
ec129d16-ceaf-4a33-bb6e-fee4060c2607,3169,4458,350,379,29,False
ec129d16-ceaf-4a33-bb6e-fee4060c2607,3170,4457,351,380,29,False
eee9a190-f2af-4354-bf84-1e2990e77891,3168,4446,19,32,13,False
eee9a190-f2af-4354-bf84-1e2990e77891,3168,4448,19,32,13,False
eee9a190-f2af-4354-bf84-1e2990e77891,3169,4447,19,32,13,False
eee9a190-f2af-4354-bf84-1e2990e77891,3163,4450,19,32,13,False
eee9a190-f2af-4354-bf84-1e2990e77891,3167,4443,19,32,13,False
eee9a190-f2af-4354-bf84-1e2990e77891,3174,4445,19,35,16,False
eee9a190-f2af-4354-bf84-1e2990e77891,3169,4447,33,62,29,False
eee9a190-f2af-4354-bf84-1e2990e77891,3168,4446,35,64,29,False
eee9a190-f2af-4354-bf84-1e2990e77891,3168,4445,36,65,29,False
eee9a190-f2af-4354-bf84-1e2990e77891,3168,4444,37,66,29,False
eee9a190-f2af-4354-bf84-1e2990e77891,3169,4443,38,67,29,False
eee9a190-f2af-4354-bf84-1e2990e77891,3169,4442,39,68,29,False
eee9a190-f2af-4354-bf84-1e2990e77891,3170,4443,40,69,29,False
eee9a190-f2af-4354-bf84-1e2990e77891,3171,4443,41,70,29,False
eee9a190-f2af-4354-bf84-1e2990e77891,3172,4442,42,71,29,False
eee9a190-f2af-4354-bf84-1e2990e77891,3173,4441,43,72,29,False
eee9a190-f2af-4354-bf84-1e2990e77891,3174,4440,44,73,29,False
eee9a190-f2af-4354-bf84-1e2990e77891,3175,4439,45,74,29,False
eee9a190-f2af-4354-bf84-1e2990e77891,3176,4438,46,75,29,False
eee9a190-f2af-4354-bf84-1e2990e77891,3176,4437,47,76,29,False
eee9a190-f2af-4354-bf84-1e2990e77891,3175,4436,48,77,29,False
eee9a190-f2af-4354-bf84-1e2990e77891,3174,4435,49,78,29,False
eee9a190-f2af-4354-bf84-1e2990e77891,3173,4435,50,79,29,False
eee9a190-f2af-4354-bf84-1e2990e77891,3173,4436,51,80,29,False
eee9a190-f2af-4354-bf84-1e2990e77891,3173,4437,52,81,29,False
eee9a190-f2af-4354-bf84-1e2990e77891,3173,4438,53,82,29,False
eee9a190-f2af-4354-bf84-1e2990e77891,3173,4439,54,83,29,False
eee9a190-f2af-4354-bf84-1e2990e77891,3173,4440,55,84,29,False
eee9a190-f2af-4354-bf84-1e2990e77891,3174,4441,56,85,29,False
eee9a190-f2af-4354-bf84-1e2990e77891,3175,4442,57,86,29,False
eee9a190-f2af-4354-bf84-1e2990e77891,3176,4442,58,87,29,False
eee9a190-f2af-4354-bf84-1e2990e77891,3177,4443,59,88,29,False
eee9a190-f2af-4354-bf84-1e2990e77891,3178,4444,60,89,29,False
eee9a190-f2af-4354-bf84-1e2990e77891,3179,4444,61,90,29,False
eee9a190-f2af-4354-bf84-1e2990e77891,3178,4443,62,91,29,False
eee9a190-f2af-4354-bf84-1e2990e77891,3177,4442,63,92,29,False
eee9a190-f2af-4354-bf84-1e2990e77891,3176,4443,64,93,29,False
eee9a190-f2af-4354-bf84-1e2990e77891,3175,4444,65,94,29,False
eee9a190-f2af-4354-bf84-1e2990e77891,3174,4445,66,95,29,False
eee9a190-f2af-4354-bf84-1e2990e77891,3175,4446,67,96,29,False
eee9a190-f2af-4354-bf84-1e2990e77891,3176,4447,68,97,29,False
eee9a190-f2af-4354-bf84-1e2990e77891,3175,4448,69,98,29,False
eee9a190-f2af-4354-bf84-1e2990e77891,3177,4446,71,100,29,False
eee9a190-f2af-4354-bf84-1e2990e77891,3178,4445,72,101,29,False
eee9a190-f2af-4354-bf84-1e2990e77891,3178,4446,73,102,29,False
eee9a190-f2af-4354-bf84-1e2990e77891,3169,4449,89,102,13,False
eee9a190-f2af-4354-bf84-1e2990e77891,3170,4447,89,102,13,False
eee9a190-f2af-4354-bf84-1e2990e77891,3168,4449,89,102,13,False
eee9a190-f2af-4354-bf84-1e2990e77891,3178,4447,74,103,29,False
eee9a190-f2af-4354-bf84-1e2990e77891,3178,4448,75,104,29,False
eee9a190-f2af-4354-bf84-1e2990e77891,3172,4439,89,104,15,False
eee9a190-f2af-4354-bf84-1e2990e77891,3173,4452,89,104,15,False
eee9a190-f2af-4354-bf84-1e2990e77891,3179,4447,76,105,29,False
eee9a190-f2af-4354-bf84-1e2990e77891,3180,4446,77,106,29,False
eee9a190-f2af-4354-bf84-1e2990e77891,3180,4445,78,107,29,False
eee9a190-f2af-4354-bf84-1e2990e77891,3180,4444,79,108,29,False
eee9a190-f2af-4354-bf84-1e2990e77891,3180,4443,80,109,29,False
eee9a190-f2af-4354-bf84-1e2990e77891,3180,4442,81,110,29,False
eee9a190-f2af-4354-bf84-1e2990e77891,3179,4443,82,111,29,False
eee9a190-f2af-4354-bf84-1e2990e77891,3180,4441,84,113,29,False
eee9a190-f2af-4354-bf84-1e2990e77891,3180,4440,85,114,29,False
eee9a190-f2af-4354-bf84-1e2990e77891,3179,4439,86,115,29,False
eee9a190-f2af-4354-bf84-1e2990e77891,3179,4438,87,116,29,False
eee9a190-f2af-4354-bf84-1e2990e77891,3179,4437,88,117,29,False
eee9a190-f2af-4354-bf84-1e2990e77891,3178,4437,89,118,29,False
eee9a190-f2af-4354-bf84-1e2990e77891,3177,4438,90,119,29,False
eee9a190-f2af-4354-bf84-1e2990e77891,3176,4438,91,120,29,False
eee9a190-f2af-4354-bf84-1e2990e77891,3175,4438,92,121,29,False
eee9a190-f2af-4354-bf84-1e2990e77891,3174,4439,93,122,29,False
eee9a190-f2af-4354-bf84-1e2990e77891,3173,4438,94,123,29,False
eee9a190-f2af-4354-bf84-1e2990e77891,3172,4437,95,124,29,False
eee9a190-f2af-4354-bf84-1e2990e77891,3171,4436,96,125,29,False
eee9a190-f2af-4354-bf84-1e2990e77891,3170,4435,97,126,29,False
eee9a190-f2af-4354-bf84-1e2990e77891,3172,4436,99,128,29,False
eee9a190-f2af-4354-bf84-1e2990e77891,3173,4436,100,129,29,False
eee9a190-f2af-4354-bf84-1e2990e77891,3174,4435,101,130,29,False
f0ac6d63-deeb-4637-8d5d-0076cb0a2094,3161,4448,39,52,13,False
f0ac6d63-deeb-4637-8d5d-0076cb0a2094,3160,4446,39,53,14,False
f0ac6d63-deeb-4637-8d5d-0076cb0a2094,3160,4449,39,82,43,False
f0ac6d63-deeb-4637-8d5d-0076cb0a2094,3161,4450,55,84,29,False
f0ac6d63-deeb-4637-8d5d-0076cb0a2094,3162,4451,56,85,29,False
f0ac6d63-deeb-4637-8d5d-0076cb0a2094,3162,4452,57,86,29,False
f0ac6d63-deeb-4637-8d5d-0076cb0a2094,3163,4451,58,87,29,False
f0ac6d63-deeb-4637-8d5d-0076cb0a2094,3163,4450,59,88,29,False
f0ac6d63-deeb-4637-8d5d-0076cb0a2094,3164,4451,60,89,29,False
f0ac6d63-deeb-4637-8d5d-0076cb0a2094,3165,4452,61,90,29,False
f0ac6d63-deeb-4637-8d5d-0076cb0a2094,3166,4452,62,91,29,False
f0ac6d63-deeb-4637-8d5d-0076cb0a2094,3167,4451,63,92,29,False
f0ac6d63-deeb-4637-8d5d-0076cb0a2094,3164,4443,79,92,13,False
f0ac6d63-deeb-4637-8d5d-0076cb0a2094,3168,4451,64,93,29,False
f0ac6d63-deeb-4637-8d5d-0076cb0a2094,3165,4443,79,93,14,False
f0ac6d63-deeb-4637-8d5d-0076cb0a2094,3163,4441,79,93,14,False
f0ac6d63-deeb-4637-8d5d-0076cb0a2094,3169,4451,65,94,29,False
f0ac6d63-deeb-4637-8d5d-0076cb0a2094,3168,4452,66,95,29,False
f0ac6d63-deeb-4637-8d5d-0076cb0a2094,3167,4452,67,96,29,False
f0ac6d63-deeb-4637-8d5d-0076cb0a2094,3168,4453,68,97,29,False
f0ac6d63-deeb-4637-8d5d-0076cb0a2094,3167,4450,71,100,29,False
f0ac6d63-deeb-4637-8d5d-0076cb0a2094,3169,4452,73,102,29,False
f0ac6d63-deeb-4637-8d5d-0076cb0a2094,3169,4453,74,103,29,False
f0ac6d63-deeb-4637-8d5d-0076cb0a2094,3169,4454,75,104,29,False
f0ac6d63-deeb-4637-8d5d-0076cb0a2094,3169,4455,76,105,29,False
f0ac6d63-deeb-4637-8d5d-0076cb0a2094,3170,4454,77,106,29,False
f0ac6d63-deeb-4637-8d5d-0076cb0a2094,3171,4453,78,107,29,False
f0ac6d63-deeb-4637-8d5d-0076cb0a2094,3171,4452,79,108,29,False
f0ac6d63-deeb-4637-8d5d-0076cb0a2094,3172,4451,80,109,29,False
f0ac6d63-deeb-4637-8d5d-0076cb0a2094,3173,4451,81,110,29,False
f0ac6d63-deeb-4637-8d5d-0076cb0a2094,3174,4450,82,111,29,False
f0ac6d63-deeb-4637-8d5d-0076cb0a2094,3174,4449,83,112,29,False
f0ac6d63-deeb-4637-8d5d-0076cb0a2094,3173,4448,84,113,29,False
f0ac6d63-deeb-4637-8d5d-0076cb0a2094,3172,4447,85,114,29,False
f0ac6d63-deeb-4637-8d5d-0076cb0a2094,3171,4447,86,115,29,False
f0ac6d63-deeb-4637-8d5d-0076cb0a2094,3171,4448,87,116,29,False
f0ac6d63-deeb-4637-8d5d-0076cb0a2094,3171,4449,88,117,29,False
f0ac6d63-deeb-4637-8d5d-0076cb0a2094,3170,4448,89,118,29,False
f0ac6d63-deeb-4637-8d5d-0076cb0a2094,3169,4447,90,119,29,False
f0ac6d63-deeb-4637-8d5d-0076cb0a2094,3168,4446,91,120,29,False
f0ac6d63-deeb-4637-8d5d-0076cb0a2094,3169,4445,92,121,29,False
f0ac6d63-deeb-4637-8d5d-0076cb0a2094,3170,4444,93,122,29,False
f0ac6d63-deeb-4637-8d5d-0076cb0a2094,3169,4449,109,122,13,False
f0ac6d63-deeb-4637-8d5d-0076cb0a2094,3168,4449,109,122,13,False
f0ac6d63-deeb-4637-8d5d-0076cb0a2094,3170,4443,94,123,29,False
f0ac6d63-deeb-4637-8d5d-0076cb0a2094,3171,4442,95,124,29,False
f0ac6d63-deeb-4637-8d5d-0076cb0a2094,3172,4442,96,125,29,False
f0ac6d63-deeb-4637-8d5d-0076cb0a2094,3173,4443,97,126,29,False
f0ac6d63-deeb-4637-8d5d-0076cb0a2094,3174,4444,98,127,29,False
f0ac6d63-deeb-4637-8d5d-0076cb0a2094,3174,4445,99,128,29,False
f0ac6d63-deeb-4637-8d5d-0076cb0a2094,3175,4444,100,129,29,False
f0ac6d63-deeb-4637-8d5d-0076cb0a2094,3175,4443,101,130,29,False
f0ac6d63-deeb-4637-8d5d-0076cb0a2094,3175,4442,102,131,29,False
f0ac6d63-deeb-4637-8d5d-0076cb0a2094,3174,4442,103,132,29,False
f0ac6d63-deeb-4637-8d5d-0076cb0a2094,3173,4442,104,133,29,False
f0ac6d63-deeb-4637-8d5d-0076cb0a2094,3172,4443,105,134,29,False
f0ac6d63-deeb-4637-8d5d-0076cb0a2094,3172,4444,106,135,29,False
f0ac6d63-deeb-4637-8d5d-0076cb0a2094,3172,4445,107,136,29,False
f0ac6d63-deeb-4637-8d5d-0076cb0a2094,3173,4444,108,137,29,False
f0ac6d63-deeb-4637-8d5d-0076cb0a2094,3174,4443,109,138,29,False
f0ac6d63-deeb-4637-8d5d-0076cb0a2094,3172,4441,111,140,29,False
f0ac6d63-deeb-4637-8d5d-0076cb0a2094,3172,4440,112,141,29,False
f0ac6d63-deeb-4637-8d5d-0076cb0a2094,3172,4439,113,142,29,False
f0ac6d63-deeb-4637-8d5d-0076cb0a2094,3172,4438,114,143,29,False
f0ac6d63-deeb-4637-8d5d-0076cb0a2094,3171,4439,115,144,29,False
f0ac6d63-deeb-4637-8d5d-0076cb0a2094,3170,4439,116,145,29,False
f0ac6d63-deeb-4637-8d5d-0076cb0a2094,3169,4439,117,146,29,False
f0ac6d63-deeb-4637-8d5d-0076cb0a2094,3170,4438,118,147,29,False
f0ac6d63-deeb-4637-8d5d-0076cb0a2094,3171,4437,119,148,29,False
f0ac6d63-deeb-4637-8d5d-0076cb0a2094,3173,4439,121,150,29,False
f0ac6d63-deeb-4637-8d5d-0076cb0a2094,3174,4439,122,151,29,False
f0ac6d63-deeb-4637-8d5d-0076cb0a2094,3175,4439,123,152,29,False
f0ac6d63-deeb-4637-8d5d-0076cb0a2094,3176,4439,124,153,29,False
f0ac6d63-deeb-4637-8d5d-0076cb0a2094,3177,4439,125,154,29,False
f0ac6d63-deeb-4637-8d5d-0076cb0a2094,3176,4440,126,155,29,False
f0ac6d63-deeb-4637-8d5d-0076cb0a2094,3175,4441,127,156,29,False
f0ac6d63-deeb-4637-8d5d-0076cb0a2094,3177,4438,130,159,29,False
f0ac6d63-deeb-4637-8d5d-0076cb0a2094,3177,4437,131,160,29,False
f0ac6d63-deeb-4637-8d5d-0076cb0a2094,3176,4438,132,161,29,False
f0ac6d63-deeb-4637-8d5d-0076cb0a2094,3176,4437,133,162,29,False
f0ac6d63-deeb-4637-8d5d-0076cb0a2094,3176,4436,134,163,29,False
f0ac6d63-deeb-4637-8d5d-0076cb0a2094,3176,4435,135,164,29,False
f0ac6d63-deeb-4637-8d5d-0076cb0a2094,3177,4436,136,165,29,False
f0ac6d63-deeb-4637-8d5d-0076cb0a2094,3178,4437,137,166,29,False
f0ac6d63-deeb-4637-8d5d-0076cb0a2094,3179,4438,138,167,29,False
f0ac6d63-deeb-4637-8d5d-0076cb0a2094,3180,4437,139,168,29,False
f0ac6d63-deeb-4637-8d5d-0076cb0a2094,3180,4436,140,169,29,False
f0ac6d63-deeb-4637-8d5d-0076cb0a2094,3180,4438,142,171,29,False
f0ac6d63-deeb-4637-8d5d-0076cb0a2094,3179,4439,143,172,29,False
f0ac6d63-deeb-4637-8d5d-0076cb0a2094,3166,4443,159,172,13,False
f0ac6d63-deeb-4637-8d5d-0076cb0a2094,3179,4440,144,173,29,False
f0ac6d63-deeb-4637-8d5d-0076cb0a2094,3164,4442,159,173,14,False
f0ac6d63-deeb-4637-8d5d-0076cb0a2094,3166,4442,159,173,14,False
f0ac6d63-deeb-4637-8d5d-0076cb0a2094,3179,4441,145,174,29,False
f0ac6d63-deeb-4637-8d5d-0076cb0a2094,3180,4442,146,175,29,False
f0ac6d63-deeb-4637-8d5d-0076cb0a2094,3178,4441,148,177,29,False
f0ac6d63-deeb-4637-8d5d-0076cb0a2094,3177,4441,149,178,29,False
f0ac6d63-deeb-4637-8d5d-0076cb0a2094,3178,4442,150,179,29,False
f0ac6d63-deeb-4637-8d5d-0076cb0a2094,3178,4443,151,180,29,False
f0ac6d63-deeb-4637-8d5d-0076cb0a2094,3178,4444,152,181,29,False
f0ac6d63-deeb-4637-8d5d-0076cb0a2094,3177,4443,153,182,29,False
f0ac6d63-deeb-4637-8d5d-0076cb0a2094,3176,4442,154,183,29,False
f0ac6d63-deeb-4637-8d5d-0076cb0a2094,3175,4442,155,184,29,False
f0ac6d63-deeb-4637-8d5d-0076cb0a2094,3174,4443,156,185,29,False
f0ac6d63-deeb-4637-8d5d-0076cb0a2094,3173,4443,157,186,29,False
f0ac6d63-deeb-4637-8d5d-0076cb0a2094,3174,4444,158,187,29,False
f0ac6d63-deeb-4637-8d5d-0076cb0a2094,3175,4444,159,188,29,False
f0ac6d63-deeb-4637-8d5d-0076cb0a2094,3176,4444,160,189,29,False
f0ac6d63-deeb-4637-8d5d-0076cb0a2094,3177,4445,161,190,29,False
f0ac6d63-deeb-4637-8d5d-0076cb0a2094,3178,4446,162,191,29,False
f0ac6d63-deeb-4637-8d5d-0076cb0a2094,3179,4446,163,192,29,False
f0ac6d63-deeb-4637-8d5d-0076cb0a2094,3180,4445,164,193,29,False
f0ac6d63-deeb-4637-8d5d-0076cb0a2094,3180,4444,165,194,29,False
f0ac6d63-deeb-4637-8d5d-0076cb0a2094,3180,4443,166,195,29,False
f0ac6d63-deeb-4637-8d5d-0076cb0a2094,3179,4442,167,196,29,False
f0ac6d63-deeb-4637-8d5d-0076cb0a2094,3178,4440,169,198,29,False
f0ac6d63-deeb-4637-8d5d-0076cb0a2094,3177,4439,170,199,29,False
f0ac6d63-deeb-4637-8d5d-0076cb0a2094,3176,4438,171,200,29,False
f0ac6d63-deeb-4637-8d5d-0076cb0a2094,3175,4437,172,201,29,False
f0ac6d63-deeb-4637-8d5d-0076cb0a2094,3174,4436,173,202,29,False
f0ac6d63-deeb-4637-8d5d-0076cb0a2094,3173,4435,174,203,29,False
f0ac6d63-deeb-4637-8d5d-0076cb0a2094,3172,4436,175,204,29,False
f0ac6d63-deeb-4637-8d5d-0076cb0a2094,3171,4437,176,205,29,False
f0ac6d63-deeb-4637-8d5d-0076cb0a2094,3171,4438,177,206,29,False
f0ac6d63-deeb-4637-8d5d-0076cb0a2094,3170,4439,178,207,29,False
f0ac6d63-deeb-4637-8d5d-0076cb0a2094,3170,4440,179,208,29,False
f0ac6d63-deeb-4637-8d5d-0076cb0a2094,3169,4441,180,209,29,False
f0ac6d63-deeb-4637-8d5d-0076cb0a2094,3168,4441,181,210,29,False
f0ac6d63-deeb-4637-8d5d-0076cb0a2094,3168,4440,182,211,29,False
f0ac6d63-deeb-4637-8d5d-0076cb0a2094,3168,4439,183,212,29,False
f0ac6d63-deeb-4637-8d5d-0076cb0a2094,3168,4438,184,213,29,False
f0ac6d63-deeb-4637-8d5d-0076cb0a2094,3169,4439,185,214,29,False
f0ac6d63-deeb-4637-8d5d-0076cb0a2094,3171,4440,187,216,29,False
f0ac6d63-deeb-4637-8d5d-0076cb0a2094,3172,4441,188,217,29,False
f0ac6d63-deeb-4637-8d5d-0076cb0a2094,3173,4440,189,218,29,False
f0ac6d63-deeb-4637-8d5d-0076cb0a2094,3173,4439,190,219,29,False
f0ac6d63-deeb-4637-8d5d-0076cb0a2094,3172,4438,191,220,29,False
f0ac6d63-deeb-4637-8d5d-0076cb0a2094,3173,4437,192,221,29,False
f0ac6d63-deeb-4637-8d5d-0076cb0a2094,3173,4436,193,222,29,False
f0ac6d63-deeb-4637-8d5d-0076cb0a2094,3169,4451,209,222,13,False
f0ac6d63-deeb-4637-8d5d-0076cb0a2094,3170,4449,209,222,13,False
f0ac6d63-deeb-4637-8d5d-0076cb0a2094,3168,4449,209,222,13,False
f0ac6d63-deeb-4637-8d5d-0076cb0a2094,3174,4435,194,223,29,False
f0ac6d63-deeb-4637-8d5d-0076cb0a2094,3175,4435,195,224,29,False
f0ac6d63-deeb-4637-8d5d-0076cb0a2094,3176,4435,196,225,29,False
f0ac6d63-deeb-4637-8d5d-0076cb0a2094,3176,4436,197,226,29,False
f0ac6d63-deeb-4637-8d5d-0076cb0a2094,3176,4437,198,227,29,False
f0ac6d63-deeb-4637-8d5d-0076cb0a2094,3177,4437,199,228,29,False
f0ac6d63-deeb-4637-8d5d-0076cb0a2094,3178,4437,200,229,29,False
f0ac6d63-deeb-4637-8d5d-0076cb0a2094,3179,4437,201,230,29,False
f0ac6d63-deeb-4637-8d5d-0076cb0a2094,3178,4438,202,231,29,False
f0ac6d63-deeb-4637-8d5d-0076cb0a2094,3177,4439,203,232,29,False
f0ac6d63-deeb-4637-8d5d-0076cb0a2094,3177,4440,204,233,29,False
f0ac6d63-deeb-4637-8d5d-0076cb0a2094,3176,4439,205,234,29,False
f0ac6d63-deeb-4637-8d5d-0076cb0a2094,3176,4438,206,235,29,False
f0ac6d63-deeb-4637-8d5d-0076cb0a2094,3177,4438,207,236,29,False
f0ac6d63-deeb-4637-8d5d-0076cb0a2094,3179,4436,209,238,29,False
f0ac6d63-deeb-4637-8d5d-0076cb0a2094,3180,4436,210,239,29,False
f0ac6d63-deeb-4637-8d5d-0076cb0a2094,3178,4436,212,241,29,False
f0ac6d63-deeb-4637-8d5d-0076cb0a2094,3177,4436,213,242,29,False
f0ac6d63-deeb-4637-8d5d-0076cb0a2094,3179,4438,215,244,29,False
f0ac6d63-deeb-4637-8d5d-0076cb0a2094,3179,4439,216,245,29,False
f0ac6d63-deeb-4637-8d5d-0076cb0a2094,3178,4440,217,246,29,False
f0ac6d63-deeb-4637-8d5d-0076cb0a2094,3176,4440,219,248,29,False
f0ac6d63-deeb-4637-8d5d-0076cb0a2094,3175,4441,220,249,29,False
f0ac6d63-deeb-4637-8d5d-0076cb0a2094,3174,4442,221,250,29,False
f0ac6d63-deeb-4637-8d5d-0076cb0a2094,3173,4443,222,251,29,False
f0ac6d63-deeb-4637-8d5d-0076cb0a2094,3172,4443,223,252,29,False
f0ac6d63-deeb-4637-8d5d-0076cb0a2094,3171,4443,224,253,29,False
f0ac6d63-deeb-4637-8d5d-0076cb0a2094,3172,4444,225,254,29,False
f0ac6d63-deeb-4637-8d5d-0076cb0a2094,3173,4444,226,255,29,False
f0ac6d63-deeb-4637-8d5d-0076cb0a2094,3174,4444,227,256,29,False
f0ac6d63-deeb-4637-8d5d-0076cb0a2094,3175,4445,228,257,29,False
f0ac6d63-deeb-4637-8d5d-0076cb0a2094,3175,4446,229,258,29,False
f0ac6d63-deeb-4637-8d5d-0076cb0a2094,3175,4447,230,259,29,False
f0ac6d63-deeb-4637-8d5d-0076cb0a2094,3174,4446,231,260,29,False
f0ac6d63-deeb-4637-8d5d-0076cb0a2094,3173,4445,232,261,29,False
f0ac6d63-deeb-4637-8d5d-0076cb0a2094,3174,4443,234,263,29,False
f0ac6d63-deeb-4637-8d5d-0076cb0a2094,3175,4442,235,264,29,False
f0ac6d63-deeb-4637-8d5d-0076cb0a2094,3176,4441,236,265,29,False
f0ac6d63-deeb-4637-8d5d-0076cb0a2094,3174,4441,238,267,29,False
f0ac6d63-deeb-4637-8d5d-0076cb0a2094,3175,4440,239,268,29,False
f0ac6d63-deeb-4637-8d5d-0076cb0a2094,3175,4439,240,269,29,False
f0ac6d63-deeb-4637-8d5d-0076cb0a2094,3175,4438,241,270,29,False
f0ac6d63-deeb-4637-8d5d-0076cb0a2094,3176,4439,242,271,29,False
f0ac6d63-deeb-4637-8d5d-0076cb0a2094,3177,4440,243,272,29,False
f0ac6d63-deeb-4637-8d5d-0076cb0a2094,3178,4441,244,273,29,False
f0ac6d63-deeb-4637-8d5d-0076cb0a2094,3179,4442,245,274,29,False
f0ac6d63-deeb-4637-8d5d-0076cb0a2094,3178,4439,248,277,29,False
f0ac6d63-deeb-4637-8d5d-0076cb0a2094,3179,4439,249,278,29,False
f0ac6d63-deeb-4637-8d5d-0076cb0a2094,3180,4439,250,279,29,False
f0ac6d63-deeb-4637-8d5d-0076cb0a2094,3179,4440,251,280,29,False
f0ac6d63-deeb-4637-8d5d-0076cb0a2094,3178,4442,253,282,29,False
f0ac6d63-deeb-4637-8d5d-0076cb0a2094,3177,4443,254,283,29,False
f0ac6d63-deeb-4637-8d5d-0076cb0a2094,3176,4443,255,284,29,False
f0ac6d63-deeb-4637-8d5d-0076cb0a2094,3176,4444,256,285,29,False
f0ac6d63-deeb-4637-8d5d-0076cb0a2094,3175,4443,257,286,29,False
f0ac6d63-deeb-4637-8d5d-0076cb0a2094,3175,4441,259,288,29,False
f0ac6d63-deeb-4637-8d5d-0076cb0a2094,3176,4442,260,289,29,False
f0ac6d63-deeb-4637-8d5d-0076cb0a2094,3178,4444,262,291,29,False
f0ac6d63-deeb-4637-8d5d-0076cb0a2094,3177,4445,263,292,29,False
f0ac6d63-deeb-4637-8d5d-0076cb0a2094,3176,4446,264,293,29,False
f0ac6d63-deeb-4637-8d5d-0076cb0a2094,3175,4446,265,294,29,False
f0ac6d63-deeb-4637-8d5d-0076cb0a2094,3176,4447,266,295,29,False
f0ac6d63-deeb-4637-8d5d-0076cb0a2094,3176,4448,267,296,29,False
f0ac6d63-deeb-4637-8d5d-0076cb0a2094,3175,4449,268,297,29,False
f0ac6d63-deeb-4637-8d5d-0076cb0a2094,3174,4449,269,298,29,False
f0ac6d63-deeb-4637-8d5d-0076cb0a2094,3175,4450,270,299,29,False
f0ac6d63-deeb-4637-8d5d-0076cb0a2094,3176,4451,271,300,29,False
f0ac6d63-deeb-4637-8d5d-0076cb0a2094,3177,4452,272,301,29,False
f0ac6d63-deeb-4637-8d5d-0076cb0a2094,3178,4453,273,302,29,False
f0ac6d63-deeb-4637-8d5d-0076cb0a2094,3178,4454,274,303,29,False
f0ac6d63-deeb-4637-8d5d-0076cb0a2094,3178,4455,275,304,29,False
f0ac6d63-deeb-4637-8d5d-0076cb0a2094,3178,4456,276,305,29,False
f0ac6d63-deeb-4637-8d5d-0076cb0a2094,3178,4457,277,306,29,False
f0ac6d63-deeb-4637-8d5d-0076cb0a2094,3179,4456,278,307,29,False
f0ac6d63-deeb-4637-8d5d-0076cb0a2094,3180,4455,279,308,29,False
f0ac6d63-deeb-4637-8d5d-0076cb0a2094,3180,4454,280,309,29,False
f0ac6d63-deeb-4637-8d5d-0076cb0a2094,3179,4455,281,310,29,False
f0ac6d63-deeb-4637-8d5d-0076cb0a2094,3177,4455,283,312,29,False
f0ac6d63-deeb-4637-8d5d-0076cb0a2094,3177,4454,284,313,29,False
f0ac6d63-deeb-4637-8d5d-0076cb0a2094,3177,4453,285,314,29,False
f0ac6d63-deeb-4637-8d5d-0076cb0a2094,3179,4453,287,316,29,False
f0ac6d63-deeb-4637-8d5d-0076cb0a2094,3180,4453,288,317,29,False
f0ac6d63-deeb-4637-8d5d-0076cb0a2094,3180,4452,289,318,29,False
f0ac6d63-deeb-4637-8d5d-0076cb0a2094,3180,4451,290,319,29,False
f0ac6d63-deeb-4637-8d5d-0076cb0a2094,3179,4451,291,320,29,False
f0ac6d63-deeb-4637-8d5d-0076cb0a2094,3178,4451,292,321,29,False
f0ac6d63-deeb-4637-8d5d-0076cb0a2094,3177,4451,293,322,29,False
f0ac6d63-deeb-4637-8d5d-0076cb0a2094,3176,4452,294,323,29,False
f0ac6d63-deeb-4637-8d5d-0076cb0a2094,3176,4453,295,324,29,False
f0ac6d63-deeb-4637-8d5d-0076cb0a2094,3175,4454,296,325,29,False
f0ac6d63-deeb-4637-8d5d-0076cb0a2094,3175,4455,297,326,29,False
f0ac6d63-deeb-4637-8d5d-0076cb0a2094,3174,4454,298,327,29,False
f0ac6d63-deeb-4637-8d5d-0076cb0a2094,3174,4453,299,328,29,False
f0ac6d63-deeb-4637-8d5d-0076cb0a2094,3174,4452,300,329,29,False
f0ac6d63-deeb-4637-8d5d-0076cb0a2094,3173,4451,301,330,29,False
f0ac6d63-deeb-4637-8d5d-0076cb0a2094,3172,4450,302,331,29,False
f0ac6d63-deeb-4637-8d5d-0076cb0a2094,3171,4449,303,332,29,False
f0ac6d63-deeb-4637-8d5d-0076cb0a2094,3170,4448,304,333,29,False
f0ac6d63-deeb-4637-8d5d-0076cb0a2094,3169,4447,305,334,29,False
f0ac6d63-deeb-4637-8d5d-0076cb0a2094,3169,4446,306,335,29,False
f0ac6d63-deeb-4637-8d5d-0076cb0a2094,3168,4445,307,336,29,False
f0ac6d63-deeb-4637-8d5d-0076cb0a2094,3168,4444,308,337,29,False
f0ac6d63-deeb-4637-8d5d-0076cb0a2094,3168,4443,309,338,29,False
f0ac6d63-deeb-4637-8d5d-0076cb0a2094,3167,4443,310,339,29,False
f0ac6d63-deeb-4637-8d5d-0076cb0a2094,3166,4443,311,340,29,False
f0ac6d63-deeb-4637-8d5d-0076cb0a2094,3165,4442,312,341,29,False
f0ac6d63-deeb-4637-8d5d-0076cb0a2094,3164,4441,313,342,29,False
f0ac6d63-deeb-4637-8d5d-0076cb0a2094,3164,4440,314,343,29,False
f0ac6d63-deeb-4637-8d5d-0076cb0a2094,3165,4440,315,344,29,False
f0ac6d63-deeb-4637-8d5d-0076cb0a2094,3166,4440,316,345,29,False
f0ac6d63-deeb-4637-8d5d-0076cb0a2094,3167,4440,317,346,29,False
f0ac6d63-deeb-4637-8d5d-0076cb0a2094,3168,4439,318,347,29,False
f0ac6d63-deeb-4637-8d5d-0076cb0a2094,3168,4438,319,348,29,False
f0ac6d63-deeb-4637-8d5d-0076cb0a2094,3168,4437,320,349,29,False
f0ac6d63-deeb-4637-8d5d-0076cb0a2094,3169,4436,321,350,29,False
f0ac6d63-deeb-4637-8d5d-0076cb0a2094,3167,4437,323,352,29,False
f0ac6d63-deeb-4637-8d5d-0076cb0a2094,3169,4439,325,354,29,False
f0ac6d63-deeb-4637-8d5d-0076cb0a2094,3167,4438,327,356,29,False
f0ac6d63-deeb-4637-8d5d-0076cb0a2094,3166,4438,328,357,29,False
f0ac6d63-deeb-4637-8d5d-0076cb0a2094,3165,4437,329,358,29,False
f0ac6d63-deeb-4637-8d5d-0076cb0a2094,3164,4437,330,359,29,False
f0ac6d63-deeb-4637-8d5d-0076cb0a2094,3163,4437,331,360,29,False
f0ac6d63-deeb-4637-8d5d-0076cb0a2094,3162,4438,332,361,29,False
f0ac6d63-deeb-4637-8d5d-0076cb0a2094,3161,4438,333,362,29,False
f0ac6d63-deeb-4637-8d5d-0076cb0a2094,3163,4438,335,364,29,False
f0ac6d63-deeb-4637-8d5d-0076cb0a2094,3162,4439,336,365,29,False
f0ac6d63-deeb-4637-8d5d-0076cb0a2094,3161,4440,337,366,29,False
f0ac6d63-deeb-4637-8d5d-0076cb0a2094,3160,4440,338,367,29,False
f0ac6d63-deeb-4637-8d5d-0076cb0a2094,3161,4439,339,368,29,False
f0ac6d63-deeb-4637-8d5d-0076cb0a2094,3163,4439,341,370,29,False
f0ac6d63-deeb-4637-8d5d-0076cb0a2094,3164,4439,342,371,29,False
f0ac6d63-deeb-4637-8d5d-0076cb0a2094,3165,4439,343,372,29,False
f0ac6d63-deeb-4637-8d5d-0076cb0a2094,3164,4438,344,373,29,False
f0ac6d63-deeb-4637-8d5d-0076cb0a2094,3164,4436,346,375,29,False
f0ac6d63-deeb-4637-8d5d-0076cb0a2094,3165,4438,348,377,29,False
f0ac6d63-deeb-4637-8d5d-0076cb0a2094,3166,4439,349,378,29,False
f0ac6d63-deeb-4637-8d5d-0076cb0a2094,3166,4440,350,379,29,False
f0ac6d63-deeb-4637-8d5d-0076cb0a2094,3165,4441,351,380,29,False
f0ac6d63-deeb-4637-8d5d-0076cb0a2094,3164,4441,352,381,29,False
f0ac6d63-deeb-4637-8d5d-0076cb0a2094,3163,4441,353,382,29,False
f0ac6d63-deeb-4637-8d5d-0076cb0a2094,3164,4442,354,383,29,False
f0ac6d63-deeb-4637-8d5d-0076cb0a2094,3165,4443,355,384,29,False
f0ac6d63-deeb-4637-8d5d-0076cb0a2094,3166,4443,356,385,29,False
f0ac6d63-deeb-4637-8d5d-0076cb0a2094,3167,4443,357,386,29,False
f0ac6d63-deeb-4637-8d5d-0076cb0a2094,3168,4442,358,387,29,False
f0ac6d63-deeb-4637-8d5d-0076cb0a2094,3169,4441,359,388,29,False
f0ac6d63-deeb-4637-8d5d-0076cb0a2094,3170,4440,360,389,29,False
f0ac6d63-deeb-4637-8d5d-0076cb0a2094,3169,4439,361,390,29,False
f0ac6d63-deeb-4637-8d5d-0076cb0a2094,3168,4438,362,391,29,False
f0ac6d63-deeb-4637-8d5d-0076cb0a2094,3169,4437,363,392,29,False
f0ac6d63-deeb-4637-8d5d-0076cb0a2094,3170,4436,364,393,29,False
f0ac6d63-deeb-4637-8d5d-0076cb0a2094,3170,4435,365,394,29,False
f0ac6d63-deeb-4637-8d5d-0076cb0a2094,3171,4436,366,395,29,False
f0ac6d63-deeb-4637-8d5d-0076cb0a2094,3172,4437,367,396,29,False
f0ac6d63-deeb-4637-8d5d-0076cb0a2094,3173,4438,368,397,29,False
f0ac6d63-deeb-4637-8d5d-0076cb0a2094,3174,4437,369,398,29,False
f0ac6d63-deeb-4637-8d5d-0076cb0a2094,3174,4436,370,399,29,False
f0ac6d63-deeb-4637-8d5d-0076cb0a2094,3175,4437,371,400,29,False
f0ac6d63-deeb-4637-8d5d-0076cb0a2094,3176,4438,372,401,29,False
f0ac6d63-deeb-4637-8d5d-0076cb0a2094,3176,4439,373,402,29,False
f0ac6d63-deeb-4637-8d5d-0076cb0a2094,3177,4440,374,403,29,False
f0ac6d63-deeb-4637-8d5d-0076cb0a2094,3178,4441,375,404,29,False
f0ac6d63-deeb-4637-8d5d-0076cb0a2094,3179,4442,376,405,29,False
f0ac6d63-deeb-4637-8d5d-0076cb0a2094,3180,4441,377,406,29,False
f0ac6d63-deeb-4637-8d5d-0076cb0a2094,3180,4440,378,407,29,False
f0ac6d63-deeb-4637-8d5d-0076cb0a2094,3180,4439,379,408,29,False
f0ac6d63-deeb-4637-8d5d-0076cb0a2094,3180,4442,382,411,29,False
f0ac6d63-deeb-4637-8d5d-0076cb0a2094,3179,4443,383,412,29,False
f0ac6d63-deeb-4637-8d5d-0076cb0a2094,3168,4449,399,412,13,False
f0ac6d63-deeb-4637-8d5d-0076cb0a2094,3180,4444,384,413,29,False
f0ac6d63-deeb-4637-8d5d-0076cb0a2094,3170,4449,399,413,14,False
f0ac6d63-deeb-4637-8d5d-0076cb0a2094,3169,4447,399,413,14,False
f0ac6d63-deeb-4637-8d5d-0076cb0a2094,3180,4445,385,414,29,False
f0ac6d63-deeb-4637-8d5d-0076cb0a2094,3180,4446,386,415,29,False
f0ac6d63-deeb-4637-8d5d-0076cb0a2094,3179,4447,387,416,29,False
f0ac6d63-deeb-4637-8d5d-0076cb0a2094,3178,4448,388,417,29,False
f0ac6d63-deeb-4637-8d5d-0076cb0a2094,3178,4449,389,418,29,False
f0ac6d63-deeb-4637-8d5d-0076cb0a2094,3178,4450,390,419,29,False
f0ac6d63-deeb-4637-8d5d-0076cb0a2094,3178,4451,391,420,29,False
f0ac6d63-deeb-4637-8d5d-0076cb0a2094,3179,4452,392,421,29,False
f0ac6d63-deeb-4637-8d5d-0076cb0a2094,3180,4453,393,422,29,False
f0ac6d63-deeb-4637-8d5d-0076cb0a2094,3180,4454,394,423,29,False
f0ac6d63-deeb-4637-8d5d-0076cb0a2094,3180,4455,395,424,29,False
f0ac6d63-deeb-4637-8d5d-0076cb0a2094,3180,4456,396,425,29,False
f0ac6d63-deeb-4637-8d5d-0076cb0a2094,3179,4455,397,426,29,False
f0ac6d63-deeb-4637-8d5d-0076cb0a2094,3179,4454,398,427,29,False
f0ac6d63-deeb-4637-8d5d-0076cb0a2094,3179,4453,399,428,29,False
f0ac6d63-deeb-4637-8d5d-0076cb0a2094,3178,4452,400,429,29,False
f0ac6d63-deeb-4637-8d5d-0076cb0a2094,3177,4452,401,430,29,False
f0ac6d63-deeb-4637-8d5d-0076cb0a2094,3176,4452,402,431,29,False
f0ac6d63-deeb-4637-8d5d-0076cb0a2094,3175,4451,403,432,29,False
f0ac6d63-deeb-4637-8d5d-0076cb0a2094,3174,4452,404,432,28,False
f0ac6d63-deeb-4637-8d5d-0076cb0a2094,3174,4453,405,432,27,False
f0ac6d63-deeb-4637-8d5d-0076cb0a2094,3174,4454,406,432,26,False
f0ac6d63-deeb-4637-8d5d-0076cb0a2094,3175,4453,407,432,25,False
f0ac6d63-deeb-4637-8d5d-0076cb0a2094,3176,4453,408,432,24,False
f0ac6d63-deeb-4637-8d5d-0076cb0a2094,3177,4454,409,432,23,False
f0ac6d63-deeb-4637-8d5d-0076cb0a2094,3178,4455,410,432,22,False
f0ac6d63-deeb-4637-8d5d-0076cb0a2094,3179,4456,411,432,21,False
f0ac6d63-deeb-4637-8d5d-0076cb0a2094,3178,4457,412,432,20,False
f0ac6d63-deeb-4637-8d5d-0076cb0a2094,3177,4457,413,432,19,False
f0ac6d63-deeb-4637-8d5d-0076cb0a2094,3176,4457,414,432,18,False
f0ac6d63-deeb-4637-8d5d-0076cb0a2094,3175,4456,415,432,17,False
f0ac6d63-deeb-4637-8d5d-0076cb0a2094,3174,4455,416,432,16,False
f0ac6d63-deeb-4637-8d5d-0076cb0a2094,3173,4455,417,432,15,False
f0ac6d63-deeb-4637-8d5d-0076cb0a2094,3175,4454,419,432,13,False
f0ac6d63-deeb-4637-8d5d-0076cb0a2094,3176,4454,420,432,12,False
f0ac6d63-deeb-4637-8d5d-0076cb0a2094,3173,4453,423,432,9,False
f0ac6d63-deeb-4637-8d5d-0076cb0a2094,3172,4453,424,432,8,False
f0ac6d63-deeb-4637-8d5d-0076cb0a2094,3171,4452,425,432,7,False
f0ac6d63-deeb-4637-8d5d-0076cb0a2094,3170,4451,426,432,6,False
f0ac6d63-deeb-4637-8d5d-0076cb0a2094,3169,4451,427,432,5,False
f0ac6d63-deeb-4637-8d5d-0076cb0a2094,3168,4451,428,432,4,False
f0ac6d63-deeb-4637-8d5d-0076cb0a2094,3167,4451,429,432,3,False
f0ac6d63-deeb-4637-8d5d-0076cb0a2094,3168,4452,430,432,2,False
f0ac6d63-deeb-4637-8d5d-0076cb0a2094,3169,4452,431,432,1,False
fcd05c70-cca4-4089-8e3f-77e3c8f9f493,3161,4448,19,32,13,False
fcd05c70-cca4-4089-8e3f-77e3c8f9f493,3161,4449,19,33,14,False
fcd05c70-cca4-4089-8e3f-77e3c8f9f493,3161,4454,19,34,15,False
fcd05c70-cca4-4089-8e3f-77e3c8f9f493,3161,4450,19,62,43,False
fcd05c70-cca4-4089-8e3f-77e3c8f9f493,3160,4449,35,64,29,False
fcd05c70-cca4-4089-8e3f-77e3c8f9f493,3160,4448,36,65,29,False
fcd05c70-cca4-4089-8e3f-77e3c8f9f493,3160,4447,37,66,29,False
fcd05c70-cca4-4089-8e3f-77e3c8f9f493,3161,4446,38,67,29,False
fcd05c70-cca4-4089-8e3f-77e3c8f9f493,3161,4445,39,68,29,False
fcd05c70-cca4-4089-8e3f-77e3c8f9f493,3161,4444,40,69,29,False
fcd05c70-cca4-4089-8e3f-77e3c8f9f493,3161,4443,41,70,29,False
fcd05c70-cca4-4089-8e3f-77e3c8f9f493,3162,4442,42,71,29,False
fcd05c70-cca4-4089-8e3f-77e3c8f9f493,3163,4442,43,72,29,False
fcd05c70-cca4-4089-8e3f-77e3c8f9f493,3162,4443,44,73,29,False
fcd05c70-cca4-4089-8e3f-77e3c8f9f493,3160,4444,46,75,29,False
fcd05c70-cca4-4089-8e3f-77e3c8f9f493,3160,4445,47,76,29,False
fcd05c70-cca4-4089-8e3f-77e3c8f9f493,3160,4446,48,77,29,False
fcd05c70-cca4-4089-8e3f-77e3c8f9f493,3161,4447,49,78,29,False
fcd05c70-cca4-4089-8e3f-77e3c8f9f493,3161,4448,50,79,29,False
fcd05c70-cca4-4089-8e3f-77e3c8f9f493,3161,4449,51,80,29,False
fcd05c70-cca4-4089-8e3f-77e3c8f9f493,3162,4451,53,82,29,False
fcd05c70-cca4-4089-8e3f-77e3c8f9f493,3168,4445,69,82,13,False
fcd05c70-cca4-4089-8e3f-77e3c8f9f493,3163,4452,54,83,29,False
fcd05c70-cca4-4089-8e3f-77e3c8f9f493,3171,4442,69,83,14,False
fcd05c70-cca4-4089-8e3f-77e3c8f9f493,3164,4453,55,84,29,False
fcd05c70-cca4-4089-8e3f-77e3c8f9f493,3173,4440,69,84,15,False
fcd05c70-cca4-4089-8e3f-77e3c8f9f493,3165,4454,56,85,29,False
fcd05c70-cca4-4089-8e3f-77e3c8f9f493,3166,4454,57,86,29,False
fcd05c70-cca4-4089-8e3f-77e3c8f9f493,3167,4453,58,87,29,False
fcd05c70-cca4-4089-8e3f-77e3c8f9f493,3168,4452,59,88,29,False
fcd05c70-cca4-4089-8e3f-77e3c8f9f493,3169,4451,60,89,29,False
fcd05c70-cca4-4089-8e3f-77e3c8f9f493,3170,4451,61,90,29,False
fcd05c70-cca4-4089-8e3f-77e3c8f9f493,3169,4450,62,91,29,False
fcd05c70-cca4-4089-8e3f-77e3c8f9f493,3169,4449,63,92,29,False
fcd05c70-cca4-4089-8e3f-77e3c8f9f493,3170,4448,64,93,29,False
fcd05c70-cca4-4089-8e3f-77e3c8f9f493,3171,4447,65,94,29,False
fcd05c70-cca4-4089-8e3f-77e3c8f9f493,3172,4446,66,95,29,False
fcd05c70-cca4-4089-8e3f-77e3c8f9f493,3172,4445,67,96,29,False
fcd05c70-cca4-4089-8e3f-77e3c8f9f493,3172,4444,68,97,29,False
fcd05c70-cca4-4089-8e3f-77e3c8f9f493,3168,4448,109,122,13,False
fcd05c70-cca4-4089-8e3f-77e3c8f9f493,3170,4444,109,123,14,False
fcd05c70-cca4-4089-8e3f-77e3c8f9f493,3170,4450,109,123,14,False
fcd05c70-cca4-4089-8e3f-77e3c8f9f493,3168,4449,109,123,14,False
fcd05c70-cca4-4089-8e3f-77e3c8f9f493,3172,4443,69,129,60,False
fcd05c70-cca4-4089-8e3f-77e3c8f9f493,3172,4442,105,134,29,False
fcd05c70-cca4-4089-8e3f-77e3c8f9f493,3172,4441,106,135,29,False
fcd05c70-cca4-4089-8e3f-77e3c8f9f493,3173,4441,107,136,29,False
fcd05c70-cca4-4089-8e3f-77e3c8f9f493,3174,4441,108,137,29,False
fcd05c70-cca4-4089-8e3f-77e3c8f9f493,3175,4441,109,138,29,False
fcd05c70-cca4-4089-8e3f-77e3c8f9f493,3176,4442,110,139,29,False
fcd05c70-cca4-4089-8e3f-77e3c8f9f493,3177,4442,111,140,29,False
fcd05c70-cca4-4089-8e3f-77e3c8f9f493,3178,4442,112,141,29,False
fcd05c70-cca4-4089-8e3f-77e3c8f9f493,3177,4443,113,142,29,False
fcd05c70-cca4-4089-8e3f-77e3c8f9f493,3177,4444,114,143,29,False
fcd05c70-cca4-4089-8e3f-77e3c8f9f493,3176,4444,115,144,29,False
fcd05c70-cca4-4089-8e3f-77e3c8f9f493,3175,4444,116,145,29,False
fcd05c70-cca4-4089-8e3f-77e3c8f9f493,3174,4444,117,146,29,False
fcd05c70-cca4-4089-8e3f-77e3c8f9f493,3175,4443,118,147,29,False
fcd05c70-cca4-4089-8e3f-77e3c8f9f493,3175,4442,119,148,29,False
fcd05c70-cca4-4089-8e3f-77e3c8f9f493,3176,4441,120,149,29,False
fcd05c70-cca4-4089-8e3f-77e3c8f9f493,3177,4440,121,150,29,False
fcd05c70-cca4-4089-8e3f-77e3c8f9f493,3178,4439,122,151,29,False
fcd05c70-cca4-4089-8e3f-77e3c8f9f493,3177,4438,123,152,29,False
fcd05c70-cca4-4089-8e3f-77e3c8f9f493,3167,4450,139,152,13,False
fcd05c70-cca4-4089-8e3f-77e3c8f9f493,3170,4449,139,152,13,False
fcd05c70-cca4-4089-8e3f-77e3c8f9f493,3170,4450,139,152,13,False
fcd05c70-cca4-4089-8e3f-77e3c8f9f493,3176,4437,124,153,29,False
fcd05c70-cca4-4089-8e3f-77e3c8f9f493,3176,4436,125,154,29,False
fcd05c70-cca4-4089-8e3f-77e3c8f9f493,3177,4437,126,155,29,False
fcd05c70-cca4-4089-8e3f-77e3c8f9f493,3177,4439,128,157,29,False
fcd05c70-cca4-4089-8e3f-77e3c8f9f493,3178,4440,129,158,29,False
fcd05c70-cca4-4089-8e3f-77e3c8f9f493,3179,4441,130,159,29,False
fcd05c70-cca4-4089-8e3f-77e3c8f9f493,3180,4442,131,160,29,False
fcd05c70-cca4-4089-8e3f-77e3c8f9f493,3178,4441,133,162,29,False
fcd05c70-cca4-4089-8e3f-77e3c8f9f493,3177,4441,134,163,29,False
fcd05c70-cca4-4089-8e3f-77e3c8f9f493,3179,4439,136,165,29,False
fcd05c70-cca4-4089-8e3f-77e3c8f9f493,3180,4439,137,166,29,False
fcd05c70-cca4-4089-8e3f-77e3c8f9f493,3180,4438,138,167,29,False
fcd05c70-cca4-4089-8e3f-77e3c8f9f493,3179,4438,139,168,29,False
fcd05c70-cca4-4089-8e3f-77e3c8f9f493,3178,4438,140,169,29,False
fcd05c70-cca4-4089-8e3f-77e3c8f9f493,3179,4437,141,170,29,False
fcd05c70-cca4-4089-8e3f-77e3c8f9f493,3180,4436,142,171,29,False
fcd05c70-cca4-4089-8e3f-77e3c8f9f493,3180,4435,143,172,29,False
fcd05c70-cca4-4089-8e3f-77e3c8f9f493,3179,4436,144,173,29,False
fcd05c70-cca4-4089-8e3f-77e3c8f9f493,3178,4436,145,174,29,False
fcd05c70-cca4-4089-8e3f-77e3c8f9f493,3177,4436,146,175,29,False
fcd05c70-cca4-4089-8e3f-77e3c8f9f493,3175,4436,148,177,29,False
fcd05c70-cca4-4089-8e3f-77e3c8f9f493,3174,4436,149,178,29,False
fcd05c70-cca4-4089-8e3f-77e3c8f9f493,3173,4436,150,179,29,False
fcd05c70-cca4-4089-8e3f-77e3c8f9f493,3172,4436,151,180,29,False
fcd05c70-cca4-4089-8e3f-77e3c8f9f493,3168,4449,139,181,42,False
fcd05c70-cca4-4089-8e3f-77e3c8f9f493,3173,4437,152,181,29,False
fcd05c70-cca4-4089-8e3f-77e3c8f9f493,3174,4437,153,182,29,False
fcd05c70-cca4-4089-8e3f-77e3c8f9f493,3168,4447,169,182,13,False
fcd05c70-cca4-4089-8e3f-77e3c8f9f493,3174,4438,154,183,29,False
fcd05c70-cca4-4089-8e3f-77e3c8f9f493,3169,4450,154,183,29,False
fcd05c70-cca4-4089-8e3f-77e3c8f9f493,3173,4438,155,184,29,False
fcd05c70-cca4-4089-8e3f-77e3c8f9f493,3170,4450,155,184,29,False
fcd05c70-cca4-4089-8e3f-77e3c8f9f493,3171,4450,156,185,29,False
fcd05c70-cca4-4089-8e3f-77e3c8f9f493,3172,4438,156,185,29,False
fcd05c70-cca4-4089-8e3f-77e3c8f9f493,3171,4438,157,186,29,False
fcd05c70-cca4-4089-8e3f-77e3c8f9f493,3172,4451,157,186,29,False
fcd05c70-cca4-4089-8e3f-77e3c8f9f493,3175,4448,169,186,17,False
fcd05c70-cca4-4089-8e3f-77e3c8f9f493,3173,4451,158,187,29,False
fcd05c70-cca4-4089-8e3f-77e3c8f9f493,3170,4439,158,187,29,False
fcd05c70-cca4-4089-8e3f-77e3c8f9f493,3170,4440,159,188,29,False
fcd05c70-cca4-4089-8e3f-77e3c8f9f493,3173,4452,159,188,29,False
fcd05c70-cca4-4089-8e3f-77e3c8f9f493,3173,4453,160,189,29,False
fcd05c70-cca4-4089-8e3f-77e3c8f9f493,3170,4441,160,189,29,False
fcd05c70-cca4-4089-8e3f-77e3c8f9f493,3172,4454,161,190,29,False
fcd05c70-cca4-4089-8e3f-77e3c8f9f493,3171,4440,161,190,29,False
fcd05c70-cca4-4089-8e3f-77e3c8f9f493,3171,4455,162,191,29,False
fcd05c70-cca4-4089-8e3f-77e3c8f9f493,3171,4439,162,191,29,False
fcd05c70-cca4-4089-8e3f-77e3c8f9f493,3170,4456,163,192,29,False
fcd05c70-cca4-4089-8e3f-77e3c8f9f493,3169,4441,164,193,29,False
fcd05c70-cca4-4089-8e3f-77e3c8f9f493,3169,4455,164,193,29,False
fcd05c70-cca4-4089-8e3f-77e3c8f9f493,3169,4454,165,194,29,False
fcd05c70-cca4-4089-8e3f-77e3c8f9f493,3170,4442,165,194,29,False
fcd05c70-cca4-4089-8e3f-77e3c8f9f493,3169,4453,166,195,29,False
fcd05c70-cca4-4089-8e3f-77e3c8f9f493,3171,4443,166,195,29,False
fcd05c70-cca4-4089-8e3f-77e3c8f9f493,3170,4452,167,196,29,False
fcd05c70-cca4-4089-8e3f-77e3c8f9f493,3171,4444,167,196,29,False
fcd05c70-cca4-4089-8e3f-77e3c8f9f493,3172,4443,168,197,29,False
fcd05c70-cca4-4089-8e3f-77e3c8f9f493,3170,4451,168,197,29,False
fcd05c70-cca4-4089-8e3f-77e3c8f9f493,3172,4442,169,198,29,False
fcd05c70-cca4-4089-8e3f-77e3c8f9f493,3171,4449,170,199,29,False
fcd05c70-cca4-4089-8e3f-77e3c8f9f493,3172,4441,170,199,29,False
fcd05c70-cca4-4089-8e3f-77e3c8f9f493,3171,4448,171,200,29,False
fcd05c70-cca4-4089-8e3f-77e3c8f9f493,3173,4440,171,200,29,False
fcd05c70-cca4-4089-8e3f-77e3c8f9f493,3174,4439,172,201,29,False
fcd05c70-cca4-4089-8e3f-77e3c8f9f493,3172,4447,172,201,29,False
fcd05c70-cca4-4089-8e3f-77e3c8f9f493,3172,4446,173,202,29,False
fcd05c70-cca4-4089-8e3f-77e3c8f9f493,3175,4440,173,202,29,False
fcd05c70-cca4-4089-8e3f-77e3c8f9f493,3175,4441,174,203,29,False
fcd05c70-cca4-4089-8e3f-77e3c8f9f493,3172,4445,174,203,29,False
fcd05c70-cca4-4089-8e3f-77e3c8f9f493,3175,4442,175,204,29,False
