kind,name,mean_ns,p50_ns,p95_ns,max_ns,total,per_frame,window
window_stage,frame,16835456,4222000,5260000,5958420000,,,0
window_stage,async,520192,1000,256000,87398000,,,0
window_stage,logic,1505286,189000,641000,281371000,,,0
window_stage,cs2,1357908,0,473000,280386000,,,0
window_stage,layout,600,0,1000,129000,,,0
window_stage,interact,19052,21000,30000,77000,,,0
window_stage,emit,130724,137000,284000,385000,,,0
window_stage,paint,243430,345000,388000,834000,,,0
window_stage,build,243604,345000,388000,835000,,,0
window_stage,render,2143570,3016000,3353000,4024000,,,0
window_stage,present,140932,138000,156000,388000,,,0
window_stage,server,207990,1000,2000,99247000,,,0
window_counter,uitree_find_id,,,,,403337,806.674000,0
window_counter,uitree_find_id_probes,,,,,1259545,2519.090000,0
window_counter,uitree_id_rebuild,,,,,158,0.316000,0
window_counter,uitree_find_child,,,,,26981,53.962000,0
window_counter,uitree_find_child_hit,,,,,15900,31.800000,0
window_counter,uitree_find_child_ceil_miss,,,,,10496,20.992000,0
window_counter,uitree_walk_emit,,,,,1023007,2046.014000,0
window_counter,uitree_walk_hit,,,,,259590,519.180000,0
window_counter,uitree_walk_hover,,,,,42948,85.896000,0
window_counter,uitree_emit_skip,,,,,967075,1934.150000,0
window_counter,uitree_layout_resolve,,,,,434,0.868000,0
window_counter,uitree_layout_skip,,,,,215,0.430000,0
window_counter,uitree_layout_nodes,,,,,1313093,2626.186000,0
window_counter,uitree_layout_node_skip,,,,,1176860,2353.720000,0
window_counter,uitree_layout_depth_recompute,,,,,201,0.402000,0
window_counter,uitree_ensure_layout,,,,,9888,19.776000,0
window_counter,uitree_cc_create,,,,,9209,18.418000,0
window_counter,uitree_cc_delete,,,,,1,0.002000,0
window_counter,uitree_cc_deleteall,,,,,372,0.744000,0
window_counter,uitree_cc_deleteall_rows,,,,,3649,7.298000,0
window_counter,uitree_apply_geo,,,,,20635,41.270000,0
window_counter,uitree_apply_content,,,,,24246,48.492000,0
window_counter,uitree_apply_hook,,,,,6013,12.026000,0
window_counter,uitree_apply_other,,,,,218735,437.470000,0
window_gauge,uitree_components,,,,,7092,7092.000000,0
window_gauge,uitree_capacity,,,,,8192,8192.000000,0
window_gauge,uitree_free_list,,,,,1,1.000000,0
window_gauge,uitree_node_bytes,,,,,14221312,14221312.000000,0
window_counter,cs2_scripts,,,,,6466,12.932000,0
window_counter,cs2_opcodes,,,,,1752592,3505.184000,0
window_counter,cs2_host_ops,,,,,243946,487.892000,0
window_counter,cs2_cycles,,,,,1752592,3505.184000,0
window_counter,cs2_vm_acquire,,,,,4376,8.752000,0
window_counter,cs2_vm_pool_hit,,,,,4374,8.748000,0
window_counter,cs2_vm_pool_miss,,,,,2,0.004000,0
window_counter,cs2_vm_init_ns,,,,,2897000,5794.000000,0
window_counter,cs2_frame_pool_hit,,,,,9704,19.408000,0
window_counter,cs2_frame_pool_miss,,,,,11,0.022000,0
window_counter,cache_model_hit,,,,,25210,50.420000,0
window_counter,cache_model_miss,,,,,2193,4.386000,0
window_counter,cache_sprite_hit,,,,,2665,5.330000,0
window_counter,cache_sprite_miss,,,,,911,1.822000,0
window_counter,painter_pops,,,,,2842148,5684.296000,0
window_counter,painter_gate_rejects,,,,,1241577,2483.154000,0
window_counter,painter_pushes,,,,,2842148,5684.296000,0
window_counter,painter_push_dedup,,,,,1242059,2484.118000,0
window_counter,painter_drain_events,,,,,1352,2.704000,0
window_gauge,painter_commands,,,,,5443,5443.000000,0
window_gauge,painter_tiles_remaining_set,,,,,4325,4325.000000,0
window_gauge,scene_elements,,,,,59771,59771.000000,0
window_gauge,scene_anim_list,,,,,309,309.000000,0
window_gauge,zone_map_count,,,,,46,46.000000,0
window_gauge,zone_map_capacity,,,,,256,256.000000,0
window_gauge,npc_slot_max,,,,,65,65.000000,0
window_gauge,cache_model_size,,,,,1139,1139.000000,0
window_gauge,cache_sprite_size,,,,,556,556.000000,0
window_stage,frame,4728040,4473000,6041000,23547000,,,1
window_stage,async,64064,2000,204000,1488000,,,1
window_stage,logic,274112,227000,416000,4959000,,,1
window_stage,cs2,53786,0,162000,2709000,,,1
window_stage,layout,98,0,1000,1000,,,1
window_stage,interact,26864,25000,32000,579000,,,1
window_stage,emit,203096,187000,301000,1568000,,,1
window_stage,paint,386666,360000,417000,2855000,,,1
window_stage,build,386930,360000,418000,2856000,,,1
window_stage,render,3346658,3173000,4165000,16033000,,,1
window_stage,present,144460,140000,158000,416000,,,1
window_stage,server,1974,1000,2000,110000,,,1
window_counter,uitree_find_id,,,,,287990,575.980000,1
window_counter,uitree_find_id_probes,,,,,531607,1063.214000,1
window_counter,uitree_id_rebuild,,,,,2,0.004000,1
window_counter,uitree_find_child,,,,,3240,6.480000,1
window_counter,uitree_find_child_hit,,,,,969,1.938000,1
window_counter,uitree_find_child_ceil_miss,,,,,2271,4.542000,1
window_counter,uitree_walk_emit,,,,,1437156,2874.312000,1
window_counter,uitree_walk_hit,,,,,355000,710.000000,1
window_counter,uitree_walk_hover,,,,,52000,104.000000,1
window_counter,uitree_emit_skip,,,,,1358501,2717.002000,1
window_counter,uitree_layout_resolve,,,,,302,0.604000,1
window_counter,uitree_layout_skip,,,,,149,0.298000,1
window_counter,uitree_layout_nodes,,,,,1085076,2170.152000,1
window_counter,uitree_layout_node_skip,,,,,1056180,2112.360000,1
window_counter,uitree_layout_depth_recompute,,,,,149,0.298000,1
window_counter,uitree_ensure_layout,,,,,8595,17.190000,1
window_counter,uitree_cc_delete,,,,,2,0.004000,1
window_counter,uitree_cc_deleteall,,,,,150,0.300000,1
window_counter,uitree_apply_geo,,,,,7327,14.654000,1
window_counter,uitree_apply_content,,,,,6319,12.638000,1
window_counter,uitree_apply_hook,,,,,257,0.514000,1
window_counter,uitree_apply_other,,,,,251028,502.056000,1
window_gauge,uitree_components,,,,,7092,7092.000000,1
window_gauge,uitree_capacity,,,,,8192,8192.000000,1
window_gauge,uitree_free_list,,,,,3,3.000000,1
window_gauge,uitree_node_bytes,,,,,14221312,14221312.000000,1
window_counter,cs2_scripts,,,,,4500,9.000000,1
window_counter,cs2_opcodes,,,,,401464,802.928000,1
window_counter,cs2_host_ops,,,,,53951,107.902000,1
window_counter,cs2_cycles,,,,,401464,802.928000,1
window_counter,cs2_vm_acquire,,,,,4500,9.000000,1
window_counter,cs2_vm_pool_hit,,,,,4500,9.000000,1
window_counter,cs2_vm_init_ns,,,,,3074000,6148.000000,1
window_counter,cs2_frame_pool_hit,,,,,8772,17.544000,1
window_counter,cache_sprite_hit,,,,,1,0.002000,1
window_counter,painter_pops,,,,,4204830,8409.660000,1
window_counter,painter_gate_rejects,,,,,1836615,3673.230000,1
window_counter,painter_pushes,,,,,4204830,8409.660000,1
window_counter,painter_push_dedup,,,,,1836474,3672.948000,1
window_counter,painter_drain_events,,,,,2000,4.000000,1
window_gauge,painter_commands,,,,,5443,5443.000000,1
window_gauge,painter_tiles_remaining_set,,,,,4325,4325.000000,1
window_gauge,scene_elements,,,,,59771,59771.000000,1
window_gauge,scene_anim_list,,,,,309,309.000000,1
window_gauge,zone_map_count,,,,,46,46.000000,1
window_gauge,zone_map_capacity,,,,,256,256.000000,1
window_gauge,npc_slot_max,,,,,65,65.000000,1
window_gauge,cache_model_size,,,,,1139,1139.000000,1
window_gauge,cache_sprite_size,,,,,556,556.000000,1
window_stage,frame,4396244,4384000,4846000,5570000,,,2
window_stage,async,54368,2000,194000,562000,,,2
window_stage,logic,240656,215000,400000,628000,,,2
window_stage,cs2,42518,0,154000,417000,,,2
window_stage,layout,94,0,1000,1000,,,2
window_stage,interact,23180,22000,30000,80000,,,2
window_stage,emit,182034,168000,287000,333000,,,2
window_stage,paint,356466,355000,385000,647000,,,2
window_stage,build,356682,355000,385000,647000,,,2
window_stage,render,3144254,3134000,3429000,3692000,,,2
window_stage,present,141714,139000,154000,261000,,,2
window_stage,server,1650,1000,2000,102000,,,2
window_counter,uitree_find_id,,,,,290506,581.012000,2
window_counter,uitree_find_id_probes,,,,,526875,1053.750000,2
window_counter,uitree_find_child,,,,,3120,6.240000,2
window_counter,uitree_find_child_hit,,,,,930,1.860000,2
window_counter,uitree_find_child_ceil_miss,,,,,2190,4.380000,2
window_counter,uitree_walk_emit,,,,,1437000,2874.000000,2
window_counter,uitree_walk_hit,,,,,355000,710.000000,2
window_counter,uitree_walk_hover,,,,,52000,104.000000,2
window_counter,uitree_emit_skip,,,,,1356684,2713.368000,2
window_counter,uitree_layout_resolve,,,,,286,0.572000,2
window_counter,uitree_layout_skip,,,,,141,0.282000,2
window_counter,uitree_layout_nodes,,,,,1028340,2056.680000,2
window_counter,uitree_layout_node_skip,,,,,1006560,2013.120000,2
window_counter,uitree_layout_depth_recompute,,,,,142,0.284000,2
window_counter,uitree_ensure_layout,,,,,8150,16.300000,2
window_counter,uitree_cc_deleteall,,,,,142,0.284000,2
window_counter,uitree_apply_geo,,,,,9120,18.240000,2
window_counter,uitree_apply_content,,,,,8120,16.240000,2
window_counter,uitree_apply_hook,,,,,282,0.564000,2
window_counter,uitree_apply_other,,,,,250988,501.976000,2
window_gauge,uitree_components,,,,,7092,7092.000000,2
window_gauge,uitree_capacity,,,,,8192,8192.000000,2
window_gauge,uitree_free_list,,,,,3,3.000000,2
window_gauge,uitree_node_bytes,,,,,14221312,14221312.000000,2
window_counter,cs2_scripts,,,,,4260,8.520000,2
window_counter,cs2_opcodes,,,,,390627,781.254000,2
window_counter,cs2_host_ops,,,,,52069,104.138000,2
window_counter,cs2_cycles,,,,,390627,781.254000,2
window_counter,cs2_vm_acquire,,,,,4260,8.520000,2
window_counter,cs2_vm_pool_hit,,,,,4260,8.520000,2
window_counter,cs2_vm_init_ns,,,,,2682000,5364.000000,2
window_counter,cs2_frame_pool_hit,,,,,8354,16.708000,2
window_counter,cache_sprite_hit,,,,,2,0.004000,2
window_counter,painter_pops,,,,,4203321,8406.642000,2
window_counter,painter_gate_rejects,,,,,1835708,3671.416000,2
window_counter,painter_pushes,,,,,4203321,8406.642000,2
window_counter,painter_push_dedup,,,,,1836758,3673.516000,2
window_counter,painter_drain_events,,,,,2000,4.000000,2
window_gauge,painter_commands,,,,,5443,5443.000000,2
window_gauge,painter_tiles_remaining_set,,,,,4325,4325.000000,2
window_gauge,zone_map_count,,,,,48,48.000000,2
window_gauge,zone_map_capacity,,,,,256,256.000000,2
window_gauge,npc_slot_max,,,,,65,65.000000,2
window_stage,frame,4636744,4481000,5723000,10930000,,,3
window_stage,async,63760,2000,211000,1022000,,,3
window_stage,logic,279948,226000,431000,2806000,,,3
window_stage,cs2,49438,0,161000,598000,,,3
window_stage,layout,114,0,1000,1000,,,3
window_stage,interact,26156,25000,34000,124000,,,3
window_stage,emit,202508,189000,305000,692000,,,3
window_stage,paint,379814,362000,441000,1749000,,,3
window_stage,build,380098,362000,441000,1750000,,,3
window_stage,render,3266206,3174000,3851000,6566000,,,3
window_stage,present,143182,141000,155000,317000,,,3
window_stage,server,1610,1000,2000,84000,,,3
window_counter,uitree_find_id,,,,,294975,589.950000,3
window_counter,uitree_find_id_probes,,,,,542038,1084.076000,3
window_counter,uitree_find_child,,,,,3220,6.440000,3
window_counter,uitree_find_child_hit,,,,,955,1.910000,3
window_counter,uitree_find_child_ceil_miss,,,,,2265,4.530000,3
window_counter,uitree_walk_emit,,,,,1437000,2874.000000,3
window_counter,uitree_walk_hit,,,,,355000,710.000000,3
window_counter,uitree_walk_hover,,,,,52000,104.000000,3
window_counter,uitree_emit_skip,,,,,1354864,2709.728000,3
window_counter,uitree_layout_resolve,,,,,299,0.598000,3
window_counter,uitree_layout_skip,,,,,148,0.296000,3
window_counter,uitree_layout_nodes,,,,,1070892,2141.784000,3
window_counter,uitree_layout_node_skip,,,,,1042006,2084.012000,3
window_counter,uitree_layout_depth_recompute,,,,,147,0.294000,3
window_counter,uitree_ensure_layout,,,,,8414,16.828000,3
window_counter,uitree_cc_deleteall,,,,,147,0.294000,3
window_counter,uitree_apply_geo,,,,,10952,21.904000,3
window_counter,uitree_apply_content,,,,,9963,19.926000,3
window_counter,uitree_apply_hook,,,,,287,0.574000,3
window_counter,uitree_apply_other,,,,,251010,502.020000,3
window_gauge,uitree_components,,,,,7092,7092.000000,3
window_gauge,uitree_capacity,,,,,8192,8192.000000,3
window_gauge,uitree_free_list,,,,,3,3.000000,3
window_gauge,uitree_node_bytes,,,,,14221312,14221312.000000,3
window_counter,cs2_scripts,,,,,4410,8.820000,3
window_counter,cs2_opcodes,,,,,402797,805.594000,3
window_counter,cs2_host_ops,,,,,53786,107.572000,3
window_counter,cs2_cycles,,,,,402797,805.594000,3
window_counter,cs2_vm_acquire,,,,,4410,8.820000,3
window_counter,cs2_vm_pool_hit,,,,,4410,8.820000,3
window_counter,cs2_vm_init_ns,,,,,3102000,6204.000000,3
window_counter,cs2_frame_pool_hit,,,,,8644,17.288000,3
window_counter,cache_sprite_hit,,,,,1,0.002000,3
window_counter,painter_pops,,,,,4204082,8408.164000,3
window_counter,painter_gate_rejects,,,,,1836243,3672.486000,3
window_counter,painter_pushes,,,,,4204082,8408.164000,3
window_counter,painter_push_dedup,,,,,1836602,3673.204000,3
window_counter,painter_drain_events,,,,,2000,4.000000,3
window_gauge,painter_commands,,,,,5442,5442.000000,3
window_gauge,painter_tiles_remaining_set,,,,,4325,4325.000000,3
window_gauge,scene_elements,,,,,59771,59771.000000,3
window_gauge,scene_anim_list,,,,,309,309.000000,3
window_gauge,zone_map_count,,,,,49,49.000000,3
window_gauge,zone_map_capacity,,,,,256,256.000000,3
window_gauge,npc_slot_max,,,,,65,65.000000,3
window_gauge,cache_model_size,,,,,1139,1139.000000,3
window_gauge,cache_sprite_size,,,,,556,556.000000,3
window_stage,frame,4504738,4445000,5119000,8027000,,,4
window_stage,async,58598,2000,220000,570000,,,4
window_stage,logic,255820,216000,422000,918000,,,4
window_stage,cs2,48826,0,180000,665000,,,4
window_stage,layout,104,0,1000,1000,,,4
window_stage,interact,25210,24000,33000,170000,,,4
window_stage,emit,190170,179000,295000,489000,,,4
window_stage,paint,367782,359000,418000,1190000,,,4
window_stage,build,368030,359000,418000,1191000,,,4
window_stage,render,3196082,3157000,3615000,5106000,,,4
window_stage,present,144794,141000,163000,318000,,,4
window_stage,server,1742,1000,2000,80000,,,4
window_counter,uitree_find_id,,,,,298015,596.030000,4
window_counter,uitree_find_id_probes,,,,,544281,1088.562000,4
window_counter,uitree_find_child,,,,,3140,6.280000,4
window_counter,uitree_find_child_hit,,,,,920,1.840000,4
window_counter,uitree_find_child_ceil_miss,,,,,2220,4.440000,4
window_counter,uitree_walk_emit,,,,,1437000,2874.000000,4
window_counter,uitree_walk_hit,,,,,355000,710.000000,4
window_counter,uitree_walk_hover,,,,,52000,104.000000,4
window_counter,uitree_emit_skip,,,,,1353055,2706.110000,4
window_counter,uitree_layout_resolve,,,,,293,0.586000,4
window_counter,uitree_layout_skip,,,,,144,0.288000,4
window_counter,uitree_layout_nodes,,,,,1056708,2113.416000,4
window_counter,uitree_layout_node_skip,,,,,1027846,2055.692000,4
window_counter,uitree_layout_depth_recompute,,,,,145,0.290000,4
window_counter,uitree_ensure_layout,,,,,8287,16.574000,4
window_counter,uitree_cc_deleteall,,,,,145,0.290000,4
window_counter,uitree_apply_geo,,,,,12717,25.434000,4
window_counter,uitree_apply_content,,,,,11764,23.528000,4
window_counter,uitree_apply_hook,,,,,252,0.504000,4
window_counter,uitree_apply_other,,,,,251006,502.012000,4
window_gauge,uitree_components,,,,,7092,7092.000000,4
window_gauge,uitree_capacity,,,,,8192,8192.000000,4
window_gauge,uitree_free_list,,,,,3,3.000000,4
window_gauge,uitree_node_bytes,,,,,14221312,14221312.000000,4
window_counter,cs2_scripts,,,,,4350,8.700000,4
window_counter,cs2_opcodes,,,,,390203,780.406000,4
window_counter,cs2_host_ops,,,,,52375,104.750000,4
window_counter,cs2_cycles,,,,,390203,780.406000,4
window_counter,cs2_vm_acquire,,,,,4350,8.700000,4
window_counter,cs2_vm_pool_hit,,,,,4350,8.700000,4
window_counter,cs2_vm_init_ns,,,,,2985000,5970.000000,4
window_counter,cs2_frame_pool_hit,,,,,8506,17.012000,4
window_counter,cache_sprite_hit,,,,,2,0.004000,4
window_counter,painter_pops,,,,,4198646,8397.292000,4
window_counter,painter_gate_rejects,,,,,1832500,3665.000000,4
window_counter,painter_pushes,,,,,4198646,8397.292000,4
window_counter,painter_push_dedup,,,,,1839000,3678.000000,4
window_counter,painter_drain_events,,,,,2000,4.000000,4
window_gauge,painter_commands,,,,,5441,5441.000000,4
window_gauge,painter_tiles_remaining_set,,,,,4325,4325.000000,4
window_gauge,zone_map_count,,,,,52,52.000000,4
window_gauge,zone_map_capacity,,,,,256,256.000000,4
window_gauge,npc_slot_max,,,,,65,65.000000,4
window_stage,frame,5283784,4685000,9316000,16433000,,,5
window_stage,async,90532,3000,454000,1704000,,,5
window_stage,logic,372876,248000,1072000,2073000,,,5
window_stage,cs2,84306,0,540000,918000,,,5
window_stage,layout,112,0,1000,1000,,,5
window_stage,interact,29818,26000,67000,166000,,,5
window_stage,emit,233248,197000,448000,1312000,,,5
window_stage,paint,464644,367000,1141000,2483000,,,5
window_stage,build,464942,368000,1141000,2483000,,,5
window_stage,render,3591600,3238000,5824000,9763000,,,5
window_stage,present,158056,142000,193000,3465000,,,5
window_stage,server,2650,1000,3000,315000,,,5
window_counter,uitree_find_id,,,,,305069,610.138000,5
window_counter,uitree_find_id_probes,,,,,582428,1164.856000,5
window_counter,uitree_find_child,,,,,3560,7.120000,5
window_counter,uitree_find_child_hit,,,,,1040,2.080000,5
window_counter,uitree_find_child_ceil_miss,,,,,2520,5.040000,5
window_counter,uitree_walk_emit,,,,,1437000,2874.000000,5
window_counter,uitree_walk_hit,,,,,355000,710.000000,5
window_counter,uitree_walk_hover,,,,,52000,104.000000,5
window_counter,uitree_emit_skip,,,,,1351162,2702.324000,5
window_counter,uitree_layout_resolve,,,,,332,0.664000,5
window_counter,uitree_layout_skip,,,,,164,0.328000,5
window_counter,uitree_layout_nodes,,,,,1191456,2382.912000,5
window_counter,uitree_layout_node_skip,,,,,1162518,2325.036000,5
window_counter,uitree_layout_depth_recompute,,,,,164,0.328000,5
window_counter,uitree_ensure_layout,,,,,9315,18.630000,5
window_counter,uitree_cc_deleteall,,,,,164,0.328000,5
window_counter,uitree_apply_geo,,,,,14722,29.444000,5
window_counter,uitree_apply_content,,,,,13750,27.500000,5
window_counter,uitree_apply_hook,,,,,304,0.608000,5
window_counter,uitree_apply_other,,,,,251112,502.224000,5
window_gauge,uitree_components,,,,,7092,7092.000000,5
window_gauge,uitree_capacity,,,,,8192,8192.000000,5
window_gauge,uitree_free_list,,,,,3,3.000000,5
window_gauge,uitree_node_bytes,,,,,14221312,14221312.000000,5
window_counter,cs2_scripts,,,,,4920,9.840000,5
window_counter,cs2_opcodes,,,,,443886,887.772000,5
window_counter,cs2_host_ops,,,,,59549,119.098000,5
window_counter,cs2_cycles,,,,,443886,887.772000,5
window_counter,cs2_vm_acquire,,,,,4920,9.840000,5
window_counter,cs2_vm_pool_hit,,,,,4920,9.840000,5
window_counter,cs2_vm_init_ns,,,,,4795000,9590.000000,5
window_counter,cs2_frame_pool_hit,,,,,9630,19.260000,5
window_counter,cache_model_hit,,,,,16,0.032000,5
window_counter,cache_sprite_hit,,,,,1,0.002000,5
window_counter,painter_pops,,,,,4200354,8400.708000,5
window_counter,painter_gate_rejects,,,,,1833684,3667.368000,5
window_counter,painter_pushes,,,,,4200354,8400.708000,5
window_counter,painter_push_dedup,,,,,1838120,3676.240000,5
window_counter,painter_drain_events,,,,,2000,4.000000,5
window_gauge,painter_commands,,,,,5442,5442.000000,5
window_gauge,painter_tiles_remaining_set,,,,,4325,4325.000000,5
window_gauge,zone_map_count,,,,,52,52.000000,5
window_gauge,zone_map_capacity,,,,,256,256.000000,5
window_gauge,npc_slot_max,,,,,65,65.000000,5
window_stage,frame,7988102,7464000,12601000,15010000,,,6
window_stage,async,225186,5000,587000,1690000,,,6
window_stage,logic,981586,983000,1750000,2136000,,,6
window_stage,cs2,229250,0,637000,890000,,,6
window_stage,layout,212,0,1000,1000,,,6
window_stage,interact,50186,59000,81000,328000,,,6
window_stage,emit,323642,337000,562000,1239000,,,6
window_stage,paint,783908,696000,1391000,1968000,,,6
window_stage,build,784380,696000,1391000,1969000,,,6
window_stage,render,4764570,4188000,8039000,9164000,,,6
window_stage,present,180458,143000,349000,520000,,,6
window_stage,server,3610,2000,3000,145000,,,6
window_counter,uitree_find_id,,,,,321666,643.332000,6
window_counter,uitree_find_id_probes,,,,,699161,1398.322000,6
window_counter,uitree_find_child,,,,,5040,10.080000,6
window_counter,uitree_find_child_hit,,,,,1485,2.970000,6
window_counter,uitree_find_child_ceil_miss,,,,,3555,7.110000,6
window_counter,uitree_walk_emit,,,,,1437000,2874.000000,6
window_counter,uitree_walk_hit,,,,,355000,710.000000,6
window_counter,uitree_walk_hover,,,,,52000,104.000000,6
window_counter,uitree_emit_skip,,,,,1348675,2697.350000,6
window_counter,uitree_layout_resolve,,,,,469,0.938000,6
window_counter,uitree_layout_skip,,,,,232,0.464000,6
window_counter,uitree_layout_nodes,,,,,1680804,3361.608000,6
window_counter,uitree_layout_node_skip,,,,,1637443,3274.886000,6
window_counter,uitree_layout_depth_recompute,,,,,231,0.462000,6
window_counter,uitree_ensure_layout,,,,,12929,25.858000,6
window_counter,uitree_cc_deleteall,,,,,231,0.462000,6
window_counter,uitree_apply_geo,,,,,17603,35.206000,6
window_counter,uitree_apply_content,,,,,16621,33.242000,6
window_counter,uitree_apply_hook,,,,,441,0.882000,6
window_counter,uitree_apply_other,,,,,251590,503.180000,6
window_gauge,uitree_components,,,,,7092,7092.000000,6
window_gauge,uitree_capacity,,,,,8192,8192.000000,6
window_gauge,uitree_free_list,,,,,3,3.000000,6
window_gauge,uitree_node_bytes,,,,,14221312,14221312.000000,6
window_counter,cs2_scripts,,,,,6930,13.860000,6
window_counter,cs2_opcodes,,,,,630096,1260.192000,6
window_counter,cs2_host_ops,,,,,84305,168.610000,6
window_counter,cs2_cycles,,,,,630096,1260.192000,6
window_counter,cs2_vm_acquire,,,,,6930,13.860000,6
window_counter,cs2_vm_pool_hit,,,,,6930,13.860000,6
window_counter,cs2_vm_init_ns,,,,,14364000,28728.000000,6
window_counter,cs2_frame_pool_hit,,,,,13577,27.154000,6
window_counter,cache_sprite_hit,,,,,3,0.006000,6
window_counter,painter_pops,,,,,4201701,8403.402000,6
window_counter,painter_gate_rejects,,,,,1834694,3669.388000,6
window_counter,painter_pushes,,,,,4201701,8403.402000,6
window_counter,painter_push_dedup,,,,,1837260,3674.520000,6
window_counter,painter_drain_events,,,,,2000,4.000000,6
window_gauge,painter_commands,,,,,5443,5443.000000,6
window_gauge,painter_tiles_remaining_set,,,,,4325,4325.000000,6
window_gauge,scene_elements,,,,,59771,59771.000000,6
window_gauge,scene_anim_list,,,,,309,309.000000,6
window_gauge,zone_map_count,,,,,52,52.000000,6
window_gauge,zone_map_capacity,,,,,256,256.000000,6
window_gauge,npc_slot_max,,,,,65,65.000000,6
window_gauge,cache_model_size,,,,,1139,1139.000000,6
window_gauge,cache_sprite_size,,,,,556,556.000000,6
window_stage,frame,7992862,4926000,12837000,361046000,,,7
window_stage,async,246460,4000,606000,14490000,,,7
window_stage,logic,724564,366000,1836000,39400000,,,7
window_stage,cs2,242980,0,638000,36590000,,,7
window_stage,layout,208,0,1000,5000,,,7
window_stage,interact,36808,27000,70000,188000,,,7
window_stage,emit,318578,222000,495000,13244000,,,7
window_stage,paint,711254,371000,1339000,45919000,,,7
window_stage,build,711634,371000,1339000,45919000,,,7
window_stage,render,5197446,3306000,8247000,351211000,,,7
window_stage,present,193956,142000,308000,9197000,,,7
window_stage,server,3704,1000,3000,255000,,,7
window_counter,uitree_find_id,,,,,325674,651.348000,7
window_counter,uitree_find_id_probes,,,,,695732,1391.464000,7
window_counter,uitree_find_child,,,,,4880,9.760000,7
window_counter,uitree_find_child_hit,,,,,1460,2.920000,7
window_counter,uitree_find_child_ceil_miss,,,,,3420,6.840000,7
window_counter,uitree_walk_emit,,,,,1437000,2874.000000,7
window_counter,uitree_walk_hit,,,,,355000,710.000000,7
window_counter,uitree_walk_hover,,,,,52000,104.000000,7
window_counter,uitree_emit_skip,,,,,1345920,2691.840000,7
window_counter,uitree_layout_resolve,,,,,411,0.822000,7
window_counter,uitree_layout_skip,,,,,203,0.406000,7
window_counter,uitree_layout_nodes,,,,,1475136,2950.272000,7
window_counter,uitree_layout_node_skip,,,,,1438951,2877.902000,7
window_counter,uitree_layout_depth_recompute,,,,,203,0.406000,7
window_counter,uitree_ensure_layout,,,,,12376,24.752000,7
window_counter,uitree_cc_deleteall,,,,,220,0.440000,7
window_counter,uitree_apply_geo,,,,,20382,40.764000,7
window_counter,uitree_apply_content,,,,,19304,38.608000,7
window_counter,uitree_apply_hook,,,,,492,0.984000,7
window_counter,uitree_apply_other,,,,,251496,502.992000,7
window_gauge,uitree_components,,,,,7092,7092.000000,7
window_gauge,uitree_capacity,,,,,8192,8192.000000,7
window_gauge,uitree_free_list,,,,,3,3.000000,7
window_gauge,uitree_node_bytes,,,,,14221312,14221312.000000,7
window_counter,cs2_scripts,,,,,6600,13.200000,7
window_counter,cs2_opcodes,,,,,616766,1233.532000,7
window_counter,cs2_host_ops,,,,,81942,163.884000,7
window_counter,cs2_cycles,,,,,616766,1233.532000,7
window_counter,cs2_vm_acquire,,,,,6600,13.200000,7
window_counter,cs2_vm_pool_hit,,,,,6600,13.200000,7
window_counter,cs2_vm_init_ns,,,,,16059000,32118.000000,7
window_counter,cs2_frame_pool_hit,,,,,12978,25.956000,7
window_counter,cache_sprite_hit,,,,,2,0.004000,7
window_counter,painter_pops,,,,,4203931,8407.862000,7
window_counter,painter_gate_rejects,,,,,1836075,3672.150000,7
window_counter,painter_pushes,,,,,4203931,8407.862000,7
window_counter,painter_push_dedup,,,,,1836408,3672.816000,7
window_counter,painter_drain_events,,,,,2000,4.000000,7
window_gauge,painter_commands,,,,,5443,5443.000000,7
window_gauge,painter_tiles_remaining_set,,,,,4325,4325.000000,7
window_gauge,scene_elements,,,,,59771,59771.000000,7
window_gauge,scene_anim_list,,,,,309,309.000000,7
window_gauge,zone_map_count,,,,,52,52.000000,7
window_gauge,zone_map_capacity,,,,,256,256.000000,7
window_gauge,npc_slot_max,,,,,65,65.000000,7
window_gauge,cache_model_size,,,,,1139,1139.000000,7
window_gauge,cache_sprite_size,,,,,556,556.000000,7
window_stage,frame,8704640,5556000,13725000,250162000,,,8
window_stage,async,405602,4000,688000,35666000,,,8
window_stage,logic,901432,384000,1923000,42714000,,,8
window_stage,cs2,247908,0,656000,33013000,,,8
window_stage,layout,200,0,1000,1000,,,8
window_stage,interact,52440,26000,78000,6233000,,,8
window_stage,emit,292000,222000,560000,7622000,,,8
window_stage,paint,808414,370000,1361000,37767000,,,8
window_stage,build,808774,370000,1362000,37767000,,,8
window_stage,render,5398148,3294000,8698000,212734000,,,8
window_stage,present,181784,143000,336000,3900000,,,8
window_stage,server,3758,1000,3000,177000,,,8
window_counter,uitree_find_id,,,,,336748,673.496000,8
window_counter,uitree_find_id_probes,,,,,741457,1482.914000,8
window_counter,uitree_find_child,,,,,5480,10.960000,8
window_counter,uitree_find_child_hit,,,,,1730,3.460000,8
window_counter,uitree_find_child_ceil_miss,,,,,3750,7.500000,8
window_counter,uitree_walk_emit,,,,,1437000,2874.000000,8
window_counter,uitree_walk_hit,,,,,355000,710.000000,8
window_counter,uitree_walk_hover,,,,,52000,104.000000,8
window_counter,uitree_emit_skip,,,,,1342534,2685.068000,8
window_counter,uitree_layout_resolve,,,,,429,0.858000,8
window_counter,uitree_layout_skip,,,,,211,0.422000,8
window_counter,uitree_layout_nodes,,,,,1546056,3092.112000,8
window_counter,uitree_layout_node_skip,,,,,1502751,3005.502000,8
window_counter,uitree_layout_depth_recompute,,,,,212,0.424000,8
window_counter,uitree_ensure_layout,,,,,13503,27.006000,8
window_counter,uitree_cc_deleteall,,,,,240,0.480000,8
window_counter,uitree_apply_geo,,,,,23973,47.946000,8
window_counter,uitree_apply_content,,,,,22880,45.760000,8
window_counter,uitree_apply_hook,,,,,582,1.164000,8
window_counter,uitree_apply_other,,,,,251736,503.472000,8
window_gauge,uitree_components,,,,,7092,7092.000000,8
window_gauge,uitree_capacity,,,,,8192,8192.000000,8
window_gauge,uitree_free_list,,,,,3,3.000000,8
window_gauge,uitree_node_bytes,,,,,14221312,14221312.000000,8
window_counter,cs2_scripts,,,,,7200,14.400000,8
window_counter,cs2_opcodes,,,,,692799,1385.598000,8
window_counter,cs2_host_ops,,,,,90598,181.196000,8
window_counter,cs2_cycles,,,,,692799,1385.598000,8
window_counter,cs2_vm_acquire,,,,,7200,14.400000,8
window_counter,cs2_vm_pool_hit,,,,,7200,14.400000,8
window_counter,cs2_vm_init_ns,,,,,20985000,41970.000000,8
window_counter,cs2_frame_pool_hit,,,,,14195,28.390000,8
window_counter,cache_model_hit,,,,,14,0.028000,8
window_counter,cache_sprite_hit,,,,,2,0.004000,8
window_counter,painter_pops,,,,,4199548,8399.096000,8
window_counter,painter_gate_rejects,,,,,1832536,3665.072000,8
window_counter,painter_pushes,,,,,4199548,8399.096000,8
window_counter,painter_push_dedup,,,,,1838976,3677.952000,8
window_counter,painter_drain_events,,,,,2000,4.000000,8
window_gauge,painter_commands,,,,,5443,5443.000000,8
window_gauge,painter_tiles_remaining_set,,,,,4325,4325.000000,8
window_gauge,zone_map_count,,,,,52,52.000000,8
window_gauge,zone_map_capacity,,,,,256,256.000000,8
window_gauge,npc_slot_max,,,,,65,65.000000,8
window_stage,frame,4452934,4416000,4973000,5474000,,,9
window_stage,async,52482,2000,184000,613000,,,9
window_stage,logic,251608,220000,416000,682000,,,9
window_stage,cs2,44324,0,157000,425000,,,9
window_stage,layout,132,0,1000,18000,,,9
window_stage,interact,24438,23000,31000,118000,,,9
window_stage,emit,191866,183000,294000,448000,,,9
window_stage,paint,362282,356000,408000,686000,,,9
window_stage,build,362514,356000,408000,686000,,,9
window_stage,render,3166638,3137000,3553000,3873000,,,9
window_stage,present,141444,139000,156000,212000,,,9
window_stage,server,1540,1000,2000,102000,,,9
window_counter,uitree_find_id,,,,,322703,645.406000,9
window_counter,uitree_find_id_probes,,,,,584572,1169.144000,9
window_counter,uitree_find_child,,,,,3100,6.200000,9
window_counter,uitree_find_child_hit,,,,,910,1.820000,9
window_counter,uitree_find_child_ceil_miss,,,,,2190,4.380000,9
window_counter,uitree_walk_emit,,,,,1437000,2874.000000,9
window_counter,uitree_walk_hit,,,,,355000,710.000000,9
window_counter,uitree_walk_hover,,,,,52000,104.000000,9
window_counter,uitree_emit_skip,,,,,1340566,2681.132000,9
window_counter,uitree_layout_resolve,,,,,290,0.580000,9
window_counter,uitree_layout_skip,,,,,143,0.286000,9
window_counter,uitree_layout_nodes,,,,,1042524,2085.048000,9
window_counter,uitree_layout_node_skip,,,,,1013669,2027.338000,9
window_counter,uitree_layout_depth_recompute,,,,,143,0.286000,9
window_counter,uitree_ensure_layout,,,,,8181,16.362000,9
window_counter,uitree_cc_deleteall,,,,,143,0.286000,9
window_counter,uitree_apply_geo,,,,,25198,50.396000,9
window_counter,uitree_apply_content,,,,,24243,48.486000,9
window_counter,uitree_apply_hook,,,,,250,0.500000,9
window_counter,uitree_apply_other,,,,,250994,501.988000,9
window_gauge,uitree_components,,,,,7092,7092.000000,9
window_gauge,uitree_capacity,,,,,8192,8192.000000,9
window_gauge,uitree_free_list,,,,,3,3.000000,9
window_gauge,uitree_node_bytes,,,,,14221312,14221312.000000,9
window_counter,cs2_scripts,,,,,4290,8.580000,9
window_counter,cs2_opcodes,,,,,385369,770.738000,9
window_counter,cs2_host_ops,,,,,51697,103.394000,9
window_counter,cs2_cycles,,,,,385369,770.738000,9
window_counter,cs2_vm_acquire,,,,,4290,8.580000,9
window_counter,cs2_vm_pool_hit,,,,,4290,8.580000,9
window_counter,cs2_vm_init_ns,,,,,2637000,5274.000000,9
window_counter,cs2_frame_pool_hit,,,,,8390,16.780000,9
window_counter,cache_sprite_hit,,,,,2,0.004000,9
window_counter,painter_pops,,,,,4200856,8401.712000,9
window_counter,painter_gate_rejects,,,,,1833622,3667.244000,9
window_counter,painter_pushes,,,,,4200856,8401.712000,9
window_counter,painter_push_dedup,,,,,1838112,3676.224000,9
window_counter,painter_drain_events,,,,,2000,4.000000,9
window_gauge,painter_commands,,,,,5443,5443.000000,9
window_gauge,painter_tiles_remaining_set,,,,,4325,4325.000000,9
window_gauge,zone_map_count,,,,,52,52.000000,9
window_gauge,zone_map_capacity,,,,,256,256.000000,9
window_gauge,npc_slot_max,,,,,65,65.000000,9
window_stage,frame,4989634,4518000,8548000,18274000,,,10
window_stage,async,83578,3000,285000,1380000,,,10
window_stage,logic,300474,232000,446000,2273000,,,10
window_stage,cs2,62582,0,180000,1125000,,,10
window_stage,layout,112,0,1000,1000,,,10
window_stage,interact,28014,25000,34000,676000,,,10
window_stage,emit,212228,194000,319000,1659000,,,10
window_stage,paint,405680,363000,627000,2566000,,,10
window_stage,build,405894,363000,627000,2566000,,,10
window_stage,render,3503964,3203000,5879000,16031000,,,10
window_stage,present,148804,140000,163000,884000,,,10
window_stage,server,3016,1000,2000,621000,,,10
window_counter,uitree_find_id,,,,,328921,657.842000,10
window_counter,uitree_find_id_probes,,,,,611091,1222.182000,10
window_counter,uitree_find_child,,,,,3420,6.840000,10
window_counter,uitree_find_child_hit,,,,,1005,2.010000,10
window_counter,uitree_find_child_ceil_miss,,,,,2415,4.830000,10
window_counter,uitree_walk_emit,,,,,1437000,2874.000000,10
window_counter,uitree_walk_hit,,,,,355000,710.000000,10
window_counter,uitree_walk_hover,,,,,52000,104.000000,10
window_counter,uitree_emit_skip,,,,,1338676,2677.352000,10
window_counter,uitree_layout_resolve,,,,,318,0.636000,10
window_counter,uitree_layout_skip,,,,,157,0.314000,10
window_counter,uitree_layout_nodes,,,,,1141812,2283.624000,10
window_counter,uitree_layout_node_skip,,,,,1112895,2225.790000,10
window_counter,uitree_layout_depth_recompute,,,,,157,0.314000,10
window_counter,uitree_ensure_layout,,,,,8944,17.888000,10
window_counter,uitree_cc_deleteall,,,,,157,0.314000,10
window_counter,uitree_apply_geo,,,,,27180,54.360000,10
window_counter,uitree_apply_content,,,,,26201,52.402000,10
window_counter,uitree_apply_hook,,,,,297,0.594000,10
window_counter,uitree_apply_other,,,,,251070,502.140000,10
window_gauge,uitree_components,,,,,7092,7092.000000,10
window_gauge,uitree_capacity,,,,,8192,8192.000000,10
window_gauge,uitree_free_list,,,,,3,3.000000,10
window_gauge,uitree_node_bytes,,,,,14221312,14221312.000000,10
window_counter,cs2_scripts,,,,,4710,9.420000,10
window_counter,cs2_opcodes,,,,,426967,853.934000,10
window_counter,cs2_host_ops,,,,,57176,114.352000,10
window_counter,cs2_cycles,,,,,426967,853.934000,10
window_counter,cs2_vm_acquire,,,,,4710,9.420000,10
window_counter,cs2_vm_pool_hit,,,,,4710,9.420000,10
window_counter,cs2_vm_init_ns,,,,,4048000,8096.000000,10
window_counter,cs2_frame_pool_hit,,,,,9224,18.448000,10
window_counter,cache_sprite_hit,,,,,1,0.002000,10
window_counter,painter_pops,,,,,4202750,8405.500000,10
window_counter,painter_gate_rejects,,,,,1835283,3670.566000,10
window_counter,painter_pushes,,,,,4202750,8405.500000,10
window_counter,painter_push_dedup,,,,,1836893,3673.786000,10
window_counter,painter_drain_events,,,,,2000,4.000000,10
window_gauge,painter_commands,,,,,5443,5443.000000,10
window_gauge,painter_tiles_remaining_set,,,,,4325,4325.000000,10
window_gauge,zone_map_count,,,,,53,53.000000,10
window_gauge,zone_map_capacity,,,,,256,256.000000,10
window_gauge,npc_slot_max,,,,,65,65.000000,10
window_stage,frame,4332578,4284000,4769000,5472000,,,11
window_stage,async,51762,2000,184000,568000,,,11
window_stage,logic,226548,187000,376000,542000,,,11
window_stage,cs2,41244,0,151000,250000,,,11
window_stage,layout,116,0,1000,1000,,,11
window_stage,interact,22942,22000,31000,92000,,,11
window_stage,emit,181904,174000,279000,327000,,,11
window_stage,paint,354918,350000,388000,611000,,,11
window_stage,build,355120,350000,388000,612000,,,11
window_stage,render,3096054,3084000,3359000,3869000,,,11
window_stage,present,140658,139000,152000,222000,,,11
window_stage,server,1630,1000,2000,97000,,,11
window_counter,uitree_find_id,,,,,329851,659.702000,11
window_counter,uitree_find_id_probes,,,,,588983,1177.966000,11
window_counter,uitree_find_child,,,,,3060,6.120000,11
window_counter,uitree_find_child_hit,,,,,900,1.800000,11
window_counter,uitree_find_child_ceil_miss,,,,,2160,4.320000,11
window_counter,uitree_walk_emit,,,,,1437000,2874.000000,11
window_counter,uitree_walk_hit,,,,,355000,710.000000,11
window_counter,uitree_walk_hover,,,,,52000,104.000000,11
window_counter,uitree_emit_skip,,,,,1336813,2673.626000,11
window_counter,uitree_layout_resolve,,,,,283,0.566000,11
window_counter,uitree_layout_skip,,,,,140,0.280000,11
window_counter,uitree_layout_nodes,,,,,1014156,2028.312000,11
window_counter,uitree_layout_node_skip,,,,,992382,1984.764000,11
window_counter,uitree_layout_depth_recompute,,,,,140,0.280000,11
window_counter,uitree_ensure_layout,,,,,8042,16.084000,11
window_counter,uitree_cc_deleteall,,,,,140,0.280000,11
window_counter,uitree_apply_geo,,,,,28978,57.956000,11
window_counter,uitree_apply_content,,,,,27966,55.932000,11
window_counter,uitree_apply_hook,,,,,280,0.560000,11
window_counter,uitree_apply_other,,,,,250956,501.912000,11
window_gauge,uitree_components,,,,,7092,7092.000000,11
window_gauge,uitree_capacity,,,,,8192,8192.000000,11
window_gauge,uitree_free_list,,,,,3,3.000000,11
window_gauge,uitree_node_bytes,,,,,14221312,14221312.000000,11
window_counter,cs2_scripts,,,,,4200,8.400000,11
window_counter,cs2_opcodes,,,,,383631,767.262000,11
window_counter,cs2_host_ops,,,,,51296,102.592000,11
window_counter,cs2_cycles,,,,,383631,767.262000,11
window_counter,cs2_vm_acquire,,,,,4200,8.400000,11
window_counter,cs2_vm_pool_hit,,,,,4200,8.400000,11
window_counter,cs2_vm_init_ns,,,,,2598000,5196.000000,11
window_counter,cs2_frame_pool_hit,,,,,8236,16.472000,11
window_counter,cache_sprite_hit,,,,,2,0.004000,11
window_counter,painter_pops,,,,,4201282,8402.564000,11
window_counter,painter_gate_rejects,,,,,1833811,3667.622000,11
window_counter,painter_pushes,,,,,4201282,8402.564000,11
window_counter,painter_push_dedup,,,,,1838262,3676.524000,11
window_counter,painter_drain_events,,,,,2000,4.000000,11
window_gauge,painter_commands,,,,,5443,5443.000000,11
window_gauge,painter_tiles_remaining_set,,,,,4325,4325.000000,11
window_gauge,zone_map_count,,,,,55,55.000000,11
window_gauge,zone_map_capacity,,,,,256,256.000000,11
window_gauge,npc_slot_max,,,,,65,65.000000,11
window_stage,frame,5055494,4398000,8771000,48691000,,,12
window_stage,async,85908,3000,341000,2939000,,,12
window_stage,logic,329854,220000,1021000,2985000,,,12
window_stage,cs2,73194,0,217000,2727000,,,12
window_stage,layout,110,0,1000,3000,,,12
window_stage,interact,27082,23000,54000,467000,,,12
window_stage,emit,208146,190000,330000,4755000,,,12
window_stage,paint,408504,354000,813000,2449000,,,12
window_stage,build,408756,354000,814000,2449000,,,12
window_stage,render,3532504,3127000,5901000,35609000,,,12
window_stage,present,147078,139000,166000,783000,,,12
window_stage,server,2612,1000,2000,266000,,,12
window_counter,uitree_find_id,,,,,336676,673.352000,12
window_counter,uitree_find_id_probes,,,,,620303,1240.606000,12
window_counter,uitree_find_child,,,,,3460,6.920000,12
window_counter,uitree_find_child_hit,,,,,1030,2.060000,12
window_counter,uitree_find_child_ceil_miss,,,,,2430,4.860000,12
window_counter,uitree_walk_emit,,,,,1437000,2874.000000,12
window_counter,uitree_walk_hit,,,,,355000,710.000000,12
window_counter,uitree_walk_hover,,,,,52000,104.000000,12
window_counter,uitree_emit_skip,,,,,1334932,2669.864000,12
window_counter,uitree_layout_resolve,,,,,316,0.632000,12
window_counter,uitree_layout_skip,,,,,156,0.312000,12
window_counter,uitree_layout_nodes,,,,,1134720,2269.440000,12
window_counter,uitree_layout_node_skip,,,,,1105806,2211.612000,12
window_counter,uitree_layout_depth_recompute,,,,,156,0.312000,12
window_counter,uitree_ensure_layout,,,,,8999,17.998000,12
window_counter,uitree_cc_deleteall,,,,,158,0.316000,12
window_counter,uitree_apply_geo,,,,,30933,61.866000,12
window_counter,uitree_apply_content,,,,,29965,59.930000,12
window_counter,uitree_apply_hook,,,,,298,0.596000,12
window_counter,uitree_apply_other,,,,,251096,502.192000,12
window_gauge,uitree_components,,,,,7092,7092.000000,12
window_gauge,uitree_capacity,,,,,8192,8192.000000,12
window_gauge,uitree_free_list,,,,,3,3.000000,12
window_gauge,uitree_node_bytes,,,,,14221312,14221312.000000,12
window_counter,cs2_scripts,,,,,4740,9.480000,12
window_counter,cs2_opcodes,,,,,430901,861.802000,12
window_counter,cs2_host_ops,,,,,57511,115.022000,12
window_counter,cs2_cycles,,,,,430901,861.802000,12
window_counter,cs2_vm_acquire,,,,,4740,9.480000,12
window_counter,cs2_vm_pool_hit,,,,,4740,9.480000,12
window_counter,cs2_vm_init_ns,,,,,5041000,10082.000000,12
window_counter,cs2_frame_pool_hit,,,,,9282,18.564000,12
window_counter,cache_sprite_hit,,,,,1,0.002000,12
window_counter,painter_pops,,,,,4199412,8398.824000,12
window_counter,painter_gate_rejects,,,,,1832758,3665.516000,12
window_counter,painter_pushes,,,,,4199412,8398.824000,12
window_counter,painter_push_dedup,,,,,1839051,3678.102000,12
window_counter,painter_drain_events,,,,,2000,4.000000,12
window_gauge,painter_commands,,,,,5441,5441.000000,12
window_gauge,painter_tiles_remaining_set,,,,,4325,4325.000000,12
window_gauge,zone_map_count,,,,,57,57.000000,12
window_gauge,zone_map_capacity,,,,,256,256.000000,12
window_gauge,npc_slot_max,,,,,65,65.000000,12
window_stage,frame,4358316,4307000,4890000,6337000,,,13
window_stage,async,52564,2000,187000,692000,,,13
window_stage,logic,236122,203000,382000,1258000,,,13
window_stage,cs2,42442,0,156000,422000,,,13
window_stage,layout,106,0,1000,4000,,,13
window_stage,interact,23260,22000,31000,86000,,,13
window_stage,emit,184126,183000,287000,383000,,,13
window_stage,paint,355212,350000,393000,547000,,,13
window_stage,build,355466,350000,393000,548000,,,13
window_stage,render,3105488,3080000,3359000,4906000,,,13
window_stage,present,141142,138000,154000,209000,,,13
window_stage,server,1464,1000,2000,70000,,,13
window_counter,uitree_find_id,,,,,337056,674.112000,13
window_counter,uitree_find_id_probes,,,,,594961,1189.922000,13
window_counter,uitree_find_child,,,,,3020,6.040000,13
window_counter,uitree_find_child_hit,,,,,875,1.750000,13
window_counter,uitree_find_child_ceil_miss,,,,,2145,4.290000,13
window_counter,uitree_walk_emit,,,,,1437000,2874.000000,13
window_counter,uitree_walk_hit,,,,,355000,710.000000,13
window_counter,uitree_walk_hover,,,,,52000,104.000000,13
window_counter,uitree_emit_skip,,,,,1333111,2666.222000,13
window_counter,uitree_layout_resolve,,,,,285,0.570000,13
window_counter,uitree_layout_skip,,,,,141,0.282000,13
window_counter,uitree_layout_nodes,,,,,1021248,2042.496000,13
window_counter,uitree_layout_node_skip,,,,,992402,1984.804000,13
window_counter,uitree_layout_depth_recompute,,,,,140,0.280000,13
window_counter,uitree_ensure_layout,,,,,8020,16.040000,13
window_counter,uitree_cc_deleteall,,,,,140,0.280000,13
window_counter,uitree_apply_geo,,,,,32636,65.272000,13
window_counter,uitree_apply_content,,,,,31668,63.336000,13
window_counter,uitree_apply_hook,,,,,247,0.494000,13
window_counter,uitree_apply_other,,,,,250956,501.912000,13
window_gauge,uitree_components,,,,,7092,7092.000000,13
window_gauge,uitree_capacity,,,,,8192,8192.000000,13
window_gauge,uitree_free_list,,,,,3,3.000000,13
window_gauge,uitree_node_bytes,,,,,14221312,14221312.000000,13
window_counter,cs2_scripts,,,,,4200,8.400000,13
window_counter,cs2_opcodes,,,,,375956,751.912000,13
window_counter,cs2_host_ops,,,,,50585,101.170000,13
window_counter,cs2_cycles,,,,,375956,751.912000,13
window_counter,cs2_vm_acquire,,,,,4200,8.400000,13
window_counter,cs2_vm_pool_hit,,,,,4200,8.400000,13
window_counter,cs2_vm_init_ns,,,,,2609000,5218.000000,13
window_counter,cs2_frame_pool_hit,,,,,8214,16.428000,13
window_counter,cache_sprite_hit,,,,,2,0.004000,13
window_counter,painter_pops,,,,,4198796,8397.592000,13
window_counter,painter_gate_rejects,,,,,1832722,3665.444000,13
window_counter,painter_pushes,,,,,4198796,8397.592000,13
window_counter,painter_push_dedup,,,,,1838852,3677.704000,13
window_counter,painter_drain_events,,,,,2000,4.000000,13
window_gauge,painter_commands,,,,,5441,5441.000000,13
window_gauge,painter_tiles_remaining_set,,,,,4325,4325.000000,13
window_gauge,scene_elements,,,,,59771,59771.000000,13
window_gauge,scene_anim_list,,,,,309,309.000000,13
window_gauge,zone_map_count,,,,,57,57.000000,13
window_gauge,zone_map_capacity,,,,,256,256.000000,13
window_gauge,npc_slot_max,,,,,65,65.000000,13
window_gauge,cache_model_size,,,,,1139,1139.000000,13
window_gauge,cache_sprite_size,,,,,556,556.000000,13
window_stage,frame,4469490,4321000,4974000,13192000,,,14
window_stage,async,61932,2000,206000,1055000,,,14
window_stage,logic,247170,201000,402000,2213000,,,14
window_stage,cs2,48356,0,164000,732000,,,14
window_stage,layout,122,0,1000,2000,,,14
window_stage,interact,24034,22000,30000,663000,,,14
window_stage,emit,186918,180000,285000,851000,,,14
window_stage,paint,361590,351000,418000,1137000,,,14
window_stage,build,361860,351000,418000,1137000,,,14
window_stage,render,3170752,3073000,3514000,9196000,,,14
window_stage,present,144118,139000,157000,640000,,,14
window_stage,server,1632,1000,2000,74000,,,14
window_counter,uitree_find_id,,,,,341555,683.110000,14
window_counter,uitree_find_id_probes,,,,,605847,1211.694000,14
window_counter,uitree_find_child,,,,,3160,6.320000,14
window_counter,uitree_find_child_hit,,,,,940,1.880000,14
window_counter,uitree_find_child_ceil_miss,,,,,2220,4.440000,14
window_counter,uitree_walk_emit,,,,,1437000,2874.000000,14
window_counter,uitree_walk_hit,,,,,355000,710.000000,14
window_counter,uitree_walk_hover,,,,,52000,104.000000,14
window_counter,uitree_emit_skip,,,,,1331304,2662.608000,14
window_counter,uitree_layout_resolve,,,,,290,0.580000,14
window_counter,uitree_layout_skip,,,,,143,0.286000,14
window_counter,uitree_layout_nodes,,,,,1042524,2085.048000,14
window_counter,uitree_layout_node_skip,,,,,1020738,2041.476000,14
window_counter,uitree_layout_depth_recompute,,,,,144,0.288000,14
window_counter,uitree_ensure_layout,,,,,8255,16.510000,14
window_counter,uitree_cc_deleteall,,,,,144,0.288000,14
window_counter,uitree_apply_geo,,,,,34500,69.000000,14
window_counter,uitree_apply_content,,,,,33508,67.016000,14
window_counter,uitree_apply_hook,,,,,284,0.568000,14
window_counter,uitree_apply_other,,,,,250992,501.984000,14
window_gauge,uitree_components,,,,,7092,7092.000000,14
window_gauge,uitree_capacity,,,,,8192,8192.000000,14
window_gauge,uitree_free_list,,,,,3,3.000000,14
window_gauge,uitree_node_bytes,,,,,14221312,14221312.000000,14
window_counter,cs2_scripts,,,,,4320,8.640000,14
window_counter,cs2_opcodes,,,,,394901,789.802000,14
window_counter,cs2_host_ops,,,,,52670,105.340000,14
window_counter,cs2_cycles,,,,,394901,789.802000,14
window_counter,cs2_vm_acquire,,,,,4320,8.640000,14
window_counter,cs2_vm_pool_hit,,,,,4320,8.640000,14
window_counter,cs2_vm_init_ns,,,,,4125000,8250.000000,14
window_counter,cs2_frame_pool_hit,,,,,8468,16.936000,14
window_counter,cache_sprite_hit,,,,,1,0.002000,14
window_counter,painter_pops,,,,,4198792,8397.584000,14
window_counter,painter_gate_rejects,,,,,1832719,3665.438000,14
window_counter,painter_pushes,,,,,4198792,8397.584000,14
window_counter,painter_push_dedup,,,,,1838854,3677.708000,14
window_counter,painter_drain_events,,,,,2000,4.000000,14
window_gauge,painter_commands,,,,,5441,5441.000000,14
window_gauge,painter_tiles_remaining_set,,,,,4325,4325.000000,14
window_gauge,zone_map_count,,,,,57,57.000000,14
window_gauge,zone_map_capacity,,,,,256,256.000000,14
window_gauge,npc_slot_max,,,,,65,65.000000,14
window_stage,frame,4335416,4303000,4752000,7803000,,,15
window_stage,async,51964,2000,186000,539000,,,15
window_stage,logic,222766,185000,364000,562000,,,15
window_stage,cs2,41444,0,153000,361000,,,15
window_stage,layout,104,0,1000,1000,,,15
window_stage,interact,22240,22000,30000,59000,,,15
window_stage,emit,181546,175000,280000,510000,,,15
window_stage,paint,359560,350000,428000,597000,,,15
window_stage,build,359784,350000,428000,597000,,,15
window_stage,render,3085714,3063000,3363000,3913000,,,15
window_stage,present,141964,139000,155000,250000,,,15
window_stage,server,1596,1000,2000,99000,,,15
window_counter,uitree_find_id,,,,,344223,688.446000,15
window_counter,uitree_find_id_probes,,,,,602015,1204.030000,15
window_counter,uitree_find_child,,,,,3040,6.080000,15
window_counter,uitree_find_child_hit,,,,,895,1.790000,15
window_counter,uitree_find_child_ceil_miss,,,,,2145,4.290000,15
window_counter,uitree_walk_emit,,,,,1437000,2874.000000,15
window_counter,uitree_walk_hit,,,,,355000,710.000000,15
window_counter,uitree_walk_hover,,,,,52000,104.000000,15
window_counter,uitree_emit_skip,,,,,1329566,2659.132000,15
window_counter,uitree_layout_resolve,,,,,284,0.568000,15
window_counter,uitree_layout_skip,,,,,140,0.280000,15
window_counter,uitree_layout_nodes,,,,,1021248,2042.496000,15
window_counter,uitree_layout_node_skip,,,,,992401,1984.802000,15
window_counter,uitree_layout_depth_recompute,,,,,140,0.280000,15
window_counter,uitree_ensure_layout,,,,,8022,16.044000,15
window_counter,uitree_cc_deleteall,,,,,140,0.280000,15
window_counter,uitree_apply_geo,,,,,36186,72.372000,15
window_counter,uitree_apply_content,,,,,35228,70.456000,15
window_counter,uitree_apply_hook,,,,,247,0.494000,15
window_counter,uitree_apply_other,,,,,250976,501.952000,15
window_gauge,uitree_components,,,,,7092,7092.000000,15
window_gauge,uitree_capacity,,,,,8192,8192.000000,15
window_gauge,uitree_free_list,,,,,3,3.000000,15
window_gauge,uitree_node_bytes,,,,,14221312,14221312.000000,15
window_counter,cs2_scripts,,,,,4200,8.400000,15
window_counter,cs2_opcodes,,,,,378763,757.526000,15
window_counter,cs2_host_ops,,,,,50779,101.558000,15
window_counter,cs2_cycles,,,,,378763,757.526000,15
window_counter,cs2_vm_acquire,,,,,4200,8.400000,15
window_counter,cs2_vm_pool_hit,,,,,4200,8.400000,15
window_counter,cs2_vm_init_ns,,,,,2618000,5236.000000,15
window_counter,cs2_frame_pool_hit,,,,,8218,16.436000,15
window_counter,cache_sprite_hit,,,,,2,0.004000,15
window_counter,painter_pops,,,,,4198500,8397.000000,15
window_counter,painter_gate_rejects,,,,,1832500,3665.000000,15
window_counter,painter_pushes,,,,,4198500,8397.000000,15
window_counter,painter_push_dedup,,,,,1839000,3678.000000,15
window_counter,painter_drain_events,,,,,2000,4.000000,15
window_gauge,painter_commands,,,,,5441,5441.000000,15
window_gauge,painter_tiles_remaining_set,,,,,4325,4325.000000,15
window_gauge,zone_map_count,,,,,58,58.000000,15
window_gauge,zone_map_capacity,,,,,256,256.000000,15
window_gauge,npc_slot_max,,,,,65,65.000000,15
window_stage,frame,4713312,4496000,6018000,15243000,,,16
window_stage,async,64496,2000,215000,1677000,,,16
window_stage,logic,278752,225000,438000,1902000,,,16
window_stage,cs2,57162,0,170000,1382000,,,16
window_stage,layout,114,0,1000,5000,,,16
window_stage,interact,26192,25000,33000,202000,,,16
window_stage,emit,215600,200000,322000,1390000,,,16
window_stage,paint,391664,361000,454000,2659000,,,16
window_stage,build,391938,361000,454000,2660000,,,16
window_stage,render,3299500,3161000,4091000,8309000,,,16
window_stage,present,145358,140000,159000,451000,,,16
window_stage,server,2094,1000,2000,150000,,,16
window_counter,uitree_find_id,,,,,349505,699.010000,16
window_counter,uitree_find_id_probes,,,,,621014,1242.028000,16
window_counter,uitree_find_child,,,,,3260,6.520000,16
window_counter,uitree_find_child_hit,,,,,965,1.930000,16
window_counter,uitree_find_child_ceil_miss,,,,,2295,4.590000,16
window_counter,uitree_walk_emit,,,,,1437000,2874.000000,16
window_counter,uitree_walk_hit,,,,,355000,710.000000,16
window_counter,uitree_walk_hover,,,,,52000,104.000000,16
window_counter,uitree_emit_skip,,,,,1327759,2655.518000,16
window_counter,uitree_layout_resolve,,,,,302,0.604000,16
window_counter,uitree_layout_skip,,,,,150,0.300000,16
window_counter,uitree_layout_nodes,,,,,1077984,2155.968000,16
window_counter,uitree_layout_node_skip,,,,,1056183,2112.366000,16
window_counter,uitree_layout_depth_recompute,,,,,149,0.298000,16
window_counter,uitree_ensure_layout,,,,,8520,17.040000,16
window_counter,uitree_cc_deleteall,,,,,149,0.298000,16
window_counter,uitree_apply_geo,,,,,38065,76.130000,16
window_counter,uitree_apply_content,,,,,37078,74.156000,16
window_counter,uitree_apply_hook,,,,,289,0.578000,16
window_counter,uitree_apply_other,,,,,251022,502.044000,16
window_gauge,uitree_components,,,,,7092,7092.000000,16
window_gauge,uitree_capacity,,,,,8192,8192.000000,16
window_gauge,uitree_free_list,,,,,3,3.000000,16
window_gauge,uitree_node_bytes,,,,,14221312,14221312.000000,16
window_counter,cs2_scripts,,,,,4470,8.940000,16
window_counter,cs2_opcodes,,,,,406986,813.972000,16
window_counter,cs2_host_ops,,,,,54365,108.730000,16
window_counter,cs2_cycles,,,,,406986,813.972000,16
window_counter,cs2_vm_acquire,,,,,4470,8.940000,16
window_counter,cs2_vm_pool_hit,,,,,4470,8.940000,16
window_counter,cs2_vm_init_ns,,,,,3140000,6280.000000,16
window_counter,cs2_frame_pool_hit,,,,,8758,17.516000,16
window_counter,cache_sprite_hit,,,,,1,0.002000,16
window_counter,painter_pops,,,,,4198500,8397.000000,16
window_counter,painter_gate_rejects,,,,,1832500,3665.000000,16
window_counter,painter_pushes,,,,,4198500,8397.000000,16
window_counter,painter_push_dedup,,,,,1839000,3678.000000,16
window_counter,painter_drain_events,,,,,2000,4.000000,16
window_gauge,painter_commands,,,,,5441,5441.000000,16
window_gauge,painter_tiles_remaining_set,,,,,4325,4325.000000,16
window_gauge,scene_elements,,,,,59771,59771.000000,16
window_gauge,scene_anim_list,,,,,309,309.000000,16
window_gauge,zone_map_count,,,,,58,58.000000,16
window_gauge,zone_map_capacity,,,,,256,256.000000,16
window_gauge,npc_slot_max,,,,,65,65.000000,16
window_gauge,cache_model_size,,,,,1139,1139.000000,16
window_gauge,cache_sprite_size,,,,,556,556.000000,16
window_stage,frame,4950936,4506000,7470000,37603000,,,17
window_stage,async,86704,3000,247000,6985000,,,17
window_stage,logic,312290,233000,506000,5441000,,,17
window_stage,cs2,60346,0,174000,1163000,,,17
window_stage,layout,118,0,1000,1000,,,17
window_stage,interact,27208,25000,35000,529000,,,17
window_stage,emit,221450,202000,343000,1686000,,,17
window_stage,paint,414176,362000,453000,7568000,,,17
window_stage,build,414424,362000,453000,7569000,,,17
window_stage,render,3421270,3167000,4908000,25068000,,,17
window_stage,present,146832,139000,171000,1223000,,,17
window_stage,server,1876,1000,2000,151000,,,17
window_counter,uitree_find_id,,,,,354454,708.908000,17
window_counter,uitree_find_id_probes,,,,,635217,1270.434000,17
window_counter,uitree_find_child,,,,,3400,6.800000,17
window_counter,uitree_find_child_hit,,,,,1000,2.000000,17
window_counter,uitree_find_child_ceil_miss,,,,,2400,4.800000,17
window_counter,uitree_walk_emit,,,,,1437000,2874.000000,17
window_counter,uitree_walk_hit,,,,,355000,710.000000,17
window_counter,uitree_walk_hover,,,,,52000,104.000000,17
window_counter,uitree_emit_skip,,,,,1325830,2651.660000,17
window_counter,uitree_layout_resolve,,,,,311,0.622000,17
window_counter,uitree_layout_skip,,,,,153,0.306000,17
window_counter,uitree_layout_nodes,,,,,1120536,2241.072000,17
window_counter,uitree_layout_node_skip,,,,,1091629,2183.258000,17
window_counter,uitree_layout_depth_recompute,,,,,154,0.308000,17
window_counter,uitree_ensure_layout,,,,,8892,17.784000,17
window_counter,uitree_cc_deleteall,,,,,156,0.312000,17
window_counter,uitree_apply_geo,,,,,40030,80.060000,17
window_counter,uitree_apply_content,,,,,39044,78.088000,17
window_counter,uitree_apply_hook,,,,,296,0.592000,17
window_counter,uitree_apply_other,,,,,251072,502.144000,17
window_gauge,uitree_components,,,,,7092,7092.000000,17
window_gauge,uitree_capacity,,,,,8192,8192.000000,17
window_gauge,uitree_free_list,,,,,3,3.000000,17
window_gauge,uitree_node_bytes,,,,,14221312,14221312.000000,17
window_counter,cs2_scripts,,,,,4680,9.360000,17
window_counter,cs2_opcodes,,,,,425110,850.220000,17
window_counter,cs2_host_ops,,,,,56914,113.828000,17
window_counter,cs2_cycles,,,,,425110,850.220000,17
window_counter,cs2_vm_acquire,,,,,4680,9.360000,17
window_counter,cs2_vm_pool_hit,,,,,4680,9.360000,17
window_counter,cs2_vm_init_ns,,,,,4875000,9750.000000,17
window_counter,cs2_frame_pool_hit,,,,,9168,18.336000,17
window_counter,cache_sprite_hit,,,,,2,0.004000,17
window_counter,painter_pops,,,,,4198500,8397.000000,17
window_counter,painter_gate_rejects,,,,,1832500,3665.000000,17
window_counter,painter_pushes,,,,,4198500,8397.000000,17
window_counter,painter_push_dedup,,,,,1839000,3678.000000,17
window_counter,painter_drain_events,,,,,2000,4.000000,17
window_gauge,painter_commands,,,,,5441,5441.000000,17
window_gauge,painter_tiles_remaining_set,,,,,4325,4325.000000,17
window_gauge,zone_map_count,,,,,58,58.000000,17
window_gauge,zone_map_capacity,,,,,256,256.000000,17
window_gauge,npc_slot_max,,,,,65,65.000000,17
window_stage,frame,4666530,4527000,5386000,19366000,,,18
window_stage,async,59348,3000,193000,659000,,,18
window_stage,logic,265700,215000,419000,2782000,,,18
window_stage,cs2,51238,0,159000,1618000,,,18
window_stage,layout,102,0,1000,3000,,,18
window_stage,interact,26574,25000,33000,249000,,,18
window_stage,emit,212312,201000,316000,733000,,,18
window_stage,paint,389968,363000,472000,4457000,,,18
window_stage,build,390276,364000,473000,4458000,,,18
window_stage,render,3269562,3184000,3706000,11099000,,,18
window_stage,present,145180,141000,158000,440000,,,18
window_stage,server,1852,1000,2000,109000,,,18
window_counter,uitree_find_id,,,,,357152,714.304000,18
window_counter,uitree_find_id_probes,,,,,628467,1256.934000,18
window_counter,uitree_find_child,,,,,3260,6.520000,18
window_counter,uitree_find_child_hit,,,,,965,1.930000,18
window_counter,uitree_find_child_ceil_miss,,,,,2295,4.590000,18
window_counter,uitree_walk_emit,,,,,1437000,2874.000000,18
window_counter,uitree_walk_hit,,,,,355000,710.000000,18
window_counter,uitree_walk_hover,,,,,52000,104.000000,18
window_counter,uitree_emit_skip,,,,,1323921,2647.842000,18
window_counter,uitree_layout_resolve,,,,,302,0.604000,18
window_counter,uitree_layout_skip,,,,,149,0.298000,18
window_counter,uitree_layout_nodes,,,,,1085076,2170.152000,18
window_counter,uitree_layout_node_skip,,,,,1056183,2112.366000,18
window_counter,uitree_layout_depth_recompute,,,,,149,0.298000,18
window_counter,uitree_ensure_layout,,,,,8520,17.040000,18
window_counter,uitree_cc_deleteall,,,,,149,0.298000,18
window_counter,uitree_apply_geo,,,,,41903,83.806000,18
window_counter,uitree_apply_content,,,,,40917,81.834000,18
window_counter,uitree_apply_hook,,,,,289,0.578000,18
window_counter,uitree_apply_other,,,,,251022,502.044000,18
window_gauge,uitree_components,,,,,7092,7092.000000,18
window_gauge,uitree_capacity,,,,,8192,8192.000000,18
window_gauge,uitree_free_list,,,,,3,3.000000,18
window_gauge,uitree_node_bytes,,,,,14221312,14221312.000000,18
window_counter,cs2_scripts,,,,,4470,8.940000,18
window_counter,cs2_opcodes,,,,,407040,814.080000,18
window_counter,cs2_host_ops,,,,,54374,108.748000,18
window_counter,cs2_cycles,,,,,407040,814.080000,18
window_counter,cs2_vm_acquire,,,,,4470,8.940000,18
window_counter,cs2_vm_pool_hit,,,,,4470,8.940000,18
window_counter,cs2_vm_init_ns,,,,,2810000,5620.000000,18
window_counter,cs2_frame_pool_hit,,,,,8759,17.518000,18
window_counter,cache_sprite_hit,,,,,1,0.002000,18
window_counter,painter_pops,,,,,4198500,8397.000000,18
window_counter,painter_gate_rejects,,,,,1832500,3665.000000,18
window_counter,painter_pushes,,,,,4198500,8397.000000,18
window_counter,painter_push_dedup,,,,,1839000,3678.000000,18
window_counter,painter_drain_events,,,,,2000,4.000000,18
window_gauge,painter_commands,,,,,5441,5441.000000,18
window_gauge,painter_tiles_remaining_set,,,,,4325,4325.000000,18
window_gauge,zone_map_count,,,,,59,59.000000,18
window_gauge,zone_map_capacity,,,,,256,256.000000,18
window_gauge,npc_slot_max,,,,,65,65.000000,18
window_stage,frame,4941966,4534000,7399000,15321000,,,19
window_stage,async,68752,3000,206000,1321000,,,19
window_stage,logic,295346,240000,450000,1713000,,,19
window_stage,cs2,56046,0,172000,711000,,,19
window_stage,layout,116,0,1000,1000,,,19
window_stage,interact,27632,26000,37000,123000,,,19
window_stage,emit,226270,204000,343000,1539000,,,19
window_stage,paint,404142,364000,547000,2487000,,,19
window_stage,build,404396,365000,548000,2488000,,,19
window_stage,render,3438460,3195000,5019000,10971000,,,19
window_stage,present,151440,141000,165000,1426000,,,19
window_stage,server,2494,1000,2000,331000,,,19
window_counter,uitree_find_id,,,,,361743,723.486000,19
window_counter,uitree_find_id_probes,,,,,640131,1280.262000,19
window_counter,uitree_find_child,,,,,3340,6.680000,19
window_counter,uitree_find_child_hit,,,,,970,1.940000,19
window_counter,uitree_find_child_ceil_miss,,,,,2370,4.740000,19
window_counter,uitree_walk_emit,,,,,1437000,2874.000000,19
window_counter,uitree_walk_hit,,,,,355000,710.000000,19
window_counter,uitree_walk_hover,,,,,52000,104.000000,19
window_counter,uitree_emit_skip,,,,,1322021,2644.042000,19
window_counter,uitree_layout_resolve,,,,,315,0.630000,19
window_counter,uitree_layout_skip,,,,,156,0.312000,19
window_counter,uitree_layout_nodes,,,,,1127628,2255.256000,19
window_counter,uitree_layout_node_skip,,,,,1098736,2197.472000,19
window_counter,uitree_layout_depth_recompute,,,,,155,0.310000,19
window_counter,uitree_ensure_layout,,,,,8817,17.634000,19
window_counter,uitree_cc_deleteall,,,,,155,0.310000,19
window_counter,uitree_apply_geo,,,,,43791,87.582000,19
window_counter,uitree_apply_content,,,,,42848,85.696000,19
window_counter,uitree_apply_hook,,,,,262,0.524000,19
window_counter,uitree_apply_other,,,,,251066,502.132000,19
window_gauge,uitree_components,,,,,7092,7092.000000,19
window_gauge,uitree_capacity,,,,,8192,8192.000000,19
window_gauge,uitree_free_list,,,,,3,3.000000,19
window_gauge,uitree_node_bytes,,,,,14221312,14221312.000000,19
window_counter,cs2_scripts,,,,,4650,9.300000,19
window_counter,cs2_opcodes,,,,,415018,830.036000,19
window_counter,cs2_host_ops,,,,,55864,111.728000,19
window_counter,cs2_cycles,,,,,415018,830.036000,19
window_counter,cs2_vm_acquire,,,,,4650,9.300000,19
window_counter,cs2_vm_pool_hit,,,,,4650,9.300000,19
window_counter,cs2_vm_init_ns,,,,,3456000,6912.000000,19
window_counter,cs2_frame_pool_hit,,,,,9088,18.176000,19
window_counter,cache_sprite_hit,,,,,2,0.004000,19
window_counter,painter_pops,,,,,4199348,8398.696000,19
window_counter,painter_gate_rejects,,,,,1833242,3666.484000,19
window_counter,painter_pushes,,,,,4199348,8398.696000,19
window_counter,painter_push_dedup,,,,,1838364,3676.728000,19
window_counter,painter_drain_events,,,,,2000,4.000000,19
window_gauge,painter_commands,,,,,5441,5441.000000,19
window_gauge,painter_tiles_remaining_set,,,,,4325,4325.000000,19
window_gauge,scene_elements,,,,,59771,59771.000000,19
window_gauge,scene_anim_list,,,,,309,309.000000,19
window_gauge,zone_map_count,,,,,59,59.000000,19
window_gauge,zone_map_capacity,,,,,256,256.000000,19
window_gauge,npc_slot_max,,,,,65,65.000000,19
window_gauge,cache_model_size,,,,,1139,1139.000000,19
window_gauge,cache_sprite_size,,,,,556,556.000000,19
window_stage,frame,4588734,4496000,5056000,13815000,,,20
window_stage,async,61900,2000,205000,911000,,,20
window_stage,logic,264022,238000,419000,1171000,,,20
window_stage,cs2,46508,0,158000,587000,,,20
window_stage,layout,122,0,1000,1000,,,20
window_stage,interact,25416,25000,33000,92000,,,20
window_stage,emit,208658,196000,310000,781000,,,20
window_stage,paint,371232,360000,404000,2226000,,,20
window_stage,build,371492,360000,404000,2227000,,,20
window_stage,render,3226130,3168000,3469000,9067000,,,20
window_stage,present,141974,140000,153000,336000,,,20
window_stage,server,1732,1000,2000,82000,,,20
window_counter,uitree_find_id,,,,,364301,728.602000,20
window_counter,uitree_find_id_probes,,,,,632670,1265.340000,20
window_counter,uitree_find_child,,,,,3220,6.440000,20
window_counter,uitree_find_child_hit,,,,,955,1.910000,20
window_counter,uitree_find_child_ceil_miss,,,,,2265,4.530000,20
window_counter,uitree_walk_emit,,,,,1437000,2874.000000,20
window_counter,uitree_walk_hit,,,,,355000,710.000000,20
window_counter,uitree_walk_hover,,,,,52000,104.000000,20
window_counter,uitree_emit_skip,,,,,1320171,2640.342000,20
window_counter,uitree_layout_resolve,,,,,297,0.594000,20
window_counter,uitree_layout_skip,,,,,146,0.292000,20
window_counter,uitree_layout_nodes,,,,,1070892,2141.784000,20
window_counter,uitree_layout_node_skip,,,,,1042005,2084.010000,20
window_counter,uitree_layout_depth_recompute,,,,,147,0.294000,20
window_counter,uitree_ensure_layout,,,,,8414,16.828000,20
window_counter,uitree_cc_deleteall,,,,,147,0.294000,20
window_counter,uitree_apply_geo,,,,,45645,91.290000,20
window_counter,uitree_apply_content,,,,,44656,89.312000,20
window_counter,uitree_apply_hook,,,,,287,0.574000,20
window_counter,uitree_apply_other,,,,,251010,502.020000,20
window_gauge,uitree_components,,,,,7092,7092.000000,20
window_gauge,uitree_capacity,,,,,8192,8192.000000,20
window_gauge,uitree_free_list,,,,,3,3.000000,20
window_gauge,uitree_node_bytes,,,,,14221312,14221312.000000,20
window_counter,cs2_scripts,,,,,4410,8.820000,20
window_counter,cs2_opcodes,,,,,402152,804.304000,20
window_counter,cs2_host_ops,,,,,53687,107.374000,20
window_counter,cs2_cycles,,,,,402152,804.304000,20
window_counter,cs2_vm_acquire,,,,,4410,8.820000,20
window_counter,cs2_vm_pool_hit,,,,,4410,8.820000,20
window_counter,cs2_vm_init_ns,,,,,3249000,6498.000000,20
window_counter,cs2_frame_pool_hit,,,,,8642,17.284000,20
window_counter,cache_sprite_hit,,,,,1,0.002000,20
window_counter,painter_pops,,,,,4198500,8397.000000,20
window_counter,painter_gate_rejects,,,,,1832500,3665.000000,20
window_counter,painter_pushes,,,,,4198500,8397.000000,20
window_counter,painter_push_dedup,,,,,1839000,3678.000000,20
window_counter,painter_drain_events,,,,,2000,4.000000,20
window_gauge,painter_commands,,,,,5441,5441.000000,20
window_gauge,painter_tiles_remaining_set,,,,,4325,4325.000000,20
window_gauge,zone_map_count,,,,,59,59.000000,20
window_gauge,zone_map_capacity,,,,,256,256.000000,20
window_gauge,npc_slot_max,,,,,65,65.000000,20
window_stage,frame,4858648,4512000,6740000,32653000,,,21
window_stage,async,75488,2000,217000,4914000,,,21
window_stage,logic,289674,228000,434000,4154000,,,21
window_stage,cs2,55440,0,164000,1732000,,,21
window_stage,layout,106,0,1000,1000,,,21
window_stage,interact,26028,25000,33000,183000,,,21
window_stage,emit,217368,198000,311000,1164000,,,21
window_stage,paint,384636,361000,429000,2129000,,,21
window_stage,build,384888,361000,430000,2129000,,,21
window_stage,render,3401346,3168000,4546000,28500000,,,21
window_stage,present,145614,140000,165000,402000,,,21
window_stage,server,1810,1000,2000,91000,,,21
window_counter,uitree_find_id,,,,,369245,738.490000,21
window_counter,uitree_find_id_probes,,,,,646240,1292.480000,21
window_counter,uitree_find_child,,,,,3360,6.720000,21
window_counter,uitree_find_child_hit,,,,,1005,2.010000,21
window_counter,uitree_find_child_ceil_miss,,,,,2355,4.710000,21
window_counter,uitree_walk_emit,,,,,1437000,2874.000000,21
window_counter,uitree_walk_hit,,,,,355000,710.000000,21
window_counter,uitree_walk_hover,,,,,52000,104.000000,21
window_counter,uitree_emit_skip,,,,,1318263,2636.526000,21
window_counter,uitree_layout_resolve,,,,,307,0.614000,21
window_counter,uitree_layout_skip,,,,,152,0.304000,21
window_counter,uitree_layout_nodes,,,,,1099260,2198.520000,21
window_counter,uitree_layout_node_skip,,,,,1077451,2154.902000,21
window_counter,uitree_layout_depth_recompute,,,,,152,0.304000,21
window_counter,uitree_ensure_layout,,,,,8735,17.470000,21
window_counter,uitree_cc_deleteall,,,,,153,0.306000,21
window_counter,uitree_apply_geo,,,,,47590,95.180000,21
window_counter,uitree_apply_content,,,,,46611,93.222000,21
window_counter,uitree_apply_hook,,,,,293,0.586000,21
window_counter,uitree_apply_other,,,,,251074,502.148000,21
window_gauge,uitree_components,,,,,7092,7092.000000,21
window_gauge,uitree_capacity,,,,,8192,8192.000000,21
window_gauge,uitree_free_list,,,,,3,3.000000,21
window_gauge,uitree_node_bytes,,,,,14221312,14221312.000000,21
window_counter,cs2_scripts,,,,,4590,9.180000,21
window_counter,cs2_opcodes,,,,,420030,840.060000,21
window_counter,cs2_host_ops,,,,,55993,111.986000,21
window_counter,cs2_cycles,,,,,420030,840.060000,21
window_counter,cs2_vm_acquire,,,,,4590,9.180000,21
window_counter,cs2_vm_pool_hit,,,,,4590,9.180000,21
window_counter,cs2_vm_init_ns,,,,,3845000,7690.000000,21
window_counter,cs2_frame_pool_hit,,,,,8996,17.992000,21
window_counter,cache_sprite_hit,,,,,2,0.004000,21
window_counter,painter_pops,,,,,4198500,8397.000000,21
window_counter,painter_gate_rejects,,,,,1832500,3665.000000,21
window_counter,painter_pushes,,,,,4198500,8397.000000,21
window_counter,painter_push_dedup,,,,,1839000,3678.000000,21
window_counter,painter_drain_events,,,,,2000,4.000000,21
window_gauge,painter_commands,,,,,5441,5441.000000,21
window_gauge,painter_tiles_remaining_set,,,,,4325,4325.000000,21
window_gauge,zone_map_count,,,,,59,59.000000,21
window_gauge,zone_map_capacity,,,,,256,256.000000,21
window_gauge,npc_slot_max,,,,,65,65.000000,21
window_stage,frame,4719914,4369000,6812000,16187000,,,22
window_stage,async,71458,2000,355000,837000,,,22
window_stage,logic,284400,207000,749000,1732000,,,22
window_stage,cs2,60934,0,173000,1190000,,,22
window_stage,layout,94,0,1000,1000,,,22
window_stage,interact,25054,22000,36000,296000,,,22
window_stage,emit,191632,178000,303000,926000,,,22
window_stage,paint,392084,353000,494000,2843000,,,22
window_stage,build,392336,353000,494000,2843000,,,22
window_stage,render,3299170,3104000,4406000,10475000,,,22
window_stage,present,147588,140000,168000,427000,,,22
window_stage,server,1680,1000,2000,107000,,,22
window_counter,uitree_find_id,,,,,372427,744.854000,22
window_counter,uitree_find_id_probes,,,,,645084,1290.168000,22
window_counter,uitree_find_child,,,,,3280,6.560000,22
window_counter,uitree_find_child_hit,,,,,970,1.940000,22
window_counter,uitree_find_child_ceil_miss,,,,,2310,4.620000,22
window_counter,uitree_walk_emit,,,,,1437000,2874.000000,22
window_counter,uitree_walk_hit,,,,,355000,710.000000,22
window_counter,uitree_walk_hover,,,,,52000,104.000000,22
window_counter,uitree_emit_skip,,,,,1316363,2632.726000,22
window_counter,uitree_layout_resolve,,,,,304,0.608000,22
window_counter,uitree_layout_skip,,,,,150,0.300000,22
window_counter,uitree_layout_nodes,,,,,1092168,2184.336000,22
window_counter,uitree_layout_node_skip,,,,,1063272,2126.544000,22
window_counter,uitree_layout_depth_recompute,,,,,150,0.300000,22
window_counter,uitree_ensure_layout,,,,,8573,17.146000,22
window_counter,uitree_cc_deleteall,,,,,150,0.300000,22
window_counter,uitree_apply_geo,,,,,49465,98.930000,22
window_counter,uitree_apply_content,,,,,48479,96.958000,22
window_counter,uitree_apply_hook,,,,,290,0.580000,22
window_counter,uitree_apply_other,,,,,251028,502.056000,22
window_gauge,uitree_components,,,,,7092,7092.000000,22
window_gauge,uitree_capacity,,,,,8192,8192.000000,22
window_gauge,uitree_free_list,,,,,3,3.000000,22
window_gauge,uitree_node_bytes,,,,,14221312,14221312.000000,22
window_counter,cs2_scripts,,,,,4500,9.000000,22
window_counter,cs2_opcodes,,,,,409403,818.806000,22
window_counter,cs2_host_ops,,,,,54704,109.408000,22
window_counter,cs2_cycles,,,,,409403,818.806000,22
window_counter,cs2_vm_acquire,,,,,4500,9.000000,22
window_counter,cs2_vm_pool_hit,,,,,4500,9.000000,22
window_counter,cs2_vm_init_ns,,,,,4019000,8038.000000,22
window_counter,cs2_frame_pool_hit,,,,,8816,17.632000,22
window_counter,cache_sprite_hit,,,,,1,0.002000,22
window_counter,painter_pops,,,,,4198500,8397.000000,22
window_counter,painter_gate_rejects,,,,,1832500,3665.000000,22
window_counter,painter_pushes,,,,,4198500,8397.000000,22
window_counter,painter_push_dedup,,,,,1839000,3678.000000,22
window_counter,painter_drain_events,,,,,2000,4.000000,22
window_gauge,painter_commands,,,,,5441,5441.000000,22
window_gauge,painter_tiles_remaining_set,,,,,4325,4325.000000,22
window_gauge,zone_map_count,,,,,59,59.000000,22
window_gauge,zone_map_capacity,,,,,256,256.000000,22
window_gauge,npc_slot_max,,,,,65,65.000000,22
window_stage,frame,4343486,4312000,4779000,5124000,,,23
window_stage,async,52632,1000,191000,569000,,,23
window_stage,logic,221548,186000,377000,537000,,,23
window_stage,cs2,41790,0,151000,245000,,,23
window_stage,layout,106,0,1000,3000,,,23
window_stage,interact,21500,21000,28000,101000,,,23
window_stage,emit,174042,166000,261000,354000,,,23
window_stage,paint,352982,350000,388000,582000,,,23
window_stage,build,353180,350000,388000,582000,,,23
window_stage,render,3122052,3084000,3444000,3700000,,,23
window_stage,present,142104,139000,154000,274000,,,23
window_stage,server,1684,1000,1000,175000,,,23
window_counter,uitree_find_id,,,,,374171,748.342000,23
window_counter,uitree_find_id_probes,,,,,631963,1263.926000,23
window_counter,uitree_find_child,,,,,3040,6.080000,23
window_counter,uitree_find_child_hit,,,,,895,1.790000,23
window_counter,uitree_find_child_ceil_miss,,,,,2145,4.290000,23
window_counter,uitree_walk_emit,,,,,1437000,2874.000000,23
window_counter,uitree_walk_hit,,,,,355000,710.000000,23
window_counter,uitree_walk_hover,,,,,52000,104.000000,23
window_counter,uitree_emit_skip,,,,,1314592,2629.184000,23
window_counter,uitree_layout_resolve,,,,,283,0.566000,23
window_counter,uitree_layout_skip,,,,,140,0.280000,23
window_counter,uitree_layout_nodes,,,,,1014156,2028.312000,23
window_counter,uitree_layout_node_skip,,,,,992401,1984.802000,23
window_counter,uitree_layout_depth_recompute,,,,,140,0.280000,23
window_counter,uitree_ensure_layout,,,,,8022,16.044000,23
window_counter,uitree_cc_deleteall,,,,,140,0.280000,23
window_counter,uitree_apply_geo,,,,,51160,102.320000,23
window_counter,uitree_apply_content,,,,,50202,100.404000,23
window_counter,uitree_apply_hook,,,,,247,0.494000,23
window_counter,uitree_apply_other,,,,,250976,501.952000,23
window_gauge,uitree_components,,,,,7092,7092.000000,23
window_gauge,uitree_capacity,,,,,8192,8192.000000,23
window_gauge,uitree_free_list,,,,,3,3.000000,23
window_gauge,uitree_node_bytes,,,,,14221312,14221312.000000,23
window_counter,cs2_scripts,,,,,4200,8.400000,23
window_counter,cs2_opcodes,,,,,378763,757.526000,23
window_counter,cs2_host_ops,,,,,50779,101.558000,23
window_counter,cs2_cycles,,,,,378763,757.526000,23
window_counter,cs2_vm_acquire,,,,,4200,8.400000,23
window_counter,cs2_vm_pool_hit,,,,,4200,8.400000,23
window_counter,cs2_vm_init_ns,,,,,2690000,5380.000000,23
window_counter,cs2_frame_pool_hit,,,,,8218,16.436000,23
window_counter,cache_sprite_hit,,,,,2,0.004000,23
window_counter,painter_pops,,,,,4198500,8397.000000,23
window_counter,painter_gate_rejects,,,,,1832500,3665.000000,23
window_counter,painter_pushes,,,,,4198500,8397.000000,23
window_counter,painter_push_dedup,,,,,1839000,3678.000000,23
window_counter,painter_drain_events,,,,,2000,4.000000,23
window_gauge,painter_commands,,,,,5441,5441.000000,23
window_gauge,painter_tiles_remaining_set,,,,,4325,4325.000000,23
window_gauge,zone_map_count,,,,,59,59.000000,23
window_gauge,zone_map_capacity,,,,,256,256.000000,23
window_gauge,npc_slot_max,,,,,65,65.000000,23
window_stage,frame,4265668,4201000,4857000,7944000,,,24
window_stage,async,51510,1000,186000,534000,,,24
window_stage,logic,218104,191000,373000,650000,,,24
window_stage,cs2,40804,0,153000,373000,,,24
window_stage,layout,76,0,1000,1000,,,24
window_stage,interact,21104,20000,30000,99000,,,24
window_stage,emit,169030,159000,282000,397000,,,24
window_stage,paint,353800,344000,387000,1297000,,,24
window_stage,build,354016,344000,387000,1297000,,,24
window_stage,render,3066404,3023000,3372000,5293000,,,24
window_stage,present,140424,138000,153000,295000,,,24
window_stage,server,1644,1000,2000,155000,,,24
window_counter,uitree_find_id,,,,,375094,750.188000,24
window_counter,uitree_find_id_probes,,,,,630943,1261.886000,24
window_counter,uitree_find_child,,,,,3020,6.040000,24
window_counter,uitree_find_child_hit,,,,,890,1.780000,24
window_counter,uitree_find_child_ceil_miss,,,,,2130,4.260000,24
window_counter,uitree_walk_emit,,,,,1437000,2874.000000,24
window_counter,uitree_walk_hit,,,,,355000,710.000000,24
window_counter,uitree_walk_hover,,,,,52000,104.000000,24
window_counter,uitree_emit_skip,,,,,1314000,2628.000000,24
window_counter,uitree_layout_resolve,,,,,276,0.552000,24
window_counter,uitree_layout_skip,,,,,138,0.276000,24
window_counter,uitree_layout_nodes,,,,,978696,1957.392000,24
window_counter,uitree_layout_node_skip,,,,,978205,1956.410000,24
window_counter,uitree_layout_depth_recompute,,,,,138,0.276000,24
window_counter,uitree_ensure_layout,,,,,7924,15.848000,24
window_counter,uitree_cc_deleteall,,,,,138,0.276000,24
window_counter,uitree_apply_geo,,,,,51768,103.536000,24
window_counter,uitree_apply_content,,,,,50767,101.534000,24
window_counter,uitree_apply_hook,,,,,274,0.548000,24
window_counter,uitree_apply_other,,,,,250936,501.872000,24
window_gauge,uitree_components,,,,,7092,7092.000000,24
window_gauge,uitree_capacity,,,,,8192,8192.000000,24
window_gauge,uitree_free_list,,,,,3,3.000000,24
window_gauge,uitree_node_bytes,,,,,14221312,14221312.000000,24
window_counter,cs2_scripts,,,,,4140,8.280000,24
window_counter,cs2_opcodes,,,,,377576,755.152000,24
window_counter,cs2_host_ops,,,,,50459,100.918000,24
window_counter,cs2_cycles,,,,,377576,755.152000,24
window_counter,cs2_vm_acquire,,,,,4140,8.280000,24
window_counter,cs2_vm_pool_hit,,,,,4140,8.280000,24
window_counter,cs2_vm_init_ns,,,,,2651000,5302.000000,24
window_counter,cs2_frame_pool_hit,,,,,8113,16.226000,24
window_counter,cache_model_hit,,,,,16,0.032000,24
window_counter,cache_sprite_hit,,,,,1,0.002000,24
window_counter,painter_pops,,,,,4199131,8398.262000,24
window_counter,painter_gate_rejects,,,,,1832743,3665.486000,24
window_counter,painter_pushes,,,,,4199131,8398.262000,24
window_counter,painter_push_dedup,,,,,1838838,3677.676000,24
window_counter,painter_drain_events,,,,,2000,4.000000,24
window_gauge,painter_commands,,,,,5442,5442.000000,24
window_gauge,painter_tiles_remaining_set,,,,,4325,4325.000000,24
window_gauge,zone_map_count,,,,,59,59.000000,24
window_gauge,zone_map_capacity,,,,,256,256.000000,24
window_gauge,npc_slot_max,,,,,65,65.000000,24
window_stage,frame,4251392,4215000,4781000,6249000,,,25
window_stage,async,50502,2000,190000,460000,,,25
window_stage,logic,217914,188000,376000,645000,,,25
window_stage,cs2,40948,0,154000,367000,,,25
window_stage,layout,68,0,1000,1000,,,25
window_stage,interact,21056,20000,29000,60000,,,25
window_stage,emit,172388,166000,284000,384000,,,25
window_stage,paint,349580,345000,386000,564000,,,25
window_stage,build,349784,345000,386000,565000,,,25
window_stage,render,3053924,3037000,3345000,4335000,,,25
window_stage,present,139954,137000,155000,228000,,,25
window_stage,server,1488,1000,2000,76000,,,25
window_counter,uitree_find_id,,,,,375004,750.008000,25
window_counter,uitree_find_id_probes,,,,,629915,1259.830000,25
window_counter,uitree_find_child,,,,,3000,6.000000,25
window_counter,uitree_find_child_hit,,,,,885,1.770000,25
window_counter,uitree_find_child_ceil_miss,,,,,2115,4.230000,25
window_counter,uitree_walk_emit,,,,,1437000,2874.000000,25
window_counter,uitree_walk_hit,,,,,355000,710.000000,25
window_counter,uitree_walk_hover,,,,,52000,104.000000,25
window_counter,uitree_emit_skip,,,,,1314000,2628.000000,25
window_counter,uitree_layout_resolve,,,,,276,0.552000,25
window_counter,uitree_layout_skip,,,,,138,0.276000,25
window_counter,uitree_layout_nodes,,,,,978696,1957.392000,25
window_counter,uitree_layout_node_skip,,,,,978223,1956.446000,25
window_counter,uitree_layout_depth_recompute,,,,,138,0.276000,25
window_counter,uitree_ensure_layout,,,,,7915,15.830000,25
window_counter,uitree_cc_deleteall,,,,,138,0.276000,25
window_counter,uitree_apply_geo,,,,,51736,103.472000,25
window_counter,uitree_apply_content,,,,,50782,101.564000,25
window_counter,uitree_apply_hook,,,,,245,0.490000,25
window_counter,uitree_apply_other,,,,,250956,501.912000,25
window_gauge,uitree_components,,,,,7092,7092.000000,25
window_gauge,uitree_capacity,,,,,8192,8192.000000,25
window_gauge,uitree_free_list,,,,,3,3.000000,25
window_gauge,uitree_node_bytes,,,,,14221312,14221312.000000,25
window_counter,cs2_scripts,,,,,4140,8.280000,25
window_counter,cs2_opcodes,,,,,372724,745.448000,25
window_counter,cs2_host_ops,,,,,49925,99.850000,25
window_counter,cs2_cycles,,,,,372724,745.448000,25
window_counter,cs2_vm_acquire,,,,,4140,8.280000,25
window_counter,cs2_vm_pool_hit,,,,,4140,8.280000,25
window_counter,cs2_vm_init_ns,,,,,2522000,5044.000000,25
window_counter,cs2_frame_pool_hit,,,,,8098,16.196000,25
window_counter,cache_sprite_hit,,,,,1,0.002000,25
window_counter,painter_pops,,,,,4201748,8403.496000,25
window_counter,painter_gate_rejects,,,,,1834778,3669.556000,25
window_counter,painter_pushes,,,,,4201748,8403.496000,25
window_counter,painter_push_dedup,,,,,1837192,3674.384000,25
window_counter,painter_drain_events,,,,,2000,4.000000,25
window_gauge,painter_commands,,,,,5442,5442.000000,25
window_gauge,painter_tiles_remaining_set,,,,,4325,4325.000000,25
window_gauge,zone_map_count,,,,,59,59.000000,25
window_gauge,zone_map_capacity,,,,,256,256.000000,25
window_gauge,npc_slot_max,,,,,65,65.000000,25
window_stage,frame,4452480,4366000,5215000,13055000,,,26
window_stage,async,57828,2000,206000,668000,,,26
window_stage,logic,248316,211000,397000,1387000,,,26
window_stage,cs2,47766,0,159000,767000,,,26
window_stage,layout,82,0,1000,1000,,,26
window_stage,interact,22964,22000,32000,86000,,,26
window_stage,emit,183068,171000,301000,604000,,,26
window_stage,paint,366926,357000,406000,1319000,,,26
window_stage,build,367154,358000,407000,1319000,,,26
window_stage,render,3170260,3114000,3559000,9117000,,,26
window_stage,present,141546,139000,154000,372000,,,26
window_stage,server,1584,1000,2000,67000,,,26
window_counter,uitree_find_id,,,,,375957,751.914000,26
window_counter,uitree_find_id_probes,,,,,639166,1278.332000,26
window_counter,uitree_find_child,,,,,3120,6.240000,26
window_counter,uitree_find_child_hit,,,,,915,1.830000,26
window_counter,uitree_find_child_ceil_miss,,,,,2205,4.410000,26
window_counter,uitree_walk_emit,,,,,1437000,2874.000000,26
window_counter,uitree_walk_hit,,,,,355000,710.000000,26
window_counter,uitree_walk_hover,,,,,52000,104.000000,26
window_counter,uitree_emit_skip,,,,,1314000,2628.000000,26
window_counter,uitree_layout_resolve,,,,,286,0.572000,26
window_counter,uitree_layout_skip,,,,,143,0.286000,26
window_counter,uitree_layout_nodes,,,,,1014156,2028.312000,26
window_counter,uitree_layout_node_skip,,,,,1013650,2027.300000,26
window_counter,uitree_layout_depth_recompute,,,,,143,0.286000,26
window_counter,uitree_ensure_layout,,,,,8201,16.402000,26
window_counter,uitree_cc_deleteall,,,,,143,0.286000,26
window_counter,uitree_apply_geo,,,,,51803,103.606000,26
window_counter,uitree_apply_content,,,,,50794,101.588000,26
window_counter,uitree_apply_hook,,,,,283,0.566000,26
window_counter,uitree_apply_other,,,,,250974,501.948000,26
window_gauge,uitree_components,,,,,7092,7092.000000,26
window_gauge,uitree_capacity,,,,,8192,8192.000000,26
window_gauge,uitree_free_list,,,,,3,3.000000,26
window_gauge,uitree_node_bytes,,,,,14221312,14221312.000000,26
window_counter,cs2_scripts,,,,,4290,8.580000,26
window_counter,cs2_opcodes,,,,,391527,783.054000,26
window_counter,cs2_host_ops,,,,,52412,104.824000,26
window_counter,cs2_cycles,,,,,391527,783.054000,26
window_counter,cs2_vm_acquire,,,,,4290,8.580000,26
window_counter,cs2_vm_pool_hit,,,,,4290,8.580000,26
window_counter,cs2_vm_init_ns,,,,,2984000,5968.000000,26
window_counter,cs2_frame_pool_hit,,,,,8412,16.824000,26
window_counter,cache_sprite_hit,,,,,2,0.004000,26
window_counter,painter_pops,,,,,4201771,8403.542000,26
window_counter,painter_gate_rejects,,,,,1834827,3669.654000,26
window_counter,painter_pushes,,,,,4201771,8403.542000,26
window_counter,painter_push_dedup,,,,,1837117,3674.234000,26
window_counter,painter_drain_events,,,,,2000,4.000000,26
window_gauge,painter_commands,,,,,5442,5442.000000,26
window_gauge,painter_tiles_remaining_set,,,,,4325,4325.000000,26
window_gauge,zone_map_count,,,,,59,59.000000,26
window_gauge,zone_map_capacity,,,,,256,256.000000,26
window_gauge,npc_slot_max,,,,,65,65.000000,26
window_stage,frame,4479950,4251000,5237000,15027000,,,27
window_stage,async,61206,2000,226000,1388000,,,27
window_stage,logic,254194,191000,428000,1659000,,,27
window_stage,cs2,50578,0,165000,854000,,,27
window_stage,layout,86,0,1000,4000,,,27
window_stage,interact,22576,21000,33000,80000,,,27
window_stage,emit,180046,160000,293000,2376000,,,27
window_stage,paint,372578,347000,413000,1214000,,,27
window_stage,build,372792,347000,413000,1215000,,,27
window_stage,render,3174874,3063000,3500000,9114000,,,27
window_stage,present,142982,138000,158000,339000,,,27
window_stage,server,1544,1000,2000,142000,,,27
window_counter,uitree_find_id,,,,,375834,751.668000,27
window_counter,uitree_find_id_probes,,,,,637751,1275.502000,27
window_counter,uitree_find_child,,,,,3100,6.200000,27
window_counter,uitree_find_child_hit,,,,,910,1.820000,27
window_counter,uitree_find_child_ceil_miss,,,,,2190,4.380000,27
window_counter,uitree_walk_emit,,,,,1437000,2874.000000,27
window_counter,uitree_walk_hit,,,,,355000,710.000000,27
window_counter,uitree_walk_hover,,,,,52000,104.000000,27
window_counter,uitree_emit_skip,,,,,1314000,2628.000000,27
window_counter,uitree_layout_resolve,,,,,287,0.574000,27
window_counter,uitree_layout_skip,,,,,144,0.288000,27
window_counter,uitree_layout_nodes,,,,,1014156,2028.312000,27
window_counter,uitree_layout_node_skip,,,,,1013668,2027.336000,27
window_counter,uitree_layout_depth_recompute,,,,,143,0.286000,27
window_counter,uitree_ensure_layout,,,,,8180,16.360000,27
window_counter,uitree_cc_deleteall,,,,,143,0.286000,27
window_counter,uitree_apply_geo,,,,,51756,103.512000,27
window_counter,uitree_apply_content,,,,,50807,101.614000,27
window_counter,uitree_apply_hook,,,,,250,0.500000,27
window_counter,uitree_apply_other,,,,,250986,501.972000,27
window_gauge,uitree_components,,,,,7092,7092.000000,27
window_gauge,uitree_capacity,,,,,8192,8192.000000,27
window_gauge,uitree_free_list,,,,,3,3.000000,27
window_gauge,uitree_node_bytes,,,,,14221312,14221312.000000,27
window_counter,cs2_scripts,,,,,4290,8.580000,27
window_counter,cs2_opcodes,,,,,384809,769.618000,27
window_counter,cs2_host_ops,,,,,51620,103.240000,27
window_counter,cs2_cycles,,,,,384809,769.618000,27
window_counter,cs2_vm_acquire,,,,,4290,8.580000,27
window_counter,cs2_vm_pool_hit,,,,,4290,8.580000,27
window_counter,cs2_vm_init_ns,,,,,3211000,6422.000000,27
window_counter,cs2_frame_pool_hit,,,,,8388,16.776000,27
window_counter,cache_sprite_hit,,,,,1,0.002000,27
window_counter,painter_pops,,,,,4201700,8403.400000,27
window_counter,painter_gate_rejects,,,,,1834739,3669.478000,27
window_counter,painter_pushes,,,,,4201700,8403.400000,27
window_counter,painter_push_dedup,,,,,1837222,3674.444000,27
window_counter,painter_drain_events,,,,,2000,4.000000,27
window_gauge,painter_commands,,,,,5442,5442.000000,27
window_gauge,painter_tiles_remaining_set,,,,,4325,4325.000000,27
window_gauge,scene_elements,,,,,59771,59771.000000,27
window_gauge,scene_anim_list,,,,,309,309.000000,27
window_gauge,zone_map_count,,,,,59,59.000000,27
window_gauge,zone_map_capacity,,,,,256,256.000000,27
window_gauge,npc_slot_max,,,,,65,65.000000,27
window_gauge,cache_model_size,,,,,1139,1139.000000,27
window_gauge,cache_sprite_size,,,,,556,556.000000,27
window_stage,frame,4328928,4272000,4873000,6933000,,,28
window_stage,async,53726,2000,182000,809000,,,28
window_stage,logic,227502,200000,384000,798000,,,28
window_stage,cs2,41546,0,153000,430000,,,28
window_stage,layout,80,0,1000,1000,,,28
window_stage,interact,21796,21000,29000,78000,,,28
window_stage,emit,175372,165000,279000,404000,,,28
window_stage,paint,359256,350000,407000,1222000,,,28
window_stage,build,359508,350000,407000,1239000,,,28
window_stage,render,3100872,3080000,3399000,4528000,,,28
window_stage,present,140200,137000,153000,270000,,,28
window_stage,server,1450,1000,2000,73000,,,28
window_counter,uitree_find_id,,,,,375554,751.108000,28
window_counter,uitree_find_id_probes,,,,,634573,1269.146000,28
window_counter,uitree_find_child,,,,,3080,6.160000,28
window_counter,uitree_find_child_hit,,,,,920,1.840000,28
window_counter,uitree_find_child_ceil_miss,,,,,2160,4.320000,28
window_counter,uitree_walk_emit,,,,,1437000,2874.000000,28
window_counter,uitree_walk_hit,,,,,355000,710.000000,28
window_counter,uitree_walk_hover,,,,,52000,104.000000,28
window_counter,uitree_emit_skip,,,,,1314000,2628.000000,28
window_counter,uitree_layout_resolve,,,,,279,0.558000,28
window_counter,uitree_layout_skip,,,,,139,0.278000,28
window_counter,uitree_layout_nodes,,,,,992880,1985.760000,28
window_counter,uitree_layout_node_skip,,,,,992382,1984.764000,28
window_counter,uitree_layout_depth_recompute,,,,,140,0.280000,28
window_counter,uitree_ensure_layout,,,,,8044,16.088000,28
window_counter,uitree_cc_deleteall,,,,,140,0.280000,28
window_counter,uitree_apply_geo,,,,,51796,103.592000,28
window_counter,uitree_apply_content,,,,,50794,101.588000,28
window_counter,uitree_apply_hook,,,,,280,0.560000,28
window_counter,uitree_apply_other,,,,,250976,501.952000,28
window_gauge,uitree_components,,,,,7092,7092.000000,28
window_gauge,uitree_capacity,,,,,8192,8192.000000,28
window_gauge,uitree_free_list,,,,,3,3.000000,28
window_gauge,uitree_node_bytes,,,,,14221312,14221312.000000,28
window_counter,cs2_scripts,,,,,4200,8.400000,28
window_counter,cs2_opcodes,,,,,385793,771.586000,28
window_counter,cs2_host_ops,,,,,51391,102.782000,28
window_counter,cs2_cycles,,,,,385793,771.586000,28
window_counter,cs2_vm_acquire,,,,,4200,8.400000,28
window_counter,cs2_vm_pool_hit,,,,,4200,8.400000,28
window_counter,cs2_vm_init_ns,,,,,2678000,5356.000000,28
window_counter,cs2_frame_pool_hit,,,,,8238,16.476000,28
window_counter,cache_sprite_hit,,,,,2,0.004000,28
window_counter,painter_pops,,,,,4201668,8403.336000,28
window_counter,painter_gate_rejects,,,,,1834742,3669.484000,28
window_counter,painter_pushes,,,,,4201668,8403.336000,28
window_counter,painter_push_dedup,,,,,1837184,3674.368000,28
window_counter,painter_drain_events,,,,,2000,4.000000,28
window_gauge,painter_commands,,,,,5442,5442.000000,28
window_gauge,painter_tiles_remaining_set,,,,,4325,4325.000000,28
window_gauge,zone_map_count,,,,,59,59.000000,28
window_gauge,zone_map_capacity,,,,,256,256.000000,28
window_gauge,npc_slot_max,,,,,65,65.000000,28
window_stage,frame,4719090,4440000,6299000,12817000,,,29
window_stage,async,64656,2000,234000,728000,,,29
window_stage,logic,295640,212000,759000,1840000,,,29
window_stage,cs2,59830,0,221000,709000,,,29
window_stage,layout,106,0,1000,1000,,,29
window_stage,interact,25420,23000,53000,92000,,,29
window_stage,emit,204816,187000,351000,799000,,,29
window_stage,paint,391238,356000,517000,1355000,,,29
window_stage,build,391460,356000,518000,1355000,,,29
window_stage,render,3294618,3151000,3755000,7990000,,,29
window_stage,present,145564,140000,162000,330000,,,29
window_stage,server,1694,1000,2000,144000,,,29
window_counter,uitree_find_id,,,,,376924,753.848000,29
window_counter,uitree_find_id_probes,,,,,648143,1296.286000,29
window_counter,uitree_find_child,,,,,3240,6.480000,29
window_counter,uitree_find_child_hit,,,,,945,1.890000,29
window_counter,uitree_find_child_ceil_miss,,,,,2295,4.590000,29
window_counter,uitree_walk_emit,,,,,1437000,2874.000000,29
window_counter,uitree_walk_hit,,,,,355000,710.000000,29
window_counter,uitree_walk_hover,,,,,52000,104.000000,29
window_counter,uitree_emit_skip,,,,,1314000,2628.000000,29
window_counter,uitree_layout_resolve,,,,,300,0.600000,29
window_counter,uitree_layout_skip,,,,,150,0.300000,29
window_counter,uitree_layout_nodes,,,,,1063800,2127.600000,29
window_counter,uitree_layout_node_skip,,,,,1063291,2126.582000,29
window_counter,uitree_layout_depth_recompute,,,,,150,0.300000,29
window_counter,uitree_ensure_layout,,,,,8551,17.102000,29
window_counter,uitree_cc_deleteall,,,,,150,0.300000,29
window_counter,uitree_apply_geo,,,,,51784,103.568000,29
window_counter,uitree_apply_content,,,,,50842,101.684000,29
window_counter,uitree_apply_hook,,,,,257,0.514000,29
window_counter,uitree_apply_other,,,,,251028,502.056000,29
window_gauge,uitree_components,,,,,7092,7092.000000,29
window_gauge,uitree_capacity,,,,,8192,8192.000000,29
window_gauge,uitree_free_list,,,,,3,3.000000,29
window_gauge,uitree_node_bytes,,,,,14221312,14221312.000000,29
window_counter,cs2_scripts,,,,,4500,9.000000,29
window_counter,cs2_opcodes,,,,,402373,804.746000,29
window_counter,cs2_host_ops,,,,,54092,108.184000,29
window_counter,cs2_cycles,,,,,402373,804.746000,29
window_counter,cs2_vm_acquire,,,,,4500,9.000000,29
window_counter,cs2_vm_pool_hit,,,,,4500,9.000000,29
window_counter,cs2_vm_init_ns,,,,,3355000,6710.000000,29
window_counter,cs2_frame_pool_hit,,,,,8796,17.592000,29
window_counter,cache_sprite_hit,,,,,1,0.002000,29
window_counter,painter_pops,,,,,4199000,8398.000000,29
window_counter,painter_gate_rejects,,,,,1832500,3665.000000,29
window_counter,painter_pushes,,,,,4199000,8398.000000,29
window_counter,painter_push_dedup,,,,,1839000,3678.000000,29
window_counter,painter_drain_events,,,,,2000,4.000000,29
window_gauge,painter_commands,,,,,5442,5442.000000,29
window_gauge,painter_tiles_remaining_set,,,,,4325,4325.000000,29
window_gauge,zone_map_count,,,,,59,59.000000,29
window_gauge,zone_map_capacity,,,,,256,256.000000,29
window_gauge,npc_slot_max,,,,,65,65.000000,29
window_stage,frame,4550272,4463000,5140000,8147000,,,30
window_stage,async,57134,2000,201000,701000,,,30
window_stage,logic,258684,215000,406000,1785000,,,30
window_stage,cs2,47660,0,160000,590000,,,30
window_stage,layout,86,0,1000,1000,,,30
window_stage,interact,24190,23000,32000,90000,,,30
window_stage,emit,197084,186000,303000,537000,,,30
window_stage,paint,367704,356000,406000,1152000,,,30
window_stage,build,368046,356000,407000,1152000,,,30
window_stage,render,3223520,3173000,3593000,4976000,,,30
window_stage,present,142994,140000,157000,345000,,,30
window_stage,server,1710,1000,2000,113000,,,30
window_counter,uitree_find_id,,,,,376384,752.768000,30
window_counter,uitree_find_id_probes,,,,,642409,1284.818000,30
window_counter,uitree_find_child,,,,,3180,6.360000,30
window_counter,uitree_find_child_hit,,,,,945,1.890000,30
window_counter,uitree_find_child_ceil_miss,,,,,2235,4.470000,30
window_counter,uitree_walk_emit,,,,,1437000,2874.000000,30
window_counter,uitree_walk_hit,,,,,355000,710.000000,30
window_counter,uitree_walk_hover,,,,,52000,104.000000,30
window_counter,uitree_emit_skip,,,,,1314000,2628.000000,30
window_counter,uitree_layout_resolve,,,,,290,0.580000,30
window_counter,uitree_layout_skip,,,,,145,0.290000,30
window_counter,uitree_layout_nodes,,,,,1028340,2056.680000,30
window_counter,uitree_layout_node_skip,,,,,1027828,2055.656000,30
window_counter,uitree_layout_depth_recompute,,,,,145,0.290000,30
window_counter,uitree_ensure_layout,,,,,8309,16.618000,30
window_counter,uitree_cc_deleteall,,,,,145,0.290000,30
window_counter,uitree_apply_geo,,,,,51816,103.632000,30
window_counter,uitree_apply_content,,,,,50819,101.638000,30
window_counter,uitree_apply_hook,,,,,285,0.570000,30
window_counter,uitree_apply_other,,,,,251006,502.012000,30
window_gauge,uitree_components,,,,,7092,7092.000000,30
window_gauge,uitree_capacity,,,,,8192,8192.000000,30
window_gauge,uitree_free_list,,,,,3,3.000000,30
window_gauge,uitree_node_bytes,,,,,14221312,14221312.000000,30
window_counter,cs2_scripts,,,,,4350,8.700000,30
window_counter,cs2_opcodes,,,,,397878,795.756000,30
window_counter,cs2_host_ops,,,,,53086,106.172000,30
window_counter,cs2_cycles,,,,,397878,795.756000,30
window_counter,cs2_vm_acquire,,,,,4350,8.700000,30
window_counter,cs2_vm_pool_hit,,,,,4350,8.700000,30
window_counter,cs2_vm_init_ns,,,,,2860000,5720.000000,30
window_counter,cs2_frame_pool_hit,,,,,8528,17.056000,30
window_counter,cache_sprite_hit,,,,,2,0.004000,30
window_counter,painter_pops,,,,,4199556,8399.112000,30
window_counter,painter_gate_rejects,,,,,1832923,3665.846000,30
window_counter,painter_pushes,,,,,4199556,8399.112000,30
window_counter,painter_push_dedup,,,,,1838710,3677.420000,30
window_counter,painter_drain_events,,,,,2000,4.000000,30
window_gauge,painter_commands,,,,,5442,5442.000000,30
window_gauge,painter_tiles_remaining_set,,,,,4325,4325.000000,30
window_gauge,zone_map_count,,,,,59,59.000000,30
window_gauge,zone_map_capacity,,,,,256,256.000000,30
window_gauge,npc_slot_max,,,,,65,65.000000,30
window_stage,frame,4403064,4353000,4950000,6615000,,,31
window_stage,async,54966,2000,204000,559000,,,31
window_stage,logic,226036,191000,382000,662000,,,31
window_stage,cs2,43572,0,156000,429000,,,31
window_stage,layout,112,0,1000,9000,,,31
window_stage,interact,21838,21000,29000,65000,,,31
window_stage,emit,179610,169000,271000,380000,,,31
window_stage,paint,357984,351000,384000,2053000,,,31
window_stage,build,358198,351000,384000,2053000,,,31
window_stage,render,3161518,3117000,3478000,5483000,,,31
window_stage,present,142664,139000,157000,310000,,,31
window_stage,server,1522,1000,2000,72000,,,31
window_counter,uitree_find_id,,,,,375636,751.272000,31
window_counter,uitree_find_id_probes,,,,,636175,1272.350000,31
window_counter,uitree_find_child,,,,,3080,6.160000,31
window_counter,uitree_find_child_hit,,,,,905,1.810000,31
window_counter,uitree_find_child_ceil_miss,,,,,2175,4.350000,31
window_counter,uitree_walk_emit,,,,,1437000,2874.000000,31
window_counter,uitree_walk_hit,,,,,355000,710.000000,31
window_counter,uitree_walk_hover,,,,,52000,104.000000,31
window_counter,uitree_emit_skip,,,,,1314000,2628.000000,31
window_counter,uitree_layout_resolve,,,,,283,0.566000,31
window_counter,uitree_layout_skip,,,,,142,0.284000,31
window_counter,uitree_layout_nodes,,,,,999972,1999.944000,31
window_counter,uitree_layout_node_skip,,,,,999471,1998.942000,31
window_counter,uitree_layout_depth_recompute,,,,,141,0.282000,31
window_counter,uitree_ensure_layout,,,,,8094,16.188000,31
window_counter,uitree_cc_deleteall,,,,,141,0.282000,31
window_counter,uitree_apply_geo,,,,,51787,103.574000,31
window_counter,uitree_apply_content,,,,,50782,101.564000,31
window_counter,uitree_apply_hook,,,,,281,0.562000,31
window_counter,uitree_apply_other,,,,,250954,501.908000,31
window_gauge,uitree_components,,,,,7092,7092.000000,31
window_gauge,uitree_capacity,,,,,8192,8192.000000,31
window_gauge,uitree_free_list,,,,,3,3.000000,31
window_gauge,uitree_node_bytes,,,,,14221312,14221312.000000,31
window_counter,cs2_scripts,,,,,4230,8.460000,31
window_counter,cs2_opcodes,,,,,386124,772.248000,31
window_counter,cs2_host_ops,,,,,51656,103.312000,31
window_counter,cs2_cycles,,,,,386124,772.248000,31
window_counter,cs2_vm_acquire,,,,,4230,8.460000,31
window_counter,cs2_vm_pool_hit,,,,,4230,8.460000,31
window_counter,cs2_vm_init_ns,,,,,2720000,5440.000000,31
window_counter,cs2_frame_pool_hit,,,,,8294,16.588000,31
window_counter,cache_sprite_hit,,,,,1,0.002000,31
window_counter,painter_pops,,,,,4201848,8403.696000,31
window_counter,painter_gate_rejects,,,,,1834939,3669.878000,31
window_counter,painter_pushes,,,,,4201848,8403.696000,31
window_counter,painter_push_dedup,,,,,1836970,3673.940000,31
window_counter,painter_drain_events,,,,,2000,4.000000,31
window_gauge,painter_commands,,,,,5442,5442.000000,31
window_gauge,painter_tiles_remaining_set,,,,,4325,4325.000000,31
window_gauge,scene_elements,,,,,59771,59771.000000,31
window_gauge,scene_anim_list,,,,,309,309.000000,31
window_gauge,zone_map_count,,,,,60,60.000000,31
window_gauge,zone_map_capacity,,,,,256,256.000000,31
window_gauge,npc_slot_max,,,,,65,65.000000,31
window_gauge,cache_model_size,,,,,1139,1139.000000,31
window_gauge,cache_sprite_size,,,,,556,556.000000,31
window_stage,frame,4302534,4269000,4776000,5293000,,,32
window_stage,async,55222,2000,209000,612000,,,32
window_stage,logic,220344,183000,372000,895000,,,32
window_stage,cs2,42334,0,154000,645000,,,32
window_stage,layout,98,0,1000,3000,,,32
window_stage,interact,21114,20000,27000,122000,,,32
window_stage,emit,169312,161000,258000,332000,,,32
window_stage,paint,352948,347000,396000,613000,,,32
window_stage,build,353142,347000,397000,614000,,,32
window_stage,render,3092378,3066000,3356000,3688000,,,32
window_stage,present,140690,139000,154000,269000,,,32
window_stage,server,1344,1000,2000,69000,,,32
window_counter,uitree_find_id,,,,,375164,750.328000,32
window_counter,uitree_find_id_probes,,,,,631434,1262.868000,32
window_counter,uitree_find_child,,,,,3020,6.040000,32
window_counter,uitree_find_child_hit,,,,,890,1.780000,32
window_counter,uitree_find_child_ceil_miss,,,,,2130,4.260000,32
window_counter,uitree_walk_emit,,,,,1437000,2874.000000,32
window_counter,uitree_walk_hit,,,,,355000,710.000000,32
window_counter,uitree_walk_hover,,,,,52000,104.000000,32
window_counter,uitree_emit_skip,,,,,1314000,2628.000000,32
window_counter,uitree_layout_resolve,,,,,278,0.556000,32
window_counter,uitree_layout_skip,,,,,139,0.278000,32
window_counter,uitree_layout_nodes,,,,,985788,1971.576000,32
window_counter,uitree_layout_node_skip,,,,,985312,1970.624000,32
window_counter,uitree_layout_depth_recompute,,,,,139,0.278000,32
window_counter,uitree_ensure_layout,,,,,7968,15.936000,32
window_counter,uitree_cc_deleteall,,,,,139,0.278000,32
window_counter,uitree_apply_geo,,,,,51740,103.480000,32
window_counter,uitree_apply_content,,,,,50787,101.574000,32
window_counter,uitree_apply_hook,,,,,246,0.492000,32
window_counter,uitree_apply_other,,,,,250962,501.924000,32
window_gauge,uitree_components,,,,,7092,7092.000000,32
window_gauge,uitree_capacity,,,,,8192,8192.000000,32
window_gauge,uitree_free_list,,,,,3,3.000000,32
window_gauge,uitree_node_bytes,,,,,14221312,14221312.000000,32
window_counter,cs2_scripts,,,,,4170,8.340000,32
window_counter,cs2_opcodes,,,,,375141,750.282000,32
window_counter,cs2_host_ops,,,,,50264,100.528000,32
window_counter,cs2_cycles,,,,,375141,750.282000,32
window_counter,cs2_vm_acquire,,,,,4170,8.340000,32
window_counter,cs2_vm_pool_hit,,,,,4170,8.340000,32
window_counter,cs2_vm_init_ns,,,,,2898000,5796.000000,32
window_counter,cs2_frame_pool_hit,,,,,8156,16.312000,32
window_counter,cache_sprite_hit,,,,,1,0.002000,32
window_counter,painter_pops,,,,,4201864,8403.728000,32
window_counter,painter_gate_rejects,,,,,1834898,3669.796000,32
window_counter,painter_pushes,,,,,4201864,8403.728000,32
window_counter,painter_push_dedup,,,,,1837068,3674.136000,32
window_counter,painter_drain_events,,,,,2000,4.000000,32
window_gauge,painter_commands,,,,,5442,5442.000000,32
window_gauge,painter_tiles_remaining_set,,,,,4325,4325.000000,32
window_gauge,scene_elements,,,,,59771,59771.000000,32
window_gauge,scene_anim_list,,,,,309,309.000000,32
window_gauge,zone_map_count,,,,,60,60.000000,32
window_gauge,zone_map_capacity,,,,,256,256.000000,32
window_gauge,npc_slot_max,,,,,65,65.000000,32
window_gauge,cache_model_size,,,,,1139,1139.000000,32
window_gauge,cache_sprite_size,,,,,556,556.000000,32
window_stage,frame,4210242,4173000,4649000,5287000,,,33
window_stage,async,50776,1000,186000,730000,,,33
window_stage,logic,209538,174000,362000,582000,,,33
window_stage,cs2,39694,0,150000,263000,,,33
window_stage,layout,64,0,1000,1000,,,33
window_stage,interact,20294,20000,27000,63000,,,33
window_stage,emit,160652,152000,248000,382000,,,33
window_stage,paint,349084,346000,378000,523000,,,33
window_stage,build,349296,346000,379000,523000,,,33
window_stage,render,3042398,3027000,3304000,4114000,,,33
window_stage,present,139566,138000,151000,211000,,,33
window_stage,server,1396,1000,1000,82000,,,33
window_counter,uitree_find_id,,,,,374706,749.412000,33
window_counter,uitree_find_id_probes,,,,,627710,1255.420000,33
window_counter,uitree_find_child,,,,,2960,5.920000,33
window_counter,uitree_find_child_hit,,,,,860,1.720000,33
window_counter,uitree_find_child_ceil_miss,,,,,2100,4.200000,33
window_counter,uitree_walk_emit,,,,,1437000,2874.000000,33
window_counter,uitree_walk_hit,,,,,355000,710.000000,33
window_counter,uitree_walk_hover,,,,,52000,104.000000,33
window_counter,uitree_emit_skip,,,,,1314000,2628.000000,33
window_counter,uitree_layout_resolve,,,,,273,0.546000,33
window_counter,uitree_layout_skip,,,,,136,0.272000,33
window_counter,uitree_layout_nodes,,,,,971604,1943.208000,33
window_counter,uitree_layout_node_skip,,,,,971135,1942.270000,33
window_counter,uitree_layout_depth_recompute,,,,,137,0.274000,33
window_counter,uitree_ensure_layout,,,,,7850,15.700000,33
window_counter,uitree_cc_deleteall,,,,,137,0.274000,33
window_counter,uitree_apply_geo,,,,,51728,103.456000,33
window_counter,uitree_apply_content,,,,,50764,101.528000,33
window_counter,uitree_apply_hook,,,,,240,0.480000,33
window_counter,uitree_apply_other,,,,,250938,501.876000,33
window_gauge,uitree_components,,,,,7092,7092.000000,33
window_gauge,uitree_capacity,,,,,8192,8192.000000,33
window_gauge,uitree_free_list,,,,,3,3.000000,33
window_gauge,uitree_node_bytes,,,,,14221312,14221312.000000,33
window_counter,cs2_scripts,,,,,4110,8.220000,33
window_counter,cs2_opcodes,,,,,368053,736.106000,33
window_counter,cs2_host_ops,,,,,49487,98.974000,33
window_counter,cs2_cycles,,,,,368053,736.106000,33
window_counter,cs2_vm_acquire,,,,,4110,8.220000,33
window_counter,cs2_vm_pool_hit,,,,,4110,8.220000,33
window_counter,cs2_vm_init_ns,,,,,2575000,5150.000000,33
window_counter,cs2_frame_pool_hit,,,,,8035,16.070000,33
window_counter,cache_sprite_hit,,,,,2,0.004000,33
window_counter,painter_pops,,,,,4199682,8399.364000,33
window_counter,painter_gate_rejects,,,,,1832719,3665.438000,33
window_counter,painter_pushes,,,,,4199682,8399.364000,33
window_counter,painter_push_dedup,,,,,1839461,3678.922000,33
window_counter,painter_drain_events,,,,,2000,4.000000,33
window_gauge,painter_commands,,,,,5442,5442.000000,33
window_gauge,painter_tiles_remaining_set,,,,,4325,4325.000000,33
window_gauge,zone_map_count,,,,,60,60.000000,33
window_gauge,zone_map_capacity,,,,,256,256.000000,33
window_gauge,npc_slot_max,,,,,65,65.000000,33
window_stage,frame,4134524,4057000,4576000,11247000,,,34
window_stage,async,49900,1000,182000,587000,,,34
window_stage,logic,200802,163000,342000,496000,,,34
window_stage,cs2,38624,0,147000,226000,,,34
window_stage,layout,72,0,1000,1000,,,34
window_stage,interact,19408,19000,26000,97000,,,34
window_stage,emit,155552,151000,225000,367000,,,34
window_stage,paint,346120,340000,376000,1091000,,,34
window_stage,build,346306,340000,376000,1091000,,,34
window_stage,render,2993610,2952000,3264000,7430000,,,34
window_stage,present,139086,136000,152000,228000,,,34
window_stage,server,1420,1000,1000,152000,,,34
window_counter,uitree_find_id,,,,,374753,749.506000,34
window_counter,uitree_find_id_probes,,,,,627025,1254.050000,34
window_counter,uitree_find_child,,,,,2980,5.960000,34
window_counter,uitree_find_child_hit,,,,,895,1.790000,34
window_counter,uitree_find_child_ceil_miss,,,,,2085,4.170000,34
window_counter,uitree_walk_emit,,,,,1437000,2874.000000,34
window_counter,uitree_walk_hit,,,,,355000,710.000000,34
window_counter,uitree_walk_hover,,,,,52000,104.000000,34
window_counter,uitree_emit_skip,,,,,1314000,2628.000000,34
window_counter,uitree_layout_resolve,,,,,270,0.540000,34
window_counter,uitree_layout_skip,,,,,135,0.270000,34
window_counter,uitree_layout_nodes,,,,,957420,1914.840000,34
window_counter,uitree_layout_node_skip,,,,,956938,1913.876000,34
window_counter,uitree_layout_depth_recompute,,,,,135,0.270000,34
window_counter,uitree_ensure_layout,,,,,7778,15.556000,34
window_counter,uitree_cc_deleteall,,,,,135,0.270000,34
window_counter,uitree_apply_geo,,,,,51768,103.536000,34
window_counter,uitree_apply_content,,,,,50767,101.534000,34
window_counter,uitree_apply_hook,,,,,275,0.550000,34
window_counter,uitree_apply_other,,,,,250938,501.876000,34
window_gauge,uitree_components,,,,,7092,7092.000000,34
window_gauge,uitree_capacity,,,,,8192,8192.000000,34
window_gauge,uitree_free_list,,,,,3,3.000000,34
window_gauge,uitree_node_bytes,,,,,14221312,14221312.000000,34
window_counter,cs2_scripts,,,,,4050,8.100000,34
window_counter,cs2_opcodes,,,,,373148,746.296000,34
window_counter,cs2_host_ops,,,,,49619,99.238000,34
window_counter,cs2_cycles,,,,,373148,746.296000,34
window_counter,cs2_vm_acquire,,,,,4050,8.100000,34
window_counter,cs2_vm_pool_hit,,,,,4050,8.100000,34
window_counter,cs2_vm_init_ns,,,,,2642000,5284.000000,34
window_counter,cs2_frame_pool_hit,,,,,7946,15.892000,34
window_counter,cache_sprite_hit,,,,,1,0.002000,34
window_counter,painter_pops,,,,,4198635,8397.270000,34
window_counter,painter_gate_rejects,,,,,1832500,3665.000000,34
window_counter,painter_pushes,,,,,4198635,8397.270000,34
window_counter,painter_push_dedup,,,,,1839000,3678.000000,34
window_counter,painter_drain_events,,,,,2000,4.000000,34
window_gauge,painter_commands,,,,,5441,5441.000000,34
window_gauge,painter_tiles_remaining_set,,,,,4325,4325.000000,34
window_gauge,zone_map_count,,,,,60,60.000000,34
window_gauge,zone_map_capacity,,,,,256,256.000000,34
window_gauge,npc_slot_max,,,,,65,65.000000,34
window_stage,frame,4257060,4192000,4863000,7374000,,,35
window_stage,async,53812,2000,187000,728000,,,35
window_stage,logic,226932,182000,384000,1275000,,,35
window_stage,cs2,43862,0,153000,556000,,,35
window_stage,layout,82,0,1000,1000,,,35
window_stage,interact,21106,20000,28000,62000,,,35
window_stage,emit,162558,157000,250000,422000,,,35
window_stage,paint,355750,346000,397000,1170000,,,35
window_stage,build,355946,347000,397000,1171000,,,35
window_stage,render,3055154,3028000,3373000,5509000,,,35
window_stage,present,140462,138000,150000,292000,,,35
window_stage,server,1488,1000,2000,77000,,,35
window_counter,uitree_find_id,,,,,374897,749.794000,35
window_counter,uitree_find_id_probes,,,,,629710,1259.420000,35
window_counter,uitree_find_child,,,,,2980,5.960000,35
window_counter,uitree_find_child_hit,,,,,865,1.730000,35
window_counter,uitree_find_child_ceil_miss,,,,,2115,4.230000,35
window_counter,uitree_walk_emit,,,,,1437000,2874.000000,35
window_counter,uitree_walk_hit,,,,,355000,710.000000,35
window_counter,uitree_walk_hover,,,,,52000,104.000000,35
window_counter,uitree_emit_skip,,,,,1314000,2628.000000,35
window_counter,uitree_layout_resolve,,,,,276,0.552000,35
window_counter,uitree_layout_skip,,,,,138,0.276000,35
window_counter,uitree_layout_nodes,,,,,978696,1957.392000,35
window_counter,uitree_layout_node_skip,,,,,978223,1956.446000,35
window_counter,uitree_layout_depth_recompute,,,,,138,0.276000,35
window_counter,uitree_ensure_layout,,,,,7913,15.826000,35
window_counter,uitree_cc_deleteall,,,,,138,0.276000,35
window_counter,uitree_apply_geo,,,,,51731,103.462000,35
window_counter,uitree_apply_content,,,,,50767,101.534000,35
window_counter,uitree_apply_hook,,,,,245,0.490000,35
window_counter,uitree_apply_other,,,,,250936,501.872000,35
window_gauge,uitree_components,,,,,7092,7092.000000,35
window_gauge,uitree_capacity,,,,,8192,8192.000000,35
window_gauge,uitree_free_list,,,,,3,3.000000,35
window_gauge,uitree_node_bytes,,,,,14221312,14221312.000000,35
window_counter,cs2_scripts,,,,,4140,8.280000,35
window_counter,cs2_opcodes,,,,,371198,742.396000,35
window_counter,cs2_host_ops,,,,,49928,99.856000,35
window_counter,cs2_cycles,,,,,371198,742.396000,35
window_counter,cs2_vm_acquire,,,,,4140,8.280000,35
window_counter,cs2_vm_pool_hit,,,,,4140,8.280000,35
window_counter,cs2_vm_init_ns,,,,,2757000,5514.000000,35
window_counter,cs2_frame_pool_hit,,,,,8098,16.196000,35
window_counter,cache_sprite_hit,,,,,1,0.002000,35
window_counter,painter_pops,,,,,4199652,8399.304000,35
window_counter,painter_gate_rejects,,,,,1833508,3667.016000,35
window_counter,painter_pushes,,,,,4199652,8399.304000,35
window_counter,painter_push_dedup,,,,,1838136,3676.272000,35
window_counter,painter_drain_events,,,,,2000,4.000000,35
window_gauge,painter_commands,,,,,5441,5441.000000,35
window_gauge,painter_tiles_remaining_set,,,,,4325,4325.000000,35
window_gauge,zone_map_count,,,,,60,60.000000,35
window_gauge,zone_map_capacity,,,,,256,256.000000,35
window_gauge,npc_slot_max,,,,,65,65.000000,35
window_stage,frame,4260890,4202000,4817000,10560000,,,36
window_stage,async,52284,2000,187000,590000,,,36
window_stage,logic,220434,187000,376000,886000,,,36
window_stage,cs2,40424,0,155000,247000,,,36
window_stage,layout,74,0,1000,1000,,,36
window_stage,interact,21552,20000,31000,102000,,,36
window_stage,emit,165612,157000,272000,482000,,,36
window_stage,paint,354306,346000,400000,1162000,,,36
window_stage,build,354472,347000,400000,1162000,,,36
window_stage,render,3061280,3023000,3407000,6278000,,,36
window_stage,present,139780,137000,156000,223000,,,36
window_stage,server,1470,1000,2000,73000,,,36
window_counter,uitree_find_id,,,,,375264,750.528000,36
window_counter,uitree_find_id_probes,,,,,631776,1263.552000,36
window_counter,uitree_find_child,,,,,3040,6.080000,36
window_counter,uitree_find_child_hit,,,,,910,1.820000,36
window_counter,uitree_find_child_ceil_miss,,,,,2130,4.260000,36
window_counter,uitree_walk_emit,,,,,1437000,2874.000000,36
window_counter,uitree_walk_hit,,,,,355000,710.000000,36
window_counter,uitree_walk_hover,,,,,52000,104.000000,36
window_counter,uitree_emit_skip,,,,,1314000,2628.000000,36
window_counter,uitree_layout_resolve,,,,,276,0.552000,36
window_counter,uitree_layout_skip,,,,,138,0.276000,36
window_counter,uitree_layout_nodes,,,,,978696,1957.392000,36
window_counter,uitree_layout_node_skip,,,,,978204,1956.408000,36
window_counter,uitree_layout_depth_recompute,,,,,138,0.276000,36
window_counter,uitree_ensure_layout,,,,,7938,15.876000,36
window_counter,uitree_cc_deleteall,,,,,138,0.276000,36
window_counter,uitree_apply_geo,,,,,51788,103.576000,36
window_counter,uitree_apply_content,,,,,50784,101.568000,36
window_counter,uitree_apply_hook,,,,,278,0.556000,36
window_counter,uitree_apply_other,,,,,250964,501.928000,36
window_gauge,uitree_components,,,,,7092,7092.000000,36
window_gauge,uitree_capacity,,,,,8192,8192.000000,36
window_gauge,uitree_free_list,,,,,3,3.000000,36
window_gauge,uitree_node_bytes,,,,,14221312,14221312.000000,36
window_counter,cs2_scripts,,,,,4140,8.280000,36
window_counter,cs2_opcodes,,,,,380959,761.918000,36
window_counter,cs2_host_ops,,,,,50713,101.426000,36
window_counter,cs2_cycles,,,,,380959,761.918000,36
window_counter,cs2_vm_acquire,,,,,4140,8.280000,36
window_counter,cs2_vm_pool_hit,,,,,4140,8.280000,36
window_counter,cs2_vm_init_ns,,,,,2635000,5270.000000,36
window_counter,cs2_frame_pool_hit,,,,,8122,16.244000,36
window_counter,cache_sprite_hit,,,,,2,0.004000,36
window_counter,painter_pops,,,,,4198636,8397.272000,36
window_counter,painter_gate_rejects,,,,,1832619,3665.238000,36
window_counter,painter_pushes,,,,,4198636,8397.272000,36
window_counter,painter_push_dedup,,,,,1838898,3677.796000,36
window_counter,painter_drain_events,,,,,2000,4.000000,36
window_gauge,painter_commands,,,,,5441,5441.000000,36
window_gauge,painter_tiles_remaining_set,,,,,4325,4325.000000,36
window_gauge,zone_map_count,,,,,60,60.000000,36
window_gauge,zone_map_capacity,,,,,256,256.000000,36
window_gauge,npc_slot_max,,,,,65,65.000000,36
window_stage,frame,4146416,4110000,4583000,5152000,,,37
window_stage,async,48858,1000,176000,567000,,,37
window_stage,logic,198238,167000,335000,470000,,,37
window_stage,cs2,38318,0,147000,228000,,,37
window_stage,layout,64,0,1000,1000,,,37
window_stage,interact,20154,19000,27000,98000,,,37
window_stage,emit,153466,150000,229000,334000,,,37
window_stage,paint,346858,342000,387000,580000,,,37
window_stage,build,347064,342000,387000,580000,,,37
window_stage,render,3007484,2994000,3285000,3942000,,,37
window_stage,present,139784,137000,153000,231000,,,37
window_stage,server,1268,1000,1000,77000,,,37
window_counter,uitree_find_id,,,,,374417,748.834000,37
window_counter,uitree_find_id_probes,,,,,625153,1250.306000,37
window_counter,uitree_find_child,,,,,2920,5.840000,37
window_counter,uitree_find_child_hit,,,,,850,1.700000,37
window_counter,uitree_find_child_ceil_miss,,,,,2070,4.140000,37
window_counter,uitree_walk_emit,,,,,1437000,2874.000000,37
window_counter,uitree_walk_hit,,,,,355000,710.000000,37
window_counter,uitree_walk_hover,,,,,52000,104.000000,37
window_counter,uitree_emit_skip,,,,,1314000,2628.000000,37
window_counter,uitree_layout_resolve,,,,,270,0.540000,37
window_counter,uitree_layout_skip,,,,,135,0.270000,37
window_counter,uitree_layout_nodes,,,,,957420,1914.840000,37
window_counter,uitree_layout_node_skip,,,,,956956,1913.912000,37
window_counter,uitree_layout_depth_recompute,,,,,135,0.270000,37
window_counter,uitree_ensure_layout,,,,,7754,15.508000,37
window_counter,uitree_cc_deleteall,,,,,135,0.270000,37
window_counter,uitree_apply_geo,,,,,51719,103.438000,37
window_counter,uitree_apply_content,,,,,50752,101.504000,37
window_counter,uitree_apply_hook,,,,,242,0.484000,37
window_counter,uitree_apply_other,,,,,250918,501.836000,37
window_gauge,uitree_components,,,,,7092,7092.000000,37
window_gauge,uitree_capacity,,,,,8192,8192.000000,37
window_gauge,uitree_free_list,,,,,3,3.000000,37
window_gauge,uitree_node_bytes,,,,,14221312,14221312.000000,37
window_counter,cs2_scripts,,,,,4050,8.100000,37
window_counter,cs2_opcodes,,,,,363311,726.622000,37
window_counter,cs2_host_ops,,,,,48813,97.626000,37
window_counter,cs2_cycles,,,,,363311,726.622000,37
window_counter,cs2_vm_acquire,,,,,4050,8.100000,37
window_counter,cs2_vm_pool_hit,,,,,4050,8.100000,37
window_counter,cs2_vm_init_ns,,,,,2520000,5040.000000,37
window_counter,cs2_frame_pool_hit,,,,,7922,15.844000,37
window_counter,cache_sprite_hit,,,,,1,0.002000,37
window_counter,painter_pops,,,,,4198500,8397.000000,37
window_counter,painter_gate_rejects,,,,,1832500,3665.000000,37
window_counter,painter_pushes,,,,,4198500,8397.000000,37
window_counter,painter_push_dedup,,,,,1839000,3678.000000,37
window_counter,painter_drain_events,,,,,2000,4.000000,37
window_gauge,painter_commands,,,,,5441,5441.000000,37
window_gauge,painter_tiles_remaining_set,,,,,4325,4325.000000,37
window_gauge,zone_map_count,,,,,60,60.000000,37
window_gauge,zone_map_capacity,,,,,256,256.000000,37
window_gauge,npc_slot_max,,,,,65,65.000000,37
window_stage,frame,4128816,4087000,4523000,5944000,,,38
window_stage,async,49620,1000,184000,807000,,,38
window_stage,logic,197176,162000,331000,610000,,,38
window_stage,cs2,39008,0,150000,283000,,,38
window_stage,layout,78,0,1000,1000,,,38
window_stage,interact,19370,19000,25000,71000,,,38
window_stage,emit,153116,147000,225000,301000,,,38
window_stage,paint,345748,339000,384000,608000,,,38
window_stage,build,345942,340000,384000,608000,,,38
window_stage,render,2996770,2987000,3211000,4510000,,,38
window_stage,present,139960,137000,154000,290000,,,38
window_stage,server,1186,1000,1000,75000,,,38
window_counter,uitree_find_id,,,,,374255,748.510000,38
window_counter,uitree_find_id_probes,,,,,623441,1246.882000,38
window_counter,uitree_find_child,,,,,2900,5.800000,38
window_counter,uitree_find_child_hit,,,,,845,1.690000,38
window_counter,uitree_find_child_ceil_miss,,,,,2055,4.110000,38
window_counter,uitree_walk_emit,,,,,1437000,2874.000000,38
window_counter,uitree_walk_hit,,,,,355000,710.000000,38
window_counter,uitree_walk_hover,,,,,52000,104.000000,38
window_counter,uitree_emit_skip,,,,,1314000,2628.000000,38
window_counter,uitree_layout_resolve,,,,,269,0.538000,38
window_counter,uitree_layout_skip,,,,,135,0.270000,38
window_counter,uitree_layout_nodes,,,,,950328,1900.656000,38
window_counter,uitree_layout_node_skip,,,,,949868,1899.736000,38
window_counter,uitree_layout_depth_recompute,,,,,134,0.268000,38
window_counter,uitree_ensure_layout,,,,,7690,15.380000,38
window_counter,uitree_cc_deleteall,,,,,134,0.268000,38
window_counter,uitree_apply_geo,,,,,51708,103.416000,38
window_counter,uitree_apply_content,,,,,50747,101.494000,38
window_counter,uitree_apply_hook,,,,,237,0.474000,38
window_counter,uitree_apply_other,,,,,250912,501.824000,38
window_gauge,uitree_components,,,,,7092,7092.000000,38
window_gauge,uitree_capacity,,,,,8192,8192.000000,38
window_gauge,uitree_free_list,,,,,3,3.000000,38
window_gauge,uitree_node_bytes,,,,,14221312,14221312.000000,38
window_counter,cs2_scripts,,,,,4020,8.040000,38
window_counter,cs2_opcodes,,,,,360233,720.466000,38
window_counter,cs2_host_ops,,,,,48392,96.784000,38
window_counter,cs2_cycles,,,,,360233,720.466000,38
window_counter,cs2_vm_acquire,,,,,4020,8.040000,38
window_counter,cs2_vm_pool_hit,,,,,4020,8.040000,38
window_counter,cs2_vm_init_ns,,,,,2551000,5102.000000,38
window_counter,cs2_frame_pool_hit,,,,,7859,15.718000,38
window_counter,cache_model_hit,,,,,2,0.004000,38
window_counter,cache_sprite_hit,,,,,1,0.002000,38
window_counter,painter_pops,,,,,4198943,8397.886000,38
window_counter,painter_gate_rejects,,,,,1832500,3665.000000,38
window_counter,painter_pushes,,,,,4198943,8397.886000,38
window_counter,painter_push_dedup,,,,,1839000,3678.000000,38
window_counter,painter_drain_events,,,,,2000,4.000000,38
window_gauge,painter_commands,,,,,5442,5442.000000,38
window_gauge,painter_tiles_remaining_set,,,,,4325,4325.000000,38
window_gauge,scene_elements,,,,,59771,59771.000000,38
window_gauge,scene_anim_list,,,,,309,309.000000,38
window_gauge,zone_map_count,,,,,60,60.000000,38
window_gauge,zone_map_capacity,,,,,256,256.000000,38
window_gauge,npc_slot_max,,,,,65,65.000000,38
window_gauge,cache_model_size,,,,,1139,1139.000000,38
window_gauge,cache_sprite_size,,,,,556,556.000000,38
window_stage,frame,4248042,4144000,4866000,9900000,,,39
window_stage,async,52022,1000,196000,614000,,,39
window_stage,logic,213074,180000,360000,1211000,,,39
window_stage,cs2,40148,0,155000,251000,,,39
window_stage,layout,92,0,1000,3000,,,39
window_stage,interact,20572,20000,29000,89000,,,39
window_stage,emit,162542,152000,266000,692000,,,39
window_stage,paint,350402,343000,388000,702000,,,39
window_stage,build,350602,343000,389000,702000,,,39
window_stage,render,3068654,3015000,3429000,6454000,,,39
window_stage,present,140436,137000,158000,394000,,,39
window_stage,server,1442,1000,2000,83000,,,39
window_counter,uitree_find_id,,,,,375234,750.468000,39
window_counter,uitree_find_id_probes,,,,,631535,1263.070000,39
window_counter,uitree_find_child,,,,,3040,6.080000,39
window_counter,uitree_find_child_hit,,,,,910,1.820000,39
window_counter,uitree_find_child_ceil_miss,,,,,2130,4.260000,39
window_counter,uitree_walk_emit,,,,,1437000,2874.000000,39
window_counter,uitree_walk_hit,,,,,355000,710.000000,39
window_counter,uitree_walk_hover,,,,,52000,104.000000,39
window_counter,uitree_emit_skip,,,,,1314000,2628.000000,39
window_counter,uitree_layout_resolve,,,,,275,0.550000,39
window_counter,uitree_layout_skip,,,,,137,0.274000,39
window_counter,uitree_layout_nodes,,,,,978696,1957.392000,39
window_counter,uitree_layout_node_skip,,,,,978205,1956.410000,39
window_counter,uitree_layout_depth_recompute,,,,,138,0.276000,39
window_counter,uitree_ensure_layout,,,,,7938,15.876000,39
window_counter,uitree_cc_deleteall,,,,,138,0.276000,39
window_counter,uitree_apply_geo,,,,,51788,103.576000,39
window_counter,uitree_apply_content,,,,,50784,101.568000,39
window_counter,uitree_apply_hook,,,,,278,0.556000,39
window_counter,uitree_apply_other,,,,,250964,501.928000,39
window_gauge,uitree_components,,,,,7092,7092.000000,39
window_gauge,uitree_capacity,,,,,8192,8192.000000,39
window_gauge,uitree_free_list,,,,,3,3.000000,39
window_gauge,uitree_node_bytes,,,,,14221312,14221312.000000,39
window_counter,cs2_scripts,,,,,4140,8.280000,39
window_counter,cs2_opcodes,,,,,381604,763.208000,39
window_counter,cs2_host_ops,,,,,50812,101.624000,39
window_counter,cs2_cycles,,,,,381604,763.208000,39
window_counter,cs2_vm_acquire,,,,,4140,8.280000,39
window_counter,cs2_vm_pool_hit,,,,,4140,8.280000,39
window_counter,cs2_vm_init_ns,,,,,2663000,5326.000000,39
window_counter,cs2_frame_pool_hit,,,,,8124,16.248000,39
window_counter,cache_sprite_hit,,,,,2,0.004000,39
window_counter,painter_pops,,,,,4199664,8399.328000,39
window_counter,painter_gate_rejects,,,,,1832998,3665.996000,39
window_counter,painter_pushes,,,,,4199664,8399.328000,39
window_counter,painter_push_dedup,,,,,1838668,3677.336000,39
window_counter,painter_drain_events,,,,,2000,4.000000,39
window_gauge,painter_commands,,,,,5442,5442.000000,39
window_gauge,painter_tiles_remaining_set,,,,,4325,4325.000000,39
window_gauge,zone_map_count,,,,,61,61.000000,39
window_gauge,zone_map_capacity,,,,,256,256.000000,39
window_gauge,npc_slot_max,,,,,65,65.000000,39
window_stage,frame,4237494,4176000,4832000,7183000,,,40
window_stage,async,53626,2000,192000,592000,,,40
window_stage,logic,213164,174000,356000,1098000,,,40
window_stage,cs2,41542,0,152000,494000,,,40
window_stage,layout,68,0,1000,1000,,,40
window_stage,interact,20340,20000,26000,62000,,,40
window_stage,emit,160922,155000,248000,563000,,,40
window_stage,paint,350934,343000,398000,773000,,,40
window_stage,build,351148,343000,399000,773000,,,40
window_stage,render,3057042,3022000,3390000,4695000,,,40
window_stage,present,140288,137000,154000,294000,,,40
window_stage,server,1548,1000,2000,70000,,,40
window_counter,uitree_find_id,,,,,375005,750.010000,40
window_counter,uitree_find_id_probes,,,,,629933,1259.866000,40
window_counter,uitree_find_child,,,,,3000,6.000000,40
window_counter,uitree_find_child_hit,,,,,885,1.770000,40
window_counter,uitree_find_child_ceil_miss,,,,,2115,4.230000,40
window_counter,uitree_walk_emit,,,,,1437000,2874.000000,40
window_counter,uitree_walk_hit,,,,,355000,710.000000,40
window_counter,uitree_walk_hover,,,,,52000,104.000000,40
window_counter,uitree_emit_skip,,,,,1314000,2628.000000,40
window_counter,uitree_layout_resolve,,,,,276,0.552000,40
window_counter,uitree_layout_skip,,,,,138,0.276000,40
window_counter,uitree_layout_nodes,,,,,978696,1957.392000,40
window_counter,uitree_layout_node_skip,,,,,978223,1956.446000,40
window_counter,uitree_layout_depth_recompute,,,,,138,0.276000,40
window_counter,uitree_ensure_layout,,,,,7915,15.830000,40
window_counter,uitree_cc_deleteall,,,,,138,0.276000,40
window_counter,uitree_apply_geo,,,,,51736,103.472000,40
window_counter,uitree_apply_content,,,,,50783,101.566000,40
window_counter,uitree_apply_hook,,,,,245,0.490000,40
window_counter,uitree_apply_other,,,,,250956,501.912000,40
window_gauge,uitree_components,,,,,7092,7092.000000,40
window_gauge,uitree_capacity,,,,,8192,8192.000000,40
window_gauge,uitree_free_list,,,,,3,3.000000,40
window_gauge,uitree_node_bytes,,,,,14221312,14221312.000000,40
window_counter,cs2_scripts,,,,,4140,8.280000,40
window_counter,cs2_opcodes,,,,,372778,745.556000,40
window_counter,cs2_host_ops,,,,,49934,99.868000,40
window_counter,cs2_cycles,,,,,372778,745.556000,40
window_counter,cs2_vm_acquire,,,,,4140,8.280000,40
window_counter,cs2_vm_pool_hit,,,,,4140,8.280000,40
window_counter,cs2_vm_init_ns,,,,,2764000,5528.000000,40
window_counter,cs2_frame_pool_hit,,,,,8099,16.198000,40
window_counter,cache_sprite_hit,,,,,1,0.002000,40
window_counter,painter_pops,,,,,4199000,8398.000000,40
window_counter,painter_gate_rejects,,,,,1832500,3665.000000,40
window_counter,painter_pushes,,,,,4199000,8398.000000,40
window_counter,painter_push_dedup,,,,,1839000,3678.000000,40
window_counter,painter_drain_events,,,,,2000,4.000000,40
window_gauge,painter_commands,,,,,5442,5442.000000,40
window_gauge,painter_tiles_remaining_set,,,,,4325,4325.000000,40
window_gauge,zone_map_count,,,,,61,61.000000,40
window_gauge,zone_map_capacity,,,,,256,256.000000,40
window_gauge,npc_slot_max,,,,,65,65.000000,40
window_stage,frame,4196136,4114000,4688000,6677000,,,41
window_stage,async,52048,1000,178000,615000,,,41
window_stage,logic,209500,172000,353000,910000,,,41
window_stage,cs2,40444,0,148000,550000,,,41
window_stage,layout,80,0,1000,1000,,,41
window_stage,interact,19916,19000,26000,91000,,,41
window_stage,emit,156666,149000,233000,458000,,,41
window_stage,paint,349782,341000,382000,1261000,,,41
window_stage,build,349978,341000,384000,1261000,,,41
window_stage,render,3033378,2996000,3330000,5093000,,,41
window_stage,present,139368,137000,156000,322000,,,41
window_stage,server,1272,1000,1000,93000,,,41
window_counter,uitree_find_id,,,,,374837,749.674000,41
window_counter,uitree_find_id_probes,,,,,628533,1257.066000,41
window_counter,uitree_find_child,,,,,2980,5.960000,41
window_counter,uitree_find_child_hit,,,,,880,1.760000,41
window_counter,uitree_find_child_ceil_miss,,,,,2100,4.200000,41
window_counter,uitree_walk_emit,,,,,1437000,2874.000000,41
window_counter,uitree_walk_hit,,,,,355000,710.000000,41
window_counter,uitree_walk_hover,,,,,52000,104.000000,41
window_counter,uitree_emit_skip,,,,,1314000,2628.000000,41
window_counter,uitree_layout_resolve,,,,,272,0.544000,41
window_counter,uitree_layout_skip,,,,,136,0.272000,41
window_counter,uitree_layout_nodes,,,,,964512,1929.024000,41
window_counter,uitree_layout_node_skip,,,,,964026,1928.052000,41
window_counter,uitree_layout_depth_recompute,,,,,136,0.272000,41
window_counter,uitree_ensure_layout,,,,,7830,15.660000,41
window_counter,uitree_cc_deleteall,,,,,136,0.272000,41
window_counter,uitree_apply_geo,,,,,51775,103.550000,41
window_counter,uitree_apply_content,,,,,50759,101.518000,41
window_counter,uitree_apply_hook,,,,,276,0.552000,41
window_counter,uitree_apply_other,,,,,250932,501.864000,41
window_gauge,uitree_components,,,,,7092,7092.000000,41
window_gauge,uitree_capacity,,,,,8192,8192.000000,41
window_gauge,uitree_free_list,,,,,3,3.000000,41
window_gauge,uitree_node_bytes,,,,,14221312,14221312.000000,41
window_counter,cs2_scripts,,,,,4080,8.160000,41
window_counter,cs2_opcodes,,,,,373963,747.926000,41
window_counter,cs2_host_ops,,,,,49940,99.880000,41
window_counter,cs2_cycles,,,,,373963,747.926000,41
window_counter,cs2_vm_acquire,,,,,4080,8.160000,41
window_counter,cs2_vm_pool_hit,,,,,4080,8.160000,41
window_counter,cs2_vm_init_ns,,,,,2663000,5326.000000,41
window_counter,cs2_frame_pool_hit,,,,,8004,16.008000,41
window_counter,cache_sprite_hit,,,,,2,0.004000,41
window_counter,painter_pops,,,,,4199000,8398.000000,41
window_counter,painter_gate_rejects,,,,,1832500,3665.000000,41
window_counter,painter_pushes,,,,,4199000,8398.000000,41
window_counter,painter_push_dedup,,,,,1839000,3678.000000,41
window_counter,painter_drain_events,,,,,2000,4.000000,41
window_gauge,painter_commands,,,,,5442,5442.000000,41
window_gauge,painter_tiles_remaining_set,,,,,4325,4325.000000,41
window_gauge,zone_map_count,,,,,61,61.000000,41
window_gauge,zone_map_capacity,,,,,256,256.000000,41
window_gauge,npc_slot_max,,,,,65,65.000000,41
window_stage,frame,4375354,4356000,4906000,7405000,,,42
window_stage,async,53700,2000,190000,557000,,,42
window_stage,logic,232430,201000,389000,1236000,,,42
window_stage,cs2,42496,0,154000,429000,,,42
window_stage,layout,88,0,1000,3000,,,42
window_stage,interact,22454,22000,32000,79000,,,42
window_stage,emit,178868,169000,289000,435000,,,42
window_stage,paint,357532,353000,395000,934000,,,42
window_stage,build,357760,353000,395000,934000,,,42
window_stage,render,3130960,3110000,3484000,4606000,,,42
window_stage,present,141232,139000,155000,340000,,,42
window_stage,server,1536,1000,2000,79000,,,42
window_counter,uitree_find_id,,,,,375484,750.968000,42
window_counter,uitree_find_id_probes,,,,,634472,1268.944000,42
window_counter,uitree_find_child,,,,,3060,6.120000,42
window_counter,uitree_find_child_hit,,,,,900,1.800000,42
window_counter,uitree_find_child_ceil_miss,,,,,2160,4.320000,42
window_counter,uitree_walk_emit,,,,,1437000,2874.000000,42
window_counter,uitree_walk_hit,,,,,355000,710.000000,42
window_counter,uitree_walk_hover,,,,,52000,104.000000,42
window_counter,uitree_emit_skip,,,,,1314000,2628.000000,42
window_counter,uitree_layout_resolve,,,,,282,0.564000,42
window_counter,uitree_layout_skip,,,,,141,0.282000,42
window_counter,uitree_layout_nodes,,,,,999972,1999.944000,42
window_counter,uitree_layout_node_skip,,,,,999490,1998.980000,42
window_counter,uitree_layout_depth_recompute,,,,,141,0.282000,42
window_counter,uitree_ensure_layout,,,,,8074,16.148000,42
window_counter,uitree_cc_deleteall,,,,,141,0.282000,42
window_counter,uitree_apply_geo,,,,,51748,103.496000,42
window_counter,uitree_apply_content,,,,,50797,101.594000,42
window_counter,uitree_apply_hook,,,,,248,0.496000,42
window_counter,uitree_apply_other,,,,,250974,501.948000,42
window_gauge,uitree_components,,,,,7092,7092.000000,42
window_gauge,uitree_capacity,,,,,8192,8192.000000,42
window_gauge,uitree_free_list,,,,,3,3.000000,42
window_gauge,uitree_node_bytes,,,,,14221312,14221312.000000,42
window_counter,cs2_scripts,,,,,4230,8.460000,42
window_counter,cs2_opcodes,,,,,380620,761.240000,42
window_counter,cs2_host_ops,,,,,51041,102.082000,42
window_counter,cs2_cycles,,,,,380620,761.240000,42
window_counter,cs2_vm_acquire,,,,,4230,8.460000,42
window_counter,cs2_vm_pool_hit,,,,,4230,8.460000,42
window_counter,cs2_vm_init_ns,,,,,2704000,5408.000000,42
window_counter,cs2_frame_pool_hit,,,,,8274,16.548000,42
window_counter,cache_sprite_hit,,,,,1,0.002000,42
window_counter,painter_pops,,,,,4199000,8398.000000,42
window_counter,painter_gate_rejects,,,,,1832500,3665.000000,42
window_counter,painter_pushes,,,,,4199000,8398.000000,42
window_counter,painter_push_dedup,,,,,1839000,3678.000000,42
window_counter,painter_drain_events,,,,,2000,4.000000,42
window_gauge,painter_commands,,,,,5442,5442.000000,42
window_gauge,painter_tiles_remaining_set,,,,,4325,4325.000000,42
window_gauge,zone_map_count,,,,,62,62.000000,42
window_gauge,zone_map_capacity,,,,,256,256.000000,42
window_gauge,npc_slot_max,,,,,65,65.000000,42
window_stage,frame,4367016,4322000,4853000,12894000,,,43
window_stage,async,55438,2000,202000,777000,,,43
window_stage,logic,235982,205000,388000,1921000,,,43
window_stage,cs2,43234,0,153000,812000,,,43
window_stage,layout,96,0,1000,4000,,,43
window_stage,interact,22120,21000,31000,75000,,,43
window_stage,emit,175530,165000,274000,535000,,,43
window_stage,paint,363424,349000,400000,3538000,,,43
window_stage,build,363622,349000,400000,3539000,,,43
window_stage,render,3115820,3092000,3402000,4292000,,,43
window_stage,present,143244,138000,154000,1360000,,,43
window_stage,server,1538,1000,2000,74000,,,43
window_counter,uitree_find_id,,,,,375476,750.952000,43
window_counter,uitree_find_id_probes,,,,,634656,1269.312000,43
window_counter,uitree_find_child,,,,,3060,6.120000,43
window_counter,uitree_find_child_hit,,,,,900,1.800000,43
window_counter,uitree_find_child_ceil_miss,,,,,2160,4.320000,43
window_counter,uitree_walk_emit,,,,,1437000,2874.000000,43
window_counter,uitree_walk_hit,,,,,355000,710.000000,43
window_counter,uitree_walk_hover,,,,,52000,104.000000,43
window_counter,uitree_emit_skip,,,,,1314000,2628.000000,43
window_counter,uitree_layout_resolve,,,,,281,0.562000,43
window_counter,uitree_layout_skip,,,,,141,0.282000,43
window_counter,uitree_layout_nodes,,,,,992880,1985.760000,43
window_counter,uitree_layout_node_skip,,,,,992383,1984.766000,43
window_counter,uitree_layout_depth_recompute,,,,,140,0.280000,43
window_counter,uitree_ensure_layout,,,,,8041,16.082000,43
window_counter,uitree_cc_deleteall,,,,,140,0.280000,43
window_counter,uitree_apply_geo,,,,,51783,103.566000,43
window_counter,uitree_apply_content,,,,,50777,101.554000,43
window_counter,uitree_apply_hook,,,,,280,0.560000,43
window_counter,uitree_apply_other,,,,,250948,501.896000,43
window_gauge,uitree_components,,,,,7092,7092.000000,43
window_gauge,uitree_capacity,,,,,8192,8192.000000,43
window_gauge,uitree_free_list,,,,,3,3.000000,43
window_gauge,uitree_node_bytes,,,,,14221312,14221312.000000,43
window_counter,cs2_scripts,,,,,4200,8.400000,43
window_counter,cs2_opcodes,,,,,383062,766.124000,43
window_counter,cs2_host_ops,,,,,51218,102.436000,43
window_counter,cs2_cycles,,,,,383062,766.124000,43
window_counter,cs2_vm_acquire,,,,,4200,8.400000,43
window_counter,cs2_vm_pool_hit,,,,,4200,8.400000,43
window_counter,cs2_vm_init_ns,,,,,2780000,5560.000000,43
window_counter,cs2_frame_pool_hit,,,,,8234,16.468000,43
window_counter,cache_sprite_hit,,,,,1,0.002000,43
window_counter,painter_pops,,,,,4199000,8398.000000,43
window_counter,painter_gate_rejects,,,,,1832500,3665.000000,43
window_counter,painter_pushes,,,,,4199000,8398.000000,43
window_counter,painter_push_dedup,,,,,1839000,3678.000000,43
window_counter,painter_drain_events,,,,,2000,4.000000,43
window_gauge,painter_commands,,,,,5442,5442.000000,43
window_gauge,painter_tiles_remaining_set,,,,,4325,4325.000000,43
window_gauge,scene_elements,,,,,59771,59771.000000,43
window_gauge,scene_anim_list,,,,,309,309.000000,43
window_gauge,zone_map_count,,,,,62,62.000000,43
window_gauge,zone_map_capacity,,,,,256,256.000000,43
window_gauge,npc_slot_max,,,,,65,65.000000,43
window_gauge,cache_model_size,,,,,1139,1139.000000,43
window_gauge,cache_sprite_size,,,,,556,556.000000,43
window_stage,frame,4908808,4474000,6601000,24909000,,,44
window_stage,async,73624,2000,207000,2250000,,,44
window_stage,logic,298252,220000,419000,4201000,,,44
window_stage,cs2,61198,0,165000,2742000,,,44
window_stage,layout,112,0,1000,1000,,,44
window_stage,interact,25784,24000,33000,155000,,,44
window_stage,emit,209918,197000,312000,1238000,,,44
window_stage,paint,398924,360000,440000,2807000,,,44
window_stage,build,399194,360000,440000,2807000,,,44
window_stage,render,3429562,3188000,4423000,16023000,,,44
window_stage,present,149154,140000,158000,1037000,,,44
window_stage,server,1674,1000,2000,74000,,,44
window_counter,uitree_find_id,,,,,377954,755.908000,44
window_counter,uitree_find_id_probes,,,,,657358,1314.716000,44
window_counter,uitree_find_child,,,,,3380,6.760000,44
window_counter,uitree_find_child_hit,,,,,995,1.990000,44
window_counter,uitree_find_child_ceil_miss,,,,,2385,4.770000,44
window_counter,uitree_walk_emit,,,,,1437000,2874.000000,44
window_counter,uitree_walk_hit,,,,,355000,710.000000,44
window_counter,uitree_walk_hover,,,,,52000,104.000000,44
window_counter,uitree_emit_skip,,,,,1314000,2628.000000,44
window_counter,uitree_layout_resolve,,,,,309,0.618000,44
window_counter,uitree_layout_skip,,,,,154,0.308000,44
window_counter,uitree_layout_nodes,,,,,1099260,2198.520000,44
window_counter,uitree_layout_node_skip,,,,,1098717,2197.434000,44
window_counter,uitree_layout_depth_recompute,,,,,155,0.310000,44
window_counter,uitree_ensure_layout,,,,,8839,17.678000,44
window_counter,uitree_cc_deleteall,,,,,155,0.310000,44
window_counter,uitree_apply_geo,,,,,51856,103.712000,44
window_counter,uitree_apply_content,,,,,50869,101.738000,44
window_counter,uitree_apply_hook,,,,,295,0.590000,44
window_counter,uitree_apply_other,,,,,251066,502.132000,44
window_gauge,uitree_components,,,,,7092,7092.000000,44
window_gauge,uitree_capacity,,,,,8192,8192.000000,44
window_gauge,uitree_free_list,,,,,3,3.000000,44
window_gauge,uitree_node_bytes,,,,,14221312,14221312.000000,44
window_counter,cs2_scripts,,,,,4650,9.300000,44
window_counter,cs2_opcodes,,,,,422693,845.386000,44
window_counter,cs2_host_ops,,,,,56575,113.150000,44
window_counter,cs2_cycles,,,,,422693,845.386000,44
window_counter,cs2_vm_acquire,,,,,4650,9.300000,44
window_counter,cs2_vm_pool_hit,,,,,4650,9.300000,44
window_counter,cs2_vm_init_ns,,,,,3446000,6892.000000,44
window_counter,cs2_frame_pool_hit,,,,,9110,18.220000,44
window_counter,cache_sprite_hit,,,,,2,0.004000,44
window_counter,painter_pops,,,,,4199976,8399.952000,44
window_counter,painter_gate_rejects,,,,,1833354,3666.708000,44
window_counter,painter_pushes,,,,,4199976,8399.952000,44
window_counter,painter_push_dedup,,,,,1838268,3676.536000,44
window_counter,painter_drain_events,,,,,2000,4.000000,44
window_gauge,painter_commands,,,,,5442,5442.000000,44
window_gauge,painter_tiles_remaining_set,,,,,4325,4325.000000,44
window_gauge,zone_map_count,,,,,62,62.000000,44
window_gauge,zone_map_capacity,,,,,256,256.000000,44
window_gauge,npc_slot_max,,,,,65,65.000000,44
window_stage,frame,4549360,4430000,5110000,10021000,,,45
window_stage,async,56702,2000,197000,535000,,,45
window_stage,logic,257350,213000,414000,1242000,,,45
window_stage,cs2,47360,0,158000,611000,,,45
window_stage,layout,106,0,1000,1000,,,45
window_stage,interact,24734,24000,32000,71000,,,45
window_stage,emit,197788,193000,302000,526000,,,45
window_stage,paint,375318,355000,411000,2104000,,,45
window_stage,build,375564,355000,411000,2104000,,,45
window_stage,render,3216992,3139000,3558000,6904000,,,45
window_stage,present,142250,140000,155000,319000,,,45
window_stage,server,1622,1000,2000,67000,,,45
window_counter,uitree_find_id,,,,,376154,752.308000,45
window_counter,uitree_find_id_probes,,,,,640789,1281.578000,45
window_counter,uitree_find_child,,,,,3140,6.280000,45
window_counter,uitree_find_child_hit,,,,,920,1.840000,45
window_counter,uitree_find_child_ceil_miss,,,,,2220,4.440000,45
window_counter,uitree_walk_emit,,,,,1437000,2874.000000,45
window_counter,uitree_walk_hit,,,,,355000,710.000000,45
window_counter,uitree_walk_hover,,,,,52000,104.000000,45
window_counter,uitree_emit_skip,,,,,1314000,2628.000000,45
window_counter,uitree_layout_resolve,,,,,291,0.582000,45
window_counter,uitree_layout_skip,,,,,146,0.292000,45
window_counter,uitree_layout_nodes,,,,,1028340,2056.680000,45
window_counter,uitree_layout_node_skip,,,,,1027846,2055.692000,45
window_counter,uitree_layout_depth_recompute,,,,,145,0.290000,45
window_counter,uitree_ensure_layout,,,,,8286,16.572000,45
window_counter,uitree_cc_deleteall,,,,,145,0.290000,45
window_counter,uitree_apply_geo,,,,,51764,103.528000,45
window_counter,uitree_apply_content,,,,,50817,101.634000,45
window_counter,uitree_apply_hook,,,,,252,0.504000,45
window_counter,uitree_apply_other,,,,,250998,501.996000,45
window_gauge,uitree_components,,,,,7092,7092.000000,45
window_gauge,uitree_capacity,,,,,8192,8192.000000,45
window_gauge,uitree_free_list,,,,,3,3.000000,45
window_gauge,uitree_node_bytes,,,,,14221312,14221312.000000,45
window_counter,cs2_scripts,,,,,4350,8.700000,45
window_counter,cs2_opcodes,,,,,389643,779.286000,45
window_counter,cs2_host_ops,,,,,52298,104.596000,45
window_counter,cs2_cycles,,,,,389643,779.286000,45
window_counter,cs2_vm_acquire,,,,,4350,8.700000,45
window_counter,cs2_vm_pool_hit,,,,,4350,8.700000,45
window_counter,cs2_vm_init_ns,,,,,2903000,5806.000000,45
window_counter,cs2_frame_pool_hit,,,,,8504,17.008000,45
window_counter,cache_sprite_hit,,,,,1,0.002000,45
window_counter,painter_pops,,,,,4199000,8398.000000,45
window_counter,painter_gate_rejects,,,,,1832500,3665.000000,45
window_counter,painter_pushes,,,,,4199000,8398.000000,45
window_counter,painter_push_dedup,,,,,1839000,3678.000000,45
window_counter,painter_drain_events,,,,,2000,4.000000,45
window_gauge,painter_commands,,,,,5442,5442.000000,45
window_gauge,painter_tiles_remaining_set,,,,,4325,4325.000000,45
window_gauge,scene_elements,,,,,59771,59771.000000,45
window_gauge,scene_anim_list,,,,,309,309.000000,45
window_gauge,zone_map_count,,,,,62,62.000000,45
window_gauge,zone_map_capacity,,,,,256,256.000000,45
window_gauge,npc_slot_max,,,,,65,65.000000,45
window_gauge,cache_model_size,,,,,1139,1139.000000,45
window_gauge,cache_sprite_size,,,,,556,556.000000,45
window_stage,frame,4886092,4480000,7494000,12483000,,,46
window_stage,async,70298,2000,229000,2250000,,,46
window_stage,logic,291594,216000,550000,2018000,,,46
window_stage,cs2,62286,0,180000,1191000,,,46
window_stage,layout,148,0,1000,3000,,,46
window_stage,interact,26130,25000,35000,119000,,,46
window_stage,emit,209950,199000,329000,795000,,,46
window_stage,paint,397686,358000,557000,2032000,,,46
window_stage,build,398032,358000,557000,2033000,,,46
window_stage,render,3429982,3189000,4955000,10221000,,,46
window_stage,present,146978,142000,170000,659000,,,46
window_stage,server,1906,1000,2000,131000,,,46
window_counter,uitree_find_id,,,,,377824,755.648000,46
window_counter,uitree_find_id_probes,,,,,656080,1312.160000,46
window_counter,uitree_find_child,,,,,3360,6.720000,46
window_counter,uitree_find_child_hit,,,,,990,1.980000,46
window_counter,uitree_find_child_ceil_miss,,,,,2370,4.740000,46
window_counter,uitree_walk_emit,,,,,1437000,2874.000000,46
window_counter,uitree_walk_hit,,,,,355000,710.000000,46
window_counter,uitree_walk_hover,,,,,52000,104.000000,46
window_counter,uitree_emit_skip,,,,,1314000,2628.000000,46
window_counter,uitree_layout_resolve,,,,,308,0.616000,46
window_counter,uitree_layout_skip,,,,,154,0.308000,46
window_counter,uitree_layout_nodes,,,,,1092168,2184.336000,46
window_counter,uitree_layout_node_skip,,,,,1091628,2183.256000,46
window_counter,uitree_layout_depth_recompute,,,,,154,0.308000,46
window_counter,uitree_ensure_layout,,,,,8786,17.572000,46
window_counter,uitree_cc_deleteall,,,,,154,0.308000,46
window_counter,uitree_apply_geo,,,,,51852,103.704000,46
window_counter,uitree_apply_content,,,,,50864,101.728000,46
window_counter,uitree_apply_hook,,,,,294,0.588000,46
window_counter,uitree_apply_other,,,,,251060,502.120000,46
window_gauge,uitree_components,,,,,7092,7092.000000,46
window_gauge,uitree_capacity,,,,,8192,8192.000000,46
window_gauge,uitree_free_list,,,,,3,3.000000,46
window_gauge,uitree_node_bytes,,,,,14221312,14221312.000000,46
window_counter,cs2_scripts,,,,,4620,9.240000,46
window_counter,cs2_opcodes,,,,,420276,840.552000,46
window_counter,cs2_host_ops,,,,,56236,112.472000,46
window_counter,cs2_cycles,,,,,420276,840.552000,46
window_counter,cs2_vm_acquire,,,,,4620,9.240000,46
window_counter,cs2_vm_pool_hit,,,,,4620,9.240000,46
window_counter,cs2_vm_init_ns,,,,,3459000,6918.000000,46
window_counter,cs2_frame_pool_hit,,,,,9052,18.104000,46
window_counter,cache_model_hit,,,,,16,0.032000,46
window_counter,cache_sprite_hit,,,,,2,0.004000,46
window_counter,painter_pops,,,,,4199265,8398.530000,46
window_counter,painter_gate_rejects,,,,,1832545,3665.090000,46
window_counter,painter_pushes,,,,,4199265,8398.530000,46
window_counter,painter_push_dedup,,,,,1838970,3677.940000,46
window_counter,painter_drain_events,,,,,2000,4.000000,46
window_gauge,painter_commands,,,,,5443,5443.000000,46
window_gauge,painter_tiles_remaining_set,,,,,4325,4325.000000,46
window_gauge,scene_elements,,,,,59771,59771.000000,46
window_gauge,scene_anim_list,,,,,309,309.000000,46
window_gauge,zone_map_count,,,,,62,62.000000,46
window_gauge,zone_map_capacity,,,,,256,256.000000,46
window_gauge,npc_slot_max,,,,,65,65.000000,46
window_gauge,cache_model_size,,,,,1139,1139.000000,46
window_gauge,cache_sprite_size,,,,,556,556.000000,46
window_stage,frame,4646128,4442000,5492000,11898000,,,47
window_stage,async,62820,2000,214000,659000,,,47
window_stage,logic,262934,212000,412000,1608000,,,47
window_stage,cs2,55018,0,173000,1116000,,,47
window_stage,layout,110,0,1000,1000,,,47
window_stage,interact,25346,24000,34000,149000,,,47
window_stage,emit,199588,184000,309000,1300000,,,47
window_stage,paint,378880,357000,418000,1598000,,,47
window_stage,build,379164,357000,419000,1599000,,,47
window_stage,render,3276554,3143000,3737000,8515000,,,47
window_stage,present,148158,140000,175000,801000,,,47
window_stage,server,1676,1000,2000,73000,,,47
window_counter,uitree_find_id,,,,,376803,753.606000,47
window_counter,uitree_find_id_probes,,,,,646531,1293.062000,47
window_counter,uitree_find_child,,,,,3240,6.480000,47
window_counter,uitree_find_child_hit,,,,,960,1.920000,47
window_counter,uitree_find_child_ceil_miss,,,,,2280,4.560000,47
window_counter,uitree_walk_emit,,,,,1437000,2874.000000,47
window_counter,uitree_walk_hit,,,,,355000,710.000000,47
window_counter,uitree_walk_hover,,,,,52000,104.000000,47
window_counter,uitree_emit_skip,,,,,1314000,2628.000000,47
window_counter,uitree_layout_resolve,,,,,295,0.590000,47
window_counter,uitree_layout_skip,,,,,147,0.294000,47
window_counter,uitree_layout_nodes,,,,,1049616,2099.232000,47
window_counter,uitree_layout_node_skip,,,,,1049095,2098.190000,47
window_counter,uitree_layout_depth_recompute,,,,,148,0.296000,47
window_counter,uitree_ensure_layout,,,,,8467,16.934000,47
window_counter,uitree_cc_deleteall,,,,,148,0.296000,47
window_counter,uitree_apply_geo,,,,,51820,103.640000,47
window_counter,uitree_apply_content,,,,,50832,101.664000,47
window_counter,uitree_apply_hook,,,,,288,0.576000,47
window_counter,uitree_apply_other,,,,,251016,502.032000,47
window_gauge,uitree_components,,,,,7092,7092.000000,47
window_gauge,uitree_capacity,,,,,8192,8192.000000,47
window_gauge,uitree_free_list,,,,,3,3.000000,47
window_gauge,uitree_node_bytes,,,,,14221312,14221312.000000,47
window_counter,cs2_scripts,,,,,4440,8.880000,47
window_counter,cs2_opcodes,,,,,404569,809.138000,47
window_counter,cs2_host_ops,,,,,54026,108.052000,47
window_counter,cs2_cycles,,,,,404569,809.138000,47
window_counter,cs2_vm_acquire,,,,,4440,8.880000,47
window_counter,cs2_vm_pool_hit,,,,,4440,8.880000,47
window_counter,cs2_vm_init_ns,,,,,3205000,6410.000000,47
window_counter,cs2_frame_pool_hit,,,,,8700,17.400000,47
window_counter,cache_sprite_hit,,,,,1,0.002000,47
window_counter,painter_pops,,,,,4202172,8404.344000,47
window_counter,painter_gate_rejects,,,,,1834700,3669.400000,47
window_counter,painter_pushes,,,,,4202172,8404.344000,47
window_counter,painter_push_dedup,,,,,1837272,3674.544000,47
window_counter,painter_drain_events,,,,,2000,4.000000,47
window_gauge,painter_commands,,,,,5443,5443.000000,47
window_gauge,painter_tiles_remaining_set,,,,,4325,4325.000000,47
window_gauge,zone_map_count,,,,,62,62.000000,47
window_gauge,zone_map_capacity,,,,,256,256.000000,47
window_gauge,npc_slot_max,,,,,65,65.000000,47
window_stage,frame,4659514,4344000,5666000,28237000,,,48
window_stage,async,66552,2000,223000,1278000,,,48
window_stage,logic,244608,190000,390000,1753000,,,48
window_stage,cs2,51770,0,158000,1517000,,,48
window_stage,layout,110,0,1000,3000,,,48
window_stage,interact,24188,22000,31000,515000,,,48
window_stage,emit,183540,173000,287000,1432000,,,48
window_stage,paint,372492,351000,438000,1572000,,,48
window_stage,build,372682,351000,439000,1572000,,,48
window_stage,render,3295110,3120000,3644000,19949000,,,48
window_stage,present,145986,139000,170000,449000,,,48
window_stage,server,1566,1000,2000,77000,,,48
window_counter,uitree_find_id,,,,,377024,754.048000,48
window_counter,uitree_find_id_probes,,,,,648485,1296.970000,48
window_counter,uitree_find_child,,,,,3260,6.520000,48
window_counter,uitree_find_child_hit,,,,,965,1.930000,48
window_counter,uitree_find_child_ceil_miss,,,,,2295,4.590000,48
window_counter,uitree_walk_emit,,,,,1437000,2874.000000,48
window_counter,uitree_walk_hit,,,,,355000,710.000000,48
window_counter,uitree_walk_hover,,,,,52000,104.000000,48
window_counter,uitree_emit_skip,,,,,1314000,2628.000000,48
window_counter,uitree_layout_resolve,,,,,298,0.596000,48
window_counter,uitree_layout_skip,,,,,149,0.298000,48
window_counter,uitree_layout_nodes,,,,,1056708,2113.416000,48
window_counter,uitree_layout_node_skip,,,,,1056183,2112.366000,48
window_counter,uitree_layout_depth_recompute,,,,,149,0.298000,48
window_counter,uitree_ensure_layout,,,,,8521,17.042000,48
window_counter,uitree_cc_deleteall,,,,,149,0.298000,48
window_counter,uitree_apply_geo,,,,,51832,103.664000,48
window_counter,uitree_apply_content,,,,,50839,101.678000,48
window_counter,uitree_apply_hook,,,,,289,0.578000,48
window_counter,uitree_apply_other,,,,,251030,502.060000,48
window_gauge,uitree_components,,,,,7092,7092.000000,48
window_gauge,uitree_capacity,,,,,8192,8192.000000,48
window_gauge,uitree_free_list,,,,,3,3.000000,48
window_gauge,uitree_node_bytes,,,,,14221312,14221312.000000,48
window_counter,cs2_scripts,,,,,4470,8.940000,48
window_counter,cs2_opcodes,,,,,408191,816.382000,48
window_counter,cs2_host_ops,,,,,54541,109.082000,48
window_counter,cs2_cycles,,,,,408191,816.382000,48
window_counter,cs2_vm_acquire,,,,,4470,8.940000,48
window_counter,cs2_vm_pool_hit,,,,,4470,8.940000,48
window_counter,cs2_vm_init_ns,,,,,3330000,6660.000000,48
window_counter,cs2_frame_pool_hit,,,,,8762,17.524000,48
window_counter,cache_sprite_hit,,,,,2,0.004000,48
window_counter,painter_pops,,,,,4202769,8405.538000,48
window_counter,painter_gate_rejects,,,,,1835189,3670.378000,48
window_counter,painter_pushes,,,,,4202769,8405.538000,48
window_counter,painter_push_dedup,,,,,1836891,3673.782000,48
window_counter,painter_drain_events,,,,,2000,4.000000,48
window_gauge,painter_commands,,,,,5443,5443.000000,48
window_gauge,painter_tiles_remaining_set,,,,,4325,4325.000000,48
window_gauge,zone_map_count,,,,,62,62.000000,48
window_gauge,zone_map_capacity,,,,,256,256.000000,48
window_gauge,npc_slot_max,,,,,65,65.000000,48
window_stage,frame,4757950,4418000,6541000,14804000,,,49
window_stage,async,70402,2000,237000,2283000,,,49
window_stage,logic,266070,205000,458000,2220000,,,49
window_stage,cs2,52858,0,167000,946000,,,49
window_stage,layout,112,0,1000,1000,,,49
window_stage,interact,26038,23000,33000,608000,,,49
window_stage,emit,195492,186000,314000,894000,,,49
window_stage,paint,380466,355000,455000,2123000,,,49
window_stage,build,380712,355000,455000,2123000,,,49
window_stage,render,3365292,3172000,4452000,12144000,,,49
window_stage,present,147330,140000,179000,928000,,,49
window_stage,server,1602,1000,2000,75000,,,49
window_counter,uitree_find_id,,,,,376954,753.908000,49
window_counter,uitree_find_id_probes,,,,,648384,1296.768000,49
window_counter,uitree_find_child,,,,,3240,6.480000,49
window_counter,uitree_find_child_hit,,,,,945,1.890000,49
window_counter,uitree_find_child_ceil_miss,,,,,2295,4.590000,49
window_counter,uitree_walk_emit,,,,,1437000,2874.000000,49
window_counter,uitree_walk_hit,,,,,355000,710.000000,49
window_counter,uitree_walk_hover,,,,,52000,104.000000,49
window_counter,uitree_emit_skip,,,,,1314000,2628.000000,49
window_counter,uitree_layout_resolve,,,,,301,0.602000,49
window_counter,uitree_layout_skip,,,,,151,0.302000,49
window_counter,uitree_layout_nodes,,,,,1063800,2127.600000,49
window_counter,uitree_layout_node_skip,,,,,1063291,2126.582000,49
window_counter,uitree_layout_depth_recompute,,,,,150,0.300000,49
window_counter,uitree_ensure_layout,,,,,8551,17.102000,49
window_counter,uitree_cc_deleteall,,,,,150,0.300000,49
window_counter,uitree_apply_geo,,,,,51784,103.568000,49
window_counter,uitree_apply_content,,,,,50842,101.684000,49
window_counter,uitree_apply_hook,,,,,257,0.514000,49
window_counter,uitree_apply_other,,,,,251028,502.056000,49
window_gauge,uitree_components,,,,,7092,7092.000000,49
window_gauge,uitree_capacity,,,,,8192,8192.000000,49
window_gauge,uitree_free_list,,,,,3,3.000000,49
window_gauge,uitree_node_bytes,,,,,14221312,14221312.000000,49
window_counter,cs2_scripts,,,,,4500,9.000000,49
window_counter,cs2_opcodes,,,,,401728,803.456000,49
window_counter,cs2_host_ops,,,,,53993,107.986000,49
window_counter,cs2_cycles,,,,,401728,803.456000,49
window_counter,cs2_vm_acquire,,,,,4500,9.000000,49
window_counter,cs2_vm_pool_hit,,,,,4500,9.000000,49
window_counter,cs2_vm_init_ns,,,,,3802000,7604.000000,49
window_counter,cs2_frame_pool_hit,,,,,8794,17.588000,49
window_counter,cache_sprite_hit,,,,,1,0.002000,49
window_counter,painter_pops,,,,,4202288,8404.576000,49
window_counter,painter_gate_rejects,,,,,1834817,3669.634000,49
window_counter,painter_pushes,,,,,4202288,8404.576000,49
window_counter,painter_push_dedup,,,,,1837154,3674.308000,49
window_counter,painter_drain_events,,,,,2000,4.000000,49
window_gauge,painter_commands,,,,,5443,5443.000000,49
window_gauge,painter_tiles_remaining_set,,,,,4325,4325.000000,49
window_gauge,scene_elements,,,,,59771,59771.000000,49
window_gauge,scene_anim_list,,,,,309,309.000000,49
window_gauge,zone_map_count,,,,,62,62.000000,49
window_gauge,zone_map_capacity,,,,,256,256.000000,49
window_gauge,npc_slot_max,,,,,65,65.000000,49
window_gauge,cache_model_size,,,,,1139,1139.000000,49
window_gauge,cache_sprite_size,,,,,556,556.000000,49
window_stage,frame,5047112,4469000,8702000,62887000,,,50
window_stage,async,73922,2000,367000,950000,,,50
window_stage,logic,322404,201000,846000,12459000,,,50
window_stage,cs2,83900,0,214000,11713000,,,50
window_stage,layout,98,0,1000,1000,,,50
window_stage,interact,25774,24000,56000,115000,,,50
window_stage,emit,199714,178000,329000,1571000,,,50
window_stage,paint,393492,355000,573000,1876000,,,50
window_stage,build,393776,355000,573000,1876000,,,50
window_stage,render,3556492,3181000,5376000,59546000,,,50
window_stage,present,150778,140000,194000,721000,,,50
window_stage,server,1988,1000,2000,153000,,,50
window_counter,uitree_find_id,,,,,378571,757.142000,50
window_counter,uitree_find_id_probes,,,,,662361,1324.722000,50
window_counter,uitree_find_child,,,,,3460,6.920000,50
window_counter,uitree_find_child_hit,,,,,1030,2.060000,50
window_counter,uitree_find_child_ceil_miss,,,,,2430,4.860000,50
window_counter,uitree_walk_emit,,,,,1437000,2874.000000,50
window_counter,uitree_walk_hit,,,,,355000,710.000000,50
window_counter,uitree_walk_hover,,,,,52000,104.000000,50
window_counter,uitree_emit_skip,,,,,1314000,2628.000000,50
window_counter,uitree_layout_resolve,,,,,310,0.620000,50
window_counter,uitree_layout_skip,,,,,155,0.310000,50
window_counter,uitree_layout_nodes,,,,,1099260,2198.520000,50
window_counter,uitree_layout_node_skip,,,,,1098717,2197.434000,50
window_counter,uitree_layout_depth_recompute,,,,,155,0.310000,50
window_counter,uitree_ensure_layout,,,,,9000,18.000000,50
window_counter,uitree_cc_deleteall,,,,,158,0.316000,50
window_counter,uitree_apply_geo,,,,,51873,103.746000,50
window_counter,uitree_apply_content,,,,,50899,101.798000,50
window_counter,uitree_apply_hook,,,,,298,0.596000,50
window_counter,uitree_apply_other,,,,,251104,502.208000,50
window_gauge,uitree_components,,,,,7092,7092.000000,50
window_gauge,uitree_capacity,,,,,8192,8192.000000,50
window_gauge,uitree_free_list,,,,,3,3.000000,50
window_gauge,uitree_node_bytes,,,,,14221312,14221312.000000,50
window_counter,cs2_scripts,,,,,4740,9.480000,50
window_counter,cs2_opcodes,,,,,431470,862.940000,50
window_counter,cs2_host_ops,,,,,57589,115.178000,50
window_counter,cs2_cycles,,,,,431470,862.940000,50
window_counter,cs2_vm_acquire,,,,,4740,9.480000,50
window_counter,cs2_vm_pool_hit,,,,,4740,9.480000,50
window_counter,cs2_vm_init_ns,,,,,3771000,7542.000000,50
window_counter,cs2_frame_pool_hit,,,,,9284,18.568000,50
window_counter,cache_sprite_hit,,,,,2,0.004000,50
window_counter,painter_pops,,,,,4200744,8401.488000,50
window_counter,painter_gate_rejects,,,,,1833511,3667.022000,50
window_counter,painter_pushes,,,,,4200744,8401.488000,50
window_counter,painter_push_dedup,,,,,1838222,3676.444000,50
window_counter,painter_drain_events,,,,,2000,4.000000,50
window_gauge,painter_commands,,,,,5443,5443.000000,50
window_gauge,painter_tiles_remaining_set,,,,,4325,4325.000000,50
window_gauge,scene_elements,,,,,59771,59771.000000,50
window_gauge,scene_anim_list,,,,,309,309.000000,50
window_gauge,zone_map_count,,,,,62,62.000000,50
window_gauge,zone_map_capacity,,,,,256,256.000000,50
window_gauge,npc_slot_max,,,,,65,65.000000,50
window_gauge,cache_model_size,,,,,1139,1139.000000,50
window_gauge,cache_sprite_size,,,,,556,556.000000,50
window_stage,frame,4435314,4328000,4938000,11272000,,,51
window_stage,async,55538,2000,193000,653000,,,51
window_stage,logic,228798,191000,379000,1795000,,,51
window_stage,cs2,42284,0,150000,612000,,,51
window_stage,layout,108,0,1000,1000,,,51
window_stage,interact,22348,22000,30000,72000,,,51
window_stage,emit,179812,168000,278000,1074000,,,51
window_stage,paint,361796,350000,404000,1912000,,,51
window_stage,build,362014,350000,404000,1912000,,,51
window_stage,render,3177742,3103000,3485000,8877000,,,51
window_stage,present,143536,139000,163000,410000,,,51
window_stage,server,1560,1000,2000,73000,,,51
window_counter,uitree_find_id,,,,,375896,751.792000,51
window_counter,uitree_find_id_probes,,,,,638731,1277.462000,51
window_counter,uitree_find_child,,,,,3120,6.240000,51
window_counter,uitree_find_child_hit,,,,,915,1.830000,51
window_counter,uitree_find_child_ceil_miss,,,,,2205,4.410000,51
window_counter,uitree_walk_emit,,,,,1437000,2874.000000,51
window_counter,uitree_walk_hit,,,,,355000,710.000000,51
window_counter,uitree_walk_hover,,,,,52000,104.000000,51
window_counter,uitree_emit_skip,,,,,1314000,2628.000000,51
window_counter,uitree_layout_resolve,,,,,285,0.570000,51
window_counter,uitree_layout_skip,,,,,142,0.284000,51
window_counter,uitree_layout_nodes,,,,,1014156,2028.312000,51
window_counter,uitree_layout_node_skip,,,,,1013650,2027.300000,51
window_counter,uitree_layout_depth_recompute,,,,,143,0.286000,51
window_counter,uitree_ensure_layout,,,,,8200,16.400000,51
window_counter,uitree_cc_deleteall,,,,,143,0.286000,51
window_counter,uitree_apply_geo,,,,,51795,103.590000,51
window_counter,uitree_apply_content,,,,,50792,101.584000,51
window_counter,uitree_apply_hook,,,,,283,0.566000,51
window_counter,uitree_apply_other,,,,,250966,501.932000,51
window_gauge,uitree_components,,,,,7092,7092.000000,51
window_gauge,uitree_capacity,,,,,8192,8192.000000,51
window_gauge,uitree_free_list,,,,,3,3.000000,51
window_gauge,uitree_node_bytes,,,,,14221312,14221312.000000,51
window_counter,cs2_scripts,,,,,4290,8.580000,51
window_counter,cs2_opcodes,,,,,390313,780.626000,51
window_counter,cs2_host_ops,,,,,52235,104.470000,51
window_counter,cs2_cycles,,,,,390313,780.626000,51
window_counter,cs2_vm_acquire,,,,,4290,8.580000,51
window_counter,cs2_vm_pool_hit,,,,,4290,8.580000,51
window_counter,cs2_vm_init_ns,,,,,2801000,5602.000000,51
window_counter,cs2_frame_pool_hit,,,,,8408,16.816000,51
window_counter,cache_sprite_hit,,,,,1,0.002000,51
window_counter,painter_pops,,,,,4199500,8399.000000,51
window_counter,painter_gate_rejects,,,,,1832500,3665.000000,51
window_counter,painter_pushes,,,,,4199500,8399.000000,51
window_counter,painter_push_dedup,,,,,1839000,3678.000000,51
window_counter,painter_drain_events,,,,,2000,4.000000,51
window_gauge,painter_commands,,,,,5443,5443.000000,51
window_gauge,painter_tiles_remaining_set,,,,,4325,4325.000000,51
window_gauge,zone_map_count,,,,,62,62.000000,51
window_gauge,zone_map_capacity,,,,,256,256.000000,51
window_gauge,npc_slot_max,,,,,65,65.000000,51
window_stage,frame,4560654,4340000,6362000,12225000,,,52
window_stage,async,62350,2000,196000,837000,,,52
window_stage,logic,265074,208000,433000,2107000,,,52
window_stage,cs2,52722,0,164000,986000,,,52
window_stage,layout,102,0,1000,1000,,,52
window_stage,interact,23218,22000,31000,94000,,,52
window_stage,emit,180752,175000,282000,990000,,,52
window_stage,paint,381722,350000,428000,2289000,,,52
window_stage,build,381992,350000,428000,2289000,,,52
window_stage,render,3230898,3108000,3971000,7635000,,,52
window_stage,present,142318,138000,152000,316000,,,52
window_stage,server,1952,1000,2000,271000,,,52
window_counter,uitree_find_id,,,,,376544,753.088000,52
window_counter,uitree_find_id_probes,,,,,643928,1287.856000,52
window_counter,uitree_find_child,,,,,3200,6.400000,52
window_counter,uitree_find_child_hit,,,,,950,1.900000,52
window_counter,uitree_find_child_ceil_miss,,,,,2250,4.500000,52
window_counter,uitree_walk_emit,,,,,1437000,2874.000000,52
window_counter,uitree_walk_hit,,,,,355000,710.000000,52
window_counter,uitree_walk_hover,,,,,52000,104.000000,52
window_counter,uitree_emit_skip,,,,,1314000,2628.000000,52
window_counter,uitree_layout_resolve,,,,,292,0.584000,52
window_counter,uitree_layout_skip,,,,,146,0.292000,52
window_counter,uitree_layout_nodes,,,,,1035432,2070.864000,52
window_counter,uitree_layout_node_skip,,,,,1034916,2069.832000,52
window_counter,uitree_layout_depth_recompute,,,,,146,0.292000,52
window_counter,uitree_ensure_layout,,,,,8362,16.724000,52
window_counter,uitree_cc_deleteall,,,,,146,0.292000,52
window_counter,uitree_apply_geo,,,,,51820,103.640000,52
window_counter,uitree_apply_content,,,,,50824,101.648000,52
window_counter,uitree_apply_hook,,,,,286,0.572000,52
window_counter,uitree_apply_other,,,,,251012,502.024000,52
window_gauge,uitree_components,,,,,7092,7092.000000,52
window_gauge,uitree_capacity,,,,,8192,8192.000000,52
window_gauge,uitree_free_list,,,,,3,3.000000,52
window_gauge,uitree_node_bytes,,,,,14221312,14221312.000000,52
window_counter,cs2_scripts,,,,,4380,8.760000,52
window_counter,cs2_opcodes,,,,,400940,801.880000,52
window_counter,cs2_host_ops,,,,,53524,107.048000,52
window_counter,cs2_cycles,,,,,400940,801.880000,52
window_counter,cs2_vm_acquire,,,,,4380,8.760000,52
window_counter,cs2_vm_pool_hit,,,,,4380,8.760000,52
window_counter,cs2_vm_init_ns,,,,,3199000,6398.000000,52
window_counter,cs2_frame_pool_hit,,,,,8588,17.176000,52
window_counter,cache_sprite_hit,,,,,2,0.004000,52
window_counter,painter_pops,,,,,4200512,8401.024000,52
window_counter,painter_gate_rejects,,,,,1833329,3666.658000,52
window_counter,painter_pushes,,,,,4200512,8401.024000,52
window_counter,painter_push_dedup,,,,,1838354,3676.708000,52
window_counter,painter_drain_events,,,,,2000,4.000000,52
window_gauge,painter_commands,,,,,5443,5443.000000,52
window_gauge,painter_tiles_remaining_set,,,,,4325,4325.000000,52
window_gauge,zone_map_count,,,,,63,63.000000,52
window_gauge,zone_map_capacity,,,,,256,256.000000,52
window_gauge,npc_slot_max,,,,,65,65.000000,52
window_stage,frame,4597430,4341000,6181000,19980000,,,53
window_stage,async,63384,2000,187000,1540000,,,53
window_stage,logic,261808,204000,399000,4506000,,,53
window_stage,cs2,56878,0,166000,1999000,,,53
window_stage,layout,96,0,1000,1000,,,53
window_stage,interact,22970,22000,32000,114000,,,53
window_stage,emit,184178,173000,303000,957000,,,53
window_stage,paint,372328,349000,423000,2020000,,,53
window_stage,build,372572,349000,423000,2020000,,,53
window_stage,render,3272548,3123000,4311000,8597000,,,53
window_stage,present,142262,139000,154000,399000,,,53
window_stage,server,1468,1000,2000,72000,,,53
window_counter,uitree_find_id,,,,,376314,752.628000,53
window_counter,uitree_find_id_probes,,,,,642308,1284.616000,53
window_counter,uitree_find_child,,,,,3160,6.320000,53
window_counter,uitree_find_child_hit,,,,,925,1.850000,53
window_counter,uitree_find_child_ceil_miss,,,,,2235,4.470000,53
window_counter,uitree_walk_emit,,,,,1437000,2874.000000,53
window_counter,uitree_walk_hit,,,,,355000,710.000000,53
window_counter,uitree_walk_hover,,,,,52000,104.000000,53
window_counter,uitree_emit_skip,,,,,1314000,2628.000000,53
window_counter,uitree_layout_resolve,,,,,293,0.586000,53
window_counter,uitree_layout_skip,,,,,147,0.294000,53
window_counter,uitree_layout_nodes,,,,,1035432,2070.864000,53
window_counter,uitree_layout_node_skip,,,,,1034935,2069.870000,53
window_counter,uitree_layout_depth_recompute,,,,,146,0.292000,53
window_counter,uitree_ensure_layout,,,,,8339,16.678000,53
window_counter,uitree_cc_deleteall,,,,,146,0.292000,53
window_counter,uitree_apply_geo,,,,,51768,103.536000,53
window_counter,uitree_apply_content,,,,,50822,101.644000,53
window_counter,uitree_apply_hook,,,,,253,0.506000,53
window_counter,uitree_apply_other,,,,,251004,502.008000,53
window_gauge,uitree_components,,,,,7092,7092.000000,53
window_gauge,uitree_capacity,,,,,8192,8192.000000,53
window_gauge,uitree_free_list,,,,,3,3.000000,53
window_gauge,uitree_node_bytes,,,,,14221312,14221312.000000,53
window_counter,cs2_scripts,,,,,4380,8.760000,53
window_counter,cs2_opcodes,,,,,392060,784.120000,53
window_counter,cs2_host_ops,,,,,52637,105.274000,53
window_counter,cs2_cycles,,,,,392060,784.120000,53
window_counter,cs2_vm_acquire,,,,,4380,8.760000,53
window_counter,cs2_vm_pool_hit,,,,,4380,8.760000,53
window_counter,cs2_vm_init_ns,,,,,3876000,7752.000000,53
window_counter,cs2_frame_pool_hit,,,,,8562,17.124000,53
window_counter,cache_sprite_hit,,,,,1,0.002000,53
window_counter,painter_pops,,,,,4202751,8405.502000,53
window_counter,painter_gate_rejects,,,,,1835107,3670.214000,53
window_counter,painter_pushes,,,,,4202751,8405.502000,53
window_counter,painter_push_dedup,,,,,1837037,3674.074000,53
window_counter,painter_drain_events,,,,,2000,4.000000,53
window_gauge,painter_commands,,,,,5443,5443.000000,53
window_gauge,painter_tiles_remaining_set,,,,,4325,4325.000000,53
window_gauge,scene_elements,,,,,59771,59771.000000,53
window_gauge,scene_anim_list,,,,,309,309.000000,53
window_gauge,zone_map_count,,,,,63,63.000000,53
window_gauge,zone_map_capacity,,,,,256,256.000000,53
window_gauge,npc_slot_max,,,,,65,65.000000,53
window_gauge,cache_model_size,,,,,1139,1139.000000,53
window_gauge,cache_sprite_size,,,,,556,556.000000,53
window_stage,frame,4634336,4359000,6004000,19763000,,,54
window_stage,async,68428,2000,199000,2194000,,,54
window_stage,logic,261060,197000,410000,4727000,,,54
window_stage,cs2,57048,0,154000,2172000,,,54
window_stage,layout,86,0,1000,1000,,,54
window_stage,interact,24048,22000,32000,123000,,,54
window_stage,emit,187332,179000,301000,967000,,,54
window_stage,paint,376678,351000,431000,1867000,,,54
window_stage,build,376898,351000,431000,1869000,,,54
window_stage,render,3277136,3118000,4070000,13938000,,,54
window_stage,present,147618,139000,168000,916000,,,54
window_stage,server,1810,1000,2000,188000,,,54
window_counter,uitree_find_id,,,,,376834,753.668000,54
window_counter,uitree_find_id_probes,,,,,646725,1293.450000,54
window_counter,uitree_find_child,,,,,3240,6.480000,54
window_counter,uitree_find_child_hit,,,,,960,1.920000,54
window_counter,uitree_find_child_ceil_miss,,,,,2280,4.560000,54
window_counter,uitree_walk_emit,,,,,1437000,2874.000000,54
window_counter,uitree_walk_hit,,,,,355000,710.000000,54
window_counter,uitree_walk_hover,,,,,52000,104.000000,54
window_counter,uitree_emit_skip,,,,,1314000,2628.000000,54
window_counter,uitree_layout_resolve,,,,,295,0.590000,54
window_counter,uitree_layout_skip,,,,,147,0.294000,54
window_counter,uitree_layout_nodes,,,,,1049616,2099.232000,54
window_counter,uitree_layout_node_skip,,,,,1049094,2098.188000,54
window_counter,uitree_layout_depth_recompute,,,,,148,0.296000,54
window_counter,uitree_ensure_layout,,,,,8468,16.936000,54
window_counter,uitree_cc_deleteall,,,,,148,0.296000,54
window_counter,uitree_apply_geo,,,,,51828,103.656000,54
window_counter,uitree_apply_content,,,,,50834,101.668000,54
window_counter,uitree_apply_hook,,,,,288,0.576000,54
window_counter,uitree_apply_other,,,,,251024,502.048000,54
window_gauge,uitree_components,,,,,7092,7092.000000,54
window_gauge,uitree_capacity,,,,,8192,8192.000000,54
window_gauge,uitree_free_list,,,,,3,3.000000,54
window_gauge,uitree_node_bytes,,,,,14221312,14221312.000000,54
window_counter,cs2_scripts,,,,,4440,8.880000,54
window_counter,cs2_opcodes,,,,,405129,810.258000,54
window_counter,cs2_host_ops,,,,,54103,108.206000,54
window_counter,cs2_cycles,,,,,405129,810.258000,54
window_counter,cs2_vm_acquire,,,,,4440,8.880000,54
window_counter,cs2_vm_pool_hit,,,,,4440,8.880000,54
window_counter,cs2_vm_init_ns,,,,,3292000,6584.000000,54
window_counter,cs2_frame_pool_hit,,,,,8702,17.404000,54
window_counter,cache_sprite_hit,,,,,2,0.004000,54
window_counter,painter_pops,,,,,4202156,8404.312000,54
window_counter,painter_gate_rejects,,,,,1834688,3669.376000,54
window_counter,painter_pushes,,,,,4202156,8404.312000,54
window_counter,painter_push_dedup,,,,,1837280,3674.560000,54
window_counter,painter_drain_events,,,,,2000,4.000000,54
window_gauge,painter_commands,,,,,5443,5443.000000,54
window_gauge,painter_tiles_remaining_set,,,,,4325,4325.000000,54
window_gauge,zone_map_count,,,,,63,63.000000,54
window_gauge,zone_map_capacity,,,,,256,256.000000,54
window_gauge,npc_slot_max,,,,,65,65.000000,54
window_stage,frame,4397574,4266000,4863000,11351000,,,55
window_stage,async,58872,2000,185000,1345000,,,55
window_stage,logic,227876,188000,376000,2584000,,,55
window_stage,cs2,43784,0,153000,749000,,,55
window_stage,layout,110,0,1000,3000,,,55
window_stage,interact,22318,21000,30000,103000,,,55
window_stage,emit,174840,168000,267000,601000,,,55
window_stage,paint,361112,348000,404000,1598000,,,55
window_stage,build,361302,348000,405000,1598000,,,55
window_stage,render,3147670,3069000,3416000,7476000,,,55
window_stage,present,142458,139000,156000,365000,,,55
window_stage,server,1662,1000,2000,140000,,,55
window_counter,uitree_find_id,,,,,375514,751.028000,55
window_counter,uitree_find_id_probes,,,,,634713,1269.426000,55
window_counter,uitree_find_child,,,,,3060,6.120000,55
window_counter,uitree_find_child_hit,,,,,900,1.800000,55
window_counter,uitree_find_child_ceil_miss,,,,,2160,4.320000,55
window_counter,uitree_walk_emit,,,,,1437000,2874.000000,55
window_counter,uitree_walk_hit,,,,,355000,710.000000,55
window_counter,uitree_walk_hover,,,,,52000,104.000000,55
window_counter,uitree_emit_skip,,,,,1314000,2628.000000,55
window_counter,uitree_layout_resolve,,,,,283,0.566000,55
window_counter,uitree_layout_skip,,,,,142,0.284000,55
window_counter,uitree_layout_nodes,,,,,999972,1999.944000,55
window_counter,uitree_layout_node_skip,,,,,999491,1998.982000,55
window_counter,uitree_layout_depth_recompute,,,,,141,0.282000,55
window_counter,uitree_ensure_layout,,,,,8074,16.148000,55
window_counter,uitree_cc_deleteall,,,,,141,0.282000,55
window_counter,uitree_apply_geo,,,,,51748,103.496000,55
window_counter,uitree_apply_content,,,,,50797,101.594000,55
window_counter,uitree_apply_hook,,,,,248,0.496000,55
window_counter,uitree_apply_other,,,,,250974,501.948000,55
window_gauge,uitree_components,,,,,7092,7092.000000,55
window_gauge,uitree_capacity,,,,,8192,8192.000000,55
window_gauge,uitree_free_list,,,,,3,3.000000,55
window_gauge,uitree_node_bytes,,,,,14221312,14221312.000000,55
window_counter,cs2_scripts,,,,,4230,8.460000,55
window_counter,cs2_opcodes,,,,,380620,761.240000,55
window_counter,cs2_host_ops,,,,,51041,102.082000,55
window_counter,cs2_cycles,,,,,380620,761.240000,55
window_counter,cs2_vm_acquire,,,,,4230,8.460000,55
window_counter,cs2_vm_pool_hit,,,,,4230,8.460000,55
window_counter,cs2_vm_init_ns,,,,,2898000,5796.000000,55
window_counter,cs2_frame_pool_hit,,,,,8274,16.548000,55
window_counter,cache_sprite_hit,,,,,1,0.002000,55
window_counter,painter_pops,,,,,4199735,8399.470000,55
window_counter,painter_gate_rejects,,,,,1832388,3664.776000,55
window_counter,painter_pushes,,,,,4199735,8399.470000,55
window_counter,painter_push_dedup,,,,,1839677,3679.354000,55
window_counter,painter_drain_events,,,,,2000,4.000000,55
window_gauge,painter_commands,,,,,5442,5442.000000,55
window_gauge,painter_tiles_remaining_set,,,,,4325,4325.000000,55
window_gauge,scene_elements,,,,,59771,59771.000000,55
window_gauge,scene_anim_list,,,,,309,309.000000,55
window_gauge,zone_map_count,,,,,63,63.000000,55
window_gauge,zone_map_capacity,,,,,256,256.000000,55
window_gauge,npc_slot_max,,,,,65,65.000000,55
window_gauge,cache_model_size,,,,,1139,1139.000000,55
window_gauge,cache_sprite_size,,,,,556,556.000000,55
window_stage,frame,4268266,4194000,4861000,8218000,,,56
window_stage,async,53104,2000,187000,842000,,,56
window_stage,logic,221464,183000,372000,2622000,,,56
window_stage,cs2,42312,0,154000,540000,,,56
window_stage,layout,68,0,1000,1000,,,56
window_stage,interact,21194,20000,28000,45000,,,56
window_stage,emit,169888,165000,248000,559000,,,56
window_stage,paint,350478,344000,392000,575000,,,56
window_stage,build,350696,344000,392000,575000,,,56
window_stage,render,3062706,3023000,3396000,5215000,,,56
window_stage,present,140178,138000,154000,251000,,,56
window_stage,server,1490,1000,2000,85000,,,56
window_counter,uitree_find_id,,,,,375125,750.250000,56
window_counter,uitree_find_id_probes,,,,,631137,1262.274000,56
window_counter,uitree_find_child,,,,,3020,6.040000,56
window_counter,uitree_find_child_hit,,,,,890,1.780000,56
window_counter,uitree_find_child_ceil_miss,,,,,2130,4.260000,56
window_counter,uitree_walk_emit,,,,,1437000,2874.000000,56
window_counter,uitree_walk_hit,,,,,355000,710.000000,56
window_counter,uitree_walk_hover,,,,,52000,104.000000,56
window_counter,uitree_emit_skip,,,,,1314000,2628.000000,56
window_counter,uitree_layout_resolve,,,,,276,0.552000,56
window_counter,uitree_layout_skip,,,,,138,0.276000,56
window_counter,uitree_layout_nodes,,,,,978696,1957.392000,56
window_counter,uitree_layout_node_skip,,,,,978205,1956.410000,56
window_counter,uitree_layout_depth_recompute,,,,,138,0.276000,56
window_counter,uitree_ensure_layout,,,,,7925,15.850000,56
window_counter,uitree_cc_deleteall,,,,,138,0.276000,56
window_counter,uitree_apply_geo,,,,,51776,103.552000,56
window_counter,uitree_apply_content,,,,,50769,101.538000,56
window_counter,uitree_apply_hook,,,,,274,0.548000,56
window_counter,uitree_apply_other,,,,,250944,501.888000,56
window_gauge,uitree_components,,,,,7092,7092.000000,56
window_gauge,uitree_capacity,,,,,8192,8192.000000,56
window_gauge,uitree_free_list,,,,,3,3.000000,56
window_gauge,uitree_node_bytes,,,,,14221312,14221312.000000,56
window_counter,cs2_scripts,,,,,4140,8.280000,56
window_counter,cs2_opcodes,,,,,378145,756.290000,56
window_counter,cs2_host_ops,,,,,50537,101.074000,56
window_counter,cs2_cycles,,,,,378145,756.290000,56
window_counter,cs2_vm_acquire,,,,,4140,8.280000,56
window_counter,cs2_vm_pool_hit,,,,,4140,8.280000,56
window_counter,cs2_vm_init_ns,,,,,2650000,5300.000000,56
window_counter,cs2_frame_pool_hit,,,,,8115,16.230000,56
window_counter,cache_sprite_hit,,,,,2,0.004000,56
window_counter,painter_pops,,,,,4199000,8398.000000,56
window_counter,painter_gate_rejects,,,,,1832500,3665.000000,56
window_counter,painter_pushes,,,,,4199000,8398.000000,56
window_counter,painter_push_dedup,,,,,1839000,3678.000000,56
window_counter,painter_drain_events,,,,,2000,4.000000,56
window_gauge,painter_commands,,,,,5442,5442.000000,56
window_gauge,painter_tiles_remaining_set,,,,,4325,4325.000000,56
window_gauge,scene_elements,,,,,59771,59771.000000,56
window_gauge,scene_anim_list,,,,,309,309.000000,56
window_gauge,zone_map_count,,,,,63,63.000000,56
window_gauge,zone_map_capacity,,,,,256,256.000000,56
window_gauge,npc_slot_max,,,,,65,65.000000,56
window_gauge,cache_model_size,,,,,1139,1139.000000,56
window_gauge,cache_sprite_size,,,,,556,556.000000,56
window_stage,frame,4225542,4186000,4680000,5257000,,,57
window_stage,async,48548,2000,172000,464000,,,57
window_stage,logic,208438,175000,353000,443000,,,57
window_stage,cs2,39854,0,151000,246000,,,57
window_stage,layout,114,0,1000,9000,,,57
window_stage,interact,20850,20000,27000,56000,,,57
window_stage,emit,166386,158000,258000,330000,,,57
window_stage,paint,350108,344000,396000,556000,,,57
window_stage,build,350412,344000,396000,556000,,,57
window_stage,render,3044966,3035000,3274000,4016000,,,57
window_stage,present,140830,138000,151000,266000,,,57
window_stage,server,1278,1000,1000,71000,,,57
window_counter,uitree_find_id,,,,,374844,749.688000,57
window_counter,uitree_find_id_probes,,,,,628396,1256.792000,57
window_counter,uitree_find_child,,,,,2980,5.960000,57
window_counter,uitree_find_child_hit,,,,,880,1.760000,57
window_counter,uitree_find_child_ceil_miss,,,,,2100,4.200000,57
window_counter,uitree_walk_emit,,,,,1437000,2874.000000,57
window_counter,uitree_walk_hit,,,,,355000,710.000000,57
window_counter,uitree_walk_hover,,,,,52000,104.000000,57
window_counter,uitree_emit_skip,,,,,1314000,2628.000000,57
window_counter,uitree_layout_resolve,,,,,274,0.548000,57
window_counter,uitree_layout_skip,,,,,137,0.274000,57
window_counter,uitree_layout_nodes,,,,,971604,1943.208000,57
window_counter,uitree_layout_node_skip,,,,,971134,1942.268000,57
window_counter,uitree_layout_depth_recompute,,,,,137,0.274000,57
window_counter,uitree_ensure_layout,,,,,7862,15.724000,57
window_counter,uitree_cc_deleteall,,,,,137,0.274000,57
window_counter,uitree_apply_geo,,,,,51732,103.464000,57
window_counter,uitree_apply_content,,,,,50777,101.554000,57
window_counter,uitree_apply_hook,,,,,244,0.488000,57
window_counter,uitree_apply_other,,,,,250950,501.900000,57
window_gauge,uitree_components,,,,,7092,7092.000000,57
window_gauge,uitree_capacity,,,,,8192,8192.000000,57
window_gauge,uitree_free_list,,,,,3,3.000000,57
window_gauge,uitree_node_bytes,,,,,14221312,14221312.000000,57
window_counter,cs2_scripts,,,,,4110,8.220000,57
window_counter,cs2_opcodes,,,,,370307,740.614000,57
window_counter,cs2_host_ops,,,,,49586,99.172000,57
window_counter,cs2_cycles,,,,,370307,740.614000,57
window_counter,cs2_vm_acquire,,,,,4110,8.220000,57
window_counter,cs2_vm_pool_hit,,,,,4110,8.220000,57
window_counter,cs2_vm_init_ns,,,,,2479000,4958.000000,57
window_counter,cs2_frame_pool_hit,,,,,8040,16.080000,57
window_counter,cache_sprite_hit,,,,,1,0.002000,57
window_counter,painter_pops,,,,,4199000,8398.000000,57
window_counter,painter_gate_rejects,,,,,1832500,3665.000000,57
window_counter,painter_pushes,,,,,4199000,8398.000000,57
window_counter,painter_push_dedup,,,,,1839000,3678.000000,57
window_counter,painter_drain_events,,,,,2000,4.000000,57
window_gauge,painter_commands,,,,,5442,5442.000000,57
window_gauge,painter_tiles_remaining_set,,,,,4325,4325.000000,57
window_gauge,scene_elements,,,,,59771,59771.000000,57
window_gauge,scene_anim_list,,,,,309,309.000000,57
window_gauge,zone_map_count,,,,,63,63.000000,57
window_gauge,zone_map_capacity,,,,,256,256.000000,57
window_gauge,npc_slot_max,,,,,65,65.000000,57
window_gauge,cache_model_size,,,,,1139,1139.000000,57
window_gauge,cache_sprite_size,,,,,556,556.000000,57
window_stage,frame,4292810,4257000,4752000,6098000,,,58
window_stage,async,52502,2000,193000,706000,,,58
window_stage,logic,222386,188000,377000,626000,,,58
window_stage,cs2,41040,0,152000,313000,,,58
window_stage,layout,72,0,1000,1000,,,58
window_stage,interact,22322,22000,30000,76000,,,58
window_stage,emit,176132,170000,271000,343000,,,58
window_stage,paint,352764,348000,390000,569000,,,58
window_stage,build,352998,348000,391000,570000,,,58
window_stage,render,3073180,3049000,3316000,4865000,,,58
window_stage,present,140920,139000,156000,221000,,,58
window_stage,server,1474,1000,2000,67000,,,58
window_counter,uitree_find_id,,,,,375256,750.512000,58
window_counter,uitree_find_id_probes,,,,,632655,1265.310000,58
window_counter,uitree_find_child,,,,,3040,6.080000,58
window_counter,uitree_find_child_hit,,,,,895,1.790000,58
window_counter,uitree_find_child_ceil_miss,,,,,2145,4.290000,58
window_counter,uitree_walk_emit,,,,,1437000,2874.000000,58
window_counter,uitree_walk_hit,,,,,355000,710.000000,58
window_counter,uitree_walk_hover,,,,,52000,104.000000,58
window_counter,uitree_emit_skip,,,,,1314000,2628.000000,58
window_counter,uitree_layout_resolve,,,,,277,0.554000,58
window_counter,uitree_layout_skip,,,,,138,0.276000,58
window_counter,uitree_layout_nodes,,,,,985788,1971.576000,58
window_counter,uitree_layout_node_skip,,,,,985293,1970.586000,58
window_counter,uitree_layout_depth_recompute,,,,,139,0.278000,58
window_counter,uitree_ensure_layout,,,,,7988,15.976000,58
window_counter,uitree_cc_deleteall,,,,,139,0.278000,58
window_counter,uitree_apply_geo,,,,,51779,103.558000,58
window_counter,uitree_apply_content,,,,,50772,101.544000,58
window_counter,uitree_apply_hook,,,,,279,0.558000,58
window_counter,uitree_apply_other,,,,,250942,501.884000,58
window_gauge,uitree_components,,,,,7092,7092.000000,58
window_gauge,uitree_capacity,,,,,8192,8192.000000,58
window_gauge,uitree_free_list,,,,,3,3.000000,58
window_gauge,uitree_node_bytes,,,,,14221312,14221312.000000,58
window_counter,cs2_scripts,,,,,4170,8.340000,58
window_counter,cs2_opcodes,,,,,381290,762.580000,58
window_counter,cs2_host_ops,,,,,50978,101.956000,58
window_counter,cs2_cycles,,,,,381290,762.580000,58
window_counter,cs2_vm_acquire,,,,,4170,8.340000,58
window_counter,cs2_vm_pool_hit,,,,,4170,8.340000,58
window_counter,cs2_vm_init_ns,,,,,2651000,5302.000000,58
window_counter,cs2_frame_pool_hit,,,,,8178,16.356000,58
window_counter,cache_sprite_hit,,,,,1,0.002000,58
window_counter,painter_pops,,,,,4199327,8398.654000,58
window_counter,painter_gate_rejects,,,,,1832718,3665.436000,58
window_counter,painter_pushes,,,,,4199327,8398.654000,58
window_counter,painter_push_dedup,,,,,1838891,3677.782000,58
window_counter,painter_drain_events,,,,,2000,4.000000,58
window_gauge,painter_commands,,,,,5442,5442.000000,58
window_gauge,painter_tiles_remaining_set,,,,,4325,4325.000000,58
window_gauge,zone_map_count,,,,,63,63.000000,58
window_gauge,zone_map_capacity,,,,,256,256.000000,58
window_gauge,npc_slot_max,,,,,65,65.000000,58
window_stage,frame,4488856,4411000,5082000,11601000,,,59
window_stage,async,54864,2000,190000,625000,,,59
window_stage,logic,247182,209000,404000,1788000,,,59
window_stage,cs2,46188,0,162000,809000,,,59
window_stage,layout,98,0,1000,1000,,,59
window_stage,interact,24352,23000,33000,90000,,,59
window_stage,emit,197132,184000,318000,1069000,,,59
window_stage,paint,368064,357000,415000,1716000,,,59
window_stage,build,368286,357000,415000,1716000,,,59
window_stage,render,3174542,3137000,3529000,8408000,,,59
window_stage,present,143846,139000,156000,1022000,,,59
window_stage,server,1654,1000,2000,73000,,,59
window_counter,uitree_find_id,,,,,375995,751.990000,59
window_counter,uitree_find_id_probes,,,,,639223,1278.446000,59
window_counter,uitree_find_child,,,,,3120,6.240000,59
window_counter,uitree_find_child_hit,,,,,915,1.830000,59
window_counter,uitree_find_child_ceil_miss,,,,,2205,4.410000,59
window_counter,uitree_walk_emit,,,,,1437000,2874.000000,59
window_counter,uitree_walk_hit,,,,,355000,710.000000,59
window_counter,uitree_walk_hover,,,,,52000,104.000000,59
window_counter,uitree_emit_skip,,,,,1314000,2628.000000,59
window_counter,uitree_layout_resolve,,,,,288,0.576000,59
window_counter,uitree_layout_skip,,,,,144,0.288000,59
window_counter,uitree_layout_nodes,,,,,1021248,2042.496000,59
window_counter,uitree_layout_node_skip,,,,,1020758,2041.516000,59
window_counter,uitree_layout_depth_recompute,,,,,144,0.288000,59
window_counter,uitree_ensure_layout,,,,,8234,16.468000,59
window_counter,uitree_cc_deleteall,,,,,144,0.288000,59
window_counter,uitree_apply_geo,,,,,51768,103.536000,59
window_counter,uitree_apply_content,,,,,50814,101.628000,59
window_counter,uitree_apply_hook,,,,,251,0.502000,59
window_counter,uitree_apply_other,,,,,251000,502.000000,59
window_gauge,uitree_components,,,,,7092,7092.000000,59
window_gauge,uitree_capacity,,,,,8192,8192.000000,59
window_gauge,uitree_free_list,,,,,3,3.000000,59
window_gauge,uitree_node_bytes,,,,,14221312,14221312.000000,59
window_counter,cs2_scripts,,,,,4320,8.640000,59
window_counter,cs2_opcodes,,,,,387786,775.572000,59
window_counter,cs2_host_ops,,,,,52036,104.072000,59
window_counter,cs2_cycles,,,,,387786,775.572000,59
window_counter,cs2_vm_acquire,,,,,4320,8.640000,59
window_counter,cs2_vm_pool_hit,,,,,4320,8.640000,59
window_counter,cs2_vm_init_ns,,,,,2706000,5412.000000,59
window_counter,cs2_frame_pool_hit,,,,,8448,16.896000,59
window_counter,cache_sprite_hit,,,,,2,0.004000,59
window_counter,painter_pops,,,,,4200814,8401.628000,59
window_counter,painter_gate_rejects,,,,,1833895,3667.790000,59
window_counter,painter_pushes,,,,,4200814,8401.628000,59
window_counter,painter_push_dedup,,,,,1838162,3676.324000,59
window_counter,painter_drain_events,,,,,2000,4.000000,59
window_gauge,painter_commands,,,,,5442,5442.000000,59
window_gauge,painter_tiles_remaining_set,,,,,4325,4325.000000,59
window_gauge,zone_map_count,,,,,63,63.000000,59
window_gauge,zone_map_capacity,,,,,256,256.000000,59
window_gauge,npc_slot_max,,,,,65,65.000000,59
