torirs: dat2 cache=/Users/matthewevers/Documents/git_repos/3draster/cache.osrs239.baked iface=161
torirs_perf: enabled (ring=2048 window=500 budget=20ms) csv=/Users/matthewevers/Documents/git_repos/3draster/tools/perf/results/7476adf7-soak-ui.csv
audio: SDL_OpenAudioDevice: CoreAudio error (AudioDeviceGetProperty (kAudioDevicePropertyDeviceIsAlive)): 560947818
audio: no device; running silent
mock230: features era=osrs approach=rect op_nearest=10
mock230: obj metadata loaded (33747 records from cache.osrs239, 53853 params in 1262 KB)
mock230: npc metadata loaded (16292 records from cache.osrs239, 29869 params in 700 KB)
mock230: sequence debug names loaded (0 named — falling back to pack/seq.pack, 14429 priorities)
mock230: loc configs loaded (62194 records from cache.osrs239; 1709 param rows in 41016 bytes, 30033 names in 565681 bytes, 17309 footprints in 138472 bytes, 8407 categories in 67256 bytes)
mock230: struct params loaded (3988 records from cache.osrs239, 20751 rows in 877 KB)
mock230: 2872 varp(s) carry varbits
mock230: varbit table loaded (19008 records from cache.osrs239)
mock230: 1117 param types from configs/all.param
mock230: 5862 enums from configs/all.enum
mock230: content loaded (213989 symbols, 638 constants, 44 npc defs, 2280 loc defs, 234 varp defs, 1496 equip reqs (675 from the cache), 65 npc spawns, 12 obj spawns)
mock230: server band: npc.wanderrange stays text-loaded on 2 record(s) — the band has no wire for it
mock230: server band: npc.moverestrict stays text-loaded on 13 record(s) — the band has no wire for it
mock230: server band: npc.nomove stays text-loaded on 12 record(s) — the band has no wire for it
mock230: server band: npc.huntmode stays text-loaded on 10 record(s) — the band has no wire for it
mock230: server band: loc.next_loc_stage stays text-loaded on 36 record(s) — the band has no wire for it
mock230: server band loaded: 2975 archive(s) verified identical to the text parse and applied (817 overlay authored defs, 73 field value(s) text-only, 113 archive(s) over records the runtime never loads)
mock230: db tables loaded (265 tables, 15783 rows from cache.osrs239; 245 schema(s) installed, 15418 row(s) filled; 246 archive table(s), 16711 archive row(s))
mock230: bank tables loaded (19008 varbits, bank=1410 slots)
sim_hotkey: 'escape' -> osrs_key=13 at frame 350
Dat2SpriteLoadByName: archive 'mapfunction' not found in sprites table
Dat2SpriteLoadByName: archive 'hitmark' not found in sprites table
Task_CS2Run: script 2503 failed at opcode 34 pc 88 (invoked as script 901 for component 0xa10000)
  script 2503: int_args=0 str_args=0 int_locals=10 str_locals=3 ops=120
  pc=64 op=1 PUSH_VAR operand=1780 str=(null)
  pc=65 op=4106 TOSTRING operand=0 str=(null)
  pc=66 op=3 PUSH_CONSTANT_STRING operand=0 str= days left</col>
  pc=67 op=37 JOIN_STRING operand=3 str=(null)
  pc=68 op=36 POP_STRING_LOCAL operand=0 str=(null)
  pc=69 op=6 BRANCH operand=6 str=(null)
  pc=70 op=3 PUSH_CONSTANT_STRING operand=0 str=Membership: 
  pc=71 op=1 PUSH_VAR operand=1780 str=(null)
  pc=72 op=4106 TOSTRING operand=0 str=(null)
  pc=73 op=3 PUSH_CONSTANT_STRING operand=0 str= days left
  pc=74 op=37 JOIN_STRING operand=3 str=(null)
  pc=75 op=36 POP_STRING_LOCAL operand=0 str=(null)
  pc=76 op=3 PUSH_CONSTANT_STRING operand=0 str=Open Store
  pc=77 op=36 POP_STRING_LOCAL operand=1 str=(null)
  pc=78 op=3 PUSH_CONSTANT_STRING operand=0 str=graphic_1704
  pc=79 op=34 POP_INT_LOCAL operand=8 str=(null)
  pc=80 op=6 BRANCH operand=9 str=(null)
  pc=81 op=25 PUSH_VARBIT operand=6713 str=(null)
  pc=82 op=0 PUSH_CONSTANT_INT operand=0 str=(null)
  pc=83 op=8 BRANCH_EQUALS operand=1 str=(null)
  pc=84 op=6 BRANCH operand=5 str=(null)
  pc=85 op=3 PUSH_CONSTANT_STRING operand=0 str=View Benefits
  pc=86 op=36 POP_STRING_LOCAL operand=2 str=(null)
  pc=87 op=3 PUSH_CONSTANT_STRING operand=0 str=graphic_2150
  pc=88 op=34 POP_INT_LOCAL operand=9 str=(null)
  pc=89 op=6 BRANCH operand=0 str=(null)
  pc=90 op=35 PUSH_STRING_LOCAL operand=2 str=(null)
boot: 5135ms  frames=1 steps=214 capped=0
mock230: login user='testc' session=ok
mock230: 1871 scripts loaded from OSRS-Content/osrs239-content/server/scripts/build
mock230: 3 opcode(s) this content uses are not implemented:
  NPC_STATHEAL                 first wanted by [label,demon_slayer_wrong_incantation]
  NPC_WALK                     first wanted by [ai_queue3,delrith]
  OC_MEMBERS                   first wanted by [label,runecraft_runes]
mock230: 3 engine fallback(s) still answer triggers content does not bind
mock230: scene built at zone 402,402 (base 3168,3168 — 8455 locs)
net: no decoder for wire opcode 108 (osrs230) — dropped
textures: sprite-backed system (no materials table)
Failed to load dat2 texture 65535
world_load: 9 chunks, 18 underlays, 33 overlays, 36 textures, 1472 locs, 1052 models, 33 seqs
painter_paint_bucket: draw box 25x25 has 0 visible tiles (cullspan=1 cullmap_radius=0) — world will be blank; set TORIRS_PAINTER_NOCULL=1 to recover
Dat2SpriteLoadByName: archive 'mapfunction' not found in sprites table
Dat2SpriteLoadByName: archive 'hitmark' not found in sprites table
CS2VM2: call depth 128 exhausted calling script 904 from script 904 (raise CS2VM_MAX_FRAMES)
Task_CS2Run: script 904 failed at opcode 40 pc 2 (invoked as script 903 for component 0xa10000)
  script 904: int_args=2 str_args=0 int_locals=2 str_locals=0 ops=4
  pc=0 op=33 PUSH_INT_LOCAL operand=0 str=(null)
  pc=1 op=33 PUSH_INT_LOCAL operand=1 str=(null)
  pc=2 op=40 GOSUB_WITH_PARAMS operand=904 str=(null)
  pc=3 op=21 RETURN operand=0 str=(null)
Dat2SpriteLoadByName: archive 'mapfunction' not found in sprites table
Dat2SpriteLoadByName: archive 'hitmark' not found in sprites table
CS2VM2: call depth 128 exhausted calling script 904 from script 904 (raise CS2VM_MAX_FRAMES)
Task_CS2Run: script 904 failed at opcode 40 pc 2 (invoked as script 903 for component 0xa10000)
  script 904: int_args=2 str_args=0 int_locals=2 str_locals=0 ops=4
  pc=0 op=33 PUSH_INT_LOCAL operand=0 str=(null)
  pc=1 op=33 PUSH_INT_LOCAL operand=1 str=(null)
  pc=2 op=40 GOSUB_WITH_PARAMS operand=904 str=(null)
  pc=3 op=21 RETURN operand=0 str=(null)
Dat2SpriteLoadByName: archive 'mapfunction' not found in sprites table
Dat2SpriteLoadByName: archive 'hitmark' not found in sprites table
CS2VM2: call depth 128 exhausted calling script 904 from script 904 (raise CS2VM_MAX_FRAMES)
Task_CS2Run: script 904 failed at opcode 40 pc 2 (invoked as script 903 for component 0xa10000)
  script 904: int_args=2 str_args=0 int_locals=2 str_locals=0 ops=4
  pc=0 op=33 PUSH_INT_LOCAL operand=0 str=(null)
  pc=1 op=33 PUSH_INT_LOCAL operand=1 str=(null)
  pc=2 op=40 GOSUB_WITH_PARAMS operand=904 str=(null)
  pc=3 op=21 RETURN operand=0 str=(null)
Dat2SpriteLoadByName: archive 'mapfunction' not found in sprites table
Dat2SpriteLoadByName: archive 'hitmark' not found in sprites table
CS2VM2: call depth 128 exhausted calling script 904 from script 904 (raise CS2VM_MAX_FRAMES)
Task_CS2Run: script 904 failed at opcode 40 pc 2 (invoked as script 903 for component 0xa10000)
  script 904: int_args=2 str_args=0 int_locals=2 str_locals=0 ops=4
  pc=0 op=33 PUSH_INT_LOCAL operand=0 str=(null)
  pc=1 op=33 PUSH_INT_LOCAL operand=1 str=(null)
  pc=2 op=40 GOSUB_WITH_PARAMS operand=904 str=(null)
  pc=3 op=21 RETURN operand=0 str=(null)
Dat2SpriteLoadByName: archive 'mapfunction' not found in sprites table
Dat2SpriteLoadByName: archive 'hitmark' not found in sprites table
CS2VM2: call depth 128 exhausted calling script 904 from script 904 (raise CS2VM_MAX_FRAMES)
Task_CS2Run: script 904 failed at opcode 40 pc 2 (invoked as script 903 for component 0xa10000)
  script 904: int_args=2 str_args=0 int_locals=2 str_locals=0 ops=4
  pc=0 op=33 PUSH_INT_LOCAL operand=0 str=(null)
  pc=1 op=33 PUSH_INT_LOCAL operand=1 str=(null)
  pc=2 op=40 GOSUB_WITH_PARAMS operand=904 str=(null)
  pc=3 op=21 RETURN operand=0 str=(null)
Dat2SpriteLoadByName: archive 'mapfunction' not found in sprites table
Dat2SpriteLoadByName: archive 'hitmark' not found in sprites table
CS2VM2: call depth 128 exhausted calling script 904 from script 904 (raise CS2VM_MAX_FRAMES)
Task_CS2Run: script 904 failed at opcode 40 pc 2 (invoked as script 903 for component 0xa10000)
  script 904: int_args=2 str_args=0 int_locals=2 str_locals=0 ops=4
  pc=0 op=33 PUSH_INT_LOCAL operand=0 str=(null)
  pc=1 op=33 PUSH_INT_LOCAL operand=1 str=(null)
  pc=2 op=40 GOSUB_WITH_PARAMS operand=904 str=(null)
  pc=3 op=21 RETURN operand=0 str=(null)
Dat2SpriteLoadByName: archive 'mapfunction' not found in sprites table
Dat2SpriteLoadByName: archive 'hitmark' not found in sprites table
CS2VM2: call depth 128 exhausted calling script 904 from script 904 (raise CS2VM_MAX_FRAMES)
Task_CS2Run: script 904 failed at opcode 40 pc 2 (invoked as script 903 for component 0xa10000)
  script 904: int_args=2 str_args=0 int_locals=2 str_locals=0 ops=4
  pc=0 op=33 PUSH_INT_LOCAL operand=0 str=(null)
  pc=1 op=33 PUSH_INT_LOCAL operand=1 str=(null)
  pc=2 op=40 GOSUB_WITH_PARAMS operand=904 str=(null)
  pc=3 op=21 RETURN operand=0 str=(null)
Dat2SpriteLoadByName: archive 'mapfunction' not found in sprites table
Dat2SpriteLoadByName: archive 'hitmark' not found in sprites table
CS2VM2: call depth 128 exhausted calling script 904 from script 904 (raise CS2VM_MAX_FRAMES)
Task_CS2Run: script 904 failed at opcode 40 pc 2 (invoked as script 903 for component 0xa10000)
  script 904: int_args=2 str_args=0 int_locals=2 str_locals=0 ops=4
  pc=0 op=33 PUSH_INT_LOCAL operand=0 str=(null)
  pc=1 op=33 PUSH_INT_LOCAL operand=1 str=(null)
  pc=2 op=40 GOSUB_WITH_PARAMS operand=904 str=(null)
  pc=3 op=21 RETURN operand=0 str=(null)
Dat2SpriteLoadByName: archive 'mapfunction' not found in sprites table
Dat2SpriteLoadByName: archive 'hitmark' not found in sprites table
CS2VM2: call depth 128 exhausted calling script 904 from script 904 (raise CS2VM_MAX_FRAMES)
Task_CS2Run: script 904 failed at opcode 40 pc 2 (invoked as script 903 for component 0xa10000)
  script 904: int_args=2 str_args=0 int_locals=2 str_locals=0 ops=4
  pc=0 op=33 PUSH_INT_LOCAL operand=0 str=(null)
  pc=1 op=33 PUSH_INT_LOCAL operand=1 str=(null)
  pc=2 op=40 GOSUB_WITH_PARAMS operand=904 str=(null)
  pc=3 op=21 RETURN operand=0 str=(null)
Dat2SpriteLoadByName: archive 'mapfunction' not found in sprites table
Dat2SpriteLoadByName: archive 'hitmark' not found in sprites table
CS2VM2: call depth 128 exhausted calling script 904 from script 904 (raise CS2VM_MAX_FRAMES)
Task_CS2Run: script 904 failed at opcode 40 pc 2 (invoked as script 903 for component 0xa10000)
  script 904: int_args=2 str_args=0 int_locals=2 str_locals=0 ops=4
  pc=0 op=33 PUSH_INT_LOCAL operand=0 str=(null)
  pc=1 op=33 PUSH_INT_LOCAL operand=1 str=(null)
  pc=2 op=40 GOSUB_WITH_PARAMS operand=904 str=(null)
  pc=3 op=21 RETURN operand=0 str=(null)
Dat2SpriteLoadByName: archive 'mapfunction' not found in sprites table
Dat2SpriteLoadByName: archive 'hitmark' not found in sprites table
CS2VM2: call depth 128 exhausted calling script 904 from script 904 (raise CS2VM_MAX_FRAMES)
Task_CS2Run: script 904 failed at opcode 40 pc 2 (invoked as script 903 for component 0xa10000)
  script 904: int_args=2 str_args=0 int_locals=2 str_locals=0 ops=4
  pc=0 op=33 PUSH_INT_LOCAL operand=0 str=(null)
  pc=1 op=33 PUSH_INT_LOCAL operand=1 str=(null)
  pc=2 op=40 GOSUB_WITH_PARAMS operand=904 str=(null)
  pc=3 op=21 RETURN operand=0 str=(null)
Dat2SpriteLoadByName: archive 'mapfunction' not found in sprites table
Dat2SpriteLoadByName: archive 'hitmark' not found in sprites table
CS2VM2: call depth 128 exhausted calling script 904 from script 904 (raise CS2VM_MAX_FRAMES)
Task_CS2Run: script 904 failed at opcode 40 pc 2 (invoked as script 903 for component 0xa10000)
  script 904: int_args=2 str_args=0 int_locals=2 str_locals=0 ops=4
  pc=0 op=33 PUSH_INT_LOCAL operand=0 str=(null)
  pc=1 op=33 PUSH_INT_LOCAL operand=1 str=(null)
  pc=2 op=40 GOSUB_WITH_PARAMS operand=904 str=(null)
  pc=3 op=21 RETURN operand=0 str=(null)
Dat2SpriteLoadByName: archive 'mapfunction' not found in sprites table
Dat2SpriteLoadByName: archive 'hitmark' not found in sprites table
CS2VM2: call depth 128 exhausted calling script 904 from script 904 (raise CS2VM_MAX_FRAMES)
Task_CS2Run: script 904 failed at opcode 40 pc 2 (invoked as script 903 for component 0xa10000)
  script 904: int_args=2 str_args=0 int_locals=2 str_locals=0 ops=4
  pc=0 op=33 PUSH_INT_LOCAL operand=0 str=(null)
  pc=1 op=33 PUSH_INT_LOCAL operand=1 str=(null)
  pc=2 op=40 GOSUB_WITH_PARAMS operand=904 str=(null)
  pc=3 op=21 RETURN operand=0 str=(null)
Dat2SpriteLoadByName: archive 'mapfunction' not found in sprites table
Dat2SpriteLoadByName: archive 'hitmark' not found in sprites table
CS2VM2: call depth 128 exhausted calling script 904 from script 904 (raise CS2VM_MAX_FRAMES)
Task_CS2Run: script 904 failed at opcode 40 pc 2 (invoked as script 903 for component 0xa10000)
  script 904: int_args=2 str_args=0 int_locals=2 str_locals=0 ops=4
  pc=0 op=33 PUSH_INT_LOCAL operand=0 str=(null)
  pc=1 op=33 PUSH_INT_LOCAL operand=1 str=(null)
  pc=2 op=40 GOSUB_WITH_PARAMS operand=904 str=(null)
  pc=3 op=21 RETURN operand=0 str=(null)
Dat2SpriteLoadByName: archive 'mapfunction' not found in sprites table
Dat2SpriteLoadByName: archive 'hitmark' not found in sprites table
CS2VM2: call depth 128 exhausted calling script 904 from script 904 (raise CS2VM_MAX_FRAMES)
Task_CS2Run: script 904 failed at opcode 40 pc 2 (invoked as script 903 for component 0xa10000)
  script 904: int_args=2 str_args=0 int_locals=2 str_locals=0 ops=4
  pc=0 op=33 PUSH_INT_LOCAL operand=0 str=(null)
  pc=1 op=33 PUSH_INT_LOCAL operand=1 str=(null)
  pc=2 op=40 GOSUB_WITH_PARAMS operand=904 str=(null)
  pc=3 op=21 RETURN operand=0 str=(null)
Dat2SpriteLoadByName: archive 'mapfunction' not found in sprites table
Dat2SpriteLoadByName: archive 'hitmark' not found in sprites table
CS2VM2: call depth 128 exhausted calling script 904 from script 904 (raise CS2VM_MAX_FRAMES)
Task_CS2Run: script 904 failed at opcode 40 pc 2 (invoked as script 903 for component 0xa10000)
  script 904: int_args=2 str_args=0 int_locals=2 str_locals=0 ops=4
  pc=0 op=33 PUSH_INT_LOCAL operand=0 str=(null)
  pc=1 op=33 PUSH_INT_LOCAL operand=1 str=(null)
  pc=2 op=40 GOSUB_WITH_PARAMS operand=904 str=(null)
  pc=3 op=21 RETURN operand=0 str=(null)
Dat2SpriteLoadByName: archive 'mapfunction' not found in sprites table
Dat2SpriteLoadByName: archive 'hitmark' not found in sprites table
CS2VM2: call depth 128 exhausted calling script 904 from script 904 (raise CS2VM_MAX_FRAMES)
Task_CS2Run: script 904 failed at opcode 40 pc 2 (invoked as script 903 for component 0xa10000)
  script 904: int_args=2 str_args=0 int_locals=2 str_locals=0 ops=4
  pc=0 op=33 PUSH_INT_LOCAL operand=0 str=(null)
  pc=1 op=33 PUSH_INT_LOCAL operand=1 str=(null)
  pc=2 op=40 GOSUB_WITH_PARAMS operand=904 str=(null)
  pc=3 op=21 RETURN operand=0 str=(null)
Dat2SpriteLoadByName: archive 'mapfunction' not found in sprites table
Dat2SpriteLoadByName: archive 'hitmark' not found in sprites table
CS2VM2: call depth 128 exhausted calling script 904 from script 904 (raise CS2VM_MAX_FRAMES)
Task_CS2Run: script 904 failed at opcode 40 pc 2 (invoked as script 903 for component 0xa10000)
  script 904: int_args=2 str_args=0 int_locals=2 str_locals=0 ops=4
  pc=0 op=33 PUSH_INT_LOCAL operand=0 str=(null)
  pc=1 op=33 PUSH_INT_LOCAL operand=1 str=(null)
  pc=2 op=40 GOSUB_WITH_PARAMS operand=904 str=(null)
  pc=3 op=21 RETURN operand=0 str=(null)
Dat2SpriteLoadByName: archive 'mapfunction' not found in sprites table
Dat2SpriteLoadByName: archive 'hitmark' not found in sprites table
CS2VM2: call depth 128 exhausted calling script 904 from script 904 (raise CS2VM_MAX_FRAMES)
Task_CS2Run: script 904 failed at opcode 40 pc 2 (invoked as script 903 for component 0xa10000)
  script 904: int_args=2 str_args=0 int_locals=2 str_locals=0 ops=4
  pc=0 op=33 PUSH_INT_LOCAL operand=0 str=(null)
  pc=1 op=33 PUSH_INT_LOCAL operand=1 str=(null)
  pc=2 op=40 GOSUB_WITH_PARAMS operand=904 str=(null)
  pc=3 op=21 RETURN operand=0 str=(null)
Dat2SpriteLoadByName: archive 'mapfunction' not found in sprites table
Dat2SpriteLoadByName: archive 'hitmark' not found in sprites table
Task_CS2Run: script 2503 failed at opcode 34 pc 88 (invoked as script 2497 for component 0x6d0000)
  script 2503: int_args=0 str_args=0 int_locals=10 str_locals=3 ops=120
  pc=64 op=1 PUSH_VAR operand=1780 str=(null)
  pc=65 op=4106 TOSTRING operand=0 str=(null)
  pc=66 op=3 PUSH_CONSTANT_STRING operand=0 str= days left</col>
  pc=67 op=37 JOIN_STRING operand=3 str=(null)
  pc=68 op=36 POP_STRING_LOCAL operand=0 str=(null)
  pc=69 op=6 BRANCH operand=6 str=(null)
  pc=70 op=3 PUSH_CONSTANT_STRING operand=0 str=Membership: 
  pc=71 op=1 PUSH_VAR operand=1780 str=(null)
  pc=72 op=4106 TOSTRING operand=0 str=(null)
  pc=73 op=3 PUSH_CONSTANT_STRING operand=0 str= days left
  pc=74 op=37 JOIN_STRING operand=3 str=(null)
  pc=75 op=36 POP_STRING_LOCAL operand=0 str=(null)
  pc=76 op=3 PUSH_CONSTANT_STRING operand=0 str=Open Store
  pc=77 op=36 POP_STRING_LOCAL operand=1 str=(null)
  pc=78 op=3 PUSH_CONSTANT_STRING operand=0 str=graphic_1704
  pc=79 op=34 POP_INT_LOCAL operand=8 str=(null)
  pc=80 op=6 BRANCH operand=9 str=(null)
  pc=81 op=25 PUSH_VARBIT operand=6713 str=(null)
  pc=82 op=0 PUSH_CONSTANT_INT operand=0 str=(null)
  pc=83 op=8 BRANCH_EQUALS operand=1 str=(null)
  pc=84 op=6 BRANCH operand=5 str=(null)
  pc=85 op=3 PUSH_CONSTANT_STRING operand=0 str=View Benefits
  pc=86 op=36 POP_STRING_LOCAL operand=2 str=(null)
  pc=87 op=3 PUSH_CONSTANT_STRING operand=0 str=graphic_2150
  pc=88 op=34 POP_INT_LOCAL operand=9 str=(null)
  pc=89 op=6 BRANCH operand=0 str=(null)
  pc=90 op=35 PUSH_STRING_LOCAL operand=2 str=(null)
CS2VM2: call depth 128 exhausted calling script 904 from script 904 (raise CS2VM_MAX_FRAMES)
Task_CS2Run: script 904 failed at opcode 40 pc 2 (invoked as script 903 for component 0xa10000)
  script 904: int_args=2 str_args=0 int_locals=2 str_locals=0 ops=4
  pc=0 op=33 PUSH_INT_LOCAL operand=0 str=(null)
  pc=1 op=33 PUSH_INT_LOCAL operand=1 str=(null)
  pc=2 op=40 GOSUB_WITH_PARAMS operand=904 str=(null)
  pc=3 op=21 RETURN operand=0 str=(null)
Dat2SpriteLoadByName: archive 'mapfunction' not found in sprites table
Dat2SpriteLoadByName: archive 'hitmark' not found in sprites table
CS2VM2: call depth 128 exhausted calling script 631 from script 631 (raise CS2VM_MAX_FRAMES)
Task_CS2Run: script 631 failed at opcode 40 pc 9 (invoked as script 123 for component 0x1ad0000)
  script 631: int_args=9 str_args=0 int_locals=9 str_locals=0 ops=11
  pc=0 op=33 PUSH_INT_LOCAL operand=0 str=(null)
  pc=1 op=33 PUSH_INT_LOCAL operand=1 str=(null)
  pc=2 op=33 PUSH_INT_LOCAL operand=2 str=(null)
  pc=3 op=33 PUSH_INT_LOCAL operand=3 str=(null)
  pc=4 op=33 PUSH_INT_LOCAL operand=4 str=(null)
  pc=5 op=33 PUSH_INT_LOCAL operand=5 str=(null)
  pc=6 op=33 PUSH_INT_LOCAL operand=6 str=(null)
  pc=7 op=33 PUSH_INT_LOCAL operand=7 str=(null)
  pc=8 op=33 PUSH_INT_LOCAL operand=8 str=(null)
  pc=9 op=40 GOSUB_WITH_PARAMS operand=631 str=(null)
  pc=10 op=21 RETURN operand=0 str=(null)
CS2VM2: call depth 128 exhausted calling script 904 from script 904 (raise CS2VM_MAX_FRAMES)
Task_CS2Run: script 904 failed at opcode 40 pc 2 (invoked as script 903 for component 0xa10000)
  script 904: int_args=2 str_args=0 int_locals=2 str_locals=0 ops=4
  pc=0 op=33 PUSH_INT_LOCAL operand=0 str=(null)
  pc=1 op=33 PUSH_INT_LOCAL operand=1 str=(null)
  pc=2 op=40 GOSUB_WITH_PARAMS operand=904 str=(null)
  pc=3 op=21 RETURN operand=0 str=(null)
Dat2SpriteLoadByName: archive 'mapfunction' not found in sprites table
Dat2SpriteLoadByName: archive 'hitmark' not found in sprites table
CS2VM2: call depth 128 exhausted calling script 904 from script 904 (raise CS2VM_MAX_FRAMES)
Task_CS2Run: script 904 failed at opcode 40 pc 2 (invoked as script 903 for component 0xa10000)
  script 904: int_args=2 str_args=0 int_locals=2 str_locals=0 ops=4
  pc=0 op=33 PUSH_INT_LOCAL operand=0 str=(null)
  pc=1 op=33 PUSH_INT_LOCAL operand=1 str=(null)
  pc=2 op=40 GOSUB_WITH_PARAMS operand=904 str=(null)
  pc=3 op=21 RETURN operand=0 str=(null)
Dat2SpriteLoadByName: archive 'mapfunction' not found in sprites table
Dat2SpriteLoadByName: archive 'hitmark' not found in sprites table
CS2VM2: call depth 128 exhausted calling script 904 from script 904 (raise CS2VM_MAX_FRAMES)
Task_CS2Run: script 904 failed at opcode 40 pc 2 (invoked as script 903 for component 0xa10000)
  script 904: int_args=2 str_args=0 int_locals=2 str_locals=0 ops=4
  pc=0 op=33 PUSH_INT_LOCAL operand=0 str=(null)
  pc=1 op=33 PUSH_INT_LOCAL operand=1 str=(null)
  pc=2 op=40 GOSUB_WITH_PARAMS operand=904 str=(null)
  pc=3 op=21 RETURN operand=0 str=(null)
Dat2SpriteLoadByName: archive 'mapfunction' not found in sprites table
Dat2SpriteLoadByName: archive 'hitmark' not found in sprites table
CS2VM2: call depth 128 exhausted calling script 904 from script 904 (raise CS2VM_MAX_FRAMES)
Task_CS2Run: script 904 failed at opcode 40 pc 2 (invoked as script 903 for component 0xa10000)
  script 904: int_args=2 str_args=0 int_locals=2 str_locals=0 ops=4
  pc=0 op=33 PUSH_INT_LOCAL operand=0 str=(null)
  pc=1 op=33 PUSH_INT_LOCAL operand=1 str=(null)
  pc=2 op=40 GOSUB_WITH_PARAMS operand=904 str=(null)
  pc=3 op=21 RETURN operand=0 str=(null)
Dat2SpriteLoadByName: archive 'mapfunction' not found in sprites table
Dat2SpriteLoadByName: archive 'hitmark' not found in sprites table
CS2VM2: call depth 128 exhausted calling script 904 from script 904 (raise CS2VM_MAX_FRAMES)
Task_CS2Run: script 904 failed at opcode 40 pc 2 (invoked as script 903 for component 0xa10000)
  script 904: int_args=2 str_args=0 int_locals=2 str_locals=0 ops=4
  pc=0 op=33 PUSH_INT_LOCAL operand=0 str=(null)
  pc=1 op=33 PUSH_INT_LOCAL operand=1 str=(null)
  pc=2 op=40 GOSUB_WITH_PARAMS operand=904 str=(null)
  pc=3 op=21 RETURN operand=0 str=(null)
Failed to load dat2 idk 307
spawn_player: element=59751 tile=84,84 level=0
Failed to load dat2 idk 307
Dat2SpriteLoadByName: archive 'mapfunction' not found in sprites table
Dat2SpriteLoadByName: archive 'hitmark' not found in sprites table
CS2VM2: call depth 128 exhausted calling script 904 from script 904 (raise CS2VM_MAX_FRAMES)
Task_CS2Run: script 904 failed at opcode 40 pc 2 (invoked as script 903 for component 0xa10000)
  script 904: int_args=2 str_args=0 int_locals=2 str_locals=0 ops=4
  pc=0 op=33 PUSH_INT_LOCAL operand=0 str=(null)
  pc=1 op=33 PUSH_INT_LOCAL operand=1 str=(null)
  pc=2 op=40 GOSUB_WITH_PARAMS operand=904 str=(null)
  pc=3 op=21 RETURN operand=0 str=(null)
Dat2SpriteLoadByName: archive 'mapfunction' not found in sprites table
Dat2SpriteLoadByName: archive 'hitmark' not found in sprites table
CS2VM2: call depth 128 exhausted calling script 904 from script 904 (raise CS2VM_MAX_FRAMES)
Task_CS2Run: script 904 failed at opcode 40 pc 2 (invoked as script 903 for component 0xa10000)
  script 904: int_args=2 str_args=0 int_locals=2 str_locals=0 ops=4
  pc=0 op=33 PUSH_INT_LOCAL operand=0 str=(null)
  pc=1 op=33 PUSH_INT_LOCAL operand=1 str=(null)
  pc=2 op=40 GOSUB_WITH_PARAMS operand=904 str=(null)
  pc=3 op=21 RETURN operand=0 str=(null)
spawn_npc: npc=3106 element=59752 tile=90,84 level=0 size=1 recolors=4 retextures=0
spawn_npc: npc=3105 element=59753 tile=90,84 level=0 size=1 recolors=6 retextures=0
spawn_npc: npc=3108 element=59754 tile=90,84 level=0 size=1 recolors=2 retextures=0
spawn_npc: npc=5007 element=59755 tile=90,84 level=0 size=1 recolors=0 retextures=0
spawn_npc: npc=10619 element=59756 tile=90,84 level=0 size=1 recolors=5 retextures=0
spawn_npc: npc=13618 element=59757 tile=90,84 level=0 size=1 recolors=6 retextures=0
spawn_npc: npc=0 element=59758 tile=90,84 level=0 size=1 recolors=0 retextures=0
spawn_npc: npc=6773 element=59759 tile=90,84 level=0 size=1 recolors=6 retextures=0
spawn_npc: npc=3254 element=59760 tile=90,84 level=0 size=1 recolors=3 retextures=0
spawn_npc: npc=3254 element=59761 tile=90,84 level=0 size=1 recolors=3 retextures=0
spawn_npc: npc=6816 element=59762 tile=90,84 level=0 size=1 recolors=3 retextures=0
Failed to load dat2 idk 307
Dat2SpriteLoadByName: archive 'mapfunction' not found in sprites table
Dat2SpriteLoadByName: archive 'hitmark' not found in sprites table
CS2VM2: call depth 128 exhausted calling script 904 from script 904 (raise CS2VM_MAX_FRAMES)
Task_CS2Run: script 904 failed at opcode 40 pc 2 (invoked as script 903 for component 0xa10000)
  script 904: int_args=2 str_args=0 int_locals=2 str_locals=0 ops=4
  pc=0 op=33 PUSH_INT_LOCAL operand=0 str=(null)
  pc=1 op=33 PUSH_INT_LOCAL operand=1 str=(null)
  pc=2 op=40 GOSUB_WITH_PARAMS operand=904 str=(null)
  pc=3 op=21 RETURN operand=0 str=(null)
Dat2SpriteLoadByName: archive 'mapfunction' not found in sprites table
Dat2SpriteLoadByName: archive 'hitmark' not found in sprites table
CS2VM2: call depth 128 exhausted calling script 904 from script 904 (raise CS2VM_MAX_FRAMES)
Task_CS2Run: script 904 failed at opcode 40 pc 2 (invoked as script 903 for component 0xa10000)
  script 904: int_args=2 str_args=0 int_locals=2 str_locals=0 ops=4
  pc=0 op=33 PUSH_INT_LOCAL operand=0 str=(null)
  pc=1 op=33 PUSH_INT_LOCAL operand=1 str=(null)
  pc=2 op=40 GOSUB_WITH_PARAMS operand=904 str=(null)
  pc=3 op=21 RETURN operand=0 str=(null)
sim_hotkey: 'escape' -> osrs_key=13 at frame 400
CS2VM2: call depth 128 exhausted calling script 904 from script 904 (raise CS2VM_MAX_FRAMES)
Task_CS2Run: script 904 failed at opcode 40 pc 2 (invoked as script 903 for component 0xa10000)
  script 904: int_args=2 str_args=0 int_locals=2 str_locals=0 ops=4
  pc=0 op=33 PUSH_INT_LOCAL operand=0 str=(null)
  pc=1 op=33 PUSH_INT_LOCAL operand=1 str=(null)
  pc=2 op=40 GOSUB_WITH_PARAMS operand=904 str=(null)
  pc=3 op=21 RETURN operand=0 str=(null)
CS2VM2: call depth 128 exhausted calling script 904 from script 904 (raise CS2VM_MAX_FRAMES)
Task_CS2Run: script 904 failed at opcode 40 pc 2 (invoked as script 903 for component 0xa10000)
  script 904: int_args=2 str_args=0 int_locals=2 str_locals=0 ops=4
  pc=0 op=33 PUSH_INT_LOCAL operand=0 str=(null)
  pc=1 op=33 PUSH_INT_LOCAL operand=1 str=(null)
  pc=2 op=40 GOSUB_WITH_PARAMS operand=904 str=(null)
  pc=3 op=21 RETURN operand=0 str=(null)
CS2VM2: call depth 128 exhausted calling script 904 from script 904 (raise CS2VM_MAX_FRAMES)
Task_CS2Run: script 904 failed at opcode 40 pc 2 (invoked as script 903 for component 0xa10000)
  script 904: int_args=2 str_args=0 int_locals=2 str_locals=0 ops=4
  pc=0 op=33 PUSH_INT_LOCAL operand=0 str=(null)
  pc=1 op=33 PUSH_INT_LOCAL operand=1 str=(null)
  pc=2 op=40 GOSUB_WITH_PARAMS operand=904 str=(null)
  pc=3 op=21 RETURN operand=0 str=(null)
CS2VM2: call depth 128 exhausted calling script 904 from script 904 (raise CS2VM_MAX_FRAMES)
Task_CS2Run: script 904 failed at opcode 40 pc 2 (invoked as script 903 for component 0xa10000)
  script 904: int_args=2 str_args=0 int_locals=2 str_locals=0 ops=4
  pc=0 op=33 PUSH_INT_LOCAL operand=0 str=(null)
  pc=1 op=33 PUSH_INT_LOCAL operand=1 str=(null)
  pc=2 op=40 GOSUB_WITH_PARAMS operand=904 str=(null)
  pc=3 op=21 RETURN operand=0 str=(null)
sim_hotkey: 'f1' -> osrs_key=1 at frame 420
sim_hotkey: 'f2' -> osrs_key=2 at frame 440
sim_hotkey: 'f3' -> osrs_key=3 at frame 460
sim_hotkey: 'f4' -> osrs_key=4 at frame 480
Dat2SpriteLoadByName: archive 'mapfunction' not found in sprites table
Dat2SpriteLoadByName: archive 'hitmark' not found in sprites table
Task_CS2Run: script 7188 failed at opcode 34 pc 14 (invoked as script 7128 for component 0x28a0000)
  script 7188: int_args=0 str_args=0 int_locals=1 str_locals=1 ops=31
  pc=0 op=0 PUSH_CONSTANT_INT operand=-1 str=(null)
  pc=1 op=34 POP_INT_LOCAL operand=0 str=(null)
  pc=2 op=3 PUSH_CONSTANT_STRING operand=0 str=
  pc=3 op=36 POP_STRING_LOCAL operand=0 str=(null)
  pc=4 op=25 PUSH_VARBIT operand=14881 str=(null)
  pc=5 op=60 SWITCH operand=0 str=(null)
  pc=6 op=3 PUSH_CONSTANT_STRING operand=0 str=graphic_4911
  pc=7 op=3 PUSH_CONSTANT_STRING operand=0 str=Grand Exchange value
  pc=8 op=36 POP_STRING_LOCAL operand=0 str=(null)
  pc=9 op=34 POP_INT_LOCAL operand=0 str=(null)
  pc=10 op=6 BRANCH operand=10 str=(null)
  pc=11 op=3 PUSH_CONSTANT_STRING operand=0 str=graphic_4912
  pc=12 op=3 PUSH_CONSTANT_STRING operand=0 str=High Alchemy value
  pc=13 op=36 POP_STRING_LOCAL operand=0 str=(null)
  pc=14 op=34 POP_INT_LOCAL operand=0 str=(null)
  pc=15 op=6 BRANCH operand=5 str=(null)
  pc=16 op=3 PUSH_CONSTANT_STRING operand=0 str=graphic_4911
CS2VM2: call depth 128 exhausted calling script 904 from script 904 (raise CS2VM_MAX_FRAMES)
Task_CS2Run: script 904 failed at opcode 40 pc 2 (invoked as script 903 for component 0xa10000)
  script 904: int_args=2 str_args=0 int_locals=2 str_locals=0 ops=4
  pc=0 op=33 PUSH_INT_LOCAL operand=0 str=(null)
  pc=1 op=33 PUSH_INT_LOCAL operand=1 str=(null)
  pc=2 op=40 GOSUB_WITH_PARAMS operand=904 str=(null)
  pc=3 op=21 RETURN operand=0 str=(null)
sim_hotkey: 'f5' -> osrs_key=5 at frame 500
torirs_perf: window=500 writing /Users/matthewevers/Documents/git_repos/3draster/tools/perf/results/7476adf7-soak-ui.csv.windows.csv
torirs_perf: window=0 frame_p95=7.48ms
sim_hotkey: 'f6' -> osrs_key=6 at frame 520
sim_hotkey: 'f7' -> osrs_key=7 at frame 540
sim_hotkey: 'f8' -> osrs_key=8 at frame 560
sim_hotkey: 'f9' -> osrs_key=9 at frame 580
sim_hotkey: 'f10' -> osrs_key=10 at frame 600
sim_hotkey: 'f11' -> osrs_key=11 at frame 620
sim_hotkey: 'f12' -> osrs_key=12 at frame 640
sim_hotkey: 'escape' -> osrs_key=13 at frame 660
Dat2SpriteLoadByName: archive 'mapfunction' not found in sprites table
Dat2SpriteLoadByName: archive 'hitmark' not found in sprites table
CS2VM2: call depth 128 exhausted calling script 904 from script 904 (raise CS2VM_MAX_FRAMES)
Task_CS2Run: script 904 failed at opcode 40 pc 2 (invoked as script 903 for component 0xa10000)
  script 904: int_args=2 str_args=0 int_locals=2 str_locals=0 ops=4
  pc=0 op=33 PUSH_INT_LOCAL operand=0 str=(null)
  pc=1 op=33 PUSH_INT_LOCAL operand=1 str=(null)
  pc=2 op=40 GOSUB_WITH_PARAMS operand=904 str=(null)
  pc=3 op=21 RETURN operand=0 str=(null)
sim_hotkey: 'escape' -> osrs_key=13 at frame 680
sim_hotkey: 'f1' -> osrs_key=1 at frame 700
sim_hotkey: 'f2' -> osrs_key=2 at frame 720
sim_hotkey: 'f3' -> osrs_key=3 at frame 740
sim_hotkey: 'f4' -> osrs_key=4 at frame 760
spawn_npc: npc=2854 element=59770 tile=90,84 level=0 size=1 recolors=1 retextures=0
sim_hotkey: 'f5' -> osrs_key=5 at frame 780
sim_hotkey: 'f6' -> osrs_key=6 at frame 800
sim_hotkey: 'f7' -> osrs_key=7 at frame 820
torirs_iface_stats: tick=250 groups=33
  group=161 opens=1 closes=0 bakes=1 reuse=0 live=106 hidden=14 hooks=22 hook_bytes=224400
  group=162 opens=1 closes=0 bakes=1 reuse=0 live=3222 hidden=2508 hooks=18 hook_bytes=183600
  group=651 opens=1 closes=0 bakes=1 reuse=0 live=7 hidden=0 hooks=0 hook_bytes=0
  group=708 opens=1 closes=0 bakes=1 reuse=0 live=13 hidden=1 hooks=4 hook_bytes=40800
  group=163 opens=1 closes=0 bakes=0 reuse=1 live=26 hidden=25 hooks=0 hook_bytes=0
  group=303 opens=1 closes=0 bakes=1 reuse=0 live=21 hidden=5 hooks=2 hook_bytes=20400
  group=90 opens=1 closes=0 bakes=1 reuse=0 live=60 hidden=13 hooks=13 hook_bytes=132600
  group=160 opens=1 closes=0 bakes=1 reuse=0 live=58 hidden=12 hooks=11 hook_bytes=112200
  group=122 opens=1 closes=0 bakes=1 reuse=0 live=33 hidden=15 hooks=9 hook_bytes=91800
  group=728 opens=1 closes=0 bakes=0 reuse=1 live=50 hidden=2 hooks=4 hook_bytes=40800
  group=896 opens=1 closes=0 bakes=0 reuse=1 live=903 hidden=902 hooks=0 hook_bytes=0
  group=593 opens=1 closes=0 bakes=1 reuse=0 live=117 hidden=7 hooks=6 hook_bytes=61200
  group=320 opens=1 closes=0 bakes=1 reuse=0 live=202 hidden=24 hooks=49 hook_bytes=499800
  group=629 opens=1 closes=0 bakes=1 reuse=0 live=46 hidden=5 hooks=3 hook_bytes=30600
  group=712 opens=1 closes=0 bakes=1 reuse=0 live=113 hidden=0 hooks=5 hook_bytes=51000
  group=149 opens=1 closes=0 bakes=0 reuse=1 live=29 hidden=3 hooks=28 hook_bytes=285600
  group=387 opens=1 closes=0 bakes=1 reuse=0 live=96 hidden=12 hooks=13 hook_bytes=132600
  group=541 opens=1 closes=0 bakes=1 reuse=0 live=124 hidden=33 hooks=30 hook_bytes=306000
  group=218 opens=1 closes=0 bakes=1 reuse=0 live=232 hidden=132 hooks=195 hook_bytes=1989000
  group=707 opens=1 closes=0 bakes=1 reuse=0 live=39 hidden=0 hooks=5 hook_bytes=51000
  group=109 opens=1 closes=0 bakes=1 reuse=0 live=96 hidden=13 hooks=10 hook_bytes=102000
  group=429 opens=1 closes=0 bakes=1 reuse=0 live=35 hidden=0 hooks=8 hook_bytes=81600
  group=182 opens=1 closes=0 bakes=1 reuse=0 live=94 hidden=3 hooks=10 hook_bytes=102000
  group=116 opens=1 closes=0 bakes=1 reuse=0 live=222 hidden=12 hooks=65 hook_bytes=663000
  group=216 opens=1 closes=0 bakes=1 reuse=0 live=124 hidden=0 hooks=61 hook_bytes=622200
  group=239 opens=1 closes=0 bakes=1 reuse=0 live=934 hidden=597 hooks=267 hook_bytes=2723400
  group=12 opens=1 closes=1 bakes=1 reuse=0 live=1781 hidden=73 hooks=1505 hook_bytes=15351000
  group=15 opens=1 closes=1 bakes=1 reuse=0 live=650 hidden=49 hooks=366 hook_bytes=3733200
  group=84 opens=1 closes=1 bakes=1 reuse=0 live=123 hidden=14 hooks=25 hook_bytes=255000
  group=729 opens=1 closes=1 bakes=0 reuse=1 live=36 hidden=1 hooks=6 hook_bytes=61200
  group=650 opens=1 closes=1 bakes=1 reuse=0 live=110 hidden=3 hooks=15 hook_bytes=153000
  group=894 opens=1 closes=0 bakes=1 reuse=0 live=413 hidden=4 hooks=117 hook_bytes=1193400
  group=32766 opens=0 closes=0 bakes=0 reuse=0 live=4 hidden=0 hooks=0 hook_bytes=0
torirs_stats: tick=250 components=10119 live=10119 hidden=4482 freed=0 free_head=-1 inv_hooks=19 var_hooks=163 timers=28 timers_hidden=7 iface_parents=26
sim_hotkey: 'f8' -> osrs_key=8 at frame 840
sim_hotkey: 'f9' -> osrs_key=9 at frame 860
sim_hotkey: 'f10' -> osrs_key=10 at frame 880
sim_hotkey: 'f11' -> osrs_key=11 at frame 900
sim_hotkey: 'f12' -> osrs_key=12 at frame 920
sim_hotkey: 'escape' -> osrs_key=13 at frame 940
spawn_npc: npc=3106 element=59771 tile=90,84 level=0 size=1 recolors=4 retextures=0
sim_hotkey: 'escape' -> osrs_key=13 at frame 960
sim_hotkey: 'f1' -> osrs_key=1 at frame 980
Failed to load dat2 idk 307
Dat2SpriteLoadByName: archive 'mapfunction' not found in sprites table
Dat2SpriteLoadByName: archive 'hitmark' not found in sprites table
CS2VM2: call depth 128 exhausted calling script 904 from script 904 (raise CS2VM_MAX_FRAMES)
Task_CS2Run: script 904 failed at opcode 40 pc 2 (invoked as script 903 for component 0xa10000)
  script 904: int_args=2 str_args=0 int_locals=2 str_locals=0 ops=4
  pc=0 op=33 PUSH_INT_LOCAL operand=0 str=(null)
  pc=1 op=33 PUSH_INT_LOCAL operand=1 str=(null)
  pc=2 op=40 GOSUB_WITH_PARAMS operand=904 str=(null)
  pc=3 op=21 RETURN operand=0 str=(null)
Dat2SpriteLoadByName: archive 'mapfunction' not found in sprites table
Dat2SpriteLoadByName: archive 'hitmark' not found in sprites table
CS2VM2: call depth 128 exhausted calling script 904 from script 904 (raise CS2VM_MAX_FRAMES)
Task_CS2Run: script 904 failed at opcode 40 pc 2 (invoked as script 903 for component 0xa10000)
  script 904: int_args=2 str_args=0 int_locals=2 str_locals=0 ops=4
  pc=0 op=33 PUSH_INT_LOCAL operand=0 str=(null)
  pc=1 op=33 PUSH_INT_LOCAL operand=1 str=(null)
  pc=2 op=40 GOSUB_WITH_PARAMS operand=904 str=(null)
  pc=3 op=21 RETURN operand=0 str=(null)
sim_hotkey: 'f2' -> osrs_key=2 at frame 1000
torirs_perf: window=1 frame_p95=6.46ms
sim_hotkey: 'f3' -> osrs_key=3 at frame 1020
sim_hotkey: 'f4' -> osrs_key=4 at frame 1040
sim_hotkey: 'f5' -> osrs_key=5 at frame 1060
sim_hotkey: 'f6' -> osrs_key=6 at frame 1080
sim_hotkey: 'f7' -> osrs_key=7 at frame 1100
sim_hotkey: 'f8' -> osrs_key=8 at frame 1120
Failed to load dat2 idk 307
Dat2SpriteLoadByName: archive 'mapfunction' not found in sprites table
Dat2SpriteLoadByName: archive 'hitmark' not found in sprites table
CS2VM2: call depth 128 exhausted calling script 904 from script 904 (raise CS2VM_MAX_FRAMES)
Task_CS2Run: script 904 failed at opcode 40 pc 2 (invoked as script 903 for component 0xa10000)
  script 904: int_args=2 str_args=0 int_locals=2 str_locals=0 ops=4
  pc=0 op=33 PUSH_INT_LOCAL operand=0 str=(null)
  pc=1 op=33 PUSH_INT_LOCAL operand=1 str=(null)
  pc=2 op=40 GOSUB_WITH_PARAMS operand=904 str=(null)
  pc=3 op=21 RETURN operand=0 str=(null)
sim_hotkey: 'f9' -> osrs_key=9 at frame 1140
sim_hotkey: 'f10' -> osrs_key=10 at frame 1160
sim_hotkey: 'f11' -> osrs_key=11 at frame 1180
sim_hotkey: 'f12' -> osrs_key=12 at frame 1200
sim_hotkey: 'escape' -> osrs_key=13 at frame 1220
sim_hotkey: 'escape' -> osrs_key=13 at frame 1240
CS2VM2: call depth 128 exhausted calling script 904 from script 904 (raise CS2VM_MAX_FRAMES)
Task_CS2Run: script 904 failed at opcode 40 pc 2 (invoked as script 903 for component 0xa10000)
  script 904: int_args=2 str_args=0 int_locals=2 str_locals=0 ops=4
  pc=0 op=33 PUSH_INT_LOCAL operand=0 str=(null)
  pc=1 op=33 PUSH_INT_LOCAL operand=1 str=(null)
  pc=2 op=40 GOSUB_WITH_PARAMS operand=904 str=(null)
  pc=3 op=21 RETURN operand=0 str=(null)
CS2VM2: call depth 128 exhausted calling script 904 from script 904 (raise CS2VM_MAX_FRAMES)
Task_CS2Run: script 904 failed at opcode 40 pc 2 (invoked as script 903 for component 0xa10000)
  script 904: int_args=2 str_args=0 int_locals=2 str_locals=0 ops=4
  pc=0 op=33 PUSH_INT_LOCAL operand=0 str=(null)
  pc=1 op=33 PUSH_INT_LOCAL operand=1 str=(null)
  pc=2 op=40 GOSUB_WITH_PARAMS operand=904 str=(null)
  pc=3 op=21 RETURN operand=0 str=(null)
CS2VM2: call depth 128 exhausted calling script 904 from script 904 (raise CS2VM_MAX_FRAMES)
Task_CS2Run: script 904 failed at opcode 40 pc 2 (invoked as script 903 for component 0xa10000)
  script 904: int_args=2 str_args=0 int_locals=2 str_locals=0 ops=4
  pc=0 op=33 PUSH_INT_LOCAL operand=0 str=(null)
  pc=1 op=33 PUSH_INT_LOCAL operand=1 str=(null)
  pc=2 op=40 GOSUB_WITH_PARAMS operand=904 str=(null)
  pc=3 op=21 RETURN operand=0 str=(null)
CS2VM2: call depth 128 exhausted calling script 904 from script 904 (raise CS2VM_MAX_FRAMES)
Task_CS2Run: script 904 failed at opcode 40 pc 2 (invoked as script 903 for component 0xa10000)
  script 904: int_args=2 str_args=0 int_locals=2 str_locals=0 ops=4
  pc=0 op=33 PUSH_INT_LOCAL operand=0 str=(null)
  pc=1 op=33 PUSH_INT_LOCAL operand=1 str=(null)
  pc=2 op=40 GOSUB_WITH_PARAMS operand=904 str=(null)
  pc=3 op=21 RETURN operand=0 str=(null)
sim_hotkey: 'f1' -> osrs_key=1 at frame 1260
sim_hotkey: 'f2' -> osrs_key=2 at frame 1280
sim_hotkey: 'f3' -> osrs_key=3 at frame 1300
Dat2SpriteLoadByName: archive 'mapfunction' not found in sprites table
Dat2SpriteLoadByName: archive 'hitmark' not found in sprites table
CS2VM2: call depth 128 exhausted calling script 904 from script 904 (raise CS2VM_MAX_FRAMES)
Task_CS2Run: script 904 failed at opcode 40 pc 2 (invoked as script 903 for component 0xa10000)
  script 904: int_args=2 str_args=0 int_locals=2 str_locals=0 ops=4
  pc=0 op=33 PUSH_INT_LOCAL operand=0 str=(null)
  pc=1 op=33 PUSH_INT_LOCAL operand=1 str=(null)
  pc=2 op=40 GOSUB_WITH_PARAMS operand=904 str=(null)
  pc=3 op=21 RETURN operand=0 str=(null)
sim_hotkey: 'f4' -> osrs_key=4 at frame 1320
sim_hotkey: 'f5' -> osrs_key=5 at frame 1340
sim_hotkey: 'f6' -> osrs_key=6 at frame 1360
sim_hotkey: 'f7' -> osrs_key=7 at frame 1380
sim_hotkey: 'f8' -> osrs_key=8 at frame 1400
sim_hotkey: 'f9' -> osrs_key=9 at frame 1420
sim_hotkey: 'f10' -> osrs_key=10 at frame 1440
sim_hotkey: 'f11' -> osrs_key=11 at frame 1460
sim_hotkey: 'f12' -> osrs_key=12 at frame 1480
Dat2SpriteLoadByName: archive 'mapfunction' not found in sprites table
Dat2SpriteLoadByName: archive 'hitmark' not found in sprites table
Task_CS2Run: script 7188 failed at opcode 34 pc 14 (invoked as script 7128 for component 0x28a0000)
  script 7188: int_args=0 str_args=0 int_locals=1 str_locals=1 ops=31
  pc=0 op=0 PUSH_CONSTANT_INT operand=-1 str=(null)
  pc=1 op=34 POP_INT_LOCAL operand=0 str=(null)
  pc=2 op=3 PUSH_CONSTANT_STRING operand=0 str=
  pc=3 op=36 POP_STRING_LOCAL operand=0 str=(null)
  pc=4 op=25 PUSH_VARBIT operand=14881 str=(null)
  pc=5 op=60 SWITCH operand=0 str=(null)
  pc=6 op=3 PUSH_CONSTANT_STRING operand=0 str=graphic_4911
  pc=7 op=3 PUSH_CONSTANT_STRING operand=0 str=Grand Exchange value
  pc=8 op=36 POP_STRING_LOCAL operand=0 str=(null)
  pc=9 op=34 POP_INT_LOCAL operand=0 str=(null)
  pc=10 op=6 BRANCH operand=10 str=(null)
  pc=11 op=3 PUSH_CONSTANT_STRING operand=0 str=graphic_4912
  pc=12 op=3 PUSH_CONSTANT_STRING operand=0 str=High Alchemy value
  pc=13 op=36 POP_STRING_LOCAL operand=0 str=(null)
  pc=14 op=34 POP_INT_LOCAL operand=0 str=(null)
  pc=15 op=6 BRANCH operand=5 str=(null)
  pc=16 op=3 PUSH_CONSTANT_STRING operand=0 str=graphic_4911
CS2VM2: call depth 128 exhausted calling script 904 from script 904 (raise CS2VM_MAX_FRAMES)
Task_CS2Run: script 904 failed at opcode 40 pc 2 (invoked as script 903 for component 0xa10000)
  script 904: int_args=2 str_args=0 int_locals=2 str_locals=0 ops=4
  pc=0 op=33 PUSH_INT_LOCAL operand=0 str=(null)
  pc=1 op=33 PUSH_INT_LOCAL operand=1 str=(null)
  pc=2 op=40 GOSUB_WITH_PARAMS operand=904 str=(null)
  pc=3 op=21 RETURN operand=0 str=(null)
sim_hotkey: 'escape' -> osrs_key=13 at frame 1500
torirs_perf: window=2 frame_p95=5.50ms
sim_hotkey: 'escape' -> osrs_key=13 at frame 1520
sim_hotkey: 'f1' -> osrs_key=1 at frame 1540
sim_hotkey: 'f2' -> osrs_key=2 at frame 1560
sim_hotkey: 'f3' -> osrs_key=3 at frame 1580
sim_hotkey: 'f4' -> osrs_key=4 at frame 1600
sim_hotkey: 'f5' -> osrs_key=5 at frame 1620
sim_hotkey: 'f6' -> osrs_key=6 at frame 1640
sim_hotkey: 'f7' -> osrs_key=7 at frame 1660
torirs_iface_stats: tick=500 groups=33
  group=161 opens=1 closes=0 bakes=1 reuse=0 live=106 hidden=14 hooks=22 hook_bytes=224400
  group=162 opens=1 closes=0 bakes=1 reuse=0 live=3222 hidden=2498 hooks=18 hook_bytes=183600
  group=651 opens=1 closes=0 bakes=1 reuse=0 live=7 hidden=0 hooks=0 hook_bytes=0
  group=708 opens=1 closes=0 bakes=1 reuse=0 live=13 hidden=1 hooks=4 hook_bytes=40800
  group=163 opens=1 closes=0 bakes=0 reuse=1 live=26 hidden=25 hooks=0 hook_bytes=0
  group=303 opens=1 closes=0 bakes=1 reuse=0 live=21 hidden=5 hooks=2 hook_bytes=20400
  group=90 opens=1 closes=0 bakes=1 reuse=0 live=60 hidden=13 hooks=13 hook_bytes=132600
  group=160 opens=1 closes=0 bakes=1 reuse=0 live=58 hidden=12 hooks=11 hook_bytes=112200
  group=122 opens=1 closes=0 bakes=1 reuse=0 live=33 hidden=15 hooks=9 hook_bytes=91800
  group=728 opens=1 closes=0 bakes=0 reuse=1 live=50 hidden=2 hooks=4 hook_bytes=40800
  group=896 opens=1 closes=0 bakes=0 reuse=1 live=903 hidden=902 hooks=0 hook_bytes=0
  group=593 opens=1 closes=0 bakes=1 reuse=0 live=117 hidden=7 hooks=6 hook_bytes=61200
  group=320 opens=1 closes=0 bakes=1 reuse=0 live=202 hidden=24 hooks=49 hook_bytes=499800
  group=629 opens=1 closes=0 bakes=1 reuse=0 live=46 hidden=5 hooks=3 hook_bytes=30600
  group=712 opens=1 closes=0 bakes=1 reuse=0 live=113 hidden=0 hooks=5 hook_bytes=51000
  group=149 opens=1 closes=0 bakes=0 reuse=1 live=29 hidden=0 hooks=28 hook_bytes=285600
  group=387 opens=1 closes=0 bakes=1 reuse=0 live=96 hidden=12 hooks=13 hook_bytes=132600
  group=541 opens=1 closes=0 bakes=1 reuse=0 live=124 hidden=33 hooks=30 hook_bytes=306000
  group=218 opens=1 closes=0 bakes=1 reuse=0 live=232 hidden=132 hooks=195 hook_bytes=1989000
  group=707 opens=1 closes=0 bakes=1 reuse=0 live=39 hidden=0 hooks=5 hook_bytes=51000
  group=109 opens=1 closes=0 bakes=1 reuse=0 live=96 hidden=13 hooks=10 hook_bytes=102000
  group=429 opens=1 closes=0 bakes=1 reuse=0 live=35 hidden=0 hooks=8 hook_bytes=81600
  group=182 opens=1 closes=0 bakes=1 reuse=0 live=94 hidden=3 hooks=10 hook_bytes=102000
  group=116 opens=1 closes=0 bakes=1 reuse=0 live=222 hidden=12 hooks=65 hook_bytes=663000
  group=216 opens=1 closes=0 bakes=1 reuse=0 live=124 hidden=0 hooks=61 hook_bytes=622200
  group=239 opens=1 closes=0 bakes=1 reuse=0 live=934 hidden=597 hooks=267 hook_bytes=2723400
  group=12 opens=2 closes=2 bakes=1 reuse=1 live=1781 hidden=73 hooks=1505 hook_bytes=15351000
  group=15 opens=2 closes=2 bakes=1 reuse=1 live=650 hidden=49 hooks=366 hook_bytes=3733200
  group=84 opens=2 closes=2 bakes=1 reuse=1 live=123 hidden=14 hooks=25 hook_bytes=255000
  group=729 opens=2 closes=2 bakes=0 reuse=2 live=36 hidden=1 hooks=6 hook_bytes=61200
  group=650 opens=2 closes=1 bakes=1 reuse=1 live=110 hidden=2 hooks=15 hook_bytes=153000
  group=894 opens=1 closes=1 bakes=1 reuse=0 live=413 hidden=5 hooks=117 hook_bytes=1193400
  group=32766 opens=0 closes=0 bakes=0 reuse=0 live=4 hidden=0 hooks=0 hook_bytes=0
torirs_stats: tick=500 components=10119 live=10119 hidden=4469 freed=0 free_head=-1 inv_hooks=19 var_hooks=164 timers=28 timers_hidden=7 iface_parents=26
sim_hotkey: 'f8' -> osrs_key=8 at frame 1680
Dat2SpriteLoadByName: archive 'mapfunction' not found in sprites table
Dat2SpriteLoadByName: archive 'hitmark' not found in sprites table
CS2VM2: call depth 128 exhausted calling script 904 from script 904 (raise CS2VM_MAX_FRAMES)
Task_CS2Run: script 904 failed at opcode 40 pc 2 (invoked as script 903 for component 0xa10000)
  script 904: int_args=2 str_args=0 int_locals=2 str_locals=0 ops=4
  pc=0 op=33 PUSH_INT_LOCAL operand=0 str=(null)
  pc=1 op=33 PUSH_INT_LOCAL operand=1 str=(null)
  pc=2 op=40 GOSUB_WITH_PARAMS operand=904 str=(null)
  pc=3 op=21 RETURN operand=0 str=(null)
sim_hotkey: 'f9' -> osrs_key=9 at frame 1700
sim_hotkey: 'f10' -> osrs_key=10 at frame 1720
sim_hotkey: 'f11' -> osrs_key=11 at frame 1740
sim_hotkey: 'f12' -> osrs_key=12 at frame 1760
sim_hotkey: 'escape' -> osrs_key=13 at frame 1780
sim_hotkey: 'escape' -> osrs_key=13 at frame 1800
sim_hotkey: 'f1' -> osrs_key=1 at frame 1820
sim_hotkey: 'f2' -> osrs_key=2 at frame 1840
sim_hotkey: 'f3' -> osrs_key=3 at frame 1860
sim_hotkey: 'f4' -> osrs_key=4 at frame 1880
sim_hotkey: 'f5' -> osrs_key=5 at frame 1900
sim_hotkey: 'f6' -> osrs_key=6 at frame 1920
sim_hotkey: 'f7' -> osrs_key=7 at frame 1940
sim_hotkey: 'f8' -> osrs_key=8 at frame 1960
sim_hotkey: 'f9' -> osrs_key=9 at frame 1980
sim_hotkey: 'f10' -> osrs_key=10 at frame 2000
torirs_perf: window=3 frame_p95=4.79ms
sim_hotkey: 'f11' -> osrs_key=11 at frame 2020
Failed to load dat2 idk 307
Dat2SpriteLoadByName: archive 'mapfunction' not found in sprites table
Dat2SpriteLoadByName: archive 'hitmark' not found in sprites table
CS2VM2: call depth 128 exhausted calling script 904 from script 904 (raise CS2VM_MAX_FRAMES)
Task_CS2Run: script 904 failed at opcode 40 pc 2 (invoked as script 903 for component 0xa10000)
  script 904: int_args=2 str_args=0 int_locals=2 str_locals=0 ops=4
  pc=0 op=33 PUSH_INT_LOCAL operand=0 str=(null)
  pc=1 op=33 PUSH_INT_LOCAL operand=1 str=(null)
  pc=2 op=40 GOSUB_WITH_PARAMS operand=904 str=(null)
  pc=3 op=21 RETURN operand=0 str=(null)
Dat2SpriteLoadByName: archive 'mapfunction' not found in sprites table
Dat2SpriteLoadByName: archive 'hitmark' not found in sprites table
CS2VM2: call depth 128 exhausted calling script 904 from script 904 (raise CS2VM_MAX_FRAMES)
Task_CS2Run: script 904 failed at opcode 40 pc 2 (invoked as script 903 for component 0xa10000)
  script 904: int_args=2 str_args=0 int_locals=2 str_locals=0 ops=4
  pc=0 op=33 PUSH_INT_LOCAL operand=0 str=(null)
  pc=1 op=33 PUSH_INT_LOCAL operand=1 str=(null)
  pc=2 op=40 GOSUB_WITH_PARAMS operand=904 str=(null)
  pc=3 op=21 RETURN operand=0 str=(null)
sim_hotkey: 'f12' -> osrs_key=12 at frame 2040
sim_hotkey: 'escape' -> osrs_key=13 at frame 2060
sim_hotkey: 'escape' -> osrs_key=13 at frame 2080
CS2VM2: call depth 128 exhausted calling script 904 from script 904 (raise CS2VM_MAX_FRAMES)
Task_CS2Run: script 904 failed at opcode 40 pc 2 (invoked as script 903 for component 0xa10000)
  script 904: int_args=2 str_args=0 int_locals=2 str_locals=0 ops=4
  pc=0 op=33 PUSH_INT_LOCAL operand=0 str=(null)
  pc=1 op=33 PUSH_INT_LOCAL operand=1 str=(null)
  pc=2 op=40 GOSUB_WITH_PARAMS operand=904 str=(null)
  pc=3 op=21 RETURN operand=0 str=(null)
CS2VM2: call depth 128 exhausted calling script 904 from script 904 (raise CS2VM_MAX_FRAMES)
Task_CS2Run: script 904 failed at opcode 40 pc 2 (invoked as script 903 for component 0xa10000)
  script 904: int_args=2 str_args=0 int_locals=2 str_locals=0 ops=4
  pc=0 op=33 PUSH_INT_LOCAL operand=0 str=(null)
  pc=1 op=33 PUSH_INT_LOCAL operand=1 str=(null)
  pc=2 op=40 GOSUB_WITH_PARAMS operand=904 str=(null)
  pc=3 op=21 RETURN operand=0 str=(null)
CS2VM2: call depth 128 exhausted calling script 904 from script 904 (raise CS2VM_MAX_FRAMES)
Task_CS2Run: script 904 failed at opcode 40 pc 2 (invoked as script 903 for component 0xa10000)
  script 904: int_args=2 str_args=0 int_locals=2 str_locals=0 ops=4
  pc=0 op=33 PUSH_INT_LOCAL operand=0 str=(null)
  pc=1 op=33 PUSH_INT_LOCAL operand=1 str=(null)
  pc=2 op=40 GOSUB_WITH_PARAMS operand=904 str=(null)
  pc=3 op=21 RETURN operand=0 str=(null)
CS2VM2: call depth 128 exhausted calling script 904 from script 904 (raise CS2VM_MAX_FRAMES)
Task_CS2Run: script 904 failed at opcode 40 pc 2 (invoked as script 903 for component 0xa10000)
  script 904: int_args=2 str_args=0 int_locals=2 str_locals=0 ops=4
  pc=0 op=33 PUSH_INT_LOCAL operand=0 str=(null)
  pc=1 op=33 PUSH_INT_LOCAL operand=1 str=(null)
  pc=2 op=40 GOSUB_WITH_PARAMS operand=904 str=(null)
  pc=3 op=21 RETURN operand=0 str=(null)
sim_hotkey: 'f1' -> osrs_key=1 at frame 2100
sim_hotkey: 'f2' -> osrs_key=2 at frame 2120
sim_hotkey: 'f3' -> osrs_key=3 at frame 2140
sim_hotkey: 'f4' -> osrs_key=4 at frame 2160
sim_hotkey: 'f5' -> osrs_key=5 at frame 2180
spawn_npc: npc=2854 element=59755 tile=90,84 level=0 size=1 recolors=1 retextures=0
spawn_npc: npc=5007 element=59772 tile=90,84 level=0 size=1 recolors=0 retextures=0
Failed to load dat2 idk 307
Dat2SpriteLoadByName: archive 'mapfunction' not found in sprites table
Dat2SpriteLoadByName: archive 'hitmark' not found in sprites table
CS2VM2: call depth 128 exhausted calling script 904 from script 904 (raise CS2VM_MAX_FRAMES)
Task_CS2Run: script 904 failed at opcode 40 pc 2 (invoked as script 903 for component 0xa10000)
  script 904: int_args=2 str_args=0 int_locals=2 str_locals=0 ops=4
  pc=0 op=33 PUSH_INT_LOCAL operand=0 str=(null)
  pc=1 op=33 PUSH_INT_LOCAL operand=1 str=(null)
  pc=2 op=40 GOSUB_WITH_PARAMS operand=904 str=(null)
  pc=3 op=21 RETURN operand=0 str=(null)
sim_hotkey: 'f6' -> osrs_key=6 at frame 2200
sim_hotkey: 'f7' -> osrs_key=7 at frame 2220
sim_hotkey: 'f8' -> osrs_key=8 at frame 2240
sim_hotkey: 'f9' -> osrs_key=9 at frame 2260
sim_hotkey: 'f10' -> osrs_key=10 at frame 2280
sim_hotkey: 'f11' -> osrs_key=11 at frame 2300
sim_hotkey: 'f12' -> osrs_key=12 at frame 2320
sim_hotkey: 'escape' -> osrs_key=13 at frame 2340
Dat2SpriteLoadByName: archive 'mapfunction' not found in sprites table
Dat2SpriteLoadByName: archive 'hitmark' not found in sprites table
CS2VM2: call depth 128 exhausted calling script 904 from script 904 (raise CS2VM_MAX_FRAMES)
Task_CS2Run: script 904 failed at opcode 40 pc 2 (invoked as script 903 for component 0xa10000)
  script 904: int_args=2 str_args=0 int_locals=2 str_locals=0 ops=4
  pc=0 op=33 PUSH_INT_LOCAL operand=0 str=(null)
  pc=1 op=33 PUSH_INT_LOCAL operand=1 str=(null)
  pc=2 op=40 GOSUB_WITH_PARAMS operand=904 str=(null)
  pc=3 op=21 RETURN operand=0 str=(null)
sim_hotkey: 'escape' -> osrs_key=13 at frame 2360
CS2VM2: call depth 128 exhausted calling script 904 from script 904 (raise CS2VM_MAX_FRAMES)
Task_CS2Run: script 904 failed at opcode 40 pc 2 (invoked as script 903 for component 0xa10000)
  script 904: int_args=2 str_args=0 int_locals=2 str_locals=0 ops=4
  pc=0 op=33 PUSH_INT_LOCAL operand=0 str=(null)
  pc=1 op=33 PUSH_INT_LOCAL operand=1 str=(null)
  pc=2 op=40 GOSUB_WITH_PARAMS operand=904 str=(null)
  pc=3 op=21 RETURN operand=0 str=(null)
CS2VM2: call depth 128 exhausted calling script 904 from script 904 (raise CS2VM_MAX_FRAMES)
Task_CS2Run: script 904 failed at opcode 40 pc 2 (invoked as script 903 for component 0xa10000)
  script 904: int_args=2 str_args=0 int_locals=2 str_locals=0 ops=4
  pc=0 op=33 PUSH_INT_LOCAL operand=0 str=(null)
  pc=1 op=33 PUSH_INT_LOCAL operand=1 str=(null)
  pc=2 op=40 GOSUB_WITH_PARAMS operand=904 str=(null)
  pc=3 op=21 RETURN operand=0 str=(null)
sim_hotkey: 'f1' -> osrs_key=1 at frame 2380
sim_hotkey: 'f2' -> osrs_key=2 at frame 2400
sim_hotkey: 'f3' -> osrs_key=3 at frame 2420
sim_hotkey: 'f4' -> osrs_key=4 at frame 2440
sim_hotkey: 'f5' -> osrs_key=5 at frame 2460
sim_hotkey: 'f6' -> osrs_key=6 at frame 2480
sim_hotkey: 'f7' -> osrs_key=7 at frame 2500
torirs_perf: window=4 frame_p95=5.40ms
sim_hotkey: 'f8' -> osrs_key=8 at frame 2520
torirs_iface_stats: tick=750 groups=33
  group=161 opens=1 closes=0 bakes=1 reuse=0 live=106 hidden=14 hooks=22 hook_bytes=224400
  group=162 opens=1 closes=0 bakes=1 reuse=0 live=3222 hidden=2485 hooks=18 hook_bytes=183600
  group=651 opens=1 closes=0 bakes=1 reuse=0 live=7 hidden=0 hooks=0 hook_bytes=0
  group=708 opens=1 closes=0 bakes=1 reuse=0 live=13 hidden=1 hooks=4 hook_bytes=40800
  group=163 opens=1 closes=0 bakes=0 reuse=1 live=26 hidden=25 hooks=0 hook_bytes=0
  group=303 opens=1 closes=0 bakes=1 reuse=0 live=21 hidden=5 hooks=2 hook_bytes=20400
  group=90 opens=1 closes=0 bakes=1 reuse=0 live=60 hidden=13 hooks=13 hook_bytes=132600
  group=160 opens=1 closes=0 bakes=1 reuse=0 live=58 hidden=12 hooks=11 hook_bytes=112200
  group=122 opens=1 closes=0 bakes=1 reuse=0 live=33 hidden=15 hooks=9 hook_bytes=91800
  group=728 opens=1 closes=0 bakes=0 reuse=1 live=50 hidden=2 hooks=4 hook_bytes=40800
  group=896 opens=1 closes=0 bakes=0 reuse=1 live=903 hidden=902 hooks=0 hook_bytes=0
  group=593 opens=1 closes=0 bakes=1 reuse=0 live=117 hidden=7 hooks=6 hook_bytes=61200
  group=320 opens=1 closes=0 bakes=1 reuse=0 live=202 hidden=24 hooks=49 hook_bytes=499800
  group=629 opens=1 closes=0 bakes=1 reuse=0 live=46 hidden=5 hooks=3 hook_bytes=30600
  group=712 opens=1 closes=0 bakes=1 reuse=0 live=113 hidden=0 hooks=5 hook_bytes=51000
  group=149 opens=1 closes=0 bakes=0 reuse=1 live=29 hidden=0 hooks=28 hook_bytes=285600
  group=387 opens=1 closes=0 bakes=1 reuse=0 live=96 hidden=12 hooks=13 hook_bytes=132600
  group=541 opens=1 closes=0 bakes=1 reuse=0 live=124 hidden=33 hooks=30 hook_bytes=306000
  group=218 opens=1 closes=0 bakes=1 reuse=0 live=232 hidden=132 hooks=195 hook_bytes=1989000
  group=707 opens=1 closes=0 bakes=1 reuse=0 live=39 hidden=0 hooks=5 hook_bytes=51000
  group=109 opens=1 closes=0 bakes=1 reuse=0 live=96 hidden=13 hooks=10 hook_bytes=102000
  group=429 opens=1 closes=0 bakes=1 reuse=0 live=35 hidden=0 hooks=8 hook_bytes=81600
  group=182 opens=1 closes=0 bakes=1 reuse=0 live=94 hidden=3 hooks=10 hook_bytes=102000
  group=116 opens=1 closes=0 bakes=1 reuse=0 live=222 hidden=12 hooks=65 hook_bytes=663000
  group=216 opens=1 closes=0 bakes=1 reuse=0 live=124 hidden=0 hooks=61 hook_bytes=622200
  group=239 opens=1 closes=0 bakes=1 reuse=0 live=934 hidden=597 hooks=267 hook_bytes=2723400
  group=12 opens=3 closes=3 bakes=1 reuse=2 live=1781 hidden=73 hooks=1505 hook_bytes=15351000
  group=15 opens=3 closes=3 bakes=1 reuse=2 live=650 hidden=49 hooks=366 hook_bytes=3733200
  group=84 opens=3 closes=3 bakes=1 reuse=2 live=123 hidden=14 hooks=25 hook_bytes=255000
  group=729 opens=3 closes=2 bakes=0 reuse=3 live=36 hidden=0 hooks=6 hook_bytes=61200
  group=650 opens=2 closes=2 bakes=1 reuse=1 live=110 hidden=3 hooks=15 hook_bytes=153000
  group=894 opens=2 closes=2 bakes=1 reuse=1 live=413 hidden=5 hooks=117 hook_bytes=1193400
  group=32766 opens=0 closes=0 bakes=0 reuse=0 live=4 hidden=0 hooks=0 hook_bytes=0
torirs_stats: tick=750 components=10119 live=10119 hidden=4456 freed=0 free_head=-1 inv_hooks=19 var_hooks=163 timers=28 timers_hidden=7 iface_parents=26
Dat2SpriteLoadByName: archive 'mapfunction' not found in sprites table
Dat2SpriteLoadByName: archive 'hitmark' not found in sprites table
Task_CS2Run: script 7188 failed at opcode 34 pc 14 (invoked as script 7128 for component 0x28a0000)
  script 7188: int_args=0 str_args=0 int_locals=1 str_locals=1 ops=31
  pc=0 op=0 PUSH_CONSTANT_INT operand=-1 str=(null)
  pc=1 op=34 POP_INT_LOCAL operand=0 str=(null)
  pc=2 op=3 PUSH_CONSTANT_STRING operand=0 str=
  pc=3 op=36 POP_STRING_LOCAL operand=0 str=(null)
  pc=4 op=25 PUSH_VARBIT operand=14881 str=(null)
  pc=5 op=60 SWITCH operand=0 str=(null)
  pc=6 op=3 PUSH_CONSTANT_STRING operand=0 str=graphic_4911
  pc=7 op=3 PUSH_CONSTANT_STRING operand=0 str=Grand Exchange value
  pc=8 op=36 POP_STRING_LOCAL operand=0 str=(null)
  pc=9 op=34 POP_INT_LOCAL operand=0 str=(null)
  pc=10 op=6 BRANCH operand=10 str=(null)
  pc=11 op=3 PUSH_CONSTANT_STRING operand=0 str=graphic_4912
  pc=12 op=3 PUSH_CONSTANT_STRING operand=0 str=High Alchemy value
  pc=13 op=36 POP_STRING_LOCAL operand=0 str=(null)
  pc=14 op=34 POP_INT_LOCAL operand=0 str=(null)
  pc=15 op=6 BRANCH operand=5 str=(null)
  pc=16 op=3 PUSH_CONSTANT_STRING operand=0 str=graphic_4911
CS2VM2: call depth 128 exhausted calling script 904 from script 904 (raise CS2VM_MAX_FRAMES)
Task_CS2Run: script 904 failed at opcode 40 pc 2 (invoked as script 903 for component 0xa10000)
  script 904: int_args=2 str_args=0 int_locals=2 str_locals=0 ops=4
  pc=0 op=33 PUSH_INT_LOCAL operand=0 str=(null)
  pc=1 op=33 PUSH_INT_LOCAL operand=1 str=(null)
  pc=2 op=40 GOSUB_WITH_PARAMS operand=904 str=(null)
  pc=3 op=21 RETURN operand=0 str=(null)
sim_hotkey: 'f9' -> osrs_key=9 at frame 2540
sim_hotkey: 'f10' -> osrs_key=10 at frame 2560
sim_hotkey: 'f11' -> osrs_key=11 at frame 2580
sim_hotkey: 'f12' -> osrs_key=12 at frame 2600
sim_hotkey: 'escape' -> osrs_key=13 at frame 2620
sim_hotkey: 'escape' -> osrs_key=13 at frame 2640
sim_hotkey: 'f1' -> osrs_key=1 at frame 2660
sim_hotkey: 'f2' -> osrs_key=2 at frame 2680
sim_hotkey: 'f3' -> osrs_key=3 at frame 2700
sim_hotkey: 'f4' -> osrs_key=4 at frame 2720
Dat2SpriteLoadByName: archive 'mapfunction' not found in sprites table
Dat2SpriteLoadByName: archive 'hitmark' not found in sprites table
CS2VM2: call depth 128 exhausted calling script 904 from script 904 (raise CS2VM_MAX_FRAMES)
Task_CS2Run: script 904 failed at opcode 40 pc 2 (invoked as script 903 for component 0xa10000)
  script 904: int_args=2 str_args=0 int_locals=2 str_locals=0 ops=4
  pc=0 op=33 PUSH_INT_LOCAL operand=0 str=(null)
  pc=1 op=33 PUSH_INT_LOCAL operand=1 str=(null)
  pc=2 op=40 GOSUB_WITH_PARAMS operand=904 str=(null)
  pc=3 op=21 RETURN operand=0 str=(null)
sim_hotkey: 'f5' -> osrs_key=5 at frame 2740
sim_hotkey: 'f6' -> osrs_key=6 at frame 2760
sim_hotkey: 'f7' -> osrs_key=7 at frame 2780
sim_hotkey: 'f8' -> osrs_key=8 at frame 2800
sim_hotkey: 'f9' -> osrs_key=9 at frame 2820
sim_hotkey: 'f10' -> osrs_key=10 at frame 2840
sim_hotkey: 'f11' -> osrs_key=11 at frame 2860
sim_hotkey: 'f12' -> osrs_key=12 at frame 2880
sim_hotkey: 'escape' -> osrs_key=13 at frame 2900
sim_hotkey: 'escape' -> osrs_key=13 at frame 2920
sim_hotkey: 'f1' -> osrs_key=1 at frame 2940
sim_hotkey: 'f2' -> osrs_key=2 at frame 2960
sim_hotkey: 'f3' -> osrs_key=3 at frame 2980
sim_hotkey: 'f4' -> osrs_key=4 at frame 3000
torirs_perf: window=5 frame_p95=4.73ms
sim_hotkey: 'f5' -> osrs_key=5 at frame 3020
sim_hotkey: 'f6' -> osrs_key=6 at frame 3040
sim_hotkey: 'f7' -> osrs_key=7 at frame 3060
Failed to load dat2 idk 307
Dat2SpriteLoadByName: archive 'mapfunction' not found in sprites table
Dat2SpriteLoadByName: archive 'hitmark' not found in sprites table
CS2VM2: call depth 128 exhausted calling script 904 from script 904 (raise CS2VM_MAX_FRAMES)
Task_CS2Run: script 904 failed at opcode 40 pc 2 (invoked as script 903 for component 0xa10000)
  script 904: int_args=2 str_args=0 int_locals=2 str_locals=0 ops=4
  pc=0 op=33 PUSH_INT_LOCAL operand=0 str=(null)
  pc=1 op=33 PUSH_INT_LOCAL operand=1 str=(null)
  pc=2 op=40 GOSUB_WITH_PARAMS operand=904 str=(null)
  pc=3 op=21 RETURN operand=0 str=(null)
Dat2SpriteLoadByName: archive 'mapfunction' not found in sprites table
Dat2SpriteLoadByName: archive 'hitmark' not found in sprites table
CS2VM2: call depth 128 exhausted calling script 904 from script 904 (raise CS2VM_MAX_FRAMES)
Task_CS2Run: script 904 failed at opcode 40 pc 2 (invoked as script 903 for component 0xa10000)
  script 904: int_args=2 str_args=0 int_locals=2 str_locals=0 ops=4
  pc=0 op=33 PUSH_INT_LOCAL operand=0 str=(null)
  pc=1 op=33 PUSH_INT_LOCAL operand=1 str=(null)
  pc=2 op=40 GOSUB_WITH_PARAMS operand=904 str=(null)
  pc=3 op=21 RETURN operand=0 str=(null)
sim_hotkey: 'f8' -> osrs_key=8 at frame 3080
sim_hotkey: 'f9' -> osrs_key=9 at frame 3100
sim_hotkey: 'f10' -> osrs_key=10 at frame 3120
sim_hotkey: 'f11' -> osrs_key=11 at frame 3140
sim_hotkey: 'f12' -> osrs_key=12 at frame 3160
sim_hotkey: 'escape' -> osrs_key=13 at frame 3180
sim_hotkey: 'escape' -> osrs_key=13 at frame 3200
CS2VM2: call depth 128 exhausted calling script 904 from script 904 (raise CS2VM_MAX_FRAMES)
Task_CS2Run: script 904 failed at opcode 40 pc 2 (invoked as script 903 for component 0xa10000)
  script 904: int_args=2 str_args=0 int_locals=2 str_locals=0 ops=4
  pc=0 op=33 PUSH_INT_LOCAL operand=0 str=(null)
  pc=1 op=33 PUSH_INT_LOCAL operand=1 str=(null)
  pc=2 op=40 GOSUB_WITH_PARAMS operand=904 str=(null)
  pc=3 op=21 RETURN operand=0 str=(null)
CS2VM2: call depth 128 exhausted calling script 904 from script 904 (raise CS2VM_MAX_FRAMES)
Task_CS2Run: script 904 failed at opcode 40 pc 2 (invoked as script 903 for component 0xa10000)
  script 904: int_args=2 str_args=0 int_locals=2 str_locals=0 ops=4
  pc=0 op=33 PUSH_INT_LOCAL operand=0 str=(null)
  pc=1 op=33 PUSH_INT_LOCAL operand=1 str=(null)
  pc=2 op=40 GOSUB_WITH_PARAMS operand=904 str=(null)
  pc=3 op=21 RETURN operand=0 str=(null)
CS2VM2: call depth 128 exhausted calling script 904 from script 904 (raise CS2VM_MAX_FRAMES)
Task_CS2Run: script 904 failed at opcode 40 pc 2 (invoked as script 903 for component 0xa10000)
  script 904: int_args=2 str_args=0 int_locals=2 str_locals=0 ops=4
  pc=0 op=33 PUSH_INT_LOCAL operand=0 str=(null)
  pc=1 op=33 PUSH_INT_LOCAL operand=1 str=(null)
  pc=2 op=40 GOSUB_WITH_PARAMS operand=904 str=(null)
  pc=3 op=21 RETURN operand=0 str=(null)
CS2VM2: call depth 128 exhausted calling script 904 from script 904 (raise CS2VM_MAX_FRAMES)
Task_CS2Run: script 904 failed at opcode 40 pc 2 (invoked as script 903 for component 0xa10000)
  script 904: int_args=2 str_args=0 int_locals=2 str_locals=0 ops=4
  pc=0 op=33 PUSH_INT_LOCAL operand=0 str=(null)
  pc=1 op=33 PUSH_INT_LOCAL operand=1 str=(null)
  pc=2 op=40 GOSUB_WITH_PARAMS operand=904 str=(null)
  pc=3 op=21 RETURN operand=0 str=(null)
spawn_npc: npc=2854 element=59772 tile=90,84 level=0 size=1 recolors=1 retextures=0
Failed to load dat2 idk 307
Dat2SpriteLoadByName: archive 'mapfunction' not found in sprites table
Dat2SpriteLoadByName: archive 'hitmark' not found in sprites table
CS2VM2: call depth 128 exhausted calling script 904 from script 904 (raise CS2VM_MAX_FRAMES)
Task_CS2Run: script 904 failed at opcode 40 pc 2 (invoked as script 903 for component 0xa10000)
  script 904: int_args=2 str_args=0 int_locals=2 str_locals=0 ops=4
  pc=0 op=33 PUSH_INT_LOCAL operand=0 str=(null)
  pc=1 op=33 PUSH_INT_LOCAL operand=1 str=(null)
  pc=2 op=40 GOSUB_WITH_PARAMS operand=904 str=(null)
  pc=3 op=21 RETURN operand=0 str=(null)
sim_hotkey: 'f1' -> osrs_key=1 at frame 3220
CS2VM2: call depth 128 exhausted calling script 904 from script 904 (raise CS2VM_MAX_FRAMES)
Task_CS2Run: script 904 failed at opcode 40 pc 2 (invoked as script 903 for component 0xa10000)
  script 904: int_args=2 str_args=0 int_locals=2 str_locals=0 ops=4
  pc=0 op=33 PUSH_INT_LOCAL operand=0 str=(null)
  pc=1 op=33 PUSH_INT_LOCAL operand=1 str=(null)
  pc=2 op=40 GOSUB_WITH_PARAMS operand=904 str=(null)
  pc=3 op=21 RETURN operand=0 str=(null)
CS2VM2: call depth 128 exhausted calling script 904 from script 904 (raise CS2VM_MAX_FRAMES)
Task_CS2Run: script 904 failed at opcode 40 pc 2 (invoked as script 903 for component 0xa10000)
  script 904: int_args=2 str_args=0 int_locals=2 str_locals=0 ops=4
  pc=0 op=33 PUSH_INT_LOCAL operand=0 str=(null)
  pc=1 op=33 PUSH_INT_LOCAL operand=1 str=(null)
  pc=2 op=40 GOSUB_WITH_PARAMS operand=904 str=(null)
  pc=3 op=21 RETURN operand=0 str=(null)
sim_hotkey: 'f2' -> osrs_key=2 at frame 3240
sim_hotkey: 'f3' -> osrs_key=3 at frame 3260
sim_hotkey: 'f4' -> osrs_key=4 at frame 3280
sim_hotkey: 'f5' -> osrs_key=5 at frame 3300
sim_hotkey: 'f6' -> osrs_key=6 at frame 3320
sim_hotkey: 'f7' -> osrs_key=7 at frame 3340
sim_hotkey: 'f8' -> osrs_key=8 at frame 3360
sim_hotkey: 'f9' -> osrs_key=9 at frame 3380
torirs_iface_stats: tick=1000 groups=33
  group=161 opens=1 closes=0 bakes=1 reuse=0 live=106 hidden=14 hooks=22 hook_bytes=224400
  group=162 opens=1 closes=0 bakes=1 reuse=0 live=3222 hidden=2472 hooks=18 hook_bytes=183600
  group=651 opens=1 closes=0 bakes=1 reuse=0 live=7 hidden=0 hooks=0 hook_bytes=0
  group=708 opens=1 closes=0 bakes=1 reuse=0 live=13 hidden=1 hooks=4 hook_bytes=40800
  group=163 opens=1 closes=0 bakes=0 reuse=1 live=26 hidden=25 hooks=0 hook_bytes=0
  group=303 opens=1 closes=0 bakes=1 reuse=0 live=21 hidden=5 hooks=2 hook_bytes=20400
  group=90 opens=1 closes=0 bakes=1 reuse=0 live=60 hidden=13 hooks=13 hook_bytes=132600
  group=160 opens=1 closes=0 bakes=1 reuse=0 live=58 hidden=12 hooks=11 hook_bytes=112200
  group=122 opens=1 closes=0 bakes=1 reuse=0 live=33 hidden=15 hooks=9 hook_bytes=91800
  group=728 opens=1 closes=0 bakes=0 reuse=1 live=50 hidden=2 hooks=4 hook_bytes=40800
  group=896 opens=1 closes=0 bakes=0 reuse=1 live=903 hidden=902 hooks=0 hook_bytes=0
  group=593 opens=1 closes=0 bakes=1 reuse=0 live=117 hidden=7 hooks=6 hook_bytes=61200
  group=320 opens=1 closes=0 bakes=1 reuse=0 live=202 hidden=24 hooks=49 hook_bytes=499800
  group=629 opens=1 closes=0 bakes=1 reuse=0 live=46 hidden=5 hooks=3 hook_bytes=30600
  group=712 opens=1 closes=0 bakes=1 reuse=0 live=113 hidden=0 hooks=5 hook_bytes=51000
  group=149 opens=1 closes=0 bakes=0 reuse=1 live=29 hidden=0 hooks=28 hook_bytes=285600
  group=387 opens=1 closes=0 bakes=1 reuse=0 live=96 hidden=12 hooks=13 hook_bytes=132600
  group=541 opens=1 closes=0 bakes=1 reuse=0 live=124 hidden=33 hooks=30 hook_bytes=306000
  group=218 opens=1 closes=0 bakes=1 reuse=0 live=232 hidden=132 hooks=195 hook_bytes=1989000
  group=707 opens=1 closes=0 bakes=1 reuse=0 live=39 hidden=0 hooks=5 hook_bytes=51000
  group=109 opens=1 closes=0 bakes=1 reuse=0 live=96 hidden=13 hooks=10 hook_bytes=102000
  group=429 opens=1 closes=0 bakes=1 reuse=0 live=35 hidden=0 hooks=8 hook_bytes=81600
  group=182 opens=1 closes=0 bakes=1 reuse=0 live=94 hidden=3 hooks=10 hook_bytes=102000
  group=116 opens=1 closes=0 bakes=1 reuse=0 live=222 hidden=12 hooks=65 hook_bytes=663000
  group=216 opens=1 closes=0 bakes=1 reuse=0 live=124 hidden=0 hooks=61 hook_bytes=622200
  group=239 opens=1 closes=0 bakes=1 reuse=0 live=934 hidden=597 hooks=267 hook_bytes=2723400
  group=12 opens=4 closes=4 bakes=1 reuse=3 live=1781 hidden=73 hooks=1505 hook_bytes=15351000
  group=15 opens=4 closes=4 bakes=1 reuse=3 live=650 hidden=49 hooks=366 hook_bytes=3733200
  group=84 opens=4 closes=4 bakes=1 reuse=3 live=123 hidden=14 hooks=25 hook_bytes=255000
  group=729 opens=3 closes=3 bakes=0 reuse=3 live=36 hidden=1 hooks=6 hook_bytes=61200
  group=650 opens=3 closes=3 bakes=1 reuse=2 live=110 hidden=3 hooks=15 hook_bytes=153000
  group=894 opens=3 closes=2 bakes=1 reuse=2 live=413 hidden=4 hooks=117 hook_bytes=1193400
  group=32766 opens=0 closes=0 bakes=0 reuse=0 live=4 hidden=0 hooks=0 hook_bytes=0
torirs_stats: tick=1000 components=10119 live=10119 hidden=4443 freed=0 free_head=-1 inv_hooks=19 var_hooks=163 timers=28 timers_hidden=7 iface_parents=26
Dat2SpriteLoadByName: archive 'mapfunction' not found in sprites table
Dat2SpriteLoadByName: archive 'hitmark' not found in sprites table
CS2VM2: call depth 128 exhausted calling script 904 from script 904 (raise CS2VM_MAX_FRAMES)
Task_CS2Run: script 904 failed at opcode 40 pc 2 (invoked as script 903 for component 0xa10000)
  script 904: int_args=2 str_args=0 int_locals=2 str_locals=0 ops=4
  pc=0 op=33 PUSH_INT_LOCAL operand=0 str=(null)
  pc=1 op=33 PUSH_INT_LOCAL operand=1 str=(null)
  pc=2 op=40 GOSUB_WITH_PARAMS operand=904 str=(null)
  pc=3 op=21 RETURN operand=0 str=(null)
sim_hotkey: 'f10' -> osrs_key=10 at frame 3400
sim_hotkey: 'f11' -> osrs_key=11 at frame 3420
sim_hotkey: 'f12' -> osrs_key=12 at frame 3440
sim_hotkey: 'escape' -> osrs_key=13 at frame 3460
sim_hotkey: 'escape' -> osrs_key=13 at frame 3480
sim_hotkey: 'f1' -> osrs_key=1 at frame 3500
torirs_perf: window=6 frame_p95=5.42ms
sim_hotkey: 'f2' -> osrs_key=2 at frame 3520
sim_hotkey: 'f3' -> osrs_key=3 at frame 3540
sim_hotkey: 'f4' -> osrs_key=4 at frame 3560
Dat2SpriteLoadByName: archive 'mapfunction' not found in sprites table
Dat2SpriteLoadByName: archive 'hitmark' not found in sprites table
Task_CS2Run: script 7188 failed at opcode 34 pc 14 (invoked as script 7128 for component 0x28a0000)
  script 7188: int_args=0 str_args=0 int_locals=1 str_locals=1 ops=31
  pc=0 op=0 PUSH_CONSTANT_INT operand=-1 str=(null)
  pc=1 op=34 POP_INT_LOCAL operand=0 str=(null)
  pc=2 op=3 PUSH_CONSTANT_STRING operand=0 str=
  pc=3 op=36 POP_STRING_LOCAL operand=0 str=(null)
  pc=4 op=25 PUSH_VARBIT operand=14881 str=(null)
  pc=5 op=60 SWITCH operand=0 str=(null)
  pc=6 op=3 PUSH_CONSTANT_STRING operand=0 str=graphic_4911
  pc=7 op=3 PUSH_CONSTANT_STRING operand=0 str=Grand Exchange value
  pc=8 op=36 POP_STRING_LOCAL operand=0 str=(null)
  pc=9 op=34 POP_INT_LOCAL operand=0 str=(null)
  pc=10 op=6 BRANCH operand=10 str=(null)
  pc=11 op=3 PUSH_CONSTANT_STRING operand=0 str=graphic_4912
  pc=12 op=3 PUSH_CONSTANT_STRING operand=0 str=High Alchemy value
  pc=13 op=36 POP_STRING_LOCAL operand=0 str=(null)
  pc=14 op=34 POP_INT_LOCAL operand=0 str=(null)
  pc=15 op=6 BRANCH operand=5 str=(null)
  pc=16 op=3 PUSH_CONSTANT_STRING operand=0 str=graphic_4911
CS2VM2: call depth 128 exhausted calling script 904 from script 904 (raise CS2VM_MAX_FRAMES)
Task_CS2Run: script 904 failed at opcode 40 pc 2 (invoked as script 903 for component 0xa10000)
  script 904: int_args=2 str_args=0 int_locals=2 str_locals=0 ops=4
  pc=0 op=33 PUSH_INT_LOCAL operand=0 str=(null)
  pc=1 op=33 PUSH_INT_LOCAL operand=1 str=(null)
  pc=2 op=40 GOSUB_WITH_PARAMS operand=904 str=(null)
  pc=3 op=21 RETURN operand=0 str=(null)
sim_hotkey: 'f5' -> osrs_key=5 at frame 3580
sim_hotkey: 'f6' -> osrs_key=6 at frame 3600
sim_hotkey: 'f7' -> osrs_key=7 at frame 3620
sim_hotkey: 'f8' -> osrs_key=8 at frame 3640
sim_hotkey: 'f9' -> osrs_key=9 at frame 3660
sim_hotkey: 'f10' -> osrs_key=10 at frame 3680
sim_hotkey: 'f11' -> osrs_key=11 at frame 3700
sim_hotkey: 'f12' -> osrs_key=12 at frame 3720
sim_hotkey: 'escape' -> osrs_key=13 at frame 3740
sim_hotkey: 'escape' -> osrs_key=13 at frame 3760
Dat2SpriteLoadByName: archive 'mapfunction' not found in sprites table
Dat2SpriteLoadByName: archive 'hitmark' not found in sprites table
CS2VM2: call depth 128 exhausted calling script 904 from script 904 (raise CS2VM_MAX_FRAMES)
Task_CS2Run: script 904 failed at opcode 40 pc 2 (invoked as script 903 for component 0xa10000)
  script 904: int_args=2 str_args=0 int_locals=2 str_locals=0 ops=4
  pc=0 op=33 PUSH_INT_LOCAL operand=0 str=(null)
  pc=1 op=33 PUSH_INT_LOCAL operand=1 str=(null)
  pc=2 op=40 GOSUB_WITH_PARAMS operand=904 str=(null)
  pc=3 op=21 RETURN operand=0 str=(null)
sim_hotkey: 'f1' -> osrs_key=1 at frame 3780
sim_hotkey: 'f2' -> osrs_key=2 at frame 3800
sim_hotkey: 'f3' -> osrs_key=3 at frame 3820
sim_hotkey: 'f4' -> osrs_key=4 at frame 3840
sim_hotkey: 'f5' -> osrs_key=5 at frame 3860
sim_hotkey: 'f6' -> osrs_key=6 at frame 3880
sim_hotkey: 'f7' -> osrs_key=7 at frame 3900
sim_hotkey: 'f8' -> osrs_key=8 at frame 3920
sim_hotkey: 'f9' -> osrs_key=9 at frame 3940
sim_hotkey: 'f10' -> osrs_key=10 at frame 3960
sim_hotkey: 'f11' -> osrs_key=11 at frame 3980
sim_hotkey: 'f12' -> osrs_key=12 at frame 4000
torirs_perf: window=7 frame_p95=4.76ms
sim_hotkey: 'escape' -> osrs_key=13 at frame 4020
sim_hotkey: 'escape' -> osrs_key=13 at frame 4040
sim_hotkey: 'f1' -> osrs_key=1 at frame 4060
sim_hotkey: 'f2' -> osrs_key=2 at frame 4080
sim_hotkey: 'f3' -> osrs_key=3 at frame 4100
Failed to load dat2 idk 307
Dat2SpriteLoadByName: archive 'mapfunction' not found in sprites table
Dat2SpriteLoadByName: archive 'hitmark' not found in sprites table
CS2VM2: call depth 128 exhausted calling script 904 from script 904 (raise CS2VM_MAX_FRAMES)
Task_CS2Run: script 904 failed at opcode 40 pc 2 (invoked as script 903 for component 0xa10000)
  script 904: int_args=2 str_args=0 int_locals=2 str_locals=0 ops=4
  pc=0 op=33 PUSH_INT_LOCAL operand=0 str=(null)
  pc=1 op=33 PUSH_INT_LOCAL operand=1 str=(null)
  pc=2 op=40 GOSUB_WITH_PARAMS operand=904 str=(null)
  pc=3 op=21 RETURN operand=0 str=(null)
Dat2SpriteLoadByName: archive 'mapfunction' not found in sprites table
Dat2SpriteLoadByName: archive 'hitmark' not found in sprites table
CS2VM2: call depth 128 exhausted calling script 904 from script 904 (raise CS2VM_MAX_FRAMES)
Task_CS2Run: script 904 failed at opcode 40 pc 2 (invoked as script 903 for component 0xa10000)
  script 904: int_args=2 str_args=0 int_locals=2 str_locals=0 ops=4
  pc=0 op=33 PUSH_INT_LOCAL operand=0 str=(null)
  pc=1 op=33 PUSH_INT_LOCAL operand=1 str=(null)
  pc=2 op=40 GOSUB_WITH_PARAMS operand=904 str=(null)
  pc=3 op=21 RETURN operand=0 str=(null)
sim_hotkey: 'f4' -> osrs_key=4 at frame 4120
sim_hotkey: 'f5' -> osrs_key=5 at frame 4140
sim_hotkey: 'f6' -> osrs_key=6 at frame 4160
spawn_npc: npc=3111 element=59772 tile=90,84 level=0 size=1 recolors=3 retextures=0
sim_hotkey: 'f7' -> osrs_key=7 at frame 4180
sim_hotkey: 'f8' -> osrs_key=8 at frame 4200
sim_hotkey: 'f9' -> osrs_key=9 at frame 4220
sim_hotkey: 'f10' -> osrs_key=10 at frame 4240
torirs_iface_stats: tick=1250 groups=33
  group=161 opens=1 closes=0 bakes=1 reuse=0 live=106 hidden=18 hooks=22 hook_bytes=224400
  group=162 opens=1 closes=0 bakes=1 reuse=0 live=3222 hidden=2459 hooks=18 hook_bytes=183600
  group=651 opens=1 closes=0 bakes=1 reuse=0 live=7 hidden=0 hooks=0 hook_bytes=0
  group=708 opens=1 closes=0 bakes=1 reuse=0 live=13 hidden=1 hooks=4 hook_bytes=40800
  group=163 opens=1 closes=0 bakes=0 reuse=1 live=26 hidden=25 hooks=0 hook_bytes=0
  group=303 opens=1 closes=0 bakes=1 reuse=0 live=21 hidden=5 hooks=2 hook_bytes=20400
  group=90 opens=1 closes=0 bakes=1 reuse=0 live=60 hidden=13 hooks=13 hook_bytes=132600
  group=160 opens=1 closes=0 bakes=1 reuse=0 live=58 hidden=12 hooks=11 hook_bytes=112200
  group=122 opens=1 closes=0 bakes=1 reuse=0 live=33 hidden=15 hooks=9 hook_bytes=91800
  group=728 opens=1 closes=0 bakes=0 reuse=1 live=50 hidden=2 hooks=4 hook_bytes=40800
  group=896 opens=1 closes=0 bakes=0 reuse=1 live=903 hidden=902 hooks=0 hook_bytes=0
  group=593 opens=1 closes=0 bakes=1 reuse=0 live=117 hidden=7 hooks=6 hook_bytes=61200
  group=320 opens=1 closes=0 bakes=1 reuse=0 live=202 hidden=24 hooks=49 hook_bytes=499800
  group=629 opens=1 closes=0 bakes=1 reuse=0 live=46 hidden=5 hooks=3 hook_bytes=30600
  group=712 opens=1 closes=0 bakes=1 reuse=0 live=113 hidden=0 hooks=5 hook_bytes=51000
  group=149 opens=1 closes=0 bakes=0 reuse=1 live=29 hidden=0 hooks=28 hook_bytes=285600
  group=387 opens=1 closes=0 bakes=1 reuse=0 live=96 hidden=12 hooks=13 hook_bytes=132600
  group=541 opens=1 closes=0 bakes=1 reuse=0 live=124 hidden=33 hooks=30 hook_bytes=306000
  group=218 opens=1 closes=0 bakes=1 reuse=0 live=232 hidden=132 hooks=195 hook_bytes=1989000
  group=707 opens=1 closes=0 bakes=1 reuse=0 live=39 hidden=0 hooks=5 hook_bytes=51000
  group=109 opens=1 closes=0 bakes=1 reuse=0 live=96 hidden=13 hooks=10 hook_bytes=102000
  group=429 opens=1 closes=0 bakes=1 reuse=0 live=35 hidden=0 hooks=8 hook_bytes=81600
  group=182 opens=1 closes=0 bakes=1 reuse=0 live=94 hidden=3 hooks=10 hook_bytes=102000
  group=116 opens=1 closes=0 bakes=1 reuse=0 live=222 hidden=12 hooks=65 hook_bytes=663000
  group=216 opens=1 closes=0 bakes=1 reuse=0 live=124 hidden=0 hooks=61 hook_bytes=622200
  group=239 opens=1 closes=0 bakes=1 reuse=0 live=934 hidden=597 hooks=267 hook_bytes=2723400
  group=12 opens=5 closes=4 bakes=1 reuse=4 live=1781 hidden=72 hooks=1505 hook_bytes=15351000
  group=15 opens=5 closes=4 bakes=1 reuse=4 live=650 hidden=48 hooks=366 hook_bytes=3733200
  group=84 opens=4 closes=4 bakes=1 reuse=3 live=123 hidden=14 hooks=25 hook_bytes=255000
  group=729 opens=4 closes=4 bakes=0 reuse=4 live=36 hidden=1 hooks=6 hook_bytes=61200
  group=650 opens=4 closes=4 bakes=1 reuse=3 live=110 hidden=3 hooks=15 hook_bytes=153000
  group=894 opens=4 closes=3 bakes=1 reuse=3 live=413 hidden=4 hooks=117 hook_bytes=1193400
  group=32766 opens=0 closes=0 bakes=0 reuse=0 live=4 hidden=0 hooks=0 hook_bytes=0
torirs_stats: tick=1250 components=10119 live=10119 hidden=4432 freed=0 free_head=-1 inv_hooks=49 var_hooks=218 timers=30 timers_hidden=7 iface_parents=28
Failed to load dat2 idk 307
Dat2SpriteLoadByName: archive 'mapfunction' not found in sprites table
Dat2SpriteLoadByName: archive 'hitmark' not found in sprites table
CS2VM2: call depth 128 exhausted calling script 904 from script 904 (raise CS2VM_MAX_FRAMES)
Task_CS2Run: script 904 failed at opcode 40 pc 2 (invoked as script 903 for component 0xa10000)
  script 904: int_args=2 str_args=0 int_locals=2 str_locals=0 ops=4
  pc=0 op=33 PUSH_INT_LOCAL operand=0 str=(null)
  pc=1 op=33 PUSH_INT_LOCAL operand=1 str=(null)
  pc=2 op=40 GOSUB_WITH_PARAMS operand=904 str=(null)
  pc=3 op=21 RETURN operand=0 str=(null)
sim_hotkey: 'f11' -> osrs_key=11 at frame 4260
sim_hotkey: 'f12' -> osrs_key=12 at frame 4280
sim_hotkey: 'escape' -> osrs_key=13 at frame 4300
sim_hotkey: 'escape' -> osrs_key=13 at frame 4320
CS2VM2: call depth 128 exhausted calling script 904 from script 904 (raise CS2VM_MAX_FRAMES)
Task_CS2Run: script 904 failed at opcode 40 pc 2 (invoked as script 903 for component 0xa10000)
  script 904: int_args=2 str_args=0 int_locals=2 str_locals=0 ops=4
  pc=0 op=33 PUSH_INT_LOCAL operand=0 str=(null)
  pc=1 op=33 PUSH_INT_LOCAL operand=1 str=(null)
  pc=2 op=40 GOSUB_WITH_PARAMS operand=904 str=(null)
  pc=3 op=21 RETURN operand=0 str=(null)
CS2VM2: call depth 128 exhausted calling script 904 from script 904 (raise CS2VM_MAX_FRAMES)
Task_CS2Run: script 904 failed at opcode 40 pc 2 (invoked as script 903 for component 0xa10000)
  script 904: int_args=2 str_args=0 int_locals=2 str_locals=0 ops=4
  pc=0 op=33 PUSH_INT_LOCAL operand=0 str=(null)
  pc=1 op=33 PUSH_INT_LOCAL operand=1 str=(null)
  pc=2 op=40 GOSUB_WITH_PARAMS operand=904 str=(null)
  pc=3 op=21 RETURN operand=0 str=(null)
CS2VM2: call depth 128 exhausted calling script 904 from script 904 (raise CS2VM_MAX_FRAMES)
Task_CS2Run: script 904 failed at opcode 40 pc 2 (invoked as script 903 for component 0xa10000)
  script 904: int_args=2 str_args=0 int_locals=2 str_locals=0 ops=4
  pc=0 op=33 PUSH_INT_LOCAL operand=0 str=(null)
  pc=1 op=33 PUSH_INT_LOCAL operand=1 str=(null)
  pc=2 op=40 GOSUB_WITH_PARAMS operand=904 str=(null)
  pc=3 op=21 RETURN operand=0 str=(null)
CS2VM2: call depth 128 exhausted calling script 904 from script 904 (raise CS2VM_MAX_FRAMES)
Task_CS2Run: script 904 failed at opcode 40 pc 2 (invoked as script 903 for component 0xa10000)
  script 904: int_args=2 str_args=0 int_locals=2 str_locals=0 ops=4
  pc=0 op=33 PUSH_INT_LOCAL operand=0 str=(null)
  pc=1 op=33 PUSH_INT_LOCAL operand=1 str=(null)
  pc=2 op=40 GOSUB_WITH_PARAMS operand=904 str=(null)
  pc=3 op=21 RETURN operand=0 str=(null)
sim_hotkey: 'f1' -> osrs_key=1 at frame 4340
sim_hotkey: 'f2' -> osrs_key=2 at frame 4360
sim_hotkey: 'f3' -> osrs_key=3 at frame 4380
sim_hotkey: 'f4' -> osrs_key=4 at frame 4400
sim_hotkey: 'f5' -> osrs_key=5 at frame 4420
Dat2SpriteLoadByName: archive 'mapfunction' not found in sprites table
Dat2SpriteLoadByName: archive 'hitmark' not found in sprites table
CS2VM2: call depth 128 exhausted calling script 904 from script 904 (raise CS2VM_MAX_FRAMES)
Task_CS2Run: script 904 failed at opcode 40 pc 2 (invoked as script 903 for component 0xa10000)
  script 904: int_args=2 str_args=0 int_locals=2 str_locals=0 ops=4
  pc=0 op=33 PUSH_INT_LOCAL operand=0 str=(null)
  pc=1 op=33 PUSH_INT_LOCAL operand=1 str=(null)
  pc=2 op=40 GOSUB_WITH_PARAMS operand=904 str=(null)
  pc=3 op=21 RETURN operand=0 str=(null)
sim_hotkey: 'f6' -> osrs_key=6 at frame 4440
sim_hotkey: 'f7' -> osrs_key=7 at frame 4460
sim_hotkey: 'f8' -> osrs_key=8 at frame 4480
sim_hotkey: 'f9' -> osrs_key=9 at frame 4500
torirs_perf: window=8 frame_p95=5.72ms
sim_hotkey: 'f10' -> osrs_key=10 at frame 4520
sim_hotkey: 'f11' -> osrs_key=11 at frame 4540
sim_hotkey: 'f12' -> osrs_key=12 at frame 4560
sim_hotkey: 'escape' -> osrs_key=13 at frame 4580
sim_hotkey: 'escape' -> osrs_key=13 at frame 4600
Dat2SpriteLoadByName: archive 'mapfunction' not found in sprites table
Dat2SpriteLoadByName: archive 'hitmark' not found in sprites table
Task_CS2Run: script 7188 failed at opcode 34 pc 14 (invoked as script 7128 for component 0x28a0000)
  script 7188: int_args=0 str_args=0 int_locals=1 str_locals=1 ops=31
  pc=0 op=0 PUSH_CONSTANT_INT operand=-1 str=(null)
  pc=1 op=34 POP_INT_LOCAL operand=0 str=(null)
  pc=2 op=3 PUSH_CONSTANT_STRING operand=0 str=
  pc=3 op=36 POP_STRING_LOCAL operand=0 str=(null)
  pc=4 op=25 PUSH_VARBIT operand=14881 str=(null)
  pc=5 op=60 SWITCH operand=0 str=(null)
  pc=6 op=3 PUSH_CONSTANT_STRING operand=0 str=graphic_4911
  pc=7 op=3 PUSH_CONSTANT_STRING operand=0 str=Grand Exchange value
  pc=8 op=36 POP_STRING_LOCAL operand=0 str=(null)
  pc=9 op=34 POP_INT_LOCAL operand=0 str=(null)
  pc=10 op=6 BRANCH operand=10 str=(null)
  pc=11 op=3 PUSH_CONSTANT_STRING operand=0 str=graphic_4912
  pc=12 op=3 PUSH_CONSTANT_STRING operand=0 str=High Alchemy value
  pc=13 op=36 POP_STRING_LOCAL operand=0 str=(null)
  pc=14 op=34 POP_INT_LOCAL operand=0 str=(null)
  pc=15 op=6 BRANCH operand=5 str=(null)
  pc=16 op=3 PUSH_CONSTANT_STRING operand=0 str=graphic_4911
CS2VM2: call depth 128 exhausted calling script 904 from script 904 (raise CS2VM_MAX_FRAMES)
Task_CS2Run: script 904 failed at opcode 40 pc 2 (invoked as script 903 for component 0xa10000)
  script 904: int_args=2 str_args=0 int_locals=2 str_locals=0 ops=4
  pc=0 op=33 PUSH_INT_LOCAL operand=0 str=(null)
  pc=1 op=33 PUSH_INT_LOCAL operand=1 str=(null)
  pc=2 op=40 GOSUB_WITH_PARAMS operand=904 str=(null)
  pc=3 op=21 RETURN operand=0 str=(null)
sim_hotkey: 'f1' -> osrs_key=1 at frame 4620
sim_hotkey: 'f2' -> osrs_key=2 at frame 4640
sim_hotkey: 'f3' -> osrs_key=3 at frame 4660
spawn_npc: npc=3111 element=59772 tile=90,84 level=0 size=1 recolors=3 retextures=0
sim_hotkey: 'f4' -> osrs_key=4 at frame 4680
sim_hotkey: 'f5' -> osrs_key=5 at frame 4700
sim_hotkey: 'f6' -> osrs_key=6 at frame 4720
sim_hotkey: 'f7' -> osrs_key=7 at frame 4740
Dat2SpriteLoadByName: archive 'mapfunction' not found in sprites table
Dat2SpriteLoadByName: archive 'hitmark' not found in sprites table
CS2VM2: call depth 128 exhausted calling script 904 from script 904 (raise CS2VM_MAX_FRAMES)
Task_CS2Run: script 904 failed at opcode 40 pc 2 (invoked as script 903 for component 0xa10000)
  script 904: int_args=2 str_args=0 int_locals=2 str_locals=0 ops=4
  pc=0 op=33 PUSH_INT_LOCAL operand=0 str=(null)
  pc=1 op=33 PUSH_INT_LOCAL operand=1 str=(null)
  pc=2 op=40 GOSUB_WITH_PARAMS operand=904 str=(null)
  pc=3 op=21 RETURN operand=0 str=(null)
sim_hotkey: 'f8' -> osrs_key=8 at frame 4760
sim_hotkey: 'f9' -> osrs_key=9 at frame 4780
sim_hotkey: 'f10' -> osrs_key=10 at frame 4800
sim_hotkey: 'f11' -> osrs_key=11 at frame 4820
sim_hotkey: 'f12' -> osrs_key=12 at frame 4840
sim_hotkey: 'escape' -> osrs_key=13 at frame 4860
sim_hotkey: 'escape' -> osrs_key=13 at frame 4880
sim_hotkey: 'f1' -> osrs_key=1 at frame 4900
sim_hotkey: 'f2' -> osrs_key=2 at frame 4920
sim_hotkey: 'f3' -> osrs_key=3 at frame 4940
sim_hotkey: 'f4' -> osrs_key=4 at frame 4960
sim_hotkey: 'f5' -> osrs_key=5 at frame 4980
sim_hotkey: 'f6' -> osrs_key=6 at frame 5000
torirs_perf: window=9 frame_p95=8.01ms
sim_hotkey: 'f7' -> osrs_key=7 at frame 5020
sim_hotkey: 'f8' -> osrs_key=8 at frame 5040
sim_hotkey: 'f9' -> osrs_key=9 at frame 5060
torirs_iface_stats: tick=1500 groups=33
  group=161 opens=1 closes=0 bakes=1 reuse=0 live=106 hidden=14 hooks=22 hook_bytes=224400
  group=162 opens=1 closes=0 bakes=1 reuse=0 live=3222 hidden=2446 hooks=18 hook_bytes=183600
  group=651 opens=1 closes=0 bakes=1 reuse=0 live=7 hidden=0 hooks=0 hook_bytes=0
  group=708 opens=1 closes=0 bakes=1 reuse=0 live=13 hidden=1 hooks=4 hook_bytes=40800
  group=163 opens=1 closes=0 bakes=0 reuse=1 live=26 hidden=25 hooks=0 hook_bytes=0
  group=303 opens=1 closes=0 bakes=1 reuse=0 live=21 hidden=5 hooks=2 hook_bytes=20400
  group=90 opens=1 closes=0 bakes=1 reuse=0 live=60 hidden=13 hooks=13 hook_bytes=132600
  group=160 opens=1 closes=0 bakes=1 reuse=0 live=58 hidden=12 hooks=11 hook_bytes=112200
  group=122 opens=1 closes=0 bakes=1 reuse=0 live=33 hidden=15 hooks=9 hook_bytes=91800
  group=728 opens=1 closes=0 bakes=0 reuse=1 live=50 hidden=2 hooks=4 hook_bytes=40800
  group=896 opens=1 closes=0 bakes=0 reuse=1 live=903 hidden=902 hooks=0 hook_bytes=0
  group=593 opens=1 closes=0 bakes=1 reuse=0 live=117 hidden=7 hooks=6 hook_bytes=61200
  group=320 opens=1 closes=0 bakes=1 reuse=0 live=202 hidden=24 hooks=49 hook_bytes=499800
  group=629 opens=1 closes=0 bakes=1 reuse=0 live=46 hidden=5 hooks=3 hook_bytes=30600
  group=712 opens=1 closes=0 bakes=1 reuse=0 live=113 hidden=0 hooks=5 hook_bytes=51000
  group=149 opens=1 closes=0 bakes=0 reuse=1 live=29 hidden=0 hooks=28 hook_bytes=285600
  group=387 opens=1 closes=0 bakes=1 reuse=0 live=96 hidden=12 hooks=13 hook_bytes=132600
  group=541 opens=1 closes=0 bakes=1 reuse=0 live=124 hidden=33 hooks=30 hook_bytes=306000
  group=218 opens=1 closes=0 bakes=1 reuse=0 live=232 hidden=132 hooks=195 hook_bytes=1989000
  group=707 opens=1 closes=0 bakes=1 reuse=0 live=39 hidden=0 hooks=5 hook_bytes=51000
  group=109 opens=1 closes=0 bakes=1 reuse=0 live=96 hidden=13 hooks=10 hook_bytes=102000
  group=429 opens=1 closes=0 bakes=1 reuse=0 live=35 hidden=0 hooks=8 hook_bytes=81600
  group=182 opens=1 closes=0 bakes=1 reuse=0 live=94 hidden=3 hooks=10 hook_bytes=102000
  group=116 opens=1 closes=0 bakes=1 reuse=0 live=222 hidden=12 hooks=65 hook_bytes=663000
  group=216 opens=1 closes=0 bakes=1 reuse=0 live=124 hidden=0 hooks=61 hook_bytes=622200
  group=239 opens=1 closes=0 bakes=1 reuse=0 live=934 hidden=597 hooks=267 hook_bytes=2723400
  group=12 opens=5 closes=5 bakes=1 reuse=4 live=1781 hidden=73 hooks=1505 hook_bytes=15351000
  group=15 opens=5 closes=5 bakes=1 reuse=4 live=650 hidden=49 hooks=366 hook_bytes=3733200
  group=84 opens=5 closes=5 bakes=1 reuse=4 live=123 hidden=14 hooks=25 hook_bytes=255000
  group=729 opens=5 closes=5 bakes=0 reuse=5 live=36 hidden=1 hooks=6 hook_bytes=61200
  group=650 opens=5 closes=5 bakes=1 reuse=4 live=110 hidden=3 hooks=15 hook_bytes=153000
  group=894 opens=5 closes=4 bakes=1 reuse=4 live=413 hidden=4 hooks=117 hook_bytes=1193400
  group=32766 opens=0 closes=0 bakes=0 reuse=0 live=4 hidden=0 hooks=0 hook_bytes=0
torirs_stats: tick=1500 components=10119 live=10119 hidden=4417 freed=0 free_head=-1 inv_hooks=19 var_hooks=163 timers=28 timers_hidden=7 iface_parents=26
Failed to load dat2 idk 307
Dat2SpriteLoadByName: archive 'mapfunction' not found in sprites table
Dat2SpriteLoadByName: archive 'hitmark' not found in sprites table
CS2VM2: call depth 128 exhausted calling script 904 from script 904 (raise CS2VM_MAX_FRAMES)
Task_CS2Run: script 904 failed at opcode 40 pc 2 (invoked as script 903 for component 0xa10000)
  script 904: int_args=2 str_args=0 int_locals=2 str_locals=0 ops=4
  pc=0 op=33 PUSH_INT_LOCAL operand=0 str=(null)
  pc=1 op=33 PUSH_INT_LOCAL operand=1 str=(null)
  pc=2 op=40 GOSUB_WITH_PARAMS operand=904 str=(null)
  pc=3 op=21 RETURN operand=0 str=(null)
Dat2SpriteLoadByName: archive 'mapfunction' not found in sprites table
Dat2SpriteLoadByName: archive 'hitmark' not found in sprites table
CS2VM2: call depth 128 exhausted calling script 904 from script 904 (raise CS2VM_MAX_FRAMES)
Task_CS2Run: script 904 failed at opcode 40 pc 2 (invoked as script 903 for component 0xa10000)
  script 904: int_args=2 str_args=0 int_locals=2 str_locals=0 ops=4
  pc=0 op=33 PUSH_INT_LOCAL operand=0 str=(null)
  pc=1 op=33 PUSH_INT_LOCAL operand=1 str=(null)
  pc=2 op=40 GOSUB_WITH_PARAMS operand=904 str=(null)
  pc=3 op=21 RETURN operand=0 str=(null)
sim_hotkey: 'f10' -> osrs_key=10 at frame 5080
sim_hotkey: 'f11' -> osrs_key=11 at frame 5100
sim_hotkey: 'f12' -> osrs_key=12 at frame 5120
sim_hotkey: 'escape' -> osrs_key=13 at frame 5140
sim_hotkey: 'escape' -> osrs_key=13 at frame 5160
CS2VM2: call depth 128 exhausted calling script 904 from script 904 (raise CS2VM_MAX_FRAMES)
Task_CS2Run: script 904 failed at opcode 40 pc 2 (invoked as script 903 for component 0xa10000)
  script 904: int_args=2 str_args=0 int_locals=2 str_locals=0 ops=4
  pc=0 op=33 PUSH_INT_LOCAL operand=0 str=(null)
  pc=1 op=33 PUSH_INT_LOCAL operand=1 str=(null)
  pc=2 op=40 GOSUB_WITH_PARAMS operand=904 str=(null)
  pc=3 op=21 RETURN operand=0 str=(null)
CS2VM2: call depth 128 exhausted calling script 904 from script 904 (raise CS2VM_MAX_FRAMES)
Task_CS2Run: script 904 failed at opcode 40 pc 2 (invoked as script 903 for component 0xa10000)
  script 904: int_args=2 str_args=0 int_locals=2 str_locals=0 ops=4
  pc=0 op=33 PUSH_INT_LOCAL operand=0 str=(null)
  pc=1 op=33 PUSH_INT_LOCAL operand=1 str=(null)
  pc=2 op=40 GOSUB_WITH_PARAMS operand=904 str=(null)
  pc=3 op=21 RETURN operand=0 str=(null)
CS2VM2: call depth 128 exhausted calling script 904 from script 904 (raise CS2VM_MAX_FRAMES)
Task_CS2Run: script 904 failed at opcode 40 pc 2 (invoked as script 903 for component 0xa10000)
  script 904: int_args=2 str_args=0 int_locals=2 str_locals=0 ops=4
  pc=0 op=33 PUSH_INT_LOCAL operand=0 str=(null)
  pc=1 op=33 PUSH_INT_LOCAL operand=1 str=(null)
  pc=2 op=40 GOSUB_WITH_PARAMS operand=904 str=(null)
  pc=3 op=21 RETURN operand=0 str=(null)
CS2VM2: call depth 128 exhausted calling script 904 from script 904 (raise CS2VM_MAX_FRAMES)
Task_CS2Run: script 904 failed at opcode 40 pc 2 (invoked as script 903 for component 0xa10000)
  script 904: int_args=2 str_args=0 int_locals=2 str_locals=0 ops=4
  pc=0 op=33 PUSH_INT_LOCAL operand=0 str=(null)
  pc=1 op=33 PUSH_INT_LOCAL operand=1 str=(null)
  pc=2 op=40 GOSUB_WITH_PARAMS operand=904 str=(null)
  pc=3 op=21 RETURN operand=0 str=(null)
sim_hotkey: 'f1' -> osrs_key=1 at frame 5180
sim_hotkey: 'f2' -> osrs_key=2 at frame 5200
sim_hotkey: 'f3' -> osrs_key=3 at frame 5220
Failed to load dat2 idk 307
Dat2SpriteLoadByName: archive 'mapfunction' not found in sprites table
Dat2SpriteLoadByName: archive 'hitmark' not found in sprites table
CS2VM2: call depth 128 exhausted calling script 904 from script 904 (raise CS2VM_MAX_FRAMES)
Task_CS2Run: script 904 failed at opcode 40 pc 2 (invoked as script 903 for component 0xa10000)
  script 904: int_args=2 str_args=0 int_locals=2 str_locals=0 ops=4
  pc=0 op=33 PUSH_INT_LOCAL operand=0 str=(null)
  pc=1 op=33 PUSH_INT_LOCAL operand=1 str=(null)
  pc=2 op=40 GOSUB_WITH_PARAMS operand=904 str=(null)
  pc=3 op=21 RETURN operand=0 str=(null)
sim_hotkey: 'f4' -> osrs_key=4 at frame 5240
sim_hotkey: 'f5' -> osrs_key=5 at frame 5260
sim_hotkey: 'f6' -> osrs_key=6 at frame 5280
sim_hotkey: 'f7' -> osrs_key=7 at frame 5300
sim_hotkey: 'f8' -> osrs_key=8 at frame 5320
sim_hotkey: 'f9' -> osrs_key=9 at frame 5340
sim_hotkey: 'f10' -> osrs_key=10 at frame 5360
sim_hotkey: 'f11' -> osrs_key=11 at frame 5380
Dat2SpriteLoadByName: archive 'mapfunction' not found in sprites table
Dat2SpriteLoadByName: archive 'hitmark' not found in sprites table
CS2VM2: call depth 128 exhausted calling script 904 from script 904 (raise CS2VM_MAX_FRAMES)
Task_CS2Run: script 904 failed at opcode 40 pc 2 (invoked as script 903 for component 0xa10000)
  script 904: int_args=2 str_args=0 int_locals=2 str_locals=0 ops=4
  pc=0 op=33 PUSH_INT_LOCAL operand=0 str=(null)
  pc=1 op=33 PUSH_INT_LOCAL operand=1 str=(null)
  pc=2 op=40 GOSUB_WITH_PARAMS operand=904 str=(null)
  pc=3 op=21 RETURN operand=0 str=(null)
sim_hotkey: 'f12' -> osrs_key=12 at frame 5400
sim_hotkey: 'escape' -> osrs_key=13 at frame 5420
sim_hotkey: 'escape' -> osrs_key=13 at frame 5440
CS2VM2: call depth 128 exhausted calling script 904 from script 904 (raise CS2VM_MAX_FRAMES)
Task_CS2Run: script 904 failed at opcode 40 pc 2 (invoked as script 903 for component 0xa10000)
  script 904: int_args=2 str_args=0 int_locals=2 str_locals=0 ops=4
  pc=0 op=33 PUSH_INT_LOCAL operand=0 str=(null)
  pc=1 op=33 PUSH_INT_LOCAL operand=1 str=(null)
  pc=2 op=40 GOSUB_WITH_PARAMS operand=904 str=(null)
  pc=3 op=21 RETURN operand=0 str=(null)
CS2VM2: call depth 128 exhausted calling script 904 from script 904 (raise CS2VM_MAX_FRAMES)
Task_CS2Run: script 904 failed at opcode 40 pc 2 (invoked as script 903 for component 0xa10000)
  script 904: int_args=2 str_args=0 int_locals=2 str_locals=0 ops=4
  pc=0 op=33 PUSH_INT_LOCAL operand=0 str=(null)
  pc=1 op=33 PUSH_INT_LOCAL operand=1 str=(null)
  pc=2 op=40 GOSUB_WITH_PARAMS operand=904 str=(null)
  pc=3 op=21 RETURN operand=0 str=(null)
sim_hotkey: 'f1' -> osrs_key=1 at frame 5460
sim_hotkey: 'f2' -> osrs_key=2 at frame 5480
sim_hotkey: 'f3' -> osrs_key=3 at frame 5500
torirs_perf: window=10 frame_p95=5.54ms
sim_hotkey: 'f4' -> osrs_key=4 at frame 5520
sim_hotkey: 'f5' -> osrs_key=5 at frame 5540
sim_hotkey: 'f6' -> osrs_key=6 at frame 5560
Dat2SpriteLoadByName: archive 'mapfunction' not found in sprites table
Dat2SpriteLoadByName: archive 'hitmark' not found in sprites table
Task_CS2Run: script 7188 failed at opcode 34 pc 14 (invoked as script 7128 for component 0x28a0000)
  script 7188: int_args=0 str_args=0 int_locals=1 str_locals=1 ops=31
  pc=0 op=0 PUSH_CONSTANT_INT operand=-1 str=(null)
  pc=1 op=34 POP_INT_LOCAL operand=0 str=(null)
  pc=2 op=3 PUSH_CONSTANT_STRING operand=0 str=
  pc=3 op=36 POP_STRING_LOCAL operand=0 str=(null)
  pc=4 op=25 PUSH_VARBIT operand=14881 str=(null)
  pc=5 op=60 SWITCH operand=0 str=(null)
  pc=6 op=3 PUSH_CONSTANT_STRING operand=0 str=graphic_4911
  pc=7 op=3 PUSH_CONSTANT_STRING operand=0 str=Grand Exchange value
  pc=8 op=36 POP_STRING_LOCAL operand=0 str=(null)
  pc=9 op=34 POP_INT_LOCAL operand=0 str=(null)
  pc=10 op=6 BRANCH operand=10 str=(null)
  pc=11 op=3 PUSH_CONSTANT_STRING operand=0 str=graphic_4912
  pc=12 op=3 PUSH_CONSTANT_STRING operand=0 str=High Alchemy value
  pc=13 op=36 POP_STRING_LOCAL operand=0 str=(null)
  pc=14 op=34 POP_INT_LOCAL operand=0 str=(null)
  pc=15 op=6 BRANCH operand=5 str=(null)
  pc=16 op=3 PUSH_CONSTANT_STRING operand=0 str=graphic_4911
CS2VM2: call depth 128 exhausted calling script 904 from script 904 (raise CS2VM_MAX_FRAMES)
Task_CS2Run: script 904 failed at opcode 40 pc 2 (invoked as script 903 for component 0xa10000)
  script 904: int_args=2 str_args=0 int_locals=2 str_locals=0 ops=4
  pc=0 op=33 PUSH_INT_LOCAL operand=0 str=(null)
  pc=1 op=33 PUSH_INT_LOCAL operand=1 str=(null)
  pc=2 op=40 GOSUB_WITH_PARAMS operand=904 str=(null)
  pc=3 op=21 RETURN operand=0 str=(null)
sim_hotkey: 'f7' -> osrs_key=7 at frame 5580
sim_hotkey: 'f8' -> osrs_key=8 at frame 5600
sim_hotkey: 'f9' -> osrs_key=9 at frame 5620
spawn_npc: npc=3105 element=59753 tile=90,84 level=0 size=1 recolors=6 retextures=0
sim_hotkey: 'f10' -> osrs_key=10 at frame 5640
sim_hotkey: 'f11' -> osrs_key=11 at frame 5660
sim_hotkey: 'f12' -> osrs_key=12 at frame 5680
sim_hotkey: 'escape' -> osrs_key=13 at frame 5700
sim_hotkey: 'escape' -> osrs_key=13 at frame 5720
Dat2SpriteLoadByName: archive 'mapfunction' not found in sprites table
Dat2SpriteLoadByName: archive 'hitmark' not found in sprites table
CS2VM2: call depth 128 exhausted calling script 904 from script 904 (raise CS2VM_MAX_FRAMES)
Task_CS2Run: script 904 failed at opcode 40 pc 2 (invoked as script 903 for component 0xa10000)
  script 904: int_args=2 str_args=0 int_locals=2 str_locals=0 ops=4
  pc=0 op=33 PUSH_INT_LOCAL operand=0 str=(null)
  pc=1 op=33 PUSH_INT_LOCAL operand=1 str=(null)
  pc=2 op=40 GOSUB_WITH_PARAMS operand=904 str=(null)
  pc=3 op=21 RETURN operand=0 str=(null)
sim_hotkey: 'f1' -> osrs_key=1 at frame 5740
sim_hotkey: 'f2' -> osrs_key=2 at frame 5760
sim_hotkey: 'f3' -> osrs_key=3 at frame 5780
sim_hotkey: 'f4' -> osrs_key=4 at frame 5800
sim_hotkey: 'f5' -> osrs_key=5 at frame 5820
sim_hotkey: 'f6' -> osrs_key=6 at frame 5840
sim_hotkey: 'f7' -> osrs_key=7 at frame 5860
torirs_iface_stats: tick=1750 groups=33
  group=161 opens=1 closes=0 bakes=1 reuse=0 live=106 hidden=14 hooks=22 hook_bytes=224400
  group=162 opens=1 closes=0 bakes=1 reuse=0 live=3222 hidden=2446 hooks=18 hook_bytes=183600
  group=651 opens=1 closes=0 bakes=1 reuse=0 live=7 hidden=0 hooks=0 hook_bytes=0
  group=708 opens=1 closes=0 bakes=1 reuse=0 live=13 hidden=1 hooks=4 hook_bytes=40800
  group=163 opens=1 closes=0 bakes=0 reuse=1 live=26 hidden=25 hooks=0 hook_bytes=0
  group=303 opens=1 closes=0 bakes=1 reuse=0 live=21 hidden=5 hooks=2 hook_bytes=20400
  group=90 opens=1 closes=0 bakes=1 reuse=0 live=60 hidden=13 hooks=13 hook_bytes=132600
  group=160 opens=1 closes=0 bakes=1 reuse=0 live=58 hidden=12 hooks=11 hook_bytes=112200
  group=122 opens=1 closes=0 bakes=1 reuse=0 live=33 hidden=15 hooks=9 hook_bytes=91800
  group=728 opens=1 closes=0 bakes=0 reuse=1 live=50 hidden=2 hooks=4 hook_bytes=40800
  group=896 opens=1 closes=0 bakes=0 reuse=1 live=903 hidden=902 hooks=0 hook_bytes=0
  group=593 opens=1 closes=0 bakes=1 reuse=0 live=117 hidden=7 hooks=6 hook_bytes=61200
  group=320 opens=1 closes=0 bakes=1 reuse=0 live=202 hidden=24 hooks=49 hook_bytes=499800
  group=629 opens=1 closes=0 bakes=1 reuse=0 live=46 hidden=5 hooks=3 hook_bytes=30600
  group=712 opens=1 closes=0 bakes=1 reuse=0 live=113 hidden=0 hooks=5 hook_bytes=51000
  group=149 opens=1 closes=0 bakes=0 reuse=1 live=29 hidden=0 hooks=28 hook_bytes=285600
  group=387 opens=1 closes=0 bakes=1 reuse=0 live=96 hidden=12 hooks=13 hook_bytes=132600
  group=541 opens=1 closes=0 bakes=1 reuse=0 live=124 hidden=33 hooks=30 hook_bytes=306000
  group=218 opens=1 closes=0 bakes=1 reuse=0 live=232 hidden=132 hooks=195 hook_bytes=1989000
  group=707 opens=1 closes=0 bakes=1 reuse=0 live=39 hidden=0 hooks=5 hook_bytes=51000
  group=109 opens=1 closes=0 bakes=1 reuse=0 live=96 hidden=13 hooks=10 hook_bytes=102000
  group=429 opens=1 closes=0 bakes=1 reuse=0 live=35 hidden=0 hooks=8 hook_bytes=81600
  group=182 opens=1 closes=0 bakes=1 reuse=0 live=94 hidden=3 hooks=10 hook_bytes=102000
  group=116 opens=1 closes=0 bakes=1 reuse=0 live=222 hidden=12 hooks=65 hook_bytes=663000
  group=216 opens=1 closes=0 bakes=1 reuse=0 live=124 hidden=0 hooks=61 hook_bytes=622200
  group=239 opens=1 closes=0 bakes=1 reuse=0 live=934 hidden=597 hooks=267 hook_bytes=2723400
  group=12 opens=6 closes=6 bakes=1 reuse=5 live=1781 hidden=73 hooks=1505 hook_bytes=15351000
  group=15 opens=6 closes=6 bakes=1 reuse=5 live=650 hidden=49 hooks=366 hook_bytes=3733200
  group=84 opens=6 closes=6 bakes=1 reuse=5 live=123 hidden=14 hooks=25 hook_bytes=255000
  group=729 opens=6 closes=6 bakes=0 reuse=6 live=36 hidden=1 hooks=6 hook_bytes=61200
  group=650 opens=6 closes=6 bakes=1 reuse=5 live=110 hidden=3 hooks=15 hook_bytes=153000
  group=894 opens=6 closes=5 bakes=1 reuse=5 live=413 hidden=4 hooks=117 hook_bytes=1193400
  group=32766 opens=0 closes=0 bakes=0 reuse=0 live=4 hidden=0 hooks=0 hook_bytes=0
torirs_stats: tick=1750 components=10119 live=10119 hidden=4417 freed=0 free_head=-1 inv_hooks=19 var_hooks=163 timers=28 timers_hidden=7 iface_parents=26
sim_hotkey: 'f8' -> osrs_key=8 at frame 5880
sim_hotkey: 'f9' -> osrs_key=9 at frame 5900
sim_hotkey: 'f10' -> osrs_key=10 at frame 5920
sim_hotkey: 'f11' -> osrs_key=11 at frame 5940
sim_hotkey: 'f12' -> osrs_key=12 at frame 5960
sim_hotkey: 'escape' -> osrs_key=13 at frame 5980
sim_hotkey: 'escape' -> osrs_key=13 at frame 6000
torirs_perf: window=11 frame_p95=7.31ms
sim_hotkey: 'f1' -> osrs_key=1 at frame 6020
sim_hotkey: 'f2' -> osrs_key=2 at frame 6040
sim_hotkey: 'f3' -> osrs_key=3 at frame 6060
Failed to load dat2 idk 307
Dat2SpriteLoadByName: archive 'mapfunction' not found in sprites table
Dat2SpriteLoadByName: archive 'hitmark' not found in sprites table
CS2VM2: call depth 128 exhausted calling script 904 from script 904 (raise CS2VM_MAX_FRAMES)
Task_CS2Run: script 904 failed at opcode 40 pc 2 (invoked as script 903 for component 0xa10000)
  script 904: int_args=2 str_args=0 int_locals=2 str_locals=0 ops=4
  pc=0 op=33 PUSH_INT_LOCAL operand=0 str=(null)
  pc=1 op=33 PUSH_INT_LOCAL operand=1 str=(null)
  pc=2 op=40 GOSUB_WITH_PARAMS operand=904 str=(null)
  pc=3 op=21 RETURN operand=0 str=(null)
Dat2SpriteLoadByName: archive 'mapfunction' not found in sprites table
Dat2SpriteLoadByName: archive 'hitmark' not found in sprites table
CS2VM2: call depth 128 exhausted calling script 904 from script 904 (raise CS2VM_MAX_FRAMES)
Task_CS2Run: script 904 failed at opcode 40 pc 2 (invoked as script 903 for component 0xa10000)
  script 904: int_args=2 str_args=0 int_locals=2 str_locals=0 ops=4
  pc=0 op=33 PUSH_INT_LOCAL operand=0 str=(null)
  pc=1 op=33 PUSH_INT_LOCAL operand=1 str=(null)
  pc=2 op=40 GOSUB_WITH_PARAMS operand=904 str=(null)
  pc=3 op=21 RETURN operand=0 str=(null)
sim_hotkey: 'f4' -> osrs_key=4 at frame 6080
sim_hotkey: 'f5' -> osrs_key=5 at frame 6100
spawn_npc: npc=5007 element=59754 tile=90,84 level=0 size=1 recolors=0 retextures=0
sim_hotkey: 'f6' -> osrs_key=6 at frame 6120
sim_hotkey: 'f7' -> osrs_key=7 at frame 6140
sim_hotkey: 'f8' -> osrs_key=8 at frame 6160
sim_hotkey: 'f9' -> osrs_key=9 at frame 6180
sim_hotkey: 'f10' -> osrs_key=10 at frame 6200
Failed to load dat2 idk 307
Dat2SpriteLoadByName: archive 'mapfunction' not found in sprites table
Dat2SpriteLoadByName: archive 'hitmark' not found in sprites table
CS2VM2: call depth 128 exhausted calling script 904 from script 904 (raise CS2VM_MAX_FRAMES)
Task_CS2Run: script 904 failed at opcode 40 pc 2 (invoked as script 903 for component 0xa10000)
  script 904: int_args=2 str_args=0 int_locals=2 str_locals=0 ops=4
  pc=0 op=33 PUSH_INT_LOCAL operand=0 str=(null)
  pc=1 op=33 PUSH_INT_LOCAL operand=1 str=(null)
  pc=2 op=40 GOSUB_WITH_PARAMS operand=904 str=(null)
  pc=3 op=21 RETURN operand=0 str=(null)
sim_hotkey: 'f11' -> osrs_key=11 at frame 6220
sim_hotkey: 'f12' -> osrs_key=12 at frame 6240
sim_hotkey: 'escape' -> osrs_key=13 at frame 6260
sim_hotkey: 'escape' -> osrs_key=13 at frame 6280
CS2VM2: call depth 128 exhausted calling script 904 from script 904 (raise CS2VM_MAX_FRAMES)
Task_CS2Run: script 904 failed at opcode 40 pc 2 (invoked as script 903 for component 0xa10000)
  script 904: int_args=2 str_args=0 int_locals=2 str_locals=0 ops=4
  pc=0 op=33 PUSH_INT_LOCAL operand=0 str=(null)
  pc=1 op=33 PUSH_INT_LOCAL operand=1 str=(null)
  pc=2 op=40 GOSUB_WITH_PARAMS operand=904 str=(null)
  pc=3 op=21 RETURN operand=0 str=(null)
CS2VM2: call depth 128 exhausted calling script 904 from script 904 (raise CS2VM_MAX_FRAMES)
Task_CS2Run: script 904 failed at opcode 40 pc 2 (invoked as script 903 for component 0xa10000)
  script 904: int_args=2 str_args=0 int_locals=2 str_locals=0 ops=4
  pc=0 op=33 PUSH_INT_LOCAL operand=0 str=(null)
  pc=1 op=33 PUSH_INT_LOCAL operand=1 str=(null)
  pc=2 op=40 GOSUB_WITH_PARAMS operand=904 str=(null)
  pc=3 op=21 RETURN operand=0 str=(null)
CS2VM2: call depth 128 exhausted calling script 904 from script 904 (raise CS2VM_MAX_FRAMES)
Task_CS2Run: script 904 failed at opcode 40 pc 2 (invoked as script 903 for component 0xa10000)
  script 904: int_args=2 str_args=0 int_locals=2 str_locals=0 ops=4
  pc=0 op=33 PUSH_INT_LOCAL operand=0 str=(null)
  pc=1 op=33 PUSH_INT_LOCAL operand=1 str=(null)
  pc=2 op=40 GOSUB_WITH_PARAMS operand=904 str=(null)
  pc=3 op=21 RETURN operand=0 str=(null)
CS2VM2: call depth 128 exhausted calling script 904 from script 904 (raise CS2VM_MAX_FRAMES)
Task_CS2Run: script 904 failed at opcode 40 pc 2 (invoked as script 903 for component 0xa10000)
  script 904: int_args=2 str_args=0 int_locals=2 str_locals=0 ops=4
  pc=0 op=33 PUSH_INT_LOCAL operand=0 str=(null)
  pc=1 op=33 PUSH_INT_LOCAL operand=1 str=(null)
  pc=2 op=40 GOSUB_WITH_PARAMS operand=904 str=(null)
  pc=3 op=21 RETURN operand=0 str=(null)
sim_hotkey: 'f1' -> osrs_key=1 at frame 6300
sim_hotkey: 'f2' -> osrs_key=2 at frame 6320
sim_hotkey: 'f3' -> osrs_key=3 at frame 6340
sim_hotkey: 'f4' -> osrs_key=4 at frame 6360
Dat2SpriteLoadByName: archive 'mapfunction' not found in sprites table
Dat2SpriteLoadByName: archive 'hitmark' not found in sprites table
CS2VM2: call depth 128 exhausted calling script 904 from script 904 (raise CS2VM_MAX_FRAMES)
Task_CS2Run: script 904 failed at opcode 40 pc 2 (invoked as script 903 for component 0xa10000)
  script 904: int_args=2 str_args=0 int_locals=2 str_locals=0 ops=4
  pc=0 op=33 PUSH_INT_LOCAL operand=0 str=(null)
  pc=1 op=33 PUSH_INT_LOCAL operand=1 str=(null)
  pc=2 op=40 GOSUB_WITH_PARAMS operand=904 str=(null)
  pc=3 op=21 RETURN operand=0 str=(null)
sim_hotkey: 'f5' -> osrs_key=5 at frame 6380
sim_hotkey: 'f6' -> osrs_key=6 at frame 6400
sim_hotkey: 'f7' -> osrs_key=7 at frame 6420
sim_hotkey: 'f8' -> osrs_key=8 at frame 6440
sim_hotkey: 'f9' -> osrs_key=9 at frame 6460
sim_hotkey: 'f10' -> osrs_key=10 at frame 6480
sim_hotkey: 'f11' -> osrs_key=11 at frame 6500
torirs_perf: window=12 frame_p95=5.53ms
sim_hotkey: 'f12' -> osrs_key=12 at frame 6520
sim_hotkey: 'escape' -> osrs_key=13 at frame 6540
Dat2SpriteLoadByName: archive 'mapfunction' not found in sprites table
Dat2SpriteLoadByName: archive 'hitmark' not found in sprites table
Task_CS2Run: script 7188 failed at opcode 34 pc 14 (invoked as script 7128 for component 0x28a0000)
  script 7188: int_args=0 str_args=0 int_locals=1 str_locals=1 ops=31
  pc=0 op=0 PUSH_CONSTANT_INT operand=-1 str=(null)
  pc=1 op=34 POP_INT_LOCAL operand=0 str=(null)
  pc=2 op=3 PUSH_CONSTANT_STRING operand=0 str=
  pc=3 op=36 POP_STRING_LOCAL operand=0 str=(null)
  pc=4 op=25 PUSH_VARBIT operand=14881 str=(null)
  pc=5 op=60 SWITCH operand=0 str=(null)
  pc=6 op=3 PUSH_CONSTANT_STRING operand=0 str=graphic_4911
  pc=7 op=3 PUSH_CONSTANT_STRING operand=0 str=Grand Exchange value
  pc=8 op=36 POP_STRING_LOCAL operand=0 str=(null)
  pc=9 op=34 POP_INT_LOCAL operand=0 str=(null)
  pc=10 op=6 BRANCH operand=10 str=(null)
  pc=11 op=3 PUSH_CONSTANT_STRING operand=0 str=graphic_4912
  pc=12 op=3 PUSH_CONSTANT_STRING operand=0 str=High Alchemy value
  pc=13 op=36 POP_STRING_LOCAL operand=0 str=(null)
  pc=14 op=34 POP_INT_LOCAL operand=0 str=(null)
  pc=15 op=6 BRANCH operand=5 str=(null)
  pc=16 op=3 PUSH_CONSTANT_STRING operand=0 str=graphic_4911
CS2VM2: call depth 128 exhausted calling script 904 from script 904 (raise CS2VM_MAX_FRAMES)
Task_CS2Run: script 904 failed at opcode 40 pc 2 (invoked as script 903 for component 0xa10000)
  script 904: int_args=2 str_args=0 int_locals=2 str_locals=0 ops=4
  pc=0 op=33 PUSH_INT_LOCAL operand=0 str=(null)
  pc=1 op=33 PUSH_INT_LOCAL operand=1 str=(null)
  pc=2 op=40 GOSUB_WITH_PARAMS operand=904 str=(null)
  pc=3 op=21 RETURN operand=0 str=(null)
sim_hotkey: 'escape' -> osrs_key=13 at frame 6560
sim_hotkey: 'f1' -> osrs_key=1 at frame 6580
sim_hotkey: 'f2' -> osrs_key=2 at frame 6600
sim_hotkey: 'f3' -> osrs_key=3 at frame 6620
sim_hotkey: 'f4' -> osrs_key=4 at frame 6640
sim_hotkey: 'f5' -> osrs_key=5 at frame 6660
sim_hotkey: 'f6' -> osrs_key=6 at frame 6680
sim_hotkey: 'f7' -> osrs_key=7 at frame 6700
sim_hotkey: 'f8' -> osrs_key=8 at frame 6720
torirs_iface_stats: tick=2000 groups=33
  group=161 opens=1 closes=0 bakes=1 reuse=0 live=106 hidden=14 hooks=22 hook_bytes=224400
  group=162 opens=1 closes=0 bakes=1 reuse=0 live=3222 hidden=2433 hooks=18 hook_bytes=183600
  group=651 opens=1 closes=0 bakes=1 reuse=0 live=7 hidden=0 hooks=0 hook_bytes=0
  group=708 opens=1 closes=0 bakes=1 reuse=0 live=13 hidden=1 hooks=4 hook_bytes=40800
  group=163 opens=1 closes=0 bakes=0 reuse=1 live=26 hidden=25 hooks=0 hook_bytes=0
  group=303 opens=1 closes=0 bakes=1 reuse=0 live=21 hidden=5 hooks=2 hook_bytes=20400
  group=90 opens=1 closes=0 bakes=1 reuse=0 live=60 hidden=13 hooks=13 hook_bytes=132600
  group=160 opens=1 closes=0 bakes=1 reuse=0 live=58 hidden=12 hooks=11 hook_bytes=112200
  group=122 opens=1 closes=0 bakes=1 reuse=0 live=33 hidden=15 hooks=9 hook_bytes=91800
  group=728 opens=1 closes=0 bakes=0 reuse=1 live=50 hidden=2 hooks=4 hook_bytes=40800
  group=896 opens=1 closes=0 bakes=0 reuse=1 live=903 hidden=902 hooks=0 hook_bytes=0
  group=593 opens=1 closes=0 bakes=1 reuse=0 live=117 hidden=7 hooks=6 hook_bytes=61200
  group=320 opens=1 closes=0 bakes=1 reuse=0 live=202 hidden=24 hooks=49 hook_bytes=499800
  group=629 opens=1 closes=0 bakes=1 reuse=0 live=46 hidden=5 hooks=3 hook_bytes=30600
  group=712 opens=1 closes=0 bakes=1 reuse=0 live=113 hidden=0 hooks=5 hook_bytes=51000
  group=149 opens=1 closes=0 bakes=0 reuse=1 live=29 hidden=0 hooks=28 hook_bytes=285600
  group=387 opens=1 closes=0 bakes=1 reuse=0 live=96 hidden=12 hooks=13 hook_bytes=132600
  group=541 opens=1 closes=0 bakes=1 reuse=0 live=124 hidden=33 hooks=30 hook_bytes=306000
  group=218 opens=1 closes=0 bakes=1 reuse=0 live=232 hidden=132 hooks=195 hook_bytes=1989000
  group=707 opens=1 closes=0 bakes=1 reuse=0 live=39 hidden=0 hooks=5 hook_bytes=51000
  group=109 opens=1 closes=0 bakes=1 reuse=0 live=96 hidden=13 hooks=10 hook_bytes=102000
  group=429 opens=1 closes=0 bakes=1 reuse=0 live=35 hidden=0 hooks=8 hook_bytes=81600
  group=182 opens=1 closes=0 bakes=1 reuse=0 live=94 hidden=3 hooks=10 hook_bytes=102000
  group=116 opens=1 closes=0 bakes=1 reuse=0 live=222 hidden=12 hooks=65 hook_bytes=663000
  group=216 opens=1 closes=0 bakes=1 reuse=0 live=124 hidden=0 hooks=61 hook_bytes=622200
  group=239 opens=1 closes=0 bakes=1 reuse=0 live=934 hidden=597 hooks=267 hook_bytes=2723400
  group=12 opens=7 closes=7 bakes=1 reuse=6 live=1781 hidden=73 hooks=1505 hook_bytes=15351000
  group=15 opens=7 closes=7 bakes=1 reuse=6 live=650 hidden=49 hooks=366 hook_bytes=3733200
  group=84 opens=7 closes=7 bakes=1 reuse=6 live=123 hidden=14 hooks=25 hook_bytes=255000
  group=729 opens=7 closes=7 bakes=0 reuse=7 live=36 hidden=1 hooks=6 hook_bytes=61200
  group=650 opens=7 closes=6 bakes=1 reuse=6 live=110 hidden=2 hooks=15 hook_bytes=153000
  group=894 opens=6 closes=6 bakes=1 reuse=5 live=413 hidden=5 hooks=117 hook_bytes=1193400
  group=32766 opens=0 closes=0 bakes=0 reuse=0 live=4 hidden=0 hooks=0 hook_bytes=0
torirs_stats: tick=2000 components=10119 live=10119 hidden=4404 freed=0 free_head=-1 inv_hooks=19 var_hooks=164 timers=28 timers_hidden=7 iface_parents=26
sim_hotkey: 'f9' -> osrs_key=9 at frame 6740
Dat2SpriteLoadByName: archive 'mapfunction' not found in sprites table
Dat2SpriteLoadByName: archive 'hitmark' not found in sprites table
CS2VM2: call depth 128 exhausted calling script 904 from script 904 (raise CS2VM_MAX_FRAMES)
Task_CS2Run: script 904 failed at opcode 40 pc 2 (invoked as script 903 for component 0xa10000)
  script 904: int_args=2 str_args=0 int_locals=2 str_locals=0 ops=4
  pc=0 op=33 PUSH_INT_LOCAL operand=0 str=(null)
  pc=1 op=33 PUSH_INT_LOCAL operand=1 str=(null)
  pc=2 op=40 GOSUB_WITH_PARAMS operand=904 str=(null)
  pc=3 op=21 RETURN operand=0 str=(null)
sim_hotkey: 'f10' -> osrs_key=10 at frame 6760
sim_hotkey: 'f11' -> osrs_key=11 at frame 6780
sim_hotkey: 'f12' -> osrs_key=12 at frame 6800
sim_hotkey: 'escape' -> osrs_key=13 at frame 6820
sim_hotkey: 'escape' -> osrs_key=13 at frame 6840
sim_hotkey: 'f1' -> osrs_key=1 at frame 6860
sim_hotkey: 'f2' -> osrs_key=2 at frame 6880
sim_hotkey: 'f3' -> osrs_key=3 at frame 6900
sim_hotkey: 'f4' -> osrs_key=4 at frame 6920
sim_hotkey: 'f5' -> osrs_key=5 at frame 6940
sim_hotkey: 'f6' -> osrs_key=6 at frame 6960
sim_hotkey: 'f7' -> osrs_key=7 at frame 6980
sim_hotkey: 'f8' -> osrs_key=8 at frame 7000
torirs_perf: window=13 frame_p95=4.88ms
sim_hotkey: 'f9' -> osrs_key=9 at frame 7020
sim_hotkey: 'f10' -> osrs_key=10 at frame 7040
spawn_npc: npc=2854 element=59772 tile=90,84 level=0 size=1 recolors=1 retextures=0
sim_hotkey: 'f11' -> osrs_key=11 at frame 7060
sim_hotkey: 'f12' -> osrs_key=12 at frame 7080
Failed to load dat2 idk 307
Dat2SpriteLoadByName: archive 'mapfunction' not found in sprites table
Dat2SpriteLoadByName: archive 'hitmark' not found in sprites table
CS2VM2: call depth 128 exhausted calling script 904 from script 904 (raise CS2VM_MAX_FRAMES)
Task_CS2Run: script 904 failed at opcode 40 pc 2 (invoked as script 903 for component 0xa10000)
  script 904: int_args=2 str_args=0 int_locals=2 str_locals=0 ops=4
  pc=0 op=33 PUSH_INT_LOCAL operand=0 str=(null)
  pc=1 op=33 PUSH_INT_LOCAL operand=1 str=(null)
  pc=2 op=40 GOSUB_WITH_PARAMS operand=904 str=(null)
  pc=3 op=21 RETURN operand=0 str=(null)
Dat2SpriteLoadByName: archive 'mapfunction' not found in sprites table
Dat2SpriteLoadByName: archive 'hitmark' not found in sprites table
CS2VM2: call depth 128 exhausted calling script 904 from script 904 (raise CS2VM_MAX_FRAMES)
Task_CS2Run: script 904 failed at opcode 40 pc 2 (invoked as script 903 for component 0xa10000)
  script 904: int_args=2 str_args=0 int_locals=2 str_locals=0 ops=4
  pc=0 op=33 PUSH_INT_LOCAL operand=0 str=(null)
  pc=1 op=33 PUSH_INT_LOCAL operand=1 str=(null)
  pc=2 op=40 GOSUB_WITH_PARAMS operand=904 str=(null)
  pc=3 op=21 RETURN operand=0 str=(null)
sim_hotkey: 'escape' -> osrs_key=13 at frame 7100
sim_hotkey: 'escape' -> osrs_key=13 at frame 7120
CS2VM2: call depth 128 exhausted calling script 904 from script 904 (raise CS2VM_MAX_FRAMES)
Task_CS2Run: script 904 failed at opcode 40 pc 2 (invoked as script 903 for component 0xa10000)
  script 904: int_args=2 str_args=0 int_locals=2 str_locals=0 ops=4
  pc=0 op=33 PUSH_INT_LOCAL operand=0 str=(null)
  pc=1 op=33 PUSH_INT_LOCAL operand=1 str=(null)
  pc=2 op=40 GOSUB_WITH_PARAMS operand=904 str=(null)
  pc=3 op=21 RETURN operand=0 str=(null)
CS2VM2: call depth 128 exhausted calling script 904 from script 904 (raise CS2VM_MAX_FRAMES)
Task_CS2Run: script 904 failed at opcode 40 pc 2 (invoked as script 903 for component 0xa10000)
  script 904: int_args=2 str_args=0 int_locals=2 str_locals=0 ops=4
  pc=0 op=33 PUSH_INT_LOCAL operand=0 str=(null)
  pc=1 op=33 PUSH_INT_LOCAL operand=1 str=(null)
  pc=2 op=40 GOSUB_WITH_PARAMS operand=904 str=(null)
  pc=3 op=21 RETURN operand=0 str=(null)
CS2VM2: call depth 128 exhausted calling script 904 from script 904 (raise CS2VM_MAX_FRAMES)
Task_CS2Run: script 904 failed at opcode 40 pc 2 (invoked as script 903 for component 0xa10000)
  script 904: int_args=2 str_args=0 int_locals=2 str_locals=0 ops=4
  pc=0 op=33 PUSH_INT_LOCAL operand=0 str=(null)
  pc=1 op=33 PUSH_INT_LOCAL operand=1 str=(null)
  pc=2 op=40 GOSUB_WITH_PARAMS operand=904 str=(null)
  pc=3 op=21 RETURN operand=0 str=(null)
CS2VM2: call depth 128 exhausted calling script 904 from script 904 (raise CS2VM_MAX_FRAMES)
Task_CS2Run: script 904 failed at opcode 40 pc 2 (invoked as script 903 for component 0xa10000)
  script 904: int_args=2 str_args=0 int_locals=2 str_locals=0 ops=4
  pc=0 op=33 PUSH_INT_LOCAL operand=0 str=(null)
  pc=1 op=33 PUSH_INT_LOCAL operand=1 str=(null)
  pc=2 op=40 GOSUB_WITH_PARAMS operand=904 str=(null)
  pc=3 op=21 RETURN operand=0 str=(null)
sim_hotkey: 'f1' -> osrs_key=1 at frame 7140
sim_hotkey: 'f2' -> osrs_key=2 at frame 7160
sim_hotkey: 'f3' -> osrs_key=3 at frame 7180
sim_hotkey: 'f4' -> osrs_key=4 at frame 7200
sim_hotkey: 'f5' -> osrs_key=5 at frame 7220
sim_hotkey: 'f6' -> osrs_key=6 at frame 7240
Failed to load dat2 idk 307
Dat2SpriteLoadByName: archive 'mapfunction' not found in sprites table
Dat2SpriteLoadByName: archive 'hitmark' not found in sprites table
CS2VM2: call depth 128 exhausted calling script 904 from script 904 (raise CS2VM_MAX_FRAMES)
Task_CS2Run: script 904 failed at opcode 40 pc 2 (invoked as script 903 for component 0xa10000)
  script 904: int_args=2 str_args=0 int_locals=2 str_locals=0 ops=4
  pc=0 op=33 PUSH_INT_LOCAL operand=0 str=(null)
  pc=1 op=33 PUSH_INT_LOCAL operand=1 str=(null)
  pc=2 op=40 GOSUB_WITH_PARAMS operand=904 str=(null)
  pc=3 op=21 RETURN operand=0 str=(null)
sim_hotkey: 'f7' -> osrs_key=7 at frame 7260
sim_hotkey: 'f8' -> osrs_key=8 at frame 7280
sim_hotkey: 'f9' -> osrs_key=9 at frame 7300
sim_hotkey: 'f10' -> osrs_key=10 at frame 7320
sim_hotkey: 'f11' -> osrs_key=11 at frame 7340
sim_hotkey: 'f12' -> osrs_key=12 at frame 7360
sim_hotkey: 'escape' -> osrs_key=13 at frame 7380
sim_hotkey: 'escape' -> osrs_key=13 at frame 7400
CS2VM2: call depth 128 exhausted calling script 904 from script 904 (raise CS2VM_MAX_FRAMES)
Task_CS2Run: script 904 failed at opcode 40 pc 2 (invoked as script 903 for component 0xa10000)
  script 904: int_args=2 str_args=0 int_locals=2 str_locals=0 ops=4
  pc=0 op=33 PUSH_INT_LOCAL operand=0 str=(null)
  pc=1 op=33 PUSH_INT_LOCAL operand=1 str=(null)
  pc=2 op=40 GOSUB_WITH_PARAMS operand=904 str=(null)
  pc=3 op=21 RETURN operand=0 str=(null)
CS2VM2: call depth 128 exhausted calling script 904 from script 904 (raise CS2VM_MAX_FRAMES)
Task_CS2Run: script 904 failed at opcode 40 pc 2 (invoked as script 903 for component 0xa10000)
  script 904: int_args=2 str_args=0 int_locals=2 str_locals=0 ops=4
  pc=0 op=33 PUSH_INT_LOCAL operand=0 str=(null)
  pc=1 op=33 PUSH_INT_LOCAL operand=1 str=(null)
  pc=2 op=40 GOSUB_WITH_PARAMS operand=904 str=(null)
  pc=3 op=21 RETURN operand=0 str=(null)
Dat2SpriteLoadByName: archive 'mapfunction' not found in sprites table
Dat2SpriteLoadByName: archive 'hitmark' not found in sprites table
CS2VM2: call depth 128 exhausted calling script 904 from script 904 (raise CS2VM_MAX_FRAMES)
Task_CS2Run: script 904 failed at opcode 40 pc 2 (invoked as script 903 for component 0xa10000)
  script 904: int_args=2 str_args=0 int_locals=2 str_locals=0 ops=4
  pc=0 op=33 PUSH_INT_LOCAL operand=0 str=(null)
  pc=1 op=33 PUSH_INT_LOCAL operand=1 str=(null)
  pc=2 op=40 GOSUB_WITH_PARAMS operand=904 str=(null)
  pc=3 op=21 RETURN operand=0 str=(null)
sim_hotkey: 'f1' -> osrs_key=1 at frame 7420
sim_hotkey: 'f2' -> osrs_key=2 at frame 7440
sim_hotkey: 'f3' -> osrs_key=3 at frame 7460
sim_hotkey: 'f4' -> osrs_key=4 at frame 7480
sim_hotkey: 'f5' -> osrs_key=5 at frame 7500
torirs_perf: window=14 frame_p95=5.46ms
sim_hotkey: 'f6' -> osrs_key=6 at frame 7520
sim_hotkey: 'f7' -> osrs_key=7 at frame 7540
sim_hotkey: 'f8' -> osrs_key=8 at frame 7560
sim_hotkey: 'f9' -> osrs_key=9 at frame 7580
torirs_iface_stats: tick=2250 groups=33
  group=161 opens=1 closes=0 bakes=1 reuse=0 live=106 hidden=14 hooks=22 hook_bytes=224400
  group=162 opens=1 closes=0 bakes=1 reuse=0 live=3222 hidden=2420 hooks=18 hook_bytes=183600
  group=651 opens=1 closes=0 bakes=1 reuse=0 live=7 hidden=0 hooks=0 hook_bytes=0
  group=708 opens=1 closes=0 bakes=1 reuse=0 live=13 hidden=1 hooks=4 hook_bytes=40800
  group=163 opens=1 closes=0 bakes=0 reuse=1 live=26 hidden=25 hooks=0 hook_bytes=0
  group=303 opens=1 closes=0 bakes=1 reuse=0 live=21 hidden=5 hooks=2 hook_bytes=20400
  group=90 opens=1 closes=0 bakes=1 reuse=0 live=60 hidden=13 hooks=13 hook_bytes=132600
  group=160 opens=1 closes=0 bakes=1 reuse=0 live=58 hidden=12 hooks=11 hook_bytes=112200
  group=122 opens=1 closes=0 bakes=1 reuse=0 live=33 hidden=15 hooks=9 hook_bytes=91800
  group=728 opens=1 closes=0 bakes=0 reuse=1 live=50 hidden=2 hooks=4 hook_bytes=40800
  group=896 opens=1 closes=0 bakes=0 reuse=1 live=903 hidden=902 hooks=0 hook_bytes=0
  group=593 opens=1 closes=0 bakes=1 reuse=0 live=117 hidden=7 hooks=6 hook_bytes=61200
  group=320 opens=1 closes=0 bakes=1 reuse=0 live=202 hidden=24 hooks=49 hook_bytes=499800
  group=629 opens=1 closes=0 bakes=1 reuse=0 live=46 hidden=5 hooks=3 hook_bytes=30600
  group=712 opens=1 closes=0 bakes=1 reuse=0 live=113 hidden=0 hooks=5 hook_bytes=51000
  group=149 opens=1 closes=0 bakes=0 reuse=1 live=29 hidden=0 hooks=28 hook_bytes=285600
  group=387 opens=1 closes=0 bakes=1 reuse=0 live=96 hidden=12 hooks=13 hook_bytes=132600
  group=541 opens=1 closes=0 bakes=1 reuse=0 live=124 hidden=33 hooks=30 hook_bytes=306000
  group=218 opens=1 closes=0 bakes=1 reuse=0 live=232 hidden=132 hooks=195 hook_bytes=1989000
  group=707 opens=1 closes=0 bakes=1 reuse=0 live=39 hidden=0 hooks=5 hook_bytes=51000
  group=109 opens=1 closes=0 bakes=1 reuse=0 live=96 hidden=13 hooks=10 hook_bytes=102000
  group=429 opens=1 closes=0 bakes=1 reuse=0 live=35 hidden=0 hooks=8 hook_bytes=81600
  group=182 opens=1 closes=0 bakes=1 reuse=0 live=94 hidden=3 hooks=10 hook_bytes=102000
  group=116 opens=1 closes=0 bakes=1 reuse=0 live=222 hidden=12 hooks=65 hook_bytes=663000
  group=216 opens=1 closes=0 bakes=1 reuse=0 live=124 hidden=0 hooks=61 hook_bytes=622200
  group=239 opens=1 closes=0 bakes=1 reuse=0 live=934 hidden=597 hooks=267 hook_bytes=2723400
  group=12 opens=8 closes=8 bakes=1 reuse=7 live=1781 hidden=73 hooks=1505 hook_bytes=15351000
  group=15 opens=8 closes=8 bakes=1 reuse=7 live=650 hidden=49 hooks=366 hook_bytes=3733200
  group=84 opens=8 closes=8 bakes=1 reuse=7 live=123 hidden=14 hooks=25 hook_bytes=255000
  group=729 opens=8 closes=7 bakes=0 reuse=8 live=36 hidden=0 hooks=6 hook_bytes=61200
  group=650 opens=7 closes=7 bakes=1 reuse=6 live=110 hidden=3 hooks=15 hook_bytes=153000
  group=894 opens=7 closes=7 bakes=1 reuse=6 live=413 hidden=5 hooks=117 hook_bytes=1193400
  group=32766 opens=0 closes=0 bakes=0 reuse=0 live=4 hidden=0 hooks=0 hook_bytes=0
torirs_stats: tick=2250 components=10119 live=10119 hidden=4391 freed=0 free_head=-1 inv_hooks=19 var_hooks=163 timers=28 timers_hidden=7 iface_parents=26
Dat2SpriteLoadByName: archive 'mapfunction' not found in sprites table
Dat2SpriteLoadByName: archive 'hitmark' not found in sprites table
Task_CS2Run: script 7188 failed at opcode 34 pc 14 (invoked as script 7128 for component 0x28a0000)
  script 7188: int_args=0 str_args=0 int_locals=1 str_locals=1 ops=31
  pc=0 op=0 PUSH_CONSTANT_INT operand=-1 str=(null)
  pc=1 op=34 POP_INT_LOCAL operand=0 str=(null)
  pc=2 op=3 PUSH_CONSTANT_STRING operand=0 str=
  pc=3 op=36 POP_STRING_LOCAL operand=0 str=(null)
  pc=4 op=25 PUSH_VARBIT operand=14881 str=(null)
  pc=5 op=60 SWITCH operand=0 str=(null)
  pc=6 op=3 PUSH_CONSTANT_STRING operand=0 str=graphic_4911
  pc=7 op=3 PUSH_CONSTANT_STRING operand=0 str=Grand Exchange value
  pc=8 op=36 POP_STRING_LOCAL operand=0 str=(null)
  pc=9 op=34 POP_INT_LOCAL operand=0 str=(null)
  pc=10 op=6 BRANCH operand=10 str=(null)
  pc=11 op=3 PUSH_CONSTANT_STRING operand=0 str=graphic_4912
  pc=12 op=3 PUSH_CONSTANT_STRING operand=0 str=High Alchemy value
  pc=13 op=36 POP_STRING_LOCAL operand=0 str=(null)
  pc=14 op=34 POP_INT_LOCAL operand=0 str=(null)
  pc=15 op=6 BRANCH operand=5 str=(null)
  pc=16 op=3 PUSH_CONSTANT_STRING operand=0 str=graphic_4911
CS2VM2: call depth 128 exhausted calling script 904 from script 904 (raise CS2VM_MAX_FRAMES)
Task_CS2Run: script 904 failed at opcode 40 pc 2 (invoked as script 903 for component 0xa10000)
  script 904: int_args=2 str_args=0 int_locals=2 str_locals=0 ops=4
  pc=0 op=33 PUSH_INT_LOCAL operand=0 str=(null)
  pc=1 op=33 PUSH_INT_LOCAL operand=1 str=(null)
  pc=2 op=40 GOSUB_WITH_PARAMS operand=904 str=(null)
  pc=3 op=21 RETURN operand=0 str=(null)
sim_hotkey: 'f10' -> osrs_key=10 at frame 7600
sim_hotkey: 'f11' -> osrs_key=11 at frame 7620
sim_hotkey: 'f12' -> osrs_key=12 at frame 7640
sim_hotkey: 'escape' -> osrs_key=13 at frame 7660
sim_hotkey: 'escape' -> osrs_key=13 at frame 7680
sim_hotkey: 'f1' -> osrs_key=1 at frame 7700
sim_hotkey: 'f2' -> osrs_key=2 at frame 7720
sim_hotkey: 'f3' -> osrs_key=3 at frame 7740
sim_hotkey: 'f4' -> osrs_key=4 at frame 7760
Dat2SpriteLoadByName: archive 'mapfunction' not found in sprites table
Dat2SpriteLoadByName: archive 'hitmark' not found in sprites table
CS2VM2: call depth 128 exhausted calling script 904 from script 904 (raise CS2VM_MAX_FRAMES)
Task_CS2Run: script 904 failed at opcode 40 pc 2 (invoked as script 903 for component 0xa10000)
  script 904: int_args=2 str_args=0 int_locals=2 str_locals=0 ops=4
  pc=0 op=33 PUSH_INT_LOCAL operand=0 str=(null)
  pc=1 op=33 PUSH_INT_LOCAL operand=1 str=(null)
  pc=2 op=40 GOSUB_WITH_PARAMS operand=904 str=(null)
  pc=3 op=21 RETURN operand=0 str=(null)
sim_hotkey: 'f5' -> osrs_key=5 at frame 7780
sim_hotkey: 'f6' -> osrs_key=6 at frame 7800
sim_hotkey: 'f7' -> osrs_key=7 at frame 7820
sim_hotkey: 'f8' -> osrs_key=8 at frame 7840
sim_hotkey: 'f9' -> osrs_key=9 at frame 7860
sim_hotkey: 'f10' -> osrs_key=10 at frame 7880
sim_hotkey: 'f11' -> osrs_key=11 at frame 7900
sim_hotkey: 'f12' -> osrs_key=12 at frame 7920
sim_hotkey: 'escape' -> osrs_key=13 at frame 7940
sim_hotkey: 'escape' -> osrs_key=13 at frame 7960
sim_hotkey: 'f1' -> osrs_key=1 at frame 7980
sim_hotkey: 'f2' -> osrs_key=2 at frame 8000
torirs_perf: window=15 frame_p95=4.93ms
sim_hotkey: 'f3' -> osrs_key=3 at frame 8020
sim_hotkey: 'f4' -> osrs_key=4 at frame 8040
sim_hotkey: 'f5' -> osrs_key=5 at frame 8060
sim_hotkey: 'f6' -> osrs_key=6 at frame 8080
sim_hotkey: 'f7' -> osrs_key=7 at frame 8100
sim_hotkey: 'f8' -> osrs_key=8 at frame 8120
Failed to load dat2 idk 307
Dat2SpriteLoadByName: archive 'mapfunction' not found in sprites table
Dat2SpriteLoadByName: archive 'hitmark' not found in sprites table
CS2VM2: call depth 128 exhausted calling script 904 from script 904 (raise CS2VM_MAX_FRAMES)
Task_CS2Run: script 904 failed at opcode 40 pc 2 (invoked as script 903 for component 0xa10000)
  script 904: int_args=2 str_args=0 int_locals=2 str_locals=0 ops=4
  pc=0 op=33 PUSH_INT_LOCAL operand=0 str=(null)
  pc=1 op=33 PUSH_INT_LOCAL operand=1 str=(null)
  pc=2 op=40 GOSUB_WITH_PARAMS operand=904 str=(null)
  pc=3 op=21 RETURN operand=0 str=(null)
Dat2SpriteLoadByName: archive 'mapfunction' not found in sprites table
Dat2SpriteLoadByName: archive 'hitmark' not found in sprites table
CS2VM2: call depth 128 exhausted calling script 904 from script 904 (raise CS2VM_MAX_FRAMES)
Task_CS2Run: script 904 failed at opcode 40 pc 2 (invoked as script 903 for component 0xa10000)
  script 904: int_args=2 str_args=0 int_locals=2 str_locals=0 ops=4
  pc=0 op=33 PUSH_INT_LOCAL operand=0 str=(null)
  pc=1 op=33 PUSH_INT_LOCAL operand=1 str=(null)
  pc=2 op=40 GOSUB_WITH_PARAMS operand=904 str=(null)
  pc=3 op=21 RETURN operand=0 str=(null)
sim_hotkey: 'f9' -> osrs_key=9 at frame 8140
sim_hotkey: 'f10' -> osrs_key=10 at frame 8160
sim_hotkey: 'f11' -> osrs_key=11 at frame 8180
sim_hotkey: 'f12' -> osrs_key=12 at frame 8200
sim_hotkey: 'escape' -> osrs_key=13 at frame 8220
sim_hotkey: 'escape' -> osrs_key=13 at frame 8240
CS2VM2: call depth 128 exhausted calling script 904 from script 904 (raise CS2VM_MAX_FRAMES)
Task_CS2Run: script 904 failed at opcode 40 pc 2 (invoked as script 903 for component 0xa10000)
  script 904: int_args=2 str_args=0 int_locals=2 str_locals=0 ops=4
  pc=0 op=33 PUSH_INT_LOCAL operand=0 str=(null)
  pc=1 op=33 PUSH_INT_LOCAL operand=1 str=(null)
  pc=2 op=40 GOSUB_WITH_PARAMS operand=904 str=(null)
  pc=3 op=21 RETURN operand=0 str=(null)
CS2VM2: call depth 128 exhausted calling script 904 from script 904 (raise CS2VM_MAX_FRAMES)
Task_CS2Run: script 904 failed at opcode 40 pc 2 (invoked as script 903 for component 0xa10000)
  script 904: int_args=2 str_args=0 int_locals=2 str_locals=0 ops=4
  pc=0 op=33 PUSH_INT_LOCAL operand=0 str=(null)
  pc=1 op=33 PUSH_INT_LOCAL operand=1 str=(null)
  pc=2 op=40 GOSUB_WITH_PARAMS operand=904 str=(null)
  pc=3 op=21 RETURN operand=0 str=(null)
CS2VM2: call depth 128 exhausted calling script 904 from script 904 (raise CS2VM_MAX_FRAMES)
Task_CS2Run: script 904 failed at opcode 40 pc 2 (invoked as script 903 for component 0xa10000)
  script 904: int_args=2 str_args=0 int_locals=2 str_locals=0 ops=4
  pc=0 op=33 PUSH_INT_LOCAL operand=0 str=(null)
  pc=1 op=33 PUSH_INT_LOCAL operand=1 str=(null)
  pc=2 op=40 GOSUB_WITH_PARAMS operand=904 str=(null)
  pc=3 op=21 RETURN operand=0 str=(null)
CS2VM2: call depth 128 exhausted calling script 904 from script 904 (raise CS2VM_MAX_FRAMES)
Task_CS2Run: script 904 failed at opcode 40 pc 2 (invoked as script 903 for component 0xa10000)
  script 904: int_args=2 str_args=0 int_locals=2 str_locals=0 ops=4
  pc=0 op=33 PUSH_INT_LOCAL operand=0 str=(null)
  pc=1 op=33 PUSH_INT_LOCAL operand=1 str=(null)
  pc=2 op=40 GOSUB_WITH_PARAMS operand=904 str=(null)
  pc=3 op=21 RETURN operand=0 str=(null)
sim_hotkey: 'f1' -> osrs_key=1 at frame 8260
Failed to load dat2 idk 307
Dat2SpriteLoadByName: archive 'mapfunction' not found in sprites table
Dat2SpriteLoadByName: archive 'hitmark' not found in sprites table
CS2VM2: call depth 128 exhausted calling script 904 from script 904 (raise CS2VM_MAX_FRAMES)
Task_CS2Run: script 904 failed at opcode 40 pc 2 (invoked as script 903 for component 0xa10000)
  script 904: int_args=2 str_args=0 int_locals=2 str_locals=0 ops=4
  pc=0 op=33 PUSH_INT_LOCAL operand=0 str=(null)
  pc=1 op=33 PUSH_INT_LOCAL operand=1 str=(null)
  pc=2 op=40 GOSUB_WITH_PARAMS operand=904 str=(null)
  pc=3 op=21 RETURN operand=0 str=(null)
CS2VM2: call depth 128 exhausted calling script 904 from script 904 (raise CS2VM_MAX_FRAMES)
Task_CS2Run: script 904 failed at opcode 40 pc 2 (invoked as script 903 for component 0xa10000)
  script 904: int_args=2 str_args=0 int_locals=2 str_locals=0 ops=4
  pc=0 op=33 PUSH_INT_LOCAL operand=0 str=(null)
  pc=1 op=33 PUSH_INT_LOCAL operand=1 str=(null)
  pc=2 op=40 GOSUB_WITH_PARAMS operand=904 str=(null)
  pc=3 op=21 RETURN operand=0 str=(null)
sim_hotkey: 'f2' -> osrs_key=2 at frame 8280
sim_hotkey: 'f3' -> osrs_key=3 at frame 8300
sim_hotkey: 'f4' -> osrs_key=4 at frame 8320
sim_hotkey: 'f5' -> osrs_key=5 at frame 8340
sim_hotkey: 'f6' -> osrs_key=6 at frame 8360
sim_hotkey: 'f7' -> osrs_key=7 at frame 8380
sim_hotkey: 'f8' -> osrs_key=8 at frame 8400
sim_hotkey: 'f9' -> osrs_key=9 at frame 8420
torirs_iface_stats: tick=2500 groups=33
  group=161 opens=1 closes=0 bakes=1 reuse=0 live=106 hidden=14 hooks=22 hook_bytes=224400
  group=162 opens=1 closes=0 bakes=1 reuse=0 live=3222 hidden=2413 hooks=18 hook_bytes=183600
  group=651 opens=1 closes=0 bakes=1 reuse=0 live=7 hidden=0 hooks=0 hook_bytes=0
  group=708 opens=1 closes=0 bakes=1 reuse=0 live=13 hidden=1 hooks=4 hook_bytes=40800
  group=163 opens=1 closes=0 bakes=0 reuse=1 live=26 hidden=25 hooks=0 hook_bytes=0
  group=303 opens=1 closes=0 bakes=1 reuse=0 live=21 hidden=5 hooks=2 hook_bytes=20400
  group=90 opens=1 closes=0 bakes=1 reuse=0 live=60 hidden=13 hooks=13 hook_bytes=132600
  group=160 opens=1 closes=0 bakes=1 reuse=0 live=58 hidden=12 hooks=11 hook_bytes=112200
  group=122 opens=1 closes=0 bakes=1 reuse=0 live=33 hidden=15 hooks=9 hook_bytes=91800
  group=728 opens=1 closes=0 bakes=0 reuse=1 live=50 hidden=2 hooks=4 hook_bytes=40800
  group=896 opens=1 closes=0 bakes=0 reuse=1 live=903 hidden=902 hooks=0 hook_bytes=0
  group=593 opens=1 closes=0 bakes=1 reuse=0 live=117 hidden=7 hooks=6 hook_bytes=61200
  group=320 opens=1 closes=0 bakes=1 reuse=0 live=202 hidden=24 hooks=49 hook_bytes=499800
  group=629 opens=1 closes=0 bakes=1 reuse=0 live=46 hidden=5 hooks=3 hook_bytes=30600
  group=712 opens=1 closes=0 bakes=1 reuse=0 live=113 hidden=0 hooks=5 hook_bytes=51000
  group=149 opens=1 closes=0 bakes=0 reuse=1 live=29 hidden=0 hooks=28 hook_bytes=285600
  group=387 opens=1 closes=0 bakes=1 reuse=0 live=96 hidden=12 hooks=13 hook_bytes=132600
  group=541 opens=1 closes=0 bakes=1 reuse=0 live=124 hidden=33 hooks=30 hook_bytes=306000
  group=218 opens=1 closes=0 bakes=1 reuse=0 live=232 hidden=132 hooks=195 hook_bytes=1989000
  group=707 opens=1 closes=0 bakes=1 reuse=0 live=39 hidden=0 hooks=5 hook_bytes=51000
  group=109 opens=1 closes=0 bakes=1 reuse=0 live=96 hidden=13 hooks=10 hook_bytes=102000
  group=429 opens=1 closes=0 bakes=1 reuse=0 live=35 hidden=0 hooks=8 hook_bytes=81600
  group=182 opens=1 closes=0 bakes=1 reuse=0 live=94 hidden=3 hooks=10 hook_bytes=102000
  group=116 opens=1 closes=0 bakes=1 reuse=0 live=222 hidden=12 hooks=65 hook_bytes=663000
  group=216 opens=1 closes=0 bakes=1 reuse=0 live=124 hidden=0 hooks=61 hook_bytes=622200
  group=239 opens=1 closes=0 bakes=1 reuse=0 live=934 hidden=597 hooks=267 hook_bytes=2723400
  group=12 opens=9 closes=9 bakes=1 reuse=8 live=1781 hidden=73 hooks=1505 hook_bytes=15351000
  group=15 opens=9 closes=9 bakes=1 reuse=8 live=650 hidden=49 hooks=366 hook_bytes=3733200
  group=84 opens=9 closes=9 bakes=1 reuse=8 live=123 hidden=14 hooks=25 hook_bytes=255000
  group=729 opens=8 closes=8 bakes=0 reuse=8 live=36 hidden=1 hooks=6 hook_bytes=61200
  group=650 opens=8 closes=8 bakes=1 reuse=7 live=110 hidden=3 hooks=15 hook_bytes=153000
  group=894 opens=8 closes=7 bakes=1 reuse=7 live=413 hidden=4 hooks=117 hook_bytes=1193400
  group=32766 opens=0 closes=0 bakes=0 reuse=0 live=4 hidden=0 hooks=0 hook_bytes=0
torirs_stats: tick=2500 components=10119 live=10119 hidden=4384 freed=0 free_head=-1 inv_hooks=19 var_hooks=163 timers=28 timers_hidden=7 iface_parents=26
Dat2SpriteLoadByName: archive 'mapfunction' not found in sprites table
Dat2SpriteLoadByName: archive 'hitmark' not found in sprites table
CS2VM2: call depth 128 exhausted calling script 904 from script 904 (raise CS2VM_MAX_FRAMES)
Task_CS2Run: script 904 failed at opcode 40 pc 2 (invoked as script 903 for component 0xa10000)
  script 904: int_args=2 str_args=0 int_locals=2 str_locals=0 ops=4
  pc=0 op=33 PUSH_INT_LOCAL operand=0 str=(null)
  pc=1 op=33 PUSH_INT_LOCAL operand=1 str=(null)
  pc=2 op=40 GOSUB_WITH_PARAMS operand=904 str=(null)
  pc=3 op=21 RETURN operand=0 str=(null)
sim_hotkey: 'f10' -> osrs_key=10 at frame 8440
sim_hotkey: 'f11' -> osrs_key=11 at frame 8460
sim_hotkey: 'f12' -> osrs_key=12 at frame 8480
sim_hotkey: 'escape' -> osrs_key=13 at frame 8500
torirs_perf: window=16 frame_p95=5.41ms
sim_hotkey: 'escape' -> osrs_key=13 at frame 8520
sim_hotkey: 'f1' -> osrs_key=1 at frame 8540
sim_hotkey: 'f2' -> osrs_key=2 at frame 8560
sim_hotkey: 'f3' -> osrs_key=3 at frame 8580
spawn_npc: npc=2854 element=59755 tile=90,84 level=0 size=1 recolors=1 retextures=0
sim_hotkey: 'f4' -> osrs_key=4 at frame 8600
sim_hotkey: 'f5' -> osrs_key=5 at frame 8620
Dat2SpriteLoadByName: archive 'mapfunction' not found in sprites table
Dat2SpriteLoadByName: archive 'hitmark' not found in sprites table
Task_CS2Run: script 7188 failed at opcode 34 pc 14 (invoked as script 7128 for component 0x28a0000)
  script 7188: int_args=0 str_args=0 int_locals=1 str_locals=1 ops=31
  pc=0 op=0 PUSH_CONSTANT_INT operand=-1 str=(null)
  pc=1 op=34 POP_INT_LOCAL operand=0 str=(null)
  pc=2 op=3 PUSH_CONSTANT_STRING operand=0 str=
  pc=3 op=36 POP_STRING_LOCAL operand=0 str=(null)
  pc=4 op=25 PUSH_VARBIT operand=14881 str=(null)
  pc=5 op=60 SWITCH operand=0 str=(null)
  pc=6 op=3 PUSH_CONSTANT_STRING operand=0 str=graphic_4911
  pc=7 op=3 PUSH_CONSTANT_STRING operand=0 str=Grand Exchange value
  pc=8 op=36 POP_STRING_LOCAL operand=0 str=(null)
  pc=9 op=34 POP_INT_LOCAL operand=0 str=(null)
  pc=10 op=6 BRANCH operand=10 str=(null)
  pc=11 op=3 PUSH_CONSTANT_STRING operand=0 str=graphic_4912
  pc=12 op=3 PUSH_CONSTANT_STRING operand=0 str=High Alchemy value
  pc=13 op=36 POP_STRING_LOCAL operand=0 str=(null)
  pc=14 op=34 POP_INT_LOCAL operand=0 str=(null)
  pc=15 op=6 BRANCH operand=5 str=(null)
  pc=16 op=3 PUSH_CONSTANT_STRING operand=0 str=graphic_4911
CS2VM2: call depth 128 exhausted calling script 904 from script 904 (raise CS2VM_MAX_FRAMES)
Task_CS2Run: script 904 failed at opcode 40 pc 2 (invoked as script 903 for component 0xa10000)
  script 904: int_args=2 str_args=0 int_locals=2 str_locals=0 ops=4
  pc=0 op=33 PUSH_INT_LOCAL operand=0 str=(null)
  pc=1 op=33 PUSH_INT_LOCAL operand=1 str=(null)
  pc=2 op=40 GOSUB_WITH_PARAMS operand=904 str=(null)
  pc=3 op=21 RETURN operand=0 str=(null)
sim_hotkey: 'f6' -> osrs_key=6 at frame 8640
sim_hotkey: 'f7' -> osrs_key=7 at frame 8660
sim_hotkey: 'f8' -> osrs_key=8 at frame 8680
sim_hotkey: 'f9' -> osrs_key=9 at frame 8700
sim_hotkey: 'f10' -> osrs_key=10 at frame 8720
sim_hotkey: 'f11' -> osrs_key=11 at frame 8740
sim_hotkey: 'f12' -> osrs_key=12 at frame 8760
sim_hotkey: 'escape' -> osrs_key=13 at frame 8780
sim_hotkey: 'escape' -> osrs_key=13 at frame 8800
spawn_npc: npc=2854 element=59770 tile=90,84 level=0 size=1 recolors=1 retextures=0
Dat2SpriteLoadByName: archive 'mapfunction' not found in sprites table
Dat2SpriteLoadByName: archive 'hitmark' not found in sprites table
CS2VM2: call depth 128 exhausted calling script 904 from script 904 (raise CS2VM_MAX_FRAMES)
Task_CS2Run: script 904 failed at opcode 40 pc 2 (invoked as script 903 for component 0xa10000)
  script 904: int_args=2 str_args=0 int_locals=2 str_locals=0 ops=4
  pc=0 op=33 PUSH_INT_LOCAL operand=0 str=(null)
  pc=1 op=33 PUSH_INT_LOCAL operand=1 str=(null)
  pc=2 op=40 GOSUB_WITH_PARAMS operand=904 str=(null)
  pc=3 op=21 RETURN operand=0 str=(null)
sim_hotkey: 'f1' -> osrs_key=1 at frame 8820
sim_hotkey: 'f2' -> osrs_key=2 at frame 8840
sim_hotkey: 'f3' -> osrs_key=3 at frame 8860
sim_hotkey: 'f4' -> osrs_key=4 at frame 8880
sim_hotkey: 'f5' -> osrs_key=5 at frame 8900
sim_hotkey: 'f6' -> osrs_key=6 at frame 8920
sim_hotkey: 'f7' -> osrs_key=7 at frame 8940
sim_hotkey: 'f8' -> osrs_key=8 at frame 8960
sim_hotkey: 'f9' -> osrs_key=9 at frame 8980
sim_hotkey: 'f10' -> osrs_key=10 at frame 9000
spawn_npc: npc=3108 element=59773 tile=90,84 level=0 size=1 recolors=2 retextures=0
torirs_perf: window=17 frame_p95=4.89ms
sim_hotkey: 'f11' -> osrs_key=11 at frame 9020
sim_hotkey: 'f12' -> osrs_key=12 at frame 9040
sim_hotkey: 'escape' -> osrs_key=13 at frame 9060
sim_hotkey: 'escape' -> osrs_key=13 at frame 9080
sim_hotkey: 'f1' -> osrs_key=1 at frame 9100
spawn_npc: npc=3111 element=59774 tile=90,84 level=0 size=1 recolors=3 retextures=0
sim_hotkey: 'f2' -> osrs_key=2 at frame 9120
sim_hotkey: 'f3' -> osrs_key=3 at frame 9140
Failed to load dat2 idk 307
Dat2SpriteLoadByName: archive 'mapfunction' not found in sprites table
Dat2SpriteLoadByName: archive 'hitmark' not found in sprites table
CS2VM2: call depth 128 exhausted calling script 904 from script 904 (raise CS2VM_MAX_FRAMES)
Task_CS2Run: script 904 failed at opcode 40 pc 2 (invoked as script 903 for component 0xa10000)
  script 904: int_args=2 str_args=0 int_locals=2 str_locals=0 ops=4
  pc=0 op=33 PUSH_INT_LOCAL operand=0 str=(null)
  pc=1 op=33 PUSH_INT_LOCAL operand=1 str=(null)
  pc=2 op=40 GOSUB_WITH_PARAMS operand=904 str=(null)
  pc=3 op=21 RETURN operand=0 str=(null)
Dat2SpriteLoadByName: archive 'mapfunction' not found in sprites table
Dat2SpriteLoadByName: archive 'hitmark' not found in sprites table
CS2VM2: call depth 128 exhausted calling script 904 from script 904 (raise CS2VM_MAX_FRAMES)
Task_CS2Run: script 904 failed at opcode 40 pc 2 (invoked as script 903 for component 0xa10000)
  script 904: int_args=2 str_args=0 int_locals=2 str_locals=0 ops=4
  pc=0 op=33 PUSH_INT_LOCAL operand=0 str=(null)
  pc=1 op=33 PUSH_INT_LOCAL operand=1 str=(null)
  pc=2 op=40 GOSUB_WITH_PARAMS operand=904 str=(null)
  pc=3 op=21 RETURN operand=0 str=(null)
sim_hotkey: 'f4' -> osrs_key=4 at frame 9160
sim_hotkey: 'f5' -> osrs_key=5 at frame 9180
sim_hotkey: 'f6' -> osrs_key=6 at frame 9200
sim_hotkey: 'f7' -> osrs_key=7 at frame 9220
sim_hotkey: 'f8' -> osrs_key=8 at frame 9240
sim_hotkey: 'f9' -> osrs_key=9 at frame 9260
torirs_iface_stats: tick=2750 groups=33
  group=161 opens=1 closes=0 bakes=1 reuse=0 live=106 hidden=18 hooks=22 hook_bytes=224400
  group=162 opens=1 closes=0 bakes=1 reuse=0 live=3222 hidden=2413 hooks=18 hook_bytes=183600
  group=651 opens=1 closes=0 bakes=1 reuse=0 live=7 hidden=0 hooks=0 hook_bytes=0
  group=708 opens=1 closes=0 bakes=1 reuse=0 live=13 hidden=1 hooks=4 hook_bytes=40800
  group=163 opens=1 closes=0 bakes=0 reuse=1 live=26 hidden=25 hooks=0 hook_bytes=0
  group=303 opens=1 closes=0 bakes=1 reuse=0 live=21 hidden=5 hooks=2 hook_bytes=20400
  group=90 opens=1 closes=0 bakes=1 reuse=0 live=60 hidden=13 hooks=13 hook_bytes=132600
  group=160 opens=1 closes=0 bakes=1 reuse=0 live=58 hidden=12 hooks=11 hook_bytes=112200
  group=122 opens=1 closes=0 bakes=1 reuse=0 live=33 hidden=15 hooks=9 hook_bytes=91800
  group=728 opens=1 closes=0 bakes=0 reuse=1 live=50 hidden=2 hooks=4 hook_bytes=40800
  group=896 opens=1 closes=0 bakes=0 reuse=1 live=903 hidden=902 hooks=0 hook_bytes=0
  group=593 opens=1 closes=0 bakes=1 reuse=0 live=117 hidden=7 hooks=6 hook_bytes=61200
  group=320 opens=1 closes=0 bakes=1 reuse=0 live=202 hidden=24 hooks=49 hook_bytes=499800
  group=629 opens=1 closes=0 bakes=1 reuse=0 live=46 hidden=5 hooks=3 hook_bytes=30600
  group=712 opens=1 closes=0 bakes=1 reuse=0 live=113 hidden=0 hooks=5 hook_bytes=51000
  group=149 opens=1 closes=0 bakes=0 reuse=1 live=29 hidden=0 hooks=28 hook_bytes=285600
  group=387 opens=1 closes=0 bakes=1 reuse=0 live=96 hidden=12 hooks=13 hook_bytes=132600
  group=541 opens=1 closes=0 bakes=1 reuse=0 live=124 hidden=33 hooks=30 hook_bytes=306000
  group=218 opens=1 closes=0 bakes=1 reuse=0 live=232 hidden=132 hooks=195 hook_bytes=1989000
  group=707 opens=1 closes=0 bakes=1 reuse=0 live=39 hidden=0 hooks=5 hook_bytes=51000
  group=109 opens=1 closes=0 bakes=1 reuse=0 live=96 hidden=13 hooks=10 hook_bytes=102000
  group=429 opens=1 closes=0 bakes=1 reuse=0 live=35 hidden=0 hooks=8 hook_bytes=81600
  group=182 opens=1 closes=0 bakes=1 reuse=0 live=94 hidden=3 hooks=10 hook_bytes=102000
  group=116 opens=1 closes=0 bakes=1 reuse=0 live=222 hidden=12 hooks=65 hook_bytes=663000
  group=216 opens=1 closes=0 bakes=1 reuse=0 live=124 hidden=0 hooks=61 hook_bytes=622200
  group=239 opens=1 closes=0 bakes=1 reuse=0 live=934 hidden=597 hooks=267 hook_bytes=2723400
  group=12 opens=10 closes=9 bakes=1 reuse=9 live=1781 hidden=72 hooks=1505 hook_bytes=15351000
  group=15 opens=10 closes=9 bakes=1 reuse=9 live=650 hidden=48 hooks=366 hook_bytes=3733200
  group=84 opens=9 closes=9 bakes=1 reuse=8 live=123 hidden=14 hooks=25 hook_bytes=255000
  group=729 opens=9 closes=9 bakes=0 reuse=9 live=36 hidden=1 hooks=6 hook_bytes=61200
  group=650 opens=9 closes=9 bakes=1 reuse=8 live=110 hidden=3 hooks=15 hook_bytes=153000
  group=894 opens=9 closes=8 bakes=1 reuse=8 live=413 hidden=4 hooks=117 hook_bytes=1193400
  group=32766 opens=0 closes=0 bakes=0 reuse=0 live=4 hidden=0 hooks=0 hook_bytes=0
torirs_stats: tick=2750 components=10119 live=10119 hidden=4386 freed=0 free_head=-1 inv_hooks=49 var_hooks=218 timers=30 timers_hidden=7 iface_parents=28
Failed to load dat2 idk 307
Dat2SpriteLoadByName: archive 'mapfunction' not found in sprites table
Dat2SpriteLoadByName: archive 'hitmark' not found in sprites table
CS2VM2: call depth 128 exhausted calling script 904 from script 904 (raise CS2VM_MAX_FRAMES)
Task_CS2Run: script 904 failed at opcode 40 pc 2 (invoked as script 903 for component 0xa10000)
  script 904: int_args=2 str_args=0 int_locals=2 str_locals=0 ops=4
  pc=0 op=33 PUSH_INT_LOCAL operand=0 str=(null)
  pc=1 op=33 PUSH_INT_LOCAL operand=1 str=(null)
  pc=2 op=40 GOSUB_WITH_PARAMS operand=904 str=(null)
  pc=3 op=21 RETURN operand=0 str=(null)
sim_hotkey: 'f10' -> osrs_key=10 at frame 9280
sim_hotkey: 'f11' -> osrs_key=11 at frame 9300
sim_hotkey: 'f12' -> osrs_key=12 at frame 9320
sim_hotkey: 'escape' -> osrs_key=13 at frame 9340
sim_hotkey: 'escape' -> osrs_key=13 at frame 9360
CS2VM2: call depth 128 exhausted calling script 904 from script 904 (raise CS2VM_MAX_FRAMES)
Task_CS2Run: script 904 failed at opcode 40 pc 2 (invoked as script 903 for component 0xa10000)
  script 904: int_args=2 str_args=0 int_locals=2 str_locals=0 ops=4
  pc=0 op=33 PUSH_INT_LOCAL operand=0 str=(null)
  pc=1 op=33 PUSH_INT_LOCAL operand=1 str=(null)
  pc=2 op=40 GOSUB_WITH_PARAMS operand=904 str=(null)
  pc=3 op=21 RETURN operand=0 str=(null)
CS2VM2: call depth 128 exhausted calling script 904 from script 904 (raise CS2VM_MAX_FRAMES)
Task_CS2Run: script 904 failed at opcode 40 pc 2 (invoked as script 903 for component 0xa10000)
  script 904: int_args=2 str_args=0 int_locals=2 str_locals=0 ops=4
  pc=0 op=33 PUSH_INT_LOCAL operand=0 str=(null)
  pc=1 op=33 PUSH_INT_LOCAL operand=1 str=(null)
  pc=2 op=40 GOSUB_WITH_PARAMS operand=904 str=(null)
  pc=3 op=21 RETURN operand=0 str=(null)
CS2VM2: call depth 128 exhausted calling script 904 from script 904 (raise CS2VM_MAX_FRAMES)
Task_CS2Run: script 904 failed at opcode 40 pc 2 (invoked as script 903 for component 0xa10000)
  script 904: int_args=2 str_args=0 int_locals=2 str_locals=0 ops=4
  pc=0 op=33 PUSH_INT_LOCAL operand=0 str=(null)
  pc=1 op=33 PUSH_INT_LOCAL operand=1 str=(null)
  pc=2 op=40 GOSUB_WITH_PARAMS operand=904 str=(null)
  pc=3 op=21 RETURN operand=0 str=(null)
CS2VM2: call depth 128 exhausted calling script 904 from script 904 (raise CS2VM_MAX_FRAMES)
Task_CS2Run: script 904 failed at opcode 40 pc 2 (invoked as script 903 for component 0xa10000)
  script 904: int_args=2 str_args=0 int_locals=2 str_locals=0 ops=4
  pc=0 op=33 PUSH_INT_LOCAL operand=0 str=(null)
  pc=1 op=33 PUSH_INT_LOCAL operand=1 str=(null)
  pc=2 op=40 GOSUB_WITH_PARAMS operand=904 str=(null)
  pc=3 op=21 RETURN operand=0 str=(null)
sim_hotkey: 'f1' -> osrs_key=1 at frame 9380
sim_hotkey: 'f2' -> osrs_key=2 at frame 9400
sim_hotkey: 'f3' -> osrs_key=3 at frame 9420
sim_hotkey: 'f4' -> osrs_key=4 at frame 9440
Dat2SpriteLoadByName: archive 'mapfunction' not found in sprites table
Dat2SpriteLoadByName: archive 'hitmark' not found in sprites table
CS2VM2: call depth 128 exhausted calling script 904 from script 904 (raise CS2VM_MAX_FRAMES)
Task_CS2Run: script 904 failed at opcode 40 pc 2 (invoked as script 903 for component 0xa10000)
  script 904: int_args=2 str_args=0 int_locals=2 str_locals=0 ops=4
  pc=0 op=33 PUSH_INT_LOCAL operand=0 str=(null)
  pc=1 op=33 PUSH_INT_LOCAL operand=1 str=(null)
  pc=2 op=40 GOSUB_WITH_PARAMS operand=904 str=(null)
  pc=3 op=21 RETURN operand=0 str=(null)
sim_hotkey: 'f5' -> osrs_key=5 at frame 9460
sim_hotkey: 'f6' -> osrs_key=6 at frame 9480
sim_hotkey: 'f7' -> osrs_key=7 at frame 9500
torirs_perf: window=18 frame_p95=5.96ms
sim_hotkey: 'f8' -> osrs_key=8 at frame 9520
sim_hotkey: 'f9' -> osrs_key=9 at frame 9540
sim_hotkey: 'f10' -> osrs_key=10 at frame 9560
sim_hotkey: 'f11' -> osrs_key=11 at frame 9580
sim_hotkey: 'f12' -> osrs_key=12 at frame 9600
sim_hotkey: 'escape' -> osrs_key=13 at frame 9620
Dat2SpriteLoadByName: archive 'mapfunction' not found in sprites table
Dat2SpriteLoadByName: archive 'hitmark' not found in sprites table
Task_CS2Run: script 7188 failed at opcode 34 pc 14 (invoked as script 7128 for component 0x28a0000)
  script 7188: int_args=0 str_args=0 int_locals=1 str_locals=1 ops=31
  pc=0 op=0 PUSH_CONSTANT_INT operand=-1 str=(null)
  pc=1 op=34 POP_INT_LOCAL operand=0 str=(null)
  pc=2 op=3 PUSH_CONSTANT_STRING operand=0 str=
  pc=3 op=36 POP_STRING_LOCAL operand=0 str=(null)
  pc=4 op=25 PUSH_VARBIT operand=14881 str=(null)
  pc=5 op=60 SWITCH operand=0 str=(null)
  pc=6 op=3 PUSH_CONSTANT_STRING operand=0 str=graphic_4911
  pc=7 op=3 PUSH_CONSTANT_STRING operand=0 str=Grand Exchange value
  pc=8 op=36 POP_STRING_LOCAL operand=0 str=(null)
  pc=9 op=34 POP_INT_LOCAL operand=0 str=(null)
  pc=10 op=6 BRANCH operand=10 str=(null)
  pc=11 op=3 PUSH_CONSTANT_STRING operand=0 str=graphic_4912
  pc=12 op=3 PUSH_CONSTANT_STRING operand=0 str=High Alchemy value
  pc=13 op=36 POP_STRING_LOCAL operand=0 str=(null)
  pc=14 op=34 POP_INT_LOCAL operand=0 str=(null)
  pc=15 op=6 BRANCH operand=5 str=(null)
  pc=16 op=3 PUSH_CONSTANT_STRING operand=0 str=graphic_4911
CS2VM2: call depth 128 exhausted calling script 904 from script 904 (raise CS2VM_MAX_FRAMES)
Task_CS2Run: script 904 failed at opcode 40 pc 2 (invoked as script 903 for component 0xa10000)
  script 904: int_args=2 str_args=0 int_locals=2 str_locals=0 ops=4
  pc=0 op=33 PUSH_INT_LOCAL operand=0 str=(null)
  pc=1 op=33 PUSH_INT_LOCAL operand=1 str=(null)
  pc=2 op=40 GOSUB_WITH_PARAMS operand=904 str=(null)
  pc=3 op=21 RETURN operand=0 str=(null)
sim_hotkey: 'escape' -> osrs_key=13 at frame 9640
sim_hotkey: 'f1' -> osrs_key=1 at frame 9660
sim_hotkey: 'f2' -> osrs_key=2 at frame 9680
sim_hotkey: 'f3' -> osrs_key=3 at frame 9700
sim_hotkey: 'f4' -> osrs_key=4 at frame 9720
sim_hotkey: 'f5' -> osrs_key=5 at frame 9740
sim_hotkey: 'f6' -> osrs_key=6 at frame 9760
sim_hotkey: 'f7' -> osrs_key=7 at frame 9780
sim_hotkey: 'f8' -> osrs_key=8 at frame 9800
Dat2SpriteLoadByName: archive 'mapfunction' not found in sprites table
Dat2SpriteLoadByName: archive 'hitmark' not found in sprites table
CS2VM2: call depth 128 exhausted calling script 904 from script 904 (raise CS2VM_MAX_FRAMES)
Task_CS2Run: script 904 failed at opcode 40 pc 2 (invoked as script 903 for component 0xa10000)
  script 904: int_args=2 str_args=0 int_locals=2 str_locals=0 ops=4
  pc=0 op=33 PUSH_INT_LOCAL operand=0 str=(null)
  pc=1 op=33 PUSH_INT_LOCAL operand=1 str=(null)
  pc=2 op=40 GOSUB_WITH_PARAMS operand=904 str=(null)
  pc=3 op=21 RETURN operand=0 str=(null)
sim_hotkey: 'f9' -> osrs_key=9 at frame 9820
sim_hotkey: 'f10' -> osrs_key=10 at frame 9840
sim_hotkey: 'f11' -> osrs_key=11 at frame 9860
sim_hotkey: 'f12' -> osrs_key=12 at frame 9880
sim_hotkey: 'escape' -> osrs_key=13 at frame 9900
sim_hotkey: 'escape' -> osrs_key=13 at frame 9920
sim_hotkey: 'f1' -> osrs_key=1 at frame 9940
sim_hotkey: 'f2' -> osrs_key=2 at frame 9960
sim_hotkey: 'f3' -> osrs_key=3 at frame 9980
sim_hotkey: 'f4' -> osrs_key=4 at frame 10000
torirs_perf: window=19 frame_p95=4.80ms
sim_hotkey: 'f5' -> osrs_key=5 at frame 10020
sim_hotkey: 'f6' -> osrs_key=6 at frame 10040
sim_hotkey: 'f7' -> osrs_key=7 at frame 10060
sim_hotkey: 'f8' -> osrs_key=8 at frame 10080
sim_hotkey: 'f9' -> osrs_key=9 at frame 10100
sim_hotkey: 'f10' -> osrs_key=10 at frame 10120
sim_hotkey: 'f11' -> osrs_key=11 at frame 10140
torirs_iface_stats: tick=3000 groups=33
  group=161 opens=1 closes=0 bakes=1 reuse=0 live=106 hidden=14 hooks=22 hook_bytes=224400
  group=162 opens=1 closes=0 bakes=1 reuse=0 live=3222 hidden=2413 hooks=18 hook_bytes=183600
  group=651 opens=1 closes=0 bakes=1 reuse=0 live=7 hidden=0 hooks=0 hook_bytes=0
  group=708 opens=1 closes=0 bakes=1 reuse=0 live=13 hidden=1 hooks=4 hook_bytes=40800
  group=163 opens=1 closes=0 bakes=0 reuse=1 live=26 hidden=25 hooks=0 hook_bytes=0
  group=303 opens=1 closes=0 bakes=1 reuse=0 live=21 hidden=5 hooks=2 hook_bytes=20400
  group=90 opens=1 closes=0 bakes=1 reuse=0 live=60 hidden=13 hooks=13 hook_bytes=132600
  group=160 opens=1 closes=0 bakes=1 reuse=0 live=58 hidden=12 hooks=11 hook_bytes=112200
  group=122 opens=1 closes=0 bakes=1 reuse=0 live=33 hidden=15 hooks=9 hook_bytes=91800
  group=728 opens=1 closes=0 bakes=0 reuse=1 live=50 hidden=2 hooks=4 hook_bytes=40800
  group=896 opens=1 closes=0 bakes=0 reuse=1 live=903 hidden=902 hooks=0 hook_bytes=0
  group=593 opens=1 closes=0 bakes=1 reuse=0 live=117 hidden=7 hooks=6 hook_bytes=61200
  group=320 opens=1 closes=0 bakes=1 reuse=0 live=202 hidden=24 hooks=49 hook_bytes=499800
  group=629 opens=1 closes=0 bakes=1 reuse=0 live=46 hidden=5 hooks=3 hook_bytes=30600
  group=712 opens=1 closes=0 bakes=1 reuse=0 live=113 hidden=0 hooks=5 hook_bytes=51000
  group=149 opens=1 closes=0 bakes=0 reuse=1 live=29 hidden=0 hooks=28 hook_bytes=285600
  group=387 opens=1 closes=0 bakes=1 reuse=0 live=96 hidden=12 hooks=13 hook_bytes=132600
  group=541 opens=1 closes=0 bakes=1 reuse=0 live=124 hidden=33 hooks=30 hook_bytes=306000
  group=218 opens=1 closes=0 bakes=1 reuse=0 live=232 hidden=132 hooks=195 hook_bytes=1989000
  group=707 opens=1 closes=0 bakes=1 reuse=0 live=39 hidden=0 hooks=5 hook_bytes=51000
  group=109 opens=1 closes=0 bakes=1 reuse=0 live=96 hidden=13 hooks=10 hook_bytes=102000
  group=429 opens=1 closes=0 bakes=1 reuse=0 live=35 hidden=0 hooks=8 hook_bytes=81600
  group=182 opens=1 closes=0 bakes=1 reuse=0 live=94 hidden=3 hooks=10 hook_bytes=102000
  group=116 opens=1 closes=0 bakes=1 reuse=0 live=222 hidden=12 hooks=65 hook_bytes=663000
  group=216 opens=1 closes=0 bakes=1 reuse=0 live=124 hidden=0 hooks=61 hook_bytes=622200
  group=239 opens=1 closes=0 bakes=1 reuse=0 live=934 hidden=597 hooks=267 hook_bytes=2723400
  group=12 opens=10 closes=10 bakes=1 reuse=9 live=1781 hidden=73 hooks=1505 hook_bytes=15351000
  group=15 opens=10 closes=10 bakes=1 reuse=9 live=650 hidden=49 hooks=366 hook_bytes=3733200
  group=84 opens=10 closes=10 bakes=1 reuse=9 live=123 hidden=14 hooks=25 hook_bytes=255000
  group=729 opens=10 closes=10 bakes=0 reuse=10 live=36 hidden=1 hooks=6 hook_bytes=61200
  group=650 opens=10 closes=10 bakes=1 reuse=9 live=110 hidden=3 hooks=15 hook_bytes=153000
  group=894 opens=10 closes=9 bakes=1 reuse=9 live=413 hidden=4 hooks=117 hook_bytes=1193400
  group=32766 opens=0 closes=0 bakes=0 reuse=0 live=4 hidden=0 hooks=0 hook_bytes=0
torirs_stats: tick=3000 components=10119 live=10119 hidden=4384 freed=0 free_head=-1 inv_hooks=19 var_hooks=163 timers=28 timers_hidden=7 iface_parents=26
Failed to load dat2 idk 307
Dat2SpriteLoadByName: archive 'mapfunction' not found in sprites table
Dat2SpriteLoadByName: archive 'hitmark' not found in sprites table
CS2VM2: call depth 128 exhausted calling script 904 from script 904 (raise CS2VM_MAX_FRAMES)
Task_CS2Run: script 904 failed at opcode 40 pc 2 (invoked as script 903 for component 0xa10000)
  script 904: int_args=2 str_args=0 int_locals=2 str_locals=0 ops=4
  pc=0 op=33 PUSH_INT_LOCAL operand=0 str=(null)
  pc=1 op=33 PUSH_INT_LOCAL operand=1 str=(null)
  pc=2 op=40 GOSUB_WITH_PARAMS operand=904 str=(null)
  pc=3 op=21 RETURN operand=0 str=(null)
Dat2SpriteLoadByName: archive 'mapfunction' not found in sprites table
Dat2SpriteLoadByName: archive 'hitmark' not found in sprites table
CS2VM2: call depth 128 exhausted calling script 904 from script 904 (raise CS2VM_MAX_FRAMES)
Task_CS2Run: script 904 failed at opcode 40 pc 2 (invoked as script 903 for component 0xa10000)
  script 904: int_args=2 str_args=0 int_locals=2 str_locals=0 ops=4
  pc=0 op=33 PUSH_INT_LOCAL operand=0 str=(null)
  pc=1 op=33 PUSH_INT_LOCAL operand=1 str=(null)
  pc=2 op=40 GOSUB_WITH_PARAMS operand=904 str=(null)
  pc=3 op=21 RETURN operand=0 str=(null)
sim_hotkey: 'f12' -> osrs_key=12 at frame 10160
sim_hotkey: 'escape' -> osrs_key=13 at frame 10180
sim_hotkey: 'escape' -> osrs_key=13 at frame 10200
CS2VM2: call depth 128 exhausted calling script 904 from script 904 (raise CS2VM_MAX_FRAMES)
Task_CS2Run: script 904 failed at opcode 40 pc 2 (invoked as script 903 for component 0xa10000)
  script 904: int_args=2 str_args=0 int_locals=2 str_locals=0 ops=4
  pc=0 op=33 PUSH_INT_LOCAL operand=0 str=(null)
  pc=1 op=33 PUSH_INT_LOCAL operand=1 str=(null)
  pc=2 op=40 GOSUB_WITH_PARAMS operand=904 str=(null)
  pc=3 op=21 RETURN operand=0 str=(null)
CS2VM2: call depth 128 exhausted calling script 904 from script 904 (raise CS2VM_MAX_FRAMES)
Task_CS2Run: script 904 failed at opcode 40 pc 2 (invoked as script 903 for component 0xa10000)
  script 904: int_args=2 str_args=0 int_locals=2 str_locals=0 ops=4
  pc=0 op=33 PUSH_INT_LOCAL operand=0 str=(null)
  pc=1 op=33 PUSH_INT_LOCAL operand=1 str=(null)
  pc=2 op=40 GOSUB_WITH_PARAMS operand=904 str=(null)
  pc=3 op=21 RETURN operand=0 str=(null)
CS2VM2: call depth 128 exhausted calling script 904 from script 904 (raise CS2VM_MAX_FRAMES)
Task_CS2Run: script 904 failed at opcode 40 pc 2 (invoked as script 903 for component 0xa10000)
  script 904: int_args=2 str_args=0 int_locals=2 str_locals=0 ops=4
  pc=0 op=33 PUSH_INT_LOCAL operand=0 str=(null)
  pc=1 op=33 PUSH_INT_LOCAL operand=1 str=(null)
  pc=2 op=40 GOSUB_WITH_PARAMS operand=904 str=(null)
  pc=3 op=21 RETURN operand=0 str=(null)
CS2VM2: call depth 128 exhausted calling script 904 from script 904 (raise CS2VM_MAX_FRAMES)
Task_CS2Run: script 904 failed at opcode 40 pc 2 (invoked as script 903 for component 0xa10000)
  script 904: int_args=2 str_args=0 int_locals=2 str_locals=0 ops=4
  pc=0 op=33 PUSH_INT_LOCAL operand=0 str=(null)
  pc=1 op=33 PUSH_INT_LOCAL operand=1 str=(null)
  pc=2 op=40 GOSUB_WITH_PARAMS operand=904 str=(null)
  pc=3 op=21 RETURN operand=0 str=(null)
sim_hotkey: 'f1' -> osrs_key=1 at frame 10220
sim_hotkey: 'f2' -> osrs_key=2 at frame 10240
sim_hotkey: 'f3' -> osrs_key=3 at frame 10260
sim_hotkey: 'f4' -> osrs_key=4 at frame 10280
sim_hotkey: 'f5' -> osrs_key=5 at frame 10300
Failed to load dat2 idk 307
Dat2SpriteLoadByName: archive 'mapfunction' not found in sprites table
Dat2SpriteLoadByName: archive 'hitmark' not found in sprites table
CS2VM2: call depth 128 exhausted calling script 904 from script 904 (raise CS2VM_MAX_FRAMES)
Task_CS2Run: script 904 failed at opcode 40 pc 2 (invoked as script 903 for component 0xa10000)
  script 904: int_args=2 str_args=0 int_locals=2 str_locals=0 ops=4
  pc=0 op=33 PUSH_INT_LOCAL operand=0 str=(null)
  pc=1 op=33 PUSH_INT_LOCAL operand=1 str=(null)
  pc=2 op=40 GOSUB_WITH_PARAMS operand=904 str=(null)
  pc=3 op=21 RETURN operand=0 str=(null)
sim_hotkey: 'f6' -> osrs_key=6 at frame 10320
sim_hotkey: 'f7' -> osrs_key=7 at frame 10340
sim_hotkey: 'f8' -> osrs_key=8 at frame 10360
sim_hotkey: 'f9' -> osrs_key=9 at frame 10380
sim_hotkey: 'f10' -> osrs_key=10 at frame 10400
sim_hotkey: 'f11' -> osrs_key=11 at frame 10420
sim_hotkey: 'f12' -> osrs_key=12 at frame 10440
sim_hotkey: 'escape' -> osrs_key=13 at frame 10460
Dat2SpriteLoadByName: archive 'mapfunction' not found in sprites table
Dat2SpriteLoadByName: archive 'hitmark' not found in sprites table
CS2VM2: call depth 128 exhausted calling script 904 from script 904 (raise CS2VM_MAX_FRAMES)
Task_CS2Run: script 904 failed at opcode 40 pc 2 (invoked as script 903 for component 0xa10000)
  script 904: int_args=2 str_args=0 int_locals=2 str_locals=0 ops=4
  pc=0 op=33 PUSH_INT_LOCAL operand=0 str=(null)
  pc=1 op=33 PUSH_INT_LOCAL operand=1 str=(null)
  pc=2 op=40 GOSUB_WITH_PARAMS operand=904 str=(null)
  pc=3 op=21 RETURN operand=0 str=(null)
sim_hotkey: 'escape' -> osrs_key=13 at frame 10480
CS2VM2: call depth 128 exhausted calling script 904 from script 904 (raise CS2VM_MAX_FRAMES)
Task_CS2Run: script 904 failed at opcode 40 pc 2 (invoked as script 903 for component 0xa10000)
  script 904: int_args=2 str_args=0 int_locals=2 str_locals=0 ops=4
  pc=0 op=33 PUSH_INT_LOCAL operand=0 str=(null)
  pc=1 op=33 PUSH_INT_LOCAL operand=1 str=(null)
  pc=2 op=40 GOSUB_WITH_PARAMS operand=904 str=(null)
  pc=3 op=21 RETURN operand=0 str=(null)
CS2VM2: call depth 128 exhausted calling script 904 from script 904 (raise CS2VM_MAX_FRAMES)
Task_CS2Run: script 904 failed at opcode 40 pc 2 (invoked as script 903 for component 0xa10000)
  script 904: int_args=2 str_args=0 int_locals=2 str_locals=0 ops=4
  pc=0 op=33 PUSH_INT_LOCAL operand=0 str=(null)
  pc=1 op=33 PUSH_INT_LOCAL operand=1 str=(null)
  pc=2 op=40 GOSUB_WITH_PARAMS operand=904 str=(null)
  pc=3 op=21 RETURN operand=0 str=(null)
sim_hotkey: 'f1' -> osrs_key=1 at frame 10500
torirs_perf: window=20 frame_p95=5.71ms
sim_hotkey: 'f2' -> osrs_key=2 at frame 10520
sim_hotkey: 'f3' -> osrs_key=3 at frame 10540
sim_hotkey: 'f4' -> osrs_key=4 at frame 10560
spawn_npc: npc=2854 element=59770 tile=90,84 level=0 size=1 recolors=1 retextures=0
sim_hotkey: 'f5' -> osrs_key=5 at frame 10580
sim_hotkey: 'f6' -> osrs_key=6 at frame 10600
sim_hotkey: 'f7' -> osrs_key=7 at frame 10620
Dat2SpriteLoadByName: archive 'mapfunction' not found in sprites table
Dat2SpriteLoadByName: archive 'hitmark' not found in sprites table
Task_CS2Run: script 7188 failed at opcode 34 pc 14 (invoked as script 7128 for component 0x28a0000)
  script 7188: int_args=0 str_args=0 int_locals=1 str_locals=1 ops=31
  pc=0 op=0 PUSH_CONSTANT_INT operand=-1 str=(null)
  pc=1 op=34 POP_INT_LOCAL operand=0 str=(null)
  pc=2 op=3 PUSH_CONSTANT_STRING operand=0 str=
  pc=3 op=36 POP_STRING_LOCAL operand=0 str=(null)
  pc=4 op=25 PUSH_VARBIT operand=14881 str=(null)
  pc=5 op=60 SWITCH operand=0 str=(null)
  pc=6 op=3 PUSH_CONSTANT_STRING operand=0 str=graphic_4911
  pc=7 op=3 PUSH_CONSTANT_STRING operand=0 str=Grand Exchange value
  pc=8 op=36 POP_STRING_LOCAL operand=0 str=(null)
  pc=9 op=34 POP_INT_LOCAL operand=0 str=(null)
  pc=10 op=6 BRANCH operand=10 str=(null)
  pc=11 op=3 PUSH_CONSTANT_STRING operand=0 str=graphic_4912
  pc=12 op=3 PUSH_CONSTANT_STRING operand=0 str=High Alchemy value
  pc=13 op=36 POP_STRING_LOCAL operand=0 str=(null)
  pc=14 op=34 POP_INT_LOCAL operand=0 str=(null)
  pc=15 op=6 BRANCH operand=5 str=(null)
  pc=16 op=3 PUSH_CONSTANT_STRING operand=0 str=graphic_4911
CS2VM2: call depth 128 exhausted calling script 904 from script 904 (raise CS2VM_MAX_FRAMES)
Task_CS2Run: script 904 failed at opcode 40 pc 2 (invoked as script 903 for component 0xa10000)
  script 904: int_args=2 str_args=0 int_locals=2 str_locals=0 ops=4
  pc=0 op=33 PUSH_INT_LOCAL operand=0 str=(null)
  pc=1 op=33 PUSH_INT_LOCAL operand=1 str=(null)
  pc=2 op=40 GOSUB_WITH_PARAMS operand=904 str=(null)
  pc=3 op=21 RETURN operand=0 str=(null)
sim_hotkey: 'f8' -> osrs_key=8 at frame 10640
sim_hotkey: 'f9' -> osrs_key=9 at frame 10660
sim_hotkey: 'f10' -> osrs_key=10 at frame 10680
sim_hotkey: 'f11' -> osrs_key=11 at frame 10700
sim_hotkey: 'f12' -> osrs_key=12 at frame 10720
sim_hotkey: 'escape' -> osrs_key=13 at frame 10740
sim_hotkey: 'escape' -> osrs_key=13 at frame 10760
sim_hotkey: 'f1' -> osrs_key=1 at frame 10780
sim_hotkey: 'f2' -> osrs_key=2 at frame 10800
sim_hotkey: 'f3' -> osrs_key=3 at frame 10820
Dat2SpriteLoadByName: archive 'mapfunction' not found in sprites table
Dat2SpriteLoadByName: archive 'hitmark' not found in sprites table
CS2VM2: call depth 128 exhausted calling script 904 from script 904 (raise CS2VM_MAX_FRAMES)
Task_CS2Run: script 904 failed at opcode 40 pc 2 (invoked as script 903 for component 0xa10000)
  script 904: int_args=2 str_args=0 int_locals=2 str_locals=0 ops=4
  pc=0 op=33 PUSH_INT_LOCAL operand=0 str=(null)
  pc=1 op=33 PUSH_INT_LOCAL operand=1 str=(null)
  pc=2 op=40 GOSUB_WITH_PARAMS operand=904 str=(null)
  pc=3 op=21 RETURN operand=0 str=(null)
sim_hotkey: 'f4' -> osrs_key=4 at frame 10840
sim_hotkey: 'f5' -> osrs_key=5 at frame 10860
sim_hotkey: 'f6' -> osrs_key=6 at frame 10880
sim_hotkey: 'f7' -> osrs_key=7 at frame 10900
sim_hotkey: 'f8' -> osrs_key=8 at frame 10920
sim_hotkey: 'f9' -> osrs_key=9 at frame 10940
sim_hotkey: 'f10' -> osrs_key=10 at frame 10960
sim_hotkey: 'f11' -> osrs_key=11 at frame 10980
torirs_iface_stats: tick=3250 groups=33
  group=161 opens=1 closes=0 bakes=1 reuse=0 live=106 hidden=14 hooks=22 hook_bytes=224400
  group=162 opens=1 closes=0 bakes=1 reuse=0 live=3222 hidden=2413 hooks=18 hook_bytes=183600
  group=651 opens=1 closes=0 bakes=1 reuse=0 live=7 hidden=0 hooks=0 hook_bytes=0
  group=708 opens=1 closes=0 bakes=1 reuse=0 live=13 hidden=1 hooks=4 hook_bytes=40800
  group=163 opens=1 closes=0 bakes=0 reuse=1 live=26 hidden=25 hooks=0 hook_bytes=0
  group=303 opens=1 closes=0 bakes=1 reuse=0 live=21 hidden=5 hooks=2 hook_bytes=20400
  group=90 opens=1 closes=0 bakes=1 reuse=0 live=60 hidden=13 hooks=13 hook_bytes=132600
  group=160 opens=1 closes=0 bakes=1 reuse=0 live=58 hidden=12 hooks=11 hook_bytes=112200
  group=122 opens=1 closes=0 bakes=1 reuse=0 live=33 hidden=15 hooks=9 hook_bytes=91800
  group=728 opens=1 closes=0 bakes=0 reuse=1 live=50 hidden=2 hooks=4 hook_bytes=40800
  group=896 opens=1 closes=0 bakes=0 reuse=1 live=903 hidden=902 hooks=0 hook_bytes=0
  group=593 opens=1 closes=0 bakes=1 reuse=0 live=117 hidden=7 hooks=6 hook_bytes=61200
  group=320 opens=1 closes=0 bakes=1 reuse=0 live=202 hidden=24 hooks=49 hook_bytes=499800
  group=629 opens=1 closes=0 bakes=1 reuse=0 live=46 hidden=5 hooks=3 hook_bytes=30600
  group=712 opens=1 closes=0 bakes=1 reuse=0 live=113 hidden=0 hooks=5 hook_bytes=51000
  group=149 opens=1 closes=0 bakes=0 reuse=1 live=29 hidden=0 hooks=28 hook_bytes=285600
  group=387 opens=1 closes=0 bakes=1 reuse=0 live=96 hidden=12 hooks=13 hook_bytes=132600
  group=541 opens=1 closes=0 bakes=1 reuse=0 live=124 hidden=33 hooks=30 hook_bytes=306000
  group=218 opens=1 closes=0 bakes=1 reuse=0 live=232 hidden=132 hooks=195 hook_bytes=1989000
  group=707 opens=1 closes=0 bakes=1 reuse=0 live=39 hidden=0 hooks=5 hook_bytes=51000
  group=109 opens=1 closes=0 bakes=1 reuse=0 live=96 hidden=13 hooks=10 hook_bytes=102000
  group=429 opens=1 closes=0 bakes=1 reuse=0 live=35 hidden=0 hooks=8 hook_bytes=81600
  group=182 opens=1 closes=0 bakes=1 reuse=0 live=94 hidden=3 hooks=10 hook_bytes=102000
  group=116 opens=1 closes=0 bakes=1 reuse=0 live=222 hidden=12 hooks=65 hook_bytes=663000
  group=216 opens=1 closes=0 bakes=1 reuse=0 live=124 hidden=0 hooks=61 hook_bytes=622200
  group=239 opens=1 closes=0 bakes=1 reuse=0 live=934 hidden=597 hooks=267 hook_bytes=2723400
  group=12 opens=11 closes=11 bakes=1 reuse=10 live=1781 hidden=73 hooks=1505 hook_bytes=15351000
  group=15 opens=11 closes=11 bakes=1 reuse=10 live=650 hidden=49 hooks=366 hook_bytes=3733200
  group=84 opens=11 closes=11 bakes=1 reuse=10 live=123 hidden=14 hooks=25 hook_bytes=255000
  group=729 opens=11 closes=11 bakes=0 reuse=11 live=36 hidden=1 hooks=6 hook_bytes=61200
  group=650 opens=11 closes=11 bakes=1 reuse=10 live=110 hidden=3 hooks=15 hook_bytes=153000
  group=894 opens=11 closes=10 bakes=1 reuse=10 live=413 hidden=4 hooks=117 hook_bytes=1193400
  group=32766 opens=0 closes=0 bakes=0 reuse=0 live=4 hidden=0 hooks=0 hook_bytes=0
torirs_stats: tick=3250 components=10119 live=10119 hidden=4384 freed=0 free_head=-1 inv_hooks=19 var_hooks=163 timers=28 timers_hidden=7 iface_parents=26
sim_hotkey: 'f12' -> osrs_key=12 at frame 11000
torirs_perf: window=21 frame_p95=4.84ms
sim_hotkey: 'escape' -> osrs_key=13 at frame 11020
sim_hotkey: 'escape' -> osrs_key=13 at frame 11040
sim_hotkey: 'f1' -> osrs_key=1 at frame 11060
sim_hotkey: 'f2' -> osrs_key=2 at frame 11080
sim_hotkey: 'f3' -> osrs_key=3 at frame 11100
sim_hotkey: 'f4' -> osrs_key=4 at frame 11120
sim_hotkey: 'f5' -> osrs_key=5 at frame 11140
sim_hotkey: 'f6' -> osrs_key=6 at frame 11160
Failed to load dat2 idk 307
Dat2SpriteLoadByName: archive 'mapfunction' not found in sprites table
Dat2SpriteLoadByName: archive 'hitmark' not found in sprites table
CS2VM2: call depth 128 exhausted calling script 904 from script 904 (raise CS2VM_MAX_FRAMES)
Task_CS2Run: script 904 failed at opcode 40 pc 2 (invoked as script 903 for component 0xa10000)
  script 904: int_args=2 str_args=0 int_locals=2 str_locals=0 ops=4
  pc=0 op=33 PUSH_INT_LOCAL operand=0 str=(null)
  pc=1 op=33 PUSH_INT_LOCAL operand=1 str=(null)
  pc=2 op=40 GOSUB_WITH_PARAMS operand=904 str=(null)
  pc=3 op=21 RETURN operand=0 str=(null)
Dat2SpriteLoadByName: archive 'mapfunction' not found in sprites table
Dat2SpriteLoadByName: archive 'hitmark' not found in sprites table
CS2VM2: call depth 128 exhausted calling script 904 from script 904 (raise CS2VM_MAX_FRAMES)
Task_CS2Run: script 904 failed at opcode 40 pc 2 (invoked as script 903 for component 0xa10000)
  script 904: int_args=2 str_args=0 int_locals=2 str_locals=0 ops=4
  pc=0 op=33 PUSH_INT_LOCAL operand=0 str=(null)
  pc=1 op=33 PUSH_INT_LOCAL operand=1 str=(null)
  pc=2 op=40 GOSUB_WITH_PARAMS operand=904 str=(null)
  pc=3 op=21 RETURN operand=0 str=(null)
sim_hotkey: 'f7' -> osrs_key=7 at frame 11180
sim_hotkey: 'f8' -> osrs_key=8 at frame 11200
sim_hotkey: 'f9' -> osrs_key=9 at frame 11220
sim_hotkey: 'f10' -> osrs_key=10 at frame 11240
sim_hotkey: 'f11' -> osrs_key=11 at frame 11260
sim_hotkey: 'f12' -> osrs_key=12 at frame 11280
sim_hotkey: 'escape' -> osrs_key=13 at frame 11300
Failed to load dat2 idk 307
Dat2SpriteLoadByName: archive 'mapfunction' not found in sprites table
Dat2SpriteLoadByName: archive 'hitmark' not found in sprites table
CS2VM2: call depth 128 exhausted calling script 904 from script 904 (raise CS2VM_MAX_FRAMES)
Task_CS2Run: script 904 failed at opcode 40 pc 2 (invoked as script 903 for component 0xa10000)
  script 904: int_args=2 str_args=0 int_locals=2 str_locals=0 ops=4
  pc=0 op=33 PUSH_INT_LOCAL operand=0 str=(null)
  pc=1 op=33 PUSH_INT_LOCAL operand=1 str=(null)
  pc=2 op=40 GOSUB_WITH_PARAMS operand=904 str=(null)
  pc=3 op=21 RETURN operand=0 str=(null)
sim_hotkey: 'escape' -> osrs_key=13 at frame 11320
CS2VM2: call depth 128 exhausted calling script 904 from script 904 (raise CS2VM_MAX_FRAMES)
Task_CS2Run: script 904 failed at opcode 40 pc 2 (invoked as script 903 for component 0xa10000)
  script 904: int_args=2 str_args=0 int_locals=2 str_locals=0 ops=4
  pc=0 op=33 PUSH_INT_LOCAL operand=0 str=(null)
  pc=1 op=33 PUSH_INT_LOCAL operand=1 str=(null)
  pc=2 op=40 GOSUB_WITH_PARAMS operand=904 str=(null)
  pc=3 op=21 RETURN operand=0 str=(null)
CS2VM2: call depth 128 exhausted calling script 904 from script 904 (raise CS2VM_MAX_FRAMES)
Task_CS2Run: script 904 failed at opcode 40 pc 2 (invoked as script 903 for component 0xa10000)
  script 904: int_args=2 str_args=0 int_locals=2 str_locals=0 ops=4
  pc=0 op=33 PUSH_INT_LOCAL operand=0 str=(null)
  pc=1 op=33 PUSH_INT_LOCAL operand=1 str=(null)
  pc=2 op=40 GOSUB_WITH_PARAMS operand=904 str=(null)
  pc=3 op=21 RETURN operand=0 str=(null)
CS2VM2: call depth 128 exhausted calling script 904 from script 904 (raise CS2VM_MAX_FRAMES)
Task_CS2Run: script 904 failed at opcode 40 pc 2 (invoked as script 903 for component 0xa10000)
  script 904: int_args=2 str_args=0 int_locals=2 str_locals=0 ops=4
  pc=0 op=33 PUSH_INT_LOCAL operand=0 str=(null)
  pc=1 op=33 PUSH_INT_LOCAL operand=1 str=(null)
  pc=2 op=40 GOSUB_WITH_PARAMS operand=904 str=(null)
  pc=3 op=21 RETURN operand=0 str=(null)
CS2VM2: call depth 128 exhausted calling script 904 from script 904 (raise CS2VM_MAX_FRAMES)
Task_CS2Run: script 904 failed at opcode 40 pc 2 (invoked as script 903 for component 0xa10000)
  script 904: int_args=2 str_args=0 int_locals=2 str_locals=0 ops=4
  pc=0 op=33 PUSH_INT_LOCAL operand=0 str=(null)
  pc=1 op=33 PUSH_INT_LOCAL operand=1 str=(null)
  pc=2 op=40 GOSUB_WITH_PARAMS operand=904 str=(null)
  pc=3 op=21 RETURN operand=0 str=(null)
sim_hotkey: 'f1' -> osrs_key=1 at frame 11340
sim_hotkey: 'f2' -> osrs_key=2 at frame 11360
sim_hotkey: 'f3' -> osrs_key=3 at frame 11380
sim_hotkey: 'f4' -> osrs_key=4 at frame 11400
sim_hotkey: 'f5' -> osrs_key=5 at frame 11420
sim_hotkey: 'f6' -> osrs_key=6 at frame 11440
sim_hotkey: 'f7' -> osrs_key=7 at frame 11460
Dat2SpriteLoadByName: archive 'mapfunction' not found in sprites table
Dat2SpriteLoadByName: archive 'hitmark' not found in sprites table
CS2VM2: call depth 128 exhausted calling script 904 from script 904 (raise CS2VM_MAX_FRAMES)
Task_CS2Run: script 904 failed at opcode 40 pc 2 (invoked as script 903 for component 0xa10000)
  script 904: int_args=2 str_args=0 int_locals=2 str_locals=0 ops=4
  pc=0 op=33 PUSH_INT_LOCAL operand=0 str=(null)
  pc=1 op=33 PUSH_INT_LOCAL operand=1 str=(null)
  pc=2 op=40 GOSUB_WITH_PARAMS operand=904 str=(null)
  pc=3 op=21 RETURN operand=0 str=(null)
sim_hotkey: 'f8' -> osrs_key=8 at frame 11480
sim_hotkey: 'f9' -> osrs_key=9 at frame 11500
torirs_perf: window=22 frame_p95=5.69ms
sim_hotkey: 'f10' -> osrs_key=10 at frame 11520
sim_hotkey: 'f11' -> osrs_key=11 at frame 11540
sim_hotkey: 'f12' -> osrs_key=12 at frame 11560
sim_hotkey: 'escape' -> osrs_key=13 at frame 11580
sim_hotkey: 'escape' -> osrs_key=13 at frame 11600
sim_hotkey: 'f1' -> osrs_key=1 at frame 11620
sim_hotkey: 'f2' -> osrs_key=2 at frame 11640
Dat2SpriteLoadByName: archive 'mapfunction' not found in sprites table
Dat2SpriteLoadByName: archive 'hitmark' not found in sprites table
Task_CS2Run: script 7188 failed at opcode 34 pc 14 (invoked as script 7128 for component 0x28a0000)
  script 7188: int_args=0 str_args=0 int_locals=1 str_locals=1 ops=31
  pc=0 op=0 PUSH_CONSTANT_INT operand=-1 str=(null)
  pc=1 op=34 POP_INT_LOCAL operand=0 str=(null)
  pc=2 op=3 PUSH_CONSTANT_STRING operand=0 str=
  pc=3 op=36 POP_STRING_LOCAL operand=0 str=(null)
  pc=4 op=25 PUSH_VARBIT operand=14881 str=(null)
  pc=5 op=60 SWITCH operand=0 str=(null)
  pc=6 op=3 PUSH_CONSTANT_STRING operand=0 str=graphic_4911
  pc=7 op=3 PUSH_CONSTANT_STRING operand=0 str=Grand Exchange value
  pc=8 op=36 POP_STRING_LOCAL operand=0 str=(null)
  pc=9 op=34 POP_INT_LOCAL operand=0 str=(null)
  pc=10 op=6 BRANCH operand=10 str=(null)
  pc=11 op=3 PUSH_CONSTANT_STRING operand=0 str=graphic_4912
  pc=12 op=3 PUSH_CONSTANT_STRING operand=0 str=High Alchemy value
  pc=13 op=36 POP_STRING_LOCAL operand=0 str=(null)
  pc=14 op=34 POP_INT_LOCAL operand=0 str=(null)
  pc=15 op=6 BRANCH operand=5 str=(null)
  pc=16 op=3 PUSH_CONSTANT_STRING operand=0 str=graphic_4911
CS2VM2: call depth 128 exhausted calling script 904 from script 904 (raise CS2VM_MAX_FRAMES)
Task_CS2Run: script 904 failed at opcode 40 pc 2 (invoked as script 903 for component 0xa10000)
  script 904: int_args=2 str_args=0 int_locals=2 str_locals=0 ops=4
  pc=0 op=33 PUSH_INT_LOCAL operand=0 str=(null)
  pc=1 op=33 PUSH_INT_LOCAL operand=1 str=(null)
  pc=2 op=40 GOSUB_WITH_PARAMS operand=904 str=(null)
  pc=3 op=21 RETURN operand=0 str=(null)
sim_hotkey: 'f3' -> osrs_key=3 at frame 11660
sim_hotkey: 'f4' -> osrs_key=4 at frame 11680
sim_hotkey: 'f5' -> osrs_key=5 at frame 11700
sim_hotkey: 'f6' -> osrs_key=6 at frame 11720
sim_hotkey: 'f7' -> osrs_key=7 at frame 11740
spawn_npc: npc=3254 element=59770 tile=90,84 level=0 size=1 recolors=3 retextures=0
sim_hotkey: 'f8' -> osrs_key=8 at frame 11760
sim_hotkey: 'f9' -> osrs_key=9 at frame 11780
torirs_iface_stats: tick=3500 groups=33
  group=161 opens=1 closes=0 bakes=1 reuse=0 live=106 hidden=14 hooks=22 hook_bytes=224400
  group=162 opens=1 closes=0 bakes=1 reuse=0 live=3222 hidden=2413 hooks=18 hook_bytes=183600
  group=651 opens=1 closes=0 bakes=1 reuse=0 live=7 hidden=0 hooks=0 hook_bytes=0
  group=708 opens=1 closes=0 bakes=1 reuse=0 live=13 hidden=1 hooks=4 hook_bytes=40800
  group=163 opens=1 closes=0 bakes=0 reuse=1 live=26 hidden=25 hooks=0 hook_bytes=0
  group=303 opens=1 closes=0 bakes=1 reuse=0 live=21 hidden=5 hooks=2 hook_bytes=20400
  group=90 opens=1 closes=0 bakes=1 reuse=0 live=60 hidden=13 hooks=13 hook_bytes=132600
  group=160 opens=1 closes=0 bakes=1 reuse=0 live=58 hidden=12 hooks=11 hook_bytes=112200
  group=122 opens=1 closes=0 bakes=1 reuse=0 live=33 hidden=15 hooks=9 hook_bytes=91800
  group=728 opens=1 closes=0 bakes=0 reuse=1 live=50 hidden=2 hooks=4 hook_bytes=40800
  group=896 opens=1 closes=0 bakes=0 reuse=1 live=903 hidden=902 hooks=0 hook_bytes=0
  group=593 opens=1 closes=0 bakes=1 reuse=0 live=117 hidden=7 hooks=6 hook_bytes=61200
  group=320 opens=1 closes=0 bakes=1 reuse=0 live=202 hidden=24 hooks=49 hook_bytes=499800
  group=629 opens=1 closes=0 bakes=1 reuse=0 live=46 hidden=5 hooks=3 hook_bytes=30600
  group=712 opens=1 closes=0 bakes=1 reuse=0 live=113 hidden=0 hooks=5 hook_bytes=51000
  group=149 opens=1 closes=0 bakes=0 reuse=1 live=29 hidden=0 hooks=28 hook_bytes=285600
  group=387 opens=1 closes=0 bakes=1 reuse=0 live=96 hidden=12 hooks=13 hook_bytes=132600
  group=541 opens=1 closes=0 bakes=1 reuse=0 live=124 hidden=33 hooks=30 hook_bytes=306000
  group=218 opens=1 closes=0 bakes=1 reuse=0 live=232 hidden=132 hooks=195 hook_bytes=1989000
  group=707 opens=1 closes=0 bakes=1 reuse=0 live=39 hidden=0 hooks=5 hook_bytes=51000
  group=109 opens=1 closes=0 bakes=1 reuse=0 live=96 hidden=13 hooks=10 hook_bytes=102000
  group=429 opens=1 closes=0 bakes=1 reuse=0 live=35 hidden=0 hooks=8 hook_bytes=81600
  group=182 opens=1 closes=0 bakes=1 reuse=0 live=94 hidden=3 hooks=10 hook_bytes=102000
  group=116 opens=1 closes=0 bakes=1 reuse=0 live=222 hidden=12 hooks=65 hook_bytes=663000
  group=216 opens=1 closes=0 bakes=1 reuse=0 live=124 hidden=0 hooks=61 hook_bytes=622200
  group=239 opens=1 closes=0 bakes=1 reuse=0 live=934 hidden=597 hooks=267 hook_bytes=2723400
  group=12 opens=12 closes=12 bakes=1 reuse=11 live=1781 hidden=73 hooks=1505 hook_bytes=15351000
  group=15 opens=12 closes=12 bakes=1 reuse=11 live=650 hidden=49 hooks=366 hook_bytes=3733200
  group=84 opens=12 closes=12 bakes=1 reuse=11 live=123 hidden=14 hooks=25 hook_bytes=255000
  group=729 opens=12 closes=12 bakes=0 reuse=12 live=36 hidden=1 hooks=6 hook_bytes=61200
  group=650 opens=12 closes=11 bakes=1 reuse=11 live=110 hidden=2 hooks=15 hook_bytes=153000
  group=894 opens=11 closes=11 bakes=1 reuse=10 live=413 hidden=5 hooks=117 hook_bytes=1193400
  group=32766 opens=0 closes=0 bakes=0 reuse=0 live=4 hidden=0 hooks=0 hook_bytes=0
torirs_stats: tick=3500 components=10119 live=10119 hidden=4384 freed=0 free_head=-1 inv_hooks=19 var_hooks=164 timers=28 timers_hidden=7 iface_parents=26
Dat2SpriteLoadByName: archive 'mapfunction' not found in sprites table
Dat2SpriteLoadByName: archive 'hitmark' not found in sprites table
CS2VM2: call depth 128 exhausted calling script 904 from script 904 (raise CS2VM_MAX_FRAMES)
Task_CS2Run: script 904 failed at opcode 40 pc 2 (invoked as script 903 for component 0xa10000)
  script 904: int_args=2 str_args=0 int_locals=2 str_locals=0 ops=4
  pc=0 op=33 PUSH_INT_LOCAL operand=0 str=(null)
  pc=1 op=33 PUSH_INT_LOCAL operand=1 str=(null)
  pc=2 op=40 GOSUB_WITH_PARAMS operand=904 str=(null)
  pc=3 op=21 RETURN operand=0 str=(null)
sim_hotkey: 'f10' -> osrs_key=10 at frame 11800
sim_hotkey: 'f11' -> osrs_key=11 at frame 11820
sim_hotkey: 'f12' -> osrs_key=12 at frame 11840
sim_hotkey: 'escape' -> osrs_key=13 at frame 11860
sim_hotkey: 'escape' -> osrs_key=13 at frame 11880
sim_hotkey: 'f1' -> osrs_key=1 at frame 11900
sim_hotkey: 'f2' -> osrs_key=2 at frame 11920
sim_hotkey: 'f3' -> osrs_key=3 at frame 11940
sim_hotkey: 'f4' -> osrs_key=4 at frame 11960
sim_hotkey: 'f5' -> osrs_key=5 at frame 11980
sim_hotkey: 'f6' -> osrs_key=6 at frame 12000
torirs_perf: window=23 frame_p95=6.81ms
sim_hotkey: 'f7' -> osrs_key=7 at frame 12020
sim_hotkey: 'f8' -> osrs_key=8 at frame 12040
spawn_npc: npc=2854 element=59755 tile=90,84 level=0 size=1 recolors=1 retextures=0
sim_hotkey: 'f9' -> osrs_key=9 at frame 12060
sim_hotkey: 'f10' -> osrs_key=10 at frame 12080
sim_hotkey: 'f11' -> osrs_key=11 at frame 12100
sim_hotkey: 'f12' -> osrs_key=12 at frame 12120
Failed to load dat2 idk 307
Dat2SpriteLoadByName: archive 'mapfunction' not found in sprites table
Dat2SpriteLoadByName: archive 'hitmark' not found in sprites table
CS2VM2: call depth 128 exhausted calling script 904 from script 904 (raise CS2VM_MAX_FRAMES)
Task_CS2Run: script 904 failed at opcode 40 pc 2 (invoked as script 903 for component 0xa10000)
  script 904: int_args=2 str_args=0 int_locals=2 str_locals=0 ops=4
  pc=0 op=33 PUSH_INT_LOCAL operand=0 str=(null)
  pc=1 op=33 PUSH_INT_LOCAL operand=1 str=(null)
  pc=2 op=40 GOSUB_WITH_PARAMS operand=904 str=(null)
  pc=3 op=21 RETURN operand=0 str=(null)
Dat2SpriteLoadByName: archive 'mapfunction' not found in sprites table
Dat2SpriteLoadByName: archive 'hitmark' not found in sprites table
CS2VM2: call depth 128 exhausted calling script 904 from script 904 (raise CS2VM_MAX_FRAMES)
Task_CS2Run: script 904 failed at opcode 40 pc 2 (invoked as script 903 for component 0xa10000)
  script 904: int_args=2 str_args=0 int_locals=2 str_locals=0 ops=4
  pc=0 op=33 PUSH_INT_LOCAL operand=0 str=(null)
  pc=1 op=33 PUSH_INT_LOCAL operand=1 str=(null)
  pc=2 op=40 GOSUB_WITH_PARAMS operand=904 str=(null)
  pc=3 op=21 RETURN operand=0 str=(null)
sim_hotkey: 'escape' -> osrs_key=13 at frame 12140
sim_hotkey: 'escape' -> osrs_key=13 at frame 12160
CS2VM2: call depth 128 exhausted calling script 904 from script 904 (raise CS2VM_MAX_FRAMES)
Task_CS2Run: script 904 failed at opcode 40 pc 2 (invoked as script 903 for component 0xa10000)
  script 904: int_args=2 str_args=0 int_locals=2 str_locals=0 ops=4
  pc=0 op=33 PUSH_INT_LOCAL operand=0 str=(null)
  pc=1 op=33 PUSH_INT_LOCAL operand=1 str=(null)
  pc=2 op=40 GOSUB_WITH_PARAMS operand=904 str=(null)
  pc=3 op=21 RETURN operand=0 str=(null)
CS2VM2: call depth 128 exhausted calling script 904 from script 904 (raise CS2VM_MAX_FRAMES)
Task_CS2Run: script 904 failed at opcode 40 pc 2 (invoked as script 903 for component 0xa10000)
  script 904: int_args=2 str_args=0 int_locals=2 str_locals=0 ops=4
  pc=0 op=33 PUSH_INT_LOCAL operand=0 str=(null)
  pc=1 op=33 PUSH_INT_LOCAL operand=1 str=(null)
  pc=2 op=40 GOSUB_WITH_PARAMS operand=904 str=(null)
  pc=3 op=21 RETURN operand=0 str=(null)
CS2VM2: call depth 128 exhausted calling script 904 from script 904 (raise CS2VM_MAX_FRAMES)
Task_CS2Run: script 904 failed at opcode 40 pc 2 (invoked as script 903 for component 0xa10000)
  script 904: int_args=2 str_args=0 int_locals=2 str_locals=0 ops=4
  pc=0 op=33 PUSH_INT_LOCAL operand=0 str=(null)
  pc=1 op=33 PUSH_INT_LOCAL operand=1 str=(null)
  pc=2 op=40 GOSUB_WITH_PARAMS operand=904 str=(null)
  pc=3 op=21 RETURN operand=0 str=(null)
CS2VM2: call depth 128 exhausted calling script 904 from script 904 (raise CS2VM_MAX_FRAMES)
Task_CS2Run: script 904 failed at opcode 40 pc 2 (invoked as script 903 for component 0xa10000)
  script 904: int_args=2 str_args=0 int_locals=2 str_locals=0 ops=4
  pc=0 op=33 PUSH_INT_LOCAL operand=0 str=(null)
  pc=1 op=33 PUSH_INT_LOCAL operand=1 str=(null)
  pc=2 op=40 GOSUB_WITH_PARAMS operand=904 str=(null)
  pc=3 op=21 RETURN operand=0 str=(null)
sim_hotkey: 'f1' -> osrs_key=1 at frame 12180
sim_hotkey: 'f2' -> osrs_key=2 at frame 12200
sim_hotkey: 'f3' -> osrs_key=3 at frame 12220
sim_hotkey: 'f4' -> osrs_key=4 at frame 12240
sim_hotkey: 'f5' -> osrs_key=5 at frame 12260
sim_hotkey: 'f6' -> osrs_key=6 at frame 12280
Failed to load dat2 idk 307
Dat2SpriteLoadByName: archive 'mapfunction' not found in sprites table
Dat2SpriteLoadByName: archive 'hitmark' not found in sprites table
CS2VM2: call depth 128 exhausted calling script 904 from script 904 (raise CS2VM_MAX_FRAMES)
Task_CS2Run: script 904 failed at opcode 40 pc 2 (invoked as script 903 for component 0xa10000)
  script 904: int_args=2 str_args=0 int_locals=2 str_locals=0 ops=4
  pc=0 op=33 PUSH_INT_LOCAL operand=0 str=(null)
  pc=1 op=33 PUSH_INT_LOCAL operand=1 str=(null)
  pc=2 op=40 GOSUB_WITH_PARAMS operand=904 str=(null)
  pc=3 op=21 RETURN operand=0 str=(null)
sim_hotkey: 'f7' -> osrs_key=7 at frame 12300
sim_hotkey: 'f8' -> osrs_key=8 at frame 12320
sim_hotkey: 'f9' -> osrs_key=9 at frame 12340
sim_hotkey: 'f10' -> osrs_key=10 at frame 12360
sim_hotkey: 'f11' -> osrs_key=11 at frame 12380
sim_hotkey: 'f12' -> osrs_key=12 at frame 12400
sim_hotkey: 'escape' -> osrs_key=13 at frame 12420
sim_hotkey: 'escape' -> osrs_key=13 at frame 12440
CS2VM2: call depth 128 exhausted calling script 904 from script 904 (raise CS2VM_MAX_FRAMES)
Task_CS2Run: script 904 failed at opcode 40 pc 2 (invoked as script 903 for component 0xa10000)
  script 904: int_args=2 str_args=0 int_locals=2 str_locals=0 ops=4
  pc=0 op=33 PUSH_INT_LOCAL operand=0 str=(null)
  pc=1 op=33 PUSH_INT_LOCAL operand=1 str=(null)
  pc=2 op=40 GOSUB_WITH_PARAMS operand=904 str=(null)
  pc=3 op=21 RETURN operand=0 str=(null)
CS2VM2: call depth 128 exhausted calling script 904 from script 904 (raise CS2VM_MAX_FRAMES)
Task_CS2Run: script 904 failed at opcode 40 pc 2 (invoked as script 903 for component 0xa10000)
  script 904: int_args=2 str_args=0 int_locals=2 str_locals=0 ops=4
  pc=0 op=33 PUSH_INT_LOCAL operand=0 str=(null)
  pc=1 op=33 PUSH_INT_LOCAL operand=1 str=(null)
  pc=2 op=40 GOSUB_WITH_PARAMS operand=904 str=(null)
  pc=3 op=21 RETURN operand=0 str=(null)
Dat2SpriteLoadByName: archive 'mapfunction' not found in sprites table
Dat2SpriteLoadByName: archive 'hitmark' not found in sprites table
CS2VM2: call depth 128 exhausted calling script 904 from script 904 (raise CS2VM_MAX_FRAMES)
Task_CS2Run: script 904 failed at opcode 40 pc 2 (invoked as script 903 for component 0xa10000)
  script 904: int_args=2 str_args=0 int_locals=2 str_locals=0 ops=4
  pc=0 op=33 PUSH_INT_LOCAL operand=0 str=(null)
  pc=1 op=33 PUSH_INT_LOCAL operand=1 str=(null)
  pc=2 op=40 GOSUB_WITH_PARAMS operand=904 str=(null)
  pc=3 op=21 RETURN operand=0 str=(null)
spawn_npc: npc=3111 element=59772 tile=90,84 level=0 size=1 recolors=3 retextures=0
sim_hotkey: 'f1' -> osrs_key=1 at frame 12460
sim_hotkey: 'f2' -> osrs_key=2 at frame 12480
sim_hotkey: 'f3' -> osrs_key=3 at frame 12500
torirs_perf: window=24 frame_p95=5.34ms
sim_hotkey: 'f4' -> osrs_key=4 at frame 12520
sim_hotkey: 'f5' -> osrs_key=5 at frame 12540
sim_hotkey: 'f6' -> osrs_key=6 at frame 12560
sim_hotkey: 'f7' -> osrs_key=7 at frame 12580
sim_hotkey: 'f8' -> osrs_key=8 at frame 12600
sim_hotkey: 'f9' -> osrs_key=9 at frame 12620
torirs_iface_stats: tick=3750 groups=33
  group=161 opens=1 closes=0 bakes=1 reuse=0 live=106 hidden=14 hooks=22 hook_bytes=224400
  group=162 opens=1 closes=0 bakes=1 reuse=0 live=3222 hidden=2413 hooks=18 hook_bytes=183600
  group=651 opens=1 closes=0 bakes=1 reuse=0 live=7 hidden=0 hooks=0 hook_bytes=0
  group=708 opens=1 closes=0 bakes=1 reuse=0 live=13 hidden=1 hooks=4 hook_bytes=40800
  group=163 opens=1 closes=0 bakes=0 reuse=1 live=26 hidden=25 hooks=0 hook_bytes=0
  group=303 opens=1 closes=0 bakes=1 reuse=0 live=21 hidden=5 hooks=2 hook_bytes=20400
  group=90 opens=1 closes=0 bakes=1 reuse=0 live=60 hidden=13 hooks=13 hook_bytes=132600
  group=160 opens=1 closes=0 bakes=1 reuse=0 live=58 hidden=12 hooks=11 hook_bytes=112200
  group=122 opens=1 closes=0 bakes=1 reuse=0 live=33 hidden=15 hooks=9 hook_bytes=91800
  group=728 opens=1 closes=0 bakes=0 reuse=1 live=50 hidden=2 hooks=4 hook_bytes=40800
  group=896 opens=1 closes=0 bakes=0 reuse=1 live=903 hidden=902 hooks=0 hook_bytes=0
  group=593 opens=1 closes=0 bakes=1 reuse=0 live=117 hidden=7 hooks=6 hook_bytes=61200
  group=320 opens=1 closes=0 bakes=1 reuse=0 live=202 hidden=24 hooks=49 hook_bytes=499800
  group=629 opens=1 closes=0 bakes=1 reuse=0 live=46 hidden=5 hooks=3 hook_bytes=30600
  group=712 opens=1 closes=0 bakes=1 reuse=0 live=113 hidden=0 hooks=5 hook_bytes=51000
  group=149 opens=1 closes=0 bakes=0 reuse=1 live=29 hidden=0 hooks=28 hook_bytes=285600
  group=387 opens=1 closes=0 bakes=1 reuse=0 live=96 hidden=12 hooks=13 hook_bytes=132600
  group=541 opens=1 closes=0 bakes=1 reuse=0 live=124 hidden=33 hooks=30 hook_bytes=306000
  group=218 opens=1 closes=0 bakes=1 reuse=0 live=232 hidden=132 hooks=195 hook_bytes=1989000
  group=707 opens=1 closes=0 bakes=1 reuse=0 live=39 hidden=0 hooks=5 hook_bytes=51000
  group=109 opens=1 closes=0 bakes=1 reuse=0 live=96 hidden=13 hooks=10 hook_bytes=102000
  group=429 opens=1 closes=0 bakes=1 reuse=0 live=35 hidden=0 hooks=8 hook_bytes=81600
  group=182 opens=1 closes=0 bakes=1 reuse=0 live=94 hidden=3 hooks=10 hook_bytes=102000
  group=116 opens=1 closes=0 bakes=1 reuse=0 live=222 hidden=12 hooks=65 hook_bytes=663000
  group=216 opens=1 closes=0 bakes=1 reuse=0 live=124 hidden=0 hooks=61 hook_bytes=622200
  group=239 opens=1 closes=0 bakes=1 reuse=0 live=934 hidden=597 hooks=267 hook_bytes=2723400
  group=12 opens=13 closes=13 bakes=1 reuse=12 live=1781 hidden=73 hooks=1505 hook_bytes=15351000
  group=15 opens=13 closes=13 bakes=1 reuse=12 live=650 hidden=49 hooks=366 hook_bytes=3733200
  group=84 opens=13 closes=13 bakes=1 reuse=12 live=123 hidden=14 hooks=25 hook_bytes=255000
  group=729 opens=13 closes=12 bakes=0 reuse=13 live=36 hidden=0 hooks=6 hook_bytes=61200
  group=650 opens=12 closes=12 bakes=1 reuse=11 live=110 hidden=3 hooks=15 hook_bytes=153000
  group=894 opens=12 closes=12 bakes=1 reuse=11 live=413 hidden=5 hooks=117 hook_bytes=1193400
  group=32766 opens=0 closes=0 bakes=0 reuse=0 live=4 hidden=0 hooks=0 hook_bytes=0
torirs_stats: tick=3750 components=10119 live=10119 hidden=4384 freed=0 free_head=-1 inv_hooks=19 var_hooks=163 timers=28 timers_hidden=7 iface_parents=26
Dat2SpriteLoadByName: archive 'mapfunction' not found in sprites table
Dat2SpriteLoadByName: archive 'hitmark' not found in sprites table
Task_CS2Run: script 7188 failed at opcode 34 pc 14 (invoked as script 7128 for component 0x28a0000)
  script 7188: int_args=0 str_args=0 int_locals=1 str_locals=1 ops=31
  pc=0 op=0 PUSH_CONSTANT_INT operand=-1 str=(null)
  pc=1 op=34 POP_INT_LOCAL operand=0 str=(null)
  pc=2 op=3 PUSH_CONSTANT_STRING operand=0 str=
  pc=3 op=36 POP_STRING_LOCAL operand=0 str=(null)
  pc=4 op=25 PUSH_VARBIT operand=14881 str=(null)
  pc=5 op=60 SWITCH operand=0 str=(null)
  pc=6 op=3 PUSH_CONSTANT_STRING operand=0 str=graphic_4911
  pc=7 op=3 PUSH_CONSTANT_STRING operand=0 str=Grand Exchange value
  pc=8 op=36 POP_STRING_LOCAL operand=0 str=(null)
  pc=9 op=34 POP_INT_LOCAL operand=0 str=(null)
  pc=10 op=6 BRANCH operand=10 str=(null)
  pc=11 op=3 PUSH_CONSTANT_STRING operand=0 str=graphic_4912
  pc=12 op=3 PUSH_CONSTANT_STRING operand=0 str=High Alchemy value
  pc=13 op=36 POP_STRING_LOCAL operand=0 str=(null)
  pc=14 op=34 POP_INT_LOCAL operand=0 str=(null)
  pc=15 op=6 BRANCH operand=5 str=(null)
  pc=16 op=3 PUSH_CONSTANT_STRING operand=0 str=graphic_4911
CS2VM2: call depth 128 exhausted calling script 904 from script 904 (raise CS2VM_MAX_FRAMES)
Task_CS2Run: script 904 failed at opcode 40 pc 2 (invoked as script 903 for component 0xa10000)
  script 904: int_args=2 str_args=0 int_locals=2 str_locals=0 ops=4
  pc=0 op=33 PUSH_INT_LOCAL operand=0 str=(null)
  pc=1 op=33 PUSH_INT_LOCAL operand=1 str=(null)
  pc=2 op=40 GOSUB_WITH_PARAMS operand=904 str=(null)
  pc=3 op=21 RETURN operand=0 str=(null)
sim_hotkey: 'f10' -> osrs_key=10 at frame 12640
sim_hotkey: 'f11' -> osrs_key=11 at frame 12660
sim_hotkey: 'f12' -> osrs_key=12 at frame 12680
sim_hotkey: 'escape' -> osrs_key=13 at frame 12700
sim_hotkey: 'escape' -> osrs_key=13 at frame 12720
sim_hotkey: 'f1' -> osrs_key=1 at frame 12740
sim_hotkey: 'f2' -> osrs_key=2 at frame 12760
sim_hotkey: 'f3' -> osrs_key=3 at frame 12780
spawn_npc: npc=2854 element=59761 tile=90,84 level=0 size=1 recolors=1 retextures=0
sim_hotkey: 'f4' -> osrs_key=4 at frame 12800
Dat2SpriteLoadByName: archive 'mapfunction' not found in sprites table
Dat2SpriteLoadByName: archive 'hitmark' not found in sprites table
CS2VM2: call depth 128 exhausted calling script 904 from script 904 (raise CS2VM_MAX_FRAMES)
Task_CS2Run: script 904 failed at opcode 40 pc 2 (invoked as script 903 for component 0xa10000)
  script 904: int_args=2 str_args=0 int_locals=2 str_locals=0 ops=4
  pc=0 op=33 PUSH_INT_LOCAL operand=0 str=(null)
  pc=1 op=33 PUSH_INT_LOCAL operand=1 str=(null)
  pc=2 op=40 GOSUB_WITH_PARAMS operand=904 str=(null)
  pc=3 op=21 RETURN operand=0 str=(null)
sim_hotkey: 'f5' -> osrs_key=5 at frame 12820
sim_hotkey: 'f6' -> osrs_key=6 at frame 12840
sim_hotkey: 'f7' -> osrs_key=7 at frame 12860
sim_hotkey: 'f8' -> osrs_key=8 at frame 12880
sim_hotkey: 'f9' -> osrs_key=9 at frame 12900
sim_hotkey: 'f10' -> osrs_key=10 at frame 12920
sim_hotkey: 'f11' -> osrs_key=11 at frame 12940
sim_hotkey: 'f12' -> osrs_key=12 at frame 12960
sim_hotkey: 'escape' -> osrs_key=13 at frame 12980
sim_hotkey: 'escape' -> osrs_key=13 at frame 13000
torirs_perf: window=25 frame_p95=4.63ms
sim_hotkey: 'f1' -> osrs_key=1 at frame 13020
sim_hotkey: 'f2' -> osrs_key=2 at frame 13040
sim_hotkey: 'f3' -> osrs_key=3 at frame 13060
sim_hotkey: 'f4' -> osrs_key=4 at frame 13080
sim_hotkey: 'f5' -> osrs_key=5 at frame 13100
sim_hotkey: 'f6' -> osrs_key=6 at frame 13120
sim_hotkey: 'f7' -> osrs_key=7 at frame 13140
sim_hotkey: 'f8' -> osrs_key=8 at frame 13160
Failed to load dat2 idk 307
Dat2SpriteLoadByName: archive 'mapfunction' not found in sprites table
Dat2SpriteLoadByName: archive 'hitmark' not found in sprites table
CS2VM2: call depth 128 exhausted calling script 904 from script 904 (raise CS2VM_MAX_FRAMES)
Task_CS2Run: script 904 failed at opcode 40 pc 2 (invoked as script 903 for component 0xa10000)
  script 904: int_args=2 str_args=0 int_locals=2 str_locals=0 ops=4
  pc=0 op=33 PUSH_INT_LOCAL operand=0 str=(null)
  pc=1 op=33 PUSH_INT_LOCAL operand=1 str=(null)
  pc=2 op=40 GOSUB_WITH_PARAMS operand=904 str=(null)
  pc=3 op=21 RETURN operand=0 str=(null)
Dat2SpriteLoadByName: archive 'mapfunction' not found in sprites table
Dat2SpriteLoadByName: archive 'hitmark' not found in sprites table
CS2VM2: call depth 128 exhausted calling script 904 from script 904 (raise CS2VM_MAX_FRAMES)
Task_CS2Run: script 904 failed at opcode 40 pc 2 (invoked as script 903 for component 0xa10000)
  script 904: int_args=2 str_args=0 int_locals=2 str_locals=0 ops=4
  pc=0 op=33 PUSH_INT_LOCAL operand=0 str=(null)
  pc=1 op=33 PUSH_INT_LOCAL operand=1 str=(null)
  pc=2 op=40 GOSUB_WITH_PARAMS operand=904 str=(null)
  pc=3 op=21 RETURN operand=0 str=(null)
sim_hotkey: 'f9' -> osrs_key=9 at frame 13180
sim_hotkey: 'f10' -> osrs_key=10 at frame 13200
sim_hotkey: 'f11' -> osrs_key=11 at frame 13220
sim_hotkey: 'f12' -> osrs_key=12 at frame 13240
sim_hotkey: 'escape' -> osrs_key=13 at frame 13260
sim_hotkey: 'escape' -> osrs_key=13 at frame 13280
CS2VM2: call depth 128 exhausted calling script 904 from script 904 (raise CS2VM_MAX_FRAMES)
Task_CS2Run: script 904 failed at opcode 40 pc 2 (invoked as script 903 for component 0xa10000)
  script 904: int_args=2 str_args=0 int_locals=2 str_locals=0 ops=4
  pc=0 op=33 PUSH_INT_LOCAL operand=0 str=(null)
  pc=1 op=33 PUSH_INT_LOCAL operand=1 str=(null)
  pc=2 op=40 GOSUB_WITH_PARAMS operand=904 str=(null)
  pc=3 op=21 RETURN operand=0 str=(null)
CS2VM2: call depth 128 exhausted calling script 904 from script 904 (raise CS2VM_MAX_FRAMES)
Task_CS2Run: script 904 failed at opcode 40 pc 2 (invoked as script 903 for component 0xa10000)
  script 904: int_args=2 str_args=0 int_locals=2 str_locals=0 ops=4
  pc=0 op=33 PUSH_INT_LOCAL operand=0 str=(null)
  pc=1 op=33 PUSH_INT_LOCAL operand=1 str=(null)
  pc=2 op=40 GOSUB_WITH_PARAMS operand=904 str=(null)
  pc=3 op=21 RETURN operand=0 str=(null)
CS2VM2: call depth 128 exhausted calling script 904 from script 904 (raise CS2VM_MAX_FRAMES)
Task_CS2Run: script 904 failed at opcode 40 pc 2 (invoked as script 903 for component 0xa10000)
  script 904: int_args=2 str_args=0 int_locals=2 str_locals=0 ops=4
  pc=0 op=33 PUSH_INT_LOCAL operand=0 str=(null)
  pc=1 op=33 PUSH_INT_LOCAL operand=1 str=(null)
  pc=2 op=40 GOSUB_WITH_PARAMS operand=904 str=(null)
  pc=3 op=21 RETURN operand=0 str=(null)
CS2VM2: call depth 128 exhausted calling script 904 from script 904 (raise CS2VM_MAX_FRAMES)
Task_CS2Run: script 904 failed at opcode 40 pc 2 (invoked as script 903 for component 0xa10000)
  script 904: int_args=2 str_args=0 int_locals=2 str_locals=0 ops=4
  pc=0 op=33 PUSH_INT_LOCAL operand=0 str=(null)
  pc=1 op=33 PUSH_INT_LOCAL operand=1 str=(null)
  pc=2 op=40 GOSUB_WITH_PARAMS operand=904 str=(null)
  pc=3 op=21 RETURN operand=0 str=(null)
sim_hotkey: 'f1' -> osrs_key=1 at frame 13300
Failed to load dat2 idk 307
Dat2SpriteLoadByName: archive 'mapfunction' not found in sprites table
Dat2SpriteLoadByName: archive 'hitmark' not found in sprites table
CS2VM2: call depth 128 exhausted calling script 904 from script 904 (raise CS2VM_MAX_FRAMES)
Task_CS2Run: script 904 failed at opcode 40 pc 2 (invoked as script 903 for component 0xa10000)
  script 904: int_args=2 str_args=0 int_locals=2 str_locals=0 ops=4
  pc=0 op=33 PUSH_INT_LOCAL operand=0 str=(null)
  pc=1 op=33 PUSH_INT_LOCAL operand=1 str=(null)
  pc=2 op=40 GOSUB_WITH_PARAMS operand=904 str=(null)
  pc=3 op=21 RETURN operand=0 str=(null)
sim_hotkey: 'f2' -> osrs_key=2 at frame 13320
sim_hotkey: 'f3' -> osrs_key=3 at frame 13340
sim_hotkey: 'f4' -> osrs_key=4 at frame 13360
sim_hotkey: 'f5' -> osrs_key=5 at frame 13380
sim_hotkey: 'f6' -> osrs_key=6 at frame 13400
sim_hotkey: 'f7' -> osrs_key=7 at frame 13420
sim_hotkey: 'f8' -> osrs_key=8 at frame 13440
sim_hotkey: 'f9' -> osrs_key=9 at frame 13460
torirs_iface_stats: tick=4000 groups=33
  group=161 opens=1 closes=0 bakes=1 reuse=0 live=106 hidden=14 hooks=22 hook_bytes=224400
  group=162 opens=1 closes=0 bakes=1 reuse=0 live=3222 hidden=2413 hooks=18 hook_bytes=183600
  group=651 opens=1 closes=0 bakes=1 reuse=0 live=7 hidden=0 hooks=0 hook_bytes=0
  group=708 opens=1 closes=0 bakes=1 reuse=0 live=13 hidden=1 hooks=4 hook_bytes=40800
  group=163 opens=1 closes=0 bakes=0 reuse=1 live=26 hidden=25 hooks=0 hook_bytes=0
  group=303 opens=1 closes=0 bakes=1 reuse=0 live=21 hidden=5 hooks=2 hook_bytes=20400
  group=90 opens=1 closes=0 bakes=1 reuse=0 live=60 hidden=13 hooks=13 hook_bytes=132600
  group=160 opens=1 closes=0 bakes=1 reuse=0 live=58 hidden=12 hooks=11 hook_bytes=112200
  group=122 opens=1 closes=0 bakes=1 reuse=0 live=33 hidden=15 hooks=9 hook_bytes=91800
  group=728 opens=1 closes=0 bakes=0 reuse=1 live=50 hidden=2 hooks=4 hook_bytes=40800
  group=896 opens=1 closes=0 bakes=0 reuse=1 live=903 hidden=902 hooks=0 hook_bytes=0
  group=593 opens=1 closes=0 bakes=1 reuse=0 live=117 hidden=7 hooks=6 hook_bytes=61200
  group=320 opens=1 closes=0 bakes=1 reuse=0 live=202 hidden=24 hooks=49 hook_bytes=499800
  group=629 opens=1 closes=0 bakes=1 reuse=0 live=46 hidden=5 hooks=3 hook_bytes=30600
  group=712 opens=1 closes=0 bakes=1 reuse=0 live=113 hidden=0 hooks=5 hook_bytes=51000
  group=149 opens=1 closes=0 bakes=0 reuse=1 live=29 hidden=0 hooks=28 hook_bytes=285600
  group=387 opens=1 closes=0 bakes=1 reuse=0 live=96 hidden=12 hooks=13 hook_bytes=132600
  group=541 opens=1 closes=0 bakes=1 reuse=0 live=124 hidden=33 hooks=30 hook_bytes=306000
  group=218 opens=1 closes=0 bakes=1 reuse=0 live=232 hidden=132 hooks=195 hook_bytes=1989000
  group=707 opens=1 closes=0 bakes=1 reuse=0 live=39 hidden=0 hooks=5 hook_bytes=51000
  group=109 opens=1 closes=0 bakes=1 reuse=0 live=96 hidden=13 hooks=10 hook_bytes=102000
  group=429 opens=1 closes=0 bakes=1 reuse=0 live=35 hidden=0 hooks=8 hook_bytes=81600
  group=182 opens=1 closes=0 bakes=1 reuse=0 live=94 hidden=3 hooks=10 hook_bytes=102000
  group=116 opens=1 closes=0 bakes=1 reuse=0 live=222 hidden=12 hooks=65 hook_bytes=663000
  group=216 opens=1 closes=0 bakes=1 reuse=0 live=124 hidden=0 hooks=61 hook_bytes=622200
  group=239 opens=1 closes=0 bakes=1 reuse=0 live=934 hidden=597 hooks=267 hook_bytes=2723400
  group=12 opens=14 closes=14 bakes=1 reuse=13 live=1781 hidden=73 hooks=1505 hook_bytes=15351000
  group=15 opens=14 closes=14 bakes=1 reuse=13 live=650 hidden=49 hooks=366 hook_bytes=3733200
  group=84 opens=14 closes=13 bakes=1 reuse=13 live=123 hidden=13 hooks=25 hook_bytes=255000
  group=729 opens=13 closes=13 bakes=0 reuse=13 live=36 hidden=1 hooks=6 hook_bytes=61200
  group=650 opens=13 closes=13 bakes=1 reuse=12 live=110 hidden=3 hooks=15 hook_bytes=153000
  group=894 opens=13 closes=12 bakes=1 reuse=12 live=413 hidden=4 hooks=117 hook_bytes=1193400
  group=32766 opens=0 closes=0 bakes=0 reuse=0 live=4 hidden=0 hooks=0 hook_bytes=0
torirs_stats: tick=4000 components=10119 live=10119 hidden=4383 freed=0 free_head=-1 inv_hooks=34 var_hooks=168 timers=28 timers_hidden=7 iface_parents=27
Dat2SpriteLoadByName: archive 'mapfunction' not found in sprites table
Dat2SpriteLoadByName: archive 'hitmark' not found in sprites table
CS2VM2: call depth 128 exhausted calling script 904 from script 904 (raise CS2VM_MAX_FRAMES)
Task_CS2Run: script 904 failed at opcode 40 pc 2 (invoked as script 903 for component 0xa10000)
  script 904: int_args=2 str_args=0 int_locals=2 str_locals=0 ops=4
  pc=0 op=33 PUSH_INT_LOCAL operand=0 str=(null)
  pc=1 op=33 PUSH_INT_LOCAL operand=1 str=(null)
  pc=2 op=40 GOSUB_WITH_PARAMS operand=904 str=(null)
  pc=3 op=21 RETURN operand=0 str=(null)
sim_hotkey: 'f10' -> osrs_key=10 at frame 13480
sim_hotkey: 'f11' -> osrs_key=11 at frame 13500
torirs_perf: window=26 frame_p95=5.85ms
sim_hotkey: 'f12' -> osrs_key=12 at frame 13520
sim_hotkey: 'escape' -> osrs_key=13 at frame 13540
sim_hotkey: 'escape' -> osrs_key=13 at frame 13560
CS2VM2: call depth 128 exhausted calling script 904 from script 904 (raise CS2VM_MAX_FRAMES)
Task_CS2Run: script 904 failed at opcode 40 pc 2 (invoked as script 903 for component 0xa10000)
  script 904: int_args=2 str_args=0 int_locals=2 str_locals=0 ops=4
  pc=0 op=33 PUSH_INT_LOCAL operand=0 str=(null)
  pc=1 op=33 PUSH_INT_LOCAL operand=1 str=(null)
  pc=2 op=40 GOSUB_WITH_PARAMS operand=904 str=(null)
  pc=3 op=21 RETURN operand=0 str=(null)
CS2VM2: call depth 128 exhausted calling script 904 from script 904 (raise CS2VM_MAX_FRAMES)
Task_CS2Run: script 904 failed at opcode 40 pc 2 (invoked as script 903 for component 0xa10000)
  script 904: int_args=2 str_args=0 int_locals=2 str_locals=0 ops=4
  pc=0 op=33 PUSH_INT_LOCAL operand=0 str=(null)
  pc=1 op=33 PUSH_INT_LOCAL operand=1 str=(null)
  pc=2 op=40 GOSUB_WITH_PARAMS operand=904 str=(null)
  pc=3 op=21 RETURN operand=0 str=(null)
sim_hotkey: 'f1' -> osrs_key=1 at frame 13580
sim_hotkey: 'f2' -> osrs_key=2 at frame 13600
sim_hotkey: 'f3' -> osrs_key=3 at frame 13620
Dat2SpriteLoadByName: archive 'mapfunction' not found in sprites table
Dat2SpriteLoadByName: archive 'hitmark' not found in sprites table
Task_CS2Run: script 7188 failed at opcode 34 pc 14 (invoked as script 7128 for component 0x28a0000)
  script 7188: int_args=0 str_args=0 int_locals=1 str_locals=1 ops=31
  pc=0 op=0 PUSH_CONSTANT_INT operand=-1 str=(null)
  pc=1 op=34 POP_INT_LOCAL operand=0 str=(null)
  pc=2 op=3 PUSH_CONSTANT_STRING operand=0 str=
  pc=3 op=36 POP_STRING_LOCAL operand=0 str=(null)
  pc=4 op=25 PUSH_VARBIT operand=14881 str=(null)
  pc=5 op=60 SWITCH operand=0 str=(null)
  pc=6 op=3 PUSH_CONSTANT_STRING operand=0 str=graphic_4911
  pc=7 op=3 PUSH_CONSTANT_STRING operand=0 str=Grand Exchange value
  pc=8 op=36 POP_STRING_LOCAL operand=0 str=(null)
  pc=9 op=34 POP_INT_LOCAL operand=0 str=(null)
  pc=10 op=6 BRANCH operand=10 str=(null)
  pc=11 op=3 PUSH_CONSTANT_STRING operand=0 str=graphic_4912
  pc=12 op=3 PUSH_CONSTANT_STRING operand=0 str=High Alchemy value
  pc=13 op=36 POP_STRING_LOCAL operand=0 str=(null)
  pc=14 op=34 POP_INT_LOCAL operand=0 str=(null)
  pc=15 op=6 BRANCH operand=5 str=(null)
  pc=16 op=3 PUSH_CONSTANT_STRING operand=0 str=graphic_4911
CS2VM2: call depth 128 exhausted calling script 904 from script 904 (raise CS2VM_MAX_FRAMES)
Task_CS2Run: script 904 failed at opcode 40 pc 2 (invoked as script 903 for component 0xa10000)
  script 904: int_args=2 str_args=0 int_locals=2 str_locals=0 ops=4
  pc=0 op=33 PUSH_INT_LOCAL operand=0 str=(null)
  pc=1 op=33 PUSH_INT_LOCAL operand=1 str=(null)
  pc=2 op=40 GOSUB_WITH_PARAMS operand=904 str=(null)
  pc=3 op=21 RETURN operand=0 str=(null)
sim_hotkey: 'f4' -> osrs_key=4 at frame 13640
sim_hotkey: 'f5' -> osrs_key=5 at frame 13660
sim_hotkey: 'f6' -> osrs_key=6 at frame 13680
sim_hotkey: 'f7' -> osrs_key=7 at frame 13700
sim_hotkey: 'f8' -> osrs_key=8 at frame 13720
sim_hotkey: 'f9' -> osrs_key=9 at frame 13740
sim_hotkey: 'f10' -> osrs_key=10 at frame 13760
Dat2SpriteLoadByName: archive 'mapfunction' not found in sprites table
Dat2SpriteLoadByName: archive 'hitmark' not found in sprites table
CS2VM2: call depth 128 exhausted calling script 904 from script 904 (raise CS2VM_MAX_FRAMES)
Task_CS2Run: script 904 failed at opcode 40 pc 2 (invoked as script 903 for component 0xa10000)
  script 904: int_args=2 str_args=0 int_locals=2 str_locals=0 ops=4
  pc=0 op=33 PUSH_INT_LOCAL operand=0 str=(null)
  pc=1 op=33 PUSH_INT_LOCAL operand=1 str=(null)
  pc=2 op=40 GOSUB_WITH_PARAMS operand=904 str=(null)
  pc=3 op=21 RETURN operand=0 str=(null)
sim_hotkey: 'f11' -> osrs_key=11 at frame 13780
sim_hotkey: 'f12' -> osrs_key=12 at frame 13800
sim_hotkey: 'escape' -> osrs_key=13 at frame 13820
sim_hotkey: 'escape' -> osrs_key=13 at frame 13840
sim_hotkey: 'f1' -> osrs_key=1 at frame 13860
sim_hotkey: 'f2' -> osrs_key=2 at frame 13880
sim_hotkey: 'f3' -> osrs_key=3 at frame 13900
sim_hotkey: 'f4' -> osrs_key=4 at frame 13920
sim_hotkey: 'f5' -> osrs_key=5 at frame 13940
sim_hotkey: 'f6' -> osrs_key=6 at frame 13960
sim_hotkey: 'f7' -> osrs_key=7 at frame 13980
sim_hotkey: 'f8' -> osrs_key=8 at frame 14000
torirs_perf: window=27 frame_p95=8.12ms
sim_hotkey: 'f9' -> osrs_key=9 at frame 14020
sim_hotkey: 'f10' -> osrs_key=10 at frame 14040
sim_hotkey: 'f11' -> osrs_key=11 at frame 14060
sim_hotkey: 'f12' -> osrs_key=12 at frame 14080
Failed to load dat2 idk 307
Dat2SpriteLoadByName: archive 'mapfunction' not found in sprites table
Dat2SpriteLoadByName: archive 'hitmark' not found in sprites table
CS2VM2: call depth 128 exhausted calling script 904 from script 904 (raise CS2VM_MAX_FRAMES)
Task_CS2Run: script 904 failed at opcode 40 pc 2 (invoked as script 903 for component 0xa10000)
  script 904: int_args=2 str_args=0 int_locals=2 str_locals=0 ops=4
  pc=0 op=33 PUSH_INT_LOCAL operand=0 str=(null)
  pc=1 op=33 PUSH_INT_LOCAL operand=1 str=(null)
  pc=2 op=40 GOSUB_WITH_PARAMS operand=904 str=(null)
  pc=3 op=21 RETURN operand=0 str=(null)
Dat2SpriteLoadByName: archive 'mapfunction' not found in sprites table
Dat2SpriteLoadByName: archive 'hitmark' not found in sprites table
CS2VM2: call depth 128 exhausted calling script 904 from script 904 (raise CS2VM_MAX_FRAMES)
Task_CS2Run: script 904 failed at opcode 40 pc 2 (invoked as script 903 for component 0xa10000)
  script 904: int_args=2 str_args=0 int_locals=2 str_locals=0 ops=4
  pc=0 op=33 PUSH_INT_LOCAL operand=0 str=(null)
  pc=1 op=33 PUSH_INT_LOCAL operand=1 str=(null)
  pc=2 op=40 GOSUB_WITH_PARAMS operand=904 str=(null)
  pc=3 op=21 RETURN operand=0 str=(null)
sim_hotkey: 'escape' -> osrs_key=13 at frame 14100
sim_hotkey: 'escape' -> osrs_key=13 at frame 14120
CS2VM2: call depth 128 exhausted calling script 904 from script 904 (raise CS2VM_MAX_FRAMES)
Task_CS2Run: script 904 failed at opcode 40 pc 2 (invoked as script 903 for component 0xa10000)
  script 904: int_args=2 str_args=0 int_locals=2 str_locals=0 ops=4
  pc=0 op=33 PUSH_INT_LOCAL operand=0 str=(null)
  pc=1 op=33 PUSH_INT_LOCAL operand=1 str=(null)
  pc=2 op=40 GOSUB_WITH_PARAMS operand=904 str=(null)
  pc=3 op=21 RETURN operand=0 str=(null)
CS2VM2: call depth 128 exhausted calling script 904 from script 904 (raise CS2VM_MAX_FRAMES)
Task_CS2Run: script 904 failed at opcode 40 pc 2 (invoked as script 903 for component 0xa10000)
  script 904: int_args=2 str_args=0 int_locals=2 str_locals=0 ops=4
  pc=0 op=33 PUSH_INT_LOCAL operand=0 str=(null)
  pc=1 op=33 PUSH_INT_LOCAL operand=1 str=(null)
  pc=2 op=40 GOSUB_WITH_PARAMS operand=904 str=(null)
  pc=3 op=21 RETURN operand=0 str=(null)
CS2VM2: call depth 128 exhausted calling script 904 from script 904 (raise CS2VM_MAX_FRAMES)
Task_CS2Run: script 904 failed at opcode 40 pc 2 (invoked as script 903 for component 0xa10000)
  script 904: int_args=2 str_args=0 int_locals=2 str_locals=0 ops=4
  pc=0 op=33 PUSH_INT_LOCAL operand=0 str=(null)
  pc=1 op=33 PUSH_INT_LOCAL operand=1 str=(null)
  pc=2 op=40 GOSUB_WITH_PARAMS operand=904 str=(null)
  pc=3 op=21 RETURN operand=0 str=(null)
CS2VM2: call depth 128 exhausted calling script 904 from script 904 (raise CS2VM_MAX_FRAMES)
Task_CS2Run: script 904 failed at opcode 40 pc 2 (invoked as script 903 for component 0xa10000)
  script 904: int_args=2 str_args=0 int_locals=2 str_locals=0 ops=4
  pc=0 op=33 PUSH_INT_LOCAL operand=0 str=(null)
  pc=1 op=33 PUSH_INT_LOCAL operand=1 str=(null)
  pc=2 op=40 GOSUB_WITH_PARAMS operand=904 str=(null)
  pc=3 op=21 RETURN operand=0 str=(null)
sim_hotkey: 'f1' -> osrs_key=1 at frame 14140
sim_hotkey: 'f2' -> osrs_key=2 at frame 14160
sim_hotkey: 'f3' -> osrs_key=3 at frame 14180
sim_hotkey: 'f4' -> osrs_key=4 at frame 14200
sim_hotkey: 'f5' -> osrs_key=5 at frame 14220
sim_hotkey: 'f6' -> osrs_key=6 at frame 14240
torirs_iface_stats: tick=4250 groups=33
  group=161 opens=1 closes=0 bakes=1 reuse=0 live=106 hidden=14 hooks=22 hook_bytes=224400
  group=162 opens=1 closes=0 bakes=1 reuse=0 live=3222 hidden=2413 hooks=18 hook_bytes=183600
  group=651 opens=1 closes=0 bakes=1 reuse=0 live=7 hidden=0 hooks=0 hook_bytes=0
  group=708 opens=1 closes=0 bakes=1 reuse=0 live=13 hidden=1 hooks=4 hook_bytes=40800
  group=163 opens=1 closes=0 bakes=0 reuse=1 live=26 hidden=25 hooks=0 hook_bytes=0
  group=303 opens=1 closes=0 bakes=1 reuse=0 live=21 hidden=5 hooks=2 hook_bytes=20400
  group=90 opens=1 closes=0 bakes=1 reuse=0 live=60 hidden=13 hooks=13 hook_bytes=132600
  group=160 opens=1 closes=0 bakes=1 reuse=0 live=58 hidden=12 hooks=11 hook_bytes=112200
  group=122 opens=1 closes=0 bakes=1 reuse=0 live=33 hidden=15 hooks=9 hook_bytes=91800
  group=728 opens=1 closes=0 bakes=0 reuse=1 live=50 hidden=2 hooks=4 hook_bytes=40800
  group=896 opens=1 closes=0 bakes=0 reuse=1 live=903 hidden=902 hooks=0 hook_bytes=0
  group=593 opens=1 closes=0 bakes=1 reuse=0 live=117 hidden=7 hooks=6 hook_bytes=61200
  group=320 opens=1 closes=0 bakes=1 reuse=0 live=202 hidden=24 hooks=49 hook_bytes=499800
  group=629 opens=1 closes=0 bakes=1 reuse=0 live=46 hidden=5 hooks=3 hook_bytes=30600
  group=712 opens=1 closes=0 bakes=1 reuse=0 live=113 hidden=0 hooks=5 hook_bytes=51000
  group=149 opens=1 closes=0 bakes=0 reuse=1 live=29 hidden=0 hooks=28 hook_bytes=285600
  group=387 opens=1 closes=0 bakes=1 reuse=0 live=96 hidden=12 hooks=13 hook_bytes=132600
  group=541 opens=1 closes=0 bakes=1 reuse=0 live=124 hidden=33 hooks=30 hook_bytes=306000
  group=218 opens=1 closes=0 bakes=1 reuse=0 live=232 hidden=132 hooks=195 hook_bytes=1989000
  group=707 opens=1 closes=0 bakes=1 reuse=0 live=39 hidden=0 hooks=5 hook_bytes=51000
  group=109 opens=1 closes=0 bakes=1 reuse=0 live=96 hidden=13 hooks=10 hook_bytes=102000
  group=429 opens=1 closes=0 bakes=1 reuse=0 live=35 hidden=0 hooks=8 hook_bytes=81600
  group=182 opens=1 closes=0 bakes=1 reuse=0 live=94 hidden=3 hooks=10 hook_bytes=102000
  group=116 opens=1 closes=0 bakes=1 reuse=0 live=222 hidden=12 hooks=65 hook_bytes=663000
  group=216 opens=1 closes=0 bakes=1 reuse=0 live=124 hidden=0 hooks=61 hook_bytes=622200
  group=239 opens=1 closes=0 bakes=1 reuse=0 live=934 hidden=597 hooks=267 hook_bytes=2723400
  group=12 opens=15 closes=15 bakes=1 reuse=14 live=1781 hidden=73 hooks=1505 hook_bytes=15351000
  group=15 opens=15 closes=15 bakes=1 reuse=14 live=650 hidden=49 hooks=366 hook_bytes=3733200
  group=84 opens=14 closes=14 bakes=1 reuse=13 live=123 hidden=14 hooks=25 hook_bytes=255000
  group=729 opens=14 closes=14 bakes=0 reuse=14 live=36 hidden=1 hooks=6 hook_bytes=61200
  group=650 opens=14 closes=14 bakes=1 reuse=13 live=110 hidden=3 hooks=15 hook_bytes=153000
  group=894 opens=14 closes=13 bakes=1 reuse=13 live=413 hidden=4 hooks=117 hook_bytes=1193400
  group=32766 opens=0 closes=0 bakes=0 reuse=0 live=4 hidden=0 hooks=0 hook_bytes=0
torirs_stats: tick=4250 components=10119 live=10119 hidden=4384 freed=0 free_head=-1 inv_hooks=19 var_hooks=163 timers=28 timers_hidden=7 iface_parents=26
Failed to load dat2 idk 307
Dat2SpriteLoadByName: archive 'mapfunction' not found in sprites table
Dat2SpriteLoadByName: archive 'hitmark' not found in sprites table
CS2VM2: call depth 128 exhausted calling script 904 from script 904 (raise CS2VM_MAX_FRAMES)
Task_CS2Run: script 904 failed at opcode 40 pc 2 (invoked as script 903 for component 0xa10000)
  script 904: int_args=2 str_args=0 int_locals=2 str_locals=0 ops=4
  pc=0 op=33 PUSH_INT_LOCAL operand=0 str=(null)
  pc=1 op=33 PUSH_INT_LOCAL operand=1 str=(null)
  pc=2 op=40 GOSUB_WITH_PARAMS operand=904 str=(null)
  pc=3 op=21 RETURN operand=0 str=(null)
sim_hotkey: 'f7' -> osrs_key=7 at frame 14260
sim_hotkey: 'f8' -> osrs_key=8 at frame 14280
sim_hotkey: 'f9' -> osrs_key=9 at frame 14300
sim_hotkey: 'f10' -> osrs_key=10 at frame 14320
sim_hotkey: 'f11' -> osrs_key=11 at frame 14340
sim_hotkey: 'f12' -> osrs_key=12 at frame 14360
sim_hotkey: 'escape' -> osrs_key=13 at frame 14380
Dat2SpriteLoadByName: archive 'mapfunction' not found in sprites table
Dat2SpriteLoadByName: archive 'hitmark' not found in sprites table
CS2VM2: call depth 128 exhausted calling script 904 from script 904 (raise CS2VM_MAX_FRAMES)
Task_CS2Run: script 904 failed at opcode 40 pc 2 (invoked as script 903 for component 0xa10000)
  script 904: int_args=2 str_args=0 int_locals=2 str_locals=0 ops=4
  pc=0 op=33 PUSH_INT_LOCAL operand=0 str=(null)
  pc=1 op=33 PUSH_INT_LOCAL operand=1 str=(null)
  pc=2 op=40 GOSUB_WITH_PARAMS operand=904 str=(null)
  pc=3 op=21 RETURN operand=0 str=(null)
sim_hotkey: 'escape' -> osrs_key=13 at frame 14400
CS2VM2: call depth 128 exhausted calling script 904 from script 904 (raise CS2VM_MAX_FRAMES)
Task_CS2Run: script 904 failed at opcode 40 pc 2 (invoked as script 903 for component 0xa10000)
  script 904: int_args=2 str_args=0 int_locals=2 str_locals=0 ops=4
  pc=0 op=33 PUSH_INT_LOCAL operand=0 str=(null)
  pc=1 op=33 PUSH_INT_LOCAL operand=1 str=(null)
  pc=2 op=40 GOSUB_WITH_PARAMS operand=904 str=(null)
  pc=3 op=21 RETURN operand=0 str=(null)
CS2VM2: call depth 128 exhausted calling script 904 from script 904 (raise CS2VM_MAX_FRAMES)
Task_CS2Run: script 904 failed at opcode 40 pc 2 (invoked as script 903 for component 0xa10000)
  script 904: int_args=2 str_args=0 int_locals=2 str_locals=0 ops=4
  pc=0 op=33 PUSH_INT_LOCAL operand=0 str=(null)
  pc=1 op=33 PUSH_INT_LOCAL operand=1 str=(null)
  pc=2 op=40 GOSUB_WITH_PARAMS operand=904 str=(null)
  pc=3 op=21 RETURN operand=0 str=(null)
sim_hotkey: 'f1' -> osrs_key=1 at frame 14420
sim_hotkey: 'f2' -> osrs_key=2 at frame 14440
sim_hotkey: 'f3' -> osrs_key=3 at frame 14460
sim_hotkey: 'f4' -> osrs_key=4 at frame 14480
sim_hotkey: 'f5' -> osrs_key=5 at frame 14500
torirs_perf: window=28 frame_p95=5.75ms
sim_hotkey: 'f6' -> osrs_key=6 at frame 14520
sim_hotkey: 'f7' -> osrs_key=7 at frame 14540
sim_hotkey: 'f8' -> osrs_key=8 at frame 14560
sim_hotkey: 'f9' -> osrs_key=9 at frame 14580
Dat2SpriteLoadByName: archive 'mapfunction' not found in sprites table
Dat2SpriteLoadByName: archive 'hitmark' not found in sprites table
Task_CS2Run: script 7188 failed at opcode 34 pc 14 (invoked as script 7128 for component 0x28a0000)
  script 7188: int_args=0 str_args=0 int_locals=1 str_locals=1 ops=31
  pc=0 op=0 PUSH_CONSTANT_INT operand=-1 str=(null)
  pc=1 op=34 POP_INT_LOCAL operand=0 str=(null)
  pc=2 op=3 PUSH_CONSTANT_STRING operand=0 str=
  pc=3 op=36 POP_STRING_LOCAL operand=0 str=(null)
  pc=4 op=25 PUSH_VARBIT operand=14881 str=(null)
  pc=5 op=60 SWITCH operand=0 str=(null)
  pc=6 op=3 PUSH_CONSTANT_STRING operand=0 str=graphic_4911
  pc=7 op=3 PUSH_CONSTANT_STRING operand=0 str=Grand Exchange value
  pc=8 op=36 POP_STRING_LOCAL operand=0 str=(null)
  pc=9 op=34 POP_INT_LOCAL operand=0 str=(null)
  pc=10 op=6 BRANCH operand=10 str=(null)
  pc=11 op=3 PUSH_CONSTANT_STRING operand=0 str=graphic_4912
  pc=12 op=3 PUSH_CONSTANT_STRING operand=0 str=High Alchemy value
  pc=13 op=36 POP_STRING_LOCAL operand=0 str=(null)
  pc=14 op=34 POP_INT_LOCAL operand=0 str=(null)
  pc=15 op=6 BRANCH operand=5 str=(null)
  pc=16 op=3 PUSH_CONSTANT_STRING operand=0 str=graphic_4911
CS2VM2: call depth 128 exhausted calling script 904 from script 904 (raise CS2VM_MAX_FRAMES)
Task_CS2Run: script 904 failed at opcode 40 pc 2 (invoked as script 903 for component 0xa10000)
  script 904: int_args=2 str_args=0 int_locals=2 str_locals=0 ops=4
  pc=0 op=33 PUSH_INT_LOCAL operand=0 str=(null)
  pc=1 op=33 PUSH_INT_LOCAL operand=1 str=(null)
  pc=2 op=40 GOSUB_WITH_PARAMS operand=904 str=(null)
  pc=3 op=21 RETURN operand=0 str=(null)
sim_hotkey: 'f10' -> osrs_key=10 at frame 14600
sim_hotkey: 'f11' -> osrs_key=11 at frame 14620
sim_hotkey: 'f12' -> osrs_key=12 at frame 14640
sim_hotkey: 'escape' -> osrs_key=13 at frame 14660
sim_hotkey: 'escape' -> osrs_key=13 at frame 14680
sim_hotkey: 'f1' -> osrs_key=1 at frame 14700
sim_hotkey: 'f2' -> osrs_key=2 at frame 14720
sim_hotkey: 'f3' -> osrs_key=3 at frame 14740
Dat2SpriteLoadByName: archive 'mapfunction' not found in sprites table
Dat2SpriteLoadByName: archive 'hitmark' not found in sprites table
CS2VM2: call depth 128 exhausted calling script 904 from script 904 (raise CS2VM_MAX_FRAMES)
Task_CS2Run: script 904 failed at opcode 40 pc 2 (invoked as script 903 for component 0xa10000)
  script 904: int_args=2 str_args=0 int_locals=2 str_locals=0 ops=4
  pc=0 op=33 PUSH_INT_LOCAL operand=0 str=(null)
  pc=1 op=33 PUSH_INT_LOCAL operand=1 str=(null)
  pc=2 op=40 GOSUB_WITH_PARAMS operand=904 str=(null)
  pc=3 op=21 RETURN operand=0 str=(null)
sim_hotkey: 'f4' -> osrs_key=4 at frame 14760
sim_hotkey: 'f5' -> osrs_key=5 at frame 14780
sim_hotkey: 'f6' -> osrs_key=6 at frame 14800
sim_hotkey: 'f7' -> osrs_key=7 at frame 14820
sim_hotkey: 'f8' -> osrs_key=8 at frame 14840
sim_hotkey: 'f9' -> osrs_key=9 at frame 14860
sim_hotkey: 'f10' -> osrs_key=10 at frame 14880
sim_hotkey: 'f11' -> osrs_key=11 at frame 14900
sim_hotkey: 'f12' -> osrs_key=12 at frame 14920
sim_hotkey: 'escape' -> osrs_key=13 at frame 14940
sim_hotkey: 'escape' -> osrs_key=13 at frame 14960
sim_hotkey: 'f1' -> osrs_key=1 at frame 14980
sim_hotkey: 'f2' -> osrs_key=2 at frame 15000
torirs_perf: window=29 frame_p95=4.96ms
sim_hotkey: 'f3' -> osrs_key=3 at frame 15020
sim_hotkey: 'f4' -> osrs_key=4 at frame 15040
sim_hotkey: 'f5' -> osrs_key=5 at frame 15060
sim_hotkey: 'f6' -> osrs_key=6 at frame 15080
sim_hotkey: 'f7' -> osrs_key=7 at frame 15100
torirs_iface_stats: tick=4500 groups=33
  group=161 opens=1 closes=0 bakes=1 reuse=0 live=106 hidden=14 hooks=22 hook_bytes=224400
  group=162 opens=1 closes=0 bakes=1 reuse=0 live=3222 hidden=2413 hooks=18 hook_bytes=183600
  group=651 opens=1 closes=0 bakes=1 reuse=0 live=7 hidden=0 hooks=0 hook_bytes=0
  group=708 opens=1 closes=0 bakes=1 reuse=0 live=13 hidden=1 hooks=4 hook_bytes=40800
  group=163 opens=1 closes=0 bakes=0 reuse=1 live=26 hidden=25 hooks=0 hook_bytes=0
  group=303 opens=1 closes=0 bakes=1 reuse=0 live=21 hidden=5 hooks=2 hook_bytes=20400
  group=90 opens=1 closes=0 bakes=1 reuse=0 live=60 hidden=13 hooks=13 hook_bytes=132600
  group=160 opens=1 closes=0 bakes=1 reuse=0 live=58 hidden=12 hooks=11 hook_bytes=112200
  group=122 opens=1 closes=0 bakes=1 reuse=0 live=33 hidden=15 hooks=9 hook_bytes=91800
  group=728 opens=1 closes=0 bakes=0 reuse=1 live=50 hidden=2 hooks=4 hook_bytes=40800
  group=896 opens=1 closes=0 bakes=0 reuse=1 live=903 hidden=902 hooks=0 hook_bytes=0
  group=593 opens=1 closes=0 bakes=1 reuse=0 live=117 hidden=7 hooks=6 hook_bytes=61200
  group=320 opens=1 closes=0 bakes=1 reuse=0 live=202 hidden=24 hooks=49 hook_bytes=499800
  group=629 opens=1 closes=0 bakes=1 reuse=0 live=46 hidden=5 hooks=3 hook_bytes=30600
  group=712 opens=1 closes=0 bakes=1 reuse=0 live=113 hidden=0 hooks=5 hook_bytes=51000
  group=149 opens=1 closes=0 bakes=0 reuse=1 live=29 hidden=0 hooks=28 hook_bytes=285600
  group=387 opens=1 closes=0 bakes=1 reuse=0 live=96 hidden=12 hooks=13 hook_bytes=132600
  group=541 opens=1 closes=0 bakes=1 reuse=0 live=124 hidden=33 hooks=30 hook_bytes=306000
  group=218 opens=1 closes=0 bakes=1 reuse=0 live=232 hidden=132 hooks=195 hook_bytes=1989000
  group=707 opens=1 closes=0 bakes=1 reuse=0 live=39 hidden=0 hooks=5 hook_bytes=51000
  group=109 opens=1 closes=0 bakes=1 reuse=0 live=96 hidden=13 hooks=10 hook_bytes=102000
  group=429 opens=1 closes=0 bakes=1 reuse=0 live=35 hidden=0 hooks=8 hook_bytes=81600
  group=182 opens=1 closes=0 bakes=1 reuse=0 live=94 hidden=3 hooks=10 hook_bytes=102000
  group=116 opens=1 closes=0 bakes=1 reuse=0 live=222 hidden=12 hooks=65 hook_bytes=663000
  group=216 opens=1 closes=0 bakes=1 reuse=0 live=124 hidden=0 hooks=61 hook_bytes=622200
  group=239 opens=1 closes=0 bakes=1 reuse=0 live=934 hidden=597 hooks=267 hook_bytes=2723400
  group=12 opens=15 closes=15 bakes=1 reuse=14 live=1781 hidden=73 hooks=1505 hook_bytes=15351000
  group=15 opens=15 closes=15 bakes=1 reuse=14 live=650 hidden=49 hooks=366 hook_bytes=3733200
  group=84 opens=15 closes=15 bakes=1 reuse=14 live=123 hidden=14 hooks=25 hook_bytes=255000
  group=729 opens=15 closes=15 bakes=0 reuse=15 live=36 hidden=1 hooks=6 hook_bytes=61200
  group=650 opens=15 closes=15 bakes=1 reuse=14 live=110 hidden=3 hooks=15 hook_bytes=153000
  group=894 opens=15 closes=14 bakes=1 reuse=14 live=413 hidden=4 hooks=117 hook_bytes=1193400
  group=32766 opens=0 closes=0 bakes=0 reuse=0 live=4 hidden=0 hooks=0 hook_bytes=0
torirs_stats: tick=4500 components=10119 live=10119 hidden=4384 freed=0 free_head=-1 inv_hooks=19 var_hooks=163 timers=28 timers_hidden=7 iface_parents=26
Failed to load dat2 idk 307
Dat2SpriteLoadByName: archive 'mapfunction' not found in sprites table
Dat2SpriteLoadByName: archive 'hitmark' not found in sprites table
CS2VM2: call depth 128 exhausted calling script 904 from script 904 (raise CS2VM_MAX_FRAMES)
Task_CS2Run: script 904 failed at opcode 40 pc 2 (invoked as script 903 for component 0xa10000)
  script 904: int_args=2 str_args=0 int_locals=2 str_locals=0 ops=4
  pc=0 op=33 PUSH_INT_LOCAL operand=0 str=(null)
  pc=1 op=33 PUSH_INT_LOCAL operand=1 str=(null)
  pc=2 op=40 GOSUB_WITH_PARAMS operand=904 str=(null)
  pc=3 op=21 RETURN operand=0 str=(null)
Dat2SpriteLoadByName: archive 'mapfunction' not found in sprites table
Dat2SpriteLoadByName: archive 'hitmark' not found in sprites table
CS2VM2: call depth 128 exhausted calling script 904 from script 904 (raise CS2VM_MAX_FRAMES)
Task_CS2Run: script 904 failed at opcode 40 pc 2 (invoked as script 903 for component 0xa10000)
  script 904: int_args=2 str_args=0 int_locals=2 str_locals=0 ops=4
  pc=0 op=33 PUSH_INT_LOCAL operand=0 str=(null)
  pc=1 op=33 PUSH_INT_LOCAL operand=1 str=(null)
  pc=2 op=40 GOSUB_WITH_PARAMS operand=904 str=(null)
  pc=3 op=21 RETURN operand=0 str=(null)
sim_hotkey: 'f8' -> osrs_key=8 at frame 15120
sim_hotkey: 'f9' -> osrs_key=9 at frame 15140
sim_hotkey: 'f10' -> osrs_key=10 at frame 15160
sim_hotkey: 'f11' -> osrs_key=11 at frame 15180
sim_hotkey: 'f12' -> osrs_key=12 at frame 15200
sim_hotkey: 'escape' -> osrs_key=13 at frame 15220
sim_hotkey: 'escape' -> osrs_key=13 at frame 15240
CS2VM2: call depth 128 exhausted calling script 904 from script 904 (raise CS2VM_MAX_FRAMES)
Task_CS2Run: script 904 failed at opcode 40 pc 2 (invoked as script 903 for component 0xa10000)
  script 904: int_args=2 str_args=0 int_locals=2 str_locals=0 ops=4
  pc=0 op=33 PUSH_INT_LOCAL operand=0 str=(null)
  pc=1 op=33 PUSH_INT_LOCAL operand=1 str=(null)
  pc=2 op=40 GOSUB_WITH_PARAMS operand=904 str=(null)
  pc=3 op=21 RETURN operand=0 str=(null)
CS2VM2: call depth 128 exhausted calling script 904 from script 904 (raise CS2VM_MAX_FRAMES)
Task_CS2Run: script 904 failed at opcode 40 pc 2 (invoked as script 903 for component 0xa10000)
  script 904: int_args=2 str_args=0 int_locals=2 str_locals=0 ops=4
  pc=0 op=33 PUSH_INT_LOCAL operand=0 str=(null)
  pc=1 op=33 PUSH_INT_LOCAL operand=1 str=(null)
  pc=2 op=40 GOSUB_WITH_PARAMS operand=904 str=(null)
  pc=3 op=21 RETURN operand=0 str=(null)
Failed to load dat2 idk 307
Dat2SpriteLoadByName: archive 'mapfunction' not found in sprites table
Dat2SpriteLoadByName: archive 'hitmark' not found in sprites table
CS2VM2: call depth 128 exhausted calling script 904 from script 904 (raise CS2VM_MAX_FRAMES)
Task_CS2Run: script 904 failed at opcode 40 pc 2 (invoked as script 903 for component 0xa10000)
  script 904: int_args=2 str_args=0 int_locals=2 str_locals=0 ops=4
  pc=0 op=33 PUSH_INT_LOCAL operand=0 str=(null)
  pc=1 op=33 PUSH_INT_LOCAL operand=1 str=(null)
  pc=2 op=40 GOSUB_WITH_PARAMS operand=904 str=(null)
  pc=3 op=21 RETURN operand=0 str=(null)
CS2VM2: call depth 128 exhausted calling script 904 from script 904 (raise CS2VM_MAX_FRAMES)
Task_CS2Run: script 904 failed at opcode 40 pc 2 (invoked as script 903 for component 0xa10000)
  script 904: int_args=2 str_args=0 int_locals=2 str_locals=0 ops=4
  pc=0 op=33 PUSH_INT_LOCAL operand=0 str=(null)
  pc=1 op=33 PUSH_INT_LOCAL operand=1 str=(null)
  pc=2 op=40 GOSUB_WITH_PARAMS operand=904 str=(null)
  pc=3 op=21 RETURN operand=0 str=(null)
CS2VM2: call depth 128 exhausted calling script 904 from script 904 (raise CS2VM_MAX_FRAMES)
Task_CS2Run: script 904 failed at opcode 40 pc 2 (invoked as script 903 for component 0xa10000)
  script 904: int_args=2 str_args=0 int_locals=2 str_locals=0 ops=4
  pc=0 op=33 PUSH_INT_LOCAL operand=0 str=(null)
  pc=1 op=33 PUSH_INT_LOCAL operand=1 str=(null)
  pc=2 op=40 GOSUB_WITH_PARAMS operand=904 str=(null)
  pc=3 op=21 RETURN operand=0 str=(null)
sim_hotkey: 'f1' -> osrs_key=1 at frame 15260
sim_hotkey: 'f2' -> osrs_key=2 at frame 15280
sim_hotkey: 'f3' -> osrs_key=3 at frame 15300
sim_hotkey: 'f4' -> osrs_key=4 at frame 15320
sim_hotkey: 'f5' -> osrs_key=5 at frame 15340
sim_hotkey: 'f6' -> osrs_key=6 at frame 15360
sim_hotkey: 'f7' -> osrs_key=7 at frame 15380
sim_hotkey: 'f8' -> osrs_key=8 at frame 15400
Dat2SpriteLoadByName: archive 'mapfunction' not found in sprites table
Dat2SpriteLoadByName: archive 'hitmark' not found in sprites table
CS2VM2: call depth 128 exhausted calling script 904 from script 904 (raise CS2VM_MAX_FRAMES)
Task_CS2Run: script 904 failed at opcode 40 pc 2 (invoked as script 903 for component 0xa10000)
  script 904: int_args=2 str_args=0 int_locals=2 str_locals=0 ops=4
  pc=0 op=33 PUSH_INT_LOCAL operand=0 str=(null)
  pc=1 op=33 PUSH_INT_LOCAL operand=1 str=(null)
  pc=2 op=40 GOSUB_WITH_PARAMS operand=904 str=(null)
  pc=3 op=21 RETURN operand=0 str=(null)
sim_hotkey: 'f9' -> osrs_key=9 at frame 15420
sim_hotkey: 'f10' -> osrs_key=10 at frame 15440
sim_hotkey: 'f11' -> osrs_key=11 at frame 15460
sim_hotkey: 'f12' -> osrs_key=12 at frame 15480
sim_hotkey: 'escape' -> osrs_key=13 at frame 15500
torirs_perf: window=30 frame_p95=5.50ms
sim_hotkey: 'escape' -> osrs_key=13 at frame 15520
sim_hotkey: 'f1' -> osrs_key=1 at frame 15540
sim_hotkey: 'f2' -> osrs_key=2 at frame 15560
sim_hotkey: 'f3' -> osrs_key=3 at frame 15580
sim_hotkey: 'f4' -> osrs_key=4 at frame 15600
Dat2SpriteLoadByName: archive 'mapfunction' not found in sprites table
Dat2SpriteLoadByName: archive 'hitmark' not found in sprites table
Task_CS2Run: script 7188 failed at opcode 34 pc 14 (invoked as script 7128 for component 0x28a0000)
  script 7188: int_args=0 str_args=0 int_locals=1 str_locals=1 ops=31
  pc=0 op=0 PUSH_CONSTANT_INT operand=-1 str=(null)
  pc=1 op=34 POP_INT_LOCAL operand=0 str=(null)
  pc=2 op=3 PUSH_CONSTANT_STRING operand=0 str=
  pc=3 op=36 POP_STRING_LOCAL operand=0 str=(null)
  pc=4 op=25 PUSH_VARBIT operand=14881 str=(null)
  pc=5 op=60 SWITCH operand=0 str=(null)
  pc=6 op=3 PUSH_CONSTANT_STRING operand=0 str=graphic_4911
  pc=7 op=3 PUSH_CONSTANT_STRING operand=0 str=Grand Exchange value
  pc=8 op=36 POP_STRING_LOCAL operand=0 str=(null)
  pc=9 op=34 POP_INT_LOCAL operand=0 str=(null)
  pc=10 op=6 BRANCH operand=10 str=(null)
  pc=11 op=3 PUSH_CONSTANT_STRING operand=0 str=graphic_4912
  pc=12 op=3 PUSH_CONSTANT_STRING operand=0 str=High Alchemy value
  pc=13 op=36 POP_STRING_LOCAL operand=0 str=(null)
  pc=14 op=34 POP_INT_LOCAL operand=0 str=(null)
  pc=15 op=6 BRANCH operand=5 str=(null)
  pc=16 op=3 PUSH_CONSTANT_STRING operand=0 str=graphic_4911
CS2VM2: call depth 128 exhausted calling script 904 from script 904 (raise CS2VM_MAX_FRAMES)
Task_CS2Run: script 904 failed at opcode 40 pc 2 (invoked as script 903 for component 0xa10000)
  script 904: int_args=2 str_args=0 int_locals=2 str_locals=0 ops=4
  pc=0 op=33 PUSH_INT_LOCAL operand=0 str=(null)
  pc=1 op=33 PUSH_INT_LOCAL operand=1 str=(null)
  pc=2 op=40 GOSUB_WITH_PARAMS operand=904 str=(null)
  pc=3 op=21 RETURN operand=0 str=(null)
sim_hotkey: 'f5' -> osrs_key=5 at frame 15620
sim_hotkey: 'f6' -> osrs_key=6 at frame 15640
sim_hotkey: 'f7' -> osrs_key=7 at frame 15660
sim_hotkey: 'f8' -> osrs_key=8 at frame 15680
sim_hotkey: 'f9' -> osrs_key=9 at frame 15700
sim_hotkey: 'f10' -> osrs_key=10 at frame 15720
sim_hotkey: 'f11' -> osrs_key=11 at frame 15740
sim_hotkey: 'f12' -> osrs_key=12 at frame 15760
sim_hotkey: 'escape' -> osrs_key=13 at frame 15780
Dat2SpriteLoadByName: archive 'mapfunction' not found in sprites table
Dat2SpriteLoadByName: archive 'hitmark' not found in sprites table
CS2VM2: call depth 128 exhausted calling script 904 from script 904 (raise CS2VM_MAX_FRAMES)
Task_CS2Run: script 904 failed at opcode 40 pc 2 (invoked as script 903 for component 0xa10000)
  script 904: int_args=2 str_args=0 int_locals=2 str_locals=0 ops=4
  pc=0 op=33 PUSH_INT_LOCAL operand=0 str=(null)
  pc=1 op=33 PUSH_INT_LOCAL operand=1 str=(null)
  pc=2 op=40 GOSUB_WITH_PARAMS operand=904 str=(null)
  pc=3 op=21 RETURN operand=0 str=(null)
sim_hotkey: 'escape' -> osrs_key=13 at frame 15800
sim_hotkey: 'f1' -> osrs_key=1 at frame 15820
sim_hotkey: 'f2' -> osrs_key=2 at frame 15840
sim_hotkey: 'f3' -> osrs_key=3 at frame 15860
sim_hotkey: 'f4' -> osrs_key=4 at frame 15880
sim_hotkey: 'f5' -> osrs_key=5 at frame 15900
sim_hotkey: 'f6' -> osrs_key=6 at frame 15920
sim_hotkey: 'f7' -> osrs_key=7 at frame 15940
torirs_iface_stats: tick=4750 groups=33
  group=161 opens=1 closes=0 bakes=1 reuse=0 live=106 hidden=14 hooks=22 hook_bytes=224400
  group=162 opens=1 closes=0 bakes=1 reuse=0 live=3222 hidden=2413 hooks=18 hook_bytes=183600
  group=651 opens=1 closes=0 bakes=1 reuse=0 live=7 hidden=0 hooks=0 hook_bytes=0
  group=708 opens=1 closes=0 bakes=1 reuse=0 live=13 hidden=1 hooks=4 hook_bytes=40800
  group=163 opens=1 closes=0 bakes=0 reuse=1 live=26 hidden=25 hooks=0 hook_bytes=0
  group=303 opens=1 closes=0 bakes=1 reuse=0 live=21 hidden=5 hooks=2 hook_bytes=20400
  group=90 opens=1 closes=0 bakes=1 reuse=0 live=60 hidden=13 hooks=13 hook_bytes=132600
  group=160 opens=1 closes=0 bakes=1 reuse=0 live=58 hidden=12 hooks=11 hook_bytes=112200
  group=122 opens=1 closes=0 bakes=1 reuse=0 live=33 hidden=15 hooks=9 hook_bytes=91800
  group=728 opens=1 closes=0 bakes=0 reuse=1 live=50 hidden=2 hooks=4 hook_bytes=40800
  group=896 opens=1 closes=0 bakes=0 reuse=1 live=903 hidden=902 hooks=0 hook_bytes=0
  group=593 opens=1 closes=0 bakes=1 reuse=0 live=117 hidden=7 hooks=6 hook_bytes=61200
  group=320 opens=1 closes=0 bakes=1 reuse=0 live=202 hidden=24 hooks=49 hook_bytes=499800
  group=629 opens=1 closes=0 bakes=1 reuse=0 live=46 hidden=5 hooks=3 hook_bytes=30600
  group=712 opens=1 closes=0 bakes=1 reuse=0 live=113 hidden=0 hooks=5 hook_bytes=51000
  group=149 opens=1 closes=0 bakes=0 reuse=1 live=29 hidden=0 hooks=28 hook_bytes=285600
  group=387 opens=1 closes=0 bakes=1 reuse=0 live=96 hidden=12 hooks=13 hook_bytes=132600
  group=541 opens=1 closes=0 bakes=1 reuse=0 live=124 hidden=33 hooks=30 hook_bytes=306000
  group=218 opens=1 closes=0 bakes=1 reuse=0 live=232 hidden=132 hooks=195 hook_bytes=1989000
  group=707 opens=1 closes=0 bakes=1 reuse=0 live=39 hidden=0 hooks=5 hook_bytes=51000
  group=109 opens=1 closes=0 bakes=1 reuse=0 live=96 hidden=13 hooks=10 hook_bytes=102000
  group=429 opens=1 closes=0 bakes=1 reuse=0 live=35 hidden=0 hooks=8 hook_bytes=81600
  group=182 opens=1 closes=0 bakes=1 reuse=0 live=94 hidden=3 hooks=10 hook_bytes=102000
  group=116 opens=1 closes=0 bakes=1 reuse=0 live=222 hidden=12 hooks=65 hook_bytes=663000
  group=216 opens=1 closes=0 bakes=1 reuse=0 live=124 hidden=0 hooks=61 hook_bytes=622200
  group=239 opens=1 closes=0 bakes=1 reuse=0 live=934 hidden=597 hooks=267 hook_bytes=2723400
  group=12 opens=16 closes=16 bakes=1 reuse=15 live=1781 hidden=73 hooks=1505 hook_bytes=15351000
  group=15 opens=16 closes=16 bakes=1 reuse=15 live=650 hidden=49 hooks=366 hook_bytes=3733200
  group=84 opens=16 closes=16 bakes=1 reuse=15 live=123 hidden=14 hooks=25 hook_bytes=255000
  group=729 opens=16 closes=16 bakes=0 reuse=16 live=36 hidden=1 hooks=6 hook_bytes=61200
  group=650 opens=16 closes=16 bakes=1 reuse=15 live=110 hidden=3 hooks=15 hook_bytes=153000
  group=894 opens=16 closes=15 bakes=1 reuse=15 live=413 hidden=4 hooks=117 hook_bytes=1193400
  group=32766 opens=0 closes=0 bakes=0 reuse=0 live=4 hidden=0 hooks=0 hook_bytes=0
torirs_stats: tick=4750 components=10119 live=10119 hidden=4384 freed=0 free_head=-1 inv_hooks=19 var_hooks=163 timers=28 timers_hidden=7 iface_parents=26
sim_hotkey: 'f8' -> osrs_key=8 at frame 15960
sim_hotkey: 'f9' -> osrs_key=9 at frame 15980
sim_hotkey: 'f10' -> osrs_key=10 at frame 16000
torirs_perf: window=31 frame_p95=4.75ms
sim_hotkey: 'f11' -> osrs_key=11 at frame 16020
sim_hotkey: 'f12' -> osrs_key=12 at frame 16040
sim_hotkey: 'escape' -> osrs_key=13 at frame 16060
sim_hotkey: 'escape' -> osrs_key=13 at frame 16080
sim_hotkey: 'f1' -> osrs_key=1 at frame 16100
sim_hotkey: 'f2' -> osrs_key=2 at frame 16120
Failed to load dat2 idk 307
Dat2SpriteLoadByName: archive 'mapfunction' not found in sprites table
Dat2SpriteLoadByName: archive 'hitmark' not found in sprites table
CS2VM2: call depth 128 exhausted calling script 904 from script 904 (raise CS2VM_MAX_FRAMES)
Task_CS2Run: script 904 failed at opcode 40 pc 2 (invoked as script 903 for component 0xa10000)
  script 904: int_args=2 str_args=0 int_locals=2 str_locals=0 ops=4
  pc=0 op=33 PUSH_INT_LOCAL operand=0 str=(null)
  pc=1 op=33 PUSH_INT_LOCAL operand=1 str=(null)
  pc=2 op=40 GOSUB_WITH_PARAMS operand=904 str=(null)
  pc=3 op=21 RETURN operand=0 str=(null)
Dat2SpriteLoadByName: archive 'mapfunction' not found in sprites table
Dat2SpriteLoadByName: archive 'hitmark' not found in sprites table
CS2VM2: call depth 128 exhausted calling script 904 from script 904 (raise CS2VM_MAX_FRAMES)
Task_CS2Run: script 904 failed at opcode 40 pc 2 (invoked as script 903 for component 0xa10000)
  script 904: int_args=2 str_args=0 int_locals=2 str_locals=0 ops=4
  pc=0 op=33 PUSH_INT_LOCAL operand=0 str=(null)
  pc=1 op=33 PUSH_INT_LOCAL operand=1 str=(null)
  pc=2 op=40 GOSUB_WITH_PARAMS operand=904 str=(null)
  pc=3 op=21 RETURN operand=0 str=(null)
sim_hotkey: 'f3' -> osrs_key=3 at frame 16140
sim_hotkey: 'f4' -> osrs_key=4 at frame 16160
sim_hotkey: 'f5' -> osrs_key=5 at frame 16180
sim_hotkey: 'f6' -> osrs_key=6 at frame 16200
sim_hotkey: 'f7' -> osrs_key=7 at frame 16220
sim_hotkey: 'f8' -> osrs_key=8 at frame 16240
sim_hotkey: 'f9' -> osrs_key=9 at frame 16260
Failed to load dat2 idk 307
Dat2SpriteLoadByName: archive 'mapfunction' not found in sprites table
Dat2SpriteLoadByName: archive 'hitmark' not found in sprites table
CS2VM2: call depth 128 exhausted calling script 904 from script 904 (raise CS2VM_MAX_FRAMES)
Task_CS2Run: script 904 failed at opcode 40 pc 2 (invoked as script 903 for component 0xa10000)
  script 904: int_args=2 str_args=0 int_locals=2 str_locals=0 ops=4
  pc=0 op=33 PUSH_INT_LOCAL operand=0 str=(null)
  pc=1 op=33 PUSH_INT_LOCAL operand=1 str=(null)
  pc=2 op=40 GOSUB_WITH_PARAMS operand=904 str=(null)
  pc=3 op=21 RETURN operand=0 str=(null)
sim_hotkey: 'f10' -> osrs_key=10 at frame 16280
sim_hotkey: 'f11' -> osrs_key=11 at frame 16300
sim_hotkey: 'f12' -> osrs_key=12 at frame 16320
sim_hotkey: 'escape' -> osrs_key=13 at frame 16340
sim_hotkey: 'escape' -> osrs_key=13 at frame 16360
CS2VM2: call depth 128 exhausted calling script 904 from script 904 (raise CS2VM_MAX_FRAMES)
Task_CS2Run: script 904 failed at opcode 40 pc 2 (invoked as script 903 for component 0xa10000)
  script 904: int_args=2 str_args=0 int_locals=2 str_locals=0 ops=4
  pc=0 op=33 PUSH_INT_LOCAL operand=0 str=(null)
  pc=1 op=33 PUSH_INT_LOCAL operand=1 str=(null)
  pc=2 op=40 GOSUB_WITH_PARAMS operand=904 str=(null)
  pc=3 op=21 RETURN operand=0 str=(null)
CS2VM2: call depth 128 exhausted calling script 904 from script 904 (raise CS2VM_MAX_FRAMES)
Task_CS2Run: script 904 failed at opcode 40 pc 2 (invoked as script 903 for component 0xa10000)
  script 904: int_args=2 str_args=0 int_locals=2 str_locals=0 ops=4
  pc=0 op=33 PUSH_INT_LOCAL operand=0 str=(null)
  pc=1 op=33 PUSH_INT_LOCAL operand=1 str=(null)
  pc=2 op=40 GOSUB_WITH_PARAMS operand=904 str=(null)
  pc=3 op=21 RETURN operand=0 str=(null)
CS2VM2: call depth 128 exhausted calling script 904 from script 904 (raise CS2VM_MAX_FRAMES)
Task_CS2Run: script 904 failed at opcode 40 pc 2 (invoked as script 903 for component 0xa10000)
  script 904: int_args=2 str_args=0 int_locals=2 str_locals=0 ops=4
  pc=0 op=33 PUSH_INT_LOCAL operand=0 str=(null)
  pc=1 op=33 PUSH_INT_LOCAL operand=1 str=(null)
  pc=2 op=40 GOSUB_WITH_PARAMS operand=904 str=(null)
  pc=3 op=21 RETURN operand=0 str=(null)
CS2VM2: call depth 128 exhausted calling script 904 from script 904 (raise CS2VM_MAX_FRAMES)
Task_CS2Run: script 904 failed at opcode 40 pc 2 (invoked as script 903 for component 0xa10000)
  script 904: int_args=2 str_args=0 int_locals=2 str_locals=0 ops=4
  pc=0 op=33 PUSH_INT_LOCAL operand=0 str=(null)
  pc=1 op=33 PUSH_INT_LOCAL operand=1 str=(null)
  pc=2 op=40 GOSUB_WITH_PARAMS operand=904 str=(null)
  pc=3 op=21 RETURN operand=0 str=(null)
sim_hotkey: 'f1' -> osrs_key=1 at frame 16380
sim_hotkey: 'f2' -> osrs_key=2 at frame 16400
sim_hotkey: 'f3' -> osrs_key=3 at frame 16420
Dat2SpriteLoadByName: archive 'mapfunction' not found in sprites table
Dat2SpriteLoadByName: archive 'hitmark' not found in sprites table
CS2VM2: call depth 128 exhausted calling script 904 from script 904 (raise CS2VM_MAX_FRAMES)
Task_CS2Run: script 904 failed at opcode 40 pc 2 (invoked as script 903 for component 0xa10000)
  script 904: int_args=2 str_args=0 int_locals=2 str_locals=0 ops=4
  pc=0 op=33 PUSH_INT_LOCAL operand=0 str=(null)
  pc=1 op=33 PUSH_INT_LOCAL operand=1 str=(null)
  pc=2 op=40 GOSUB_WITH_PARAMS operand=904 str=(null)
  pc=3 op=21 RETURN operand=0 str=(null)
sim_hotkey: 'f4' -> osrs_key=4 at frame 16440
sim_hotkey: 'f5' -> osrs_key=5 at frame 16460
sim_hotkey: 'f6' -> osrs_key=6 at frame 16480
sim_hotkey: 'f7' -> osrs_key=7 at frame 16500
torirs_perf: window=32 frame_p95=5.54ms
sim_hotkey: 'f8' -> osrs_key=8 at frame 16520
sim_hotkey: 'f9' -> osrs_key=9 at frame 16540
sim_hotkey: 'f10' -> osrs_key=10 at frame 16560
sim_hotkey: 'f11' -> osrs_key=11 at frame 16580
sim_hotkey: 'f12' -> osrs_key=12 at frame 16600
sim_hotkey: 'escape' -> osrs_key=13 at frame 16620
Dat2SpriteLoadByName: archive 'mapfunction' not found in sprites table
Dat2SpriteLoadByName: archive 'hitmark' not found in sprites table
Task_CS2Run: script 7188 failed at opcode 34 pc 14 (invoked as script 7128 for component 0x28a0000)
  script 7188: int_args=0 str_args=0 int_locals=1 str_locals=1 ops=31
  pc=0 op=0 PUSH_CONSTANT_INT operand=-1 str=(null)
  pc=1 op=34 POP_INT_LOCAL operand=0 str=(null)
  pc=2 op=3 PUSH_CONSTANT_STRING operand=0 str=
  pc=3 op=36 POP_STRING_LOCAL operand=0 str=(null)
  pc=4 op=25 PUSH_VARBIT operand=14881 str=(null)
  pc=5 op=60 SWITCH operand=0 str=(null)
  pc=6 op=3 PUSH_CONSTANT_STRING operand=0 str=graphic_4911
  pc=7 op=3 PUSH_CONSTANT_STRING operand=0 str=Grand Exchange value
  pc=8 op=36 POP_STRING_LOCAL operand=0 str=(null)
  pc=9 op=34 POP_INT_LOCAL operand=0 str=(null)
  pc=10 op=6 BRANCH operand=10 str=(null)
  pc=11 op=3 PUSH_CONSTANT_STRING operand=0 str=graphic_4912
  pc=12 op=3 PUSH_CONSTANT_STRING operand=0 str=High Alchemy value
  pc=13 op=36 POP_STRING_LOCAL operand=0 str=(null)
  pc=14 op=34 POP_INT_LOCAL operand=0 str=(null)
  pc=15 op=6 BRANCH operand=5 str=(null)
  pc=16 op=3 PUSH_CONSTANT_STRING operand=0 str=graphic_4911
CS2VM2: call depth 128 exhausted calling script 904 from script 904 (raise CS2VM_MAX_FRAMES)
Task_CS2Run: script 904 failed at opcode 40 pc 2 (invoked as script 903 for component 0xa10000)
  script 904: int_args=2 str_args=0 int_locals=2 str_locals=0 ops=4
  pc=0 op=33 PUSH_INT_LOCAL operand=0 str=(null)
  pc=1 op=33 PUSH_INT_LOCAL operand=1 str=(null)
  pc=2 op=40 GOSUB_WITH_PARAMS operand=904 str=(null)
  pc=3 op=21 RETURN operand=0 str=(null)
sim_hotkey: 'escape' -> osrs_key=13 at frame 16640
sim_hotkey: 'f1' -> osrs_key=1 at frame 16660
sim_hotkey: 'f2' -> osrs_key=2 at frame 16680
sim_hotkey: 'f3' -> osrs_key=3 at frame 16700
sim_hotkey: 'f4' -> osrs_key=4 at frame 16720
sim_hotkey: 'f5' -> osrs_key=5 at frame 16740
sim_hotkey: 'f6' -> osrs_key=6 at frame 16760
sim_hotkey: 'f7' -> osrs_key=7 at frame 16780
sim_hotkey: 'f8' -> osrs_key=8 at frame 16800
torirs_iface_stats: tick=5000 groups=33
  group=161 opens=1 closes=0 bakes=1 reuse=0 live=106 hidden=14 hooks=22 hook_bytes=224400
  group=162 opens=1 closes=0 bakes=1 reuse=0 live=3222 hidden=2413 hooks=18 hook_bytes=183600
  group=651 opens=1 closes=0 bakes=1 reuse=0 live=7 hidden=0 hooks=0 hook_bytes=0
  group=708 opens=1 closes=0 bakes=1 reuse=0 live=13 hidden=1 hooks=4 hook_bytes=40800
  group=163 opens=1 closes=0 bakes=0 reuse=1 live=26 hidden=25 hooks=0 hook_bytes=0
  group=303 opens=1 closes=0 bakes=1 reuse=0 live=21 hidden=5 hooks=2 hook_bytes=20400
  group=90 opens=1 closes=0 bakes=1 reuse=0 live=60 hidden=13 hooks=13 hook_bytes=132600
  group=160 opens=1 closes=0 bakes=1 reuse=0 live=58 hidden=12 hooks=11 hook_bytes=112200
  group=122 opens=1 closes=0 bakes=1 reuse=0 live=33 hidden=15 hooks=9 hook_bytes=91800
  group=728 opens=1 closes=0 bakes=0 reuse=1 live=50 hidden=2 hooks=4 hook_bytes=40800
  group=896 opens=1 closes=0 bakes=0 reuse=1 live=903 hidden=902 hooks=0 hook_bytes=0
  group=593 opens=1 closes=0 bakes=1 reuse=0 live=117 hidden=7 hooks=6 hook_bytes=61200
  group=320 opens=1 closes=0 bakes=1 reuse=0 live=202 hidden=24 hooks=49 hook_bytes=499800
  group=629 opens=1 closes=0 bakes=1 reuse=0 live=46 hidden=5 hooks=3 hook_bytes=30600
  group=712 opens=1 closes=0 bakes=1 reuse=0 live=113 hidden=0 hooks=5 hook_bytes=51000
  group=149 opens=1 closes=0 bakes=0 reuse=1 live=29 hidden=0 hooks=28 hook_bytes=285600
  group=387 opens=1 closes=0 bakes=1 reuse=0 live=96 hidden=12 hooks=13 hook_bytes=132600
  group=541 opens=1 closes=0 bakes=1 reuse=0 live=124 hidden=33 hooks=30 hook_bytes=306000
  group=218 opens=1 closes=0 bakes=1 reuse=0 live=232 hidden=132 hooks=195 hook_bytes=1989000
  group=707 opens=1 closes=0 bakes=1 reuse=0 live=39 hidden=0 hooks=5 hook_bytes=51000
  group=109 opens=1 closes=0 bakes=1 reuse=0 live=96 hidden=13 hooks=10 hook_bytes=102000
  group=429 opens=1 closes=0 bakes=1 reuse=0 live=35 hidden=0 hooks=8 hook_bytes=81600
  group=182 opens=1 closes=0 bakes=1 reuse=0 live=94 hidden=3 hooks=10 hook_bytes=102000
  group=116 opens=1 closes=0 bakes=1 reuse=0 live=222 hidden=12 hooks=65 hook_bytes=663000
  group=216 opens=1 closes=0 bakes=1 reuse=0 live=124 hidden=0 hooks=61 hook_bytes=622200
  group=239 opens=1 closes=0 bakes=1 reuse=0 live=934 hidden=597 hooks=267 hook_bytes=2723400
  group=12 opens=17 closes=17 bakes=1 reuse=16 live=1781 hidden=73 hooks=1505 hook_bytes=15351000
  group=15 opens=17 closes=17 bakes=1 reuse=16 live=650 hidden=49 hooks=366 hook_bytes=3733200
  group=84 opens=17 closes=17 bakes=1 reuse=16 live=123 hidden=14 hooks=25 hook_bytes=255000
  group=729 opens=17 closes=17 bakes=0 reuse=17 live=36 hidden=1 hooks=6 hook_bytes=61200
  group=650 opens=17 closes=16 bakes=1 reuse=16 live=110 hidden=2 hooks=15 hook_bytes=153000
  group=894 opens=16 closes=16 bakes=1 reuse=15 live=413 hidden=5 hooks=117 hook_bytes=1193400
  group=32766 opens=0 closes=0 bakes=0 reuse=0 live=4 hidden=0 hooks=0 hook_bytes=0
torirs_stats: tick=5000 components=10119 live=10119 hidden=4384 freed=0 free_head=-1 inv_hooks=19 var_hooks=164 timers=28 timers_hidden=7 iface_parents=26
Dat2SpriteLoadByName: archive 'mapfunction' not found in sprites table
Dat2SpriteLoadByName: archive 'hitmark' not found in sprites table
CS2VM2: call depth 128 exhausted calling script 904 from script 904 (raise CS2VM_MAX_FRAMES)
Task_CS2Run: script 904 failed at opcode 40 pc 2 (invoked as script 903 for component 0xa10000)
  script 904: int_args=2 str_args=0 int_locals=2 str_locals=0 ops=4
  pc=0 op=33 PUSH_INT_LOCAL operand=0 str=(null)
  pc=1 op=33 PUSH_INT_LOCAL operand=1 str=(null)
  pc=2 op=40 GOSUB_WITH_PARAMS operand=904 str=(null)
  pc=3 op=21 RETURN operand=0 str=(null)
sim_hotkey: 'f9' -> osrs_key=9 at frame 16820
sim_hotkey: 'f10' -> osrs_key=10 at frame 16840
sim_hotkey: 'f11' -> osrs_key=11 at frame 16860
sim_hotkey: 'f12' -> osrs_key=12 at frame 16880
sim_hotkey: 'escape' -> osrs_key=13 at frame 16900
sim_hotkey: 'escape' -> osrs_key=13 at frame 16920
sim_hotkey: 'f1' -> osrs_key=1 at frame 16940
sim_hotkey: 'f2' -> osrs_key=2 at frame 16960
sim_hotkey: 'f3' -> osrs_key=3 at frame 16980
sim_hotkey: 'f4' -> osrs_key=4 at frame 17000
torirs_perf: window=33 frame_p95=5.00ms
sim_hotkey: 'f5' -> osrs_key=5 at frame 17020
sim_hotkey: 'f6' -> osrs_key=6 at frame 17040
sim_hotkey: 'f7' -> osrs_key=7 at frame 17060
sim_hotkey: 'f8' -> osrs_key=8 at frame 17080
sim_hotkey: 'f9' -> osrs_key=9 at frame 17100
sim_hotkey: 'f10' -> osrs_key=10 at frame 17120
sim_hotkey: 'f11' -> osrs_key=11 at frame 17140
Failed to load dat2 idk 307
Dat2SpriteLoadByName: archive 'mapfunction' not found in sprites table
Dat2SpriteLoadByName: archive 'hitmark' not found in sprites table
CS2VM2: call depth 128 exhausted calling script 904 from script 904 (raise CS2VM_MAX_FRAMES)
Task_CS2Run: script 904 failed at opcode 40 pc 2 (invoked as script 903 for component 0xa10000)
  script 904: int_args=2 str_args=0 int_locals=2 str_locals=0 ops=4
  pc=0 op=33 PUSH_INT_LOCAL operand=0 str=(null)
  pc=1 op=33 PUSH_INT_LOCAL operand=1 str=(null)
  pc=2 op=40 GOSUB_WITH_PARAMS operand=904 str=(null)
  pc=3 op=21 RETURN operand=0 str=(null)
Dat2SpriteLoadByName: archive 'mapfunction' not found in sprites table
Dat2SpriteLoadByName: archive 'hitmark' not found in sprites table
CS2VM2: call depth 128 exhausted calling script 904 from script 904 (raise CS2VM_MAX_FRAMES)
Task_CS2Run: script 904 failed at opcode 40 pc 2 (invoked as script 903 for component 0xa10000)
  script 904: int_args=2 str_args=0 int_locals=2 str_locals=0 ops=4
  pc=0 op=33 PUSH_INT_LOCAL operand=0 str=(null)
  pc=1 op=33 PUSH_INT_LOCAL operand=1 str=(null)
  pc=2 op=40 GOSUB_WITH_PARAMS operand=904 str=(null)
  pc=3 op=21 RETURN operand=0 str=(null)
sim_hotkey: 'f12' -> osrs_key=12 at frame 17160
sim_hotkey: 'escape' -> osrs_key=13 at frame 17180
sim_hotkey: 'escape' -> osrs_key=13 at frame 17200
CS2VM2: call depth 128 exhausted calling script 904 from script 904 (raise CS2VM_MAX_FRAMES)
Task_CS2Run: script 904 failed at opcode 40 pc 2 (invoked as script 903 for component 0xa10000)
  script 904: int_args=2 str_args=0 int_locals=2 str_locals=0 ops=4
  pc=0 op=33 PUSH_INT_LOCAL operand=0 str=(null)
  pc=1 op=33 PUSH_INT_LOCAL operand=1 str=(null)
  pc=2 op=40 GOSUB_WITH_PARAMS operand=904 str=(null)
  pc=3 op=21 RETURN operand=0 str=(null)
CS2VM2: call depth 128 exhausted calling script 904 from script 904 (raise CS2VM_MAX_FRAMES)
Task_CS2Run: script 904 failed at opcode 40 pc 2 (invoked as script 903 for component 0xa10000)
  script 904: int_args=2 str_args=0 int_locals=2 str_locals=0 ops=4
  pc=0 op=33 PUSH_INT_LOCAL operand=0 str=(null)
  pc=1 op=33 PUSH_INT_LOCAL operand=1 str=(null)
  pc=2 op=40 GOSUB_WITH_PARAMS operand=904 str=(null)
  pc=3 op=21 RETURN operand=0 str=(null)
CS2VM2: call depth 128 exhausted calling script 904 from script 904 (raise CS2VM_MAX_FRAMES)
Task_CS2Run: script 904 failed at opcode 40 pc 2 (invoked as script 903 for component 0xa10000)
  script 904: int_args=2 str_args=0 int_locals=2 str_locals=0 ops=4
  pc=0 op=33 PUSH_INT_LOCAL operand=0 str=(null)
  pc=1 op=33 PUSH_INT_LOCAL operand=1 str=(null)
  pc=2 op=40 GOSUB_WITH_PARAMS operand=904 str=(null)
  pc=3 op=21 RETURN operand=0 str=(null)
CS2VM2: call depth 128 exhausted calling script 904 from script 904 (raise CS2VM_MAX_FRAMES)
Task_CS2Run: script 904 failed at opcode 40 pc 2 (invoked as script 903 for component 0xa10000)
  script 904: int_args=2 str_args=0 int_locals=2 str_locals=0 ops=4
  pc=0 op=33 PUSH_INT_LOCAL operand=0 str=(null)
  pc=1 op=33 PUSH_INT_LOCAL operand=1 str=(null)
  pc=2 op=40 GOSUB_WITH_PARAMS operand=904 str=(null)
  pc=3 op=21 RETURN operand=0 str=(null)
sim_hotkey: 'f1' -> osrs_key=1 at frame 17220
sim_hotkey: 'f2' -> osrs_key=2 at frame 17240
sim_hotkey: 'f3' -> osrs_key=3 at frame 17260
sim_hotkey: 'f4' -> osrs_key=4 at frame 17280
sim_hotkey: 'f5' -> osrs_key=5 at frame 17300
Failed to load dat2 idk 307
Dat2SpriteLoadByName: archive 'mapfunction' not found in sprites table
Dat2SpriteLoadByName: archive 'hitmark' not found in sprites table
CS2VM2: call depth 128 exhausted calling script 904 from script 904 (raise CS2VM_MAX_FRAMES)
Task_CS2Run: script 904 failed at opcode 40 pc 2 (invoked as script 903 for component 0xa10000)
  script 904: int_args=2 str_args=0 int_locals=2 str_locals=0 ops=4
  pc=0 op=33 PUSH_INT_LOCAL operand=0 str=(null)
  pc=1 op=33 PUSH_INT_LOCAL operand=1 str=(null)
  pc=2 op=40 GOSUB_WITH_PARAMS operand=904 str=(null)
  pc=3 op=21 RETURN operand=0 str=(null)
sim_hotkey: 'f6' -> osrs_key=6 at frame 17320
sim_hotkey: 'f7' -> osrs_key=7 at frame 17340
sim_hotkey: 'f8' -> osrs_key=8 at frame 17360
sim_hotkey: 'f9' -> osrs_key=9 at frame 17380
sim_hotkey: 'f10' -> osrs_key=10 at frame 17400
sim_hotkey: 'f11' -> osrs_key=11 at frame 17420
sim_hotkey: 'f12' -> osrs_key=12 at frame 17440
sim_hotkey: 'escape' -> osrs_key=13 at frame 17460
Dat2SpriteLoadByName: archive 'mapfunction' not found in sprites table
Dat2SpriteLoadByName: archive 'hitmark' not found in sprites table
CS2VM2: call depth 128 exhausted calling script 904 from script 904 (raise CS2VM_MAX_FRAMES)
Task_CS2Run: script 904 failed at opcode 40 pc 2 (invoked as script 903 for component 0xa10000)
  script 904: int_args=2 str_args=0 int_locals=2 str_locals=0 ops=4
  pc=0 op=33 PUSH_INT_LOCAL operand=0 str=(null)
  pc=1 op=33 PUSH_INT_LOCAL operand=1 str=(null)
  pc=2 op=40 GOSUB_WITH_PARAMS operand=904 str=(null)
  pc=3 op=21 RETURN operand=0 str=(null)
CS2VM2: call depth 128 exhausted calling script 904 from script 904 (raise CS2VM_MAX_FRAMES)
Task_CS2Run: script 904 failed at opcode 40 pc 2 (invoked as script 903 for component 0xa10000)
  script 904: int_args=2 str_args=0 int_locals=2 str_locals=0 ops=4
  pc=0 op=33 PUSH_INT_LOCAL operand=0 str=(null)
  pc=1 op=33 PUSH_INT_LOCAL operand=1 str=(null)
  pc=2 op=40 GOSUB_WITH_PARAMS operand=904 str=(null)
  pc=3 op=21 RETURN operand=0 str=(null)
sim_hotkey: 'escape' -> osrs_key=13 at frame 17480
CS2VM2: call depth 128 exhausted calling script 904 from script 904 (raise CS2VM_MAX_FRAMES)
Task_CS2Run: script 904 failed at opcode 40 pc 2 (invoked as script 903 for component 0xa10000)
  script 904: int_args=2 str_args=0 int_locals=2 str_locals=0 ops=4
  pc=0 op=33 PUSH_INT_LOCAL operand=0 str=(null)
  pc=1 op=33 PUSH_INT_LOCAL operand=1 str=(null)
  pc=2 op=40 GOSUB_WITH_PARAMS operand=904 str=(null)
  pc=3 op=21 RETURN operand=0 str=(null)
sim_hotkey: 'f1' -> osrs_key=1 at frame 17500
torirs_perf: window=34 frame_p95=5.34ms
sim_hotkey: 'f2' -> osrs_key=2 at frame 17520
sim_hotkey: 'f3' -> osrs_key=3 at frame 17540
sim_hotkey: 'f4' -> osrs_key=4 at frame 17560
sim_hotkey: 'f5' -> osrs_key=5 at frame 17580
sim_hotkey: 'f6' -> osrs_key=6 at frame 17600
sim_hotkey: 'f7' -> osrs_key=7 at frame 17620
sim_hotkey: 'f8' -> osrs_key=8 at frame 17640
torirs_iface_stats: tick=5250 groups=33
  group=161 opens=1 closes=0 bakes=1 reuse=0 live=106 hidden=14 hooks=22 hook_bytes=224400
  group=162 opens=1 closes=0 bakes=1 reuse=0 live=3222 hidden=2413 hooks=18 hook_bytes=183600
  group=651 opens=1 closes=0 bakes=1 reuse=0 live=7 hidden=0 hooks=0 hook_bytes=0
  group=708 opens=1 closes=0 bakes=1 reuse=0 live=13 hidden=1 hooks=4 hook_bytes=40800
  group=163 opens=1 closes=0 bakes=0 reuse=1 live=26 hidden=25 hooks=0 hook_bytes=0
  group=303 opens=1 closes=0 bakes=1 reuse=0 live=21 hidden=5 hooks=2 hook_bytes=20400
  group=90 opens=1 closes=0 bakes=1 reuse=0 live=60 hidden=13 hooks=13 hook_bytes=132600
  group=160 opens=1 closes=0 bakes=1 reuse=0 live=58 hidden=12 hooks=11 hook_bytes=112200
  group=122 opens=1 closes=0 bakes=1 reuse=0 live=33 hidden=15 hooks=9 hook_bytes=91800
  group=728 opens=1 closes=0 bakes=0 reuse=1 live=50 hidden=2 hooks=4 hook_bytes=40800
  group=896 opens=1 closes=0 bakes=0 reuse=1 live=903 hidden=902 hooks=0 hook_bytes=0
  group=593 opens=1 closes=0 bakes=1 reuse=0 live=117 hidden=7 hooks=6 hook_bytes=61200
  group=320 opens=1 closes=0 bakes=1 reuse=0 live=202 hidden=24 hooks=49 hook_bytes=499800
  group=629 opens=1 closes=0 bakes=1 reuse=0 live=46 hidden=5 hooks=3 hook_bytes=30600
  group=712 opens=1 closes=0 bakes=1 reuse=0 live=113 hidden=0 hooks=5 hook_bytes=51000
  group=149 opens=1 closes=0 bakes=0 reuse=1 live=29 hidden=0 hooks=28 hook_bytes=285600
  group=387 opens=1 closes=0 bakes=1 reuse=0 live=96 hidden=12 hooks=13 hook_bytes=132600
  group=541 opens=1 closes=0 bakes=1 reuse=0 live=124 hidden=33 hooks=30 hook_bytes=306000
  group=218 opens=1 closes=0 bakes=1 reuse=0 live=232 hidden=132 hooks=195 hook_bytes=1989000
  group=707 opens=1 closes=0 bakes=1 reuse=0 live=39 hidden=0 hooks=5 hook_bytes=51000
  group=109 opens=1 closes=0 bakes=1 reuse=0 live=96 hidden=13 hooks=10 hook_bytes=102000
  group=429 opens=1 closes=0 bakes=1 reuse=0 live=35 hidden=0 hooks=8 hook_bytes=81600
  group=182 opens=1 closes=0 bakes=1 reuse=0 live=94 hidden=3 hooks=10 hook_bytes=102000
  group=116 opens=1 closes=0 bakes=1 reuse=0 live=222 hidden=12 hooks=65 hook_bytes=663000
  group=216 opens=1 closes=0 bakes=1 reuse=0 live=124 hidden=0 hooks=61 hook_bytes=622200
  group=239 opens=1 closes=0 bakes=1 reuse=0 live=934 hidden=597 hooks=267 hook_bytes=2723400
  group=12 opens=18 closes=18 bakes=1 reuse=17 live=1781 hidden=73 hooks=1505 hook_bytes=15351000
  group=15 opens=18 closes=18 bakes=1 reuse=17 live=650 hidden=49 hooks=366 hook_bytes=3733200
  group=84 opens=18 closes=18 bakes=1 reuse=17 live=123 hidden=14 hooks=25 hook_bytes=255000
  group=729 opens=18 closes=17 bakes=0 reuse=18 live=36 hidden=0 hooks=6 hook_bytes=61200
  group=650 opens=17 closes=17 bakes=1 reuse=16 live=110 hidden=3 hooks=15 hook_bytes=153000
  group=894 opens=17 closes=17 bakes=1 reuse=16 live=413 hidden=5 hooks=117 hook_bytes=1193400
  group=32766 opens=0 closes=0 bakes=0 reuse=0 live=4 hidden=0 hooks=0 hook_bytes=0
torirs_stats: tick=5250 components=10119 live=10119 hidden=4384 freed=0 free_head=-1 inv_hooks=19 var_hooks=163 timers=28 timers_hidden=7 iface_parents=26
Dat2SpriteLoadByName: archive 'mapfunction' not found in sprites table
Dat2SpriteLoadByName: archive 'hitmark' not found in sprites table
Task_CS2Run: script 7188 failed at opcode 34 pc 14 (invoked as script 7128 for component 0x28a0000)
  script 7188: int_args=0 str_args=0 int_locals=1 str_locals=1 ops=31
  pc=0 op=0 PUSH_CONSTANT_INT operand=-1 str=(null)
  pc=1 op=34 POP_INT_LOCAL operand=0 str=(null)
  pc=2 op=3 PUSH_CONSTANT_STRING operand=0 str=
  pc=3 op=36 POP_STRING_LOCAL operand=0 str=(null)
  pc=4 op=25 PUSH_VARBIT operand=14881 str=(null)
  pc=5 op=60 SWITCH operand=0 str=(null)
  pc=6 op=3 PUSH_CONSTANT_STRING operand=0 str=graphic_4911
  pc=7 op=3 PUSH_CONSTANT_STRING operand=0 str=Grand Exchange value
  pc=8 op=36 POP_STRING_LOCAL operand=0 str=(null)
  pc=9 op=34 POP_INT_LOCAL operand=0 str=(null)
  pc=10 op=6 BRANCH operand=10 str=(null)
  pc=11 op=3 PUSH_CONSTANT_STRING operand=0 str=graphic_4912
  pc=12 op=3 PUSH_CONSTANT_STRING operand=0 str=High Alchemy value
  pc=13 op=36 POP_STRING_LOCAL operand=0 str=(null)
  pc=14 op=34 POP_INT_LOCAL operand=0 str=(null)
  pc=15 op=6 BRANCH operand=5 str=(null)
  pc=16 op=3 PUSH_CONSTANT_STRING operand=0 str=graphic_4911
CS2VM2: call depth 128 exhausted calling script 904 from script 904 (raise CS2VM_MAX_FRAMES)
Task_CS2Run: script 904 failed at opcode 40 pc 2 (invoked as script 903 for component 0xa10000)
  script 904: int_args=2 str_args=0 int_locals=2 str_locals=0 ops=4
  pc=0 op=33 PUSH_INT_LOCAL operand=0 str=(null)
  pc=1 op=33 PUSH_INT_LOCAL operand=1 str=(null)
  pc=2 op=40 GOSUB_WITH_PARAMS operand=904 str=(null)
  pc=3 op=21 RETURN operand=0 str=(null)
sim_hotkey: 'f9' -> osrs_key=9 at frame 17660
sim_hotkey: 'f10' -> osrs_key=10 at frame 17680
sim_hotkey: 'f11' -> osrs_key=11 at frame 17700
sim_hotkey: 'f12' -> osrs_key=12 at frame 17720
sim_hotkey: 'escape' -> osrs_key=13 at frame 17740
sim_hotkey: 'escape' -> osrs_key=13 at frame 17760
sim_hotkey: 'f1' -> osrs_key=1 at frame 17780
sim_hotkey: 'f2' -> osrs_key=2 at frame 17800
sim_hotkey: 'f3' -> osrs_key=3 at frame 17820
Dat2SpriteLoadByName: archive 'mapfunction' not found in sprites table
Dat2SpriteLoadByName: archive 'hitmark' not found in sprites table
CS2VM2: call depth 128 exhausted calling script 904 from script 904 (raise CS2VM_MAX_FRAMES)
Task_CS2Run: script 904 failed at opcode 40 pc 2 (invoked as script 903 for component 0xa10000)
  script 904: int_args=2 str_args=0 int_locals=2 str_locals=0 ops=4
  pc=0 op=33 PUSH_INT_LOCAL operand=0 str=(null)
  pc=1 op=33 PUSH_INT_LOCAL operand=1 str=(null)
  pc=2 op=40 GOSUB_WITH_PARAMS operand=904 str=(null)
  pc=3 op=21 RETURN operand=0 str=(null)
sim_hotkey: 'f4' -> osrs_key=4 at frame 17840
sim_hotkey: 'f5' -> osrs_key=5 at frame 17860
sim_hotkey: 'f6' -> osrs_key=6 at frame 17880
sim_hotkey: 'f7' -> osrs_key=7 at frame 17900
sim_hotkey: 'f8' -> osrs_key=8 at frame 17920
sim_hotkey: 'f9' -> osrs_key=9 at frame 17940
sim_hotkey: 'f10' -> osrs_key=10 at frame 17960
sim_hotkey: 'f11' -> osrs_key=11 at frame 17980
sim_hotkey: 'f12' -> osrs_key=12 at frame 18000
torirs_perf: window=35 frame_p95=4.90ms
sim_hotkey: 'escape' -> osrs_key=13 at frame 18020
sim_hotkey: 'escape' -> osrs_key=13 at frame 18040
sim_hotkey: 'f1' -> osrs_key=1 at frame 18060
sim_hotkey: 'f2' -> osrs_key=2 at frame 18080
sim_hotkey: 'f3' -> osrs_key=3 at frame 18100
sim_hotkey: 'f4' -> osrs_key=4 at frame 18120
sim_hotkey: 'f5' -> osrs_key=5 at frame 18140
sim_hotkey: 'f6' -> osrs_key=6 at frame 18160
sim_hotkey: 'f7' -> osrs_key=7 at frame 18180
Failed to load dat2 idk 307
Dat2SpriteLoadByName: archive 'mapfunction' not found in sprites table
Dat2SpriteLoadByName: archive 'hitmark' not found in sprites table
CS2VM2: call depth 128 exhausted calling script 904 from script 904 (raise CS2VM_MAX_FRAMES)
Task_CS2Run: script 904 failed at opcode 40 pc 2 (invoked as script 903 for component 0xa10000)
  script 904: int_args=2 str_args=0 int_locals=2 str_locals=0 ops=4
  pc=0 op=33 PUSH_INT_LOCAL operand=0 str=(null)
  pc=1 op=33 PUSH_INT_LOCAL operand=1 str=(null)
  pc=2 op=40 GOSUB_WITH_PARAMS operand=904 str=(null)
  pc=3 op=21 RETURN operand=0 str=(null)
Dat2SpriteLoadByName: archive 'mapfunction' not found in sprites table
Dat2SpriteLoadByName: archive 'hitmark' not found in sprites table
CS2VM2: call depth 128 exhausted calling script 904 from script 904 (raise CS2VM_MAX_FRAMES)
Task_CS2Run: script 904 failed at opcode 40 pc 2 (invoked as script 903 for component 0xa10000)
  script 904: int_args=2 str_args=0 int_locals=2 str_locals=0 ops=4
  pc=0 op=33 PUSH_INT_LOCAL operand=0 str=(null)
  pc=1 op=33 PUSH_INT_LOCAL operand=1 str=(null)
  pc=2 op=40 GOSUB_WITH_PARAMS operand=904 str=(null)
  pc=3 op=21 RETURN operand=0 str=(null)
sim_hotkey: 'f8' -> osrs_key=8 at frame 18200
sim_hotkey: 'f9' -> osrs_key=9 at frame 18220
sim_hotkey: 'f10' -> osrs_key=10 at frame 18240
sim_hotkey: 'f11' -> osrs_key=11 at frame 18260
sim_hotkey: 'f12' -> osrs_key=12 at frame 18280
sim_hotkey: 'escape' -> osrs_key=13 at frame 18300
sim_hotkey: 'escape' -> osrs_key=13 at frame 18320
CS2VM2: call depth 128 exhausted calling script 904 from script 904 (raise CS2VM_MAX_FRAMES)
Task_CS2Run: script 904 failed at opcode 40 pc 2 (invoked as script 903 for component 0xa10000)
  script 904: int_args=2 str_args=0 int_locals=2 str_locals=0 ops=4
  pc=0 op=33 PUSH_INT_LOCAL operand=0 str=(null)
  pc=1 op=33 PUSH_INT_LOCAL operand=1 str=(null)
  pc=2 op=40 GOSUB_WITH_PARAMS operand=904 str=(null)
  pc=3 op=21 RETURN operand=0 str=(null)
CS2VM2: call depth 128 exhausted calling script 904 from script 904 (raise CS2VM_MAX_FRAMES)
Task_CS2Run: script 904 failed at opcode 40 pc 2 (invoked as script 903 for component 0xa10000)
  script 904: int_args=2 str_args=0 int_locals=2 str_locals=0 ops=4
  pc=0 op=33 PUSH_INT_LOCAL operand=0 str=(null)
  pc=1 op=33 PUSH_INT_LOCAL operand=1 str=(null)
  pc=2 op=40 GOSUB_WITH_PARAMS operand=904 str=(null)
  pc=3 op=21 RETURN operand=0 str=(null)
CS2VM2: call depth 128 exhausted calling script 904 from script 904 (raise CS2VM_MAX_FRAMES)
Task_CS2Run: script 904 failed at opcode 40 pc 2 (invoked as script 903 for component 0xa10000)
  script 904: int_args=2 str_args=0 int_locals=2 str_locals=0 ops=4
  pc=0 op=33 PUSH_INT_LOCAL operand=0 str=(null)
  pc=1 op=33 PUSH_INT_LOCAL operand=1 str=(null)
  pc=2 op=40 GOSUB_WITH_PARAMS operand=904 str=(null)
  pc=3 op=21 RETURN operand=0 str=(null)
CS2VM2: call depth 128 exhausted calling script 904 from script 904 (raise CS2VM_MAX_FRAMES)
Task_CS2Run: script 904 failed at opcode 40 pc 2 (invoked as script 903 for component 0xa10000)
  script 904: int_args=2 str_args=0 int_locals=2 str_locals=0 ops=4
  pc=0 op=33 PUSH_INT_LOCAL operand=0 str=(null)
  pc=1 op=33 PUSH_INT_LOCAL operand=1 str=(null)
  pc=2 op=40 GOSUB_WITH_PARAMS operand=904 str=(null)
  pc=3 op=21 RETURN operand=0 str=(null)
Failed to load dat2 idk 307
Dat2SpriteLoadByName: archive 'mapfunction' not found in sprites table
Dat2SpriteLoadByName: archive 'hitmark' not found in sprites table
CS2VM2: call depth 128 exhausted calling script 904 from script 904 (raise CS2VM_MAX_FRAMES)
Task_CS2Run: script 904 failed at opcode 40 pc 2 (invoked as script 903 for component 0xa10000)
  script 904: int_args=2 str_args=0 int_locals=2 str_locals=0 ops=4
  pc=0 op=33 PUSH_INT_LOCAL operand=0 str=(null)
  pc=1 op=33 PUSH_INT_LOCAL operand=1 str=(null)
  pc=2 op=40 GOSUB_WITH_PARAMS operand=904 str=(null)
  pc=3 op=21 RETURN operand=0 str=(null)
sim_hotkey: 'f1' -> osrs_key=1 at frame 18340
CS2VM2: call depth 128 exhausted calling script 904 from script 904 (raise CS2VM_MAX_FRAMES)
Task_CS2Run: script 904 failed at opcode 40 pc 2 (invoked as script 903 for component 0xa10000)
  script 904: int_args=2 str_args=0 int_locals=2 str_locals=0 ops=4
  pc=0 op=33 PUSH_INT_LOCAL operand=0 str=(null)
  pc=1 op=33 PUSH_INT_LOCAL operand=1 str=(null)
  pc=2 op=40 GOSUB_WITH_PARAMS operand=904 str=(null)
  pc=3 op=21 RETURN operand=0 str=(null)
CS2VM2: call depth 128 exhausted calling script 904 from script 904 (raise CS2VM_MAX_FRAMES)
Task_CS2Run: script 904 failed at opcode 40 pc 2 (invoked as script 903 for component 0xa10000)
  script 904: int_args=2 str_args=0 int_locals=2 str_locals=0 ops=4
  pc=0 op=33 PUSH_INT_LOCAL operand=0 str=(null)
  pc=1 op=33 PUSH_INT_LOCAL operand=1 str=(null)
  pc=2 op=40 GOSUB_WITH_PARAMS operand=904 str=(null)
  pc=3 op=21 RETURN operand=0 str=(null)
sim_hotkey: 'f2' -> osrs_key=2 at frame 18360
sim_hotkey: 'f3' -> osrs_key=3 at frame 18380
spawn_npc: npc=3108 element=59773 tile=90,84 level=0 size=1 recolors=2 retextures=0
sim_hotkey: 'f4' -> osrs_key=4 at frame 18400
sim_hotkey: 'f5' -> osrs_key=5 at frame 18420
sim_hotkey: 'f6' -> osrs_key=6 at frame 18440
sim_hotkey: 'f7' -> osrs_key=7 at frame 18460
sim_hotkey: 'f8' -> osrs_key=8 at frame 18480
sim_hotkey: 'f9' -> osrs_key=9 at frame 18500
torirs_iface_stats: tick=5500 groups=33
  group=161 opens=1 closes=0 bakes=1 reuse=0 live=106 hidden=14 hooks=22 hook_bytes=224400
  group=162 opens=1 closes=0 bakes=1 reuse=0 live=3222 hidden=2413 hooks=18 hook_bytes=183600
  group=651 opens=1 closes=0 bakes=1 reuse=0 live=7 hidden=0 hooks=0 hook_bytes=0
  group=708 opens=1 closes=0 bakes=1 reuse=0 live=13 hidden=1 hooks=4 hook_bytes=40800
  group=163 opens=1 closes=0 bakes=0 reuse=1 live=26 hidden=25 hooks=0 hook_bytes=0
  group=303 opens=1 closes=0 bakes=1 reuse=0 live=21 hidden=5 hooks=2 hook_bytes=20400
  group=90 opens=1 closes=0 bakes=1 reuse=0 live=60 hidden=13 hooks=13 hook_bytes=132600
  group=160 opens=1 closes=0 bakes=1 reuse=0 live=58 hidden=12 hooks=11 hook_bytes=112200
  group=122 opens=1 closes=0 bakes=1 reuse=0 live=33 hidden=15 hooks=9 hook_bytes=91800
  group=728 opens=1 closes=0 bakes=0 reuse=1 live=50 hidden=2 hooks=4 hook_bytes=40800
  group=896 opens=1 closes=0 bakes=0 reuse=1 live=903 hidden=902 hooks=0 hook_bytes=0
  group=593 opens=1 closes=0 bakes=1 reuse=0 live=117 hidden=7 hooks=6 hook_bytes=61200
  group=320 opens=1 closes=0 bakes=1 reuse=0 live=202 hidden=24 hooks=49 hook_bytes=499800
  group=629 opens=1 closes=0 bakes=1 reuse=0 live=46 hidden=5 hooks=3 hook_bytes=30600
  group=712 opens=1 closes=0 bakes=1 reuse=0 live=113 hidden=0 hooks=5 hook_bytes=51000
  group=149 opens=1 closes=0 bakes=0 reuse=1 live=29 hidden=0 hooks=28 hook_bytes=285600
  group=387 opens=1 closes=0 bakes=1 reuse=0 live=96 hidden=12 hooks=13 hook_bytes=132600
  group=541 opens=1 closes=0 bakes=1 reuse=0 live=124 hidden=33 hooks=30 hook_bytes=306000
  group=218 opens=1 closes=0 bakes=1 reuse=0 live=232 hidden=132 hooks=195 hook_bytes=1989000
  group=707 opens=1 closes=0 bakes=1 reuse=0 live=39 hidden=0 hooks=5 hook_bytes=51000
  group=109 opens=1 closes=0 bakes=1 reuse=0 live=96 hidden=13 hooks=10 hook_bytes=102000
  group=429 opens=1 closes=0 bakes=1 reuse=0 live=35 hidden=0 hooks=8 hook_bytes=81600
  group=182 opens=1 closes=0 bakes=1 reuse=0 live=94 hidden=3 hooks=10 hook_bytes=102000
  group=116 opens=1 closes=0 bakes=1 reuse=0 live=222 hidden=12 hooks=65 hook_bytes=663000
  group=216 opens=1 closes=0 bakes=1 reuse=0 live=124 hidden=0 hooks=61 hook_bytes=622200
  group=239 opens=1 closes=0 bakes=1 reuse=0 live=934 hidden=597 hooks=267 hook_bytes=2723400
  group=12 opens=19 closes=19 bakes=1 reuse=18 live=1781 hidden=73 hooks=1505 hook_bytes=15351000
  group=15 opens=19 closes=19 bakes=1 reuse=18 live=650 hidden=49 hooks=366 hook_bytes=3733200
  group=84 opens=19 closes=19 bakes=1 reuse=18 live=123 hidden=14 hooks=25 hook_bytes=255000
  group=729 opens=18 closes=18 bakes=0 reuse=18 live=36 hidden=1 hooks=6 hook_bytes=61200
  group=650 opens=18 closes=18 bakes=1 reuse=17 live=110 hidden=3 hooks=15 hook_bytes=153000
  group=894 opens=18 closes=17 bakes=1 reuse=17 live=413 hidden=4 hooks=117 hook_bytes=1193400
  group=32766 opens=0 closes=0 bakes=0 reuse=0 live=4 hidden=0 hooks=0 hook_bytes=0
torirs_stats: tick=5500 components=10119 live=10119 hidden=4384 freed=0 free_head=-1 inv_hooks=19 var_hooks=163 timers=28 timers_hidden=7 iface_parents=26
Dat2SpriteLoadByName: archive 'mapfunction' not found in sprites table
Dat2SpriteLoadByName: archive 'hitmark' not found in sprites table
CS2VM2: call depth 128 exhausted calling script 904 from script 904 (raise CS2VM_MAX_FRAMES)
Task_CS2Run: script 904 failed at opcode 40 pc 2 (invoked as script 903 for component 0xa10000)
  script 904: int_args=2 str_args=0 int_locals=2 str_locals=0 ops=4
  pc=0 op=33 PUSH_INT_LOCAL operand=0 str=(null)
  pc=1 op=33 PUSH_INT_LOCAL operand=1 str=(null)
  pc=2 op=40 GOSUB_WITH_PARAMS operand=904 str=(null)
  pc=3 op=21 RETURN operand=0 str=(null)
torirs_perf: window=36 frame_p95=5.38ms
sim_hotkey: 'f10' -> osrs_key=10 at frame 18520
sim_hotkey: 'f11' -> osrs_key=11 at frame 18540
sim_hotkey: 'f12' -> osrs_key=12 at frame 18560
sim_hotkey: 'escape' -> osrs_key=13 at frame 18580
sim_hotkey: 'escape' -> osrs_key=13 at frame 18600
sim_hotkey: 'f1' -> osrs_key=1 at frame 18620
sim_hotkey: 'f2' -> osrs_key=2 at frame 18640
sim_hotkey: 'f3' -> osrs_key=3 at frame 18660
sim_hotkey: 'f4' -> osrs_key=4 at frame 18680
Dat2SpriteLoadByName: archive 'mapfunction' not found in sprites table
Dat2SpriteLoadByName: archive 'hitmark' not found in sprites table
Task_CS2Run: script 7188 failed at opcode 34 pc 14 (invoked as script 7128 for component 0x28a0000)
  script 7188: int_args=0 str_args=0 int_locals=1 str_locals=1 ops=31
  pc=0 op=0 PUSH_CONSTANT_INT operand=-1 str=(null)
  pc=1 op=34 POP_INT_LOCAL operand=0 str=(null)
  pc=2 op=3 PUSH_CONSTANT_STRING operand=0 str=
  pc=3 op=36 POP_STRING_LOCAL operand=0 str=(null)
  pc=4 op=25 PUSH_VARBIT operand=14881 str=(null)
  pc=5 op=60 SWITCH operand=0 str=(null)
  pc=6 op=3 PUSH_CONSTANT_STRING operand=0 str=graphic_4911
  pc=7 op=3 PUSH_CONSTANT_STRING operand=0 str=Grand Exchange value
  pc=8 op=36 POP_STRING_LOCAL operand=0 str=(null)
  pc=9 op=34 POP_INT_LOCAL operand=0 str=(null)
  pc=10 op=6 BRANCH operand=10 str=(null)
  pc=11 op=3 PUSH_CONSTANT_STRING operand=0 str=graphic_4912
  pc=12 op=3 PUSH_CONSTANT_STRING operand=0 str=High Alchemy value
  pc=13 op=36 POP_STRING_LOCAL operand=0 str=(null)
  pc=14 op=34 POP_INT_LOCAL operand=0 str=(null)
  pc=15 op=6 BRANCH operand=5 str=(null)
  pc=16 op=3 PUSH_CONSTANT_STRING operand=0 str=graphic_4911
CS2VM2: call depth 128 exhausted calling script 904 from script 904 (raise CS2VM_MAX_FRAMES)
Task_CS2Run: script 904 failed at opcode 40 pc 2 (invoked as script 903 for component 0xa10000)
  script 904: int_args=2 str_args=0 int_locals=2 str_locals=0 ops=4
  pc=0 op=33 PUSH_INT_LOCAL operand=0 str=(null)
  pc=1 op=33 PUSH_INT_LOCAL operand=1 str=(null)
  pc=2 op=40 GOSUB_WITH_PARAMS operand=904 str=(null)
  pc=3 op=21 RETURN operand=0 str=(null)
sim_hotkey: 'f5' -> osrs_key=5 at frame 18700
sim_hotkey: 'f6' -> osrs_key=6 at frame 18720
sim_hotkey: 'f7' -> osrs_key=7 at frame 18740
sim_hotkey: 'f8' -> osrs_key=8 at frame 18760
sim_hotkey: 'f9' -> osrs_key=9 at frame 18780
sim_hotkey: 'f10' -> osrs_key=10 at frame 18800
sim_hotkey: 'f11' -> osrs_key=11 at frame 18820
sim_hotkey: 'f12' -> osrs_key=12 at frame 18840
sim_hotkey: 'escape' -> osrs_key=13 at frame 18860
Dat2SpriteLoadByName: archive 'mapfunction' not found in sprites table
Dat2SpriteLoadByName: archive 'hitmark' not found in sprites table
CS2VM2: call depth 128 exhausted calling script 904 from script 904 (raise CS2VM_MAX_FRAMES)
Task_CS2Run: script 904 failed at opcode 40 pc 2 (invoked as script 903 for component 0xa10000)
  script 904: int_args=2 str_args=0 int_locals=2 str_locals=0 ops=4
  pc=0 op=33 PUSH_INT_LOCAL operand=0 str=(null)
  pc=1 op=33 PUSH_INT_LOCAL operand=1 str=(null)
  pc=2 op=40 GOSUB_WITH_PARAMS operand=904 str=(null)
  pc=3 op=21 RETURN operand=0 str=(null)
sim_hotkey: 'escape' -> osrs_key=13 at frame 18880
sim_hotkey: 'f1' -> osrs_key=1 at frame 18900
sim_hotkey: 'f2' -> osrs_key=2 at frame 18920
sim_hotkey: 'f3' -> osrs_key=3 at frame 18940
sim_hotkey: 'f4' -> osrs_key=4 at frame 18960
sim_hotkey: 'f5' -> osrs_key=5 at frame 18980
sim_hotkey: 'f6' -> osrs_key=6 at frame 19000
torirs_perf: window=37 frame_p95=4.66ms
sim_hotkey: 'f7' -> osrs_key=7 at frame 19020
sim_hotkey: 'f8' -> osrs_key=8 at frame 19040
sim_hotkey: 'f9' -> osrs_key=9 at frame 19060
sim_hotkey: 'f10' -> osrs_key=10 at frame 19080
sim_hotkey: 'f11' -> osrs_key=11 at frame 19100
sim_hotkey: 'f12' -> osrs_key=12 at frame 19120
sim_hotkey: 'escape' -> osrs_key=13 at frame 19140
spawn_npc: npc=2854 element=59770 tile=90,84 level=0 size=1 recolors=1 retextures=0
sim_hotkey: 'escape' -> osrs_key=13 at frame 19160
sim_hotkey: 'f1' -> osrs_key=1 at frame 19180
sim_hotkey: 'f2' -> osrs_key=2 at frame 19200
Failed to load dat2 idk 307
Dat2SpriteLoadByName: archive 'mapfunction' not found in sprites table
Dat2SpriteLoadByName: archive 'hitmark' not found in sprites table
CS2VM2: call depth 128 exhausted calling script 904 from script 904 (raise CS2VM_MAX_FRAMES)
Task_CS2Run: script 904 failed at opcode 40 pc 2 (invoked as script 903 for component 0xa10000)
  script 904: int_args=2 str_args=0 int_locals=2 str_locals=0 ops=4
  pc=0 op=33 PUSH_INT_LOCAL operand=0 str=(null)
  pc=1 op=33 PUSH_INT_LOCAL operand=1 str=(null)
  pc=2 op=40 GOSUB_WITH_PARAMS operand=904 str=(null)
  pc=3 op=21 RETURN operand=0 str=(null)
Dat2SpriteLoadByName: archive 'mapfunction' not found in sprites table
Dat2SpriteLoadByName: archive 'hitmark' not found in sprites table
CS2VM2: call depth 128 exhausted calling script 904 from script 904 (raise CS2VM_MAX_FRAMES)
Task_CS2Run: script 904 failed at opcode 40 pc 2 (invoked as script 903 for component 0xa10000)
  script 904: int_args=2 str_args=0 int_locals=2 str_locals=0 ops=4
  pc=0 op=33 PUSH_INT_LOCAL operand=0 str=(null)
  pc=1 op=33 PUSH_INT_LOCAL operand=1 str=(null)
  pc=2 op=40 GOSUB_WITH_PARAMS operand=904 str=(null)
  pc=3 op=21 RETURN operand=0 str=(null)
sim_hotkey: 'f3' -> osrs_key=3 at frame 19220
sim_hotkey: 'f4' -> osrs_key=4 at frame 19240
sim_hotkey: 'f5' -> osrs_key=5 at frame 19260
sim_hotkey: 'f6' -> osrs_key=6 at frame 19280
sim_hotkey: 'f7' -> osrs_key=7 at frame 19300
sim_hotkey: 'f8' -> osrs_key=8 at frame 19320
sim_hotkey: 'f9' -> osrs_key=9 at frame 19340
torirs_iface_stats: tick=5750 groups=33
  group=161 opens=1 closes=0 bakes=1 reuse=0 live=106 hidden=18 hooks=22 hook_bytes=224400
  group=162 opens=1 closes=0 bakes=1 reuse=0 live=3222 hidden=2413 hooks=18 hook_bytes=183600
  group=651 opens=1 closes=0 bakes=1 reuse=0 live=7 hidden=0 hooks=0 hook_bytes=0
  group=708 opens=1 closes=0 bakes=1 reuse=0 live=13 hidden=1 hooks=4 hook_bytes=40800
  group=163 opens=1 closes=0 bakes=0 reuse=1 live=26 hidden=25 hooks=0 hook_bytes=0
  group=303 opens=1 closes=0 bakes=1 reuse=0 live=21 hidden=5 hooks=2 hook_bytes=20400
  group=90 opens=1 closes=0 bakes=1 reuse=0 live=60 hidden=13 hooks=13 hook_bytes=132600
  group=160 opens=1 closes=0 bakes=1 reuse=0 live=58 hidden=12 hooks=11 hook_bytes=112200
  group=122 opens=1 closes=0 bakes=1 reuse=0 live=33 hidden=15 hooks=9 hook_bytes=91800
  group=728 opens=1 closes=0 bakes=0 reuse=1 live=50 hidden=2 hooks=4 hook_bytes=40800
  group=896 opens=1 closes=0 bakes=0 reuse=1 live=903 hidden=902 hooks=0 hook_bytes=0
  group=593 opens=1 closes=0 bakes=1 reuse=0 live=117 hidden=7 hooks=6 hook_bytes=61200
  group=320 opens=1 closes=0 bakes=1 reuse=0 live=202 hidden=24 hooks=49 hook_bytes=499800
  group=629 opens=1 closes=0 bakes=1 reuse=0 live=46 hidden=5 hooks=3 hook_bytes=30600
  group=712 opens=1 closes=0 bakes=1 reuse=0 live=113 hidden=0 hooks=5 hook_bytes=51000
  group=149 opens=1 closes=0 bakes=0 reuse=1 live=29 hidden=0 hooks=28 hook_bytes=285600
  group=387 opens=1 closes=0 bakes=1 reuse=0 live=96 hidden=12 hooks=13 hook_bytes=132600
  group=541 opens=1 closes=0 bakes=1 reuse=0 live=124 hidden=33 hooks=30 hook_bytes=306000
  group=218 opens=1 closes=0 bakes=1 reuse=0 live=232 hidden=132 hooks=195 hook_bytes=1989000
  group=707 opens=1 closes=0 bakes=1 reuse=0 live=39 hidden=0 hooks=5 hook_bytes=51000
  group=109 opens=1 closes=0 bakes=1 reuse=0 live=96 hidden=13 hooks=10 hook_bytes=102000
  group=429 opens=1 closes=0 bakes=1 reuse=0 live=35 hidden=0 hooks=8 hook_bytes=81600
  group=182 opens=1 closes=0 bakes=1 reuse=0 live=94 hidden=3 hooks=10 hook_bytes=102000
  group=116 opens=1 closes=0 bakes=1 reuse=0 live=222 hidden=12 hooks=65 hook_bytes=663000
  group=216 opens=1 closes=0 bakes=1 reuse=0 live=124 hidden=0 hooks=61 hook_bytes=622200
  group=239 opens=1 closes=0 bakes=1 reuse=0 live=934 hidden=597 hooks=267 hook_bytes=2723400
  group=12 opens=20 closes=19 bakes=1 reuse=19 live=1781 hidden=72 hooks=1505 hook_bytes=15351000
  group=15 opens=20 closes=19 bakes=1 reuse=19 live=650 hidden=48 hooks=366 hook_bytes=3733200
  group=84 opens=19 closes=19 bakes=1 reuse=18 live=123 hidden=14 hooks=25 hook_bytes=255000
  group=729 opens=19 closes=19 bakes=0 reuse=19 live=36 hidden=1 hooks=6 hook_bytes=61200
  group=650 opens=19 closes=19 bakes=1 reuse=18 live=110 hidden=3 hooks=15 hook_bytes=153000
  group=894 opens=19 closes=18 bakes=1 reuse=18 live=413 hidden=4 hooks=117 hook_bytes=1193400
  group=32766 opens=0 closes=0 bakes=0 reuse=0 live=4 hidden=0 hooks=0 hook_bytes=0
torirs_stats: tick=5750 components=10119 live=10119 hidden=4386 freed=0 free_head=-1 inv_hooks=49 var_hooks=218 timers=30 timers_hidden=7 iface_parents=28
Failed to load dat2 idk 307
Dat2SpriteLoadByName: archive 'mapfunction' not found in sprites table
Dat2SpriteLoadByName: archive 'hitmark' not found in sprites table
CS2VM2: call depth 128 exhausted calling script 904 from script 904 (raise CS2VM_MAX_FRAMES)
Task_CS2Run: script 904 failed at opcode 40 pc 2 (invoked as script 903 for component 0xa10000)
  script 904: int_args=2 str_args=0 int_locals=2 str_locals=0 ops=4
  pc=0 op=33 PUSH_INT_LOCAL operand=0 str=(null)
  pc=1 op=33 PUSH_INT_LOCAL operand=1 str=(null)
  pc=2 op=40 GOSUB_WITH_PARAMS operand=904 str=(null)
  pc=3 op=21 RETURN operand=0 str=(null)
sim_hotkey: 'f10' -> osrs_key=10 at frame 19360
sim_hotkey: 'f11' -> osrs_key=11 at frame 19380
sim_hotkey: 'f12' -> osrs_key=12 at frame 19400
sim_hotkey: 'escape' -> osrs_key=13 at frame 19420
sim_hotkey: 'escape' -> osrs_key=13 at frame 19440
CS2VM2: call depth 128 exhausted calling script 904 from script 904 (raise CS2VM_MAX_FRAMES)
Task_CS2Run: script 904 failed at opcode 40 pc 2 (invoked as script 903 for component 0xa10000)
  script 904: int_args=2 str_args=0 int_locals=2 str_locals=0 ops=4
  pc=0 op=33 PUSH_INT_LOCAL operand=0 str=(null)
  pc=1 op=33 PUSH_INT_LOCAL operand=1 str=(null)
  pc=2 op=40 GOSUB_WITH_PARAMS operand=904 str=(null)
  pc=3 op=21 RETURN operand=0 str=(null)
CS2VM2: call depth 128 exhausted calling script 904 from script 904 (raise CS2VM_MAX_FRAMES)
Task_CS2Run: script 904 failed at opcode 40 pc 2 (invoked as script 903 for component 0xa10000)
  script 904: int_args=2 str_args=0 int_locals=2 str_locals=0 ops=4
  pc=0 op=33 PUSH_INT_LOCAL operand=0 str=(null)
  pc=1 op=33 PUSH_INT_LOCAL operand=1 str=(null)
  pc=2 op=40 GOSUB_WITH_PARAMS operand=904 str=(null)
  pc=3 op=21 RETURN operand=0 str=(null)
CS2VM2: call depth 128 exhausted calling script 904 from script 904 (raise CS2VM_MAX_FRAMES)
Task_CS2Run: script 904 failed at opcode 40 pc 2 (invoked as script 903 for component 0xa10000)
  script 904: int_args=2 str_args=0 int_locals=2 str_locals=0 ops=4
  pc=0 op=33 PUSH_INT_LOCAL operand=0 str=(null)
  pc=1 op=33 PUSH_INT_LOCAL operand=1 str=(null)
  pc=2 op=40 GOSUB_WITH_PARAMS operand=904 str=(null)
  pc=3 op=21 RETURN operand=0 str=(null)
CS2VM2: call depth 128 exhausted calling script 904 from script 904 (raise CS2VM_MAX_FRAMES)
Task_CS2Run: script 904 failed at opcode 40 pc 2 (invoked as script 903 for component 0xa10000)
  script 904: int_args=2 str_args=0 int_locals=2 str_locals=0 ops=4
  pc=0 op=33 PUSH_INT_LOCAL operand=0 str=(null)
  pc=1 op=33 PUSH_INT_LOCAL operand=1 str=(null)
  pc=2 op=40 GOSUB_WITH_PARAMS operand=904 str=(null)
  pc=3 op=21 RETURN operand=0 str=(null)
sim_hotkey: 'f1' -> osrs_key=1 at frame 19460
sim_hotkey: 'f2' -> osrs_key=2 at frame 19480
sim_hotkey: 'f3' -> osrs_key=3 at frame 19500
torirs_perf: window=38 frame_p95=5.52ms
sim_hotkey: 'f4' -> osrs_key=4 at frame 19520
Dat2SpriteLoadByName: archive 'mapfunction' not found in sprites table
Dat2SpriteLoadByName: archive 'hitmark' not found in sprites table
CS2VM2: call depth 128 exhausted calling script 904 from script 904 (raise CS2VM_MAX_FRAMES)
Task_CS2Run: script 904 failed at opcode 40 pc 2 (invoked as script 903 for component 0xa10000)
  script 904: int_args=2 str_args=0 int_locals=2 str_locals=0 ops=4
  pc=0 op=33 PUSH_INT_LOCAL operand=0 str=(null)
  pc=1 op=33 PUSH_INT_LOCAL operand=1 str=(null)
  pc=2 op=40 GOSUB_WITH_PARAMS operand=904 str=(null)
  pc=3 op=21 RETURN operand=0 str=(null)
sim_hotkey: 'f5' -> osrs_key=5 at frame 19540
sim_hotkey: 'f6' -> osrs_key=6 at frame 19560
sim_hotkey: 'f7' -> osrs_key=7 at frame 19580
sim_hotkey: 'f8' -> osrs_key=8 at frame 19600
sim_hotkey: 'f9' -> osrs_key=9 at frame 19620
sim_hotkey: 'f10' -> osrs_key=10 at frame 19640
sim_hotkey: 'f11' -> osrs_key=11 at frame 19660
sim_hotkey: 'f12' -> osrs_key=12 at frame 19680
sim_hotkey: 'escape' -> osrs_key=13 at frame 19700
Dat2SpriteLoadByName: archive 'mapfunction' not found in sprites table
Dat2SpriteLoadByName: archive 'hitmark' not found in sprites table
Task_CS2Run: script 7188 failed at opcode 34 pc 14 (invoked as script 7128 for component 0x28a0000)
  script 7188: int_args=0 str_args=0 int_locals=1 str_locals=1 ops=31
  pc=0 op=0 PUSH_CONSTANT_INT operand=-1 str=(null)
  pc=1 op=34 POP_INT_LOCAL operand=0 str=(null)
  pc=2 op=3 PUSH_CONSTANT_STRING operand=0 str=
  pc=3 op=36 POP_STRING_LOCAL operand=0 str=(null)
  pc=4 op=25 PUSH_VARBIT operand=14881 str=(null)
  pc=5 op=60 SWITCH operand=0 str=(null)
  pc=6 op=3 PUSH_CONSTANT_STRING operand=0 str=graphic_4911
  pc=7 op=3 PUSH_CONSTANT_STRING operand=0 str=Grand Exchange value
  pc=8 op=36 POP_STRING_LOCAL operand=0 str=(null)
  pc=9 op=34 POP_INT_LOCAL operand=0 str=(null)
  pc=10 op=6 BRANCH operand=10 str=(null)
  pc=11 op=3 PUSH_CONSTANT_STRING operand=0 str=graphic_4912
  pc=12 op=3 PUSH_CONSTANT_STRING operand=0 str=High Alchemy value
  pc=13 op=36 POP_STRING_LOCAL operand=0 str=(null)
  pc=14 op=34 POP_INT_LOCAL operand=0 str=(null)
  pc=15 op=6 BRANCH operand=5 str=(null)
  pc=16 op=3 PUSH_CONSTANT_STRING operand=0 str=graphic_4911
CS2VM2: call depth 128 exhausted calling script 904 from script 904 (raise CS2VM_MAX_FRAMES)
Task_CS2Run: script 904 failed at opcode 40 pc 2 (invoked as script 903 for component 0xa10000)
  script 904: int_args=2 str_args=0 int_locals=2 str_locals=0 ops=4
  pc=0 op=33 PUSH_INT_LOCAL operand=0 str=(null)
  pc=1 op=33 PUSH_INT_LOCAL operand=1 str=(null)
  pc=2 op=40 GOSUB_WITH_PARAMS operand=904 str=(null)
  pc=3 op=21 RETURN operand=0 str=(null)
sim_hotkey: 'escape' -> osrs_key=13 at frame 19720
sim_hotkey: 'f1' -> osrs_key=1 at frame 19740
sim_hotkey: 'f2' -> osrs_key=2 at frame 19760
sim_hotkey: 'f3' -> osrs_key=3 at frame 19780
sim_hotkey: 'f4' -> osrs_key=4 at frame 19800
sim_hotkey: 'f5' -> osrs_key=5 at frame 19820
sim_hotkey: 'f6' -> osrs_key=6 at frame 19840
sim_hotkey: 'f7' -> osrs_key=7 at frame 19860
sim_hotkey: 'f8' -> osrs_key=8 at frame 19880
sim_hotkey: 'f9' -> osrs_key=9 at frame 19900
Dat2SpriteLoadByName: archive 'mapfunction' not found in sprites table
Dat2SpriteLoadByName: archive 'hitmark' not found in sprites table
CS2VM2: call depth 128 exhausted calling script 904 from script 904 (raise CS2VM_MAX_FRAMES)
Task_CS2Run: script 904 failed at opcode 40 pc 2 (invoked as script 903 for component 0xa10000)
  script 904: int_args=2 str_args=0 int_locals=2 str_locals=0 ops=4
  pc=0 op=33 PUSH_INT_LOCAL operand=0 str=(null)
  pc=1 op=33 PUSH_INT_LOCAL operand=1 str=(null)
  pc=2 op=40 GOSUB_WITH_PARAMS operand=904 str=(null)
  pc=3 op=21 RETURN operand=0 str=(null)
sim_hotkey: 'f10' -> osrs_key=10 at frame 19920
sim_hotkey: 'f11' -> osrs_key=11 at frame 19940
sim_hotkey: 'f12' -> osrs_key=12 at frame 19960
spawn_npc: npc=2854 element=59754 tile=90,84 level=0 size=1 recolors=1 retextures=0
sim_hotkey: 'escape' -> osrs_key=13 at frame 19980
sim_hotkey: 'escape' -> osrs_key=13 at frame 20000
torirs_perf: window=39 frame_p95=4.86ms
sim_hotkey: 'f1' -> osrs_key=1 at frame 20020
sim_hotkey: 'f2' -> osrs_key=2 at frame 20040
sim_hotkey: 'f3' -> osrs_key=3 at frame 20060
sim_hotkey: 'f4' -> osrs_key=4 at frame 20080
sim_hotkey: 'f5' -> osrs_key=5 at frame 20100
sim_hotkey: 'f6' -> osrs_key=6 at frame 20120
sim_hotkey: 'f7' -> osrs_key=7 at frame 20140
sim_hotkey: 'f8' -> osrs_key=8 at frame 20160
sim_hotkey: 'f9' -> osrs_key=9 at frame 20180
spawn_npc: npc=3254 element=59754 tile=90,84 level=0 size=1 recolors=3 retextures=0
sim_hotkey: 'f10' -> osrs_key=10 at frame 20200
sim_hotkey: 'f11' -> osrs_key=11 at frame 20220
sim_hotkey: 'f12' -> osrs_key=12 at frame 20240
torirs_iface_stats: tick=6000 groups=33
  group=161 opens=1 closes=0 bakes=1 reuse=0 live=106 hidden=14 hooks=22 hook_bytes=224400
  group=162 opens=1 closes=0 bakes=1 reuse=0 live=3222 hidden=2413 hooks=18 hook_bytes=183600
  group=651 opens=1 closes=0 bakes=1 reuse=0 live=7 hidden=0 hooks=0 hook_bytes=0
  group=708 opens=1 closes=0 bakes=1 reuse=0 live=13 hidden=1 hooks=4 hook_bytes=40800
  group=163 opens=1 closes=0 bakes=0 reuse=1 live=26 hidden=25 hooks=0 hook_bytes=0
  group=303 opens=1 closes=0 bakes=1 reuse=0 live=21 hidden=5 hooks=2 hook_bytes=20400
  group=90 opens=1 closes=0 bakes=1 reuse=0 live=60 hidden=13 hooks=13 hook_bytes=132600
  group=160 opens=1 closes=0 bakes=1 reuse=0 live=58 hidden=12 hooks=11 hook_bytes=112200
  group=122 opens=1 closes=0 bakes=1 reuse=0 live=33 hidden=15 hooks=9 hook_bytes=91800
  group=728 opens=1 closes=0 bakes=0 reuse=1 live=50 hidden=2 hooks=4 hook_bytes=40800
  group=896 opens=1 closes=0 bakes=0 reuse=1 live=903 hidden=902 hooks=0 hook_bytes=0
  group=593 opens=1 closes=0 bakes=1 reuse=0 live=117 hidden=7 hooks=6 hook_bytes=61200
  group=320 opens=1 closes=0 bakes=1 reuse=0 live=202 hidden=24 hooks=49 hook_bytes=499800
  group=629 opens=1 closes=0 bakes=1 reuse=0 live=46 hidden=5 hooks=3 hook_bytes=30600
  group=712 opens=1 closes=0 bakes=1 reuse=0 live=113 hidden=0 hooks=5 hook_bytes=51000
  group=149 opens=1 closes=0 bakes=0 reuse=1 live=29 hidden=0 hooks=28 hook_bytes=285600
  group=387 opens=1 closes=0 bakes=1 reuse=0 live=96 hidden=12 hooks=13 hook_bytes=132600
  group=541 opens=1 closes=0 bakes=1 reuse=0 live=124 hidden=33 hooks=30 hook_bytes=306000
  group=218 opens=1 closes=0 bakes=1 reuse=0 live=232 hidden=132 hooks=195 hook_bytes=1989000
  group=707 opens=1 closes=0 bakes=1 reuse=0 live=39 hidden=0 hooks=5 hook_bytes=51000
  group=109 opens=1 closes=0 bakes=1 reuse=0 live=96 hidden=13 hooks=10 hook_bytes=102000
  group=429 opens=1 closes=0 bakes=1 reuse=0 live=35 hidden=0 hooks=8 hook_bytes=81600
  group=182 opens=1 closes=0 bakes=1 reuse=0 live=94 hidden=3 hooks=10 hook_bytes=102000
  group=116 opens=1 closes=0 bakes=1 reuse=0 live=222 hidden=12 hooks=65 hook_bytes=663000
  group=216 opens=1 closes=0 bakes=1 reuse=0 live=124 hidden=0 hooks=61 hook_bytes=622200
  group=239 opens=1 closes=0 bakes=1 reuse=0 live=934 hidden=597 hooks=267 hook_bytes=2723400
  group=12 opens=20 closes=20 bakes=1 reuse=19 live=1781 hidden=73 hooks=1505 hook_bytes=15351000
  group=15 opens=20 closes=20 bakes=1 reuse=19 live=650 hidden=49 hooks=366 hook_bytes=3733200
  group=84 opens=20 closes=20 bakes=1 reuse=19 live=123 hidden=14 hooks=25 hook_bytes=255000
  group=729 opens=20 closes=20 bakes=0 reuse=20 live=36 hidden=1 hooks=6 hook_bytes=61200
  group=650 opens=20 closes=20 bakes=1 reuse=19 live=110 hidden=3 hooks=15 hook_bytes=153000
  group=894 opens=20 closes=19 bakes=1 reuse=19 live=413 hidden=4 hooks=117 hook_bytes=1193400
  group=32766 opens=0 closes=0 bakes=0 reuse=0 live=4 hidden=0 hooks=0 hook_bytes=0
torirs_stats: tick=6000 components=10119 live=10119 hidden=4384 freed=0 free_head=-1 inv_hooks=19 var_hooks=163 timers=28 timers_hidden=7 iface_parents=26
Failed to load dat2 idk 307
Dat2SpriteLoadByName: archive 'mapfunction' not found in sprites table
Dat2SpriteLoadByName: archive 'hitmark' not found in sprites table
CS2VM2: call depth 128 exhausted calling script 904 from script 904 (raise CS2VM_MAX_FRAMES)
Task_CS2Run: script 904 failed at opcode 40 pc 2 (invoked as script 903 for component 0xa10000)
  script 904: int_args=2 str_args=0 int_locals=2 str_locals=0 ops=4
  pc=0 op=33 PUSH_INT_LOCAL operand=0 str=(null)
  pc=1 op=33 PUSH_INT_LOCAL operand=1 str=(null)
  pc=2 op=40 GOSUB_WITH_PARAMS operand=904 str=(null)
  pc=3 op=21 RETURN operand=0 str=(null)
Dat2SpriteLoadByName: archive 'mapfunction' not found in sprites table
Dat2SpriteLoadByName: archive 'hitmark' not found in sprites table
CS2VM2: call depth 128 exhausted calling script 904 from script 904 (raise CS2VM_MAX_FRAMES)
Task_CS2Run: script 904 failed at opcode 40 pc 2 (invoked as script 903 for component 0xa10000)
  script 904: int_args=2 str_args=0 int_locals=2 str_locals=0 ops=4
  pc=0 op=33 PUSH_INT_LOCAL operand=0 str=(null)
  pc=1 op=33 PUSH_INT_LOCAL operand=1 str=(null)
  pc=2 op=40 GOSUB_WITH_PARAMS operand=904 str=(null)
  pc=3 op=21 RETURN operand=0 str=(null)
sim_hotkey: 'escape' -> osrs_key=13 at frame 20260
sim_hotkey: 'escape' -> osrs_key=13 at frame 20280
CS2VM2: call depth 128 exhausted calling script 904 from script 904 (raise CS2VM_MAX_FRAMES)
Task_CS2Run: script 904 failed at opcode 40 pc 2 (invoked as script 903 for component 0xa10000)
  script 904: int_args=2 str_args=0 int_locals=2 str_locals=0 ops=4
  pc=0 op=33 PUSH_INT_LOCAL operand=0 str=(null)
  pc=1 op=33 PUSH_INT_LOCAL operand=1 str=(null)
  pc=2 op=40 GOSUB_WITH_PARAMS operand=904 str=(null)
  pc=3 op=21 RETURN operand=0 str=(null)
CS2VM2: call depth 128 exhausted calling script 904 from script 904 (raise CS2VM_MAX_FRAMES)
Task_CS2Run: script 904 failed at opcode 40 pc 2 (invoked as script 903 for component 0xa10000)
  script 904: int_args=2 str_args=0 int_locals=2 str_locals=0 ops=4
  pc=0 op=33 PUSH_INT_LOCAL operand=0 str=(null)
  pc=1 op=33 PUSH_INT_LOCAL operand=1 str=(null)
  pc=2 op=40 GOSUB_WITH_PARAMS operand=904 str=(null)
  pc=3 op=21 RETURN operand=0 str=(null)
CS2VM2: call depth 128 exhausted calling script 904 from script 904 (raise CS2VM_MAX_FRAMES)
Task_CS2Run: script 904 failed at opcode 40 pc 2 (invoked as script 903 for component 0xa10000)
  script 904: int_args=2 str_args=0 int_locals=2 str_locals=0 ops=4
  pc=0 op=33 PUSH_INT_LOCAL operand=0 str=(null)
  pc=1 op=33 PUSH_INT_LOCAL operand=1 str=(null)
  pc=2 op=40 GOSUB_WITH_PARAMS operand=904 str=(null)
  pc=3 op=21 RETURN operand=0 str=(null)
CS2VM2: call depth 128 exhausted calling script 904 from script 904 (raise CS2VM_MAX_FRAMES)
Task_CS2Run: script 904 failed at opcode 40 pc 2 (invoked as script 903 for component 0xa10000)
  script 904: int_args=2 str_args=0 int_locals=2 str_locals=0 ops=4
  pc=0 op=33 PUSH_INT_LOCAL operand=0 str=(null)
  pc=1 op=33 PUSH_INT_LOCAL operand=1 str=(null)
  pc=2 op=40 GOSUB_WITH_PARAMS operand=904 str=(null)
  pc=3 op=21 RETURN operand=0 str=(null)
sim_hotkey: 'f1' -> osrs_key=1 at frame 20300
sim_hotkey: 'f2' -> osrs_key=2 at frame 20320
sim_hotkey: 'f3' -> osrs_key=3 at frame 20340
sim_hotkey: 'f4' -> osrs_key=4 at frame 20360
sim_hotkey: 'f5' -> osrs_key=5 at frame 20380
sim_hotkey: 'f6' -> osrs_key=6 at frame 20400
Failed to load dat2 idk 307
Dat2SpriteLoadByName: archive 'mapfunction' not found in sprites table
Dat2SpriteLoadByName: archive 'hitmark' not found in sprites table
CS2VM2: call depth 128 exhausted calling script 904 from script 904 (raise CS2VM_MAX_FRAMES)
Task_CS2Run: script 904 failed at opcode 40 pc 2 (invoked as script 903 for component 0xa10000)
  script 904: int_args=2 str_args=0 int_locals=2 str_locals=0 ops=4
  pc=0 op=33 PUSH_INT_LOCAL operand=0 str=(null)
  pc=1 op=33 PUSH_INT_LOCAL operand=1 str=(null)
  pc=2 op=40 GOSUB_WITH_PARAMS operand=904 str=(null)
  pc=3 op=21 RETURN operand=0 str=(null)
sim_hotkey: 'f7' -> osrs_key=7 at frame 20420
sim_hotkey: 'f8' -> osrs_key=8 at frame 20440
sim_hotkey: 'f9' -> osrs_key=9 at frame 20460
sim_hotkey: 'f10' -> osrs_key=10 at frame 20480
sim_hotkey: 'f11' -> osrs_key=11 at frame 20500
torirs_perf: window=40 frame_p95=5.56ms
sim_hotkey: 'f12' -> osrs_key=12 at frame 20520
sim_hotkey: 'escape' -> osrs_key=13 at frame 20540
Dat2SpriteLoadByName: archive 'mapfunction' not found in sprites table
Dat2SpriteLoadByName: archive 'hitmark' not found in sprites table
CS2VM2: call depth 128 exhausted calling script 904 from script 904 (raise CS2VM_MAX_FRAMES)
Task_CS2Run: script 904 failed at opcode 40 pc 2 (invoked as script 903 for component 0xa10000)
  script 904: int_args=2 str_args=0 int_locals=2 str_locals=0 ops=4
  pc=0 op=33 PUSH_INT_LOCAL operand=0 str=(null)
  pc=1 op=33 PUSH_INT_LOCAL operand=1 str=(null)
  pc=2 op=40 GOSUB_WITH_PARAMS operand=904 str=(null)
  pc=3 op=21 RETURN operand=0 str=(null)
sim_hotkey: 'escape' -> osrs_key=13 at frame 20560
CS2VM2: call depth 128 exhausted calling script 904 from script 904 (raise CS2VM_MAX_FRAMES)
Task_CS2Run: script 904 failed at opcode 40 pc 2 (invoked as script 903 for component 0xa10000)
  script 904: int_args=2 str_args=0 int_locals=2 str_locals=0 ops=4
  pc=0 op=33 PUSH_INT_LOCAL operand=0 str=(null)
  pc=1 op=33 PUSH_INT_LOCAL operand=1 str=(null)
  pc=2 op=40 GOSUB_WITH_PARAMS operand=904 str=(null)
  pc=3 op=21 RETURN operand=0 str=(null)
CS2VM2: call depth 128 exhausted calling script 904 from script 904 (raise CS2VM_MAX_FRAMES)
Task_CS2Run: script 904 failed at opcode 40 pc 2 (invoked as script 903 for component 0xa10000)
  script 904: int_args=2 str_args=0 int_locals=2 str_locals=0 ops=4
  pc=0 op=33 PUSH_INT_LOCAL operand=0 str=(null)
  pc=1 op=33 PUSH_INT_LOCAL operand=1 str=(null)
  pc=2 op=40 GOSUB_WITH_PARAMS operand=904 str=(null)
  pc=3 op=21 RETURN operand=0 str=(null)
sim_hotkey: 'f1' -> osrs_key=1 at frame 20580
sim_hotkey: 'f2' -> osrs_key=2 at frame 20600
sim_hotkey: 'f3' -> osrs_key=3 at frame 20620
sim_hotkey: 'f4' -> osrs_key=4 at frame 20640
sim_hotkey: 'f5' -> osrs_key=5 at frame 20660
sim_hotkey: 'f6' -> osrs_key=6 at frame 20680
sim_hotkey: 'f7' -> osrs_key=7 at frame 20700
sim_hotkey: 'f8' -> osrs_key=8 at frame 20720
Dat2SpriteLoadByName: archive 'mapfunction' not found in sprites table
Dat2SpriteLoadByName: archive 'hitmark' not found in sprites table
Task_CS2Run: script 7188 failed at opcode 34 pc 14 (invoked as script 7128 for component 0x28a0000)
  script 7188: int_args=0 str_args=0 int_locals=1 str_locals=1 ops=31
  pc=0 op=0 PUSH_CONSTANT_INT operand=-1 str=(null)
  pc=1 op=34 POP_INT_LOCAL operand=0 str=(null)
  pc=2 op=3 PUSH_CONSTANT_STRING operand=0 str=
  pc=3 op=36 POP_STRING_LOCAL operand=0 str=(null)
  pc=4 op=25 PUSH_VARBIT operand=14881 str=(null)
  pc=5 op=60 SWITCH operand=0 str=(null)
  pc=6 op=3 PUSH_CONSTANT_STRING operand=0 str=graphic_4911
  pc=7 op=3 PUSH_CONSTANT_STRING operand=0 str=Grand Exchange value
  pc=8 op=36 POP_STRING_LOCAL operand=0 str=(null)
  pc=9 op=34 POP_INT_LOCAL operand=0 str=(null)
  pc=10 op=6 BRANCH operand=10 str=(null)
  pc=11 op=3 PUSH_CONSTANT_STRING operand=0 str=graphic_4912
  pc=12 op=3 PUSH_CONSTANT_STRING operand=0 str=High Alchemy value
  pc=13 op=36 POP_STRING_LOCAL operand=0 str=(null)
  pc=14 op=34 POP_INT_LOCAL operand=0 str=(null)
  pc=15 op=6 BRANCH operand=5 str=(null)
  pc=16 op=3 PUSH_CONSTANT_STRING operand=0 str=graphic_4911
CS2VM2: call depth 128 exhausted calling script 904 from script 904 (raise CS2VM_MAX_FRAMES)
Task_CS2Run: script 904 failed at opcode 40 pc 2 (invoked as script 903 for component 0xa10000)
  script 904: int_args=2 str_args=0 int_locals=2 str_locals=0 ops=4
  pc=0 op=33 PUSH_INT_LOCAL operand=0 str=(null)
  pc=1 op=33 PUSH_INT_LOCAL operand=1 str=(null)
  pc=2 op=40 GOSUB_WITH_PARAMS operand=904 str=(null)
  pc=3 op=21 RETURN operand=0 str=(null)
sim_hotkey: 'f9' -> osrs_key=9 at frame 20740
sim_hotkey: 'f10' -> osrs_key=10 at frame 20760
sim_hotkey: 'f11' -> osrs_key=11 at frame 20780
sim_hotkey: 'f12' -> osrs_key=12 at frame 20800
sim_hotkey: 'escape' -> osrs_key=13 at frame 20820
sim_hotkey: 'escape' -> osrs_key=13 at frame 20840
sim_hotkey: 'f1' -> osrs_key=1 at frame 20860
sim_hotkey: 'f2' -> osrs_key=2 at frame 20880
sim_hotkey: 'f3' -> osrs_key=3 at frame 20900
Dat2SpriteLoadByName: archive 'mapfunction' not found in sprites table
Dat2SpriteLoadByName: archive 'hitmark' not found in sprites table
CS2VM2: call depth 128 exhausted calling script 904 from script 904 (raise CS2VM_MAX_FRAMES)
Task_CS2Run: script 904 failed at opcode 40 pc 2 (invoked as script 903 for component 0xa10000)
  script 904: int_args=2 str_args=0 int_locals=2 str_locals=0 ops=4
  pc=0 op=33 PUSH_INT_LOCAL operand=0 str=(null)
  pc=1 op=33 PUSH_INT_LOCAL operand=1 str=(null)
  pc=2 op=40 GOSUB_WITH_PARAMS operand=904 str=(null)
  pc=3 op=21 RETURN operand=0 str=(null)
sim_hotkey: 'f4' -> osrs_key=4 at frame 20920
sim_hotkey: 'f5' -> osrs_key=5 at frame 20940
sim_hotkey: 'f6' -> osrs_key=6 at frame 20960
sim_hotkey: 'f7' -> osrs_key=7 at frame 20980
sim_hotkey: 'f8' -> osrs_key=8 at frame 21000
torirs_perf: window=41 frame_p95=5.14ms
sim_hotkey: 'f9' -> osrs_key=9 at frame 21020
sim_hotkey: 'f10' -> osrs_key=10 at frame 21040
sim_hotkey: 'f11' -> osrs_key=11 at frame 21060
sim_hotkey: 'f12' -> osrs_key=12 at frame 21080
torirs_iface_stats: tick=6250 groups=33
  group=161 opens=1 closes=0 bakes=1 reuse=0 live=106 hidden=14 hooks=22 hook_bytes=224400
  group=162 opens=1 closes=0 bakes=1 reuse=0 live=3222 hidden=2413 hooks=18 hook_bytes=183600
  group=651 opens=1 closes=0 bakes=1 reuse=0 live=7 hidden=0 hooks=0 hook_bytes=0
  group=708 opens=1 closes=0 bakes=1 reuse=0 live=13 hidden=1 hooks=4 hook_bytes=40800
  group=163 opens=1 closes=0 bakes=0 reuse=1 live=26 hidden=25 hooks=0 hook_bytes=0
  group=303 opens=1 closes=0 bakes=1 reuse=0 live=21 hidden=5 hooks=2 hook_bytes=20400
  group=90 opens=1 closes=0 bakes=1 reuse=0 live=60 hidden=13 hooks=13 hook_bytes=132600
  group=160 opens=1 closes=0 bakes=1 reuse=0 live=58 hidden=12 hooks=11 hook_bytes=112200
  group=122 opens=1 closes=0 bakes=1 reuse=0 live=33 hidden=15 hooks=9 hook_bytes=91800
  group=728 opens=1 closes=0 bakes=0 reuse=1 live=50 hidden=2 hooks=4 hook_bytes=40800
  group=896 opens=1 closes=0 bakes=0 reuse=1 live=903 hidden=902 hooks=0 hook_bytes=0
  group=593 opens=1 closes=0 bakes=1 reuse=0 live=117 hidden=7 hooks=6 hook_bytes=61200
  group=320 opens=1 closes=0 bakes=1 reuse=0 live=202 hidden=24 hooks=49 hook_bytes=499800
  group=629 opens=1 closes=0 bakes=1 reuse=0 live=46 hidden=5 hooks=3 hook_bytes=30600
  group=712 opens=1 closes=0 bakes=1 reuse=0 live=113 hidden=0 hooks=5 hook_bytes=51000
  group=149 opens=1 closes=0 bakes=0 reuse=1 live=29 hidden=0 hooks=28 hook_bytes=285600
  group=387 opens=1 closes=0 bakes=1 reuse=0 live=96 hidden=12 hooks=13 hook_bytes=132600
  group=541 opens=1 closes=0 bakes=1 reuse=0 live=124 hidden=33 hooks=30 hook_bytes=306000
  group=218 opens=1 closes=0 bakes=1 reuse=0 live=232 hidden=132 hooks=195 hook_bytes=1989000
  group=707 opens=1 closes=0 bakes=1 reuse=0 live=39 hidden=0 hooks=5 hook_bytes=51000
  group=109 opens=1 closes=0 bakes=1 reuse=0 live=96 hidden=13 hooks=10 hook_bytes=102000
  group=429 opens=1 closes=0 bakes=1 reuse=0 live=35 hidden=0 hooks=8 hook_bytes=81600
  group=182 opens=1 closes=0 bakes=1 reuse=0 live=94 hidden=3 hooks=10 hook_bytes=102000
  group=116 opens=1 closes=0 bakes=1 reuse=0 live=222 hidden=12 hooks=65 hook_bytes=663000
  group=216 opens=1 closes=0 bakes=1 reuse=0 live=124 hidden=0 hooks=61 hook_bytes=622200
  group=239 opens=1 closes=0 bakes=1 reuse=0 live=934 hidden=597 hooks=267 hook_bytes=2723400
  group=12 opens=21 closes=21 bakes=1 reuse=20 live=1781 hidden=73 hooks=1505 hook_bytes=15351000
  group=15 opens=21 closes=21 bakes=1 reuse=20 live=650 hidden=49 hooks=366 hook_bytes=3733200
  group=84 opens=21 closes=21 bakes=1 reuse=20 live=123 hidden=14 hooks=25 hook_bytes=255000
  group=729 opens=21 closes=21 bakes=0 reuse=21 live=36 hidden=1 hooks=6 hook_bytes=61200
  group=650 opens=21 closes=21 bakes=1 reuse=20 live=110 hidden=3 hooks=15 hook_bytes=153000
  group=894 opens=21 closes=20 bakes=1 reuse=20 live=413 hidden=4 hooks=117 hook_bytes=1193400
  group=32766 opens=0 closes=0 bakes=0 reuse=0 live=4 hidden=0 hooks=0 hook_bytes=0
torirs_stats: tick=6250 components=10119 live=10119 hidden=4384 freed=0 free_head=-1 inv_hooks=19 var_hooks=163 timers=28 timers_hidden=7 iface_parents=26
sim_hotkey: 'escape' -> osrs_key=13 at frame 21100
sim_hotkey: 'escape' -> osrs_key=13 at frame 21120
sim_hotkey: 'f1' -> osrs_key=1 at frame 21140
sim_hotkey: 'f2' -> osrs_key=2 at frame 21160
sim_hotkey: 'f3' -> osrs_key=3 at frame 21180
sim_hotkey: 'f4' -> osrs_key=4 at frame 21200
sim_hotkey: 'f5' -> osrs_key=5 at frame 21220
sim_hotkey: 'f6' -> osrs_key=6 at frame 21240
sim_hotkey: 'f7' -> osrs_key=7 at frame 21260
Failed to load dat2 idk 307
Dat2SpriteLoadByName: archive 'mapfunction' not found in sprites table
Dat2SpriteLoadByName: archive 'hitmark' not found in sprites table
CS2VM2: call depth 128 exhausted calling script 904 from script 904 (raise CS2VM_MAX_FRAMES)
Task_CS2Run: script 904 failed at opcode 40 pc 2 (invoked as script 903 for component 0xa10000)
  script 904: int_args=2 str_args=0 int_locals=2 str_locals=0 ops=4
  pc=0 op=33 PUSH_INT_LOCAL operand=0 str=(null)
  pc=1 op=33 PUSH_INT_LOCAL operand=1 str=(null)
  pc=2 op=40 GOSUB_WITH_PARAMS operand=904 str=(null)
  pc=3 op=21 RETURN operand=0 str=(null)
Dat2SpriteLoadByName: archive 'mapfunction' not found in sprites table
Dat2SpriteLoadByName: archive 'hitmark' not found in sprites table
CS2VM2: call depth 128 exhausted calling script 904 from script 904 (raise CS2VM_MAX_FRAMES)
Task_CS2Run: script 904 failed at opcode 40 pc 2 (invoked as script 903 for component 0xa10000)
  script 904: int_args=2 str_args=0 int_locals=2 str_locals=0 ops=4
  pc=0 op=33 PUSH_INT_LOCAL operand=0 str=(null)
  pc=1 op=33 PUSH_INT_LOCAL operand=1 str=(null)
  pc=2 op=40 GOSUB_WITH_PARAMS operand=904 str=(null)
  pc=3 op=21 RETURN operand=0 str=(null)
sim_hotkey: 'f8' -> osrs_key=8 at frame 21280
sim_hotkey: 'f9' -> osrs_key=9 at frame 21300
sim_hotkey: 'f10' -> osrs_key=10 at frame 21320
sim_hotkey: 'f11' -> osrs_key=11 at frame 21340
sim_hotkey: 'f12' -> osrs_key=12 at frame 21360
sim_hotkey: 'escape' -> osrs_key=13 at frame 21380
sim_hotkey: 'escape' -> osrs_key=13 at frame 21400
CS2VM2: call depth 128 exhausted calling script 904 from script 904 (raise CS2VM_MAX_FRAMES)
Task_CS2Run: script 904 failed at opcode 40 pc 2 (invoked as script 903 for component 0xa10000)
  script 904: int_args=2 str_args=0 int_locals=2 str_locals=0 ops=4
  pc=0 op=33 PUSH_INT_LOCAL operand=0 str=(null)
  pc=1 op=33 PUSH_INT_LOCAL operand=1 str=(null)
  pc=2 op=40 GOSUB_WITH_PARAMS operand=904 str=(null)
  pc=3 op=21 RETURN operand=0 str=(null)
CS2VM2: call depth 128 exhausted calling script 904 from script 904 (raise CS2VM_MAX_FRAMES)
Task_CS2Run: script 904 failed at opcode 40 pc 2 (invoked as script 903 for component 0xa10000)
  script 904: int_args=2 str_args=0 int_locals=2 str_locals=0 ops=4
  pc=0 op=33 PUSH_INT_LOCAL operand=0 str=(null)
  pc=1 op=33 PUSH_INT_LOCAL operand=1 str=(null)
  pc=2 op=40 GOSUB_WITH_PARAMS operand=904 str=(null)
  pc=3 op=21 RETURN operand=0 str=(null)
CS2VM2: call depth 128 exhausted calling script 904 from script 904 (raise CS2VM_MAX_FRAMES)
Task_CS2Run: script 904 failed at opcode 40 pc 2 (invoked as script 903 for component 0xa10000)
  script 904: int_args=2 str_args=0 int_locals=2 str_locals=0 ops=4
  pc=0 op=33 PUSH_INT_LOCAL operand=0 str=(null)
  pc=1 op=33 PUSH_INT_LOCAL operand=1 str=(null)
  pc=2 op=40 GOSUB_WITH_PARAMS operand=904 str=(null)
  pc=3 op=21 RETURN operand=0 str=(null)
CS2VM2: call depth 128 exhausted calling script 904 from script 904 (raise CS2VM_MAX_FRAMES)
Task_CS2Run: script 904 failed at opcode 40 pc 2 (invoked as script 903 for component 0xa10000)
  script 904: int_args=2 str_args=0 int_locals=2 str_locals=0 ops=4
  pc=0 op=33 PUSH_INT_LOCAL operand=0 str=(null)
  pc=1 op=33 PUSH_INT_LOCAL operand=1 str=(null)
  pc=2 op=40 GOSUB_WITH_PARAMS operand=904 str=(null)
  pc=3 op=21 RETURN operand=0 str=(null)
Failed to load dat2 idk 307
Dat2SpriteLoadByName: archive 'mapfunction' not found in sprites table
Dat2SpriteLoadByName: archive 'hitmark' not found in sprites table
CS2VM2: call depth 128 exhausted calling script 904 from script 904 (raise CS2VM_MAX_FRAMES)
Task_CS2Run: script 904 failed at opcode 40 pc 2 (invoked as script 903 for component 0xa10000)
  script 904: int_args=2 str_args=0 int_locals=2 str_locals=0 ops=4
  pc=0 op=33 PUSH_INT_LOCAL operand=0 str=(null)
  pc=1 op=33 PUSH_INT_LOCAL operand=1 str=(null)
  pc=2 op=40 GOSUB_WITH_PARAMS operand=904 str=(null)
  pc=3 op=21 RETURN operand=0 str=(null)
sim_hotkey: 'f1' -> osrs_key=1 at frame 21420
CS2VM2: call depth 128 exhausted calling script 904 from script 904 (raise CS2VM_MAX_FRAMES)
Task_CS2Run: script 904 failed at opcode 40 pc 2 (invoked as script 903 for component 0xa10000)
  script 904: int_args=2 str_args=0 int_locals=2 str_locals=0 ops=4
  pc=0 op=33 PUSH_INT_LOCAL operand=0 str=(null)
  pc=1 op=33 PUSH_INT_LOCAL operand=1 str=(null)
  pc=2 op=40 GOSUB_WITH_PARAMS operand=904 str=(null)
  pc=3 op=21 RETURN operand=0 str=(null)
CS2VM2: call depth 128 exhausted calling script 904 from script 904 (raise CS2VM_MAX_FRAMES)
Task_CS2Run: script 904 failed at opcode 40 pc 2 (invoked as script 903 for component 0xa10000)
  script 904: int_args=2 str_args=0 int_locals=2 str_locals=0 ops=4
  pc=0 op=33 PUSH_INT_LOCAL operand=0 str=(null)
  pc=1 op=33 PUSH_INT_LOCAL operand=1 str=(null)
  pc=2 op=40 GOSUB_WITH_PARAMS operand=904 str=(null)
  pc=3 op=21 RETURN operand=0 str=(null)
sim_hotkey: 'f2' -> osrs_key=2 at frame 21440
sim_hotkey: 'f3' -> osrs_key=3 at frame 21460
sim_hotkey: 'f4' -> osrs_key=4 at frame 21480
sim_hotkey: 'f5' -> osrs_key=5 at frame 21500
torirs_perf: window=42 frame_p95=5.44ms
sim_hotkey: 'f6' -> osrs_key=6 at frame 21520
sim_hotkey: 'f7' -> osrs_key=7 at frame 21540
sim_hotkey: 'f8' -> osrs_key=8 at frame 21560
sim_hotkey: 'f9' -> osrs_key=9 at frame 21580
Dat2SpriteLoadByName: archive 'mapfunction' not found in sprites table
Dat2SpriteLoadByName: archive 'hitmark' not found in sprites table
CS2VM2: call depth 128 exhausted calling script 904 from script 904 (raise CS2VM_MAX_FRAMES)
Task_CS2Run: script 904 failed at opcode 40 pc 2 (invoked as script 903 for component 0xa10000)
  script 904: int_args=2 str_args=0 int_locals=2 str_locals=0 ops=4
  pc=0 op=33 PUSH_INT_LOCAL operand=0 str=(null)
  pc=1 op=33 PUSH_INT_LOCAL operand=1 str=(null)
  pc=2 op=40 GOSUB_WITH_PARAMS operand=904 str=(null)
  pc=3 op=21 RETURN operand=0 str=(null)
sim_hotkey: 'f10' -> osrs_key=10 at frame 21600
sim_hotkey: 'f11' -> osrs_key=11 at frame 21620
sim_hotkey: 'f12' -> osrs_key=12 at frame 21640
sim_hotkey: 'escape' -> osrs_key=13 at frame 21660
sim_hotkey: 'escape' -> osrs_key=13 at frame 21680
sim_hotkey: 'f1' -> osrs_key=1 at frame 21700
sim_hotkey: 'f2' -> osrs_key=2 at frame 21720
sim_hotkey: 'f3' -> osrs_key=3 at frame 21740
sim_hotkey: 'f4' -> osrs_key=4 at frame 21760
Dat2SpriteLoadByName: archive 'mapfunction' not found in sprites table
Dat2SpriteLoadByName: archive 'hitmark' not found in sprites table
Task_CS2Run: script 7188 failed at opcode 34 pc 14 (invoked as script 7128 for component 0x28a0000)
  script 7188: int_args=0 str_args=0 int_locals=1 str_locals=1 ops=31
  pc=0 op=0 PUSH_CONSTANT_INT operand=-1 str=(null)
  pc=1 op=34 POP_INT_LOCAL operand=0 str=(null)
  pc=2 op=3 PUSH_CONSTANT_STRING operand=0 str=
  pc=3 op=36 POP_STRING_LOCAL operand=0 str=(null)
  pc=4 op=25 PUSH_VARBIT operand=14881 str=(null)
  pc=5 op=60 SWITCH operand=0 str=(null)
  pc=6 op=3 PUSH_CONSTANT_STRING operand=0 str=graphic_4911
  pc=7 op=3 PUSH_CONSTANT_STRING operand=0 str=Grand Exchange value
  pc=8 op=36 POP_STRING_LOCAL operand=0 str=(null)
  pc=9 op=34 POP_INT_LOCAL operand=0 str=(null)
  pc=10 op=6 BRANCH operand=10 str=(null)
  pc=11 op=3 PUSH_CONSTANT_STRING operand=0 str=graphic_4912
  pc=12 op=3 PUSH_CONSTANT_STRING operand=0 str=High Alchemy value
  pc=13 op=36 POP_STRING_LOCAL operand=0 str=(null)
  pc=14 op=34 POP_INT_LOCAL operand=0 str=(null)
  pc=15 op=6 BRANCH operand=5 str=(null)
  pc=16 op=3 PUSH_CONSTANT_STRING operand=0 str=graphic_4911
CS2VM2: call depth 128 exhausted calling script 904 from script 904 (raise CS2VM_MAX_FRAMES)
Task_CS2Run: script 904 failed at opcode 40 pc 2 (invoked as script 903 for component 0xa10000)
  script 904: int_args=2 str_args=0 int_locals=2 str_locals=0 ops=4
  pc=0 op=33 PUSH_INT_LOCAL operand=0 str=(null)
  pc=1 op=33 PUSH_INT_LOCAL operand=1 str=(null)
  pc=2 op=40 GOSUB_WITH_PARAMS operand=904 str=(null)
  pc=3 op=21 RETURN operand=0 str=(null)
sim_hotkey: 'f5' -> osrs_key=5 at frame 21780
sim_hotkey: 'f6' -> osrs_key=6 at frame 21800
sim_hotkey: 'f7' -> osrs_key=7 at frame 21820
sim_hotkey: 'f8' -> osrs_key=8 at frame 21840
sim_hotkey: 'f9' -> osrs_key=9 at frame 21860
sim_hotkey: 'f10' -> osrs_key=10 at frame 21880
sim_hotkey: 'f11' -> osrs_key=11 at frame 21900
sim_hotkey: 'f12' -> osrs_key=12 at frame 21920
sim_hotkey: 'escape' -> osrs_key=13 at frame 21940
torirs_iface_stats: tick=6500 groups=33
  group=161 opens=1 closes=0 bakes=1 reuse=0 live=106 hidden=14 hooks=22 hook_bytes=224400
  group=162 opens=1 closes=0 bakes=1 reuse=0 live=3222 hidden=2413 hooks=18 hook_bytes=183600
  group=651 opens=1 closes=0 bakes=1 reuse=0 live=7 hidden=0 hooks=0 hook_bytes=0
  group=708 opens=1 closes=0 bakes=1 reuse=0 live=13 hidden=1 hooks=4 hook_bytes=40800
  group=163 opens=1 closes=0 bakes=0 reuse=1 live=26 hidden=25 hooks=0 hook_bytes=0
  group=303 opens=1 closes=0 bakes=1 reuse=0 live=21 hidden=5 hooks=2 hook_bytes=20400
  group=90 opens=1 closes=0 bakes=1 reuse=0 live=60 hidden=13 hooks=13 hook_bytes=132600
  group=160 opens=1 closes=0 bakes=1 reuse=0 live=58 hidden=12 hooks=11 hook_bytes=112200
  group=122 opens=1 closes=0 bakes=1 reuse=0 live=33 hidden=15 hooks=9 hook_bytes=91800
  group=728 opens=1 closes=0 bakes=0 reuse=1 live=50 hidden=2 hooks=4 hook_bytes=40800
  group=896 opens=1 closes=0 bakes=0 reuse=1 live=903 hidden=902 hooks=0 hook_bytes=0
  group=593 opens=1 closes=0 bakes=1 reuse=0 live=117 hidden=7 hooks=6 hook_bytes=61200
  group=320 opens=1 closes=0 bakes=1 reuse=0 live=202 hidden=24 hooks=49 hook_bytes=499800
  group=629 opens=1 closes=0 bakes=1 reuse=0 live=46 hidden=5 hooks=3 hook_bytes=30600
  group=712 opens=1 closes=0 bakes=1 reuse=0 live=113 hidden=0 hooks=5 hook_bytes=51000
  group=149 opens=1 closes=0 bakes=0 reuse=1 live=29 hidden=0 hooks=28 hook_bytes=285600
  group=387 opens=1 closes=0 bakes=1 reuse=0 live=96 hidden=12 hooks=13 hook_bytes=132600
  group=541 opens=1 closes=0 bakes=1 reuse=0 live=124 hidden=33 hooks=30 hook_bytes=306000
  group=218 opens=1 closes=0 bakes=1 reuse=0 live=232 hidden=132 hooks=195 hook_bytes=1989000
  group=707 opens=1 closes=0 bakes=1 reuse=0 live=39 hidden=0 hooks=5 hook_bytes=51000
  group=109 opens=1 closes=0 bakes=1 reuse=0 live=96 hidden=13 hooks=10 hook_bytes=102000
  group=429 opens=1 closes=0 bakes=1 reuse=0 live=35 hidden=0 hooks=8 hook_bytes=81600
  group=182 opens=1 closes=0 bakes=1 reuse=0 live=94 hidden=3 hooks=10 hook_bytes=102000
  group=116 opens=1 closes=0 bakes=1 reuse=0 live=222 hidden=12 hooks=65 hook_bytes=663000
  group=216 opens=1 closes=0 bakes=1 reuse=0 live=124 hidden=0 hooks=61 hook_bytes=622200
  group=239 opens=1 closes=0 bakes=1 reuse=0 live=934 hidden=597 hooks=267 hook_bytes=2723400
  group=12 opens=22 closes=22 bakes=1 reuse=21 live=1781 hidden=73 hooks=1505 hook_bytes=15351000
  group=15 opens=22 closes=22 bakes=1 reuse=21 live=650 hidden=49 hooks=366 hook_bytes=3733200
  group=84 opens=22 closes=22 bakes=1 reuse=21 live=123 hidden=14 hooks=25 hook_bytes=255000
  group=729 opens=22 closes=22 bakes=0 reuse=22 live=36 hidden=1 hooks=6 hook_bytes=61200
  group=650 opens=22 closes=21 bakes=1 reuse=21 live=110 hidden=2 hooks=15 hook_bytes=153000
  group=894 opens=21 closes=21 bakes=1 reuse=20 live=413 hidden=5 hooks=117 hook_bytes=1193400
  group=32766 opens=0 closes=0 bakes=0 reuse=0 live=4 hidden=0 hooks=0 hook_bytes=0
torirs_stats: tick=6500 components=10119 live=10119 hidden=4384 freed=0 free_head=-1 inv_hooks=19 var_hooks=164 timers=28 timers_hidden=7 iface_parents=26
Dat2SpriteLoadByName: archive 'mapfunction' not found in sprites table
Dat2SpriteLoadByName: archive 'hitmark' not found in sprites table
CS2VM2: call depth 128 exhausted calling script 904 from script 904 (raise CS2VM_MAX_FRAMES)
Task_CS2Run: script 904 failed at opcode 40 pc 2 (invoked as script 903 for component 0xa10000)
  script 904: int_args=2 str_args=0 int_locals=2 str_locals=0 ops=4
  pc=0 op=33 PUSH_INT_LOCAL operand=0 str=(null)
  pc=1 op=33 PUSH_INT_LOCAL operand=1 str=(null)
  pc=2 op=40 GOSUB_WITH_PARAMS operand=904 str=(null)
  pc=3 op=21 RETURN operand=0 str=(null)
sim_hotkey: 'escape' -> osrs_key=13 at frame 21960
sim_hotkey: 'f1' -> osrs_key=1 at frame 21980
sim_hotkey: 'f2' -> osrs_key=2 at frame 22000
torirs_perf: window=43 frame_p95=4.86ms
sim_hotkey: 'f3' -> osrs_key=3 at frame 22020
sim_hotkey: 'f4' -> osrs_key=4 at frame 22040
sim_hotkey: 'f5' -> osrs_key=5 at frame 22060
sim_hotkey: 'f6' -> osrs_key=6 at frame 22080
sim_hotkey: 'f7' -> osrs_key=7 at frame 22100
sim_hotkey: 'f8' -> osrs_key=8 at frame 22120
sim_hotkey: 'f9' -> osrs_key=9 at frame 22140
sim_hotkey: 'f10' -> osrs_key=10 at frame 22160
sim_hotkey: 'f11' -> osrs_key=11 at frame 22180
sim_hotkey: 'f12' -> osrs_key=12 at frame 22200
sim_hotkey: 'escape' -> osrs_key=13 at frame 22220
sim_hotkey: 'escape' -> osrs_key=13 at frame 22240
sim_hotkey: 'f1' -> osrs_key=1 at frame 22260
sim_hotkey: 'f2' -> osrs_key=2 at frame 22280
Failed to load dat2 idk 307
Dat2SpriteLoadByName: archive 'mapfunction' not found in sprites table
Dat2SpriteLoadByName: archive 'hitmark' not found in sprites table
CS2VM2: call depth 128 exhausted calling script 904 from script 904 (raise CS2VM_MAX_FRAMES)
Task_CS2Run: script 904 failed at opcode 40 pc 2 (invoked as script 903 for component 0xa10000)
  script 904: int_args=2 str_args=0 int_locals=2 str_locals=0 ops=4
  pc=0 op=33 PUSH_INT_LOCAL operand=0 str=(null)
  pc=1 op=33 PUSH_INT_LOCAL operand=1 str=(null)
  pc=2 op=40 GOSUB_WITH_PARAMS operand=904 str=(null)
  pc=3 op=21 RETURN operand=0 str=(null)
Dat2SpriteLoadByName: archive 'mapfunction' not found in sprites table
Dat2SpriteLoadByName: archive 'hitmark' not found in sprites table
CS2VM2: call depth 128 exhausted calling script 904 from script 904 (raise CS2VM_MAX_FRAMES)
Task_CS2Run: script 904 failed at opcode 40 pc 2 (invoked as script 903 for component 0xa10000)
  script 904: int_args=2 str_args=0 int_locals=2 str_locals=0 ops=4
  pc=0 op=33 PUSH_INT_LOCAL operand=0 str=(null)
  pc=1 op=33 PUSH_INT_LOCAL operand=1 str=(null)
  pc=2 op=40 GOSUB_WITH_PARAMS operand=904 str=(null)
  pc=3 op=21 RETURN operand=0 str=(null)
sim_hotkey: 'f3' -> osrs_key=3 at frame 22300
sim_hotkey: 'f4' -> osrs_key=4 at frame 22320
sim_hotkey: 'f5' -> osrs_key=5 at frame 22340
sim_hotkey: 'f6' -> osrs_key=6 at frame 22360
sim_hotkey: 'f7' -> osrs_key=7 at frame 22380
sim_hotkey: 'f8' -> osrs_key=8 at frame 22400
sim_hotkey: 'f9' -> osrs_key=9 at frame 22420
Failed to load dat2 idk 307
Dat2SpriteLoadByName: archive 'mapfunction' not found in sprites table
Dat2SpriteLoadByName: archive 'hitmark' not found in sprites table
CS2VM2: call depth 128 exhausted calling script 904 from script 904 (raise CS2VM_MAX_FRAMES)
Task_CS2Run: script 904 failed at opcode 40 pc 2 (invoked as script 903 for component 0xa10000)
  script 904: int_args=2 str_args=0 int_locals=2 str_locals=0 ops=4
  pc=0 op=33 PUSH_INT_LOCAL operand=0 str=(null)
  pc=1 op=33 PUSH_INT_LOCAL operand=1 str=(null)
  pc=2 op=40 GOSUB_WITH_PARAMS operand=904 str=(null)
  pc=3 op=21 RETURN operand=0 str=(null)
sim_hotkey: 'f10' -> osrs_key=10 at frame 22440
sim_hotkey: 'f11' -> osrs_key=11 at frame 22460
sim_hotkey: 'f12' -> osrs_key=12 at frame 22480
sim_hotkey: 'escape' -> osrs_key=13 at frame 22500
torirs_perf: window=44 frame_p95=5.49ms
sim_hotkey: 'escape' -> osrs_key=13 at frame 22520
CS2VM2: call depth 128 exhausted calling script 904 from script 904 (raise CS2VM_MAX_FRAMES)
Task_CS2Run: script 904 failed at opcode 40 pc 2 (invoked as script 903 for component 0xa10000)
  script 904: int_args=2 str_args=0 int_locals=2 str_locals=0 ops=4
  pc=0 op=33 PUSH_INT_LOCAL operand=0 str=(null)
  pc=1 op=33 PUSH_INT_LOCAL operand=1 str=(null)
  pc=2 op=40 GOSUB_WITH_PARAMS operand=904 str=(null)
  pc=3 op=21 RETURN operand=0 str=(null)
CS2VM2: call depth 128 exhausted calling script 904 from script 904 (raise CS2VM_MAX_FRAMES)
Task_CS2Run: script 904 failed at opcode 40 pc 2 (invoked as script 903 for component 0xa10000)
  script 904: int_args=2 str_args=0 int_locals=2 str_locals=0 ops=4
  pc=0 op=33 PUSH_INT_LOCAL operand=0 str=(null)
  pc=1 op=33 PUSH_INT_LOCAL operand=1 str=(null)
  pc=2 op=40 GOSUB_WITH_PARAMS operand=904 str=(null)
  pc=3 op=21 RETURN operand=0 str=(null)
CS2VM2: call depth 128 exhausted calling script 904 from script 904 (raise CS2VM_MAX_FRAMES)
Task_CS2Run: script 904 failed at opcode 40 pc 2 (invoked as script 903 for component 0xa10000)
  script 904: int_args=2 str_args=0 int_locals=2 str_locals=0 ops=4
  pc=0 op=33 PUSH_INT_LOCAL operand=0 str=(null)
  pc=1 op=33 PUSH_INT_LOCAL operand=1 str=(null)
  pc=2 op=40 GOSUB_WITH_PARAMS operand=904 str=(null)
  pc=3 op=21 RETURN operand=0 str=(null)
CS2VM2: call depth 128 exhausted calling script 904 from script 904 (raise CS2VM_MAX_FRAMES)
Task_CS2Run: script 904 failed at opcode 40 pc 2 (invoked as script 903 for component 0xa10000)
  script 904: int_args=2 str_args=0 int_locals=2 str_locals=0 ops=4
  pc=0 op=33 PUSH_INT_LOCAL operand=0 str=(null)
  pc=1 op=33 PUSH_INT_LOCAL operand=1 str=(null)
  pc=2 op=40 GOSUB_WITH_PARAMS operand=904 str=(null)
  pc=3 op=21 RETURN operand=0 str=(null)
sim_hotkey: 'f1' -> osrs_key=1 at frame 22540
sim_hotkey: 'f2' -> osrs_key=2 at frame 22560
sim_hotkey: 'f3' -> osrs_key=3 at frame 22580
Dat2SpriteLoadByName: archive 'mapfunction' not found in sprites table
Dat2SpriteLoadByName: archive 'hitmark' not found in sprites table
CS2VM2: call depth 128 exhausted calling script 904 from script 904 (raise CS2VM_MAX_FRAMES)
Task_CS2Run: script 904 failed at opcode 40 pc 2 (invoked as script 903 for component 0xa10000)
  script 904: int_args=2 str_args=0 int_locals=2 str_locals=0 ops=4
  pc=0 op=33 PUSH_INT_LOCAL operand=0 str=(null)
  pc=1 op=33 PUSH_INT_LOCAL operand=1 str=(null)
  pc=2 op=40 GOSUB_WITH_PARAMS operand=904 str=(null)
  pc=3 op=21 RETURN operand=0 str=(null)
sim_hotkey: 'f4' -> osrs_key=4 at frame 22600
sim_hotkey: 'f5' -> osrs_key=5 at frame 22620
sim_hotkey: 'f6' -> osrs_key=6 at frame 22640
sim_hotkey: 'f7' -> osrs_key=7 at frame 22660
sim_hotkey: 'f8' -> osrs_key=8 at frame 22680
sim_hotkey: 'f9' -> osrs_key=9 at frame 22700
sim_hotkey: 'f10' -> osrs_key=10 at frame 22720
sim_hotkey: 'f11' -> osrs_key=11 at frame 22740
sim_hotkey: 'f12' -> osrs_key=12 at frame 22760
sim_hotkey: 'escape' -> osrs_key=13 at frame 22780
torirs_iface_stats: tick=6750 groups=33
  group=161 opens=1 closes=0 bakes=1 reuse=0 live=106 hidden=14 hooks=22 hook_bytes=224400
  group=162 opens=1 closes=0 bakes=1 reuse=0 live=3222 hidden=2413 hooks=18 hook_bytes=183600
  group=651 opens=1 closes=0 bakes=1 reuse=0 live=7 hidden=0 hooks=0 hook_bytes=0
  group=708 opens=1 closes=0 bakes=1 reuse=0 live=13 hidden=1 hooks=4 hook_bytes=40800
  group=163 opens=1 closes=0 bakes=0 reuse=1 live=26 hidden=25 hooks=0 hook_bytes=0
  group=303 opens=1 closes=0 bakes=1 reuse=0 live=21 hidden=5 hooks=2 hook_bytes=20400
  group=90 opens=1 closes=0 bakes=1 reuse=0 live=60 hidden=13 hooks=13 hook_bytes=132600
  group=160 opens=1 closes=0 bakes=1 reuse=0 live=58 hidden=12 hooks=11 hook_bytes=112200
  group=122 opens=1 closes=0 bakes=1 reuse=0 live=33 hidden=15 hooks=9 hook_bytes=91800
  group=728 opens=1 closes=0 bakes=0 reuse=1 live=50 hidden=2 hooks=4 hook_bytes=40800
  group=896 opens=1 closes=0 bakes=0 reuse=1 live=903 hidden=902 hooks=0 hook_bytes=0
  group=593 opens=1 closes=0 bakes=1 reuse=0 live=117 hidden=7 hooks=6 hook_bytes=61200
  group=320 opens=1 closes=0 bakes=1 reuse=0 live=202 hidden=24 hooks=49 hook_bytes=499800
  group=629 opens=1 closes=0 bakes=1 reuse=0 live=46 hidden=5 hooks=3 hook_bytes=30600
  group=712 opens=1 closes=0 bakes=1 reuse=0 live=113 hidden=0 hooks=5 hook_bytes=51000
  group=149 opens=1 closes=0 bakes=0 reuse=1 live=29 hidden=0 hooks=28 hook_bytes=285600
  group=387 opens=1 closes=0 bakes=1 reuse=0 live=96 hidden=12 hooks=13 hook_bytes=132600
  group=541 opens=1 closes=0 bakes=1 reuse=0 live=124 hidden=33 hooks=30 hook_bytes=306000
  group=218 opens=1 closes=0 bakes=1 reuse=0 live=232 hidden=132 hooks=195 hook_bytes=1989000
  group=707 opens=1 closes=0 bakes=1 reuse=0 live=39 hidden=0 hooks=5 hook_bytes=51000
  group=109 opens=1 closes=0 bakes=1 reuse=0 live=96 hidden=13 hooks=10 hook_bytes=102000
  group=429 opens=1 closes=0 bakes=1 reuse=0 live=35 hidden=0 hooks=8 hook_bytes=81600
  group=182 opens=1 closes=0 bakes=1 reuse=0 live=94 hidden=3 hooks=10 hook_bytes=102000
  group=116 opens=1 closes=0 bakes=1 reuse=0 live=222 hidden=12 hooks=65 hook_bytes=663000
  group=216 opens=1 closes=0 bakes=1 reuse=0 live=124 hidden=0 hooks=61 hook_bytes=622200
  group=239 opens=1 closes=0 bakes=1 reuse=0 live=934 hidden=597 hooks=267 hook_bytes=2723400
  group=12 opens=23 closes=23 bakes=1 reuse=22 live=1781 hidden=73 hooks=1505 hook_bytes=15351000
  group=15 opens=23 closes=23 bakes=1 reuse=22 live=650 hidden=49 hooks=366 hook_bytes=3733200
  group=84 opens=23 closes=23 bakes=1 reuse=22 live=123 hidden=14 hooks=25 hook_bytes=255000
  group=729 opens=23 closes=22 bakes=0 reuse=23 live=36 hidden=0 hooks=6 hook_bytes=61200
  group=650 opens=22 closes=22 bakes=1 reuse=21 live=110 hidden=3 hooks=15 hook_bytes=153000
  group=894 opens=22 closes=22 bakes=1 reuse=21 live=413 hidden=5 hooks=117 hook_bytes=1193400
  group=32766 opens=0 closes=0 bakes=0 reuse=0 live=4 hidden=0 hooks=0 hook_bytes=0
torirs_stats: tick=6750 components=10119 live=10119 hidden=4384 freed=0 free_head=-1 inv_hooks=19 var_hooks=163 timers=28 timers_hidden=7 iface_parents=26
Dat2SpriteLoadByName: archive 'mapfunction' not found in sprites table
Dat2SpriteLoadByName: archive 'hitmark' not found in sprites table
Task_CS2Run: script 7188 failed at opcode 34 pc 14 (invoked as script 7128 for component 0x28a0000)
  script 7188: int_args=0 str_args=0 int_locals=1 str_locals=1 ops=31
  pc=0 op=0 PUSH_CONSTANT_INT operand=-1 str=(null)
  pc=1 op=34 POP_INT_LOCAL operand=0 str=(null)
  pc=2 op=3 PUSH_CONSTANT_STRING operand=0 str=
  pc=3 op=36 POP_STRING_LOCAL operand=0 str=(null)
  pc=4 op=25 PUSH_VARBIT operand=14881 str=(null)
  pc=5 op=60 SWITCH operand=0 str=(null)
  pc=6 op=3 PUSH_CONSTANT_STRING operand=0 str=graphic_4911
  pc=7 op=3 PUSH_CONSTANT_STRING operand=0 str=Grand Exchange value
  pc=8 op=36 POP_STRING_LOCAL operand=0 str=(null)
  pc=9 op=34 POP_INT_LOCAL operand=0 str=(null)
  pc=10 op=6 BRANCH operand=10 str=(null)
  pc=11 op=3 PUSH_CONSTANT_STRING operand=0 str=graphic_4912
  pc=12 op=3 PUSH_CONSTANT_STRING operand=0 str=High Alchemy value
  pc=13 op=36 POP_STRING_LOCAL operand=0 str=(null)
  pc=14 op=34 POP_INT_LOCAL operand=0 str=(null)
  pc=15 op=6 BRANCH operand=5 str=(null)
  pc=16 op=3 PUSH_CONSTANT_STRING operand=0 str=graphic_4911
CS2VM2: call depth 128 exhausted calling script 904 from script 904 (raise CS2VM_MAX_FRAMES)
Task_CS2Run: script 904 failed at opcode 40 pc 2 (invoked as script 903 for component 0xa10000)
  script 904: int_args=2 str_args=0 int_locals=2 str_locals=0 ops=4
  pc=0 op=33 PUSH_INT_LOCAL operand=0 str=(null)
  pc=1 op=33 PUSH_INT_LOCAL operand=1 str=(null)
  pc=2 op=40 GOSUB_WITH_PARAMS operand=904 str=(null)
  pc=3 op=21 RETURN operand=0 str=(null)
sim_hotkey: 'escape' -> osrs_key=13 at frame 22800
sim_hotkey: 'f1' -> osrs_key=1 at frame 22820
sim_hotkey: 'f2' -> osrs_key=2 at frame 22840
sim_hotkey: 'f3' -> osrs_key=3 at frame 22860
sim_hotkey: 'f4' -> osrs_key=4 at frame 22880
sim_hotkey: 'f5' -> osrs_key=5 at frame 22900
sim_hotkey: 'f6' -> osrs_key=6 at frame 22920
sim_hotkey: 'f7' -> osrs_key=7 at frame 22940
sim_hotkey: 'f8' -> osrs_key=8 at frame 22960
Dat2SpriteLoadByName: archive 'mapfunction' not found in sprites table
Dat2SpriteLoadByName: archive 'hitmark' not found in sprites table
CS2VM2: call depth 128 exhausted calling script 904 from script 904 (raise CS2VM_MAX_FRAMES)
Task_CS2Run: script 904 failed at opcode 40 pc 2 (invoked as script 903 for component 0xa10000)
  script 904: int_args=2 str_args=0 int_locals=2 str_locals=0 ops=4
  pc=0 op=33 PUSH_INT_LOCAL operand=0 str=(null)
  pc=1 op=33 PUSH_INT_LOCAL operand=1 str=(null)
  pc=2 op=40 GOSUB_WITH_PARAMS operand=904 str=(null)
  pc=3 op=21 RETURN operand=0 str=(null)
sim_hotkey: 'f9' -> osrs_key=9 at frame 22980
sim_hotkey: 'f10' -> osrs_key=10 at frame 23000
torirs_perf: window=45 frame_p95=4.87ms
sim_hotkey: 'f11' -> osrs_key=11 at frame 23020
sim_hotkey: 'f12' -> osrs_key=12 at frame 23040
sim_hotkey: 'escape' -> osrs_key=13 at frame 23060
sim_hotkey: 'escape' -> osrs_key=13 at frame 23080
sim_hotkey: 'f1' -> osrs_key=1 at frame 23100
sim_hotkey: 'f2' -> osrs_key=2 at frame 23120
sim_hotkey: 'f3' -> osrs_key=3 at frame 23140
spawn_npc: npc=2854 element=59770 tile=90,84 level=0 size=1 recolors=1 retextures=0
sim_hotkey: 'f4' -> osrs_key=4 at frame 23160
sim_hotkey: 'f5' -> osrs_key=5 at frame 23180
sim_hotkey: 'f6' -> osrs_key=6 at frame 23200
sim_hotkey: 'f7' -> osrs_key=7 at frame 23220
sim_hotkey: 'f8' -> osrs_key=8 at frame 23240
spawn_npc: npc=2854 element=59755 tile=90,84 level=0 size=1 recolors=1 retextures=0
sim_hotkey: 'f9' -> osrs_key=9 at frame 23260
sim_hotkey: 'f10' -> osrs_key=10 at frame 23280
sim_hotkey: 'f11' -> osrs_key=11 at frame 23300
sim_hotkey: 'f12' -> osrs_key=12 at frame 23320
Failed to load dat2 idk 307
Dat2SpriteLoadByName: archive 'mapfunction' not found in sprites table
Dat2SpriteLoadByName: archive 'hitmark' not found in sprites table
CS2VM2: call depth 128 exhausted calling script 904 from script 904 (raise CS2VM_MAX_FRAMES)
Task_CS2Run: script 904 failed at opcode 40 pc 2 (invoked as script 903 for component 0xa10000)
  script 904: int_args=2 str_args=0 int_locals=2 str_locals=0 ops=4
  pc=0 op=33 PUSH_INT_LOCAL operand=0 str=(null)
  pc=1 op=33 PUSH_INT_LOCAL operand=1 str=(null)
  pc=2 op=40 GOSUB_WITH_PARAMS operand=904 str=(null)
  pc=3 op=21 RETURN operand=0 str=(null)
Dat2SpriteLoadByName: archive 'mapfunction' not found in sprites table
Dat2SpriteLoadByName: archive 'hitmark' not found in sprites table
CS2VM2: call depth 128 exhausted calling script 904 from script 904 (raise CS2VM_MAX_FRAMES)
Task_CS2Run: script 904 failed at opcode 40 pc 2 (invoked as script 903 for component 0xa10000)
  script 904: int_args=2 str_args=0 int_locals=2 str_locals=0 ops=4
  pc=0 op=33 PUSH_INT_LOCAL operand=0 str=(null)
  pc=1 op=33 PUSH_INT_LOCAL operand=1 str=(null)
  pc=2 op=40 GOSUB_WITH_PARAMS operand=904 str=(null)
  pc=3 op=21 RETURN operand=0 str=(null)
sim_hotkey: 'escape' -> osrs_key=13 at frame 23340
sim_hotkey: 'escape' -> osrs_key=13 at frame 23360
CS2VM2: call depth 128 exhausted calling script 904 from script 904 (raise CS2VM_MAX_FRAMES)
Task_CS2Run: script 904 failed at opcode 40 pc 2 (invoked as script 903 for component 0xa10000)
  script 904: int_args=2 str_args=0 int_locals=2 str_locals=0 ops=4
  pc=0 op=33 PUSH_INT_LOCAL operand=0 str=(null)
  pc=1 op=33 PUSH_INT_LOCAL operand=1 str=(null)
  pc=2 op=40 GOSUB_WITH_PARAMS operand=904 str=(null)
  pc=3 op=21 RETURN operand=0 str=(null)
CS2VM2: call depth 128 exhausted calling script 904 from script 904 (raise CS2VM_MAX_FRAMES)
Task_CS2Run: script 904 failed at opcode 40 pc 2 (invoked as script 903 for component 0xa10000)
  script 904: int_args=2 str_args=0 int_locals=2 str_locals=0 ops=4
  pc=0 op=33 PUSH_INT_LOCAL operand=0 str=(null)
  pc=1 op=33 PUSH_INT_LOCAL operand=1 str=(null)
  pc=2 op=40 GOSUB_WITH_PARAMS operand=904 str=(null)
  pc=3 op=21 RETURN operand=0 str=(null)
CS2VM2: call depth 128 exhausted calling script 904 from script 904 (raise CS2VM_MAX_FRAMES)
Task_CS2Run: script 904 failed at opcode 40 pc 2 (invoked as script 903 for component 0xa10000)
  script 904: int_args=2 str_args=0 int_locals=2 str_locals=0 ops=4
  pc=0 op=33 PUSH_INT_LOCAL operand=0 str=(null)
  pc=1 op=33 PUSH_INT_LOCAL operand=1 str=(null)
  pc=2 op=40 GOSUB_WITH_PARAMS operand=904 str=(null)
  pc=3 op=21 RETURN operand=0 str=(null)
CS2VM2: call depth 128 exhausted calling script 904 from script 904 (raise CS2VM_MAX_FRAMES)
Task_CS2Run: script 904 failed at opcode 40 pc 2 (invoked as script 903 for component 0xa10000)
  script 904: int_args=2 str_args=0 int_locals=2 str_locals=0 ops=4
  pc=0 op=33 PUSH_INT_LOCAL operand=0 str=(null)
  pc=1 op=33 PUSH_INT_LOCAL operand=1 str=(null)
  pc=2 op=40 GOSUB_WITH_PARAMS operand=904 str=(null)
  pc=3 op=21 RETURN operand=0 str=(null)
sim_hotkey: 'f1' -> osrs_key=1 at frame 23380
sim_hotkey: 'f2' -> osrs_key=2 at frame 23400
sim_hotkey: 'f3' -> osrs_key=3 at frame 23420
sim_hotkey: 'f4' -> osrs_key=4 at frame 23440
sim_hotkey: 'f5' -> osrs_key=5 at frame 23460
Failed to load dat2 idk 307
Dat2SpriteLoadByName: archive 'mapfunction' not found in sprites table
Dat2SpriteLoadByName: archive 'hitmark' not found in sprites table
CS2VM2: call depth 128 exhausted calling script 904 from script 904 (raise CS2VM_MAX_FRAMES)
Task_CS2Run: script 904 failed at opcode 40 pc 2 (invoked as script 903 for component 0xa10000)
  script 904: int_args=2 str_args=0 int_locals=2 str_locals=0 ops=4
  pc=0 op=33 PUSH_INT_LOCAL operand=0 str=(null)
  pc=1 op=33 PUSH_INT_LOCAL operand=1 str=(null)
  pc=2 op=40 GOSUB_WITH_PARAMS operand=904 str=(null)
  pc=3 op=21 RETURN operand=0 str=(null)
sim_hotkey: 'f6' -> osrs_key=6 at frame 23480
sim_hotkey: 'f7' -> osrs_key=7 at frame 23500
torirs_perf: window=46 frame_p95=5.17ms
sim_hotkey: 'f8' -> osrs_key=8 at frame 23520
sim_hotkey: 'f9' -> osrs_key=9 at frame 23540
sim_hotkey: 'f10' -> osrs_key=10 at frame 23560
sim_hotkey: 'f11' -> osrs_key=11 at frame 23580
sim_hotkey: 'f12' -> osrs_key=12 at frame 23600
sim_hotkey: 'escape' -> osrs_key=13 at frame 23620
torirs_iface_stats: tick=7000 groups=33
  group=161 opens=1 closes=0 bakes=1 reuse=0 live=106 hidden=14 hooks=22 hook_bytes=224400
  group=162 opens=1 closes=0 bakes=1 reuse=0 live=3222 hidden=2413 hooks=18 hook_bytes=183600
  group=651 opens=1 closes=0 bakes=1 reuse=0 live=7 hidden=0 hooks=0 hook_bytes=0
  group=708 opens=1 closes=0 bakes=1 reuse=0 live=13 hidden=1 hooks=4 hook_bytes=40800
  group=163 opens=1 closes=0 bakes=0 reuse=1 live=26 hidden=25 hooks=0 hook_bytes=0
  group=303 opens=1 closes=0 bakes=1 reuse=0 live=21 hidden=5 hooks=2 hook_bytes=20400
  group=90 opens=1 closes=0 bakes=1 reuse=0 live=60 hidden=13 hooks=13 hook_bytes=132600
  group=160 opens=1 closes=0 bakes=1 reuse=0 live=58 hidden=12 hooks=11 hook_bytes=112200
  group=122 opens=1 closes=0 bakes=1 reuse=0 live=33 hidden=15 hooks=9 hook_bytes=91800
  group=728 opens=1 closes=0 bakes=0 reuse=1 live=50 hidden=2 hooks=4 hook_bytes=40800
  group=896 opens=1 closes=0 bakes=0 reuse=1 live=903 hidden=902 hooks=0 hook_bytes=0
  group=593 opens=1 closes=0 bakes=1 reuse=0 live=117 hidden=7 hooks=6 hook_bytes=61200
  group=320 opens=1 closes=0 bakes=1 reuse=0 live=202 hidden=24 hooks=49 hook_bytes=499800
  group=629 opens=1 closes=0 bakes=1 reuse=0 live=46 hidden=5 hooks=3 hook_bytes=30600
  group=712 opens=1 closes=0 bakes=1 reuse=0 live=113 hidden=0 hooks=5 hook_bytes=51000
  group=149 opens=1 closes=0 bakes=0 reuse=1 live=29 hidden=0 hooks=28 hook_bytes=285600
  group=387 opens=1 closes=0 bakes=1 reuse=0 live=96 hidden=12 hooks=13 hook_bytes=132600
  group=541 opens=1 closes=0 bakes=1 reuse=0 live=124 hidden=33 hooks=30 hook_bytes=306000
  group=218 opens=1 closes=0 bakes=1 reuse=0 live=232 hidden=132 hooks=195 hook_bytes=1989000
  group=707 opens=1 closes=0 bakes=1 reuse=0 live=39 hidden=0 hooks=5 hook_bytes=51000
  group=109 opens=1 closes=0 bakes=1 reuse=0 live=96 hidden=13 hooks=10 hook_bytes=102000
  group=429 opens=1 closes=0 bakes=1 reuse=0 live=35 hidden=0 hooks=8 hook_bytes=81600
  group=182 opens=1 closes=0 bakes=1 reuse=0 live=94 hidden=3 hooks=10 hook_bytes=102000
  group=116 opens=1 closes=0 bakes=1 reuse=0 live=222 hidden=12 hooks=65 hook_bytes=663000
  group=216 opens=1 closes=0 bakes=1 reuse=0 live=124 hidden=0 hooks=61 hook_bytes=622200
  group=239 opens=1 closes=0 bakes=1 reuse=0 live=934 hidden=597 hooks=267 hook_bytes=2723400
  group=12 opens=24 closes=24 bakes=1 reuse=23 live=1781 hidden=73 hooks=1505 hook_bytes=15351000
  group=15 opens=24 closes=24 bakes=1 reuse=23 live=650 hidden=49 hooks=366 hook_bytes=3733200
  group=84 opens=24 closes=23 bakes=1 reuse=23 live=123 hidden=13 hooks=25 hook_bytes=255000
  group=729 opens=23 closes=23 bakes=0 reuse=23 live=36 hidden=1 hooks=6 hook_bytes=61200
  group=650 opens=23 closes=23 bakes=1 reuse=22 live=110 hidden=3 hooks=15 hook_bytes=153000
  group=894 opens=23 closes=22 bakes=1 reuse=22 live=413 hidden=4 hooks=117 hook_bytes=1193400
  group=32766 opens=0 closes=0 bakes=0 reuse=0 live=4 hidden=0 hooks=0 hook_bytes=0
torirs_stats: tick=7000 components=10119 live=10119 hidden=4383 freed=0 free_head=-1 inv_hooks=34 var_hooks=168 timers=28 timers_hidden=7 iface_parents=27
sim_hotkey: 'escape' -> osrs_key=13 at frame 23640
Dat2SpriteLoadByName: archive 'mapfunction' not found in sprites table
Dat2SpriteLoadByName: archive 'hitmark' not found in sprites table
CS2VM2: call depth 128 exhausted calling script 904 from script 904 (raise CS2VM_MAX_FRAMES)
Task_CS2Run: script 904 failed at opcode 40 pc 2 (invoked as script 903 for component 0xa10000)
  script 904: int_args=2 str_args=0 int_locals=2 str_locals=0 ops=4
  pc=0 op=33 PUSH_INT_LOCAL operand=0 str=(null)
  pc=1 op=33 PUSH_INT_LOCAL operand=1 str=(null)
  pc=2 op=40 GOSUB_WITH_PARAMS operand=904 str=(null)
  pc=3 op=21 RETURN operand=0 str=(null)
CS2VM2: call depth 128 exhausted calling script 904 from script 904 (raise CS2VM_MAX_FRAMES)
Task_CS2Run: script 904 failed at opcode 40 pc 2 (invoked as script 903 for component 0xa10000)
  script 904: int_args=2 str_args=0 int_locals=2 str_locals=0 ops=4
  pc=0 op=33 PUSH_INT_LOCAL operand=0 str=(null)
  pc=1 op=33 PUSH_INT_LOCAL operand=1 str=(null)
  pc=2 op=40 GOSUB_WITH_PARAMS operand=904 str=(null)
  pc=3 op=21 RETURN operand=0 str=(null)
CS2VM2: call depth 128 exhausted calling script 904 from script 904 (raise CS2VM_MAX_FRAMES)
Task_CS2Run: script 904 failed at opcode 40 pc 2 (invoked as script 903 for component 0xa10000)
  script 904: int_args=2 str_args=0 int_locals=2 str_locals=0 ops=4
  pc=0 op=33 PUSH_INT_LOCAL operand=0 str=(null)
  pc=1 op=33 PUSH_INT_LOCAL operand=1 str=(null)
  pc=2 op=40 GOSUB_WITH_PARAMS operand=904 str=(null)
  pc=3 op=21 RETURN operand=0 str=(null)
sim_hotkey: 'f1' -> osrs_key=1 at frame 23660
sim_hotkey: 'f2' -> osrs_key=2 at frame 23680
sim_hotkey: 'f3' -> osrs_key=3 at frame 23700
sim_hotkey: 'f4' -> osrs_key=4 at frame 23720
sim_hotkey: 'f5' -> osrs_key=5 at frame 23740
sim_hotkey: 'f6' -> osrs_key=6 at frame 23760
sim_hotkey: 'f7' -> osrs_key=7 at frame 23780
sim_hotkey: 'f8' -> osrs_key=8 at frame 23800
sim_hotkey: 'f9' -> osrs_key=9 at frame 23820
Dat2SpriteLoadByName: archive 'mapfunction' not found in sprites table
Dat2SpriteLoadByName: archive 'hitmark' not found in sprites table
Task_CS2Run: script 7188 failed at opcode 34 pc 14 (invoked as script 7128 for component 0x28a0000)
  script 7188: int_args=0 str_args=0 int_locals=1 str_locals=1 ops=31
  pc=0 op=0 PUSH_CONSTANT_INT operand=-1 str=(null)
  pc=1 op=34 POP_INT_LOCAL operand=0 str=(null)
  pc=2 op=3 PUSH_CONSTANT_STRING operand=0 str=
  pc=3 op=36 POP_STRING_LOCAL operand=0 str=(null)
  pc=4 op=25 PUSH_VARBIT operand=14881 str=(null)
  pc=5 op=60 SWITCH operand=0 str=(null)
  pc=6 op=3 PUSH_CONSTANT_STRING operand=0 str=graphic_4911
  pc=7 op=3 PUSH_CONSTANT_STRING operand=0 str=Grand Exchange value
  pc=8 op=36 POP_STRING_LOCAL operand=0 str=(null)
  pc=9 op=34 POP_INT_LOCAL operand=0 str=(null)
  pc=10 op=6 BRANCH operand=10 str=(null)
  pc=11 op=3 PUSH_CONSTANT_STRING operand=0 str=graphic_4912
  pc=12 op=3 PUSH_CONSTANT_STRING operand=0 str=High Alchemy value
  pc=13 op=36 POP_STRING_LOCAL operand=0 str=(null)
  pc=14 op=34 POP_INT_LOCAL operand=0 str=(null)
  pc=15 op=6 BRANCH operand=5 str=(null)
  pc=16 op=3 PUSH_CONSTANT_STRING operand=0 str=graphic_4911
CS2VM2: call depth 128 exhausted calling script 904 from script 904 (raise CS2VM_MAX_FRAMES)
Task_CS2Run: script 904 failed at opcode 40 pc 2 (invoked as script 903 for component 0xa10000)
  script 904: int_args=2 str_args=0 int_locals=2 str_locals=0 ops=4
  pc=0 op=33 PUSH_INT_LOCAL operand=0 str=(null)
  pc=1 op=33 PUSH_INT_LOCAL operand=1 str=(null)
  pc=2 op=40 GOSUB_WITH_PARAMS operand=904 str=(null)
  pc=3 op=21 RETURN operand=0 str=(null)
sim_hotkey: 'f10' -> osrs_key=10 at frame 23840
sim_hotkey: 'f11' -> osrs_key=11 at frame 23860
sim_hotkey: 'f12' -> osrs_key=12 at frame 23880
sim_hotkey: 'escape' -> osrs_key=13 at frame 23900
sim_hotkey: 'escape' -> osrs_key=13 at frame 23920
sim_hotkey: 'f1' -> osrs_key=1 at frame 23940
sim_hotkey: 'f2' -> osrs_key=2 at frame 23960
sim_hotkey: 'f3' -> osrs_key=3 at frame 23980
sim_hotkey: 'f4' -> osrs_key=4 at frame 24000
Dat2SpriteLoadByName: archive 'mapfunction' not found in sprites table
Dat2SpriteLoadByName: archive 'hitmark' not found in sprites table
CS2VM2: call depth 128 exhausted calling script 904 from script 904 (raise CS2VM_MAX_FRAMES)
Task_CS2Run: script 904 failed at opcode 40 pc 2 (invoked as script 903 for component 0xa10000)
  script 904: int_args=2 str_args=0 int_locals=2 str_locals=0 ops=4
  pc=0 op=33 PUSH_INT_LOCAL operand=0 str=(null)
  pc=1 op=33 PUSH_INT_LOCAL operand=1 str=(null)
  pc=2 op=40 GOSUB_WITH_PARAMS operand=904 str=(null)
  pc=3 op=21 RETURN operand=0 str=(null)
torirs_perf: window=47 frame_p95=5.10ms
sim_hotkey: 'f5' -> osrs_key=5 at frame 24020
sim_hotkey: 'f6' -> osrs_key=6 at frame 24040
sim_hotkey: 'f7' -> osrs_key=7 at frame 24060
sim_hotkey: 'f8' -> osrs_key=8 at frame 24080
sim_hotkey: 'f9' -> osrs_key=9 at frame 24100
sim_hotkey: 'f10' -> osrs_key=10 at frame 24120
sim_hotkey: 'f11' -> osrs_key=11 at frame 24140
sim_hotkey: 'f12' -> osrs_key=12 at frame 24160
sim_hotkey: 'escape' -> osrs_key=13 at frame 24180
sim_hotkey: 'escape' -> osrs_key=13 at frame 24200
sim_hotkey: 'f1' -> osrs_key=1 at frame 24220
sim_hotkey: 'f2' -> osrs_key=2 at frame 24240
sim_hotkey: 'f3' -> osrs_key=3 at frame 24260
sim_hotkey: 'f4' -> osrs_key=4 at frame 24280
sim_hotkey: 'f5' -> osrs_key=5 at frame 24300
sim_hotkey: 'f6' -> osrs_key=6 at frame 24320
sim_hotkey: 'f7' -> osrs_key=7 at frame 24340
sim_hotkey: 'f8' -> osrs_key=8 at frame 24360
Failed to load dat2 idk 307
Dat2SpriteLoadByName: archive 'mapfunction' not found in sprites table
Dat2SpriteLoadByName: archive 'hitmark' not found in sprites table
CS2VM2: call depth 128 exhausted calling script 904 from script 904 (raise CS2VM_MAX_FRAMES)
Task_CS2Run: script 904 failed at opcode 40 pc 2 (invoked as script 903 for component 0xa10000)
  script 904: int_args=2 str_args=0 int_locals=2 str_locals=0 ops=4
  pc=0 op=33 PUSH_INT_LOCAL operand=0 str=(null)
  pc=1 op=33 PUSH_INT_LOCAL operand=1 str=(null)
  pc=2 op=40 GOSUB_WITH_PARAMS operand=904 str=(null)
  pc=3 op=21 RETURN operand=0 str=(null)
Dat2SpriteLoadByName: archive 'mapfunction' not found in sprites table
Dat2SpriteLoadByName: archive 'hitmark' not found in sprites table
CS2VM2: call depth 128 exhausted calling script 904 from script 904 (raise CS2VM_MAX_FRAMES)
Task_CS2Run: script 904 failed at opcode 40 pc 2 (invoked as script 903 for component 0xa10000)
  script 904: int_args=2 str_args=0 int_locals=2 str_locals=0 ops=4
  pc=0 op=33 PUSH_INT_LOCAL operand=0 str=(null)
  pc=1 op=33 PUSH_INT_LOCAL operand=1 str=(null)
  pc=2 op=40 GOSUB_WITH_PARAMS operand=904 str=(null)
  pc=3 op=21 RETURN operand=0 str=(null)
sim_hotkey: 'f9' -> osrs_key=9 at frame 24380
sim_hotkey: 'f10' -> osrs_key=10 at frame 24400
sim_hotkey: 'f11' -> osrs_key=11 at frame 24420
sim_hotkey: 'f12' -> osrs_key=12 at frame 24440
sim_hotkey: 'escape' -> osrs_key=13 at frame 24460
sim_hotkey: 'escape' -> osrs_key=13 at frame 24480
CS2VM2: call depth 128 exhausted calling script 904 from script 904 (raise CS2VM_MAX_FRAMES)
Task_CS2Run: script 904 failed at opcode 40 pc 2 (invoked as script 903 for component 0xa10000)
  script 904: int_args=2 str_args=0 int_locals=2 str_locals=0 ops=4
  pc=0 op=33 PUSH_INT_LOCAL operand=0 str=(null)
  pc=1 op=33 PUSH_INT_LOCAL operand=1 str=(null)
  pc=2 op=40 GOSUB_WITH_PARAMS operand=904 str=(null)
  pc=3 op=21 RETURN operand=0 str=(null)
CS2VM2: call depth 128 exhausted calling script 904 from script 904 (raise CS2VM_MAX_FRAMES)
Task_CS2Run: script 904 failed at opcode 40 pc 2 (invoked as script 903 for component 0xa10000)
  script 904: int_args=2 str_args=0 int_locals=2 str_locals=0 ops=4
  pc=0 op=33 PUSH_INT_LOCAL operand=0 str=(null)
  pc=1 op=33 PUSH_INT_LOCAL operand=1 str=(null)
  pc=2 op=40 GOSUB_WITH_PARAMS operand=904 str=(null)
  pc=3 op=21 RETURN operand=0 str=(null)
CS2VM2: call depth 128 exhausted calling script 904 from script 904 (raise CS2VM_MAX_FRAMES)
Task_CS2Run: script 904 failed at opcode 40 pc 2 (invoked as script 903 for component 0xa10000)
  script 904: int_args=2 str_args=0 int_locals=2 str_locals=0 ops=4
  pc=0 op=33 PUSH_INT_LOCAL operand=0 str=(null)
  pc=1 op=33 PUSH_INT_LOCAL operand=1 str=(null)
  pc=2 op=40 GOSUB_WITH_PARAMS operand=904 str=(null)
  pc=3 op=21 RETURN operand=0 str=(null)
CS2VM2: call depth 128 exhausted calling script 904 from script 904 (raise CS2VM_MAX_FRAMES)
Task_CS2Run: script 904 failed at opcode 40 pc 2 (invoked as script 903 for component 0xa10000)
  script 904: int_args=2 str_args=0 int_locals=2 str_locals=0 ops=4
  pc=0 op=33 PUSH_INT_LOCAL operand=0 str=(null)
  pc=1 op=33 PUSH_INT_LOCAL operand=1 str=(null)
  pc=2 op=40 GOSUB_WITH_PARAMS operand=904 str=(null)
  pc=3 op=21 RETURN operand=0 str=(null)
sim_hotkey: 'f1' -> osrs_key=1 at frame 24500
torirs_iface_stats: tick=7250 groups=33
  group=161 opens=1 closes=0 bakes=1 reuse=0 live=106 hidden=14 hooks=22 hook_bytes=224400
  group=162 opens=1 closes=0 bakes=1 reuse=0 live=3222 hidden=2413 hooks=18 hook_bytes=183600
  group=651 opens=1 closes=0 bakes=1 reuse=0 live=7 hidden=0 hooks=0 hook_bytes=0
  group=708 opens=1 closes=0 bakes=1 reuse=0 live=13 hidden=1 hooks=4 hook_bytes=40800
  group=163 opens=1 closes=0 bakes=0 reuse=1 live=26 hidden=25 hooks=0 hook_bytes=0
  group=303 opens=1 closes=0 bakes=1 reuse=0 live=21 hidden=5 hooks=2 hook_bytes=20400
  group=90 opens=1 closes=0 bakes=1 reuse=0 live=60 hidden=13 hooks=13 hook_bytes=132600
  group=160 opens=1 closes=0 bakes=1 reuse=0 live=58 hidden=12 hooks=11 hook_bytes=112200
  group=122 opens=1 closes=0 bakes=1 reuse=0 live=33 hidden=15 hooks=9 hook_bytes=91800
  group=728 opens=1 closes=0 bakes=0 reuse=1 live=50 hidden=2 hooks=4 hook_bytes=40800
  group=896 opens=1 closes=0 bakes=0 reuse=1 live=903 hidden=902 hooks=0 hook_bytes=0
  group=593 opens=1 closes=0 bakes=1 reuse=0 live=117 hidden=7 hooks=6 hook_bytes=61200
  group=320 opens=1 closes=0 bakes=1 reuse=0 live=202 hidden=24 hooks=49 hook_bytes=499800
  group=629 opens=1 closes=0 bakes=1 reuse=0 live=46 hidden=5 hooks=3 hook_bytes=30600
  group=712 opens=1 closes=0 bakes=1 reuse=0 live=113 hidden=0 hooks=5 hook_bytes=51000
  group=149 opens=1 closes=0 bakes=0 reuse=1 live=29 hidden=0 hooks=28 hook_bytes=285600
  group=387 opens=1 closes=0 bakes=1 reuse=0 live=96 hidden=12 hooks=13 hook_bytes=132600
  group=541 opens=1 closes=0 bakes=1 reuse=0 live=124 hidden=33 hooks=30 hook_bytes=306000
  group=218 opens=1 closes=0 bakes=1 reuse=0 live=232 hidden=132 hooks=195 hook_bytes=1989000
  group=707 opens=1 closes=0 bakes=1 reuse=0 live=39 hidden=0 hooks=5 hook_bytes=51000
  group=109 opens=1 closes=0 bakes=1 reuse=0 live=96 hidden=13 hooks=10 hook_bytes=102000
  group=429 opens=1 closes=0 bakes=1 reuse=0 live=35 hidden=0 hooks=8 hook_bytes=81600
  group=182 opens=1 closes=0 bakes=1 reuse=0 live=94 hidden=3 hooks=10 hook_bytes=102000
  group=116 opens=1 closes=0 bakes=1 reuse=0 live=222 hidden=12 hooks=65 hook_bytes=663000
  group=216 opens=1 closes=0 bakes=1 reuse=0 live=124 hidden=0 hooks=61 hook_bytes=622200
  group=239 opens=1 closes=0 bakes=1 reuse=0 live=934 hidden=597 hooks=267 hook_bytes=2723400
  group=12 opens=25 closes=25 bakes=1 reuse=24 live=1781 hidden=73 hooks=1505 hook_bytes=15351000
  group=15 opens=25 closes=25 bakes=1 reuse=24 live=650 hidden=49 hooks=366 hook_bytes=3733200
  group=84 opens=24 closes=24 bakes=1 reuse=23 live=123 hidden=14 hooks=25 hook_bytes=255000
  group=729 opens=24 closes=24 bakes=0 reuse=24 live=36 hidden=1 hooks=6 hook_bytes=61200
  group=650 opens=24 closes=24 bakes=1 reuse=23 live=110 hidden=3 hooks=15 hook_bytes=153000
  group=894 opens=24 closes=23 bakes=1 reuse=23 live=413 hidden=4 hooks=117 hook_bytes=1193400
  group=32766 opens=0 closes=0 bakes=0 reuse=0 live=4 hidden=0 hooks=0 hook_bytes=0
torirs_stats: tick=7250 components=10119 live=10119 hidden=4384 freed=0 free_head=-1 inv_hooks=19 var_hooks=163 timers=28 timers_hidden=7 iface_parents=26
Failed to load dat2 idk 307
Dat2SpriteLoadByName: archive 'mapfunction' not found in sprites table
Dat2SpriteLoadByName: archive 'hitmark' not found in sprites table
CS2VM2: call depth 128 exhausted calling script 904 from script 904 (raise CS2VM_MAX_FRAMES)
Task_CS2Run: script 904 failed at opcode 40 pc 2 (invoked as script 903 for component 0xa10000)
  script 904: int_args=2 str_args=0 int_locals=2 str_locals=0 ops=4
  pc=0 op=33 PUSH_INT_LOCAL operand=0 str=(null)
  pc=1 op=33 PUSH_INT_LOCAL operand=1 str=(null)
  pc=2 op=40 GOSUB_WITH_PARAMS operand=904 str=(null)
  pc=3 op=21 RETURN operand=0 str=(null)
torirs_perf: window=48 frame_p95=5.49ms
sim_hotkey: 'f2' -> osrs_key=2 at frame 24520
sim_hotkey: 'f3' -> osrs_key=3 at frame 24540
sim_hotkey: 'f4' -> osrs_key=4 at frame 24560
sim_hotkey: 'f5' -> osrs_key=5 at frame 24580
sim_hotkey: 'f6' -> osrs_key=6 at frame 24600
sim_hotkey: 'f7' -> osrs_key=7 at frame 24620
sim_hotkey: 'f8' -> osrs_key=8 at frame 24640
sim_hotkey: 'f9' -> osrs_key=9 at frame 24660
Dat2SpriteLoadByName: archive 'mapfunction' not found in sprites table
Dat2SpriteLoadByName: archive 'hitmark' not found in sprites table
CS2VM2: call depth 128 exhausted calling script 904 from script 904 (raise CS2VM_MAX_FRAMES)
Task_CS2Run: script 904 failed at opcode 40 pc 2 (invoked as script 903 for component 0xa10000)
  script 904: int_args=2 str_args=0 int_locals=2 str_locals=0 ops=4
  pc=0 op=33 PUSH_INT_LOCAL operand=0 str=(null)
  pc=1 op=33 PUSH_INT_LOCAL operand=1 str=(null)
  pc=2 op=40 GOSUB_WITH_PARAMS operand=904 str=(null)
  pc=3 op=21 RETURN operand=0 str=(null)
sim_hotkey: 'f10' -> osrs_key=10 at frame 24680
sim_hotkey: 'f11' -> osrs_key=11 at frame 24700
sim_hotkey: 'f12' -> osrs_key=12 at frame 24720
sim_hotkey: 'escape' -> osrs_key=13 at frame 24740
sim_hotkey: 'escape' -> osrs_key=13 at frame 24760
CS2VM2: call depth 128 exhausted calling script 904 from script 904 (raise CS2VM_MAX_FRAMES)
Task_CS2Run: script 904 failed at opcode 40 pc 2 (invoked as script 903 for component 0xa10000)
  script 904: int_args=2 str_args=0 int_locals=2 str_locals=0 ops=4
  pc=0 op=33 PUSH_INT_LOCAL operand=0 str=(null)
  pc=1 op=33 PUSH_INT_LOCAL operand=1 str=(null)
  pc=2 op=40 GOSUB_WITH_PARAMS operand=904 str=(null)
  pc=3 op=21 RETURN operand=0 str=(null)
CS2VM2: call depth 128 exhausted calling script 904 from script 904 (raise CS2VM_MAX_FRAMES)
Task_CS2Run: script 904 failed at opcode 40 pc 2 (invoked as script 903 for component 0xa10000)
  script 904: int_args=2 str_args=0 int_locals=2 str_locals=0 ops=4
  pc=0 op=33 PUSH_INT_LOCAL operand=0 str=(null)
  pc=1 op=33 PUSH_INT_LOCAL operand=1 str=(null)
  pc=2 op=40 GOSUB_WITH_PARAMS operand=904 str=(null)
  pc=3 op=21 RETURN operand=0 str=(null)
sim_hotkey: 'f1' -> osrs_key=1 at frame 24780
sim_hotkey: 'f2' -> osrs_key=2 at frame 24800
sim_hotkey: 'f3' -> osrs_key=3 at frame 24820
sim_hotkey: 'f4' -> osrs_key=4 at frame 24840
Dat2SpriteLoadByName: archive 'mapfunction' not found in sprites table
Dat2SpriteLoadByName: archive 'hitmark' not found in sprites table
Task_CS2Run: script 7188 failed at opcode 34 pc 14 (invoked as script 7128 for component 0x28a0000)
  script 7188: int_args=0 str_args=0 int_locals=1 str_locals=1 ops=31
  pc=0 op=0 PUSH_CONSTANT_INT operand=-1 str=(null)
  pc=1 op=34 POP_INT_LOCAL operand=0 str=(null)
  pc=2 op=3 PUSH_CONSTANT_STRING operand=0 str=
  pc=3 op=36 POP_STRING_LOCAL operand=0 str=(null)
  pc=4 op=25 PUSH_VARBIT operand=14881 str=(null)
  pc=5 op=60 SWITCH operand=0 str=(null)
  pc=6 op=3 PUSH_CONSTANT_STRING operand=0 str=graphic_4911
  pc=7 op=3 PUSH_CONSTANT_STRING operand=0 str=Grand Exchange value
  pc=8 op=36 POP_STRING_LOCAL operand=0 str=(null)
  pc=9 op=34 POP_INT_LOCAL operand=0 str=(null)
  pc=10 op=6 BRANCH operand=10 str=(null)
  pc=11 op=3 PUSH_CONSTANT_STRING operand=0 str=graphic_4912
  pc=12 op=3 PUSH_CONSTANT_STRING operand=0 str=High Alchemy value
  pc=13 op=36 POP_STRING_LOCAL operand=0 str=(null)
  pc=14 op=34 POP_INT_LOCAL operand=0 str=(null)
  pc=15 op=6 BRANCH operand=5 str=(null)
  pc=16 op=3 PUSH_CONSTANT_STRING operand=0 str=graphic_4911
CS2VM2: call depth 128 exhausted calling script 904 from script 904 (raise CS2VM_MAX_FRAMES)
Task_CS2Run: script 904 failed at opcode 40 pc 2 (invoked as script 903 for component 0xa10000)
  script 904: int_args=2 str_args=0 int_locals=2 str_locals=0 ops=4
  pc=0 op=33 PUSH_INT_LOCAL operand=0 str=(null)
  pc=1 op=33 PUSH_INT_LOCAL operand=1 str=(null)
  pc=2 op=40 GOSUB_WITH_PARAMS operand=904 str=(null)
  pc=3 op=21 RETURN operand=0 str=(null)
sim_hotkey: 'f5' -> osrs_key=5 at frame 24860
sim_hotkey: 'f6' -> osrs_key=6 at frame 24880
sim_hotkey: 'f7' -> osrs_key=7 at frame 24900
sim_hotkey: 'f8' -> osrs_key=8 at frame 24920
sim_hotkey: 'f9' -> osrs_key=9 at frame 24940
sim_hotkey: 'f10' -> osrs_key=10 at frame 24960
sim_hotkey: 'f11' -> osrs_key=11 at frame 24980
sim_hotkey: 'f12' -> osrs_key=12 at frame 25000
torirs_perf: window=49 frame_p95=5.23ms
sim_hotkey: 'escape' -> osrs_key=13 at frame 25020
Dat2SpriteLoadByName: archive 'mapfunction' not found in sprites table
Dat2SpriteLoadByName: archive 'hitmark' not found in sprites table
CS2VM2: call depth 128 exhausted calling script 904 from script 904 (raise CS2VM_MAX_FRAMES)
Task_CS2Run: script 904 failed at opcode 40 pc 2 (invoked as script 903 for component 0xa10000)
  script 904: int_args=2 str_args=0 int_locals=2 str_locals=0 ops=4
  pc=0 op=33 PUSH_INT_LOCAL operand=0 str=(null)
  pc=1 op=33 PUSH_INT_LOCAL operand=1 str=(null)
  pc=2 op=40 GOSUB_WITH_PARAMS operand=904 str=(null)
  pc=3 op=21 RETURN operand=0 str=(null)
sim_hotkey: 'escape' -> osrs_key=13 at frame 25040
sim_hotkey: 'f1' -> osrs_key=1 at frame 25060
sim_hotkey: 'f2' -> osrs_key=2 at frame 25080
sim_hotkey: 'f3' -> osrs_key=3 at frame 25100
sim_hotkey: 'f4' -> osrs_key=4 at frame 25120
sim_hotkey: 'f5' -> osrs_key=5 at frame 25140
sim_hotkey: 'f6' -> osrs_key=6 at frame 25160
sim_hotkey: 'f7' -> osrs_key=7 at frame 25180
sim_hotkey: 'f8' -> osrs_key=8 at frame 25200
sim_hotkey: 'f9' -> osrs_key=9 at frame 25220
sim_hotkey: 'f10' -> osrs_key=10 at frame 25240
sim_hotkey: 'f11' -> osrs_key=11 at frame 25260
sim_hotkey: 'f12' -> osrs_key=12 at frame 25280
sim_hotkey: 'escape' -> osrs_key=13 at frame 25300
sim_hotkey: 'escape' -> osrs_key=13 at frame 25320
sim_hotkey: 'f1' -> osrs_key=1 at frame 25340
sim_hotkey: 'f2' -> osrs_key=2 at frame 25360
sim_hotkey: 'f3' -> osrs_key=3 at frame 25380
torirs_iface_stats: tick=7500 groups=33
  group=161 opens=1 closes=0 bakes=1 reuse=0 live=106 hidden=14 hooks=22 hook_bytes=224400
  group=162 opens=1 closes=0 bakes=1 reuse=0 live=3222 hidden=2413 hooks=18 hook_bytes=183600
  group=651 opens=1 closes=0 bakes=1 reuse=0 live=7 hidden=0 hooks=0 hook_bytes=0
  group=708 opens=1 closes=0 bakes=1 reuse=0 live=13 hidden=1 hooks=4 hook_bytes=40800
  group=163 opens=1 closes=0 bakes=0 reuse=1 live=26 hidden=25 hooks=0 hook_bytes=0
  group=303 opens=1 closes=0 bakes=1 reuse=0 live=21 hidden=5 hooks=2 hook_bytes=20400
  group=90 opens=1 closes=0 bakes=1 reuse=0 live=60 hidden=13 hooks=13 hook_bytes=132600
  group=160 opens=1 closes=0 bakes=1 reuse=0 live=58 hidden=12 hooks=11 hook_bytes=112200
  group=122 opens=1 closes=0 bakes=1 reuse=0 live=33 hidden=15 hooks=9 hook_bytes=91800
  group=728 opens=1 closes=0 bakes=0 reuse=1 live=50 hidden=2 hooks=4 hook_bytes=40800
  group=896 opens=1 closes=0 bakes=0 reuse=1 live=903 hidden=902 hooks=0 hook_bytes=0
  group=593 opens=1 closes=0 bakes=1 reuse=0 live=117 hidden=7 hooks=6 hook_bytes=61200
  group=320 opens=1 closes=0 bakes=1 reuse=0 live=202 hidden=24 hooks=49 hook_bytes=499800
  group=629 opens=1 closes=0 bakes=1 reuse=0 live=46 hidden=5 hooks=3 hook_bytes=30600
  group=712 opens=1 closes=0 bakes=1 reuse=0 live=113 hidden=0 hooks=5 hook_bytes=51000
  group=149 opens=1 closes=0 bakes=0 reuse=1 live=29 hidden=0 hooks=28 hook_bytes=285600
  group=387 opens=1 closes=0 bakes=1 reuse=0 live=96 hidden=12 hooks=13 hook_bytes=132600
  group=541 opens=1 closes=0 bakes=1 reuse=0 live=124 hidden=33 hooks=30 hook_bytes=306000
  group=218 opens=1 closes=0 bakes=1 reuse=0 live=232 hidden=132 hooks=195 hook_bytes=1989000
  group=707 opens=1 closes=0 bakes=1 reuse=0 live=39 hidden=0 hooks=5 hook_bytes=51000
  group=109 opens=1 closes=0 bakes=1 reuse=0 live=96 hidden=13 hooks=10 hook_bytes=102000
  group=429 opens=1 closes=0 bakes=1 reuse=0 live=35 hidden=0 hooks=8 hook_bytes=81600
  group=182 opens=1 closes=0 bakes=1 reuse=0 live=94 hidden=3 hooks=10 hook_bytes=102000
  group=116 opens=1 closes=0 bakes=1 reuse=0 live=222 hidden=12 hooks=65 hook_bytes=663000
  group=216 opens=1 closes=0 bakes=1 reuse=0 live=124 hidden=0 hooks=61 hook_bytes=622200
  group=239 opens=1 closes=0 bakes=1 reuse=0 live=934 hidden=597 hooks=267 hook_bytes=2723400
  group=12 opens=25 closes=25 bakes=1 reuse=24 live=1781 hidden=73 hooks=1505 hook_bytes=15351000
  group=15 opens=25 closes=25 bakes=1 reuse=24 live=650 hidden=49 hooks=366 hook_bytes=3733200
  group=84 opens=25 closes=25 bakes=1 reuse=24 live=123 hidden=14 hooks=25 hook_bytes=255000
  group=729 opens=25 closes=25 bakes=0 reuse=25 live=36 hidden=1 hooks=6 hook_bytes=61200
  group=650 opens=25 closes=25 bakes=1 reuse=24 live=110 hidden=3 hooks=15 hook_bytes=153000
  group=894 opens=25 closes=24 bakes=1 reuse=24 live=413 hidden=4 hooks=117 hook_bytes=1193400
  group=32766 opens=0 closes=0 bakes=0 reuse=0 live=4 hidden=0 hooks=0 hook_bytes=0
torirs_stats: tick=7500 components=10119 live=10119 hidden=4384 freed=0 free_head=-1 inv_hooks=19 var_hooks=163 timers=28 timers_hidden=7 iface_parents=26
Failed to load dat2 idk 307
Dat2SpriteLoadByName: archive 'mapfunction' not found in sprites table
Dat2SpriteLoadByName: archive 'hitmark' not found in sprites table
CS2VM2: call depth 128 exhausted calling script 904 from script 904 (raise CS2VM_MAX_FRAMES)
Task_CS2Run: script 904 failed at opcode 40 pc 2 (invoked as script 903 for component 0xa10000)
  script 904: int_args=2 str_args=0 int_locals=2 str_locals=0 ops=4
  pc=0 op=33 PUSH_INT_LOCAL operand=0 str=(null)
  pc=1 op=33 PUSH_INT_LOCAL operand=1 str=(null)
  pc=2 op=40 GOSUB_WITH_PARAMS operand=904 str=(null)
  pc=3 op=21 RETURN operand=0 str=(null)
Dat2SpriteLoadByName: archive 'mapfunction' not found in sprites table
Dat2SpriteLoadByName: archive 'hitmark' not found in sprites table
CS2VM2: call depth 128 exhausted calling script 904 from script 904 (raise CS2VM_MAX_FRAMES)
Task_CS2Run: script 904 failed at opcode 40 pc 2 (invoked as script 903 for component 0xa10000)
  script 904: int_args=2 str_args=0 int_locals=2 str_locals=0 ops=4
  pc=0 op=33 PUSH_INT_LOCAL operand=0 str=(null)
  pc=1 op=33 PUSH_INT_LOCAL operand=1 str=(null)
  pc=2 op=40 GOSUB_WITH_PARAMS operand=904 str=(null)
  pc=3 op=21 RETURN operand=0 str=(null)
sim_hotkey: 'f4' -> osrs_key=4 at frame 25400
sim_hotkey: 'f5' -> osrs_key=5 at frame 25420
sim_hotkey: 'f6' -> osrs_key=6 at frame 25440
sim_hotkey: 'f7' -> osrs_key=7 at frame 25460
sim_hotkey: 'f8' -> osrs_key=8 at frame 25480
sim_hotkey: 'f9' -> osrs_key=9 at frame 25500
torirs_perf: window=50 frame_p95=5.43ms
sim_hotkey: 'f10' -> osrs_key=10 at frame 25520
Failed to load dat2 idk 307
Dat2SpriteLoadByName: archive 'mapfunction' not found in sprites table
Dat2SpriteLoadByName: archive 'hitmark' not found in sprites table
CS2VM2: call depth 128 exhausted calling script 904 from script 904 (raise CS2VM_MAX_FRAMES)
Task_CS2Run: script 904 failed at opcode 40 pc 2 (invoked as script 903 for component 0xa10000)
  script 904: int_args=2 str_args=0 int_locals=2 str_locals=0 ops=4
  pc=0 op=33 PUSH_INT_LOCAL operand=0 str=(null)
  pc=1 op=33 PUSH_INT_LOCAL operand=1 str=(null)
  pc=2 op=40 GOSUB_WITH_PARAMS operand=904 str=(null)
  pc=3 op=21 RETURN operand=0 str=(null)
sim_hotkey: 'f11' -> osrs_key=11 at frame 25540
sim_hotkey: 'f12' -> osrs_key=12 at frame 25560
sim_hotkey: 'escape' -> osrs_key=13 at frame 25580
sim_hotkey: 'escape' -> osrs_key=13 at frame 25600
CS2VM2: call depth 128 exhausted calling script 904 from script 904 (raise CS2VM_MAX_FRAMES)
Task_CS2Run: script 904 failed at opcode 40 pc 2 (invoked as script 903 for component 0xa10000)
  script 904: int_args=2 str_args=0 int_locals=2 str_locals=0 ops=4
  pc=0 op=33 PUSH_INT_LOCAL operand=0 str=(null)
  pc=1 op=33 PUSH_INT_LOCAL operand=1 str=(null)
  pc=2 op=40 GOSUB_WITH_PARAMS operand=904 str=(null)
  pc=3 op=21 RETURN operand=0 str=(null)
CS2VM2: call depth 128 exhausted calling script 904 from script 904 (raise CS2VM_MAX_FRAMES)
Task_CS2Run: script 904 failed at opcode 40 pc 2 (invoked as script 903 for component 0xa10000)
  script 904: int_args=2 str_args=0 int_locals=2 str_locals=0 ops=4
  pc=0 op=33 PUSH_INT_LOCAL operand=0 str=(null)
  pc=1 op=33 PUSH_INT_LOCAL operand=1 str=(null)
  pc=2 op=40 GOSUB_WITH_PARAMS operand=904 str=(null)
  pc=3 op=21 RETURN operand=0 str=(null)
CS2VM2: call depth 128 exhausted calling script 904 from script 904 (raise CS2VM_MAX_FRAMES)
Task_CS2Run: script 904 failed at opcode 40 pc 2 (invoked as script 903 for component 0xa10000)
  script 904: int_args=2 str_args=0 int_locals=2 str_locals=0 ops=4
  pc=0 op=33 PUSH_INT_LOCAL operand=0 str=(null)
  pc=1 op=33 PUSH_INT_LOCAL operand=1 str=(null)
  pc=2 op=40 GOSUB_WITH_PARAMS operand=904 str=(null)
  pc=3 op=21 RETURN operand=0 str=(null)
CS2VM2: call depth 128 exhausted calling script 904 from script 904 (raise CS2VM_MAX_FRAMES)
Task_CS2Run: script 904 failed at opcode 40 pc 2 (invoked as script 903 for component 0xa10000)
  script 904: int_args=2 str_args=0 int_locals=2 str_locals=0 ops=4
  pc=0 op=33 PUSH_INT_LOCAL operand=0 str=(null)
  pc=1 op=33 PUSH_INT_LOCAL operand=1 str=(null)
  pc=2 op=40 GOSUB_WITH_PARAMS operand=904 str=(null)
  pc=3 op=21 RETURN operand=0 str=(null)
sim_hotkey: 'f1' -> osrs_key=1 at frame 25620
sim_hotkey: 'f2' -> osrs_key=2 at frame 25640
sim_hotkey: 'f3' -> osrs_key=3 at frame 25660
sim_hotkey: 'f4' -> osrs_key=4 at frame 25680
Dat2SpriteLoadByName: archive 'mapfunction' not found in sprites table
Dat2SpriteLoadByName: archive 'hitmark' not found in sprites table
CS2VM2: call depth 128 exhausted calling script 904 from script 904 (raise CS2VM_MAX_FRAMES)
Task_CS2Run: script 904 failed at opcode 40 pc 2 (invoked as script 903 for component 0xa10000)
  script 904: int_args=2 str_args=0 int_locals=2 str_locals=0 ops=4
  pc=0 op=33 PUSH_INT_LOCAL operand=0 str=(null)
  pc=1 op=33 PUSH_INT_LOCAL operand=1 str=(null)
  pc=2 op=40 GOSUB_WITH_PARAMS operand=904 str=(null)
  pc=3 op=21 RETURN operand=0 str=(null)
sim_hotkey: 'f5' -> osrs_key=5 at frame 25700
sim_hotkey: 'f6' -> osrs_key=6 at frame 25720
sim_hotkey: 'f7' -> osrs_key=7 at frame 25740
sim_hotkey: 'f8' -> osrs_key=8 at frame 25760
sim_hotkey: 'f9' -> osrs_key=9 at frame 25780
sim_hotkey: 'f10' -> osrs_key=10 at frame 25800
sim_hotkey: 'f11' -> osrs_key=11 at frame 25820
sim_hotkey: 'f12' -> osrs_key=12 at frame 25840
sim_hotkey: 'escape' -> osrs_key=13 at frame 25860
sim_hotkey: 'escape' -> osrs_key=13 at frame 25880
Dat2SpriteLoadByName: archive 'mapfunction' not found in sprites table
Dat2SpriteLoadByName: archive 'hitmark' not found in sprites table
Task_CS2Run: script 7188 failed at opcode 34 pc 14 (invoked as script 7128 for component 0x28a0000)
  script 7188: int_args=0 str_args=0 int_locals=1 str_locals=1 ops=31
  pc=0 op=0 PUSH_CONSTANT_INT operand=-1 str=(null)
  pc=1 op=34 POP_INT_LOCAL operand=0 str=(null)
  pc=2 op=3 PUSH_CONSTANT_STRING operand=0 str=
  pc=3 op=36 POP_STRING_LOCAL operand=0 str=(null)
  pc=4 op=25 PUSH_VARBIT operand=14881 str=(null)
  pc=5 op=60 SWITCH operand=0 str=(null)
  pc=6 op=3 PUSH_CONSTANT_STRING operand=0 str=graphic_4911
  pc=7 op=3 PUSH_CONSTANT_STRING operand=0 str=Grand Exchange value
  pc=8 op=36 POP_STRING_LOCAL operand=0 str=(null)
  pc=9 op=34 POP_INT_LOCAL operand=0 str=(null)
  pc=10 op=6 BRANCH operand=10 str=(null)
  pc=11 op=3 PUSH_CONSTANT_STRING operand=0 str=graphic_4912
  pc=12 op=3 PUSH_CONSTANT_STRING operand=0 str=High Alchemy value
  pc=13 op=36 POP_STRING_LOCAL operand=0 str=(null)
  pc=14 op=34 POP_INT_LOCAL operand=0 str=(null)
  pc=15 op=6 BRANCH operand=5 str=(null)
  pc=16 op=3 PUSH_CONSTANT_STRING operand=0 str=graphic_4911
CS2VM2: call depth 128 exhausted calling script 904 from script 904 (raise CS2VM_MAX_FRAMES)
Task_CS2Run: script 904 failed at opcode 40 pc 2 (invoked as script 903 for component 0xa10000)
  script 904: int_args=2 str_args=0 int_locals=2 str_locals=0 ops=4
  pc=0 op=33 PUSH_INT_LOCAL operand=0 str=(null)
  pc=1 op=33 PUSH_INT_LOCAL operand=1 str=(null)
  pc=2 op=40 GOSUB_WITH_PARAMS operand=904 str=(null)
  pc=3 op=21 RETURN operand=0 str=(null)
sim_hotkey: 'f1' -> osrs_key=1 at frame 25900
sim_hotkey: 'f2' -> osrs_key=2 at frame 25920
sim_hotkey: 'f3' -> osrs_key=3 at frame 25940
sim_hotkey: 'f4' -> osrs_key=4 at frame 25960
sim_hotkey: 'f5' -> osrs_key=5 at frame 25980
sim_hotkey: 'f6' -> osrs_key=6 at frame 26000
torirs_perf: window=51 frame_p95=5.02ms
sim_hotkey: 'f7' -> osrs_key=7 at frame 26020
sim_hotkey: 'f8' -> osrs_key=8 at frame 26040
sim_hotkey: 'f9' -> osrs_key=9 at frame 26060
Dat2SpriteLoadByName: archive 'mapfunction' not found in sprites table
Dat2SpriteLoadByName: archive 'hitmark' not found in sprites table
CS2VM2: call depth 128 exhausted calling script 904 from script 904 (raise CS2VM_MAX_FRAMES)
Task_CS2Run: script 904 failed at opcode 40 pc 2 (invoked as script 903 for component 0xa10000)
  script 904: int_args=2 str_args=0 int_locals=2 str_locals=0 ops=4
  pc=0 op=33 PUSH_INT_LOCAL operand=0 str=(null)
  pc=1 op=33 PUSH_INT_LOCAL operand=1 str=(null)
  pc=2 op=40 GOSUB_WITH_PARAMS operand=904 str=(null)
  pc=3 op=21 RETURN operand=0 str=(null)
sim_hotkey: 'f10' -> osrs_key=10 at frame 26080
sim_hotkey: 'f11' -> osrs_key=11 at frame 26100
sim_hotkey: 'f12' -> osrs_key=12 at frame 26120
sim_hotkey: 'escape' -> osrs_key=13 at frame 26140
sim_hotkey: 'escape' -> osrs_key=13 at frame 26160
sim_hotkey: 'f1' -> osrs_key=1 at frame 26180
sim_hotkey: 'f2' -> osrs_key=2 at frame 26200
sim_hotkey: 'f3' -> osrs_key=3 at frame 26220
torirs_iface_stats: tick=7750 groups=33
  group=161 opens=1 closes=0 bakes=1 reuse=0 live=106 hidden=14 hooks=22 hook_bytes=224400
  group=162 opens=1 closes=0 bakes=1 reuse=0 live=3222 hidden=2413 hooks=18 hook_bytes=183600
  group=651 opens=1 closes=0 bakes=1 reuse=0 live=7 hidden=0 hooks=0 hook_bytes=0
  group=708 opens=1 closes=0 bakes=1 reuse=0 live=13 hidden=1 hooks=4 hook_bytes=40800
  group=163 opens=1 closes=0 bakes=0 reuse=1 live=26 hidden=25 hooks=0 hook_bytes=0
  group=303 opens=1 closes=0 bakes=1 reuse=0 live=21 hidden=5 hooks=2 hook_bytes=20400
  group=90 opens=1 closes=0 bakes=1 reuse=0 live=60 hidden=13 hooks=13 hook_bytes=132600
  group=160 opens=1 closes=0 bakes=1 reuse=0 live=58 hidden=12 hooks=11 hook_bytes=112200
  group=122 opens=1 closes=0 bakes=1 reuse=0 live=33 hidden=15 hooks=9 hook_bytes=91800
  group=728 opens=1 closes=0 bakes=0 reuse=1 live=50 hidden=2 hooks=4 hook_bytes=40800
  group=896 opens=1 closes=0 bakes=0 reuse=1 live=903 hidden=902 hooks=0 hook_bytes=0
  group=593 opens=1 closes=0 bakes=1 reuse=0 live=117 hidden=7 hooks=6 hook_bytes=61200
  group=320 opens=1 closes=0 bakes=1 reuse=0 live=202 hidden=24 hooks=49 hook_bytes=499800
  group=629 opens=1 closes=0 bakes=1 reuse=0 live=46 hidden=5 hooks=3 hook_bytes=30600
  group=712 opens=1 closes=0 bakes=1 reuse=0 live=113 hidden=0 hooks=5 hook_bytes=51000
  group=149 opens=1 closes=0 bakes=0 reuse=1 live=29 hidden=0 hooks=28 hook_bytes=285600
  group=387 opens=1 closes=0 bakes=1 reuse=0 live=96 hidden=12 hooks=13 hook_bytes=132600
  group=541 opens=1 closes=0 bakes=1 reuse=0 live=124 hidden=33 hooks=30 hook_bytes=306000
  group=218 opens=1 closes=0 bakes=1 reuse=0 live=232 hidden=132 hooks=195 hook_bytes=1989000
  group=707 opens=1 closes=0 bakes=1 reuse=0 live=39 hidden=0 hooks=5 hook_bytes=51000
  group=109 opens=1 closes=0 bakes=1 reuse=0 live=96 hidden=13 hooks=10 hook_bytes=102000
  group=429 opens=1 closes=0 bakes=1 reuse=0 live=35 hidden=0 hooks=8 hook_bytes=81600
  group=182 opens=1 closes=0 bakes=1 reuse=0 live=94 hidden=3 hooks=10 hook_bytes=102000
  group=116 opens=1 closes=0 bakes=1 reuse=0 live=222 hidden=12 hooks=65 hook_bytes=663000
  group=216 opens=1 closes=0 bakes=1 reuse=0 live=124 hidden=0 hooks=61 hook_bytes=622200
  group=239 opens=1 closes=0 bakes=1 reuse=0 live=934 hidden=597 hooks=267 hook_bytes=2723400
  group=12 opens=26 closes=26 bakes=1 reuse=25 live=1781 hidden=73 hooks=1505 hook_bytes=15351000
  group=15 opens=26 closes=26 bakes=1 reuse=25 live=650 hidden=49 hooks=366 hook_bytes=3733200
  group=84 opens=26 closes=26 bakes=1 reuse=25 live=123 hidden=14 hooks=25 hook_bytes=255000
  group=729 opens=26 closes=26 bakes=0 reuse=26 live=36 hidden=1 hooks=6 hook_bytes=61200
  group=650 opens=26 closes=26 bakes=1 reuse=25 live=110 hidden=3 hooks=15 hook_bytes=153000
  group=894 opens=26 closes=25 bakes=1 reuse=25 live=413 hidden=4 hooks=117 hook_bytes=1193400
  group=32766 opens=0 closes=0 bakes=0 reuse=0 live=4 hidden=0 hooks=0 hook_bytes=0
torirs_stats: tick=7750 components=10119 live=10119 hidden=4384 freed=0 free_head=-1 inv_hooks=19 var_hooks=163 timers=28 timers_hidden=7 iface_parents=26
sim_hotkey: 'f4' -> osrs_key=4 at frame 26240
sim_hotkey: 'f5' -> osrs_key=5 at frame 26260
sim_hotkey: 'f6' -> osrs_key=6 at frame 26280
sim_hotkey: 'f7' -> osrs_key=7 at frame 26300
sim_hotkey: 'f8' -> osrs_key=8 at frame 26320
sim_hotkey: 'f9' -> osrs_key=9 at frame 26340
sim_hotkey: 'f10' -> osrs_key=10 at frame 26360
sim_hotkey: 'f11' -> osrs_key=11 at frame 26380
sim_hotkey: 'f12' -> osrs_key=12 at frame 26400
Failed to load dat2 idk 307
Dat2SpriteLoadByName: archive 'mapfunction' not found in sprites table
Dat2SpriteLoadByName: archive 'hitmark' not found in sprites table
CS2VM2: call depth 128 exhausted calling script 904 from script 904 (raise CS2VM_MAX_FRAMES)
Task_CS2Run: script 904 failed at opcode 40 pc 2 (invoked as script 903 for component 0xa10000)
  script 904: int_args=2 str_args=0 int_locals=2 str_locals=0 ops=4
  pc=0 op=33 PUSH_INT_LOCAL operand=0 str=(null)
  pc=1 op=33 PUSH_INT_LOCAL operand=1 str=(null)
  pc=2 op=40 GOSUB_WITH_PARAMS operand=904 str=(null)
  pc=3 op=21 RETURN operand=0 str=(null)
Dat2SpriteLoadByName: archive 'mapfunction' not found in sprites table
Dat2SpriteLoadByName: archive 'hitmark' not found in sprites table
CS2VM2: call depth 128 exhausted calling script 904 from script 904 (raise CS2VM_MAX_FRAMES)
Task_CS2Run: script 904 failed at opcode 40 pc 2 (invoked as script 903 for component 0xa10000)
  script 904: int_args=2 str_args=0 int_locals=2 str_locals=0 ops=4
  pc=0 op=33 PUSH_INT_LOCAL operand=0 str=(null)
  pc=1 op=33 PUSH_INT_LOCAL operand=1 str=(null)
  pc=2 op=40 GOSUB_WITH_PARAMS operand=904 str=(null)
  pc=3 op=21 RETURN operand=0 str=(null)
sim_hotkey: 'escape' -> osrs_key=13 at frame 26420
sim_hotkey: 'escape' -> osrs_key=13 at frame 26440
CS2VM2: call depth 128 exhausted calling script 904 from script 904 (raise CS2VM_MAX_FRAMES)
Task_CS2Run: script 904 failed at opcode 40 pc 2 (invoked as script 903 for component 0xa10000)
  script 904: int_args=2 str_args=0 int_locals=2 str_locals=0 ops=4
  pc=0 op=33 PUSH_INT_LOCAL operand=0 str=(null)
  pc=1 op=33 PUSH_INT_LOCAL operand=1 str=(null)
  pc=2 op=40 GOSUB_WITH_PARAMS operand=904 str=(null)
  pc=3 op=21 RETURN operand=0 str=(null)
CS2VM2: call depth 128 exhausted calling script 904 from script 904 (raise CS2VM_MAX_FRAMES)
Task_CS2Run: script 904 failed at opcode 40 pc 2 (invoked as script 903 for component 0xa10000)
  script 904: int_args=2 str_args=0 int_locals=2 str_locals=0 ops=4
  pc=0 op=33 PUSH_INT_LOCAL operand=0 str=(null)
  pc=1 op=33 PUSH_INT_LOCAL operand=1 str=(null)
  pc=2 op=40 GOSUB_WITH_PARAMS operand=904 str=(null)
  pc=3 op=21 RETURN operand=0 str=(null)
CS2VM2: call depth 128 exhausted calling script 904 from script 904 (raise CS2VM_MAX_FRAMES)
Task_CS2Run: script 904 failed at opcode 40 pc 2 (invoked as script 903 for component 0xa10000)
  script 904: int_args=2 str_args=0 int_locals=2 str_locals=0 ops=4
  pc=0 op=33 PUSH_INT_LOCAL operand=0 str=(null)
  pc=1 op=33 PUSH_INT_LOCAL operand=1 str=(null)
  pc=2 op=40 GOSUB_WITH_PARAMS operand=904 str=(null)
  pc=3 op=21 RETURN operand=0 str=(null)
CS2VM2: call depth 128 exhausted calling script 904 from script 904 (raise CS2VM_MAX_FRAMES)
Task_CS2Run: script 904 failed at opcode 40 pc 2 (invoked as script 903 for component 0xa10000)
  script 904: int_args=2 str_args=0 int_locals=2 str_locals=0 ops=4
  pc=0 op=33 PUSH_INT_LOCAL operand=0 str=(null)
  pc=1 op=33 PUSH_INT_LOCAL operand=1 str=(null)
  pc=2 op=40 GOSUB_WITH_PARAMS operand=904 str=(null)
  pc=3 op=21 RETURN operand=0 str=(null)
sim_hotkey: 'f1' -> osrs_key=1 at frame 26460
sim_hotkey: 'f2' -> osrs_key=2 at frame 26480
sim_hotkey: 'f3' -> osrs_key=3 at frame 26500
torirs_perf: window=52 frame_p95=5.26ms
sim_hotkey: 'f4' -> osrs_key=4 at frame 26520
sim_hotkey: 'f5' -> osrs_key=5 at frame 26540
sim_hotkey: 'f6' -> osrs_key=6 at frame 26560
Failed to load dat2 idk 307
Dat2SpriteLoadByName: archive 'mapfunction' not found in sprites table
Dat2SpriteLoadByName: archive 'hitmark' not found in sprites table
CS2VM2: call depth 128 exhausted calling script 904 from script 904 (raise CS2VM_MAX_FRAMES)
Task_CS2Run: script 904 failed at opcode 40 pc 2 (invoked as script 903 for component 0xa10000)
  script 904: int_args=2 str_args=0 int_locals=2 str_locals=0 ops=4
  pc=0 op=33 PUSH_INT_LOCAL operand=0 str=(null)
  pc=1 op=33 PUSH_INT_LOCAL operand=1 str=(null)
  pc=2 op=40 GOSUB_WITH_PARAMS operand=904 str=(null)
  pc=3 op=21 RETURN operand=0 str=(null)
sim_hotkey: 'f7' -> osrs_key=7 at frame 26580
sim_hotkey: 'f8' -> osrs_key=8 at frame 26600
sim_hotkey: 'f9' -> osrs_key=9 at frame 26620
sim_hotkey: 'f10' -> osrs_key=10 at frame 26640
sim_hotkey: 'f11' -> osrs_key=11 at frame 26660
sim_hotkey: 'f12' -> osrs_key=12 at frame 26680
sim_hotkey: 'escape' -> osrs_key=13 at frame 26700
sim_hotkey: 'escape' -> osrs_key=13 at frame 26720
CS2VM2: call depth 128 exhausted calling script 904 from script 904 (raise CS2VM_MAX_FRAMES)
Task_CS2Run: script 904 failed at opcode 40 pc 2 (invoked as script 903 for component 0xa10000)
  script 904: int_args=2 str_args=0 int_locals=2 str_locals=0 ops=4
  pc=0 op=33 PUSH_INT_LOCAL operand=0 str=(null)
  pc=1 op=33 PUSH_INT_LOCAL operand=1 str=(null)
  pc=2 op=40 GOSUB_WITH_PARAMS operand=904 str=(null)
  pc=3 op=21 RETURN operand=0 str=(null)
CS2VM2: call depth 128 exhausted calling script 904 from script 904 (raise CS2VM_MAX_FRAMES)
Task_CS2Run: script 904 failed at opcode 40 pc 2 (invoked as script 903 for component 0xa10000)
  script 904: int_args=2 str_args=0 int_locals=2 str_locals=0 ops=4
  pc=0 op=33 PUSH_INT_LOCAL operand=0 str=(null)
  pc=1 op=33 PUSH_INT_LOCAL operand=1 str=(null)
  pc=2 op=40 GOSUB_WITH_PARAMS operand=904 str=(null)
  pc=3 op=21 RETURN operand=0 str=(null)
Dat2SpriteLoadByName: archive 'mapfunction' not found in sprites table
Dat2SpriteLoadByName: archive 'hitmark' not found in sprites table
CS2VM2: call depth 128 exhausted calling script 904 from script 904 (raise CS2VM_MAX_FRAMES)
Task_CS2Run: script 904 failed at opcode 40 pc 2 (invoked as script 903 for component 0xa10000)
  script 904: int_args=2 str_args=0 int_locals=2 str_locals=0 ops=4
  pc=0 op=33 PUSH_INT_LOCAL operand=0 str=(null)
  pc=1 op=33 PUSH_INT_LOCAL operand=1 str=(null)
  pc=2 op=40 GOSUB_WITH_PARAMS operand=904 str=(null)
  pc=3 op=21 RETURN operand=0 str=(null)
sim_hotkey: 'f1' -> osrs_key=1 at frame 26740
sim_hotkey: 'f2' -> osrs_key=2 at frame 26760
sim_hotkey: 'f3' -> osrs_key=3 at frame 26780
sim_hotkey: 'f4' -> osrs_key=4 at frame 26800
sim_hotkey: 'f5' -> osrs_key=5 at frame 26820
sim_hotkey: 'f6' -> osrs_key=6 at frame 26840
sim_hotkey: 'f7' -> osrs_key=7 at frame 26860
sim_hotkey: 'f8' -> osrs_key=8 at frame 26880
sim_hotkey: 'f9' -> osrs_key=9 at frame 26900
sim_hotkey: 'f10' -> osrs_key=10 at frame 26920
Dat2SpriteLoadByName: archive 'mapfunction' not found in sprites table
Dat2SpriteLoadByName: archive 'hitmark' not found in sprites table
Task_CS2Run: script 7188 failed at opcode 34 pc 14 (invoked as script 7128 for component 0x28a0000)
  script 7188: int_args=0 str_args=0 int_locals=1 str_locals=1 ops=31
  pc=0 op=0 PUSH_CONSTANT_INT operand=-1 str=(null)
  pc=1 op=34 POP_INT_LOCAL operand=0 str=(null)
  pc=2 op=3 PUSH_CONSTANT_STRING operand=0 str=
  pc=3 op=36 POP_STRING_LOCAL operand=0 str=(null)
  pc=4 op=25 PUSH_VARBIT operand=14881 str=(null)
  pc=5 op=60 SWITCH operand=0 str=(null)
  pc=6 op=3 PUSH_CONSTANT_STRING operand=0 str=graphic_4911
  pc=7 op=3 PUSH_CONSTANT_STRING operand=0 str=Grand Exchange value
  pc=8 op=36 POP_STRING_LOCAL operand=0 str=(null)
  pc=9 op=34 POP_INT_LOCAL operand=0 str=(null)
  pc=10 op=6 BRANCH operand=10 str=(null)
  pc=11 op=3 PUSH_CONSTANT_STRING operand=0 str=graphic_4912
  pc=12 op=3 PUSH_CONSTANT_STRING operand=0 str=High Alchemy value
  pc=13 op=36 POP_STRING_LOCAL operand=0 str=(null)
  pc=14 op=34 POP_INT_LOCAL operand=0 str=(null)
  pc=15 op=6 BRANCH operand=5 str=(null)
  pc=16 op=3 PUSH_CONSTANT_STRING operand=0 str=graphic_4911
CS2VM2: call depth 128 exhausted calling script 904 from script 904 (raise CS2VM_MAX_FRAMES)
Task_CS2Run: script 904 failed at opcode 40 pc 2 (invoked as script 903 for component 0xa10000)
  script 904: int_args=2 str_args=0 int_locals=2 str_locals=0 ops=4
  pc=0 op=33 PUSH_INT_LOCAL operand=0 str=(null)
  pc=1 op=33 PUSH_INT_LOCAL operand=1 str=(null)
  pc=2 op=40 GOSUB_WITH_PARAMS operand=904 str=(null)
  pc=3 op=21 RETURN operand=0 str=(null)
sim_hotkey: 'f11' -> osrs_key=11 at frame 26940
sim_hotkey: 'f12' -> osrs_key=12 at frame 26960
sim_hotkey: 'escape' -> osrs_key=13 at frame 26980
sim_hotkey: 'escape' -> osrs_key=13 at frame 27000
torirs_perf: window=53 frame_p95=5.33ms
sim_hotkey: 'f1' -> osrs_key=1 at frame 27020
sim_hotkey: 'f2' -> osrs_key=2 at frame 27040
sim_hotkey: 'f3' -> osrs_key=3 at frame 27060
sim_hotkey: 'f4' -> osrs_key=4 at frame 27080
sim_hotkey: 'f5' -> osrs_key=5 at frame 27100
torirs_iface_stats: tick=8000 groups=33
  group=161 opens=1 closes=0 bakes=1 reuse=0 live=106 hidden=14 hooks=22 hook_bytes=224400
  group=162 opens=1 closes=0 bakes=1 reuse=0 live=3222 hidden=2413 hooks=18 hook_bytes=183600
  group=651 opens=1 closes=0 bakes=1 reuse=0 live=7 hidden=0 hooks=0 hook_bytes=0
  group=708 opens=1 closes=0 bakes=1 reuse=0 live=13 hidden=1 hooks=4 hook_bytes=40800
  group=163 opens=1 closes=0 bakes=0 reuse=1 live=26 hidden=25 hooks=0 hook_bytes=0
  group=303 opens=1 closes=0 bakes=1 reuse=0 live=21 hidden=5 hooks=2 hook_bytes=20400
  group=90 opens=1 closes=0 bakes=1 reuse=0 live=60 hidden=13 hooks=13 hook_bytes=132600
  group=160 opens=1 closes=0 bakes=1 reuse=0 live=58 hidden=12 hooks=11 hook_bytes=112200
  group=122 opens=1 closes=0 bakes=1 reuse=0 live=33 hidden=15 hooks=9 hook_bytes=91800
  group=728 opens=1 closes=0 bakes=0 reuse=1 live=50 hidden=2 hooks=4 hook_bytes=40800
  group=896 opens=1 closes=0 bakes=0 reuse=1 live=903 hidden=902 hooks=0 hook_bytes=0
  group=593 opens=1 closes=0 bakes=1 reuse=0 live=117 hidden=7 hooks=6 hook_bytes=61200
  group=320 opens=1 closes=0 bakes=1 reuse=0 live=202 hidden=24 hooks=49 hook_bytes=499800
  group=629 opens=1 closes=0 bakes=1 reuse=0 live=46 hidden=5 hooks=3 hook_bytes=30600
  group=712 opens=1 closes=0 bakes=1 reuse=0 live=113 hidden=0 hooks=5 hook_bytes=51000
  group=149 opens=1 closes=0 bakes=0 reuse=1 live=29 hidden=0 hooks=28 hook_bytes=285600
  group=387 opens=1 closes=0 bakes=1 reuse=0 live=96 hidden=12 hooks=13 hook_bytes=132600
  group=541 opens=1 closes=0 bakes=1 reuse=0 live=124 hidden=33 hooks=30 hook_bytes=306000
  group=218 opens=1 closes=0 bakes=1 reuse=0 live=232 hidden=132 hooks=195 hook_bytes=1989000
  group=707 opens=1 closes=0 bakes=1 reuse=0 live=39 hidden=0 hooks=5 hook_bytes=51000
  group=109 opens=1 closes=0 bakes=1 reuse=0 live=96 hidden=13 hooks=10 hook_bytes=102000
  group=429 opens=1 closes=0 bakes=1 reuse=0 live=35 hidden=0 hooks=8 hook_bytes=81600
  group=182 opens=1 closes=0 bakes=1 reuse=0 live=94 hidden=3 hooks=10 hook_bytes=102000
  group=116 opens=1 closes=0 bakes=1 reuse=0 live=222 hidden=12 hooks=65 hook_bytes=663000
  group=216 opens=1 closes=0 bakes=1 reuse=0 live=124 hidden=0 hooks=61 hook_bytes=622200
  group=239 opens=1 closes=0 bakes=1 reuse=0 live=934 hidden=597 hooks=267 hook_bytes=2723400
  group=12 opens=27 closes=27 bakes=1 reuse=26 live=1781 hidden=73 hooks=1505 hook_bytes=15351000
  group=15 opens=27 closes=27 bakes=1 reuse=26 live=650 hidden=49 hooks=366 hook_bytes=3733200
  group=84 opens=27 closes=27 bakes=1 reuse=26 live=123 hidden=14 hooks=25 hook_bytes=255000
  group=729 opens=27 closes=27 bakes=0 reuse=27 live=36 hidden=1 hooks=6 hook_bytes=61200
  group=650 opens=27 closes=26 bakes=1 reuse=26 live=110 hidden=2 hooks=15 hook_bytes=153000
  group=894 opens=26 closes=26 bakes=1 reuse=25 live=413 hidden=5 hooks=117 hook_bytes=1193400
  group=32766 opens=0 closes=0 bakes=0 reuse=0 live=4 hidden=0 hooks=0 hook_bytes=0
torirs_stats: tick=8000 components=10119 live=10119 hidden=4384 freed=0 free_head=-1 inv_hooks=19 var_hooks=164 timers=28 timers_hidden=7 iface_parents=26
Dat2SpriteLoadByName: archive 'mapfunction' not found in sprites table
Dat2SpriteLoadByName: archive 'hitmark' not found in sprites table
CS2VM2: call depth 128 exhausted calling script 904 from script 904 (raise CS2VM_MAX_FRAMES)
Task_CS2Run: script 904 failed at opcode 40 pc 2 (invoked as script 903 for component 0xa10000)
  script 904: int_args=2 str_args=0 int_locals=2 str_locals=0 ops=4
  pc=0 op=33 PUSH_INT_LOCAL operand=0 str=(null)
  pc=1 op=33 PUSH_INT_LOCAL operand=1 str=(null)
  pc=2 op=40 GOSUB_WITH_PARAMS operand=904 str=(null)
  pc=3 op=21 RETURN operand=0 str=(null)
sim_hotkey: 'f6' -> osrs_key=6 at frame 27120
sim_hotkey: 'f7' -> osrs_key=7 at frame 27140
sim_hotkey: 'f8' -> osrs_key=8 at frame 27160
sim_hotkey: 'f9' -> osrs_key=9 at frame 27180
sim_hotkey: 'f10' -> osrs_key=10 at frame 27200
sim_hotkey: 'f11' -> osrs_key=11 at frame 27220
sim_hotkey: 'f12' -> osrs_key=12 at frame 27240
sim_hotkey: 'escape' -> osrs_key=13 at frame 27260
sim_hotkey: 'escape' -> osrs_key=13 at frame 27280
sim_hotkey: 'f1' -> osrs_key=1 at frame 27300
sim_hotkey: 'f2' -> osrs_key=2 at frame 27320
sim_hotkey: 'f3' -> osrs_key=3 at frame 27340
sim_hotkey: 'f4' -> osrs_key=4 at frame 27360
sim_hotkey: 'f5' -> osrs_key=5 at frame 27380
sim_hotkey: 'f6' -> osrs_key=6 at frame 27400
sim_hotkey: 'f7' -> osrs_key=7 at frame 27420
sim_hotkey: 'f8' -> osrs_key=8 at frame 27440
Failed to load dat2 idk 307
Dat2SpriteLoadByName: archive 'mapfunction' not found in sprites table
Dat2SpriteLoadByName: archive 'hitmark' not found in sprites table
CS2VM2: call depth 128 exhausted calling script 904 from script 904 (raise CS2VM_MAX_FRAMES)
Task_CS2Run: script 904 failed at opcode 40 pc 2 (invoked as script 903 for component 0xa10000)
  script 904: int_args=2 str_args=0 int_locals=2 str_locals=0 ops=4
  pc=0 op=33 PUSH_INT_LOCAL operand=0 str=(null)
  pc=1 op=33 PUSH_INT_LOCAL operand=1 str=(null)
  pc=2 op=40 GOSUB_WITH_PARAMS operand=904 str=(null)
  pc=3 op=21 RETURN operand=0 str=(null)
Dat2SpriteLoadByName: archive 'mapfunction' not found in sprites table
Dat2SpriteLoadByName: archive 'hitmark' not found in sprites table
CS2VM2: call depth 128 exhausted calling script 904 from script 904 (raise CS2VM_MAX_FRAMES)
Task_CS2Run: script 904 failed at opcode 40 pc 2 (invoked as script 903 for component 0xa10000)
  script 904: int_args=2 str_args=0 int_locals=2 str_locals=0 ops=4
  pc=0 op=33 PUSH_INT_LOCAL operand=0 str=(null)
  pc=1 op=33 PUSH_INT_LOCAL operand=1 str=(null)
  pc=2 op=40 GOSUB_WITH_PARAMS operand=904 str=(null)
  pc=3 op=21 RETURN operand=0 str=(null)
sim_hotkey: 'f9' -> osrs_key=9 at frame 27460
spawn_npc: npc=3111 element=59772 tile=90,84 level=0 size=1 recolors=3 retextures=0
sim_hotkey: 'f10' -> osrs_key=10 at frame 27480
sim_hotkey: 'f11' -> osrs_key=11 at frame 27500
torirs_perf: window=54 frame_p95=5.29ms
sim_hotkey: 'f12' -> osrs_key=12 at frame 27520
sim_hotkey: 'escape' -> osrs_key=13 at frame 27540
sim_hotkey: 'escape' -> osrs_key=13 at frame 27560
CS2VM2: call depth 128 exhausted calling script 904 from script 904 (raise CS2VM_MAX_FRAMES)
Task_CS2Run: script 904 failed at opcode 40 pc 2 (invoked as script 903 for component 0xa10000)
  script 904: int_args=2 str_args=0 int_locals=2 str_locals=0 ops=4
  pc=0 op=33 PUSH_INT_LOCAL operand=0 str=(null)
  pc=1 op=33 PUSH_INT_LOCAL operand=1 str=(null)
  pc=2 op=40 GOSUB_WITH_PARAMS operand=904 str=(null)
  pc=3 op=21 RETURN operand=0 str=(null)
CS2VM2: call depth 128 exhausted calling script 904 from script 904 (raise CS2VM_MAX_FRAMES)
Task_CS2Run: script 904 failed at opcode 40 pc 2 (invoked as script 903 for component 0xa10000)
  script 904: int_args=2 str_args=0 int_locals=2 str_locals=0 ops=4
  pc=0 op=33 PUSH_INT_LOCAL operand=0 str=(null)
  pc=1 op=33 PUSH_INT_LOCAL operand=1 str=(null)
  pc=2 op=40 GOSUB_WITH_PARAMS operand=904 str=(null)
  pc=3 op=21 RETURN operand=0 str=(null)
CS2VM2: call depth 128 exhausted calling script 904 from script 904 (raise CS2VM_MAX_FRAMES)
Task_CS2Run: script 904 failed at opcode 40 pc 2 (invoked as script 903 for component 0xa10000)
  script 904: int_args=2 str_args=0 int_locals=2 str_locals=0 ops=4
  pc=0 op=33 PUSH_INT_LOCAL operand=0 str=(null)
  pc=1 op=33 PUSH_INT_LOCAL operand=1 str=(null)
  pc=2 op=40 GOSUB_WITH_PARAMS operand=904 str=(null)
  pc=3 op=21 RETURN operand=0 str=(null)
CS2VM2: call depth 128 exhausted calling script 904 from script 904 (raise CS2VM_MAX_FRAMES)
Task_CS2Run: script 904 failed at opcode 40 pc 2 (invoked as script 903 for component 0xa10000)
  script 904: int_args=2 str_args=0 int_locals=2 str_locals=0 ops=4
  pc=0 op=33 PUSH_INT_LOCAL operand=0 str=(null)
  pc=1 op=33 PUSH_INT_LOCAL operand=1 str=(null)
  pc=2 op=40 GOSUB_WITH_PARAMS operand=904 str=(null)
  pc=3 op=21 RETURN operand=0 str=(null)
sim_hotkey: 'f1' -> osrs_key=1 at frame 27580
sim_hotkey: 'f2' -> osrs_key=2 at frame 27600
Failed to load dat2 idk 307
Dat2SpriteLoadByName: archive 'mapfunction' not found in sprites table
Dat2SpriteLoadByName: archive 'hitmark' not found in sprites table
CS2VM2: call depth 128 exhausted calling script 904 from script 904 (raise CS2VM_MAX_FRAMES)
Task_CS2Run: script 904 failed at opcode 40 pc 2 (invoked as script 903 for component 0xa10000)
  script 904: int_args=2 str_args=0 int_locals=2 str_locals=0 ops=4
  pc=0 op=33 PUSH_INT_LOCAL operand=0 str=(null)
  pc=1 op=33 PUSH_INT_LOCAL operand=1 str=(null)
  pc=2 op=40 GOSUB_WITH_PARAMS operand=904 str=(null)
  pc=3 op=21 RETURN operand=0 str=(null)
sim_hotkey: 'f3' -> osrs_key=3 at frame 27620
sim_hotkey: 'f4' -> osrs_key=4 at frame 27640
sim_hotkey: 'f5' -> osrs_key=5 at frame 27660
sim_hotkey: 'f6' -> osrs_key=6 at frame 27680
sim_hotkey: 'f7' -> osrs_key=7 at frame 27700
sim_hotkey: 'f8' -> osrs_key=8 at frame 27720
sim_hotkey: 'f9' -> osrs_key=9 at frame 27740
sim_hotkey: 'f10' -> osrs_key=10 at frame 27760
Dat2SpriteLoadByName: archive 'mapfunction' not found in sprites table
Dat2SpriteLoadByName: archive 'hitmark' not found in sprites table
CS2VM2: call depth 128 exhausted calling script 904 from script 904 (raise CS2VM_MAX_FRAMES)
Task_CS2Run: script 904 failed at opcode 40 pc 2 (invoked as script 903 for component 0xa10000)
  script 904: int_args=2 str_args=0 int_locals=2 str_locals=0 ops=4
  pc=0 op=33 PUSH_INT_LOCAL operand=0 str=(null)
  pc=1 op=33 PUSH_INT_LOCAL operand=1 str=(null)
  pc=2 op=40 GOSUB_WITH_PARAMS operand=904 str=(null)
  pc=3 op=21 RETURN operand=0 str=(null)
sim_hotkey: 'f11' -> osrs_key=11 at frame 27780
sim_hotkey: 'f12' -> osrs_key=12 at frame 27800
sim_hotkey: 'escape' -> osrs_key=13 at frame 27820
sim_hotkey: 'escape' -> osrs_key=13 at frame 27840
CS2VM2: call depth 128 exhausted calling script 904 from script 904 (raise CS2VM_MAX_FRAMES)
Task_CS2Run: script 904 failed at opcode 40 pc 2 (invoked as script 903 for component 0xa10000)
  script 904: int_args=2 str_args=0 int_locals=2 str_locals=0 ops=4
  pc=0 op=33 PUSH_INT_LOCAL operand=0 str=(null)
  pc=1 op=33 PUSH_INT_LOCAL operand=1 str=(null)
  pc=2 op=40 GOSUB_WITH_PARAMS operand=904 str=(null)
  pc=3 op=21 RETURN operand=0 str=(null)
CS2VM2: call depth 128 exhausted calling script 904 from script 904 (raise CS2VM_MAX_FRAMES)
Task_CS2Run: script 904 failed at opcode 40 pc 2 (invoked as script 903 for component 0xa10000)
  script 904: int_args=2 str_args=0 int_locals=2 str_locals=0 ops=4
  pc=0 op=33 PUSH_INT_LOCAL operand=0 str=(null)
  pc=1 op=33 PUSH_INT_LOCAL operand=1 str=(null)
  pc=2 op=40 GOSUB_WITH_PARAMS operand=904 str=(null)
  pc=3 op=21 RETURN operand=0 str=(null)
sim_hotkey: 'f1' -> osrs_key=1 at frame 27860
sim_hotkey: 'f2' -> osrs_key=2 at frame 27880
sim_hotkey: 'f3' -> osrs_key=3 at frame 27900
sim_hotkey: 'f4' -> osrs_key=4 at frame 27920
sim_hotkey: 'f5' -> osrs_key=5 at frame 27940
torirs_iface_stats: tick=8250 groups=33
  group=161 opens=1 closes=0 bakes=1 reuse=0 live=106 hidden=14 hooks=22 hook_bytes=224400
  group=162 opens=1 closes=0 bakes=1 reuse=0 live=3222 hidden=2413 hooks=18 hook_bytes=183600
  group=651 opens=1 closes=0 bakes=1 reuse=0 live=7 hidden=0 hooks=0 hook_bytes=0
  group=708 opens=1 closes=0 bakes=1 reuse=0 live=13 hidden=1 hooks=4 hook_bytes=40800
  group=163 opens=1 closes=0 bakes=0 reuse=1 live=26 hidden=25 hooks=0 hook_bytes=0
  group=303 opens=1 closes=0 bakes=1 reuse=0 live=21 hidden=5 hooks=2 hook_bytes=20400
  group=90 opens=1 closes=0 bakes=1 reuse=0 live=60 hidden=13 hooks=13 hook_bytes=132600
  group=160 opens=1 closes=0 bakes=1 reuse=0 live=58 hidden=12 hooks=11 hook_bytes=112200
  group=122 opens=1 closes=0 bakes=1 reuse=0 live=33 hidden=15 hooks=9 hook_bytes=91800
  group=728 opens=1 closes=0 bakes=0 reuse=1 live=50 hidden=2 hooks=4 hook_bytes=40800
  group=896 opens=1 closes=0 bakes=0 reuse=1 live=903 hidden=902 hooks=0 hook_bytes=0
  group=593 opens=1 closes=0 bakes=1 reuse=0 live=117 hidden=7 hooks=6 hook_bytes=61200
  group=320 opens=1 closes=0 bakes=1 reuse=0 live=202 hidden=24 hooks=49 hook_bytes=499800
  group=629 opens=1 closes=0 bakes=1 reuse=0 live=46 hidden=5 hooks=3 hook_bytes=30600
  group=712 opens=1 closes=0 bakes=1 reuse=0 live=113 hidden=0 hooks=5 hook_bytes=51000
  group=149 opens=1 closes=0 bakes=0 reuse=1 live=29 hidden=0 hooks=28 hook_bytes=285600
  group=387 opens=1 closes=0 bakes=1 reuse=0 live=96 hidden=12 hooks=13 hook_bytes=132600
  group=541 opens=1 closes=0 bakes=1 reuse=0 live=124 hidden=33 hooks=30 hook_bytes=306000
  group=218 opens=1 closes=0 bakes=1 reuse=0 live=232 hidden=132 hooks=195 hook_bytes=1989000
  group=707 opens=1 closes=0 bakes=1 reuse=0 live=39 hidden=0 hooks=5 hook_bytes=51000
  group=109 opens=1 closes=0 bakes=1 reuse=0 live=96 hidden=13 hooks=10 hook_bytes=102000
  group=429 opens=1 closes=0 bakes=1 reuse=0 live=35 hidden=0 hooks=8 hook_bytes=81600
  group=182 opens=1 closes=0 bakes=1 reuse=0 live=94 hidden=3 hooks=10 hook_bytes=102000
  group=116 opens=1 closes=0 bakes=1 reuse=0 live=222 hidden=12 hooks=65 hook_bytes=663000
  group=216 opens=1 closes=0 bakes=1 reuse=0 live=124 hidden=0 hooks=61 hook_bytes=622200
  group=239 opens=1 closes=0 bakes=1 reuse=0 live=934 hidden=597 hooks=267 hook_bytes=2723400
  group=12 opens=28 closes=28 bakes=1 reuse=27 live=1781 hidden=73 hooks=1505 hook_bytes=15351000
  group=15 opens=28 closes=28 bakes=1 reuse=27 live=650 hidden=49 hooks=366 hook_bytes=3733200
  group=84 opens=28 closes=28 bakes=1 reuse=27 live=123 hidden=14 hooks=25 hook_bytes=255000
  group=729 opens=28 closes=27 bakes=0 reuse=28 live=36 hidden=0 hooks=6 hook_bytes=61200
  group=650 opens=27 closes=27 bakes=1 reuse=26 live=110 hidden=3 hooks=15 hook_bytes=153000
  group=894 opens=27 closes=27 bakes=1 reuse=26 live=413 hidden=5 hooks=117 hook_bytes=1193400
  group=32766 opens=0 closes=0 bakes=0 reuse=0 live=4 hidden=0 hooks=0 hook_bytes=0
torirs_stats: tick=8250 components=10119 live=10119 hidden=4384 freed=0 free_head=-1 inv_hooks=19 var_hooks=163 timers=28 timers_hidden=7 iface_parents=26
Dat2SpriteLoadByName: archive 'mapfunction' not found in sprites table
Dat2SpriteLoadByName: archive 'hitmark' not found in sprites table
Task_CS2Run: script 7188 failed at opcode 34 pc 14 (invoked as script 7128 for component 0x28a0000)
  script 7188: int_args=0 str_args=0 int_locals=1 str_locals=1 ops=31
  pc=0 op=0 PUSH_CONSTANT_INT operand=-1 str=(null)
  pc=1 op=34 POP_INT_LOCAL operand=0 str=(null)
  pc=2 op=3 PUSH_CONSTANT_STRING operand=0 str=
  pc=3 op=36 POP_STRING_LOCAL operand=0 str=(null)
  pc=4 op=25 PUSH_VARBIT operand=14881 str=(null)
  pc=5 op=60 SWITCH operand=0 str=(null)
  pc=6 op=3 PUSH_CONSTANT_STRING operand=0 str=graphic_4911
  pc=7 op=3 PUSH_CONSTANT_STRING operand=0 str=Grand Exchange value
  pc=8 op=36 POP_STRING_LOCAL operand=0 str=(null)
  pc=9 op=34 POP_INT_LOCAL operand=0 str=(null)
  pc=10 op=6 BRANCH operand=10 str=(null)
  pc=11 op=3 PUSH_CONSTANT_STRING operand=0 str=graphic_4912
  pc=12 op=3 PUSH_CONSTANT_STRING operand=0 str=High Alchemy value
  pc=13 op=36 POP_STRING_LOCAL operand=0 str=(null)
  pc=14 op=34 POP_INT_LOCAL operand=0 str=(null)
  pc=15 op=6 BRANCH operand=5 str=(null)
  pc=16 op=3 PUSH_CONSTANT_STRING operand=0 str=graphic_4911
CS2VM2: call depth 128 exhausted calling script 904 from script 904 (raise CS2VM_MAX_FRAMES)
Task_CS2Run: script 904 failed at opcode 40 pc 2 (invoked as script 903 for component 0xa10000)
  script 904: int_args=2 str_args=0 int_locals=2 str_locals=0 ops=4
  pc=0 op=33 PUSH_INT_LOCAL operand=0 str=(null)
  pc=1 op=33 PUSH_INT_LOCAL operand=1 str=(null)
  pc=2 op=40 GOSUB_WITH_PARAMS operand=904 str=(null)
  pc=3 op=21 RETURN operand=0 str=(null)
sim_hotkey: 'f6' -> osrs_key=6 at frame 27960
sim_hotkey: 'f7' -> osrs_key=7 at frame 27980
sim_hotkey: 'f8' -> osrs_key=8 at frame 28000
torirs_perf: window=55 frame_p95=5.25ms
sim_hotkey: 'f9' -> osrs_key=9 at frame 28020
sim_hotkey: 'f10' -> osrs_key=10 at frame 28040
sim_hotkey: 'f11' -> osrs_key=11 at frame 28060
sim_hotkey: 'f12' -> osrs_key=12 at frame 28080
sim_hotkey: 'escape' -> osrs_key=13 at frame 28100
sim_hotkey: 'escape' -> osrs_key=13 at frame 28120
Dat2SpriteLoadByName: archive 'mapfunction' not found in sprites table
Dat2SpriteLoadByName: archive 'hitmark' not found in sprites table
CS2VM2: call depth 128 exhausted calling script 904 from script 904 (raise CS2VM_MAX_FRAMES)
Task_CS2Run: script 904 failed at opcode 40 pc 2 (invoked as script 903 for component 0xa10000)
  script 904: int_args=2 str_args=0 int_locals=2 str_locals=0 ops=4
  pc=0 op=33 PUSH_INT_LOCAL operand=0 str=(null)
  pc=1 op=33 PUSH_INT_LOCAL operand=1 str=(null)
  pc=2 op=40 GOSUB_WITH_PARAMS operand=904 str=(null)
  pc=3 op=21 RETURN operand=0 str=(null)
sim_hotkey: 'f1' -> osrs_key=1 at frame 28140
sim_hotkey: 'f2' -> osrs_key=2 at frame 28160
sim_hotkey: 'f3' -> osrs_key=3 at frame 28180
sim_hotkey: 'f4' -> osrs_key=4 at frame 28200
sim_hotkey: 'f5' -> osrs_key=5 at frame 28220
sim_hotkey: 'f6' -> osrs_key=6 at frame 28240
sim_hotkey: 'f7' -> osrs_key=7 at frame 28260
sim_hotkey: 'f8' -> osrs_key=8 at frame 28280
sim_hotkey: 'f9' -> osrs_key=9 at frame 28300
sim_hotkey: 'f10' -> osrs_key=10 at frame 28320
sim_hotkey: 'f11' -> osrs_key=11 at frame 28340
sim_hotkey: 'f12' -> osrs_key=12 at frame 28360
sim_hotkey: 'escape' -> osrs_key=13 at frame 28380
sim_hotkey: 'escape' -> osrs_key=13 at frame 28400
sim_hotkey: 'f1' -> osrs_key=1 at frame 28420
sim_hotkey: 'f2' -> osrs_key=2 at frame 28440
sim_hotkey: 'f3' -> osrs_key=3 at frame 28460
sim_hotkey: 'f4' -> osrs_key=4 at frame 28480
Failed to load dat2 idk 307
Dat2SpriteLoadByName: archive 'mapfunction' not found in sprites table
Dat2SpriteLoadByName: archive 'hitmark' not found in sprites table
CS2VM2: call depth 128 exhausted calling script 904 from script 904 (raise CS2VM_MAX_FRAMES)
Task_CS2Run: script 904 failed at opcode 40 pc 2 (invoked as script 903 for component 0xa10000)
  script 904: int_args=2 str_args=0 int_locals=2 str_locals=0 ops=4
  pc=0 op=33 PUSH_INT_LOCAL operand=0 str=(null)
  pc=1 op=33 PUSH_INT_LOCAL operand=1 str=(null)
  pc=2 op=40 GOSUB_WITH_PARAMS operand=904 str=(null)
  pc=3 op=21 RETURN operand=0 str=(null)
Dat2SpriteLoadByName: archive 'mapfunction' not found in sprites table
Dat2SpriteLoadByName: archive 'hitmark' not found in sprites table
CS2VM2: call depth 128 exhausted calling script 904 from script 904 (raise CS2VM_MAX_FRAMES)
Task_CS2Run: script 904 failed at opcode 40 pc 2 (invoked as script 903 for component 0xa10000)
  script 904: int_args=2 str_args=0 int_locals=2 str_locals=0 ops=4
  pc=0 op=33 PUSH_INT_LOCAL operand=0 str=(null)
  pc=1 op=33 PUSH_INT_LOCAL operand=1 str=(null)
  pc=2 op=40 GOSUB_WITH_PARAMS operand=904 str=(null)
  pc=3 op=21 RETURN operand=0 str=(null)
sim_hotkey: 'f5' -> osrs_key=5 at frame 28500
torirs_perf: window=56 frame_p95=5.04ms
sim_hotkey: 'f6' -> osrs_key=6 at frame 28520
sim_hotkey: 'f7' -> osrs_key=7 at frame 28540
sim_hotkey: 'f8' -> osrs_key=8 at frame 28560
sim_hotkey: 'f9' -> osrs_key=9 at frame 28580
sim_hotkey: 'f10' -> osrs_key=10 at frame 28600
sim_hotkey: 'f11' -> osrs_key=11 at frame 28620
Failed to load dat2 idk 307
Dat2SpriteLoadByName: archive 'mapfunction' not found in sprites table
Dat2SpriteLoadByName: archive 'hitmark' not found in sprites table
CS2VM2: call depth 128 exhausted calling script 904 from script 904 (raise CS2VM_MAX_FRAMES)
Task_CS2Run: script 904 failed at opcode 40 pc 2 (invoked as script 903 for component 0xa10000)
  script 904: int_args=2 str_args=0 int_locals=2 str_locals=0 ops=4
  pc=0 op=33 PUSH_INT_LOCAL operand=0 str=(null)
  pc=1 op=33 PUSH_INT_LOCAL operand=1 str=(null)
  pc=2 op=40 GOSUB_WITH_PARAMS operand=904 str=(null)
  pc=3 op=21 RETURN operand=0 str=(null)
sim_hotkey: 'f12' -> osrs_key=12 at frame 28640
sim_hotkey: 'escape' -> osrs_key=13 at frame 28660
sim_hotkey: 'escape' -> osrs_key=13 at frame 28680
CS2VM2: call depth 128 exhausted calling script 904 from script 904 (raise CS2VM_MAX_FRAMES)
Task_CS2Run: script 904 failed at opcode 40 pc 2 (invoked as script 903 for component 0xa10000)
  script 904: int_args=2 str_args=0 int_locals=2 str_locals=0 ops=4
  pc=0 op=33 PUSH_INT_LOCAL operand=0 str=(null)
  pc=1 op=33 PUSH_INT_LOCAL operand=1 str=(null)
  pc=2 op=40 GOSUB_WITH_PARAMS operand=904 str=(null)
  pc=3 op=21 RETURN operand=0 str=(null)
CS2VM2: call depth 128 exhausted calling script 904 from script 904 (raise CS2VM_MAX_FRAMES)
Task_CS2Run: script 904 failed at opcode 40 pc 2 (invoked as script 903 for component 0xa10000)
  script 904: int_args=2 str_args=0 int_locals=2 str_locals=0 ops=4
  pc=0 op=33 PUSH_INT_LOCAL operand=0 str=(null)
  pc=1 op=33 PUSH_INT_LOCAL operand=1 str=(null)
  pc=2 op=40 GOSUB_WITH_PARAMS operand=904 str=(null)
  pc=3 op=21 RETURN operand=0 str=(null)
CS2VM2: call depth 128 exhausted calling script 904 from script 904 (raise CS2VM_MAX_FRAMES)
Task_CS2Run: script 904 failed at opcode 40 pc 2 (invoked as script 903 for component 0xa10000)
  script 904: int_args=2 str_args=0 int_locals=2 str_locals=0 ops=4
  pc=0 op=33 PUSH_INT_LOCAL operand=0 str=(null)
  pc=1 op=33 PUSH_INT_LOCAL operand=1 str=(null)
  pc=2 op=40 GOSUB_WITH_PARAMS operand=904 str=(null)
  pc=3 op=21 RETURN operand=0 str=(null)
CS2VM2: call depth 128 exhausted calling script 904 from script 904 (raise CS2VM_MAX_FRAMES)
Task_CS2Run: script 904 failed at opcode 40 pc 2 (invoked as script 903 for component 0xa10000)
  script 904: int_args=2 str_args=0 int_locals=2 str_locals=0 ops=4
  pc=0 op=33 PUSH_INT_LOCAL operand=0 str=(null)
  pc=1 op=33 PUSH_INT_LOCAL operand=1 str=(null)
  pc=2 op=40 GOSUB_WITH_PARAMS operand=904 str=(null)
  pc=3 op=21 RETURN operand=0 str=(null)
sim_hotkey: 'f1' -> osrs_key=1 at frame 28700
sim_hotkey: 'f2' -> osrs_key=2 at frame 28720
sim_hotkey: 'f3' -> osrs_key=3 at frame 28740
sim_hotkey: 'f4' -> osrs_key=4 at frame 28760
sim_hotkey: 'f5' -> osrs_key=5 at frame 28780
torirs_iface_stats: tick=8500 groups=33
  group=161 opens=1 closes=0 bakes=1 reuse=0 live=106 hidden=14 hooks=22 hook_bytes=224400
  group=162 opens=1 closes=0 bakes=1 reuse=0 live=3222 hidden=2413 hooks=18 hook_bytes=183600
  group=651 opens=1 closes=0 bakes=1 reuse=0 live=7 hidden=0 hooks=0 hook_bytes=0
  group=708 opens=1 closes=0 bakes=1 reuse=0 live=13 hidden=1 hooks=4 hook_bytes=40800
  group=163 opens=1 closes=0 bakes=0 reuse=1 live=26 hidden=25 hooks=0 hook_bytes=0
  group=303 opens=1 closes=0 bakes=1 reuse=0 live=21 hidden=5 hooks=2 hook_bytes=20400
  group=90 opens=1 closes=0 bakes=1 reuse=0 live=60 hidden=13 hooks=13 hook_bytes=132600
  group=160 opens=1 closes=0 bakes=1 reuse=0 live=58 hidden=12 hooks=11 hook_bytes=112200
  group=122 opens=1 closes=0 bakes=1 reuse=0 live=33 hidden=15 hooks=9 hook_bytes=91800
  group=728 opens=1 closes=0 bakes=0 reuse=1 live=50 hidden=2 hooks=4 hook_bytes=40800
  group=896 opens=1 closes=0 bakes=0 reuse=1 live=903 hidden=902 hooks=0 hook_bytes=0
  group=593 opens=1 closes=0 bakes=1 reuse=0 live=117 hidden=7 hooks=6 hook_bytes=61200
  group=320 opens=1 closes=0 bakes=1 reuse=0 live=202 hidden=24 hooks=49 hook_bytes=499800
  group=629 opens=1 closes=0 bakes=1 reuse=0 live=46 hidden=5 hooks=3 hook_bytes=30600
  group=712 opens=1 closes=0 bakes=1 reuse=0 live=113 hidden=0 hooks=5 hook_bytes=51000
  group=149 opens=1 closes=0 bakes=0 reuse=1 live=29 hidden=0 hooks=28 hook_bytes=285600
  group=387 opens=1 closes=0 bakes=1 reuse=0 live=96 hidden=12 hooks=13 hook_bytes=132600
  group=541 opens=1 closes=0 bakes=1 reuse=0 live=124 hidden=33 hooks=30 hook_bytes=306000
  group=218 opens=1 closes=0 bakes=1 reuse=0 live=232 hidden=132 hooks=195 hook_bytes=1989000
  group=707 opens=1 closes=0 bakes=1 reuse=0 live=39 hidden=0 hooks=5 hook_bytes=51000
  group=109 opens=1 closes=0 bakes=1 reuse=0 live=96 hidden=13 hooks=10 hook_bytes=102000
  group=429 opens=1 closes=0 bakes=1 reuse=0 live=35 hidden=0 hooks=8 hook_bytes=81600
  group=182 opens=1 closes=0 bakes=1 reuse=0 live=94 hidden=3 hooks=10 hook_bytes=102000
  group=116 opens=1 closes=0 bakes=1 reuse=0 live=222 hidden=12 hooks=65 hook_bytes=663000
  group=216 opens=1 closes=0 bakes=1 reuse=0 live=124 hidden=0 hooks=61 hook_bytes=622200
  group=239 opens=1 closes=0 bakes=1 reuse=0 live=934 hidden=597 hooks=267 hook_bytes=2723400
  group=12 opens=29 closes=29 bakes=1 reuse=28 live=1781 hidden=73 hooks=1505 hook_bytes=15351000
  group=15 opens=29 closes=29 bakes=1 reuse=28 live=650 hidden=49 hooks=366 hook_bytes=3733200
  group=84 opens=29 closes=29 bakes=1 reuse=28 live=123 hidden=14 hooks=25 hook_bytes=255000
  group=729 opens=28 closes=28 bakes=0 reuse=28 live=36 hidden=1 hooks=6 hook_bytes=61200
  group=650 opens=28 closes=28 bakes=1 reuse=27 live=110 hidden=3 hooks=15 hook_bytes=153000
  group=894 opens=28 closes=27 bakes=1 reuse=27 live=413 hidden=4 hooks=117 hook_bytes=1193400
  group=32766 opens=0 closes=0 bakes=0 reuse=0 live=4 hidden=0 hooks=0 hook_bytes=0
torirs_stats: tick=8500 components=10119 live=10119 hidden=4384 freed=0 free_head=-1 inv_hooks=19 var_hooks=163 timers=28 timers_hidden=7 iface_parents=26
Dat2SpriteLoadByName: archive 'mapfunction' not found in sprites table
Dat2SpriteLoadByName: archive 'hitmark' not found in sprites table
CS2VM2: call depth 128 exhausted calling script 904 from script 904 (raise CS2VM_MAX_FRAMES)
Task_CS2Run: script 904 failed at opcode 40 pc 2 (invoked as script 903 for component 0xa10000)
  script 904: int_args=2 str_args=0 int_locals=2 str_locals=0 ops=4
  pc=0 op=33 PUSH_INT_LOCAL operand=0 str=(null)
  pc=1 op=33 PUSH_INT_LOCAL operand=1 str=(null)
  pc=2 op=40 GOSUB_WITH_PARAMS operand=904 str=(null)
  pc=3 op=21 RETURN operand=0 str=(null)
sim_hotkey: 'f6' -> osrs_key=6 at frame 28800
sim_hotkey: 'f7' -> osrs_key=7 at frame 28820
sim_hotkey: 'f8' -> osrs_key=8 at frame 28840
sim_hotkey: 'f9' -> osrs_key=9 at frame 28860
sim_hotkey: 'f10' -> osrs_key=10 at frame 28880
sim_hotkey: 'f11' -> osrs_key=11 at frame 28900
sim_hotkey: 'f12' -> osrs_key=12 at frame 28920
sim_hotkey: 'escape' -> osrs_key=13 at frame 28940
sim_hotkey: 'escape' -> osrs_key=13 at frame 28960
Dat2SpriteLoadByName: archive 'mapfunction' not found in sprites table
Dat2SpriteLoadByName: archive 'hitmark' not found in sprites table
Task_CS2Run: script 7188 failed at opcode 34 pc 14 (invoked as script 7128 for component 0x28a0000)
  script 7188: int_args=0 str_args=0 int_locals=1 str_locals=1 ops=31
  pc=0 op=0 PUSH_CONSTANT_INT operand=-1 str=(null)
  pc=1 op=34 POP_INT_LOCAL operand=0 str=(null)
  pc=2 op=3 PUSH_CONSTANT_STRING operand=0 str=
  pc=3 op=36 POP_STRING_LOCAL operand=0 str=(null)
  pc=4 op=25 PUSH_VARBIT operand=14881 str=(null)
  pc=5 op=60 SWITCH operand=0 str=(null)
  pc=6 op=3 PUSH_CONSTANT_STRING operand=0 str=graphic_4911
  pc=7 op=3 PUSH_CONSTANT_STRING operand=0 str=Grand Exchange value
  pc=8 op=36 POP_STRING_LOCAL operand=0 str=(null)
  pc=9 op=34 POP_INT_LOCAL operand=0 str=(null)
  pc=10 op=6 BRANCH operand=10 str=(null)
  pc=11 op=3 PUSH_CONSTANT_STRING operand=0 str=graphic_4912
  pc=12 op=3 PUSH_CONSTANT_STRING operand=0 str=High Alchemy value
  pc=13 op=36 POP_STRING_LOCAL operand=0 str=(null)
  pc=14 op=34 POP_INT_LOCAL operand=0 str=(null)
  pc=15 op=6 BRANCH operand=5 str=(null)
  pc=16 op=3 PUSH_CONSTANT_STRING operand=0 str=graphic_4911
CS2VM2: call depth 128 exhausted calling script 904 from script 904 (raise CS2VM_MAX_FRAMES)
Task_CS2Run: script 904 failed at opcode 40 pc 2 (invoked as script 903 for component 0xa10000)
  script 904: int_args=2 str_args=0 int_locals=2 str_locals=0 ops=4
  pc=0 op=33 PUSH_INT_LOCAL operand=0 str=(null)
  pc=1 op=33 PUSH_INT_LOCAL operand=1 str=(null)
  pc=2 op=40 GOSUB_WITH_PARAMS operand=904 str=(null)
  pc=3 op=21 RETURN operand=0 str=(null)
sim_hotkey: 'f1' -> osrs_key=1 at frame 28980
sim_hotkey: 'f2' -> osrs_key=2 at frame 29000
spawn_npc: npc=2854 element=59755 tile=90,84 level=0 size=1 recolors=1 retextures=0
torirs_perf: window=57 frame_p95=5.39ms
sim_hotkey: 'f3' -> osrs_key=3 at frame 29020
sim_hotkey: 'f4' -> osrs_key=4 at frame 29040
sim_hotkey: 'f5' -> osrs_key=5 at frame 29060
sim_hotkey: 'f6' -> osrs_key=6 at frame 29080
sim_hotkey: 'f7' -> osrs_key=7 at frame 29100
sim_hotkey: 'f8' -> osrs_key=8 at frame 29120
sim_hotkey: 'f9' -> osrs_key=9 at frame 29140
Dat2SpriteLoadByName: archive 'mapfunction' not found in sprites table
Dat2SpriteLoadByName: archive 'hitmark' not found in sprites table
CS2VM2: call depth 128 exhausted calling script 904 from script 904 (raise CS2VM_MAX_FRAMES)
Task_CS2Run: script 904 failed at opcode 40 pc 2 (invoked as script 903 for component 0xa10000)
  script 904: int_args=2 str_args=0 int_locals=2 str_locals=0 ops=4
  pc=0 op=33 PUSH_INT_LOCAL operand=0 str=(null)
  pc=1 op=33 PUSH_INT_LOCAL operand=1 str=(null)
  pc=2 op=40 GOSUB_WITH_PARAMS operand=904 str=(null)
  pc=3 op=21 RETURN operand=0 str=(null)
sim_hotkey: 'f10' -> osrs_key=10 at frame 29160
sim_hotkey: 'f11' -> osrs_key=11 at frame 29180
sim_hotkey: 'f12' -> osrs_key=12 at frame 29200
sim_hotkey: 'escape' -> osrs_key=13 at frame 29220
sim_hotkey: 'escape' -> osrs_key=13 at frame 29240
sim_hotkey: 'f1' -> osrs_key=1 at frame 29260
sim_hotkey: 'f2' -> osrs_key=2 at frame 29280
sim_hotkey: 'f3' -> osrs_key=3 at frame 29300
sim_hotkey: 'f4' -> osrs_key=4 at frame 29320
sim_hotkey: 'f5' -> osrs_key=5 at frame 29340
sim_hotkey: 'f6' -> osrs_key=6 at frame 29360
sim_hotkey: 'f7' -> osrs_key=7 at frame 29380
sim_hotkey: 'f8' -> osrs_key=8 at frame 29400
sim_hotkey: 'f9' -> osrs_key=9 at frame 29420
sim_hotkey: 'f10' -> osrs_key=10 at frame 29440
sim_hotkey: 'f11' -> osrs_key=11 at frame 29460
sim_hotkey: 'f12' -> osrs_key=12 at frame 29480
sim_hotkey: 'escape' -> osrs_key=13 at frame 29500
Failed to load dat2 idk 307
Dat2SpriteLoadByName: archive 'mapfunction' not found in sprites table
Dat2SpriteLoadByName: archive 'hitmark' not found in sprites table
CS2VM2: call depth 128 exhausted calling script 904 from script 904 (raise CS2VM_MAX_FRAMES)
Task_CS2Run: script 904 failed at opcode 40 pc 2 (invoked as script 903 for component 0xa10000)
  script 904: int_args=2 str_args=0 int_locals=2 str_locals=0 ops=4
  pc=0 op=33 PUSH_INT_LOCAL operand=0 str=(null)
  pc=1 op=33 PUSH_INT_LOCAL operand=1 str=(null)
  pc=2 op=40 GOSUB_WITH_PARAMS operand=904 str=(null)
  pc=3 op=21 RETURN operand=0 str=(null)
Dat2SpriteLoadByName: archive 'mapfunction' not found in sprites table
Dat2SpriteLoadByName: archive 'hitmark' not found in sprites table
CS2VM2: call depth 128 exhausted calling script 904 from script 904 (raise CS2VM_MAX_FRAMES)
Task_CS2Run: script 904 failed at opcode 40 pc 2 (invoked as script 903 for component 0xa10000)
  script 904: int_args=2 str_args=0 int_locals=2 str_locals=0 ops=4
  pc=0 op=33 PUSH_INT_LOCAL operand=0 str=(null)
  pc=1 op=33 PUSH_INT_LOCAL operand=1 str=(null)
  pc=2 op=40 GOSUB_WITH_PARAMS operand=904 str=(null)
  pc=3 op=21 RETURN operand=0 str=(null)
torirs_perf: window=58 frame_p95=4.73ms
sim_hotkey: 'escape' -> osrs_key=13 at frame 29520
CS2VM2: call depth 128 exhausted calling script 904 from script 904 (raise CS2VM_MAX_FRAMES)
Task_CS2Run: script 904 failed at opcode 40 pc 2 (invoked as script 903 for component 0xa10000)
  script 904: int_args=2 str_args=0 int_locals=2 str_locals=0 ops=4
  pc=0 op=33 PUSH_INT_LOCAL operand=0 str=(null)
  pc=1 op=33 PUSH_INT_LOCAL operand=1 str=(null)
  pc=2 op=40 GOSUB_WITH_PARAMS operand=904 str=(null)
  pc=3 op=21 RETURN operand=0 str=(null)
CS2VM2: call depth 128 exhausted calling script 904 from script 904 (raise CS2VM_MAX_FRAMES)
Task_CS2Run: script 904 failed at opcode 40 pc 2 (invoked as script 903 for component 0xa10000)
  script 904: int_args=2 str_args=0 int_locals=2 str_locals=0 ops=4
  pc=0 op=33 PUSH_INT_LOCAL operand=0 str=(null)
  pc=1 op=33 PUSH_INT_LOCAL operand=1 str=(null)
  pc=2 op=40 GOSUB_WITH_PARAMS operand=904 str=(null)
  pc=3 op=21 RETURN operand=0 str=(null)
CS2VM2: call depth 128 exhausted calling script 904 from script 904 (raise CS2VM_MAX_FRAMES)
Task_CS2Run: script 904 failed at opcode 40 pc 2 (invoked as script 903 for component 0xa10000)
  script 904: int_args=2 str_args=0 int_locals=2 str_locals=0 ops=4
  pc=0 op=33 PUSH_INT_LOCAL operand=0 str=(null)
  pc=1 op=33 PUSH_INT_LOCAL operand=1 str=(null)
  pc=2 op=40 GOSUB_WITH_PARAMS operand=904 str=(null)
  pc=3 op=21 RETURN operand=0 str=(null)
CS2VM2: call depth 128 exhausted calling script 904 from script 904 (raise CS2VM_MAX_FRAMES)
Task_CS2Run: script 904 failed at opcode 40 pc 2 (invoked as script 903 for component 0xa10000)
  script 904: int_args=2 str_args=0 int_locals=2 str_locals=0 ops=4
  pc=0 op=33 PUSH_INT_LOCAL operand=0 str=(null)
  pc=1 op=33 PUSH_INT_LOCAL operand=1 str=(null)
  pc=2 op=40 GOSUB_WITH_PARAMS operand=904 str=(null)
  pc=3 op=21 RETURN operand=0 str=(null)
sim_hotkey: 'f1' -> osrs_key=1 at frame 29540
sim_hotkey: 'f2' -> osrs_key=2 at frame 29560
sim_hotkey: 'f3' -> osrs_key=3 at frame 29580
sim_hotkey: 'f4' -> osrs_key=4 at frame 29600
sim_hotkey: 'f5' -> osrs_key=5 at frame 29620
sim_hotkey: 'f6' -> osrs_key=6 at frame 29640
sim_hotkey: 'f7' -> osrs_key=7 at frame 29660
torirs_iface_stats: tick=8750 groups=33
  group=161 opens=1 closes=0 bakes=1 reuse=0 live=106 hidden=14 hooks=22 hook_bytes=224400
  group=162 opens=1 closes=0 bakes=1 reuse=0 live=3222 hidden=2413 hooks=18 hook_bytes=183600
  group=651 opens=1 closes=0 bakes=1 reuse=0 live=7 hidden=0 hooks=0 hook_bytes=0
  group=708 opens=1 closes=0 bakes=1 reuse=0 live=13 hidden=1 hooks=4 hook_bytes=40800
  group=163 opens=1 closes=0 bakes=0 reuse=1 live=26 hidden=25 hooks=0 hook_bytes=0
  group=303 opens=1 closes=0 bakes=1 reuse=0 live=21 hidden=5 hooks=2 hook_bytes=20400
  group=90 opens=1 closes=0 bakes=1 reuse=0 live=60 hidden=13 hooks=13 hook_bytes=132600
  group=160 opens=1 closes=0 bakes=1 reuse=0 live=58 hidden=12 hooks=11 hook_bytes=112200
  group=122 opens=1 closes=0 bakes=1 reuse=0 live=33 hidden=15 hooks=9 hook_bytes=91800
  group=728 opens=1 closes=0 bakes=0 reuse=1 live=50 hidden=2 hooks=4 hook_bytes=40800
  group=896 opens=1 closes=0 bakes=0 reuse=1 live=903 hidden=902 hooks=0 hook_bytes=0
  group=593 opens=1 closes=0 bakes=1 reuse=0 live=117 hidden=7 hooks=6 hook_bytes=61200
  group=320 opens=1 closes=0 bakes=1 reuse=0 live=202 hidden=24 hooks=49 hook_bytes=499800
  group=629 opens=1 closes=0 bakes=1 reuse=0 live=46 hidden=5 hooks=3 hook_bytes=30600
  group=712 opens=1 closes=0 bakes=1 reuse=0 live=113 hidden=0 hooks=5 hook_bytes=51000
  group=149 opens=1 closes=0 bakes=0 reuse=1 live=29 hidden=0 hooks=28 hook_bytes=285600
  group=387 opens=1 closes=0 bakes=1 reuse=0 live=96 hidden=12 hooks=13 hook_bytes=132600
  group=541 opens=1 closes=0 bakes=1 reuse=0 live=124 hidden=33 hooks=30 hook_bytes=306000
  group=218 opens=1 closes=0 bakes=1 reuse=0 live=232 hidden=132 hooks=195 hook_bytes=1989000
  group=707 opens=1 closes=0 bakes=1 reuse=0 live=39 hidden=0 hooks=5 hook_bytes=51000
  group=109 opens=1 closes=0 bakes=1 reuse=0 live=96 hidden=13 hooks=10 hook_bytes=102000
  group=429 opens=1 closes=0 bakes=1 reuse=0 live=35 hidden=0 hooks=8 hook_bytes=81600
  group=182 opens=1 closes=0 bakes=1 reuse=0 live=94 hidden=3 hooks=10 hook_bytes=102000
  group=116 opens=1 closes=0 bakes=1 reuse=0 live=222 hidden=12 hooks=65 hook_bytes=663000
  group=216 opens=1 closes=0 bakes=1 reuse=0 live=124 hidden=0 hooks=61 hook_bytes=622200
  group=239 opens=1 closes=0 bakes=1 reuse=0 live=934 hidden=597 hooks=267 hook_bytes=2723400
  group=12 opens=30 closes=30 bakes=1 reuse=29 live=1781 hidden=73 hooks=1505 hook_bytes=15351000
  group=15 opens=30 closes=30 bakes=1 reuse=29 live=650 hidden=49 hooks=366 hook_bytes=3733200
  group=84 opens=29 closes=29 bakes=1 reuse=28 live=123 hidden=14 hooks=25 hook_bytes=255000
  group=729 opens=29 closes=29 bakes=0 reuse=29 live=36 hidden=1 hooks=6 hook_bytes=61200
  group=650 opens=29 closes=29 bakes=1 reuse=28 live=110 hidden=3 hooks=15 hook_bytes=153000
  group=894 opens=29 closes=28 bakes=1 reuse=28 live=413 hidden=4 hooks=117 hook_bytes=1193400
  group=32766 opens=0 closes=0 bakes=0 reuse=0 live=4 hidden=0 hooks=0 hook_bytes=0
torirs_stats: tick=8750 components=10119 live=10119 hidden=4384 freed=0 free_head=-1 inv_hooks=19 var_hooks=163 timers=28 timers_hidden=7 iface_parents=26
Failed to load dat2 idk 307
Dat2SpriteLoadByName: archive 'mapfunction' not found in sprites table
Dat2SpriteLoadByName: archive 'hitmark' not found in sprites table
CS2VM2: call depth 128 exhausted calling script 904 from script 904 (raise CS2VM_MAX_FRAMES)
Task_CS2Run: script 904 failed at opcode 40 pc 2 (invoked as script 903 for component 0xa10000)
  script 904: int_args=2 str_args=0 int_locals=2 str_locals=0 ops=4
  pc=0 op=33 PUSH_INT_LOCAL operand=0 str=(null)
  pc=1 op=33 PUSH_INT_LOCAL operand=1 str=(null)
  pc=2 op=40 GOSUB_WITH_PARAMS operand=904 str=(null)
  pc=3 op=21 RETURN operand=0 str=(null)
sim_hotkey: 'f8' -> osrs_key=8 at frame 29680
sim_hotkey: 'f9' -> osrs_key=9 at frame 29700
sim_hotkey: 'f10' -> osrs_key=10 at frame 29720
sim_hotkey: 'f11' -> osrs_key=11 at frame 29740
sim_hotkey: 'f12' -> osrs_key=12 at frame 29760
sim_hotkey: 'escape' -> osrs_key=13 at frame 29780
sim_hotkey: 'escape' -> osrs_key=13 at frame 29800
CS2VM2: call depth 128 exhausted calling script 904 from script 904 (raise CS2VM_MAX_FRAMES)
Task_CS2Run: script 904 failed at opcode 40 pc 2 (invoked as script 903 for component 0xa10000)
  script 904: int_args=2 str_args=0 int_locals=2 str_locals=0 ops=4
  pc=0 op=33 PUSH_INT_LOCAL operand=0 str=(null)
  pc=1 op=33 PUSH_INT_LOCAL operand=1 str=(null)
  pc=2 op=40 GOSUB_WITH_PARAMS operand=904 str=(null)
  pc=3 op=21 RETURN operand=0 str=(null)
CS2VM2: call depth 128 exhausted calling script 904 from script 904 (raise CS2VM_MAX_FRAMES)
Task_CS2Run: script 904 failed at opcode 40 pc 2 (invoked as script 903 for component 0xa10000)
  script 904: int_args=2 str_args=0 int_locals=2 str_locals=0 ops=4
  pc=0 op=33 PUSH_INT_LOCAL operand=0 str=(null)
  pc=1 op=33 PUSH_INT_LOCAL operand=1 str=(null)
  pc=2 op=40 GOSUB_WITH_PARAMS operand=904 str=(null)
  pc=3 op=21 RETURN operand=0 str=(null)
sim_hotkey: 'f1' -> osrs_key=1 at frame 29820
Dat2SpriteLoadByName: archive 'mapfunction' not found in sprites table
Dat2SpriteLoadByName: archive 'hitmark' not found in sprites table
CS2VM2: call depth 128 exhausted calling script 904 from script 904 (raise CS2VM_MAX_FRAMES)
Task_CS2Run: script 904 failed at opcode 40 pc 2 (invoked as script 903 for component 0xa10000)
  script 904: int_args=2 str_args=0 int_locals=2 str_locals=0 ops=4
  pc=0 op=33 PUSH_INT_LOCAL operand=0 str=(null)
  pc=1 op=33 PUSH_INT_LOCAL operand=1 str=(null)
  pc=2 op=40 GOSUB_WITH_PARAMS operand=904 str=(null)
  pc=3 op=21 RETURN operand=0 str=(null)
sim_hotkey: 'f2' -> osrs_key=2 at frame 29840
sim_hotkey: 'f3' -> osrs_key=3 at frame 29860
sim_hotkey: 'f4' -> osrs_key=4 at frame 29880
sim_hotkey: 'f5' -> osrs_key=5 at frame 29900
sim_hotkey: 'f6' -> osrs_key=6 at frame 29920
sim_hotkey: 'f7' -> osrs_key=7 at frame 29940
sim_hotkey: 'f8' -> osrs_key=8 at frame 29960
sim_hotkey: 'f9' -> osrs_key=9 at frame 29980
sim_hotkey: 'f10' -> osrs_key=10 at frame 30000
torirs_perf: window=59 frame_p95=5.28ms
sim_hotkey: 'f11' -> osrs_key=11 at frame 30020
Dat2SpriteLoadByName: archive 'mapfunction' not found in sprites table
Dat2SpriteLoadByName: archive 'hitmark' not found in sprites table
Task_CS2Run: script 7188 failed at opcode 34 pc 14 (invoked as script 7128 for component 0x28a0000)
  script 7188: int_args=0 str_args=0 int_locals=1 str_locals=1 ops=31
  pc=0 op=0 PUSH_CONSTANT_INT operand=-1 str=(null)
  pc=1 op=34 POP_INT_LOCAL operand=0 str=(null)
  pc=2 op=3 PUSH_CONSTANT_STRING operand=0 str=
  pc=3 op=36 POP_STRING_LOCAL operand=0 str=(null)
  pc=4 op=25 PUSH_VARBIT operand=14881 str=(null)
  pc=5 op=60 SWITCH operand=0 str=(null)
  pc=6 op=3 PUSH_CONSTANT_STRING operand=0 str=graphic_4911
  pc=7 op=3 PUSH_CONSTANT_STRING operand=0 str=Grand Exchange value
  pc=8 op=36 POP_STRING_LOCAL operand=0 str=(null)
  pc=9 op=34 POP_INT_LOCAL operand=0 str=(null)
  pc=10 op=6 BRANCH operand=10 str=(null)
  pc=11 op=3 PUSH_CONSTANT_STRING operand=0 str=graphic_4912
  pc=12 op=3 PUSH_CONSTANT_STRING operand=0 str=High Alchemy value
  pc=13 op=36 POP_STRING_LOCAL operand=0 str=(null)
  pc=14 op=34 POP_INT_LOCAL operand=0 str=(null)
  pc=15 op=6 BRANCH operand=5 str=(null)
  pc=16 op=3 PUSH_CONSTANT_STRING operand=0 str=graphic_4911
CS2VM2: call depth 128 exhausted calling script 904 from script 904 (raise CS2VM_MAX_FRAMES)
Task_CS2Run: script 904 failed at opcode 40 pc 2 (invoked as script 903 for component 0xa10000)
  script 904: int_args=2 str_args=0 int_locals=2 str_locals=0 ops=4
  pc=0 op=33 PUSH_INT_LOCAL operand=0 str=(null)
  pc=1 op=33 PUSH_INT_LOCAL operand=1 str=(null)
  pc=2 op=40 GOSUB_WITH_PARAMS operand=904 str=(null)
  pc=3 op=21 RETURN operand=0 str=(null)
sim_hotkey: 'f12' -> osrs_key=12 at frame 30040
sim_hotkey: 'escape' -> osrs_key=13 at frame 30060
sim_hotkey: 'escape' -> osrs_key=13 at frame 30080
sim_hotkey: 'f1' -> osrs_key=1 at frame 30100
sim_hotkey: 'f2' -> osrs_key=2 at frame 30120
sim_hotkey: 'f3' -> osrs_key=3 at frame 30140
sim_hotkey: 'f4' -> osrs_key=4 at frame 30160
sim_hotkey: 'f5' -> osrs_key=5 at frame 30180
sim_hotkey: 'f6' -> osrs_key=6 at frame 30200
Dat2SpriteLoadByName: archive 'mapfunction' not found in sprites table
Dat2SpriteLoadByName: archive 'hitmark' not found in sprites table
CS2VM2: call depth 128 exhausted calling script 904 from script 904 (raise CS2VM_MAX_FRAMES)
Task_CS2Run: script 904 failed at opcode 40 pc 2 (invoked as script 903 for component 0xa10000)
  script 904: int_args=2 str_args=0 int_locals=2 str_locals=0 ops=4
  pc=0 op=33 PUSH_INT_LOCAL operand=0 str=(null)
  pc=1 op=33 PUSH_INT_LOCAL operand=1 str=(null)
  pc=2 op=40 GOSUB_WITH_PARAMS operand=904 str=(null)
  pc=3 op=21 RETURN operand=0 str=(null)
sim_hotkey: 'f7' -> osrs_key=7 at frame 30220
sim_hotkey: 'f8' -> osrs_key=8 at frame 30240
sim_hotkey: 'f9' -> osrs_key=9 at frame 30260
sim_hotkey: 'f10' -> osrs_key=10 at frame 30280
sim_hotkey: 'f11' -> osrs_key=11 at frame 30300
sim_hotkey: 'f12' -> osrs_key=12 at frame 30320
sim_hotkey: 'escape' -> osrs_key=13 at frame 30340
sim_hotkey: 'escape' -> osrs_key=13 at frame 30360
sim_hotkey: 'f1' -> osrs_key=1 at frame 30380
sim_hotkey: 'f2' -> osrs_key=2 at frame 30400
sim_hotkey: 'f3' -> osrs_key=3 at frame 30420
sim_hotkey: 'f4' -> osrs_key=4 at frame 30440
sim_hotkey: 'f5' -> osrs_key=5 at frame 30460
sim_hotkey: 'f6' -> osrs_key=6 at frame 30480
sim_hotkey: 'f7' -> osrs_key=7 at frame 30500
torirs_perf: window=60 frame_p95=4.82ms
sim_hotkey: 'f8' -> osrs_key=8 at frame 30520
sim_hotkey: 'f9' -> osrs_key=9 at frame 30540
torirs_iface_stats: tick=9000 groups=33
  group=161 opens=1 closes=0 bakes=1 reuse=0 live=106 hidden=14 hooks=22 hook_bytes=224400
  group=162 opens=1 closes=0 bakes=1 reuse=0 live=3222 hidden=2413 hooks=18 hook_bytes=183600
  group=651 opens=1 closes=0 bakes=1 reuse=0 live=7 hidden=0 hooks=0 hook_bytes=0
  group=708 opens=1 closes=0 bakes=1 reuse=0 live=13 hidden=1 hooks=4 hook_bytes=40800
  group=163 opens=1 closes=0 bakes=0 reuse=1 live=26 hidden=25 hooks=0 hook_bytes=0
  group=303 opens=1 closes=0 bakes=1 reuse=0 live=21 hidden=5 hooks=2 hook_bytes=20400
  group=90 opens=1 closes=0 bakes=1 reuse=0 live=60 hidden=13 hooks=13 hook_bytes=132600
  group=160 opens=1 closes=0 bakes=1 reuse=0 live=58 hidden=12 hooks=11 hook_bytes=112200
  group=122 opens=1 closes=0 bakes=1 reuse=0 live=33 hidden=15 hooks=9 hook_bytes=91800
  group=728 opens=1 closes=0 bakes=0 reuse=1 live=50 hidden=2 hooks=4 hook_bytes=40800
  group=896 opens=1 closes=0 bakes=0 reuse=1 live=903 hidden=902 hooks=0 hook_bytes=0
  group=593 opens=1 closes=0 bakes=1 reuse=0 live=117 hidden=7 hooks=6 hook_bytes=61200
  group=320 opens=1 closes=0 bakes=1 reuse=0 live=202 hidden=24 hooks=49 hook_bytes=499800
  group=629 opens=1 closes=0 bakes=1 reuse=0 live=46 hidden=5 hooks=3 hook_bytes=30600
  group=712 opens=1 closes=0 bakes=1 reuse=0 live=113 hidden=0 hooks=5 hook_bytes=51000
  group=149 opens=1 closes=0 bakes=0 reuse=1 live=29 hidden=0 hooks=28 hook_bytes=285600
  group=387 opens=1 closes=0 bakes=1 reuse=0 live=96 hidden=12 hooks=13 hook_bytes=132600
  group=541 opens=1 closes=0 bakes=1 reuse=0 live=124 hidden=33 hooks=30 hook_bytes=306000
  group=218 opens=1 closes=0 bakes=1 reuse=0 live=232 hidden=132 hooks=195 hook_bytes=1989000
  group=707 opens=1 closes=0 bakes=1 reuse=0 live=39 hidden=0 hooks=5 hook_bytes=51000
  group=109 opens=1 closes=0 bakes=1 reuse=0 live=96 hidden=13 hooks=10 hook_bytes=102000
  group=429 opens=1 closes=0 bakes=1 reuse=0 live=35 hidden=0 hooks=8 hook_bytes=81600
  group=182 opens=1 closes=0 bakes=1 reuse=0 live=94 hidden=3 hooks=10 hook_bytes=102000
  group=116 opens=1 closes=0 bakes=1 reuse=0 live=222 hidden=12 hooks=65 hook_bytes=663000
  group=216 opens=1 closes=0 bakes=1 reuse=0 live=124 hidden=0 hooks=61 hook_bytes=622200
  group=239 opens=1 closes=0 bakes=1 reuse=0 live=934 hidden=597 hooks=267 hook_bytes=2723400
  group=12 opens=30 closes=30 bakes=1 reuse=29 live=1781 hidden=73 hooks=1505 hook_bytes=15351000
  group=15 opens=30 closes=30 bakes=1 reuse=29 live=650 hidden=49 hooks=366 hook_bytes=3733200
  group=84 opens=30 closes=30 bakes=1 reuse=29 live=123 hidden=14 hooks=25 hook_bytes=255000
  group=729 opens=30 closes=30 bakes=0 reuse=30 live=36 hidden=1 hooks=6 hook_bytes=61200
  group=650 opens=30 closes=30 bakes=1 reuse=29 live=110 hidden=3 hooks=15 hook_bytes=153000
  group=894 opens=30 closes=29 bakes=1 reuse=29 live=413 hidden=4 hooks=117 hook_bytes=1193400
  group=32766 opens=0 closes=0 bakes=0 reuse=0 live=4 hidden=0 hooks=0 hook_bytes=0
torirs_stats: tick=9000 components=10119 live=10119 hidden=4384 freed=0 free_head=-1 inv_hooks=19 var_hooks=163 timers=28 timers_hidden=7 iface_parents=26
Failed to load dat2 idk 307
Dat2SpriteLoadByName: archive 'mapfunction' not found in sprites table
Dat2SpriteLoadByName: archive 'hitmark' not found in sprites table
CS2VM2: call depth 128 exhausted calling script 904 from script 904 (raise CS2VM_MAX_FRAMES)
Task_CS2Run: script 904 failed at opcode 40 pc 2 (invoked as script 903 for component 0xa10000)
  script 904: int_args=2 str_args=0 int_locals=2 str_locals=0 ops=4
  pc=0 op=33 PUSH_INT_LOCAL operand=0 str=(null)
  pc=1 op=33 PUSH_INT_LOCAL operand=1 str=(null)
  pc=2 op=40 GOSUB_WITH_PARAMS operand=904 str=(null)
  pc=3 op=21 RETURN operand=0 str=(null)
Dat2SpriteLoadByName: archive 'mapfunction' not found in sprites table
Dat2SpriteLoadByName: archive 'hitmark' not found in sprites table
CS2VM2: call depth 128 exhausted calling script 904 from script 904 (raise CS2VM_MAX_FRAMES)
Task_CS2Run: script 904 failed at opcode 40 pc 2 (invoked as script 903 for component 0xa10000)
  script 904: int_args=2 str_args=0 int_locals=2 str_locals=0 ops=4
  pc=0 op=33 PUSH_INT_LOCAL operand=0 str=(null)
  pc=1 op=33 PUSH_INT_LOCAL operand=1 str=(null)
  pc=2 op=40 GOSUB_WITH_PARAMS operand=904 str=(null)
  pc=3 op=21 RETURN operand=0 str=(null)
sim_hotkey: 'f10' -> osrs_key=10 at frame 30560
sim_hotkey: 'f11' -> osrs_key=11 at frame 30580
sim_hotkey: 'f12' -> osrs_key=12 at frame 30600
sim_hotkey: 'escape' -> osrs_key=13 at frame 30620
sim_hotkey: 'escape' -> osrs_key=13 at frame 30640
CS2VM2: call depth 128 exhausted calling script 904 from script 904 (raise CS2VM_MAX_FRAMES)
Task_CS2Run: script 904 failed at opcode 40 pc 2 (invoked as script 903 for component 0xa10000)
  script 904: int_args=2 str_args=0 int_locals=2 str_locals=0 ops=4
  pc=0 op=33 PUSH_INT_LOCAL operand=0 str=(null)
  pc=1 op=33 PUSH_INT_LOCAL operand=1 str=(null)
  pc=2 op=40 GOSUB_WITH_PARAMS operand=904 str=(null)
  pc=3 op=21 RETURN operand=0 str=(null)
CS2VM2: call depth 128 exhausted calling script 904 from script 904 (raise CS2VM_MAX_FRAMES)
Task_CS2Run: script 904 failed at opcode 40 pc 2 (invoked as script 903 for component 0xa10000)
  script 904: int_args=2 str_args=0 int_locals=2 str_locals=0 ops=4
  pc=0 op=33 PUSH_INT_LOCAL operand=0 str=(null)
  pc=1 op=33 PUSH_INT_LOCAL operand=1 str=(null)
  pc=2 op=40 GOSUB_WITH_PARAMS operand=904 str=(null)
  pc=3 op=21 RETURN operand=0 str=(null)
CS2VM2: call depth 128 exhausted calling script 904 from script 904 (raise CS2VM_MAX_FRAMES)
Task_CS2Run: script 904 failed at opcode 40 pc 2 (invoked as script 903 for component 0xa10000)
  script 904: int_args=2 str_args=0 int_locals=2 str_locals=0 ops=4
  pc=0 op=33 PUSH_INT_LOCAL operand=0 str=(null)
  pc=1 op=33 PUSH_INT_LOCAL operand=1 str=(null)
  pc=2 op=40 GOSUB_WITH_PARAMS operand=904 str=(null)
  pc=3 op=21 RETURN operand=0 str=(null)
CS2VM2: call depth 128 exhausted calling script 904 from script 904 (raise CS2VM_MAX_FRAMES)
Task_CS2Run: script 904 failed at opcode 40 pc 2 (invoked as script 903 for component 0xa10000)
  script 904: int_args=2 str_args=0 int_locals=2 str_locals=0 ops=4
  pc=0 op=33 PUSH_INT_LOCAL operand=0 str=(null)
  pc=1 op=33 PUSH_INT_LOCAL operand=1 str=(null)
  pc=2 op=40 GOSUB_WITH_PARAMS operand=904 str=(null)
  pc=3 op=21 RETURN operand=0 str=(null)
sim_hotkey: 'f1' -> osrs_key=1 at frame 30660
spawn_npc: npc=2854 element=59772 tile=90,84 level=0 size=1 recolors=1 retextures=0
sim_hotkey: 'f2' -> osrs_key=2 at frame 30680
sim_hotkey: 'f3' -> osrs_key=3 at frame 30700
Failed to load dat2 idk 307
Dat2SpriteLoadByName: archive 'mapfunction' not found in sprites table
Dat2SpriteLoadByName: archive 'hitmark' not found in sprites table
CS2VM2: call depth 128 exhausted calling script 904 from script 904 (raise CS2VM_MAX_FRAMES)
Task_CS2Run: script 904 failed at opcode 40 pc 2 (invoked as script 903 for component 0xa10000)
  script 904: int_args=2 str_args=0 int_locals=2 str_locals=0 ops=4
  pc=0 op=33 PUSH_INT_LOCAL operand=0 str=(null)
  pc=1 op=33 PUSH_INT_LOCAL operand=1 str=(null)
  pc=2 op=40 GOSUB_WITH_PARAMS operand=904 str=(null)
  pc=3 op=21 RETURN operand=0 str=(null)
sim_hotkey: 'f4' -> osrs_key=4 at frame 30720
sim_hotkey: 'f5' -> osrs_key=5 at frame 30740
sim_hotkey: 'f6' -> osrs_key=6 at frame 30760
sim_hotkey: 'f7' -> osrs_key=7 at frame 30780
sim_hotkey: 'f8' -> osrs_key=8 at frame 30800
sim_hotkey: 'f9' -> osrs_key=9 at frame 30820
sim_hotkey: 'f10' -> osrs_key=10 at frame 30840
sim_hotkey: 'f11' -> osrs_key=11 at frame 30860
Dat2SpriteLoadByName: archive 'mapfunction' not found in sprites table
Dat2SpriteLoadByName: archive 'hitmark' not found in sprites table
CS2VM2: call depth 128 exhausted calling script 904 from script 904 (raise CS2VM_MAX_FRAMES)
Task_CS2Run: script 904 failed at opcode 40 pc 2 (invoked as script 903 for component 0xa10000)
  script 904: int_args=2 str_args=0 int_locals=2 str_locals=0 ops=4
  pc=0 op=33 PUSH_INT_LOCAL operand=0 str=(null)
  pc=1 op=33 PUSH_INT_LOCAL operand=1 str=(null)
  pc=2 op=40 GOSUB_WITH_PARAMS operand=904 str=(null)
  pc=3 op=21 RETURN operand=0 str=(null)
sim_hotkey: 'f12' -> osrs_key=12 at frame 30880
sim_hotkey: 'escape' -> osrs_key=13 at frame 30900
sim_hotkey: 'escape' -> osrs_key=13 at frame 30920
CS2VM2: call depth 128 exhausted calling script 904 from script 904 (raise CS2VM_MAX_FRAMES)
Task_CS2Run: script 904 failed at opcode 40 pc 2 (invoked as script 903 for component 0xa10000)
  script 904: int_args=2 str_args=0 int_locals=2 str_locals=0 ops=4
  pc=0 op=33 PUSH_INT_LOCAL operand=0 str=(null)
  pc=1 op=33 PUSH_INT_LOCAL operand=1 str=(null)
  pc=2 op=40 GOSUB_WITH_PARAMS operand=904 str=(null)
  pc=3 op=21 RETURN operand=0 str=(null)
CS2VM2: call depth 128 exhausted calling script 904 from script 904 (raise CS2VM_MAX_FRAMES)
Task_CS2Run: script 904 failed at opcode 40 pc 2 (invoked as script 903 for component 0xa10000)
  script 904: int_args=2 str_args=0 int_locals=2 str_locals=0 ops=4
  pc=0 op=33 PUSH_INT_LOCAL operand=0 str=(null)
  pc=1 op=33 PUSH_INT_LOCAL operand=1 str=(null)
  pc=2 op=40 GOSUB_WITH_PARAMS operand=904 str=(null)
  pc=3 op=21 RETURN operand=0 str=(null)
sim_hotkey: 'f1' -> osrs_key=1 at frame 30940
sim_hotkey: 'f2' -> osrs_key=2 at frame 30960
sim_hotkey: 'f3' -> osrs_key=3 at frame 30980
sim_hotkey: 'f4' -> osrs_key=4 at frame 31000
torirs_perf: window=61 frame_p95=5.40ms
sim_hotkey: 'f5' -> osrs_key=5 at frame 31020
sim_hotkey: 'f6' -> osrs_key=6 at frame 31040
Dat2SpriteLoadByName: archive 'mapfunction' not found in sprites table
Dat2SpriteLoadByName: archive 'hitmark' not found in sprites table
Task_CS2Run: script 7188 failed at opcode 34 pc 14 (invoked as script 7128 for component 0x28a0000)
  script 7188: int_args=0 str_args=0 int_locals=1 str_locals=1 ops=31
  pc=0 op=0 PUSH_CONSTANT_INT operand=-1 str=(null)
  pc=1 op=34 POP_INT_LOCAL operand=0 str=(null)
  pc=2 op=3 PUSH_CONSTANT_STRING operand=0 str=
  pc=3 op=36 POP_STRING_LOCAL operand=0 str=(null)
  pc=4 op=25 PUSH_VARBIT operand=14881 str=(null)
  pc=5 op=60 SWITCH operand=0 str=(null)
  pc=6 op=3 PUSH_CONSTANT_STRING operand=0 str=graphic_4911
  pc=7 op=3 PUSH_CONSTANT_STRING operand=0 str=Grand Exchange value
  pc=8 op=36 POP_STRING_LOCAL operand=0 str=(null)
  pc=9 op=34 POP_INT_LOCAL operand=0 str=(null)
  pc=10 op=6 BRANCH operand=10 str=(null)
  pc=11 op=3 PUSH_CONSTANT_STRING operand=0 str=graphic_4912
  pc=12 op=3 PUSH_CONSTANT_STRING operand=0 str=High Alchemy value
  pc=13 op=36 POP_STRING_LOCAL operand=0 str=(null)
  pc=14 op=34 POP_INT_LOCAL operand=0 str=(null)
  pc=15 op=6 BRANCH operand=5 str=(null)
  pc=16 op=3 PUSH_CONSTANT_STRING operand=0 str=graphic_4911
CS2VM2: call depth 128 exhausted calling script 904 from script 904 (raise CS2VM_MAX_FRAMES)
Task_CS2Run: script 904 failed at opcode 40 pc 2 (invoked as script 903 for component 0xa10000)
  script 904: int_args=2 str_args=0 int_locals=2 str_locals=0 ops=4
  pc=0 op=33 PUSH_INT_LOCAL operand=0 str=(null)
  pc=1 op=33 PUSH_INT_LOCAL operand=1 str=(null)
  pc=2 op=40 GOSUB_WITH_PARAMS operand=904 str=(null)
  pc=3 op=21 RETURN operand=0 str=(null)
sim_hotkey: 'f7' -> osrs_key=7 at frame 31060
sim_hotkey: 'f8' -> osrs_key=8 at frame 31080
sim_hotkey: 'f9' -> osrs_key=9 at frame 31100
sim_hotkey: 'f10' -> osrs_key=10 at frame 31120
sim_hotkey: 'f11' -> osrs_key=11 at frame 31140
sim_hotkey: 'f12' -> osrs_key=12 at frame 31160
sim_hotkey: 'escape' -> osrs_key=13 at frame 31180
sim_hotkey: 'escape' -> osrs_key=13 at frame 31200
sim_hotkey: 'f1' -> osrs_key=1 at frame 31220
Dat2SpriteLoadByName: archive 'mapfunction' not found in sprites table
Dat2SpriteLoadByName: archive 'hitmark' not found in sprites table
CS2VM2: call depth 128 exhausted calling script 904 from script 904 (raise CS2VM_MAX_FRAMES)
Task_CS2Run: script 904 failed at opcode 40 pc 2 (invoked as script 903 for component 0xa10000)
  script 904: int_args=2 str_args=0 int_locals=2 str_locals=0 ops=4
  pc=0 op=33 PUSH_INT_LOCAL operand=0 str=(null)
  pc=1 op=33 PUSH_INT_LOCAL operand=1 str=(null)
  pc=2 op=40 GOSUB_WITH_PARAMS operand=904 str=(null)
  pc=3 op=21 RETURN operand=0 str=(null)
sim_hotkey: 'f2' -> osrs_key=2 at frame 31240
sim_hotkey: 'f3' -> osrs_key=3 at frame 31260
sim_hotkey: 'f4' -> osrs_key=4 at frame 31280
sim_hotkey: 'f5' -> osrs_key=5 at frame 31300
sim_hotkey: 'f6' -> osrs_key=6 at frame 31320
sim_hotkey: 'f7' -> osrs_key=7 at frame 31340
sim_hotkey: 'f8' -> osrs_key=8 at frame 31360
sim_hotkey: 'f9' -> osrs_key=9 at frame 31380
torirs_iface_stats: tick=9250 groups=33
  group=161 opens=1 closes=0 bakes=1 reuse=0 live=106 hidden=14 hooks=22 hook_bytes=224400
  group=162 opens=1 closes=0 bakes=1 reuse=0 live=3222 hidden=2413 hooks=18 hook_bytes=183600
  group=651 opens=1 closes=0 bakes=1 reuse=0 live=7 hidden=0 hooks=0 hook_bytes=0
  group=708 opens=1 closes=0 bakes=1 reuse=0 live=13 hidden=1 hooks=4 hook_bytes=40800
  group=163 opens=1 closes=0 bakes=0 reuse=1 live=26 hidden=25 hooks=0 hook_bytes=0
  group=303 opens=1 closes=0 bakes=1 reuse=0 live=21 hidden=5 hooks=2 hook_bytes=20400
  group=90 opens=1 closes=0 bakes=1 reuse=0 live=60 hidden=13 hooks=13 hook_bytes=132600
  group=160 opens=1 closes=0 bakes=1 reuse=0 live=58 hidden=12 hooks=11 hook_bytes=112200
  group=122 opens=1 closes=0 bakes=1 reuse=0 live=33 hidden=15 hooks=9 hook_bytes=91800
  group=728 opens=1 closes=0 bakes=0 reuse=1 live=50 hidden=2 hooks=4 hook_bytes=40800
  group=896 opens=1 closes=0 bakes=0 reuse=1 live=903 hidden=902 hooks=0 hook_bytes=0
  group=593 opens=1 closes=0 bakes=1 reuse=0 live=117 hidden=7 hooks=6 hook_bytes=61200
  group=320 opens=1 closes=0 bakes=1 reuse=0 live=202 hidden=24 hooks=49 hook_bytes=499800
  group=629 opens=1 closes=0 bakes=1 reuse=0 live=46 hidden=5 hooks=3 hook_bytes=30600
  group=712 opens=1 closes=0 bakes=1 reuse=0 live=113 hidden=0 hooks=5 hook_bytes=51000
  group=149 opens=1 closes=0 bakes=0 reuse=1 live=29 hidden=0 hooks=28 hook_bytes=285600
  group=387 opens=1 closes=0 bakes=1 reuse=0 live=96 hidden=12 hooks=13 hook_bytes=132600
  group=541 opens=1 closes=0 bakes=1 reuse=0 live=124 hidden=33 hooks=30 hook_bytes=306000
  group=218 opens=1 closes=0 bakes=1 reuse=0 live=232 hidden=132 hooks=195 hook_bytes=1989000
  group=707 opens=1 closes=0 bakes=1 reuse=0 live=39 hidden=0 hooks=5 hook_bytes=51000
  group=109 opens=1 closes=0 bakes=1 reuse=0 live=96 hidden=13 hooks=10 hook_bytes=102000
  group=429 opens=1 closes=0 bakes=1 reuse=0 live=35 hidden=0 hooks=8 hook_bytes=81600
  group=182 opens=1 closes=0 bakes=1 reuse=0 live=94 hidden=3 hooks=10 hook_bytes=102000
  group=116 opens=1 closes=0 bakes=1 reuse=0 live=222 hidden=12 hooks=65 hook_bytes=663000
  group=216 opens=1 closes=0 bakes=1 reuse=0 live=124 hidden=0 hooks=61 hook_bytes=622200
  group=239 opens=1 closes=0 bakes=1 reuse=0 live=934 hidden=597 hooks=267 hook_bytes=2723400
  group=12 opens=31 closes=31 bakes=1 reuse=30 live=1781 hidden=73 hooks=1505 hook_bytes=15351000
  group=15 opens=31 closes=31 bakes=1 reuse=30 live=650 hidden=49 hooks=366 hook_bytes=3733200
  group=84 opens=31 closes=31 bakes=1 reuse=30 live=123 hidden=14 hooks=25 hook_bytes=255000
  group=729 opens=31 closes=31 bakes=0 reuse=31 live=36 hidden=1 hooks=6 hook_bytes=61200
  group=650 opens=31 closes=31 bakes=1 reuse=30 live=110 hidden=3 hooks=15 hook_bytes=153000
  group=894 opens=31 closes=30 bakes=1 reuse=30 live=413 hidden=4 hooks=117 hook_bytes=1193400
  group=32766 opens=0 closes=0 bakes=0 reuse=0 live=4 hidden=0 hooks=0 hook_bytes=0
torirs_stats: tick=9250 components=10119 live=10119 hidden=4384 freed=0 free_head=-1 inv_hooks=19 var_hooks=163 timers=28 timers_hidden=7 iface_parents=26
sim_hotkey: 'f10' -> osrs_key=10 at frame 31400
sim_hotkey: 'f11' -> osrs_key=11 at frame 31420
sim_hotkey: 'f12' -> osrs_key=12 at frame 31440
sim_hotkey: 'escape' -> osrs_key=13 at frame 31460
sim_hotkey: 'escape' -> osrs_key=13 at frame 31480
sim_hotkey: 'f1' -> osrs_key=1 at frame 31500
torirs_perf: window=62 frame_p95=4.72ms
sim_hotkey: 'f2' -> osrs_key=2 at frame 31520
sim_hotkey: 'f3' -> osrs_key=3 at frame 31540
sim_hotkey: 'f4' -> osrs_key=4 at frame 31560
sim_hotkey: 'f5' -> osrs_key=5 at frame 31580
Failed to load dat2 idk 307
Dat2SpriteLoadByName: archive 'mapfunction' not found in sprites table
Dat2SpriteLoadByName: archive 'hitmark' not found in sprites table
CS2VM2: call depth 128 exhausted calling script 904 from script 904 (raise CS2VM_MAX_FRAMES)
Task_CS2Run: script 904 failed at opcode 40 pc 2 (invoked as script 903 for component 0xa10000)
  script 904: int_args=2 str_args=0 int_locals=2 str_locals=0 ops=4
  pc=0 op=33 PUSH_INT_LOCAL operand=0 str=(null)
  pc=1 op=33 PUSH_INT_LOCAL operand=1 str=(null)
  pc=2 op=40 GOSUB_WITH_PARAMS operand=904 str=(null)
  pc=3 op=21 RETURN operand=0 str=(null)
Dat2SpriteLoadByName: archive 'mapfunction' not found in sprites table
Dat2SpriteLoadByName: archive 'hitmark' not found in sprites table
CS2VM2: call depth 128 exhausted calling script 904 from script 904 (raise CS2VM_MAX_FRAMES)
Task_CS2Run: script 904 failed at opcode 40 pc 2 (invoked as script 903 for component 0xa10000)
  script 904: int_args=2 str_args=0 int_locals=2 str_locals=0 ops=4
  pc=0 op=33 PUSH_INT_LOCAL operand=0 str=(null)
  pc=1 op=33 PUSH_INT_LOCAL operand=1 str=(null)
  pc=2 op=40 GOSUB_WITH_PARAMS operand=904 str=(null)
  pc=3 op=21 RETURN operand=0 str=(null)
sim_hotkey: 'f6' -> osrs_key=6 at frame 31600
sim_hotkey: 'f7' -> osrs_key=7 at frame 31620
sim_hotkey: 'f8' -> osrs_key=8 at frame 31640
sim_hotkey: 'f9' -> osrs_key=9 at frame 31660
sim_hotkey: 'f10' -> osrs_key=10 at frame 31680
sim_hotkey: 'f11' -> osrs_key=11 at frame 31700
sim_hotkey: 'f12' -> osrs_key=12 at frame 31720
Failed to load dat2 idk 307
Dat2SpriteLoadByName: archive 'mapfunction' not found in sprites table
Dat2SpriteLoadByName: archive 'hitmark' not found in sprites table
CS2VM2: call depth 128 exhausted calling script 904 from script 904 (raise CS2VM_MAX_FRAMES)
Task_CS2Run: script 904 failed at opcode 40 pc 2 (invoked as script 903 for component 0xa10000)
  script 904: int_args=2 str_args=0 int_locals=2 str_locals=0 ops=4
  pc=0 op=33 PUSH_INT_LOCAL operand=0 str=(null)
  pc=1 op=33 PUSH_INT_LOCAL operand=1 str=(null)
  pc=2 op=40 GOSUB_WITH_PARAMS operand=904 str=(null)
  pc=3 op=21 RETURN operand=0 str=(null)
sim_hotkey: 'escape' -> osrs_key=13 at frame 31740
sim_hotkey: 'escape' -> osrs_key=13 at frame 31760
CS2VM2: call depth 128 exhausted calling script 904 from script 904 (raise CS2VM_MAX_FRAMES)
Task_CS2Run: script 904 failed at opcode 40 pc 2 (invoked as script 903 for component 0xa10000)
  script 904: int_args=2 str_args=0 int_locals=2 str_locals=0 ops=4
  pc=0 op=33 PUSH_INT_LOCAL operand=0 str=(null)
  pc=1 op=33 PUSH_INT_LOCAL operand=1 str=(null)
  pc=2 op=40 GOSUB_WITH_PARAMS operand=904 str=(null)
  pc=3 op=21 RETURN operand=0 str=(null)
CS2VM2: call depth 128 exhausted calling script 904 from script 904 (raise CS2VM_MAX_FRAMES)
Task_CS2Run: script 904 failed at opcode 40 pc 2 (invoked as script 903 for component 0xa10000)
  script 904: int_args=2 str_args=0 int_locals=2 str_locals=0 ops=4
  pc=0 op=33 PUSH_INT_LOCAL operand=0 str=(null)
  pc=1 op=33 PUSH_INT_LOCAL operand=1 str=(null)
  pc=2 op=40 GOSUB_WITH_PARAMS operand=904 str=(null)
  pc=3 op=21 RETURN operand=0 str=(null)
CS2VM2: call depth 128 exhausted calling script 904 from script 904 (raise CS2VM_MAX_FRAMES)
Task_CS2Run: script 904 failed at opcode 40 pc 2 (invoked as script 903 for component 0xa10000)
  script 904: int_args=2 str_args=0 int_locals=2 str_locals=0 ops=4
  pc=0 op=33 PUSH_INT_LOCAL operand=0 str=(null)
  pc=1 op=33 PUSH_INT_LOCAL operand=1 str=(null)
  pc=2 op=40 GOSUB_WITH_PARAMS operand=904 str=(null)
  pc=3 op=21 RETURN operand=0 str=(null)
CS2VM2: call depth 128 exhausted calling script 904 from script 904 (raise CS2VM_MAX_FRAMES)
Task_CS2Run: script 904 failed at opcode 40 pc 2 (invoked as script 903 for component 0xa10000)
  script 904: int_args=2 str_args=0 int_locals=2 str_locals=0 ops=4
  pc=0 op=33 PUSH_INT_LOCAL operand=0 str=(null)
  pc=1 op=33 PUSH_INT_LOCAL operand=1 str=(null)
  pc=2 op=40 GOSUB_WITH_PARAMS operand=904 str=(null)
  pc=3 op=21 RETURN operand=0 str=(null)
sim_hotkey: 'f1' -> osrs_key=1 at frame 31780
sim_hotkey: 'f2' -> osrs_key=2 at frame 31800
sim_hotkey: 'f3' -> osrs_key=3 at frame 31820
sim_hotkey: 'f4' -> osrs_key=4 at frame 31840
sim_hotkey: 'f5' -> osrs_key=5 at frame 31860
sim_hotkey: 'f6' -> osrs_key=6 at frame 31880
Dat2SpriteLoadByName: archive 'mapfunction' not found in sprites table
Dat2SpriteLoadByName: archive 'hitmark' not found in sprites table
CS2VM2: call depth 128 exhausted calling script 904 from script 904 (raise CS2VM_MAX_FRAMES)
Task_CS2Run: script 904 failed at opcode 40 pc 2 (invoked as script 903 for component 0xa10000)
  script 904: int_args=2 str_args=0 int_locals=2 str_locals=0 ops=4
  pc=0 op=33 PUSH_INT_LOCAL operand=0 str=(null)
  pc=1 op=33 PUSH_INT_LOCAL operand=1 str=(null)
  pc=2 op=40 GOSUB_WITH_PARAMS operand=904 str=(null)
  pc=3 op=21 RETURN operand=0 str=(null)
sim_hotkey: 'f7' -> osrs_key=7 at frame 31900
sim_hotkey: 'f8' -> osrs_key=8 at frame 31920
sim_hotkey: 'f9' -> osrs_key=9 at frame 31940
sim_hotkey: 'f10' -> osrs_key=10 at frame 31960
sim_hotkey: 'f11' -> osrs_key=11 at frame 31980
sim_hotkey: 'f12' -> osrs_key=12 at frame 32000
torirs_perf: window=63 frame_p95=5.40ms
sim_hotkey: 'escape' -> osrs_key=13 at frame 32020
sim_hotkey: 'escape' -> osrs_key=13 at frame 32040
sim_hotkey: 'f1' -> osrs_key=1 at frame 32060
sim_hotkey: 'f2' -> osrs_key=2 at frame 32080
Dat2SpriteLoadByName: archive 'mapfunction' not found in sprites table
Dat2SpriteLoadByName: archive 'hitmark' not found in sprites table
Task_CS2Run: script 7188 failed at opcode 34 pc 14 (invoked as script 7128 for component 0x28a0000)
  script 7188: int_args=0 str_args=0 int_locals=1 str_locals=1 ops=31
  pc=0 op=0 PUSH_CONSTANT_INT operand=-1 str=(null)
  pc=1 op=34 POP_INT_LOCAL operand=0 str=(null)
  pc=2 op=3 PUSH_CONSTANT_STRING operand=0 str=
  pc=3 op=36 POP_STRING_LOCAL operand=0 str=(null)
  pc=4 op=25 PUSH_VARBIT operand=14881 str=(null)
  pc=5 op=60 SWITCH operand=0 str=(null)
  pc=6 op=3 PUSH_CONSTANT_STRING operand=0 str=graphic_4911
  pc=7 op=3 PUSH_CONSTANT_STRING operand=0 str=Grand Exchange value
  pc=8 op=36 POP_STRING_LOCAL operand=0 str=(null)
  pc=9 op=34 POP_INT_LOCAL operand=0 str=(null)
  pc=10 op=6 BRANCH operand=10 str=(null)
  pc=11 op=3 PUSH_CONSTANT_STRING operand=0 str=graphic_4912
  pc=12 op=3 PUSH_CONSTANT_STRING operand=0 str=High Alchemy value
  pc=13 op=36 POP_STRING_LOCAL operand=0 str=(null)
  pc=14 op=34 POP_INT_LOCAL operand=0 str=(null)
  pc=15 op=6 BRANCH operand=5 str=(null)
  pc=16 op=3 PUSH_CONSTANT_STRING operand=0 str=graphic_4911
CS2VM2: call depth 128 exhausted calling script 904 from script 904 (raise CS2VM_MAX_FRAMES)
Task_CS2Run: script 904 failed at opcode 40 pc 2 (invoked as script 903 for component 0xa10000)
  script 904: int_args=2 str_args=0 int_locals=2 str_locals=0 ops=4
  pc=0 op=33 PUSH_INT_LOCAL operand=0 str=(null)
  pc=1 op=33 PUSH_INT_LOCAL operand=1 str=(null)
  pc=2 op=40 GOSUB_WITH_PARAMS operand=904 str=(null)
  pc=3 op=21 RETURN operand=0 str=(null)
sim_hotkey: 'f3' -> osrs_key=3 at frame 32100
sim_hotkey: 'f4' -> osrs_key=4 at frame 32120
sim_hotkey: 'f5' -> osrs_key=5 at frame 32140
sim_hotkey: 'f6' -> osrs_key=6 at frame 32160
sim_hotkey: 'f7' -> osrs_key=7 at frame 32180
sim_hotkey: 'f8' -> osrs_key=8 at frame 32200
sim_hotkey: 'f9' -> osrs_key=9 at frame 32220
sim_hotkey: 'f10' -> osrs_key=10 at frame 32240
sim_hotkey: 'f11' -> osrs_key=11 at frame 32260
torirs_iface_stats: tick=9500 groups=33
  group=161 opens=1 closes=0 bakes=1 reuse=0 live=106 hidden=14 hooks=22 hook_bytes=224400
  group=162 opens=1 closes=0 bakes=1 reuse=0 live=3222 hidden=2413 hooks=18 hook_bytes=183600
  group=651 opens=1 closes=0 bakes=1 reuse=0 live=7 hidden=0 hooks=0 hook_bytes=0
  group=708 opens=1 closes=0 bakes=1 reuse=0 live=13 hidden=1 hooks=4 hook_bytes=40800
  group=163 opens=1 closes=0 bakes=0 reuse=1 live=26 hidden=25 hooks=0 hook_bytes=0
  group=303 opens=1 closes=0 bakes=1 reuse=0 live=21 hidden=5 hooks=2 hook_bytes=20400
  group=90 opens=1 closes=0 bakes=1 reuse=0 live=60 hidden=13 hooks=13 hook_bytes=132600
  group=160 opens=1 closes=0 bakes=1 reuse=0 live=58 hidden=12 hooks=11 hook_bytes=112200
  group=122 opens=1 closes=0 bakes=1 reuse=0 live=33 hidden=15 hooks=9 hook_bytes=91800
  group=728 opens=1 closes=0 bakes=0 reuse=1 live=50 hidden=2 hooks=4 hook_bytes=40800
  group=896 opens=1 closes=0 bakes=0 reuse=1 live=903 hidden=902 hooks=0 hook_bytes=0
  group=593 opens=1 closes=0 bakes=1 reuse=0 live=117 hidden=7 hooks=6 hook_bytes=61200
  group=320 opens=1 closes=0 bakes=1 reuse=0 live=202 hidden=24 hooks=49 hook_bytes=499800
  group=629 opens=1 closes=0 bakes=1 reuse=0 live=46 hidden=5 hooks=3 hook_bytes=30600
  group=712 opens=1 closes=0 bakes=1 reuse=0 live=113 hidden=0 hooks=5 hook_bytes=51000
  group=149 opens=1 closes=0 bakes=0 reuse=1 live=29 hidden=0 hooks=28 hook_bytes=285600
  group=387 opens=1 closes=0 bakes=1 reuse=0 live=96 hidden=12 hooks=13 hook_bytes=132600
  group=541 opens=1 closes=0 bakes=1 reuse=0 live=124 hidden=33 hooks=30 hook_bytes=306000
  group=218 opens=1 closes=0 bakes=1 reuse=0 live=232 hidden=132 hooks=195 hook_bytes=1989000
  group=707 opens=1 closes=0 bakes=1 reuse=0 live=39 hidden=0 hooks=5 hook_bytes=51000
  group=109 opens=1 closes=0 bakes=1 reuse=0 live=96 hidden=13 hooks=10 hook_bytes=102000
  group=429 opens=1 closes=0 bakes=1 reuse=0 live=35 hidden=0 hooks=8 hook_bytes=81600
  group=182 opens=1 closes=0 bakes=1 reuse=0 live=94 hidden=3 hooks=10 hook_bytes=102000
  group=116 opens=1 closes=0 bakes=1 reuse=0 live=222 hidden=12 hooks=65 hook_bytes=663000
  group=216 opens=1 closes=0 bakes=1 reuse=0 live=124 hidden=0 hooks=61 hook_bytes=622200
  group=239 opens=1 closes=0 bakes=1 reuse=0 live=934 hidden=597 hooks=267 hook_bytes=2723400
  group=12 opens=32 closes=32 bakes=1 reuse=31 live=1781 hidden=73 hooks=1505 hook_bytes=15351000
  group=15 opens=32 closes=32 bakes=1 reuse=31 live=650 hidden=49 hooks=366 hook_bytes=3733200
  group=84 opens=32 closes=32 bakes=1 reuse=31 live=123 hidden=14 hooks=25 hook_bytes=255000
  group=729 opens=32 closes=32 bakes=0 reuse=32 live=36 hidden=1 hooks=6 hook_bytes=61200
  group=650 opens=32 closes=31 bakes=1 reuse=31 live=110 hidden=2 hooks=15 hook_bytes=153000
  group=894 opens=31 closes=31 bakes=1 reuse=30 live=413 hidden=5 hooks=117 hook_bytes=1193400
  group=32766 opens=0 closes=0 bakes=0 reuse=0 live=4 hidden=0 hooks=0 hook_bytes=0
torirs_stats: tick=9500 components=10119 live=10119 hidden=4384 freed=0 free_head=-1 inv_hooks=19 var_hooks=164 timers=28 timers_hidden=7 iface_parents=26
Dat2SpriteLoadByName: archive 'mapfunction' not found in sprites table
Dat2SpriteLoadByName: archive 'hitmark' not found in sprites table
CS2VM2: call depth 128 exhausted calling script 904 from script 904 (raise CS2VM_MAX_FRAMES)
Task_CS2Run: script 904 failed at opcode 40 pc 2 (invoked as script 903 for component 0xa10000)
  script 904: int_args=2 str_args=0 int_locals=2 str_locals=0 ops=4
  pc=0 op=33 PUSH_INT_LOCAL operand=0 str=(null)
  pc=1 op=33 PUSH_INT_LOCAL operand=1 str=(null)
  pc=2 op=40 GOSUB_WITH_PARAMS operand=904 str=(null)
  pc=3 op=21 RETURN operand=0 str=(null)
sim_hotkey: 'f12' -> osrs_key=12 at frame 32280
sim_hotkey: 'escape' -> osrs_key=13 at frame 32300
sim_hotkey: 'escape' -> osrs_key=13 at frame 32320
sim_hotkey: 'f1' -> osrs_key=1 at frame 32340
sim_hotkey: 'f2' -> osrs_key=2 at frame 32360
sim_hotkey: 'f3' -> osrs_key=3 at frame 32380
sim_hotkey: 'f4' -> osrs_key=4 at frame 32400
sim_hotkey: 'f5' -> osrs_key=5 at frame 32420
sim_hotkey: 'f6' -> osrs_key=6 at frame 32440
sim_hotkey: 'f7' -> osrs_key=7 at frame 32460
sim_hotkey: 'f8' -> osrs_key=8 at frame 32480
sim_hotkey: 'f9' -> osrs_key=9 at frame 32500
torirs_perf: window=64 frame_p95=4.67ms
sim_hotkey: 'f10' -> osrs_key=10 at frame 32520
sim_hotkey: 'f11' -> osrs_key=11 at frame 32540
sim_hotkey: 'f12' -> osrs_key=12 at frame 32560
sim_hotkey: 'escape' -> osrs_key=13 at frame 32580
sim_hotkey: 'escape' -> osrs_key=13 at frame 32600
sim_hotkey: 'f1' -> osrs_key=1 at frame 32620
Failed to load dat2 idk 307
Dat2SpriteLoadByName: archive 'mapfunction' not found in sprites table
Dat2SpriteLoadByName: archive 'hitmark' not found in sprites table
CS2VM2: call depth 128 exhausted calling script 904 from script 904 (raise CS2VM_MAX_FRAMES)
Task_CS2Run: script 904 failed at opcode 40 pc 2 (invoked as script 903 for component 0xa10000)
  script 904: int_args=2 str_args=0 int_locals=2 str_locals=0 ops=4
  pc=0 op=33 PUSH_INT_LOCAL operand=0 str=(null)
  pc=1 op=33 PUSH_INT_LOCAL operand=1 str=(null)
  pc=2 op=40 GOSUB_WITH_PARAMS operand=904 str=(null)
  pc=3 op=21 RETURN operand=0 str=(null)
Dat2SpriteLoadByName: archive 'mapfunction' not found in sprites table
Dat2SpriteLoadByName: archive 'hitmark' not found in sprites table
CS2VM2: call depth 128 exhausted calling script 904 from script 904 (raise CS2VM_MAX_FRAMES)
Task_CS2Run: script 904 failed at opcode 40 pc 2 (invoked as script 903 for component 0xa10000)
  script 904: int_args=2 str_args=0 int_locals=2 str_locals=0 ops=4
  pc=0 op=33 PUSH_INT_LOCAL operand=0 str=(null)
  pc=1 op=33 PUSH_INT_LOCAL operand=1 str=(null)
  pc=2 op=40 GOSUB_WITH_PARAMS operand=904 str=(null)
  pc=3 op=21 RETURN operand=0 str=(null)
sim_hotkey: 'f2' -> osrs_key=2 at frame 32640
sim_hotkey: 'f3' -> osrs_key=3 at frame 32660
sim_hotkey: 'f4' -> osrs_key=4 at frame 32680
sim_hotkey: 'f5' -> osrs_key=5 at frame 32700
sim_hotkey: 'f6' -> osrs_key=6 at frame 32720
sim_hotkey: 'f7' -> osrs_key=7 at frame 32740
sim_hotkey: 'f8' -> osrs_key=8 at frame 32760
Failed to load dat2 idk 307
Dat2SpriteLoadByName: archive 'mapfunction' not found in sprites table
Dat2SpriteLoadByName: archive 'hitmark' not found in sprites table
CS2VM2: call depth 128 exhausted calling script 904 from script 904 (raise CS2VM_MAX_FRAMES)
Task_CS2Run: script 904 failed at opcode 40 pc 2 (invoked as script 903 for component 0xa10000)
  script 904: int_args=2 str_args=0 int_locals=2 str_locals=0 ops=4
  pc=0 op=33 PUSH_INT_LOCAL operand=0 str=(null)
  pc=1 op=33 PUSH_INT_LOCAL operand=1 str=(null)
  pc=2 op=40 GOSUB_WITH_PARAMS operand=904 str=(null)
  pc=3 op=21 RETURN operand=0 str=(null)
sim_hotkey: 'f9' -> osrs_key=9 at frame 32780
sim_hotkey: 'f10' -> osrs_key=10 at frame 32800
sim_hotkey: 'f11' -> osrs_key=11 at frame 32820
spawn_npc: npc=2854 element=59755 tile=90,84 level=0 size=1 recolors=1 retextures=0
sim_hotkey: 'f12' -> osrs_key=12 at frame 32840
sim_hotkey: 'escape' -> osrs_key=13 at frame 32860
sim_hotkey: 'escape' -> osrs_key=13 at frame 32880
CS2VM2: call depth 128 exhausted calling script 904 from script 904 (raise CS2VM_MAX_FRAMES)
Task_CS2Run: script 904 failed at opcode 40 pc 2 (invoked as script 903 for component 0xa10000)
  script 904: int_args=2 str_args=0 int_locals=2 str_locals=0 ops=4
  pc=0 op=33 PUSH_INT_LOCAL operand=0 str=(null)
  pc=1 op=33 PUSH_INT_LOCAL operand=1 str=(null)
  pc=2 op=40 GOSUB_WITH_PARAMS operand=904 str=(null)
  pc=3 op=21 RETURN operand=0 str=(null)
CS2VM2: call depth 128 exhausted calling script 904 from script 904 (raise CS2VM_MAX_FRAMES)
Task_CS2Run: script 904 failed at opcode 40 pc 2 (invoked as script 903 for component 0xa10000)
  script 904: int_args=2 str_args=0 int_locals=2 str_locals=0 ops=4
  pc=0 op=33 PUSH_INT_LOCAL operand=0 str=(null)
  pc=1 op=33 PUSH_INT_LOCAL operand=1 str=(null)
  pc=2 op=40 GOSUB_WITH_PARAMS operand=904 str=(null)
  pc=3 op=21 RETURN operand=0 str=(null)
CS2VM2: call depth 128 exhausted calling script 904 from script 904 (raise CS2VM_MAX_FRAMES)
Task_CS2Run: script 904 failed at opcode 40 pc 2 (invoked as script 903 for component 0xa10000)
  script 904: int_args=2 str_args=0 int_locals=2 str_locals=0 ops=4
  pc=0 op=33 PUSH_INT_LOCAL operand=0 str=(null)
  pc=1 op=33 PUSH_INT_LOCAL operand=1 str=(null)
  pc=2 op=40 GOSUB_WITH_PARAMS operand=904 str=(null)
  pc=3 op=21 RETURN operand=0 str=(null)
CS2VM2: call depth 128 exhausted calling script 904 from script 904 (raise CS2VM_MAX_FRAMES)
Task_CS2Run: script 904 failed at opcode 40 pc 2 (invoked as script 903 for component 0xa10000)
  script 904: int_args=2 str_args=0 int_locals=2 str_locals=0 ops=4
  pc=0 op=33 PUSH_INT_LOCAL operand=0 str=(null)
  pc=1 op=33 PUSH_INT_LOCAL operand=1 str=(null)
  pc=2 op=40 GOSUB_WITH_PARAMS operand=904 str=(null)
  pc=3 op=21 RETURN operand=0 str=(null)
sim_hotkey: 'f1' -> osrs_key=1 at frame 32900
sim_hotkey: 'f2' -> osrs_key=2 at frame 32920
sim_hotkey: 'f3' -> osrs_key=3 at frame 32940
Dat2SpriteLoadByName: archive 'mapfunction' not found in sprites table
Dat2SpriteLoadByName: archive 'hitmark' not found in sprites table
CS2VM2: call depth 128 exhausted calling script 904 from script 904 (raise CS2VM_MAX_FRAMES)
Task_CS2Run: script 904 failed at opcode 40 pc 2 (invoked as script 903 for component 0xa10000)
  script 904: int_args=2 str_args=0 int_locals=2 str_locals=0 ops=4
  pc=0 op=33 PUSH_INT_LOCAL operand=0 str=(null)
  pc=1 op=33 PUSH_INT_LOCAL operand=1 str=(null)
  pc=2 op=40 GOSUB_WITH_PARAMS operand=904 str=(null)
  pc=3 op=21 RETURN operand=0 str=(null)
sim_hotkey: 'f4' -> osrs_key=4 at frame 32960
sim_hotkey: 'f5' -> osrs_key=5 at frame 32980
sim_hotkey: 'f6' -> osrs_key=6 at frame 33000
torirs_perf: window=65 frame_p95=5.36ms
sim_hotkey: 'f7' -> osrs_key=7 at frame 33020
sim_hotkey: 'f8' -> osrs_key=8 at frame 33040
sim_hotkey: 'f9' -> osrs_key=9 at frame 33060
sim_hotkey: 'f10' -> osrs_key=10 at frame 33080
sim_hotkey: 'f11' -> osrs_key=11 at frame 33100
sim_hotkey: 'f12' -> osrs_key=12 at frame 33120
torirs_iface_stats: tick=9750 groups=33
  group=161 opens=1 closes=0 bakes=1 reuse=0 live=106 hidden=14 hooks=22 hook_bytes=224400
  group=162 opens=1 closes=0 bakes=1 reuse=0 live=3222 hidden=2413 hooks=18 hook_bytes=183600
  group=651 opens=1 closes=0 bakes=1 reuse=0 live=7 hidden=0 hooks=0 hook_bytes=0
  group=708 opens=1 closes=0 bakes=1 reuse=0 live=13 hidden=1 hooks=4 hook_bytes=40800
  group=163 opens=1 closes=0 bakes=0 reuse=1 live=26 hidden=25 hooks=0 hook_bytes=0
  group=303 opens=1 closes=0 bakes=1 reuse=0 live=21 hidden=5 hooks=2 hook_bytes=20400
  group=90 opens=1 closes=0 bakes=1 reuse=0 live=60 hidden=13 hooks=13 hook_bytes=132600
  group=160 opens=1 closes=0 bakes=1 reuse=0 live=58 hidden=12 hooks=11 hook_bytes=112200
  group=122 opens=1 closes=0 bakes=1 reuse=0 live=33 hidden=15 hooks=9 hook_bytes=91800
  group=728 opens=1 closes=0 bakes=0 reuse=1 live=50 hidden=2 hooks=4 hook_bytes=40800
  group=896 opens=1 closes=0 bakes=0 reuse=1 live=903 hidden=902 hooks=0 hook_bytes=0
  group=593 opens=1 closes=0 bakes=1 reuse=0 live=117 hidden=7 hooks=6 hook_bytes=61200
  group=320 opens=1 closes=0 bakes=1 reuse=0 live=202 hidden=24 hooks=49 hook_bytes=499800
  group=629 opens=1 closes=0 bakes=1 reuse=0 live=46 hidden=5 hooks=3 hook_bytes=30600
  group=712 opens=1 closes=0 bakes=1 reuse=0 live=113 hidden=0 hooks=5 hook_bytes=51000
  group=149 opens=1 closes=0 bakes=0 reuse=1 live=29 hidden=0 hooks=28 hook_bytes=285600
  group=387 opens=1 closes=0 bakes=1 reuse=0 live=96 hidden=12 hooks=13 hook_bytes=132600
  group=541 opens=1 closes=0 bakes=1 reuse=0 live=124 hidden=33 hooks=30 hook_bytes=306000
  group=218 opens=1 closes=0 bakes=1 reuse=0 live=232 hidden=132 hooks=195 hook_bytes=1989000
  group=707 opens=1 closes=0 bakes=1 reuse=0 live=39 hidden=0 hooks=5 hook_bytes=51000
  group=109 opens=1 closes=0 bakes=1 reuse=0 live=96 hidden=13 hooks=10 hook_bytes=102000
  group=429 opens=1 closes=0 bakes=1 reuse=0 live=35 hidden=0 hooks=8 hook_bytes=81600
  group=182 opens=1 closes=0 bakes=1 reuse=0 live=94 hidden=3 hooks=10 hook_bytes=102000
  group=116 opens=1 closes=0 bakes=1 reuse=0 live=222 hidden=12 hooks=65 hook_bytes=663000
  group=216 opens=1 closes=0 bakes=1 reuse=0 live=124 hidden=0 hooks=61 hook_bytes=622200
  group=239 opens=1 closes=0 bakes=1 reuse=0 live=934 hidden=597 hooks=267 hook_bytes=2723400
  group=12 opens=33 closes=33 bakes=1 reuse=32 live=1781 hidden=73 hooks=1505 hook_bytes=15351000
  group=15 opens=33 closes=33 bakes=1 reuse=32 live=650 hidden=49 hooks=366 hook_bytes=3733200
  group=84 opens=33 closes=33 bakes=1 reuse=32 live=123 hidden=14 hooks=25 hook_bytes=255000
  group=729 opens=33 closes=32 bakes=0 reuse=33 live=36 hidden=0 hooks=6 hook_bytes=61200
  group=650 opens=32 closes=32 bakes=1 reuse=31 live=110 hidden=3 hooks=15 hook_bytes=153000
  group=894 opens=32 closes=32 bakes=1 reuse=31 live=413 hidden=5 hooks=117 hook_bytes=1193400
  group=32766 opens=0 closes=0 bakes=0 reuse=0 live=4 hidden=0 hooks=0 hook_bytes=0
torirs_stats: tick=9750 components=10119 live=10119 hidden=4384 freed=0 free_head=-1 inv_hooks=19 var_hooks=163 timers=28 timers_hidden=7 iface_parents=26
Dat2SpriteLoadByName: archive 'mapfunction' not found in sprites table
Dat2SpriteLoadByName: archive 'hitmark' not found in sprites table
Task_CS2Run: script 7188 failed at opcode 34 pc 14 (invoked as script 7128 for component 0x28a0000)
  script 7188: int_args=0 str_args=0 int_locals=1 str_locals=1 ops=31
  pc=0 op=0 PUSH_CONSTANT_INT operand=-1 str=(null)
  pc=1 op=34 POP_INT_LOCAL operand=0 str=(null)
  pc=2 op=3 PUSH_CONSTANT_STRING operand=0 str=
  pc=3 op=36 POP_STRING_LOCAL operand=0 str=(null)
  pc=4 op=25 PUSH_VARBIT operand=14881 str=(null)
  pc=5 op=60 SWITCH operand=0 str=(null)
  pc=6 op=3 PUSH_CONSTANT_STRING operand=0 str=graphic_4911
  pc=7 op=3 PUSH_CONSTANT_STRING operand=0 str=Grand Exchange value
  pc=8 op=36 POP_STRING_LOCAL operand=0 str=(null)
  pc=9 op=34 POP_INT_LOCAL operand=0 str=(null)
  pc=10 op=6 BRANCH operand=10 str=(null)
  pc=11 op=3 PUSH_CONSTANT_STRING operand=0 str=graphic_4912
  pc=12 op=3 PUSH_CONSTANT_STRING operand=0 str=High Alchemy value
  pc=13 op=36 POP_STRING_LOCAL operand=0 str=(null)
  pc=14 op=34 POP_INT_LOCAL operand=0 str=(null)
  pc=15 op=6 BRANCH operand=5 str=(null)
  pc=16 op=3 PUSH_CONSTANT_STRING operand=0 str=graphic_4911
CS2VM2: call depth 128 exhausted calling script 904 from script 904 (raise CS2VM_MAX_FRAMES)
Task_CS2Run: script 904 failed at opcode 40 pc 2 (invoked as script 903 for component 0xa10000)
  script 904: int_args=2 str_args=0 int_locals=2 str_locals=0 ops=4
  pc=0 op=33 PUSH_INT_LOCAL operand=0 str=(null)
  pc=1 op=33 PUSH_INT_LOCAL operand=1 str=(null)
  pc=2 op=40 GOSUB_WITH_PARAMS operand=904 str=(null)
  pc=3 op=21 RETURN operand=0 str=(null)
sim_hotkey: 'escape' -> osrs_key=13 at frame 33140
sim_hotkey: 'escape' -> osrs_key=13 at frame 33160
sim_hotkey: 'f1' -> osrs_key=1 at frame 33180
sim_hotkey: 'f2' -> osrs_key=2 at frame 33200
sim_hotkey: 'f3' -> osrs_key=3 at frame 33220
sim_hotkey: 'f4' -> osrs_key=4 at frame 33240
sim_hotkey: 'f5' -> osrs_key=5 at frame 33260
sim_hotkey: 'f6' -> osrs_key=6 at frame 33280
sim_hotkey: 'f7' -> osrs_key=7 at frame 33300
Dat2SpriteLoadByName: archive 'mapfunction' not found in sprites table
Dat2SpriteLoadByName: archive 'hitmark' not found in sprites table
CS2VM2: call depth 128 exhausted calling script 904 from script 904 (raise CS2VM_MAX_FRAMES)
Task_CS2Run: script 904 failed at opcode 40 pc 2 (invoked as script 903 for component 0xa10000)
  script 904: int_args=2 str_args=0 int_locals=2 str_locals=0 ops=4
  pc=0 op=33 PUSH_INT_LOCAL operand=0 str=(null)
  pc=1 op=33 PUSH_INT_LOCAL operand=1 str=(null)
  pc=2 op=40 GOSUB_WITH_PARAMS operand=904 str=(null)
  pc=3 op=21 RETURN operand=0 str=(null)
sim_hotkey: 'f8' -> osrs_key=8 at frame 33320
sim_hotkey: 'f9' -> osrs_key=9 at frame 33340
sim_hotkey: 'f10' -> osrs_key=10 at frame 33360
sim_hotkey: 'f11' -> osrs_key=11 at frame 33380
sim_hotkey: 'f12' -> osrs_key=12 at frame 33400
sim_hotkey: 'escape' -> osrs_key=13 at frame 33420
sim_hotkey: 'escape' -> osrs_key=13 at frame 33440
sim_hotkey: 'f1' -> osrs_key=1 at frame 33460
sim_hotkey: 'f2' -> osrs_key=2 at frame 33480
sim_hotkey: 'f3' -> osrs_key=3 at frame 33500
torirs_perf: window=66 frame_p95=5.02ms
sim_hotkey: 'f4' -> osrs_key=4 at frame 33520
sim_hotkey: 'f5' -> osrs_key=5 at frame 33540
sim_hotkey: 'f6' -> osrs_key=6 at frame 33560
sim_hotkey: 'f7' -> osrs_key=7 at frame 33580
sim_hotkey: 'f8' -> osrs_key=8 at frame 33600
sim_hotkey: 'f9' -> osrs_key=9 at frame 33620
sim_hotkey: 'f10' -> osrs_key=10 at frame 33640
sim_hotkey: 'f11' -> osrs_key=11 at frame 33660
Failed to load dat2 idk 307
Dat2SpriteLoadByName: archive 'mapfunction' not found in sprites table
Dat2SpriteLoadByName: archive 'hitmark' not found in sprites table
CS2VM2: call depth 128 exhausted calling script 904 from script 904 (raise CS2VM_MAX_FRAMES)
Task_CS2Run: script 904 failed at opcode 40 pc 2 (invoked as script 903 for component 0xa10000)
  script 904: int_args=2 str_args=0 int_locals=2 str_locals=0 ops=4
  pc=0 op=33 PUSH_INT_LOCAL operand=0 str=(null)
  pc=1 op=33 PUSH_INT_LOCAL operand=1 str=(null)
  pc=2 op=40 GOSUB_WITH_PARAMS operand=904 str=(null)
  pc=3 op=21 RETURN operand=0 str=(null)
Dat2SpriteLoadByName: archive 'mapfunction' not found in sprites table
Dat2SpriteLoadByName: archive 'hitmark' not found in sprites table
CS2VM2: call depth 128 exhausted calling script 904 from script 904 (raise CS2VM_MAX_FRAMES)
Task_CS2Run: script 904 failed at opcode 40 pc 2 (invoked as script 903 for component 0xa10000)
  script 904: int_args=2 str_args=0 int_locals=2 str_locals=0 ops=4
  pc=0 op=33 PUSH_INT_LOCAL operand=0 str=(null)
  pc=1 op=33 PUSH_INT_LOCAL operand=1 str=(null)
  pc=2 op=40 GOSUB_WITH_PARAMS operand=904 str=(null)
  pc=3 op=21 RETURN operand=0 str=(null)
sim_hotkey: 'f12' -> osrs_key=12 at frame 33680
sim_hotkey: 'escape' -> osrs_key=13 at frame 33700
sim_hotkey: 'escape' -> osrs_key=13 at frame 33720
CS2VM2: call depth 128 exhausted calling script 904 from script 904 (raise CS2VM_MAX_FRAMES)
Task_CS2Run: script 904 failed at opcode 40 pc 2 (invoked as script 903 for component 0xa10000)
  script 904: int_args=2 str_args=0 int_locals=2 str_locals=0 ops=4
  pc=0 op=33 PUSH_INT_LOCAL operand=0 str=(null)
  pc=1 op=33 PUSH_INT_LOCAL operand=1 str=(null)
  pc=2 op=40 GOSUB_WITH_PARAMS operand=904 str=(null)
  pc=3 op=21 RETURN operand=0 str=(null)
CS2VM2: call depth 128 exhausted calling script 904 from script 904 (raise CS2VM_MAX_FRAMES)
Task_CS2Run: script 904 failed at opcode 40 pc 2 (invoked as script 903 for component 0xa10000)
  script 904: int_args=2 str_args=0 int_locals=2 str_locals=0 ops=4
  pc=0 op=33 PUSH_INT_LOCAL operand=0 str=(null)
  pc=1 op=33 PUSH_INT_LOCAL operand=1 str=(null)
  pc=2 op=40 GOSUB_WITH_PARAMS operand=904 str=(null)
  pc=3 op=21 RETURN operand=0 str=(null)
CS2VM2: call depth 128 exhausted calling script 904 from script 904 (raise CS2VM_MAX_FRAMES)
Task_CS2Run: script 904 failed at opcode 40 pc 2 (invoked as script 903 for component 0xa10000)
  script 904: int_args=2 str_args=0 int_locals=2 str_locals=0 ops=4
  pc=0 op=33 PUSH_INT_LOCAL operand=0 str=(null)
  pc=1 op=33 PUSH_INT_LOCAL operand=1 str=(null)
  pc=2 op=40 GOSUB_WITH_PARAMS operand=904 str=(null)
  pc=3 op=21 RETURN operand=0 str=(null)
CS2VM2: call depth 128 exhausted calling script 904 from script 904 (raise CS2VM_MAX_FRAMES)
Task_CS2Run: script 904 failed at opcode 40 pc 2 (invoked as script 903 for component 0xa10000)
  script 904: int_args=2 str_args=0 int_locals=2 str_locals=0 ops=4
  pc=0 op=33 PUSH_INT_LOCAL operand=0 str=(null)
  pc=1 op=33 PUSH_INT_LOCAL operand=1 str=(null)
  pc=2 op=40 GOSUB_WITH_PARAMS operand=904 str=(null)
  pc=3 op=21 RETURN operand=0 str=(null)
sim_hotkey: 'f1' -> osrs_key=1 at frame 33740
sim_hotkey: 'f2' -> osrs_key=2 at frame 33760
sim_hotkey: 'f3' -> osrs_key=3 at frame 33780
sim_hotkey: 'f4' -> osrs_key=4 at frame 33800
sim_hotkey: 'f5' -> osrs_key=5 at frame 33820
Failed to load dat2 idk 307
Dat2SpriteLoadByName: archive 'mapfunction' not found in sprites table
Dat2SpriteLoadByName: archive 'hitmark' not found in sprites table
CS2VM2: call depth 128 exhausted calling script 904 from script 904 (raise CS2VM_MAX_FRAMES)
Task_CS2Run: script 904 failed at opcode 40 pc 2 (invoked as script 903 for component 0xa10000)
  script 904: int_args=2 str_args=0 int_locals=2 str_locals=0 ops=4
  pc=0 op=33 PUSH_INT_LOCAL operand=0 str=(null)
  pc=1 op=33 PUSH_INT_LOCAL operand=1 str=(null)
  pc=2 op=40 GOSUB_WITH_PARAMS operand=904 str=(null)
  pc=3 op=21 RETURN operand=0 str=(null)
sim_hotkey: 'f6' -> osrs_key=6 at frame 33840
sim_hotkey: 'f7' -> osrs_key=7 at frame 33860
sim_hotkey: 'f8' -> osrs_key=8 at frame 33880
sim_hotkey: 'f9' -> osrs_key=9 at frame 33900
sim_hotkey: 'f10' -> osrs_key=10 at frame 33920
sim_hotkey: 'f11' -> osrs_key=11 at frame 33940
sim_hotkey: 'f12' -> osrs_key=12 at frame 33960
sim_hotkey: 'escape' -> osrs_key=13 at frame 33980
torirs_iface_stats: tick=10000 groups=33
  group=161 opens=1 closes=0 bakes=1 reuse=0 live=106 hidden=14 hooks=22 hook_bytes=224400
  group=162 opens=1 closes=0 bakes=1 reuse=0 live=3222 hidden=2413 hooks=18 hook_bytes=183600
  group=651 opens=1 closes=0 bakes=1 reuse=0 live=7 hidden=0 hooks=0 hook_bytes=0
  group=708 opens=1 closes=0 bakes=1 reuse=0 live=13 hidden=1 hooks=4 hook_bytes=40800
  group=163 opens=1 closes=0 bakes=0 reuse=1 live=26 hidden=25 hooks=0 hook_bytes=0
  group=303 opens=1 closes=0 bakes=1 reuse=0 live=21 hidden=5 hooks=2 hook_bytes=20400
  group=90 opens=1 closes=0 bakes=1 reuse=0 live=60 hidden=13 hooks=13 hook_bytes=132600
  group=160 opens=1 closes=0 bakes=1 reuse=0 live=58 hidden=12 hooks=11 hook_bytes=112200
  group=122 opens=1 closes=0 bakes=1 reuse=0 live=33 hidden=15 hooks=9 hook_bytes=91800
  group=728 opens=1 closes=0 bakes=0 reuse=1 live=50 hidden=2 hooks=4 hook_bytes=40800
  group=896 opens=1 closes=0 bakes=0 reuse=1 live=903 hidden=902 hooks=0 hook_bytes=0
  group=593 opens=1 closes=0 bakes=1 reuse=0 live=117 hidden=7 hooks=6 hook_bytes=61200
  group=320 opens=1 closes=0 bakes=1 reuse=0 live=202 hidden=24 hooks=49 hook_bytes=499800
  group=629 opens=1 closes=0 bakes=1 reuse=0 live=46 hidden=5 hooks=3 hook_bytes=30600
  group=712 opens=1 closes=0 bakes=1 reuse=0 live=113 hidden=0 hooks=5 hook_bytes=51000
  group=149 opens=1 closes=0 bakes=0 reuse=1 live=29 hidden=0 hooks=28 hook_bytes=285600
  group=387 opens=1 closes=0 bakes=1 reuse=0 live=96 hidden=12 hooks=13 hook_bytes=132600
  group=541 opens=1 closes=0 bakes=1 reuse=0 live=124 hidden=33 hooks=30 hook_bytes=306000
  group=218 opens=1 closes=0 bakes=1 reuse=0 live=232 hidden=132 hooks=195 hook_bytes=1989000
  group=707 opens=1 closes=0 bakes=1 reuse=0 live=39 hidden=0 hooks=5 hook_bytes=51000
  group=109 opens=1 closes=0 bakes=1 reuse=0 live=96 hidden=13 hooks=10 hook_bytes=102000
  group=429 opens=1 closes=0 bakes=1 reuse=0 live=35 hidden=0 hooks=8 hook_bytes=81600
  group=182 opens=1 closes=0 bakes=1 reuse=0 live=94 hidden=3 hooks=10 hook_bytes=102000
  group=116 opens=1 closes=0 bakes=1 reuse=0 live=222 hidden=12 hooks=65 hook_bytes=663000
  group=216 opens=1 closes=0 bakes=1 reuse=0 live=124 hidden=0 hooks=61 hook_bytes=622200
  group=239 opens=1 closes=0 bakes=1 reuse=0 live=934 hidden=597 hooks=267 hook_bytes=2723400
  group=12 opens=34 closes=34 bakes=1 reuse=33 live=1781 hidden=73 hooks=1505 hook_bytes=15351000
  group=15 opens=34 closes=34 bakes=1 reuse=33 live=650 hidden=49 hooks=366 hook_bytes=3733200
  group=84 opens=34 closes=33 bakes=1 reuse=33 live=123 hidden=13 hooks=25 hook_bytes=255000
  group=729 opens=33 closes=33 bakes=0 reuse=33 live=36 hidden=1 hooks=6 hook_bytes=61200
  group=650 opens=33 closes=33 bakes=1 reuse=32 live=110 hidden=3 hooks=15 hook_bytes=153000
  group=894 opens=33 closes=32 bakes=1 reuse=32 live=413 hidden=4 hooks=117 hook_bytes=1193400
  group=32766 opens=0 closes=0 bakes=0 reuse=0 live=4 hidden=0 hooks=0 hook_bytes=0
torirs_stats: tick=10000 components=10119 live=10119 hidden=4383 freed=0 free_head=-1 inv_hooks=34 var_hooks=168 timers=28 timers_hidden=7 iface_parents=27
Dat2SpriteLoadByName: archive 'mapfunction' not found in sprites table
Dat2SpriteLoadByName: archive 'hitmark' not found in sprites table
CS2VM2: call depth 128 exhausted calling script 904 from script 904 (raise CS2VM_MAX_FRAMES)
Task_CS2Run: script 904 failed at opcode 40 pc 2 (invoked as script 903 for component 0xa10000)
  script 904: int_args=2 str_args=0 int_locals=2 str_locals=0 ops=4
  pc=0 op=33 PUSH_INT_LOCAL operand=0 str=(null)
  pc=1 op=33 PUSH_INT_LOCAL operand=1 str=(null)
  pc=2 op=40 GOSUB_WITH_PARAMS operand=904 str=(null)
  pc=3 op=21 RETURN operand=0 str=(null)
sim_hotkey: 'escape' -> osrs_key=13 at frame 34000
CS2VM2: call depth 128 exhausted calling script 904 from script 904 (raise CS2VM_MAX_FRAMES)
Task_CS2Run: script 904 failed at opcode 40 pc 2 (invoked as script 903 for component 0xa10000)
  script 904: int_args=2 str_args=0 int_locals=2 str_locals=0 ops=4
  pc=0 op=33 PUSH_INT_LOCAL operand=0 str=(null)
  pc=1 op=33 PUSH_INT_LOCAL operand=1 str=(null)
  pc=2 op=40 GOSUB_WITH_PARAMS operand=904 str=(null)
  pc=3 op=21 RETURN operand=0 str=(null)
CS2VM2: call depth 128 exhausted calling script 904 from script 904 (raise CS2VM_MAX_FRAMES)
Task_CS2Run: script 904 failed at opcode 40 pc 2 (invoked as script 903 for component 0xa10000)
  script 904: int_args=2 str_args=0 int_locals=2 str_locals=0 ops=4
  pc=0 op=33 PUSH_INT_LOCAL operand=0 str=(null)
  pc=1 op=33 PUSH_INT_LOCAL operand=1 str=(null)
  pc=2 op=40 GOSUB_WITH_PARAMS operand=904 str=(null)
  pc=3 op=21 RETURN operand=0 str=(null)
torirs_perf: window=67 frame_p95=5.33ms
sim_hotkey: 'f1' -> osrs_key=1 at frame 34020
sim_hotkey: 'f2' -> osrs_key=2 at frame 34040
sim_hotkey: 'f3' -> osrs_key=3 at frame 34060
sim_hotkey: 'f4' -> osrs_key=4 at frame 34080
sim_hotkey: 'f5' -> osrs_key=5 at frame 34100
sim_hotkey: 'f6' -> osrs_key=6 at frame 34120
sim_hotkey: 'f7' -> osrs_key=7 at frame 34140
sim_hotkey: 'f8' -> osrs_key=8 at frame 34160
Dat2SpriteLoadByName: archive 'mapfunction' not found in sprites table
Dat2SpriteLoadByName: archive 'hitmark' not found in sprites table
Task_CS2Run: script 7188 failed at opcode 34 pc 14 (invoked as script 7128 for component 0x28a0000)
  script 7188: int_args=0 str_args=0 int_locals=1 str_locals=1 ops=31
  pc=0 op=0 PUSH_CONSTANT_INT operand=-1 str=(null)
  pc=1 op=34 POP_INT_LOCAL operand=0 str=(null)
  pc=2 op=3 PUSH_CONSTANT_STRING operand=0 str=
  pc=3 op=36 POP_STRING_LOCAL operand=0 str=(null)
  pc=4 op=25 PUSH_VARBIT operand=14881 str=(null)
  pc=5 op=60 SWITCH operand=0 str=(null)
  pc=6 op=3 PUSH_CONSTANT_STRING operand=0 str=graphic_4911
  pc=7 op=3 PUSH_CONSTANT_STRING operand=0 str=Grand Exchange value
  pc=8 op=36 POP_STRING_LOCAL operand=0 str=(null)
  pc=9 op=34 POP_INT_LOCAL operand=0 str=(null)
  pc=10 op=6 BRANCH operand=10 str=(null)
  pc=11 op=3 PUSH_CONSTANT_STRING operand=0 str=graphic_4912
  pc=12 op=3 PUSH_CONSTANT_STRING operand=0 str=High Alchemy value
  pc=13 op=36 POP_STRING_LOCAL operand=0 str=(null)
  pc=14 op=34 POP_INT_LOCAL operand=0 str=(null)
  pc=15 op=6 BRANCH operand=5 str=(null)
  pc=16 op=3 PUSH_CONSTANT_STRING operand=0 str=graphic_4911
CS2VM2: call depth 128 exhausted calling script 904 from script 904 (raise CS2VM_MAX_FRAMES)
Task_CS2Run: script 904 failed at opcode 40 pc 2 (invoked as script 903 for component 0xa10000)
  script 904: int_args=2 str_args=0 int_locals=2 str_locals=0 ops=4
  pc=0 op=33 PUSH_INT_LOCAL operand=0 str=(null)
  pc=1 op=33 PUSH_INT_LOCAL operand=1 str=(null)
  pc=2 op=40 GOSUB_WITH_PARAMS operand=904 str=(null)
  pc=3 op=21 RETURN operand=0 str=(null)
sim_hotkey: 'f9' -> osrs_key=9 at frame 34180
sim_hotkey: 'f10' -> osrs_key=10 at frame 34200
sim_hotkey: 'f11' -> osrs_key=11 at frame 34220
sim_hotkey: 'f12' -> osrs_key=12 at frame 34240
sim_hotkey: 'escape' -> osrs_key=13 at frame 34260
sim_hotkey: 'escape' -> osrs_key=13 at frame 34280
sim_hotkey: 'f1' -> osrs_key=1 at frame 34300
sim_hotkey: 'f2' -> osrs_key=2 at frame 34320
sim_hotkey: 'f3' -> osrs_key=3 at frame 34340
Dat2SpriteLoadByName: archive 'mapfunction' not found in sprites table
Dat2SpriteLoadByName: archive 'hitmark' not found in sprites table
CS2VM2: call depth 128 exhausted calling script 904 from script 904 (raise CS2VM_MAX_FRAMES)
Task_CS2Run: script 904 failed at opcode 40 pc 2 (invoked as script 903 for component 0xa10000)
  script 904: int_args=2 str_args=0 int_locals=2 str_locals=0 ops=4
  pc=0 op=33 PUSH_INT_LOCAL operand=0 str=(null)
  pc=1 op=33 PUSH_INT_LOCAL operand=1 str=(null)
  pc=2 op=40 GOSUB_WITH_PARAMS operand=904 str=(null)
  pc=3 op=21 RETURN operand=0 str=(null)
sim_hotkey: 'f4' -> osrs_key=4 at frame 34360
sim_hotkey: 'f5' -> osrs_key=5 at frame 34380
sim_hotkey: 'f6' -> osrs_key=6 at frame 34400
sim_hotkey: 'f7' -> osrs_key=7 at frame 34420
sim_hotkey: 'f8' -> osrs_key=8 at frame 34440
sim_hotkey: 'f9' -> osrs_key=9 at frame 34460
sim_hotkey: 'f10' -> osrs_key=10 at frame 34480
sim_hotkey: 'f11' -> osrs_key=11 at frame 34500
torirs_perf: window=68 frame_p95=4.62ms
sim_hotkey: 'f12' -> osrs_key=12 at frame 34520
spawn_npc: npc=2854 element=59753 tile=90,84 level=0 size=1 recolors=1 retextures=0
sim_hotkey: 'escape' -> osrs_key=13 at frame 34540
sim_hotkey: 'escape' -> osrs_key=13 at frame 34560
sim_hotkey: 'f1' -> osrs_key=1 at frame 34580
sim_hotkey: 'f2' -> osrs_key=2 at frame 34600
sim_hotkey: 'f3' -> osrs_key=3 at frame 34620
sim_hotkey: 'f4' -> osrs_key=4 at frame 34640
sim_hotkey: 'f5' -> osrs_key=5 at frame 34660
sim_hotkey: 'f6' -> osrs_key=6 at frame 34680
sim_hotkey: 'f7' -> osrs_key=7 at frame 34700
Failed to load dat2 idk 307
Dat2SpriteLoadByName: archive 'mapfunction' not found in sprites table
Dat2SpriteLoadByName: archive 'hitmark' not found in sprites table
CS2VM2: call depth 128 exhausted calling script 904 from script 904 (raise CS2VM_MAX_FRAMES)
Task_CS2Run: script 904 failed at opcode 40 pc 2 (invoked as script 903 for component 0xa10000)
  script 904: int_args=2 str_args=0 int_locals=2 str_locals=0 ops=4
  pc=0 op=33 PUSH_INT_LOCAL operand=0 str=(null)
  pc=1 op=33 PUSH_INT_LOCAL operand=1 str=(null)
  pc=2 op=40 GOSUB_WITH_PARAMS operand=904 str=(null)
  pc=3 op=21 RETURN operand=0 str=(null)
Dat2SpriteLoadByName: archive 'mapfunction' not found in sprites table
Dat2SpriteLoadByName: archive 'hitmark' not found in sprites table
CS2VM2: call depth 128 exhausted calling script 904 from script 904 (raise CS2VM_MAX_FRAMES)
Task_CS2Run: script 904 failed at opcode 40 pc 2 (invoked as script 903 for component 0xa10000)
  script 904: int_args=2 str_args=0 int_locals=2 str_locals=0 ops=4
  pc=0 op=33 PUSH_INT_LOCAL operand=0 str=(null)
  pc=1 op=33 PUSH_INT_LOCAL operand=1 str=(null)
  pc=2 op=40 GOSUB_WITH_PARAMS operand=904 str=(null)
  pc=3 op=21 RETURN operand=0 str=(null)
sim_hotkey: 'f8' -> osrs_key=8 at frame 34720
sim_hotkey: 'f9' -> osrs_key=9 at frame 34740
sim_hotkey: 'f10' -> osrs_key=10 at frame 34760
sim_hotkey: 'f11' -> osrs_key=11 at frame 34780
sim_hotkey: 'f12' -> osrs_key=12 at frame 34800
sim_hotkey: 'escape' -> osrs_key=13 at frame 34820
sim_hotkey: 'escape' -> osrs_key=13 at frame 34840
CS2VM2: call depth 128 exhausted calling script 904 from script 904 (raise CS2VM_MAX_FRAMES)
Task_CS2Run: script 904 failed at opcode 40 pc 2 (invoked as script 903 for component 0xa10000)
  script 904: int_args=2 str_args=0 int_locals=2 str_locals=0 ops=4
  pc=0 op=33 PUSH_INT_LOCAL operand=0 str=(null)
  pc=1 op=33 PUSH_INT_LOCAL operand=1 str=(null)
  pc=2 op=40 GOSUB_WITH_PARAMS operand=904 str=(null)
  pc=3 op=21 RETURN operand=0 str=(null)
CS2VM2: call depth 128 exhausted calling script 904 from script 904 (raise CS2VM_MAX_FRAMES)
Task_CS2Run: script 904 failed at opcode 40 pc 2 (invoked as script 903 for component 0xa10000)
  script 904: int_args=2 str_args=0 int_locals=2 str_locals=0 ops=4
  pc=0 op=33 PUSH_INT_LOCAL operand=0 str=(null)
  pc=1 op=33 PUSH_INT_LOCAL operand=1 str=(null)
  pc=2 op=40 GOSUB_WITH_PARAMS operand=904 str=(null)
  pc=3 op=21 RETURN operand=0 str=(null)
CS2VM2: call depth 128 exhausted calling script 904 from script 904 (raise CS2VM_MAX_FRAMES)
Task_CS2Run: script 904 failed at opcode 40 pc 2 (invoked as script 903 for component 0xa10000)
  script 904: int_args=2 str_args=0 int_locals=2 str_locals=0 ops=4
  pc=0 op=33 PUSH_INT_LOCAL operand=0 str=(null)
  pc=1 op=33 PUSH_INT_LOCAL operand=1 str=(null)
  pc=2 op=40 GOSUB_WITH_PARAMS operand=904 str=(null)
  pc=3 op=21 RETURN operand=0 str=(null)
CS2VM2: call depth 128 exhausted calling script 904 from script 904 (raise CS2VM_MAX_FRAMES)
Task_CS2Run: script 904 failed at opcode 40 pc 2 (invoked as script 903 for component 0xa10000)
  script 904: int_args=2 str_args=0 int_locals=2 str_locals=0 ops=4
  pc=0 op=33 PUSH_INT_LOCAL operand=0 str=(null)
  pc=1 op=33 PUSH_INT_LOCAL operand=1 str=(null)
  pc=2 op=40 GOSUB_WITH_PARAMS operand=904 str=(null)
  pc=3 op=21 RETURN operand=0 str=(null)
torirs_iface_stats: tick=10250 groups=33
  group=161 opens=1 closes=0 bakes=1 reuse=0 live=106 hidden=14 hooks=22 hook_bytes=224400
  group=162 opens=1 closes=0 bakes=1 reuse=0 live=3222 hidden=2413 hooks=18 hook_bytes=183600
  group=651 opens=1 closes=0 bakes=1 reuse=0 live=7 hidden=0 hooks=0 hook_bytes=0
  group=708 opens=1 closes=0 bakes=1 reuse=0 live=13 hidden=1 hooks=4 hook_bytes=40800
  group=163 opens=1 closes=0 bakes=0 reuse=1 live=26 hidden=25 hooks=0 hook_bytes=0
  group=303 opens=1 closes=0 bakes=1 reuse=0 live=21 hidden=5 hooks=2 hook_bytes=20400
  group=90 opens=1 closes=0 bakes=1 reuse=0 live=60 hidden=13 hooks=13 hook_bytes=132600
  group=160 opens=1 closes=0 bakes=1 reuse=0 live=58 hidden=12 hooks=11 hook_bytes=112200
  group=122 opens=1 closes=0 bakes=1 reuse=0 live=33 hidden=15 hooks=9 hook_bytes=91800
  group=728 opens=1 closes=0 bakes=0 reuse=1 live=50 hidden=2 hooks=4 hook_bytes=40800
  group=896 opens=1 closes=0 bakes=0 reuse=1 live=903 hidden=902 hooks=0 hook_bytes=0
  group=593 opens=1 closes=0 bakes=1 reuse=0 live=117 hidden=7 hooks=6 hook_bytes=61200
  group=320 opens=1 closes=0 bakes=1 reuse=0 live=202 hidden=24 hooks=49 hook_bytes=499800
  group=629 opens=1 closes=0 bakes=1 reuse=0 live=46 hidden=5 hooks=3 hook_bytes=30600
  group=712 opens=1 closes=0 bakes=1 reuse=0 live=113 hidden=0 hooks=5 hook_bytes=51000
  group=149 opens=1 closes=0 bakes=0 reuse=1 live=29 hidden=0 hooks=28 hook_bytes=285600
  group=387 opens=1 closes=0 bakes=1 reuse=0 live=96 hidden=12 hooks=13 hook_bytes=132600
  group=541 opens=1 closes=0 bakes=1 reuse=0 live=124 hidden=33 hooks=30 hook_bytes=306000
  group=218 opens=1 closes=0 bakes=1 reuse=0 live=232 hidden=132 hooks=195 hook_bytes=1989000
  group=707 opens=1 closes=0 bakes=1 reuse=0 live=39 hidden=0 hooks=5 hook_bytes=51000
  group=109 opens=1 closes=0 bakes=1 reuse=0 live=96 hidden=13 hooks=10 hook_bytes=102000
  group=429 opens=1 closes=0 bakes=1 reuse=0 live=35 hidden=0 hooks=8 hook_bytes=81600
  group=182 opens=1 closes=0 bakes=1 reuse=0 live=94 hidden=3 hooks=10 hook_bytes=102000
  group=116 opens=1 closes=0 bakes=1 reuse=0 live=222 hidden=12 hooks=65 hook_bytes=663000
  group=216 opens=1 closes=0 bakes=1 reuse=0 live=124 hidden=0 hooks=61 hook_bytes=622200
  group=239 opens=1 closes=0 bakes=1 reuse=0 live=934 hidden=597 hooks=267 hook_bytes=2723400
  group=12 opens=35 closes=35 bakes=1 reuse=34 live=1781 hidden=73 hooks=1505 hook_bytes=15351000
  group=15 opens=35 closes=35 bakes=1 reuse=34 live=650 hidden=49 hooks=366 hook_bytes=3733200
  group=84 opens=34 closes=34 bakes=1 reuse=33 live=123 hidden=14 hooks=25 hook_bytes=255000
  group=729 opens=34 closes=34 bakes=0 reuse=34 live=36 hidden=1 hooks=6 hook_bytes=61200
  group=650 opens=34 closes=34 bakes=1 reuse=33 live=110 hidden=3 hooks=15 hook_bytes=153000
  group=894 opens=34 closes=33 bakes=1 reuse=33 live=413 hidden=4 hooks=117 hook_bytes=1193400
  group=32766 opens=0 closes=0 bakes=0 reuse=0 live=4 hidden=0 hooks=0 hook_bytes=0
torirs_stats: tick=10250 components=10119 live=10119 hidden=4384 freed=0 free_head=-1 inv_hooks=19 var_hooks=163 timers=28 timers_hidden=7 iface_parents=26
Failed to load dat2 idk 307
Dat2SpriteLoadByName: archive 'mapfunction' not found in sprites table
Dat2SpriteLoadByName: archive 'hitmark' not found in sprites table
CS2VM2: call depth 128 exhausted calling script 904 from script 904 (raise CS2VM_MAX_FRAMES)
Task_CS2Run: script 904 failed at opcode 40 pc 2 (invoked as script 903 for component 0xa10000)
  script 904: int_args=2 str_args=0 int_locals=2 str_locals=0 ops=4
  pc=0 op=33 PUSH_INT_LOCAL operand=0 str=(null)
  pc=1 op=33 PUSH_INT_LOCAL operand=1 str=(null)
  pc=2 op=40 GOSUB_WITH_PARAMS operand=904 str=(null)
  pc=3 op=21 RETURN operand=0 str=(null)
sim_hotkey: 'f1' -> osrs_key=1 at frame 34860
CS2VM2: call depth 128 exhausted calling script 904 from script 904 (raise CS2VM_MAX_FRAMES)
Task_CS2Run: script 904 failed at opcode 40 pc 2 (invoked as script 903 for component 0xa10000)
  script 904: int_args=2 str_args=0 int_locals=2 str_locals=0 ops=4
  pc=0 op=33 PUSH_INT_LOCAL operand=0 str=(null)
  pc=1 op=33 PUSH_INT_LOCAL operand=1 str=(null)
  pc=2 op=40 GOSUB_WITH_PARAMS operand=904 str=(null)
  pc=3 op=21 RETURN operand=0 str=(null)
CS2VM2: call depth 128 exhausted calling script 904 from script 904 (raise CS2VM_MAX_FRAMES)
Task_CS2Run: script 904 failed at opcode 40 pc 2 (invoked as script 903 for component 0xa10000)
  script 904: int_args=2 str_args=0 int_locals=2 str_locals=0 ops=4
  pc=0 op=33 PUSH_INT_LOCAL operand=0 str=(null)
  pc=1 op=33 PUSH_INT_LOCAL operand=1 str=(null)
  pc=2 op=40 GOSUB_WITH_PARAMS operand=904 str=(null)
  pc=3 op=21 RETURN operand=0 str=(null)
sim_hotkey: 'f2' -> osrs_key=2 at frame 34880
sim_hotkey: 'f3' -> osrs_key=3 at frame 34900
sim_hotkey: 'f4' -> osrs_key=4 at frame 34920
sim_hotkey: 'f5' -> osrs_key=5 at frame 34940
sim_hotkey: 'f6' -> osrs_key=6 at frame 34960
sim_hotkey: 'f7' -> osrs_key=7 at frame 34980
sim_hotkey: 'f8' -> osrs_key=8 at frame 35000
torirs_perf: window=69 frame_p95=5.39ms
sim_hotkey: 'f9' -> osrs_key=9 at frame 35020
Dat2SpriteLoadByName: archive 'mapfunction' not found in sprites table
Dat2SpriteLoadByName: archive 'hitmark' not found in sprites table
CS2VM2: call depth 128 exhausted calling script 904 from script 904 (raise CS2VM_MAX_FRAMES)
Task_CS2Run: script 904 failed at opcode 40 pc 2 (invoked as script 903 for component 0xa10000)
  script 904: int_args=2 str_args=0 int_locals=2 str_locals=0 ops=4
  pc=0 op=33 PUSH_INT_LOCAL operand=0 str=(null)
  pc=1 op=33 PUSH_INT_LOCAL operand=1 str=(null)
  pc=2 op=40 GOSUB_WITH_PARAMS operand=904 str=(null)
  pc=3 op=21 RETURN operand=0 str=(null)
sim_hotkey: 'f10' -> osrs_key=10 at frame 35040
sim_hotkey: 'f11' -> osrs_key=11 at frame 35060
sim_hotkey: 'f12' -> osrs_key=12 at frame 35080
sim_hotkey: 'escape' -> osrs_key=13 at frame 35100
sim_hotkey: 'escape' -> osrs_key=13 at frame 35120
sim_hotkey: 'f1' -> osrs_key=1 at frame 35140
sim_hotkey: 'f2' -> osrs_key=2 at frame 35160
sim_hotkey: 'f3' -> osrs_key=3 at frame 35180
sim_hotkey: 'f4' -> osrs_key=4 at frame 35200
Dat2SpriteLoadByName: archive 'mapfunction' not found in sprites table
Dat2SpriteLoadByName: archive 'hitmark' not found in sprites table
Task_CS2Run: script 7188 failed at opcode 34 pc 14 (invoked as script 7128 for component 0x28a0000)
  script 7188: int_args=0 str_args=0 int_locals=1 str_locals=1 ops=31
  pc=0 op=0 PUSH_CONSTANT_INT operand=-1 str=(null)
  pc=1 op=34 POP_INT_LOCAL operand=0 str=(null)
  pc=2 op=3 PUSH_CONSTANT_STRING operand=0 str=
  pc=3 op=36 POP_STRING_LOCAL operand=0 str=(null)
  pc=4 op=25 PUSH_VARBIT operand=14881 str=(null)
  pc=5 op=60 SWITCH operand=0 str=(null)
  pc=6 op=3 PUSH_CONSTANT_STRING operand=0 str=graphic_4911
  pc=7 op=3 PUSH_CONSTANT_STRING operand=0 str=Grand Exchange value
  pc=8 op=36 POP_STRING_LOCAL operand=0 str=(null)
  pc=9 op=34 POP_INT_LOCAL operand=0 str=(null)
  pc=10 op=6 BRANCH operand=10 str=(null)
  pc=11 op=3 PUSH_CONSTANT_STRING operand=0 str=graphic_4912
  pc=12 op=3 PUSH_CONSTANT_STRING operand=0 str=High Alchemy value
  pc=13 op=36 POP_STRING_LOCAL operand=0 str=(null)
  pc=14 op=34 POP_INT_LOCAL operand=0 str=(null)
  pc=15 op=6 BRANCH operand=5 str=(null)
  pc=16 op=3 PUSH_CONSTANT_STRING operand=0 str=graphic_4911
CS2VM2: call depth 128 exhausted calling script 904 from script 904 (raise CS2VM_MAX_FRAMES)
Task_CS2Run: script 904 failed at opcode 40 pc 2 (invoked as script 903 for component 0xa10000)
  script 904: int_args=2 str_args=0 int_locals=2 str_locals=0 ops=4
  pc=0 op=33 PUSH_INT_LOCAL operand=0 str=(null)
  pc=1 op=33 PUSH_INT_LOCAL operand=1 str=(null)
  pc=2 op=40 GOSUB_WITH_PARAMS operand=904 str=(null)
  pc=3 op=21 RETURN operand=0 str=(null)
sim_hotkey: 'f5' -> osrs_key=5 at frame 35220
sim_hotkey: 'f6' -> osrs_key=6 at frame 35240
sim_hotkey: 'f7' -> osrs_key=7 at frame 35260
sim_hotkey: 'f8' -> osrs_key=8 at frame 35280
sim_hotkey: 'f9' -> osrs_key=9 at frame 35300
sim_hotkey: 'f10' -> osrs_key=10 at frame 35320
sim_hotkey: 'f11' -> osrs_key=11 at frame 35340
sim_hotkey: 'f12' -> osrs_key=12 at frame 35360
sim_hotkey: 'escape' -> osrs_key=13 at frame 35380
Dat2SpriteLoadByName: archive 'mapfunction' not found in sprites table
Dat2SpriteLoadByName: archive 'hitmark' not found in sprites table
CS2VM2: call depth 128 exhausted calling script 904 from script 904 (raise CS2VM_MAX_FRAMES)
Task_CS2Run: script 904 failed at opcode 40 pc 2 (invoked as script 903 for component 0xa10000)
  script 904: int_args=2 str_args=0 int_locals=2 str_locals=0 ops=4
  pc=0 op=33 PUSH_INT_LOCAL operand=0 str=(null)
  pc=1 op=33 PUSH_INT_LOCAL operand=1 str=(null)
  pc=2 op=40 GOSUB_WITH_PARAMS operand=904 str=(null)
  pc=3 op=21 RETURN operand=0 str=(null)
sim_hotkey: 'escape' -> osrs_key=13 at frame 35400
sim_hotkey: 'f1' -> osrs_key=1 at frame 35420
sim_hotkey: 'f2' -> osrs_key=2 at frame 35440
sim_hotkey: 'f3' -> osrs_key=3 at frame 35460
sim_hotkey: 'f4' -> osrs_key=4 at frame 35480
sim_hotkey: 'f5' -> osrs_key=5 at frame 35500
torirs_perf: window=70 frame_p95=4.81ms
sim_hotkey: 'f6' -> osrs_key=6 at frame 35520
sim_hotkey: 'f7' -> osrs_key=7 at frame 35540
sim_hotkey: 'f8' -> osrs_key=8 at frame 35560
sim_hotkey: 'f9' -> osrs_key=9 at frame 35580
sim_hotkey: 'f10' -> osrs_key=10 at frame 35600
sim_hotkey: 'f11' -> osrs_key=11 at frame 35620
sim_hotkey: 'f12' -> osrs_key=12 at frame 35640
sim_hotkey: 'escape' -> osrs_key=13 at frame 35660
sim_hotkey: 'escape' -> osrs_key=13 at frame 35680
sim_hotkey: 'f1' -> osrs_key=1 at frame 35700
sim_hotkey: 'f2' -> osrs_key=2 at frame 35720
torirs_iface_stats: tick=10500 groups=33
  group=161 opens=1 closes=0 bakes=1 reuse=0 live=106 hidden=14 hooks=22 hook_bytes=224400
  group=162 opens=1 closes=0 bakes=1 reuse=0 live=3222 hidden=2413 hooks=18 hook_bytes=183600
  group=651 opens=1 closes=0 bakes=1 reuse=0 live=7 hidden=0 hooks=0 hook_bytes=0
  group=708 opens=1 closes=0 bakes=1 reuse=0 live=13 hidden=1 hooks=4 hook_bytes=40800
  group=163 opens=1 closes=0 bakes=0 reuse=1 live=26 hidden=25 hooks=0 hook_bytes=0
  group=303 opens=1 closes=0 bakes=1 reuse=0 live=21 hidden=5 hooks=2 hook_bytes=20400
  group=90 opens=1 closes=0 bakes=1 reuse=0 live=60 hidden=13 hooks=13 hook_bytes=132600
  group=160 opens=1 closes=0 bakes=1 reuse=0 live=58 hidden=12 hooks=11 hook_bytes=112200
  group=122 opens=1 closes=0 bakes=1 reuse=0 live=33 hidden=15 hooks=9 hook_bytes=91800
  group=728 opens=1 closes=0 bakes=0 reuse=1 live=50 hidden=2 hooks=4 hook_bytes=40800
  group=896 opens=1 closes=0 bakes=0 reuse=1 live=903 hidden=902 hooks=0 hook_bytes=0
  group=593 opens=1 closes=0 bakes=1 reuse=0 live=117 hidden=7 hooks=6 hook_bytes=61200
  group=320 opens=1 closes=0 bakes=1 reuse=0 live=202 hidden=24 hooks=49 hook_bytes=499800
  group=629 opens=1 closes=0 bakes=1 reuse=0 live=46 hidden=5 hooks=3 hook_bytes=30600
  group=712 opens=1 closes=0 bakes=1 reuse=0 live=113 hidden=0 hooks=5 hook_bytes=51000
  group=149 opens=1 closes=0 bakes=0 reuse=1 live=29 hidden=0 hooks=28 hook_bytes=285600
  group=387 opens=1 closes=0 bakes=1 reuse=0 live=96 hidden=12 hooks=13 hook_bytes=132600
  group=541 opens=1 closes=0 bakes=1 reuse=0 live=124 hidden=33 hooks=30 hook_bytes=306000
  group=218 opens=1 closes=0 bakes=1 reuse=0 live=232 hidden=132 hooks=195 hook_bytes=1989000
  group=707 opens=1 closes=0 bakes=1 reuse=0 live=39 hidden=0 hooks=5 hook_bytes=51000
  group=109 opens=1 closes=0 bakes=1 reuse=0 live=96 hidden=13 hooks=10 hook_bytes=102000
  group=429 opens=1 closes=0 bakes=1 reuse=0 live=35 hidden=0 hooks=8 hook_bytes=81600
  group=182 opens=1 closes=0 bakes=1 reuse=0 live=94 hidden=3 hooks=10 hook_bytes=102000
  group=116 opens=1 closes=0 bakes=1 reuse=0 live=222 hidden=12 hooks=65 hook_bytes=663000
  group=216 opens=1 closes=0 bakes=1 reuse=0 live=124 hidden=0 hooks=61 hook_bytes=622200
  group=239 opens=1 closes=0 bakes=1 reuse=0 live=934 hidden=597 hooks=267 hook_bytes=2723400
  group=12 opens=35 closes=35 bakes=1 reuse=34 live=1781 hidden=73 hooks=1505 hook_bytes=15351000
  group=15 opens=35 closes=35 bakes=1 reuse=34 live=650 hidden=49 hooks=366 hook_bytes=3733200
  group=84 opens=35 closes=35 bakes=1 reuse=34 live=123 hidden=14 hooks=25 hook_bytes=255000
  group=729 opens=35 closes=35 bakes=0 reuse=35 live=36 hidden=1 hooks=6 hook_bytes=61200
  group=650 opens=35 closes=35 bakes=1 reuse=34 live=110 hidden=3 hooks=15 hook_bytes=153000
  group=894 opens=35 closes=34 bakes=1 reuse=34 live=413 hidden=4 hooks=117 hook_bytes=1193400
  group=32766 opens=0 closes=0 bakes=0 reuse=0 live=4 hidden=0 hooks=0 hook_bytes=0
torirs_stats: tick=10500 components=10119 live=10119 hidden=4384 freed=0 free_head=-1 inv_hooks=19 var_hooks=163 timers=28 timers_hidden=7 iface_parents=26
Failed to load dat2 idk 307
Dat2SpriteLoadByName: archive 'mapfunction' not found in sprites table
Dat2SpriteLoadByName: archive 'hitmark' not found in sprites table
CS2VM2: call depth 128 exhausted calling script 904 from script 904 (raise CS2VM_MAX_FRAMES)
Task_CS2Run: script 904 failed at opcode 40 pc 2 (invoked as script 903 for component 0xa10000)
  script 904: int_args=2 str_args=0 int_locals=2 str_locals=0 ops=4
  pc=0 op=33 PUSH_INT_LOCAL operand=0 str=(null)
  pc=1 op=33 PUSH_INT_LOCAL operand=1 str=(null)
  pc=2 op=40 GOSUB_WITH_PARAMS operand=904 str=(null)
  pc=3 op=21 RETURN operand=0 str=(null)
Dat2SpriteLoadByName: archive 'mapfunction' not found in sprites table
Dat2SpriteLoadByName: archive 'hitmark' not found in sprites table
CS2VM2: call depth 128 exhausted calling script 904 from script 904 (raise CS2VM_MAX_FRAMES)
Task_CS2Run: script 904 failed at opcode 40 pc 2 (invoked as script 903 for component 0xa10000)
  script 904: int_args=2 str_args=0 int_locals=2 str_locals=0 ops=4
  pc=0 op=33 PUSH_INT_LOCAL operand=0 str=(null)
  pc=1 op=33 PUSH_INT_LOCAL operand=1 str=(null)
  pc=2 op=40 GOSUB_WITH_PARAMS operand=904 str=(null)
  pc=3 op=21 RETURN operand=0 str=(null)
sim_hotkey: 'f3' -> osrs_key=3 at frame 35740
sim_hotkey: 'f4' -> osrs_key=4 at frame 35760
sim_hotkey: 'f5' -> osrs_key=5 at frame 35780
sim_hotkey: 'f6' -> osrs_key=6 at frame 35800
sim_hotkey: 'f7' -> osrs_key=7 at frame 35820
sim_hotkey: 'f8' -> osrs_key=8 at frame 35840
sim_hotkey: 'f9' -> osrs_key=9 at frame 35860
Failed to load dat2 idk 307
Dat2SpriteLoadByName: archive 'mapfunction' not found in sprites table
Dat2SpriteLoadByName: archive 'hitmark' not found in sprites table
CS2VM2: call depth 128 exhausted calling script 904 from script 904 (raise CS2VM_MAX_FRAMES)
Task_CS2Run: script 904 failed at opcode 40 pc 2 (invoked as script 903 for component 0xa10000)
  script 904: int_args=2 str_args=0 int_locals=2 str_locals=0 ops=4
  pc=0 op=33 PUSH_INT_LOCAL operand=0 str=(null)
  pc=1 op=33 PUSH_INT_LOCAL operand=1 str=(null)
  pc=2 op=40 GOSUB_WITH_PARAMS operand=904 str=(null)
  pc=3 op=21 RETURN operand=0 str=(null)
sim_hotkey: 'f10' -> osrs_key=10 at frame 35880
sim_hotkey: 'f11' -> osrs_key=11 at frame 35900
sim_hotkey: 'f12' -> osrs_key=12 at frame 35920
sim_hotkey: 'escape' -> osrs_key=13 at frame 35940
sim_hotkey: 'escape' -> osrs_key=13 at frame 35960
CS2VM2: call depth 128 exhausted calling script 904 from script 904 (raise CS2VM_MAX_FRAMES)
Task_CS2Run: script 904 failed at opcode 40 pc 2 (invoked as script 903 for component 0xa10000)
  script 904: int_args=2 str_args=0 int_locals=2 str_locals=0 ops=4
  pc=0 op=33 PUSH_INT_LOCAL operand=0 str=(null)
  pc=1 op=33 PUSH_INT_LOCAL operand=1 str=(null)
  pc=2 op=40 GOSUB_WITH_PARAMS operand=904 str=(null)
  pc=3 op=21 RETURN operand=0 str=(null)
CS2VM2: call depth 128 exhausted calling script 904 from script 904 (raise CS2VM_MAX_FRAMES)
Task_CS2Run: script 904 failed at opcode 40 pc 2 (invoked as script 903 for component 0xa10000)
  script 904: int_args=2 str_args=0 int_locals=2 str_locals=0 ops=4
  pc=0 op=33 PUSH_INT_LOCAL operand=0 str=(null)
  pc=1 op=33 PUSH_INT_LOCAL operand=1 str=(null)
  pc=2 op=40 GOSUB_WITH_PARAMS operand=904 str=(null)
  pc=3 op=21 RETURN operand=0 str=(null)
CS2VM2: call depth 128 exhausted calling script 904 from script 904 (raise CS2VM_MAX_FRAMES)
Task_CS2Run: script 904 failed at opcode 40 pc 2 (invoked as script 903 for component 0xa10000)
  script 904: int_args=2 str_args=0 int_locals=2 str_locals=0 ops=4
  pc=0 op=33 PUSH_INT_LOCAL operand=0 str=(null)
  pc=1 op=33 PUSH_INT_LOCAL operand=1 str=(null)
  pc=2 op=40 GOSUB_WITH_PARAMS operand=904 str=(null)
  pc=3 op=21 RETURN operand=0 str=(null)
CS2VM2: call depth 128 exhausted calling script 904 from script 904 (raise CS2VM_MAX_FRAMES)
Task_CS2Run: script 904 failed at opcode 40 pc 2 (invoked as script 903 for component 0xa10000)
  script 904: int_args=2 str_args=0 int_locals=2 str_locals=0 ops=4
  pc=0 op=33 PUSH_INT_LOCAL operand=0 str=(null)
  pc=1 op=33 PUSH_INT_LOCAL operand=1 str=(null)
  pc=2 op=40 GOSUB_WITH_PARAMS operand=904 str=(null)
  pc=3 op=21 RETURN operand=0 str=(null)
sim_hotkey: 'f1' -> osrs_key=1 at frame 35980
sim_hotkey: 'f2' -> osrs_key=2 at frame 36000
torirs_perf: window=71 frame_p95=5.43ms
sim_hotkey: 'f3' -> osrs_key=3 at frame 36020
sim_hotkey: 'f4' -> osrs_key=4 at frame 36040
Dat2SpriteLoadByName: archive 'mapfunction' not found in sprites table
Dat2SpriteLoadByName: archive 'hitmark' not found in sprites table
CS2VM2: call depth 128 exhausted calling script 904 from script 904 (raise CS2VM_MAX_FRAMES)
Task_CS2Run: script 904 failed at opcode 40 pc 2 (invoked as script 903 for component 0xa10000)
  script 904: int_args=2 str_args=0 int_locals=2 str_locals=0 ops=4
  pc=0 op=33 PUSH_INT_LOCAL operand=0 str=(null)
  pc=1 op=33 PUSH_INT_LOCAL operand=1 str=(null)
  pc=2 op=40 GOSUB_WITH_PARAMS operand=904 str=(null)
  pc=3 op=21 RETURN operand=0 str=(null)
sim_hotkey: 'f5' -> osrs_key=5 at frame 36060
sim_hotkey: 'f6' -> osrs_key=6 at frame 36080
sim_hotkey: 'f7' -> osrs_key=7 at frame 36100
sim_hotkey: 'f8' -> osrs_key=8 at frame 36120
sim_hotkey: 'f9' -> osrs_key=9 at frame 36140
sim_hotkey: 'f10' -> osrs_key=10 at frame 36160
sim_hotkey: 'f11' -> osrs_key=11 at frame 36180
sim_hotkey: 'f12' -> osrs_key=12 at frame 36200
sim_hotkey: 'escape' -> osrs_key=13 at frame 36220
Dat2SpriteLoadByName: archive 'mapfunction' not found in sprites table
Dat2SpriteLoadByName: archive 'hitmark' not found in sprites table
Task_CS2Run: script 7188 failed at opcode 34 pc 14 (invoked as script 7128 for component 0x28a0000)
  script 7188: int_args=0 str_args=0 int_locals=1 str_locals=1 ops=31
  pc=0 op=0 PUSH_CONSTANT_INT operand=-1 str=(null)
  pc=1 op=34 POP_INT_LOCAL operand=0 str=(null)
  pc=2 op=3 PUSH_CONSTANT_STRING operand=0 str=
  pc=3 op=36 POP_STRING_LOCAL operand=0 str=(null)
  pc=4 op=25 PUSH_VARBIT operand=14881 str=(null)
  pc=5 op=60 SWITCH operand=0 str=(null)
  pc=6 op=3 PUSH_CONSTANT_STRING operand=0 str=graphic_4911
  pc=7 op=3 PUSH_CONSTANT_STRING operand=0 str=Grand Exchange value
  pc=8 op=36 POP_STRING_LOCAL operand=0 str=(null)
  pc=9 op=34 POP_INT_LOCAL operand=0 str=(null)
  pc=10 op=6 BRANCH operand=10 str=(null)
  pc=11 op=3 PUSH_CONSTANT_STRING operand=0 str=graphic_4912
  pc=12 op=3 PUSH_CONSTANT_STRING operand=0 str=High Alchemy value
  pc=13 op=36 POP_STRING_LOCAL operand=0 str=(null)
  pc=14 op=34 POP_INT_LOCAL operand=0 str=(null)
  pc=15 op=6 BRANCH operand=5 str=(null)
  pc=16 op=3 PUSH_CONSTANT_STRING operand=0 str=graphic_4911
CS2VM2: call depth 128 exhausted calling script 904 from script 904 (raise CS2VM_MAX_FRAMES)
Task_CS2Run: script 904 failed at opcode 40 pc 2 (invoked as script 903 for component 0xa10000)
  script 904: int_args=2 str_args=0 int_locals=2 str_locals=0 ops=4
  pc=0 op=33 PUSH_INT_LOCAL operand=0 str=(null)
  pc=1 op=33 PUSH_INT_LOCAL operand=1 str=(null)
  pc=2 op=40 GOSUB_WITH_PARAMS operand=904 str=(null)
  pc=3 op=21 RETURN operand=0 str=(null)
sim_hotkey: 'escape' -> osrs_key=13 at frame 36240
sim_hotkey: 'f1' -> osrs_key=1 at frame 36260
sim_hotkey: 'f2' -> osrs_key=2 at frame 36280
sim_hotkey: 'f3' -> osrs_key=3 at frame 36300
sim_hotkey: 'f4' -> osrs_key=4 at frame 36320
sim_hotkey: 'f5' -> osrs_key=5 at frame 36340
sim_hotkey: 'f6' -> osrs_key=6 at frame 36360
sim_hotkey: 'f7' -> osrs_key=7 at frame 36380
sim_hotkey: 'f8' -> osrs_key=8 at frame 36400
Dat2SpriteLoadByName: archive 'mapfunction' not found in sprites table
Dat2SpriteLoadByName: archive 'hitmark' not found in sprites table
CS2VM2: call depth 128 exhausted calling script 904 from script 904 (raise CS2VM_MAX_FRAMES)
Task_CS2Run: script 904 failed at opcode 40 pc 2 (invoked as script 903 for component 0xa10000)
  script 904: int_args=2 str_args=0 int_locals=2 str_locals=0 ops=4
  pc=0 op=33 PUSH_INT_LOCAL operand=0 str=(null)
  pc=1 op=33 PUSH_INT_LOCAL operand=1 str=(null)
  pc=2 op=40 GOSUB_WITH_PARAMS operand=904 str=(null)
  pc=3 op=21 RETURN operand=0 str=(null)
sim_hotkey: 'f9' -> osrs_key=9 at frame 36420
sim_hotkey: 'f10' -> osrs_key=10 at frame 36440
sim_hotkey: 'f11' -> osrs_key=11 at frame 36460
sim_hotkey: 'f12' -> osrs_key=12 at frame 36480
sim_hotkey: 'escape' -> osrs_key=13 at frame 36500
torirs_perf: window=72 frame_p95=4.63ms
sim_hotkey: 'escape' -> osrs_key=13 at frame 36520
sim_hotkey: 'f1' -> osrs_key=1 at frame 36540
sim_hotkey: 'f2' -> osrs_key=2 at frame 36560
sim_hotkey: 'f3' -> osrs_key=3 at frame 36580
torirs_iface_stats: tick=10750 groups=33
  group=161 opens=1 closes=0 bakes=1 reuse=0 live=106 hidden=14 hooks=22 hook_bytes=224400
  group=162 opens=1 closes=0 bakes=1 reuse=0 live=3222 hidden=2413 hooks=18 hook_bytes=183600
  group=651 opens=1 closes=0 bakes=1 reuse=0 live=7 hidden=0 hooks=0 hook_bytes=0
  group=708 opens=1 closes=0 bakes=1 reuse=0 live=13 hidden=1 hooks=4 hook_bytes=40800
  group=163 opens=1 closes=0 bakes=0 reuse=1 live=26 hidden=25 hooks=0 hook_bytes=0
  group=303 opens=1 closes=0 bakes=1 reuse=0 live=21 hidden=5 hooks=2 hook_bytes=20400
  group=90 opens=1 closes=0 bakes=1 reuse=0 live=60 hidden=13 hooks=13 hook_bytes=132600
  group=160 opens=1 closes=0 bakes=1 reuse=0 live=58 hidden=12 hooks=11 hook_bytes=112200
  group=122 opens=1 closes=0 bakes=1 reuse=0 live=33 hidden=15 hooks=9 hook_bytes=91800
  group=728 opens=1 closes=0 bakes=0 reuse=1 live=50 hidden=2 hooks=4 hook_bytes=40800
  group=896 opens=1 closes=0 bakes=0 reuse=1 live=903 hidden=902 hooks=0 hook_bytes=0
  group=593 opens=1 closes=0 bakes=1 reuse=0 live=117 hidden=7 hooks=6 hook_bytes=61200
  group=320 opens=1 closes=0 bakes=1 reuse=0 live=202 hidden=24 hooks=49 hook_bytes=499800
  group=629 opens=1 closes=0 bakes=1 reuse=0 live=46 hidden=5 hooks=3 hook_bytes=30600
  group=712 opens=1 closes=0 bakes=1 reuse=0 live=113 hidden=0 hooks=5 hook_bytes=51000
  group=149 opens=1 closes=0 bakes=0 reuse=1 live=29 hidden=0 hooks=28 hook_bytes=285600
  group=387 opens=1 closes=0 bakes=1 reuse=0 live=96 hidden=12 hooks=13 hook_bytes=132600
  group=541 opens=1 closes=0 bakes=1 reuse=0 live=124 hidden=33 hooks=30 hook_bytes=306000
  group=218 opens=1 closes=0 bakes=1 reuse=0 live=232 hidden=132 hooks=195 hook_bytes=1989000
  group=707 opens=1 closes=0 bakes=1 reuse=0 live=39 hidden=0 hooks=5 hook_bytes=51000
  group=109 opens=1 closes=0 bakes=1 reuse=0 live=96 hidden=13 hooks=10 hook_bytes=102000
  group=429 opens=1 closes=0 bakes=1 reuse=0 live=35 hidden=0 hooks=8 hook_bytes=81600
  group=182 opens=1 closes=0 bakes=1 reuse=0 live=94 hidden=3 hooks=10 hook_bytes=102000
  group=116 opens=1 closes=0 bakes=1 reuse=0 live=222 hidden=12 hooks=65 hook_bytes=663000
  group=216 opens=1 closes=0 bakes=1 reuse=0 live=124 hidden=0 hooks=61 hook_bytes=622200
  group=239 opens=1 closes=0 bakes=1 reuse=0 live=934 hidden=597 hooks=267 hook_bytes=2723400
  group=12 opens=36 closes=36 bakes=1 reuse=35 live=1781 hidden=73 hooks=1505 hook_bytes=15351000
  group=15 opens=36 closes=36 bakes=1 reuse=35 live=650 hidden=49 hooks=366 hook_bytes=3733200
  group=84 opens=36 closes=36 bakes=1 reuse=35 live=123 hidden=14 hooks=25 hook_bytes=255000
  group=729 opens=36 closes=36 bakes=0 reuse=36 live=36 hidden=1 hooks=6 hook_bytes=61200
  group=650 opens=36 closes=36 bakes=1 reuse=35 live=110 hidden=3 hooks=15 hook_bytes=153000
  group=894 opens=36 closes=35 bakes=1 reuse=35 live=413 hidden=4 hooks=117 hook_bytes=1193400
  group=32766 opens=0 closes=0 bakes=0 reuse=0 live=4 hidden=0 hooks=0 hook_bytes=0
torirs_stats: tick=10750 components=10119 live=10119 hidden=4384 freed=0 free_head=-1 inv_hooks=19 var_hooks=163 timers=28 timers_hidden=7 iface_parents=26
spawn_npc: npc=2854 element=59755 tile=90,84 level=0 size=1 recolors=1 retextures=0
sim_hotkey: 'f4' -> osrs_key=4 at frame 36600
sim_hotkey: 'f5' -> osrs_key=5 at frame 36620
sim_hotkey: 'f6' -> osrs_key=6 at frame 36640
sim_hotkey: 'f7' -> osrs_key=7 at frame 36660
sim_hotkey: 'f8' -> osrs_key=8 at frame 36680
sim_hotkey: 'f9' -> osrs_key=9 at frame 36700
sim_hotkey: 'f10' -> osrs_key=10 at frame 36720
sim_hotkey: 'f11' -> osrs_key=11 at frame 36740
sim_hotkey: 'f12' -> osrs_key=12 at frame 36760
Failed to load dat2 idk 307
Dat2SpriteLoadByName: archive 'mapfunction' not found in sprites table
Dat2SpriteLoadByName: archive 'hitmark' not found in sprites table
CS2VM2: call depth 128 exhausted calling script 904 from script 904 (raise CS2VM_MAX_FRAMES)
Task_CS2Run: script 904 failed at opcode 40 pc 2 (invoked as script 903 for component 0xa10000)
  script 904: int_args=2 str_args=0 int_locals=2 str_locals=0 ops=4
  pc=0 op=33 PUSH_INT_LOCAL operand=0 str=(null)
  pc=1 op=33 PUSH_INT_LOCAL operand=1 str=(null)
  pc=2 op=40 GOSUB_WITH_PARAMS operand=904 str=(null)
  pc=3 op=21 RETURN operand=0 str=(null)
Dat2SpriteLoadByName: archive 'mapfunction' not found in sprites table
Dat2SpriteLoadByName: archive 'hitmark' not found in sprites table
CS2VM2: call depth 128 exhausted calling script 904 from script 904 (raise CS2VM_MAX_FRAMES)
Task_CS2Run: script 904 failed at opcode 40 pc 2 (invoked as script 903 for component 0xa10000)
  script 904: int_args=2 str_args=0 int_locals=2 str_locals=0 ops=4
  pc=0 op=33 PUSH_INT_LOCAL operand=0 str=(null)
  pc=1 op=33 PUSH_INT_LOCAL operand=1 str=(null)
  pc=2 op=40 GOSUB_WITH_PARAMS operand=904 str=(null)
  pc=3 op=21 RETURN operand=0 str=(null)
sim_hotkey: 'escape' -> osrs_key=13 at frame 36780
sim_hotkey: 'escape' -> osrs_key=13 at frame 36800
CS2VM2: call depth 128 exhausted calling script 904 from script 904 (raise CS2VM_MAX_FRAMES)
Task_CS2Run: script 904 failed at opcode 40 pc 2 (invoked as script 903 for component 0xa10000)
  script 904: int_args=2 str_args=0 int_locals=2 str_locals=0 ops=4
  pc=0 op=33 PUSH_INT_LOCAL operand=0 str=(null)
  pc=1 op=33 PUSH_INT_LOCAL operand=1 str=(null)
  pc=2 op=40 GOSUB_WITH_PARAMS operand=904 str=(null)
  pc=3 op=21 RETURN operand=0 str=(null)
CS2VM2: call depth 128 exhausted calling script 904 from script 904 (raise CS2VM_MAX_FRAMES)
Task_CS2Run: script 904 failed at opcode 40 pc 2 (invoked as script 903 for component 0xa10000)
  script 904: int_args=2 str_args=0 int_locals=2 str_locals=0 ops=4
  pc=0 op=33 PUSH_INT_LOCAL operand=0 str=(null)
  pc=1 op=33 PUSH_INT_LOCAL operand=1 str=(null)
  pc=2 op=40 GOSUB_WITH_PARAMS operand=904 str=(null)
  pc=3 op=21 RETURN operand=0 str=(null)
CS2VM2: call depth 128 exhausted calling script 904 from script 904 (raise CS2VM_MAX_FRAMES)
Task_CS2Run: script 904 failed at opcode 40 pc 2 (invoked as script 903 for component 0xa10000)
  script 904: int_args=2 str_args=0 int_locals=2 str_locals=0 ops=4
  pc=0 op=33 PUSH_INT_LOCAL operand=0 str=(null)
  pc=1 op=33 PUSH_INT_LOCAL operand=1 str=(null)
  pc=2 op=40 GOSUB_WITH_PARAMS operand=904 str=(null)
  pc=3 op=21 RETURN operand=0 str=(null)
CS2VM2: call depth 128 exhausted calling script 904 from script 904 (raise CS2VM_MAX_FRAMES)
Task_CS2Run: script 904 failed at opcode 40 pc 2 (invoked as script 903 for component 0xa10000)
  script 904: int_args=2 str_args=0 int_locals=2 str_locals=0 ops=4
  pc=0 op=33 PUSH_INT_LOCAL operand=0 str=(null)
  pc=1 op=33 PUSH_INT_LOCAL operand=1 str=(null)
  pc=2 op=40 GOSUB_WITH_PARAMS operand=904 str=(null)
  pc=3 op=21 RETURN operand=0 str=(null)
sim_hotkey: 'f1' -> osrs_key=1 at frame 36820
sim_hotkey: 'f2' -> osrs_key=2 at frame 36840
sim_hotkey: 'f3' -> osrs_key=3 at frame 36860
sim_hotkey: 'f4' -> osrs_key=4 at frame 36880
sim_hotkey: 'f5' -> osrs_key=5 at frame 36900
sim_hotkey: 'f6' -> osrs_key=6 at frame 36920
Failed to load dat2 idk 307
Dat2SpriteLoadByName: archive 'mapfunction' not found in sprites table
Dat2SpriteLoadByName: archive 'hitmark' not found in sprites table
CS2VM2: call depth 128 exhausted calling script 904 from script 904 (raise CS2VM_MAX_FRAMES)
Task_CS2Run: script 904 failed at opcode 40 pc 2 (invoked as script 903 for component 0xa10000)
  script 904: int_args=2 str_args=0 int_locals=2 str_locals=0 ops=4
  pc=0 op=33 PUSH_INT_LOCAL operand=0 str=(null)
  pc=1 op=33 PUSH_INT_LOCAL operand=1 str=(null)
  pc=2 op=40 GOSUB_WITH_PARAMS operand=904 str=(null)
  pc=3 op=21 RETURN operand=0 str=(null)
sim_hotkey: 'f7' -> osrs_key=7 at frame 36940
sim_hotkey: 'f8' -> osrs_key=8 at frame 36960
sim_hotkey: 'f9' -> osrs_key=9 at frame 36980
spawn_npc: npc=3111 element=59755 tile=90,84 level=0 size=1 recolors=3 retextures=0
sim_hotkey: 'f10' -> osrs_key=10 at frame 37000
torirs_perf: window=73 frame_p95=5.58ms
sim_hotkey: 'f11' -> osrs_key=11 at frame 37020
sim_hotkey: 'f12' -> osrs_key=12 at frame 37040
sim_hotkey: 'escape' -> osrs_key=13 at frame 37060
Dat2SpriteLoadByName: archive 'mapfunction' not found in sprites table
Dat2SpriteLoadByName: archive 'hitmark' not found in sprites table
CS2VM2: call depth 128 exhausted calling script 904 from script 904 (raise CS2VM_MAX_FRAMES)
Task_CS2Run: script 904 failed at opcode 40 pc 2 (invoked as script 903 for component 0xa10000)
  script 904: int_args=2 str_args=0 int_locals=2 str_locals=0 ops=4
  pc=0 op=33 PUSH_INT_LOCAL operand=0 str=(null)
  pc=1 op=33 PUSH_INT_LOCAL operand=1 str=(null)
  pc=2 op=40 GOSUB_WITH_PARAMS operand=904 str=(null)
  pc=3 op=21 RETURN operand=0 str=(null)
sim_hotkey: 'escape' -> osrs_key=13 at frame 37080
CS2VM2: call depth 128 exhausted calling script 904 from script 904 (raise CS2VM_MAX_FRAMES)
Task_CS2Run: script 904 failed at opcode 40 pc 2 (invoked as script 903 for component 0xa10000)
  script 904: int_args=2 str_args=0 int_locals=2 str_locals=0 ops=4
  pc=0 op=33 PUSH_INT_LOCAL operand=0 str=(null)
  pc=1 op=33 PUSH_INT_LOCAL operand=1 str=(null)
  pc=2 op=40 GOSUB_WITH_PARAMS operand=904 str=(null)
  pc=3 op=21 RETURN operand=0 str=(null)
CS2VM2: call depth 128 exhausted calling script 904 from script 904 (raise CS2VM_MAX_FRAMES)
Task_CS2Run: script 904 failed at opcode 40 pc 2 (invoked as script 903 for component 0xa10000)
  script 904: int_args=2 str_args=0 int_locals=2 str_locals=0 ops=4
  pc=0 op=33 PUSH_INT_LOCAL operand=0 str=(null)
  pc=1 op=33 PUSH_INT_LOCAL operand=1 str=(null)
  pc=2 op=40 GOSUB_WITH_PARAMS operand=904 str=(null)
  pc=3 op=21 RETURN operand=0 str=(null)
sim_hotkey: 'f1' -> osrs_key=1 at frame 37100
sim_hotkey: 'f2' -> osrs_key=2 at frame 37120
sim_hotkey: 'f3' -> osrs_key=3 at frame 37140
sim_hotkey: 'f4' -> osrs_key=4 at frame 37160
sim_hotkey: 'f5' -> osrs_key=5 at frame 37180
sim_hotkey: 'f6' -> osrs_key=6 at frame 37200
sim_hotkey: 'f7' -> osrs_key=7 at frame 37220
sim_hotkey: 'f8' -> osrs_key=8 at frame 37240
sim_hotkey: 'f9' -> osrs_key=9 at frame 37260
Dat2SpriteLoadByName: archive 'mapfunction' not found in sprites table
Dat2SpriteLoadByName: archive 'hitmark' not found in sprites table
Task_CS2Run: script 7188 failed at opcode 34 pc 14 (invoked as script 7128 for component 0x28a0000)
  script 7188: int_args=0 str_args=0 int_locals=1 str_locals=1 ops=31
  pc=0 op=0 PUSH_CONSTANT_INT operand=-1 str=(null)
  pc=1 op=34 POP_INT_LOCAL operand=0 str=(null)
  pc=2 op=3 PUSH_CONSTANT_STRING operand=0 str=
  pc=3 op=36 POP_STRING_LOCAL operand=0 str=(null)
  pc=4 op=25 PUSH_VARBIT operand=14881 str=(null)
  pc=5 op=60 SWITCH operand=0 str=(null)
  pc=6 op=3 PUSH_CONSTANT_STRING operand=0 str=graphic_4911
  pc=7 op=3 PUSH_CONSTANT_STRING operand=0 str=Grand Exchange value
  pc=8 op=36 POP_STRING_LOCAL operand=0 str=(null)
  pc=9 op=34 POP_INT_LOCAL operand=0 str=(null)
  pc=10 op=6 BRANCH operand=10 str=(null)
  pc=11 op=3 PUSH_CONSTANT_STRING operand=0 str=graphic_4912
  pc=12 op=3 PUSH_CONSTANT_STRING operand=0 str=High Alchemy value
  pc=13 op=36 POP_STRING_LOCAL operand=0 str=(null)
  pc=14 op=34 POP_INT_LOCAL operand=0 str=(null)
  pc=15 op=6 BRANCH operand=5 str=(null)
  pc=16 op=3 PUSH_CONSTANT_STRING operand=0 str=graphic_4911
CS2VM2: call depth 128 exhausted calling script 904 from script 904 (raise CS2VM_MAX_FRAMES)
Task_CS2Run: script 904 failed at opcode 40 pc 2 (invoked as script 903 for component 0xa10000)
  script 904: int_args=2 str_args=0 int_locals=2 str_locals=0 ops=4
  pc=0 op=33 PUSH_INT_LOCAL operand=0 str=(null)
  pc=1 op=33 PUSH_INT_LOCAL operand=1 str=(null)
  pc=2 op=40 GOSUB_WITH_PARAMS operand=904 str=(null)
  pc=3 op=21 RETURN operand=0 str=(null)
sim_hotkey: 'f10' -> osrs_key=10 at frame 37280
sim_hotkey: 'f11' -> osrs_key=11 at frame 37300
sim_hotkey: 'f12' -> osrs_key=12 at frame 37320
sim_hotkey: 'escape' -> osrs_key=13 at frame 37340
sim_hotkey: 'escape' -> osrs_key=13 at frame 37360
sim_hotkey: 'f1' -> osrs_key=1 at frame 37380
sim_hotkey: 'f2' -> osrs_key=2 at frame 37400
sim_hotkey: 'f3' -> osrs_key=3 at frame 37420
sim_hotkey: 'f4' -> osrs_key=4 at frame 37440
torirs_iface_stats: tick=11000 groups=33
  group=161 opens=1 closes=0 bakes=1 reuse=0 live=106 hidden=14 hooks=22 hook_bytes=224400
  group=162 opens=1 closes=0 bakes=1 reuse=0 live=3222 hidden=2413 hooks=18 hook_bytes=183600
  group=651 opens=1 closes=0 bakes=1 reuse=0 live=7 hidden=0 hooks=0 hook_bytes=0
  group=708 opens=1 closes=0 bakes=1 reuse=0 live=13 hidden=1 hooks=4 hook_bytes=40800
  group=163 opens=1 closes=0 bakes=0 reuse=1 live=26 hidden=25 hooks=0 hook_bytes=0
  group=303 opens=1 closes=0 bakes=1 reuse=0 live=21 hidden=5 hooks=2 hook_bytes=20400
  group=90 opens=1 closes=0 bakes=1 reuse=0 live=60 hidden=13 hooks=13 hook_bytes=132600
  group=160 opens=1 closes=0 bakes=1 reuse=0 live=58 hidden=12 hooks=11 hook_bytes=112200
  group=122 opens=1 closes=0 bakes=1 reuse=0 live=33 hidden=15 hooks=9 hook_bytes=91800
  group=728 opens=1 closes=0 bakes=0 reuse=1 live=50 hidden=2 hooks=4 hook_bytes=40800
  group=896 opens=1 closes=0 bakes=0 reuse=1 live=903 hidden=902 hooks=0 hook_bytes=0
  group=593 opens=1 closes=0 bakes=1 reuse=0 live=117 hidden=7 hooks=6 hook_bytes=61200
  group=320 opens=1 closes=0 bakes=1 reuse=0 live=202 hidden=24 hooks=49 hook_bytes=499800
  group=629 opens=1 closes=0 bakes=1 reuse=0 live=46 hidden=5 hooks=3 hook_bytes=30600
  group=712 opens=1 closes=0 bakes=1 reuse=0 live=113 hidden=0 hooks=5 hook_bytes=51000
  group=149 opens=1 closes=0 bakes=0 reuse=1 live=29 hidden=0 hooks=28 hook_bytes=285600
  group=387 opens=1 closes=0 bakes=1 reuse=0 live=96 hidden=12 hooks=13 hook_bytes=132600
  group=541 opens=1 closes=0 bakes=1 reuse=0 live=124 hidden=33 hooks=30 hook_bytes=306000
  group=218 opens=1 closes=0 bakes=1 reuse=0 live=232 hidden=132 hooks=195 hook_bytes=1989000
  group=707 opens=1 closes=0 bakes=1 reuse=0 live=39 hidden=0 hooks=5 hook_bytes=51000
  group=109 opens=1 closes=0 bakes=1 reuse=0 live=96 hidden=13 hooks=10 hook_bytes=102000
  group=429 opens=1 closes=0 bakes=1 reuse=0 live=35 hidden=0 hooks=8 hook_bytes=81600
  group=182 opens=1 closes=0 bakes=1 reuse=0 live=94 hidden=3 hooks=10 hook_bytes=102000
  group=116 opens=1 closes=0 bakes=1 reuse=0 live=222 hidden=12 hooks=65 hook_bytes=663000
  group=216 opens=1 closes=0 bakes=1 reuse=0 live=124 hidden=0 hooks=61 hook_bytes=622200
  group=239 opens=1 closes=0 bakes=1 reuse=0 live=934 hidden=597 hooks=267 hook_bytes=2723400
  group=12 opens=37 closes=37 bakes=1 reuse=36 live=1781 hidden=73 hooks=1505 hook_bytes=15351000
  group=15 opens=37 closes=37 bakes=1 reuse=36 live=650 hidden=49 hooks=366 hook_bytes=3733200
  group=84 opens=37 closes=37 bakes=1 reuse=36 live=123 hidden=14 hooks=25 hook_bytes=255000
  group=729 opens=37 closes=37 bakes=0 reuse=37 live=36 hidden=1 hooks=6 hook_bytes=61200
  group=650 opens=37 closes=36 bakes=1 reuse=36 live=110 hidden=2 hooks=15 hook_bytes=153000
  group=894 opens=36 closes=36 bakes=1 reuse=35 live=413 hidden=5 hooks=117 hook_bytes=1193400
  group=32766 opens=0 closes=0 bakes=0 reuse=0 live=4 hidden=0 hooks=0 hook_bytes=0
torirs_stats: tick=11000 components=10119 live=10119 hidden=4384 freed=0 free_head=-1 inv_hooks=19 var_hooks=164 timers=28 timers_hidden=7 iface_parents=26
Dat2SpriteLoadByName: archive 'mapfunction' not found in sprites table
Dat2SpriteLoadByName: archive 'hitmark' not found in sprites table
CS2VM2: call depth 128 exhausted calling script 904 from script 904 (raise CS2VM_MAX_FRAMES)
Task_CS2Run: script 904 failed at opcode 40 pc 2 (invoked as script 903 for component 0xa10000)
  script 904: int_args=2 str_args=0 int_locals=2 str_locals=0 ops=4
  pc=0 op=33 PUSH_INT_LOCAL operand=0 str=(null)
  pc=1 op=33 PUSH_INT_LOCAL operand=1 str=(null)
  pc=2 op=40 GOSUB_WITH_PARAMS operand=904 str=(null)
  pc=3 op=21 RETURN operand=0 str=(null)
sim_hotkey: 'f5' -> osrs_key=5 at frame 37460
sim_hotkey: 'f6' -> osrs_key=6 at frame 37480
sim_hotkey: 'f7' -> osrs_key=7 at frame 37500
torirs_perf: window=74 frame_p95=5.19ms
sim_hotkey: 'f8' -> osrs_key=8 at frame 37520
sim_hotkey: 'f9' -> osrs_key=9 at frame 37540
sim_hotkey: 'f10' -> osrs_key=10 at frame 37560
sim_hotkey: 'f11' -> osrs_key=11 at frame 37580
sim_hotkey: 'f12' -> osrs_key=12 at frame 37600
sim_hotkey: 'escape' -> osrs_key=13 at frame 37620
sim_hotkey: 'escape' -> osrs_key=13 at frame 37640
sim_hotkey: 'f1' -> osrs_key=1 at frame 37660
sim_hotkey: 'f2' -> osrs_key=2 at frame 37680
sim_hotkey: 'f3' -> osrs_key=3 at frame 37700
sim_hotkey: 'f4' -> osrs_key=4 at frame 37720
sim_hotkey: 'f5' -> osrs_key=5 at frame 37740
sim_hotkey: 'f6' -> osrs_key=6 at frame 37760
sim_hotkey: 'f7' -> osrs_key=7 at frame 37780
sim_hotkey: 'f8' -> osrs_key=8 at frame 37800
Failed to load dat2 idk 307
Dat2SpriteLoadByName: archive 'mapfunction' not found in sprites table
Dat2SpriteLoadByName: archive 'hitmark' not found in sprites table
CS2VM2: call depth 128 exhausted calling script 904 from script 904 (raise CS2VM_MAX_FRAMES)
Task_CS2Run: script 904 failed at opcode 40 pc 2 (invoked as script 903 for component 0xa10000)
  script 904: int_args=2 str_args=0 int_locals=2 str_locals=0 ops=4
  pc=0 op=33 PUSH_INT_LOCAL operand=0 str=(null)
  pc=1 op=33 PUSH_INT_LOCAL operand=1 str=(null)
  pc=2 op=40 GOSUB_WITH_PARAMS operand=904 str=(null)
  pc=3 op=21 RETURN operand=0 str=(null)
Dat2SpriteLoadByName: archive 'mapfunction' not found in sprites table
Dat2SpriteLoadByName: archive 'hitmark' not found in sprites table
CS2VM2: call depth 128 exhausted calling script 904 from script 904 (raise CS2VM_MAX_FRAMES)
Task_CS2Run: script 904 failed at opcode 40 pc 2 (invoked as script 903 for component 0xa10000)
  script 904: int_args=2 str_args=0 int_locals=2 str_locals=0 ops=4
  pc=0 op=33 PUSH_INT_LOCAL operand=0 str=(null)
  pc=1 op=33 PUSH_INT_LOCAL operand=1 str=(null)
  pc=2 op=40 GOSUB_WITH_PARAMS operand=904 str=(null)
  pc=3 op=21 RETURN operand=0 str=(null)
sim_hotkey: 'f9' -> osrs_key=9 at frame 37820
sim_hotkey: 'f10' -> osrs_key=10 at frame 37840
sim_hotkey: 'f11' -> osrs_key=11 at frame 37860
sim_hotkey: 'f12' -> osrs_key=12 at frame 37880
sim_hotkey: 'escape' -> osrs_key=13 at frame 37900
sim_hotkey: 'escape' -> osrs_key=13 at frame 37920
CS2VM2: call depth 128 exhausted calling script 904 from script 904 (raise CS2VM_MAX_FRAMES)
Task_CS2Run: script 904 failed at opcode 40 pc 2 (invoked as script 903 for component 0xa10000)
  script 904: int_args=2 str_args=0 int_locals=2 str_locals=0 ops=4
  pc=0 op=33 PUSH_INT_LOCAL operand=0 str=(null)
  pc=1 op=33 PUSH_INT_LOCAL operand=1 str=(null)
  pc=2 op=40 GOSUB_WITH_PARAMS operand=904 str=(null)
  pc=3 op=21 RETURN operand=0 str=(null)
CS2VM2: call depth 128 exhausted calling script 904 from script 904 (raise CS2VM_MAX_FRAMES)
Task_CS2Run: script 904 failed at opcode 40 pc 2 (invoked as script 903 for component 0xa10000)
  script 904: int_args=2 str_args=0 int_locals=2 str_locals=0 ops=4
  pc=0 op=33 PUSH_INT_LOCAL operand=0 str=(null)
  pc=1 op=33 PUSH_INT_LOCAL operand=1 str=(null)
  pc=2 op=40 GOSUB_WITH_PARAMS operand=904 str=(null)
  pc=3 op=21 RETURN operand=0 str=(null)
CS2VM2: call depth 128 exhausted calling script 904 from script 904 (raise CS2VM_MAX_FRAMES)
Task_CS2Run: script 904 failed at opcode 40 pc 2 (invoked as script 903 for component 0xa10000)
  script 904: int_args=2 str_args=0 int_locals=2 str_locals=0 ops=4
  pc=0 op=33 PUSH_INT_LOCAL operand=0 str=(null)
  pc=1 op=33 PUSH_INT_LOCAL operand=1 str=(null)
  pc=2 op=40 GOSUB_WITH_PARAMS operand=904 str=(null)
  pc=3 op=21 RETURN operand=0 str=(null)
CS2VM2: call depth 128 exhausted calling script 904 from script 904 (raise CS2VM_MAX_FRAMES)
Task_CS2Run: script 904 failed at opcode 40 pc 2 (invoked as script 903 for component 0xa10000)
  script 904: int_args=2 str_args=0 int_locals=2 str_locals=0 ops=4
  pc=0 op=33 PUSH_INT_LOCAL operand=0 str=(null)
  pc=1 op=33 PUSH_INT_LOCAL operand=1 str=(null)
  pc=2 op=40 GOSUB_WITH_PARAMS operand=904 str=(null)
  pc=3 op=21 RETURN operand=0 str=(null)
sim_hotkey: 'f1' -> osrs_key=1 at frame 37940
Failed to load dat2 idk 307
Dat2SpriteLoadByName: archive 'mapfunction' not found in sprites table
Dat2SpriteLoadByName: archive 'hitmark' not found in sprites table
CS2VM2: call depth 128 exhausted calling script 904 from script 904 (raise CS2VM_MAX_FRAMES)
Task_CS2Run: script 904 failed at opcode 40 pc 2 (invoked as script 903 for component 0xa10000)
  script 904: int_args=2 str_args=0 int_locals=2 str_locals=0 ops=4
  pc=0 op=33 PUSH_INT_LOCAL operand=0 str=(null)
  pc=1 op=33 PUSH_INT_LOCAL operand=1 str=(null)
  pc=2 op=40 GOSUB_WITH_PARAMS operand=904 str=(null)
  pc=3 op=21 RETURN operand=0 str=(null)
CS2VM2: call depth 128 exhausted calling script 904 from script 904 (raise CS2VM_MAX_FRAMES)
Task_CS2Run: script 904 failed at opcode 40 pc 2 (invoked as script 903 for component 0xa10000)
  script 904: int_args=2 str_args=0 int_locals=2 str_locals=0 ops=4
  pc=0 op=33 PUSH_INT_LOCAL operand=0 str=(null)
  pc=1 op=33 PUSH_INT_LOCAL operand=1 str=(null)
  pc=2 op=40 GOSUB_WITH_PARAMS operand=904 str=(null)
  pc=3 op=21 RETURN operand=0 str=(null)
sim_hotkey: 'f2' -> osrs_key=2 at frame 37960
sim_hotkey: 'f3' -> osrs_key=3 at frame 37980
sim_hotkey: 'f4' -> osrs_key=4 at frame 38000
torirs_perf: window=75 frame_p95=5.37ms
sim_hotkey: 'f5' -> osrs_key=5 at frame 38020
sim_hotkey: 'f6' -> osrs_key=6 at frame 38040
sim_hotkey: 'f7' -> osrs_key=7 at frame 38060
sim_hotkey: 'f8' -> osrs_key=8 at frame 38080
sim_hotkey: 'f9' -> osrs_key=9 at frame 38100
sim_hotkey: 'f10' -> osrs_key=10 at frame 38120
Dat2SpriteLoadByName: archive 'mapfunction' not found in sprites table
Dat2SpriteLoadByName: archive 'hitmark' not found in sprites table
CS2VM2: call depth 128 exhausted calling script 904 from script 904 (raise CS2VM_MAX_FRAMES)
Task_CS2Run: script 904 failed at opcode 40 pc 2 (invoked as script 903 for component 0xa10000)
  script 904: int_args=2 str_args=0 int_locals=2 str_locals=0 ops=4
  pc=0 op=33 PUSH_INT_LOCAL operand=0 str=(null)
  pc=1 op=33 PUSH_INT_LOCAL operand=1 str=(null)
  pc=2 op=40 GOSUB_WITH_PARAMS operand=904 str=(null)
  pc=3 op=21 RETURN operand=0 str=(null)
sim_hotkey: 'f11' -> osrs_key=11 at frame 38140
sim_hotkey: 'f12' -> osrs_key=12 at frame 38160
sim_hotkey: 'escape' -> osrs_key=13 at frame 38180
sim_hotkey: 'escape' -> osrs_key=13 at frame 38200
sim_hotkey: 'f1' -> osrs_key=1 at frame 38220
sim_hotkey: 'f2' -> osrs_key=2 at frame 38240
sim_hotkey: 'f3' -> osrs_key=3 at frame 38260
sim_hotkey: 'f4' -> osrs_key=4 at frame 38280
sim_hotkey: 'f5' -> osrs_key=5 at frame 38300
torirs_iface_stats: tick=11250 groups=33
  group=161 opens=1 closes=0 bakes=1 reuse=0 live=106 hidden=14 hooks=22 hook_bytes=224400
  group=162 opens=1 closes=0 bakes=1 reuse=0 live=3222 hidden=2413 hooks=18 hook_bytes=183600
  group=651 opens=1 closes=0 bakes=1 reuse=0 live=7 hidden=0 hooks=0 hook_bytes=0
  group=708 opens=1 closes=0 bakes=1 reuse=0 live=13 hidden=1 hooks=4 hook_bytes=40800
  group=163 opens=1 closes=0 bakes=0 reuse=1 live=26 hidden=25 hooks=0 hook_bytes=0
  group=303 opens=1 closes=0 bakes=1 reuse=0 live=21 hidden=5 hooks=2 hook_bytes=20400
  group=90 opens=1 closes=0 bakes=1 reuse=0 live=60 hidden=13 hooks=13 hook_bytes=132600
  group=160 opens=1 closes=0 bakes=1 reuse=0 live=58 hidden=12 hooks=11 hook_bytes=112200
  group=122 opens=1 closes=0 bakes=1 reuse=0 live=33 hidden=15 hooks=9 hook_bytes=91800
  group=728 opens=1 closes=0 bakes=0 reuse=1 live=50 hidden=2 hooks=4 hook_bytes=40800
  group=896 opens=1 closes=0 bakes=0 reuse=1 live=903 hidden=902 hooks=0 hook_bytes=0
  group=593 opens=1 closes=0 bakes=1 reuse=0 live=117 hidden=7 hooks=6 hook_bytes=61200
  group=320 opens=1 closes=0 bakes=1 reuse=0 live=202 hidden=24 hooks=49 hook_bytes=499800
  group=629 opens=1 closes=0 bakes=1 reuse=0 live=46 hidden=5 hooks=3 hook_bytes=30600
  group=712 opens=1 closes=0 bakes=1 reuse=0 live=113 hidden=0 hooks=5 hook_bytes=51000
  group=149 opens=1 closes=0 bakes=0 reuse=1 live=29 hidden=0 hooks=28 hook_bytes=285600
  group=387 opens=1 closes=0 bakes=1 reuse=0 live=96 hidden=12 hooks=13 hook_bytes=132600
  group=541 opens=1 closes=0 bakes=1 reuse=0 live=124 hidden=33 hooks=30 hook_bytes=306000
  group=218 opens=1 closes=0 bakes=1 reuse=0 live=232 hidden=132 hooks=195 hook_bytes=1989000
  group=707 opens=1 closes=0 bakes=1 reuse=0 live=39 hidden=0 hooks=5 hook_bytes=51000
  group=109 opens=1 closes=0 bakes=1 reuse=0 live=96 hidden=13 hooks=10 hook_bytes=102000
  group=429 opens=1 closes=0 bakes=1 reuse=0 live=35 hidden=0 hooks=8 hook_bytes=81600
  group=182 opens=1 closes=0 bakes=1 reuse=0 live=94 hidden=3 hooks=10 hook_bytes=102000
  group=116 opens=1 closes=0 bakes=1 reuse=0 live=222 hidden=12 hooks=65 hook_bytes=663000
  group=216 opens=1 closes=0 bakes=1 reuse=0 live=124 hidden=0 hooks=61 hook_bytes=622200
  group=239 opens=1 closes=0 bakes=1 reuse=0 live=934 hidden=597 hooks=267 hook_bytes=2723400
  group=12 opens=38 closes=38 bakes=1 reuse=37 live=1781 hidden=73 hooks=1505 hook_bytes=15351000
  group=15 opens=38 closes=38 bakes=1 reuse=37 live=650 hidden=49 hooks=366 hook_bytes=3733200
  group=84 opens=38 closes=38 bakes=1 reuse=37 live=123 hidden=14 hooks=25 hook_bytes=255000
  group=729 opens=38 closes=37 bakes=0 reuse=38 live=36 hidden=0 hooks=6 hook_bytes=61200
  group=650 opens=37 closes=37 bakes=1 reuse=36 live=110 hidden=3 hooks=15 hook_bytes=153000
  group=894 opens=37 closes=37 bakes=1 reuse=36 live=413 hidden=5 hooks=117 hook_bytes=1193400
  group=32766 opens=0 closes=0 bakes=0 reuse=0 live=4 hidden=0 hooks=0 hook_bytes=0
torirs_stats: tick=11250 components=10119 live=10119 hidden=4384 freed=0 free_head=-1 inv_hooks=19 var_hooks=163 timers=28 timers_hidden=7 iface_parents=26
Dat2SpriteLoadByName: archive 'mapfunction' not found in sprites table
Dat2SpriteLoadByName: archive 'hitmark' not found in sprites table
Task_CS2Run: script 7188 failed at opcode 34 pc 14 (invoked as script 7128 for component 0x28a0000)
  script 7188: int_args=0 str_args=0 int_locals=1 str_locals=1 ops=31
  pc=0 op=0 PUSH_CONSTANT_INT operand=-1 str=(null)
  pc=1 op=34 POP_INT_LOCAL operand=0 str=(null)
  pc=2 op=3 PUSH_CONSTANT_STRING operand=0 str=
  pc=3 op=36 POP_STRING_LOCAL operand=0 str=(null)
  pc=4 op=25 PUSH_VARBIT operand=14881 str=(null)
  pc=5 op=60 SWITCH operand=0 str=(null)
  pc=6 op=3 PUSH_CONSTANT_STRING operand=0 str=graphic_4911
  pc=7 op=3 PUSH_CONSTANT_STRING operand=0 str=Grand Exchange value
  pc=8 op=36 POP_STRING_LOCAL operand=0 str=(null)
  pc=9 op=34 POP_INT_LOCAL operand=0 str=(null)
  pc=10 op=6 BRANCH operand=10 str=(null)
  pc=11 op=3 PUSH_CONSTANT_STRING operand=0 str=graphic_4912
  pc=12 op=3 PUSH_CONSTANT_STRING operand=0 str=High Alchemy value
  pc=13 op=36 POP_STRING_LOCAL operand=0 str=(null)
  pc=14 op=34 POP_INT_LOCAL operand=0 str=(null)
  pc=15 op=6 BRANCH operand=5 str=(null)
  pc=16 op=3 PUSH_CONSTANT_STRING operand=0 str=graphic_4911
CS2VM2: call depth 128 exhausted calling script 904 from script 904 (raise CS2VM_MAX_FRAMES)
Task_CS2Run: script 904 failed at opcode 40 pc 2 (invoked as script 903 for component 0xa10000)
  script 904: int_args=2 str_args=0 int_locals=2 str_locals=0 ops=4
  pc=0 op=33 PUSH_INT_LOCAL operand=0 str=(null)
  pc=1 op=33 PUSH_INT_LOCAL operand=1 str=(null)
  pc=2 op=40 GOSUB_WITH_PARAMS operand=904 str=(null)
  pc=3 op=21 RETURN operand=0 str=(null)
sim_hotkey: 'f6' -> osrs_key=6 at frame 38320
sim_hotkey: 'f7' -> osrs_key=7 at frame 38340
sim_hotkey: 'f8' -> osrs_key=8 at frame 38360
sim_hotkey: 'f9' -> osrs_key=9 at frame 38380
sim_hotkey: 'f10' -> osrs_key=10 at frame 38400
sim_hotkey: 'f11' -> osrs_key=11 at frame 38420
sim_hotkey: 'f12' -> osrs_key=12 at frame 38440
sim_hotkey: 'escape' -> osrs_key=13 at frame 38460
sim_hotkey: 'escape' -> osrs_key=13 at frame 38480
Dat2SpriteLoadByName: archive 'mapfunction' not found in sprites table
Dat2SpriteLoadByName: archive 'hitmark' not found in sprites table
CS2VM2: call depth 128 exhausted calling script 904 from script 904 (raise CS2VM_MAX_FRAMES)
Task_CS2Run: script 904 failed at opcode 40 pc 2 (invoked as script 903 for component 0xa10000)
  script 904: int_args=2 str_args=0 int_locals=2 str_locals=0 ops=4
  pc=0 op=33 PUSH_INT_LOCAL operand=0 str=(null)
  pc=1 op=33 PUSH_INT_LOCAL operand=1 str=(null)
  pc=2 op=40 GOSUB_WITH_PARAMS operand=904 str=(null)
  pc=3 op=21 RETURN operand=0 str=(null)
sim_hotkey: 'f1' -> osrs_key=1 at frame 38500
torirs_perf: window=76 frame_p95=4.63ms
sim_hotkey: 'f2' -> osrs_key=2 at frame 38520
sim_hotkey: 'f3' -> osrs_key=3 at frame 38540
sim_hotkey: 'f4' -> osrs_key=4 at frame 38560
sim_hotkey: 'f5' -> osrs_key=5 at frame 38580
sim_hotkey: 'f6' -> osrs_key=6 at frame 38600
sim_hotkey: 'f7' -> osrs_key=7 at frame 38620
sim_hotkey: 'f8' -> osrs_key=8 at frame 38640
sim_hotkey: 'f9' -> osrs_key=9 at frame 38660
sim_hotkey: 'f10' -> osrs_key=10 at frame 38680
sim_hotkey: 'f11' -> osrs_key=11 at frame 38700
sim_hotkey: 'f12' -> osrs_key=12 at frame 38720
sim_hotkey: 'escape' -> osrs_key=13 at frame 38740
sim_hotkey: 'escape' -> osrs_key=13 at frame 38760
sim_hotkey: 'f1' -> osrs_key=1 at frame 38780
sim_hotkey: 'f2' -> osrs_key=2 at frame 38800
sim_hotkey: 'f3' -> osrs_key=3 at frame 38820
sim_hotkey: 'f4' -> osrs_key=4 at frame 38840
Failed to load dat2 idk 307
Dat2SpriteLoadByName: archive 'mapfunction' not found in sprites table
Dat2SpriteLoadByName: archive 'hitmark' not found in sprites table
CS2VM2: call depth 128 exhausted calling script 904 from script 904 (raise CS2VM_MAX_FRAMES)
Task_CS2Run: script 904 failed at opcode 40 pc 2 (invoked as script 903 for component 0xa10000)
  script 904: int_args=2 str_args=0 int_locals=2 str_locals=0 ops=4
  pc=0 op=33 PUSH_INT_LOCAL operand=0 str=(null)
  pc=1 op=33 PUSH_INT_LOCAL operand=1 str=(null)
  pc=2 op=40 GOSUB_WITH_PARAMS operand=904 str=(null)
  pc=3 op=21 RETURN operand=0 str=(null)
Dat2SpriteLoadByName: archive 'mapfunction' not found in sprites table
Dat2SpriteLoadByName: archive 'hitmark' not found in sprites table
CS2VM2: call depth 128 exhausted calling script 904 from script 904 (raise CS2VM_MAX_FRAMES)
Task_CS2Run: script 904 failed at opcode 40 pc 2 (invoked as script 903 for component 0xa10000)
  script 904: int_args=2 str_args=0 int_locals=2 str_locals=0 ops=4
  pc=0 op=33 PUSH_INT_LOCAL operand=0 str=(null)
  pc=1 op=33 PUSH_INT_LOCAL operand=1 str=(null)
  pc=2 op=40 GOSUB_WITH_PARAMS operand=904 str=(null)
  pc=3 op=21 RETURN operand=0 str=(null)
sim_hotkey: 'f5' -> osrs_key=5 at frame 38860
sim_hotkey: 'f6' -> osrs_key=6 at frame 38880
sim_hotkey: 'f7' -> osrs_key=7 at frame 38900
sim_hotkey: 'f8' -> osrs_key=8 at frame 38920
sim_hotkey: 'f9' -> osrs_key=9 at frame 38940
sim_hotkey: 'f10' -> osrs_key=10 at frame 38960
sim_hotkey: 'f11' -> osrs_key=11 at frame 38980
Failed to load dat2 idk 307
Dat2SpriteLoadByName: archive 'mapfunction' not found in sprites table
Dat2SpriteLoadByName: archive 'hitmark' not found in sprites table
CS2VM2: call depth 128 exhausted calling script 904 from script 904 (raise CS2VM_MAX_FRAMES)
Task_CS2Run: script 904 failed at opcode 40 pc 2 (invoked as script 903 for component 0xa10000)
  script 904: int_args=2 str_args=0 int_locals=2 str_locals=0 ops=4
  pc=0 op=33 PUSH_INT_LOCAL operand=0 str=(null)
  pc=1 op=33 PUSH_INT_LOCAL operand=1 str=(null)
  pc=2 op=40 GOSUB_WITH_PARAMS operand=904 str=(null)
  pc=3 op=21 RETURN operand=0 str=(null)
sim_hotkey: 'f12' -> osrs_key=12 at frame 39000
torirs_perf: window=77 frame_p95=5.55ms
sim_hotkey: 'escape' -> osrs_key=13 at frame 39020
sim_hotkey: 'escape' -> osrs_key=13 at frame 39040
CS2VM2: call depth 128 exhausted calling script 904 from script 904 (raise CS2VM_MAX_FRAMES)
Task_CS2Run: script 904 failed at opcode 40 pc 2 (invoked as script 903 for component 0xa10000)
  script 904: int_args=2 str_args=0 int_locals=2 str_locals=0 ops=4
  pc=0 op=33 PUSH_INT_LOCAL operand=0 str=(null)
  pc=1 op=33 PUSH_INT_LOCAL operand=1 str=(null)
  pc=2 op=40 GOSUB_WITH_PARAMS operand=904 str=(null)
  pc=3 op=21 RETURN operand=0 str=(null)
CS2VM2: call depth 128 exhausted calling script 904 from script 904 (raise CS2VM_MAX_FRAMES)
Task_CS2Run: script 904 failed at opcode 40 pc 2 (invoked as script 903 for component 0xa10000)
  script 904: int_args=2 str_args=0 int_locals=2 str_locals=0 ops=4
  pc=0 op=33 PUSH_INT_LOCAL operand=0 str=(null)
  pc=1 op=33 PUSH_INT_LOCAL operand=1 str=(null)
  pc=2 op=40 GOSUB_WITH_PARAMS operand=904 str=(null)
  pc=3 op=21 RETURN operand=0 str=(null)
CS2VM2: call depth 128 exhausted calling script 904 from script 904 (raise CS2VM_MAX_FRAMES)
Task_CS2Run: script 904 failed at opcode 40 pc 2 (invoked as script 903 for component 0xa10000)
  script 904: int_args=2 str_args=0 int_locals=2 str_locals=0 ops=4
  pc=0 op=33 PUSH_INT_LOCAL operand=0 str=(null)
  pc=1 op=33 PUSH_INT_LOCAL operand=1 str=(null)
  pc=2 op=40 GOSUB_WITH_PARAMS operand=904 str=(null)
  pc=3 op=21 RETURN operand=0 str=(null)
CS2VM2: call depth 128 exhausted calling script 904 from script 904 (raise CS2VM_MAX_FRAMES)
Task_CS2Run: script 904 failed at opcode 40 pc 2 (invoked as script 903 for component 0xa10000)
  script 904: int_args=2 str_args=0 int_locals=2 str_locals=0 ops=4
  pc=0 op=33 PUSH_INT_LOCAL operand=0 str=(null)
  pc=1 op=33 PUSH_INT_LOCAL operand=1 str=(null)
  pc=2 op=40 GOSUB_WITH_PARAMS operand=904 str=(null)
  pc=3 op=21 RETURN operand=0 str=(null)
sim_hotkey: 'f1' -> osrs_key=1 at frame 39060
sim_hotkey: 'f2' -> osrs_key=2 at frame 39080
sim_hotkey: 'f3' -> osrs_key=3 at frame 39100
sim_hotkey: 'f4' -> osrs_key=4 at frame 39120
sim_hotkey: 'f5' -> osrs_key=5 at frame 39140
sim_hotkey: 'f6' -> osrs_key=6 at frame 39160
torirs_iface_stats: tick=11500 groups=33
  group=161 opens=1 closes=0 bakes=1 reuse=0 live=106 hidden=14 hooks=22 hook_bytes=224400
  group=162 opens=1 closes=0 bakes=1 reuse=0 live=3222 hidden=2413 hooks=18 hook_bytes=183600
  group=651 opens=1 closes=0 bakes=1 reuse=0 live=7 hidden=0 hooks=0 hook_bytes=0
  group=708 opens=1 closes=0 bakes=1 reuse=0 live=13 hidden=1 hooks=4 hook_bytes=40800
  group=163 opens=1 closes=0 bakes=0 reuse=1 live=26 hidden=25 hooks=0 hook_bytes=0
  group=303 opens=1 closes=0 bakes=1 reuse=0 live=21 hidden=5 hooks=2 hook_bytes=20400
  group=90 opens=1 closes=0 bakes=1 reuse=0 live=60 hidden=13 hooks=13 hook_bytes=132600
  group=160 opens=1 closes=0 bakes=1 reuse=0 live=58 hidden=12 hooks=11 hook_bytes=112200
  group=122 opens=1 closes=0 bakes=1 reuse=0 live=33 hidden=15 hooks=9 hook_bytes=91800
  group=728 opens=1 closes=0 bakes=0 reuse=1 live=50 hidden=2 hooks=4 hook_bytes=40800
  group=896 opens=1 closes=0 bakes=0 reuse=1 live=903 hidden=902 hooks=0 hook_bytes=0
  group=593 opens=1 closes=0 bakes=1 reuse=0 live=117 hidden=7 hooks=6 hook_bytes=61200
  group=320 opens=1 closes=0 bakes=1 reuse=0 live=202 hidden=24 hooks=49 hook_bytes=499800
  group=629 opens=1 closes=0 bakes=1 reuse=0 live=46 hidden=5 hooks=3 hook_bytes=30600
  group=712 opens=1 closes=0 bakes=1 reuse=0 live=113 hidden=0 hooks=5 hook_bytes=51000
  group=149 opens=1 closes=0 bakes=0 reuse=1 live=29 hidden=0 hooks=28 hook_bytes=285600
  group=387 opens=1 closes=0 bakes=1 reuse=0 live=96 hidden=12 hooks=13 hook_bytes=132600
  group=541 opens=1 closes=0 bakes=1 reuse=0 live=124 hidden=33 hooks=30 hook_bytes=306000
  group=218 opens=1 closes=0 bakes=1 reuse=0 live=232 hidden=132 hooks=195 hook_bytes=1989000
  group=707 opens=1 closes=0 bakes=1 reuse=0 live=39 hidden=0 hooks=5 hook_bytes=51000
  group=109 opens=1 closes=0 bakes=1 reuse=0 live=96 hidden=13 hooks=10 hook_bytes=102000
  group=429 opens=1 closes=0 bakes=1 reuse=0 live=35 hidden=0 hooks=8 hook_bytes=81600
  group=182 opens=1 closes=0 bakes=1 reuse=0 live=94 hidden=3 hooks=10 hook_bytes=102000
  group=116 opens=1 closes=0 bakes=1 reuse=0 live=222 hidden=12 hooks=65 hook_bytes=663000
  group=216 opens=1 closes=0 bakes=1 reuse=0 live=124 hidden=0 hooks=61 hook_bytes=622200
  group=239 opens=1 closes=0 bakes=1 reuse=0 live=934 hidden=597 hooks=267 hook_bytes=2723400
  group=12 opens=39 closes=39 bakes=1 reuse=38 live=1781 hidden=73 hooks=1505 hook_bytes=15351000
  group=15 opens=39 closes=39 bakes=1 reuse=38 live=650 hidden=49 hooks=366 hook_bytes=3733200
  group=84 opens=39 closes=39 bakes=1 reuse=38 live=123 hidden=14 hooks=25 hook_bytes=255000
  group=729 opens=38 closes=38 bakes=0 reuse=38 live=36 hidden=1 hooks=6 hook_bytes=61200
  group=650 opens=38 closes=38 bakes=1 reuse=37 live=110 hidden=3 hooks=15 hook_bytes=153000
  group=894 opens=38 closes=37 bakes=1 reuse=37 live=413 hidden=4 hooks=117 hook_bytes=1193400
  group=32766 opens=0 closes=0 bakes=0 reuse=0 live=4 hidden=0 hooks=0 hook_bytes=0
torirs_stats: tick=11500 components=10119 live=10119 hidden=4384 freed=0 free_head=-1 inv_hooks=19 var_hooks=163 timers=28 timers_hidden=7 iface_parents=26
Dat2SpriteLoadByName: archive 'mapfunction' not found in sprites table
Dat2SpriteLoadByName: archive 'hitmark' not found in sprites table
CS2VM2: call depth 128 exhausted calling script 904 from script 904 (raise CS2VM_MAX_FRAMES)
Task_CS2Run: script 904 failed at opcode 40 pc 2 (invoked as script 903 for component 0xa10000)
  script 904: int_args=2 str_args=0 int_locals=2 str_locals=0 ops=4
  pc=0 op=33 PUSH_INT_LOCAL operand=0 str=(null)
  pc=1 op=33 PUSH_INT_LOCAL operand=1 str=(null)
  pc=2 op=40 GOSUB_WITH_PARAMS operand=904 str=(null)
  pc=3 op=21 RETURN operand=0 str=(null)
sim_hotkey: 'f7' -> osrs_key=7 at frame 39180
sim_hotkey: 'f8' -> osrs_key=8 at frame 39200
sim_hotkey: 'f9' -> osrs_key=9 at frame 39220
sim_hotkey: 'f10' -> osrs_key=10 at frame 39240
sim_hotkey: 'f11' -> osrs_key=11 at frame 39260
sim_hotkey: 'f12' -> osrs_key=12 at frame 39280
sim_hotkey: 'escape' -> osrs_key=13 at frame 39300
sim_hotkey: 'escape' -> osrs_key=13 at frame 39320
sim_hotkey: 'f1' -> osrs_key=1 at frame 39340
sim_hotkey: 'f2' -> osrs_key=2 at frame 39360
Dat2SpriteLoadByName: archive 'mapfunction' not found in sprites table
Dat2SpriteLoadByName: archive 'hitmark' not found in sprites table
Task_CS2Run: script 7188 failed at opcode 34 pc 14 (invoked as script 7128 for component 0x28a0000)
  script 7188: int_args=0 str_args=0 int_locals=1 str_locals=1 ops=31
  pc=0 op=0 PUSH_CONSTANT_INT operand=-1 str=(null)
  pc=1 op=34 POP_INT_LOCAL operand=0 str=(null)
  pc=2 op=3 PUSH_CONSTANT_STRING operand=0 str=
  pc=3 op=36 POP_STRING_LOCAL operand=0 str=(null)
  pc=4 op=25 PUSH_VARBIT operand=14881 str=(null)
  pc=5 op=60 SWITCH operand=0 str=(null)
  pc=6 op=3 PUSH_CONSTANT_STRING operand=0 str=graphic_4911
  pc=7 op=3 PUSH_CONSTANT_STRING operand=0 str=Grand Exchange value
  pc=8 op=36 POP_STRING_LOCAL operand=0 str=(null)
  pc=9 op=34 POP_INT_LOCAL operand=0 str=(null)
  pc=10 op=6 BRANCH operand=10 str=(null)
  pc=11 op=3 PUSH_CONSTANT_STRING operand=0 str=graphic_4912
  pc=12 op=3 PUSH_CONSTANT_STRING operand=0 str=High Alchemy value
  pc=13 op=36 POP_STRING_LOCAL operand=0 str=(null)
  pc=14 op=34 POP_INT_LOCAL operand=0 str=(null)
  pc=15 op=6 BRANCH operand=5 str=(null)
  pc=16 op=3 PUSH_CONSTANT_STRING operand=0 str=graphic_4911
CS2VM2: call depth 128 exhausted calling script 904 from script 904 (raise CS2VM_MAX_FRAMES)
Task_CS2Run: script 904 failed at opcode 40 pc 2 (invoked as script 903 for component 0xa10000)
  script 904: int_args=2 str_args=0 int_locals=2 str_locals=0 ops=4
  pc=0 op=33 PUSH_INT_LOCAL operand=0 str=(null)
  pc=1 op=33 PUSH_INT_LOCAL operand=1 str=(null)
  pc=2 op=40 GOSUB_WITH_PARAMS operand=904 str=(null)
  pc=3 op=21 RETURN operand=0 str=(null)
sim_hotkey: 'f3' -> osrs_key=3 at frame 39380
sim_hotkey: 'f4' -> osrs_key=4 at frame 39400
sim_hotkey: 'f5' -> osrs_key=5 at frame 39420
sim_hotkey: 'f6' -> osrs_key=6 at frame 39440
sim_hotkey: 'f7' -> osrs_key=7 at frame 39460
sim_hotkey: 'f8' -> osrs_key=8 at frame 39480
sim_hotkey: 'f9' -> osrs_key=9 at frame 39500
torirs_perf: window=78 frame_p95=4.73ms
sim_hotkey: 'f10' -> osrs_key=10 at frame 39520
sim_hotkey: 'f11' -> osrs_key=11 at frame 39540
Dat2SpriteLoadByName: archive 'mapfunction' not found in sprites table
Dat2SpriteLoadByName: archive 'hitmark' not found in sprites table
CS2VM2: call depth 128 exhausted calling script 904 from script 904 (raise CS2VM_MAX_FRAMES)
Task_CS2Run: script 904 failed at opcode 40 pc 2 (invoked as script 903 for component 0xa10000)
  script 904: int_args=2 str_args=0 int_locals=2 str_locals=0 ops=4
  pc=0 op=33 PUSH_INT_LOCAL operand=0 str=(null)
  pc=1 op=33 PUSH_INT_LOCAL operand=1 str=(null)
  pc=2 op=40 GOSUB_WITH_PARAMS operand=904 str=(null)
  pc=3 op=21 RETURN operand=0 str=(null)
sim_hotkey: 'f12' -> osrs_key=12 at frame 39560
sim_hotkey: 'escape' -> osrs_key=13 at frame 39580
sim_hotkey: 'escape' -> osrs_key=13 at frame 39600
sim_hotkey: 'f1' -> osrs_key=1 at frame 39620
sim_hotkey: 'f2' -> osrs_key=2 at frame 39640
sim_hotkey: 'f3' -> osrs_key=3 at frame 39660
sim_hotkey: 'f4' -> osrs_key=4 at frame 39680
sim_hotkey: 'f5' -> osrs_key=5 at frame 39700
sim_hotkey: 'f6' -> osrs_key=6 at frame 39720
sim_hotkey: 'f7' -> osrs_key=7 at frame 39740
sim_hotkey: 'f8' -> osrs_key=8 at frame 39760
sim_hotkey: 'f9' -> osrs_key=9 at frame 39780
sim_hotkey: 'f10' -> osrs_key=10 at frame 39800
sim_hotkey: 'f11' -> osrs_key=11 at frame 39820
sim_hotkey: 'f12' -> osrs_key=12 at frame 39840
sim_hotkey: 'escape' -> osrs_key=13 at frame 39860
sim_hotkey: 'escape' -> osrs_key=13 at frame 39880
sim_hotkey: 'f1' -> osrs_key=1 at frame 39900
Failed to load dat2 idk 307
Dat2SpriteLoadByName: archive 'mapfunction' not found in sprites table
Dat2SpriteLoadByName: archive 'hitmark' not found in sprites table
CS2VM2: call depth 128 exhausted calling script 904 from script 904 (raise CS2VM_MAX_FRAMES)
Task_CS2Run: script 904 failed at opcode 40 pc 2 (invoked as script 903 for component 0xa10000)
  script 904: int_args=2 str_args=0 int_locals=2 str_locals=0 ops=4
  pc=0 op=33 PUSH_INT_LOCAL operand=0 str=(null)
  pc=1 op=33 PUSH_INT_LOCAL operand=1 str=(null)
  pc=2 op=40 GOSUB_WITH_PARAMS operand=904 str=(null)
  pc=3 op=21 RETURN operand=0 str=(null)
Dat2SpriteLoadByName: archive 'mapfunction' not found in sprites table
Dat2SpriteLoadByName: archive 'hitmark' not found in sprites table
CS2VM2: call depth 128 exhausted calling script 904 from script 904 (raise CS2VM_MAX_FRAMES)
Task_CS2Run: script 904 failed at opcode 40 pc 2 (invoked as script 903 for component 0xa10000)
  script 904: int_args=2 str_args=0 int_locals=2 str_locals=0 ops=4
  pc=0 op=33 PUSH_INT_LOCAL operand=0 str=(null)
  pc=1 op=33 PUSH_INT_LOCAL operand=1 str=(null)
  pc=2 op=40 GOSUB_WITH_PARAMS operand=904 str=(null)
  pc=3 op=21 RETURN operand=0 str=(null)
CS2VM2: call depth 128 exhausted calling script 904 from script 904 (raise CS2VM_MAX_FRAMES)
Task_CS2Run: script 904 failed at opcode 40 pc 2 (invoked as script 903 for component 0xa10000)
  script 904: int_args=2 str_args=0 int_locals=2 str_locals=0 ops=4
  pc=0 op=33 PUSH_INT_LOCAL operand=0 str=(null)
  pc=1 op=33 PUSH_INT_LOCAL operand=1 str=(null)
  pc=2 op=40 GOSUB_WITH_PARAMS operand=904 str=(null)
  pc=3 op=21 RETURN operand=0 str=(null)
CS2VM2: call depth 128 exhausted calling script 904 from script 904 (raise CS2VM_MAX_FRAMES)
Task_CS2Run: script 904 failed at opcode 40 pc 2 (invoked as script 903 for component 0xa10000)
  script 904: int_args=2 str_args=0 int_locals=2 str_locals=0 ops=4
  pc=0 op=33 PUSH_INT_LOCAL operand=0 str=(null)
  pc=1 op=33 PUSH_INT_LOCAL operand=1 str=(null)
  pc=2 op=40 GOSUB_WITH_PARAMS operand=904 str=(null)
  pc=3 op=21 RETURN operand=0 str=(null)
sim_hotkey: 'f2' -> osrs_key=2 at frame 39920
sim_hotkey: 'f3' -> osrs_key=3 at frame 39940
sim_hotkey: 'f4' -> osrs_key=4 at frame 39960
sim_hotkey: 'f5' -> osrs_key=5 at frame 39980
sim_hotkey: 'f6' -> osrs_key=6 at frame 40000
torirs_perf: window=79 frame_p95=4.74ms
sim_hotkey: 'f7' -> osrs_key=7 at frame 40020
sim_hotkey: 'f8' -> osrs_key=8 at frame 40040
sim_hotkey: 'f9' -> osrs_key=9 at frame 40060
torirs_iface_stats: tick=11750 groups=33
  group=161 opens=1 closes=0 bakes=1 reuse=0 live=106 hidden=14 hooks=22 hook_bytes=224400
  group=162 opens=1 closes=0 bakes=1 reuse=0 live=3222 hidden=2413 hooks=18 hook_bytes=183600
  group=651 opens=1 closes=0 bakes=1 reuse=0 live=7 hidden=0 hooks=0 hook_bytes=0
  group=708 opens=1 closes=0 bakes=1 reuse=0 live=13 hidden=1 hooks=4 hook_bytes=40800
  group=163 opens=1 closes=0 bakes=0 reuse=1 live=26 hidden=25 hooks=0 hook_bytes=0
  group=303 opens=1 closes=0 bakes=1 reuse=0 live=21 hidden=5 hooks=2 hook_bytes=20400
  group=90 opens=1 closes=0 bakes=1 reuse=0 live=60 hidden=13 hooks=13 hook_bytes=132600
  group=160 opens=1 closes=0 bakes=1 reuse=0 live=58 hidden=12 hooks=11 hook_bytes=112200
  group=122 opens=1 closes=0 bakes=1 reuse=0 live=33 hidden=15 hooks=9 hook_bytes=91800
  group=728 opens=1 closes=0 bakes=0 reuse=1 live=50 hidden=2 hooks=4 hook_bytes=40800
  group=896 opens=1 closes=0 bakes=0 reuse=1 live=903 hidden=902 hooks=0 hook_bytes=0
  group=593 opens=1 closes=0 bakes=1 reuse=0 live=117 hidden=7 hooks=6 hook_bytes=61200
  group=320 opens=1 closes=0 bakes=1 reuse=0 live=202 hidden=24 hooks=49 hook_bytes=499800
  group=629 opens=1 closes=0 bakes=1 reuse=0 live=46 hidden=5 hooks=3 hook_bytes=30600
  group=712 opens=1 closes=0 bakes=1 reuse=0 live=113 hidden=0 hooks=5 hook_bytes=51000
  group=149 opens=1 closes=0 bakes=0 reuse=1 live=29 hidden=0 hooks=28 hook_bytes=285600
  group=387 opens=1 closes=0 bakes=1 reuse=0 live=96 hidden=12 hooks=13 hook_bytes=132600
  group=541 opens=1 closes=0 bakes=1 reuse=0 live=124 hidden=33 hooks=30 hook_bytes=306000
  group=218 opens=1 closes=0 bakes=1 reuse=0 live=232 hidden=132 hooks=195 hook_bytes=1989000
  group=707 opens=1 closes=0 bakes=1 reuse=0 live=39 hidden=0 hooks=5 hook_bytes=51000
  group=109 opens=1 closes=0 bakes=1 reuse=0 live=96 hidden=13 hooks=10 hook_bytes=102000
  group=429 opens=1 closes=0 bakes=1 reuse=0 live=35 hidden=0 hooks=8 hook_bytes=81600
  group=182 opens=1 closes=0 bakes=1 reuse=0 live=94 hidden=3 hooks=10 hook_bytes=102000
  group=116 opens=1 closes=0 bakes=1 reuse=0 live=222 hidden=12 hooks=65 hook_bytes=663000
  group=216 opens=1 closes=0 bakes=1 reuse=0 live=124 hidden=0 hooks=61 hook_bytes=622200
  group=239 opens=1 closes=0 bakes=1 reuse=0 live=934 hidden=597 hooks=267 hook_bytes=2723400
  group=12 opens=40 closes=40 bakes=1 reuse=39 live=1781 hidden=73 hooks=1505 hook_bytes=15351000
  group=15 opens=40 closes=40 bakes=1 reuse=39 live=650 hidden=49 hooks=366 hook_bytes=3733200
  group=84 opens=39 closes=39 bakes=1 reuse=38 live=123 hidden=14 hooks=25 hook_bytes=255000
  group=729 opens=39 closes=39 bakes=0 reuse=39 live=36 hidden=1 hooks=6 hook_bytes=61200
  group=650 opens=39 closes=39 bakes=1 reuse=38 live=110 hidden=3 hooks=15 hook_bytes=153000
  group=894 opens=39 closes=38 bakes=1 reuse=38 live=413 hidden=4 hooks=117 hook_bytes=1193400
  group=32766 opens=0 closes=0 bakes=0 reuse=0 live=4 hidden=0 hooks=0 hook_bytes=0
torirs_stats: tick=11750 components=10119 live=10119 hidden=4384 freed=0 free_head=-1 inv_hooks=19 var_hooks=163 timers=28 timers_hidden=7 iface_parents=26
Failed to load dat2 idk 307
Dat2SpriteLoadByName: archive 'mapfunction' not found in sprites table
Dat2SpriteLoadByName: archive 'hitmark' not found in sprites table
CS2VM2: call depth 128 exhausted calling script 904 from script 904 (raise CS2VM_MAX_FRAMES)
Task_CS2Run: script 904 failed at opcode 40 pc 2 (invoked as script 903 for component 0xa10000)
  script 904: int_args=2 str_args=0 int_locals=2 str_locals=0 ops=4
  pc=0 op=33 PUSH_INT_LOCAL operand=0 str=(null)
  pc=1 op=33 PUSH_INT_LOCAL operand=1 str=(null)
  pc=2 op=40 GOSUB_WITH_PARAMS operand=904 str=(null)
  pc=3 op=21 RETURN operand=0 str=(null)
sim_hotkey: 'f10' -> osrs_key=10 at frame 40080
sim_hotkey: 'f11' -> osrs_key=11 at frame 40100
sim_hotkey: 'f12' -> osrs_key=12 at frame 40120
sim_hotkey: 'escape' -> osrs_key=13 at frame 40140
sim_hotkey: 'escape' -> osrs_key=13 at frame 40160
CS2VM2: call depth 128 exhausted calling script 904 from script 904 (raise CS2VM_MAX_FRAMES)
Task_CS2Run: script 904 failed at opcode 40 pc 2 (invoked as script 903 for component 0xa10000)
  script 904: int_args=2 str_args=0 int_locals=2 str_locals=0 ops=4
  pc=0 op=33 PUSH_INT_LOCAL operand=0 str=(null)
  pc=1 op=33 PUSH_INT_LOCAL operand=1 str=(null)
  pc=2 op=40 GOSUB_WITH_PARAMS operand=904 str=(null)
  pc=3 op=21 RETURN operand=0 str=(null)
CS2VM2: call depth 128 exhausted calling script 904 from script 904 (raise CS2VM_MAX_FRAMES)
Task_CS2Run: script 904 failed at opcode 40 pc 2 (invoked as script 903 for component 0xa10000)
  script 904: int_args=2 str_args=0 int_locals=2 str_locals=0 ops=4
  pc=0 op=33 PUSH_INT_LOCAL operand=0 str=(null)
  pc=1 op=33 PUSH_INT_LOCAL operand=1 str=(null)
  pc=2 op=40 GOSUB_WITH_PARAMS operand=904 str=(null)
  pc=3 op=21 RETURN operand=0 str=(null)
sim_hotkey: 'f1' -> osrs_key=1 at frame 40180
sim_hotkey: 'f2' -> osrs_key=2 at frame 40200
sim_hotkey: 'f3' -> osrs_key=3 at frame 40220
Dat2SpriteLoadByName: archive 'mapfunction' not found in sprites table
Dat2SpriteLoadByName: archive 'hitmark' not found in sprites table
CS2VM2: call depth 128 exhausted calling script 904 from script 904 (raise CS2VM_MAX_FRAMES)
Task_CS2Run: script 904 failed at opcode 40 pc 2 (invoked as script 903 for component 0xa10000)
  script 904: int_args=2 str_args=0 int_locals=2 str_locals=0 ops=4
  pc=0 op=33 PUSH_INT_LOCAL operand=0 str=(null)
  pc=1 op=33 PUSH_INT_LOCAL operand=1 str=(null)
  pc=2 op=40 GOSUB_WITH_PARAMS operand=904 str=(null)
  pc=3 op=21 RETURN operand=0 str=(null)
spawn_npc: npc=2854 element=59753 tile=90,84 level=0 size=1 recolors=1 retextures=0
sim_hotkey: 'f4' -> osrs_key=4 at frame 40240
sim_hotkey: 'f5' -> osrs_key=5 at frame 40260
sim_hotkey: 'f6' -> osrs_key=6 at frame 40280
sim_hotkey: 'f7' -> osrs_key=7 at frame 40300
sim_hotkey: 'f8' -> osrs_key=8 at frame 40320
sim_hotkey: 'f9' -> osrs_key=9 at frame 40340
sim_hotkey: 'f10' -> osrs_key=10 at frame 40360
sim_hotkey: 'f11' -> osrs_key=11 at frame 40380
sim_hotkey: 'f12' -> osrs_key=12 at frame 40400
sim_hotkey: 'escape' -> osrs_key=13 at frame 40420
Dat2SpriteLoadByName: archive 'mapfunction' not found in sprites table
Dat2SpriteLoadByName: archive 'hitmark' not found in sprites table
Task_CS2Run: script 7188 failed at opcode 34 pc 14 (invoked as script 7128 for component 0x28a0000)
  script 7188: int_args=0 str_args=0 int_locals=1 str_locals=1 ops=31
  pc=0 op=0 PUSH_CONSTANT_INT operand=-1 str=(null)
  pc=1 op=34 POP_INT_LOCAL operand=0 str=(null)
  pc=2 op=3 PUSH_CONSTANT_STRING operand=0 str=
  pc=3 op=36 POP_STRING_LOCAL operand=0 str=(null)
  pc=4 op=25 PUSH_VARBIT operand=14881 str=(null)
  pc=5 op=60 SWITCH operand=0 str=(null)
  pc=6 op=3 PUSH_CONSTANT_STRING operand=0 str=graphic_4911
  pc=7 op=3 PUSH_CONSTANT_STRING operand=0 str=Grand Exchange value
  pc=8 op=36 POP_STRING_LOCAL operand=0 str=(null)
  pc=9 op=34 POP_INT_LOCAL operand=0 str=(null)
  pc=10 op=6 BRANCH operand=10 str=(null)
  pc=11 op=3 PUSH_CONSTANT_STRING operand=0 str=graphic_4912
  pc=12 op=3 PUSH_CONSTANT_STRING operand=0 str=High Alchemy value
  pc=13 op=36 POP_STRING_LOCAL operand=0 str=(null)
  pc=14 op=34 POP_INT_LOCAL operand=0 str=(null)
  pc=15 op=6 BRANCH operand=5 str=(null)
  pc=16 op=3 PUSH_CONSTANT_STRING operand=0 str=graphic_4911
CS2VM2: call depth 128 exhausted calling script 904 from script 904 (raise CS2VM_MAX_FRAMES)
Task_CS2Run: script 904 failed at opcode 40 pc 2 (invoked as script 903 for component 0xa10000)
  script 904: int_args=2 str_args=0 int_locals=2 str_locals=0 ops=4
  pc=0 op=33 PUSH_INT_LOCAL operand=0 str=(null)
  pc=1 op=33 PUSH_INT_LOCAL operand=1 str=(null)
  pc=2 op=40 GOSUB_WITH_PARAMS operand=904 str=(null)
  pc=3 op=21 RETURN operand=0 str=(null)
sim_hotkey: 'escape' -> osrs_key=13 at frame 40440
sim_hotkey: 'f1' -> osrs_key=1 at frame 40460
sim_hotkey: 'f2' -> osrs_key=2 at frame 40480
sim_hotkey: 'f3' -> osrs_key=3 at frame 40500
torirs_perf: window=80 frame_p95=5.43ms
sim_hotkey: 'f4' -> osrs_key=4 at frame 40520
sim_hotkey: 'f5' -> osrs_key=5 at frame 40540
sim_hotkey: 'f6' -> osrs_key=6 at frame 40560
sim_hotkey: 'f7' -> osrs_key=7 at frame 40580
sim_hotkey: 'f8' -> osrs_key=8 at frame 40600
Dat2SpriteLoadByName: archive 'mapfunction' not found in sprites table
Dat2SpriteLoadByName: archive 'hitmark' not found in sprites table
CS2VM2: call depth 128 exhausted calling script 904 from script 904 (raise CS2VM_MAX_FRAMES)
Task_CS2Run: script 904 failed at opcode 40 pc 2 (invoked as script 903 for component 0xa10000)
  script 904: int_args=2 str_args=0 int_locals=2 str_locals=0 ops=4
  pc=0 op=33 PUSH_INT_LOCAL operand=0 str=(null)
  pc=1 op=33 PUSH_INT_LOCAL operand=1 str=(null)
  pc=2 op=40 GOSUB_WITH_PARAMS operand=904 str=(null)
  pc=3 op=21 RETURN operand=0 str=(null)
sim_hotkey: 'f9' -> osrs_key=9 at frame 40620
sim_hotkey: 'f10' -> osrs_key=10 at frame 40640
sim_hotkey: 'f11' -> osrs_key=11 at frame 40660
sim_hotkey: 'f12' -> osrs_key=12 at frame 40680
sim_hotkey: 'escape' -> osrs_key=13 at frame 40700
sim_hotkey: 'escape' -> osrs_key=13 at frame 40720
sim_hotkey: 'f1' -> osrs_key=1 at frame 40740
sim_hotkey: 'f2' -> osrs_key=2 at frame 40760
sim_hotkey: 'f3' -> osrs_key=3 at frame 40780
sim_hotkey: 'f4' -> osrs_key=4 at frame 40800
sim_hotkey: 'f5' -> osrs_key=5 at frame 40820
sim_hotkey: 'f6' -> osrs_key=6 at frame 40840
sim_hotkey: 'f7' -> osrs_key=7 at frame 40860
sim_hotkey: 'f8' -> osrs_key=8 at frame 40880
sim_hotkey: 'f9' -> osrs_key=9 at frame 40900
sim_hotkey: 'f10' -> osrs_key=10 at frame 40920
sim_hotkey: 'f11' -> osrs_key=11 at frame 40940
sim_hotkey: 'f12' -> osrs_key=12 at frame 40960
torirs_iface_stats: tick=12000 groups=33
  group=161 opens=1 closes=0 bakes=1 reuse=0 live=106 hidden=14 hooks=22 hook_bytes=224400
  group=162 opens=1 closes=0 bakes=1 reuse=0 live=3222 hidden=2413 hooks=18 hook_bytes=183600
  group=651 opens=1 closes=0 bakes=1 reuse=0 live=7 hidden=0 hooks=0 hook_bytes=0
  group=708 opens=1 closes=0 bakes=1 reuse=0 live=13 hidden=1 hooks=4 hook_bytes=40800
  group=163 opens=1 closes=0 bakes=0 reuse=1 live=26 hidden=25 hooks=0 hook_bytes=0
  group=303 opens=1 closes=0 bakes=1 reuse=0 live=21 hidden=5 hooks=2 hook_bytes=20400
  group=90 opens=1 closes=0 bakes=1 reuse=0 live=60 hidden=13 hooks=13 hook_bytes=132600
  group=160 opens=1 closes=0 bakes=1 reuse=0 live=58 hidden=12 hooks=11 hook_bytes=112200
  group=122 opens=1 closes=0 bakes=1 reuse=0 live=33 hidden=15 hooks=9 hook_bytes=91800
  group=728 opens=1 closes=0 bakes=0 reuse=1 live=50 hidden=2 hooks=4 hook_bytes=40800
  group=896 opens=1 closes=0 bakes=0 reuse=1 live=903 hidden=902 hooks=0 hook_bytes=0
  group=593 opens=1 closes=0 bakes=1 reuse=0 live=117 hidden=7 hooks=6 hook_bytes=61200
  group=320 opens=1 closes=0 bakes=1 reuse=0 live=202 hidden=24 hooks=49 hook_bytes=499800
  group=629 opens=1 closes=0 bakes=1 reuse=0 live=46 hidden=5 hooks=3 hook_bytes=30600
  group=712 opens=1 closes=0 bakes=1 reuse=0 live=113 hidden=0 hooks=5 hook_bytes=51000
  group=149 opens=1 closes=0 bakes=0 reuse=1 live=29 hidden=0 hooks=28 hook_bytes=285600
  group=387 opens=1 closes=0 bakes=1 reuse=0 live=96 hidden=12 hooks=13 hook_bytes=132600
  group=541 opens=1 closes=0 bakes=1 reuse=0 live=124 hidden=33 hooks=30 hook_bytes=306000
  group=218 opens=1 closes=0 bakes=1 reuse=0 live=232 hidden=132 hooks=195 hook_bytes=1989000
  group=707 opens=1 closes=0 bakes=1 reuse=0 live=39 hidden=0 hooks=5 hook_bytes=51000
  group=109 opens=1 closes=0 bakes=1 reuse=0 live=96 hidden=13 hooks=10 hook_bytes=102000
  group=429 opens=1 closes=0 bakes=1 reuse=0 live=35 hidden=0 hooks=8 hook_bytes=81600
  group=182 opens=1 closes=0 bakes=1 reuse=0 live=94 hidden=3 hooks=10 hook_bytes=102000
  group=116 opens=1 closes=0 bakes=1 reuse=0 live=222 hidden=12 hooks=65 hook_bytes=663000
  group=216 opens=1 closes=0 bakes=1 reuse=0 live=124 hidden=0 hooks=61 hook_bytes=622200
  group=239 opens=1 closes=0 bakes=1 reuse=0 live=934 hidden=597 hooks=267 hook_bytes=2723400
  group=12 opens=40 closes=40 bakes=1 reuse=39 live=1781 hidden=73 hooks=1505 hook_bytes=15351000
  group=15 opens=40 closes=40 bakes=1 reuse=39 live=650 hidden=49 hooks=366 hook_bytes=3733200
  group=84 opens=40 closes=40 bakes=1 reuse=39 live=123 hidden=14 hooks=25 hook_bytes=255000
  group=729 opens=40 closes=40 bakes=0 reuse=40 live=36 hidden=1 hooks=6 hook_bytes=61200
  group=650 opens=40 closes=40 bakes=1 reuse=39 live=110 hidden=3 hooks=15 hook_bytes=153000
  group=894 opens=40 closes=39 bakes=1 reuse=39 live=413 hidden=4 hooks=117 hook_bytes=1193400
  group=32766 opens=0 closes=0 bakes=0 reuse=0 live=4 hidden=0 hooks=0 hook_bytes=0
torirs_stats: tick=12000 components=10119 live=10119 hidden=4384 freed=0 free_head=-1 inv_hooks=19 var_hooks=163 timers=28 timers_hidden=7 iface_parents=26
Failed to load dat2 idk 307
Dat2SpriteLoadByName: archive 'mapfunction' not found in sprites table
Dat2SpriteLoadByName: archive 'hitmark' not found in sprites table
CS2VM2: call depth 128 exhausted calling script 904 from script 904 (raise CS2VM_MAX_FRAMES)
Task_CS2Run: script 904 failed at opcode 40 pc 2 (invoked as script 903 for component 0xa10000)
  script 904: int_args=2 str_args=0 int_locals=2 str_locals=0 ops=4
  pc=0 op=33 PUSH_INT_LOCAL operand=0 str=(null)
  pc=1 op=33 PUSH_INT_LOCAL operand=1 str=(null)
  pc=2 op=40 GOSUB_WITH_PARAMS operand=904 str=(null)
  pc=3 op=21 RETURN operand=0 str=(null)
Dat2SpriteLoadByName: archive 'mapfunction' not found in sprites table
Dat2SpriteLoadByName: archive 'hitmark' not found in sprites table
CS2VM2: call depth 128 exhausted calling script 904 from script 904 (raise CS2VM_MAX_FRAMES)
Task_CS2Run: script 904 failed at opcode 40 pc 2 (invoked as script 903 for component 0xa10000)
  script 904: int_args=2 str_args=0 int_locals=2 str_locals=0 ops=4
  pc=0 op=33 PUSH_INT_LOCAL operand=0 str=(null)
  pc=1 op=33 PUSH_INT_LOCAL operand=1 str=(null)
  pc=2 op=40 GOSUB_WITH_PARAMS operand=904 str=(null)
  pc=3 op=21 RETURN operand=0 str=(null)
sim_hotkey: 'escape' -> osrs_key=13 at frame 40980
sim_hotkey: 'escape' -> osrs_key=13 at frame 41000
CS2VM2: call depth 128 exhausted calling script 904 from script 904 (raise CS2VM_MAX_FRAMES)
Task_CS2Run: script 904 failed at opcode 40 pc 2 (invoked as script 903 for component 0xa10000)
  script 904: int_args=2 str_args=0 int_locals=2 str_locals=0 ops=4
  pc=0 op=33 PUSH_INT_LOCAL operand=0 str=(null)
  pc=1 op=33 PUSH_INT_LOCAL operand=1 str=(null)
  pc=2 op=40 GOSUB_WITH_PARAMS operand=904 str=(null)
  pc=3 op=21 RETURN operand=0 str=(null)
CS2VM2: call depth 128 exhausted calling script 904 from script 904 (raise CS2VM_MAX_FRAMES)
Task_CS2Run: script 904 failed at opcode 40 pc 2 (invoked as script 903 for component 0xa10000)
  script 904: int_args=2 str_args=0 int_locals=2 str_locals=0 ops=4
  pc=0 op=33 PUSH_INT_LOCAL operand=0 str=(null)
  pc=1 op=33 PUSH_INT_LOCAL operand=1 str=(null)
  pc=2 op=40 GOSUB_WITH_PARAMS operand=904 str=(null)
  pc=3 op=21 RETURN operand=0 str=(null)
CS2VM2: call depth 128 exhausted calling script 904 from script 904 (raise CS2VM_MAX_FRAMES)
Task_CS2Run: script 904 failed at opcode 40 pc 2 (invoked as script 903 for component 0xa10000)
  script 904: int_args=2 str_args=0 int_locals=2 str_locals=0 ops=4
  pc=0 op=33 PUSH_INT_LOCAL operand=0 str=(null)
  pc=1 op=33 PUSH_INT_LOCAL operand=1 str=(null)
  pc=2 op=40 GOSUB_WITH_PARAMS operand=904 str=(null)
  pc=3 op=21 RETURN operand=0 str=(null)
CS2VM2: call depth 128 exhausted calling script 904 from script 904 (raise CS2VM_MAX_FRAMES)
Task_CS2Run: script 904 failed at opcode 40 pc 2 (invoked as script 903 for component 0xa10000)
  script 904: int_args=2 str_args=0 int_locals=2 str_locals=0 ops=4
  pc=0 op=33 PUSH_INT_LOCAL operand=0 str=(null)
  pc=1 op=33 PUSH_INT_LOCAL operand=1 str=(null)
  pc=2 op=40 GOSUB_WITH_PARAMS operand=904 str=(null)
  pc=3 op=21 RETURN operand=0 str=(null)
torirs_perf: window=81 frame_p95=5.08ms
sim_hotkey: 'f1' -> osrs_key=1 at frame 41020
sim_hotkey: 'f2' -> osrs_key=2 at frame 41040
sim_hotkey: 'f3' -> osrs_key=3 at frame 41060
sim_hotkey: 'f4' -> osrs_key=4 at frame 41080
sim_hotkey: 'f5' -> osrs_key=5 at frame 41100
sim_hotkey: 'f6' -> osrs_key=6 at frame 41120
Failed to load dat2 idk 307
Dat2SpriteLoadByName: archive 'mapfunction' not found in sprites table
Dat2SpriteLoadByName: archive 'hitmark' not found in sprites table
CS2VM2: call depth 128 exhausted calling script 904 from script 904 (raise CS2VM_MAX_FRAMES)
Task_CS2Run: script 904 failed at opcode 40 pc 2 (invoked as script 903 for component 0xa10000)
  script 904: int_args=2 str_args=0 int_locals=2 str_locals=0 ops=4
  pc=0 op=33 PUSH_INT_LOCAL operand=0 str=(null)
  pc=1 op=33 PUSH_INT_LOCAL operand=1 str=(null)
  pc=2 op=40 GOSUB_WITH_PARAMS operand=904 str=(null)
  pc=3 op=21 RETURN operand=0 str=(null)
sim_hotkey: 'f7' -> osrs_key=7 at frame 41140
sim_hotkey: 'f8' -> osrs_key=8 at frame 41160
sim_hotkey: 'f9' -> osrs_key=9 at frame 41180
sim_hotkey: 'f10' -> osrs_key=10 at frame 41200
sim_hotkey: 'f11' -> osrs_key=11 at frame 41220
sim_hotkey: 'f12' -> osrs_key=12 at frame 41240
sim_hotkey: 'escape' -> osrs_key=13 at frame 41260
sim_hotkey: 'escape' -> osrs_key=13 at frame 41280
CS2VM2: call depth 128 exhausted calling script 904 from script 904 (raise CS2VM_MAX_FRAMES)
Task_CS2Run: script 904 failed at opcode 40 pc 2 (invoked as script 903 for component 0xa10000)
  script 904: int_args=2 str_args=0 int_locals=2 str_locals=0 ops=4
  pc=0 op=33 PUSH_INT_LOCAL operand=0 str=(null)
  pc=1 op=33 PUSH_INT_LOCAL operand=1 str=(null)
  pc=2 op=40 GOSUB_WITH_PARAMS operand=904 str=(null)
  pc=3 op=21 RETURN operand=0 str=(null)
CS2VM2: call depth 128 exhausted calling script 904 from script 904 (raise CS2VM_MAX_FRAMES)
Task_CS2Run: script 904 failed at opcode 40 pc 2 (invoked as script 903 for component 0xa10000)
  script 904: int_args=2 str_args=0 int_locals=2 str_locals=0 ops=4
  pc=0 op=33 PUSH_INT_LOCAL operand=0 str=(null)
  pc=1 op=33 PUSH_INT_LOCAL operand=1 str=(null)
  pc=2 op=40 GOSUB_WITH_PARAMS operand=904 str=(null)
  pc=3 op=21 RETURN operand=0 str=(null)
Dat2SpriteLoadByName: archive 'mapfunction' not found in sprites table
Dat2SpriteLoadByName: archive 'hitmark' not found in sprites table
CS2VM2: call depth 128 exhausted calling script 904 from script 904 (raise CS2VM_MAX_FRAMES)
Task_CS2Run: script 904 failed at opcode 40 pc 2 (invoked as script 903 for component 0xa10000)
  script 904: int_args=2 str_args=0 int_locals=2 str_locals=0 ops=4
  pc=0 op=33 PUSH_INT_LOCAL operand=0 str=(null)
  pc=1 op=33 PUSH_INT_LOCAL operand=1 str=(null)
  pc=2 op=40 GOSUB_WITH_PARAMS operand=904 str=(null)
  pc=3 op=21 RETURN operand=0 str=(null)
sim_hotkey: 'f1' -> osrs_key=1 at frame 41300
sim_hotkey: 'f2' -> osrs_key=2 at frame 41320
sim_hotkey: 'f3' -> osrs_key=3 at frame 41340
sim_hotkey: 'f4' -> osrs_key=4 at frame 41360
sim_hotkey: 'f5' -> osrs_key=5 at frame 41380
sim_hotkey: 'f6' -> osrs_key=6 at frame 41400
sim_hotkey: 'f7' -> osrs_key=7 at frame 41420
sim_hotkey: 'f8' -> osrs_key=8 at frame 41440
sim_hotkey: 'f9' -> osrs_key=9 at frame 41460
Dat2SpriteLoadByName: archive 'mapfunction' not found in sprites table
Dat2SpriteLoadByName: archive 'hitmark' not found in sprites table
Task_CS2Run: script 7188 failed at opcode 34 pc 14 (invoked as script 7128 for component 0x28a0000)
  script 7188: int_args=0 str_args=0 int_locals=1 str_locals=1 ops=31
  pc=0 op=0 PUSH_CONSTANT_INT operand=-1 str=(null)
  pc=1 op=34 POP_INT_LOCAL operand=0 str=(null)
  pc=2 op=3 PUSH_CONSTANT_STRING operand=0 str=
  pc=3 op=36 POP_STRING_LOCAL operand=0 str=(null)
  pc=4 op=25 PUSH_VARBIT operand=14881 str=(null)
  pc=5 op=60 SWITCH operand=0 str=(null)
  pc=6 op=3 PUSH_CONSTANT_STRING operand=0 str=graphic_4911
  pc=7 op=3 PUSH_CONSTANT_STRING operand=0 str=Grand Exchange value
  pc=8 op=36 POP_STRING_LOCAL operand=0 str=(null)
  pc=9 op=34 POP_INT_LOCAL operand=0 str=(null)
  pc=10 op=6 BRANCH operand=10 str=(null)
  pc=11 op=3 PUSH_CONSTANT_STRING operand=0 str=graphic_4912
  pc=12 op=3 PUSH_CONSTANT_STRING operand=0 str=High Alchemy value
  pc=13 op=36 POP_STRING_LOCAL operand=0 str=(null)
  pc=14 op=34 POP_INT_LOCAL operand=0 str=(null)
  pc=15 op=6 BRANCH operand=5 str=(null)
  pc=16 op=3 PUSH_CONSTANT_STRING operand=0 str=graphic_4911
CS2VM2: call depth 128 exhausted calling script 904 from script 904 (raise CS2VM_MAX_FRAMES)
Task_CS2Run: script 904 failed at opcode 40 pc 2 (invoked as script 903 for component 0xa10000)
  script 904: int_args=2 str_args=0 int_locals=2 str_locals=0 ops=4
  pc=0 op=33 PUSH_INT_LOCAL operand=0 str=(null)
  pc=1 op=33 PUSH_INT_LOCAL operand=1 str=(null)
  pc=2 op=40 GOSUB_WITH_PARAMS operand=904 str=(null)
  pc=3 op=21 RETURN operand=0 str=(null)
sim_hotkey: 'f10' -> osrs_key=10 at frame 41480
sim_hotkey: 'f11' -> osrs_key=11 at frame 41500
torirs_perf: window=82 frame_p95=5.09ms
sim_hotkey: 'f12' -> osrs_key=12 at frame 41520
sim_hotkey: 'escape' -> osrs_key=13 at frame 41540
sim_hotkey: 'escape' -> osrs_key=13 at frame 41560
sim_hotkey: 'f1' -> osrs_key=1 at frame 41580
sim_hotkey: 'f2' -> osrs_key=2 at frame 41600
sim_hotkey: 'f3' -> osrs_key=3 at frame 41620
sim_hotkey: 'f4' -> osrs_key=4 at frame 41640
sim_hotkey: 'f5' -> osrs_key=5 at frame 41660
Dat2SpriteLoadByName: archive 'mapfunction' not found in sprites table
Dat2SpriteLoadByName: archive 'hitmark' not found in sprites table
CS2VM2: call depth 128 exhausted calling script 904 from script 904 (raise CS2VM_MAX_FRAMES)
Task_CS2Run: script 904 failed at opcode 40 pc 2 (invoked as script 903 for component 0xa10000)
  script 904: int_args=2 str_args=0 int_locals=2 str_locals=0 ops=4
  pc=0 op=33 PUSH_INT_LOCAL operand=0 str=(null)
  pc=1 op=33 PUSH_INT_LOCAL operand=1 str=(null)
  pc=2 op=40 GOSUB_WITH_PARAMS operand=904 str=(null)
  pc=3 op=21 RETURN operand=0 str=(null)
sim_hotkey: 'f6' -> osrs_key=6 at frame 41680
sim_hotkey: 'f7' -> osrs_key=7 at frame 41700
sim_hotkey: 'f8' -> osrs_key=8 at frame 41720
sim_hotkey: 'f9' -> osrs_key=9 at frame 41740
sim_hotkey: 'f10' -> osrs_key=10 at frame 41760
sim_hotkey: 'f11' -> osrs_key=11 at frame 41780
sim_hotkey: 'f12' -> osrs_key=12 at frame 41800
sim_hotkey: 'escape' -> osrs_key=13 at frame 41820
torirs_iface_stats: tick=12250 groups=33
  group=161 opens=1 closes=0 bakes=1 reuse=0 live=106 hidden=14 hooks=22 hook_bytes=224400
  group=162 opens=1 closes=0 bakes=1 reuse=0 live=3222 hidden=2413 hooks=18 hook_bytes=183600
  group=651 opens=1 closes=0 bakes=1 reuse=0 live=7 hidden=0 hooks=0 hook_bytes=0
  group=708 opens=1 closes=0 bakes=1 reuse=0 live=13 hidden=1 hooks=4 hook_bytes=40800
  group=163 opens=1 closes=0 bakes=0 reuse=1 live=26 hidden=25 hooks=0 hook_bytes=0
  group=303 opens=1 closes=0 bakes=1 reuse=0 live=21 hidden=5 hooks=2 hook_bytes=20400
  group=90 opens=1 closes=0 bakes=1 reuse=0 live=60 hidden=13 hooks=13 hook_bytes=132600
  group=160 opens=1 closes=0 bakes=1 reuse=0 live=58 hidden=12 hooks=11 hook_bytes=112200
  group=122 opens=1 closes=0 bakes=1 reuse=0 live=33 hidden=15 hooks=9 hook_bytes=91800
  group=728 opens=1 closes=0 bakes=0 reuse=1 live=50 hidden=2 hooks=4 hook_bytes=40800
  group=896 opens=1 closes=0 bakes=0 reuse=1 live=903 hidden=902 hooks=0 hook_bytes=0
  group=593 opens=1 closes=0 bakes=1 reuse=0 live=117 hidden=7 hooks=6 hook_bytes=61200
  group=320 opens=1 closes=0 bakes=1 reuse=0 live=202 hidden=24 hooks=49 hook_bytes=499800
  group=629 opens=1 closes=0 bakes=1 reuse=0 live=46 hidden=5 hooks=3 hook_bytes=30600
  group=712 opens=1 closes=0 bakes=1 reuse=0 live=113 hidden=0 hooks=5 hook_bytes=51000
  group=149 opens=1 closes=0 bakes=0 reuse=1 live=29 hidden=0 hooks=28 hook_bytes=285600
  group=387 opens=1 closes=0 bakes=1 reuse=0 live=96 hidden=12 hooks=13 hook_bytes=132600
  group=541 opens=1 closes=0 bakes=1 reuse=0 live=124 hidden=33 hooks=30 hook_bytes=306000
  group=218 opens=1 closes=0 bakes=1 reuse=0 live=232 hidden=132 hooks=195 hook_bytes=1989000
  group=707 opens=1 closes=0 bakes=1 reuse=0 live=39 hidden=0 hooks=5 hook_bytes=51000
  group=109 opens=1 closes=0 bakes=1 reuse=0 live=96 hidden=13 hooks=10 hook_bytes=102000
  group=429 opens=1 closes=0 bakes=1 reuse=0 live=35 hidden=0 hooks=8 hook_bytes=81600
  group=182 opens=1 closes=0 bakes=1 reuse=0 live=94 hidden=3 hooks=10 hook_bytes=102000
  group=116 opens=1 closes=0 bakes=1 reuse=0 live=222 hidden=12 hooks=65 hook_bytes=663000
  group=216 opens=1 closes=0 bakes=1 reuse=0 live=124 hidden=0 hooks=61 hook_bytes=622200
  group=239 opens=1 closes=0 bakes=1 reuse=0 live=934 hidden=597 hooks=267 hook_bytes=2723400
  group=12 opens=41 closes=41 bakes=1 reuse=40 live=1781 hidden=73 hooks=1505 hook_bytes=15351000
  group=15 opens=41 closes=41 bakes=1 reuse=40 live=650 hidden=49 hooks=366 hook_bytes=3733200
  group=84 opens=41 closes=41 bakes=1 reuse=40 live=123 hidden=14 hooks=25 hook_bytes=255000
  group=729 opens=41 closes=41 bakes=0 reuse=41 live=36 hidden=1 hooks=6 hook_bytes=61200
  group=650 opens=41 closes=41 bakes=1 reuse=40 live=110 hidden=3 hooks=15 hook_bytes=153000
  group=894 opens=41 closes=40 bakes=1 reuse=40 live=413 hidden=4 hooks=117 hook_bytes=1193400
  group=32766 opens=0 closes=0 bakes=0 reuse=0 live=4 hidden=0 hooks=0 hook_bytes=0
torirs_stats: tick=12250 components=10119 live=10119 hidden=4384 freed=0 free_head=-1 inv_hooks=19 var_hooks=163 timers=28 timers_hidden=7 iface_parents=26
sim_hotkey: 'escape' -> osrs_key=13 at frame 41840
sim_hotkey: 'f1' -> osrs_key=1 at frame 41860
sim_hotkey: 'f2' -> osrs_key=2 at frame 41880
sim_hotkey: 'f3' -> osrs_key=3 at frame 41900
sim_hotkey: 'f4' -> osrs_key=4 at frame 41920
sim_hotkey: 'f5' -> osrs_key=5 at frame 41940
spawn_npc: npc=3111 element=59755 tile=90,84 level=0 size=1 recolors=3 retextures=0
sim_hotkey: 'f6' -> osrs_key=6 at frame 41960
sim_hotkey: 'f7' -> osrs_key=7 at frame 41980
sim_hotkey: 'f8' -> osrs_key=8 at frame 42000
torirs_perf: window=83 frame_p95=4.75ms
sim_hotkey: 'f9' -> osrs_key=9 at frame 42020
Failed to load dat2 idk 307
Dat2SpriteLoadByName: archive 'mapfunction' not found in sprites table
Dat2SpriteLoadByName: archive 'hitmark' not found in sprites table
CS2VM2: call depth 128 exhausted calling script 904 from script 904 (raise CS2VM_MAX_FRAMES)
Task_CS2Run: script 904 failed at opcode 40 pc 2 (invoked as script 903 for component 0xa10000)
  script 904: int_args=2 str_args=0 int_locals=2 str_locals=0 ops=4
  pc=0 op=33 PUSH_INT_LOCAL operand=0 str=(null)
  pc=1 op=33 PUSH_INT_LOCAL operand=1 str=(null)
  pc=2 op=40 GOSUB_WITH_PARAMS operand=904 str=(null)
  pc=3 op=21 RETURN operand=0 str=(null)
Dat2SpriteLoadByName: archive 'mapfunction' not found in sprites table
Dat2SpriteLoadByName: archive 'hitmark' not found in sprites table
CS2VM2: call depth 128 exhausted calling script 904 from script 904 (raise CS2VM_MAX_FRAMES)
Task_CS2Run: script 904 failed at opcode 40 pc 2 (invoked as script 903 for component 0xa10000)
  script 904: int_args=2 str_args=0 int_locals=2 str_locals=0 ops=4
  pc=0 op=33 PUSH_INT_LOCAL operand=0 str=(null)
  pc=1 op=33 PUSH_INT_LOCAL operand=1 str=(null)
  pc=2 op=40 GOSUB_WITH_PARAMS operand=904 str=(null)
  pc=3 op=21 RETURN operand=0 str=(null)
sim_hotkey: 'f10' -> osrs_key=10 at frame 42040
sim_hotkey: 'f11' -> osrs_key=11 at frame 42060
sim_hotkey: 'f12' -> osrs_key=12 at frame 42080
sim_hotkey: 'escape' -> osrs_key=13 at frame 42100
sim_hotkey: 'escape' -> osrs_key=13 at frame 42120
CS2VM2: call depth 128 exhausted calling script 904 from script 904 (raise CS2VM_MAX_FRAMES)
Task_CS2Run: script 904 failed at opcode 40 pc 2 (invoked as script 903 for component 0xa10000)
  script 904: int_args=2 str_args=0 int_locals=2 str_locals=0 ops=4
  pc=0 op=33 PUSH_INT_LOCAL operand=0 str=(null)
  pc=1 op=33 PUSH_INT_LOCAL operand=1 str=(null)
  pc=2 op=40 GOSUB_WITH_PARAMS operand=904 str=(null)
  pc=3 op=21 RETURN operand=0 str=(null)
CS2VM2: call depth 128 exhausted calling script 904 from script 904 (raise CS2VM_MAX_FRAMES)
Task_CS2Run: script 904 failed at opcode 40 pc 2 (invoked as script 903 for component 0xa10000)
  script 904: int_args=2 str_args=0 int_locals=2 str_locals=0 ops=4
  pc=0 op=33 PUSH_INT_LOCAL operand=0 str=(null)
  pc=1 op=33 PUSH_INT_LOCAL operand=1 str=(null)
  pc=2 op=40 GOSUB_WITH_PARAMS operand=904 str=(null)
  pc=3 op=21 RETURN operand=0 str=(null)
CS2VM2: call depth 128 exhausted calling script 904 from script 904 (raise CS2VM_MAX_FRAMES)
Task_CS2Run: script 904 failed at opcode 40 pc 2 (invoked as script 903 for component 0xa10000)
  script 904: int_args=2 str_args=0 int_locals=2 str_locals=0 ops=4
  pc=0 op=33 PUSH_INT_LOCAL operand=0 str=(null)
  pc=1 op=33 PUSH_INT_LOCAL operand=1 str=(null)
  pc=2 op=40 GOSUB_WITH_PARAMS operand=904 str=(null)
  pc=3 op=21 RETURN operand=0 str=(null)
CS2VM2: call depth 128 exhausted calling script 904 from script 904 (raise CS2VM_MAX_FRAMES)
Task_CS2Run: script 904 failed at opcode 40 pc 2 (invoked as script 903 for component 0xa10000)
  script 904: int_args=2 str_args=0 int_locals=2 str_locals=0 ops=4
  pc=0 op=33 PUSH_INT_LOCAL operand=0 str=(null)
  pc=1 op=33 PUSH_INT_LOCAL operand=1 str=(null)
  pc=2 op=40 GOSUB_WITH_PARAMS operand=904 str=(null)
  pc=3 op=21 RETURN operand=0 str=(null)
sim_hotkey: 'f1' -> osrs_key=1 at frame 42140
sim_hotkey: 'f2' -> osrs_key=2 at frame 42160
Failed to load dat2 idk 307
Dat2SpriteLoadByName: archive 'mapfunction' not found in sprites table
Dat2SpriteLoadByName: archive 'hitmark' not found in sprites table
CS2VM2: call depth 128 exhausted calling script 904 from script 904 (raise CS2VM_MAX_FRAMES)
Task_CS2Run: script 904 failed at opcode 40 pc 2 (invoked as script 903 for component 0xa10000)
  script 904: int_args=2 str_args=0 int_locals=2 str_locals=0 ops=4
  pc=0 op=33 PUSH_INT_LOCAL operand=0 str=(null)
  pc=1 op=33 PUSH_INT_LOCAL operand=1 str=(null)
  pc=2 op=40 GOSUB_WITH_PARAMS operand=904 str=(null)
  pc=3 op=21 RETURN operand=0 str=(null)
sim_hotkey: 'f3' -> osrs_key=3 at frame 42180
sim_hotkey: 'f4' -> osrs_key=4 at frame 42200
sim_hotkey: 'f5' -> osrs_key=5 at frame 42220
sim_hotkey: 'f6' -> osrs_key=6 at frame 42240
sim_hotkey: 'f7' -> osrs_key=7 at frame 42260
sim_hotkey: 'f8' -> osrs_key=8 at frame 42280
sim_hotkey: 'f9' -> osrs_key=9 at frame 42300
sim_hotkey: 'f10' -> osrs_key=10 at frame 42320
Dat2SpriteLoadByName: archive 'mapfunction' not found in sprites table
Dat2SpriteLoadByName: archive 'hitmark' not found in sprites table
CS2VM2: call depth 128 exhausted calling script 904 from script 904 (raise CS2VM_MAX_FRAMES)
Task_CS2Run: script 904 failed at opcode 40 pc 2 (invoked as script 903 for component 0xa10000)
  script 904: int_args=2 str_args=0 int_locals=2 str_locals=0 ops=4
  pc=0 op=33 PUSH_INT_LOCAL operand=0 str=(null)
  pc=1 op=33 PUSH_INT_LOCAL operand=1 str=(null)
  pc=2 op=40 GOSUB_WITH_PARAMS operand=904 str=(null)
  pc=3 op=21 RETURN operand=0 str=(null)
spawn_npc: npc=2854 element=59753 tile=90,84 level=0 size=1 recolors=1 retextures=0
sim_hotkey: 'f11' -> osrs_key=11 at frame 42340
sim_hotkey: 'f12' -> osrs_key=12 at frame 42360
sim_hotkey: 'escape' -> osrs_key=13 at frame 42380
sim_hotkey: 'escape' -> osrs_key=13 at frame 42400
CS2VM2: call depth 128 exhausted calling script 904 from script 904 (raise CS2VM_MAX_FRAMES)
Task_CS2Run: script 904 failed at opcode 40 pc 2 (invoked as script 903 for component 0xa10000)
  script 904: int_args=2 str_args=0 int_locals=2 str_locals=0 ops=4
  pc=0 op=33 PUSH_INT_LOCAL operand=0 str=(null)
  pc=1 op=33 PUSH_INT_LOCAL operand=1 str=(null)
  pc=2 op=40 GOSUB_WITH_PARAMS operand=904 str=(null)
  pc=3 op=21 RETURN operand=0 str=(null)
CS2VM2: call depth 128 exhausted calling script 904 from script 904 (raise CS2VM_MAX_FRAMES)
Task_CS2Run: script 904 failed at opcode 40 pc 2 (invoked as script 903 for component 0xa10000)
  script 904: int_args=2 str_args=0 int_locals=2 str_locals=0 ops=4
  pc=0 op=33 PUSH_INT_LOCAL operand=0 str=(null)
  pc=1 op=33 PUSH_INT_LOCAL operand=1 str=(null)
  pc=2 op=40 GOSUB_WITH_PARAMS operand=904 str=(null)
  pc=3 op=21 RETURN operand=0 str=(null)
sim_hotkey: 'f1' -> osrs_key=1 at frame 42420
sim_hotkey: 'f2' -> osrs_key=2 at frame 42440
sim_hotkey: 'f3' -> osrs_key=3 at frame 42460
sim_hotkey: 'f4' -> osrs_key=4 at frame 42480
sim_hotkey: 'f5' -> osrs_key=5 at frame 42500
Dat2SpriteLoadByName: archive 'mapfunction' not found in sprites table
Dat2SpriteLoadByName: archive 'hitmark' not found in sprites table
Task_CS2Run: script 7188 failed at opcode 34 pc 14 (invoked as script 7128 for component 0x28a0000)
  script 7188: int_args=0 str_args=0 int_locals=1 str_locals=1 ops=31
  pc=0 op=0 PUSH_CONSTANT_INT operand=-1 str=(null)
  pc=1 op=34 POP_INT_LOCAL operand=0 str=(null)
  pc=2 op=3 PUSH_CONSTANT_STRING operand=0 str=
  pc=3 op=36 POP_STRING_LOCAL operand=0 str=(null)
  pc=4 op=25 PUSH_VARBIT operand=14881 str=(null)
  pc=5 op=60 SWITCH operand=0 str=(null)
  pc=6 op=3 PUSH_CONSTANT_STRING operand=0 str=graphic_4911
  pc=7 op=3 PUSH_CONSTANT_STRING operand=0 str=Grand Exchange value
  pc=8 op=36 POP_STRING_LOCAL operand=0 str=(null)
  pc=9 op=34 POP_INT_LOCAL operand=0 str=(null)
  pc=10 op=6 BRANCH operand=10 str=(null)
  pc=11 op=3 PUSH_CONSTANT_STRING operand=0 str=graphic_4912
  pc=12 op=3 PUSH_CONSTANT_STRING operand=0 str=High Alchemy value
  pc=13 op=36 POP_STRING_LOCAL operand=0 str=(null)
  pc=14 op=34 POP_INT_LOCAL operand=0 str=(null)
  pc=15 op=6 BRANCH operand=5 str=(null)
  pc=16 op=3 PUSH_CONSTANT_STRING operand=0 str=graphic_4911
CS2VM2: call depth 128 exhausted calling script 904 from script 904 (raise CS2VM_MAX_FRAMES)
Task_CS2Run: script 904 failed at opcode 40 pc 2 (invoked as script 903 for component 0xa10000)
  script 904: int_args=2 str_args=0 int_locals=2 str_locals=0 ops=4
  pc=0 op=33 PUSH_INT_LOCAL operand=0 str=(null)
  pc=1 op=33 PUSH_INT_LOCAL operand=1 str=(null)
  pc=2 op=40 GOSUB_WITH_PARAMS operand=904 str=(null)
  pc=3 op=21 RETURN operand=0 str=(null)
torirs_perf: window=84 frame_p95=5.29ms
sim_hotkey: 'f6' -> osrs_key=6 at frame 42520
sim_hotkey: 'f7' -> osrs_key=7 at frame 42540
sim_hotkey: 'f8' -> osrs_key=8 at frame 42560
sim_hotkey: 'f9' -> osrs_key=9 at frame 42580
sim_hotkey: 'f10' -> osrs_key=10 at frame 42600
sim_hotkey: 'f11' -> osrs_key=11 at frame 42620
sim_hotkey: 'f12' -> osrs_key=12 at frame 42640
sim_hotkey: 'escape' -> osrs_key=13 at frame 42660
sim_hotkey: 'escape' -> osrs_key=13 at frame 42680
torirs_iface_stats: tick=12500 groups=33
  group=161 opens=1 closes=0 bakes=1 reuse=0 live=106 hidden=14 hooks=22 hook_bytes=224400
  group=162 opens=1 closes=0 bakes=1 reuse=0 live=3222 hidden=2413 hooks=18 hook_bytes=183600
  group=651 opens=1 closes=0 bakes=1 reuse=0 live=7 hidden=0 hooks=0 hook_bytes=0
  group=708 opens=1 closes=0 bakes=1 reuse=0 live=13 hidden=1 hooks=4 hook_bytes=40800
  group=163 opens=1 closes=0 bakes=0 reuse=1 live=26 hidden=25 hooks=0 hook_bytes=0
  group=303 opens=1 closes=0 bakes=1 reuse=0 live=21 hidden=5 hooks=2 hook_bytes=20400
  group=90 opens=1 closes=0 bakes=1 reuse=0 live=60 hidden=13 hooks=13 hook_bytes=132600
  group=160 opens=1 closes=0 bakes=1 reuse=0 live=58 hidden=12 hooks=11 hook_bytes=112200
  group=122 opens=1 closes=0 bakes=1 reuse=0 live=33 hidden=15 hooks=9 hook_bytes=91800
  group=728 opens=1 closes=0 bakes=0 reuse=1 live=50 hidden=2 hooks=4 hook_bytes=40800
  group=896 opens=1 closes=0 bakes=0 reuse=1 live=903 hidden=902 hooks=0 hook_bytes=0
  group=593 opens=1 closes=0 bakes=1 reuse=0 live=117 hidden=7 hooks=6 hook_bytes=61200
  group=320 opens=1 closes=0 bakes=1 reuse=0 live=202 hidden=24 hooks=49 hook_bytes=499800
  group=629 opens=1 closes=0 bakes=1 reuse=0 live=46 hidden=5 hooks=3 hook_bytes=30600
  group=712 opens=1 closes=0 bakes=1 reuse=0 live=113 hidden=0 hooks=5 hook_bytes=51000
  group=149 opens=1 closes=0 bakes=0 reuse=1 live=29 hidden=0 hooks=28 hook_bytes=285600
  group=387 opens=1 closes=0 bakes=1 reuse=0 live=96 hidden=12 hooks=13 hook_bytes=132600
  group=541 opens=1 closes=0 bakes=1 reuse=0 live=124 hidden=33 hooks=30 hook_bytes=306000
  group=218 opens=1 closes=0 bakes=1 reuse=0 live=232 hidden=132 hooks=195 hook_bytes=1989000
  group=707 opens=1 closes=0 bakes=1 reuse=0 live=39 hidden=0 hooks=5 hook_bytes=51000
  group=109 opens=1 closes=0 bakes=1 reuse=0 live=96 hidden=13 hooks=10 hook_bytes=102000
  group=429 opens=1 closes=0 bakes=1 reuse=0 live=35 hidden=0 hooks=8 hook_bytes=81600
  group=182 opens=1 closes=0 bakes=1 reuse=0 live=94 hidden=3 hooks=10 hook_bytes=102000
  group=116 opens=1 closes=0 bakes=1 reuse=0 live=222 hidden=12 hooks=65 hook_bytes=663000
  group=216 opens=1 closes=0 bakes=1 reuse=0 live=124 hidden=0 hooks=61 hook_bytes=622200
  group=239 opens=1 closes=0 bakes=1 reuse=0 live=934 hidden=597 hooks=267 hook_bytes=2723400
  group=12 opens=42 closes=42 bakes=1 reuse=41 live=1787 hidden=72 hooks=1510 hook_bytes=15402000
  group=15 opens=42 closes=42 bakes=1 reuse=41 live=650 hidden=49 hooks=366 hook_bytes=3733200
  group=84 opens=42 closes=42 bakes=1 reuse=41 live=123 hidden=14 hooks=25 hook_bytes=255000
  group=729 opens=42 closes=42 bakes=0 reuse=42 live=36 hidden=1 hooks=6 hook_bytes=61200
  group=650 opens=42 closes=41 bakes=1 reuse=41 live=110 hidden=2 hooks=15 hook_bytes=153000
  group=894 opens=41 closes=41 bakes=1 reuse=40 live=413 hidden=5 hooks=117 hook_bytes=1193400
  group=32766 opens=0 closes=0 bakes=0 reuse=0 live=4 hidden=0 hooks=0 hook_bytes=0
torirs_stats: tick=12500 components=10125 live=10125 hidden=4383 freed=0 free_head=-1 inv_hooks=19 var_hooks=164 timers=28 timers_hidden=7 iface_parents=26
sim_hotkey: 'f1' -> osrs_key=1 at frame 42700
Dat2SpriteLoadByName: archive 'mapfunction' not found in sprites table
Dat2SpriteLoadByName: archive 'hitmark' not found in sprites table
CS2VM2: call depth 128 exhausted calling script 904 from script 904 (raise CS2VM_MAX_FRAMES)
Task_CS2Run: script 904 failed at opcode 40 pc 2 (invoked as script 903 for component 0xa10000)
  script 904: int_args=2 str_args=0 int_locals=2 str_locals=0 ops=4
  pc=0 op=33 PUSH_INT_LOCAL operand=0 str=(null)
  pc=1 op=33 PUSH_INT_LOCAL operand=1 str=(null)
  pc=2 op=40 GOSUB_WITH_PARAMS operand=904 str=(null)
  pc=3 op=21 RETURN operand=0 str=(null)
sim_hotkey: 'f2' -> osrs_key=2 at frame 42720
sim_hotkey: 'f3' -> osrs_key=3 at frame 42740
sim_hotkey: 'f4' -> osrs_key=4 at frame 42760
sim_hotkey: 'f5' -> osrs_key=5 at frame 42780
sim_hotkey: 'f6' -> osrs_key=6 at frame 42800
sim_hotkey: 'f7' -> osrs_key=7 at frame 42820
sim_hotkey: 'f8' -> osrs_key=8 at frame 42840
sim_hotkey: 'f9' -> osrs_key=9 at frame 42860
sim_hotkey: 'f10' -> osrs_key=10 at frame 42880
sim_hotkey: 'f11' -> osrs_key=11 at frame 42900
sim_hotkey: 'f12' -> osrs_key=12 at frame 42920
sim_hotkey: 'escape' -> osrs_key=13 at frame 42940
sim_hotkey: 'escape' -> osrs_key=13 at frame 42960
sim_hotkey: 'f1' -> osrs_key=1 at frame 42980
sim_hotkey: 'f2' -> osrs_key=2 at frame 43000
torirs_perf: window=85 frame_p95=4.72ms
sim_hotkey: 'f3' -> osrs_key=3 at frame 43020
sim_hotkey: 'f4' -> osrs_key=4 at frame 43040
Failed to load dat2 idk 307
Dat2SpriteLoadByName: archive 'mapfunction' not found in sprites table
Dat2SpriteLoadByName: archive 'hitmark' not found in sprites table
CS2VM2: call depth 128 exhausted calling script 904 from script 904 (raise CS2VM_MAX_FRAMES)
Task_CS2Run: script 904 failed at opcode 40 pc 2 (invoked as script 903 for component 0xa10000)
  script 904: int_args=2 str_args=0 int_locals=2 str_locals=0 ops=4
  pc=0 op=33 PUSH_INT_LOCAL operand=0 str=(null)
  pc=1 op=33 PUSH_INT_LOCAL operand=1 str=(null)
  pc=2 op=40 GOSUB_WITH_PARAMS operand=904 str=(null)
  pc=3 op=21 RETURN operand=0 str=(null)
Dat2SpriteLoadByName: archive 'mapfunction' not found in sprites table
Dat2SpriteLoadByName: archive 'hitmark' not found in sprites table
CS2VM2: call depth 128 exhausted calling script 904 from script 904 (raise CS2VM_MAX_FRAMES)
Task_CS2Run: script 904 failed at opcode 40 pc 2 (invoked as script 903 for component 0xa10000)
  script 904: int_args=2 str_args=0 int_locals=2 str_locals=0 ops=4
  pc=0 op=33 PUSH_INT_LOCAL operand=0 str=(null)
  pc=1 op=33 PUSH_INT_LOCAL operand=1 str=(null)
  pc=2 op=40 GOSUB_WITH_PARAMS operand=904 str=(null)
  pc=3 op=21 RETURN operand=0 str=(null)
sim_hotkey: 'f5' -> osrs_key=5 at frame 43060
sim_hotkey: 'f6' -> osrs_key=6 at frame 43080
sim_hotkey: 'f7' -> osrs_key=7 at frame 43100
sim_hotkey: 'f8' -> osrs_key=8 at frame 43120
sim_hotkey: 'f9' -> osrs_key=9 at frame 43140
sim_hotkey: 'f10' -> osrs_key=10 at frame 43160
sim_hotkey: 'f11' -> osrs_key=11 at frame 43180
sim_hotkey: 'f12' -> osrs_key=12 at frame 43200
Failed to load dat2 idk 307
Dat2SpriteLoadByName: archive 'mapfunction' not found in sprites table
Dat2SpriteLoadByName: archive 'hitmark' not found in sprites table
CS2VM2: call depth 128 exhausted calling script 904 from script 904 (raise CS2VM_MAX_FRAMES)
Task_CS2Run: script 904 failed at opcode 40 pc 2 (invoked as script 903 for component 0xa10000)
  script 904: int_args=2 str_args=0 int_locals=2 str_locals=0 ops=4
  pc=0 op=33 PUSH_INT_LOCAL operand=0 str=(null)
  pc=1 op=33 PUSH_INT_LOCAL operand=1 str=(null)
  pc=2 op=40 GOSUB_WITH_PARAMS operand=904 str=(null)
  pc=3 op=21 RETURN operand=0 str=(null)
sim_hotkey: 'escape' -> osrs_key=13 at frame 43220
sim_hotkey: 'escape' -> osrs_key=13 at frame 43240
CS2VM2: call depth 128 exhausted calling script 904 from script 904 (raise CS2VM_MAX_FRAMES)
Task_CS2Run: script 904 failed at opcode 40 pc 2 (invoked as script 903 for component 0xa10000)
  script 904: int_args=2 str_args=0 int_locals=2 str_locals=0 ops=4
  pc=0 op=33 PUSH_INT_LOCAL operand=0 str=(null)
  pc=1 op=33 PUSH_INT_LOCAL operand=1 str=(null)
  pc=2 op=40 GOSUB_WITH_PARAMS operand=904 str=(null)
  pc=3 op=21 RETURN operand=0 str=(null)
CS2VM2: call depth 128 exhausted calling script 904 from script 904 (raise CS2VM_MAX_FRAMES)
Task_CS2Run: script 904 failed at opcode 40 pc 2 (invoked as script 903 for component 0xa10000)
  script 904: int_args=2 str_args=0 int_locals=2 str_locals=0 ops=4
  pc=0 op=33 PUSH_INT_LOCAL operand=0 str=(null)
  pc=1 op=33 PUSH_INT_LOCAL operand=1 str=(null)
  pc=2 op=40 GOSUB_WITH_PARAMS operand=904 str=(null)
  pc=3 op=21 RETURN operand=0 str=(null)
CS2VM2: call depth 128 exhausted calling script 904 from script 904 (raise CS2VM_MAX_FRAMES)
Task_CS2Run: script 904 failed at opcode 40 pc 2 (invoked as script 903 for component 0xa10000)
  script 904: int_args=2 str_args=0 int_locals=2 str_locals=0 ops=4
  pc=0 op=33 PUSH_INT_LOCAL operand=0 str=(null)
  pc=1 op=33 PUSH_INT_LOCAL operand=1 str=(null)
  pc=2 op=40 GOSUB_WITH_PARAMS operand=904 str=(null)
  pc=3 op=21 RETURN operand=0 str=(null)
CS2VM2: call depth 128 exhausted calling script 904 from script 904 (raise CS2VM_MAX_FRAMES)
Task_CS2Run: script 904 failed at opcode 40 pc 2 (invoked as script 903 for component 0xa10000)
  script 904: int_args=2 str_args=0 int_locals=2 str_locals=0 ops=4
  pc=0 op=33 PUSH_INT_LOCAL operand=0 str=(null)
  pc=1 op=33 PUSH_INT_LOCAL operand=1 str=(null)
  pc=2 op=40 GOSUB_WITH_PARAMS operand=904 str=(null)
  pc=3 op=21 RETURN operand=0 str=(null)
sim_hotkey: 'f1' -> osrs_key=1 at frame 43260
sim_hotkey: 'f2' -> osrs_key=2 at frame 43280
sim_hotkey: 'f3' -> osrs_key=3 at frame 43300
sim_hotkey: 'f4' -> osrs_key=4 at frame 43320
sim_hotkey: 'f5' -> osrs_key=5 at frame 43340
sim_hotkey: 'f6' -> osrs_key=6 at frame 43360
Dat2SpriteLoadByName: archive 'mapfunction' not found in sprites table
Dat2SpriteLoadByName: archive 'hitmark' not found in sprites table
CS2VM2: call depth 128 exhausted calling script 904 from script 904 (raise CS2VM_MAX_FRAMES)
Task_CS2Run: script 904 failed at opcode 40 pc 2 (invoked as script 903 for component 0xa10000)
  script 904: int_args=2 str_args=0 int_locals=2 str_locals=0 ops=4
  pc=0 op=33 PUSH_INT_LOCAL operand=0 str=(null)
  pc=1 op=33 PUSH_INT_LOCAL operand=1 str=(null)
  pc=2 op=40 GOSUB_WITH_PARAMS operand=904 str=(null)
  pc=3 op=21 RETURN operand=0 str=(null)
spawn_npc: npc=2854 element=59772 tile=90,84 level=0 size=1 recolors=1 retextures=0
sim_hotkey: 'f7' -> osrs_key=7 at frame 43380
sim_hotkey: 'f8' -> osrs_key=8 at frame 43400
sim_hotkey: 'f9' -> osrs_key=9 at frame 43420
sim_hotkey: 'f10' -> osrs_key=10 at frame 43440
sim_hotkey: 'f11' -> osrs_key=11 at frame 43460
sim_hotkey: 'f12' -> osrs_key=12 at frame 43480
sim_hotkey: 'escape' -> osrs_key=13 at frame 43500
torirs_perf: window=86 frame_p95=5.33ms
sim_hotkey: 'escape' -> osrs_key=13 at frame 43520
sim_hotkey: 'f1' -> osrs_key=1 at frame 43540
torirs_iface_stats: tick=12750 groups=33
  group=161 opens=1 closes=0 bakes=1 reuse=0 live=106 hidden=14 hooks=22 hook_bytes=224400
  group=162 opens=1 closes=0 bakes=1 reuse=0 live=3222 hidden=2413 hooks=18 hook_bytes=183600
  group=651 opens=1 closes=0 bakes=1 reuse=0 live=7 hidden=0 hooks=0 hook_bytes=0
  group=708 opens=1 closes=0 bakes=1 reuse=0 live=13 hidden=1 hooks=4 hook_bytes=40800
  group=163 opens=1 closes=0 bakes=0 reuse=1 live=26 hidden=25 hooks=0 hook_bytes=0
  group=303 opens=1 closes=0 bakes=1 reuse=0 live=21 hidden=5 hooks=2 hook_bytes=20400
  group=90 opens=1 closes=0 bakes=1 reuse=0 live=60 hidden=13 hooks=13 hook_bytes=132600
  group=160 opens=1 closes=0 bakes=1 reuse=0 live=58 hidden=12 hooks=11 hook_bytes=112200
  group=122 opens=1 closes=0 bakes=1 reuse=0 live=33 hidden=15 hooks=9 hook_bytes=91800
  group=728 opens=1 closes=0 bakes=0 reuse=1 live=50 hidden=2 hooks=4 hook_bytes=40800
  group=896 opens=1 closes=0 bakes=0 reuse=1 live=903 hidden=902 hooks=0 hook_bytes=0
  group=593 opens=1 closes=0 bakes=1 reuse=0 live=117 hidden=7 hooks=6 hook_bytes=61200
  group=320 opens=1 closes=0 bakes=1 reuse=0 live=202 hidden=24 hooks=49 hook_bytes=499800
  group=629 opens=1 closes=0 bakes=1 reuse=0 live=46 hidden=5 hooks=3 hook_bytes=30600
  group=712 opens=1 closes=0 bakes=1 reuse=0 live=113 hidden=0 hooks=5 hook_bytes=51000
  group=149 opens=1 closes=0 bakes=0 reuse=1 live=29 hidden=0 hooks=28 hook_bytes=285600
  group=387 opens=1 closes=0 bakes=1 reuse=0 live=96 hidden=12 hooks=13 hook_bytes=132600
  group=541 opens=1 closes=0 bakes=1 reuse=0 live=124 hidden=33 hooks=30 hook_bytes=306000
  group=218 opens=1 closes=0 bakes=1 reuse=0 live=232 hidden=132 hooks=195 hook_bytes=1989000
  group=707 opens=1 closes=0 bakes=1 reuse=0 live=39 hidden=0 hooks=5 hook_bytes=51000
  group=109 opens=1 closes=0 bakes=1 reuse=0 live=96 hidden=13 hooks=10 hook_bytes=102000
  group=429 opens=1 closes=0 bakes=1 reuse=0 live=35 hidden=0 hooks=8 hook_bytes=81600
  group=182 opens=1 closes=0 bakes=1 reuse=0 live=94 hidden=3 hooks=10 hook_bytes=102000
  group=116 opens=1 closes=0 bakes=1 reuse=0 live=222 hidden=12 hooks=65 hook_bytes=663000
  group=216 opens=1 closes=0 bakes=1 reuse=0 live=124 hidden=0 hooks=61 hook_bytes=622200
  group=239 opens=1 closes=0 bakes=1 reuse=0 live=934 hidden=597 hooks=267 hook_bytes=2723400
  group=12 opens=43 closes=43 bakes=1 reuse=42 live=1787 hidden=73 hooks=1510 hook_bytes=15402000
  group=15 opens=43 closes=43 bakes=1 reuse=42 live=650 hidden=49 hooks=366 hook_bytes=3733200
  group=84 opens=43 closes=43 bakes=1 reuse=42 live=123 hidden=14 hooks=25 hook_bytes=255000
  group=729 opens=43 closes=42 bakes=0 reuse=43 live=36 hidden=0 hooks=6 hook_bytes=61200
  group=650 opens=42 closes=42 bakes=1 reuse=41 live=110 hidden=3 hooks=15 hook_bytes=153000
  group=894 opens=42 closes=42 bakes=1 reuse=41 live=413 hidden=5 hooks=117 hook_bytes=1193400
  group=32766 opens=0 closes=0 bakes=0 reuse=0 live=4 hidden=0 hooks=0 hook_bytes=0
torirs_stats: tick=12750 components=10125 live=10125 hidden=4384 freed=0 free_head=-1 inv_hooks=19 var_hooks=163 timers=28 timers_hidden=7 iface_parents=26
sim_hotkey: 'f2' -> osrs_key=2 at frame 43560
Dat2SpriteLoadByName: archive 'mapfunction' not found in sprites table
Dat2SpriteLoadByName: archive 'hitmark' not found in sprites table
Task_CS2Run: script 7188 failed at opcode 34 pc 14 (invoked as script 7128 for component 0x28a0000)
  script 7188: int_args=0 str_args=0 int_locals=1 str_locals=1 ops=31
  pc=0 op=0 PUSH_CONSTANT_INT operand=-1 str=(null)
  pc=1 op=34 POP_INT_LOCAL operand=0 str=(null)
  pc=2 op=3 PUSH_CONSTANT_STRING operand=0 str=
  pc=3 op=36 POP_STRING_LOCAL operand=0 str=(null)
  pc=4 op=25 PUSH_VARBIT operand=14881 str=(null)
  pc=5 op=60 SWITCH operand=0 str=(null)
  pc=6 op=3 PUSH_CONSTANT_STRING operand=0 str=graphic_4911
  pc=7 op=3 PUSH_CONSTANT_STRING operand=0 str=Grand Exchange value
  pc=8 op=36 POP_STRING_LOCAL operand=0 str=(null)
  pc=9 op=34 POP_INT_LOCAL operand=0 str=(null)
  pc=10 op=6 BRANCH operand=10 str=(null)
  pc=11 op=3 PUSH_CONSTANT_STRING operand=0 str=graphic_4912
  pc=12 op=3 PUSH_CONSTANT_STRING operand=0 str=High Alchemy value
  pc=13 op=36 POP_STRING_LOCAL operand=0 str=(null)
  pc=14 op=34 POP_INT_LOCAL operand=0 str=(null)
  pc=15 op=6 BRANCH operand=5 str=(null)
  pc=16 op=3 PUSH_CONSTANT_STRING operand=0 str=graphic_4911
CS2VM2: call depth 128 exhausted calling script 904 from script 904 (raise CS2VM_MAX_FRAMES)
Task_CS2Run: script 904 failed at opcode 40 pc 2 (invoked as script 903 for component 0xa10000)
  script 904: int_args=2 str_args=0 int_locals=2 str_locals=0 ops=4
  pc=0 op=33 PUSH_INT_LOCAL operand=0 str=(null)
  pc=1 op=33 PUSH_INT_LOCAL operand=1 str=(null)
  pc=2 op=40 GOSUB_WITH_PARAMS operand=904 str=(null)
  pc=3 op=21 RETURN operand=0 str=(null)
sim_hotkey: 'f3' -> osrs_key=3 at frame 43580
sim_hotkey: 'f4' -> osrs_key=4 at frame 43600
sim_hotkey: 'f5' -> osrs_key=5 at frame 43620
sim_hotkey: 'f6' -> osrs_key=6 at frame 43640
sim_hotkey: 'f7' -> osrs_key=7 at frame 43660
sim_hotkey: 'f8' -> osrs_key=8 at frame 43680
sim_hotkey: 'f9' -> osrs_key=9 at frame 43700
sim_hotkey: 'f10' -> osrs_key=10 at frame 43720
sim_hotkey: 'f11' -> osrs_key=11 at frame 43740
Dat2SpriteLoadByName: archive 'mapfunction' not found in sprites table
Dat2SpriteLoadByName: archive 'hitmark' not found in sprites table
CS2VM2: call depth 128 exhausted calling script 904 from script 904 (raise CS2VM_MAX_FRAMES)
Task_CS2Run: script 904 failed at opcode 40 pc 2 (invoked as script 903 for component 0xa10000)
  script 904: int_args=2 str_args=0 int_locals=2 str_locals=0 ops=4
  pc=0 op=33 PUSH_INT_LOCAL operand=0 str=(null)
  pc=1 op=33 PUSH_INT_LOCAL operand=1 str=(null)
  pc=2 op=40 GOSUB_WITH_PARAMS operand=904 str=(null)
  pc=3 op=21 RETURN operand=0 str=(null)
sim_hotkey: 'f12' -> osrs_key=12 at frame 43760
sim_hotkey: 'escape' -> osrs_key=13 at frame 43780
sim_hotkey: 'escape' -> osrs_key=13 at frame 43800
sim_hotkey: 'f1' -> osrs_key=1 at frame 43820
sim_hotkey: 'f2' -> osrs_key=2 at frame 43840
sim_hotkey: 'f3' -> osrs_key=3 at frame 43860
sim_hotkey: 'f4' -> osrs_key=4 at frame 43880
sim_hotkey: 'f5' -> osrs_key=5 at frame 43900
sim_hotkey: 'f6' -> osrs_key=6 at frame 43920
sim_hotkey: 'f7' -> osrs_key=7 at frame 43940
sim_hotkey: 'f8' -> osrs_key=8 at frame 43960
sim_hotkey: 'f9' -> osrs_key=9 at frame 43980
sim_hotkey: 'f10' -> osrs_key=10 at frame 44000
torirs_perf: window=87 frame_p95=4.76ms
sim_hotkey: 'f11' -> osrs_key=11 at frame 44020
sim_hotkey: 'f12' -> osrs_key=12 at frame 44040
sim_hotkey: 'escape' -> osrs_key=13 at frame 44060
sim_hotkey: 'escape' -> osrs_key=13 at frame 44080
sim_hotkey: 'f1' -> osrs_key=1 at frame 44100
Failed to load dat2 idk 307
Dat2SpriteLoadByName: archive 'mapfunction' not found in sprites table
Dat2SpriteLoadByName: archive 'hitmark' not found in sprites table
CS2VM2: call depth 128 exhausted calling script 904 from script 904 (raise CS2VM_MAX_FRAMES)
Task_CS2Run: script 904 failed at opcode 40 pc 2 (invoked as script 903 for component 0xa10000)
  script 904: int_args=2 str_args=0 int_locals=2 str_locals=0 ops=4
  pc=0 op=33 PUSH_INT_LOCAL operand=0 str=(null)
  pc=1 op=33 PUSH_INT_LOCAL operand=1 str=(null)
  pc=2 op=40 GOSUB_WITH_PARAMS operand=904 str=(null)
  pc=3 op=21 RETURN operand=0 str=(null)
Dat2SpriteLoadByName: archive 'mapfunction' not found in sprites table
Dat2SpriteLoadByName: archive 'hitmark' not found in sprites table
CS2VM2: call depth 128 exhausted calling script 904 from script 904 (raise CS2VM_MAX_FRAMES)
Task_CS2Run: script 904 failed at opcode 40 pc 2 (invoked as script 903 for component 0xa10000)
  script 904: int_args=2 str_args=0 int_locals=2 str_locals=0 ops=4
  pc=0 op=33 PUSH_INT_LOCAL operand=0 str=(null)
  pc=1 op=33 PUSH_INT_LOCAL operand=1 str=(null)
  pc=2 op=40 GOSUB_WITH_PARAMS operand=904 str=(null)
  pc=3 op=21 RETURN operand=0 str=(null)
CS2VM2: call depth 128 exhausted calling script 904 from script 904 (raise CS2VM_MAX_FRAMES)
Task_CS2Run: script 904 failed at opcode 40 pc 2 (invoked as script 903 for component 0xa10000)
  script 904: int_args=2 str_args=0 int_locals=2 str_locals=0 ops=4
  pc=0 op=33 PUSH_INT_LOCAL operand=0 str=(null)
  pc=1 op=33 PUSH_INT_LOCAL operand=1 str=(null)
  pc=2 op=40 GOSUB_WITH_PARAMS operand=904 str=(null)
  pc=3 op=21 RETURN operand=0 str=(null)
CS2VM2: call depth 128 exhausted calling script 904 from script 904 (raise CS2VM_MAX_FRAMES)
Task_CS2Run: script 904 failed at opcode 40 pc 2 (invoked as script 903 for component 0xa10000)
  script 904: int_args=2 str_args=0 int_locals=2 str_locals=0 ops=4
  pc=0 op=33 PUSH_INT_LOCAL operand=0 str=(null)
  pc=1 op=33 PUSH_INT_LOCAL operand=1 str=(null)
  pc=2 op=40 GOSUB_WITH_PARAMS operand=904 str=(null)
  pc=3 op=21 RETURN operand=0 str=(null)
CS2VM2: call depth 128 exhausted calling script 904 from script 904 (raise CS2VM_MAX_FRAMES)
Task_CS2Run: script 904 failed at opcode 40 pc 2 (invoked as script 903 for component 0xa10000)
  script 904: int_args=2 str_args=0 int_locals=2 str_locals=0 ops=4
  pc=0 op=33 PUSH_INT_LOCAL operand=0 str=(null)
  pc=1 op=33 PUSH_INT_LOCAL operand=1 str=(null)
  pc=2 op=40 GOSUB_WITH_PARAMS operand=904 str=(null)
  pc=3 op=21 RETURN operand=0 str=(null)
CS2VM2: call depth 128 exhausted calling script 904 from script 904 (raise CS2VM_MAX_FRAMES)
Task_CS2Run: script 904 failed at opcode 40 pc 2 (invoked as script 903 for component 0xa10000)
  script 904: int_args=2 str_args=0 int_locals=2 str_locals=0 ops=4
  pc=0 op=33 PUSH_INT_LOCAL operand=0 str=(null)
  pc=1 op=33 PUSH_INT_LOCAL operand=1 str=(null)
  pc=2 op=40 GOSUB_WITH_PARAMS operand=904 str=(null)
  pc=3 op=21 RETURN operand=0 str=(null)
sim_hotkey: 'f2' -> osrs_key=2 at frame 44120
sim_hotkey: 'f3' -> osrs_key=3 at frame 44140
sim_hotkey: 'f4' -> osrs_key=4 at frame 44160
sim_hotkey: 'f5' -> osrs_key=5 at frame 44180
sim_hotkey: 'f6' -> osrs_key=6 at frame 44200
sim_hotkey: 'f7' -> osrs_key=7 at frame 44220
sim_hotkey: 'f8' -> osrs_key=8 at frame 44240
sim_hotkey: 'f9' -> osrs_key=9 at frame 44260
Failed to load dat2 idk 307
Dat2SpriteLoadByName: archive 'mapfunction' not found in sprites table
Dat2SpriteLoadByName: archive 'hitmark' not found in sprites table
CS2VM2: call depth 128 exhausted calling script 904 from script 904 (raise CS2VM_MAX_FRAMES)
Task_CS2Run: script 904 failed at opcode 40 pc 2 (invoked as script 903 for component 0xa10000)
  script 904: int_args=2 str_args=0 int_locals=2 str_locals=0 ops=4
  pc=0 op=33 PUSH_INT_LOCAL operand=0 str=(null)
  pc=1 op=33 PUSH_INT_LOCAL operand=1 str=(null)
  pc=2 op=40 GOSUB_WITH_PARAMS operand=904 str=(null)
  pc=3 op=21 RETURN operand=0 str=(null)
sim_hotkey: 'f10' -> osrs_key=10 at frame 44280
sim_hotkey: 'f11' -> osrs_key=11 at frame 44300
sim_hotkey: 'f12' -> osrs_key=12 at frame 44320
sim_hotkey: 'escape' -> osrs_key=13 at frame 44340
sim_hotkey: 'escape' -> osrs_key=13 at frame 44360
CS2VM2: call depth 128 exhausted calling script 904 from script 904 (raise CS2VM_MAX_FRAMES)
Task_CS2Run: script 904 failed at opcode 40 pc 2 (invoked as script 903 for component 0xa10000)
  script 904: int_args=2 str_args=0 int_locals=2 str_locals=0 ops=4
  pc=0 op=33 PUSH_INT_LOCAL operand=0 str=(null)
  pc=1 op=33 PUSH_INT_LOCAL operand=1 str=(null)
  pc=2 op=40 GOSUB_WITH_PARAMS operand=904 str=(null)
  pc=3 op=21 RETURN operand=0 str=(null)
CS2VM2: call depth 128 exhausted calling script 904 from script 904 (raise CS2VM_MAX_FRAMES)
Task_CS2Run: script 904 failed at opcode 40 pc 2 (invoked as script 903 for component 0xa10000)
  script 904: int_args=2 str_args=0 int_locals=2 str_locals=0 ops=4
  pc=0 op=33 PUSH_INT_LOCAL operand=0 str=(null)
  pc=1 op=33 PUSH_INT_LOCAL operand=1 str=(null)
  pc=2 op=40 GOSUB_WITH_PARAMS operand=904 str=(null)
  pc=3 op=21 RETURN operand=0 str=(null)
sim_hotkey: 'f1' -> osrs_key=1 at frame 44380
sim_hotkey: 'f2' -> osrs_key=2 at frame 44400
sim_hotkey: 'f3' -> osrs_key=3 at frame 44420
torirs_iface_stats: tick=13000 groups=33
  group=161 opens=1 closes=0 bakes=1 reuse=0 live=106 hidden=14 hooks=22 hook_bytes=224400
  group=162 opens=1 closes=0 bakes=1 reuse=0 live=3222 hidden=2413 hooks=18 hook_bytes=183600
  group=651 opens=1 closes=0 bakes=1 reuse=0 live=7 hidden=0 hooks=0 hook_bytes=0
  group=708 opens=1 closes=0 bakes=1 reuse=0 live=13 hidden=1 hooks=4 hook_bytes=40800
  group=163 opens=1 closes=0 bakes=0 reuse=1 live=26 hidden=25 hooks=0 hook_bytes=0
  group=303 opens=1 closes=0 bakes=1 reuse=0 live=21 hidden=5 hooks=2 hook_bytes=20400
  group=90 opens=1 closes=0 bakes=1 reuse=0 live=60 hidden=13 hooks=13 hook_bytes=132600
  group=160 opens=1 closes=0 bakes=1 reuse=0 live=58 hidden=12 hooks=11 hook_bytes=112200
  group=122 opens=1 closes=0 bakes=1 reuse=0 live=33 hidden=15 hooks=9 hook_bytes=91800
  group=728 opens=1 closes=0 bakes=0 reuse=1 live=50 hidden=2 hooks=4 hook_bytes=40800
  group=896 opens=1 closes=0 bakes=0 reuse=1 live=903 hidden=902 hooks=0 hook_bytes=0
  group=593 opens=1 closes=0 bakes=1 reuse=0 live=117 hidden=7 hooks=6 hook_bytes=61200
  group=320 opens=1 closes=0 bakes=1 reuse=0 live=202 hidden=24 hooks=49 hook_bytes=499800
  group=629 opens=1 closes=0 bakes=1 reuse=0 live=46 hidden=5 hooks=3 hook_bytes=30600
  group=712 opens=1 closes=0 bakes=1 reuse=0 live=113 hidden=0 hooks=5 hook_bytes=51000
  group=149 opens=1 closes=0 bakes=0 reuse=1 live=29 hidden=0 hooks=28 hook_bytes=285600
  group=387 opens=1 closes=0 bakes=1 reuse=0 live=96 hidden=12 hooks=13 hook_bytes=132600
  group=541 opens=1 closes=0 bakes=1 reuse=0 live=124 hidden=33 hooks=30 hook_bytes=306000
  group=218 opens=1 closes=0 bakes=1 reuse=0 live=232 hidden=132 hooks=195 hook_bytes=1989000
  group=707 opens=1 closes=0 bakes=1 reuse=0 live=39 hidden=0 hooks=5 hook_bytes=51000
  group=109 opens=1 closes=0 bakes=1 reuse=0 live=96 hidden=13 hooks=10 hook_bytes=102000
  group=429 opens=1 closes=0 bakes=1 reuse=0 live=35 hidden=0 hooks=8 hook_bytes=81600
  group=182 opens=1 closes=0 bakes=1 reuse=0 live=94 hidden=3 hooks=10 hook_bytes=102000
  group=116 opens=1 closes=0 bakes=1 reuse=0 live=222 hidden=12 hooks=65 hook_bytes=663000
  group=216 opens=1 closes=0 bakes=1 reuse=0 live=124 hidden=0 hooks=61 hook_bytes=622200
  group=239 opens=1 closes=0 bakes=1 reuse=0 live=934 hidden=597 hooks=267 hook_bytes=2723400
  group=12 opens=44 closes=44 bakes=1 reuse=43 live=1787 hidden=73 hooks=1510 hook_bytes=15402000
  group=15 opens=44 closes=44 bakes=1 reuse=43 live=650 hidden=49 hooks=366 hook_bytes=3733200
  group=84 opens=44 closes=44 bakes=1 reuse=43 live=123 hidden=14 hooks=25 hook_bytes=255000
  group=729 opens=43 closes=43 bakes=0 reuse=43 live=36 hidden=1 hooks=6 hook_bytes=61200
  group=650 opens=43 closes=43 bakes=1 reuse=42 live=110 hidden=3 hooks=15 hook_bytes=153000
  group=894 opens=43 closes=42 bakes=1 reuse=42 live=413 hidden=4 hooks=117 hook_bytes=1193400
  group=32766 opens=0 closes=0 bakes=0 reuse=0 live=4 hidden=0 hooks=0 hook_bytes=0
torirs_stats: tick=13000 components=10125 live=10125 hidden=4384 freed=0 free_head=-1 inv_hooks=19 var_hooks=163 timers=28 timers_hidden=7 iface_parents=26
Dat2SpriteLoadByName: archive 'mapfunction' not found in sprites table
Dat2SpriteLoadByName: archive 'hitmark' not found in sprites table
CS2VM2: call depth 128 exhausted calling script 904 from script 904 (raise CS2VM_MAX_FRAMES)
Task_CS2Run: script 904 failed at opcode 40 pc 2 (invoked as script 903 for component 0xa10000)
  script 904: int_args=2 str_args=0 int_locals=2 str_locals=0 ops=4
  pc=0 op=33 PUSH_INT_LOCAL operand=0 str=(null)
  pc=1 op=33 PUSH_INT_LOCAL operand=1 str=(null)
  pc=2 op=40 GOSUB_WITH_PARAMS operand=904 str=(null)
  pc=3 op=21 RETURN operand=0 str=(null)
sim_hotkey: 'f4' -> osrs_key=4 at frame 44440
sim_hotkey: 'f5' -> osrs_key=5 at frame 44460
sim_hotkey: 'f6' -> osrs_key=6 at frame 44480
sim_hotkey: 'f7' -> osrs_key=7 at frame 44500
torirs_perf: window=88 frame_p95=5.07ms
sim_hotkey: 'f8' -> osrs_key=8 at frame 44520
sim_hotkey: 'f9' -> osrs_key=9 at frame 44540
sim_hotkey: 'f10' -> osrs_key=10 at frame 44560
sim_hotkey: 'f11' -> osrs_key=11 at frame 44580
sim_hotkey: 'f12' -> osrs_key=12 at frame 44600
sim_hotkey: 'escape' -> osrs_key=13 at frame 44620
Dat2SpriteLoadByName: archive 'mapfunction' not found in sprites table
Dat2SpriteLoadByName: archive 'hitmark' not found in sprites table
Task_CS2Run: script 7188 failed at opcode 34 pc 14 (invoked as script 7128 for component 0x28a0000)
  script 7188: int_args=0 str_args=0 int_locals=1 str_locals=1 ops=31
  pc=0 op=0 PUSH_CONSTANT_INT operand=-1 str=(null)
  pc=1 op=34 POP_INT_LOCAL operand=0 str=(null)
  pc=2 op=3 PUSH_CONSTANT_STRING operand=0 str=
  pc=3 op=36 POP_STRING_LOCAL operand=0 str=(null)
  pc=4 op=25 PUSH_VARBIT operand=14881 str=(null)
  pc=5 op=60 SWITCH operand=0 str=(null)
  pc=6 op=3 PUSH_CONSTANT_STRING operand=0 str=graphic_4911
  pc=7 op=3 PUSH_CONSTANT_STRING operand=0 str=Grand Exchange value
  pc=8 op=36 POP_STRING_LOCAL operand=0 str=(null)
  pc=9 op=34 POP_INT_LOCAL operand=0 str=(null)
  pc=10 op=6 BRANCH operand=10 str=(null)
  pc=11 op=3 PUSH_CONSTANT_STRING operand=0 str=graphic_4912
  pc=12 op=3 PUSH_CONSTANT_STRING operand=0 str=High Alchemy value
  pc=13 op=36 POP_STRING_LOCAL operand=0 str=(null)
  pc=14 op=34 POP_INT_LOCAL operand=0 str=(null)
  pc=15 op=6 BRANCH operand=5 str=(null)
  pc=16 op=3 PUSH_CONSTANT_STRING operand=0 str=graphic_4911
CS2VM2: call depth 128 exhausted calling script 904 from script 904 (raise CS2VM_MAX_FRAMES)
Task_CS2Run: script 904 failed at opcode 40 pc 2 (invoked as script 903 for component 0xa10000)
  script 904: int_args=2 str_args=0 int_locals=2 str_locals=0 ops=4
  pc=0 op=33 PUSH_INT_LOCAL operand=0 str=(null)
  pc=1 op=33 PUSH_INT_LOCAL operand=1 str=(null)
  pc=2 op=40 GOSUB_WITH_PARAMS operand=904 str=(null)
  pc=3 op=21 RETURN operand=0 str=(null)
sim_hotkey: 'escape' -> osrs_key=13 at frame 44640
sim_hotkey: 'f1' -> osrs_key=1 at frame 44660
sim_hotkey: 'f2' -> osrs_key=2 at frame 44680
sim_hotkey: 'f3' -> osrs_key=3 at frame 44700
sim_hotkey: 'f4' -> osrs_key=4 at frame 44720
sim_hotkey: 'f5' -> osrs_key=5 at frame 44740
sim_hotkey: 'f6' -> osrs_key=6 at frame 44760
spawn_npc: npc=2854 element=59772 tile=90,84 level=0 size=1 recolors=1 retextures=0
sim_hotkey: 'f7' -> osrs_key=7 at frame 44780
sim_hotkey: 'f8' -> osrs_key=8 at frame 44800
Dat2SpriteLoadByName: archive 'mapfunction' not found in sprites table
Dat2SpriteLoadByName: archive 'hitmark' not found in sprites table
CS2VM2: call depth 128 exhausted calling script 904 from script 904 (raise CS2VM_MAX_FRAMES)
Task_CS2Run: script 904 failed at opcode 40 pc 2 (invoked as script 903 for component 0xa10000)
  script 904: int_args=2 str_args=0 int_locals=2 str_locals=0 ops=4
  pc=0 op=33 PUSH_INT_LOCAL operand=0 str=(null)
  pc=1 op=33 PUSH_INT_LOCAL operand=1 str=(null)
  pc=2 op=40 GOSUB_WITH_PARAMS operand=904 str=(null)
  pc=3 op=21 RETURN operand=0 str=(null)
sim_hotkey: 'f9' -> osrs_key=9 at frame 44820
sim_hotkey: 'f10' -> osrs_key=10 at frame 44840
sim_hotkey: 'f11' -> osrs_key=11 at frame 44860
sim_hotkey: 'f12' -> osrs_key=12 at frame 44880
sim_hotkey: 'escape' -> osrs_key=13 at frame 44900
sim_hotkey: 'escape' -> osrs_key=13 at frame 44920
sim_hotkey: 'f1' -> osrs_key=1 at frame 44940
sim_hotkey: 'f2' -> osrs_key=2 at frame 44960
sim_hotkey: 'f3' -> osrs_key=3 at frame 44980
spawn_npc: npc=3111 element=59772 tile=90,84 level=0 size=1 recolors=3 retextures=0
sim_hotkey: 'f4' -> osrs_key=4 at frame 45000
torirs_perf: window=89 frame_p95=4.80ms
sim_hotkey: 'f5' -> osrs_key=5 at frame 45020
sim_hotkey: 'f6' -> osrs_key=6 at frame 45040
sim_hotkey: 'f7' -> osrs_key=7 at frame 45060
sim_hotkey: 'f8' -> osrs_key=8 at frame 45080
sim_hotkey: 'f9' -> osrs_key=9 at frame 45100
sim_hotkey: 'f10' -> osrs_key=10 at frame 45120
sim_hotkey: 'f11' -> osrs_key=11 at frame 45140
Failed to load dat2 idk 307
Dat2SpriteLoadByName: archive 'mapfunction' not found in sprites table
Dat2SpriteLoadByName: archive 'hitmark' not found in sprites table
CS2VM2: call depth 128 exhausted calling script 904 from script 904 (raise CS2VM_MAX_FRAMES)
Task_CS2Run: script 904 failed at opcode 40 pc 2 (invoked as script 903 for component 0xa10000)
  script 904: int_args=2 str_args=0 int_locals=2 str_locals=0 ops=4
  pc=0 op=33 PUSH_INT_LOCAL operand=0 str=(null)
  pc=1 op=33 PUSH_INT_LOCAL operand=1 str=(null)
  pc=2 op=40 GOSUB_WITH_PARAMS operand=904 str=(null)
  pc=3 op=21 RETURN operand=0 str=(null)
Dat2SpriteLoadByName: archive 'mapfunction' not found in sprites table
Dat2SpriteLoadByName: archive 'hitmark' not found in sprites table
CS2VM2: call depth 128 exhausted calling script 904 from script 904 (raise CS2VM_MAX_FRAMES)
Task_CS2Run: script 904 failed at opcode 40 pc 2 (invoked as script 903 for component 0xa10000)
  script 904: int_args=2 str_args=0 int_locals=2 str_locals=0 ops=4
  pc=0 op=33 PUSH_INT_LOCAL operand=0 str=(null)
  pc=1 op=33 PUSH_INT_LOCAL operand=1 str=(null)
  pc=2 op=40 GOSUB_WITH_PARAMS operand=904 str=(null)
  pc=3 op=21 RETURN operand=0 str=(null)
sim_hotkey: 'f12' -> osrs_key=12 at frame 45160
sim_hotkey: 'escape' -> osrs_key=13 at frame 45180
sim_hotkey: 'escape' -> osrs_key=13 at frame 45200
CS2VM2: call depth 128 exhausted calling script 904 from script 904 (raise CS2VM_MAX_FRAMES)
Task_CS2Run: script 904 failed at opcode 40 pc 2 (invoked as script 903 for component 0xa10000)
  script 904: int_args=2 str_args=0 int_locals=2 str_locals=0 ops=4
  pc=0 op=33 PUSH_INT_LOCAL operand=0 str=(null)
  pc=1 op=33 PUSH_INT_LOCAL operand=1 str=(null)
  pc=2 op=40 GOSUB_WITH_PARAMS operand=904 str=(null)
  pc=3 op=21 RETURN operand=0 str=(null)
CS2VM2: call depth 128 exhausted calling script 904 from script 904 (raise CS2VM_MAX_FRAMES)
Task_CS2Run: script 904 failed at opcode 40 pc 2 (invoked as script 903 for component 0xa10000)
  script 904: int_args=2 str_args=0 int_locals=2 str_locals=0 ops=4
  pc=0 op=33 PUSH_INT_LOCAL operand=0 str=(null)
  pc=1 op=33 PUSH_INT_LOCAL operand=1 str=(null)
  pc=2 op=40 GOSUB_WITH_PARAMS operand=904 str=(null)
  pc=3 op=21 RETURN operand=0 str=(null)
CS2VM2: call depth 128 exhausted calling script 904 from script 904 (raise CS2VM_MAX_FRAMES)
Task_CS2Run: script 904 failed at opcode 40 pc 2 (invoked as script 903 for component 0xa10000)
  script 904: int_args=2 str_args=0 int_locals=2 str_locals=0 ops=4
  pc=0 op=33 PUSH_INT_LOCAL operand=0 str=(null)
  pc=1 op=33 PUSH_INT_LOCAL operand=1 str=(null)
  pc=2 op=40 GOSUB_WITH_PARAMS operand=904 str=(null)
  pc=3 op=21 RETURN operand=0 str=(null)
CS2VM2: call depth 128 exhausted calling script 904 from script 904 (raise CS2VM_MAX_FRAMES)
Task_CS2Run: script 904 failed at opcode 40 pc 2 (invoked as script 903 for component 0xa10000)
  script 904: int_args=2 str_args=0 int_locals=2 str_locals=0 ops=4
  pc=0 op=33 PUSH_INT_LOCAL operand=0 str=(null)
  pc=1 op=33 PUSH_INT_LOCAL operand=1 str=(null)
  pc=2 op=40 GOSUB_WITH_PARAMS operand=904 str=(null)
  pc=3 op=21 RETURN operand=0 str=(null)
sim_hotkey: 'f1' -> osrs_key=1 at frame 45220
sim_hotkey: 'f2' -> osrs_key=2 at frame 45240
sim_hotkey: 'f3' -> osrs_key=3 at frame 45260
sim_hotkey: 'f4' -> osrs_key=4 at frame 45280
torirs_iface_stats: tick=13250 groups=33
  group=161 opens=1 closes=0 bakes=1 reuse=0 live=106 hidden=14 hooks=22 hook_bytes=224400
  group=162 opens=1 closes=0 bakes=1 reuse=0 live=3222 hidden=2413 hooks=18 hook_bytes=183600
  group=651 opens=1 closes=0 bakes=1 reuse=0 live=7 hidden=0 hooks=0 hook_bytes=0
  group=708 opens=1 closes=0 bakes=1 reuse=0 live=13 hidden=1 hooks=4 hook_bytes=40800
  group=163 opens=1 closes=0 bakes=0 reuse=1 live=26 hidden=25 hooks=0 hook_bytes=0
  group=303 opens=1 closes=0 bakes=1 reuse=0 live=21 hidden=5 hooks=2 hook_bytes=20400
  group=90 opens=1 closes=0 bakes=1 reuse=0 live=60 hidden=13 hooks=13 hook_bytes=132600
  group=160 opens=1 closes=0 bakes=1 reuse=0 live=58 hidden=12 hooks=11 hook_bytes=112200
  group=122 opens=1 closes=0 bakes=1 reuse=0 live=33 hidden=15 hooks=9 hook_bytes=91800
  group=728 opens=1 closes=0 bakes=0 reuse=1 live=50 hidden=2 hooks=4 hook_bytes=40800
  group=896 opens=1 closes=0 bakes=0 reuse=1 live=903 hidden=902 hooks=0 hook_bytes=0
  group=593 opens=1 closes=0 bakes=1 reuse=0 live=117 hidden=7 hooks=6 hook_bytes=61200
  group=320 opens=1 closes=0 bakes=1 reuse=0 live=202 hidden=24 hooks=49 hook_bytes=499800
  group=629 opens=1 closes=0 bakes=1 reuse=0 live=46 hidden=5 hooks=3 hook_bytes=30600
  group=712 opens=1 closes=0 bakes=1 reuse=0 live=113 hidden=0 hooks=5 hook_bytes=51000
  group=149 opens=1 closes=0 bakes=0 reuse=1 live=29 hidden=0 hooks=28 hook_bytes=285600
  group=387 opens=1 closes=0 bakes=1 reuse=0 live=96 hidden=12 hooks=13 hook_bytes=132600
  group=541 opens=1 closes=0 bakes=1 reuse=0 live=124 hidden=33 hooks=30 hook_bytes=306000
  group=218 opens=1 closes=0 bakes=1 reuse=0 live=232 hidden=132 hooks=195 hook_bytes=1989000
  group=707 opens=1 closes=0 bakes=1 reuse=0 live=39 hidden=0 hooks=5 hook_bytes=51000
  group=109 opens=1 closes=0 bakes=1 reuse=0 live=96 hidden=13 hooks=10 hook_bytes=102000
  group=429 opens=1 closes=0 bakes=1 reuse=0 live=35 hidden=0 hooks=8 hook_bytes=81600
  group=182 opens=1 closes=0 bakes=1 reuse=0 live=94 hidden=3 hooks=10 hook_bytes=102000
  group=116 opens=1 closes=0 bakes=1 reuse=0 live=222 hidden=12 hooks=65 hook_bytes=663000
  group=216 opens=1 closes=0 bakes=1 reuse=0 live=124 hidden=0 hooks=61 hook_bytes=622200
  group=239 opens=1 closes=0 bakes=1 reuse=0 live=934 hidden=597 hooks=267 hook_bytes=2723400
  group=12 opens=45 closes=45 bakes=1 reuse=44 live=1787 hidden=73 hooks=1510 hook_bytes=15402000
  group=15 opens=45 closes=45 bakes=1 reuse=44 live=650 hidden=49 hooks=366 hook_bytes=3733200
  group=84 opens=44 closes=44 bakes=1 reuse=43 live=123 hidden=14 hooks=25 hook_bytes=255000
  group=729 opens=44 closes=44 bakes=0 reuse=44 live=36 hidden=1 hooks=6 hook_bytes=61200
  group=650 opens=44 closes=44 bakes=1 reuse=43 live=110 hidden=3 hooks=15 hook_bytes=153000
  group=894 opens=44 closes=43 bakes=1 reuse=43 live=413 hidden=4 hooks=117 hook_bytes=1193400
  group=32766 opens=0 closes=0 bakes=0 reuse=0 live=4 hidden=0 hooks=0 hook_bytes=0
torirs_stats: tick=13250 components=10125 live=10125 hidden=4384 freed=0 free_head=-1 inv_hooks=19 var_hooks=163 timers=28 timers_hidden=7 iface_parents=26
Failed to load dat2 idk 307
Dat2SpriteLoadByName: archive 'mapfunction' not found in sprites table
Dat2SpriteLoadByName: archive 'hitmark' not found in sprites table
CS2VM2: call depth 128 exhausted calling script 904 from script 904 (raise CS2VM_MAX_FRAMES)
Task_CS2Run: script 904 failed at opcode 40 pc 2 (invoked as script 903 for component 0xa10000)
  script 904: int_args=2 str_args=0 int_locals=2 str_locals=0 ops=4
  pc=0 op=33 PUSH_INT_LOCAL operand=0 str=(null)
  pc=1 op=33 PUSH_INT_LOCAL operand=1 str=(null)
  pc=2 op=40 GOSUB_WITH_PARAMS operand=904 str=(null)
  pc=3 op=21 RETURN operand=0 str=(null)
sim_hotkey: 'f5' -> osrs_key=5 at frame 45300
sim_hotkey: 'f6' -> osrs_key=6 at frame 45320
sim_hotkey: 'f7' -> osrs_key=7 at frame 45340
sim_hotkey: 'f8' -> osrs_key=8 at frame 45360
sim_hotkey: 'f9' -> osrs_key=9 at frame 45380
sim_hotkey: 'f10' -> osrs_key=10 at frame 45400
sim_hotkey: 'f11' -> osrs_key=11 at frame 45420
sim_hotkey: 'f12' -> osrs_key=12 at frame 45440
Dat2SpriteLoadByName: archive 'mapfunction' not found in sprites table
Dat2SpriteLoadByName: archive 'hitmark' not found in sprites table
CS2VM2: call depth 128 exhausted calling script 904 from script 904 (raise CS2VM_MAX_FRAMES)
Task_CS2Run: script 904 failed at opcode 40 pc 2 (invoked as script 903 for component 0xa10000)
  script 904: int_args=2 str_args=0 int_locals=2 str_locals=0 ops=4
  pc=0 op=33 PUSH_INT_LOCAL operand=0 str=(null)
  pc=1 op=33 PUSH_INT_LOCAL operand=1 str=(null)
  pc=2 op=40 GOSUB_WITH_PARAMS operand=904 str=(null)
  pc=3 op=21 RETURN operand=0 str=(null)
sim_hotkey: 'escape' -> osrs_key=13 at frame 45460
sim_hotkey: 'escape' -> osrs_key=13 at frame 45480
CS2VM2: call depth 128 exhausted calling script 904 from script 904 (raise CS2VM_MAX_FRAMES)
Task_CS2Run: script 904 failed at opcode 40 pc 2 (invoked as script 903 for component 0xa10000)
  script 904: int_args=2 str_args=0 int_locals=2 str_locals=0 ops=4
  pc=0 op=33 PUSH_INT_LOCAL operand=0 str=(null)
  pc=1 op=33 PUSH_INT_LOCAL operand=1 str=(null)
  pc=2 op=40 GOSUB_WITH_PARAMS operand=904 str=(null)
  pc=3 op=21 RETURN operand=0 str=(null)
CS2VM2: call depth 128 exhausted calling script 904 from script 904 (raise CS2VM_MAX_FRAMES)
Task_CS2Run: script 904 failed at opcode 40 pc 2 (invoked as script 903 for component 0xa10000)
  script 904: int_args=2 str_args=0 int_locals=2 str_locals=0 ops=4
  pc=0 op=33 PUSH_INT_LOCAL operand=0 str=(null)
  pc=1 op=33 PUSH_INT_LOCAL operand=1 str=(null)
  pc=2 op=40 GOSUB_WITH_PARAMS operand=904 str=(null)
  pc=3 op=21 RETURN operand=0 str=(null)
sim_hotkey: 'f1' -> osrs_key=1 at frame 45500
torirs_perf: window=90 frame_p95=5.77ms
sim_hotkey: 'f2' -> osrs_key=2 at frame 45520
sim_hotkey: 'f3' -> osrs_key=3 at frame 45540
sim_hotkey: 'f4' -> osrs_key=4 at frame 45560
sim_hotkey: 'f5' -> osrs_key=5 at frame 45580
sim_hotkey: 'f6' -> osrs_key=6 at frame 45600
sim_hotkey: 'f7' -> osrs_key=7 at frame 45620
Dat2SpriteLoadByName: archive 'mapfunction' not found in sprites table
Dat2SpriteLoadByName: archive 'hitmark' not found in sprites table
Task_CS2Run: script 7188 failed at opcode 34 pc 14 (invoked as script 7128 for component 0x28a0000)
  script 7188: int_args=0 str_args=0 int_locals=1 str_locals=1 ops=31
  pc=0 op=0 PUSH_CONSTANT_INT operand=-1 str=(null)
  pc=1 op=34 POP_INT_LOCAL operand=0 str=(null)
  pc=2 op=3 PUSH_CONSTANT_STRING operand=0 str=
  pc=3 op=36 POP_STRING_LOCAL operand=0 str=(null)
  pc=4 op=25 PUSH_VARBIT operand=14881 str=(null)
  pc=5 op=60 SWITCH operand=0 str=(null)
  pc=6 op=3 PUSH_CONSTANT_STRING operand=0 str=graphic_4911
  pc=7 op=3 PUSH_CONSTANT_STRING operand=0 str=Grand Exchange value
  pc=8 op=36 POP_STRING_LOCAL operand=0 str=(null)
  pc=9 op=34 POP_INT_LOCAL operand=0 str=(null)
  pc=10 op=6 BRANCH operand=10 str=(null)
  pc=11 op=3 PUSH_CONSTANT_STRING operand=0 str=graphic_4912
  pc=12 op=3 PUSH_CONSTANT_STRING operand=0 str=High Alchemy value
  pc=13 op=36 POP_STRING_LOCAL operand=0 str=(null)
  pc=14 op=34 POP_INT_LOCAL operand=0 str=(null)
  pc=15 op=6 BRANCH operand=5 str=(null)
  pc=16 op=3 PUSH_CONSTANT_STRING operand=0 str=graphic_4911
CS2VM2: call depth 128 exhausted calling script 904 from script 904 (raise CS2VM_MAX_FRAMES)
Task_CS2Run: script 904 failed at opcode 40 pc 2 (invoked as script 903 for component 0xa10000)
  script 904: int_args=2 str_args=0 int_locals=2 str_locals=0 ops=4
  pc=0 op=33 PUSH_INT_LOCAL operand=0 str=(null)
  pc=1 op=33 PUSH_INT_LOCAL operand=1 str=(null)
  pc=2 op=40 GOSUB_WITH_PARAMS operand=904 str=(null)
  pc=3 op=21 RETURN operand=0 str=(null)
sim_hotkey: 'f8' -> osrs_key=8 at frame 45640
sim_hotkey: 'f9' -> osrs_key=9 at frame 45660
sim_hotkey: 'f10' -> osrs_key=10 at frame 45680
sim_hotkey: 'f11' -> osrs_key=11 at frame 45700
sim_hotkey: 'f12' -> osrs_key=12 at frame 45720
sim_hotkey: 'escape' -> osrs_key=13 at frame 45740
sim_hotkey: 'escape' -> osrs_key=13 at frame 45760
sim_hotkey: 'f1' -> osrs_key=1 at frame 45780
sim_hotkey: 'f2' -> osrs_key=2 at frame 45800
Dat2SpriteLoadByName: archive 'mapfunction' not found in sprites table
Dat2SpriteLoadByName: archive 'hitmark' not found in sprites table
CS2VM2: call depth 128 exhausted calling script 904 from script 904 (raise CS2VM_MAX_FRAMES)
Task_CS2Run: script 904 failed at opcode 40 pc 2 (invoked as script 903 for component 0xa10000)
  script 904: int_args=2 str_args=0 int_locals=2 str_locals=0 ops=4
  pc=0 op=33 PUSH_INT_LOCAL operand=0 str=(null)
  pc=1 op=33 PUSH_INT_LOCAL operand=1 str=(null)
  pc=2 op=40 GOSUB_WITH_PARAMS operand=904 str=(null)
  pc=3 op=21 RETURN operand=0 str=(null)
sim_hotkey: 'f3' -> osrs_key=3 at frame 45820
sim_hotkey: 'f4' -> osrs_key=4 at frame 45840
sim_hotkey: 'f5' -> osrs_key=5 at frame 45860
sim_hotkey: 'f6' -> osrs_key=6 at frame 45880
sim_hotkey: 'f7' -> osrs_key=7 at frame 45900
sim_hotkey: 'f8' -> osrs_key=8 at frame 45920
sim_hotkey: 'f9' -> osrs_key=9 at frame 45940
sim_hotkey: 'f10' -> osrs_key=10 at frame 45960
sim_hotkey: 'f11' -> osrs_key=11 at frame 45980
sim_hotkey: 'f12' -> osrs_key=12 at frame 46000
torirs_perf: window=91 frame_p95=4.96ms
sim_hotkey: 'escape' -> osrs_key=13 at frame 46020
sim_hotkey: 'escape' -> osrs_key=13 at frame 46040
sim_hotkey: 'f1' -> osrs_key=1 at frame 46060
sim_hotkey: 'f2' -> osrs_key=2 at frame 46080
sim_hotkey: 'f3' -> osrs_key=3 at frame 46100
sim_hotkey: 'f4' -> osrs_key=4 at frame 46120
sim_hotkey: 'f5' -> osrs_key=5 at frame 46140
torirs_iface_stats: tick=13500 groups=33
  group=161 opens=1 closes=0 bakes=1 reuse=0 live=106 hidden=14 hooks=22 hook_bytes=224400
  group=162 opens=1 closes=0 bakes=1 reuse=0 live=3222 hidden=2413 hooks=18 hook_bytes=183600
  group=651 opens=1 closes=0 bakes=1 reuse=0 live=7 hidden=0 hooks=0 hook_bytes=0
  group=708 opens=1 closes=0 bakes=1 reuse=0 live=13 hidden=1 hooks=4 hook_bytes=40800
  group=163 opens=1 closes=0 bakes=0 reuse=1 live=26 hidden=25 hooks=0 hook_bytes=0
  group=303 opens=1 closes=0 bakes=1 reuse=0 live=21 hidden=5 hooks=2 hook_bytes=20400
  group=90 opens=1 closes=0 bakes=1 reuse=0 live=60 hidden=13 hooks=13 hook_bytes=132600
  group=160 opens=1 closes=0 bakes=1 reuse=0 live=58 hidden=12 hooks=11 hook_bytes=112200
  group=122 opens=1 closes=0 bakes=1 reuse=0 live=33 hidden=15 hooks=9 hook_bytes=91800
  group=728 opens=1 closes=0 bakes=0 reuse=1 live=50 hidden=2 hooks=4 hook_bytes=40800
  group=896 opens=1 closes=0 bakes=0 reuse=1 live=903 hidden=902 hooks=0 hook_bytes=0
  group=593 opens=1 closes=0 bakes=1 reuse=0 live=117 hidden=7 hooks=6 hook_bytes=61200
  group=320 opens=1 closes=0 bakes=1 reuse=0 live=202 hidden=24 hooks=49 hook_bytes=499800
  group=629 opens=1 closes=0 bakes=1 reuse=0 live=46 hidden=5 hooks=3 hook_bytes=30600
  group=712 opens=1 closes=0 bakes=1 reuse=0 live=113 hidden=0 hooks=5 hook_bytes=51000
  group=149 opens=1 closes=0 bakes=0 reuse=1 live=29 hidden=0 hooks=28 hook_bytes=285600
  group=387 opens=1 closes=0 bakes=1 reuse=0 live=96 hidden=12 hooks=13 hook_bytes=132600
  group=541 opens=1 closes=0 bakes=1 reuse=0 live=124 hidden=33 hooks=30 hook_bytes=306000
  group=218 opens=1 closes=0 bakes=1 reuse=0 live=232 hidden=132 hooks=195 hook_bytes=1989000
  group=707 opens=1 closes=0 bakes=1 reuse=0 live=39 hidden=0 hooks=5 hook_bytes=51000
  group=109 opens=1 closes=0 bakes=1 reuse=0 live=96 hidden=13 hooks=10 hook_bytes=102000
  group=429 opens=1 closes=0 bakes=1 reuse=0 live=35 hidden=0 hooks=8 hook_bytes=81600
  group=182 opens=1 closes=0 bakes=1 reuse=0 live=94 hidden=3 hooks=10 hook_bytes=102000
  group=116 opens=1 closes=0 bakes=1 reuse=0 live=222 hidden=12 hooks=65 hook_bytes=663000
  group=216 opens=1 closes=0 bakes=1 reuse=0 live=124 hidden=0 hooks=61 hook_bytes=622200
  group=239 opens=1 closes=0 bakes=1 reuse=0 live=934 hidden=597 hooks=267 hook_bytes=2723400
  group=12 opens=45 closes=45 bakes=1 reuse=44 live=1787 hidden=73 hooks=1510 hook_bytes=15402000
  group=15 opens=45 closes=45 bakes=1 reuse=44 live=650 hidden=49 hooks=366 hook_bytes=3733200
  group=84 opens=45 closes=45 bakes=1 reuse=44 live=129 hidden=13 hooks=30 hook_bytes=306000
  group=729 opens=45 closes=45 bakes=0 reuse=45 live=36 hidden=1 hooks=6 hook_bytes=61200
  group=650 opens=45 closes=45 bakes=1 reuse=44 live=110 hidden=3 hooks=15 hook_bytes=153000
  group=894 opens=45 closes=44 bakes=1 reuse=44 live=413 hidden=4 hooks=117 hook_bytes=1193400
  group=32766 opens=0 closes=0 bakes=0 reuse=0 live=4 hidden=0 hooks=0 hook_bytes=0
torirs_stats: tick=13500 components=10131 live=10131 hidden=4383 freed=0 free_head=-1 inv_hooks=19 var_hooks=163 timers=28 timers_hidden=7 iface_parents=26
Failed to load dat2 idk 307
Dat2SpriteLoadByName: archive 'mapfunction' not found in sprites table
Dat2SpriteLoadByName: archive 'hitmark' not found in sprites table
CS2VM2: call depth 128 exhausted calling script 904 from script 904 (raise CS2VM_MAX_FRAMES)
Task_CS2Run: script 904 failed at opcode 40 pc 2 (invoked as script 903 for component 0xa10000)
  script 904: int_args=2 str_args=0 int_locals=2 str_locals=0 ops=4
  pc=0 op=33 PUSH_INT_LOCAL operand=0 str=(null)
  pc=1 op=33 PUSH_INT_LOCAL operand=1 str=(null)
  pc=2 op=40 GOSUB_WITH_PARAMS operand=904 str=(null)
  pc=3 op=21 RETURN operand=0 str=(null)
Dat2SpriteLoadByName: archive 'mapfunction' not found in sprites table
Dat2SpriteLoadByName: archive 'hitmark' not found in sprites table
CS2VM2: call depth 128 exhausted calling script 904 from script 904 (raise CS2VM_MAX_FRAMES)
Task_CS2Run: script 904 failed at opcode 40 pc 2 (invoked as script 903 for component 0xa10000)
  script 904: int_args=2 str_args=0 int_locals=2 str_locals=0 ops=4
  pc=0 op=33 PUSH_INT_LOCAL operand=0 str=(null)
  pc=1 op=33 PUSH_INT_LOCAL operand=1 str=(null)
  pc=2 op=40 GOSUB_WITH_PARAMS operand=904 str=(null)
  pc=3 op=21 RETURN operand=0 str=(null)
sim_hotkey: 'f6' -> osrs_key=6 at frame 46160
sim_hotkey: 'f7' -> osrs_key=7 at frame 46180
sim_hotkey: 'f8' -> osrs_key=8 at frame 46200
sim_hotkey: 'f9' -> osrs_key=9 at frame 46220
sim_hotkey: 'f10' -> osrs_key=10 at frame 46240
sim_hotkey: 'f11' -> osrs_key=11 at frame 46260
sim_hotkey: 'f12' -> osrs_key=12 at frame 46280
Failed to load dat2 idk 307
Dat2SpriteLoadByName: archive 'mapfunction' not found in sprites table
Dat2SpriteLoadByName: archive 'hitmark' not found in sprites table
CS2VM2: call depth 128 exhausted calling script 904 from script 904 (raise CS2VM_MAX_FRAMES)
Task_CS2Run: script 904 failed at opcode 40 pc 2 (invoked as script 903 for component 0xa10000)
  script 904: int_args=2 str_args=0 int_locals=2 str_locals=0 ops=4
  pc=0 op=33 PUSH_INT_LOCAL operand=0 str=(null)
  pc=1 op=33 PUSH_INT_LOCAL operand=1 str=(null)
  pc=2 op=40 GOSUB_WITH_PARAMS operand=904 str=(null)
  pc=3 op=21 RETURN operand=0 str=(null)
sim_hotkey: 'escape' -> osrs_key=13 at frame 46300
sim_hotkey: 'escape' -> osrs_key=13 at frame 46320
CS2VM2: call depth 128 exhausted calling script 904 from script 904 (raise CS2VM_MAX_FRAMES)
Task_CS2Run: script 904 failed at opcode 40 pc 2 (invoked as script 903 for component 0xa10000)
  script 904: int_args=2 str_args=0 int_locals=2 str_locals=0 ops=4
  pc=0 op=33 PUSH_INT_LOCAL operand=0 str=(null)
  pc=1 op=33 PUSH_INT_LOCAL operand=1 str=(null)
  pc=2 op=40 GOSUB_WITH_PARAMS operand=904 str=(null)
  pc=3 op=21 RETURN operand=0 str=(null)
CS2VM2: call depth 128 exhausted calling script 904 from script 904 (raise CS2VM_MAX_FRAMES)
Task_CS2Run: script 904 failed at opcode 40 pc 2 (invoked as script 903 for component 0xa10000)
  script 904: int_args=2 str_args=0 int_locals=2 str_locals=0 ops=4
  pc=0 op=33 PUSH_INT_LOCAL operand=0 str=(null)
  pc=1 op=33 PUSH_INT_LOCAL operand=1 str=(null)
  pc=2 op=40 GOSUB_WITH_PARAMS operand=904 str=(null)
  pc=3 op=21 RETURN operand=0 str=(null)
CS2VM2: call depth 128 exhausted calling script 904 from script 904 (raise CS2VM_MAX_FRAMES)
Task_CS2Run: script 904 failed at opcode 40 pc 2 (invoked as script 903 for component 0xa10000)
  script 904: int_args=2 str_args=0 int_locals=2 str_locals=0 ops=4
  pc=0 op=33 PUSH_INT_LOCAL operand=0 str=(null)
  pc=1 op=33 PUSH_INT_LOCAL operand=1 str=(null)
  pc=2 op=40 GOSUB_WITH_PARAMS operand=904 str=(null)
  pc=3 op=21 RETURN operand=0 str=(null)
CS2VM2: call depth 128 exhausted calling script 904 from script 904 (raise CS2VM_MAX_FRAMES)
Task_CS2Run: script 904 failed at opcode 40 pc 2 (invoked as script 903 for component 0xa10000)
  script 904: int_args=2 str_args=0 int_locals=2 str_locals=0 ops=4
  pc=0 op=33 PUSH_INT_LOCAL operand=0 str=(null)
  pc=1 op=33 PUSH_INT_LOCAL operand=1 str=(null)
  pc=2 op=40 GOSUB_WITH_PARAMS operand=904 str=(null)
  pc=3 op=21 RETURN operand=0 str=(null)
sim_hotkey: 'f1' -> osrs_key=1 at frame 46340
sim_hotkey: 'f2' -> osrs_key=2 at frame 46360
sim_hotkey: 'f3' -> osrs_key=3 at frame 46380
sim_hotkey: 'f4' -> osrs_key=4 at frame 46400
sim_hotkey: 'f5' -> osrs_key=5 at frame 46420
sim_hotkey: 'f6' -> osrs_key=6 at frame 46440
sim_hotkey: 'f7' -> osrs_key=7 at frame 46460
Dat2SpriteLoadByName: archive 'mapfunction' not found in sprites table
Dat2SpriteLoadByName: archive 'hitmark' not found in sprites table
CS2VM2: call depth 128 exhausted calling script 904 from script 904 (raise CS2VM_MAX_FRAMES)
Task_CS2Run: script 904 failed at opcode 40 pc 2 (invoked as script 903 for component 0xa10000)
  script 904: int_args=2 str_args=0 int_locals=2 str_locals=0 ops=4
  pc=0 op=33 PUSH_INT_LOCAL operand=0 str=(null)
  pc=1 op=33 PUSH_INT_LOCAL operand=1 str=(null)
  pc=2 op=40 GOSUB_WITH_PARAMS operand=904 str=(null)
  pc=3 op=21 RETURN operand=0 str=(null)
sim_hotkey: 'f8' -> osrs_key=8 at frame 46480
sim_hotkey: 'f9' -> osrs_key=9 at frame 46500
torirs_perf: window=92 frame_p95=5.33ms
sim_hotkey: 'f10' -> osrs_key=10 at frame 46520
sim_hotkey: 'f11' -> osrs_key=11 at frame 46540
sim_hotkey: 'f12' -> osrs_key=12 at frame 46560
sim_hotkey: 'escape' -> osrs_key=13 at frame 46580
sim_hotkey: 'escape' -> osrs_key=13 at frame 46600
sim_hotkey: 'f1' -> osrs_key=1 at frame 46620
sim_hotkey: 'f2' -> osrs_key=2 at frame 46640
sim_hotkey: 'f3' -> osrs_key=3 at frame 46660
Dat2SpriteLoadByName: archive 'mapfunction' not found in sprites table
Dat2SpriteLoadByName: archive 'hitmark' not found in sprites table
Task_CS2Run: script 7188 failed at opcode 34 pc 14 (invoked as script 7128 for component 0x28a0000)
  script 7188: int_args=0 str_args=0 int_locals=1 str_locals=1 ops=31
  pc=0 op=0 PUSH_CONSTANT_INT operand=-1 str=(null)
  pc=1 op=34 POP_INT_LOCAL operand=0 str=(null)
  pc=2 op=3 PUSH_CONSTANT_STRING operand=0 str=
  pc=3 op=36 POP_STRING_LOCAL operand=0 str=(null)
  pc=4 op=25 PUSH_VARBIT operand=14881 str=(null)
  pc=5 op=60 SWITCH operand=0 str=(null)
  pc=6 op=3 PUSH_CONSTANT_STRING operand=0 str=graphic_4911
  pc=7 op=3 PUSH_CONSTANT_STRING operand=0 str=Grand Exchange value
  pc=8 op=36 POP_STRING_LOCAL operand=0 str=(null)
  pc=9 op=34 POP_INT_LOCAL operand=0 str=(null)
  pc=10 op=6 BRANCH operand=10 str=(null)
  pc=11 op=3 PUSH_CONSTANT_STRING operand=0 str=graphic_4912
  pc=12 op=3 PUSH_CONSTANT_STRING operand=0 str=High Alchemy value
  pc=13 op=36 POP_STRING_LOCAL operand=0 str=(null)
  pc=14 op=34 POP_INT_LOCAL operand=0 str=(null)
  pc=15 op=6 BRANCH operand=5 str=(null)
  pc=16 op=3 PUSH_CONSTANT_STRING operand=0 str=graphic_4911
CS2VM2: call depth 128 exhausted calling script 904 from script 904 (raise CS2VM_MAX_FRAMES)
Task_CS2Run: script 904 failed at opcode 40 pc 2 (invoked as script 903 for component 0xa10000)
  script 904: int_args=2 str_args=0 int_locals=2 str_locals=0 ops=4
  pc=0 op=33 PUSH_INT_LOCAL operand=0 str=(null)
  pc=1 op=33 PUSH_INT_LOCAL operand=1 str=(null)
  pc=2 op=40 GOSUB_WITH_PARAMS operand=904 str=(null)
  pc=3 op=21 RETURN operand=0 str=(null)
sim_hotkey: 'f4' -> osrs_key=4 at frame 46680
sim_hotkey: 'f5' -> osrs_key=5 at frame 46700
sim_hotkey: 'f6' -> osrs_key=6 at frame 46720
sim_hotkey: 'f7' -> osrs_key=7 at frame 46740
sim_hotkey: 'f8' -> osrs_key=8 at frame 46760
sim_hotkey: 'f9' -> osrs_key=9 at frame 46780
sim_hotkey: 'f10' -> osrs_key=10 at frame 46800
sim_hotkey: 'f11' -> osrs_key=11 at frame 46820
sim_hotkey: 'f12' -> osrs_key=12 at frame 46840
Dat2SpriteLoadByName: archive 'mapfunction' not found in sprites table
Dat2SpriteLoadByName: archive 'hitmark' not found in sprites table
CS2VM2: call depth 128 exhausted calling script 904 from script 904 (raise CS2VM_MAX_FRAMES)
Task_CS2Run: script 904 failed at opcode 40 pc 2 (invoked as script 903 for component 0xa10000)
  script 904: int_args=2 str_args=0 int_locals=2 str_locals=0 ops=4
  pc=0 op=33 PUSH_INT_LOCAL operand=0 str=(null)
  pc=1 op=33 PUSH_INT_LOCAL operand=1 str=(null)
  pc=2 op=40 GOSUB_WITH_PARAMS operand=904 str=(null)
  pc=3 op=21 RETURN operand=0 str=(null)
sim_hotkey: 'escape' -> osrs_key=13 at frame 46860
sim_hotkey: 'escape' -> osrs_key=13 at frame 46880
sim_hotkey: 'f1' -> osrs_key=1 at frame 46900
sim_hotkey: 'f2' -> osrs_key=2 at frame 46920
sim_hotkey: 'f3' -> osrs_key=3 at frame 46940
sim_hotkey: 'f4' -> osrs_key=4 at frame 46960
sim_hotkey: 'f5' -> osrs_key=5 at frame 46980
sim_hotkey: 'f6' -> osrs_key=6 at frame 47000
torirs_iface_stats: tick=13750 groups=33
  group=161 opens=1 closes=0 bakes=1 reuse=0 live=106 hidden=14 hooks=22 hook_bytes=224400
  group=162 opens=1 closes=0 bakes=1 reuse=0 live=3222 hidden=2413 hooks=18 hook_bytes=183600
  group=651 opens=1 closes=0 bakes=1 reuse=0 live=7 hidden=0 hooks=0 hook_bytes=0
  group=708 opens=1 closes=0 bakes=1 reuse=0 live=13 hidden=1 hooks=4 hook_bytes=40800
  group=163 opens=1 closes=0 bakes=0 reuse=1 live=26 hidden=25 hooks=0 hook_bytes=0
  group=303 opens=1 closes=0 bakes=1 reuse=0 live=21 hidden=5 hooks=2 hook_bytes=20400
  group=90 opens=1 closes=0 bakes=1 reuse=0 live=60 hidden=13 hooks=13 hook_bytes=132600
  group=160 opens=1 closes=0 bakes=1 reuse=0 live=58 hidden=12 hooks=11 hook_bytes=112200
  group=122 opens=1 closes=0 bakes=1 reuse=0 live=33 hidden=15 hooks=9 hook_bytes=91800
  group=728 opens=1 closes=0 bakes=0 reuse=1 live=50 hidden=2 hooks=4 hook_bytes=40800
  group=896 opens=1 closes=0 bakes=0 reuse=1 live=903 hidden=902 hooks=0 hook_bytes=0
  group=593 opens=1 closes=0 bakes=1 reuse=0 live=117 hidden=7 hooks=6 hook_bytes=61200
  group=320 opens=1 closes=0 bakes=1 reuse=0 live=202 hidden=24 hooks=49 hook_bytes=499800
  group=629 opens=1 closes=0 bakes=1 reuse=0 live=46 hidden=5 hooks=3 hook_bytes=30600
  group=712 opens=1 closes=0 bakes=1 reuse=0 live=113 hidden=0 hooks=5 hook_bytes=51000
  group=149 opens=1 closes=0 bakes=0 reuse=1 live=29 hidden=0 hooks=28 hook_bytes=285600
  group=387 opens=1 closes=0 bakes=1 reuse=0 live=96 hidden=12 hooks=13 hook_bytes=132600
  group=541 opens=1 closes=0 bakes=1 reuse=0 live=124 hidden=33 hooks=30 hook_bytes=306000
  group=218 opens=1 closes=0 bakes=1 reuse=0 live=232 hidden=132 hooks=195 hook_bytes=1989000
  group=707 opens=1 closes=0 bakes=1 reuse=0 live=39 hidden=0 hooks=5 hook_bytes=51000
  group=109 opens=1 closes=0 bakes=1 reuse=0 live=96 hidden=13 hooks=10 hook_bytes=102000
  group=429 opens=1 closes=0 bakes=1 reuse=0 live=35 hidden=0 hooks=8 hook_bytes=81600
  group=182 opens=1 closes=0 bakes=1 reuse=0 live=94 hidden=3 hooks=10 hook_bytes=102000
  group=116 opens=1 closes=0 bakes=1 reuse=0 live=222 hidden=12 hooks=65 hook_bytes=663000
  group=216 opens=1 closes=0 bakes=1 reuse=0 live=124 hidden=0 hooks=61 hook_bytes=622200
  group=239 opens=1 closes=0 bakes=1 reuse=0 live=934 hidden=597 hooks=267 hook_bytes=2723400
  group=12 opens=46 closes=46 bakes=1 reuse=45 live=1787 hidden=73 hooks=1510 hook_bytes=15402000
  group=15 opens=46 closes=46 bakes=1 reuse=45 live=650 hidden=49 hooks=366 hook_bytes=3733200
  group=84 opens=46 closes=46 bakes=1 reuse=45 live=129 hidden=14 hooks=30 hook_bytes=306000
  group=729 opens=46 closes=46 bakes=0 reuse=46 live=36 hidden=1 hooks=6 hook_bytes=61200
  group=650 opens=46 closes=46 bakes=1 reuse=45 live=110 hidden=3 hooks=15 hook_bytes=153000
  group=894 opens=46 closes=45 bakes=1 reuse=45 live=413 hidden=4 hooks=117 hook_bytes=1193400
  group=32766 opens=0 closes=0 bakes=0 reuse=0 live=4 hidden=0 hooks=0 hook_bytes=0
torirs_stats: tick=13750 components=10131 live=10131 hidden=4384 freed=0 free_head=-1 inv_hooks=19 var_hooks=163 timers=28 timers_hidden=7 iface_parents=26
torirs_perf: window=93 frame_p95=4.65ms
sim_hotkey: 'f7' -> osrs_key=7 at frame 47020
sim_hotkey: 'f8' -> osrs_key=8 at frame 47040
sim_hotkey: 'f9' -> osrs_key=9 at frame 47060
sim_hotkey: 'f10' -> osrs_key=10 at frame 47080
sim_hotkey: 'f11' -> osrs_key=11 at frame 47100
sim_hotkey: 'f12' -> osrs_key=12 at frame 47120
sim_hotkey: 'escape' -> osrs_key=13 at frame 47140
sim_hotkey: 'escape' -> osrs_key=13 at frame 47160
sim_hotkey: 'f1' -> osrs_key=1 at frame 47180
sim_hotkey: 'f2' -> osrs_key=2 at frame 47200
Failed to load dat2 idk 307
Dat2SpriteLoadByName: archive 'mapfunction' not found in sprites table
Dat2SpriteLoadByName: archive 'hitmark' not found in sprites table
CS2VM2: call depth 128 exhausted calling script 904 from script 904 (raise CS2VM_MAX_FRAMES)
Task_CS2Run: script 904 failed at opcode 40 pc 2 (invoked as script 903 for component 0xa10000)
  script 904: int_args=2 str_args=0 int_locals=2 str_locals=0 ops=4
  pc=0 op=33 PUSH_INT_LOCAL operand=0 str=(null)
  pc=1 op=33 PUSH_INT_LOCAL operand=1 str=(null)
  pc=2 op=40 GOSUB_WITH_PARAMS operand=904 str=(null)
  pc=3 op=21 RETURN operand=0 str=(null)
Dat2SpriteLoadByName: archive 'mapfunction' not found in sprites table
Dat2SpriteLoadByName: archive 'hitmark' not found in sprites table
CS2VM2: call depth 128 exhausted calling script 904 from script 904 (raise CS2VM_MAX_FRAMES)
Task_CS2Run: script 904 failed at opcode 40 pc 2 (invoked as script 903 for component 0xa10000)
  script 904: int_args=2 str_args=0 int_locals=2 str_locals=0 ops=4
  pc=0 op=33 PUSH_INT_LOCAL operand=0 str=(null)
  pc=1 op=33 PUSH_INT_LOCAL operand=1 str=(null)
  pc=2 op=40 GOSUB_WITH_PARAMS operand=904 str=(null)
  pc=3 op=21 RETURN operand=0 str=(null)
sim_hotkey: 'f3' -> osrs_key=3 at frame 47220
sim_hotkey: 'f4' -> osrs_key=4 at frame 47240
sim_hotkey: 'f5' -> osrs_key=5 at frame 47260
sim_hotkey: 'f6' -> osrs_key=6 at frame 47280
sim_hotkey: 'f7' -> osrs_key=7 at frame 47300
sim_hotkey: 'f8' -> osrs_key=8 at frame 47320
sim_hotkey: 'f9' -> osrs_key=9 at frame 47340
Failed to load dat2 idk 307
Dat2SpriteLoadByName: archive 'mapfunction' not found in sprites table
Dat2SpriteLoadByName: archive 'hitmark' not found in sprites table
CS2VM2: call depth 128 exhausted calling script 904 from script 904 (raise CS2VM_MAX_FRAMES)
Task_CS2Run: script 904 failed at opcode 40 pc 2 (invoked as script 903 for component 0xa10000)
  script 904: int_args=2 str_args=0 int_locals=2 str_locals=0 ops=4
  pc=0 op=33 PUSH_INT_LOCAL operand=0 str=(null)
  pc=1 op=33 PUSH_INT_LOCAL operand=1 str=(null)
  pc=2 op=40 GOSUB_WITH_PARAMS operand=904 str=(null)
  pc=3 op=21 RETURN operand=0 str=(null)
sim_hotkey: 'f10' -> osrs_key=10 at frame 47360
sim_hotkey: 'f11' -> osrs_key=11 at frame 47380
sim_hotkey: 'f12' -> osrs_key=12 at frame 47400
sim_hotkey: 'escape' -> osrs_key=13 at frame 47420
sim_hotkey: 'escape' -> osrs_key=13 at frame 47440
CS2VM2: call depth 128 exhausted calling script 904 from script 904 (raise CS2VM_MAX_FRAMES)
Task_CS2Run: script 904 failed at opcode 40 pc 2 (invoked as script 903 for component 0xa10000)
  script 904: int_args=2 str_args=0 int_locals=2 str_locals=0 ops=4
  pc=0 op=33 PUSH_INT_LOCAL operand=0 str=(null)
  pc=1 op=33 PUSH_INT_LOCAL operand=1 str=(null)
  pc=2 op=40 GOSUB_WITH_PARAMS operand=904 str=(null)
  pc=3 op=21 RETURN operand=0 str=(null)
CS2VM2: call depth 128 exhausted calling script 904 from script 904 (raise CS2VM_MAX_FRAMES)
Task_CS2Run: script 904 failed at opcode 40 pc 2 (invoked as script 903 for component 0xa10000)
  script 904: int_args=2 str_args=0 int_locals=2 str_locals=0 ops=4
  pc=0 op=33 PUSH_INT_LOCAL operand=0 str=(null)
  pc=1 op=33 PUSH_INT_LOCAL operand=1 str=(null)
  pc=2 op=40 GOSUB_WITH_PARAMS operand=904 str=(null)
  pc=3 op=21 RETURN operand=0 str=(null)
CS2VM2: call depth 128 exhausted calling script 904 from script 904 (raise CS2VM_MAX_FRAMES)
Task_CS2Run: script 904 failed at opcode 40 pc 2 (invoked as script 903 for component 0xa10000)
  script 904: int_args=2 str_args=0 int_locals=2 str_locals=0 ops=4
  pc=0 op=33 PUSH_INT_LOCAL operand=0 str=(null)
  pc=1 op=33 PUSH_INT_LOCAL operand=1 str=(null)
  pc=2 op=40 GOSUB_WITH_PARAMS operand=904 str=(null)
  pc=3 op=21 RETURN operand=0 str=(null)
CS2VM2: call depth 128 exhausted calling script 904 from script 904 (raise CS2VM_MAX_FRAMES)
Task_CS2Run: script 904 failed at opcode 40 pc 2 (invoked as script 903 for component 0xa10000)
  script 904: int_args=2 str_args=0 int_locals=2 str_locals=0 ops=4
  pc=0 op=33 PUSH_INT_LOCAL operand=0 str=(null)
  pc=1 op=33 PUSH_INT_LOCAL operand=1 str=(null)
  pc=2 op=40 GOSUB_WITH_PARAMS operand=904 str=(null)
  pc=3 op=21 RETURN operand=0 str=(null)
sim_hotkey: 'f1' -> osrs_key=1 at frame 47460
Dat2SpriteLoadByName: archive 'mapfunction' not found in sprites table
Dat2SpriteLoadByName: archive 'hitmark' not found in sprites table
CS2VM2: call depth 128 exhausted calling script 904 from script 904 (raise CS2VM_MAX_FRAMES)
Task_CS2Run: script 904 failed at opcode 40 pc 2 (invoked as script 903 for component 0xa10000)
  script 904: int_args=2 str_args=0 int_locals=2 str_locals=0 ops=4
  pc=0 op=33 PUSH_INT_LOCAL operand=0 str=(null)
  pc=1 op=33 PUSH_INT_LOCAL operand=1 str=(null)
  pc=2 op=40 GOSUB_WITH_PARAMS operand=904 str=(null)
  pc=3 op=21 RETURN operand=0 str=(null)
sim_hotkey: 'f2' -> osrs_key=2 at frame 47480
sim_hotkey: 'f3' -> osrs_key=3 at frame 47500
torirs_perf: window=94 frame_p95=6.55ms
sim_hotkey: 'f4' -> osrs_key=4 at frame 47520
sim_hotkey: 'f5' -> osrs_key=5 at frame 47540
sim_hotkey: 'f6' -> osrs_key=6 at frame 47560
sim_hotkey: 'f7' -> osrs_key=7 at frame 47580
sim_hotkey: 'f8' -> osrs_key=8 at frame 47600
sim_hotkey: 'f9' -> osrs_key=9 at frame 47620
sim_hotkey: 'f10' -> osrs_key=10 at frame 47640
sim_hotkey: 'f11' -> osrs_key=11 at frame 47660
Dat2SpriteLoadByName: archive 'mapfunction' not found in sprites table
Dat2SpriteLoadByName: archive 'hitmark' not found in sprites table
Task_CS2Run: script 7188 failed at opcode 34 pc 14 (invoked as script 7128 for component 0x28a0000)
  script 7188: int_args=0 str_args=0 int_locals=1 str_locals=1 ops=31
  pc=0 op=0 PUSH_CONSTANT_INT operand=-1 str=(null)
  pc=1 op=34 POP_INT_LOCAL operand=0 str=(null)
  pc=2 op=3 PUSH_CONSTANT_STRING operand=0 str=
  pc=3 op=36 POP_STRING_LOCAL operand=0 str=(null)
  pc=4 op=25 PUSH_VARBIT operand=14881 str=(null)
  pc=5 op=60 SWITCH operand=0 str=(null)
  pc=6 op=3 PUSH_CONSTANT_STRING operand=0 str=graphic_4911
  pc=7 op=3 PUSH_CONSTANT_STRING operand=0 str=Grand Exchange value
  pc=8 op=36 POP_STRING_LOCAL operand=0 str=(null)
  pc=9 op=34 POP_INT_LOCAL operand=0 str=(null)
  pc=10 op=6 BRANCH operand=10 str=(null)
  pc=11 op=3 PUSH_CONSTANT_STRING operand=0 str=graphic_4912
  pc=12 op=3 PUSH_CONSTANT_STRING operand=0 str=High Alchemy value
  pc=13 op=36 POP_STRING_LOCAL operand=0 str=(null)
  pc=14 op=34 POP_INT_LOCAL operand=0 str=(null)
  pc=15 op=6 BRANCH operand=5 str=(null)
  pc=16 op=3 PUSH_CONSTANT_STRING operand=0 str=graphic_4911
CS2VM2: call depth 128 exhausted calling script 904 from script 904 (raise CS2VM_MAX_FRAMES)
Task_CS2Run: script 904 failed at opcode 40 pc 2 (invoked as script 903 for component 0xa10000)
  script 904: int_args=2 str_args=0 int_locals=2 str_locals=0 ops=4
  pc=0 op=33 PUSH_INT_LOCAL operand=0 str=(null)
  pc=1 op=33 PUSH_INT_LOCAL operand=1 str=(null)
  pc=2 op=40 GOSUB_WITH_PARAMS operand=904 str=(null)
  pc=3 op=21 RETURN operand=0 str=(null)
sim_hotkey: 'f12' -> osrs_key=12 at frame 47680
sim_hotkey: 'escape' -> osrs_key=13 at frame 47700
sim_hotkey: 'escape' -> osrs_key=13 at frame 47720
sim_hotkey: 'f1' -> osrs_key=1 at frame 47740
sim_hotkey: 'f2' -> osrs_key=2 at frame 47760
sim_hotkey: 'f3' -> osrs_key=3 at frame 47780
sim_hotkey: 'f4' -> osrs_key=4 at frame 47800
sim_hotkey: 'f5' -> osrs_key=5 at frame 47820
sim_hotkey: 'f6' -> osrs_key=6 at frame 47840
torirs_iface_stats: tick=14000 groups=33
  group=161 opens=1 closes=0 bakes=1 reuse=0 live=106 hidden=14 hooks=22 hook_bytes=224400
  group=162 opens=1 closes=0 bakes=1 reuse=0 live=3222 hidden=2413 hooks=18 hook_bytes=183600
  group=651 opens=1 closes=0 bakes=1 reuse=0 live=7 hidden=0 hooks=0 hook_bytes=0
  group=708 opens=1 closes=0 bakes=1 reuse=0 live=13 hidden=1 hooks=4 hook_bytes=40800
  group=163 opens=1 closes=0 bakes=0 reuse=1 live=26 hidden=25 hooks=0 hook_bytes=0
  group=303 opens=1 closes=0 bakes=1 reuse=0 live=21 hidden=5 hooks=2 hook_bytes=20400
  group=90 opens=1 closes=0 bakes=1 reuse=0 live=60 hidden=13 hooks=13 hook_bytes=132600
  group=160 opens=1 closes=0 bakes=1 reuse=0 live=58 hidden=12 hooks=11 hook_bytes=112200
  group=122 opens=1 closes=0 bakes=1 reuse=0 live=33 hidden=15 hooks=9 hook_bytes=91800
  group=728 opens=1 closes=0 bakes=0 reuse=1 live=50 hidden=2 hooks=4 hook_bytes=40800
  group=896 opens=1 closes=0 bakes=0 reuse=1 live=903 hidden=902 hooks=0 hook_bytes=0
  group=593 opens=1 closes=0 bakes=1 reuse=0 live=117 hidden=7 hooks=6 hook_bytes=61200
  group=320 opens=1 closes=0 bakes=1 reuse=0 live=202 hidden=24 hooks=49 hook_bytes=499800
  group=629 opens=1 closes=0 bakes=1 reuse=0 live=46 hidden=5 hooks=3 hook_bytes=30600
  group=712 opens=1 closes=0 bakes=1 reuse=0 live=113 hidden=0 hooks=5 hook_bytes=51000
  group=149 opens=1 closes=0 bakes=0 reuse=1 live=29 hidden=0 hooks=28 hook_bytes=285600
  group=387 opens=1 closes=0 bakes=1 reuse=0 live=96 hidden=12 hooks=13 hook_bytes=132600
  group=541 opens=1 closes=0 bakes=1 reuse=0 live=124 hidden=33 hooks=30 hook_bytes=306000
  group=218 opens=1 closes=0 bakes=1 reuse=0 live=232 hidden=132 hooks=195 hook_bytes=1989000
  group=707 opens=1 closes=0 bakes=1 reuse=0 live=39 hidden=0 hooks=5 hook_bytes=51000
  group=109 opens=1 closes=0 bakes=1 reuse=0 live=96 hidden=13 hooks=10 hook_bytes=102000
  group=429 opens=1 closes=0 bakes=1 reuse=0 live=35 hidden=0 hooks=8 hook_bytes=81600
  group=182 opens=1 closes=0 bakes=1 reuse=0 live=94 hidden=3 hooks=10 hook_bytes=102000
  group=116 opens=1 closes=0 bakes=1 reuse=0 live=222 hidden=12 hooks=65 hook_bytes=663000
  group=216 opens=1 closes=0 bakes=1 reuse=0 live=124 hidden=0 hooks=61 hook_bytes=622200
  group=239 opens=1 closes=0 bakes=1 reuse=0 live=934 hidden=597 hooks=267 hook_bytes=2723400
  group=12 opens=47 closes=47 bakes=1 reuse=46 live=1787 hidden=73 hooks=1510 hook_bytes=15402000
  group=15 opens=47 closes=47 bakes=1 reuse=46 live=650 hidden=49 hooks=366 hook_bytes=3733200
  group=84 opens=47 closes=47 bakes=1 reuse=46 live=129 hidden=14 hooks=30 hook_bytes=306000
  group=729 opens=47 closes=47 bakes=0 reuse=47 live=36 hidden=1 hooks=6 hook_bytes=61200
  group=650 opens=47 closes=46 bakes=1 reuse=46 live=110 hidden=2 hooks=15 hook_bytes=153000
  group=894 opens=46 closes=46 bakes=1 reuse=45 live=413 hidden=5 hooks=117 hook_bytes=1193400
  group=32766 opens=0 closes=0 bakes=0 reuse=0 live=4 hidden=0 hooks=0 hook_bytes=0
torirs_stats: tick=14000 components=10131 live=10131 hidden=4384 freed=0 free_head=-1 inv_hooks=19 var_hooks=164 timers=28 timers_hidden=7 iface_parents=26
Dat2SpriteLoadByName: archive 'mapfunction' not found in sprites table
Dat2SpriteLoadByName: archive 'hitmark' not found in sprites table
CS2VM2: call depth 128 exhausted calling script 904 from script 904 (raise CS2VM_MAX_FRAMES)
Task_CS2Run: script 904 failed at opcode 40 pc 2 (invoked as script 903 for component 0xa10000)
  script 904: int_args=2 str_args=0 int_locals=2 str_locals=0 ops=4
  pc=0 op=33 PUSH_INT_LOCAL operand=0 str=(null)
  pc=1 op=33 PUSH_INT_LOCAL operand=1 str=(null)
  pc=2 op=40 GOSUB_WITH_PARAMS operand=904 str=(null)
  pc=3 op=21 RETURN operand=0 str=(null)
sim_hotkey: 'f7' -> osrs_key=7 at frame 47860
sim_hotkey: 'f8' -> osrs_key=8 at frame 47880
sim_hotkey: 'f9' -> osrs_key=9 at frame 47900
sim_hotkey: 'f10' -> osrs_key=10 at frame 47920
sim_hotkey: 'f11' -> osrs_key=11 at frame 47940
sim_hotkey: 'f12' -> osrs_key=12 at frame 47960
sim_hotkey: 'escape' -> osrs_key=13 at frame 47980
sim_hotkey: 'escape' -> osrs_key=13 at frame 48000
torirs_perf: window=95 frame_p95=4.68ms
sim_hotkey: 'f1' -> osrs_key=1 at frame 48020
sim_hotkey: 'f2' -> osrs_key=2 at frame 48040
sim_hotkey: 'f3' -> osrs_key=3 at frame 48060
sim_hotkey: 'f4' -> osrs_key=4 at frame 48080
sim_hotkey: 'f5' -> osrs_key=5 at frame 48100
sim_hotkey: 'f6' -> osrs_key=6 at frame 48120
sim_hotkey: 'f7' -> osrs_key=7 at frame 48140
sim_hotkey: 'f8' -> osrs_key=8 at frame 48160
sim_hotkey: 'f9' -> osrs_key=9 at frame 48180
Failed to load dat2 idk 307
Dat2SpriteLoadByName: archive 'mapfunction' not found in sprites table
Dat2SpriteLoadByName: archive 'hitmark' not found in sprites table
CS2VM2: call depth 128 exhausted calling script 904 from script 904 (raise CS2VM_MAX_FRAMES)
Task_CS2Run: script 904 failed at opcode 40 pc 2 (invoked as script 903 for component 0xa10000)
  script 904: int_args=2 str_args=0 int_locals=2 str_locals=0 ops=4
  pc=0 op=33 PUSH_INT_LOCAL operand=0 str=(null)
  pc=1 op=33 PUSH_INT_LOCAL operand=1 str=(null)
  pc=2 op=40 GOSUB_WITH_PARAMS operand=904 str=(null)
  pc=3 op=21 RETURN operand=0 str=(null)
Dat2SpriteLoadByName: archive 'mapfunction' not found in sprites table
Dat2SpriteLoadByName: archive 'hitmark' not found in sprites table
CS2VM2: call depth 128 exhausted calling script 904 from script 904 (raise CS2VM_MAX_FRAMES)
Task_CS2Run: script 904 failed at opcode 40 pc 2 (invoked as script 903 for component 0xa10000)
  script 904: int_args=2 str_args=0 int_locals=2 str_locals=0 ops=4
  pc=0 op=33 PUSH_INT_LOCAL operand=0 str=(null)
  pc=1 op=33 PUSH_INT_LOCAL operand=1 str=(null)
  pc=2 op=40 GOSUB_WITH_PARAMS operand=904 str=(null)
  pc=3 op=21 RETURN operand=0 str=(null)
sim_hotkey: 'f10' -> osrs_key=10 at frame 48200
sim_hotkey: 'f11' -> osrs_key=11 at frame 48220
sim_hotkey: 'f12' -> osrs_key=12 at frame 48240
sim_hotkey: 'escape' -> osrs_key=13 at frame 48260
sim_hotkey: 'escape' -> osrs_key=13 at frame 48280
CS2VM2: call depth 128 exhausted calling script 904 from script 904 (raise CS2VM_MAX_FRAMES)
Task_CS2Run: script 904 failed at opcode 40 pc 2 (invoked as script 903 for component 0xa10000)
  script 904: int_args=2 str_args=0 int_locals=2 str_locals=0 ops=4
  pc=0 op=33 PUSH_INT_LOCAL operand=0 str=(null)
  pc=1 op=33 PUSH_INT_LOCAL operand=1 str=(null)
  pc=2 op=40 GOSUB_WITH_PARAMS operand=904 str=(null)
  pc=3 op=21 RETURN operand=0 str=(null)
CS2VM2: call depth 128 exhausted calling script 904 from script 904 (raise CS2VM_MAX_FRAMES)
Task_CS2Run: script 904 failed at opcode 40 pc 2 (invoked as script 903 for component 0xa10000)
  script 904: int_args=2 str_args=0 int_locals=2 str_locals=0 ops=4
  pc=0 op=33 PUSH_INT_LOCAL operand=0 str=(null)
  pc=1 op=33 PUSH_INT_LOCAL operand=1 str=(null)
  pc=2 op=40 GOSUB_WITH_PARAMS operand=904 str=(null)
  pc=3 op=21 RETURN operand=0 str=(null)
CS2VM2: call depth 128 exhausted calling script 904 from script 904 (raise CS2VM_MAX_FRAMES)
Task_CS2Run: script 904 failed at opcode 40 pc 2 (invoked as script 903 for component 0xa10000)
  script 904: int_args=2 str_args=0 int_locals=2 str_locals=0 ops=4
  pc=0 op=33 PUSH_INT_LOCAL operand=0 str=(null)
  pc=1 op=33 PUSH_INT_LOCAL operand=1 str=(null)
  pc=2 op=40 GOSUB_WITH_PARAMS operand=904 str=(null)
  pc=3 op=21 RETURN operand=0 str=(null)
CS2VM2: call depth 128 exhausted calling script 904 from script 904 (raise CS2VM_MAX_FRAMES)
Task_CS2Run: script 904 failed at opcode 40 pc 2 (invoked as script 903 for component 0xa10000)
  script 904: int_args=2 str_args=0 int_locals=2 str_locals=0 ops=4
  pc=0 op=33 PUSH_INT_LOCAL operand=0 str=(null)
  pc=1 op=33 PUSH_INT_LOCAL operand=1 str=(null)
  pc=2 op=40 GOSUB_WITH_PARAMS operand=904 str=(null)
  pc=3 op=21 RETURN operand=0 str=(null)
sim_hotkey: 'f1' -> osrs_key=1 at frame 48300
sim_hotkey: 'f2' -> osrs_key=2 at frame 48320
sim_hotkey: 'f3' -> osrs_key=3 at frame 48340
Failed to load dat2 idk 307
Dat2SpriteLoadByName: archive 'mapfunction' not found in sprites table
Dat2SpriteLoadByName: archive 'hitmark' not found in sprites table
CS2VM2: call depth 128 exhausted calling script 904 from script 904 (raise CS2VM_MAX_FRAMES)
Task_CS2Run: script 904 failed at opcode 40 pc 2 (invoked as script 903 for component 0xa10000)
  script 904: int_args=2 str_args=0 int_locals=2 str_locals=0 ops=4
  pc=0 op=33 PUSH_INT_LOCAL operand=0 str=(null)
  pc=1 op=33 PUSH_INT_LOCAL operand=1 str=(null)
  pc=2 op=40 GOSUB_WITH_PARAMS operand=904 str=(null)
  pc=3 op=21 RETURN operand=0 str=(null)
sim_hotkey: 'f4' -> osrs_key=4 at frame 48360
sim_hotkey: 'f5' -> osrs_key=5 at frame 48380
sim_hotkey: 'f6' -> osrs_key=6 at frame 48400
sim_hotkey: 'f7' -> osrs_key=7 at frame 48420
sim_hotkey: 'f8' -> osrs_key=8 at frame 48440
sim_hotkey: 'f9' -> osrs_key=9 at frame 48460
sim_hotkey: 'f10' -> osrs_key=10 at frame 48480
sim_hotkey: 'f11' -> osrs_key=11 at frame 48500
Dat2SpriteLoadByName: archive 'mapfunction' not found in sprites table
Dat2SpriteLoadByName: archive 'hitmark' not found in sprites table
CS2VM2: call depth 128 exhausted calling script 904 from script 904 (raise CS2VM_MAX_FRAMES)
Task_CS2Run: script 904 failed at opcode 40 pc 2 (invoked as script 903 for component 0xa10000)
  script 904: int_args=2 str_args=0 int_locals=2 str_locals=0 ops=4
  pc=0 op=33 PUSH_INT_LOCAL operand=0 str=(null)
  pc=1 op=33 PUSH_INT_LOCAL operand=1 str=(null)
  pc=2 op=40 GOSUB_WITH_PARAMS operand=904 str=(null)
  pc=3 op=21 RETURN operand=0 str=(null)
torirs_perf: window=96 frame_p95=5.82ms
sim_hotkey: 'f12' -> osrs_key=12 at frame 48520
sim_hotkey: 'escape' -> osrs_key=13 at frame 48540
sim_hotkey: 'escape' -> osrs_key=13 at frame 48560
CS2VM2: call depth 128 exhausted calling script 904 from script 904 (raise CS2VM_MAX_FRAMES)
Task_CS2Run: script 904 failed at opcode 40 pc 2 (invoked as script 903 for component 0xa10000)
  script 904: int_args=2 str_args=0 int_locals=2 str_locals=0 ops=4
  pc=0 op=33 PUSH_INT_LOCAL operand=0 str=(null)
  pc=1 op=33 PUSH_INT_LOCAL operand=1 str=(null)
  pc=2 op=40 GOSUB_WITH_PARAMS operand=904 str=(null)
  pc=3 op=21 RETURN operand=0 str=(null)
CS2VM2: call depth 128 exhausted calling script 904 from script 904 (raise CS2VM_MAX_FRAMES)
Task_CS2Run: script 904 failed at opcode 40 pc 2 (invoked as script 903 for component 0xa10000)
  script 904: int_args=2 str_args=0 int_locals=2 str_locals=0 ops=4
  pc=0 op=33 PUSH_INT_LOCAL operand=0 str=(null)
  pc=1 op=33 PUSH_INT_LOCAL operand=1 str=(null)
  pc=2 op=40 GOSUB_WITH_PARAMS operand=904 str=(null)
  pc=3 op=21 RETURN operand=0 str=(null)
sim_hotkey: 'f1' -> osrs_key=1 at frame 48580
sim_hotkey: 'f2' -> osrs_key=2 at frame 48600
sim_hotkey: 'f3' -> osrs_key=3 at frame 48620
sim_hotkey: 'f4' -> osrs_key=4 at frame 48640
sim_hotkey: 'f5' -> osrs_key=5 at frame 48660
sim_hotkey: 'f6' -> osrs_key=6 at frame 48680
torirs_iface_stats: tick=14250 groups=33
  group=161 opens=1 closes=0 bakes=1 reuse=0 live=106 hidden=14 hooks=22 hook_bytes=224400
  group=162 opens=1 closes=0 bakes=1 reuse=0 live=3222 hidden=2413 hooks=18 hook_bytes=183600
  group=651 opens=1 closes=0 bakes=1 reuse=0 live=7 hidden=0 hooks=0 hook_bytes=0
  group=708 opens=1 closes=0 bakes=1 reuse=0 live=13 hidden=1 hooks=4 hook_bytes=40800
  group=163 opens=1 closes=0 bakes=0 reuse=1 live=26 hidden=25 hooks=0 hook_bytes=0
  group=303 opens=1 closes=0 bakes=1 reuse=0 live=21 hidden=5 hooks=2 hook_bytes=20400
  group=90 opens=1 closes=0 bakes=1 reuse=0 live=60 hidden=13 hooks=13 hook_bytes=132600
  group=160 opens=1 closes=0 bakes=1 reuse=0 live=58 hidden=12 hooks=11 hook_bytes=112200
  group=122 opens=1 closes=0 bakes=1 reuse=0 live=33 hidden=15 hooks=9 hook_bytes=91800
  group=728 opens=1 closes=0 bakes=0 reuse=1 live=50 hidden=2 hooks=4 hook_bytes=40800
  group=896 opens=1 closes=0 bakes=0 reuse=1 live=903 hidden=902 hooks=0 hook_bytes=0
  group=593 opens=1 closes=0 bakes=1 reuse=0 live=117 hidden=7 hooks=6 hook_bytes=61200
  group=320 opens=1 closes=0 bakes=1 reuse=0 live=202 hidden=24 hooks=49 hook_bytes=499800
  group=629 opens=1 closes=0 bakes=1 reuse=0 live=46 hidden=5 hooks=3 hook_bytes=30600
  group=712 opens=1 closes=0 bakes=1 reuse=0 live=113 hidden=0 hooks=5 hook_bytes=51000
  group=149 opens=1 closes=0 bakes=0 reuse=1 live=29 hidden=0 hooks=28 hook_bytes=285600
  group=387 opens=1 closes=0 bakes=1 reuse=0 live=96 hidden=12 hooks=13 hook_bytes=132600
  group=541 opens=1 closes=0 bakes=1 reuse=0 live=124 hidden=33 hooks=30 hook_bytes=306000
  group=218 opens=1 closes=0 bakes=1 reuse=0 live=232 hidden=132 hooks=195 hook_bytes=1989000
  group=707 opens=1 closes=0 bakes=1 reuse=0 live=39 hidden=0 hooks=5 hook_bytes=51000
  group=109 opens=1 closes=0 bakes=1 reuse=0 live=96 hidden=13 hooks=10 hook_bytes=102000
  group=429 opens=1 closes=0 bakes=1 reuse=0 live=35 hidden=0 hooks=8 hook_bytes=81600
  group=182 opens=1 closes=0 bakes=1 reuse=0 live=94 hidden=3 hooks=10 hook_bytes=102000
  group=116 opens=1 closes=0 bakes=1 reuse=0 live=222 hidden=12 hooks=65 hook_bytes=663000
  group=216 opens=1 closes=0 bakes=1 reuse=0 live=124 hidden=0 hooks=61 hook_bytes=622200
  group=239 opens=1 closes=0 bakes=1 reuse=0 live=934 hidden=597 hooks=267 hook_bytes=2723400
  group=12 opens=48 closes=48 bakes=1 reuse=47 live=1787 hidden=73 hooks=1510 hook_bytes=15402000
  group=15 opens=48 closes=48 bakes=1 reuse=47 live=650 hidden=49 hooks=366 hook_bytes=3733200
  group=84 opens=48 closes=48 bakes=1 reuse=47 live=129 hidden=14 hooks=30 hook_bytes=306000
  group=729 opens=48 closes=47 bakes=0 reuse=48 live=36 hidden=0 hooks=6 hook_bytes=61200
  group=650 opens=47 closes=47 bakes=1 reuse=46 live=110 hidden=3 hooks=15 hook_bytes=153000
  group=894 opens=47 closes=47 bakes=1 reuse=46 live=413 hidden=5 hooks=117 hook_bytes=1193400
  group=32766 opens=0 closes=0 bakes=0 reuse=0 live=4 hidden=0 hooks=0 hook_bytes=0
torirs_stats: tick=14250 components=10131 live=10131 hidden=4384 freed=0 free_head=-1 inv_hooks=19 var_hooks=163 timers=28 timers_hidden=7 iface_parents=26
Dat2SpriteLoadByName: archive 'mapfunction' not found in sprites table
Dat2SpriteLoadByName: archive 'hitmark' not found in sprites table
Task_CS2Run: script 7188 failed at opcode 34 pc 14 (invoked as script 7128 for component 0x28a0000)
  script 7188: int_args=0 str_args=0 int_locals=1 str_locals=1 ops=31
  pc=0 op=0 PUSH_CONSTANT_INT operand=-1 str=(null)
  pc=1 op=34 POP_INT_LOCAL operand=0 str=(null)
  pc=2 op=3 PUSH_CONSTANT_STRING operand=0 str=
  pc=3 op=36 POP_STRING_LOCAL operand=0 str=(null)
  pc=4 op=25 PUSH_VARBIT operand=14881 str=(null)
  pc=5 op=60 SWITCH operand=0 str=(null)
  pc=6 op=3 PUSH_CONSTANT_STRING operand=0 str=graphic_4911
  pc=7 op=3 PUSH_CONSTANT_STRING operand=0 str=Grand Exchange value
  pc=8 op=36 POP_STRING_LOCAL operand=0 str=(null)
  pc=9 op=34 POP_INT_LOCAL operand=0 str=(null)
  pc=10 op=6 BRANCH operand=10 str=(null)
  pc=11 op=3 PUSH_CONSTANT_STRING operand=0 str=graphic_4912
  pc=12 op=3 PUSH_CONSTANT_STRING operand=0 str=High Alchemy value
  pc=13 op=36 POP_STRING_LOCAL operand=0 str=(null)
  pc=14 op=34 POP_INT_LOCAL operand=0 str=(null)
  pc=15 op=6 BRANCH operand=5 str=(null)
  pc=16 op=3 PUSH_CONSTANT_STRING operand=0 str=graphic_4911
CS2VM2: call depth 128 exhausted calling script 904 from script 904 (raise CS2VM_MAX_FRAMES)
Task_CS2Run: script 904 failed at opcode 40 pc 2 (invoked as script 903 for component 0xa10000)
  script 904: int_args=2 str_args=0 int_locals=2 str_locals=0 ops=4
  pc=0 op=33 PUSH_INT_LOCAL operand=0 str=(null)
  pc=1 op=33 PUSH_INT_LOCAL operand=1 str=(null)
  pc=2 op=40 GOSUB_WITH_PARAMS operand=904 str=(null)
  pc=3 op=21 RETURN operand=0 str=(null)
sim_hotkey: 'f7' -> osrs_key=7 at frame 48700
sim_hotkey: 'f8' -> osrs_key=8 at frame 48720
sim_hotkey: 'f9' -> osrs_key=9 at frame 48740
sim_hotkey: 'f10' -> osrs_key=10 at frame 48760
sim_hotkey: 'f11' -> osrs_key=11 at frame 48780
sim_hotkey: 'f12' -> osrs_key=12 at frame 48800
sim_hotkey: 'escape' -> osrs_key=13 at frame 48820
sim_hotkey: 'escape' -> osrs_key=13 at frame 48840
sim_hotkey: 'f1' -> osrs_key=1 at frame 48860
Dat2SpriteLoadByName: archive 'mapfunction' not found in sprites table
Dat2SpriteLoadByName: archive 'hitmark' not found in sprites table
CS2VM2: call depth 128 exhausted calling script 904 from script 904 (raise CS2VM_MAX_FRAMES)
Task_CS2Run: script 904 failed at opcode 40 pc 2 (invoked as script 903 for component 0xa10000)
  script 904: int_args=2 str_args=0 int_locals=2 str_locals=0 ops=4
  pc=0 op=33 PUSH_INT_LOCAL operand=0 str=(null)
  pc=1 op=33 PUSH_INT_LOCAL operand=1 str=(null)
  pc=2 op=40 GOSUB_WITH_PARAMS operand=904 str=(null)
  pc=3 op=21 RETURN operand=0 str=(null)
sim_hotkey: 'f2' -> osrs_key=2 at frame 48880
sim_hotkey: 'f3' -> osrs_key=3 at frame 48900
sim_hotkey: 'f4' -> osrs_key=4 at frame 48920
sim_hotkey: 'f5' -> osrs_key=5 at frame 48940
sim_hotkey: 'f6' -> osrs_key=6 at frame 48960
sim_hotkey: 'f7' -> osrs_key=7 at frame 48980
sim_hotkey: 'f8' -> osrs_key=8 at frame 49000
torirs_perf: window=97 frame_p95=6.38ms
spawn_npc: npc=2854 element=59772 tile=90,84 level=0 size=1 recolors=1 retextures=0
sim_hotkey: 'f9' -> osrs_key=9 at frame 49020
sim_hotkey: 'f10' -> osrs_key=10 at frame 49040
sim_hotkey: 'f11' -> osrs_key=11 at frame 49060
sim_hotkey: 'f12' -> osrs_key=12 at frame 49080
sim_hotkey: 'escape' -> osrs_key=13 at frame 49100
sim_hotkey: 'escape' -> osrs_key=13 at frame 49120
sim_hotkey: 'f1' -> osrs_key=1 at frame 49140
sim_hotkey: 'f2' -> osrs_key=2 at frame 49160
sim_hotkey: 'f3' -> osrs_key=3 at frame 49180
Failed to load dat2 idk 307
Dat2SpriteLoadByName: archive 'mapfunction' not found in sprites table
Dat2SpriteLoadByName: archive 'hitmark' not found in sprites table
CS2VM2: call depth 128 exhausted calling script 904 from script 904 (raise CS2VM_MAX_FRAMES)
Task_CS2Run: script 904 failed at opcode 40 pc 2 (invoked as script 903 for component 0xa10000)
  script 904: int_args=2 str_args=0 int_locals=2 str_locals=0 ops=4
  pc=0 op=33 PUSH_INT_LOCAL operand=0 str=(null)
  pc=1 op=33 PUSH_INT_LOCAL operand=1 str=(null)
  pc=2 op=40 GOSUB_WITH_PARAMS operand=904 str=(null)
  pc=3 op=21 RETURN operand=0 str=(null)
Dat2SpriteLoadByName: archive 'mapfunction' not found in sprites table
Dat2SpriteLoadByName: archive 'hitmark' not found in sprites table
CS2VM2: call depth 128 exhausted calling script 904 from script 904 (raise CS2VM_MAX_FRAMES)
Task_CS2Run: script 904 failed at opcode 40 pc 2 (invoked as script 903 for component 0xa10000)
  script 904: int_args=2 str_args=0 int_locals=2 str_locals=0 ops=4
  pc=0 op=33 PUSH_INT_LOCAL operand=0 str=(null)
  pc=1 op=33 PUSH_INT_LOCAL operand=1 str=(null)
  pc=2 op=40 GOSUB_WITH_PARAMS operand=904 str=(null)
  pc=3 op=21 RETURN operand=0 str=(null)
sim_hotkey: 'f4' -> osrs_key=4 at frame 49200
sim_hotkey: 'f5' -> osrs_key=5 at frame 49220
sim_hotkey: 'f6' -> osrs_key=6 at frame 49240
sim_hotkey: 'f7' -> osrs_key=7 at frame 49260
sim_hotkey: 'f8' -> osrs_key=8 at frame 49280
sim_hotkey: 'f9' -> osrs_key=9 at frame 49300
sim_hotkey: 'f10' -> osrs_key=10 at frame 49320
Failed to load dat2 idk 307
Dat2SpriteLoadByName: archive 'mapfunction' not found in sprites table
Dat2SpriteLoadByName: archive 'hitmark' not found in sprites table
CS2VM2: call depth 128 exhausted calling script 904 from script 904 (raise CS2VM_MAX_FRAMES)
Task_CS2Run: script 904 failed at opcode 40 pc 2 (invoked as script 903 for component 0xa10000)
  script 904: int_args=2 str_args=0 int_locals=2 str_locals=0 ops=4
  pc=0 op=33 PUSH_INT_LOCAL operand=0 str=(null)
  pc=1 op=33 PUSH_INT_LOCAL operand=1 str=(null)
  pc=2 op=40 GOSUB_WITH_PARAMS operand=904 str=(null)
  pc=3 op=21 RETURN operand=0 str=(null)
sim_hotkey: 'f11' -> osrs_key=11 at frame 49340
sim_hotkey: 'f12' -> osrs_key=12 at frame 49360
sim_hotkey: 'escape' -> osrs_key=13 at frame 49380
sim_hotkey: 'escape' -> osrs_key=13 at frame 49400
CS2VM2: call depth 128 exhausted calling script 904 from script 904 (raise CS2VM_MAX_FRAMES)
Task_CS2Run: script 904 failed at opcode 40 pc 2 (invoked as script 903 for component 0xa10000)
  script 904: int_args=2 str_args=0 int_locals=2 str_locals=0 ops=4
  pc=0 op=33 PUSH_INT_LOCAL operand=0 str=(null)
  pc=1 op=33 PUSH_INT_LOCAL operand=1 str=(null)
  pc=2 op=40 GOSUB_WITH_PARAMS operand=904 str=(null)
  pc=3 op=21 RETURN operand=0 str=(null)
CS2VM2: call depth 128 exhausted calling script 904 from script 904 (raise CS2VM_MAX_FRAMES)
Task_CS2Run: script 904 failed at opcode 40 pc 2 (invoked as script 903 for component 0xa10000)
  script 904: int_args=2 str_args=0 int_locals=2 str_locals=0 ops=4
  pc=0 op=33 PUSH_INT_LOCAL operand=0 str=(null)
  pc=1 op=33 PUSH_INT_LOCAL operand=1 str=(null)
  pc=2 op=40 GOSUB_WITH_PARAMS operand=904 str=(null)
  pc=3 op=21 RETURN operand=0 str=(null)
CS2VM2: call depth 128 exhausted calling script 904 from script 904 (raise CS2VM_MAX_FRAMES)
Task_CS2Run: script 904 failed at opcode 40 pc 2 (invoked as script 903 for component 0xa10000)
  script 904: int_args=2 str_args=0 int_locals=2 str_locals=0 ops=4
  pc=0 op=33 PUSH_INT_LOCAL operand=0 str=(null)
  pc=1 op=33 PUSH_INT_LOCAL operand=1 str=(null)
  pc=2 op=40 GOSUB_WITH_PARAMS operand=904 str=(null)
  pc=3 op=21 RETURN operand=0 str=(null)
CS2VM2: call depth 128 exhausted calling script 904 from script 904 (raise CS2VM_MAX_FRAMES)
Task_CS2Run: script 904 failed at opcode 40 pc 2 (invoked as script 903 for component 0xa10000)
  script 904: int_args=2 str_args=0 int_locals=2 str_locals=0 ops=4
  pc=0 op=33 PUSH_INT_LOCAL operand=0 str=(null)
  pc=1 op=33 PUSH_INT_LOCAL operand=1 str=(null)
  pc=2 op=40 GOSUB_WITH_PARAMS operand=904 str=(null)
  pc=3 op=21 RETURN operand=0 str=(null)
spawn_npc: npc=3111 element=59753 tile=90,84 level=0 size=1 recolors=3 retextures=0
sim_hotkey: 'f1' -> osrs_key=1 at frame 49420
sim_hotkey: 'f2' -> osrs_key=2 at frame 49440
sim_hotkey: 'f3' -> osrs_key=3 at frame 49460
sim_hotkey: 'f4' -> osrs_key=4 at frame 49480
sim_hotkey: 'f5' -> osrs_key=5 at frame 49500
torirs_iface_stats: tick=14500 groups=33
  group=161 opens=1 closes=0 bakes=1 reuse=0 live=106 hidden=14 hooks=22 hook_bytes=224400
  group=162 opens=1 closes=0 bakes=1 reuse=0 live=3222 hidden=2413 hooks=18 hook_bytes=183600
  group=651 opens=1 closes=0 bakes=1 reuse=0 live=7 hidden=0 hooks=0 hook_bytes=0
  group=708 opens=1 closes=0 bakes=1 reuse=0 live=13 hidden=1 hooks=4 hook_bytes=40800
  group=163 opens=1 closes=0 bakes=0 reuse=1 live=26 hidden=25 hooks=0 hook_bytes=0
  group=303 opens=1 closes=0 bakes=1 reuse=0 live=21 hidden=5 hooks=2 hook_bytes=20400
  group=90 opens=1 closes=0 bakes=1 reuse=0 live=60 hidden=13 hooks=13 hook_bytes=132600
  group=160 opens=1 closes=0 bakes=1 reuse=0 live=58 hidden=12 hooks=11 hook_bytes=112200
  group=122 opens=1 closes=0 bakes=1 reuse=0 live=33 hidden=15 hooks=9 hook_bytes=91800
  group=728 opens=1 closes=0 bakes=0 reuse=1 live=50 hidden=2 hooks=4 hook_bytes=40800
  group=896 opens=1 closes=0 bakes=0 reuse=1 live=903 hidden=902 hooks=0 hook_bytes=0
  group=593 opens=1 closes=0 bakes=1 reuse=0 live=117 hidden=7 hooks=6 hook_bytes=61200
  group=320 opens=1 closes=0 bakes=1 reuse=0 live=202 hidden=24 hooks=49 hook_bytes=499800
  group=629 opens=1 closes=0 bakes=1 reuse=0 live=46 hidden=5 hooks=3 hook_bytes=30600
  group=712 opens=1 closes=0 bakes=1 reuse=0 live=113 hidden=0 hooks=5 hook_bytes=51000
  group=149 opens=1 closes=0 bakes=0 reuse=1 live=29 hidden=0 hooks=28 hook_bytes=285600
  group=387 opens=1 closes=0 bakes=1 reuse=0 live=96 hidden=12 hooks=13 hook_bytes=132600
  group=541 opens=1 closes=0 bakes=1 reuse=0 live=124 hidden=33 hooks=30 hook_bytes=306000
  group=218 opens=1 closes=0 bakes=1 reuse=0 live=232 hidden=132 hooks=195 hook_bytes=1989000
  group=707 opens=1 closes=0 bakes=1 reuse=0 live=39 hidden=0 hooks=5 hook_bytes=51000
  group=109 opens=1 closes=0 bakes=1 reuse=0 live=96 hidden=13 hooks=10 hook_bytes=102000
  group=429 opens=1 closes=0 bakes=1 reuse=0 live=35 hidden=0 hooks=8 hook_bytes=81600
  group=182 opens=1 closes=0 bakes=1 reuse=0 live=94 hidden=3 hooks=10 hook_bytes=102000
  group=116 opens=1 closes=0 bakes=1 reuse=0 live=222 hidden=12 hooks=65 hook_bytes=663000
  group=216 opens=1 closes=0 bakes=1 reuse=0 live=124 hidden=0 hooks=61 hook_bytes=622200
  group=239 opens=1 closes=0 bakes=1 reuse=0 live=934 hidden=597 hooks=267 hook_bytes=2723400
  group=12 opens=49 closes=49 bakes=1 reuse=48 live=1787 hidden=73 hooks=1510 hook_bytes=15402000
  group=15 opens=49 closes=49 bakes=1 reuse=48 live=650 hidden=49 hooks=366 hook_bytes=3733200
  group=84 opens=49 closes=49 bakes=1 reuse=48 live=129 hidden=14 hooks=30 hook_bytes=306000
  group=729 opens=48 closes=48 bakes=0 reuse=48 live=36 hidden=1 hooks=6 hook_bytes=61200
  group=650 opens=48 closes=48 bakes=1 reuse=47 live=110 hidden=3 hooks=15 hook_bytes=153000
  group=894 opens=48 closes=47 bakes=1 reuse=47 live=413 hidden=4 hooks=117 hook_bytes=1193400
  group=32766 opens=0 closes=0 bakes=0 reuse=0 live=4 hidden=0 hooks=0 hook_bytes=0
torirs_stats: tick=14500 components=10131 live=10131 hidden=4384 freed=0 free_head=-1 inv_hooks=19 var_hooks=163 timers=28 timers_hidden=7 iface_parents=26
Dat2SpriteLoadByName: archive 'mapfunction' not found in sprites table
Dat2SpriteLoadByName: archive 'hitmark' not found in sprites table
CS2VM2: call depth 128 exhausted calling script 904 from script 904 (raise CS2VM_MAX_FRAMES)
Task_CS2Run: script 904 failed at opcode 40 pc 2 (invoked as script 903 for component 0xa10000)
  script 904: int_args=2 str_args=0 int_locals=2 str_locals=0 ops=4
  pc=0 op=33 PUSH_INT_LOCAL operand=0 str=(null)
  pc=1 op=33 PUSH_INT_LOCAL operand=1 str=(null)
  pc=2 op=40 GOSUB_WITH_PARAMS operand=904 str=(null)
  pc=3 op=21 RETURN operand=0 str=(null)
torirs_perf: window=98 frame_p95=5.37ms
sim_hotkey: 'f6' -> osrs_key=6 at frame 49520
sim_hotkey: 'f7' -> osrs_key=7 at frame 49540
sim_hotkey: 'f8' -> osrs_key=8 at frame 49560
sim_hotkey: 'f9' -> osrs_key=9 at frame 49580
sim_hotkey: 'f10' -> osrs_key=10 at frame 49600
sim_hotkey: 'f11' -> osrs_key=11 at frame 49620
sim_hotkey: 'f12' -> osrs_key=12 at frame 49640
sim_hotkey: 'escape' -> osrs_key=13 at frame 49660
sim_hotkey: 'escape' -> osrs_key=13 at frame 49680
Dat2SpriteLoadByName: archive 'mapfunction' not found in sprites table
Dat2SpriteLoadByName: archive 'hitmark' not found in sprites table
Task_CS2Run: script 7188 failed at opcode 34 pc 14 (invoked as script 7128 for component 0x28a0000)
  script 7188: int_args=0 str_args=0 int_locals=1 str_locals=1 ops=31
  pc=0 op=0 PUSH_CONSTANT_INT operand=-1 str=(null)
  pc=1 op=34 POP_INT_LOCAL operand=0 str=(null)
  pc=2 op=3 PUSH_CONSTANT_STRING operand=0 str=
  pc=3 op=36 POP_STRING_LOCAL operand=0 str=(null)
  pc=4 op=25 PUSH_VARBIT operand=14881 str=(null)
  pc=5 op=60 SWITCH operand=0 str=(null)
  pc=6 op=3 PUSH_CONSTANT_STRING operand=0 str=graphic_4911
  pc=7 op=3 PUSH_CONSTANT_STRING operand=0 str=Grand Exchange value
  pc=8 op=36 POP_STRING_LOCAL operand=0 str=(null)
  pc=9 op=34 POP_INT_LOCAL operand=0 str=(null)
  pc=10 op=6 BRANCH operand=10 str=(null)
  pc=11 op=3 PUSH_CONSTANT_STRING operand=0 str=graphic_4912
  pc=12 op=3 PUSH_CONSTANT_STRING operand=0 str=High Alchemy value
  pc=13 op=36 POP_STRING_LOCAL operand=0 str=(null)
  pc=14 op=34 POP_INT_LOCAL operand=0 str=(null)
  pc=15 op=6 BRANCH operand=5 str=(null)
  pc=16 op=3 PUSH_CONSTANT_STRING operand=0 str=graphic_4911
CS2VM2: call depth 128 exhausted calling script 904 from script 904 (raise CS2VM_MAX_FRAMES)
Task_CS2Run: script 904 failed at opcode 40 pc 2 (invoked as script 903 for component 0xa10000)
  script 904: int_args=2 str_args=0 int_locals=2 str_locals=0 ops=4
  pc=0 op=33 PUSH_INT_LOCAL operand=0 str=(null)
  pc=1 op=33 PUSH_INT_LOCAL operand=1 str=(null)
  pc=2 op=40 GOSUB_WITH_PARAMS operand=904 str=(null)
  pc=3 op=21 RETURN operand=0 str=(null)
sim_hotkey: 'f1' -> osrs_key=1 at frame 49700
sim_hotkey: 'f2' -> osrs_key=2 at frame 49720
spawn_npc: npc=2854 element=59755 tile=90,84 level=0 size=1 recolors=1 retextures=0
sim_hotkey: 'f3' -> osrs_key=3 at frame 49740
sim_hotkey: 'f4' -> osrs_key=4 at frame 49760
sim_hotkey: 'f5' -> osrs_key=5 at frame 49780
sim_hotkey: 'f6' -> osrs_key=6 at frame 49800
sim_hotkey: 'f7' -> osrs_key=7 at frame 49820
sim_hotkey: 'f8' -> osrs_key=8 at frame 49840
sim_hotkey: 'f9' -> osrs_key=9 at frame 49860
sim_hotkey: 'f10' -> osrs_key=10 at frame 49880
Dat2SpriteLoadByName: archive 'mapfunction' not found in sprites table
Dat2SpriteLoadByName: archive 'hitmark' not found in sprites table
CS2VM2: call depth 128 exhausted calling script 904 from script 904 (raise CS2VM_MAX_FRAMES)
Task_CS2Run: script 904 failed at opcode 40 pc 2 (invoked as script 903 for component 0xa10000)
  script 904: int_args=2 str_args=0 int_locals=2 str_locals=0 ops=4
  pc=0 op=33 PUSH_INT_LOCAL operand=0 str=(null)
  pc=1 op=33 PUSH_INT_LOCAL operand=1 str=(null)
  pc=2 op=40 GOSUB_WITH_PARAMS operand=904 str=(null)
  pc=3 op=21 RETURN operand=0 str=(null)
sim_hotkey: 'f11' -> osrs_key=11 at frame 49900
sim_hotkey: 'f12' -> osrs_key=12 at frame 49920
sim_hotkey: 'escape' -> osrs_key=13 at frame 49940
sim_hotkey: 'escape' -> osrs_key=13 at frame 49960
sim_hotkey: 'f1' -> osrs_key=1 at frame 49980
sim_hotkey: 'f2' -> osrs_key=2 at frame 50000
torirs_perf: window=99 frame_p95=4.61ms
sim_hotkey: 'f3' -> osrs_key=3 at frame 50020
sim_hotkey: 'f4' -> osrs_key=4 at frame 50040
sim_hotkey: 'f5' -> osrs_key=5 at frame 50060
sim_hotkey: 'f6' -> osrs_key=6 at frame 50080
sim_hotkey: 'f7' -> osrs_key=7 at frame 50100
sim_hotkey: 'f8' -> osrs_key=8 at frame 50120
sim_hotkey: 'f9' -> osrs_key=9 at frame 50140
sim_hotkey: 'f10' -> osrs_key=10 at frame 50160
sim_hotkey: 'f11' -> osrs_key=11 at frame 50180
sim_hotkey: 'f12' -> osrs_key=12 at frame 50200
sim_hotkey: 'escape' -> osrs_key=13 at frame 50220
Failed to load dat2 idk 307
Dat2SpriteLoadByName: archive 'mapfunction' not found in sprites table
Dat2SpriteLoadByName: archive 'hitmark' not found in sprites table
CS2VM2: call depth 128 exhausted calling script 904 from script 904 (raise CS2VM_MAX_FRAMES)
Task_CS2Run: script 904 failed at opcode 40 pc 2 (invoked as script 903 for component 0xa10000)
  script 904: int_args=2 str_args=0 int_locals=2 str_locals=0 ops=4
  pc=0 op=33 PUSH_INT_LOCAL operand=0 str=(null)
  pc=1 op=33 PUSH_INT_LOCAL operand=1 str=(null)
  pc=2 op=40 GOSUB_WITH_PARAMS operand=904 str=(null)
  pc=3 op=21 RETURN operand=0 str=(null)
Dat2SpriteLoadByName: archive 'mapfunction' not found in sprites table
Dat2SpriteLoadByName: archive 'hitmark' not found in sprites table
CS2VM2: call depth 128 exhausted calling script 904 from script 904 (raise CS2VM_MAX_FRAMES)
Task_CS2Run: script 904 failed at opcode 40 pc 2 (invoked as script 903 for component 0xa10000)
  script 904: int_args=2 str_args=0 int_locals=2 str_locals=0 ops=4
  pc=0 op=33 PUSH_INT_LOCAL operand=0 str=(null)
  pc=1 op=33 PUSH_INT_LOCAL operand=1 str=(null)
  pc=2 op=40 GOSUB_WITH_PARAMS operand=904 str=(null)
  pc=3 op=21 RETURN operand=0 str=(null)
CS2VM2: call depth 128 exhausted calling script 904 from script 904 (raise CS2VM_MAX_FRAMES)
Task_CS2Run: script 904 failed at opcode 40 pc 2 (invoked as script 903 for component 0xa10000)
  script 904: int_args=2 str_args=0 int_locals=2 str_locals=0 ops=4
  pc=0 op=33 PUSH_INT_LOCAL operand=0 str=(null)
  pc=1 op=33 PUSH_INT_LOCAL operand=1 str=(null)
  pc=2 op=40 GOSUB_WITH_PARAMS operand=904 str=(null)
  pc=3 op=21 RETURN operand=0 str=(null)
CS2VM2: call depth 128 exhausted calling script 904 from script 904 (raise CS2VM_MAX_FRAMES)
Task_CS2Run: script 904 failed at opcode 40 pc 2 (invoked as script 903 for component 0xa10000)
  script 904: int_args=2 str_args=0 int_locals=2 str_locals=0 ops=4
  pc=0 op=33 PUSH_INT_LOCAL operand=0 str=(null)
  pc=1 op=33 PUSH_INT_LOCAL operand=1 str=(null)
  pc=2 op=40 GOSUB_WITH_PARAMS operand=904 str=(null)
  pc=3 op=21 RETURN operand=0 str=(null)
sim_hotkey: 'escape' -> osrs_key=13 at frame 50240
CS2VM2: call depth 128 exhausted calling script 904 from script 904 (raise CS2VM_MAX_FRAMES)
Task_CS2Run: script 904 failed at opcode 40 pc 2 (invoked as script 903 for component 0xa10000)
  script 904: int_args=2 str_args=0 int_locals=2 str_locals=0 ops=4
  pc=0 op=33 PUSH_INT_LOCAL operand=0 str=(null)
  pc=1 op=33 PUSH_INT_LOCAL operand=1 str=(null)
  pc=2 op=40 GOSUB_WITH_PARAMS operand=904 str=(null)
  pc=3 op=21 RETURN operand=0 str=(null)
CS2VM2: call depth 128 exhausted calling script 904 from script 904 (raise CS2VM_MAX_FRAMES)
Task_CS2Run: script 904 failed at opcode 40 pc 2 (invoked as script 903 for component 0xa10000)
  script 904: int_args=2 str_args=0 int_locals=2 str_locals=0 ops=4
  pc=0 op=33 PUSH_INT_LOCAL operand=0 str=(null)
  pc=1 op=33 PUSH_INT_LOCAL operand=1 str=(null)
  pc=2 op=40 GOSUB_WITH_PARAMS operand=904 str=(null)
  pc=3 op=21 RETURN operand=0 str=(null)
sim_hotkey: 'f1' -> osrs_key=1 at frame 50260
sim_hotkey: 'f2' -> osrs_key=2 at frame 50280
sim_hotkey: 'f3' -> osrs_key=3 at frame 50300
sim_hotkey: 'f4' -> osrs_key=4 at frame 50320
sim_hotkey: 'f5' -> osrs_key=5 at frame 50340
sim_hotkey: 'f6' -> osrs_key=6 at frame 50360
sim_hotkey: 'f7' -> osrs_key=7 at frame 50380
torirs_iface_stats: tick=14750 groups=33
  group=161 opens=1 closes=0 bakes=1 reuse=0 live=106 hidden=14 hooks=22 hook_bytes=224400
  group=162 opens=1 closes=0 bakes=1 reuse=0 live=3222 hidden=2413 hooks=18 hook_bytes=183600
  group=651 opens=1 closes=0 bakes=1 reuse=0 live=7 hidden=0 hooks=0 hook_bytes=0
  group=708 opens=1 closes=0 bakes=1 reuse=0 live=13 hidden=1 hooks=4 hook_bytes=40800
  group=163 opens=1 closes=0 bakes=0 reuse=1 live=26 hidden=25 hooks=0 hook_bytes=0
  group=303 opens=1 closes=0 bakes=1 reuse=0 live=21 hidden=5 hooks=2 hook_bytes=20400
  group=90 opens=1 closes=0 bakes=1 reuse=0 live=60 hidden=13 hooks=13 hook_bytes=132600
  group=160 opens=1 closes=0 bakes=1 reuse=0 live=58 hidden=12 hooks=11 hook_bytes=112200
  group=122 opens=1 closes=0 bakes=1 reuse=0 live=33 hidden=15 hooks=9 hook_bytes=91800
  group=728 opens=1 closes=0 bakes=0 reuse=1 live=50 hidden=2 hooks=4 hook_bytes=40800
  group=896 opens=1 closes=0 bakes=0 reuse=1 live=903 hidden=902 hooks=0 hook_bytes=0
  group=593 opens=1 closes=0 bakes=1 reuse=0 live=117 hidden=7 hooks=6 hook_bytes=61200
  group=320 opens=1 closes=0 bakes=1 reuse=0 live=202 hidden=24 hooks=49 hook_bytes=499800
  group=629 opens=1 closes=0 bakes=1 reuse=0 live=46 hidden=5 hooks=3 hook_bytes=30600
  group=712 opens=1 closes=0 bakes=1 reuse=0 live=113 hidden=0 hooks=5 hook_bytes=51000
  group=149 opens=1 closes=0 bakes=0 reuse=1 live=29 hidden=0 hooks=28 hook_bytes=285600
  group=387 opens=1 closes=0 bakes=1 reuse=0 live=96 hidden=12 hooks=13 hook_bytes=132600
  group=541 opens=1 closes=0 bakes=1 reuse=0 live=124 hidden=33 hooks=30 hook_bytes=306000
  group=218 opens=1 closes=0 bakes=1 reuse=0 live=232 hidden=132 hooks=195 hook_bytes=1989000
  group=707 opens=1 closes=0 bakes=1 reuse=0 live=39 hidden=0 hooks=5 hook_bytes=51000
  group=109 opens=1 closes=0 bakes=1 reuse=0 live=96 hidden=13 hooks=10 hook_bytes=102000
  group=429 opens=1 closes=0 bakes=1 reuse=0 live=35 hidden=0 hooks=8 hook_bytes=81600
  group=182 opens=1 closes=0 bakes=1 reuse=0 live=94 hidden=3 hooks=10 hook_bytes=102000
  group=116 opens=1 closes=0 bakes=1 reuse=0 live=222 hidden=12 hooks=65 hook_bytes=663000
  group=216 opens=1 closes=0 bakes=1 reuse=0 live=124 hidden=0 hooks=61 hook_bytes=622200
  group=239 opens=1 closes=0 bakes=1 reuse=0 live=934 hidden=597 hooks=267 hook_bytes=2723400
  group=12 opens=50 closes=50 bakes=1 reuse=49 live=1787 hidden=73 hooks=1510 hook_bytes=15402000
  group=15 opens=50 closes=50 bakes=1 reuse=49 live=650 hidden=49 hooks=366 hook_bytes=3733200
  group=84 opens=49 closes=49 bakes=1 reuse=48 live=129 hidden=14 hooks=30 hook_bytes=306000
  group=729 opens=49 closes=49 bakes=0 reuse=49 live=36 hidden=1 hooks=6 hook_bytes=61200
  group=650 opens=49 closes=49 bakes=1 reuse=48 live=110 hidden=3 hooks=15 hook_bytes=153000
  group=894 opens=49 closes=48 bakes=1 reuse=48 live=413 hidden=4 hooks=117 hook_bytes=1193400
  group=32766 opens=0 closes=0 bakes=0 reuse=0 live=4 hidden=0 hooks=0 hook_bytes=0
torirs_stats: tick=14750 components=10131 live=10131 hidden=4384 freed=0 free_head=-1 inv_hooks=19 var_hooks=163 timers=28 timers_hidden=7 iface_parents=26
sim_hotkey: 'f8' -> osrs_key=8 at frame 50400
Failed to load dat2 idk 307
Dat2SpriteLoadByName: archive 'mapfunction' not found in sprites table
Dat2SpriteLoadByName: archive 'hitmark' not found in sprites table
CS2VM2: call depth 128 exhausted calling script 904 from script 904 (raise CS2VM_MAX_FRAMES)
Task_CS2Run: script 904 failed at opcode 40 pc 2 (invoked as script 903 for component 0xa10000)
  script 904: int_args=2 str_args=0 int_locals=2 str_locals=0 ops=4
  pc=0 op=33 PUSH_INT_LOCAL operand=0 str=(null)
  pc=1 op=33 PUSH_INT_LOCAL operand=1 str=(null)
  pc=2 op=40 GOSUB_WITH_PARAMS operand=904 str=(null)
  pc=3 op=21 RETURN operand=0 str=(null)
sim_hotkey: 'f9' -> osrs_key=9 at frame 50420
sim_hotkey: 'f10' -> osrs_key=10 at frame 50440
sim_hotkey: 'f11' -> osrs_key=11 at frame 50460
sim_hotkey: 'f12' -> osrs_key=12 at frame 50480
sim_hotkey: 'escape' -> osrs_key=13 at frame 50500
torirs_perf: window=100 frame_p95=5.12ms
sim_hotkey: 'escape' -> osrs_key=13 at frame 50520
CS2VM2: call depth 128 exhausted calling script 904 from script 904 (raise CS2VM_MAX_FRAMES)
Task_CS2Run: script 904 failed at opcode 40 pc 2 (invoked as script 903 for component 0xa10000)
  script 904: int_args=2 str_args=0 int_locals=2 str_locals=0 ops=4
  pc=0 op=33 PUSH_INT_LOCAL operand=0 str=(null)
  pc=1 op=33 PUSH_INT_LOCAL operand=1 str=(null)
  pc=2 op=40 GOSUB_WITH_PARAMS operand=904 str=(null)
  pc=3 op=21 RETURN operand=0 str=(null)
CS2VM2: call depth 128 exhausted calling script 904 from script 904 (raise CS2VM_MAX_FRAMES)
Task_CS2Run: script 904 failed at opcode 40 pc 2 (invoked as script 903 for component 0xa10000)
  script 904: int_args=2 str_args=0 int_locals=2 str_locals=0 ops=4
  pc=0 op=33 PUSH_INT_LOCAL operand=0 str=(null)
  pc=1 op=33 PUSH_INT_LOCAL operand=1 str=(null)
  pc=2 op=40 GOSUB_WITH_PARAMS operand=904 str=(null)
  pc=3 op=21 RETURN operand=0 str=(null)
sim_hotkey: 'f1' -> osrs_key=1 at frame 50540
sim_hotkey: 'f2' -> osrs_key=2 at frame 50560
Dat2SpriteLoadByName: archive 'mapfunction' not found in sprites table
Dat2SpriteLoadByName: archive 'hitmark' not found in sprites table
CS2VM2: call depth 128 exhausted calling script 904 from script 904 (raise CS2VM_MAX_FRAMES)
Task_CS2Run: script 904 failed at opcode 40 pc 2 (invoked as script 903 for component 0xa10000)
  script 904: int_args=2 str_args=0 int_locals=2 str_locals=0 ops=4
  pc=0 op=33 PUSH_INT_LOCAL operand=0 str=(null)
  pc=1 op=33 PUSH_INT_LOCAL operand=1 str=(null)
  pc=2 op=40 GOSUB_WITH_PARAMS operand=904 str=(null)
  pc=3 op=21 RETURN operand=0 str=(null)
sim_hotkey: 'f3' -> osrs_key=3 at frame 50580
sim_hotkey: 'f4' -> osrs_key=4 at frame 50600
sim_hotkey: 'f5' -> osrs_key=5 at frame 50620
sim_hotkey: 'f6' -> osrs_key=6 at frame 50640
sim_hotkey: 'f7' -> osrs_key=7 at frame 50660
sim_hotkey: 'f8' -> osrs_key=8 at frame 50680
sim_hotkey: 'f9' -> osrs_key=9 at frame 50700
sim_hotkey: 'f10' -> osrs_key=10 at frame 50720
sim_hotkey: 'f11' -> osrs_key=11 at frame 50740
Dat2SpriteLoadByName: archive 'mapfunction' not found in sprites table
Dat2SpriteLoadByName: archive 'hitmark' not found in sprites table
Task_CS2Run: script 7188 failed at opcode 34 pc 14 (invoked as script 7128 for component 0x28a0000)
  script 7188: int_args=0 str_args=0 int_locals=1 str_locals=1 ops=31
  pc=0 op=0 PUSH_CONSTANT_INT operand=-1 str=(null)
  pc=1 op=34 POP_INT_LOCAL operand=0 str=(null)
  pc=2 op=3 PUSH_CONSTANT_STRING operand=0 str=
  pc=3 op=36 POP_STRING_LOCAL operand=0 str=(null)
  pc=4 op=25 PUSH_VARBIT operand=14881 str=(null)
  pc=5 op=60 SWITCH operand=0 str=(null)
  pc=6 op=3 PUSH_CONSTANT_STRING operand=0 str=graphic_4911
  pc=7 op=3 PUSH_CONSTANT_STRING operand=0 str=Grand Exchange value
  pc=8 op=36 POP_STRING_LOCAL operand=0 str=(null)
  pc=9 op=34 POP_INT_LOCAL operand=0 str=(null)
  pc=10 op=6 BRANCH operand=10 str=(null)
  pc=11 op=3 PUSH_CONSTANT_STRING operand=0 str=graphic_4912
  pc=12 op=3 PUSH_CONSTANT_STRING operand=0 str=High Alchemy value
  pc=13 op=36 POP_STRING_LOCAL operand=0 str=(null)
  pc=14 op=34 POP_INT_LOCAL operand=0 str=(null)
  pc=15 op=6 BRANCH operand=5 str=(null)
  pc=16 op=3 PUSH_CONSTANT_STRING operand=0 str=graphic_4911
CS2VM2: call depth 128 exhausted calling script 904 from script 904 (raise CS2VM_MAX_FRAMES)
Task_CS2Run: script 904 failed at opcode 40 pc 2 (invoked as script 903 for component 0xa10000)
  script 904: int_args=2 str_args=0 int_locals=2 str_locals=0 ops=4
  pc=0 op=33 PUSH_INT_LOCAL operand=0 str=(null)
  pc=1 op=33 PUSH_INT_LOCAL operand=1 str=(null)
  pc=2 op=40 GOSUB_WITH_PARAMS operand=904 str=(null)
  pc=3 op=21 RETURN operand=0 str=(null)
sim_hotkey: 'f12' -> osrs_key=12 at frame 50760
sim_hotkey: 'escape' -> osrs_key=13 at frame 50780
sim_hotkey: 'escape' -> osrs_key=13 at frame 50800
sim_hotkey: 'f1' -> osrs_key=1 at frame 50820
sim_hotkey: 'f2' -> osrs_key=2 at frame 50840
sim_hotkey: 'f3' -> osrs_key=3 at frame 50860
sim_hotkey: 'f4' -> osrs_key=4 at frame 50880
sim_hotkey: 'f5' -> osrs_key=5 at frame 50900
sim_hotkey: 'f6' -> osrs_key=6 at frame 50920
sim_hotkey: 'f7' -> osrs_key=7 at frame 50940
Dat2SpriteLoadByName: archive 'mapfunction' not found in sprites table
Dat2SpriteLoadByName: archive 'hitmark' not found in sprites table
CS2VM2: call depth 128 exhausted calling script 904 from script 904 (raise CS2VM_MAX_FRAMES)
Task_CS2Run: script 904 failed at opcode 40 pc 2 (invoked as script 903 for component 0xa10000)
  script 904: int_args=2 str_args=0 int_locals=2 str_locals=0 ops=4
  pc=0 op=33 PUSH_INT_LOCAL operand=0 str=(null)
  pc=1 op=33 PUSH_INT_LOCAL operand=1 str=(null)
  pc=2 op=40 GOSUB_WITH_PARAMS operand=904 str=(null)
  pc=3 op=21 RETURN operand=0 str=(null)
sim_hotkey: 'f8' -> osrs_key=8 at frame 50960
sim_hotkey: 'f9' -> osrs_key=9 at frame 50980
sim_hotkey: 'f10' -> osrs_key=10 at frame 51000
spawn_npc: npc=2854 element=59753 tile=90,84 level=0 size=1 recolors=1 retextures=0
torirs_perf: window=101 frame_p95=4.63ms
sim_hotkey: 'f11' -> osrs_key=11 at frame 51020
sim_hotkey: 'f12' -> osrs_key=12 at frame 51040
sim_hotkey: 'escape' -> osrs_key=13 at frame 51060
sim_hotkey: 'escape' -> osrs_key=13 at frame 51080
sim_hotkey: 'f1' -> osrs_key=1 at frame 51100
sim_hotkey: 'f2' -> osrs_key=2 at frame 51120
sim_hotkey: 'f3' -> osrs_key=3 at frame 51140
sim_hotkey: 'f4' -> osrs_key=4 at frame 51160
sim_hotkey: 'f5' -> osrs_key=5 at frame 51180
sim_hotkey: 'f6' -> osrs_key=6 at frame 51200
sim_hotkey: 'f7' -> osrs_key=7 at frame 51220
sim_hotkey: 'f8' -> osrs_key=8 at frame 51240
sim_hotkey: 'f9' -> osrs_key=9 at frame 51260
sim_hotkey: 'f10' -> osrs_key=10 at frame 51280
torirs_iface_stats: tick=15000 groups=33
  group=161 opens=1 closes=0 bakes=1 reuse=0 live=106 hidden=14 hooks=22 hook_bytes=224400
  group=162 opens=1 closes=0 bakes=1 reuse=0 live=3222 hidden=2413 hooks=18 hook_bytes=183600
  group=651 opens=1 closes=0 bakes=1 reuse=0 live=7 hidden=0 hooks=0 hook_bytes=0
  group=708 opens=1 closes=0 bakes=1 reuse=0 live=13 hidden=1 hooks=4 hook_bytes=40800
  group=163 opens=1 closes=0 bakes=0 reuse=1 live=26 hidden=25 hooks=0 hook_bytes=0
  group=303 opens=1 closes=0 bakes=1 reuse=0 live=21 hidden=5 hooks=2 hook_bytes=20400
  group=90 opens=1 closes=0 bakes=1 reuse=0 live=60 hidden=13 hooks=13 hook_bytes=132600
  group=160 opens=1 closes=0 bakes=1 reuse=0 live=58 hidden=12 hooks=11 hook_bytes=112200
  group=122 opens=1 closes=0 bakes=1 reuse=0 live=33 hidden=15 hooks=9 hook_bytes=91800
  group=728 opens=1 closes=0 bakes=0 reuse=1 live=50 hidden=2 hooks=4 hook_bytes=40800
  group=896 opens=1 closes=0 bakes=0 reuse=1 live=903 hidden=902 hooks=0 hook_bytes=0
  group=593 opens=1 closes=0 bakes=1 reuse=0 live=117 hidden=7 hooks=6 hook_bytes=61200
  group=320 opens=1 closes=0 bakes=1 reuse=0 live=202 hidden=24 hooks=49 hook_bytes=499800
  group=629 opens=1 closes=0 bakes=1 reuse=0 live=46 hidden=5 hooks=3 hook_bytes=30600
  group=712 opens=1 closes=0 bakes=1 reuse=0 live=113 hidden=0 hooks=5 hook_bytes=51000
  group=149 opens=1 closes=0 bakes=0 reuse=1 live=29 hidden=0 hooks=28 hook_bytes=285600
  group=387 opens=1 closes=0 bakes=1 reuse=0 live=96 hidden=12 hooks=13 hook_bytes=132600
  group=541 opens=1 closes=0 bakes=1 reuse=0 live=124 hidden=33 hooks=30 hook_bytes=306000
  group=218 opens=1 closes=0 bakes=1 reuse=0 live=232 hidden=132 hooks=195 hook_bytes=1989000
  group=707 opens=1 closes=0 bakes=1 reuse=0 live=39 hidden=0 hooks=5 hook_bytes=51000
  group=109 opens=1 closes=0 bakes=1 reuse=0 live=96 hidden=13 hooks=10 hook_bytes=102000
  group=429 opens=1 closes=0 bakes=1 reuse=0 live=35 hidden=0 hooks=8 hook_bytes=81600
  group=182 opens=1 closes=0 bakes=1 reuse=0 live=94 hidden=3 hooks=10 hook_bytes=102000
  group=116 opens=1 closes=0 bakes=1 reuse=0 live=222 hidden=12 hooks=65 hook_bytes=663000
  group=216 opens=1 closes=0 bakes=1 reuse=0 live=124 hidden=0 hooks=61 hook_bytes=622200
  group=239 opens=1 closes=0 bakes=1 reuse=0 live=934 hidden=597 hooks=267 hook_bytes=2723400
  group=12 opens=50 closes=50 bakes=1 reuse=49 live=1787 hidden=73 hooks=1510 hook_bytes=15402000
  group=15 opens=50 closes=50 bakes=1 reuse=49 live=650 hidden=49 hooks=366 hook_bytes=3733200
  group=84 opens=50 closes=50 bakes=1 reuse=49 live=129 hidden=14 hooks=30 hook_bytes=306000
  group=729 opens=50 closes=50 bakes=0 reuse=50 live=36 hidden=1 hooks=6 hook_bytes=61200
  group=650 opens=50 closes=50 bakes=1 reuse=49 live=110 hidden=3 hooks=15 hook_bytes=153000
  group=894 opens=50 closes=49 bakes=1 reuse=49 live=413 hidden=4 hooks=117 hook_bytes=1193400
  group=32766 opens=0 closes=0 bakes=0 reuse=0 live=4 hidden=0 hooks=0 hook_bytes=0
torirs_stats: tick=15000 components=10131 live=10131 hidden=4384 freed=0 free_head=-1 inv_hooks=19 var_hooks=163 timers=28 timers_hidden=7 iface_parents=26
sim_hotkey: 'f11' -> osrs_key=11 at frame 51300
Failed to load dat2 idk 307
Dat2SpriteLoadByName: archive 'mapfunction' not found in sprites table
Dat2SpriteLoadByName: archive 'hitmark' not found in sprites table
CS2VM2: call depth 128 exhausted calling script 904 from script 904 (raise CS2VM_MAX_FRAMES)
Task_CS2Run: script 904 failed at opcode 40 pc 2 (invoked as script 903 for component 0xa10000)
  script 904: int_args=2 str_args=0 int_locals=2 str_locals=0 ops=4
  pc=0 op=33 PUSH_INT_LOCAL operand=0 str=(null)
  pc=1 op=33 PUSH_INT_LOCAL operand=1 str=(null)
  pc=2 op=40 GOSUB_WITH_PARAMS operand=904 str=(null)
  pc=3 op=21 RETURN operand=0 str=(null)
Dat2SpriteLoadByName: archive 'mapfunction' not found in sprites table
Dat2SpriteLoadByName: archive 'hitmark' not found in sprites table
CS2VM2: call depth 128 exhausted calling script 904 from script 904 (raise CS2VM_MAX_FRAMES)
Task_CS2Run: script 904 failed at opcode 40 pc 2 (invoked as script 903 for component 0xa10000)
  script 904: int_args=2 str_args=0 int_locals=2 str_locals=0 ops=4
  pc=0 op=33 PUSH_INT_LOCAL operand=0 str=(null)
  pc=1 op=33 PUSH_INT_LOCAL operand=1 str=(null)
  pc=2 op=40 GOSUB_WITH_PARAMS operand=904 str=(null)
  pc=3 op=21 RETURN operand=0 str=(null)
sim_hotkey: 'f12' -> osrs_key=12 at frame 51320
sim_hotkey: 'escape' -> osrs_key=13 at frame 51340
sim_hotkey: 'escape' -> osrs_key=13 at frame 51360
CS2VM2: call depth 128 exhausted calling script 904 from script 904 (raise CS2VM_MAX_FRAMES)
Task_CS2Run: script 904 failed at opcode 40 pc 2 (invoked as script 903 for component 0xa10000)
  script 904: int_args=2 str_args=0 int_locals=2 str_locals=0 ops=4
  pc=0 op=33 PUSH_INT_LOCAL operand=0 str=(null)
  pc=1 op=33 PUSH_INT_LOCAL operand=1 str=(null)
  pc=2 op=40 GOSUB_WITH_PARAMS operand=904 str=(null)
  pc=3 op=21 RETURN operand=0 str=(null)
CS2VM2: call depth 128 exhausted calling script 904 from script 904 (raise CS2VM_MAX_FRAMES)
Task_CS2Run: script 904 failed at opcode 40 pc 2 (invoked as script 903 for component 0xa10000)
  script 904: int_args=2 str_args=0 int_locals=2 str_locals=0 ops=4
  pc=0 op=33 PUSH_INT_LOCAL operand=0 str=(null)
  pc=1 op=33 PUSH_INT_LOCAL operand=1 str=(null)
  pc=2 op=40 GOSUB_WITH_PARAMS operand=904 str=(null)
  pc=3 op=21 RETURN operand=0 str=(null)
CS2VM2: call depth 128 exhausted calling script 904 from script 904 (raise CS2VM_MAX_FRAMES)
Task_CS2Run: script 904 failed at opcode 40 pc 2 (invoked as script 903 for component 0xa10000)
  script 904: int_args=2 str_args=0 int_locals=2 str_locals=0 ops=4
  pc=0 op=33 PUSH_INT_LOCAL operand=0 str=(null)
  pc=1 op=33 PUSH_INT_LOCAL operand=1 str=(null)
  pc=2 op=40 GOSUB_WITH_PARAMS operand=904 str=(null)
  pc=3 op=21 RETURN operand=0 str=(null)
CS2VM2: call depth 128 exhausted calling script 904 from script 904 (raise CS2VM_MAX_FRAMES)
Task_CS2Run: script 904 failed at opcode 40 pc 2 (invoked as script 903 for component 0xa10000)
  script 904: int_args=2 str_args=0 int_locals=2 str_locals=0 ops=4
  pc=0 op=33 PUSH_INT_LOCAL operand=0 str=(null)
  pc=1 op=33 PUSH_INT_LOCAL operand=1 str=(null)
  pc=2 op=40 GOSUB_WITH_PARAMS operand=904 str=(null)
  pc=3 op=21 RETURN operand=0 str=(null)
sim_hotkey: 'f1' -> osrs_key=1 at frame 51380
sim_hotkey: 'f2' -> osrs_key=2 at frame 51400
sim_hotkey: 'f3' -> osrs_key=3 at frame 51420
sim_hotkey: 'f4' -> osrs_key=4 at frame 51440
Failed to load dat2 idk 307
Dat2SpriteLoadByName: archive 'mapfunction' not found in sprites table
Dat2SpriteLoadByName: archive 'hitmark' not found in sprites table
CS2VM2: call depth 128 exhausted calling script 904 from script 904 (raise CS2VM_MAX_FRAMES)
Task_CS2Run: script 904 failed at opcode 40 pc 2 (invoked as script 903 for component 0xa10000)
  script 904: int_args=2 str_args=0 int_locals=2 str_locals=0 ops=4
  pc=0 op=33 PUSH_INT_LOCAL operand=0 str=(null)
  pc=1 op=33 PUSH_INT_LOCAL operand=1 str=(null)
  pc=2 op=40 GOSUB_WITH_PARAMS operand=904 str=(null)
  pc=3 op=21 RETURN operand=0 str=(null)
sim_hotkey: 'f5' -> osrs_key=5 at frame 51460
sim_hotkey: 'f6' -> osrs_key=6 at frame 51480
sim_hotkey: 'f7' -> osrs_key=7 at frame 51500
torirs_perf: window=102 frame_p95=5.24ms
spawn_npc: npc=3105 element=59770 tile=90,84 level=0 size=1 recolors=6 retextures=0
sim_hotkey: 'f8' -> osrs_key=8 at frame 51520
sim_hotkey: 'f9' -> osrs_key=9 at frame 51540
sim_hotkey: 'f10' -> osrs_key=10 at frame 51560
sim_hotkey: 'f11' -> osrs_key=11 at frame 51580
sim_hotkey: 'f12' -> osrs_key=12 at frame 51600
Dat2SpriteLoadByName: archive 'mapfunction' not found in sprites table
Dat2SpriteLoadByName: archive 'hitmark' not found in sprites table
CS2VM2: call depth 128 exhausted calling script 904 from script 904 (raise CS2VM_MAX_FRAMES)
Task_CS2Run: script 904 failed at opcode 40 pc 2 (invoked as script 903 for component 0xa10000)
  script 904: int_args=2 str_args=0 int_locals=2 str_locals=0 ops=4
  pc=0 op=33 PUSH_INT_LOCAL operand=0 str=(null)
  pc=1 op=33 PUSH_INT_LOCAL operand=1 str=(null)
  pc=2 op=40 GOSUB_WITH_PARAMS operand=904 str=(null)
  pc=3 op=21 RETURN operand=0 str=(null)
sim_hotkey: 'escape' -> osrs_key=13 at frame 51620
sim_hotkey: 'escape' -> osrs_key=13 at frame 51640
CS2VM2: call depth 128 exhausted calling script 904 from script 904 (raise CS2VM_MAX_FRAMES)
Task_CS2Run: script 904 failed at opcode 40 pc 2 (invoked as script 903 for component 0xa10000)
  script 904: int_args=2 str_args=0 int_locals=2 str_locals=0 ops=4
  pc=0 op=33 PUSH_INT_LOCAL operand=0 str=(null)
  pc=1 op=33 PUSH_INT_LOCAL operand=1 str=(null)
  pc=2 op=40 GOSUB_WITH_PARAMS operand=904 str=(null)
  pc=3 op=21 RETURN operand=0 str=(null)
CS2VM2: call depth 128 exhausted calling script 904 from script 904 (raise CS2VM_MAX_FRAMES)
Task_CS2Run: script 904 failed at opcode 40 pc 2 (invoked as script 903 for component 0xa10000)
  script 904: int_args=2 str_args=0 int_locals=2 str_locals=0 ops=4
  pc=0 op=33 PUSH_INT_LOCAL operand=0 str=(null)
  pc=1 op=33 PUSH_INT_LOCAL operand=1 str=(null)
  pc=2 op=40 GOSUB_WITH_PARAMS operand=904 str=(null)
  pc=3 op=21 RETURN operand=0 str=(null)
sim_hotkey: 'f1' -> osrs_key=1 at frame 51660
sim_hotkey: 'f2' -> osrs_key=2 at frame 51680
sim_hotkey: 'f3' -> osrs_key=3 at frame 51700
sim_hotkey: 'f4' -> osrs_key=4 at frame 51720
sim_hotkey: 'f5' -> osrs_key=5 at frame 51740
sim_hotkey: 'f6' -> osrs_key=6 at frame 51760
Dat2SpriteLoadByName: archive 'mapfunction' not found in sprites table
Dat2SpriteLoadByName: archive 'hitmark' not found in sprites table
Task_CS2Run: script 7188 failed at opcode 34 pc 14 (invoked as script 7128 for component 0x28a0000)
  script 7188: int_args=0 str_args=0 int_locals=1 str_locals=1 ops=31
  pc=0 op=0 PUSH_CONSTANT_INT operand=-1 str=(null)
  pc=1 op=34 POP_INT_LOCAL operand=0 str=(null)
  pc=2 op=3 PUSH_CONSTANT_STRING operand=0 str=
  pc=3 op=36 POP_STRING_LOCAL operand=0 str=(null)
  pc=4 op=25 PUSH_VARBIT operand=14881 str=(null)
  pc=5 op=60 SWITCH operand=0 str=(null)
  pc=6 op=3 PUSH_CONSTANT_STRING operand=0 str=graphic_4911
  pc=7 op=3 PUSH_CONSTANT_STRING operand=0 str=Grand Exchange value
  pc=8 op=36 POP_STRING_LOCAL operand=0 str=(null)
  pc=9 op=34 POP_INT_LOCAL operand=0 str=(null)
  pc=10 op=6 BRANCH operand=10 str=(null)
  pc=11 op=3 PUSH_CONSTANT_STRING operand=0 str=graphic_4912
  pc=12 op=3 PUSH_CONSTANT_STRING operand=0 str=High Alchemy value
  pc=13 op=36 POP_STRING_LOCAL operand=0 str=(null)
  pc=14 op=34 POP_INT_LOCAL operand=0 str=(null)
  pc=15 op=6 BRANCH operand=5 str=(null)
  pc=16 op=3 PUSH_CONSTANT_STRING operand=0 str=graphic_4911
CS2VM2: call depth 128 exhausted calling script 904 from script 904 (raise CS2VM_MAX_FRAMES)
Task_CS2Run: script 904 failed at opcode 40 pc 2 (invoked as script 903 for component 0xa10000)
  script 904: int_args=2 str_args=0 int_locals=2 str_locals=0 ops=4
  pc=0 op=33 PUSH_INT_LOCAL operand=0 str=(null)
  pc=1 op=33 PUSH_INT_LOCAL operand=1 str=(null)
  pc=2 op=40 GOSUB_WITH_PARAMS operand=904 str=(null)
  pc=3 op=21 RETURN operand=0 str=(null)
sim_hotkey: 'f7' -> osrs_key=7 at frame 51780
sim_hotkey: 'f8' -> osrs_key=8 at frame 51800
sim_hotkey: 'f9' -> osrs_key=9 at frame 51820
sim_hotkey: 'f10' -> osrs_key=10 at frame 51840
sim_hotkey: 'f11' -> osrs_key=11 at frame 51860
sim_hotkey: 'f12' -> osrs_key=12 at frame 51880
sim_hotkey: 'escape' -> osrs_key=13 at frame 51900
sim_hotkey: 'escape' -> osrs_key=13 at frame 51920
Dat2SpriteLoadByName: archive 'mapfunction' not found in sprites table
Dat2SpriteLoadByName: archive 'hitmark' not found in sprites table
CS2VM2: call depth 128 exhausted calling script 904 from script 904 (raise CS2VM_MAX_FRAMES)
Task_CS2Run: script 904 failed at opcode 40 pc 2 (invoked as script 903 for component 0xa10000)
  script 904: int_args=2 str_args=0 int_locals=2 str_locals=0 ops=4
  pc=0 op=33 PUSH_INT_LOCAL operand=0 str=(null)
  pc=1 op=33 PUSH_INT_LOCAL operand=1 str=(null)
  pc=2 op=40 GOSUB_WITH_PARAMS operand=904 str=(null)
  pc=3 op=21 RETURN operand=0 str=(null)
sim_hotkey: 'f1' -> osrs_key=1 at frame 51940
sim_hotkey: 'f2' -> osrs_key=2 at frame 51960
sim_hotkey: 'f3' -> osrs_key=3 at frame 51980
sim_hotkey: 'f4' -> osrs_key=4 at frame 52000
torirs_perf: window=103 frame_p95=7.67ms
sim_hotkey: 'f5' -> osrs_key=5 at frame 52020
sim_hotkey: 'f6' -> osrs_key=6 at frame 52040
sim_hotkey: 'f7' -> osrs_key=7 at frame 52060
sim_hotkey: 'f8' -> osrs_key=8 at frame 52080
sim_hotkey: 'f9' -> osrs_key=9 at frame 52100
torirs_iface_stats: tick=15250 groups=33
  group=161 opens=1 closes=0 bakes=1 reuse=0 live=106 hidden=14 hooks=22 hook_bytes=224400
  group=162 opens=1 closes=0 bakes=1 reuse=0 live=3222 hidden=2413 hooks=18 hook_bytes=183600
  group=651 opens=1 closes=0 bakes=1 reuse=0 live=7 hidden=0 hooks=0 hook_bytes=0
  group=708 opens=1 closes=0 bakes=1 reuse=0 live=13 hidden=1 hooks=4 hook_bytes=40800
  group=163 opens=1 closes=0 bakes=0 reuse=1 live=26 hidden=25 hooks=0 hook_bytes=0
  group=303 opens=1 closes=0 bakes=1 reuse=0 live=21 hidden=5 hooks=2 hook_bytes=20400
  group=90 opens=1 closes=0 bakes=1 reuse=0 live=60 hidden=13 hooks=13 hook_bytes=132600
  group=160 opens=1 closes=0 bakes=1 reuse=0 live=58 hidden=12 hooks=11 hook_bytes=112200
  group=122 opens=1 closes=0 bakes=1 reuse=0 live=33 hidden=15 hooks=9 hook_bytes=91800
  group=728 opens=1 closes=0 bakes=0 reuse=1 live=50 hidden=2 hooks=4 hook_bytes=40800
  group=896 opens=1 closes=0 bakes=0 reuse=1 live=903 hidden=902 hooks=0 hook_bytes=0
  group=593 opens=1 closes=0 bakes=1 reuse=0 live=117 hidden=7 hooks=6 hook_bytes=61200
  group=320 opens=1 closes=0 bakes=1 reuse=0 live=202 hidden=24 hooks=49 hook_bytes=499800
  group=629 opens=1 closes=0 bakes=1 reuse=0 live=46 hidden=5 hooks=3 hook_bytes=30600
  group=712 opens=1 closes=0 bakes=1 reuse=0 live=113 hidden=0 hooks=5 hook_bytes=51000
  group=149 opens=1 closes=0 bakes=0 reuse=1 live=29 hidden=0 hooks=28 hook_bytes=285600
  group=387 opens=1 closes=0 bakes=1 reuse=0 live=96 hidden=12 hooks=13 hook_bytes=132600
  group=541 opens=1 closes=0 bakes=1 reuse=0 live=124 hidden=33 hooks=30 hook_bytes=306000
  group=218 opens=1 closes=0 bakes=1 reuse=0 live=232 hidden=132 hooks=195 hook_bytes=1989000
  group=707 opens=1 closes=0 bakes=1 reuse=0 live=39 hidden=0 hooks=5 hook_bytes=51000
  group=109 opens=1 closes=0 bakes=1 reuse=0 live=96 hidden=13 hooks=10 hook_bytes=102000
  group=429 opens=1 closes=0 bakes=1 reuse=0 live=35 hidden=0 hooks=8 hook_bytes=81600
  group=182 opens=1 closes=0 bakes=1 reuse=0 live=94 hidden=3 hooks=10 hook_bytes=102000
  group=116 opens=1 closes=0 bakes=1 reuse=0 live=222 hidden=12 hooks=65 hook_bytes=663000
  group=216 opens=1 closes=0 bakes=1 reuse=0 live=124 hidden=0 hooks=61 hook_bytes=622200
  group=239 opens=1 closes=0 bakes=1 reuse=0 live=934 hidden=597 hooks=267 hook_bytes=2723400
  group=12 opens=51 closes=51 bakes=1 reuse=50 live=1787 hidden=73 hooks=1510 hook_bytes=15402000
  group=15 opens=51 closes=51 bakes=1 reuse=50 live=650 hidden=49 hooks=366 hook_bytes=3733200
  group=84 opens=51 closes=51 bakes=1 reuse=50 live=129 hidden=14 hooks=30 hook_bytes=306000
  group=729 opens=51 closes=51 bakes=0 reuse=51 live=36 hidden=1 hooks=6 hook_bytes=61200
  group=650 opens=51 closes=51 bakes=1 reuse=50 live=110 hidden=3 hooks=15 hook_bytes=153000
  group=894 opens=51 closes=50 bakes=1 reuse=50 live=413 hidden=4 hooks=117 hook_bytes=1193400
  group=32766 opens=0 closes=0 bakes=0 reuse=0 live=4 hidden=0 hooks=0 hook_bytes=0
torirs_stats: tick=15250 components=10131 live=10131 hidden=4384 freed=0 free_head=-1 inv_hooks=19 var_hooks=163 timers=28 timers_hidden=7 iface_parents=26
sim_hotkey: 'f10' -> osrs_key=10 at frame 52120
sim_hotkey: 'f11' -> osrs_key=11 at frame 52140
sim_hotkey: 'f12' -> osrs_key=12 at frame 52160
sim_hotkey: 'escape' -> osrs_key=13 at frame 52180
sim_hotkey: 'escape' -> osrs_key=13 at frame 52200
sim_hotkey: 'f1' -> osrs_key=1 at frame 52220
sim_hotkey: 'f2' -> osrs_key=2 at frame 52240
sim_hotkey: 'f3' -> osrs_key=3 at frame 52260
sim_hotkey: 'f4' -> osrs_key=4 at frame 52280
Failed to load dat2 idk 307
Dat2SpriteLoadByName: archive 'mapfunction' not found in sprites table
Dat2SpriteLoadByName: archive 'hitmark' not found in sprites table
CS2VM2: call depth 128 exhausted calling script 904 from script 904 (raise CS2VM_MAX_FRAMES)
Task_CS2Run: script 904 failed at opcode 40 pc 2 (invoked as script 903 for component 0xa10000)
  script 904: int_args=2 str_args=0 int_locals=2 str_locals=0 ops=4
  pc=0 op=33 PUSH_INT_LOCAL operand=0 str=(null)
  pc=1 op=33 PUSH_INT_LOCAL operand=1 str=(null)
  pc=2 op=40 GOSUB_WITH_PARAMS operand=904 str=(null)
  pc=3 op=21 RETURN operand=0 str=(null)
Dat2SpriteLoadByName: archive 'mapfunction' not found in sprites table
Dat2SpriteLoadByName: archive 'hitmark' not found in sprites table
CS2VM2: call depth 128 exhausted calling script 904 from script 904 (raise CS2VM_MAX_FRAMES)
Task_CS2Run: script 904 failed at opcode 40 pc 2 (invoked as script 903 for component 0xa10000)
  script 904: int_args=2 str_args=0 int_locals=2 str_locals=0 ops=4
  pc=0 op=33 PUSH_INT_LOCAL operand=0 str=(null)
  pc=1 op=33 PUSH_INT_LOCAL operand=1 str=(null)
  pc=2 op=40 GOSUB_WITH_PARAMS operand=904 str=(null)
  pc=3 op=21 RETURN operand=0 str=(null)
sim_hotkey: 'f5' -> osrs_key=5 at frame 52300
sim_hotkey: 'f6' -> osrs_key=6 at frame 52320
sim_hotkey: 'f7' -> osrs_key=7 at frame 52340
sim_hotkey: 'f8' -> osrs_key=8 at frame 52360
sim_hotkey: 'f9' -> osrs_key=9 at frame 52380
sim_hotkey: 'f10' -> osrs_key=10 at frame 52400
sim_hotkey: 'f11' -> osrs_key=11 at frame 52420
Failed to load dat2 idk 307
Dat2SpriteLoadByName: archive 'mapfunction' not found in sprites table
Dat2SpriteLoadByName: archive 'hitmark' not found in sprites table
CS2VM2: call depth 128 exhausted calling script 904 from script 904 (raise CS2VM_MAX_FRAMES)
Task_CS2Run: script 904 failed at opcode 40 pc 2 (invoked as script 903 for component 0xa10000)
  script 904: int_args=2 str_args=0 int_locals=2 str_locals=0 ops=4
  pc=0 op=33 PUSH_INT_LOCAL operand=0 str=(null)
  pc=1 op=33 PUSH_INT_LOCAL operand=1 str=(null)
  pc=2 op=40 GOSUB_WITH_PARAMS operand=904 str=(null)
  pc=3 op=21 RETURN operand=0 str=(null)
sim_hotkey: 'f12' -> osrs_key=12 at frame 52440
sim_hotkey: 'escape' -> osrs_key=13 at frame 52460
sim_hotkey: 'escape' -> osrs_key=13 at frame 52480
CS2VM2: call depth 128 exhausted calling script 904 from script 904 (raise CS2VM_MAX_FRAMES)
Task_CS2Run: script 904 failed at opcode 40 pc 2 (invoked as script 903 for component 0xa10000)
  script 904: int_args=2 str_args=0 int_locals=2 str_locals=0 ops=4
  pc=0 op=33 PUSH_INT_LOCAL operand=0 str=(null)
  pc=1 op=33 PUSH_INT_LOCAL operand=1 str=(null)
  pc=2 op=40 GOSUB_WITH_PARAMS operand=904 str=(null)
  pc=3 op=21 RETURN operand=0 str=(null)
CS2VM2: call depth 128 exhausted calling script 904 from script 904 (raise CS2VM_MAX_FRAMES)
Task_CS2Run: script 904 failed at opcode 40 pc 2 (invoked as script 903 for component 0xa10000)
  script 904: int_args=2 str_args=0 int_locals=2 str_locals=0 ops=4
  pc=0 op=33 PUSH_INT_LOCAL operand=0 str=(null)
  pc=1 op=33 PUSH_INT_LOCAL operand=1 str=(null)
  pc=2 op=40 GOSUB_WITH_PARAMS operand=904 str=(null)
  pc=3 op=21 RETURN operand=0 str=(null)
CS2VM2: call depth 128 exhausted calling script 904 from script 904 (raise CS2VM_MAX_FRAMES)
Task_CS2Run: script 904 failed at opcode 40 pc 2 (invoked as script 903 for component 0xa10000)
  script 904: int_args=2 str_args=0 int_locals=2 str_locals=0 ops=4
  pc=0 op=33 PUSH_INT_LOCAL operand=0 str=(null)
  pc=1 op=33 PUSH_INT_LOCAL operand=1 str=(null)
  pc=2 op=40 GOSUB_WITH_PARAMS operand=904 str=(null)
  pc=3 op=21 RETURN operand=0 str=(null)
CS2VM2: call depth 128 exhausted calling script 904 from script 904 (raise CS2VM_MAX_FRAMES)
Task_CS2Run: script 904 failed at opcode 40 pc 2 (invoked as script 903 for component 0xa10000)
  script 904: int_args=2 str_args=0 int_locals=2 str_locals=0 ops=4
  pc=0 op=33 PUSH_INT_LOCAL operand=0 str=(null)
  pc=1 op=33 PUSH_INT_LOCAL operand=1 str=(null)
  pc=2 op=40 GOSUB_WITH_PARAMS operand=904 str=(null)
  pc=3 op=21 RETURN operand=0 str=(null)
sim_hotkey: 'f1' -> osrs_key=1 at frame 52500
torirs_perf: window=104 frame_p95=5.42ms
sim_hotkey: 'f2' -> osrs_key=2 at frame 52520
sim_hotkey: 'f3' -> osrs_key=3 at frame 52540
sim_hotkey: 'f4' -> osrs_key=4 at frame 52560
sim_hotkey: 'f5' -> osrs_key=5 at frame 52580
sim_hotkey: 'f6' -> osrs_key=6 at frame 52600
Dat2SpriteLoadByName: archive 'mapfunction' not found in sprites table
Dat2SpriteLoadByName: archive 'hitmark' not found in sprites table
CS2VM2: call depth 128 exhausted calling script 904 from script 904 (raise CS2VM_MAX_FRAMES)
Task_CS2Run: script 904 failed at opcode 40 pc 2 (invoked as script 903 for component 0xa10000)
  script 904: int_args=2 str_args=0 int_locals=2 str_locals=0 ops=4
  pc=0 op=33 PUSH_INT_LOCAL operand=0 str=(null)
  pc=1 op=33 PUSH_INT_LOCAL operand=1 str=(null)
  pc=2 op=40 GOSUB_WITH_PARAMS operand=904 str=(null)
  pc=3 op=21 RETURN operand=0 str=(null)
spawn_npc: npc=3111 element=59753 tile=90,84 level=0 size=1 recolors=3 retextures=0
sim_hotkey: 'f7' -> osrs_key=7 at frame 52620
sim_hotkey: 'f8' -> osrs_key=8 at frame 52640
sim_hotkey: 'f9' -> osrs_key=9 at frame 52660
sim_hotkey: 'f10' -> osrs_key=10 at frame 52680
sim_hotkey: 'f11' -> osrs_key=11 at frame 52700
sim_hotkey: 'f12' -> osrs_key=12 at frame 52720
sim_hotkey: 'escape' -> osrs_key=13 at frame 52740
Dat2SpriteLoadByName: archive 'mapfunction' not found in sprites table
Dat2SpriteLoadByName: archive 'hitmark' not found in sprites table
Task_CS2Run: script 7188 failed at opcode 34 pc 14 (invoked as script 7128 for component 0x28a0000)
  script 7188: int_args=0 str_args=0 int_locals=1 str_locals=1 ops=31
  pc=0 op=0 PUSH_CONSTANT_INT operand=-1 str=(null)
  pc=1 op=34 POP_INT_LOCAL operand=0 str=(null)
  pc=2 op=3 PUSH_CONSTANT_STRING operand=0 str=
  pc=3 op=36 POP_STRING_LOCAL operand=0 str=(null)
  pc=4 op=25 PUSH_VARBIT operand=14881 str=(null)
  pc=5 op=60 SWITCH operand=0 str=(null)
  pc=6 op=3 PUSH_CONSTANT_STRING operand=0 str=graphic_4911
  pc=7 op=3 PUSH_CONSTANT_STRING operand=0 str=Grand Exchange value
  pc=8 op=36 POP_STRING_LOCAL operand=0 str=(null)
  pc=9 op=34 POP_INT_LOCAL operand=0 str=(null)
  pc=10 op=6 BRANCH operand=10 str=(null)
  pc=11 op=3 PUSH_CONSTANT_STRING operand=0 str=graphic_4912
  pc=12 op=3 PUSH_CONSTANT_STRING operand=0 str=High Alchemy value
  pc=13 op=36 POP_STRING_LOCAL operand=0 str=(null)
  pc=14 op=34 POP_INT_LOCAL operand=0 str=(null)
  pc=15 op=6 BRANCH operand=5 str=(null)
  pc=16 op=3 PUSH_CONSTANT_STRING operand=0 str=graphic_4911
CS2VM2: call depth 128 exhausted calling script 904 from script 904 (raise CS2VM_MAX_FRAMES)
Task_CS2Run: script 904 failed at opcode 40 pc 2 (invoked as script 903 for component 0xa10000)
  script 904: int_args=2 str_args=0 int_locals=2 str_locals=0 ops=4
  pc=0 op=33 PUSH_INT_LOCAL operand=0 str=(null)
  pc=1 op=33 PUSH_INT_LOCAL operand=1 str=(null)
  pc=2 op=40 GOSUB_WITH_PARAMS operand=904 str=(null)
  pc=3 op=21 RETURN operand=0 str=(null)
sim_hotkey: 'escape' -> osrs_key=13 at frame 52760
sim_hotkey: 'f1' -> osrs_key=1 at frame 52780
sim_hotkey: 'f2' -> osrs_key=2 at frame 52800
sim_hotkey: 'f3' -> osrs_key=3 at frame 52820
sim_hotkey: 'f4' -> osrs_key=4 at frame 52840
sim_hotkey: 'f5' -> osrs_key=5 at frame 52860
sim_hotkey: 'f6' -> osrs_key=6 at frame 52880
sim_hotkey: 'f7' -> osrs_key=7 at frame 52900
sim_hotkey: 'f8' -> osrs_key=8 at frame 52920
torirs_iface_stats: tick=15500 groups=33
  group=161 opens=1 closes=0 bakes=1 reuse=0 live=106 hidden=14 hooks=22 hook_bytes=224400
  group=162 opens=1 closes=0 bakes=1 reuse=0 live=3222 hidden=2413 hooks=18 hook_bytes=183600
  group=651 opens=1 closes=0 bakes=1 reuse=0 live=7 hidden=0 hooks=0 hook_bytes=0
  group=708 opens=1 closes=0 bakes=1 reuse=0 live=13 hidden=1 hooks=4 hook_bytes=40800
  group=163 opens=1 closes=0 bakes=0 reuse=1 live=26 hidden=25 hooks=0 hook_bytes=0
  group=303 opens=1 closes=0 bakes=1 reuse=0 live=21 hidden=5 hooks=2 hook_bytes=20400
  group=90 opens=1 closes=0 bakes=1 reuse=0 live=60 hidden=13 hooks=13 hook_bytes=132600
  group=160 opens=1 closes=0 bakes=1 reuse=0 live=58 hidden=12 hooks=11 hook_bytes=112200
  group=122 opens=1 closes=0 bakes=1 reuse=0 live=33 hidden=15 hooks=9 hook_bytes=91800
  group=728 opens=1 closes=0 bakes=0 reuse=1 live=50 hidden=2 hooks=4 hook_bytes=40800
  group=896 opens=1 closes=0 bakes=0 reuse=1 live=903 hidden=902 hooks=0 hook_bytes=0
  group=593 opens=1 closes=0 bakes=1 reuse=0 live=117 hidden=7 hooks=6 hook_bytes=61200
  group=320 opens=1 closes=0 bakes=1 reuse=0 live=202 hidden=24 hooks=49 hook_bytes=499800
  group=629 opens=1 closes=0 bakes=1 reuse=0 live=46 hidden=5 hooks=3 hook_bytes=30600
  group=712 opens=1 closes=0 bakes=1 reuse=0 live=113 hidden=0 hooks=5 hook_bytes=51000
  group=149 opens=1 closes=0 bakes=0 reuse=1 live=29 hidden=0 hooks=28 hook_bytes=285600
  group=387 opens=1 closes=0 bakes=1 reuse=0 live=96 hidden=12 hooks=13 hook_bytes=132600
  group=541 opens=1 closes=0 bakes=1 reuse=0 live=124 hidden=33 hooks=30 hook_bytes=306000
  group=218 opens=1 closes=0 bakes=1 reuse=0 live=232 hidden=132 hooks=195 hook_bytes=1989000
  group=707 opens=1 closes=0 bakes=1 reuse=0 live=39 hidden=0 hooks=5 hook_bytes=51000
  group=109 opens=1 closes=0 bakes=1 reuse=0 live=96 hidden=13 hooks=10 hook_bytes=102000
  group=429 opens=1 closes=0 bakes=1 reuse=0 live=35 hidden=0 hooks=8 hook_bytes=81600
  group=182 opens=1 closes=0 bakes=1 reuse=0 live=94 hidden=3 hooks=10 hook_bytes=102000
  group=116 opens=1 closes=0 bakes=1 reuse=0 live=222 hidden=12 hooks=65 hook_bytes=663000
  group=216 opens=1 closes=0 bakes=1 reuse=0 live=124 hidden=0 hooks=61 hook_bytes=622200
  group=239 opens=1 closes=0 bakes=1 reuse=0 live=934 hidden=597 hooks=267 hook_bytes=2723400
  group=12 opens=52 closes=52 bakes=1 reuse=51 live=1787 hidden=73 hooks=1510 hook_bytes=15402000
  group=15 opens=52 closes=52 bakes=1 reuse=51 live=650 hidden=49 hooks=366 hook_bytes=3733200
  group=84 opens=52 closes=52 bakes=1 reuse=51 live=129 hidden=14 hooks=30 hook_bytes=306000
  group=729 opens=52 closes=52 bakes=0 reuse=52 live=36 hidden=1 hooks=6 hook_bytes=61200
  group=650 opens=52 closes=51 bakes=1 reuse=51 live=110 hidden=2 hooks=15 hook_bytes=153000
  group=894 opens=51 closes=51 bakes=1 reuse=50 live=413 hidden=5 hooks=117 hook_bytes=1193400
  group=32766 opens=0 closes=0 bakes=0 reuse=0 live=4 hidden=0 hooks=0 hook_bytes=0
torirs_stats: tick=15500 components=10131 live=10131 hidden=4384 freed=0 free_head=-1 inv_hooks=19 var_hooks=164 timers=28 timers_hidden=7 iface_parents=26
sim_hotkey: 'f9' -> osrs_key=9 at frame 52940
Dat2SpriteLoadByName: archive 'mapfunction' not found in sprites table
Dat2SpriteLoadByName: archive 'hitmark' not found in sprites table
CS2VM2: call depth 128 exhausted calling script 904 from script 904 (raise CS2VM_MAX_FRAMES)
Task_CS2Run: script 904 failed at opcode 40 pc 2 (invoked as script 903 for component 0xa10000)
  script 904: int_args=2 str_args=0 int_locals=2 str_locals=0 ops=4
  pc=0 op=33 PUSH_INT_LOCAL operand=0 str=(null)
  pc=1 op=33 PUSH_INT_LOCAL operand=1 str=(null)
  pc=2 op=40 GOSUB_WITH_PARAMS operand=904 str=(null)
  pc=3 op=21 RETURN operand=0 str=(null)
sim_hotkey: 'f10' -> osrs_key=10 at frame 52960
sim_hotkey: 'f11' -> osrs_key=11 at frame 52980
sim_hotkey: 'f12' -> osrs_key=12 at frame 53000
torirs_perf: window=105 frame_p95=7.38ms
sim_hotkey: 'escape' -> osrs_key=13 at frame 53020
sim_hotkey: 'escape' -> osrs_key=13 at frame 53040
sim_hotkey: 'f1' -> osrs_key=1 at frame 53060
sim_hotkey: 'f2' -> osrs_key=2 at frame 53080
sim_hotkey: 'f3' -> osrs_key=3 at frame 53100
sim_hotkey: 'f4' -> osrs_key=4 at frame 53120
sim_hotkey: 'f5' -> osrs_key=5 at frame 53140
sim_hotkey: 'f6' -> osrs_key=6 at frame 53160
sim_hotkey: 'f7' -> osrs_key=7 at frame 53180
sim_hotkey: 'f8' -> osrs_key=8 at frame 53200
sim_hotkey: 'f9' -> osrs_key=9 at frame 53220
sim_hotkey: 'f10' -> osrs_key=10 at frame 53240
sim_hotkey: 'f11' -> osrs_key=11 at frame 53260
sim_hotkey: 'f12' -> osrs_key=12 at frame 53280
Failed to load dat2 idk 307
Dat2SpriteLoadByName: archive 'mapfunction' not found in sprites table
Dat2SpriteLoadByName: archive 'hitmark' not found in sprites table
CS2VM2: call depth 128 exhausted calling script 904 from script 904 (raise CS2VM_MAX_FRAMES)
Task_CS2Run: script 904 failed at opcode 40 pc 2 (invoked as script 903 for component 0xa10000)
  script 904: int_args=2 str_args=0 int_locals=2 str_locals=0 ops=4
  pc=0 op=33 PUSH_INT_LOCAL operand=0 str=(null)
  pc=1 op=33 PUSH_INT_LOCAL operand=1 str=(null)
  pc=2 op=40 GOSUB_WITH_PARAMS operand=904 str=(null)
  pc=3 op=21 RETURN operand=0 str=(null)
Dat2SpriteLoadByName: archive 'mapfunction' not found in sprites table
Dat2SpriteLoadByName: archive 'hitmark' not found in sprites table
CS2VM2: call depth 128 exhausted calling script 904 from script 904 (raise CS2VM_MAX_FRAMES)
Task_CS2Run: script 904 failed at opcode 40 pc 2 (invoked as script 903 for component 0xa10000)
  script 904: int_args=2 str_args=0 int_locals=2 str_locals=0 ops=4
  pc=0 op=33 PUSH_INT_LOCAL operand=0 str=(null)
  pc=1 op=33 PUSH_INT_LOCAL operand=1 str=(null)
  pc=2 op=40 GOSUB_WITH_PARAMS operand=904 str=(null)
  pc=3 op=21 RETURN operand=0 str=(null)
sim_hotkey: 'escape' -> osrs_key=13 at frame 53300
sim_hotkey: 'escape' -> osrs_key=13 at frame 53320
CS2VM2: call depth 128 exhausted calling script 904 from script 904 (raise CS2VM_MAX_FRAMES)
Task_CS2Run: script 904 failed at opcode 40 pc 2 (invoked as script 903 for component 0xa10000)
  script 904: int_args=2 str_args=0 int_locals=2 str_locals=0 ops=4
  pc=0 op=33 PUSH_INT_LOCAL operand=0 str=(null)
  pc=1 op=33 PUSH_INT_LOCAL operand=1 str=(null)
  pc=2 op=40 GOSUB_WITH_PARAMS operand=904 str=(null)
  pc=3 op=21 RETURN operand=0 str=(null)
CS2VM2: call depth 128 exhausted calling script 904 from script 904 (raise CS2VM_MAX_FRAMES)
Task_CS2Run: script 904 failed at opcode 40 pc 2 (invoked as script 903 for component 0xa10000)
  script 904: int_args=2 str_args=0 int_locals=2 str_locals=0 ops=4
  pc=0 op=33 PUSH_INT_LOCAL operand=0 str=(null)
  pc=1 op=33 PUSH_INT_LOCAL operand=1 str=(null)
  pc=2 op=40 GOSUB_WITH_PARAMS operand=904 str=(null)
  pc=3 op=21 RETURN operand=0 str=(null)
CS2VM2: call depth 128 exhausted calling script 904 from script 904 (raise CS2VM_MAX_FRAMES)
Task_CS2Run: script 904 failed at opcode 40 pc 2 (invoked as script 903 for component 0xa10000)
  script 904: int_args=2 str_args=0 int_locals=2 str_locals=0 ops=4
  pc=0 op=33 PUSH_INT_LOCAL operand=0 str=(null)
  pc=1 op=33 PUSH_INT_LOCAL operand=1 str=(null)
  pc=2 op=40 GOSUB_WITH_PARAMS operand=904 str=(null)
  pc=3 op=21 RETURN operand=0 str=(null)
CS2VM2: call depth 128 exhausted calling script 904 from script 904 (raise CS2VM_MAX_FRAMES)
Task_CS2Run: script 904 failed at opcode 40 pc 2 (invoked as script 903 for component 0xa10000)
  script 904: int_args=2 str_args=0 int_locals=2 str_locals=0 ops=4
  pc=0 op=33 PUSH_INT_LOCAL operand=0 str=(null)
  pc=1 op=33 PUSH_INT_LOCAL operand=1 str=(null)
  pc=2 op=40 GOSUB_WITH_PARAMS operand=904 str=(null)
  pc=3 op=21 RETURN operand=0 str=(null)
sim_hotkey: 'f1' -> osrs_key=1 at frame 53340
sim_hotkey: 'f2' -> osrs_key=2 at frame 53360
sim_hotkey: 'f3' -> osrs_key=3 at frame 53380
sim_hotkey: 'f4' -> osrs_key=4 at frame 53400
sim_hotkey: 'f5' -> osrs_key=5 at frame 53420
sim_hotkey: 'f6' -> osrs_key=6 at frame 53440
Failed to load dat2 idk 307
Dat2SpriteLoadByName: archive 'mapfunction' not found in sprites table
Dat2SpriteLoadByName: archive 'hitmark' not found in sprites table
CS2VM2: call depth 128 exhausted calling script 904 from script 904 (raise CS2VM_MAX_FRAMES)
Task_CS2Run: script 904 failed at opcode 40 pc 2 (invoked as script 903 for component 0xa10000)
  script 904: int_args=2 str_args=0 int_locals=2 str_locals=0 ops=4
  pc=0 op=33 PUSH_INT_LOCAL operand=0 str=(null)
  pc=1 op=33 PUSH_INT_LOCAL operand=1 str=(null)
  pc=2 op=40 GOSUB_WITH_PARAMS operand=904 str=(null)
  pc=3 op=21 RETURN operand=0 str=(null)
sim_hotkey: 'f7' -> osrs_key=7 at frame 53460
sim_hotkey: 'f8' -> osrs_key=8 at frame 53480
sim_hotkey: 'f9' -> osrs_key=9 at frame 53500
torirs_perf: window=106 frame_p95=5.25ms
sim_hotkey: 'f10' -> osrs_key=10 at frame 53520
sim_hotkey: 'f11' -> osrs_key=11 at frame 53540
sim_hotkey: 'f12' -> osrs_key=12 at frame 53560
sim_hotkey: 'escape' -> osrs_key=13 at frame 53580
CS2VM2: call depth 128 exhausted calling script 904 from script 904 (raise CS2VM_MAX_FRAMES)
Task_CS2Run: script 904 failed at opcode 40 pc 2 (invoked as script 903 for component 0xa10000)
  script 904: int_args=2 str_args=0 int_locals=2 str_locals=0 ops=4
  pc=0 op=33 PUSH_INT_LOCAL operand=0 str=(null)
  pc=1 op=33 PUSH_INT_LOCAL operand=1 str=(null)
  pc=2 op=40 GOSUB_WITH_PARAMS operand=904 str=(null)
  pc=3 op=21 RETURN operand=0 str=(null)
CS2VM2: call depth 128 exhausted calling script 904 from script 904 (raise CS2VM_MAX_FRAMES)
Task_CS2Run: script 904 failed at opcode 40 pc 2 (invoked as script 903 for component 0xa10000)
  script 904: int_args=2 str_args=0 int_locals=2 str_locals=0 ops=4
  pc=0 op=33 PUSH_INT_LOCAL operand=0 str=(null)
  pc=1 op=33 PUSH_INT_LOCAL operand=1 str=(null)
  pc=2 op=40 GOSUB_WITH_PARAMS operand=904 str=(null)
  pc=3 op=21 RETURN operand=0 str=(null)
sim_hotkey: 'escape' -> osrs_key=13 at frame 53600
Dat2SpriteLoadByName: archive 'mapfunction' not found in sprites table
Dat2SpriteLoadByName: archive 'hitmark' not found in sprites table
CS2VM2: call depth 128 exhausted calling script 904 from script 904 (raise CS2VM_MAX_FRAMES)
Task_CS2Run: script 904 failed at opcode 40 pc 2 (invoked as script 903 for component 0xa10000)
  script 904: int_args=2 str_args=0 int_locals=2 str_locals=0 ops=4
  pc=0 op=33 PUSH_INT_LOCAL operand=0 str=(null)
  pc=1 op=33 PUSH_INT_LOCAL operand=1 str=(null)
  pc=2 op=40 GOSUB_WITH_PARAMS operand=904 str=(null)
  pc=3 op=21 RETURN operand=0 str=(null)
sim_hotkey: 'f1' -> osrs_key=1 at frame 53620
sim_hotkey: 'f2' -> osrs_key=2 at frame 53640
sim_hotkey: 'f3' -> osrs_key=3 at frame 53660
sim_hotkey: 'f4' -> osrs_key=4 at frame 53680
sim_hotkey: 'f5' -> osrs_key=5 at frame 53700
sim_hotkey: 'f6' -> osrs_key=6 at frame 53720
sim_hotkey: 'f7' -> osrs_key=7 at frame 53740
torirs_iface_stats: tick=15750 groups=33
  group=161 opens=1 closes=0 bakes=1 reuse=0 live=106 hidden=14 hooks=22 hook_bytes=224400
  group=162 opens=1 closes=0 bakes=1 reuse=0 live=3222 hidden=2413 hooks=18 hook_bytes=183600
  group=651 opens=1 closes=0 bakes=1 reuse=0 live=7 hidden=0 hooks=0 hook_bytes=0
  group=708 opens=1 closes=0 bakes=1 reuse=0 live=13 hidden=1 hooks=4 hook_bytes=40800
  group=163 opens=1 closes=0 bakes=0 reuse=1 live=26 hidden=25 hooks=0 hook_bytes=0
  group=303 opens=1 closes=0 bakes=1 reuse=0 live=21 hidden=5 hooks=2 hook_bytes=20400
  group=90 opens=1 closes=0 bakes=1 reuse=0 live=60 hidden=13 hooks=13 hook_bytes=132600
  group=160 opens=1 closes=0 bakes=1 reuse=0 live=58 hidden=12 hooks=11 hook_bytes=112200
  group=122 opens=1 closes=0 bakes=1 reuse=0 live=33 hidden=15 hooks=9 hook_bytes=91800
  group=728 opens=1 closes=0 bakes=0 reuse=1 live=50 hidden=2 hooks=4 hook_bytes=40800
  group=896 opens=1 closes=0 bakes=0 reuse=1 live=903 hidden=902 hooks=0 hook_bytes=0
  group=593 opens=1 closes=0 bakes=1 reuse=0 live=117 hidden=7 hooks=6 hook_bytes=61200
  group=320 opens=1 closes=0 bakes=1 reuse=0 live=202 hidden=24 hooks=49 hook_bytes=499800
  group=629 opens=1 closes=0 bakes=1 reuse=0 live=46 hidden=5 hooks=3 hook_bytes=30600
  group=712 opens=1 closes=0 bakes=1 reuse=0 live=113 hidden=0 hooks=5 hook_bytes=51000
  group=149 opens=1 closes=0 bakes=0 reuse=1 live=29 hidden=0 hooks=28 hook_bytes=285600
  group=387 opens=1 closes=0 bakes=1 reuse=0 live=96 hidden=12 hooks=13 hook_bytes=132600
  group=541 opens=1 closes=0 bakes=1 reuse=0 live=124 hidden=33 hooks=30 hook_bytes=306000
  group=218 opens=1 closes=0 bakes=1 reuse=0 live=232 hidden=132 hooks=195 hook_bytes=1989000
  group=707 opens=1 closes=0 bakes=1 reuse=0 live=39 hidden=0 hooks=5 hook_bytes=51000
  group=109 opens=1 closes=0 bakes=1 reuse=0 live=96 hidden=13 hooks=10 hook_bytes=102000
  group=429 opens=1 closes=0 bakes=1 reuse=0 live=35 hidden=0 hooks=8 hook_bytes=81600
  group=182 opens=1 closes=0 bakes=1 reuse=0 live=94 hidden=3 hooks=10 hook_bytes=102000
  group=116 opens=1 closes=0 bakes=1 reuse=0 live=222 hidden=12 hooks=65 hook_bytes=663000
  group=216 opens=1 closes=0 bakes=1 reuse=0 live=124 hidden=0 hooks=61 hook_bytes=622200
  group=239 opens=1 closes=0 bakes=1 reuse=0 live=934 hidden=597 hooks=267 hook_bytes=2723400
  group=12 opens=53 closes=53 bakes=1 reuse=52 live=1787 hidden=73 hooks=1510 hook_bytes=15402000
  group=15 opens=53 closes=53 bakes=1 reuse=52 live=650 hidden=49 hooks=366 hook_bytes=3733200
  group=84 opens=53 closes=53 bakes=1 reuse=52 live=129 hidden=14 hooks=30 hook_bytes=306000
  group=729 opens=53 closes=52 bakes=0 reuse=53 live=36 hidden=0 hooks=6 hook_bytes=61200
  group=650 opens=52 closes=52 bakes=1 reuse=51 live=110 hidden=3 hooks=15 hook_bytes=153000
  group=894 opens=52 closes=52 bakes=1 reuse=51 live=413 hidden=5 hooks=117 hook_bytes=1193400
  group=32766 opens=0 closes=0 bakes=0 reuse=0 live=4 hidden=0 hooks=0 hook_bytes=0
torirs_stats: tick=15750 components=10131 live=10131 hidden=4384 freed=0 free_head=-1 inv_hooks=19 var_hooks=163 timers=28 timers_hidden=7 iface_parents=26
sim_hotkey: 'f8' -> osrs_key=8 at frame 53760
Dat2SpriteLoadByName: archive 'mapfunction' not found in sprites table
Dat2SpriteLoadByName: archive 'hitmark' not found in sprites table
Task_CS2Run: script 7188 failed at opcode 34 pc 14 (invoked as script 7128 for component 0x28a0000)
  script 7188: int_args=0 str_args=0 int_locals=1 str_locals=1 ops=31
  pc=0 op=0 PUSH_CONSTANT_INT operand=-1 str=(null)
  pc=1 op=34 POP_INT_LOCAL operand=0 str=(null)
  pc=2 op=3 PUSH_CONSTANT_STRING operand=0 str=
  pc=3 op=36 POP_STRING_LOCAL operand=0 str=(null)
  pc=4 op=25 PUSH_VARBIT operand=14881 str=(null)
  pc=5 op=60 SWITCH operand=0 str=(null)
  pc=6 op=3 PUSH_CONSTANT_STRING operand=0 str=graphic_4911
  pc=7 op=3 PUSH_CONSTANT_STRING operand=0 str=Grand Exchange value
  pc=8 op=36 POP_STRING_LOCAL operand=0 str=(null)
  pc=9 op=34 POP_INT_LOCAL operand=0 str=(null)
  pc=10 op=6 BRANCH operand=10 str=(null)
  pc=11 op=3 PUSH_CONSTANT_STRING operand=0 str=graphic_4912
  pc=12 op=3 PUSH_CONSTANT_STRING operand=0 str=High Alchemy value
  pc=13 op=36 POP_STRING_LOCAL operand=0 str=(null)
  pc=14 op=34 POP_INT_LOCAL operand=0 str=(null)
  pc=15 op=6 BRANCH operand=5 str=(null)
  pc=16 op=3 PUSH_CONSTANT_STRING operand=0 str=graphic_4911
CS2VM2: call depth 128 exhausted calling script 904 from script 904 (raise CS2VM_MAX_FRAMES)
Task_CS2Run: script 904 failed at opcode 40 pc 2 (invoked as script 903 for component 0xa10000)
  script 904: int_args=2 str_args=0 int_locals=2 str_locals=0 ops=4
  pc=0 op=33 PUSH_INT_LOCAL operand=0 str=(null)
  pc=1 op=33 PUSH_INT_LOCAL operand=1 str=(null)
  pc=2 op=40 GOSUB_WITH_PARAMS operand=904 str=(null)
  pc=3 op=21 RETURN operand=0 str=(null)
sim_hotkey: 'f9' -> osrs_key=9 at frame 53780
spawn_npc: npc=3106 element=59752 tile=90,84 level=0 size=1 recolors=4 retextures=0
sim_hotkey: 'f10' -> osrs_key=10 at frame 53800
sim_hotkey: 'f11' -> osrs_key=11 at frame 53820
sim_hotkey: 'f12' -> osrs_key=12 at frame 53840
sim_hotkey: 'escape' -> osrs_key=13 at frame 53860
sim_hotkey: 'escape' -> osrs_key=13 at frame 53880
sim_hotkey: 'f1' -> osrs_key=1 at frame 53900
sim_hotkey: 'f2' -> osrs_key=2 at frame 53920
sim_hotkey: 'f3' -> osrs_key=3 at frame 53940
Dat2SpriteLoadByName: archive 'mapfunction' not found in sprites table
Dat2SpriteLoadByName: archive 'hitmark' not found in sprites table
CS2VM2: call depth 128 exhausted calling script 904 from script 904 (raise CS2VM_MAX_FRAMES)
Task_CS2Run: script 904 failed at opcode 40 pc 2 (invoked as script 903 for component 0xa10000)
  script 904: int_args=2 str_args=0 int_locals=2 str_locals=0 ops=4
  pc=0 op=33 PUSH_INT_LOCAL operand=0 str=(null)
  pc=1 op=33 PUSH_INT_LOCAL operand=1 str=(null)
  pc=2 op=40 GOSUB_WITH_PARAMS operand=904 str=(null)
  pc=3 op=21 RETURN operand=0 str=(null)
sim_hotkey: 'f4' -> osrs_key=4 at frame 53960
sim_hotkey: 'f5' -> osrs_key=5 at frame 53980
sim_hotkey: 'f6' -> osrs_key=6 at frame 54000
torirs_perf: window=107 frame_p95=6.88ms
sim_hotkey: 'f7' -> osrs_key=7 at frame 54020
sim_hotkey: 'f8' -> osrs_key=8 at frame 54040
sim_hotkey: 'f9' -> osrs_key=9 at frame 54060
sim_hotkey: 'f10' -> osrs_key=10 at frame 54080
sim_hotkey: 'f11' -> osrs_key=11 at frame 54100
sim_hotkey: 'f12' -> osrs_key=12 at frame 54120
sim_hotkey: 'escape' -> osrs_key=13 at frame 54140
sim_hotkey: 'escape' -> osrs_key=13 at frame 54160
sim_hotkey: 'f1' -> osrs_key=1 at frame 54180
sim_hotkey: 'f2' -> osrs_key=2 at frame 54200
sim_hotkey: 'f3' -> osrs_key=3 at frame 54220
sim_hotkey: 'f4' -> osrs_key=4 at frame 54240
sim_hotkey: 'f5' -> osrs_key=5 at frame 54260
sim_hotkey: 'f6' -> osrs_key=6 at frame 54280
sim_hotkey: 'f7' -> osrs_key=7 at frame 54300
Failed to load dat2 idk 307
Dat2SpriteLoadByName: archive 'mapfunction' not found in sprites table
Dat2SpriteLoadByName: archive 'hitmark' not found in sprites table
CS2VM2: call depth 128 exhausted calling script 904 from script 904 (raise CS2VM_MAX_FRAMES)
Task_CS2Run: script 904 failed at opcode 40 pc 2 (invoked as script 903 for component 0xa10000)
  script 904: int_args=2 str_args=0 int_locals=2 str_locals=0 ops=4
  pc=0 op=33 PUSH_INT_LOCAL operand=0 str=(null)
  pc=1 op=33 PUSH_INT_LOCAL operand=1 str=(null)
  pc=2 op=40 GOSUB_WITH_PARAMS operand=904 str=(null)
  pc=3 op=21 RETURN operand=0 str=(null)
Dat2SpriteLoadByName: archive 'mapfunction' not found in sprites table
Dat2SpriteLoadByName: archive 'hitmark' not found in sprites table
CS2VM2: call depth 128 exhausted calling script 904 from script 904 (raise CS2VM_MAX_FRAMES)
Task_CS2Run: script 904 failed at opcode 40 pc 2 (invoked as script 903 for component 0xa10000)
  script 904: int_args=2 str_args=0 int_locals=2 str_locals=0 ops=4
  pc=0 op=33 PUSH_INT_LOCAL operand=0 str=(null)
  pc=1 op=33 PUSH_INT_LOCAL operand=1 str=(null)
  pc=2 op=40 GOSUB_WITH_PARAMS operand=904 str=(null)
  pc=3 op=21 RETURN operand=0 str=(null)
sim_hotkey: 'f8' -> osrs_key=8 at frame 54320
sim_hotkey: 'f9' -> osrs_key=9 at frame 54340
sim_hotkey: 'f10' -> osrs_key=10 at frame 54360
sim_hotkey: 'f11' -> osrs_key=11 at frame 54380
sim_hotkey: 'f12' -> osrs_key=12 at frame 54400
spawn_npc: npc=3111 element=59755 tile=90,84 level=0 size=1 recolors=3 retextures=0
sim_hotkey: 'escape' -> osrs_key=13 at frame 54420
sim_hotkey: 'escape' -> osrs_key=13 at frame 54440
CS2VM2: call depth 128 exhausted calling script 904 from script 904 (raise CS2VM_MAX_FRAMES)
Task_CS2Run: script 904 failed at opcode 40 pc 2 (invoked as script 903 for component 0xa10000)
  script 904: int_args=2 str_args=0 int_locals=2 str_locals=0 ops=4
  pc=0 op=33 PUSH_INT_LOCAL operand=0 str=(null)
  pc=1 op=33 PUSH_INT_LOCAL operand=1 str=(null)
  pc=2 op=40 GOSUB_WITH_PARAMS operand=904 str=(null)
  pc=3 op=21 RETURN operand=0 str=(null)
CS2VM2: call depth 128 exhausted calling script 904 from script 904 (raise CS2VM_MAX_FRAMES)
Task_CS2Run: script 904 failed at opcode 40 pc 2 (invoked as script 903 for component 0xa10000)
  script 904: int_args=2 str_args=0 int_locals=2 str_locals=0 ops=4
  pc=0 op=33 PUSH_INT_LOCAL operand=0 str=(null)
  pc=1 op=33 PUSH_INT_LOCAL operand=1 str=(null)
  pc=2 op=40 GOSUB_WITH_PARAMS operand=904 str=(null)
  pc=3 op=21 RETURN operand=0 str=(null)
Failed to load dat2 idk 307
Dat2SpriteLoadByName: archive 'mapfunction' not found in sprites table
Dat2SpriteLoadByName: archive 'hitmark' not found in sprites table
CS2VM2: call depth 128 exhausted calling script 904 from script 904 (raise CS2VM_MAX_FRAMES)
Task_CS2Run: script 904 failed at opcode 40 pc 2 (invoked as script 903 for component 0xa10000)
  script 904: int_args=2 str_args=0 int_locals=2 str_locals=0 ops=4
  pc=0 op=33 PUSH_INT_LOCAL operand=0 str=(null)
  pc=1 op=33 PUSH_INT_LOCAL operand=1 str=(null)
  pc=2 op=40 GOSUB_WITH_PARAMS operand=904 str=(null)
  pc=3 op=21 RETURN operand=0 str=(null)
CS2VM2: call depth 128 exhausted calling script 904 from script 904 (raise CS2VM_MAX_FRAMES)
Task_CS2Run: script 904 failed at opcode 40 pc 2 (invoked as script 903 for component 0xa10000)
  script 904: int_args=2 str_args=0 int_locals=2 str_locals=0 ops=4
  pc=0 op=33 PUSH_INT_LOCAL operand=0 str=(null)
  pc=1 op=33 PUSH_INT_LOCAL operand=1 str=(null)
  pc=2 op=40 GOSUB_WITH_PARAMS operand=904 str=(null)
  pc=3 op=21 RETURN operand=0 str=(null)
CS2VM2: call depth 128 exhausted calling script 904 from script 904 (raise CS2VM_MAX_FRAMES)
Task_CS2Run: script 904 failed at opcode 40 pc 2 (invoked as script 903 for component 0xa10000)
  script 904: int_args=2 str_args=0 int_locals=2 str_locals=0 ops=4
  pc=0 op=33 PUSH_INT_LOCAL operand=0 str=(null)
  pc=1 op=33 PUSH_INT_LOCAL operand=1 str=(null)
  pc=2 op=40 GOSUB_WITH_PARAMS operand=904 str=(null)
  pc=3 op=21 RETURN operand=0 str=(null)
sim_hotkey: 'f1' -> osrs_key=1 at frame 54460
sim_hotkey: 'f2' -> osrs_key=2 at frame 54480
sim_hotkey: 'f3' -> osrs_key=3 at frame 54500
torirs_perf: window=108 frame_p95=5.37ms
sim_hotkey: 'f4' -> osrs_key=4 at frame 54520
sim_hotkey: 'f5' -> osrs_key=5 at frame 54540
sim_hotkey: 'f6' -> osrs_key=6 at frame 54560
sim_hotkey: 'f7' -> osrs_key=7 at frame 54580
sim_hotkey: 'f8' -> osrs_key=8 at frame 54600
torirs_iface_stats: tick=16000 groups=33
  group=161 opens=1 closes=0 bakes=1 reuse=0 live=106 hidden=14 hooks=22 hook_bytes=224400
  group=162 opens=1 closes=0 bakes=1 reuse=0 live=3222 hidden=2413 hooks=18 hook_bytes=183600
  group=651 opens=1 closes=0 bakes=1 reuse=0 live=7 hidden=0 hooks=0 hook_bytes=0
  group=708 opens=1 closes=0 bakes=1 reuse=0 live=13 hidden=1 hooks=4 hook_bytes=40800
  group=163 opens=1 closes=0 bakes=0 reuse=1 live=26 hidden=25 hooks=0 hook_bytes=0
  group=303 opens=1 closes=0 bakes=1 reuse=0 live=21 hidden=5 hooks=2 hook_bytes=20400
  group=90 opens=1 closes=0 bakes=1 reuse=0 live=60 hidden=13 hooks=13 hook_bytes=132600
  group=160 opens=1 closes=0 bakes=1 reuse=0 live=58 hidden=12 hooks=11 hook_bytes=112200
  group=122 opens=1 closes=0 bakes=1 reuse=0 live=33 hidden=15 hooks=9 hook_bytes=91800
  group=728 opens=1 closes=0 bakes=0 reuse=1 live=50 hidden=2 hooks=4 hook_bytes=40800
  group=896 opens=1 closes=0 bakes=0 reuse=1 live=903 hidden=902 hooks=0 hook_bytes=0
  group=593 opens=1 closes=0 bakes=1 reuse=0 live=117 hidden=7 hooks=6 hook_bytes=61200
  group=320 opens=1 closes=0 bakes=1 reuse=0 live=202 hidden=24 hooks=49 hook_bytes=499800
  group=629 opens=1 closes=0 bakes=1 reuse=0 live=46 hidden=5 hooks=3 hook_bytes=30600
  group=712 opens=1 closes=0 bakes=1 reuse=0 live=113 hidden=0 hooks=5 hook_bytes=51000
  group=149 opens=1 closes=0 bakes=0 reuse=1 live=29 hidden=0 hooks=28 hook_bytes=285600
  group=387 opens=1 closes=0 bakes=1 reuse=0 live=96 hidden=12 hooks=13 hook_bytes=132600
  group=541 opens=1 closes=0 bakes=1 reuse=0 live=124 hidden=33 hooks=30 hook_bytes=306000
  group=218 opens=1 closes=0 bakes=1 reuse=0 live=232 hidden=132 hooks=195 hook_bytes=1989000
  group=707 opens=1 closes=0 bakes=1 reuse=0 live=39 hidden=0 hooks=5 hook_bytes=51000
  group=109 opens=1 closes=0 bakes=1 reuse=0 live=96 hidden=13 hooks=10 hook_bytes=102000
  group=429 opens=1 closes=0 bakes=1 reuse=0 live=35 hidden=0 hooks=8 hook_bytes=81600
  group=182 opens=1 closes=0 bakes=1 reuse=0 live=94 hidden=3 hooks=10 hook_bytes=102000
  group=116 opens=1 closes=0 bakes=1 reuse=0 live=222 hidden=12 hooks=65 hook_bytes=663000
  group=216 opens=1 closes=0 bakes=1 reuse=0 live=124 hidden=0 hooks=61 hook_bytes=622200
  group=239 opens=1 closes=0 bakes=1 reuse=0 live=934 hidden=597 hooks=267 hook_bytes=2723400
  group=12 opens=54 closes=54 bakes=1 reuse=53 live=1787 hidden=73 hooks=1510 hook_bytes=15402000
  group=15 opens=54 closes=54 bakes=1 reuse=53 live=650 hidden=49 hooks=366 hook_bytes=3733200
  group=84 opens=54 closes=54 bakes=1 reuse=53 live=129 hidden=14 hooks=30 hook_bytes=306000
  group=729 opens=53 closes=53 bakes=0 reuse=53 live=36 hidden=1 hooks=6 hook_bytes=61200
  group=650 opens=53 closes=53 bakes=1 reuse=52 live=110 hidden=3 hooks=15 hook_bytes=153000
  group=894 opens=53 closes=52 bakes=1 reuse=52 live=413 hidden=4 hooks=117 hook_bytes=1193400
  group=32766 opens=0 closes=0 bakes=0 reuse=0 live=4 hidden=0 hooks=0 hook_bytes=0
torirs_stats: tick=16000 components=10131 live=10131 hidden=4384 freed=0 free_head=-1 inv_hooks=19 var_hooks=163 timers=28 timers_hidden=7 iface_parents=26
Dat2SpriteLoadByName: archive 'mapfunction' not found in sprites table
Dat2SpriteLoadByName: archive 'hitmark' not found in sprites table
CS2VM2: call depth 128 exhausted calling script 904 from script 904 (raise CS2VM_MAX_FRAMES)
Task_CS2Run: script 904 failed at opcode 40 pc 2 (invoked as script 903 for component 0xa10000)
  script 904: int_args=2 str_args=0 int_locals=2 str_locals=0 ops=4
  pc=0 op=33 PUSH_INT_LOCAL operand=0 str=(null)
  pc=1 op=33 PUSH_INT_LOCAL operand=1 str=(null)
  pc=2 op=40 GOSUB_WITH_PARAMS operand=904 str=(null)
  pc=3 op=21 RETURN operand=0 str=(null)
sim_hotkey: 'f9' -> osrs_key=9 at frame 54620
sim_hotkey: 'f10' -> osrs_key=10 at frame 54640
sim_hotkey: 'f11' -> osrs_key=11 at frame 54660
sim_hotkey: 'f12' -> osrs_key=12 at frame 54680
sim_hotkey: 'escape' -> osrs_key=13 at frame 54700
sim_hotkey: 'escape' -> osrs_key=13 at frame 54720
sim_hotkey: 'f1' -> osrs_key=1 at frame 54740
sim_hotkey: 'f2' -> osrs_key=2 at frame 54760
sim_hotkey: 'f3' -> osrs_key=3 at frame 54780
Dat2SpriteLoadByName: archive 'mapfunction' not found in sprites table
Dat2SpriteLoadByName: archive 'hitmark' not found in sprites table
Task_CS2Run: script 7188 failed at opcode 34 pc 14 (invoked as script 7128 for component 0x28a0000)
  script 7188: int_args=0 str_args=0 int_locals=1 str_locals=1 ops=31
  pc=0 op=0 PUSH_CONSTANT_INT operand=-1 str=(null)
  pc=1 op=34 POP_INT_LOCAL operand=0 str=(null)
  pc=2 op=3 PUSH_CONSTANT_STRING operand=0 str=
  pc=3 op=36 POP_STRING_LOCAL operand=0 str=(null)
  pc=4 op=25 PUSH_VARBIT operand=14881 str=(null)
  pc=5 op=60 SWITCH operand=0 str=(null)
  pc=6 op=3 PUSH_CONSTANT_STRING operand=0 str=graphic_4911
  pc=7 op=3 PUSH_CONSTANT_STRING operand=0 str=Grand Exchange value
  pc=8 op=36 POP_STRING_LOCAL operand=0 str=(null)
  pc=9 op=34 POP_INT_LOCAL operand=0 str=(null)
  pc=10 op=6 BRANCH operand=10 str=(null)
  pc=11 op=3 PUSH_CONSTANT_STRING operand=0 str=graphic_4912
  pc=12 op=3 PUSH_CONSTANT_STRING operand=0 str=High Alchemy value
  pc=13 op=36 POP_STRING_LOCAL operand=0 str=(null)
  pc=14 op=34 POP_INT_LOCAL operand=0 str=(null)
  pc=15 op=6 BRANCH operand=5 str=(null)
  pc=16 op=3 PUSH_CONSTANT_STRING operand=0 str=graphic_4911
CS2VM2: call depth 128 exhausted calling script 904 from script 904 (raise CS2VM_MAX_FRAMES)
Task_CS2Run: script 904 failed at opcode 40 pc 2 (invoked as script 903 for component 0xa10000)
  script 904: int_args=2 str_args=0 int_locals=2 str_locals=0 ops=4
  pc=0 op=33 PUSH_INT_LOCAL operand=0 str=(null)
  pc=1 op=33 PUSH_INT_LOCAL operand=1 str=(null)
  pc=2 op=40 GOSUB_WITH_PARAMS operand=904 str=(null)
  pc=3 op=21 RETURN operand=0 str=(null)
sim_hotkey: 'f4' -> osrs_key=4 at frame 54800
sim_hotkey: 'f5' -> osrs_key=5 at frame 54820
sim_hotkey: 'f6' -> osrs_key=6 at frame 54840
sim_hotkey: 'f7' -> osrs_key=7 at frame 54860
sim_hotkey: 'f8' -> osrs_key=8 at frame 54880
sim_hotkey: 'f9' -> osrs_key=9 at frame 54900
sim_hotkey: 'f10' -> osrs_key=10 at frame 54920
Dat2SpriteLoadByName: archive 'mapfunction' not found in sprites table
Dat2SpriteLoadByName: archive 'hitmark' not found in sprites table
CS2VM2: call depth 128 exhausted calling script 904 from script 904 (raise CS2VM_MAX_FRAMES)
Task_CS2Run: script 904 failed at opcode 40 pc 2 (invoked as script 903 for component 0xa10000)
  script 904: int_args=2 str_args=0 int_locals=2 str_locals=0 ops=4
  pc=0 op=33 PUSH_INT_LOCAL operand=0 str=(null)
  pc=1 op=33 PUSH_INT_LOCAL operand=1 str=(null)
  pc=2 op=40 GOSUB_WITH_PARAMS operand=904 str=(null)
  pc=3 op=21 RETURN operand=0 str=(null)
sim_hotkey: 'f11' -> osrs_key=11 at frame 54940
sim_hotkey: 'f12' -> osrs_key=12 at frame 54960
sim_hotkey: 'escape' -> osrs_key=13 at frame 54980
sim_hotkey: 'escape' -> osrs_key=13 at frame 55000
torirs_perf: window=109 frame_p95=5.16ms
sim_hotkey: 'f1' -> osrs_key=1 at frame 55020
sim_hotkey: 'f2' -> osrs_key=2 at frame 55040
sim_hotkey: 'f3' -> osrs_key=3 at frame 55060
sim_hotkey: 'f4' -> osrs_key=4 at frame 55080
sim_hotkey: 'f5' -> osrs_key=5 at frame 55100
sim_hotkey: 'f6' -> osrs_key=6 at frame 55120
sim_hotkey: 'f7' -> osrs_key=7 at frame 55140
sim_hotkey: 'f8' -> osrs_key=8 at frame 55160
sim_hotkey: 'f9' -> osrs_key=9 at frame 55180
sim_hotkey: 'f10' -> osrs_key=10 at frame 55200
sim_hotkey: 'f11' -> osrs_key=11 at frame 55220
sim_hotkey: 'f12' -> osrs_key=12 at frame 55240
sim_hotkey: 'escape' -> osrs_key=13 at frame 55260
Failed to load dat2 idk 307
Dat2SpriteLoadByName: archive 'mapfunction' not found in sprites table
Dat2SpriteLoadByName: archive 'hitmark' not found in sprites table
CS2VM2: call depth 128 exhausted calling script 904 from script 904 (raise CS2VM_MAX_FRAMES)
Task_CS2Run: script 904 failed at opcode 40 pc 2 (invoked as script 903 for component 0xa10000)
  script 904: int_args=2 str_args=0 int_locals=2 str_locals=0 ops=4
  pc=0 op=33 PUSH_INT_LOCAL operand=0 str=(null)
  pc=1 op=33 PUSH_INT_LOCAL operand=1 str=(null)
  pc=2 op=40 GOSUB_WITH_PARAMS operand=904 str=(null)
  pc=3 op=21 RETURN operand=0 str=(null)
Dat2SpriteLoadByName: archive 'mapfunction' not found in sprites table
Dat2SpriteLoadByName: archive 'hitmark' not found in sprites table
CS2VM2: call depth 128 exhausted calling script 904 from script 904 (raise CS2VM_MAX_FRAMES)
Task_CS2Run: script 904 failed at opcode 40 pc 2 (invoked as script 903 for component 0xa10000)
  script 904: int_args=2 str_args=0 int_locals=2 str_locals=0 ops=4
  pc=0 op=33 PUSH_INT_LOCAL operand=0 str=(null)
  pc=1 op=33 PUSH_INT_LOCAL operand=1 str=(null)
  pc=2 op=40 GOSUB_WITH_PARAMS operand=904 str=(null)
  pc=3 op=21 RETURN operand=0 str=(null)
sim_hotkey: 'escape' -> osrs_key=13 at frame 55280
CS2VM2: call depth 128 exhausted calling script 904 from script 904 (raise CS2VM_MAX_FRAMES)
Task_CS2Run: script 904 failed at opcode 40 pc 2 (invoked as script 903 for component 0xa10000)
  script 904: int_args=2 str_args=0 int_locals=2 str_locals=0 ops=4
  pc=0 op=33 PUSH_INT_LOCAL operand=0 str=(null)
  pc=1 op=33 PUSH_INT_LOCAL operand=1 str=(null)
  pc=2 op=40 GOSUB_WITH_PARAMS operand=904 str=(null)
  pc=3 op=21 RETURN operand=0 str=(null)
CS2VM2: call depth 128 exhausted calling script 904 from script 904 (raise CS2VM_MAX_FRAMES)
Task_CS2Run: script 904 failed at opcode 40 pc 2 (invoked as script 903 for component 0xa10000)
  script 904: int_args=2 str_args=0 int_locals=2 str_locals=0 ops=4
  pc=0 op=33 PUSH_INT_LOCAL operand=0 str=(null)
  pc=1 op=33 PUSH_INT_LOCAL operand=1 str=(null)
  pc=2 op=40 GOSUB_WITH_PARAMS operand=904 str=(null)
  pc=3 op=21 RETURN operand=0 str=(null)
CS2VM2: call depth 128 exhausted calling script 904 from script 904 (raise CS2VM_MAX_FRAMES)
Task_CS2Run: script 904 failed at opcode 40 pc 2 (invoked as script 903 for component 0xa10000)
  script 904: int_args=2 str_args=0 int_locals=2 str_locals=0 ops=4
  pc=0 op=33 PUSH_INT_LOCAL operand=0 str=(null)
  pc=1 op=33 PUSH_INT_LOCAL operand=1 str=(null)
  pc=2 op=40 GOSUB_WITH_PARAMS operand=904 str=(null)
  pc=3 op=21 RETURN operand=0 str=(null)
CS2VM2: call depth 128 exhausted calling script 904 from script 904 (raise CS2VM_MAX_FRAMES)
Task_CS2Run: script 904 failed at opcode 40 pc 2 (invoked as script 903 for component 0xa10000)
  script 904: int_args=2 str_args=0 int_locals=2 str_locals=0 ops=4
  pc=0 op=33 PUSH_INT_LOCAL operand=0 str=(null)
  pc=1 op=33 PUSH_INT_LOCAL operand=1 str=(null)
  pc=2 op=40 GOSUB_WITH_PARAMS operand=904 str=(null)
  pc=3 op=21 RETURN operand=0 str=(null)
sim_hotkey: 'f1' -> osrs_key=1 at frame 55300
sim_hotkey: 'f2' -> osrs_key=2 at frame 55320
sim_hotkey: 'f3' -> osrs_key=3 at frame 55340
sim_hotkey: 'f4' -> osrs_key=4 at frame 55360
sim_hotkey: 'f5' -> osrs_key=5 at frame 55380
sim_hotkey: 'f6' -> osrs_key=6 at frame 55400
torirs_iface_stats: tick=16250 groups=33
  group=161 opens=1 closes=0 bakes=1 reuse=0 live=106 hidden=14 hooks=22 hook_bytes=224400
  group=162 opens=1 closes=0 bakes=1 reuse=0 live=3222 hidden=2413 hooks=18 hook_bytes=183600
  group=651 opens=1 closes=0 bakes=1 reuse=0 live=7 hidden=0 hooks=0 hook_bytes=0
  group=708 opens=1 closes=0 bakes=1 reuse=0 live=13 hidden=1 hooks=4 hook_bytes=40800
  group=163 opens=1 closes=0 bakes=0 reuse=1 live=26 hidden=25 hooks=0 hook_bytes=0
  group=303 opens=1 closes=0 bakes=1 reuse=0 live=21 hidden=5 hooks=2 hook_bytes=20400
  group=90 opens=1 closes=0 bakes=1 reuse=0 live=60 hidden=13 hooks=13 hook_bytes=132600
  group=160 opens=1 closes=0 bakes=1 reuse=0 live=58 hidden=12 hooks=11 hook_bytes=112200
  group=122 opens=1 closes=0 bakes=1 reuse=0 live=33 hidden=15 hooks=9 hook_bytes=91800
  group=728 opens=1 closes=0 bakes=0 reuse=1 live=50 hidden=2 hooks=4 hook_bytes=40800
  group=896 opens=1 closes=0 bakes=0 reuse=1 live=903 hidden=902 hooks=0 hook_bytes=0
  group=593 opens=1 closes=0 bakes=1 reuse=0 live=117 hidden=7 hooks=6 hook_bytes=61200
  group=320 opens=1 closes=0 bakes=1 reuse=0 live=202 hidden=24 hooks=49 hook_bytes=499800
  group=629 opens=1 closes=0 bakes=1 reuse=0 live=46 hidden=5 hooks=3 hook_bytes=30600
  group=712 opens=1 closes=0 bakes=1 reuse=0 live=113 hidden=0 hooks=5 hook_bytes=51000
  group=149 opens=1 closes=0 bakes=0 reuse=1 live=29 hidden=0 hooks=28 hook_bytes=285600
  group=387 opens=1 closes=0 bakes=1 reuse=0 live=96 hidden=12 hooks=13 hook_bytes=132600
  group=541 opens=1 closes=0 bakes=1 reuse=0 live=124 hidden=33 hooks=30 hook_bytes=306000
  group=218 opens=1 closes=0 bakes=1 reuse=0 live=232 hidden=132 hooks=195 hook_bytes=1989000
  group=707 opens=1 closes=0 bakes=1 reuse=0 live=39 hidden=0 hooks=5 hook_bytes=51000
  group=109 opens=1 closes=0 bakes=1 reuse=0 live=96 hidden=13 hooks=10 hook_bytes=102000
  group=429 opens=1 closes=0 bakes=1 reuse=0 live=35 hidden=0 hooks=8 hook_bytes=81600
  group=182 opens=1 closes=0 bakes=1 reuse=0 live=94 hidden=3 hooks=10 hook_bytes=102000
  group=116 opens=1 closes=0 bakes=1 reuse=0 live=222 hidden=12 hooks=65 hook_bytes=663000
  group=216 opens=1 closes=0 bakes=1 reuse=0 live=124 hidden=0 hooks=61 hook_bytes=622200
  group=239 opens=1 closes=0 bakes=1 reuse=0 live=934 hidden=597 hooks=267 hook_bytes=2723400
  group=12 opens=55 closes=55 bakes=1 reuse=54 live=1787 hidden=73 hooks=1510 hook_bytes=15402000
  group=15 opens=55 closes=55 bakes=1 reuse=54 live=650 hidden=49 hooks=366 hook_bytes=3733200
  group=84 opens=54 closes=54 bakes=1 reuse=53 live=129 hidden=14 hooks=30 hook_bytes=306000
  group=729 opens=54 closes=54 bakes=0 reuse=54 live=36 hidden=1 hooks=6 hook_bytes=61200
  group=650 opens=54 closes=54 bakes=1 reuse=53 live=110 hidden=3 hooks=15 hook_bytes=153000
  group=894 opens=54 closes=53 bakes=1 reuse=53 live=413 hidden=4 hooks=117 hook_bytes=1193400
  group=32766 opens=0 closes=0 bakes=0 reuse=0 live=4 hidden=0 hooks=0 hook_bytes=0
torirs_stats: tick=16250 components=10131 live=10131 hidden=4384 freed=0 free_head=-1 inv_hooks=19 var_hooks=163 timers=28 timers_hidden=7 iface_parents=26
Failed to load dat2 idk 307
Dat2SpriteLoadByName: archive 'mapfunction' not found in sprites table
Dat2SpriteLoadByName: archive 'hitmark' not found in sprites table
CS2VM2: call depth 128 exhausted calling script 904 from script 904 (raise CS2VM_MAX_FRAMES)
Task_CS2Run: script 904 failed at opcode 40 pc 2 (invoked as script 903 for component 0xa10000)
  script 904: int_args=2 str_args=0 int_locals=2 str_locals=0 ops=4
  pc=0 op=33 PUSH_INT_LOCAL operand=0 str=(null)
  pc=1 op=33 PUSH_INT_LOCAL operand=1 str=(null)
  pc=2 op=40 GOSUB_WITH_PARAMS operand=904 str=(null)
  pc=3 op=21 RETURN operand=0 str=(null)
sim_hotkey: 'f7' -> osrs_key=7 at frame 55420
sim_hotkey: 'f8' -> osrs_key=8 at frame 55440
sim_hotkey: 'f9' -> osrs_key=9 at frame 55460
sim_hotkey: 'f10' -> osrs_key=10 at frame 55480
sim_hotkey: 'f11' -> osrs_key=11 at frame 55500
torirs_perf: window=110 frame_p95=5.50ms
sim_hotkey: 'f12' -> osrs_key=12 at frame 55520
sim_hotkey: 'escape' -> osrs_key=13 at frame 55540
sim_hotkey: 'escape' -> osrs_key=13 at frame 55560
CS2VM2: call depth 128 exhausted calling script 904 from script 904 (raise CS2VM_MAX_FRAMES)
Task_CS2Run: script 904 failed at opcode 40 pc 2 (invoked as script 903 for component 0xa10000)
  script 904: int_args=2 str_args=0 int_locals=2 str_locals=0 ops=4
  pc=0 op=33 PUSH_INT_LOCAL operand=0 str=(null)
  pc=1 op=33 PUSH_INT_LOCAL operand=1 str=(null)
  pc=2 op=40 GOSUB_WITH_PARAMS operand=904 str=(null)
  pc=3 op=21 RETURN operand=0 str=(null)
CS2VM2: call depth 128 exhausted calling script 904 from script 904 (raise CS2VM_MAX_FRAMES)
Task_CS2Run: script 904 failed at opcode 40 pc 2 (invoked as script 903 for component 0xa10000)
  script 904: int_args=2 str_args=0 int_locals=2 str_locals=0 ops=4
  pc=0 op=33 PUSH_INT_LOCAL operand=0 str=(null)
  pc=1 op=33 PUSH_INT_LOCAL operand=1 str=(null)
  pc=2 op=40 GOSUB_WITH_PARAMS operand=904 str=(null)
  pc=3 op=21 RETURN operand=0 str=(null)
Dat2SpriteLoadByName: archive 'mapfunction' not found in sprites table
Dat2SpriteLoadByName: archive 'hitmark' not found in sprites table
CS2VM2: call depth 128 exhausted calling script 904 from script 904 (raise CS2VM_MAX_FRAMES)
Task_CS2Run: script 904 failed at opcode 40 pc 2 (invoked as script 903 for component 0xa10000)
  script 904: int_args=2 str_args=0 int_locals=2 str_locals=0 ops=4
  pc=0 op=33 PUSH_INT_LOCAL operand=0 str=(null)
  pc=1 op=33 PUSH_INT_LOCAL operand=1 str=(null)
  pc=2 op=40 GOSUB_WITH_PARAMS operand=904 str=(null)
  pc=3 op=21 RETURN operand=0 str=(null)
sim_hotkey: 'f1' -> osrs_key=1 at frame 55580
sim_hotkey: 'f2' -> osrs_key=2 at frame 55600
sim_hotkey: 'f3' -> osrs_key=3 at frame 55620
sim_hotkey: 'f4' -> osrs_key=4 at frame 55640
sim_hotkey: 'f5' -> osrs_key=5 at frame 55660
sim_hotkey: 'f6' -> osrs_key=6 at frame 55680
sim_hotkey: 'f7' -> osrs_key=7 at frame 55700
sim_hotkey: 'f8' -> osrs_key=8 at frame 55720
sim_hotkey: 'f9' -> osrs_key=9 at frame 55740
Dat2SpriteLoadByName: archive 'mapfunction' not found in sprites table
Dat2SpriteLoadByName: archive 'hitmark' not found in sprites table
Task_CS2Run: script 7188 failed at opcode 34 pc 14 (invoked as script 7128 for component 0x28a0000)
  script 7188: int_args=0 str_args=0 int_locals=1 str_locals=1 ops=31
  pc=0 op=0 PUSH_CONSTANT_INT operand=-1 str=(null)
  pc=1 op=34 POP_INT_LOCAL operand=0 str=(null)
  pc=2 op=3 PUSH_CONSTANT_STRING operand=0 str=
  pc=3 op=36 POP_STRING_LOCAL operand=0 str=(null)
  pc=4 op=25 PUSH_VARBIT operand=14881 str=(null)
  pc=5 op=60 SWITCH operand=0 str=(null)
  pc=6 op=3 PUSH_CONSTANT_STRING operand=0 str=graphic_4911
  pc=7 op=3 PUSH_CONSTANT_STRING operand=0 str=Grand Exchange value
  pc=8 op=36 POP_STRING_LOCAL operand=0 str=(null)
  pc=9 op=34 POP_INT_LOCAL operand=0 str=(null)
  pc=10 op=6 BRANCH operand=10 str=(null)
  pc=11 op=3 PUSH_CONSTANT_STRING operand=0 str=graphic_4912
  pc=12 op=3 PUSH_CONSTANT_STRING operand=0 str=High Alchemy value
  pc=13 op=36 POP_STRING_LOCAL operand=0 str=(null)
  pc=14 op=34 POP_INT_LOCAL operand=0 str=(null)
  pc=15 op=6 BRANCH operand=5 str=(null)
  pc=16 op=3 PUSH_CONSTANT_STRING operand=0 str=graphic_4911
CS2VM2: call depth 128 exhausted calling script 904 from script 904 (raise CS2VM_MAX_FRAMES)
Task_CS2Run: script 904 failed at opcode 40 pc 2 (invoked as script 903 for component 0xa10000)
  script 904: int_args=2 str_args=0 int_locals=2 str_locals=0 ops=4
  pc=0 op=33 PUSH_INT_LOCAL operand=0 str=(null)
  pc=1 op=33 PUSH_INT_LOCAL operand=1 str=(null)
  pc=2 op=40 GOSUB_WITH_PARAMS operand=904 str=(null)
  pc=3 op=21 RETURN operand=0 str=(null)
sim_hotkey: 'f10' -> osrs_key=10 at frame 55760
sim_hotkey: 'f11' -> osrs_key=11 at frame 55780
sim_hotkey: 'f12' -> osrs_key=12 at frame 55800
sim_hotkey: 'escape' -> osrs_key=13 at frame 55820
sim_hotkey: 'escape' -> osrs_key=13 at frame 55840
sim_hotkey: 'f1' -> osrs_key=1 at frame 55860
sim_hotkey: 'f2' -> osrs_key=2 at frame 55880
sim_hotkey: 'f3' -> osrs_key=3 at frame 55900
sim_hotkey: 'f4' -> osrs_key=4 at frame 55920
Dat2SpriteLoadByName: archive 'mapfunction' not found in sprites table
Dat2SpriteLoadByName: archive 'hitmark' not found in sprites table
CS2VM2: call depth 128 exhausted calling script 904 from script 904 (raise CS2VM_MAX_FRAMES)
Task_CS2Run: script 904 failed at opcode 40 pc 2 (invoked as script 903 for component 0xa10000)
  script 904: int_args=2 str_args=0 int_locals=2 str_locals=0 ops=4
  pc=0 op=33 PUSH_INT_LOCAL operand=0 str=(null)
  pc=1 op=33 PUSH_INT_LOCAL operand=1 str=(null)
  pc=2 op=40 GOSUB_WITH_PARAMS operand=904 str=(null)
  pc=3 op=21 RETURN operand=0 str=(null)
sim_hotkey: 'f5' -> osrs_key=5 at frame 55940
sim_hotkey: 'f6' -> osrs_key=6 at frame 55960
sim_hotkey: 'f7' -> osrs_key=7 at frame 55980
sim_hotkey: 'f8' -> osrs_key=8 at frame 56000
torirs_perf: window=111 frame_p95=5.82ms
sim_hotkey: 'f9' -> osrs_key=9 at frame 56020
sim_hotkey: 'f10' -> osrs_key=10 at frame 56040
sim_hotkey: 'f11' -> osrs_key=11 at frame 56060
sim_hotkey: 'f12' -> osrs_key=12 at frame 56080
sim_hotkey: 'escape' -> osrs_key=13 at frame 56100
sim_hotkey: 'escape' -> osrs_key=13 at frame 56120
sim_hotkey: 'f1' -> osrs_key=1 at frame 56140
sim_hotkey: 'f2' -> osrs_key=2 at frame 56160
sim_hotkey: 'f3' -> osrs_key=3 at frame 56180
sim_hotkey: 'f4' -> osrs_key=4 at frame 56200
sim_hotkey: 'f5' -> osrs_key=5 at frame 56220
sim_hotkey: 'f6' -> osrs_key=6 at frame 56240
sim_hotkey: 'f7' -> osrs_key=7 at frame 56260
torirs_iface_stats: tick=16500 groups=33
  group=161 opens=1 closes=0 bakes=1 reuse=0 live=106 hidden=14 hooks=22 hook_bytes=224400
  group=162 opens=1 closes=0 bakes=1 reuse=0 live=3222 hidden=2413 hooks=18 hook_bytes=183600
  group=651 opens=1 closes=0 bakes=1 reuse=0 live=7 hidden=0 hooks=0 hook_bytes=0
  group=708 opens=1 closes=0 bakes=1 reuse=0 live=13 hidden=1 hooks=4 hook_bytes=40800
  group=163 opens=1 closes=0 bakes=0 reuse=1 live=26 hidden=25 hooks=0 hook_bytes=0
  group=303 opens=1 closes=0 bakes=1 reuse=0 live=21 hidden=5 hooks=2 hook_bytes=20400
  group=90 opens=1 closes=0 bakes=1 reuse=0 live=60 hidden=13 hooks=13 hook_bytes=132600
  group=160 opens=1 closes=0 bakes=1 reuse=0 live=58 hidden=12 hooks=11 hook_bytes=112200
  group=122 opens=1 closes=0 bakes=1 reuse=0 live=33 hidden=15 hooks=9 hook_bytes=91800
  group=728 opens=1 closes=0 bakes=0 reuse=1 live=50 hidden=2 hooks=4 hook_bytes=40800
  group=896 opens=1 closes=0 bakes=0 reuse=1 live=903 hidden=902 hooks=0 hook_bytes=0
  group=593 opens=1 closes=0 bakes=1 reuse=0 live=117 hidden=7 hooks=6 hook_bytes=61200
  group=320 opens=1 closes=0 bakes=1 reuse=0 live=202 hidden=24 hooks=49 hook_bytes=499800
  group=629 opens=1 closes=0 bakes=1 reuse=0 live=46 hidden=5 hooks=3 hook_bytes=30600
  group=712 opens=1 closes=0 bakes=1 reuse=0 live=113 hidden=0 hooks=5 hook_bytes=51000
  group=149 opens=1 closes=0 bakes=0 reuse=1 live=29 hidden=0 hooks=28 hook_bytes=285600
  group=387 opens=1 closes=0 bakes=1 reuse=0 live=96 hidden=12 hooks=13 hook_bytes=132600
  group=541 opens=1 closes=0 bakes=1 reuse=0 live=124 hidden=33 hooks=30 hook_bytes=306000
  group=218 opens=1 closes=0 bakes=1 reuse=0 live=232 hidden=132 hooks=195 hook_bytes=1989000
  group=707 opens=1 closes=0 bakes=1 reuse=0 live=39 hidden=0 hooks=5 hook_bytes=51000
  group=109 opens=1 closes=0 bakes=1 reuse=0 live=96 hidden=13 hooks=10 hook_bytes=102000
  group=429 opens=1 closes=0 bakes=1 reuse=0 live=35 hidden=0 hooks=8 hook_bytes=81600
  group=182 opens=1 closes=0 bakes=1 reuse=0 live=94 hidden=3 hooks=10 hook_bytes=102000
  group=116 opens=1 closes=0 bakes=1 reuse=0 live=222 hidden=12 hooks=65 hook_bytes=663000
  group=216 opens=1 closes=0 bakes=1 reuse=0 live=124 hidden=0 hooks=61 hook_bytes=622200
  group=239 opens=1 closes=0 bakes=1 reuse=0 live=934 hidden=597 hooks=267 hook_bytes=2723400
  group=12 opens=55 closes=55 bakes=1 reuse=54 live=1787 hidden=73 hooks=1510 hook_bytes=15402000
  group=15 opens=55 closes=55 bakes=1 reuse=54 live=650 hidden=49 hooks=366 hook_bytes=3733200
  group=84 opens=55 closes=55 bakes=1 reuse=54 live=129 hidden=14 hooks=30 hook_bytes=306000
  group=729 opens=55 closes=55 bakes=0 reuse=55 live=36 hidden=1 hooks=6 hook_bytes=61200
  group=650 opens=55 closes=55 bakes=1 reuse=54 live=110 hidden=3 hooks=15 hook_bytes=153000
  group=894 opens=55 closes=54 bakes=1 reuse=54 live=413 hidden=4 hooks=117 hook_bytes=1193400
  group=32766 opens=0 closes=0 bakes=0 reuse=0 live=4 hidden=0 hooks=0 hook_bytes=0
torirs_stats: tick=16500 components=10131 live=10131 hidden=4384 freed=0 free_head=-1 inv_hooks=19 var_hooks=163 timers=28 timers_hidden=7 iface_parents=26
Failed to load dat2 idk 307
Dat2SpriteLoadByName: archive 'mapfunction' not found in sprites table
Dat2SpriteLoadByName: archive 'hitmark' not found in sprites table
CS2VM2: call depth 128 exhausted calling script 904 from script 904 (raise CS2VM_MAX_FRAMES)
Task_CS2Run: script 904 failed at opcode 40 pc 2 (invoked as script 903 for component 0xa10000)
  script 904: int_args=2 str_args=0 int_locals=2 str_locals=0 ops=4
  pc=0 op=33 PUSH_INT_LOCAL operand=0 str=(null)
  pc=1 op=33 PUSH_INT_LOCAL operand=1 str=(null)
  pc=2 op=40 GOSUB_WITH_PARAMS operand=904 str=(null)
  pc=3 op=21 RETURN operand=0 str=(null)
Dat2SpriteLoadByName: archive 'mapfunction' not found in sprites table
Dat2SpriteLoadByName: archive 'hitmark' not found in sprites table
CS2VM2: call depth 128 exhausted calling script 904 from script 904 (raise CS2VM_MAX_FRAMES)
Task_CS2Run: script 904 failed at opcode 40 pc 2 (invoked as script 903 for component 0xa10000)
  script 904: int_args=2 str_args=0 int_locals=2 str_locals=0 ops=4
  pc=0 op=33 PUSH_INT_LOCAL operand=0 str=(null)
  pc=1 op=33 PUSH_INT_LOCAL operand=1 str=(null)
  pc=2 op=40 GOSUB_WITH_PARAMS operand=904 str=(null)
  pc=3 op=21 RETURN operand=0 str=(null)
sim_hotkey: 'f8' -> osrs_key=8 at frame 56280
sim_hotkey: 'f9' -> osrs_key=9 at frame 56300
sim_hotkey: 'f10' -> osrs_key=10 at frame 56320
sim_hotkey: 'f11' -> osrs_key=11 at frame 56340
sim_hotkey: 'f12' -> osrs_key=12 at frame 56360
sim_hotkey: 'escape' -> osrs_key=13 at frame 56380
sim_hotkey: 'escape' -> osrs_key=13 at frame 56400
CS2VM2: call depth 128 exhausted calling script 904 from script 904 (raise CS2VM_MAX_FRAMES)
Task_CS2Run: script 904 failed at opcode 40 pc 2 (invoked as script 903 for component 0xa10000)
  script 904: int_args=2 str_args=0 int_locals=2 str_locals=0 ops=4
  pc=0 op=33 PUSH_INT_LOCAL operand=0 str=(null)
  pc=1 op=33 PUSH_INT_LOCAL operand=1 str=(null)
  pc=2 op=40 GOSUB_WITH_PARAMS operand=904 str=(null)
  pc=3 op=21 RETURN operand=0 str=(null)
CS2VM2: call depth 128 exhausted calling script 904 from script 904 (raise CS2VM_MAX_FRAMES)
Task_CS2Run: script 904 failed at opcode 40 pc 2 (invoked as script 903 for component 0xa10000)
  script 904: int_args=2 str_args=0 int_locals=2 str_locals=0 ops=4
  pc=0 op=33 PUSH_INT_LOCAL operand=0 str=(null)
  pc=1 op=33 PUSH_INT_LOCAL operand=1 str=(null)
  pc=2 op=40 GOSUB_WITH_PARAMS operand=904 str=(null)
  pc=3 op=21 RETURN operand=0 str=(null)
CS2VM2: call depth 128 exhausted calling script 904 from script 904 (raise CS2VM_MAX_FRAMES)
Task_CS2Run: script 904 failed at opcode 40 pc 2 (invoked as script 903 for component 0xa10000)
  script 904: int_args=2 str_args=0 int_locals=2 str_locals=0 ops=4
  pc=0 op=33 PUSH_INT_LOCAL operand=0 str=(null)
  pc=1 op=33 PUSH_INT_LOCAL operand=1 str=(null)
  pc=2 op=40 GOSUB_WITH_PARAMS operand=904 str=(null)
  pc=3 op=21 RETURN operand=0 str=(null)
CS2VM2: call depth 128 exhausted calling script 904 from script 904 (raise CS2VM_MAX_FRAMES)
Task_CS2Run: script 904 failed at opcode 40 pc 2 (invoked as script 903 for component 0xa10000)
  script 904: int_args=2 str_args=0 int_locals=2 str_locals=0 ops=4
  pc=0 op=33 PUSH_INT_LOCAL operand=0 str=(null)
  pc=1 op=33 PUSH_INT_LOCAL operand=1 str=(null)
  pc=2 op=40 GOSUB_WITH_PARAMS operand=904 str=(null)
  pc=3 op=21 RETURN operand=0 str=(null)
Failed to load dat2 idk 307
Dat2SpriteLoadByName: archive 'mapfunction' not found in sprites table
Dat2SpriteLoadByName: archive 'hitmark' not found in sprites table
CS2VM2: call depth 128 exhausted calling script 904 from script 904 (raise CS2VM_MAX_FRAMES)
Task_CS2Run: script 904 failed at opcode 40 pc 2 (invoked as script 903 for component 0xa10000)
  script 904: int_args=2 str_args=0 int_locals=2 str_locals=0 ops=4
  pc=0 op=33 PUSH_INT_LOCAL operand=0 str=(null)
  pc=1 op=33 PUSH_INT_LOCAL operand=1 str=(null)
  pc=2 op=40 GOSUB_WITH_PARAMS operand=904 str=(null)
  pc=3 op=21 RETURN operand=0 str=(null)
sim_hotkey: 'f1' -> osrs_key=1 at frame 56420
CS2VM2: call depth 128 exhausted calling script 904 from script 904 (raise CS2VM_MAX_FRAMES)
Task_CS2Run: script 904 failed at opcode 40 pc 2 (invoked as script 903 for component 0xa10000)
  script 904: int_args=2 str_args=0 int_locals=2 str_locals=0 ops=4
  pc=0 op=33 PUSH_INT_LOCAL operand=0 str=(null)
  pc=1 op=33 PUSH_INT_LOCAL operand=1 str=(null)
  pc=2 op=40 GOSUB_WITH_PARAMS operand=904 str=(null)
  pc=3 op=21 RETURN operand=0 str=(null)
CS2VM2: call depth 128 exhausted calling script 904 from script 904 (raise CS2VM_MAX_FRAMES)
Task_CS2Run: script 904 failed at opcode 40 pc 2 (invoked as script 903 for component 0xa10000)
  script 904: int_args=2 str_args=0 int_locals=2 str_locals=0 ops=4
  pc=0 op=33 PUSH_INT_LOCAL operand=0 str=(null)
  pc=1 op=33 PUSH_INT_LOCAL operand=1 str=(null)
  pc=2 op=40 GOSUB_WITH_PARAMS operand=904 str=(null)
  pc=3 op=21 RETURN operand=0 str=(null)
sim_hotkey: 'f2' -> osrs_key=2 at frame 56440
sim_hotkey: 'f3' -> osrs_key=3 at frame 56460
sim_hotkey: 'f4' -> osrs_key=4 at frame 56480
sim_hotkey: 'f5' -> osrs_key=5 at frame 56500
torirs_perf: window=112 frame_p95=5.50ms
sim_hotkey: 'f6' -> osrs_key=6 at frame 56520
sim_hotkey: 'f7' -> osrs_key=7 at frame 56540
sim_hotkey: 'f8' -> osrs_key=8 at frame 56560
Dat2SpriteLoadByName: archive 'mapfunction' not found in sprites table
Dat2SpriteLoadByName: archive 'hitmark' not found in sprites table
CS2VM2: call depth 128 exhausted calling script 904 from script 904 (raise CS2VM_MAX_FRAMES)
Task_CS2Run: script 904 failed at opcode 40 pc 2 (invoked as script 903 for component 0xa10000)
  script 904: int_args=2 str_args=0 int_locals=2 str_locals=0 ops=4
  pc=0 op=33 PUSH_INT_LOCAL operand=0 str=(null)
  pc=1 op=33 PUSH_INT_LOCAL operand=1 str=(null)
  pc=2 op=40 GOSUB_WITH_PARAMS operand=904 str=(null)
  pc=3 op=21 RETURN operand=0 str=(null)
sim_hotkey: 'f9' -> osrs_key=9 at frame 56580
sim_hotkey: 'f10' -> osrs_key=10 at frame 56600
sim_hotkey: 'f11' -> osrs_key=11 at frame 56620
sim_hotkey: 'f12' -> osrs_key=12 at frame 56640
sim_hotkey: 'escape' -> osrs_key=13 at frame 56660
sim_hotkey: 'escape' -> osrs_key=13 at frame 56680
sim_hotkey: 'f1' -> osrs_key=1 at frame 56700
sim_hotkey: 'f2' -> osrs_key=2 at frame 56720
sim_hotkey: 'f3' -> osrs_key=3 at frame 56740
sim_hotkey: 'f4' -> osrs_key=4 at frame 56760
Dat2SpriteLoadByName: archive 'mapfunction' not found in sprites table
Dat2SpriteLoadByName: archive 'hitmark' not found in sprites table
Task_CS2Run: script 7188 failed at opcode 34 pc 14 (invoked as script 7128 for component 0x28a0000)
  script 7188: int_args=0 str_args=0 int_locals=1 str_locals=1 ops=31
  pc=0 op=0 PUSH_CONSTANT_INT operand=-1 str=(null)
  pc=1 op=34 POP_INT_LOCAL operand=0 str=(null)
  pc=2 op=3 PUSH_CONSTANT_STRING operand=0 str=
  pc=3 op=36 POP_STRING_LOCAL operand=0 str=(null)
  pc=4 op=25 PUSH_VARBIT operand=14881 str=(null)
  pc=5 op=60 SWITCH operand=0 str=(null)
  pc=6 op=3 PUSH_CONSTANT_STRING operand=0 str=graphic_4911
  pc=7 op=3 PUSH_CONSTANT_STRING operand=0 str=Grand Exchange value
  pc=8 op=36 POP_STRING_LOCAL operand=0 str=(null)
  pc=9 op=34 POP_INT_LOCAL operand=0 str=(null)
  pc=10 op=6 BRANCH operand=10 str=(null)
  pc=11 op=3 PUSH_CONSTANT_STRING operand=0 str=graphic_4912
  pc=12 op=3 PUSH_CONSTANT_STRING operand=0 str=High Alchemy value
  pc=13 op=36 POP_STRING_LOCAL operand=0 str=(null)
  pc=14 op=34 POP_INT_LOCAL operand=0 str=(null)
  pc=15 op=6 BRANCH operand=5 str=(null)
  pc=16 op=3 PUSH_CONSTANT_STRING operand=0 str=graphic_4911
CS2VM2: call depth 128 exhausted calling script 904 from script 904 (raise CS2VM_MAX_FRAMES)
Task_CS2Run: script 904 failed at opcode 40 pc 2 (invoked as script 903 for component 0xa10000)
  script 904: int_args=2 str_args=0 int_locals=2 str_locals=0 ops=4
  pc=0 op=33 PUSH_INT_LOCAL operand=0 str=(null)
  pc=1 op=33 PUSH_INT_LOCAL operand=1 str=(null)
  pc=2 op=40 GOSUB_WITH_PARAMS operand=904 str=(null)
  pc=3 op=21 RETURN operand=0 str=(null)
sim_hotkey: 'f5' -> osrs_key=5 at frame 56780
sim_hotkey: 'f6' -> osrs_key=6 at frame 56800
sim_hotkey: 'f7' -> osrs_key=7 at frame 56820
sim_hotkey: 'f8' -> osrs_key=8 at frame 56840
sim_hotkey: 'f9' -> osrs_key=9 at frame 56860
sim_hotkey: 'f10' -> osrs_key=10 at frame 56880
sim_hotkey: 'f11' -> osrs_key=11 at frame 56900
spawn_npc: npc=3111 element=59755 tile=90,84 level=0 size=1 recolors=3 retextures=0
sim_hotkey: 'f12' -> osrs_key=12 at frame 56920
sim_hotkey: 'escape' -> osrs_key=13 at frame 56940
Dat2SpriteLoadByName: archive 'mapfunction' not found in sprites table
Dat2SpriteLoadByName: archive 'hitmark' not found in sprites table
CS2VM2: call depth 128 exhausted calling script 904 from script 904 (raise CS2VM_MAX_FRAMES)
Task_CS2Run: script 904 failed at opcode 40 pc 2 (invoked as script 903 for component 0xa10000)
  script 904: int_args=2 str_args=0 int_locals=2 str_locals=0 ops=4
  pc=0 op=33 PUSH_INT_LOCAL operand=0 str=(null)
  pc=1 op=33 PUSH_INT_LOCAL operand=1 str=(null)
  pc=2 op=40 GOSUB_WITH_PARAMS operand=904 str=(null)
  pc=3 op=21 RETURN operand=0 str=(null)
sim_hotkey: 'escape' -> osrs_key=13 at frame 56960
sim_hotkey: 'f1' -> osrs_key=1 at frame 56980
sim_hotkey: 'f2' -> osrs_key=2 at frame 57000
torirs_perf: window=113 frame_p95=4.70ms
sim_hotkey: 'f3' -> osrs_key=3 at frame 57020
sim_hotkey: 'f4' -> osrs_key=4 at frame 57040
sim_hotkey: 'f5' -> osrs_key=5 at frame 57060
sim_hotkey: 'f6' -> osrs_key=6 at frame 57080
sim_hotkey: 'f7' -> osrs_key=7 at frame 57100
torirs_iface_stats: tick=16750 groups=33
  group=161 opens=1 closes=0 bakes=1 reuse=0 live=106 hidden=14 hooks=22 hook_bytes=224400
  group=162 opens=1 closes=0 bakes=1 reuse=0 live=3222 hidden=2413 hooks=18 hook_bytes=183600
  group=651 opens=1 closes=0 bakes=1 reuse=0 live=7 hidden=0 hooks=0 hook_bytes=0
  group=708 opens=1 closes=0 bakes=1 reuse=0 live=13 hidden=1 hooks=4 hook_bytes=40800
  group=163 opens=1 closes=0 bakes=0 reuse=1 live=26 hidden=25 hooks=0 hook_bytes=0
  group=303 opens=1 closes=0 bakes=1 reuse=0 live=21 hidden=5 hooks=2 hook_bytes=20400
  group=90 opens=1 closes=0 bakes=1 reuse=0 live=60 hidden=13 hooks=13 hook_bytes=132600
  group=160 opens=1 closes=0 bakes=1 reuse=0 live=58 hidden=12 hooks=11 hook_bytes=112200
  group=122 opens=1 closes=0 bakes=1 reuse=0 live=33 hidden=15 hooks=9 hook_bytes=91800
  group=728 opens=1 closes=0 bakes=0 reuse=1 live=50 hidden=2 hooks=4 hook_bytes=40800
  group=896 opens=1 closes=0 bakes=0 reuse=1 live=903 hidden=902 hooks=0 hook_bytes=0
  group=593 opens=1 closes=0 bakes=1 reuse=0 live=117 hidden=7 hooks=6 hook_bytes=61200
  group=320 opens=1 closes=0 bakes=1 reuse=0 live=202 hidden=24 hooks=49 hook_bytes=499800
  group=629 opens=1 closes=0 bakes=1 reuse=0 live=46 hidden=5 hooks=3 hook_bytes=30600
  group=712 opens=1 closes=0 bakes=1 reuse=0 live=113 hidden=0 hooks=5 hook_bytes=51000
  group=149 opens=1 closes=0 bakes=0 reuse=1 live=29 hidden=0 hooks=28 hook_bytes=285600
  group=387 opens=1 closes=0 bakes=1 reuse=0 live=96 hidden=12 hooks=13 hook_bytes=132600
  group=541 opens=1 closes=0 bakes=1 reuse=0 live=124 hidden=33 hooks=30 hook_bytes=306000
  group=218 opens=1 closes=0 bakes=1 reuse=0 live=232 hidden=132 hooks=195 hook_bytes=1989000
  group=707 opens=1 closes=0 bakes=1 reuse=0 live=39 hidden=0 hooks=5 hook_bytes=51000
  group=109 opens=1 closes=0 bakes=1 reuse=0 live=96 hidden=13 hooks=10 hook_bytes=102000
  group=429 opens=1 closes=0 bakes=1 reuse=0 live=35 hidden=0 hooks=8 hook_bytes=81600
  group=182 opens=1 closes=0 bakes=1 reuse=0 live=94 hidden=3 hooks=10 hook_bytes=102000
  group=116 opens=1 closes=0 bakes=1 reuse=0 live=222 hidden=12 hooks=65 hook_bytes=663000
  group=216 opens=1 closes=0 bakes=1 reuse=0 live=124 hidden=0 hooks=61 hook_bytes=622200
  group=239 opens=1 closes=0 bakes=1 reuse=0 live=934 hidden=597 hooks=267 hook_bytes=2723400
  group=12 opens=56 closes=56 bakes=1 reuse=55 live=1787 hidden=73 hooks=1510 hook_bytes=15402000
  group=15 opens=56 closes=56 bakes=1 reuse=55 live=650 hidden=49 hooks=366 hook_bytes=3733200
  group=84 opens=56 closes=56 bakes=1 reuse=55 live=129 hidden=14 hooks=30 hook_bytes=306000
  group=729 opens=56 closes=56 bakes=0 reuse=56 live=36 hidden=1 hooks=6 hook_bytes=61200
  group=650 opens=56 closes=56 bakes=1 reuse=55 live=110 hidden=3 hooks=15 hook_bytes=153000
  group=894 opens=56 closes=55 bakes=1 reuse=55 live=413 hidden=4 hooks=117 hook_bytes=1193400
  group=32766 opens=0 closes=0 bakes=0 reuse=0 live=4 hidden=0 hooks=0 hook_bytes=0
torirs_stats: tick=16750 components=10131 live=10131 hidden=4384 freed=0 free_head=-1 inv_hooks=19 var_hooks=163 timers=28 timers_hidden=7 iface_parents=26
sim_hotkey: 'f8' -> osrs_key=8 at frame 57120
sim_hotkey: 'f9' -> osrs_key=9 at frame 57140
sim_hotkey: 'f10' -> osrs_key=10 at frame 57160
sim_hotkey: 'f11' -> osrs_key=11 at frame 57180
sim_hotkey: 'f12' -> osrs_key=12 at frame 57200
sim_hotkey: 'escape' -> osrs_key=13 at frame 57220
sim_hotkey: 'escape' -> osrs_key=13 at frame 57240
sim_hotkey: 'f1' -> osrs_key=1 at frame 57260
sim_hotkey: 'f2' -> osrs_key=2 at frame 57280
Failed to load dat2 idk 307
Dat2SpriteLoadByName: archive 'mapfunction' not found in sprites table
Dat2SpriteLoadByName: archive 'hitmark' not found in sprites table
CS2VM2: call depth 128 exhausted calling script 904 from script 904 (raise CS2VM_MAX_FRAMES)
Task_CS2Run: script 904 failed at opcode 40 pc 2 (invoked as script 903 for component 0xa10000)
  script 904: int_args=2 str_args=0 int_locals=2 str_locals=0 ops=4
  pc=0 op=33 PUSH_INT_LOCAL operand=0 str=(null)
  pc=1 op=33 PUSH_INT_LOCAL operand=1 str=(null)
  pc=2 op=40 GOSUB_WITH_PARAMS operand=904 str=(null)
  pc=3 op=21 RETURN operand=0 str=(null)
Dat2SpriteLoadByName: archive 'mapfunction' not found in sprites table
Dat2SpriteLoadByName: archive 'hitmark' not found in sprites table
CS2VM2: call depth 128 exhausted calling script 904 from script 904 (raise CS2VM_MAX_FRAMES)
Task_CS2Run: script 904 failed at opcode 40 pc 2 (invoked as script 903 for component 0xa10000)
  script 904: int_args=2 str_args=0 int_locals=2 str_locals=0 ops=4
  pc=0 op=33 PUSH_INT_LOCAL operand=0 str=(null)
  pc=1 op=33 PUSH_INT_LOCAL operand=1 str=(null)
  pc=2 op=40 GOSUB_WITH_PARAMS operand=904 str=(null)
  pc=3 op=21 RETURN operand=0 str=(null)
sim_hotkey: 'f3' -> osrs_key=3 at frame 57300
sim_hotkey: 'f4' -> osrs_key=4 at frame 57320
sim_hotkey: 'f5' -> osrs_key=5 at frame 57340
sim_hotkey: 'f6' -> osrs_key=6 at frame 57360
sim_hotkey: 'f7' -> osrs_key=7 at frame 57380
sim_hotkey: 'f8' -> osrs_key=8 at frame 57400
spawn_npc: npc=2854 element=59753 tile=90,84 level=0 size=1 recolors=1 retextures=0
sim_hotkey: 'f9' -> osrs_key=9 at frame 57420
Failed to load dat2 idk 307
Dat2SpriteLoadByName: archive 'mapfunction' not found in sprites table
Dat2SpriteLoadByName: archive 'hitmark' not found in sprites table
CS2VM2: call depth 128 exhausted calling script 904 from script 904 (raise CS2VM_MAX_FRAMES)
Task_CS2Run: script 904 failed at opcode 40 pc 2 (invoked as script 903 for component 0xa10000)
  script 904: int_args=2 str_args=0 int_locals=2 str_locals=0 ops=4
  pc=0 op=33 PUSH_INT_LOCAL operand=0 str=(null)
  pc=1 op=33 PUSH_INT_LOCAL operand=1 str=(null)
  pc=2 op=40 GOSUB_WITH_PARAMS operand=904 str=(null)
  pc=3 op=21 RETURN operand=0 str=(null)
sim_hotkey: 'f10' -> osrs_key=10 at frame 57440
sim_hotkey: 'f11' -> osrs_key=11 at frame 57460
sim_hotkey: 'f12' -> osrs_key=12 at frame 57480
sim_hotkey: 'escape' -> osrs_key=13 at frame 57500
torirs_perf: window=114 frame_p95=5.52ms
sim_hotkey: 'escape' -> osrs_key=13 at frame 57520
CS2VM2: call depth 128 exhausted calling script 904 from script 904 (raise CS2VM_MAX_FRAMES)
Task_CS2Run: script 904 failed at opcode 40 pc 2 (invoked as script 903 for component 0xa10000)
  script 904: int_args=2 str_args=0 int_locals=2 str_locals=0 ops=4
  pc=0 op=33 PUSH_INT_LOCAL operand=0 str=(null)
  pc=1 op=33 PUSH_INT_LOCAL operand=1 str=(null)
  pc=2 op=40 GOSUB_WITH_PARAMS operand=904 str=(null)
  pc=3 op=21 RETURN operand=0 str=(null)
CS2VM2: call depth 128 exhausted calling script 904 from script 904 (raise CS2VM_MAX_FRAMES)
Task_CS2Run: script 904 failed at opcode 40 pc 2 (invoked as script 903 for component 0xa10000)
  script 904: int_args=2 str_args=0 int_locals=2 str_locals=0 ops=4
  pc=0 op=33 PUSH_INT_LOCAL operand=0 str=(null)
  pc=1 op=33 PUSH_INT_LOCAL operand=1 str=(null)
  pc=2 op=40 GOSUB_WITH_PARAMS operand=904 str=(null)
  pc=3 op=21 RETURN operand=0 str=(null)
CS2VM2: call depth 128 exhausted calling script 904 from script 904 (raise CS2VM_MAX_FRAMES)
Task_CS2Run: script 904 failed at opcode 40 pc 2 (invoked as script 903 for component 0xa10000)
  script 904: int_args=2 str_args=0 int_locals=2 str_locals=0 ops=4
  pc=0 op=33 PUSH_INT_LOCAL operand=0 str=(null)
  pc=1 op=33 PUSH_INT_LOCAL operand=1 str=(null)
  pc=2 op=40 GOSUB_WITH_PARAMS operand=904 str=(null)
  pc=3 op=21 RETURN operand=0 str=(null)
CS2VM2: call depth 128 exhausted calling script 904 from script 904 (raise CS2VM_MAX_FRAMES)
Task_CS2Run: script 904 failed at opcode 40 pc 2 (invoked as script 903 for component 0xa10000)
  script 904: int_args=2 str_args=0 int_locals=2 str_locals=0 ops=4
  pc=0 op=33 PUSH_INT_LOCAL operand=0 str=(null)
  pc=1 op=33 PUSH_INT_LOCAL operand=1 str=(null)
  pc=2 op=40 GOSUB_WITH_PARAMS operand=904 str=(null)
  pc=3 op=21 RETURN operand=0 str=(null)
sim_hotkey: 'f1' -> osrs_key=1 at frame 57540
sim_hotkey: 'f2' -> osrs_key=2 at frame 57560
sim_hotkey: 'f3' -> osrs_key=3 at frame 57580
sim_hotkey: 'f4' -> osrs_key=4 at frame 57600
Dat2SpriteLoadByName: archive 'mapfunction' not found in sprites table
Dat2SpriteLoadByName: archive 'hitmark' not found in sprites table
CS2VM2: call depth 128 exhausted calling script 904 from script 904 (raise CS2VM_MAX_FRAMES)
Task_CS2Run: script 904 failed at opcode 40 pc 2 (invoked as script 903 for component 0xa10000)
  script 904: int_args=2 str_args=0 int_locals=2 str_locals=0 ops=4
  pc=0 op=33 PUSH_INT_LOCAL operand=0 str=(null)
  pc=1 op=33 PUSH_INT_LOCAL operand=1 str=(null)
  pc=2 op=40 GOSUB_WITH_PARAMS operand=904 str=(null)
  pc=3 op=21 RETURN operand=0 str=(null)
sim_hotkey: 'f5' -> osrs_key=5 at frame 57620
sim_hotkey: 'f6' -> osrs_key=6 at frame 57640
sim_hotkey: 'f7' -> osrs_key=7 at frame 57660
sim_hotkey: 'f8' -> osrs_key=8 at frame 57680
sim_hotkey: 'f9' -> osrs_key=9 at frame 57700
sim_hotkey: 'f10' -> osrs_key=10 at frame 57720
sim_hotkey: 'f11' -> osrs_key=11 at frame 57740
sim_hotkey: 'f12' -> osrs_key=12 at frame 57760
sim_hotkey: 'escape' -> osrs_key=13 at frame 57780
Dat2SpriteLoadByName: archive 'mapfunction' not found in sprites table
Dat2SpriteLoadByName: archive 'hitmark' not found in sprites table
Task_CS2Run: script 7188 failed at opcode 34 pc 14 (invoked as script 7128 for component 0x28a0000)
  script 7188: int_args=0 str_args=0 int_locals=1 str_locals=1 ops=31
  pc=0 op=0 PUSH_CONSTANT_INT operand=-1 str=(null)
  pc=1 op=34 POP_INT_LOCAL operand=0 str=(null)
  pc=2 op=3 PUSH_CONSTANT_STRING operand=0 str=
  pc=3 op=36 POP_STRING_LOCAL operand=0 str=(null)
  pc=4 op=25 PUSH_VARBIT operand=14881 str=(null)
  pc=5 op=60 SWITCH operand=0 str=(null)
  pc=6 op=3 PUSH_CONSTANT_STRING operand=0 str=graphic_4911
  pc=7 op=3 PUSH_CONSTANT_STRING operand=0 str=Grand Exchange value
  pc=8 op=36 POP_STRING_LOCAL operand=0 str=(null)
  pc=9 op=34 POP_INT_LOCAL operand=0 str=(null)
  pc=10 op=6 BRANCH operand=10 str=(null)
  pc=11 op=3 PUSH_CONSTANT_STRING operand=0 str=graphic_4912
  pc=12 op=3 PUSH_CONSTANT_STRING operand=0 str=High Alchemy value
  pc=13 op=36 POP_STRING_LOCAL operand=0 str=(null)
  pc=14 op=34 POP_INT_LOCAL operand=0 str=(null)
  pc=15 op=6 BRANCH operand=5 str=(null)
  pc=16 op=3 PUSH_CONSTANT_STRING operand=0 str=graphic_4911
CS2VM2: call depth 128 exhausted calling script 904 from script 904 (raise CS2VM_MAX_FRAMES)
Task_CS2Run: script 904 failed at opcode 40 pc 2 (invoked as script 903 for component 0xa10000)
  script 904: int_args=2 str_args=0 int_locals=2 str_locals=0 ops=4
  pc=0 op=33 PUSH_INT_LOCAL operand=0 str=(null)
  pc=1 op=33 PUSH_INT_LOCAL operand=1 str=(null)
  pc=2 op=40 GOSUB_WITH_PARAMS operand=904 str=(null)
  pc=3 op=21 RETURN operand=0 str=(null)
sim_hotkey: 'escape' -> osrs_key=13 at frame 57800
sim_hotkey: 'f1' -> osrs_key=1 at frame 57820
sim_hotkey: 'f2' -> osrs_key=2 at frame 57840
sim_hotkey: 'f3' -> osrs_key=3 at frame 57860
sim_hotkey: 'f4' -> osrs_key=4 at frame 57880
sim_hotkey: 'f5' -> osrs_key=5 at frame 57900
sim_hotkey: 'f6' -> osrs_key=6 at frame 57920
sim_hotkey: 'f7' -> osrs_key=7 at frame 57940
sim_hotkey: 'f8' -> osrs_key=8 at frame 57960
torirs_iface_stats: tick=17000 groups=33
  group=161 opens=1 closes=0 bakes=1 reuse=0 live=106 hidden=14 hooks=22 hook_bytes=224400
  group=162 opens=1 closes=0 bakes=1 reuse=0 live=3222 hidden=2413 hooks=18 hook_bytes=183600
  group=651 opens=1 closes=0 bakes=1 reuse=0 live=7 hidden=0 hooks=0 hook_bytes=0
  group=708 opens=1 closes=0 bakes=1 reuse=0 live=13 hidden=1 hooks=4 hook_bytes=40800
  group=163 opens=1 closes=0 bakes=0 reuse=1 live=26 hidden=25 hooks=0 hook_bytes=0
  group=303 opens=1 closes=0 bakes=1 reuse=0 live=21 hidden=5 hooks=2 hook_bytes=20400
  group=90 opens=1 closes=0 bakes=1 reuse=0 live=60 hidden=13 hooks=13 hook_bytes=132600
  group=160 opens=1 closes=0 bakes=1 reuse=0 live=58 hidden=12 hooks=11 hook_bytes=112200
  group=122 opens=1 closes=0 bakes=1 reuse=0 live=33 hidden=15 hooks=9 hook_bytes=91800
  group=728 opens=1 closes=0 bakes=0 reuse=1 live=50 hidden=2 hooks=4 hook_bytes=40800
  group=896 opens=1 closes=0 bakes=0 reuse=1 live=903 hidden=902 hooks=0 hook_bytes=0
  group=593 opens=1 closes=0 bakes=1 reuse=0 live=117 hidden=7 hooks=6 hook_bytes=61200
  group=320 opens=1 closes=0 bakes=1 reuse=0 live=202 hidden=24 hooks=49 hook_bytes=499800
  group=629 opens=1 closes=0 bakes=1 reuse=0 live=46 hidden=5 hooks=3 hook_bytes=30600
  group=712 opens=1 closes=0 bakes=1 reuse=0 live=113 hidden=0 hooks=5 hook_bytes=51000
  group=149 opens=1 closes=0 bakes=0 reuse=1 live=29 hidden=0 hooks=28 hook_bytes=285600
  group=387 opens=1 closes=0 bakes=1 reuse=0 live=96 hidden=12 hooks=13 hook_bytes=132600
  group=541 opens=1 closes=0 bakes=1 reuse=0 live=124 hidden=33 hooks=30 hook_bytes=306000
  group=218 opens=1 closes=0 bakes=1 reuse=0 live=232 hidden=132 hooks=195 hook_bytes=1989000
  group=707 opens=1 closes=0 bakes=1 reuse=0 live=39 hidden=0 hooks=5 hook_bytes=51000
  group=109 opens=1 closes=0 bakes=1 reuse=0 live=96 hidden=13 hooks=10 hook_bytes=102000
  group=429 opens=1 closes=0 bakes=1 reuse=0 live=35 hidden=0 hooks=8 hook_bytes=81600
  group=182 opens=1 closes=0 bakes=1 reuse=0 live=94 hidden=3 hooks=10 hook_bytes=102000
  group=116 opens=1 closes=0 bakes=1 reuse=0 live=222 hidden=12 hooks=65 hook_bytes=663000
  group=216 opens=1 closes=0 bakes=1 reuse=0 live=124 hidden=0 hooks=61 hook_bytes=622200
  group=239 opens=1 closes=0 bakes=1 reuse=0 live=934 hidden=597 hooks=267 hook_bytes=2723400
  group=12 opens=57 closes=57 bakes=1 reuse=56 live=1787 hidden=73 hooks=1510 hook_bytes=15402000
  group=15 opens=57 closes=57 bakes=1 reuse=56 live=650 hidden=49 hooks=366 hook_bytes=3733200
  group=84 opens=57 closes=57 bakes=1 reuse=56 live=129 hidden=14 hooks=30 hook_bytes=306000
  group=729 opens=57 closes=57 bakes=0 reuse=57 live=36 hidden=1 hooks=6 hook_bytes=61200
  group=650 opens=57 closes=56 bakes=1 reuse=56 live=110 hidden=2 hooks=15 hook_bytes=153000
  group=894 opens=56 closes=56 bakes=1 reuse=55 live=413 hidden=5 hooks=117 hook_bytes=1193400
  group=32766 opens=0 closes=0 bakes=0 reuse=0 live=4 hidden=0 hooks=0 hook_bytes=0
torirs_stats: tick=17000 components=10131 live=10131 hidden=4384 freed=0 free_head=-1 inv_hooks=19 var_hooks=164 timers=28 timers_hidden=7 iface_parents=26
Dat2SpriteLoadByName: archive 'mapfunction' not found in sprites table
Dat2SpriteLoadByName: archive 'hitmark' not found in sprites table
CS2VM2: call depth 128 exhausted calling script 904 from script 904 (raise CS2VM_MAX_FRAMES)
Task_CS2Run: script 904 failed at opcode 40 pc 2 (invoked as script 903 for component 0xa10000)
  script 904: int_args=2 str_args=0 int_locals=2 str_locals=0 ops=4
  pc=0 op=33 PUSH_INT_LOCAL operand=0 str=(null)
  pc=1 op=33 PUSH_INT_LOCAL operand=1 str=(null)
  pc=2 op=40 GOSUB_WITH_PARAMS operand=904 str=(null)
  pc=3 op=21 RETURN operand=0 str=(null)
sim_hotkey: 'f9' -> osrs_key=9 at frame 57980
sim_hotkey: 'f10' -> osrs_key=10 at frame 58000
torirs_perf: window=115 frame_p95=4.95ms
sim_hotkey: 'f11' -> osrs_key=11 at frame 58020
sim_hotkey: 'f12' -> osrs_key=12 at frame 58040
sim_hotkey: 'escape' -> osrs_key=13 at frame 58060
sim_hotkey: 'escape' -> osrs_key=13 at frame 58080
sim_hotkey: 'f1' -> osrs_key=1 at frame 58100
sim_hotkey: 'f2' -> osrs_key=2 at frame 58120
sim_hotkey: 'f3' -> osrs_key=3 at frame 58140
sim_hotkey: 'f4' -> osrs_key=4 at frame 58160
sim_hotkey: 'f5' -> osrs_key=5 at frame 58180
sim_hotkey: 'f6' -> osrs_key=6 at frame 58200
sim_hotkey: 'f7' -> osrs_key=7 at frame 58220
sim_hotkey: 'f8' -> osrs_key=8 at frame 58240
sim_hotkey: 'f9' -> osrs_key=9 at frame 58260
sim_hotkey: 'f10' -> osrs_key=10 at frame 58280
sim_hotkey: 'f11' -> osrs_key=11 at frame 58300
Failed to load dat2 idk 307
Dat2SpriteLoadByName: archive 'mapfunction' not found in sprites table
Dat2SpriteLoadByName: archive 'hitmark' not found in sprites table
CS2VM2: call depth 128 exhausted calling script 904 from script 904 (raise CS2VM_MAX_FRAMES)
Task_CS2Run: script 904 failed at opcode 40 pc 2 (invoked as script 903 for component 0xa10000)
  script 904: int_args=2 str_args=0 int_locals=2 str_locals=0 ops=4
  pc=0 op=33 PUSH_INT_LOCAL operand=0 str=(null)
  pc=1 op=33 PUSH_INT_LOCAL operand=1 str=(null)
  pc=2 op=40 GOSUB_WITH_PARAMS operand=904 str=(null)
  pc=3 op=21 RETURN operand=0 str=(null)
Dat2SpriteLoadByName: archive 'mapfunction' not found in sprites table
Dat2SpriteLoadByName: archive 'hitmark' not found in sprites table
CS2VM2: call depth 128 exhausted calling script 904 from script 904 (raise CS2VM_MAX_FRAMES)
Task_CS2Run: script 904 failed at opcode 40 pc 2 (invoked as script 903 for component 0xa10000)
  script 904: int_args=2 str_args=0 int_locals=2 str_locals=0 ops=4
  pc=0 op=33 PUSH_INT_LOCAL operand=0 str=(null)
  pc=1 op=33 PUSH_INT_LOCAL operand=1 str=(null)
  pc=2 op=40 GOSUB_WITH_PARAMS operand=904 str=(null)
  pc=3 op=21 RETURN operand=0 str=(null)
sim_hotkey: 'f12' -> osrs_key=12 at frame 58320
sim_hotkey: 'escape' -> osrs_key=13 at frame 58340
sim_hotkey: 'escape' -> osrs_key=13 at frame 58360
CS2VM2: call depth 128 exhausted calling script 904 from script 904 (raise CS2VM_MAX_FRAMES)
Task_CS2Run: script 904 failed at opcode 40 pc 2 (invoked as script 903 for component 0xa10000)
  script 904: int_args=2 str_args=0 int_locals=2 str_locals=0 ops=4
  pc=0 op=33 PUSH_INT_LOCAL operand=0 str=(null)
  pc=1 op=33 PUSH_INT_LOCAL operand=1 str=(null)
  pc=2 op=40 GOSUB_WITH_PARAMS operand=904 str=(null)
  pc=3 op=21 RETURN operand=0 str=(null)
CS2VM2: call depth 128 exhausted calling script 904 from script 904 (raise CS2VM_MAX_FRAMES)
Task_CS2Run: script 904 failed at opcode 40 pc 2 (invoked as script 903 for component 0xa10000)
  script 904: int_args=2 str_args=0 int_locals=2 str_locals=0 ops=4
  pc=0 op=33 PUSH_INT_LOCAL operand=0 str=(null)
  pc=1 op=33 PUSH_INT_LOCAL operand=1 str=(null)
  pc=2 op=40 GOSUB_WITH_PARAMS operand=904 str=(null)
  pc=3 op=21 RETURN operand=0 str=(null)
CS2VM2: call depth 128 exhausted calling script 904 from script 904 (raise CS2VM_MAX_FRAMES)
Task_CS2Run: script 904 failed at opcode 40 pc 2 (invoked as script 903 for component 0xa10000)
  script 904: int_args=2 str_args=0 int_locals=2 str_locals=0 ops=4
  pc=0 op=33 PUSH_INT_LOCAL operand=0 str=(null)
  pc=1 op=33 PUSH_INT_LOCAL operand=1 str=(null)
  pc=2 op=40 GOSUB_WITH_PARAMS operand=904 str=(null)
  pc=3 op=21 RETURN operand=0 str=(null)
CS2VM2: call depth 128 exhausted calling script 904 from script 904 (raise CS2VM_MAX_FRAMES)
Task_CS2Run: script 904 failed at opcode 40 pc 2 (invoked as script 903 for component 0xa10000)
  script 904: int_args=2 str_args=0 int_locals=2 str_locals=0 ops=4
  pc=0 op=33 PUSH_INT_LOCAL operand=0 str=(null)
  pc=1 op=33 PUSH_INT_LOCAL operand=1 str=(null)
  pc=2 op=40 GOSUB_WITH_PARAMS operand=904 str=(null)
  pc=3 op=21 RETURN operand=0 str=(null)
sim_hotkey: 'f1' -> osrs_key=1 at frame 58380
sim_hotkey: 'f2' -> osrs_key=2 at frame 58400
sim_hotkey: 'f3' -> osrs_key=3 at frame 58420
sim_hotkey: 'f4' -> osrs_key=4 at frame 58440
sim_hotkey: 'f5' -> osrs_key=5 at frame 58460
Failed to load dat2 idk 307
Dat2SpriteLoadByName: archive 'mapfunction' not found in sprites table
Dat2SpriteLoadByName: archive 'hitmark' not found in sprites table
CS2VM2: call depth 128 exhausted calling script 904 from script 904 (raise CS2VM_MAX_FRAMES)
Task_CS2Run: script 904 failed at opcode 40 pc 2 (invoked as script 903 for component 0xa10000)
  script 904: int_args=2 str_args=0 int_locals=2 str_locals=0 ops=4
  pc=0 op=33 PUSH_INT_LOCAL operand=0 str=(null)
  pc=1 op=33 PUSH_INT_LOCAL operand=1 str=(null)
  pc=2 op=40 GOSUB_WITH_PARAMS operand=904 str=(null)
  pc=3 op=21 RETURN operand=0 str=(null)
sim_hotkey: 'f6' -> osrs_key=6 at frame 58480
sim_hotkey: 'f7' -> osrs_key=7 at frame 58500
torirs_perf: window=116 frame_p95=5.23ms
sim_hotkey: 'f8' -> osrs_key=8 at frame 58520
sim_hotkey: 'f9' -> osrs_key=9 at frame 58540
sim_hotkey: 'f10' -> osrs_key=10 at frame 58560
sim_hotkey: 'f11' -> osrs_key=11 at frame 58580
sim_hotkey: 'f12' -> osrs_key=12 at frame 58600
sim_hotkey: 'escape' -> osrs_key=13 at frame 58620
Dat2SpriteLoadByName: archive 'mapfunction' not found in sprites table
Dat2SpriteLoadByName: archive 'hitmark' not found in sprites table
CS2VM2: call depth 128 exhausted calling script 904 from script 904 (raise CS2VM_MAX_FRAMES)
Task_CS2Run: script 904 failed at opcode 40 pc 2 (invoked as script 903 for component 0xa10000)
  script 904: int_args=2 str_args=0 int_locals=2 str_locals=0 ops=4
  pc=0 op=33 PUSH_INT_LOCAL operand=0 str=(null)
  pc=1 op=33 PUSH_INT_LOCAL operand=1 str=(null)
  pc=2 op=40 GOSUB_WITH_PARAMS operand=904 str=(null)
  pc=3 op=21 RETURN operand=0 str=(null)
CS2VM2: call depth 128 exhausted calling script 904 from script 904 (raise CS2VM_MAX_FRAMES)
Task_CS2Run: script 904 failed at opcode 40 pc 2 (invoked as script 903 for component 0xa10000)
  script 904: int_args=2 str_args=0 int_locals=2 str_locals=0 ops=4
  pc=0 op=33 PUSH_INT_LOCAL operand=0 str=(null)
  pc=1 op=33 PUSH_INT_LOCAL operand=1 str=(null)
  pc=2 op=40 GOSUB_WITH_PARAMS operand=904 str=(null)
  pc=3 op=21 RETURN operand=0 str=(null)
sim_hotkey: 'escape' -> osrs_key=13 at frame 58640
CS2VM2: call depth 128 exhausted calling script 904 from script 904 (raise CS2VM_MAX_FRAMES)
Task_CS2Run: script 904 failed at opcode 40 pc 2 (invoked as script 903 for component 0xa10000)
  script 904: int_args=2 str_args=0 int_locals=2 str_locals=0 ops=4
  pc=0 op=33 PUSH_INT_LOCAL operand=0 str=(null)
  pc=1 op=33 PUSH_INT_LOCAL operand=1 str=(null)
  pc=2 op=40 GOSUB_WITH_PARAMS operand=904 str=(null)
  pc=3 op=21 RETURN operand=0 str=(null)
sim_hotkey: 'f1' -> osrs_key=1 at frame 58660
sim_hotkey: 'f2' -> osrs_key=2 at frame 58680
sim_hotkey: 'f3' -> osrs_key=3 at frame 58700
sim_hotkey: 'f4' -> osrs_key=4 at frame 58720
sim_hotkey: 'f5' -> osrs_key=5 at frame 58740
spawn_npc: npc=2854 element=59755 tile=90,84 level=0 size=1 recolors=1 retextures=0
sim_hotkey: 'f6' -> osrs_key=6 at frame 58760
sim_hotkey: 'f7' -> osrs_key=7 at frame 58780
sim_hotkey: 'f8' -> osrs_key=8 at frame 58800
torirs_iface_stats: tick=17250 groups=33
  group=161 opens=1 closes=0 bakes=1 reuse=0 live=106 hidden=14 hooks=22 hook_bytes=224400
  group=162 opens=1 closes=0 bakes=1 reuse=0 live=3222 hidden=2413 hooks=18 hook_bytes=183600
  group=651 opens=1 closes=0 bakes=1 reuse=0 live=7 hidden=0 hooks=0 hook_bytes=0
  group=708 opens=1 closes=0 bakes=1 reuse=0 live=13 hidden=1 hooks=4 hook_bytes=40800
  group=163 opens=1 closes=0 bakes=0 reuse=1 live=26 hidden=25 hooks=0 hook_bytes=0
  group=303 opens=1 closes=0 bakes=1 reuse=0 live=21 hidden=5 hooks=2 hook_bytes=20400
  group=90 opens=1 closes=0 bakes=1 reuse=0 live=60 hidden=13 hooks=13 hook_bytes=132600
  group=160 opens=1 closes=0 bakes=1 reuse=0 live=58 hidden=12 hooks=11 hook_bytes=112200
  group=122 opens=1 closes=0 bakes=1 reuse=0 live=33 hidden=15 hooks=9 hook_bytes=91800
  group=728 opens=1 closes=0 bakes=0 reuse=1 live=50 hidden=2 hooks=4 hook_bytes=40800
  group=896 opens=1 closes=0 bakes=0 reuse=1 live=903 hidden=902 hooks=0 hook_bytes=0
  group=593 opens=1 closes=0 bakes=1 reuse=0 live=117 hidden=7 hooks=6 hook_bytes=61200
  group=320 opens=1 closes=0 bakes=1 reuse=0 live=202 hidden=24 hooks=49 hook_bytes=499800
  group=629 opens=1 closes=0 bakes=1 reuse=0 live=46 hidden=5 hooks=3 hook_bytes=30600
  group=712 opens=1 closes=0 bakes=1 reuse=0 live=113 hidden=0 hooks=5 hook_bytes=51000
  group=149 opens=1 closes=0 bakes=0 reuse=1 live=29 hidden=0 hooks=28 hook_bytes=285600
  group=387 opens=1 closes=0 bakes=1 reuse=0 live=96 hidden=12 hooks=13 hook_bytes=132600
  group=541 opens=1 closes=0 bakes=1 reuse=0 live=124 hidden=33 hooks=30 hook_bytes=306000
  group=218 opens=1 closes=0 bakes=1 reuse=0 live=232 hidden=132 hooks=195 hook_bytes=1989000
  group=707 opens=1 closes=0 bakes=1 reuse=0 live=39 hidden=0 hooks=5 hook_bytes=51000
  group=109 opens=1 closes=0 bakes=1 reuse=0 live=96 hidden=13 hooks=10 hook_bytes=102000
  group=429 opens=1 closes=0 bakes=1 reuse=0 live=35 hidden=0 hooks=8 hook_bytes=81600
  group=182 opens=1 closes=0 bakes=1 reuse=0 live=94 hidden=3 hooks=10 hook_bytes=102000
  group=116 opens=1 closes=0 bakes=1 reuse=0 live=222 hidden=12 hooks=65 hook_bytes=663000
  group=216 opens=1 closes=0 bakes=1 reuse=0 live=124 hidden=0 hooks=61 hook_bytes=622200
  group=239 opens=1 closes=0 bakes=1 reuse=0 live=934 hidden=597 hooks=267 hook_bytes=2723400
  group=12 opens=58 closes=58 bakes=1 reuse=57 live=1787 hidden=73 hooks=1510 hook_bytes=15402000
  group=15 opens=58 closes=58 bakes=1 reuse=57 live=650 hidden=49 hooks=366 hook_bytes=3733200
  group=84 opens=58 closes=58 bakes=1 reuse=57 live=129 hidden=14 hooks=30 hook_bytes=306000
  group=729 opens=58 closes=57 bakes=0 reuse=58 live=36 hidden=0 hooks=6 hook_bytes=61200
  group=650 opens=57 closes=57 bakes=1 reuse=56 live=110 hidden=3 hooks=15 hook_bytes=153000
  group=894 opens=57 closes=57 bakes=1 reuse=56 live=413 hidden=5 hooks=117 hook_bytes=1193400
  group=32766 opens=0 closes=0 bakes=0 reuse=0 live=4 hidden=0 hooks=0 hook_bytes=0
torirs_stats: tick=17250 components=10131 live=10131 hidden=4384 freed=0 free_head=-1 inv_hooks=19 var_hooks=163 timers=28 timers_hidden=7 iface_parents=26
sim_hotkey: 'f9' -> osrs_key=9 at frame 58820
Dat2SpriteLoadByName: archive 'mapfunction' not found in sprites table
Dat2SpriteLoadByName: archive 'hitmark' not found in sprites table
Task_CS2Run: script 7188 failed at opcode 34 pc 14 (invoked as script 7128 for component 0x28a0000)
  script 7188: int_args=0 str_args=0 int_locals=1 str_locals=1 ops=31
  pc=0 op=0 PUSH_CONSTANT_INT operand=-1 str=(null)
  pc=1 op=34 POP_INT_LOCAL operand=0 str=(null)
  pc=2 op=3 PUSH_CONSTANT_STRING operand=0 str=
  pc=3 op=36 POP_STRING_LOCAL operand=0 str=(null)
  pc=4 op=25 PUSH_VARBIT operand=14881 str=(null)
  pc=5 op=60 SWITCH operand=0 str=(null)
  pc=6 op=3 PUSH_CONSTANT_STRING operand=0 str=graphic_4911
  pc=7 op=3 PUSH_CONSTANT_STRING operand=0 str=Grand Exchange value
  pc=8 op=36 POP_STRING_LOCAL operand=0 str=(null)
  pc=9 op=34 POP_INT_LOCAL operand=0 str=(null)
  pc=10 op=6 BRANCH operand=10 str=(null)
  pc=11 op=3 PUSH_CONSTANT_STRING operand=0 str=graphic_4912
  pc=12 op=3 PUSH_CONSTANT_STRING operand=0 str=High Alchemy value
  pc=13 op=36 POP_STRING_LOCAL operand=0 str=(null)
  pc=14 op=34 POP_INT_LOCAL operand=0 str=(null)
  pc=15 op=6 BRANCH operand=5 str=(null)
  pc=16 op=3 PUSH_CONSTANT_STRING operand=0 str=graphic_4911
CS2VM2: call depth 128 exhausted calling script 904 from script 904 (raise CS2VM_MAX_FRAMES)
Task_CS2Run: script 904 failed at opcode 40 pc 2 (invoked as script 903 for component 0xa10000)
  script 904: int_args=2 str_args=0 int_locals=2 str_locals=0 ops=4
  pc=0 op=33 PUSH_INT_LOCAL operand=0 str=(null)
  pc=1 op=33 PUSH_INT_LOCAL operand=1 str=(null)
  pc=2 op=40 GOSUB_WITH_PARAMS operand=904 str=(null)
  pc=3 op=21 RETURN operand=0 str=(null)
sim_hotkey: 'f10' -> osrs_key=10 at frame 58840
sim_hotkey: 'f11' -> osrs_key=11 at frame 58860
sim_hotkey: 'f12' -> osrs_key=12 at frame 58880
sim_hotkey: 'escape' -> osrs_key=13 at frame 58900
sim_hotkey: 'escape' -> osrs_key=13 at frame 58920
sim_hotkey: 'f1' -> osrs_key=1 at frame 58940
sim_hotkey: 'f2' -> osrs_key=2 at frame 58960
sim_hotkey: 'f3' -> osrs_key=3 at frame 58980
sim_hotkey: 'f4' -> osrs_key=4 at frame 59000
Dat2SpriteLoadByName: archive 'mapfunction' not found in sprites table
Dat2SpriteLoadByName: archive 'hitmark' not found in sprites table
CS2VM2: call depth 128 exhausted calling script 904 from script 904 (raise CS2VM_MAX_FRAMES)
Task_CS2Run: script 904 failed at opcode 40 pc 2 (invoked as script 903 for component 0xa10000)
  script 904: int_args=2 str_args=0 int_locals=2 str_locals=0 ops=4
  pc=0 op=33 PUSH_INT_LOCAL operand=0 str=(null)
  pc=1 op=33 PUSH_INT_LOCAL operand=1 str=(null)
  pc=2 op=40 GOSUB_WITH_PARAMS operand=904 str=(null)
  pc=3 op=21 RETURN operand=0 str=(null)
torirs_perf: window=117 frame_p95=5.15ms
sim_hotkey: 'f5' -> osrs_key=5 at frame 59020
sim_hotkey: 'f6' -> osrs_key=6 at frame 59040
sim_hotkey: 'f7' -> osrs_key=7 at frame 59060
sim_hotkey: 'f8' -> osrs_key=8 at frame 59080
sim_hotkey: 'f9' -> osrs_key=9 at frame 59100
sim_hotkey: 'f10' -> osrs_key=10 at frame 59120
sim_hotkey: 'f11' -> osrs_key=11 at frame 59140
sim_hotkey: 'f12' -> osrs_key=12 at frame 59160
sim_hotkey: 'escape' -> osrs_key=13 at frame 59180
sim_hotkey: 'escape' -> osrs_key=13 at frame 59200
sim_hotkey: 'f1' -> osrs_key=1 at frame 59220
sim_hotkey: 'f2' -> osrs_key=2 at frame 59240
sim_hotkey: 'f3' -> osrs_key=3 at frame 59260
sim_hotkey: 'f4' -> osrs_key=4 at frame 59280
sim_hotkey: 'f5' -> osrs_key=5 at frame 59300
sim_hotkey: 'f6' -> osrs_key=6 at frame 59320
sim_hotkey: 'f7' -> osrs_key=7 at frame 59340
sim_hotkey: 'f8' -> osrs_key=8 at frame 59360
Failed to load dat2 idk 307
Dat2SpriteLoadByName: archive 'mapfunction' not found in sprites table
Dat2SpriteLoadByName: archive 'hitmark' not found in sprites table
CS2VM2: call depth 128 exhausted calling script 904 from script 904 (raise CS2VM_MAX_FRAMES)
Task_CS2Run: script 904 failed at opcode 40 pc 2 (invoked as script 903 for component 0xa10000)
  script 904: int_args=2 str_args=0 int_locals=2 str_locals=0 ops=4
  pc=0 op=33 PUSH_INT_LOCAL operand=0 str=(null)
  pc=1 op=33 PUSH_INT_LOCAL operand=1 str=(null)
  pc=2 op=40 GOSUB_WITH_PARAMS operand=904 str=(null)
  pc=3 op=21 RETURN operand=0 str=(null)
Dat2SpriteLoadByName: archive 'mapfunction' not found in sprites table
Dat2SpriteLoadByName: archive 'hitmark' not found in sprites table
CS2VM2: call depth 128 exhausted calling script 904 from script 904 (raise CS2VM_MAX_FRAMES)
Task_CS2Run: script 904 failed at opcode 40 pc 2 (invoked as script 903 for component 0xa10000)
  script 904: int_args=2 str_args=0 int_locals=2 str_locals=0 ops=4
  pc=0 op=33 PUSH_INT_LOCAL operand=0 str=(null)
  pc=1 op=33 PUSH_INT_LOCAL operand=1 str=(null)
  pc=2 op=40 GOSUB_WITH_PARAMS operand=904 str=(null)
  pc=3 op=21 RETURN operand=0 str=(null)
sim_hotkey: 'f9' -> osrs_key=9 at frame 59380
sim_hotkey: 'f10' -> osrs_key=10 at frame 59400
sim_hotkey: 'f11' -> osrs_key=11 at frame 59420
sim_hotkey: 'f12' -> osrs_key=12 at frame 59440
sim_hotkey: 'escape' -> osrs_key=13 at frame 59460
sim_hotkey: 'escape' -> osrs_key=13 at frame 59480
CS2VM2: call depth 128 exhausted calling script 904 from script 904 (raise CS2VM_MAX_FRAMES)
Task_CS2Run: script 904 failed at opcode 40 pc 2 (invoked as script 903 for component 0xa10000)
  script 904: int_args=2 str_args=0 int_locals=2 str_locals=0 ops=4
  pc=0 op=33 PUSH_INT_LOCAL operand=0 str=(null)
  pc=1 op=33 PUSH_INT_LOCAL operand=1 str=(null)
  pc=2 op=40 GOSUB_WITH_PARAMS operand=904 str=(null)
  pc=3 op=21 RETURN operand=0 str=(null)
CS2VM2: call depth 128 exhausted calling script 904 from script 904 (raise CS2VM_MAX_FRAMES)
Task_CS2Run: script 904 failed at opcode 40 pc 2 (invoked as script 903 for component 0xa10000)
  script 904: int_args=2 str_args=0 int_locals=2 str_locals=0 ops=4
  pc=0 op=33 PUSH_INT_LOCAL operand=0 str=(null)
  pc=1 op=33 PUSH_INT_LOCAL operand=1 str=(null)
  pc=2 op=40 GOSUB_WITH_PARAMS operand=904 str=(null)
  pc=3 op=21 RETURN operand=0 str=(null)
CS2VM2: call depth 128 exhausted calling script 904 from script 904 (raise CS2VM_MAX_FRAMES)
Task_CS2Run: script 904 failed at opcode 40 pc 2 (invoked as script 903 for component 0xa10000)
  script 904: int_args=2 str_args=0 int_locals=2 str_locals=0 ops=4
  pc=0 op=33 PUSH_INT_LOCAL operand=0 str=(null)
  pc=1 op=33 PUSH_INT_LOCAL operand=1 str=(null)
  pc=2 op=40 GOSUB_WITH_PARAMS operand=904 str=(null)
  pc=3 op=21 RETURN operand=0 str=(null)
CS2VM2: call depth 128 exhausted calling script 904 from script 904 (raise CS2VM_MAX_FRAMES)
Task_CS2Run: script 904 failed at opcode 40 pc 2 (invoked as script 903 for component 0xa10000)
  script 904: int_args=2 str_args=0 int_locals=2 str_locals=0 ops=4
  pc=0 op=33 PUSH_INT_LOCAL operand=0 str=(null)
  pc=1 op=33 PUSH_INT_LOCAL operand=1 str=(null)
  pc=2 op=40 GOSUB_WITH_PARAMS operand=904 str=(null)
  pc=3 op=21 RETURN operand=0 str=(null)
sim_hotkey: 'f1' -> osrs_key=1 at frame 59500
Failed to load dat2 idk 307
Dat2SpriteLoadByName: archive 'mapfunction' not found in sprites table
Dat2SpriteLoadByName: archive 'hitmark' not found in sprites table
CS2VM2: call depth 128 exhausted calling script 904 from script 904 (raise CS2VM_MAX_FRAMES)
Task_CS2Run: script 904 failed at opcode 40 pc 2 (invoked as script 903 for component 0xa10000)
  script 904: int_args=2 str_args=0 int_locals=2 str_locals=0 ops=4
  pc=0 op=33 PUSH_INT_LOCAL operand=0 str=(null)
  pc=1 op=33 PUSH_INT_LOCAL operand=1 str=(null)
  pc=2 op=40 GOSUB_WITH_PARAMS operand=904 str=(null)
  pc=3 op=21 RETURN operand=0 str=(null)
CS2VM2: call depth 128 exhausted calling script 904 from script 904 (raise CS2VM_MAX_FRAMES)
Task_CS2Run: script 904 failed at opcode 40 pc 2 (invoked as script 903 for component 0xa10000)
  script 904: int_args=2 str_args=0 int_locals=2 str_locals=0 ops=4
  pc=0 op=33 PUSH_INT_LOCAL operand=0 str=(null)
  pc=1 op=33 PUSH_INT_LOCAL operand=1 str=(null)
  pc=2 op=40 GOSUB_WITH_PARAMS operand=904 str=(null)
  pc=3 op=21 RETURN operand=0 str=(null)
torirs_perf: window=118 frame_p95=5.42ms
sim_hotkey: 'f2' -> osrs_key=2 at frame 59520
sim_hotkey: 'f3' -> osrs_key=3 at frame 59540
sim_hotkey: 'f4' -> osrs_key=4 at frame 59560
sim_hotkey: 'f5' -> osrs_key=5 at frame 59580
sim_hotkey: 'f6' -> osrs_key=6 at frame 59600
sim_hotkey: 'f7' -> osrs_key=7 at frame 59620
sim_hotkey: 'f8' -> osrs_key=8 at frame 59640
sim_hotkey: 'f9' -> osrs_key=9 at frame 59660
torirs_iface_stats: tick=17500 groups=33
  group=161 opens=1 closes=0 bakes=1 reuse=0 live=106 hidden=14 hooks=22 hook_bytes=224400
  group=162 opens=1 closes=0 bakes=1 reuse=0 live=3222 hidden=2413 hooks=18 hook_bytes=183600
  group=651 opens=1 closes=0 bakes=1 reuse=0 live=7 hidden=0 hooks=0 hook_bytes=0
  group=708 opens=1 closes=0 bakes=1 reuse=0 live=13 hidden=1 hooks=4 hook_bytes=40800
  group=163 opens=1 closes=0 bakes=0 reuse=1 live=26 hidden=25 hooks=0 hook_bytes=0
  group=303 opens=1 closes=0 bakes=1 reuse=0 live=21 hidden=5 hooks=2 hook_bytes=20400
  group=90 opens=1 closes=0 bakes=1 reuse=0 live=60 hidden=13 hooks=13 hook_bytes=132600
  group=160 opens=1 closes=0 bakes=1 reuse=0 live=58 hidden=12 hooks=11 hook_bytes=112200
  group=122 opens=1 closes=0 bakes=1 reuse=0 live=33 hidden=15 hooks=9 hook_bytes=91800
  group=728 opens=1 closes=0 bakes=0 reuse=1 live=50 hidden=2 hooks=4 hook_bytes=40800
  group=896 opens=1 closes=0 bakes=0 reuse=1 live=903 hidden=902 hooks=0 hook_bytes=0
  group=593 opens=1 closes=0 bakes=1 reuse=0 live=117 hidden=7 hooks=6 hook_bytes=61200
  group=320 opens=1 closes=0 bakes=1 reuse=0 live=202 hidden=24 hooks=49 hook_bytes=499800
  group=629 opens=1 closes=0 bakes=1 reuse=0 live=46 hidden=5 hooks=3 hook_bytes=30600
  group=712 opens=1 closes=0 bakes=1 reuse=0 live=113 hidden=0 hooks=5 hook_bytes=51000
  group=149 opens=1 closes=0 bakes=0 reuse=1 live=29 hidden=0 hooks=28 hook_bytes=285600
  group=387 opens=1 closes=0 bakes=1 reuse=0 live=96 hidden=12 hooks=13 hook_bytes=132600
  group=541 opens=1 closes=0 bakes=1 reuse=0 live=124 hidden=33 hooks=30 hook_bytes=306000
  group=218 opens=1 closes=0 bakes=1 reuse=0 live=232 hidden=132 hooks=195 hook_bytes=1989000
  group=707 opens=1 closes=0 bakes=1 reuse=0 live=39 hidden=0 hooks=5 hook_bytes=51000
  group=109 opens=1 closes=0 bakes=1 reuse=0 live=96 hidden=13 hooks=10 hook_bytes=102000
  group=429 opens=1 closes=0 bakes=1 reuse=0 live=35 hidden=0 hooks=8 hook_bytes=81600
  group=182 opens=1 closes=0 bakes=1 reuse=0 live=94 hidden=3 hooks=10 hook_bytes=102000
  group=116 opens=1 closes=0 bakes=1 reuse=0 live=222 hidden=12 hooks=65 hook_bytes=663000
  group=216 opens=1 closes=0 bakes=1 reuse=0 live=124 hidden=0 hooks=61 hook_bytes=622200
  group=239 opens=1 closes=0 bakes=1 reuse=0 live=934 hidden=597 hooks=267 hook_bytes=2723400
  group=12 opens=59 closes=59 bakes=1 reuse=58 live=1787 hidden=73 hooks=1510 hook_bytes=15402000
  group=15 opens=59 closes=59 bakes=1 reuse=58 live=650 hidden=49 hooks=366 hook_bytes=3733200
  group=84 opens=59 closes=59 bakes=1 reuse=58 live=129 hidden=14 hooks=30 hook_bytes=306000
  group=729 opens=58 closes=58 bakes=0 reuse=58 live=36 hidden=1 hooks=6 hook_bytes=61200
  group=650 opens=58 closes=58 bakes=1 reuse=57 live=110 hidden=3 hooks=15 hook_bytes=153000
  group=894 opens=58 closes=57 bakes=1 reuse=57 live=413 hidden=4 hooks=117 hook_bytes=1193400
  group=32766 opens=0 closes=0 bakes=0 reuse=0 live=4 hidden=0 hooks=0 hook_bytes=0
torirs_stats: tick=17500 components=10131 live=10131 hidden=4384 freed=0 free_head=-1 inv_hooks=19 var_hooks=163 timers=28 timers_hidden=7 iface_parents=26
sim_hotkey: 'f10' -> osrs_key=10 at frame 59680
Dat2SpriteLoadByName: archive 'mapfunction' not found in sprites table
Dat2SpriteLoadByName: archive 'hitmark' not found in sprites table
CS2VM2: call depth 128 exhausted calling script 904 from script 904 (raise CS2VM_MAX_FRAMES)
Task_CS2Run: script 904 failed at opcode 40 pc 2 (invoked as script 903 for component 0xa10000)
  script 904: int_args=2 str_args=0 int_locals=2 str_locals=0 ops=4
  pc=0 op=33 PUSH_INT_LOCAL operand=0 str=(null)
  pc=1 op=33 PUSH_INT_LOCAL operand=1 str=(null)
  pc=2 op=40 GOSUB_WITH_PARAMS operand=904 str=(null)
  pc=3 op=21 RETURN operand=0 str=(null)
sim_hotkey: 'f11' -> osrs_key=11 at frame 59700
sim_hotkey: 'f12' -> osrs_key=12 at frame 59720
sim_hotkey: 'escape' -> osrs_key=13 at frame 59740
sim_hotkey: 'escape' -> osrs_key=13 at frame 59760
sim_hotkey: 'f1' -> osrs_key=1 at frame 59780
sim_hotkey: 'f2' -> osrs_key=2 at frame 59800
sim_hotkey: 'f3' -> osrs_key=3 at frame 59820
sim_hotkey: 'f4' -> osrs_key=4 at frame 59840
sim_hotkey: 'f5' -> osrs_key=5 at frame 59860
Dat2SpriteLoadByName: archive 'mapfunction' not found in sprites table
Dat2SpriteLoadByName: archive 'hitmark' not found in sprites table
Task_CS2Run: script 7188 failed at opcode 34 pc 14 (invoked as script 7128 for component 0x28a0000)
  script 7188: int_args=0 str_args=0 int_locals=1 str_locals=1 ops=31
  pc=0 op=0 PUSH_CONSTANT_INT operand=-1 str=(null)
  pc=1 op=34 POP_INT_LOCAL operand=0 str=(null)
  pc=2 op=3 PUSH_CONSTANT_STRING operand=0 str=
  pc=3 op=36 POP_STRING_LOCAL operand=0 str=(null)
  pc=4 op=25 PUSH_VARBIT operand=14881 str=(null)
  pc=5 op=60 SWITCH operand=0 str=(null)
  pc=6 op=3 PUSH_CONSTANT_STRING operand=0 str=graphic_4911
  pc=7 op=3 PUSH_CONSTANT_STRING operand=0 str=Grand Exchange value
  pc=8 op=36 POP_STRING_LOCAL operand=0 str=(null)
  pc=9 op=34 POP_INT_LOCAL operand=0 str=(null)
  pc=10 op=6 BRANCH operand=10 str=(null)
  pc=11 op=3 PUSH_CONSTANT_STRING operand=0 str=graphic_4912
  pc=12 op=3 PUSH_CONSTANT_STRING operand=0 str=High Alchemy value
  pc=13 op=36 POP_STRING_LOCAL operand=0 str=(null)
  pc=14 op=34 POP_INT_LOCAL operand=0 str=(null)
  pc=15 op=6 BRANCH operand=5 str=(null)
  pc=16 op=3 PUSH_CONSTANT_STRING operand=0 str=graphic_4911
CS2VM2: call depth 128 exhausted calling script 904 from script 904 (raise CS2VM_MAX_FRAMES)
Task_CS2Run: script 904 failed at opcode 40 pc 2 (invoked as script 903 for component 0xa10000)
  script 904: int_args=2 str_args=0 int_locals=2 str_locals=0 ops=4
  pc=0 op=33 PUSH_INT_LOCAL operand=0 str=(null)
  pc=1 op=33 PUSH_INT_LOCAL operand=1 str=(null)
  pc=2 op=40 GOSUB_WITH_PARAMS operand=904 str=(null)
  pc=3 op=21 RETURN operand=0 str=(null)
sim_hotkey: 'f6' -> osrs_key=6 at frame 59880
sim_hotkey: 'f7' -> osrs_key=7 at frame 59900
sim_hotkey: 'f8' -> osrs_key=8 at frame 59920
sim_hotkey: 'f9' -> osrs_key=9 at frame 59940
sim_hotkey: 'f10' -> osrs_key=10 at frame 59960
sim_hotkey: 'f11' -> osrs_key=11 at frame 59980
post-boot: busy_frames=1 busy_steps=32 (frames that used the whole budget with work still queued)
torirs_perf: window=119 frame_p95=4.65ms

=== torirs_perf report ===
frames=60000 ring=2048 over_20ms=322 (0.5%) eff_fps=223.6
frame_ns mean=4471586 p50=4256000 p95=5228000 max=87089000  (budget=20000000)

stage           mean_ns     p50_ns     p95_ns     max_ns
async            137401       2000     193000   27471000
logic            468251     205000     911000   82352000
cs2              284523          0     726000   82078000
layout               57          0       1000       1000
interact          19696      19000      27000      47000
emit             196928     184000     334000     578000
paint            451768     448000     487000     631000
build            451887     448000     488000     631000
render          2783208    2740000    3375000    3724000
present          138204     135000     151000     250000
server             3179       1000       3000     169000
residual        -463516  (frame_mean - attributed stages)

counter                                 total    per_frame
uitree_find_id                        1917238       936.15
uitree_find_id_probes                 5108498      2494.38
uitree_id_rebuild                         394         0.19
uitree_find_child                       46538        22.72
uitree_find_child_hit                   35681        17.42
uitree_find_child_ceil_miss             10169         4.97
uitree_walk_emit                      6744515      3293.22
uitree_walk_hit                       1454080       710.00
uitree_walk_hover                      215040       105.00
uitree_emit_skip                      5677582      2772.26
uitree_layout_resolve                    1281         0.63
uitree_layout_skip                        615         0.30
uitree_layout_nodes                   6747246      3294.55
uitree_layout_node_skip               6639901      3242.14
uitree_layout_depth_recompute             639         0.31
uitree_ensure_layout                    31845        15.55
uitree_cc_create                         9865         4.82
uitree_cc_deleteall                      1086         0.53
uitree_cc_deleteall_rows                 9711         4.74
uitree_apply_geo                       239387       116.89
uitree_apply_content                   248388       121.28
uitree_apply_hook                       30267        14.78
uitree_apply_other                    1067364       521.17
uitree_components                    20748288     10131.00
uitree_capacity                      33554432     16384.00
uitree_node_bytes                 58250493952  28442624.00
cs2_scripts                             13309         6.50
cs2_opcodes                           3838846      1874.44
cs2_host_ops                           548079       267.62
cs2_cycles                            3838846      1874.44
cs2_aborts                                 24         0.01
cs2_vm_acquire                          13309         6.50
cs2_vm_pool_hit                         13309         6.50
cs2_vm_init_ns                       10979000      5360.84
cs2_frame_pool_hit                      31051        15.16
cache_model_hit                         36774        17.96
cache_sprite_hit                         1852         0.90
painter_pops                         11728599      5726.85
painter_gate_rejects                  5099182      2489.83
painter_pushes                       11728599      5726.85
painter_push_dedup                    4930911      2407.67
painter_drain_events                     8192         4.00
painter_commands                      7469641      3647.29
painter_tiles_remaining_set           5971968      2916.00
scene_elements                       34310850     16753.34
scene_anim_list                        177366        86.60
zone_map_count                         163840        80.00
zone_map_capacity                      524288       256.00
npc_slot_max                           133120        65.00
cache_model_size                       671006       327.64
cache_sprite_size                      384006       187.50
iface_open                                 11         0.01
iface_close                                16         0.01
iface_bake_reuse                           11         0.01
iface_mount_ns                         906000       442.38
iface_close_ns                        2672000      1304.69
iface_groups_resident                   18942         9.25
uitree_hidden                         2516473      1228.75
uitree_unmounted                         2707         1.32
uitree_hook_blocks                    1654268       807.75
uitree_hook_bytes                 16873533600   8239030.08
host_inv_hooks                          13351         6.52
host_var_hooks                          96940        47.33
host_stat_hooks                         37310        18.22
bridge_sprite_map                      355880       173.77
bridge_model_map                          574         0.28
bridge_obj_icon_map                     44198        21.58
cache_clientscript_size                375396       183.30
uitree_anim_scan                         1174         0.57
uitree_anim_scan_nodes               11893794      5807.52
uitree_anim_model_nodes                  3522         1.72
uitree_hook_index_rebuild_nodes       5825325      2844.40

torirs_perf: wrote /Users/matthewevers/Documents/git_repos/3draster/tools/perf/results/7476adf7-soak-ui.csv
=== end torirs_perf ===

app: map archives are unencrypted at this revision
app: cache profile epoch=dat2 game=oldschool revision=239 quirks=none
varbit load: 20411 types (19008 records, ids 0..20410)
hitsplat load: 83 types (83 records)
InterfaceOpen done: iface=161 pack_components=99 tree_components=1060 onloads=6 inv_hooks=0 var_hooks=4 mounts=0
