kind,name,mean_ns,p50_ns,p95_ns,max_ns,total,per_frame,window
window_stage,frame,15696782,3966000,7478000,5133075000,,,0
window_stage,async,670090,1000,308000,79887000,,,0
window_stage,logic,1811356,178000,1165000,276486000,,,0
window_stage,cs2,1673248,0,805000,276008000,,,0
window_stage,layout,1302,0,1000,220000,,,0
window_stage,interact,17956,18000,28000,43000,,,0
window_stage,emit,116786,117000,273000,494000,,,0
window_stage,paint,369270,437000,713000,842000,,,0
window_stage,build,369368,437000,714000,844000,,,0
window_stage,render,2065634,2454000,3756000,4306000,,,0
window_stage,present,140752,137000,166000,225000,,,0
window_stage,server,204532,1000,4000,97714000,,,0
window_counter,uitree_find_id,,,,,639519,1279.038000,0
window_counter,uitree_find_id_probes,,,,,2982800,5965.600000,0
window_counter,uitree_id_rebuild,,,,,206,0.412000,0
window_counter,uitree_find_child,,,,,52987,105.974000,0
window_counter,uitree_find_child_hit,,,,,36651,73.302000,0
window_counter,uitree_find_child_ceil_miss,,,,,15435,30.870000,0
window_counter,uitree_walk_emit,,,,,1093886,2187.772000,0
window_counter,uitree_walk_hit,,,,,261648,523.296000,0
window_counter,uitree_walk_hover,,,,,43696,87.392000,0
window_counter,uitree_emit_skip,,,,,1022916,2045.832000,0
window_counter,uitree_layout_resolve,,,,,506,1.012000,0
window_counter,uitree_layout_skip,,,,,242,0.484000,0
window_counter,uitree_layout_nodes,,,,,2061545,4123.090000,0
window_counter,uitree_layout_node_skip,,,,,1824817,3649.634000,0
window_counter,uitree_layout_depth_recompute,,,,,217,0.434000,0
window_counter,uitree_ensure_layout,,,,,10365,20.730000,0
window_counter,uitree_cc_create,,,,,14364,28.728000,0
window_counter,uitree_cc_delete,,,,,2,0.004000,0
window_counter,uitree_cc_deleteall,,,,,606,1.212000,0
window_counter,uitree_cc_deleteall_rows,,,,,6554,13.108000,0
window_counter,uitree_apply_geo,,,,,34798,69.596000,0
window_counter,uitree_apply_content,,,,,42600,85.200000,0
window_counter,uitree_apply_hook,,,,,22803,45.606000,0
window_counter,uitree_apply_other,,,,,246316,492.632000,0
window_gauge,uitree_components,,,,,9708,9708.000000,0
window_gauge,uitree_capacity,,,,,16384,16384.000000,0
window_gauge,uitree_free_list,,,,,1,1.000000,0
window_gauge,uitree_node_bytes,,,,,28442624,28442624.000000,0
window_counter,cs2_scripts,,,,,6592,13.184000,0
window_counter,cs2_opcodes,,,,,3020086,6040.172000,0
window_counter,cs2_host_ops,,,,,438233,876.466000,0
window_counter,cs2_cycles,,,,,3020086,6040.172000,0
window_counter,cs2_aborts,,,,,38,0.076000,0
window_counter,cs2_vm_acquire,,,,,4373,8.746000,0
window_counter,cs2_vm_pool_hit,,,,,4371,8.742000,0
window_counter,cs2_vm_pool_miss,,,,,2,0.004000,0
window_counter,cs2_vm_init_ns,,,,,3351000,6702.000000,0
window_counter,cs2_frame_pool_hit,,,,,14248,28.496000,0
window_counter,cs2_frame_pool_miss,,,,,128,0.256000,0
window_counter,cache_model_hit,,,,,48302,96.604000,0
window_counter,cache_model_miss,,,,,2213,4.426000,0
window_counter,cache_sprite_hit,,,,,3505,7.010000,0
window_counter,cache_sprite_miss,,,,,969,1.938000,0
window_counter,painter_pops,,,,,2314154,4628.308000,0
window_counter,painter_gate_rejects,,,,,1009334,2018.668000,0
window_counter,painter_pushes,,,,,2314154,4628.308000,0
window_counter,painter_push_dedup,,,,,987818,1975.636000,0
window_counter,painter_drain_events,,,,,1372,2.744000,0
window_gauge,painter_commands,,,,,3647,3647.000000,0
window_gauge,painter_tiles_remaining_set,,,,,2916,2916.000000,0
window_gauge,zone_map_count,,,,,48,48.000000,0
window_gauge,zone_map_capacity,,,,,256,256.000000,0
window_gauge,npc_slot_max,,,,,65,65.000000,0
window_counter,iface_open,,,,,31,0.062000,0
window_counter,iface_close,,,,,6,0.012000,0
window_counter,iface_bake,,,,,26,0.052000,0
window_counter,iface_bake_reuse,,,,,5,0.010000,0
window_counter,iface_mount_ns,,,,,9731000,19462.000000,0
window_counter,iface_close_ns,,,,,977000,1954.000000,0
window_counter,uitree_anim_scan,,,,,322,0.644000,0
window_counter,uitree_anim_scan_nodes,,,,,2500266,5000.532000,0
window_counter,uitree_anim_model_nodes,,,,,656,1.312000,0
window_counter,uitree_hook_index_rebuild_nodes,,,,,1112103,2224.206000,0
window_stage,frame,4781956,4252000,6462000,84519000,,,1
window_stage,async,167718,2000,203000,25668000,,,1
window_stage,logic,603414,209000,918000,79769000,,,1
window_stage,cs2,396894,0,720000,79493000,,,1
window_stage,layout,588,0,1000,253000,,,1
window_stage,interact,21840,20000,29000,366000,,,1
window_stage,emit,201716,183000,334000,772000,,,1
window_stage,paint,466200,453000,506000,3019000,,,1
window_stage,build,466348,453000,506000,3020000,,,1
window_stage,render,2888268,2751000,3568000,14282000,,,1
window_stage,present,142120,137000,154000,832000,,,1
window_stage,server,3132,1000,3000,461000,,,1
window_counter,uitree_find_id,,,,,440331,880.662000,1
window_counter,uitree_find_id_probes,,,,,1723008,3446.016000,1
window_counter,uitree_id_rebuild,,,,,139,0.278000,1
window_counter,uitree_find_child,,,,,18330,36.660000,1
window_counter,uitree_find_child_hit,,,,,14443,28.886000,1
window_counter,uitree_find_child_ceil_miss,,,,,3680,7.360000,1
window_counter,uitree_walk_emit,,,,,1619999,3239.998000,1
window_counter,uitree_walk_hit,,,,,355000,710.000000,1
window_counter,uitree_walk_hover,,,,,52500,105.000000,1
window_counter,uitree_emit_skip,,,,,1405851,2811.702000,1
window_counter,uitree_layout_resolve,,,,,331,0.662000,1
window_counter,uitree_layout_skip,,,,,152,0.304000,1
window_counter,uitree_layout_nodes,,,,,1794275,3588.550000,1
window_counter,uitree_layout_node_skip,,,,,1740778,3481.556000,1
window_counter,uitree_layout_depth_recompute,,,,,173,0.346000,1
window_counter,uitree_ensure_layout,,,,,8238,16.476000,1
window_counter,uitree_cc_create,,,,,3630,7.260000,1
window_counter,uitree_cc_delete,,,,,1,0.002000,1
window_counter,uitree_cc_deleteall,,,,,303,0.606000,1
window_counter,uitree_cc_deleteall_rows,,,,,3185,6.370000,1
window_counter,uitree_apply_geo,,,,,17777,35.554000,1
window_counter,uitree_apply_content,,,,,20568,41.136000,1
window_counter,uitree_apply_hook,,,,,14111,28.222000,1
window_counter,uitree_apply_other,,,,,266178,532.356000,1
window_gauge,uitree_components,,,,,10119,10119.000000,1
window_gauge,uitree_capacity,,,,,16384,16384.000000,1
window_gauge,uitree_node_bytes,,,,,28442624,28442624.000000,1
window_counter,cs2_scripts,,,,,3575,7.150000,1
window_counter,cs2_opcodes,,,,,1356070,2712.140000,1
window_counter,cs2_host_ops,,,,,195156,390.312000,1
window_counter,cs2_cycles,,,,,1356070,2712.140000,1
window_counter,cs2_aborts,,,,,3,0.006000,1
window_counter,cs2_vm_acquire,,,,,3377,6.754000,1
window_counter,cs2_vm_pool_hit,,,,,3377,6.754000,1
window_counter,cs2_vm_init_ns,,,,,4714000,9428.000000,1
window_counter,cs2_frame_pool_hit,,,,,7562,15.124000,1
window_counter,cache_model_hit,,,,,17994,35.988000,1
window_counter,cache_model_miss,,,,,3,0.006000,1
window_counter,cache_sprite_hit,,,,,888,1.776000,1
window_counter,cache_sprite_miss,,,,,151,0.302000,1
window_counter,painter_pops,,,,,2869679,5739.358000,1
window_counter,painter_gate_rejects,,,,,1249583,2499.166000,1
window_counter,painter_pushes,,,,,2869679,5739.358000,1
window_counter,painter_push_dedup,,,,,1201163,2402.326000,1
window_counter,painter_drain_events,,,,,2000,4.000000,1
window_gauge,painter_commands,,,,,3647,3647.000000,1
window_gauge,painter_tiles_remaining_set,,,,,2916,2916.000000,1
window_gauge,zone_map_count,,,,,51,51.000000,1
window_gauge,zone_map_capacity,,,,,256,256.000000,1
window_gauge,npc_slot_max,,,,,65,65.000000,1
window_counter,iface_open,,,,,3,0.006000,1
window_counter,iface_close,,,,,1,0.002000,1
window_counter,iface_bake,,,,,1,0.002000,1
window_counter,iface_bake_reuse,,,,,2,0.004000,1
window_counter,iface_mount_ns,,,,,245000,490.000000,1
window_counter,uitree_anim_scan,,,,,302,0.604000,1
window_counter,uitree_anim_scan_nodes,,,,,3022884,6045.768000,1
window_counter,uitree_anim_model_nodes,,,,,906,1.812000,1
window_counter,uitree_hook_index_rebuild_nodes,,,,,1450728,2901.456000,1
window_stage,frame,4610184,4490000,5502000,31506000,,,2
window_stage,async,160852,2000,192000,26807000,,,2
window_stage,logic,401422,200000,900000,5054000,,,2
window_stage,cs2,214040,0,702000,4838000,,,2
window_stage,layout,64,0,1000,1000,,,2
window_stage,interact,21144,21000,29000,59000,,,2
window_stage,emit,231596,201000,450000,732000,,,2
window_stage,paint,459090,453000,516000,627000,,,2
window_stage,build,459252,454000,516000,627000,,,2
window_stage,render,2918686,2852000,3503000,3840000,,,2
window_stage,present,139914,137000,153000,213000,,,2
window_stage,server,2906,1000,4000,107000,,,2
window_counter,uitree_find_id,,,,,338840,677.680000,2
window_counter,uitree_find_id_probes,,,,,710962,1421.924000,2
window_counter,uitree_id_rebuild,,,,,60,0.120000,2
window_counter,uitree_find_child,,,,,6770,13.540000,2
window_counter,uitree_find_child_hit,,,,,4560,9.120000,2
window_counter,uitree_find_child_ceil_miss,,,,,2077,4.154000,2
window_counter,uitree_walk_emit,,,,,1755401,3510.802000,2
window_counter,uitree_walk_hit,,,,,355000,710.000000,2
window_counter,uitree_walk_hover,,,,,52500,105.000000,2
window_counter,uitree_emit_skip,,,,,1540636,3081.272000,2
window_counter,uitree_layout_resolve,,,,,320,0.640000,2
window_counter,uitree_layout_skip,,,,,157,0.314000,2
window_counter,uitree_layout_nodes,,,,,1649397,3298.794000,2
window_counter,uitree_layout_node_skip,,,,,1608609,3217.218000,2
window_counter,uitree_layout_depth_recompute,,,,,153,0.306000,2
window_counter,uitree_ensure_layout,,,,,7866,15.732000,2
window_counter,uitree_cc_create,,,,,1954,3.908000,2
window_counter,uitree_cc_deleteall,,,,,257,0.514000,2
window_counter,uitree_cc_deleteall_rows,,,,,1937,3.874000,2
window_counter,uitree_apply_geo,,,,,12487,24.974000,2
window_counter,uitree_apply_content,,,,,14367,28.734000,2
window_counter,uitree_apply_hook,,,,,1406,2.812000,2
window_counter,uitree_apply_other,,,,,257159,514.318000,2
window_gauge,uitree_components,,,,,10119,10119.000000,2
window_gauge,uitree_capacity,,,,,16384,16384.000000,2
window_gauge,uitree_node_bytes,,,,,28442624,28442624.000000,2
window_counter,cs2_scripts,,,,,3428,6.856000,2
window_counter,cs2_opcodes,,,,,648436,1296.872000,2
window_counter,cs2_host_ops,,,,,91209,182.418000,2
window_counter,cs2_cycles,,,,,648436,1296.872000,2
window_counter,cs2_aborts,,,,,8,0.016000,2
window_counter,cs2_vm_acquire,,,,,3428,6.856000,2
window_counter,cs2_vm_pool_hit,,,,,3428,6.856000,2
window_counter,cs2_vm_init_ns,,,,,2711000,5422.000000,2
window_counter,cs2_frame_pool_hit,,,,,8102,16.204000,2
window_counter,cache_model_hit,,,,,607,1.214000,2
window_counter,cache_sprite_hit,,,,,281,0.562000,2
window_counter,painter_pops,,,,,2862178,5724.356000,2
window_counter,painter_gate_rejects,,,,,1244427,2488.854000,2
window_counter,painter_pushes,,,,,2862178,5724.356000,2
window_counter,painter_push_dedup,,,,,1204217,2408.434000,2
window_counter,painter_drain_events,,,,,2000,4.000000,2
window_gauge,painter_commands,,,,,3646,3646.000000,2
window_gauge,painter_tiles_remaining_set,,,,,2916,2916.000000,2
window_gauge,zone_map_count,,,,,56,56.000000,2
window_gauge,zone_map_capacity,,,,,256,256.000000,2
window_gauge,npc_slot_max,,,,,65,65.000000,2
window_counter,iface_open,,,,,3,0.006000,2
window_counter,iface_close,,,,,7,0.014000,2
window_counter,iface_bake_reuse,,,,,3,0.006000,2
window_counter,iface_mount_ns,,,,,319000,638.000000,2
window_counter,iface_close_ns,,,,,617000,1234.000000,2
window_counter,uitree_anim_scan,,,,,294,0.588000,2
window_counter,uitree_anim_scan_nodes,,,,,2974986,5949.972000,2
window_counter,uitree_anim_model_nodes,,,,,882,1.764000,2
window_counter,uitree_hook_index_rebuild_nodes,,,,,1467255,2934.510000,2
window_stage,frame,4221644,4156000,4788000,30190000,,,3
window_stage,async,97750,2000,187000,25679000,,,3
window_stage,logic,372218,193000,887000,8012000,,,3
window_stage,cs2,192972,0,697000,7773000,,,3
window_stage,layout,72,0,1000,1000,,,3
window_stage,interact,20146,19000,28000,63000,,,3
window_stage,emit,181900,179000,289000,371000,,,3
window_stage,paint,451276,446000,496000,580000,,,3
window_stage,build,451382,446000,496000,580000,,,3
window_stage,render,2696152,2722000,2970000,3296000,,,3
window_stage,present,139000,136000,152000,232000,,,3
window_stage,server,3176,1000,4000,150000,,,3
window_counter,uitree_find_id,,,,,316142,632.284000,3
window_counter,uitree_find_id_probes,,,,,590805,1181.610000,3
window_counter,uitree_id_rebuild,,,,,32,0.064000,3
window_counter,uitree_find_child,,,,,3937,7.874000,3
window_counter,uitree_find_child_hit,,,,,2485,4.970000,3
window_counter,uitree_find_child_ceil_miss,,,,,1418,2.836000,3
window_counter,uitree_walk_emit,,,,,1589089,3178.178000,3
window_counter,uitree_walk_hit,,,,,355000,710.000000,3
window_counter,uitree_walk_hover,,,,,52500,105.000000,3
window_counter,uitree_emit_skip,,,,,1372879,2745.758000,3
window_counter,uitree_layout_resolve,,,,,283,0.566000,3
window_counter,uitree_layout_skip,,,,,139,0.278000,3
window_counter,uitree_layout_nodes,,,,,1457136,2914.272000,3
window_counter,uitree_layout_node_skip,,,,,1416147,2832.294000,3
window_counter,uitree_layout_depth_recompute,,,,,140,0.280000,3
window_counter,uitree_ensure_layout,,,,,6999,13.998000,3
window_counter,uitree_cc_create,,,,,1303,2.606000,3
window_counter,uitree_cc_deleteall,,,,,162,0.324000,3
window_counter,uitree_cc_deleteall_rows,,,,,1285,2.570000,3
window_counter,uitree_apply_geo,,,,,13394,26.788000,3
window_counter,uitree_apply_content,,,,,14865,29.730000,3
window_counter,uitree_apply_hook,,,,,1048,2.096000,3
window_counter,uitree_apply_other,,,,,253439,506.878000,3
window_gauge,uitree_components,,,,,10119,10119.000000,3
window_gauge,uitree_capacity,,,,,16384,16384.000000,3
window_gauge,uitree_node_bytes,,,,,28442624,28442624.000000,3
window_counter,cs2_scripts,,,,,2937,5.874000,3
window_counter,cs2_opcodes,,,,,472050,944.100000,3
window_counter,cs2_host_ops,,,,,64085,128.170000,3
window_counter,cs2_cycles,,,,,472050,944.100000,3
window_counter,cs2_aborts,,,,,1,0.002000,3
window_counter,cs2_vm_acquire,,,,,2937,5.874000,3
window_counter,cs2_vm_pool_hit,,,,,2937,5.874000,3
window_counter,cs2_vm_init_ns,,,,,2373000,4746.000000,3
window_counter,cs2_frame_pool_hit,,,,,6265,12.530000,3
window_counter,cache_model_hit,,,,,216,0.432000,3
window_counter,cache_sprite_hit,,,,,217,0.434000,3
window_counter,painter_pops,,,,,2861000,5722.000000,3
window_counter,painter_gate_rejects,,,,,1243500,2487.000000,3
window_counter,painter_pushes,,,,,2861000,5722.000000,3
window_counter,painter_push_dedup,,,,,1204500,2409.000000,3
window_counter,painter_drain_events,,,,,2000,4.000000,3
window_gauge,painter_commands,,,,,3646,3646.000000,3
window_gauge,painter_tiles_remaining_set,,,,,2916,2916.000000,3
window_gauge,zone_map_count,,,,,58,58.000000,3
window_gauge,zone_map_capacity,,,,,256,256.000000,3
window_gauge,npc_slot_max,,,,,65,65.000000,3
window_counter,iface_open,,,,,1,0.002000,3
window_counter,iface_close,,,,,1,0.002000,3
window_counter,iface_bake_reuse,,,,,1,0.002000,3
window_counter,iface_mount_ns,,,,,104000,208.000000,3
window_counter,uitree_anim_scan,,,,,274,0.548000,3
window_counter,uitree_anim_scan_nodes,,,,,2772606,5545.212000,3
window_counter,uitree_anim_model_nodes,,,,,822,1.644000,3
window_counter,uitree_hook_index_rebuild_nodes,,,,,1376184,2752.368000,3
window_stage,frame,4745928,4441000,5402000,84282000,,,4
window_stage,async,145666,2000,188000,26935000,,,4
window_stage,logic,559878,208000,912000,79237000,,,4
window_stage,cs2,370264,0,705000,78956000,,,4
window_stage,layout,64,0,1000,1000,,,4
window_stage,interact,21088,20000,29000,76000,,,4
window_stage,emit,209562,188000,404000,600000,,,4
window_stage,paint,458846,453000,503000,672000,,,4
window_stage,build,458998,454000,503000,674000,,,4
window_stage,render,2933490,2888000,3465000,3897000,,,4
window_stage,present,138944,137000,153000,194000,,,4
window_stage,server,2978,1000,4000,132000,,,4
window_counter,uitree_find_id,,,,,462804,925.608000,4
window_counter,uitree_find_id_probes,,,,,1723199,3446.398000,4
window_counter,uitree_id_rebuild,,,,,163,0.326000,4
window_counter,uitree_find_child,,,,,18078,36.156000,4
window_counter,uitree_find_child_hit,,,,,14397,28.794000,4
window_counter,uitree_find_child_ceil_miss,,,,,3379,6.758000,4
window_counter,uitree_walk_emit,,,,,1668332,3336.664000,4
window_counter,uitree_walk_hit,,,,,355000,710.000000,4
window_counter,uitree_walk_hover,,,,,52500,105.000000,4
window_counter,uitree_emit_skip,,,,,1431232,2862.464000,4
window_counter,uitree_layout_resolve,,,,,345,0.690000,4
window_counter,uitree_layout_skip,,,,,161,0.322000,4
window_counter,uitree_layout_nodes,,,,,1861896,3723.792000,4
window_counter,uitree_layout_node_skip,,,,,1839000,3678.000000,4
window_counter,uitree_layout_depth_recompute,,,,,172,0.344000,4
window_counter,uitree_ensure_layout,,,,,8517,17.034000,4
window_counter,uitree_cc_create,,,,,3347,6.694000,4
window_counter,uitree_cc_deleteall,,,,,325,0.650000,4
window_counter,uitree_cc_deleteall_rows,,,,,3288,6.576000,4
window_counter,uitree_apply_geo,,,,,27067,54.134000,4
window_counter,uitree_apply_content,,,,,29856,59.712000,4
window_counter,uitree_apply_hook,,,,,14067,28.134000,4
window_counter,uitree_apply_other,,,,,266593,533.186000,4
window_gauge,uitree_components,,,,,10119,10119.000000,4
window_gauge,uitree_capacity,,,,,16384,16384.000000,4
window_gauge,uitree_node_bytes,,,,,28442624,28442624.000000,4
window_counter,cs2_scripts,,,,,3519,7.038000,4
window_counter,cs2_opcodes,,,,,1392640,2785.280000,4
window_counter,cs2_host_ops,,,,,201032,402.064000,4
window_counter,cs2_cycles,,,,,1392640,2785.280000,4
window_counter,cs2_aborts,,,,,10,0.020000,4
window_counter,cs2_vm_acquire,,,,,3519,7.038000,4
window_counter,cs2_vm_pool_hit,,,,,3519,7.038000,4
window_counter,cs2_vm_init_ns,,,,,2659000,5318.000000,4
window_counter,cs2_frame_pool_hit,,,,,8902,17.804000,4
window_counter,cache_model_hit,,,,,18066,36.132000,4
window_counter,cache_sprite_hit,,,,,752,1.504000,4
window_counter,painter_pops,,,,,2861000,5722.000000,4
window_counter,painter_gate_rejects,,,,,1243500,2487.000000,4
window_counter,painter_pushes,,,,,2861000,5722.000000,4
window_counter,painter_push_dedup,,,,,1204500,2409.000000,4
window_counter,painter_drain_events,,,,,2000,4.000000,4
window_gauge,painter_commands,,,,,3646,3646.000000,4
window_gauge,painter_tiles_remaining_set,,,,,2916,2916.000000,4
window_gauge,scene_elements,,,,,59773,59773.000000,4
window_gauge,scene_anim_list,,,,,309,309.000000,4
window_gauge,zone_map_count,,,,,60,60.000000,4
window_gauge,zone_map_capacity,,,,,256,256.000000,4
window_gauge,npc_slot_max,,,,,65,65.000000,4
window_gauge,cache_model_size,,,,,1162,1162.000000,4
window_gauge,cache_sprite_size,,,,,669,669.000000,4
window_counter,iface_open,,,,,4,0.008000,4
window_counter,iface_close,,,,,7,0.014000,4
window_counter,iface_bake_reuse,,,,,4,0.008000,4
window_counter,iface_mount_ns,,,,,348000,696.000000,4
window_counter,iface_close_ns,,,,,1186000,2372.000000,4
window_gauge,iface_groups_resident,,,,,33,33.000000,4
window_gauge,uitree_hidden,,,,,4456,4456.000000,4
window_gauge,uitree_unmounted,,,,,5,5.000000,4
window_gauge,uitree_hook_blocks,,,,,2872,2872.000000,4
window_gauge,uitree_hook_bytes,,,,,29294400,29294400.000000,4
window_gauge,host_inv_hooks,,,,,19,19.000000,4
window_gauge,host_var_hooks,,,,,163,163.000000,4
window_gauge,host_stat_hooks,,,,,65,65.000000,4
window_gauge,bridge_sprite_map,,,,,620,620.000000,4
window_gauge,bridge_model_map,,,,,1,1.000000,4
window_gauge,bridge_obj_icon_map,,,,,77,77.000000,4
window_gauge,cache_clientscript_size,,,,,654,654.000000,4
window_counter,uitree_anim_scan,,,,,302,0.604000,4
window_counter,uitree_anim_scan_nodes,,,,,3055938,6111.876000,4
window_counter,uitree_anim_model_nodes,,,,,906,1.812000,4
window_counter,uitree_hook_index_rebuild_nodes,,,,,1487493,2974.986000,4
window_stage,frame,4273210,4121000,4726000,31121000,,,5
window_stage,async,153922,2000,193000,26616000,,,5
window_stage,logic,385426,203000,916000,7531000,,,5
window_stage,cs2,202358,0,714000,7267000,,,5
window_stage,layout,66,0,1000,1000,,,5
window_stage,interact,19888,19000,27000,68000,,,5
window_stage,emit,180418,176000,272000,595000,,,5
window_stage,paint,451214,446000,492000,686000,,,5
window_stage,build,451306,446000,492000,686000,,,5
window_stage,render,2678742,2678000,2950000,3282000,,,5
window_stage,present,138882,137000,152000,186000,,,5
window_stage,server,2536,1000,4000,132000,,,5
window_counter,uitree_find_id,,,,,350311,700.622000,5
window_counter,uitree_find_id_probes,,,,,678771,1357.542000,5
window_counter,uitree_id_rebuild,,,,,50,0.100000,5
window_counter,uitree_find_child,,,,,7044,14.088000,5
window_counter,uitree_find_child_hit,,,,,4596,9.192000,5
window_counter,uitree_find_child_ceil_miss,,,,,2382,4.764000,5
window_counter,uitree_walk_emit,,,,,1576039,3152.078000,5
window_counter,uitree_walk_hit,,,,,355000,710.000000,5
window_counter,uitree_walk_hover,,,,,52500,105.000000,5
window_counter,uitree_emit_skip,,,,,1367979,2735.958000,5
window_counter,uitree_layout_resolve,,,,,294,0.588000,5
window_counter,uitree_layout_skip,,,,,143,0.286000,5
window_counter,uitree_layout_nodes,,,,,1527969,3055.938000,5
window_counter,uitree_layout_node_skip,,,,,1466676,2933.352000,5
window_counter,uitree_layout_depth_recompute,,,,,145,0.290000,5
window_counter,uitree_ensure_layout,,,,,7248,14.496000,5
window_counter,uitree_cc_create,,,,,2237,4.474000,5
window_counter,uitree_cc_deleteall,,,,,225,0.450000,5
window_counter,uitree_cc_deleteall_rows,,,,,2210,4.420000,5
window_counter,uitree_apply_geo,,,,,21063,42.126000,5
window_counter,uitree_apply_content,,,,,22688,45.376000,5
window_counter,uitree_apply_hook,,,,,1446,2.892000,5
window_counter,uitree_apply_other,,,,,256793,513.586000,5
window_gauge,uitree_components,,,,,10119,10119.000000,5
window_gauge,uitree_capacity,,,,,16384,16384.000000,5
window_gauge,uitree_node_bytes,,,,,28442624,28442624.000000,5
window_counter,cs2_scripts,,,,,3037,6.074000,5
window_counter,cs2_opcodes,,,,,614867,1229.734000,5
window_counter,cs2_host_ops,,,,,85250,170.500000,5
window_counter,cs2_cycles,,,,,614867,1229.734000,5
window_counter,cs2_aborts,,,,,3,0.006000,5
window_counter,cs2_vm_acquire,,,,,3037,6.074000,5
window_counter,cs2_vm_pool_hit,,,,,3037,6.074000,5
window_counter,cs2_vm_init_ns,,,,,2450000,4900.000000,5
window_counter,cs2_frame_pool_hit,,,,,6648,13.296000,5
window_counter,cache_model_hit,,,,,432,0.864000,5
window_counter,cache_sprite_hit,,,,,290,0.580000,5
window_counter,painter_pops,,,,,2863166,5726.332000,5
window_counter,painter_gate_rejects,,,,,1244796,2489.592000,5
window_counter,painter_pushes,,,,,2863166,5726.332000,5
window_counter,painter_push_dedup,,,,,1204462,2408.924000,5
window_counter,painter_drain_events,,,,,2000,4.000000,5
window_gauge,painter_commands,,,,,3646,3646.000000,5
window_gauge,painter_tiles_remaining_set,,,,,2916,2916.000000,5
window_gauge,zone_map_count,,,,,61,61.000000,5
window_gauge,zone_map_capacity,,,,,256,256.000000,5
window_gauge,npc_slot_max,,,,,65,65.000000,5
window_counter,iface_open,,,,,2,0.004000,5
window_counter,iface_close,,,,,2,0.004000,5
window_counter,iface_bake_reuse,,,,,2,0.004000,5
window_counter,iface_mount_ns,,,,,186000,372.000000,5
window_counter,uitree_anim_scan,,,,,276,0.552000,5
window_counter,uitree_anim_scan_nodes,,,,,2792844,5585.688000,5
window_counter,uitree_anim_model_nodes,,,,,828,1.656000,5
window_counter,uitree_hook_index_rebuild_nodes,,,,,1376184,2752.368000,5
window_stage,frame,4757326,4441000,5419000,85274000,,,6
window_stage,async,149178,2000,197000,27963000,,,6
window_stage,logic,560506,207000,933000,80230000,,,6
window_stage,cs2,371098,0,726000,79949000,,,6
window_stage,layout,90,0,1000,1000,,,6
window_stage,interact,21196,21000,29000,49000,,,6
window_stage,emit,241064,220000,460000,810000,,,6
window_stage,paint,456064,450000,508000,608000,,,6
window_stage,build,456194,450000,508000,608000,,,6
window_stage,render,2907596,2812000,3477000,3766000,,,6
window_stage,present,139438,137000,152000,210000,,,6
window_stage,server,3386,1000,4000,141000,,,6
window_counter,uitree_find_id,,,,,475453,950.906000,6
window_counter,uitree_find_id_probes,,,,,1811535,3623.070000,6
window_counter,uitree_id_rebuild,,,,,163,0.326000,6
window_counter,uitree_find_child,,,,,18012,36.024000,6
window_counter,uitree_find_child_hit,,,,,14357,28.714000,6
window_counter,uitree_find_child_ceil_miss,,,,,3353,6.706000,6
window_counter,uitree_walk_emit,,,,,1787177,3574.354000,6
window_counter,uitree_walk_hit,,,,,355000,710.000000,6
window_counter,uitree_walk_hover,,,,,52500,105.000000,6
window_counter,uitree_emit_skip,,,,,1531142,3062.284000,6
window_counter,uitree_layout_resolve,,,,,342,0.684000,6
window_counter,uitree_layout_skip,,,,,159,0.318000,6
window_counter,uitree_layout_nodes,,,,,1851777,3703.554000,6
window_counter,uitree_layout_node_skip,,,,,1828914,3657.828000,6
window_counter,uitree_layout_depth_recompute,,,,,171,0.342000,6
window_counter,uitree_ensure_layout,,,,,8531,17.062000,6
window_counter,uitree_cc_create,,,,,3347,6.694000,6
window_counter,uitree_cc_deleteall,,,,,325,0.650000,6
window_counter,uitree_cc_deleteall_rows,,,,,3288,6.576000,6
window_counter,uitree_apply_geo,,,,,33487,66.974000,6
window_counter,uitree_apply_content,,,,,36338,72.676000,6
window_counter,uitree_apply_hook,,,,,14007,28.014000,6
window_counter,uitree_apply_other,,,,,266593,533.186000,6
window_gauge,uitree_components,,,,,10119,10119.000000,6
window_gauge,uitree_capacity,,,,,16384,16384.000000,6
window_gauge,uitree_node_bytes,,,,,28442624,28442624.000000,6
window_counter,cs2_scripts,,,,,3569,7.138000,6
window_counter,cs2_opcodes,,,,,1379368,2758.736000,6
window_counter,cs2_host_ops,,,,,199795,399.590000,6
window_counter,cs2_cycles,,,,,1379368,2758.736000,6
window_counter,cs2_aborts,,,,,10,0.020000,6
window_counter,cs2_vm_acquire,,,,,3569,7.138000,6
window_counter,cs2_vm_pool_hit,,,,,3569,7.138000,6
window_counter,cs2_vm_init_ns,,,,,2805000,5610.000000,6
window_counter,cs2_frame_pool_hit,,,,,8935,17.870000,6
window_counter,cache_model_hit,,,,,18064,36.128000,6
window_counter,cache_sprite_hit,,,,,752,1.504000,6
window_counter,painter_pops,,,,,2866486,5732.972000,6
window_counter,painter_gate_rejects,,,,,1247922,2495.844000,6
window_counter,painter_pushes,,,,,2866486,5732.972000,6
window_counter,painter_push_dedup,,,,,1201744,2403.488000,6
window_counter,painter_drain_events,,,,,2000,4.000000,6
window_gauge,painter_commands,,,,,3646,3646.000000,6
window_gauge,painter_tiles_remaining_set,,,,,2916,2916.000000,6
window_gauge,zone_map_count,,,,,63,63.000000,6
window_gauge,zone_map_capacity,,,,,256,256.000000,6
window_gauge,npc_slot_max,,,,,65,65.000000,6
window_counter,iface_open,,,,,4,0.008000,6
window_counter,iface_close,,,,,7,0.014000,6
window_counter,iface_bake_reuse,,,,,4,0.008000,6
window_counter,iface_mount_ns,,,,,297000,594.000000,6
window_counter,iface_close_ns,,,,,1417000,2834.000000,6
window_counter,uitree_anim_scan,,,,,300,0.600000,6
window_counter,uitree_anim_scan_nodes,,,,,3035700,6071.400000,6
window_counter,uitree_anim_model_nodes,,,,,900,1.800000,6
window_counter,uitree_hook_index_rebuild_nodes,,,,,1467255,2934.510000,6
window_stage,frame,4264452,4142000,4762000,31156000,,,7
window_stage,async,151902,2000,192000,26376000,,,7
window_stage,logic,383746,198000,886000,8004000,,,7
window_stage,cs2,200066,0,691000,7775000,,,7
window_stage,layout,60,0,1000,1000,,,7
window_stage,interact,19896,19000,28000,33000,,,7
window_stage,emit,177004,171000,281000,453000,,,7
window_stage,paint,454060,449000,500000,720000,,,7
window_stage,build,454188,450000,501000,720000,,,7
window_stage,render,2670488,2661000,2974000,3432000,,,7
window_stage,present,139010,136000,151000,226000,,,7
window_stage,server,2848,1000,3000,141000,,,7
window_counter,uitree_find_id,,,,,362399,724.798000,7
window_counter,uitree_find_id_probes,,,,,699823,1399.646000,7
window_counter,uitree_id_rebuild,,,,,50,0.100000,7
window_counter,uitree_find_child,,,,,7090,14.180000,7
window_counter,uitree_find_child_hit,,,,,4616,9.232000,7
window_counter,uitree_find_child_ceil_miss,,,,,2408,4.816000,7
window_counter,uitree_walk_emit,,,,,1560473,3120.946000,7
window_counter,uitree_walk_hit,,,,,355000,710.000000,7
window_counter,uitree_walk_hover,,,,,52500,105.000000,7
window_counter,uitree_emit_skip,,,,,1361906,2723.812000,7
window_counter,uitree_layout_resolve,,,,,294,0.588000,7
window_counter,uitree_layout_skip,,,,,144,0.288000,7
window_counter,uitree_layout_nodes,,,,,1517850,3035.700000,7
window_counter,uitree_layout_node_skip,,,,,1456528,2913.056000,7
window_counter,uitree_layout_depth_recompute,,,,,144,0.288000,7
window_counter,uitree_ensure_layout,,,,,7226,14.452000,7
window_counter,uitree_cc_create,,,,,2237,4.474000,7
window_counter,uitree_cc_deleteall,,,,,224,0.448000,7
window_counter,uitree_cc_deleteall_rows,,,,,2210,4.420000,7
window_counter,uitree_apply_geo,,,,,27075,54.150000,7
window_counter,uitree_apply_content,,,,,28597,57.194000,7
window_counter,uitree_apply_hook,,,,,1501,3.002000,7
window_counter,uitree_apply_other,,,,,256773,513.546000,7
window_gauge,uitree_components,,,,,10119,10119.000000,7
window_gauge,uitree_capacity,,,,,16384,16384.000000,7
window_gauge,uitree_node_bytes,,,,,28442624,28442624.000000,7
window_counter,cs2_scripts,,,,,3016,6.032000,7
window_counter,cs2_opcodes,,,,,624299,1248.598000,7
window_counter,cs2_host_ops,,,,,86160,172.320000,7
window_counter,cs2_cycles,,,,,624299,1248.598000,7
window_counter,cs2_aborts,,,,,3,0.006000,7
window_counter,cs2_vm_acquire,,,,,3016,6.032000,7
window_counter,cs2_vm_pool_hit,,,,,3016,6.032000,7
window_counter,cs2_vm_init_ns,,,,,2409000,4818.000000,7
window_counter,cs2_frame_pool_hit,,,,,6641,13.282000,7
window_counter,cache_model_hit,,,,,432,0.864000,7
window_counter,cache_sprite_hit,,,,,290,0.580000,7
window_counter,painter_pops,,,,,2863327,5726.654000,7
window_counter,painter_gate_rejects,,,,,1245518,2491.036000,7
window_counter,painter_pushes,,,,,2863327,5726.654000,7
window_counter,painter_push_dedup,,,,,1203097,2406.194000,7
window_counter,painter_drain_events,,,,,2000,4.000000,7
window_gauge,painter_commands,,,,,3646,3646.000000,7
window_gauge,painter_tiles_remaining_set,,,,,2916,2916.000000,7
window_gauge,scene_elements,,,,,59773,59773.000000,7
window_gauge,scene_anim_list,,,,,309,309.000000,7
window_gauge,zone_map_count,,,,,63,63.000000,7
window_gauge,zone_map_capacity,,,,,256,256.000000,7
window_gauge,npc_slot_max,,,,,65,65.000000,7
window_gauge,cache_model_size,,,,,1162,1162.000000,7
window_gauge,cache_sprite_size,,,,,669,669.000000,7
window_counter,iface_open,,,,,2,0.004000,7
window_counter,iface_close,,,,,2,0.004000,7
window_counter,iface_bake_reuse,,,,,2,0.004000,7
window_counter,iface_mount_ns,,,,,198000,396.000000,7
window_gauge,iface_groups_resident,,,,,33,33.000000,7
window_gauge,uitree_hidden,,,,,4430,4430.000000,7
window_gauge,uitree_unmounted,,,,,5,5.000000,7
window_gauge,uitree_hook_blocks,,,,,2872,2872.000000,7
window_gauge,uitree_hook_bytes,,,,,29294400,29294400.000000,7
window_gauge,host_inv_hooks,,,,,19,19.000000,7
window_gauge,host_var_hooks,,,,,163,163.000000,7
window_gauge,host_stat_hooks,,,,,65,65.000000,7
window_gauge,bridge_sprite_map,,,,,620,620.000000,7
window_gauge,bridge_model_map,,,,,1,1.000000,7
window_gauge,bridge_obj_icon_map,,,,,77,77.000000,7
window_gauge,cache_clientscript_size,,,,,654,654.000000,7
window_counter,uitree_anim_scan,,,,,278,0.556000,7
window_counter,uitree_anim_scan_nodes,,,,,2813082,5626.164000,7
window_counter,uitree_anim_model_nodes,,,,,834,1.668000,7
window_counter,uitree_hook_index_rebuild_nodes,,,,,1386303,2772.606000,7
window_stage,frame,4959286,4626000,5716000,85496000,,,8
window_stage,async,146794,2000,193000,26633000,,,8
window_stage,logic,566928,212000,932000,80726000,,,8
window_stage,cs2,373252,0,707000,80452000,,,8
window_stage,layout,72,0,1000,1000,,,8
window_stage,interact,22168,22000,31000,41000,,,8
window_stage,emit,263350,230000,514000,671000,,,8
window_stage,paint,469438,459000,521000,2811000,,,8
window_stage,build,469596,459000,522000,2813000,,,8
window_stage,render,3051196,2970000,3612000,4729000,,,8
window_stage,present,140814,138000,154000,295000,,,8
window_stage,server,2620,1000,4000,97000,,,8
window_counter,uitree_find_id,,,,,487984,975.968000,8
window_counter,uitree_find_id_probes,,,,,1923050,3846.100000,8
window_counter,uitree_id_rebuild,,,,,163,0.326000,8
window_counter,uitree_find_child,,,,,17938,35.876000,8
window_counter,uitree_find_child_hit,,,,,14337,28.674000,8
window_counter,uitree_find_child_ceil_miss,,,,,3327,6.654000,8
window_counter,uitree_walk_emit,,,,,1816997,3633.994000,8
window_counter,uitree_walk_hit,,,,,355000,710.000000,8
window_counter,uitree_walk_hover,,,,,52500,105.000000,8
window_counter,uitree_emit_skip,,,,,1540475,3080.950000,8
window_counter,uitree_layout_resolve,,,,,352,0.704000,8
window_counter,uitree_layout_skip,,,,,164,0.328000,8
window_counter,uitree_layout_nodes,,,,,1902372,3804.744000,8
window_counter,uitree_layout_node_skip,,,,,1869424,3738.848000,8
window_counter,uitree_layout_depth_recompute,,,,,177,0.354000,8
window_counter,uitree_ensure_layout,,,,,8690,17.380000,8
window_counter,uitree_cc_create,,,,,3347,6.694000,8
window_counter,uitree_cc_deleteall,,,,,332,0.664000,8
window_counter,uitree_cc_deleteall_rows,,,,,3288,6.576000,8
window_counter,uitree_apply_geo,,,,,39869,79.738000,8
window_counter,uitree_apply_content,,,,,42925,85.850000,8
window_counter,uitree_apply_hook,,,,,13848,27.696000,8
window_counter,uitree_apply_other,,,,,266406,532.812000,8
window_gauge,uitree_components,,,,,10119,10119.000000,8
window_gauge,uitree_capacity,,,,,16384,16384.000000,8
window_gauge,uitree_node_bytes,,,,,28442624,28442624.000000,8
window_counter,cs2_scripts,,,,,3686,7.372000,8
window_counter,cs2_opcodes,,,,,1347486,2694.972000,8
window_counter,cs2_host_ops,,,,,195658,391.316000,8
window_counter,cs2_cycles,,,,,1347486,2694.972000,8
window_counter,cs2_aborts,,,,,8,0.016000,8
window_counter,cs2_vm_acquire,,,,,3686,7.372000,8
window_counter,cs2_vm_pool_hit,,,,,3686,7.372000,8
window_counter,cs2_vm_init_ns,,,,,2738000,5476.000000,8
window_counter,cs2_frame_pool_hit,,,,,8820,17.640000,8
window_counter,cache_model_hit,,,,,18069,36.138000,8
window_counter,cache_model_miss,,,,,7,0.014000,8
window_counter,cache_sprite_hit,,,,,722,1.444000,8
window_counter,painter_pops,,,,,2860981,5721.962000,8
window_counter,painter_gate_rejects,,,,,1243800,2487.600000,8
window_counter,painter_pushes,,,,,2860981,5721.962000,8
window_counter,painter_push_dedup,,,,,1204400,2408.800000,8
window_counter,painter_drain_events,,,,,2000,4.000000,8
window_gauge,painter_commands,,,,,3645,3645.000000,8
window_gauge,painter_tiles_remaining_set,,,,,2916,2916.000000,8
window_gauge,zone_map_count,,,,,66,66.000000,8
window_gauge,zone_map_capacity,,,,,256,256.000000,8
window_gauge,npc_slot_max,,,,,65,65.000000,8
window_counter,iface_open,,,,,4,0.008000,8
window_counter,iface_close,,,,,6,0.012000,8
window_counter,iface_bake_reuse,,,,,4,0.008000,8
window_counter,iface_mount_ns,,,,,321000,642.000000,8
window_counter,iface_close_ns,,,,,622000,1244.000000,8
window_counter,uitree_anim_scan,,,,,310,0.620000,8
window_counter,uitree_anim_scan_nodes,,,,,3136890,6273.780000,8
window_counter,uitree_anim_model_nodes,,,,,930,1.860000,8
window_counter,uitree_hook_index_rebuild_nodes,,,,,1517850,3035.700000,8
window_stage,frame,4912724,4299000,8008000,32211000,,,9
window_stage,async,183004,2000,234000,27421000,,,9
window_stage,logic,502020,215000,966000,8341000,,,9
window_stage,cs2,282844,0,735000,8076000,,,9
window_stage,layout,90,0,1000,1000,,,9
window_stage,interact,26154,22000,31000,1614000,,,9
window_stage,emit,217710,185000,341000,4336000,,,9
window_stage,paint,494358,459000,521000,2954000,,,9
window_stage,build,494508,459000,521000,2954000,,,9
window_stage,render,3018602,2765000,3432000,20807000,,,9
window_stage,present,143936,138000,156000,927000,,,9
window_stage,server,3238,1000,3000,313000,,,9
window_counter,uitree_find_id,,,,,378194,756.388000,9
window_counter,uitree_find_id_probes,,,,,758589,1517.178000,9
window_counter,uitree_id_rebuild,,,,,50,0.100000,9
window_counter,uitree_find_child,,,,,7057,14.114000,9
window_counter,uitree_find_child_hit,,,,,4596,9.192000,9
window_counter,uitree_find_child_ceil_miss,,,,,2395,4.790000,9
window_counter,uitree_walk_emit,,,,,1561521,3123.042000,9
window_counter,uitree_walk_hit,,,,,355000,710.000000,9
window_counter,uitree_walk_hover,,,,,52500,105.000000,9
window_counter,uitree_emit_skip,,,,,1353163,2706.326000,9
window_counter,uitree_layout_resolve,,,,,325,0.650000,9
window_counter,uitree_layout_skip,,,,,159,0.318000,9
window_counter,uitree_layout_nodes,,,,,1679754,3359.508000,9
window_counter,uitree_layout_node_skip,,,,,1618444,3236.888000,9
window_counter,uitree_layout_depth_recompute,,,,,160,0.320000,9
window_counter,uitree_ensure_layout,,,,,7972,15.944000,9
window_counter,uitree_cc_create,,,,,2237,4.474000,9
window_counter,uitree_cc_deleteall,,,,,241,0.482000,9
window_counter,uitree_cc_deleteall_rows,,,,,2210,4.420000,9
window_counter,uitree_apply_geo,,,,,33927,67.854000,9
window_counter,uitree_apply_content,,,,,35817,71.634000,9
window_counter,uitree_apply_hook,,,,,1488,2.976000,9
window_counter,uitree_apply_other,,,,,256765,513.530000,9
window_gauge,uitree_components,,,,,10119,10119.000000,9
window_gauge,uitree_capacity,,,,,16384,16384.000000,9
window_gauge,uitree_node_bytes,,,,,28442624,28442624.000000,9
window_counter,cs2_scripts,,,,,3373,6.746000,9
window_counter,cs2_opcodes,,,,,646026,1292.052000,9
window_counter,cs2_host_ops,,,,,89598,179.196000,9
window_counter,cs2_cycles,,,,,646026,1292.052000,9
window_counter,cs2_aborts,,,,,3,0.006000,9
window_counter,cs2_vm_acquire,,,,,3373,6.746000,9
window_counter,cs2_vm_pool_hit,,,,,3373,6.746000,9
window_counter,cs2_vm_init_ns,,,,,5872000,11744.000000,9
window_counter,cs2_frame_pool_hit,,,,,7331,14.662000,9
window_counter,cache_model_hit,,,,,446,0.892000,9
window_counter,cache_sprite_hit,,,,,289,0.578000,9
window_counter,painter_pops,,,,,2862089,5724.178000,9
window_counter,painter_gate_rejects,,,,,1244430,2488.860000,9
window_counter,painter_pushes,,,,,2862089,5724.178000,9
window_counter,painter_push_dedup,,,,,1204196,2408.392000,9
window_counter,painter_drain_events,,,,,2000,4.000000,9
window_gauge,painter_commands,,,,,3646,3646.000000,9
window_gauge,painter_tiles_remaining_set,,,,,2916,2916.000000,9
window_gauge,zone_map_count,,,,,66,66.000000,9
window_gauge,zone_map_capacity,,,,,256,256.000000,9
window_gauge,npc_slot_max,,,,,65,65.000000,9
window_counter,iface_open,,,,,2,0.004000,9
window_counter,iface_close,,,,,2,0.004000,9
window_counter,iface_bake_reuse,,,,,2,0.004000,9
window_counter,iface_mount_ns,,,,,198000,396.000000,9
window_counter,uitree_anim_scan,,,,,310,0.620000,9
window_counter,uitree_anim_scan_nodes,,,,,3136890,6273.780000,9
window_counter,uitree_anim_model_nodes,,,,,930,1.860000,9
window_counter,uitree_hook_index_rebuild_nodes,,,,,1538088,3076.176000,9
window_stage,frame,4919296,4673000,5545000,87978000,,,10
window_stage,async,144822,2000,191000,26341000,,,10
window_stage,logic,571938,208000,905000,83074000,,,10
window_stage,cs2,381344,0,710000,82802000,,,10
window_stage,layout,64,0,1000,3000,,,10
window_stage,interact,21400,21000,29000,68000,,,10
window_stage,emit,233198,207000,443000,857000,,,10
window_stage,paint,459672,455000,508000,677000,,,10
window_stage,build,459828,455000,509000,678000,,,10
window_stage,render,3059912,3111000,3563000,4050000,,,10
window_stage,present,138700,137000,151000,184000,,,10
window_stage,server,3168,1000,3000,165000,,,10
window_counter,uitree_find_id,,,,,502042,1004.084000,10
window_counter,uitree_find_id_probes,,,,,1831501,3663.002000,10
window_counter,uitree_id_rebuild,,,,,163,0.326000,10
window_counter,uitree_find_child,,,,,18012,36.024000,10
window_counter,uitree_find_child_hit,,,,,14357,28.714000,10
window_counter,uitree_find_child_ceil_miss,,,,,3353,6.706000,10
window_counter,uitree_walk_emit,,,,,1744370,3488.740000,10
window_counter,uitree_walk_hit,,,,,355000,710.000000,10
window_counter,uitree_walk_hover,,,,,52500,105.000000,10
window_counter,uitree_emit_skip,,,,,1468350,2936.700000,10
window_counter,uitree_layout_resolve,,,,,351,0.702000,10
window_counter,uitree_layout_skip,,,,,164,0.328000,10
window_counter,uitree_layout_nodes,,,,,1892253,3784.506000,10
window_counter,uitree_layout_node_skip,,,,,1869390,3738.780000,10
window_counter,uitree_layout_depth_recompute,,,,,175,0.350000,10
window_counter,uitree_ensure_layout,,,,,8687,17.374000,10
window_counter,uitree_cc_create,,,,,3347,6.694000,10
window_counter,uitree_cc_deleteall,,,,,329,0.658000,10
window_counter,uitree_cc_deleteall_rows,,,,,3288,6.576000,10
window_counter,uitree_apply_geo,,,,,46487,92.974000,10
window_counter,uitree_apply_content,,,,,49418,98.836000,10
window_counter,uitree_apply_hook,,,,,14011,28.022000,10
window_counter,uitree_apply_other,,,,,266593,533.186000,10
window_gauge,uitree_components,,,,,10119,10119.000000,10
window_gauge,uitree_capacity,,,,,16384,16384.000000,10
window_gauge,uitree_node_bytes,,,,,28442624,28442624.000000,10
window_counter,cs2_scripts,,,,,3629,7.258000,10
window_counter,cs2_opcodes,,,,,1385996,2771.992000,10
window_counter,cs2_host_ops,,,,,200745,401.490000,10
window_counter,cs2_cycles,,,,,1385996,2771.992000,10
window_counter,cs2_aborts,,,,,10,0.020000,10
window_counter,cs2_vm_acquire,,,,,3629,7.258000,10
window_counter,cs2_vm_pool_hit,,,,,3629,7.258000,10
window_counter,cs2_vm_init_ns,,,,,2689000,5378.000000,10
window_counter,cs2_frame_pool_hit,,,,,9067,18.134000,10
window_counter,cache_model_hit,,,,,18062,36.124000,10
window_counter,cache_sprite_hit,,,,,752,1.504000,10
window_counter,painter_pops,,,,,2863898,5727.796000,10
window_counter,painter_gate_rejects,,,,,1245441,2490.882000,10
window_counter,painter_pushes,,,,,2863898,5727.796000,10
window_counter,painter_push_dedup,,,,,1203759,2407.518000,10
window_counter,painter_drain_events,,,,,2000,4.000000,10
window_gauge,painter_commands,,,,,3646,3646.000000,10
window_gauge,painter_tiles_remaining_set,,,,,2916,2916.000000,10
window_gauge,scene_elements,,,,,59773,59773.000000,10
window_gauge,scene_anim_list,,,,,309,309.000000,10
window_gauge,zone_map_count,,,,,67,67.000000,10
window_gauge,zone_map_capacity,,,,,256,256.000000,10
window_gauge,npc_slot_max,,,,,65,65.000000,10
window_gauge,cache_model_size,,,,,1169,1169.000000,10
window_gauge,cache_sprite_size,,,,,669,669.000000,10
window_counter,iface_open,,,,,4,0.008000,10
window_counter,iface_close,,,,,7,0.014000,10
window_counter,iface_bake_reuse,,,,,4,0.008000,10
window_counter,iface_mount_ns,,,,,302000,604.000000,10
window_counter,iface_close_ns,,,,,1552000,3104.000000,10
window_gauge,iface_groups_resident,,,,,33,33.000000,10
window_gauge,uitree_hidden,,,,,4417,4417.000000,10
window_gauge,uitree_unmounted,,,,,5,5.000000,10
window_gauge,uitree_hook_blocks,,,,,2872,2872.000000,10
window_gauge,uitree_hook_bytes,,,,,29294400,29294400.000000,10
window_gauge,host_inv_hooks,,,,,19,19.000000,10
window_gauge,host_var_hooks,,,,,163,163.000000,10
window_gauge,host_stat_hooks,,,,,65,65.000000,10
window_gauge,bridge_sprite_map,,,,,620,620.000000,10
window_gauge,bridge_model_map,,,,,1,1.000000,10
window_gauge,bridge_obj_icon_map,,,,,77,77.000000,10
window_gauge,cache_clientscript_size,,,,,654,654.000000,10
window_counter,uitree_anim_scan,,,,,310,0.620000,10
window_counter,uitree_anim_scan_nodes,,,,,3136890,6273.780000,10
window_counter,uitree_anim_model_nodes,,,,,930,1.860000,10
window_counter,uitree_hook_index_rebuild_nodes,,,,,1517850,3035.700000,10
window_stage,frame,4747184,4280000,7313000,31812000,,,11
window_stage,async,169458,2000,205000,27175000,,,11
window_stage,logic,442294,206000,986000,8013000,,,11
window_stage,cs2,239908,0,747000,7754000,,,11
window_stage,layout,74,0,1000,1000,,,11
window_stage,interact,21518,21000,28000,71000,,,11
window_stage,emit,210066,184000,311000,2818000,,,11
window_stage,paint,498152,457000,527000,3555000,,,11
window_stage,build,498282,457000,527000,3556000,,,11
window_stage,render,2926530,2761000,3815000,10460000,,,11
window_stage,present,150136,138000,162000,1071000,,,11
window_stage,server,2916,1000,3000,141000,,,11
window_counter,uitree_find_id,,,,,391916,783.832000,11
window_counter,uitree_find_id_probes,,,,,750819,1501.638000,11
window_counter,uitree_id_rebuild,,,,,50,0.100000,11
window_counter,uitree_find_child,,,,,7143,14.286000,11
window_counter,uitree_find_child_hit,,,,,4656,9.312000,11
window_counter,uitree_find_child_ceil_miss,,,,,2421,4.842000,11
window_counter,uitree_walk_emit,,,,,1572836,3145.672000,11
window_counter,uitree_walk_hit,,,,,355000,710.000000,11
window_counter,uitree_walk_hover,,,,,52500,105.000000,11
window_counter,uitree_emit_skip,,,,,1346810,2693.620000,11
window_counter,uitree_layout_resolve,,,,,319,0.638000,11
window_counter,uitree_layout_skip,,,,,156,0.312000,11
window_counter,uitree_layout_nodes,,,,,1649397,3298.794000,11
window_counter,uitree_layout_node_skip,,,,,1588056,3176.112000,11
window_counter,uitree_layout_depth_recompute,,,,,157,0.314000,11
window_counter,uitree_ensure_layout,,,,,7842,15.684000,11
window_counter,uitree_cc_create,,,,,2237,4.474000,11
window_counter,uitree_cc_deleteall,,,,,237,0.474000,11
window_counter,uitree_cc_deleteall_rows,,,,,2210,4.420000,11
window_counter,uitree_apply_geo,,,,,40855,81.710000,11
window_counter,uitree_apply_content,,,,,42600,85.200000,11
window_counter,uitree_apply_hook,,,,,1548,3.096000,11
window_counter,uitree_apply_other,,,,,256793,513.586000,11
window_gauge,uitree_components,,,,,10119,10119.000000,11
window_gauge,uitree_capacity,,,,,16384,16384.000000,11
window_gauge,uitree_node_bytes,,,,,28442624,28442624.000000,11
window_counter,cs2_scripts,,,,,3289,6.578000,11
window_counter,cs2_opcodes,,,,,656432,1312.864000,11
window_counter,cs2_host_ops,,,,,90191,180.382000,11
window_counter,cs2_cycles,,,,,656432,1312.864000,11
window_counter,cs2_aborts,,,,,3,0.006000,11
window_counter,cs2_vm_acquire,,,,,3289,6.578000,11
window_counter,cs2_vm_pool_hit,,,,,3289,6.578000,11
window_counter,cs2_vm_init_ns,,,,,3203000,6406.000000,11
window_counter,cs2_frame_pool_hit,,,,,7214,14.428000,11
window_counter,cache_model_hit,,,,,448,0.896000,11
window_counter,cache_sprite_hit,,,,,290,0.580000,11
window_counter,painter_pops,,,,,2862459,5724.918000,11
window_counter,painter_gate_rejects,,,,,1244654,2489.308000,11
window_counter,painter_pushes,,,,,2862459,5724.918000,11
window_counter,painter_push_dedup,,,,,1204060,2408.120000,11
window_counter,painter_drain_events,,,,,2000,4.000000,11
window_gauge,painter_commands,,,,,3645,3645.000000,11
window_gauge,painter_tiles_remaining_set,,,,,2916,2916.000000,11
window_gauge,scene_elements,,,,,59773,59773.000000,11
window_gauge,scene_anim_list,,,,,309,309.000000,11
window_gauge,zone_map_count,,,,,67,67.000000,11
window_gauge,zone_map_capacity,,,,,256,256.000000,11
window_gauge,npc_slot_max,,,,,65,65.000000,11
window_gauge,cache_model_size,,,,,1169,1169.000000,11
window_gauge,cache_sprite_size,,,,,669,669.000000,11
window_counter,iface_open,,,,,2,0.004000,11
window_counter,iface_close,,,,,2,0.004000,11
window_counter,iface_bake_reuse,,,,,2,0.004000,11
window_counter,iface_mount_ns,,,,,185000,370.000000,11
window_gauge,iface_groups_resident,,,,,33,33.000000,11
window_gauge,uitree_hidden,,,,,4404,4404.000000,11
window_gauge,uitree_unmounted,,,,,5,5.000000,11
window_gauge,uitree_hook_blocks,,,,,2872,2872.000000,11
window_gauge,uitree_hook_bytes,,,,,29294400,29294400.000000,11
window_gauge,host_inv_hooks,,,,,19,19.000000,11
window_gauge,host_var_hooks,,,,,163,163.000000,11
window_gauge,host_stat_hooks,,,,,65,65.000000,11
window_gauge,bridge_sprite_map,,,,,620,620.000000,11
window_gauge,bridge_model_map,,,,,1,1.000000,11
window_gauge,bridge_obj_icon_map,,,,,77,77.000000,11
window_gauge,cache_clientscript_size,,,,,654,654.000000,11
window_counter,uitree_anim_scan,,,,,302,0.604000,11
window_counter,uitree_anim_scan_nodes,,,,,3055938,6111.876000,11
window_counter,uitree_anim_model_nodes,,,,,906,1.812000,11
window_counter,uitree_hook_index_rebuild_nodes,,,,,1507731,3015.462000,11
window_stage,frame,4780670,4507000,5530000,84326000,,,12
window_stage,async,143582,2000,192000,26166000,,,12
window_stage,logic,550838,200000,904000,79706000,,,12
window_stage,cs2,365398,0,709000,79438000,,,12
window_stage,layout,56,0,1000,1000,,,12
window_stage,interact,20230,20000,28000,37000,,,12
window_stage,emit,239396,208000,465000,740000,,,12
window_stage,paint,456332,452000,504000,640000,,,12
window_stage,build,456464,452000,504000,640000,,,12
window_stage,render,2947790,2903000,3521000,4270000,,,12
window_stage,present,138338,136000,151000,228000,,,12
window_stage,server,3244,1000,4000,150000,,,12
window_counter,uitree_find_id,,,,,512631,1025.262000,12
window_counter,uitree_find_id_probes,,,,,1907813,3815.626000,12
window_counter,uitree_id_rebuild,,,,,163,0.326000,12
window_counter,uitree_find_child,,,,,17885,35.770000,12
window_counter,uitree_find_child_hit,,,,,14297,28.594000,12
window_counter,uitree_find_child_ceil_miss,,,,,3314,6.628000,12
window_counter,uitree_walk_emit,,,,,1805990,3611.980000,12
window_counter,uitree_walk_hit,,,,,355000,710.000000,12
window_counter,uitree_walk_hover,,,,,52500,105.000000,12
window_counter,uitree_emit_skip,,,,,1534673,3069.346000,12
window_counter,uitree_layout_resolve,,,,,342,0.684000,12
window_counter,uitree_layout_skip,,,,,160,0.320000,12
window_counter,uitree_layout_nodes,,,,,1841658,3683.316000,12
window_counter,uitree_layout_node_skip,,,,,1818848,3637.696000,12
window_counter,uitree_layout_depth_recompute,,,,,172,0.344000,12
window_counter,uitree_ensure_layout,,,,,8434,16.868000,12
window_counter,uitree_cc_create,,,,,3347,6.694000,12
window_counter,uitree_cc_deleteall,,,,,327,0.654000,12
window_counter,uitree_cc_deleteall_rows,,,,,3288,6.576000,12
window_counter,uitree_apply_geo,,,,,52817,105.634000,12
window_counter,uitree_apply_content,,,,,55810,111.620000,12
window_counter,uitree_apply_hook,,,,,13809,27.618000,12
window_counter,uitree_apply_other,,,,,266386,532.772000,12
window_gauge,uitree_components,,,,,10119,10119.000000,12
window_gauge,uitree_capacity,,,,,16384,16384.000000,12
window_gauge,uitree_node_bytes,,,,,28442624,28442624.000000,12
window_counter,cs2_scripts,,,,,3585,7.170000,12
window_counter,cs2_opcodes,,,,,1329321,2658.642000,12
window_counter,cs2_host_ops,,,,,193623,387.246000,12
window_counter,cs2_cycles,,,,,1329321,2658.642000,12
window_counter,cs2_aborts,,,,,8,0.016000,12
window_counter,cs2_vm_acquire,,,,,3585,7.170000,12
window_counter,cs2_vm_pool_hit,,,,,3585,7.170000,12
window_counter,cs2_vm_init_ns,,,,,2841000,5682.000000,12
window_counter,cs2_frame_pool_hit,,,,,8587,17.174000,12
window_counter,cache_model_hit,,,,,18064,36.128000,12
window_counter,cache_sprite_hit,,,,,722,1.444000,12
window_counter,painter_pops,,,,,2860551,5721.102000,12
window_counter,painter_gate_rejects,,,,,1243500,2487.000000,12
window_counter,painter_pushes,,,,,2860551,5721.102000,12
window_counter,painter_push_dedup,,,,,1204500,2409.000000,12
window_counter,painter_drain_events,,,,,2000,4.000000,12
window_gauge,painter_commands,,,,,3646,3646.000000,12
window_gauge,painter_tiles_remaining_set,,,,,2916,2916.000000,12
window_gauge,scene_elements,,,,,59773,59773.000000,12
window_gauge,scene_anim_list,,,,,309,309.000000,12
window_gauge,zone_map_count,,,,,67,67.000000,12
window_gauge,zone_map_capacity,,,,,256,256.000000,12
window_gauge,npc_slot_max,,,,,65,65.000000,12
window_gauge,cache_model_size,,,,,1169,1169.000000,12
window_gauge,cache_sprite_size,,,,,669,669.000000,12
window_counter,iface_open,,,,,4,0.008000,12
window_counter,iface_close,,,,,6,0.012000,12
window_counter,iface_bake_reuse,,,,,4,0.008000,12
window_counter,iface_mount_ns,,,,,304000,608.000000,12
window_counter,iface_close_ns,,,,,684000,1368.000000,12
window_gauge,iface_groups_resident,,,,,33,33.000000,12
window_gauge,uitree_hidden,,,,,4404,4404.000000,12
window_gauge,uitree_unmounted,,,,,5,5.000000,12
window_gauge,uitree_hook_blocks,,,,,2872,2872.000000,12
window_gauge,uitree_hook_bytes,,,,,29294400,29294400.000000,12
window_gauge,host_inv_hooks,,,,,19,19.000000,12
window_gauge,host_var_hooks,,,,,163,163.000000,12
window_gauge,host_stat_hooks,,,,,65,65.000000,12
window_gauge,bridge_sprite_map,,,,,620,620.000000,12
window_gauge,bridge_model_map,,,,,1,1.000000,12
window_gauge,bridge_obj_icon_map,,,,,77,77.000000,12
window_gauge,cache_clientscript_size,,,,,654,654.000000,12
window_counter,uitree_anim_scan,,,,,302,0.604000,12
window_counter,uitree_anim_scan_nodes,,,,,3055938,6111.876000,12
window_counter,uitree_anim_model_nodes,,,,,906,1.812000,12
window_counter,uitree_hook_index_rebuild_nodes,,,,,1477374,2954.748000,12
window_stage,frame,4338244,4195000,4883000,30604000,,,13
window_stage,async,152738,2000,194000,26066000,,,13
window_stage,logic,389076,203000,904000,7657000,,,13
window_stage,cs2,204476,0,713000,7390000,,,13
window_stage,layout,76,0,1000,1000,,,13
window_stage,interact,20546,20000,28000,63000,,,13
window_stage,emit,184076,182000,282000,369000,,,13
window_stage,paint,456756,453000,498000,673000,,,13
window_stage,build,456892,453000,498000,673000,,,13
window_stage,render,2715434,2727000,3036000,3460000,,,13
window_stage,present,139730,137000,154000,195000,,,13
window_stage,server,2858,1000,4000,155000,,,13
window_counter,uitree_find_id,,,,,402209,804.418000,13
window_counter,uitree_find_id_probes,,,,,754764,1509.528000,13
window_counter,uitree_id_rebuild,,,,,50,0.100000,13
window_counter,uitree_find_child,,,,,7077,14.154000,13
window_counter,uitree_find_child_hit,,,,,4616,9.232000,13
window_counter,uitree_find_child_ceil_miss,,,,,2395,4.790000,13
window_counter,uitree_walk_emit,,,,,1568010,3136.020000,13
window_counter,uitree_walk_hit,,,,,355000,710.000000,13
window_counter,uitree_walk_hover,,,,,52500,105.000000,13
window_counter,uitree_emit_skip,,,,,1342102,2684.204000,13
window_counter,uitree_layout_resolve,,,,,297,0.594000,13
window_counter,uitree_layout_skip,,,,,145,0.290000,13
window_counter,uitree_layout_nodes,,,,,1538088,3076.176000,13
window_counter,uitree_layout_node_skip,,,,,1476777,2953.554000,13
window_counter,uitree_layout_depth_recompute,,,,,146,0.292000,13
window_counter,uitree_ensure_layout,,,,,7311,14.622000,13
window_counter,uitree_cc_create,,,,,2237,4.474000,13
window_counter,uitree_cc_deleteall,,,,,226,0.452000,13
window_counter,uitree_cc_deleteall_rows,,,,,2210,4.420000,13
window_counter,uitree_apply_geo,,,,,46859,93.718000,13
window_counter,uitree_apply_content,,,,,48464,96.928000,13
window_counter,uitree_apply_hook,,,,,1477,2.954000,13
window_counter,uitree_apply_other,,,,,256793,513.586000,13
window_gauge,uitree_components,,,,,10119,10119.000000,13
window_gauge,uitree_capacity,,,,,16384,16384.000000,13
window_gauge,uitree_node_bytes,,,,,28442624,28442624.000000,13
window_counter,cs2_scripts,,,,,3058,6.116000,13
window_counter,cs2_opcodes,,,,,623926,1247.852000,13
window_counter,cs2_host_ops,,,,,86216,172.432000,13
window_counter,cs2_cycles,,,,,623926,1247.852000,13
window_counter,cs2_aborts,,,,,3,0.006000,13
window_counter,cs2_vm_acquire,,,,,3058,6.116000,13
window_counter,cs2_vm_pool_hit,,,,,3058,6.116000,13
window_counter,cs2_vm_init_ns,,,,,2374000,4748.000000,13
window_counter,cs2_frame_pool_hit,,,,,6712,13.424000,13
window_counter,cache_model_hit,,,,,432,0.864000,13
window_counter,cache_sprite_hit,,,,,290,0.580000,13
window_counter,painter_pops,,,,,2863533,5727.066000,13
window_counter,painter_gate_rejects,,,,,1245031,2490.062000,13
window_counter,painter_pushes,,,,,2863533,5727.066000,13
window_counter,painter_push_dedup,,,,,1204305,2408.610000,13
window_counter,painter_drain_events,,,,,2000,4.000000,13
window_gauge,painter_commands,,,,,3646,3646.000000,13
window_gauge,painter_tiles_remaining_set,,,,,2916,2916.000000,13
window_gauge,scene_elements,,,,,59773,59773.000000,13
window_gauge,scene_anim_list,,,,,309,309.000000,13
window_gauge,zone_map_count,,,,,68,68.000000,13
window_gauge,zone_map_capacity,,,,,256,256.000000,13
window_gauge,npc_slot_max,,,,,65,65.000000,13
window_gauge,cache_model_size,,,,,1169,1169.000000,13
window_gauge,cache_sprite_size,,,,,669,669.000000,13
window_counter,iface_open,,,,,2,0.004000,13
window_counter,iface_close,,,,,2,0.004000,13
window_counter,iface_bake_reuse,,,,,2,0.004000,13
window_counter,iface_mount_ns,,,,,172000,344.000000,13
window_gauge,iface_groups_resident,,,,,33,33.000000,13
window_gauge,uitree_hidden,,,,,4391,4391.000000,13
window_gauge,uitree_unmounted,,,,,5,5.000000,13
window_gauge,uitree_hook_blocks,,,,,2872,2872.000000,13
window_gauge,uitree_hook_bytes,,,,,29294400,29294400.000000,13
window_gauge,host_inv_hooks,,,,,19,19.000000,13
window_gauge,host_var_hooks,,,,,163,163.000000,13
window_gauge,host_stat_hooks,,,,,65,65.000000,13
window_gauge,bridge_sprite_map,,,,,620,620.000000,13
window_gauge,bridge_model_map,,,,,1,1.000000,13
window_gauge,bridge_obj_icon_map,,,,,77,77.000000,13
window_gauge,cache_clientscript_size,,,,,654,654.000000,13
window_counter,uitree_anim_scan,,,,,280,0.560000,13
window_counter,uitree_anim_scan_nodes,,,,,2833320,5666.640000,13
window_counter,uitree_anim_model_nodes,,,,,840,1.680000,13
window_counter,uitree_hook_index_rebuild_nodes,,,,,1396422,2792.844000,13
window_stage,frame,4812636,4546000,5464000,83622000,,,14
window_stage,async,146580,2000,194000,26068000,,,14
window_stage,logic,557066,201000,913000,78943000,,,14
window_stage,cs2,371092,0,721000,78683000,,,14
window_stage,layout,70,0,1000,1000,,,14
window_stage,interact,21084,20000,29000,59000,,,14
window_stage,emit,215842,201000,376000,661000,,,14
window_stage,paint,457616,452000,498000,647000,,,14
window_stage,build,457734,453000,498000,647000,,,14
window_stage,render,2981692,2914000,3504000,3863000,,,14
window_stage,present,139990,138000,153000,245000,,,14
window_stage,server,2908,1000,3000,141000,,,14
window_counter,uitree_find_id,,,,,527515,1055.030000,14
window_counter,uitree_find_id_probes,,,,,1807366,3614.732000,14
window_counter,uitree_id_rebuild,,,,,163,0.326000,14
window_counter,uitree_find_child,,,,,18012,36.024000,14
window_counter,uitree_find_child_hit,,,,,14357,28.714000,14
window_counter,uitree_find_child_ceil_miss,,,,,3353,6.706000,14
window_counter,uitree_walk_emit,,,,,1661023,3322.046000,14
window_counter,uitree_walk_hit,,,,,355000,710.000000,14
window_counter,uitree_walk_hover,,,,,52500,105.000000,14
window_counter,uitree_emit_skip,,,,,1375831,2751.662000,14
window_counter,uitree_layout_resolve,,,,,346,0.692000,14
window_counter,uitree_layout_skip,,,,,161,0.322000,14
window_counter,uitree_layout_nodes,,,,,1872015,3744.030000,14
window_counter,uitree_layout_node_skip,,,,,1849152,3698.304000,14
window_counter,uitree_layout_depth_recompute,,,,,173,0.346000,14
window_counter,uitree_ensure_layout,,,,,8561,17.122000,14
window_counter,uitree_cc_create,,,,,3347,6.694000,14
window_counter,uitree_cc_deleteall,,,,,327,0.654000,14
window_counter,uitree_cc_deleteall_rows,,,,,3288,6.576000,14
window_counter,uitree_apply_geo,,,,,59487,118.974000,14
window_counter,uitree_apply_content,,,,,62378,124.756000,14
window_counter,uitree_apply_hook,,,,,14009,28.018000,14
window_counter,uitree_apply_other,,,,,266593,533.186000,14
window_gauge,uitree_components,,,,,10119,10119.000000,14
window_gauge,uitree_capacity,,,,,16384,16384.000000,14
window_gauge,uitree_node_bytes,,,,,28442624,28442624.000000,14
window_counter,cs2_scripts,,,,,3551,7.102000,14
window_counter,cs2_opcodes,,,,,1381982,2763.964000,14
window_counter,cs2_host_ops,,,,,200173,400.346000,14
window_counter,cs2_cycles,,,,,1381982,2763.964000,14
window_counter,cs2_aborts,,,,,10,0.020000,14
window_counter,cs2_vm_acquire,,,,,3551,7.102000,14
window_counter,cs2_vm_pool_hit,,,,,3551,7.102000,14
window_counter,cs2_vm_init_ns,,,,,2678000,5356.000000,14
window_counter,cs2_frame_pool_hit,,,,,8929,17.858000,14
window_counter,cache_model_hit,,,,,18064,36.128000,14
window_counter,cache_sprite_hit,,,,,752,1.504000,14
window_counter,painter_pops,,,,,2861000,5722.000000,14
window_counter,painter_gate_rejects,,,,,1243500,2487.000000,14
window_counter,painter_pushes,,,,,2861000,5722.000000,14
window_counter,painter_push_dedup,,,,,1204500,2409.000000,14
window_counter,painter_drain_events,,,,,2000,4.000000,14
window_gauge,painter_commands,,,,,3646,3646.000000,14
window_gauge,painter_tiles_remaining_set,,,,,2916,2916.000000,14
window_gauge,scene_elements,,,,,59773,59773.000000,14
window_gauge,scene_anim_list,,,,,309,309.000000,14
window_gauge,zone_map_count,,,,,68,68.000000,14
window_gauge,zone_map_capacity,,,,,256,256.000000,14
window_gauge,npc_slot_max,,,,,65,65.000000,14
window_gauge,cache_model_size,,,,,1169,1169.000000,14
window_gauge,cache_sprite_size,,,,,669,669.000000,14
window_counter,iface_open,,,,,4,0.008000,14
window_counter,iface_close,,,,,7,0.014000,14
window_counter,iface_bake_reuse,,,,,4,0.008000,14
window_counter,iface_mount_ns,,,,,313000,626.000000,14
window_counter,iface_close_ns,,,,,1508000,3016.000000,14
window_gauge,iface_groups_resident,,,,,33,33.000000,14
window_gauge,uitree_hidden,,,,,4391,4391.000000,14
window_gauge,uitree_unmounted,,,,,5,5.000000,14
window_gauge,uitree_hook_blocks,,,,,2872,2872.000000,14
window_gauge,uitree_hook_bytes,,,,,29294400,29294400.000000,14
window_gauge,host_inv_hooks,,,,,19,19.000000,14
window_gauge,host_var_hooks,,,,,163,163.000000,14
window_gauge,host_stat_hooks,,,,,65,65.000000,14
window_gauge,bridge_sprite_map,,,,,620,620.000000,14
window_gauge,bridge_model_map,,,,,1,1.000000,14
window_gauge,bridge_obj_icon_map,,,,,77,77.000000,14
window_gauge,cache_clientscript_size,,,,,654,654.000000,14
window_counter,uitree_anim_scan,,,,,304,0.608000,14
window_counter,uitree_anim_scan_nodes,,,,,3076176,6152.352000,14
window_counter,uitree_anim_model_nodes,,,,,912,1.824000,14
window_counter,uitree_hook_index_rebuild_nodes,,,,,1487493,2974.986000,14
window_stage,frame,4322466,4183000,4929000,31059000,,,15
window_stage,async,152842,2000,186000,26452000,,,15
window_stage,logic,383696,199000,889000,8005000,,,15
window_stage,cs2,200986,0,700000,7774000,,,15
window_stage,layout,68,0,1000,1000,,,15
window_stage,interact,20270,20000,28000,68000,,,15
window_stage,emit,182488,177000,299000,396000,,,15
window_stage,paint,454398,451000,499000,584000,,,15
window_stage,build,454504,451000,499000,584000,,,15
window_stage,render,2710580,2706000,3046000,3588000,,,15
window_stage,present,139506,137000,152000,241000,,,15
window_stage,server,2888,1000,3000,157000,,,15
window_counter,uitree_find_id,,,,,413517,827.034000,15
window_counter,uitree_find_id_probes,,,,,749376,1498.752000,15
window_counter,uitree_id_rebuild,,,,,50,0.100000,15
window_counter,uitree_find_child,,,,,7090,14.180000,15
window_counter,uitree_find_child_hit,,,,,4616,9.232000,15
window_counter,uitree_find_child_ceil_miss,,,,,2408,4.816000,15
window_counter,uitree_walk_emit,,,,,1556361,3112.722000,15
window_counter,uitree_walk_hit,,,,,355000,710.000000,15
window_counter,uitree_walk_hover,,,,,52500,105.000000,15
window_counter,uitree_emit_skip,,,,,1336297,2672.594000,15
window_counter,uitree_layout_resolve,,,,,295,0.590000,15
window_counter,uitree_layout_skip,,,,,144,0.288000,15
window_counter,uitree_layout_nodes,,,,,1527969,3055.938000,15
window_counter,uitree_layout_node_skip,,,,,1476766,2953.532000,15
window_counter,uitree_layout_depth_recompute,,,,,146,0.292000,15
window_counter,uitree_ensure_layout,,,,,7316,14.632000,15
window_counter,uitree_cc_create,,,,,2237,4.474000,15
window_counter,uitree_cc_deleteall,,,,,226,0.452000,15
window_counter,uitree_cc_deleteall_rows,,,,,2210,4.420000,15
window_counter,uitree_apply_geo,,,,,52541,105.082000,15
window_counter,uitree_apply_content,,,,,54103,108.206000,15
window_counter,uitree_apply_hook,,,,,1503,3.006000,15
window_counter,uitree_apply_other,,,,,256773,513.546000,15
window_gauge,uitree_components,,,,,10119,10119.000000,15
window_gauge,uitree_capacity,,,,,16384,16384.000000,15
window_gauge,uitree_node_bytes,,,,,28442624,28442624.000000,15
window_counter,cs2_scripts,,,,,3058,6.116000,15
window_counter,cs2_opcodes,,,,,627783,1255.566000,15
window_counter,cs2_host_ops,,,,,86658,173.316000,15
window_counter,cs2_cycles,,,,,627783,1255.566000,15
window_counter,cs2_aborts,,,,,3,0.006000,15
window_counter,cs2_vm_acquire,,,,,3058,6.116000,15
window_counter,cs2_vm_pool_hit,,,,,3058,6.116000,15
window_counter,cs2_vm_init_ns,,,,,2459000,4918.000000,15
window_counter,cs2_frame_pool_hit,,,,,6725,13.450000,15
window_counter,cache_model_hit,,,,,432,0.864000,15
window_counter,cache_sprite_hit,,,,,290,0.580000,15
window_counter,painter_pops,,,,,2861000,5722.000000,15
window_counter,painter_gate_rejects,,,,,1243500,2487.000000,15
window_counter,painter_pushes,,,,,2861000,5722.000000,15
window_counter,painter_push_dedup,,,,,1204500,2409.000000,15
window_counter,painter_drain_events,,,,,2000,4.000000,15
window_gauge,painter_commands,,,,,3646,3646.000000,15
window_gauge,painter_tiles_remaining_set,,,,,2916,2916.000000,15
window_gauge,zone_map_count,,,,,69,69.000000,15
window_gauge,zone_map_capacity,,,,,256,256.000000,15
window_gauge,npc_slot_max,,,,,65,65.000000,15
window_counter,iface_open,,,,,2,0.004000,15
window_counter,iface_close,,,,,2,0.004000,15
window_counter,iface_bake_reuse,,,,,2,0.004000,15
window_counter,iface_mount_ns,,,,,206000,412.000000,15
window_counter,uitree_anim_scan,,,,,278,0.556000,15
window_counter,uitree_anim_scan_nodes,,,,,2813082,5626.164000,15
window_counter,uitree_anim_model_nodes,,,,,834,1.668000,15
window_counter,uitree_hook_index_rebuild_nodes,,,,,1386303,2772.606000,15
window_stage,frame,4808536,4470000,5411000,98596000,,,16
window_stage,async,151628,2000,196000,27650000,,,16
window_stage,logic,583976,208000,917000,93592000,,,16
window_stage,cs2,397608,0,714000,93295000,,,16
window_stage,layout,78,0,1000,1000,,,16
window_stage,interact,20914,20000,28000,90000,,,16
window_stage,emit,241826,224000,450000,623000,,,16
window_stage,paint,456612,451000,500000,681000,,,16
window_stage,build,456730,451000,500000,682000,,,16
window_stage,render,2924654,2836000,3457000,3946000,,,16
window_stage,present,138822,136000,151000,215000,,,16
window_stage,server,2874,2000,4000,135000,,,16
window_counter,uitree_find_id,,,,,534037,1068.074000,16
window_counter,uitree_find_id_probes,,,,,1825717,3651.434000,16
window_counter,uitree_id_rebuild,,,,,163,0.326000,16
window_counter,uitree_find_child,,,,,17932,35.864000,16
window_counter,uitree_find_child_hit,,,,,14317,28.634000,16
window_counter,uitree_find_child_ceil_miss,,,,,3327,6.654000,16
window_counter,uitree_walk_emit,,,,,1793504,3587.008000,16
window_counter,uitree_walk_hit,,,,,355000,710.000000,16
window_counter,uitree_walk_hover,,,,,52500,105.000000,16
window_counter,uitree_emit_skip,,,,,1493389,2986.778000,16
window_counter,uitree_layout_resolve,,,,,345,0.690000,16
window_counter,uitree_layout_skip,,,,,161,0.322000,16
window_counter,uitree_layout_nodes,,,,,1861896,3723.792000,16
window_counter,uitree_layout_node_skip,,,,,1839066,3678.132000,16
window_counter,uitree_layout_depth_recompute,,,,,173,0.346000,16
window_counter,uitree_ensure_layout,,,,,8534,17.068000,16
window_counter,uitree_cc_create,,,,,3347,6.694000,16
window_counter,uitree_cc_deleteall,,,,,327,0.654000,16
window_counter,uitree_cc_deleteall_rows,,,,,3288,6.576000,16
window_counter,uitree_apply_geo,,,,,62882,125.764000,16
window_counter,uitree_apply_content,,,,,65854,131.708000,16
window_counter,uitree_apply_hook,,,,,13936,27.872000,16
window_counter,uitree_apply_other,,,,,266544,533.088000,16
window_gauge,uitree_components,,,,,10119,10119.000000,16
window_gauge,uitree_capacity,,,,,16384,16384.000000,16
window_gauge,uitree_node_bytes,,,,,28442624,28442624.000000,16
window_counter,cs2_scripts,,,,,3589,7.178000,16
window_counter,cs2_opcodes,,,,,1363848,2727.696000,16
window_counter,cs2_host_ops,,,,,198100,396.200000,16
window_counter,cs2_cycles,,,,,1363848,2727.696000,16
window_counter,cs2_aborts,,,,,9,0.018000,16
window_counter,cs2_vm_acquire,,,,,3589,7.178000,16
window_counter,cs2_vm_pool_hit,,,,,3589,7.178000,16
window_counter,cs2_vm_init_ns,,,,,2911000,5822.000000,16
window_counter,cs2_frame_pool_hit,,,,,8792,17.584000,16
window_counter,cache_model_hit,,,,,18062,36.124000,16
window_counter,cache_sprite_hit,,,,,737,1.474000,16
window_counter,painter_pops,,,,,2861000,5722.000000,16
window_counter,painter_gate_rejects,,,,,1243500,2487.000000,16
window_counter,painter_pushes,,,,,2861000,5722.000000,16
window_counter,painter_push_dedup,,,,,1204500,2409.000000,16
window_counter,painter_drain_events,,,,,2000,4.000000,16
window_gauge,painter_commands,,,,,3646,3646.000000,16
window_gauge,painter_tiles_remaining_set,,,,,2916,2916.000000,16
window_gauge,zone_map_count,,,,,69,69.000000,16
window_gauge,zone_map_capacity,,,,,256,256.000000,16
window_gauge,npc_slot_max,,,,,65,65.000000,16
window_counter,iface_open,,,,,4,0.008000,16
window_counter,iface_close,,,,,6,0.012000,16
window_counter,iface_bake_reuse,,,,,4,0.008000,16
window_counter,iface_mount_ns,,,,,301000,602.000000,16
window_counter,iface_close_ns,,,,,1306000,2612.000000,16
window_counter,uitree_anim_scan,,,,,304,0.608000,16
window_counter,uitree_anim_scan_nodes,,,,,3076176,6152.352000,16
window_counter,uitree_anim_model_nodes,,,,,912,1.824000,16
window_counter,uitree_hook_index_rebuild_nodes,,,,,1487493,2974.986000,16
window_stage,frame,4327890,4187000,4894000,31990000,,,17
window_stage,async,155312,2000,192000,26948000,,,17
window_stage,logic,395086,206000,909000,7511000,,,17
window_stage,cs2,205900,0,716000,7284000,,,17
window_stage,layout,80,0,1000,1000,,,17
window_stage,interact,20534,20000,28000,86000,,,17
window_stage,emit,182604,179000,289000,390000,,,17
window_stage,paint,455190,450000,496000,713000,,,17
window_stage,build,455286,450000,497000,713000,,,17
window_stage,render,2696070,2681000,3031000,3392000,,,17
window_stage,present,139508,137000,153000,258000,,,17
window_stage,server,2870,1000,4000,130000,,,17
window_counter,uitree_find_id,,,,,419416,838.832000,17
window_counter,uitree_find_id_probes,,,,,775905,1551.810000,17
window_counter,uitree_id_rebuild,,,,,50,0.100000,17
window_counter,uitree_find_child,,,,,7077,14.154000,17
window_counter,uitree_find_child_hit,,,,,4616,9.232000,17
window_counter,uitree_find_child_ceil_miss,,,,,2395,4.790000,17
window_counter,uitree_walk_emit,,,,,1545436,3090.872000,17
window_counter,uitree_walk_hit,,,,,355000,710.000000,17
window_counter,uitree_walk_hover,,,,,52500,105.000000,17
window_counter,uitree_emit_skip,,,,,1333149,2666.298000,17
window_counter,uitree_layout_resolve,,,,,294,0.588000,17
window_counter,uitree_layout_skip,,,,,145,0.290000,17
window_counter,uitree_layout_nodes,,,,,1507731,3015.462000,17
window_counter,uitree_layout_node_skip,,,,,1466658,2933.316000,17
window_counter,uitree_layout_depth_recompute,,,,,145,0.290000,17
window_counter,uitree_ensure_layout,,,,,7266,14.532000,17
window_counter,uitree_cc_create,,,,,2237,4.474000,17
window_counter,uitree_cc_deleteall,,,,,225,0.450000,17
window_counter,uitree_cc_deleteall_rows,,,,,2210,4.420000,17
window_counter,uitree_apply_geo,,,,,55516,111.032000,17
window_counter,uitree_apply_content,,,,,57101,114.202000,17
window_counter,uitree_apply_hook,,,,,1476,2.952000,17
window_counter,uitree_apply_other,,,,,256793,513.586000,17
window_gauge,uitree_components,,,,,10119,10119.000000,17
window_gauge,uitree_capacity,,,,,16384,16384.000000,17
window_gauge,uitree_node_bytes,,,,,28442624,28442624.000000,17
window_counter,cs2_scripts,,,,,3037,6.074000,17
window_counter,cs2_opcodes,,,,,622184,1244.368000,17
window_counter,cs2_host_ops,,,,,85967,171.934000,17
window_counter,cs2_cycles,,,,,622184,1244.368000,17
window_counter,cs2_aborts,,,,,3,0.006000,17
window_counter,cs2_vm_acquire,,,,,3037,6.074000,17
window_counter,cs2_vm_pool_hit,,,,,3037,6.074000,17
window_counter,cs2_vm_init_ns,,,,,2439000,4878.000000,17
window_counter,cs2_frame_pool_hit,,,,,6670,13.340000,17
window_counter,cache_model_hit,,,,,452,0.904000,17
window_counter,cache_sprite_hit,,,,,290,0.580000,17
window_counter,painter_pops,,,,,2861000,5722.000000,17
window_counter,painter_gate_rejects,,,,,1243500,2487.000000,17
window_counter,painter_pushes,,,,,2861000,5722.000000,17
window_counter,painter_push_dedup,,,,,1204500,2409.000000,17
window_counter,painter_drain_events,,,,,2000,4.000000,17
window_gauge,painter_commands,,,,,3646,3646.000000,17
window_gauge,painter_tiles_remaining_set,,,,,2916,2916.000000,17
window_gauge,scene_elements,,,,,59774,59774.000000,17
window_gauge,scene_anim_list,,,,,309,309.000000,17
window_gauge,zone_map_count,,,,,69,69.000000,17
window_gauge,zone_map_capacity,,,,,256,256.000000,17
window_gauge,npc_slot_max,,,,,65,65.000000,17
window_gauge,cache_model_size,,,,,1169,1169.000000,17
window_gauge,cache_sprite_size,,,,,669,669.000000,17
window_counter,iface_open,,,,,2,0.004000,17
window_counter,iface_close,,,,,2,0.004000,17
window_counter,iface_bake_reuse,,,,,2,0.004000,17
window_counter,iface_mount_ns,,,,,202000,404.000000,17
window_gauge,iface_groups_resident,,,,,33,33.000000,17
window_gauge,uitree_hidden,,,,,4384,4384.000000,17
window_gauge,uitree_unmounted,,,,,5,5.000000,17
window_gauge,uitree_hook_blocks,,,,,2872,2872.000000,17
window_gauge,uitree_hook_bytes,,,,,29294400,29294400.000000,17
window_gauge,host_inv_hooks,,,,,19,19.000000,17
window_gauge,host_var_hooks,,,,,163,163.000000,17
window_gauge,host_stat_hooks,,,,,65,65.000000,17
window_gauge,bridge_sprite_map,,,,,620,620.000000,17
window_gauge,bridge_model_map,,,,,1,1.000000,17
window_gauge,bridge_obj_icon_map,,,,,77,77.000000,17
window_gauge,cache_clientscript_size,,,,,654,654.000000,17
window_counter,uitree_anim_scan,,,,,280,0.560000,17
window_counter,uitree_anim_scan_nodes,,,,,2833320,5666.640000,17
window_counter,uitree_anim_model_nodes,,,,,840,1.680000,17
window_counter,uitree_hook_index_rebuild_nodes,,,,,1396422,2792.844000,17
window_stage,frame,5444878,4671000,5957000,281714000,,,18
window_stage,async,153146,3000,200000,27443000,,,18
window_stage,logic,966358,213000,918000,276797000,,,18
window_stage,cs2,766610,0,704000,276509000,,,18
window_stage,layout,86,0,1000,1000,,,18
window_stage,interact,22738,21000,29000,625000,,,18
window_stage,emit,264842,227000,536000,1395000,,,18
window_stage,paint,470596,460000,503000,2234000,,,18
window_stage,build,470748,460000,503000,2234000,,,18
window_stage,render,3118630,2989000,3668000,8417000,,,18
window_stage,present,140552,137000,152000,406000,,,18
window_stage,server,2640,1000,3000,125000,,,18
window_counter,uitree_find_id,,,,,534312,1068.624000,18
window_counter,uitree_find_id_probes,,,,,1868684,3737.368000,18
window_counter,uitree_id_rebuild,,,,,163,0.326000,18
window_counter,uitree_find_child,,,,,17984,35.968000,18
window_counter,uitree_find_child_hit,,,,,14357,28.714000,18
window_counter,uitree_find_child_ceil_miss,,,,,3353,6.706000,18
window_counter,uitree_walk_emit,,,,,1810221,3620.442000,18
window_counter,uitree_walk_hit,,,,,355000,710.000000,18
window_counter,uitree_walk_hover,,,,,52500,105.000000,18
window_counter,uitree_emit_skip,,,,,1503865,3007.730000,18
window_counter,uitree_layout_resolve,,,,,356,0.712000,18
window_counter,uitree_layout_skip,,,,,167,0.334000,18
window_counter,uitree_layout_nodes,,,,,1912491,3824.982000,18
window_counter,uitree_layout_node_skip,,,,,1889632,3779.264000,18
window_counter,uitree_layout_depth_recompute,,,,,179,0.358000,18
window_counter,uitree_ensure_layout,,,,,8848,17.696000,18
window_counter,uitree_cc_create,,,,,3347,6.694000,18
window_counter,uitree_cc_deleteall,,,,,335,0.670000,18
window_counter,uitree_cc_deleteall_rows,,,,,3288,6.576000,18
window_counter,uitree_apply_geo,,,,,62937,125.874000,18
window_counter,uitree_apply_content,,,,,65952,131.904000,18
window_counter,uitree_apply_hook,,,,,13907,27.814000,18
window_counter,uitree_apply_other,,,,,266386,532.772000,18
window_gauge,uitree_components,,,,,10119,10119.000000,18
window_gauge,uitree_capacity,,,,,16384,16384.000000,18
window_gauge,uitree_node_bytes,,,,,28442624,28442624.000000,18
window_counter,cs2_scripts,,,,,3755,7.510000,18
window_counter,cs2_opcodes,,,,,1363289,2726.578000,18
window_counter,cs2_host_ops,,,,,197471,394.942000,18
window_counter,cs2_cycles,,,,,1363289,2726.578000,18
window_counter,cs2_aborts,,,,,8,0.016000,18
window_counter,cs2_vm_acquire,,,,,3755,7.510000,18
window_counter,cs2_vm_pool_hit,,,,,3755,7.510000,18
window_counter,cs2_vm_init_ns,,,,,2887000,5774.000000,18
window_counter,cs2_frame_pool_hit,,,,,8985,17.970000,18
window_counter,cache_model_hit,,,,,18076,36.152000,18
window_counter,cache_sprite_hit,,,,,722,1.444000,18
window_counter,painter_pops,,,,,2861702,5723.404000,18
window_counter,painter_gate_rejects,,,,,1243797,2487.594000,18
window_counter,painter_pushes,,,,,2861702,5723.404000,18
window_counter,painter_push_dedup,,,,,1204302,2408.604000,18
window_counter,painter_drain_events,,,,,2000,4.000000,18
window_gauge,painter_commands,,,,,3648,3648.000000,18
window_gauge,painter_tiles_remaining_set,,,,,2916,2916.000000,18
window_gauge,scene_elements,,,,,59775,59775.000000,18
window_gauge,scene_anim_list,,,,,309,309.000000,18
window_gauge,zone_map_count,,,,,69,69.000000,18
window_gauge,zone_map_capacity,,,,,256,256.000000,18
window_gauge,npc_slot_max,,,,,65,65.000000,18
window_gauge,cache_model_size,,,,,1169,1169.000000,18
window_gauge,cache_sprite_size,,,,,669,669.000000,18
window_counter,iface_open,,,,,4,0.008000,18
window_counter,iface_close,,,,,6,0.012000,18
window_counter,iface_bake_reuse,,,,,4,0.008000,18
window_counter,iface_mount_ns,,,,,318000,636.000000,18
window_counter,iface_close_ns,,,,,639000,1278.000000,18
window_gauge,iface_groups_resident,,,,,33,33.000000,18
window_gauge,uitree_hidden,,,,,4384,4384.000000,18
window_gauge,uitree_unmounted,,,,,5,5.000000,18
window_gauge,uitree_hook_blocks,,,,,2872,2872.000000,18
window_gauge,uitree_hook_bytes,,,,,29294400,29294400.000000,18
window_gauge,host_inv_hooks,,,,,19,19.000000,18
window_gauge,host_var_hooks,,,,,163,163.000000,18
window_gauge,host_stat_hooks,,,,,65,65.000000,18
window_gauge,bridge_sprite_map,,,,,620,620.000000,18
window_gauge,bridge_model_map,,,,,1,1.000000,18
window_gauge,bridge_obj_icon_map,,,,,77,77.000000,18
window_gauge,cache_clientscript_size,,,,,654,654.000000,18
window_counter,uitree_anim_scan,,,,,318,0.636000,18
window_counter,uitree_anim_scan_nodes,,,,,3217842,6435.684000,18
window_counter,uitree_anim_model_nodes,,,,,954,1.908000,18
window_counter,uitree_hook_index_rebuild_nodes,,,,,1548207,3096.414000,18
window_stage,frame,4320266,4202000,4798000,31285000,,,19
window_stage,async,152824,2000,187000,26897000,,,19
window_stage,logic,385198,199000,893000,7761000,,,19
window_stage,cs2,199554,0,703000,7489000,,,19
window_stage,layout,62,0,1000,1000,,,19
window_stage,interact,20358,20000,28000,39000,,,19
window_stage,emit,187410,179000,292000,379000,,,19
window_stage,paint,456250,451000,493000,638000,,,19
window_stage,build,456404,451000,493000,638000,,,19
window_stage,render,2695706,2690000,3016000,3237000,,,19
window_stage,present,138320,136000,151000,197000,,,19
window_stage,server,2516,1000,3000,140000,,,19
window_counter,uitree_find_id,,,,,422065,844.130000,19
window_counter,uitree_find_id_probes,,,,,843044,1686.088000,19
window_counter,uitree_id_rebuild,,,,,50,0.100000,19
window_counter,uitree_find_child,,,,,7110,14.220000,19
window_counter,uitree_find_child_hit,,,,,4636,9.272000,19
window_counter,uitree_find_child_ceil_miss,,,,,2408,4.816000,19
window_counter,uitree_walk_emit,,,,,1543988,3087.976000,19
window_counter,uitree_walk_hit,,,,,355000,710.000000,19
window_counter,uitree_walk_hover,,,,,52500,105.000000,19
window_counter,uitree_emit_skip,,,,,1333137,2666.274000,19
window_counter,uitree_layout_resolve,,,,,294,0.588000,19
window_counter,uitree_layout_skip,,,,,144,0.288000,19
window_counter,uitree_layout_nodes,,,,,1517850,3035.700000,19
window_counter,uitree_layout_node_skip,,,,,1476765,2953.530000,19
window_counter,uitree_layout_depth_recompute,,,,,146,0.292000,19
window_counter,uitree_ensure_layout,,,,,7329,14.658000,19
window_counter,uitree_cc_create,,,,,2237,4.474000,19
window_counter,uitree_cc_deleteall,,,,,226,0.452000,19
window_counter,uitree_cc_deleteall_rows,,,,,2210,4.420000,19
window_counter,uitree_apply_geo,,,,,55556,111.112000,19
window_counter,uitree_apply_content,,,,,57121,114.242000,19
window_counter,uitree_apply_hook,,,,,1507,3.014000,19
window_counter,uitree_apply_other,,,,,256793,513.586000,19
window_gauge,uitree_components,,,,,10119,10119.000000,19
window_gauge,uitree_capacity,,,,,16384,16384.000000,19
window_gauge,uitree_node_bytes,,,,,28442624,28442624.000000,19
window_counter,cs2_scripts,,,,,3058,6.116000,19
window_counter,cs2_opcodes,,,,,630598,1261.196000,19
window_counter,cs2_host_ops,,,,,86834,173.668000,19
window_counter,cs2_cycles,,,,,630598,1261.196000,19
window_counter,cs2_aborts,,,,,3,0.006000,19
window_counter,cs2_vm_acquire,,,,,3058,6.116000,19
window_counter,cs2_vm_pool_hit,,,,,3058,6.116000,19
window_counter,cs2_vm_init_ns,,,,,2376000,4752.000000,19
window_counter,cs2_frame_pool_hit,,,,,6732,13.464000,19
window_counter,cache_model_hit,,,,,432,0.864000,19
window_counter,cache_sprite_hit,,,,,290,0.580000,19
window_counter,painter_pops,,,,,2868154,5736.308000,19
window_counter,painter_gate_rejects,,,,,1248547,2497.094000,19
window_counter,painter_pushes,,,,,2868154,5736.308000,19
window_counter,painter_push_dedup,,,,,1201495,2402.990000,19
window_counter,painter_drain_events,,,,,2000,4.000000,19
window_gauge,painter_commands,,,,,3648,3648.000000,19
window_gauge,painter_tiles_remaining_set,,,,,2916,2916.000000,19
window_gauge,zone_map_count,,,,,69,69.000000,19
window_gauge,zone_map_capacity,,,,,256,256.000000,19
window_gauge,npc_slot_max,,,,,65,65.000000,19
window_counter,iface_open,,,,,2,0.004000,19
window_counter,iface_close,,,,,2,0.004000,19
window_counter,iface_bake_reuse,,,,,2,0.004000,19
window_counter,iface_mount_ns,,,,,152000,304.000000,19
window_counter,uitree_anim_scan,,,,,278,0.556000,19
window_counter,uitree_anim_scan_nodes,,,,,2813082,5626.164000,19
window_counter,uitree_anim_model_nodes,,,,,834,1.668000,19
window_counter,uitree_hook_index_rebuild_nodes,,,,,1386303,2772.606000,19
window_stage,frame,5014620,4680000,5710000,87373000,,,20
window_stage,async,147170,3000,198000,26237000,,,20
window_stage,logic,584296,212000,935000,82394000,,,20
window_stage,cs2,384130,0,710000,82122000,,,20
window_stage,layout,74,0,1000,3000,,,20
window_stage,interact,22004,21000,29000,95000,,,20
window_stage,emit,247004,220000,457000,670000,,,20
window_stage,paint,465472,461000,514000,674000,,,20
window_stage,build,465616,461000,514000,674000,,,20
window_stage,render,3097252,3069000,3668000,4437000,,,20
window_stage,present,139064,137000,150000,209000,,,20
window_stage,server,2662,1000,3000,120000,,,20
window_counter,uitree_find_id,,,,,534929,1069.858000,20
window_counter,uitree_find_id_probes,,,,,2088416,4176.832000,20
window_counter,uitree_id_rebuild,,,,,163,0.326000,20
window_counter,uitree_find_child,,,,,17946,35.892000,20
window_counter,uitree_find_child_hit,,,,,14317,28.634000,20
window_counter,uitree_find_child_ceil_miss,,,,,3327,6.654000,20
window_counter,uitree_walk_emit,,,,,1706644,3413.288000,20
window_counter,uitree_walk_hit,,,,,355000,710.000000,20
window_counter,uitree_walk_hover,,,,,52500,105.000000,20
window_counter,uitree_emit_skip,,,,,1394361,2788.722000,20
window_counter,uitree_layout_resolve,,,,,356,0.712000,20
window_counter,uitree_layout_skip,,,,,166,0.332000,20
window_counter,uitree_layout_nodes,,,,,1922610,3845.220000,20
window_counter,uitree_layout_node_skip,,,,,1899778,3799.556000,20
window_counter,uitree_layout_depth_recompute,,,,,178,0.356000,20
window_counter,uitree_ensure_layout,,,,,8762,17.524000,20
window_counter,uitree_cc_create,,,,,3347,6.694000,20
window_counter,uitree_cc_deleteall,,,,,332,0.664000,20
window_counter,uitree_cc_deleteall_rows,,,,,3288,6.576000,20
window_counter,uitree_apply_geo,,,,,62907,125.814000,20
window_counter,uitree_apply_content,,,,,65978,131.956000,20
window_counter,uitree_apply_hook,,,,,13954,27.908000,20
window_counter,uitree_apply_other,,,,,266593,533.186000,20
window_gauge,uitree_components,,,,,10119,10119.000000,20
window_gauge,uitree_capacity,,,,,16384,16384.000000,20
window_gauge,uitree_node_bytes,,,,,28442624,28442624.000000,20
window_counter,cs2_scripts,,,,,3668,7.336000,20
window_counter,cs2_opcodes,,,,,1377530,2755.060000,20
window_counter,cs2_host_ops,,,,,200208,400.416000,20
window_counter,cs2_cycles,,,,,1377530,2755.060000,20
window_counter,cs2_aborts,,,,,10,0.020000,20
window_counter,cs2_vm_acquire,,,,,3668,7.336000,20
window_counter,cs2_vm_pool_hit,,,,,3668,7.336000,20
window_counter,cs2_vm_init_ns,,,,,2739000,5478.000000,20
window_counter,cs2_frame_pool_hit,,,,,9117,18.234000,20
window_counter,cache_model_hit,,,,,18062,36.124000,20
window_counter,cache_sprite_hit,,,,,752,1.504000,20
window_counter,painter_pops,,,,,2866647,5733.294000,20
window_counter,painter_gate_rejects,,,,,1247444,2494.888000,20
window_counter,painter_pushes,,,,,2866647,5733.294000,20
window_counter,painter_push_dedup,,,,,1202618,2405.236000,20
window_counter,painter_drain_events,,,,,2000,4.000000,20
window_gauge,painter_commands,,,,,3648,3648.000000,20
window_gauge,painter_tiles_remaining_set,,,,,2916,2916.000000,20
window_gauge,zone_map_count,,,,,70,70.000000,20
window_gauge,zone_map_capacity,,,,,256,256.000000,20
window_gauge,npc_slot_max,,,,,65,65.000000,20
window_counter,iface_open,,,,,4,0.008000,20
window_counter,iface_close,,,,,7,0.014000,20
window_counter,iface_bake_reuse,,,,,4,0.008000,20
window_counter,iface_mount_ns,,,,,293000,586.000000,20
window_counter,iface_close_ns,,,,,1284000,2568.000000,20
window_counter,uitree_anim_scan,,,,,314,0.628000,20
window_counter,uitree_anim_scan_nodes,,,,,3177366,6354.732000,20
window_counter,uitree_anim_model_nodes,,,,,942,1.884000,20
window_counter,uitree_hook_index_rebuild_nodes,,,,,1538088,3076.176000,20
window_stage,frame,4345582,4227000,4844000,32669000,,,21
window_stage,async,156636,2000,187000,27846000,,,21
window_stage,logic,392328,199000,908000,7799000,,,21
window_stage,cs2,203510,0,711000,7525000,,,21
window_stage,layout,70,0,1000,1000,,,21
window_stage,interact,20268,20000,27000,40000,,,21
window_stage,emit,185538,178000,295000,374000,,,21
window_stage,paint,455924,453000,496000,570000,,,21
window_stage,build,456030,453000,496000,570000,,,21
window_stage,render,2711214,2688000,3026000,3258000,,,21
window_stage,present,138822,137000,152000,215000,,,21
window_stage,server,2744,1000,4000,135000,,,21
window_counter,uitree_find_id,,,,,419328,838.656000,21
window_counter,uitree_find_id_probes,,,,,768323,1536.646000,21
window_counter,uitree_id_rebuild,,,,,50,0.100000,21
window_counter,uitree_find_child,,,,,7044,14.088000,21
window_counter,uitree_find_child_hit,,,,,4596,9.192000,21
window_counter,uitree_find_child_ceil_miss,,,,,2382,4.764000,21
window_counter,uitree_walk_emit,,,,,1539941,3079.882000,21
window_counter,uitree_walk_hit,,,,,355000,710.000000,21
window_counter,uitree_walk_hover,,,,,52500,105.000000,21
window_counter,uitree_emit_skip,,,,,1333049,2666.098000,21
window_counter,uitree_layout_resolve,,,,,295,0.590000,21
window_counter,uitree_layout_skip,,,,,145,0.290000,21
window_counter,uitree_layout_nodes,,,,,1517850,3035.700000,21
window_counter,uitree_layout_node_skip,,,,,1476795,2953.590000,21
window_counter,uitree_layout_depth_recompute,,,,,146,0.292000,21
window_counter,uitree_ensure_layout,,,,,7293,14.586000,21
window_counter,uitree_cc_create,,,,,2237,4.474000,21
window_counter,uitree_cc_deleteall,,,,,226,0.452000,21
window_counter,uitree_cc_deleteall_rows,,,,,2210,4.420000,21
window_counter,uitree_apply_geo,,,,,55476,110.952000,21
window_counter,uitree_apply_content,,,,,57121,114.242000,21
window_counter,uitree_apply_hook,,,,,1447,2.894000,21
window_counter,uitree_apply_other,,,,,256793,513.586000,21
window_gauge,uitree_components,,,,,10119,10119.000000,21
window_gauge,uitree_capacity,,,,,16384,16384.000000,21
window_gauge,uitree_node_bytes,,,,,28442624,28442624.000000,21
window_counter,cs2_scripts,,,,,3058,6.116000,21
window_counter,cs2_opcodes,,,,,616609,1233.218000,21
window_counter,cs2_host_ops,,,,,85499,170.998000,21
window_counter,cs2_cycles,,,,,616609,1233.218000,21
window_counter,cs2_aborts,,,,,3,0.006000,21
window_counter,cs2_vm_acquire,,,,,3058,6.116000,21
window_counter,cs2_vm_pool_hit,,,,,3058,6.116000,21
window_counter,cs2_vm_init_ns,,,,,2346000,4692.000000,21
window_counter,cs2_frame_pool_hit,,,,,6690,13.380000,21
window_counter,cache_model_hit,,,,,434,0.868000,21
window_counter,cache_sprite_hit,,,,,290,0.580000,21
window_counter,painter_pops,,,,,2865108,5730.216000,21
window_counter,painter_gate_rejects,,,,,1246074,2492.148000,21
window_counter,painter_pushes,,,,,2865108,5730.216000,21
window_counter,painter_push_dedup,,,,,1203926,2407.852000,21
window_counter,painter_drain_events,,,,,2000,4.000000,21
window_gauge,painter_commands,,,,,3648,3648.000000,21
window_gauge,painter_tiles_remaining_set,,,,,2916,2916.000000,21
window_gauge,zone_map_count,,,,,70,70.000000,21
window_gauge,zone_map_capacity,,,,,256,256.000000,21
window_gauge,npc_slot_max,,,,,65,65.000000,21
window_counter,iface_open,,,,,2,0.004000,21
window_counter,iface_close,,,,,2,0.004000,21
window_counter,iface_bake_reuse,,,,,2,0.004000,21
window_counter,iface_mount_ns,,,,,160000,320.000000,21
window_counter,uitree_anim_scan,,,,,280,0.560000,21
window_counter,uitree_anim_scan_nodes,,,,,2833320,5666.640000,21
window_counter,uitree_anim_model_nodes,,,,,840,1.680000,21
window_counter,uitree_hook_index_rebuild_nodes,,,,,1396422,2792.844000,21
window_stage,frame,4963000,4650000,5688000,84850000,,,22
window_stage,async,143994,2000,195000,25727000,,,22
window_stage,logic,566272,206000,910000,80000000,,,22
window_stage,cs2,373238,0,709000,79724000,,,22
window_stage,layout,58,0,1000,1000,,,22
window_stage,interact,21654,21000,29000,47000,,,22
window_stage,emit,271244,244000,522000,670000,,,22
window_stage,paint,463374,459000,502000,673000,,,22
window_stage,build,463478,459000,502000,673000,,,22
window_stage,render,3051384,2941000,3584000,3882000,,,22
window_stage,present,139456,137000,151000,207000,,,22
window_stage,server,2936,1000,4000,143000,,,22
window_counter,uitree_find_id,,,,,533871,1067.742000,22
window_counter,uitree_find_id_probes,,,,,1830866,3661.732000,22
window_counter,uitree_id_rebuild,,,,,163,0.326000,22
window_counter,uitree_find_child,,,,,17984,35.968000,22
window_counter,uitree_find_child_hit,,,,,14357,28.714000,22
window_counter,uitree_find_child_ceil_miss,,,,,3353,6.706000,22
window_counter,uitree_walk_emit,,,,,1832618,3665.236000,22
window_counter,uitree_walk_hit,,,,,355000,710.000000,22
window_counter,uitree_walk_hover,,,,,52500,105.000000,22
window_counter,uitree_emit_skip,,,,,1517784,3035.568000,22
window_counter,uitree_layout_resolve,,,,,354,0.708000,22
window_counter,uitree_layout_skip,,,,,166,0.332000,22
window_counter,uitree_layout_nodes,,,,,1902372,3804.744000,22
window_counter,uitree_layout_node_skip,,,,,1879513,3759.026000,22
window_counter,uitree_layout_depth_recompute,,,,,178,0.356000,22
window_counter,uitree_ensure_layout,,,,,8713,17.426000,22
window_counter,uitree_cc_create,,,,,3347,6.694000,22
window_counter,uitree_cc_deleteall,,,,,332,0.664000,22
window_counter,uitree_cc_deleteall_rows,,,,,3288,6.576000,22
window_counter,uitree_apply_geo,,,,,62937,125.874000,22
window_counter,uitree_apply_content,,,,,65928,131.856000,22
window_counter,uitree_apply_hook,,,,,13904,27.808000,22
window_counter,uitree_apply_other,,,,,266386,532.772000,22
window_gauge,uitree_components,,,,,10119,10119.000000,22
window_gauge,uitree_capacity,,,,,16384,16384.000000,22
window_gauge,uitree_node_bytes,,,,,28442624,28442624.000000,22
window_counter,cs2_scripts,,,,,3671,7.342000,22
window_counter,cs2_opcodes,,,,,1358540,2717.080000,22
window_counter,cs2_host_ops,,,,,196802,393.604000,22
window_counter,cs2_cycles,,,,,1358540,2717.080000,22
window_counter,cs2_aborts,,,,,8,0.016000,22
window_counter,cs2_vm_acquire,,,,,3671,7.342000,22
window_counter,cs2_vm_pool_hit,,,,,3671,7.342000,22
window_counter,cs2_vm_init_ns,,,,,2749000,5498.000000,22
window_counter,cs2_frame_pool_hit,,,,,8840,17.680000,22
window_counter,cache_model_hit,,,,,18062,36.124000,22
window_counter,cache_sprite_hit,,,,,722,1.444000,22
window_counter,painter_pops,,,,,2863448,5726.896000,22
window_counter,painter_gate_rejects,,,,,1245079,2490.158000,22
window_counter,painter_pushes,,,,,2863448,5726.896000,22
window_counter,painter_push_dedup,,,,,1203882,2407.764000,22
window_counter,painter_drain_events,,,,,2000,4.000000,22
window_gauge,painter_commands,,,,,3648,3648.000000,22
window_gauge,painter_tiles_remaining_set,,,,,2916,2916.000000,22
window_gauge,zone_map_count,,,,,70,70.000000,22
window_gauge,zone_map_capacity,,,,,256,256.000000,22
window_gauge,npc_slot_max,,,,,65,65.000000,22
window_counter,iface_open,,,,,4,0.008000,22
window_counter,iface_close,,,,,6,0.012000,22
window_counter,iface_bake_reuse,,,,,4,0.008000,22
window_counter,iface_mount_ns,,,,,300000,600.000000,22
window_counter,iface_close_ns,,,,,750000,1500.000000,22
window_counter,uitree_anim_scan,,,,,312,0.624000,22
window_counter,uitree_anim_scan_nodes,,,,,3157128,6314.256000,22
window_counter,uitree_anim_model_nodes,,,,,936,1.872000,22
window_counter,uitree_hook_index_rebuild_nodes,,,,,1538088,3076.176000,22
window_stage,frame,4904774,4363000,6810000,31964000,,,23
window_stage,async,167190,2000,200000,27011000,,,23
window_stage,logic,474794,209000,975000,7776000,,,23
window_stage,cs2,244378,0,734000,7493000,,,23
window_stage,layout,80,0,1000,1000,,,23
window_stage,interact,23640,21000,30000,618000,,,23
window_stage,emit,212126,195000,318000,3972000,,,23
window_stage,paint,513324,461000,526000,10668000,,,23
window_stage,build,513498,462000,526000,10670000,,,23
window_stage,render,3010166,2808000,3532000,15748000,,,23
window_stage,present,147734,138000,154000,2269000,,,23
window_stage,server,2520,1000,3000,139000,,,23
window_counter,uitree_find_id,,,,,421920,843.840000,23
window_counter,uitree_find_id_probes,,,,,807442,1614.884000,23
window_counter,uitree_id_rebuild,,,,,50,0.100000,23
window_counter,uitree_find_child,,,,,7143,14.286000,23
window_counter,uitree_find_child_hit,,,,,4656,9.312000,23
window_counter,uitree_find_child_ceil_miss,,,,,2421,4.842000,23
window_counter,uitree_walk_emit,,,,,1546326,3092.652000,23
window_counter,uitree_walk_hit,,,,,355000,710.000000,23
window_counter,uitree_walk_hover,,,,,52500,105.000000,23
window_counter,uitree_emit_skip,,,,,1330869,2661.738000,23
window_counter,uitree_layout_resolve,,,,,323,0.646000,23
window_counter,uitree_layout_skip,,,,,159,0.318000,23
window_counter,uitree_layout_nodes,,,,,1659516,3319.032000,23
window_counter,uitree_layout_node_skip,,,,,1618413,3236.826000,23
window_counter,uitree_layout_depth_recompute,,,,,160,0.320000,23
window_counter,uitree_ensure_layout,,,,,8022,16.044000,23
window_counter,uitree_cc_create,,,,,2237,4.474000,23
window_counter,uitree_cc_deleteall,,,,,241,0.482000,23
window_counter,uitree_cc_deleteall_rows,,,,,2210,4.420000,23
window_counter,uitree_apply_geo,,,,,55596,111.192000,23
window_counter,uitree_apply_content,,,,,57403,114.806000,23
window_counter,uitree_apply_hook,,,,,1552,3.104000,23
window_counter,uitree_apply_other,,,,,256793,513.586000,23
window_gauge,uitree_components,,,,,10119,10119.000000,23
window_gauge,uitree_capacity,,,,,16384,16384.000000,23
window_gauge,uitree_node_bytes,,,,,28442624,28442624.000000,23
window_counter,cs2_scripts,,,,,3373,6.746000,23
window_counter,cs2_opcodes,,,,,663400,1326.800000,23
window_counter,cs2_host_ops,,,,,91187,182.374000,23
window_counter,cs2_cycles,,,,,663400,1326.800000,23
window_counter,cs2_aborts,,,,,3,0.006000,23
window_counter,cs2_vm_acquire,,,,,3373,6.746000,23
window_counter,cs2_vm_pool_hit,,,,,3373,6.746000,23
window_counter,cs2_vm_init_ns,,,,,2608000,5216.000000,23
window_counter,cs2_frame_pool_hit,,,,,7382,14.764000,23
window_counter,cache_model_hit,,,,,452,0.904000,23
window_counter,cache_sprite_hit,,,,,290,0.580000,23
window_counter,painter_pops,,,,,2864904,5729.808000,23
window_counter,painter_gate_rejects,,,,,1246111,2492.222000,23
window_counter,painter_pushes,,,,,2864904,5729.808000,23
window_counter,painter_push_dedup,,,,,1203382,2406.764000,23
window_counter,painter_drain_events,,,,,2000,4.000000,23
window_gauge,painter_commands,,,,,3648,3648.000000,23
window_gauge,painter_tiles_remaining_set,,,,,2916,2916.000000,23
window_gauge,zone_map_count,,,,,70,70.000000,23
window_gauge,zone_map_capacity,,,,,256,256.000000,23
window_gauge,npc_slot_max,,,,,65,65.000000,23
window_counter,iface_open,,,,,2,0.004000,23
window_counter,iface_close,,,,,2,0.004000,23
window_counter,iface_bake_reuse,,,,,2,0.004000,23
window_counter,iface_mount_ns,,,,,166000,332.000000,23
window_counter,uitree_anim_scan,,,,,310,0.620000,23
window_counter,uitree_anim_scan_nodes,,,,,3136890,6273.780000,23
window_counter,uitree_anim_model_nodes,,,,,930,1.860000,23
window_counter,uitree_hook_index_rebuild_nodes,,,,,1538088,3076.176000,23
window_stage,frame,4798616,4510000,5340000,84982000,,,24
window_stage,async,146870,3000,198000,26832000,,,24
window_stage,logic,558108,208000,912000,79976000,,,24
window_stage,cs2,370310,0,715000,79705000,,,24
window_stage,layout,66,0,1000,1000,,,24
window_stage,interact,20116,19000,27000,70000,,,24
window_stage,emit,213586,201000,358000,542000,,,24
window_stage,paint,453838,450000,493000,577000,,,24
window_stage,build,453950,450000,493000,577000,,,24
window_stage,render,2981424,2935000,3417000,3935000,,,24
window_stage,present,138548,136000,151000,220000,,,24
window_stage,server,3206,1000,3000,148000,,,24
window_counter,uitree_find_id,,,,,533996,1067.992000,24
window_counter,uitree_find_id_probes,,,,,1874351,3748.702000,24
window_counter,uitree_id_rebuild,,,,,163,0.326000,24
window_counter,uitree_find_child,,,,,17946,35.892000,24
window_counter,uitree_find_child_hit,,,,,14317,28.634000,24
window_counter,uitree_find_child_ceil_miss,,,,,3327,6.654000,24
window_counter,uitree_walk_emit,,,,,1681147,3362.294000,24
window_counter,uitree_walk_hit,,,,,355000,710.000000,24
window_counter,uitree_walk_hover,,,,,52500,105.000000,24
window_counter,uitree_emit_skip,,,,,1376786,2753.572000,24
window_counter,uitree_layout_resolve,,,,,344,0.688000,24
window_counter,uitree_layout_skip,,,,,160,0.320000,24
window_counter,uitree_layout_nodes,,,,,1861896,3723.792000,24
window_counter,uitree_layout_node_skip,,,,,1839064,3678.128000,24
window_counter,uitree_layout_depth_recompute,,,,,172,0.344000,24
window_counter,uitree_ensure_layout,,,,,8482,16.964000,24
window_counter,uitree_cc_create,,,,,3347,6.694000,24
window_counter,uitree_cc_deleteall,,,,,326,0.652000,24
window_counter,uitree_cc_deleteall_rows,,,,,3288,6.576000,24
window_counter,uitree_apply_geo,,,,,62907,125.814000,24
window_counter,uitree_apply_content,,,,,65858,131.716000,24
window_counter,uitree_apply_hook,,,,,13948,27.896000,24
window_counter,uitree_apply_other,,,,,266593,533.186000,24
window_gauge,uitree_components,,,,,10119,10119.000000,24
window_gauge,uitree_capacity,,,,,16384,16384.000000,24
window_gauge,uitree_node_bytes,,,,,28442624,28442624.000000,24
window_counter,cs2_scripts,,,,,3532,7.064000,24
window_counter,cs2_opcodes,,,,,1366925,2733.850000,24
window_counter,cs2_host_ops,,,,,198692,397.384000,24
window_counter,cs2_cycles,,,,,1366925,2733.850000,24
window_counter,cs2_aborts,,,,,10,0.020000,24
window_counter,cs2_vm_acquire,,,,,3532,7.064000,24
window_counter,cs2_vm_pool_hit,,,,,3532,7.064000,24
window_counter,cs2_vm_init_ns,,,,,2735000,5470.000000,24
window_counter,cs2_frame_pool_hit,,,,,8850,17.700000,24
window_counter,cache_model_hit,,,,,18078,36.156000,24
window_counter,cache_sprite_hit,,,,,752,1.504000,24
window_counter,painter_pops,,,,,2864116,5728.232000,24
window_counter,painter_gate_rejects,,,,,1245185,2490.370000,24
window_counter,painter_pushes,,,,,2864116,5728.232000,24
window_counter,painter_push_dedup,,,,,1204513,2409.026000,24
window_counter,painter_drain_events,,,,,2000,4.000000,24
window_gauge,painter_commands,,,,,3648,3648.000000,24
window_gauge,painter_tiles_remaining_set,,,,,2916,2916.000000,24
window_gauge,zone_map_count,,,,,70,70.000000,24
window_gauge,zone_map_capacity,,,,,256,256.000000,24
window_gauge,npc_slot_max,,,,,65,65.000000,24
window_counter,iface_open,,,,,4,0.008000,24
window_counter,iface_close,,,,,7,0.014000,24
window_counter,iface_bake_reuse,,,,,4,0.008000,24
window_counter,iface_mount_ns,,,,,343000,686.000000,24
window_counter,iface_close_ns,,,,,1284000,2568.000000,24
window_counter,uitree_anim_scan,,,,,302,0.604000,24
window_counter,uitree_anim_scan_nodes,,,,,3055938,6111.876000,24
window_counter,uitree_anim_model_nodes,,,,,906,1.812000,24
window_counter,uitree_hook_index_rebuild_nodes,,,,,1477374,2954.748000,24
window_stage,frame,4197366,4056000,4631000,31401000,,,25
window_stage,async,152940,2000,191000,26545000,,,25
window_stage,logic,382900,205000,872000,7493000,,,25
window_stage,cs2,200360,0,700000,7229000,,,25
window_stage,layout,70,0,1000,1000,,,25
window_stage,interact,18886,18000,26000,35000,,,25
window_stage,emit,165992,163000,249000,322000,,,25
window_stage,paint,447494,444000,485000,592000,,,25
window_stage,build,447596,444000,485000,592000,,,25
window_stage,render,2623474,2617000,2871000,3196000,,,25
window_stage,present,138724,135000,153000,268000,,,25
window_stage,server,2824,1000,3000,138000,,,25
window_counter,uitree_find_id,,,,,418923,837.846000,25
window_counter,uitree_find_id_probes,,,,,753100,1506.200000,25
window_counter,uitree_id_rebuild,,,,,50,0.100000,25
window_counter,uitree_find_child,,,,,7044,14.088000,25
window_counter,uitree_find_child_hit,,,,,4596,9.192000,25
window_counter,uitree_find_child_ceil_miss,,,,,2382,4.764000,25
window_counter,uitree_walk_emit,,,,,1540563,3081.126000,25
window_counter,uitree_walk_hit,,,,,355000,710.000000,25
window_counter,uitree_walk_hover,,,,,52500,105.000000,25
window_counter,uitree_emit_skip,,,,,1333272,2666.544000,25
window_counter,uitree_layout_resolve,,,,,289,0.578000,25
window_counter,uitree_layout_skip,,,,,142,0.284000,25
window_counter,uitree_layout_nodes,,,,,1487493,2974.986000,25
window_counter,uitree_layout_node_skip,,,,,1446438,2892.876000,25
window_counter,uitree_layout_depth_recompute,,,,,143,0.286000,25
window_counter,uitree_ensure_layout,,,,,7158,14.316000,25
window_counter,uitree_cc_create,,,,,2237,4.474000,25
window_counter,uitree_cc_deleteall,,,,,223,0.446000,25
window_counter,uitree_cc_deleteall_rows,,,,,2210,4.420000,25
window_counter,uitree_apply_geo,,,,,55476,110.952000,25
window_counter,uitree_apply_content,,,,,57061,114.122000,25
window_counter,uitree_apply_hook,,,,,1444,2.888000,25
window_counter,uitree_apply_other,,,,,256793,513.586000,25
window_gauge,uitree_components,,,,,10119,10119.000000,25
window_gauge,uitree_capacity,,,,,16384,16384.000000,25
window_gauge,uitree_node_bytes,,,,,28442624,28442624.000000,25
window_counter,cs2_scripts,,,,,2995,5.990000,25
window_counter,cs2_opcodes,,,,,611383,1222.766000,25
window_counter,cs2_host_ops,,,,,84752,169.504000,25
window_counter,cs2_cycles,,,,,611383,1222.766000,25
window_counter,cs2_aborts,,,,,3,0.006000,25
window_counter,cs2_vm_acquire,,,,,2995,5.990000,25
window_counter,cs2_vm_pool_hit,,,,,2995,5.990000,25
window_counter,cs2_vm_init_ns,,,,,2450000,4900.000000,25
window_counter,cs2_frame_pool_hit,,,,,6564,13.128000,25
window_counter,cache_model_hit,,,,,434,0.868000,25
window_counter,cache_sprite_hit,,,,,290,0.580000,25
window_counter,painter_pops,,,,,2861500,5723.000000,25
window_counter,painter_gate_rejects,,,,,1243500,2487.000000,25
window_counter,painter_pushes,,,,,2861500,5723.000000,25
window_counter,painter_push_dedup,,,,,1205000,2410.000000,25
window_counter,painter_drain_events,,,,,2000,4.000000,25
window_gauge,painter_commands,,,,,3648,3648.000000,25
window_gauge,painter_tiles_remaining_set,,,,,2916,2916.000000,25
window_gauge,zone_map_count,,,,,70,70.000000,25
window_gauge,zone_map_capacity,,,,,256,256.000000,25
window_gauge,npc_slot_max,,,,,65,65.000000,25
window_counter,iface_open,,,,,2,0.004000,25
window_counter,iface_close,,,,,2,0.004000,25
window_counter,iface_bake_reuse,,,,,2,0.004000,25
window_counter,iface_mount_ns,,,,,186000,372.000000,25
window_counter,uitree_anim_scan,,,,,274,0.548000,25
window_counter,uitree_anim_scan_nodes,,,,,2772606,5545.212000,25
window_counter,uitree_anim_model_nodes,,,,,822,1.644000,25
window_counter,uitree_hook_index_rebuild_nodes,,,,,1366065,2732.130000,25
window_stage,frame,5174310,4906000,5854000,85547000,,,26
window_stage,async,148422,3000,189000,27337000,,,26
window_stage,logic,588146,223000,933000,80586000,,,26
window_stage,cs2,382938,0,710000,80313000,,,26
window_stage,layout,58,0,1000,1000,,,26
window_stage,interact,22830,22000,31000,80000,,,26
window_stage,emit,273500,254000,457000,715000,,,26
window_stage,paint,467390,463000,520000,675000,,,26
window_stage,build,467522,463000,521000,675000,,,26
window_stage,render,3216302,3296000,3795000,4590000,,,26
window_stage,present,140320,138000,152000,283000,,,26
window_stage,server,2626,1000,4000,132000,,,26
window_counter,uitree_find_id,,,,,535827,1071.654000,26
window_counter,uitree_find_id_probes,,,,,1816874,3633.748000,26
window_counter,uitree_id_rebuild,,,,,163,0.326000,26
window_counter,uitree_find_child,,,,,18116,36.232000,26
window_counter,uitree_find_child_hit,,,,,14437,28.874000,26
window_counter,uitree_find_child_ceil_miss,,,,,3405,6.810000,26
window_counter,uitree_walk_emit,,,,,1807494,3614.988000,26
window_counter,uitree_walk_hit,,,,,355000,710.000000,26
window_counter,uitree_walk_hover,,,,,52500,105.000000,26
window_counter,uitree_emit_skip,,,,,1484045,2968.090000,26
window_counter,uitree_layout_resolve,,,,,362,0.724000,26
window_counter,uitree_layout_skip,,,,,170,0.340000,26
window_counter,uitree_layout_nodes,,,,,1942848,3885.696000,26
window_counter,uitree_layout_node_skip,,,,,1909806,3819.612000,26
window_counter,uitree_layout_depth_recompute,,,,,181,0.362000,26
window_counter,uitree_ensure_layout,,,,,8945,17.890000,26
window_counter,uitree_cc_create,,,,,3347,6.694000,26
window_counter,uitree_cc_deleteall,,,,,335,0.670000,26
window_counter,uitree_cc_deleteall_rows,,,,,3288,6.576000,26
window_counter,uitree_apply_geo,,,,,63097,126.194000,26
window_counter,uitree_apply_content,,,,,65990,131.980000,26
window_counter,uitree_apply_hook,,,,,14111,28.222000,26
window_counter,uitree_apply_other,,,,,266495,532.990000,26
window_gauge,uitree_components,,,,,10119,10119.000000,26
window_gauge,uitree_capacity,,,,,16384,16384.000000,26
window_gauge,uitree_node_bytes,,,,,28442624,28442624.000000,26
window_counter,cs2_scripts,,,,,3729,7.458000,26
window_counter,cs2_opcodes,,,,,1412722,2825.444000,26
window_counter,cs2_host_ops,,,,,202932,405.864000,26
window_counter,cs2_cycles,,,,,1412722,2825.444000,26
window_counter,cs2_aborts,,,,,8,0.016000,26
window_counter,cs2_vm_acquire,,,,,3729,7.458000,26
window_counter,cs2_vm_pool_hit,,,,,3729,7.458000,26
window_counter,cs2_vm_init_ns,,,,,2680000,5360.000000,26
window_counter,cs2_frame_pool_hit,,,,,9054,18.108000,26
window_counter,cache_model_hit,,,,,18062,36.124000,26
window_counter,cache_sprite_hit,,,,,722,1.444000,26
window_counter,painter_pops,,,,,2864612,5729.224000,26
window_counter,painter_gate_rejects,,,,,1245821,2491.642000,26
window_counter,painter_pushes,,,,,2864612,5729.224000,26
window_counter,painter_push_dedup,,,,,1202654,2405.308000,26
window_counter,painter_drain_events,,,,,2000,4.000000,26
window_gauge,painter_commands,,,,,3648,3648.000000,26
window_gauge,painter_tiles_remaining_set,,,,,2916,2916.000000,26
window_gauge,scene_elements,,,,,59775,59775.000000,26
window_gauge,scene_anim_list,,,,,309,309.000000,26
window_gauge,zone_map_count,,,,,70,70.000000,26
window_gauge,zone_map_capacity,,,,,256,256.000000,26
window_gauge,npc_slot_max,,,,,65,65.000000,26
window_gauge,cache_model_size,,,,,1169,1169.000000,26
window_gauge,cache_sprite_size,,,,,669,669.000000,26
window_counter,iface_open,,,,,4,0.008000,26
window_counter,iface_close,,,,,5,0.010000,26
window_counter,iface_bake_reuse,,,,,4,0.008000,26
window_counter,iface_mount_ns,,,,,318000,636.000000,26
window_counter,iface_close_ns,,,,,1004000,2008.000000,26
window_gauge,iface_groups_resident,,,,,33,33.000000,26
window_gauge,uitree_hidden,,,,,4383,4383.000000,26
window_gauge,uitree_unmounted,,,,,4,4.000000,26
window_gauge,uitree_hook_blocks,,,,,2872,2872.000000,26
window_gauge,uitree_hook_bytes,,,,,29294400,29294400.000000,26
window_gauge,host_inv_hooks,,,,,34,34.000000,26
window_gauge,host_var_hooks,,,,,168,168.000000,26
window_gauge,host_stat_hooks,,,,,65,65.000000,26
window_gauge,bridge_sprite_map,,,,,620,620.000000,26
window_gauge,bridge_model_map,,,,,1,1.000000,26
window_gauge,bridge_obj_icon_map,,,,,77,77.000000,26
window_gauge,cache_clientscript_size,,,,,654,654.000000,26
window_counter,uitree_anim_scan,,,,,322,0.644000,26
window_counter,uitree_anim_scan_nodes,,,,,3258318,6516.636000,26
window_counter,uitree_anim_model_nodes,,,,,966,1.932000,26
window_counter,uitree_hook_index_rebuild_nodes,,,,,1578564,3157.128000,26
window_stage,frame,5073692,4555000,8116000,33050000,,,27
window_stage,async,169496,2000,167000,27972000,,,27
window_stage,logic,490200,210000,960000,7832000,,,27
window_stage,cs2,267124,0,699000,7555000,,,27
window_stage,layout,76,0,1000,1000,,,27
window_stage,interact,25306,23000,30000,902000,,,27
window_stage,emit,235694,224000,337000,4436000,,,27
window_stage,paint,519918,470000,577000,3784000,,,27
window_stage,build,520104,470000,577000,3784000,,,27
window_stage,render,3119734,2949000,4343000,15776000,,,27
window_stage,present,147044,139000,160000,1233000,,,27
window_stage,server,1926,1000,2000,87000,,,27
window_counter,uitree_find_id,,,,,423497,846.994000,27
window_counter,uitree_find_id_probes,,,,,802359,1604.718000,27
window_counter,uitree_id_rebuild,,,,,50,0.100000,27
window_counter,uitree_find_child,,,,,7191,14.382000,27
window_counter,uitree_find_child_hit,,,,,4676,9.352000,27
window_counter,uitree_find_child_ceil_miss,,,,,2421,4.842000,27
window_counter,uitree_walk_emit,,,,,1559170,3118.340000,27
window_counter,uitree_walk_hit,,,,,355000,710.000000,27
window_counter,uitree_walk_hover,,,,,52500,105.000000,27
window_counter,uitree_emit_skip,,,,,1332385,2664.770000,27
window_counter,uitree_layout_resolve,,,,,334,0.668000,27
window_counter,uitree_layout_skip,,,,,163,0.326000,27
window_counter,uitree_layout_nodes,,,,,1730349,3460.698000,27
window_counter,uitree_layout_node_skip,,,,,1689241,3378.482000,27
window_counter,uitree_layout_depth_recompute,,,,,165,0.330000,27
window_counter,uitree_ensure_layout,,,,,8358,16.716000,27
window_counter,uitree_cc_create,,,,,2237,4.474000,27
window_counter,uitree_cc_deleteall,,,,,246,0.492000,27
window_counter,uitree_cc_deleteall_rows,,,,,2210,4.420000,27
window_counter,uitree_apply_geo,,,,,55658,111.316000,27
window_counter,uitree_apply_content,,,,,57566,115.132000,27
window_counter,uitree_apply_hook,,,,,1587,3.174000,27
window_counter,uitree_apply_other,,,,,256911,513.822000,27
window_gauge,uitree_components,,,,,10119,10119.000000,27
window_gauge,uitree_capacity,,,,,16384,16384.000000,27
window_gauge,uitree_node_bytes,,,,,28442624,28442624.000000,27
window_counter,cs2_scripts,,,,,3518,7.036000,27
window_counter,cs2_opcodes,,,,,686187,1372.374000,27
window_counter,cs2_host_ops,,,,,94514,189.028000,27
window_counter,cs2_cycles,,,,,686187,1372.374000,27
window_counter,cs2_aborts,,,,,5,0.010000,27
window_counter,cs2_vm_acquire,,,,,3518,7.036000,27
window_counter,cs2_vm_pool_hit,,,,,3518,7.036000,27
window_counter,cs2_vm_init_ns,,,,,2979000,5958.000000,27
window_counter,cs2_frame_pool_hit,,,,,7967,15.934000,27
window_counter,cache_model_hit,,,,,432,0.864000,27
window_counter,cache_sprite_hit,,,,,320,0.640000,27
window_counter,painter_pops,,,,,2865409,5730.818000,27
window_counter,painter_gate_rejects,,,,,1245761,2491.522000,27
window_counter,painter_pushes,,,,,2865409,5730.818000,27
window_counter,painter_push_dedup,,,,,1203202,2406.404000,27
window_counter,painter_drain_events,,,,,2000,4.000000,27
window_gauge,painter_commands,,,,,3649,3649.000000,27
window_gauge,painter_tiles_remaining_set,,,,,2916,2916.000000,27
window_gauge,zone_map_count,,,,,71,71.000000,27
window_gauge,zone_map_capacity,,,,,256,256.000000,27
window_gauge,npc_slot_max,,,,,65,65.000000,27
window_counter,iface_open,,,,,2,0.004000,27
window_counter,iface_close,,,,,4,0.008000,27
window_counter,iface_bake_reuse,,,,,2,0.004000,27
window_counter,iface_mount_ns,,,,,170000,340.000000,27
window_counter,iface_close_ns,,,,,359000,718.000000,27
window_counter,uitree_anim_scan,,,,,318,0.636000,27
window_counter,uitree_anim_scan_nodes,,,,,3217842,6435.684000,27
window_counter,uitree_anim_model_nodes,,,,,954,1.908000,27
window_counter,uitree_hook_index_rebuild_nodes,,,,,1578564,3157.128000,27
window_stage,frame,5025546,4774000,5754000,85443000,,,28
window_stage,async,144154,2000,159000,28022000,,,28
window_stage,logic,574220,206000,927000,80236000,,,28
window_stage,cs2,373948,0,698000,79967000,,,28
window_stage,layout,68,0,1000,1000,,,28
window_stage,interact,23630,23000,30000,67000,,,28
window_stage,emit,252108,246000,401000,697000,,,28
window_stage,paint,474072,470000,516000,628000,,,28
window_stage,build,474224,470000,516000,628000,,,28
window_stage,render,3095008,3021000,3687000,4067000,,,28
window_stage,present,141898,139000,154000,371000,,,28
window_stage,server,2218,1000,2000,135000,,,28
window_counter,uitree_find_id,,,,,534686,1069.372000,28
window_counter,uitree_find_id_probes,,,,,1824299,3648.598000,28
window_counter,uitree_id_rebuild,,,,,163,0.326000,28
window_counter,uitree_find_child,,,,,17913,35.826000,28
window_counter,uitree_find_child_hit,,,,,14297,28.594000,28
window_counter,uitree_find_child_ceil_miss,,,,,3314,6.628000,28
window_counter,uitree_walk_emit,,,,,1646266,3292.532000,28
window_counter,uitree_walk_hit,,,,,355000,710.000000,28
window_counter,uitree_walk_hover,,,,,52500,105.000000,28
window_counter,uitree_emit_skip,,,,,1360924,2721.848000,28
window_counter,uitree_layout_resolve,,,,,356,0.712000,28
window_counter,uitree_layout_skip,,,,,166,0.332000,28
window_counter,uitree_layout_nodes,,,,,1922610,3845.220000,28
window_counter,uitree_layout_node_skip,,,,,1899780,3799.560000,28
window_counter,uitree_layout_depth_recompute,,,,,178,0.356000,28
window_counter,uitree_ensure_layout,,,,,8728,17.456000,28
window_counter,uitree_cc_create,,,,,3347,6.694000,28
window_counter,uitree_cc_deleteall,,,,,332,0.664000,28
window_counter,uitree_cc_deleteall_rows,,,,,3288,6.576000,28
window_counter,uitree_apply_geo,,,,,62867,125.734000,28
window_counter,uitree_apply_content,,,,,65978,131.956000,28
window_counter,uitree_apply_hook,,,,,13924,27.848000,28
window_counter,uitree_apply_other,,,,,266593,533.186000,28
window_gauge,uitree_components,,,,,10119,10119.000000,28
window_gauge,uitree_capacity,,,,,16384,16384.000000,28
window_gauge,uitree_node_bytes,,,,,28442624,28442624.000000,28
window_counter,cs2_scripts,,,,,3652,7.304000,28
window_counter,cs2_opcodes,,,,,1370766,2741.532000,28
window_counter,cs2_host_ops,,,,,199578,399.156000,28
window_counter,cs2_cycles,,,,,1370766,2741.532000,28
window_counter,cs2_aborts,,,,,10,0.020000,28
window_counter,cs2_vm_acquire,,,,,3652,7.304000,28
window_counter,cs2_vm_pool_hit,,,,,3652,7.304000,28
window_counter,cs2_vm_init_ns,,,,,2404000,4808.000000,28
window_counter,cs2_frame_pool_hit,,,,,9073,18.146000,28
window_counter,cache_model_hit,,,,,18062,36.124000,28
window_counter,cache_sprite_hit,,,,,752,1.504000,28
window_counter,painter_pops,,,,,2867890,5735.780000,28
window_counter,painter_gate_rejects,,,,,1247061,2494.122000,28
window_counter,painter_pushes,,,,,2867890,5735.780000,28
window_counter,painter_push_dedup,,,,,1203202,2406.404000,28
window_counter,painter_drain_events,,,,,2000,4.000000,28
window_gauge,painter_commands,,,,,3649,3649.000000,28
window_gauge,painter_tiles_remaining_set,,,,,2916,2916.000000,28
window_gauge,zone_map_count,,,,,72,72.000000,28
window_gauge,zone_map_capacity,,,,,256,256.000000,28
window_gauge,npc_slot_max,,,,,65,65.000000,28
window_counter,iface_open,,,,,4,0.008000,28
window_counter,iface_close,,,,,7,0.014000,28
window_counter,iface_bake_reuse,,,,,4,0.008000,28
window_counter,iface_mount_ns,,,,,319000,638.000000,28
window_counter,iface_close_ns,,,,,1201000,2402.000000,28
window_counter,uitree_anim_scan,,,,,314,0.628000,28
window_counter,uitree_anim_scan_nodes,,,,,3177366,6354.732000,28
window_counter,uitree_anim_model_nodes,,,,,942,1.884000,28
window_counter,uitree_hook_index_rebuild_nodes,,,,,1538088,3076.176000,28
window_stage,frame,4391240,4209000,4958000,32558000,,,29
window_stage,async,157144,2000,193000,27490000,,,29
window_stage,logic,397694,201000,912000,7761000,,,29
window_stage,cs2,209228,0,720000,7469000,,,29
window_stage,layout,60,0,1000,1000,,,29
window_stage,interact,20260,20000,27000,35000,,,29
window_stage,emit,187928,187000,276000,370000,,,29
window_stage,paint,465126,451000,496000,1715000,,,29
window_stage,build,465244,451000,496000,1716000,,,29
window_stage,render,2741714,2725000,3039000,5316000,,,29
window_stage,present,138644,136000,150000,265000,,,29
window_stage,server,2796,1000,4000,142000,,,29
window_counter,uitree_find_id,,,,,419630,839.260000,29
window_counter,uitree_find_id_probes,,,,,770023,1540.046000,29
window_counter,uitree_id_rebuild,,,,,50,0.100000,29
window_counter,uitree_find_child,,,,,7077,14.154000,29
window_counter,uitree_find_child_hit,,,,,4616,9.232000,29
window_counter,uitree_find_child_ceil_miss,,,,,2395,4.790000,29
window_counter,uitree_walk_emit,,,,,1563016,3126.032000,29
window_counter,uitree_walk_hit,,,,,355000,710.000000,29
window_counter,uitree_walk_hover,,,,,52500,105.000000,29
window_counter,uitree_emit_skip,,,,,1332859,2665.718000,29
window_counter,uitree_layout_resolve,,,,,297,0.594000,29
window_counter,uitree_layout_skip,,,,,146,0.292000,29
window_counter,uitree_layout_nodes,,,,,1527969,3055.938000,29
window_counter,uitree_layout_node_skip,,,,,1486896,2973.792000,29
window_counter,uitree_layout_depth_recompute,,,,,147,0.294000,29
window_counter,uitree_ensure_layout,,,,,7356,14.712000,29
window_counter,uitree_cc_create,,,,,2237,4.474000,29
window_counter,uitree_cc_deleteall,,,,,227,0.454000,29
window_counter,uitree_cc_deleteall_rows,,,,,2210,4.420000,29
window_counter,uitree_apply_geo,,,,,55516,111.032000,29
window_counter,uitree_apply_content,,,,,57141,114.282000,29
window_counter,uitree_apply_hook,,,,,1478,2.956000,29
window_counter,uitree_apply_other,,,,,256793,513.586000,29
window_gauge,uitree_components,,,,,10119,10119.000000,29
window_gauge,uitree_capacity,,,,,16384,16384.000000,29
window_gauge,uitree_node_bytes,,,,,28442624,28442624.000000,29
window_counter,cs2_scripts,,,,,3079,6.158000,29
window_counter,cs2_opcodes,,,,,625668,1251.336000,29
window_counter,cs2_host_ops,,,,,86465,172.930000,29
window_counter,cs2_cycles,,,,,625668,1251.336000,29
window_counter,cs2_aborts,,,,,3,0.006000,29
window_counter,cs2_vm_acquire,,,,,3079,6.158000,29
window_counter,cs2_vm_pool_hit,,,,,3079,6.158000,29
window_counter,cs2_vm_init_ns,,,,,2504000,5008.000000,29
window_counter,cs2_frame_pool_hit,,,,,6754,13.508000,29
window_counter,cache_model_hit,,,,,432,0.864000,29
window_counter,cache_sprite_hit,,,,,290,0.580000,29
window_counter,painter_pops,,,,,2866385,5732.770000,29
window_counter,painter_gate_rejects,,,,,1246480,2492.960000,29
window_counter,painter_pushes,,,,,2866385,5732.770000,29
window_counter,painter_push_dedup,,,,,1202909,2405.818000,29
window_counter,painter_drain_events,,,,,2000,4.000000,29
window_gauge,painter_commands,,,,,3648,3648.000000,29
window_gauge,painter_tiles_remaining_set,,,,,2916,2916.000000,29
window_gauge,zone_map_count,,,,,72,72.000000,29
window_gauge,zone_map_capacity,,,,,256,256.000000,29
window_gauge,npc_slot_max,,,,,65,65.000000,29
window_counter,iface_open,,,,,2,0.004000,29
window_counter,iface_close,,,,,2,0.004000,29
window_counter,iface_bake_reuse,,,,,2,0.004000,29
window_counter,iface_mount_ns,,,,,168000,336.000000,29
window_counter,uitree_anim_scan,,,,,282,0.564000,29
window_counter,uitree_anim_scan_nodes,,,,,2853558,5707.116000,29
window_counter,uitree_anim_model_nodes,,,,,846,1.692000,29
window_counter,uitree_hook_index_rebuild_nodes,,,,,1406541,2813.082000,29
window_stage,frame,4888836,4617000,5500000,86893000,,,30
window_stage,async,141632,2000,146000,27090000,,,30
window_stage,logic,549606,188000,863000,82020000,,,30
window_stage,cs2,365776,0,655000,81750000,,,30
window_stage,layout,68,0,1000,1000,,,30
window_stage,interact,21250,21000,26000,64000,,,30
window_stage,emit,265352,242000,501000,596000,,,30
window_stage,paint,466168,461000,508000,675000,,,30
window_stage,build,466334,462000,508000,676000,,,30
window_stage,render,2999736,2930000,3542000,3792000,,,30
window_stage,present,140188,138000,150000,238000,,,30
window_stage,server,1822,1000,2000,88000,,,30
window_counter,uitree_find_id,,,,,537452,1074.904000,30
window_counter,uitree_find_id_probes,,,,,1964351,3928.702000,30
window_counter,uitree_id_rebuild,,,,,163,0.326000,30
window_counter,uitree_find_child,,,,,18012,36.024000,30
window_counter,uitree_find_child_hit,,,,,14385,28.770000,30
window_counter,uitree_find_child_ceil_miss,,,,,3353,6.706000,30
window_counter,uitree_walk_emit,,,,,1812665,3625.330000,30
window_counter,uitree_walk_hit,,,,,355000,710.000000,30
window_counter,uitree_walk_hover,,,,,52500,105.000000,30
window_counter,uitree_emit_skip,,,,,1518705,3037.410000,30
window_counter,uitree_layout_resolve,,,,,350,0.700000,30
window_counter,uitree_layout_skip,,,,,164,0.328000,30
window_counter,uitree_layout_nodes,,,,,1882134,3764.268000,30
window_counter,uitree_layout_node_skip,,,,,1859275,3718.550000,30
window_counter,uitree_layout_depth_recompute,,,,,176,0.352000,30
window_counter,uitree_ensure_layout,,,,,8623,17.246000,30
window_counter,uitree_cc_create,,,,,3347,6.694000,30
window_counter,uitree_cc_deleteall,,,,,329,0.658000,30
window_counter,uitree_cc_deleteall_rows,,,,,3288,6.576000,30
window_counter,uitree_apply_geo,,,,,62965,125.930000,30
window_counter,uitree_apply_content,,,,,65916,131.832000,30
window_counter,uitree_apply_hook,,,,,14153,28.306000,30
window_counter,uitree_apply_other,,,,,266635,533.270000,30
window_gauge,uitree_components,,,,,10119,10119.000000,30
window_gauge,uitree_capacity,,,,,16384,16384.000000,30
window_gauge,uitree_node_bytes,,,,,28442624,28442624.000000,30
window_counter,cs2_scripts,,,,,3624,7.248000,30
window_counter,cs2_opcodes,,,,,1402554,2805.108000,30
window_counter,cs2_host_ops,,,,,202687,405.374000,30
window_counter,cs2_cycles,,,,,1402554,2805.108000,30
window_counter,cs2_aborts,,,,,8,0.016000,30
window_counter,cs2_vm_acquire,,,,,3624,7.248000,30
window_counter,cs2_vm_pool_hit,,,,,3624,7.248000,30
window_counter,cs2_vm_init_ns,,,,,2446000,4892.000000,30
window_counter,cs2_frame_pool_hit,,,,,8756,17.512000,30
window_counter,cache_model_hit,,,,,18146,36.292000,30
window_counter,cache_sprite_hit,,,,,722,1.444000,30
window_counter,painter_pops,,,,,2863924,5727.848000,30
window_counter,painter_gate_rejects,,,,,1244852,2489.704000,30
window_counter,painter_pushes,,,,,2863924,5727.848000,30
window_counter,painter_push_dedup,,,,,1203720,2407.440000,30
window_counter,painter_drain_events,,,,,2000,4.000000,30
window_gauge,painter_commands,,,,,3648,3648.000000,30
window_gauge,painter_tiles_remaining_set,,,,,2916,2916.000000,30
window_gauge,zone_map_count,,,,,72,72.000000,30
window_gauge,zone_map_capacity,,,,,256,256.000000,30
window_gauge,npc_slot_max,,,,,65,65.000000,30
window_counter,iface_open,,,,,4,0.008000,30
window_counter,iface_close,,,,,5,0.010000,30
window_counter,iface_bake_reuse,,,,,4,0.008000,30
window_counter,iface_mount_ns,,,,,241000,482.000000,30
window_counter,iface_close_ns,,,,,1571000,3142.000000,30
window_counter,uitree_anim_scan,,,,,308,0.616000,30
window_counter,uitree_anim_scan_nodes,,,,,3116652,6233.304000,30
window_counter,uitree_anim_model_nodes,,,,,924,1.848000,30
window_counter,uitree_hook_index_rebuild_nodes,,,,,1517850,3035.700000,30
window_stage,frame,4327616,4193000,4755000,33171000,,,31
window_stage,async,151056,2000,141000,28209000,,,31
window_stage,logic,362820,179000,850000,8317000,,,31
window_stage,cs2,188428,0,642000,8036000,,,31
window_stage,layout,76,0,1000,1000,,,31
window_stage,interact,20180,20000,26000,79000,,,31
window_stage,emit,187748,186000,278000,371000,,,31
window_stage,paint,459650,454000,498000,634000,,,31
window_stage,build,459766,455000,498000,634000,,,31
window_stage,render,2725672,2734000,3002000,4000000,,,31
window_stage,present,140166,137000,155000,241000,,,31
window_stage,server,1708,1000,2000,74000,,,31
window_counter,uitree_find_id,,,,,419500,839.000000,31
window_counter,uitree_find_id_probes,,,,,784893,1569.786000,31
window_counter,uitree_id_rebuild,,,,,50,0.100000,31
window_counter,uitree_find_child,,,,,7090,14.180000,31
window_counter,uitree_find_child_hit,,,,,4616,9.232000,31
window_counter,uitree_find_child_ceil_miss,,,,,2408,4.816000,31
window_counter,uitree_walk_emit,,,,,1553762,3107.524000,31
window_counter,uitree_walk_hit,,,,,355000,710.000000,31
window_counter,uitree_walk_hover,,,,,52500,105.000000,31
window_counter,uitree_emit_skip,,,,,1333218,2666.436000,31
window_counter,uitree_layout_resolve,,,,,294,0.588000,31
window_counter,uitree_layout_skip,,,,,145,0.290000,31
window_counter,uitree_layout_nodes,,,,,1507731,3015.462000,31
window_counter,uitree_layout_node_skip,,,,,1466647,2933.294000,31
window_counter,uitree_layout_depth_recompute,,,,,145,0.290000,31
window_counter,uitree_ensure_layout,,,,,7271,14.542000,31
window_counter,uitree_cc_create,,,,,2237,4.474000,31
window_counter,uitree_cc_deleteall,,,,,225,0.450000,31
window_counter,uitree_cc_deleteall_rows,,,,,2210,4.420000,31
window_counter,uitree_apply_geo,,,,,55544,111.088000,31
window_counter,uitree_apply_content,,,,,57086,114.172000,31
window_counter,uitree_apply_hook,,,,,1502,3.004000,31
window_counter,uitree_apply_other,,,,,256773,513.546000,31
window_gauge,uitree_components,,,,,10119,10119.000000,31
window_gauge,uitree_capacity,,,,,16384,16384.000000,31
window_gauge,uitree_node_bytes,,,,,28442624,28442624.000000,31
window_counter,cs2_scripts,,,,,3037,6.074000,31
window_counter,cs2_opcodes,,,,,626041,1252.082000,31
window_counter,cs2_host_ops,,,,,86409,172.818000,31
window_counter,cs2_cycles,,,,,626041,1252.082000,31
window_counter,cs2_aborts,,,,,3,0.006000,31
window_counter,cs2_vm_acquire,,,,,3037,6.074000,31
window_counter,cs2_vm_pool_hit,,,,,3037,6.074000,31
window_counter,cs2_vm_init_ns,,,,,2015000,4030.000000,31
window_counter,cs2_frame_pool_hit,,,,,6683,13.366000,31
window_counter,cache_model_hit,,,,,432,0.864000,31
window_counter,cache_sprite_hit,,,,,290,0.580000,31
window_counter,painter_pops,,,,,2864617,5729.234000,31
window_counter,painter_gate_rejects,,,,,1245511,2491.022000,31
window_counter,painter_pushes,,,,,2864617,5729.234000,31
window_counter,painter_push_dedup,,,,,1203216,2406.432000,31
window_counter,painter_drain_events,,,,,2000,4.000000,31
window_gauge,painter_commands,,,,,3648,3648.000000,31
window_gauge,painter_tiles_remaining_set,,,,,2916,2916.000000,31
window_gauge,scene_elements,,,,,59775,59775.000000,31
window_gauge,scene_anim_list,,,,,309,309.000000,31
window_gauge,zone_map_count,,,,,73,73.000000,31
window_gauge,zone_map_capacity,,,,,256,256.000000,31
window_gauge,npc_slot_max,,,,,65,65.000000,31
window_gauge,cache_model_size,,,,,1169,1169.000000,31
window_gauge,cache_sprite_size,,,,,669,669.000000,31
window_counter,iface_open,,,,,2,0.004000,31
window_counter,iface_close,,,,,2,0.004000,31
window_counter,iface_bake_reuse,,,,,2,0.004000,31
window_counter,iface_mount_ns,,,,,172000,344.000000,31
window_gauge,iface_groups_resident,,,,,33,33.000000,31
window_gauge,uitree_hidden,,,,,4384,4384.000000,31
window_gauge,uitree_unmounted,,,,,5,5.000000,31
window_gauge,uitree_hook_blocks,,,,,2872,2872.000000,31
window_gauge,uitree_hook_bytes,,,,,29294400,29294400.000000,31
window_gauge,host_inv_hooks,,,,,19,19.000000,31
window_gauge,host_var_hooks,,,,,163,163.000000,31
window_gauge,host_stat_hooks,,,,,65,65.000000,31
window_gauge,bridge_sprite_map,,,,,620,620.000000,31
window_gauge,bridge_model_map,,,,,1,1.000000,31
window_gauge,bridge_obj_icon_map,,,,,77,77.000000,31
window_gauge,cache_clientscript_size,,,,,654,654.000000,31
window_counter,uitree_anim_scan,,,,,280,0.560000,31
window_counter,uitree_anim_scan_nodes,,,,,2833320,5666.640000,31
window_counter,uitree_anim_model_nodes,,,,,840,1.680000,31
window_counter,uitree_hook_index_rebuild_nodes,,,,,1396422,2792.844000,31
window_stage,frame,4877418,4586000,5537000,85538000,,,32
window_stage,async,146598,2000,188000,27370000,,,32
window_stage,logic,551898,194000,901000,80588000,,,32
window_stage,cs2,368296,0,717000,80317000,,,32
window_stage,layout,50,0,0,1000,,,32
window_stage,interact,20462,20000,27000,41000,,,32
window_stage,emit,249706,227000,474000,664000,,,32
window_stage,paint,458552,454000,495000,696000,,,32
window_stage,build,458654,454000,495000,696000,,,32
window_stage,render,3021820,2937000,3572000,3930000,,,32
window_stage,present,139594,136000,152000,237000,,,32
window_stage,server,3088,1000,4000,147000,,,32
window_counter,uitree_find_id,,,,,533181,1066.362000,32
window_counter,uitree_find_id_probes,,,,,1870299,3740.598000,32
window_counter,uitree_id_rebuild,,,,,163,0.326000,32
window_counter,uitree_find_child,,,,,17918,35.836000,32
window_counter,uitree_find_child_hit,,,,,14317,28.634000,32
window_counter,uitree_find_child_ceil_miss,,,,,3327,6.654000,32
window_counter,uitree_walk_emit,,,,,1828632,3657.264000,32
window_counter,uitree_walk_hit,,,,,355000,710.000000,32
window_counter,uitree_walk_hover,,,,,52500,105.000000,32
window_counter,uitree_emit_skip,,,,,1522306,3044.612000,32
window_counter,uitree_layout_resolve,,,,,348,0.696000,32
window_counter,uitree_layout_skip,,,,,162,0.324000,32
window_counter,uitree_layout_nodes,,,,,1882134,3764.268000,32
window_counter,uitree_layout_node_skip,,,,,1849187,3698.374000,32
window_counter,uitree_layout_depth_recompute,,,,,175,0.350000,32
window_counter,uitree_ensure_layout,,,,,8587,17.174000,32
window_counter,uitree_cc_create,,,,,3347,6.694000,32
window_counter,uitree_cc_deleteall,,,,,330,0.660000,32
window_counter,uitree_cc_deleteall_rows,,,,,3288,6.576000,32
window_counter,uitree_apply_geo,,,,,62857,125.714000,32
window_counter,uitree_apply_content,,,,,65870,131.740000,32
window_counter,uitree_apply_hook,,,,,13842,27.684000,32
window_counter,uitree_apply_other,,,,,266386,532.772000,32
window_gauge,uitree_components,,,,,10119,10119.000000,32
window_gauge,uitree_capacity,,,,,16384,16384.000000,32
window_gauge,uitree_node_bytes,,,,,28442624,28442624.000000,32
window_counter,cs2_scripts,,,,,3651,7.302000,32
window_counter,cs2_opcodes,,,,,1341243,2682.486000,32
window_counter,cs2_host_ops,,,,,194991,389.982000,32
window_counter,cs2_cycles,,,,,1341243,2682.486000,32
window_counter,cs2_aborts,,,,,8,0.016000,32
window_counter,cs2_vm_acquire,,,,,3651,7.302000,32
window_counter,cs2_vm_pool_hit,,,,,3651,7.302000,32
window_counter,cs2_vm_init_ns,,,,,2737000,5474.000000,32
window_counter,cs2_frame_pool_hit,,,,,8736,17.472000,32
window_counter,cache_model_hit,,,,,18062,36.124000,32
window_counter,cache_sprite_hit,,,,,722,1.444000,32
window_counter,painter_pops,,,,,2861502,5723.004000,32
window_counter,painter_gate_rejects,,,,,1243500,2487.000000,32
window_counter,painter_pushes,,,,,2861502,5723.004000,32
window_counter,painter_push_dedup,,,,,1204500,2409.000000,32
window_counter,painter_drain_events,,,,,2000,4.000000,32
window_gauge,painter_commands,,,,,3647,3647.000000,32
window_gauge,painter_tiles_remaining_set,,,,,2916,2916.000000,32
window_gauge,zone_map_count,,,,,73,73.000000,32
window_gauge,zone_map_capacity,,,,,256,256.000000,32
window_gauge,npc_slot_max,,,,,65,65.000000,32
window_counter,iface_open,,,,,4,0.008000,32
window_counter,iface_close,,,,,6,0.012000,32
window_counter,iface_bake_reuse,,,,,4,0.008000,32
window_counter,iface_mount_ns,,,,,313000,626.000000,32
window_counter,iface_close_ns,,,,,699000,1398.000000,32
window_counter,uitree_anim_scan,,,,,306,0.612000,32
window_counter,uitree_anim_scan_nodes,,,,,3096414,6192.828000,32
window_counter,uitree_anim_model_nodes,,,,,918,1.836000,32
window_counter,uitree_hook_index_rebuild_nodes,,,,,1497612,2995.224000,32
window_stage,frame,4282338,4126000,4998000,32630000,,,33
window_stage,async,158156,2000,194000,27707000,,,33
window_stage,logic,385092,201000,889000,7562000,,,33
window_stage,cs2,201030,0,698000,7294000,,,33
window_stage,layout,60,0,1000,1000,,,33
window_stage,interact,20122,19000,28000,87000,,,33
window_stage,emit,177580,174000,281000,467000,,,33
window_stage,paint,453940,450000,493000,628000,,,33
window_stage,build,454020,450000,493000,629000,,,33
window_stage,render,2672108,2613000,3091000,3852000,,,33
window_stage,present,138924,136000,152000,207000,,,33
window_stage,server,2722,1000,3000,136000,,,33
window_counter,uitree_find_id,,,,,419388,838.776000,33
window_counter,uitree_find_id_probes,,,,,761214,1522.428000,33
window_counter,uitree_id_rebuild,,,,,50,0.100000,33
window_counter,uitree_find_child,,,,,7077,14.154000,33
window_counter,uitree_find_child_hit,,,,,4616,9.232000,33
window_counter,uitree_find_child_ceil_miss,,,,,2395,4.790000,33
window_counter,uitree_walk_emit,,,,,1542735,3085.470000,33
window_counter,uitree_walk_hit,,,,,355000,710.000000,33
window_counter,uitree_walk_hover,,,,,52500,105.000000,33
window_counter,uitree_emit_skip,,,,,1333290,2666.580000,33
window_counter,uitree_layout_resolve,,,,,293,0.586000,33
window_counter,uitree_layout_skip,,,,,144,0.288000,33
window_counter,uitree_layout_nodes,,,,,1507731,3015.462000,33
window_counter,uitree_layout_node_skip,,,,,1466658,2933.316000,33
window_counter,uitree_layout_depth_recompute,,,,,145,0.290000,33
window_counter,uitree_ensure_layout,,,,,7266,14.532000,33
window_counter,uitree_cc_create,,,,,2237,4.474000,33
window_counter,uitree_cc_deleteall,,,,,225,0.450000,33
window_counter,uitree_cc_deleteall_rows,,,,,2210,4.420000,33
window_counter,uitree_apply_geo,,,,,55516,111.032000,33
window_counter,uitree_apply_content,,,,,57101,114.202000,33
window_counter,uitree_apply_hook,,,,,1476,2.952000,33
window_counter,uitree_apply_other,,,,,256793,513.586000,33
window_gauge,uitree_components,,,,,10119,10119.000000,33
window_gauge,uitree_capacity,,,,,16384,16384.000000,33
window_gauge,uitree_node_bytes,,,,,28442624,28442624.000000,33
window_counter,cs2_scripts,,,,,3037,6.074000,33
window_counter,cs2_opcodes,,,,,622184,1244.368000,33
window_counter,cs2_host_ops,,,,,85967,171.934000,33
window_counter,cs2_cycles,,,,,622184,1244.368000,33
window_counter,cs2_aborts,,,,,3,0.006000,33
window_counter,cs2_vm_acquire,,,,,3037,6.074000,33
window_counter,cs2_vm_pool_hit,,,,,3037,6.074000,33
window_counter,cs2_vm_init_ns,,,,,2374000,4748.000000,33
window_counter,cs2_frame_pool_hit,,,,,6670,13.340000,33
window_counter,cache_model_hit,,,,,432,0.864000,33
window_counter,cache_sprite_hit,,,,,290,0.580000,33
window_counter,painter_pops,,,,,2861500,5723.000000,33
window_counter,painter_gate_rejects,,,,,1243500,2487.000000,33
window_counter,painter_pushes,,,,,2861500,5723.000000,33
window_counter,painter_push_dedup,,,,,1204500,2409.000000,33
window_counter,painter_drain_events,,,,,2000,4.000000,33
window_gauge,painter_commands,,,,,3647,3647.000000,33
window_gauge,painter_tiles_remaining_set,,,,,2916,2916.000000,33
window_gauge,zone_map_count,,,,,73,73.000000,33
window_gauge,zone_map_capacity,,,,,256,256.000000,33
window_gauge,npc_slot_max,,,,,65,65.000000,33
window_counter,iface_open,,,,,2,0.004000,33
window_counter,iface_close,,,,,2,0.004000,33
window_counter,iface_bake_reuse,,,,,2,0.004000,33
window_counter,iface_mount_ns,,,,,192000,384.000000,33
window_counter,uitree_anim_scan,,,,,278,0.556000,33
window_counter,uitree_anim_scan_nodes,,,,,2813082,5626.164000,33
window_counter,uitree_anim_model_nodes,,,,,834,1.668000,33
window_counter,uitree_hook_index_rebuild_nodes,,,,,1386303,2772.606000,33
window_stage,frame,4831324,4555000,5336000,85918000,,,34
window_stage,async,147622,2000,193000,27314000,,,34
window_stage,logic,560084,204000,907000,80775000,,,34
window_stage,cs2,375192,0,708000,80513000,,,34
window_stage,layout,68,0,1000,1000,,,34
window_stage,interact,20120,20000,27000,35000,,,34
window_stage,emit,219620,208000,343000,543000,,,34
window_stage,paint,457410,454000,500000,598000,,,34
window_stage,build,457548,454000,500000,598000,,,34
window_stage,render,2999978,2945000,3440000,3935000,,,34
window_stage,present,139218,136000,152000,240000,,,34
window_stage,server,3166,1000,4000,126000,,,34
window_counter,uitree_find_id,,,,,534409,1068.818000,34
window_counter,uitree_find_id_probes,,,,,1920552,3841.104000,34
window_counter,uitree_id_rebuild,,,,,163,0.326000,34
window_counter,uitree_find_child,,,,,17979,35.958000,34
window_counter,uitree_find_child_hit,,,,,14337,28.674000,34
window_counter,uitree_find_child_ceil_miss,,,,,3340,6.680000,34
window_counter,uitree_walk_emit,,,,,1707510,3415.020000,34
window_counter,uitree_walk_hit,,,,,355000,710.000000,34
window_counter,uitree_walk_hover,,,,,52500,105.000000,34
window_counter,uitree_emit_skip,,,,,1391148,2782.296000,34
window_counter,uitree_layout_resolve,,,,,346,0.692000,34
window_counter,uitree_layout_skip,,,,,161,0.322000,34
window_counter,uitree_layout_nodes,,,,,1872015,3744.030000,34
window_counter,uitree_layout_node_skip,,,,,1849158,3698.316000,34
window_counter,uitree_layout_depth_recompute,,,,,173,0.346000,34
window_counter,uitree_ensure_layout,,,,,8551,17.102000,34
window_counter,uitree_cc_create,,,,,3347,6.694000,34
window_counter,uitree_cc_deleteall,,,,,327,0.654000,34
window_counter,uitree_cc_deleteall_rows,,,,,3288,6.576000,34
window_counter,uitree_apply_geo,,,,,62947,125.894000,34
window_counter,uitree_apply_content,,,,,65878,131.756000,34
window_counter,uitree_apply_hook,,,,,13979,27.958000,34
window_counter,uitree_apply_other,,,,,266593,533.186000,34
window_gauge,uitree_components,,,,,10119,10119.000000,34
window_gauge,uitree_capacity,,,,,16384,16384.000000,34
window_gauge,uitree_node_bytes,,,,,28442624,28442624.000000,34
window_counter,cs2_scripts,,,,,3559,7.118000,34
window_counter,cs2_opcodes,,,,,1375434,2750.868000,34
window_counter,cs2_host_ops,,,,,199573,399.146000,34
window_counter,cs2_cycles,,,,,1375434,2750.868000,34
window_counter,cs2_aborts,,,,,10,0.020000,34
window_counter,cs2_vm_acquire,,,,,3559,7.118000,34
window_counter,cs2_vm_pool_hit,,,,,3559,7.118000,34
window_counter,cs2_vm_init_ns,,,,,2809000,5618.000000,34
window_counter,cs2_frame_pool_hit,,,,,8921,17.842000,34
window_counter,cache_model_hit,,,,,18062,36.124000,34
window_counter,cache_sprite_hit,,,,,752,1.504000,34
window_counter,painter_pops,,,,,2861500,5723.000000,34
window_counter,painter_gate_rejects,,,,,1243500,2487.000000,34
window_counter,painter_pushes,,,,,2861500,5723.000000,34
window_counter,painter_push_dedup,,,,,1204500,2409.000000,34
window_counter,painter_drain_events,,,,,2000,4.000000,34
window_gauge,painter_commands,,,,,3647,3647.000000,34
window_gauge,painter_tiles_remaining_set,,,,,2916,2916.000000,34
window_gauge,zone_map_count,,,,,73,73.000000,34
window_gauge,zone_map_capacity,,,,,256,256.000000,34
window_gauge,npc_slot_max,,,,,65,65.000000,34
window_counter,iface_open,,,,,4,0.008000,34
window_counter,iface_close,,,,,7,0.014000,34
window_counter,iface_bake_reuse,,,,,4,0.008000,34
window_counter,iface_mount_ns,,,,,325000,650.000000,34
window_counter,iface_close_ns,,,,,1215000,2430.000000,34
window_counter,uitree_anim_scan,,,,,304,0.608000,34
window_counter,uitree_anim_scan_nodes,,,,,3076176,6152.352000,34
window_counter,uitree_anim_model_nodes,,,,,912,1.824000,34
window_counter,uitree_hook_index_rebuild_nodes,,,,,1497612,2995.224000,34
window_stage,frame,4357664,4151000,4902000,32865000,,,35
window_stage,async,161050,2000,194000,27829000,,,35
window_stage,logic,393510,198000,907000,7737000,,,35
window_stage,cs2,207752,0,715000,7395000,,,35
window_stage,layout,62,0,1000,1000,,,35
window_stage,interact,20412,20000,27000,36000,,,35
window_stage,emit,181494,183000,269000,535000,,,35
window_stage,paint,460964,453000,497000,1620000,,,35
window_stage,build,461100,453000,497000,1620000,,,35
window_stage,render,2713730,2681000,2947000,6297000,,,35
window_stage,present,138608,137000,150000,181000,,,35
window_stage,server,2800,1000,3000,134000,,,35
window_counter,uitree_find_id,,,,,420048,840.096000,35
window_counter,uitree_find_id_probes,,,,,777611,1555.222000,35
window_counter,uitree_id_rebuild,,,,,50,0.100000,35
window_counter,uitree_find_child,,,,,7143,14.286000,35
window_counter,uitree_find_child_hit,,,,,4656,9.312000,35
window_counter,uitree_find_child_ceil_miss,,,,,2421,4.842000,35
window_counter,uitree_walk_emit,,,,,1535142,3070.284000,35
window_counter,uitree_walk_hit,,,,,355000,710.000000,35
window_counter,uitree_walk_hover,,,,,52500,105.000000,35
window_counter,uitree_emit_skip,,,,,1332628,2665.256000,35
window_counter,uitree_layout_resolve,,,,,297,0.594000,35
window_counter,uitree_layout_skip,,,,,146,0.292000,35
window_counter,uitree_layout_nodes,,,,,1527969,3055.938000,35
window_counter,uitree_layout_node_skip,,,,,1486866,2973.732000,35
window_counter,uitree_layout_depth_recompute,,,,,147,0.294000,35
window_counter,uitree_ensure_layout,,,,,7392,14.784000,35
window_counter,uitree_cc_create,,,,,2237,4.474000,35
window_counter,uitree_cc_deleteall,,,,,227,0.454000,35
window_counter,uitree_cc_deleteall_rows,,,,,2210,4.420000,35
window_counter,uitree_apply_geo,,,,,55596,111.192000,35
window_counter,uitree_apply_content,,,,,57141,114.282000,35
window_counter,uitree_apply_hook,,,,,1538,3.076000,35
window_counter,uitree_apply_other,,,,,256793,513.586000,35
window_gauge,uitree_components,,,,,10119,10119.000000,35
window_gauge,uitree_capacity,,,,,16384,16384.000000,35
window_gauge,uitree_node_bytes,,,,,28442624,28442624.000000,35
window_counter,cs2_scripts,,,,,3079,6.158000,35
window_counter,cs2_opcodes,,,,,638367,1276.734000,35
window_counter,cs2_host_ops,,,,,87602,175.204000,35
window_counter,cs2_cycles,,,,,638367,1276.734000,35
window_counter,cs2_aborts,,,,,3,0.006000,35
window_counter,cs2_vm_acquire,,,,,3079,6.158000,35
window_counter,cs2_vm_pool_hit,,,,,3079,6.158000,35
window_counter,cs2_vm_init_ns,,,,,2591000,5182.000000,35
window_counter,cs2_frame_pool_hit,,,,,6792,13.584000,35
window_counter,cache_model_hit,,,,,432,0.864000,35
window_counter,cache_sprite_hit,,,,,290,0.580000,35
window_counter,painter_pops,,,,,2861500,5723.000000,35
window_counter,painter_gate_rejects,,,,,1243500,2487.000000,35
window_counter,painter_pushes,,,,,2861500,5723.000000,35
window_counter,painter_push_dedup,,,,,1204500,2409.000000,35
window_counter,painter_drain_events,,,,,2000,4.000000,35
window_gauge,painter_commands,,,,,3647,3647.000000,35
window_gauge,painter_tiles_remaining_set,,,,,2916,2916.000000,35
window_gauge,zone_map_count,,,,,73,73.000000,35
window_gauge,zone_map_capacity,,,,,256,256.000000,35
window_gauge,npc_slot_max,,,,,65,65.000000,35
window_counter,iface_open,,,,,2,0.004000,35
window_counter,iface_close,,,,,2,0.004000,35
window_counter,iface_bake_reuse,,,,,2,0.004000,35
window_counter,iface_mount_ns,,,,,161000,322.000000,35
window_counter,uitree_anim_scan,,,,,282,0.564000,35
window_counter,uitree_anim_scan_nodes,,,,,2853558,5707.116000,35
window_counter,uitree_anim_model_nodes,,,,,846,1.692000,35
window_counter,uitree_hook_index_rebuild_nodes,,,,,1406541,2813.082000,35
window_stage,frame,4783360,4471000,5382000,84666000,,,36
window_stage,async,148346,3000,198000,26862000,,,36
window_stage,logic,559976,212000,911000,79874000,,,36
window_stage,cs2,372720,0,724000,79610000,,,36
window_stage,layout,76,0,1000,1000,,,36
window_stage,interact,20012,19000,27000,115000,,,36
window_stage,emit,240272,218000,453000,555000,,,36
window_stage,paint,451710,449000,487000,531000,,,36
window_stage,build,451826,449000,487000,546000,,,36
window_stage,render,2943674,2816000,3456000,3742000,,,36
window_stage,present,138412,135000,151000,219000,,,36
window_stage,server,3256,1000,4000,133000,,,36
window_counter,uitree_find_id,,,,,534216,1068.432000,36
window_counter,uitree_find_id_probes,,,,,1817440,3634.880000,36
window_counter,uitree_id_rebuild,,,,,163,0.326000,36
window_counter,uitree_find_child,,,,,17946,35.892000,36
window_counter,uitree_find_child_hit,,,,,14317,28.634000,36
window_counter,uitree_find_child_ceil_miss,,,,,3327,6.654000,36
window_counter,uitree_walk_emit,,,,,1841823,3683.646000,36
window_counter,uitree_walk_hit,,,,,355000,710.000000,36
window_counter,uitree_walk_hover,,,,,52500,105.000000,36
window_counter,uitree_emit_skip,,,,,1515080,3030.160000,36
window_counter,uitree_layout_resolve,,,,,344,0.688000,36
window_counter,uitree_layout_skip,,,,,160,0.320000,36
window_counter,uitree_layout_nodes,,,,,1861896,3723.792000,36
window_counter,uitree_layout_node_skip,,,,,1839064,3678.128000,36
window_counter,uitree_layout_depth_recompute,,,,,172,0.344000,36
window_counter,uitree_ensure_layout,,,,,8546,17.092000,36
window_counter,uitree_cc_create,,,,,3347,6.694000,36
window_counter,uitree_cc_deleteall,,,,,326,0.652000,36
window_counter,uitree_cc_deleteall_rows,,,,,3288,6.576000,36
window_counter,uitree_apply_geo,,,,,62907,125.814000,36
window_counter,uitree_apply_content,,,,,65858,131.716000,36
window_counter,uitree_apply_hook,,,,,13948,27.896000,36
window_counter,uitree_apply_other,,,,,266593,533.186000,36
window_gauge,uitree_components,,,,,10119,10119.000000,36
window_gauge,uitree_capacity,,,,,16384,16384.000000,36
window_gauge,uitree_node_bytes,,,,,28442624,28442624.000000,36
window_counter,cs2_scripts,,,,,3596,7.192000,36
window_counter,cs2_opcodes,,,,,1368498,2736.996000,36
window_counter,cs2_host_ops,,,,,198919,397.838000,36
window_counter,cs2_cycles,,,,,1368498,2736.996000,36
window_counter,cs2_aborts,,,,,10,0.020000,36
window_counter,cs2_vm_acquire,,,,,3596,7.192000,36
window_counter,cs2_vm_pool_hit,,,,,3596,7.192000,36
window_counter,cs2_vm_init_ns,,,,,2945000,5890.000000,36
window_counter,cs2_frame_pool_hit,,,,,8948,17.896000,36
window_counter,cache_model_hit,,,,,18078,36.156000,36
window_counter,cache_sprite_hit,,,,,752,1.504000,36
window_counter,painter_pops,,,,,2861936,5723.872000,36
window_counter,painter_gate_rejects,,,,,1243827,2487.654000,36
window_counter,painter_pushes,,,,,2861936,5723.872000,36
window_counter,painter_push_dedup,,,,,1204282,2408.564000,36
window_counter,painter_drain_events,,,,,2000,4.000000,36
window_gauge,painter_commands,,,,,3647,3647.000000,36
window_gauge,painter_tiles_remaining_set,,,,,2916,2916.000000,36
window_gauge,zone_map_count,,,,,73,73.000000,36
window_gauge,zone_map_capacity,,,,,256,256.000000,36
window_gauge,npc_slot_max,,,,,65,65.000000,36
window_counter,iface_open,,,,,4,0.008000,36
window_counter,iface_close,,,,,7,0.014000,36
window_counter,iface_bake_reuse,,,,,4,0.008000,36
window_counter,iface_mount_ns,,,,,305000,610.000000,36
window_counter,iface_close_ns,,,,,1259000,2518.000000,36
window_counter,uitree_anim_scan,,,,,302,0.604000,36
window_counter,uitree_anim_scan_nodes,,,,,3055938,6111.876000,36
window_counter,uitree_anim_model_nodes,,,,,906,1.812000,36
window_counter,uitree_hook_index_rebuild_nodes,,,,,1477374,2954.748000,36
window_stage,frame,4239366,4062000,4658000,34237000,,,37
window_stage,async,158168,2000,189000,28894000,,,37
window_stage,logic,381016,195000,911000,7423000,,,37
window_stage,cs2,199814,0,720000,7164000,,,37
window_stage,layout,88,0,1000,1000,,,37
window_stage,interact,19904,19000,27000,53000,,,37
window_stage,emit,165556,162000,248000,336000,,,37
window_stage,paint,451940,449000,491000,556000,,,37
window_stage,build,452038,449000,491000,556000,,,37
window_stage,render,2652108,2604000,2884000,17384000,,,37
window_stage,present,138848,136000,152000,216000,,,37
window_stage,server,2420,1000,3000,145000,,,37
window_counter,uitree_find_id,,,,,418844,837.688000,37
window_counter,uitree_find_id_probes,,,,,749917,1499.834000,37
window_counter,uitree_id_rebuild,,,,,50,0.100000,37
window_counter,uitree_find_child,,,,,7024,14.048000,37
window_counter,uitree_find_child_hit,,,,,4576,9.152000,37
window_counter,uitree_find_child_ceil_miss,,,,,2382,4.764000,37
window_counter,uitree_walk_emit,,,,,1521117,3042.234000,37
window_counter,uitree_walk_hit,,,,,355000,710.000000,37
window_counter,uitree_walk_hover,,,,,52500,105.000000,37
window_counter,uitree_emit_skip,,,,,1332893,2665.786000,37
window_counter,uitree_layout_resolve,,,,,290,0.580000,37
window_counter,uitree_layout_skip,,,,,143,0.286000,37
window_counter,uitree_layout_nodes,,,,,1487493,2974.986000,37
window_counter,uitree_layout_node_skip,,,,,1446438,2892.876000,37
window_counter,uitree_layout_depth_recompute,,,,,143,0.286000,37
window_counter,uitree_ensure_layout,,,,,7156,14.312000,37
window_counter,uitree_cc_create,,,,,2237,4.474000,37
window_counter,uitree_cc_deleteall,,,,,223,0.446000,37
window_counter,uitree_cc_deleteall_rows,,,,,2210,4.420000,37
window_counter,uitree_apply_geo,,,,,55471,110.942000,37
window_counter,uitree_apply_content,,,,,57046,114.092000,37
window_counter,uitree_apply_hook,,,,,1444,2.888000,37
window_counter,uitree_apply_other,,,,,256773,513.546000,37
window_gauge,uitree_components,,,,,10119,10119.000000,37
window_gauge,uitree_capacity,,,,,16384,16384.000000,37
window_gauge,uitree_node_bytes,,,,,28442624,28442624.000000,37
window_counter,cs2_scripts,,,,,2995,5.990000,37
window_counter,cs2_opcodes,,,,,609211,1218.422000,37
window_counter,cs2_host_ops,,,,,84656,169.312000,37
window_counter,cs2_cycles,,,,,609211,1218.422000,37
window_counter,cs2_aborts,,,,,3,0.006000,37
window_counter,cs2_vm_acquire,,,,,2995,5.990000,37
window_counter,cs2_vm_pool_hit,,,,,2995,5.990000,37
window_counter,cs2_vm_init_ns,,,,,2386000,4772.000000,37
window_counter,cs2_frame_pool_hit,,,,,6562,13.124000,37
window_counter,cache_model_hit,,,,,432,0.864000,37
window_counter,cache_sprite_hit,,,,,290,0.580000,37
window_counter,painter_pops,,,,,2861620,5723.240000,37
window_counter,painter_gate_rejects,,,,,1243500,2487.000000,37
window_counter,painter_pushes,,,,,2861620,5723.240000,37
window_counter,painter_push_dedup,,,,,1204500,2409.000000,37
window_counter,painter_drain_events,,,,,2000,4.000000,37
window_gauge,painter_commands,,,,,3648,3648.000000,37
window_gauge,painter_tiles_remaining_set,,,,,2916,2916.000000,37
window_gauge,scene_elements,,,,,59775,59775.000000,37
window_gauge,scene_anim_list,,,,,309,309.000000,37
window_gauge,zone_map_count,,,,,73,73.000000,37
window_gauge,zone_map_capacity,,,,,256,256.000000,37
window_gauge,npc_slot_max,,,,,65,65.000000,37
window_gauge,cache_model_size,,,,,1169,1169.000000,37
window_gauge,cache_sprite_size,,,,,669,669.000000,37
window_counter,iface_open,,,,,2,0.004000,37
window_counter,iface_close,,,,,2,0.004000,37
window_counter,iface_bake_reuse,,,,,2,0.004000,37
window_counter,iface_mount_ns,,,,,188000,376.000000,37
window_gauge,iface_groups_resident,,,,,33,33.000000,37
window_gauge,uitree_hidden,,,,,4384,4384.000000,37
window_gauge,uitree_unmounted,,,,,5,5.000000,37
window_gauge,uitree_hook_blocks,,,,,2872,2872.000000,37
window_gauge,uitree_hook_bytes,,,,,29294400,29294400.000000,37
window_gauge,host_inv_hooks,,,,,19,19.000000,37
window_gauge,host_var_hooks,,,,,163,163.000000,37
window_gauge,host_stat_hooks,,,,,65,65.000000,37
window_gauge,bridge_sprite_map,,,,,620,620.000000,37
window_gauge,bridge_model_map,,,,,1,1.000000,37
window_gauge,bridge_obj_icon_map,,,,,77,77.000000,37
window_gauge,cache_clientscript_size,,,,,654,654.000000,37
window_counter,uitree_anim_scan,,,,,276,0.552000,37
window_counter,uitree_anim_scan_nodes,,,,,2792844,5585.688000,37
window_counter,uitree_anim_model_nodes,,,,,828,1.656000,37
window_counter,uitree_hook_index_rebuild_nodes,,,,,1376184,2752.368000,37
window_stage,frame,4927470,4687000,5522000,85341000,,,38
window_stage,async,93198,3000,192000,18639000,,,38
window_stage,logic,558660,211000,904000,80490000,,,38
window_stage,cs2,367214,0,709000,80226000,,,38
window_stage,layout,72,0,1000,1000,,,38
window_stage,interact,20674,20000,29000,64000,,,38
window_stage,emit,259060,235000,474000,577000,,,38
window_stage,paint,460248,456000,501000,818000,,,38
window_stage,build,460356,456000,502000,818000,,,38
window_stage,render,3098358,3119000,3535000,5251000,,,38
window_stage,present,139874,137000,154000,227000,,,38
window_stage,server,3132,1000,4000,142000,,,38
window_counter,uitree_find_id,,,,,513800,1027.600000,38
window_counter,uitree_find_id_probes,,,,,1787645,3575.290000,38
window_counter,uitree_id_rebuild,,,,,138,0.276000,38
window_counter,uitree_find_child,,,,,14893,29.786000,38
window_counter,uitree_find_child_hit,,,,,12247,24.494000,38
window_counter,uitree_find_child_ceil_miss,,,,,2403,4.806000,38
window_counter,uitree_walk_emit,,,,,1856792,3713.584000,38
window_counter,uitree_walk_hit,,,,,355000,710.000000,38
window_counter,uitree_walk_hover,,,,,52500,105.000000,38
window_counter,uitree_emit_skip,,,,,1522393,3044.786000,38
window_counter,uitree_layout_resolve,,,,,342,0.684000,38
window_counter,uitree_layout_skip,,,,,159,0.318000,38
window_counter,uitree_layout_nodes,,,,,1851777,3703.554000,38
window_counter,uitree_layout_node_skip,,,,,1849200,3698.400000,38
window_counter,uitree_layout_depth_recompute,,,,,175,0.350000,38
window_counter,uitree_ensure_layout,,,,,8553,17.106000,38
window_counter,uitree_cc_create,,,,,2413,4.826000,38
window_counter,uitree_cc_deleteall,,,,,307,0.614000,38
window_counter,uitree_cc_deleteall_rows,,,,,2361,4.722000,38
window_counter,uitree_apply_geo,,,,,61266,122.532000,38
window_counter,uitree_apply_content,,,,,64252,128.504000,38
window_counter,uitree_apply_hook,,,,,13605,27.210000,38
window_counter,uitree_apply_other,,,,,263201,526.402000,38
window_gauge,uitree_components,,,,,10119,10119.000000,38
window_gauge,uitree_capacity,,,,,16384,16384.000000,38
window_gauge,uitree_node_bytes,,,,,28442624,28442624.000000,38
window_counter,cs2_scripts,,,,,3641,7.282000,38
window_counter,cs2_opcodes,,,,,1234650,2469.300000,38
window_counter,cs2_host_ops,,,,,178965,357.930000,38
window_counter,cs2_cycles,,,,,1234650,2469.300000,38
window_counter,cs2_aborts,,,,,7,0.014000,38
window_counter,cs2_vm_acquire,,,,,3641,7.282000,38
window_counter,cs2_vm_pool_hit,,,,,3641,7.282000,38
window_counter,cs2_vm_init_ns,,,,,2836000,5672.000000,38
window_counter,cs2_frame_pool_hit,,,,,8548,17.096000,38
window_counter,cache_model_hit,,,,,17932,35.864000,38
window_counter,cache_sprite_hit,,,,,668,1.336000,38
window_counter,painter_pops,,,,,2866909,5733.818000,38
window_counter,painter_gate_rejects,,,,,1247237,2494.474000,38
window_counter,painter_pushes,,,,,2866909,5733.818000,38
window_counter,painter_push_dedup,,,,,1202284,2404.568000,38
window_counter,painter_drain_events,,,,,2000,4.000000,38
window_gauge,painter_commands,,,,,3648,3648.000000,38
window_gauge,painter_tiles_remaining_set,,,,,2916,2916.000000,38
window_gauge,zone_map_count,,,,,75,75.000000,38
window_gauge,zone_map_capacity,,,,,256,256.000000,38
window_gauge,npc_slot_max,,,,,65,65.000000,38
window_counter,iface_open,,,,,3,0.006000,38
window_counter,iface_close,,,,,5,0.010000,38
window_counter,iface_bake_reuse,,,,,3,0.006000,38
window_counter,iface_mount_ns,,,,,227000,454.000000,38
window_counter,iface_close_ns,,,,,700000,1400.000000,38
window_counter,uitree_anim_scan,,,,,308,0.616000,38
window_counter,uitree_anim_scan_nodes,,,,,3116652,6233.304000,38
window_counter,uitree_anim_model_nodes,,,,,924,1.848000,38
window_counter,uitree_hook_index_rebuild_nodes,,,,,1517850,3035.700000,38
window_stage,frame,4251714,4033000,4860000,32403000,,,39
window_stage,async,209768,2000,193000,27360000,,,39
window_stage,logic,393596,197000,901000,7811000,,,39
window_stage,cs2,210556,0,710000,7538000,,,39
window_stage,layout,68,0,1000,1000,,,39
window_stage,interact,19066,18000,27000,45000,,,39
window_stage,emit,162532,158000,250000,450000,,,39
window_stage,paint,451210,446000,494000,680000,,,39
window_stage,build,451324,446000,494000,680000,,,39
window_stage,render,2604094,2554000,2932000,3469000,,,39
window_stage,present,139038,136000,153000,320000,,,39
window_stage,server,2816,1000,3000,141000,,,39
window_counter,uitree_find_id,,,,,439352,878.704000,39
window_counter,uitree_find_id_probes,,,,,827471,1654.942000,39
window_counter,uitree_id_rebuild,,,,,75,0.150000,39
window_counter,uitree_find_child,,,,,10201,20.402000,39
window_counter,uitree_find_child_hit,,,,,6746,13.492000,39
window_counter,uitree_find_child_ceil_miss,,,,,3358,6.716000,39
window_counter,uitree_walk_emit,,,,,1514991,3029.982000,39
window_counter,uitree_walk_hit,,,,,355000,710.000000,39
window_counter,uitree_walk_hover,,,,,52500,105.000000,39
window_counter,uitree_emit_skip,,,,,1333169,2666.338000,39
window_counter,uitree_layout_resolve,,,,,298,0.596000,39
window_counter,uitree_layout_skip,,,,,147,0.294000,39
window_counter,uitree_layout_nodes,,,,,1527969,3055.938000,39
window_counter,uitree_layout_node_skip,,,,,1466602,2933.204000,39
window_counter,uitree_layout_depth_recompute,,,,,145,0.290000,39
window_counter,uitree_ensure_layout,,,,,7354,14.708000,39
window_counter,uitree_cc_create,,,,,3171,6.342000,39
window_counter,uitree_cc_deleteall,,,,,248,0.496000,39
window_counter,uitree_cc_deleteall_rows,,,,,3137,6.274000,39
window_counter,uitree_apply_geo,,,,,57227,114.454000,39
window_counter,uitree_apply_content,,,,,58719,117.438000,39
window_counter,uitree_apply_hook,,,,,1803,3.606000,39
window_counter,uitree_apply_other,,,,,259978,519.956000,39
window_gauge,uitree_components,,,,,10119,10119.000000,39
window_gauge,uitree_capacity,,,,,16384,16384.000000,39
window_gauge,uitree_node_bytes,,,,,28442624,28442624.000000,39
window_counter,cs2_scripts,,,,,3045,6.090000,39
window_counter,cs2_opcodes,,,,,748777,1497.554000,39
window_counter,cs2_host_ops,,,,,103845,207.690000,39
window_counter,cs2_cycles,,,,,748777,1497.554000,39
window_counter,cs2_aborts,,,,,4,0.008000,39
window_counter,cs2_vm_acquire,,,,,3045,6.090000,39
window_counter,cs2_vm_pool_hit,,,,,3045,6.090000,39
window_counter,cs2_vm_init_ns,,,,,2537000,5074.000000,39
window_counter,cs2_frame_pool_hit,,,,,6916,13.832000,39
window_counter,cache_model_hit,,,,,566,1.132000,39
window_counter,cache_sprite_hit,,,,,344,0.688000,39
window_counter,painter_pops,,,,,2866668,5733.336000,39
window_counter,painter_gate_rejects,,,,,1247479,2494.958000,39
window_counter,painter_pushes,,,,,2866668,5733.336000,39
window_counter,painter_push_dedup,,,,,1202049,2404.098000,39
window_counter,painter_drain_events,,,,,2000,4.000000,39
window_gauge,painter_commands,,,,,3647,3647.000000,39
window_gauge,painter_tiles_remaining_set,,,,,2916,2916.000000,39
window_gauge,zone_map_count,,,,,75,75.000000,39
window_gauge,zone_map_capacity,,,,,256,256.000000,39
window_gauge,npc_slot_max,,,,,65,65.000000,39
window_counter,iface_open,,,,,3,0.006000,39
window_counter,iface_close,,,,,3,0.006000,39
window_counter,iface_bake_reuse,,,,,3,0.006000,39
window_counter,iface_mount_ns,,,,,290000,580.000000,39
window_counter,uitree_anim_scan,,,,,276,0.552000,39
window_counter,uitree_anim_scan_nodes,,,,,2792844,5585.688000,39
window_counter,uitree_anim_model_nodes,,,,,828,1.656000,39
window_counter,uitree_hook_index_rebuild_nodes,,,,,1366065,2732.130000,39
window_stage,frame,4836784,4574000,5563000,86213000,,,40
window_stage,async,93848,2000,190000,19426000,,,40
window_stage,logic,565326,217000,919000,80997000,,,40
window_stage,cs2,370854,0,707000,80730000,,,40
window_stage,layout,74,0,1000,1000,,,40
window_stage,interact,21394,21000,30000,35000,,,40
window_stage,emit,232108,219000,390000,710000,,,40
window_stage,paint,463642,458000,523000,873000,,,40
window_stage,build,463786,458000,523000,873000,,,40
window_stage,render,3023396,2902000,3587000,3985000,,,40
window_stage,present,140166,138000,153000,312000,,,40
window_stage,server,2962,1000,3000,130000,,,40
window_counter,uitree_find_id,,,,,513235,1026.470000,40
window_counter,uitree_find_id_probes,,,,,1777164,3554.328000,40
window_counter,uitree_id_rebuild,,,,,138,0.276000,40
window_counter,uitree_find_child,,,,,14794,29.588000,40
window_counter,uitree_find_child_hit,,,,,12187,24.374000,40
window_counter,uitree_find_child_ceil_miss,,,,,2364,4.728000,40
window_counter,uitree_walk_emit,,,,,1696116,3392.232000,40
window_counter,uitree_walk_hit,,,,,355000,710.000000,40
window_counter,uitree_walk_hover,,,,,52500,105.000000,40
window_counter,uitree_emit_skip,,,,,1370018,2740.036000,40
window_counter,uitree_layout_resolve,,,,,339,0.678000,40
window_counter,uitree_layout_skip,,,,,158,0.316000,40
window_counter,uitree_layout_nodes,,,,,1831539,3663.078000,40
window_counter,uitree_layout_node_skip,,,,,1818890,3637.780000,40
window_counter,uitree_layout_depth_recompute,,,,,172,0.344000,40
window_counter,uitree_ensure_layout,,,,,8294,16.588000,40
window_counter,uitree_cc_create,,,,,2413,4.826000,40
window_counter,uitree_cc_deleteall,,,,,303,0.606000,40
window_counter,uitree_cc_deleteall_rows,,,,,2361,4.722000,40
window_counter,uitree_apply_geo,,,,,61146,122.292000,40
window_counter,uitree_apply_content,,,,,64192,128.384000,40
window_counter,uitree_apply_hook,,,,,13595,27.190000,40
window_counter,uitree_apply_other,,,,,263310,526.620000,40
window_gauge,uitree_components,,,,,10119,10119.000000,40
window_gauge,uitree_capacity,,,,,16384,16384.000000,40
window_gauge,uitree_node_bytes,,,,,28442624,28442624.000000,40
window_counter,cs2_scripts,,,,,3482,6.964000,40
window_counter,cs2_opcodes,,,,,1229041,2458.082000,40
window_counter,cs2_host_ops,,,,,178904,357.808000,40
window_counter,cs2_cycles,,,,,1229041,2458.082000,40
window_counter,cs2_aborts,,,,,7,0.014000,40
window_counter,cs2_vm_acquire,,,,,3482,6.964000,40
window_counter,cs2_vm_pool_hit,,,,,3482,6.964000,40
window_counter,cs2_vm_init_ns,,,,,2724000,5448.000000,40
window_counter,cs2_frame_pool_hit,,,,,8233,16.466000,40
window_counter,cache_model_hit,,,,,17950,35.900000,40
window_counter,cache_sprite_hit,,,,,668,1.336000,40
window_counter,painter_pops,,,,,2864560,5729.120000,40
window_counter,painter_gate_rejects,,,,,1245517,2491.034000,40
window_counter,painter_pushes,,,,,2864560,5729.120000,40
window_counter,painter_push_dedup,,,,,1203811,2407.622000,40
window_counter,painter_drain_events,,,,,2000,4.000000,40
window_gauge,painter_commands,,,,,3647,3647.000000,40
window_gauge,painter_tiles_remaining_set,,,,,2916,2916.000000,40
window_gauge,scene_elements,,,,,59775,59775.000000,40
window_gauge,scene_anim_list,,,,,309,309.000000,40
window_gauge,zone_map_count,,,,,75,75.000000,40
window_gauge,zone_map_capacity,,,,,256,256.000000,40
window_gauge,npc_slot_max,,,,,65,65.000000,40
window_gauge,cache_model_size,,,,,1169,1169.000000,40
window_gauge,cache_sprite_size,,,,,669,669.000000,40
window_counter,iface_open,,,,,3,0.006000,40
window_counter,iface_close,,,,,4,0.008000,40
window_counter,iface_bake_reuse,,,,,3,0.006000,40
window_counter,iface_mount_ns,,,,,226000,452.000000,40
window_counter,iface_close_ns,,,,,832000,1664.000000,40
window_gauge,iface_groups_resident,,,,,33,33.000000,40
window_gauge,uitree_hidden,,,,,4383,4383.000000,40
window_gauge,uitree_unmounted,,,,,4,4.000000,40
window_gauge,uitree_hook_blocks,,,,,2872,2872.000000,40
window_gauge,uitree_hook_bytes,,,,,29294400,29294400.000000,40
window_gauge,host_inv_hooks,,,,,34,34.000000,40
window_gauge,host_var_hooks,,,,,168,168.000000,40
window_gauge,host_stat_hooks,,,,,65,65.000000,40
window_gauge,bridge_sprite_map,,,,,620,620.000000,40
window_gauge,bridge_model_map,,,,,1,1.000000,40
window_gauge,bridge_obj_icon_map,,,,,77,77.000000,40
window_gauge,cache_clientscript_size,,,,,654,654.000000,40
window_counter,uitree_anim_scan,,,,,306,0.612000,40
window_counter,uitree_anim_scan_nodes,,,,,3096414,6192.828000,40
window_counter,uitree_anim_model_nodes,,,,,918,1.836000,40
window_counter,uitree_hook_index_rebuild_nodes,,,,,1507731,3015.462000,40
window_stage,frame,4483326,4272000,5145000,33310000,,,41
window_stage,async,212190,2000,192000,27907000,,,41
window_stage,logic,410774,211000,922000,7668000,,,41
window_stage,cs2,215678,0,707000,7415000,,,41
window_stage,layout,62,0,1000,3000,,,41
window_stage,interact,21404,21000,28000,54000,,,41
window_stage,emit,189414,185000,299000,397000,,,41
window_stage,paint,464548,459000,514000,1269000,,,41
window_stage,build,464682,459000,514000,1269000,,,41
window_stage,render,2750996,2698000,3329000,4085000,,,41
window_stage,present,139118,137000,151000,220000,,,41
window_stage,server,2808,1000,3000,129000,,,41
window_counter,uitree_find_id,,,,,443254,886.508000,41
window_counter,uitree_find_id_probes,,,,,880932,1761.864000,41
window_counter,uitree_id_rebuild,,,,,75,0.150000,41
window_counter,uitree_find_child,,,,,10196,20.392000,41
window_counter,uitree_find_child_hit,,,,,6726,13.452000,41
window_counter,uitree_find_child_ceil_miss,,,,,3345,6.690000,41
window_counter,uitree_walk_emit,,,,,1524502,3049.004000,41
window_counter,uitree_walk_hit,,,,,355000,710.000000,41
window_counter,uitree_walk_hover,,,,,52500,105.000000,41
window_counter,uitree_emit_skip,,,,,1334107,2668.214000,41
window_counter,uitree_layout_resolve,,,,,311,0.622000,41
window_counter,uitree_layout_skip,,,,,152,0.304000,41
window_counter,uitree_layout_nodes,,,,,1608921,3217.842000,41
window_counter,uitree_layout_node_skip,,,,,1547548,3095.096000,41
window_counter,uitree_layout_depth_recompute,,,,,151,0.302000,41
window_counter,uitree_ensure_layout,,,,,7704,15.408000,41
window_counter,uitree_cc_create,,,,,3171,6.342000,41
window_counter,uitree_cc_deleteall,,,,,254,0.508000,41
window_counter,uitree_cc_deleteall_rows,,,,,3137,6.274000,41
window_counter,uitree_apply_geo,,,,,57237,114.474000,41
window_counter,uitree_apply_content,,,,,58887,117.774000,41
window_counter,uitree_apply_hook,,,,,1805,3.610000,41
window_counter,uitree_apply_other,,,,,260076,520.152000,41
window_gauge,uitree_components,,,,,10119,10119.000000,41
window_gauge,uitree_capacity,,,,,16384,16384.000000,41
window_gauge,uitree_node_bytes,,,,,28442624,28442624.000000,41
window_counter,cs2_scripts,,,,,3211,6.422000,41
window_counter,cs2_opcodes,,,,,763967,1527.934000,41
window_counter,cs2_host_ops,,,,,106649,213.298000,41
window_counter,cs2_cycles,,,,,763967,1527.934000,41
window_counter,cs2_aborts,,,,,6,0.012000,41
window_counter,cs2_vm_acquire,,,,,3211,6.422000,41
window_counter,cs2_vm_pool_hit,,,,,3211,6.422000,41
window_counter,cs2_vm_init_ns,,,,,2464000,4928.000000,41
window_counter,cs2_frame_pool_hit,,,,,7516,15.032000,41
window_counter,cache_model_hit,,,,,564,1.128000,41
window_counter,cache_sprite_hit,,,,,374,0.748000,41
window_counter,painter_pops,,,,,2864345,5728.690000,41
window_counter,painter_gate_rejects,,,,,1245271,2490.542000,41
window_counter,painter_pushes,,,,,2864345,5728.690000,41
window_counter,painter_push_dedup,,,,,1204108,2408.216000,41
window_counter,painter_drain_events,,,,,2000,4.000000,41
window_gauge,painter_commands,,,,,3647,3647.000000,41
window_gauge,painter_tiles_remaining_set,,,,,2916,2916.000000,41
window_gauge,zone_map_count,,,,,75,75.000000,41
window_gauge,zone_map_capacity,,,,,256,256.000000,41
window_gauge,npc_slot_max,,,,,65,65.000000,41
window_counter,iface_open,,,,,3,0.006000,41
window_counter,iface_close,,,,,5,0.010000,41
window_counter,iface_bake_reuse,,,,,3,0.006000,41
window_counter,iface_mount_ns,,,,,302000,604.000000,41
window_counter,iface_close_ns,,,,,449000,898.000000,41
window_counter,uitree_anim_scan,,,,,286,0.572000,41
window_counter,uitree_anim_scan_nodes,,,,,2894034,5788.068000,41
window_counter,uitree_anim_model_nodes,,,,,858,1.716000,41
window_counter,uitree_hook_index_rebuild_nodes,,,,,1416660,2833.320000,41
window_stage,frame,4787690,4540000,5438000,86459000,,,42
window_stage,async,94842,2000,191000,18988000,,,42
window_stage,logic,556796,201000,904000,81473000,,,42
window_stage,cs2,371488,0,712000,81199000,,,42
window_stage,layout,70,0,1000,1000,,,42
window_stage,interact,20238,20000,27000,39000,,,42
window_stage,emit,249380,226000,455000,711000,,,42
window_stage,paint,453526,450000,484000,613000,,,42
window_stage,build,453658,450000,484000,613000,,,42
window_stage,render,2986414,2855000,3483000,3840000,,,42
window_stage,present,139142,136000,153000,225000,,,42
window_stage,server,3310,2000,3000,142000,,,42
window_counter,uitree_find_id,,,,,514736,1029.472000,42
window_counter,uitree_find_id_probes,,,,,2051486,4102.972000,42
window_counter,uitree_id_rebuild,,,,,138,0.276000,42
window_counter,uitree_find_child,,,,,14921,29.842000,42
window_counter,uitree_find_child_hit,,,,,12247,24.494000,42
window_counter,uitree_find_child_ceil_miss,,,,,2403,4.806000,42
window_counter,uitree_walk_emit,,,,,1849447,3698.894000,42
window_counter,uitree_walk_hit,,,,,355000,710.000000,42
window_counter,uitree_walk_hover,,,,,52500,105.000000,42
window_counter,uitree_emit_skip,,,,,1518002,3036.004000,42
window_counter,uitree_layout_resolve,,,,,338,0.676000,42
window_counter,uitree_layout_skip,,,,,157,0.314000,42
window_counter,uitree_layout_nodes,,,,,1831539,3663.078000,42
window_counter,uitree_layout_node_skip,,,,,1828958,3657.916000,42
window_counter,uitree_layout_depth_recompute,,,,,171,0.342000,42
window_counter,uitree_ensure_layout,,,,,8469,16.938000,42
window_counter,uitree_cc_create,,,,,2413,4.826000,42
window_counter,uitree_cc_deleteall,,,,,302,0.604000,42
window_counter,uitree_cc_deleteall_rows,,,,,2361,4.722000,42
window_counter,uitree_apply_geo,,,,,61316,122.632000,42
window_counter,uitree_apply_content,,,,,64220,128.440000,42
window_counter,uitree_apply_hook,,,,,13710,27.420000,42
window_counter,uitree_apply_other,,,,,263408,526.816000,42
window_gauge,uitree_components,,,,,10119,10119.000000,42
window_gauge,uitree_capacity,,,,,16384,16384.000000,42
window_gauge,uitree_node_bytes,,,,,28442624,28442624.000000,42
window_counter,cs2_scripts,,,,,3569,7.138000,42
window_counter,cs2_opcodes,,,,,1259563,2519.126000,42
window_counter,cs2_host_ops,,,,,182551,365.102000,42
window_counter,cs2_cycles,,,,,1259563,2519.126000,42
window_counter,cs2_aborts,,,,,9,0.018000,42
window_counter,cs2_vm_acquire,,,,,3569,7.138000,42
window_counter,cs2_vm_pool_hit,,,,,3569,7.138000,42
window_counter,cs2_vm_init_ns,,,,,2853000,5706.000000,42
window_counter,cs2_frame_pool_hit,,,,,8721,17.442000,42
window_counter,cache_model_hit,,,,,17930,35.860000,42
window_counter,cache_sprite_hit,,,,,698,1.396000,42
window_counter,painter_pops,,,,,2865727,5731.454000,42
window_counter,painter_gate_rejects,,,,,1246518,2493.036000,42
window_counter,painter_pushes,,,,,2865727,5731.454000,42
window_counter,painter_push_dedup,,,,,1203059,2406.118000,42
window_counter,painter_drain_events,,,,,2000,4.000000,42
window_gauge,painter_commands,,,,,3647,3647.000000,42
window_gauge,painter_tiles_remaining_set,,,,,2916,2916.000000,42
window_gauge,scene_elements,,,,,59775,59775.000000,42
window_gauge,scene_anim_list,,,,,309,309.000000,42
window_gauge,zone_map_count,,,,,75,75.000000,42
window_gauge,zone_map_capacity,,,,,256,256.000000,42
window_gauge,npc_slot_max,,,,,65,65.000000,42
window_gauge,cache_model_size,,,,,1169,1169.000000,42
window_gauge,cache_sprite_size,,,,,669,669.000000,42
window_counter,iface_open,,,,,3,0.006000,42
window_counter,iface_close,,,,,6,0.012000,42
window_counter,iface_bake_reuse,,,,,3,0.006000,42
window_counter,iface_mount_ns,,,,,207000,414.000000,42
window_counter,iface_close_ns,,,,,1521000,3042.000000,42
window_gauge,iface_groups_resident,,,,,33,33.000000,42
window_gauge,uitree_hidden,,,,,4384,4384.000000,42
window_gauge,uitree_unmounted,,,,,5,5.000000,42
window_gauge,uitree_hook_blocks,,,,,2872,2872.000000,42
window_gauge,uitree_hook_bytes,,,,,29294400,29294400.000000,42
window_gauge,host_inv_hooks,,,,,19,19.000000,42
window_gauge,host_var_hooks,,,,,163,163.000000,42
window_gauge,host_stat_hooks,,,,,65,65.000000,42
window_gauge,bridge_sprite_map,,,,,620,620.000000,42
window_gauge,bridge_model_map,,,,,1,1.000000,42
window_gauge,bridge_obj_icon_map,,,,,77,77.000000,42
window_gauge,cache_clientscript_size,,,,,654,654.000000,42
window_counter,uitree_anim_scan,,,,,304,0.608000,42
window_counter,uitree_anim_scan_nodes,,,,,3076176,6152.352000,42
window_counter,uitree_anim_model_nodes,,,,,912,1.824000,42
window_counter,uitree_hook_index_rebuild_nodes,,,,,1497612,2995.224000,42
window_stage,frame,4333898,4132000,4860000,32713000,,,43
window_stage,async,212358,2000,188000,27911000,,,43
window_stage,logic,396346,206000,917000,7774000,,,43
window_stage,cs2,209438,0,713000,7468000,,,43
window_stage,layout,72,0,1000,1000,,,43
window_stage,interact,20550,19000,29000,72000,,,43
window_stage,emit,174602,171000,272000,709000,,,43
window_stage,paint,456228,450000,506000,718000,,,43
window_stage,build,456342,450000,508000,718000,,,43
window_stage,render,2655688,2625000,2968000,4386000,,,43
window_stage,present,139848,137000,153000,270000,,,43
window_stage,server,2830,1000,4000,146000,,,43
window_counter,uitree_find_id,,,,,439543,879.086000,43
window_counter,uitree_find_id_probes,,,,,847973,1695.946000,43
window_counter,uitree_id_rebuild,,,,,75,0.150000,43
window_counter,uitree_find_child,,,,,10181,20.362000,43
window_counter,uitree_find_child_hit,,,,,6726,13.452000,43
window_counter,uitree_find_child_ceil_miss,,,,,3358,6.716000,43
window_counter,uitree_walk_emit,,,,,1517729,3035.458000,43
window_counter,uitree_walk_hit,,,,,355000,710.000000,43
window_counter,uitree_walk_hover,,,,,52500,105.000000,43
window_counter,uitree_emit_skip,,,,,1332756,2665.512000,43
window_counter,uitree_layout_resolve,,,,,302,0.604000,43
window_counter,uitree_layout_skip,,,,,149,0.298000,43
window_counter,uitree_layout_nodes,,,,,1548207,3096.414000,43
window_counter,uitree_layout_node_skip,,,,,1486840,2973.680000,43
window_counter,uitree_layout_depth_recompute,,,,,147,0.294000,43
window_counter,uitree_ensure_layout,,,,,7442,14.884000,43
window_counter,uitree_cc_create,,,,,3171,6.342000,43
window_counter,uitree_cc_deleteall,,,,,250,0.500000,43
window_counter,uitree_cc_deleteall_rows,,,,,3137,6.274000,43
window_counter,uitree_apply_geo,,,,,57222,114.444000,43
window_counter,uitree_apply_content,,,,,58744,117.488000,43
window_counter,uitree_apply_hook,,,,,1805,3.610000,43
window_counter,uitree_apply_other,,,,,259958,519.916000,43
window_gauge,uitree_components,,,,,10119,10119.000000,43
window_gauge,uitree_capacity,,,,,16384,16384.000000,43
window_gauge,uitree_node_bytes,,,,,28442624,28442624.000000,43
window_counter,cs2_scripts,,,,,3087,6.174000,43
window_counter,cs2_opcodes,,,,,750098,1500.196000,43
window_counter,cs2_host_ops,,,,,104248,208.496000,43
window_counter,cs2_cycles,,,,,750098,1500.196000,43
window_counter,cs2_aborts,,,,,4,0.008000,43
window_counter,cs2_vm_acquire,,,,,3087,6.174000,43
window_counter,cs2_vm_pool_hit,,,,,3087,6.174000,43
window_counter,cs2_vm_init_ns,,,,,2435000,4870.000000,43
window_counter,cs2_frame_pool_hit,,,,,6998,13.996000,43
window_counter,cache_model_hit,,,,,564,1.128000,43
window_counter,cache_sprite_hit,,,,,344,0.688000,43
window_counter,painter_pops,,,,,2867441,5734.882000,43
window_counter,painter_gate_rejects,,,,,1248102,2496.204000,43
window_counter,painter_pushes,,,,,2867441,5734.882000,43
window_counter,painter_push_dedup,,,,,1201832,2403.664000,43
window_counter,painter_drain_events,,,,,2000,4.000000,43
window_gauge,painter_commands,,,,,3647,3647.000000,43
window_gauge,painter_tiles_remaining_set,,,,,2916,2916.000000,43
window_gauge,scene_elements,,,,,59775,59775.000000,43
window_gauge,scene_anim_list,,,,,309,309.000000,43
window_gauge,zone_map_count,,,,,75,75.000000,43
window_gauge,zone_map_capacity,,,,,256,256.000000,43
window_gauge,npc_slot_max,,,,,65,65.000000,43
window_gauge,cache_model_size,,,,,1169,1169.000000,43
window_gauge,cache_sprite_size,,,,,669,669.000000,43
window_counter,iface_open,,,,,3,0.006000,43
window_counter,iface_close,,,,,3,0.006000,43
window_counter,iface_bake_reuse,,,,,3,0.006000,43
window_counter,iface_mount_ns,,,,,275000,550.000000,43
window_gauge,iface_groups_resident,,,,,33,33.000000,43
window_gauge,uitree_hidden,,,,,4384,4384.000000,43
window_gauge,uitree_unmounted,,,,,5,5.000000,43
window_gauge,uitree_hook_blocks,,,,,2872,2872.000000,43
window_gauge,uitree_hook_bytes,,,,,29294400,29294400.000000,43
window_gauge,host_inv_hooks,,,,,19,19.000000,43
window_gauge,host_var_hooks,,,,,163,163.000000,43
window_gauge,host_stat_hooks,,,,,65,65.000000,43
window_gauge,bridge_sprite_map,,,,,620,620.000000,43
window_gauge,bridge_model_map,,,,,1,1.000000,43
window_gauge,bridge_obj_icon_map,,,,,77,77.000000,43
window_gauge,cache_clientscript_size,,,,,654,654.000000,43
window_counter,uitree_anim_scan,,,,,280,0.560000,43
window_counter,uitree_anim_scan_nodes,,,,,2833320,5666.640000,43
window_counter,uitree_anim_model_nodes,,,,,840,1.680000,43
window_counter,uitree_hook_index_rebuild_nodes,,,,,1386303,2772.606000,43
window_stage,frame,4904360,4649000,5485000,84612000,,,44
window_stage,async,92556,3000,196000,18982000,,,44
window_stage,logic,550998,202000,906000,79614000,,,44
window_stage,cs2,364670,0,720000,79340000,,,44
window_stage,layout,76,0,1000,1000,,,44
window_stage,interact,20982,20000,28000,79000,,,44
window_stage,emit,257654,234000,462000,694000,,,44
window_stage,paint,463452,456000,499000,1236000,,,44
window_stage,build,463586,456000,499000,1236000,,,44
window_stage,render,3082962,2936000,3506000,7318000,,,44
window_stage,present,139626,137000,152000,234000,,,44
window_stage,server,3138,1000,4000,149000,,,44
window_counter,uitree_find_id,,,,,509451,1018.902000,44
window_counter,uitree_find_id_probes,,,,,1734032,3468.064000,44
window_counter,uitree_id_rebuild,,,,,138,0.276000,44
window_counter,uitree_find_child,,,,,14730,29.460000,44
window_counter,uitree_find_child_hit,,,,,12179,24.358000,44
window_counter,uitree_find_child_ceil_miss,,,,,2364,4.728000,44
window_counter,uitree_walk_emit,,,,,1859566,3719.132000,44
window_counter,uitree_walk_hit,,,,,355000,710.000000,44
window_counter,uitree_walk_hover,,,,,52500,105.000000,44
window_counter,uitree_emit_skip,,,,,1525117,3050.234000,44
window_counter,uitree_layout_resolve,,,,,339,0.678000,44
window_counter,uitree_layout_skip,,,,,159,0.318000,44
window_counter,uitree_layout_nodes,,,,,1821420,3642.840000,44
window_counter,uitree_layout_node_skip,,,,,1808779,3617.558000,44
window_counter,uitree_layout_depth_recompute,,,,,175,0.350000,44
window_counter,uitree_ensure_layout,,,,,8305,16.610000,44
window_counter,uitree_cc_create,,,,,2413,4.826000,44
window_counter,uitree_cc_deleteall,,,,,307,0.614000,44
window_counter,uitree_cc_deleteall_rows,,,,,2361,4.722000,44
window_counter,uitree_apply_geo,,,,,61022,122.044000,44
window_counter,uitree_apply_content,,,,,64138,128.276000,44
window_counter,uitree_apply_hook,,,,,13295,26.590000,44
window_counter,uitree_apply_other,,,,,262884,525.768000,44
window_gauge,uitree_components,,,,,10119,10119.000000,44
window_gauge,uitree_capacity,,,,,16384,16384.000000,44
window_gauge,uitree_node_bytes,,,,,28442624,28442624.000000,44
window_counter,cs2_scripts,,,,,3560,7.120000,44
window_counter,cs2_opcodes,,,,,1165706,2331.412000,44
window_counter,cs2_host_ops,,,,,169435,338.870000,44
window_counter,cs2_cycles,,,,,1165706,2331.412000,44
window_counter,cs2_aborts,,,,,3,0.006000,44
window_counter,cs2_vm_acquire,,,,,3560,7.120000,44
window_counter,cs2_vm_pool_hit,,,,,3560,7.120000,44
window_counter,cs2_vm_init_ns,,,,,2835000,5670.000000,44
window_counter,cs2_frame_pool_hit,,,,,7740,15.480000,44
window_counter,cache_model_hit,,,,,17846,35.692000,44
window_counter,cache_sprite_hit,,,,,605,1.210000,44
window_counter,painter_pops,,,,,2864698,5729.396000,44
window_counter,painter_gate_rejects,,,,,1246216,2492.432000,44
window_counter,painter_pushes,,,,,2864698,5729.396000,44
window_counter,painter_push_dedup,,,,,1202798,2405.596000,44
window_counter,painter_drain_events,,,,,2000,4.000000,44
window_gauge,painter_commands,,,,,3646,3646.000000,44
window_gauge,painter_tiles_remaining_set,,,,,2916,2916.000000,44
window_gauge,zone_map_count,,,,,75,75.000000,44
window_gauge,zone_map_capacity,,,,,256,256.000000,44
window_gauge,npc_slot_max,,,,,65,65.000000,44
window_counter,iface_open,,,,,3,0.006000,44
window_counter,iface_close,,,,,1,0.002000,44
window_counter,iface_bake_reuse,,,,,3,0.006000,44
window_counter,iface_mount_ns,,,,,219000,438.000000,44
window_counter,uitree_anim_scan,,,,,308,0.616000,44
window_counter,uitree_anim_scan_nodes,,,,,3116652,6233.304000,44
window_counter,uitree_anim_model_nodes,,,,,924,1.848000,44
window_counter,uitree_hook_index_rebuild_nodes,,,,,1517850,3035.700000,44
window_stage,frame,4288248,4090000,4871000,32170000,,,45
window_stage,async,211328,2000,181000,27454000,,,45
window_stage,logic,396298,194000,898000,7724000,,,45
window_stage,cs2,212982,0,705000,7459000,,,45
window_stage,layout,82,0,1000,1000,,,45
window_stage,interact,19958,19000,27000,54000,,,45
window_stage,emit,168028,162000,265000,372000,,,45
window_stage,paint,454482,451000,491000,586000,,,45
window_stage,build,454580,451000,491000,586000,,,45
window_stage,render,2624418,2585000,2975000,3466000,,,45
window_stage,present,139772,137000,154000,236000,,,45
window_stage,server,2476,1000,3000,137000,,,45
window_counter,uitree_find_id,,,,,442979,885.958000,45
window_counter,uitree_find_id_probes,,,,,874967,1749.934000,45
window_counter,uitree_id_rebuild,,,,,75,0.150000,45
window_counter,uitree_find_child,,,,,10232,20.464000,45
window_counter,uitree_find_child_hit,,,,,6734,13.468000,45
window_counter,uitree_find_child_ceil_miss,,,,,3345,6.690000,45
window_counter,uitree_walk_emit,,,,,1515588,3031.176000,45
window_counter,uitree_walk_hit,,,,,355000,710.000000,45
window_counter,uitree_walk_hover,,,,,52500,105.000000,45
window_counter,uitree_emit_skip,,,,,1333187,2666.374000,45
window_counter,uitree_layout_resolve,,,,,303,0.606000,45
window_counter,uitree_layout_skip,,,,,148,0.296000,45
window_counter,uitree_layout_nodes,,,,,1568445,3136.890000,45
window_counter,uitree_layout_node_skip,,,,,1507084,3014.168000,45
window_counter,uitree_layout_depth_recompute,,,,,145,0.290000,45
window_counter,uitree_ensure_layout,,,,,7530,15.060000,45
window_counter,uitree_cc_create,,,,,3171,6.342000,45
window_counter,uitree_cc_deleteall,,,,,248,0.496000,45
window_counter,uitree_cc_deleteall_rows,,,,,3137,6.274000,45
window_counter,uitree_apply_geo,,,,,57311,114.622000,45
window_counter,uitree_apply_content,,,,,58833,117.666000,45
window_counter,uitree_apply_hook,,,,,1993,3.986000,45
window_counter,uitree_apply_other,,,,,260295,520.590000,45
window_gauge,uitree_components,,,,,10119,10119.000000,45
window_gauge,uitree_capacity,,,,,16384,16384.000000,45
window_gauge,uitree_node_bytes,,,,,28442624,28442624.000000,45
window_counter,cs2_scripts,,,,,3128,6.256000,45
window_counter,cs2_opcodes,,,,,791049,1582.098000,45
window_counter,cs2_host_ops,,,,,110905,221.810000,45
window_counter,cs2_cycles,,,,,791049,1582.098000,45
window_counter,cs2_aborts,,,,,8,0.016000,45
window_counter,cs2_vm_acquire,,,,,3128,6.256000,45
window_counter,cs2_vm_pool_hit,,,,,3128,6.256000,45
window_counter,cs2_vm_init_ns,,,,,2446000,4892.000000,45
window_counter,cs2_frame_pool_hit,,,,,7646,15.292000,45
window_counter,cache_model_hit,,,,,648,1.296000,45
window_counter,cache_sprite_hit,,,,,407,0.814000,45
window_counter,painter_pops,,,,,2861000,5722.000000,45
window_counter,painter_gate_rejects,,,,,1243500,2487.000000,45
window_counter,painter_pushes,,,,,2861000,5722.000000,45
window_counter,painter_push_dedup,,,,,1204500,2409.000000,45
window_counter,painter_drain_events,,,,,2000,4.000000,45
window_gauge,painter_commands,,,,,3646,3646.000000,45
window_gauge,painter_tiles_remaining_set,,,,,2916,2916.000000,45
window_gauge,scene_elements,,,,,59775,59775.000000,45
window_gauge,scene_anim_list,,,,,309,309.000000,45
window_gauge,zone_map_count,,,,,75,75.000000,45
window_gauge,zone_map_capacity,,,,,256,256.000000,45
window_gauge,npc_slot_max,,,,,65,65.000000,45
window_gauge,cache_model_size,,,,,1169,1169.000000,45
window_gauge,cache_sprite_size,,,,,669,669.000000,45
window_counter,iface_open,,,,,3,0.006000,45
window_counter,iface_close,,,,,7,0.014000,45
window_counter,iface_bake_reuse,,,,,3,0.006000,45
window_counter,iface_mount_ns,,,,,308000,616.000000,45
window_counter,iface_close_ns,,,,,678000,1356.000000,45
window_gauge,iface_groups_resident,,,,,33,33.000000,45
window_gauge,uitree_hidden,,,,,4384,4384.000000,45
window_gauge,uitree_unmounted,,,,,5,5.000000,45
window_gauge,uitree_hook_blocks,,,,,2872,2872.000000,45
window_gauge,uitree_hook_bytes,,,,,29294400,29294400.000000,45
window_gauge,host_inv_hooks,,,,,19,19.000000,45
window_gauge,host_var_hooks,,,,,163,163.000000,45
window_gauge,host_stat_hooks,,,,,65,65.000000,45
window_gauge,bridge_sprite_map,,,,,620,620.000000,45
window_gauge,bridge_model_map,,,,,1,1.000000,45
window_gauge,bridge_obj_icon_map,,,,,77,77.000000,45
window_gauge,cache_clientscript_size,,,,,654,654.000000,45
window_counter,uitree_anim_scan,,,,,278,0.556000,45
window_counter,uitree_anim_scan_nodes,,,,,2813082,5626.164000,45
window_counter,uitree_anim_model_nodes,,,,,834,1.668000,45
window_counter,uitree_hook_index_rebuild_nodes,,,,,1376184,2752.368000,45
window_stage,frame,4643148,4433000,5165000,86023000,,,46
window_stage,async,94534,2000,199000,18747000,,,46
window_stage,logic,550862,202000,914000,80932000,,,46
window_stage,cs2,363592,0,724000,80650000,,,46
window_stage,layout,72,0,1000,8000,,,46
window_stage,interact,20300,19000,27000,74000,,,46
window_stage,emit,219056,211000,332000,537000,,,46
window_stage,paint,453238,450000,494000,570000,,,46
window_stage,build,453332,450000,494000,570000,,,46
window_stage,render,2883966,2808000,3365000,3912000,,,46
window_stage,present,138750,136000,152000,178000,,,46
window_stage,server,3150,1000,4000,133000,,,46
window_counter,uitree_find_id,,,,,513158,1026.316000,46
window_counter,uitree_find_id_probes,,,,,1811522,3623.044000,46
window_counter,uitree_id_rebuild,,,,,138,0.276000,46
window_counter,uitree_find_child,,,,,14893,29.786000,46
window_counter,uitree_find_child_hit,,,,,12247,24.494000,46
window_counter,uitree_find_child_ceil_miss,,,,,2403,4.806000,46
window_counter,uitree_walk_emit,,,,,1704847,3409.694000,46
window_counter,uitree_walk_hit,,,,,355000,710.000000,46
window_counter,uitree_walk_hover,,,,,52500,105.000000,46
window_counter,uitree_emit_skip,,,,,1383194,2766.388000,46
window_counter,uitree_layout_resolve,,,,,328,0.656000,46
window_counter,uitree_layout_skip,,,,,152,0.304000,46
window_counter,uitree_layout_nodes,,,,,1780944,3561.888000,46
window_counter,uitree_layout_node_skip,,,,,1778367,3556.734000,46
window_counter,uitree_layout_depth_recompute,,,,,168,0.336000,46
window_counter,uitree_ensure_layout,,,,,8174,16.348000,46
window_counter,uitree_cc_create,,,,,2413,4.826000,46
window_counter,uitree_cc_deleteall,,,,,299,0.598000,46
window_counter,uitree_cc_deleteall_rows,,,,,2361,4.722000,46
window_counter,uitree_apply_geo,,,,,61266,122.532000,46
window_counter,uitree_apply_content,,,,,64112,128.224000,46
window_counter,uitree_apply_hook,,,,,13681,27.362000,46
window_counter,uitree_apply_other,,,,,263310,526.620000,46
window_gauge,uitree_components,,,,,10119,10119.000000,46
window_gauge,uitree_capacity,,,,,16384,16384.000000,46
window_gauge,uitree_node_bytes,,,,,28442624,28442624.000000,46
window_counter,cs2_scripts,,,,,3404,6.808000,46
window_counter,cs2_opcodes,,,,,1241531,2483.062000,46
window_counter,cs2_host_ops,,,,,179675,359.350000,46
window_counter,cs2_cycles,,,,,1241531,2483.062000,46
window_counter,cs2_aborts,,,,,7,0.014000,46
window_counter,cs2_vm_acquire,,,,,3404,6.808000,46
window_counter,cs2_vm_pool_hit,,,,,3404,6.808000,46
window_counter,cs2_vm_init_ns,,,,,2827000,5654.000000,46
window_counter,cs2_frame_pool_hit,,,,,8132,16.264000,46
window_counter,cache_model_hit,,,,,17934,35.868000,46
window_counter,cache_sprite_hit,,,,,668,1.336000,46
window_counter,painter_pops,,,,,2861000,5722.000000,46
window_counter,painter_gate_rejects,,,,,1243500,2487.000000,46
window_counter,painter_pushes,,,,,2861000,5722.000000,46
window_counter,painter_push_dedup,,,,,1204500,2409.000000,46
window_counter,painter_drain_events,,,,,2000,4.000000,46
window_gauge,painter_commands,,,,,3646,3646.000000,46
window_gauge,painter_tiles_remaining_set,,,,,2916,2916.000000,46
window_gauge,zone_map_count,,,,,75,75.000000,46
window_gauge,zone_map_capacity,,,,,256,256.000000,46
window_gauge,npc_slot_max,,,,,65,65.000000,46
window_counter,iface_open,,,,,3,0.006000,46
window_counter,iface_close,,,,,4,0.008000,46
window_counter,iface_bake_reuse,,,,,3,0.006000,46
window_counter,iface_mount_ns,,,,,218000,436.000000,46
window_counter,iface_close_ns,,,,,1029000,2058.000000,46
window_counter,uitree_anim_scan,,,,,294,0.588000,46
window_counter,uitree_anim_scan_nodes,,,,,2974986,5949.972000,46
window_counter,uitree_anim_model_nodes,,,,,882,1.764000,46
window_counter,uitree_hook_index_rebuild_nodes,,,,,1447017,2894.034000,46
window_stage,frame,4342490,4108000,5102000,32171000,,,47
window_stage,async,210872,2000,190000,27159000,,,47
window_stage,logic,394802,195000,899000,7954000,,,47
window_stage,cs2,213632,0,712000,7702000,,,47
window_stage,layout,92,0,1000,1000,,,47
window_stage,interact,19070,19000,26000,40000,,,47
window_stage,emit,165906,161000,258000,354000,,,47
window_stage,paint,450402,447000,490000,612000,,,47
window_stage,build,450518,447000,490000,612000,,,47
window_stage,render,2692748,2551000,3294000,3473000,,,47
window_stage,present,138666,136000,151000,267000,,,47
window_stage,server,2884,1000,3000,140000,,,47
window_counter,uitree_find_id,,,,,440562,881.124000,47
window_counter,uitree_find_id_probes,,,,,825978,1651.956000,47
window_counter,uitree_id_rebuild,,,,,75,0.150000,47
window_counter,uitree_find_child,,,,,10229,20.458000,47
window_counter,uitree_find_child_hit,,,,,6746,13.492000,47
window_counter,uitree_find_child_ceil_miss,,,,,3358,6.716000,47
window_counter,uitree_walk_emit,,,,,1528171,3056.342000,47
window_counter,uitree_walk_hit,,,,,355000,710.000000,47
window_counter,uitree_walk_hover,,,,,52500,105.000000,47
window_counter,uitree_emit_skip,,,,,1336879,2673.758000,47
window_counter,uitree_layout_resolve,,,,,304,0.608000,47
window_counter,uitree_layout_skip,,,,,149,0.298000,47
window_counter,uitree_layout_nodes,,,,,1568445,3136.890000,47
window_counter,uitree_layout_node_skip,,,,,1507058,3014.116000,47
window_counter,uitree_layout_depth_recompute,,,,,147,0.294000,47
window_counter,uitree_ensure_layout,,,,,7542,15.084000,47
window_counter,uitree_cc_create,,,,,3171,6.342000,47
window_counter,uitree_cc_deleteall,,,,,250,0.500000,47
window_counter,uitree_cc_deleteall_rows,,,,,3137,6.274000,47
window_counter,uitree_apply_geo,,,,,57277,114.554000,47
window_counter,uitree_apply_content,,,,,58807,117.614000,47
window_counter,uitree_apply_hook,,,,,1831,3.662000,47
window_counter,uitree_apply_other,,,,,260076,520.152000,47
window_gauge,uitree_components,,,,,10119,10119.000000,47
window_gauge,uitree_capacity,,,,,16384,16384.000000,47
window_gauge,uitree_node_bytes,,,,,28442624,28442624.000000,47
window_counter,cs2_scripts,,,,,3127,6.254000,47
window_counter,cs2_opcodes,,,,,764316,1528.632000,47
window_counter,cs2_host_ops,,,,,106370,212.740000,47
window_counter,cs2_cycles,,,,,764316,1528.632000,47
window_counter,cs2_aborts,,,,,6,0.012000,47
window_counter,cs2_vm_acquire,,,,,3127,6.254000,47
window_counter,cs2_vm_pool_hit,,,,,3127,6.254000,47
window_counter,cs2_vm_init_ns,,,,,2561000,5122.000000,47
window_counter,cs2_frame_pool_hit,,,,,7370,14.740000,47
window_counter,cache_model_hit,,,,,564,1.128000,47
window_counter,cache_sprite_hit,,,,,374,0.748000,47
window_counter,painter_pops,,,,,2861000,5722.000000,47
window_counter,painter_gate_rejects,,,,,1243500,2487.000000,47
window_counter,painter_pushes,,,,,2861000,5722.000000,47
window_counter,painter_push_dedup,,,,,1204500,2409.000000,47
window_counter,painter_drain_events,,,,,2000,4.000000,47
window_gauge,painter_commands,,,,,3646,3646.000000,47
window_gauge,painter_tiles_remaining_set,,,,,2916,2916.000000,47
window_gauge,zone_map_count,,,,,75,75.000000,47
window_gauge,zone_map_capacity,,,,,256,256.000000,47
window_gauge,npc_slot_max,,,,,65,65.000000,47
window_counter,iface_open,,,,,3,0.006000,47
window_counter,iface_close,,,,,5,0.010000,47
window_counter,iface_bake_reuse,,,,,3,0.006000,47
window_counter,iface_mount_ns,,,,,306000,612.000000,47
window_counter,iface_close_ns,,,,,417000,834.000000,47
window_counter,uitree_anim_scan,,,,,280,0.560000,47
window_counter,uitree_anim_scan_nodes,,,,,2833320,5666.640000,47
window_counter,uitree_anim_model_nodes,,,,,840,1.680000,47
window_counter,uitree_hook_index_rebuild_nodes,,,,,1386303,2772.606000,47
window_stage,frame,4719652,4464000,5488000,85491000,,,48
window_stage,async,93616,3000,194000,18770000,,,48
window_stage,logic,552916,207000,917000,80491000,,,48
window_stage,cs2,366624,0,723000,80219000,,,48
window_stage,layout,64,0,1000,1000,,,48
window_stage,interact,20288,20000,26000,67000,,,48
window_stage,emit,241618,221000,444000,684000,,,48
window_stage,paint,452910,449000,488000,721000,,,48
window_stage,build,453026,449000,488000,721000,,,48
window_stage,render,2934888,2811000,3497000,4376000,,,48
window_stage,present,138320,136000,150000,208000,,,48
window_stage,server,3330,1000,4000,138000,,,48
window_counter,uitree_find_id,,,,,512876,1025.752000,48
window_counter,uitree_find_id_probes,,,,,1738249,3476.498000,48
window_counter,uitree_id_rebuild,,,,,138,0.276000,48
window_counter,uitree_find_child,,,,,14761,29.522000,48
window_counter,uitree_find_child_hit,,,,,12167,24.334000,48
window_counter,uitree_find_child_ceil_miss,,,,,2351,4.702000,48
window_counter,uitree_walk_emit,,,,,1814651,3629.302000,48
window_counter,uitree_walk_hit,,,,,355000,710.000000,48
window_counter,uitree_walk_hover,,,,,52500,105.000000,48
window_counter,uitree_emit_skip,,,,,1486628,2973.256000,48
window_counter,uitree_layout_resolve,,,,,334,0.668000,48
window_counter,uitree_layout_skip,,,,,155,0.310000,48
window_counter,uitree_layout_nodes,,,,,1811301,3622.602000,48
window_counter,uitree_layout_node_skip,,,,,1798670,3597.340000,48
window_counter,uitree_layout_depth_recompute,,,,,170,0.340000,48
window_counter,uitree_ensure_layout,,,,,8240,16.480000,48
window_counter,uitree_cc_create,,,,,2413,4.826000,48
window_counter,uitree_cc_deleteall,,,,,301,0.602000,48
window_counter,uitree_cc_deleteall_rows,,,,,2361,4.722000,48
window_counter,uitree_apply_geo,,,,,61106,122.212000,48
window_counter,uitree_apply_content,,,,,64152,128.304000,48
window_counter,uitree_apply_hook,,,,,13563,27.126000,48
window_counter,uitree_apply_other,,,,,263310,526.620000,48
window_gauge,uitree_components,,,,,10119,10119.000000,48
window_gauge,uitree_capacity,,,,,16384,16384.000000,48
window_gauge,uitree_node_bytes,,,,,28442624,28442624.000000,48
window_counter,cs2_scripts,,,,,3494,6.988000,48
window_counter,cs2_opcodes,,,,,1219023,2438.046000,48
window_counter,cs2_host_ops,,,,,177797,355.594000,48
window_counter,cs2_cycles,,,,,1219023,2438.046000,48
window_counter,cs2_aborts,,,,,7,0.014000,48
window_counter,cs2_vm_acquire,,,,,3494,6.988000,48
window_counter,cs2_vm_pool_hit,,,,,3494,6.988000,48
window_counter,cs2_vm_init_ns,,,,,2842000,5684.000000,48
window_counter,cs2_frame_pool_hit,,,,,8208,16.416000,48
window_counter,cache_model_hit,,,,,17930,35.860000,48
window_counter,cache_sprite_hit,,,,,668,1.336000,48
window_counter,painter_pops,,,,,2861273,5722.546000,48
window_counter,painter_gate_rejects,,,,,1243734,2487.468000,48
window_counter,painter_pushes,,,,,2861273,5722.546000,48
window_counter,painter_push_dedup,,,,,1204305,2408.610000,48
window_counter,painter_drain_events,,,,,2000,4.000000,48
window_gauge,painter_commands,,,,,3646,3646.000000,48
window_gauge,painter_tiles_remaining_set,,,,,2916,2916.000000,48
window_gauge,zone_map_count,,,,,76,76.000000,48
window_gauge,zone_map_capacity,,,,,256,256.000000,48
window_gauge,npc_slot_max,,,,,65,65.000000,48
window_counter,iface_open,,,,,3,0.006000,48
window_counter,iface_close,,,,,4,0.008000,48
window_counter,iface_bake_reuse,,,,,3,0.006000,48
window_counter,iface_mount_ns,,,,,227000,454.000000,48
window_counter,iface_close_ns,,,,,927000,1854.000000,48
window_counter,uitree_anim_scan,,,,,300,0.600000,48
window_counter,uitree_anim_scan_nodes,,,,,3035700,6071.400000,48
window_counter,uitree_anim_model_nodes,,,,,900,1.800000,48
window_counter,uitree_hook_index_rebuild_nodes,,,,,1477374,2954.748000,48
window_stage,frame,4487178,4370000,5226000,32905000,,,49
window_stage,async,154604,2000,182000,26861000,,,49
window_stage,logic,389724,205000,899000,4729000,,,49
window_stage,cs2,202264,0,707000,4499000,,,49
window_stage,layout,84,0,1000,1000,,,49
window_stage,interact,20546,20000,29000,66000,,,49
window_stage,emit,182642,173000,306000,409000,,,49
window_stage,paint,455328,452000,494000,627000,,,49
window_stage,build,455498,452000,494000,627000,,,49
window_stage,render,2861612,2826000,3393000,4249000,,,49
window_stage,present,138972,136000,152000,259000,,,49
window_stage,server,2724,1000,3000,134000,,,49
window_counter,uitree_find_id,,,,,415700,831.400000,49
window_counter,uitree_find_id_probes,,,,,738532,1477.064000,49
window_counter,uitree_id_rebuild,,,,,43,0.086000,49
window_counter,uitree_find_child,,,,,6570,13.140000,49
window_counter,uitree_find_child_hit,,,,,4461,8.922000,49
window_counter,uitree_find_child_ceil_miss,,,,,2018,4.036000,49
window_counter,uitree_walk_emit,,,,,1549508,3099.016000,49
window_counter,uitree_walk_hit,,,,,355000,710.000000,49
window_counter,uitree_walk_hover,,,,,52500,105.000000,49
window_counter,uitree_emit_skip,,,,,1339659,2679.318000,49
window_counter,uitree_layout_resolve,,,,,304,0.608000,49
window_counter,uitree_layout_skip,,,,,151,0.302000,49
window_counter,uitree_layout_nodes,,,,,1548207,3096.414000,49
window_counter,uitree_layout_node_skip,,,,,1507480,3014.960000,49
window_counter,uitree_layout_depth_recompute,,,,,147,0.294000,49
window_counter,uitree_ensure_layout,,,,,7470,14.940000,49
window_counter,uitree_cc_create,,,,,1868,3.736000,49
window_counter,uitree_cc_deleteall,,,,,228,0.456000,49
window_counter,uitree_cc_deleteall_rows,,,,,1852,3.704000,49
window_counter,uitree_apply_geo,,,,,54747,109.494000,49
window_counter,uitree_apply_content,,,,,56399,112.798000,49
window_counter,uitree_apply_hook,,,,,1107,2.214000,49
window_counter,uitree_apply_other,,,,,256717,513.434000,49
window_gauge,uitree_components,,,,,10119,10119.000000,49
window_gauge,uitree_capacity,,,,,16384,16384.000000,49
window_gauge,uitree_node_bytes,,,,,28442624,28442624.000000,49
window_counter,cs2_scripts,,,,,3130,6.260000,49
window_counter,cs2_opcodes,,,,,585996,1171.992000,49
window_counter,cs2_host_ops,,,,,81394,162.788000,49
window_counter,cs2_cycles,,,,,585996,1171.992000,49
window_counter,cs2_aborts,,,,,5,0.010000,49
window_counter,cs2_vm_acquire,,,,,3130,6.260000,49
window_counter,cs2_vm_pool_hit,,,,,3130,6.260000,49
window_counter,cs2_vm_init_ns,,,,,2424000,4848.000000,49
window_counter,cs2_frame_pool_hit,,,,,7120,14.240000,49
window_counter,cache_model_hit,,,,,348,0.696000,49
window_counter,cache_sprite_hit,,,,,157,0.314000,49
window_counter,painter_pops,,,,,2864628,5729.256000,49
window_counter,painter_gate_rejects,,,,,1246399,2492.798000,49
window_counter,painter_pushes,,,,,2864628,5729.256000,49
window_counter,painter_push_dedup,,,,,1202463,2404.926000,49
window_counter,painter_drain_events,,,,,2000,4.000000,49
window_gauge,painter_commands,,,,,3646,3646.000000,49
window_gauge,painter_tiles_remaining_set,,,,,2916,2916.000000,49
window_gauge,scene_elements,,,,,59775,59775.000000,49
window_gauge,scene_anim_list,,,,,309,309.000000,49
window_gauge,zone_map_count,,,,,76,76.000000,49
window_gauge,zone_map_capacity,,,,,256,256.000000,49
window_gauge,npc_slot_max,,,,,65,65.000000,49
window_gauge,cache_model_size,,,,,1169,1169.000000,49
window_gauge,cache_sprite_size,,,,,669,669.000000,49
window_counter,iface_open,,,,,2,0.004000,49
window_counter,iface_close,,,,,4,0.008000,49
window_counter,iface_bake_reuse,,,,,2,0.004000,49
window_counter,iface_mount_ns,,,,,181000,362.000000,49
window_counter,iface_close_ns,,,,,447000,894.000000,49
window_gauge,iface_groups_resident,,,,,33,33.000000,49
window_gauge,uitree_hidden,,,,,4384,4384.000000,49
window_gauge,uitree_unmounted,,,,,5,5.000000,49
window_gauge,uitree_hook_blocks,,,,,2872,2872.000000,49
window_gauge,uitree_hook_bytes,,,,,29294400,29294400.000000,49
window_gauge,host_inv_hooks,,,,,19,19.000000,49
window_gauge,host_var_hooks,,,,,164,164.000000,49
window_gauge,host_stat_hooks,,,,,65,65.000000,49
window_gauge,bridge_sprite_map,,,,,620,620.000000,49
window_gauge,bridge_model_map,,,,,1,1.000000,49
window_gauge,bridge_obj_icon_map,,,,,77,77.000000,49
window_gauge,cache_clientscript_size,,,,,654,654.000000,49
window_counter,uitree_anim_scan,,,,,288,0.576000,49
window_counter,uitree_anim_scan_nodes,,,,,2914272,5828.544000,49
window_counter,uitree_anim_model_nodes,,,,,864,1.728000,49
window_counter,uitree_hook_index_rebuild_nodes,,,,,1436898,2873.796000,49
window_stage,frame,4783908,4468000,5428000,85748000,,,50
window_stage,async,144034,3000,199000,27211000,,,50
window_stage,logic,551614,205000,904000,80917000,,,50
window_stage,cs2,366992,0,716000,80650000,,,50
window_stage,layout,68,0,1000,1000,,,50
window_stage,interact,19844,19000,27000,41000,,,50
window_stage,emit,241862,216000,451000,794000,,,50
window_stage,paint,456908,451000,490000,923000,,,50
window_stage,build,457020,452000,490000,924000,,,50
window_stage,render,2946126,2816000,3488000,5079000,,,50
window_stage,present,139340,136000,154000,250000,,,50
window_stage,server,2840,1000,3000,138000,,,50
window_counter,uitree_find_id,,,,,529964,1059.928000,50
window_counter,uitree_find_id_probes,,,,,1800326,3600.652000,50
window_counter,uitree_id_rebuild,,,,,153,0.306000,50
window_counter,uitree_find_child,,,,,18258,36.516000,50
window_counter,uitree_find_child_hit,,,,,14393,28.786000,50
window_counter,uitree_find_child_ceil_miss,,,,,3658,7.316000,50
window_counter,uitree_walk_emit,,,,,1835995,3671.990000,50
window_counter,uitree_walk_hit,,,,,355000,710.000000,50
window_counter,uitree_walk_hover,,,,,52500,105.000000,50
window_counter,uitree_emit_skip,,,,,1511060,3022.120000,50
window_counter,uitree_layout_resolve,,,,,332,0.664000,50
window_counter,uitree_layout_skip,,,,,155,0.310000,50
window_counter,uitree_layout_nodes,,,,,1791063,3582.126000,50
window_counter,uitree_layout_node_skip,,,,,1767937,3535.874000,50
window_counter,uitree_layout_depth_recompute,,,,,173,0.346000,50
window_counter,uitree_ensure_layout,,,,,8349,16.698000,50
window_counter,uitree_cc_create,,,,,3630,7.260000,50
window_counter,uitree_cc_deleteall,,,,,304,0.608000,50
window_counter,uitree_cc_deleteall_rows,,,,,3561,7.122000,50
window_counter,uitree_apply_geo,,,,,63426,126.852000,50
window_counter,uitree_apply_content,,,,,66224,132.448000,50
window_counter,uitree_apply_hook,,,,,13948,27.896000,50
window_counter,uitree_apply_other,,,,,266020,532.040000,50
window_gauge,uitree_components,,,,,10119,10119.000000,50
window_gauge,uitree_capacity,,,,,16384,16384.000000,50
window_gauge,uitree_node_bytes,,,,,28442624,28442624.000000,50
window_counter,cs2_scripts,,,,,3464,6.928000,50
window_counter,cs2_opcodes,,,,,1333865,2667.730000,50
window_counter,cs2_host_ops,,,,,192112,384.224000,50
window_counter,cs2_cycles,,,,,1333865,2667.730000,50
window_counter,cs2_aborts,,,,,3,0.006000,50
window_counter,cs2_vm_acquire,,,,,3464,6.928000,50
window_counter,cs2_vm_pool_hit,,,,,3464,6.928000,50
window_counter,cs2_vm_init_ns,,,,,2865000,5730.000000,50
window_counter,cs2_frame_pool_hit,,,,,7693,15.386000,50
window_counter,cache_model_hit,,,,,17887,35.774000,50
window_counter,cache_sprite_hit,,,,,731,1.462000,50
window_counter,painter_pops,,,,,2864507,5729.014000,50
window_counter,painter_gate_rejects,,,,,1246051,2492.102000,50
window_counter,painter_pushes,,,,,2864507,5729.014000,50
window_counter,painter_push_dedup,,,,,1203058,2406.116000,50
window_counter,painter_drain_events,,,,,2000,4.000000,50
window_gauge,painter_commands,,,,,3646,3646.000000,50
window_gauge,painter_tiles_remaining_set,,,,,2916,2916.000000,50
window_gauge,zone_map_count,,,,,77,77.000000,50
window_gauge,zone_map_capacity,,,,,256,256.000000,50
window_gauge,npc_slot_max,,,,,65,65.000000,50
window_counter,iface_open,,,,,3,0.006000,50
window_counter,iface_close,,,,,1,0.002000,50
window_counter,iface_bake_reuse,,,,,3,0.006000,50
window_counter,iface_mount_ns,,,,,194000,388.000000,50
window_counter,uitree_anim_scan,,,,,302,0.604000,50
window_counter,uitree_anim_scan_nodes,,,,,3055938,6111.876000,50
window_counter,uitree_anim_model_nodes,,,,,906,1.812000,50
window_counter,uitree_hook_index_rebuild_nodes,,,,,1477374,2954.748000,50
window_stage,frame,4285900,4127000,5017000,33587000,,,51
window_stage,async,163918,2000,195000,28844000,,,51
window_stage,logic,387048,192000,896000,5429000,,,51
window_stage,cs2,207292,0,707000,5155000,,,51
window_stage,layout,64,0,1000,2000,,,51
window_stage,interact,19256,19000,27000,35000,,,51
window_stage,emit,171600,164000,269000,548000,,,51
window_stage,paint,450042,446000,487000,574000,,,51
window_stage,build,450158,446000,487000,574000,,,51
window_stage,render,2685512,2591000,3285000,3517000,,,51
window_stage,present,137916,135000,150000,176000,,,51
window_stage,server,2678,1000,3000,149000,,,51
window_counter,uitree_find_id,,,,,422441,844.882000,51
window_counter,uitree_find_id_probes,,,,,792005,1584.010000,51
window_counter,uitree_id_rebuild,,,,,60,0.120000,51
window_counter,uitree_find_child,,,,,6770,13.540000,51
window_counter,uitree_find_child_hit,,,,,4560,9.120000,51
window_counter,uitree_find_child_ceil_miss,,,,,2077,4.154000,51
window_counter,uitree_walk_emit,,,,,1547979,3095.958000,51
window_counter,uitree_walk_hit,,,,,355000,710.000000,51
window_counter,uitree_walk_hover,,,,,52500,105.000000,51
window_counter,uitree_emit_skip,,,,,1343471,2686.942000,51
window_counter,uitree_layout_resolve,,,,,303,0.606000,51
window_counter,uitree_layout_skip,,,,,149,0.298000,51
window_counter,uitree_layout_nodes,,,,,1558326,3116.652000,51
window_counter,uitree_layout_node_skip,,,,,1517538,3035.076000,51
window_counter,uitree_layout_depth_recompute,,,,,144,0.288000,51
window_counter,uitree_ensure_layout,,,,,7387,14.774000,51
window_counter,uitree_cc_create,,,,,1954,3.908000,51
window_counter,uitree_cc_deleteall,,,,,248,0.496000,51
window_counter,uitree_cc_deleteall_rows,,,,,1937,3.874000,51
window_counter,uitree_apply_geo,,,,,54987,109.974000,51
window_counter,uitree_apply_content,,,,,56687,113.374000,51
window_counter,uitree_apply_hook,,,,,1397,2.794000,51
window_counter,uitree_apply_other,,,,,257159,514.318000,51
window_gauge,uitree_components,,,,,10119,10119.000000,51
window_gauge,uitree_capacity,,,,,16384,16384.000000,51
window_gauge,uitree_node_bytes,,,,,28442624,28442624.000000,51
window_counter,cs2_scripts,,,,,3156,6.312000,51
window_counter,cs2_opcodes,,,,,630968,1261.936000,51
window_counter,cs2_host_ops,,,,,88712,177.424000,51
window_counter,cs2_cycles,,,,,630968,1261.936000,51
window_counter,cs2_aborts,,,,,8,0.016000,51
window_counter,cs2_vm_acquire,,,,,3156,6.312000,51
window_counter,cs2_vm_pool_hit,,,,,3156,6.312000,51
window_counter,cs2_vm_init_ns,,,,,2611000,5222.000000,51
window_counter,cs2_frame_pool_hit,,,,,7602,15.204000,51
window_counter,cache_model_hit,,,,,607,1.214000,51
window_counter,cache_sprite_hit,,,,,281,0.562000,51
window_counter,painter_pops,,,,,2866209,5732.418000,51
window_counter,painter_gate_rejects,,,,,1247555,2495.110000,51
window_counter,painter_pushes,,,,,2866209,5732.418000,51
window_counter,painter_push_dedup,,,,,1201965,2403.930000,51
window_counter,painter_drain_events,,,,,2000,4.000000,51
window_gauge,painter_commands,,,,,3646,3646.000000,51
window_gauge,painter_tiles_remaining_set,,,,,2916,2916.000000,51
window_gauge,scene_elements,,,,,59775,59775.000000,51
window_gauge,scene_anim_list,,,,,309,309.000000,51
window_gauge,zone_map_count,,,,,78,78.000000,51
window_gauge,zone_map_capacity,,,,,256,256.000000,51
window_gauge,npc_slot_max,,,,,65,65.000000,51
window_gauge,cache_model_size,,,,,1169,1169.000000,51
window_gauge,cache_sprite_size,,,,,669,669.000000,51
window_counter,iface_open,,,,,3,0.006000,51
window_counter,iface_close,,,,,7,0.014000,51
window_counter,iface_bake_reuse,,,,,3,0.006000,51
window_counter,iface_mount_ns,,,,,296000,592.000000,51
window_counter,iface_close_ns,,,,,675000,1350.000000,51
window_gauge,iface_groups_resident,,,,,33,33.000000,51
window_gauge,uitree_hidden,,,,,4384,4384.000000,51
window_gauge,uitree_unmounted,,,,,5,5.000000,51
window_gauge,uitree_hook_blocks,,,,,2872,2872.000000,51
window_gauge,uitree_hook_bytes,,,,,29294400,29294400.000000,51
window_gauge,host_inv_hooks,,,,,19,19.000000,51
window_gauge,host_var_hooks,,,,,164,164.000000,51
window_gauge,host_stat_hooks,,,,,65,65.000000,51
window_gauge,bridge_sprite_map,,,,,620,620.000000,51
window_gauge,bridge_model_map,,,,,1,1.000000,51
window_gauge,bridge_obj_icon_map,,,,,77,77.000000,51
window_gauge,cache_clientscript_size,,,,,654,654.000000,51
window_counter,uitree_anim_scan,,,,,278,0.556000,51
window_counter,uitree_anim_scan_nodes,,,,,2813082,5626.164000,51
window_counter,uitree_anim_model_nodes,,,,,834,1.668000,51
window_counter,uitree_hook_index_rebuild_nodes,,,,,1386303,2772.606000,51
window_stage,frame,4701502,4425000,5265000,84604000,,,52
window_stage,async,143892,2000,193000,26658000,,,52
window_stage,logic,560116,213000,912000,79758000,,,52
window_stage,cs2,366994,0,712000,79488000,,,52
window_stage,layout,82,0,1000,1000,,,52
window_stage,interact,21288,20000,30000,94000,,,52
window_stage,emit,221444,212000,374000,549000,,,52
window_stage,paint,457818,453000,499000,697000,,,52
window_stage,build,457954,453000,499000,697000,,,52
window_stage,render,2857654,2811000,3318000,4728000,,,52
window_stage,present,138944,136000,150000,186000,,,52
window_stage,server,3084,1000,4000,141000,,,52
window_counter,uitree_find_id,,,,,533177,1066.354000,52
window_counter,uitree_find_id_probes,,,,,1933838,3867.676000,52
window_counter,uitree_id_rebuild,,,,,153,0.306000,52
window_counter,uitree_find_child,,,,,18309,36.618000,52
window_counter,uitree_find_child_hit,,,,,14401,28.802000,52
window_counter,uitree_find_child_ceil_miss,,,,,3645,7.290000,52
window_counter,uitree_walk_emit,,,,,1660678,3321.356000,52
window_counter,uitree_walk_hit,,,,,355000,710.000000,52
window_counter,uitree_walk_hover,,,,,52500,105.000000,52
window_counter,uitree_emit_skip,,,,,1361952,2723.904000,52
window_counter,uitree_layout_resolve,,,,,332,0.664000,52
window_counter,uitree_layout_skip,,,,,153,0.306000,52
window_counter,uitree_layout_nodes,,,,,1811301,3622.602000,52
window_counter,uitree_layout_node_skip,,,,,1788184,3576.368000,52
window_counter,uitree_layout_depth_recompute,,,,,171,0.342000,52
window_counter,uitree_ensure_layout,,,,,8367,16.734000,52
window_counter,uitree_cc_create,,,,,3630,7.260000,52
window_counter,uitree_cc_deleteall,,,,,302,0.604000,52
window_counter,uitree_cc_deleteall_rows,,,,,3561,7.122000,52
window_counter,uitree_apply_geo,,,,,63515,127.030000,52
window_counter,uitree_apply_content,,,,,66313,132.626000,52
window_counter,uitree_apply_hook,,,,,14136,28.272000,52
window_counter,uitree_apply_other,,,,,266357,532.714000,52
window_gauge,uitree_components,,,,,10119,10119.000000,52
window_gauge,uitree_capacity,,,,,16384,16384.000000,52
window_gauge,uitree_node_bytes,,,,,28442624,28442624.000000,52
window_counter,cs2_scripts,,,,,3434,6.868000,52
window_counter,cs2_opcodes,,,,,1373148,2746.296000,52
window_counter,cs2_host_ops,,,,,198529,397.058000,52
window_counter,cs2_cycles,,,,,1373148,2746.296000,52
window_counter,cs2_aborts,,,,,7,0.014000,52
window_counter,cs2_vm_acquire,,,,,3434,6.868000,52
window_counter,cs2_vm_pool_hit,,,,,3434,6.868000,52
window_counter,cs2_vm_init_ns,,,,,2863000,5726.000000,52
window_counter,cs2_frame_pool_hit,,,,,8233,16.466000,52
window_counter,cache_model_hit,,,,,17971,35.942000,52
window_counter,cache_sprite_hit,,,,,794,1.588000,52
window_counter,painter_pops,,,,,2863684,5727.368000,52
window_counter,painter_gate_rejects,,,,,1245714,2491.428000,52
window_counter,painter_pushes,,,,,2863684,5727.368000,52
window_counter,painter_push_dedup,,,,,1202756,2405.512000,52
window_counter,painter_drain_events,,,,,2000,4.000000,52
window_gauge,painter_commands,,,,,3646,3646.000000,52
window_gauge,painter_tiles_remaining_set,,,,,2916,2916.000000,52
window_gauge,zone_map_count,,,,,78,78.000000,52
window_gauge,zone_map_capacity,,,,,256,256.000000,52
window_gauge,npc_slot_max,,,,,65,65.000000,52
window_counter,iface_open,,,,,3,0.006000,52
window_counter,iface_close,,,,,5,0.010000,52
window_counter,iface_bake_reuse,,,,,3,0.006000,52
window_counter,iface_mount_ns,,,,,226000,452.000000,52
window_counter,iface_close_ns,,,,,881000,1762.000000,52
window_counter,uitree_anim_scan,,,,,298,0.596000,52
window_counter,uitree_anim_scan_nodes,,,,,3015462,6030.924000,52
window_counter,uitree_anim_model_nodes,,,,,894,1.788000,52
window_counter,uitree_hook_index_rebuild_nodes,,,,,1457136,2914.272000,52
window_stage,frame,4407104,4174000,5332000,32005000,,,53
window_stage,async,160286,2000,195000,27296000,,,53
window_stage,logic,389976,202000,895000,5181000,,,53
window_stage,cs2,208696,0,712000,4928000,,,53
window_stage,layout,68,0,1000,1000,,,53
window_stage,interact,19476,19000,27000,43000,,,53
window_stage,emit,177222,170000,293000,398000,,,53
window_stage,paint,453248,449000,494000,689000,,,53
window_stage,build,453372,450000,494000,689000,,,53
window_stage,render,2792376,2598000,3481000,3967000,,,53
window_stage,present,138934,136000,153000,239000,,,53
window_stage,server,2970,1000,3000,137000,,,53
window_counter,uitree_find_id,,,,,421804,843.608000,53
window_counter,uitree_find_id_probes,,,,,800254,1600.508000,53
window_counter,uitree_id_rebuild,,,,,60,0.120000,53
window_counter,uitree_find_child,,,,,6747,13.494000,53
window_counter,uitree_find_child_hit,,,,,4552,9.104000,53
window_counter,uitree_find_child_ceil_miss,,,,,2090,4.180000,53
window_counter,uitree_walk_emit,,,,,1555985,3111.970000,53
window_counter,uitree_walk_hit,,,,,355000,710.000000,53
window_counter,uitree_walk_hover,,,,,52500,105.000000,53
window_counter,uitree_emit_skip,,,,,1333269,2666.538000,53
window_counter,uitree_layout_resolve,,,,,307,0.614000,53
window_counter,uitree_layout_skip,,,,,152,0.304000,53
window_counter,uitree_layout_nodes,,,,,1568445,3136.890000,53
window_counter,uitree_layout_node_skip,,,,,1527645,3055.290000,53
window_counter,uitree_layout_depth_recompute,,,,,147,0.294000,53
window_counter,uitree_ensure_layout,,,,,7438,14.876000,53
window_counter,uitree_cc_create,,,,,1954,3.908000,53
window_counter,uitree_cc_deleteall,,,,,250,0.500000,53
window_counter,uitree_cc_deleteall_rows,,,,,1937,3.874000,53
window_counter,uitree_apply_geo,,,,,54948,109.896000,53
window_counter,uitree_apply_content,,,,,56666,113.332000,53
window_counter,uitree_apply_hook,,,,,1319,2.638000,53
window_counter,uitree_apply_other,,,,,257029,514.058000,53
window_gauge,uitree_components,,,,,10119,10119.000000,53
window_gauge,uitree_capacity,,,,,16384,16384.000000,53
window_gauge,uitree_node_bytes,,,,,28442624,28442624.000000,53
window_counter,cs2_scripts,,,,,3150,6.300000,53
window_counter,cs2_opcodes,,,,,624288,1248.576000,53
window_counter,cs2_host_ops,,,,,86985,173.970000,53
window_counter,cs2_cycles,,,,,624288,1248.576000,53
window_counter,cs2_aborts,,,,,6,0.012000,53
window_counter,cs2_vm_acquire,,,,,3150,6.300000,53
window_counter,cs2_vm_pool_hit,,,,,3150,6.300000,53
window_counter,cs2_vm_init_ns,,,,,2524000,5048.000000,53
window_counter,cs2_frame_pool_hit,,,,,7340,14.680000,53
window_counter,cache_model_hit,,,,,523,1.046000,53
window_counter,cache_sprite_hit,,,,,248,0.496000,53
window_counter,painter_pops,,,,,2862116,5724.232000,53
window_counter,painter_gate_rejects,,,,,1244454,2488.908000,53
window_counter,painter_pushes,,,,,2862116,5724.232000,53
window_counter,painter_push_dedup,,,,,1203825,2407.650000,53
window_counter,painter_drain_events,,,,,2000,4.000000,53
window_gauge,painter_commands,,,,,3646,3646.000000,53
window_gauge,painter_tiles_remaining_set,,,,,2916,2916.000000,53
window_gauge,scene_elements,,,,,59775,59775.000000,53
window_gauge,scene_anim_list,,,,,309,309.000000,53
window_gauge,zone_map_count,,,,,78,78.000000,53
window_gauge,zone_map_capacity,,,,,256,256.000000,53
window_gauge,npc_slot_max,,,,,65,65.000000,53
window_gauge,cache_model_size,,,,,1169,1169.000000,53
window_gauge,cache_sprite_size,,,,,669,669.000000,53
window_counter,iface_open,,,,,3,0.006000,53
window_counter,iface_close,,,,,4,0.008000,53
window_counter,iface_bake_reuse,,,,,3,0.006000,53
window_counter,iface_mount_ns,,,,,322000,644.000000,53
window_counter,iface_close_ns,,,,,432000,864.000000,53
window_gauge,iface_groups_resident,,,,,33,33.000000,53
window_gauge,uitree_hidden,,,,,4384,4384.000000,53
window_gauge,uitree_unmounted,,,,,5,5.000000,53
window_gauge,uitree_hook_blocks,,,,,2872,2872.000000,53
window_gauge,uitree_hook_bytes,,,,,29294400,29294400.000000,53
window_gauge,host_inv_hooks,,,,,19,19.000000,53
window_gauge,host_var_hooks,,,,,164,164.000000,53
window_gauge,host_stat_hooks,,,,,65,65.000000,53
window_gauge,bridge_sprite_map,,,,,620,620.000000,53
window_gauge,bridge_model_map,,,,,1,1.000000,53
window_gauge,bridge_obj_icon_map,,,,,77,77.000000,53
window_gauge,cache_clientscript_size,,,,,654,654.000000,53
window_counter,uitree_anim_scan,,,,,284,0.568000,53
window_counter,uitree_anim_scan_nodes,,,,,2873796,5747.592000,53
window_counter,uitree_anim_model_nodes,,,,,852,1.704000,53
window_counter,uitree_hook_index_rebuild_nodes,,,,,1416660,2833.320000,53
window_stage,frame,4659238,4360000,5289000,86023000,,,54
window_stage,async,140050,2000,194000,26589000,,,54
window_stage,logic,547534,204000,895000,81083000,,,54
window_stage,cs2,359972,0,701000,80819000,,,54
window_stage,layout,76,0,1000,1000,,,54
window_stage,interact,20260,20000,28000,33000,,,54
window_stage,emit,220190,204000,397000,639000,,,54
window_stage,paint,454302,449000,497000,587000,,,54
window_stage,build,454444,450000,497000,588000,,,54
window_stage,render,2853282,2804000,3416000,3790000,,,54
window_stage,present,139146,136000,152000,210000,,,54
window_stage,server,2980,1000,3000,146000,,,54
window_counter,uitree_find_id,,,,,529346,1058.692000,54
window_counter,uitree_find_id_probes,,,,,1839760,3679.520000,54
window_counter,uitree_id_rebuild,,,,,153,0.306000,54
window_counter,uitree_find_child,,,,,18258,36.516000,54
window_counter,uitree_find_child_hit,,,,,14393,28.786000,54
window_counter,uitree_find_child_ceil_miss,,,,,3658,7.316000,54
window_counter,uitree_walk_emit,,,,,1708240,3416.480000,54
window_counter,uitree_walk_hit,,,,,355000,710.000000,54
window_counter,uitree_walk_hover,,,,,52500,105.000000,54
window_counter,uitree_emit_skip,,,,,1417480,2834.960000,54
window_counter,uitree_layout_resolve,,,,,325,0.650000,54
window_counter,uitree_layout_skip,,,,,152,0.304000,54
window_counter,uitree_layout_nodes,,,,,1750587,3501.174000,54
window_counter,uitree_layout_node_skip,,,,,1727461,3454.922000,54
window_counter,uitree_layout_depth_recompute,,,,,169,0.338000,54
window_counter,uitree_ensure_layout,,,,,8123,16.246000,54
window_counter,uitree_cc_create,,,,,3630,7.260000,54
window_counter,uitree_cc_deleteall,,,,,300,0.600000,54
window_counter,uitree_cc_deleteall_rows,,,,,3561,7.122000,54
window_counter,uitree_apply_geo,,,,,63426,126.852000,54
window_counter,uitree_apply_content,,,,,66144,132.288000,54
window_counter,uitree_apply_hook,,,,,13944,27.888000,54
window_counter,uitree_apply_other,,,,,266020,532.040000,54
window_gauge,uitree_components,,,,,10119,10119.000000,54
window_gauge,uitree_capacity,,,,,16384,16384.000000,54
window_gauge,uitree_node_bytes,,,,,28442624,28442624.000000,54
window_counter,cs2_scripts,,,,,3334,6.668000,54
window_counter,cs2_opcodes,,,,,1326230,2652.460000,54
window_counter,cs2_host_ops,,,,,191024,382.048000,54
window_counter,cs2_cycles,,,,,1326230,2652.460000,54
window_counter,cs2_aborts,,,,,3,0.006000,54
window_counter,cs2_vm_acquire,,,,,3334,6.668000,54
window_counter,cs2_vm_pool_hit,,,,,3334,6.668000,54
window_counter,cs2_vm_init_ns,,,,,2589000,5178.000000,54
window_counter,cs2_frame_pool_hit,,,,,7456,14.912000,54
window_counter,cache_model_hit,,,,,17901,35.802000,54
window_counter,cache_sprite_hit,,,,,731,1.462000,54
window_counter,painter_pops,,,,,2861000,5722.000000,54
window_counter,painter_gate_rejects,,,,,1243500,2487.000000,54
window_counter,painter_pushes,,,,,2861000,5722.000000,54
window_counter,painter_push_dedup,,,,,1204500,2409.000000,54
window_counter,painter_drain_events,,,,,2000,4.000000,54
window_gauge,painter_commands,,,,,3646,3646.000000,54
window_gauge,painter_tiles_remaining_set,,,,,2916,2916.000000,54
window_gauge,scene_elements,,,,,59775,59775.000000,54
window_gauge,scene_anim_list,,,,,309,309.000000,54
window_gauge,zone_map_count,,,,,78,78.000000,54
window_gauge,zone_map_capacity,,,,,256,256.000000,54
window_gauge,npc_slot_max,,,,,65,65.000000,54
window_gauge,cache_model_size,,,,,1169,1169.000000,54
window_gauge,cache_sprite_size,,,,,669,669.000000,54
window_counter,iface_open,,,,,3,0.006000,54
window_counter,iface_close,,,,,1,0.002000,54
window_counter,iface_bake_reuse,,,,,3,0.006000,54
window_counter,iface_mount_ns,,,,,201000,402.000000,54
window_gauge,iface_groups_resident,,,,,33,33.000000,54
window_gauge,uitree_hidden,,,,,4386,4386.000000,54
window_gauge,uitree_unmounted,,,,,3,3.000000,54
window_gauge,uitree_hook_blocks,,,,,2872,2872.000000,54
window_gauge,uitree_hook_bytes,,,,,29294400,29294400.000000,54
window_gauge,host_inv_hooks,,,,,49,49.000000,54
window_gauge,host_var_hooks,,,,,218,218.000000,54
window_gauge,host_stat_hooks,,,,,65,65.000000,54
window_gauge,bridge_sprite_map,,,,,620,620.000000,54
window_gauge,bridge_model_map,,,,,1,1.000000,54
window_gauge,bridge_obj_icon_map,,,,,77,77.000000,54
window_gauge,cache_clientscript_size,,,,,654,654.000000,54
window_counter,uitree_anim_scan,,,,,296,0.592000,54
window_counter,uitree_anim_scan_nodes,,,,,2995224,5990.448000,54
window_counter,uitree_anim_model_nodes,,,,,888,1.776000,54
window_counter,uitree_hook_index_rebuild_nodes,,,,,1447017,2894.034000,54
window_stage,frame,4578996,4451000,5254000,31712000,,,55
window_stage,async,163450,2000,192000,26950000,,,55
window_stage,logic,402218,204000,893000,5308000,,,55
window_stage,cs2,220818,0,707000,5069000,,,55
window_stage,layout,104,0,1000,12000,,,55
window_stage,interact,19606,19000,27000,35000,,,55
window_stage,emit,197800,183000,335000,620000,,,55
window_stage,paint,453356,450000,486000,988000,,,55
window_stage,build,453468,450000,486000,988000,,,55
window_stage,render,2925262,2933000,3384000,3610000,,,55
window_stage,present,137894,135000,151000,221000,,,55
window_stage,server,3098,1000,3000,142000,,,55
window_counter,uitree_find_id,,,,,425092,850.184000,55
window_counter,uitree_find_id_probes,,,,,795491,1590.982000,55
window_counter,uitree_id_rebuild,,,,,60,0.120000,55
window_counter,uitree_find_child,,,,,6811,13.622000,55
window_counter,uitree_find_child_hit,,,,,4560,9.120000,55
window_counter,uitree_find_child_ceil_miss,,,,,2090,4.180000,55
window_counter,uitree_walk_emit,,,,,1643856,3287.712000,55
window_counter,uitree_walk_hit,,,,,355000,710.000000,55
window_counter,uitree_walk_hover,,,,,52500,105.000000,55
window_counter,uitree_emit_skip,,,,,1396879,2793.758000,55
window_counter,uitree_layout_resolve,,,,,321,0.642000,55
window_counter,uitree_layout_skip,,,,,156,0.312000,55
window_counter,uitree_layout_nodes,,,,,1669635,3339.270000,55
window_counter,uitree_layout_node_skip,,,,,1618706,3237.412000,55
window_counter,uitree_layout_depth_recompute,,,,,152,0.304000,55
window_counter,uitree_ensure_layout,,,,,7885,15.770000,55
window_counter,uitree_cc_create,,,,,1954,3.908000,55
window_counter,uitree_cc_deleteall,,,,,255,0.510000,55
window_counter,uitree_cc_deleteall_rows,,,,,1937,3.874000,55
window_counter,uitree_apply_geo,,,,,55072,110.144000,55
window_counter,uitree_apply_content,,,,,56880,113.760000,55
window_counter,uitree_apply_hook,,,,,1544,3.088000,55
window_counter,uitree_apply_other,,,,,257346,514.692000,55
window_gauge,uitree_components,,,,,10119,10119.000000,55
window_gauge,uitree_capacity,,,,,16384,16384.000000,55
window_gauge,uitree_node_bytes,,,,,28442624,28442624.000000,55
window_counter,cs2_scripts,,,,,3365,6.730000,55
window_counter,cs2_opcodes,,,,,681703,1363.406000,55
window_counter,cs2_host_ops,,,,,95866,191.732000,55
window_counter,cs2_cycles,,,,,681703,1363.406000,55
window_counter,cs2_aborts,,,,,10,0.020000,55
window_counter,cs2_vm_acquire,,,,,3365,6.730000,55
window_counter,cs2_vm_pool_hit,,,,,3365,6.730000,55
window_counter,cs2_vm_init_ns,,,,,2662000,5324.000000,55
window_counter,cs2_frame_pool_hit,,,,,8339,16.678000,55
window_counter,cache_model_hit,,,,,607,1.214000,55
window_counter,cache_sprite_hit,,,,,311,0.622000,55
window_counter,painter_pops,,,,,2864591,5729.182000,55
window_counter,painter_gate_rejects,,,,,1246387,2492.774000,55
window_counter,painter_pushes,,,,,2864591,5729.182000,55
window_counter,painter_push_dedup,,,,,1202607,2405.214000,55
window_counter,painter_drain_events,,,,,2000,4.000000,55
window_gauge,painter_commands,,,,,3646,3646.000000,55
window_gauge,painter_tiles_remaining_set,,,,,2916,2916.000000,55
window_gauge,scene_elements,,,,,59775,59775.000000,55
window_gauge,scene_anim_list,,,,,309,309.000000,55
window_gauge,zone_map_count,,,,,78,78.000000,55
window_gauge,zone_map_capacity,,,,,256,256.000000,55
window_gauge,npc_slot_max,,,,,65,65.000000,55
window_gauge,cache_model_size,,,,,1169,1169.000000,55
window_gauge,cache_sprite_size,,,,,669,669.000000,55
window_counter,iface_open,,,,,3,0.006000,55
window_counter,iface_close,,,,,8,0.016000,55
window_counter,iface_bake_reuse,,,,,3,0.006000,55
window_counter,iface_mount_ns,,,,,308000,616.000000,55
window_counter,iface_close_ns,,,,,1403000,2806.000000,55
window_gauge,iface_groups_resident,,,,,33,33.000000,55
window_gauge,uitree_hidden,,,,,4384,4384.000000,55
window_gauge,uitree_unmounted,,,,,5,5.000000,55
window_gauge,uitree_hook_blocks,,,,,2872,2872.000000,55
window_gauge,uitree_hook_bytes,,,,,29294400,29294400.000000,55
window_gauge,host_inv_hooks,,,,,19,19.000000,55
window_gauge,host_var_hooks,,,,,164,164.000000,55
window_gauge,host_stat_hooks,,,,,65,65.000000,55
window_gauge,bridge_sprite_map,,,,,620,620.000000,55
window_gauge,bridge_model_map,,,,,1,1.000000,55
window_gauge,bridge_obj_icon_map,,,,,77,77.000000,55
window_gauge,cache_clientscript_size,,,,,654,654.000000,55
window_counter,uitree_anim_scan,,,,,292,0.584000,55
window_counter,uitree_anim_scan_nodes,,,,,2954748,5909.496000,55
window_counter,uitree_anim_model_nodes,,,,,876,1.752000,55
window_counter,uitree_hook_index_rebuild_nodes,,,,,1457136,2914.272000,55
window_stage,frame,4523298,4234000,5041000,85473000,,,56
window_stage,async,142180,2000,199000,26727000,,,56
window_stage,logic,538892,197000,905000,80464000,,,56
window_stage,cs2,359104,0,722000,80191000,,,56
window_stage,layout,60,0,1000,1000,,,56
window_stage,interact,19398,19000,26000,93000,,,56
window_stage,emit,197886,189000,309000,546000,,,56
window_stage,paint,450946,446000,484000,561000,,,56
window_stage,build,451048,446000,485000,561000,,,56
window_stage,render,2762626,2743000,3290000,3843000,,,56
window_stage,present,137842,135000,149000,236000,,,56
window_stage,server,3008,1000,3000,139000,,,56
window_counter,uitree_find_id,,,,,528409,1056.818000,56
window_counter,uitree_find_id_probes,,,,,1876120,3752.240000,56
window_counter,uitree_id_rebuild,,,,,153,0.306000,56
window_counter,uitree_find_child,,,,,18192,36.384000,56
window_counter,uitree_find_child_hit,,,,,14353,28.706000,56
window_counter,uitree_find_child_ceil_miss,,,,,3632,7.264000,56
window_counter,uitree_walk_emit,,,,,1656952,3313.904000,56
window_counter,uitree_walk_hit,,,,,355000,710.000000,56
window_counter,uitree_walk_hover,,,,,52500,105.000000,56
window_counter,uitree_emit_skip,,,,,1377728,2755.456000,56
window_counter,uitree_layout_resolve,,,,,319,0.638000,56
window_counter,uitree_layout_skip,,,,,148,0.296000,56
window_counter,uitree_layout_nodes,,,,,1730349,3460.698000,56
window_counter,uitree_layout_node_skip,,,,,1697139,3394.278000,56
window_counter,uitree_layout_depth_recompute,,,,,166,0.332000,56
window_counter,uitree_ensure_layout,,,,,7934,15.868000,56
window_counter,uitree_cc_create,,,,,3630,7.260000,56
window_counter,uitree_cc_deleteall,,,,,297,0.594000,56
window_counter,uitree_cc_deleteall_rows,,,,,3561,7.122000,56
window_counter,uitree_apply_geo,,,,,63346,126.692000,56
window_counter,uitree_apply_content,,,,,66084,132.168000,56
window_counter,uitree_apply_hook,,,,,13881,27.762000,56
window_counter,uitree_apply_other,,,,,266020,532.040000,56
window_gauge,uitree_components,,,,,10119,10119.000000,56
window_gauge,uitree_capacity,,,,,16384,16384.000000,56
window_gauge,uitree_node_bytes,,,,,28442624,28442624.000000,56
window_counter,cs2_scripts,,,,,3253,6.506000,56
window_counter,cs2_opcodes,,,,,1306754,2613.508000,56
window_counter,cs2_host_ops,,,,,188906,377.812000,56
window_counter,cs2_cycles,,,,,1306754,2613.508000,56
window_counter,cs2_aborts,,,,,3,0.006000,56
window_counter,cs2_vm_acquire,,,,,3253,6.506000,56
window_counter,cs2_vm_pool_hit,,,,,3253,6.506000,56
window_counter,cs2_vm_init_ns,,,,,2655000,5310.000000,56
window_counter,cs2_frame_pool_hit,,,,,7261,14.522000,56
window_counter,cache_model_hit,,,,,17887,35.774000,56
window_counter,cache_sprite_hit,,,,,731,1.462000,56
window_counter,painter_pops,,,,,2865978,5731.956000,56
window_counter,painter_gate_rejects,,,,,1247344,2494.688000,56
window_counter,painter_pushes,,,,,2865978,5731.956000,56
window_counter,painter_push_dedup,,,,,1202154,2404.308000,56
window_counter,painter_drain_events,,,,,2000,4.000000,56
window_gauge,painter_commands,,,,,3646,3646.000000,56
window_gauge,painter_tiles_remaining_set,,,,,2916,2916.000000,56
window_gauge,zone_map_count,,,,,78,78.000000,56
window_gauge,zone_map_capacity,,,,,256,256.000000,56
window_gauge,npc_slot_max,,,,,65,65.000000,56
window_counter,iface_open,,,,,3,0.006000,56
window_counter,iface_close,,,,,1,0.002000,56
window_counter,iface_bake_reuse,,,,,3,0.006000,56
window_counter,iface_mount_ns,,,,,181000,362.000000,56
window_counter,uitree_anim_scan,,,,,288,0.576000,56
window_counter,uitree_anim_scan_nodes,,,,,2914272,5828.544000,56
window_counter,uitree_anim_model_nodes,,,,,864,1.728000,56
window_counter,uitree_hook_index_rebuild_nodes,,,,,1406541,2813.082000,56
window_stage,frame,4639484,4462000,5387000,31920000,,,57
window_stage,async,161802,2000,188000,27368000,,,57
window_stage,logic,401930,202000,911000,4718000,,,57
window_stage,cs2,212582,0,696000,4480000,,,57
window_stage,layout,84,0,1000,1000,,,57
window_stage,interact,21042,20000,29000,70000,,,57
window_stage,emit,235138,207000,440000,2377000,,,57
window_stage,paint,462428,459000,507000,692000,,,57
window_stage,build,462574,459000,507000,692000,,,57
window_stage,render,2918922,2851000,3421000,4480000,,,57
window_stage,present,141108,137000,155000,332000,,,57
window_stage,server,2868,1000,3000,151000,,,57
window_counter,uitree_find_id,,,,,424333,848.666000,57
window_counter,uitree_find_id_probes,,,,,827877,1655.754000,57
window_counter,uitree_id_rebuild,,,,,60,0.120000,57
window_counter,uitree_find_child,,,,,6836,13.672000,57
window_counter,uitree_find_child_hit,,,,,4600,9.200000,57
window_counter,uitree_find_child_ceil_miss,,,,,2103,4.206000,57
window_counter,uitree_walk_emit,,,,,1729648,3459.296000,57
window_counter,uitree_walk_hit,,,,,355000,710.000000,57
window_counter,uitree_walk_hover,,,,,52500,105.000000,57
window_counter,uitree_emit_skip,,,,,1479650,2959.300000,57
window_counter,uitree_layout_resolve,,,,,322,0.644000,57
window_counter,uitree_layout_skip,,,,,158,0.316000,57
window_counter,uitree_layout_nodes,,,,,1659516,3319.032000,57
window_counter,uitree_layout_node_skip,,,,,1618694,3237.388000,57
window_counter,uitree_layout_depth_recompute,,,,,154,0.308000,57
window_counter,uitree_ensure_layout,,,,,7937,15.874000,57
window_counter,uitree_cc_create,,,,,1954,3.908000,57
window_counter,uitree_cc_deleteall,,,,,258,0.516000,57
window_counter,uitree_cc_deleteall_rows,,,,,1937,3.874000,57
window_counter,uitree_apply_geo,,,,,55067,110.134000,57
window_counter,uitree_apply_content,,,,,56887,113.774000,57
window_counter,uitree_apply_hook,,,,,1467,2.934000,57
window_counter,uitree_apply_other,,,,,257159,514.318000,57
window_gauge,uitree_components,,,,,10119,10119.000000,57
window_gauge,uitree_capacity,,,,,16384,16384.000000,57
window_gauge,uitree_node_bytes,,,,,28442624,28442624.000000,57
window_counter,cs2_scripts,,,,,3424,6.848000,57
window_counter,cs2_opcodes,,,,,663257,1326.514000,57
window_counter,cs2_host_ops,,,,,92659,185.318000,57
window_counter,cs2_cycles,,,,,663257,1326.514000,57
window_counter,cs2_aborts,,,,,8,0.016000,57
window_counter,cs2_vm_acquire,,,,,3424,6.848000,57
window_counter,cs2_vm_pool_hit,,,,,3424,6.848000,57
window_counter,cs2_vm_init_ns,,,,,2605000,5210.000000,57
window_counter,cs2_frame_pool_hit,,,,,8154,16.308000,57
window_counter,cache_model_hit,,,,,609,1.218000,57
window_counter,cache_sprite_hit,,,,,281,0.562000,57
window_counter,painter_pops,,,,,2863896,5727.792000,57
window_counter,painter_gate_rejects,,,,,1246007,2492.014000,57
window_counter,painter_pushes,,,,,2863896,5727.792000,57
window_counter,painter_push_dedup,,,,,1202759,2405.518000,57
window_counter,painter_drain_events,,,,,2000,4.000000,57
window_gauge,painter_commands,,,,,3645,3645.000000,57
window_gauge,painter_tiles_remaining_set,,,,,2916,2916.000000,57
window_gauge,zone_map_count,,,,,78,78.000000,57
window_gauge,zone_map_capacity,,,,,256,256.000000,57
window_gauge,npc_slot_max,,,,,65,65.000000,57
window_counter,iface_open,,,,,3,0.006000,57
window_counter,iface_close,,,,,7,0.014000,57
window_counter,iface_bake_reuse,,,,,3,0.006000,57
window_counter,iface_mount_ns,,,,,266000,532.000000,57
window_counter,iface_close_ns,,,,,672000,1344.000000,57
window_counter,uitree_anim_scan,,,,,296,0.592000,57
window_counter,uitree_anim_scan_nodes,,,,,2995224,5990.448000,57
window_counter,uitree_anim_model_nodes,,,,,888,1.776000,57
window_counter,uitree_hook_index_rebuild_nodes,,,,,1477374,2954.748000,57
window_stage,frame,4454310,4148000,4731000,84736000,,,58
window_stage,async,140938,2000,192000,27163000,,,58
window_stage,logic,539308,201000,905000,79731000,,,58
window_stage,cs2,356670,0,719000,79457000,,,58
window_stage,layout,50,0,0,1000,,,58
window_stage,interact,19306,19000,27000,38000,,,58
window_stage,emit,187468,186000,278000,560000,,,58
window_stage,paint,449436,444000,487000,633000,,,58
window_stage,build,449518,444000,487000,633000,,,58
window_stage,render,2703928,2724000,2896000,3773000,,,58
window_stage,present,138480,136000,152000,201000,,,58
window_stage,server,2794,1000,3000,150000,,,58
window_counter,uitree_find_id,,,,,527853,1055.706000,58
window_counter,uitree_find_id_probes,,,,,1775676,3551.352000,58
window_counter,uitree_id_rebuild,,,,,153,0.306000,58
window_counter,uitree_find_child,,,,,18258,36.516000,58
window_counter,uitree_find_child_hit,,,,,14393,28.786000,58
window_counter,uitree_find_child_ceil_miss,,,,,3658,7.316000,58
window_counter,uitree_walk_emit,,,,,1601755,3203.510000,58
window_counter,uitree_walk_hit,,,,,355000,710.000000,58
window_counter,uitree_walk_hover,,,,,52500,105.000000,58
window_counter,uitree_emit_skip,,,,,1336980,2673.960000,58
window_counter,uitree_layout_resolve,,,,,314,0.628000,58
window_counter,uitree_layout_skip,,,,,147,0.294000,58
window_counter,uitree_layout_nodes,,,,,1689873,3379.746000,58
window_counter,uitree_layout_node_skip,,,,,1666747,3333.494000,58
window_counter,uitree_layout_depth_recompute,,,,,163,0.326000,58
window_counter,uitree_ensure_layout,,,,,7768,15.536000,58
window_counter,uitree_cc_create,,,,,3630,7.260000,58
window_counter,uitree_cc_deleteall,,,,,293,0.586000,58
window_counter,uitree_cc_deleteall_rows,,,,,3561,7.122000,58
window_counter,uitree_apply_geo,,,,,63426,126.852000,58
window_counter,uitree_apply_content,,,,,66022,132.044000,58
window_counter,uitree_apply_hook,,,,,13937,27.874000,58
window_counter,uitree_apply_other,,,,,266020,532.040000,58
window_gauge,uitree_components,,,,,10119,10119.000000,58
window_gauge,uitree_capacity,,,,,16384,16384.000000,58
window_gauge,uitree_node_bytes,,,,,28442624,28442624.000000,58
window_counter,cs2_scripts,,,,,3147,6.294000,58
window_counter,cs2_opcodes,,,,,1312811,2625.622000,58
window_counter,cs2_host_ops,,,,,189102,378.204000,58
window_counter,cs2_cycles,,,,,1312811,2625.622000,58
window_counter,cs2_aborts,,,,,3,0.006000,58
window_counter,cs2_vm_acquire,,,,,3147,6.294000,58
window_counter,cs2_vm_pool_hit,,,,,3147,6.294000,58
window_counter,cs2_vm_init_ns,,,,,2554000,5108.000000,58
window_counter,cs2_frame_pool_hit,,,,,7100,14.200000,58
window_counter,cache_model_hit,,,,,17887,35.774000,58
window_counter,cache_sprite_hit,,,,,731,1.462000,58
window_counter,painter_pops,,,,,2860500,5721.000000,58
window_counter,painter_gate_rejects,,,,,1243500,2487.000000,58
window_counter,painter_pushes,,,,,2860500,5721.000000,58
window_counter,painter_push_dedup,,,,,1204500,2409.000000,58
window_counter,painter_drain_events,,,,,2000,4.000000,58
window_gauge,painter_commands,,,,,3645,3645.000000,58
window_gauge,painter_tiles_remaining_set,,,,,2916,2916.000000,58
window_gauge,scene_elements,,,,,59775,59775.000000,58
window_gauge,scene_anim_list,,,,,309,309.000000,58
window_gauge,zone_map_count,,,,,78,78.000000,58
window_gauge,zone_map_capacity,,,,,256,256.000000,58
window_gauge,npc_slot_max,,,,,65,65.000000,58
window_gauge,cache_model_size,,,,,1169,1169.000000,58
window_gauge,cache_sprite_size,,,,,669,669.000000,58
window_counter,iface_open,,,,,3,0.006000,58
window_counter,iface_close,,,,,1,0.002000,58
window_counter,iface_bake_reuse,,,,,3,0.006000,58
window_counter,iface_mount_ns,,,,,227000,454.000000,58
window_gauge,iface_groups_resident,,,,,33,33.000000,58
window_gauge,uitree_hidden,,,,,4386,4386.000000,58
window_gauge,uitree_unmounted,,,,,3,3.000000,58
window_gauge,uitree_hook_blocks,,,,,2872,2872.000000,58
window_gauge,uitree_hook_bytes,,,,,29294400,29294400.000000,58
window_gauge,host_inv_hooks,,,,,49,49.000000,58
window_gauge,host_var_hooks,,,,,218,218.000000,58
window_gauge,host_stat_hooks,,,,,65,65.000000,58
window_gauge,bridge_sprite_map,,,,,620,620.000000,58
window_gauge,bridge_model_map,,,,,1,1.000000,58
window_gauge,bridge_obj_icon_map,,,,,77,77.000000,58
window_gauge,cache_clientscript_size,,,,,654,654.000000,58
window_counter,uitree_anim_scan,,,,,286,0.572000,58
window_counter,uitree_anim_scan_nodes,,,,,2894034,5788.068000,58
window_counter,uitree_anim_model_nodes,,,,,858,1.716000,58
window_counter,uitree_hook_index_rebuild_nodes,,,,,1396422,2792.844000,58
window_stage,frame,4456904,4359000,5275000,31900000,,,59
window_stage,async,109174,2000,196000,27315000,,,59
window_stage,logic,396462,210000,909000,4106000,,,59
window_stage,cs2,208658,0,720000,3839000,,,59
window_stage,layout,72,0,1000,1000,,,59
window_stage,interact,20940,20000,28000,101000,,,59
window_stage,emit,199124,191000,313000,519000,,,59
window_stage,paint,458100,454000,498000,704000,,,59
window_stage,build,458238,454000,498000,704000,,,59
window_stage,render,2846132,2765000,3434000,3707000,,,59
window_stage,present,138452,137000,149000,177000,,,59
window_stage,server,3176,1000,4000,154000,,,59
window_counter,uitree_find_id,,,,,402499,804.998000,59
window_counter,uitree_find_id_probes,,,,,723413,1446.826000,59
window_counter,uitree_id_rebuild,,,,,42,0.084000,59
window_counter,uitree_find_child,,,,,3592,7.184000,59
window_counter,uitree_find_child_hit,,,,,2389,4.778000,59
window_counter,uitree_find_child_ceil_miss,,,,,1074,2.148000,59
window_counter,uitree_walk_emit,,,,,1593084,3186.168000,59
window_counter,uitree_walk_hit,,,,,355000,710.000000,59
window_counter,uitree_walk_hover,,,,,52500,105.000000,59
window_counter,uitree_emit_skip,,,,,1334513,2669.026000,59
window_counter,uitree_layout_resolve,,,,,306,0.612000,59
window_counter,uitree_layout_skip,,,,,150,0.300000,59
window_counter,uitree_layout_nodes,,,,,1578564,3157.128000,59
window_counter,uitree_layout_node_skip,,,,,1558124,3116.248000,59
window_counter,uitree_layout_depth_recompute,,,,,146,0.292000,59
window_counter,uitree_ensure_layout,,,,,7544,15.088000,59
window_counter,uitree_cc_create,,,,,1020,2.040000,59
window_counter,uitree_cc_deleteall,,,,,192,0.384000,59
window_counter,uitree_cc_deleteall_rows,,,,,1012,2.024000,59
window_counter,uitree_apply_geo,,,,,53238,106.476000,59
window_counter,uitree_apply_content,,,,,55044,110.088000,59
window_counter,uitree_apply_hook,,,,,1026,2.052000,59
window_counter,uitree_apply_other,,,,,254012,508.024000,59
window_gauge,uitree_components,,,,,10119,10119.000000,59
window_gauge,uitree_capacity,,,,,16384,16384.000000,59
window_gauge,uitree_node_bytes,,,,,28442624,28442624.000000,59
window_counter,cs2_scripts,,,,,3243,6.486000,59
window_counter,cs2_opcodes,,,,,514679,1029.358000,59
window_counter,cs2_host_ops,,,,,72377,144.754000,59
window_counter,cs2_cycles,,,,,514679,1029.358000,59
window_counter,cs2_aborts,,,,,8,0.016000,59
window_counter,cs2_vm_acquire,,,,,3243,6.486000,59
window_counter,cs2_vm_pool_hit,,,,,3243,6.486000,59
window_counter,cs2_vm_init_ns,,,,,2627000,5254.000000,59
window_counter,cs2_frame_pool_hit,,,,,7847,15.694000,59
window_counter,cache_model_hit,,,,,391,0.782000,59
window_counter,cache_sprite_hit,,,,,238,0.476000,59
window_counter,painter_pops,,,,,2860500,5721.000000,59
window_counter,painter_gate_rejects,,,,,1243500,2487.000000,59
window_counter,painter_pushes,,,,,2860500,5721.000000,59
window_counter,painter_push_dedup,,,,,1204500,2409.000000,59
window_counter,painter_drain_events,,,,,2000,4.000000,59
window_gauge,painter_commands,,,,,3645,3645.000000,59
window_gauge,painter_tiles_remaining_set,,,,,2916,2916.000000,59
window_gauge,scene_elements,,,,,59775,59775.000000,59
window_gauge,scene_anim_list,,,,,309,309.000000,59
window_gauge,zone_map_count,,,,,78,78.000000,59
window_gauge,zone_map_capacity,,,,,256,256.000000,59
window_gauge,npc_slot_max,,,,,65,65.000000,59
window_gauge,cache_model_size,,,,,1169,1169.000000,59
window_gauge,cache_sprite_size,,,,,669,669.000000,59
window_counter,iface_open,,,,,2,0.004000,59
window_counter,iface_close,,,,,7,0.014000,59
window_counter,iface_bake_reuse,,,,,2,0.004000,59
window_counter,iface_mount_ns,,,,,193000,386.000000,59
window_counter,iface_close_ns,,,,,1478000,2956.000000,59
window_gauge,iface_groups_resident,,,,,33,33.000000,59
window_gauge,uitree_hidden,,,,,4384,4384.000000,59
window_gauge,uitree_unmounted,,,,,5,5.000000,59
window_gauge,uitree_hook_blocks,,,,,2872,2872.000000,59
window_gauge,uitree_hook_bytes,,,,,29294400,29294400.000000,59
window_gauge,host_inv_hooks,,,,,19,19.000000,59
window_gauge,host_var_hooks,,,,,163,163.000000,59
window_gauge,host_stat_hooks,,,,,65,65.000000,59
window_gauge,bridge_sprite_map,,,,,620,620.000000,59
window_gauge,bridge_model_map,,,,,1,1.000000,59
window_gauge,bridge_obj_icon_map,,,,,77,77.000000,59
window_gauge,cache_clientscript_size,,,,,654,654.000000,59
window_counter,uitree_anim_scan,,,,,286,0.572000,59
window_counter,uitree_anim_scan_nodes,,,,,2894034,5788.068000,59
window_counter,uitree_anim_model_nodes,,,,,858,1.716000,59
window_counter,uitree_hook_index_rebuild_nodes,,,,,1436898,2873.796000,59
window_stage,frame,4373954,4235000,4816000,32985000,,,60
window_stage,async,157940,2000,191000,28006000,,,60
window_stage,logic,391218,202000,890000,7838000,,,60
window_stage,cs2,203752,0,696000,7599000,,,60
window_stage,layout,50,0,0,1000,,,60
window_stage,interact,20384,20000,27000,42000,,,60
window_stage,emit,195678,186000,297000,458000,,,60
window_stage,paint,455980,452000,487000,681000,,,60
window_stage,build,456088,452000,487000,681000,,,60
window_stage,render,2729322,2736000,2979000,3211000,,,60
window_stage,present,138204,136000,150000,255000,,,60
window_stage,server,2714,1000,4000,146000,,,60
window_counter,uitree_find_id,,,,,420020,840.040000,60
window_counter,uitree_find_id_probes,,,,,759026,1518.052000,60
window_counter,uitree_id_rebuild,,,,,50,0.100000,60
window_counter,uitree_find_child,,,,,7143,14.286000,60
window_counter,uitree_find_child_hit,,,,,4656,9.312000,60
window_counter,uitree_find_child_ceil_miss,,,,,2421,4.842000,60
window_counter,uitree_walk_emit,,,,,1582722,3165.444000,60
window_counter,uitree_walk_hit,,,,,355000,710.000000,60
window_counter,uitree_walk_hover,,,,,52500,105.000000,60
window_counter,uitree_emit_skip,,,,,1333458,2666.916000,60
window_counter,uitree_layout_resolve,,,,,297,0.594000,60
window_counter,uitree_layout_skip,,,,,146,0.292000,60
window_counter,uitree_layout_nodes,,,,,1527969,3055.938000,60
window_counter,uitree_layout_node_skip,,,,,1486866,2973.732000,60
window_counter,uitree_layout_depth_recompute,,,,,147,0.294000,60
window_counter,uitree_ensure_layout,,,,,7392,14.784000,60
window_counter,uitree_cc_create,,,,,2237,4.474000,60
window_counter,uitree_cc_deleteall,,,,,227,0.454000,60
window_counter,uitree_cc_deleteall_rows,,,,,2210,4.420000,60
window_counter,uitree_apply_geo,,,,,55596,111.192000,60
window_counter,uitree_apply_content,,,,,57141,114.282000,60
window_counter,uitree_apply_hook,,,,,1538,3.076000,60
window_counter,uitree_apply_other,,,,,256793,513.586000,60
window_gauge,uitree_components,,,,,10119,10119.000000,60
window_gauge,uitree_capacity,,,,,16384,16384.000000,60
window_gauge,uitree_node_bytes,,,,,28442624,28442624.000000,60
window_counter,cs2_scripts,,,,,3079,6.158000,60
window_counter,cs2_opcodes,,,,,638367,1276.734000,60
window_counter,cs2_host_ops,,,,,87602,175.204000,60
window_counter,cs2_cycles,,,,,638367,1276.734000,60
window_counter,cs2_aborts,,,,,3,0.006000,60
window_counter,cs2_vm_acquire,,,,,3079,6.158000,60
window_counter,cs2_vm_pool_hit,,,,,3079,6.158000,60
window_counter,cs2_vm_init_ns,,,,,2373000,4746.000000,60
window_counter,cs2_frame_pool_hit,,,,,6792,13.584000,60
window_counter,cache_model_hit,,,,,432,0.864000,60
window_counter,cache_sprite_hit,,,,,290,0.580000,60
window_counter,painter_pops,,,,,2860500,5721.000000,60
window_counter,painter_gate_rejects,,,,,1243500,2487.000000,60
window_counter,painter_pushes,,,,,2860500,5721.000000,60
window_counter,painter_push_dedup,,,,,1204500,2409.000000,60
window_counter,painter_drain_events,,,,,2000,4.000000,60
window_gauge,painter_commands,,,,,3645,3645.000000,60
window_gauge,painter_tiles_remaining_set,,,,,2916,2916.000000,60
window_gauge,scene_elements,,,,,59775,59775.000000,60
window_gauge,scene_anim_list,,,,,309,309.000000,60
window_gauge,zone_map_count,,,,,78,78.000000,60
window_gauge,zone_map_capacity,,,,,256,256.000000,60
window_gauge,npc_slot_max,,,,,65,65.000000,60
window_gauge,cache_model_size,,,,,1169,1169.000000,60
window_gauge,cache_sprite_size,,,,,669,669.000000,60
window_counter,iface_open,,,,,2,0.004000,60
window_counter,iface_close,,,,,2,0.004000,60
window_counter,iface_bake_reuse,,,,,2,0.004000,60
window_counter,iface_mount_ns,,,,,185000,370.000000,60
window_gauge,iface_groups_resident,,,,,33,33.000000,60
window_gauge,uitree_hidden,,,,,4384,4384.000000,60
window_gauge,uitree_unmounted,,,,,5,5.000000,60
window_gauge,uitree_hook_blocks,,,,,2872,2872.000000,60
window_gauge,uitree_hook_bytes,,,,,29294400,29294400.000000,60
window_gauge,host_inv_hooks,,,,,19,19.000000,60
window_gauge,host_var_hooks,,,,,163,163.000000,60
window_gauge,host_stat_hooks,,,,,65,65.000000,60
window_gauge,bridge_sprite_map,,,,,620,620.000000,60
window_gauge,bridge_model_map,,,,,1,1.000000,60
window_gauge,bridge_obj_icon_map,,,,,77,77.000000,60
window_gauge,cache_clientscript_size,,,,,654,654.000000,60
window_counter,uitree_anim_scan,,,,,282,0.564000,60
window_counter,uitree_anim_scan_nodes,,,,,2853558,5707.116000,60
window_counter,uitree_anim_model_nodes,,,,,846,1.692000,60
window_counter,uitree_hook_index_rebuild_nodes,,,,,1406541,2813.082000,60
window_stage,frame,4863586,4606000,5401000,85520000,,,61
window_stage,async,147802,2000,198000,27173000,,,61
window_stage,logic,563690,204000,913000,80684000,,,61
window_stage,cs2,376230,0,718000,80428000,,,61
window_stage,layout,74,0,1000,1000,,,61
window_stage,interact,19910,19000,26000,34000,,,61
window_stage,emit,234018,216000,444000,571000,,,61
window_stage,paint,455920,452000,489000,555000,,,61
window_stage,build,456024,452000,489000,555000,,,61
window_stage,render,3011558,3121000,3485000,3702000,,,61
window_stage,present,138010,136000,150000,168000,,,61
window_stage,server,2938,1000,4000,160000,,,61
window_counter,uitree_find_id,,,,,534540,1069.080000,61
window_counter,uitree_find_id_probes,,,,,1828763,3657.526000,61
window_counter,uitree_id_rebuild,,,,,163,0.326000,61
window_counter,uitree_find_child,,,,,17946,35.892000,61
window_counter,uitree_find_child_hit,,,,,14317,28.634000,61
window_counter,uitree_find_child_ceil_miss,,,,,3327,6.654000,61
window_counter,uitree_walk_emit,,,,,1740517,3481.034000,61
window_counter,uitree_walk_hit,,,,,355000,710.000000,61
window_counter,uitree_walk_hover,,,,,52500,105.000000,61
window_counter,uitree_emit_skip,,,,,1454707,2909.414000,61
window_counter,uitree_layout_resolve,,,,,351,0.702000,61
window_counter,uitree_layout_skip,,,,,162,0.324000,61
window_counter,uitree_layout_nodes,,,,,1912491,3824.982000,61
window_counter,uitree_layout_node_skip,,,,,1869421,3738.842000,61
window_counter,uitree_layout_depth_recompute,,,,,175,0.350000,61
window_counter,uitree_ensure_layout,,,,,8651,17.302000,61
window_counter,uitree_cc_create,,,,,3347,6.694000,61
window_counter,uitree_cc_deleteall,,,,,329,0.658000,61
window_counter,uitree_cc_deleteall_rows,,,,,3288,6.576000,61
window_counter,uitree_apply_geo,,,,,62907,125.814000,61
window_counter,uitree_apply_content,,,,,65918,131.836000,61
window_counter,uitree_apply_hook,,,,,13951,27.902000,61
window_counter,uitree_apply_other,,,,,266593,533.186000,61
window_gauge,uitree_components,,,,,10119,10119.000000,61
window_gauge,uitree_capacity,,,,,16384,16384.000000,61
window_gauge,uitree_node_bytes,,,,,28442624,28442624.000000,61
window_counter,cs2_scripts,,,,,3629,7.258000,61
window_counter,cs2_opcodes,,,,,1373297,2746.594000,61
window_counter,cs2_host_ops,,,,,199608,399.216000,61
window_counter,cs2_cycles,,,,,1373297,2746.594000,61
window_counter,cs2_aborts,,,,,10,0.020000,61
window_counter,cs2_vm_acquire,,,,,3629,7.258000,61
window_counter,cs2_vm_pool_hit,,,,,3629,7.258000,61
window_counter,cs2_vm_init_ns,,,,,2831000,5662.000000,61
window_counter,cs2_frame_pool_hit,,,,,9029,18.058000,61
window_counter,cache_model_hit,,,,,18064,36.128000,61
window_counter,cache_sprite_hit,,,,,752,1.504000,61
window_counter,painter_pops,,,,,2860500,5721.000000,61
window_counter,painter_gate_rejects,,,,,1243500,2487.000000,61
window_counter,painter_pushes,,,,,2860500,5721.000000,61
window_counter,painter_push_dedup,,,,,1204500,2409.000000,61
window_counter,painter_drain_events,,,,,2000,4.000000,61
window_gauge,painter_commands,,,,,3645,3645.000000,61
window_gauge,painter_tiles_remaining_set,,,,,2916,2916.000000,61
window_gauge,zone_map_count,,,,,78,78.000000,61
window_gauge,zone_map_capacity,,,,,256,256.000000,61
window_gauge,npc_slot_max,,,,,65,65.000000,61
window_counter,iface_open,,,,,4,0.008000,61
window_counter,iface_close,,,,,7,0.014000,61
window_counter,iface_bake_reuse,,,,,4,0.008000,61
window_counter,iface_mount_ns,,,,,282000,564.000000,61
window_counter,iface_close_ns,,,,,1319000,2638.000000,61
window_counter,uitree_anim_scan,,,,,306,0.612000,61
window_counter,uitree_anim_scan_nodes,,,,,3096414,6192.828000,61
window_counter,uitree_anim_model_nodes,,,,,918,1.836000,61
window_counter,uitree_hook_index_rebuild_nodes,,,,,1497612,2995.224000,61
window_stage,frame,4301654,4174000,4725000,31741000,,,62
window_stage,async,157080,2000,201000,26755000,,,62
window_stage,logic,388938,212000,896000,7543000,,,62
window_stage,cs2,203318,0,709000,7299000,,,62
window_stage,layout,66,0,1000,1000,,,62
window_stage,interact,19668,19000,27000,38000,,,62
window_stage,emit,185546,182000,273000,384000,,,62
window_stage,paint,451966,448000,487000,548000,,,62
window_stage,build,452072,448000,487000,549000,,,62
window_stage,render,2681618,2690000,2901000,3573000,,,62
window_stage,present,138420,136000,152000,177000,,,62
window_stage,server,3124,1000,4000,141000,,,62
window_counter,uitree_find_id,,,,,419193,838.386000,62
window_counter,uitree_find_id_probes,,,,,776481,1552.962000,62
window_counter,uitree_id_rebuild,,,,,50,0.100000,62
window_counter,uitree_find_child,,,,,7044,14.088000,62
window_counter,uitree_find_child_hit,,,,,4596,9.192000,62
window_counter,uitree_find_child_ceil_miss,,,,,2382,4.764000,62
window_counter,uitree_walk_emit,,,,,1573737,3147.474000,62
window_counter,uitree_walk_hit,,,,,355000,710.000000,62
window_counter,uitree_walk_hover,,,,,52500,105.000000,62
window_counter,uitree_emit_skip,,,,,1333438,2666.876000,62
window_counter,uitree_layout_resolve,,,,,293,0.586000,62
window_counter,uitree_layout_skip,,,,,144,0.288000,62
window_counter,uitree_layout_nodes,,,,,1507731,3015.462000,62
window_counter,uitree_layout_node_skip,,,,,1466676,2933.352000,62
window_counter,uitree_layout_depth_recompute,,,,,145,0.290000,62
window_counter,uitree_ensure_layout,,,,,7248,14.496000,62
window_counter,uitree_cc_create,,,,,2237,4.474000,62
window_counter,uitree_cc_deleteall,,,,,225,0.450000,62
window_counter,uitree_cc_deleteall_rows,,,,,2210,4.420000,62
window_counter,uitree_apply_geo,,,,,55476,110.952000,62
window_counter,uitree_apply_content,,,,,57101,114.202000,62
window_counter,uitree_apply_hook,,,,,1446,2.892000,62
window_counter,uitree_apply_other,,,,,256793,513.586000,62
window_gauge,uitree_components,,,,,10119,10119.000000,62
window_gauge,uitree_capacity,,,,,16384,16384.000000,62
window_gauge,uitree_node_bytes,,,,,28442624,28442624.000000,62
window_counter,cs2_scripts,,,,,3037,6.074000,62
window_counter,cs2_opcodes,,,,,614867,1229.734000,62
window_counter,cs2_host_ops,,,,,85250,170.500000,62
window_counter,cs2_cycles,,,,,614867,1229.734000,62
window_counter,cs2_aborts,,,,,3,0.006000,62
window_counter,cs2_vm_acquire,,,,,3037,6.074000,62
window_counter,cs2_vm_pool_hit,,,,,3037,6.074000,62
window_counter,cs2_vm_init_ns,,,,,2413000,4826.000000,62
window_counter,cs2_frame_pool_hit,,,,,6648,13.296000,62
window_counter,cache_model_hit,,,,,432,0.864000,62
window_counter,cache_sprite_hit,,,,,290,0.580000,62
window_counter,painter_pops,,,,,2860500,5721.000000,62
window_counter,painter_gate_rejects,,,,,1243500,2487.000000,62
window_counter,painter_pushes,,,,,2860500,5721.000000,62
window_counter,painter_push_dedup,,,,,1204500,2409.000000,62
window_counter,painter_drain_events,,,,,2000,4.000000,62
window_gauge,painter_commands,,,,,3645,3645.000000,62
window_gauge,painter_tiles_remaining_set,,,,,2916,2916.000000,62
window_gauge,zone_map_count,,,,,78,78.000000,62
window_gauge,zone_map_capacity,,,,,256,256.000000,62
window_gauge,npc_slot_max,,,,,65,65.000000,62
window_counter,iface_open,,,,,2,0.004000,62
window_counter,iface_close,,,,,2,0.004000,62
window_counter,iface_bake_reuse,,,,,2,0.004000,62
window_counter,iface_mount_ns,,,,,206000,412.000000,62
window_counter,uitree_anim_scan,,,,,278,0.556000,62
window_counter,uitree_anim_scan_nodes,,,,,2813082,5626.164000,62
window_counter,uitree_anim_model_nodes,,,,,834,1.668000,62
window_counter,uitree_hook_index_rebuild_nodes,,,,,1386303,2772.606000,62
window_stage,frame,4706414,4422000,5401000,84522000,,,63
window_stage,async,146422,2000,197000,26592000,,,63
window_stage,logic,549268,210000,892000,79756000,,,63
window_stage,cs2,365484,0,716000,79464000,,,63
window_stage,layout,84,0,1000,1000,,,63
window_stage,interact,19294,19000,27000,38000,,,63
window_stage,emit,234744,214000,450000,557000,,,63
window_stage,paint,451500,447000,486000,592000,,,63
window_stage,build,451614,448000,486000,592000,,,63
window_stage,render,2888780,2786000,3439000,3697000,,,63
window_stage,present,138242,135000,151000,265000,,,63
window_stage,server,3380,1000,4000,135000,,,63
window_counter,uitree_find_id,,,,,532920,1065.840000,63
window_counter,uitree_find_id_probes,,,,,1853763,3707.526000,63
window_counter,uitree_id_rebuild,,,,,163,0.326000,63
window_counter,uitree_find_child,,,,,17984,35.968000,63
window_counter,uitree_find_child_hit,,,,,14357,28.714000,63
window_counter,uitree_find_child_ceil_miss,,,,,3353,6.706000,63
window_counter,uitree_walk_emit,,,,,1814955,3629.910000,63
window_counter,uitree_walk_hit,,,,,355000,710.000000,63
window_counter,uitree_walk_hover,,,,,52500,105.000000,63
window_counter,uitree_emit_skip,,,,,1525122,3050.244000,63
window_counter,uitree_layout_resolve,,,,,338,0.676000,63
window_counter,uitree_layout_skip,,,,,158,0.316000,63
window_counter,uitree_layout_nodes,,,,,1821420,3642.840000,63
window_counter,uitree_layout_node_skip,,,,,1798561,3597.122000,63
window_counter,uitree_layout_depth_recompute,,,,,170,0.340000,63
window_counter,uitree_ensure_layout,,,,,8398,16.796000,63
window_counter,uitree_cc_create,,,,,3347,6.694000,63
window_counter,uitree_cc_deleteall,,,,,325,0.650000,63
window_counter,uitree_cc_deleteall_rows,,,,,3288,6.576000,63
window_counter,uitree_apply_geo,,,,,62937,125.874000,63
window_counter,uitree_apply_content,,,,,65770,131.540000,63
window_counter,uitree_apply_hook,,,,,13897,27.794000,63
window_counter,uitree_apply_other,,,,,266386,532.772000,63
window_gauge,uitree_components,,,,,10119,10119.000000,63
window_gauge,uitree_capacity,,,,,16384,16384.000000,63
window_gauge,uitree_node_bytes,,,,,28442624,28442624.000000,63
window_counter,cs2_scripts,,,,,3530,7.060000,63
window_counter,cs2_opcodes,,,,,1345749,2691.498000,63
window_counter,cs2_host_ops,,,,,194966,389.932000,63
window_counter,cs2_cycles,,,,,1345749,2691.498000,63
window_counter,cs2_aborts,,,,,8,0.016000,63
window_counter,cs2_vm_acquire,,,,,3530,7.060000,63
window_counter,cs2_vm_pool_hit,,,,,3530,7.060000,63
window_counter,cs2_vm_init_ns,,,,,2878000,5756.000000,63
window_counter,cs2_frame_pool_hit,,,,,8550,17.100000,63
window_counter,cache_model_hit,,,,,18062,36.124000,63
window_counter,cache_sprite_hit,,,,,722,1.444000,63
window_counter,painter_pops,,,,,2861307,5722.614000,63
window_counter,painter_gate_rejects,,,,,1243936,2487.872000,63
window_counter,painter_pushes,,,,,2861307,5722.614000,63
window_counter,painter_push_dedup,,,,,1204173,2408.346000,63
window_counter,painter_drain_events,,,,,2000,4.000000,63
window_gauge,painter_commands,,,,,3646,3646.000000,63
window_gauge,painter_tiles_remaining_set,,,,,2916,2916.000000,63
window_gauge,zone_map_count,,,,,78,78.000000,63
window_gauge,zone_map_capacity,,,,,256,256.000000,63
window_gauge,npc_slot_max,,,,,65,65.000000,63
window_counter,iface_open,,,,,4,0.008000,63
window_counter,iface_close,,,,,6,0.012000,63
window_counter,iface_bake_reuse,,,,,4,0.008000,63
window_counter,iface_mount_ns,,,,,311000,622.000000,63
window_counter,iface_close_ns,,,,,587000,1174.000000,63
window_counter,uitree_anim_scan,,,,,298,0.596000,63
window_counter,uitree_anim_scan_nodes,,,,,3015462,6030.924000,63
window_counter,uitree_anim_model_nodes,,,,,894,1.788000,63
window_counter,uitree_hook_index_rebuild_nodes,,,,,1457136,2914.272000,63
window_stage,frame,4211202,4086000,4665000,32140000,,,64
window_stage,async,156510,2000,196000,26894000,,,64
window_stage,logic,381816,200000,902000,7984000,,,64
window_stage,cs2,203230,0,718000,7709000,,,64
window_stage,layout,56,0,1000,1000,,,64
window_stage,interact,18868,18000,27000,37000,,,64
window_stage,emit,170048,172000,254000,320000,,,64
window_stage,paint,448720,444000,484000,571000,,,64
window_stage,build,448838,444000,484000,572000,,,64
window_stage,render,2628792,2637000,2878000,3204000,,,64
window_stage,present,138286,136000,152000,173000,,,64
window_stage,server,2858,1000,4000,154000,,,64
window_counter,uitree_find_id,,,,,421605,843.210000,64
window_counter,uitree_find_id_probes,,,,,849333,1698.666000,64
window_counter,uitree_id_rebuild,,,,,50,0.100000,64
window_counter,uitree_find_child,,,,,7090,14.180000,64
window_counter,uitree_find_child_hit,,,,,4616,9.232000,64
window_counter,uitree_find_child_ceil_miss,,,,,2408,4.816000,64
window_counter,uitree_walk_emit,,,,,1556259,3112.518000,64
window_counter,uitree_walk_hit,,,,,355000,710.000000,64
window_counter,uitree_walk_hover,,,,,52500,105.000000,64
window_counter,uitree_emit_skip,,,,,1333511,2667.022000,64
window_counter,uitree_layout_resolve,,,,,289,0.578000,64
window_counter,uitree_layout_skip,,,,,142,0.284000,64
window_counter,uitree_layout_nodes,,,,,1487493,2974.986000,64
window_counter,uitree_layout_node_skip,,,,,1446409,2892.818000,64
window_counter,uitree_layout_depth_recompute,,,,,143,0.286000,64
window_counter,uitree_ensure_layout,,,,,7181,14.362000,64
window_counter,uitree_cc_create,,,,,2237,4.474000,64
window_counter,uitree_cc_deleteall,,,,,223,0.446000,64
window_counter,uitree_cc_deleteall_rows,,,,,2210,4.420000,64
window_counter,uitree_apply_geo,,,,,55544,111.088000,64
window_counter,uitree_apply_content,,,,,57046,114.092000,64
window_counter,uitree_apply_hook,,,,,1500,3.000000,64
window_counter,uitree_apply_other,,,,,256773,513.546000,64
window_gauge,uitree_components,,,,,10119,10119.000000,64
window_gauge,uitree_capacity,,,,,16384,16384.000000,64
window_gauge,uitree_node_bytes,,,,,28442624,28442624.000000,64
window_counter,cs2_scripts,,,,,2995,5.990000,64
window_counter,cs2_opcodes,,,,,622557,1245.114000,64
window_counter,cs2_host_ops,,,,,85911,171.822000,64
window_counter,cs2_cycles,,,,,622557,1245.114000,64
window_counter,cs2_aborts,,,,,3,0.006000,64
window_counter,cs2_vm_acquire,,,,,2995,5.990000,64
window_counter,cs2_vm_pool_hit,,,,,2995,5.990000,64
window_counter,cs2_vm_init_ns,,,,,2640000,5280.000000,64
window_counter,cs2_frame_pool_hit,,,,,6599,13.198000,64
window_counter,cache_model_hit,,,,,432,0.864000,64
window_counter,cache_sprite_hit,,,,,290,0.580000,64
window_counter,painter_pops,,,,,2861000,5722.000000,64
window_counter,painter_gate_rejects,,,,,1243500,2487.000000,64
window_counter,painter_pushes,,,,,2861000,5722.000000,64
window_counter,painter_push_dedup,,,,,1204500,2409.000000,64
window_counter,painter_drain_events,,,,,2000,4.000000,64
window_gauge,painter_commands,,,,,3646,3646.000000,64
window_gauge,painter_tiles_remaining_set,,,,,2916,2916.000000,64
window_gauge,zone_map_count,,,,,79,79.000000,64
window_gauge,zone_map_capacity,,,,,256,256.000000,64
window_gauge,npc_slot_max,,,,,65,65.000000,64
window_counter,iface_open,,,,,2,0.004000,64
window_counter,iface_close,,,,,2,0.004000,64
window_counter,iface_bake_reuse,,,,,2,0.004000,64
window_counter,iface_mount_ns,,,,,158000,316.000000,64
window_counter,uitree_anim_scan,,,,,274,0.548000,64
window_counter,uitree_anim_scan_nodes,,,,,2772606,5545.212000,64
window_counter,uitree_anim_model_nodes,,,,,822,1.644000,64
window_counter,uitree_hook_index_rebuild_nodes,,,,,1366065,2732.130000,64
window_stage,frame,4828064,4589000,5363000,85625000,,,65
window_stage,async,150102,3000,198000,27265000,,,65
window_stage,logic,553576,199000,889000,81002000,,,65
window_stage,cs2,371396,0,703000,80743000,,,65
window_stage,layout,66,0,1000,1000,,,65
window_stage,interact,19670,19000,27000,50000,,,65
window_stage,emit,239782,220000,438000,543000,,,65
window_stage,paint,451868,449000,486000,636000,,,65
window_stage,build,451948,449000,486000,636000,,,65
window_stage,render,2989522,3075000,3440000,3681000,,,65
window_stage,present,137996,135000,151000,177000,,,65
window_stage,server,3284,1000,3000,143000,,,65
window_counter,uitree_find_id,,,,,532977,1065.954000,65
window_counter,uitree_find_id_probes,,,,,2088968,4177.936000,65
window_counter,uitree_id_rebuild,,,,,163,0.326000,65
window_counter,uitree_find_child,,,,,17918,35.836000,65
window_counter,uitree_find_child_hit,,,,,14317,28.634000,65
window_counter,uitree_find_child_ceil_miss,,,,,3327,6.654000,65
window_counter,uitree_walk_emit,,,,,1835631,3671.262000,65
window_counter,uitree_walk_hit,,,,,355000,710.000000,65
window_counter,uitree_walk_hover,,,,,52500,105.000000,65
window_counter,uitree_emit_skip,,,,,1527001,3054.002000,65
window_counter,uitree_layout_resolve,,,,,345,0.690000,65
window_counter,uitree_layout_skip,,,,,161,0.322000,65
window_counter,uitree_layout_nodes,,,,,1861896,3723.792000,65
window_counter,uitree_layout_node_skip,,,,,1828949,3657.898000,65
window_counter,uitree_layout_depth_recompute,,,,,173,0.346000,65
window_counter,uitree_ensure_layout,,,,,8497,16.994000,65
window_counter,uitree_cc_create,,,,,3347,6.694000,65
window_counter,uitree_cc_deleteall,,,,,328,0.656000,65
window_counter,uitree_cc_deleteall_rows,,,,,3288,6.576000,65
window_counter,uitree_apply_geo,,,,,62857,125.714000,65
window_counter,uitree_apply_content,,,,,65830,131.660000,65
window_counter,uitree_apply_hook,,,,,13840,27.680000,65
window_counter,uitree_apply_other,,,,,266386,532.772000,65
window_gauge,uitree_components,,,,,10119,10119.000000,65
window_gauge,uitree_capacity,,,,,16384,16384.000000,65
window_gauge,uitree_node_bytes,,,,,28442624,28442624.000000,65
window_counter,cs2_scripts,,,,,3614,7.228000,65
window_counter,cs2_opcodes,,,,,1337799,2675.598000,65
window_counter,cs2_host_ops,,,,,194498,388.996000,65
window_counter,cs2_cycles,,,,,1337799,2675.598000,65
window_counter,cs2_aborts,,,,,8,0.016000,65
window_counter,cs2_vm_acquire,,,,,3614,7.228000,65
window_counter,cs2_vm_pool_hit,,,,,3614,7.228000,65
window_counter,cs2_vm_init_ns,,,,,2962000,5924.000000,65
window_counter,cs2_frame_pool_hit,,,,,8657,17.314000,65
window_counter,cache_model_hit,,,,,18064,36.128000,65
window_counter,cache_sprite_hit,,,,,722,1.444000,65
window_counter,painter_pops,,,,,2861000,5722.000000,65
window_counter,painter_gate_rejects,,,,,1243500,2487.000000,65
window_counter,painter_pushes,,,,,2861000,5722.000000,65
window_counter,painter_push_dedup,,,,,1204500,2409.000000,65
window_counter,painter_drain_events,,,,,2000,4.000000,65
window_gauge,painter_commands,,,,,3646,3646.000000,65
window_gauge,painter_tiles_remaining_set,,,,,2916,2916.000000,65
window_gauge,zone_map_count,,,,,80,80.000000,65
window_gauge,zone_map_capacity,,,,,256,256.000000,65
window_gauge,npc_slot_max,,,,,65,65.000000,65
window_counter,iface_open,,,,,4,0.008000,65
window_counter,iface_close,,,,,6,0.012000,65
window_counter,iface_bake_reuse,,,,,4,0.008000,65
window_counter,iface_mount_ns,,,,,310000,620.000000,65
window_counter,iface_close_ns,,,,,690000,1380.000000,65
window_counter,uitree_anim_scan,,,,,304,0.608000,65
window_counter,uitree_anim_scan_nodes,,,,,3076176,6152.352000,65
window_counter,uitree_anim_model_nodes,,,,,912,1.824000,65
window_counter,uitree_hook_index_rebuild_nodes,,,,,1487493,2974.986000,65
window_stage,frame,4239996,4075000,5018000,31398000,,,66
window_stage,async,154198,2000,186000,26959000,,,66
window_stage,logic,386492,206000,899000,7770000,,,66
window_stage,cs2,201278,0,702000,7520000,,,66
window_stage,layout,70,0,1000,1000,,,66
window_stage,interact,19510,19000,28000,34000,,,66
window_stage,emit,174738,170000,287000,436000,,,66
window_stage,paint,451540,446000,499000,565000,,,66
window_stage,build,451656,446000,499000,565000,,,66
window_stage,render,2640670,2590000,3108000,3862000,,,66
window_stage,present,138694,136000,151000,190000,,,66
window_stage,server,3054,1000,3000,183000,,,66
window_counter,uitree_find_id,,,,,419058,838.116000,66
window_counter,uitree_find_id_probes,,,,,765877,1531.754000,66
window_counter,uitree_id_rebuild,,,,,50,0.100000,66
window_counter,uitree_find_child,,,,,7044,14.088000,66
window_counter,uitree_find_child_hit,,,,,4596,9.192000,66
window_counter,uitree_find_child_ceil_miss,,,,,2382,4.764000,66
window_counter,uitree_walk_emit,,,,,1540693,3081.386000,66
window_counter,uitree_walk_hit,,,,,355000,710.000000,66
window_counter,uitree_walk_hover,,,,,52500,105.000000,66
window_counter,uitree_emit_skip,,,,,1333382,2666.764000,66
window_counter,uitree_layout_resolve,,,,,291,0.582000,66
window_counter,uitree_layout_skip,,,,,143,0.286000,66
window_counter,uitree_layout_nodes,,,,,1497612,2995.224000,66
window_counter,uitree_layout_node_skip,,,,,1456557,2913.114000,66
window_counter,uitree_layout_depth_recompute,,,,,144,0.288000,66
window_counter,uitree_ensure_layout,,,,,7203,14.406000,66
window_counter,uitree_cc_create,,,,,2237,4.474000,66
window_counter,uitree_cc_deleteall,,,,,224,0.448000,66
window_counter,uitree_cc_deleteall_rows,,,,,2210,4.420000,66
window_counter,uitree_apply_geo,,,,,55476,110.952000,66
window_counter,uitree_apply_content,,,,,57081,114.162000,66
window_counter,uitree_apply_hook,,,,,1445,2.890000,66
window_counter,uitree_apply_other,,,,,256793,513.586000,66
window_gauge,uitree_components,,,,,10119,10119.000000,66
window_gauge,uitree_capacity,,,,,16384,16384.000000,66
window_gauge,uitree_node_bytes,,,,,28442624,28442624.000000,66
window_counter,cs2_scripts,,,,,3016,6.032000,66
window_counter,cs2_opcodes,,,,,613125,1226.250000,66
window_counter,cs2_host_ops,,,,,85001,170.002000,66
window_counter,cs2_cycles,,,,,613125,1226.250000,66
window_counter,cs2_aborts,,,,,3,0.006000,66
window_counter,cs2_vm_acquire,,,,,3016,6.032000,66
window_counter,cs2_vm_pool_hit,,,,,3016,6.032000,66
window_counter,cs2_vm_init_ns,,,,,2406000,4812.000000,66
window_counter,cs2_frame_pool_hit,,,,,6606,13.212000,66
window_counter,cache_model_hit,,,,,432,0.864000,66
window_counter,cache_sprite_hit,,,,,290,0.580000,66
window_counter,painter_pops,,,,,2861000,5722.000000,66
window_counter,painter_gate_rejects,,,,,1243500,2487.000000,66
window_counter,painter_pushes,,,,,2861000,5722.000000,66
window_counter,painter_push_dedup,,,,,1204500,2409.000000,66
window_counter,painter_drain_events,,,,,2000,4.000000,66
window_gauge,painter_commands,,,,,3646,3646.000000,66
window_gauge,painter_tiles_remaining_set,,,,,2916,2916.000000,66
window_gauge,zone_map_count,,,,,80,80.000000,66
window_gauge,zone_map_capacity,,,,,256,256.000000,66
window_gauge,npc_slot_max,,,,,65,65.000000,66
window_counter,iface_open,,,,,2,0.004000,66
window_counter,iface_close,,,,,2,0.004000,66
window_counter,iface_bake_reuse,,,,,2,0.004000,66
window_counter,iface_mount_ns,,,,,177000,354.000000,66
window_counter,uitree_anim_scan,,,,,276,0.552000,66
window_counter,uitree_anim_scan_nodes,,,,,2792844,5585.688000,66
window_counter,uitree_anim_model_nodes,,,,,828,1.656000,66
window_counter,uitree_hook_index_rebuild_nodes,,,,,1376184,2752.368000,66
window_stage,frame,4842754,4564000,5328000,85297000,,,67
window_stage,async,148630,3000,198000,27017000,,,67
window_stage,logic,564090,214000,905000,80394000,,,67
window_stage,cs2,377190,0,714000,80122000,,,67
window_stage,layout,66,0,1000,1000,,,67
window_stage,interact,20156,19000,27000,88000,,,67
window_stage,emit,222700,210000,369000,548000,,,67
window_stage,paint,454728,449000,489000,967000,,,67
window_stage,build,454850,449000,489000,968000,,,67
window_stage,render,3008826,2897000,3439000,4009000,,,67
window_stage,present,138790,136000,152000,264000,,,67
window_stage,server,3250,1000,3000,132000,,,67
window_counter,uitree_find_id,,,,,534712,1069.424000,67
window_counter,uitree_find_id_probes,,,,,1815726,3631.452000,67
window_counter,uitree_id_rebuild,,,,,163,0.326000,67
window_counter,uitree_find_child,,,,,18012,36.024000,67
window_counter,uitree_find_child_hit,,,,,14357,28.714000,67
window_counter,uitree_find_child_ceil_miss,,,,,3353,6.706000,67
window_counter,uitree_walk_emit,,,,,1731685,3463.370000,67
window_counter,uitree_walk_hit,,,,,355000,710.000000,67
window_counter,uitree_walk_hover,,,,,52500,105.000000,67
window_counter,uitree_emit_skip,,,,,1410021,2820.042000,67
window_counter,uitree_layout_resolve,,,,,348,0.696000,67
window_counter,uitree_layout_skip,,,,,162,0.324000,67
window_counter,uitree_layout_nodes,,,,,1882134,3764.268000,67
window_counter,uitree_layout_node_skip,,,,,1849152,3698.304000,67
window_counter,uitree_layout_depth_recompute,,,,,173,0.346000,67
window_counter,uitree_ensure_layout,,,,,8577,17.154000,67
window_counter,uitree_cc_create,,,,,3347,6.694000,67
window_counter,uitree_cc_deleteall,,,,,327,0.654000,67
window_counter,uitree_cc_deleteall_rows,,,,,3288,6.576000,67
window_counter,uitree_apply_geo,,,,,62987,125.974000,67
window_counter,uitree_apply_content,,,,,65878,131.756000,67
window_counter,uitree_apply_hook,,,,,14009,28.018000,67
window_counter,uitree_apply_other,,,,,266593,533.186000,67
window_gauge,uitree_components,,,,,10119,10119.000000,67
window_gauge,uitree_capacity,,,,,16384,16384.000000,67
window_gauge,uitree_node_bytes,,,,,28442624,28442624.000000,67
window_counter,cs2_scripts,,,,,3567,7.134000,67
window_counter,cs2_opcodes,,,,,1382867,2765.734000,67
window_counter,cs2_host_ops,,,,,200306,400.612000,67
window_counter,cs2_cycles,,,,,1382867,2765.734000,67
window_counter,cs2_aborts,,,,,10,0.020000,67
window_counter,cs2_vm_acquire,,,,,3567,7.134000,67
window_counter,cs2_vm_pool_hit,,,,,3567,7.134000,67
window_counter,cs2_vm_init_ns,,,,,2836000,5672.000000,67
window_counter,cs2_frame_pool_hit,,,,,8955,17.910000,67
window_counter,cache_model_hit,,,,,18062,36.124000,67
window_counter,cache_sprite_hit,,,,,752,1.504000,67
window_counter,painter_pops,,,,,2861000,5722.000000,67
window_counter,painter_gate_rejects,,,,,1243500,2487.000000,67
window_counter,painter_pushes,,,,,2861000,5722.000000,67
window_counter,painter_push_dedup,,,,,1204500,2409.000000,67
window_counter,painter_drain_events,,,,,2000,4.000000,67
window_gauge,painter_commands,,,,,3646,3646.000000,67
window_gauge,painter_tiles_remaining_set,,,,,2916,2916.000000,67
window_gauge,scene_elements,,,,,59775,59775.000000,67
window_gauge,scene_anim_list,,,,,309,309.000000,67
window_gauge,zone_map_count,,,,,80,80.000000,67
window_gauge,zone_map_capacity,,,,,256,256.000000,67
window_gauge,npc_slot_max,,,,,65,65.000000,67
window_gauge,cache_model_size,,,,,1169,1169.000000,67
window_gauge,cache_sprite_size,,,,,669,669.000000,67
window_counter,iface_open,,,,,4,0.008000,67
window_counter,iface_close,,,,,7,0.014000,67
window_counter,iface_bake_reuse,,,,,4,0.008000,67
window_counter,iface_mount_ns,,,,,319000,638.000000,67
window_counter,iface_close_ns,,,,,1428000,2856.000000,67
window_gauge,iface_groups_resident,,,,,33,33.000000,67
window_gauge,uitree_hidden,,,,,4384,4384.000000,67
window_gauge,uitree_unmounted,,,,,5,5.000000,67
window_gauge,uitree_hook_blocks,,,,,2872,2872.000000,67
window_gauge,uitree_hook_bytes,,,,,29294400,29294400.000000,67
window_gauge,host_inv_hooks,,,,,19,19.000000,67
window_gauge,host_var_hooks,,,,,163,163.000000,67
window_gauge,host_stat_hooks,,,,,65,65.000000,67
window_gauge,bridge_sprite_map,,,,,620,620.000000,67
window_gauge,bridge_model_map,,,,,1,1.000000,67
window_gauge,bridge_obj_icon_map,,,,,77,77.000000,67
window_gauge,cache_clientscript_size,,,,,654,654.000000,67
window_counter,uitree_anim_scan,,,,,306,0.612000,67
window_counter,uitree_anim_scan_nodes,,,,,3096414,6192.828000,67
window_counter,uitree_anim_model_nodes,,,,,918,1.836000,67
window_counter,uitree_hook_index_rebuild_nodes,,,,,1497612,2995.224000,67
window_stage,frame,4138944,4027000,4617000,32358000,,,68
window_stage,async,157362,2000,194000,27816000,,,68
window_stage,logic,377630,203000,884000,7733000,,,68
window_stage,cs2,197002,0,705000,7476000,,,68
window_stage,layout,60,0,1000,1000,,,68
window_stage,interact,18604,18000,26000,48000,,,68
window_stage,emit,160710,155000,246000,318000,,,68
window_stage,paint,446702,443000,485000,577000,,,68
window_stage,build,446814,443000,485000,578000,,,68
window_stage,render,2576650,2540000,2848000,3258000,,,68
window_stage,present,137738,135000,149000,170000,,,68
window_stage,server,2794,1000,3000,177000,,,68
window_counter,uitree_find_id,,,,,419103,838.206000,68
window_counter,uitree_find_id_probes,,,,,783774,1567.548000,68
window_counter,uitree_id_rebuild,,,,,50,0.100000,68
window_counter,uitree_find_child,,,,,7123,14.246000,68
window_counter,uitree_find_child_hit,,,,,4636,9.272000,68
window_counter,uitree_find_child_ceil_miss,,,,,2421,4.842000,68
window_counter,uitree_walk_emit,,,,,1526937,3053.874000,68
window_counter,uitree_walk_hit,,,,,355000,710.000000,68
window_counter,uitree_walk_hover,,,,,52500,105.000000,68
window_counter,uitree_emit_skip,,,,,1333268,2666.536000,68
window_counter,uitree_layout_resolve,,,,,285,0.570000,68
window_counter,uitree_layout_skip,,,,,140,0.280000,68
window_counter,uitree_layout_nodes,,,,,1467255,2934.510000,68
window_counter,uitree_layout_node_skip,,,,,1426152,2852.304000,68
window_counter,uitree_layout_depth_recompute,,,,,141,0.282000,68
window_counter,uitree_ensure_layout,,,,,7120,14.240000,68
window_counter,uitree_cc_create,,,,,2237,4.474000,68
window_counter,uitree_cc_deleteall,,,,,221,0.442000,68
window_counter,uitree_cc_deleteall_rows,,,,,2210,4.420000,68
window_counter,uitree_apply_geo,,,,,55591,111.182000,68
window_counter,uitree_apply_content,,,,,57006,114.012000,68
window_counter,uitree_apply_hook,,,,,1532,3.064000,68
window_counter,uitree_apply_other,,,,,256773,513.546000,68
window_gauge,uitree_components,,,,,10119,10119.000000,68
window_gauge,uitree_capacity,,,,,16384,16384.000000,68
window_gauge,uitree_node_bytes,,,,,28442624,28442624.000000,68
window_counter,cs2_scripts,,,,,2953,5.906000,68
window_counter,cs2_opcodes,,,,,625743,1251.486000,68
window_counter,cs2_host_ops,,,,,86012,172.024000,68
window_counter,cs2_cycles,,,,,625743,1251.486000,68
window_counter,cs2_aborts,,,,,3,0.006000,68
window_counter,cs2_vm_acquire,,,,,2953,5.906000,68
window_counter,cs2_vm_pool_hit,,,,,2953,5.906000,68
window_counter,cs2_vm_init_ns,,,,,2517000,5034.000000,68
window_counter,cs2_frame_pool_hit,,,,,6538,13.076000,68
window_counter,cache_model_hit,,,,,432,0.864000,68
window_counter,cache_sprite_hit,,,,,290,0.580000,68
window_counter,painter_pops,,,,,2861000,5722.000000,68
window_counter,painter_gate_rejects,,,,,1243500,2487.000000,68
window_counter,painter_pushes,,,,,2861000,5722.000000,68
window_counter,painter_push_dedup,,,,,1204500,2409.000000,68
window_counter,painter_drain_events,,,,,2000,4.000000,68
window_gauge,painter_commands,,,,,3646,3646.000000,68
window_gauge,painter_tiles_remaining_set,,,,,2916,2916.000000,68
window_gauge,scene_elements,,,,,59775,59775.000000,68
window_gauge,scene_anim_list,,,,,309,309.000000,68
window_gauge,zone_map_count,,,,,80,80.000000,68
window_gauge,zone_map_capacity,,,,,256,256.000000,68
window_gauge,npc_slot_max,,,,,65,65.000000,68
window_gauge,cache_model_size,,,,,1169,1169.000000,68
window_gauge,cache_sprite_size,,,,,669,669.000000,68
window_counter,iface_open,,,,,2,0.004000,68
window_counter,iface_close,,,,,2,0.004000,68
window_counter,iface_bake_reuse,,,,,2,0.004000,68
window_counter,iface_mount_ns,,,,,190000,380.000000,68
window_gauge,iface_groups_resident,,,,,33,33.000000,68
window_gauge,uitree_hidden,,,,,4384,4384.000000,68
window_gauge,uitree_unmounted,,,,,5,5.000000,68
window_gauge,uitree_hook_blocks,,,,,2872,2872.000000,68
window_gauge,uitree_hook_bytes,,,,,29294400,29294400.000000,68
window_gauge,host_inv_hooks,,,,,19,19.000000,68
window_gauge,host_var_hooks,,,,,163,163.000000,68
window_gauge,host_stat_hooks,,,,,65,65.000000,68
window_gauge,bridge_sprite_map,,,,,620,620.000000,68
window_gauge,bridge_model_map,,,,,1,1.000000,68
window_gauge,bridge_obj_icon_map,,,,,77,77.000000,68
window_gauge,cache_clientscript_size,,,,,654,654.000000,68
window_counter,uitree_anim_scan,,,,,270,0.540000,68
window_counter,uitree_anim_scan_nodes,,,,,2732130,5464.260000,68
window_counter,uitree_anim_model_nodes,,,,,810,1.620000,68
window_counter,uitree_hook_index_rebuild_nodes,,,,,1345827,2691.654000,68
window_stage,frame,4734668,4485000,5395000,85094000,,,69
window_stage,async,94044,3000,194000,18711000,,,69
window_stage,logic,553818,212000,904000,80345000,,,69
window_stage,cs2,365872,0,705000,80038000,,,69
window_stage,layout,64,0,1000,1000,,,69
window_stage,interact,20286,19000,28000,79000,,,69
window_stage,emit,243830,225000,440000,567000,,,69
window_stage,paint,453442,449000,493000,683000,,,69
window_stage,build,453544,449000,494000,683000,,,69
window_stage,render,2944132,2828000,3427000,3647000,,,69
window_stage,present,138444,136000,153000,181000,,,69
window_stage,server,3506,1000,3000,160000,,,69
window_counter,uitree_find_id,,,,,513765,1027.530000,69
window_counter,uitree_find_id_probes,,,,,1821223,3642.446000,69
window_counter,uitree_id_rebuild,,,,,138,0.276000,69
window_counter,uitree_find_child,,,,,14789,29.578000,69
window_counter,uitree_find_child_hit,,,,,12167,24.334000,69
window_counter,uitree_find_child_ceil_miss,,,,,2351,4.702000,69
window_counter,uitree_walk_emit,,,,,1837860,3675.720000,69
window_counter,uitree_walk_hit,,,,,355000,710.000000,69
window_counter,uitree_walk_hover,,,,,52500,105.000000,69
window_counter,uitree_emit_skip,,,,,1507870,3015.740000,69
window_counter,uitree_layout_resolve,,,,,338,0.676000,69
window_counter,uitree_layout_skip,,,,,156,0.312000,69
window_counter,uitree_layout_nodes,,,,,1841658,3683.316000,69
window_counter,uitree_layout_node_skip,,,,,1829023,3658.046000,69
window_counter,uitree_layout_depth_recompute,,,,,171,0.342000,69
window_counter,uitree_ensure_layout,,,,,8346,16.692000,69
window_counter,uitree_cc_create,,,,,2413,4.826000,69
window_counter,uitree_cc_deleteall,,,,,301,0.602000,69
window_counter,uitree_cc_deleteall_rows,,,,,2361,4.722000,69
window_counter,uitree_apply_geo,,,,,61156,122.312000,69
window_counter,uitree_apply_content,,,,,64218,128.436000,69
window_counter,uitree_apply_hook,,,,,13589,27.178000,69
window_counter,uitree_apply_other,,,,,263408,526.816000,69
window_gauge,uitree_components,,,,,10119,10119.000000,69
window_gauge,uitree_capacity,,,,,16384,16384.000000,69
window_gauge,uitree_node_bytes,,,,,28442624,28442624.000000,69
window_counter,cs2_scripts,,,,,3542,7.084000,69
window_counter,cs2_opcodes,,,,,1231046,2462.092000,69
window_counter,cs2_host_ops,,,,,179818,359.636000,69
window_counter,cs2_cycles,,,,,1231046,2462.092000,69
window_counter,cs2_aborts,,,,,9,0.018000,69
window_counter,cs2_vm_acquire,,,,,3542,7.084000,69
window_counter,cs2_vm_pool_hit,,,,,3542,7.084000,69
window_counter,cs2_vm_init_ns,,,,,2797000,5594.000000,69
window_counter,cs2_frame_pool_hit,,,,,8590,17.180000,69
window_counter,cache_model_hit,,,,,17932,35.864000,69
window_counter,cache_sprite_hit,,,,,698,1.396000,69
window_counter,painter_pops,,,,,2861699,5723.398000,69
window_counter,painter_gate_rejects,,,,,1244080,2488.160000,69
window_counter,painter_pushes,,,,,2861699,5723.398000,69
window_counter,painter_push_dedup,,,,,1204065,2408.130000,69
window_counter,painter_drain_events,,,,,2000,4.000000,69
window_gauge,painter_commands,,,,,3645,3645.000000,69
window_gauge,painter_tiles_remaining_set,,,,,2916,2916.000000,69
window_gauge,scene_elements,,,,,59775,59775.000000,69
window_gauge,scene_anim_list,,,,,309,309.000000,69
window_gauge,zone_map_count,,,,,80,80.000000,69
window_gauge,zone_map_capacity,,,,,256,256.000000,69
window_gauge,npc_slot_max,,,,,65,65.000000,69
window_gauge,cache_model_size,,,,,1169,1169.000000,69
window_gauge,cache_sprite_size,,,,,669,669.000000,69
window_counter,iface_open,,,,,3,0.006000,69
window_counter,iface_close,,,,,6,0.012000,69
window_counter,iface_bake_reuse,,,,,3,0.006000,69
window_counter,iface_mount_ns,,,,,203000,406.000000,69
window_counter,iface_close_ns,,,,,1385000,2770.000000,69
window_gauge,iface_groups_resident,,,,,33,33.000000,69
window_gauge,uitree_hidden,,,,,4384,4384.000000,69
window_gauge,uitree_unmounted,,,,,5,5.000000,69
window_gauge,uitree_hook_blocks,,,,,2872,2872.000000,69
window_gauge,uitree_hook_bytes,,,,,29294400,29294400.000000,69
window_gauge,host_inv_hooks,,,,,19,19.000000,69
window_gauge,host_var_hooks,,,,,163,163.000000,69
window_gauge,host_stat_hooks,,,,,65,65.000000,69
window_gauge,bridge_sprite_map,,,,,620,620.000000,69
window_gauge,bridge_model_map,,,,,1,1.000000,69
window_gauge,bridge_obj_icon_map,,,,,77,77.000000,69
window_gauge,cache_clientscript_size,,,,,654,654.000000,69
window_counter,uitree_anim_scan,,,,,300,0.600000,69
window_counter,uitree_anim_scan_nodes,,,,,3035700,6071.400000,69
window_counter,uitree_anim_model_nodes,,,,,900,1.800000,69
window_counter,uitree_hook_index_rebuild_nodes,,,,,1487493,2974.986000,69
window_stage,frame,4417332,4054000,4810000,70158000,,,70
window_stage,async,290172,2000,191000,65455000,,,70
window_stage,logic,400738,198000,907000,6983000,,,70
window_stage,cs2,213418,0,719000,6730000,,,70
window_stage,layout,48,0,0,1000,,,70
window_stage,interact,19880,18000,27000,230000,,,70
window_stage,emit,167372,162000,264000,419000,,,70
window_stage,paint,466520,448000,496000,2936000,,,70
window_stage,build,466656,448000,497000,2937000,,,70
window_stage,render,2656158,2567000,2964000,17189000,,,70
window_stage,present,138612,136000,152000,227000,,,70
window_stage,server,2712,1000,3000,159000,,,70
window_counter,uitree_find_id,,,,,440325,880.650000,70
window_counter,uitree_find_id_probes,,,,,822065,1644.130000,70
window_counter,uitree_id_rebuild,,,,,75,0.150000,70
window_counter,uitree_find_child,,,,,10267,20.534000,70
window_counter,uitree_find_child_hit,,,,,6786,13.572000,70
window_counter,uitree_find_child_ceil_miss,,,,,3384,6.768000,70
window_counter,uitree_walk_emit,,,,,1521089,3042.178000,70
window_counter,uitree_walk_hit,,,,,355000,710.000000,70
window_counter,uitree_walk_hover,,,,,52500,105.000000,70
window_counter,uitree_emit_skip,,,,,1332566,2665.132000,70
window_counter,uitree_layout_resolve,,,,,303,0.606000,70
window_counter,uitree_layout_skip,,,,,149,0.298000,70
window_counter,uitree_layout_nodes,,,,,1558326,3116.652000,70
window_counter,uitree_layout_node_skip,,,,,1496955,2993.910000,70
window_counter,uitree_layout_depth_recompute,,,,,148,0.296000,70
window_counter,uitree_ensure_layout,,,,,7615,15.230000,70
window_counter,uitree_cc_create,,,,,3171,6.342000,70
window_counter,uitree_cc_deleteall,,,,,253,0.506000,70
window_counter,uitree_cc_deleteall_rows,,,,,3137,6.274000,70
window_counter,uitree_apply_geo,,,,,57307,114.614000,70
window_counter,uitree_apply_content,,,,,58783,117.566000,70
window_counter,uitree_apply_hook,,,,,1868,3.736000,70
window_counter,uitree_apply_other,,,,,259978,519.956000,70
window_gauge,uitree_components,,,,,10119,10119.000000,70
window_gauge,uitree_capacity,,,,,16384,16384.000000,70
window_gauge,uitree_node_bytes,,,,,28442624,28442624.000000,70
window_counter,cs2_scripts,,,,,3150,6.300000,70
window_counter,cs2_opcodes,,,,,770551,1541.102000,70
window_counter,cs2_host_ops,,,,,106286,212.572000,70
window_counter,cs2_cycles,,,,,770551,1541.102000,70
window_counter,cs2_aborts,,,,,4,0.008000,70
window_counter,cs2_vm_acquire,,,,,3150,6.300000,70
window_counter,cs2_vm_pool_hit,,,,,3150,6.300000,70
window_counter,cs2_vm_init_ns,,,,,2500000,5000.000000,70
window_counter,cs2_frame_pool_hit,,,,,7166,14.332000,70
window_counter,cache_model_hit,,,,,564,1.128000,70
window_counter,cache_sprite_hit,,,,,344,0.688000,70
window_counter,painter_pops,,,,,2860500,5721.000000,70
window_counter,painter_gate_rejects,,,,,1243500,2487.000000,70
window_counter,painter_pushes,,,,,2860500,5721.000000,70
window_counter,painter_push_dedup,,,,,1204500,2409.000000,70
window_counter,painter_drain_events,,,,,2000,4.000000,70
window_gauge,painter_commands,,,,,3645,3645.000000,70
window_gauge,painter_tiles_remaining_set,,,,,2916,2916.000000,70
window_gauge,zone_map_count,,,,,80,80.000000,70
window_gauge,zone_map_capacity,,,,,256,256.000000,70
window_gauge,npc_slot_max,,,,,65,65.000000,70
window_counter,iface_open,,,,,3,0.006000,70
window_counter,iface_close,,,,,3,0.006000,70
window_counter,iface_bake_reuse,,,,,3,0.006000,70
window_counter,iface_mount_ns,,,,,256000,512.000000,70
window_counter,uitree_anim_scan,,,,,284,0.568000,70
window_counter,uitree_anim_scan_nodes,,,,,2873796,5747.592000,70
window_counter,uitree_anim_model_nodes,,,,,852,1.704000,70
window_counter,uitree_hook_index_rebuild_nodes,,,,,1386303,2772.606000,70
window_stage,frame,4884928,4645000,5426000,86009000,,,71
window_stage,async,94336,2000,194000,18957000,,,71
window_stage,logic,582032,208000,891000,81307000,,,71
window_stage,cs2,368924,0,700000,81054000,,,71
window_stage,layout,40,0,0,1000,,,71
window_stage,interact,20118,19000,27000,48000,,,71
window_stage,emit,254566,232000,450000,576000,,,71
window_stage,paint,456278,452000,496000,693000,,,71
window_stage,build,456404,452000,496000,694000,,,71
window_stage,render,3048170,3069000,3465000,4205000,,,71
window_stage,present,138774,136000,152000,186000,,,71
window_stage,server,3022,1000,3000,133000,,,71
window_counter,uitree_find_id,,,,,513721,1027.442000,71
window_counter,uitree_find_id_probes,,,,,1762541,3525.082000,71
window_counter,uitree_id_rebuild,,,,,138,0.276000,71
window_counter,uitree_find_child,,,,,14893,29.786000,71
window_counter,uitree_find_child_hit,,,,,12247,24.494000,71
window_counter,uitree_find_child_ceil_miss,,,,,2403,4.806000,71
window_counter,uitree_walk_emit,,,,,1860150,3720.300000,71
window_counter,uitree_walk_hit,,,,,355000,710.000000,71
window_counter,uitree_walk_hover,,,,,52500,105.000000,71
window_counter,uitree_emit_skip,,,,,1525317,3050.634000,71
window_counter,uitree_layout_resolve,,,,,343,0.686000,71
window_counter,uitree_layout_skip,,,,,159,0.318000,71
window_counter,uitree_layout_nodes,,,,,1861896,3723.792000,71
window_counter,uitree_layout_node_skip,,,,,1839081,3678.162000,71
window_counter,uitree_layout_depth_recompute,,,,,174,0.348000,71
window_counter,uitree_ensure_layout,,,,,8508,17.016000,71
window_counter,uitree_cc_create,,,,,2413,4.826000,71
window_counter,uitree_cc_deleteall,,,,,306,0.612000,71
window_counter,uitree_cc_deleteall_rows,,,,,2361,4.722000,71
window_counter,uitree_apply_geo,,,,,61266,122.532000,71
window_counter,uitree_apply_content,,,,,64232,128.464000,71
window_counter,uitree_apply_hook,,,,,13604,27.208000,71
window_counter,uitree_apply_other,,,,,263201,526.402000,71
window_gauge,uitree_components,,,,,10119,10119.000000,71
window_gauge,uitree_capacity,,,,,16384,16384.000000,71
window_gauge,uitree_node_bytes,,,,,28442624,28442624.000000,71
window_counter,cs2_scripts,,,,,3621,7.242000,71
window_counter,cs2_opcodes,,,,,1232916,2465.832000,71
window_counter,cs2_host_ops,,,,,178717,357.434000,71
window_counter,cs2_cycles,,,,,1232916,2465.832000,71
window_counter,cs2_aborts,,,,,7,0.014000,71
window_counter,cs2_vm_acquire,,,,,3621,7.242000,71
window_counter,cs2_vm_pool_hit,,,,,3621,7.242000,71
window_counter,cs2_vm_init_ns,,,,,2853000,5706.000000,71
window_counter,cs2_frame_pool_hit,,,,,8507,17.014000,71
window_counter,cache_model_hit,,,,,17930,35.860000,71
window_counter,cache_sprite_hit,,,,,668,1.336000,71
window_counter,painter_pops,,,,,2860500,5721.000000,71
window_counter,painter_gate_rejects,,,,,1243500,2487.000000,71
window_counter,painter_pushes,,,,,2860500,5721.000000,71
window_counter,painter_push_dedup,,,,,1204500,2409.000000,71
window_counter,painter_drain_events,,,,,2000,4.000000,71
window_gauge,painter_commands,,,,,3645,3645.000000,71
window_gauge,painter_tiles_remaining_set,,,,,2916,2916.000000,71
window_gauge,zone_map_count,,,,,80,80.000000,71
window_gauge,zone_map_capacity,,,,,256,256.000000,71
window_gauge,npc_slot_max,,,,,65,65.000000,71
window_counter,iface_open,,,,,3,0.006000,71
window_counter,iface_close,,,,,5,0.010000,71
window_counter,iface_bake_reuse,,,,,3,0.006000,71
window_counter,iface_mount_ns,,,,,200000,400.000000,71
window_counter,iface_close_ns,,,,,700000,1400.000000,71
window_counter,uitree_anim_scan,,,,,308,0.616000,71
window_counter,uitree_anim_scan_nodes,,,,,3116652,6233.304000,71
window_counter,uitree_anim_model_nodes,,,,,924,1.848000,71
window_counter,uitree_hook_index_rebuild_nodes,,,,,1517850,3035.700000,71
window_stage,frame,4193214,4022000,4633000,31917000,,,72
window_stage,async,209584,2000,194000,27153000,,,72
window_stage,logic,380086,192000,887000,7983000,,,72
window_stage,cs2,202412,0,702000,7732000,,,72
window_stage,layout,62,0,1000,1000,,,72
window_stage,interact,19194,19000,27000,46000,,,72
window_stage,emit,161412,156000,246000,331000,,,72
window_stage,paint,449712,447000,483000,624000,,,72
window_stage,build,449840,447000,484000,624000,,,72
window_stage,render,2569976,2545000,2866000,3267000,,,72
window_stage,present,138092,135000,150000,239000,,,72
window_stage,server,2816,1000,3000,136000,,,72
window_counter,uitree_find_id,,,,,439138,878.276000,72
window_counter,uitree_find_id_probes,,,,,821418,1642.836000,72
window_counter,uitree_id_rebuild,,,,,75,0.150000,72
window_counter,uitree_find_child,,,,,10201,20.402000,72
window_counter,uitree_find_child_hit,,,,,6746,13.492000,72
window_counter,uitree_find_child_ceil_miss,,,,,3358,6.716000,72
window_counter,uitree_walk_emit,,,,,1513775,3027.550000,72
window_counter,uitree_walk_hit,,,,,355000,710.000000,72
window_counter,uitree_walk_hover,,,,,52500,105.000000,72
window_counter,uitree_emit_skip,,,,,1333050,2666.100000,72
window_counter,uitree_layout_resolve,,,,,295,0.590000,72
window_counter,uitree_layout_skip,,,,,146,0.292000,72
window_counter,uitree_layout_nodes,,,,,1507731,3015.462000,72
window_counter,uitree_layout_node_skip,,,,,1446364,2892.728000,72
window_counter,uitree_layout_depth_recompute,,,,,143,0.286000,72
window_counter,uitree_ensure_layout,,,,,7264,14.528000,72
window_counter,uitree_cc_create,,,,,3171,6.342000,72
window_counter,uitree_cc_deleteall,,,,,246,0.492000,72
window_counter,uitree_cc_deleteall_rows,,,,,3137,6.274000,72
window_counter,uitree_apply_geo,,,,,57227,114.454000,72
window_counter,uitree_apply_content,,,,,58679,117.358000,72
window_counter,uitree_apply_hook,,,,,1801,3.602000,72
window_counter,uitree_apply_other,,,,,259978,519.956000,72
window_gauge,uitree_components,,,,,10119,10119.000000,72
window_gauge,uitree_capacity,,,,,16384,16384.000000,72
window_gauge,uitree_node_bytes,,,,,28442624,28442624.000000,72
window_counter,cs2_scripts,,,,,3003,6.006000,72
window_counter,cs2_opcodes,,,,,745293,1490.586000,72
window_counter,cs2_host_ops,,,,,103347,206.694000,72
window_counter,cs2_cycles,,,,,745293,1490.586000,72
window_counter,cs2_aborts,,,,,4,0.008000,72
window_counter,cs2_vm_acquire,,,,,3003,6.006000,72
window_counter,cs2_vm_pool_hit,,,,,3003,6.006000,72
window_counter,cs2_vm_init_ns,,,,,2442000,4884.000000,72
window_counter,cs2_frame_pool_hit,,,,,6832,13.664000,72
window_counter,cache_model_hit,,,,,564,1.128000,72
window_counter,cache_sprite_hit,,,,,344,0.688000,72
window_counter,painter_pops,,,,,2860500,5721.000000,72
window_counter,painter_gate_rejects,,,,,1243500,2487.000000,72
window_counter,painter_pushes,,,,,2860500,5721.000000,72
window_counter,painter_push_dedup,,,,,1204500,2409.000000,72
window_counter,painter_drain_events,,,,,2000,4.000000,72
window_gauge,painter_commands,,,,,3645,3645.000000,72
window_gauge,painter_tiles_remaining_set,,,,,2916,2916.000000,72
window_gauge,scene_elements,,,,,59775,59775.000000,72
window_gauge,scene_anim_list,,,,,309,309.000000,72
window_gauge,zone_map_count,,,,,80,80.000000,72
window_gauge,zone_map_capacity,,,,,256,256.000000,72
window_gauge,npc_slot_max,,,,,65,65.000000,72
window_gauge,cache_model_size,,,,,1169,1169.000000,72
window_gauge,cache_sprite_size,,,,,669,669.000000,72
window_counter,iface_open,,,,,3,0.006000,72
window_counter,iface_close,,,,,3,0.006000,72
window_counter,iface_bake_reuse,,,,,3,0.006000,72
window_counter,iface_mount_ns,,,,,298000,596.000000,72
window_gauge,iface_groups_resident,,,,,33,33.000000,72
window_gauge,uitree_hidden,,,,,4384,4384.000000,72
window_gauge,uitree_unmounted,,,,,5,5.000000,72
window_gauge,uitree_hook_blocks,,,,,2872,2872.000000,72
window_gauge,uitree_hook_bytes,,,,,29294400,29294400.000000,72
window_gauge,host_inv_hooks,,,,,19,19.000000,72
window_gauge,host_var_hooks,,,,,163,163.000000,72
window_gauge,host_stat_hooks,,,,,65,65.000000,72
window_gauge,bridge_sprite_map,,,,,620,620.000000,72
window_gauge,bridge_model_map,,,,,1,1.000000,72
window_gauge,bridge_obj_icon_map,,,,,77,77.000000,72
window_gauge,cache_clientscript_size,,,,,654,654.000000,72
window_counter,uitree_anim_scan,,,,,274,0.548000,72
window_counter,uitree_anim_scan_nodes,,,,,2772606,5545.212000,72
window_counter,uitree_anim_model_nodes,,,,,822,1.644000,72
window_counter,uitree_hook_index_rebuild_nodes,,,,,1355946,2711.892000,72
window_stage,frame,4817492,4528000,5578000,85124000,,,73
window_stage,async,93594,3000,192000,19248000,,,73
window_stage,logic,568214,219000,915000,80446000,,,73
window_stage,cs2,370664,0,714000,80181000,,,73
window_stage,layout,52,0,1000,1000,,,73
window_stage,interact,21894,21000,30000,126000,,,73
window_stage,emit,236168,222000,401000,708000,,,73
window_stage,paint,462230,457000,503000,1665000,,,73
window_stage,build,462400,457000,503000,1665000,,,73
window_stage,render,2996998,2880000,3570000,4407000,,,73
window_stage,present,139012,137000,151000,236000,,,73
window_stage,server,3008,1000,3000,127000,,,73
window_counter,uitree_find_id,,,,,513191,1026.382000,73
window_counter,uitree_find_id_probes,,,,,1754064,3508.128000,73
window_counter,uitree_id_rebuild,,,,,138,0.276000,73
window_counter,uitree_find_child,,,,,14794,29.588000,73
window_counter,uitree_find_child_hit,,,,,12187,24.374000,73
window_counter,uitree_find_child_ceil_miss,,,,,2364,4.728000,73
window_counter,uitree_walk_emit,,,,,1704600,3409.200000,73
window_counter,uitree_walk_hit,,,,,355000,710.000000,73
window_counter,uitree_walk_hover,,,,,52500,105.000000,73
window_counter,uitree_emit_skip,,,,,1379251,2758.502000,73
window_counter,uitree_layout_resolve,,,,,339,0.678000,73
window_counter,uitree_layout_skip,,,,,157,0.314000,73
window_counter,uitree_layout_nodes,,,,,1841658,3683.316000,73
window_counter,uitree_layout_node_skip,,,,,1818890,3637.780000,73
window_counter,uitree_layout_depth_recompute,,,,,172,0.344000,73
window_counter,uitree_ensure_layout,,,,,8298,16.596000,73
window_counter,uitree_cc_create,,,,,2413,4.826000,73
window_counter,uitree_cc_deleteall,,,,,303,0.606000,73
window_counter,uitree_cc_deleteall_rows,,,,,2361,4.722000,73
window_counter,uitree_apply_geo,,,,,61146,122.292000,73
window_counter,uitree_apply_content,,,,,64192,128.384000,73
window_counter,uitree_apply_hook,,,,,13595,27.190000,73
window_counter,uitree_apply_other,,,,,263310,526.620000,73
window_gauge,uitree_components,,,,,10119,10119.000000,73
window_gauge,uitree_capacity,,,,,16384,16384.000000,73
window_gauge,uitree_node_bytes,,,,,28442624,28442624.000000,73
window_counter,cs2_scripts,,,,,3486,6.972000,73
window_counter,cs2_opcodes,,,,,1229099,2458.198000,73
window_counter,cs2_host_ops,,,,,178912,357.824000,73
window_counter,cs2_cycles,,,,,1229099,2458.198000,73
window_counter,cs2_aborts,,,,,7,0.014000,73
window_counter,cs2_vm_acquire,,,,,3486,6.972000,73
window_counter,cs2_vm_pool_hit,,,,,3486,6.972000,73
window_counter,cs2_vm_init_ns,,,,,2625000,5250.000000,73
window_counter,cs2_frame_pool_hit,,,,,8239,16.478000,73
window_counter,cache_model_hit,,,,,17946,35.892000,73
window_counter,cache_sprite_hit,,,,,668,1.336000,73
window_counter,painter_pops,,,,,2860500,5721.000000,73
window_counter,painter_gate_rejects,,,,,1243500,2487.000000,73
window_counter,painter_pushes,,,,,2860500,5721.000000,73
window_counter,painter_push_dedup,,,,,1204500,2409.000000,73
window_counter,painter_drain_events,,,,,2000,4.000000,73
window_gauge,painter_commands,,,,,3645,3645.000000,73
window_gauge,painter_tiles_remaining_set,,,,,2916,2916.000000,73
window_gauge,scene_elements,,,,,59775,59775.000000,73
window_gauge,scene_anim_list,,,,,309,309.000000,73
window_gauge,zone_map_count,,,,,80,80.000000,73
window_gauge,zone_map_capacity,,,,,256,256.000000,73
window_gauge,npc_slot_max,,,,,65,65.000000,73
window_gauge,cache_model_size,,,,,1169,1169.000000,73
window_gauge,cache_sprite_size,,,,,669,669.000000,73
window_counter,iface_open,,,,,3,0.006000,73
window_counter,iface_close,,,,,4,0.008000,73
window_counter,iface_bake_reuse,,,,,3,0.006000,73
window_counter,iface_mount_ns,,,,,227000,454.000000,73
window_counter,iface_close_ns,,,,,913000,1826.000000,73
window_gauge,iface_groups_resident,,,,,33,33.000000,73
window_gauge,uitree_hidden,,,,,4383,4383.000000,73
window_gauge,uitree_unmounted,,,,,4,4.000000,73
window_gauge,uitree_hook_blocks,,,,,2872,2872.000000,73
window_gauge,uitree_hook_bytes,,,,,29294400,29294400.000000,73
window_gauge,host_inv_hooks,,,,,34,34.000000,73
window_gauge,host_var_hooks,,,,,168,168.000000,73
window_gauge,host_stat_hooks,,,,,65,65.000000,73
window_gauge,bridge_sprite_map,,,,,620,620.000000,73
window_gauge,bridge_model_map,,,,,1,1.000000,73
window_gauge,bridge_obj_icon_map,,,,,77,77.000000,73
window_gauge,cache_clientscript_size,,,,,654,654.000000,73
window_counter,uitree_anim_scan,,,,,304,0.608000,73
window_counter,uitree_anim_scan_nodes,,,,,3076176,6152.352000,73
window_counter,uitree_anim_model_nodes,,,,,912,1.824000,73
window_counter,uitree_hook_index_rebuild_nodes,,,,,1497612,2995.224000,73
window_stage,frame,4366002,4114000,5193000,33449000,,,74
window_stage,async,215580,2000,193000,28644000,,,74
window_stage,logic,401596,206000,900000,7665000,,,74
window_stage,cs2,213864,0,698000,7389000,,,74
window_stage,layout,62,0,1000,1000,,,74
window_stage,interact,20084,20000,28000,66000,,,74
window_stage,emit,172814,168000,291000,420000,,,74
window_stage,paint,452834,449000,490000,671000,,,74
window_stage,build,452982,449000,491000,671000,,,74
window_stage,render,2684900,2562000,3332000,6156000,,,74
window_stage,present,139048,136000,152000,358000,,,74
window_stage,server,2864,1000,3000,140000,,,74
window_counter,uitree_find_id,,,,,440339,880.678000,74
window_counter,uitree_find_id_probes,,,,,828329,1656.658000,74
window_counter,uitree_id_rebuild,,,,,75,0.150000,74
window_counter,uitree_find_child,,,,,10176,20.352000,74
window_counter,uitree_find_child_hit,,,,,6706,13.412000,74
window_counter,uitree_find_child_ceil_miss,,,,,3345,6.690000,74
window_counter,uitree_walk_emit,,,,,1522753,3045.506000,74
window_counter,uitree_walk_hit,,,,,355000,710.000000,74
window_counter,uitree_walk_hover,,,,,52500,105.000000,74
window_counter,uitree_emit_skip,,,,,1335076,2670.152000,74
window_counter,uitree_layout_resolve,,,,,305,0.610000,74
window_counter,uitree_layout_skip,,,,,149,0.298000,74
window_counter,uitree_layout_nodes,,,,,1578564,3157.128000,74
window_counter,uitree_layout_node_skip,,,,,1517191,3034.382000,74
window_counter,uitree_layout_depth_recompute,,,,,148,0.296000,74
window_counter,uitree_ensure_layout,,,,,7567,15.134000,74
window_counter,uitree_cc_create,,,,,3171,6.342000,74
window_counter,uitree_cc_deleteall,,,,,251,0.502000,74
window_counter,uitree_cc_deleteall_rows,,,,,3137,6.274000,74
window_counter,uitree_apply_geo,,,,,57232,114.464000,74
window_counter,uitree_apply_content,,,,,58812,117.624000,74
window_counter,uitree_apply_hook,,,,,1802,3.604000,74
window_counter,uitree_apply_other,,,,,260056,520.112000,74
window_gauge,uitree_components,,,,,10119,10119.000000,74
window_gauge,uitree_capacity,,,,,16384,16384.000000,74
window_gauge,uitree_node_bytes,,,,,28442624,28442624.000000,74
window_counter,cs2_scripts,,,,,3148,6.296000,74
window_counter,cs2_opcodes,,,,,756578,1513.156000,74
window_counter,cs2_host_ops,,,,,105807,211.614000,74
window_counter,cs2_cycles,,,,,756578,1513.156000,74
window_counter,cs2_aborts,,,,,6,0.012000,74
window_counter,cs2_vm_acquire,,,,,3148,6.296000,74
window_counter,cs2_vm_pool_hit,,,,,3148,6.296000,74
window_counter,cs2_vm_init_ns,,,,,2427000,4854.000000,74
window_counter,cs2_frame_pool_hit,,,,,7388,14.776000,74
window_counter,cache_model_hit,,,,,564,1.128000,74
window_counter,cache_sprite_hit,,,,,374,0.748000,74
window_counter,painter_pops,,,,,2860500,5721.000000,74
window_counter,painter_gate_rejects,,,,,1243500,2487.000000,74
window_counter,painter_pushes,,,,,2860500,5721.000000,74
window_counter,painter_push_dedup,,,,,1204500,2409.000000,74
window_counter,painter_drain_events,,,,,2000,4.000000,74
window_gauge,painter_commands,,,,,3645,3645.000000,74
window_gauge,painter_tiles_remaining_set,,,,,2916,2916.000000,74
window_gauge,zone_map_count,,,,,80,80.000000,74
window_gauge,zone_map_capacity,,,,,256,256.000000,74
window_gauge,npc_slot_max,,,,,65,65.000000,74
window_counter,iface_open,,,,,3,0.006000,74
window_counter,iface_close,,,,,5,0.010000,74
window_counter,iface_bake_reuse,,,,,3,0.006000,74
window_counter,iface_mount_ns,,,,,279000,558.000000,74
window_counter,iface_close_ns,,,,,336000,672.000000,74
window_counter,uitree_anim_scan,,,,,280,0.560000,74
window_counter,uitree_anim_scan_nodes,,,,,2833320,5666.640000,74
window_counter,uitree_anim_model_nodes,,,,,840,1.680000,74
window_counter,uitree_hook_index_rebuild_nodes,,,,,1386303,2772.606000,74
window_stage,frame,4710250,4452000,5369000,85867000,,,75
window_stage,async,92234,2000,187000,19054000,,,75
window_stage,logic,549574,208000,898000,81152000,,,75
window_stage,cs2,365474,0,708000,80877000,,,75
window_stage,layout,96,0,1000,1000,,,75
window_stage,interact,19880,19000,27000,36000,,,75
window_stage,emit,243486,224000,450000,606000,,,75
window_stage,paint,453144,449000,491000,675000,,,75
window_stage,build,453252,449000,491000,675000,,,75
window_stage,render,2931122,2814000,3449000,3786000,,,75
window_stage,present,138450,136000,151000,211000,,,75
window_stage,server,3514,1000,3000,143000,,,75
window_counter,uitree_find_id,,,,,513923,1027.846000,75
window_counter,uitree_find_id_probes,,,,,1891179,3782.358000,75
window_counter,uitree_id_rebuild,,,,,138,0.276000,75
window_counter,uitree_find_child,,,,,14874,29.748000,75
window_counter,uitree_find_child_hit,,,,,12227,24.454000,75
window_counter,uitree_find_child_ceil_miss,,,,,2390,4.780000,75
window_counter,uitree_walk_emit,,,,,1825061,3650.122000,75
window_counter,uitree_walk_hit,,,,,355000,710.000000,75
window_counter,uitree_walk_hover,,,,,52500,105.000000,75
window_counter,uitree_emit_skip,,,,,1496419,2992.838000,75
window_counter,uitree_layout_resolve,,,,,334,0.668000,75
window_counter,uitree_layout_skip,,,,,155,0.310000,75
window_counter,uitree_layout_nodes,,,,,1811301,3622.602000,75
window_counter,uitree_layout_node_skip,,,,,1798621,3597.242000,75
window_counter,uitree_layout_depth_recompute,,,,,169,0.338000,75
window_counter,uitree_ensure_layout,,,,,8302,16.604000,75
window_counter,uitree_cc_create,,,,,2413,4.826000,75
window_counter,uitree_cc_deleteall,,,,,300,0.600000,75
window_counter,uitree_cc_deleteall_rows,,,,,2361,4.722000,75
window_counter,uitree_apply_geo,,,,,61251,122.502000,75
window_counter,uitree_apply_content,,,,,64156,128.312000,75
window_counter,uitree_apply_hook,,,,,13665,27.330000,75
window_counter,uitree_apply_other,,,,,263359,526.718000,75
window_gauge,uitree_components,,,,,10119,10119.000000,75
window_gauge,uitree_capacity,,,,,16384,16384.000000,75
window_gauge,uitree_node_bytes,,,,,28442624,28442624.000000,75
window_counter,cs2_scripts,,,,,3497,6.994000,75
window_counter,cs2_opcodes,,,,,1242986,2485.972000,75
window_counter,cs2_host_ops,,,,,180363,360.726000,75
window_counter,cs2_cycles,,,,,1242986,2485.972000,75
window_counter,cs2_aborts,,,,,8,0.016000,75
window_counter,cs2_vm_acquire,,,,,3497,6.994000,75
window_counter,cs2_vm_pool_hit,,,,,3497,6.994000,75
window_counter,cs2_vm_init_ns,,,,,2719000,5438.000000,75
window_counter,cs2_frame_pool_hit,,,,,8416,16.832000,75
window_counter,cache_model_hit,,,,,17930,35.860000,75
window_counter,cache_sprite_hit,,,,,683,1.366000,75
window_counter,painter_pops,,,,,2860500,5721.000000,75
window_counter,painter_gate_rejects,,,,,1243500,2487.000000,75
window_counter,painter_pushes,,,,,2860500,5721.000000,75
window_counter,painter_push_dedup,,,,,1204500,2409.000000,75
window_counter,painter_drain_events,,,,,2000,4.000000,75
window_gauge,painter_commands,,,,,3645,3645.000000,75
window_gauge,painter_tiles_remaining_set,,,,,2916,2916.000000,75
window_gauge,scene_elements,,,,,59775,59775.000000,75
window_gauge,scene_anim_list,,,,,309,309.000000,75
window_gauge,zone_map_count,,,,,80,80.000000,75
window_gauge,zone_map_capacity,,,,,256,256.000000,75
window_gauge,npc_slot_max,,,,,65,65.000000,75
window_gauge,cache_model_size,,,,,1169,1169.000000,75
window_gauge,cache_sprite_size,,,,,669,669.000000,75
window_counter,iface_open,,,,,3,0.006000,75
window_counter,iface_close,,,,,5,0.010000,75
window_counter,iface_bake_reuse,,,,,3,0.006000,75
window_counter,iface_mount_ns,,,,,231000,462.000000,75
window_counter,iface_close_ns,,,,,1353000,2706.000000,75
window_gauge,iface_groups_resident,,,,,33,33.000000,75
window_gauge,uitree_hidden,,,,,4384,4384.000000,75
window_gauge,uitree_unmounted,,,,,5,5.000000,75
window_gauge,uitree_hook_blocks,,,,,2872,2872.000000,75
window_gauge,uitree_hook_bytes,,,,,29294400,29294400.000000,75
window_gauge,host_inv_hooks,,,,,19,19.000000,75
window_gauge,host_var_hooks,,,,,163,163.000000,75
window_gauge,host_stat_hooks,,,,,65,65.000000,75
window_gauge,bridge_sprite_map,,,,,620,620.000000,75
window_gauge,bridge_model_map,,,,,1,1.000000,75
window_gauge,bridge_obj_icon_map,,,,,77,77.000000,75
window_gauge,cache_clientscript_size,,,,,654,654.000000,75
window_counter,uitree_anim_scan,,,,,300,0.600000,75
window_counter,uitree_anim_scan_nodes,,,,,3035700,6071.400000,75
window_counter,uitree_anim_model_nodes,,,,,900,1.800000,75
window_counter,uitree_hook_index_rebuild_nodes,,,,,1477374,2954.748000,75
window_stage,frame,4161906,3978000,4627000,32140000,,,76
window_stage,async,211416,2000,197000,27246000,,,76
window_stage,logic,384726,197000,897000,8167000,,,76
window_stage,cs2,205530,0,713000,7910000,,,76
window_stage,layout,46,0,0,1000,,,76
window_stage,interact,18470,18000,26000,57000,,,76
window_stage,emit,157258,154000,239000,339000,,,76
window_stage,paint,447806,444000,481000,607000,,,76
window_stage,build,447898,444000,481000,607000,,,76
window_stage,render,2540948,2509000,2842000,3178000,,,76
window_stage,present,138696,135000,151000,323000,,,76
window_stage,server,2800,1000,3000,154000,,,76
window_counter,uitree_find_id,,,,,440534,881.068000,76
window_counter,uitree_find_id_probes,,,,,850737,1701.474000,76
window_counter,uitree_id_rebuild,,,,,75,0.150000,76
window_counter,uitree_find_child,,,,,10234,20.468000,76
window_counter,uitree_find_child_hit,,,,,6766,13.532000,76
window_counter,uitree_find_child_ceil_miss,,,,,3371,6.742000,76
window_counter,uitree_walk_emit,,,,,1512884,3025.768000,76
window_counter,uitree_walk_hit,,,,,355000,710.000000,76
window_counter,uitree_walk_hover,,,,,52500,105.000000,76
window_counter,uitree_emit_skip,,,,,1333206,2666.412000,76
window_counter,uitree_layout_resolve,,,,,293,0.586000,76
window_counter,uitree_layout_skip,,,,,144,0.288000,76
window_counter,uitree_layout_nodes,,,,,1507731,3015.462000,76
window_counter,uitree_layout_node_skip,,,,,1446346,2892.692000,76
window_counter,uitree_layout_depth_recompute,,,,,143,0.286000,76
window_counter,uitree_ensure_layout,,,,,7282,14.564000,76
window_counter,uitree_cc_create,,,,,3171,6.342000,76
window_counter,uitree_cc_deleteall,,,,,246,0.492000,76
window_counter,uitree_cc_deleteall_rows,,,,,3137,6.274000,76
window_counter,uitree_apply_geo,,,,,57267,114.534000,76
window_counter,uitree_apply_content,,,,,58679,117.358000,76
window_counter,uitree_apply_hook,,,,,1831,3.662000,76
window_counter,uitree_apply_other,,,,,259978,519.956000,76
window_gauge,uitree_components,,,,,10119,10119.000000,76
window_gauge,uitree_capacity,,,,,16384,16384.000000,76
window_gauge,uitree_node_bytes,,,,,28442624,28442624.000000,76
window_counter,cs2_scripts,,,,,3003,6.006000,76
window_counter,cs2_opcodes,,,,,752610,1505.220000,76
window_counter,cs2_host_ops,,,,,104064,208.128000,76
window_counter,cs2_cycles,,,,,752610,1505.220000,76
window_counter,cs2_aborts,,,,,4,0.008000,76
window_counter,cs2_vm_acquire,,,,,3003,6.006000,76
window_counter,cs2_vm_pool_hit,,,,,3003,6.006000,76
window_counter,cs2_vm_init_ns,,,,,2512000,5024.000000,76
window_counter,cs2_frame_pool_hit,,,,,6854,13.708000,76
window_counter,cache_model_hit,,,,,564,1.128000,76
window_counter,cache_sprite_hit,,,,,344,0.688000,76
window_counter,painter_pops,,,,,2860500,5721.000000,76
window_counter,painter_gate_rejects,,,,,1243500,2487.000000,76
window_counter,painter_pushes,,,,,2860500,5721.000000,76
window_counter,painter_push_dedup,,,,,1204500,2409.000000,76
window_counter,painter_drain_events,,,,,2000,4.000000,76
window_gauge,painter_commands,,,,,3645,3645.000000,76
window_gauge,painter_tiles_remaining_set,,,,,2916,2916.000000,76
window_gauge,zone_map_count,,,,,80,80.000000,76
window_gauge,zone_map_capacity,,,,,256,256.000000,76
window_gauge,npc_slot_max,,,,,65,65.000000,76
window_counter,iface_open,,,,,3,0.006000,76
window_counter,iface_close,,,,,3,0.006000,76
window_counter,iface_bake_reuse,,,,,3,0.006000,76
window_counter,iface_mount_ns,,,,,310000,620.000000,76
window_counter,uitree_anim_scan,,,,,270,0.540000,76
window_counter,uitree_anim_scan_nodes,,,,,2732130,5464.260000,76
window_counter,uitree_anim_model_nodes,,,,,810,1.620000,76
window_counter,uitree_hook_index_rebuild_nodes,,,,,1335708,2671.416000,76
window_stage,frame,4736312,4439000,5554000,84083000,,,77
window_stage,async,89868,2000,190000,18999000,,,77
window_stage,logic,537484,203000,897000,79595000,,,77
window_stage,cs2,355658,0,697000,79322000,,,77
window_stage,layout,52,0,1000,1000,,,77
window_stage,interact,19902,19000,28000,53000,,,77
window_stage,emit,253086,221000,490000,695000,,,77
window_stage,paint,452696,450000,491000,594000,,,77
window_stage,build,452806,450000,491000,594000,,,77
window_stage,render,2960580,2814000,3518000,3820000,,,77
window_stage,present,138436,136000,151000,213000,,,77
window_stage,server,3174,1000,3000,170000,,,77
window_counter,uitree_find_id,,,,,508490,1016.980000,77
window_counter,uitree_find_id_probes,,,,,1788488,3576.976000,77
window_counter,uitree_id_rebuild,,,,,138,0.276000,77
window_counter,uitree_find_child,,,,,14677,29.354000,77
window_counter,uitree_find_child_hit,,,,,12139,24.278000,77
window_counter,uitree_find_child_ceil_miss,,,,,2351,4.702000,77
window_counter,uitree_walk_emit,,,,,1852193,3704.386000,77
window_counter,uitree_walk_hit,,,,,355000,710.000000,77
window_counter,uitree_walk_hover,,,,,52500,105.000000,77
window_counter,uitree_emit_skip,,,,,1520818,3041.636000,77
window_counter,uitree_layout_resolve,,,,,331,0.662000,77
window_counter,uitree_layout_skip,,,,,155,0.310000,77
window_counter,uitree_layout_nodes,,,,,1780944,3561.888000,77
window_counter,uitree_layout_node_skip,,,,,1758202,3516.404000,77
window_counter,uitree_layout_depth_recompute,,,,,170,0.340000,77
window_counter,uitree_ensure_layout,,,,,8060,16.120000,77
window_counter,uitree_cc_create,,,,,2413,4.826000,77
window_counter,uitree_cc_deleteall,,,,,302,0.604000,77
window_counter,uitree_cc_deleteall_rows,,,,,2361,4.722000,77
window_counter,uitree_apply_geo,,,,,60977,121.954000,77
window_counter,uitree_apply_content,,,,,64023,128.046000,77
window_counter,uitree_apply_hook,,,,,13260,26.520000,77
window_counter,uitree_apply_other,,,,,262864,525.728000,77
window_gauge,uitree_components,,,,,10119,10119.000000,77
window_gauge,uitree_capacity,,,,,16384,16384.000000,77
window_gauge,uitree_node_bytes,,,,,28442624,28442624.000000,77
window_counter,cs2_scripts,,,,,3435,6.870000,77
window_counter,cs2_opcodes,,,,,1148001,2296.002000,77
window_counter,cs2_host_ops,,,,,167457,334.914000,77
window_counter,cs2_cycles,,,,,1148001,2296.002000,77
window_counter,cs2_aborts,,,,,3,0.006000,77
window_counter,cs2_vm_acquire,,,,,3435,6.870000,77
window_counter,cs2_vm_pool_hit,,,,,3435,6.870000,77
window_counter,cs2_vm_init_ns,,,,,2810000,5620.000000,77
window_counter,cs2_frame_pool_hit,,,,,7488,14.976000,77
window_counter,cache_model_hit,,,,,17846,35.692000,77
window_counter,cache_sprite_hit,,,,,605,1.210000,77
window_counter,painter_pops,,,,,2860500,5721.000000,77
window_counter,painter_gate_rejects,,,,,1243500,2487.000000,77
window_counter,painter_pushes,,,,,2860500,5721.000000,77
window_counter,painter_push_dedup,,,,,1204500,2409.000000,77
window_counter,painter_drain_events,,,,,2000,4.000000,77
window_gauge,painter_commands,,,,,3645,3645.000000,77
window_gauge,painter_tiles_remaining_set,,,,,2916,2916.000000,77
window_gauge,zone_map_count,,,,,80,80.000000,77
window_gauge,zone_map_capacity,,,,,256,256.000000,77
window_gauge,npc_slot_max,,,,,65,65.000000,77
window_counter,iface_open,,,,,3,0.006000,77
window_counter,iface_close,,,,,1,0.002000,77
window_counter,iface_bake_reuse,,,,,3,0.006000,77
window_counter,iface_mount_ns,,,,,189000,378.000000,77
window_counter,uitree_anim_scan,,,,,300,0.600000,77
window_counter,uitree_anim_scan_nodes,,,,,3035700,6071.400000,77
window_counter,uitree_anim_model_nodes,,,,,900,1.800000,77
window_counter,uitree_hook_index_rebuild_nodes,,,,,1477374,2954.748000,77
window_stage,frame,4142484,4010000,4730000,32137000,,,78
window_stage,async,157180,2000,187000,27351000,,,78
window_stage,logic,371250,192000,888000,4643000,,,78
window_stage,cs2,195476,0,706000,4431000,,,78
window_stage,layout,72,0,1000,1000,,,78
window_stage,interact,18798,18000,26000,90000,,,78
window_stage,emit,159470,156000,244000,320000,,,78
window_stage,paint,446344,442000,482000,577000,,,78
window_stage,build,446442,442000,482000,577000,,,78
window_stage,render,2590570,2546000,2970000,3373000,,,78
window_stage,present,137940,135000,150000,238000,,,78
window_stage,server,2890,1000,3000,165000,,,78
window_counter,uitree_find_id,,,,,417593,835.186000,78
window_counter,uitree_find_id_probes,,,,,730474,1460.948000,78
window_counter,uitree_id_rebuild,,,,,43,0.086000,78
window_counter,uitree_find_child,,,,,6626,13.252000,78
window_counter,uitree_find_child_hit,,,,,4489,8.978000,78
window_counter,uitree_find_child_ceil_miss,,,,,2018,4.036000,78
window_counter,uitree_walk_emit,,,,,1523770,3047.540000,78
window_counter,uitree_walk_hit,,,,,355000,710.000000,78
window_counter,uitree_walk_hover,,,,,52500,105.000000,78
window_counter,uitree_emit_skip,,,,,1332169,2664.338000,78
window_counter,uitree_layout_resolve,,,,,290,0.580000,78
window_counter,uitree_layout_skip,,,,,143,0.286000,78
window_counter,uitree_layout_nodes,,,,,1487493,2974.986000,78
window_counter,uitree_layout_node_skip,,,,,1446762,2893.524000,78
window_counter,uitree_layout_depth_recompute,,,,,139,0.278000,78
window_counter,uitree_ensure_layout,,,,,7208,14.416000,78
window_counter,uitree_cc_create,,,,,1868,3.736000,78
window_counter,uitree_cc_deleteall,,,,,220,0.440000,78
window_counter,uitree_cc_deleteall_rows,,,,,1852,3.704000,78
window_counter,uitree_apply_geo,,,,,54826,109.652000,78
window_counter,uitree_apply_content,,,,,56320,112.640000,78
window_counter,uitree_apply_hook,,,,,1293,2.586000,78
window_counter,uitree_apply_other,,,,,256956,513.912000,78
window_gauge,uitree_components,,,,,10119,10119.000000,78
window_gauge,uitree_capacity,,,,,16384,16384.000000,78
window_gauge,uitree_node_bytes,,,,,28442624,28442624.000000,78
window_counter,cs2_scripts,,,,,3011,6.022000,78
window_counter,cs2_opcodes,,,,,611300,1222.600000,78
window_counter,cs2_host_ops,,,,,85174,170.348000,78
window_counter,cs2_cycles,,,,,611300,1222.600000,78
window_counter,cs2_aborts,,,,,7,0.014000,78
window_counter,cs2_vm_acquire,,,,,3011,6.022000,78
window_counter,cs2_vm_pool_hit,,,,,3011,6.022000,78
window_counter,cs2_vm_init_ns,,,,,2378000,4756.000000,78
window_counter,cs2_frame_pool_hit,,,,,7172,14.344000,78
window_counter,cache_model_hit,,,,,432,0.864000,78
window_counter,cache_sprite_hit,,,,,190,0.380000,78
window_counter,painter_pops,,,,,2860500,5721.000000,78
window_counter,painter_gate_rejects,,,,,1243500,2487.000000,78
window_counter,painter_pushes,,,,,2860500,5721.000000,78
window_counter,painter_push_dedup,,,,,1204500,2409.000000,78
window_counter,painter_drain_events,,,,,2000,4.000000,78
window_gauge,painter_commands,,,,,3645,3645.000000,78
window_gauge,painter_tiles_remaining_set,,,,,2916,2916.000000,78
window_gauge,scene_elements,,,,,59775,59775.000000,78
window_gauge,scene_anim_list,,,,,309,309.000000,78
window_gauge,zone_map_count,,,,,80,80.000000,78
window_gauge,zone_map_capacity,,,,,256,256.000000,78
window_gauge,npc_slot_max,,,,,65,65.000000,78
window_gauge,cache_model_size,,,,,1169,1169.000000,78
window_gauge,cache_sprite_size,,,,,669,669.000000,78
window_counter,iface_open,,,,,2,0.004000,78
window_counter,iface_close,,,,,6,0.012000,78
window_counter,iface_bake_reuse,,,,,2,0.004000,78
window_counter,iface_mount_ns,,,,,219000,438.000000,78
window_counter,iface_close_ns,,,,,865000,1730.000000,78
window_gauge,iface_groups_resident,,,,,33,33.000000,78
window_gauge,uitree_hidden,,,,,4384,4384.000000,78
window_gauge,uitree_unmounted,,,,,5,5.000000,78
window_gauge,uitree_hook_blocks,,,,,2872,2872.000000,78
window_gauge,uitree_hook_bytes,,,,,29294400,29294400.000000,78
window_gauge,host_inv_hooks,,,,,19,19.000000,78
window_gauge,host_var_hooks,,,,,164,164.000000,78
window_gauge,host_stat_hooks,,,,,65,65.000000,78
window_gauge,bridge_sprite_map,,,,,620,620.000000,78
window_gauge,bridge_model_map,,,,,1,1.000000,78
window_gauge,bridge_obj_icon_map,,,,,77,77.000000,78
window_gauge,cache_clientscript_size,,,,,654,654.000000,78
window_counter,uitree_anim_scan,,,,,272,0.544000,78
window_counter,uitree_anim_scan_nodes,,,,,2752368,5504.736000,78
window_counter,uitree_anim_model_nodes,,,,,816,1.632000,78
window_counter,uitree_hook_index_rebuild_nodes,,,,,1355946,2711.892000,78
window_stage,frame,4494362,4289000,4742000,85827000,,,79
window_stage,async,108602,2000,196000,27556000,,,79
window_stage,logic,549784,204000,913000,80893000,,,79
window_stage,cs2,367434,0,725000,80596000,,,79
window_stage,layout,64,0,1000,1000,,,79
window_stage,interact,19502,19000,26000,34000,,,79
window_stage,emit,196242,192000,279000,443000,,,79
window_stage,paint,449694,445000,487000,533000,,,79
window_stage,build,449812,446000,487000,533000,,,79
window_stage,render,2757256,2762000,2907000,3557000,,,79
window_stage,present,137768,135000,151000,164000,,,79
window_stage,server,2936,1000,3000,144000,,,79
window_counter,uitree_find_id,,,,,508219,1016.438000,79
window_counter,uitree_find_id_probes,,,,,1673101,3346.202000,79
window_counter,uitree_id_rebuild,,,,,151,0.302000,79
window_counter,uitree_find_child,,,,,15321,30.642000,79
window_counter,uitree_find_child_hit,,,,,11479,22.958000,79
window_counter,uitree_find_child_ceil_miss,,,,,3618,7.236000,79
window_counter,uitree_walk_emit,,,,,1630123,3260.246000,79
window_counter,uitree_walk_hit,,,,,355000,710.000000,79
window_counter,uitree_walk_hover,,,,,52500,105.000000,79
window_counter,uitree_emit_skip,,,,,1326972,2653.944000,79
window_counter,uitree_layout_resolve,,,,,321,0.642000,79
window_counter,uitree_layout_skip,,,,,149,0.298000,79
window_counter,uitree_layout_nodes,,,,,1740468,3480.936000,79
window_counter,uitree_layout_node_skip,,,,,1707277,3414.554000,79
window_counter,uitree_layout_depth_recompute,,,,,165,0.330000,79
window_counter,uitree_ensure_layout,,,,,7938,15.876000,79
window_counter,uitree_cc_create,,,,,3601,7.202000,79
window_counter,uitree_cc_deleteall,,,,,290,0.580000,79
window_counter,uitree_cc_deleteall_rows,,,,,3535,7.070000,79
window_counter,uitree_apply_geo,,,,,61929,123.858000,79
window_counter,uitree_apply_content,,,,,64695,129.390000,79
window_counter,uitree_apply_hook,,,,,11177,22.354000,79
window_counter,uitree_apply_other,,,,,263260,526.520000,79
window_gauge,uitree_components,,,,,10119,10119.000000,79
window_gauge,uitree_capacity,,,,,16384,16384.000000,79
window_gauge,uitree_node_bytes,,,,,28442624,28442624.000000,79
window_counter,cs2_scripts,,,,,3241,6.482000,79
window_counter,cs2_opcodes,,,,,1186454,2372.908000,79
window_counter,cs2_host_ops,,,,,171011,342.022000,79
window_counter,cs2_cycles,,,,,1186454,2372.908000,79
window_counter,cs2_aborts,,,,,5,0.010000,79
window_counter,cs2_vm_acquire,,,,,3241,6.482000,79
window_counter,cs2_vm_pool_hit,,,,,3241,6.482000,79
window_counter,cs2_vm_init_ns,,,,,2853000,5706.000000,79
window_counter,cs2_frame_pool_hit,,,,,7559,15.118000,79
window_counter,cache_model_hit,,,,,13657,27.314000,79
window_counter,cache_sprite_hit,,,,,748,1.496000,79
window_counter,painter_pops,,,,,2860500,5721.000000,79
window_counter,painter_gate_rejects,,,,,1243500,2487.000000,79
window_counter,painter_pushes,,,,,2860500,5721.000000,79
window_counter,painter_push_dedup,,,,,1204500,2409.000000,79
window_counter,painter_drain_events,,,,,2000,4.000000,79
window_gauge,painter_commands,,,,,3645,3645.000000,79
window_gauge,painter_tiles_remaining_set,,,,,2916,2916.000000,79
window_gauge,scene_elements,,,,,59775,59775.000000,79
window_gauge,scene_anim_list,,,,,309,309.000000,79
window_gauge,zone_map_count,,,,,80,80.000000,79
window_gauge,zone_map_capacity,,,,,256,256.000000,79
window_gauge,npc_slot_max,,,,,65,65.000000,79
window_gauge,cache_model_size,,,,,1169,1169.000000,79
window_gauge,cache_sprite_size,,,,,669,669.000000,79
window_counter,iface_open,,,,,3,0.006000,79
window_counter,iface_close,,,,,3,0.006000,79
window_counter,iface_bake_reuse,,,,,3,0.006000,79
window_counter,iface_mount_ns,,,,,205000,410.000000,79
window_counter,iface_close_ns,,,,,932000,1864.000000,79
window_gauge,iface_groups_resident,,,,,33,33.000000,79
window_gauge,uitree_hidden,,,,,4384,4384.000000,79
window_gauge,uitree_unmounted,,,,,5,5.000000,79
window_gauge,uitree_hook_blocks,,,,,2872,2872.000000,79
window_gauge,uitree_hook_bytes,,,,,29294400,29294400.000000,79
window_gauge,host_inv_hooks,,,,,19,19.000000,79
window_gauge,host_var_hooks,,,,,163,163.000000,79
window_gauge,host_stat_hooks,,,,,65,65.000000,79
window_gauge,bridge_sprite_map,,,,,620,620.000000,79
window_gauge,bridge_model_map,,,,,1,1.000000,79
window_gauge,bridge_obj_icon_map,,,,,77,77.000000,79
window_gauge,cache_clientscript_size,,,,,654,654.000000,79
window_counter,uitree_anim_scan,,,,,288,0.576000,79
window_counter,uitree_anim_scan_nodes,,,,,2914272,5828.544000,79
window_counter,uitree_anim_model_nodes,,,,,864,1.728000,79
window_counter,uitree_hook_index_rebuild_nodes,,,,,1416660,2833.320000,79
window_stage,frame,4332742,4118000,5427000,31743000,,,80
window_stage,async,158270,2000,196000,27086000,,,80
window_stage,logic,390434,203000,906000,4813000,,,80
window_stage,cs2,206772,0,715000,4557000,,,80
window_stage,layout,64,0,1000,1000,,,80
window_stage,interact,19560,18000,28000,78000,,,80
window_stage,emit,175714,168000,290000,510000,,,80
window_stage,paint,455410,447000,500000,2098000,,,80
window_stage,build,455498,447000,500000,2099000,,,80
window_stage,render,2720910,2606000,3480000,4286000,,,80
window_stage,present,138546,135000,152000,222000,,,80
window_stage,server,3240,1000,3000,139000,,,80
window_counter,uitree_find_id,,,,,420746,841.492000,80
window_counter,uitree_find_id_probes,,,,,782978,1565.956000,80
window_counter,uitree_id_rebuild,,,,,60,0.120000,80
window_counter,uitree_find_child,,,,,6813,13.626000,80
window_counter,uitree_find_child_hit,,,,,4592,9.184000,80
window_counter,uitree_find_child_ceil_miss,,,,,2116,4.232000,80
window_counter,uitree_walk_emit,,,,,1550860,3101.720000,80
window_counter,uitree_walk_hit,,,,,355000,710.000000,80
window_counter,uitree_walk_hover,,,,,52500,105.000000,80
window_counter,uitree_emit_skip,,,,,1331232,2662.464000,80
window_counter,uitree_layout_resolve,,,,,305,0.610000,80
window_counter,uitree_layout_skip,,,,,150,0.300000,80
window_counter,uitree_layout_nodes,,,,,1568445,3136.890000,80
window_counter,uitree_layout_node_skip,,,,,1517492,3034.984000,80
window_counter,uitree_layout_depth_recompute,,,,,146,0.292000,80
window_counter,uitree_ensure_layout,,,,,7429,14.858000,80
window_counter,uitree_cc_create,,,,,1954,3.908000,80
window_counter,uitree_cc_deleteall,,,,,249,0.498000,80
window_counter,uitree_cc_deleteall_rows,,,,,1937,3.874000,80
window_counter,uitree_apply_geo,,,,,55028,110.056000,80
window_counter,uitree_apply_content,,,,,56646,113.292000,80
window_counter,uitree_apply_hook,,,,,1378,2.756000,80
window_counter,uitree_apply_other,,,,,257029,514.058000,80
window_gauge,uitree_components,,,,,10119,10119.000000,80
window_gauge,uitree_capacity,,,,,16384,16384.000000,80
window_gauge,uitree_node_bytes,,,,,28442624,28442624.000000,80
window_counter,cs2_scripts,,,,,3129,6.258000,80
window_counter,cs2_opcodes,,,,,635890,1271.780000,80
window_counter,cs2_host_ops,,,,,87972,175.944000,80
window_counter,cs2_cycles,,,,,635890,1271.780000,80
window_counter,cs2_aborts,,,,,6,0.012000,80
window_counter,cs2_vm_acquire,,,,,3129,6.258000,80
window_counter,cs2_vm_pool_hit,,,,,3129,6.258000,80
window_counter,cs2_vm_init_ns,,,,,2414000,4828.000000,80
window_counter,cs2_frame_pool_hit,,,,,7338,14.676000,80
window_counter,cache_model_hit,,,,,525,1.050000,80
window_counter,cache_sprite_hit,,,,,248,0.496000,80
window_counter,painter_pops,,,,,2860500,5721.000000,80
window_counter,painter_gate_rejects,,,,,1243500,2487.000000,80
window_counter,painter_pushes,,,,,2860500,5721.000000,80
window_counter,painter_push_dedup,,,,,1204500,2409.000000,80
window_counter,painter_drain_events,,,,,2000,4.000000,80
window_gauge,painter_commands,,,,,3645,3645.000000,80
window_gauge,painter_tiles_remaining_set,,,,,2916,2916.000000,80
window_gauge,scene_elements,,,,,59775,59775.000000,80
window_gauge,scene_anim_list,,,,,309,309.000000,80
window_gauge,zone_map_count,,,,,80,80.000000,80
window_gauge,zone_map_capacity,,,,,256,256.000000,80
window_gauge,npc_slot_max,,,,,65,65.000000,80
window_gauge,cache_model_size,,,,,1169,1169.000000,80
window_gauge,cache_sprite_size,,,,,669,669.000000,80
window_counter,iface_open,,,,,3,0.006000,80
window_counter,iface_close,,,,,4,0.008000,80
window_counter,iface_bake_reuse,,,,,3,0.006000,80
window_counter,iface_mount_ns,,,,,283000,566.000000,80
window_counter,iface_close_ns,,,,,368000,736.000000,80
window_gauge,iface_groups_resident,,,,,33,33.000000,80
window_gauge,uitree_hidden,,,,,4384,4384.000000,80
window_gauge,uitree_unmounted,,,,,5,5.000000,80
window_gauge,uitree_hook_blocks,,,,,2872,2872.000000,80
window_gauge,uitree_hook_bytes,,,,,29294400,29294400.000000,80
window_gauge,host_inv_hooks,,,,,19,19.000000,80
window_gauge,host_var_hooks,,,,,164,164.000000,80
window_gauge,host_stat_hooks,,,,,65,65.000000,80
window_gauge,bridge_sprite_map,,,,,620,620.000000,80
window_gauge,bridge_model_map,,,,,1,1.000000,80
window_gauge,bridge_obj_icon_map,,,,,77,77.000000,80
window_gauge,cache_clientscript_size,,,,,654,654.000000,80
window_counter,uitree_anim_scan,,,,,280,0.560000,80
window_counter,uitree_anim_scan_nodes,,,,,2833320,5666.640000,80
window_counter,uitree_anim_model_nodes,,,,,840,1.680000,80
window_counter,uitree_hook_index_rebuild_nodes,,,,,1396422,2792.844000,80
window_stage,frame,4501474,4219000,5082000,84823000,,,81
window_stage,async,141666,2000,190000,26756000,,,81
window_stage,logic,542128,200000,903000,80084000,,,81
window_stage,cs2,362932,0,717000,79807000,,,81
window_stage,layout,76,0,1000,1000,,,81
window_stage,interact,18948,18000,26000,42000,,,81
window_stage,emit,196762,187000,303000,550000,,,81
window_stage,paint,447742,445000,482000,533000,,,81
window_stage,build,447864,445000,482000,533000,,,81
window_stage,render,2745584,2737000,3308000,3677000,,,81
window_stage,present,138064,135000,151000,185000,,,81
window_stage,server,3204,1000,4000,152000,,,81
window_counter,uitree_find_id,,,,,532352,1064.704000,81
window_counter,uitree_find_id_probes,,,,,1803989,3607.978000,81
window_counter,uitree_id_rebuild,,,,,153,0.306000,81
window_counter,uitree_find_child,,,,,18289,36.578000,81
window_counter,uitree_find_child_hit,,,,,14381,28.762000,81
window_counter,uitree_find_child_ceil_miss,,,,,3645,7.290000,81
window_counter,uitree_walk_emit,,,,,1663534,3327.068000,81
window_counter,uitree_walk_hit,,,,,355000,710.000000,81
window_counter,uitree_walk_hover,,,,,52500,105.000000,81
window_counter,uitree_emit_skip,,,,,1378256,2756.512000,81
window_counter,uitree_layout_resolve,,,,,324,0.648000,81
window_counter,uitree_layout_skip,,,,,149,0.298000,81
window_counter,uitree_layout_nodes,,,,,1770825,3541.650000,81
window_counter,uitree_layout_node_skip,,,,,1737589,3475.178000,81
window_counter,uitree_layout_depth_recompute,,,,,166,0.332000,81
window_counter,uitree_ensure_layout,,,,,8101,16.202000,81
window_counter,uitree_cc_create,,,,,3630,7.260000,81
window_counter,uitree_cc_deleteall,,,,,296,0.592000,81
window_counter,uitree_cc_deleteall_rows,,,,,3561,7.122000,81
window_counter,uitree_apply_geo,,,,,63510,127.020000,81
window_counter,uitree_apply_content,,,,,66196,132.392000,81
window_counter,uitree_apply_hook,,,,,14130,28.260000,81
window_counter,uitree_apply_other,,,,,266337,532.674000,81
window_gauge,uitree_components,,,,,10119,10119.000000,81
window_gauge,uitree_capacity,,,,,16384,16384.000000,81
window_gauge,uitree_node_bytes,,,,,28442624,28442624.000000,81
window_counter,cs2_scripts,,,,,3314,6.628000,81
window_counter,cs2_opcodes,,,,,1360620,2721.240000,81
window_counter,cs2_host_ops,,,,,196952,393.904000,81
window_counter,cs2_cycles,,,,,1360620,2721.240000,81
window_counter,cs2_aborts,,,,,7,0.014000,81
window_counter,cs2_vm_acquire,,,,,3314,6.628000,81
window_counter,cs2_vm_pool_hit,,,,,3314,6.628000,81
window_counter,cs2_vm_init_ns,,,,,2725000,5450.000000,81
window_counter,cs2_frame_pool_hit,,,,,7988,15.976000,81
window_counter,cache_model_hit,,,,,17971,35.942000,81
window_counter,cache_sprite_hit,,,,,794,1.588000,81
window_counter,painter_pops,,,,,2860500,5721.000000,81
window_counter,painter_gate_rejects,,,,,1243500,2487.000000,81
window_counter,painter_pushes,,,,,2860500,5721.000000,81
window_counter,painter_push_dedup,,,,,1204500,2409.000000,81
window_counter,painter_drain_events,,,,,2000,4.000000,81
window_gauge,painter_commands,,,,,3645,3645.000000,81
window_gauge,painter_tiles_remaining_set,,,,,2916,2916.000000,81
window_gauge,scene_elements,,,,,59775,59775.000000,81
window_gauge,scene_anim_list,,,,,309,309.000000,81
window_gauge,zone_map_count,,,,,80,80.000000,81
window_gauge,zone_map_capacity,,,,,256,256.000000,81
window_gauge,npc_slot_max,,,,,65,65.000000,81
window_gauge,cache_model_size,,,,,1169,1169.000000,81
window_gauge,cache_sprite_size,,,,,669,669.000000,81
window_counter,iface_open,,,,,3,0.006000,81
window_counter,iface_close,,,,,5,0.010000,81
window_counter,iface_bake_reuse,,,,,3,0.006000,81
window_counter,iface_mount_ns,,,,,222000,444.000000,81
window_counter,iface_close_ns,,,,,919000,1838.000000,81
window_gauge,iface_groups_resident,,,,,33,33.000000,81
window_gauge,uitree_hidden,,,,,4384,4384.000000,81
window_gauge,uitree_unmounted,,,,,5,5.000000,81
window_gauge,uitree_hook_blocks,,,,,2872,2872.000000,81
window_gauge,uitree_hook_bytes,,,,,29294400,29294400.000000,81
window_gauge,host_inv_hooks,,,,,19,19.000000,81
window_gauge,host_var_hooks,,,,,163,163.000000,81
window_gauge,host_stat_hooks,,,,,65,65.000000,81
window_gauge,bridge_sprite_map,,,,,620,620.000000,81
window_gauge,bridge_model_map,,,,,1,1.000000,81
window_gauge,bridge_obj_icon_map,,,,,77,77.000000,81
window_gauge,cache_clientscript_size,,,,,654,654.000000,81
window_counter,uitree_anim_scan,,,,,288,0.576000,81
window_counter,uitree_anim_scan_nodes,,,,,2914272,5828.544000,81
window_counter,uitree_anim_model_nodes,,,,,864,1.728000,81
window_counter,uitree_hook_index_rebuild_nodes,,,,,1416660,2833.320000,81
window_stage,frame,4387294,4244000,5092000,32048000,,,82
window_stage,async,160742,2000,193000,27670000,,,82
window_stage,logic,387524,197000,904000,4805000,,,82
window_stage,cs2,207962,0,716000,4558000,,,82
window_stage,layout,60,0,1000,1000,,,82
window_stage,interact,19266,18000,27000,50000,,,82
window_stage,emit,176338,172000,274000,326000,,,82
window_stage,paint,449342,446000,486000,556000,,,82
window_stage,build,449444,446000,486000,556000,,,82
window_stage,render,2781800,2704000,3314000,3527000,,,82
window_stage,present,138568,135000,152000,232000,,,82
window_stage,server,3124,1000,3000,176000,,,82
window_counter,uitree_find_id,,,,,420542,841.084000,82
window_counter,uitree_find_id_probes,,,,,766055,1532.110000,82
window_counter,uitree_id_rebuild,,,,,60,0.120000,82
window_counter,uitree_find_child,,,,,6747,13.494000,82
window_counter,uitree_find_child_hit,,,,,4552,9.104000,82
window_counter,uitree_find_child_ceil_miss,,,,,2090,4.180000,82
window_counter,uitree_walk_emit,,,,,1574512,3149.024000,82
window_counter,uitree_walk_hit,,,,,355000,710.000000,82
window_counter,uitree_walk_hover,,,,,52500,105.000000,82
window_counter,uitree_emit_skip,,,,,1330390,2660.780000,82
window_counter,uitree_layout_resolve,,,,,308,0.616000,82
window_counter,uitree_layout_skip,,,,,151,0.302000,82
window_counter,uitree_layout_nodes,,,,,1588683,3177.366000,82
window_counter,uitree_layout_node_skip,,,,,1537764,3075.528000,82
window_counter,uitree_layout_depth_recompute,,,,,148,0.296000,82
window_counter,uitree_ensure_layout,,,,,7483,14.966000,82
window_counter,uitree_cc_create,,,,,1954,3.908000,82
window_counter,uitree_cc_deleteall,,,,,251,0.502000,82
window_counter,uitree_cc_deleteall_rows,,,,,1937,3.874000,82
window_counter,uitree_apply_geo,,,,,54948,109.896000,82
window_counter,uitree_apply_content,,,,,56686,113.372000,82
window_counter,uitree_apply_hook,,,,,1320,2.640000,82
window_counter,uitree_apply_other,,,,,257029,514.058000,82
window_gauge,uitree_components,,,,,10119,10119.000000,82
window_gauge,uitree_capacity,,,,,16384,16384.000000,82
window_gauge,uitree_node_bytes,,,,,28442624,28442624.000000,82
window_counter,cs2_scripts,,,,,3171,6.342000,82
window_counter,cs2_opcodes,,,,,626030,1252.060000,82
window_counter,cs2_host_ops,,,,,87234,174.468000,82
window_counter,cs2_cycles,,,,,626030,1252.060000,82
window_counter,cs2_aborts,,,,,6,0.012000,82
window_counter,cs2_vm_acquire,,,,,3171,6.342000,82
window_counter,cs2_vm_pool_hit,,,,,3171,6.342000,82
window_counter,cs2_vm_init_ns,,,,,2728000,5456.000000,82
window_counter,cs2_frame_pool_hit,,,,,7382,14.764000,82
window_counter,cache_model_hit,,,,,523,1.046000,82
window_counter,cache_sprite_hit,,,,,248,0.496000,82
window_counter,painter_pops,,,,,2860500,5721.000000,82
window_counter,painter_gate_rejects,,,,,1243500,2487.000000,82
window_counter,painter_pushes,,,,,2860500,5721.000000,82
window_counter,painter_push_dedup,,,,,1204500,2409.000000,82
window_counter,painter_drain_events,,,,,2000,4.000000,82
window_gauge,painter_commands,,,,,3645,3645.000000,82
window_gauge,painter_tiles_remaining_set,,,,,2916,2916.000000,82
window_gauge,zone_map_count,,,,,80,80.000000,82
window_gauge,zone_map_capacity,,,,,256,256.000000,82
window_gauge,npc_slot_max,,,,,65,65.000000,82
window_counter,iface_open,,,,,3,0.006000,82
window_counter,iface_close,,,,,4,0.008000,82
window_counter,iface_bake_reuse,,,,,3,0.006000,82
window_counter,iface_mount_ns,,,,,271000,542.000000,82
window_counter,iface_close_ns,,,,,432000,864.000000,82
window_counter,uitree_anim_scan,,,,,282,0.564000,82
window_counter,uitree_anim_scan_nodes,,,,,2853558,5707.116000,82
window_counter,uitree_anim_model_nodes,,,,,846,1.692000,82
window_counter,uitree_hook_index_rebuild_nodes,,,,,1406541,2813.082000,82
window_stage,frame,4231614,4145000,4747000,31327000,,,83
window_stage,async,101508,2000,189000,26533000,,,83
window_stage,logic,373262,195000,901000,7421000,,,83
window_stage,cs2,193960,0,719000,7183000,,,83
window_stage,layout,70,0,1000,1000,,,83
window_stage,interact,19582,19000,27000,74000,,,83
window_stage,emit,184764,185000,271000,357000,,,83
window_stage,paint,448570,445000,486000,583000,,,83
window_stage,build,448650,445000,486000,583000,,,83
window_stage,render,2695196,2721000,2906000,3141000,,,83
window_stage,present,138220,136000,151000,188000,,,83
window_stage,server,2654,1000,4000,130000,,,83
window_counter,uitree_find_id,,,,,396363,792.726000,83
window_counter,uitree_find_id_probes,,,,,683749,1367.498000,83
window_counter,uitree_id_rebuild,,,,,32,0.064000,83
window_counter,uitree_find_child,,,,,3838,7.676000,83
window_counter,uitree_find_child_hit,,,,,2425,4.850000,83
window_counter,uitree_find_child_ceil_miss,,,,,1379,2.758000,83
window_counter,uitree_walk_emit,,,,,1593247,3186.494000,83
window_counter,uitree_walk_hit,,,,,355000,710.000000,83
window_counter,uitree_walk_hover,,,,,52500,105.000000,83
window_counter,uitree_emit_skip,,,,,1331748,2663.496000,83
window_counter,uitree_layout_resolve,,,,,281,0.562000,83
window_counter,uitree_layout_skip,,,,,139,0.278000,83
window_counter,uitree_layout_nodes,,,,,1436898,2873.796000,83
window_counter,uitree_layout_node_skip,,,,,1416195,2832.390000,83
window_counter,uitree_layout_depth_recompute,,,,,140,0.280000,83
window_counter,uitree_ensure_layout,,,,,6945,13.890000,83
window_counter,uitree_cc_create,,,,,1303,2.606000,83
window_counter,uitree_cc_deleteall,,,,,162,0.324000,83
window_counter,uitree_cc_deleteall_rows,,,,,1285,2.570000,83
window_counter,uitree_apply_geo,,,,,53677,107.354000,83
window_counter,uitree_apply_content,,,,,55268,110.536000,83
window_counter,uitree_apply_hook,,,,,958,1.916000,83
window_counter,uitree_apply_other,,,,,253439,506.878000,83
window_gauge,uitree_components,,,,,10119,10119.000000,83
window_gauge,uitree_capacity,,,,,16384,16384.000000,83
window_gauge,uitree_node_bytes,,,,,28442624,28442624.000000,83
window_counter,cs2_scripts,,,,,2937,5.874000,83
window_counter,cs2_opcodes,,,,,452034,904.068000,83
window_counter,cs2_host_ops,,,,,62231,124.462000,83
window_counter,cs2_cycles,,,,,452034,904.068000,83
window_counter,cs2_aborts,,,,,1,0.002000,83
window_counter,cs2_vm_acquire,,,,,2937,5.874000,83
window_counter,cs2_vm_pool_hit,,,,,2937,5.874000,83
window_counter,cs2_vm_init_ns,,,,,2452000,4904.000000,83
window_counter,cs2_frame_pool_hit,,,,,6205,12.410000,83
window_counter,cache_model_hit,,,,,230,0.460000,83
window_counter,cache_sprite_hit,,,,,217,0.434000,83
window_counter,painter_pops,,,,,2860615,5721.230000,83
window_counter,painter_gate_rejects,,,,,1243500,2487.000000,83
window_counter,painter_pushes,,,,,2860615,5721.230000,83
window_counter,painter_push_dedup,,,,,1204500,2409.000000,83
window_counter,painter_drain_events,,,,,2000,4.000000,83
window_gauge,painter_commands,,,,,3646,3646.000000,83
window_gauge,painter_tiles_remaining_set,,,,,2916,2916.000000,83
window_gauge,zone_map_count,,,,,80,80.000000,83
window_gauge,zone_map_capacity,,,,,256,256.000000,83
window_gauge,npc_slot_max,,,,,65,65.000000,83
window_counter,iface_open,,,,,1,0.002000,83
window_counter,iface_close,,,,,1,0.002000,83
window_counter,iface_bake_reuse,,,,,1,0.002000,83
window_counter,iface_mount_ns,,,,,99000,198.000000,83
window_counter,uitree_anim_scan,,,,,274,0.548000,83
window_counter,uitree_anim_scan_nodes,,,,,2772606,5545.212000,83
window_counter,uitree_anim_model_nodes,,,,,822,1.644000,83
window_counter,uitree_hook_index_rebuild_nodes,,,,,1376184,2752.368000,83
window_stage,frame,4801624,4586000,5290000,85541000,,,84
window_stage,async,146054,2000,198000,26436000,,,84
window_stage,logic,563908,205000,893000,80725000,,,84
window_stage,cs2,383244,0,709000,80445000,,,84
window_stage,layout,86,0,1000,1000,,,84
window_stage,interact,19294,18000,26000,37000,,,84
window_stage,emit,217716,193000,425000,555000,,,84
window_stage,paint,450090,447000,483000,557000,,,84
window_stage,build,450192,447000,483000,559000,,,84
window_stage,render,2988842,3124000,3403000,3552000,,,84
window_stage,present,138252,135000,152000,270000,,,84
window_stage,server,3306,1000,4000,146000,,,84
window_counter,uitree_find_id,,,,,538416,1076.832000,84
window_counter,uitree_find_id_probes,,,,,1854022,3708.044000,84
window_counter,uitree_id_rebuild,,,,,171,0.342000,84
window_counter,uitree_find_child,,,,,18170,36.340000,84
window_counter,uitree_find_child_hit,,,,,14422,28.844000,84
window_counter,uitree_find_child_ceil_miss,,,,,3430,6.860000,84
window_counter,uitree_walk_emit,,,,,1752616,3505.232000,84
window_counter,uitree_walk_hit,,,,,355000,710.000000,84
window_counter,uitree_walk_hover,,,,,52500,105.000000,84
window_counter,uitree_emit_skip,,,,,1474753,2949.506000,84
window_counter,uitree_layout_resolve,,,,,355,0.710000,84
window_counter,uitree_layout_skip,,,,,164,0.328000,84
window_counter,uitree_layout_nodes,,,,,1933845,3867.690000,84
window_counter,uitree_layout_node_skip,,,,,1890626,3781.252000,84
window_counter,uitree_layout_depth_recompute,,,,,176,0.352000,84
window_counter,uitree_ensure_layout,,,,,8721,17.442000,84
window_counter,uitree_cc_create,,,,,3373,6.746000,84
window_counter,uitree_cc_deleteall,,,,,378,0.756000,84
window_counter,uitree_cc_deleteall_rows,,,,,3305,6.610000,84
window_counter,uitree_apply_geo,,,,,63183,126.366000,84
window_counter,uitree_apply_content,,,,,66092,132.184000,84
window_counter,uitree_apply_hook,,,,,14224,28.448000,84
window_counter,uitree_apply_other,,,,,266820,533.640000,84
window_gauge,uitree_components,,,,,10125,10125.000000,84
window_gauge,uitree_capacity,,,,,16384,16384.000000,84
window_gauge,uitree_node_bytes,,,,,28442624,28442624.000000,84
window_counter,cs2_scripts,,,,,3624,7.248000,84
window_counter,cs2_opcodes,,,,,1425900,2851.800000,84
window_counter,cs2_host_ops,,,,,206286,412.572000,84
window_counter,cs2_cycles,,,,,1425900,2851.800000,84
window_counter,cs2_aborts,,,,,12,0.024000,84
window_counter,cs2_vm_acquire,,,,,3624,7.248000,84
window_counter,cs2_vm_pool_hit,,,,,3624,7.248000,84
window_counter,cs2_vm_init_ns,,,,,2867000,5734.000000,84
window_counter,cs2_frame_pool_hit,,,,,9237,18.474000,84
window_counter,cache_model_hit,,,,,18196,36.392000,84
window_counter,cache_sprite_hit,,,,,800,1.600000,84
window_counter,painter_pops,,,,,2864885,5729.770000,84
window_counter,painter_gate_rejects,,,,,1246384,2492.768000,84
window_counter,painter_pushes,,,,,2864885,5729.770000,84
window_counter,painter_push_dedup,,,,,1202882,2405.764000,84
window_counter,painter_drain_events,,,,,2000,4.000000,84
window_gauge,painter_commands,,,,,3646,3646.000000,84
window_gauge,painter_tiles_remaining_set,,,,,2916,2916.000000,84
window_gauge,scene_elements,,,,,59775,59775.000000,84
window_gauge,scene_anim_list,,,,,309,309.000000,84
window_gauge,zone_map_count,,,,,80,80.000000,84
window_gauge,zone_map_capacity,,,,,256,256.000000,84
window_gauge,npc_slot_max,,,,,65,65.000000,84
window_gauge,cache_model_size,,,,,1169,1169.000000,84
window_gauge,cache_sprite_size,,,,,669,669.000000,84
window_counter,iface_open,,,,,5,0.010000,84
window_counter,iface_close,,,,,8,0.016000,84
window_counter,iface_bake_reuse,,,,,5,0.010000,84
window_counter,iface_mount_ns,,,,,428000,856.000000,84
window_counter,iface_close_ns,,,,,1514000,3028.000000,84
window_gauge,iface_groups_resident,,,,,33,33.000000,84
window_gauge,uitree_hidden,,,,,4383,4383.000000,84
window_gauge,uitree_unmounted,,,,,5,5.000000,84
window_gauge,uitree_hook_blocks,,,,,2877,2877.000000,84
window_gauge,uitree_hook_bytes,,,,,29345400,29345400.000000,84
window_gauge,host_inv_hooks,,,,,19,19.000000,84
window_gauge,host_var_hooks,,,,,164,164.000000,84
window_gauge,host_stat_hooks,,,,,65,65.000000,84
window_gauge,bridge_sprite_map,,,,,620,620.000000,84
window_gauge,bridge_model_map,,,,,1,1.000000,84
window_gauge,bridge_obj_icon_map,,,,,77,77.000000,84
window_gauge,cache_clientscript_size,,,,,654,654.000000,84
window_counter,uitree_anim_scan,,,,,304,0.608000,84
window_counter,uitree_anim_scan_nodes,,,,,3077988,6155.976000,84
window_counter,uitree_anim_model_nodes,,,,,912,1.824000,84
window_counter,uitree_hook_index_rebuild_nodes,,,,,1488369,2976.738000,84
window_stage,frame,4276574,4109000,4725000,31364000,,,85
window_stage,async,156486,2000,195000,26624000,,,85
window_stage,logic,376506,206000,892000,8249000,,,85
window_stage,cs2,195892,0,710000,8004000,,,85
window_stage,layout,56,0,1000,1000,,,85
window_stage,interact,19302,19000,27000,38000,,,85
window_stage,emit,181162,181000,269000,330000,,,85
window_stage,paint,449484,446000,488000,532000,,,85
window_stage,build,449590,446000,488000,532000,,,85
window_stage,render,2685092,2699000,2900000,3618000,,,85
window_stage,present,137820,135000,152000,190000,,,85
window_stage,server,3090,1000,3000,152000,,,85
window_counter,uitree_find_id,,,,,416004,832.008000,85
window_counter,uitree_find_id_probes,,,,,756495,1512.990000,85
window_counter,uitree_id_rebuild,,,,,42,0.084000,85
window_counter,uitree_find_child,,,,,6991,13.982000,85
window_counter,uitree_find_child_hit,,,,,4591,9.182000,85
window_counter,uitree_find_child_ceil_miss,,,,,2350,4.700000,85
window_counter,uitree_walk_emit,,,,,1582555,3165.110000,85
window_counter,uitree_walk_hit,,,,,355000,710.000000,85
window_counter,uitree_walk_hover,,,,,52500,105.000000,85
window_counter,uitree_emit_skip,,,,,1333620,2667.240000,85
window_counter,uitree_layout_resolve,,,,,284,0.568000,85
window_counter,uitree_layout_skip,,,,,140,0.280000,85
window_counter,uitree_layout_nodes,,,,,1458000,2916.000000,85
window_counter,uitree_layout_node_skip,,,,,1416969,2833.938000,85
window_counter,uitree_layout_depth_recompute,,,,,141,0.282000,85
window_counter,uitree_ensure_layout,,,,,7146,14.292000,85
window_counter,uitree_cc_create,,,,,2217,4.434000,85
window_counter,uitree_cc_deleteall,,,,,173,0.346000,85
window_counter,uitree_cc_deleteall_rows,,,,,2193,4.386000,85
window_counter,uitree_apply_geo,,,,,55412,110.824000,85
window_counter,uitree_apply_content,,,,,56879,113.758000,85
window_counter,uitree_apply_hook,,,,,1327,2.654000,85
window_counter,uitree_apply_other,,,,,256566,513.132000,85
window_gauge,uitree_components,,,,,10125,10125.000000,85
window_gauge,uitree_capacity,,,,,16384,16384.000000,85
window_gauge,uitree_node_bytes,,,,,28442624,28442624.000000,85
window_counter,cs2_scripts,,,,,2987,5.974000,85
window_counter,cs2_opcodes,,,,,590736,1181.472000,85
window_counter,cs2_host_ops,,,,,80981,161.962000,85
window_counter,cs2_cycles,,,,,590736,1181.472000,85
window_counter,cs2_aborts,,,,,1,0.002000,85
window_counter,cs2_vm_acquire,,,,,2987,5.974000,85
window_counter,cs2_vm_pool_hit,,,,,2987,5.974000,85
window_counter,cs2_vm_init_ns,,,,,2419000,4838.000000,85
window_counter,cs2_frame_pool_hit,,,,,6426,12.852000,85
window_counter,cache_model_hit,,,,,300,0.600000,85
window_counter,cache_sprite_hit,,,,,248,0.496000,85
window_counter,painter_pops,,,,,2864488,5728.976000,85
window_counter,painter_gate_rejects,,,,,1245993,2491.986000,85
window_counter,painter_pushes,,,,,2864488,5728.976000,85
window_counter,painter_push_dedup,,,,,1203261,2406.522000,85
window_counter,painter_drain_events,,,,,2000,4.000000,85
window_gauge,painter_commands,,,,,3646,3646.000000,85
window_gauge,painter_tiles_remaining_set,,,,,2916,2916.000000,85
window_gauge,zone_map_count,,,,,80,80.000000,85
window_gauge,zone_map_capacity,,,,,256,256.000000,85
window_gauge,npc_slot_max,,,,,65,65.000000,85
window_counter,iface_open,,,,,1,0.002000,85
window_counter,iface_close,,,,,1,0.002000,85
window_counter,iface_bake_reuse,,,,,1,0.002000,85
window_counter,iface_mount_ns,,,,,92000,184.000000,85
window_counter,uitree_anim_scan,,,,,276,0.552000,85
window_counter,uitree_anim_scan_nodes,,,,,2794500,5589.000000,85
window_counter,uitree_anim_model_nodes,,,,,828,1.656000,85
window_counter,uitree_hook_index_rebuild_nodes,,,,,1377000,2754.000000,85
window_stage,frame,4706326,4428000,5329000,85722000,,,86
window_stage,async,147026,2000,200000,26271000,,,86
window_stage,logic,552928,205000,882000,80789000,,,86
window_stage,cs2,368282,0,691000,80514000,,,86
window_stage,layout,74,0,1000,1000,,,86
window_stage,interact,19602,19000,27000,43000,,,86
window_stage,emit,232092,210000,438000,540000,,,86
window_stage,paint,452514,448000,488000,595000,,,86
window_stage,build,452612,448000,488000,595000,,,86
window_stage,render,2883702,2791000,3419000,3623000,,,86
window_stage,present,138256,135000,151000,266000,,,86
window_stage,server,3072,1000,3000,147000,,,86
window_counter,uitree_find_id,,,,,532393,1064.786000,86
window_counter,uitree_find_id_probes,,,,,1860715,3721.430000,86
window_counter,uitree_id_rebuild,,,,,163,0.326000,86
window_counter,uitree_find_child,,,,,17885,35.770000,86
window_counter,uitree_find_child_hit,,,,,14297,28.594000,86
window_counter,uitree_find_child_ceil_miss,,,,,3314,6.628000,86
window_counter,uitree_walk_emit,,,,,1808019,3616.038000,86
window_counter,uitree_walk_hit,,,,,355000,710.000000,86
window_counter,uitree_walk_hover,,,,,52500,105.000000,86
window_counter,uitree_emit_skip,,,,,1526537,3053.074000,86
window_counter,uitree_layout_resolve,,,,,341,0.682000,86
window_counter,uitree_layout_skip,,,,,159,0.318000,86
window_counter,uitree_layout_nodes,,,,,1842750,3685.500000,86
window_counter,uitree_layout_node_skip,,,,,1799678,3599.356000,86
window_counter,uitree_layout_depth_recompute,,,,,170,0.340000,86
window_counter,uitree_ensure_layout,,,,,8344,16.688000,86
window_counter,uitree_cc_create,,,,,3347,6.694000,86
window_counter,uitree_cc_deleteall,,,,,325,0.650000,86
window_counter,uitree_cc_deleteall_rows,,,,,3288,6.576000,86
window_counter,uitree_apply_geo,,,,,62817,125.634000,86
window_counter,uitree_apply_content,,,,,65770,131.540000,86
window_counter,uitree_apply_hook,,,,,13807,27.614000,86
window_counter,uitree_apply_other,,,,,266386,532.772000,86
window_gauge,uitree_components,,,,,10125,10125.000000,86
window_gauge,uitree_capacity,,,,,16384,16384.000000,86
window_gauge,uitree_node_bytes,,,,,28442624,28442624.000000,86
window_counter,cs2_scripts,,,,,3531,7.062000,86
window_counter,cs2_opcodes,,,,,1325741,2651.482000,86
window_counter,cs2_host_ops,,,,,193113,386.226000,86
window_counter,cs2_cycles,,,,,1325741,2651.482000,86
window_counter,cs2_aborts,,,,,8,0.016000,86
window_counter,cs2_vm_acquire,,,,,3531,7.062000,86
window_counter,cs2_vm_pool_hit,,,,,3531,7.062000,86
window_counter,cs2_vm_init_ns,,,,,2959000,5918.000000,86
window_counter,cs2_frame_pool_hit,,,,,8491,16.982000,86
window_counter,cache_model_hit,,,,,18064,36.128000,86
window_counter,cache_sprite_hit,,,,,722,1.444000,86
window_counter,painter_pops,,,,,2860639,5721.278000,86
window_counter,painter_gate_rejects,,,,,1243530,2487.060000,86
window_counter,painter_pushes,,,,,2860639,5721.278000,86
window_counter,painter_push_dedup,,,,,1204480,2408.960000,86
window_counter,painter_drain_events,,,,,2000,4.000000,86
window_gauge,painter_commands,,,,,3645,3645.000000,86
window_gauge,painter_tiles_remaining_set,,,,,2916,2916.000000,86
window_gauge,scene_elements,,,,,59775,59775.000000,86
window_gauge,scene_anim_list,,,,,309,309.000000,86
window_gauge,zone_map_count,,,,,80,80.000000,86
window_gauge,zone_map_capacity,,,,,256,256.000000,86
window_gauge,npc_slot_max,,,,,65,65.000000,86
window_gauge,cache_model_size,,,,,1169,1169.000000,86
window_gauge,cache_sprite_size,,,,,669,669.000000,86
window_counter,iface_open,,,,,4,0.008000,86
window_counter,iface_close,,,,,6,0.012000,86
window_counter,iface_bake_reuse,,,,,4,0.008000,86
window_counter,iface_mount_ns,,,,,313000,626.000000,86
window_counter,iface_close_ns,,,,,717000,1434.000000,86
window_gauge,iface_groups_resident,,,,,33,33.000000,86
window_gauge,uitree_hidden,,,,,4384,4384.000000,86
window_gauge,uitree_unmounted,,,,,5,5.000000,86
window_gauge,uitree_hook_blocks,,,,,2877,2877.000000,86
window_gauge,uitree_hook_bytes,,,,,29345400,29345400.000000,86
window_gauge,host_inv_hooks,,,,,19,19.000000,86
window_gauge,host_var_hooks,,,,,163,163.000000,86
window_gauge,host_stat_hooks,,,,,65,65.000000,86
window_gauge,bridge_sprite_map,,,,,620,620.000000,86
window_gauge,bridge_model_map,,,,,1,1.000000,86
window_gauge,bridge_obj_icon_map,,,,,77,77.000000,86
window_gauge,cache_clientscript_size,,,,,654,654.000000,86
window_counter,uitree_anim_scan,,,,,300,0.600000,86
window_counter,uitree_anim_scan_nodes,,,,,3037500,6075.000000,86
window_counter,uitree_anim_model_nodes,,,,,900,1.800000,86
window_counter,uitree_hook_index_rebuild_nodes,,,,,1468125,2936.250000,86
window_stage,frame,4284358,4146000,4761000,31817000,,,87
window_stage,async,156788,2000,196000,27179000,,,87
window_stage,logic,384184,195000,911000,7510000,,,87
window_stage,cs2,202208,0,710000,7280000,,,87
window_stage,layout,72,0,1000,1000,,,87
window_stage,interact,19866,19000,27000,67000,,,87
window_stage,emit,179210,178000,262000,355000,,,87
window_stage,paint,450326,447000,486000,569000,,,87
window_stage,build,450440,447000,486000,569000,,,87
window_stage,render,2680948,2690000,2941000,3205000,,,87
window_stage,present,139066,137000,152000,192000,,,87
window_stage,server,2784,1000,3000,132000,,,87
window_counter,uitree_find_id,,,,,421795,843.590000,87
window_counter,uitree_find_id_probes,,,,,871920,1743.840000,87
window_counter,uitree_id_rebuild,,,,,50,0.100000,87
window_counter,uitree_find_child,,,,,7077,14.154000,87
window_counter,uitree_find_child_hit,,,,,4616,9.232000,87
window_counter,uitree_find_child_ceil_miss,,,,,2395,4.790000,87
window_counter,uitree_walk_emit,,,,,1566692,3133.384000,87
window_counter,uitree_walk_hit,,,,,355000,710.000000,87
window_counter,uitree_walk_hover,,,,,52500,105.000000,87
window_counter,uitree_emit_skip,,,,,1333543,2667.086000,87
window_counter,uitree_layout_resolve,,,,,292,0.584000,87
window_counter,uitree_layout_skip,,,,,143,0.286000,87
window_counter,uitree_layout_nodes,,,,,1508625,3017.250000,87
window_counter,uitree_layout_node_skip,,,,,1467528,2935.056000,87
window_counter,uitree_layout_depth_recompute,,,,,145,0.290000,87
window_counter,uitree_ensure_layout,,,,,7266,14.532000,87
window_counter,uitree_cc_create,,,,,2237,4.474000,87
window_counter,uitree_cc_deleteall,,,,,225,0.450000,87
window_counter,uitree_cc_deleteall_rows,,,,,2210,4.420000,87
window_counter,uitree_apply_geo,,,,,55516,111.032000,87
window_counter,uitree_apply_content,,,,,57101,114.202000,87
window_counter,uitree_apply_hook,,,,,1476,2.952000,87
window_counter,uitree_apply_other,,,,,256793,513.586000,87
window_gauge,uitree_components,,,,,10125,10125.000000,87
window_gauge,uitree_capacity,,,,,16384,16384.000000,87
window_gauge,uitree_node_bytes,,,,,28442624,28442624.000000,87
window_counter,cs2_scripts,,,,,3037,6.074000,87
window_counter,cs2_opcodes,,,,,622184,1244.368000,87
window_counter,cs2_host_ops,,,,,85967,171.934000,87
window_counter,cs2_cycles,,,,,622184,1244.368000,87
window_counter,cs2_aborts,,,,,3,0.006000,87
window_counter,cs2_vm_acquire,,,,,3037,6.074000,87
window_counter,cs2_vm_pool_hit,,,,,3037,6.074000,87
window_counter,cs2_vm_init_ns,,,,,2536000,5072.000000,87
window_counter,cs2_frame_pool_hit,,,,,6670,13.340000,87
window_counter,cache_model_hit,,,,,432,0.864000,87
window_counter,cache_sprite_hit,,,,,290,0.580000,87
window_counter,painter_pops,,,,,2860500,5721.000000,87
window_counter,painter_gate_rejects,,,,,1243500,2487.000000,87
window_counter,painter_pushes,,,,,2860500,5721.000000,87
window_counter,painter_push_dedup,,,,,1204500,2409.000000,87
window_counter,painter_drain_events,,,,,2000,4.000000,87
window_gauge,painter_commands,,,,,3645,3645.000000,87
window_gauge,painter_tiles_remaining_set,,,,,2916,2916.000000,87
window_gauge,zone_map_count,,,,,80,80.000000,87
window_gauge,zone_map_capacity,,,,,256,256.000000,87
window_gauge,npc_slot_max,,,,,65,65.000000,87
window_counter,iface_open,,,,,2,0.004000,87
window_counter,iface_close,,,,,2,0.004000,87
window_counter,iface_bake_reuse,,,,,2,0.004000,87
window_counter,iface_mount_ns,,,,,178000,356.000000,87
window_counter,uitree_anim_scan,,,,,276,0.552000,87
window_counter,uitree_anim_scan_nodes,,,,,2794500,5589.000000,87
window_counter,uitree_anim_model_nodes,,,,,828,1.656000,87
window_counter,uitree_hook_index_rebuild_nodes,,,,,1377000,2754.000000,87
window_stage,frame,4544752,4328000,5069000,85598000,,,88
window_stage,async,109102,2000,196000,26869000,,,88
window_stage,logic,551164,207000,904000,80856000,,,88
window_stage,cs2,369740,0,720000,80580000,,,88
window_stage,layout,62,0,1000,1000,,,88
window_stage,interact,19290,19000,26000,35000,,,88
window_stage,emit,191564,187000,283000,370000,,,88
window_stage,paint,450012,446000,485000,549000,,,88
window_stage,build,450114,446000,485000,549000,,,88
window_stage,render,2808526,2769000,3302000,3589000,,,88
window_stage,present,138466,135000,152000,232000,,,88
window_stage,server,3314,1000,4000,150000,,,88
window_counter,uitree_find_id,,,,,509907,1019.814000,88
window_counter,uitree_find_id_probes,,,,,1853437,3706.874000,88
window_counter,uitree_id_rebuild,,,,,161,0.322000,88
window_counter,uitree_find_child,,,,,15032,30.064000,88
window_counter,uitree_find_child_hit,,,,,11415,22.830000,88
window_counter,uitree_find_child_ceil_miss,,,,,3326,6.652000,88
window_counter,uitree_walk_emit,,,,,1619876,3239.752000,88
window_counter,uitree_walk_hit,,,,,355000,710.000000,88
window_counter,uitree_walk_hover,,,,,52500,105.000000,88
window_counter,uitree_emit_skip,,,,,1328114,2656.228000,88
window_counter,uitree_layout_resolve,,,,,335,0.670000,88
window_counter,uitree_layout_skip,,,,,156,0.312000,88
window_counter,uitree_layout_nodes,,,,,1812375,3624.750000,88
window_counter,uitree_layout_node_skip,,,,,1779416,3558.832000,88
window_counter,uitree_layout_depth_recompute,,,,,166,0.332000,88
window_counter,uitree_ensure_layout,,,,,8168,16.336000,88
window_counter,uitree_cc_create,,,,,3318,6.636000,88
window_counter,uitree_cc_deleteall,,,,,314,0.628000,88
window_counter,uitree_cc_deleteall_rows,,,,,3262,6.524000,88
window_counter,uitree_apply_geo,,,,,61439,122.878000,88
window_counter,uitree_apply_content,,,,,64273,128.546000,88
window_counter,uitree_apply_hook,,,,,11071,22.142000,88
window_counter,uitree_apply_other,,,,,263574,527.148000,88
window_gauge,uitree_components,,,,,10125,10125.000000,88
window_gauge,uitree_capacity,,,,,16384,16384.000000,88
window_gauge,uitree_node_bytes,,,,,28442624,28442624.000000,88
window_counter,cs2_scripts,,,,,3373,6.746000,88
window_counter,cs2_opcodes,,,,,1201935,2403.870000,88
window_counter,cs2_host_ops,,,,,174128,348.256000,88
window_counter,cs2_cycles,,,,,1201935,2403.870000,88
window_counter,cs2_aborts,,,,,10,0.020000,88
window_counter,cs2_vm_acquire,,,,,3373,6.746000,88
window_counter,cs2_vm_pool_hit,,,,,3373,6.746000,88
window_counter,cs2_vm_init_ns,,,,,2777000,5554.000000,88
window_counter,cs2_frame_pool_hit,,,,,8568,17.136000,88
window_counter,cache_model_hit,,,,,13748,27.496000,88
window_counter,cache_sprite_hit,,,,,736,1.472000,88
window_counter,painter_pops,,,,,2860500,5721.000000,88
window_counter,painter_gate_rejects,,,,,1243500,2487.000000,88
window_counter,painter_pushes,,,,,2860500,5721.000000,88
window_counter,painter_push_dedup,,,,,1204500,2409.000000,88
window_counter,painter_drain_events,,,,,2000,4.000000,88
window_gauge,painter_commands,,,,,3645,3645.000000,88
window_gauge,painter_tiles_remaining_set,,,,,2916,2916.000000,88
window_gauge,scene_elements,,,,,59775,59775.000000,88
window_gauge,scene_anim_list,,,,,309,309.000000,88
window_gauge,zone_map_count,,,,,80,80.000000,88
window_gauge,zone_map_capacity,,,,,256,256.000000,88
window_gauge,npc_slot_max,,,,,65,65.000000,88
window_gauge,cache_model_size,,,,,1169,1169.000000,88
window_gauge,cache_sprite_size,,,,,669,669.000000,88
window_counter,iface_open,,,,,4,0.008000,88
window_counter,iface_close,,,,,7,0.014000,88
window_counter,iface_bake_reuse,,,,,4,0.008000,88
window_counter,iface_mount_ns,,,,,301000,602.000000,88
window_counter,iface_close_ns,,,,,1407000,2814.000000,88
window_gauge,iface_groups_resident,,,,,33,33.000000,88
window_gauge,uitree_hidden,,,,,4384,4384.000000,88
window_gauge,uitree_unmounted,,,,,5,5.000000,88
window_gauge,uitree_hook_blocks,,,,,2877,2877.000000,88
window_gauge,uitree_hook_bytes,,,,,29345400,29345400.000000,88
window_gauge,host_inv_hooks,,,,,19,19.000000,88
window_gauge,host_var_hooks,,,,,163,163.000000,88
window_gauge,host_stat_hooks,,,,,65,65.000000,88
window_gauge,bridge_sprite_map,,,,,620,620.000000,88
window_gauge,bridge_model_map,,,,,1,1.000000,88
window_gauge,bridge_obj_icon_map,,,,,77,77.000000,88
window_gauge,cache_clientscript_size,,,,,654,654.000000,88
window_counter,uitree_anim_scan,,,,,292,0.584000,88
window_counter,uitree_anim_scan_nodes,,,,,2956500,5913.000000,88
window_counter,uitree_anim_model_nodes,,,,,876,1.752000,88
window_counter,uitree_hook_index_rebuild_nodes,,,,,1437750,2875.500000,88
window_stage,frame,4244964,4103000,4805000,32289000,,,89
window_stage,async,156362,2000,191000,27785000,,,89
window_stage,logic,389258,203000,910000,8149000,,,89
window_stage,cs2,202128,0,713000,7885000,,,89
window_stage,layout,84,0,1000,1000,,,89
window_stage,interact,19600,19000,27000,43000,,,89
window_stage,emit,174102,169000,287000,386000,,,89
window_stage,paint,451362,448000,492000,555000,,,89
window_stage,build,451478,448000,492000,556000,,,89
window_stage,render,2640942,2620000,3023000,3238000,,,89
window_stage,present,138624,136000,151000,190000,,,89
window_stage,server,2822,1000,3000,131000,,,89
window_counter,uitree_find_id,,,,,419364,838.728000,89
window_counter,uitree_find_id_probes,,,,,768498,1536.996000,89
window_counter,uitree_id_rebuild,,,,,50,0.100000,89
window_counter,uitree_find_child,,,,,7110,14.220000,89
window_counter,uitree_find_child_hit,,,,,4636,9.272000,89
window_counter,uitree_find_child_ceil_miss,,,,,2408,4.816000,89
window_counter,uitree_walk_emit,,,,,1543162,3086.324000,89
window_counter,uitree_walk_hit,,,,,355000,710.000000,89
window_counter,uitree_walk_hover,,,,,52500,105.000000,89
window_counter,uitree_emit_skip,,,,,1333348,2666.696000,89
window_counter,uitree_layout_resolve,,,,,290,0.580000,89
window_counter,uitree_layout_skip,,,,,142,0.284000,89
window_counter,uitree_layout_nodes,,,,,1498500,2997.000000,89
window_counter,uitree_layout_node_skip,,,,,1457391,2914.782000,89
window_counter,uitree_layout_depth_recompute,,,,,144,0.288000,89
window_counter,uitree_ensure_layout,,,,,7239,14.478000,89
window_counter,uitree_cc_create,,,,,2237,4.474000,89
window_counter,uitree_cc_deleteall,,,,,224,0.448000,89
window_counter,uitree_cc_deleteall_rows,,,,,2210,4.420000,89
window_counter,uitree_apply_geo,,,,,55556,111.112000,89
window_counter,uitree_apply_content,,,,,57081,114.162000,89
window_counter,uitree_apply_hook,,,,,1505,3.010000,89
window_counter,uitree_apply_other,,,,,256793,513.586000,89
window_gauge,uitree_components,,,,,10125,10125.000000,89
window_gauge,uitree_capacity,,,,,16384,16384.000000,89
window_gauge,uitree_node_bytes,,,,,28442624,28442624.000000,89
window_counter,cs2_scripts,,,,,3016,6.032000,89
window_counter,cs2_opcodes,,,,,627114,1254.228000,89
window_counter,cs2_host_ops,,,,,86336,172.672000,89
window_counter,cs2_cycles,,,,,627114,1254.228000,89
window_counter,cs2_aborts,,,,,3,0.006000,89
window_counter,cs2_vm_acquire,,,,,3016,6.032000,89
window_counter,cs2_vm_pool_hit,,,,,3016,6.032000,89
window_counter,cs2_vm_init_ns,,,,,2437000,4874.000000,89
window_counter,cs2_frame_pool_hit,,,,,6648,13.296000,89
window_counter,cache_model_hit,,,,,448,0.896000,89
window_counter,cache_sprite_hit,,,,,290,0.580000,89
window_counter,painter_pops,,,,,2860500,5721.000000,89
window_counter,painter_gate_rejects,,,,,1243500,2487.000000,89
window_counter,painter_pushes,,,,,2860500,5721.000000,89
window_counter,painter_push_dedup,,,,,1204500,2409.000000,89
window_counter,painter_drain_events,,,,,2000,4.000000,89
window_gauge,painter_commands,,,,,3645,3645.000000,89
window_gauge,painter_tiles_remaining_set,,,,,2916,2916.000000,89
window_gauge,zone_map_count,,,,,80,80.000000,89
window_gauge,zone_map_capacity,,,,,256,256.000000,89
window_gauge,npc_slot_max,,,,,65,65.000000,89
window_counter,iface_open,,,,,2,0.004000,89
window_counter,iface_close,,,,,2,0.004000,89
window_counter,iface_bake_reuse,,,,,2,0.004000,89
window_counter,iface_mount_ns,,,,,198000,396.000000,89
window_counter,uitree_anim_scan,,,,,274,0.548000,89
window_counter,uitree_anim_scan_nodes,,,,,2774250,5548.500000,89
window_counter,uitree_anim_model_nodes,,,,,822,1.644000,89
window_counter,uitree_hook_index_rebuild_nodes,,,,,1366875,2733.750000,89
window_stage,frame,5135774,4868000,5766000,84552000,,,90
window_stage,async,146488,3000,183000,27154000,,,90
window_stage,logic,592962,229000,947000,79250000,,,90
window_stage,cs2,382412,0,722000,78979000,,,90
window_stage,layout,70,0,1000,1000,,,90
window_stage,interact,24314,24000,31000,69000,,,90
window_stage,emit,266986,255000,441000,618000,,,90
window_stage,paint,477284,473000,523000,1477000,,,90
window_stage,build,477476,473000,524000,1478000,,,90
window_stage,render,3162406,3157000,3667000,5395000,,,90
window_stage,present,141616,139000,155000,328000,,,90
window_stage,server,2802,1000,3000,124000,,,90
window_counter,uitree_find_id,,,,,535399,1070.798000,90
window_counter,uitree_find_id_probes,,,,,1828523,3657.046000,90
window_counter,uitree_id_rebuild,,,,,163,0.326000,90
window_counter,uitree_find_child,,,,,17952,35.904000,90
window_counter,uitree_find_child_hit,,,,,14317,28.634000,90
window_counter,uitree_find_child_ceil_miss,,,,,3333,6.666000,90
window_counter,uitree_walk_emit,,,,,1708073,3416.146000,90
window_counter,uitree_walk_hit,,,,,355000,710.000000,90
window_counter,uitree_walk_hover,,,,,52500,105.000000,90
window_counter,uitree_emit_skip,,,,,1397322,2794.644000,90
window_counter,uitree_layout_resolve,,,,,363,0.726000,90
window_counter,uitree_layout_skip,,,,,169,0.338000,90
window_counter,uitree_layout_nodes,,,,,1964718,3929.436000,90
window_counter,uitree_layout_node_skip,,,,,1931735,3863.470000,90
window_counter,uitree_layout_depth_recompute,,,,,182,0.364000,90
window_counter,uitree_ensure_layout,,,,,8902,17.804000,90
window_counter,uitree_cc_create,,,,,3353,6.706000,90
window_counter,uitree_cc_deleteall,,,,,335,0.670000,90
window_counter,uitree_cc_deleteall_rows,,,,,3288,6.576000,90
window_counter,uitree_apply_geo,,,,,62919,125.838000,90
window_counter,uitree_apply_content,,,,,66050,132.100000,90
window_counter,uitree_apply_hook,,,,,13964,27.928000,90
window_counter,uitree_apply_other,,,,,266593,533.186000,90
window_gauge,uitree_components,,,,,10131,10131.000000,90
window_gauge,uitree_capacity,,,,,16384,16384.000000,90
window_gauge,uitree_node_bytes,,,,,28442624,28442624.000000,90
window_counter,cs2_scripts,,,,,3731,7.462000,90
window_counter,cs2_opcodes,,,,,1382978,2765.956000,90
window_counter,cs2_host_ops,,,,,201005,402.010000,90
window_counter,cs2_cycles,,,,,1382978,2765.956000,90
window_counter,cs2_aborts,,,,,10,0.020000,90
window_counter,cs2_vm_acquire,,,,,3731,7.462000,90
window_counter,cs2_vm_pool_hit,,,,,3731,7.462000,90
window_counter,cs2_vm_init_ns,,,,,2611000,5222.000000,90
window_counter,cs2_frame_pool_hit,,,,,9243,18.486000,90
window_counter,cache_model_hit,,,,,18062,36.124000,90
window_counter,cache_sprite_hit,,,,,758,1.516000,90
window_counter,painter_pops,,,,,2860500,5721.000000,90
window_counter,painter_gate_rejects,,,,,1243500,2487.000000,90
window_counter,painter_pushes,,,,,2860500,5721.000000,90
window_counter,painter_push_dedup,,,,,1204500,2409.000000,90
window_counter,painter_drain_events,,,,,2000,4.000000,90
window_gauge,painter_commands,,,,,3645,3645.000000,90
window_gauge,painter_tiles_remaining_set,,,,,2916,2916.000000,90
window_gauge,zone_map_count,,,,,80,80.000000,90
window_gauge,zone_map_capacity,,,,,256,256.000000,90
window_gauge,npc_slot_max,,,,,65,65.000000,90
window_counter,iface_open,,,,,4,0.008000,90
window_counter,iface_close,,,,,7,0.014000,90
window_counter,iface_bake_reuse,,,,,4,0.008000,90
window_counter,iface_mount_ns,,,,,321000,642.000000,90
window_counter,iface_close_ns,,,,,1181000,2362.000000,90
window_counter,uitree_anim_scan,,,,,320,0.640000,90
window_counter,uitree_anim_scan_nodes,,,,,3240840,6481.680000,90
window_counter,uitree_anim_model_nodes,,,,,960,1.920000,90
window_counter,uitree_hook_index_rebuild_nodes,,,,,1569789,3139.578000,90
window_stage,frame,4459094,4337000,4962000,32660000,,,91
window_stage,async,157252,2000,189000,27647000,,,91
window_stage,logic,404292,208000,911000,7930000,,,91
window_stage,cs2,210190,0,713000,7659000,,,91
window_stage,layout,78,0,1000,1000,,,91
window_stage,interact,22656,22000,30000,51000,,,91
window_stage,emit,203516,201000,299000,372000,,,91
window_stage,paint,469020,463000,516000,923000,,,91
window_stage,build,469158,463000,516000,924000,,,91
window_stage,render,2760362,2755000,3046000,3559000,,,91
window_stage,present,140524,139000,153000,222000,,,91
window_stage,server,2720,1000,4000,140000,,,91
window_counter,uitree_find_id,,,,,419900,839.800000,91
window_counter,uitree_find_id_probes,,,,,785970,1571.940000,91
window_counter,uitree_id_rebuild,,,,,50,0.100000,91
window_counter,uitree_find_child,,,,,7077,14.154000,91
window_counter,uitree_find_child_hit,,,,,4616,9.232000,91
window_counter,uitree_find_child_ceil_miss,,,,,2395,4.790000,91
window_counter,uitree_walk_emit,,,,,1545705,3091.410000,91
window_counter,uitree_walk_hit,,,,,355000,710.000000,91
window_counter,uitree_walk_hover,,,,,52500,105.000000,91
window_counter,uitree_emit_skip,,,,,1332770,2665.540000,91
window_counter,uitree_layout_resolve,,,,,301,0.602000,91
window_counter,uitree_layout_skip,,,,,148,0.296000,91
window_counter,uitree_layout_nodes,,,,,1550043,3100.086000,91
window_counter,uitree_layout_node_skip,,,,,1508922,3017.844000,91
window_counter,uitree_layout_depth_recompute,,,,,149,0.298000,91
window_counter,uitree_ensure_layout,,,,,7446,14.892000,91
window_counter,uitree_cc_create,,,,,2237,4.474000,91
window_counter,uitree_cc_deleteall,,,,,229,0.458000,91
window_counter,uitree_cc_deleteall_rows,,,,,2210,4.420000,91
window_counter,uitree_apply_geo,,,,,55516,111.032000,91
window_counter,uitree_apply_content,,,,,57181,114.362000,91
window_counter,uitree_apply_hook,,,,,1480,2.960000,91
window_counter,uitree_apply_other,,,,,256793,513.586000,91
window_gauge,uitree_components,,,,,10131,10131.000000,91
window_gauge,uitree_capacity,,,,,16384,16384.000000,91
window_gauge,uitree_node_bytes,,,,,28442624,28442624.000000,91
window_counter,cs2_scripts,,,,,3121,6.242000,91
window_counter,cs2_opcodes,,,,,629152,1258.304000,91
window_counter,cs2_host_ops,,,,,86963,173.926000,91
window_counter,cs2_cycles,,,,,629152,1258.304000,91
window_counter,cs2_aborts,,,,,3,0.006000,91
window_counter,cs2_vm_acquire,,,,,3121,6.242000,91
window_counter,cs2_vm_pool_hit,,,,,3121,6.242000,91
window_counter,cs2_vm_init_ns,,,,,2361000,4722.000000,91
window_counter,cs2_frame_pool_hit,,,,,6838,13.676000,91
window_counter,cache_model_hit,,,,,432,0.864000,91
window_counter,cache_sprite_hit,,,,,290,0.580000,91
window_counter,painter_pops,,,,,2861784,5723.568000,91
window_counter,painter_gate_rejects,,,,,1244190,2488.380000,91
window_counter,painter_pushes,,,,,2861784,5723.568000,91
window_counter,painter_push_dedup,,,,,1204040,2408.080000,91
window_counter,painter_drain_events,,,,,2000,4.000000,91
window_gauge,painter_commands,,,,,3646,3646.000000,91
window_gauge,painter_tiles_remaining_set,,,,,2916,2916.000000,91
window_gauge,zone_map_count,,,,,80,80.000000,91
window_gauge,zone_map_capacity,,,,,256,256.000000,91
window_gauge,npc_slot_max,,,,,65,65.000000,91
window_counter,iface_open,,,,,2,0.004000,91
window_counter,iface_close,,,,,2,0.004000,91
window_counter,iface_bake_reuse,,,,,2,0.004000,91
window_counter,iface_mount_ns,,,,,220000,440.000000,91
window_counter,uitree_anim_scan,,,,,286,0.572000,91
window_counter,uitree_anim_scan_nodes,,,,,2897466,5794.932000,91
window_counter,uitree_anim_model_nodes,,,,,858,1.716000,91
window_counter,uitree_hook_index_rebuild_nodes,,,,,1428471,2856.942000,91
window_stage,frame,4758552,4468000,5329000,85457000,,,92
window_stage,async,148032,3000,195000,27221000,,,92
window_stage,logic,553402,210000,896000,80480000,,,92
window_stage,cs2,370092,0,715000,80220000,,,92
window_stage,layout,82,0,1000,1000,,,92
window_stage,interact,19668,19000,27000,38000,,,92
window_stage,emit,241608,222000,445000,551000,,,92
window_stage,paint,451674,448000,486000,583000,,,92
window_stage,build,451764,448000,486000,584000,,,92
window_stage,render,2926648,2808000,3432000,3836000,,,92
window_stage,present,137728,135000,151000,208000,,,92
window_stage,server,3476,1000,4000,143000,,,92
window_counter,uitree_find_id,,,,,533017,1066.034000,92
window_counter,uitree_find_id_probes,,,,,1890377,3780.754000,92
window_counter,uitree_id_rebuild,,,,,163,0.326000,92
window_counter,uitree_find_child,,,,,17951,35.902000,92
window_counter,uitree_find_child_hit,,,,,14337,28.674000,92
window_counter,uitree_find_child_ceil_miss,,,,,3340,6.680000,92
window_counter,uitree_walk_emit,,,,,1842184,3684.368000,92
window_counter,uitree_walk_hit,,,,,355000,710.000000,92
window_counter,uitree_walk_hover,,,,,52500,105.000000,92
window_counter,uitree_emit_skip,,,,,1526503,3053.006000,92
window_counter,uitree_layout_resolve,,,,,343,0.686000,92
window_counter,uitree_layout_skip,,,,,160,0.320000,92
window_counter,uitree_layout_nodes,,,,,1853973,3707.946000,92
window_counter,uitree_layout_node_skip,,,,,1820979,3641.958000,92
window_counter,uitree_layout_depth_recompute,,,,,172,0.344000,92
window_counter,uitree_ensure_layout,,,,,8470,16.940000,92
window_counter,uitree_cc_create,,,,,3347,6.694000,92
window_counter,uitree_cc_deleteall,,,,,327,0.654000,92
window_counter,uitree_cc_deleteall_rows,,,,,3288,6.576000,92
window_counter,uitree_apply_geo,,,,,62897,125.794000,92
window_counter,uitree_apply_content,,,,,65810,131.620000,92
window_counter,uitree_apply_hook,,,,,13869,27.738000,92
window_counter,uitree_apply_other,,,,,266386,532.772000,92
window_gauge,uitree_components,,,,,10131,10131.000000,92
window_gauge,uitree_capacity,,,,,16384,16384.000000,92
window_gauge,uitree_node_bytes,,,,,28442624,28442624.000000,92
window_counter,cs2_scripts,,,,,3569,7.138000,92
window_counter,cs2_opcodes,,,,,1342537,2685.074000,92
window_counter,cs2_host_ops,,,,,194843,389.686000,92
window_counter,cs2_cycles,,,,,1342537,2685.074000,92
window_counter,cs2_aborts,,,,,8,0.016000,92
window_counter,cs2_vm_acquire,,,,,3569,7.138000,92
window_counter,cs2_vm_pool_hit,,,,,3569,7.138000,92
window_counter,cs2_vm_init_ns,,,,,2896000,5792.000000,92
window_counter,cs2_frame_pool_hit,,,,,8611,17.222000,92
window_counter,cache_model_hit,,,,,18062,36.124000,92
window_counter,cache_sprite_hit,,,,,722,1.444000,92
window_counter,painter_pops,,,,,2867204,5734.408000,92
window_counter,painter_gate_rejects,,,,,1247393,2494.786000,92
window_counter,painter_pushes,,,,,2867204,5734.408000,92
window_counter,painter_push_dedup,,,,,1202941,2405.882000,92
window_counter,painter_drain_events,,,,,2000,4.000000,92
window_gauge,painter_commands,,,,,3647,3647.000000,92
window_gauge,painter_tiles_remaining_set,,,,,2916,2916.000000,92
window_gauge,zone_map_count,,,,,80,80.000000,92
window_gauge,zone_map_capacity,,,,,256,256.000000,92
window_gauge,npc_slot_max,,,,,65,65.000000,92
window_counter,iface_open,,,,,4,0.008000,92
window_counter,iface_close,,,,,6,0.012000,92
window_counter,iface_bake_reuse,,,,,4,0.008000,92
window_counter,iface_mount_ns,,,,,357000,714.000000,92
window_counter,iface_close_ns,,,,,725000,1450.000000,92
window_counter,uitree_anim_scan,,,,,302,0.604000,92
window_counter,uitree_anim_scan_nodes,,,,,3059562,6119.124000,92
window_counter,uitree_anim_model_nodes,,,,,906,1.812000,92
window_counter,uitree_hook_index_rebuild_nodes,,,,,1479126,2958.252000,92
window_stage,frame,4172102,4048000,4651000,32664000,,,93
window_stage,async,154660,2000,187000,27589000,,,93
window_stage,logic,376044,189000,901000,7739000,,,93
window_stage,cs2,198962,0,716000,7458000,,,93
window_stage,layout,86,0,1000,1000,,,93
window_stage,interact,19080,19000,26000,38000,,,93
window_stage,emit,169214,168000,271000,364000,,,93
window_stage,paint,448302,445000,485000,580000,,,93
window_stage,build,448406,445000,485000,580000,,,93
window_stage,render,2596006,2567000,2886000,3481000,,,93
window_stage,present,138456,136000,151000,232000,,,93
window_stage,server,2470,1000,3000,128000,,,93
window_counter,uitree_find_id,,,,,419187,838.374000,93
window_counter,uitree_find_id_probes,,,,,754856,1509.712000,93
window_counter,uitree_id_rebuild,,,,,50,0.100000,93
window_counter,uitree_find_child,,,,,7123,14.246000,93
window_counter,uitree_find_child_hit,,,,,4636,9.272000,93
window_counter,uitree_find_child_ceil_miss,,,,,2421,4.842000,93
window_counter,uitree_walk_emit,,,,,1530492,3060.984000,93
window_counter,uitree_walk_hit,,,,,355000,710.000000,93
window_counter,uitree_walk_hover,,,,,52500,105.000000,93
window_counter,uitree_emit_skip,,,,,1333243,2666.486000,93
window_counter,uitree_layout_resolve,,,,,286,0.572000,93
window_counter,uitree_layout_skip,,,,,141,0.282000,93
window_counter,uitree_layout_nodes,,,,,1468995,2937.990000,93
window_counter,uitree_layout_node_skip,,,,,1427844,2855.688000,93
window_counter,uitree_layout_depth_recompute,,,,,141,0.282000,93
window_counter,uitree_ensure_layout,,,,,7120,14.240000,93
window_counter,uitree_cc_create,,,,,2237,4.474000,93
window_counter,uitree_cc_deleteall,,,,,221,0.442000,93
window_counter,uitree_cc_deleteall_rows,,,,,2210,4.420000,93
window_counter,uitree_apply_geo,,,,,55591,111.182000,93
window_counter,uitree_apply_content,,,,,57006,114.012000,93
window_counter,uitree_apply_hook,,,,,1532,3.064000,93
window_counter,uitree_apply_other,,,,,256773,513.546000,93
window_gauge,uitree_components,,,,,10131,10131.000000,93
window_gauge,uitree_capacity,,,,,16384,16384.000000,93
window_gauge,uitree_node_bytes,,,,,28442624,28442624.000000,93
window_counter,cs2_scripts,,,,,2953,5.906000,93
window_counter,cs2_opcodes,,,,,625743,1251.486000,93
window_counter,cs2_host_ops,,,,,86012,172.024000,93
window_counter,cs2_cycles,,,,,625743,1251.486000,93
window_counter,cs2_aborts,,,,,3,0.006000,93
window_counter,cs2_vm_acquire,,,,,2953,5.906000,93
window_counter,cs2_vm_pool_hit,,,,,2953,5.906000,93
window_counter,cs2_vm_init_ns,,,,,2311000,4622.000000,93
window_counter,cs2_frame_pool_hit,,,,,6538,13.076000,93
window_counter,cache_model_hit,,,,,432,0.864000,93
window_counter,cache_sprite_hit,,,,,290,0.580000,93
window_counter,painter_pops,,,,,2863337,5726.674000,93
window_counter,painter_gate_rejects,,,,,1245135,2490.270000,93
window_counter,painter_pushes,,,,,2863337,5726.674000,93
window_counter,painter_push_dedup,,,,,1203631,2407.262000,93
window_counter,painter_drain_events,,,,,2000,4.000000,93
window_gauge,painter_commands,,,,,3646,3646.000000,93
window_gauge,painter_tiles_remaining_set,,,,,2916,2916.000000,93
window_gauge,scene_elements,,,,,59775,59775.000000,93
window_gauge,scene_anim_list,,,,,309,309.000000,93
window_gauge,zone_map_count,,,,,80,80.000000,93
window_gauge,zone_map_capacity,,,,,256,256.000000,93
window_gauge,npc_slot_max,,,,,65,65.000000,93
window_gauge,cache_model_size,,,,,1169,1169.000000,93
window_gauge,cache_sprite_size,,,,,669,669.000000,93
window_counter,iface_open,,,,,2,0.004000,93
window_counter,iface_close,,,,,2,0.004000,93
window_counter,iface_bake_reuse,,,,,2,0.004000,93
window_counter,iface_mount_ns,,,,,162000,324.000000,93
window_gauge,iface_groups_resident,,,,,33,33.000000,93
window_gauge,uitree_hidden,,,,,4384,4384.000000,93
window_gauge,uitree_unmounted,,,,,5,5.000000,93
window_gauge,uitree_hook_blocks,,,,,2882,2882.000000,93
window_gauge,uitree_hook_bytes,,,,,29396400,29396400.000000,93
window_gauge,host_inv_hooks,,,,,19,19.000000,93
window_gauge,host_var_hooks,,,,,163,163.000000,93
window_gauge,host_stat_hooks,,,,,65,65.000000,93
window_gauge,bridge_sprite_map,,,,,620,620.000000,93
window_gauge,bridge_model_map,,,,,1,1.000000,93
window_gauge,bridge_obj_icon_map,,,,,77,77.000000,93
window_gauge,cache_clientscript_size,,,,,654,654.000000,93
window_counter,uitree_anim_scan,,,,,272,0.544000,93
window_counter,uitree_anim_scan_nodes,,,,,2755632,5511.264000,93
window_counter,uitree_anim_model_nodes,,,,,816,1.632000,93
window_counter,uitree_hook_index_rebuild_nodes,,,,,1357554,2715.108000,93
window_stage,frame,5267770,4688000,6555000,84267000,,,94
window_stage,async,156070,3000,191000,27229000,,,94
window_stage,logic,609890,213000,913000,79287000,,,94
window_stage,cs2,404022,0,719000,79003000,,,94
window_stage,layout,74,0,1000,1000,,,94
window_stage,interact,21850,21000,29000,110000,,,94
window_stage,emit,278648,246000,501000,3118000,,,94
window_stage,paint,481500,460000,510000,2390000,,,94
window_stage,build,481636,460000,511000,2390000,,,94
window_stage,render,3235406,3007000,3622000,15324000,,,94
window_stage,present,142030,137000,152000,1113000,,,94
window_stage,server,3086,1000,4000,141000,,,94
window_counter,uitree_find_id,,,,,534682,1069.364000,94
window_counter,uitree_find_id_probes,,,,,1826295,3652.590000,94
window_counter,uitree_id_rebuild,,,,,163,0.326000,94
window_counter,uitree_find_child,,,,,17938,35.876000,94
window_counter,uitree_find_child_hit,,,,,14337,28.674000,94
window_counter,uitree_find_child_ceil_miss,,,,,3327,6.654000,94
window_counter,uitree_walk_emit,,,,,1843784,3687.568000,94
window_counter,uitree_walk_hit,,,,,355000,710.000000,94
window_counter,uitree_walk_hover,,,,,52500,105.000000,94
window_counter,uitree_emit_skip,,,,,1524148,3048.296000,94
window_counter,uitree_layout_resolve,,,,,369,0.738000,94
window_counter,uitree_layout_skip,,,,,173,0.346000,94
window_counter,uitree_layout_nodes,,,,,1985676,3971.352000,94
window_counter,uitree_layout_node_skip,,,,,1962826,3925.652000,94
window_counter,uitree_layout_depth_recompute,,,,,186,0.372000,94
window_counter,uitree_ensure_layout,,,,,9039,18.078000,94
window_counter,uitree_cc_create,,,,,3347,6.694000,94
window_counter,uitree_cc_deleteall,,,,,340,0.680000,94
window_counter,uitree_cc_deleteall_rows,,,,,3288,6.576000,94
window_counter,uitree_apply_geo,,,,,62862,125.724000,94
window_counter,uitree_apply_content,,,,,66103,132.206000,94
window_counter,uitree_apply_hook,,,,,13852,27.704000,94
window_counter,uitree_apply_other,,,,,266406,532.812000,94
window_gauge,uitree_components,,,,,10131,10131.000000,94
window_gauge,uitree_capacity,,,,,16384,16384.000000,94
window_gauge,uitree_node_bytes,,,,,28442624,28442624.000000,94
window_counter,cs2_scripts,,,,,3874,7.748000,94
window_counter,cs2_opcodes,,,,,1361584,2723.168000,94
window_counter,cs2_host_ops,,,,,197689,395.378000,94
window_counter,cs2_cycles,,,,,1361584,2723.168000,94
window_counter,cs2_aborts,,,,,8,0.016000,94
window_counter,cs2_vm_acquire,,,,,3874,7.748000,94
window_counter,cs2_vm_pool_hit,,,,,3874,7.748000,94
window_counter,cs2_vm_init_ns,,,,,3000000,6000.000000,94
window_counter,cs2_frame_pool_hit,,,,,9173,18.346000,94
window_counter,cache_model_hit,,,,,18062,36.124000,94
window_counter,cache_sprite_hit,,,,,722,1.444000,94
window_counter,painter_pops,,,,,2860513,5721.026000,94
window_counter,painter_gate_rejects,,,,,1243500,2487.000000,94
window_counter,painter_pushes,,,,,2860513,5721.026000,94
window_counter,painter_push_dedup,,,,,1204500,2409.000000,94
window_counter,painter_drain_events,,,,,2000,4.000000,94
window_gauge,painter_commands,,,,,3645,3645.000000,94
window_gauge,painter_tiles_remaining_set,,,,,2916,2916.000000,94
window_gauge,zone_map_count,,,,,80,80.000000,94
window_gauge,zone_map_capacity,,,,,256,256.000000,94
window_gauge,npc_slot_max,,,,,65,65.000000,94
window_counter,iface_open,,,,,4,0.008000,94
window_counter,iface_close,,,,,6,0.012000,94
window_counter,iface_bake_reuse,,,,,4,0.008000,94
window_counter,iface_mount_ns,,,,,316000,632.000000,94
window_counter,iface_close_ns,,,,,661000,1322.000000,94
window_counter,uitree_anim_scan,,,,,326,0.652000,94
window_counter,uitree_anim_scan_nodes,,,,,3302706,6605.412000,94
window_counter,uitree_anim_model_nodes,,,,,978,1.956000,94
window_counter,uitree_hook_index_rebuild_nodes,,,,,1610829,3221.658000,94
window_stage,frame,4205036,4090000,4681000,31490000,,,95
window_stage,async,153918,2000,187000,26717000,,,95
window_stage,logic,381560,195000,891000,7599000,,,95
window_stage,cs2,198310,0,705000,7360000,,,95
window_stage,layout,86,0,1000,1000,,,95
window_stage,interact,19954,19000,26000,139000,,,95
window_stage,emit,175062,171000,279000,318000,,,95
window_stage,paint,449312,448000,482000,600000,,,95
window_stage,build,449412,448000,482000,601000,,,95
window_stage,render,2612072,2580000,2900000,3075000,,,95
window_stage,present,138080,135000,151000,239000,,,95
window_stage,server,2900,1000,3000,147000,,,95
window_counter,uitree_find_id,,,,,418923,837.846000,95
window_counter,uitree_find_id_probes,,,,,764993,1529.986000,95
window_counter,uitree_id_rebuild,,,,,50,0.100000,95
window_counter,uitree_find_child,,,,,7044,14.088000,95
window_counter,uitree_find_child_hit,,,,,4596,9.192000,95
window_counter,uitree_find_child_ceil_miss,,,,,2382,4.764000,95
window_counter,uitree_walk_emit,,,,,1530854,3061.708000,95
window_counter,uitree_walk_hit,,,,,355000,710.000000,95
window_counter,uitree_walk_hover,,,,,52500,105.000000,95
window_counter,uitree_emit_skip,,,,,1333246,2666.492000,95
window_counter,uitree_layout_resolve,,,,,289,0.578000,95
window_counter,uitree_layout_skip,,,,,142,0.284000,95
window_counter,uitree_layout_nodes,,,,,1489257,2978.514000,95
window_counter,uitree_layout_node_skip,,,,,1448154,2896.308000,95
window_counter,uitree_layout_depth_recompute,,,,,143,0.286000,95
window_counter,uitree_ensure_layout,,,,,7158,14.316000,95
window_counter,uitree_cc_create,,,,,2237,4.474000,95
window_counter,uitree_cc_deleteall,,,,,223,0.446000,95
window_counter,uitree_cc_deleteall_rows,,,,,2210,4.420000,95
window_counter,uitree_apply_geo,,,,,55476,110.952000,95
window_counter,uitree_apply_content,,,,,57061,114.122000,95
window_counter,uitree_apply_hook,,,,,1444,2.888000,95
window_counter,uitree_apply_other,,,,,256793,513.586000,95
window_gauge,uitree_components,,,,,10131,10131.000000,95
window_gauge,uitree_capacity,,,,,16384,16384.000000,95
window_gauge,uitree_node_bytes,,,,,28442624,28442624.000000,95
window_counter,cs2_scripts,,,,,2995,5.990000,95
window_counter,cs2_opcodes,,,,,611383,1222.766000,95
window_counter,cs2_host_ops,,,,,84752,169.504000,95
window_counter,cs2_cycles,,,,,611383,1222.766000,95
window_counter,cs2_aborts,,,,,3,0.006000,95
window_counter,cs2_vm_acquire,,,,,2995,5.990000,95
window_counter,cs2_vm_pool_hit,,,,,2995,5.990000,95
window_counter,cs2_vm_init_ns,,,,,2378000,4756.000000,95
window_counter,cs2_frame_pool_hit,,,,,6564,13.128000,95
window_counter,cache_model_hit,,,,,432,0.864000,95
window_counter,cache_sprite_hit,,,,,290,0.580000,95
window_counter,painter_pops,,,,,2860500,5721.000000,95
window_counter,painter_gate_rejects,,,,,1243500,2487.000000,95
window_counter,painter_pushes,,,,,2860500,5721.000000,95
window_counter,painter_push_dedup,,,,,1204500,2409.000000,95
window_counter,painter_drain_events,,,,,2000,4.000000,95
window_gauge,painter_commands,,,,,3645,3645.000000,95
window_gauge,painter_tiles_remaining_set,,,,,2916,2916.000000,95
window_gauge,zone_map_count,,,,,80,80.000000,95
window_gauge,zone_map_capacity,,,,,256,256.000000,95
window_gauge,npc_slot_max,,,,,65,65.000000,95
window_counter,iface_open,,,,,2,0.004000,95
window_counter,iface_close,,,,,2,0.004000,95
window_counter,iface_bake_reuse,,,,,2,0.004000,95
window_counter,iface_mount_ns,,,,,201000,402.000000,95
window_counter,uitree_anim_scan,,,,,274,0.548000,95
window_counter,uitree_anim_scan_nodes,,,,,2775894,5551.788000,95
window_counter,uitree_anim_model_nodes,,,,,822,1.644000,95
window_counter,uitree_hook_index_rebuild_nodes,,,,,1367685,2735.370000,95
window_stage,frame,4941450,4609000,5824000,84978000,,,96
window_stage,async,147668,2000,192000,27406000,,,96
window_stage,logic,562430,209000,906000,80196000,,,96
window_stage,cs2,373148,0,711000,79928000,,,96
window_stage,layout,62,0,1000,1000,,,96
window_stage,interact,20792,20000,28000,63000,,,96
window_stage,emit,254762,226000,532000,841000,,,96
window_stage,paint,455678,453000,489000,579000,,,96
window_stage,build,455780,453000,489000,579000,,,96
window_stage,render,3063344,3083000,3628000,5300000,,,96
window_stage,present,138096,136000,149000,184000,,,96
window_stage,server,3156,1000,3000,143000,,,96
window_counter,uitree_find_id,,,,,534264,1068.528000,96
window_counter,uitree_find_id_probes,,,,,1812742,3625.484000,96
window_counter,uitree_id_rebuild,,,,,163,0.326000,96
window_counter,uitree_find_child,,,,,17984,35.968000,96
window_counter,uitree_find_child_hit,,,,,14357,28.714000,96
window_counter,uitree_find_child_ceil_miss,,,,,3353,6.706000,96
window_counter,uitree_walk_emit,,,,,1781015,3562.030000,96
window_counter,uitree_walk_hit,,,,,355000,710.000000,96
window_counter,uitree_walk_hover,,,,,52500,105.000000,96
window_counter,uitree_emit_skip,,,,,1448000,2896.000000,96
window_counter,uitree_layout_resolve,,,,,352,0.704000,96
window_counter,uitree_layout_skip,,,,,166,0.332000,96
window_counter,uitree_layout_nodes,,,,,1884366,3768.732000,96
window_counter,uitree_layout_node_skip,,,,,1861487,3722.974000,96
window_counter,uitree_layout_depth_recompute,,,,,177,0.354000,96
window_counter,uitree_ensure_layout,,,,,8634,17.268000,96
window_counter,uitree_cc_create,,,,,3347,6.694000,96
window_counter,uitree_cc_deleteall,,,,,330,0.660000,96
window_counter,uitree_cc_deleteall_rows,,,,,3288,6.576000,96
window_counter,uitree_apply_geo,,,,,62937,125.874000,96
window_counter,uitree_apply_content,,,,,65908,131.816000,96
window_counter,uitree_apply_hook,,,,,13986,27.972000,96
window_counter,uitree_apply_other,,,,,266495,532.990000,96
window_gauge,uitree_components,,,,,10131,10131.000000,96
window_gauge,uitree_capacity,,,,,16384,16384.000000,96
window_gauge,uitree_node_bytes,,,,,28442624,28442624.000000,96
window_counter,cs2_scripts,,,,,3610,7.220000,96
window_counter,cs2_opcodes,,,,,1377121,2754.242000,96
window_counter,cs2_host_ops,,,,,199187,398.374000,96
window_counter,cs2_cycles,,,,,1377121,2754.242000,96
window_counter,cs2_aborts,,,,,8,0.016000,96
window_counter,cs2_vm_acquire,,,,,3610,7.220000,96
window_counter,cs2_vm_pool_hit,,,,,3610,7.220000,96
window_counter,cs2_vm_init_ns,,,,,2795000,5590.000000,96
window_counter,cs2_frame_pool_hit,,,,,8743,17.486000,96
window_counter,cache_model_hit,,,,,18062,36.124000,96
window_counter,cache_sprite_hit,,,,,722,1.444000,96
window_counter,painter_pops,,,,,2860500,5721.000000,96
window_counter,painter_gate_rejects,,,,,1243500,2487.000000,96
window_counter,painter_pushes,,,,,2860500,5721.000000,96
window_counter,painter_push_dedup,,,,,1204500,2409.000000,96
window_counter,painter_drain_events,,,,,2000,4.000000,96
window_gauge,painter_commands,,,,,3645,3645.000000,96
window_gauge,painter_tiles_remaining_set,,,,,2916,2916.000000,96
window_gauge,zone_map_count,,,,,80,80.000000,96
window_gauge,zone_map_capacity,,,,,256,256.000000,96
window_gauge,npc_slot_max,,,,,65,65.000000,96
window_counter,iface_open,,,,,4,0.008000,96
window_counter,iface_close,,,,,5,0.010000,96
window_counter,iface_bake_reuse,,,,,4,0.008000,96
window_counter,iface_mount_ns,,,,,338000,676.000000,96
window_counter,iface_close_ns,,,,,1081000,2162.000000,96
window_counter,uitree_anim_scan,,,,,310,0.620000,96
window_counter,uitree_anim_scan_nodes,,,,,3140610,6281.220000,96
window_counter,uitree_anim_model_nodes,,,,,930,1.860000,96
window_counter,uitree_hook_index_rebuild_nodes,,,,,1529781,3059.562000,96
window_stage,frame,4557692,4157000,6385000,31599000,,,97
window_stage,async,160652,2000,191000,26727000,,,97
window_stage,logic,429218,200000,918000,7749000,,,97
window_stage,cs2,229328,0,716000,7475000,,,97
window_stage,layout,64,0,1000,1000,,,97
window_stage,interact,20378,19000,27000,99000,,,97
window_stage,emit,188936,174000,300000,1629000,,,97
window_stage,paint,475780,452000,499000,3272000,,,97
window_stage,build,475894,452000,499000,3272000,,,97
window_stage,render,2822412,2590000,3219000,10392000,,,97
window_stage,present,146428,136000,151000,1780000,,,97
window_stage,server,2580,1000,3000,142000,,,97
window_counter,uitree_find_id,,,,,421570,843.140000,97
window_counter,uitree_find_id_probes,,,,,783214,1566.428000,97
window_counter,uitree_id_rebuild,,,,,50,0.100000,97
window_counter,uitree_find_child,,,,,7171,14.342000,97
window_counter,uitree_find_child_hit,,,,,4656,9.312000,97
window_counter,uitree_find_child_ceil_miss,,,,,2421,4.842000,97
window_counter,uitree_walk_emit,,,,,1525937,3051.874000,97
window_counter,uitree_walk_hit,,,,,355000,710.000000,97
window_counter,uitree_walk_hover,,,,,52500,105.000000,97
window_counter,uitree_emit_skip,,,,,1334536,2669.072000,97
window_counter,uitree_layout_resolve,,,,,309,0.618000,97
window_counter,uitree_layout_skip,,,,,151,0.302000,97
window_counter,uitree_layout_nodes,,,,,1600698,3201.396000,97
window_counter,uitree_layout_node_skip,,,,,1559543,3119.086000,97
window_counter,uitree_layout_depth_recompute,,,,,152,0.304000,97
window_counter,uitree_ensure_layout,,,,,7715,15.430000,97
window_counter,uitree_cc_create,,,,,2237,4.474000,97
window_counter,uitree_cc_deleteall,,,,,232,0.464000,97
window_counter,uitree_cc_deleteall_rows,,,,,2210,4.420000,97
window_counter,uitree_apply_geo,,,,,55646,111.292000,97
window_counter,uitree_apply_content,,,,,57289,114.578000,97
window_counter,uitree_apply_hook,,,,,1569,3.138000,97
window_counter,uitree_apply_other,,,,,256891,513.782000,97
window_gauge,uitree_components,,,,,10131,10131.000000,97
window_gauge,uitree_capacity,,,,,16384,16384.000000,97
window_gauge,uitree_node_bytes,,,,,28442624,28442624.000000,97
window_counter,cs2_scripts,,,,,3224,6.448000,97
window_counter,cs2_opcodes,,,,,658339,1316.678000,97
window_counter,cs2_host_ops,,,,,90753,181.506000,97
window_counter,cs2_cycles,,,,,658339,1316.678000,97
window_counter,cs2_aborts,,,,,5,0.010000,97
window_counter,cs2_vm_acquire,,,,,3224,6.448000,97
window_counter,cs2_vm_pool_hit,,,,,3224,6.448000,97
window_counter,cs2_vm_init_ns,,,,,2465000,4930.000000,97
window_counter,cs2_frame_pool_hit,,,,,7370,14.740000,97
window_counter,cache_model_hit,,,,,432,0.864000,97
window_counter,cache_sprite_hit,,,,,320,0.640000,97
window_counter,painter_pops,,,,,2860500,5721.000000,97
window_counter,painter_gate_rejects,,,,,1243500,2487.000000,97
window_counter,painter_pushes,,,,,2860500,5721.000000,97
window_counter,painter_push_dedup,,,,,1204500,2409.000000,97
window_counter,painter_drain_events,,,,,2000,4.000000,97
window_gauge,painter_commands,,,,,3645,3645.000000,97
window_gauge,painter_tiles_remaining_set,,,,,2916,2916.000000,97
window_gauge,zone_map_count,,,,,80,80.000000,97
window_gauge,zone_map_capacity,,,,,256,256.000000,97
window_gauge,npc_slot_max,,,,,65,65.000000,97
window_counter,iface_open,,,,,2,0.004000,97
window_counter,iface_close,,,,,4,0.008000,97
window_counter,iface_bake_reuse,,,,,2,0.004000,97
window_counter,iface_mount_ns,,,,,175000,350.000000,97
window_counter,iface_close_ns,,,,,350000,700.000000,97
window_counter,uitree_anim_scan,,,,,292,0.584000,97
window_counter,uitree_anim_scan_nodes,,,,,2958252,5916.504000,97
window_counter,uitree_anim_model_nodes,,,,,876,1.752000,97
window_counter,uitree_hook_index_rebuild_nodes,,,,,1458864,2917.728000,97
window_stage,frame,4853994,4568000,5371000,85638000,,,98
window_stage,async,145356,2000,190000,26799000,,,98
window_stage,logic,557958,202000,895000,80629000,,,98
window_stage,cs2,371586,0,707000,80359000,,,98
window_stage,layout,74,0,1000,1000,,,98
window_stage,interact,20092,19000,27000,50000,,,98
window_stage,emit,257676,229000,488000,595000,,,98
window_stage,paint,454462,452000,488000,579000,,,98
window_stage,build,454546,452000,488000,579000,,,98
window_stage,render,2991928,2878000,3444000,3774000,,,98
window_stage,present,137642,136000,149000,191000,,,98
window_stage,server,2794,1000,3000,132000,,,98
window_counter,uitree_find_id,,,,,534431,1068.862000,98
window_counter,uitree_find_id_probes,,,,,1983132,3966.264000,98
window_counter,uitree_id_rebuild,,,,,163,0.326000,98
window_counter,uitree_find_child,,,,,17918,35.836000,98
window_counter,uitree_find_child_hit,,,,,14317,28.634000,98
window_counter,uitree_find_child_ceil_miss,,,,,3327,6.654000,98
window_counter,uitree_walk_emit,,,,,1856673,3713.346000,98
window_counter,uitree_walk_hit,,,,,355000,710.000000,98
window_counter,uitree_walk_hover,,,,,52500,105.000000,98
window_counter,uitree_emit_skip,,,,,1526102,3052.204000,98
window_counter,uitree_layout_resolve,,,,,346,0.692000,98
window_counter,uitree_layout_skip,,,,,163,0.326000,98
window_counter,uitree_layout_nodes,,,,,1853973,3707.946000,98
window_counter,uitree_layout_node_skip,,,,,1831125,3662.250000,98
window_counter,uitree_layout_depth_recompute,,,,,174,0.348000,98
window_counter,uitree_ensure_layout,,,,,8542,17.084000,98
window_counter,uitree_cc_create,,,,,3347,6.694000,98
window_counter,uitree_cc_deleteall,,,,,329,0.658000,98
window_counter,uitree_cc_deleteall_rows,,,,,3288,6.576000,98
window_counter,uitree_apply_geo,,,,,62857,125.714000,98
window_counter,uitree_apply_content,,,,,65850,131.700000,98
window_counter,uitree_apply_hook,,,,,13841,27.682000,98
window_counter,uitree_apply_other,,,,,266386,532.772000,98
window_gauge,uitree_components,,,,,10131,10131.000000,98
window_gauge,uitree_capacity,,,,,16384,16384.000000,98
window_gauge,uitree_node_bytes,,,,,28442624,28442624.000000,98
window_counter,cs2_scripts,,,,,3622,7.244000,98
window_counter,cs2_opcodes,,,,,1340082,2680.164000,98
window_counter,cs2_host_ops,,,,,194833,389.666000,98
window_counter,cs2_cycles,,,,,1340082,2680.164000,98
window_counter,cs2_aborts,,,,,8,0.016000,98
window_counter,cs2_vm_acquire,,,,,3622,7.244000,98
window_counter,cs2_vm_pool_hit,,,,,3622,7.244000,98
window_counter,cs2_vm_init_ns,,,,,2717000,5434.000000,98
window_counter,cs2_frame_pool_hit,,,,,8688,17.376000,98
window_counter,cache_model_hit,,,,,18078,36.156000,98
window_counter,cache_sprite_hit,,,,,722,1.444000,98
window_counter,painter_pops,,,,,2860500,5721.000000,98
window_counter,painter_gate_rejects,,,,,1243500,2487.000000,98
window_counter,painter_pushes,,,,,2860500,5721.000000,98
window_counter,painter_push_dedup,,,,,1204500,2409.000000,98
window_counter,painter_drain_events,,,,,2000,4.000000,98
window_gauge,painter_commands,,,,,3645,3645.000000,98
window_gauge,painter_tiles_remaining_set,,,,,2916,2916.000000,98
window_gauge,zone_map_count,,,,,80,80.000000,98
window_gauge,zone_map_capacity,,,,,256,256.000000,98
window_gauge,npc_slot_max,,,,,65,65.000000,98
window_counter,iface_open,,,,,4,0.008000,98
window_counter,iface_close,,,,,6,0.012000,98
window_counter,iface_bake_reuse,,,,,4,0.008000,98
window_counter,iface_mount_ns,,,,,290000,580.000000,98
window_counter,iface_close_ns,,,,,638000,1276.000000,98
window_counter,uitree_anim_scan,,,,,306,0.612000,98
window_counter,uitree_anim_scan_nodes,,,,,3100086,6200.172000,98
window_counter,uitree_anim_model_nodes,,,,,918,1.836000,98
window_counter,uitree_hook_index_rebuild_nodes,,,,,1499388,2998.776000,98
window_stage,frame,4144742,4026000,4610000,32738000,,,99
window_stage,async,158762,2000,191000,28015000,,,99
window_stage,logic,376992,197000,889000,7695000,,,99
window_stage,cs2,194508,0,708000,7422000,,,99
window_stage,layout,58,0,1000,1000,,,99
window_stage,interact,19240,19000,26000,52000,,,99
window_stage,emit,169806,166000,258000,311000,,,99
window_stage,paint,449502,448000,478000,516000,,,99
window_stage,build,449602,448000,478000,516000,,,99
window_stage,render,2564516,2526000,2855000,3086000,,,99
window_stage,present,137266,135000,149000,210000,,,99
window_stage,server,2400,1000,3000,130000,,,99
window_counter,uitree_find_id,,,,,418518,837.036000,99
window_counter,uitree_find_id_probes,,,,,777093,1554.186000,99
window_counter,uitree_id_rebuild,,,,,50,0.100000,99
window_counter,uitree_find_child,,,,,7024,14.048000,99
window_counter,uitree_find_child_hit,,,,,4576,9.152000,99
window_counter,uitree_find_child_ceil_miss,,,,,2382,4.764000,99
window_counter,uitree_walk_emit,,,,,1517098,3034.196000,99
window_counter,uitree_walk_hit,,,,,355000,710.000000,99
window_counter,uitree_walk_hover,,,,,52500,105.000000,99
window_counter,uitree_emit_skip,,,,,1333132,2666.264000,99
window_counter,uitree_layout_resolve,,,,,285,0.570000,99
window_counter,uitree_layout_skip,,,,,140,0.280000,99
window_counter,uitree_layout_nodes,,,,,1468995,2937.990000,99
window_counter,uitree_layout_node_skip,,,,,1427892,2855.784000,99
window_counter,uitree_layout_depth_recompute,,,,,141,0.282000,99
window_counter,uitree_ensure_layout,,,,,7066,14.132000,99
window_counter,uitree_cc_create,,,,,2237,4.474000,99
window_counter,uitree_cc_deleteall,,,,,221,0.442000,99
window_counter,uitree_cc_deleteall_rows,,,,,2210,4.420000,99
window_counter,uitree_apply_geo,,,,,55471,110.942000,99
window_counter,uitree_apply_content,,,,,57006,114.012000,99
window_counter,uitree_apply_hook,,,,,1442,2.884000,99
window_counter,uitree_apply_other,,,,,256773,513.546000,99
window_gauge,uitree_components,,,,,10131,10131.000000,99
window_gauge,uitree_capacity,,,,,16384,16384.000000,99
window_gauge,uitree_node_bytes,,,,,28442624,28442624.000000,99
window_counter,cs2_scripts,,,,,2953,5.906000,99
window_counter,cs2_opcodes,,,,,605727,1211.454000,99
window_counter,cs2_host_ops,,,,,84158,168.316000,99
window_counter,cs2_cycles,,,,,605727,1211.454000,99
window_counter,cs2_aborts,,,,,3,0.006000,99
window_counter,cs2_vm_acquire,,,,,2953,5.906000,99
window_counter,cs2_vm_pool_hit,,,,,2953,5.906000,99
window_counter,cs2_vm_init_ns,,,,,2424000,4848.000000,99
window_counter,cs2_frame_pool_hit,,,,,6478,12.956000,99
window_counter,cache_model_hit,,,,,434,0.868000,99
window_counter,cache_sprite_hit,,,,,290,0.580000,99
window_counter,painter_pops,,,,,2860500,5721.000000,99
window_counter,painter_gate_rejects,,,,,1243500,2487.000000,99
window_counter,painter_pushes,,,,,2860500,5721.000000,99
window_counter,painter_push_dedup,,,,,1204500,2409.000000,99
window_counter,painter_drain_events,,,,,2000,4.000000,99
window_gauge,painter_commands,,,,,3645,3645.000000,99
window_gauge,painter_tiles_remaining_set,,,,,2916,2916.000000,99
window_gauge,zone_map_count,,,,,80,80.000000,99
window_gauge,zone_map_capacity,,,,,256,256.000000,99
window_gauge,npc_slot_max,,,,,65,65.000000,99
window_counter,iface_open,,,,,2,0.004000,99
window_counter,iface_close,,,,,2,0.004000,99
window_counter,iface_bake_reuse,,,,,2,0.004000,99
window_counter,iface_mount_ns,,,,,183000,366.000000,99
window_counter,uitree_anim_scan,,,,,270,0.540000,99
window_counter,uitree_anim_scan_nodes,,,,,2735370,5470.740000,99
window_counter,uitree_anim_model_nodes,,,,,810,1.620000,99
window_counter,uitree_hook_index_rebuild_nodes,,,,,1347423,2694.846000,99
window_stage,frame,4589814,4411000,5116000,85601000,,,100
window_stage,async,56582,2000,188000,1586000,,,100
window_stage,logic,545886,202000,899000,80631000,,,100
window_stage,cs2,360894,0,710000,80329000,,,100
window_stage,layout,70,0,1000,1000,,,100
window_stage,interact,19874,19000,27000,38000,,,100
window_stage,emit,213414,211000,297000,385000,,,100
window_stage,paint,452586,451000,481000,639000,,,100
window_stage,build,452680,451000,481000,639000,,,100
window_stage,render,2876262,2794000,3308000,3696000,,,100
window_stage,present,137540,136000,147000,299000,,,100
window_stage,server,2832,1000,3000,129000,,,100
window_counter,uitree_find_id,,,,,491853,983.706000,100
window_counter,uitree_find_id_probes,,,,,1586400,3172.800000,100
window_counter,uitree_id_rebuild,,,,,136,0.272000,100
window_counter,uitree_find_child,,,,,11961,23.922000,100
window_counter,uitree_find_child_hit,,,,,9353,18.706000,100
window_counter,uitree_find_child_ceil_miss,,,,,2376,4.752000,100
window_counter,uitree_walk_emit,,,,,1651445,3302.890000,100
window_counter,uitree_walk_hit,,,,,355000,710.000000,100
window_counter,uitree_walk_hover,,,,,52500,105.000000,100
window_counter,uitree_emit_skip,,,,,1329008,2658.016000,100
window_counter,uitree_layout_resolve,,,,,327,0.654000,100
window_counter,uitree_layout_skip,,,,,154,0.308000,100
window_counter,uitree_layout_nodes,,,,,1752663,3505.326000,100
window_counter,uitree_layout_node_skip,,,,,1750130,3500.260000,100
window_counter,uitree_layout_depth_recompute,,,,,166,0.332000,100
window_counter,uitree_ensure_layout,,,,,8015,16.030000,100
window_counter,uitree_cc_create,,,,,2384,4.768000,100
window_counter,uitree_cc_deleteall,,,,,291,0.582000,100
window_counter,uitree_cc_deleteall_rows,,,,,2335,4.670000,100
window_counter,uitree_apply_geo,,,,,59759,119.518000,100
window_counter,uitree_apply_content,,,,,62655,125.310000,100
window_counter,uitree_apply_hook,,,,,10920,21.840000,100
window_counter,uitree_apply_other,,,,,260452,520.904000,100
window_gauge,uitree_components,,,,,10131,10131.000000,100
window_gauge,uitree_capacity,,,,,16384,16384.000000,100
window_gauge,uitree_node_bytes,,,,,28442624,28442624.000000,100
window_counter,cs2_scripts,,,,,3329,6.658000,100
window_counter,cs2_opcodes,,,,,1101526,2203.052000,100
window_counter,cs2_host_ops,,,,,159003,318.006000,100
window_counter,cs2_cycles,,,,,1101526,2203.052000,100
window_counter,cs2_aborts,,,,,7,0.014000,100
window_counter,cs2_vm_acquire,,,,,3329,6.658000,100
window_counter,cs2_vm_pool_hit,,,,,3329,6.658000,100
window_counter,cs2_vm_init_ns,,,,,2621000,5242.000000,100
window_counter,cs2_frame_pool_hit,,,,,7997,15.994000,100
window_counter,cache_model_hit,,,,,13700,27.400000,100
window_counter,cache_sprite_hit,,,,,655,1.310000,100
window_counter,painter_pops,,,,,2860500,5721.000000,100
window_counter,painter_gate_rejects,,,,,1243500,2487.000000,100
window_counter,painter_pushes,,,,,2860500,5721.000000,100
window_counter,painter_push_dedup,,,,,1204500,2409.000000,100
window_counter,painter_drain_events,,,,,2000,4.000000,100
window_gauge,painter_commands,,,,,3645,3645.000000,100
window_gauge,painter_tiles_remaining_set,,,,,2916,2916.000000,100
window_gauge,scene_elements,,,,,59775,59775.000000,100
window_gauge,scene_anim_list,,,,,309,309.000000,100
window_gauge,zone_map_count,,,,,80,80.000000,100
window_gauge,zone_map_capacity,,,,,256,256.000000,100
window_gauge,npc_slot_max,,,,,65,65.000000,100
window_gauge,cache_model_size,,,,,1169,1169.000000,100
window_gauge,cache_sprite_size,,,,,669,669.000000,100
window_counter,iface_open,,,,,3,0.006000,100
window_counter,iface_close,,,,,4,0.008000,100
window_counter,iface_bake_reuse,,,,,3,0.006000,100
window_counter,iface_mount_ns,,,,,225000,450.000000,100
window_counter,iface_close_ns,,,,,754000,1508.000000,100
window_gauge,iface_groups_resident,,,,,33,33.000000,100
window_gauge,uitree_hidden,,,,,4383,4383.000000,100
window_gauge,uitree_unmounted,,,,,4,4.000000,100
window_gauge,uitree_hook_blocks,,,,,2882,2882.000000,100
window_gauge,uitree_hook_bytes,,,,,29396400,29396400.000000,100
window_gauge,host_inv_hooks,,,,,34,34.000000,100
window_gauge,host_var_hooks,,,,,168,168.000000,100
window_gauge,host_stat_hooks,,,,,65,65.000000,100
window_gauge,bridge_sprite_map,,,,,620,620.000000,100
window_gauge,bridge_model_map,,,,,1,1.000000,100
window_gauge,bridge_obj_icon_map,,,,,77,77.000000,100
window_gauge,cache_clientscript_size,,,,,654,654.000000,100
window_counter,uitree_anim_scan,,,,,294,0.588000,100
window_counter,uitree_anim_scan_nodes,,,,,2978514,5957.028000,100
window_counter,uitree_anim_model_nodes,,,,,882,1.764000,100
window_counter,uitree_hook_index_rebuild_nodes,,,,,1468995,2937.990000,100
window_stage,frame,4185190,3982000,4635000,32420000,,,101
window_stage,async,208998,2000,190000,27625000,,,101
window_stage,logic,388504,199000,904000,7829000,,,101
window_stage,cs2,208014,0,721000,7567000,,,101
window_stage,layout,58,0,1000,1000,,,101
window_stage,interact,18780,18000,26000,38000,,,101
window_stage,emit,157872,154000,242000,325000,,,101
window_stage,paint,446986,445000,483000,572000,,,101
window_stage,build,447060,445000,483000,572000,,,101
window_stage,render,2561534,2517000,2872000,3309000,,,101
window_stage,present,137724,135000,149000,205000,,,101
window_stage,server,3208,1000,3000,262000,,,101
window_counter,uitree_find_id,,,,,439901,879.802000,101
window_counter,uitree_find_id_probes,,,,,818108,1636.216000,101
window_counter,uitree_id_rebuild,,,,,75,0.150000,101
window_counter,uitree_find_child,,,,,10209,20.418000,101
window_counter,uitree_find_child_hit,,,,,6726,13.452000,101
window_counter,uitree_find_child_ceil_miss,,,,,3358,6.716000,101
window_counter,uitree_walk_emit,,,,,1514078,3028.156000,101
window_counter,uitree_walk_hit,,,,,355000,710.000000,101
window_counter,uitree_walk_hover,,,,,52500,105.000000,101
window_counter,uitree_emit_skip,,,,,1333312,2666.624000,101
window_counter,uitree_layout_resolve,,,,,297,0.594000,101
window_counter,uitree_layout_skip,,,,,145,0.290000,101
window_counter,uitree_layout_nodes,,,,,1539912,3079.824000,101
window_counter,uitree_layout_node_skip,,,,,1478469,2956.938000,101
window_counter,uitree_layout_depth_recompute,,,,,144,0.288000,101
window_counter,uitree_ensure_layout,,,,,7405,14.810000,101
window_counter,uitree_cc_create,,,,,3171,6.342000,101
window_counter,uitree_cc_deleteall,,,,,247,0.494000,101
window_counter,uitree_cc_deleteall_rows,,,,,3137,6.274000,101
window_counter,uitree_apply_geo,,,,,57272,114.544000,101
window_counter,uitree_apply_content,,,,,58732,117.464000,101
window_counter,uitree_apply_hook,,,,,1828,3.656000,101
window_counter,uitree_apply_other,,,,,260056,520.112000,101
window_gauge,uitree_components,,,,,10131,10131.000000,101
window_gauge,uitree_capacity,,,,,16384,16384.000000,101
window_gauge,uitree_node_bytes,,,,,28442624,28442624.000000,101
window_counter,cs2_scripts,,,,,3064,6.128000,101
window_counter,cs2_opcodes,,,,,756134,1512.268000,101
window_counter,cs2_host_ops,,,,,105407,210.814000,101
window_counter,cs2_cycles,,,,,756134,1512.268000,101
window_counter,cs2_aborts,,,,,6,0.012000,101
window_counter,cs2_vm_acquire,,,,,3064,6.128000,101
window_counter,cs2_vm_pool_hit,,,,,3064,6.128000,101
window_counter,cs2_vm_init_ns,,,,,2379000,4758.000000,101
window_counter,cs2_frame_pool_hit,,,,,7240,14.480000,101
window_counter,cache_model_hit,,,,,566,1.132000,101
window_counter,cache_sprite_hit,,,,,374,0.748000,101
window_counter,painter_pops,,,,,2862967,5725.934000,101
window_counter,painter_gate_rejects,,,,,1244969,2489.938000,101
window_counter,painter_pushes,,,,,2862967,5725.934000,101
window_counter,painter_push_dedup,,,,,1203662,2407.324000,101
window_counter,painter_drain_events,,,,,2000,4.000000,101
window_gauge,painter_commands,,,,,3646,3646.000000,101
window_gauge,painter_tiles_remaining_set,,,,,2916,2916.000000,101
window_gauge,zone_map_count,,,,,80,80.000000,101
window_gauge,zone_map_capacity,,,,,256,256.000000,101
window_gauge,npc_slot_max,,,,,65,65.000000,101
window_counter,iface_open,,,,,3,0.006000,101
window_counter,iface_close,,,,,5,0.010000,101
window_counter,iface_bake_reuse,,,,,3,0.006000,101
window_counter,iface_mount_ns,,,,,324000,648.000000,101
window_counter,iface_close_ns,,,,,345000,690.000000,101
window_counter,uitree_anim_scan,,,,,272,0.544000,101
window_counter,uitree_anim_scan_nodes,,,,,2755632,5511.264000,101
window_counter,uitree_anim_model_nodes,,,,,816,1.632000,101
window_counter,uitree_hook_index_rebuild_nodes,,,,,1347423,2694.846000,101
window_stage,frame,4666922,4449000,5243000,85562000,,,102
window_stage,async,94624,2000,200000,18843000,,,102
window_stage,logic,544830,205000,898000,80636000,,,102
window_stage,cs2,362550,0,709000,80339000,,,102
window_stage,layout,58,0,1000,1000,,,102
window_stage,interact,19584,19000,27000,32000,,,102
window_stage,emit,220628,209000,401000,585000,,,102
window_stage,paint,451870,447000,488000,608000,,,102
window_stage,build,451996,447000,488000,608000,,,102
window_stage,render,2916824,2815000,3396000,3601000,,,102
window_stage,present,138074,136000,150000,224000,,,102
window_stage,server,3458,1000,4000,170000,,,102
window_counter,uitree_find_id,,,,,512693,1025.386000,102
window_counter,uitree_find_id_probes,,,,,1846747,3693.494000,102
window_counter,uitree_id_rebuild,,,,,138,0.276000,102
window_counter,uitree_find_child,,,,,14794,29.588000,102
window_counter,uitree_find_child_hit,,,,,12187,24.374000,102
window_counter,uitree_find_child_ceil_miss,,,,,2364,4.728000,102
window_counter,uitree_walk_emit,,,,,1736328,3472.656000,102
window_counter,uitree_walk_hit,,,,,355000,710.000000,102
window_counter,uitree_walk_hover,,,,,52500,105.000000,102
window_counter,uitree_emit_skip,,,,,1410704,2821.408000,102
window_counter,uitree_layout_resolve,,,,,329,0.658000,102
window_counter,uitree_layout_skip,,,,,154,0.308000,102
window_counter,uitree_layout_nodes,,,,,1772925,3545.850000,102
window_counter,uitree_layout_node_skip,,,,,1770399,3540.798000,102
window_counter,uitree_layout_depth_recompute,,,,,168,0.336000,102
window_counter,uitree_ensure_layout,,,,,8132,16.264000,102
window_counter,uitree_cc_create,,,,,2413,4.826000,102
window_counter,uitree_cc_deleteall,,,,,299,0.598000,102
window_counter,uitree_cc_deleteall_rows,,,,,2361,4.722000,102
window_counter,uitree_apply_geo,,,,,61146,122.292000,102
window_counter,uitree_apply_content,,,,,64112,128.224000,102
window_counter,uitree_apply_hook,,,,,13591,27.182000,102
window_counter,uitree_apply_other,,,,,263310,526.620000,102
window_gauge,uitree_components,,,,,10131,10131.000000,102
window_gauge,uitree_capacity,,,,,16384,16384.000000,102
window_gauge,uitree_node_bytes,,,,,28442624,28442624.000000,102
window_counter,cs2_scripts,,,,,3416,6.832000,102
window_counter,cs2_opcodes,,,,,1221689,2443.378000,102
window_counter,cs2_host_ops,,,,,177845,355.690000,102
window_counter,cs2_cycles,,,,,1221689,2443.378000,102
window_counter,cs2_aborts,,,,,7,0.014000,102
window_counter,cs2_vm_acquire,,,,,3416,6.832000,102
window_counter,cs2_vm_pool_hit,,,,,3416,6.832000,102
window_counter,cs2_vm_init_ns,,,,,2819000,5638.000000,102
window_counter,cs2_frame_pool_hit,,,,,8090,16.180000,102
window_counter,cache_model_hit,,,,,17930,35.860000,102
window_counter,cache_sprite_hit,,,,,668,1.336000,102
window_counter,painter_pops,,,,,2864798,5729.596000,102
window_counter,painter_gate_rejects,,,,,1246454,2492.908000,102
window_counter,painter_pushes,,,,,2864798,5729.596000,102
window_counter,painter_push_dedup,,,,,1202634,2405.268000,102
window_counter,painter_drain_events,,,,,2000,4.000000,102
window_gauge,painter_commands,,,,,3646,3646.000000,102
window_gauge,painter_tiles_remaining_set,,,,,2916,2916.000000,102
window_gauge,zone_map_count,,,,,80,80.000000,102
window_gauge,zone_map_capacity,,,,,256,256.000000,102
window_gauge,npc_slot_max,,,,,65,65.000000,102
window_counter,iface_open,,,,,3,0.006000,102
window_counter,iface_close,,,,,4,0.008000,102
window_counter,iface_bake_reuse,,,,,3,0.006000,102
window_counter,iface_mount_ns,,,,,197000,394.000000,102
window_counter,iface_close_ns,,,,,912000,1824.000000,102
window_counter,uitree_anim_scan,,,,,296,0.592000,102
window_counter,uitree_anim_scan_nodes,,,,,2998776,5997.552000,102
window_counter,uitree_anim_model_nodes,,,,,888,1.776000,102
window_counter,uitree_hook_index_rebuild_nodes,,,,,1458864,2917.728000,102
window_stage,frame,4860564,4346000,7675000,32883000,,,103
window_stage,async,224578,2000,221000,27771000,,,103
window_stage,logic,462086,206000,942000,8279000,,,103
window_stage,cs2,257828,0,717000,8016000,,,103
window_stage,layout,82,0,1000,1000,,,103
window_stage,interact,23812,20000,30000,861000,,,103
window_stage,emit,201968,179000,304000,2414000,,,103
window_stage,paint,505456,455000,530000,3819000,,,103
window_stage,build,505594,456000,530000,3819000,,,103
window_stage,render,2956298,2740000,3626000,11748000,,,103
window_stage,present,145070,138000,155000,878000,,,103
window_stage,server,3090,1000,3000,211000,,,103
window_counter,uitree_find_id,,,,,442424,884.848000,103
window_counter,uitree_find_id_probes,,,,,857262,1714.524000,103
window_counter,uitree_id_rebuild,,,,,75,0.150000,103
window_counter,uitree_find_child,,,,,10229,20.458000,103
window_counter,uitree_find_child_hit,,,,,6746,13.492000,103
window_counter,uitree_find_child_ceil_miss,,,,,3358,6.716000,103
window_counter,uitree_walk_emit,,,,,1545152,3090.304000,103
window_counter,uitree_walk_hit,,,,,355000,710.000000,103
window_counter,uitree_walk_hover,,,,,52500,105.000000,103
window_counter,uitree_emit_skip,,,,,1336445,2672.890000,103
window_counter,uitree_layout_resolve,,,,,332,0.664000,103
window_counter,uitree_layout_skip,,,,,163,0.326000,103
window_counter,uitree_layout_nodes,,,,,1712139,3424.278000,103
window_counter,uitree_layout_node_skip,,,,,1650692,3301.384000,103
window_counter,uitree_layout_depth_recompute,,,,,161,0.322000,103
window_counter,uitree_ensure_layout,,,,,8172,16.344000,103
window_counter,uitree_cc_create,,,,,3171,6.342000,103
window_counter,uitree_cc_deleteall,,,,,264,0.528000,103
window_counter,uitree_cc_deleteall_rows,,,,,3137,6.274000,103
window_counter,uitree_apply_geo,,,,,57277,114.554000,103
window_counter,uitree_apply_content,,,,,59087,118.174000,103
window_counter,uitree_apply_hook,,,,,1845,3.690000,103
window_counter,uitree_apply_other,,,,,260076,520.152000,103
window_gauge,uitree_components,,,,,10131,10131.000000,103
window_gauge,uitree_capacity,,,,,16384,16384.000000,103
window_gauge,uitree_node_bytes,,,,,28442624,28442624.000000,103
window_counter,cs2_scripts,,,,,3421,6.842000,103
window_counter,cs2_opcodes,,,,,788564,1577.128000,103
window_counter,cs2_host_ops,,,,,109836,219.672000,103
window_counter,cs2_cycles,,,,,788564,1577.128000,103
window_counter,cs2_aborts,,,,,6,0.012000,103
window_counter,cs2_vm_acquire,,,,,3421,6.842000,103
window_counter,cs2_vm_pool_hit,,,,,3421,6.842000,103
window_counter,cs2_vm_init_ns,,,,,2769000,5538.000000,103
window_counter,cs2_frame_pool_hit,,,,,7958,15.916000,103
window_counter,cache_model_hit,,,,,580,1.160000,103
window_counter,cache_sprite_hit,,,,,374,0.748000,103
window_counter,painter_pops,,,,,2865011,5730.022000,103
window_counter,painter_gate_rejects,,,,,1246096,2492.192000,103
window_counter,painter_pushes,,,,,2865011,5730.022000,103
window_counter,painter_push_dedup,,,,,1203786,2407.572000,103
window_counter,painter_drain_events,,,,,2000,4.000000,103
window_gauge,painter_commands,,,,,3646,3646.000000,103
window_gauge,painter_tiles_remaining_set,,,,,2916,2916.000000,103
window_gauge,zone_map_count,,,,,80,80.000000,103
window_gauge,zone_map_capacity,,,,,256,256.000000,103
window_gauge,npc_slot_max,,,,,65,65.000000,103
window_counter,iface_open,,,,,3,0.006000,103
window_counter,iface_close,,,,,5,0.010000,103
window_counter,iface_bake_reuse,,,,,3,0.006000,103
window_counter,iface_mount_ns,,,,,277000,554.000000,103
window_counter,iface_close_ns,,,,,412000,824.000000,103
window_counter,uitree_anim_scan,,,,,308,0.616000,103
window_counter,uitree_anim_scan_nodes,,,,,3120348,6240.696000,103
window_counter,uitree_anim_model_nodes,,,,,924,1.848000,103
window_counter,uitree_hook_index_rebuild_nodes,,,,,1529781,3059.562000,103
window_stage,frame,4801918,4579000,5418000,84700000,,,104
window_stage,async,93978,2000,198000,18996000,,,104
window_stage,logic,551614,206000,899000,79744000,,,104
window_stage,cs2,366900,0,718000,79483000,,,104
window_stage,layout,66,0,1000,1000,,,104
window_stage,interact,20064,19000,27000,49000,,,104
window_stage,emit,251278,228000,451000,587000,,,104
window_stage,paint,453766,449000,488000,601000,,,104
window_stage,build,453890,449000,488000,601000,,,104
window_stage,render,3007582,2875000,3469000,3832000,,,104
window_stage,present,138704,136000,152000,224000,,,104
window_stage,server,3150,1000,3000,133000,,,104
window_counter,uitree_find_id,,,,,513260,1026.520000,104
window_counter,uitree_find_id_probes,,,,,1770938,3541.876000,104
window_counter,uitree_id_rebuild,,,,,138,0.276000,104
window_counter,uitree_find_child,,,,,14880,29.760000,104
window_counter,uitree_find_child_hit,,,,,12247,24.494000,104
window_counter,uitree_find_child_ceil_miss,,,,,2390,4.780000,104
window_counter,uitree_walk_emit,,,,,1857230,3714.460000,104
window_counter,uitree_walk_hit,,,,,355000,710.000000,104
window_counter,uitree_walk_hover,,,,,52500,105.000000,104
window_counter,uitree_emit_skip,,,,,1524317,3048.634000,104
window_counter,uitree_layout_resolve,,,,,336,0.672000,104
window_counter,uitree_layout_skip,,,,,158,0.316000,104
window_counter,uitree_layout_nodes,,,,,1803318,3606.636000,104
window_counter,uitree_layout_node_skip,,,,,1800763,3601.526000,104
window_counter,uitree_layout_depth_recompute,,,,,171,0.342000,104
window_counter,uitree_ensure_layout,,,,,8357,16.714000,104
window_counter,uitree_cc_create,,,,,2413,4.826000,104
window_counter,uitree_cc_deleteall,,,,,303,0.606000,104
window_counter,uitree_cc_deleteall_rows,,,,,2361,4.722000,104
window_counter,uitree_apply_geo,,,,,61231,122.462000,104
window_counter,uitree_apply_content,,,,,64187,128.374000,104
window_counter,uitree_apply_hook,,,,,13571,27.142000,104
window_counter,uitree_apply_other,,,,,263221,526.442000,104
window_gauge,uitree_components,,,,,10131,10131.000000,104
window_gauge,uitree_capacity,,,,,16384,16384.000000,104
window_gauge,uitree_node_bytes,,,,,28442624,28442624.000000,104
window_counter,cs2_scripts,,,,,3546,7.092000,104
window_counter,cs2_opcodes,,,,,1222440,2444.880000,104
window_counter,cs2_host_ops,,,,,177336,354.672000,104
window_counter,cs2_cycles,,,,,1222440,2444.880000,104
window_counter,cs2_aborts,,,,,7,0.014000,104
window_counter,cs2_vm_acquire,,,,,3546,7.092000,104
window_counter,cs2_vm_pool_hit,,,,,3546,7.092000,104
window_counter,cs2_vm_init_ns,,,,,2916000,5832.000000,104
window_counter,cs2_frame_pool_hit,,,,,8349,16.698000,104
window_counter,cache_model_hit,,,,,17930,35.860000,104
window_counter,cache_sprite_hit,,,,,668,1.336000,104
window_counter,painter_pops,,,,,2867380,5734.760000,104
window_counter,painter_gate_rejects,,,,,1247831,2495.662000,104
window_counter,painter_pushes,,,,,2867380,5734.760000,104
window_counter,painter_push_dedup,,,,,1202209,2404.418000,104
window_counter,painter_drain_events,,,,,2000,4.000000,104
window_gauge,painter_commands,,,,,3647,3647.000000,104
window_gauge,painter_tiles_remaining_set,,,,,2916,2916.000000,104
window_gauge,scene_elements,,,,,59775,59775.000000,104
window_gauge,scene_anim_list,,,,,309,309.000000,104
window_gauge,zone_map_count,,,,,80,80.000000,104
window_gauge,zone_map_capacity,,,,,256,256.000000,104
window_gauge,npc_slot_max,,,,,65,65.000000,104
window_gauge,cache_model_size,,,,,1169,1169.000000,104
window_gauge,cache_sprite_size,,,,,669,669.000000,104
window_counter,iface_open,,,,,3,0.006000,104
window_counter,iface_close,,,,,5,0.010000,104
window_counter,iface_bake_reuse,,,,,3,0.006000,104
window_counter,iface_mount_ns,,,,,233000,466.000000,104
window_counter,iface_close_ns,,,,,603000,1206.000000,104
window_gauge,iface_groups_resident,,,,,33,33.000000,104
window_gauge,uitree_hidden,,,,,4384,4384.000000,104
window_gauge,uitree_unmounted,,,,,5,5.000000,104
window_gauge,uitree_hook_blocks,,,,,2882,2882.000000,104
window_gauge,uitree_hook_bytes,,,,,29396400,29396400.000000,104
window_gauge,host_inv_hooks,,,,,19,19.000000,104
window_gauge,host_var_hooks,,,,,163,163.000000,104
window_gauge,host_stat_hooks,,,,,65,65.000000,104
window_gauge,bridge_sprite_map,,,,,620,620.000000,104
window_gauge,bridge_model_map,,,,,1,1.000000,104
window_gauge,bridge_obj_icon_map,,,,,77,77.000000,104
window_gauge,cache_clientscript_size,,,,,654,654.000000,104
window_counter,uitree_anim_scan,,,,,304,0.608000,104
window_counter,uitree_anim_scan_nodes,,,,,3079824,6159.648000,104
window_counter,uitree_anim_model_nodes,,,,,912,1.824000,104
window_counter,uitree_hook_index_rebuild_nodes,,,,,1499388,2998.776000,104
window_stage,frame,4630976,4172000,7377000,31714000,,,105
window_stage,async,218410,2000,235000,27069000,,,105
window_stage,logic,462186,206000,958000,7991000,,,105
window_stage,cs2,254586,0,754000,7753000,,,105
window_stage,layout,92,0,1000,3000,,,105
window_stage,interact,20936,19000,29000,90000,,,105
window_stage,emit,189746,177000,277000,1431000,,,105
window_stage,paint,483314,452000,507000,2248000,,,105
window_stage,build,483438,453000,507000,2249000,,,105
window_stage,render,2782706,2662000,3687000,8469000,,,105
window_stage,present,146634,137000,155000,1960000,,,105
window_stage,server,2816,1000,3000,140000,,,105
window_counter,uitree_find_id,,,,,440818,881.636000,105
window_counter,uitree_find_id_probes,,,,,823351,1646.702000,105
window_counter,uitree_id_rebuild,,,,,75,0.150000,105
window_counter,uitree_find_child,,,,,10214,20.428000,105
window_counter,uitree_find_child_hit,,,,,6746,13.492000,105
window_counter,uitree_find_child_ceil_miss,,,,,3371,6.742000,105
window_counter,uitree_walk_emit,,,,,1529276,3058.552000,105
window_counter,uitree_walk_hit,,,,,355000,710.000000,105
window_counter,uitree_walk_hover,,,,,52500,105.000000,105
window_counter,uitree_emit_skip,,,,,1333124,2666.248000,105
window_counter,uitree_layout_resolve,,,,,318,0.636000,105
window_counter,uitree_layout_skip,,,,,157,0.314000,105
window_counter,uitree_layout_nodes,,,,,1631091,3262.182000,105
window_counter,uitree_layout_node_skip,,,,,1569634,3139.268000,105
window_counter,uitree_layout_depth_recompute,,,,,155,0.310000,105
window_counter,uitree_ensure_layout,,,,,7820,15.640000,105
window_counter,uitree_cc_create,,,,,3171,6.342000,105
window_counter,uitree_cc_deleteall,,,,,258,0.516000,105
window_counter,uitree_cc_deleteall_rows,,,,,3137,6.274000,105
window_counter,uitree_apply_geo,,,,,57262,114.524000,105
window_counter,uitree_apply_content,,,,,58904,117.808000,105
window_counter,uitree_apply_hook,,,,,1843,3.686000,105
window_counter,uitree_apply_other,,,,,259958,519.916000,105
window_gauge,uitree_components,,,,,10131,10131.000000,105
window_gauge,uitree_capacity,,,,,16384,16384.000000,105
window_gauge,uitree_node_bytes,,,,,28442624,28442624.000000,105
window_counter,cs2_scripts,,,,,3255,6.510000,105
window_counter,cs2_opcodes,,,,,771351,1542.702000,105
window_counter,cs2_host_ops,,,,,106957,213.914000,105
window_counter,cs2_cycles,,,,,771351,1542.702000,105
window_counter,cs2_aborts,,,,,4,0.008000,105
window_counter,cs2_vm_acquire,,,,,3255,6.510000,105
window_counter,cs2_vm_pool_hit,,,,,3255,6.510000,105
window_counter,cs2_vm_init_ns,,,,,2966000,5932.000000,105
window_counter,cs2_frame_pool_hit,,,,,7356,14.712000,105
window_counter,cache_model_hit,,,,,578,1.156000,105
window_counter,cache_sprite_hit,,,,,344,0.688000,105
window_counter,painter_pops,,,,,2864044,5728.088000,105
window_counter,painter_gate_rejects,,,,,1245266,2490.532000,105
window_counter,painter_pushes,,,,,2864044,5728.088000,105
window_counter,painter_push_dedup,,,,,1203627,2407.254000,105
window_counter,painter_drain_events,,,,,2000,4.000000,105
window_gauge,painter_commands,,,,,3647,3647.000000,105
window_gauge,painter_tiles_remaining_set,,,,,2916,2916.000000,105
window_gauge,scene_elements,,,,,59775,59775.000000,105
window_gauge,scene_anim_list,,,,,309,309.000000,105
window_gauge,zone_map_count,,,,,80,80.000000,105
window_gauge,zone_map_capacity,,,,,256,256.000000,105
window_gauge,npc_slot_max,,,,,65,65.000000,105
window_gauge,cache_model_size,,,,,1169,1169.000000,105
window_gauge,cache_sprite_size,,,,,669,669.000000,105
window_counter,iface_open,,,,,3,0.006000,105
window_counter,iface_close,,,,,3,0.006000,105
window_counter,iface_bake_reuse,,,,,3,0.006000,105
window_counter,iface_mount_ns,,,,,286000,572.000000,105
window_gauge,iface_groups_resident,,,,,33,33.000000,105
window_gauge,uitree_hidden,,,,,4384,4384.000000,105
window_gauge,uitree_unmounted,,,,,5,5.000000,105
window_gauge,uitree_hook_blocks,,,,,2882,2882.000000,105
window_gauge,uitree_hook_bytes,,,,,29396400,29396400.000000,105
window_gauge,host_inv_hooks,,,,,19,19.000000,105
window_gauge,host_var_hooks,,,,,163,163.000000,105
window_gauge,host_stat_hooks,,,,,65,65.000000,105
window_gauge,bridge_sprite_map,,,,,620,620.000000,105
window_gauge,bridge_model_map,,,,,1,1.000000,105
window_gauge,bridge_obj_icon_map,,,,,77,77.000000,105
window_gauge,cache_clientscript_size,,,,,654,654.000000,105
window_counter,uitree_anim_scan,,,,,296,0.592000,105
window_counter,uitree_anim_scan_nodes,,,,,2998776,5997.552000,105
window_counter,uitree_anim_model_nodes,,,,,888,1.776000,105
window_counter,uitree_hook_index_rebuild_nodes,,,,,1468995,2937.990000,105
window_stage,frame,4650360,4431000,5253000,84942000,,,106
window_stage,async,94172,2000,193000,19183000,,,106
window_stage,logic,545748,208000,906000,80180000,,,106
window_stage,cs2,361370,0,715000,79913000,,,106
window_stage,layout,52,0,1000,1000,,,106
window_stage,interact,19998,19000,27000,47000,,,106
window_stage,emit,213944,201000,333000,680000,,,106
window_stage,paint,452240,448000,490000,596000,,,106
window_stage,build,452330,448000,490000,597000,,,106
window_stage,render,2903166,2824000,3376000,4206000,,,106
window_stage,present,138870,136000,153000,180000,,,106
window_stage,server,3236,1000,4000,130000,,,106
window_counter,uitree_find_id,,,,,512617,1025.234000,106
window_counter,uitree_find_id_probes,,,,,1754858,3509.716000,106
window_counter,uitree_id_rebuild,,,,,138,0.276000,106
window_counter,uitree_find_child,,,,,14794,29.588000,106
window_counter,uitree_find_child_hit,,,,,12187,24.374000,106
window_counter,uitree_find_child_ceil_miss,,,,,2364,4.728000,106
window_counter,uitree_walk_emit,,,,,1692406,3384.812000,106
window_counter,uitree_walk_hit,,,,,355000,710.000000,106
window_counter,uitree_walk_hover,,,,,52500,105.000000,106
window_counter,uitree_emit_skip,,,,,1369911,2739.822000,106
window_counter,uitree_layout_resolve,,,,,329,0.658000,106
window_counter,uitree_layout_skip,,,,,154,0.308000,106
window_counter,uitree_layout_nodes,,,,,1772925,3545.850000,106
window_counter,uitree_layout_node_skip,,,,,1770399,3540.798000,106
window_counter,uitree_layout_depth_recompute,,,,,168,0.336000,106
window_counter,uitree_ensure_layout,,,,,8114,16.228000,106
window_counter,uitree_cc_create,,,,,2413,4.826000,106
window_counter,uitree_cc_deleteall,,,,,299,0.598000,106
window_counter,uitree_cc_deleteall_rows,,,,,2361,4.722000,106
window_counter,uitree_apply_geo,,,,,61146,122.292000,106
window_counter,uitree_apply_content,,,,,64112,128.224000,106
window_counter,uitree_apply_hook,,,,,13591,27.182000,106
window_counter,uitree_apply_other,,,,,263310,526.620000,106
window_gauge,uitree_components,,,,,10131,10131.000000,106
window_gauge,uitree_capacity,,,,,16384,16384.000000,106
window_gauge,uitree_node_bytes,,,,,28442624,28442624.000000,106
window_counter,cs2_scripts,,,,,3398,6.796000,106
window_counter,cs2_opcodes,,,,,1221428,2442.856000,106
window_counter,cs2_host_ops,,,,,177809,355.618000,106
window_counter,cs2_cycles,,,,,1221428,2442.856000,106
window_counter,cs2_aborts,,,,,7,0.014000,106
window_counter,cs2_vm_acquire,,,,,3398,6.796000,106
window_counter,cs2_vm_pool_hit,,,,,3398,6.796000,106
window_counter,cs2_vm_init_ns,,,,,2791000,5582.000000,106
window_counter,cs2_frame_pool_hit,,,,,8063,16.126000,106
window_counter,cache_model_hit,,,,,17930,35.860000,106
window_counter,cache_sprite_hit,,,,,668,1.336000,106
window_counter,painter_pops,,,,,2863928,5727.856000,106
window_counter,painter_gate_rejects,,,,,1245094,2490.188000,106
window_counter,painter_pushes,,,,,2863928,5727.856000,106
window_counter,painter_push_dedup,,,,,1203890,2407.780000,106
window_counter,painter_drain_events,,,,,2000,4.000000,106
window_gauge,painter_commands,,,,,3647,3647.000000,106
window_gauge,painter_tiles_remaining_set,,,,,2916,2916.000000,106
window_gauge,scene_elements,,,,,59775,59775.000000,106
window_gauge,scene_anim_list,,,,,309,309.000000,106
window_gauge,zone_map_count,,,,,80,80.000000,106
window_gauge,zone_map_capacity,,,,,256,256.000000,106
window_gauge,npc_slot_max,,,,,65,65.000000,106
window_gauge,cache_model_size,,,,,1169,1169.000000,106
window_gauge,cache_sprite_size,,,,,669,669.000000,106
window_counter,iface_open,,,,,3,0.006000,106
window_counter,iface_close,,,,,4,0.008000,106
window_counter,iface_bake_reuse,,,,,3,0.006000,106
window_counter,iface_mount_ns,,,,,210000,420.000000,106
window_counter,iface_close_ns,,,,,954000,1908.000000,106
window_gauge,iface_groups_resident,,,,,33,33.000000,106
window_gauge,uitree_hidden,,,,,4383,4383.000000,106
window_gauge,uitree_unmounted,,,,,4,4.000000,106
window_gauge,uitree_hook_blocks,,,,,2882,2882.000000,106
window_gauge,uitree_hook_bytes,,,,,29396400,29396400.000000,106
window_gauge,host_inv_hooks,,,,,34,34.000000,106
window_gauge,host_var_hooks,,,,,168,168.000000,106
window_gauge,host_stat_hooks,,,,,65,65.000000,106
window_gauge,bridge_sprite_map,,,,,620,620.000000,106
window_gauge,bridge_model_map,,,,,1,1.000000,106
window_gauge,bridge_obj_icon_map,,,,,77,77.000000,106
window_gauge,cache_clientscript_size,,,,,654,654.000000,106
window_counter,uitree_anim_scan,,,,,296,0.592000,106
window_counter,uitree_anim_scan_nodes,,,,,2998776,5997.552000,106
window_counter,uitree_anim_model_nodes,,,,,888,1.776000,106
window_counter,uitree_hook_index_rebuild_nodes,,,,,1458864,2917.728000,106
window_stage,frame,4724174,4222000,6880000,71473000,,,107
window_stage,async,293960,2000,212000,64020000,,,107
window_stage,logic,439516,202000,949000,8400000,,,107
window_stage,cs2,239174,0,741000,7587000,,,107
window_stage,layout,76,0,1000,1000,,,107
window_stage,interact,22024,19000,28000,609000,,,107
window_stage,emit,183862,177000,280000,1358000,,,107
window_stage,paint,474232,454000,499000,2305000,,,107
window_stage,build,474342,454000,499000,2305000,,,107
window_stage,render,2847882,2650000,3708000,10762000,,,107
window_stage,present,148564,137000,152000,2207000,,,107
window_stage,server,2932,1000,3000,230000,,,107
window_counter,uitree_find_id,,,,,441616,883.232000,107
window_counter,uitree_find_id_probes,,,,,844340,1688.680000,107
window_counter,uitree_id_rebuild,,,,,75,0.150000,107
window_counter,uitree_find_child,,,,,10196,20.392000,107
window_counter,uitree_find_child_hit,,,,,6726,13.452000,107
window_counter,uitree_find_child_ceil_miss,,,,,3345,6.690000,107
window_counter,uitree_walk_emit,,,,,1533664,3067.328000,107
window_counter,uitree_walk_hit,,,,,355000,710.000000,107
window_counter,uitree_walk_hover,,,,,52500,105.000000,107
window_counter,uitree_emit_skip,,,,,1335654,2671.308000,107
window_counter,uitree_layout_resolve,,,,,320,0.640000,107
window_counter,uitree_layout_skip,,,,,157,0.314000,107
window_counter,uitree_layout_nodes,,,,,1651353,3302.706000,107
window_counter,uitree_layout_node_skip,,,,,1589906,3179.812000,107
window_counter,uitree_layout_depth_recompute,,,,,155,0.310000,107
window_counter,uitree_ensure_layout,,,,,7974,15.948000,107
window_counter,uitree_cc_create,,,,,3171,6.342000,107
window_counter,uitree_cc_deleteall,,,,,260,0.520000,107
window_counter,uitree_cc_deleteall_rows,,,,,3137,6.274000,107
window_counter,uitree_apply_geo,,,,,57237,114.474000,107
window_counter,uitree_apply_content,,,,,58971,117.942000,107
window_counter,uitree_apply_hook,,,,,1811,3.622000,107
window_counter,uitree_apply_other,,,,,260076,520.152000,107
window_gauge,uitree_components,,,,,10131,10131.000000,107
window_gauge,uitree_capacity,,,,,16384,16384.000000,107
window_gauge,uitree_node_bytes,,,,,28442624,28442624.000000,107
window_counter,cs2_scripts,,,,,3337,6.674000,107
window_counter,cs2_opcodes,,,,,775056,1550.112000,107
window_counter,cs2_host_ops,,,,,108240,216.480000,107
window_counter,cs2_cycles,,,,,775056,1550.112000,107
window_counter,cs2_aborts,,,,,6,0.012000,107
window_counter,cs2_vm_acquire,,,,,3337,6.674000,107
window_counter,cs2_vm_pool_hit,,,,,3337,6.674000,107
window_counter,cs2_vm_init_ns,,,,,2823000,5646.000000,107
window_counter,cs2_frame_pool_hit,,,,,7770,15.540000,107
window_counter,cache_model_hit,,,,,580,1.160000,107
window_counter,cache_sprite_hit,,,,,374,0.748000,107
window_counter,painter_pops,,,,,2865034,5730.068000,107
window_counter,painter_gate_rejects,,,,,1246208,2492.416000,107
window_counter,painter_pushes,,,,,2865034,5730.068000,107
window_counter,painter_push_dedup,,,,,1202800,2405.600000,107
window_counter,painter_drain_events,,,,,2000,4.000000,107
window_gauge,painter_commands,,,,,3647,3647.000000,107
window_gauge,painter_tiles_remaining_set,,,,,2916,2916.000000,107
window_gauge,scene_elements,,,,,59775,59775.000000,107
window_gauge,scene_anim_list,,,,,309,309.000000,107
window_gauge,zone_map_count,,,,,80,80.000000,107
window_gauge,zone_map_capacity,,,,,256,256.000000,107
window_gauge,npc_slot_max,,,,,65,65.000000,107
window_gauge,cache_model_size,,,,,1169,1169.000000,107
window_gauge,cache_sprite_size,,,,,669,669.000000,107
window_counter,iface_open,,,,,3,0.006000,107
window_counter,iface_close,,,,,5,0.010000,107
window_counter,iface_bake_reuse,,,,,3,0.006000,107
window_counter,iface_mount_ns,,,,,306000,612.000000,107
window_counter,iface_close_ns,,,,,301000,602.000000,107
window_gauge,iface_groups_resident,,,,,33,33.000000,107
window_gauge,uitree_hidden,,,,,4384,4384.000000,107
window_gauge,uitree_unmounted,,,,,5,5.000000,107
window_gauge,uitree_hook_blocks,,,,,2882,2882.000000,107
window_gauge,uitree_hook_bytes,,,,,29396400,29396400.000000,107
window_gauge,host_inv_hooks,,,,,19,19.000000,107
window_gauge,host_var_hooks,,,,,163,163.000000,107
window_gauge,host_stat_hooks,,,,,65,65.000000,107
window_gauge,bridge_sprite_map,,,,,620,620.000000,107
window_gauge,bridge_model_map,,,,,1,1.000000,107
window_gauge,bridge_obj_icon_map,,,,,77,77.000000,107
window_gauge,cache_clientscript_size,,,,,654,654.000000,107
window_counter,uitree_anim_scan,,,,,300,0.600000,107
window_counter,uitree_anim_scan_nodes,,,,,3039300,6078.600000,107
window_counter,uitree_anim_model_nodes,,,,,900,1.800000,107
window_counter,uitree_hook_index_rebuild_nodes,,,,,1468995,2937.990000,107
window_stage,frame,4775264,4537000,5367000,84949000,,,108
window_stage,async,93486,2000,197000,19004000,,,108
window_stage,logic,552312,200000,911000,80283000,,,108
window_stage,cs2,368532,0,717000,80016000,,,108
window_stage,layout,78,0,1000,1000,,,108
window_stage,interact,20202,19000,26000,49000,,,108
window_stage,emit,250932,234000,439000,543000,,,108
window_stage,paint,455316,452000,492000,645000,,,108
window_stage,build,455438,452000,492000,645000,,,108
window_stage,render,2977172,2864000,3419000,3626000,,,108
window_stage,present,139096,136000,151000,263000,,,108
window_stage,server,2976,1000,4000,152000,,,108
window_counter,uitree_find_id,,,,,515578,1031.156000,108
window_counter,uitree_find_id_probes,,,,,1799181,3598.362000,108
window_counter,uitree_id_rebuild,,,,,138,0.276000,108
window_counter,uitree_find_child,,,,,14888,29.776000,108
window_counter,uitree_find_child_hit,,,,,12255,24.510000,108
window_counter,uitree_find_child_ceil_miss,,,,,2390,4.780000,108
window_counter,uitree_walk_emit,,,,,1855721,3711.442000,108
window_counter,uitree_walk_hit,,,,,355000,710.000000,108
window_counter,uitree_walk_hover,,,,,52500,105.000000,108
window_counter,uitree_emit_skip,,,,,1524659,3049.318000,108
window_counter,uitree_layout_resolve,,,,,335,0.670000,108
window_counter,uitree_layout_skip,,,,,157,0.314000,108
window_counter,uitree_layout_nodes,,,,,1803318,3606.636000,108
window_counter,uitree_layout_node_skip,,,,,1800763,3601.526000,108
window_counter,uitree_layout_depth_recompute,,,,,171,0.342000,108
window_counter,uitree_ensure_layout,,,,,8355,16.710000,108
window_counter,uitree_cc_create,,,,,2413,4.826000,108
window_counter,uitree_cc_deleteall,,,,,302,0.604000,108
window_counter,uitree_cc_deleteall_rows,,,,,2361,4.722000,108
window_counter,uitree_apply_geo,,,,,61253,122.506000,108
window_counter,uitree_apply_content,,,,,64195,128.390000,108
window_counter,uitree_apply_hook,,,,,13822,27.644000,108
window_counter,uitree_apply_other,,,,,263449,526.898000,108
window_gauge,uitree_components,,,,,10131,10131.000000,108
window_gauge,uitree_capacity,,,,,16384,16384.000000,108
window_gauge,uitree_node_bytes,,,,,28442624,28442624.000000,108
window_counter,cs2_scripts,,,,,3531,7.062000,108
window_counter,cs2_opcodes,,,,,1267753,2535.506000,108
window_counter,cs2_host_ops,,,,,183635,367.270000,108
window_counter,cs2_cycles,,,,,1267753,2535.506000,108
window_counter,cs2_aborts,,,,,7,0.014000,108
window_counter,cs2_vm_acquire,,,,,3531,7.062000,108
window_counter,cs2_vm_pool_hit,,,,,3531,7.062000,108
window_counter,cs2_vm_init_ns,,,,,2733000,5466.000000,108
window_counter,cs2_frame_pool_hit,,,,,8333,16.666000,108
window_counter,cache_model_hit,,,,,18028,36.056000,108
window_counter,cache_sprite_hit,,,,,665,1.330000,108
window_counter,painter_pops,,,,,2865112,5730.224000,108
window_counter,painter_gate_rejects,,,,,1245722,2491.444000,108
window_counter,painter_pushes,,,,,2865112,5730.224000,108
window_counter,painter_push_dedup,,,,,1204140,2408.280000,108
window_counter,painter_drain_events,,,,,2000,4.000000,108
window_gauge,painter_commands,,,,,3647,3647.000000,108
window_gauge,painter_tiles_remaining_set,,,,,2916,2916.000000,108
window_gauge,scene_elements,,,,,59775,59775.000000,108
window_gauge,scene_anim_list,,,,,309,309.000000,108
window_gauge,zone_map_count,,,,,80,80.000000,108
window_gauge,zone_map_capacity,,,,,256,256.000000,108
window_gauge,npc_slot_max,,,,,65,65.000000,108
window_gauge,cache_model_size,,,,,1169,1169.000000,108
window_gauge,cache_sprite_size,,,,,669,669.000000,108
window_counter,iface_open,,,,,3,0.006000,108
window_counter,iface_close,,,,,4,0.008000,108
window_counter,iface_bake_reuse,,,,,3,0.006000,108
window_counter,iface_mount_ns,,,,,138000,276.000000,108
window_counter,iface_close_ns,,,,,1449000,2898.000000,108
window_gauge,iface_groups_resident,,,,,33,33.000000,108
window_gauge,uitree_hidden,,,,,4384,4384.000000,108
window_gauge,uitree_unmounted,,,,,5,5.000000,108
window_gauge,uitree_hook_blocks,,,,,2882,2882.000000,108
window_gauge,uitree_hook_bytes,,,,,29396400,29396400.000000,108
window_gauge,host_inv_hooks,,,,,19,19.000000,108
window_gauge,host_var_hooks,,,,,163,163.000000,108
window_gauge,host_stat_hooks,,,,,65,65.000000,108
window_gauge,bridge_sprite_map,,,,,620,620.000000,108
window_gauge,bridge_model_map,,,,,1,1.000000,108
window_gauge,bridge_obj_icon_map,,,,,77,77.000000,108
window_gauge,cache_clientscript_size,,,,,654,654.000000,108
window_counter,uitree_anim_scan,,,,,302,0.604000,108
window_counter,uitree_anim_scan_nodes,,,,,3059562,6119.124000,108
window_counter,uitree_anim_model_nodes,,,,,906,1.812000,108
window_counter,uitree_hook_index_rebuild_nodes,,,,,1489257,2978.514000,108
window_stage,frame,4927258,4383000,5157000,85176000,,,109
window_stage,async,225376,2000,195000,28191000,,,109
window_stage,logic,496002,205000,940000,13221000,,,109
window_stage,cs2,270244,0,704000,9867000,,,109
window_stage,layout,96,0,1000,1000,,,109
window_stage,interact,31450,23000,31000,3894000,,,109
window_stage,emit,218438,205000,337000,1768000,,,109
window_stage,paint,529452,469000,525000,21228000,,,109
window_stage,build,529598,469000,525000,21229000,,,109
window_stage,render,2933128,2778000,3226000,34727000,,,109
window_stage,present,142668,139000,155000,791000,,,109
window_stage,server,3038,1000,2000,515000,,,109
window_counter,uitree_find_id,,,,,444476,888.952000,109
window_counter,uitree_find_id_probes,,,,,892646,1785.292000,109
window_counter,uitree_id_rebuild,,,,,75,0.150000,109
window_counter,uitree_find_child,,,,,10254,20.508000,109
window_counter,uitree_find_child_hit,,,,,6786,13.572000,109
window_counter,uitree_find_child_ceil_miss,,,,,3371,6.742000,109
window_counter,uitree_walk_emit,,,,,1530760,3061.520000,109
window_counter,uitree_walk_hit,,,,,355000,710.000000,109
window_counter,uitree_walk_hover,,,,,52500,105.000000,109
window_counter,uitree_emit_skip,,,,,1330740,2661.480000,109
window_counter,uitree_layout_resolve,,,,,327,0.654000,109
window_counter,uitree_layout_skip,,,,,161,0.322000,109
window_counter,uitree_layout_nodes,,,,,1681746,3363.492000,109
window_counter,uitree_layout_node_skip,,,,,1620289,3240.578000,109
window_counter,uitree_layout_depth_recompute,,,,,160,0.320000,109
window_counter,uitree_ensure_layout,,,,,8184,16.368000,109
window_counter,uitree_cc_create,,,,,3171,6.342000,109
window_counter,uitree_cc_deleteall,,,,,266,0.532000,109
window_counter,uitree_cc_deleteall_rows,,,,,3137,6.274000,109
window_counter,uitree_apply_geo,,,,,57273,114.546000,109
window_counter,uitree_apply_content,,,,,59045,118.090000,109
window_counter,uitree_apply_hook,,,,,1851,3.702000,109
window_counter,uitree_apply_other,,,,,259999,519.998000,109
window_gauge,uitree_components,,,,,10131,10131.000000,109
window_gauge,uitree_capacity,,,,,16384,16384.000000,109
window_gauge,uitree_node_bytes,,,,,28442624,28442624.000000,109
window_counter,cs2_scripts,,,,,3424,6.848000,109
window_counter,cs2_opcodes,,,,,790208,1580.416000,109
window_counter,cs2_host_ops,,,,,109218,218.436000,109
window_counter,cs2_cycles,,,,,790208,1580.416000,109
window_counter,cs2_aborts,,,,,4,0.008000,109
window_counter,cs2_vm_acquire,,,,,3424,6.848000,109
window_counter,cs2_vm_pool_hit,,,,,3424,6.848000,109
window_counter,cs2_vm_init_ns,,,,,2631000,5262.000000,109
window_counter,cs2_frame_pool_hit,,,,,7703,15.406000,109
window_counter,cache_model_hit,,,,,564,1.128000,109
window_counter,cache_sprite_hit,,,,,347,0.694000,109
window_counter,painter_pops,,,,,2861296,5722.592000,109
window_counter,painter_gate_rejects,,,,,1243477,2486.954000,109
window_counter,painter_pushes,,,,,2861296,5722.592000,109
window_counter,painter_push_dedup,,,,,1204836,2409.672000,109
window_counter,painter_drain_events,,,,,2000,4.000000,109
window_gauge,painter_commands,,,,,3646,3646.000000,109
window_gauge,painter_tiles_remaining_set,,,,,2916,2916.000000,109
window_gauge,zone_map_count,,,,,80,80.000000,109
window_gauge,zone_map_capacity,,,,,256,256.000000,109
window_gauge,npc_slot_max,,,,,65,65.000000,109
window_counter,iface_open,,,,,3,0.006000,109
window_counter,iface_close,,,,,3,0.006000,109
window_counter,iface_bake_reuse,,,,,3,0.006000,109
window_counter,iface_mount_ns,,,,,262000,524.000000,109
window_counter,uitree_anim_scan,,,,,310,0.620000,109
window_counter,uitree_anim_scan_nodes,,,,,3140610,6281.220000,109
window_counter,uitree_anim_model_nodes,,,,,930,1.860000,109
window_counter,uitree_hook_index_rebuild_nodes,,,,,1509519,3019.038000,109
window_stage,frame,4985496,4756000,5495000,86318000,,,110
window_stage,async,89120,2000,164000,19305000,,,110
window_stage,logic,561418,206000,881000,81244000,,,110
window_stage,cs2,362856,0,651000,80956000,,,110
window_stage,layout,94,0,1000,1000,,,110
window_stage,interact,23468,23000,29000,46000,,,110
window_stage,emit,258592,250000,384000,704000,,,110
window_stage,paint,475252,469000,522000,725000,,,110
window_stage,build,475422,469000,522000,725000,,,110
window_stage,render,3103924,3019000,3572000,3869000,,,110
window_stage,present,142102,139000,156000,223000,,,110
window_stage,server,1964,1000,2000,90000,,,110
window_counter,uitree_find_id,,,,,513713,1027.426000,110
window_counter,uitree_find_id_probes,,,,,2055789,4111.578000,110
window_counter,uitree_id_rebuild,,,,,138,0.276000,110
window_counter,uitree_find_child,,,,,14794,29.588000,110
window_counter,uitree_find_child_hit,,,,,12187,24.374000,110
window_counter,uitree_find_child_ceil_miss,,,,,2364,4.728000,110
window_counter,uitree_walk_emit,,,,,1674796,3349.592000,110
window_counter,uitree_walk_hit,,,,,355000,710.000000,110
window_counter,uitree_walk_hover,,,,,52500,105.000000,110
window_counter,uitree_emit_skip,,,,,1351259,2702.518000,110
window_counter,uitree_layout_resolve,,,,,347,0.694000,110
window_counter,uitree_layout_skip,,,,,163,0.326000,110
window_counter,uitree_layout_nodes,,,,,1864104,3728.208000,110
window_counter,uitree_layout_node_skip,,,,,1861578,3723.156000,110
window_counter,uitree_layout_depth_recompute,,,,,177,0.354000,110
window_counter,uitree_ensure_layout,,,,,8466,16.932000,110
window_counter,uitree_cc_create,,,,,2413,4.826000,110
window_counter,uitree_cc_deleteall,,,,,307,0.614000,110
window_counter,uitree_cc_deleteall_rows,,,,,2361,4.722000,110
window_counter,uitree_apply_geo,,,,,61146,122.292000,110
window_counter,uitree_apply_content,,,,,64290,128.580000,110
window_counter,uitree_apply_hook,,,,,13599,27.198000,110
window_counter,uitree_apply_other,,,,,263310,526.620000,110
window_gauge,uitree_components,,,,,10131,10131.000000,110
window_gauge,uitree_capacity,,,,,16384,16384.000000,110
window_gauge,uitree_node_bytes,,,,,28442624,28442624.000000,110
window_counter,cs2_scripts,,,,,3558,7.116000,110
window_counter,cs2_opcodes,,,,,1235893,2471.786000,110
window_counter,cs2_host_ops,,,,,179884,359.768000,110
window_counter,cs2_cycles,,,,,1235893,2471.786000,110
window_counter,cs2_aborts,,,,,7,0.014000,110
window_counter,cs2_vm_acquire,,,,,3558,7.116000,110
window_counter,cs2_vm_pool_hit,,,,,3558,7.116000,110
window_counter,cs2_vm_init_ns,,,,,2331000,4662.000000,110
window_counter,cs2_frame_pool_hit,,,,,8389,16.778000,110
window_counter,cache_model_hit,,,,,17930,35.860000,110
window_counter,cache_sprite_hit,,,,,668,1.336000,110
window_counter,painter_pops,,,,,2861000,5722.000000,110
window_counter,painter_gate_rejects,,,,,1243500,2487.000000,110
window_counter,painter_pushes,,,,,2861000,5722.000000,110
window_counter,painter_push_dedup,,,,,1204500,2409.000000,110
window_counter,painter_drain_events,,,,,2000,4.000000,110
window_gauge,painter_commands,,,,,3646,3646.000000,110
window_gauge,painter_tiles_remaining_set,,,,,2916,2916.000000,110
window_gauge,zone_map_count,,,,,80,80.000000,110
window_gauge,zone_map_capacity,,,,,256,256.000000,110
window_gauge,npc_slot_max,,,,,65,65.000000,110
window_counter,iface_open,,,,,3,0.006000,110
window_counter,iface_close,,,,,4,0.008000,110
window_counter,iface_bake_reuse,,,,,3,0.006000,110
window_counter,iface_mount_ns,,,,,228000,456.000000,110
window_counter,iface_close_ns,,,,,905000,1810.000000,110
window_counter,uitree_anim_scan,,,,,312,0.624000,110
window_counter,uitree_anim_scan_nodes,,,,,3160872,6321.744000,110
window_counter,uitree_anim_model_nodes,,,,,936,1.872000,110
window_counter,uitree_hook_index_rebuild_nodes,,,,,1550043,3100.086000,110
window_stage,frame,4542426,4194000,5824000,37991000,,,111
window_stage,async,214706,2000,191000,28339000,,,111
window_stage,logic,417254,206000,954000,8295000,,,111
window_stage,cs2,219166,0,737000,8007000,,,111
window_stage,layout,68,0,1000,1000,,,111
window_stage,interact,21614,21000,29000,84000,,,111
window_stage,emit,192416,183000,323000,984000,,,111
window_stage,paint,467072,460000,507000,1141000,,,111
window_stage,build,467200,460000,507000,1141000,,,111
window_stage,render,2782192,2637000,3677000,6046000,,,111
window_stage,present,141542,138000,154000,320000,,,111
window_stage,server,2560,1000,3000,143000,,,111
window_counter,uitree_find_id,,,,,441279,882.558000,111
window_counter,uitree_find_id_probes,,,,,857297,1714.594000,111
window_counter,uitree_id_rebuild,,,,,75,0.150000,111
window_counter,uitree_find_child,,,,,10229,20.458000,111
window_counter,uitree_find_child_hit,,,,,6746,13.492000,111
window_counter,uitree_find_child_ceil_miss,,,,,3358,6.716000,111
window_counter,uitree_walk_emit,,,,,1522827,3045.654000,111
window_counter,uitree_walk_hit,,,,,355000,710.000000,111
window_counter,uitree_walk_hover,,,,,52500,105.000000,111
window_counter,uitree_emit_skip,,,,,1334450,2668.900000,111
window_counter,uitree_layout_resolve,,,,,316,0.632000,111
window_counter,uitree_layout_skip,,,,,155,0.310000,111
window_counter,uitree_layout_nodes,,,,,1631091,3262.182000,111
window_counter,uitree_layout_node_skip,,,,,1569644,3139.288000,111
window_counter,uitree_layout_depth_recompute,,,,,153,0.306000,111
window_counter,uitree_ensure_layout,,,,,7812,15.624000,111
window_counter,uitree_cc_create,,,,,3171,6.342000,111
window_counter,uitree_cc_deleteall,,,,,256,0.512000,111
window_counter,uitree_cc_deleteall_rows,,,,,3137,6.274000,111
window_counter,uitree_apply_geo,,,,,57277,114.554000,111
window_counter,uitree_apply_content,,,,,58927,117.854000,111
window_counter,uitree_apply_hook,,,,,1837,3.674000,111
window_counter,uitree_apply_other,,,,,260076,520.152000,111
window_gauge,uitree_components,,,,,10131,10131.000000,111
window_gauge,uitree_capacity,,,,,16384,16384.000000,111
window_gauge,uitree_node_bytes,,,,,28442624,28442624.000000,111
window_counter,cs2_scripts,,,,,3253,6.506000,111
window_counter,cs2_opcodes,,,,,773975,1547.950000,111
window_counter,cs2_host_ops,,,,,107743,215.486000,111
window_counter,cs2_cycles,,,,,773975,1547.950000,111
window_counter,cs2_aborts,,,,,6,0.012000,111
window_counter,cs2_vm_acquire,,,,,3253,6.506000,111
window_counter,cs2_vm_pool_hit,,,,,3253,6.506000,111
window_counter,cs2_vm_init_ns,,,,,2444000,4888.000000,111
window_counter,cs2_frame_pool_hit,,,,,7620,15.240000,111
window_counter,cache_model_hit,,,,,564,1.128000,111
window_counter,cache_sprite_hit,,,,,374,0.748000,111
window_counter,painter_pops,,,,,2863216,5726.432000,111
window_counter,painter_gate_rejects,,,,,1245382,2490.764000,111
window_counter,painter_pushes,,,,,2863216,5726.432000,111
window_counter,painter_push_dedup,,,,,1202952,2405.904000,111
window_counter,painter_drain_events,,,,,2000,4.000000,111
window_gauge,painter_commands,,,,,3646,3646.000000,111
window_gauge,painter_tiles_remaining_set,,,,,2916,2916.000000,111
window_gauge,zone_map_count,,,,,80,80.000000,111
window_gauge,zone_map_capacity,,,,,256,256.000000,111
window_gauge,npc_slot_max,,,,,65,65.000000,111
window_counter,iface_open,,,,,3,0.006000,111
window_counter,iface_close,,,,,5,0.010000,111
window_counter,iface_bake_reuse,,,,,3,0.006000,111
window_counter,iface_mount_ns,,,,,271000,542.000000,111
window_counter,iface_close_ns,,,,,367000,734.000000,111
window_counter,uitree_anim_scan,,,,,292,0.584000,111
window_counter,uitree_anim_scan_nodes,,,,,2958252,5916.504000,111
window_counter,uitree_anim_model_nodes,,,,,876,1.752000,111
window_counter,uitree_hook_index_rebuild_nodes,,,,,1448733,2897.466000,111
window_stage,frame,4893432,4636000,5495000,86999000,,,112
window_stage,async,87760,2000,169000,19120000,,,112
window_stage,logic,543978,190000,885000,81767000,,,112
window_stage,cs2,361740,0,690000,81460000,,,112
window_stage,layout,76,0,1000,1000,,,112
window_stage,interact,21426,21000,27000,34000,,,112
window_stage,emit,273102,251000,502000,716000,,,112
window_stage,paint,464508,461000,502000,691000,,,112
window_stage,build,464670,461000,502000,691000,,,112
window_stage,render,3058106,2941000,3540000,3837000,,,112
window_stage,present,141496,138000,156000,259000,,,112
window_stage,server,2318,1000,2000,150000,,,112
window_counter,uitree_find_id,,,,,515012,1030.024000,112
window_counter,uitree_find_id_probes,,,,,1747474,3494.948000,112
window_counter,uitree_id_rebuild,,,,,138,0.276000,112
window_counter,uitree_find_child,,,,,14921,29.842000,112
window_counter,uitree_find_child_hit,,,,,12247,24.494000,112
window_counter,uitree_find_child_ceil_miss,,,,,2403,4.806000,112
window_counter,uitree_walk_emit,,,,,1847914,3695.828000,112
window_counter,uitree_walk_hit,,,,,355000,710.000000,112
window_counter,uitree_walk_hover,,,,,52500,105.000000,112
window_counter,uitree_emit_skip,,,,,1516590,3033.180000,112
window_counter,uitree_layout_resolve,,,,,342,0.684000,112
window_counter,uitree_layout_skip,,,,,160,0.320000,112
window_counter,uitree_layout_nodes,,,,,1843842,3687.684000,112
window_counter,uitree_layout_node_skip,,,,,1841265,3682.530000,112
window_counter,uitree_layout_depth_recompute,,,,,173,0.346000,112
window_counter,uitree_ensure_layout,,,,,8559,17.118000,112
window_counter,uitree_cc_create,,,,,2413,4.826000,112
window_counter,uitree_cc_deleteall,,,,,304,0.608000,112
window_counter,uitree_cc_deleteall_rows,,,,,2361,4.722000,112
window_counter,uitree_apply_geo,,,,,61316,122.632000,112
window_counter,uitree_apply_content,,,,,64260,128.520000,112
window_counter,uitree_apply_hook,,,,,13712,27.424000,112
window_counter,uitree_apply_other,,,,,263408,526.816000,112
window_gauge,uitree_components,,,,,10131,10131.000000,112
window_gauge,uitree_capacity,,,,,16384,16384.000000,112
window_gauge,uitree_node_bytes,,,,,28442624,28442624.000000,112
window_counter,cs2_scripts,,,,,3611,7.222000,112
window_counter,cs2_opcodes,,,,,1263047,2526.094000,112
window_counter,cs2_host_ops,,,,,183049,366.098000,112
window_counter,cs2_cycles,,,,,1263047,2526.094000,112
window_counter,cs2_aborts,,,,,9,0.018000,112
window_counter,cs2_vm_acquire,,,,,3611,7.222000,112
window_counter,cs2_vm_pool_hit,,,,,3611,7.222000,112
window_counter,cs2_vm_init_ns,,,,,2433000,4866.000000,112
window_counter,cs2_frame_pool_hit,,,,,8805,17.610000,112
window_counter,cache_model_hit,,,,,17930,35.860000,112
window_counter,cache_sprite_hit,,,,,698,1.396000,112
window_counter,painter_pops,,,,,2863420,5726.840000,112
window_counter,painter_gate_rejects,,,,,1245526,2491.052000,112
window_counter,painter_pushes,,,,,2863420,5726.840000,112
window_counter,painter_push_dedup,,,,,1202868,2405.736000,112
window_counter,painter_drain_events,,,,,2000,4.000000,112
window_gauge,painter_commands,,,,,3646,3646.000000,112
window_gauge,painter_tiles_remaining_set,,,,,2916,2916.000000,112
window_gauge,scene_elements,,,,,59775,59775.000000,112
window_gauge,scene_anim_list,,,,,309,309.000000,112
window_gauge,zone_map_count,,,,,80,80.000000,112
window_gauge,zone_map_capacity,,,,,256,256.000000,112
window_gauge,npc_slot_max,,,,,65,65.000000,112
window_gauge,cache_model_size,,,,,1169,1169.000000,112
window_gauge,cache_sprite_size,,,,,669,669.000000,112
window_counter,iface_open,,,,,3,0.006000,112
window_counter,iface_close,,,,,6,0.012000,112
window_counter,iface_bake_reuse,,,,,3,0.006000,112
window_counter,iface_mount_ns,,,,,211000,422.000000,112
window_counter,iface_close_ns,,,,,1410000,2820.000000,112
window_gauge,iface_groups_resident,,,,,33,33.000000,112
window_gauge,uitree_hidden,,,,,4384,4384.000000,112
window_gauge,uitree_unmounted,,,,,5,5.000000,112
window_gauge,uitree_hook_blocks,,,,,2882,2882.000000,112
window_gauge,uitree_hook_bytes,,,,,29396400,29396400.000000,112
window_gauge,host_inv_hooks,,,,,19,19.000000,112
window_gauge,host_var_hooks,,,,,163,163.000000,112
window_gauge,host_stat_hooks,,,,,65,65.000000,112
window_gauge,bridge_sprite_map,,,,,620,620.000000,112
window_gauge,bridge_model_map,,,,,1,1.000000,112
window_gauge,bridge_obj_icon_map,,,,,77,77.000000,112
window_gauge,cache_clientscript_size,,,,,654,654.000000,112
window_counter,uitree_anim_scan,,,,,308,0.616000,112
window_counter,uitree_anim_scan_nodes,,,,,3120348,6240.696000,112
window_counter,uitree_anim_model_nodes,,,,,924,1.848000,112
window_counter,uitree_hook_index_rebuild_nodes,,,,,1519650,3039.300000,112
window_stage,frame,4300704,4121000,4704000,32837000,,,113
window_stage,async,206790,2000,137000,28086000,,,113
window_stage,logic,364262,179000,845000,7927000,,,113
window_stage,cs2,191864,0,651000,7656000,,,113
window_stage,layout,56,0,1000,1000,,,113
window_stage,interact,19966,20000,25000,61000,,,113
window_stage,emit,179976,176000,279000,410000,,,113
window_stage,paint,460390,456000,503000,612000,,,113
window_stage,build,460500,456000,503000,612000,,,113
window_stage,render,2648758,2610000,2964000,3201000,,,113
window_stage,present,140210,137000,153000,232000,,,113
window_stage,server,1570,1000,2000,71000,,,113
window_counter,uitree_find_id,,,,,439380,878.760000,113
window_counter,uitree_find_id_probes,,,,,858601,1717.202000,113
window_counter,uitree_id_rebuild,,,,,75,0.150000,113
window_counter,uitree_find_child,,,,,10181,20.362000,113
window_counter,uitree_find_child_hit,,,,,6726,13.452000,113
window_counter,uitree_find_child_ceil_miss,,,,,3358,6.716000,113
window_counter,uitree_walk_emit,,,,,1516179,3032.358000,113
window_counter,uitree_walk_hit,,,,,355000,710.000000,113
window_counter,uitree_walk_hover,,,,,52500,105.000000,113
window_counter,uitree_emit_skip,,,,,1332961,2665.922000,113
window_counter,uitree_layout_resolve,,,,,300,0.600000,113
window_counter,uitree_layout_skip,,,,,148,0.296000,113
window_counter,uitree_layout_nodes,,,,,1539912,3079.824000,113
window_counter,uitree_layout_node_skip,,,,,1478473,2956.946000,113
window_counter,uitree_layout_depth_recompute,,,,,146,0.292000,113
window_counter,uitree_ensure_layout,,,,,7397,14.794000,113
window_counter,uitree_cc_create,,,,,3171,6.342000,113
window_counter,uitree_cc_deleteall,,,,,249,0.498000,113
window_counter,uitree_cc_deleteall_rows,,,,,3137,6.274000,113
window_counter,uitree_apply_geo,,,,,57222,114.444000,113
window_counter,uitree_apply_content,,,,,58724,117.448000,113
window_counter,uitree_apply_hook,,,,,1804,3.608000,113
window_counter,uitree_apply_other,,,,,259958,519.916000,113
window_gauge,uitree_components,,,,,10131,10131.000000,113
window_gauge,uitree_capacity,,,,,16384,16384.000000,113
window_gauge,uitree_node_bytes,,,,,28442624,28442624.000000,113
window_counter,cs2_scripts,,,,,3066,6.132000,113
window_counter,cs2_opcodes,,,,,748356,1496.712000,113
window_counter,cs2_host_ops,,,,,103999,207.998000,113
window_counter,cs2_cycles,,,,,748356,1496.712000,113
window_counter,cs2_aborts,,,,,4,0.008000,113
window_counter,cs2_vm_acquire,,,,,3066,6.132000,113
window_counter,cs2_vm_pool_hit,,,,,3066,6.132000,113
window_counter,cs2_vm_init_ns,,,,,2061000,4122.000000,113
window_counter,cs2_frame_pool_hit,,,,,6956,13.912000,113
window_counter,cache_model_hit,,,,,578,1.156000,113
window_counter,cache_sprite_hit,,,,,344,0.688000,113
window_counter,painter_pops,,,,,2861000,5722.000000,113
window_counter,painter_gate_rejects,,,,,1243500,2487.000000,113
window_counter,painter_pushes,,,,,2861000,5722.000000,113
window_counter,painter_push_dedup,,,,,1204500,2409.000000,113
window_counter,painter_drain_events,,,,,2000,4.000000,113
window_gauge,painter_commands,,,,,3646,3646.000000,113
window_gauge,painter_tiles_remaining_set,,,,,2916,2916.000000,113
window_gauge,scene_elements,,,,,59775,59775.000000,113
window_gauge,scene_anim_list,,,,,309,309.000000,113
window_gauge,zone_map_count,,,,,80,80.000000,113
window_gauge,zone_map_capacity,,,,,256,256.000000,113
window_gauge,npc_slot_max,,,,,65,65.000000,113
window_gauge,cache_model_size,,,,,1169,1169.000000,113
window_gauge,cache_sprite_size,,,,,669,669.000000,113
window_counter,iface_open,,,,,3,0.006000,113
window_counter,iface_close,,,,,3,0.006000,113
window_counter,iface_bake_reuse,,,,,3,0.006000,113
window_counter,iface_mount_ns,,,,,267000,534.000000,113
window_gauge,iface_groups_resident,,,,,33,33.000000,113
window_gauge,uitree_hidden,,,,,4384,4384.000000,113
window_gauge,uitree_unmounted,,,,,5,5.000000,113
window_gauge,uitree_hook_blocks,,,,,2882,2882.000000,113
window_gauge,uitree_hook_bytes,,,,,29396400,29396400.000000,113
window_gauge,host_inv_hooks,,,,,19,19.000000,113
window_gauge,host_var_hooks,,,,,163,163.000000,113
window_gauge,host_stat_hooks,,,,,65,65.000000,113
window_gauge,bridge_sprite_map,,,,,620,620.000000,113
window_gauge,bridge_model_map,,,,,1,1.000000,113
window_gauge,bridge_obj_icon_map,,,,,77,77.000000,113
window_gauge,cache_clientscript_size,,,,,654,654.000000,113
window_counter,uitree_anim_scan,,,,,278,0.556000,113
window_counter,uitree_anim_scan_nodes,,,,,2816418,5632.836000,113
window_counter,uitree_anim_model_nodes,,,,,834,1.668000,113
window_counter,uitree_hook_index_rebuild_nodes,,,,,1377816,2755.632000,113
window_stage,frame,4863278,4592000,5524000,86054000,,,114
window_stage,async,87094,2000,185000,19003000,,,114
window_stage,logic,535844,187000,884000,81315000,,,114
window_stage,cs2,354336,0,683000,81045000,,,114
window_stage,layout,58,0,1000,1000,,,114
window_stage,interact,20634,20000,27000,49000,,,114
window_stage,emit,262544,249000,468000,710000,,,114
window_stage,paint,458606,454000,493000,623000,,,114
window_stage,build,458730,454000,493000,623000,,,114
window_stage,render,3066930,2967000,3526000,3830000,,,114
window_stage,present,139312,137000,151000,184000,,,114
window_stage,server,2460,1000,3000,169000,,,114
window_counter,uitree_find_id,,,,,509263,1018.526000,114
window_counter,uitree_find_id_probes,,,,,1815892,3631.784000,114
window_counter,uitree_id_rebuild,,,,,138,0.276000,114
window_counter,uitree_find_child,,,,,14730,29.460000,114
window_counter,uitree_find_child_hit,,,,,12179,24.358000,114
window_counter,uitree_find_child_ceil_miss,,,,,2364,4.728000,114
window_counter,uitree_walk_emit,,,,,1858106,3716.212000,114
window_counter,uitree_walk_hit,,,,,355000,710.000000,114
window_counter,uitree_walk_hover,,,,,52500,105.000000,114
window_counter,uitree_emit_skip,,,,,1523730,3047.460000,114
window_counter,uitree_layout_resolve,,,,,335,0.670000,114
window_counter,uitree_layout_skip,,,,,159,0.318000,114
window_counter,uitree_layout_nodes,,,,,1783056,3566.112000,114
window_counter,uitree_layout_node_skip,,,,,1780538,3561.076000,114
window_counter,uitree_layout_depth_recompute,,,,,173,0.346000,114
window_counter,uitree_ensure_layout,,,,,8215,16.430000,114
window_counter,uitree_cc_create,,,,,2413,4.826000,114
window_counter,uitree_cc_deleteall,,,,,305,0.610000,114
window_counter,uitree_cc_deleteall_rows,,,,,2361,4.722000,114
window_counter,uitree_apply_geo,,,,,61022,122.044000,114
window_counter,uitree_apply_content,,,,,64098,128.196000,114
window_counter,uitree_apply_hook,,,,,13293,26.586000,114
window_counter,uitree_apply_other,,,,,262884,525.768000,114
window_gauge,uitree_components,,,,,10131,10131.000000,114
window_gauge,uitree_capacity,,,,,16384,16384.000000,114
window_gauge,uitree_node_bytes,,,,,28442624,28442624.000000,114
window_counter,cs2_scripts,,,,,3516,7.032000,114
window_counter,cs2_opcodes,,,,,1162206,2324.412000,114
window_counter,cs2_host_ops,,,,,168935,337.870000,114
window_counter,cs2_cycles,,,,,1162206,2324.412000,114
window_counter,cs2_aborts,,,,,3,0.006000,114
window_counter,cs2_vm_acquire,,,,,3516,7.032000,114
window_counter,cs2_vm_pool_hit,,,,,3516,7.032000,114
window_counter,cs2_vm_init_ns,,,,,2549000,5098.000000,114
window_counter,cs2_frame_pool_hit,,,,,7654,15.308000,114
window_counter,cache_model_hit,,,,,17848,35.696000,114
window_counter,cache_sprite_hit,,,,,605,1.210000,114
window_counter,painter_pops,,,,,2862584,5725.168000,114
window_counter,painter_gate_rejects,,,,,1244391,2488.782000,114
window_counter,painter_pushes,,,,,2862584,5725.168000,114
window_counter,painter_push_dedup,,,,,1204288,2408.576000,114
window_counter,painter_drain_events,,,,,2000,4.000000,114
window_gauge,painter_commands,,,,,3647,3647.000000,114
window_gauge,painter_tiles_remaining_set,,,,,2916,2916.000000,114
window_gauge,scene_elements,,,,,59775,59775.000000,114
window_gauge,scene_anim_list,,,,,309,309.000000,114
window_gauge,zone_map_count,,,,,80,80.000000,114
window_gauge,zone_map_capacity,,,,,256,256.000000,114
window_gauge,npc_slot_max,,,,,65,65.000000,114
window_gauge,cache_model_size,,,,,1169,1169.000000,114
window_gauge,cache_sprite_size,,,,,669,669.000000,114
window_counter,iface_open,,,,,3,0.006000,114
window_counter,iface_close,,,,,1,0.002000,114
window_counter,iface_bake_reuse,,,,,3,0.006000,114
window_counter,iface_mount_ns,,,,,227000,454.000000,114
window_gauge,iface_groups_resident,,,,,33,33.000000,114
window_gauge,uitree_hidden,,,,,4386,4386.000000,114
window_gauge,uitree_unmounted,,,,,3,3.000000,114
window_gauge,uitree_hook_blocks,,,,,2882,2882.000000,114
window_gauge,uitree_hook_bytes,,,,,29396400,29396400.000000,114
window_gauge,host_inv_hooks,,,,,47,47.000000,114
window_gauge,host_var_hooks,,,,,193,193.000000,114
window_gauge,host_stat_hooks,,,,,65,65.000000,114
window_gauge,bridge_sprite_map,,,,,620,620.000000,114
window_gauge,bridge_model_map,,,,,1,1.000000,114
window_gauge,bridge_obj_icon_map,,,,,77,77.000000,114
window_gauge,cache_clientscript_size,,,,,654,654.000000,114
window_counter,uitree_anim_scan,,,,,306,0.612000,114
window_counter,uitree_anim_scan_nodes,,,,,3100086,6200.172000,114
window_counter,uitree_anim_model_nodes,,,,,918,1.836000,114
window_counter,uitree_hook_index_rebuild_nodes,,,,,1509519,3019.038000,114
window_stage,frame,4376558,4127000,4950000,34296000,,,115
window_stage,async,220178,2000,192000,29281000,,,115
window_stage,logic,413840,211000,916000,7450000,,,115
window_stage,cs2,223134,0,714000,7160000,,,115
window_stage,layout,76,0,1000,1000,,,115
window_stage,interact,20550,20000,28000,41000,,,115
window_stage,emit,176202,174000,277000,344000,,,115
window_stage,paint,460696,453000,499000,1055000,,,115
window_stage,build,460842,453000,499000,1056000,,,115
window_stage,render,2664040,2631000,3046000,3831000,,,115
window_stage,present,138208,136000,151000,183000,,,115
window_stage,server,2734,1000,3000,136000,,,115
window_counter,uitree_find_id,,,,,443328,886.656000,115
window_counter,uitree_find_id_probes,,,,,836213,1672.426000,115
window_counter,uitree_id_rebuild,,,,,75,0.150000,115
window_counter,uitree_find_child,,,,,10232,20.464000,115
window_counter,uitree_find_child_hit,,,,,6734,13.468000,115
window_counter,uitree_find_child_ceil_miss,,,,,3345,6.690000,115
window_counter,uitree_walk_emit,,,,,1519208,3038.416000,115
window_counter,uitree_walk_hit,,,,,355000,710.000000,115
window_counter,uitree_walk_hover,,,,,52500,105.000000,115
window_counter,uitree_emit_skip,,,,,1333217,2666.434000,115
window_counter,uitree_layout_resolve,,,,,308,0.616000,115
window_counter,uitree_layout_skip,,,,,150,0.300000,115
window_counter,uitree_layout_nodes,,,,,1600698,3201.396000,115
window_counter,uitree_layout_node_skip,,,,,1539265,3078.530000,115
window_counter,uitree_layout_depth_recompute,,,,,148,0.296000,115
window_counter,uitree_ensure_layout,,,,,7665,15.330000,115
window_counter,uitree_cc_create,,,,,3171,6.342000,115
window_counter,uitree_cc_deleteall,,,,,251,0.502000,115
window_counter,uitree_cc_deleteall_rows,,,,,3137,6.274000,115
window_counter,uitree_apply_geo,,,,,57311,114.622000,115
window_counter,uitree_apply_content,,,,,58893,117.786000,115
window_counter,uitree_apply_hook,,,,,1996,3.992000,115
window_counter,uitree_apply_other,,,,,260295,520.590000,115
window_gauge,uitree_components,,,,,10131,10131.000000,115
window_gauge,uitree_capacity,,,,,16384,16384.000000,115
window_gauge,uitree_node_bytes,,,,,28442624,28442624.000000,115
window_counter,cs2_scripts,,,,,3192,6.384000,115
window_counter,cs2_opcodes,,,,,796283,1592.566000,115
window_counter,cs2_host_ops,,,,,111653,223.306000,115
window_counter,cs2_cycles,,,,,796283,1592.566000,115
window_counter,cs2_aborts,,,,,8,0.016000,115
window_counter,cs2_vm_acquire,,,,,3192,6.384000,115
window_counter,cs2_vm_pool_hit,,,,,3192,6.384000,115
window_counter,cs2_vm_init_ns,,,,,2621000,5242.000000,115
window_counter,cs2_frame_pool_hit,,,,,7773,15.546000,115
window_counter,cache_model_hit,,,,,648,1.296000,115
window_counter,cache_sprite_hit,,,,,407,0.814000,115
window_counter,painter_pops,,,,,2863573,5727.146000,115
window_counter,painter_gate_rejects,,,,,1244698,2489.396000,115
window_counter,painter_pushes,,,,,2863573,5727.146000,115
window_counter,painter_push_dedup,,,,,1204381,2408.762000,115
window_counter,painter_drain_events,,,,,2000,4.000000,115
window_gauge,painter_commands,,,,,3647,3647.000000,115
window_gauge,painter_tiles_remaining_set,,,,,2916,2916.000000,115
window_gauge,scene_elements,,,,,59775,59775.000000,115
window_gauge,scene_anim_list,,,,,309,309.000000,115
window_gauge,zone_map_count,,,,,80,80.000000,115
window_gauge,zone_map_capacity,,,,,256,256.000000,115
window_gauge,npc_slot_max,,,,,65,65.000000,115
window_gauge,cache_model_size,,,,,1169,1169.000000,115
window_gauge,cache_sprite_size,,,,,669,669.000000,115
window_counter,iface_open,,,,,3,0.006000,115
window_counter,iface_close,,,,,7,0.014000,115
window_counter,iface_bake_reuse,,,,,3,0.006000,115
window_counter,iface_mount_ns,,,,,258000,516.000000,115
window_counter,iface_close_ns,,,,,811000,1622.000000,115
window_gauge,iface_groups_resident,,,,,33,33.000000,115
window_gauge,uitree_hidden,,,,,4384,4384.000000,115
window_gauge,uitree_unmounted,,,,,5,5.000000,115
window_gauge,uitree_hook_blocks,,,,,2882,2882.000000,115
window_gauge,uitree_hook_bytes,,,,,29396400,29396400.000000,115
window_gauge,host_inv_hooks,,,,,19,19.000000,115
window_gauge,host_var_hooks,,,,,163,163.000000,115
window_gauge,host_stat_hooks,,,,,65,65.000000,115
window_gauge,bridge_sprite_map,,,,,620,620.000000,115
window_gauge,bridge_model_map,,,,,1,1.000000,115
window_gauge,bridge_obj_icon_map,,,,,77,77.000000,115
window_gauge,cache_clientscript_size,,,,,654,654.000000,115
window_counter,uitree_anim_scan,,,,,282,0.564000,115
window_counter,uitree_anim_scan_nodes,,,,,2856942,5713.884000,115
window_counter,uitree_anim_model_nodes,,,,,846,1.692000,115
window_counter,uitree_hook_index_rebuild_nodes,,,,,1398078,2796.156000,115
window_stage,frame,4635672,4407000,5228000,85282000,,,116
window_stage,async,94322,2000,189000,19152000,,,116
window_stage,logic,551240,207000,919000,80400000,,,116
window_stage,cs2,367210,0,739000,80126000,,,116
window_stage,layout,60,0,1000,1000,,,116
window_stage,interact,19860,19000,28000,35000,,,116
window_stage,emit,216374,209000,336000,578000,,,116
window_stage,paint,451724,446000,489000,554000,,,116
window_stage,build,451834,447000,490000,555000,,,116
window_stage,render,2883422,2807000,3395000,3724000,,,116
window_stage,present,138256,135000,151000,250000,,,116
window_stage,server,3480,1000,3000,169000,,,116
window_counter,uitree_find_id,,,,,513164,1026.328000,116
window_counter,uitree_find_id_probes,,,,,1736019,3472.038000,116
window_counter,uitree_id_rebuild,,,,,138,0.276000,116
window_counter,uitree_find_child,,,,,14893,29.786000,116
window_counter,uitree_find_child_hit,,,,,12247,24.494000,116
window_counter,uitree_find_child_ceil_miss,,,,,2403,4.806000,116
window_counter,uitree_walk_emit,,,,,1708234,3416.468000,116
window_counter,uitree_walk_hit,,,,,355000,710.000000,116
window_counter,uitree_walk_hover,,,,,52500,105.000000,116
window_counter,uitree_emit_skip,,,,,1386111,2772.222000,116
window_counter,uitree_layout_resolve,,,,,328,0.656000,116
window_counter,uitree_layout_skip,,,,,153,0.306000,116
window_counter,uitree_layout_nodes,,,,,1772925,3545.850000,116
window_counter,uitree_layout_node_skip,,,,,1770352,3540.704000,116
window_counter,uitree_layout_depth_recompute,,,,,168,0.336000,116
window_counter,uitree_ensure_layout,,,,,8176,16.352000,116
window_counter,uitree_cc_create,,,,,2413,4.826000,116
window_counter,uitree_cc_deleteall,,,,,299,0.598000,116
window_counter,uitree_cc_deleteall_rows,,,,,2361,4.722000,116
window_counter,uitree_apply_geo,,,,,61266,122.532000,116
window_counter,uitree_apply_content,,,,,64112,128.224000,116
window_counter,uitree_apply_hook,,,,,13681,27.362000,116
window_counter,uitree_apply_other,,,,,263310,526.620000,116
window_gauge,uitree_components,,,,,10131,10131.000000,116
window_gauge,uitree_capacity,,,,,16384,16384.000000,116
window_gauge,uitree_node_bytes,,,,,28442624,28442624.000000,116
window_counter,cs2_scripts,,,,,3406,6.812000,116
window_counter,cs2_opcodes,,,,,1241560,2483.120000,116
window_counter,cs2_host_ops,,,,,179679,359.358000,116
window_counter,cs2_cycles,,,,,1241560,2483.120000,116
window_counter,cs2_aborts,,,,,7,0.014000,116
window_counter,cs2_vm_acquire,,,,,3406,6.812000,116
window_counter,cs2_vm_pool_hit,,,,,3406,6.812000,116
window_counter,cs2_vm_init_ns,,,,,2791000,5582.000000,116
window_counter,cs2_frame_pool_hit,,,,,8135,16.270000,116
window_counter,cache_model_hit,,,,,17930,35.860000,116
window_counter,cache_sprite_hit,,,,,668,1.336000,116
window_counter,painter_pops,,,,,2863752,5727.504000,116
window_counter,painter_gate_rejects,,,,,1244968,2489.936000,116
window_counter,painter_pushes,,,,,2863752,5727.504000,116
window_counter,painter_push_dedup,,,,,1203921,2407.842000,116
window_counter,painter_drain_events,,,,,2000,4.000000,116
window_gauge,painter_commands,,,,,3647,3647.000000,116
window_gauge,painter_tiles_remaining_set,,,,,2916,2916.000000,116
window_gauge,zone_map_count,,,,,80,80.000000,116
window_gauge,zone_map_capacity,,,,,256,256.000000,116
window_gauge,npc_slot_max,,,,,65,65.000000,116
window_counter,iface_open,,,,,3,0.006000,116
window_counter,iface_close,,,,,4,0.008000,116
window_counter,iface_bake_reuse,,,,,3,0.006000,116
window_counter,iface_mount_ns,,,,,224000,448.000000,116
window_counter,iface_close_ns,,,,,1012000,2024.000000,116
window_counter,uitree_anim_scan,,,,,294,0.588000,116
window_counter,uitree_anim_scan_nodes,,,,,2978514,5957.028000,116
window_counter,uitree_anim_model_nodes,,,,,882,1.764000,116
window_counter,uitree_hook_index_rebuild_nodes,,,,,1448733,2897.466000,116
window_stage,frame,4392014,4161000,5146000,31953000,,,117
window_stage,async,210504,2000,189000,27222000,,,117
window_stage,logic,399718,198000,908000,8111000,,,117
window_stage,cs2,215966,0,713000,7863000,,,117
window_stage,layout,56,0,1000,1000,,,117
window_stage,interact,19702,19000,27000,38000,,,117
window_stage,emit,168080,165000,265000,354000,,,117
window_stage,paint,454442,451000,494000,600000,,,117
window_stage,build,454544,451000,494000,600000,,,117
window_stage,render,2725384,2592000,3333000,3545000,,,117
window_stage,present,138820,136000,151000,207000,,,117
window_stage,server,3270,1000,3000,153000,,,117
window_counter,uitree_find_id,,,,,440948,881.896000,117
window_counter,uitree_find_id_probes,,,,,837484,1674.968000,117
window_counter,uitree_id_rebuild,,,,,75,0.150000,117
window_counter,uitree_find_child,,,,,10262,20.524000,117
window_counter,uitree_find_child_hit,,,,,6766,13.532000,117
window_counter,uitree_find_child_ceil_miss,,,,,3371,6.742000,117
window_counter,uitree_walk_emit,,,,,1528490,3056.980000,117
window_counter,uitree_walk_hit,,,,,355000,710.000000,117
window_counter,uitree_walk_hover,,,,,52500,105.000000,117
window_counter,uitree_emit_skip,,,,,1336840,2673.680000,117
window_counter,uitree_layout_resolve,,,,,307,0.614000,117
window_counter,uitree_layout_skip,,,,,151,0.302000,117
window_counter,uitree_layout_nodes,,,,,1580436,3160.872000,117
window_counter,uitree_layout_node_skip,,,,,1518963,3037.926000,117
window_counter,uitree_layout_depth_recompute,,,,,148,0.296000,117
window_counter,uitree_ensure_layout,,,,,7605,15.210000,117
window_counter,uitree_cc_create,,,,,3171,6.342000,117
window_counter,uitree_cc_deleteall,,,,,251,0.502000,117
window_counter,uitree_cc_deleteall_rows,,,,,3137,6.274000,117
window_counter,uitree_apply_geo,,,,,57317,114.634000,117
window_counter,uitree_apply_content,,,,,58827,117.654000,117
window_counter,uitree_apply_hook,,,,,1862,3.724000,117
window_counter,uitree_apply_other,,,,,260076,520.152000,117
window_gauge,uitree_components,,,,,10131,10131.000000,117
window_gauge,uitree_capacity,,,,,16384,16384.000000,117
window_gauge,uitree_node_bytes,,,,,28442624,28442624.000000,117
window_counter,cs2_scripts,,,,,3148,6.296000,117
window_counter,cs2_opcodes,,,,,772590,1545.180000,117
window_counter,cs2_host_ops,,,,,107217,214.434000,117
window_counter,cs2_cycles,,,,,772590,1545.180000,117
window_counter,cs2_aborts,,,,,6,0.012000,117
window_counter,cs2_vm_acquire,,,,,3148,6.296000,117
window_counter,cs2_vm_pool_hit,,,,,3148,6.296000,117
window_counter,cs2_vm_init_ns,,,,,2503000,5006.000000,117
window_counter,cs2_frame_pool_hit,,,,,7432,14.864000,117
window_counter,cache_model_hit,,,,,566,1.132000,117
window_counter,cache_sprite_hit,,,,,374,0.748000,117
window_counter,painter_pops,,,,,2862848,5725.696000,117
window_counter,painter_gate_rejects,,,,,1244856,2489.712000,117
window_counter,painter_pushes,,,,,2862848,5725.696000,117
window_counter,painter_push_dedup,,,,,1204056,2408.112000,117
window_counter,painter_drain_events,,,,,2000,4.000000,117
window_gauge,painter_commands,,,,,3647,3647.000000,117
window_gauge,painter_tiles_remaining_set,,,,,2916,2916.000000,117
window_gauge,scene_elements,,,,,59775,59775.000000,117
window_gauge,scene_anim_list,,,,,309,309.000000,117
window_gauge,zone_map_count,,,,,80,80.000000,117
window_gauge,zone_map_capacity,,,,,256,256.000000,117
window_gauge,npc_slot_max,,,,,65,65.000000,117
window_gauge,cache_model_size,,,,,1169,1169.000000,117
window_gauge,cache_sprite_size,,,,,669,669.000000,117
window_counter,iface_open,,,,,3,0.006000,117
window_counter,iface_close,,,,,5,0.010000,117
window_counter,iface_bake_reuse,,,,,3,0.006000,117
window_counter,iface_mount_ns,,,,,297000,594.000000,117
window_counter,iface_close_ns,,,,,197000,394.000000,117
window_gauge,iface_groups_resident,,,,,33,33.000000,117
window_gauge,uitree_hidden,,,,,4384,4384.000000,117
window_gauge,uitree_unmounted,,,,,5,5.000000,117
window_gauge,uitree_hook_blocks,,,,,2882,2882.000000,117
window_gauge,uitree_hook_bytes,,,,,29396400,29396400.000000,117
window_gauge,host_inv_hooks,,,,,19,19.000000,117
window_gauge,host_var_hooks,,,,,163,163.000000,117
window_gauge,host_stat_hooks,,,,,65,65.000000,117
window_gauge,bridge_sprite_map,,,,,620,620.000000,117
window_gauge,bridge_model_map,,,,,1,1.000000,117
window_gauge,bridge_obj_icon_map,,,,,77,77.000000,117
window_gauge,cache_clientscript_size,,,,,654,654.000000,117
window_counter,uitree_anim_scan,,,,,284,0.568000,117
window_counter,uitree_anim_scan_nodes,,,,,2877204,5754.408000,117
window_counter,uitree_anim_model_nodes,,,,,852,1.704000,117
window_counter,uitree_hook_index_rebuild_nodes,,,,,1418340,2836.680000,117
window_stage,frame,4700842,4452000,5416000,87089000,,,118
window_stage,async,95200,2000,200000,18759000,,,118
window_stage,logic,554810,208000,902000,82352000,,,118
window_stage,cs2,370876,0,720000,82078000,,,118
window_stage,layout,60,0,1000,1000,,,118
window_stage,interact,19902,19000,28000,43000,,,118
window_stage,emit,239000,218000,428000,571000,,,118
window_stage,paint,452300,449000,486000,631000,,,118
window_stage,build,452446,449000,486000,631000,,,118
window_stage,render,2920376,2805000,3443000,3621000,,,118
window_stage,present,138150,135000,151000,219000,,,118
window_stage,server,3264,1000,4000,129000,,,118
window_counter,uitree_find_id,,,,,513282,1026.564000,118
window_counter,uitree_find_id_probes,,,,,1760460,3520.920000,118
window_counter,uitree_id_rebuild,,,,,138,0.276000,118
window_counter,uitree_find_child,,,,,14775,29.550000,118
window_counter,uitree_find_child_hit,,,,,12167,24.334000,118
window_counter,uitree_find_child_ceil_miss,,,,,2351,4.702000,118
window_counter,uitree_walk_emit,,,,,1825168,3650.336000,118
window_counter,uitree_walk_hit,,,,,355000,710.000000,118
window_counter,uitree_walk_hover,,,,,52500,105.000000,118
window_counter,uitree_emit_skip,,,,,1496450,2992.900000,118
window_counter,uitree_layout_resolve,,,,,332,0.664000,118
window_counter,uitree_layout_skip,,,,,155,0.310000,118
window_counter,uitree_layout_nodes,,,,,1793187,3586.374000,118
window_counter,uitree_layout_node_skip,,,,,1790677,3581.354000,118
window_counter,uitree_layout_depth_recompute,,,,,169,0.338000,118
window_counter,uitree_ensure_layout,,,,,8248,16.496000,118
window_counter,uitree_cc_create,,,,,2413,4.826000,118
window_counter,uitree_cc_deleteall,,,,,300,0.600000,118
window_counter,uitree_cc_deleteall_rows,,,,,2361,4.722000,118
window_counter,uitree_apply_geo,,,,,61131,122.262000,118
window_counter,uitree_apply_content,,,,,64156,128.312000,118
window_counter,uitree_apply_hook,,,,,13575,27.150000,118
window_counter,uitree_apply_other,,,,,263359,526.718000,118
window_gauge,uitree_components,,,,,10131,10131.000000,118
window_gauge,uitree_capacity,,,,,16384,16384.000000,118
window_gauge,uitree_node_bytes,,,,,28442624,28442624.000000,118
window_counter,cs2_scripts,,,,,3497,6.994000,118
window_counter,cs2_opcodes,,,,,1222970,2445.940000,118
window_counter,cs2_host_ops,,,,,178509,357.018000,118
window_counter,cs2_cycles,,,,,1222970,2445.940000,118
window_counter,cs2_aborts,,,,,8,0.016000,118
window_counter,cs2_vm_acquire,,,,,3497,6.994000,118
window_counter,cs2_vm_pool_hit,,,,,3497,6.994000,118
window_counter,cs2_vm_init_ns,,,,,2954000,5908.000000,118
window_counter,cs2_frame_pool_hit,,,,,8356,16.712000,118
window_counter,cache_model_hit,,,,,17930,35.860000,118
window_counter,cache_sprite_hit,,,,,683,1.366000,118
window_counter,painter_pops,,,,,2861585,5723.170000,118
window_counter,painter_gate_rejects,,,,,1243500,2487.000000,118
window_counter,painter_pushes,,,,,2861585,5723.170000,118
window_counter,painter_push_dedup,,,,,1204500,2409.000000,118
window_counter,painter_drain_events,,,,,2000,4.000000,118
window_gauge,painter_commands,,,,,3648,3648.000000,118
window_gauge,painter_tiles_remaining_set,,,,,2916,2916.000000,118
window_gauge,scene_elements,,,,,59775,59775.000000,118
window_gauge,scene_anim_list,,,,,309,309.000000,118
window_gauge,zone_map_count,,,,,80,80.000000,118
window_gauge,zone_map_capacity,,,,,256,256.000000,118
window_gauge,npc_slot_max,,,,,65,65.000000,118
window_gauge,cache_model_size,,,,,1169,1169.000000,118
window_gauge,cache_sprite_size,,,,,669,669.000000,118
window_counter,iface_open,,,,,3,0.006000,118
window_counter,iface_close,,,,,5,0.010000,118
window_counter,iface_bake_reuse,,,,,3,0.006000,118
window_counter,iface_mount_ns,,,,,200000,400.000000,118
window_counter,iface_close_ns,,,,,1463000,2926.000000,118
window_gauge,iface_groups_resident,,,,,33,33.000000,118
window_gauge,uitree_hidden,,,,,4384,4384.000000,118
window_gauge,uitree_unmounted,,,,,5,5.000000,118
window_gauge,uitree_hook_blocks,,,,,2882,2882.000000,118
window_gauge,uitree_hook_bytes,,,,,29396400,29396400.000000,118
window_gauge,host_inv_hooks,,,,,19,19.000000,118
window_gauge,host_var_hooks,,,,,163,163.000000,118
window_gauge,host_stat_hooks,,,,,65,65.000000,118
window_gauge,bridge_sprite_map,,,,,620,620.000000,118
window_gauge,bridge_model_map,,,,,1,1.000000,118
window_gauge,bridge_obj_icon_map,,,,,77,77.000000,118
window_gauge,cache_clientscript_size,,,,,654,654.000000,118
window_counter,uitree_anim_scan,,,,,298,0.596000,118
window_counter,uitree_anim_scan_nodes,,,,,3019038,6038.076000,118
window_counter,uitree_anim_model_nodes,,,,,894,1.788000,118
window_counter,uitree_hook_index_rebuild_nodes,,,,,1468995,2937.990000,118
window_stage,frame,4160252,4040000,4648000,32198000,,,119
window_stage,async,157514,2000,193000,27471000,,,119
window_stage,logic,374364,203000,907000,5274000,,,119
window_stage,cs2,192820,0,727000,5008000,,,119
window_stage,layout,56,0,1000,1000,,,119
window_stage,interact,19186,18000,27000,47000,,,119
window_stage,emit,162618,156000,250000,322000,,,119
window_stage,paint,447922,446000,480000,520000,,,119
window_stage,build,448032,446000,480000,520000,,,119
window_stage,render,2595466,2568000,2860000,3092000,,,119
window_stage,present,137558,135000,150000,171000,,,119
window_stage,server,2882,1000,3000,131000,,,119
window_counter,uitree_find_id,,,,,413759,827.518000,119
window_counter,uitree_find_id_probes,,,,,714653,1429.306000,119
window_counter,uitree_id_rebuild,,,,,43,0.086000,119
window_counter,uitree_find_child,,,,,6542,13.084000,119
window_counter,uitree_find_child_hit,,,,,4461,8.922000,119
window_counter,uitree_find_child_ceil_miss,,,,,2018,4.036000,119
window_counter,uitree_walk_emit,,,,,1525423,3050.846000,119
window_counter,uitree_walk_hit,,,,,355000,710.000000,119
window_counter,uitree_walk_hover,,,,,52500,105.000000,119
window_counter,uitree_emit_skip,,,,,1331077,2662.154000,119
window_counter,uitree_layout_resolve,,,,,286,0.572000,119
window_counter,uitree_layout_skip,,,,,142,0.284000,119
window_counter,uitree_layout_nodes,,,,,1458864,2917.728000,119
window_counter,uitree_layout_node_skip,,,,,1418093,2836.186000,119
window_counter,uitree_layout_depth_recompute,,,,,140,0.280000,119
window_counter,uitree_ensure_layout,,,,,7057,14.114000,119
window_counter,uitree_cc_create,,,,,1868,3.736000,119
window_counter,uitree_cc_deleteall,,,,,221,0.442000,119
window_counter,uitree_cc_deleteall_rows,,,,,1852,3.704000,119
window_counter,uitree_apply_geo,,,,,54697,109.394000,119
window_counter,uitree_apply_content,,,,,56211,112.422000,119
window_counter,uitree_apply_hook,,,,,1074,2.148000,119
window_counter,uitree_apply_other,,,,,256619,513.238000,119
window_gauge,uitree_components,,,,,10131,10131.000000,119
window_gauge,uitree_capacity,,,,,16384,16384.000000,119
window_gauge,uitree_node_bytes,,,,,28442624,28442624.000000,119
window_counter,cs2_scripts,,,,,2943,5.886000,119
window_counter,cs2_opcodes,,,,,562532,1125.064000,119
window_counter,cs2_host_ops,,,,,77743,155.486000,119
window_counter,cs2_cycles,,,,,562532,1125.064000,119
window_counter,cs2_aborts,,,,,3,0.006000,119
window_counter,cs2_vm_acquire,,,,,2943,5.886000,119
window_counter,cs2_vm_pool_hit,,,,,2943,5.886000,119
window_counter,cs2_vm_init_ns,,,,,2493000,4986.000000,119
window_counter,cs2_frame_pool_hit,,,,,6458,12.916000,119
window_counter,cache_model_hit,,,,,348,0.696000,119
window_counter,cache_sprite_hit,,,,,127,0.254000,119
window_counter,painter_pops,,,,,2865521,5731.042000,119
window_counter,painter_gate_rejects,,,,,1246334,2492.668000,119
window_counter,painter_pushes,,,,,2865521,5731.042000,119
window_counter,painter_push_dedup,,,,,1202909,2405.818000,119
window_counter,painter_drain_events,,,,,2000,4.000000,119
window_gauge,painter_commands,,,,,3648,3648.000000,119
window_gauge,painter_tiles_remaining_set,,,,,2916,2916.000000,119
window_gauge,zone_map_count,,,,,80,80.000000,119
window_gauge,zone_map_capacity,,,,,256,256.000000,119
window_gauge,npc_slot_max,,,,,65,65.000000,119
window_counter,iface_open,,,,,2,0.004000,119
window_counter,iface_close,,,,,2,0.004000,119
window_counter,iface_bake_reuse,,,,,2,0.004000,119
window_counter,iface_mount_ns,,,,,185000,370.000000,119
window_counter,uitree_anim_scan,,,,,270,0.540000,119
window_counter,uitree_anim_scan_nodes,,,,,2735370,5470.740000,119
window_counter,uitree_anim_model_nodes,,,,,810,1.620000,119
window_counter,uitree_hook_index_rebuild_nodes,,,,,1347423,2694.846000,119
