npc_id,npc_name,gameval,framemap_id,seed_seqs,strict_covers
0,Tool Leprechaun,farming_tools_leprechaun,2402,2904 12042,true
1,Molanisk,molanisk,1392,6010 6011,true
2,Aberrant spectre,slayer_abberant_spectre_1,815,1506 1505,true
3,Aberrant spectre,slayer_abberant_spectre_2,815,1506 1505,true
4,Aberrant spectre,slayer_abberant_spectre_3,815,1506 1505,true
5,Aberrant spectre,slayer_abberant_spectre_4,815,1506 1505,true
6,Aberrant spectre,slayer_aberrantspectre_1_strongholdcave,815,1506 1505,true
7,Aberrant spectre,slayer_aberrantspectre_2_strongholdcave,815,1506 1505,true
8,Nechryael,slayer_nechryael,802,1527 1526,true
9,Skylark,sailing_skylark,2248,13236,true
10,Death spawn,slayer_nechryael_spawn,0,1539,false
11,Nechryael,slayer_nechryael_strongholdcave,802,1527 1526,true
12,Hudo,gnome_hudo,2402,2331 12042,false
13,Piles,wilderness_resource_certer,0,808 819 820 821 822,true
14,Rometti,gnome_rometti,2402,2331 12042,true
15,Gulluck,gnome_gulluck,2402,2331 12042,true
16,Heckel Funch,gnome_heckelfunch,2402,2331 12042,false
17,Rug Merchant,magic_carpet_seller1,0,808 819 820 821 822,true
18,Rug Merchant,magic_carpet_seller2,0,808 819 820 821 822,true
19,Rug Merchant,magic_carpet_seller3,0,808 819 820 821 822,true
20,Rug Merchant,magic_carpet_seller4,0,1144,false
21,,magic_carpet_seller5,0,1144,true
22,Rug Merchant,magic_carpet_seller8,0,808 819 820 821 822,true
23,Monkey,magic_carpet_monkey,320,222 219,true
24,,magic_carpet_multi_monkey1,320,222 219,true
25,,magic_carpet_multi_monkey2,320,222 219,true
26,Zombie,zombie_unarmed,1288,5565 5566 5790 5788 5789,true
27,Zombie,zombie_unarmed2,1288,5565 5566 5790 5788 5789,true
28,Zombie,zombie_unarmed3,1288,5565 5566 5790 5788 5789,true
29,Zombie,zombie_unarmed4,1288,5565 5566 5790 5788 5789,true
30,Zombie,zombie_unarmed5,1288,5565 5566 5790 5788 5789,true
31,Zombie,zombie_unarmed6,1288,5565 5566 5790 5788 5789,true
32,Zombie,zombie_unarmed_city1,1288,5565 5566 5790 5788 5789,true
33,Zombie,zombie_unarmed_city2,1288,5565 5566 5790 5788 5789,true
34,Zombie,zombie_unarmed_city3,1288,5565 5566 5790 5788 5789,true
35,Zombie,zombie_unarmed_city4,1288,5565 5566 5790 5788 5789,true
36,Zombie,zombie_unarmed_city5,1288,5565 5566 5790 5788 5789,true
37,Zombie,zombie_unarmed_city6,1288,5565 5566 5790 5788 5789,true
38,Zombie,zombie_unarmed_sewer1,1288,5565 5566 5790 5788 5789,true
39,Zombie,zombie_unarmed_sewer2,1288,5565 5566 5790 5788 5789,true
40,Zombie,zombie_unarmed_sewer3,1288,5565 5566 5790 5788 5789,true
41,Zombie,zombie_unarmed_sewer4,1288,5565 5566 5790 5788 5789,true
42,Zombie,zombie2,1288,5576 5577 5793 5792 5791,true
43,Zombie,zombie2_b,1288,5565 5566 5790 5788 5789,true
44,Zombie,zombie2_c,1288,5572 5570 5790 5788 5789,true
45,Zombie,zombie2_rural1,1288,5565 5566 5790 5788 5789,true
46,Zombie,zombie2_rural2,1288,5565 5566 5790 5788 5789,true
47,Zombie,zombie2_rural3,1288,5565 5566 5790 5788 5789,true
48,Zombie,zombie2_rural4,1288,5565 5566 5790 5788 5789,true
49,Zombie,zombie_armed,1288,5572 5570 5790 5788 5789,true
50,Zombie,zombie_armed2,1288,5572 5570 5790 5788 5789,true
51,Zombie,zombie_armed3,1288,5576 5577 5793 5792 5791,true
52,Zombie,zombie_armed_city1,1288,5572 5570 5790 5788 5789,true
53,Zombie,zombie_armed_city2,1288,5572 5570 5790 5788 5789,true
54,Zombie,zombie_armed_city3,1288,5572 5570 5790 5788 5789,true
55,Zombie,zombie_armed_sewer1,1288,5572 5570 5790 5788 5789,true
56,Zombie,zombie_armed_sewer2,1288,5565 5570 5790 5788 5789,true
57,Zombie,zombie_armed_sewer3,1288,5572 5570 5790 5788 5789,true
58,Zombie,zombie_armed_sewer4,1288,5576 5577 5793 5792 5791,true
59,Zombie,zombie_armed_rural1,1288,5572 5570 5790 5788 5789,true
60,Zombie,zombie_armed_rural2,1288,5572 5570 5790 5788 5789,true
61,Zombie,zombie_armed_rural3,1288,5572 5570 5790 5788 5789,true
62,Zombie,zombie_armed_rural4,1288,5572 5570 5790 5788 5789,true
63,Zombie,zombie_armed_rural5,1288,5572 5570 5790 5788 5789,true
64,Zombie,zombie_entranan,1288,5572 5570 5790 5788 5789,true
65,Zombie,zombie_entranan2,1288,5572 5570 5790 5788 5789,true
66,Zombie,zombie_entranan3,1288,5572 5570 5790 5788 5789,true
67,Zombie,zombie_entranan4,1288,5572 5570 5790 5788 5789,true
68,Zombie,zombie_entranan5,1288,5572 5570 5790 5788 5789,true
69,Summoned Zombie,summonedzombie,1288,5565 5566 5790 5788 5789,true
70,Skeleton,skeleton_unarmed,1291,5483 5481,true
71,Skeleton,skeleton_unarmed2,1291,5483 5479,true
72,Skeleton,skeleton_unarmed3,1291,5483 5479,true
73,Skeleton,skeleton_unarmed4,1291,5483 5481,true
74,Skeleton,skeleton_unagressive,1291,5483 5481,true
75,Skeleton,skeleton_unagressive2,1291,5483 5479,true
76,Skeleton,skeleton_unagressive3,1291,5483 5479,true
77,Skeleton,skeleton_armed,1291,5483 5481,true
78,Skeleton,skeleton_armed2,1291,5483 5481,true
79,Skeleton,skeleton_armed3,1291,5483 5481,true
80,Skeleton,skeleton_armed4,1291,5483 5481,true
81,Skeleton,skeleton_armed5,1291,5483 5479,true
82,Skeleton,giantskeleton,1291,5493 5497,true
83,Skeleton,giantskeleton2,1291,5495 5497,true
84,Skeleton Mage,skeletonmage,1291,5483 5479,true
85,Ghost,ghost,1290,5538 5539,true
86,Ghost,ghost2,1289,5530 5531,true
87,Ghost,ghost3,1289,5530 5531,true
88,Ghost,ghost4,1289,5530 5531,true
89,Ghost,ghost5,1289,5530 5531,true
90,Ghost,ghost6,1289,5530 5531,true
91,Ghost,ghost7,1289,5530 5531,true
92,Ghost,ghost8,1289,5530 5531,true
93,Ghost,ghost_unaggressive,1290,5538 5539,true
94,Ghost,ghost2_unaggressive,1289,5530 5531,true
95,Ghost,ghost3_unaggressive,1289,5530 5531,true
96,Ghost,ghost4_unaggressive,1289,5530 5531,true
97,Ghost,ghost5_unaggressive,1289,5530 5531,true
98,Ghost,ghost6_unaggressive,1289,5530 5531,true
99,Ghost,ghost7_unaggressive,1289,5530 5531,true
100,Rock Crab,horror_rockcrab,539,1310 1311,true
101,Rocks,horror_rockcrab_inactive,539,1315 1311,true
102,Rock Crab,horror_rockcrab_small,539,1310 1311,true
103,Rocks,horror_rockcrab_small_inactive,539,1315 1311,true
104,Hellhound,hellhound,1491,6561 6583,true
105,Hellhound,hellhound_strongholdcave,1491,6561 6583,true
106,Wolf,wolf,1491,6580 6556,true
107,White wolf,whitewolf_sentry,1491,6580 6556,true
108,White wolf,whitewolf,1491,6580 6556,true
109,Big Wolf,wolfpack_leader_whiter,1491,6580 6556,true
110,Wolf,pack_wolf_whiter,1491,6580 6556,true
111,Dog,dog,1491,6561 6560,true
112,Wild dog,dog_wild,1491,6561 6560,true
113,Wild dog,dog_wild_2,1491,6561 6560,true
114,Guard dog,guarddog,1491,6561 6560,true
115,Big Wolf,wolfpack_leader,1491,6580 6556,true
116,Wolf,pack_wolf,1491,6580 6556,true
117,Wolf,pack_wolf2,1491,6580 6556,true
118,Ignatius Vulcan,skillcapes_firemaster,0,808 819 820 821 822,true
119,,cws_doomsayer,0,813 1146 820 821 822,true
120,Aggie,aggie_1op,0,808 819 820 821 822,true
121,Aggie,aggie_2ops,0,808 819 820 821 822,true
122,,grandtree_charlie_multi,0,808 819 820 821 822,true
123,,yama_throne,2425,12153,true
129,Tentacle,poh_tentacle_monster,416,3617,false
130,Skeleton,poh_skeleton,1291,5483 5479,true
131,Guard dog,poh_guarddog,1491,6561 6560,true
132,Hobgoblin,poh_hobgoblin,312,166 162,true
133,Troll,poh_troll,461,286 283,true
134,Huge spider,poh_giantspider,1248,5318 5317,true
135,Hellhound,poh_hellhound,1491,6561 6583,true
136,Ogre,poh_ogre,321,357 358,true
137,Baby red dragon,poh_babyreddragon,1080,27 21,true
138,Kalphite Soldier,poh_kalphite_soldier,1422,6218 6220,true
139,Steel dragon,poh_steel_dragon,1080,6496 79,true
140,Dagannoth,poh_dagganoth,538,1338 1339,true
141,Tok-Xil,poh_tok_xil,164,2631 2632,true
142,Demon,poh_demon,1078,66 63,true
143,Rocnar,poh_oub_monster1,423,3707 3708,true
154,Treasure fairy,poh_treasure_hunt_fairy,299,112 106,false
155,Jacky Jester,poh_mimic,0,808 819 820 821 822,true
221,Rick,poh_servant_dogsbody,0,808 819 820 821 822,true
222,,poh_servant_multi_dogsbody,0,808 819 820 821 822,true
223,Maid,poh_servant_waiter_woman,0,808 819 820 821 822,true
224,,poh_servant_multi_waiter_woman,0,808 819 820 821 822,true
225,Cook,poh_servant_cook_woman,0,808 819 820 821 822,true
226,,poh_servant_multi_cook_woman,0,808 819 820 821 822,true
227,Butler,poh_servant_maitre_d_man,0,808 819 820 821 822,true
228,,poh_servant_multi_maitre_d_man,0,808 819 820 821 822,true
229,Demon butler,poh_servant_demon,0,808 819 820 821 822,true
230,,poh_servant_multi_demon,0,808 819 820 821 822,true
231,Wolf,pack_wolf3,1491,6580 6556,true
232,Jungle Wolf,jungle_wolf,1491,6580 6556,true
233,Macaroni Penguin,macaroni_penguin,1310,5668 5666,true
234,Butterfly,butterfly,278,362,true
235,Butterfly,butterfly2,278,362,false
236,Butterfly,butterfly_bluemorpo,278,362,false
237,Butterfly,butterfly_tigerswallowtail,278,362,false
238,Butterfly,butterfly_viceroy,278,362,false
239,King Black Dragon,king_dragon,1080,90 4635,true
240,Black demon,black_demon_strongholdcave_1,1078,66 63,true
241,Baby blue dragon,babybluedragon,1080,27 21,true
242,Baby blue dragon,babybluedragon2,1080,27 21,true
243,Baby blue dragon,babybluedragon3,1080,27 21,true
244,Baby red dragon,babyreddragon,1080,27 21,true
245,Baby red dragon,babyreddragon2,1080,27 21,true
246,Baby red dragon,babyreddragon3,1080,27 21,true
247,Red dragon,red_dragon,1080,90 79,true
248,Red dragon,red_dragon2,1080,90 79,true
249,Red dragon,red_dragon3,1080,90 79,true
250,Red dragon,red_dragon4,1080,90 79,true
251,Red dragon,red_dragon5,1080,90 79,true
252,Black dragon,black_dragon,1080,90 79,true
253,Black dragon,black_dragon2,1080,90 79,true
254,Black dragon,black_dragon3,1080,90 79,true
255,Black dragon,black_dragon4,1080,90 79,true
256,Black dragon,black_dragon5,1080,90 79,true
257,Black dragon,black_dragon_strongholdcave_1,1080,90 79,true
258,Black dragon,black_dragon_strongholdcave_2,1080,90 79,true
259,Black dragon,black_dragon_strongholdcave_3,1080,90 79,true
260,Green dragon,green_dragon,1080,90 79,true
261,Green dragon,green_dragon2,1080,90 79,true
262,Green dragon,green_dragon3,1080,90 79,true
263,Green dragon,green_dragon4,1080,90 79,true
264,Green dragon,green_dragon5,1080,90 79,true
265,Blue dragon,blue_dragon,1080,90 79,true
266,Blue dragon,blue_dragon2,1080,90 79,true
267,Blue dragon,blue_dragon3,1080,90 79,true
268,Blue dragon,blue_dragon4,1080,90 79,true
269,Blue dragon,blue_dragon5,1080,90 79,true
270,Bronze dragon,bronze_dragon,1080,90 79,true
271,Bronze dragon,bronze_dragon_strongholdcave,1080,90 79,true
272,Iron dragon,iron_dragon,1080,90 79,true
273,Iron dragon,iron_dragon_strongholdcave,1080,90 79,true
274,Steel dragon,steel_dragon,1080,90 79,true
275,Steel dragon,steel_dragon_strongholdcave,1080,90 79,true
276,Town Crier,pmod_town_crier_varrock,0,6864 6867,true
277,Town Crier,pmod_town_crier_draynor,0,6864 6867,true
278,Town Crier,pmod_town_crier_falador,0,6864 6867,true
279,Town Crier,pmod_town_crier_east_ardoyne,0,6864 6867,true
280,Town Crier,pmod_town_crier_seers,0,6864 6867,true
281,Gull,seabird1,1538,6771 6773,true
282,Cormorant,seabird2,1538,6772 6774,true
283,Pelican,seabird3,1538,6772 6774,true
284,Gull,gull1,1538,6771 6773,true
285,Gull,gull2,1538,6771 6773,true
286,Eagle,conch_eagle_winged_land,793,1773,true
287,Mercenary,port_roberts_bar_patron,0,808 819 820 821 822,true
288,Chartin' Charles McAtless,sailing_charting_tutor_1op,0,808 819 820 821 822,true
289,Ghoul,ghoul,0,1275 819 820 821 822,true
290,Dwarf,dwarf_normal,297,101 98,true
291,Chaos dwarf,dwarf_chaos,297,101 98,true
292,Dwarf,dwarf_mountain,297,101 98,true
294,Dwarf,fai_falador_dwarf_normal1,297,101 98,true
295,Dwarf,fai_falador_dwarf_normal2,297,101 98,true
296,Dwarf,fai_falador_dwarf_normal3,297,101 98,true
297,Thordur,thordur,297,101 98,true
298,Thordur,thordur_facepalm,297,101 98,true
299,Gunthor the brave,gunthor_the_brave,0,808 819 820 821 822,true
300,Jailer,jailer,0,808 819 820 821 822,true
301,Black Heather,black_heather,0,808 819 820 821 822,true
302,Donny the lad,donny_the_lad,0,808 819 820 821 822,true
303,Speedy Keith,speedy_keith,0,808 819 820 821 822,true
304,Salarin the twisted,salarin_the_twisted,0,808 819 820 821 822,true
305,Jennifer,shayzien_generalstore,0,808 819 820 821 822,true
306,Lumbridge Guide,lumbridge_guide,0,813 1205 1206 1207 1208,true
307,Dr Jekyll,macro_jekyll,0,808 819 820 821 822,true
308,Emblem Trader,emblem_trader,0,813 1205 1206 1207 1208,true
310,Ayesha,farming_gardener_cactus,0,2163 2164,true
311,Ironman tutor,ironman_tutor_1,0,808 819 820 821 822,true
312,Frog,macro_frog_nohat,36,1796 1797,true
314,Dr Jekyll,macro_jekyll_underwater,0,808 819 820 821 822,true
315,Leagues Tutor,league_tutor_league,0,813 1146 820 821 822,true
316,Leagues Tutor,league_tutor_normal,0,813 1146 820 821 822,true
317,,league_tutor,0,813 1146 820 821 822,true
318,Dark core,core_pet,354,7980 2417,true
319,Corporeal Beast,corp_beast,304,1678 1684,false
320,Dark energy core,dark_core,354,1688,true
321,Mime,macro_mime,0,808,true
322,Drunken Dwarf,macro_dwarf,297,900 104,true
323,Strange plant,macro_triffidseed,375,349,true
326,Genie,macro_geni,0,792,false
327,Genie,macro_geni_underwater,0,792,false
332,Strange watcher,macro_theatre_saradomin,0,1137,true
333,Strange watcher,macro_theatre_guthix,0,1137,true
334,Strange watcher,macro_theatre_zamorak,0,1137,true
337,Sergeant Damien,macro_drilldemon,0,808 819 820 821 822,true
338,Suspect,grab_evil_twin_with_claw_five_red,0,3999,false
339,Suspect,grab_evil_twin_with_claw_five_green,0,3999,false
340,Suspect,grab_evil_twin_with_claw_five_blue,0,3999,false
341,Suspect,grab_evil_twin_with_claw_five_yellow,0,3999,false
342,Molly,grab_good_twin_one_red,0,808 819 820 821 822,true
343,Suspect,grab_evil_twin_four_blue,0,808 819 820 821 822,true
344,Suspect,grab_evil_twin_four_yellow,0,808 819 820 821 822,true
345,Suspect,grab_evil_twin_five_red,0,808 819 820 821 822,true
346,Suspect,grab_evil_twin_three_red,0,808 819 820 821 822,true
347,Suspect,grab_evil_twin_three_green,0,808 819 820 821 822,true
348,Suspect,grab_evil_twin_with_claw_three_yellow,0,3999,false
349,Suspect,grab_evil_twin_two_red,0,808 819 820 821 822,true
350,Suspect,grab_evil_twin_two_green,0,808 819 820 821 822,true
351,Suspect,grab_evil_twin_two_blue,0,808 819 820 821 822,true
352,Molly,grab_good_twin_one_yellow,0,808 819 820 821 822,true
353,Suspect,grab_evil_twin_with_claw_four_red,0,3999,false
354,Suspect,grab_evil_twin_five_green,0,808 819 820 821 822,true
355,Suspect,grab_evil_twin_five_blue,0,808 819 820 821 822,true
356,Molly,grab_good_twin_two_blue,0,808 819 820 821 822,true
357,Suspect,grab_evil_twin_one_yellow,0,808 819 820 821 822,true
358,Suspect,grab_evil_twin_two_yellow,0,808 819 820 821 822,true
359,Suspect,grab_evil_twin_five_yellow,0,808 819 820 821 822,true
360,Suspect,grab_evil_twin_with_claw_one_red,0,3999,false
361,Molly,grab_good_twin_four_red,0,808 819 820 821 822,true
362,Molly,grab_good_twin_four_green,0,808 819 820 821 822,true
363,Molly,grab_good_twin_four_blue,0,808 819 820 821 822,true
364,Molly,grab_good_twin_five_red,0,808 819 820 821 822,true
365,Molly,grab_good_twin_five_green,0,808 819 820 821 822,true
366,Molly,grab_good_twin_five_blue,0,808 819 820 821 822,true
367,Molly,grab_good_twin_five_yellow,0,808 819 820 821 822,true
368,Prison Pete,prisonpete_pete,0,808 819 820 821 822,true
369,Balloon Animal,prisonpete_balloon_model_3b,269,3049 3048,true
370,Balloon Animal,prisonpete_balloon_model_1b,269,3049 3048,true
371,Balloon Animal,prisonpete_balloon_model_2b,269,3049 3048,true
372,Freaky Forester,macro_forester_m,0,808 819 820 821 822,true
373,Pheasant,macro_pheasant_model_1,327,2370 2369,true
374,Pheasant,macro_pheasant_model_3,327,2370 2369,true
375,Rick Turpentine,macro_highwayman,0,4591 4226 4227 821 822,true
376,Rick Turpentine,macro_highwayman_underwater,0,4591 4226 4227 821 822,true
377,Phosani's Nightmare,nightmare_challenge_dead,1888,8613,false
378,The Nightmare,nightmare_dead,1888,8613,false
379,Quiz Master,macro_magneson,0,808 819 820 821 822,true
380,Pillory Guard,macro_pillory_guard,0,808 819 820 821 822,true
381,Tramp,pillory_tramp_thrower_varrock,0,808 819 820 821 822,true
382,Tramp,pillory_tramp_thrower_seers,0,808 819 820 821 822,true
383,Tramp,pillory_tramp_thrower_yanille,0,808 819 820 821 822,true
385,Man,avan_fitzharmon_man,0,808 819 820 821 822,true
386,Avan,avan_fitzharmon_avan_1op,0,808 819 820 821 822,true
387,Avan,avan_fitzharmon_avan_2ops,0,808 819 820 821 822,true
388,Dark Core,poh_corepet,354,1688 2417,true
390,Evil Bob,macro_evil_bob_outside,280,317 314,true
391,Evil Bob,macro_evil_bob_island,280,2159 314,true
392,Trotters,vc_trotters,280,317 314,true
393,Servant,macro_evil_bob_female_servant,0,808 819 820 821 822,true
394,Rod Fishing spot,0_26_57_freshfish,1701,7634,false
395,Cat,hosidius_mess_cat,280,317 314,true
396,Jon,hosidius_mess_jon,0,808 819 820 821 822,true
397,Guard,hos_town_guard_01,0,808 819 820 821 822,true
398,Guard,hos_town_guard_02,0,808 819 820 821 822,true
399,Guard,hos_town_guard_03,0,813 1146 820 821 822,true
400,Guard,hos_town_guard_04,0,813 1146 820 821 822,true
401,,tog_light_creature,3,2051,true
402,,wgs_thaerisk_cemphier_multinpc1,0,808 819 820 821 822,true
403,Vannaka,slayer_master_3,0,2561 819 820 821 822,true
404,Chaeldar,slayer_master_4,299,112 106,false
405,,wgs_thaerisk_cemphier_multinpc1_instance,0,808 819 820 821 822,true
406,Cave crawler,slayer_cave_crawler_1,799,226 225,true
407,Cave crawler,slayer_cave_crawler_2,799,226 225,true
408,Cave crawler,slayer_cave_crawler_3,799,226 225,true
409,Cave crawler,slayer_cave_crawler_4,799,226 225,true
410,Kurask,slayer_kursk_1,810,1511 1510,true
411,Kurask,slayer_kursk_2,810,1511 1510,true
412,Gargoyle,slayer_gargoyle_1,805,1516 1515,false
414,Banshee,slayer_banshee_1,796,1522 1521,false
415,Abyssal demon,slayer_abyssal,795,1536 1534,true
416,Abyssal demon,slayer_abyssal_strongholdcave,795,1536 1534,true
417,Basilisk,slayer_basilisk,797,1545 1544,true
418,Basilisk,slayer_basilisk_baby,797,1545 1544,true
419,Cockatrice,slayer_cockatrice,800,1561 1559,true
420,Cockatrice,slayer_cockatrice_daddy,800,1561 1559,true
421,Rockslug,slayer_rockslug,812,1566 1564,true
422,Rockslug,slayer_rockslug_baby,812,1566 1564,true
423,Dust devil,slayer_dustdevil,804,1556 1554,false
424,,karam_dungeon_backdoor,0,808 819 820 821 822,true
425,Skotos,poh_skotizo_pet,1078,6935 4070,true
426,Turoth,slayer_turoth,816,1594 1593,true
427,Turoth,slayer_turoth_dad,816,1594 1593,true
428,Turoth,slayer_turoth_mum,816,1594 1593,true
429,Turoth,slayer_turoth_child,816,1594 1593,true
430,Turoth,slayer_turoth_baby,816,1594 1593,true
431,Turoth,slayer_turoth_dad2,816,1594 1593,true
432,Turoth,slayer_turoth_dad3,816,1594 1593,true
433,Pyrefiend,slayer_pyrefiend_1,811,1578 1579,false
434,Pyrefiend,slayer_pyrefiend_2,811,1578 1579,false
435,Pyrefiend,slayer_pyrefiend_3,811,1578 1579,false
436,Pyrefiend,slayer_pyrefiend_4,811,1578 1579,false
437,Jelly,slayer_jelly_1,807,1583 1584,true
438,Jelly,slayer_jelly_2,807,1583 1584,true
439,Jelly,slayer_jelly_3,807,1583 1584,true
440,Jelly,slayer_jelly_4,807,1583 1584,true
441,Jelly,slayer_jelly_5,807,1583 1584,true
442,Jelly,slayer_jelly_6,807,1583 1584,true
443,Infernal Mage,slayer_infernal_mage_1,0,813 1205 1206 1207 1208,true
444,Infernal Mage,slayer_infernal_mage_2,0,813 1205 1206 1207 1208,true
445,Infernal Mage,slayer_infernal_mage_3,0,813 1205 1206 1207 1208,true
446,Infernal Mage,slayer_infernal_mage_4,0,813 1205 1206 1207 1208,true
447,Infernal Mage,slayer_infernal_mage_5,0,813 1205 1206 1207 1208,true
448,Crawling Hand,slayer_crawling_hand_1,801,1588 1589,true
449,Crawling Hand,slayer_crawling_hand_2,801,1588 1589,true
450,Crawling Hand,slayer_crawling_hand_3,801,1588 1589,true
451,Crawling Hand,slayer_crawling_hand_4,801,1588 1589,true
452,Crawling Hand,slayer_crawling_hand_5,801,1588 1589,true
453,Crawling Hand,slayer_crawling_hand_big_1,801,1588 1589,true
454,Crawling Hand,slayer_crawling_hand_big_2,801,1588 1589,true
455,Crawling Hand,slayer_crawling_hand_big_3,801,1588 1589,true
456,Crawling Hand,slayer_crawling_hand_big_4,801,1588 1589,true
457,Crawling Hand,slayer_crawling_hand_big_5,801,1588 1589,true
458,Lizard,slayer_lizard_massive,814,2774 2775,true
459,Desert Lizard,slayer_lizard_large1_green,814,2774 2775,true
460,Desert Lizard,slayer_lizard_large2_sandy,814,2774 2775,true
461,Desert Lizard,slayer_lizard_large3_sandy,814,2774 2775,true
462,Small Lizard,slayer_lizard_small1_green,814,2774 2775,true
463,Small Lizard,slayer_lizard_small2_sandy,814,2774 2775,true
464,Harpie Bug Swarm,slayer_harpiebugswarm,813,3108,true
465,Skeletal Wyvern,skeletal_wyvern1,817,2984 2982,false
466,Skeletal Wyvern,skeletal_wyvern2,817,2984 2982,false
467,Skeletal Wyvern,skeletal_wyvern3,817,2984 2982,false
468,Skeletal Wyvern,skeletal_wyvern4,817,2984 2982,false
469,Killerwatt,slayer_killerwatt,809,3160 3161,true
470,Killerwatt,slayer_killerwatt_ball,2127,10723,true
471,,fossil_zygomite_cap,818,3328,true
472,Ghost,ghost8_unaggressive,1289,5530 5531,true
473,Ghost,house_ghost,1289,5530 5531,true
474,Ghost,house_ghost2,1289,5530 5531,true
475,Hole in the wall,swamp_wallbeast,37,1798,false
476,Wall beast,swamp_wallbeast_combat,37,1799,false
477,Giant frog,giant_frog,36,1796 1797,true
478,Big frog,medium_frog,36,1796 1797,true
479,Frog,little_frog,36,1796 1797,true
480,Cave slime,swamp_cave_slime,35,1790 1788,true
481,Cave bug,swamp_cave_bug,1393,6078 6077,true
482,Cave bug larva,cave_littlebug,34,1782 1781,true
483,Cave bug,molanisk_giant_cave_bug,1393,6078 6077,true
484,Bloodveld,slayer_bloodveld,798,1551 1549,true
485,Bloodveld,slayer_bloodveld_baby,798,1551 1549,true
486,Bloodveld,slayer_bloodveld_strongholdcave,798,1551 1549,true
487,Bloodveld,slayer_bloodveld_baby_strongholdcave,798,1551 1549,true
488,<col=00ffff>Storm Cloud</col>,stormcloud_non_attacking,841,3169,true
489,<col=00ffff>Storm Cloud</col>,lightning_non_attacking,842,3168 3167,true
490,,slayer_master_6,0,813 1205 1206 1207 1208,true
491,Entomologist,slayer_cave_entomologist,0,7136,true
492,Cave kraken,slayer_kraken,666,3989,true
493,Whirlpool,slayer_kraken_sub,1522,6737,false
494,Kraken,slayer_kraken_boss,666,3989,true
495,Venenatis spiderling,poh_venenatis_pet,2106,9986 9987,true
496,Whirlpool,slayer_kraken_boss_whirlpool,1522,6737,false
497,Callisto cub,poh_callisto_pet,2109,10011 10010,true
498,Smoke devil,smoke_devil,1619,1829 1828,true
499,Thermonuclear smoke devil,smoke_devil_boss,1619,1829 1828,true
500,Olivia,seed_merchant,0,808 819 820 821 822,true
501,Sarah,farming_shopkeeper_1,0,808 819 820 821 822,true
502,Vanessa,farming_shopkeeper_2,0,808 819 820 821 822,true
503,Richard,farming_shopkeeper_3,0,808 819 820 821 822,true
504,Alice,farming_shopkeeper_4,0,808 819 820 821 822,true
505,Ghost,house_ghost3,1289,5530 5531,true
506,Ghost,house_ghost4,1289,5530 5531,true
507,Ghost,house_ghost5,1289,5530 5531,true
508,Soulless,souless_vis,341,337 336,true
509,Death wing,deathwing,1153,4914 4913,false
510,Dark wizard,bearded_dark_wizard,0,808 819 820 821 822,true
511,Invrigar the Necromancer,invrigar_the_necromancer,0,808 819 820 821 822,true
512,Dark wizard,young_dark_wizard,0,808 819 820 821 822,true
513,Mugger,mugger,0,808 819 820 821 822,true
514,Witch,witch1,0,808 819 820 821 822,true
515,Witch,witch2,0,808 819 820 821 822,true
516,Black Knight,black_knight,0,808 819 820 821 822,true
517,Black Knight,aggressive_black_knight,0,808 819 820 821 822,true
518,Highwayman,highwayman,0,808 819 820 821 822,true
519,Highwayman,highwayman2,0,808 819 820 821 822,true
520,Chaos druid,chaos_druid,0,808 819 820 821 822,true
521,Pirate,pirate1,0,808 819 820 821 822,true
522,Pirate,pirate2,0,808 819 820 821 822,true
523,Pirate,pirate_aggressive,0,808 819 820 821 822,true
524,Pirate,lady_pirate,0,808 819 820 821 822,true
525,Thug,thug,0,808 819 820 821 822,true
526,Rogue,rogue,0,808 819 820 821 822,true
527,Monk of Zamorak,chaosmonk1,0,808 819 820 821 822,true
528,Monk of Zamorak,chaosmonk2,0,808 819 820 821 822,true
529,Monk of Zamorak,chaosmonk3,0,808 819 820 821 822,true
530,Tribesman,tribesman,0,813 819 820 821 822,true
531,Dark warrior,dark_warrior,0,808 819 820 821 822,true
532,Chaos druid warrior,chaos_druid_warrior,0,808 819 820 821 822,true
533,Fungi,slayer_mutated_zygomite_adolescent_cap_withop,818,3328,true
534,,thessalia,0,808 819 820 821 822,true
535,Fungi,slayer_mutated_zygomite_adolescent_cap_noop,818,3328,true
536,,slayer_mutated_zygomite_adolescent_cap,818,3328,true
537,Zygomite,slayer_mutated_zygomite_adolescent,818,3324 3323,true
538,Fungi,slayer_mutated_zygomite_adult_cap_withop,818,3328,true
539,Elfinlocks,brain_npc_pc,0,808 819 820 821 822,true
540,Clockwork cat,brain_toy_cat,280,317 314,true
541,Clockwork cat,brain_box_of_cats,280,317 314,true
542,Monk,brain_real_monk_1,1304,5877 5876,true
543,Monk,brain_real_monk_2,1304,5877 5876,true
544,Monk,brain_real_monk_3,1304,5877 5876,true
545,Monk,brain_real_monk_4,1304,5877 5876,true
546,Rufus,brain_rufus,0,808 819 820 821 822,true
547,Mi-Gor,brain_mi_gor,1358,5859 5858,true
548,Puffin,brain_puffin,1359,5873 5872,true
549,Puffin,brain_rock_puffin,1359,5873,true
550,Brother Tranquility,brain_brother_tranquility_zombie,1304,5875 5876,true
551,Brother Tranquility,brain_brother_tranquility_human,1304,5646 5645,true
552,Brother Tranquility,brain_brother_tranquility_brainless,1304,5646 5645,true
553,Monk,brain_monk_1,1304,5646 5645,true
554,Monk,brain_monk_2,1304,5646 5645,true
555,Monk,brain_monk_3,1304,5646 5645,true
556,Monk,brain_monk_4,1304,5646 5645,true
557,Zombie monk,brain_zombie_monk_1,1304,5877 5876,true
558,Zombie monk,brain_zombie_monk_2,1304,5877 5876,true
559,Zombie monk,brain_zombie_monk_3,1304,5877 5876,true
560,Zombie monk,brain_zombie_monk_4,1304,5877 5876,true
561,Sorebones,brain_sawbones_1,1304,5641 5642,true
562,Sorebones,brain_sawbones_2,1304,5641 5642,true
563,Zombie pirate,brain_zombie_pirate_1,1304,5646 5645,true
564,Zombie pirate,brain_zombie_pirate_underwater_1,1304,5646 5645,true
565,Zombie pirate,brain_zombie_pirate_2,1304,5646 5645,true
566,Zombie pirate,brain_zombie_pirate_underwater_2,1304,5646 5645,true
567,Zombie pirate,brain_zombie_pirate_3,1304,5646 5645,true
568,Zombie pirate,brain_zombie_pirate_4,1304,5646 5645,true
569,Zombie pirate,brain_zombie_pirate_5,1304,5646 5645,true
570,Zombie pirate,brain_zombie_pirate_underwater_5,1304,5646 5645,true
571,Zombie pirate,brain_zombie_pirate_6,1304,5650 5652,true
572,Zombie pirate,brain_zombie_pirate_7,1304,5650 5652,true
573,Zombie pirate,brain_zombie_pirate_8,1304,5650 5652,true
574,Zombie pirate,brain_zombie_pirate_9,1304,5650 5652,true
575,Zombie pirate,brain_zombie_pirate_10,1304,5650 5652,true
576,Zombie pirate,brain_zombie_pirate_11,1304,5879 5878,true
577,Zombie pirate,brain_zombie_pirate_12,1304,5879 5878,true
578,Zombie pirate,brain_zombie_pirate_13,1304,5879 5878,true
579,Zombie pirate,brain_zombie_pirate_14,1304,5879 5878,true
580,Zombie pirate,brain_zombie_pirate_15,1304,5879 5878,true
581,Zombie pirate,brain_zombie_pirate_16,1304,5883 5882,true
582,Zombie pirate,brain_zombie_pirate_17,1304,5883 5882,true
583,Zombie pirate,brain_zombie_pirate_underwater_17,1304,5883 5882,true
584,Zombie pirate,brain_zombie_pirate_18,1304,5883 5882,true
585,Zombie pirate,brain_zombie_pirate_underwater_18,1304,5883 5882,true
586,Zombie pirate,brain_zombie_pirate_19,1304,5883 5882,true
587,Zombie pirate,brain_zombie_pirate_underwater_19,1304,5883 5882,true
588,Zombie pirate,brain_zombie_pirate_20,1304,5883 5882,true
589,Zombie pirate,brain_zombie_pirate_underwater_20,1304,5883 5882,true
590,Zombie pirate,brain_zombie_pirate_21,1304,5888 5887,true
591,Zombie pirate,brain_zombie_pirate_underwater_21,1304,5888 5887,true
592,Zombie pirate,brain_zombie_pirate_22,1304,5888 5887,true
593,Zombie pirate,brain_zombie_pirate_23,1304,5888 5887,true
594,Zombie pirate,brain_zombie_pirate_underwater_23,1304,5888 5887,true
595,Zombie pirate,brain_zombie_pirate_24,1304,5888 5887,true
596,Zombie pirate,brain_zombie_pirate_underwater_24,1304,5888 5887,true
597,Zombie pirate,brain_zombie_pirate_25,1304,5888 5887,true
598,Zombie pirate,brain_zombie_pirate_underwater_25,1304,5888 5887,true
599,Zombie pirate,brain_zombie_pirate_26,1304,5888 5887,true
600,Barrelchest,brain_barrel_chest,1357,5893 5892,true
601,Pirate Pete,deal_pete,0,808 819 820 821 822,true
602,Pirate Pete,deal_island_pete,0,808 819 820 821 822,true
603,Captain Braindeath,deal_captian_braindeath,0,808 819 820 821 822,true
604,50% Luke,deal_50luke,1304,5586 5585,true
605,Davey,deal_davey,0,808 819 820 821 822,true
606,Captain Donnie,deal_captian_donnie,1304,5656 5655,true
607,Zombie protester,deal_zombie_protester_1,1288,5584 5583,true
608,Zombie protester,deal_zombie_protester_2,1288,5584 5583,true
609,Zombie protester,deal_zombie_protester_3,1288,5584 5583,true
610,Zombie protester,deal_zombie_protester_4,1288,5584 5583,true
611,Zombie protester,deal_zombie_protester_5,1288,5584 5583,true
612,Zombie protester,deal_zombie_protester_6,1288,5584 5583,true
613,Zombie pirate,deal_zombie_pirates_1,1304,5646 5645,true
614,Zombie pirate,deal_zombie_pirates_2,1304,5650 5652,true
615,Zombie pirate,deal_zombie_pirates_3,1304,5650 5652,true
616,Zombie pirate,deal_zombie_pirates_4,1304,5650 5652,true
617,Zombie pirate,deal_zombie_pirates_5,1304,5646 5645,true
618,Zombie pirate,deal_zombie_pirates_6,1304,5646 5645,true
619,Zombie swab,deal_pirate_a,1304,5646 5645,true
620,Zombie swab,deal_pirate_b,1304,5646 5645,true
621,Zombie swab,deal_pirate_c,1304,5650 5652,true
622,Zombie swab,deal_pirate_d,1304,5650 5652,true
623,Zombie swab,deal_pirate_e,1304,5646 5645,true
624,Zombie swab,deal_pirate_f,1304,5646 5645,true
625,Evil spirit,deal_evil_spirit,644,2803 2802,true
626,Fever spider,deal_fever_spiders1,1248,5318 5317,true
627,Brewer,deal_brewer_1,0,808 819 820 821 822,true
628,Brewer,deal_brewer_2,0,808 819 820 821 822,true
629,Brewer,deal_brewer_3,0,808 819 820 821 822,true
630,Brewer,deal_brewer_4,0,808 819 820 821 822,true
631,Brewer,deal_brewer_5,0,808 819 820 821 822,true
632,Brewer,deal_brewer_6,0,808 819 820 821 822,true
633,Brewer,deal_brewer_7,0,808 819 820 821 822,true
634,Brewer,deal_brewer_8,0,808 819 820 821 822,true
635,Fishing spot,deal_squid,1701,7634,false
636,Karamthulhu,deal_karamthulhu,645,2799 2798,true
637,Fungi,slayer_mutated_zygomite_adult_cap_noop,818,3328,true
638,,lord_iorwerth,0,808 819 820 821 822,true
639,Tyras guard,regicide_old_camp_guard,0,808 819 820 821 822,true
640,Ug,trollromance_ug,461,1474 283,true
641,Aga,trollromance_aga,461,286 283,true
642,Arrg,trollromance_arrg,461,286 283,true
643,Arrg,trollromance_arrg_attackable,461,286 283,true
644,Ug,trollromance_eat_test,461,1480 283,true
645,Ice wolf,trollromance_ice_wolf_1,1491,6580 6556,true
646,Ice wolf,trollromance_ice_wolf_1b,1491,6580 6556,true
647,Ice wolf,trollromance_ice_wolf_2,1491,6580 6556,true
648,Ice Troll,trollromance_icetroll_melee1,461,286 283,true
649,Ice Troll,trollromance_icetroll_melee2,461,286 283,true
650,Ice Troll,trollromance_icetroll_melee3,461,926 1139,true
651,Ice Troll,trollromance_icetroll_melee4,461,286 283,true
652,Ice Troll,trollromance_icetroll_melee5,461,926 1139,true
653,Ice Troll,trollromance_icetroll_melee6,461,286 283,true
654,Ice Troll,trollromance_icetroll_melee7,461,286 283,true
655,Goblin,goblin_red_soldier_2,1415,6181 6180,true
656,Goblin,goblin_red_soldier_3,1415,6186 6187,true
657,Goblin,goblin_red_soldier_4,1415,6181 6180,true
658,Goblin,goblin_red_soldier_5,1415,6200 6201,true
659,Goblin,goblin_red_soldier_6,1415,6181 6180,true
660,Goblin,goblin_red_soldier_7,1415,6186 6187,true
661,Goblin,goblin_red_soldier_8,1415,6186 6187,true
662,Goblin,goblin_green_soldier_2,1415,6181 6180,true
663,Goblin,goblin_green_soldier_3,1415,6186 6187,true
664,Goblin,goblin_green_soldier_4,1415,6181 6180,true
665,Goblin,goblin_green_soldier_5,1415,6200 6201,true
666,Goblin,goblin_green_soldier_6,1415,6181 6180,true
667,Goblin,goblin_green_soldier_7,1415,6186 6187,true
668,Goblin,goblin_green_soldier_8,1415,6186 6187,true
669,General Bentnoze,general_bentnoze_red,1415,6203 6202,true
670,General Wartface,general_wartface_green,1415,6203 6202,true
671,Grubfoot,catwalk_goblin_brown,1415,6181 6180,true
672,Grubfoot,catwalk_goblin_orange,1415,6181 6180,true
673,Grubfoot,catwalk_goblin_blue,1415,6181 6180,true
674,Goblin,goblin_red_soldier_underground,1415,6181 6180,true
675,General Bentnoze,general_bentnoze,308,311 308,true
676,General Wartface,general_wartface,308,311 308,true
677,Goblin,goblin_greenarmour,308,1737 1738,true
678,Goblin,goblin_redarmour,308,1737 1738,true
679,Rasolo,shadow_warrior_rasool,0,808 819 820 821 822,true
680,Giant skeleton,sword_skeleton_3,1291,5493 5497,true
681,Giant skeleton,sword_skeleton_3b,1291,5493 5497,true
682,Damis,fd_damis_normal,0,808 819 820 821 822,true
683,Damis,fd_damis_tougher,0,808 819 820 821 822,true
684,,fourdiamonds_indiana,0,808 819 820 821 822,true
685,Stranger,fourdiamonds_assasin,0,808 819 820 821 822,true
686,Malak,fourdiamonds_vampire_lord,0,808 819 820 821 822,true
687,Bartender,fourdiamonds_bartender,0,808 819 820 821 822,true
688,Eblis,fd_elder_village,0,808 819 820 821 822,true
689,Eblis,fd_elder_by_mirrors,0,808 819 820 821 822,true
690,Bandit,fourdiamonds_sword_bandit_1,0,808 819 820 821 822,true
691,Bandit,fourdiamonds_sword_bandit_sitsouth,0,1955,true
692,Bandit,fourdiamonds_sword_bandit_sitnorth,0,1953,true
693,Bandit,fourdiamonds_sword_bandit_siteast,0,1952,true
694,Bandit,fourdiamonds_sword_bandit_sitwest,0,1954,true
695,Bandit,fourdiamonds_sword_bandit_free,0,808 819 820 821 822,true
696,Troll child,fourdiamonds_troll_child_okay,461,286 283,false
697,Troll child,fourdiamonds_troll_child_crying,461,1476 283,false
698,Ice troll,i_troll_guard,461,286 283,true
699,Ice troll,trollrescue_icetroll_melee1,461,286 283,true
700,Ice troll,trollrescue_icetroll_melee2,461,286 283,true
701,Ice troll,trollrescue_icetroll_melee3,461,926 1139,true
702,Ice troll,trollrescue_icetroll_melee4,461,286 283,true
703,Ice troll,trollrescue_icetroll_melee5,461,926 1139,true
704,Ice troll,trollrescue_icetroll_melee6,461,286 283,true
705,Ice troll,trollrescue_icetroll_melee7,461,286 283,true
708,Troll father,fd_troll_dad,461,286 283,true
709,Troll mother,fd_troll_mum,461,286 283,true
710,Ice wolf,ice_wolf_1,1491,6580 6556,true
711,Ice wolf,ice_wolf_2,1491,6580 6556,true
712,Ice wolf,ice_wolf_3,1491,6580 6556,true
713,Ice wolf,ice_wolf_4,1491,6580 6556,true
714,Ice wolf,ice_wolf_5,1491,6580 6556,true
715,Ice wolf,ice_wolf_6,1491,6580 6556,true
717,Mummy,deserttreasure_mummy_1,1286,5548 5552,true
718,Mummy ashes,mummy_turn_to_ash,1286,5563,true
719,Mummy ashes,mummy_f_turn_to_ash,1286,5563,true
720,Mummy,deserttreasure_mummy_2,1286,5548 5552,true
721,Mummy,deserttreasure_mummy_3,1286,5548 5552,true
722,Mummy,deserttreasure_mummy_4,1286,5548 5552,true
723,Mummy,deserttreasure_mummy_5,1286,5548 5552,true
724,Mummy,deserttreasure_mummy_1_on_fire,1286,5548 5552,true
725,Mummy,deserttreasure_mummy_2_on_fire,1286,5548 5552,true
726,Mummy,deserttreasure_mummy_3_on_fire,1286,5548 5552,true
727,Mummy,deserttreasure_mummy_4_on_fire,1286,5548 5552,true
728,Mummy,deserttreasure_mummy_5_on_fire,1286,5548 5552,true
729,Scarabs,scarab_swarm,468,1947 1945,true
730,Azzanadra,azzanadra_real,2094,9865 9866 9867,true
731,Sheep,sheep_shearer_the_thing,347,3569 3568,true
732,Fred the Farmer,fred_the_farmer,0,813 1205 1206 1207 1208,true
736,Bandit,feud_arabian_guard2_1,0,808 819 820 821 822,true
737,Bandit,feud_arabian_guard2_2,0,808 819 820 821 822,true
738,Bandit champion,feud_bandit_toughguy,0,808 819 820 821 822,true
739,Cowardly Bandit,feud_arabian_guard_coward,0,808 819 820 821 822,true
740,,myarm,461,4986 283,true
741,My Arm,myarm_silent,461,4986 283,true
742,My Arm,myarm_fixed,461,4986 283,true
743,,myarm_multi_kitchen,461,4986 283,true
744,,myarm_multi_walk0,461,4986 283,true
745,,myarm_multi_walk1,461,4986 283,true
746,,myarm_multi_ardougne,461,4986,true
747,,myarm_multi_walk2,461,4986 283,true
748,,myarm_multi_brimhaven,461,4986,true
749,,myarm_multi_village,461,4986 283,true
750,My Arm,myarm_trolldibber,461,4986,true
751,My Arm,myarm_trollbucket,461,4986,true
752,My Arm,myarm_trollrake,461,4986,true
753,Adventurer,myarm_man_in_pot,715,479,true
754,Captain Barnaby,myarm_barnaby_ship,0,808 819 820 821 822,true
755,Murcaily,myarm_murcaily,0,813 819 820 821 822,true
756,Jagbakoba,myarm_jagbakoba,0,813 819 820 821 822,true
757,Tool Leprechaun,myarm_leprechaun,2402,5002,true
759,Unnamed troll child,myarm_troll_child,461,286 283,false
760,Drunken Dwarf's Leg,myarm_troll_deaddwarf,461,286 283,false
761,,myarm_troll_deaddwarf_multi,461,286 283,true
762,Baby Roc,myarm_baby_roc,1178,5029 5030,true
763,Giant Roc,myarm_giant_roc,1178,5021 5022,true
765,Queen Sigrid,misc_queen_sigrid,0,808 819 820 821 822,true
766,Banker,misc_banker,0,808 819 820 821 822,true
767,Arnor,misc_etc_man_1,0,808 819 820 821 822,true
768,Haming,misc_etc_man_2,0,808 819 820 821 822,true
769,Moldof,misc_etc_man_3,0,808 819 820 821 822,true
770,Helga,misc_etc_woman_1,0,808 819 820 821 822,true
771,Matilda,misc_etc_woman_2,0,808 819 820 821 822,true
772,Ashild,misc_etc_woman_3,0,808 819 820 821 822,true
773,Skraeling,etc_guard1,0,808 819 820 821 822,true
774,Skraeling,etc_guard2,0,808 819 820 821 822,true
775,Fishmonger,etc_fish_monger,0,813 819 820 821 822,true
776,Greengrocer,etc_veg_monger,0,813 819 820 821 822,true
777,Ethereal Being,lunar_moon_dream_man,0,813 1205 1206 1207 1208,true
778,Ethereal Being,lunar_moon_dream_lady,0,813 1205 1206 1207 1208,true
779,Ethereal Numerator,lunar_moon_dream_numbers_game_man,0,813 1205 1206 1207 1208,true
780,Ethereal Expert,lunar_moon_dream_power_game_man,0,813 1205 1206 1207 1208,true
781,Ethereal Perceptive,lunar_moon_dream_trees_game_man,0,813 1205 1206 1207 1208,true
782,Ethereal Guide,lunar_moon_dream_jumping_game_man,0,813 1205 1206 1207 1208,true
783,Ethereal Fluke,lunar_moon_dream_dice_game_man,0,813 1205 1206 1207 1208,true
784,Ethereal Mimic,lunar_moon_dream_music_game_man,0,808 819 820 821 822,true
785,Me,quest_lunar_mirror_of_player,0,813 1205 1206 1207 1208,true
786,Me,quest_lunar_mirror_of_player_female,0,813 1205 1206 1207 1208,true
787,Suqah,lunar_suqka,1014,4386 4383,true
788,Suqah,lunar_suqka2,1014,4386 4383,true
789,Suqah,lunar_suqka3,1014,4386 4383,true
790,Suqah,lunar_suqka4,1014,4386 4383,true
791,Suqah,lunar_suqka5,1014,4386 4383,true
792,Suqah,lunar_suqka6,1014,4386 4383,true
793,Suqah,lunar_suqka7,1014,4386 4383,true
794,Scarab Mage,contact_insectoid_mage,0,813 1205 1206 1207 1208,true
795,Locust rider,contact_locust_lance,1278,5447 5446,true
796,Locust rider,contact_locust_bow,1278,5447 5446,true
797,Giant Scarab,contact_scarab_boss,1279,5455 5454,true
798,Giant Scarab,contact_dummy_boss,1279,5455 5454,true
799,Scarab Mage,contact_insectoid_mage_b,0,813 1205 1206 1207 1208,true
800,Locust rider,contact_locust_lance_b,1278,5447 5446,true
801,Locust rider,contact_locust_bow_b,1278,5447 5446,true
802,Olaf the Bard,viking_olaf,0,1318 819 820 821 822,true
803,Lalli,viking_lalli_troll,461,286 283,true
804,Golden sheep,viking_golden_sheepsheered,1247,5339 5340,true
805,Golden sheep,viking_golden_sheepsheered2,1247,5339 5340,true
806,Golden sheep,viking_golden_sheepunsheered,1247,5345 5344,true
807,Golden sheep,viking_golden_sheepunsheered2,1247,5345 5344,true
808,Fossegrimen,viking_lake_spirit,0,808 819 820 821 822,true
809,Ospak,viking_heckler,0,1137 1323 1324 1325 1326,true
810,Styrmir,viking_heckler_2,0,1137 1323 1324 1325 1326,true
811,Torbrund,viking_heckler_3,0,1137 1323 1324 1325 1326,true
812,Fridgeir,viking_heckler_4,0,1137 1323 1324 1325 1326,true
813,Longhall Bouncer,viking_longhall_bouncer,0,813 819 820 821 822,true
814,Guildmaster,guildmaster,0,808 819 820 821 822,true
815,Duke Horacio,duke_of_lumbridge,0,808 819 820 821 822,true
816,,elvarg,1080,90 79,true
817,Elvarg,dragonslayer_elvarg_cutscene,1080,90 79,true
818,,dragonslayer_ned_on_ship,0,808 819 820 821 822,true
819,Klarense,klarense,0,808 819 820 821 822,true
820,Wormbrain,wormbrain,1415,6181 6180,true
821,Oracle,oracle,0,808 819 820 821 822,true
822,Oziach,oziach,0,808 819 820 821 822,true
823,Melzar the Mad,melzar_the_mad,0,808 819 820 821 822,true
824,Captain Ned,dragonslayer_ned_cutscene,0,808 819 820 821 822,true
825,Cabin Boy Jenkins,dragonslayer_jenkins_there,0,808 819 820 821 822,true
826,Cabin Boy Jenkins,dragonslayer_jenkins_cutscene,0,808 819 820 821 822,true
827,Larry,peng_larry_zoo,0,808 819 820 821 822,true
828,Larry,peng_larry_rell,0,808 819 820 821 822,true
829,Larry,peng_larry_ice,0,808 819 820 821 822,true
830,Penguin,peng_generic_surface,1310,5668 5666,true
831,Penguin,peng_generic,1310,5668 5666,true
832,Penguin,peng_generic_cutscene,1310,5668 5666,true
833,KGP Guard,peng_kgp_cutscene,1310,5668 5666,true
834,Pescaling Pax,peng_pescaling_cutscene,1310,5668 5666,false
835,Ping,peng_ping_instrument2,1310,5673,true
836,Ping,peng_ping_instrument,1310,5668,true
837,Pong,peng_pong_instrument2,1310,5675,false
838,Pong,peng_pong_instrument,1310,5668,false
839,Ping,peng_ping,1310,5668 5666,true
840,Pong,peng_pong,1310,5668 5666,true
841,KGP Agent,peng_kgp,1310,5668 5666,true
842,KGP Agent,peng_kgp_tie,1310,5668 5666,true
843,,peng_noodle_multi,1310,5668 5666,true
844,Noodle,peng_noodle,1310,5668 5666,true
845,Penguin,peng_zoo,1310,5668 5666,true
846,Penguin suit,peng_suit_npc,1310,5668 5666,true
847,Agility Instructor,peng_agility_instructor,1310,5677 5676,true
848,Army Commander,peng_commander,1310,5677 5676,true
849,Penguin,peng_starjump,1310,5680,true
850,Penguin,peng_situps,1310,5682,true
851,Penguin,peng_pushups,1310,5685,true
852,Icelord,peng_icelord_warrior01,1323,5722 5721,true
853,Icelord,peng_icelord_warrior02,1323,5722 5721,true
854,Icelord,peng_icelord_warrior03,1323,5722 5721,false
855,Icelord,peng_icelord_warrior04,1323,5722 5721,true
860,Grish,zogre_ogre_shaman,321,357 358,true
861,Uglug Nar,zogre_uglug_nar,321,357 358,true
862,Pilg,zogre_dying1,321,2088,true
863,Grug,zogre_dying2,321,2089,true
864,Ogre guard,zogre_ogre_guard,321,357 358,true
865,Ogre guard,zogre_ogre_coffin_guard,321,357 358,true
866,Zogre,zogre_1,321,357 2104,true
867,Zogre,zogre_2,321,357 2104,true
868,Zogre,zogre_3,321,357 2104,true
869,Zogre,zogre_4,321,357 2104,true
870,Zogre,zogre_5,321,357 2104,true
871,Zogre,zogre_6,321,357 2104,true
872,Skogre,zogre_skele_dance,321,2099 358,true
873,Zogre,zogre_dance_1,321,2099 2104,true
874,Zogre,zogre_dance_2,321,2099 2104,true
875,Zogre,zogre_dance_3,321,2099 2104,true
876,Zogre,zogre_dance_4,321,2099 2104,true
877,Zogre,zogre_drummer1,321,2100,true
878,Skogre,zogre_drummer2,321,2100,true
879,Skogre,zogre_skele,321,357 358,true
880,Zombie,zogre_human_brentle_vahn,378,301 298,true
881,Zavistic Rarve,zogre_human_zavistic_rarve,0,813 819 820 821 822,true
882,Slash Bash,zogre_slash_bash,321,357 358,true
885,Gargh,ogre_hunter1,321,357 358,true
886,Scarg,ogre_hunter2,321,357 358,true
887,Gruh,ogre_hunter3,321,357 358,true
888,Irwin Feaselbaum,zogre_necromancers_assistant,0,808 819 820 821 822,true
889,,regicide_old_camp_tracker,0,808 819 820 821 822,true
890,,roving_bowyer,0,808 819 820 821 822,true
891,Moss Guardian,roving_mossgiant,1081,4656 4654,false
892,Golrie,roving_golrie,2402,2331 12042,true
893,Father Reen,agrith_reen,0,813 1146 820 821 822,true
894,Father Reen,agrith_reen_sigil,0,808 819 820 821 822,true
895,Father Badden,agrith_badden,0,808 819 820 821 822,true
896,Father Badden,agrith_badden_sigil,0,808 819 820 821 822,true
897,Denath,agrith_denath,0,808 819 820 821 822,true
898,Denath,agrith_denath_sigil,0,808 819 820 821 822,true
899,Eric,agrith_eric,0,808 819 820 821 822,true
900,Eric,agrith_eric_sigil,0,808 819 820 821 822,true
901,Evil Dave,agrith_dave_sigil,0,808 819 820 821 822,true
902,Evil Dave,agrith_dave,0,808 819 820 821 822,true
903,Matthew,agrith_matthew,0,808 819 820 821 822,true
904,Matthew,agrith_matthew_sigil,0,808 819 820 821 822,true
905,Jennifer,agrith_jennifer,0,808 819 820 821 822,true
906,Jennifer,agrith_jennifer_sigil,0,808 819 820 821 822,true
907,Tanya,agrith_tanya,0,808 819 820 821 822,true
908,Tanya,agrith_tanya_sigil,0,808 819 820 821 822,true
909,Patrick,agrith_patrick,0,808 819 820 821 822,true
910,Patrick,agrith_patrick_sigil,0,808 819 820 821 822,true
911,Agrith Naar,agrith_naar,1078,4675 4674,true
912,Sand storm,agrith_sandy,659,2882,true
913,,agrith_dave_in_passage,0,808 819 820 821 822,true
914,,agrith_dave_walking,0,808 819 820 821 822,true
915,,agrith_badden_walking,0,808 819 820 821 822,true
916,,agrith_reen_walking,0,813 1146 820 821 822,true
917,Clay golem,agrith_golem_throneroom,526,1913 1912,true
918,Clay golem,agrith_golem_sigil,526,1913 1912,true
920,Ghost,agrith_noncombat_ghost,1289,5530 5531,true
921,Donie,lumbridge_guide2_woman,0,813 1205 1206 1207 1208,true
922,Restless ghost,ghostx,0,808 819 820 821 822,true
923,Father Urhney,father_urhney,0,808 819 820 821 822,true
924,Skeleton,skull_skeleton,0,808 819 820 821 822,true
925,Rock,death_troll_commander,461,927 1141,true
926,Stick,death_troll_leuitanant,461,286 283,true
927,Pee Hat,death_troll_guard1,461,926 1139,true
928,Kraka,death_troll_guard2,461,926 1139,true
929,Dung,death_troll_cook1,461,286 283,true
930,Ash,death_troll_cook2,461,286 283,true
931,Thrower Troll,death_troll_thrower1,461,286 283,true
932,Thrower Troll,death_troll_thrower2,461,286 283,true
933,Thrower Troll,death_troll_thrower3,461,286 283,true
934,Thrower Troll,death_troll_thrower4,461,286 283,true
935,Thrower Troll,death_troll_thrower5,461,286 283,true
936,Mountain troll,death_troll_melee1,461,286 283,true
937,Mountain troll,death_troll_melee2,461,286 283,true
938,Mountain troll,death_troll_melee3,461,926 1139,true
939,Mountain troll,death_troll_melee4,461,286 283,true
940,Mountain troll,death_troll_melee5,461,926 1139,true
941,Mountain troll,death_troll_melee6,461,286 283,true
942,Mountain troll,death_troll_melee7,461,286 283,true
943,Filliman Tarlock,filliman_tarlock_spirit,0,842 841,true
944,Nature Spirit,filliman_tarlock_ns,0,842 841,true
945,Ghast,ghast_invis,604,1092 1091,true
946,Ghast,ghast_vis,604,1086 1085,true
947,Ulizius,mort_myre_gate_guard,0,808 819 820 821 822,true
948,Klenter,ics_little_spectre_vis,1290,5538 5539,true
949,Mummy,ics_little_mummy_1,1286,5551 5553,true
950,Mummy,ics_little_mummy_2,1286,5551 5553,true
951,Mummy,ics_little_mummy_3,1286,5551 5553,true
952,Mummy,ics_little_mummy_4,1286,5551 5553,true
953,Mummy,ics_little_mummy_5,1286,5551 5553,true
954,Weird Old Man,kalphite_oldman,0,808 819 820 821 822,true
955,Kalphite Worker,kalphite_worker,1422,6218 6220,true
956,Kalphite Worker,kalphite_worker_strongholdcave,1422,6218 6220,true
957,Kalphite Soldier,kalphite_soldier,1422,6218 6220,true
958,Kalphite Soldier,kalphite_soldier_strongholdcave,1422,6218 6220,true
959,Kalphite Guardian,kalphite_lord,1422,6219 6222,true
960,Kalphite Guardian,kalphite_lord_strongholdcave,1422,6219 6222,true
961,Kalphite Worker,kalphite_worker_chamber,1422,6218 6220,true
962,Kalphite Guardian,kalphite_lord_chamber,1422,6219 6222,true
963,Kalphite Queen,kalphite_queen,1422,6239 6238,true
964,Hellpuppy,poh_hellpet,1491,6561 6560,false
965,Kalphite Queen,kalphite_flyingqueen,1425,6236,true
966,Kalphite Larva,kalphite_larva,1422,6218 6221,false
967,Anna,kr_anna_sinclair,0,808 6926,true
968,David,kr_david_sinclair,0,808 819 820 821 822,true
969,Anna,kr_anna_sinclair_cutscene,0,808 819 820 821 822,true
970,Dagannoth,horror_dagganoth_jr,538,1338 1339,true
971,Dagannoth,horror_dagganoth_jr_darker,538,1338 1339,true
972,Dagannoth,horror_dagganoth_jr_lighter,538,1338 1339,true
973,Dagannoth,horror_dagannoth_medium,538,1338 1339,true
974,Dagannoth,horror_dagannoth_medium_darker,538,1338 1339,true
975,Dagannoth,horror_dagannoth_medium_lighter,538,1338 1339,true
976,Dagannoth,horror_dagannoth_jr1,538,1344,true
977,Dagannoth,horror_dagannoth_jr2,538,1345,true
978,Dagannoth,horror_dagannoth_jr3,538,1346,true
979,Dagannoth,horror_dagannoth_jr4,538,1338 1339,true
980,Dagannoth mother,horror_dagganoth_aira,538,1344,true
981,Dagannoth mother,horror_dagganoth_airb,538,1345,true
982,Dagannoth mother,horror_dagganoth_airc,538,1346,true
983,Dagannoth mother,horror_dagganoth_air,538,1338 1339,true
984,Dagannoth mother,horror_dagganoth_water,538,1338 1339,true
985,Dagannoth mother,horror_dagganoth_fire,538,1338 1339,true
986,Dagannoth mother,horror_dagganoth_earth,538,1338 1339,true
987,Dagannoth mother,horror_dagganoth_ranged,538,1338 1339,true
988,Dagannoth mother,horror_dagganoth_melee,538,1338 1339,true
989,Veliaf Hurtz,burgh_rescue_veliaf_hurtz,0,808 819 820 821 822,true
990,Sigmund,dttd_sigmund_mill,0,808 819 820 821 822,true
991,Sigmund,dttd_sigmund_melee,0,808 819 820 821 822,true
992,Sigmund,dttd_sigmund_ranged,0,808 819 820 821 822,true
993,Sigmund,dttd_sigmund_magic,0,808 819 820 821 822,true
994,Sigmund,dttd_sigmund_ranged_vs_zanik,0,808 819 820 821 822,true
995,Guard,dttd_ham_guard_mill,0,808 819 820 821 822,true
996,Nardok,dttd_bone_dealer,33,4210,true
997,Dartog,dttd_maze_guide_there,1383,6040 6041,true
998,Guard,ratcatcher_staticguard,0,808 819 820 821 822,true
999,Guard,ratcatcher_chiefguard,0,808 819 820 821 822,true
1000,Guard,ratcatcher_guard_left_front,0,808 819 820 821 822,true
1001,Guard,ratcatcher_guard_left_mid,0,808 819 820 821 822,true
1002,Guard,ratcatcher_guard_left_back,0,808 819 820 821 822,true
1003,Guard,ratcatcher_guard_left_fullback,0,808 819 820 821 822,true
1004,Guard,ratcatcher_guard_right_front,0,808 819 820 821 822,true
1005,Guard,ratcatcher_guard_right_mid,0,808 819 820 821 822,true
1006,Guard,ratcatcher_guard_right_back,0,808 819 820 821 822,true
1007,Guard,ratcatcher_guard_right_fullback,0,808 819 820 821 822,true
1008,Guard,ratcatcher_guard_left_inside,0,808 819 820 821 822,true
1009,Guard,ratcatcher_guard_right_inside,0,808 819 820 821 822,true
1010,Gertrude's cat,vc_gertrudescat,280,317 314,true
1011,Gamer,vc_gambler_rich1,0,813 1146 820 821 822,true
1012,Gamer,vc_gambler_rich2,0,813 1146 820 821 822,true
1013,Barman,vc_gambler_rich3,0,808 819 820 821 822,true
1014,Gamer,vc_gambler_rich4,0,808 819 820 821 822,true
1015,Gamer,vc_gambler_woman1,0,808 819 820 821 822,true
1016,Gamer,vc_gambler_woman2,0,808 819 820 821 822,true
1017,Gamer,vc_gambler_woman3,0,808 819 820 821 822,true
1018,Gamer,vc_gambler_poor1,0,808 819 820 821 822,true
1019,Gamer,vc_gambler_poor2,0,808 819 820 821 822,true
1020,Rat,pitrat_sarim_def,326,2704 2703,true
1021,Rat,pitrat_sarim_agr,326,2704 2703,true
1022,Rat,pitrat_sarim_neu,326,2704 2703,true
1023,,slayer_mutated_zygomite_adult_cap,818,3328,true
1024,Zygomite,slayer_mutated_zygomite_adult,818,3324 3322,true
1025,Necromancer,necromancer,0,808 819 820 821 822,true
1026,Bandit,brawling_bandit,0,808 819 820 821 822,true
1027,Guard Bandit,guard_bandit,0,808 819 820 821 822,true
1028,Barbarian guard,barbarian_guard,0,808 819 820 821 822,true
1029,Sleepwalker,nightmare_sleepwalker_pre1,0,2770 8534,true
1030,Sleepwalker,nightmare_sleepwalker_pre2,0,2770 8534,true
1031,Sleepwalker,nightmare_sleepwalker_pre3,0,2770 8534,true
1032,Sleepwalker,nightmare_sleepwalker_pre4,0,2770 8534,true
1033,,myq5_veliaf_slepe_manor,0,8009 8011 8012 8013 8014,true
1034,,myq5_veliaf_hideout,0,808 819 820 821 822,true
1035,,myq5_ivan_woods,0,808 819 820 821 822,true
1036,,myq5_ivan_paterdomus,0,808 819 820 821 822,true
1037,Snake,harmless_island_snake,340,277 274,true
1038,Monkey,harmless_island_monkey,320,222 219,true
1039,Albino bat,harmless_island_albino_bat,1153,4914 4913,false
1040,Crab,harmless_island_crab,559,3424 3426,true
1041,Giant mosquito,harmless_island_mosquito,932,2395 2396,true
1042,Jungle horror,harmless_island_jungle_horror_worker,974,4231 4236,true
1043,Jungle horror,harmless_island_jungle_horror_young_worker,974,4231 4236,true
1044,Jungle horror,harmless_island_jungle_horror_warrior,974,4231 4236,true
1045,Jungle horror,harmless_island_jungle_horror_young_warrior,974,4231 4236,true
1046,Jungle horror,harmless_island_jungle_horror_guard,974,4231 4236,true
1047,Cave horror,harmless_island_cave_horror_worker,974,4231 4236,true
1048,Cave horror,harmless_island_cave_horror_young_worker,974,4231 4236,true
1049,Cave horror,harmless_island_cave_horror_guard,974,4231 4236,true
1050,Cave horror,harmless_island_cave_horror_small_guard,974,4231 4236,true
1051,Cave horror,harmless_island_cave_horror_alpha,974,4231 4236,true
1052,Cavey Davey,harmless_island_cave_pirate,0,808 819 820 821 822,true
1053,Mac,mac,0,808 819 820 821 822,true
1054,Launa,soulbane_launa,0,808 1146,true
1055,Launa,soulbane_launa_young,0,808 819 820 821 822,true
1056,Brana,soulbane_brana,0,813 1146 820 821 822,true
1057,Tolna,soulbane_tolna,0,5752 819 820 821 822,true
1058,Tolna,soulbane_tolna_top,0,808 819 820 821 822,true
1059,Tolna,soulbane_tolnaboy,2402,2331 12042,true
1060,Angry bear,soulbane_anger_bear,1151,4919 4923,false
1061,Angry unicorn,soulbane_anger_unicorn,1472,6374 6373,false
1062,Angry giant rat,soulbane_anger_rat,1152,4932 4931,true
1063,,veos_sarim,0,813 1205 1206 1207 1208,true
1064,,corsair_ferry_rimmington,0,808,true
1065,Angry goblin,soulbane_anger_goblin,1415,6181 6180,true
1066,Fear reaper,soulbane_fear_reaper,654,3810 3809,true
1067,Confusion beast,soulbane_confu_creeper,653,3815 3819,true
1068,Confusion beast,soulbane_confu_creeper_fake1,653,3815 3819,true
1069,Confusion beast,soulbane_confu_creeper_fake2,653,3815 3819,true
1070,Confusion beast,soulbane_confu_creeper_fake3,653,3815 3819,true
1071,Confusion beast,soulbane_confu_creeper_fake4,653,3815 3819,true
1072,Hopeless creature,soulbane_hope_monst3,655,3822 3825,true
1073,Hopeless creature,soulbane_hope_monst2,655,3822 3825,true
1074,Hopeless creature,soulbane_hope_monst1,655,3822 3825,true
1075,Tolna,soulbane_final_tolna1,656,3828,true
1076,Tolna,soulbane_final_tolna2,656,3828,true
1077,Tolna,soulbane_final_tolna3,656,3828,true
1078,Runa,royal_barmaid,0,808 819 820 821 822,true
1079,Halla,royal_clotheshop_owner,0,808 819 820 821 822,true
1080,Finn,royal_generalstore_owner,0,808 819 820 821 822,true
1081,Osvald,royal_foodshop_owner,0,808 819 820 821 822,true
1082,Runolf,royal_citizen_man1,0,808 819 820 821 822,true
1083,Tjorvi,royal_citizen_man2,0,808 819 820 821 822,true
1084,Ingrid,royal_citizen_woman1,0,808 819 820 821 822,true
1085,Thora,royal_citizen_woman2,0,808 819 820 821 822,true
1086,Signy,royal_fremennik_teen1,0,808 819 820 821 822,true
1087,Hild,royal_fremennik_teen2,0,808 819 820 821 822,true
1088,Armod,royal_fremennik_teen3,0,808 819 820 821 822,true
1089,Beigarth,royal_fremennik_teen4,0,808 819 820 821 822,true
1090,Reinn,royal_fremennik_teen5,0,808 819 820 821 822,true
1091,Alviss,royal_dwarf_citizen1,297,101 98,true
1092,Fullangr,royal_dwarf_citizen2,297,101 98,true
1093,Jari,royal_dwarf_citizen3,297,101 98,false
1094,Thorodin,royal_dwarf_miner1,297,4021 98,true
1095,Ferd,royal_dwarf_miner2,297,4021 98,true
1096,Donal,royal_dwarf_drunk,297,98,true
1097,Sea Snake Young,royal_sea_snake_medium,641,3535 3537,true
1098,Sea Snake Hatchling,royal_sea_snake_baby,641,3535 3537,true
1099,Guard,royal_misc_guard,0,808 819 820 821 822,true
1100,Guard,royal_etc_guard,0,808 819 820 821 822,true
1101,Giant Sea Snake,royal_sea_snake_mother_smaller,942,4037,true
1102,Elena,elena2_vis,0,808 819 820 821 822,true
1103,Da Vinci,artist1,0,808 819 820 821 822,true
1104,Da Vinci,artist2,0,1322 1323 1324 1325 1326,true
1105,Chancy,gambler1,0,2713,false
1106,Chancy,gambler2,0,1322 1323 1324 1325 1326,true
1107,Hops,drunk1,0,2712 819 820 821 822,true
1108,Hops,drunk2,0,1322 1323 1324 1325 1326,true
1109,Julie,guidors_wife,0,808 819 820 821 822,true
1110,Guidor,guidor,0,4780,true
1111,Guard,lathastrainer1,0,808 819 820 821 822,true
1112,Guard,lathastrainer2,0,4591 4226 4227 821 822,true
1113,Guard,lathastrainer3,0,4591 4226 4227 821 822,true
1114,,regicide_tyras_lazy_guard,0,808 819 820 821 822,true
1115,,councillor_halgrive,0,808 819 820 821 822,true
1116,,roving_female_woodelf,0,808 819 820 821 822,true
1117,,mourner_hideout_slave_guard,0,813 1205 1206 1207 1208,true
1118,Man,dskin_w_ardoungecitizen1,0,808 819 820 821 822,true
1119,Woman,dskin_w_ardoungecitizen2,0,808 819 820 821 822,true
1120,Dominic Onion,nzone_host,0,4424,false
1126,Barrelchest (hard),nzone_brain_barrel_chest_hard,1357,5893 5892,true
1127,Giant Scarab (hard),nzone_contact_scarab_boss_hard,1279,5455 5454,true
1128,Dessous (hard),nzone_blooddiamond_vampirewarrior_hard,0,808 819 820 821 822,true
1129,Kamil (hard),nzone_icediamond_icewarrior_hard,0,842 841,true
1130,Woman,w_ardoungecitizenlady1,0,808 819 820 821 822,true
1131,Woman,dskin_w_ardoungecitizenlady1,0,808 819 820 821 822,true
1132,Child,w_ardoungechild1,2402,2331 12042,true
1133,Child,dskin_w_ardoungechild1,2402,2331 12042,true
1134,Damis (hard),nzone_fd_damis_normal_hard,0,808 819 820 821 822,true
1135,Damis (hard),nzone_fd_damis_tougher_hard,0,808 819 820 821 822,true
1136,,mourner_slave_pickaxe,0,1728 819 820 821 822,true
1137,Priest,w_ardoungepriest,0,808 819 820 821 822,true
1138,Man,w_ardougnecitizen6,0,808 819 820 821 822,true
1139,Woman,dskin_w_ardoungecitizenlady3,0,808 819 820 821 822,true
1140,Woman,dskin_w_ardoungecitizenlady4,0,808 819 820 821 822,true
1141,Woman,w_ardoungecitizenlady2,0,808 819 820 821 822,true
1142,Woman,w_ardoungecitizenlady4,0,808 819 820 821 822,true
1143,,mourner_slave_spade,0,830 819 820 821 822,true
1144,Paladin,ardougne_paladin2,0,808 819 820 821 822,true
1145,Jerico,jerico,0,808 819 820 821 822,true
1146,Chemist,chemist,0,808 819 820 821 822,true
1147,Guard,bioguard1,0,813 1205 1206 1207 1208,true
1148,,mourner_slave_no_tools,0,808 819 820 821 822,true
1149,,sote_seren_forgotten,1881,8372,true
1150,,elena_prison,0,808 819 820 821 822,true
1151,,elena_basement,0,808 819 820 821 822,true
1152,Nurse Sarah,bionurse,0,808 819 820 821 822,true
1153,Ogre,lathastrainingogre,321,357 358,true
1154,Shark,zep_shark_1,335,10,true
1155,Shark,zep_shark_2,335,10,true
1156,Shark,zep_shark_3,335,10,true
1157,Archer,archeradventurerpg,0,808 819 820 821 822,true
1158,Warrior,warrioradventurerpg,0,808 819 820 821 822,true
1159,Monk,monkadventurerpg,0,808 819 820 821 822,true
1160,Wizard,wizardadventuterpg,0,813 819 820 821 822,true
1162,Shamus,zanarisleprechaun,2402,2331 12042,true
1163,Tree spirit,tree_spirit,1289,5530 5531,true
1164,Cave monk,cave_monk,0,808 819 820 821 822,true
1165,Monk of Entrana,shipmonk,0,808 819 820 821 822,true
1166,Monk of Entrana,shipmonk1_b,0,808 819 820 821 822,true
1167,Monk of Entrana,shipmonk1_c,0,813 1146 820 821 822,true
1168,Monk of Entrana,shipmonk2,0,808 819 820 821 822,true
1169,Monk of Entrana,shipmonk2_b,0,808 819 820 821 822,true
1170,Monk of Entrana,shipmonk2_c,0,813 1205 1206 1207 1208,true
1171,Monk,paranoid_check_monk,0,808 819 820 821 822,true
1173,Chicken,chicken,1255,5386 5385,true
1174,Chicken,chicken_brown,1255,5386 5385,true
1175,Rooster,rooster,1255,5386 5385,true
1176,Li'l lamb,lamb1,1247,5339 5340,true
1177,Lamb,lamb2,1247,5339 5340,true
1178,Sheep,sheepsheered,1247,5339 5340,true
1179,Lumbridge Guide,hundred_guide,0,3396,true
1181,Lumbridge Guide,hundred_guide_frozen_base,0,3362,true
1182,? ? ? ?,100guide_twocats_unferth_bald,0,808 819 820 821 822,false
1183,? ? ? ?,100guide_gertrude,0,808 819 820 821 822,false
1184,? ? ? ?,100guide_kinglathas,0,808 819 820 821 822,false
1185,? ? ? ?,100guide_deal_pete,0,808 819 820 821 822,false
1186,? ? ? ?,100guide_roving_bowyer,0,808 819 820 821 822,true
1187,? ? ? ?,100guide_hetty,0,808 819 820 821 822,false
1188,? ? ? ?,100guide_gronigen,0,808 819 820 821 822,true
1189,? ? ? ?,100guide_feud_ali_m,0,808 819 820 821 822,false
1190,? ? ? ?,100guide_ahoy_velorina,0,808 819 820 821 822,false
1191,? ? ? ?,100guide_reldo_normal,0,808 819 820 821 822,false
1192,General Wartface,hundred_goblin_1,1415,3387,false
1193,General Bentnoze,hundred_goblin_2,1415,3391,false
1195,General Wartface,hundred_goblin_1_frozen_base,1415,3385,false
1197,General Bentnoze,hundred_goblin_2_frozen_base,1415,3389,false
1198,,arena_guard_family,0,808 819 820 821 822,true
1199,Claus the Chef,claus_carnillean,0,808 819 820 821 822,true
1200,,general_khazard_arena,2094,9874 9875 9876,true
1201,Philipe Carnillean,philipe_carnillean,2402,2331 12042,true
1202,Henryeta Carnillean,carnillean_wife,0,808 819 820 821 822,true
1203,,lady_servil,0,808 819 820 821 822,true
1204,,sammy_servil,2402,2331 12042,true
1205,Hazeel,hazeel,2094,9865 9866 9867,false
1206,,justin_servil,0,808 819 820 821 822,true
1207,Hazeel Cultist,hazeel_cultist,0,813 1205 1206 1207 1208,true
1208,Khazard Guard,arena_guard1,0,808 819 820 821 822,true
1209,Head Guard,arena_guard2,0,2561 2562,true
1210,Khazard Guard,arena_guard3,0,808 819 820 821 822,true
1211,Khazard Guard,arena_guard4,0,808 819 820 821 822,true
1212,,justin_servil_khazard,0,808 819 820 821 822,true
1213,,sotn_evelot_initial,0,808 819 820 821 822,true
1214,Khazard Barman,khazard_barman,0,808 819 820 821 822,true
1215,Kelvin,fightslave_kelvin,0,808 819 820 821 822,true
1216,Joe,fightslave_joe,0,808 819 820 821 822,true
1217,Slave,fightslave,0,808 819 820 821 822,true
1218,Hengrad,hengrad,0,808 819 820 821 822,true
1219,,sotn_evelot,0,808 819 820 821 822,true
1220,,sotn_hazeel_cultist_entry,0,813 1205 1206 1207 1208,true
1221,,sotn_clivet,0,813 1205 1206 1207 1208,true
1222,,sotn_hazeel_hideout,2094,9865 9866 9867,true
1223,Spectator,arena_spectator,0,808 819 820 821 822,true
1224,Bouncer,arena_bouncer,1491,6580 6582,true
1225,Khazard Ogre,arena_ogre,321,357 358,true
1226,Khazard Scorpion,arena_scorpion,1426,6252 6262,false
1227,Arzinian Avatar of Strength,dwarf_rock_avatar_warrior,481,1838 1839,true
1228,Arzinian Avatar of Strength,dwarf_rock_avatar_warrior_green,481,1838 1839,true
1229,Arzinian Avatar of Strength,dwarf_rock_avatar_warrior_yellow,481,1838 1839,true
1230,Arzinian Avatar of Ranging,dwarf_rock_avatar_archer,481,1838 1839,true
1231,Arzinian Avatar of Ranging,dwarf_rock_avatar_archer_green,481,1838 1839,true
1232,Arzinian Avatar of Ranging,dwarf_rock_avatar_archer_yellow,481,1838 1839,true
1233,Arzinian Avatar of Magic,dwarf_rock_avatar_mage,481,1838 1839,true
1234,Arzinian Avatar of Magic,dwarf_rock_avatar_mage_green,481,1838 1839,true
1235,Arzinian Avatar of Magic,dwarf_rock_avatar_mage_yellow,481,1838 1839,true
1236,Arzinian Being of Bordanzan,dwarf_rock_actual_demon,481,1838 1839,true
1237,Saboteur,eyeglo_invisible_glough,2402,1412 12042,true
1238,Gnome shop keeper,eyeglo_antiques_dealer,2402,2331 12042,false
1239,,eyeglo_fluffie_1,1054,4472 4473,true
1242,,eyeglo_fluffie_2,1054,4472 4473,true
1245,,eyeglo_fluffie_3,1054,4472 4473,true
1248,,eyeglo_fluffie_4,1054,4472 4473,true
1251,,eyeglo_fluffie_5,1054,4472 4473,true
1254,,eyeglo_fluffie_6,1054,4472 4473,true
1257,fluffie,eyeglo_fluffie,1054,4472 4473,false
1258,fluffie,eyeglo_fluffie_revealed,1054,4472 4473,false
1259,Odd Old Man,rag_odd_old_man,0,1740 1739,true
1260,Fortunato,rag_wine_merchant,0,808 819 820 821 822,true
1261,Ram,ramsheered,1247,5339 5340,true
1262,Ram,ramunsheered,1247,5335 5334,true
1263,Ram,ramunsheered2,1247,5335 5334,true
1264,Ram,ramunsheered3,1247,5335 5334,true
1265,Ram,ramunsheeredshaggy,1247,5345 5344,true
1266,Bones,talking_sack,612,3840,false
1267,Vulture,rag_vulture,573,2017 2016,true
1268,Vulture,rag_vulture_flying,573,2024,true
1272,Gardener Ghost,fenk_gardener,0,808 819 820 821 822,true
1273,Experiment,fenk_experiment_1,515,1625 1624,true
1274,Experiment,fenk_experiment_2,181,1614 1615,true
1275,Experiment,fenk_experiment_3,182,1609 1610,true
1276,Loar Shadow,shadeshadow_level1,651,1290 1289,true
1277,Loar Shade,shade_level1,649,1282 1281,true
1278,Shade Spirit,shade_heaven,649,1308,true
1279,Phrin Shadow,shadeshadow_level2,651,1290 1289,true
1280,Phrin Shade,shade_level2,649,1282 1281,true
1281,Riyl Shadow,shadeshadow_level3,651,1290 1289,true
1282,Riyl Shade,shade_level3,649,1282 1281,true
1283,Asyn Shadow,shadeshadow_level4,651,1290 1289,true
1284,Asyn Shade,shade_level4,649,1282 1281,true
1285,Fiyr Shadow,shadeshadow_level5,651,1290 1289,true
1286,Fiyr Shade,shade_level5,649,1282 1281,true
1287,Afflicted(Ulsquire),ulsquire_shauncy_afflicted,0,808 1306,true
1288,Ulsquire Shauncy,ulsquire_shauncy,0,808 819,true
1289,Afflicted(Razmire),razmire_keelgan_afflicted,0,808 1306,true
1290,Razmire Keelgan,razmire_keelgan,0,808 819,true
1291,Mort'ton Local,mort_man,0,808 819,true
1292,Mort'ton Local,mort_woman,0,808 819,true
1293,Afflicted,mort_afflicted_man,0,808 1306,true
1294,Afflicted,mort_afflicted_woman,0,808 1306,true
1295,Mort'ton local,mort_man2,0,808 819,true
1296,Mort'ton local,mort_woman2,0,808 819,true
1297,Afflicted,mort_afflicted_man2,0,808 1306,true
1298,Afflicted,mort_afflicted_woman2,0,808 1306,true
1299,Sheep,sheepsheeredg,1247,5339 5340,true
1300,Sheep,sheepsheeredw,1247,5339 5340,true
1301,Sheep,sheepsheered2,1247,5339 5340,true
1302,Sheep,sheepsheered2g,1247,5339 5340,true
1303,Sheep,sheepsheered2w,1247,5339 5340,true
1304,Sheep,sheepsheered3,1247,5339 5340,true
1305,Hairdresser,hairdresser,0,808 819 820 821 822,true
1306,Makeover Mage,makeover_mage,0,813 1205 1206 1207 1208,true
1307,Makeover Mage,makeover_mage_female,0,813 1205 1206 1207 1208,true
1308,Sheep,sheepsheered3g,1247,5339 5340,true
1309,Sheep,sheepsheered3w,1247,5339 5340,true
1310,Bartender,jollyboar_bartender,0,808 819 820 821 822,true
1311,Bartender,donkey_bartender,0,808 819 820 821 822,true
1312,Bartender,bluemoon_bartender,0,808 819 820 821 822,true
1313,Bartender,rustyanchor_bartender,0,808 819 820 821 822,true
1314,Bartender,deadmans_bartender,0,808 819 820 821 822,true
1315,Emily,risingsun_barmaid,0,808 819 820 821 822,true
1316,Kaylee,risingsun_barmaid2,0,808 819 820 821 822,true
1317,Tina,risingsun_barmaid3,0,808 819 820 821 822,true
1318,Bartender,foresters_bartender,0,808 819 820 821 822,true
1319,Bartender,flyinghorse_bartender,0,808 819 820 821 822,true
1320,Bartender,dragon_bartender,0,808 819 820 821 822,true
1321,,magic_carpet_seller6,0,808 819 820 821 822,true
1322,,magic_carpet_seller7,0,808 819 820 821 822,true
1323,Tarquin,canoeing_tarquin,0,808,true
1324,Sigurd,canoeing_sigurd,0,808 819 820 821 822,true
1325,Hari,canoeing_hari,0,808 819 820 821 822,true
1326,Barfy Bill,canoeing_bill,0,808 819 820 821 822,true
1327,Tyras guard,sailing_transport_tyras_guard,0,813 1205 1206 1207 1208,true
1328,,sailing_transport_trader_stan,0,808 819 820 821 822,true
1329,,sailing_transport_trader_stan_crew_man1,0,808 819 820 821 822,true
1330,,sailing_transport_trader_stan_crew_man2,0,808 819 820 821 822,true
1331,,sailing_transport_trader_stan_crew_man3,0,808 819 820 821 822,true
1332,,sailing_transport_trader_stan_crew_woman1,0,808 819 820 821 822,true
1333,,sailing_transport_trader_stan_crew_woman2,0,808 819 820 821 822,true
1334,,sailing_transport_trader_stan_crew_woman3,0,808 819 820 821 822,true
1335,Jack Seagull,sarim_pub_drinker_1,0,1322 1323 1324 1325 1326,true
1336,Longbow Ben,sarim_pub_drinker_2,0,1322 1323 1324 1325 1326,true
1337,Ahab,sarim_pub_sitting_patron,0,1137 1323 1324 1325 1326,true
1338,Seagull,sarim_seagull_pier,1539,6815 6819,true
1339,Seagull,sarim_seagull_pier_big,1539,6815 6819,true
1340,Matthias,hunting_npc_falconer,0,5160 5164,true
1341,Matthias,hunting_npc_falconer_nobird,0,5160 5164,true
1342,Gyr Falcon,hunting_falcon_onspeedy,1238,5202 5284,true
1343,Gyr Falcon,hunting_falcon_onspeedy2,1238,5202 5284,true
1344,Gyr Falcon,hunting_falcon_onsilent,1238,5202 5284,true
1345,Gyr Falcon,hunting_falcon_on_perch,1238,5203 5284,true
1346,Prickly kebbit,huntingbeast_spiky,1208,5273 5272,true
1347,Sabre-toothed kebbit,huntingbeast_sabreteeth,1208,5273 5272,true
1348,Barb-tailed kebbit,huntingbeast_barbedtail,1208,5273 5272,true
1349,Wild kebbit,huntingbeast_claws,1208,5273 5272,true
1350,Artimeus,hunting_shop_owner_nardah,0,808 819 820 821 822,true
1351,Seth Groats,favour_seth_groats,0,808 819 820 821 822,true
1352,Tassie Slipcast,favour_tassie_slipcast,0,808 819 820 821 822,true
1353,Hammerspike Stoutbeard,favour_hammerspike_stoutbeard,297,101 98,true
1354,Dwarf gang member,favour_gangster_dwarf,297,101 98,true
1355,Dwarf gang member,favour_gangster_dwarf_2,297,101 98,true
1356,Dwarf gang member,favour_gangster_dwarf_3,297,101 98,true
1357,Phantuwti Fanstuwi Farsight,favour_phantuwti_farsight,0,808 819 820 821 822,true
1358,Tindel Marchant,tindel_marchant,0,808 819 820 821 822,true
1359,,gnormadium_avlafrim,2402,2331 12042,true
1360,Petra Fiyed,favour_petra,0,808 819 820 821 822,true
1361,Jimmy the Chisel,favour_jimmy,0,808 819 820 821 822,true
1362,Slagilith,slagilith,609,1749 1748,true
1363,Rock pile,slagilith_hybernate,609,1754,true
1364,Slagilith,slagilith_birth,609,1753,true
1365,Fire elemental,elemental_fire,487,1027 1028,true
1366,Earth elemental,elemental_earth,1130,4866 4867,true
1367,Earth elemental,elem1_qip_earth_elemental_rock_version,1130,4866 4867,true
1368,Elemental rock,elem1_qip_earth_elemental_rock_version_rock,1130,4864,true
1369,Air elemental,elemental_air,485,1039,true
1370,Water elemental,elemental_water,488,1045 1047,true
1371,Guard,mdaughter_rockslide_guard,0,808 819 820 821 822,true
1372,Guard,mdaughter_ancientrock_guard,0,808 819 820 821 822,true
1373,Hamal the Chieftain,mdaughter_hamal,0,808 819 820 821 822,true
1374,Ragnar,mdaughter_ragnar,0,808 819 820 821 822,true
1375,Svidi,mdaughter_svidi,0,808 819 820 821 822,true
1376,Jokul,mdaughter_jokul,0,808 819 820 821 822,true
1377,The Kendal,mdaughter_bearman,581,1756 1757,true
1378,The Kendal,mdaughter_bearman_fighter,581,1756 1757,true
1379,Camp dweller,mdaughter_camp_male1,0,808 819 820 821 822,true
1380,Camp dweller,mdaughter_camp_male2,0,808 819 820 821 822,true
1381,Camp dweller,mdaughter_camp_female1,0,808 819 820 821 822,true
1382,Camp dweller,mdaughter_camp_female2,0,808 819 820 821 822,true
1383,Camp dweller,mdaughter_camp_female3,0,808 819 820 821 822,true
1384,Mountain Goat,mdaughter_goat,1247,5339 5340,false
1385,Mountain Goat,mdaughter_goat2,1247,5339 5340,false
1386,Mountain Goat,mdaughter_goat3,1247,5339 5340,false
1387,Mountain Goat,mdaughter_goat4,1247,5339 5340,false
1388,Bald Headed Eagle,mdaughter_eagle,793,1773,true
1389,Bernald,bernald,0,808 819 820 821 822,true
1390,Queen Ellamaria,queen_ellamaria,0,2578 819 820 821 822,true
1391,Trolley,garden_trolley_saradomin,672,2571,false
1394,,garden_trolley,672,2571,true
1395,"Billy, a guard of Falador",garden_cutscene_guard_1,0,808 819 820 821 822,true
1396,"Bob, another guard of Falador",garden_cutscene_guard_2,0,808 819 820 821 822,true
1397,Brother Althric,brother_althric,0,808 819 820 821 822,true
1398,PKMaster0036,garden_cutscene_aggressor,0,808 819 820 821 822,true
1399,King Roald,king_roald_cutscene,0,808 819 820 821 822,true
1400,Nulodion,nulodion,297,101 98,true
1401,Dwarf,fai_dwarf_worker_01,297,101 98,true
1402,Dwarf,fai_dwarf_worker_02,297,101 98,true
1403,Dwarf,fai_dwarf_worker_03,297,101 98,true
1404,Dwarf,fai_dwarf_worker_04,297,101 98,true
1405,Dwarf,fai_dwarf_worker_05,297,101 98,true
1406,Dwarf,fai_dwarf_worker_06,297,101 98,true
1407,Dwarf,fai_dwarf_worker_07,297,101 98,true
1408,Dwarf,fai_dwarf_worker_08,297,101 98,true
1409,Black Guard,fai_black_guard_01,297,101 98,true
1410,Black Guard,fai_black_guard_02,297,101 98,true
1411,Black Guard,fai_black_guard_03,297,101 98,true
1412,Black Guard,fai_black_guard_04,297,101 98,true
1413,Engineering assistant,fai_dwarf_worker_patrol_01,297,3208 3207,true
1414,Engineering assistant,fai_dwarf_worker_patrol_02,297,3208 3207,true
1415,Engineer,fai_dwarf_worker_hammer,297,101 98,true
1416,Squirrel,fai_squirrel_01,325,3211 3210,true
1417,Squirrel,fai_squirrel_02,325,3212 3210,true
1418,Squirrel,fai_squirrel_03,325,3212 3210,true
1419,Raccoon,fai_racoon_01,330,3213 3214,true
1420,Raccoon,fai_racoon_02,330,3216 3214,true
1421,Raccoon,fai_racoon_03,330,3215 3214,true
1422,Hazelmere,grandtree_hazelmere,2402,2331 12042,true
1423,,grandtree_narnode,2402,2331 12042,true
1424,,grandtree_glough,2402,2331 12042,true
1425,Glough,grandtree_glough_battle,2402,2331 12042,true
1426,,grandtree_glough_sabateur,2402,2331 12042,true
1427,,wyvern_cave_guardian,0,808 819 820 821 822,true
1428,Charlie,grandtree_charlie,0,808 819 820 821 822,true
1429,Foreman,grandtree_foreman,0,808 819 820 821 822,true
1430,Shipyard worker,grandtree_shipyardguard,0,808 819 820 821 822,true
1431,Femi,grandtree_femi,2402,2331 12042,true
1432,Black demon,grandtree_blackdemon,1078,66 63,true
1433,Gnome guard,grandtree_spawnedguard,2402,2331 12042,true
1434,Garkor,mm_garkor_final_battle,2402,2331 12042,true
1435,Lumo,mm_lumo_final_battle,2402,2331 12042,true
1436,Bunkdo,mm_bunkdo_final_battle,2402,2331 12042,true
1437,Carado,mm_carado_final_battle,2402,2331 12042,true
1438,Lumdo,mm_lumdo_final_battle,2402,2331 12042,true
1439,Karam,mm_karam_final_battle,2402,1412 12042,true
1440,Bunkwicket,mm_bunkwicket_final_battle,2402,2331 12042,true
1441,Waymottin,mm_waymottin_final_battle,2402,2331 12042,true
1442,Zooknock,mm_zooknock_final_battle,2402,2331 12042,true
1443,Jungle Demon,mm_demon,1078,66 63,true
1444,Daero,mm_daero_1op,2402,2331 12042,true
1445,Daero,mm_daero_2ops,2402,2331 12042,true
1446,Waydar,mm_waydar_2ops,2402,2331 12042,true
1447,Pirate,jail_pirate,0,2701 819 820 821 822,true
1448,Thief,jail_thief,0,2702 819 820 821 822,true
1449,,mm2_kruk_noncombat_multi,588,1386 1385,true
1450,,mm2_monkey_boat_guard_multi,588,1386 1380,true
1451,,mm2_keef_multi,321,357 358,true
1452,,mm2_kob_multi,461,927 1141,true
1453,Lumdo,mm_lumdo_1op,2402,2331 12042,true
1454,Lumdo,mm_lumdo_2ops,2402,2331 12042,true
1455,,mm2_nieve_waiting,0,813 1205 1206 1207 1208,true
1456,,mm2_garkor_breach_multi,2402,2331 12042,true
1457,,mm2_lumo_breach_multi,2402,2331 12042,true
1458,,mm2_zooknock_postboss_multi,2402,2331 12042,true
1459,,mm2_carado_postboss_multi,2402,2331 12042,true
1460,G.L.O. Caranock,mm_caranock,2402,2331 12042,true
1461,Mugger,jail_mugger,0,2701 819 820 821 822,true
1462,Small ninja monkey,mm_transmogrification_small_ninja_monkey,588,1386 1380,true
1463,Medium ninja monkey,mm_transmogrification_medium_ninja_monkey,588,1386 1380,true
1464,Gorilla,mm_transmogrification_normal_gorilla,587,1401 1399,true
1465,Bearded gorilla,mm_transmogrification_bearded_gorilla,587,1401 1399,true
1466,Ancient monkey,mm_transmogrification_ancient_monkey,587,1401 1399,true
1467,Small zombie monkey,mm_transmogrification_small_zombie_monkey,588,1386 1382,true
1468,Large zombie monkey,mm_transmogrification_large_zombie_monkey,588,1386 1382,true
1469,Monkey,mm_transmogrification_normal_monkey,320,222 219,true
1470,,rantz,321,357 358,true
1471,Fycie,fycie,321,357 358,true
1472,Bugs,bugs,321,357 358,true
1473,Swamp toad,toad,380,1018 1021,true
1474,Bloated Toad,bloated_toad,380,1020,true
1475,Chompy bird,chompybird,1536,6764 6765,true
1476,Chompy bird,chompybird_dead,1536,6768,true
1477,Eudav,mourning_stores_man,0,808 819 820 821 822,true
1478,Oronwen,mourning_seamstress,0,808 819 820 821 822,true
1479,Banker,mourning_elf_bankerm,0,808,false
1480,Banker,mourning_elf_bankerf,0,808,true
1481,Dalldav,mourning_bow_seller,0,808 819 820 821 822,true
1482,Gethin,mourning_elven_cook,0,808 819 820 821 822,true
1483,Nickolaus,eaglepeak_nickolaus_crawl,0,845 844,true
1487,Desert eagle,eaglepeak_eagle_todesert,1207,5280 5279,true
1488,Jungle eagle,eaglepeak_eagle_tojungle,1207,5280 5279,true
1489,Polar eagle,eaglepeak_eagle_topolar,1207,5280 5279,true
1490,Eagle,eaglepeak_eagle_guard,1207,5280 5279,true
1491,,eaglepeak_eagle_desert,1207,5280 5279,true
1492,,eaglepeak_eagle_jungle,1207,5280 5279,true
1493,,eaglepeak_eagle_polar,1207,5280 5279,true
1494,Kebbit,eaglepeak_uber_kebbit,1246,5302 5301,true
1495,Charlie,eaglepeak_zookeeper_charlie,0,808 819 820 821 822,true
1496,Boulder,eaglepeak_desert_boulder,1244,5310 5309,true
1497,Fishing spot,0_49_149_cavefish,31,2126,true
1498,Fishing spot,0_50_149_cavefish,31,2126,true
1499,Fishing spot,0_42_81_cavefish_east,31,2126,true
1500,Fishing spot,0_42_81_cavefish_west,31,2126,true
1501,Aleck,hunting_shop_owner_yanille,0,808 819 820 821 822,false
1502,Leon,hunting_weapon_designer,0,808 819 820 821 822,true
1503,Hunting expert,hunting_polar_information,0,808 819 820 821 822,true
1504,Hunting expert,hunting_jungle_information,0,808 819 820 821 822,true
1505,Ferret,hunting_ferret,1205,5188 5187,true
1506,Rod Fishing spot,0_37_53_freshfish,1701,7634,false
1507,Rod Fishing spot,0_38_49_freshfish,1701,7634,false
1508,Rod Fishing spot,0_39_53_freshfish,1701,7634,false
1509,Rod Fishing spot,0_40_52_freshfish,1701,7634,false
1510,Fishing spot,0_40_53_rarefish,1701,7634,false
1511,Fishing spot,0_40_53_memberfish,1701,7634,false
1512,Rod Fishing spot,0_41_73_freshfish,1701,7634,false
1513,Rod Fishing spot,0_42_55_freshfish,1701,7634,false
1514,Fishing spot,0_43_51_saltfish,1701,7634,false
1515,Rod Fishing spot,0_44_46_freshfish,1701,7634,false
1516,Rod Fishing spot,0_44_52_freshfish,1701,7634,false
1517,Fishing spot,0_44_52_saltfish,1701,7634,false
1518,Fishing spot,0_44_53_saltfish,1701,7634,false
1519,Fishing spot,0_44_53_rarefish,1701,7634,false
1520,Fishing spot,0_44_53_memberfish,1701,7634,false
1521,Fishing spot,0_45_49_saltfish,1701,7634,false
1522,Fishing spot,0_45_49_rarefish,1701,7634,false
1523,Fishing spot,0_46_49_saltfish,1701,7634,false
1524,Fishing spot,0_47_57_saltfish,1701,7634,false
1525,Fishing spot,0_48_50_saltfish,1701,7634,false
1526,Rod Fishing spot,0_48_53_freshfish,1701,7634,false
1527,Rod Fishing spot,0_50_50_freshfish,1701,7634,false
1528,Fishing spot,0_51_49_saltfish,1701,7634,false
1529,Rod Fishing spot,0_52_149_freshfish,1701,7634,false
1530,Fishing spot,0_50_49_saltfish,1701,7634,false
1531,Rod Fishing spot,freshfish,1701,7634,false
1532,Fishing spot,saltfish,1701,7634,false
1533,Fishing spot,rarefish,1701,7634,false
1534,Fishing spot,memberfish,1701,7634,false
1535,Fishing spot,52_59_crabs,1701,7634,false
1536,Fishing spot,49_61_crabs,1701,7634,false
1537,Skeleton hero,brut_skeleton1,0,2065 2064,true
1538,Skeleton brute,brut_skeleton2,0,808 819 820 821 822,true
1539,Skeleton warlord,brut_skeleton3,0,2065 2064,true
1540,Skeleton heavy,brut_skeleton5,0,2561 2562,true
1541,Skeleton thug,brut_skeleton6,0,808 819 820 821 822,true
1542,Fishing spot,0_39_54_brut_fishing_spot,1701,7634,false
1543,Gargoyle,slayer_cave_gargoyle,805,1516 1515,false
1544,Fishing spot,0_39_55_saltfish,1701,7634,false
1545,Black knight,jail_black_knight,0,808 819 820 821 822,true
1546,Guard,jail_guard_1,0,808 819 820 821 822,true
1547,Guard,jail_guard_2,0,808 819 820 821 822,true
1548,Guard,jail_guard_3,0,808 819 820 821 822,true
1549,Guard,jail_guard_4,0,808 819 820 821 822,true
1550,Guard,jail_guard_5,0,808 819 820 821 822,true
1551,Guard,jail_guard_sleeping,0,2700,false
1552,Guard,jail_guard_lookout,0,808 819 820 821 822,true
1553,Crab,crab_1,539,1310 1311,true
1554,Chartin' Charles McAtless,sailing_charting_tutor_2op,0,808 819 820 821 822,true
1555,Luke,sailing_shipyard_worker_10,0,808 819 820 821 822,true
1556,Fire wizard,fire_wizard,0,813 1205 1206 1207 1208,true
1557,Water wizard,water_wizard,0,813 1205 1206 1207 1208,true
1558,Earth wizard,earth_wizard,0,813 1205 1206 1207 1208,true
1559,Air wizard,air_wizard,0,813 1205 1206 1207 1208,true
1560,Ordan,smithing_guild_ore_seller,297,101 98,true
1561,Jorzik,smithing_guild_buyer,297,101 98,true
1562,Smiddi Ryak (hard),templetrek_child_hard,2402,2331 12042,true
1563,Rolayne Twickit (hard),templetrek_oldman_hard,0,808 1146,true
1564,Jayene Kliyn (medium),templetrek_woman_med,0,808 819 820 821 822,true
1565,Valantay Eppel (medium),templetrek_man_med,0,808 819 820 821 822,true
1566,Dalcian Fang (easy),templetrek_retired_man_easy,0,813 1146 820 821 822,true
1567,Fyiona Fray (easy),templetrek_retired_soldier_easy,0,808 819 820 821 822,true
1568,Abidor Crank,templetrek_good_samaritan,0,813 1146 820 821 822,true
1569,Benjamin,trek_turned_vampyre_male_ben,0,808 819 820 821 822,true
1570,Liam,trek_turned_vampyre_male_liam,0,808 819 820 821 822,true
1571,Miala,trek_turned_vampyre_male_miala,0,808 819 820 821 822,true
1572,Verak,trek_turned_vampyre_male_verak,0,808 819 820 821 822,true
1573,Forester (hard),ramble_hard_ranger,0,808 819 820 821 822,true
1574,Woman-at-arms (hard),ramble_hard_fighter,0,808 819 820 821 822,true
1575,Apprentice (medium),ramble_med_mage,0,813 1205 1206 1207 1208,true
1576,Ranger (medium),ramble_med_ranger,0,808 819 820 821 822,true
1577,Adventurer (easy),ramble_easy_fighter,0,2561 2562,true
1578,Mage (easy),ramble_easy_mage,0,813 1205 1206 1207 1208,true
1579,Hiylik Myna,ramble_priest,0,808 819 820 821 822,true
1600,Gundai,magearena_banker,0,808 819 820 821 822,true
1601,Lundail,magearena_runeshop,0,808 819 820 821 822,true
1602,Chamber guardian,magearena_guardian,0,808 819 820 821 822,true
1603,Kolodion,arenamage1,0,808 819 820 821 822,true
1604,Kolodion,arenamage2,0,808 819 820 821 822,true
1605,Kolodion,kolhuman,0,808 819 820 821 822,true
1606,Kolodion,kologre,302,130 127,true
1607,Kolodion,kolspider,1248,5318 5317,true
1608,Kolodion,kolethereal,0,842 841,true
1609,Kolodion,koldemon,1078,66 63,true
1610,Battle mage,zamorak_mage,0,808 819 820 821 822,true
1611,Battle mage,saradomin_mage,0,808 819 820 821 822,true
1612,Battle mage,guthix_mage,2402,2331 12042,true
1613,Banker,banker1,0,808,true
1614,Phials,uncerter_rimmington,0,808 819 820 821 822,true
1615,Banknote Exchange Merchant,uncerter_pollnivneach,0,808 819 820 821 822,true
1616,High Priestess Zul-Harcinqa,snakeboss_highpriest,2402,7086,false
1617,Priestess Zul-Gwenwynig,snakeboss_priest_1op,0,808 819 820 821 822,false
1618,Banker,banker2,0,808,true
1619,Cat,growncat,280,317 314,true
1620,Cat,growncat_light,280,317 314,true
1621,Cat,growncat_brown,280,317 314,true
1622,Cat,growncat_black,280,317 314,true
1623,Cat,growncat_browngrey,280,317 314,true
1624,Cat,growncat_bluegrey,280,317 314,true
1625,Hellcat,growncat_hell,280,317 314,false
1626,Lazy cat,lazycat_light,280,317 314,true
1627,Lazy cat,lazycat,280,317 314,true
1628,Lazy cat,lazycat_brown,280,317 314,true
1629,Lazy cat,lazycat_black,280,317 314,true
1630,Lazy cat,lazycat_browngrey,280,317 314,true
1631,Lazy cat,lazycat_bluegrey,280,317 314,true
1632,Lazy hellcat,lazycat_hell,280,317 314,false
1633,Banker,banker1_west,0,808,true
1634,Banker,banker1_east,0,808,true
1635,Baby impling,ii_impling_type_1,1494,6613 6614,false
1636,Young impling,ii_impling_type_2,1494,6613 6614,false
1637,Gourmet impling,ii_impling_type_3,1494,6613 6614,false
1638,Earth impling,ii_impling_type_4,1494,6613 6614,false
1639,Essence impling,ii_impling_type_5,1494,6613 6614,false
1640,Eclectic impling,ii_impling_type_6,1494,6613 6614,false
1641,Nature impling,ii_impling_type_7,1494,6613 6614,false
1642,Magpie impling,ii_impling_type_8,1494,6613 6614,false
1643,Ninja impling,ii_impling_type_9,1494,6613 6614,false
1644,Dragon impling,ii_impling_type_10,1494,6613 6614,false
1645,Baby impling,ii_impling_type_1_maze,1494,6613 6614,false
1646,Young impling,ii_impling_type_2_maze,1494,6613 6614,false
1647,Gourmet impling,ii_impling_type_3_maze,1494,6613 6614,false
1648,Earth impling,ii_impling_type_4_maze,1494,6613 6614,false
1649,Essence impling,ii_impling_type_5_maze,1494,6613 6614,false
1650,Eclectic impling,ii_impling_type_6_maze,1494,6613 6614,false
1651,Nature impling,ii_impling_type_7_maze,1494,6613 6614,false
1652,Magpie impling,ii_impling_type_8_maze,1494,6613 6614,false
1653,Ninja impling,ii_impling_type_9_maze,1494,6613 6614,false
1654,Dragon impling,ii_impling_type_10_maze,1494,6613 6614,false
1655,Egg launcher,barbassault_turret_top,1192,5424,true
1656,Commander Connad,barbassault_barbarian_commander,0,808 819 820 821 822,true
1657,Captain Cain,barbassault_barbarian_captain,0,808 819 820 821 822,true
1658,Private Paldo,barbassault_barbarian_army_02,0,2065 2064,true
1659,Private Pendron,barbassault_barbarian_army_03,0,2561 2562,true
1660,Private Pierreb,barbassault_barbarian_army_04,0,808 819 820 821 822,true
1661,Private Paldon,barbassault_barbarian_army_05,0,2561 2562,true
1662,Major Attack,barbassault_barbarian_attacker_helper,0,808 819 820 821 822,true
1663,Major Collect,barbassault_barbarian_collector_helper,0,808 819 820 821 822,true
1664,Major Defend,barbassault_barbarian_defender_helper,0,808 819 820 821 822,true
1665,Major Heal,barbassault_barbarian_healer_helper,0,808 819 820 821 822,true
1666,Sergeant Sambur,barbassault_barbarian_quickstart,0,2065 2064,true
1667,Penance Fighter,barbassault_pen_fighter_tutor,1262,5094 5095,false
1668,Penance Ranger,barbassault_pen_ranger_tutor,1267,5393 5394,true
1669,Penance Runner,barbassault_pen_runner_tutor,1268,5099 5100,true
1670,Penance Healer,barbassault_pen_healer_tutor,1263,5104 5107,true
1671,Strange Old Man,barrows_oldman,0,1728 1205 1206 1207 1208,true
1672,Ahrim the Blighted,barrows_ahrim,0,813 1205 1206 1207 1208,true
1673,Dharok the Wretched,barrows_dharok,0,2065 2064,true
1674,Guthan the Infested,barrows_guthan,0,813 1205 1206 1207 1208,true
1675,Karil the Tainted,barrows_karil,0,808 819 820 821 822,false
1676,Torag the Corrupted,barrows_torag,0,808 819 820 821 822,true
1677,Verac the Defiled,barrows_verac,0,2061 2060,true
1678,Bloodworm,barrows_bloodworm,93,2071 2069,true
1679,Crypt rat,barrows_rat,331,242 239,true
1680,Giant crypt rat,barrows_giantrat,1152,4932 4931,true
1681,Giant crypt rat,barrows_giantrat2,1152,4932 4931,true
1682,Giant crypt rat,barrows_giantrat3,1152,4932 4931,true
1683,Crypt spider,barrows_spider,1427,6247 6248,false
1684,Giant crypt spider,barrows_giantspider,1248,5326 5325,true
1685,Skeleton,barrows_skeleton_unarmed,1291,5483 5481,true
1686,Skeleton,barrows_skeleton_unarmed2,1291,5483 5481,true
1687,Skeleton,barrows_skeleton_armed,1291,5483 5481,true
1688,Skeleton,barrows_skeleton_armed2,1291,5483 5481,true
1689,Splatter,pest_splatter_1,136,3886 3887,true
1690,Splatter,pest_splatter_2,136,3886 3887,true
1691,Splatter,pest_splatter_3,136,3886 3887,true
1692,Splatter,pest_splatter_4,136,3886 3887,true
1693,Splatter,pest_splatter_5,136,3886 3887,true
1694,Shifter,pest_shifter_1a,134,3899 3898,true
1695,Shifter,pest_shifter_1b,134,3899 3898,true
1696,Shifter,pest_shifter_2a,134,3899 3898,true
1697,Shifter,pest_shifter_2b,134,3899 3898,true
1698,Shifter,pest_shifter_3a,134,3899 3898,true
1699,Shifter,pest_shifter_3b,134,3899 3898,true
1700,Shifter,pest_shifter_4a,134,3899 3898,true
1701,Shifter,pest_shifter_4b,134,3899 3898,true
1702,Shifter,pest_shifter_5a,134,3899 3898,true
1703,Shifter,pest_shifter_5b,134,3899 3898,true
1704,Ravager,pest_ravager_1,133,3913 3914,true
1705,Ravager,pest_ravager_2,133,3913 3914,true
1706,Ravager,pest_ravager_3,133,3913 3914,true
1707,Ravager,pest_ravager_4,133,3913 3914,true
1708,Ravager,pest_ravager_5,133,3913 3914,true
1709,Spinner,pest_spinner_1,135,3906 3907,true
1710,Spinner,pest_spinner_2,135,3906 3907,true
1711,Spinner,pest_spinner_3,135,3906 3907,true
1712,Spinner,pest_spinner_4,135,3906 3907,true
1713,Spinner,pest_spinner_5,135,3906 3907,true
1714,Torcher,pest_torcher_1a,137,3878 3879,true
1715,Torcher,pest_torcher_1b,137,3878 3879,true
1716,Torcher,pest_torcher_2a,137,3878 3879,true
1717,Torcher,pest_torcher_2b,137,3878 3879,true
1718,Torcher,pest_torcher_3a,137,3878 3879,true
1719,Torcher,pest_torcher_3b,137,3878 3879,true
1720,Torcher,pest_torcher_4a,137,3878 3879,true
1721,Torcher,pest_torcher_4b,137,3878 3879,true
1722,Torcher,pest_torcher_5a,137,3878 3879,true
1723,Torcher,pest_torcher_5b,137,3878 3879,true
1724,Defiler,pest_defiler_1a,132,3918 3919,true
1725,Defiler,pest_defiler_1b,132,3918 3919,true
1726,Defiler,pest_defiler_2a,132,3918 3919,true
1727,Defiler,pest_defiler_2b,132,3918 3919,true
1728,Defiler,pest_defiler_3a,132,3918 3919,true
1729,Defiler,pest_defiler_3b,132,3918 3919,true
1730,Defiler,pest_defiler_4a,132,3918 3919,true
1731,Defiler,pest_defiler_4b,132,3918 3919,true
1732,Defiler,pest_defiler_5a,132,3918 3919,true
1733,Defiler,pest_defiler_5b,132,3918 3919,true
1734,Brawler,pest_brawler_1,131,3893 3892,true
1735,Brawler,pest_brawler_2,131,3893 3892,true
1736,Brawler,pest_brawler_3,131,3893 3892,true
1737,Brawler,pest_brawler_4,131,3893 3892,true
1738,Brawler,pest_brawler_5,131,3893 3892,true
1739,Portal,pest_portal_1_active,129,3933,false
1740,Portal,pest_portal_2_active,129,3936,false
1741,Portal,pest_portal_3_active,129,3928,false
1742,Portal,pest_portal_4_active,129,3928,false
1743,Portal,pest_portal_shield_1_active,129,6879,false
1744,Portal,pest_portal_shield_2_active,129,6880,false
1745,Portal,pest_portal_shield_3_active,129,6878,false
1746,Portal,pest_portal_shield_4_active,129,6878,false
1747,Portal,pest_portal_1_active_bt1,129,3933,false
1748,Portal,pest_portal_2_active_bt1,129,3936,false
1749,Portal,pest_portal_3_active_bt1,129,3928,false
1750,Portal,pest_portal_4_active_bt1,129,3928,false
1751,Portal,pest_portal_shield_1_active_bt1,129,6879,false
1752,Portal,pest_portal_shield_2_active_bt1,129,6880,false
1753,Portal,pest_portal_shield_3_active_bt1,129,6878,false
1754,Portal,pest_portal_shield_4_active_bt1,129,6878,false
1755,Void Knight,pest_voidknight_1,0,813 1205 1206 1207 1208,true
1756,Void Knight,pest_voidknight_2,0,813 1205 1206 1207 1208,true
1757,Void Knight,pest_voidknight_3,0,813 1205 1206 1207 1208,true
1758,Void Knight,pest_voidknight_4,0,813 1205 1206 1207 1208,true
1759,Squire,pest_squire_1,0,813 1205 1206 1207 1208,true
1760,Squire,pest_squire_2,0,813 1205 1206 1207 1208,true
1761,Squire,pest_squire_3,0,813 1205 1206 1207 1208,true
1762,Squire,pest_squire_4,0,813 1205 1206 1207 1208,true
1763,,deadman_banker_pest_north,0,808 819 820 821 822,true
1764,Squire,pest_squire_bank_2,0,808 819 820 821 822,true
1765,Squire,pest_squire_rangeshop,0,808 819 820 821 822,true
1766,Squire,pest_squire_blacksmith,0,808 819 820 821 822,true
1767,Squire,pest_squire_runeshop,0,808 819 820 821 822,true
1768,Squire,pest_squire_storemaster,0,808 819 820 821 822,true
1769,Squire,pest_squire_ship_island,0,813 1205 1206 1207 1208,true
1770,Squire,pest_squire_ship_portsarim,0,813 1205 1206 1207 1208,true
1771,Squire (Novice),pest_squire_lander,0,813 1205 1206 1207 1208,false
1772,Squire (Intermediate),pest_squire_lander_2,0,813 1205 1206 1207 1208,false
1773,Squire (Veteran),pest_squire_lander_3,0,813 1205 1206 1207 1208,false
1774,Uri,trail_easy_uri,0,808 819 820 821 822,true
1775,Uri,trail_medium_uri,0,808 819 820 821 822,true
1776,Uri,trail_hard_uri,0,808 819 820 821 822,true
1777,Double agent,double_agent_1,0,808 819 820 821 822,true
1778,Double agent,double_agent_2,0,808 819 820 821 822,true
1779,Guardian mummy,ntk_mummy_guardian,1286,5558 5557,true
1780,Annoyed guardian mummy,ntk_mummy_guardian_dummy,1286,5558 5557,true
1781,Tarik,ntk_tarik,0,808 819 820 821 822,true
1782,Scarab Swarm,ntk_scarab_swarm,468,1947 1945,true
1783,Malignius Mortifer,elemental_wizard_boss,0,808 819 820 821 822,true
1784,Zombie,unattackable_zombie,1288,5572 5570,true
1785,Skeleton,unattackable_skeleton,1291,5483 5479,true
1786,Ghost,unattackable_ghost,1289,5530 5531,true
1787,Skeleton mage,unattackable_skeleton_mage,1291,5483 5479,true
1788,Betty,sarim_betty,0,808 819 820 821 822,true
1789,Grum,sarim_grum,0,808 819 820 821 822,true
1790,Gerrant,sarim_gerrant,0,813 1205 1206 1207 1208,true
1791,Wydin,sarim_wydin,0,808 819 820 821 822,true
1792,Goat,desert_goat_black1,336,252 249,true
1793,Goat,desert_goat_black2,336,252 249,true
1794,Billy Goat,desert_goat_black3,336,252 249,true
1795,Goat,desert_goat_white1,336,252 249,true
1796,Goat,desert_goat_white2,336,252 249,true
1797,Billy Goat,desert_goat_white3,336,252 249,true
1798,White Knight,white_knight,0,2561 2562,true
1799,White Knight,white_knight_yellow_plumes,0,2561 2562,true
1800,White Knight,white_knight_green_plumes,0,2561 2562,true
1801,Summer Elemental,100_osman_summer_elemental_1,1340,5801 5802,false
1802,Summer Elemental,100_osman_summer_elemental_2,1340,5801 5802,false
1803,Summer Elemental,100_osman_summer_elemental_3,1340,5801 5802,false
1804,Summer Elemental,100_osman_summer_elemental_4,1340,5801 5802,false
1805,Summer Elemental,100_osman_summer_elemental_5,1340,5801 5802,false
1806,Summer Elemental,100_osman_summer_elemental_6,1340,5801 5802,false
1807,Sorceress,arabian_sorceress,0,808 819 820 821 822,true
1808,Apprentice,arabian_sorceress_apprentice,0,5800 5799,true
1809,Osman,hundred_osman,0,3396,true
1810,Osman,hundred_osman_frozen,0,3396,true
1811,Osman,hundred_osman_frozen_base,0,3359,true
1812,,100_osman_leaves,1100,4753 4754,true
1813,Del-Monty,100_osman_cat,280,317 314,true
1814,San Fan,san_fan,0,808 819 820 821 822,true
1815,Fancy Dan,fancy_dan,0,808 819 820 821 822,true
1816,Honest Jimmy,honest_jimmy,0,4257 4256,false
1817,Monkey,brew_monkey,320,222 219,true
1825,Blue Monkey,brew_blue_monkey,588,1386 1380,true
1826,Red Monkey,brew_red_monkey,588,1386 1380,true
1827,Parrot,game_brew_blue_parrot_helper,981,4259,false
1828,Parrot,game_brew_red_parrot_helper,981,4259,false
1829,White Knight,white_knight_blue_plumes,0,2561 2562,true
1830,Shark,shark,335,10,true
1831,Swan,swan,343,3242 3241,true
1832,Black swan,black_swan,343,3242 3241,true
1833,Bandit shopkeeper,dt_bandit_shopkeeper,0,808 819 820 821 822,true
1834,Gorak,fairytale2_gorak,1001,4299 4298,true
1835,Cosmic Being,fairytale2_cosmic_entity,1000,4303 4304,false
1836,,shootingstar_cosmic_entity_npc,832,663,false
1837,,shootingstar_cosmic_entity_npc2,832,663,false
1838,Duck,duck,1539,6818 6817,true
1839,Duck,duck_female,1539,6818 6817,true
1841,Fairy Nuff,fairy_nuff2,299,112 106,false
1842,Fairy Queen,fairy_queen2,299,112 106,false
1843,Centaur,fairy2_centaur_male,1564,4311 4310,false
1844,Centaur,fairy2_centaur_female,1564,4311 4310,false
1845,Stag,fairy2_stag,1472,6374 6373,false
1846,Wood Dryad,fairy2_dryad,0,808 819 820 821 822,true
1847,Fairy Very Wise,fairy2_advisor,299,112 106,false
1848,Fairy,fairy2_bandages,299,112 106,false
1849,Fairy,fairy2_broken_leg,299,112 106,false
1850,Fairy,fairy2_sling_arm,299,112 106,false
1851,Fairy,fairy2_no_arm,299,112 106,false
1852,Rabbit,fairy2_rabbit1,1395,6089 6088,true
1853,Rabbit,fairy2_rabbit2,1395,6089 6088,true
1854,Butterfly,fairy2_butterfly1,278,362,false
1855,Butterfly,fairy2_butterfly2,278,362,false
1856,Starflower,fairy2_starflower_seed,998,4314,true
1857,Starflower,fairy2_starflower_fullgrown,998,4315,true
1858,,fairyliquid_multi2,299,112 106,true
1859,,fairyqueen_multi3,299,112 106,true
1860,,fairy2_repair,299,112 106,true
1861,Tree spirit,fairy2_dryhadguardian_1,295,96 93,false
1862,Tree spirit,fairy2_dryhadguardian_2,295,96 93,false
1863,Tree spirit,fairy2_dryhadguardian_3,295,96 93,false
1864,Tree spirit,fairy2_dryhadguardian_4,295,96 93,false
1865,Tree spirit,fairy2_dryhadguardian_5,295,96 93,false
1866,Tree spirit,fairy2_dryhadguardian_6,295,96 93,false
1867,Sir Amik Varze,hundred_varze,0,3396,true
1869,Sir Amik Varze,hundred_varze_frozen_base,0,3371,true
1870,Evil Chicken,chickenquest_evil_chicken,332,2298 2297,true
1871,Baby black dragon,chickenquest_baby_black_dragon,1080,27 21,true
1872,Baby black dragon,baby_black_dragon_strongholdcave,1080,27 21,true
1873,K'klik,chickenquest_fairy_dragon,567,3346,true
1874,Ice troll runt,fris_baby_troll,461,286 283,true
1875,Ice troll male,fris_trollm,461,286 283,true
1876,Ice troll female,fris_trollf,461,286 283,true
1877,Ice troll grunt,fris_troll_bodyguard,461,286 283,true
1878,Mawnis Burowgar,fris_r_burgher_crown,0,808 819 820 821 822,true
1879,Mawnis Burowgar,fris_r_burgher_nocrown,0,808 819 820 821 822,true
1880,Fridleif Shieldson,fris_r_gaurdcaptain,0,808 819 820 821 822,true
1881,Thakkrad Sigmundson,fris_r_engineer,0,808 819 820 821 822,true
1882,Maria Gunnars,fris_r_ferry_iznot,0,808 819 820 821 822,true
1883,Maria Gunnars,fris_r_ferry_rellikka,0,808 819 820 821 822,true
1884,Jofridr Mordstatter,frisb_n_sto,0,808 819 820 821 822,true
1885,Morten Holdstrom,frisb_n_pesant_m2,0,808 819 820 821 822,true
1886,Gunnar Holdstrom,frisb_n_pesant_m,0,808 819 820 821 822,true
1887,Anne Isaakson,frisb_n_pesant_f,0,808 819 820 821 822,true
1888,Lisse Isaakson,frisb_n_pesant_f2,0,808 819 820 821 822,true
1889,Honour guard,frisb_n_brg_grd_inside,0,813 819 820 821 822,true
1890,Honour guard,frisb_n_brg_grd_outside,0,808 819 820 821 822,true
1891,Honour guard,frisb_n_brg_grd_troll,0,808 819 820 821 822,true
1892,Honour guard,frisb_n_brg_grd_troll_cave,0,808 819 820 821 822,true
1893,Kjedelig Uppsen,frisb_bouncer_1,0,813 819 820 821 822,true
1894,Trogen Konungarde,frisb_bouncer_2,0,813 819 820 821 822,true
1895,Slug Hemligssen,fris_spymaster,0,808 819 820 821 822,true
1896,Candle seller,swamp_candle_guy,0,808 819 820 821 822,true
1897,King Gjuki Sorvott IV,fris_r_king,0,808 819 820 821 822,true
1898,HRH Hrafn,fris_r_kingscat,280,317 314,true
1899,Thorkel Silkbeard,fris_r_chancellor,0,808 819 820 821 822,true
1900,Mord Gunnars,fris_r_ferryman_rellekka,0,808 819 820 821 822,true
1901,Art Critic Jacques,vm_art_critic,0,6389 6388,true
1902,Historian Minas,vm_timeline_historian,0,6393 6395,true
1909,Information clerk,vm_info_booth_lady,0,808 819 820 821 822,true
1910,Museum guard,vm_museum_guard,0,6390,true
1911,Museum guard,vm_museum_guard2,0,6464 819 820 821 822,true
1912,Museum guard,vm_museum_guard3,0,6464,true
1913,Teacher and pupil,vm_school_teacher_male_and_boy,1476,6411 6410,true
1914,Schoolgirl,vm_school_girl_brunette,2402,6472 6471,true
1915,Schoolgirl,vm_school_girl_brunette_var1,2402,6472 6471,true
1916,Schoolgirl,vm_school_girl_brunette_var2,2402,6473 6471,true
1917,Schoolgirl,vm_school_girl_brunette_var3,2402,6474 6471,true
1918,Schoolgirl,vm_school_girl_brunette_var4,2402,6475 6471,true
1919,Schoolboy,vm_school_boy_brunnete,2402,6474 6471,true
1920,Schoolboy,vm_school_boy_blonde,2402,6473 6471,true
1921,Schoolgirl,vm_school_girl_blonde,2402,6472 6471,true
1922,Teacher and pupil,vm_teacher_girl_multi,1475,6413 6412,true
1927,Workman,vm_patrol_route_workmen_1,1477,6415 6414,true
1928,Workman,vm_patrol_route_workmen_no_plank,1477,6418,true
1929,Workman,vm_patrol_route_wheelbarrow,1478,6422 6419,true
1930,Workman,vm_patrol_route_wheelbarrow_empty,1478,6423 6420,true
1931,Workman,vm_patrol_route_wheelbarrow_var,1478,6422 6419,true
1932,Workman,vm_patrol_route_wheelbarrow_empty_var,1478,6423 6420,true
1933,Dig Site workman,vm_digworkman_loader,0,6425,true
1934,Barge workman,vm_canal_barge_workman_hammering,1477,6454,true
1935,Barge workman,vm_canal_barge_workman_sawing,1477,6455,true
1936,Barge workman,vm_canal_barge_workman_sledgehammering,1477,6456,true
1937,Barge workman,vm_canal_barge_workman_painting_tar,1477,6457,false
1938,Barge foreman,vm_canal_barge_foremen_talking,1477,6458,true
1939,Ed Wood,vm_woodcutter,0,2065 2064,true
1940,Mord Gunnars,fris_r_ferryman_izso,0,808 819 820 821 822,true
1941,Hring Hring,frisd_oremerchant,0,808 819 820 821 822,true
1942,Flosi Dalksson,frisd_fishmerchant,0,808 819 820 821 822,true
1943,Raum Urda-Stein,frisd_armourmerchant,0,808 819 820 821 822,true
1944,Skuli Myrka,frisd_weaponmerchant,0,808 819 820 821 822,true
1945,Keepa Kettilon,frisd_cook,0,813 819 820 821 822,true
1946,,frisd_banker,0,808 819 820 821 822,true
1947,Guard,frisd_izso_viking_shouter,0,808 819 820 821 822,true
1948,Guard,frisd_iznot_viking_shouter,0,813 819 820 821 822,true
1949,Guard,fris_r_guardizso,0,808 819 820 821 822,true
1950,Guard,fris_r_guardizso2,0,808 819 820 821 822,true
1951,Freygerd,frisd_izso_viking_woman1,0,808 819 820 821 822,true
1952,Lensa,frisd_izso_viking_woman2,0,808 819 820 821 822,true
1953,,brain_tranquility,1304,5875 5876,true
1954,,brain_island_tranquility,1304,5875 5876,true
1955,,brain_island_fenkenstrain,0,808 819 820 821 822,true
1956,,brain_multi_monk_1,1304,5877 5876,true
1957,,brain_multi_monk_2,1304,5877 5876,true
1958,,brain_multi_monk_3,1304,5877 5876,true
1959,,brain_multi_monk_4,1304,5877 5876,true
1960,,brain_multi_monk_5,1304,5646 5645,true
1961,,brain_multi_monk_6,1304,5646 5645,true
1962,,brain_multi_monk_7,1304,5646 5645,true
1963,,brain_multi_monk_8,1304,5646 5645,true
1964,,brain_multi_tranquility,1304,5646 5645,true
1965,,catwalk_goblin,1415,6181 6180,true
1966,,fourdiamonds_elder,0,808 819 820 821 822,true
1967,,fourdiamonds_elder2,0,808 819 820 821 822,true
1968,,fourdiamonds_troll_child,461,286 283,true
1971,,troll_frozen_1,461,286 283,true
1972,,troll_frozen_2,461,286 283,true
1973,,azzanadra,2094,9865 9866 9867,true
1974,,feud_bandit_boss,0,808 819 820 821 822,true
1975,,feud_arabian_guard_multi,0,808 819 820 821 822,true
1976,,feud_arabian_guard2_multi,0,808 819 820 821 822,true
1977,,myarm_barnaby,0,808 819 820 821 822,true
1979,,cabin_boy_jenkins,0,808 819 820 821 822,true
1980,,peng_multi_larry_lumb,0,808 819 820 821 822,true
1981,,peng_generic_surface_multi,1310,5668 5666,true
1982,,peng_multi_kgp,1310,5668 5666,true
1984,,agrith_reen_alkharid,0,813 1146 820 821 822,true
1985,,agrith_reen_uzer,0,813 1146 820 821 822,true
1986,,agrith_badden_uzer,0,808 819 820 821 822,true
1987,,agrith_dave_at_portal,0,808 819 820 821 822,true
1988,,agrith_sandstorm,659,2882,true
1989,,agrith_tanya_ghost,1289,5531,true
1990,Vanligga Gastfrihet,frisd_izso_landlady,0,808 819 820 821 822,true
1991,Sassilik,frisd_izso_viking_woman4,0,808 819 820 821 822,true
1992,Miner,frisd_village_miner2,0,627 819 820 821 822,true
1993,Miner,frisd_village_miner,0,808 819 820 821 822,true
1994,,ics_little_spectre,1290,5538 5539,true
1995,,kr_multi_murderer,0,808 6919,true
1996,,dttd_maze_guide,1383,6040 6041,true
1997,Eric,frisd_beggertax,0,808 819 820 821 822,true
1998,Gruva Patrull,fris_mine_guard,0,808 819 820 821 822,true
1999,Brendt,fris_red_axe_secretary,297,101 98,true
2000,Grundt,fris_red_axe_trader,297,101 98,true
2001,Duckling,duckling,1539,6818 6817,true
2002,Ducklings,duck_update_ducklings,1539,6821 6822,true
2003,Duck,duck_update_on_land_duck,1539,6813 6819,true
2004,Drake,duck_update_on_land_drake,1539,6813 6819,true
2005,Lesser demon,lesser_demon,1078,66 63,true
2006,Lesser demon,lesser_demon2,1078,66 63,true
2007,Lesser demon,lesser_demon3,1078,66 63,true
2008,Lesser demon,lesser_demon4,1078,66 63,true
2009,,soulbane_launa_multi,0,808 819 820 821 822,true
2010,,soulbane_tolna_multi,0,808 819 820 821 822,true
2011,,elena2,0,808 819 820 821 822,true
2012,,fenk_gardener_multi,0,808 819 820 821 822,true
2013,,fenk_gardener_multi_2,0,808 819 820 821 822,true
2014,,fenk_fenkenstrain,0,808 819 820 821 822,true
2015,,fenk_fenkenstrain_in_tower,0,808 819 820 821 822,true
2016,,fenk_creature,514,1623 1622,true
2017,,fenk_creature_released,514,1623 1622,true
2018,Lesser demon,lesser_demon5,1078,66 63,true
2019,,mdaughter_multi_bear,581,1756 1757,true
2020,,mm_daero,2402,2331 12042,true
2021,,mm_waydar,2402,2331 12042,true
2022,,mm_lumdo,2402,2331 12042,true
2023,,eaglepeak_nickolaus,0,808 819 820 821 822,true
2024,,eaglepeak_nickolaus_campsite,0,808 819 820 821 822,true
2025,Greater demon,greater_demon,1078,66 63,true
2026,Greater demon,greater_demon2,1078,66 63,true
2027,Greater demon,greater_demon3,1078,66 63,true
2028,Greater demon,greater_demon4,1078,66 63,true
2029,Greater demon,greater_demon5,1078,66 63,true
2030,Greater demon,greater_demon_strongholdcave_1,1078,66 63,true
2031,Greater demon,greater_demon_strongholdcave_2,1078,66 63,true
2032,Greater demon,greater_demon_strongholdcave_3,1078,66 63,true
2033,Priestess Zul-Gwenwynig,snakeboss_priest_2ops,0,808 819 820 821 822,false
2034,Zul-Urgish,snakeboss_ogre_1,321,357 358,true
2035,Zul-Cheray,snakeboss_gnome_1,2402,4537,false
2036,Zul-Gutusolly,snakeboss_gnome_2,2402,2331 12042,true
2037,Sacrifice,snakeboss_gnome_victim,2402,2331 12042,true
2039,Zul-Aniel,snakeboss_tyrasguard_1,0,808 819 820 821 822,true
2040,Zul-Areth,snakeboss_tyrasguard_2,0,808 819 820 821 822,true
2041,Broken Handz,snakeboss_spectator,0,808 819 820 821 822,true
2042,Zulrah,snakeboss_boss_ranged,184,5070,true
2043,Zulrah,snakeboss_boss_melee,184,5070,true
2044,Zulrah,snakeboss_boss_magic,184,5070,true
2045,Snakeling,snakeboss_minion_melee,186,1721 2405 2406 2407 2414,true
2046,Snakeling,snakeboss_minion_magic,186,1721 2405 2406 2407 2414,true
2047,Snakeling,snakeboss_minion_dying,186,1721 2405 2406 2407 2414,true
2048,Black demon,black_demon,1078,66 63,true
2049,Black demon,black_demon2,1078,66 63,true
2050,Black demon,black_demon3,1078,66 63,true
2051,Black demon,black_demon4,1078,66 63,true
2052,Black demon,black_demon5,1078,66 63,true
2053,Fritz the Glassblower,entrana_glassblower,0,4859 819 820 821 822,true
2054,Chaos Elemental,chaoselemental,64,3144 3145,true
2055,Chaos Elemental Jr.,chaos_elemental_pet,64,3144 3145,false
2056,Dark wizard,fai_dark_wizard_old_1,0,808 819 820 821 822,false
2057,Dark wizard,fai_dark_wizard_old_2,0,808 819 820 821 822,false
2058,Dark wizard,fai_dark_wizard_young_1,0,808 819 820 821 822,false
2059,Dark wizard,fai_dark_wizard_young_2,0,808 819 820 821 822,false
2060,Dodgy Squire,pest_squire_refunds,0,808,true
2061,Glough,grandtree_glough_visible,2402,2331 12042,true
2062,Oomlie bird,oomlie_bird,1255,5386 5385,true
2063,Penguin,penguin,1310,5668 5666,true
2064,Terrorbird,terrorbird,1533,1008 1007,true
2065,Terrorbird,terrorbird2,1533,1008 1007,true
2066,Terrorbird,terrorbird3,1533,1008 1007,true
2067,Mounted terrorbird gnome,terrorbird_mounted,1533,6793 6796,true
2068,Mounted terrorbird gnome,terrorbird_mountedspear,1533,6793 6796,true
2069,Crow,crow,1534,6785 6784,true
2070,Crow,crow2,1534,6786 6784,true
2071,Crow,crow3,1534,6787 6784,true
2072,Crow,crow4,1534,6785 6784,true
2073,Crow,crow5,1534,6786 6784,true
2074,Crow,crow6,1534,6787 6784,true
2075,Fire giant,firegiant_big,1081,4662 4660,true
2076,Fire giant,firegiant_big2,1081,4663 4661,true
2077,Fire giant,firegiant_big3,1081,4663 4661,true
2078,Fire giant,firegiant,1081,4662 4660,true
2079,Fire giant,firegiant2,1081,4663 4661,true
2080,Fire giant,firegiant3,1081,4663 4661,true
2081,Fire giant,firegiant_strongholdcave_1,1081,4663 4661,true
2082,Fire giant,firegiant_strongholdcave_2,1081,4663 4661,true
2083,Fire giant,firegiant_strongholdcave_3,1081,4662 4660,true
2084,Fire giant,firegiant_strongholdcave_4,1081,4663 4661,true
2085,Ice giant,icegiant,1081,4670 4669,false
2086,Ice giant,icegiant2,1081,4670 4669,false
2087,Ice giant,icegiant3,1081,4670 4669,false
2088,Ice giant,icegiant_low_wanderrange,1081,4670 4669,false
2089,Ice giant,icegiant_low_wanderrange2,1081,4670 4669,false
2090,Moss giant,mossgiant,1081,4656 4654,false
2091,Moss giant,mossgiant2,1081,4656 4654,false
2092,Moss giant,mossgiant3,1081,4656 4654,false
2093,Moss giant,mossgiant4,1081,4656 4655,false
2094,Jogre,jogre,302,130 127,true
2095,Ogre,ogre,321,357 358,true
2096,Ogre,ogre2,321,357 358,true
2097,Cyclops,cyclops,1081,4650 4649,false
2098,Hill Giant,giant,1081,4650 4649,false
2099,Hill Giant,giant2,1081,4650 4649,false
2100,Hill Giant,giant3,1081,4650 4649,false
2101,Hill Giant,giant4,1081,4650 4649,false
2102,Hill Giant,giant5,1081,4650 4649,false
2103,Hill Giant,giant6,1081,4650 4649,false
2104,Ork,npc_ork_update01,1003,4318 4319,true
2105,Ork,npc_ork_update02,1003,4318 4319,true
2106,Ork,npc_ork_update03,1003,4318 4319,true
2107,Ork,npc_ork_update04,1003,4318 4319,false
2108,Wise Old Man,wise_old_man,0,813 1146 820 821 822,true
2109,,wom_multi,0,808,true
2110,Wise Old Man,wom_original,0,813 1146 820 821 822,true
2111,Wise Old Man,wom_cutscene_1,0,813 1146 820 821 822,true
2112,Wise Old Man,wom_cutscene_2,0,813 1146 820 821 822,true
2113,Wise Old Man,wom_inactive,0,813 1146 820 821 822,true
2114,Bed,wom_bed_inactive,309,2170,true
2115,Thing under the bed,wom_bed_active,309,2170,true
2116,Miss Schism,wom_gossip,0,1673,true
2117,Banker,wom_banker1,0,808 819 820 821 822,true
2118,Banker,wom_banker2,0,808 819 820 821 822,true
2119,Banker,wom_banker3,0,808 819 820 821 822,true
2120,Market Guard,wom_marketguard,0,808 819 820 821 822,true
2121,Olivia,wom_olivia,0,808 819 820 821 822,true
2122,Pillory Guard,wom_watchman,0,808 819 820 821 822,true
2123,Bank guard,wom_bankguard,0,808 819 820 821 822,true
2124,,snakeboss_priest,0,808 819 820 821 822,true
2125,Badger,badger1,185,1716 1718,true
2126,Badger,badger2,185,1716 1718,true
2127,Snakeling,poh_snake_pet_green,186,1721 2405 2406 2407 2414,true
2128,Snakeling,poh_snake_pet_orange,186,1721 2405 2406 2407 2414,true
2129,Snakeling,poh_snake_pet_blue,186,1721 2405 2406 2407 2414,true
2130,Snakeling,snake_pet_green,186,1721 2405 2406 2407 2414,true
2131,Snakeling,snake_pet_orange,186,1721 2405 2406 2407 2414,true
2132,Snakeling,snake_pet_blue,186,1721 2405 2406 2407 2414,true
2133,Tiles,uncerter_bandit,0,808 819 820 821 822,true
2134,Aisles,uncerter_jiminua,0,808 819 820 821 822,true
2135,Lorelai,warguild_lorelai,0,808 819 820 821 822,true
2136,Rory,warguild_cyclops_pet,1081,4650 4649,false
2137,Cyclops,warguild_cyclops1_high,1081,4650 4649,false
2138,Cyclops,warguild_cyclops2_high,1081,4650 4649,false
2139,Cyclops,warguild_cyclops3_high,1081,4650 4649,false
2140,Cyclops,warguild_cyclops4_high,1081,4650 4649,false
2141,Cyclops,warguild_cyclops5_high,1081,4650 4649,false
2142,Cyclops,warguild_cyclops6_high,1081,4650 4649,false
2143,Sraracha,poh_menagerie_sarachnispet,1800,8320 8319,true
2144,Sraracha,sarachnispet,1800,8320 8319,true
2145,Undead Druid,hosdun_druid,1288,5576 5577,true
2146,Fishing spot,52_59_rarefish,1701,7634,false
2147,,veos,0,813 1205 1206 1207 1208,true
2148,Grand Exchange Clerk,ge_clerk_1,0,808,false
2149,Grand Exchange Clerk,ge_clerk_2,0,808,true
2150,Grand Exchange Clerk,ge_clerk_3,0,808,false
2151,Grand Exchange Clerk,ge_clerk_4,0,808,true
2152,Brugsen Bursen,ge_boss,0,808 819 820 821 822,true
2153,Gunnjorn,gunnjorn,0,808 819 820 821 822,false
2154,TzHaar-Mej,tzhaar_mej1,158,2604 2602,true
2155,TzHaar-Mej,tzhaar_mej2,158,2604 2602,true
2156,TzHaar-Mej,tzhaar_mej3,158,2604 2602,true
2157,TzHaar-Mej,tzhaar_mej4,158,2604 2602,true
2158,TzHaar-Mej,tzhaar_mej5,158,2604 2602,true
2159,TzHaar-Mej,tzhaar_mej6,158,2603 2601,true
2160,TzHaar-Mej,tzhaar_mej7,158,2604 2602,true
2161,TzHaar-Hur,tzhaar_hur1,158,2603 2601,true
2162,TzHaar-Hur,tzhaar_hur2,158,2603 2601,true
2163,TzHaar-Hur,tzhaar_hur3,158,2603 2601,true
2164,TzHaar-Hur,tzhaar_hur4,158,2603 2601,true
2165,TzHaar-Hur,tzhaar_hur5,158,2603 2601,true
2166,TzHaar-Hur,tzhaar_hur6,158,2603 2601,true
2167,TzHaar-Xil,tzhaar_xil1,158,2603 2601,true
2168,TzHaar-Xil,tzhaar_xil2,158,2603 2601,true
2169,TzHaar-Xil,tzhaar_xil3,158,2603 2601,true
2170,TzHaar-Xil,tzhaar_xil4,158,2603 2601,true
2171,TzHaar-Xil,tzhaar_xil5,158,2603 2601,true
2172,TzHaar-Xil,tzhaar_xil6,158,2603 2601,true
2173,TzHaar-Ket,tzhaar_ket1,158,2603 2601,true
2174,TzHaar-Ket,tzhaar_ket2,158,2603 2601,true
2175,TzHaar-Ket,tzhaar_ket3,158,2603 2601,true
2176,TzHaar-Ket,tzhaar_ket4,158,2603 2601,true
2177,TzHaar-Ket,tzhaar_ket5,158,2603 2601,true
2178,TzHaar-Ket,tzhaar_ket6,158,2603 2601,true
2179,TzHaar-Ket,tzhaar_ket7,158,2603 2601,true
2180,TzHaar-Mej-Jal,tzhaar_fightcave_master,158,2604 2602,true
2181,TzHaar-Mej-Kah,tzhaar_fightpit_master,158,2604 2602,true
2182,Rock Golem,poh_skillpet_mining_amethyst,1637,7180 7181,true
2183,TzHaar-Hur-Tel,tzhaar_merchant_equipment,158,2603 2601,true
2184,TzHaar-Hur-Lek,tzhaar_merchant_oreandgem,158,2603 2601,true
2185,TzHaar-Mej-Roh,tzhaar_merchant_rune,158,2604 2602,true
2186,TzHaar-Ket,tzhaar_guard_spawningpool,158,2603 2601,true
2187,TzHaar-Ket,tzhaar_guard_border,158,2603 2601,true
2189,Tz-Kih,tzhaar_fightpit_swarm_1a,160,2618 2619,false
2190,Tz-Kih,tzhaar_fightpit_swarm_1b,160,2618 2619,false
2191,Tz-Kek,tzhaar_fightpit_swarm_2a,162,2624 2623,true
2192,Tz-Kek,tzhaar_fightpit_swarm_2b,162,2624 2623,true
2193,Tok-Xil,tzhaar_fightpit_swarm_3a,164,2631 2632,true
2194,Tok-Xil,tzhaar_fightpit_swarm_3b,164,2631 2632,true
2195,William,wilderness_capeseller_1,0,1740 1739,true
2196,Ian,wilderness_capeseller_2,0,1740 1739,true
2197,Larry,wilderness_capeseller_3,0,1740 1739,true
2198,Darren,wilderness_capeseller_4,0,1740 1739,true
2199,Edward,wilderness_capeseller_5,0,1740 1739,true
2200,Richard,wilderness_capeseller_6,0,1740 1739,true
2201,Neil,wilderness_capeseller_7,0,1740 1739,true
2202,Edmond,wilderness_capeseller_8,0,1740 1739,true
2203,Simon,wilderness_capeseller_9,0,1740 1739,true
2204,Sam,wilderness_capeseller_10,0,1740 1739,true
2205,Commander Zilyana,godwars_saradomin_avatar,1574,6966 6965,true
2206,Starlight,godwars_saradomin_unicorn,1472,6374 6373,false
2207,Growler,godwars_saradomin_lion,1206,7032 7033,true
2208,Bree,godwars_saradomin_centaur,1564,4311 4310,true
2209,Saradomin priest,godwars_ancient_saradomin_wizard,0,808 819 820 821 822,true
2210,Spiritual warrior,godwars_spiritual_saradomin_warrior,0,808 819 820 821 822,true
2211,Spiritual ranger,godwars_spiritual_saradomin_ranger,0,808 819 820 821 822,true
2212,Spiritual mage,godwars_spiritual_saradomin_mage,0,808 819 820 821 822,true
2213,Knight of Saradomin,godwars_saradomin_knight_1,0,2561 2562,true
2214,Knight of Saradomin,godwars_saradomin_knight_2,0,808 819 820 821 822,true
2215,General Graardor,godwars_bandos_avatar,1003,7017 7016,true
2216,Sergeant Strongstack,godwars_sergeant_goblin1,1414,6153 6152,true
2217,Sergeant Steelwill,godwars_sergeant_goblin2,1414,6153 6152,true
2218,Sergeant Grimspike,godwars_sergeant_goblin3,1414,6153 6152,true
2219,Purple Pewter Director,dwarf_city_director_purple_pewter_cutscene,297,2151 98,true
2220,Purple Pewter Director,dwarf_city_director_purple_pewter_cutscene_alt,297,101 98,true
2221,Blue Opal Director,dwarf_city_director_blue_opal_cutscene,297,101 98,true
2222,Yellow Fortune Director,dwarf_city_director_yellow_fortune_cutscene,297,2153 2156,true
2223,Green Gemstone Director,dwarf_city_director_green_gemstone_cutscene,297,101 98,true
2224,White Chisel Director,dwarf_city_director_white_chisel_cutscene,297,2152 98,true
2225,Silver Cog Director,dwarf_city_director_silver_cog_cutscene,297,101 98,true
2226,Brown Engine Director,dwarf_city_director_brown_engine_cutscene,297,2152 98,true
2227,Red Axe Director,dwarf_city_director_red_axe_cutscene,297,2155 2154,true
2228,Commander Veldaban,dwarf_city_black_guard_leader_cutscene,297,101 98,true
2229,Red Axe Cat,dwarf_city_evil_cat_cutscene_awake,280,317 314,true
2230,Red Axe Cat,dwarf_city_evil_cat_cutscene_sleeping,280,2159 314,true
2231,,dwarf_city_berserker_cutscene_multi,297,101 98,true
2232,Black Guard Berserker,dwarf_city_berserker_cutscene,297,101 98,true
2233,Ogre,godwars_ancient_ogre,321,357 358,true
2234,Jogre,godwars_ancient_jogre,112,2931 2932,true
2235,Cyclops,godwars_ancient_cyclops,1081,4650 4649,false
2236,Cyclops,godwars_ancient_cyclops2,1081,4650 4649,false
2237,Ork,godwars_ancient_ork1,1003,4318 4319,true
2238,Ork,godwars_ancient_ork2,1003,4318 4319,false
2239,Ork,godwars_ancient_ork3,1003,4318 4319,true
2240,Ork,godwars_ancient_ork4,1003,4318 4319,false
2241,Hobgoblin,godwars_ancient_hobgoblin,312,166 162,true
2242,Spiritual ranger,godwars_spiritual_bandos_ranger,1003,4318 4319,false
2243,Spiritual warrior,godwars_spiritual_bandos_warrior,1003,4318 4319,true
2244,Spiritual mage,godwars_spiritual_bandos_mage,1003,4318 4319,true
2245,Goblin,godwars_goblin1,1415,6181 6180,true
2246,Goblin,godwars_goblin2,1415,6181 6180,true
2247,Goblin,godwars_goblin3,1415,6139 6138,true
2248,Goblin,godwars_goblin4,1415,6186 6187,true
2249,Goblin,godwars_goblin5,1415,6181 6180,true
2251,Door,dagannoth_weak_door_falling_south,27,2351,true
2252,Door,dagannoth_weak_door_fallen_south,27,2352,true
2253,Door-support,dagannoth_weak_door_west,27,2354,true
2254,Door,dagannoth_weak_door_falling_west,27,2353,true
2255,Door,dagannoth_weak_door_fallen_west,27,2355,true
2256,Door-support,dagannoth_weak_door_north,27,2357,true
2257,Door,dagannoth_weak_door_falling_north,27,2356,true
2258,Door,dagannoth_weak_door_fallen_north,27,2358,true
2259,Dagannoth,dungeon_dagganoth_lighter,538,1338 1339,true
2260,,viking_askelapen_dagganoth_mountain,2402,2331 12042,true
2261,Giant Rock Crab,giant_rockcrab,539,1310 1311,true
2263,Bardur,jb_viking_dude,0,813 819 820 821 822,true
2264,Dagannoth fledgeling,jb_baby_dagganoth,814,2774 2775,true
2265,Dagannoth Supreme,dagcave_ranged_boss,16,2850 2849,false
2266,Dagannoth Prime,dagcave_magic_boss,16,2850 2849,false
2267,Dagannoth Rex,dagcave_melee_boss,16,2850 2849,true
2268,Cave goblin,dorgesh_male_1,1383,6040 6041,true
2269,Cave goblin,dorgesh_male_2,1383,6040 6041,true
2270,Cave goblin,dorgesh_male_3,1383,6040 6041,true
2271,Cave goblin,dorgesh_male_4,1383,6040 6041,true
2272,Cave goblin,dorgesh_male_5,1383,6040 6041,true
2273,Cave goblin,dorgesh_male_6,1383,6040 6041,true
2274,Cave goblin,dorgesh_male_7,1383,6040 6041,true
2275,Cave goblin,dorgesh_male_8,1383,6040 6041,true
2276,Cave goblin,dorgesh_male_9,1383,6040 6041,true
2277,Cave goblin,dorgesh_female_1,1383,6040 6041,true
2278,Cave goblin,dorgesh_female_2,1383,6040 6041,true
2279,Cave goblin,dorgesh_female_3,1383,6040 6041,true
2280,Cave goblin,dorgesh_female_4,1383,6040 6041,true
2281,Cave goblin,dorgesh_female_5,1383,6040 6041,true
2282,Cave goblin,dorgesh_female_6,1383,6040 6041,true
2283,Cave goblin,dorgesh_female_7,1383,6040 6041,true
2284,Cave goblin,dorgesh_female_8,1383,6040 6041,true
2285,Cave goblin,dorgesh_female_9,1383,6040 6041,true
2286,Ur-zek,dorgesh_male_council_1,1383,6040 6041,false
2287,Ur-vass,dorgesh_male_council_2,1383,6040 6041,false
2288,Ur-taal,dorgesh_female_council_1,1383,6040 6041,false
2289,Ur-meg,dorgesh_female_council_2,1383,6040 6041,false
2290,Ur-lun,dorgesh_female_council_3,1383,6040 6041,true
2291,Ur-pel,dorgesh_female_council_4,1383,6040 6041,true
2292,Banker,dorgesh_female_banker,1383,6040 6041,true
2293,Banker,dorgesh_male_banker,1383,6040 6041,true
2294,Bartak,dorgesh_male_ironmonger,1383,6040 6041,true
2295,Turgall,dorgesh_male_engineer,1383,6040 6041,true
2296,Reldak,dorgesh_male_leather_seller,1383,6040 6041,true
2297,Miltog,dorgesh_female_lamp_seller,1383,6040 6041,true
2298,Mernik,dorgesh_childminder,1383,6040 6041,true
2299,Cave goblin,dorgesh_female_patrol1,1383,6040 6041,true
2300,Crate goblin,dorgesh_male_patrol1,1383,6043 6044,true
2301,Cave goblin,dorgesh_male_patrol2,1383,6040 6041,true
2302,Goblin scribe,dorgesh_male_scribe,1383,6045 6046,false
2303,,lotg_grubfoot_at_entrance,1415,6181 6180,true
2304,Gourmet,dorgesh_gourmet_male1,1383,6040 6041,true
2305,Gourmet,dorgesh_gourmet_male2,1383,6040 6041,true
2306,Gourmet,dorgesh_gourmet_female1,1383,6040 6041,true
2307,Gourmet,dorgesh_gourmet_female2,1383,6040 6041,true
2308,Turgok,dorgesh_market_male1,1383,6040 6041,true
2309,Markog,dorgesh_market_male2,1383,6040 6041,true
2310,Durgok,dorgesh_market_male3,1383,6040 6041,true
2311,Tindar,dorgesh_market_female1,1383,6040 6041,true
2312,Gundik,dorgesh_market_female2,1383,6040 6041,true
2313,Zenkog,dorgesh_market_female3,1383,6040 6041,true
2314,Lurgon,dorgesh_market_head,1383,6040 6041,false
2315,Ur-tag,dorgesh_urtaq,1383,6040 6041,true
2316,Guard,dorgesh_guard1,1383,6040 6041,true
2317,Guard,dorgesh_guard2,1383,6040 6041,true
2318,Zanik,dorgesh_zanik_there,1383,6040 6041,true
2319,Young 'un,dorgesh_baby1,1384,6058 6057,true
2320,Tyke,dorgesh_baby2,1384,6059 6057,true
2321,Nipper,dorgesh_baby3,1384,6058 6057,true
2322,Nipper,dorgesh_baby4,1384,6059 6057,true
2323,Cave goblin child,dorgesh_male_child1,1383,6040 6042,true
2324,Cave goblin child,dorgesh_male_child1_ball,1383,6052 6053,true
2325,Cave goblin child,dorgesh_male_child2,1383,6040 6042,true
2326,Cave goblin child,dorgesh_male_child2_ball,1383,6052 6053,true
2327,Cave goblin child,dorgesh_male_child3,1383,6040 6042,true
2328,Cave goblin child,dorgesh_male_child3_ball,1383,6052 6053,true
2329,Cave goblin child,dorgesh_male_child4,1383,6040 6042,true
2330,Cave goblin child,dorgesh_male_child4_ball,1383,6052 6053,true
2331,Cave goblin child,dorgesh_female_child1,1383,6040 6042,true
2332,Cave goblin child,dorgesh_female_child1_ball,1383,6052 6053,true
2333,Cave goblin child,dorgesh_female_child2,1383,6040 6042,true
2334,Cave goblin child,dorgesh_female_child2_ball,1383,6052 6053,true
2335,Cave goblin child,dorgesh_female_child3,1383,6040 6042,true
2336,Cave goblin child,dorgesh_female_child3_ball,1383,6052 6053,true
2337,Cave goblin child,dorgesh_female_child4,1383,6040 6042,true
2338,Cave goblin child,dorgesh_female_child4_ball,1383,6052 6053,true
2339,Spit goblin,dorgesh_goblin_frogspit,1383,6060 6041,true
2340,Goblin fish,dorgesh_goblin_fish,1385,6062 6061,true
2341,Movario,dorgesh_dark_wizard_there,0,6075 6076,true
2342,Darve,dorgesh_khazard_bodyguard_there,0,808 819 820 821 822,true
2343,Moths,dorgesh_moths,1379,6036,false
2344,Barlak,dorgesh_male_bone_seller,1383,6040 6041,true
2345,Saniboch,tribesman_doorman,0,808 819 820 821 822,true
2346,Dromund's cat,dwarf_city_guarding_cat,280,2134,true
2347,Blasidar the sculptor,dwarf_city_shop_sculpture,297,101 98,true
2348,Riki the sculptor's model,dwarf_city_shop_sculpture_model,297,101 98,true
2349,Riki the sculptor's model,dwarf_city_shop_sculpture_model_boots,297,101 98,true
2350,Riki the sculptor's model,dwarf_city_shop_sculpture_model_torso,297,101 98,true
2351,Riki the sculptor's model,dwarf_city_shop_sculpture_model_axe,297,101 98,true
2352,Riki the sculptor's model,dwarf_city_shop_sculpture_model_boots_and_torso,297,101 98,true
2353,Riki the sculptor's model,dwarf_city_shop_sculpture_model_boots_and_axe,297,101 98,true
2354,Riki the sculptor's model,dwarf_city_shop_sculpture_model_torso_and_axe,297,101 98,true
2355,Riki the sculptor's model,dwarf_city_shop_sculpture_model_finished,297,101 98,true
2356,Vigr,dwarf_city_shop_warhammer,297,101 98,true
2357,Santiri,dwarf_city_shop_weapons,297,101 98,true
2358,Saro,dwarf_city_shop_armour,297,101 98,true
2359,Gunslik,dwarf_city_shop_general_store,297,101 98,true
2360,Wemund,dwarf_city_shop_ship_mechanic,297,101 98,true
2361,Randivor,dwarf_city_shop_bakery,297,101 98,true
2362,Hervi,dwarf_city_shop_gems,297,101 98,true
2363,Nolar,dwarf_city_shop_craft,297,101 98,true
2364,Gulldamar,dwarf_city_shop_silver,297,101 98,true
2365,Tati,dwarf_city_shop_pickaxe,297,2155 2154,true
2366,Agmundi,dwarf_city_shop_cloth,297,2157 2156,false
2367,Vermundi,dwarf_city_shop_cloth_poor,297,2157 2156,false
2368,Banker,dwarf_city_banker1,297,2157,false
2369,Banker,dwarf_city_banker2,297,101,true
2370,Librarian,dwarf_city_librarian,297,101 98,true
2371,Assistant,dwarf_city_library_assistant,297,2157 2156,true
2372,Customer,dwarf_city_library_customer,297,2157 2156,true
2373,Customer,dwarf_city_library_customer_human,0,808 819 820 821 822,true
2374,Dromund,dwarf_city_excentric_dwarf,297,101 98,true
2375,Rind the gardener,dwarf_city_gardener_dwarf,297,101 98,true
2376,Factory Manager,dwarf_city_factory_guard,297,101 98,true
2377,Factory Worker,dwarf_city_factory_worker1,297,101 98,true
2378,Factory Worker,dwarf_city_factory_worker2,297,101 98,true
2379,Factory Worker,dwarf_city_factory_worker3,297,101 98,true
2380,Factory Worker,dwarf_city_factory_worker4,297,101 98,true
2381,Inn Keeper,dwarf_city_inn_keeper_poor,297,101 98,true
2382,Inn Keeper,dwarf_city_inn_keeper_rich,297,101 98,true
2383,Barmaid,dwarf_city_barmaid_poor,297,2157 2156,false
2384,Barman,dwarf_city_barman_rich,297,101 98,true
2385,Cart conductor,dwarf_city_train_conductor1,297,101 98,true
2386,Cart conductor,dwarf_city_train_conductor2,297,101 98,true
2387,Cart conductor,dwarf_city_train_conductor3,297,101 98,true
2388,Cart conductor,dwarf_city_train_conductor4,297,101 98,true
2389,Cart conductor,dwarf_city_train_conductor5,297,101 98,true
2390,Cart conductor,dwarf_city_train_conductor6,297,900 104,true
2391,Cart conductor,dwarf_city_train_conductor7,297,101 98,true
2392,Cart conductor,dwarf_city_train_conductor8,297,101 98,true
2393,Rowdy dwarf,dwarf_city_rowdy_dwarf,297,101 104,true
2394,Hegir,dwarf_city_old_dwarf1,297,2155 2154,true
2395,Haera,dwarf_city_old_dwarf2,297,2157 2156,true
2396,Runvastr,dwarf_city_old_dwarf3,297,101 98,true
2397,Sune,dwarf_city_dwarf_man1,297,101 98,true
2398,Bentamir,dwarf_city_dwarf_man2,297,101 98,true
2399,Ulifed,dwarf_city_dwarf_man3,297,101 98,true
2400,Reinald,dwarf_city_dwarf_man4,297,101 98,true
2401,Karl,dwarf_city_dwarf_man5,297,101 98,true
2402,Gauss,dwarf_city_dwarf_man6,297,101 98,true
2403,Myndill,dwarf_city_dwarf_man7,297,101 98,true
2404,Kjut,dwarf_city_dwarf_man8,297,101 98,true
2405,Tombar,dwarf_city_dwarf_man9,297,101 98,true
2406,Odmar,dwarf_city_dwarf_man10,297,101 98,true
2407,Audmann,dwarf_city_dwarf_man11,297,101 98,true
2408,Drunken Dwarf,dwarf_city_drunken_dwarf,297,900 104,true
2409,Drunken Dwarf,dwarf_city_drunken_kebab,297,900 104,true
2410,Red Axe Director,forget_redaxe_director_cutscene,297,2155 2154,true
2411,Red Axe Director,forget_redaxe_director_cutscene_alt,297,2155 2154,true
2412,Red Axe Henchman,forget_redaxe_henchman_cutscene,297,2336 2335,true
2413,Red Axe Henchman,forget_redaxe_henchman_cutscene_alt,297,2336 2335,true
2414,Red Axe Henchman,forget_redaxe_henchman2_cutscene,297,101 98,true
2415,Colonel Grimsson,forget_redaxe_henchman3_cutscene,297,2336 2335,true
2416,Colonel Grimsson,forget_redaxe_henchman4_cutscene,297,101 98,true
2417,Ogre shaman,forget_redaxe_shaman_cutscene,321,357 358,true
2418,Ogre shaman,forget_redaxe_shaman_cutscene_alt,321,357 358,true
2419,Grunsh,forget_redaxe_shaman2_cutscene,321,357 358,true
2420,Gnome emissary,forget_cutscene_gnome_emissary,2402,2331 12042,true
2421,Gnome companion,forget_cutscene_gnome_companion1,2402,2331 12042,true
2422,Gnome companion,forget_cutscene_gnome_companion2,2402,2331 12042,true
2423,Chaos dwarf,forget_cutscene_chaos_dwarf,297,101 98,true
2424,Gunslik,forget_cutscene_patron1,297,101 98,true
2425,Nolar,forget_cutscene_patron2,297,101 98,true
2426,Factory Worker,forget_cutscene_patron3,297,101 98,true
2427,Cart conductor,forget_cutscene_patron4,297,900 104,true
2428,Gauss,forget_cutscene_patron5,297,2337 104,false
2429,Drunken Dwarf,forget_cutscene_drunken_dwarf,297,900 104,true
2430,Rowdy dwarf,forget_cutscene_rowdy,297,101 104,true
2431,Ulifed,forget_cutscene_sitting,297,2337 98,false
2432,,dwarf_city_boatman_mines,297,101 98,true
2433,Dwarven Boatman,dwarf_city_boatman_city,297,101 98,true
2434,Dwarven Miner,dwarf_city_dwarf_sack_in_cart_full,297,2150,false
2435,Dwarven Miner,dwarf_city_dwarf_sack_in_cart_empty,297,2150,false
2436,Dwarven Miner,dwarf_city_dwarf_sack_carrier_full,297,101 98,true
2437,Dwarven Miner,dwarf_city_dwarf_sack_carrier_full_down,297,101 98,true
2438,Dwarven Miner,dwarf_city_dwarf_sack_carrier_empty,297,101 98,true
2439,Dwarven Miner,dwarf_city_dwarf_sack_in_cart_full2,297,2150,false
2440,Dwarven Miner,dwarf_city_dwarf_sack_in_cart_empty2,297,2150,false
2441,Dwarven Miner,dwarf_city_dwarf_sack_carrier_full2,297,101 98,true
2442,Dwarven Miner,dwarf_city_dwarf_sack_carrier_full_down2,297,101 98,true
2443,Dwarven Miner,dwarf_city_dwarf_sack_carrier_empty2,297,101 98,true
2444,Dwarven Miner,dwarf_city_dwarf_sack_in_cart_full3,297,2150,false
2445,Dwarven Miner,dwarf_city_dwarf_sack_in_cart_empty3,297,2150,false
2446,Dwarven Miner,dwarf_city_dwarf_sack_carrier_full3,297,101 98,true
2447,Dwarven Miner,dwarf_city_dwarf_sack_carrier_full_down3,297,101 98,true
2448,Dwarven Miner,dwarf_city_dwarf_sack_carrier_empty3,297,101 98,true
2450,Animated Bronze Armour,warguild_bronze_armour,0,808 819 820 821 822,true
2451,Animated Iron Armour,warguild_iron_armour,0,808 819 820 821 822,true
2452,Animated Steel Armour,warguild_steel_armour,0,808 819 820 821 822,true
2453,Animated Black Armour,warguild_black_armour,0,808 819 820 821 822,true
2454,Animated Mithril Armour,warguild_mithril_armour,0,808 819 820 821 822,true
2455,Animated Adamant Armour,warguild_adamant_armour,0,2065 2064,true
2456,Animated Rune Armour,warguild_rune_armour,0,808 819 820 821 822,true
2457,,wgs_thaerisk_cemphier_multinpc2,0,808 819 820 821 822,true
2458,,wgs_hunting_broav_multi,2289,11232 11234,true
2459,Gamfred,warguild_gamfred,297,101 98,true
2460,Ajjat,warguild_ajjat,0,2065 2064,true
2461,Kamfreena,warguild_kamfreena,0,2065 2064,true
2462,Shanomi,warguild_shanomi,0,2561 2562,true
2463,Cyclops,warguild_cyclops1,1081,4650 4649,false
2464,Cyclops,warguild_cyclops2,1081,4650 4649,false
2465,Cyclops,warguild_cyclops3,1081,4650 4649,false
2466,Cyclops,warguild_cyclops4,1081,4650 4649,false
2467,Cyclops,warguild_cyclops5,1081,4650 4649,false
2468,Cyclops,warguild_cyclops6,1081,4650 4649,false
2469,Lidio,warguild_food_shopkeeper,0,808 819 820 821 822,true
2470,Lilly,warguild_potion_shopkeeper,0,808 819 820 821 822,false
2471,Anton,warguild_armour_shopkeeper,0,808 819 820 821 822,true
2472,Jade,warguild_banker,0,808,true
2473,,wgs_silif_falador_multi,0,808 819 820 821 822,true
2474,Catablepon,sos_pest_catablepon,989,4269 4268,true
2475,Catablepon,sos_pest_catablepon2,989,4269 4268,true
2476,Catablepon,sos_pest_catablepon3,989,4269 4268,true
2477,Giant spider,sos_pest_giantspider1,1248,5326 5325,true
2478,Spider,sos_pest_spider,1427,6247 6248,false
2479,Scorpion,sos_pest_scorpion,1426,6252 6253,true
2480,Scorpion,sos_pest_scorpion2,1426,6252 6253,true
2481,Minotaur,sos_war_minotaur,990,4264 4263,true
2482,Minotaur,sos_war_minotaur2,990,4264 4263,true
2483,Minotaur,sos_war_minotaur3,990,4264 4263,true
2484,Goblin,sos_war_goblin_armed,1415,6186 6187,true
2485,Goblin,sos_war_goblin_helmet,1415,6186 6187,true
2486,Goblin,sos_war_goblin_green_soldier_1,1415,6186 6187,true
2487,Goblin,sos_war_goblin_armed2,1415,6186 6187,true
2488,Goblin,sos_war_goblin_helmet2,1415,6186 6187,true
2489,Goblin,sos_war_goblin_green_soldier_2,1415,6186 6187,true
2490,Wolf,sos_war_wolf,1491,6580 6556,true
2491,Wolf,sos_war_wolf2,1491,6580 6556,true
2492,Rat,sos_war_rat,326,2704 2703,true
2493,,deadman_guard_zeah,0,813 819 820 821 822,true
2498,Flesh Crawler,sos_fam_fleshcrawler,575,1183 1189,true
2499,Flesh Crawler,sos_fam_fleshcrawler2,575,1183 1189,true
2500,Flesh Crawler,sos_fam_fleshcrawler3,575,1183 1189,true
2501,Zombie,sos_fam_zombie_unarmed,1288,5565 5570 5790 5788 5789,true
2502,Zombie,sos_fam_zombie_unarmed2,1288,5565 5570 5790 5788 5789,true
2503,Zombie,sos_fam_zombie_unarmed3,1288,5565 5570 5790 5788 5789,true
2504,Zombie,sos_fam_zombie2,1288,5572 5570 5790 5788 5789,true
2505,Zombie,sos_fam_zombie2_b,1288,5572 5570 5790 5788 5789,true
2506,Zombie,sos_fam_zombie2_c,1288,5572 5570 5790 5788 5789,true
2507,Zombie,sos_fam_zombie_armed,1288,5576 5577 5793 5792 5791,true
2508,Zombie,sos_fam_zombie_armed2,1288,5576 5577 5793 5792 5791,true
2509,Zombie,sos_fam_zombie_armed3,1288,5572 5570 5790 5788 5789,true
2510,Giant rat,sos_fam_giantrat,1152,4932 4931,true
2511,Giant rat,sos_fam_giantrat2,1152,4932 4931,true
2512,Giant rat,sos_fam_giantrat3,1152,4932 4931,true
2513,Rat,sos_fam_rat,326,2704 2703,true
2514,Ankou,sos_death_ankou,0,808 819 820 821 822,false
2515,Ankou,sos_death_ankou2,0,808 819 820 821 822,false
2516,Ankou,sos_death_ankou3,0,808 819 820 821 822,false
2517,Ankou,sos_death_ankou_strongholdcave,0,808 819 820 821 822,false
2518,Ankou,sos_death_ankou_strongholdcave_2,0,808 819 820 821 822,false
2519,Ankou,sos_death_ankou_strongholdcave_3,0,808 819 820 821 822,false
2520,Skeleton,sos_death_skeleton_unarmed,1291,5483 5481,true
2521,Skeleton,sos_death_skeleton_unarmed2,1291,5483 5479,true
2522,Skeleton,sos_death_skeleton_unarmed3,1291,5483 5479,true
2523,Skeleton,sos_death_skeleton_unarmed4,1291,5483 5481,true
2524,Skeleton,sos_death_skeleton_armed,1291,5483 5481,true
2525,Skeleton,sos_death_skeleton_armed2,1291,5483 5481,true
2526,Skeleton,sos_death_skeleton_armed3,1291,5483 5481,true
2527,Ghost,sos_death_ghost,1290,5538 5539,true
2528,Ghost,sos_death_ghost_b,1289,5530 5531,true
2529,Ghost,sos_death_ghost_c,1289,5530 5531,true
2530,Ghost,sos_death_ghost_d,1289,5530 5531,true
2531,Ghost,sos_death_ghost2,1289,5530 5531,true
2532,Ghost,sos_death_ghost2_b,1289,5530 5531,true
2533,Ghost,sos_death_ghost2_c,1289,5530 5531,true
2534,Ghost,sos_death_ghost2_d,1289,5530 5531,true
2535,Johanhus Ulsbrecht,favour_johanhus_ulsbrecht,0,808 819 820 821 822,true
2536,H.A.M. Guard,favour_guard_male_no_beard,0,808 819 820 821 822,true
2537,H.A.M. Guard,favour_guard_male_bearded,0,808 819 820 821 822,true
2538,H.A.M. Guard,favour_guard_long_beard,0,808 819 820 821 822,true
2539,H.A.M. Deacon,favour_deacon,0,808 819 820 821 822,true
2540,H.A.M. Member,favour_male_ham_civilian,0,808 819 820 821 822,false
2541,H.A.M. Member,favour_female_ham_civilian,0,808 819 820 821 822,true
2542,H.A.M. Member,favour_npc_floor,0,1144,false
2543,H.A.M. Member,favour_npc_chair,0,1673,true
2544,Mounted terrorchick gnome,aluft_delivery_mounted_terrorchic,1533,6798 6799,true
2545,Captain Lamdoo,aluft_pilot_lamdoo,2402,2331 12042,true
2546,Terrorchick gnome,aluft_terrorchic,1533,6798 6799,false
2547,Gianne jnr.,aluft_gnome_delivery_controller,2402,4536,false
2548,Timble,aluft_gnome_delivery_one,2402,2331 12042,true
2549,Tamble,aluft_gnome_delivery_two,2402,2331 12042,true
2550,Spang,aluft_gnome_delivery_three,2402,2331 12042,true
2551,Brambickle,aluft_gnome_explorer_mountain,2402,2331 12042,false
2552,Wingstone,aluft_gnome_explorer_safari,2402,2331 12042,false
2553,Penwie,aluft_gnome_explorer_jungle,2402,2331 12042,false
2554,Generic Diplomat,aluft_gnome_diplomat,2402,2331 12042,true
2555,Ambassador Gimblewap,aluft_gnome_diplomat_ardougne,2402,2331 12042,true
2556,Ambassador Spanfipple,aluft_gnome_diplomat_falador,2402,2331 12042,true
2557,Ambassador Ferrnook,aluft_gnome_diplomat_varrock,2402,2331 12042,true
2558,Professor Manglethorp,aluft_gnome_inventor,2402,2331 12042,true
2559,Damwin,aluft_gnome_cheerleader,2402,2331 12042,true
2560,Professor Onglewip,aluft_gnome_mage,2402,2331 12042,true
2561,Professor Imblewyn,aluft_gnome_mage_2,2402,2331 12042,true
2562,Perrdur,aluft_gnome_customer_one,2402,4538,false
2563,Dalila,aluft_gnome_customer_two,2402,4537,false
2564,Sorrn,aluft_gnome_customer_three,2402,2331 12042,true
2565,Mimm,aluft_customer_female,2402,2331 12042,true
2566,Eebel,aluft_customer_male,2402,2331 12042,true
2567,Ermin,aluft_customer_spinner,2402,2331 12042,true
2568,Portobello,aluft_gnome_pilot,2402,2331 12042,true
2569,Captain Ninto,aluft_pilot_ninto,2402,2331 12042,true
2570,Captain Daerkin,aluft_pilot_daerkin,2402,2331 12042,true
2571,Meegle,aluft_gnome_terrorbird_trainer,2402,2331 12042,true
2572,Wurbel,aluft_gnomeball_fan,2402,2331 12042,true
2573,Sarble,aluft_toad_handler,2402,2331 12042,true
2574,Guard Vemmeldo,gnome_bank_guard,2402,2331 12042,true
2575,Burkor,aluft_gnomeknight,2402,2331 12042,true
2576,Froono,aluft_gnome_child,2402,2331 12042,true
2577,Abbot Langley,abbot_langley,0,808 819 820 821 822,true
2578,Brother Jered,brother_jered,0,808 819 820 821 822,true
2579,Monk,monk,0,808 819 820 821 822,true
2580,Mage of Zamorak,rcu_zammy_mage1a,0,808 819 820 821 822,true
2581,Mage of Zamorak,rcu_zammy_mage1b,0,808 819 820 821 822,true
2582,Mage of Zamorak,rcu_zammy_mage1_edgeb,0,808 819 820 821 822,true
2583,Dark Mage,rcu_zammy_mage2,0,2149,false
2584,Abyssal leech,abyssal_leech,9,2180 2179,true
2585,Abyssal guardian,abyssal_pyramid,10,2185 2184,true
2586,Abyssal walker,abyssal_walker,11,2191 2190,true
2592,Mogre,mudskipper_ogre,321,357 358,true
2593,Werewolf,canafis_werewolf_man1,1490,6539 6541,true
2594,Werewolf,canafis_werewolf_man2,1490,6539 6541,true
2595,Werewolf,canafis_werewolf_man3,1490,6539 6541,true
2596,Werewolf,canafis_werewolf_man4,1490,6539 6541,true
2597,Werewolf,canafis_werewolf_man5,1490,6539 6541,true
2598,Werewolf,canafis_werewolf_man6,1490,6539 6541,true
2599,Werewolf,canafis_werewolf_man7,1490,6539 6541,true
2600,Werewolf,canafis_werewolf_man8,1490,6539 6541,true
2601,Werewolf,canafis_werewolf_woman1,1490,6539 6541,true
2602,Werewolf,canafis_werewolf_woman2,1490,6539 6541,true
2603,Werewolf,canafis_werewolf_woman3,1490,6539 6541,true
2604,Werewolf,canafis_werewolf_woman4,1490,6539 6541,true
2605,Werewolf,canafis_werewolf_woman5,1490,6539 6541,true
2606,Werewolf,canafis_werewolf_woman6,1490,6539 6541,true
2607,Werewolf,canafis_werewolf_woman7,1490,6539 6541,true
2608,Werewolf,canafis_werewolf_woman8,1490,6539 6541,true
2609,Werewolf,canafis_werewolf_woman9,1490,6539 6541,true
2610,Werewolf,canafis_werewolf_woman10,1490,6539 6541,true
2611,Werewolf,canafis_werewolf_woman11,1490,6539 6541,true
2612,Werewolf,canafis_werewolf_woman12,1490,6539 6541,true
2613,Boris,canafis_man1,0,808 819 820 821 822,true
2614,Imre,canafis_man2,0,808 819 820 821 822,true
2615,Yuri,canafis_man3,0,808 819 820 821 822,true
2616,Joseph,canafis_man4,0,808 819 820 821 822,true
2617,Nikolai,canafis_man5,0,808 819 820 821 822,true
2618,Eduard,canafis_man6,0,808 819 820 821 822,true
2619,Lev,canafis_man7,0,808 819 820 821 822,true
2620,Georgy,canafis_man8,0,808 819 820 821 822,true
2621,Svetlana,canafis_woman1,0,808 6531 6532 821 822,true
2622,Irina,canafis_woman2,0,808 6531 6532 821 822,true
2623,Alexis,canafis_woman3,0,808 6531 6532 821 822,true
2624,Milla,canafis_woman4,0,808 6531 6532 821 822,true
2625,Galina,canafis_woman5,0,808 6531 6532 821 822,true
2626,Sofiya,canafis_woman6,0,808 6531 6532 821 822,true
2627,Ksenia,canafis_woman7,0,808 6531 6532 821 822,true
2628,Yadviga,canafis_woman8,0,808 6531 6532 821 822,true
2629,Nikita,canafis_woman9,0,808 6531 6532 821 822,true
2630,Vera,canafis_woman10,0,808 6531 6532 821 822,true
2631,Zoja,canafis_woman11,0,808 6531 6532 821 822,true
2632,Liliya,canafis_woman12,0,808 6531 6532 821 822,true
2633,Banker,werewolfbanker,0,808,true
2634,Myre Blamish Snail,mmsnailround_swamp,638,1276 1274,false
2635,Bob,twocats_bob_cutscene,280,317 314,true
2636,Bob,twocats_bob_cutscene2,280,317 314,true
2637,Sphinx,twocats_sphinx_cutscene,572,2028 2027,true
2638,Neite,twocats_niete_cutscene,280,317 314,true
2639,Robert the Strong,twocats_robert_cutscene,0,808 819 820 821 822,true
2640,Odysseus,twocats_odysseus_cutscene,323,2668 2667,true
2641,Dragonkin,twocats_dragonkin_cutscene,1762,2688 2689,false
2642,King Black Dragon,twocats_kbd_cutscene,1080,90 4635,true
2643,R4ng3rNo0b889,twocats_adventurer_cutscene,0,808 819 820 821 822,true
2644,Love Cats,twocats_carpet_cats,675,2673 2672,false
2645,Blood Blamish Snail,mmsnailround_red+black,638,1276 1274,false
2646,Ochre Blamish Snail,mmsnailround_yellow,638,1276 1274,false
2647,Bruise Blamish Snail,mmsnailround_blue,638,1276 1274,false
2648,Bark Blamish Snail,mmsnailround_orange,638,1276 1274,false
2649,Myre Blamish Snail,mmsnailpoint_swamp,638,1276 1274,false
2650,Blood Blamish Snail,mmsnailpoint_red+black,638,1276 1274,false
2651,Ochre Blamish Snail,mmsnailpoint_yellow,638,1276 1274,false
2652,Bruise Blamish Snail,mmsnailpoint_blue,638,1276 1274,false
2653,Fishing spot,0_54_53_slimey_eel,1701,7634,false
2654,Fishing spot,0_53_53_slimey_eel,1701,7634,false
2655,Fishing spot,0_53_51_slimey_eel,1701,7634,false
2656,Aluft Gianne snr.,aluft_gianne,2402,2331 12042,true
2657,Gnome Waiter,gnome_waiter,2402,2331 12042,true
2658,Head chef,head_chef,0,808 819 820 821 822,true
2659,Purepker895,wom_fakeplayer1,0,808 819 820 821 822,true
2660,Qutiedoll,wom_fakeplayer2,0,808 819 820 821 822,true
2661,1337sp34kr,wom_fakeplayer3,0,808 1146 820 821 822,false
2662,Elfinlocks,wom_fakeplayer4,0,808 819 820 821 822,true
2663,Elstan,elstan,0,2163 2164,true
2664,Dantaera,dantaera,0,808 819 820 821 822,true
2665,Kragen,kragen,0,2163 2164,true
2666,Lyra,lyra,0,808 819 820 821 822,true
2667,Francis,francis,0,808 819 820 821 822,true
2669,Garth,garth,0,2163 2164,true
2670,Ellena,farming_gardener_fruit_4,0,808 819 820 821 822,true
2671,Selena,farming_gardener_hops_1,0,808 819 820 821 822,true
2672,Vasquen,farming_gardener_hops_3,0,2163 2164,true
2673,Rhonen,farming_gardener_hops_4,0,808 819 820 821 822,true
2674,Dreven,farming_gardener_bush_1,0,2163 2164,true
2675,Taria,farming_gardener_bush_2,0,808 819 820 821 822,true
2676,Rhazien,farming_gardener_bush_3,0,2163 2164,true
2677,Torrell,farming_gardener_bush_4,0,808 819 820 821 822,true
2678,Alain,farming_gardener_tree_1,0,2163 2164,true
2679,Heskel,farming_gardener_tree_2,0,808 819 820 821 822,true
2680,Treznor,farming_gardener_tree_3,0,808 819 820 821 822,true
2681,Fayeth,farming_gardener_tree_4,0,808 819 820 821 822,true
2682,Bolongo,farming_gardener_fruit_1,2402,2331 12042,true
2683,Gileth,farming_gardener_fruit_2,0,808 819 820 821 822,true
2684,Frizzy Skernip,farming_gardener_spirit_tree_1,2402,2331 12042,true
2685,Yulf Squecks,farming_gardener_spirit_tree_2,2402,2331 12042,true
2686,Praistan Ebola,farming_gardener_spirit_tree_3,2402,2331 12042,true
2687,Prissy Scilla,farming_gardener_tree_gnome,2402,2331 12042,true
2688,Imiago,farming_gardener_calquat,0,2163 2164,true
2689,Liliwen,farming_gardener_fruit_tree_5,0,808 819 820 821 822,true
2690,Cool Mom227,wom_fakeplayer5,0,808 819 820 821 822,true
2691,Sheep,sheepsheeredshaggy,1247,5339 5340,true
2692,Sheep,sheepsheeredshaggy2,1247,5339 5340,true
2693,Sheep,sheepunsheered,1247,5335 5334,true
2694,Sheep,sheepunsheeredg,1247,5335 5334,true
2695,Sheep,sheepunsheeredw,1247,5335 5334,true
2696,Sheep,sheepunsheered2,1247,5335 5334,true
2697,Sheep,sheepunsheered2g,1247,5335 5334,true
2698,Sheep,sheepunsheered2w,1247,5335 5334,true
2699,Sheep,sheepunsheered3,1247,5335 5334,true
2713,Wise Old Man,test_sillywom,0,813 1146 820 821 822,true
2779,,poh_toy_soldier,426,3712 3713,true
2780,,poh_toy_doll,424,3716 3717,true
2781,,poh_toy_mouse,425,3718,true
2782,Clockwork cat,poh_toy_cat,280,317 314,true
2783,Hirko,xbows_sales_dwarf_keldegrim,297,101 98,true
2784,Holoy,xbows_sales_dwarf_white_wolf_mt,297,101 98,true
2785,Hura,xbows_sales_dwarf_mine,297,101 98,true
2786,Sheep,sheepunsheered3g,1247,5335 5334,true
2787,Sheep,sheepunsheered3w,1247,5335 5334,true
2788,Sheep,sheepunsheeredshaggy,1247,5345 5344,true
2789,Sheep,sheepunsheeredshaggy2,1247,5345 5344,true
2790,Cow,cow,1338,5852 5848,true
2791,Cow,cow2,1338,5852 5848,true
2792,Cow calf,cow2_calf,1338,5852 5856,true
2793,Cow,cow3,1338,5852 5848,true
2794,Cow calf,cow3_calf,1338,5852 5856,true
2795,Cow,cow_beef,1338,5852 5848,true
2796,Pig,pig_1,790,2166 2165,true
2797,Pig,pig_2,790,2166 2165,true
2798,Piglet,piglet_1,790,2166 2165,true
2799,Piglet,piglet_2,790,2166 2165,true
2800,Piglet,piglet_3,790,2166 2165,true
2801,Cow calf,calf,1338,5852 5856,true
2802,Sheepdog,sheepdog,289,2268,false
2803,Rooster,farm_rooster,332,2298 2297,true
2804,Chicken,farm_chicken_brown,1255,5386 5385,true
2805,Chicken,farm_chicken_dark_brown,1255,5386 5385,true
2806,Chicken,farm_chicken_tan,1255,5386 5385,true
2807,Pig,farm_pig_1,790,2166 2165,true
2808,Pig,farm_pig_2,790,2166 2165,true
2809,Piglet,farm_piglet_1,790,2166 2165,true
2810,Piglet,farm_piglet_2,790,2166 2165,true
2811,Piglet,farm_piglet_3,790,2166 2165,true
2812,Father Aereck,father_aereck,0,808 819 820 821 822,true
2813,Shop keeper,generalshopkeeper1,0,808 819 820 821 822,true
2814,Shop assistant,generalassistant1,0,808 819 820 821 822,true
2815,Shop keeper,generalshopkeeper2,0,808 819 820 821 822,true
2816,Shop assistant,generalassistant2,0,808 819 820 821 822,true
2817,Shop keeper,generalshopkeeper3,0,808 819 820 821 822,true
2818,Shop assistant,generalassistant3,0,808 819 820 821 822,true
2819,Shop keeper,generalshopkeeper4,0,808 819 820 821 822,true
2820,Shop assistant,generalassistant4,0,808 819 820 821 822,true
2821,Shop keeper,generalshopkeeper5,0,808 819 820 821 822,true
2822,Shop assistant,generalassistant5,0,808 819 820 821 822,true
2823,Shop keeper,generalshopkeeper6,0,808 819 820 821 822,true
2824,Shop assistant,generalassistant6,0,808 819 820 821 822,true
2825,Shop keeper,generalshopkeeper7,0,808 819 820 821 822,true
2826,Shop assistant,generalassistant7,0,808 819 820 821 822,true
2827,Bat,small_bat,1153,4914 4913,false
2828,Dryad,dryhad,295,96 93,false
2829,Fairy,fairy,299,112 106,false
2830,Mysterious Old Man,cracktheclue_mom,0,808 819 820 821 822,true
2831,,ernest_multichicken,332,2298 2297,true
2832,<col=00ffff>Chair</col>,slug2_oniall_gone,0,4780,false
2833,Lil' Creator,poh_soulwars_pet_blue,228,8842 8846,true
2834,Giant bat,bat,1153,4914 4913,false
2835,Camel,camel,279,51 45,true
2836,Golem,golem,310,155 152,true
2837,Unicorn,unicorn,1472,6374 6373,false
2838,Grizzly bear,brownbear,1151,4919 4923,false
2839,Black bear,darkbear,1151,4919 4923,false
2840,Earth warrior,earthwarrior,0,808 819 820 821 822,true
2841,Ice warrior,icewarrior,0,842 841,true
2842,Ice warrior,icewarrior_low_wanderrange,0,842 841,true
2843,Otherworldly being,otherworldly_being,0,808 819 820 821 822,true
2844,Magic axe,magicaxe,317,187 181,true
2845,Snake,snake,340,277 274,true
2846,Skavid,skavid,337,257 254,true
2847,Yeti,yeti,377,296 293,true
2848,Monkey,monkey,320,222 219,true
2849,Black unicorn,black_unicorn,1472,6374 6373,false
2850,Veos,veos_controlled,0,813 1205 1206 1207 1208,true
2851,Ice warrior,icewarrior_queen,0,842 841,true
2853,Shadow warrior,shadow_warrior,0,842 841,true
2854,Rat,rat,326,2704 2703,true
2855,Rat,rat_indoors,326,2704 2703,true
2856,Giant rat,giantrat,1152,4932 4931,true
2857,Giant rat,giantrat2,1152,4932 4931,true
2858,Giant rat,giantrat3,1152,4932 4931,true
2859,Giant rat,giantrat_grey,1152,4932 4931,true
2860,Giant rat,giantrat_grey2,1152,4932 4931,true
2861,Giant rat,giantrat_grey3,1152,4932 4931,true
2862,Giant rat,giantrat1,1152,4932 4931,true
2863,Giant rat,giantrat1_2,1152,4932 4931,true
2864,Giant rat,giantrat1_3,1152,4932 4931,true
2865,Dungeon rat,dungeon_rat,1152,4932 4931,true
2866,Dungeon rat,dungeon_rat2,1152,4932 4931,true
2867,Dungeon rat,dungeon_rat3,1152,4932 4931,true
2868,Fairy shop keeper,generalshopkeeper8,299,112 106,false
2869,Fairy shop assistant,generalassistant8,299,112 106,false
2870,Valaine,valaine,0,808 819 820 821 822,true
2871,Scavvo,scavvo,0,808 819 820 821 822,true
2872,Peksa,peksa,0,808 819 820 821 822,false
2873,Silk trader,silk_trader,0,808 819 820 821 822,true
2874,Gem trader,gem_trader,0,808 819 820 821 822,true
2875,Zeke,zeke,0,808 819 820 821 822,true
2876,Louie Legs,louie_legs,0,808 819 820 821 822,true
2877,Karim,kebab_seller,0,808 819 820 821 822,true
2878,Ranael,ranael,0,808 819 820 821 822,true
2879,Dommik,dommik,0,808 819 820 821 822,true
2880,Zaff,zaff,0,813 819 820 821 822,true
2881,Baraek,baraek,0,808 819 820 821 822,false
2882,Horvik,horvik_the_armourer,0,808 819 820 821 822,true
2883,Lowe,lowe,0,808 819 820 821 822,true
2884,Shop keeper,swordshop1,0,808 819 820 821 822,true
2885,Shop assistant,swordshop2,0,808 819 820 821 822,true
2886,,aubury,0,808 819 820 821 822,true
2887,Asyff,tailorp,0,808 819 820 821 822,true
2888,Shop keeper,khazard_shopkeeper,0,808 819 820 821 822,true
2889,Grum,grum,0,808 819 820 821 822,true
2890,Wydin,wydin,0,808 819 820 821 822,true
2891,Gerrant,gerrant,0,813 1205 1206 1207 1208,true
2892,Brian,brian,0,808 819 820 821 822,true
2893,Jiminua,jiminua,0,808 819 820 821 822,true
2894,Shop keeper,lathas_shopkeeper,0,808 819 820 821 822,true
2895,Cook,fai_varrock_bluemoon_chef,0,808 819 820 821 822,true
2896,Cook,fai_varrock_jollyboar_chef,0,808 819 820 821 822,true
2897,Banker,banker1_new,0,808,false
2898,Banker,banker2_new,0,808,true
2899,Iffie,varrock_granny_1,0,6478,false
2900,Elsie,varrock_granny_2,0,6478,false
2901,Cleaner,fai_varrock_cleaner,0,5800 5799,true
2902,Stray dog,dog_stray,1105,4777 4773,true
2903,Orange salamander,salamander_orange,1209,5263 5262,true
2904,Red salamander,salamander_red,1209,5263 5262,true
2905,Black salamander,salamander_black,1209,5263 5262,true
2906,Swamp lizard,salamander_green,1209,5263 5262,true
2907,Sabre-toothed kyatt,hunting_snow_tiger,1206,5225 5226,true
2908,Spined larupia,hunting_jaguar,1206,5225 5226,true
2909,Horned graahk,hunting_leopard,1206,5225 5226,true
2910,Chinchompa,hunting_chinchompa,1203,5182 5181,true
2911,Carnivorous chinchompa,hunting_chinchompa_big,1203,5182 5181,true
2912,Black chinchompa,hunting_chinchompa_black,1203,5182 5181,true
2913,Master fisher,master_fisher,0,808 819 820 821 822,true
2914,Otto Godblessed,brut_otto,0,808 819 820 821 822,true
2915,Otto Godblessed,brut_otto_hammer,0,808 819 820 821 822,true
2916,Waterfiend,brut_waterfiend,811,1578 1579,true
2917,Waterfiend,waterfiend_strongholdcave,811,1578 1579,true
2918,Brutal green dragon,brut_green_dragon,1080,90 79,true
2919,Mithril dragon,brut_mithril_dragon,1080,90 79,true
2920,Confused barbarian,brut_barbarian1,0,2065 2064,true
2921,Lost barbarian,brut_barbarian7,0,808 819 820 821 822,true
2922,Stray dog,dog_stray2,1105,4777 4773,true
2923,Blast Furnace Foreman,blast_furnace_instructor,297,101 98,true
2934,,templetrek_multi_child_hard,2402,2331 12042,true
2935,,templetrek_multi_oldman_hard,0,808 1146,true
2936,,templetrek_multi_woman_med,0,808 819 820 821 822,true
2937,,templetrek_multi_man_med,0,808 819 820 821 822,true
2938,,templetrek_multi_retired_man_easy,0,808 819 820 821 822,true
2939,,templetrek_multi_retired_soldier_easy,0,808 819 820 821 822,true
2940,,ramble_multi_hard_ranger,0,808 819 820 821 822,true
2941,,ramble_multi_hard_fighter,0,808 819 820 821 822,true
2942,,ramble_multi_med_mage,0,813 1205 1206 1207 1208,true
2943,,ramble_multi_med_ranger,0,808 819 820 821 822,true
2944,,ramble_multi_easy_fighter,0,2561 2562,true
2945,,ramble_multi_easy_mage,0,813 1205 1206 1207 1208,true
2946,Nail beast,ttrek2_nail_beast_1,1372,5986 5987,true
2947,Nail beast,ttrek2_nail_beast_2,1372,5986 5987,true
2948,Nail beast,ttrek2_nail_beast_3,1372,5986 5987,true
2949,Squire,pest_squire_instance,0,813 1205 1206 1207 1208,true
2950,Void Knight,pest_voidknight_control1,0,3926,true
2951,Void Knight,pest_voidknight_control2,0,3926,true
2952,Void Knight,pest_voidknight_control3,0,3926,true
2953,Void Knight,pest_voidknight_control4,0,3926,true
2954,Zamorak wizard,trail_hard,0,808 819 820 821 822,true
2955,Saradomin wizard,trail_hard2,0,808 819 820 821 822,true
2956,Spring Elemental,100_osman_spring_elemental_1,1340,5801 5802,false
2957,Spring Elemental,100_osman_spring_elemental_2,1340,5801 5802,false
2958,Spring Elemental,100_osman_spring_elemental_3,1340,5801 5802,false
2959,Spring Elemental,100_osman_spring_elemental_4,1340,5801 5802,false
2960,Spring Elemental,100_osman_spring_elemental_5,1340,5801 5802,false
2961,Spring Elemental,100_osman_spring_elemental_6,1340,5801 5802,false
2962,Spring Elemental,100_osman_spring_elemental_7,1340,5801 5802,false
2963,Spring Elemental,100_osman_spring_elemental_8,1340,5801 5802,false
2964,,fairyresistance_multi2,299,112 106,true
2965,,fairyresistance_multi3,299,112 106,true
2966,,fairyresistance_multi4,299,112 106,true
2967,,fairyresistance_multi5,299,112 106,true
2968,,fairy_nuff_multi,299,112 106,true
2969,,fairy_nuff_multi2,299,112 106,true
2970,,fairyliquid_multi,299,112 106,true
2971,,fairy_queen_multi2,299,112 106,true
2972,King Awowogei,hundred_monkey,588,1386 1380,true
2974,King Awowogei,hundred_monkey_frozen_base,588,1386 1380,true
2975,Mizaru,hundred_ilm_mizaru,588,3525,false
2976,Kikazaru,hundred_ilm_kikazaru,588,3523,false
2977,Iwazaru,hundred_ilm_iwazaru,588,3524,false
2978,Big Snake,hundred_ilm_snake,641,3535 3537,true
2979,,fris_r_burgher,0,808 819 820 821 822,true
2980,Mawnis Burowgar,frisd_iznotking,0,808 819 820 821 822,true
2981,Honour guard,frisd_brg_grd1,0,813 819 820 821 822,true
2982,Honour guard,frisd_brg_grd2,0,813 819 820 821 822,true
2983,Fridleif Shieldson,frisd_grd,0,808 819 820 821 822,true
2984,Thakkrad Sigmundson,frisd_eng,0,808 819 820 821 822,true
2985,Velorina,ahoy_velorina,0,808 819 820 821 822,true
2986,Necrovarus,ahoy_necrovarus,0,813 1205 1206 1207 1208,true
2987,Gravingas,ahoy_ghost_protestor,0,1421 1422 1423 1424 1425,true
2988,Ghost disciple,ahoy_disciple,0,813 1205 1206 1207 1208,true
2990,,goopy_snake,449,1644 1645,true
2991,,goopy_bloop,451,1646 1647,true
2992,Undead cow,ahoy_undead_cow,1338,5852 5848,true
2993,Undead chicken,ahoy_undead_chicken,1255,5386 5385,true
2994,Giant lobster,giant_lobster,1426,6263 6264,true
2995,Robin,ahoy_robin,0,808 819 820 821 822,true
2996,Old crone,ahoy_crone,0,808 819 820 821 822,true
2997,Old man,ahoy_oldman,0,808 819 820 821 822,true
2998,Ghost villager,ahoy_ghost_villager,0,808 819 820 821 822,true
2999,Tortured soul,ahoy_tortured_soul,0,808 819 820 821 822,true
3000,Ghost shopkeeper,ahoy_ghost_shopkeeper,0,808 819 820 821 822,true
3001,Ghost innkeeper,ahoy_ghost_innkeeper,0,808 819 820 821 822,true
3002,Ghost farmer,ahoy_ghost_farmer,0,808 819 820 821 822,true
3003,Ghost banker,ahoy_ghost_banker,0,808,true
3004,Ghost sailor,ahoy_ghost_sailor,0,808 819 820 821 822,true
3005,Ghost captain,ahoy_ghost_captain_1,0,808 819 820 821 822,true
3006,Ghost captain,ahoy_ghost_captain_2,0,808 819 820 821 822,true
3007,Ghost guard,ahoy_ghost_guard,0,808 819 820 821 822,true
3008,Ghost (?),ahoy_ghost_disguise,450,1639 1640,false
3009,Ghost (?),ahoy_ghost_disguise_green,450,1639 1640,false
3010,Guard,fai_varrock_guard,0,6487 6486,true
3011,Guard,fai_varrock_guard_captain,0,6487 6486,true
3012,Trainee Guard,fai_varrock_guard_training,0,6487 6486,true
3013,Captain,fai_varrock_guard_trainer,0,6487 6486,true
3014,Man,varrock_man1,0,808 819 820 821 822,true
3015,Woman,varrock_woman1,0,808 819 820 821 822,true
3016,Shadow spider,shadow_spider,1248,5326 5325,true
3017,Giant spider,giantspider1,1248,5326 5325,true
3018,Giant spider,giantspider2,1248,5326 5325,true
3019,Spider,spider,1427,6247 6248,false
3020,Jungle spider,jungle_spider,1248,5326 5325,true
3021,Deadly red spider,deadly_red_spider,1248,5326 5325,true
3022,Ice spider,ice_spider,1248,5326 5325,true
3023,Poison spider,poisonspider,1248,5326 5325,true
3024,Scorpion,scorpion,1426,6252 6253,true
3025,Poison Scorpion,poison_scorpion,1426,6252 6253,true
3026,Pit Scorpion,smallscorpion,1426,6258 6257,false
3027,King Scorpion,kingscorpion,1426,6252 6253,true
3028,Goblin,goblin,1415,6181 6180,true
3029,Goblin,goblin_unarmed_melee_1,1415,6181 6180,true
3030,Goblin,goblin_unarmed_melee_2,1415,6181 6180,true
3031,Goblin,goblin_unarmed_melee_3,1415,6181 6180,true
3032,Goblin,goblin_unarmed_melee_4,1415,6181 6180,true
3033,Goblin,goblin_unarmed_melee_5,1415,6181 6180,true
3034,Goblin,goblin_unarmed_melee_6,1415,6181 6180,true
3035,Goblin,goblin_unarmed_melee_7,1415,6181 6180,true
3036,Goblin,goblin_unarmed_melee_8,1415,6181 6180,true
3037,Goblin,goblin_unarmed_melee_in_1,1415,6181 6180,true
3038,Goblin,goblin_unarmed_melee_in_2,1415,6181 6180,true
3039,Goblin,goblin_unarmed_melee_in_3,1415,6181 6180,true
3040,Goblin,goblin_unarmed_melee_in_4,1415,6181 6180,true
3041,Goblin,goblin_unarmed_melee_in_5,1415,6181 6180,true
3042,Goblin,goblin_unarmed_melee_in_6,1415,6181 6180,true
3043,Goblin,goblin_unarmed_melee_in_7,1415,6181 6180,true
3044,Goblin,goblin_unarmed_melee_in_8,1415,6181 6180,true
3045,Goblin,goblin_armed,1415,6186 6187,true
3046,Goblin,goblin_helmet,1415,6181 6180,true
3047,Goblin,goblin_red_soldier_1,1415,6181 6180,true
3048,Goblin,goblin_green_soldier_1,1415,6186 6187,true
3049,Hobgoblin,hobgoblin_unarmed,312,166 162,true
3050,Hobgoblin,hobgoblin_armed,312,166 162,true
3051,Goblin,goblin_armed_melee_1,1415,6181 6180,true
3052,Goblin,goblin_armed_melee_2,1415,6181 6180,true
3053,Goblin,goblin_armed_melee_3,1415,6181 6180,true
3054,Goblin,goblin_armed_melee_4,1415,6181 6180,true
3055,Barbarian,fai_barbarian_1,0,2065 2064,true
3056,Barbarian,fai_barbarian_2,0,2561 2562,true
3057,Barbarian,fai_barbarian_3,0,2065 2064,true
3058,Barbarian,fai_barbarian_4,0,2561 2562,true
3059,Barbarian,fai_barbarian_5,0,2065 2064,true
3060,Barbarian,fai_barbarian_6,0,2561 2562,true
3061,Barbarian,fai_barbarian_7,0,2065 2064,true
3062,Barbarian,fai_barbarian_8,0,2561 2562,true
3063,Hunding,fai_barbarian_9,0,808 819 820 821 822,true
3064,Barbarian,fai_barbarian_10,0,2561 2562,true
3065,Barbarian,fai_barbarian_11,0,2561 2562,true
3066,Barbarian,fai_barbarian_12,0,2065 2064,true
3067,Barbarian,fai_barbarian_13,0,2561 2562,true
3068,Barbarian,fai_barbarian_14,0,808 819 820 821 822,true
3069,Barbarian,fai_barbarian_female_1,0,813 1205 1206 1207 1208,true
3070,Barbarian,fai_barbarian_female_2,0,813 1205 1206 1207 1208,true
3071,Barbarian,fai_barbarian_female_3,0,813 1205 1206 1207 1208,true
3072,Barbarian,fai_barbarian_female_4,0,813 1205 1206 1207 1208,true
3073,Goblin,fai_barbarian_goblin_armed_1,1415,6186 6187,true
3074,Goblin,fai_barbarian_goblin_armed_2,1415,6186 6187,true
3075,Goblin,fai_barbarian_goblin_armed_3,1415,6186 6187,true
3076,Goblin,fai_barbarian_goblin_armed_4,1415,6186 6187,true
3077,Phoenix,poh_phoenix_pet_green,1535,6809 6808,true
3078,Phoenix,poh_phoenix_pet_blue,1535,6809 6808,true
3079,Phoenix,poh_phoenix_pet_white,1535,6809 6808,true
3080,Phoenix,poh_phoenix_pet_purple,1535,6809 6808,true
3081,Phoenix,phoenix_pet_green,1535,6809 6808,true
3082,Phoenix,phoenix_pet_blue,1535,6809 6808,true
3083,Phoenix,phoenix_pet_white,1535,6809 6808,true
3084,Phoenix,phoenix_pet_purple,1535,6809 6808,true
3086,<col=00ffff>Portal</col>,essencemine_portal_1,712,504,true
3087,,blankrunestone_exit_portal_1,712,504,true
3088,<col=00efef>Portal</col>,essencemine_portal_2,712,504,true
3089,Banker,banker2_east,0,808,true
3090,Banker,kharidbanker1,0,808,true
3091,Banker,kharidbanker2,0,808,true
3092,Banker,fairy_banker,299,112,false
3093,Banker,shilobanker,0,808,true
3094,Banker,falador_banker,0,808,true
3095,Chief servant,poh_chief_servant,0,808 819 820 821 822,true
3096,Taxidermist,poh_taxidermist,0,808 819 820 821 822,false
3097,Estate agent,poh_estate_agent,0,808 819 820 821 822,true
3098,Stonemason,poh_stonemason,297,101 98,true
3099,Hellpuppy,hellpet,1491,6561 6560,false
3100,Sir Renitee,poh_herald_of_falador,0,3719,false
3101,Sawmill operator,poh_sawmill_opp,0,808 819 820 821 822,true
3102,Garden supplier,poh_garden_supplier,0,808 819 820 821 822,true
3103,Garden supplier,kebos_poh_garden_supplier,0,808 819 820 821 822,true
3104,,souless,341,337 336,true
3105,Hans,hans,0,808 819 820 821 822,true
3106,Man,man,0,808 819 820 821 822,true
3107,Man,man2,0,808 819 820 821 822,true
3108,Man,man3,0,808 819 820 821 822,true
3109,Man,man4,0,813 1146 820 821 822,true
3110,Man,man4_for_musa_point,0,813 1146 820 821 822,true
3111,Woman,woman,0,808 819 820 821 822,true
3112,Woman,woman2,0,808 819 820 821 822,true
3113,Woman,woman3,0,808 819 820 821 822,true
3114,Farmer,farmer1,0,808 819 820 821 822,true
3115,Farid Morrisane (ores and bars),ge_expert_ores,2402,2331 12042,true
3116,Tz-Kih,tzhaar_fightcave_swarm_1a,160,2618 2619,false
3117,Tz-Kih,tzhaar_fightcave_swarm_1b,160,2618 2619,false
3118,Tz-Kek,tzhaar_fightcave_swarm_2a,162,2624 2623,true
3119,Tz-Kek,tzhaar_fightcave_swarm_2b,162,2624 2623,true
3120,Tz-Kek,tzhaar_fightcave_swarm_2spawn,162,2624 2623,true
3121,Tok-Xil,tzhaar_fightcave_swarm_3a,164,2631 2632,true
3122,Tok-Xil,tzhaar_fightcave_swarm_3b,164,2631 2632,true
3123,Yt-MejKot,tzhaar_fightcave_swarm_4a,163,2636 2634,true
3124,Yt-MejKot,tzhaar_fightcave_swarm_4b,163,2636 2634,true
3125,Ket-Zek,tzhaar_fightcave_swarm_5a,161,2642 2643,true
3126,Ket-Zek,tzhaar_fightcave_swarm_5b,161,2642 2643,true
3127,TzTok-Jad,tzhaar_fightcave_swarm_boss,159,2650 2651,true
3128,Yt-HurKot,tzhaar_fightcave_swarm_boss_cleric,163,2636 2634,true
3129,K'ril Tsutsaroth,godwars_zamorak_avatar,1078,6935 4070,true
3130,Tstanon Karlak,godwars_ancient_greater_demon,1078,66 63,true
3131,Zakl'n Gritch,godwars_ancient_lesser_demon,1078,66 63,true
3132,Balfrug Kreeyath,godwars_ancient_black_demon,1078,66 63,true
3133,Hellhound,godwars_ancient_hellhound,1491,6580 6582,true
3134,Imp,godwars_ancient_imp,1240,171 168,true
3135,Werewolf,godwars_ancient_werewolf1,1490,6539 6541,true
3136,Werewolf,godwars_ancient_werewolf2,1490,6539 6541,true
3137,Feral Vampyre,godwars_ancient_vampire,0,808 819 820 821 822,true
3138,Bloodveld,godwars_bloodveld,798,1551 1549,true
3139,Pyrefiend,godwars_pyrefiend_1,811,1578 1579,false
3140,Icefiend,godwars_icefiend_1,811,1578 1579,true
3141,Gorak,godwars_gorak,1001,4299 4298,false
3142,Gnome Coach,gnome_ball_coach,2402,2331 12042,false
3143,Gnome baller,gnomeballer_red,2402,2331 12042,true
3144,Gnome baller,gnomeballer_red_withball,2402,2331 12042,true
3145,Gnome baller,gnomeballer_red_tackled,2402,205,true
3146,Gnome baller,gnomeballer_red_tackled2,2402,208,true
3147,Gnome baller,gnomeballer_orange,2402,2331 12042,true
3148,Gnome baller,gnomeballer_orange_withball,2402,2331 12042,true
3149,Gnome baller,gnomeballer_orange_tackled,2402,205,true
3150,Gnome baller,gnomeballer_orange_tackled2,2402,208,true
3151,Gnome baller,gnomeballer_yellow,2402,2331 12042,true
3152,Gnome baller,gnomeballer_yellow_withball,2402,2331 12042,true
3153,Gnome baller,gnomeballer_yellow_tackled,2402,205,true
3154,Gnome baller,gnomeballer_yellow_tackled2,2402,208,true
3155,Gnome winger,gnomeballer_green,2402,2331 12042,true
3156,Gnome winger,gnomeballer_green_withball,2402,2331 12042,true
3157,Gnome ball referee,gnomereferee,2402,2331 12042,true
3158,Cheerleader,gnomecheerleader,2402,2331 12042,true
3159,Spiritual warrior,godwars_spiritual_zamorak_warrior,0,808 819 820 821 822,true
3160,Spiritual ranger,godwars_spiritual_zamorak_ranger,0,808 819 820 821 822,true
3161,Spiritual mage,godwars_spiritual_zamorak_mage,0,808 819 820 821 822,true
3162,Kree'arra,godwars_armadyl_avatar,1575,6976 6977,true
3163,Wingman Skree,godwars_armadyl_bodyguard_skree,1574,6952 6953,true
3164,Flockleader Geerin,godwars_armadyl_bodyguard_geerin,1574,6952 6953,true
3165,Flight Kilisa,godwars_armadyl_bodyguard_kilisa,1574,6952 6953,true
3166,Spiritual warrior,godwars_spiritual_armadyl_warrior,1574,6952 6953,true
3167,Spiritual ranger,godwars_spiritual_armadyl_ranger,1574,6952 6953,true
3168,Spiritual mage,godwars_spiritual_armadyl_mage,1574,6952 6953,true
3169,Aviansie,godwars_armadyl_male_armor01_blue,1574,6952 6953,true
3170,Aviansie,godwars_armadyl_male_armor01_green,1574,6952 6953,true
3171,Aviansie,godwars_armadyl_male_armor01_red,1574,6952 6953,true
3172,Aviansie,godwars_armadyl_male_armor02_blue,1574,6952 6953,true
3173,Aviansie,godwars_armadyl_male_armor02_green,1574,6952 6953,true
3174,Aviansie,godwars_armadyl_male_armor02_red,1574,6952 6953,true
3175,Aviansie,godwars_armadyl_male_armor03_green,1574,6952 6953,true
3176,Aviansie,godwars_armadyl_male_armor03_red,1574,6952 6953,true
3177,Aviansie,godwars_armadyl_female_armor01_blue,1574,6952 6953,true
3178,Aviansie,godwars_armadyl_female_armor01_green,1574,6952 6953,true
3179,Aviansie,godwars_armadyl_female_armor01_red,1574,6952 6953,true
3180,Aviansie,godwars_armadyl_female_armor02_blue,1574,6952 6953,true
3181,Aviansie,godwars_armadyl_female_armor02_green,1574,6952 6953,true
3182,Aviansie,godwars_armadyl_female_armor02_red,1574,6952 6953,true
3183,Aviansie,godwars_armadyl_female_armor03_blue,1574,6952 6953,true
3184,Dagannoth spawn,dagganoth_critter,538,1338 2361,true
3185,Dagannoth,dungeon_dagganoth_mainroom,538,1338 1339,true
3186,,dorgesh_zanik,1383,6040 6041,true
3187,,dorgesh_dark_wizard,0,6075 6076,true
3188,,dorgesh_khazard_bodyguard,0,808 819 820 821 822,true
3189,Brian O'Richard,roguesden_mazemaster,0,808 819 820 821 822,true
3190,Rogue Guard,roguesden_guard1,0,808 819 820 821 822,true
3191,Rogue Guard,roguesden_guard2,0,808 819 820 821 822,true
3192,Rogue Guard,roguesden_guard3,0,808 819 820 821 822,true
3193,Martin Thwait,roguesden_trader,0,808 819 820 821 822,true
3194,Emerald Benedict,roguesden_banker,0,808 819 820 821 822,true
3195,Spin Blades,roguesden_trap_floor_spinningblades_0,54,2212,true
3196,Spin Blades,roguesden_trap_floor_spinningblades_1,54,2212,true
3197,,dwarf_city_shop_sculpture_model_multi,297,101 98,true
3198,,dwarf_city_drunken_dwarf_multi,297,900 104,true
3199,Candle maker,candle_maker,0,808 819 820 821 822,true
3200,Arhein,arhein,0,808 819 820 821 822,true
3201,Jukat,jakut,299,112 106,false
3202,Lunderwin,fairy_lunderwin,299,112 106,false
3203,Irksol,irksol,0,808 819 820 821 822,true
3204,Fairy,fairy_ladder_attendant,299,112 106,false
3205,Surok Magis,wgs_surok_transition,0,11337,true
3206,,elena_lletya,0,808 819 820 821 822,true
3207,Gem merchant,gem_merchant,0,808 819 820 821 822,true
3208,Baker,baker_merchant,0,808 819 820 821 822,true
3209,Spice seller,spice_merchant,0,808 819 820 821 822,true
3210,Fur trader,fur_merchant,0,808 819 820 821 822,true
3211,Silk merchant,silk_merchant,0,808 819 820 821 822,true
3212,Hickton,hickton,0,808 819 820 821 822,true
3213,Harry,harry,0,808 819 820 821 822,true
3214,Cassie,cassie,0,808 819 820 821 822,true
3215,Frincos,frincos,0,808 819 820 821 822,true
3216,Melee combat tutor,aide_tutor_melee,0,808 819 820 821 822,true
3217,Ranged combat tutor,aide_tutor_ranging,0,808 819 820 821 822,true
3218,Magic combat tutor,aide_tutor_magic,0,813 1205 1206 1207 1208,true
3219,Cooking tutor,aide_tutor_cooking,0,808 819 820 821 822,true
3220,Crafting tutor,aide_tutor_crafting,0,808 819 820 821 822,true
3221,Fishing tutor,aide_tutor_fishing,0,3845,true
3222,Mining tutor,aide_tutor_mining,0,2065 2064,true
3223,Prayer tutor,aide_tutor_prayer,0,808 819 820 821 822,true
3224,Smithing apprentice,aide_tutor_smithing_apprentice,0,808 819 820 821 822,true
3225,Master smithing tutor,aide_tutor_smithing_master,0,808 819 820 821 822,true
3226,Woodsman tutor,aide_tutor_woodsman,0,2065 2064,true
3227,Banker tutor,aide_tutor_banker,0,808 819 820 821 822,true
3228,,rcu_zammy_mage1,0,808 819 820 821 822,true
3229,,rcu_zammy_mage1_edge,0,808 819 820 821 822,true
3230,,multi_skippy,0,2770 2769,true
3231,Ellis,ellis_tanner,0,808 819 820 821 822,true
3232,Wizard Jalarast,armourmaking_wizard,0,808 819 820 821 822,true
3233,Leech,vampire_leech,678,1270 1269,true
3234,Feral Vampyre,vampire_flyer,0,808 819 820 821 822,true
3235,Bee keeper,macro_beekeeper,0,808,true
3236,Mist,vampire_misty,680,1261,true
3237,Feral Vampyre,vampire_juve,0,808 819 820 821 822,true
3238,Vampyric hound,vampire_juve_hound,1491,6580 6556,true
3239,Feral Vampyre,vampire_count,0,808 819 820 821 822,true
3241,Blandebir,blandebir,297,101 98,true
3242,Metarialus,metarialus,0,808 819 820 821 822,true
3243,Farmer,farmer2,0,808 819 820 821 822,true
3244,Farmer,farmer3,0,808 819 820 821 822,true
3245,Farmer,farmer_farming,0,1728 1205 1206 1207 1208,true
3246,Wizard Frumscone,wizard_frumscone,0,808 819 820 821 822,true
3247,Wizard Akutha,magic_store_owner,0,813 1205 1206 1207 1208,true
3248,,guild_wizard,0,813 819 820 821 822,true
3249,Wizard Sinina,magic_store_owner2,0,808 819 820 821 822,true
3250,Farmer,farmer_farming_on_49_51,0,1728 1205 1206 1207 1208,true
3251,Farmer,farmer_farming_on_48_51,0,1728 1205 1206 1207 1208,true
3252,Thief,thief1,0,808 819 820 821 822,true
3253,Thief,thief2,0,808 819 820 821 822,true
3254,Guard,guard1,0,808 819 820 821 822,true
3255,Tramp,tramp,0,808 819 820 821 822,true
3256,Barbarian,barbarian,0,808 819 820 821 822,true
3257,Wizard,wizard,0,808 819 820 821 822,true
3258,Druid,druid,0,808 819 820 821 822,true
3259,Druid,druid_diary,0,808 819 820 821 822,true
3260,Warrior,warrior_woman,0,808 819 820 821 822,true
3261,Man,al_kharid_man,0,808 819 820 821 822,true
3262,Barbarian,barbarianwoman_varrock,0,808 819 820 821 822,true
3263,Drunken man,falador_man1,0,2770 2769,true
3264,Man,falador_man2,0,808 819 820 821 822,true
3265,Man,falador_man3,0,808 819 820 821 822,true
3266,Norman,falador_man4,0,813 1146 820 821 822,true
3267,Cecilia,falador_woman,0,808 819 820 821 822,true
3268,Woman,falador_woman2,0,808 819 820 821 822,true
3269,Guard,fai_falador_guard1,0,808 819 820 821 822,true
3270,Guard,fai_falador_guard2,0,4591 4226 4227 821 822,true
3271,Guard,fai_falador_guard3,0,808 819 820 821 822,true
3272,Guard,fai_falador_guard4,0,808 819 820 821 822,true
3273,Guard,fai_falador_guard5,0,808 819 820 821 822,true
3274,Guard,fai_falador_guard6,0,808 819 820 821 822,true
3275,Gardener,falador_gardener,0,808 819 820 821 822,true
3276,Gardener,falador_gardener2,0,808 819 820 821 822,true
3277,Apprentice workman,falador_workman_young,0,808 819,true
3278,Workman,falador_workman_fat,0,808 819,true
3279,Cuffs,falador_doric_area_man1,0,808 819 820 821 822,true
3280,Narf,falador_doric_area_man2,0,808 819 820 821 822,true
3281,Rusty,falador_doric_area_man3,0,808 819 820 821 822,true
3282,Jeff,falador_doric_area_man4,0,808 819 820 821 822,true
3283,Guard,falador_doric_area_guard,0,808 819 820 821 822,true
3284,Hengel,rimmington_hengel,0,808 819 820 821 822,true
3285,Anja,rimmington_anja,0,808 819 820 821 822,true
3286,Hobgoblin,rimmington_hobgoblin_unarmed_1,312,166 162,true
3287,Hobgoblin,rimmington_hobgoblin_unarmed_2,312,166 162,true
3288,Hobgoblin,rimmington_hobgoblin_unarmed_3,312,166 162,true
3289,Hobgoblin,rimmington_hobgoblin_armed_1,312,166 162,true
3290,Frog,makeover_mage_frog,36,1796 1797,true
3291,Postie Pete,postie_pete,328,3948 3947,true
3292,Al Kharid warrior,al_kharid_warrior,0,808 819 820 821 822,true
3293,Paladin,paladin,0,808 819 820 821 822,true
3294,Paladin,paladin2,0,808 819 820 821 822,true
3295,Hero,hero,0,808 819 820 821 822,true
3296,Forester,forester,0,808 819 820 821 822,true
3297,Knight of Ardougne,knight_of_ardougne,0,808 819 820 821 822,true
3298,Man,ardougnian_male1,0,808 819 820 821 822,true
3299,Woman,ardougnian_female1,0,808 819 820 821 822,true
3300,Knight of Ardougne,knight_of_ardougne2,0,819 820 821 822,true
3301,Archer,ardougne_archer,0,808 819 820 821 822,true
3302,Zoo keeper,zoo_keeper,0,808 819 820 821 822,true
3303,Chuck,chuck_woodman,0,808 819 820 821 822,true
3304,Barman,ardounge_barman,0,808 819 820 821 822,true
3305,Master Chef,newbie_cook_instructor,0,808 819 820 821 822,true
3306,Henja,hw18_boy,2402,2331 12042,true
3307,Combat Instructor,newbie_combat_instructor,0,808 819 820 821 822,true
3308,Gielinor Guide,newbie_basics_instructor,0,808 819 820 821 822,true
3309,Magic Instructor,newbie_magic_instructor,0,813 819 820 821 822,true
3310,Account Guide,newbie_account_instructor,0,808 819 820 821 822,true
3311,Mining Instructor,newbie_mining_instructor,0,808 819 820 821 822,true
3312,Quest Guide,newbie_quest_instructor,0,808 819 820 821 822,true
3313,Giant rat,newbiegiantrat,1152,4932 4931,true
3314,Giant rat,newbiegiantrat2,1152,4932 4931,true
3315,Giant rat,newbiegiantrat3,1152,4932 4931,true
3316,Chicken,newbiechicken,1255,5386 5385,true
3317,Fishing spot,0_48_48_newbiefishing,1701,7634,false
3318,Banker,noobbanker,0,808 819 820 821 822,true
3319,Brother Brace,brother_noob,0,808 819 820 821 822,true
3320,Skippy,tutorial_skip,0,2770 2769,true
3321,Larxus,champions_doorman,0,808 819 820 821 822,true
3322,Mystery figure,champions_human_champofchamps,0,2939 2562,true
3323,Mystery figure,champions_dwarf_champofchamps,297,2942,true
3324,Mystery figure,champions_gnome_champofchamps,2402,2943 12042,true
3325,Mystery figure,champions_tzhaar_champofchamps,158,2941 2601,true
3326,Mystery figure,champions_werewolf_champofchamps,1490,6542,true
3327,Mystery figure,champions_woodelf_champofchamps,0,2940 1205 1206 1207 1208,true
3328,Earth Warrior Champion,champions_earthwarrior,111,2945 2947 2948 2949 2950,true
3329,Giant Champion,champions_giant,1081,6371 6372,true
3330,Ghoul Champion,champions_ghoul,0,1275 819 820 821 822,true
3331,Mubariz,duel_mubariz,0,808 819 820 821 822,true
3340,Fadli,duel_fadli,0,808 819 820 821 822,true
3341,A'abla,duel_nurse1,0,808 819 820 821 822,true
3342,Sabreen,duel_nurse2,0,808 819 820 821 822,true
3343,Surgeon General Tafani,duel_nurse3,0,808 819 820 821 822,true
3344,Jaraah,duel_jaraah,0,808 819 820 821 822,true
3345,Zahwa,duel_injured1,0,808 819 820 821 822,true
3346,Ima,duel_crowdmale1,0,808 819 820 821 822,true
3347,Sabeil,duel_crowdmale2,0,808 819 820 821 822,true
3348,Jadid,duel_crowdmale3,0,808 819 820 821 822,true
3349,Dalal,duel_crowdfemale1,0,808 819 820 821 822,true
3350,Afrah,duel_crowdfemale2,0,808 819 820 821 822,true
3351,Jeed,duel_crowdfemale3,0,808 819 820 821 822,true
3352,Hamid,duel_monk,0,808 819 820 821 822,true
3353,Goblin Champion,champions_goblin,1415,6139 6138,true
3354,Hobgoblin Champion,champions_hobgoblin,312,2958 162,true
3355,Imp Champion,champions_imp,1240,171 168,true
3356,Jogre Champion,champions_jogre,112,2931 2932,true
3357,Lesser Demon Champion,champions_lesserdemon,1078,4675 4674,true
3358,Skeleton Champion,champions_skeleton,1291,5510 5511,true
3359,Zombies Champion,champions_zombie,1288,5573 5582,true
3360,Leon d'Cour,champions_human,0,2561 2562,true
3361,Guard,deadman_guard_zeah_vis,0,808 819 820 821 822,true
3363,,sos_barb,0,813 1205 1206 1207 1208,true
3364,Stankers,stankers,297,101 98,true
3365,,swan_wom_office,0,808,true
3366,,swan_wom_draynor,0,808 819 820 821 822,true
3367,,fairy_multi,299,112 106,true
3368,,fairy_multi2,299,112 106,true
3369,Angel,hw18_girl,2402,2331 12042,true
3370,Elemental balance,poh_elemental_balance_1,391,3584,true
3371,Elemental balance,poh_elemental_balance_1_red1,391,3584,true
3372,Elemental balance,poh_elemental_balance_1_red2,391,3584,true
3373,Elemental balance,poh_elemental_balance_1_red3,391,3584,true
3374,Elemental balance,poh_elemental_balance_1_red4,391,3584,true
3375,Elemental balance,poh_elemental_balance_1_red5,391,3584,true
3376,Elemental balance,poh_elemental_balance_1_red6,391,3584,true
3377,Elemental balance,poh_elemental_balance_1_blue1,391,3584,true
3378,Elemental balance,poh_elemental_balance_1_blue2,391,3584,true
3379,Elemental balance,poh_elemental_balance_1_blue3,391,3584,true
3380,Elemental balance,poh_elemental_balance_1_blue4,391,3584,true
3381,Elemental balance,poh_elemental_balance_1_blue5,391,3584,true
3382,Elemental balance,poh_elemental_balance_1_blue6,391,3584,true
3383,Elemental balance,poh_elemental_balance_1_green1,391,3584,true
3384,Elemental balance,poh_elemental_balance_1_green2,391,3584,true
3385,Elemental balance,poh_elemental_balance_1_green3,391,3584,true
3386,Elemental balance,poh_elemental_balance_1_green4,391,3584,true
3387,Elemental balance,poh_elemental_balance_1_green5,391,3584,true
3388,Osman,100_osman,0,3396,true
3389,Pirate Pete,100_pirate,0,3396,true
3390,Mountain Dwarf,100_dwarf_mountain,297,3379,false
3391,General Wartface,100_general_wartface,1415,3391,true
3392,General Bentnoze,100_general_bentnoze,1415,3387,true
3393,Lumbridge Guide,100_lumbridge_guide,0,3396,true
3394,Evil Dave,100_agrith_dave,0,3396,true
3395,Sir Amik Varze,100_sir_amik_varze,0,3396,true
3396,Awowogei,100_mm_awowogei_cutscene,588,3395,false
3397,Awowogei,100_mm_awowogei_cutscene_wander,588,1386 1380,true
3398,Skrach Uglogwee,100_skrach_uglogwee,321,3383,true
3400,Culinaromancer,hundred_culinaromancer_base,0,808 819 820 821 822,true
3401,Elemental balance,poh_elemental_balance_1_green6,391,3584,true
3402,Elemental balance,poh_elemental_balance_1_cyan1,391,3584,true
3403,Elemental balance,poh_elemental_balance_1_cyan2,391,3584,true
3404,Elemental balance,poh_elemental_balance_1_cyan3,391,3584,true
3405,Elemental balance,poh_elemental_balance_1_cyan4,391,3584,true
3406,Elemental balance,poh_elemental_balance_1_cyan5,391,3584,true
3407,Elemental balance,poh_elemental_balance_1_cyan6,391,3584,true
3408,Elemental balance,poh_elemental_balance_2,391,3584,true
3409,Elemental balance,poh_elemental_balance_2_red1,391,3584,true
3410,Elemental balance,poh_elemental_balance_2_red2,391,3584,true
3411,Elemental balance,poh_elemental_balance_2_red3,391,3584,true
3412,Elemental balance,poh_elemental_balance_2_red4,391,3584,true
3413,Koftik,caveguide7,0,808 819 820 821 822,true
3414,Idris,regicide_good_elf1,0,808 819 820 821 822,true
3415,Essyllt,regicide_evil_elf1,0,808 819 820 821 822,true
3416,Morvran,regicide_evil_elf2,0,808 819 820 821 822,true
3417,Rod Fishing spot,0_34_50_freshfish,1701,7634,false
3418,Rod Fishing spot,0_35_50_freshfish,1701,7634,false
3419,Fishing spot,0_33_51_memberfish,1701,7634,false
3420,Rabbit,regicide_rabbit,1395,6089 6088,true
3421,Rabbit,regicide_bunny1,1395,6089 6088,true
3422,Rabbit,regicide_bunny2,1395,6089 6088,true
3423,Grizzly bear,regicide_darkbear,1151,4919 4923,false
3424,Grizzly bear cub,regicide_darkbear_cub1,1151,4920 4924,false
3425,Grizzly bear cub,regicide_darkbear_cub2,1151,4920 4924,false
3426,Dire Wolf,direwolf,1491,6580 6556,true
3427,,elena_lletya_hq,0,808 819 820 821 822,true
3428,Iorwerth Archer,regicide_darkelf,0,808 819 820 821 822,true
3429,Iorwerth Warrior,regicide_darkelf2,0,813 1205 1206 1207 1208,true
3430,,sote_halgrive,0,808 819 820 821 822,true
3431,,sote_omart,0,808 819 820 821 822,true
3432,Arianwyn,regicide_good_elf3,0,808 819 820 821 822,true
3433,Tyras guard,regicide_tyras_camp_guard,0,813 1205 1206 1207 1208,true
3434,Tyras guard,regicide_tyras_guard,0,813 1205 1206 1207 1208,true
3435,,sote_kilron,0,808 819 820 821 822,true
3436,Tyras guard,regicide_tyras_camp_tent_guard,0,813 1205 1206 1207 1208,true
3437,General Hining,regicide_general_hining,0,813 1205 1206 1207 1208,true
3438,Quartermaster,regicidegeneralshopkeeper,0,808 819 820 821 822,true
3439,King's Messenger,regicide_kings_messenger,0,808 819 820 821 822,true
3440,Will o' the wisp,regicide_willothewisp1,930,1071,true
3441,Will o' the wisp,regicide_willothewisp2,930,1071,true
3443,,wgs_silif_darksquall_cell_armour,0,808 819 820 821 822,true
3444,,wgs_silif_darksquall_cell_multi,0,11307,true
3445,Guardian of Armadyl,ikov_guardianmale,0,808 819 820 821 822,true
3446,Guardian of Armadyl,ikov_guardianfemale,0,808 819 820 821 822,true
3447,Winelda,ikov_winelda,0,813 819 820 821 822,true
3448,Fire Warrior of Lesarkus,ikov_firewarrior,0,808 819 820 821 822,true
3449,Shadow Hound,shadow_dog_wild,1491,6561 6560,true
3450,Mysterious ghost,secret_ghost_thief,0,2334 2333,true
3451,Mysterious ghost,secret_ghost_mage,0,2334 2333,true
3452,Mysterious ghost,secret_ghost_explorer,0,2334 2333,true
3453,Mysterious ghost,secret_ghost_messenger,0,2334 2333,true
3454,Mysterious ghost,secret_ghost_spy,0,2334 2333,true
3455,Mysterious ghost,secret_ghost_swordsman,0,2334 2333,true
3456,Fareed,firediamond_firewarrior,0,808 819 820 821 822,true
3457,Elemental balance,poh_elemental_balance_2_red5,391,3584,true
3458,Kamil,icediamond_icewarrior,0,842 841,true
3459,Dessous,blooddiamond_vampirewarrior,0,808 819 820 821 822,true
3460,Dessous,blooddiamond_vampirewarrior_unkillable,0,808 819 820 821 822,true
3461,Ruantun,malak,0,808 819 820 821 822,true
3462,Cyrisus,dream_cyrisus_battle_ranger,0,808 819 820 821 822,true
3463,Cyrisus,dream_cyrisus_battle_melee,0,808 819 820 821 822,true
3464,Cyrisus,dream_cyrisus_battle_caster,0,808 819 820 821 822,true
3465,Fallen Man,dream_cyrisus_unconscious,0,6280,true
3466,Fallen Man,dream_cyrisus_barely_conscious,0,6282,true
3467,Cyrisus,dream_cyrisus_sitting,0,6284,true
3468,Cyrisus,dream_cyrisus,0,808 819 820 821 822,true
3469,Cyrisus,dream_cyrisus_ranger,0,808 819 820 821 822,true
3470,Cyrisus,dream_cyrisus_melee,0,808 819 820 821 822,true
3471,Cyrisus,dream_cyrisus_caster,0,808 819 820 821 822,true
3472,'Bird's-Eye' Jack,dream_birds_eye_jack,0,808 819 820 821 822,false
3473,The Inadequacy,dream_inadequacy,1442,6317,true
3474,The Everlasting,dream_everlasting,1440,6343 6344,true
3475,The Untouchable,dream_untouchable,1444,6328,true
3476,The Illusive,dream_illusive,1441,6338 6339,true
3477,A Doubt,dream_razorbeast,1443,6311 6312,true
3478,The Illusive,dream_illusive_noncombat,1441,6350 6339,true
3479,,morgan,0,808 819 820 821 822,true
3480,,dr_harlow,0,3040 3039 820 821 822,true
3481,Count Draynor,count_draynor,0,808 819 820 821 822,true
3483,Will o' the wisp,willothewisp,930,1071,true
3484,,priestperilevilmonk1,0,808 819 820 821 822,true
3485,,priestperilevilmonk2,0,808 819 820 821 822,true
3486,,priestperilevilmonk3,0,808 819 820 821 822,true
3487,,priestperilguarddog,284,17 16,true
3488,,myq5_ivan_burgh_de_rott,0,808 819 820 821 822,true
3489,,myq5_ivan_boathouse,0,808 819 820 821 822,true
3490,Jorral,makinghistory_jorral,0,808 819 820 821 822,true
3491,Melina,makinghistory_melina_fade_npc,459,2893,true
3492,Melina,makinghistory_melina,0,808 819 820 821 822,true
3493,Droalak,makinghistory_droalak_fade_npc,459,2893,false
3494,Droalak,makinghistory_droalak,0,808 819 820 821 822,true
3495,Dron,makinghistory_dron,0,808 819 820 821 822,true
3496,Blanin,makinghistory_blanin,0,808 819 820 821 822,true
3497,Gertrude's cat,gertrudescat,280,317 314,true
3498,Kitten,lostkitten,280,317 2662,true
3500,,gertrude,0,808 819 820 821 822,true
3501,Shilop,shilop,2402,2331 12042,true
3502,Philop,philop,2402,6485,true
3503,Wilough,wilough,2402,2331 12042,true
3504,Kanel,kanel,2402,6484,true
3505,Civilian,wantcat1,0,808 819 820 821 822,true
3506,Civilian,wantcat2,0,808 819 820 821 822,true
3507,Civilian,wantcat3,0,808 819 820 821 822,true
3508,Bouncer,shadow_maj_bouncer_cutscene,1491,6580 6582,true
3509,Bouncer,shadow_maj_bouncer,1491,6580 6582,true
3510,General Khazard,shadow_maj_khazard,2094,9874 9875 9876,true
3511,Scout,shadow_maj_scout1,0,842 841,true
3512,Scout,shadow_maj_scout2,0,842 841,true
3513,Scout,shadow_maj_scout3,0,842 841,true
3514,Scout,shadow_maj_scout4,0,842 841,true
3515,Sin Seer,shadow_maj_seer,297,5810 5809,true
3516,Ghost,shadow_maj_ghost,0,808 819 820 821 822,true
3517,Renegade Knight,renegade_knight,0,6927 6928,true
3518,Thrantax the Mighty,thrantax,1290,5538 5539,true
3519,Sir Lancelot,sir_lancelot,0,808 819 820 821 822,true
3520,Sir Gawain,sir_gawain,0,813 819 820 821 822,true
3521,Sir Kay,sir_kay,0,813 819 820 821 822,true
3522,Sir Bedivere,sir_bedivere,0,808 819 820 821 822,true
3523,Sir Tristram,sir_tristram,0,808 819 820 821 822,true
3524,Sir Pelleas,sir_pelleas,0,808 819 820 821 822,true
3525,Sir Lucan,sir_lucan,0,808 819 820 821 822,true
3526,Sir Palomedes,sir_palomedes,0,808 819 820 821 822,true
3527,Sir Mordred,sir_mordred,0,6487 6486,true
3528,Morgan Le Faye,morgan_le_faye,0,813 819 820 821 822,true
3529,Merlin,merlin,0,813 819 820 821 822,true
3530,The Lady of the Lake,ladyofthelake,0,808 819 820 821 822,true
3531,King Arthur,king_arthur,0,808 819 820 821 822,true
3532,Beggar,lake_beggar,0,808 819 820 821 822,false
3533,Ali Morrisane,feud_ali_m,0,808 819 820 821 822,true
3537,Market seller,feud_marketseller,0,808 819 820 821 822,true
3539,Street urchin,feud_street_urchin,2402,2331 12042,true
3544,Snake,feud_desert_snake,340,277 274,true
3545,Snake,feud_charmers_snake,340,1900 274,true
3546,Blackjack seller,feud_bjseller,0,808 819 820 821 822,true
3550,Menaphite Thug,feud_egyptian_doorman_2,0,808 819 820 821 822,true
3551,Tough Guy,feud_menap_toughguy,0,808 819 820 821 822,true
3561,Veronica,veronica,0,808 819 820 821 822,true
3562,Professor Oddenstein,professor_oddenstein,0,808 819 820 821 822,true
3563,Ernest,ernest,0,808 819 820 821 822,true
3564,Lil' Destructor,poh_soulwars_pet_red,1940,3079 8847,true
3565,Skeleton,draynor_skeleton,1291,5483 5481,true
3566,Lil' Creator,soulwars_pet_blue,228,8842 8846,true
3567,,draynor_possesed_chair,708,3220,true
3568,Pentyn,enakh_pentyn,0,808 819 820 821 822,true
3569,Aristarchus,enakh_aristarchus,0,808 819 820 821 822,true
3570,Boneguard,enakh_boneguard,499,3073,true
3572,Desert Spirit,enakh_desert_spirit,0,2334 2333,false
3575,Enakhra,enakh_enakhra_hooded,0,808 819 820 821 822,true
3576,Enakhra,enakh_enakhra_mahjarrat,2094,10120 10121 10122,true
3577,Boneguard,enakh_akthanakos_boneguard,499,3073 3078,true
3578,Akthanakos,enakh_akthanakos_freed,0,808 819 820 821 822,true
3579,,dt2_camdozaal_archaeologist_1,0,808 819 820 821 822,true
3580,Lazim,enakh_lazim,0,813 1205 1206 1207 1208,true
3581,Enakhra,enakh_cutscene_enakhra,0,808 819 820 821 822,true
3582,Akthanakos,enakh_cutscene_akthanakos,0,808 819 820 821 822,true
3583,Knight,enakh_cutscene_knight,0,2561 2562,true
3584,Skeleton,enakh_cutscene_skeleton,338,262 259,true
3585,Effigy,tol_npc_efergy01,0,808 5822,true
3586,Effigy,tol_npc_efergy01_still,0,808 5822,true
3587,Bonafido,tol_npc_barry01,0,5814 819 820 821 822,false
3588,Homunculus,tol_homonculus_nocage,1355,5831 5832,false
3589,Homunculus,tol_homonculus,1355,5831,false
3590,Homunculus,tol_homonculus_cage_broken,1355,5831,false
3592,'Transmute' The Alchemist,tol_npc_mage01,0,5823 5822,true
3593,'Transmute' The Alchemist,tol_npc_mage01_still,0,808 5822,true
3594,'Currency' The Alchemist,tol_npc_mage02,0,5823 5822,true
3595,'Currency' The Alchemist,tol_npc_mage02_still,0,808 5822,true
3596,'Black-eye',tol_npc_builder01,0,5817 819 820 821 822,true
3597,'No fingers',tol_npc_builder02,0,5815 819 820 821 822,true
3598,'Gummy',tol_npc_builder03,0,5816 819 820 821 822,true
3599,'The Guns',tol_npc_builder04,0,5818 819 820 821 822,true
3600,Frogeel,tol_frogeel,1354,5839 5840,true
3601,Unicow,tol_unicow,1338,5852 5848,true
3602,Spidine,tol_spidine,306,145 142,true
3603,Swordchick,tol_swordchick,1255,5386 5385,true
3604,Jubster,tol_jubster,1536,6803 6804,true
3605,Newtroost,tol_newtroost,332,2298 2297,false
3606,Brother Kojo,brother_kojo,0,808 819 820 821 822,true
3607,Dungeon rat,clocktower_rat,1152,4932 4931,true
3608,Dungeon rat,clocktower_rat2,1152,4932 4931,true
3609,Dungeon rat,clocktower_rat3,1152,4932 4931,true
3611,Zealot,saradominist_zealot,0,808 819 820 821 822,true
3612,Possessed pickaxe,possessed_pickaxe,317,187 181,true
3613,Iron pickaxe,possessed_pickaxe_stationary,317,1445 181,true
3614,Corpse,skeletal_miner_sitting,1291,1442 5479,true
3615,Skeletal miner,skeletal_miner,1291,5483 5479,true
3616,Treus Dayth,hauntedmine_boss_ghost,1290,5538 5539,true
3617,Ghost,hauntedmine_boss_ghost_faded,1290,5543,true
3619,Innocent-looking key,hauntedmine_boss_key,534,1450 1451,true
3625,Ghost,hauntedmine_suprise_ghost,1290,5538 5539,true
3626,Haze,hauntedmine_suprise_ghost_hidden,1290,5543,true
3627,Mischievous ghost,hauntedmine_cheeky_ghost,1289,5530 5531,true
3628,Digsite workman,digworkman1,0,808 819 820 821 822,true
3629,Doug Deeping,digworkman2,0,808 819 820 821 822,true
3630,Digsite workman,qip_digsite_digworkman_03,0,808 819 820 821 822,true
3631,Digsite workman,qip_digsite_digworkman_04,0,808 819 820 821 822,true
3632,Student,student1,0,808 819 820 821 822,true
3633,Student,student3,0,808 819 820 821 822,true
3634,Student,student2,0,808 819 820 821 822,true
3635,Examiner,examiner,0,808 819 820 821 822,true
3636,Examiner,qip_digsite_examiner_02,0,808 819 820 821 822,true
3637,Examiner,qip_digsite_examiner_03,0,808 819 820 821 822,true
3638,Researcher,qip_digsite_researcher,0,808 819 820 821 822,true
3639,Terry Balando,archaeological_expert,0,808 819 820 821 822,true
3640,Panning guide,panning_guide,0,808 819 820 821 822,true
3641,Nick,qip_digsite_panning_man_01,0,4594,true
3642,Nisha,qip_digsite_panning_woman_01,0,4593,true
3643,Redbeard Frank,redbeard_frank,0,808 819 820 821 822,true
3644,,captain_tobias,0,808 819 820 821 822,true
3645,,seaman_lorris,0,808 819 820 821 822,true
3646,,seaman_thresnor,0,808 819 820 821 822,true
3647,Luthas,luthas,0,808 819 820 821 822,true
3648,,customs_officer,0,808 819 820 821 822,true
3649,Toy Soldier,poh_toy_soldier_1op,426,3712 3713,true
3650,,captain_barnaby,0,808 819 820 821 822,true
3651,Gardener,pirate_irate_gardener,0,808 819 820 821 822,true
3652,Man,karamja_man,0,808 819 820 821 822,true
3653,Lumberjack Leif,misc_lumberjack,0,1365 819 820 821 822,true
3654,Miner Magnus,misc_miner,0,627 819 820 821 822,true
3656,Gardener Gunnhild,misc_gardener,0,2273 819 820 821 822,true
3657,Fishing spot,0_40_60_rarefish,1701,7634,false
3658,Carpenter Kjallak,misc_etc_carpenter,0,1365 819 820 821 822,true
3659,Farmer Fromund,misc_etc_farmer,0,2273 819 820 821 822,true
3661,Chicken,misc_chicken,1255,5386 5385,true
3662,Chicken,misc_chicken_brown,1255,5386 5385,true
3663,Rooster,misc_rooster,1255,5386 5385,true
3664,Rabbit,misc_rabbit,1395,6089 6088,true
3665,Rabbit,misc_rabbit2,1395,6089 6088,true
3666,Prince Brand,misc_prince_brand,0,1321 819 820 821 822,true
3667,Princess Astrid,misc_princess_astrid,0,808 819 820 821 822,true
3668,King Vargas,misc_king_vargas,377,296 293,true
3669,Guard,misc_ulby_doorguard,0,808 819 820 821 822,true
3670,,misc_advisor_ghrim,0,808,true
3671,Derrik,misc_smithy,0,808 819 820 821 822,true
3672,Farmer,misc_farmer,0,440 819 820 821 822,true
3673,Flower Girl,misc_flowergirl,0,808 819 820 821 822,true
3674,Ragnar,misc_man_1,0,808 819 820 821 822,true
3675,Einar,misc_man_2,0,808 819 820 821 822,true
3676,Alrik,misc_man_3,0,808 819 820 821 822,true
3677,Thorhild,misc_woman_1,0,808 819 820 821 822,true
3678,Halla,misc_woman_2,0,808 819 820 821 822,true
3679,Yrsa,misc_woman_3,0,808 819 820 821 822,true
3680,Sailor,misc_sailor,0,808 819 820 821 822,true
3681,Rannveig,misc_woman_4,0,808 819 820 821 822,true
3682,Thora,misc_woman_5,0,808 819 820 821 822,true
3683,Valgerd,misc_woman_6,0,808 819 820 821 822,true
3684,Skraeling,misc_man_4,0,808 819 820 821 822,true
3685,Broddi,misc_man_5,0,808 819 820 821 822,true
3686,Skraeling,misc_man_6,0,808 819 820 821 822,true
3687,Ragnvald,misc_man_7,0,813 1146 820 821 822,true
3688,Fishmonger,misc_fish_monger,0,808 819 820 821 822,true
3689,Greengrocer,misc_veg_monger,0,808 819 820 821 822,true
3690,Vampyre Juvinate,sang_myq3_mine_guard_juvinate_male,1098,4702 4699,true
3691,Vampyre Juvinate,sang_myq3_mine_guard_juvinate_female,1098,4702 4700,true
3692,Vampyre Juvenile,sang_myq3_male_juvenile,1098,4702 4699,true
3693,Vampyre Juvenile,sang_myq3_female_juvenile,1098,4703 4700,true
3694,Vampyre Juvinate,sang_myq3_male_juvinate,1098,4702 4699,true
3695,Vampyre Juvinate,sang_myq3_female_juvinate,1098,4702 4700,true
3696,Vampyre Juvenile,sang_myq3_male_juvenile_held,1098,4768,true
3697,Vampyre Juvenile,sang_myq3_female_juvenile_held,1098,4768,true
3698,Vampyre Juvinate,sang_myq3_male_juvinate_held,1098,4768,true
3699,Vampyre Juvinate,sang_myq3_female_juvinate_held,1098,4768,true
3700,Vampyre Juvinate,sang_myq3_male_juvinate_pouch_tray,1098,4711 4699,true
3701,Former Vampyre,myq3_human_juvenile_male_1,0,808 819 820 821 822,true
3702,Former Vampyre,myq3_human_juvinate_male_1,0,808 819 820 821 822,true
3703,Former Vampyre,myq3_human_juvinate_male_2,0,808 819 820 821 822,true
3704,Former Vampyre,myq3_human_juvenile_female_1,0,808 819 820 821 822,true
3705,Former Vampyre,myq3_human_juvinate_female_1,0,808 819 820 821 822,false
3706,Former Vampyre,myq3_human_juvinate_female_2,0,808 819 820 821 822,true
3707,Feral Vampyre,myq3_angry_juvenile,0,808 819 820 821 822,true
3708,Feral Vampyre,myq3_angry_juvinate,0,808 819 820 821 822,true
3709,Vyrewatch,sang_myq3_female_walk_vyrewatch_1,1098,4703 4700,true
3710,Vyrewatch,sang_myq3_female_walk_vyrewatch_2,1098,4703 4700,true
3711,Vyrewatch,sang_myq3_female_walk_vyrewatch_3,1098,4703 4700,true
3712,Vyrewatch,sang_myq3_female_walk_vyrewatch_4,1098,4703 4700,true
3713,Vyrewatch,myreque_pt3_takeoff_vyrewatch_female_1,1097,4706,true
3714,Vyrewatch,myreque_pt3_takeoff_vyrewatch_female_2,1097,4706,true
3715,Vyrewatch,myreque_pt3_takeoff_vyrewatch_female_3,1097,4706,true
3716,Vyrewatch,myreque_pt3_takeoff_vyrewatch_female_4,1097,4706,true
3717,Vyrewatch,sang_myq3_female_flying_vyrewatch_1,1097,4689 4683,true
3718,Vyrewatch,sang_myq3_female_flying_vyrewatch_2,1097,4689 4683,true
3719,Vyrewatch,sang_myq3_female_flying_vyrewatch_3,1097,4689 4683,true
3720,Vyrewatch,sang_myq3_female_flying_vyrewatch_4,1097,4689 4683,true
3721,Vyrewatch,sang_myq3_male_walk_vyrewatch_1,1098,4702 4699,true
3722,Vyrewatch,sang_myq3_male_walk_vyrewatch_2,1098,4702 4699,true
3723,Vyrewatch,sang_myq3_male_walk_vyrewatch_3,1098,4702 4699,true
3724,Vyrewatch,sang_myq3_male_walk_vyrewatch_4,1098,4702 4699,true
3725,Vyrewatch,myreque_pt3_takeoff_vyrewatch_male_1,1097,4706,true
3726,Vyrewatch,myreque_pt3_takeoff_vyrewatch_male_2,1097,4706,true
3727,Vyrewatch,myreque_pt3_takeoff_vyrewatch_male_3,1097,4706,true
3728,Vyrewatch,myreque_pt3_takeoff_vyrewatch_male_4,1097,4706,true
3729,Vyrewatch,sang_myq3_male_flying_vyrewatch_1,1097,4689 4683,true
3730,Vyrewatch,sang_myq3_male_flying_vyrewatch_2,1097,4689 4683,true
3731,Vyrewatch,sang_myq3_male_flying_vyrewatch_3,1097,4689 4683,true
3732,Vyrewatch,sang_myq3_male_flying_vyrewatch_4,1097,4689 4683,true
3733,Vanstrom Klause,myq3_vanstrom_klause_human,1098,4702 4699,true
3734,Vanstrom Klause,myq3_vanstrom_klause_grounded_vampire_state,1098,4702 4699,true
3735,Vanstrom Klause,myq3_vanstrom_klause_vampyre_attack,1098,4702 4699,true
3736,Vanstrom Klause,myq3_vanstrom_klause_vampyre_cutscene,1098,4702 4699,true
3737,Vanstrom Klause,myq3_vanstrom_klause_flying,1099,4690 4684,true
3738,Vanstrom Klause,myq3_vanstrom_klause_takeoff,1099,4707,true
3739,Vanstrom Klause,myq3_vanstrom_klause_landing,1099,4696,true
3740,Vanescula Drakan,myq3_vanescula_drakan,1098,4703 4699,true
3741,Vanescula Drakan,myq3_vanescula_drakan_grounded_vampire_state,1098,4703 4700,true
3742,Vanescula Drakan,myq3_vanescula_drakan_flying,1099,4690 4684,true
3743,Vanescula Drakan,myq3_vanescula_drakan_takeoff,1099,4707,true
3744,Ranis Drakan,myq3_ranis_drakan,1098,4702 4699,true
3745,Ranis Drakan,myq3_ranis_drakan_grounded_vampire_state,1098,4702 4699,true
3746,Ranis Drakan,myq3_ranis_drakan_flying,1099,4690 4684,true
3747,Ranis Drakan,myq3_ranis_drakan_takeoff,1099,4707,true
3748,Vyrewatch,sang_myq3_female_flying_ns_vyrewatch_1,1097,4689 4683,true
3749,Vyrewatch,sang_myq3_female_flying_ns_vyrewatch_2,1097,4689 4683,true
3750,Vyrewatch,sang_myq3_female_flying_ns_vyrewatch_3,1097,4689 4683,true
3751,Vyrewatch,sang_myq3_female_flying_ns_vyrewatch_4,1097,4689 4683,true
3752,Vyrewatch,sang_myq3_male_flying_ns_vyrewatch_1,1097,4689 4683,true
3753,Vyrewatch,sang_myq3_male_flying_ns_vyrewatch_2,1097,4689 4683,true
3754,Vyrewatch,sang_myq3_male_flying_ns_vyrewatch_3,1097,4689 4683,true
3755,Vyrewatch,sang_myq3_male_flying_ns_vyrewatch_4,1097,4689 4683,true
3756,Vyrewatch,sang_myq3_female_walk_ns_vyrewatch_1,1098,4703 4700,true
3757,Vyrewatch,sang_myq3_female_walk_ns_vyrewatch_2,1098,4703 4700,true
3758,Vyrewatch,sang_myq3_female_walk_ns_vyrewatch_3,1098,4703 4700,true
3759,Vyrewatch,sang_myq3_female_walk_ns_vyrewatch_4,1098,4703 4700,true
3760,Vyrewatch,sang_myq3_male_walk_ns_vyrewatch_1,1098,4702 4699,true
3761,Vyrewatch,sang_myq3_male_walk_ns_vyrewatch_2,1098,4702 4699,true
3762,Vyrewatch,sang_myq3_male_walk_ns_vyrewatch_3,1098,4702 4699,true
3763,Vyrewatch,sang_myq3_male_walk_ns_vyrewatch_4,1098,4702 4699,true
3764,Flying female vampire,myreque_pt3_takeoff_ns_vyrewatch_female_1,1097,4706,true
3765,Flying female vampire,myreque_pt3_takeoff_ns_vyrewatch_female_2,1097,4706,true
3766,Flying female vampire,myreque_pt3_takeoff_ns_vyrewatch_female_3,1097,4706,true
3767,Flying female vampire,myreque_pt3_takeoff_ns_vyrewatch_female_4,1097,4706,true
3768,Vyrewatch,myreque_pt3_takeoff_ns_vyrewatch_male_1,1097,4706,true
3769,Vyrewatch,myreque_pt3_takeoff_ns_vyrewatch_male_2,1097,4706,true
3770,Vyrewatch,myreque_pt3_takeoff_ns_vyrewatch_male_3,1097,4706,true
3771,Vyrewatch,myreque_pt3_takeoff_ns_vyrewatch_male_4,1097,4706,true
3772,,sanguinesti_old_man_ral,0,808 819 820 821 822,true
3773,,sanguinesti_vertida_sefalatis,0,808 819 820 821 822,true
3774,Aeonisig Raispher,myq3_aeonisig_roalds_advisor,0,808 819 820 821 822,true
3775,Safalaan Hallow,myreque_pt3_safalaan,0,808 819 820 821 822,true
3776,Sarius Guile,myq3_sarius_guile,0,808 819 820 821 822,true
3777,Elemental balance,poh_elemental_balance_2_red6,391,3584,true
3778,Sarius Guile,myq3_sarius_guile_cutscene,0,808 819 820 821 822,true
3779,Trader Sven,myq3_black_market_trader,0,808 819 820 821 822,true
3780,,myq3_citizen_male_old_1,0,808 819 820 821 822,true
3781,,myq3_citizen_male_old_2,0,808 819 820 821 822,true
3782,,myreque_pt3_male_citizen1,0,808 819 820 821 822,true
3783,,myreque_pt3_male_citizen2,0,808 819 820 821 822,true
3784,,myreque_pt3_male_citizen3,0,808 819 820 821 822,true
3785,,myreque_pt3_male_citizen4,0,808 819 820 821 822,true
3786,,myreque_pt3_male_citizen5,0,808 819 820 821 822,true
3787,,myreque_pt3_male_citizen6,0,808 819 820 821 822,true
3788,,myreque_pt3_male_citizen7,0,808 819 820 821 822,true
3789,,myreque_pt3_male_citizen8,0,808 819 820 821 822,true
3790,,myreque_pt3_male_looking_out1,0,808 819 820 821 822,true
3791,,myreque_pt3_male_looking_out2,0,808 819 820 821 822,true
3792,,myreque_pt3_male_huddled1,0,4712,true
3793,,myreque_pt3_male_huddled2,0,4712,true
3794,,myreque_pt3_male_huddled3,0,4712,true
3795,,sanguinesti_citizen_female_old_1,0,808 819 820 821 822,true
3796,,sanguinesti_citizen_female_old_2,0,808 819 820 821 822,true
3797,,myreque_pt3_female_citizen1,0,808 819 820 821 822,true
3798,,myreque_pt3_female_citizen2,0,808 819 820 821 822,true
3799,,myreque_pt3_female_citizen3,0,808 819 820 821 822,true
3800,,myreque_pt3_female_citizen4,0,808 819 820 821 822,true
3801,,myreque_pt3_female_citizen5,0,808 819 820 821 822,true
3802,,myreque_pt3_female_citizen6,0,808 819 820 821 822,true
3803,,myreque_pt3_female_citizen7,0,808 819 820 821 822,true
3804,,myreque_pt3_female_citizen8,0,808 819 820 821 822,true
3805,,myreque_pt3_female_citizen9,0,808 819 820 821 822,true
3806,,myreque_pt3_female_citizen10,0,808 819 820 821 822,true
3807,,myreque_pt3_female_huddled1,0,4712,true
3808,,myreque_pt3_female_huddled2,0,4712,true
3809,Child,myq3_child_male_1,2402,2331 12042,true
3810,Child,myq3_child_male_2,2402,2331 12042,true
3811,Child,myq3_child_male_3,2402,2331 12042,true
3812,Child,myq3_child_male_4,2402,2331 12042,true
3813,Child,myq3_child_male_5,2402,2331 12042,true
3814,Child,myq3_child_male_6,2402,2331 12042,true
3815,Child,myq3_child_female_1,2402,2331 12042,true
3816,Child,myq3_child_female_2,2402,2331 12042,true
3817,Child,myq3_child_female_3,2402,2331 12042,true
3818,Child,myq3_child_female_4,2402,2331 12042,true
3819,,myreque_pt3_miner1,0,808 819 820 821 822,true
3820,,myreque_pt3_miner2,0,808 819 820 821 822,true
3821,,myreque_pt3_miner3,0,808 819 820 821 822,true
3822,,myreque_pt3_miner4,0,808 819 820 821 822,true
3823,,myreque_pt3_miner5,0,808 819 820 821 822,true
3824,,myreque_pt3_miner6,0,808 819 820 821 822,true
3825,Shadowy figure,myq_pt3_cutscene_werewolf_1,1490,6539 6541,false
3826,Shadowy figure,myq_pt3_cutscene_werewolf_2,1490,6539 6541,false
3827,Shadowy figure,myq_pt3_cutscene_werewolf_3,1490,6545 6544,false
3828,,myq3_paper,1100,4753 4754,true
3829,Stray dog,myq3_dog_stray_01,1105,4777 4773,true
3830,Stray dog,myq3_dog_stray_02,1105,4777 4773,true
3831,Cat,myq3_cat_01,280,317 314,true
3832,Cat,myq3_cat_02,280,317 314,true
3833,<col=00ffff>Boat</col>,sang_boat,1091,4755 4756,true
3834,Boat,sang_boat_test,1091,4756,true
3835,Oneiromancer,lunar_oneiromancer,0,4424 4426 4427 4428 4429,false
3836,House,lunar_baba_yaga_house,1020,4391 4390,true
3837,Baba Yaga,lunar_moonclan_baba_yaga,0,4424 4426 4427 4428 4429,false
3838,Pauline Polaris,lunar_moonclan_monk1,0,4424 4426 4427 4428 4429,false
3839,Meteora,lunar_moonclan_monk2,0,4424 4426 4427 4428 4429,false
3840,Melana Moonlander,lunar_moonclan_monk3,0,4424 4426 4427 4428 4429,false
3841,Selene,lunar_moonclan_monk4,0,4424 4426 4427 4428 4429,false
3842,Rimae Sirsalis,lunar_moonclan_monk5,0,4424 4426 4427 4428 4429,false
3843,Sirsal Banker,lunar_moonclan_monk_man,0,4424,false
3844,Clan Guard,lunar_moonclan_guard,0,4424 4426 4427 4428 4429,false
3845,Enchanted Broom,quest_lunar_broom_1,1021,4372,true
3846,Enchanted Broom,quest_lunar_broom_2,1021,4372,true
3847,Enchanted Broom,quest_lunar_broom_3,1021,4372,true
3848,Enchanted Bucket,quest_lunar_magic_bucket1,1022,4374,true
3849,Enchanted Bucket,quest_lunar_magic_bucket2,1022,4374,true
3850,Bouquet Mac Hyacinth,lunar_moonclan_monk_watering,0,4424 4426 4427 4428 4429,false
3851,Moss giant,lunar_mossgiant,1081,4656 4654,false
3852,Moss giant,lunar_mossgiant2,1081,4656 4655,false
3854,,lunar_fremennik_pirate,0,808 819 820 821 822,true
3855,Lokar Searunner,lunar_fremennik_pirate_by_pirateship,0,808 819 820 821 822,true
3856,Cabin boy,lunar_pirate_cabin_boy_base_config,2402,2331 12042,true
3857,,lunar_pirate_captain,0,808 819 820 821 822,true
3858,'Beefy' Burns,lunar_pirate_cook,0,4400 819 820 821 822,true
3859,'Eagle-eye' Shultz,lunar_pirate_lookout,0,4401 819 820 821 822,true
3860,First mate 'Davey-boy',lunar_pirate_first_mate,0,808 819 820 821 822,true
3861,'Birds-Eye' Jack,lunar_pirate_navigator,0,808 819 820 821 822,true
3862,'Picarron' Pete,lunar_pirate_generic_pirate_1,0,808 819 820 821 822,true
3863,Jake,lunar_pirate_generic_pirate_1_attackable,0,808 819 820 821 822,true
3864,Bedread the bold,lunar_pirate_generic_pirate_2,0,808 819 820 821 822,true
3865,Wilson,lunar_pirate_generic_pirate_2_attackable,0,808 819 820 821 822,true
3866,Tommy 2-times,lunar_pirate_generic_pirate_3,0,808 819 820 821 822,true
3867,Murky Pat,lunar_pirate_generic_pirate_4,0,1322 819 820 821 822,true
3868,Jack Sails,lunar_pirate_generic_pirate_5,0,4402 819 820 821 822,true
3869,Palmer,lunar_pirate_generic_pirate_5_attackable,0,4402 819 820 821 822,true
3870,'Betty' B.Boppin,lunar_pirate_generic_pirate_6,0,808 819 820 821 822,true
3871,'Beedy-eye' Jones,lunar_pirate_generic_pirate_7,0,808 819 820 821 822,true
3872,Jenny Blade,lunar_pirate_generic_pirate_8,0,808 819 820 821 822,true
3873,'Lecherous' Lee,lunar_pirate_generic_pirate_9,0,808 819 820 821 822,true
3874,'Sticky' Sanders,lunar_pirate_generic_pirate_10,0,808 819 820 821 822,true
3875,Jex,contact_jex,0,808 819 820 821 822,true
3876,Maisa,contact_maisa,0,808 819 820 821 822,true
3877,Osman,contact_osman_injured,0,808 819 820 821 822,true
3878,Osman,contact_osman_limp,0,808 819 820 821 822,true
3879,Osman,contact_osman_knife,0,808 819 820 821 822,true
3880,Osman,contact_osman_club,0,808 819 820 821 822,true
3881,Sophanem Guard,contact_sophanem_guard_female_01,0,813 1205 1206 1207 1208,true
3882,Sophanem Guard,contact_sophanem_guard_female_02,0,808 819 820 821 822,true
3883,Sophanem Guard,contact_sophanem_guard_male_01,0,813 1205 1206 1207 1208,true
3884,Sophanem Guard,contact_sophanem_guard_male_02,0,808 819 820 821 822,true
3885,,bcs_maisa_camp,0,808 819 820 821 822,true
3886,,bcs_maisa_necropolis_outer,0,808 819 820 821 822,true
3887,Banker,contact_banker_male,0,808 819 820 821 822,true
3888,Banker,contact_banker_female,0,808 819 820 821 822,true
3889,Stonemason,contact_stone_mason,0,808 819 820 821 822,true
3890,Nathifa,contact_market_baker,0,808 819 820 821 822,true
3891,Urbi,contact_market_dagger,0,808 819 820 821 822,true
3892,Jamila,contact_market_craft,0,808 819 820 821 822,true
3893,Doric,doric,297,101 98,true
3894,Sigmund The Merchant,viking_sigmund,0,808 819 820 821 822,true
3895,Peer the Seer,viking_peer,0,813 1205 1206 1207 1208,true
3896,Thorvald the Warrior,viking_thorvald,0,813 819 820 821 822,true
3897,Koschei the deathless,viking_enemy1,0,813 819 820 821 822,true
3898,Koschei the deathless,viking_enemy2,0,813 819 820 821 822,true
3899,Koschei the deathless,viking_enemy3,0,813 819 820 821 822,true
3900,Koschei the deathless,viking_enemy4,0,813 819 820 821 822,true
3901,Fox,viking_fox,1491,6561 6560,true
3902,Bunny,viking_bunny_1,329,1242 1243,true
3903,Bunny,viking_bunny_2,329,1242 1243,true
3904,Shipyard Worker,sailing_shipyard_worker_11,0,808 819 820 821 822,true
3905,Shipyard Worker,sailing_shipyard_worker_12,0,808 819 820 821 822,true
3906,Shipyard Engineer,sailing_shipyard_worker_13,0,13694,true
3907,Joe,shipyard_dog_noball,1491,7269 6577,true
3908,Bear Cub,brownbear_cub_1,1151,4920 4924,false
3909,Bear Cub,brownbear_cub_2,1151,4920 4924,false
3910,Unicorn Foal,unicorn_foal_1,1472,6374 6373,false
3911,Black unicorn Foal,black_unicorn_foal,1472,6374 6373,false
3912,Wolf,viking_wolf,1491,6580 6556,true
3913,Fishing spot,0_41_57_saltfish,1701,7634,false
3914,Fishing spot,0_41_57_rarefish,1701,7634,false
3915,Fishing spot,0_41_57_memberfish,1701,7634,false
3916,Bjorn,viking_reveller,0,1322 1323 1324 1325 1326,true
3917,Eldgrim,viking_reveller_2,0,1322 1323 1324 1325 1326,true
3918,Prince Brand,royal_cutscene_prince_brand,0,1321 819 820 821 822,true
3919,Princess Astrid,royal_cutscene_princess_astrid,0,808 819 820 821 822,true
3920,Manni the Reveller,viking_reveller_3,0,1322 1323 1324 1325 1326,true
3921,Council workman,vt_council_workmen,0,808 819 820 821 822,true
3922,The Draugen,viking_draugen,0,808 819 820 821 822,true
3923,Butterfly,viking_draugen_safe,278,362,true
3924,Sigli the Huntsman,viking_sigli,0,808 819 820 821 822,true
3925,Swensen the Navigator,viking_hallifred,0,813 819 820 821 822,true
3926,,viking_brundt,0,808 819 820 821 822,true
3927,,viking_askelapen,2402,2331 12042,true
3928,Guard,viking_longhall_guard1,0,813 819 820 821 822,true
3929,Guard,viking_longhall_guard2,0,813 819 820 821 822,true
3930,Town Guard,viking_town_entrance_guard1,0,813 819 820 821 822,true
3931,Town Guard,viking_town_entrance_guard2,0,813 819 820 821 822,true
3932,Thora the Barkeep,viking_longhall_barkeep,0,808 819 820 821 822,true
3933,Yrsa,viking_clothing_shopkeeper,0,808 819 820 821 822,true
3934,Fisherman,viking_fisherman1,0,623 819 820 821 822,true
3935,Skulgrimen,viking_weapons_salesman,0,808 819 820 821 822,true
3936,Sailor,viking_sailor,0,808 819 820 821 822,true
3937,Agnar,viking_man,0,808 819 820 821 822,true
3938,Freidir,viking_man2,0,808 819 820 821 822,true
3939,Borrokar,viking_man3,0,808 819 820 821 822,true
3940,Lanzig,viking_man4,0,813 1146 820 821 822,true
3941,Pontak,viking_man5,0,813 819 820 821 822,true
3942,Freygerd,viking_woman,0,808 819 820 821 822,true
3943,Lensa,viking_woman2,0,808 819 820 821 822,true
3944,Jennella,viking_woman3,0,808 819 820 821 822,true
3945,Sassilik,viking_woman4,0,808 819 820 821 822,true
3946,Inga,viking_woman_indoors,0,808 819 820 821 822,true
3947,Fish monger,viking_fish_monger,0,808 819 820 821 822,true
3948,Fur trader,viking_fur_monger,0,808 819 820 821 822,true
3949,Market Guard,viking_guard,0,813 819 820 821 822,true
3950,Warrior,viking_guard2,0,808 819 820 821 822,true
3951,Legends' Guard,legends_guild_guard1,0,813 1205 1206 1207 1208,true
3952,Legends' Guard,legends_guild_guard2,0,813 1205 1206 1207 1208,true
3953,Radimus Erkle,radimus_erkle,0,808 819 820 821 822,true
3954,Jungle forester,jungleforester_m,0,808 819 820 821 822,true
3955,Jungle forester,jungleforester_f,0,808 819 820 821 822,true
3956,Gujuo,gujuo,0,813 1205 1206 1207 1208,true
3957,Ungadulu,ungadulu_good,0,808 819 820 821 822,true
3958,Ungadulu,ungadulu_bad,0,808 819 820 821 822,true
3959,Tormented Warrior,jungle_savage,0,813 1205 1206 1207 1208,true
3960,Fionella,fionella,0,808 819 820 821 822,true
3961,Siegfried Erkle,siegfried_erkle,0,808 819 820 821 822,true
3962,Nezikchened,nezikchened,1078,66 63,true
3963,Viyeldi,viyeldi,0,808,true
3964,San Tojalon,san_tojalon,1291,5483 5481,true
3965,Irvig Senay,irvig_senay,1291,5483 5481,true
3966,Ranalph Devere,ranalph_devere,1291,5483 5481,true
3967,Boulder,boulder_legends,277,6,true
3968,Echned Zekin,echned_zekin,1290,5538 5539,true
3969,Zombie rat,dragonslayer_giantrat_1_key,1152,4932 4931,true
3970,Zombie rat,dragonslayer_giantrat_2,1152,4932 4931,true
3971,Zombie rat,dragonslayer_giantrat_3,1152,4932 4931,true
3972,Skeleton,dragonslayer_skeleton_1_key,1291,5483 5481,true
3973,Skeleton,dragonslayer_skeleton_2,1291,5483 5481,true
3974,Skeleton,dragonslayer_skeleton_3,1291,5483 5479,true
3975,Ghost,dragonslayer_ghost_1_key,1290,5538 5539,true
3976,Ghost,dragonslayer_ghost_2,1289,5530 5531,true
3977,Ghost,dragonslayer_ghost_3,1289,5530 5531,true
3978,Ghost,dragonslayer_ghost_4,1289,5530 5531,true
3979,Ghost,dragonslayer_ghost_5,1289,5530 5531,true
3980,Zombie,dragonslayer_zombie_1_key,1288,5572 5570 5790 5788 5789,true
3981,Zombie,dragonslayer_zombie_2,1288,5572 5570 5790 5788 5789,true
3982,Lesser demon,dragonslayer_demon,1078,66 63,true
3983,,sote_jethick,0,808 819 820 821 822,true
3984,Doctor Orbon,doctor_orbon,0,808 819 820 821 822,true
3985,Farmer Brumty,farmer_brumty,0,808 819 820 821 822,true
3986,Red Sheep,herder_plaguesheep_1,1247,5335 5334,true
3987,Green Sheep,herder_plaguesheep_2,1247,5335 5334,true
3988,Blue Sheep,herder_plaguesheep_3,1247,5335 5334,true
3989,Yellow Sheep,herder_plaguesheep_4,1247,5335 5334,true
3990,,herder_plaguesheep_1_enclosure,1247,5335,true
3991,,herder_plaguesheep_2_enclosure,1247,5335,true
3992,,herder_plaguesheep_3_enclosure,1247,5335,true
3993,,herder_plaguesheep_4_enclosure,1247,5335,true
3994,Boy,ballboy,2402,2331 12042,true
3995,Nora T. Hagg,nora_t_hagg,0,808 819 820 821 822,true
3996,Witch's experiment,shapeshifterglob,337,257 254,true
3997,Witch's experiment (second form),shapeshifterspider,1248,5326 5325,true
3998,Witch's experiment (third form),shapeshifterbear,1151,4919 4923,false
3999,Witch's experiment (fourth form),shapeshifterwolf,1491,6580 6556,true
4000,Mouse,witchrat,331,242 239,true
4001,Chompy chick,poh_chompybird_pet,1536,6764 6765,true
4002,Chompy chick,chompy_bird_pet,1536,6764 6765,true
4003,,roving_update_female_woodelf,0,808 819 820 821 822,true
4004,Shadow,mourning_shadow_beast,599,2740 2737,false
4005,Dark beast,mourning_dark_beast,1503,2730 2729,true
4006,,sote_carla,0,808 819 820 821 822,true
4007,,sote_baxtorian,0,808 819 820 821 822,true
4008,,sote_baxtorian_ruined_lletya,0,808 819 820 821 822,true
4009,,sote_baxtorian_waterfall,0,808 819 820 821 822,true
4010,Thorgel,mourning_deathalter_dwarf_vis,297,101 98,true
4011,Bill Teach,fever_teach,0,808 819 820 821 822,true
4012,Bill Teach,fever_cutscene_teach,0,808 819 820 821 822,true
4013,,fever_port_ship_teach,0,808 819 820 821 822,true
4014,Bill Teach,fever_quest_ship_teach,0,808 819 820 821 822,true
4015,Bill Teach,fever_harmless_teach,0,808 819 820 821 822,true
4016,Bill Teach,fever_harmless_port_ship_teach,0,808 819 820 821 822,true
4017,Charley,fever_pirate_two_feet_charley,0,808 819 820 821 822,true
4018,Smith,fever_smithing_smith,0,808 819 820 821 822,true
4019,Joe,fever_harpoon_joe,0,808 819 820 821 822,true
4020,Mama,fever_mama_la_fiette,0,808 819 820 821 822,true
4021,Mama,fever_cutscene_mama_la_fiette,0,808 819 820 821 822,true
4022,Mike,fever_dodgy_mike,0,808 819 820 821 822,true
4023,Pirate,fever_pirate_island_01,0,808 819 820 821 822,true
4024,Pirate,fever_pirate_island_02,0,808 819 820 821 822,true
4025,Pirate,fever_pirate_island_03,0,808 819 820 821 822,true
4026,Pirate,fever_pirate_island_04,0,808 819 820 821 822,true
4027,Pirate,fever_pirate_island_05,0,808 819 820 821 822,true
4028,Pirate,fever_pirate_island_06,0,808 819 820 821 822,true
4029,Pirate,fever_pirate_island_07,0,808 819 820 821 822,true
4030,Pirate,fever_pirate_island_08,0,808 819 820 821 822,true
4031,Pirate,fever_pirate_island_09,0,808 819 820 821 822,true
4032,Pirate,fever_pirate_island_10,0,808 819 820 821 822,true
4033,Pirate,fever_pirate_millitia_01,0,813 1205 1206 1207 1208,true
4034,Pirate,fever_pirate_millitia_02,0,813 1205 1206 1207 1208,true
4035,Pirate,fever_pirate_millitia_03,0,813 1205 1206 1207 1208,true
4036,Pirate,fever_pirate_millitia_04,0,808 819 820 821 822,true
4037,Pirate,fever_pirate_millitia_05,0,808 819 820 821 822,true
4038,Pirate,fever_pirate_millitia_06,0,813 1205 1206 1207 1208,true
4039,Pirate,fever_pirate_millitia_07,0,813 1205 1206 1207 1208,true
4040,Pirate,fever_pirate_millitia_08,0,808 819 820 821 822,true
4041,Pirate,fever_pirate_millitia_09,0,808 819 820 821 822,true
4042,Pirate,fever_pirate_millitia_10,0,813 1205 1206 1207 1208,true
4043,Pirate,fever_pirate_enemy_01,0,808 819 820 821 822,true
4044,Pirate,fever_pirate_enemy_02,0,808 819 820 821 822,true
4045,Pirate,fever_pirate_enemy_03,0,808 819 820 821 822,true
4046,Pirate,fever_pirate_enemy_04,0,808 819 820 821 822,true
4047,Pirate,fever_pirate_enemy_05,0,808 819 820 821 822,true
4048,Pirate,fever_pirate_enemy_06,0,808 819 820 821 822,true
4049,Pirate,fever_pirate_enemy_07,0,808 819 820 821 822,true
4050,Pirate,fever_pirate_enemy_08,0,808 819 820 821 822,true
4051,Pirate,fever_pirate_enemy_09,0,808 819 820 821 822,true
4052,Pirate,fever_pirate_enemy_10,0,808 819 820 821 822,true
4053,Gull,fever_seagull,1538,6771 6773,true
4054,Banker,fever_banker_01,0,808,true
4055,Banker,fever_banker_02,0,808,true
4056,Grail Maiden,grail_maiden,0,808 819 820 821 822,true
4057,Sir Percival,sir_percival,0,808 819 820 821 822,true
4058,King Percival,king_percival,0,808 819 820 821 822,true
4059,Merlin,merlin2,0,813 819 820 821 822,true
4060,Peasant,unhappy_peasant,0,808 819 820 821 822,true
4061,Peasant,happy_peasant,0,808 819 820 821 822,true
4062,High Priest,high_priest_of_entrana,0,808 819 820 821 822,true
4063,Crone,grail_crone,0,808 819 820 821 822,true
4064,Galahad,brother_galahad,0,808 819 820 821 822,true
4065,Fisherman,grail_fisherman,0,808 819 820 821 822,true
4066,The Fisher King,fisher_king,0,813 819 820 821 822,true
4067,Black Knight Titan,black_knight_titan,302,130 127,true
4068,Monk,entrana_monk,0,808 819 820 821 822,true
4069,Bonzo,bonzo,0,808 819 820 821 822,true
4070,Sinister Stranger,sinister_stranger0,0,808 819 820 821 822,false
4071,Sinister Stranger,sinister_stranger1,0,808 819 820 821 822,false
4072,Morris,morris,0,3845,true
4073,Big Dave,bigdave,0,808 819 820 821 822,true
4074,Joshua,joshua,0,808 819 820 821 822,true
4075,Grandpa Jack,grandpa_jack,0,808 819 820 821 822,true
4076,Forester,mcgruborforester,0,808 819 820 821 822,true
4077,Austri,tunnel_dwarf,297,101 98,true
4078,Vestri,tunnel_dwarf1,297,101 98,true
4079,Fishing spot,0_41_53_compofishspot,1701,7634,false
4080,Fishing spot,0_41_53_sinisterfishspot,1701,7634,false
4081,Fishing spot,0_41_53_bigdavefishspot,1701,7634,false
4082,Fishing spot,0_41_53_joshuafishspot,1701,7634,false
4083,Denulth,death_ig_commander,0,808 819 820 821 822,true
4084,Sergeant,death_ig_sergeant_drilling,0,808 819 820 821 822,true
4085,Sergeant,death_ig_sergeant_training,0,808 819 820 821 822,true
4086,Soldier,death_ig_solider_drilling,0,808 819 820 821 822,true
4087,Soldier,death_ig_solider_training,0,808 819 820 821 822,true
4088,Soldier,death_ig_solider_wander,0,808 819 820 821 822,true
4089,Soldier,death_ig_solider_sitting1,0,1144,false
4090,Soldier,death_ig_solider_sitting2,0,1144,false
4091,Soldier,death_ig_solider_sitting3,0,1144,false
4092,Soldier,death_ig_solider_wounded,0,1147,true
4093,Saba,death_hermit,0,808 819 820 821 822,true
4094,Tenzing,death_sherpa,0,813 1146 820 821 822,true
4095,Eadburg,death_cook,0,808 819 820 821 822,true
4096,Archer,death_archer1,0,808 819 820 821 822,true
4097,Archer,death_archer2,0,808 819 820 821 822,true
4098,Archer,death_archer_trapped,0,808 819 820 821 822,true
4099,Guard,death_guard1,0,808 819 820 821 822,true
4100,Guard,death_guard2,0,808 819 820 821 822,true
4101,Harold,death_guard_equiproom,0,808 819 820 821 822,true
4102,Tostig,death_barman,0,808 819 820 821 822,true
4103,Eohric,death_headservant,0,808 819 820 821 822,true
4104,Servant,death_servant1,0,808 819 820 821 822,true
4105,Dunstan,death_smithy,0,808 819 820 821 822,true
4106,Wistan,death_shopkeeper,0,808 819 820 821 822,true
4107,Breoca,death_man_outdoors1,0,808 819 820 821 822,true
4108,Ocga,death_man_outdoors2,0,808 819 820 821 822,true
4109,Penda,death_man_indoors2,0,808 819 820 821 822,true
4110,Hygd,death_woman_outdoors1,0,808 819 820 821 822,true
4111,Ceolburg,death_woman_outdoors2,0,808 819 820 821 822,true
4112,Hild,death_woman_indoors1,0,808 819 820 821 822,true
4113,,death_growncat_black,280,317 314,true
4114,White Knight,death_white_knight,0,2561 2562,true
4115,Fareed (hard),nzone_firediamond_firewarrior_hard,0,808 819 820 821 822,true
4116,Billy,death_mountain_goat,1247,5339 5340,false
4117,Mountain goat,mountain_goat2,1247,5339 5340,false
4118,Eadgar,troll_eadgar,0,808 819 820 821 822,true
4119,Godric,troll_godric,0,808 819 820 821 822,true
4120,Troll general,troll_general,461,927 1141,true
4121,Troll general,troll_general2,461,926 1139,true
4122,Troll general,troll_general3,461,926 1139,true
4123,Troll spectator,troll_spectator1,461,286 283,true
4124,Troll spectator,troll_spectator2,461,286 283,true
4125,Troll spectator,troll_spectator3,461,926 1139,true
4126,Troll spectator,troll_spectator4,461,286 283,true
4127,Troll spectator,troll_spectator5,461,926 1139,true
4128,Troll spectator,troll_spectator6,461,286 283,true
4129,Troll spectator,troll_spectator7,461,286 283,true
4130,Dad,troll_champion,461,925 1140,true
4131,Twig,troll_prison_guard1_awake,461,286 283,false
4132,Berry,troll_prison_guard2_awake,461,286 283,false
4133,Twig,troll_prison_guard1,461,1159 283,false
4134,Berry,troll_prison_guard2,461,1159 283,false
4135,Thrower troll,troll_thrower1,461,286 283,true
4136,Thrower troll,troll_thrower2,461,286 283,true
4137,Thrower troll,troll_thrower3,461,286 283,true
4138,Thrower troll,troll_thrower4,461,286 283,true
4139,Thrower troll,troll_thrower5,461,286 283,true
4140,Cook,troll_cook,461,286 283,true
4141,Cook,troll_cook2,461,286 283,true
4142,Cook,troll_cook3,461,286 283,true
4143,Mountain troll,troll_melee1,461,286 283,true
4144,Mushroom,troll_stronghold_camp_guard,461,1159 283,true
4145,Mountain goat,troll_mountain_goat,1247,5339 5340,false
4146,Mountain goat,troll_mountain_goat2,1247,5339 5340,false
4147,Mountain goat,troll_mountain_goat_smaller,1247,5339 5340,false
4148,Guard,troll_sguard1,461,286 283,true
4149,Guard,troll_sguard2,461,286 283,true
4150,Guard,troll_sguard3,461,286 283,true
4151,Guard,troll_sguard4,461,286 283,true
4152,Guard,troll_sguard5,461,286 283,true
4153,Guard,troll_sguard6,461,286 283,true
4154,Guard,troll_sguard7,461,286 283,true
4155,Guard,troll_sguard8,461,286 283,true
4156,Guard,eadgar_storeroom_guard,461,286 283,true
4157,Burntmeat,eadgar_troll_chief_cook,461,286 283,true
4158,Rat Burgiss,surok_rat,0,808 819 820 821 822,true
4159,Surok Magis,surok_surok_type1,0,808 819 820 821 822,true
4160,Surok Magis,surok_surok_type2,0,808 819 820 821 822,true
4161,Zaff,surok_zaff,0,813 819 820 821 822,true
4162,Anna Jones,surok_annajones,0,6106,false
4163,King Roald,surok_king,0,808 819 820 821 822,true
4164,Mishkal'un Dorn,surok_monk1,0,808 819 820 821 822,true
4165,Dakh'thoulan Aegis,surok_monk2,0,808 819 820 821 822,true
4166,Sil'as Dahcsnu,surok_monk3,0,808 819 820 821 822,true
4167,Outlaw,surok_outlaw1,0,808 819 820 821 822,true
4168,Outlaw,surok_outlaw2,0,808 819 820 821 822,true
4169,Outlaw,surok_outlaw3,0,808 819 820 821 822,true
4170,Outlaw,surok_outlaw4,0,808 819 820 821 822,true
4171,Outlaw,surok_outlaw5,0,808 819 820 821 822,true
4172,Outlaw,surok_outlaw6,0,808 819 820 821 822,true
4173,Outlaw,surok_outlaw7,0,808 819 820 821 822,true
4174,Outlaw,surok_outlaw8,0,808 819 820 821 822,true
4175,Outlaw,surok_outlaw9,0,808 819 820 821 822,true
4176,Outlaw,surok_outlaw10,0,808 819 820 821 822,true
4177,Monkey,surok_monkey,320,222 219,true
4178,Bench,fai_varrock_bench,0,6106,false
4179,Hadley,hadley_waterfall_quest,0,808 819 820 821 822,true
4180,Gerald,gerald_waterfall_quest,0,808 819 820 821 822,true
4181,Almera,almera_waterfall_quest,0,808 819 820 821 822,true
4182,Hudon,hudon_waterfall_quest,2402,2331 12042,true
4183,Golrie,golrie_waterfall_quest,2402,2331 12042,true
4184,Crocodile,ics_little_croc,570,2037 2036,true
4185,Jackal,ics_little_jackal,1491,6561 6560,true
4186,,ics_little_locust,571,2012 2011,true
4188,,ics_little_plague_frog,380,1018 1021,true
4189,,toa_apmeken_captured,2076,9537 9536,true
4190,,bcs_maisa_nardah,0,808 819 820 821 822,true
4191,,bcs_maisa_sophanem,0,808 819 820 821 822,true
4192,Scarab Swarm,ics_scarab_swarm,468,1947 1945,true
4193,Wanderer,ics_little_redheadlady_normeyes,0,808 1146,true
4194,Wanderer,ics_little_redheadlady,0,808 1146,true
4195,Apparition,ics_little_het,0,813 1205 1206 1207 1208,true
4196,Apparition,ics_little_apmeken,0,813 1205 1206 1207 1208,true
4197,Apparition,ics_little_scabaras,0,813 1205 1206 1207 1208,true
4198,Apparition,ics_little_crondis,0,813 1205 1206 1207 1208,true
4199,Icthlarin,ics_little_ic,0,813 1205 1206 1207 1208,true
4200,,bcs_mehhar,1289,5530 5531,true
4201,,bcs_osman_camp,0,808 819 820 821 822,true
4202,Embalmer,ics_little_embalmer,0,808 819 820 821 822,true
4203,Carpenter,ics_little_carpenter,0,808 819 820 821 822,true
4204,,ics_little_linen1,0,808 819 820 821 822,true
4205,Siamun,ics_little_linen2,0,808 819 820 821 822,true
4206,High Priest,ics_little_hipriest_vis,0,808 819 820 821 822,true
4207,Priest,ics_little_priest,0,808 819 820 821 822,true
4208,Priest,ics_little_priestdoorman,0,808 819 820 821 822,true
4209,Sphinx,ics_little_sphinx,572,2028 2027,true
4210,Possessed Priest,ics_little_possessedpriest,0,808 819 820 821 822,true
4211,,ics_little_cat,280,317 314,true
4212,Donovan the Family Handyman,donovan_the_family_handyman,0,808 819 820 821 822,true
4213,Pierre,pierre_the_family_dog_handler,0,808 819 820 821 822,true
4214,Hobbes,hobbes_the_butler,0,808 819 820 821 822,true
4215,Louisa,louisa_the_cook,0,808 819 820 821 822,true
4216,Mary,mary_the_maid,0,808 819 820 821 822,true
4217,Stanford,stanford_the_gardener,0,808 819 820 821 822,true
4218,Guard,murderguard,0,808 819 820 821 822,true
4219,Gossip,gossipy_man,0,808 819 820 821 822,true
4220,Anna,anna_sinclair,0,808 819 820 821 822,true
4221,Bob,bob_sinclair,0,808 819 820 821 822,true
4222,Carol,carol_sinclair,0,808 819 820 821 822,true
4223,David,david_sinclair,0,808 819 820 821 822,true
4224,Elizabeth,elizabeth_sinclair,0,808 819 820 821 822,true
4225,Frank,frank_sinclair,0,808 819 820 821 822,true
4226,Sinclair,kr_sinclair_dummy,0,808 819 820 821 822,true
4227,Poison Salesman,poison_salesman,0,808 819 820 821 822,true
4228,Sinclair Guard dog,murder_mystery_guarddog,1491,6561 6560,true
4229,Love Cats,twocats_trawler_cats,677,2671,true
4230,Neite,twocats_niete_veil,280,2694,true
4231,Bob,twocats_bob_bow_tie,280,2694,true
4232,Beite,twocats_special_kitten,280,2664 2662,true
4233,Gnome,twocats_gnome_woman,2402,2331 12042,true
4234,Gnome,twocats_gnome_man,2402,12040 12042,true
4235,Odysseus,twocats_odysseus_ghost,323,2666,true
4236,Neite,twocats_niete_,280,317 314,true
4237,Unferth,twocats_unferth_bald,0,808 819 820 821 822,true
4238,Unferth,twocats_unferth_shorthair,0,808 819 820 821 822,true
4239,Unferth,twocats_unferth_mediumhair,0,808 819 820 821 822,true
4240,Unferth,twocats_unferth_spikeyhair,0,808 819 820 821 822,true
4241,Unferth,twocats_unferth_longhair,0,808 819 820 821 822,true
4242,Reldo,reldo_withbook,0,808 819 820 821 822,true
4243,Reldo,reldo_normal,0,808 819 820 821 822,true
4244,Brother Omad,brother_omad,0,808 819 820 821 822,true
4245,Brother Cedric,brother_cedric,0,808 819 820 821 822,true
4246,Monk,monk_ardougne,0,808 819 820 821 822,true
4247,Thief,thief_blanket,0,808 819 820 821 822,true
4248,Head Thief,headthief_blanket,0,808 819 820 821 822,true
4249,Alrena,alrena,0,808 819 820 821 822,true
4250,Alrena,alrena_gasmask_mask,0,3185 819 820 821 822,true
4251,Alrena,alrena_gasmask_mix,0,364 819 820 821 822,true
4252,Bravek,bravek,0,808 819 820 821 822,true
4253,Bravek,bravek_hangover_cure_anim,0,3186 819 820 821 822,true
4254,,sote_baxtorian_gates,0,808 819 820 821 822,true
4255,Clerk,clerk,0,808 819 820 821 822,true
4256,Edmond,edmond,0,813 1205 1206 1207 1208,true
4257,Elena,elenap_vis,0,808 819 820 821 822,true
4258,,sote_ysgawyn,0,808 819 820 821 822,true
4259,,sote_ysgawyn_forest,0,808 819 820 821 822,true
4260,,sote_islwyn,0,808 819 820 821 822,true
4261,,sote_ilfeen,0,808 819 820 821 822,true
4262,,paladin_west,0,808 819 820 821 822,true
4263,Ted Rehnison,ted_rehnison,0,808 819 820 821 822,true
4264,Martha Rehnison,martha_rehnison,0,808 819 820 821 822,true
4265,Billy Rehnison,billy_rehnison,2402,2331 12042,true
4266,Milli Rehnison,milli,2402,2331 12042,true
4267,,knight_of_ardougne_west,0,808 819 820 821 822,true
4268,Man,w_ardougnecitizen1,0,808 819 820 821 822,true
4269,Man,w_ardougnecitizen2,0,808 819 820 821 822,true
4270,Man,w_ardougnecitizen3,0,808 819 820 821 822,true
4271,Man,w_ardougnecitizen4,0,808 819 820 821 822,true
4272,Man,w_ardougnecitizen5,0,808 819 820 821 822,true
4273,,knight_of_ardougne_west_noop,0,808 819 820 821 822,true
4274,Leela,leela,0,808 819 820 821 822,true
4275,,bcs_selim,0,808 819 820 821 822,true
4276,Jail guard,jailguard,0,808 819 820 821 822,true
4277,Jail guard,jailguard_two_patrol,0,808 819 820 821 822,true
4278,Jail guard,jailguard_three_patrol,0,808 819 820 821 822,true
4279,Jail guard,jailguard_four_patrol,0,808 819 820 821 822,true
4280,Ned,ned,0,808 819 820 821 822,true
4281,,bcs_necropolis_guard_1,0,808 819 820 821 822,true
4282,,bcs_necropolis_guard_2,0,808 819 820 821 822,true
4283,,bcs_necropolis_guard_3,0,808 819 820 821 822,true
4284,,aggie,0,808 819 820 821 822,true
4285,Chancellor Hassan,hassan,0,808 819 820 821 822,true
4286,Osman,osman,0,808 819 820 821 822,true
4287,Border Guard,borderguard1,0,813 819 820 821 822,true
4288,Border Guard,borderguard2,0,813 819 820 821 822,true
4289,Joe,shipyard_dog_ball,1491,7269 6577,true
4290,Cat,shipyard_sailing_cat,280,2694,true
4291,Herman Caranos,swan_herman,0,808 819 820 821 822,false
4292,Franklin Caranos,swan_franklin,0,808 819 820 821 822,false
4293,Arnold Lydspor,swan_arnold,0,808 819 820 821 822,true
4294,Devin Mendelberg,swan_colonist_1,0,808 819 820 821 822,true
4295,George Laxmeister,swan_colonist_2,0,808 819 820 821 822,true
4296,Ramara du Croissant,swan_colonist_3,0,808 819 820 821 822,true
4297,,swan_boat_colonist,0,808 819 820 821 822,true
4298,Kathy Corkat,swan_boatwoman_1,0,808 819 820 821 822,true
4299,Kathy Corkat,swan_boatwoman_2,0,808 819 820 821 822,true
4300,,swan_multioutside,0,808,true
4301,Elemental balance,poh_elemental_balance_2_blue1,391,3584,true
4302,Elemental balance,poh_elemental_balance_2_blue2,391,3584,true
4303,Kalphite Queen,swan_kalphite_1,1422,6239 6238,true
4304,Kalphite Queen,swan_kalphite_2,1425,6236,true
4305,Drunken Dwarf,swan_drunkendwarf,297,900 104,true
4306,Wise Old Man,swan_wom_ambush,0,813 1146 820 821 822,true
4307,Wise Old Man,swan_wom_coma,0,3970,true
4308,Sea troll,swan_troll_ambush,664,3987 3984,true
4309,Sea troll,swan_troll_fishing_1,664,3987 3984,true
4310,Sea troll,swan_troll_fishing_2,664,3987 3984,true
4311,Sea troll,swan_troll_fishing_3,664,3987 3984,true
4312,Skeleton Mage,swan_skeleton_battle,1291,5483 5479,true
4313,Sea troll,swan_troll_battle,664,3987 3984,true
4314,Sea Troll General,swan_troll_general,665,3978 3977,true
4315,Sea Troll Queen,swan_seatroll_queen,666,3989,true
4316,Fishing spot,swan_fishingspot,1701,7634,false
4317,Caleb,caleb_fitzharmon_1op,0,808 819 820 821 822,true
4319,Skeleton Mage,swan_skeleton_training,1291,5483 5479,true
4320,Morgan Le Faye,kr_morgan_cutscene,0,813 819 820 821 822,true
4321,Renegade knight,kr_keep_knight,0,6927 6928,true
4322,Zanik,dttd_zanik_unmarked,1383,6040 6041,true
4323,Zanik,dttd_zanik_with_tog_bowl,1383,5994 5995,true
4324,Zanik,dttd_zanik_marked_glowing,1383,6040 6041,true
4325,Light creature,dttd_cutscene_light_creature,3,2051,true
4326,Zanik,dttd_zanik_ham_robes,1383,6040 6041,true
4327,HAM member,dttd_cutscene_man,0,4208,true
4328,Sigmund,dttd_cutscene_sigmund,0,4208,true
4329,H.A.M. Deacon,dttd_cutscene_deacon,0,4208,true
4330,Johanhus Ulsbrecht,dttd_cutscene_johanhus,0,4208 819 820 821 822,true
4331,Black Knight,kr_aggressive_black_knight,0,808 819 820 821 822,true
4332,Guard,kr_keep_guard_hair,0,6918,true
4333,Court judge,kr_judge_dummy,0,1322 1323 1324 1325 1326,true
4334,Jury,kr_jury_dummy,0,808 819 820 821 822,true
4335,Guard,kr_court_house_guard_01,0,808 819 820 821 822,true
4336,Guard,kr_court_house_guard_02,0,808 819 820 821 822,true
4337,Prosecutor,kr_court_prosecutor,0,808 819 820 821 822,true
4338,,kr_court_witness,0,808 819 820 821 822,true
4339,,kr_multi_king_arthur,0,808 819 820 821 822,true
4340,Arthur,kr_arthur_disguise,0,813 1205 1206 1207 1208,true
4341,,kr_multi_merlin_jail,0,813 819 820 821 822,true
4342,Sir Lucan,kr_cam_lucan,0,808 819 820 821 822,true
4343,Sir Palomedes,kr_cam_palomedes,0,808 819 820 821 822,true
4344,Sir Lancelot,kr_cam_lancelot,0,808 819 820 821 822,true
4345,Sir Bedivere,kr_cam_bedivere,0,808 819 820 821 822,true
4346,Sir Tristram,kr_cam_tristram,0,808 819 820 821 822,true
4347,Sir Pelleas,kr_cam_pelleas,0,808 819 820 821 822,true
4348,Sir Gawain,kr_cam_gawain,0,808 819 820 821 822,true
4349,Sir Kay,kr_cam_kay,0,808 819 820 821 822,true
4350,Sir Pelleas,kr_cam_pelleas_jail,0,808 819 820 821 822,true
4351,Sir Gawain,kr_cam_gawain_jail,0,808 819 820 821 822,true
4352,Sir Kay,kr_cam_kay_jail,0,808 819 820 821 822,true
4353,Squire,kr_squire,0,813 819 820 821 822,true
4354,Sir Lancelot,kr_knight8,0,808 819 820 821 822,true
4355,Sir Kay,kr_knight7,0,808 819 820 821 822,true
4356,Sir Gawain,kr_knight6,0,808 819 820 821 822,true
4357,Sir Lucan,kr_knight5,0,808 819 820 821 822,true
4358,Sir Palomedes,kr_knight4,0,808 819 820 821 822,true
4359,Sir Tristram,kr_knight3,0,808 819 820 821 822,true
4360,Sir Pelleas,kr_knight2,0,808 819 820 821 822,true
4361,Sir Bedivere,kr_knight1,0,808 819 820 821 822,true
4362,Ogre chieftain,ogre_chieftan,321,357 358,true
4363,Ogre chieftain,ogre_chieftan_caves,321,357 358,true
4364,Og,og,321,357 358,true
4365,Grew,grew,321,357 358,true
4366,Toban,toban,321,357 358,true
4367,Gorad,gorad,321,357 358,true
4368,Ogre guard,ogre_guard,321,357 358,true
4369,Ogre guard,ogre_guard1,321,357 358,true
4370,Ogre guard,ogre_guard2,321,357 358,true
4371,Ogre guard,ogre_guard3,321,357 358,true
4372,Ogre guard,ogre_guard4,321,357 358,true
4373,City guard,city_guard,321,357 358,true
4374,Scared skavid,scared_skavid,337,257 254,true
4375,Mad skavid,mad_skavid,337,257 254,true
4376,Skavid,skavidtalker1,337,257 254,true
4377,Skavid,skavidtalker2,337,257 254,true
4378,Skavid,skavidtalker3,337,257 254,true
4379,Skavid,skavidtalker4,337,257 254,true
4380,Skavid,skavidtalker5,337,257 254,true
4381,Enclave guard,enclave_guard,321,357 358,true
4382,Ogre shaman,ogre_shaman,321,357 358,true
4383,Ogre shaman,qip_watchtower_ogre_shaman_01_normal,321,357 358,true
4384,Ogre shaman,watchtower_cutscene_ogre_shaman,321,357 358,true
4385,Blue dragon,watchtower_cutscene_blue_dragon,1080,90 79,true
4386,Ogre shaman,qip_watchtower_ogre_shaman_01_removed,321,357 358,true
4387,Ogre shaman,qip_watchtower_ogre_shaman_02_normal,321,357 358,true
4388,Ogre shaman,qip_watchtower_ogre_shaman_02_removed,321,357 358,true
4389,Ogre shaman,qip_watchtower_ogre_shaman_03_normal,321,357 358,true
4390,Ogre shaman,qip_watchtower_ogre_shaman_03_removed,321,357 358,true
4391,Ogre shaman,qip_watchtower_ogre_shaman_04_normal,321,357 358,true
4392,Ogre shaman,qip_watchtower_ogre_shaman_04_removed,321,357 358,true
4393,Ogre shaman,qip_watchtower_ogre_shaman_05_normal,321,357 358,true
4394,Ogre shaman,qip_watchtower_ogre_shaman_05_removed,321,357 358,true
4395,Ogre shaman,qip_watchtower_ogre_shaman_06_normal,321,357 358,true
4396,Ogre shaman,qip_watchtower_ogre_shaman_06_removed,321,357 358,true
4397,Watchtower Wizard,watchtower_wizard,0,808 819 820 821 822,true
4398,Wizard,qip_watchtower_wizard_02,0,808 819 820 821 822,true
4399,Wizard,qip_watchtower_wizard_03,0,808 819 820 821 822,true
4400,Wizard,qip_watchtower_wizard_04,0,808 819 820 821 822,true
4401,Ogre trader,ogre_trader1,321,357 358,true
4402,Ogre merchant,ogre_merchant,321,357 358,true
4403,Ogre trader,ogre_trader2,321,357 358,true
4404,Ogre trader,falseogretrader,321,357 358,true
4405,Tower guard,tower_guard,0,808 819 820 821 822,true
4406,Colonel Radick,colonel_radick,0,808 819 820 821 822,true
4407,Ava,anma_assistant,0,808 819 820 821 822,true
4408,,anma_assistant_multi,0,808 819 820 821 822,true
4409,Witch,anma_witch,0,808 819 820 821 822,true
4410,,anma_witch_multi,0,808 819 820 821 822,true
4411,Malcolm,anma_ghost_farmer,0,5370 5372,true
4412,Malcolm,anma_ghost_farmer_amulet,0,5370 5372,true
4413,Malcolm,anma_ghost_farmer_amulet_cutscene,0,5370 5372,true
4414,Malcolm,anma_ghost_farmer_amulet_cutscene_sack,0,5371 5373,true
4415,,anma_ghost_farmer_multi,0,5370 5372,true
4419,Sneaky undead fowl,anma_undead_chicken_cutscene,1255,5386 5385,true
4420,Cow31337Killer,anma_cowkiller_cutscene,0,2065 2064,true
4421,Undead cow,anma_cow_cutscene,1338,5852 5848,true
4422,Alice,anma_alice_cutscene,0,808 819 820 821 822,true
4423,Jossik,horror_lighthousekeeeper_well,0,808 819 820 821 822,true
4424,Jossik,horror_lighthousekeeeper_injured,0,1147,true
4425,Larrissa,horror_girlfriend_prequest,0,808 819 820 821 822,true
4426,Larrissa,horror_girlfriend_postquest,0,808 819 820 821 822,true
4427,Vampyre Juvinate,burgh_vampire_juve_1,0,808 819 820 821 822,true
4428,Vampyre Juvinate,burgh_vampire_juve_2,0,808 819 820 821 822,true
4429,Vampyre Juvinate,burgh_vampire_juve_3,0,808 819 820 821 822,true
4430,Vampyre Juvinate,burgh_vampire_juve_4,0,808 819 820 821 822,true
4431,Feral Vampyre,burgh_vampire_juve_angry,0,808 819 820 821 822,true
4432,Vampyre Juvinate,burgh_vampire_juve_held,0,3551,true
4433,Vampyre Juvinate,burgh_cutscene_juve_1,0,808 819 820 821 822,true
4434,Vampyre Juvinate,burgh_cutscene_juve_2,0,808 819 820 821 822,true
4435,Mist,burgh_juvinate_vampyre_misty,680,1261,true
4436,Vampyre Juvenile,burgh_vampire_juvenile_1,0,808 819 820 821 822,true
4437,Vampyre Juvenile,burgh_vampire_juvenile_2,0,808 819 820 821 822,true
4438,Vampyre Juvenile,burgh_vampire_juvenile_3,0,808 819 820 821 822,true
4439,Vampyre Juvenile,burgh_vampire_juvenile_held,0,3551,true
4440,Ivan Strom,burgh_ivan_strom_temple_ambush,0,808 819 820 821 822,true
4441,Ivan Strom,burgh_ivan_strom_temple_ambush_sickle,0,808 819 820 821 822,true
4442,Vampyre Juvinate,burgh_ivan_temple_vampire_juve_1,0,808 819 820 821 822,true
4443,Vampyre Juvinate,burgh_ivan_temple_vampire_juve_2,0,808 819 820 821 822,true
4444,Elisabeta,burgh_vilager_leader,0,808 819 820 821 822,true
4445,Aurel,burgh_general_store_owner,0,808 819 820 821 822,true
4446,Sorin,burgh_villager_0,0,808 819 820 821 822,true
4447,Luscion,burgh_vilager_1,0,808 819 820 821 822,true
4448,Sergiu,burgh_vilager_2,0,808 819 820 821 822,true
4449,Radu,burgh_vilager_3,0,808 819 820 821 822,true
4450,Grigore,burgh_vilager_4,0,808 819 820 821 822,true
4451,Ileana,burgh_vilager_5,0,808 819 820 821 822,true
4452,Valeria,burgh_vilager_6,0,808 819 820 821 822,true
4453,Emilia,burgh_vilager_7,0,808 819 820 821 822,true
4454,Florin,burgh_vilager_8,0,808 819 820 821 822,true
4455,Catalina,burgh_villager_child1,2402,2331 12042,true
4456,Ivan,burgh_villager_child2,2402,2331 12042,true
4457,Victor,burgh_villager_child3,2402,2331 12042,true
4458,Helena,burgh_villager_child4,2402,2331 12042,true
4459,Teodor,burgh_farmer,0,808 819 820 821 822,true
4461,Gabriela,burgh_bed_man_wife,0,808 819 820 821 822,true
4463,Calin,burgh_vilager_sit1,0,1144,false
4464,Mihail,burgh_vilager_sit2,0,1144,false
4465,Nicoleta,burgh_vilager_sit3,0,1144,true
4466,Simona,burgh_vilager_sit4,0,1144,true
4467,,burgh_vilager_rat_1,0,3557 819 820 821 822,true
4468,Razvan,burgh_vilager_rat_2,0,3557 819 820 821 822,true
4469,Luminata,burgh_vilager_rat_3,0,3557 819 820 821 822,true
4470,Cornelius,burgh_potential_bank_teller,0,808 819 820 821 822,true
4471,Cornelius,burgh_bank_teller,0,808 819 820 821 822,true
4472,Benjamin,burgh_turned_vampyre_male_ben,0,808 819 820 821 822,true
4473,Liam,burgh_turned_vampyre_male_liam,0,808 819 820 821 822,true
4474,Miala,burgh_turned_vampyre_male_miala,0,808 819 820 821 822,true
4475,Verak,burgh_turned_vampyre_male_verak,0,808 819 820 821 822,true
4476,Fishing spot,0_54_49_memberfish,1701,7634,false
4477,Fishing spot,0_55_49_memberfish,1701,7634,false
4478,Sorin,burgh_villager_0_blood_tithe,0,808 819 820 821 822,true
4479,,burgh_villager_tithe_multinpc,0,808 819 820 821 822,true
4480,Wiskit,burgh_villager_blood_tithe,0,808 819 820 821 822,true
4482,Vampyre Juvinate,burgh_vampire_juve2_blood_tithe,0,808 819 820 821 822,true
4483,Gadderanks,burgh_gadderanks,0,2065 2064,true
4484,Gadderanks,burgh_gadderanks_attackable,0,2065 2064,true
4485,Gadderanks,burgh_gadderanks_wounded,0,838,true
4486,Vampyre Juvinate,burgh_vampire_juve_1_attackable,0,808 819 820 821 822,true
4487,Vampyre Juvinate,burgh_vampire_juve_2_attackable,0,808 819 820 821 822,true
4488,Olaf Hradson,olaf,0,808 819 820 821 822,true
4489,Volf Olafson,olaf_volf,0,808 819 820 821 822,true
4490,Ingrid Hradson,olaf_ingrid,0,808 819 820 821 822,true
4491,Skeleton fremennik,olaf2_undead_viking_lvl40,0,6113 6112,true
4492,Skeleton fremennik,olaf2_undead_viking_lvl40_b,0,6113 6112,true
4493,Skeleton fremennik,olaf2_undead_viking_lvl40_c,0,6113 6112,true
4494,Skeleton fremennik,olaf2_undead_viking_lvl50,0,6113 6112,true
4495,Skeleton fremennik,olaf2_undead_viking_lvl50_b,0,6113 6112,true
4496,Skeleton fremennik,olaf2_undead_viking_lvl50_c,0,6113 6112,true
4497,Skeleton fremennik,olaf2_undead_viking_lvl60,0,6113 6112,true
4498,Skeleton fremennik,olaf2_undead_viking_lvl60_b,0,6113 6112,true
4499,Skeleton fremennik,olaf2_undead_viking_lvl60_c,0,6113 6112,true
4500,Ulfric,olaf2_ulfric,0,6113 6112,true
4501,Brine rat,olaf2_brine_rats,1404,6127 6114,true
4502,Boulder,olaf2_cave_boulder,1403,6120,true
4503,Boulder,olaf2_cave_boulder_roll,1403,6120,true
4504,Giant bat,olaf2_giant_bat,160,2618 2619,false
4505,Ulfric,olaf2_ulfric_rise,1405,6126,true
4506,Zanik,dttd_zanik_marked,1383,6040 6041,true
4507,,dttd_zanik_cellar,1383,6040 6041,true
4508,Zanik,dttd_zanik_follower,1383,6040 6041,true
4509,Zanik,dttd_zanik_follower_ham,1383,6040 6041,true
4510,Zanik,dttd_zanik_follower_jumping_into_crate,1383,6040,true
4511,Zanik,dttd_zanik_follower_showdown,1383,6040 6041,true
4512,Dwarf,dttd_delivery_dwarf_there,297,101 98,true
4513,H.A.M. Member,dttd_mill_man_crate_there,0,4193 4194,true
4514,H.A.M. Member,dttd_mill_man_nocrate_there,0,808 819 820 821 822,true
4515,,dttd_mill_man_invisible,0,4193 4194,true
4516,Guard,dttd_ham_guard_1,0,808 819 820 821 822,true
4517,Guard,dttd_ham_guard_2,0,808 819 820 821 822,true
4518,Guard,dttd_ham_guard_3,0,808 819 820 821 822,true
4519,Guard,dttd_ham_guard_4,0,808 819 820 821 822,true
4520,Guard,dttd_ham_guard_5,0,808 819 820 821 822,true
4521,Guard,dttd_ham_guard_extra,0,808 819 820 821 822,true
4522,Guard,dttd_ham_guard_1_postquest,0,808 819 820 821 822,true
4523,Guard,dttd_ham_guard_2_postquest,0,808 819 820 821 822,true
4524,Guard,dttd_ham_guard_3_postquest,0,808 819 820 821 822,true
4525,Guard,dttd_ham_guard_4_postquest,0,808 819 820 821 822,true
4526,Guard,dttd_ham_guard_5_postquest,0,808 819 820 821 822,true
4527,Chadwell,chadwell,0,808 819 820 821 822,true
4528,,caveguide1,0,808 819 820 821 822,true
4529,,caveguide2,0,808 819 820 821 822,true
4530,,caveguide3,0,808 819 820 821 822,true
4531,,caveguide5,0,808 819 820 821 822,true
4532,,caveguide6,0,808 819 820 821 822,true
4533,Blessed spider,blessed_spider,1248,5326 5325,true
4534,Blessed giant rat,blessed_giantrat,1152,4932 4931,true
4535,Blessed giant rat,blessed_giantrat2,1152,4932 4931,true
4536,,sote_arianwyn_waterfall,0,808 819 820 821 822,true
4537,,sote_arianwyn_waterfall_baxtorian,0,808 819 820 821 822,true
4538,,sote_lady_trahaearn_cave,0,808 819 820 821 822,true
4539,,sote_lady_trahaearn,0,808 819 820 821 822,true
4540,,sote_lady_trahaearn_wander,0,808 819 820 821 822,true
4541,,sote_lord_amlodd_valley,0,808 819 820 821 822,true
4542,,sote_lord_amlodd,0,808 819 820 821 822,true
4543,<col=00ffff>Boulder</col>,boulder_upass,277,6,true
4544,,sote_lord_amlodd_wander,0,808 819 820 821 822,true
4545,,sote_lord_crwys_forest,0,808 819 820 821 822,true
4546,,sote_lord_crwys,0,808 819 820 821 822,true
4547,,sote_lord_crwys_wander,0,808 819 820 821 822,true
4548,,sote_lady_hefin_island,0,808 819 820 821 822,true
4549,,sote_lady_hefin,0,808 819 820 821 822,true
4550,,sote_lady_hefin_wander,0,808 819 820 821 822,true
4551,Niloof,upassdwarf1,297,101 98,true
4552,Klank,upassdwarf2,297,101 98,true
4553,Kamen,upassdwarf3,297,101 98,true
4554,,sote_lady_meilyr_exploring,0,808 819 820 821 822,true
4555,,sote_lady_ithell_village,0,808 819 820 821 822,true
4556,,sote_iestin_forest,0,808 819 820 821 822,true
4557,,sote_iestin_ruined_lletya,0,808 819 820 821 822,true
4558,,upassmage,0,808 819 820 821 822,true
4559,,sote_lletya_gravestone,0,808 819 820 821 822,true
4560,,sote_upass_gravestone,0,808 819 820 821 822,true
4561,Spider,upass_little_spider,1427,6247 6248,false
4562,Giant bat,non_combat_bat,1153,4914 4913,false
4565,High Priest,devious_cutscene_highpriest,0,808 819 820 821 822,true
4566,Monk,devious_cutscene_monk,0,813 1205 1206 1207 1208,true
4567,Monk,devious_cutscene_monk_relic,0,2993 2994,true
4568,Assassin,devious_cutscene_assassin,0,813 1205 1206 1207 1208,true
4569,Red Axe Henchman,dwarf_red_axe_henchman,297,101 98,true
4570,Red Axe Henchman,dwarf_red_axe_henchman2,297,2341 2335,true
4571,Ogre shaman,ogre_red_axe_shaman,321,357 358,true
4572,The Beast,vc_the_beast,280,317 314,true
4573,Bellemorde,vc_bellemorde,280,317 314,true
4574,Pox,vc_pox,280,317 314,true
4575,Pox,vc_pox_inwarehouse,280,317 314,true
4576,Bones,vc_bones,280,2664 2662,true
4577,,sotn_hazeel_troll,333,8154 8150,true
4578,Councillor Halgrive,vc_partyguests_councillor_halgrive,0,808 819 820 821 822,true
4579,Spice seller,vc_partyguests_spice_merchant,0,808 819 820 821 822,true
4580,Fur trader,vc_partyguests_fur_merchant,0,808 819 820 821 822,true
4581,Gem merchant,vc_partyguests_gem_merchant,0,808 819 820 821 822,true
4582,Silver merchant,vc_partyguests_silver_merchant,0,808 819 820 821 822,true
4583,Silk merchant,vc_partyguests_silk_merchant,0,808 819 820 821 822,true
4584,Zenesha,vc_partyguests_zenesha,0,808 819 820 821 822,true
4585,Ali Morrisane,vc_partyguests_ali_m,0,808 819 820 821 822,true
4586,Grimesquit,vc_grimesquit,0,808 819 820 821 822,true
4587,Phingspet,vc_phingspet,0,808 819 820 821 822,true
4588,Hooknosed Jack,vc_hooknosed_jack,0,808 819 820 821 822,true
4589,Jimmy Dazzler,vc_jimmy_dazzler,0,813 1146 820 821 822,true
4590,The Face,vc_face,0,813 1146 820 821 822,true
4591,Felkrash,vc_felkrash_the_bard,0,808 819 820 821 822,true
4592,Smokin' Joe,vc_smokin_joe,297,101 98,true
4594,Rat,vc_rat,326,2704 2703,true
4595,King rat,vc_kingrat,326,2704 2703,true
4596,Turbogroomer,vc_turbogroomer,280,317 314,true
4597,Pusskins,vc_pusskins,280,317 314,true
4598,Loki,vc_loki,280,317 314,true
4599,Captain Tom,vc_captaintom,280,317 314,true
4600,Treacle,vc_treacle,280,317 314,true
4601,Mittens,vc_mittens,280,317 314,true
4602,Claude,vc_debussi,280,317 2662,true
4603,Topsy,vc_pizz,280,317 2662,true
4604,Rauborn,vc_dwarf_rich1,297,101 98,true
4605,Vaeringk,vc_dwarf_rich2,297,101 98,true
4606,Oxi,vc_dwarf_poor1,297,2155 2154,true
4607,Fior,vc_dwarf_poor2,297,101 98,true
4608,Sagira,vc_dwarf_poor3,297,101 98,true
4609,Anleif,vc_dwarf_poor4,297,101 98,false
4610,Rat,pitrat_varrock_def,326,2704 2703,true
4611,Rat,pitrat_varrock_agr,326,2704 2703,true
4612,Rat,pitrat_varrock_neu,326,2704 2703,true
4613,Rat,pitrat_ardougne_def,326,2704 2703,true
4614,Rat,pitrat_ardougne_agr,326,2704 2703,true
4615,Rat,pitrat_ardougne_neu,326,2704 2703,true
4616,Rat,pitrat_keldagrim_def,326,2704 2703,true
4617,Rat,pitrat_keldagrim_agr,326,2704 2703,true
4618,Rat,pitrat_keldagrim_neu,326,2704 2703,true
4619,Hetty,hetty,0,808 819 820 821 822,true
4620,Elemental balance,poh_elemental_balance_2_blue3,391,3584,true
4621,Elemental balance,poh_elemental_balance_2_blue4,391,3584,true
4622,Elemental balance,poh_elemental_balance_2_blue5,391,3584,true
4623,Elemental balance,poh_elemental_balance_2_blue6,391,3584,true
4624,Elemental balance,poh_elemental_balance_2_green1,391,3584,true
4625,Trufitus,trufitus,0,813 1205 1206 1207 1208,true
4626,Cook,cook,0,808 819 820 821 822,true
4627,Millie Miller,millie_the_miller,0,808 819 820 821 822,true
4628,Gillie Groats,gillie_the_milkmaid,0,3950 3997,true
4629,Ana,ana,0,808 819 820 821 822,true
4631,Female slave,mining_slave_female,0,808 819 820 821 822,true
4632,Male slave,mining_slave_male,0,808 819 820 821 822,true
4633,Escaping slave,escaped_slave,0,808 819 820 821 822,true
4634,Rowdy slave,slave_rowdy,0,808 819 820 821 822,true
4635,Mercenary Captain,desertminingcaptain,0,808 819 820 821 822,true
4636,,capt_siad,0,1953 819 820 821 822,true
4637,Al Shabim,al_shabim,0,813 819 820 821 822,true
4638,Bedabin Nomad,bedabin,0,808 819 820 821 822,true
4639,Bedabin Nomad Guard,bedabin_guard,0,808 819 820 821 822,true
4640,Irena,irena,0,2702 819 820 821 822,true
4641,Irena,tourtrap_qip_irena_happy,0,808 819 820 821 822,true
4642,Shantay,shantay,0,808 819 820 821 822,true
4643,Shantay Guard,shantay_guard,0,808 819 820 821 822,true
4644,Oaknock the Engineer,gnome_oaknock,2402,2331 12042,true
4645,Glouphrie the Untrusted,gnome_glouphrie,2402,2331 12042,false
4646,King Healthorg,eyeglo_king_healthorg,2402,2331 12042,true
4647,Hazelmere,grandtree_hazelmere_young,2402,2331 12042,true
4648,Shantay Guard,shantay_guard_still,0,808 819 820 821 822,true
4649,Desert Wolf,desert_wolf,1491,6580 6556,true
4650,Desert Wolf,desert_wolf2,1491,6580 6556,true
4651,Desert Wolf,desert_wolf3,1491,6580 6556,true
4652,Ugthanki,ugthanki,279,51 45,true
4653,Mine cart driver,mining_cart_driver,0,808 819 820 821 822,true
4654,Rowdy Guard,rowdymineguard,0,808 819 820 821 822,true
4655,Bedabin Nomad Fighter,bedabin_fighter,0,808 819 820 821 822,true
4656,Mercenary,tourtrap_qip_desert_mining_merc_1,0,808 819 820 821 822,true
4657,Mercenary,tourtrap_qip_desert_mining_merc_2,0,808 819 820 821 822,true
4658,Mercenary,tourtrap_qip_desert_mining_merc_3,0,808 819 820 821 822,false
4659,Mercenary,tourtrap_qip_desert_mining_merc_4,0,808 819 820 821 822,true
4660,Guard,tourtrap_qip_desert_mining_guard_1,0,808 819 820 821 822,true
4661,Guard,tourtrap_qip_desert_mining_guard_2,0,808 819 820 821 822,true
4662,Guard,tourtrap_qip_desert_mining_guard_3,0,808 819 820 821 822,true
4663,Guard,tourtrap_qip_desert_mining_guard_4,0,808 819 820 821 822,true
4664,Guard,tourtrap_qip_desert_mining_guard_5,0,808 819 820 821 822,true
4665,Guard,tourtrap_qip_desert_mining_guard_6,0,808 819 820 821 822,true
4666,Guard,tourtrap_qip_desert_mining_guard_still_1,0,808 819 820 821 822,true
4667,Guard,tourtrap_qip_desert_mining_guard_still_2,0,808 819 820 821 822,true
4668,Guard,tourtrap_qip_desert_mining_guard_still_3,0,808 819 820 821 822,true
4669,Guard,tourtrap_qip_rowdy_desert_mining_guard_1,0,808 819 820 821 822,true
4670,Male slave,tourtrap_qip_slave_male_1,0,808 819 820 821 822,true
4671,Male slave,tourtrap_qip_mining_slave_male_2,0,808 819 820 821 822,true
4672,Female slave,tourtrap_qip_mining_slave_female_1,0,808 819 820 821 822,true
4673,Female slave,tourtrap_qip_mining_slave_female_2,0,808 819 820 821 822,true
4674,Cart Camel,tourtrap_qip_cart_camel,1201,5044,false
4678,Mercenary,tourtrap_qip_still_desert_mining_guard,0,808 819 820 821 822,true
4679,Sir Spishyus,rd_observer_room_1,0,2253,true
4680,Lady Table,rd_observer_room_2,0,2256,true
4681,Sir Kuam Ferentse,rd_observer_room_3,0,2253,true
4682,Sir Leye,rd_combat_npc_room_3,0,808 819 820 821 822,true
4683,Sir Tinley,rd_observer_room_4,0,2253,true
4684,Sir Ren Itchood,rd_observer_room_5,0,1321,true
4685,Miss Cheevers,rd_observer_room_6,0,2256,true
4686,Ms. Hynn Terprett,rd_observer_room_7,0,2255,false
4687,Sir Tiffy Cashien,rd_teleporter_guy,0,4838,false
4688,Angry unicorn,soulbane_unicorn,1472,6374 6373,false
4689,Angry giant rat,soulbane_rat,1152,4932 4931,true
4690,Angry giant rat,soulbane_rat2,1152,4932 4931,true
4691,Angry goblin,soulbane_goblin,1415,6181 6180,true
4692,Angry bear,soulbane_bear,1151,4919 4923,false
4693,Fear reaper,soulbane_fear_beast,654,3810 3809,true
4694,Confusion beast,soulbane_conf_beast,653,3815 3819,true
4695,Hopeless creature,soulbane_less_beast3,655,3822 3825,true
4696,Hopeless beast,soulbane_less_beast2,655,3822 3825,true
4697,Hopeless beast,soulbane_less_beast1,655,3822 3825,true
4698,Timfraku,tbwt_timfraku,0,813 819 820 821 822,true
4699,Tiadeche,tbwt_tiadeche,0,808 819 820 821 822,true
4700,Tiadeche,tbwt_tiadeche_final,0,808 819 820 821 822,true
4701,Tinsay,tbwt_tinsay,0,813 819 820 821 822,true
4702,Tinsay,tbwt_tinsay_final,0,813 819 820 821 822,true
4703,Tamayu,tbwt_tamayu,0,813 819 820 821 822,true
4704,Tamayu,tbwt_tamayu_final,0,813 819 820 821 822,true
4705,Tamayu,tbwt_tamayu_hunter,0,813 819 820 821 822,true
4706,Tamayu,tbwt_tamayu_final_hunter,0,813 819 820 821 822,true
4707,Lubufu,tbwt_lubufu,0,808 819 820 821 822,true
4708,The Shaikahan,tbwt_beast,315,1198 1197,true
4709,The Shaikahan,tbwt_beast_cutscene,315,1198 1197,true
4710,Fishing spot,0_43_47_karambwanji,1701,7634,false
4711,Fishing spot,general_karambwanji,1701,7634,false
4712,Fishing spot,0_45_48_karambwan,1701,7634,false
4713,Fishing spot,general_karambwan,1701,7634,false
4714,Fishing spot,lubufu_karambwan,1701,7634,false
4715,Auguste,zep_piccard,0,808 819 820 821 822,true
4716,Auguste,zep_piccard_cutscene,0,808 819 820 821 822,true
4717,Auguste,zep_piccard_crash,0,773 772,true
4718,Auguste,zep_piccard_crashland,0,808 819 820 821 822,true
4719,Assistant Serf,zep_assist_varr,0,808 819 820 821 822,false
4720,Assistant Brock,zep_assist_craft,0,808 819 820 821 822,false
4721,Assistant Marrow,zep_assist_cast,0,808 819 820 821 822,false
4722,Assistant Le Smith,zep_assist_gno,2402,2331 12042,true
4723,Assistant Stan,zep_assist_tav,0,808 819 820 821 822,false
4724,Bob,zep_peasant_1,0,5146 5150,true
4725,Curly,zep_peasant_2,0,5147 5151,true
4726,Moe,zep_peasant_3,0,5148 5152,true
4727,Larry,zep_peasant_4,0,5149 5153,true
4728,,zep_multi_piccard,0,808 819 820 821 822,true
4729,,zep_multi_assistant_cast,0,808 819 820 821 822,true
4730,,zep_multi_assistant_gno,2402,2331 12042,true
4731,,zep_multi_assistant_craft,0,808 819 820 821 822,true
4732,,zep_multi_assistant_varr,0,808 819 820 821 822,true
4733,Thurgo,thurgo,297,101 98,true
4734,Joint-Chief Mouser to the Shipyard Office,shipyard_chief_mouser01,280,317 314,true
4735,Joint-Chief Mouser to the Shipyard Office,shipyard_chief_mouser02,280,317 314,true
4736,Sir Vyvin,sir_vyvin,0,808 819 820 821 822,true
4737,Squire,squire,0,813 819 820 821 822,true
4738,Genie,elid_genie,0,792,false
4739,Nirrie,elid_waterspirit,491,2906 2907,true
4740,Tirrie,elid_waterspirit_sitting,491,2908 2907,false
4741,Hallak,elid_waterspirit_male,491,2906 2907,true
4742,Black golem,elid_golem_black,526,1913 1912,true
4743,White golem,elid_golem_white,526,1913 1912,true
4744,Grey golem,elid_golem_grey,526,1913 1912,true
4745,Ghaslor the Elder,elid_ghaslor,0,808 819 820 821 822,true
4746,Ali the Carter,ali_the_carter,0,808 819 820 821 822,true
4747,Usi,elid_villager1,0,808 819 820 821 822,true
4748,Nkuku,elid_villager2,0,808 819 820 821 822,true
4749,Garai,elid_villager3,0,808 819 820 821 822,true
4750,Habibah,elid_villager4,0,808 819 820 821 822,false
4751,Meskhenet,elid_villager5,0,808 819 820 821 822,false
4752,Zahra,elid_villager6,0,808 819 820 821 822,false
4753,Zahur,elid_herbalist,0,808 819 820 821 822,false
4754,Seddu,elid_shield_seller,0,808 819 820 821 822,true
4755,Kazemde,elid_general_seller,0,808 819 820 821 822,true
4756,Awusah the Mayor,elid_mayor,0,813 1205 1206 1207 1208,true
4757,Tarik,elid_mayor_guard_1,0,813 1205 1206 1207 1208,true
4758,Poltenip,elid_mayor_guard_2,0,813 1205 1206 1207 1208,true
4759,Radat,elid_mayor_guard_3,0,813 1205 1206 1207 1208,true
4760,Shiratti the Custodian,elid_shiratti,0,813 1205 1206 1207 1208,true
4761,Rokuh,elid_choc_ice_seller,0,2911 2912,true
4762,Nardah Banker,elid_banker,0,808,true
4766,Tegid,eadgar_druid_washing,0,619 819 820 821 822,true
4769,Parroty Pete,eadgar_zoo_keeper_aviary,0,808 819 820 821 822,true
4771,Sir Amik Varze,sir_amik_varze,0,808 819 820 821 822,true
4772,Fortress Guard,fortressguard,0,813 1205 1206 1207 1208,true
4773,Fortress Guard,fortressguard_01,0,808 819 820 821 822,true
4774,Fortress Guard,fortressguard_02,0,813 1205 1206 1207 1208,true
4775,Fortress Guard,fortressguard_03,0,813 1205 1206 1207 1208,true
4776,Fortress Guard,fortressguard_04,0,808 819 820 821 822,true
4777,Black Knight Captain,grillknight,0,808 819 820 821 822,true
4778,Witch,fortwitch,0,813 1205 1206 1207 1208,true
4779,Greldo,greldo,1415,6200 6201,true
4780,Black Cat,bkf_cat,280,317 314,true
4781,Col. O'Niall,slug2_oniall_stage1,0,4780,true
4782,Col. O'Niall,slug2_oniall_stage2,0,4780,true
4783,Mayor Hobb,slug2_hobb_stage2,0,808,true
4784,Mayor Hobb,slug2_hobb_stage3,0,808 819 820 821 822,true
4785,,slug2_hobb_cutscene,0,808 819 820 821 822,true
4786,,slug2_hobb_cutscene2,0,808 819 820 821 822,true
4787,Brother Maledict,slug2_maledict_stage1,0,808 819 820 821 822,true
4788,Brother Maledict,slug2_maledict_stage2,0,808 4779,true
4789,Ezekial Lovecraft,slug2_lovecraft,0,808 819 820 821 822,false
4790,Witchaven villager,slug2_villager1_stage1,0,808 819 820 821 822,true
4791,Witchaven villager,slug2_villager1_stage2,0,808 4779,true
4792,Witchaven villager,slug2_villager2_stage1,0,808 819 820 821 822,true
4793,Witchaven villager,slug2_villager2_stage2,0,808 4779,true
4794,Witchaven villager,slug2_villager3_stage1,0,808 819 820 821 822,true
4795,Witchaven villager,slug2_villager3_stage2,0,808 4779,true
4796,Mother Mallum,slug2_the_slug_queen,1115,4819 4820,true
4797,Slug Prince,slug2_the_slug_prince,1114,4828 4821,true
4798,Slug Prince,slug2_prince_noncombat,1114,4828 4821,true
4799,Giant lobster,slug2_giant_lobster_peaceful,1426,6263 6264,true
4800,Giant Lobster,slug2_giant_lobster,1426,6263 6264,true
4801,Sea slug,slug2_seaslug,334,932 933,true
4802,Jeb,slug2_jeb_stage1,0,808 819 820 821 822,true
4803,Jeb,slug2_jeb_stage2,0,808 4824,true
4804,Sir Tinley,slug2_sirtinley,0,2253 819 820 821 822,true
4805,Hobgoblin,slug2_hobgoblin_armed_1,312,166 162,true
4806,Evil Dave,hundred_evil_dave,0,808 819 820 821 822,true
4807,Evil Dave,hundred_dave_frozen_base,0,3396,true
4808,Doris,hundred_dave_mum,0,808 819 820 821 822,true
4809,Hell-Rat,hundred_dave_hellrat,326,2704 2703,false
4813,Icefiend,slayer_icefiend_1,811,1578 1579,true
4814,Pirate Pete,hundred_pirate,0,3396,true
4816,Pirate Pete,hundred_pirate_frozen_base,0,3374,true
4817,Mogre Guard,100_pirate_mogre_guard,321,3436 3437,true
4818,Nung,100_pirate_mogre_nung,321,3436 3437,true
4819,Crab,hundred_pirate_giant_crab_2,559,3424 3426,true
4820,Mudskipper,hundred_pirate_giant_mudskipper,562,3431 3432,false
4821,Mudskipper,hundred_pirate_giant_mudskipper_2,562,3431 3432,false
4822,Crab,hundred_pirate_giant_crab,559,3424 3426,true
4823,Fish,100_pirate_fish_fantail,560,3442 3441,true
4824,Fish,100_pirate_fish_fantail_lower,560,3442 3441,true
4825,Fish,100_pirate_fish_fantail_higher,560,3442 3441,true
4826,Fish,100_pirate_fish_fantail_black,560,3442 3441,true
4827,Fish,100_pirate_fish_fantail_black_lower,560,3442 3441,true
4828,Fish,100_pirate_fish_fantail_black_higher,560,3442 3441,true
4829,Fish,100_pirate_fish_angel,560,3442 3441,false
4830,Fish,100_pirate_fish_angel_lower,560,3442 3441,false
4831,Fish,100_pirate_fish_angel_higher,560,3442 3441,false
4832,Fish,100_pirate_fish_harlequin,560,3442 3441,true
4833,Fish,100_pirate_fish_harlequin_lower,560,3442 3441,true
4834,Fish,100_pirate_fish_harlequin_higher,560,3442 3441,true
4835,Fish,100_pirate_fish_discus,560,3442 3441,true
4836,Fish,100_pirate_fish_discus_lower,560,3442 3441,true
4837,Fish,100_pirate_fish_discus_higher,560,3442 3441,true
4838,Fish,100_pirate_fish_paradise,560,3442 3441,false
4839,Fish,100_pirate_fish_paradise_lower,560,3442 3441,false
4840,Fish,100_pirate_fish_paradise_higher,560,3442 3441,false
4841,Fish,100_pirate_fish_tetra_shoal,563,3444 3443,true
4842,Fish,100_pirate_fish_tetra_shoal_lower,563,3444 3443,true
4843,Fish,100_pirate_fish_tetra_shoal_higher,563,3444 3443,true
4844,Fish,100_pirate_fish_danio_shoal,563,3444 3443,true
4845,Fish,100_pirate_fish_danio_shoal_lower,563,3444 3443,true
4846,Fish,100_pirate_fish_danio_shoal_higher,563,3444 3443,true
4847,,hundred_aris,0,808 819 820 821 822,true
4848,,hundred_aris2,0,808 819 820 821 822,true
4849,Culinaromancer,culinaromancer_froze,0,3365,true
4850,Goblin Cook,goblin_cook,1415,6181 6180,true
4851,Goblin Cook,goblin_cook_charred,1415,6181 6180,true
4852,Goblin Cook,goblin_cook_on_wall,1415,3401,true
4853,Skrach Uglogwee,hundred_ogre_frozen_base,321,357 358,true
4854,Skrach Uglogwee,hundred_ogre,321,357 358,true
4855,Rantz,100_rantz,321,357 358,true
4856,Rantz,100_rantz1,321,3460,true
4857,Rantz,100_rantz2,321,3462,true
4858,Ogre boat,100_jubbly_ogre_boat_full,555,3473 3474,true
4859,Ogre boat,100_jubbly_ogre_boat,555,3473 3474,true
4860,Balloon Toad,100_jubbly_balloon_toad_brown,554,3469,true
4861,Balloon Toad,100_jubbly_balloon_toad_white,554,3469,true
4862,Balloon Toad,100_jubbly_balloon_toad_deflate,554,3472,true
4863,Jubbly bird,100_jubbly_bird,1536,6803 6804,true
4864,Jubbly bird,100_jubbly_bird_dead,1536,6807,true
4865,Elemental balance,poh_elemental_balance_2_green2,391,3584,true
4866,Elemental balance,poh_elemental_balance_2_green3,391,3584,true
4867,Elemental balance,poh_elemental_balance_2_green4,391,3584,true
4868,Elemental balance,poh_elemental_balance_2_green5,391,3584,true
4869,Elemental balance,poh_elemental_balance_2_green6,391,3584,true
4870,Elemental balance,poh_elemental_balance_2_cyan1,391,3584,true
4871,Elemental balance,poh_elemental_balance_2_cyan2,391,3584,true
4872,Culinaromancer,hundred_culinaromancer_book5,0,3846 819 820 821 822,true
4873,Culinaromancer,hundred_culinaromancer_book4,0,3846 819 820 821 822,true
4874,Culinaromancer,hundred_culinaromancer_book3,0,3846 819 820 821 822,true
4875,Culinaromancer,hundred_culinaromancer_book2,0,3846 819 820 821 822,true
4876,Culinaromancer,hundred_culinaromancer_book1,0,3846 819 820 821 822,true
4877,Culinaromancer,hundred_culinaromancer_end,0,808 819 820 821 822,true
4878,Culinaromancer,hundred_culinaromancer_final,0,808 819 820 821 822,true
4879,Culinaromancer,hundred_culinaromancer_dead,551,3357,false
4880,Agrith-Na-Na,hundred_minion1,548,3498 3499,true
4881,Flambeed,hundred_minion2,609,1749 1748,true
4882,Karamel,hundred_minion3,0,808 819 820 821 822,true
4883,Dessourt,hundred_minion4,549,3504 3506,true
4884,Gelatinnoth Mother,hundred_minion5_air,538,1338 1339,true
4885,Gelatinnoth Mother,hundred_minion5_melee,538,1338 1339,true
4886,Gelatinnoth Mother,hundred_minion5_water,538,1338 1339,true
4887,Gelatinnoth Mother,hundred_minion5_fire,538,1338 1339,true
4888,Gelatinnoth Mother,hundred_minion5_ranged,538,1338 1339,true
4889,Gelatinnoth Mother,hundred_minion5_earth,538,1338 1339,true
4892,Dondakan the Dwarf,dwarfrock_fake_dondakan,297,101 98,true
4893,Dwarven Engineer,dwarfrock_engineer1,297,101 98,true
4894,Rolad,dwarfrock_rolad,297,101 98,true
4895,"Khorvak, a dwarven engineer",dwarfrock_engineer2,297,900 104,true
4896,Dwarven Ferryman,dwarfrock_ferryman1,297,101 98,true
4897,Dwarven Ferryman,dwarfrock_ferryman2,297,101 98,true
4898,Dwarven Boatman,dwarfrock_gold_boatman,297,101 98,true
4899,Miodvetnir,dwarfrock_boatman_bruv1,297,101 98,true
4900,Dernu,dwarfrock_boatman_bruv2,297,101 98,true
4901,Derni,dwarfrock_boatman_bruv3,297,101 98,true
4902,Goblin,eyeglo_goblin_soldier_1,1415,6140 6141,true
4903,Goblin,eyeglo_goblin_soldier_2,1415,6140 6141,true
4904,Goblin,eyeglo_goblin_soldier_3,1415,6140 6141,true
4905,Goblin,eyeglo_goblin_soldier_4,1415,6140 6141,true
4906,Goblin,eyeglo_goblin_soldier_5,1415,6140 6141,true
4907,Gnome soldier,eyeglo_gnome_soldier_1,2402,2331 12042,true
4908,Gnome soldier,eyeglo_gnome_soldier_2,2402,2331 12042,true
4909,Gnome soldier,eyeglo_gnome_soldier_3,2402,2331 12042,true
4910,Gnome soldier,eyeglo_gnome_soldier_4,2402,2331 12042,true
4911,Gnome soldier,eyeglo_gnome_soldier_5,2402,2331 12042,true
4912,Healthorg and tortoise,eyeglo_king_healthorg_tortoise,274,3952,true
4913,,gnome_brimstail,2402,2331 12042,true
4914,Brimstail,gnome_brimstail_cutscene,2402,2331 12042,false
4915,Garv,garv,0,808 819 820 821 822,true
4916,Grubor,grubor,0,808 819 820 821 822,true
4917,Trobert,trobert,0,808 819 820 821 822,true
4918,Seth,seth,0,808 819 820 821 822,true
4919,Grip,grip,0,808 819 820 821 822,true
4920,Alfonse the waiter,alfonse_the_waiter,0,808 819 820 821 822,true
4921,Charlie the cook,charlie_the_cook,0,808 819 820 821 822,true
4922,Ice Queen,ice_queen,0,808 819 820 821 822,true
4923,Achietties,achietties,0,808 819 820 821 822,true
4924,Helemos,helemos,0,808 819 820 821 822,true
4925,Velrak the explorer,velrak_the_explorer,0,808 819 820 821 822,false
4926,Pirate Guard,pirate_guard,0,808 819 820 821 822,true
4927,Entrana firebird,fire_bird,1535,6809 6808,true
4928,Fishing spot,0_45_152_lavafish,735,525,true
4929,Lord Daquarius,lord_daquarius,0,808 819 820 821 822,true
4930,Solus Dellagar,wanted_solus,0,813 1205 1206 1207 1208,true
4931,Savant,wanted_savant,0,2256,true
4932,Lord Daquarius,wanted_lord_daquarius_for_cutscene,0,808 819 820 821 822,true
4933,Solus Dellagar,wanted_solus_for_cutscene,0,813 1205 1206 1207 1208,true
4934,Black Knight,wanted_black_knight_for_cutscene,0,808 819 820 821 822,true
4935,Lord Daquarius,wanted_lord_daquarius_for_cutscene2,0,2724,true
4936,Mage of Zamorak,wanted_zammy_mage_for_cutscene,0,808 819 820 821 822,true
4937,Mage of Zamorak,wanted_zammy_mage_for_cutscene_pray,0,2726,true
4938,Mage of Zamorak,wanted_zammy_mage_for_cutscene_telly,0,2727,true
4939,,wanted_solus1,0,813 1205 1206 1207 1208,true
4940,,wanted_solus2,0,813 1205 1206 1207 1208,true
4941,,wanted_solus3,0,813 1205 1206 1207 1208,true
4942,,wanted_solus4,0,813 1205 1206 1207 1208,true
4943,,wanted_solus5,0,813 1205 1206 1207 1208,true
4944,,wanted_solus6,0,813 1205 1206 1207 1208,true
4945,,wanted_solus7,0,813 1205 1206 1207 1208,true
4946,,wanted_solus8,0,813 1205 1206 1207 1208,true
4947,,wanted_solus9,0,813 1205 1206 1207 1208,true
4948,,wanted_solus10,0,813 1205 1206 1207 1208,true
4949,,wanted_solus11,0,813 1205 1206 1207 1208,true
4950,,wanted_solus12,0,813 1205 1206 1207 1208,true
4951,,wanted_solus13,0,813 1205 1206 1207 1208,true
4952,,wanted_solus14,0,813 1205 1206 1207 1208,true
4953,,wanted_solus15,0,813 1205 1206 1207 1208,true
4954,,wanted_solus16,0,813 1205 1206 1207 1208,true
4955,,wanted_solus17,0,813 1205 1206 1207 1208,true
4956,,wanted_solus18,0,813 1205 1206 1207 1208,true
4957,,wanted_solus19,0,813 1205 1206 1207 1208,true
4958,Woman,wanted_solus_fake_woman_base_config,0,808 819 820 821 822,true
4959,Black Knight,wanted_summoned_black_knight,0,808 819 820 821 822,true
4960,Black Knight,wanted_black_knight_attackable_base_config,0,808 819 820 821 822,true
4961,Ranger,wanted_white_ranger,0,2728 819 820 821 822,true
4962,Solus Dellagar,wanted_solus_attackable,0,813 1205 1206 1207 1208,true
4963,King Bolren,king_bolren,2402,2331 12042,true
4964,Commander Montai,commander_montai,2402,2331 12042,true
4965,Bolkoy,treevillage_shopkeeper1,2402,2331 12042,false
4966,Remsai,remsai,2402,2331 12042,true
4967,Elkoy,elkoy_1op,2402,2331 12042,true
4968,Elkoy,elkoy_2ops,2402,2331 12042,true
4969,Khazard trooper,khazard_troop,0,808 819 820 821 822,true
4970,Khazard trooper,khazard_troop_spearmen,0,813 819 820 821 822,true
4971,,khazard_warlord,0,808 819 820 821 822,true
4972,Khazard commander,khazard_commander,0,808 819 820 821 822,true
4973,Gnome troop,gnomeknight,2402,2331 12042,true
4974,Gnome troop,d_skingnomeknight,2402,2331 12042,true
4975,Tracker gnome 1,tracker1,2402,2331 12042,true
4976,Tracker gnome 2,tracker2,2402,2331 12042,true
4977,Tracker gnome 3,tracker3,2402,2331 12042,true
4978,Local Gnome,localgnome,2402,2331 12042,true
4979,Local Gnome,chantergnome,2402,2331 12042,true
4980,Kalron,lostgnome,2402,2331 12042,true
4982,Spirit tree,treevillage_spirittree,298,332,true
4983,,avan,0,808 819 820 821 822,true
4984,Dimintheis,dimintheis,0,808 819 820 821 822,true
4985,Boot,boot_the_dwarf,297,101 98,true
4986,,caleb_fitzharmon,0,808 819 820 821 822,true
4987,Chronozon,chronozon,1078,66 63,true
4988,,johnathon_fitzharmon,0,808 819 820 821 822,true
4989,Elemental balance,poh_elemental_balance_2_cyan3,391,3584,true
4990,Elemental balance,poh_elemental_balance_2_cyan4,391,3584,true
4991,Elemental balance,poh_elemental_balance_2_cyan5,391,3584,true
4992,Elemental balance,poh_elemental_balance_2_cyan6,391,3584,true
4993,Elemental balance,poh_elemental_balance_3,391,3584,true
4994,Elemental balance,poh_elemental_balance_3_red1,391,3584,true
4995,Elemental balance,poh_elemental_balance_3_red2,391,3584,true
4996,Elemental balance,poh_elemental_balance_3_red3,391,3584,true
4997,Elemental balance,poh_elemental_balance_3_red4,391,3584,true
4998,Elemental balance,poh_elemental_balance_3_red5,391,3584,true
4999,Elemental balance,poh_elemental_balance_3_red6,391,3584,true
5000,Elemental balance,poh_elemental_balance_3_blue1,391,3584,true
5001,Elemental balance,poh_elemental_balance_3_blue2,391,3584,true
5002,Elemental balance,poh_elemental_balance_3_blue3,391,3584,true
5003,Elemental balance,poh_elemental_balance_3_blue4,391,3584,true
5004,Elemental balance,poh_elemental_balance_3_blue5,391,3584,true
5005,,wizard_mizgog,0,808 819 820 821 822,true
5006,Wizard Grayzag,wizard_grayzag,0,808 819 820 821 822,true
5007,Imp,imp,1240,171 168,true
5008,Lil' Destructor,soulwars_pet_red,1940,3079 8847,true
5009,Elemental balance,poh_elemental_balance_3_blue6,391,3584,true
5010,Elemental balance,poh_elemental_balance_3_green1,391,3584,true
5011,Elemental balance,poh_elemental_balance_3_green2,391,3584,true
5012,Elemental balance,poh_elemental_balance_3_green3,391,3584,true
5013,Elemental balance,poh_elemental_balance_3_green4,391,3584,true
5014,Elemental balance,poh_elemental_balance_3_green5,391,3584,true
5015,Elemental balance,poh_elemental_balance_3_green6,391,3584,true
5016,Elemental balance,poh_elemental_balance_3_cyan1,391,3584,true
5017,Elemental balance,poh_elemental_balance_3_cyan2,391,3584,true
5018,Elemental balance,poh_elemental_balance_3_cyan3,391,3584,true
5019,Elemental balance,poh_elemental_balance_3_cyan4,391,3584,true
5020,Elemental balance,poh_elemental_balance_3_cyan5,391,3584,true
5021,Elemental balance,poh_elemental_balance_3_cyan6,391,3584,true
5034,,head_wizard,0,813 819 820 821 822,true
5035,Juliet,juliet,0,808 819 820 821 822,true
5036,Apothecary,apothecary,0,808 819 820 821 822,true
5037,Romeo,romeo,0,808 819 820 821 822,true
5038,Father Lawrence,father_lawrence,0,808 819 820 821 822,true
5039,Draul Leptoc,draul_leptoc,0,808 819 820 821 822,true
5040,Phillipa,phillipa,0,808 819 820 821 822,true
5041,Martina Scorsby,romeo_juliet_pew_sleeping_woman,0,3281,false
5042,Jeremy Clerksin,romeo_juliet_pew_sleeping_man,0,3282,false
5043,Suit of armour,suit_of_armour,0,819 820 821 822,true
5044,Sanfew,sanfew,0,808 819 820 821 822,true
5045,Kaqemeex,kaqemeex,0,808 819 820 821 822,true
5046,Cyreg Paddlehorn,route_cyreg_paddlehorn,0,813 1205 1206 1207 1208,true
5047,,myq5_ivan_graveyard,0,808 819 820 821 822,true
5048,Veliaf Hurtz,route_veliaf_hurtz,0,808 819 820 821 822,true
5049,,myq5_ivan_hideout,0,808 819 820 821 822,true
5050,,myq5_safalaan_graveyard,0,808 819 820 821 822,true
5051,Radigad Ponfit,route_radigad_ponfit,0,808 819 820 821 822,true
5052,Polmafi Ferdygris,route_polmafi_ferdygris,0,808 819 820 821 822,true
5053,Ivan Strom,route_ivan_strom,0,808 819 820 821 822,true
5054,Skeleton Hellhound,skeleton_hellhound,1491,6580 6577,true
5057,Mist,route_vanstrom_vampire_misty,680,1261,true
5058,,myq5_safalaan_mausoleum,0,808 819 820 821 822,true
5059,,myq5_safalaan_mausoleum_inner,0,808 819 820 821 822,true
5060,,myq5_safalaan_graveyard_meeting,0,808 819 820 821 822,true
5061,Sea slug,seaslug,334,932 933,true
5062,Kennith,kennith_cutscene,0,808 4789,true
5063,Kennith,kennith_platform,0,808 819 820 821 822,true
5064,,kennith_land,0,808 819 820 821 822,true
5065,,kennith,0,808 844,true
5066,Bailey,bailey,0,808 819 820 821 822,true
5067,Caroline,caroline,0,808 819 820 821 822,true
5068,Holgart,holgartnolegs,0,4788 1205 1206 1207 1208,true
5069,Holgart,holgartsunkboat,0,813 1205 1206 1207 1208,true
5070,Holgart,holgartplatform,0,813 1205 1206 1207 1208,true
5071,,holgartland,0,813 1205 1206 1207 1208,true
5072,Holgart,holgartinwater,0,4787,true
5073,Holgart,holgartoutwater,0,4790,true
5074,Kent,kent,0,813 1205 1206 1207 1208,true
5075,Fisherman,fishplatform1,0,4825 4779,true
5076,Fisherman,fishplatform2,0,4825 4779,true
5077,Fisherman,fishplatform3,0,4825 4779,true
5078,Fisherman,fishplatform4,0,4825 4779,true
5079,Delrith,delrith,1078,66 63,true
5080,Weakened Delrith,delrith_weakened,1078,4619 63,true
5081,Wizard Traiborn,traiborn,0,808 819 820 821 822,true
5082,,paladin_west_f,0,808 819 820 821 822,true
5083,Sir Prysin,sir_prysin,0,808 819 820 821 822,false
5084,Sir Prysin,sir_prysin_silverlight,0,808 819 820 821 822,false
5085,Captain Rovin,captain_rovin,0,808 819 820 821 822,false
5086,Dark wizard,qip_ds_young_dark_wizard1,0,808 819 820 821 822,true
5087,Dark wizard,qip_ds_young_dark_wizard2,0,808 819 820 821 822,true
5088,Dark wizard,qip_ds_young_dark_wizard3,0,808 819 820 821 822,true
5089,Dark wizard,qip_ds_young_dark_wizard4,0,808 819 820 821 822,true
5090,Denath,qip_ds_dark_wizard_denath,0,808 819 820 821 822,true
5091,Denath,qip_ds_dark_wizard_denath_sneaky,0,808 4626,true
5092,Wally,qip_ds_wally,0,808 819 820 821 822,false
5118,Sylas,grim_sylas,0,808 819 820 821 822,true
5119,Grimgnash,grim_grimgnash_awake,1487,6507,false
5125,Miazrqa,grim_miazrqa,0,808 6531 6532,true
5126,Experiment No.2,grim_experiment,1484,6511 6510,false
5127,Mouse,grim_giant_mouse,1486,6518 6517,true
5128,Mouse,grim_giant_mouse2,1486,6518 6517,true
5129,Glod,grim_glod,1485,6504 6505,true
5130,Gnome,grim_gnome_incage_1,2402,6533,false
5131,Winkin,grim_gnome_incage_2,2402,6534,false
5132,Gnome,grim_gnome_incage_3,2402,6535,false
5134,Broken clay golem,golem_broken_golem,526,1913 1912,true
5135,Damaged clay golem,golem_partially_broken_golem,526,1913 1912,true
5136,Clay golem,golem_fixed_golem,526,1913 1912,true
5137,Desert Phoenix,golem_phoenix,1535,6809 6808,true
5138,Elissa,golem_elissa,0,808 819 820 821 822,true
5139,Sigmund,slice_sigmund_village,0,808 819 820 821 822,true
5140,Zanik,slice_zanik_bone_dagger,1383,6040 6041,true
5141,Guard,slice_ham_guard,0,808 819 820 821 822,true
5142,Sigmund,slice_sigmund_showdown,0,808 819 820 821 822,true
5143,Sigmund,slice_sigmund_melee,0,808 819 820 821 822,true
5144,Sigmund,slice_sigmund_ranged,0,808 819 820 821 822,true
5145,Sigmund,slice_sigmund_magic,0,808 819 820 821 822,true
5146,Sigmund,slice_sigmund_noprayer,0,808 819 820 821 822,true
5147,Zanik,slice_zanik_follower,1383,6040 6041,true
5148,Zanik,slice_zanik_cutscene,1383,6040 6041,true
5149,General Bentnoze,slice_cutscene_bentnoze,1415,6203 6202,true
5150,General Wartface,slice_cutscene_wartface,1415,6203 6202,true
5151,Grubfoot,slice_cutscene_grubfoot,1415,6181 6180,true
5152,Goblin,slice_cutscene_firebolt_goblin,1415,6181 6180,true
5153,Goblin,slice_cutscene_arrow_goblin,1415,6186 6187,true
5154,Goblin,slice_cutscene_scared_goblin_1,1415,6181 6193,true
5155,Zanik,slice_zanik_jumping_clear,1383,6040 6215,true
5156,Ur-tag,slice_urtag_cutscene,1383,6040 6041,true
5157,H.A.M. Archer,slice_ham_archer,0,808 819 820 821 822,true
5158,H.A.M. Mage,slice_ham_mage,0,813 1205 1206 1207 1208,true
5159,Zanik,slice_zanik_speech,1383,6149,true
5160,Sigmund and Zanik,slice_zanik_hostage,1413,6151 6150,true
5161,Sergeant Mossfists,slice_sergeant_mossfists,1414,6153 6152,true
5162,Sergeant Slimetoes,slice_sergeant_slimetoes,1414,6153 6152,true
5163,Cave goblin,slice_cave_goblin1,1383,6040 6041,true
5164,Cave goblin,slice_cave_goblin2,1383,6040 6041,true
5165,Cave goblin,slice_cave_goblin3,1383,6040 6041,true
5166,Cave goblin,slice_cave_goblin4,1383,6040 6041,true
5167,Cave goblin,slice_cave_goblin5,1383,6040 6041,true
5168,Cave goblin,slice_cave_goblin6,1383,6040 6041,true
5169,Ticket goblin,slice_cave_goblin_inspector,1383,6040 6041,true
5170,Dwarf,slice_dwarf1,297,101 98,true
5171,Dwarf,slice_dwarf2,297,101 98,true
5172,Dwarf,slice_dwarf3,297,101 98,false
5173,Dwarf,slice_dwarf4,297,101 98,true
5174,Dwarf,slice_dwarf5,297,101 98,true
5175,Dwarf,slice_dwarf6,297,101 98,false
5176,Ticket dwarf,slice_dwarf_inspector,297,101 98,true
5178,Builder,slice_dwarf_miner1,297,6205 98,true
5179,Builder,slice_dwarf_miner2,297,6206 98,true
5180,Builder,slice_dwarf_miner3,297,6207 98,true
5181,Builder,slice_dwarf_miner4,297,6208 98,true
5182,Tegdak,slice_goblin_archaeologist,1383,6040 6041,true
5183,,slice_goblin_archaeologist_post_quest,1383,6040 6041,true
5184,Zanik,slice_zanik_multi_there,1383,6040 6041,true
5185,Guard,mcannonguard,297,101 98,true
5186,Guard,mcannonguard1,297,101 98,true
5187,Guard,mcannonguard2,297,101 98,true
5188,Guard,mcannonguard3,297,101 98,true
5189,Guard,mcannonguard4,297,101 98,true
5190,Lollk,dwarfchildtw1,297,101 98,true
5191,Captain Lawgof,lawgof2,297,101 98,true
5192,Goblin,mcannon_goblin1,1415,6181 6180,true
5193,Goblin,mcannon_goblin_guard,1415,6181 6180,true
5194,Baby green dragon,babygreendragon1,1080,27 21,true
5195,Goblin,goblin_unarmed_mcannon_1,1415,6181 6180,true
5196,Goblin,goblin_unarmed_mcannon_2,1415,6181 6180,true
5197,Goblin,goblin_unarmed_mcannon_3,1415,6181 6180,true
5198,Goblin,goblin_unarmed_mcannon_4,1415,6181 6180,true
5199,Goblin,goblin_unarmed_mcannon_5,1415,6181 6180,true
5200,Goblin,goblin_unarmed_mcannon_6,1415,6181 6180,true
5201,Goblin,goblin_unarmed_mcannon_7,1415,6181 6180,true
5202,Goblin,goblin_unarmed_mcannon_8,1415,6181 6180,true
5203,Goblin,goblin_unarmed_mcannon_9,1415,6181 6180,true
5204,Goblin,goblin_armed_mcannon_1,1415,6186 6187,true
5205,Goblin,goblin_armed_mcannon_2,1415,6181 6180,true
5206,Goblin,goblin_armed_mcannon_3,1415,6181 6180,true
5207,Goblin,goblin_armed_mcannon_4,1415,6181 6180,true
5208,Goblin,goblin_armed_mcannon_5,1415,6181 6180,true
5209,Charlie the Tramp,tramppg,0,808 819 820 821 822,true
5210,Katrine,katrine,0,808 819 820 821 822,true
5211,,weaponsmaster,0,808 819 820 821 822,true
5212,Straven,straven,0,808 819 820 821 822,true
5213,,jonny_the_beard,0,808 819 820 821 822,true
5214,Curator Haig Halen,curator,0,808 819 820 821 822,true
5215,King Roald,king_roald,0,808 819 820 821 822,true
5216,Benny,qip_soa_newspaperseller,0,808 819 820 821 822,false
5217,Thief,qip_soa_thief_male01,0,808 819 820 821 822,true
5218,Thief,qip_soa_thief_male02,0,808 819 820 821 822,true
5219,Thief,qip_soa_thief_female01,0,808 819 820 821 822,true
5220,Thief,qip_soa_thief_female02,0,808 819 820 821 822,true
5227,,barbguard1,0,2065 2064,true
5228,Kharid Scorpion,questscorpiona,1426,6258 6257,false
5229,Kharid Scorpion,questscorpionb,1426,6258 6257,false
5230,Kharid Scorpion,questscorpionc,1426,6258 6257,false
5231,Seer,seer,0,808 819 820 821 822,true
5232,Thormac,thormac,0,813 819 820 821 822,true
5233,Fishing spot,0_43_42_memberfish,1701,7634,false
5234,Fishing spot,0_42_42_memberfish,1701,7634,false
5235,Monkey minder,mm_monkey_minder,0,808 819 820 821 822,true
5236,,fairy_godfatherarmy_multi1,1003,4318 4319,true
5237,Skeleton,mm_skeleton,1291,5517 5518,true
5238,Spider,mm_warehouse_spider,1427,6247 6248,false
5239,Spider,mm_cutscene_spider,1427,6247 6248,false
5240,Bird,mm_jungle_bird_green,1538,6772 6774,true
5241,Bird,mm_jungle_bird_blue,1538,6771 6773,true
5242,Scorpion,mm_jungle_scorpion,1426,6252 6257,true
5243,Jungle spider,mm_jungle_spider,1248,5326 5325,true
5244,Snake,mm_jungle_snake,340,274,true
5245,Dugopul,mm_dugopul,588,1386 1380,true
5246,Salenab,mm_salenab,320,222 219,true
5247,Trefaji,mm_trefaji,587,1401 1399,true
5248,Aberab,mm_aberab,587,1401 1399,true
5249,Solihib,mm_solihib,588,1386 1380,true
5250,Daga,mm_daga,588,1386 1380,true
5251,Tutab,mm_tutab,588,1386 1380,true
5252,Ifaba,mm_ifaba,588,1386 1380,true
5253,Hamab,mm_hamab,588,1386 1380,true
5254,Hafuba,mm_hafuba,587,1401 1399,true
5255,Denadu,mm_denadu,588,1387 1380,true
5256,Lofu,mm_lofu,588,1387 1380,true
5257,Kruk,mm_kruk,588,1386 1385,true
5258,Duke,mm_duke,588,1386 1385,true
5259,Oipuis,mm_oipuis,588,1386 1385,true
5260,Uyoro,mm_uyoro,588,1386 1385,true
5261,Ouhai,mm_ouhai,588,1386 1385,true
5262,Uodai,mm_uodai,588,1386 1385,true
5263,Padulah,mm_padulah,588,1386 1380,true
5264,Awowogei,mm_awowogei_cutscene,588,1386 1380,true
5265,Uwogo,mm_uwogo,588,1386 1380,true
5266,Muruwoi,mm_murowoi,588,1386 1380,true
5267,Sleeping Monkey,mm_sleeping_monkey_guard,588,1388 1380,true
5268,Monkey Child,mm_monkey_child,588,1386 1380,true
5269,The Monkey's Uncle,mm_monkeys_uncle,588,1386 1380,true
5270,The Monkey's Aunt,mm_monkeys_aunt,588,1386 1380,true
5271,Monkey Guard,mm_monkey_guard,588,1386 1380,true
5272,Monkey Archer,mm_monkey_archer,588,1386 1380,true
5273,Monkey Archer,mm_ravine_archer,588,1386 1380,true
5274,Monkey Archer,mm_posted_archer,588,1386 1380,true
5275,Monkey Guard,mm_religious_guard,587,1401 1399,true
5276,Monkey Guard,mm_religious_trapdoor_guard,587,1401 1399,true
5277,Elder Guard,mm_elder_guard_1,587,1401 1399,true
5278,Elder Guard,mm_elder_guard_2,587,1401 1399,true
5279,Monkey,mm_zoo_monkey,320,222 219,true
5280,Monkey,mm_freed_zoo_monkey,320,222 219,true
5281,Monkey Zombie,mm_zombie_monkey_large,588,1386 1382,true
5282,Monkey Zombie,mm_zombie_monkey_large_guard,588,1386 1382,true
5283,Monkey Zombie,mm_zombie_monkey_small,588,1386 1382,true
5284,Bonzara,mm_bonzara,588,1387 1380,true
5285,,carla,0,808 819 820 821 822,true
5286,,headmourner,0,808 819 820 821 822,true
5287,,mourner1,0,808 819 820 821 822,true
5288,,bcs_necropolis_guard_4,0,808 819 820 821 822,true
5289,,bcs_necropolis_citizen_s1,0,4709 4710,true
5290,,bcs_necropolis_citizen_s2,0,4709 4710,true
5291,,bcs_necropolis_citizen_s3,0,4709 4710,true
5292,,mourning_arianwyn,0,808 819 820 821 822,true
5293,Elf Warrior,mourning_guard_melee,0,813 1205 1206 1207 1208,true
5294,Elf Warrior,mourning_guard_melee2,0,813 1205 1206 1207 1208,true
5295,Elf Archer,mourning_guard_range,0,808 819 820 821 822,true
5296,Elf Archer,mourning_guard_range2,0,808 819 820 821 822,true
5297,Goreu,mourning_town_elf_1,0,808 819 820 821 822,true
5298,,mourning_town_elf_2,0,808 819 820 821 822,true
5299,Arvel,mourning_town_elf_3,0,808 819 820 821 822,true
5300,Mawrth,mourning_town_elf_4,0,808 819 820 821 822,true
5301,,mournertwa,0,808 819 820 821 822,true
5302,Eoin,mourning_elf_kid_1,0,808 819 820 821 822,true
5303,Iona,mourning_elf_kid_2,0,808 819 820 821 822,true
5304,Eluned,roving_female_woodelf_temp_1,0,808 819 820 821 822,true
5305,Red Sheep,mourning_plaguesheep_1,1247,5335 5334,true
5306,Green Sheep,mourning_plaguesheep_2,1247,5335 5334,true
5307,Blue Sheep,mourning_plaguesheep_3,1247,5335 5334,true
5308,Yellow Sheep,mourning_plaguesheep_4,1247,5335 5334,true
5309,Gnome,mourner_hideout_gnome_head,2402,2331 12042,true
5310,,mournertwb,0,808 819 820 821 822,true
5311,,recruiter,0,808 819 820 821 822,true
5312,,jethick,0,808 819 820 821 822,true
5313,GPDT employee,rpdt_employee,0,808 819 820 821 822,true
5314,,ardounge_wizard,0,808 819 820 821 822,true
5315,Horacio,horacio,0,808 819 820 821 822,true
5316,Kangai Mau,kangai_mau,0,808 819 820 821 822,true
5317,Eagle,eagle_winged,793,1773,true
5318,Eagle,giant_eagle_winged_lasso_desert,793,1773,true
5319,Eagle,giant_eagle_winged_lasso_jungle,793,1773,true
5320,Eagle,giant_eagle_winged_lasso_polar,793,1773,true
5322,Sigmund,lost_tribe_sigmund_there,0,808 819 820 821 822,true
5323,Sigmund,lost_tribe_sigmund_ham_there,0,808 819 820 821 822,true
5324,,lost_tribe_mistag,1383,6040 6041,true
5325,,lost_tribe_guide,1383,6006 6005,true
5326,Ur-tag,lost_tribe_cutscene_urtag,1383,6040 6041,true
5327,Duke Horacio,lost_tribe_cutscene_duke,0,808 819 820 821 822,true
5328,Mistag,lost_tribe_cutscene_mistag,1383,6040 6041,true
5329,Sigmund,lost_tribe_cutscene_sigmund,0,808 819 820 821 822,true
5330,Cave goblin miner,cave_goblin_miner,1383,6006 6005,true
5331,Cave goblin miner,cave_goblin_miner2,1383,6006 6005,true
5332,Cave goblin miner,cave_goblin_miner3,1383,6006 6005,true
5333,Cave goblin miner,cave_goblin_miner4,1383,6006 6005,true
5334,Cave goblin guard,cave_goblin_guard1,1383,6006 6005,true
5335,Cave goblin guard,cave_goblin_guard2,1383,6006 6005,true
5336,Cave goblin miner,cave_goblin_miner_mining,1383,6004 6005,true
5337,Cave goblin miner,cave_goblin_miner2_mining,1383,6004 6005,true
5338,Cave goblin miner,cave_goblin_miner3_mining,1383,6004 6005,true
5339,Cave goblin miner,cave_goblin_miner4_mining,1383,6004 6005,true
5341,Spirit of Zadimus,zadimus_ghost,1289,5530 5531,true
5342,Undead one,zqskeleton_unarmed,1291,5483 5479,true
5343,Undead one,zqskeleton_unarmed2,1291,5483 5481,true
5344,Undead one,zqskeleton_armed,1291,5483 5479,true
5345,Undead one,zqskeleton_armed2,1291,5483 5481,true
5346,Undead one,zqzombie_unarmed,1288,5565 5566 5790 5788 5789,true
5347,Undead one,zqzombie_unarmed2,1288,5565 5566 5790 5788 5789,true
5348,Undead one,zqzombie_unarmed3,1288,5565 5566 5790 5788 5789,true
5349,Undead one,zqzombie_armed,1288,5572 5570 5790 5788 5789,true
5350,Undead one,zqzombie_armed2,1288,5572 5570 5790 5788 5789,true
5351,Undead one,zqzombie_armed3,1288,5572 5570 5790 5788 5789,true
5352,Rashiliyia,zqzombiequeen,1289,5530 5531,true
5353,Nazastarool,zq_mainzombie1,1288,5572 5582,true
5354,Nazastarool,zq_mainzombie2,1291,5505 5506,true
5355,Nazastarool,zq_mainzombie3,1289,5530 5531,true
5356,Hajedy,brimhavencartdriver,0,808 819 820 821 822,true
5357,Vigroy,shilocartdriver,0,808 819 820 821 822,true
5358,Kaleb Paramaya,shiloinnowner,0,808 819 820 821 822,true
5359,Yohnus,shilofurnaceowner,0,808 819 820 821 822,true
5360,Seravel,shiloshiptickets,0,808 819 820 821 822,true
5361,Yanni Salika,shiloantiques,0,808 819 820 821 822,true
5362,Obli,shilogeneralstore,0,808 819 820 821 822,true
5363,Fernahei,shilofishowner,0,808 819 820 821 822,true
5364,Captain Shanks,captain_shanks,0,808 819 820 821 822,true
5365,Observatory assistant,qip_obs_proffesors_assistant,0,6841,true
5366,Observatory professor,observatory_professor,0,808 819 820 821 822,true
5367,Observatory professor,observatory_professor_cutscene,0,808 819 820 821 822,true
5368,Sleeping guard,qip_obs_goblin_guard,1415,6828 6187,true
5369,Goblin guard,goblin_guard,1415,6200 6201,true
5370,Ghost,zamorakghost,1290,5538 5539,true
5371,Spirit of Scorpius,spirit_of_scorpius,1290,5538 5539,true
5372,Grave scorpion,grave_scorpion,1426,6258 6257,false
5373,Poison spider,dungeonspider,1248,5326 5325,true
5374,Naghead,qip_obs_goblin_female1,1415,6834,true
5375,Wagchin,qip_obs_goblin_female2,1415,6835,true
5376,Goblin,observatory_goblin_patrol1,1415,6181 6180,true
5377,Goblin,observatory_goblin_patrol2,1415,6181 6180,true
5378,Greasycheeks,qip_obs_cooking_goblin,1415,6831,true
5379,Smellytoes,qip_obs_drunken_goblin,1415,6829,false
5380,Creakyknees,qip_obs_goblin_setting_a_fire,1415,6833,true
5381,Clothears,qip_obs_goblin_kid,1415,6836,true
5382,,handsand_bert,0,808 819 820 821 822,true
5383,Guard Captain,handsand_guard_captain,0,3040 3039 820 821 822,true
5384,Sandy,handsand_sandy0,0,808 819 820 821 822,true
5385,Sandy,handsand_sandy1,0,3036 819 820 821 822,true
5386,Mazion,handsand_naziom,0,808 819 820 821 822,true
5387,Blaec,handsand_blaec,0,808 819 820 821 822,true
5388,Reeso,handsand_reeso,0,808 819 820 821 822,true
5411,,eaglepeak_ferret_zoo,1205,5188 5187,true
5417,Priest,orbon_priest,0,808 819 820 821 822,true
5418,Guard,ardougne_guard,0,808 819 820 821 822,true
5419,Door man,doorman,0,808 819 820 821 822,true
5420,Watchman,yanille_watchman,0,808 819 820 821 822,true
5421,Soldier,yanille_soldier,0,808 819 820 821 822,true
5422,Wyson the gardener,wyson,0,808 819 820 821 822,true
5423,Sigbert the Adventurer,sigbert_the_adventurer,0,813 819 820 821 822,true
5424,,fairy_godfatherarmy_multi2,1003,4318 4319,true
5425,,fairyresistance_multi,299,112 106,true
5426,Capt' Arnav,macro_combilock_pirate,0,808 819 820 821 822,true
5427,Flippa,pinball_troll_lft,461,4010 1139,true
5428,Tilt,pinball_troll_rht,461,4009 1139,true
5429,Frog,macro_frog_crier,36,1796 1797,true
5430,Frog,macro_frog_generic,36,1796 1797,true
5431,Frog,macro_frog_sulking,36,1796 1797,true
5432,Frog,macro_frog_noncombat,36,1796 1797,true
5433,Caleb,caleb_fitzharmon_2ops,0,808 819 820 821 822,true
5434,Light creature,tog_light_creature_noop,3,2051,true
5435,Light creature,tog_light_creature_op,3,2051,true
5436,Niles,macro_niles,0,808 819 820 821 822,true
5437,Miles,macro_miles,0,808 819 820 821 822,true
5438,Giles,macro_giles,0,808 819 820 821 822,true
5439,Niles,macro_niles_underwater,0,808 819 820 821 822,true
5440,Miles,macro_miles_underwater,0,808 819 820 821 822,true
5441,Giles,macro_giles_underwater,0,808 819 820 821 822,true
5442,Security Guard,sos_guard,0,4075,false
5443,Johnathon,johnathon_fitzharmon_1op,0,808 819 820 821 822,true
5444,Cap'n Hand,macro_pirate,0,4591 4226 4227 821 822,true
5445,Johnathon,johnathon_fitzharmon_2ops,0,808 819 820 821 822,true
5447,Advisor Ghrim,misc_advisor_ghrim_1op,0,808 819 820 821 822,true
5448,Advisor Ghrim,misc_advisor_ghrim_2ops,0,808 819 820 821 822,true
5449,Bob Barter (herbs),ge_expert_herbs,0,808 819 820 821 822,true
5450,Murky Matt (runes),ge_expert_runes,0,808 819 820 821 822,true
5451,Relobo Blinyo (logs),ge_expert_logs,0,813 819 820 821 822,true
5452,Hofuthand (weapons and armour),ge_expert_combat,297,2336 2335,true
5453,Reshi,kourend_wayfarer1,0,7542 819 820 821 822,true
5454,Thumpy,blast_furnace_automaton_cog_repairer,0,808 819 820 821 822,true
5455,Thomdril,kourend_wayfarer2,0,1321 819 820 821 822,true
5456,Kendall,kourend_wayfarer3,0,808 819 820 821 822,false
5457,Shipyard worker,shipyardworker1,0,808 819 820 821 822,true
5458,Suspect,grab_evil_twin_with_claw_two_yellow,0,3999,false
5459,Suspect,grab_evil_twin_with_claw_three_red,0,3999,false
5460,Suspect,grab_evil_twin_with_claw_three_green,0,3999,false
5461,Suspect,grab_evil_twin_with_claw_three_blue,0,3999,false
5462,Suspect,grab_evil_twin_with_claw_four_blue,0,3999,false
5463,Suspect,grab_evil_twin_with_claw_four_yellow,0,3999,false
5464,Molly,grab_good_twin_one_green,0,808 819 820 821 822,true
5465,Suspect,grab_evil_twin_four_green,0,808 819 820 821 822,true
5466,Suspect,grab_evil_twin_with_claw_one_green,0,3999,false
5467,Molly,grab_good_twin_three_green,0,808 819 820 821 822,true
5468,Suspect,grab_evil_twin_one_red,0,808 819 820 821 822,true
5469,Suspect,grab_evil_twin_one_green,0,808 819 820 821 822,true
5470,Suspect,grab_evil_twin_one_blue,0,808 819 820 821 822,true
5471,Molly,grab_good_twin_two_green,0,808 819 820 821 822,true
5472,Suspect,grab_evil_twin_with_claw_one_blue,0,3999,false
5473,Suspect,grab_evil_twin_with_claw_four_green,0,3999,false
5474,Molly,grab_good_twin_one_blue,0,808 819 820 821 822,true
5475,Suspect,grab_evil_twin_with_claw_one_yellow,0,3999,false
5476,Molly,grab_good_twin_two_yellow,0,808 819 820 821 822,true
5477,Suspect,grab_evil_twin_with_claw_two_red,0,3999,false
5478,Molly,grab_good_twin_two_red,0,808 819 820 821 822,true
5479,Suspect,grab_evil_twin_with_claw_two_green,0,3999,false
5480,Molly,grab_good_twin_three_red,0,808 819 820 821 822,true
5481,Suspect,grab_evil_twin_with_claw_two_blue,0,3999,false
5482,Suspect,grab_evil_twin_three_blue,0,808 819 820 821 822,true
5483,Suspect,grab_evil_twin_three_yellow,0,808 819 820 821 822,true
5484,Suspect,grab_evil_twin_four_red,0,808 819 820 821 822,true
5485,Molly,grab_good_twin_three_blue,0,808 819 820 821 822,true
5486,Molly,grab_good_twin_three_yellow,0,808 819 820 821 822,true
5487,Molly,grab_good_twin_four_yellow,0,808 819 820 821 822,true
5488,Balloon Animal,prisonpete_balloon_model_1a,269,3049 3048,true
5489,Balloon Animal,prisonpete_balloon_model_2a,269,3049 3048,true
5490,,prisonpete_balloon1,269,3049 3048,true
5491,Balloon Animal,prisonpete_balloon_model_4a,269,3049 3048,true
5492,Balloon Animal,prisonpete_balloon_model_4b,269,3049 3048,true
5493,Balloon Animal,prisonpete_balloon_model_3a,269,3049 3048,true
5494,,prisonpete_balloon4,269,3049 3048,true
5495,,prisonpete_balloon2,269,3049 3048,true
5496,,prisonpete_balloon3,269,3049 3048,true
5497,,macro_pheasant_fourtail,327,2370 2369,true
5498,,macro_pheasant_twotail,327,2370 2369,true
5499,,macro_pheasant_onetail,327,2370 2369,true
5500,Pheasant,macro_pheasant_model_2,327,2370 2369,true
5501,,macro_pheasant_threetail,327,2370 2369,true
5502,Pheasant,macro_pheasant_model_4,327,2370 2369,true
5503,Dunce,pattern_imp_dunce,1240,6826,true
5504,Mr. Mordaut,pattern_teacher,1080,6825,true
5505,Giant,pattern_giant_desk,1542,6857,false
5506,Mummy,pattern_mummy_desk,1544,6856,true
5507,Zombie,pattern_zombie_desk,1545,6855,true
5508,Goblin,pattern_goblin1_desk,1543,6858,false
5509,Goblin,pattern_goblin2_desk,1543,6859,false
5510,Sandwich lady,macro_sandwich_lady_npc,0,3043 3042,true
5511,Guard Recruiter,falador_guard_diary,0,808 819 820 821 822,true
5512,Gardener,falador_gardener_diary,0,808 819 820 821 822,true
5513,Elite Void Knight,pest_voidknight_elite,0,813 1205 1206 1207 1208,true
5514,Lesser Fanatic,lesser_fanatic_diary,0,2770 2769,true
5515,Luna,diary_rabbit,1395,6089 6088,true
5516,,agilityarena_tickettrader,0,808 819 820 821 822,true
5517,The 'Wedge',seers_diary_wedge,0,813 1146 820 821 822,true
5518,Elder Gnome child,western_gnome_child_diary,2402,2331 12042,true
5519,Two-pints,ardy_twopints_diary,0,3040 3039 820 821 822,true
5520,Jarr,jarr_desert_diary,0,808 819 820 821 822,true
5521,Le-sabrè,lesabre_mort_diary,0,808 6531 6532 821 822,true
5522,Flax keeper,diary_flax_keeper,0,808 819 820 821 822,true
5523,Hatius Cosaintus,hatius_lumbridge_diary,0,808 819 820 821 822,true
5524,Sir Rebral,white_knight_diary,0,808 819 820 821 822,true
5525,Toby,toby_varrock_diary,0,2561 2562,true
5526,Thorodin,viking_frem_diary,0,813 819 820 821 822,true
5527,Twiggy O'Korn,diary_queen,0,808 819 820 821 822,true
5528,Squirrel,diary_queen_pet,325,3212 3210,true
5529,Hunting expert,chinchompa_area_guide,0,808 819 820 821 822,true
5531,Spotted kebbit,huntingbeast_speedy,1208,5273 5272,true
5532,Dark kebbit,huntingbeast_silent,1208,5273 5272,true
5533,Dashing kebbit,huntingbeast_speedy2,1208,5273 5272,true
5534,Whirlpool,slayer_kraken_boss_tentacle_whirlpool,1522,6737,false
5535,Enormous Tentacle,slayer_kraken_boss_tentacle,416,3617,false
5536,Vet'ion Jr.,poh_vetion_pet,2104,9965 9967,true
5537,Vet'ion Jr.,poh_vetion_pet_2,2104,9965 9967,true
5538,Egg,easter_egg_rolling_green,187,3863,true
5539,Egg,easter_egg_rolling_bunny,187,3863,true
5540,Egg,easter_egg_rolling_blue,187,3863,true
5541,Egg,easter_egg_rolling_orange,187,3863,true
5542,Egg,easter_egg_rolling_pink,187,3863,true
5543,Egg,easter_egg_rolling_yellow,187,3863,true
5544,Jack,gub_musa_child_1,2402,3862 12042,true
5545,Jill,gub_musa_child_2,2402,3862 12042,true
5546,Jeff,gub_musa_child_3,2402,3862 12042,true
5547,Scorpia's offspring,poh_scorpia_pet,1426,6258 6257,false
5548,Tropical wagtail,multicoloured_bird,1538,6771 6773,true
5549,Crimson swift,hunting_bird_jungle,1538,6771 6773,true
5550,Cerulean twitch,hunting_bird_polar,1538,6771 6773,true
5551,Golden warbler,hunting_bird_desert,1538,6771 6773,true
5552,Copper longtail,hunting_bird_woodland,1538,6771 6773,true
5553,Black warlock,butterfly_warlock,278,362,false
5554,Snowy knight,butterfly_snowy,278,362,false
5555,Sapphire glacialis,butterfly_glacialis,278,362,true
5556,Ruby harvest,butterfly_ruby,278,362,true
5557,Venenatis spiderling,venenatispet,2106,9986 9987,true
5558,Callisto cub,callistopet,2109,10011 10010,true
5559,Vet'ion Jr.,vetionpet,2104,9965 9967,true
5560,Vet'ion Jr.,vetionpet_2,2104,9965 9967,true
5561,Scorpia's offspring,scorpiapet,1426,6258 6257,false
5562,Mercy,motherlode_mother,0,6478,false
5563,Angry barbarian spirit,brut_angry_spirit1,1526,6729 6730,true
5564,Enraged barbarian spirit,brut_angry_spirit2,1526,6729 6730,true
5565,Berserk barbarian spirit,brut_angry_spirit3,1526,6729 6730,true
5566,Ferocious barbarian spirit,brut_angry_spirit_bad,1526,6729 6730,true
5567,Death,halloween_death,0,847 819 820 821 822,true
5568,Zombie,break_zomb_waist,0,808 819 820 821 822,true
5569,Most of a Zombie,break_zomb_legs,0,808 819 820 821 822,true
5570,Most of a Zombie,break_zomb_torso,0,2816 2815,true
5571,Zombie,break_zomb_neck,0,808 819 820 821 822,true
5572,Most of a Zombie,break_zomb_headless,0,808 819 820 821 822,true
5573,Zombie Head,break_zomb_head,0,2818,true
5574,Zombie,break_zombie_middle,0,808 819 820 821 822,true
5575,Half-Zombie,break_zombie_half,152,2825 2823,true
5576,Other Half-Zombie,break_zombie_half_2,153,2826 2824,true
5577,Child,trickortreater_1,2402,2331 12042,true
5578,Child,trickortreater_2,2402,2331 12042,false
5579,Child,trickortreater_3,2402,2331 12042,false
5580,Child,trickortreater_4,2402,2331 12042,true
5581,Child,trickortreater_5,2402,2331 12042,true
5582,Child,trickortreater_6,2402,2331 12042,true
5584,Wily cat,wileycat_light,280,317 314,true
5585,Wily cat,wileycat,280,317 314,true
5586,Wily cat,wileycat_brown,280,317 314,true
5587,Wily cat,wileycat_black,280,317 314,true
5588,Wily cat,wileycat_browngrey,280,317 314,true
5589,Wily cat,wileycat_bluegrey,280,317 314,true
5590,Wily hellcat,wileycat_hell,280,317 314,false
5591,Kitten,kittenpet1,280,317 2662,true
5592,Kitten,kittenpet_light,280,317 2662,true
5593,Kitten,kittenpet_brown,280,317 2662,true
5594,Kitten,kittenpet_black,280,317 2662,true
5595,Kitten,kittenpet_browngrey,280,317 2662,true
5596,Kitten,kittenpet_bluegrey,280,317 2662,true
5597,Hell-kitten,kittenpet_hell,280,317 2662,false
5598,Overgrown cat,overgrowncat,280,317 314,true
5599,Overgrown cat,overgrowncat_light,280,317 314,true
5600,Overgrown cat,overgrowncat_brown,280,317 314,true
5601,Overgrown cat,overgrowncat_black,280,317 314,true
5602,Overgrown cat,overgrowncat_browngrey,280,317 314,true
5603,Overgrown cat,overgrowncat_bluegrey,280,317 314,true
5604,Overgrown hellcat,overgrowncat_hell,280,317 314,false
5606,Miner,motherlode_miner_10,297,101 98,true
5607,Murphy,murphy,0,808 819 820 821 822,true
5608,Murphy,murphy_normal,0,808 819 820 821 822,true
5609,Murphy,murphy_halfsunk,0,808 819 820 821 822,true
5610,Murphy,murphy_sunk,0,808 819 820 821 822,true
5611,Shark,fin1,335,10,true
5612,Shark,fin2,335,10,true
5613,Sam,boardgames_barmaid,0,808 819 820 821 822,true
5614,Rachael,boardgames_barmaid2,0,808 819 820 821 822,true
5615,Swamp snake,templetrek_snake_1,641,3535 3537,true
5616,Swamp snake,templetrek_snake_2,641,3535 3537,true
5617,Swamp snake,templetrek_snake_3,641,3535 3537,true
5618,Swamp snake,templetrek_snake_dead,641,3535 3537,true
5619,Dead swamp snake,templetrek_snake_1_dead,641,3738,true
5620,Dead swamp snake,templetrek_snake_2_dead,641,3738,true
5621,Dead swamp snake,templetrek_snake_3_dead,641,3738,true
5622,Ghast,templetrek_ghast_invis_1,604,1092 1091,true
5623,Ghast,templetrek_ghast_invis_2,604,1092 1091,true
5624,Ghast,templetrek_ghast_invis_3,604,1092 1091,true
5625,Ghast,templetrek_ghast_vis_1,604,1086 1085,true
5626,Ghast,templetrek_ghast_vis_2,604,1086 1085,true
5627,Ghast,templetrek_ghast_vis_3,604,1086 1085,true
5628,Giant snail,templetrek_giantsnail_1,148,3722 3721,false
5629,Giant snail,templetrek_giantsnail_2,148,3722 3721,false
5630,Giant snail,templetrek_giantsnail_3,148,3722 3721,false
5631,Riyl shadow,templetrek_shade_1,649,1282 1281,false
5632,Asyn shadow,templetrek_shade_2,649,1282 1281,false
5633,Shade,templetrek_shade_3,649,1282 1281,false
5634,Vampyre Juvinate,templetrek_vampire_1,0,808 819 820 821 822,true
5635,Vampyre Juvinate,templetrek_vampire_2,0,808 819 820 821 822,true
5636,Vampyre Juvinate,templetrek_vampire_3,0,808 819 820 821 822,true
5637,Vampyre Juvinate,trek_vampire_juve_held_1,0,3551,true
5638,Vampyre Juvinate,trek_vampire_juve_held_2,0,3551,true
5639,Vampyre Juvinate,trek_vampire_juve_held_3,0,3551,true
5640,Feral Vampyre,trek_vampire_juve_angry_1,0,808 819 820 821 822,true
5641,Feral Vampyre,trek_vampire_juve_angry_2,0,808 819 820 821 822,true
5642,Feral Vampyre,trek_vampire_juve_angry_3,0,808 819 820 821 822,true
5643,Tentacle,templetrek_tentacle_arm,416,3617,true
5644,Head,templetrek_tentacle_head,149,3730,true
5645,Head,templetrek_tentacle_head_spawning,149,3728,true
5646,Tentacle,templetrek_tentacle_arm_spawning,416,3729,true
5647,Zombie,templetrek_zombie,1288,5572 5570 5790 5788 5789,true
5648,Undead Lumberjack,ttrek2_zombie_diff_1_ver_1_1,1373,5965,true
5649,Undead Lumberjack,ttrek2_zombie_diff_1_ver_1_2,1373,5966,true
5650,Undead Lumberjack,ttrek2_zombie_diff_1_ver_1_3,1373,5967,true
5651,Undead Lumberjack,ttrek2_zombie_diff_1_ver_1_4,1373,5973 5969,true
5652,Undead Lumberjack,ttrek2_zombie_diff_1_ver_2_1,1373,5965,true
5653,Undead Lumberjack,ttrek2_zombie_diff_1_ver_2_2,1373,5966,true
5654,Undead Lumberjack,ttrek2_zombie_diff_1_ver_2_3,1373,5967,true
5655,Undead Lumberjack,ttrek2_zombie_diff_1_ver_2_4,1373,5973 5969,true
5656,Undead Lumberjack,ttrek2_zombie_diff_2_ver_1_1,1373,5965,true
5657,Undead Lumberjack,ttrek2_zombie_diff_2_ver_1_2,1373,5966,true
5658,Undead Lumberjack,ttrek2_zombie_diff_2_ver_1_3,1373,5967,true
5659,Undead Lumberjack,ttrek2_zombie_diff_2_ver_1_4,1373,5973 5969,true
5660,Undead Lumberjack,ttrek2_zombie_diff_2_ver_2_1,1373,5965,true
5661,Undead Lumberjack,ttrek2_zombie_diff_2_ver_2_2,1373,5966,true
5662,Undead Lumberjack,ttrek2_zombie_diff_2_ver_2_3,1373,5967,true
5663,Undead Lumberjack,ttrek2_zombie_diff_2_ver_2_4,1373,5973 5969,true
5665,Undead Lumberjack,ttrek2_zombie_diff_3_ver_1_1,1373,5965,true
5666,Undead Lumberjack,ttrek2_zombie_diff_3_ver_1_2,1373,5966,true
5667,Undead Lumberjack,ttrek2_zombie_diff_3_ver_1_3,1373,5967,true
5668,Undead Lumberjack,ttrek2_zombie_diff_3_ver_1_4,1373,5973 5969,true
5669,Undead Lumberjack,ttrek2_zombie_diff_3_ver_2_1,1373,5965,true
5670,Undead Lumberjack,ttrek2_zombie_diff_3_ver_2_2,1373,5966,true
5671,Undead Lumberjack,ttrek2_zombie_diff_3_ver_2_3,1373,5967,true
5672,Undead Lumberjack,ttrek2_zombie_diff_3_ver_2_4,1373,5973 5969,true
5673,Undead Lumberjack,ttrek2_zombie_diff_4_ver_1_1,1373,5965,true
5674,Undead Lumberjack,ttrek2_zombie_diff_4_ver_1_2,1373,5966,true
5675,Undead Lumberjack,ttrek2_zombie_diff_4_ver_1_3,1373,5967,true
5676,Undead Lumberjack,ttrek2_zombie_diff_4_ver_1_4,1373,5973 5969,true
5677,Undead Lumberjack,ttrek2_zombie_diff_4_ver_2_1,1373,5965,true
5678,Undead Lumberjack,ttrek2_zombie_diff_4_ver_2_2,1373,5966,true
5679,Undead Lumberjack,ttrek2_zombie_diff_4_ver_2_3,1373,5967,true
5680,Undead Lumberjack,ttrek2_zombie_diff_4_ver_2_4,1373,5973 5969,true
5681,Undead Lumberjack,ttrek2_zombie_diff_5_ver_1_1,1373,5965,true
5682,Undead Lumberjack,ttrek2_zombie_diff_5_ver_1_2,1373,5966,true
5683,Undead Lumberjack,ttrek2_zombie_diff_5_ver_1_3,1373,5967,true
5684,Undead Lumberjack,ttrek2_zombie_diff_5_ver_1_4,1373,5973 5969,true
5685,Undead Lumberjack,ttrek2_zombie_diff_5_ver_2_1,1373,5965,true
5686,Undead Lumberjack,ttrek2_zombie_diff_5_ver_2_2,1373,5966,true
5687,Undead Lumberjack,ttrek2_zombie_diff_5_ver_2_3,1373,5967,true
5688,Undead Lumberjack,ttrek2_zombie_diff_5_ver_2_4,1373,5973 5969,true
5689,Undead Lumberjack,ttrek2_zombie_diff_6_ver_1_1,1373,5965,true
5690,Undead Lumberjack,ttrek2_zombie_diff_6_ver_1_2,1373,5966,true
5691,Undead Lumberjack,ttrek2_zombie_diff_6_ver_1_3,1373,5967,true
5692,Undead Lumberjack,ttrek2_zombie_diff_6_ver_1_4,1373,5973 5969,true
5693,Undead Lumberjack,ttrek2_zombie_diff_6_ver_2_1,1373,5965,true
5694,Undead Lumberjack,ttrek2_zombie_diff_6_ver_2_2,1373,5966,true
5695,Undead Lumberjack,ttrek2_zombie_diff_6_ver_2_3,1373,5967,true
5696,Undead Lumberjack,ttrek2_zombie_diff_6_ver_2_4,1373,5973 5969,true
5697,Undead Lumberjack,ttrek2_zombie_diff_7_ver_1_1,1373,5965,true
5698,Undead Lumberjack,ttrek2_zombie_diff_7_ver_1_2,1373,5966,true
5699,Undead Lumberjack,ttrek2_zombie_diff_7_ver_1_3,1373,5967,true
5700,Undead Lumberjack,ttrek2_zombie_diff_7_ver_1_4,1373,5973 5969,true
5701,Undead Lumberjack,ttrek2_zombie_diff_7_ver_2_1,1373,5965,true
5702,Undead Lumberjack,ttrek2_zombie_diff_7_ver_2_2,1373,5966,true
5703,Undead Lumberjack,ttrek2_zombie_diff_7_ver_2_3,1373,5967,true
5704,Undead Lumberjack,ttrek2_zombie_diff_7_ver_2_4,1373,5973 5969,true
5705,Undead Lumberjack,ttrek2_zombie_diff_8_ver_1_1,1373,5965,true
5706,Undead Lumberjack,ttrek2_zombie_diff_8_ver_1_2,1373,5966,true
5707,Undead Lumberjack,ttrek2_zombie_diff_8_ver_1_3,1373,5967,true
5708,Undead Lumberjack,ttrek2_zombie_diff_8_ver_1_4,1373,5973 5969,true
5709,Undead Lumberjack,ttrek2_zombie_diff_8_ver_2_1,1373,5965,true
5710,Undead Lumberjack,ttrek2_zombie_diff_8_ver_2_2,1373,5966,true
5711,Undead Lumberjack,ttrek2_zombie_diff_8_ver_2_3,1373,5967,true
5712,Undead Lumberjack,ttrek2_zombie_diff_8_ver_2_4,1373,5973 5969,true
5713,Undead Lumberjack,ttrek2_zombie_diff_9_ver_1_1,1373,5965,true
5714,Undead Lumberjack,ttrek2_zombie_diff_9_ver_1_2,1373,5966,true
5715,Undead Lumberjack,ttrek2_zombie_diff_9_ver_1_3,1373,5967,true
5716,Undead Lumberjack,ttrek2_zombie_diff_9_ver_1_4,1373,5973 5969,true
5717,Undead Lumberjack,ttrek2_zombie_diff_9_ver_2_1,1373,5965,true
5718,Undead Lumberjack,ttrek2_zombie_diff_9_ver_2_2,1373,5966,true
5719,Undead Lumberjack,ttrek2_zombie_diff_9_ver_2_3,1373,5967,true
5720,Undead Lumberjack,ttrek2_zombie_diff_9_ver_2_4,1373,5973 5969,true
5721,,castlewars_judge,0,808 819 820 821 822,true
5723,Barricade,castlewars_barricade_burning_saradomin,728,475,false
5725,Barricade,castlewars_barricade_burning_zamorak,728,475,false
5726,Sheep,castlewars_sheep,1247,5335 5334,true
5727,Rabbit,castlewars_rabbit,1395,6089 6088,true
5728,Imp,castlewars_imp,1240,171 168,true
5729,Shipyard worker,shipyardworker2,0,808 819 820 821 822,true
5730,Master Farmer,master_farmer_1,0,808 819 820 821 822,true
5731,Master Farmer,master_farmer_2,0,2163 2164,true
5732,Market Guard,farming_market_guard,0,808 819 820 821 822,true
5733,,ii_impling_circle_drawer,1240,171 168,true
5734,Elnock Inquisitor,ii_elnock,2402,2331 12042,true
5735,Immenizz,ii_immenizz,1494,6613 6614,false
5736,Fairy Aeryka,ii_fairy,299,112 106,false
5737,Wandering impling,ii_lost_impling,1494,6613 6614,false
5738,Imp defender,imp_defender_no_patrol,1240,171 168,true
5739,Penance Fighter,barbassault_pen_fighter_lv1,1262,5094 5095,false
5740,Penance Fighter,barbassault_pen_fighter_lv2,1262,5094 5095,false
5741,Penance Fighter,barbassault_pen_fighter_lv3,1262,5094 5095,false
5742,Penance Fighter,barbassault_pen_fighter_lv4,1262,5094 5095,false
5743,Penance Fighter,barbassault_pen_fighter_lv5,1262,5094 5095,false
5744,Penance Fighter,barbassault_pen_fighter_lv6,1262,5094 5095,false
5745,Penance Fighter,barbassault_pen_fighter_lv7,1262,5094 5095,false
5746,Penance Fighter,barbassault_pen_fighter_lv8,1262,5094 5095,false
5747,Penance Fighter,barbassault_pen_fighter_lv9,1262,5094 5095,false
5748,Penance Runner,barbassault_pen_runner_lv1,1268,5099 5100,true
5749,Penance Runner,barbassault_pen_runner_lv2,1268,5099 5100,true
5750,Penance Runner,barbassault_pen_runner_lv3,1268,5099 5100,true
5751,Penance Runner,barbassault_pen_runner_lv4,1268,5099 5100,true
5752,Penance Runner,barbassault_pen_runner_lv5,1268,5099 5100,true
5753,Penance Runner,barbassault_pen_runner_lv6,1268,5099 5100,true
5754,Penance Runner,barbassault_pen_runner_lv7,1268,5099 5100,true
5755,Penance Runner,barbassault_pen_runner_lv8,1268,5099 5100,true
5756,Penance Runner,barbassault_pen_runner_lv9,1268,5099 5100,true
5757,Penance Ranger,barbassault_pen_ranger_lv1,1267,5393 5394,true
5758,Penance Ranger,barbassault_pen_ranger_lv2,1267,5393 5394,true
5759,Penance Ranger,barbassault_pen_ranger_lv3,1267,5393 5394,true
5760,Penance Ranger,barbassault_pen_ranger_lv4,1267,5393 5394,true
5761,Penance Ranger,barbassault_pen_ranger_lv5,1267,5393 5394,true
5762,Penance Ranger,barbassault_pen_ranger_lv6,1267,5393 5394,true
5763,Penance Ranger,barbassault_pen_ranger_lv7,1267,5393 5394,true
5764,Penance Ranger,barbassault_pen_ranger_lv8,1267,5393 5394,true
5765,Penance Ranger,barbassault_pen_ranger_lv9,1267,5393 5394,true
5766,Penance Healer,barbassault_pen_healer_lv1,1263,5104 5107,true
5767,Penance Healer,barbassault_pen_healer_lv2,1263,5104 5107,true
5768,Penance Healer,barbassault_pen_healer_lv3,1263,5104 5107,true
5769,Penance Healer,barbassault_pen_healer_lv4,1263,5104 5107,true
5770,Penance Healer,barbassault_pen_healer_lv5,1263,5104 5107,true
5771,Penance Healer,barbassault_pen_healer_lv6,1263,5104 5107,true
5772,Penance Healer,barbassault_pen_healer_lv7,1263,5104 5107,true
5773,Penance Healer,barbassault_pen_healer_lv8,1263,5104 5107,true
5774,Penance Healer,barbassault_pen_healer_lv9,1263,5104 5107,true
5775,Penance Queen,barbassault_pen_queen_new,1265,5410 5409,true
5776,Queen spawn,barbassault_pen_queen_spawn,1266,5090 5089,true
5777,Egg launcher,barbassault_egg_launcher_cannon,1192,5424,true
5778,Egg launcher,barbassault_egg_launcher_cannon_north,1192,5425,true
5779,Giant Mole,mole_giant,121,3309 3313,true
5780,Baby Mole,mole_baby_01,121,3309 3313,true
5781,Baby Mole,mole_baby_02,121,3309 3313,true
5782,Baby Mole,mole_baby_03,121,3309 3313,true
5783,,wgs_armadyl_guardian_male_multi,0,808 819 820 821 822,true
5784,Light creature,tog_light_creature_carrying,3,2051,true
5786,Simon Templeton,agility_pyramid_simon,0,808 819 820 821 822,true
5789,Cap'n Izzy No-Beard,agilityarena_clerk,0,808 819 820 821 822,true
5790,Raulyn,slayer_tower_dungeon_ghost,0,808 819 820 821 822,true
5791,Giant bat,agilityarena_non_combat_bat,1153,4914 4913,false
5792,Party Pete,partyroom_pete,0,808 819 820 821 822,true
5793,Knight,partyroom_knight,0,784 819 820 821 822,true
5794,Megan,partyroom_barmaid,0,808 819 820 821 822,true
5795,Lucy,partyroom_barmaid2,0,808 819 820 821 822,true
5796,Winter Elemental,100_osman_winter_elemental_1,1340,5803 5802,false
5797,Winter Elemental,100_osman_winter_elemental_2,1340,5803 5802,false
5798,Winter Elemental,100_osman_winter_elemental_3,1340,5803 5802,false
5799,Winter Elemental,100_osman_winter_elemental_4,1340,5803 5802,false
5800,Winter Elemental,100_osman_winter_elemental_5,1340,5803 5802,false
5801,Winter Elemental,100_osman_winter_elemental_6,1340,5803 5802,false
5802,Autumn Elemental,100_osman_autumn_elemental_1,1340,5801 5802,false
5803,Autumn Elemental,100_osman_autumn_elemental_2,1340,5801 5802,false
5804,Autumn Elemental,100_osman_autumn_elemental_3,1340,5801 5802,false
5805,Autumn Elemental,100_osman_autumn_elemental_4,1340,5801 5802,false
5806,Autumn Elemental,100_osman_autumn_elemental_5,1340,5801 5802,false
5807,Autumn Elemental,100_osman_autumn_elemental_6,1340,5801 5802,false
5809,Tanner,tanner,0,808 819 820 821 822,true
5810,Master Crafter,master_crafter,0,808 819 820 821 822,true
5811,Master Crafter,master_crafter_2,0,808 819 820 821 822,true
5812,Master Crafter,master_crafter_3,0,808 819 820 821 822,true
5813,Miner,motherlode_miner_11,297,101 98,true
5814,Miner,motherlode_miner_12,297,101 98,true
5815,Bert,handsand_bert_1op,0,808 819 820 821 822,true
5816,Yak,yak,1338,5785 5781,true
5817,<col=00ffff>Iceberg</col>,fris_ice_chunk_one,1229,5770,true
5818,<col=00ffff>Iceberg</col>,fris_ice_chunk_two,1229,5770,true
5819,Bert,handsand_bert_2ops,0,808 819 820 821 822,true
5820,Fishing spot,0_37_59_lobster,1701,7634,false
5821,Fishing spot,0_37_59_tuna,1701,7634,false
5822,Ice Troll King,fris_troll_king_true,461,286 283,true
5823,Frenzied ice troll runt,fris_baby_troll_lowxp,461,286 283,true
5824,Frenzied ice troll male,fris_trollm_lowxp,461,286 283,true
5825,Frenzied ice troll female,fris_trollf_lowxp,461,286 283,true
5826,Frenzied ice troll grunt,fris_troll_bodyguard_lowxp,461,286 283,true
5827,Bork Sigmundson,frisb_n_phy,0,808 819 820 821 822,true
5828,Ice troll runt,fris_baby_troll_pc,461,286 283,true
5829,Ice troll male,fris_trollm_pc,461,286 283,true
5830,Ice troll female,fris_trollf_pc,461,286 283,true
5831,Ice troll grunt,fris_troll_bodyguard_pc,461,286 283,true
5832,Martin the Master Gardener,martin_the_master_farmer,0,808 819 820 821 822,true
5833,Frog,fairy_frog,36,1796 1797,true
5834,Storm cloud,fairy_stormcloud_non_attacking,841,3169,true
5835,Co-ordinator,fairy_coordinator,299,112 106,false
5836,Fairy Nuff,fairy_nuff,299,112 106,false
5840,Gatekeeper,fairy_mindslayer,0,808 819 820 821 822,true
5841,Zandar Horfyre,zandar_horfyre,0,813 1205 1206 1207 1208,true
5842,Cow,fairy_cow,1338,5852 5848,true
5843,Sheep,fairy_sheep,1247,5335 5334,true
5844,Sheep,fairy_sheep2,1247,5335 5334,true
5845,Sheep,fairy_sheepsheered,1247,5339 5340,true
5846,Sheep,fairy_sheepsheered2,1247,5339 5340,true
5847,Zanaris choir,fairy_greek_choir,505,3252 3253,true
5848,Tanglefoot,fairy_tanglefoot,506,3259 3261,true
5849,,fairy_queen_multi,299,112 106,true
5850,,fairy_godfather_multi,299,3248 3249,true
5851,,fairy_henchman1_multi,299,3248 3249,true
5852,,fairy_henchman2_multi,299,3248 3249,true
5853,Baby tanglefoot,fairy_tanglefoot_sml1,506,3259 3261,true
5854,Baby tanglefoot,fairy_tanglefoot_sml2,506,3259 3261,true
5856,Fairy chef,fairy_chef,299,112 106,false
5857,,protester_ghostspeak_multi,0,808 819 820 821 822,true
5858,,protester_standardspeak_multi,0,808 819 820 821 822,true
5859,,ahoy_akharanu_multi,0,808 819 820 821 822,true
5862,Cerberus,cerberus_attacking,367,4484 4488,true
5863,Cerberus,cerberus_sitting,367,4485 4488,true
5864,Captain Ned,ned_1op,0,808 819 820 821 822,true
5865,,dragonslayer_ned_on_crandor,0,808 819 820 821 822,true
5866,Cerberus,cerberus_resetting,367,4484 4488,true
5867,Summoned Soul,cerberus_spectre_ranged,230,8526 8527,true
5868,Summoned Soul,cerberus_spectre_magic,230,8526 8527,true
5869,Summoned Soul,cerberus_spectre_melee,230,8526 8527,true
5870,Patchy,patchy_the_pirate,0,808 819 820 821 822,true
5872,Baby green dragon,babygreendragon2,1080,27 21,true
5873,Baby green dragon,babygreendragon3,1080,27 21,true
5874,Black demon,black_demon_strongholdcave_2,1078,66 63,true
5875,Black demon,black_demon_strongholdcave_3,1078,66 63,true
5876,Black demon,black_demon_strongholdcave_4,1078,66 63,true
5877,Black demon,black_demon_strongholdcave_5,1078,66 63,true
5878,Blue dragon,blue_dragon_strongholdcave_1,1080,90 79,true
5879,Blue dragon,blue_dragon_strongholdcave_2,1080,90 79,true
5880,Blue dragon,blue_dragon_strongholdcave_3,1080,90 79,true
5881,Blue dragon,blue_dragon_strongholdcave_4,1080,90 79,true
5882,Blue dragon,blue_dragon_strongholdcave_5,1080,90 79,true
5883,Abyssal orphan,poh_abyssalsire_pet,1628,7125 7124,true
5884,Abyssal orphan,abyssalsire_pet,1628,7125 7124,true
5885,,bond_james_bond,0,808 819 820 821 822,true
5886,Abyssal Sire,abyssalsire_sire_stasis_sleeping,1614,4527,true
5887,Abyssal Sire,abyssalsire_sire_stasis_awake,1614,4529,true
5888,Abyssal Sire,abyssalsire_sire_stasis_stunned,1614,4527,true
5889,Abyssal Sire,abyssalsire_sire_puppet,1614,4533 4534,true
5890,Abyssal Sire,abyssalsire_sire_wandering,1614,4533 4534,true
5891,Abyssal Sire,abyssalsire_sire_panicking,1614,7097,true
5892,TzRek-Jad,poh_jadpet,159,2650 5805,true
5893,TzRek-Jad,jadpet,159,2650 5805,true
5894,Bast,kourend_entrance_bartender,0,808 819 820 821 822,true
5895,Drogo dwarf,drogo,297,101 98,true
5896,Flynn,flynn,0,808 819 820 821 822,true
5897,Wayne,wayne,0,808 819 820 821 822,true
5898,,runecraft_cosmic_npc,832,663,false
5899,,macro_frog_0,36,1796 1797,true
5900,,macro_frog_1,36,1796 1797,true
5901,,macro_frog_2,36,1796 1797,true
5902,,macro_frog_3,36,1796 1797,true
5903,,macro_frog_4,36,1796 1797,true
5904,Dwarf,dwarven_shopkeeper,297,101 98,true
5905,Betty,betty,0,808 819 820 821 822,true
5906,Probita,pet_insurance_broker,0,808 819 820 821 822,true
5907,Chaos Elemental Jr.,poh_chaos_elemental_pet,64,3144 3145,false
5908,Abyssal Sire,abyssalsire_sire_apocalypse,1614,7099,true
5909,Tentacle,abyssalsire_tentacle_sleeping_north,1613,7110,true
5910,Tentacle,abyssalsire_tentacle_sleeping_south,1613,7107,true
5911,Tentacle,abyssalsire_tentacle_sleeping_upright,1613,7113,true
5912,Tentacle,abyssalsire_tentacle_active,1613,7106,true
5913,Tentacle,abyssalsire_tentacle_stunned,1613,7113,true
5915,<col=00ffff>Vent</col>,abyssalsire_lung_dying,1609,7103,true
5916,Spawn,abyssalsire_spawn,1610,4524 4525,true
5917,Spawn,abyssalsire_spawn_dying,1610,4524 4525,true
5918,Scion,abyssalsire_scion,1628,7125 7124,true
5919,Grace,rooftops_grace,0,808 819 820 821 822,true
5920,Mark,rooftops_grace_dog,289,2268,false
5921,BigRedJapan,rooftops_bigredjapan,0,808 819 820 821 822,true
5922,Skullball,waa_skullball,183,1607 1608,true
5923,Skullball Boss,werewolf_skullballboss,1490,6539 6541,true
5924,Agility Boss,werewolf_trainer_start,1490,6539 6548,true
5925,Skullball Trainer,werewolf_trainer_1,1490,6539 6541,true
5926,Agility Trainer,werewolf_trainer_2,1490,6539 6541,true
5927,Agility Trainer,werewolf_trainer_stick,1490,6539 6541,true
5928,Werewolf,waa_werewolf_guard,1490,6539 6541,true
5929,Knight,godwars_dying_paladin,0,7013,true
5930,,godwars_paladin_multi,0,7013,true
5931,,telecrystal_wizard,0,808 819 820 821 822,true
5933,Egg,dungeon_dagganoth_egg2,15,2362,false
5935,Sand Crab,zeah_sandcrab,539,1310 1311,true
5936,Sandy rocks,zeah_sandcrab_inactive,539,1315 1311,true
5937,Jarvald,viking_dagganoth_cave_ferryman_island,0,813 819 820 821 822,true
5938,Wallasalki,dungeon_dagganoth_magic_monster,18,2364 2363,true
5939,Wallasalki,dungeon_dagganoth_magic_monster_deeper,18,2364 2363,true
5940,Giant Rock Crab,giant_rockcrab_deeper,539,1310 1311,true
5942,Dagannoth,dungeon_dagganoth_lighter_deeper,538,1338 1339,true
5943,Dagannoth,dungeon_dagganoth_mainroom_deeper,538,1338 1339,true
5944,Rock lobster,dagannoth_rock_lobster_2x2,17,2858 2857,true
5947,Spinolyp,dagannoth_water_creature_1x1,19,2867 2863,true
5949,Al the Camel,al_the_camel,279,51 45,true
5950,Elly the Camel,elly_the_camel,279,51 45,true
5951,Ollie the Camel,ollie_the_camel,279,51 45,true
5952,Cam the Camel,cam_the_camel,279,51 45,true
5953,,alice_the_camel_multinpc,279,51 45,true
5954,Alice the Camel,alice_the_camel,279,51 45,true
5955,Neferti the Camel,neferti_the_camel,279,51 45,true
5956,Ali the Leaflet Dropper,ali_leaflet_dropper,2402,2331 12042,true
5957,Ali the Smith,ali_the_smith,0,808 819 820 821 822,true
5958,Ali the Farmer,ali_the_farmer,0,808 819 820 821 822,true
5959,Ali the Tailor,ali_the_tailor,0,808 819 820 821 822,true
5960,Ali the Guard,ali_the_guard,0,808 819 820 821 822,true
5961,Spinolyp,dagannoth_water_creature_1x12,19,2867 2863,true
5963,Spinolyp,dagannoth_water_creature_1x13,19,2867 2863,true
5964,Khazard trooper,battlefield_khazard_troop,0,808 819 820 821 822,true
5965,Khazard trooper,battlefield_khazard_troop_spearmen,0,813 819 820 821 822,true
5966,Gnome troop,battlefield_gnomeknight,2402,2331 12042,true
5967,Gnome troop,battlefield_d_skingnomeknight,2402,2331 12042,true
5968,Gnome,battlefield_gnome_troop,2402,2331 12042,true
5969,Gnome,battlefield_darkskinned_gnome_archer,2402,2331 12042,true
5970,Gnome,battlefield_gnome_archer,2402,2331 12042,true
5971,Mounted terrorbird gnome,battlefield_terrorbird_mountedspear,1533,6793 6796,true
5972,Mounted terrorbird gnome,battlefield_terrorbird_mountedspear2,1533,6793 6796,true
5973,Mounted terrorbird gnome,battlefield_terrorbird_mountedspear3,1533,6793 6796,true
5974,Sweeper,magictraining_stone_sweeper,45,3244 3245,true
5975,Flying Book,magictraining_flying_book,42,3023,true
5976,Flying Book,magictraining_flying_book2,42,3023,true
5977,Justiciar Zachariah,ma2_boss_saradomin_spawning,1756,7851 7852,true
5978,Entrance Guardian,magictraining_guard_entrance,44,3033 3034,true
5979,Telekinetic Guardian,magictraining_guard_tele,44,3033 3034,true
5980,Alchemy Guardian,magictraining_guard_alchem,44,3033 3035,true
5981,Enchantment Guardian,magictraining_guard_encha,44,3033 3034,true
5982,Graveyard Guardian,magictraining_guard_grave,44,3033 3035,true
5984,Rewards Guardian,magictraining_guard_rewards,44,3033 3035,true
5985,Charmed Warrior,magictraining_ghost_shoes,45,3026 3027,true
5986,Charmed Warrior,magictraining_ghost_shoes2,45,3026 3027,true
5987,Charmed Warrior,magictraining_ghost_shoes3,45,3026 3027,true
5988,Charmed Warrior,magictraining_ghost_shoes4,45,3026 3027,true
5989,Secretary,dwarf_city_secretary,297,2157 2156,false
5990,Purple Pewter Secretary,dwarf_city_secretary_purple_pewter,297,2157 2156,false
5991,Yellow Fortune Secretary,dwarf_city_secretary_yellow_fortune,297,2157 2156,false
5992,Blue Opal Secretary,dwarf_city_secretary_blue_opal,297,2158,true
5993,Green Gemstone Secretary,dwarf_city_secretary_green_gemstone,297,2158,true
5994,White Chisel Secretary,dwarf_city_secretary_white_chisel,297,2158,true
5995,Silver Cog Secretary,dwarf_city_secretary_silver_cog,297,2158,true
5996,Brown Engine Secretary,dwarf_city_secretary_brown_engine,297,2158,true
5997,Red Axe Secretary,dwarf_city_secretary_red_axe,297,101 98,true
5998,Purple Pewter Director,dwarf_city_director_purple_pewter,297,101 98,true
5999,Blue Opal Director,dwarf_city_director_blue_opal,297,101 98,true
6000,Yellow Fortune Director,dwarf_city_director_yellow_fortune,297,2157 2156,true
6001,Orlando Smith,vm_nathis_apprentice,0,808 819 820 821 822,true
6002,Natural historian,vm_natural_historian_north,0,6393 6395,true
6003,Natural historian,vm_natural_historian_south,0,6393 6395,true
6004,Natural historian,vm_natural_historian_east,0,6393 6395,true
6005,Natural historian,vm_natural_historian_west,0,6393 6395,true
6006,Natural historian,vm_natural_historian_cutscene,0,6393 6395,true
6007,Leech display,vm_natural_history_display_case_leech,678,6429,false
6008,Sea slugs display,vm_natural_history_display_case_seaslugs,1471,6433,false
6009,Snail display,vm_natural_history_display_case_snail,1468,6431,false
6010,Monkey display,vm_natural_history_display_case_monkey,1473,6435,false
6011,Lizard display,vm_natural_history_display_case_lizard,814,6437,false
6012,Penguin display,vm_natural_history_display_case_penguin,1310,6439,true
6013,Camel display,vm_natural_history_display_case_camel,279,6441,false
6014,Terrorbird display,vm_natural_history_display_case_terror_bird,1533,6443,false
6015,Dragon display,vm_natural_history_display_dragon,1080,6447,false
6016,Wyvern display,vm_natural_history_display_case_wyvern,1470,6445,false
6017,Battle tortoise display,vm_natural_history_display_case_battle_tortoise,274,6449,false
6018,Mole display,vm_natural_history_display_case_mole,1467,6451,true
6019,Torrcs,vm_advent_01,0,808 819 820 821 822,true
6020,Marfet,vm_advent_02,0,813 1205 1206 1207 1208,true
6021,Green Gemstone Director,dwarf_city_director_green_gemstone,297,101 98,true
6022,White Chisel Director,dwarf_city_director_white_chisel,297,101 98,true
6023,Silver Cog Director,dwarf_city_director_silver_cog,297,101 98,true
6024,Brown Engine Director,dwarf_city_director_brown_engine,297,101 98,true
6025,Red Axe Director,dwarf_city_director_red_axe,297,2155 2154,true
6026,Red Axe Cat,dwarf_city_evil_cat,280,2159 314,true
6027,Trader,dwarf_city_purple_trader1,297,101 98,true
6028,Trader,dwarf_city_purple_trader2,297,2157 2156,false
6029,Trader,dwarf_city_blue_trader1,297,101 98,true
6030,Trader,dwarf_city_blue_trader2,297,101 98,true
6031,Trader,dwarf_city_yellow_trader1,297,2157 2156,true
6032,Trader,dwarf_city_yellow_trader2,297,2157 2156,false
6033,Trader,dwarf_city_green_trader1,297,101 98,true
6034,Trader,dwarf_city_green_trader2,297,101 98,true
6035,Trader,dwarf_city_white_trader1,297,101 98,true
6036,Trader,dwarf_city_white_trader2,297,101 98,true
6037,Trader,dwarf_city_silver_trader1,297,101 98,true
6038,Trader,dwarf_city_silver_trader2,297,101 98,true
6039,Trader,dwarf_city_brown_trader1,297,101 98,true
6040,Trader,dwarf_city_brown_trader2,297,2157 2156,true
6041,Trader,dwarf_city_red_trader1,297,101 98,true
6042,Trader,dwarf_city_red_trader2,297,101 98,true
6043,Trade Referee,dwarf_city_trader_referee,297,101 98,true
6044,Supreme Commander,dwarf_city_black_guard_supreme_leader,297,101 98,true
6045,Commander Veldaban,dwarf_city_black_guard_leader,297,101 98,true
6046,Black Guard,dwarf_city_black_guard1,297,101 98,true
6047,Black Guard,dwarf_city_black_guard2,297,101 98,true
6048,Black Guard,dwarf_city_black_guard3,297,101 98,true
6049,Black Guard,dwarf_city_black_guard4,297,101 98,true
6050,Black Guard Berserker,dwarf_city_berserker1,297,101 98,true
6051,Black Guard Berserker,dwarf_city_berserker2,297,101 98,true
6052,Black Guard Berserker,dwarf_city_berserker3,297,101 98,true
6053,Gnome emissary,dwarf_city_gnome_emissary,2402,2331 12042,true
6054,Gnome traveller,dwarf_city_gnome_female_emissary,2402,2331 12042,true
6055,Gnome traveller,dwarf_city_gnome_male_emissary,2402,2331 12042,true
6056,Guard,ranging_guild_guard,0,808 819 820 821 822,true
6057,Ranging Guild Doorman,ranging_guild_doorman,0,808 819 820 821 822,true
6058,Leatherworker,ranging_guild_leatherworker,0,808 819 820 821 822,true
6059,Armour salesman,ranging_guild_armour_salesman,0,808 819 820 821 822,true
6060,Bow and Arrow salesman,ranging_guild_bow_salesman,0,808 819 820 821 822,true
6061,Tower Advisor,ranging_advisor1,0,808 819 820 821 822,true
6062,Tower Advisor,ranging_advisor2,0,808 819 820 821 822,true
6063,Tower Advisor,ranging_advisor3,0,808 819 820 821 822,true
6064,Tower Advisor,ranging_advisor4,0,808 819 820 821 822,true
6065,Tower Archer,guild_towerarcher1,0,808 819 820 821 822,true
6066,Tower Archer,guild_towerarcher2,0,808 819 820 821 822,true
6067,Tower Archer,guild_towerarcher3,0,808 819 820 821 822,true
6068,Tower Archer,guild_towerarcher4,0,808 819 820 821 822,true
6069,Tribal Weapon Salesman,ranging_guild_tribal_salesman,0,808 819 820 821 822,true
6070,Competition Judge,ranging_guild_competition_judge,0,808 819 820 821 822,true
6071,Ticket Merchant,ranging_guild_ticket_exchange,0,808 819 820 821 822,true
6072,Jimmy,war_strength_drunken_warrior,0,2770 2769,true
6073,Ref,strength_referree1,0,808 819 820 821 822,true
6074,Ref,strength_referree2,0,808 819 820 821 822,true
6075,Tortoise,battle_tortoise,274,3952 3953,true
6076,Tortoise,battle_tortoise_war2,274,3952 3953,true
6077,Gnome child,gnomechildgreen,2402,2331 12042,true
6078,Gnome child,gnomechildblue,2402,2331 12042,true
6079,Gnome child,gnomechild,2402,2331 12042,true
6080,Gnome trainer,gnometrainer,2402,2331 12042,true
6081,Gnome guard,gnomekingsguard,2402,2331 12042,true
6082,Gnome guard,gnomekingsguard2,2402,2331 12042,true
6083,Gnome shop keeper,gnomeshopkeeper,2402,2331 12042,false
6084,Gnome banker,gnomebanker,2402,2331,true
6085,Gnome baller,gnomeballer,2402,2331 12042,true
6086,Gnome woman,gnomefemale,2402,2331 12042,true
6087,Gnome woman,gnomefemale_dskinned,2402,2331 12042,true
6088,Captain Errdo,pilot_digsite,2402,2331 12042,true
6089,,pilot_al_kharid,2402,2331 12042,true
6090,,pilot_white_wolf,2402,2331 12042,true
6091,,pilot_grand_tree,2402,2331 12042,true
6092,,pilot_karamja,2402,2331 12042,true
6093,,deadman_nigel,0,7053 7052 7048 7047,true
6094,Gnome,gnome,2402,2331 12042,true
6095,Gnome,browclothedgnome,2402,2331 12042,true
6096,Gnome,darkskinned_gnome,2402,2331 12042,true
6097,Gnome Archer,gnome_archer,2402,2331 12042,true
6098,Gnome Driver,gnome_driver,2402,2331 12042,true
6099,Gnome Mage,gnome_mage,2402,2331 12042,true
6100,Lieutenant Schepbur,gnome_tortoise_commander,2402,2331 12042,true
6101,Trainer Nacklepen,gnome_tortoise_trainer,2402,3965 3963,true
6102,Bush snake,tbwcu_village_snake,340,277 274,true
6103,Bush snake,tbwcu_snakejungle_appear,340,277 2392,true
6104,,secret_ghost1,0,2334 2333,true
6105,,secret_ghost2,0,2334 2333,true
6106,,secret_ghost3,0,2334 2333,true
6107,,secret_ghost4,0,2334 2333,true
6108,,secret_ghost5,0,2334 2333,true
6109,,secret_ghost6,0,2334 2333,true
6110,,secret_ghost7,0,2334 2333,true
6111,,secret_ghost8,0,2334 2333,true
6112,,secret_ghost9,0,2334 2333,true
6113,,secret_ghost10,0,2334 2333,true
6114,,secret_ghost11,0,2334 2333,true
6115,,secret_ghost12,0,2334 2333,true
6116,,secret_ghost13,0,2334 2333,true
6117,,secret_ghost14,0,2334 2333,true
6118,Elvarg (hard),nzone_elvarg_hard,1080,90 79,true
6119,The Inadequacy (hard),nzone_dream_inadequacy_hard,1442,6317,true
6120,The Everlasting (hard),nzone_dream_everlasting_hard,1440,6343 6344,true
6121,The Untouchable (hard),nzone_dream_untouchable_hard,1444,6328,true
6122,,secret_ghost15,0,2334 2333,true
6123,,secret_ghost16,0,2334 2333,true
6124,,dream_cyrisus_outsidemulti,0,808 819 820 821 822,true
6125,,dream_cyrisus_outsidebraziermulti,0,808 819 820 821 822,true
6126,,dream_birds_eye_jack_multi,0,808 819 820 821 822,true
6127,,makinghistory_melina_multi,0,808 819 820 821 822,true
6128,,makinghistory_droalak_multi,0,808 819 820 821 822,true
6129,,shadow_maj_multi_khazard,2094,9874 9875 9876,true
6130,,shadow_maj_multi_scout1,0,842 841,true
6131,,shadow_maj_multi_scout2,0,842 841,true
6132,,shadow_maj_multi_scout3,0,842 841,true
6133,,shadow_maj_multi_scout4,0,842 841,true
6134,,feud_mayor,0,808 819 820 821 822,true
6135,,feud_black_jack_seller_multi,0,808 819 820 821 822,true
6136,,feud_menap_boss,0,808 819 820 821 822,true
6137,,feud_menap_boss2,0,808 819 820 821 822,true
6138,,feud_egyptian_doorman_multi,0,808 819 820 821 822,true
6139,,feud_villager_multi_1,0,808 819 820 821 822,true
6140,,feud_villager_multi_2,0,808 819 820 821 822,true
6141,,feud_villager_multi_3,0,808 819 820 821 822,true
6142,,ernest_multiernest,0,808 819 820 821 822,true
6143,Urium Shadow,shadeshadow_level6,651,1290 1289,true
6144,,enakh_boneguard_multinpc,499,3073,true
6148,,enakh_akthanakos_multinpc,0,808 819 820 821 822,true
6149,,dt2_camdozaal_archaeologist_2,0,808 819 820 821 822,true
6150,,enakh_lazim_statue_east_multinpc,0,813 819 820 821 822,true
6151,,enakh_lazim_fallen_statue_east_multinpc,0,813 819 820 821 822,true
6152,,enakh_lazim_pedestal_multinpc,0,813 819 820 821 822,true
6153,,enakh_lazim_altar_multinpc,0,813 819 820 821 822,true
6154,,tol_npc_efergy01_multi,0,808 5822,true
6155,,tol_homonculus_multi,1355,5831,true
6156,,tol_homonculus_multi2,1355,5831,true
6157,,tol_npc_mage01_multi,0,5823 5822,true
6158,,tol_npc_mage02_multi,0,5823 5822,true
6159,,myreque_pt3_multi_safalaan_castle,0,808 819 820 821 822,true
6160,,myreque_pt3_multi_safalaan_basecamp,0,808 819 820 821 822,true
6161,,myq3_multi_sarius_castle,0,808 819 820 821 822,true
6162,,lunar_pirate_cabin_boy,2402,2331 12042,true
6163,,lunar_pirate_navigator_multi,0,808 819 820 821 822,true
6164,,contact_maisa_multi,0,808 819 820 821 822,true
6165,,contact_osman_multi,0,808 819 820 821 822,true
6166,,contact_osman_desert_multi,0,808 819 820 821 822,true
6167,,contact_guard_female_01_multi,0,808 819 820 821 822,true
6168,,contact_guard_female_02_multi,0,808 819 820 821 822,true
6169,,contact_guard_male_01_multi,0,808 819 820 821 822,true
6170,,contact_guard_male_02_multi,0,808 819 820 821 822,true
6171,,deadman_guard_gnome,2402,2331 12042,true
6172,,deadman_guard_seers,0,808 819 820 821 822,true
6173,,contact_stone_mason_multi,0,808 819 820 821 822,true
6174,,contact_market_baker_multi,0,808 819 820 821 822,true
6175,,contact_market_dagger_multi,0,808 819 820 821 822,true
6176,,contact_market_craft_multi,0,808 819 820 821 822,true
6177,Scion,abyssalsire_scion_dying,1628,7125 7124,true
6179,,plaguesheep_1,1247,5335 5334,true
6180,,plaguesheep_2,1247,5335 5334,true
6181,,plaguesheep_3,1247,5335 5334,true
6182,,plaguesheep_4,1247,5335 5334,true
6183,,agrith_golem_walking,526,1913 1912,true
6184,,mourning_deathalter_dwarf,297,101 98,true
6185,,sinister_stranger,0,808 819 820 821 822,true
6186,,surok_surok,0,808 819 820 821 822,true
6187,,ics_little_multi_wanderer,0,808 819 820 821 822,true
6188,,ics_little_multi_wanderer1,0,808 819 820 821 822,true
6189,,ics_little_multi_wanderer2,0,808 819 820 821 822,true
6190,,bcs_necropolis_citizen_s4,0,4709 4710,true
6191,,bcs_necropolis_citizen_s5,0,4709 4710,true
6192,,ics_little_hipriest_town,0,808 819 820 821 822,true
6193,,bcs_necropolis_citizen_s6,0,4709 4710,true
6194,,kr_murderguard_house_multi,0,808 819 820 821 822,true
6195,,kr_anna_sinclair_multi,0,808 819 820 821 822,true
6196,,kr_bob_sinclair_multi,0,808 819 820 821 822,true
6197,,kr_carol_sinclair_multi,0,808 819 820 821 822,true
6198,,kr_david_sinclair_multi,0,808 819 820 821 822,true
6199,,kr_elizabeth_sinclair_multi,0,808 819 820 821 822,true
6200,,kr_frank_sinclair_multi,0,808 819 820 821 822,true
6201,,twocats_niete,280,317 314,true
6202,,twocats_unferth,0,808 819 820 821 822,true
6203,,reldo,0,808 819 820 821 822,true
6204,,edmond_top,0,813 1205 1206 1207 1208,true
6205,,edmond_bottom,0,813 1205 1206 1207 1208,true
6206,,elenap,0,808 819 820 821 822,true
6207,,swan_boat_boatwoman,0,808 819 820 821 822,true
6208,,qip_watchtower_ogre_shaman_01,321,357 358,true
6209,,qip_watchtower_ogre_shaman_02,321,357 358,true
6210,,qip_watchtower_ogre_shaman_03,321,357 358,true
6211,,qip_watchtower_ogre_shaman_04,321,357 358,true
6212,,qip_watchtower_ogre_shaman_05,321,357 358,true
6213,,qip_watchtower_ogre_shaman_06,321,357 358,true
6214,,burgh_potential_bank_teller_multinpc,0,808 819 820 821 822,true
6215,,burgh_actual_bank_teller_multinpc,0,808 819 820 821 822,true
6216,,burgh_juve1_multinpc,0,808 819 820 821 822,true
6217,,burgh_juve2_multinpc,0,808 819 820 821 822,true
6218,,burgh_gadderanks_multinpc,0,2065 2064,true
6219,,dttd_delivery_dwarf,297,101 98,true
6220,,dttd_mill_man_crate,0,4193 4194,true
6221,,dttd_mill_man_nocrate,0,808 819 820 821 822,true
6222,,devious_monk_hooded,0,808 819 820 821 822,true
6223,,devious_monk_dead,0,2995,true
6224,,vc_partyrat_multi1,326,2704 2703,true
6225,,vc_partyrat_multi2,326,2704 2703,true
6226,,vc_partyrat_multi3,326,2704 2703,true
6227,,vc_partyrat_multi4,326,2704 2703,true
6228,,vc_partyrat_multi5,326,2704 2703,true
6229,,vc_partyrat_multi6,326,2704 2703,true
6230,,tourtrap_qip_ana_multi,0,808 819 820 821 822,true
6231,,tourtrap_qip_ana_shanty_multi,0,808 819 820 821 822,true
6232,,tourtrap_qip_mineslave_clothes_multi,0,808 819 820 821 822,true
6233,,tourtrap_qip_irena_multi_sad,0,2702 819 820 821 822,true
6234,,tourtrap_qip_irena_multi_happy,0,808 819 820 821 822,true
6235,,tbwt_tiadeche_multinpc_shore,0,808 819 820 821 822,true
6236,,tbwt_tiadeche_multinpc_house,0,808 819 820 821 822,true
6237,,tbwt_tinsay_multinpc_island,0,808 819 820 821 822,true
6238,,tbwt_tinsay_multinpc_house,0,808 819 820 821 822,true
6239,,tbwt_tamayu_multinpc_jungle,0,808 819 820 821 822,true
6240,,tbwt_tamayu_multinpc_house,0,808 819 820 821 822,true
6241,,slug2_holgart_jeb,0,808 819 820 821 822,true
6242,,slug2_oniall,0,4780,true
6243,,slug2_hobb,0,808 819 820 821 822,true
6244,,slug2_maledict,0,808 819 820 821 822,true
6245,,slug2_villager1_stage1_multi,0,808 819 820 821 822,true
6246,,slug2_villager2_stage1_multi,0,808 819 820 821 822,true
6247,,slug2_villager3_stage1_multi,0,808 819 820 821 822,true
6248,,slug2_villager1_stage2_multi,0,808 4779,true
6249,,slug2_villager2_stage2_multi,0,808 4779,true
6250,,slug2_villager3_stage2_multi,0,808 4779,true
6251,,slug2_invisi_lobster,1426,6263 6264,true
6252,,slug2_jeb,0,808 819 820 821 822,true
6254,,hundred_dwarf_dad_multi,297,101 98,true
6255,,hundred_dwarf_drunk_multi,297,900 104,true
6256,,knight_of_ardougne_f_west,0,808 819 820 821 822,true
6257,Tempoross,tempoross_transmog,780,8895,true
6258,,hundred_ogre_skrach_multi,321,357 358,true
6259,,100_rantz_multi_npc,321,357 358,true
6260,,100_jubbly_multi_boat_feldip,555,3473 3474,true
6261,,100_jubbly_multi_boat_karamja,555,3473 3474,true
6262,,dwarfrock_multi_dondakan,297,101 98,true
6263,,dwarfrock_multi_gold_boatman,297,101 98,true
6264,,wanted_solus_fake_woman,0,813 1205 1206 1207 1208,true
6265,,elkoy,2402,2331 12042,true
6266,,elkoy_village,2402,2331 12042,true
6267,Jungle spider,tbwcu_jungle_spider,1248,5326 5325,true
6268,,juliet_multi_visible,0,808 819 820 821 822,true
6270,,kent_land,0,808 819 820 821 822,true
6271,Jungle spider,tbwcu_spider_appear,1248,5326 5333,true
6272,Large mosquito,tbwcu_mosquito_single,932,2395 2396,true
6273,Mosquito swarm,tbwcu_mosquito_swarm3,932,2395 2396,true
6274,,grim_grimgnash,1487,6507,true
6275,,grim_rupert,297,101 98,true
6276,,grim_rupert_intower,297,101 98,true
6277,,golem_golem,526,1913 1912,true
6278,,slice_sergeant_mossfists_swamp,1414,6153 6152,true
6279,,slice_sergeant_slimetoes_swamp,1414,6153 6152,true
6280,,slice_sergeant_mossfists_cave,1414,6153 6152,true
6281,,slice_sergeant_slimetoes_cave,1414,6153 6152,true
6282,,slice_dwarf_alvijar,297,101 98,true
6283,,slice_dwarf_alvijar_postquest,297,101 98,true
6284,,slice_zanik_archaeology,1383,6040 6041,true
6286,,roving_female_woodelf_temp,0,808 819 820 821 822,true
6287,,mourner_hideout_gnome,2402,2331 12042,true
6288,,lost_tribe_sigmund,0,808 819 820 821 822,true
6289,,lost_tribe_sigmund_leaving,0,808 819 820 821 822,true
6290,,lost_tribe_sigmund_ham,0,808 819 820 821 822,true
6291,Tanglefoot (hard),nzone_fairy_tanglefoot_hard,506,3259 3261,true
6292,Chronozon (hard),nzone_chronozon_hard,1078,66 63,true
6293,Bouncer (hard),nzone_arena_bouncer_hard,1491,6580 6582,true
6294,Ice Troll King (hard),nzone_fris_troll_king_true_hard,461,286 283,true
6295,Black demon (hard),nzone_grandtree_blackdemon_hard,1078,66 63,true
6296,Bloodhound,poh_bloodhoundpet,1491,7269 7280,true
6297,Glod (hard),nzone_grim_glod_hard,1485,6504 6505,true
6298,Treus Dayth (hard),nzone_hauntedmine_boss_ghost_hard,1290,5538 5539,true
6299,Black Knight Titan (hard),nzone_black_knight_titan_hard,302,130 127,true
6300,Dagannoth mother (hard),nzone_horror_dagganoth_air_hard,538,1338 1339,true
6301,Dagannoth mother (hard),nzone_horror_dagganoth_water_hard,538,1338 1339,true
6302,Dagannoth mother (hard),nzone_horror_dagganoth_fire_hard,538,1338 1339,true
6303,Dagannoth mother (hard),nzone_horror_dagganoth_earth_hard,538,1338 1339,true
6304,Dagannoth mother (hard),nzone_horror_dagganoth_ranged_hard,538,1338 1339,true
6305,Dagannoth mother (hard),nzone_horror_dagganoth_melee_hard,538,1338 1339,true
6306,Evil Chicken (hard),nzone_chickenquest_evil_chicken_hard,332,2298 2297,true
6307,Culinaromancer (hard),nzone_hundred_culinaromancer_final_hard,0,808 819 820 821 822,true
6308,Agrith-Na-Na (hard),nzone_hundred_minion1_hard,548,3498 3499,true
6309,Flambeed (hard),nzone_hundred_minion2_hard,609,1749 1748,true
6310,Karamel (hard),nzone_hundred_minion3_hard,0,808 819 820 821 822,true
6311,Dessourt (hard),nzone_hundred_minion4_hard,549,3504 3506,true
6312,Gelatinnoth Mother (hard),nzone_hundred_minion5_air_hard,538,1338 1339,true
6313,Gelatinnoth Mother (hard),nzone_hundred_minion5_melee_hard,538,1338 1339,true
6314,Gelatinnoth Mother (hard),nzone_hundred_minion5_water_hard,538,1338 1339,true
6315,Gelatinnoth Mother (hard),nzone_hundred_minion5_fire_hard,538,1338 1339,true
6316,Gelatinnoth Mother (hard),nzone_hundred_minion5_ranged_hard,538,1338 1339,true
6317,Gelatinnoth Mother (hard),nzone_hundred_minion5_earth_hard,538,1338 1339,true
6318,Nezikchened (hard),nzone_nezikchened_hard,1078,66 63,true
6319,Tree spirit (hard),nzone_tree_spirit_hard,1289,5530 5531,true
6320,Me (hard),nzone_quest_lunar_mirror_of_player_hard,0,813 1205 1206 1207 1208,true
6321,Jungle Demon (hard),nzone_mm_demon_hard,1078,66 63,true
6322,The Kendal (hard),nzone_mdaughter_bearman_fighter_hard,581,1756 1757,true
6323,Giant Roc (hard),nzone_myarm_giant_roc_hard,1178,5021 5022,true
6324,Slagilith (hard),nzone_slagilith_hard,609,1749 1748,true
6325,Moss Guardian (hard),nzone_roving_mossgiant_hard,1081,4656 4654,false
6326,Skeleton Hellhound (hard),nzone_skeleton_hellhound_hard,1491,6580 6577,true
6327,Agrith Naar (hard),nzone_agrith_naar_hard,1078,4675 4674,true
6328,King Roald (hard),nzone_surok_king_hard,0,808 819 820 821 822,true
6329,Khazard warlord (hard),nzone_khazard_warlord_hard,0,808 819 820 821 822,true
6330,Dad (hard),nzone_troll_champion_hard,461,925 1140,true
6331,Arrg (hard),nzone_trollromance_arrg_hard,461,286 283,true
6332,Count Draynor (hard),nzone_count_draynor_hard,0,808 819 820 821 822,true
6333,Witch's experiment (hard),nzone_shapeshifterglob_hard,337,257 254,true
6334,Witch's experiment (second form) (hard),nzone_shapeshifterspider_hard,1248,5326 5325,true
6335,Witch's experiment (third form) (hard),nzone_shapeshifterbear_hard,1151,4919 4923,false
6336,Witch's experiment (fourth form) (hard),nzone_shapeshifterwolf_hard,1491,6580 6556,true
6337,Nazastarool (hard),nzone_zq_mainzombie1_hard,1288,5572 5582,true
6338,Nazastarool (hard),nzone_zq_mainzombie2_hard,1291,5505 5506,true
6339,Nazastarool (hard),nzone_zq_mainzombie3_hard,1289,5530 5531,true
6340,Cow (hard),nzone_cow_hard,1338,5852 5848,true
6341,<col=ff9040>Zapper,nzone_powerup_zapper,702,502,true
6342,Barrelchest,nzone_brain_barrel_chest_normal,1357,5893 5892,true
6343,Giant Scarab,nzone_contact_scarab_boss_normal,1279,5455 5454,true
6344,Dessous,nzone_blooddiamond_vampirewarrior_normal,0,808 819 820 821 822,true
6345,Kamil,nzone_icediamond_icewarrior_normal,0,842 841,true
6346,Damis,nzone_fd_damis_normal_normal,0,808 819 820 821 822,true
6347,Damis,nzone_fd_damis_tougher_normal,0,808 819 820 821 822,true
6348,Fareed,nzone_firediamond_firewarrior_normal,0,808 819 820 821 822,true
6349,Elvarg,nzone_elvarg_normal,1080,90 79,true
6350,The Inadequacy,nzone_dream_inadequacy_normal,1442,6317,true
6351,The Everlasting,nzone_dream_everlasting_normal,1440,6343 6344,true
6352,The Untouchable,nzone_dream_untouchable_normal,1444,6328,true
6353,Tanglefoot,nzone_fairy_tanglefoot_normal,506,3259 3261,true
6354,Chronozon,nzone_chronozon_normal,1078,66 63,true
6355,Bouncer,nzone_arena_bouncer_normal,1491,6580 6582,true
6356,Ice Troll King,nzone_fris_troll_king_true_normal,461,286 283,true
6357,Black demon,nzone_grandtree_blackdemon_normal,1078,66 63,true
6358,Glod,nzone_grim_glod_normal,1485,6504 6505,true
6359,Treus Dayth,nzone_hauntedmine_boss_ghost_normal,1290,5538 5539,true
6360,Black Knight Titan,nzone_black_knight_titan_normal,302,130 127,true
6361,Dagannoth mother,nzone_horror_dagganoth_air_normal,538,1338 1339,true
6362,Dagannoth mother,nzone_horror_dagganoth_water_normal,538,1338 1339,true
6363,Dagannoth mother,nzone_horror_dagganoth_fire_normal,538,1338 1339,true
6364,Dagannoth mother,nzone_horror_dagganoth_earth_normal,538,1338 1339,true
6365,Dagannoth mother,nzone_horror_dagganoth_ranged_normal,538,1338 1339,true
6366,Dagannoth mother,nzone_horror_dagganoth_melee_normal,538,1338 1339,true
6367,Evil Chicken,nzone_chickenquest_evil_chicken_normal,332,2298 2297,true
6368,Culinaromancer,nzone_hundred_culinaromancer_final_normal,0,808 819 820 821 822,true
6369,Agrith-Na-Na,nzone_hundred_minion1_normal,548,3498 3499,true
6370,Flambeed,nzone_hundred_minion2_normal,609,1749 1748,true
6371,Karamel,nzone_hundred_minion3_normal,0,808 819 820 821 822,true
6372,Dessourt,nzone_hundred_minion4_normal,549,3504 3506,true
6373,Gelatinnoth Mother,nzone_hundred_minion5_air_normal,538,1338 1339,true
6374,Gelatinnoth Mother,nzone_hundred_minion5_melee_normal,538,1338 1339,true
6375,Gelatinnoth Mother,nzone_hundred_minion5_water_normal,538,1338 1339,true
6376,Gelatinnoth Mother,nzone_hundred_minion5_fire_normal,538,1338 1339,true
6377,Gelatinnoth Mother,nzone_hundred_minion5_ranged_normal,538,1338 1339,true
6378,Gelatinnoth Mother,nzone_hundred_minion5_earth_normal,538,1338 1339,true
6379,Nezikchened,nzone_nezikchened_normal,1078,66 63,true
6380,Tree spirit,nzone_tree_spirit_normal,1289,5530 5531,true
6381,Me,nzone_quest_lunar_mirror_of_player_normal,0,813 1205 1206 1207 1208,true
6382,Jungle Demon,nzone_mm_demon_normal,1078,66 63,true
6383,The Kendal,nzone_mdaughter_bearman_fighter_normal,581,1756 1757,true
6384,Giant Roc,nzone_myarm_giant_roc_normal,1178,5021 5022,true
6385,Slagilith,nzone_slagilith_normal,609,1749 1748,true
6386,Moss Guardian,nzone_roving_mossgiant_normal,1081,4656 4654,false
6387,Skeleton Hellhound,nzone_skeleton_hellhound_normal,1491,6580 6577,true
6388,Agrith Naar,nzone_agrith_naar_normal,1078,4675 4674,true
6389,King Roald,nzone_surok_king_normal,0,808 819 820 821 822,true
6390,Khazard warlord,nzone_khazard_warlord_normal,0,808 819 820 821 822,true
6391,Dad,nzone_troll_champion_normal,461,925 1140,true
6392,Arrg,nzone_trollromance_arrg_normal,461,286 283,true
6393,Count Draynor,nzone_count_draynor_normal,0,808 819 820 821 822,true
6394,Witch's experiment,nzone_shapeshifterglob_normal,337,257 254,true
6395,Witch's experiment (second form),nzone_shapeshifterspider_normal,1248,5326 5325,true
6396,Witch's experiment (third form),nzone_shapeshifterbear_normal,1151,4919 4923,false
6397,Witch's experiment (fourth form),nzone_shapeshifterwolf_normal,1491,6580 6556,true
6398,Nazastarool,nzone_zq_mainzombie1_normal,1288,5572 5582,true
6399,Nazastarool,nzone_zq_mainzombie2_normal,1291,5505 5506,true
6400,Nazastarool,nzone_zq_mainzombie3_normal,1289,5530 5531,true
6401,Cow,nzone_cow_normal,1338,5852 5848,true
6402,Mosquito swarm,tbwcu_mosquito_swarm5,932,2395 2396,true
6403,,observatory_professor_multi,0,808 819 820 821 822,true
6404,,observatory_professor_multi2,0,808 819 820 821 822,true
6405,,handsand_sandy,0,808 819 820 821 822,true
6406,Tribesman,tbwcu_tribesman_instant,0,2400 819 820 821 822,true
6407,Tribesman,tbwcu_tribesman,0,813 819 820 821 822,true
6408,Broodoo victim,tbwcu_broodoo_poison_instant,0,2400 819 820 821 822,true
6409,Broodoo victim,tbwcu_broodoo_poison,0,2401 819 820 821 822,true
6410,Broodoo victim,tbwcu_broodoo_disease_instant,0,2400 819 820 821 822,true
6411,Broodoo victim,tbwcu_broodoo_disease,0,2401 819 820 821 822,true
6412,Broodoo victim,tbwcu_broodoo_combat_instant,0,2400 819 820 821 822,true
6413,Broodoo victim,tbwcu_broodoo_combat,0,2401 819 820 821 822,true
6432,Rionasta,tbwcu_rionasta,0,813 1205 1206 1207 1208,true
6433,Rionasta,tbwcu_rionasta_nosticks,0,813 1205 1206 1207 1208,true
6434,Cave goblin,cave_goblin,1383,6040 6041,true
6435,Cave goblin,cave_goblin2,1383,6040 6041,true
6436,Cave goblin,cave_goblin3,1383,6040 6041,true
6437,Cave goblin,cave_goblin4,1383,6040 6041,true
6438,Animated steel armour,lotr_steel_armour,0,808 819 820 821 822,true
6439,Amy,con_contractor_1op,0,808 819 820 821 822,true
6440,Giant skeleton,lotr_giant_skeleton,1291,5493 5497,true
6441,Skeleton,lotr_mage_skeleton,1291,5483 5479,true
6442,Skeleton,lotr_skeleton_lvl_77,1291,5483 5481,true
6443,Skeleton,lotr_skeleton_lvl_45,1291,5483 5481,true
6444,Skeleton,lotr_skeleton_lvl_25,1291,5483 5481,true
6445,Skeleton,lotr_skeleton_lvl_22,1291,5483 5481,true
6446,Skeleton,lotr_skeleton_lvl_21,1291,5483 5481,true
6447,Skeleton,lotr_skeleton_lvl_13,1291,5483 5479,true
6448,Skeleton,lotr_skeleton_miner1,1291,5483 5479,true
6449,Zombie,lotr_zombie1_lvl_53,1288,5576 5577,true
6450,Zombie,lotr_zombie2_lvl_53,1288,5576 5577,true
6451,Zombie,lotr_zombie3_lvl_53,1288,5576 5577,true
6452,Zombie,lotr_zombie1_lvl_44,1288,5576 5577,true
6453,Zombie,lotr_zombie2_lvl_44,1288,5576 5577,true
6454,Zombie,lotr_zombie3_lvl_44,1288,5576 5577,true
6455,Zombie,lotr_zombie1_lvl_30,1288,5572 5570,true
6456,Zombie,lotr_zombie2_lvl_30,1288,5572 5570,true
6457,Zombie,lotr_zombie3_lvl_30,1288,5572 5570,true
6458,Zombie,lotr_zombie1_lvl_25,1288,5572 5570,true
6459,Zombie,lotr_zombie2_lvl_25,1288,5572 5570,true
6460,Zombie,lotr_zombie3_lvl_25,1288,5572 5570,true
6461,Zombie,lotr_zombie1_lvl_24,1288,5572 5570,true
6462,Zombie,lotr_zombie2_lvl_24,1288,5572 5570,true
6463,Zombie,lotr_zombie3_lvl_24,1288,5572 5570,true
6464,Zombie,lotr_zombie1_lvl_18,1288,5572 5570,true
6465,Zombie,lotr_zombie2_lvl_18,1288,5572 5570,true
6466,Zombie,lotr_zombie3_lvl_18,1288,5572 5570,true
6467,Skeleton,lotr_skeleton_possesed_1,1291,5483 5479,true
6468,Skeleton,lotr_skeleton_possesed_2,1291,5483 5481,true
6469,Possessed pickaxe,lotr_possessed_pickaxe,1300,5589 5593,true
6470,Animated spade,lotr_possessed_spade,1300,5594 5595,true
6473,Terror dog,lotr_terror_dog_large,1301,5623 5622,true
6474,Terror dog,lotr_terror_dog_small,1301,5623 5622,true
6475,Tarn,lotr_tran_razorlor,0,808 819 820 821 822,true
6476,Tarn,lotr_tran_razorlor_ghost,0,808 819 820 821 822,true
6477,Mutant tarn,lotr_tran_razorlor_mutant,1299,5616 5615,true
6478,Rufus,werewolfshopkeeper1,0,808 819 820 821 822,true
6481,Jack Frost,jack_frost_transmog,0,808 819 820 821 822,true
6482,Boulder,max_boulder,277,6,true
6483,Monkey,max_monkey,320,222 219,true
6484,Gelin,deadman_gelin,0,808 819 820 821 822,true
6485,Financial Seer,deadman_banker_neitiznot_model,0,808 819 820 821 822,true
6486,,deadman_banker_neitiznot,0,808 819 820 821 822,true
6487,,deadman_insurancebroker,0,808 819 820 821 822,true
6488,Fishing spot,snakeboss_fishingspot,31,2126,true
6489,,snakeboss_fishingspot_fake,31,2126,true
6492,Kree'arra,clancup_godwars_armadyl_avatar,1575,6976 6977,true
6493,Commander Zilyana,clancup_godwars_saradomin_avatar,1574,6966 6965,true
6494,General Graardor,clancup_godwars_bandos_avatar,1003,7017 7016,true
6495,K'ril Tsutsaroth,clancup_godwars_zamorak_avatar,1078,6935 4070,true
6496,Dagannoth Supreme,clancup_dagcave_ranged_boss,16,2850 2849,false
6497,Dagannoth Prime,clancup_dagcave_magic_boss,16,2850 2849,false
6498,Dagannoth Rex,clancup_dagcave_melee_boss,16,2850 2849,true
6499,Giant Mole,clancup_mole_giant,121,3309 3313,true
6500,Kalphite Queen,clancup_kalphite_queen,1422,6239 6238,true
6501,Kalphite Queen,clancup_kalphite_flyingqueen,1425,6236,true
6502,King Black Dragon,clancup_king_dragon,1080,90 4635,true
6503,Callisto,clancup_callisto,1151,4919 4923,false
6504,Venenatis,clancup_venenatis,1248,5318 5317,true
6505,Chaos Elemental,clancup_chaoselemental,64,3144 3145,true
6506,TzTok-Jad,clancup_tzhaar_fightcave_swarm_boss,159,2650 2651,true
6507,,shayzien_armour_1_challenge,0,2561 2562,true
6508,,shayzien_armour_2_challenge,0,808 819 820 821 822,true
6509,Squire,pest_squire_bank_man,0,808 819 820 821 822,true
6510,Financial Wizard,pest_squire_bank_deadman,0,808 819 820 821 822,true
6511,,contact_banker_deadman,0,808 819 820 821 822,true
6512,Magnus Gram,frisd_banker_normal,0,808 819 820 821 822,true
6513,Magnus Gram,frisd_banker_deadman,0,808 819 820 821 822,true
6514,Financial Wizard,ahoy_ghost_banker_deadman,0,808,true
6515,Financial Wizard,deadman_banker_blue_1,0,808 819 820 821 822,true
6516,Financial Wizard,deadman_banker_blue_2,0,808 819 820 821 822,true
6517,Financial Wizard,deadman_banker_grey_1,0,808 819 820 821 822,true
6518,Financial Wizard,deadman_banker_grey_2,0,808 819 820 821 822,true
6519,Financial Wizard,deadman_banker_gnome,2402,2331 12042,false
6520,,deadman_banker_blue_south,0,808 819 820 821 822,true
6521,,deadman_banker_blue_west,0,808 819 820 821 822,true
6522,,deadman_banker_blue_north,0,808 819 820 821 822,true
6523,,deadman_banker_grey_north,0,808 819 820 821 822,true
6524,Barker,werewolfshopkeeper2,0,808 819 820 821 822,true
6525,Fidelio,werewolfshopkeeper3,0,808 819 820 821 822,true
6526,Sbott,werewolftanner,0,808 819 820 821 822,true
6527,Roavar,werewolfinnkeeper,0,808 819 820 821 822,true
6528,,deadman_banker_grey_west,0,808 819 820 821 822,true
6529,Herquin,herquin,0,808 819 820 821 822,true
6530,Rommik,rommik,0,808 819 820 821 822,true
6531,Blurberry,blurberry,2402,2331 12042,true
6532,Barman,blurberrybarmen,2402,2331 12042,true
6533,Romily Weaklax,merchant_pies,0,808 819 820 821 822,true
6534,,fairy_mindslayer_guard_multi,0,808 819 820 821 822,true
6535,,viking_dagganoth_cave_ferryman_rellekka,0,813 819 820 821 822,true
6536,,dwarf_city_secretary_red_axe_multi,297,101 98,true
6537,,handsand_sandy_looking,0,3036 819 820 821 822,true
6538,,dwarf_city_director_red_axe_multi,297,2155 2154,true
6539,,dwarf_city_evil_cat_multi,280,2159 314,true
6540,,dwarf_city_red_trader1_multi,297,900 104,true
6541,,dwarf_city_red_trader2_multi,297,900 104,true
6542,,dwarf_city_gnome_emissary_multi,2402,2331 12042,true
6543,,gub_musa_multi_child_1,2402,3862 12042,true
6544,,gub_musa_multi_child_2,2402,3862 12042,true
6545,,gub_musa_multi_child_3,2402,3862 12042,true
6546,,dwarf_city_gnome_female_emissary_multi,2402,2331 12042,true
6547,,dwarf_city_gnome_male_emissary_multi,2402,2331 12042,true
6548,,tbwcu_sharimika_multinpc,0,808 819 820 821 822,true
6549,,tbwcu_mamma_bufetta_multinpc,0,808 819 820 821 822,true
6550,,tbwcu_layleen_multinpc,0,808 819 820 821 822,true
6551,,tbwcu_karaday_multinpc,0,808 819 820 821 822,true
6552,,ali_the_smith_multinpc,0,808 819 820 821 822,true
6553,,ali_the_farmer_multinpc,0,808 819 820 821 822,true
6554,,ali_the_tailor_multinpc,0,808 819 820 821 822,true
6555,,ali_the_guard_multinpc,0,808 819 820 821 822,true
6556,,tbwcu_safta_doc_multinpc,0,813 819 820 821 822,true
6557,,tbwcu_gabooty_multinpc,0,808 819 820 821 822,true
6558,,tbwcu_fanellaman_multinpc,0,813 819 820 821 822,true
6559,,tbwcu_jagbakoba_multinpc,0,813 1205 1206 1207 1208,true
6560,,deadman_banker_grey_south,0,808 819 820 821 822,true
6561,Guard,motherlode_guard,297,101 98,true
6562,Prospector Percy,motherlode_percy,0,808 819 820 821 822,false
6563,,deadman_banker_gnome_east,2402,2331,true
6565,Miner,motherlode_miner_1,297,101 98,true
6566,Runite Minor,motherlode_miner_2,0,808 819,true
6567,Miner,motherlode_miner_3,297,101 98,true
6568,Miner,motherlode_miner_4,297,101 98,true
6569,Miner,motherlode_miner_5,297,101 98,true
6570,Miner,motherlode_miner_6,297,101 98,true
6571,Miner,motherlode_miner_7,297,101 98,true
6572,Miner,motherlode_miner_8,297,101 98,true
6573,,deadman_banker_ahoy_north,0,808 819 820 821 822,true
6577,,tbwcu_murcaily_multinpc,0,813 819 820 821 822,true
6578,,tbwcu_rionasta_multinpc,0,813 819 820 821 822,true
6584,Uri,trail_elite_uri,0,808 819 820 821 822,true
6585,,trail_watson,0,808 819 820 821 822,true
6586,Sherlock,sherlock,0,808 819 820 821 822,false
6587,Armadylean guard,elite_npc_1,1574,6952 6953,true
6588,Bandosian guard,elite_npc_2,1003,4318 4319,true
6589,Dr Ford,clanwars_doctor,0,808 819 820 821 822,true
6590,Sister Scarophia,clanwars_nun,0,808 819 820 821 822,true
6593,Lava dragon,lava_dragon,1080,90 79,false
6594,Ent,wilderness_ent,2450,12502 12500,false
6596,Zombie,wilderness_zombie,1288,5576 5577 5793 5792 5791,true
6597,Zombie,wilderness_zombie2,1288,5565 5566 5790 5788 5789,true
6598,Zombie,wilderness_zombie3,1288,5572 5570 5790 5788 5789,true
6599,Mandrith,wilderness_resource_guardian,111,2945 2947 2948 2949 2950,true
6600,Runite Golem,wilderness_rune_golem,310,155 152,true
6602,Numpty,blast_furnace_automaton_pipe_repairer,0,808 819 820 821 822,true
6603,Rogue,wilderness_rogue,0,808 819 820 821 822,true
6604,Mammoth,wilderness_mammoth,318,306 303,true
6605,Bandit,wilderness_bandit,0,808 819 820 821 822,true
6606,Dark warrior,wilderness_dark_warrior,0,808 819 820 821 822,true
6607,Elder Chaos druid,wilderness_chaos_druid,0,808 819 820 821 822,true
6608,Ankou,wilderness_ankou,0,808 819 820 821 822,false
6609,Callisto,callisto,2109,10011 10009,true
6610,Venenatis,venenatis,2106,9986 9988,true
6611,Vet'ion,vetion,2104,9965 9967,true
6612,Vet'ion,vetion_2,2104,9966 9968,true
6613,Skeleton Hellhound,vetion_hellhound_jnr,1491,6580 6577,true
6614,Greater Skeleton Hellhound,vetion_hellhound_snr,1491,6580 6577,true
6615,Scorpia,scorpia,1426,6252 6262,false
6616,Scorpia's offspring,scorpia_minion,1426,6258 6257,false
6617,Scorpia's guardian,scorpia_guardian,1426,6258 6257,false
6618,Crazy archaeologist,crazy_archaeologist,0,3846 819 820 821 822,true
6619,Chaos Fanatic,chaos_fanatic,0,2770 2769,true
6620,Miniature chaotic clouds,mini_chaos_ele,64,3144 3145,false
6621,<col=00ffff>Boulder</col>,wilderness_gwd_boulder,1403,6120,true
6622,,wilderness_gwd_boulder_moving,1403,6120,true
6624,Energy sprite,clanwars_teleport_power,485,1039,true
6626,Dagannoth Supreme Jr.,poh_supreme_pet,16,2850 2849,false
6627,Dagannoth Prime Jr.,poh_prime_pet,16,2850 2849,false
6628,Dagannoth Supreme Jr.,supreme_pet,16,2850 2849,false
6629,Dagannoth Prime Jr.,prime_pet,16,2850 2849,false
6630,Dagannoth Rex Jr.,rex_pet,16,2850 2849,true
6631,Kree'arra Jr.,armadyl_pet,1575,7166 7167,true
6632,General Graardor Jr.,bandos_pet,1003,7017 7016,true
6633,Zilyana Jr.,saradomin_pet,1574,6966 6965,true
6634,K'ril Tsutsaroth Jr.,zamorak_pet,1078,6935 4070,true
6635,Baby Mole,mole_pet,121,3309 3313,true
6636,Prince Black Dragon,kbd_pet,1080,90 4635,true
6637,Kalphite Princess,kq_pet_flying,1425,6236,true
6638,Kalphite Princess,kq_pet_walking,1422,6239 6238,true
6639,Smoke Devil,smoke_pet,1619,1829 1828,true
6640,Kraken,kraken_pet,666,3989,true
6641,Dagannoth Rex Jr.,poh_rex_pet,16,2850 2849,true
6642,Penance Pet,poh_penance_pet,1265,5410 5409,true
6643,Kree'arra Jr.,poh_armadyl_pet,1575,6976 6977,true
6644,General Graardor Jr.,poh_bandos_pet,1003,7017 7016,true
6645,Miner,motherlode_miner_9,297,101 98,true
6646,Zilyana Jr.,poh_saradomin_pet,1574,6966 6965,true
6647,K'ril Tsutsaroth Jr.,poh_zamorak_pet,1078,6935 4070,true
6648,Lokar Searunner,lunar_fremennik_pirate_1op,0,808 819 820 821 822,true
6649,Captain Bentley,lunar_pirate_captain_1op,0,808 819 820 821 822,true
6650,Captain Bentley,lunar_pirate_captain_2ops,0,808 819 820 821 822,true
6651,Baby Mole,poh_mole_pet,121,3309 3313,true
6652,Prince Black Dragon,poh_kbd_pet,1080,90 4635,true
6653,Kalphite Princess,poh_kq_pet_flying,1425,6236,true
6654,Kalphite Princess,poh_kq_pet_walking,1422,6239 6238,true
6655,Smoke Devil,poh_smoke_pet,1619,1829 1828,true
6656,Kraken,poh_kraken_pet,666,3989,true
6661,Clockwork cat,poh_toy_cat_menagerie,280,317 314,true
6662,Cat,poh_growncat_default,280,317 314,true
6663,Cat,poh_growncat_light,280,317 314,true
6664,Cat,poh_growncat_brown,280,317 314,true
6665,Cat,poh_growncat_black,280,317 314,true
6666,Cat,poh_growncat_browngrey,280,317 314,true
6667,Cat,poh_growncat_bluegrey,280,317 314,true
6668,Hellcat,poh_growncat_hell,280,317 314,false
6674,Penance Pet,penance_pet,1265,5410 5409,true
6675,Waydar,mm_waydar_1op,2402,2331 12042,true
6676,Overgrown cat,poh_overgrowncat_default,280,317 314,true
6677,Overgrown cat,poh_overgrowncat_light,280,317 314,true
6678,Overgrown cat,poh_overgrowncat_brown,280,317 314,true
6679,Overgrown cat,poh_overgrowncat_black,280,317 314,true
6680,Overgrown cat,poh_overgrowncat_browngrey,280,317 314,true
6681,Overgrown cat,poh_overgrowncat_bluegrey,280,317 314,true
6682,Overgrown hellcat,poh_overgrowncat_hell,280,317 314,false
6683,Lazy cat,poh_lazycat_default,280,317 314,true
6684,Lazy cat,poh_lazycat_light,280,317 314,true
6685,Lazy cat,poh_lazycat_brown,280,317 314,true
6686,Lazy cat,poh_lazycat_black,280,317 314,true
6687,Lazy cat,poh_lazycat_browngrey,280,317 314,true
6688,Lazy cat,poh_lazycat_bluegrey,280,317 314,true
6689,Lazy hellcat,poh_lazycat_hell,280,317 314,false
6690,Wily cat,poh_wileycat_default,280,317 314,true
6691,Wily cat,poh_wileycat_light,280,317 314,true
6692,Wily cat,poh_wileycat_brown,280,317 314,true
6693,Wily cat,poh_wileycat_black,280,317 314,true
6694,Wily cat,poh_wileycat_browngrey,280,317 314,true
6695,Wily cat,poh_wileycat_bluegrey,280,317 314,true
6696,Wily hellcat,poh_wileycat_hell,280,317 314,false
6703,Financial Wizard,deadman_wizard,0,808 819 820 821 822,true
6704,,deadman_guard_catherby,0,808 819 820 821 822,true
6705,,deadman_guard_ardougne,0,808 819 820 821 822,true
6706,,deadman_guard_yanille,0,808 819 820 821 822,true
6707,,deadman_guard_falador,0,808 819 820 821 822,true
6708,,deadman_guard_varrock,0,808 819 820 821 822,true
6709,,deadman_guard_lumbridge,0,808 819 820 821 822,true
6710,,deadman_guard_portphas,0,808 819 820 821 822,true
6711,,deadman_guard_sophanem,0,813 1205 1206 1207 1208,true
6712,,deadman_guard_ja,0,808 819 820 821 822,true
6713,,deadman_guard_voidknight,0,808 819 820 821 822,true
6714,,deadman_guard_rellekka,0,813 819 820 821 822,true
6715,Heron,poh_skillpet_fish,1538,6772 6774,true
6716,Chaotic death spawn,superior_nechryael_melee_spawn,0,1539,false
6717,,gotr_cordelia,0,808 819 820 821 822,true
6718,Baby Chinchompa,poh_skillpet_hunter_red,1203,5182 5181,true
6719,Baby Chinchompa,poh_skillpet_hunter_grey,1203,5182 5181,true
6720,Baby Chinchompa,poh_skillpet_hunter_black,1203,5182 5181,true
6721,Baby Chinchompa,poh_skillpet_hunter_gold,1203,5182 5181,true
6722,Heron,skillpet_fish,1538,6772 6774,true
6723,Chaotic death spawn,superior_nechryael_ranged_spawn,0,1539,false
6724,Friendly Forester,forestry_forester_storage,0,10084 819 820 821 822,true
6725,Rock Golem,fairy2_golemguardian_1,310,155 152,true
6726,Rock Golem,fairy2_golemguardian_2,310,155 152,true
6727,Rock Golem,fairy2_golemguardian_3,310,155 152,true
6728,Rock Golem,fairy2_golemguardian_4,310,155 152,true
6729,Rock Golem,fairy2_golemguardian_5,310,155 152,true
6730,Rock Golem,fairy2_golemguardian_6,310,155 152,true
6731,Fishing spot,fairy2_fakefish,1701,7634,false
6732,River troll,fairy2_rivertrollguardian_1,461,286 283,true
6733,River troll,fairy2_rivertrollguardian_2,461,286 283,true
6734,River troll,fairy2_rivertrollguardian_3,461,286 283,true
6735,River troll,fairy2_rivertrollguardian_4,461,286 283,true
6736,River troll,fairy2_rivertrollguardian_5,461,286 283,true
6737,River troll,fairy2_rivertrollguardian_6,461,286 283,true
6738,Postie Pete,grab_postman,328,3948 3947,true
6739,Evil Chicken,evil_chicken,332,2298 2297,true
6740,Shade,macro_shade,0,15 13,true
6741,Zombie,macro_zombie,1288,5572 5570 5790 5788 5789,true
6742,Mysterious Old Man,macro_cubenpc,0,808 819 820 821 822,true
6743,Sergeant Damien,macro_drilldemon_invitation,0,808 819 820 821 822,true
6744,Flippa,pinball_invitation,461,4010 1139,true
6745,Leo,macro_gravedigger,0,2561 2562,true
6746,Leo,macro_gravedigger_invitation,0,2561 2562,true
6747,Bee keeper,macro_beekeeper_invitation,0,808 819 820 821 822,true
6748,Freaky Forester,macro_forester_invitation,0,808 819 820 821 822,true
6749,Dunce,pattern_invitation,1240,171 168,false
6750,Mysterious Old Man,macro_mysterious_old_man,0,808 819 820 821 822,true
6751,Mysterious Old Man,macro_mysterious_old_man_underwater,0,808 819 820 821 822,true
6752,Mysterious Old Man,macro_maze_invitation,0,808 819 820 821 822,true
6753,Mysterious Old Man,macro_mime_invitation,0,808 819 820 821 822,true
6754,Evil Bob,macro_evil_bob_prison,280,317 314,true
6755,Quiz Master,macro_magneson_invitation,0,808 819 820 821 822,true
6756,Baby Chinchompa,skillpet_hunter_red,1203,5182 5181,true
6757,Baby Chinchompa,skillpet_hunter_grey,1203,5182 5181,true
6758,Baby Chinchompa,skillpet_hunter_black,1203,5182 5181,true
6759,Baby Chinchompa,skillpet_hunter_gold,1203,5182 5181,true
6760,,shayzien_armour_3_challenge,0,808 819 820 821 822,true
6761,,shayzien_armour_4_challenge,0,813 1205 1206 1207 1208,true
6762,Pyrelord,slayer_pyrebeast_1,811,1578 1579,false
6763,,shayzien_armour_5_challenge,0,808 819 820 821 822,true
6764,,piscarilius_captain_khaled_multi,0,808 819 820 821 822,true
6765,,mm2_monkey_banker,588,1386 1380,true
6766,Lizardman shaman,zeah_lizardshaman_1,1633,7191 7195,true
6767,Lizardman shaman,zeah_lizardshaman_2,1633,7191 7195,true
6768,Spawn,zeah_lizardshaman_spawn,1633,7191 7195,true
6769,Osten,osten,0,808 819 820 821 822,true
6770,,vmq1_alina,0,808 819 820 821 822,true
6771,Drew,grinder_drew,0,808 819 820 821 822,true
6772,,vmq1_noah,0,808 819 820 821 822,true
6773,Doomsayer,doomsayer_normal,0,813 1146 820 821 822,true
6774,Doomsayer,doomsayer_deadman,0,813 1146 820 821 822,true
6775,Gallow,hosidius_vintner,0,808 819 820 821 822,true
6777,<col=ff9040>Maze Guardian</col>,magictraining_guard_maze_incomplete,44,3033,true
6778,,magictraining_guard_maze_moving,44,3033,true
6779,Maze Guardian,magictraining_guard_maze_complete,44,3033 3034,true
6780,,vmq1_guard_sergeant,0,808 819 820 821 822,true
6781,,vmq1_guard_sergeant_roof,0,808 819 820 821 822,true
6782,,vmq1_itzla,0,808 819 820 821 822,true
6783,,vmq1_knight_1_castle,0,808 819 820 821 822,true
6784,Fishing spot,0_47_59_lavafish,735,525,true
6785,,vmq1_knight_2_castle,0,808 819 820 821 822,true
6786,,vmq1_bag_guard_varrock,0,10683 10682,true
6787,,vmq1_bandit_1_varrock,0,808 819 820 821 822,true
6788,,vmq1_bandit_2_varrock,0,808 819 820 821 822,true
6789,,vmq1_bandit_3_varrock,0,808 819 820 821 822,true
6790,,vmq1_bandit_4_varrock,0,808 819 820 821 822,true
6791,,vmq1_bandit_4_cell,0,808 819 820 821 822,true
6793,Hell-Rat Behemoth,hundred_dave_bigrat,326,2704 2703,false
6794,Monkey Archer,mm_monkey_ninja_teaser,588,1386 1380,true
6795,Pyrelord,slayer_pyrebeast_2,811,1578 1579,false
6796,,mm_monkey_ninja_teaser_multi,588,1386 1380,true
6797,Nieve,slayer_master_nieve,0,813 1205 1206 1207 1208,true
6798,Steve,slayer_master_steve,0,813 1205 1206 1207 1208,true
6799,Steve,wyvern_cave_steve,0,808 819 820 821 822,true
6801,Pieve,wyvern_cave_pieve,0,808 819 820 821 822,true
6803,Maniacal monkey,mm2_maniacal_monkey,320,222 219,false
6804,Kruk,mm2_kruk_noncombat,588,1386 1385,true
6805,Kruk,mm2_kruk_combat,588,1386 1385,true
6806,Assistant Le Smith,mm2_le_smith,2402,2331 12042,true
6807,,mm2_le_smith_pos1_multi,2402,2331 12042,true
6808,,mm2_le_smith_pos2_multi,2402,2331 12042,true
6809,,mm2_le_smith_pos3_multi,2402,2331 12042,true
6810,,mm2_le_smith_pos4_multi,2402,2331 12042,true
6811,Monkey guard,mm2_monkey_boat_guard,588,1386 1380,true
6812,Awowogei,mm2_awowogei,588,1386 1380,true
6813,Monkey Archer,mm2_monkey_archer,588,1386 1380,true
6814,Lammy Langle,farming_gardener_spirit_tree_4,2402,2331 12042,true
6815,Man,death_man_indoors1,0,813 1146 820 821 822,true
6816,Gee,lumbridge_guide2_man,0,813 1205 1206 1207 1208,true
6817,Great blue heron,poh_skillpet_fish_tempoross,1538,6772 6774,true
6818,Man,man_indoor,0,808 819 820 821 822,true
6823,Town Crier,pmod_town_crier_zeah,0,6864 6867,true
6824,Giant bat,bat_unaggressive,1153,4914 4913,false
6825,Rod Fishing spot,piscariliusfish,1701,7634,false
6826,Wounded soldier,shayzien_wounded_down_1_north,0,6282,true
6827,Wounded soldier,shayzien_wounded_up_1_north,0,6284,true
6828,Wounded soldier,shayzien_wounded_down_1_south,0,6282,true
6829,Wounded soldier,shayzien_wounded_up_1_south,0,6284,true
6830,Wounded soldier,shayzien_wounded_down_1_west,0,6282,true
6831,Wounded soldier,shayzien_wounded_up_1_west,0,6284,true
6832,Wounded soldier,shayzien_wounded_down_1_east,0,6282,true
6833,Wounded soldier,shayzien_wounded_up_1_east,0,6284,true
6834,Wounded soldier,shayzien_wounded_down_2_north,0,6282,true
6835,Wounded soldier,shayzien_wounded_up_2_north,0,6284,true
6836,Wounded soldier,shayzien_wounded_down_2_south,0,6282,true
6837,Wounded soldier,shayzien_wounded_up_2_south,0,6284,true
6838,Wounded soldier,shayzien_wounded_down_2_west,0,6282,true
6839,Wounded soldier,shayzien_wounded_up_2_west,0,6284,true
6840,Wounded soldier,shayzien_wounded_down_2_east,0,6282,true
6841,Wounded soldier,shayzien_wounded_up_2_east,0,6284,true
6842,Wounded soldier,shayzien_wounded_down_3_north,0,6282,true
6843,Wounded soldier,shayzien_wounded_up_3_north,0,6284,true
6844,Wounded soldier,shayzien_wounded_down_3_south,0,6282,true
6845,Wounded soldier,shayzien_wounded_up_3_south,0,6284,true
6846,Wounded soldier,shayzien_wounded_down_3_west,0,6282,true
6847,Wounded soldier,shayzien_wounded_up_3_west,0,6284,true
6848,Wounded soldier,shayzien_wounded_down_3_east,0,6282,true
6849,Wounded soldier,shayzien_wounded_up_3_east,0,6284,true
6850,Wounded soldier,shayzien_wounded_down_4_north,0,6282,true
6851,Wounded soldier,shayzien_wounded_up_4_north,0,6284,true
6852,Wounded soldier,shayzien_wounded_down_4_south,0,6282,true
6853,Wounded soldier,shayzien_wounded_up_4_south,0,6284,true
6854,Wounded soldier,shayzien_wounded_down_4_west,0,6282,true
6855,Wounded soldier,shayzien_wounded_up_4_west,0,6284,true
6856,Wounded soldier,shayzien_wounded_down_4_east,0,6282,true
6857,Wounded soldier,shayzien_wounded_up_4_east,0,6284,true
6858,Look-out,shayzien_northern_guardian,0,2561 2562,true
6859,Banker,shayzien_banker_m_north,0,808 819 820 821 822,true
6860,Banker,shayzien_banker_m_east,0,808 819 820 821 822,true
6861,Banker,shayzien_banker_m_west,0,808 819 820 821 822,true
6862,Banker,shayzien_banker_f_north,0,808 819 820 821 822,true
6863,Banker,shayzien_banker_f_east,0,808 819 820 821 822,true
6864,Banker,shayzien_banker_f_west,0,808 819 820 821 822,true
6865,General Salara,shayzien_bosstent_strategist,0,808 819 820 821 822,true
6866,General Babacus,shayzien_bosstent_logistics,0,808 819 820 821 822,true
6867,General Kilian,shayzien_bosstent_engineer,0,808 819 820 821 822,true
6868,Soldier,shayzien_lizardfighter_1,0,2561 2562,true
6869,Soldier,shayzien_lizardfighter_2,0,808 819 820 821 822,true
6870,Soldier,shayzien_lizardfighter_3,0,808 819 820 821 822,true
6871,Soldier,shayzien_lizardfighter_4,0,813 1205 1206 1207 1208,true
6872,New Recruit Tony,shayzien_outofplace_soldier,0,808 819 820 821 822,true
6873,Nurse Wooned,shayzien_nurse1,0,808 819 820 821 822,true
6874,Nurse Inn'Juree,shayzien_nurse2,0,808 819 820 821 822,true
6875,Nurse Boubou,shayzien_nurse_info,0,808 819 820 821 822,true
6876,Captain Rachelle,zeah_general_central,0,2561 2562,true
6877,Soldier,shayzien_handholds_guard,0,6284,true
6878,Soldier,shayzien_trainee_1,0,808 819 820 821 822,true
6879,Soldier,shayzien_trainee_2,0,808 819 820 821 822,true
6880,Soldier,shayzien_trainee_3,0,808 819 820 821 822,true
6881,Ranger,shayzien_ranger,0,808 819 820 821 822,true
6882,Drill Sergeant,shayzien_exercise_commander,0,808 819 820 821 822,true
6883,Soldier,shayzien_exercise_1_a,0,808 819 820 821 822,true
6884,Soldier,shayzien_exercise_1_b,0,808 819 820 821 822,true
6885,Soldier,shayzien_exercise_1_c,0,808 819 820 821 822,true
6886,Soldier,shayzien_exercise_1_d,0,808 819 820 821 822,true
6887,Soldier,shayzien_exercise_1_e,0,808 819 820 821 822,true
6888,Soldier,shayzien_exercise_1_f,0,808 819 820 821 822,true
6889,Soldier,shayzien_exercise_2_a,0,808 819 820 821 822,true
6890,Soldier,shayzien_exercise_2_b,0,808 819 820 821 822,true
6891,Soldier,shayzien_exercise_2_c,0,808 819 820 821 822,true
6892,Soldier,shayzien_exercise_2_d,0,808 819 820 821 822,true
6893,Soldier,shayzien_exercise_2_e,0,808 819 820 821 822,true
6894,Soldier,shayzien_exercise_2_f,0,808 819 820 821 822,true
6895,Captain Ginea,shayzien_crime_controller,0,808 819 820 821 822,true
6896,Gangster,shayzien_criminal_1,0,808 819 820 821 822,true
6897,Gangster,shayzien_criminal_2,0,808 819 820 821 822,true
6898,Gangster,shayzien_criminal_3,0,813 1205 1206 1207 1208,true
6899,Gangster,shayzien_criminal_4,0,808 819 820 821 822,true
6900,Gang boss,shayzien_criminal_boss_1_chatting,0,808 819 820 821 822,true
6901,Gang boss,shayzien_criminal_boss_1_fighting,0,808 819 820 821 822,true
6902,Gang boss,shayzien_criminal_boss_2_chatting,0,808 819 820 821 822,true
6903,Gang boss,shayzien_criminal_boss_2_fighting,0,808 819 820 821 822,true
6904,Soldier (tier 1),shayzien_armour_1_noncombat,0,2561 2562,true
6905,Soldier (tier 1),shayzien_armour_1_combat,0,2561 2562,true
6906,Soldier (tier 2),shayzien_armour_2_noncombat,0,808 819 820 821 822,true
6907,Soldier (tier 2),shayzien_armour_2_combat,0,808 819 820 821 822,true
6908,Soldier (tier 3),shayzien_armour_3_noncombat,0,808 819 820 821 822,true
6909,Soldier (tier 3),shayzien_armour_3_combat,0,808 819 820 821 822,true
6910,Soldier (tier 4),shayzien_armour_4_noncombat,0,813 1205 1206 1207 1208,true
6911,Soldier (tier 4),shayzien_armour_4_combat,0,813 1205 1206 1207 1208,true
6912,Soldier (tier 5),shayzien_armour_5_noncombat,0,808 819 820 821 822,true
6913,Soldier (tier 5),shayzien_armour_5_combat,0,808 819 820 821 822,true
6914,Lizardman,zeah_lizardman_1_vn,1633,7191 7195,true
6915,Lizardman,zeah_lizardman_1_vp,1633,7191 7195,true
6916,Lizardman,zeah_lizardman_2_vn,1633,7191 7195,true
6917,Lizardman,zeah_lizardman_2_vp,1633,7191 7195,true
6918,Lizardman brute,zeah_lizardman_3_vn,1633,7191 7195,true
6919,Lizardman brute,zeah_lizardman_3_vp,1633,7191 7195,true
6920,Farmer Gricoller,hosidius_tithe_farmer,0,4073,false
6921,Marisi,hosidius_allotment_gardener,0,808 819 820 821 822,true
6922,Konoo,hosidius_saltpetre_miner,0,2163 2164,true
6923,,vmq1_guard_1,0,6393 819 820 821 822,true
6924,,vmq1_guard_2,0,808 819 820 821 822,true
6925,,vmq1_guard_3,0,808 819 820 821 822,true
6926,Ewesey,hosidius_servery_chef,0,808 819 820 821 822,true
6927,Servery assistant,hosidius_servery_waiter_n,0,808 819 820 821 822,true
6928,Servery assistant,hosidius_servery_waiter_s,0,808 819 820 821 822,true
6929,Soldier,hosidius_servery_diner_south_1,0,7186,false
6930,Soldier,hosidius_servery_diner_south_2,0,7059,false
6931,Soldier,hosidius_servery_diner_south_3,0,7059,false
6932,Soldier,hosidius_servery_diner_south_4,0,7186,false
6933,Soldier,hosidius_servery_diner_north_1,0,7059,false
6934,Soldier,hosidius_servery_diner_north_2,0,7059,false
6935,Soldier,hosidius_servery_diner_north_3,0,7059,false
6936,Soldier,hosidius_servery_diner_north_4,0,7186,false
6937,Ramocean,hosidius_citykitchen_chef,0,813 1205 1206 1209,true
6938,Talia,hosidius_citykitchen_assistant,0,808 819 820 821 822,true
6939,Banker,hosidius_banker_m_west,0,808,true
6940,Banker,hosidius_banker_m_east,0,808,true
6941,Banker,hosidius_banker_f_west,0,808,true
6942,Banker,hosidius_banker_f_east,0,808,true
6943,Horace,hosidius_generalstore,0,808 819 820 821 822,true
6944,Vannah,hosidius_farmingstore,0,808 819 820 821 822,true
6945,Logava,hosidius_foodstore,0,808 819 820 821 822,true
6946,,pmod_town_crier_kingstown,0,6864 6867,true
6947,Farmer,hosidius_drunken_farmer_boss_1,0,3040 3039,true
6948,Farmer,hosidius_drunken_farmer_boss_2,0,3040 3039,true
6949,Farmer,hosidius_drunken_farmer_1,0,3040 3039,true
6950,Farmer,hosidius_drunken_farmer_2,0,3040 3039,true
6951,Farmer,hosidius_drunken_farmer_3,0,2770 2769,true
6952,Farmer,hosidius_drunken_farmer_4,0,2770 2769,true
6953,Golova,hosidius_bartender_1,0,808 819 820 821 822,true
6954,Richard,hosidius_bartender_2,0,808 819 820 821 822,true
6955,Father Jean,hosidius_cleric,0,808 819 820 821 822,true
6956,Monk,hosidius_monk,0,808 819 820 821 822,true
6957,Dale,hosidius_chief_farmer,0,808 819 820 821 822,true
6958,,elias_white_jolly_boar,0,808 819 820 821 822,true
6959,Farmer,hosidius_farmer_farming1,0,1728 1205 1206 1207 1208,true
6960,Farmer,hosidius_farmer_farming2,0,1728 1205 1206 1207 1208,true
6961,Farmer,hosidius_farmer_farming3,0,1728 1205 1206 1207 1208,true
6962,Farmer Hayfield,hosidius_private_gardener,0,808 819 820 821 822,true
6963,Frankie,piscarilius_fish_trader,0,808 819 820 821 822,true
6964,Tynan,piscarilius_fishing_supplies_trader,0,808 819 820 821 822,true
6965,Nicholas,piscarilius_grub_hunter,0,808 819 820 821 822,true
6966,Dockmaster,piscarilius_dockmaster,0,808 819 820 821 822,true
6967,Dock worker,piscarilius_dockworker_repair,0,808 819 820 821 822,true
6968,Dock worker,piscarilius_dockworker_deliver,0,808 819 820 821 822,true
6969,Banker,piscarilius_banker_1,0,808 819 820 821 822,true
6970,Banker,piscarilius_banker_2,0,808 819 820 821 822,true
6971,Captain Khaled,piscarilius_captain_khaled_default,0,808 819 820 821 822,true
6972,Captain Khaled,piscarilius_captain_khaled_task,0,808 819 820 821 822,true
6973,Patrolman,piscarilius_patrolman_nw_1,0,808 819 820 821 822,true
6974,Patrolman,piscarilius_patrolman_nw_2,0,808 819 820 821 822,true
6975,Patrolman,piscarilius_patrolman_n_1,0,808 819 820 821 822,true
6976,Patrolwoman,piscarilius_patrolman_n_2,0,808 819 820 821 822,true
6977,Patrolman,piscarilius_patrolman_n_3,0,808 819 820 821 822,true
6978,Patrolwoman,piscarilius_patrolman_s_1,0,808 819 820 821 822,true
6979,Patrolman,piscarilius_patrolman_sw_1,0,808 819 820 821 822,true
6980,Patrolman,piscarilius_patrolman_idle,0,808 819 820 821 822,true
6982,Poor looking man,piscarilius_poor_citizen,0,808 819 820 821 822,true
6983,Poor looking man,piscarilius_poor_citizen_2,0,808 819 820 821 822,true
6984,Poor looking woman,piscarilius_poor_citizen_female,0,808 819 820 821 822,true
6985,Poor looking woman,piscarilius_poor_citizen_female_2,0,808 819 820 821 822,true
6986,Leenz,piscarilius_generalstore_keeper,0,808 819 820 821 822,true
6987,Man,zeah_man,0,808 819 820 821 822,true
6988,Man,zeah_man2,0,808 819 820 821 822,true
6989,Man,zeah_man3,0,808 819 820 821 822,true
6990,Woman,zeah_woman,0,808 819 820 821 822,true
6991,Woman,zeah_woman2,0,808 819 820 821 822,true
6992,Woman,zeah_woman3,0,808 819 820 821 822,true
6993,Pirate,zeah_pirate1,0,808 819 820 821 822,true
6994,Pirate,zeah_pirate2,0,808 819 820 821 822,true
6995,Pirate,zeah_pirate3,0,808 819 820 821 822,true
6996,Mugger,zeah_mugger,0,808 819 820 821 822,true
6997,Dark wizard,zeah_dock_dark_wizard,0,808 819 820 821 822,false
6998,Pirate,zeah_dock_pirate1,0,808 819 820 821 822,true
6999,Port Official,zeah_dock_parking_attendant,0,808 819 820 821 822,true
7000,Captain Janaway,zeah_dock_captain_janaway,0,808 819 820 821 822,true
7001,Port worker,zeah_dock_worker,0,808 819 820 821 822,true
7002,Mark,zeah_dock_passenger_01,0,813 1146 820 821 822,true
7003,Cheryl,zeah_dock_passenger_02,0,813 1205 1206 1207 1208,true
7004,Charles,zeah_dock_passenger_03,0,808 819 820 821 822,true
7005,Sarah,zeah_dock_passenger_04,0,808 819 820 821 822,true
7006,Darren,zeah_dock_passenger_05,0,808 819 820 821 822,true
7007,Melvin,zeah_dock_passenger_06,0,808 819 820 821 822,true
7008,Simon,zeah_dock_passenger_07,0,808 819 820 821 822,true
7009,Andrea,zeah_dock_passenger_08,0,808 6531 6532 821 822,true
7010,Elizabeth,zeah_dock_passenger_09,0,808 6531 6532 821 822,true
7011,Lorraine,zeah_dock_passenger_10,0,808 6531 6532 821 822,true
7012,Ross and Ben,zeah_dock_passenger_11,1476,6411 6410,true
7013,Dobwinkle,zeah_dock_passenger_12,2402,2331 12042,false
7014,Alexander,zeah_dock_passenger_13,0,808 819 820 821 822,true
7015,Charlie Brown,zeah_dock_rng_monk,0,808 819 820 821 822,true
7016,,asteros_arceuus,1862,8201,true
7017,,akd_martin_holt_kingstown,0,808 819 820 821 822,true
7018,Reanimated goblin,arceuus_reanimated_goblin,308,311 308,false
7019,Reanimated monkey,arceuus_reanimated_monkey,320,222 219,true
7020,Reanimated imp,arceuus_reanimated_imp,1240,171 168,true
7021,Reanimated minotaur,arceuus_reanimated_minotaur,990,4264 4263,true
7022,Reanimated scorpion,arceuus_reanimated_scorpion,1426,6252 6253,true
7023,Reanimated bear,arceuus_reanimated_bear,1151,4919 4923,false
7024,Reanimated unicorn,arceuus_reanimated_unicorn,1472,6374 6373,false
7025,Reanimated dog,arceuus_reanimated_dog,1491,6561 6560,true
7026,Reanimated chaos druid,arceuus_reanimated_chaosdruid,0,808 819 820 821 822,true
7027,Reanimated giant,arceuus_reanimated_giant,1081,4650 4649,false
7028,Reanimated ogre,arceuus_reanimated_ogre,321,357 358,true
7029,Reanimated elf,arceuus_reanimated_elf,0,808 819 820 821 822,true
7030,Reanimated troll,arceuus_reanimated_troll,461,927 1141,true
7031,Reanimated horror,arceuus_reanimated_horror,974,4231 4236,true
7032,Reanimated kalphite,arceuus_reanimated_kalphite,1422,6219 6222,true
7033,Reanimated dagannoth,arceuus_reanimated_dagannoth,538,1338 1339,true
7034,Reanimated bloodveld,arceuus_reanimated_bloodveld,798,1551 1549,true
7035,Reanimated TzHaar,arceuus_reanimated_tzhaar,158,2603 2601,true
7036,Reanimated demon,arceuus_reanimated_demon,1078,66 63,true
7037,Reanimated aviansie,arceuus_reanimated_aviansie,1574,6952 6953,true
7038,Reanimated abyssal,arceuus_reanimated_abyssal,795,1536 1534,true
7039,Reanimated dragon,arceuus_reanimated_dragon,1080,90 79,true
7040,Clerris,arceuus_essencebuyer,1862,8201,true
7041,Okina,arceuus_bloodguardian,1862,8201,true
7042,Aretha,arceuus_soulguardian,1862,8201,true
7043,Sister Soul Jar,sister_soul_jar,0,866,true
7044,Logosia,arceuus_library_librarian,1862,8201,true
7045,Biblia,arceuus_library_assistant,1862,8201,true
7046,Horphis,arceuus_library_customer_1,1862,8201,false
7047,Villia,arceuus_library_customer_2,1862,8201,true
7048,Professor Gracklebone,arceuus_library_customer_3,2402,2331 12042,true
7049,Sam,arceuus_library_customer_4,0,808 819 820 821 822,true
7050,Tyss,arceuus_darkguardian,1862,8201,false
7051,Trossa,arceuus_fairyring_curator,1862,8201,false
7052,Tower Mage,arceuus_towerguardian,1862,8201,false
7053,Rassain,arceuus_bartender,1862,8201,false
7054,Mofina,arceuus_cleric,1862,8201,true
7055,Novice,arceuus_novice,1862,8201,false
7056,Regath,arceuus_generalstore,1862,8201,true
7057,Banker,arceuus_banker_1_west,1862,8201,false
7058,Banker,arceuus_banker_1_east,1862,8201,false
7059,Banker,arceuus_banker_2_west,1862,8201,true
7060,Banker,arceuus_banker_2_east,1862,8201,true
7061,Batt Mellamy,arceuus_petbat,1153,4914,false
7062,Freald,arceuus_petbat_owner,1862,8201,false
7063,Cob,cob_the_bat,1153,4914 4913,false
7064,Dark wizard,arceuus_darkwizard_reading,0,1350 819 820 821 822,false
7065,Dark wizard,arceuus_darkwizard_reading_notalk,0,1350 819 820 821 822,false
7066,Wizard,arceuus_wizard_reading,0,1350 819 820 821 822,true
7067,Wizard,arceuus_wizard_visitor,0,813 819 820 821 822,true
7068,Ouditor,arceuus_researcher,1862,8201,false
7069,Smoggy,lovakengj_charcoal_keeper,297,101 98,true
7070,,lovakengj_sulphur_gas,680,1261,true
7071,Toothy,lovakengj_sulphur_keeper,297,101 98,true
7072,Operator,lovakengj_blast_oreguard,297,101 98,false
7073,Operator,lovakengj_blast_hopperguard,297,101 98,false
7075,Mine supervisor,lovakengj_mine_supervisor_1,297,101 98,true
7076,Mine supervisor,lovakengj_mine_supervisor_2,297,101 98,true
7077,Banker,lovakengj_banker_f_west,297,2157,false
7078,Banker,lovakengj_banker_f_north,297,2157,false
7079,Banker,lovakengj_banker_f_east,297,2157,false
7080,Banker,lovakengj_banker_f_south,297,2157,false
7081,Banker,lovakengj_banker_m_east,297,101,true
7082,Banker,lovakengj_banker_m_south,297,101,true
7083,,vmq1_guard_4,0,6913 819 820 821 822,true
7084,,vmq1_guard_5,0,808 819 820 821 822,true
7085,,vmq1_guard_6,0,808 819 820 821 822,true
7086,,vmq1_guard_7,0,808 819 820 821 822,true
7087,,vmq1_guard_8,0,808 819 820 821 822,true
7088,Munty,lovakengj_generalstore,297,101 98,true
7089,Moggy,lovakengj_charcoal_mother,297,101 98,false
7090,Fuggy,lovakengj_bartender,297,101 98,true
7091,Miner,lovakengj_drunkard_boss,297,900 104,true
7092,Miner,lovakengj_drunkard_sub_1,297,900 104,true
7093,Miner,lovakengj_drunkard_sub_2,297,900 104,true
7094,Miner,lovakengj_drunkard_sub_3,297,900 104,false
7095,Tortured gorilla,mm2_tortured_gorilla_lab,1644,7230 7233,true
7096,Tortured gorilla,mm2_tortured_gorilla_lab_defeated,1644,7230 7233,true
7097,Tortured gorilla,mm2_tortured_gorilla_stronghold,1644,7230 7233,true
7098,Stunted demonic gorilla,mm2_tortured_gorilla_small,1644,7230 7233,true
7099,Kruk,mm2_player_gorilla,1644,7235 7234,true
7100,Glough,mm2_cavern_glough,2402,2331 12042,true
7101,Glough,mm2_demon_glough,1081,4650 4649,false
7102,Glough,mm2_demon_glough_nomove,1081,4650 4649,false
7103,Glough,mm2_demon_glough_cutscene,1081,4650 4649,false
7104,Keef,mm2_chieftan_keef_noncombat,321,357 358,true
7105,Keef,mm2_chieftan_keef_combat,321,357 358,true
7106,Kob,mm2_general_kob_noncombat,461,927 1141,true
7107,Kob,mm2_general_kob_combat,461,927 1141,true
7108,Nieve,mm2_nieve_waiting_vis,0,813 1205 1206 1207 1208,true
7109,Nieve,mm2_nieve_follower,0,813 1205 1206 1207 1208,true
7110,Nieve,mm2_nieve_follower_bossfight,0,813 1205 1206 1207 1208,true
7111,Garkor,mm2_garkor_breach,2402,2331 12042,true
7112,Lumo,mm2_lumo_breach,2402,2331 12042,true
7113,Zooknock,mm2_zooknock_postboss,2402,2331 12042,true
7114,Carado,mm2_carado_postboss,2402,2331 12042,true
7115,Glough,mm2_lab_glough,2402,2331 12042,true
7116,Looming shadow,mm2_airship_shadow,651,1290 1289,true
7117,Kineer,mm2_lost,0,808 819 820 821 822,true
7118,Maniacal monkey,mm2_maniacal_monkey_maze,588,1386 1382,true
7119,Maniacal Monkey Archer,mm2_monkey_archer_maze,588,1386 1380,true
7120,Oobapohk,mm2_javelinstoreowner,588,1386 1380,true
7121,Jumaane,mm2_monkey_banker_model,588,1386 1380,true
7122,Monkey guard,mm2_monkey_platform_guard_1,588,1386 1380,true
7123,Monkey guard,mm2_monkey_platform_guard_2,588,1386 1380,true
7124,Monkey guard,mm2_monkey_platform_guard_3,588,1386 1380,true
7125,Monkey guard,mm2_monkey_platform_guard_4,588,1386 1380,true
7126,Monkey guard,mm2_monkey_platform_guard_5,588,1386 1380,true
7127,Monkey guard,mm2_monkey_platform_guard_6,588,1386 1380,true
7128,Monkey guard,mm2_monkey_platform_guard_7,588,1386 1380,true
7129,Monkey guard,mm2_monkey_platform_guard_8,588,1386 1380,true
7130,Monkey guard,mm2_monkey_platform_guard_9,588,1386 1380,true
7131,Monkey guard,mm2_monkey_platform_guard_10,588,1386 1380,true
7132,Monkey guard,mm2_monkey_platform_guard_11a,588,1386 1380,true
7133,Monkey guard,mm2_monkey_platform_guard_11b,588,1386 1380,true
7134,Monkey guard,mm2_monkey_platform_guard_12,588,1386 1380,true
7135,Monkey guard,mm2_monkey_platform_guard_13,588,1386 1380,true
7136,Monkey guard,mm2_monkey_platform_guard_14,588,1386 1380,true
7137,Monkey guard,mm2_monkey_platform_guard_15,588,1386 1380,true
7138,Monkey guard,mm2_monkey_platform_guard_16,588,1386 1380,true
7139,Monkey guard,mm2_monkey_platform_guard_17,588,1386 1380,true
7140,Monkey guard,mm2_monkey_platform_guard_18,588,1386 1380,true
7141,Monkey guard,mm2_monkey_platform_guard_19,588,1386 1380,true
7142,Monkey guard,mm2_monkey_platform_guard_20,588,1386 1380,true
7143,Monkey guard,mm2_monkey_platform_guard_21,588,1386 1380,true
7144,Demonic gorilla,mm2_demon_gorilla_1_melee,1644,7230 7233,false
7145,Demonic gorilla,mm2_demon_gorilla_1_ranged,1644,7230 7233,false
7146,Demonic gorilla,mm2_demon_gorilla_1_magic,1644,7230 7233,false
7147,Demonic gorilla,mm2_demon_gorilla_2_melee,1644,7230 7233,false
7148,Demonic gorilla,mm2_demon_gorilla_2_ranged,1644,7230 7233,false
7149,Demonic gorilla,mm2_demon_gorilla_2_magic,1644,7230 7233,false
7150,Tortured gorilla,mm2_tortured_gorilla_1,1644,7230 7233,true
7151,Tortured gorilla,mm2_tortured_gorilla_2,1644,7230 7233,true
7152,Demonic gorilla,mm2_demon_gorilla_noncombat,1644,7230 7233,false
7153,Tortured gorilla,mm2_tortured_gorilla_noncombat,1644,7230 7233,true
7154,Assistant Lori,zep_assist_gno_replacement_vis,2402,2331 12042,true
7155,Fishing spot,0_28_56_saltfish,1701,7634,false
7156,Anita,gt_anita,2402,2331 12042,true
7157,Anita,mm2_anita_postquest,2402,2331 12042,true
7158,Garkor,mm_garkor_aa,2402,2331 12042,true
7159,Garkor,mm_garkor_gs,2402,2331 12042,true
7160,Lumo,mm_lumo_aa,2402,2331 12042,true
7161,Lumo,mm_lumo_gs,2402,2331 12042,true
7162,Bunkdo,mm_bunkdo_aa,2402,2331 12042,true
7163,Bunkdo,mm_bunkdo_gs,2402,2331 12042,true
7164,Carado,mm_carado_aa,2402,2331 12042,true
7165,Carado,mm_carado_gs,2402,2331 12042,true
7166,Bunkwicket,mm_bunkwicket_aa,2402,2331 12042,true
7167,Bunkwicket,mm_bunkwicket_gs,2402,2331 12042,true
7168,Waymottin,mm_waymottin_aa,2402,2331 12042,true
7169,Waymottin,mm_waymottin_gs,2402,2331 12042,true
7170,Zooknock,mm_zooknock_aa,2402,2331 12042,true
7171,Zooknock,mm_zooknock_gs,2402,2331 12042,true
7172,Karam,mm_karam_aa1,2402,1412 12042,true
7173,Karam,mm_karam_aa2,2402,1412 12042,true
7174,Karam,mm_karam_aa3,2402,1412 12042,true
7175,,mm_kruk_multi,588,1386 1385,true
7176,Duke,mm_duke_noncombat,588,1386 1385,true
7177,,mm_duke_postquest,588,1386 1385,true
7178,Captain Shoracks,pilot_apeatoll_model,2402,2331 12042,true
7179,,zep_assist_gno_replacement,2402,2331 12042,true
7180,,grandtree_anita,2402,2331 12042,true
7181,,mm_garkor,2402,2331 12042,true
7182,,mm2_garkor_postquest,2402,2331 12042,true
7183,,mm_lumo,2402,2331 12042,true
7184,,mm2_lumo_postquest,2402,2331 12042,true
7185,,mm_bunkdo,2402,2331 12042,true
7186,,mm2_bunkdo_postquest,2402,2331 12042,true
7187,,mm_carado,2402,2331 12042,true
7188,,mm2_carado_postquest,2402,2331 12042,true
7189,,mm_bunkwicket,2402,2331 12042,true
7190,,mm2_bunkwicket_postquest,2402,2331 12042,true
7191,,mm_waymottin,2402,2331 12042,true
7192,,mm2_waymottin_postquest,2402,2331 12042,true
7193,,mm_zooknock,2402,2331 12042,true
7194,,mm2_zooknock_postquest,2402,2331 12042,true
7195,,mm_karam,2402,1412 12042,true
7196,,mm_karam_talker,2402,1412 12042,true
7197,,mm2_karam_postquest,2402,2331 12042,true
7198,,pilot_apeatoll,2402,2331 12042,true
7199,Fishing spot,0_28_56_rarefish,1701,7634,false
7200,Fishing spot,0_28_56_memberfish,1701,7634,false
7201,Briget,shayzien_weaponshop,0,808 819 820 821 822,true
7202,Kenelme,piscarilius_foodshop,0,808 819 820 821 822,true
7203,Thyria,arceuus_runeshop,1862,8201,true
7204,Filamina,arceuus_staffshop,1862,8201,true
7205,Jarvald,viking_dagganoth_cave_ferryman_1op,0,813 819 820 821 822,true
7206,Sand Crab,zeah_sandcrab_small,539,1310 1311,true
7207,Sandy rocks,zeah_sandcrab_small_inactive,539,1315 1311,true
7208,,arcquest_mori,1862,8201,true
7209,Guard dog,hosidius_guarddog,1491,6561 6560,true
7212,Maniacal monkey,hunting_monkey,1648,786 7246,true
7214,Maniacal monkey,hunting_monkey_sans_tail_1,1648,786 7246,true
7215,Maniacal monkey,hunting_monkey_sans_tail_2,1648,786 7246,true
7216,Maniacal monkey,hunting_monkey_sans_tail_3,1648,786 7246,true
7217,,vmq1_guard_9,0,808 819 820 821 822,true
7218,,vmq1_guard_10,0,808 819 820 821 822,true
7219,Scurry,poh_scurrius_pet,2191,10687 10715,true
7220,,pmoon_zuma,0,808 819 820 821 822 824,true
7221,Scurrius,rat_boss_normal,2191,10687 10690 10691,true
7222,Scurrius,rat_boss_instance,2191,10687 10690 10691,true
7223,Giant rat,rat_boss_giant_rat,1152,4932 4931,false
7225,,rat_boss_giant_rat_patrol,1152,4932 4931,false
7226,Historian Aldo,rat_boss_biologist_op1,0,808 819,true
7227,Miriam,lovakengj_minecart_lovakengj,297,101 98,false
7228,Traxi,lovakengj_minecart_hosidius,297,101 98,false
7229,Raeli,lovakengj_minecart_piscarilius,297,101 98,false
7230,Mogrim,lovakengj_minecart_shayzien,297,101 98,true
7231,Loinur,lovakengj_minecart_arceuus,297,101 98,true
7232,Bloodhound,bloodhoundpet,1491,7269 7280,true
7233,Lucky impling,ii_impling_type_11,1494,6613 6614,false
7234,Ent,wcguild_ent,2450,12502 12500,false
7235,Berry,wcguild_guard,0,808 819 820 821 822,true
7236,Guildmaster Lars,wcguild_lars,0,808 819 820 821 822,true
7237,Murfet,wcguild_cave_guard,0,808 819 820 821 822,true
7238,Forester,wcguild_forester,0,808 819 820 821 822,true
7239,Kai,wcguild_kai,0,808 819 820 821 822,true
7240,Perry,wcguild_axeseller,0,808 819 820 821 822,true
7241,Abyssal demon,kourend_abyssal,795,1536 1534,true
7242,Black demon,kourend_black_demon_1,1078,66 63,true
7243,Black demon,kourend_black_demon_2,1078,66 63,true
7244,Greater demon,kourend_greater_demon1,1078,66 63,true
7245,Greater demon,kourend_greater_demon2,1078,66 63,true
7246,Greater demon,kourend_greater_demon3,1078,66 63,true
7247,Lesser demon,kourend_lesser_demon1,1078,66 63,true
7248,Lesser demon,kourend_lesser_demon2,1078,66 63,true
7249,Dust devil,kourend_dustdevil,804,1556 1554,false
7250,Dark beast,kourend_dark_beast,1503,2730 2729,true
7251,Fire giant,kourend_firegiant1,1081,4663 4661,true
7252,Fire giant,kourend_firegiant2,1081,4663 4661,true
7253,Bronze dragon,kourend_bronze_dragon,1080,90 79,true
7254,Iron dragon,kourend_iron_dragon,1080,90 79,true
7255,Steel dragon,kourend_steel_dragon,1080,90 79,true
7256,Hellhound,kourend_hellhound,1491,6561 6583,true
7257,Ankou,kourend_ankou,0,808 819 820 821 822,false
7258,Shade,kourend_shade,649,1282 1281,false
7259,Dagannoth,kourend_dagannoth1,538,1338 1339,true
7260,Dagannoth,kourend_dagannoth2,538,1338 1339,true
7261,Hill Giant,kourend_hillgiant,1081,4650 4649,false
7262,Moss giant,kourend_mossgiant,1081,4656 4654,false
7263,Ghost,kourend_ghost1,1289,5530 5531,true
7264,Ghost,kourend_ghost2,1289,5530 5531,true
7265,Skeleton,kourend_skeleton,1291,5483 5481,true
7266,King Sand Crab,kourend_rockcrab,539,1310 1311,true
7267,Sandy Boulder,kourend_rockcrab_inactive,539,1315 1311,true
7268,Possessed pickaxe,kourend_pickaxe,317,187 181,true
7269,Magic axe,kourend_magicaxe,317,187 181,true
7270,Cyclops,kourend_cyclops1,1081,4650 4649,false
7271,Cyclops,kourend_cyclops2,1081,4650 4649,false
7272,Twisted Banshee,kourend_banshee,796,1522 1521,false
7273,Brutal blue dragon,kourend_blue_dragon,1080,90 79,true
7274,Brutal red dragon,kourend_red_dragon,1080,90 79,true
7275,Brutal black dragon,kourend_black_dragon,1080,90 79,true
7276,Mutated Bloodveld,kourend_bloodveld,798,1551 1549,true
7277,Warped Jelly,kourend_jelly,807,1583 1584,true
7278,Greater Nechryael,kourend_nechryael,802,1527 1526,true
7279,Deviant spectre,kourend_spectre,815,1506 1505,true
7280,Kineer,cata_adventurer1,0,808 819 820 821 822,true
7281,Man,cata_man,0,808 819 820 821 822,true
7282,Pirate,cata_pirate,0,808 819 820 821 822,true
7283,Lillia,cata_wanderer,1862,8201,true
7286,Skotizo,cata_boss,1078,4675 4674,true
7287,Reanimated demon spawn,cata_boss_minion,1078,66 63,true
7288,Awakened Altar,cata_boss_altar_open_n,1649,1473,false
7289,Altar,cata_boss_altar_closed_n,1649,1471,false
7290,Awakened Altar,cata_boss_altar_open_e,1649,1473,false
7291,Altar,cata_boss_altar_closed_e,1649,1471,false
7292,Awakened Altar,cata_boss_altar_open_s,1649,1473,false
7293,Altar,cata_boss_altar_closed_s,1649,1471,false
7294,Awakened Altar,cata_boss_altar_open_w,1649,1473,false
7295,Altar,cata_boss_altar_closed_w,1649,1471,false
7296,Dark Ankou,cata_boss_ankou,0,808 819 820 821 822,false
7297,Mistag,lost_tribe_mistag_1op,1383,6040 6041,true
7298,Mistag,lost_tribe_mistag_2ops,1383,6040 6041,true
7299,Mistag,lost_tribe_mistag_3ops,1383,6040 6041,true
7300,Kazgar,lost_tribe_guide_2ops,1383,6006 6005,true
7301,Kazgar,lost_tribe_guide_3ops,1383,6006 6005,true
7302,Lucky impling,ii_impling_type_11_maze,1494,6613 6614,false
7303,Watson,trail_watson_pre_talk,0,808 819 820 821 822,true
7304,Watson,trail_watson_post_talk,0,808 819 820 821 822,true
7305,Gruff McScruff,watson_bloodhoundpet,1491,7269 7280,true
7306,Falo the Bard,trail_falo_the_bard,0,1321,true
7307,Ancient Wizard,trail_zaros_wizard,0,813 819 820 821 822,true
7308,Ancient Wizard,trail_zaros_range,0,4591 4226 4227 821 822,true
7309,Ancient Wizard,trail_zaros_melee,0,808 819 820 821 822,true
7310,Brassican Mage,trail_cabbage_mage,0,808 819 820 821 822,true
7311,Uri,trail_master_uri,0,808 819 820 821 822,true
7312,Double agent,double_agent_master,0,808 819 820 821 822,true
7313,,uri_emote,0,808 819 820 821 822,true
7316,Lisa,br_host_tutorial,0,808 819 820 821 822,true
7317,Lisa,br_host_main,0,808 819 820 821 822,true
7318,,vikingexile_brundt_multi,0,808 819 820 821 822,true
7319,,toad_inactive,380,1018 1021,true
7320,,br_host,0,808 819 820 821 822,true
7321,Nesty,wcguild_nesty,0,808 819 820 821 822,true
7322,,haskell_rellekka,0,808 819 820 821 822,true
7323,Fishing spot,0_19_55_brut_fishing_spot,1701,7634,false
7324,Holgart,holgartlandnotravel,0,813 1205 1206 1207 1208,true
7325,,dallas_jones_musa,0,808 819 820 821 822,true
7326,,dallas_jones_crandor_lair,0,808 819 820 821 822,true
7327,Rick,poh_servant_dogsbody_cutscene,0,808 819 820 821 822,true
7328,Maid,poh_servant_waiter_woman_cutscene,0,808 819 820 821 822,true
7329,Cook,poh_servant_cook_woman_cutscene,0,808 819 820 821 822,true
7330,Butler,poh_servant_maitre_d_man_cutscene,0,808 819 820 821 822,true
7331,Demon butler,poh_servant_demon_cutscene,0,808 819 820 821 822,true
7332,Fairy Fixit,fairy2_repair_1op,299,112 106,false
7333,Fairy Fixit,fairy2_repair_2ops,299,112 106,false
7334,Giant Squirrel,poh_skillpet_agility,1656,7309 7310,true
7335,Tangleroot,poh_skillpet_farming,1653,7312 7313,true
7336,Rocky,poh_skillpet_thieving,1654,7315 7316,true
7337,Rift guardian,poh_skillpet_runecrafting_fire,1655,7307 7306,true
7338,Rift guardian,poh_skillpet_runecrafting_air,1655,7307 7306,true
7339,Rift guardian,poh_skillpet_runecrafting_mind,1655,7307 7306,true
7340,Rift guardian,poh_skillpet_runecrafting_water,1655,7307 7306,true
7341,Rift guardian,poh_skillpet_runecrafting_earth,1655,7307 7306,true
7342,Rift guardian,poh_skillpet_runecrafting_body,1655,7307 7306,true
7343,Rift guardian,poh_skillpet_runecrafting_cosmic,1655,7307 7306,true
7344,Rift guardian,poh_skillpet_runecrafting_chaos,1655,7307 7306,true
7345,Rift guardian,poh_skillpet_runecrafting_nature,1655,7307 7306,true
7346,Rift guardian,poh_skillpet_runecrafting_law,1655,7307 7306,true
7347,Rift guardian,poh_skillpet_runecrafting_death,1655,7307 7306,true
7348,Rift guardian,poh_skillpet_runecrafting_soul,1655,7307 7306,true
7349,Rift guardian,poh_skillpet_runecrafting_astral,1655,7307 7306,true
7350,Rift guardian,poh_skillpet_runecrafting_blood,1655,7307 7306,true
7351,Giant Squirrel,skillpet_agility,1656,7309 7310,true
7352,Tangleroot,skillpet_farming,1653,7312 7313,true
7353,Rocky,skillpet_thieving,1654,7315 7316,true
7354,Rift guardian,skillpet_runecrafting_fire,1655,7307 7306,true
7355,Rift guardian,skillpet_runecrafting_air,1655,7307 7306,true
7356,Rift guardian,skillpet_runecrafting_mind,1655,7307 7306,true
7357,Rift guardian,skillpet_runecrafting_water,1655,7307 7306,true
7358,Rift guardian,skillpet_runecrafting_earth,1655,7307 7306,true
7359,Rift guardian,skillpet_runecrafting_body,1655,7307 7306,true
7360,Rift guardian,skillpet_runecrafting_cosmic,1655,7307 7306,true
7361,Rift guardian,skillpet_runecrafting_chaos,1655,7307 7306,true
7362,Rift guardian,skillpet_runecrafting_nature,1655,7307 7306,true
7363,Rift guardian,skillpet_runecrafting_law,1655,7307 7306,true
7364,Rift guardian,skillpet_runecrafting_death,1655,7307 7306,true
7365,Rift guardian,skillpet_runecrafting_soul,1655,7307 7306,true
7366,Rift guardian,skillpet_runecrafting_astral,1655,7307 7306,true
7367,Rift guardian,skillpet_runecrafting_blood,1655,7307 7306,true
7368,Phoenix,poh_phoenix_pet,1535,6809 6808,true
7369,Wesley,pestlemortar_crusher,0,7319,true
7370,Phoenix,phoenix_pet,1535,6809 6808,true
7371,Pyromancer,wint_wizard,0,4424 4426 4427 4428 4429,true
7372,Incapacitated Pyromancer,wint_wizard_down,0,6296 4426 4427 4428 4429,true
7373,,wint_fire,1657,7320,true
7374,Ignisia,wint_master_pyromancer,0,4424 4426 4427 4428 4429,true
7375,,arcquest_mori_postquest,1862,8201,true
7376,Esther,wint_wcguild_rep,0,4851 819 820 821 822,true
7377,Captain Kalt,wint_shay_guard,0,2256 819 820 821 822,true
7378,Ish the Navigator,wint_pisc_navigator,0,6284,true
7379,Winter Soldier,wint_soldier,0,808 819 820 821 822,true
7380,Cat,wint_troublecat,280,317 314,true
7381,Wintertoad,wint_toad,36,1796 1797,true
7382,,mourner_elena_guard,0,808 819 820 821 822,true
7384,Stumpy,blast_furnace_automaton_pedaller,0,3851,false
7385,Pumpy,blast_furnace_automaton_pumper,0,3850,false
7386,Dumpy,blast_furnace_automaton_stoker_empty,0,2163,true
7387,Dumpy,blast_furnace_automaton_stoker_coke,0,2163,true
7388,Crushing hand,superior_crawling_hand,801,1588 1589,true
7389,Chasm Crawler,superior_cave_crawler,799,226 225,false
7390,Screaming banshee,superior_banshee,87,7545 1104,true
7391,Screaming twisted banshee,superior_kourend_banshee,87,7545 1104,true
7392,Giant rockslug,superior_rockslug,812,1566 1564,false
7393,Cockathrice,superior_cockatrice,800,1561 1559,true
7394,Flaming pyrelord,superior_pyrefiend,811,1578 1579,false
7395,Monstrous basilisk,superior_basilisk,797,1545 1544,true
7396,Malevolent Mage,superior_infernal_mage,0,813 1205 1206 1207 1208,true
7397,Insatiable Bloodveld,superior_bloodveld,798,1551 1549,false
7398,Insatiable mutated Bloodveld,superior_kourend_bloodveld,798,1551 1549,false
7399,Vitreous Jelly,superior_jelly,807,1583 1584,true
7400,Vitreous Warped Jelly,superior_kourend_jelly,807,1583 1584,true
7401,Cave abomination,superior_cave_horror,974,4231 4236,false
7402,Abhorrent spectre,superior_abberant_spectre,1081,6371 6372,false
7403,Repugnant spectre,superior_kourend_spectre,1081,6371 6372,false
7404,Choke devil,superior_dustdevil,804,1556 1554,false
7405,King kurask,superior_kurask,974,4231 4236,false
7406,Nuclear smoke devil,superior_smoke_devil,1619,1829 1828,true
7407,Marble gargoyle,superior_gargoyle,1749,7810,true
7409,Night beast,superior_dark_beast,1503,2730 2729,false
7410,Greater abyssal demon,superior_abyssal_demon,795,1536 1534,false
7411,Nechryarch,superior_nechryael,1081,6371 6372,false
7412,Lieve McCracken,slayer_kraken_cove_lieve,0,2770 2769,true
7414,Count Check,count_check,0,808 819 820 821 822,true
7415,Bologa,hosidius_evilgrapegirl,0,808 819 820 821 822,true
7416,Obor,hillgiant_boss,1081,4650 4649,false
7417,Amy,con_contractor_3op,0,808 819 820 821 822,true
7418,Zamorak warrior,rc_zmi_melee,0,808 819 820 821 822,true
7419,Zamorak warrior,rc_zmi_melee2,0,808 819 820 821 822,true
7420,Zamorak ranger,rc_zmi_ranger,0,808 819 820 821 822,true
7421,Zamorak ranger,rc_zmi_ranger2,0,808 819 820 821 822,true
7422,Zamorak mage,rc_zmi_mage,0,808 819 820 821 822,true
7423,Zamorak mage,rc_zmi_mage2,0,808 819 820 821 822,true
7424,Cave lizard,rc_zmi_lizard,1621,7324 7325,true
7425,Mage of Zamorak,rc_zmi_chaosmonk,0,808 819 820 821 822,true
7426,Zamorak crafter,rc_zmi_runerunner,0,808 819 820 821 822,true
7427,Zamorak crafter,rc_zmi_runerunner2,0,808 819 820 821 822,true
7428,,mistmyst_abigale,0,808 819 820 821 822,true
7429,,mistmyst_hewey,0,1147,true
7430,,mistmyst_sid,0,808 819 820 821 822,true
7431,,mistmyst_tayten,0,808 819 820 821 822,true
7432,,mistmyst_lacey,0,7329 819 820 821 822,true
7433,,mistmyst_mandy,0,808 819 820 821 822,true
7434,,mistmyst_mandy_post,0,808 819 820 821 822,true
7435,,mistmyst_killer_background,0,808 819 820 821 822,true
7437,Guard,fris_r_guard_nvn_1,0,808 819 820 821 822,true
7438,Guard,fris_r_guard_nvn_2,0,808 819 820 821 822,true
7439,Rock Golem,poh_skillpet_mining_default,1637,7180 7181,true
7440,Rock Golem,poh_skillpet_mining_tin,1637,7180 7181,true
7441,Rock Golem,poh_skillpet_mining_copper,1637,7180 7181,true
7442,Rock Golem,poh_skillpet_mining_iron,1637,7180 7181,true
7443,Rock Golem,poh_skillpet_mining_blurite,1637,7180 7181,true
7444,Rock Golem,poh_skillpet_mining_silver,1637,7180 7181,true
7445,Rock Golem,poh_skillpet_mining_coal,1637,7180 7181,true
7446,Rock Golem,poh_skillpet_mining_gold,1637,7180 7181,true
7447,Rock Golem,poh_skillpet_mining_mithril,1637,7180 7181,true
7448,Rock Golem,poh_skillpet_mining_granite,1637,7180 7181,true
7449,Rock Golem,poh_skillpet_mining_adamantite,1637,7180 7181,true
7450,Rock Golem,poh_skillpet_mining_runite,1637,7180 7181,true
7451,Rock Golem,skillpet_mining_default,1637,7180 7181,true
7452,Rock Golem,skillpet_mining_tin,1637,7180 7181,true
7453,Rock Golem,skillpet_mining_copper,1637,7180 7181,true
7454,Rock Golem,skillpet_mining_iron,1637,7180 7181,true
7455,Rock Golem,skillpet_mining_blurite,1637,7180 7181,true
7456,Perdu,lost_property_merchant_model,297,2155,true
7457,,lost_property_merchant_standard,297,2155,true
7458,,lost_property_merchant_combatty,297,2155,true
7459,Fishing spot,0_23_53_saltfish,1701,7634,false
7460,Fishing spot,0_23_53_rarefish,1701,7634,false
7461,Fishing spot,0_23_53_memberfish,1701,7634,false
7462,Fishing spot,0_24_53_saltfish,1701,7634,false
7463,Rod Fishing spot,0_24_55_freshfish,1701,7634,false
7464,Rod Fishing spot,0_25_55_freshfish,1701,7634,false
7465,Fishing spot,0_26_54_rarefish,1701,7634,false
7466,Fishing spot,0_26_54_memberfish,1701,7634,false
7467,Fishing spot,0_26_54_saltfish,1701,7634,false
7468,Rod Fishing spot,0_26_56_freshfish,1701,7634,false
7469,Fishing spot,0_27_59_saltfish,1701,7634,false
7470,Fishing spot,0_27_59_rarefish,1701,7634,false
7471,Captain Magoro,zeah_magoro,0,808 819 820 821 822,true
7472,Ranger,zeah_ranger,0,808 819 820 821 822,true
7473,Duck,kw_duck_guy,1539,6813 6819,true
7474,Reginald,kw_red_guy,0,808 819 820 821 822,true
7475,Roy jr.,kw_yellow_guy,2402,2331 12042,true
7476,Robert Boss,kw_artist,0,808 819 820 821 822,true
7477,Knight of Varlamore,varlamore_sun_knight,0,7332 819 820 821 822,true
7478,Hugor,kw_hugor,297,900 104,true
7479,Lan the Butcher,kw_butcher_lan,0,808 819 820 821 822,true
7480,Rakkar,fh_rakkar,0,4851 819 820 821 822,true
7481,Hopleez,zeah_defence_pure,0,808 819 820 821 822,true
7482,Captain Sdiar,zeah_raids_captain,0,808 819 820 821 822,true
7483,Sandicrahb,tribes_boatman,0,808 819 820 821 822,true
7484,Sandicrahb,tribes_boatman_island,0,808 819 820 821 822,true
7485,Zombie,kourend_zombie1,1288,5572 5570,true
7486,Zombie,kourend_zombie2,1288,5576 5577,true
7487,Zombie,kourend_zombie3,1288,5572 5570,true
7488,Zombie,kourend_zombie4,1288,5572 5570,true
7489,,raids_corridor_boulder,1403,6120,true
7492,,dallas_jones_crandor_lab,0,808 819 820 821 822,true
7493,,dallas_jones_fossil_island,0,808 819 820 821 822,true
7494,,dallas_jones_fossil_boat,0,808 819 820 821 822,true
7495,,dallas_jones_lithkren,0,808 819 820 821 822,true
7496,,dallas_jones_dungeon,0,808 819 820 821 822,true
7497,,jardric_camp,297,101 98,true
7498,,jardric_boat,297,101 98,true
7499,,death_growncat_black_sophanem,280,317 314,true
7500,,death_growncat_black_astral,280,317 314,true
7501,,death_growncat_black_lunar,280,317 314,true
7502,,death_growncat_black_lithkren,280,317 314,true
7503,,death_growncat_black_varrock,280,317 314,true
7504,,torfinn_rellekka,0,813 819 820 821 822,true
7505,,torfinn_ungael,0,813 819 820 821 822,true
7506,,ds2_dragon_head_west,1770,7896,true
7507,,ds2_dragon_head_north,1770,7896,true
7508,,ds2_dragon_head_east,1770,7896,true
7509,Jardric,ds2_battle_jardric_final,297,7861 7862,true
7510,Annette,fossil_mermaid_driftnets,1734,7647,true
7511,Shield master,ranging_guild_shield_master,0,808 819 820 821 822,true
7513,Derwen,ma2_boss_guthix_spawning,1759,7845 7847,true
7515,Porazdir,ma2_boss_zamorak_spawning,1758,7837 7839,true
7516,Gnormadium Avlafrim,gnormadium_avlafrim_talk,2402,2331 12042,true
7517,Gnormadium Avlafrim,gnormadium_avlafrim_glider,2402,2331 12042,true
7518,Jelly,slayer_kurask_troll,461,286 283,true
7519,Olmlet,poh_olm_pet,1676,7396 7395,true
7520,Olmlet,raids_olm_pet,1676,7396 7395,true
7521,Soldier,shayzien_lizardfighter_outside_1,0,2561 2562,true
7522,Soldier,shayzien_lizardfighter_outside_2,0,808 819 820 821 822,true
7523,Soldier,shayzien_lizardfighter_outside_3,0,808 819 820 821 822,true
7524,Soldier,shayzien_lizardfighter_outside_4,0,813 1205 1206 1207 1208,true
7525,Vanguard,raids_vanguard_dormant,1669,7427,true
7526,Vanguard,raids_vanguard_walking,1669,7430 7429,true
7527,Vanguard,raids_vanguard_melee,1669,7439,true
7528,Vanguard,raids_vanguard_ranged,1669,7444,true
7529,Vanguard,raids_vanguard_magic,1669,7434,true
7530,Vespula,raids_vespula_flying,1670,7453,true
7531,Vespula,raids_vespula_enraged,1670,7454,true
7532,Vespula,raids_vespula_walking,1670,7449 7448,true
7534,Lux grub,raids_vespula_caterpillar_healthy,1674,7463,true
7535,Lux grub,raids_vespula_caterpillar_sickly,1674,7464,true
7536,Lux grub,raids_vespula_caterpillar_infected,1674,7465,true
7537,Lux grub,raids_vespula_caterpillar_dead,1675,7468,true
7538,Vespine soldier,raids_vespula_vespine_flying,1670,7453,true
7539,Vespine soldier,raids_vespula_vespine_walking,1670,7449 7461,true
7540,Tekton,raids_tekton_waiting,1668,7473,true
7541,Tekton,raids_tekton_walking_standard,1668,7476 7477,true
7542,Tekton,raids_tekton_fighting_standard,1668,7480 7477,true
7543,Tekton (enraged),raids_tekton_walking_enraged,1668,7485 7486,true
7544,Tekton (enraged),raids_tekton_fighting_enraged,1668,7490 7486,true
7545,Tekton,raids_tekton_hammering,1668,7473 7477,true
7546,Bartender,ram_bartender,0,808 819 820 821 822,true
7548,Scavenger beast,raids_scavenger_beast_a,337,257 254,true
7549,Scavenger beast,raids_scavenger_beast_b,337,257 254,true
7558,<col=00ffff>Fire</col>,olm_firewall_npc,1511,6646,true
7559,Deathly ranger,raids_tightrope_ranger,0,808 819 820 821 822,true
7560,Deathly mage,raids_tightrope_mage,0,813 1205 1206 1207 1208,true
7561,Muttadile,raids_dogodile_submerged,1667,7425 7419,true
7562,Muttadile,raids_dogodile_junior,1667,7417 7419,true
7563,Muttadile,raids_dogodile,1667,7417 7419,true
7565,<col=00ffff>Rocks</col>,raids_vasanistirio_dormant,1666,7407,true
7566,Vasa Nistirio,raids_vasanistirio_walking,1666,7416 7411,true
7567,Vasa Nistirio,raids_vasanistirio_healing,1666,7413,true
7569,<col=00ffff>Guardian</col>,raids_stoneguardians_left,0,7526,false
7570,<col=00ffff>Guardian</col>,raids_stoneguardians_right,0,7526,false
7571,<col=00ffff>Guardian</col>,raids_stoneguardians_left_dead,0,3280,false
7572,<col=00ffff>Guardian</col>,raids_stoneguardians_right_dead,0,3280,false
7573,Lizardman shaman,raids_lizardshaman_a,1633,7191 7195,true
7574,Lizardman shaman,raids_lizardshaman_b,1633,7191 7195,true
7575,Spawn,raids_lizardshaman_blocker,1633,7191 7195,true
7576,Jewelled Crab,raids_lasercrabs_crab_grey,539,1310 1311,true
7577,Jewelled Crab (red),raids_lasercrabs_crab_red,539,1310 1311,true
7578,Jewelled Crab (green),raids_lasercrabs_crab_green,539,1310 1311,true
7579,Jewelled Crab (blue),raids_lasercrabs_crab_blue,539,1310 1311,true
7580,Energy focus (white),raids_lasercrabs_energy_white,702,502,true
7581,Energy focus (red),raids_lasercrabs_energy_red,702,502,true
7582,Energy focus (green),raids_lasercrabs_energy_green,702,502,true
7583,Energy focus (blue),raids_lasercrabs_energy_blue,702,502,true
7584,Ice demon,raids_icedemon_noncombat,1078,66 63,true
7585,Ice demon,raids_icedemon_combat,1078,66 63,true
7586,Icefiend,raids_icefiend,811,1578 1579,true
7587,Guanic bat,raids_bat_0,273,35 29,false
7588,Prael bat,raids_bat_1,273,35 29,false
7589,Giral bat,raids_bat_2,273,35 29,false
7590,Phluxia bat,raids_bat_3,273,35 29,false
7591,Kryket bat,raids_bat_4,273,35 29,false
7592,Murng bat,raids_bat_5,273,35 29,false
7593,Psykk bat,raids_bat_6,273,35 29,false
7594,Cave snake,raids_fishing_snake,942,4037,true
7595,Captain Rimor,raids_temple_captain,0,808 819 820 821 822,true
7596,,phileas_rimor,0,808 819 820 821 822,true
7597,Lizard,shayzienquest_lizard,814,2774 2775,true
7599,Mountain Guide,raids_mountainguide_1op,0,813 1146 820 821 822,true
7600,Mountain Guide,raids_mountainguide_2ops,0,813 1146 820 821 822,true
7601,Swamp Priest,raids_xerician_priest,0,813 1146 820 821 822,true
7602,Corrupted scavenger,raids_thievingchest_beast_active,337,257 254,true
7603,Corrupted scavenger,raids_thievingchest_beast_sleeping,337,7498,true
7604,Skeletal Mystic,raids_skeletonmystic_a,1291,5483 5479,true
7605,Skeletal Mystic,raids_skeletonmystic_b,1291,5483 5479,true
7606,Skeletal Mystic,raids_skeletonmystic_c,1291,5483 5479,true
7607,Imerominia,raidquest_library_horologist,1862,8201,true
7608,Pagida,raidquest_library_traphunter,1862,8201,false
7609,,akd_martin_holt_hosidius,0,808 819 820 821 822,true
7610,Logios,raidquest_library_scholar,1862,8201,false
7611,Meleti,raidquest_library_student,0,1350 819 820 821 822,false
7612,Krato,raidquest_library_intern,1862,8201,false
7613,Ektheme,raidquest_library_xeric_expert,1862,8201,true
7614,Archeio,raidquest_library_archive_guardian,1862,8201,false
7615,Historian Aldo,rat_boss_biologist_op2,0,808 819,true
7616,Scurry,scurrius_pet,2191,10687 10715,true
7617,,raids_mountainguide_temple_multi,0,813 1146 820 821 822,true
7618,,raids_mountainguide_wall_multi,0,813 1146 820 821 822,true
7619,Stuliette,lovakengj_minecart_quidamortem,297,101 98,false
7620,Temple Guardian,priestperil_guardian_model,284,17 16,true
7621,Khazard warlord,khazard_warlord_chat,0,808 819 820 821 822,true
7622,Khazard warlord,khazard_warlord_combat,0,808 819 820 821 822,true
7623,Abigale,mistmyst_abigale_lum_vis,0,808 819 820 821 822,true
7624,Hewey,mistmyst_hewey_lum_vis,0,1147,true
7625,Sid,mistmyst_sid_vis,0,808 819 820 821 822,true
7626,Sid,mistmyst_sid_woozy,0,2770 2769,true
7627,Tayten,mistmyst_tayten_vis,0,808 819 820 821 822,true
7628,Lacey,mistmyst_lacey_vis,0,7329 819 820 821 822,true
7629,Mandy,mistmyst_mandy_vis,0,808 819 820 821 822,true
7630,Mandy,mistmyst_mandy_post_vis,0,808 819 820 821 822,true
7631,Mandy,mistmyst_mandy_godsword,0,7053 7052 7048 7047,true
7632,Killer,mistmyst_abigale_killer,0,808 819 820 821 822,true
7633,Abigale,mistmyst_abigale_killer_unmasked,0,808 819 820 821 822,true
7634,,mistmyst_abigale_cutscene_multi,0,808 819 820 821 822,true
7635,Abigale,mistmyst_abigale_killer_attackable,0,860 819 820 821 822,true
7636,Killer,mistmyst_hewey_killer,0,808 819 820 821 822,true
7637,Hewey,mistmyst_hewey_killer_unmasked,0,808 819 820 821 822,true
7638,Shady figure,mistmyst_killer_background_vis,0,808 819 820 821 822,true
7642,Rock Golem,skillpet_mining_silver,1637,7180 7181,true
7643,Rock Golem,skillpet_mining_coal,1637,7180 7181,true
7644,Rock Golem,skillpet_mining_gold,1637,7180 7181,true
7645,Rock Golem,skillpet_mining_mithril,1637,7180 7181,true
7646,Rock Golem,skillpet_mining_granite,1637,7180 7181,true
7647,Rock Golem,skillpet_mining_adamantite,1637,7180 7181,true
7648,Rock Golem,skillpet_mining_runite,1637,7180 7181,true
7649,Chaotic death spawn,superior_nechryael_magic_spawn,0,1539,false
7650,Pirate Jackie the Fruit,agilityarena_tickettrader_2ops,0,808 819 820 821 822,true
7651,Pirate Jackie the Fruit,agilityarena_tickettrader_3ops,0,808 819 820 821 822,true
7652,TzHaar-Mej,tzhaar_mej_retireddiarymaster,158,2604 2602,true
7653,Slieve,slayer_blackdragons_guardian,0,808 819 820 821 822,true
7654,Breive,smoke_devil_guardian,0,808 819 820 821 822,true
7655,,smoke_devil_smokecloud,680,1261,true
7656,Lesser demon,lesser_demon_slayercave_1,1078,66 63,true
7657,Lesser demon,lesser_demon_slayercave_2,1078,66 63,true
7658,Mummy,ntk_mummy_1,1286,5551 5553,true
7659,Mummy,ntk_mummy_2,1286,5551 5553,true
7660,Mummy,ntk_mummy_3,1286,5551 5553,true
7661,Mummy,ntk_mummy_4,1286,5551 5553,true
7662,Mummy,ntk_mummy_5,1286,5551 5553,true
7663,Krystilia,slayer_master_7,0,813,true
7664,Lesser demon,lesser_demon_slayercave_3,1078,66 63,true
7665,Banisoch,karam_dungeon_backdoor_unpaid,0,808 819 820 821 822,true
7666,Banisoch,karam_dungeon_backdoor_paid,0,808 819 820 821 822,true
7667,Hieve,karam_dungeon_metaldragonguardian,0,813 1205 1206 1207 1208,true
7668,,voice_of_yama,1003,7017 7016,true
7669,,disciple_of_yama_entrance,1304,5877 5876,true
7670,Disciple of Yama,disciple_of_yama_cavern,1304,5875 5876,true
7671,Skotos,skotizo_pet,1078,6935 4070,true
7672,Eve,slayer_bluedragons_guardian,0,808 819 820 821 822,true
7673,Solztun,sos_barb_spirit,0,813 1146 820 821 822,true
7674,Jal-Nib-Rek,poh_inferno_pet,1688,7573 7572,true
7675,Jal-Nib-Rek,inferno_pet,1688,7573 7572,true
7676,Rod Fishing spot,morulrek_eels_fishingspot,735,525,true
7677,TzHaar-Ket-Zuh,tzhaar_banker1,158,2603 2601,true
7678,TzHaar-Ket-Yil,tzhaar_banker2,158,2603 2601,true
7679,TzHaar-Ket,tzhaar_ket_strong,158,2603 2601,true
7680,TzHaar-Mej-Dir,tzhaar_elder1,158,2604 2602,true
7681,TzHaar-Mej-Bal,tzhaar_elder2,158,2604 2602,true
7682,TzHaar-Hur,tzhaar_hur_city1,158,2603 2601,true
7683,TzHaar-Hur,tzhaar_hur_city2,158,2603 2601,true
7684,TzHaar-Hur,tzhaar_hur_city3,158,2603 2601,true
7685,TzHaar-Hur,tzhaar_hur_city4,158,2603 2601,true
7686,TzHaar-Hur,tzhaar_hur_city5,158,2603 2601,true
7687,TzHaar-Hur,tzhaar_hur_city6,158,2603 2601,true
7688,TzHaar-Hur-Zal,tzhaar_merchant_cityequipment,158,2603 2601,true
7689,TzHaar-Hur-Rin,tzhaar_merchant_cityoreandgem,158,2603 2601,true
7690,,inferno_master,158,2604 2602,true
7691,Jal-Nib,inferno_nibbler,1688,7573 7572,true
7692,Jal-MejRah,inferno_creature_harpie,1695,7577,true
7693,Jal-Ak,inferno_creature_splitter,1687,7586 7587,false
7694,Jal-AkRek-Mej,inferno_creature_splitter_mage,1687,7586 7587,true
7695,Jal-AkRek-Xil,inferno_creature_splitter_range,1687,7586 7587,true
7696,Jal-AkRek-Ket,inferno_creature_splitter_melee,1687,7586 7587,true
7697,Jal-ImKot,inferno_creature_melee,1690,7595 7596,true
7698,Jal-Xil,inferno_creature_ranger,1693,7602 7603,true
7699,Jal-Zek,inferno_creature_mager,1686,7609 7608,true
7700,JalTok-Jad,inferno_jad,1692,7589 7588,true
7701,Yt-HurKot,inferno_jad_healer,163,2636 2634,true
7702,Jal-Xil,inferno_ranger_finalwave,1693,7602 7603,true
7703,Jal-Zek,inferno_mager_finalwave,1686,7609 7608,true
7704,JalTok-Jad,inferno_jad_finalwave,1692,7589 7588,true
7705,Yt-HurKot,inferno_jad_healer_finalwave,163,2636 2634,true
7706,TzKal-Zuk,inferno_tzkalzuk_placeholder,1691,7564,true
7707,<col=00ffff>Ancestral Glyph</col>,inferno_moving_safespot,1697,7567,true
7708,Jal-MejJak,inferno_zuk_healer,19,2867 2863,true
7711,Rock Golem,skillpet_mining_amethyst,1637,7180 7181,true
7712,Dwarf,mguild_dwarf1,297,101 98,true
7713,Dwarf,mguild_dwarf2,297,101 98,true
7714,Dwarf,mguild_guard1,297,101 98,true
7715,Dwarf,mguild_guard2,297,101 98,true
7716,Gadrin,mguild_capeseller,297,101 98,true
7717,Hendor,mguild_oreseller,297,101 98,true
7718,Yarsul,mguild_pickaxeseller,297,101 98,true
7719,Belona,mguild_rewardseller,297,2157 2156,true
7720,Utrec,mguild_amethystminer,297,101 98,true
7721,Dwarf,motherlode_mguild_guard,297,101 98,true
7727,Kylie Minnow,minnow_fisherman_locked,0,808 819 820 821 822,true
7728,Kylie Minnow,minnow_fisherman_unlocked,0,808 819 820 821 822,true
7730,Fishing spot,minnow_fishingspot1,1701,7634,true
7731,Fishing spot,minnow_fishingspot2,1701,7634,true
7732,Fishing spot,minnow_fishingspot3,1701,7634,true
7733,Fishing spot,minnow_fishingspot4,1701,7634,true
7734,Recruiter,wildwars_redeemer,0,813 1205 1206 1207 1208,true
7735,,minnow_fisherman_multi,0,808 819 820 821 822,true
7736,Rock Golem,poh_skillpet_mining_lovakite,1637,7180 7181,true
7737,Rock Golem,poh_skillpet_mining_elemental,1637,7180 7181,true
7738,Rock Golem,poh_skillpet_mining_daeyalt,1637,7180 7181,true
7739,Rock Golem,skillpet_mining_lovakite,1637,7180 7181,true
7740,Rock Golem,skillpet_mining_elemental,1637,7180 7181,true
7741,Rock Golem,skillpet_mining_daeyalt,1637,7180 7181,true
7742,Captain Cleive,lizardman_cave_guard,0,808 819 820 821 822,true
7743,Soldier,lizardman_cave_soldier,0,808 819 820 821 822,true
7744,Lizardman shaman,lizardman_cave_shaman_1,1633,7191 7195,true
7745,Lizardman shaman,lizardman_cave_shaman_2,1633,7191 7195,true
7748,Fairy,fairy_child,299,112 106,false
7750,Armoured Foe,wildwars_boss_armour,1151,4919 4923,false
7751,Well-armed Foe,wildwars_boss_weapons,1291,5505 5497,true
7752,Dark Mage,upassmage_1op,0,808 819 820 821 822,true
7753,Dark Mage,upassmage_2ops,0,808 819 820 821 822,true
7754,Squirrel,fossil_squirrel_gardener1,325,3211 3210,true
7755,Squirrel,fossil_squirrel_gardener2,325,3212 3210,true
7756,Squirrel,fossil_squirrel_gardener3,325,3212 3210,true
7757,Tool Leprechaun,fossil_leprechaun_underwater,2402,7649,true
7758,Mernia,fossil_gardener_underwater,1734,7647,true
7759,Herbi,poh_herbiboar_pet,1731,7694 7695,true
7760,Herbi,herbiboar_pet,1731,7694 7695,true
7761,Lead Navigator,fossilquest_lead_navigator_quest,0,808 819 820 821 822,true
7762,Lead Navigator,fossilquest_lead_navigator_postquest,0,808 819 820 821 822,true
7763,Junior Navigator,fossilquest_jr_navigator_quest,0,808 819 820 821 822,true
7764,Junior Navigator,fossilquest_jr_navigator_postquest,0,808 819 820 821 822,true
7765,John,fossilquest_john_vis,0,6393 6395,true
7766,David,fossilquest_david_vis,0,6393 6395,true
7767,,fossilquest_barge_guard_port,0,6390,true
7768,Barge guard,fossilquest_barge_guard_barge,0,6390,true
7769,Shop keeper,fossil_general_store,0,808 819 820 821 822,true
7770,Fossil Collector,fossil_shopkeeper,0,808 819 820 821 822,true
7771,Dog,fossil_dog_tray,289,2268,false
7772,Peter,fossil_panner,0,4594,true
7773,Charles,fossil_charles,0,6393 6395,true
7774,John,fossil_john,0,6393 6395,true
7775,Dunce,osb5_imp_green,1240,171 168,true
7776,Petrified Pete,fossil_mineguard,0,6393 6395,true
7777,Weve,fossil_slayerdungeonguard,2402,2331 12042,true
7778,Irene,fossil_chemist,0,808 819 820 821 822,true
7779,Bobbing fossil,fossil_pool_bobber,1714,7728,true
7780,Islwyn,roving_islwyn_1op,0,808 819 820 821 822,true
7781,Puffer Fish,fossil_puffer_fish_depuffed,1729,7661 7662,true
7782,Fish shoal,fossil_fish_shoal,563,3444 3443,true
7783,Ceto,fossil_mermaid_fishing,1734,7647,true
7784,Mairin,fossil_mermaid_deepwater,1734,7669,false
7785,Herbiboar,fossil_herbiboar_visible,1731,7688,true
7786,Herbiboar,fossil_herbiboar_anim_visible,1731,7688,true
7787,Mattimeo,fossil_twitcher,0,4401 819 820 821 822,true
7788,Charles Charlington,fossil_swamp_corrupted_archaeologist,0,7697,true
7789,Holgart,holgartlandtravel,0,813 1205 1206 1207 1208,true
7790,John,fossil_john_camp,0,7746,false
7791,David,fossil_david_camp,0,7745,false
7792,Long-tailed Wyvern,wyvern_long_tailed,1724,7650,true
7793,Taloned Wyvern,wyvern_taloned,1724,7650,true
7794,Spitting Wyvern,wyvern_spitting,1724,7650,true
7795,Ancient Wyvern,ancient_wyvern,1724,7650,true
7796,Lobstrosity,fossil_lobster,1426,6263 6264,true
7797,Ancient Zygomite,fossil_zygomite,818,3324 3322,true
7798,Gaius,gaius,0,808 819 820 821 822,true
7799,Ammonite Crab,fossil_ammonitecrab,539,1310 1311,true
7800,Fossil Rock,fossil_ammonitecrab_inactive,539,1315 1311,true
7801,Tar Bubbles,fossil_tarmonster_bubbles,713,480,true
7802,Hoop Snake,fossil_hoopsnake,1733,7682 7683,true
7803,Stunned Hoop Snake,fossil_hoopsnake_stunned,1733,7682 7683,true
7804,Tar Monster,fossil_tarmonster,1726,7677,true
7805,Passive Tar Monster,fossil_tarmonster_passive,1726,7677,true
7806,Deranged archaeologist,fossil_crazy_archaeologist,0,3846 819 820 821 822,true
7808,<col=00ffff>Giant boulder</col>,fossil_mining_boulder_giant_floating,1707,7712,true
7810,<col=00ffff>Large boulder</col>,fossil_mining_boulder_large_floating,1707,7712,true
7812,<col=00ffff>Medium boulder</col>,fossil_mining_boulder_medium_floating,1707,7712,true
7814,<col=00ffff>Small boulder</col>,fossil_mining_boulder_small_floating,1707,7712,true
7816,<col=00ffff>Small boulder</col>,fossil_mining_boulder_tiny_floating,1707,7712,true
7817,Lava beast,fossil_mine_lavabeast,1726,7677,true
7818,David,vm_fossil_expert,0,6393 6395,true
7819,,fossilquest_lead_navigator,0,808 819 820 821 822,true
7820,,fossilquest_jr_navigator,0,808 819 820 821 822,true
7821,,fossilquest_john,0,808 819 820 821 822,true
7822,,fossilquest_david,0,808 819 820 821 822,true
7823,,fossil_pool_bobber_1,1714,7728,true
7824,,fossil_pool_bobber_2,1714,7728,true
7825,,fossil_pool_bobber_3,1714,7728,true
7826,,fossil_pool_bobber_4,1714,7728,true
7827,,fossil_pool_bobber_5,1714,7728,true
7828,,fossil_pool_bobber_6,1714,7728,true
7829,,fossil_pool_bobber_7,1714,7728,true
7830,,fossil_pool_bobber_8,1714,7728,true
7831,,fossil_herbiboar_1,1731,7688,true
7832,,fossil_herbiboar_2,1731,7688,true
7833,,fossil_herbiboar_3,1731,7688,true
7834,,fossil_herbiboar_4,1731,7688,true
7835,,fossil_herbiboar_5,1731,7688,true
7836,,fossil_herbiboar_6,1731,7688,true
7837,,fossil_herbiboar_7,1731,7688,true
7838,,fossil_herbiboar_8,1731,7688,true
7839,,fossil_herbiboar_9,1731,7688,true
7851,Dusk,gargboss_dusk_phase1_defensive,1744,7781 7782,true
7852,Dawn,gargboss_dawn_phase1,1743,7768,true
7853,Dawn,gargboss_dawn_phase1_transition,1743,7768,true
7854,Dusk,gargboss_dusk_phase1_transition,1744,7781 7782,true
7855,Dusk,gargboss_dusk_phase1_flytransition,1744,7791,true
7856,,deadman_final_dark_warrior,0,808 819 820 821 822,true
7857,,deadman_final_spoopy_skeleton,1291,5483 5479,true
7858,Justiciar Zachariah,ma2_boss_saradomin,1756,7851 7852,true
7859,Derwen,ma2_boss_guthix,1759,7845 7847,true
7860,Porazdir,ma2_boss_zamorak,1758,7837 7839,true
7861,Black dragon,wild_cave_black_dragon,1080,90 79,true
7862,Black dragon,wild_cave_black_dragon2,1080,90 79,true
7863,Black dragon,wild_cave_black_dragon3,1080,90 79,true
7864,Ankou,wild_cave_ankou,0,808 819 820 821 822,false
7865,Lesser demon,wild_cave_lesser_demon,1078,66 63,true
7866,Lesser demon,wild_cave_lesser_demon2,1078,66 63,true
7867,Lesser demon,wild_cave_lesser_demon3,1078,66 63,true
7868,Green dragon,wild_cave_green_dragon,1080,90 79,true
7869,Green dragon,wild_cave_green_dragon2,1080,90 79,true
7870,Green dragon,wild_cave_green_dragon3,1080,90 79,true
7871,Greater demon,wild_cave_greater_demon,1078,66 63,true
7872,Greater demon,wild_cave_greater_demon2,1078,66 63,true
7873,Greater demon,wild_cave_greater_demon3,1078,66 63,true
7874,Black demon,wild_cave_black_demon,1078,66 63,true
7875,Black demon,wild_cave_black_demon2,1078,66 63,true
7876,Black demon,wild_cave_black_demon3,1078,66 63,true
7877,Hellhound,wild_cave_hell_hound,1491,6561 6583,true
7878,Ice giant,wild_cave_icegiant,1081,4670 4669,false
7879,Ice giant,wild_cave_icegiant2,1081,4670 4669,false
7880,Ice giant,wild_cave_icegiant3,1081,4670 4669,false
7881,Revenant imp,wild_cave_imp,1240,171 168,true
7882,Dusk,gargboss_dusk_phase2_attacking,1744,7779 7780,true
7883,Dusk,gargboss_dusk_phase3_defensive,1744,7781 7782,true
7884,Dawn,gargboss_dawn_phase3,1743,7768,true
7886,Dusk,gargboss_dusk_phase3_transition,1744,7781 7782,true
7887,Dusk,gargboss_dusk_phase4_spawn,1744,7797 7798,true
7888,Dusk,gargboss_dusk_phase4,1744,7797 7798,true
7890,Midnight,poh_dusk_pet,1744,7807 7806,true
7891,Noon,poh_dawn_pet,1743,7768,true
7892,Noon,dawn_pet,1743,7768,true
7893,Midnight,dusk_pet,1744,7807 7806,true
7894,Sand Snake (hard),nzone_hosidiusquest_snake_hard,641,3535 3537,true
7895,Sand Snake,nzone_hosidiusquest_snake_normal,641,3535 3537,true
7896,,akd_martin_holt_settlement_ruins,0,808 819 820 821 822,true
7897,,akd_martin_holt_piscarilius,0,808 819 820 821 822,true
7899,Artur Hosidius,hosidiusquest_son_caves,0,808 819 820 821 822,true
7900,Butler Jarvis,hosidiusquest_butler,0,808 819 820 821 822,true
7901,Chef Olivia,hosidiusquest_chef,0,808 819 820 821 822,true
7902,Galana,hosidiusquest_librarian,1862,8201,true
7903,Sand Snake,hosidiusquest_snake,641,3535 3537,true
7904,Tomas Lawry,piscquest_official_visible,0,808 819 820 821 822,true
7905,Robert O'Reilly,piscquest_citizen,0,808 819 820 821 822,true
7906,Devan Rutter,piscquest_thug,0,808 819 820 821 822,true
7910,Sophia Hughes,piscquest_councillor_jailed,0,808 819 820 821 822,true
7911,Bartender,warrens_barman,0,808 819 820 821 822,true
7912,Fish monger,warrens_fishmonger,0,808 819 820 821 822,true
7913,Shop keeper,warrens_shopkeeper,0,808 819 820 821 822,true
7914,Thief,warrens_thief_1,0,808 819 820 821 822,true
7915,Thief,warrens_thief_2,0,808 819 820 821 822,true
7916,Thief,warrens_thief_stall,0,808 819 820 821 822,true
7917,Pirate,warrens_pirate_1,0,808 819 820 821 822,true
7918,Pirate,warrens_pirate_2,0,808 819 820 821 822,true
7919,Man,warrens_citizen_1,0,808 819 820 821 822,true
7920,Man,warrens_citizen_2,0,808 819 820 821 822,true
7921,Woman,warrens_citizen_3,0,808 819 820 821 822,true
7922,Woman,warrens_citizen_4,0,808 819 820 821 822,true
7923,Poor looking woman,piscarilius_poor_citizen_female_3,0,808 819 820 821 822,true
7924,,zeah_head_councillor,0,808 819 820 821 822,true
7925,,hosidiusquest_son_home,0,808 819 820 821 822,true
7926,,piscquest_official,0,808 819 820 821 822,true
7927,,piscquest_official_castle,0,808 819 820 821 822,true
7928,,piscquest_target,0,808 819 820 821 822,true
7929,,piscquest_queen,0,808 819 820 821 822,true
7930,,piscquest_councillor,0,808 819 820 821 822,true
7931,Revenant goblin,wild_cave_goblin,1415,6181 6180,true
7932,Revenant pyrefiend,wild_cave_pyrefiend,811,1578 1579,false
7933,Revenant hobgoblin,wild_cave_hobgoblin,312,166 162,true
7934,Revenant cyclops,wild_cave_cyclops,1081,4650 4649,true
7935,Revenant hellhound,wild_cave_hellhound,1491,6580 6583,true
7936,Revenant demon,wild_cave_demon,1078,66 63,true
7937,Revenant ork,wild_cave_ork,1003,4318 4319,false
7938,Revenant dark beast,wild_cave_darkbeast,1503,2730 2729,false
7939,Revenant knight,wild_cave_knight,0,813 1205 1206 1207 1208,true
7940,Revenant dragon,wild_cave_dragon,1080,90 79,true
7942,,ironman_tutor_2,0,808 819 820 821 822,true
7943,Emblem Trader,wild_cave_trader,0,813 1205 1206 1207 1208,true
7944,,deadman_final_spoopy_boi,0,808 819 820 821 822,false
7945,,deadman_banker_gnome_north,2402,2331,true
7946,Fishing spot,0_38_45_rarefish,1701,7634,false
7947,Fishing spot,0_39_44_saltfish,1701,7634,false
7948,Corsair Traitor (hard),nzone_corsaircurse_navigator_hard,0,808 819 820 821 822,true
7949,Corsair Traitor,nzone_corsaircurse_navigator_normal,0,808 819 820 821 822,true
7950,Alec Kincade,alec_kincade,0,813 1205 1206 1207 1208,false
7951,Ponts the Bridgemaster,myths_guild_dungeon_guard,0,813 1205 1206 1207 1208,false
7952,Erdan,myths_guild_smith,0,808 819 820 821 822,true
7953,Primula,myths_guild_herbalist,2402,2331 12042,false
7954,Mysterious Adventurer,myths_guild_hero,0,1713 1703,true
7955,Baby black dragon,baby_black_dragon_nohunt,1080,27 21,true
7956,Captain Tock,corsair_captain_1op,0,808 819 820 821 822,true
7957,Captain Tock,corsair_captain_throne_child,0,2252 819 820 821 822,false
7958,Captain Tock,corsair_captain_2ops,0,808 819 820 821 822,true
7959,,corsair_captain_crossroads,0,808,true
7960,,corsair_captain_throne,0,2252 808,true
7961,Ithoi the Navigator,corscurs_navigator,0,808 819 820 821 822,true
7962,,corscurs_navigator_sick,0,6284,true
7963,Ithoi the Navigator,corscurs_navigator_running,0,808 824,true
7964,Ithoi the Navigator,corscurs_navigator_combat,0,808 819 820 821 822,true
7965,Cabin Boy Colin,corscurs_cabinboy,0,808 819 820 821 822,true
7966,Cabin Boy Colin,corscurs_cabinboy_telescope,0,7826,true
7967,Cabin Boy Colin,corscurs_cabinboy_2ops,0,808 819 820 821 822,true
7968,,corscurs_cabinboy_sick,0,6282,true
7969,Bugs,corscurs_ogre,555,3473 3474,true
7970,Gnocci the Cook,corscurs_cook,0,808 819 820 821 822,true
7971,Gnocci the Cook,corscurs_cook_fishing,0,808 819 820 821 822,true
7972,Gnocci the Cook,corscurs_cook_digging,0,808 824,true
7973,,corscurs_cook_sick,0,6282,true
7974,,corscurs_cook_postquest,0,808 819 820 821 822,true
7975,Doll,corscurs_doll,424,3716 3717,true
7976,Arsen the Thief,corscurs_thief,0,808 819 820 821 822,true
7977,,corscurs_thief_sick,0,6282,true
7978,,corscurs_thief_postquest,0,808 819 820 821 822,true
7979,The Mimic,trail_mimic_noncombat,724,8307 8306,false
7980,,corsair_ferry_covedocks,0,808,true
7981,Yusuf,corscurs_banker_1op,0,808,true
7982,Yusuf,corscurs_banker_allops,0,808,true
7983,Francois,corscurs_digging_thief,0,830 819,true
7984,Madame Caldarium,corscurs_spa_owner,0,808 819,true
7985,Haris,corscurs_resource_guard,0,6912,true
7986,Altarkiz,corscurs_resource_meditate,0,4851,false
7987,Lord Marshal Brogan,corscurs_lord_marshal,0,2256 819 820 821 822,false
7988,Chief Tess,ogress_tess,321,7829 7830,true
7989,Ogress Warrior,ogress_warrior1,321,7829 7830,true
7990,Ogress Warrior,ogress_warrior2,321,7829 7830,true
7991,Ogress Shaman,ogress_shaman1,321,7829 7830,true
7992,Ogress Shaman,ogress_shaman2,321,7829 7830,true
7993,,corscurs_doll_multi,424,3716 3717,true
7994,,corscurs_banker_multi,0,808,true
7995,Elder Chaos druid,wild_chaos_uncerter,0,808 819 820 821 822,true
7996,Corrupt Lizardman (hard),nzone_shayzienquest_lizardman_hard,1633,7191 7195,true
7997,Corrupt Lizardman,nzone_shayzienquest_lizardman_normal,1633,7191 7195,true
7998,,akd_martin_holt_castle,0,808 819 820 821 822,true
7999,Phileas Rimor,phileas_rimor_visible,0,808 819 820 821 822,true
8000,Corrupt Lizardman,shayzienquest_lizardman_boss,1633,7191 7195,true
8001,Crunchy,osb5_crunchy,0,808 821,false
8002,Tim,osb5_tim,0,808 821,true
8003,Dave,osb5_workman_sawing,1477,6415 6414,true
8004,Gene,osb5_workman_sledgehammering,1477,6415 6414,true
8005,Art,vosb5_workman_painting_tar,1477,6415 6414,true
8006,Gnosi,shayzienquest_gnosi,1862,8201,true
8007,Historian Duffy,shayzienquest_duffy,0,6393 6395,true
8008,Corporeal Critter,poh_corppet,304,1678 7974,false
8009,TzRek-Zuk,poh_zuk_pet,1761,7975 7977,true
8010,Corporeal Critter,corp_pet,304,1678 7974,false
8011,TzRek-Zuk,zuk_pet,1761,7975 7977,true
8012,Barge guard,fossilquest_barge_guard_port_postquest,0,6390,true
8013,Barge guard,fossilquest_barge_guard_port_prequest,0,6390,true
8014,,deadman_final_moss_warrior,0,4825 4779,true
8015,,deadman_final_mossgiant,1081,4656 4654,false
8016,,deadman_final_mossgiant2,1081,4656 4654,false
8017,,deadman_final_mossgiant3,1081,4656 4654,false
8018,,deadman_final_mossgiant4,1081,4656 4655,false
8019,King Narnode Shareen,grandtree_narnode_1op,2402,2331 12042,true
8020,King Narnode Shareen,grandtree_narnode_2ops,2402,2331 12042,true
8021,Natural Historian,shayzienquest_historian,0,808 819 820 821 822,true
8022,Mysterious Voice,shayzienquest_ghost,0,808 819 820 821 822,true
8023,Gnosi,raids_temple_gnosi_visible,1862,8201,true
8024,Rift guardian,poh_skillpet_runecrafting_wrath,1655,7307 7306,true
8025,Vorki,poh_vorkath_pet,1782,7948 7959,true
8027,Rune dragon,poh_rune_dragon,1080,90 79,true
8028,Rift guardian,skillpet_runecrafting_wrath,1655,7307 7306,true
8029,Vorki,vorkath_pet,1782,7948 7959,true
8030,Adamant dragon,adamant_dragon,1080,90 79,true
8031,Rune dragon,rune_dragon,1080,90 79,true
8032,,rune_dragon_electovortex,1604,7075,true
8034,Bob,death_growncat_black_vis,280,317 314,true
8035,Neite,ics_little_cat_visible,280,317 314,true
8036,Diana,myths_guild_weapon_seller,0,808 819 820 821 822,true
8037,Jack,myths_guild_cape_seller,0,808 819 820 821 822,false
8038,Ellen,myths_guild_trainer,0,813 1205,true
8039,Freja,myths_guild_frem,0,808 819,false
8040,Lutwidge,myths_guild_librarian,0,4780,true
8041,Dog,myths_guild_dog,1491,6561 6560,true
8042,King Roald,ds2_meeting_king_roald,0,808 819 820 821 822,true
8043,Aeonisig Raispher,ds2_meeting_aeonisig_raispher,0,808 819 820 821 822,true
8044,Sir Amik Varze,ds2_meeting_sir_amik_varze,0,808 819 820 821 822,true
8045,Sir Tiffy Cashien,ds2_meeting_sir_tiffy_cashien,0,808 819 820 821 822,true
8046,King Lathas,ds2_meeting_king_lathas,0,808 819 820 821 822,true
8047,King Arthur,ds2_meeting_king_arthur,0,808 819 820 821 822,true
8048,Brundt the Chieftain,ds2_meeting_brundt,0,808 819 820 821 822,true
8049,Oneiromancer,ds2_meeting_oneiromancer,0,4424 4426 4427 4428 4429,false
8050,Denulth,ds2_meeting_denulth,0,808 819 820 821 822,true
8051,Duke Horacio,ds2_meeting_duke_horacio,0,808 819 820 821 822,true
8052,Wise Old Man,ds2_meeting_wom,0,813 1146 820 821 822,true
8053,Jardric,ds2_meeting_jardric,297,101 98,true
8054,Achietties,ds2_meeting_achietties,0,808 819 820 821 822,true
8055,Bob,ds2_meeting_bob,280,317 314,true
8056,Spawn,strange_spawn,1783,7888 7887,true
8057,Robert the Strong,dream_robert_combat,0,808 819 820 821 822,true
8058,Vorkath,vorkath_sleeping_noop,1782,7946,true
8059,Vorkath,vorkath_sleeping,1782,7946,true
8060,Vorkath,vorkath_quest,1782,7948 7947,true
8061,Vorkath,vorkath,1782,7948 7947,true
8062,Zombified Spawn,vorkath_spawn_quest,1783,7888 7887,true
8063,Zombified Spawn,vorkath_spawn,1783,7888 7887,true
8064,Stone Guardian,ds2_golem_melee,1785,7922 7926,true
8065,Stone Guardian,ds2_golem_ranged,1785,7922 7926,true
8066,Stone Guardian,ds2_golem_magic,1785,7922 7926,true
8067,Zombie,ds2_zombie_melee,1288,5576 5577 5793 5792 5791,true
8068,Zombie,ds2_zombie_ranged,1288,5572 5570 5790 5788 5789,true
8069,Zombie,ds2_zombie_magic,1288,5565 5570 5790 5788 5789,true
8070,Skeleton,ds2_skeleton_melee,1291,5483 5479,true
8071,Skeleton,ds2_skeleton_ranged,1291,5483 5479,true
8072,Skeleton,ds2_skeleton_magic,1291,5483 5479,true
8073,Green dragon,ds2_green_dragon_flying,1080,7870,true
8074,Blue dragon,ds2_blue_dragon_flying,1080,7870,true
8075,Red dragon,ds2_red_dragon_flying,1080,7870,true
8076,Green dragon,ds2_green_dragon_cutscene_flying,1080,7870,true
8077,Blue dragon,ds2_blue_dragon_cutscene_flying,1080,7870,true
8078,Red dragon,ds2_red_dragon_cutscene_flying,1080,7870,true
8079,Red dragon,ds2_red_dragon,1080,90 79,true
8080,Iron dragon,ds2_iron_dragon,1080,90 79,true
8081,Brutal green dragon,ds2_brut_green_dragon,1080,90 79,true
8082,Green dragon,ds2_green_dragon,1080,90 79,true
8083,Blue dragon,ds2_blue_dragon,1080,90 79,true
8084,Black dragon,ds2_black_dragon_cutscene,1080,90 79,true
8085,Black dragon,ds2_black_dragon,1080,90 79,true
8086,Steel dragon,ds2_steel_dragon,1080,90 79,true
8087,Brutal red dragon,ds2_brut_red_dragon,1080,90 79,true
8088,Mithril dragon,ds2_mithril_dragon_cutscene,1080,90 79,true
8089,Mithril dragon,ds2_mithril_dragon,1080,90 79,true
8090,Adamant dragon,ds2_adamant_dragon,1080,90 79,true
8091,Rune dragon,ds2_rune_dragon,1080,90 79,true
8092,Brutal black dragon,ds2_brut_black_dragon_cutscene,1080,90 79,true
8093,Brutal black dragon,ds2_brut_black_dragon,1080,90 79,true
8094,Galvek,galvek_waves,1778,7902,true
8095,Galvek,galvek_fire,1778,7902,true
8096,Galvek,galvek_water,1778,7903,true
8097,Galvek,galvek_wind,1778,7903,true
8098,Galvek,galvek_earth,1778,7902,true
8099,<col=00ffff>Tsunami</col>,galvek_tsunami,1779,7877,true
8102,Dallas Jones,dallas_jones_vault,0,808 819 820 821 822,true
8103,Dallas Jones,dallas_jones_vault_2,0,808 819 820 821 822,true
8104,Dallas Jones,dallas_jones_cutscene,0,808 819 820 821 822,true
8107,Jardric,jardric_lithkren,297,101 98,true
8108,Jardric,ds2_jardric_crossbow,297,7861 7862,true
8109,,jardric_dungeon,297,101 98,true
8110,,jardric_varrock,297,101 98,true
8112,Bob,death_growncat_black_dream,280,317 314,true
8113,Bob,death_growncat_black_vault,280,317 314,true
8114,Bob,death_growncat_black_vault_2,280,317 314,true
8115,Bob,death_growncat_black_cutscene,280,317 314,true
8116,Not Bob,not_bob,280,317 314,true
8117,Not Bob,not_bob_cutscene,280,317 314,true
8118,Neite,dream_neite,280,317 314,true
8119,Unferth,dream_unferth,0,808 819 820 821 822,true
8120,Dragonkin,dream_dragonkin,1762,2688 2689,false
8121,Camorra,dream_camorra,0,2065 2064,true
8122,Tristan,dream_tristan,0,808 819 820 821 822,true
8123,Aivas,dream_aivas,0,2074 2076,true
8124,Robert the Strong,dream_robert,0,808 819 820 821 822,true
8125,Dragonkin,flashback_dragonkin,1762,2688 2689,false
8126,Camorra,flashback_camorra,0,2065 2064,true
8127,Tristan,flashback_tristan,0,808 819 820 821 822,true
8128,Aivas,flashback_aivas,0,2074 2076,true
8129,Robert the Strong,flashback_robert,0,808 819 820 821 822,true
8130,Odysseus,flashback_odysseus,323,2668 2667,true
8132,Eniola,rc_zmi_banker,0,8764 8763,true
8133,Odovacar,lotr_banker,0,8764 8763,true
8134,Sarah,sarah_corvo,0,808 819 820 821 822,true
8135,Dragonkin,zorgoth_cutscene,1762,2688 2689,false
8136,Zorgoth,zorgoth_vault,1762,2688 2689,false
8137,Spider,laboratory_spider,1427,6247 6248,false
8138,Spider,laboratory_spider_aggressive,1427,6247 6248,false
8139,Skeleton,wrath_skeleton,1288,5565 5570 5790 5788 5789,true
8140,Skeleton,wrath_skeleton_axe,1288,5565 5570 5790 5788 5789,false
8141,,niete_burthorpe,280,317 314,true
8144,<col=00ffff>Dragon head</col>,ds2_dragon_head_lit,1770,7896,false
8145,Brundt the Chieftain,ds2_fleet_brundt,0,808 819 820 821 822,true
8146,Thorvald the Warrior,ds2_fleet_thorvald,0,813 819 820 821 822,true
8147,Peer the Seer,ds2_fleet_peer,0,813 1205 1206 1207 1208,true
8148,Swensen the Navigator,ds2_fleet_swensen,0,813 819 820 821 822,true
8149,White Knight,ds2_white_knight,0,2561 2562,true
8150,Paladin,ds2_paladin,0,808 819 820 821 822,true
8151,Koschei the Deathless,ds2_fleet_koschei,0,813 819 820 821 822,true
8152,Koschei the Deathless,ds2_fleet_koschei_2,0,813 819 820 821 822,true
8153,Brundt the Chieftain,ds2_battle_brundt,0,808 819 820 821 822,true
8154,Wise Old Man,ds2_battle_wom,0,813 1146 820 821 822,true
8155,Jardric,ds2_battle_jardric,297,7861 7862,true
8156,Achietties,ds2_battle_achietties,0,808 819 820 821 822,true
8157,Sir Tiffy Cashien,ds2_battle_sir_tiffy_cashien,0,808 819 820 821 822,true
8158,Oneiromancer,ds2_battle_oneiromancer,0,4424 4426 4427 4428 4429,false
8159,Bob,death_growncat_black_fleet,280,317 314,true
8160,Soldier,ds2_battle_soldier,0,808 819 820 821 822,true
8161,Brundt the Chieftain,ds2_battle_brundt_final,0,808 819 820 821 822,true
8162,Wise Old Man,ds2_battle_wom_final,0,813 1146 820 821 822,true
8163,Historian Duffy,raids_temple_duffy_visible,0,6393 6395,true
8164,Achietties,ds2_battle_achietties_final,0,808 819 820 821 822,true
8165,Sir Tiffy Cashien,ds2_battle_sir_tiffy_cashien_final,0,808 819 820 821 822,true
8166,Oneiromancer,ds2_battle_oneiromancer_final,0,4424 4426 4427 4428 4429,false
8167,Zorgoth,zorgoth_fleet,1762,2688 2689,false
8168,Soldier,ds2_cutscene_soldier,0,808 819 820 821 822,true
8169,Brundt the Chieftain,ds2_cutscene_brundt,0,808 819 820 821 822,true
8170,Wise Old Man,ds2_cutscene_wom,0,813 1146 820 821 822,true
8171,Jardric,ds2_cutscene_jardric,297,7861 7862,true
8172,Achietties,ds2_cutscene_achietties,0,808 819 820 821 822,true
8173,Sir Tiffy Cashien,ds2_cutscene_sir_tiffy_cashien,0,808 819 820 821 822,true
8174,Oneiromancer,ds2_cutscene_oneiromancer,0,4424 4426 4427 4428 4429,false
8175,Zorgoth,zorgoth_fleet_cutscene,1762,2688 2689,false
8176,Zorgoth,zorgoth_fleet_cutscene_large,1762,2688 2689,false
8177,Galvek,galvek_cutscene,1778,7902 7912,true
8178,Galvek,galvek_earth_cutscene,1778,7902,true
8179,Galvek,galvek_earth_dead,1778,7916,true
8180,Amelia,shayzien_historian,0,808 819 820 821 822,true
8181,Jonathan,hosidius_historian,0,808 819 820 821 822,true
8182,Natural Historian,raids_temple_historian_visible,0,808 819 820 821 822,true
8183,Little Parasite,poh_nightmare_pet_parasite,1905,8553,true
8184,,kourend_protester,0,9018 9017 9021 9020,true
8185,,kourend_protester_2,0,808 819 820 821 822,true
8186,,kourend_protester_3,1862,8201,true
8187,,kourend_protester_4,297,101 98,true
8188,<col=00ffff>Boulder</col>,shayzienquest_boulder,1787,7970,true
8189,Grave digger,shayzienquest_gravedigger,0,2561 2562,false
8190,,raids_temple_gnosi,1862,8201,true
8191,,raids_temple_duffy,0,6393 6395,true
8192,,raids_temple_historian,0,808 819 820 821 822,true
8193,James,bond_james_visible,0,808 819 820 821 822,true
8194,Growthling,gb_growthling,506,3259 3261,true
8195,Bryophyta,gb_mossgiant,1081,4656 4654,false
8196,Puppadile,poh_dogadile_pet,1667,7417 7982,true
8197,Tektiny,poh_tekton_pet,1668,7476 7477,true
8198,Vanguard,poh_vanguard_pet,1669,7430 7429,true
8199,Vasa Minirio,poh_vasa_pet,1666,7416 7411,true
8200,Vespina,poh_vespula_pet,1670,7449 7448,true
8201,Puppadile,dogadile_pet,1667,7417 7982,true
8202,Tektiny,tekton_pet,1668,7476 7983,true
8203,Vanguard,vanguard_pet,1669,7430 7984,true
8204,Vasa Minirio,vasa_pet,1666,7416 7985,true
8205,Vespina,vespula_pet,1670,7449 7986,true
8206,,myq4_garth,0,808 819 820 821 822,true
8207,Garth,myq4_garth_cutscene,0,808 819 820 821 822,true
8208,Mysterious Stranger,myq4_stranger_cutscene,0,808 819 820 821 822,true
8209,Vyrelord,myq4_noble_1,1914,8703 8702,false
8210,Vyrelady,myq4_noble_2,1914,8701 8702,true
8211,Meiyerditch citizen,myq4_citizen,0,808 819 820 821 822,true
8212,,myq4_harpert,0,808 819 820 821 822,true
8213,Mercenary,myq4_melee_mercenary_visible,0,7053 7052 7048 7047,true
8214,Mercenary,myq4_ranged_mercenary_visible,0,808 819 820 821 822,true
8215,Mercenary,myq4_magic_mercenary_visible,0,813 1205 1206 1207 1208,true
8216,Safalaan Hallow,myq4_safalaan_visible,0,808 819 820 821 822,true
8217,Safalaan Hallow,myq4_safalaan_cutscene,0,808 819 820 821 822,true
8218,Safalaan Hallow,myq4_safalaan_hurt,0,8045 819 820 821 822,true
8219,Safalaan Hallow,myq4_safalaan_hurt_op,0,8045 819 820 821 822,true
8220,Vertida Sefalatis,myq4_vertida_visible,0,808 819 820 821 822,true
8221,Vertida Sefalatis,myq4_vertida_combat,0,808 819 820 821 822,true
8222,Vertida Sefalatis,myq4_vertida_combat_op,0,808 819 820 821 822,true
8223,Vertida Sefalatis,myq4_vertida_combat_cutscene,0,808 819 820 821 822,true
8224,Flaygian Screwte,myq4_flaygian_visible,0,808 819 820 821 822,true
8225,Flaygian Screwte,myq4_flaygian_cutscene,0,808 819 820 821 822,true
8226,Mekritus A'hara,myq4_mekritus_visible,0,808 819 820 821 822,true
8227,Mekritus A'hara,myq4_mekritus_cutscene,0,808 819 820 821 822,true
8228,Andiess Juip,myq4_andiess_visible,0,808 819 820 821 822,true
8229,Andiess Juip,myq4_andiess_cutscene,0,808 819 820 821 822,true
8230,Kael Forshaw,myq4_kael_visible,0,808 819 820 821 822,true
8231,Kael Forshaw,myq4_kael_visible_noweapon,0,808 819 820 821 822,true
8232,Kael Forshaw,myq4_kael_cutscene,0,808 819 820 821 822,true
8233,Kael Forshaw,myq4_kael_hurt,0,6284 819 820 821 822,true
8234,,morytania_wandering_ghost,1289,5530 5531,true
8235,Meiyerditch citizen,myq4_citizen_2,0,808 819 820 821 822,true
8236,Meiyerditch citizen,myq4_citizen_9,0,808 819 820 821 822,true
8237,Meiyerditch citizen,myq4_citizen_11,0,808 819 820 821 822,true
8238,Vanstrom Klause,myq4_vanstrom_human,1098,4702 8032,true
8239,Vanstrom Klause,myq4_vanstrom_vampyre,1098,4702 8032,true
8240,Vanstrom Klause,myq4_vanstrom_vampyre_flying,1099,4690 4684,true
8241,Ranis Drakan,myq4_ranis_human,1098,8031 8032,false
8242,Ranis Drakan,myq4_ranis_vampyre,1098,8031 8032,true
8243,Ranis Drakan,myq4_ranis_vampyre_flying,1099,4690 4684,true
8244,Ranis Drakan,myq4_ranis_vampyre_combat,1098,8031 8032,true
8245,Ranis Drakan,myq4_ranis_vampyre_transition,1098,8031 8032,true
8246,Ranis Drakan,myq4_ranis_vampyre_flying_combat,1099,4690 4684,true
8247,Ranis Drakan,myq4_ranis_vampyre_flying_transition,1099,4690 4684,true
8248,Ranis Drakan,myq4_ranis_vampyre_combat_enrage,1098,8031 8032,true
8249,Vanescula Drakan,myq4_vanescula_human,1098,4703 4699,true
8250,Verzik Vitur,myq4_verzik_human,1796,8051,false
8251,Vyrewatch,myq4_bank_guard,1098,4702 4699,true
8252,Vyrewatch,myq4_vyrewatch_1_crowd,1098,4703 4700,true
8253,Vyrewatch,myq4_vyrewatch_2_crowd,1098,4702 4699,true
8254,Vyrewatch,myq4_vyrewatch_3_crowd,1098,4702 4699,true
8255,Vyrewatch,myq4_vyrewatch_4_crowd,1098,4703 4700,true
8256,Vyrewatch,myq4_vyrewatch_1,1098,4703 4700,true
8257,Vyrewatch,myq4_vyrewatch_2,1098,4702 4699,true
8258,Vyrewatch,myq4_vyrewatch_3,1098,4702 4699,true
8259,Vyrewatch,myq4_vyrewatch_4,1098,4703 4700,true
8260,Abomination,myq4_abomination_cutscene,1805,8022 8028 8023,true
8261,Abomination,myq4_abomination_cutscene_weakened,1805,8022 8028 8023,true
8262,Abomination,myq4_abomination,1805,8022 8028 8023,true
8263,Nylocas Ischyros,myq4_nylocas_1,1800,8002 8003,true
8264,Nylocas Toxobolos,myq4_nylocas_2,1801,7993 7997,true
8267,Andras,slepe_boatman,0,808 819 820 821 822,true
8268,Andras,slepe_boatman_return,0,808 819 820 821 822,true
8269,Yenrab,slepe_posh_man1,0,808 819 820 821 822,true
8270,Lahsram,slepe_posh_man2,0,808 819 820 821 822,true
8271,Erodoeht,slepe_posh_man3,0,808 819 820 821 822,true
8272,,myq5_safalaan_graveyard_walk,0,808 819 820 821 822,true
8273,Lector Gura,slepe_lector,1304,5875 5876,true
8274,Sister Sevi,slepe_sister1,0,808 819 820 821 822,false
8275,Sister Toen,slepe_sister2,0,808 819 820 821 822,false
8276,Sister Yram,slepe_sister3,0,808 819 820 821 822,false
8277,,myq5_veliaf_burgh_hideout,0,808 819 820 821 822,true
8278,,myq5_veliaf_slepe,0,808 819 820 821 822,true
8279,,myq5_safalaan_lab,0,808 819 820 821 822,true
8280,,myq5_safalaan_lab_inner,0,808 819 820 821 822,true
8281,,myq5_kael_graveyard,0,808 819 820 821 822,true
8282,,myq5_vertida_graveyard,0,808 819 820 821 822,true
8283,,myq5_radigad_burgh_hideout,0,808 819 820 821 822,true
8284,,myq5_radigad_graveyard,0,808 819 820 821 822,true
8285,,myq5_radigad_hideout,0,808 819 820 821 822,true
8286,,myq5_polmafi_burgh_hideout,0,808 819 820 821 822,true
8287,Lady Crombwick,slepe_posh_woman1,0,8049,true
8288,Nemishka,slepe_posh_man4,0,8049,true
8289,,myq5_polmafi_graveyard,0,808 819 820 821 822,true
8290,,myq5_polmafi_hideout,0,808 819 820 821 822,true
8291,,myq5_vanescula_mausoleum,1914,8701 8702,true
8292,,myq5_vanescula_graveyard,1914,8701 8702,true
8293,,myq5_maria,0,808 819 820 821 822,true
8294,,myq5_ron,2402,2331 12042,true
8295,,route_curpile_fyod,0,808 819 820 821 822,true
8296,,route_sani_piliu,0,808 819 820 821 822,true
8297,Swamp Crab,swampcrab,539,1310 1311,true
8298,Swamp Crab,swampcrab_bloom,539,1310 1311,true
8299,Swampy log,swampcrab_inactive,539,1315 1311,true
8300,Vyrewatch,slepe_vyrewatch_female_1,1098,4703 4700,true
8301,Vyrewatch,slepe_vyrewatch_female_2,1098,4703 4700,true
8302,Vyrewatch,slepe_vyrewatch_female_3,1098,4703 4700,true
8303,Vyrewatch,slepe_vyrewatch_female_4,1098,4703 4700,true
8304,Vyrewatch,slepe_vyrewatch_male_1,1098,4702 4699,true
8305,Vyrewatch,slepe_vyrewatch_male_2,1098,4702 4699,true
8306,Vyrewatch,slepe_vyrewatch_male_3,1098,4702 4699,true
8307,Vyrewatch,slepe_vyrewatch_male_4,1098,4702 4699,true
8308,,myq4_melee_mercenary,0,7053 7052 7048 7047,true
8309,,myq4_ranged_mercenary,0,808 819 820 821 822,true
8310,,myq4_magic_mercenary,0,813 1205 1206 1207 1208,true
8311,,myq4_safalaan_basement,0,808 819 820 821 822,true
8312,,myq4_safalaan_new_hideout,0,808 819 820 821 822,true
8313,,myq4_vertida_new_hideout,0,808 819 820 821 822,true
8314,,myq4_flaygian,0,808 819 820 821 822,true
8315,,myq4_mekritus,0,808 819 820 821 822,true
8316,,myq4_andiess,0,808 819 820 821 822,true
8317,,myq4_kael,0,808 819 820 821 822,true
8318,,myq4_kael_new_hideout,0,808 819 820 821 822,true
8319,,myq4_kael_theatre,0,808 819 820 821 822,true
8320,Meiyerditch citizen,myq4_citizen_1,0,808 819 820 821 822,true
8321,Banker,vampyre_banker_female,1098,4703 4700,true
8322,Banker,vampyre_banker_male,1098,4702 4699,true
8323,,tob_male_orator,1098,4702 4699,true
8324,,tob_female_orator,1098,4703 4700,true
8325,,tob_stranger,0,808 819 820 821 822,true
8326,Vampyre Juvenile,tob_door_guard,1098,4702 4699,true
8327,Vampyre Juvenile,tob_door_guard_inner,1098,4703 4700,true
8328,,tob_citizen_1,0,808 819 820 821 822,true
8329,,tob_citizen_2,0,808 819 820 821 822,true
8330,,tob_citizen_3,0,808 819 820 821 822,true
8331,,tob_citizen_4,0,808 819 820 821 822,true
8332,Vyrelord,tob_noble_1,1914,8703 8702,false
8333,Vyrelady,tob_noble_2,1914,8701 8702,true
8334,Vyrelord,tob_noble_3,1914,8703 8702,false
8335,Vyrelady,tob_noble_4,1914,8701 8702,true
8336,Lil' Zik,poh_verzik_pet,1810,8120 8122,true
8337,Lil' Zik,verzik_pet,1810,13135 8122,true
8338,Xarpus,tob_xarpus_static,1811,8060,true
8339,Xarpus,tob_xarpus_feeding,1811,8060,true
8340,Xarpus,tob_xarpus_combat,1811,8058,true
8341,Xarpus,xarpus_death,1811,8063,true
8342,Nylocas Ischyros,tob_nylocas_incoming_melee,1800,8002 8003,true
8343,Nylocas Toxobolos,tob_nylocas_incoming_ranged,1801,7993 7997,true
8344,Nylocas Hagios,tob_nylocas_incoming_magic,1799,7988 7987,true
8345,Nylocas Ischyros,tob_nylocas_big_incoming_melee,1800,8002 8003,true
8346,Nylocas Toxobolos,tob_nylocas_big_incoming_ranged,1801,7993 7997,true
8347,Nylocas Hagios,tob_nylocas_big_incoming_magic,1799,7988 7987,true
8348,Nylocas Ischyros,tob_nylocas_fighting_melee,1800,8002 8003,true
8349,Nylocas Toxobolos,tob_nylocas_fighting_ranged,1801,7993 7997,true
8350,Nylocas Hagios,tob_nylocas_fighting_magic,1799,7988 7987,true
8351,Nylocas Ischyros,tob_nylocas_big_fighting_melee,1800,8002 8003,true
8352,Nylocas Toxobolos,tob_nylocas_big_fighting_ranged,1801,7993 7997,true
8353,Nylocas Hagios,tob_nylocas_big_fighting_magic,1799,7988 7987,true
8354,Nylocas Vasilias,nylocas_boss_spawning,1800,8002 8003,true
8355,Nylocas Vasilias,nylocas_boss_melee,1800,8002 8003,true
8356,Nylocas Vasilias,nylocas_boss_magic,1799,7988 7987,true
8357,Nylocas Vasilias,nylocas_boss_ranged,1801,7993 7997,true
8359,Pestilent Bloat,tob_bloat,1823,8080 8081,true
8360,The Maiden of Sugadinti,tob_maiden_100,1812,8090,true
8361,The Maiden of Sugadinti,tob_maiden_70,1812,8090,true
8362,The Maiden of Sugadinti,tob_maiden_50,1812,8090,true
8363,The Maiden of Sugadinti,tob_maiden_30,1812,8090,true
8364,The Maiden of Sugadinti,tob_maiden_dying_a,1812,8090,true
8365,The Maiden of Sugadinti,tob_maiden_dying_b,1812,8090,true
8366,Nylocas Matomenos,maiden_elemental,1821,8096 8095,true
8367,Blood spawn,maiden_blood_slug,1814,8102 8101,true
8368,Abigaila,tob_spectator_misthalin,0,1824,true
8369,,verzik_initial,1796,8107,true
8370,Verzik Vitur,verzik_phase1,1796,8107,false
8371,Verzik Vitur,verzik_phase1_to2_transition,1808,8112,true
8372,Verzik Vitur,verzik_phase2,1808,8113,true
8373,Verzik Vitur,verzik_phase2_to3_transition,1810,8120 8121,true
8374,Verzik Vitur,verzik_phase3,1810,8120 8121,true
8375,Verzik Vitur,verzik_death_bat,1809,8129,true
8381,Nylocas Ischyros,verzik_nylocas_melee,1800,8002 8003,true
8382,Nylocas Toxobolos,verzik_nylocas_ranged,1801,7993 7997,true
8383,Nylocas Hagios,verzik_nylocas_magic,1799,7988 7987,true
8384,Nylocas Athanatos,tob_verzik_phase2_armourednylocas,1798,8076 8077,true
8385,Nylocas Matomenos,tob_verzik_phase2_bloodnylocas,1821,8096 8095,true
8386,,tob_verzik_creeper,1818,8100,true
8387,Sotetseg,tob_sotetseg_noncombat,1822,8137 8136,false
8388,Sotetseg,tob_sotetseg_combat,1822,8137 8136,false
8389,,tob_sotetseg_creeper,1818,8100,true
8392,,deadman_final_firegiant,1081,4662 4660,true
8393,,deadman_final_firegiant_2,1081,4663 4661,true
8394,,deadman_final_firegiant_3,1081,4663 4661,true
8395,,deadman_final_murahs1,0,6487 6486,true
8396,,deadman_final_murahs2,0,6487 6486,true
8397,,deadman_final_murahs3,0,5254 5250,true
8398,,deadman_final_mummy_on_fire1,1286,5548 5552,true
8399,,deadman_final_mummy1,1286,5548 5552,true
8400,Monk of Zamorak,chaos_temple_monk1,0,808 819 820 821 822,true
8401,Monk of Zamorak,chaos_temple_monk2,0,808 819 820 821 822,true
8406,,my2arm_leprechaun,2402,2904 12042,true
8407,Wise Old Man,wom_unarmed,0,808 819 820 821 822,true
8408,,my2arm_wom_endquest,0,808 819 820 821 822,true
8409,Wise Old Man,wom_dead,0,6280,true
8410,Wise Young Man,wise_young_man,0,813 1205 1206 1207 1208,true
8411,My Arm,myarm_prison,461,4986 283,true
8412,,myarm_multi_teacher,461,4986 283,true
8413,,myarm_multi_larry,461,4986 283,true
8414,,myarm_multi_cliffbottom,461,4986 283,true
8415,,myarm_multi_throneroom,461,4986 283,true
8416,,myarm_multi_outside,461,4986 283,true
8417,,myarm_multi_postquest,461,4986 283,true
8418,,myarm_multi_dibber,461,4986 283,true
8419,Drunken Dwarf's Leg,myarm_troll_deaddwarf_dibber,461,286 283,false
8420,,myarm_pupil_multi,461,286 283,true
8421,,myarm_pupil_dibber_multi,461,286 283,true
8422,Squirrel,arctic_squirrel,325,3212 3210,true
8423,,my2arm_ambassador_multi,333,8154 8150,true
8424,Wolfbone,my2arm_ambassador,333,8154 8150,true
8425,Mother,my2arm_mother,333,8154 8150,true
8426,Mother,my2arm_mother_enthroned,333,8157,false
8427,,my2arm_mother_multi_standing,333,8154 8150,true
8428,Mother,my2arm_mother_battle_melee,333,8154 8150,true
8429,Mother,my2arm_mother_battle_ranged,333,8154 8150,true
8430,Mother,my2arm_mother_battle_magic,333,8154 8150,true
8431,Snowflake,my2arm_snowflake,333,8154 8151,true
8432,,my2arm_snowflake_outside,333,8154 8151,true
8433,,my2arm_snowflake_postquest,333,8154 8151,true
8434,Odd Mushroom,my2arm_mushroom,333,8155 8152,true
8435,Odd Mushroom,my2arm_mushroom_dying,333,8162,true
8436,,my2arm_mushroom_throneroom,333,8155 8152,true
8437,,my2arm_mushroom_outside,333,8155 8152,true
8438,Don't Know What,my2arm_dontknowwhat,333,8156 8153,true
8439,Don't Know What,my2arm_dontknowwhat_battle,333,8156 8153,true
8440,Don't Know What,my2arm_dontknowwhat_stunned,333,8165,true
8441,,my2arm_dontknowwhat_throneroom,333,8156 8153,true
8442,Boulder,my2arm_sentry_boulder,333,8154 8150,true
8443,,my2arm_sentry_boulder_background,333,8154 8150,true
8444,Root,my2arm_sentry_root_background,333,8154 8150,true
8445,Root,my2arm_sentry_root_patrolling,333,8154 8150,true
8446,Icicle,my2arm_sentry_icicle_background,333,8154 8150,true
8447,Icicle,my2arm_sentry_icicle_patrolling,333,8154 8150,true
8448,Driftwood,my2arm_sentry_driftwood_background,333,8154 8150,true
8449,Driftwood,my2arm_sentry_driftwood_patrolling,333,8154 8150,true
8450,Pebble,my2arm_sentry_pebble_background,333,8154 8150,true
8451,Pebble,my2arm_sentry_pebble_patrolling,333,8154 8150,true
8452,Goat Poo,my2arm_sentry_goatpoo_background,333,8154 8150,true
8453,Goat Poo,my2arm_sentry_goatpoo_patrolling,333,8154 8150,true
8454,Yellow Snow,my2arm_sentry_yellowsnow_background,333,8154 8150,true
8455,Yellow Snow,my2arm_sentry_yellowsnow_patrolling,333,8154 8150,true
8456,Butterfly,my2arm_sentry_butterfly,333,8154 8150,true
8457,,my2arm_sentry_butterfly_fakespectator,333,8154 8150,true
8458,,my2arm_sentry_butterfly_background,333,8154 8150,true
8459,Butterfly,my2arm_sentry_butterfly_patrolling,333,8154 8150,true
8460,Odd Stone,my2arm_sentry_oddstone,333,8154 8150,true
8461,,my2arm_sentry_oddstone_fakespectator,333,8154 8150,true
8462,,my2arm_sentry_oddstone_background,333,8154 8150,true
8463,Odd Stone,my2arm_sentry_oddstone_patrolling,333,8154 8150,true
8464,Squirrel,my2arm_sentry_squirrel,333,8154 8150,true
8465,,my2arm_sentry_squirrel_fakespectator,333,8154 8150,true
8466,,my2arm_sentry_squirrel_background,333,8154 8150,true
8467,Squirrel,my2arm_sentry_squirrel_patrolling,333,8154 8150,true
8468,,my2arm_entry_quest,333,8154 8150,true
8469,,my2arm_entry_postquest,333,8154 8150,true
8470,Troll,my2arm_flashback_troll_1,333,8154 8150,true
8471,Troll,my2arm_flashback_troll_2,333,8154 8150,true
8472,Troll,my2arm_flashback_troll_3,333,8154 8150,true
8473,Troll,my2arm_flashback_troll_4,333,8154 8150,true
8474,Black Guard,my2arm_flashback_dwarf_1,297,101 98,true
8475,Black Guard,my2arm_flashback_dwarf_2,297,101 98,true
8476,Black Guard,my2arm_flashback_dwarf_3,297,101 98,true
8477,,my2arm_mother_multi_enthroned,333,8157,true
8478,,my2arm_mother_battle,333,8154 8150,true
8482,Smoke Devil,poh_smoke_pet_old,1619,1829 1828,true
8483,Smoke Devil,smoke_pet_old,1619,1829 1828,true
8484,Veos,veos_visible,0,813 1205 1206 1207 1208,true
8485,Eek,hw18_spider_eek,1427,6247 6248,false
8487,Makeover Mage,1v1arena_makeover,0,813 1205 1206 1207 1208,true
8488,,deadman_final_icegiant,1081,4670 4669,false
8489,,deadman_final_icegiant2,1081,4670 4669,false
8490,,deadman_final_icegiant3,1081,4670 4669,false
8491,The Collector,vm_collector,0,6657 6658,true
8492,Ikkle Hydra,hydra_pet,1851,8233 8296,true
8493,Ikkle Hydra,hydra_pet_electric,1855,8298 8297,true
8494,Ikkle Hydra,hydra_pet_fire,1853,8247 8299,true
8495,Ikkle Hydra,hydra_pet_extinguished,1854,8254 8300,true
8496,Dwarf,fai_dwarf_worker_09,297,101 98,true
8497,,akd_martin_holt_jailed,0,808 819 820 821 822,true
8498,,kourend_protester_5,0,9018 9017 9021 9020,true
8499,,kourend_protester_6,0,9018 9017 9021 9020,true
8500,Old dwarf,lova_tinker,297,2155 2154,true
8501,Mori,arcquest_mori_visible,1862,8201,true
8502,Mori,arcquest_mori_postquest_visible,1862,8201,true
8503,Survival Expert,newbie_survival_instructor,0,808 819 820 821 822,true
8504,Lord Trobin Arceuus,trobin_arceuus_focus_visible,1861,8203,true
8505,Lord Trobin Arceuus,trobin_arceuus_visible,1861,8202,true
8506,,kourend_protester_7,1862,8201,true
8507,Tower Mage,arcquest_towermage1,1862,8201,false
8508,Tower Mage,arcquest_towermage2,1862,8201,false
8509,Tower Mage,arcquest_towermage3,1862,8201,true
8510,Tower Mage,arcquest_towermage4,1862,8201,true
8511,Tower Mage,arcquest_towermage5,1862,8201,true
8512,Tormented Soul,arcquest_ghost1,1289,5530 5531,true
8513,Tormented Soul,arcquest_ghost2,1289,5530 5531,true
8514,Trapped Soul,arcquest_soul,1288,5565 5570 5790 5788 5789,true
8515,Alyssa,arcquest_maid,0,808 819 820 821 822,false
8517,Ikkle Hydra,poh_hydra_pet,1851,8233 8232,true
8518,Ikkle Hydra,poh_hydra_pet_electric,1855,8240 8239,true
8519,Ikkle Hydra,poh_hydra_pet_fire,1853,8247 8246,true
8520,Ikkle Hydra,poh_hydra_pet_extinguished,1854,8254 8253,true
8521,Alry the Angler,fishing_npc_angler,0,5160 5164,true
8522,Cormorant,fishing_cormorant_on_perch,1238,5203 5284,true
8523,Fishing spot,fishing_spot_aerial,1863,8204 448,false
8523,Fishing spot,fishing_spot_aerial,755,8204 448,false
8524,Rod Fishing spot,0_19_57_freshfish,1701,7634,false
8525,Fishing spot,0_18_57_memberfish,1701,7634,false
8526,Fishing spot,0_19_58_memberfish,1701,7634,false
8527,Fishing spot,0_18_58_memberfish,1701,7634,false
8528,Trapped Soul,nzone_arceuusquest_soul_normal,1288,5565 5570 5790 5788 5789,true
8529,Trapped Soul (hard),nzone_arceuusquest_soul_hard,1288,5565 5570 5790 5788 5789,true
8530,Amelia,kebos_seed_merchant,0,808 819 820 821 822,true
8531,Allanna,kebos_farming_store,0,808 819 820 821 822,true
8532,Jatix,jatix,0,808 819 820 821 822,true
8533,Nikkie,farming_gardener_farmguild_t3,0,808 819 820 821 822,true
8534,Rosie,farming_gardener_farmguild_t2,0,808 819 820 821 822,true
8535,Alan,farming_gardener_farmguild_t1,0,808 819 820 821 822,true
8536,Alexandra,farming_gardener_farmguild_redwood,0,808 819 820 821 822,true
8537,Latlink Fastbell,farming_gardener_spirit_tree_5,2402,2331 12042,true
8538,Elise,elise_kourend_kebos_diary,0,808 819 820 821 822,true
8539,arc_test_01,arceuus_lord_test_01,1861,8202,true
8540,arc_test_02,arceuus_lord_test_02,1861,8202,true
8541,Little Parasite,nightmare_pet_parasite,1905,8553,true
8542,Royal Guard,kourend_royal_guard_male,0,808 819 820 821 822,true
8543,Royal Guard,kourend_royal_guard_female,0,808 819 820 821 822,true
8544,Undor,wint_master_smith_normal,297,101 98,true
8545,Undor,wint_master_smith_dinh,297,101 98,true
8548,Darcor quo Narga,kahlith_guardian_1,1847,8212 8213,true
8549,Uurrak quo Narga,kahlith_guardian_2,1847,8212 8213,true
8550,Marmor quo Narga,kahlith_guardian_3,1847,8212 8213,true
8551,Lornor quo Narga,kahlith_guardian_4,1847,8212 8213,true
8552,Gorhak quo Narga,kahlith_guardian_bank,1847,8212 8213,true
8553,Fornek quo Maten,kahlith_hunter_1,1847,8210 8211,true
8554,Vornas quo Maten,kahlith_hunter_2,1847,8210 8211,true
8555,Xorrah quo Sihar,kahlith_mystic_main,1847,8212 8213,true
8556,Corkat quo Sihar,kahlith_mystic_1,1847,8212 8213,true
8557,Lokraa quo Sihar,kahlith_mystic_2,1847,8212 8213,true
8558,Wengra quo Sihar,kahlith_mystic_3,1847,8212 8213,true
8559,Haldor quo Keran,kahlith_artisan_1,1847,8212 8213,true
8560,Vortas quo Keran,kahlith_artisan_2,1847,8212 8213,true
8561,Mallak quo Keran,kahlith_artisan_3,1847,8212 8213,true
8562,Richard Flintmaul,richard_flintmaul,297,101 98,true
8563,Lizardman,molch_lizardman_1,1633,7191 7195,true
8564,Lizardman brute,molch_lizardbrute_1,1633,7191 7195,true
8565,Lizardman shaman,molch_lizardshaman_1,1633,7191 7195,true
8566,Ranger,molch_shay_bowmen_1,0,808 819 820 821 822,true
8567,Soldier,molch_shay_spearmen_1,0,813 1205 1206 1207 1208,true
8568,Soldier,molch_shay_swordsmen_1,0,808 819 820 821 822,true
8569,Doyen,molch_shay_spearmen_2,0,813 1205 1206 1207 1208,true
8570,Doyen,molch_shay_swordsmen_2,0,808 819 820 821 822,true
8571,Nurse Emma Gentsy,molch_shay_nurse,0,808 819 820 821 822,true
8572,Wounded soldier,molch_shay_wounded_1,0,6282,true
8573,Wounded soldier,molch_shay_wounded_2,0,6282,true
8574,Wounded soldier,molch_shay_wounded_3,0,6282,true
8575,Soldier,molch_shay_catapult_loader,0,6657 6658 6659 6662 6663,true
8576,Lovakengj Engineer,molch_lova_engineer,297,101 98,true
8577,General Vir,molch_shay_general,0,808 819 820 821 822,true
8578,Swamp frog,molch_tree_frog,36,1796 1797,true
8579,Shayzien Infiltrator,molch_lizardman_guard,0,808 819 820 821 822,true
8580,,kourend_protester_8,297,101 98,true
8581,Ket'sal K'uk,molch_altar_shaman,1633,8199,true
8582,Ek'ans Chan,molch_city_shaman,1633,8200,true
8583,Hespori,hespori,1846,8222,false
8584,Flower,hespori_healer_active,1865,8227,true
8585,<col=00ffff>Flower</col>,hespori_healer_inactive,1865,8230,true
8586,Guildmaster Jane,farming_guild_master_1op,0,808 819 820 821 822,true
8587,Guildmaster Jane,farming_guild_master_2op,0,808 819 820 821 822,true
8588,Arno,farming_guild_hespori_farmer,0,808 819 820 821 822,true
8589,Banker,farming_guild_banker1,0,808 819 820 821 822,true
8590,Banker,farming_guild_banker2,0,808 819 820 821 822,true
8591,Rabbit,farming_guild_rabbit1,1395,6089 6088,true
8592,Rabbit,farming_guild_rabbit2,1395,6089 6088,true
8593,Rabbit,farming_guild_rabbit3,1395,6089 6088,true
8595,Felfiz Yaryus,farming_guild_anima_gardener,2402,2331 12042,true
8596,Keith,kebos_farmer_1,0,808 819 820 821 822,true
8597,,ga_mary,0,808 819 820 821 822,true
8599,Soldier,farming_guild_guard_1,0,808 819 820 821 822,true
8600,Sergeant,farming_guild_guard_2,0,808 819 820 821 822,true
8601,Ranger,farming_guild_guard_3,0,808 819 820 821 822,true
8605,Tarfol quo Maten,kahlith_hydra_hunter,1847,8210 8211,true
8606,Kormar quo Maten,kahlith_drake_hunter,1847,8210 8211,true
8607,Garbek quo Maten,kahlith_wyrm_hunter,1847,8210 8211,true
8608,Orrvor quo Maten,kahlith_alchemical_hunter,1847,8210 8211,true
8609,Hydra,hydra,1858,8260 8259,true
8610,Wyrm,wyrm_dark,1844,8266,true
8611,Wyrm,wyrm_light,1845,8267,true
8612,Drake,drake,1841,8274 8273,true
8614,Sulphur Lizard,sulphur_lizard,1848,8282 8281,true
8615,Alchemical Hydra,hydraboss,1851,8233 8232,true
8617,Alchemical Hydra,hydraboss_p2_transition,1855,8240 8239,true
8618,Alchemical Hydra,hydraboss_p3_transition,1853,8247 8246,true
8619,Alchemical Hydra,hydraboss_4,1855,8240 8239,true
8620,Alchemical Hydra,hydraboss_3,1853,8247 8246,true
8621,Alchemical Hydra,hydraboss_2,1854,8254 8253,true
8622,Alchemical Hydra,hydraboss_finaldeath,1854,8254 8253,true
8623,Konar quo Maten,slayer_master_8,1842,8219 8218,false
8624,,trobin_arceuus_focus,1861,8203,true
8625,,trobin_arceuus,1861,8202,true
8626,,wint_master_smith,297,101 98,true
8627,,lovakengj_thirus,297,101 98,true
8628,,farming_guild_master,0,808 819 820 821 822,true
8629,Taylor,farming_gardener_farmguild_celastrus,0,808 819 820 821 822,true
8630,Veos,veos_visible_travel,0,813 1205 1206 1207 1208,true
8631,Seaman Morris,seaman_morris,0,808 819 820 821 822,true
8632,,veos_lumbridge,0,813 1205 1206 1207 1208,true
8633,The Mimic,trail_mimic_combat,724,8307 8306,false
8635,Third Age Warrior,trail_mimic_spawn_melee,0,808 819 820 821 822,true
8636,Third Age Ranger,trail_mimic_spawn_ranger,0,808 819 820 821 822,true
8637,Third Age Mage,trail_mimic_spawn_mage,0,813 1205 1206 1207 1208,true
8638,Uri,trail_beginner_uri,0,808 819 820 821 822,true
8644,Saradominist recruiter,game_zone_recruiter_saradomin,0,1421 1422 1423 1424 1425,true
8665,Arthur the Clue Hunter,aide_tutor_clues,0,7271 7272,true
8666,Banker,varrock_bank_doorguard,0,808 819 820 821 822,true
8667,Puffer Fish,fossil_puffer_fish_model,1729,7663 7664,true
8668,,fossil_puffer_fish_1,1729,7663 7664,true
8669,,fossil_puffer_fish_2,1729,7663 7664,true
8670,,fossil_puffer_fish_3,1729,7663 7664,true
8671,,fossil_puffer_fish_4,1729,7663 7664,true
8672,,fossil_puffer_fish_5,1729,7663 7664,true
8673,,fossil_puffer_fish_6,1729,7663 7664,true
8674,,fossil_puffer_fish_7,1729,7663 7664,true
8675,Islwyn,roving_islwyn_2ops,0,808 819 820 821 822,true
8676,Ilfeen,roving_ilfeen_1op,0,808 819 820 821 822,true
8677,,cave_slave1,0,808 819 820 821 822,true
8678,Feral Vampyre,morytania_boot_vampyre,0,808 819 820 821 822,true
8679,Abidor Crank,morytania_boot_samaritan,0,813 1146 820 821 822,true
8680,Davon,davon,0,808 819 820 821 822,true
8681,Zenesha,zenesha,0,808 819 820 821 822,true
8682,Aemad,aemad,0,808 819 820 821 822,true
8683,Kortan,kortan,0,808 819 820 821 822,true
8684,Roachey,fishguildshop,0,808 819 820 821 822,true
8685,Frenita,frenita,0,808 819 820 821 822,true
8686,Nurmof,nurmof,297,101 98,true
8687,Tea Seller,tea_seller,0,808 819 820 821 822,true
8688,Fat Tony,fat_tony,0,808 819 820 821 822,true
8689,,deadman_final_lobby_skeleton,1291,5483 5479,true
8690,Ancient Fungi,fossil_zygomite_cap_withop,818,3328,true
8691,Ancient Fungi,fossil_zygomite_cap_noop,818,3328,true
8692,Noterazzo,noterazzo,0,808 819 820 821 822,true
8693,Diango,aprilfoolshorsesalesman,0,808 819 820 821 822,true
8694,Brian,salesman_ranging,0,808 819 820 821 822,true
8695,,mosol_rei_multi,0,813 819 820 821 822,true
8697,Leke quo Keran,kebos_spear_salesmen,1847,8210 8211,true
8698,Monk of Zamorak,chaos_temple_monk_wilderness,0,808 819 820 821 822,true
8699,Larran,slayer_larran,1290,5538 5539,true
8700,Giant frog,giant_frog_nodrops,36,1796 1797,true
8701,Big frog,medium_frog_nodrops,36,1796 1797,true
8702,Frog,little_frog_nodrops,36,1796 1797,true
8703,Temple Spider,hosdun_spider,1248,5326 5325,true
8708,Olbertus,hosdun_olbertus_cutscene,0,808 819 820 821 822,true
8709,Shaeded Beast,hosdun_shaeded_beast,1299,5616 5615,true
8711,Eodan,hosdun_eodan,0,808 819 820 821 822,true
8712,Knight of Varlamore,hosdun_varlamore_knight_visible,0,7332 819 820 821 822,true
8713,Sarachnis,sarachnis,1800,8320 8319,true
8714,Spawn of Sarachnis,sarachnis_melee_spawn,1800,8320 8319,true
8715,Spawn of Sarachnis,sarachnis_mage_spawn,1800,8320 8319,true
8716,,varlamore_sun_knight_parent,0,7332 819 820 821 822,true
8717,,hosdun_aimeri,0,6469 6468,true
8718,,hosdun_olbertus,0,808 819 820 821 822,true
8719,,hosdun_faeded_beast,1299,5616 5615,true
8720,,hosdun_varlamore_knight,0,7332 819 820 821 822,true
8721,Justine,br_reward_shopkeeper,0,808 819 820 821 822,true
8722,Silver merchant,silver_merchant_ardougne,0,808 819 820 821 822,true
8723,Gem merchant,gem_merchant_ardougne,0,808 819 820 821 822,true
8724,Baker,baker_merchant_ardougne,0,808 819 820 821 822,true
8725,Baker,baker_merchant_ardougne2,0,808 819 820 821 822,true
8726,Spice seller,spice_merchant_ardougne,0,808 819 820 821 822,true
8727,Fur trader,fur_merchant_ardougne,0,808 819 820 821 822,true
8728,Silk merchant,silk_merchant_ardougne,0,808 819 820 821 822,true
8729,Youngllef,poh_gauntlet_pet,1879,8417 8428,true
8730,Corrupted Youngllef,poh_gauntlet_pet_corrupt,1879,8417 8428,true
8731,Smolcano,poh_zalcano_pet,1878,8429 8447,true
8732,Mugger,jail_mugger_noop,0,2701 819 820 821 822,true
8733,Crab,crab_2,539,1310 1311,true
8735,,butterfly_inactive,278,362,true
8736,Moss Giant,prif_mossgiant,1081,4656 4654,false
8737,Youngllef,gauntlet_pet,1879,8417 8428,true
8738,Corrupted Youngllef,gauntlet_pet_corrupt,1879,8417 8428,true
8739,Smolcano,zalcano_pet,1878,8429 8447,true
8741,Crystal impling,ii_impling_type_12_johnny,1494,6613 6614,false
8742,Crystal impling,ii_impling_type_12_junior,1494,6613 6614,false
8743,Crystal impling,ii_impling_type_12_andy,1494,6613 6614,false
8744,Crystal impling,ii_impling_type_12_joey,1494,6613 6614,false
8745,Crystal impling,ii_impling_type_12_trouble,1494,6613 6614,false
8746,Crystal impling,ii_impling_type_12_hingy,1494,6613 6614,false
8747,Crystal impling,ii_impling_type_12_zolty,1494,6613 6614,false
8748,Crystal impling,ii_impling_type_12_neil,1494,6613 6614,false
8749,Crystal impling,ii_impling_type_12_yanny,1494,6613 6614,false
8750,Crystal impling,ii_impling_type_12_matty,1494,6613 6614,false
8751,Crystal impling,ii_impling_type_12_stace,1494,6613 6614,false
8752,Crystal impling,ii_impling_type_12_ian,1494,6613 6614,false
8753,Crystal impling,ii_impling_type_12_jamie,1494,6613 6614,false
8754,Crystal impling,ii_impling_type_12_damo,1494,6613 6614,false
8755,Crystal impling,ii_impling_type_12_xander,1494,6613 6614,false
8756,Crystal impling,ii_impling_type_12_steveo,1494,6613 6614,false
8757,Crystal impling,ii_impling_type_12_stewie,1494,6613 6614,false
8758,Lord Iorwerth,lord_iorwerth_vis,0,808 819 820 821 822,true
8759,Iorwerth Warrior,regicide_darkelf3,0,813 1205 1206 1207 1208,true
8760,Iorwerth Archer,regicide_darkelf4,0,808 819 820 821 822,true
8761,Elf Tracker,regicide_old_camp_tracker_vis,0,808 819 820 821 822,true
8762,Tyras guard,regicide_tyras_lazy_guard_vis,0,808 819 820 821 822,true
8763,Captain Barnaby,captain_barnaby_rimmington,0,808 819 820 821 822,true
8764,Captain Barnaby,captain_barnaby_karamja,0,808 819 820 821 822,true
8765,Councillor Halgrive,councillor_halgrive_vis,0,808 819 820 821 822,true
8766,Eluned,roving_female_woodelf_1op,0,808 819 820 821 822,true
8767,Eluned,roving_female_woodelf_2op,0,808 819 820 821 822,true
8768,Elven Scout,roving_bowyer_scout,0,808 819 820 821 822,true
8769,Ilfeen,roving_ilfeen_2ops,0,808 819 820 821 822,true
8770,Elven Scout,roving_ilfeen_scout,0,808 819 820 821 822,true
8771,Mourner,mourner_hideout_slave_guard_vis,0,813 1205 1206 1207 1208,true
8772,Slave,mourner_slave_pickaxe_vis,0,1728 819 820 821 822,true
8773,Slave,mourner_slave_spade_vis,0,830 819 820 821 822,true
8774,Slave,mourner_slave_no_tools_vis,0,808 819 820 821 822,true
8775,Seren,sote_seren_vis,1881,8372,true
8776,Memory of Seren,sote_seren_memory,1881,8372,true
8777,Memory of Seren,sote_seren_ithell,1881,8372,true
8778,Memory of Seren,sote_seren_cadarn,1881,8372,true
8779,Memory of Seren,sote_seren_crwys,1881,8372,true
8780,Memory of Seren,sote_seren_amlodd,1881,8372,true
8781,Memory of Seren,sote_seren_meilyr,1881,8372,true
8782,Memory of Seren,sote_seren_hefin,1881,8372,true
8783,Memory of Seren,sote_seren_trahaearn,1881,8372,true
8784,Memory of Seren,sote_seren_iorwerth,1881,8372,true
8785,,sote_library_book_1,1873,8365,true
8786,,sote_library_book_2,1873,8365,true
8787,,sote_library_book_3,1873,8365,true
8788,,sote_library_book_4,1873,8365,true
8789,,sote_library_book_5,1873,8365,true
8790,,sote_library_book_6,1873,8365,true
8791,Elena,sote_elena,0,808 819 820 821 822,true
8792,Elena,sote_elena_prison,0,808 819 820 821 822,true
8793,Elena,sote_elena_cutscene,0,808 819 820 821 822,true
8794,Elena,sote_elena_cutscene_nomove,0,808 819 820 821 822,true
8795,Elena,sote_elena_cutscene_run,0,808 824 820 821 822,true
8796,,sote_elena_upass,0,808 819 820 821 822,true
8797,Elena,sote_elena_cutscene_hurt,0,8409,true
8798,Elena,sote_elena_hurt,0,8409,true
8799,Knight of Ardougne,ardougne_prison_guard,0,808 819 820 821 822,true
8800,Knight of Ardougne,ardougne_prison_guard_head,0,808 819 820 821 822,true
8801,Knight of Ardougne,ardougne_prison_guard_normal,0,808 819 820 821 822,true
8802,Councillor Halgrive,sote_halgrive_vis,0,808 819 820 821 822,true
8803,Councillor Halgrive,sote_halgrive_cutscene,0,808 819 820 821 822,true
8804,Omart,sote_omart_vis,0,808 819 820 821 822,true
8805,Kilron,sote_kilron_vis,0,808 819 820 821 822,true
8806,Jethick,sote_jethick_vis,0,808 819 820 821 822,true
8807,Carla,sote_carla_vis,0,808 819 820 821 822,true
8808,Baxtorian,sote_baxtorian_vis,0,808 819 820 821 822,false
8809,Baxtorian,sote_baxtorian_upass,0,808 819 820 821 822,false
8810,Baxtorian,sote_baxtorian_cutscene,0,808 819 820 821 822,false
8811,Baxtorian,sote_baxtorian_cutscene_orb,0,808 819 820 821 822,false
8812,Baxtorian,sote_baxtorian_cutscene_nobow,0,808 819 820 821 822,false
8813,Baxtorian,sote_baxtorian_cutscene_nobow_run,0,808 824 820 821 822,false
8814,Ysgawyn,sote_ysgawyn_vis,0,808 819 820 821 822,true
8815,Ysgawyn,sote_ysgawyn_cutscene,0,808 819 820 821 822,true
8816,Ysgawyn,sote_ysgawyn_cutscene_run,0,808 824 820 821 822,true
8817,,sote_islwyn_lletya,0,808 819 820 821 822,true
8818,Islwyn,sote_islwyn_vis,0,808 819 820 821 822,true
8819,Islwyn,sote_islwyn_upass,0,808 819 820 821 822,true
8820,,sote_islwyn_upass_pre,0,808 819 820 821 822,true
8821,Islwyn,sote_islwyn_cutscene,0,808 819 820 821 822,true
8822,Islwyn,sote_islwyn_cutscene_bow,0,808 819 820 821 822,true
8823,Islwyn,sote_islwyn_battle,0,808 819 820 821 822,true
8824,,sote_ilfeen_lletya,0,808 819 820 821 822,true
8825,Ilfeen,sote_ilfeen_vis,0,808 819 820 821 822,true
8826,,sote_ilfeen_upass,0,808 819 820 821 822,true
8827,Ilfeen,sote_ilfeen_cutscene,0,808 819 820 821 822,true
8828,,sote_eluned_lletya,0,808 819 820 821 822,true
8829,Eluned,sote_eluned_upass,0,808 819 820 821 822,true
8830,Eluned,sote_eluned_cutscene,0,808 819 820 821 822,true
8831,Resistance Fighter,sote_resistance_1,0,808 819 820 821 822,true
8832,Resistance Fighter,sote_resistance_2,0,808 819 820 821 822,true
8833,Resistance Fighter,sote_resistance_3,0,808 819 820 821 822,true
8834,Resistance Fighter,sote_resistance_4,0,808 819 820 821 822,true
8835,Resistance Fighter,sote_resistance_5,0,808 819 820 821 822,true
8836,Omart,sote_resistance_omart,0,808 819 820 821 822,true
8837,Kilron,sote_resistance_kilron,0,808 819 820 821 822,true
8838,Elena,sote_resistance_elena,0,808 819 820 821 822,true
8839,Jethick,sote_resistance_jethick,0,808 819 820 821 822,true
8840,Omart,sote_omart_cutscene,0,808 819 820 821 822,true
8841,Kilron,sote_kilron_cutscene,0,808 819 820 821 822,true
8842,King Lathas,sote_lathas_cutscene,0,808 819 820 821 822,true
8843,Lathas,sote_lathas_execution_cutscene,0,808 819 820 821 822,true
8844,Mourner,sote_mourner_1,0,813 819 820 821 822,true
8845,Mourner,sote_mourner_2,0,813 819 820 821 822,true
8846,Mourner,sote_mourner_3,0,813 1205 1206 1207 1208,true
8847,Essyllt,sote_head_mourner,0,808 819 820 821 822,true
8848,Gnome,sote_gnome,2402,2331 12042,true
8849,Paladin,sote_paladin,0,808 819 820 821 822,true
8850,Paladin,sote_paladin2,0,808 819 820 821 822,true
8851,Knight of Ardougne,sote_knight,0,808 819 820 821 822,true
8852,Knight of Ardougne,sote_knight2,0,808 819 820 821 822,true
8853,Paladin,paladin_west_vis,0,808 819 820 821 822,true
8854,Knight of Ardougne,knight_of_ardougne_west_vis,0,808 819 820 821 822,true
8855,Knight of Ardougne,knight_of_ardougne_west_noop_vis,0,808 819 820 821 822,true
8856,Executioner,sote_executioner,0,813 1205 1206 1207 1208,true
8857,Hooded Figure,sote_hooded_elf,0,808 819 820 821 822,true
8858,Man,sote_citizen_male_2,0,808 819 820 821 822,true
8859,Man,sote_citizen_male_5,0,808 819 820 821 822,true
8860,Man,sote_citizen_male_6,0,808 819 820 821 822,true
8861,Man,sote_citizen_male_4,0,808 819 820 821 822,true
8862,Man,sote_citizen_male_3,0,808 819 820 821 822,true
8863,Woman,sote_citizen_female_3,0,808 819 820 821 822,true
8864,Woman,sote_citizen_female_4,0,808 819 820 821 822,true
8865,Arianwyn,sote_arianwyn_combat,0,808 819 820 821 822,true
8866,Arianwyn,sote_arianwyn_cutscene,0,808 819 820 821 822,true
8867,Arianwyn,sote_arianwyn_cutscene_nomove,0,808 819 820 821 822,true
8868,Arianwyn,sote_arianwyn_cutscene_bow,0,808 819 820 821 822,true
8869,Morvran,sote_morvran_cutscene,0,808 819 820 821 822,true
8870,Morvran,sote_morvran_cutscene_armed,0,813 1205 1206 1207 1208,true
8871,Essyllt,sote_essyllt_cutscene,0,808 819 820 821 822,true
8872,Essyllt,sote_essyllt_cutscene_armed,0,813 1205 1206 1207 1208,true
8873,Lord Iorwerth,sote_lord_iorwerth_cutscene,0,808 819 820 821 822,true
8874,Lord Iorwerth,sote_lord_iorwerth_cutscene_2x2,0,808 819 820 821 822,true
8875,Lord Iorwerth,sote_lord_iorwerth_cutscene_orb,0,808 819 820 821 822,true
8876,Lord Iorwerth,sote_lord_iorwerth_cutscene_hurt,0,8401,true
8877,Iorwerth Warrior,sote_iorwerth_warrior_cutscene_1,0,813 1205 1206 1207 1208,true
8878,Iorwerth Archer,sote_iorwerth_warrior_cutscene_2,0,808 819 820 821 822,true
8879,Iorwerth Warrior,sote_iorwerth_warrior_cutscene_3,0,813 1205 1206 1207 1208,true
8880,Iorwerth Archer,sote_iorwerth_warrior_cutscene_4,0,808 819 820 821 822,true
8881,Iorwerth Warrior,sote_iorwerth_warrior_cutscene_5,0,813 1205 1206 1207 1208,true
8882,Iorwerth Warrior,sote_iorwerth_warrior_cutscene_6,0,813 1205 1206 1207 1208,true
8883,Iorwerth Warrior,sote_iorwerth_warrior_cutscene_7,0,813 1205 1206 1207 1208,true
8884,Iorwerth Warrior,sote_iorwerth_warrior_cutscene_8,0,813 1210 1206 1207 1208,true
8885,Iorwerth Archer,sote_iorwerth_warrior_cutscene_9,0,808 824 820 821 822,true
8886,Iorwerth Archer,sote_iorwerth_warrior_cutscene_10,0,808 824 820 821 822,true
8887,Rebel Archer,sote_elf_rebel_cutscene_1,0,808 819 820 821 822,true
8888,Rebel Archer,sote_elf_rebel_cutscene_2,0,808 819 820 821 822,true
8889,Rebel Archer,sote_elf_rebel_cutscene_3,0,808 819 820 821 822,true
8890,Rebel Warrior,sote_elf_rebel_cutscene_4,0,813 1205 1206 1207 1208,true
8891,Rebel Warrior,sote_elf_rebel_cutscene_5,0,813 1205 1206 1207 1208,true
8892,Lady Tangwen Trahaearn,sote_lady_trahaearn_vis,0,808 819 820 821 822,true
8893,Elderly Elf,sote_lady_trahaearn_vis_sleep,0,808 819 820 821 822,true
8894,Elderly Elf,sote_lady_trahaearn_vis_sleep_fix,0,808 819 820 821 822,true
8895,Lady Tangwen Trahaearn,sote_lady_trahaearn_upass,0,808 819 820 821 822,true
8896,,sote_lady_trahaearn_upass_pre,0,808 819 820 821 822,true
8897,Mysterious Figure,sote_lord_amlodd_vis_unknown,0,808 819 820 821 822,false
8898,Lord Ieuan Amlodd,sote_lord_amlodd_vis,0,808 819 820 821 822,false
8899,Lord Ieuan Amlodd,sote_lord_amlodd_upass,0,808 819 820 821 822,false
8900,,sote_lord_amlodd_upass_pre,0,808 819 820 821 822,true
8903,Lord Piquan Crwys,sote_lord_crwys_vis,0,808 819 820 821 822,true
8904,Lord Piquan Crwys,sote_lord_crwys_upass,0,808 819 820 821 822,true
8905,,sote_lord_crwys_upass_pre,0,808 819 820 821 822,true
8906,Elf Hermit,sote_lady_hefin_vis_unknown,0,808 819 820 821 822,true
8907,Lady Carys Hefin,sote_lady_hefin_vis,0,808 819 820 821 822,true
8908,Lady Carys Hefin,sote_lady_hefin_upass,0,808 819 820 821 822,true
8909,,sote_lady_hefin_upass_pre,0,808 819 820 821 822,true
8910,Lady Ffion Meilyr,sote_lady_meilyr_vis,0,808 819 820 821 822,true
8911,Lady Ffion Meilyr,sote_lady_meilyr_upass,0,808 819 820 821 822,true
8912,,sote_lady_meilyr_upass_pre,0,808 819 820 821 822,true
8913,Lady Kelyn Ithell,sote_lady_ithell_vis,0,808 819 820 821 822,true
8914,Kelyn,sote_lady_ithell_normal,0,808 819 820 821 822,true
8915,Lady Kelyn Ithell,sote_lady_ithell_upass,0,808 819 820 821 822,true
8916,,sote_lady_ithell_upass_pre,0,808 819 820 821 822,true
8917,Fragment of Seren,dark_seren,1881,8372,false
8918,Fragment of Seren,dark_seren_phantom,1881,8372,false
8919,Fragment of Seren,dark_seren_cutscene,1881,8372,false
8920,Fragment of Seren,dark_seren_cutscene_trapped,1881,8370,false
8921,<col=00ffff>Crystal Whirlwind</col>,dark_seren_healer,1879,8423,false
8922,Iorwerth Warrior,sote_cave_warrior_1,0,813 1205 1206 1207 1208,true
8923,Iorwerth Archer,sote_cave_warrior_2,0,808 819 820 821 822,true
8924,Iestin,sote_iestin_vis,0,808 819 820 821 822,true
8925,Iestin,sote_iestin_cutscene_run,0,808 824 820 821 822,true
8926,Iestin,sote_iestin_upass,0,808 819 820 821 822,true
8927,Mawrth,sote_mawrth,0,808 819 820 821 822,true
8928,Mawrth,sote_mawrth_cutscene,0,808 819 820 821 822,true
8929,Iona,sote_iona,0,808 819 820 821 822,true
8930,Eoin,sote_eoin,0,808 819 820 821 822,true
8931,Eoin,sote_eoin_cutscene,0,808 819 820 821 822,true
8932,Rebel Archer,sote_elf_rebel_1,0,808 819 820 821 822,true
8933,Rebel Archer,sote_elf_rebel_2,0,808 819 820 821 822,true
8934,Rebel Warrior,sote_elf_rebel_3,0,813 1205 1206 1207 1208,true
8935,Rebel Warrior,sote_elf_rebel_4,0,813 1205 1206 1207 1208,true
8936,Iorwerth Archer,sote_iorwerth_warrior_1,0,808 819 820 821 822,true
8937,Iorwerth Archer,sote_iorwerth_warrior_2,0,808 819 820 821 822,true
8938,Iorwerth Warrior,sote_iorwerth_warrior_3,0,813 1205 1206 1207 1208,true
8939,Iorwerth Warrior,sote_iorwerth_warrior_4,0,813 1205 1206 1207 1208,true
8940,Klank,sote_klank,297,101 98,true
8941,Niloof,sote_niloof,297,101 98,true
8942,Kamen,sote_kamen,297,101 98,true
8943,Thorgel,sote_thorgel,297,101 98,true
8944,General Hining,sote_hining,0,813 1205 1206 1207 1208,true
8945,Tyras Guard,sote_tyras_guard,0,813 1205 1206 1207 1208,true
8946,Rebel Archer,sote_elf_rebel_1_upass,0,808 819 820 821 822,true
8947,Rebel Archer,sote_elf_rebel_2_upass,0,808 819 820 821 822,true
8948,Rebel Warrior,sote_elf_rebel_3_upass,0,813 1205 1206 1207 1208,true
8949,Rebel Warrior,sote_elf_rebel_4_upass,0,813 1205 1206 1207 1208,true
8950,Essyllt,sote_essyllt_combat,0,813 1205 1206 1207 1208,true
8953,Iorwerth Archer,sote_upass_iorwerth_warrior_1,0,808 819 820 821 822,true
8954,Iorwerth Archer,sote_upass_iorwerth_warrior_2,0,808 819 820 821 822,true
8955,Iorwerth Warrior,sote_upass_iorwerth_warrior_3,0,813 1205 1206 1207 1208,true
8956,Iorwerth Warrior,sote_upass_iorwerth_warrior_4,0,813 1205 1206 1207 1208,true
8957,Rebel Archer,sote_upass_rebel_warrior_1,0,808 819 820 821 822,true
8958,Rebel Archer,sote_upass_rebel_warrior_2,0,808 819 820 821 822,true
8959,Rebel Warrior,sote_upass_rebel_warrior_3,0,813 1205 1206 1207 1208,true
8960,Rebel Warrior,sote_upass_rebel_warrior_4,0,813 1205 1206 1207 1208,true
8961,Tyras Guard,sote_tyras_guard_battle,0,813 1205 1206 1207 1208,true
8962,Tyras Guard,sote_tyras_guard_battle_heal,0,813 1205 1206 1207 1208,true
8963,Tyras Guard,sote_tyras_guard_catapult,0,813 1205 1206 1207 1208,true
8964,Tyras Guard,sote_tyras_guard_cutscene,0,813 1205 1206 1207 1208,true
8965,Rebel Scout,sote_lletya_gravestone_vis,0,808 819 820 821 822,true
8966,Rebel Scout,sote_upass_gravestone_vis,0,808 819 820 821 822,true
8967,Carla,carla_vis,0,808 819 820 821 822,true
8968,Clerk,clerk2,0,808 819 820 821 822,true
8969,Head Mourner,headmourner_vis,0,808 819 820 821 822,true
8970,Mourner,mourner1_vis,0,808 819 820 821 822,true
8971,Mourner,mournertwa_vis,0,808 819 820 821 822,true
8972,Mourner,mournertwb_vis,0,808 819 820 821 822,true
8973,Recruiter,recruiter_vis,0,813 819 820 821 822,true
8974,Jethick,jethick_vis,0,808 819 820 821 822,true
8975,Mourner,mourner_elena_guard_vis,0,808 819 820 821 822,true
8976,Koftik,caveguide_vis,0,808 819 820 821 822,true
8977,,caveguide4,0,808 819 820 821 822,true
8978,Blessed spider,blessed_spider_kalrag,1248,5326 5325,true
8979,Slave,cave_slave1_vis,0,808 819 820 821 822,true
8980,Slave,cave_slave2_vis,0,808 819 820 821 822,true
8981,Slave,cave_slave3_vis,0,808 819 820 821 822,true
8982,Slave,cave_slave4_vis,0,808 819 820 821 822,true
8983,Slave,cave_slave5_vis,0,808 819 820 821 822,true
8984,Slave,cave_slave6_vis,0,808 819 820 821 822,true
8985,Slave,cave_slave7_vis,0,808 819 820 821 822,true
8986,Unicorn,unicorn_upass_vis,376,291 288,true
8987,Sir Jerro,upass_paladin1_vis,0,808 819 820 821 822,true
8988,Sir Carl,upass_paladin2_vis,0,808 819 820 821 822,true
8989,Sir Harry,upass_paladin3_vis,0,808 819 820 821 822,true
8990,Half-soulless,soulman_vis,0,800,true
8991,Kardia,cavewitch_vis,0,813 819 820 821 822,true
8992,Witch's cat,cavewitchcat_vis,280,317 314,true
8993,Kalrag,kalrag_vis,1248,5318 5317,true
8994,Othainian,othainian_vis,1078,66 63,true
8995,Doomion,doomion_vis,1078,66 63,true
8996,Holthion,holthion_vis,1078,66 63,true
8997,Disciple of Iban,ibanmonk_vis,0,808 819 820 821 822,true
8998,Iban,iban_vis,0,346 819 820 821 822,true
8999,Mourner,mourner2_vis,0,813 819 820 821 822,true
9000,Mourner,mourner3_vis,0,808 819 820 821 822,true
9001,Kilron,kilron_vis,0,808 819 820 821 822,true
9002,Omart,omart_vis,0,808 819 820 821 822,true
9003,Mourner,mourner_armed_vis,0,813 819 820 821 822,true
9004,Mourner,mourner_armed_guard_vis,0,813 819 820 821 822,true
9005,King Lathas,kinglathas_vis,0,808 819 820 821 822,true
9006,King Thoros,kingthoros,0,808 819 820 821 822,true
9007,Mourner,mournerstew3_vis,0,808 819 820 821 822,true
9008,Mourner,mournerstew2_vis,0,808 819 820 821 822,true
9009,Mourner,mournerstew1_vis,0,808 819 820 821 822,true
9010,Mourner,mournerwatchtower_vis,0,808 819 820 821 822,true
9011,King Thoros,ds2_meeting_king_thoros,0,808 819 820 821 822,true
9013,Mourner,mourning_overpass_mourner_vis,0,813 819 820 821 822,true
9014,Arianwyn,mourning_arianwyn_vis,0,808 819 820 821 822,true
9015,Kelyn,mourning_town_elf_5_vis,0,808 819 820 821 822,true
9016,Essyllt,mourner_hideout_head_mourner_vis,0,808 819 820 821 822,true
9017,Mourner,mourner_hideout_guard_vis,0,813 1205 1206 1207 1208,true
9018,Mourner,mourner_hideout_gnome_guard_vis,0,813 1205 1206 1207 1208,true
9020,Bryn,gauntlet_instructor,0,808 819 820 821 822,true
9021,Crystalline Hunllef,crystal_hunllef_melee,1879,8417 8416,true
9022,Crystalline Hunllef,crystal_hunllef_ranged,1879,8417 8416,true
9023,Crystalline Hunllef,crystal_hunllef_magic,1879,8417 8416,true
9025,,crystal_hunllef_crystals,1879,8423,true
9026,Crystalline Rat,crystal_rat,1152,4932 4931,false
9027,Crystalline Spider,crystal_spider,1800,8340 8341,true
9028,Crystalline Bat,crystal_bat,1153,4914 4913,false
9029,Crystalline Unicorn,crystal_unicorn,1472,6374 6373,false
9030,Crystalline Scorpion,crystal_scorpion,1426,6252 6253,false
9031,Crystalline Wolf,crystal_wolf,1491,6580 6556,false
9032,Crystalline Bear,crystal_bear,1151,4919 4923,false
9033,Crystalline Dragon,crystal_dragon,1080,90 79,false
9034,Crystalline Dark Beast,crystal_dark_beast,1503,2730 2729,false
9035,Corrupted Hunllef,crystal_hunllef_melee_hm,1879,8417 8416,true
9036,Corrupted Hunllef,crystal_hunllef_ranged_hm,1879,8417 8416,true
9037,Corrupted Hunllef,crystal_hunllef_magic_hm,1879,8417 8416,true
9039,,crystal_hunllef_crystals_hm,1879,8423,true
9040,Corrupted Rat,crystal_rat_hm,1152,4932 4931,false
9041,Corrupted Spider,crystal_spider_hm,1800,8340 8341,true
9042,Corrupted Bat,crystal_bat_hm,1153,4914 4913,false
9043,Corrupted Unicorn,crystal_unicorn_hm,1472,6374 6373,false
9044,Corrupted Scorpion,crystal_scorpion_hm,1426,6252 6253,false
9045,Corrupted Wolf,crystal_wolf_hm,1491,6580 6556,false
9046,Corrupted Bear,crystal_bear_hm,1151,4919 4923,false
9047,Corrupted Dragon,crystal_dragon_hm,1080,90 79,false
9048,Corrupted Dark Beast,crystal_dark_beast_hm,1503,2730 2729,false
9049,Zalcano,zalcano,1878,8429 8430,true
9050,Zalcano,zalcano_weak,1878,8438,true
9051,Golem,zalcano_golem,1785,7922 7926,true
9052,Rhiannon,zalcano_instructor,0,808 819 820 821 822,true
9053,Amrod,prif_citizen_amrod,0,808 819 820 821 822,false
9054,Miriel,prif_citizen_miriel,0,808 819 820 821 822,true
9055,Curufin,prif_citizen_curufin,0,808 819 820 821 822,false
9056,Enerdhil,prif_citizen_enerdhil,0,808 819 820 821 822,false
9057,Tatie,prif_citizen_tatie,0,808 819 820 821 822,true
9058,Finduilas,prif_citizen_finduilas,0,808 819 820 821 822,true
9059,Gelmir,prif_citizen_gelmir,0,808 819 820 821 822,true
9060,Mithrellas,prif_citizen_mithrellas,0,808 819 820 821 822,true
9061,Erestor,prif_citizen_erestor,0,808 819 820 821 822,false
9062,Lindir,prif_citizen_lindir,0,808 819 820 821 822,false
9063,Idril,prif_citizen_idril,0,808 819 820 821 822,true
9064,Ingwion,prif_citizen_ingwion,0,808 819 820 821 822,true
9065,Thingol,prif_citizen_thingol,0,808 819 820 821 822,false
9066,Elenwe,prif_citizen_elenwe,0,808 819 820 821 822,true
9067,Orophin,prif_citizen_orophin,0,808 819 820 821 822,true
9068,Vaire,prif_citizen_vaire,0,808 819 820 821 822,true
9069,Elladan,prif_citizen_elladan,0,808 819 820 821 822,true
9070,Guilin,prif_citizen_guilin,0,808 819 820 821 822,true
9071,Ingwe,prif_citizen_ingwe,0,808 819 820 821 822,false
9072,Cirdan,prif_citizen_cirdan,0,808 819 820 821 822,true
9073,Glorfindel,prif_citizen_glorfindel,0,808 819 820 821 822,false
9074,Aredhel,prif_citizen_aredhel,0,808 819 820 821 822,false
9075,Celegorm,prif_citizen_celegorm,0,808 819 820 821 822,false
9076,Anaire,prif_citizen_anaire,0,808 819 820 821 822,false
9077,Maeglin,prif_citizen_maeglin,0,808 819 820 821 822,false
9078,Edrahil,prif_citizen_edrahil,0,808 819 820 821 822,false
9079,Fingon,prif_citizen_fingon,0,808 819 820 821 822,false
9080,Salgant,prif_citizen_salgant,0,808 819 820 821 822,false
9081,Celebrian,prif_citizen_celebrian,0,808 819 820 821 822,true
9082,Imin,prif_citizen_imin,0,808 819 820 821 822,true
9083,Oropher,prif_citizen_oropher,0,808 819 820 821 822,false
9084,Fingolfin,prif_citizen_fingolfin,0,808 819 820 821 822,true
9085,Mahtan,prif_citizen_mahtan,0,808 819 820 821 822,false
9086,Indis,prif_citizen_indis,0,808 819 820 821 822,false
9087,Iminye,prif_citizen_iminye,0,808 819 820 821 822,false
9088,Feanor,prif_citizen_feanor,0,808 819 820 821 822,true
9089,Saeros,prif_citizen_saeros,0,808 819 820 821 822,true
9090,Nellas,prif_citizen_nellas,0,808 819 820 821 822,true
9091,Rhyfel,prif_spectator1,0,808 819 820 821 822,true
9092,Gwyl,prif_spectator2,0,808 819 820 821 822,true
9093,Enilly,prif_spectator3,0,808 819 820 821 822,true
9094,Ffoni,prif_spectator4,0,808 819 820 821 822,true
9095,Ymladd,prif_spectator5,0,808 819 820 821 822,true
9096,Sadwrn,prif_spectator6,0,808 819 820 821 822,true
9097,Diol,prif_spectator7,0,808 819 820 821 822,false
9098,Ysbeid,prif_spectator8,0,808 819 820 821 822,false
9099,Cleddyf,prif_spectator9,0,808 819 820 821 822,false
9100,Saeth,prif_spectator10,0,808 819 820 821 822,true
9101,Nimrodel,prif_citizen_nimrodel,0,808 819 820 821 822,true
9102,Maedhros,prif_citizen_maedhros,0,808 819 820 821 822,true
9103,Finarfin,prif_citizen_finarfin,0,808 819 820 821 822,false
9104,Gwindor,prif_citizen_gwindor,0,808 819 820 821 822,true
9105,Eldalote,prif_citizen_eldalote,0,808 819 820 821 822,false
9106,Enelye,prif_citizen_enelye,0,808 819 820 821 822,true
9107,Nerdanel,prif_citizen_nerdanel,0,808 819 820 821 822,false
9108,Nimloth,prif_citizen_nimloth,0,808 819 820 821 822,true
9109,Findis,prif_citizen_findis,0,808 819 820 821 822,false
9110,Earwen,prif_citizen_earwen,0,808 819 820 821 822,false
9111,Caranthir,prif_citizen_caranthir,0,808 819 820 821 822,false
9112,Enel,prif_citizen_enel,0,808 819 820 821 822,true
9113,Hendor,prif_citizen_hendor,0,808 819 820 821 822,true
9114,Galathil,prif_citizen_galathil,0,808 819 820 821 822,false
9115,Turgon,prif_citizen_turgon,0,808 819 820 821 822,false
9116,Lenwe,prif_citizen_lenwe,0,808 819 820 821 822,false
9117,Aranwe,prif_citizen_aranwe,0,808 819 820 821 822,true
9118,Rabbit,caerbannog,1395,6089 6088,true
9119,Lord Ieuan Amlodd,lord_amlodd,0,808 819 820 821 822,false
9120,Lord Baxtorian Cadarn,lord_cadarn,0,808 819 820 821 822,false
9121,Lady Kelyn Ithell,lady_ithell,0,808 819 820 821 822,true
9122,Lady Tangwen Trahaearn,lady_trahaearn,0,808 819 820 821 822,true
9123,Lord Piquan Crwys,lord_crwys,0,808 819 820 821 822,true
9124,Lady Ffion Meilyr,lady_meilyr,0,808 819 820 821 822,true
9125,Lady Carys Hefin,lady_hefin,0,808 819 820 821 822,true
9126,Lord Iestin Iorwerth,lord_iorwerth_new,0,808 819 820 821 822,true
9127,Banker,prif_bankerm1,0,808 819 820 821 822,false
9128,Banker,prif_bankerm2,0,808 819 820 821 822,false
9129,Banker,prif_bankerm3,0,808 819 820 821 822,false
9130,Banker,prif_bankerm4,0,808 819 820 821 822,false
9131,Banker,prif_bankerf1,0,808 819 820 821 822,true
9132,Banker,prif_bankerf2,0,808 819 820 821 822,true
9137,Alwyn,prif_estate_agent,0,808 819 820 821 822,true
9138,Oswallt,prif_gardener,0,808 819 820 821 822,false
9139,Eira,prif_bartender,0,808 819 820 821 822,true
9140,Sawmill Operator,prif_sawmill_operator,0,808 819 820 821 822,false
9143,Gladiator,prif_gladiator1,0,813 1205 1206 1207 1208,true
9144,Gladiator,prif_gladiator2,0,813 1205 1206 1207 1208,true
9145,Eluned,eluned_prif,0,808 819 820 821 822,true
9146,Islwyn,islwyn_prif,0,808 819 820 821 822,true
9147,,ilfeen_prif,0,808 819 820 821 822,true
9148,Elena,elena_prif,0,808 819 820 821 822,true
9149,Morvran,morvran_prif,0,813 1205 1206 1207 1208,true
9150,Lilifang,prif_librarian,0,808 819 820 821 822,true
9151,Crefydd,prif_priest,0,808 819 820 821 822,false
9152,Ystwyth,prif_agility,0,808 819 820 821 822,true
9153,Iwan,prif_macestore,0,808 819 820 821 822,true
9154,Derwen,prif_foodstore,0,808 819 820 821 822,false
9155,Elgan,prif_staffstore,0,813 1146 820 821 822,false
9156,Celyn,prif_weaponstore,0,808 819 820 821 822,true
9157,Aneirin,prif_armourstore,0,808 819 820 821 822,false
9158,Gwallter,prif_generalstore,0,808 819 820 821 822,true
9159,Gwyn,prif_miningstore,0,808 819 820 821 822,false
9160,Osian,prif_silver,0,808 819 820 821 822,true
9161,Caerwyn,prif_spice,0,808 819 820 821 822,true
9162,Anwen,prif_silk,0,808 819 820 821 822,false
9163,Glenda,prif_gem,0,808 819 820 821 822,true
9164,Guinevere,prif_dyestore,0,808 819 820 821 822,true
9165,Nia,prif_seamstress,0,808 819 820 821 822,false
9166,Sian,prif_rangestore,0,808 819 820 821 822,true
9167,Branwen,prif_farmingstore,0,808 819 820 821 822,true
9168,Llio,prif_herbstore,0,808 819 820 821 822,true
9169,Efa,prif_runestore,0,808 819 820 821 822,false
9170,Lliann,prif_lliann,0,808 819 820 821 822,true
9171,Fishing spot,0_33_52_memberfish,1701,7634,false
9172,Fishing spot,0_34_53_memberfish,1701,7634,false
9173,Fishing spot,0_33_52_rarefish,1701,7634,false
9174,Fishing spot,0_34_53_rarefish,1701,7634,false
9175,Rhoddwr Tan,gwenith_elf_1,0,808 819 820 821 822,true
9176,Meddwl Ymlaen Llaw,gwenith_elf_2,0,808 819 820 821 822,true
9177,Lleidr Golau,gwenith_elf_3,0,623 819 820 821 822,true
9178,Gwerin Hapus,gwenith_elf_4,0,808 819 820 821 822,false
9179,Preswylwyr Dall,gwenith_elf_5,0,808 819 820 821 822,true
9180,Marwolaeth Dawnsio,gwenith_elf_6,0,808 819 820 821 822,true
9181,Dire Wolf,gwenith_white_wolf,1491,6580 6556,true
9182,Guard,prif_guard0,0,813 1205 1206 1207 1208,true
9183,Guard,prif_guard1,0,813 1205 1206 1207 1208,true
9184,Guard,prif_guard2,0,813 1205 1206 1207 1208,true
9185,Guard,prif_guard3,0,813 1205 1206 1207 1208,true
9186,Guard,prif_guard4,0,813 1205 1206 1207 1208,true
9187,Guard,prif_guard5,0,813 1205 1206 1207 1208,true
9188,Guard,prif_guard6,0,813 1205 1206 1207 1208,true
9189,Guard,prif_guard7,0,813 1205 1206 1207 1208,true
9190,Guard,prif_city_guard,0,813 1205 1206 1207 1208,true
9191,Guard,prif_city_guard_evil,0,813 1205 1206 1207 1208,true
9192,Raven,prif_raven,1238,4133,true
9193,Lenny,prif_lenny,0,6284,true
9195,Floki,kw_dog_floki,289,2268,false
9196,Surma,prif_surma,0,1879,false
9197,Slippers,prif_slippers,0,1321,true
9198,Red Panda,prif_west,1654,7315 7316,true
9199,Bear Cub,prif_gee,1151,4920 4924,false
9200,Ed,prif_ed,0,2561 819 820 821 822,true
9201,Crab,prif_ry,1880,8461,true
9202,Tide,prif_tide,0,808 819 820 821 822,true
9203,,cave_slave2,0,808 819 820 821 822,true
9204,,cave_slave3,0,808 819 820 821 822,true
9205,,cave_slave4,0,808 819 820 821 822,true
9206,,cave_slave5,0,808 819 820 821 822,true
9207,,cave_slave6,0,808 819 820 821 822,true
9208,,cave_slave7,0,808 819 820 821 822,true
9209,,unicorn_upass,376,291 288,true
9210,,upass_paladin1,0,808 819 820 821 822,true
9211,,upass_paladin2,0,808 819 820 821 822,true
9212,,upass_paladin3,0,808 819 820 821 822,true
9213,,soulman,0,800,true
9214,,cavewitch,0,813 819 820 821 822,true
9215,,cavewitchcat,280,317 314,true
9216,,kalrag,1248,5318 5317,true
9217,,othainian,1078,66 63,true
9218,,doomion,1078,66 63,true
9219,,holthion,1078,66 63,true
9220,,ibanmonk,0,808 819 820 821 822,true
9221,,iban,0,346 819 820 821 822,true
9222,,mourner2,0,813 819 820 821 822,true
9223,,mourner3,0,808 819 820 821 822,true
9224,,kilron,0,808 819 820 821 822,true
9225,,omart,0,808 819 820 821 822,true
9226,,mourner_armed,0,813 819 820 821 822,true
9227,,mourner_armed_guard,0,813 819 820 821 822,true
9228,,kinglathas,0,808 819 820 821 822,true
9229,,mournerstew3,0,808 819 820 821 822,true
9230,,mournerstew2,0,808 819 820 821 822,true
9231,,mournerstew1,0,808 819 820 821 822,true
9232,,mournerwatchtower,0,808 819 820 821 822,true
9233,,mourning_overpass_mourner,0,813 819 820 821 822,true
9234,,mourning_town_elf_5,0,808 819 820 821 822,true
9235,,mourner_hideout_head_mourner,0,808 819 820 821 822,true
9236,,mourner_hideout_guard,0,813 1205 1206 1207 1208,true
9237,,mourner_hideout_gnome_guard,0,813 1205 1206 1207 1208,true
9238,,wint_cluehunter,0,2561 819 820 821 822,true
9239,,prif_singer1_multi,0,808 819 820 821 822,true
9240,,prif_singer2_multi,0,808 819 820 821 822,true
9241,,prif_acorn_trader,0,808 819 820 821 822,true
9242,,prif_city_guard_multi,0,813 1205 1206 1207 1208,true
9243,,prif_ghost,1290,5538 5539,true
9245,,ap_guide_parent,0,8489 819 820 821 822,true
9246,Arianwyn (hard),nzone_sote_arianwyn_hard,0,808 819 820 821 822,true
9247,Essyllt (hard),nzone_sote_essyllt_hard,0,813 1205 1206 1207 1208,true
9248,Arianwyn,nzone_sote_arianwyn_normal,0,808 819 820 821 822,true
9249,Essyllt,nzone_sote_essyllt_normal,0,813 1205 1206 1207 1208,true
9251,Toy Soldier,poh_toy_soldier_0op,426,3712 3713,true
9252,Toy Doll,poh_toy_doll_1op,424,3716 3717,true
9253,Toy Doll,poh_toy_doll_0op,424,3716 3717,true
9254,Toy Mouse,poh_toy_mouse_1op,425,3718,false
9255,Toy Mouse,poh_toy_mouse_0op,425,3718,false
9256,,peng_suit_multi,1310,5668 5666,true
9257,Penguin suit,peng_suit_0op,1310,5668 5666,true
9258,Basilisk Sentinel,superior_basilisk_knight,1884,8497 8498,true
9259,Ospak,viking_heckler_noop,0,1137 1323 1324 1325 1326,true
9260,Styrmir,viking_heckler_2_noop,0,1137 1323 1324 1325 1326,true
9261,Torbrund,viking_heckler_3_noop,0,1137 1323 1324 1325 1326,true
9262,Fridgeir,viking_heckler_4_noop,0,1137 1323 1324 1325 1326,true
9263,Brundt the Chieftain,viking_brundt_child,0,808 819 820 821 822,true
9264,Thora the Barkeep,viking_longhall_barkeep_noop,0,808 819 820 821 822,true
9265,Brundt the Chieftain,vikingexile_brundt_cutscene,0,808 819 820 821 822,true
9269,,vikingexile_brundt_island_multi,0,808 819 820 821 822,true
9272,Haskell,haskell_stone,0,808 819 820 821 822,true
9273,Agnar,vikingexile_agnar_cutscene,0,808 819 820 821 822,true
9274,Olaf the Bard,viking_olaf_cutscene,0,1318 819 820 821 822,true
9275,Manni the Reveller,viking_reveller_3_cutscene,0,1322 1323 1324 1325 1326,true
9276,Fremennik Warrior,vikingexile_warrior,0,813 819 820 821 822,false
9277,Fremennik Warrior,vikingexile_warrior_alt,0,813 819 820 821 822,false
9278,Brundt the Chieftain,vikingexile_brundt_battle,0,808 819 820 821 822,false
9279,Brundt the Chieftain,vikingexile_brundt_boss,0,808 819 820 821 822,false
9280,Thorvald the Warrior,vikingexile_thorvald_battle,0,813 819 820 821 822,false
9281,Koschei the Deathless,vikingexile_koschei_battle,0,813 819 820 821 822,false
9282,Basilisk Youngling,vikingexile_youngling,797,1545 1544,true
9283,Basilisk,vikingexile_basilisk,797,1545 1544,true
9284,Basilisk,vikingexile_basilisk_huntplayer,797,1545 1544,true
9285,Basilisk,vikingexile_basilisk_baby,797,1545 1544,true
9286,Basilisk,vikingexile_basilisk_baby_huntplayer,797,1545 1544,true
9287,Monstrous Basilisk,vikingexile_basilisk_superior,797,1545 1544,true
9288,Monstrous Basilisk,vikingexile_basilisk_superior_huntplayer,797,1545 1544,true
9289,The Jormungand,jormungand_frozen,1885,8512,true
9290,The Jormungand,jormungand_turn,1885,8509,true
9291,The Jormungand,jormungand,1885,8509,true
9292,The Jormungand,jormungand_dead,1885,8518,true
9293,Basilisk Knight,basilisk_knight,1884,8497 8498,true
9294,Bakuna,bakuna,1884,8497 8498,true
9295,Typhor,typhor_cutscene,1884,8497 8498,true
9296,Typhor,typhor,1884,8497 8498,true
9297,Vritra,vritra,1884,8497 8498,true
9298,Maz,maz,325,3212 3210,true
9306,Lokar Searunner,lunar_fremennik_pirate_piratecove,0,808 819 820 821 822,true
9398,Little Nightmare,poh_nightmare_pet,1888,8593 8634,false
9399,Little Nightmare,nightmare_pet,1888,8593 8634,false
9400,Oath Lord D'rows,sanctuary_oathbreaker_lord,0,809 819 820 821 822,true
9401,Oathbreaker M'als,sanctuary_oathbreaker_maul,0,1662 1663,true
9402,Oathbreaker E'piws,sanctuary_oathbreaker_2h,0,2561 2562,true
9403,Oathbreaker B'ats,sanctuary_oathbreaker_spear,0,813 1205,true
9404,Lithil,sanctuary_demon_lithil,0,808 1660,true
9405,Sister Aseret,sanctuary_sister1,0,808 819 820 821 822,false
9406,Sister Naoj,sanctuary_sister2,0,808 819 820 821 822,false
9407,Sister Salohcin,sanctuary_sister3,0,808 819 820 821 822,false
9408,Lumiere,sanctuary_lumiere,0,809 819 820 821 822,true
9409,Daer Krand,sanctuary_dark_wizard,0,808 819 820 821 822,false
9410,Strong Ronny,sanctuary_strong_ronny,0,808 819,true
9411,,blankrunestone_exit_portal_3,712,504,true
9412,,blankrunestone_exit_portal_2,712,504,true
9413,Shura,shura_1op,1903,8551 8552,true
9414,Shura,shura_2op,1903,8551 8552,true
9416,Phosani's Nightmare,nightmare_challenge_phase_01,1888,8593 8592,false
9417,Phosani's Nightmare,nightmare_challenge_phase_02,1888,8593 8592,false
9418,Phosani's Nightmare,nightmare_challenge_phase_03,1888,8593 8592,false
9419,Phosani's Nightmare,nightmare_challenge_weak_phase_01,1888,8593 8592,false
9420,Phosani's Nightmare,nightmare_challenge_weak_phase_02,1888,8593 8592,false
9421,Phosani's Nightmare,nightmare_challenge_weak_phase_03,1888,8593 8592,false
9422,Phosani's Nightmare,nightmare_challenge_blast,1904,8603 8592,true
9422,Phosani's Nightmare,nightmare_challenge_blast,1888,8603 8592,true
9423,Phosani's Nightmare,nightmare_challenge_initial,1888,8613,false
9424,Phosani's Nightmare,nightmare_challenge_dying,1888,8613,false
9425,The Nightmare,nightmare_phase_01,1888,8593 8592,false
9426,The Nightmare,nightmare_phase_02,1888,8593 8592,false
9427,The Nightmare,nightmare_phase_03,1888,8593 8592,false
9428,The Nightmare,nightmare_weak_phase_01,1888,8593 8592,false
9429,The Nightmare,nightmare_weak_phase_02,1888,8593 8592,false
9430,The Nightmare,nightmare_weak_phase_03,1888,8593 8592,false
9431,The Nightmare,nightmare_blast,1904,8603 8592,true
9431,The Nightmare,nightmare_blast,1888,8603 8592,true
9432,The Nightmare,nightmare_initial,1888,8613,false
9433,The Nightmare,nightmare_dying,1888,8613,false
9436,<col=00ffff>Totem</col>,nightmare_totem_1_charged,1911,8589,false
9439,<col=00ffff>Totem</col>,nightmare_totem_2_charged,1911,8589,false
9442,<col=00ffff>Totem</col>,nightmare_totem_3_charged,1911,8589,false
9445,<col=00ffff>Totem</col>,nightmare_totem_4_charged,1911,8589,false
9446,Sleepwalker,nightmare_sleepwalker_1,0,8569 8534,true
9447,Sleepwalker,nightmare_sleepwalker_2,0,8569 8534,true
9448,Sleepwalker,nightmare_sleepwalker_3,0,8569 8534,true
9449,Sleepwalker,nightmare_sleepwalker_4,0,8569 8534,true
9450,Sleepwalker,nightmare_sleepwalker_5,0,8569 8534,true
9451,Sleepwalker,nightmare_sleepwalker_6,0,8569 8534,true
9452,Parasite,nightmare_parasite,1905,8553,true
9453,Parasite,nightmare_parasite_weak,1905,8553,true
9454,Husk,nightmare_husk_magic,1888,8562 8563,true
9455,Husk,nightmare_husk_ranged,1888,8562 8563,true
9456,,siren_salamander,1209,5263 5262,true
9457,,sanctuary_ghost,230,8526,true
9458,,nightmare_outer_ghost,230,8526 8527,true
9459,,shura,1903,8551 8552,true
9460,The Nightmare,nightmare_entry_ready,1888,8582,true
9461,The Nightmare,nightmare_entry_open,1888,8574,true
9462,The Nightmare,nightmare_entry_closed_01,1888,8577,true
9463,The Nightmare,nightmare_entry_closed_02,1888,8578,true
9464,The Nightmare,nightmare_entry_closed_03,1888,8579,true
9465,Infernal pyrelord,superior_pyrelord,811,1578 1579,false
9466,Husk,nightmare_challenge_husk_magic,1888,8562 8563,true
9467,Husk,nightmare_challenge_husk_ranged,1888,8562 8563,true
9468,Parasite,nightmare_challenge_parasite,1905,8553,true
9469,Parasite,nightmare_challenge_parasite_weak,1905,8553,true
9470,Sleepwalker,nightmare_challenge_sleepwalker,0,8569 8534,true
9471,Sister Senga,nightmare_challenge_sister_1op,0,808 819 820 821 822,false
9472,Sister Senga,nightmare_challenge_sister_2op,0,808 819 820 821 822,false
9473,,nightmare_challenge_sister,0,808 819 820 821 822,true
9475,,deadman_guard_prif,0,813 1205 1206 1207 1208,true
9476,Gielinor Guide,tut2_basics_tutor,0,808 819 820 821 822,true
9477,Survival Expert,tut2_survival_tutor,0,808 819 820 821 822,true
9478,Fishing spot,0_26_95_tut2_fishing,1701,7634,false
9479,Master Navigator,tut2_nav_tutor,0,6393 6395,true
9480,Quest Guide,tut2_quest_tutor,0,808 819 820 821 822,true
9481,Mining Instructor,tut2_mining_tutor,0,808 819 820 821 822,true
9482,Combat Instructor,tut2_combat_tutor,0,808 819 820 821 822,true
9483,Giant rat,tut2_giantrat,1152,4932 4931,true
9484,Banker,tut2_bank_tutor,0,808 819 820 821 822,true
9485,Brother Brace,tut2_prayer_tutor,0,808 819 820 821 822,true
9486,Ironman tutor,tut2_ironman_tutor,0,808 819 820 821 822,true
9487,Magic Instructor,tut2_magic_tutor,0,813 819 820 821 822,true
9488,Chicken,tut2_chicken,1255,5386 5385,true
9489,Veliaf Hurtz,myq5_veliaf_child,0,808 819 820 821 822,true
9490,Hameln the Jester,myq5_slepe_jester_noop,0,1318 819 820 821 822,true
9491,Hanchen the Hound,myq5_slepe_thief_child,0,8049,true
9492,Tangleroot,poh_skillpet_farming_crystal,1653,7312 7313,false
9493,Tangleroot,poh_skillpet_farming_dragon,1653,7312 7313,true
9494,Tangleroot,poh_skillpet_farming_herb,1653,7312 7313,true
9495,Tangleroot,poh_skillpet_farming_lily,1653,7312 7313,true
9496,Tangleroot,poh_skillpet_farming_redwood,1653,7312 7313,true
9497,Tangleroot,skillpet_farming_crystal,1653,7312 7313,false
9498,Tangleroot,skillpet_farming_dragon,1653,7312 7313,true
9499,Tangleroot,skillpet_farming_herb,1653,7312 7313,true
9500,Tangleroot,skillpet_farming_lily,1653,7312 7313,true
9501,Tangleroot,skillpet_farming_redwood,1653,7312 7313,true
9502,Iorwerth Warrior,prif_darkelf2,0,813 1205 1206 1207 1208,true
9503,Iorwerth Warrior,prif_darkelf3,0,813 1205 1206 1207 1208,true
9504,Agitated bees,forestry_poh_bees,1815,8084,false
9505,Hameln the Jester,slepe_jester_child,0,1318 819 820 821 822,true
9506,Hanchen the Hound,slepe_thief_child,0,6913 819 820 821 822,true
9507,,myq5_slepe_jester,0,1318 819 820 821 822,true
9508,,myq5_slepe_thief,0,8049,true
9509,,slepe_jester,0,1318 819 820 821 822,true
9510,,slepe_thief,0,6913 819 820 821 822,true
9511,Enraged Tektiny,poh_tekton_enraged_pet,1668,7485 8637,true
9512,Flying Vespina,poh_vespula_flying_pet,1670,8639,true
9513,Enraged Tektiny,tekton_enraged_pet,1668,7485 8637,true
9514,Flying Vespina,vespula_flying_pet,1670,8639,true
9515,,myq5_veliaf_paterdomus,0,808 819 820 821 822,true
9516,,myq5_veliaf_woods,0,808 819 820 821 822,true
9517,,myq5_veliaf_boathouse,0,808 819 820 821 822,true
9518,,myq5_veliaf_graveyard,0,808 819 820 821 822,true
9519,,myq5_veliaf_graveyard_inner,0,808 819 820 821 822,true
9520,,myq5_veliaf_graveyard_meeting,0,808 819 820 821 822,true
9521,Veliaf Hurtz,myq5_veliaf_child_collect,0,808 819 820 821 822,true
9522,Veliaf Hurtz,myq5_veliaf_child_blisterwood,0,808 819 820 821 822,true
9523,Veliaf Hurtz,myq5_veliaf_child_flail,0,8009 8011 8012 8013 8014,true
9524,Veliaf Hurtz,myq5_veliaf_cutscene,0,808 819 820 821 822,true
9525,Veliaf Hurtz,myq5_veliaf_cutscene_nowep,0,808 819 820 821 822,true
9526,Veliaf Hurtz,myq5_veliaf_cutscene_blisterwood,0,808 819 820 821 822,true
9527,Veliaf Hurtz,myq5_veliaf_cutscene_flail,0,8009 8011 8012 8013 8014,true
9528,Veliaf Hurtz,myq5_veliaf_flail_battle,0,8009 8011 8012 8013 8014,true
9529,Veliaf Hurtz,myq5_veliaf_flail_battle_done,0,8009 8011 8012 8013 8014,true
9530,Ivan Strom,myq5_ivan_child,0,808 819 820 821 822,true
9531,Ivan Strom,myq5_ivan_child_blisterwood,0,808 819 820 821 822,true
9532,Ivan Strom,myq5_ivan_child_blisterwood_trade,0,808 819 820 821 822,true
9533,Ivan Strom,myq5_ivan_cutscene,0,808 819 820 821 822,true
9534,Ivan Strom,myq5_ivan_cutscene_nowep,0,808 819 820 821 822,true
9535,Ivan Strom,myq5_ivan_cutscene_blisterwood,0,808 819 820 821 822,true
9536,Ivan Strom,myq5_ivan_escort,0,808 819 820 821 822,true
9537,Safalaan Hallow,myq5_safalaan_child,0,808 819 820 821 822,true
9538,Safalaan Hallow,myq5_safalaan_child_noop,0,808 819 820 821 822,true
9539,Safalaan Hallow,myq5_safalaan_cutscene,0,808 819 820 821 822,true
9540,Safalaan Hallow,myq5_safalaan_cutscene_hurt,0,8045 819 820 821 822,true
9541,Safalaan Hallow,myq5_safalaan_cutscene_down,0,6284,true
9542,Safalaan Hallow,myq5_safalaan_cutscene_blisterwood,0,808 819 820 821 822,true
9543,Kael Forshaw,myq5_kael_child,0,808 819 820 821 822,true
9544,Kael Forshaw,myq5_kael_cutscene,0,808 819 820 821 822,true
9545,Kael Forshaw,myq5_kael_cutscene_nowep,0,808 819 820 821 822,true
9546,Kael Forshaw,myq5_kael_cutscene_blisterwood,0,808 819 820 821 822,true
9547,Vertida Sefalatis,myq5_vertida_child,0,808 819 820 821 822,true
9548,Vertida Sefalatis,myq5_vertida_cutscene,0,808 819 820 821 822,true
9549,Vertida Sefalatis,myq5_vertida_cutscene_nowep,0,808 819 820 821 822,true
9550,Vertida Sefalatis,myq5_vertida_cutscene_blisterwood,0,808 819 820 821 822,true
9551,Radigad Ponfit,myq5_radigad_child,0,808 819 820 821 822,true
9552,Radigad Ponfit,myq5_radigad_cutscene,0,808 819 820 821 822,true
9553,Radigad Ponfit,myq5_radigad_cutscene_blisterwood,0,808 819 820 821 822,true
9554,Polmafi Ferdygris,myq5_polmafi_child,0,808 819 820 821 822,true
9555,Polmafi Ferdygris,myq5_polmafi_cutscene,0,808 819 820 821 822,true
9556,Polmafi Ferdygris,myq5_polmafi_cutscene_blisterwood,0,808 819 820 821 822,true
9557,Carl,myq5_carl_cutscene,0,808 819 820 821 822,true
9558,Carl,myq5_carl_follow,0,808 819 820 821 822,true
9559,Kroy,myq5_kroy_cutscene,0,808 819 820 821 822,true
9560,Kroy,myq5_kroy_combat,0,808 819 820 821 822,true
9561,Damien Leucurte,myq5_damien_cutscene,0,808 819 820 821 822,true
9562,Damien Leucurte,myq5_damien_cutscene_weak,0,808 819 820 821 822,true
9563,Damien Leucurte,myq5_damien_cutscene_strong,0,808 819 820 821 822,true
9564,Damien Leucurte,myq5_damien_combat,0,808 819 820 821 822,true
9565,Lord Crombwick,myq5_crombwick_cutscene,0,808 819 820 821 822,true
9566,Vanstrom Klause,myq5_vanstrom_human_cutscene,1914,8703 8702,true
9567,Vanstrom Klause,myq5_vanstrom_vampyre_cutscene_vislevel,1914,8703 8702,true
9568,Vanstrom Klause,myq5_vanstrom_vampyre_enrage_cutscene_vislevel,1914,8703 8702,true
9569,Vanstrom Klause,myq5_vanstrom_combat,1914,8703 8702,true
9570,Vanstrom Klause,myq5_vanstrom_combat_noop,1914,8703 8702,true
9571,Vanstrom Klause,myq5_vanstrom_combat_enrage,1914,8703 8702,true
9572,Mist,myq5_vanstrom_mist,680,1261,true
9573,Acidic Bloodveld,myq5_vanstrom_bloodveld,798,1551 8650,true
9574,Vanescula Drakan,myq5_vanescula_human_child,1914,8701 8702,true
9575,Vanescula Drakan,myq5_vanescula_human_cutscene,1914,8701 8702,true
9576,Vanescula Drakan,myq5_vanescula_vampyre_cutscene_vislevel,1914,8701 8702,true
9577,Vanescula Drakan,myq5_vanescula_vampyre_cutscene_trapped,1914,8737,true
9578,Lord Alexei Jovkai,myq5_jovkai_cutscene,1914,8703 8702,true
9579,Lowerniel Drakan,myq5_lowerniel_cutscene,1914,8726 8725,false
9580,Werewolf,myq5_werewolf_1,1490,6539 6541,false
9581,Werewolf,myq5_werewolf_2,1490,6539 6541,true
9582,Werewolf,myq5_werewolf_3,1490,6539 6541,true
9583,Prisoner,myq5_prisoner_1,2402,2331 12042,true
9584,Prisoner,myq5_prisoner_2,0,808 819 820 821 822,true
9585,Prisoner,myq5_prisoner_3,0,808 819 820 821 822,true
9586,Vampyre Juvinate,myq5_juvinate_01_cutscene,1098,4702 4699,true
9587,Vampyre Juvinate,myq5_juvinate_02_cutscene,1098,4703 4700,true
9588,Desmodus Lasiurus,desmodus_lasiurus,1914,8703 8702,false
9589,Mordan Nikazsi,mordan_nikazsi,1098,4702 4699,true
9590,,myq5_prison_guard,1098,4703 4700,true
9591,Vyrewatch,myq5_prison_guard_cutscene,1098,4703 4700,true
9592,,myq5_prisoner,0,808 819 820 821 822,true
9593,Prisoner,myq5_prisoner_cutscene,0,808 819 820 821 822,true
9594,Maria Gadderanks,myq5_maria_vis,0,808 819 820 821 822,true
9595,Maria Gadderanks,myq5_maria_cutscene,0,808 819 820 821 822,true
9596,Ron Gadderanks,myq5_ron_vis,2402,2331 12042,true
9597,Ron Gadderanks,myq5_ron_cutscene,2402,2331 12042,true
9598,Sarius Guile,myq5_sarius_guile_cutscene,0,808 819 820 821 822,true
9599,Vyrewatch Sentinel,myq5_vyrewatch_elite_1,1914,8703 8702,true
9600,Vyrewatch Sentinel,myq5_vyrewatch_elite_2,1914,8703 8702,true
9601,Vyrewatch Sentinel,myq5_vyrewatch_elite_3,1914,8703 8702,false
9602,Vyrewatch Sentinel,myq5_vyrewatch_elite_4,1914,8703 8702,true
9603,Vyrewatch Sentinel,myq5_vyrewatch_elite_5,1914,8703 8702,false
9604,Vyrewatch Sentinel,myq5_vyrewatch_elite_6,1914,8703 8702,true
9605,Vyrewatch,myq5_vyrewatch_1,1098,4703 4700,true
9606,Vyrewatch,myq5_vyrewatch_1_flying,1097,4689 4683,true
9607,Vyrewatch,myq5_vyrewatch_2,1098,4702 4699,true
9608,Vyrewatch,myq5_vyrewatch_2_flying,1097,4689 4683,true
9609,Seagull,ig_seagull,1539,6815 6819,true
9610,Mutated Bloodveld,myq5_bloodveld_noop,798,1551 1549,true
9611,Mutated Bloodveld,myq5_bloodveld,798,1551 1549,true
9612,Nail beast,myq5_nail_beast_1,1372,5986 5987,true
9613,Nail beast,myq5_nail_beast_2,1372,5986 5987,true
9614,Vampyre Juvinate,myq5_trek_juvinate_1,0,808 819 820 821 822,true
9615,Vampyre Juvinate,myq5_trek_juvinate_2,0,808 819 820 821 822,true
9616,Vampyre Juvinate,myq5_trek_juvinate_1_held,0,3551,true
9617,Vampyre Juvinate,myq5_trek_juvinate_2_held,0,3551,true
9618,,myq5_rat,326,2704 2703,true
9619,Curpile Fyod,route_curpile_fyod_child,0,808 819 820 821 822,true
9620,,route_veliaf_hurtz_parent,0,808 819 820 821 822,true
9621,Veliaf Hurtz,route_veliaf_hurtz_cutscene,0,808 819 820 821 822,true
9622,Sani Piliu,route_sani_piliu_vis,0,808 819 820 821 822,true
9623,Sani Piliu,route_sani_piliu_cutscene,0,808 819 820 821 822,true
9624,Harold Evans,route_harold_evans_vis,0,808 819 820 821 822,true
9625,Harold Evans,route_harold_evans_cutscene,0,808 819 820 821 822,true
9626,,route_radigad_ponfit_parent,0,808 819 820 821 822,true
9627,Radigad Ponfit,route_radigad_ponfit_cutscene,0,808 819 820 821 822,true
9628,,route_polmafi_ferdygris_parent,0,808 819 820 821 822,true
9629,Polmafi Ferdygris,route_polmafi_ferdygris_cutscene,0,808 819 820 821 822,true
9630,,route_ivan_strom_parent,0,808 819 820 821 822,true
9631,Ivan Strom,route_ivan_strom_cutscene,0,808 819 820 821 822,true
9632,Vanstrom Klause,route_vanstrom_vampire,1914,8703 8702,true
9633,Veliaf Hurtz,burgh_rescue_veliaf_hurtz_talk,0,808 819 820 821 822,true
9634,Wiskit,burgh_villager_blood_tithe_noop,0,808 819 820 821 822,true
9635,Gadderanks,burgh_gadderanks_cutscene,0,2065 2064,true
9636,Drezel,priestperiltrappedmonk_vis,0,808 819 820 821 822,true
9637,Dark Squirrel,skillpet_agility_dark,1656,7309 7310,true
9638,Dark Squirrel,poh_skillpet_agility_dark,1656,7309 7310,true
9639,Mysterious Stranger,hallowed_lobby_npc_1op,0,808 819 820 821 822,true
9640,Mysterious Stranger,hallowed_lobby_npc_3op,0,808 819 820 821 822,true
9641,Bat,hallowed_bat_01,1153,4914 4913,false
9642,Bat,hallowed_bat_02,1153,4914 4913,false
9643,Spider,hallowed_spider_01,1427,6247 6248,false
9644,Spider,hallowed_spider_02,1427,6247 6248,false
9645,Fish,hallowed_fish_01,560,3442 3441,false
9646,Fish,hallowed_sepulchre_fish_02,560,3442 3441,false
9647,,hallowed_ghost_instance_owl,230,8526,true
9649,,hallowed_ghost_instance_unicorn,230,8526,true
9651,,hallowed_ghost_instance_wolf,230,8526,true
9653,,hallowed_ghost_instance_lion,230,8526,true
9655,,hallowed_ghost_instance_archpriest,230,8526,true
9667,Owl,hallowed_floor3_owl_01,1538,6772 6774,true
9668,Owl,hallowed_floor3_owl_02,1538,6772 6774,true
9669,,hallowed_sword_npc,1920,8671,true
9670,,hallowed_sword_npc_t2,1920,8671,true
9671,,hallowed_sword_npc_t3,1920,8671,true
9672,,hallowed_projectile_npc,1920,8687,true
9673,,hallowed_projectile_npc_t2,1920,8687,true
9674,,hallowed_projectile_npc_t3,1920,8687,true
9675,Noranna Tytanin,dmine_daeyalt_converter_1op,1098,4703 4700,true
9676,Noranna Tytanin,dmine_daeyalt_converter_2op,1098,4703 4700,true
9677,,dmine_miner_1,0,4709,true
9678,,dmine_miner_2,0,4709,true
9679,,dmine_miner_3,0,4709,true
9680,,dmine_miner_4,0,4709,true
9681,,dmine_miner_5,0,4709,true
9682,,dmine_miner_6,0,4709,true
9683,Vampyre Juvinate,dmine_juvinate_01,1098,4702 4699,true
9684,Vampyre Juvinate,dmine_juvinate_02,1098,4703 4700,true
9685,Valentin Rasputin,valentin_rasputin,1914,8703 8702,false
9686,Von van Von,von_van_von,1914,8703 8702,false
9687,Vlad Bechstein,vlad_bechstein,1914,8703 8702,false
9688,Draconis Sanguine,draconis_sanguine,1914,8703 8702,false
9689,Mort Nightshade,mort_nightshade,1914,8703 8702,false
9690,Vampyrus Diaemus,vampyrus_diaemus,1914,8703 8702,false
9691,Carnivus Belamorta,carnivus_belamorta,1914,8703 8702,false
9692,Vormar Vakan,vormar_vakan,1914,8703 8702,false
9693,Misdrievus Shadum,misdrievus_shadum,1914,8703 8702,true
9694,Vlad Diaemus,vlad_diaemus,1914,8703 8702,false
9695,Noctillion Lugosi,noctillion_lugosi,1914,8703 8702,false
9696,Alek Constantine,alek_constantine,1914,8703 8702,false
9697,Grigor Rasputin,grigor_rasputin,1914,8703 8702,false
9698,Haemas Lamescus,haemas_lamescus,1914,8703 8702,true
9699,Remus Kaninus,remus_kaninus,1914,8703 8702,false
9700,Vallessia Dracyula,vallessia_dracyula,1914,8701 8702,true
9701,Violetta Sanguine,violetta_sanguine,1914,8701 8702,true
9702,Diphylla Bechstein,diphylla_bechstein,1914,8701 8702,true
9703,Episcula Helsing,episcula_helsing,1914,8701 8702,true
9704,Vampyressa van Von,vampyressa_van_von,1914,8701 8702,true
9705,Vallessia von Pitt,vallessia_von_pitt,1914,8701 8702,true
9706,Vonnetta Varnis,vonnetta_varnis,1914,8701 8702,true
9707,Natalidae Shadum,natalidae_shadum,1914,8701 8702,true
9708,Mortina Daubenton,mortina_daubenton,1914,8701 8702,true
9709,Lasenna Rasputin,lasenna_rasputin,1914,8701 8702,true
9710,Caninelle Draynar,caninelle_draynar,1914,8701 8702,true
9711,Valentina Diaemus,valentina_diaemus,1914,8701 8702,true
9712,Nakasa Jovkai,nakasa_jovkai,1914,8701 8702,true
9713,Crimsonette van Marr,crimsonette_van_marr,1914,8701 8702,true
9714,Pipistrelle Draynar,pipistrelle_draynar,1914,8701 8702,true
9715,Lady Nadezhda Shadum,lady_shadum,1914,8701 8702,true
9716,,lord_myrmel,1914,8703 8702,true
9717,Lord Alexei Jovkai,lord_jovkai,1914,8703 8702,true
9718,Banker,darkm_banker_female,1098,4703 4700,true
9719,Banker,darkm_banker_male,1098,4702 4699,true
9720,Grinka Krast,darkm_trader_candles,1098,4702 4699,true
9721,Drasdan Ranor,darkm_trader_general,1098,4702 4699,true
9722,Despoina Callidra,darkm_trader_pub,1914,8701 8702,true
9723,Lenyig Karna,darkm_trader_food,1914,8703 8702,false
9724,Varrian Sobak,darkm_trader_clothes,1914,8701 8702,true
9725,,darkm_prisoner_01,0,808 819 820 821 822,true
9726,,darkm_prisoner_02,0,808 819 820 821 822,true
9727,Vampyre Juvinate,darkm_juvinate_01,1098,4702 4699,true
9728,Vampyre Juvinate,darkm_juvinate_02,1098,4703 4700,true
9729,Vampyre Juvinate,darkm_juvinate_01_held,1098,4768,true
9730,Vampyre Juvinate,darkm_juvinate_02_held,1098,4768,true
9731,Vampyre Juvenile,darkm_juvenile_01,1098,4702 4699,true
9732,Vampyre Juvenile,darkm_juvenile_02,1098,4703 4700,true
9733,Vampyre Juvenile,darkm_juvenile_01_held,1098,4768,true
9734,Vampyre Juvenile,darkm_juvenile_02_held,1098,4768,true
9735,Vyrewatch,darkm_vyrewatch_female_1,1098,4703 4700,true
9736,Vyrewatch,darkm_vyrewatch_female_2,1098,4703 4700,true
9737,Vyrewatch,darkm_vyrewatch_female_3,1098,4703 4700,true
9738,Vyrewatch,darkm_vyrewatch_female_4,1098,4703 4700,true
9739,Vyrewatch,darkm_vyrewatch_male_1,1098,4702 4699,true
9740,Vyrewatch,darkm_vyrewatch_male_2,1098,4702 4699,true
9741,Vyrewatch,darkm_vyrewatch_male_3,1098,4702 4699,true
9742,Vyrewatch,darkm_vyrewatch_male_4,1098,4702 4699,true
9743,Werewolf,darkm_werewolf_1,1490,6539 6541,false
9744,Werewolf,darkm_werewolf_2,1490,6539 6541,true
9745,,darkm_werewolf_3,1490,6539 6541,true
9746,,darkm_auctioneer,1914,8703 8702,true
9747,,darkm_rubbish,1100,4753 4754,true
9748,,darkm_broom,1021,4372,true
9749,Frank,darkm_bloodveld_pet,798,1551 8650,true
9750,,darkm_buyer_1,1914,8703 8702,true
9751,,darkm_buyer_2,1914,8703 8702,true
9752,,darkm_buyer_3,1914,8703 8702,true
9753,,darkm_buyer_4,1914,8701 8702,true
9754,,darkm_buyer_5,1914,8701 8702,true
9755,,darkm_buyer_6,1914,8701 8702,true
9756,Vyrewatch Sentinel,vyrewatch_elite_1,1914,8703 8702,true
9757,Vyrewatch Sentinel,vyrewatch_elite_2,1914,8703 8702,true
9758,Vyrewatch Sentinel,vyrewatch_elite_3,1914,8703 8702,true
9759,Vyrewatch Sentinel,vyrewatch_elite_4,1914,8703 8702,true
9760,Vyrewatch Sentinel,vyrewatch_elite_5,1914,8703 8702,false
9761,Vyrewatch Sentinel,vyrewatch_elite_6,1914,8703 8702,true
9762,Vyrewatch Sentinel,vyrewatch_elite_7,1914,8703 8702,true
9763,Vyrewatch Sentinel,vyrewatch_elite_8,1914,8703 8702,false
9764,Yenrab,slepe_posh_man1_noop,0,808 819 820 821 822,true
9765,Lahsram,slepe_posh_man2_noop,0,808 819 820 821 822,true
9766,Erodoeht,slepe_posh_man3_noop,0,808 819 820 821 822,true
9767,Carl,slepe_bartender_carl,0,808 819 820 821 822,true
9768,Roy,slepe_bartender_roy,0,808 819 820 821 822,true
9769,Lector Gura,slepe_lector_noop,1304,5875 5876,true
9770,Sister Sevi,slepe_sister1_noop,0,808 819 820 821 822,false
9771,Sister Toen,slepe_sister2_noop,0,808 819 820 821 822,false
9772,Sister Yram,slepe_sister3_noop,0,808 819 820 821 822,false
9773,Kroy,slepe_kroy_vis,0,808 819 820 821 822,true
9774,Damien Leucurte,slepe_damien_vis,0,8048 819 820 821 822,true
9775,Lord Crombwick,slepe_crombwick_vis,0,4712,true
9776,Painted One,slepe_monk_vis,0,6390 819 820 821 822,true
9777,Painted One,slepe_monk_noop,0,6390 819 820 821 822,true
9778,Kurt,slepe_poor_man1_vis,0,808 819 820 821 822,true
9779,Don,slepe_poor_man2_vis,0,808 819 820 821 822,true
9780,Debra,slepe_poor_woman1_vis,0,808 819 820 821 822,true
9781,Tanya,slepe_poor_woman2_vis,0,808 819 820 821 822,true
9782,Kurt,slepe_poor_man1_noop,0,808 819 820 821 822,true
9783,Don,slepe_poor_man2_noop,0,808 819 820 821 822,true
9784,Debra,slepe_poor_woman1_noop,0,808 819 820 821 822,true
9785,Tanya,slepe_poor_woman2_noop,0,808 819 820 821 822,true
9786,Child,slepe_child_male_2_vis,2402,2331 12042,true
9787,Child,slepe_child_male_3_vis,2402,2331 12042,true
9788,Child,slepe_child_male_4_vis,2402,2331 12042,true
9789,Child,slepe_child_female_1_vis,2402,2331 12042,true
9790,Child,slepe_child_female_2_vis,2402,2331 12042,true
9791,Child,slepe_child_female_3_vis,2402,2331 12042,true
9792,Child,slepe_child_female_4_vis,2402,2331 12042,true
9793,Child,slepe_child_male_2_noop,2402,2331 12042,true
9794,Child,slepe_child_male_3_noop,2402,2331 12042,true
9795,Child,slepe_child_male_4_noop,2402,2331 12042,true
9796,Child,slepe_child_female_1_noop,2402,2331 12042,true
9797,Child,slepe_child_female_2_noop,2402,2331 12042,true
9798,Child,slepe_child_female_3_noop,2402,2331 12042,true
9799,Child,slepe_child_female_4_noop,2402,2331 12042,true
9801,Sleepwalker,nightmare_sleepwalker_pre3_canifis,0,2770 8534,true
9802,Sleepwalker,nightmare_sleepwalker_pre4_canifis,0,2770 8534,true
9803,,route_harold_evans,0,808 819 820 821 822,true
9804,,priestperiltrappedmonk,0,808 819 820 821 822,true
9805,,priestperiltrappedmonk2,0,808 819 820 821 822,true
9806,,hallowed_lobby_npc,0,808 819 820 821 822,true
9807,,hallowed_ghost_lobby_owl,230,8526,true
9808,,hallowed_ghost_lobby_unicorn,230,8526,true
9809,,hallowed_ghost_lobby_wolf,230,8526,true
9810,,hallowed_ghost_lobby_lion,230,8526,true
9811,,hallowed_ghost_lobby_archpriest,230,8526,true
9812,,hallowed_adventurer_floor1_east,0,808 8692,true
9813,,hallowed_adventurer_floor1_west,0,808 819 820 821 822,true
9814,,hallowed_adventurer_floor1_melvin,0,808 819 820 821 822,true
9815,,hallowed_adventurer_floor2_north,0,808 8692,true
9816,,hallowed_adventurer_floor2_south,0,808 819 820 821 822,true
9817,,hallowed_adventurer_floor2_west,0,808 819 820 821 822,true
9818,,hallowed_adventurer_floor3_east,0,1147,true
9819,,hallowed_adventurer_floor3_west,0,808 8692,true
9820,,hallowed_adventurer_floor3_treasure,0,808 819 820 821 822,true
9821,,hallowed_adventurer_floor3_treasure_pet,1656,7309 7310,true
9822,,dmine_daeyalt_converter,1098,4703 4700,true
9823,,slepe_bartender,0,808 819 820 821 822,true
9824,,slepe_kroy,0,808 819 820 821 822,true
9825,,slepe_damien,0,8048 819 820 821 822,true
9826,,slepe_crombwick,0,4712,true
9827,,slepe_monk,0,6390 819 820 821 822,true
9828,,slepe_poor_man1,0,808 819 820 821 822,true
9829,,slepe_poor_man1_inside,0,808 819 820 821 822,true
9830,,slepe_poor_man2,0,808 819 820 821 822,true
9831,,slepe_poor_man2_inside,0,808 819 820 821 822,true
9832,,slepe_poor_woman1,0,808 819 820 821 822,true
9833,,slepe_poor_woman1_inside,0,808 819 820 821 822,true
9834,,slepe_poor_woman2,0,808 819 820 821 822,true
9835,,slepe_poor_woman2_inside,0,808 819 820 821 822,true
9836,,slepe_child_male_2,2402,2331 12042,true
9837,,slepe_child_male_2_inside,2402,2331 12042,true
9838,,slepe_child_male_3,2402,2331 12042,true
9839,,slepe_child_male_3_inside,2402,2331 12042,true
9840,,slepe_child_male_4,2402,2331 12042,true
9841,,slepe_child_male_4_post,2402,2331 12042,true
9842,,slepe_child_female_1,2402,2331 12042,true
9843,,slepe_child_female_1_inside,2402,2331 12042,true
9844,,slepe_child_female_2,2402,2331 12042,true
9845,,slepe_child_female_2_inside,2402,2331 12042,true
9846,,slepe_child_female_3,2402,2331 12042,true
9847,,slepe_child_female_3_post,2402,2331 12042,true
9848,,slepe_child_female_4,2402,2331 12042,true
9849,,slepe_child_female_4_post,2402,2331 12042,true
9850,Red,poh_skillpet_thieving_panda,1654,7315 7316,true
9851,Ziggy,poh_skillpet_thieving_tanuki,1654,7315 7316,true
9852,Red,skillpet_thieving_panda,1654,7315 7316,true
9853,Ziggy,skillpet_thieving_tanuki,1654,7315 7316,true
9855,Death,death_office_death,1926,8748,false
10368,Squire,white_knight_crypt_squire,0,5800,true
10369,Bobawu,hundred_agility_monkey,588,1386 1380,true
10370,Marten,canoeing_marten,0,808 819 820 821 822,true
10371,Wizard,br_wizard_casual,0,808 819 820 821 822,false
10372,Wizard,br_wizard_highstakes,0,808 819 820 821 822,false
10373,Wizard,br_wizard_competitive,0,808 819 820 821 822,false
10374,Hill Giant,gh_giant1,1081,4650 4649,false
10375,Hill Giant,gh_giant2,1081,4650 4649,false
10376,Hill Giant,gh_giant3,1081,4650 4649,false
10377,Ferox,wildy_hub_chief,0,813 1146 820 821 822,true
10378,Sigismund,wildy_hub_guard,0,1662 1663,true
10379,Zamorakian Acolyte,wildy_hub_acolyte1,0,808 819 820 821 822,true
10380,Zamorakian Acolyte,wildy_hub_acolyte2,0,808 819 820 821 822,true
10381,Zamorakian Acolyte,wildy_hub_acolyte3,0,808 819 820 821 822,true
10382,Skully,wildy_hub_refugee1,0,6284,true
10383,Refugee,wildy_hub_refugee2,0,808 819 820 821 822,true
10384,Refugee,wildy_hub_refugee3,0,808 819 820 821 822,true
10385,Refugee,wildy_hub_refugee4,0,6284,true
10386,Phabelle Bile,wildy_spider_hunter,0,808 819 820 821 822,true
10387,Derse Venator,wildy_bear_hunter,0,808 819 820 821 822,true
10388,Andros Mai,wildy_skeleton_hunter,0,808 819 820 821 822,false
10389,Banker,wildy_hub_banker,0,808 819,false
10390,Mercenary,wildy_banker_protector,0,808 819 820 821 822,true
10391,Financial Wizard,deadman_banker_enclave,0,808 819 820 821 822,true
10392,Camarst,wildy_hub_pub_owner,0,808 819 820 821 822,true
10393,Warrior of Murahs,gh_warrior_1,0,6487 6486,true
10394,Warrior of Murahs,gh_warrior_2,0,6487 6486,true
10395,Warrior of Murahs,gh_warrior_3,0,5254 5250,true
10396,,deadman_banker_wildy,0,808 819 820 821 822,true
10397,Spiked Turoth,superior_turoth,816,1594 1593,true
10398,Shadow Wyrm,superior_wyrm_dark,1844,8266,true
10399,Shadow Wyrm,superior_wyrm_light,1845,8267,true
10400,Guardian Drake,superior_drake,1841,8274 8273,true
10402,Colossal Hydra,superior_hydra,1931,7002 7006,true
10407,Jarvald,viking_dagganoth_cave_waterbirth_island,0,813 819 820 821 822,true
10408,Marlo,con_contractor_varrock_1op,0,808 819 820 821 822,true
10409,Marlo,con_contractor_varrock_2op,0,808 819 820 821 822,true
10410,Ellie,con_contractor_ardougne_1op,0,808 819 820 821 822,true
10411,Ellie,con_contractor_ardougne_2op,0,808 819 820 821 822,true
10412,Angelo,con_contractor_hosidius_1op,0,808 819 820 821 822,true
10413,Angelo,con_contractor_hosidius_2op,0,808 819 820 821 822,true
10414,Bob,con_contract_client_1,0,808 819 820 821 822,true
10415,Jeff,con_contract_client_2,0,808 819 820 821 822,true
10416,Sarah,con_contract_client_3,0,808 819 820 821 822,true
10417,Tau,con_contract_client_4,0,808 819 820 821 822,true
10418,Larry,con_contract_client_5,0,808 819 820 821 822,true
10419,Noella,con_contract_client_6,0,808 819 820 821 822,true
10420,Ross,con_contract_client_7,0,808 819 820 821 822,true
10421,Jess,con_contract_client_8,0,808 819 820 821 822,true
10422,Mariah,con_contract_client_9,0,808 819 820 821 822,true
10423,Leela,con_contract_client_10,0,808 819 820 821 822,true
10424,Barbara,con_contract_client_11,0,808 819 820 821 822,true
10425,Old Man Yarlo,daddyshome_daddy,0,6469 6468,false
10426,Old Man Yarlo,daddyshome_cutscene_builder_plain,0,808 819 820 821 822,true
10427,Old Man Yarlo,daddyshome_cutscene_builder_hammer,0,808 819 820 821 822,true
10428,,con_contractor,0,808 819 820 821 822,true
10429,,con_contractor_varrock,0,808 819 820 821 822,true
10430,,con_contractor_ardougne,0,808 819 820 821 822,true
10431,,con_contractor_hosidius,0,808 819 820 821 822,true
10433,Spria,porcine_spria_cutscene,0,2074 2076,true
10434,Spria,porcine_spria,0,2074 2076,true
10435,Sourhog,sourhog,1932,8767 8768,true
10436,Sourhog,porcine_sourhog_second,1932,8767 8768,true
10437,Pig Thing,porcine_sourhog_cutscene,1932,8767 8768,true
10440,,slayer_master_9,0,2074 2076,true
10441,,porcine_sheepdog_multi,289,2268,true
10442,Spider,spider_noncombat,1427,6247 6248,false
10443,Spider,spider_that_spawns_vampyres,1427,6247 6248,false
10445,Gnormadium Avlafrim,gnormadium_avlafrim_grandtree,2402,2331 12042,true
10446,Gnormadium Avlafrim,gnormadium_avlafrim_karamja,2402,2331 12042,true
10447,Gnormadium Avlafrim,gnormadium_avlafrim_al_kharid,2402,2331 12042,true
10448,Gnormadium Avlafrim,gnormadium_avlafrim_varrock,2402,2331 12042,true
10449,Eve,hw20_eve_cutscene,0,808 819 820 821 822,true
10450,Gnormadium Avlafrim,gnormadium_avlafrim_whitewolf,2402,2331 12042,true
10451,Gnormadium Avlafrim,gnormadium_avlafrim_ape,2402,2331 12042,true
10452,Captain Dalbur,pilot_al_kharid_base,2402,2331 12042,true
10453,Captain Dalbur,pilot_al_kharid_grandtree,2402,2331 12042,true
10454,Captain Dalbur,pilot_al_kharid_karamja,2402,2331 12042,true
10455,Captain Dalbur,pilot_al_kharid_varrock,2402,2331 12042,true
10456,Captain Dalbur,pilot_al_kharid_whitewolf,2402,2331 12042,true
10457,Captain Dalbur,pilot_al_kharid_ogre,2402,2331 12042,true
10458,Captain Dalbur,pilot_al_kharid_ape,2402,2331 12042,true
10459,Captain Bleemadge,pilot_white_wolf_base,2402,2331 12042,true
10461,Captain Bleemadge,pilot_white_wolf_grandtree,2402,2331 12042,true
10462,Captain Bleemadge,pilot_white_wolf_karamja,2402,2331 12042,true
10463,Captain Bleemadge,pilot_white_wolf_al_kharid,2402,2331 12042,true
10464,Captain Bleemadge,pilot_white_wolf_varrock,2402,2331 12042,true
10465,Captain Bleemadge,pilot_white_wolf_ogre,2402,2331 12042,true
10466,Captain Bleemadge,pilot_white_wolf_ape,2402,2331 12042,true
10467,Captain Errdo,pilot_grand_tree_base,2402,2331 12042,true
10468,Captain Errdo,pilot_grand_tree_karamja,2402,2331 12042,true
10469,Captain Errdo,pilot_grand_tree_al_kharid,2402,2331 12042,true
10470,Captain Errdo,pilot_grand_tree_varrock,2402,2331 12042,true
10471,Captain Errdo,pilot_grand_tree_whitewolf,2402,2331 12042,true
10472,Captain Errdo,pilot_grand_tree_ogre,2402,2331 12042,true
10473,Captain Errdo,pilot_grand_tree_ape,2402,2331 12042,true
10474,,wild_cave_inactive_ghost,1289,5530 5531,true
10475,,wild_cave_inactive_ghost_small_roam,1289,5530 5531,true
10476,Bran,poh_rtbranda_pet,2400,11970 11972,false
10479,Captain Klemfoodle,pilot_karamja_base,2402,2331 12042,true
10480,Captain Klemfoodle,pilot_karamja_grandtree,2402,2331 12042,true
10481,Captain Klemfoodle,pilot_karamja_al_kharid,2402,2331 12042,true
10482,Captain Klemfoodle,pilot_karamja_varrock,2402,2331 12042,true
10483,Captain Klemfoodle,pilot_karamja_whitewolf,2402,2331 12042,true
10484,Captain Klemfoodle,pilot_karamja_ogre,2402,2331 12042,true
10485,Captain Klemfoodle,pilot_karamja_ape,2402,2331 12042,true
10486,Captain Shoracks,pilot_apeatoll_grandtree,2402,2331 12042,true
10487,Captain Shoracks,pilot_apeatoll_karamja,2402,2331 12042,true
10488,Captain Shoracks,pilot_apeatoll_al_kharid,2402,2331 12042,true
10489,Captain Shoracks,pilot_apeatoll_varrock,2402,2331 12042,true
10490,Captain Shoracks,pilot_apeatoll_whitewolf,2402,2331 12042,true
10491,Captain Shoracks,pilot_apeatoll_ogre,2402,2331 12042,true
10492,Headless Beast (hard),nzone_ga_beast_hard,1151,4919 2308,false
10493,Headless Beast,nzone_ga_beast_normal,1151,4919 2308,false
10494,Chicken,farm_chicken_brown_outdoors,1255,5386 5385,true
10495,Chicken,farm_chicken_dark_brown_outdoors,1255,5386 5385,true
10496,Chicken,farm_chicken_tan_outdoors,1255,5386 5385,true
10497,Chicken,farm_chicken_brown_indoors,1255,5386 5385,true
10498,Chicken,farm_chicken_dark_brown_indoors,1255,5386 5385,true
10499,Chicken,farm_chicken_tan_indoors,1255,5386 5385,true
10500,Gordon,ga_gordon,0,808 819 820 821 822,true
10501,Gordon,ga_gordon_cutscene,0,808 819 820 821 822,true
10502,Mary,ga_mary_1op,0,808 819 820 821 822,true
10503,Mary,ga_mary_2op,0,808 819 820 821 822,true
10504,Mary,ga_mary_cutscene,0,808 819 820 821 822,true
10505,Sergeant,ga_sergeant,0,808 819 820 821 822,true
10506,Headless Beast,ga_beast,1151,4919 2308,false
10513,Fishing spot,0_33_43_saltfish,1701,7634,false
10514,Fishing spot,0_35_44_memberfish,1701,7634,false
10515,Fishing spot,0_35_46_rarefish,1701,7634,false
10516,Nomad,soul_wars_tut_nomad_multi_child,0,813 1205 1206 1207 1208,true
10517,Zimberfizz,soul_wars_tut_imp_ruins,1240,171 168,true
10518,Zimberfizz,soul_wars_tut_imp_obelisk,1240,171 168,true
10519,Zimberfizz,soul_wars_tut_imp_multi_child_chat,1240,171 168,true
10520,Avatar of Creation,soul_wars_tut_blue_boss,228,8842 8843,true
10521,Avatar of Destruction,soul_wars_tut_red_boss,1940,3079 3082,true
10522,Wolf,soul_wars_tut_wolf,1491,6580 6556,true
10523,Forgotten Soul,soul_wars_tut_soul_weak_1,1289,5530 5531,true
10524,Forgotten Soul,soul_wars_tut_soul_weak_2,1289,5530 5531,true
10525,Forgotten Soul,soul_wars_tut_soul_strong_1,1289,5530 5531,true
10526,Forgotten Soul,soul_wars_tut_soul_strong_2,1289,5530 5531,true
10528,Nomad,soul_wars_nomad_1op,0,813 1205 1206 1207 1208,true
10529,Nomad,soul_wars_nomad_2op,0,813 1205 1206 1207 1208,true
10530,Zimberfizz,soul_wars_imp,1240,171 168,true
10531,Avatar of Creation,soul_wars_avatar_blue,228,8842 8843,true
10532,Avatar of Destruction,soul_wars_avatar_red,1940,3079 3082,true
10533,Wolf,soul_wars_wolf,1491,6580 6556,true
10534,Forgotten Soul,soul_wars_soul_weak_1,1289,5530 5531,true
10535,Forgotten Soul,soul_wars_soul_weak_2,1289,5530 5531,true
10536,Forgotten Soul,soul_wars_soul_strong_1,1289,5530 5531,true
10537,Forgotten Soul,soul_wars_soul_strong_2,1289,5530 5531,true
10538,Ghost,soul_wars_player_ghost,1290,5538 5539,true
10541,Bird,sw_bird_blue,1538,6771 6773,true
10542,,sw_armadyl_ghost,1574,6952 6953,true
10543,,sw_bandos_ghost,1003,4318 4319,true
10544,Forgotten Soul,sw_tower_ghost1,1289,5530 5531,true
10545,Forgotten Soul,sw_tower_ghost2,1289,5530 5531,true
10546,Duck,duck_noop,1539,6818 6817,true
10547,Duck,duck_female_noop,1539,6818 6817,true
10548,,soul_wars_tut_nomad_multi_parent_1,0,813 1205 1206 1207 1208,true
10549,,soul_wars_tut_nomad_multi_parent_2,0,813 1205 1206 1207 1208,true
10550,,soul_wars_tut_nomad_multi_parent_3,0,813 1205 1206 1207 1208,true
10551,,soul_wars_tut_nomad_multi_parent_4,0,813 1205 1206 1207 1208,true
10552,,soul_wars_tut_nomad_multi_parent_5,0,813 1205 1206 1207 1208,true
10553,,soul_wars_tut_nomad_multi_parent_6,0,813 1205 1206 1207 1208,true
10554,,soul_wars_tut_imp_obelisk_multi_parent_chat,1240,171 168,true
10555,,soul_wars_nomad,0,813 1205 1206 1207 1208,true
10556,Chicken,ernest_the_chicken,332,2298 2297,true
10557,Ancient Ghost,sw_armadyl_ghost_vis,1574,6952 6953,true
10558,Ancient Ghost,sw_bandos_ghost_vis,1003,4318 4319,true
10559,Scrubfoot,xmas20_scrubfoot_crashed,1415,3401,true
10560,Garl,sw_adventurer,0,813 1146 820 821 822,true
10561,Red fireflies,xmas20_firefly_red_no_catch,932,2395 2396,true
10562,Tiny Tempor,poh_tempoross_pet,780,8895,true
10563,Crab,tempoross_island_crab,559,3424 3426,true
10564,Green fireflies,xmas20_firefly_green_no_catch,932,2395 2396,true
10565,Fishing spot,tempoross_harpoonfish_fishingspot_north,1701,7634,false
10566,Goblin,xmas20_goblin_green,1415,6186 6187,true
10567,Goblin,xmas20_goblin_red,1415,6181 6180,true
10568,Fishing spot,tempoross_harpoonfish_fishingspot_south,1701,7634,false
10569,Fishing spot,tempoross_harpoonfish_fishingspot_special,1701,7634,false
10570,<col=00ffff>Inactive spirit pool</col>,tempoross_p2_fishingspot_inactive,1944,8873,true
10571,<col=00ffff>Spirit pool</col>,tempoross_p2_fishingspot,1944,8873,true
10572,Tempoross,tempoross_boss_ready,780,8895,true
10573,,tempoross_boss_unengaged,780,8896,true
10574,Tempoross,tempoross_boss_whirlpool,780,8899,true
10575,Tempoross,tempoross_boss_enraged,780,8895,false
10580,<col=00ffff>Lightning cloud</col>,tempoross_lightning_cloud,1948,8875,true
10581,,tempoross_lightning_strike,1946,8874,false
10583,Captain Pudi,tempoross_lobby_host,0,808,true
10584,Captain Dudi,tempoross_lobby_announcer,0,808,true
10585,Captain Pudi,tempoross_instance_host_e,0,808,true
10586,Captain Pudi,tempoross_instance_host_e_victory,0,808,true
10587,Captain Dudi,tempoross_instance_host_w,0,808,true
10588,Captain Dudi,tempoross_instance_host_w_victory,0,808,true
10589,Urium Shade,shade_level6,649,1282 1281,true
10590,Dampe,shades_coffin_keeper,0,2561 2562,true
10591,Undead Zealot,shades_undead_zealot_1,1288,5576 5577,true
10592,Undead Zealot,shades_undead_zealot_2,1288,5576 5577,true
10593,First Mate Deri,tempoross_instance_host_n,0,808,true
10594,Sheep,osb8_sheep,291,232 233,true
10595,First Mate Deri,tempoross_instance_host_n_victory,0,808,true
10596,First Mate Peri,tempoross_instance_host_s,0,808,true
10597,First Mate Peri,tempoross_instance_host_s_victory,0,808,true
10598,Cow,osb8_cow,272,180 229,true
10599,Cannoneer,tempoross_instance_cannoner_1,0,808,true
10600,Cannoneer,tempoross_instance_cannoner_2,0,808,true
10601,Cannoneer,tempoross_instance_cannoner_3,0,808,true
10602,Cannoneer,tempoross_instance_cannoner_4,0,808,true
10603,Monkey on unicorn,osb8_unicorn,290,4636 4637,true
10604,Sailor,tempoross_lobby_character,0,808 819 820 821 822,true
10605,Spirit Angler,tempoross_lobby_pool_watcher,0,1144,false
10606,Spirit Angler,tempoross_lobby_spirit_angler_man_1,0,808 819 820 821 822,true
10607,Spirit Angler,tempoross_lobby_spirit_angler_man_2,0,808 819 820 821 822,true
10608,Spirit Angler,tempoross_lobby_spirit_angler_woman_1,0,808 819 820 821 822,true
10609,Spirit Angler,tempoross_lobby_spirit_angler_woman_2,0,808 819 820 821 822,true
10610,Ferryman Sathwood,tempoross_ferry_to_lobby_npc,0,813 1205 1206 1207 1208,true
10611,Ferryman Nathwood,tempoross_ferry_from_lobby_npc,0,813 1205 1206 1207 1208,true
10612,Retired sailor,tempoross_hut_character,0,6469 6468,true
10613,Gita Prymes,tempoross_lobby_outfit_vendor,0,808,true
10614,Taiman,tempoross_taiman,0,808 819 820 821 822,true
10615,Koanee,tempoross_koanee,0,808 819 820 821 822,true
10616,Timallus,tempoross_timallus,0,808 819 820 821 822,true
10617,Lauretta,tempoross_lauretta,0,1350 819 820 821 822,true
10618,Ishmael,tempoross_ishmael,0,813 1205 1206 1207 1208,true
10619,Bob,bob,0,808 819 820 821 822,true
10620,JalRek-Jad,poh_jadpet_inferno,1692,7589 8857,true
10623,JalTok-Jad,jad_challenge_jad,1692,7589 7588,true
10624,Yt-HurKot,jad_challenge_healer,163,2636 2634,true
10625,JalRek-Jad,jadpet_inferno,1692,7589 8857,true
10630,Dusuri,star_trader_1op,297,101 98,true
10631,Dusuri,star_trader_2op,297,101 98,true
10632,Star Sprite,star_sprite,294,8864,true
10633,,star_trader,297,101 98,true
10634,Shantay Guard,tempoross_pass_guard,0,808 819 820 821 822,true
10635,Fishing spot,0_49_43_rarefish,1701,7634,false
10636,Great blue heron,skillpet_fish_tempoross,1538,6772 6774,true
10637,Tiny Tempor,tempoross_pet,780,8895,true
10638,,bim_willow_outside,0,808 819 820 821 822,true
10639,,bim_willow_outside_entrace,0,808 819 820 821 822,true
10640,,bim_willow_inside,0,808 819 820 821 822,true
10641,,bim_willow_postquest,0,808 819 820 821 822,true
10642,,bim_marley_edge,0,808 819 820 821 822,true
10643,,bim_marley_temple_outside,0,808 819 820 821 822,true
10644,,bim_marley_postquest,0,808 819 820 821 822,true
10645,,bim_checkal_barb,0,808 819 820 821 822,true
10646,,bim_checkal_temple_outside,0,808 819 820 821 822,true
10647,,bim_checkal_postquest,0,808 819 820 821 822,true
10648,,bim_burntof_pub,297,900 104,true
10649,,bim_burntof_temple_outside,297,900 104,true
10650,Baby Mole-rat,poh_mole_pet_naked,121,3309 3313,true
10651,Baby Mole-rat,mole_pet_naked,121,3309 3313,true
10652,Spider,spider_nocombat2,1427,6247 6248,false
10653,Fishing spot,0_45_90_cavefish,31,2126,true
10654,Ancient Guardian,bim_golem_boss,1955,8941 8939,true
10658,Atlas,bim_atlas,0,808 819 820 821 822,true
10659,Burntof,bim_burntof,297,900 104,true
10660,Burntof,bim_burntof_nodrink,297,900 104,true
10661,Willow,bim_cutscene_willow,0,808 819 820 821 822,false
10662,Marley,bim_cutscene_marley,0,808 819 820 821 822,true
10663,Checkal,bim_cutscene_checkal,0,808 819 820 821 822,true
10664,Burntof,bim_cutscene_burntof,297,900 104,true
10665,Ancient Guardian,bim_golem_guardian_cutscene,1955,8941 8939,true
10666,<col=00ffff>Rubble</col>,bim_golem_boss_inactive_cutscene,1955,8945 8939,true
10668,Tina,bim_cutscene_tina,0,808 819 820 821 822,true
10669,Atlas,bim_cutscene_atlas,0,808 819 820 821 822,true
10670,Ramarno,bim_camzodaal_ramarno_cutscene,297,101 98,true
10671,Tramp,bim_hobo_cutscene,0,6284,true
10672,Man,bim_man,0,808 819 820 821 822,true
10673,Man,bim_man_2,0,808 819 820 821 822,true
10674,Woman,bim_woman,0,808 819 820 821 822,true
10675,Stray dog,bim_dog_stray,1105,4777 4773,true
10676,Barbarian,bim_barbarian_female,0,813 1205 1206 1207 1208,true
10677,Barbarian,bim_barbarian_female_2,0,813 1205 1206 1207 1208,true
10678,Barbarian,bim_barbarian_male,0,2065 2064,true
10679,Barbarian,bim_barbarian_male_2,0,2561 2562,true
10680,Zebak,toa_zebak_transmog,2074,9618,true
10681,Aubury,bim_aubury,0,808 819 820 821 822,true
10682,Rat,bim_rat,326,2704 2703,true
10683,Baraek,bim_baraek,0,808 819 820 821 822,false
10684,Ramarno,camzodaal_ramarno,297,101 98,true
10685,Ramarno,camzodaal_ramarno_entrance,297,101 98,true
10686,Fishing spot,camdozaal_fishingspot_1,1701,7634,false
10687,Fishing spot,camdozaal_fishingspot_2,1701,7634,false
10688,Fishing spot,camdozaal_fishingspot_3,1701,7634,false
10689,Chaos Golem,camdozaal_golem_chaos,1955,8941 8939,false
10690,<col=00ffff>Rubble</col>,camdozaal_golem_chaos_rock,1955,8945,false
10691,Body Golem,camdozaal_golem_body,1955,8941 8939,true
10692,<col=00ffff>Rubble</col>,camdozaal_golem_body_rock,1955,8945,true
10693,Mind Golem,camdozaal_golem_mind,1955,8941 8939,false
10694,<col=00ffff>Rubble</col>,camdozaal_golem_mind_rock,1955,8945,false
10695,Flawed Golem,camdozaal_golem_flawed,1955,8941 8939,true
10696,<col=00ffff>Rubble</col>,camdozaal_golem_flawed_rock,1955,8945,true
10697,Ghost,camdozaal_ghost_1_vis,0,842 841,true
10698,Ghost,camdozaal_ghost_2_vis,0,842 841,true
10699,Ghost,camdozaal_ghost_3_vis,0,842 841,false
10700,Frog,camdozaal_little_frog,36,1796 1797,true
10701,,bim_burntof_postquest,297,900 104,true
10702,,camdozaal_ramarno_entrance_multi,297,101 98,true
10703,,camdozaal_ramarno_multi,297,101 98,true
10704,,camdozaal_ghost_1,0,842 841,true
10705,,camdozaal_ghost_2,0,842 841,true
10706,,camdozaal_ghost_3,0,842 841,true
10707,Murphy,murphy_lobby,0,808 819 820 821 822,true
10710,,trawler_tentacle_port,416,8968,true
10711,,trawler_tentacle_starboard,416,8968,true
10712,,radimus_erkle_hut,0,808 819 820 821 822,true
10713,,radimus_erkle_guild,0,808 819 820 821 822,true
10714,,kourend_protester_9,297,2157 2156,true
10715,,kourend_protester_10,0,9018 9017 9021 9020,true
10716,,kourend_protester_11,0,808 819 820 821 822,true
10717,Skeleton,skeleton_armed_shortrange,1291,5483 5481,true
10718,Skeleton,skeleton_armed2_shortrange,1291,5483 5481,true
10719,Skeleton,skeleton_armed3_shortrange,1291,5483 5481,true
10720,Skeleton,skeleton_armed4_shortrange,1291,5483 5481,true
10721,Skeleton,skeleton_armed5_shortrange,1291,5483 5479,true
10722,Ice spider,ice_spider_shortrange,1248,5326 5325,true
10723,Veos,veos_visible_amulet,0,813 1205 1206 1207 1208,true
10724,Veos,veos_visible_travel_amulet,0,813 1205 1206 1207 1208,true
10725,Sergeant,farming_guild_guard_2_alt,0,808 819 820 821 822,true
10726,Veos,veos_vis,0,813 1205 1206 1207 1208,true
10727,Veos,veos_vis_amulet,0,813 1205 1206 1207 1208,true
10728,Woman,zeah_woman_outside,0,808 819 820 821 822,true
10729,,kourend_protester_12,0,808 819 820 821 822,true
10730,,akd_protest_guard,0,808 819 820 821 822,true
10731,Ranger,zeah_ranger_2,0,808 819 820 821 822,true
10732,Zamorakian recruiter,game_zone_recruiter_zamorak,0,1421 1422 1423 1424 1425,true
10733,Meredith,boardgames_barmaid3,0,808 819 820 821 822,true
10734,Banker,clan_hall_banker_0,0,808,true
10735,Banker,clan_hall_banker_1,0,808,true
10736,Banker,clan_hall_banker_2,0,808,true
10737,Banker,clan_hall_banker_3,0,808,true
10738,,clan_hall_bartender_0,0,808 819 820 821 822,true
10747,,clan_hall_bartender_1,0,808 819 820 821 822,true
10756,Gardener Jay Jr.,clan_hall_gardener,0,808 819 820 821 822,true
10757,Gardener Jay Jr.,clan_hall_gardener_rake,0,808 819 820 821 822,true
10758,Gardener Jay Jr.,clan_hall_gardener_wateringcan,0,808 819 820 821 822,true
10759,Clerk,clan_clerk,0,808 819 820 821 822,true
10760,Stray dog,clan_hall_dog,1105,4777 4773,true
10761,Lil' Maiden,poh_verzik_pet_maiden,1812,8090,true
10762,Lil' Bloat,poh_verzik_pet_bloat,1823,8080 8081,true
10763,Lil' Nylo,poh_verzik_pet_nylocas,1800,8002 8003,true
10764,Lil' Sot,poh_verzik_pet_sotetseg,1822,8137 8136,false
10765,Lil' Xarp,poh_verzik_pet_xarpus,1811,9033,true
10766,Xarpus,tob_xarpus_static_story,1811,8060,true
10767,Xarpus,tob_xarpus_feeding_story,1811,8060,true
10768,Xarpus,tob_xarpus_combat_story,1811,8058,true
10769,Xarpus,xarpus_death_story,1811,8063,true
10770,Xarpus,tob_xarpus_static_hard,1811,8060,true
10771,Xarpus,tob_xarpus_feeding_hard,1811,8060,true
10772,Xarpus,tob_xarpus_combat_hard,1811,8058,true
10773,Xarpus,xarpus_death_hard,1811,8063,true
10774,Nylocas Ischyros,tob_nylocas_incoming_melee_story,1800,8002 8003,true
10775,Nylocas Toxobolos,tob_nylocas_incoming_ranged_story,1801,7993 7997,true
10776,Nylocas Hagios,tob_nylocas_incoming_magic_story,1799,7988 7987,true
10777,Nylocas Ischyros,tob_nylocas_big_incoming_melee_story,1800,8002 8003,true
10778,Nylocas Toxobolos,tob_nylocas_big_incoming_ranged_story,1801,7993 7997,true
10779,Nylocas Hagios,tob_nylocas_big_incoming_magic_story,1799,7988 7987,true
10780,Nylocas Ischyros,tob_nylocas_fighting_melee_story,1800,8002 8003,true
10781,Nylocas Toxobolos,tob_nylocas_fighting_ranged_story,1801,7993 7997,true
10782,Nylocas Hagios,tob_nylocas_fighting_magic_story,1799,7988 7987,true
10783,Nylocas Ischyros,tob_nylocas_big_fighting_melee_story,1800,8002 8003,true
10784,Nylocas Toxobolos,tob_nylocas_big_fighting_ranged_story,1801,7993 7997,true
10785,Nylocas Hagios,tob_nylocas_big_fighting_magic_story,1799,7988 7987,true
10786,Nylocas Vasilias,nylocas_boss_spawning_story,1800,8002 8003,true
10787,Nylocas Vasilias,nylocas_boss_melee_story,1800,8002 8003,true
10788,Nylocas Vasilias,nylocas_boss_magic_story,1799,7988 7987,true
10789,Nylocas Vasilias,nylocas_boss_ranged_story,1801,7993 7997,true
10791,Nylocas Ischyros,tob_nylocas_incoming_melee_hard,1800,8002 8003,true
10792,Nylocas Toxobolos,tob_nylocas_incoming_ranged_hard,1801,7993 7997,true
10793,Nylocas Hagios,tob_nylocas_incoming_magic_hard,1799,7988 7987,true
10794,Nylocas Ischyros,tob_nylocas_big_incoming_melee_hard,1800,8002 8003,true
10795,Nylocas Toxobolos,tob_nylocas_big_incoming_ranged_hard,1801,7993 7997,true
10796,Nylocas Hagios,tob_nylocas_big_incoming_magic_hard,1799,7988 7987,true
10797,Nylocas Ischyros,tob_nylocas_fighting_melee_hard,1800,8002 8003,true
10798,Nylocas Toxobolos,tob_nylocas_fighting_ranged_hard,1801,7993 7997,true
10799,Nylocas Hagios,tob_nylocas_fighting_magic_hard,1799,7988 7987,true
10800,Nylocas Ischyros,tob_nylocas_big_fighting_melee_hard,1800,8002 8003,true
10801,Nylocas Toxobolos,tob_nylocas_big_fighting_ranged_hard,1801,7993 7997,true
10802,Nylocas Hagios,tob_nylocas_big_fighting_magic_hard,1799,7988 7987,true
10803,Nylocas Prinkipas,nylocas_miniboss_spawning_hard,1800,8002 8003,true
10804,Nylocas Prinkipas,nylocas_miniboss_melee_hard,1800,8002 8003,true
10805,Nylocas Prinkipas,nylocas_miniboss_magic_hard,1799,7988 7987,true
10806,Nylocas Prinkipas,nylocas_miniboss_ranged_hard,1801,7993 7997,true
10807,Nylocas Vasilias,nylocas_boss_spawning_hard,1800,8002 8003,true
10808,Nylocas Vasilias,nylocas_boss_melee_hard,1800,8002 8003,true
10809,Nylocas Vasilias,nylocas_boss_magic_hard,1799,7988 7987,true
10810,Nylocas Vasilias,nylocas_boss_ranged_hard,1801,7993 7997,true
10812,Pestilent Bloat,tob_bloat_story,1823,8080 8081,true
10813,Pestilent Bloat,tob_bloat_hard,1823,8080 8081,true
10814,The Maiden of Sugadinti,tob_maiden_100_story,1812,8090,true
10815,The Maiden of Sugadinti,tob_maiden_70_story,1812,8090,true
10816,The Maiden of Sugadinti,tob_maiden_50_story,1812,8090,true
10817,The Maiden of Sugadinti,tob_maiden_30_story,1812,8090,true
10818,The Maiden of Sugadinti,tob_maiden_dying_a_story,1812,8090,true
10819,The Maiden of Sugadinti,tob_maiden_dying_b_story,1812,8090,true
10820,Nylocas Matomenos,maiden_elemental_story,1821,8096 8095,true
10821,Blood spawn,maiden_blood_slug_story,1814,8102 8101,true
10822,The Maiden of Sugadinti,tob_maiden_100_hard,1812,8090,true
10823,The Maiden of Sugadinti,tob_maiden_70_hard,1812,8090,true
10824,The Maiden of Sugadinti,tob_maiden_50_hard,1812,8090,true
10825,The Maiden of Sugadinti,tob_maiden_30_hard,1812,8090,true
10826,The Maiden of Sugadinti,tob_maiden_dying_a_hard,1812,8090,true
10827,The Maiden of Sugadinti,tob_maiden_dying_b_hard,1812,8090,true
10828,Nylocas Matomenos,maiden_elemental_hard,1821,8096 8095,true
10829,Blood spawn,maiden_blood_slug_hard,1814,8102 8101,true
10830,Verzik Vitur,verzik_initial_story,1796,8107,false
10831,Verzik Vitur,verzik_phase1_story,1796,8107,false
10832,Verzik Vitur,verzik_phase1_to2_transition_story,1808,8112,true
10833,Verzik Vitur,verzik_phase2_story,1808,8113,true
10834,Verzik Vitur,verzik_phase2_to3_transition_story,1810,8120 8121,true
10835,Verzik Vitur,verzik_phase3_story,1810,8120 8121,true
10836,Verzik Vitur,verzik_death_bat_story,1809,8129,true
10841,Nylocas Ischyros,verzik_nylocas_melee_story,1800,8002 8003,true
10842,Nylocas Toxobolos,verzik_nylocas_ranged_story,1801,7993 7997,true
10843,Nylocas Hagios,verzik_nylocas_magic_story,1799,7988 7987,true
10844,Nylocas Athanatos,tob_verzik_phase2_armourednylocas_story,1798,8076 8077,true
10845,Nylocas Matomenos,tob_verzik_phase2_bloodnylocas_story,1821,8096 8095,true
10846,,tob_verzik_creeper_story,1818,8100,true
10847,,verzik_initial_hard,1796,8107,true
10848,Verzik Vitur,verzik_phase1_hard,1796,8107,false
10849,Verzik Vitur,verzik_phase1_to2_transition_hard,1808,8112,true
10850,Verzik Vitur,verzik_phase2_hard,1808,8113,true
10851,Verzik Vitur,verzik_phase2_to3_transition_hard,1810,8120 8121,true
10852,Verzik Vitur,verzik_phase3_hard,1810,8120 8121,true
10853,Verzik Vitur,verzik_death_bat_hard,1809,8129,true
10858,Nylocas Ischyros,verzik_nylocas_melee_hard,1800,8002 8003,true
10859,Nylocas Toxobolos,verzik_nylocas_ranged_hard,1801,7993 7997,true
10860,Nylocas Hagios,verzik_nylocas_magic_hard,1799,7988 7987,true
10861,Nylocas Athanatos,tob_verzik_phase2_armourednylocas_hard,1798,8076 8077,true
10862,Nylocas Matomenos,tob_verzik_phase2_bloodnylocas_hard,1821,8096 8095,true
10863,,tob_verzik_creeper_hard,1818,8100,true
10864,Sotetseg,tob_sotetseg_noncombat_story,1822,8137 8136,false
10865,Sotetseg,tob_sotetseg_combat_story,1822,8137 8136,false
10866,,tob_sotetseg_creeper_story,1818,8100,true
10867,Sotetseg,tob_sotetseg_noncombat_hard,1822,8137 8136,false
10868,Sotetseg,tob_sotetseg_combat_hard,1822,8137 8136,false
10869,,tob_sotetseg_creeper_hard,1818,8100,true
10870,Lil' Maiden,verzik_pet_maiden,1812,8090,true
10871,Lil' Bloat,verzik_pet_bloat,1823,8080 9031,true
10872,Lil' Nylo,verzik_pet_nylocas,1800,8002 8003,true
10873,Lil' Sot,verzik_pet_sotetseg,1822,8137 9032,false
10874,Lil' Xarp,verzik_pet_xarpus,1811,9033,true
10875,Mysterious Stranger,tob_stranger_1op,0,808 819 820 821 822,true
10876,Mysterious Stranger,tob_stranger_2op,0,808 819 820 821 822,true
10877,Mysterious Stranger,tob_stranger_memory,0,808 819 820 821 822,true
10878,,arceuus_thrall_ghost_lesser,1290,894 10792,false
10879,,arceuus_thrall_ghost_superior,1290,894 10792,false
10880,,arceuus_thrall_ghost_greater,1290,894 10792,false
10881,,arceuus_thrall_skeleton_lesser,1291,13670 13671,true
10882,,arceuus_thrall_skeleton_superior,1291,13670 13671,true
10883,,arceuus_thrall_skeleton_greater,1291,13670 13671,true
10884,,arceuus_thrall_zombie_lesser,1288,13675 13676 13679 13677 13678,false
10885,,arceuus_thrall_zombie_superior,1288,13675 13676 13679 13677 13678,false
10886,,arceuus_thrall_zombie_greater,1288,13675 13676 13679 13677 13678,false
10887,Town Crier,pmod_town_crier_kingstown_vis,0,6864 6867,true
10888,Bat,small_bat_outdoors,1153,4914 4913,false
10889,Asteros Arceuus,asteros_arceuus_vis,1862,8201,true
10890,Martin Holt,akd_martin_holt_vis_protest,0,808 819 820 821 822,true
10891,Martin Holt,akd_martin_holt_vis,0,808 819 820 821 822,true
10892,Martin Holt,akd_martin_holt_jailed_vis,0,808 819 820 821 822,true
10893,Martin Holt,akd_martin_holt_cutscene_protest,0,808 819 820 821 822,true
10894,Martin Holt,akd_martin_holt_cutscene,0,808 819 820 821 822,true
10895,Martin Holt,akd_martin_holt_cutscene_size2,0,808 819 820 821 822,true
10896,Protest Leader,kourend_protester_leader,0,808 819 820 821 822,true
10897,Protester,kourend_protester_vis,0,9018 9017 9021 9020,true
10898,Protester,kourend_protester_2_vis,0,808 819 820 821 822,true
10899,Protester,kourend_protester_3_vis,1862,8201,true
10900,Protester,kourend_protester_4_vis,297,101 98,true
10901,Protester,kourend_protester_5_vis,0,9018 9017 9021 9020,true
10902,Protester,kourend_protester_6_vis,0,9018 9017 9021 9020,true
10903,Protester,kourend_protester_7_vis,1862,8201,false
10904,Protester,kourend_protester_8_vis,297,101 98,true
10905,Protester,kourend_protester_9_vis,297,2157 2156,false
10906,Protester,kourend_protester_10_vis,0,9018 9017 9021 9020,true
10907,Protester,kourend_protester_11_vis,0,808 819 820 821 822,true
10908,Protester,kourend_protester_12_vis,0,808 819 820 821 822,true
10909,Guard,akd_protest_guard_vis,0,808 819 820 821 822,true
10910,Guard,akd_protest_guard_2_vis,0,808 819 820 821 822,true
10911,Guard,akd_protest_guard_3_vis,0,808 819 820 821 822,true
10912,Guard,akd_protest_guard_4_vis,0,808 819 820 821 822,true
10913,Guard,akd_guard_cutscene,0,808 819 820 821 822,true
10914,Guard,akd_guard_2_cutscene,0,808 819 820 821 822,true
10915,Guard,akd_guard_3_cutscene,0,808 819 820 821 822,true
10916,Guard,akd_guard_4_cutscene,0,808 819 820 821 822,true
10917,Guard,akd_guard_cutscene_alt,0,808 819 820 821 822,true
10918,Guard,akd_guard_2_cutscene_alt,0,808 819 820 821 822,true
10919,Guard,akd_guard_3_cutscene_alt,0,808 819 820 821 822,true
10920,Guard,akd_guard_4_cutscene_alt,0,808 819 820 821 822,true
10921,Guard,akd_guard_cutscene_size2,0,808 819 820 821 822,true
10922,Commander Fullore,akd_lydia_fullore_vis,0,808 819 820 821 822,true
10923,Commander Fullore,akd_lydia_fullore_cutscene,0,808 819 820 821 822,true
10924,Royal Guard,kourend_royal_guard_male_cutscene,0,808 819 820 821 822,true
10925,Royal Guard,kourend_royal_guard_female_cutscene,0,808 819 820 821 822,true
10926,Councillor Andrews,akd_councillor_andrews_cutscene,0,808 819 820 821 822,true
10927,David Andrews,akd_councillor_andrews_jailed_vis,0,808 819 820 821 822,true
10928,Tomas Lawry,akd_tomas_lawry_cutscene,0,808 819 820 821 822,true
10929,Tomas Lawry,akd_tomas_lawry_cutscene_size2,0,808 819 820 821 822,true
10930,,akd_tomas_lawry_kingstown,0,808 819 820 821 822,true
10931,Captain Ginea,akd_ginea_cutscene,0,808 819 820 821 822,true
10932,Cabin Boy Herbert,cabin_boy_herbert_pisc_vis,0,808 819 820 821 822,true
10933,Cabin Boy Herbert,cabin_boy_herbert_sarim_vis,0,808 819 820 821 822,true
10934,Cabin Boy Herbert,cabin_boy_herbert_ship_vis,0,808 819 820 821 822,true
10935,Sophia Hughes,akd_sophia_hughes_cutscene,0,808 819 820 821 822,true
10936,Judge of Yama,akd_judge_of_yama_cutscene,1078,4675 4674,true
10938,Judge of Yama,akd_judge_of_yama_combat,1078,4675 4674,true
10939,<col=00ffff>Fire Wave</col>,akd_judge_wave,1779,7877,false
10940,Assassin,akd_settlement_ruins_assassin,0,808 819 820 821 822,true
10941,Assassin,akd_shayzien_assassin,0,808 819 820 821 822,true
10942,Assassin,akd_assassin_cutscene,0,808 819 820 821 822,true
10943,Councillor Orson,akd_councillor_orson_vis,0,808 819 820 821 822,true
10944,Councillor Orson,akd_councillor_orson_cutscene,0,808 819 820 821 822,true
10945,Man,akd_councillor_orson_cutscene_anon,0,808 819 820 821 822,true
10946,<col=00ffff>Councillor Orson</col>,akd_councillor_orson_cutscene_floor,0,6280,true
10947,Lizardman brute,akd_egg_lizardman,1633,7191 7195,true
10948,Lizardman,akd_lizardman_cutscene,1633,7191 7195,true
10949,Veos,akd_veos_cutscene,0,813 1205 1206 1207 1208,true
10951,Xamphur,akd_xamphur_cutscene,1967,9059,true
10953,Xamphur,akd_xamphur_cutscene_transition_a,1964,9061,true
10954,Xamphur,akd_xamphur_cutscene_transition_b,1965,9063,false
10955,Xamphur,akd_xamphur_combat,1965,9063,false
10956,Xamphur,akd_xamphur_combat_nohands,1965,9063,false
10957,Phantom Hand,akd_xamphur_hand_left,1963,9072 9075,true
10958,Phantom Hand,akd_xamphur_hand_right,1968,9073 9074,true
10959,Kubec Unkar,akd_councillor_unkar_jailed_vis,297,101 98,true
10960,Councillor Unkar,akd_councillor_unkar_cutscene,297,101 98,true
10961,Lord Trobin Arceuus,akd_trobin_arceuus_cutscene,1861,8202,true
10962,Lord Trobin Arceuus,akd_trobin_arceuus_vis,1861,8202,true
10963,Lord Shiro Shayzien,akd_shiro_shayzien_cutscene,0,808 819 820 821 822,true
10964,Lord Shiro Shayzien,akd_shiro_shayzien_cutscene_size2,0,808 819 820 821 822,true
10965,Lord Shiro Shayzien,akd_shiro_shayzien_vis,0,808 819 820 821 822,true
10966,Lord Kandur Hosidius,akd_kandur_hosidius_cutscene,0,808 819 820 821 822,true
10967,King Kandur Hosidius,akd_kandur_hosidius_king_cutscene,0,808 819 820 821 822,false
10968,King Kandur Hosidius,akd_kandur_hosidius_king_cutscene_size3,0,808 819 820 821 822,false
10969,King Kandur Hosidius,akd_kandur_hosidius_king_cutscene_size3_alt,0,808 819 820 821 822,false
10970,Lord Kandur Hosidius,akd_kandur_hosidius_cutscene_size2,0,808 819 820 821 822,true
10971,Lord Kandur Hosidius,akd_kandur_hosidius_vis,0,808 819 820 821 822,true
10972,Lady Vulcana Lovakengj,akd_vulcana_lovakengj_cutscene,297,2157 2156,true
10973,Lady Vulcana Lovakengj,akd_vulcana_lovakengj_vis,297,2157 2156,true
10974,Lady Shauna Piscarilius,akd_shauna_piscarilius_cutscene,0,808 819 820 821 822,true
10975,Lady Shauna Piscarilius,akd_shauna_piscarilius_vis,0,808 819 820 821 822,true
10976,Artur Hosidius,akd_artur_hosidius_cutscene,0,808 819 820 821 822,true
10978,Asteros Arceuus,akd_asteros_arceuus_vis,1862,8201,true
10979,Asteros Arceuus,akd_asteros_arceuus_cutscene,1862,8201,true
10980,Lord Pandur Hosidius,akd_pandur_hosidius_vis,0,3040 3039,true
10981,Pandur Hosidius,akd_pandur_hosidius_cutscene,0,3040 3039,true
10982,Elena Hosidius,akd_elena_hosidius_vis,0,808 819 820 821 822,true
10983,Elena Hosidius,akd_elena_hosidius_cutscene,0,808 819 820 821 822,true
10984,Barbarian,akd_barbarian_1,0,2561 2562,true
10985,Barbarian,akd_barbarian_2,0,2065 2064,true
10986,Barbarian,akd_barbarian_3,0,808 819 820 821 822,true
10987,Barbarian,akd_barbarian_4,0,813 1205 1206 1207 1208,true
10988,Barbarian,akd_barbarian_5,0,813 1205 1206 1207 1208,true
10989,Barbarian Warlord,akd_barbarian_warlord,0,2065 2064,true
10990,,akd_phileas_rimor,0,808 819 820 821 822,true
10991,Phileas Rimor,akd_phileas_rimor_vis,0,808 819 820 821 822,true
10992,Captain Rachelle,akd_rachelle_cutscene,0,2561 2562,true
10993,Protester,akd_castle_protester_1,0,808 819 820 821 822,true
10994,Protester,akd_castle_protester_2,0,808 819 820 821 822,true
10995,Protester,akd_castle_protester_3,297,101 98,true
10996,Protester,akd_castle_protester_4,0,808 819 820 821 822,true
10997,Protester,akd_castle_protester_5,0,808 819 820 821 822,true
10998,Protester,akd_castle_protester_6,0,808 819 820 821 822,true
10999,Protester,akd_castle_protester_7,0,808 819 820 821 822,true
11000,Protester,akd_castle_protester_8,0,9018 9017 9021 9020,true
11001,Protester,akd_castle_protester_9,0,808 819 820 821 822,true
11002,Protester,akd_castle_protester_10,0,808 819 820 821 822,true
11003,Protester,akd_castle_protester_11,0,9018 9017 9021 9020,true
11004,Protester,akd_castle_protester_12,0,9018 9017 9021 9020,true
11005,Protester,akd_castle_protester_13,0,808 819 820 821 822,true
11006,Protester,akd_castle_protester_14,0,808 819 820 821 822,true
11007,Protester,akd_castle_protester_15,0,9018 9017 9021 9020,true
11008,Protester,akd_castle_protester_16,0,9018 9017 9021 9020,true
11009,Protester,akd_castle_protester_17,0,808 819 820 821 822,true
11010,Protester,akd_castle_protester_18,0,808 819 820 821 822,true
11011,Protester,akd_castle_protester_19,0,9018 9017 9021 9020,true
11012,Queen Zyanyi Arkan,akd_zyanyi_arkan_cutscene,0,9050 9051 9054 9052 9053,true
11013,Kualti,akd_kualti_scimitar,0,808 819 820 821 822,true
11014,Kualti,akd_kualti_warhammer,0,808 819 820 821 822,true
11015,Kualti,akd_kualti_battleaxe,0,808 819 820 821 822,true
11016,Kualti,akd_kualti_flail,0,2061 2060,true
11017,Kualti,akd_kualti_hasta,0,813 1205 1206 1207 1208,true
11018,Kualti,akd_kualti_longsword,0,808 819 820 821 822,true
11019,King Roald,akd_king_roald_cutscene,0,808 819 820 821 822,true
11020,Sir Amik Varze,akd_sir_amik_varze_cutscene,0,3040 3039,true
11021,Sir Tiffy Cashien,akd_sir_tiffy_cashien_cutscene,0,808 819 820 821 822,true
11022,King Lathas,akd_king_lathas_cutscene,0,808 819 820 821 822,true
11023,King Thoros,akd_king_thoros_cutscene,0,808 819 820 821 822,true
11024,Duke Horacio,akd_duke_horacio_cutscene,0,3040 3039,true
11025,Queen Ellamaria,akd_queen_ellamaria_cutscene,0,2578 819 820 821 822,true
11026,Seagull,akd_seagull_noop,1539,6815 6819,true
11027,Spider,akd_spider_noop,1427,6247 6248,false
11032,Man,akd_man_cutscene,0,808 819 820 821 822,true
11033,Lord Kandur Hosidius,hosidiusquest_lord_vis,0,808 819 820 821 822,true
11034,Elena Hosidius,hosidiusquest_lady_vis,0,808 819 820 821 822,true
11035,Lady Vulcana Lovakengj,vulcana_lovakengj_vis,297,2157 2156,true
11036,Councillor Unkar,councillor_unkar_vis,297,101 98,true
11037,Jorra,lovakengj_assistant_vis,297,101 98,true
11038,Lord Shiro Shayzien,shiro_shayzien_vis,0,808 819 820 821 822,true
11039,Kaht B'alam,molch_temple_shaman_vis,1633,8198,true
11040,Blair,shayzien_armourshop,0,808 819 820 821 822,true
11041,Daryl,shayzien_rangeshop,0,808 819 820 821 822,true
11042,Robyn,shayzien_clothesshop,0,808 819 820 821 822,true
11043,Oswald,shayzien_barman,0,808 819 820 821 822,true
11044,Sheryl,shayzien_barmaid,0,808 819 820 821 822,true
11045,Farmer,shayzien_pub_patron_1,0,3040 3039,true
11046,Soldier,shayzien_pub_patron_2,0,809 819 820 821 822,true
11047,Soldier,shayzien_pub_patron_3,0,809 819 820 821 822,true
11048,Drunken soldier,shayzien_pub_patron_4,0,3040 3039,true
11049,Soldier,shayzien_guard_agility,0,808 819 820 821 822,true
11050,Father Eysseric,shayzien_church_father,0,808 819 820 821 822,true
11051,Mia,shayzien_church_woman,0,808 819 820 821 822,true
11052,Elijah,shayzien_gardener,0,2163 2164,true
11053,Woman,shayzien_woman_1,0,808 819 820 821 822,true
11054,Woman,shayzien_woman_2,0,808 819 820 821 822,true
11055,Kaston,shayzien_dwarf,297,101 98,true
11056,Old man,shayzien_oldman,0,813 1146 820 821 822,true
11057,Man,shayzien_man_1,0,808 819 820 821 822,true
11058,Man,shayzien_man_2,0,808 819 820 821 822,true
11059,Commissioner Anwar,shayzien_commissioner,0,808 819 820 821 822,true
11060,Captain Bruce,shayzien_recruitment_captain,0,808 819 820 821 822,true
11061,Sergeant Ricardo,shayzien_eager_sergeant,0,808 819 820 821 822,true
11062,Jessie,shayzien_forester,0,808 819 820 821 822,true
11063,Bandit,shayzien_bandit_1,0,808 819 820 821 822,true
11064,Bandit,shayzien_bandit_2,0,808 819 820 821 822,true
11065,Bandit,shayzien_bandit_3,0,808 819 820 821 822,true
11066,Boar,boar,1970,9095 9096,true
11067,Boar,boar02,1970,9095 9096,true
11068,Lynx,lynx,1969,9091 9090,true
11069,Lynx,lynx02,1969,9091 9090,true
11070,Lynx,lynx02_noop,1969,9091 9090,true
11071,Lynx Tamer,shayzien_lynx_tamer,0,808 819 820 821 822,true
11072,Soldier,shayzien_soldier_m1,0,808 819 820 821 822,true
11073,Sergeant,shayzien_soldier_m1_big,0,808 819 820 821 822,true
11074,Soldier,shayzien_soldier_m2,0,808 819 820 821 822,true
11075,Sergeant,shayzien_soldier_m2_big,0,808 819 820 821 822,true
11076,Soldier,shayzien_soldier_m3,0,808 819 820 821 822,true
11077,Sergeant,shayzien_soldier_m3_big,0,808 819 820 821 822,true
11078,Soldier,shayzien_soldier_m4,0,808 819 820 821 822,true
11079,Sergeant,shayzien_soldier_m4_big,0,808 819 820 821 822,true
11080,Soldier,shayzien_soldier_f1,0,808 819 820 821 822,true
11081,Sergeant,shayzien_soldier_f1_big,0,808 819 820 821 822,true
11082,Soldier,shayzien_soldier_f2,0,808 819 820 821 822,true
11083,Sergeant,shayzien_soldier_f2_big,0,808 819 820 821 822,true
11084,Soldier,shayzien_soldier_f3,0,808 819 820 821 822,true
11085,Sergeant,shayzien_soldier_f3_big,0,808 819 820 821 822,true
11086,Soldier,shayzien_soldier_f4,0,808 819 820 821 822,true
11087,Sergeant,shayzien_soldier_f4_big,0,808 819 820 821 822,true
11088,Necromancer,shayzien_necromancer,0,808 819 820 821 822,true
11089,Ranger,shayzien_ranger_firing,0,808 819 820 821 822,true
11090,Farolt,giants_den_natural_historian,0,808 819 820 821 822,true
11091,Pandur Hosidius,hosidius_pandur_vis,0,3040 3039,true
11092,Guard,kourend_guard_m1,0,808 819 820 821 822,true
11093,Head Guard,kourend_guard_m1_big,0,808 819 820 821 822,true
11094,Guard,kourend_guard_m2,0,808 819 820 821 822,true
11095,Head Guard,kourend_guard_m2_big,0,808 819 820 821 822,true
11096,Guard,kourend_guard_m3,0,808 819 820 821 822,true
11097,Head Guard,kourend_guard_m3_big,0,808 819 820 821 822,true
11098,Guard,kourend_guard_m4,0,808 819 820 821 822,true
11099,Head Guard,kourend_guard_m4_big,0,808 819 820 821 822,true
11100,Guard,kourend_guard_f1,0,808 819 820 821 822,true
11101,Head Guard,kourend_guard_f1_big,0,808 819 820 821 822,true
11102,Guard,kourend_guard_f2,0,808 819 820 821 822,true
11103,Head Guard,kourend_guard_f2_big,0,808 819 820 821 822,true
11104,Guard,kourend_guard_f3,0,808 819 820 821 822,true
11105,Head Guard,kourend_guard_f3_big,0,808 819 820 821 822,true
11106,Guard,kourend_guard_f4,0,808 819 820 821 822,true
11107,Head Guard,kourend_guard_f4_big,0,808 819 820 821 822,true
11109,Dark warrior,kourend_dark_warrior_1,0,808 819 820 821 822,true
11110,Dark warrior,kourend_dark_warrior_2,0,808 819 820 821 822,true
11111,Dark warrior,kourend_dark_warrior_3,0,808 819 820 821 822,true
11112,Istoria,raidquest_library_historian_2op,1862,8201,true
11113,Istoria,raidquest_library_historian_3op,1862,8201,true
11114,,akd_protest_guard_2,0,808 819 820 821 822,true
11115,,akd_protest_guard_3,0,808 819 820 821 822,true
11116,,akd_protest_guard_4,0,808 819 820 821 822,true
11117,,akd_lydia_fullore_castle,0,808 819 820 821 822,true
11118,,akd_lydia_fullore_kingstown,0,808 819 820 821 822,true
11119,,akd_lydia_fullore_piscarilius,0,808 819 820 821 822,true
11120,,akd_lydia_fullore_castle_outside,0,808 819 820 821 822,true
11121,,akd_lydia_fullore_rose_basement,0,808 819 820 821 822,true
11122,,akd_lydia_fullore_rose_outside,0,808 819 820 821 822,true
11123,,akd_lydia_fullore_lookout,0,808 819 820 821 822,true
11124,,akd_councillor_andrews_jailed,0,808 819 820 821 822,true
11125,,cabin_boy_herbert_pisc,0,808 819 820 821 822,true
11126,,cabin_boy_herbert_sarim,0,808 819 820 821 822,true
11127,,cabin_boy_herbert_ship,0,808 819 820 821 822,true
11128,,akd_councillor_orson_rose_basement,0,808 819 820 821 822,true
11129,,akd_councillor_orson_lookout,0,808 819 820 821 822,true
11130,,akd_councillor_unkar,297,101 98,true
11131,,akd_councillor_unkar_jailed,297,101 98,true
11132,,akd_trobin_arceuus,1861,8202,true
11133,,akd_shiro_shayzien,0,808 819 820 821 822,true
11134,,akd_kandur_hosidius,0,808 819 820 821 822,true
11135,,akd_vulcana_lovakengj,297,2157 2156,true
11136,,akd_shauna_piscarilius,0,808 819 820 821 822,true
11137,,akd_king,0,808 819 820 821 822,true
11138,,akd_asteros_arceuus,1862,8201,true
11139,,akd_pandur_hosidius,0,3040 3039,true
11140,,akd_elena_hosidius,0,808 819 820 821 822,true
11141,,akd_jorra,297,101 98,true
11143,,hosidiusquest_lord,0,808 819 820 821 822,true
11144,,hosidiusquest_lady,0,808 819 820 821 822,true
11145,,vulcana_lovakengj,297,2157 2156,true
11146,,councillor_unkar,297,101 98,true
11147,,lovakengj_assistant,297,101 98,true
11148,,shiro_shayzien,0,808 819 820 821 822,true
11149,,molch_temple_shaman,1633,8198,true
11150,,hosidius_pandur,0,3040 3039,true
11151,,raidquest_library_historian,1862,8201,true
11152,Councillor Andrews,zeah_head_councillor_vis,0,808 819 820 821 822,true
11153,Phosani's Nightmare,nightmare_challenge_phase_04,1888,8593 8592,false
11154,Phosani's Nightmare,nightmare_challenge_phase_05,1888,8593 8592,false
11155,Phosani's Nightmare,nightmare_challenge_weak_phase_04,1888,8593 8592,false
11157,Sraracha,poh_menagerie_sarachnispet_orange,1800,8320 8319,true
11158,Sraracha,poh_menagerie_sarachnispet_blue,1800,8320 8319,true
11159,Sraracha,sarachnispet_orange,1800,8320 8319,true
11160,Sraracha,sarachnispet_blue,1800,8320 8319,true
11161,Dusty Aliv,slayer_dust_devil_guard,328,3948 3947,true
11162,Mysterious Stranger,tob_stranger_noop,0,808 819 820 821 822,true
11163,,tob_stranger_maiden,0,808 819 820 821 822,true
11164,,tob_stranger_bloat,0,808 819 820 821 822,true
11165,,tob_stranger_nylocas,0,808 819 820 821 822,true
11166,,tob_stranger_sotetseg,0,808 819 820 821 822,true
11167,,tob_stranger_xarpus,0,808 819 820 821 822,true
11168,,tob_stranger_verzik,0,808 819 820 821 822,true
11169,Vyrewatch,tobquest_vyrewatch_female_1,1098,4703 4700,true
11170,Vyrewatch,tobquest_vyrewatch_female_2,1098,4703 4700,true
11171,Vyrewatch,tobquest_vyrewatch_male_1,1098,4702 4699,true
11172,Vyrewatch,tobquest_vyrewatch_male_2,1098,4702 4699,true
11173,Vyrewatch,tobquest_vyrewatch_cutscene,1098,4702 4699,true
11174,Araxyte,araxyte_baby,1800,9137 9139,true
11175,Araxyte,araxyte_normal,1800,9137 9138,true
11176,Araxyte,araxyte_large,1800,9137 9138,true
11177,Ranis Drakan,tobquest_ranis,1098,8031 8032,false
11178,Verzik Vitur,tobquest_verzik,0,9142 9143,true
11179,Verzik Vitur,tobquest_verzik_nylo,1808,8113,true
11180,Vulcan Orvoros,tobquest_doctor,1914,8703 8702,false
11181,Nylocas Queen,tobquest_queen,1810,14381 14382,true
11182,Nylocas,tobquest_baby_queen,1800,9137 9139,true
11183,The Maiden of Sugadinti,tobquest_maiden,1812,8090,true
11184,Pestilent Bloat,tobquest_bloat,1823,8080 8081,true
11185,Nylocas Vasilias,tobquest_nyloboss,1800,8002 8003,true
11186,Sotetseg,tobquest_sotetseg,1822,8137 8136,false
11187,Xarpus,tobquest_xarpus,1811,8058,true
11188,Nylocas Athanatos,tobquest_athanatos,1798,8076 8077,true
11189,Nylocas Ischyros,tobquest_nylocas_1,1800,8002 8003,true
11190,Nylocas Toxobolos,tobquest_nylocas_2,1801,7993 7997,true
11191,Nylocas Hagios,tobquest_nylocas_3,1799,7988 7987,true
11192,Hespori,tobquest_hespori,1846,8222,false
11193,Flower,tobquest_hespori_healer_active,1865,8227,true
11194,<col=00ffff>Flower</col>,tobquest_hespori_healer_inactive,1865,8230,true
11195,Hill Giant,deadman_final_redgiant,1081,4650 4649,false
11196,Lynx Tamer,deadman_shayzien_lynx_tamer,0,808 819 820 821 822,true
11197,Lynx,deadman_lynx,1969,9091 9090,true
11198,Sergeant,deadman_shayzien_soldier,0,808 819 820 821 822,true
11212,,deadman_guard_gnome_range,2402,2331 12042,true
11213,,deadman_guard_ardougne_range,0,808 819 820 821 822,true
11214,,deadman_guard_yanille_range,0,808 819 820 821 822,true
11215,,deadman_guard_falador_range,0,808 819 820 821 822,true
11216,,deadman_guard_varrock_range,0,808 819 820 821 822,true
11217,,deadman_guard_lumbridge_range,0,808 819 820 821 822,true
11218,,deadman_guard_portphas_range,0,808 819 820 821 822,true
11219,,deadman_guard_sophanem_range,0,808 819 820 821 822,true
11220,,deadman_guard_ja_range,0,808 819 820 821 822,true
11221,,deadman_guard_voidknight_range,0,808 819 820 821 822,true
11222,,deadman_guard_rellekka_range,0,808 819 820 821 822,true
11223,,deadman_guard_zeah_range,0,808 819 820 821 822,true
11224,,deadman_guard_prif_range,0,808 819 820 821 822,true
11225,D3ad1i F15her,gim_fisher,0,622,true
11226,Boar31337Killer,gim_boar_killer,0,808 819 820 821 822,true
11227,Enraged Boar,gim_boar,1970,9095 9096,true
11228,R0ck 5masher,gim_miner,0,808 819 820 821 822,true
11229,Regent,gim_regent,0,808 819 820 821 822,true
11230,Group Storage tutor,gim_tutor_shared_storage,0,808 819 820 821 822,true
11231,Group Ironman tutor,ironman_tutor_node,0,808 819 820 821 822,true
11232,The Sage,league_3_sage,1994,9258,true
11233,League Tutor,league_3_tutor,0,808 819 820 821 822,true
11234,Leagues Assistant,league_3_assistant,0,808 819 820 821 822,true
11235,,league_3_sage_multi,1994,9258,true
11236,,league_3_tutor_multi,0,808 819 820 821 822,true
11237,,wild_cave_inactive_ghost_small_roam2,1290,5538 5539,true
11238,Dust devil,wild_cave_dustdevil,804,1556 1554,false
11239,Abyssal demon,wild_cave_abyssal,795,1536 1534,true
11240,Greater Nechryael,wild_cave_nechryael,802,1527 1526,true
11241,Jelly,wild_cave_jelly_1,807,1583 1584,true
11242,Jelly,wild_cave_jelly_2,807,1583 1584,true
11243,Jelly,wild_cave_jelly_3,807,1583 1584,true
11244,Jelly,wild_cave_jelly_4,807,1583 1584,true
11245,Jelly,wild_cave_jelly_5,807,1583 1584,true
11246,Revenant maledictus,wild_cave_superior,1996,9276 9275,true
11247,TzHaar-Ket-Keh,inferno_master_1op,158,2604 2602,true
11248,TzHaar-Ket-Keh,inferno_master_2op,158,2604 2602,true
11249,General Bentnoze,general_bentnoze_red_noop,1415,6203 6202,true
11250,General Wartface,general_wartface_green_noop,1415,6203 6202,true
11251,Grubfoot,catwalk_goblin_brown_noop,1415,6181 6180,true
11252,Grubfoot,catwalk_goblin_orange_noop,1415,6181 6180,true
11253,,hw21_invis_npc,1975,9169 9167,true
11254,Grubfoot,catwalk_goblin_blue_noop,1415,6181 6180,true
11255,Grubfoot,lotg_grubfoot,1415,6181 6180,true
11259,Grubfoot,lotg_grubfoot_follower,1415,6181 6180,true
11260,Zanik,lotg_zanik,1383,6040 6041,true
11261,Zanik,lotg_zanik_follower,1383,6040 6041,true
11262,Zanik,lotg_zanik_cutscene,1383,6040 6041,true
11263,Zanik,lotg_zanik_cutscene_alt,1383,6040 6041,true
11264,Zanik,lotg_zanik_yubiusk,1383,6040 6041,true
11265,Oldak,lotg_oldak_cutscene,1383,6040 6041,true
11266,Oldak,lotg_oldak_yubiusk,1383,6040 6041,true
11267,High Priest Bighead,lotg_goblin_high_priest,1415,6181 6180,true
11268,Skoblin,lotg_goblin_skeleton,1415,6181 6180,true
11269,Snothead,lotg_goblin_skeleton_high_priest1,1415,6181 6180,true
11270,Snailfeet,lotg_goblin_skeleton_high_priest2,1415,6181 6180,true
11271,Mosschin,lotg_goblin_skeleton_high_priest3,1415,6181 6180,true
11272,Redeyes,lotg_goblin_skeleton_high_priest4,1415,6181 6180,false
11273,Strongbones,lotg_goblin_skeleton_high_priest5,1415,6181 6180,false
11274,Snothead,lotg_goblin_skeleton_high_priest1_defeated,1415,9313 6180,true
11275,Snailfeet,lotg_goblin_skeleton_high_priest2_defeated,1415,9313 6180,true
11276,Nexling,poh_nex_pet,1980,9177 9176,true
11277,Nexling,nex_pet,1980,9177 9176,true
11278,Nex,nex,1980,9177 9175,true
11279,Nex,nex_spawning,1980,9177 9175,true
11280,Nex,nex_soulsplit,1980,9177 9175,true
11281,Nex,nex_deflect,1980,9177 9175,true
11282,Nex,nex_dying,1980,9177 9175,true
11283,Fumus,nex_smokemage,0,808 819 820 821 822,true
11284,Umbra,nex_shadowmage,0,808 819 820 821 822,true
11285,Cruor,nex_bloodmage,0,808 819 820 821 822,true
11286,Glacies,nex_icemage,0,808 819 820 821 822,true
11287,Messenger,nex_messenger,0,808 819 820 821 822,true
11288,Ashuelot Reis,nex_story_npc_1op,0,808 819 820 821 822,true
11289,Ashuelot Reis,nex_story_npc_3op,0,808 819 820 821 822,true
11290,Spiritual Warrior,nex_prison_warrior,0,7053 7052 7048 7047,true
11291,Spiritual Ranger,nex_prison_ranger,0,808 819 820 821 822,true
11292,Spiritual Mage,nex_prison_mage,0,813 1205 1206 1207 1208,true
11293,Blood Reaver,nex_prison_blood_reaver,1986,9195 9193,true
11294,Blood Reaver,nex_prison_blood_reaver_boss,1986,9195 9193,true
11295,,nex_story_npc_outer,0,808 819 820 821 822,true
11296,,nex_story_npc_inner,0,808 819 820 821 822,true
11297,Gull,seagull,1538,6771 6773,true
11298,Mosschin,lotg_goblin_skeleton_high_priest3_defeated,1415,9313 6180,true
11299,Redeyes,lotg_goblin_skeleton_high_priest4_defeated,1415,9313 6180,false
11300,Strongbones,lotg_goblin_skeleton_high_priest5_defeated,1415,9313 6180,false
11301,Ghost,lotg_hopespear_there,1997,9317 9316,true
11302,Priest,lotg_goblin_priest_blue_1op,1415,6181 6180,true
11303,Priest,lotg_goblin_priest_blue_2op,1415,6181 6180,true
11304,Priest,lotg_goblin_priest_orange_1op,1415,6181 6180,true
11305,Priest,lotg_goblin_priest_orange_2op,1415,6181 6180,true
11306,Priest,lotg_goblin_priest_black_1op,1415,6181 6180,true
11307,Priest,lotg_goblin_priest_black_2op,1415,6181 6180,true
11308,Priest,lotg_goblin_priest_white_1op,1415,6181 6180,true
11309,Priest,lotg_goblin_priest_white_2op,1415,6181 6180,true
11310,Priest,lotg_goblin_priest_purple_1op,1415,6181 6180,true
11311,Priest,lotg_goblin_priest_purple_2op,1415,6181 6180,true
11312,Priest,lotg_goblin_priest_yellow_1op,1415,6181 6180,true
11313,Priest,lotg_goblin_priest_yellow_2op,1415,6181 6180,true
11314,Goblin guard,lotg_goblin_guard1,1415,6186 6187,true
11315,Goblin guard,lotg_goblin_guard2,1415,6186 6187,true
11316,Guard,lotg_goblin_guard_blue,1415,6186 6187,true
11317,Guard,lotg_goblin_guard_orange,1415,6186 6187,true
11318,Guard,lotg_goblin_guard_black,1415,6186 6187,true
11319,Guard,lotg_goblin_guard_white,1415,6186 6187,true
11320,Guard,lotg_goblin_guard_purple,1415,6186 6187,true
11321,Guard,lotg_goblin_guard_yellow,1415,6186 6187,true
11322,Goblin,lotg_goblin_1_unarmoured,1415,6181 6180,true
11323,Goblin,lotg_goblin_1_armoured_red,1415,6181 6180,true
11324,Goblin,lotg_goblin_1_armoured_pink,1415,6181 6180,true
11325,Goblin,lotg_goblin_1_armoured_green,1415,6181 6180,true
11326,Goblin,lotg_goblin_1_armoured_blue,1415,6181 6180,true
11327,Goblin,lotg_goblin_1_armoured_yellow,1415,6181 6180,true
11328,Goblin,lotg_goblin_1_armoured_orange,1415,6181 6180,true
11329,Goblin,lotg_goblin_1_armoured_purple,1415,6181 6180,true
11330,Goblin,lotg_goblin_1_armoured_black,1415,6181 6180,true
11331,Goblin,lotg_goblin_1_armoured_white,1415,6181 6180,true
11332,Goblin,lotg_goblin_2_unarmoured,1415,6181 6180,true
11333,Goblin,lotg_goblin_2_armoured_red,1415,6181 6180,true
11334,Goblin,lotg_goblin_2_armoured_pink,1415,6181 6180,true
11335,Goblin,lotg_goblin_2_armoured_green,1415,6181 6180,true
11336,Goblin,lotg_goblin_2_armoured_blue,1415,6181 6180,true
11337,Goblin,lotg_goblin_2_armoured_yellow,1415,6181 6180,true
11338,Goblin,lotg_goblin_2_armoured_orange,1415,6181 6180,true
11339,Goblin,lotg_goblin_2_armoured_purple,1415,6181 6180,true
11340,Goblin,lotg_goblin_2_armoured_black,1415,6181 6180,true
11341,Goblin,lotg_goblin_2_armoured_white,1415,6181 6180,true
11342,Goblin,lotg_goblin_3_unarmoured,1415,6181 6180,true
11343,Goblin,lotg_goblin_3_armoured_red,1415,6181 6180,true
11344,Goblin,lotg_goblin_3_armoured_pink,1415,6181 6180,true
11345,Goblin,lotg_goblin_3_armoured_green,1415,6181 6180,true
11346,Goblin,lotg_goblin_3_armoured_blue,1415,6181 6180,true
11347,Goblin,lotg_goblin_3_armoured_yellow,1415,6181 6180,true
11348,Goblin,lotg_goblin_3_armoured_orange,1415,6181 6180,true
11349,Goblin,lotg_goblin_3_armoured_purple,1415,6181 6180,true
11350,Goblin,lotg_goblin_3_armoured_black,1415,6181 6180,true
11351,Goblin,lotg_goblin_3_armoured_white,1415,6181 6180,true
11352,Goblin,lotg_goblin_4_unarmoured,1415,6181 6180,true
11353,Goblin,lotg_goblin_4_armoured_red,1415,6181 6180,true
11354,Goblin,lotg_goblin_4_armoured_pink,1415,6181 6180,true
11355,Goblin,lotg_goblin_4_armoured_green,1415,6181 6180,true
11356,Goblin,lotg_goblin_4_armoured_blue,1415,6181 6180,true
11357,Goblin,lotg_goblin_4_armoured_yellow,1415,6181 6180,true
11358,Goblin,lotg_goblin_4_armoured_orange,1415,6181 6180,true
11359,Goblin,lotg_goblin_4_armoured_purple,1415,6181 6180,true
11360,Goblin,lotg_goblin_4_armoured_black,1415,6181 6180,true
11361,Goblin,lotg_goblin_4_armoured_white,1415,6181 6180,true
11362,Goblin,lotg_goblin_5_unarmoured,1415,6181 6180,true
11363,Goblin,lotg_goblin_5_armoured_red,1415,6181 6180,true
11364,Goblin,lotg_goblin_5_armoured_pink,1415,6181 6180,true
11365,Goblin,lotg_goblin_5_armoured_green,1415,6181 6180,true
11366,Goblin,lotg_goblin_5_armoured_blue,1415,6181 6180,true
11367,Goblin,lotg_goblin_5_armoured_yellow,1415,6181 6180,true
11368,Goblin,lotg_goblin_5_armoured_orange,1415,6181 6180,true
11369,Goblin,lotg_goblin_5_armoured_purple,1415,6181 6180,true
11370,Goblin,lotg_goblin_5_armoured_black,1415,6181 6180,true
11371,Goblin,lotg_goblin_5_armoured_white,1415,6181 6180,true
11372,Goblin,lotg_goblin_6_unarmoured,1415,6181 6180,true
11373,Goblin,lotg_goblin_6_armoured_red,1415,6181 6180,true
11374,Goblin,lotg_goblin_6_armoured_pink,1415,6181 6180,true
11375,Goblin,lotg_goblin_6_armoured_green,1415,6181 6180,true
11376,Goblin,lotg_goblin_6_armoured_blue,1415,6181 6180,true
11377,Goblin,lotg_goblin_6_armoured_yellow,1415,6181 6180,true
11378,Goblin,lotg_goblin_6_armoured_orange,1415,6181 6180,true
11379,Goblin,lotg_goblin_6_armoured_purple,1415,6181 6180,true
11380,Goblin,lotg_goblin_6_armoured_black,1415,6181 6180,true
11381,Goblin,lotg_goblin_6_armoured_white,1415,6181 6180,true
11382,Preacher,lotg_goblin_preacher,1415,9298 6180,true
11383,Dipflip,lotg_dipflip,1415,6181 6180,true
11384,Oldak,dorgesh_oldak_there,1383,6040 6041,true
11385,Oldak,dorgesh_oldak_there_1op,1383,6040 6041,true
11386,,lotg_zanik_in_lab,1383,6040 6041,true
11387,,lotg_zanik_outside_temple,1383,6040 6041,true
11388,,lotg_zanik_in_prison,1383,6040 6041,true
11389,,lotg_zanik_fairyring,1383,6040 6041,true
11390,,lotg_oldak_fairyring,1383,9319 6041,true
11391,,lotg_hopespear,1997,9317 9316,true
11392,,lotg_goblin_priest_blue,1415,6181 6180,true
11393,,lotg_goblin_priest_orange,1415,6181 6180,true
11394,,lotg_goblin_priest_black,1415,6181 6180,true
11395,,lotg_goblin_priest_white,1415,6181 6180,true
11396,,lotg_goblin_priest_purple,1415,6181 6180,true
11397,,lotg_goblin_priest_yellow,1415,6181 6180,true
11398,,dorgesh_oldak,1383,6040 6041,true
11399,Wizard Distentor,guild_wizard_1op,0,813 819 820 821 822,true
11400,Wizard Distentor,guild_wizard_2op,0,813 819 820 821 822,true
11401,Greatish guardian,poh_skillpet_runecrafting_gotr,2019,9379 9378,true
11402,Abyssal protector,poh_abyssal_pet,10,2185 2184,true
11403,The Great Guardian,gotr_great_guardian,2018,9370 9369,true
11404,Apprentice Felix,gotr_reward_trader,0,808 819 820 821 822,true
11405,Abyssal guardian,gotr_abyssal_pyramid,10,2185 2184,true
11406,Abyssal walker,gotr_abyssal_walker,11,2191 2190,true
11407,Abyssal leech,gotr_abyssal_leech,9,2180 2179,true
11408,Weak catalytic guardian,gotr_guardian_mind,2019,9379 9378,true
11411,Medium catalytic guardian,gotr_guardian_chaos,2019,9379 9378,true
11412,Strong catalytic guardian,gotr_guardian_death,2019,9379 9377,true
11413,Overcharged catalytic guardian,gotr_guardian_blood,2019,9379 9377,true
11414,Weak elemental guardian,gotr_guardian_air,2019,9379 9378,true
11415,Medium elemental guardian,gotr_guardian_water,2019,9379 9378,true
11416,Strong elemental guardian,gotr_guardian_earth,2019,9379 9377,true
11417,Overcharged elemental guardian,gotr_guardian_fire,2019,9379 9377,true
11426,,gotr_tamara_parent,0,808 819 820 821 822,true
11427,Friendly Forester,forestry_forester_nostorage,0,10084 819 820 821 822,true
11428,Greatish guardian,skillpet_runecrafting_gotr,2019,9379 9378,true
11429,Abyssal protector,abyssal_pet,10,2185 2184,true
11430,Brimstail,gnome_brimstail_1op,2402,2331 12042,false
11431,Brimstail,gnome_brimstail_2op,2402,2331 12042,false
11432,Archmage Sedridor,head_wizard_1op,0,813 819 820 821 822,true
11433,Archmage Sedridor,head_wizard_2op,0,813 819 820 821 822,true
11434,Aubury,aubury_2op,0,808 819 820 821 822,true
11435,Aubury,aubury_3op,0,808 819 820 821 822,true
11436,Wizard Persten,tote_persten_alkharid_child,0,808 819 820 821 822,true
11437,Wizard Persten,tote_persten_tower_child,0,808 819 820 821 822,true
11438,Wizard Persten,tote_persten_cutscene,0,808 819 820 821 822,true
11439,Wizard Persten,tote_persten_temple,0,808 819 820 821 822,true
11440,Apprentice Tamara,tote_tamara_wizard_tower_child,0,808 819 820 821 822,true
11441,Apprentice Tamara,tote_tamara_cutscene,0,808 819 820 821 822,true
11442,Apprentice Tamara,tote_tamara_temple,0,808 819 820 821 822,true
11443,Apprentice Cordelia,tote_cordelia_wizard_tower_child,0,813 1205 1206 1207 1208,true
11444,Apprentice Cordelia,tote_cordelia_cutscene,0,813 1205 1206 1207 1208,true
11445,Apprentice Cordelia,tote_cordelia_temple,0,813 1205 1206 1207 1208,true
11446,Apprentice Felix,tote_felix_wizard_tower_child,0,1350 819 820 821 822,true
11447,Apprentice Felix,tote_felix_cutscene,0,808 819 820 821 822,true
11448,Apprentice Felix,tote_felix_temple,0,808 819 820 821 822,true
11449,Wizard Traiborn,tote_traiborn_cutscene,0,808 819 820 821 822,true
11450,Archmage Sedridor,tote_sedridor_cutscene,0,813 819 820 821 822,true
11453,Abyssal guardian,tote_abyssal_pyramid_cutscene,10,2185 2184,true
11454,Abyssal walker,tote_abyssal_walker_cutscene,11,2191 2190,true
11455,The Great Guardian,tote_great_guardian_noop,2018,9370 9369,true
11456,The Great Guardian,tote_great_guardian,2018,9370 9369,true
11457,,tote_persten_alkharid_parent,0,808 819 820 821 822,true
11458,,tote_persten_tower_parent,0,808 819 820 821 822,true
11459,,tote_tamara_wizard_tower_parent,0,808 819 820 821 822,true
11460,,tote_cordelia_wizard_tower_parent,0,813 1205 1206 1207 1208,true
11461,,tote_felix_wizard_tower_parent,0,1350 819 820 821 822,true
11462,Menaphite Shadow,bcs_menaphite_akh_shadow,0,808 819 820 821 822,true
11463,Reanimated hellhound,arceuus_reanimated_hellhound,1491,6561 6583,true
11467,Hill Giant,giants_foundry_kovac_fake_attack,1081,4670 6372 6371,false
11468,Kovac,giants_foundry_kovac_quest,1081,4670 6372 6371,false
11469,Kovac,giants_foundry_kovac_quest_cutscene,1081,4670 6372 6371,false
11471,,easter22_reward_crate_npc,2022,9410,true
11473,Tarik,ntk_tarik_nospots,0,808 819 820 821 822,true
11474,Maisa,bcs_maisa_vis,0,808 819 820 821 822,true
11475,Maisa,bcs_maisa_cutscene,0,808 819 820 821 822,true
11476,Maisa,bcs_maisa_cutscene_armed,0,808 819 820 821 822,true
11477,Maisa,bcs_maisa_combat,0,808 819 820 821 822,true
11478,Spirit,bcs_mehhar_noname,1289,5530 5531,true
11479,Mehhar,bcs_mehhar_name,1289,5530 5531,true
11480,High Priest of Scabaras,bcs_scabaras_high_priest,0,808 819 820 821 822,true
11481,High Priest of Scabaras,bcs_scabaras_high_priest_cutscene,0,808 819 820 821 822,true
11482,Champion of Scabaras,bcs_champion_cutscene,0,808 819 820 821 822,true
11483,Champion of Scabaras,bcs_champion_combat,0,808 819 820 821 822,true
11484,Scarab Swarm,bcs_champion_scarab_swarm,468,1947 1945,true
11485,<col=00ffff>Shadow Rift</col>,bcs_champion_rift,1898,9430,true
11486,Osman,bcs_osman_vis,0,808 819 820 821 822,true
11487,Osman,bcs_osman_cutscene,0,808 819 820 821 822,true
11488,,bcs_osman_postfight,0,808 819 820 821 822,true
11489,Selim,bcs_selim_vis,0,808 819 820 821 822,true
11490,Menaphite Akh,bcs_menaphite_akh_cutscene,0,808 819 820 821 822,true
11491,Menaphite Akh,bcs_menaphite_akh_cutscene_spawning,0,12218 9425,true
11492,Menaphite Akh,bcs_menaphite_akh_combat,0,808 819 820 821 822 824,true
11493,Menaphite Akh,bcs_menaphite_akh_combat_charging,0,9426,true
11494,,giants_foundry_kovac_multi_outside,1081,4670 6372 6371,true
11495,Menaphite Akh,bcs_menaphite_akh_1,0,808 819 820 821 822,true
11496,Menaphite Akh,bcs_menaphite_akh_2,0,808 819 820 821 822,true
11497,Menaphite Akh,bcs_menaphite_akh_3,0,808 819 820 821 822,true
11498,Menaphite Akh,bcs_menaphite_akh_4,0,808 819 820 821 822,true
11499,Coenus,bcs_coenus_cutscene,0,808 819 820 821 822,true
11500,Jabari,bcs_jabari_cutscene,0,808 819 820 821 822,true
11501,Pharaoh Kemesis,bcs_kemesis_cutscene,0,808 819 820 821 822,true
11502,High Priest,bcs_high_priest_cutscene,0,808 819 820 821 822,true
11503,Priest,bcs_priest_cutscene,0,808 819 820 821 822,true
11504,Menaphite Guard,bcs_menaphos_guard_cutscene_1,0,808 819 820 821 822,true
11505,Menaphite Guard,bcs_menaphos_guard_cutscene_2,0,808 819 820 821 822,true
11506,Menaphite Guard,bcs_menaphos_guard_cutscene_3,0,808 819 820 821 822,true
11507,Menaphite Guard,bcs_menaphos_guard_cutscene_4,0,808 819 820 821 822,true
11508,Scarab Mage,bcs_scarab_mage,0,813 1205 1206 1207 1208,true
11509,Scarab Swarm,bcs_scarab_swarm,468,1947 1945,true
11510,Scarab Mage,bcs_scarab_mage_friendly_n,0,813 1205 1206 1207 1208,true
11511,Scarab Mage,bcs_scarab_mage_friendly_s,0,813 1205 1206 1207 1208,true
11512,,bcs_crocodile,570,2037 2036,true
11513,Crocodile,bcs_crocodile_vis,570,2037 2036,true
11514,Roger,bcs_crocodile_named,570,2037 2036,true
11515,Menaphite Guard,bcs_necropolis_guard_1_vis,0,808 819 820 821 822,true
11516,Menaphite Guard,bcs_necropolis_guard_2_vis,0,808 819 820 821 822,true
11517,Menaphite Guard,bcs_necropolis_guard_3_vis,0,808 819 820 821 822,true
11518,Menaphite Guard,bcs_necropolis_guard_4_vis,0,808 819 820 821 822,true
11519,Menaphite Guard,bcs_necropolis_guard_1_noop,0,808 819 820 821 822,true
11520,Menaphite Guard,bcs_necropolis_guard_2_noop,0,808 819 820 821 822,true
11521,Menaphite Guard,bcs_necropolis_guard_3_noop,0,808 819 820 821 822,true
11522,Menaphite Guard,bcs_necropolis_guard_4_noop,0,808 819 820 821 822,true
11523,Menaphite Guard,bcs_necropolis_guard_1_cutscene,0,808 819 820 821 822,true
11524,Menaphite Guard,bcs_necropolis_guard_2_cutscene,0,808 819 820 821 822,true
11525,Menaphite Guard,bcs_necropolis_guard_1_cutscene_alt,0,808 819 820 821 822,true
11526,Menaphite Guard,bcs_necropolis_guard_2_cutscene_alt,0,808 819 820 821 822,true
11527,Menaphite Guard,bcs_necropolis_guard_2_combat,0,808 819 820 821 822,true
11528,Head Menaphite Guard,bcs_necropolis_headguard_cutscene,0,813 1205 1206 1207 1208,true
11529,Head Menaphite Guard,bcs_necropolis_headguard_combat,0,813 1205 1206 1207 1208,true
11530,Head Menaphite Guard,bcs_necropolis_headguard_dying,0,9438,true
11531,Head Menaphite Guard,bcs_necropolis_headguard_unconscious,0,9056,true
11532,Head Menaphite Guard,bcs_necropolis_headguard_injured,0,9435,true
11533,Citizen,bcs_necropolis_citizen_1,0,4709 4710,true
11534,Citizen,bcs_necropolis_citizen_2,0,4709 4710,true
11535,Citizen,bcs_necropolis_citizen_3,0,4709 4710,true
11536,Citizen,bcs_necropolis_citizen_4,0,4709 4710,true
11537,Citizen,bcs_necropolis_citizen_5,0,4709 4710,true
11538,Citizen,bcs_necropolis_citizen_6,0,4709 4710,true
11539,Citizen,bcs_necropolis_citizen_7,0,4709 4710,true
11540,Citizen,bcs_necropolis_citizen_8,0,4709 4710,true
11541,Citizen,bcs_necropolis_citizen_1_noop,0,4709 4710,true
11542,Citizen,bcs_necropolis_citizen_2_noop,0,4709 4710,true
11543,Citizen,bcs_necropolis_citizen_3_noop,0,4709 4710,true
11544,Citizen,bcs_necropolis_citizen_4_noop,0,4709 4710,true
11545,Citizen,bcs_necropolis_citizen_5_noop,0,4709 4710,true
11546,Citizen,bcs_necropolis_citizen_6_noop,0,4709 4710,true
11547,Citizen,bcs_necropolis_citizen_7_noop,0,4709 4710,true
11548,Citizen,bcs_necropolis_citizen_8_noop,0,4709 4710,true
11549,Citizen,bcs_necropolis_citizen_1_cutscene,0,808 819 820 82