quest_dir	test_id	source	status	sha	legs_left	notes
quest_atailoftwocats	atailoftwocats	wiki	partial	3b41349334	the 'Talking to your cat about chores' hint menu (no follower house cat in the pack: all.obj growncatobject has no iop/Talk, no [opheld*,growncatobject*], ~twocats_has_cat is inventory-only ratcatchers_shared.rs2:12; followers exist only for the Wintertodt phoenix, the summoning clockwork cat and quest npcs); P2 presentation of the Sphinx and road-trip scenes (camera cuts/fight anims, GUIDE-GAP comments in twocats.rs2)	parity1p (Opus): the locator is PROVED drivable with no debugproc -- inventory Open / worn Locate, whiskers turned until %varp7166_twocats_locator_found=1, bearing from %varb1034_twocats_locator_direction, travel until Bob is in view, talk (build/parity_state/parity1p/scripts/twocats_locate.lua, run parity1p_atailoftwocats_locate 157/157: 15->20, 30->35 from Varrock, 60->65; Bob's roam left as is, 0-19 hops measured); Bob without a worn amulet now only overheads 'Miaoww' (Transcript:Bob_(cat) 'Without a catspeak amulet'), replacing the authored 'Meow?' page + narrating mes; ::twocats_gotobob marked not-for-tests. Test stays todo (RE-AUTHOR per b25 sampler). || parity1o (Opus): the parked parity1n draft applied, audited and PROVED -- Unferth/Hild/Bob/Gertrude/Reldo/Sphinx/Apothecary verbatim from Transcript:A_Tail_of_Two_Cats; catspeak WORN (~ratcatch_has_catspeak_equipped) at Bob, Reldo, the Sphinx; worn Locate; locator points at Bob's home when the engine has not stood him up; chores are real (rake loop with stat_random + weeds, dibber seeds + potato softtimer, bed, logs+tinderbox, cake+milk, shears loop), the cat's 40->45 announcement; music unlocks Strange Place (11,17) and Bob's on Holiday (22,4); Doctor's/Nurse hat choice; one present -> 2 lamps + mouse toy. Proofs parity1o_atailoftwocats_a 54/54 (0->35), _b 88/88 (35->70). Committed test RED -> RE-AUTHOR (build/parity_state/parity1o/scripts/twocats_{a,b}.lua). || parity1n (Opus closer, rerun): no content edit landed -- the worker's edits compiled but were never proved through the driver, so the closer parked them as build/parity_state/parity1n/unproved/atailoftwocats.patch and restored the files from HEAD. || parity1m (Opus closer): the locator's turn-the-dial minigame is real -- whisker if_buttons rotate %varb1034_twocats_locator_direction 1..8, the eyes/mouth light and kittens_mew plays only when the dial's sector holds Bob's LIVE position (wiki Catspeak amulet (e) / Bob (cat)); worn Locate op; Bob roams the world in content (LostCity wanderMode, wanderrange 30,000 per wiki + LostCity quest_death.npc:1171; the engine roll cannot path out-of-window, configs/twocats.npc); Bob's talks need catspeak WORN; Historian Minas verbatim from Transcript:Historian_Minas with every pack quest's display claim (vm_* bits, vm_displays now perm) and the four museum lamps (wiki Kudos). Proofs parity1m_atailoftwocats_locator 35/0, _minas 22/0. Curse of the Empty Lord branch not built (miniquest not in the pack). Committed test RED from row 14 -> RE-AUTHOR.
quest_betweenarock	betweenarock	wiki	done	7223d7c4dd		parity1n (Opus closer): the GUIDE-GAP is closed -- true piece rotation via if_setangle (seam16 opcode 11114): each open scrambles %varp7168_dwarfrock_puzzle_rot1..3 = random(4) (temp) on top of the 12-40px offsets, dr_rotate_button turns every selected piece a quarter (yan = baked 6/2043/2039 + rot*512, baked xan/zoom from dwarf_rock_schematics.if), dr_select1..3 toggle bits of %varp7162_dwarfrock_puzzle_select (QH PuzzleStep one SELECTED flag per piece; wiki 'select them all and move them together'), the move buttons slide every selected piece, solved = rot 0 on all three + each axis within 4px; the cache checkbox graphics read varps 261-266 (%varp261_if1..6, slayer/coffer storage) so selection stays in the puzzle varps; realm entry deletes carried gold ore/bars (wiki walkthrough). talkToDondakanForRealm guard verified correct (inv|worn then worn). Proof parity1n_betweenarock_puzzle 22/22. Committed test RED at row 79 schematicPuzzle-solved -> RE-AUTHOR (drive rotate + select-all). || parity1e: betweenarock_schematics.rs2 -- interfaces 113 dwarf_rock_schematics + 114 _control mounted, each piece scrambled by a random 12-40px offset in temp varps dwarfrock_puzzle_dx/dy1-3 (pack/varp.alloc 7153-7162), select/hide/move buttons really move the piece (if_setposition), solved only when all three are within the wiki's 4px of the .if's baked border targets; rotate answers an honest non-solve line. Proof: schematic_puzzle_final2 20/0 (partial moves do not solve), parity1e_betweenarock_puzzle5 (all three zeroed -> solved=1, assembled granted, pieces consumed; congrat text on screen)
quest_blackarmgang	blackarmgang	lostcity	done	7223d7c4dd		parity1n (Opus closer): Transcript:Reldo's low-combat advisory ported -- reldo.rs2 [label,reldo_phoenixstart] shows ~mesbox('Before starting this quest, be aware that your combat level is lower than the recommended level of 10.') when ~player_combat_level < 10, before the Yes/No start select; writes nothing, blocks nothing (pack idiom kaqemeex.rs2:103; transcript's 'you' is its typo); brief docs/quests/shield_of_arrav.md parity1n section. Proof parity1n_blackarmgang_reldo 13/13 (combat 3: box then No.=0/Yes.=1; combat>=10: no box, Yes.=1). Committed test green (it does not drive Reldo; the parity1m RE-AUTHOR stands). || parity1m (Opus closer): Reldo's four menus withdraw 'I'm in search of a quest.' once EITHER route has started and carry the OSRS Yes/No start confirm (Transcript:Reldo, OSRS form over LostCity which reads %varp145_phoenixgang only); Reldo never starts/advances %varp146_blackarmgang in LostCity or the wiki (tramp.rs2 does) -- the marker's premise had no source and was not invented. questbookcase Phoenix-only as LostCity; ::blackarmgang_partner verified to hand over exactly one phoenixkey2 (straven.rs2:88) and one arravcertificate_lft (curator.rs2). Proof parity1m_blackarmgang_reldo 27/0; committed blackarmgang green. RE-AUTHOR: drive Reldo -> Yes. -> bookcase -> read book -> Reldo again for real; two-player steps stay on the cheat.
quest_currentaffairs	currentaffairs	wiki	partial	3b41349334	current duck Track-current off a ripple after the quest (other sea-charting currents) prints the pack's placeholder line -- needs the sea-charting current table; cargo-hold Tools recovery does not refuse while a released duck still swims (wiki Current_duck; sailing/scripts/boat_log.rs2, shared); Destroy confirmation is objbox + Yes/No (the cache's confirmdestroy interface 584 has no script in the pack); Mayor POH menagerie placement not ported	parity1p (Opus): Starting off / Red Tape / Long live the Mayor verbatim from Transcript:Current_Affairs -- Arhein 'Hello again!' menu at every stage, start requirements (Pandemonium, base 22 Sailing, 10 Fishing) + refusal mesbox, Yes/No header, mayor story, chain with both objboxes, spare mayors [X]=27+count (wiki Mayor_of_Catherby trivia), post-quest menu; Catherine first talk + form objbox, one-conversation hand-in, Not yet / unfilled refusal, unchained refusal, audit read aloud with in-conversation retry, form 7r4-5h + reclaim, stamp; cabinet objbox; form question headers; Harry 3-row menu, kit/no-room/no-coins/decline/lost-kit/caught; item ops per the wiki item pages (duck Inspect/Dismiss, Mayor Consult/Feed/fish-food/Destroy, fishbowl + forms Destroy). Proofs ca_ledgers early_final 120/120, items_final 98/98, carun 1/1, arhein_branches_1o 15/15. Committed test RED -> RE-AUTHOR (build/parity_state/parity1p/ca_scripts/ca_early.lua, ca_items.lua). || parity1o (Opus): the sea leg is SAILED -- ca_board_ship ferry + p_telejump removed; Arhein's Going-with-the-Flow branches verbatim ('Hello again!' 4-row menu, news, lost duck re-issue, about the duck, charted incl. Mayor-lost 'mayor [X]'); the player's own boat (vessel_slot) on the ripple zone [zone,0_44_53_16_24] (hull-queued); release hull-gated, owned moving duck swims 5 ocean-checked legs to the wiki pin 2802,3322, blue stop message, stopped form despawns after 200 ticks (wiki Current_duck); [apnpc1] Collect from the own boat is the only chart path; ~ca_quest_complete no longer grants duck/mayor. ENGINE: npc_owner pushes the uid (pid+1) so npc_owner = uid / p_finduid(npc_owner) work (also fixes gauntlet/wintertodt/menagerie compares). Proofs ca_sea_leg 66/67 (only FAIL a driver berth-steer row), ca_arhein_branches 15/15, ca_duck_despawn 46/46, ca_carun 1/1. Committed test RED -> RE-AUTHOR (build/parity_state/parity1o/ca_scripts). || parity1n (Opus closer, rerun): no content edit landed -- the worker's edits compiled but were never proved through the driver, so the closer parked them as build/parity_state/parity1n/unproved/currentaffairs.patch and restored the files from HEAD. || parity1d: ^ca_duck_end re-pinned 2805,3428 (Catherby) -> 2801,3321, Chebyshev 1 from the brief's derived pin 2802,3322 'near Holgart' (walk_to sweep parity_ca_pinprobe 33/33: the pin and x=2802 stall at 2801,3321); swim 150 ticks (pacing, not sourced); duck lines say 'shore near Holgart'. Proof parity_ca_full4 completes the quest
quest_golem	golem	wiki	done	c8b3e2fede		parity1b: %varp7150_golem_talked_curator (new server varp 7150) tracks talkedToCurator; curator golem branch runs after the letter/certificate/phoenix/blackarm hand-ins; varp.alloc conflict markers resolved (handsand_sand_day re-homed 7142->7151)
quest_hero	hero	lostcity	done	c8b3e2fede		parity1b: invented Phoenix pete_sidedoor bypass removed (LostCity brimhaven_scarface_mansion.rs2:37-43); ::hero_partner stands in for the Black Arm partner's misc_key; selftest pins the LostCity door; test still goto_tiles past pete_sidedoor, the Taverley pipe/jail and the White Wolf rockslide (content is real there)
quest_misc	misc	wiki	done	3b77cbe535		parity1d: no content edit -- the maple gap was a mis-probe: woodcutting keys on loc 'mapletree' (id 10832, trees.dbrow), 8 placed in m39_60.jl2 near Leif; chopping 2550,3864 runs leif_intercept_wood (approval +1, wc xp, logs withheld). Proof parity_misc1d_leif_final 9/0 | seam10: legs_left was stale -- Ghrim no longer writes %varb72_misc_approval (misc_advisor_ghrim.rs2 sends the player to work since 0ee0ee5e9d), the rake/mine/chop/fish intercepts earn it (weed_herbs.rs2, miner_magnus.rs2, lumberjack_leif.rs2, fisherman_frodi.rs2), Vargas resets %varb73_misc_affection so Brand talk1 plays (misc_king_vargas.rs2:70-83; misc ledger rows 7-8). The 96-point grind (managing_miscellania.constant ^MISC_APPROVAL_75_PERCENT) gets a GRIND fast-forward ::misc_earnapproval (quest_misc/scripts/misc_debug.rs2, QUEST_SERVER_CHEATS.md): real axe/level/stage/zone, real stat_random per swing, real ~leif_intercept_wood per success; skips only swing waits and regrowth (seam10_misc_ff3 32/32). Brand/Astrid Clap/Dance/Blow Kiss content is real; what is left is the driver emote-tab verb, not content. Source is the OSRS wiki + Quest Helper throneofmiscellania, not LostCity: LostCity_Content2 has no quest_misc and no misc_approval (grep, seam10); the ported intercept headers cite a LostCity tree this checkout does not have.
quest_mortton	mortton	lostcity	done	0ee0ee5e9d		no content edit: every diff vs LostCity quest_mortton is idiom-only; Serum 208 is optional in LostCity; catacomb entrance gate diverges (post-quest content, follow-up)
quest_mourningsendparti	mourningsendparti	wiki	done	3b41349334		parity1p (Opus): no content edit needed, all three items sourced and DRIVEN -- Oronwen talk-path 'What do you need...' and 'I have all I need to mend my trousers.' re-talks (mend1_disguise.rs2, Transcript:Mourning's_End_Part_I), bucket of water KEPT after scrubbing the top (wiki Mourner top {{Recipe}} has no output2=Bucket; quest page 'While holding a bucket of water'), toxic naphtha on ANY range (wiki: 'It must be a range'; QH CARNILLEANRANGE is one example). Proof parity1p_mep1_or 36/36, ::mend1run 3/3. Sourced non-steps: talkToIslwyn (2019 rework, Eluned starts it). || parity1o (Opus): the parked parity1n draft applied, audited and PROVED -- Essyllt every branch verbatim (New recruit takes the letter and writes stage 4, Lost items re-gives key/device, New orders with NO apple -- picked up at 2535,3333, the mourners' plan, key to the mines); the HQ door no longer reads the letter; desk re-gives the tarnished key, chest gives a broken device; Tegid (soap) + laundry basket, dry-soap/water lines, Oronwen all branches, Seer wash-top, mourners inside/outside HQ in disguise; Elena press/mix/sieve verbatim; toxic naphtha heated on ANY range (cooking.rs2 + Carnillean hook) -> 2 toxic powder + barrel, explodes on a fire; the third food store (m38_51 2467,3287); Arianwyn final report verbatim. Proofs parity1o_mep1_a 78/81, _b 116/117, _c 41/41, _d 28/28, _dbg 3/3 (fails are script-side awaits, re-proved). Committed test RED -> RE-AUTHOR (build/parity_state/parity1o/mep1/legs*.lua). || parity1n (Opus closer, rerun): no content edit landed -- the worker's edits compiled but were never proved through the driver, so the closer parked them as build/parity_state/parity1n/unproved/mourningsendparti.patch and restored the files from HEAD. || parity1m (Opus closer): start moved to ELUNED (cache dbrow startnpc 1116, wiki |start, transcript: one conversation + escort to Lletya + crystal; QH's two talkToIslwyn steps are the before/after of that one varp write); Arianwyn's briefing verbatim with both choices; the rack gnome: verbatim Bargains dialogue, [oplocu] feather tickle (3->5/6), crunchie eaten, Release op2 with the guard's lines; the released gnome is the cache's own mourner_hideout_gnome multinpc (value 7+) for the hand-over and the toads talk. Proofs parity1m_mep1_legs4 71/0, parity1m_mep1_rel 34/0; rovingelves green. Committed test RED from row 2 -> RE-AUTHOR.
quest_mourningsendpartii	mourningsendpartii	wiki	done	ffeb319150		parity1l (Opus): (A) all six Temple of Light stair/ladder locs bound by name in mend2_stairs.rs2 with landings from the jl2 placements + forceapproach/f1 flags and java zones -- every floor change is a click (closer rerun parity1l_close_stairs 69/69); the east doorway (jl2 inviswall 1917,4638-4640,0, no door placed) crossed by a walk-in zone with the wiki's post-quest trinket bounce (design choice, flagged); the 'pockets' were goto_tiles onto objects' own squares -- the real gap was the SE room's two unlit, unhandled light doorways, now lit by pillars 1_14 east / 1_16 north (java:275-276) and passable. (B) Arianwyn's transcript hand-in summons Eluned; Eluned's own [opnpc1] makes the crystal; Arianwyn's instructions set mourning_arianwyn_told (parity1l_close_eluned 33/33). (C) no change: wiki Dark_beast places them only in the Mourner Tunnels (19) + Iorwerth Dungeon (10), already spawned aggressive 220 HP -- nothing sources them at the Death Altar; the started-ME2/90 Slayer attack gate is a skill_slayer matter. (D) Thorgel: meeting/list/both hand-in modes/another copy/'what for'/re-list, 47 items + random ticket/book/key, death talisman (parity1l_close_thorgel 113/113); shared pack/varp.alloc +7163/7164. (E) dwarf-camp tunnel <-> Death Altar wall hole wired; the rest of the Underground Pass chain already existed. Driver seams for the re-author: click_loc has no copy selector (north vs south circle staircase from the stair square); click_loc on mourning_door_1_16_west answers settle_after_click though the pass lands. Pre-existing: quest_journal.rs2 has no quest_mourningsendpart2 branch.
quest_murder	murder	lostcity	done	0ee0ee5e9d		ground dagger spawns plain (LostCity m42_55 obj 1813=murderweapon); player floures it then uses flypaper
quest_pryingtimes	pryingtimes	wiki	done	3b41349334		parity1p (Opus): killTheTroll is real -- [opnpc2,..._effect_troll] now ~npc_retaliate(0); @player_combat_start (trap 31, betweenarock_realm.rs2 idiom), Drink troll drop table per wiki (10 drinks/kebab at 1/10); troll attacked and killed through the driver (pry_scripts/troll.lua 25/25 twice: attack 1 press, dead after 5 ticks). The 'unreliable npc_add' was a DRIVER seam, not content: DriveUi_Npcs (src/plugin/torirs_plugin_drive_ui.c) measures radius from the rider's deck-frame tile while deck npcs sit at hull-projected root tiles (radius 0 finds it every run). Engine/driver seams (not content): 'or log out' is engine-owned (VesselLogout -> VesselFree -> WorldMapInstanceFree frees deck npcs) and the driver has no logout verb; deck floor objs (the troll's drop) are invisible to a rider. Committed test RED/GUIDE-GAP stale -> RE-AUTHOR killTheTroll. || seam17 (Opus closer): port_masters.spawn LANDED (Port Sarim 3028,3194 / Pandemonium 3061,2985, wiki Port master pins) once seam.press_pixel reads a settled projection (conformance 153/153 twice with it); scratch s17cp_portmaster2 17/17 -- Talk/Claim-rewards/Cancel-task at Port Sarim and the npc_find-guarded delivery line at the Pandemonium, quest_pry 5->10. Committed test still RED at row 5 (RE-AUTHOR, b25). || parity1o (Opus): built fresh from the wiki (docs/quests/prying_times.md pinned) -- Steve's menu + every branch verbatim, start box + combat advisory; Steve writes port task 600 into the Captain's log; the courier Port Sarim -> Pandemonium is sailed in the player's own boat and delivered at the ledger (pandemonium.rs2 ledger/hold fallthroughs to the port-task procs, crate withdraw to the hands), task 600 pays 180 Sailing XP and writes 5->10; port master Talk/Claim/Cancel scripts (spawn parked, see legs_left); Thurgo verbatim crowbar (bar+pie); the sealed crate pried from the own boat, re-placed on hull arrival; both p_teleports gone; stout drinkable only aboard; Tobias/Lorris/Thresnor post-Pandemonium menu + op4 ferry. Proofs parity1o_pryingtimes_full 100/100 (0->35 one run, no stage cheat), _misc 17/17, _hold 12/14 (hollow grading rows). Committed test RED -> RE-AUTHOR (build/parity_state/parity1o/pry_scripts/e_full.lua). || parity1n (Opus closer, rerun): survey only, no edit (worker notebook build/parity_state/parity1n/pryingtimes.parity.progress.md). || parity1d: outbound Steve's p_choice2 'Cast off and sail to Port Sarim yourself.' -> ^pry_looty_coord; return via Captain Tobias (sailors.rs2) 30gp 'Yes please.' -> Steve (PryingTimes.java 'travel there via Captain Tobias on Port Sarim docks for 30gp'); declines leave tile/crate/coins. Proof parity_pryingtimes_d9 77/0 whole quest. Committed test red at row 8 letSteveKnow-dialog
quest_tearsofguthix	tearsofguthix	wiki	done	15c39665ce		parity1m closer: stale row corrected -- seam10 fixed the swamp_cave_steppingstone reach; test/quests/tearsofguthix.lua drives Option A through the stepping stones, helper_coverage FULL; green in the parity1m suite run.
quest_biohazard	biohazard	lostcity	done	fc44e385e0		no content edit: port matches LostCity quest_biohazard leg by leg (Omart gas mask is the pinned OSRS change); test goto_tiles past the backyard fence, the gown-gated HQ door, the key cage gate and the Kilron return
quest_blackknight	blackknight	lostcity	done	fc44e385e0		no content edit: port matches LostCity plus documented OSRS additions (dossier, Maemi, wider disguise set); test goto_tiles past bkfortressdoor1/2 and both bksecretdoor walls
quest_cog	cog	lostcity	done	fc44e385e0		no content edit: every leg matches LostCity quest_cog; test goto_tiles past secretdoor2, rat poison pickup, ctlevera and the food trough
quest_cook	cooks_assistant	lostcity	done	fc44e385e0		no content edit: LostCity legs present, OSRS dialogue per verified-modern brief cooks_assistant.md; test skips the 8 gathering legs through ::cookbmp_test_give_ingredients
quest_doric	doric	lostcity	done	fc44e385e0		::doricrun prints DORICRUN OK (selftest 12 -> 11 failures); live legs already matched LostCity
quest_druid	druid	lostcity	done	fc44e385e0		no content edit: matches LostCity quest_druid; test goto_tiles past the cauldrondoor suit-of-armour door (content proven by a scratch run)
quest_drunkmonk	drunkmonk	lostcity	done	fc44e385e0		Omad party ported from LostCity (balloon drops, three-round monk dance); map_indoors/map_locaddunsafe guards dropped (engine opcodes unimplemented), map_blocked kept; test waits 3 ticks for a ~32-tick scene -> RE-AUTHOR
quest_eadgar	eadgar	lostcity	done	565711aa90		parity1m (Opus closer): LostCity's thrown-club projectile, axethrow/knockout anims, stunned spotanim and sounds DO exist in cache.osrs239 and are used; the eight troll_sguard guards patrol LostCity's routes (configs/quest_eadgar.npc); knockout = LostCity queue chain with the fade on the pack's fade_overlay idiom (clientscript 7060); crate guard nomove/blockwalk/snore + npc_findexact + objbox; npc_destination still has no engine handler -- substitute is the last-step heading (quest_eadgar.varn, cited). Proof parity1m_eadgar_guards4 15/0; committed test 132/1 (crate.ejected timing) -> RE-AUTHOR.
quest_elemental_workshop	elemental_workshop	lostcity	done	fc44e385e0		LostCity sound cues on valve/lever/wheel/lava/locked wall; slashed-book item split kept as documented OSRS change; test goto_tiles past the spiral stairs
quest_entertheabyss	entertheabyss	wiki	done	fc44e385e0		real Chaos Temple offer tree (mercenary/loyal/Saradomin/not-interested -> Deal) and the orb handover + Abyss/ZMI lore (Transcript:Enter_the_Abyss oldid=15263217); C selftest stanza extended; committed test scripts the old invented lines -> RE-AUTHOR
quest_fishingcompo	fishingcompo	lostcity	done	565711aa90		parity1m: NO content gap -- kr_seers_table2 has no op= in configs/all.loc (the real OSRS table offers nothing) and LostCity quest_fishingcompo has no table op; the garlic is the map ground spawn on the table tile (areas/world/configs/m42_54.spawn:45), picked up with click_obj (proof parity1m_fishingcompo_garlic2 4/0, take + respawn + take). The test's getGarlic GUIDE-GAP marker is a false premise and becomes a plain citation. Engine seam (not content): map-spawn objs respawn at ^lootdrop_duration=200 ticks, the guide says ~30 s.
quest_fluffs	fluffs	lostcity	done	fc44e385e0		dropped kitten walks to the winning crate before running off (LostCity opheld5,gertrudekittens)
quest_haunted	haunted	lostcity	done	c8b3e2fede		parity1b: both front-door leaves swing (loc_findallzone on the ~door_close opposite tile, LostCity open_and_close_double_door2)
quest_hetty	hetty	lostcity	done	fc44e385e0		no content edit: matches LostCity (rat_indoors drops rats_tail, proven by scratch kill); test ::gives rats_tail
quest_hunt	hunt	lostcity	done	fc44e385e0		no content edit: matches LostCity quest_hunt; test goto_tiles past the Port Sarim sailors voyage
quest_makinghistory	makinghistory	wiki	done	c8b3e2fede		parity1b: museum bookcase reads The History of the Outpost / The Times of Lathas (Ardignas after SotE) / The Mysterious Adventurer (wiki Transcripts, brief making_history.md); catapult has no op1 in the cache; large displays split into short mes() lines; makinghistory_locstatus still unsourced (open question, not a leg)
quest_priest	priest	lostcity	done	fc44e385e0		no content edit: matches LostCity quest_priest (skull via the altar search, skeleton rise)
quest_prince	prince	lostcity	done	fc44e385e0		Lady Keli guard ~npc_retaliate(0) (LostCity lady_keli.rs2); test goto_tiles past alidoor
quest_romeojuliet	romeojuliet	lostcity	done	c8b3e2fede		parity1b: wild cadava bushes SE of Varrock pick 1 berry and deplete 2->1->0 with a 200-tick respawn; the south-western bush is always empty (wiki Cadava_bush_(wild)); respawn proved by idiom, not a 200-tick live run
quest_rovingelves	rovingelves	wiki	done	fc44e385e0		Baxtorian key door checks its real map tile 6,45 (was 6,46, never matched) so the Chalice room is reachable -- shared with quest_waterfall; test goto_tiles past the 7 Waterfall-route legs (scratch run drove them)
quest_runemysteries	runemysteries	lostcity	done	fc44e385e0		no content edit: idiom-only diff vs LostCity
quest_scorpcatcher	scorpcatcher	lostcity	done	fc44e385e0		Thormac offer p_choice3 menu, how-to-catch/for-me loop, lost-cage recovery and banked-cage branch (LostCity thormac.rs2); banked branch unproven (no bank verb); committed test scripts the old linear offer -> RE-AUTHOR
quest_seaslug	seaslug	lostcity	done	fc44e385e0		no content edit: matches LostCity quest_seaslug (seam5 fixes already landed)
quest_sheep	sheep	lostcity	done	fc44e385e0		no content edit: matches LostCity quest_sheep; self-spun +50 Crafting XP is the wiki reward
quest_sheepherder	sheepherder	lostcity	done	fc44e385e0		no content edit: matches LostCity quest_sheepherder
quest_squire	squire	lostcity	done	fc44e385e0		no content edit: matches LostCity quest_squire; Giant Dwarf shortcut is wiki-sourced
quest_ball	ball	lostcity	partial	75a0cc01fe	_ball_irongate electric-shock gate unported: loc id orphaned in port/categories_loc.map:47 (do-not-mint); needs cache resolution	no content edit: four-form shapeshifter fight matches LostCity witches_experiement.rs2; live kill of all four forms writes ^ball_defeated_experiment
quest_desertrescue	desertrescue	lostcity	partial	22a4b22342	ported but not driven live: Shabim lost key/plans, escaped-slave re-trade, cart driver 'Good luck' + call-guards roll, minecave barrel confiscation, gate barrel check, wrought iron gate crossing, Siad dragon/fire distraction	parity2d: stages 6-30 ported leg by leg from LostCity quest_desertrescue (ana, camp_guard, captain_siad, mine_cart_driver, mining_slave, mercenary, quest_desertrescue.rs2; al_shabim/irena/mining_camp_gate rewritten); gate uses LostCity guard-proximity search; reward LostCity's Irena 2x4,650 xp pick (OSRS gives the same amounts as lamps); scratch proofs build/quest_gate/parity_desertrescue_{a3,b4,c6,e1} all PASS + d2 45/47 (timing/arm seams), quest.expect_complete scroll; drivers build/parity_state/parity2d/desertrescue_scratch/leg_a..e.lua; named departures in file banners (slave trade returns after 'I need', siad_sendguards bails on complete, rowdy slave drop table, armour by defence bonus, bars stay bent, Ana stays at the pass); seam23: the Mercenary Captain insult ladder is LostCity's mercenary_capt_randompunish (four stages on map_mechanisms bits 0-1), driven live 17/17 in build/quest_gate/seam23_tt_after
quest_grail	grail	lostcity	done	75a0cc01fe		LostCity quest_grail.rs2: [oploc1,merlinworkshop] merlin2 spawn (hard blocker), [opheld1,magic_golden_feather], [oploc1,percy_sacks]; ::grailrun selftest extended
quest_tree	tree	lostcity	done	75a0cc01fe		khazard_warlord npc_changetype to khazard_warlord_combat (osrs239 cache splits Talk/Attack; LostCity gnome_battlefield.npc has both), ai_queue3 on both types, combat overlay; live kill writes ^tree_defeated_warlord + orbs
quest_vampire	vampire	lostcity	partial	75a0cc01fe	Count Draynor stake+hammer finish never reached in a live kill: [ai_queue3,count_draynor] npc_findhero branch falls to npc_default_death (engine/seam investigation; same pattern works for tree + desertrescue)	no content edit: matches LostCity count_draynor.rs2; early legs 15/15 live
quest_crest	crest	lostcity	partial	7e91c06fe3	a live four-blast Chronozon kill (blocked on the open content seam skill_combat/combat_stats.rs2:656 npc_defence_roll rolling magic vs npc DEFENCE where LostCity npc_combat.rs2:286-291 uses npc MAGIC; blasts land ~1 in 10); crest_witchaven.rs2 lever/gold-door puzzle diverges from LostCity quest_crest.rs2's %varp6189_crest_spells_levers_gauntlets bit design (parity2a redesign, loc-state) -- review against source	parity2b (Opus closer): leg-by-leg LostCity table built (build/parity_state/parity2b/crest.parity.progress.md); ported verbatim from LostCity quest_crest.rs2: [opheldu,avan/caleb/johnathon/family_crest] + combine_crest_parts (was missing; selftest mirrored it by hand), [opheld5,*gauntlets] -> inv_delslot vanish-on-drop, crest_dimintheis.rs2 crest_dimintheis_gauntlets/offer_gauntlets re-offer, and [queue,crest_complete]'s all-copy inv+bank family_crest removal + %varp6189_crest_spells_levers_gauntlets reset. Chronozon [opnpc2] reaches the combat.rs2 wildcard (bar 30->29 live, parity_crest5 15/15); [ai_queue3,chronozon] byte-identical to LostCity crest_chronozon.rs2; CRESTRUN selftest 7/7. || no content edit: CRESTRUN selftest proves ~chronozon_spell needs all four blasts; test needs a cast-on-npc driver verb
quest_fenkenstrain	fenkenstrain	wiki	partial	7e91c06fe3	tower topology: fenk_tower_stand is a plane-0 teleport + npc_add'd Rologarth instead of the upper-floor door/ladder to plane 2 (m55_55.spawn fenk_creature); completion inv_add(ring_of_charos) has no freespace guard; Werewolf Agility Course ring gate; ring reclaim matrix; optional clock/letter lore	parity2b: not a LostCity quest (no quest_fenkenstrain in LostCity_Content2/LostCity_Server). Source docs/quests/creature_of_fenkenstrain.md + QH CreatureOfFenkenstrain.java. %varp399_fenk_quest (the fenk_table_multi multivarp) now tracks sign_read/hired/parts/lightning alongside %varb13715_creatureoffenkenstrain -- the sewn corpse never appeared on the ritual table before (stuck at 0 until the conductor); real hand-in route proved parity_fenkenstrain 17/17. The brief's Status line is stale (audit-pending).
quest_ghostsahoy	ghostsahoy	wiki	partial	7e91c06fe3	ship-interior reach seam: the lower-hull chest route spawns the lobster but Attack answers 'I can't reach that!' from the pathfinder's own tile (driver/collision, not content); Ectofuntus worship 1 token not 5 and no 1,000 cap (shared skill_prayer/ectofuntus.rs2); ectophial refill shield/fee/multi-vial; nettle gloves allowlist; petition same-ghost/bribe randomness	parity2b: not a LostCity quest (released 2005). Source docs/quests/ghosts_ahoy.md + wiki Rune-Draw (oldid 14666162) + Transcript:Robin + QH GhostsAhoy.java. Giant lobster [opnpc2]/[apnpc2] now jump @player_combat_start(_ap) (trap 31; lobster_spawn 5/5, bar 30->28, kill corroborated). Robin's Rune-Draw was a narrated auto-win: now a real game -- closer rewrote the worker's with-replacement version to the wiki's exact bag (air..nature 1..9 + Death, without replacement), alternating draw/hold turns, Robin never draws the last (Death) rune, debt +/-25 per the brief (loss comes off his debt first, then 25 coins), bow signed at 100 (close2b_runedraw 62/63: 29 real games, ahoy_subquest_bow 2, signed bow in hand; the one FAIL is a client coin read lagging game1's 'Pay up'); post-quest Robin transcript verbatim. New perm varp ahoy_robin_debt (varp.alloc 7172).
quest_itwatchtower	itwatchtower	lostcity	partial	7e91c06fe3	loc_2299 agility-18 wall climb into the watchtower (names.map family with 4 candidates, cache id unresolved); tree_ropeswing loc_change(loc_2324) + loc_anim(ropeswing_long) cosmetics (loc_2324 unresolved, no ropeswing_long spotanim)	parity2b: ported LostCity quest_itwatchtower.rs2:269-282 [oploc1,ogreguardgate1/1right/2/2right] -> open_gutanoth_gate (the shared doubledoors category swung them for anyone; now guard1 needs %varp6191_gutanoth_gold, guard2 the relic stage, redirecting into ogre_guard1/2_dialogue; closer removed an invented 'speak to the guard' line -- LC returns silently) and :287-309 [oplocu,loc_2326]=tree_ropeswing4_norope rope swing (rope consumed, agility_exactmove). Proof parity_itwatchtower 17/17 (gate refuses at gutanoth_gold 0, swings at found_gold; swing lands at movecoord(loc,6,0,0)). Quest XP 15250 is the OSRS value (wiki Watchtower) where LC has 15300. Gorad fight fixed by seam19.
quest_mountaindaughter	mountaindaughter	wiki	done	7e91c06fe3		parity2b: not a LostCity quest (2015). Source QH MountainDaughter.java + wiki quick guide/transcript (no brief pinned). The Kendal's [opnpc2]/[apnpc2] now jump @player_combat_start(_ap) behind the mdq_attack_kendal gate (trap 31); driven: attack bar 30->29, await_dead_engaged kill corroborated by zero bar, mdaughter_quest_var 50 (kendal_killed) read 10 ticks after the corpse, bearhead lands from the death handler (parity_mountaindaughter 14/14). Other legs (lake raft, diplomacy chain, pearl, cairn) matched the guide leg by leg.
quest_onesmallfavour	onesmallfavour	wiki	partial	7e91c06fe3	weathervane 3-click take-off and the 8-lamp landing-light puzzle are single actions (prior documented collapse -- a puzzle collapsed, must be expanded per QH OneSmallFavour.java); Feldip Hills glider unlock narrated only; backup item purchases absent	parity2b: not a LostCity quest (2005). Source wiki One_Small_Favour + QH OneSmallFavour.java. Slagilith and the three Hammerspike gang dwarves now reach @player_combat_start(_ap) behind their gates (trap 31); Slagilith driven bar 30->28, kill in 69 ticks, onesmallfavour 150 read 10 ticks after; gang kill credited osf_gang_kills 1. [onesmallfavour] declared transmit=yes scope=perm (the all.varp stub left it temp/untransmitted: journal always 'not started', progress lost on logout).
quest_recruitmentdrive	recruitmentdrive	wiki	partial	7e91c06fe3	Lady Table statue-touch routing not proved end to end (by_symbol found no rd_1g in the entity pool); Sir Ren Itchood's combo lock is a p_choice5 menu, not the dial interface (a puzzle collapsed); Gaze of Saradomin respawn and Initiate title need engine systems that do not exist	parity2b: not a LostCity quest (2005). Source wiki Recruitment Drive quick guide + QH. ^rd_table_memo_ticks 10 -> 17 (the wiki's 10 seconds). Sir Leye driven live: blade kill fails the room (rd_room3_complete 0, back to testing), bare-handed kill completes it (1); the task brief's female-only framing is the pre-2022 mechanic, this osrs239 cache postdates the change (worker checked the wiki 2026-09-27).
quest_rumdeal	rumdeal	wiki	partial	340c190aae	fever spiders' disease (stat drain unless Slayer gloves are worn, per the wiki) is not modelled -- the basement spiders are plain melee mobs; the fever-spider kill itself is not driven (11 copies stacked in m33_79.spawn trip driver seam 15)	parity2c: not a LostCity quest (Jan 2005; absent from LostCity_Content2 and LostCity_Server quest lists -- the batch brief's LostCity claim was wrong). Source QH RumDeal.java + SlugSteps.java + wiki. No content edit: every leg (Pete, Braindeath's 8-stage hub, blindweed patch with the real 499-tick growth, stagnant water, 5-slugling barrel/lever, Davey's prayer-gated wrench blessing, evil spirit, swill tap + Donnie) already real. Evil spirit DRIVEN: [opnpc2,deal_evil_spirit] reaches @player_combat_start (seam20), hp bar 30/30 -> 0 in 16 ticks, [ai_queue3] writes deal_quest=11 told_kill_spider (scratch parity_rumdeal4, build/parity_state/parity2c/rumdeal_scripts/parity_rumdeal.lua -- start the test from it).
quest_thefeud	thefeud	wiki	partial	340c190aae	the safe's combination lock (interface 330 / clientscript 261) is narrated, not button-driven (a puzzle collapsed); hide-behind-cactus is real but not a persisted door gate (no varbit allocation path); graceful gloves not accepted at the cactus; the cowardly bandit and feud_npc_multi lookalike villagers absent; the Menaphite/bandit tough-guy fights were not re-driven this pass	parity2c: not a LostCity quest (Dec 2005; absent from both LostCity trees). Source wiki The_Feud + QH TheFeud.java. Snake charming is real (coins on feud_money_bowl buy snake_flute + basket_for_snake; snake_flute on feud_desert_snake fills basket_with_snake; the Hag consumes dung + basket) replacing Ali the Snake Charmer's narrated hand-over; feud_desert_snake hand-spawned (map-dump name drift dropped its 33 rows); [oploc1,feud_cactus_row] gear-gated; completion adds the Willow blackjack and Adamant scimitar (QH getItemRewards). Shared: quest_ratcatchers/ratcatchers.rs2 [oplocu,feud_money_bowl] carries the guarded feud branch. Proof parity_thefeud4 40/40.
quest_zogreflesheaters	zogreflesheaters	wiki	partial	340c190aae	Crumble Undead's half-damage cap-7 branch on Slash Bash is not driven live (cast never landed, driver seam 15); Slash Bash's disease attack unwired; barricade smash animation; Sithik bad-portrait branch; transformed Sithik keeps the human chathead; Relicym's balm has no quest gate	parity2c: not a LostCity quest (May 2005; absent from both LostCity trees). Source wiki Zogre_Flesh_Eaters + Slash_Bash + QH. Grish's 'There must be an easier way to kill these zogres!' sets %varb500_thzfe_makecompozogrebow before the fight and ogre_arrows.rs2's comp bow / brutal arrow labels gate on it (closer: or on quest completion, for saves that finished first); Sithik's answers set thzfe_makebrutalarrow / thzfe_makecuredisease; Slash Bash takes 25% from everything but comp ogre bow + brutal arrows (player_hit_npc_prepare.rs2 branch -> ~zfe_slash_bash_prepare_hit), Crumble Undead half capped 7 via %varp7177_zfe_crumble_undead_cast (player_magic.rs2). Proof parity_zogreflesheaters5 21/21: melee 30->27 hitsplat 1, comp bow + brutal 30->21 hitsplat 3.
quest_wanted	wanted	wiki	partial	340c190aae	the Champions' Guild stop narrates a Black Knight decoy where the wiki has Solus's Smoke Barrage, and the Dorgesh-Kaan stop narrates a magic bolt where the wiki has the 'hostage' woman who is Solus and sucker-punches the player -- both mesbox narration of the wrong event; every pool stop is a single scan-in-zone beat (Lumbridge Swamp Caves' rope/light/spiny-helmet descent absent); the pre-hunt Tiffy/Amik/Daquarius/Zamorak-mage chain not re-proved end to end	parity2c: not a LostCity quest (Sept 2005; absent from both LostCity trees). Source wiki Wanted! + Quick_guide + QH Wanted.java. Wiki: Solus is one continuous fight at the essence mine, no teleport phases (the batch brief's phase claim was wrong). The Commorb hunt now matches the wiki's order: Canifis, random, Champions' Guild, random, Dorgesh-Kaan, random, Rune essence mine, the three random stops drawn from the 15-location pool (missions 5-19, zones from QH setupZones); ^wanted_essence_mine_coord moved from Aubury's shop (3253,3402) into the mine (2909,4833); [ai_queue3,wanted_solus_attackable] no longer requires a mission4 flag only the kill could set, so a real kill writes wanted_main=10; quest_wanted2 declared transmit=yes scope=perm. Proof parity2c_wanted4 43/43 (Solus 30->0 in 12 ticks).
quest_shadowstorm	shadowstorm	wiki	partial	340c190aae	the incantation's word order is fixed, not per-account random; the circle-tile standing requirement is not enforced; the reward lamp is a fixed Hitpoints advance, not the wiki's chosen combat skill (tree-wide lamp gap)	parity2c: not in LostCity (2005). Source wiki Shadow_of_the_Storm + Transcript + QH ShadowOfTheStorm.java/IncantationStep.java (no brief pinned; quotes inline). Completion is automatic on Agrith-Naar's death ([ai_queue3,agrith_naar] -> ~sots_try_complete, no mandatory Father Reen visit); unequipping Darklight at ^sots_unequip completes (wiki's fallback, player/scripts/equip.rs2 [proc,unequip] guarded); Reen and Badden each TAKE a sigil from the player instead of handing one out. Fight DRIVEN: Agrith-Naar 30->0 in 14 ticks with the dyed Silverlight, stage 125, scroll + 1 QP (parity_shadowstorm_kill 13/13, _sigil 21/21).
quest_spiritsoftheelid	spiritsoftheelid	wiki	done	340c190aae		parity2c: not in LostCity (2005). Source wiki Spirits_of_the_Elid + Quick_guide + QH SpiritsOfTheElid.java (no brief pinned). The ranging-channel target now needs Ranged or Magic (%varp6295_damagetype after ~player_combat_stat) and is bound on [apnpc2] too -- it sits across water and the [opnpc2]-only binding answered 'I can't reach that!' to every click; the crevice needs a lit light source (~elid_has_light) and tells surface from dungeon by region (coordz > 9000) -- the one-tile literal was off by one and the entrance is several clickzone copies, so the climb-down had never fired. Golems: white stab, grey slash, black crush by defence (wiki), unchanged, not re-driven this pass. Proofs parity_elid_ranging_final 14/14, parity_elid_light4 7/7.
quest_idesofmilk	idesofmilk	wiki	partial	340c190aae	Cassius (cowboss_farmer) has NO world spawn -- a live player cannot start the quest (row parked, see notes); the reward lamp's Rub skill picker (tree-wide); the Cowbell amulet's charges/teleport/Ring; the post-quest repeatable Brutus fight (the pen gate says 'quiet now' forever); Cassius/Gillie refuse trees beyond the first 'No.'; a lethal special not proved live	parity2c: 2025 quest, not in LostCity. Brief docs/quests/the_ides_of_milk.md (wiki + Quick_guide + Cowbell_amulet + QH TheIdesOfMilk.java). Brutus's specials are real: [ai_opplayer2,cowboss] rolls Snort (3x1 row / L) or Growl (3-wide charge lane) every 1-6 swings, telegraphed, resolved a tick later on the player's live tile, up to 19 ignoring prayer; his ordinary swing cannot kill during the quest (~cowquest_try_safe_death from player/death.rs2 [playerdeath,_]). Whole quest driven 0->22 with a Cassius spawn row (build/quest_gate/parity_idesofmilk 96/100, 4 scratch-script fails), Brutus 30->0, a real dodge graded. Closer PARKED that row (build/parity_state/parity2c/parked/idesofmilk.spawn, 3171,3277 per ^iom_cassius_coord + QH): it reshuffles npc RNG and the C selftest's wander-radius stanza then catches a giant frog outside its box -- engine wander routes the roll through WalkTo's naive approach path, LostCity Npc.wander queues the tile (Npc.ts:700-713); that fix keeps the selftest at HEAD but BLOCKS sheepherder's herd (A/B 67/67 on HEAD engine). Needs one engine pass: wander fix + herd retune + this row.
quest_arena	arena	lostcity	partial	b6aef218bc	cage/gate loc animations and the shared-arena fights (port fights are owner-private, contract-pinned); Barman Sons of the Twilight line still a soft-skip; Justin cell-side legs not modelled	parity3a (Opus closer): LostCity quest_arena -- ~wearing_khazard_armour disguise branches ported, spawns moved to LC m40_49.jm2, shut chest Search (cache op, OSRS era), General Khazard fought on the cache attackable general_khazard (npc_changetype), both ai_queue3 -> arena_general_death 12->13; brief docs/quests/fight_arena.md pinned. Proof: parity_arena 108/108 (door both ways, general.attack, defeated_genkhazard 13, complete 15); selftest ARENARUN OK + General stanza. No committed test yet.
quest_arthur	arthur	lostcity	partial	b6aef218bc	trail/clue arms for Sir Kay and Arhein (no progress_clue_easy in the port); Keep door does not swing (LC loc_del/loc_add + inviswall); bat_bones summon lacks LC delay/sound; Arhein fort branch replaced by the OSRS Current Affairs menu (OSRS wins)	parity3a (Opus closer): LostCity quest_arthur -- Keep Le Faye stairs keyed on loc_coord (LC stairs.rs2) so Mordred is reachable, crystal coord read before loc_del (quest was stuck at excalibur_bound), crate colours, Arhein and candle maker shops open (the bucket/tinderbox source). Proof: parity_arthur_c21 140/140 start->complete incl. Mordred fight, Thrantax, Excalibur; ::arthurrun PASS. Shared: arhein.rs2, candle_maker.rs2, new quest_arthur_keep_stairs.rs2 binds the shared stairs/stairstop locs (falls through to ~climb elsewhere).
quest_chompybird	chompybird	lostcity	partial	b6aef218bc	LostCity chompy-sighted message chain not ported; owner-private toad/chompy mechanism kept as the OSRS-era form; lend-bow free-slot guard; ogre chest strain roll unchanged	parity3a (Opus closer): LostCity quest_chompybird -- Rantz dialogue leg by leg, hat menu, spit-roast gates/quest cook, LC attack refusals, bait walk-and-consume fixed (npc_find binds the primary npc), chompy death no longer aborts slayer_on_npc_kill, plucking feathers, achey tree choppable (LC trees/achey.loc + trees.dbrow, shared skill_woodcutting), flavour random(2)+1 (OSRS; LC random(1)+1 is constant). Proof: parity_chompybird 189/189 incl. real ogre-bow chompy kill, cook, completion. No brief pinned.
quest_death	death	lostcity	partial	b6aef218bc	soldier ai_timer ambience LANDED seam28 (per-entity random streams; LC quest_death.npc timer= / death_solider.rs2; .npc_find dot fix); danger-sign rock projectile/cam_shake unproved in a still; Dunstan/archer OSRS-era differences kept	parity3a (Opus closer): LostCity quest_death -- Harold dice on interface 99 with roll button + haroldgamble_end (was one-click), five balls are LC m45_55.jm2 ground spawns (shared m45_55.spawn recoloured, ensure hack removed), IOU -> combination on handwriting scroll 222, danger-sign cinematic, sounds. Proof: DEATH_ONLY selftest 66/0 (dice both ways, forfeit, ball order), drivers d1 80, d2 24 (stage 70 unlock), d3 11. Closer reverted death_thin_npcs.rs2/death_thin.npc: worktree bisect HEAD content twocats 242/242, +death 221/269, +death minus timers 242/242.
quest_demon	demon	lostcity	partial	b6aef218bc	Traiborn at 3113,3163 vs LC 3112,3162; journal text OSRS-modernised; the no-Silverlight refusal branch not driven	parity3a (Opus closer): LostCity npc_combat.rs2:158-169 -- Delrith refusals are LC text (already done / no reason / wield silverlight / looks scary). Proof: parity_demon_p1 56/56 full chain with the real fight and incantation; p2 gate.unwielded.msg. OSRS-era kept: random incantation, per-player summon, Banish op, 500-tick weakened form.
quest_dragon	dragon	lostcity	partial	b6aef218bc	LC ship-copy 47_150 has no Ned spawn; LC last-hit credit/encounter ownership (brief 13.2); elvarg_gate locs absent from cache (era); Oziach trail-clue branch; voyage cutscene (era); driver attack-verb geometry on Elvarg	parity3a (Opus closer): LostCity quest_dragon + docs/quests/dragon_slayer_i.md 13.1 -- sailing sets %varp7186_dragon_sailed (new perm varp 7186) and keeps dragonquest at 8 because the cache multinpc hides Elvarg at 9; Ned/Klarense/Lady Lumbridge/journal read it; Elvarg dragonfire matrix = wiki 70/10/55/55/40/7/7/4, super antifire 0; [apnpc1,wormbrain] across the bars; Oziach post-quest runeplateshop (LC edgeville.inv; new shop/edgeville oziach_shop files). Proof: ::dragonrun all PASS incl. the matrix; worker drivers after/elvarg/sail (fight 8->10). Report carried no proof field; closer relied on the selftest + notebook.
quest_druidspirit	druidspirit	lostcity	partial	b6aef218bc	swamp_decay fixed 3 vs LC random_range(1,3) (contract-pinned); sounds/projectiles and LC anim/p_delay in the bowl pickup not ported; ~send_quest_progress deferred	parity3a (Opus closer): LostCity quest_druidspirit -- ghast_invis huntmode=aggressive (aggressive_melee parsed to HUNT_NONE: no ghast ever attacked; viking/dragon/mountaindaughter/onesmallfavour/horror still carry aggressive_melee), ghast drop reads npc_findhero before npc_del, mirror from the bowl pre-take coord, Drezel LC offer/pies/blessing (new druidspirit_drezel.rs2; shared mausoleum_drezel.rs2), scroll after farewell with the blessed sickle icon. Proof: d1 67/67, d2 68/68, d3 39/39 (three ghasts killed for real, complete, qp +2); priest 29/29.
quest_elena	elena	lostcity	partial	102ca79fcb	elenagateshut no-key branch and the pipe climb-through repeat state read against LC, not driven; Ardougne Teleport gate cast in the client (seam28 self-cast: refused before Plague City); can_see_edmond cleared on any sewer exit (seam28 [mapzoneexit]); no test/quests/elena.lua yet	parity3b (Opus closer): plague-house door _cross_vis + rehnisondoorshut routed to LC labels, ~plague_house_mourner_near (mourner_elena_guard shells), sewer mud pile 0_39_152_23_30 / pipe 0_39_152_19_12 on the 239 map, %varb1783_plaguecity_can_see_edmond_up_top written on dig/climb, pipe no-mask line finds edmond_bottom, nc_name(elena2)->Elena (nameless shells), Ardougne Teleport Plague City gate (LC teleport.rs2). Proofs build/parity_state/parity3b/elena_scripts p9 64/0, p12 20/0, p7 19/0, p8 14/0. Era kept: one placed plague-house door, mourner_elena_guard's 'Stand back citizen', OSRS Edmond sewer tile. Open: can_see_edmond stays 1 if the player teleports out of the sewer.
quest_gobdip	gobdip	lostcity	partial	102ca79fcb	Grubfoot's blue-mail talk DRIVEN seam28 (the multinpc constants were 1-based; brown 0/orange 1/blue 2/hidden 3; build/quest_gate/s28close_gobdip 96/96); no test/quests/gobdip.lua yet	parity3b (Opus closer): gobdip_crates.rs2 name rungs make the three-loc Goblin Village ladder climb 0<->2 (Quest Helper crate tiles), so crate3's mail is reachable. Proof build/parity_state/parity3b/gobdip.ledger.tsv 93/97 (4 FAIL all the Grubfoot blue talk). OSRS era kept: generals start, crates + Grubfoot fitting, 'goblin mail'.
quest_grandtree	grandtree	lostcity	partial	102ca79fcb	translation book / Glough's journal on the book interface 392 (seam28 ~book_open/~book_spread, LC text verbatim); black demon owner-private (OSRS era); pillars per-letter with private mask; laddermiddle_top op4 unhandled; foreman order drops in place rather than after gosub(npc_death); no test/quests/grandtree.lua yet	parity3b (Opus closer): shipyard worker argument + ~npc_retaliate, [apnpc1,grandtree_charlie] + login respawn (~grandtree_login), Narnode <= found_journal gate, trapdoor multiloc child grandtree_trapdoortoweropen bound (Glough cutscene + black demon reachable), grandtree_laddermiddle_top, shipyard gate and stronghold gate swings (SHARED gnome_gate.rs2), sounds, cam calls, foreman order in place. Proofs parity p1-p7 (foreman fought 18 ticks, black demon fought 118 ticks, no ::kill).
quest_hazeelcult	hazeelcult	lostcity	partial	102ca79fcb	valve Turn-left/right is one cache op (p_choice2); raft gate stricter (wiki); Alomone drops bones only (OSRS 2023); static actor tiles 1-3 off LC; Claus + knife/bread relocated to the osrs239 m39_151 kitchen (seam28 gen_spawns NPC/OBJ_SPAWN_RELOCATIONS); kitchen knife/bread offer only Examine in the client minimenu; no test/quests/hazeelcult.lua yet	parity3b (Opus closer): upstairs Ceril/Jones (LC m40_51.jm2 level 1) and the Jones exchange at the armour hand-in (LC ceril_carnillean.rs2:128-138), cupboard Open then Search, carnillean_ladder_down/up landings, bookcase swing by loc_angle, chest search after unlock, extra mansion zone hooks. Proofs Hazeel branch 92/92, Ceril branch 80/80 (Alomone fought 16 ticks); C stanza ladder_down/ladder_up/cupboard_complete PASS.
quest_ikov	ikov	lostcity	partial	102ca79fcb	Lucien spawns, Lucien's defeat line and the cannon block (LC cannon_fire.rs2:97-100) LANDED seam28; Fire Warrior on the shared cast proc (seam28 npc_action_delay pacing); cannon has no line-of-sight test; guardian Halt line not driven	parity3b (Opus closer): LC ikov_dungeon.rs2 leg by leg -- stairs/ladder destinations (+light), north/south gates, lava bridge with weight >= 0 fall (new SS_OP_WEIGHT host command), lever+bracket, trap lever pit + Thieving 42 disarm, six-chest hot pick, fire warrior door cutscene, shiny key door, staff ambush (guardian within 5); boots of lightness weight swap (SHARED equip.rs2/login.rs2); Lucien visibility by stage; fire warrior ice-arrow-only gate + hp 59 (LC npc) with a local npc_attackdelay blast (shared ~npc_cast_spell_with_forced_max_hit ends in npc_delay: npcs casting it from ai_applayer2 cannot drain damage -- 32 call sites, audit); Lucien mind trick, hand-in with LC rewards; Winelda and guardians. Proofs parity_ikov legs 1-9 (fire warrior fought 94 ticks, no ::kill); closer fixed ikovrun to clear every lit source (IKOVRUN OK).
quest_imp	imp	lostcity	done	102ca79fcb		parity3b (Opus closer): NO content edit needed -- every LC leg proved through the client (parity_imp_p1 21/21, p2c 29/29 with 41 real imp kills for the four beads). OSRS era kept per docs/quests/imp_catcher.md (opening menu, Yes/No start, one-conversation pre-collected branch, talk-only Grayzag). No test/quests/imp.lua yet (re-author from the scratch drivers).
quest_itexam	itexam	lostcity	partial	102ca79fcb	Terry Balando spawn LANDED seam28 (per-entity random streams); book on chemicals on interface 392 via [opheld2] (seam28); ground tray is tray_mud in the dump; blast stun/cam_shake not hosted; tablet Take text and the winchladder2 tablet reset are inferred	parity3b (Opus closer): bit flags moved onto the cache varbits of itdigsitemulti (transmit), qip_digsite cupboards/bookcase/skeleton triggers, Zaros tablet Take on the multiloc, cave coordinates (-1,-1) to the 239 caves, blockage run, four m52_153 arcenia roots (SHARED spawn + gen_spawns OBJ_SPAWN_ADDITIONS), charcoal on pestle reaches grind_charcoal (SHARED grind_ingredient.rs2). Proof itexam.ledger.full.tsv 192/0 (with the expert spawn).
quest_itgronigen	itgronigen	lostcity	partial	80e6ee1228	Treasure Trails sextant/chart lesson (professor_trails is a ~mesbox stub; game_trail/Murphy/Kojo not ported); telescope cutscene dialogue-only (no cam opcodes hosted); spider-keep and antipoison chests and destroy ops not driven in-client	parity3c (Opus closer): dungeon stairs climb back up (the cache 'Climb up' op the maplink import rejected -- the player was stranded); lens casting keeps the mould (LostCity craft_telescope_disc deletes only molten_glass; wiki mat2cost No; shared glass.rs2); telescope-return ladder and per-sign answer/flavour lines verbatim from Transcript:Observatory_Quest (OSRS form over LostCity's RSC announce); book of astrology on ~book_open/~book_spread with LostCity's 4 spreads; %varp6148_scorpius_given_symbol perm (LostCity). Proof parity_itgronigen2 98/0 through the real client incl. the goblin guard fought for real, side3 book+Scorpius legs. Brief docs/quests/observatory_quest.md.
quest_junglepotion	junglepotion	lostcity	partial	80e6ee1228	LostCity trufitus_post_quest label (Shilo belt / wampum chain) not ported as its own label; port keeps state-13 greatest-respects + Timfraku pointer	parity3c (Opus closer): [opnpcu,trufitus] tail is LostCity's (unstarted/non-herb -> dm_default, clean requested herb accepted, dirty declined 'so dirty', other herb 'I don't need that herb'); hand-ins and herb finds are ~objbox with the item icon (LostCity); journal no longer invents a 'clean the X' branch. Proof parity_junglepotion10 98/0; C JUNGLE_ONLY 51/0 (was 43). OSRS-era keeps: Herblore-scaled snake weed roll, purse wall depletion, post-quest sale. Driver build/parity_state/parity3c/junglepotion.scratch_driver.lua.
quest_legends	legends	lostcity	partial	80e6ee1228	ALL LostCity legs beyond the existing port: 116 of 187 LC triggers missing (jungle trees/bushes, cave obstacles, fire wall, gems + gem shrine, magic gate, winch, ledges, furnace, recess, totems, Radimus notes, guard, Gujuo tree); bullroarer/viyeldi simplified; Book of Binding on ~book_open	parity3c (Opus closer): NOTHING LANDED -- the worker's LC port compiled clean in a private mirror (40453 scripts) but a permission denial kept it out of the shared tree and it was never driven. Candidate saved at build/parity_state/parity3c/legends_candidate/quest_legends (+ pending: delete legends_gem_shrine.rs2, drop lglockpickgatebottoml/r from door_locked_fallback.rs2, empty check_dbtable_rows KNOWN_EMPTY); the real-tree partial (coord constants, gem dbrow, npc_start_coord varn) parked in legends_realtree_partial/ and restored from HEAD. Next parity pass: land the candidate, drive Nezikchened x3 and the jungle/caves.
quest_mcannon	mcannon	lostcity	partial	80e6ee1228	mcannonguard spawns (LostCity npcs/mcannonguard.rs2) not added (OSRS fai_* npcs on those tiles); Lawgof 'watchtower not visited' wiki variant; per-part 200,625 price; relog recovery of a dropped quest cannon not driven in-client	parity3c (Opus closer): Lawgof and Nulodion leg order from LostCity lawgof2.rs2/nulodion.rs2 with the pinned transcript words; railings (LostCity railings.rs2 order, OSRS four-outcome failures, no Try/Leave menu); remains take gate one set only (dwarf_remains.rs2); instruction manual on ~book_open with LostCity's 4 spreads; quest cannon Fire/Pick-up answer as Lawgof's; 'lost my cannon' reads new perm varp cannon_last_stage (varp 2 is not free: bit 26 preset; shared cannon.rs2/cannon.varp). Proof parity_mcannon 164/0, C MCANNON_ONLY 45/0 (full selftest failures 18 -> 11).
quest_priestperil	priestperil	lostcity	done	80e6ee1228		parity3c (Opus closer): Roald dispatch, temple doors knock, cell gate talk-through, grave monument interface, three-state holy barrier, east trapdoor (sinsofthefather stub removed), Drezel meet/essence/finish/dagger reclaim all LostCity-verbatim (area_mausoleum drezel.rs2, holy_barrier.rs2); OSRS-era: pure essence accepted, ~quest_complete_rewards scroll, murky water blessed at once (docs/quests/priest_in_peril.md). Cache loc defs carry only op1 so Open knocks/talks through. Proof parity_priestperil 148/0 with the temple dog and Monk of Zamorak fought for real; driver build/parity_state/parity3c/priestperil_driver.lua.
quest_totem	totem	lostcity	partial	80e6ee1228	front door opened from the inside (north) not driven in-client; trapped-stairs damage amount only selftest-proved	parity3c (Opus closer): the KURT combination lock moved onto the real combodoor (2634,3323) and the front door is 'securely locked' (LostCity); horncrate label gated on start, once only; teleport crate label swap + read; trapped stairs (click, fall, 20%+1 damage, Thieving 21 investigate disarms); chest open/search/close once-only; Tourist Guide to Ardougne on ~book_open with LostCity's 4 spreads incl. the Kurt clue (shared guide_book.rs2); Kangai Mau completion via ~quest_complete_rewards; Cromperty curse sound. Proof 108/0 (build/parity_state/parity3c/totem.ledger.tsv, driver totem.parity_driver.lua); C TOTEM_ONLY 5/0 (stanza moved to test/quest_totem_selftest.u.h). Brief docs/quests/tribal_totem.md.
quest_troll	troll	lostcity	partial	80e6ee1228	Dad ai_timer reset when the fighter leaves the arena zone (LC troll_champion.rs2:101-109); %npc_aggressive_player / %npc_lastcombat claim (port is per-player instanced); Eadgar stew sound (quest_eadgar)	parity3c (Opus closer): cell doors 15-tick lockout + LC check order + door swing (quest_troll.rs2:279-377, new quest_troll.vars); Dad's arena warning is a chat page; Dad talk gate on accepted_challenge; attack gate split opnpc2/apnpc2 with ranged twin; 7-tile knockback from the 3x3 centre; camp guard snores on ai_timer, pickpocket key check inventory-only; spectators ranged twins + watch Dad on timer; Dunstan in-progress spikes/anvil/nothing menu (shared death_dunstan.rs2). Proof parity_troll 63/0 with Dad fought for real.
quest_deserttreasure	deserttreasure	wiki	partial	a3158be819	Smoke Dungeon sword_haunted_well path (fd_torch_count1-4) not checked as driveable without a teleport; boss styles not verified vs wiki (Dessous silver-weapon bonus, Fareed's ranged/water weakness, Kamil's freeze strength); a level-99 test needs 30+ food, rune armour and a whip or water spells (Damis 2 ~500 ticks)	parity3g (Opus closer): Fareed, Damis (both forms), Dessous and Kamil get their wiki infobox stat blocks (configs/deserttreasure.npc; were npc_default's 10 hp, the sampler's one-hit Damis) -- closer claimed firediamond_firewarrior, fd_damis_normal and icediamond_icewarrior in pack/npc.server (servpack membership gate); summoned-boss lifespan 500 -> ^dt_boss_lifespan 3000 (Dessous and Damis 2 vanished uncredited); Fareed's diamond lands at the kill, picked up with op 3. Proof: build/parity_state/parity3g/dt_scratch/{fareed,damis,dessous,kamil}.lua (fareed13 218 ticks + pickup; damis4 13/13; dessous4 14/14 ~620 ticks; kamil1 8/8). Cutscene sweep WIKI_NONE. || parity3d (Opus closer): Desert Treasure I built from the OSRS wiki + Quest Helper (LostCity has none): Indiana/Asgarnia base spawn (deserttreasure.spawn), 6-quest + Magic 50 requirement gate, Eblis mirrors, smoke dungeon fumes + 4 torches + Fareed, shadow ring of visibility + Damis, blood Malak/Dessous, ice child/trolls/cave/ledge (spiked boots)/blocks, pillars (magic 50), pyramid floors + hazards, Azzanadra. Proved leg by leg (parity_deserttreasure: start 48/48, smoke 43/43, shadow 51/51, blood 47/47, ice 65/68 (3 expected refusals), pyramid 42/42). Differences kept: no ice-path slipping, hazards/cold do not survive logout, diamonds on pillars write 13 directly (native 11/12 collapsed), hazard odds are the pack's. Cutscene sweep WIKI_NONE. No committed test yet.
quest_deviousminds	deviousminds	wiki	partial	72e481670b	talkToEntranaMonk/useGangPlank boat branch (stage 60 from outside Entrana) not driven; the heist cutscene has no black-screen fade	parity3e (Opus closer): the content_bug is closed -- runecraft_abyss.rs2 abyss_move_inward lands on the inner-ring tile of the nearest of 12 passages (the old 5-tile step landed in the rock wall, maps/m47_75.jm2 f1); High Priest Devious stage-40/60 branches answer before the generic greeting (Transcript:Devious_Minds); Sir Tiffy's stage-70 report spliced at the top of rd_teleporter_guy opnpc1 (was reachable only after Recruitment Drive). Proof run parity_deviousminds 50/50 (driver build/parity_state/parity3e/deviousminds.driver.lua: enterLawRift, leaveLawAltar, usePouchOnAltar -> 40, High Priest -> 50, dead monk -> 60, High Priest -> 70, Tiffy -> complete, scroll, QP). Committed test stops at the old content_bug -> RE-AUTHOR. || parity3d (Opus closer): monk offer/skill warning (closer RESTORED the quest-prerequisite start gate ~deviousminds_quests_met the worker removed -- brief docs/quests/devious_minds.md s2/s3.1 keeps it), whetstone blade (Smithing 65), bow-sword (Fletching 50, +50 xp added by closer per brief s3.3), illuminated pouch per size, altar orb seal (+base Runecraft 50 added by closer, s3.5), Entrana heist cutscene (camera, OURS_ONLY), High Priest stages 40/50/60, Sir Tiffy rewards spliced into recruitmentdrive. Proof close_deviousminds 78/78. Monk no-room lines are a pack-authored inventory guard. Test assumes Recruitment Drive complete.
quest_forgettabletale	forgettabletale	wiki	partial	72e481670b	cutscene (spec pending: 5 scenes, docs/quests/cutscenes/); dialogue paraphrased, not the Transcript:Forgettable_Tale... text; ticket fare 100 not 200 and no ring of charos discount; Rind's optional letter	parity3e (Opus closer): legs 3-12 driven end to end for the first time (scratch driver build/parity_state/parity3e/scratch/ft.lua, run parity_forgettabletale 255/255: vat/valve/barrel, Blue Opal director, secret cart, nine junction puzzles, library, listening room, Veldaban, kebab finale, scroll, QP +2); one content defect fixed: varp 510 (the cache's farming_varp_9, carrier of the brewing vat and barrel) was in no .varp file, so it was neither transmitted nor saved -- skill_farming/configs/farming_patch.varp [farming_varp_9] transmit=yes scope=perm. Rowdy Dwarf item still ::given by the driver (random 24-item request). Committed test stops after leg 2 -> RE-AUTHOR. || parity3d (Opus closer): Veldaban start + memory loss, Drunken Dwarf beer/stout chain, Rowdy/Gauss/Khorvak, Rind + kelda hop farming (real growth wait; ::forget_growkelda test skip documented in QUEST_SERVER_CHEATS.md H), Blandebir yeast, vat/valve/barrel brewing (::forget_ferment skip), tunnel conductors/tickets/carts, six directors, stone-counter cart puzzle (9 routes, forgetrun selftest OK), listening room + library + Room 6 -> 120, kebab + beer finale in the Laughing Miner -> 140. Proof: full chain 353/353 from a fresh account to the scroll. Listening npcs stand in the reachable cave (z51); carts/boxes are loc_add-ed and re-ensured at login/conductor.
quest_upass	upass	lostcity	done	72e481670b		parity3e (Opus closer): the orb-binding gap is closed -- rev 239 has no ground orbs (LostCity maps/m37_151.jm2 OBJ rows 0 18 13 / 0 17 21 / 0 48 34 spawn caveorb2-4 as objs taken by [opobj3]); here they are caveorb multilocs showing caveorb_vis with only op1 Take, so upass_orbs.rs2 [oploc1,caveorb_vis] takes caveorb2-4 by tile and the logtrap orb (LostCity 0 14 4: 3361) keeps the LostCity trap (the old [oploc3,caveorb_vis] bind could never fire). Proof run parity_upass3: orbs 4,3,2 taken by click_loc, all four burned at furnace_upass, well descends. Parked relay build/author_state/sonnet-b41/rejected/upass.lua -> RE-AUTHOR from leg 3. || parity3d (Opus closer): Koftik at the bridge (LostCity caveguide2 dialogue by stage, damp cloth, Randas diary), [oploc1,upass_gear] damp-cloth search (Quest Helper UndergroundPass.java:146/344), caveguide3 insane-voices dialogue, koftik_first_dialogue 'Tell me more' tail restored, Kalrag's death sets nearby blessed spiders aggressive (LostCity defeat_kalrag). Proof parity_upass 21/21, parity_upass_kalrag 8/8; ::upassrun C stanza green. Open: caveguide5 exit lands in the first cavern, unverified against LostCity.
quest_waterfall	waterfall	lostcity	done	c75832cb8b		parity3d (Opus closer): the Tree Gnome Village cellar ladder (roving_golrie_ladder_to_cellar, dropped as ambiguous by maplink_shared.rs2) now descends +6400 like LostCity loc_1754 (quest_waterfall_locs.rs2:25). Proof parity_waterfall 110/110 end to end to the rewards; ::waterfallrun green. maplink_shared.rs2 drops five other ambiguous names that may be dead the same way.
quest_zanaris	zanaris	lostcity	partial	c75832cb8b	the Zanaris exit ladder (zanarisladderout/2) is in no map of the 239 cache; doorman.rs2 / zanarismarketdoor still use LostCity 225 coordinates and no doorman spawns; Port Sarim boat / Entrana monk weapon search steps not re-derived	parity3d (Opus closer): leprechaun tree (Shamus spawn, scold, herring refusal), dramen tree aura/WC36/spirit summon/backpack check, Crafting 31 staff at the knife, shed door teleports only with the staff wielded, completion queue 3 QP -- all LostCity quest_zanaris; tree_spirit huntmode/drop per LostCity; five zombie_entranan variants share one drop label (bronze axe). Proof parity_zanaris 62/62 + zombie drop runs + Entrana 6/6; ::zanarisrun green.
quest_zombiequeen	zombiequeen	lostcity	partial	c75832cb8b	Shanks' sail-era leg (OSRS form differs, deferred); Hajedy's clue branch (no progress_clue_medium in 239); fake_coins opobj3 not driven	parity3d (Opus closer): Shilo Village ported whole from LostCity quest_zombiequeen (Mosol/Trufitus trees, mound/fissure/torch/rope, Ah Za Rhoon items, table raft ride-out, sacred-ground burial, Cairn Isle crawl, dolmen, beads, bone key, hillside/tomb doors, Nazastarool x3, corpse, completion); invented ahzarhoon.rs2/bervirius_and_rashtomb.rs2 deleted. Proof parity_zombiequeen 160/160 to the scroll; cutscene sweep MATCH. Closer rewrote the C ::shilovillagerun stanza (and the junglepotion wampum check) to drive LostCity's dialogue paths -- selftest 11 FAIL == HEAD baseline. Open: zq_tombdoor_use case 0 aborts at quest_zombiequeen.rs2:1457 LOC_CHANGE ('no active entity') in the selftest right after a scene rebuild; its stage/varbit writes land first.
quest_gardenoftranquility	gardenoftranquility	wiki	partial	72e481670b	cutscene (spec pending: 2 scenes -- the Falador guard distraction and the Roald/Ellamaria garden tour); Destroy route at Brother Althric's well; Alain/Elstan/Wise Old Man ordinary topics beside the quest topic; White Tree fruit Farming XP and eat effect, Varrock trellis gate, compost-bin potion conversion; Falador statue 5-minute auto reset	parity3e (Opus closer): the skeleton with soft-skips is replaced by the wiki + Quest Helper ladder (primary 10/20/30/40/50/60): Ellamaria start with Farming 25 and the list; the Wise Old Man's seven-scenario diplomacy test (answers C A C B B B, retry) and ring activation; Lyra's onions and Kragen's cabbages grown on the real Phasmatys allotments (farming_plant hook, farming_rake gained the _mory weed morphs); Elstan, Dantaera (secateurs, pot, watering can), Althric (ring used on the well, fishing), Bernald/Alain; nine palace patches with rake, exact seed sets, White Tree sapling, orchid compost and durable growth (%varp7197_garden_palace_next/%varp7201_garden_shoot_next via farming_growth_catchup); statues by the native garden_trolley npc with Push/Pull/Big-push/Place along Quest Helper's route (bridge and Falador-gate jumps to Varrock per its setLinePoints); Roald finale rewards once (apple tree seed, acorn, 5 guam seeds, compost potion, 5000 Farming XP). Proof: scratch drivers build/parity_state/parity3e/scratch/garden_*.lua A 15/15, D 28/28, E 16/16, F 52/52, H 142/143 (one harness-misuse row), ::gardenoftranquilityrun green. No committed test.
quest_giantdwarf	giantdwarf	wiki	partial	b9022124fb	cutscene (spec pending: 1 scene, docs/quests/cutscenes/); clothes/boots/axe strictly ordered by the stage ladder (the real game allows any order); consortium task time limits	"parity3f (Opus closer): the journal reads complete at stage 50 (gdwarf_journal.rs2 director_after branch now < ^gdwarf_complete); Green Gemstone, White Chisel, Silver Cog and Brown Engine secretaries wired (gdwarf_consortium.rs2, constants 4-7) and their directors run the shared points/join dialogue instead of ""busy"" lines (quest_forgettabletale/scripts/forget_tunnels.rs2). Proof: parked driver build/author_state/sonnet-b42/rejected/giantdwarf.lua without t.blocked 138 PASS 0 FAIL incl. quest.journal complete=true (build/quest_gate/parity_giantdwarf); company drivers green_gemstone 52/0, brown_engine 52/0, silver_cog 53/0, white_chisel 53/0. Brief docs/quests/the_giant_dwarf.md updated. || parity3e (Opus closer): brief pinned docs/quests/the_giant_dwarf.md (wiki oldid 15346380). Boots: the narrated Dromund hand-over is replaced by the real theft -- left boot ground obj taken (op3) only while Dromund looks away (two-phase ai_timer gaze, Thieving 14), right boot only by Telekinetic Grab through the window (telegrab.rs2 hook ~gdwarf_right_boot_ok before runes, ~gdwarf_boots_check after), pair combines. Consortium: the one-delivery stub is replaced by the wiki points game -- secretary ore tasks (3-5 unnoted, 20 points, -2 to refuse) to 75, director bar tasks (2-4, 12 points) to 100, then join; Blue Opal, Purple Pewter, Yellow Fortune wired (forget_tunnels.rs2 director fallbacks now reach ~gdwarf_director_company_talk). Proof (closer re-run, ledgers build/parity_state/parity3e/close3e_gd_*.ledger.tsv): close3e_gd_boots 14/17 -- the 3 FAIL rows are the refused takes while Dromund watches, the 4th take passes, telegrab makes the pair, stage 14; close3e_gd_consortium 40/41 -- points 80 then 104, join, complete 50, scroll, QP +2 (the one FAIL is the journal's complete=false, pre-existing); ::gdwarfrun green. No committed test."
quest_hauntedmine	hauntedmine	wiki	partial	72e481670b	cutscene (spec pending: the cart ride after Start on the points panel); the points-settings panel is the loc op, wrong lever settings do not map to distinct routes; Treus Dayth is a shared npc, not a per-player instance (faded form, eastern-door safe zone, overlong reset, NMZ variant); postquest key return, crystal shortcut locs, steel key ring, salve amulet consumers	parity3e (Opus closer): Zealot rebuilt to the transcript topology (allegiance, why-here, quest, second entrance, key); the start-time Crafting 35 gate the worker left in hmq_meets_requirements was removed by the closer (brief docs/quests/haunted_mine.md lines 193/218: only Priest in Peril gates acceptance, Crafting is checked at the outcrop; contract pin moved to hauntedmine_dayth.rs2). Landing tiles audited against map collision (cart room spawn was inside rock), ladders told apart by their own tile, collect-room cart answered before the enclosing cart-room zone, dark rooms under both flooded stairs (guide leaveDarkDaythRoom/leaveDarkCrystalRoom), crystal entrance hall with the reward doors, valve race 30 -> 80 ticks (calibrated: the on-foot walk is ~45 ticks; wiki gives no number). Proof: driver build/parity_state/parity3e/hauntedmine.driver.lua 96/96 (ledger hauntedmine.ledger.tsv); lift and Dayth attack go through t.drive.op. No committed test.
quest_horror	horror	lostcity	partial	72e481670b	Barcrawl prerequisite/Yes-No offer; private per-player lighthouse instance; god-book page collection, 5,000-coin book purchases and reclaim (LostCity horror_godbook.rs2); a manual earth_blast on the juvenile never splatted in the drive	parity3e (Opus closer): ported leg by leg from LostCity_Server quest_horror.rs2 / horror_lighthousekeeper.rs2 / gunnjorn.rs2 with the brief's OSRS changes (30 nails, sword/arrow categories): the door unlocks once and walks into the 0_38_71 interior copy; bridge planks with hammer + 30 nails and the agility cross; Gunnjorn verbatim (welcome first, key reissue via obj_gettotal); bookcase four-way choice; the three books as LostCity's full spreads; cog repair rules and the move to the real top floor; strange wall Study interface horror_metaldoor with per-offering models and confirmations; juvenile and mother spawn camera sequences (LostCity cam_lookat x6 / cam_moveto + lookat); mother style follows protect prayers; elemental latch for manual spells; Magic+Strength+Ranged 4,662.5 XP; casket game. Plane-0 cavern coordinates (the deck is a bridge in this engine). Driven: legs A-E through the mother cutscene (h2/h3/h7/h8 scratch ledgers); closer re-proved the end: close3e_horror_h10 28/28 (17 elemental casts kill the mother, stage 10, post-quest cave 2515,10001, scroll, QP +2, journal complete) and close3e_horror_h11 13/13 (casket game -> Guthix book, casket consumed) -- ledgers build/parity_state/parity3e/close3e_horror_h1{0,1}.ledger.tsv. No committed test.
quest_icthlarin	icthlarin	wiki	partial	b9022124fb	cutscene (spec pending: 3 scenes, docs/quests/cutscenes/) -- hypnosis, the ceremony and the fourth memory are dialogue/mesbox only; cat is an inventory proxy, not a follower; hostile first-memory Sophanem (Klenter, spectres) and pyramid crushers/scarabs; Apparition prayer protection and Air weakness; Possessed Priest timeout; jar pick random(3), not weighted by combat stats; sarcophagus Search loot (ics_sarcophigi_gotstuffcounter)	parity3f (Opus closer): soft-skips replaced -- Gertrude's Cat gate and supplies choice, random hypnosis jar, the rock into Sophanem, the pit as a real jump (20% energy, Agility roll, fall damage), the 25-tile west-door tile game on interface 147 (solvable scramble, reset) in the first memory and again with the jar, owner-private Apparitions per jar (stats in configs/icthlarin.npc, also claimed in pack/npc.server), jar over the pit and dropped on its own spot, Embalmer/Raetul/Carpenter gating, holy->unholy symbol inside the memory, sarcophagus multiloc, ceremony and Possessed Priest (4 spells, jar-dependent potion), fourth memory at the ladder. State ladder 0..26 per Quest Helper. Proof: build/parity_state/parity3f/scratch/legA 30/30, legBC/BC2/BC3/BC4 52/52 each (all four jars), legD 40/40, legE/legE3 48/48 (complete, scroll, qp +2, journal complete), legF 11/11. Brief docs/quests/icthlarins_little_helper.md.
quest_losttribe	losttribe	wiki	partial	b9022124fb	cutscene (spec pending: 1 scene, docs/quests/cutscenes/) -- the treaty signing keeps its dialogue; witness is always Bob (wiki: one of Cook/Hans/Father Aereck/Bob); H.A.M. hideout entry/exit driven as plain travel; osf_ham_ladder click not reachable from the crate tile; trap loc meanings inferred from cache names; Swamp Caves landing tile and rockfall damage are the port's; Goblin Bow/Salute emote unlock gate; the generals' demonstration is a mesbox	parity3f (Opus closer): tunnel hazards (losttribe_tunnels.rs2: trap_floor drops into the Lumbridge Swamp Caves and puts the light out, trap_ceiling is a rockfall), the cellar hole works from the tunnel side, the goblin symbol book is read page by page (server-driven spreads, last spread writes stage 6), stages 5/6 per Quest Helper, Mistag's bow fixed (spawned shell lost_tribe_mistag, not the 1op child), Mistag's way-out offered from stage 8. Proof: build/parity_state/parity3f/scratch/full.lua 127 PASS 0 FAIL (ledger losttribe.full.ledger.tsv), lt6.lua post-quest helmet. Brief pinned docs/quests/the_lost_tribe.md.
quest_mm	mm	lostcity	partial	a3158be819	legs 4-8 of the parked relay (build/author_state/sonnet-b44/rejected/mm.lua) not re-driven; LostCity diff of the other ~40 scripts not re-audited this pass (^mm_ -> ^monkeymadness_ renames); zoo monkey banana clue; Karam/Zooknock/sapper timers undriven; final-battle gnome squad AI; Waydar glider map UI	parity3g (Opus closer): the bamboo ladder down to the Ape Atoll dungeon climbs again -- monkeymadnessii.rs2's [oploc1,mm_bamboo_ladder_dungeon_entrance] had shadowed it with MM2's soft-skip; it now runs LostCity ape_atoll_dungeon.rs2:1-6 and only advances MM2's stage on the side; mm_demon.rs2 cam_lookat 150 10/10 plus the 232/232 speeds (LostCity mm_demon.rs2:96-99), cutscene sweep MATCH lc=12 ours=12. Proof: build/parity_state/parity3g/scratch/drivers/parity_mm.lua (parity_mm3 109/109, ladder 2764,9103), parity_mm_demon.lua (parity_mmd sigil cutscene 6/6 keyframes). || parity3f (Opus closer): LostCity_Server content/scripts/quests/quest_mm ported leg by leg -- shipyard worker/foreman/gate arms (quest_grandtree, LC quest_grandtree.rs2:115-122), chapter cards with jingles, the hangar 5x5 slide puzzle on interface 306 (was one click) and its cutscene, the three meanwhile scenes (mm_cutscene.rs2) with LC login rescue (player/login.rs2 ~mm_login), knockout/jail loop with Aberab/Trefaji patrol (pack/enum.alloc mm_jail_patrol_route, varn.alloc mm_npc_state/time/attacking_uid), archer reach and ai_timer overlays (configs/quest_mm.npc), greegree transmog+stance+timer, elder guard chain, Kruk escort, aunt/Dugopul/sleeping guard, final battle sigil scene and arena wallcracks/trapdoors, dungeon and temple hazards, zoo monkey in the backpack, shops opened, debug_mm.rs2. Proof: build/parity_state/parity3f/mm_scratch/{a,c,d,e,f,g,i,j,m,n,o}.lua (shipyard 8 pages + stage 2; puzzle solved 153 clicks; ch2/ch3/ch4 stages; jail; greegree; sigil; aunt; Kruk; ferry/hole fades). The cutscene sweep reads LostCity_Content2 only; mm's LostCity source is LostCity_Server. seam35: the gate no longer reads shot 163 as pre_login; a transmog's chathead is the npc's; mm_daero/mm_caranock read through var.server; the greegree is anim-protected (LostCity quest_mm.rs2:1152).
quest_ratcatchers	ratcatchers	wiki	partial	a3158be819	cutscene (spec pending: 1 scene, docs/quests/cutscenes/); mansion guard sight/patrol stealth (static spawns); the wrapper vc_partyrat_multiN still drawn under each private vc_rat until caught; sewer rats are the generic rat clicked, not a cat follower hunting; Clocktower-basement poison alternative; cat strength by type and maturity	parity3g (Opus closer): the sewer catch rides op2 (cache rat has op2=Attack and no op1, all.npc:73643) with a catch window and combat fall-through plus the apnpc2 twin (ratcatchers.rs2:93-133); the six mansion rats were unclickable (cache vc_party_rat carries Examine only) -- the trellis climb places owner-private vc_rat (op2) on each uncaught rat's tile, caught state stays in vc_raton_off1..6. Proof: build/parity_state/parity3g/ratcatchers.scratch.lua (parity_ratcatchers: sewer_all_caught 14, mansion_done 35, jimmy_done 40). || parity3f (Opus closer): the King Rat is a real timed fight (ratcatchers.rs2: cat on the wall hole, Be careful retreats at 1 HP, Don't hold back can lose the cat, fish used ON THE WALL heal; King Rat 10 hp max hit 1 -- wiki confirmed by the closer), Jack's cured talk (stage 62) gates the wall, Ring of Charos(a) price, Ali speaks from the money pot without a bound npc. Proof: build/parity_state/parity3f/scratch/ratcatchers/rc_fight.lua 18/0 (kingrat_dead 65), rc_death.lua 13/0 (cat lost), rc_charos.lua 6/0 (stage 100). Brief pinned docs/quests/ratcatchers.md.
quest_redreef	redreef	wiki	partial	b9022124fb	the Zenith and the two pirate ships are not hull entities (crew modelled as npcs at sea); Black Eye Bethel charge dodge, rune/dragon scimitar swaps and prayer-disable special; dialogue paraphrased from the walkthrough (Transcript:The_Red_Reef not used); misses Floopa's history with Spencer and Spencer's Pearl Bank reveal; single-run organic chain: the return sail from the Last Light mooring can wedge the hull (sail harness)	parity3f (Opus closer): every soft-skip replaced -- Finn/Katt/Floopa triggers on the multinpc bases, quest npcs spawned (configs/redreef.spawn: none were placed), display cases in history order (out of order resets), the sail to Red Rock checked on the HULL position, eight sea crew spawned by hull proximity and killed from the deck, Last Light six pirates and the tower door, Bethel on the top floor, Spencer gives the diving gear (wiki: he provides it), dive, giant lobster, dredger repairs, sailing XP + schematic rewards; fighter stats in configs/redreef.npc; trr/diving varps transmitted. No cutscene (sweep WIKI_NONE). Proof: rrfull organic run (build/quest_gate/parity_redreef_full) rows 1-124 PASS to stage 26; rr8 75/0 (26 -> complete, sailing +15000, smithing +5000, schematic, scroll, qp +2); rr9 28/0; rr5/rr6/rr7 legs (build/parity_state/parity3f/rr*.lua). Brief pinned docs/quests/the_red_reef.md.
quest_regicide	regicide	lostcity	partial	a3158be819	cutscene (spec pending: the catapult/tent scene has no camera ops in LostCity; sweep WIKI_MISSING); LostCity triggers the port implements under its own names were not re-diffed this pass (trap timers regicide_pitfall/tripwire/woodspring, still_progress softtimer, spawn_idris/spawn_kings_messenger timers, regicide_tent_door, the zone/zoneexit set, queue quest_regicide_complete); Elena's advice before the Chemist (no transcript lines); second Underground Pass traversal not re-driven	"parity3g (Opus closer): source corrected to LostCity_Server quest_regicide (docs/quests/regicide.md); the three log balances are LostCity's forcemove walks (regicide_traps.rs2, LC quest_regicide.rs2:341-386; was an inert ~maplink_agility with no dbrow row); footprints Follow one line per stage (LC :483-493); the tyras-camp passage brings the camp guard down before the kill (LC :393-401); entering the camp no longer narrated; Arianwyn op1 resumes the encounter (QH talkToArianwyn); the full burning tent loc set (LC :548-590). Proof: build/parity_state/parity3g/scratch/drivers/regicide_legs.lua, regicide_cat.lua (log 2201->2196 and back, footprints, guard, entered_camp, catapult stage 12, Arianwyn). || parity3f (Opus closer): dialogue rewritten to Transcript:Regicide -- King Lathas start (messenger optional; closer fixed the ""Sounds good"" option, which reopened the menu forever), Idris/Morvran/Essyllt, Lord Iorwerth ingredient menus with *_chat varbits and the bomb/catapult talk, tracker, Arianwyn, Chemist ""Your quest."", Lathas completion and pendant removal; dense forest crossed by its maplink row from range; the private Tyras guard west of the tracker and the camp-entrance guard both advance; tar/sulphur from stage 10; quicklime on any furnace (skill_smithing smelting.rs2), ground sulphur without Druidic Ritual (skill_herblore), raw rabbit cooks (skill_cooking dbrow, pack/dbrow.alloc), catapult arms bound, quartermaster shop opens; regicide_bits transmitted. Proof: build/parity_state/parity3f/scratch/regicide/leg1..leg11 (leg4 28/28, leg5 27/27, leg6 18/18, leg7 19/19, leg8 22/22 complete + qp +3 + agility +13750, leg9 22/22, leg10 6/6, leg11 8/8). Brief docs/quests/regicide.md."
quest_routequest	routequest	lostcity	partial	b9022124fb	Skeleton Hellhound loot: LostCity drops 4 big bones + 2 uncut rubies, the pinned OSRS brief says nothing (OSRS form kept; owner to decide); Vanstrom wings-grow form and the knife projectile in the cutscene; bridge rung locs added at runtime (the baked map lacks route_swampbridge_1..3); not driven: Ring of Charos/Quick-board, side tunnels and the squeeze-past stalagmite (unplaced), Cyreg post-repair Q&A, logout/death in the hound fight	parity3f (Opus closer): LostCity_Server quest_routequest ported -- Vanstrom start trees + OSRS start prompt, Cyreg persuasion/pouch/planks and boat fee with the swamp journey interface, the bridge repaired rung by rung (plank + 75 nails + hammer), Curpile's three questions and knock-out, dungeon entry tile fixed, hideout tunnels, five members + Veliaf trees, LostCity's 18-keyframe cutscene (replaces a mesbox), false wall both sides, stage 80 after the scene as LostCity/QH; [routequestmulti] declared so its bits persist and reach the client. Proof: build/parity_state/parity3f/scratch/routequest/rqfull.lua 152 rows, 151 PASS (the one FAIL is the driver's own mis-written XP row; scroll, qp +2 and journal complete pass). Brief docs/quests/in_search_of_the_myreque.md.
quest_tbwt	tbwt	lostcity	done	a3158be819		parity3g (Opus closer): every LostCity quest_tbwt trigger is bound in the pack (closer's name diff); added LostCity monkey.rs2:1-6 (a worn greegree cannot attack monkeys) and :48-53 [ai_queue1,monkey] (no retaliation while the quest runs) in tbwt_monkey.rs2. Proof: build/parity_state/parity3g/scratch/tbwt_probe.lua (parity_tbwt: stage 3, dodge message, hitpoints 60/60 after the swing). Greegree guard not driven (needs Monkey Madness greegree state); music_jingle omitted (no proc). Cutscene sweep MATCH lc=11 ours=11.
quest_theslugmenace	theslugmenace	wiki	partial	a3158be819	Slug Prince melee-only immunity and prayer drain (generic combat has no per-npc immunity; +99 ranged/magic defence only); Hobb's Savant scan (slug2_scan_mayor), Mother Mallum's reveal after the last rune, the savant/queen door bits; slug2_haveslug varbit never written (the floor pick-up has no hook); puzzle step size and scramble offsets are invented (the wiki gives none); cutscene (spec pending: 1 scene, docs/quests/cutscenes/)	parity3g (Opus closer): brief pinned docs/quests/theslugmenace.md (wiki + Quest Helper; no LostCity copy). Glue on a fragment opens the real interface 460/462 puzzle (slugmenace_puzzle.rs2: select/show rows, move/rotate/flip, server-judged by Quest Helper's PuzzleStep test) -- was glue = done; Bailey turns the dead sea slug into sea slug glue (was a granted paste + glue); O'Niall keeps pages 1-2 and tears only page 3; runes shaped by the cache page ops with a chisel and essence, 43%..99% Runecraft success (the chisel 5-way menu and uncut_gem.rs2's blankrune case removed); Tiffy upgrades the Commorb (no second orb); the unscanned door shocks for 5; the dead slug lies on the path (no longer conjured by the scan); Slug Prince wiki stat block (70 hp). Proof: build/parity_state/parity3g/scratch/drivers/slugA-D.lua (A 23/23 puzzle -> main 11, C 43/43 Tiffy..pages main 9, B 23/23 shapes/altars/door/prince main 13, D 6/6 prince fight 68 ticks).
quest_troll_love	troll_love	lostcity	partial	a3158be819	the sled is stowed by the monitor timer on leaving the mountain (OSRS full-inventory rule) rather than by the tunnel locs (maplink rows); LostCity's %lastcombat ride gate (no %lastcombat in the pack); cake tin returned on waxing follows LostCity (wiki silent)	parity3g (Opus closer): the piste soft-skip teleport is replaced by LostCity's two sled rides (trollromance_sled.rs2, LC quest_troll_love.rs2:131-295) with Agility 28 and worn-waxed-sled gates, their cam_moveto/cam_lookat pairs and the 1-in-250 rock crash (::trollromance_crash for tests); waxing returns the tin and writes 22->25; the trollweiss pick is no longer stage-gated; the ride zone widened to 43_58..43_60. Closer removed p_temprun/p_animprotect (the selftest's unimplemented-opcode stanza went red; Era notes, player/death.rs2:240) and re-proved: close3g_troll_love 18/18. Cutscene sweep MATCH lc=10 ours=10. Driver build/parity_state/parity3g/scratch/drivers/tl.lua. seam35: p_temprun and p_animprotect hosted (torirs_server_ops_player.c) and restored in trollromance_sled.rs2 as LostCity calls them.
quest_viking	viking	lostcity	partial	a3158be819	Askeladden's 'Claim Pet Rock' op3 on the askelladen_rockop form (askelladen_hasop varbit) not wired; Rellekka fur/fish stall theft-guard branches (no Rellekka stall in thieving); LostCity login.rs2 teleport out of Thorvald's arena on login (port uses viking_koschei_on_logout); Peer's 'Read the riddle' mesbox pages and the viking_mural interface 376 display not driven	parity3g (Opus closer): The Fremennik Trials ported from LostCity_Server quest_viking file by file (inv_add and stage-writer counts match LostCity per file): Brundt's council and vote count, %varp7212_viking_name Fremennik names, Olaf's lyre (swaying tree, carve, string, Fossegrimen, longhall performance), Lalli's rock stew and fleece, the free pet rock, Swensen's real maze (7 portals), Peer's seer_combolock riddle door and puzzle house, Manni's contest with the low-alcohol keg (poison_salesman.rs2 LostCity arm), the 13-npc Sigmund barter chain, Thorvald's ground-ladder trial entrance (LostCity [oploc2,viking_warrior_ladder]; check_quest_combat_contract.py pin moved) with Koschei spawned beside the player, Sigli with the wiki's relocating Draugen; replaced the narrated/dialogue-choice placeholders (quest_viking_progress, lake_spirit, lalli_troll, swensen deleted); shared ladders.rs2/climb_shared.rs2 bindings handed to the quest. Proof: build/parity_state/parity3g/viking_drv/{olaf,manni,sigmund,sigli,thorvald,swensen,peer,finish}.lua (finish: varp complete 10, completion scroll, qp +3).
quest_coldwar	coldwar	wiki	partial	ec0ea5f7ce	cutscene (spec pending: 7 scenes, docs/quests/cutscenes/) -- TRIAGE.tsv coldwar #1-#7; what each scene says is in dialogue, no camera ported; penguin agility course obstacle chain end to end: stones 1-6, icicles and ice are driven; the level-0 steps/crushers (driver other_floor) and stone 7 could not be pressed by the driver, instructor reached through the fence gate from the north; POH clockmaking of the suit (existing poh_workshop_functions.rs2) not driven: the suit was ::give'n in the scratch legs; Larry refusing followers on the teleport (2016 change): no OSRS pet/follower state exists in the pack; clockwork suit Wind/Release toy behaviour (peng_suit_wound) is not quest content and is not implemented	vm-b1-parity (Opus closer): source wiki (docs/quests/cold_war.md) + Quest Helper ColdWar; 17 legs rebuilt (first iceberg trip, plank+spade bird hide, eight-emote greeting interface, suit transmog/timer/login restore, three reports with lost-item reissue, Steal-cowbell roll, Noodle ID trade, debrief consumes reports, crush-course door, Ping and Pong, control panel + capture, real Icelord kills, completion). Proofs: scratch legs A-J all PASS (A 39, B 58, C 73, D 76, E 51, F 38, F2 24 incl. quest.varp_complete 135 + scroll + qp, G 19, H 17, I 14, J 5; ledgers build/parity_state/vm-b1-parity/coldwar.leg*.ledger.tsv). No test/quests/coldwar.lua yet: author from docs/quests/ladders/coldwar.ladder.tsv.
quest_royaltrouble	royaltrouble	wiki	partial	ec0ea5f7ce	cutscene (spec pending: 2 scenes, docs/quests/cutscenes/); Giant Sea Snake instance: one shared snake, shore position instead of the guide's 2615,10280 (pool tiles blocked in the cache); Slayer 40 to damage it is not checked by this script; post-quest lines of Vargas/Brand/Astrid/Sigrid (royaltrouble_relevant is false after completion so Throne's own lines apply); village shopkeepers' 'What's it like living down here?' options (Halla/Osvald/Finn/Runa, no shop port) and the stolen-item return side asks (Matilda hat, Helga shield, Ashild tools, Moldof arrows, Arnor sword; etc_totalitemsreturned); Ghrim 'How do I manage the kingdom?' option; friend-vs-romance wording (no varbit in the pack)	vm-b1-parity (Opus closer): source wiki (docs/quests/royal_trouble.md, pinned this pass) + Quest Helper RoyalTrouble; 21 legs rebuilt (Miscellania/Etceteria citizen interviews on the real npcs, scroll-gated ladder guard, mining prop used on the crevice, crate beam/pulley/rope, lift ladder 1..9 with engine and 5 coal, cave hazards, diary pages from five fires, kids, real Giant Sea Snake fight, Sigrid box/letter/20,000 coins). Proof: full scratch drive 185/185 PASS (royaltrouble.full3.ledger.tsv) incl. quest.varp_complete 30 + scroll + qp; edge 57/57. No test/quests/royaltrouble.lua yet.
quest_darknessofhallowvale	darknessofhallowvale	wiki	partial	ec0ea5f7ce	cutscene (spec pending: 2 scenes, docs/quests/cutscenes/): west-sketch three vampyres, Vanstrom ambush / Sarius wake-up; the werewolf bush has no camera work (not triaged); Vyrewatch harassment random encounters (blood tithe 6 damage, invulnerable fight, Thieving distraction, mine punishment fields myq3_vamp_hassle/conv_step/chat_value/ignore_count); stage 52 and 195 are never written (the guide draws one arrow across them); Vertida's escort at 180 is a dialogue plus the walk of the western wall; no animated leading; Temple Trekking Burgh de Rott Ramble gate and the hideout chest Tome replacement after A Taste of Hope not touched; doh_bmp.rs2 named-BMP harness still parks on narrated mesboxes (screenshot setup only, not game content)	vm-b1-parity (Opus closer): source wiki (docs/quests/darkness_of_hallowvale.md) + Quest Helper DarknessOfHallowvale; 11 legs rebuilt (boat/chute repair with hammer+plank+nails, Meiyerditch landing and agility course as real locs, Vertida/Drezel/Roald/Aeonisig, Vyrewatch mine with 15 real Daeyalt ores, Safalaan supplies and three sketches at the logo tiles, Vanstrom's five blows, fireplace/portrait/statue keys, rune case + Telekinetic Grab, Tome of experience with chapters). Proofs: scratch legs 1-9 all PASS (19+27+92+57+34+55+58+27+21; doh.leg*.ledger.tsv) incl. quest.varp_complete + scroll + 2 qp. No test/quests/darknessofhallowvale.lua yet.
quest_thefremennikisles	thefremennikisles	wiki	partial	ec0ea5f7ce	cutscene (spec pending: 3 scenes, docs/quests/cutscenes/) -- cave entry scene, the Ice Troll King's approach on the bridge, the fade around the jester act (TRIAGE.tsv rows 1-3; cutscene_sweep.py could not run: no LostCity checkout); Magnus Gram's 'I need to talk to you about tax' option in the Jatizso bank dialogue (flavour; the bank dialogue is shared); Neitiznot shield does not cap the ordinary female/thrower trolls' rocks (6 -> 2) -- only the Ice Troll King honours it; those trolls' attacks are the generated ~npc_rangeattack bindings; honour guards and Bork stand in the cave but do not fight the trolls; prayers are not blocked and damage is not lumped while repairing a bridge; the 'put your follower away' check before the jester act; full 17-leg run in one process is impossible (each run is capped at ~2000 server ticks); the legs were driven in separate runs with ::setvar staging between them	vm-b1-parity (Opus closer): source wiki (docs/quests/the_fremennik_isles.md, pinned this pass) + Quest Helper TheFremennikIsles; stage ladder renumbered to the guide's steps.put keys; 18 legs rebuilt (ferries, raw tuna for Hrafn, ores by Mining level, jester chest + Slug + 10-instruction jester minigame, yak drops/hair rope/cured hides/yak armour, arctic pines choppable and split on the stump, bridges 3/4/5 repaired, typed-amount tax rounds into a tax bag, decree, cave with Bork's supplies and ten real troll kills, real Ice Troll King, head + helm + xp choices). Proofs: scratch legs 1-17 in separate runs all PASS except one designed full-pack row in leg15 (thefremennikisles.leg*.ledger.tsv) incl. quest.varp_complete 340 + scroll + qp. No test/quests/thefremennikisles.lua yet.
quest_animalmagnetism	animalmagnetism	wiki	partial	4c56f48542	cutscene (1 scene: chicken scene stays a chat/mesbox, anma_farm.rs2:82); hammer-facing-north not checked (anma_witch.rs2:72, no facing query)	matthew-mbp-m4-b50-parity (Opus closer): Alice's Talk-to shop leg was a narrated 'shop is leftover' mes -> @alices_farming_shop_open (shop/alices_farm, farming_shop_4); anma_bmp leftover proc drives it. Proof parity_animalmagnetism 14/14 (shop from dialogue + op3 Trade, 20->30). No committed test (author pass).
quest_bearyoursoul	bearyoursoul	wiki	partial	4c56f48542	Soul bearer charge/Fill/Check/Uncharge; Biblia hints; Key Master Listen/teleport; dusty-key/Agility gate into deep Taverley Dungeon not checked; stale bys_leftover_* procs still narrate the old deferral	matthew-mbp-m4-b50-parity (Opus closer): Soul journey is SEARCHED for on the Arceuus Library shelves (category 907 arceuus_library_shelf, pack/category.pack), one rotating shelf in ~24 every 8000 ticks (wiki: location rotates 80-100 min; QH findSoulJourneyAndRead); ::bysshelf finds it. Key Master spawned at 1310,1251 (QH speakKeyMaster; configs/bearyoursoul.spawn) and his Talk-to is the label bys_keymaster_talk (Transcript:Bear_Your_Soul), cerberus.rs2 jumps to it. Worker driver 20/20 (report was a stub; judged from progress + notes.md).
quest_clientofkourend	clientofkourend	wiki	partial	4c56f48542	post-quest recovery at Veos (lost lamp/memoirs, Destroy ops, Copper's collar); Veos non-quest menu lines; dbrow prereq/reward metadata; downstream quest gates; Kourend Castle Teleport gate not re-tested	matthew-mbp-m4-b50-parity (Opus closer): Veos dialogues from Transcript:Client_of_Kourend: real offer + space-checked scroll, five general-store interviews with the quill+scroll gate and Q&A loops (5th writes 2), Veos takes scroll+quill, orb handover into a free slot, orb Activate at the Dark Altar (wrong-place refusal), possession finale via veos_controlled, memoirs + 2 veos_lamp (Rub -> shared xpreward picker, twocats.rs2 lamp kind 7); Port Sarim Veos no longer starts it; cok_bmp leftover narration deleted. Proof parity_clientofkourend 95/95.
quest_eaglepeak	eaglepeak	wiki	partial	4c56f48542	cutscene (2 scenes: camp ferret-trap, giant kebbit leaving the cave); gold-room birds are state bits only; net-trap Pedestal 19980 stood up by script (absent from maps/m30_76.jl2) and global not per-player; post-quest eagle transport/box-trap/diary hooks; kebbit kill drop not drivable (no Attack op); Asyff replacement + nest missing-spare branches undriven	matthew-mbp-m4-b50-parity (Opus closer): QH ladder: shout across the chasm is an [apnpc1] (was unreachable), bird costumes a row of Asyff's peruse menu, silver feather DROPPED by the threatened kebbit and picked off the floor (re-found at the opening), bronze net-trap pedestal stood up and lowered to puzzle3 after the winches, cavern/door/nest landings fixed (player no longer sealed in), guard op from the nest sneaks back out, Nickolaus/guard wanderrange=0 (closer claimed eaglepeak_nickolaus in pack/npc.server). Proof parity_eaglepeak 177/177; C selftest stanza updated to the new real paths (Asyff row 3, OPOBJ3 floor pickup, guard met at past_door) and green.
quest_enlightenedjourney	enlightenedjourney	wiki	partial	4c56f48542	cutscene (3 scenes: first launch, second launch + flash mob, basket weaving); log storage + per-route unlocks by log type (network flights still teleports); Auguste's sapling not plantable and willow branches have no farming source; flight pet check; hazard layout reconstructed from QH corridor tables (no house art identified)	matthew-mbp-m4-b50-parity (Opus closer): Stages realigned to QH steps.put 0/5/6/10/20/40/60/70/80/90/100; three yes confirmations; Auguste takes the test balloon; 2 papyrus + potato sack consumed; sandbags accumulate; basket of apples + sapling handed over with a space check; the maiden flight is the real interface 470/471 balloon minigame (sandbag/log/relax/tug/emergency/bail, 3x20 screens, hazards, crash/landing, 10 logs + tinderbox, 40 kg) replacing a narrated teleport; jacket/cap need 2 free slots. Proofs parity_enlightenedjourney 83/0, failure paths 23/0, ejrun/ejcrash.
quest_gettingahead	gettingahead	wiki	partial	4c56f48542	cutscene (1 scene: overnight flour-gate scene, narrated by mes between the stage writes); private instanced lair (static shared lair used); Mary Trade/tannery + NMZ unlock; Sergeant topic and Gordon show-item branches; nail bending, special rejections, head singleton, gate Open op, safespot	matthew-mbp-m4-b50-parity (Opus closer): Farm stairs restored; flour barrel fills a pot; flour on the resolved gate leaves at exact state 4 (pot returned, 8 -> 10); cave Yes/No + lair; real Headless Beast combat (melee, rock-fall special, death hook) replacing click-to-skip; skeleton journal; pickaxe rocks, dye shelves, workbench nails; knife on soft clay, fur + needle/thread, red dye; Mounted Head Space build (Construction 26, hammer/saw/2 planks/6 nails); 3000 coins once at 32; ga_bmp fake scaffolding deleted; m19_57.spawn knife/bucket added, ground dyes removed (now stated in tools/gen_spawns.py OBJ_SPAWN_ADDITIONS/EXCLUSIONS/RELOCATIONS, seam pass matthew-mbp-m4-b50-seam1; a regen keeps them). Proof parity_gettingahead 137/137.
