/*
 * GENERATED FILE -- do not edit.
 *
 * Produced by tools/make_app_icons.py from the one source icon. The
 * window icon is embedded rather than loaded so that a desktop run
 * from any working directory still has one; there is no path to get
 * wrong and no file to ship alongside the binary.
 */
#include "platform/platform_app_icon.h"

const int platform_app_icon_width = 64;
const int platform_app_icon_height = 64;

/* RGBA8888, row-major, top-down. */
const unsigned char platform_app_icon_rgba[16384] = {
    0x00, 0x00, 0x00, 0x00, 0x00, 0x00, 0x00, 0x03, 0x00, 0x00, 0x00, 0x00, 0xFF, 0xFF, 0xFF, 0x13,
    0x2B, 0x33, 0x2B, 0x64, 0x0A, 0x0A, 0x0A, 0xCE, 0x00, 0x00, 0x00, 0xF2, 0x00, 0x00, 0x00, 0xF0,
    0x00, 0x00, 0x00, 0xF2, 0x00, 0x00, 0x00, 0xF2, 0x00, 0x00, 0x00, 0xF2, 0x00, 0x00, 0x00, 0xF2,
    0x01, 0x01, 0x01, 0xF2, 0x02, 0x02, 0x01, 0xF2, 0x01, 0x01, 0x00, 0xF2, 0x00, 0x00, 0x00, 0xF2,
    0x00, 0x01, 0x00, 0xF2, 0x01, 0x02, 0x01, 0xF2, 0x01, 0x01, 0x00, 0xF2, 0x00, 0x00, 0x00, 0xF2,
    0x00, 0x00, 0x00, 0xF2, 0x00, 0x00, 0x00, 0xF2, 0x00, 0x00, 0x00, 0xF2, 0x00, 0x00, 0x00, 0xF2,
    0x00, 0x00, 0x00, 0xF2, 0x00, 0x00, 0x00, 0xF2, 0x00, 0x00, 0x00, 0xF2, 0x00, 0x00, 0x00, 0xF2,
    0x00, 0x00, 0x00, 0xF2, 0x00, 0x00, 0x00, 0xF2, 0x00, 0x00, 0x00, 0xF2, 0x00, 0x00, 0x00, 0xF2,
    0x02, 0x02, 0x01, 0xF2, 0x01, 0x01, 0x01, 0xF2, 0x01, 0x01, 0x01, 0xF2, 0x01, 0x01, 0x00, 0xF2,
    0x02, 0x02, 0x01, 0xF2, 0x01, 0x02, 0x01, 0xF2, 0x01, 0x01, 0x01, 0xF2, 0x01, 0x01, 0x00, 0xF2,
    0x01, 0x01, 0x00, 0xF2, 0x01, 0x01, 0x00, 0xF2, 0x00, 0x01, 0x00, 0xF2, 0x00, 0x01, 0x00, 0xF2,
    0x01, 0x01, 0x00, 0xF2, 0x01, 0x01, 0x01, 0xF2, 0x01, 0x02, 0x01, 0xF2, 0x02, 0x02, 0x01, 0xF2,
    0x02, 0x02, 0x01, 0xF2, 0x02, 0x02, 0x01, 0xF2, 0x02, 0x02, 0x01, 0xF2, 0x02, 0x02, 0x01, 0xF2,
    0x02, 0x02, 0x01, 0xF2, 0x02, 0x02, 0x01, 0xF2, 0x02, 0x02, 0x01, 0xF2, 0x02, 0x03, 0x02, 0xF2,
    0x02, 0x03, 0x02, 0xF0, 0x02, 0x02, 0x02, 0xF2, 0x09, 0x09, 0x09, 0xCE, 0x2B, 0x2B, 0x2B, 0x64,
    0xFF, 0xFF, 0xFF, 0x14, 0x00, 0x00, 0x00, 0x00, 0x00, 0x00, 0x00, 0x03, 0x00, 0x00, 0x00, 0x00,
    0x00, 0x00, 0x00, 0x03, 0x00, 0x00, 0x00, 0x00, 0xFF, 0xFF, 0xFF, 0x0F, 0x0F, 0x0C, 0x0C, 0xB9,
    0x00, 0x00, 0x00, 0xFF, 0x04, 0x04, 0x04, 0xFF, 0x24, 0x24, 0x2A, 0xFF, 0x26, 0x26, 0x2C, 0xFF,
    0x26, 0x26, 0x2C, 0xFF, 0x27, 0x27, 0x2C, 0xFF, 0x27, 0x27, 0x2D, 0xFF, 0x26, 0x26, 0x2C, 0xFF,
    0x1F, 0x1F, 0x23, 0xFF, 0x1B, 0x1B, 0x1F, 0xFF, 0x22, 0x22, 0x27, 0xFF, 0x27, 0x27, 0x2D, 0xFF,
    0x26, 0x25, 0x2B, 0xFF, 0x1B, 0x1B, 0x20, 0xFF, 0x22, 0x21, 0x27, 0xFF, 0x27, 0x27, 0x2D, 0xFF,
    0x25, 0x26, 0x2C, 0xFF, 0x26, 0x26, 0x2C, 0xFF, 0x26, 0x26, 0x2C, 0xFF, 0x26, 0x26, 0x2C, 0xFF,
    0x26, 0x26, 0x2B, 0xFF, 0x26, 0x26, 0x2C, 0xFF, 0x26, 0x26, 0x2C, 0xFF, 0x26, 0x26, 0x2C, 0xFF,
    0x26, 0x26, 0x2C, 0xFF, 0x26, 0x26, 0x2C, 0xFF, 0x26, 0x26, 0x2C, 0xFF, 0x25, 0x25, 0x2A, 0xFF,
    0x1B, 0x1B, 0x20, 0xFF, 0x1F, 0x1F, 0x23, 0xFF, 0x1F, 0x1F, 0x23, 0xFF, 0x1F, 0x1F, 0x23, 0xFF,
    0x1D, 0x1E, 0x22, 0xFF, 0x1F, 0x1F, 0x24, 0xFF, 0x20, 0x20, 0x25, 0xFF, 0x1F, 0x1F, 0x24, 0xFF,
    0x1F, 0x1F, 0x24, 0xFF, 0x25, 0x25, 0x2A, 0xFF, 0x26, 0x26, 0x2C, 0xFF, 0x25, 0x25, 0x2B, 0xFF,
    0x21, 0x21, 0x26, 0xFF, 0x1E, 0x1D, 0x22, 0xFF, 0x1C, 0x1C, 0x20, 0xFF, 0x1B, 0x1B, 0x1F, 0xFF,
    0x1A, 0x1A, 0x1E, 0xFF, 0x1A, 0x1A, 0x1E, 0xFF, 0x1A, 0x1A, 0x1E, 0xFF, 0x1A, 0x1A, 0x1E, 0xFF,
    0x1A, 0x1A, 0x1E, 0xFF, 0x1B, 0x1A, 0x1E, 0xFF, 0x1A, 0x1A, 0x1E, 0xFF, 0x16, 0x15, 0x19, 0xFF,
    0x16, 0x15, 0x1A, 0xFF, 0x15, 0x15, 0x18, 0xFF, 0x02, 0x03, 0x02, 0xFF, 0x01, 0x01, 0x01, 0xFF,
    0x0B, 0x0C, 0x0C, 0xB8, 0xFF, 0xFF, 0xFF, 0x0D, 0x00, 0x00, 0x00, 0x00, 0x00, 0x00, 0x00, 0x03,
    0x00, 0x00, 0x00, 0x00, 0xFF, 0xFF, 0xFF, 0x0D, 0x15, 0x15, 0x15, 0xB8, 0x08, 0x08, 0x09, 0xFF,
    0x21, 0x1F, 0x26, 0xFB, 0x3A, 0x39, 0x42, 0xFE, 0x47, 0x46, 0x51, 0xFE, 0x41, 0x41, 0x4A, 0xFE,
    0x39, 0x39, 0x41, 0xFE, 0x3D, 0x3C, 0x45, 0xFE, 0x3C, 0x3B, 0x45, 0xFE, 0x3A, 0x3A, 0x43, 0xFE,
    0x36, 0x36, 0x3E, 0xFE, 0x35, 0x35, 0x3C, 0xFE, 0x39, 0x38, 0x41, 0xFE, 0x3F, 0x3F, 0x48, 0xFE,
    0x41, 0x40, 0x49, 0xFE, 0x33, 0x33, 0x3B, 0xFE, 0x3F, 0x3F, 0x49, 0xFE, 0x49, 0x49, 0x54, 0xFE,
    0x49, 0x49, 0x54, 0xFE, 0x49, 0x49, 0x54, 0xFE, 0x49, 0x49, 0x54, 0xFE, 0x49, 0x49, 0x54, 0xFE,
    0x49, 0x49, 0x54, 0xFE, 0x48, 0x49, 0x54, 0xFE, 0x49, 0x48, 0x54, 0xFE, 0x49, 0x48, 0x54, 0xFE,
    0x48, 0x48, 0x53, 0xFE, 0x47, 0x47, 0x51, 0xFE, 0x48, 0x48, 0x52, 0xFE, 0x47, 0x47, 0x52, 0xFE,
    0x37, 0x37, 0x3F, 0xFE, 0x35, 0x34, 0x3C, 0xFE, 0x35, 0x35, 0x3D, 0xFE, 0x35, 0x35, 0x3D, 0xFE,
    0x33, 0x32, 0x3A, 0xFE, 0x3A, 0x39, 0x42, 0xFE, 0x3F, 0x3E, 0x47, 0xFE, 0x40, 0x40, 0x49, 0xFE,
    0x45, 0x45, 0x4F, 0xFE, 0x47, 0x47, 0x52, 0xFE, 0x49, 0x48, 0x54, 0xFE, 0x42, 0x41, 0x4C, 0xFE,
    0x38, 0x38, 0x40, 0xFE, 0x37, 0x36, 0x3F, 0xFE, 0x34, 0x34, 0x3C, 0xFE, 0x2F, 0x2F, 0x37, 0xFE,
    0x2E, 0x2D, 0x36, 0xFE, 0x32, 0x31, 0x3A, 0xFE, 0x35, 0x34, 0x3D, 0xFE, 0x33, 0x33, 0x3A, 0xFE,
    0x32, 0x32, 0x3A, 0xFE, 0x32, 0x31, 0x39, 0xFE, 0x34, 0x34, 0x3C, 0xFE, 0x1F, 0x21, 0x2D, 0xFE,
    0x15, 0x15, 0x1E, 0xFE, 0x16, 0x17, 0x24, 0xFE, 0x21, 0x20, 0x27, 0xFE, 0x0E, 0x0E, 0x12, 0xFB,
    0x04, 0x04, 0x04, 0xFF, 0x11, 0x11, 0x11, 0xB7, 0xFF, 0xFF, 0xFF, 0x0D, 0x00, 0x00, 0x00, 0x00,
    0xB7, 0xB7, 0xB7, 0x20, 0x0F, 0x0D, 0x0D, 0xB7, 0x04, 0x04, 0x05, 0xFF, 0x40, 0x40, 0x48, 0xFA,
    0x41, 0x40, 0x4A, 0xFF, 0x37, 0x36, 0x3F, 0xFF, 0x31, 0x31, 0x39, 0xFF, 0x35, 0x35, 0x3D, 0xFF,
    0x35, 0x35, 0x3D, 0xFF, 0x37, 0x36, 0x3F, 0xFF, 0x30, 0x30, 0x37, 0xFF, 0x2F, 0x2F, 0x36, 0xFF,
    0x30, 0x30, 0x37, 0xFF, 0x31, 0x31, 0x38, 0xFF, 0x34, 0x33, 0x3B, 0xFF, 0x37, 0x36, 0x3E, 0xFF,
    0x34, 0x34, 0x3B, 0xFF, 0x2D, 0x2C, 0x34, 0xFF, 0x36, 0x35, 0x3D, 0xFF, 0x3C, 0x3C, 0x44, 0xFF,
    0x40, 0x3F, 0x49, 0xFF, 0x3F, 0x3F, 0x49, 0xFF, 0x3F, 0x3F, 0x48, 0xFF, 0x40, 0x3F, 0x49, 0xFF,
    0x3F, 0x40, 0x49, 0xFF, 0x40, 0x40, 0x4A, 0xFF, 0x43, 0x42, 0x4D, 0xFF, 0x43, 0x43, 0x4D, 0xFF,
    0x42, 0x42, 0x4C, 0xFF, 0x39, 0x39, 0x40, 0xFF, 0x3E, 0x3E, 0x47, 0xFF, 0x44, 0x43, 0x4E, 0xFF,
    0x3E, 0x3D, 0x47, 0xFF, 0x30, 0x2F, 0x38, 0xFF, 0x30, 0x30, 0x38, 0xFF, 0x2F, 0x2E, 0x37, 0xFF,
    0x37, 0x36, 0x40, 0xFF, 0x43, 0x42, 0x4D, 0xFF, 0x42, 0x41, 0x4B, 0xFF, 0x42, 0x42, 0x4C, 0xFF,
    0x43, 0x42, 0x4C, 0xFF, 0x42, 0x41, 0x4B, 0xFF, 0x42, 0x41, 0x4B, 0xFF, 0x43, 0x42, 0x4D, 0xFF,
    0x34, 0x33, 0x3B, 0xFF, 0x30, 0x30, 0x37, 0xFF, 0x2D, 0x2D, 0x34, 0xFF, 0x29, 0x28, 0x31, 0xFF,
    0x33, 0x32, 0x3A, 0xFF, 0x34, 0x33, 0x3B, 0xFF, 0x33, 0x33, 0x3B, 0xFF, 0x33, 0x33, 0x3A, 0xFF,
    0x32, 0x31, 0x39, 0xFF, 0x34, 0x34, 0x3D, 0xFF, 0x1D, 0x1D, 0x23, 0xFF, 0x42, 0x37, 0x1A, 0xFF,
    0x50, 0x50, 0x46, 0xFF, 0x41, 0x37, 0x1E, 0xFF, 0x15, 0x15, 0x1D, 0xFF, 0x25, 0x24, 0x2D, 0xFF,
    0x23, 0x22, 0x29, 0xFA, 0x04, 0x04, 0x04, 0xFF, 0x0F, 0x0F, 0x0F, 0xB7, 0xB7, 0xB7, 0xB7, 0x20,
    0x26, 0x26, 0x26, 0x64, 0x00, 0x00, 0x00, 0xFF, 0x20, 0x20, 0x25, 0xFA, 0x3E, 0x3E, 0x48, 0xFF,
    0x30, 0x30, 0x37, 0xFF, 0x32, 0x32, 0x3A, 0xFF, 0x2A, 0x2B, 0x31, 0xFF, 0x14, 0x14, 0x17, 0xFF,
    0x14, 0x13, 0x17, 0xFF, 0x2B, 0x2B, 0x32, 0xFF, 0x32, 0x31, 0x39, 0xFF, 0x34, 0x34, 0x3C, 0xFF,
    0x35, 0x35, 0x3C, 0xFF, 0x37, 0x36, 0x3E, 0xFF, 0x37, 0x37, 0x3F, 0xFF, 0x37, 0x37, 0x3F, 0xFF,
    0x39, 0x39, 0x40, 0xFF, 0x37, 0x37, 0x3F, 0xFF, 0x39, 0x39, 0x41, 0xFF, 0x3B, 0x3B, 0x42, 0xFF,
    0x3A, 0x3A, 0x42, 0xFF, 0x3A, 0x3A, 0x41, 0xFF, 0x3A, 0x3A, 0x41, 0xFF, 0x3A, 0x39, 0x41, 0xFF,
    0x39, 0x39, 0x41, 0xFF, 0x3A, 0x3A, 0x42, 0xFF, 0x3E, 0x3E, 0x46, 0xFF, 0x3E, 0x3E, 0x47, 0xFF,
    0x3E, 0x3E, 0x47, 0xFF, 0x3A, 0x3A, 0x41, 0xFF, 0x3C, 0x3C, 0x44, 0xFF, 0x3E, 0x3E, 0x47, 0xFF,
    0x3E, 0x3F, 0x47, 0xFF, 0x40, 0x40, 0x48, 0xFF, 0x40, 0x40, 0x49, 0xFF, 0x3F, 0x3F, 0x48, 0xFF,
    0x3D, 0x3D, 0x46, 0xFF, 0x3D, 0x3D, 0x46, 0xFF, 0x3D, 0x3D, 0x45, 0xFF, 0x3F, 0x3F, 0x48, 0xFF,
    0x43, 0x43, 0x4D, 0xFF, 0x43, 0x43, 0x4D, 0xFF, 0x44, 0x44, 0x4E, 0xFF, 0x40, 0x40, 0x49, 0xFF,
    0x3D, 0x3D, 0x46, 0xFF, 0x38, 0x38, 0x40, 0xFF, 0x29, 0x28, 0x30, 0xFF, 0x31, 0x30, 0x38, 0xFF,
    0x35, 0x35, 0x3C, 0xFF, 0x34, 0x34, 0x3C, 0xFF, 0x34, 0x35, 0x3C, 0xFF, 0x33, 0x33, 0x3B, 0xFF,
    0x33, 0x32, 0x3A, 0xFF, 0x1F, 0x20, 0x27, 0xFF, 0x74, 0x5E, 0x27, 0xFF, 0xF8, 0xD6, 0x77, 0xFF,
    0xFA, 0xDC, 0x7E, 0xFF, 0xEA, 0xBB, 0x43, 0xFF, 0x51, 0x39, 0x14, 0xFF, 0x17, 0x18, 0x21, 0xFF,
    0x26, 0x25, 0x2C, 0xFF, 0x0F, 0x0F, 0x12, 0xFA, 0x00, 0x00, 0x00, 0xFF, 0x26, 0x26, 0x26, 0x64,
    0x09, 0x09, 0x09, 0xD9, 0x03, 0x03, 0x04, 0xFD, 0x3D, 0x3C, 0x45, 0xFE, 0x37, 0x37, 0x3F, 0xFF,
    0x2F, 0x2F, 0x36, 0xFF, 0x36, 0x37, 0x3F, 0xFF, 0x1D, 0x1D, 0x21, 0xFF, 0x29, 0x2F, 0x36, 0xFF,
    0x84, 0x90, 0x9A, 0xFF, 0x2B, 0x2D, 0x2E, 0xFF, 0x0F, 0x0F, 0x11, 0xFF, 0x1E, 0x1D, 0x22, 0xFF,
    0x39, 0x39, 0x41, 0xFF, 0x3A, 0x3A, 0x42, 0xFF, 0x39, 0x39, 0x40, 0xFF, 0x3B, 0x3B, 0x42, 0xFF,
    0x3C, 0x3C, 0x44, 0xFF, 0x3B, 0x3B, 0x43, 0xFF, 0x3B, 0x3B, 0x43, 0xFF, 0x37, 0x37, 0x3F, 0xFF,
    0x37, 0x37, 0x3E, 0xFF, 0x3B, 0x3B, 0x43, 0xFF, 0x3A, 0x3A, 0x42, 0xFF, 0x3D, 0x3D, 0x45, 0xFF,
    0x41, 0x41, 0x4A, 0xFF, 0x3B, 0x3B, 0x43, 0xFF, 0x39, 0x39, 0x40, 0xFF, 0x3A, 0x3A, 0x41, 0xFF,
    0x39, 0x39, 0x41, 0xFF, 0x3A, 0x3A, 0x42, 0xFF, 0x3A, 0x3A, 0x41, 0xFF, 0x3F, 0x3F, 0x48, 0xFF,
    0x41, 0x41, 0x4A, 0xFF, 0x3D, 0x3E, 0x46, 0xFF, 0x3A, 0x39, 0x42, 0xFF, 0x3A, 0x3A, 0x42, 0xFF,
    0x38, 0x38, 0x3F, 0xFF, 0x37, 0x37, 0x3E, 0xFF, 0x37, 0x37, 0x3F, 0xFF, 0x38, 0x38, 0x40, 0xFF,
    0x3A, 0x3A, 0x42, 0xFF, 0x39, 0x39, 0x41, 0xFF, 0x36, 0x36, 0x3E, 0xFF, 0x33, 0x33, 0x3A, 0xFF,
    0x36, 0x36, 0x3E, 0xFF, 0x33, 0x33, 0x3B, 0xFF, 0x28, 0x27, 0x2F, 0xFF, 0x31, 0x31, 0x39, 0xFF,
    0x35, 0x35, 0x3C, 0xFF, 0x34, 0x34, 0x3C, 0xFF, 0x33, 0x33, 0x3B, 0xFF, 0x30, 0x30, 0x37, 0xFF,
    0x32, 0x32, 0x3A, 0xFF, 0x08, 0x08, 0x0B, 0xFF, 0xB8, 0x97, 0x40, 0xFF, 0xFF, 0xE3, 0x89, 0xFF,
    0xD6, 0xA5, 0x22, 0xFF, 0xCD, 0x96, 0x2E, 0xFF, 0x97, 0x69, 0x23, 0xFF, 0x0A, 0x0C, 0x13, 0xFF,
    0x2E, 0x2E, 0x35, 0xFF, 0x1F, 0x1F, 0x26, 0xFE, 0x02, 0x02, 0x03, 0xFD, 0x0B, 0x0B, 0x0B, 0xD9,
    0x02, 0x02, 0x01, 0xFF, 0x23, 0x23, 0x28, 0xFF, 0x43, 0x43, 0x4C, 0xFF, 0x32, 0x32, 0x39, 0xFF,
    0x35, 0x35, 0x3D, 0xFF, 0x36, 0x36, 0x3F, 0xFF, 0x1C, 0x1B, 0x20, 0xFF, 0x2D, 0x33, 0x39, 0xFF,
    0x86, 0x97, 0xA9, 0xFF, 0xAD, 0xBE, 0xC7, 0xFF, 0x83, 0x8C, 0x90, 0xFF, 0x31, 0x34, 0x36, 0xFF,
    0x06, 0x06, 0x07, 0xFF, 0x1F, 0x1E, 0x23, 0xFF, 0x36, 0x36, 0x3E, 0xFF, 0x3D, 0x3D, 0x45, 0xFF,
    0x3C, 0x3C, 0x43, 0xFF, 0x3D, 0x3D, 0x45, 0xFF, 0x3B, 0x3A, 0x43, 0xFF, 0x34, 0x33, 0x3B, 0xFF,
    0x31, 0x31, 0x38, 0xFF, 0x38, 0x38, 0x3F, 0xFF, 0x3E, 0x3D, 0x46, 0xFF, 0x3C, 0x3C, 0x45, 0xFF,
    0x43, 0x43, 0x4D, 0xFF, 0x3C, 0x3C, 0x43, 0xFF, 0x3A, 0x3A, 0x41, 0xFF, 0x3A, 0x3A, 0x42, 0xFF,
    0x3B, 0x3B, 0x43, 0xFF, 0x3C, 0x3C, 0x44, 0xFF, 0x42, 0x42, 0x4C, 0xFF, 0x42, 0x41, 0x4B, 0xFF,
    0x42, 0x42, 0x4B, 0xFF, 0x42, 0x42, 0x4C, 0xFF, 0x3D, 0x3D, 0x46, 0xFF, 0x3B, 0x3B, 0x43, 0xFF,
    0x3C, 0x3C, 0x43, 0xFF, 0x38, 0x39, 0x40, 0xFF, 0x3E, 0x3E, 0x47, 0xFF, 0x38, 0x37, 0x3F, 0xFF,
    0x37, 0x37, 0x3F, 0xFF, 0x3B, 0x3B, 0x42, 0xFF, 0x3D, 0x3D, 0x44, 0xFF, 0x3E, 0x3E, 0x45, 0xFF,
    0x3A, 0x39, 0x40, 0xFF, 0x2F, 0x2E, 0x36, 0xFF, 0x2E, 0x2E, 0x35, 0xFF, 0x35, 0x35, 0x3D, 0xFF,
    0x32, 0x32, 0x3A, 0xFF, 0x2F, 0x2F, 0x37, 0xFF, 0x2D, 0x2C, 0x34, 0xFF, 0x33, 0x32, 0x39, 0xFF,
    0x19, 0x1A, 0x1D, 0xFF, 0x09, 0x07, 0x07, 0xFF, 0x61, 0x4B, 0x31, 0xFF, 0xCB, 0xA0, 0x39, 0xFF,
    0xD6, 0x9F, 0x32, 0xFF, 0xBF, 0x85, 0x30, 0xFF, 0x61, 0x43, 0x16, 0xFF, 0x10, 0x12, 0x17, 0xFF,
    0x36, 0x35, 0x3D, 0xFF, 0x29, 0x29, 0x31, 0xFF, 0x12, 0x12, 0x16, 0xFF, 0x04, 0x04, 0x04, 0xFF,
    0x02, 0x02, 0x01, 0xFD, 0x25, 0x25, 0x2B, 0xFF, 0x3A, 0x3A, 0x43, 0xFF, 0x3C, 0x3C, 0x45, 0xFF,
    0x44, 0x44, 0x4E, 0xFF, 0x38, 0x37, 0x40, 0xFF, 0x38, 0x37, 0x40, 0xFF, 0x0B, 0x0A, 0x0B, 0xFF,
    0x50, 0x5B, 0x68, 0xFF, 0x8E, 0x9E, 0xB0, 0xFF, 0xBB, 0xC8, 0xD2, 0xFF, 0xCB, 0xDA, 0xE1, 0xFF,
    0x6E, 0x78, 0x7C, 0xFF, 0x34, 0x38, 0x3A, 0xFF, 0x0D, 0x0C, 0x0F, 0xFF, 0x3A, 0x3A, 0x42, 0xFF,
    0x37, 0x36, 0x3F, 0xFF, 0x30, 0x2F, 0x37, 0xFF, 0x3A, 0x3A, 0x42, 0xFF, 0x3C, 0x3C, 0x44, 0xFF,
    0x36, 0x35, 0x3D, 0xFF, 0x39, 0x38, 0x41, 0xFF, 0x3B, 0x3A, 0x43, 0xFF, 0x3C, 0x3B, 0x44, 0xFF,
    0x3F, 0x3E, 0x47, 0xFF, 0x3B, 0x3B, 0x43, 0xFF, 0x3A, 0x3A, 0x42, 0xFF, 0x3A, 0x39, 0x41, 0xFF,
    0x40, 0x3F, 0x49, 0xFF, 0x3E, 0x3E, 0x47, 0xFF, 0x42, 0x42, 0x4C, 0xFF, 0x3D, 0x3D, 0x46, 0xFF,
    0x3B, 0x3A, 0x43, 0xFF, 0x3F, 0x3D, 0x46, 0xFF, 0x3D, 0x3C, 0x45, 0xFF, 0x39, 0x39, 0x41, 0xFF,
    0x3B, 0x3A, 0x42, 0xFF, 0x39, 0x38, 0x40, 0xFF, 0x3C, 0x3B, 0x44, 0xFF, 0x3B, 0x3A, 0x43, 0xFF,
    0x3B, 0x3A, 0x43, 0xFF, 0x21, 0x22, 0x29, 0xFF, 0x0F, 0x11, 0x1A, 0xFF, 0x0F, 0x10, 0x1A, 0xFF,
    0x15, 0x16, 0x1F, 0xFF, 0x33, 0x32, 0x3B, 0xFF, 0x2F, 0x2E, 0x35, 0xFF, 0x32, 0x33, 0x3B, 0xFF,
    0x2E, 0x2D, 0x35, 0xFF, 0x30, 0x2F, 0x37, 0xFF, 0x34, 0x33, 0x3A, 0xFF, 0x11, 0x13, 0x18, 0xFF,
    0x07, 0x04, 0x04, 0xFF, 0x61, 0x4A, 0x2F, 0xFF, 0x6F, 0x54, 0x3C, 0xFF, 0x4B, 0x35, 0x29, 0xFF,
    0x64, 0x46, 0x19, 0xFF, 0x58, 0x3E, 0x18, 0xFF, 0x05, 0x04, 0x05, 0xFF, 0x2B, 0x2B, 0x33, 0xFF,
    0x38, 0x37, 0x3F, 0xFF, 0x32, 0x31, 0x3A, 0xFF, 0x14, 0x13, 0x18, 0xFF, 0x04, 0x04, 0x04, 0xFD,
    0x02, 0x02, 0x01, 0xFF, 0x27, 0x26, 0x2C, 0xFF, 0x3D, 0x3D, 0x46, 0xFF, 0x3A, 0x39, 0x42, 0xFF,
    0x42, 0x41, 0x4C, 0xFF, 0x41, 0x40, 0x4A, 0xFF, 0x4B, 0x4B, 0x56, 0xFF, 0x20, 0x1F, 0x24, 0xFF,
    0x56, 0x5E, 0x6A, 0xFF, 0x8B, 0x9A, 0xAE, 0xFF, 0x7D, 0x8D, 0xA0, 0xFF, 0xAE, 0xBE, 0xC8, 0xFF,
    0xD5, 0xE6, 0xED, 0xFF, 0xC1, 0xD0, 0xD7, 0xFF, 0x3C, 0x40, 0x42, 0xFF, 0x06, 0x05, 0x07, 0xFF,
    0x2D, 0x2C, 0x34, 0xFF, 0x3A, 0x3A, 0x43, 0xFF, 0x2F, 0x2F, 0x37, 0xFF, 0x2C, 0x2B, 0x33, 0xFF,
    0x2D, 0x2C, 0x34, 0xFF, 0x36, 0x35, 0x3E, 0xFF, 0x3B, 0x3A, 0x44, 0xFF, 0x3B, 0x3A, 0x43, 0xFF,
    0x3A, 0x3A, 0x42, 0xFF, 0x3A, 0x3A, 0x42, 0xFF, 0x39, 0x39, 0x41, 0xFF, 0x3D, 0x3C, 0x44, 0xFF,
    0x46, 0x46, 0x50, 0xFF, 0x45, 0x45, 0x4D, 0xFF, 0x36, 0x36, 0x3E, 0xFF, 0x1E, 0x1E, 0x22, 0xFF,
    0x1E, 0x1D, 0x21, 0xFF, 0x37, 0x37, 0x41, 0xFF, 0x3E, 0x3D, 0x43, 0xFF, 0x3D, 0x3C, 0x45, 0xFF,
    0x39, 0x39, 0x40, 0xFF, 0x39, 0x39, 0x40, 0xFF, 0x39, 0x39, 0x40, 0xFF, 0x3D, 0x3C, 0x45, 0xFF,
    0x1B, 0x1C, 0x21, 0xFF, 0x1F, 0x1B, 0x10, 0xFF, 0xAF, 0x9F, 0x72, 0xFF, 0xB6, 0xA7, 0x78, 0xFF,
    0xA0, 0x91, 0x69, 0xFF, 0x21, 0x20, 0x20, 0xFF, 0x2B, 0x2B, 0x36, 0xFF, 0x33, 0x32, 0x38, 0xFF,
    0x2F, 0x2F, 0x36, 0xFF, 0x38, 0x38, 0x41, 0xFF, 0x19, 0x1A, 0x20, 0xFF, 0x32, 0x26, 0x1B, 0xFF,
    0x6C, 0x53, 0x31, 0xFF, 0x71, 0x55, 0x3B, 0xFF, 0x46, 0x34, 0x30, 0xFF, 0x0D, 0x0A, 0x0B, 0xFF,
    0x00, 0x00, 0x00, 0xFF, 0x00, 0x00, 0x03, 0xFF, 0x34, 0x34, 0x3B, 0xFF, 0x49, 0x48, 0x53, 0xFF,
    0x35, 0x35, 0x3D, 0xFF, 0x30, 0x30, 0x38, 0xFF, 0x14, 0x14, 0x18, 0xFF, 0x04, 0x04, 0x03, 0xFF,
    0x02, 0x02, 0x02, 0xFF, 0x23, 0x23, 0x28, 0xFF, 0x38, 0x38, 0x40, 0xFF, 0x34, 0x33, 0x3B, 0xFF,
    0x38, 0x38, 0x40, 0xFF, 0x40, 0x40, 0x49, 0xFF, 0x45, 0x45, 0x4F, 0xFF, 0x39, 0x39, 0x41, 0xFF,
    0x17, 0x18, 0x1C, 0xFF, 0x61, 0x6D, 0x7B, 0xFF, 0x7D, 0x8D, 0xA2, 0xFF, 0x83, 0x92, 0xA3, 0xFF,
    0xB2, 0xC0, 0xC8, 0xFF, 0xCD, 0xDC, 0xE2, 0xFF, 0xBD, 0xCB, 0xD3, 0xFF, 0x42, 0x47, 0x4A, 0xFF,
    0x1D, 0x1F, 0x20, 0xFF, 0x1D, 0x1D, 0x21, 0xFF, 0x3F, 0x3F, 0x47, 0xFF, 0x3D, 0x3D, 0x46, 0xFF,
    0x40, 0x40, 0x4A, 0xFF, 0x34, 0x34, 0x3C, 0xFF, 0x37, 0x37, 0x3F, 0xFF, 0x36, 0x36, 0x3E, 0xFF,
    0x36, 0x36, 0x3E, 0xFF, 0x3A, 0x39, 0x41, 0xFF, 0x3F, 0x3E, 0x47, 0xFF, 0x49, 0x49, 0x53, 0xFF,
    0x40, 0x40, 0x48, 0xFF, 0x17, 0x18, 0x1F, 0xFF, 0x19, 0x18, 0x19, 0xFF, 0xBC, 0xA8, 0x6F, 0xFF,
    0xB1, 0x8E, 0x32, 0xFF, 0x16, 0x13, 0x0D, 0xFF, 0x14, 0x17, 0x24, 0xFF, 0x39, 0x38, 0x3E, 0xFF,
    0x41, 0x40, 0x48, 0xFF, 0x3B, 0x3B, 0x43, 0xFF, 0x39, 0x39, 0x41, 0xFF, 0x3E, 0x3E, 0x45, 0xFF,
    0x16, 0x17, 0x1E, 0xFF, 0x7E, 0x62, 0x1D, 0xFF, 0xD0, 0xAA, 0x44, 0xFF, 0xC7, 0xA4, 0x44, 0xFF,
    0xF8, 0xC8, 0x48, 0xFF, 0xAC, 0x89, 0x29, 0xFF, 0x1D, 0x1B, 0x1C, 0xFF, 0x2B, 0x2C, 0x37, 0xFF,
    0x37, 0x36, 0x3D, 0xFF, 0x1C, 0x1C, 0x20, 0xFF, 0x46, 0x34, 0x22, 0xFF, 0x73, 0x57, 0x37, 0xFF,
    0x6A, 0x50, 0x38, 0xFF, 0x3F, 0x2F, 0x2D, 0xFF, 0x0B, 0x08, 0x07, 0xFF, 0x1B, 0x1C, 0x1F, 0xFF,
    0x43, 0x41, 0x49, 0xFF, 0x3F, 0x3E, 0x46, 0xFF, 0x46, 0x45, 0x50, 0xFF, 0x40, 0x40, 0x49, 0xFF,
    0x36, 0x36, 0x3E, 0xFF, 0x30, 0x30, 0x38, 0xFF, 0x14, 0x13, 0x18, 0xFF, 0x04, 0x04, 0x03, 0xFF,
    0x03, 0x03, 0x03, 0xFF, 0x1B, 0x1A, 0x1F, 0xFF, 0x34, 0x33, 0x3C, 0xFF, 0x2C, 0x2C, 0x33, 0xFF,
    0x2B, 0x2B, 0x32, 0xFF, 0x2C, 0x2C, 0x33, 0xFF, 0x40, 0x40, 0x49, 0xFF, 0x42, 0x42, 0x4B, 0xFF,
    0x15, 0x15, 0x18, 0xFF, 0x19, 0x1C, 0x20, 0xFF, 0x87, 0x98, 0xAB, 0xFF, 0x7E, 0x8D, 0x9F, 0xFF,
    0x85, 0x94, 0xA4, 0xFF, 0xB1, 0xC0, 0xCA, 0xFF, 0xC5, 0xD5, 0xDC, 0xFF, 0xCD, 0xDD, 0xE4, 0xFF,
    0xAB, 0xB9, 0xBE, 0xFF, 0x1C, 0x1E, 0x1F, 0xFF, 0x1C, 0x1B, 0x20, 0xFF, 0x4D, 0x4D, 0x57, 0xFF,
    0x45, 0x45, 0x4F, 0xFF, 0x3F, 0x3F, 0x48, 0xFF, 0x39, 0x39, 0x41, 0xFF, 0x3E, 0x3D, 0x46, 0xFF,
    0x3F, 0x3F, 0x47, 0xFF, 0x43, 0x42, 0x4B, 0xFF, 0x3C, 0x3C, 0x44, 0xFF, 0x1D, 0x1E, 0x25, 0xFF,
    0x08, 0x08, 0x09, 0xFF, 0x64, 0x5F, 0x4F, 0xFF, 0xB2, 0xA0, 0x6C, 0xFF, 0xF5, 0xC7, 0x49, 0xFF,
    0xF0, 0xBD, 0x32, 0xFF, 0xA4, 0x82, 0x28, 0xFF, 0x59, 0x48, 0x17, 0xFF, 0x07, 0x07, 0x0A, 0xFF,
    0x19, 0x1B, 0x25, 0xFF, 0x34, 0x35, 0x3B, 0xFF, 0x41, 0x41, 0x49, 0xFF, 0x3D, 0x3D, 0x45, 0xFF,
    0x3A, 0x3A, 0x42, 0xFF, 0x1C, 0x1C, 0x1F, 0xFF, 0x00, 0x00, 0x00, 0xFF, 0x00, 0x00, 0x00, 0xFF,
    0x69, 0x53, 0x19, 0xFF, 0xFC, 0xC8, 0x3A, 0xFF, 0xA8, 0x83, 0x22, 0xFF, 0x1B, 0x18, 0x14, 0xFF,
    0x14, 0x15, 0x1A, 0xFF, 0x39, 0x2B, 0x1E, 0xFF, 0x7B, 0x5E, 0x39, 0xFF, 0x73, 0x57, 0x3A, 0xFF,
    0x3E, 0x2E, 0x2D, 0xFF, 0x0C, 0x09, 0x07, 0xFF, 0x15, 0x17, 0x1A, 0xFF, 0x46, 0x46, 0x4F, 0xFF,
    0x45, 0x45, 0x4F, 0xFF, 0x40, 0x40, 0x49, 0xFF, 0x3C, 0x3C, 0x45, 0xFF, 0x3C, 0x3C, 0x44, 0xFF,
    0x3D, 0x3D, 0x46, 0xFF, 0x36, 0x36, 0x3F, 0xFF, 0x13, 0x13, 0x17, 0xFF, 0x04, 0x04, 0x03, 0xFF,
    0x02, 0x02, 0x01, 0xFF, 0x24, 0x24, 0x2A, 0xFF, 0x44, 0x44, 0x4F, 0xFF, 0x36, 0x36, 0x3E, 0xFF,
    0x37, 0x37, 0x40, 0xFF, 0x37, 0x37, 0x40, 0xFF, 0x2D, 0x2D, 0x34, 0xFF, 0x2C, 0x2C, 0x34, 0xFF,
    0x32, 0x32, 0x3A, 0xFF, 0x0C, 0x0D, 0x0E, 0xFF, 0x4F, 0x58, 0x63, 0xFF, 0x8C, 0x9B, 0xAE, 0xFF,
    0x7C, 0x8B, 0x9E, 0xFF, 0x7E, 0x8F, 0xA3, 0xFF, 0xB3, 0xC2, 0xCC, 0xFF, 0xC6, 0xD4, 0xDA, 0xFF,
    0xC7, 0xD8, 0xDF, 0xFF, 0xA8, 0xB5, 0xBB, 0xFF, 0x19, 0x1B, 0x1B, 0xFF, 0x15, 0x14, 0x18, 0xFF,
    0x43, 0x44, 0x4D, 0xFF, 0x3C, 0x3C, 0x43, 0xFF, 0x3F, 0x3F, 0x47, 0xFF, 0x42, 0x41, 0x4A, 0xFF,
    0x3A, 0x3A, 0x44, 0xFF, 0x1B, 0x1A, 0x1E, 0xFF, 0x10, 0x10, 0x12, 0xFF, 0x5D, 0x57, 0x45, 0xFF,
    0xAD, 0xA8, 0x83, 0xFF, 0xFF, 0xEB, 0xA6, 0xFF, 0xF8, 0xC9, 0x46, 0xFF, 0xDC, 0xAC, 0x2A, 0xFF,
    0xE0, 0xB0, 0x31, 0xFF, 0xF4, 0xC2, 0x34, 0xFF, 0xEE, 0xBD, 0x37, 0xFF, 0xA2, 0x80, 0x28, 0xFF,
    0x55, 0x43, 0x15, 0xFF, 0x0E, 0x0E, 0x0F, 0xFF, 0x17, 0x18, 0x1E, 0xFF, 0x37, 0x37, 0x41, 0xFF,
    0x40, 0x3F, 0x46, 0xFF, 0x3C, 0x3B, 0x42, 0xFF, 0x27, 0x28, 0x2D, 0xFF, 0x28, 0x28, 0x2C, 0xFF,
    0x00, 0x00, 0x05, 0xFF, 0x61, 0x49, 0x0D, 0xFF, 0xFF, 0xD5, 0x60, 0xFF, 0xBB, 0xAA, 0x7B, 0xFF,
    0x32, 0x27, 0x24, 0xFF, 0x5F, 0x48, 0x33, 0xFF, 0x63, 0x4B, 0x35, 0xFF, 0x40, 0x2F, 0x2E, 0xFF,
    0x0E, 0x0B, 0x09, 0xFF, 0x14, 0x15, 0x18, 0xFF, 0x3D, 0x3D, 0x45, 0xFF, 0x3D, 0x3D, 0x45, 0xFF,
    0x3D, 0x3D, 0x45, 0xFF, 0x38, 0x38, 0x40, 0xFF, 0x36, 0x36, 0x3E, 0xFF, 0x3D, 0x3D, 0x45, 0xFF,
    0x3D, 0x3D, 0x46, 0xFF, 0x3C, 0x3B, 0x45, 0xFF, 0x14, 0x13, 0x18, 0xFF, 0x04, 0x04, 0x04, 0xFF,
    0x01, 0x01, 0x01, 0xFF, 0x25, 0x25, 0x2A, 0xFF, 0x40, 0x3F, 0x48, 0xFF, 0x3D, 0x3D, 0x44, 0xFF,
    0x43, 0x43, 0x4C, 0xFF, 0x3F, 0x3E, 0x48, 0xFF, 0x40, 0x3F, 0x49, 0xFF, 0x2F, 0x2E, 0x37, 0xFF,
    0x33, 0x33, 0x3A, 0xFF, 0x2B, 0x2B, 0x31, 0xFF, 0x06, 0x06, 0x07, 0xFF, 0x50, 0x59, 0x64, 0xFF,
    0x86, 0x97, 0xAD, 0xFF, 0x7C, 0x8B, 0x9E, 0xFF, 0x84, 0x92, 0xA3, 0xFF, 0xB0, 0xC0, 0xCB, 0xFF,
    0xD2, 0xE1, 0xE7, 0xFF, 0xDE, 0xEE, 0xF5, 0xFF, 0xBA, 0xC8, 0xCE, 0xFF, 0x28, 0x2A, 0x2A, 0xFF,
    0x23, 0x23, 0x26, 0xFF, 0x3A, 0x39, 0x40, 0xFF, 0x26, 0x26, 0x30, 0xFF, 0x12, 0x12, 0x19, 0xFF,
    0x1B, 0x19, 0x16, 0xFF, 0x44, 0x44, 0x3B, 0xFF, 0xD0, 0xC0, 0x93, 0xFF, 0xF1, 0xDC, 0x9E, 0xFF,
    0xFF, 0xDC, 0x63, 0xFF, 0xE2, 0xB2, 0x32, 0xFF, 0xC6, 0x9D, 0x35, 0xFF, 0x77, 0x69, 0x52, 0xFF,
    0x6E, 0x65, 0x59, 0xFF, 0xCA, 0xA0, 0x35, 0xFF, 0xDF, 0xB0, 0x31, 0xFF, 0xFF, 0xC9, 0x33, 0xFF,
    0xDE, 0xB1, 0x37, 0xFF, 0xBB, 0x95, 0x2C, 0xFF, 0x40, 0x32, 0x12, 0xFF, 0x19, 0x16, 0x10, 0xFF,
    0x12, 0x14, 0x21, 0xFF, 0x27, 0x2A, 0x37, 0xFF, 0x41, 0x41, 0x47, 0xFF, 0x26, 0x24, 0x26, 0xFF,
    0x31, 0x35, 0x36, 0xFF, 0x91, 0x97, 0x96, 0xFF, 0xB5, 0xA2, 0x74, 0xFF, 0xFF, 0xDF, 0x6D, 0xFF,
    0xBE, 0x94, 0x31, 0xFF, 0x54, 0x3E, 0x33, 0xFF, 0x43, 0x31, 0x2F, 0xFF, 0x0B, 0x07, 0x05, 0xFF,
    0x13, 0x14, 0x17, 0xFF, 0x3A, 0x39, 0x41, 0xFF, 0x38, 0x38, 0x40, 0xFF, 0x36, 0x35, 0x3D, 0xFF,
    0x39, 0x38, 0x40, 0xFF, 0x3D, 0x3D, 0x45, 0xFF, 0x3C, 0x3B, 0x44, 0xFF, 0x3B, 0x3B, 0x44, 0xFF,
    0x3E, 0x3D, 0x46, 0xFF, 0x3B, 0x3A, 0x44, 0xFF, 0x14, 0x13, 0x18, 0xFF, 0x04, 0x04, 0x03, 0xFF,
    0x01, 0x01, 0x01, 0xFF, 0x26, 0x26, 0x2B, 0xFF, 0x40, 0x40, 0x49, 0xFF, 0x3D, 0x3D, 0x46, 0xFF,
    0x41, 0x40, 0x4A, 0xFF, 0x3E, 0x3D, 0x47, 0xFF, 0x43, 0x41, 0x4C, 0xFF, 0x35, 0x35, 0x3E, 0xFF,
    0x3B, 0x3B, 0x43, 0xFF, 0x40, 0x40, 0x49, 0xFF, 0x2A, 0x29, 0x2F, 0xFF, 0x00, 0x00, 0x00, 0xFF,
    0x4E, 0x57, 0x63, 0xFF, 0x8B, 0x9A, 0xAD, 0xFF, 0x7B, 0x8B, 0x9F, 0xFF, 0x82, 0x92, 0xA6, 0xFF,
    0x71, 0x7B, 0x84, 0xFF, 0x68, 0x72, 0x7B, 0xFF, 0x77, 0x83, 0x8C, 0xFF, 0x52, 0x59, 0x61, 0xFF,
    0x00, 0x00, 0x00, 0xFF, 0x00, 0x00, 0x00, 0xFF, 0x52, 0x4D, 0x42, 0xFF, 0x5A, 0x58, 0x4B, 0xFF,
    0xBE, 0xB1, 0x8A, 0xFF, 0xF7, 0xE4, 0x98, 0xFF, 0xF8, 0xD2, 0x6A, 0xFF, 0xF1, 0xBC, 0x2D, 0xFF,
    0xB9, 0x95, 0x3A, 0xFF, 0x70, 0x61, 0x4C, 0xFF, 0x49, 0x45, 0x54, 0xFF, 0xBB, 0x9C, 0x46, 0xFF,
    0x4B, 0x6C, 0xA0, 0xFF, 0x2E, 0x39, 0x6A, 0xFF, 0x81, 0x69, 0x41, 0xFF, 0xB9, 0x96, 0x3E, 0xFF,
    0xF1, 0xBE, 0x30, 0xFF, 0xEE, 0xBC, 0x33, 0xFF, 0xED, 0xBB, 0x37, 0xFF, 0xAA, 0x86, 0x28, 0xFF,
    0x52, 0x41, 0x15, 0xFF, 0x49, 0x3A, 0x14, 0xFF, 0x00, 0x00, 0x01, 0xFF, 0x00, 0x00, 0x00, 0xFF,
    0x4D, 0x57, 0x63, 0xFF, 0x81, 0x8F, 0x9E, 0xFF, 0x42, 0x44, 0x49, 0xFF, 0x65, 0x4B, 0x0F, 0xFF,
    0xF5, 0xC3, 0x38, 0xFF, 0xC5, 0x9C, 0x37, 0xFF, 0x1B, 0x15, 0x0F, 0xFF, 0x10, 0x12, 0x18, 0xFF,
    0x3A, 0x39, 0x40, 0xFF, 0x35, 0x34, 0x3C, 0xFF, 0x36, 0x35, 0x3E, 0xFF, 0x39, 0x38, 0x41, 0xFF,
    0x38, 0x38, 0x40, 0xFF, 0x36, 0x36, 0x3E, 0xFF, 0x38, 0x38, 0x40, 0xFF, 0x3A, 0x39, 0x42, 0xFF,
    0x3D, 0x3C, 0x46, 0xFF, 0x3A, 0x39, 0x44, 0xFF, 0x14, 0x13, 0x18, 0xFF, 0x04, 0x04, 0x03, 0xFF,
    0x01, 0x01, 0x01, 0xFF, 0x25, 0x25, 0x2B, 0xFF, 0x3F, 0x3F, 0x48, 0xFF, 0x3D, 0x3C, 0x45, 0xFF,
    0x43, 0x43, 0x4D, 0xFF, 0x43, 0x42, 0x4C, 0xFF, 0x3E, 0x3E, 0x47, 0xFF, 0x30, 0x30, 0x38, 0xFF,
    0x2F, 0x2F, 0x37, 0xFF, 0x3C, 0x3B, 0x44, 0xFF, 0x3B, 0x3B, 0x43, 0xFF, 0x29, 0x29, 0x2F, 0xFF,
    0x04, 0x04, 0x03, 0xFF, 0x4F, 0x58, 0x63, 0xFF, 0x86, 0x98, 0xAE, 0xFF, 0x4F, 0x54, 0x5A, 0xFF,
    0x83, 0x76, 0x57, 0xFF, 0x8A, 0x7F, 0x5F, 0xFF, 0x85, 0x79, 0x5A, 0xFF, 0x8A, 0x7F, 0x61, 0xFF,
    0x93, 0x89, 0x6D, 0xFF, 0x95, 0x89, 0x67, 0xFF, 0xF4, 0xD0, 0x6C, 0xFF, 0xFF, 0xE1, 0x74, 0xFF,
    0xF8, 0xD3, 0x68, 0xFF, 0xE9, 0xB6, 0x2E, 0xFF, 0xBB, 0x95, 0x36, 0xFF, 0x70, 0x62, 0x4C, 0xFF,
    0x44, 0x44, 0x58, 0xFF, 0x84, 0x73, 0x4E, 0xFF, 0xC6, 0x9F, 0x36, 0xFF, 0xD9, 0xAE, 0x37, 0xFF,
    0x4C, 0x77, 0xB3, 0xFF, 0x3E, 0x6A, 0xAF, 0xFF, 0x34, 0x53, 0x95, 0xFF, 0x3F, 0x45, 0x66, 0xFF,
    0x75, 0x63, 0x46, 0xFF, 0xBF, 0x99, 0x38, 0xFF, 0xEC, 0xB8, 0x2C, 0xFF, 0xED, 0xBC, 0x34, 0xFF,
    0xFB, 0xC8, 0x39, 0xFF, 0xEA, 0xB9, 0x34, 0xFF, 0x87, 0x6A, 0x22, 0xFF, 0x84, 0x69, 0x23, 0xFF,
    0x7D, 0x61, 0x1A, 0xFF, 0x75, 0x59, 0x11, 0xFF, 0x81, 0x65, 0x1B, 0xFF, 0x78, 0x60, 0x22, 0xFF,
    0x70, 0x56, 0x1D, 0xFF, 0xD5, 0x9C, 0x29, 0xFF, 0x92, 0x6A, 0x21, 0xFF, 0x20, 0x1E, 0x22, 0xFF,
    0x34, 0x35, 0x3F, 0xFF, 0x38, 0x36, 0x3D, 0xFF, 0x35, 0x35, 0x3E, 0xFF, 0x3A, 0x3A, 0x44, 0xFF,
    0x3C, 0x3C, 0x44, 0xFF, 0x39, 0x39, 0x41, 0xFF, 0x3B, 0x3A, 0x43, 0xFF, 0x3D, 0x3B, 0x45, 0xFF,
    0x40, 0x40, 0x49, 0xFF, 0x3F, 0x3E, 0x48, 0xFF, 0x13, 0x13, 0x17, 0xFF, 0x04, 0x04, 0x03, 0xFF,
    0x01, 0x02, 0x01, 0xFF, 0x25, 0x25, 0x2B, 0xFF, 0x46, 0x46, 0x50, 0xFF, 0x41, 0x41, 0x4B, 0xFF,
    0x43, 0x43, 0x4D, 0xFF, 0x45, 0x45, 0x4E, 0xFF, 0x46, 0x46, 0x50, 0xFF, 0x35, 0x34, 0x3D, 0xFF,
    0x26, 0x26, 0x2E, 0xFF, 0x2E, 0x2D, 0x35, 0xFF, 0x2B, 0x2A, 0x32, 0xFF, 0x37, 0x37, 0x3F, 0xFF,
    0x27, 0x27, 0x2C, 0xFF, 0x03, 0x03, 0x03, 0xFF, 0x4C, 0x56, 0x62, 0xFF, 0x36, 0x37, 0x37, 0xFF,
    0xF9, 0xDE, 0x8F, 0xFF, 0xFF, 0xD4, 0x59, 0xFF, 0xFF, 0xD7, 0x57, 0xFF, 0xFF, 0xD9, 0x54, 0xFF,
    0xFF, 0xD9, 0x56, 0xFF, 0xFF, 0xD8, 0x52, 0xFF, 0xD1, 0xA5, 0x2F, 0xFF, 0xC0, 0x96, 0x2C, 0xFF,
    0xC4, 0x9B, 0x32, 0xFF, 0x7C, 0x6B, 0x4C, 0xFF, 0x4F, 0x4C, 0x59, 0xFF, 0x7E, 0x6E, 0x4D, 0xFF,
    0xC7, 0xA0, 0x36, 0xFF, 0xE8, 0xB8, 0x31, 0xFF, 0xE4, 0xB4, 0x30, 0xFF, 0xD8, 0xAF, 0x3C, 0xFF,
    0x43, 0x66, 0x96, 0xFF, 0x33, 0x61, 0xA4, 0xFF, 0x38, 0x64, 0xA0, 0xFF, 0x38, 0x5E, 0x9A, 0xFF,
    0x2F, 0x4E, 0x95, 0xFF, 0x43, 0x45, 0x5F, 0xFF, 0x6F, 0x67, 0x5A, 0xFF, 0xCE, 0xA3, 0x34, 0xFF,
    0xCC, 0x9F, 0x30, 0xFF, 0xD2, 0xA7, 0x35, 0xFF, 0xFE, 0xC8, 0x35, 0xFF, 0xFF, 0xC9, 0x34, 0xFF,
    0xFF, 0xCA, 0x36, 0xFF, 0xFE, 0xCA, 0x37, 0xFF, 0xFA, 0xC6, 0x39, 0xFF, 0xD2, 0x9C, 0x2D, 0xFF,
    0x0E, 0x0B, 0x0A, 0xFF, 0x5E, 0x46, 0x26, 0xFF, 0xC8, 0x8C, 0x2B, 0xFF, 0x86, 0x5D, 0x1D, 0xFF,
    0x22, 0x1F, 0x20, 0xFF, 0x30, 0x32, 0x3D, 0xFF, 0x35, 0x35, 0x3C, 0xFF, 0x37, 0x38, 0x40, 0xFF,
    0x3A, 0x3A, 0x42, 0xFF, 0x3E, 0x3D, 0x46, 0xFF, 0x3B, 0x3A, 0x43, 0xFF, 0x3F, 0x3F, 0x48, 0xFF,
    0x46, 0x46, 0x4E, 0xFF, 0x45, 0x45, 0x4E, 0xFF, 0x1A, 0x19, 0x1E, 0xFF, 0x03, 0x03, 0x02, 0xFF,
    0x02, 0x02, 0x01, 0xFF, 0x25, 0x25, 0x2B, 0xFF, 0x47, 0x47, 0x52, 0xFF, 0x42, 0x41, 0x4B, 0xFF,
    0x45, 0x45, 0x4E, 0xFF, 0x44, 0x44, 0x4D, 0xFF, 0x48, 0x48, 0x52, 0xFF, 0x36, 0x36, 0x3F, 0xFF,
    0x35, 0x35, 0x3E, 0xFF, 0x3F, 0x3F, 0x49, 0xFF, 0x42, 0x42, 0x4C, 0xFF, 0x37, 0x37, 0x40, 0xFF,
    0x32, 0x32, 0x3B, 0xFF, 0x29, 0x28, 0x2E, 0xFF, 0x02, 0x02, 0x03, 0xFF, 0x1E, 0x1F, 0x1E, 0xFF,
    0xE9, 0xCE, 0x82, 0xFF, 0xE3, 0xAF, 0x23, 0xFF, 0xB9, 0x94, 0x36, 0xFF, 0x9E, 0x80, 0x3B, 0xFF,
    0x9F, 0x80, 0x36, 0xFF, 0x99, 0x7E, 0x3C, 0xFF, 0x4B, 0x49, 0x5A, 0xFF, 0x6A, 0x5E, 0x4F, 0xFF,
    0x70, 0x63, 0x4F, 0xFF, 0xC1, 0x9D, 0x3A, 0xFF, 0xD5, 0xAB, 0x34, 0xFF, 0xE2, 0xB4, 0x32, 0xFF,
    0xE4, 0xB6, 0x32, 0xFF, 0xD7, 0xAB, 0x33, 0xFF, 0xE9, 0xBA, 0x36, 0xFF, 0xA5, 0x85, 0x2A, 0xFF,
    0x1A, 0x15, 0x14, 0xFF, 0x18, 0x13, 0x14, 0xFF, 0x1A, 0x14, 0x13, 0xFF, 0x18, 0x1C, 0x25, 0xFF,
    0x38, 0x60, 0x99, 0xFF, 0x3E, 0x71, 0xBC, 0xFF, 0x38, 0x64, 0xAB, 0xFF, 0x3F, 0x4E, 0x76, 0xFF,
    0x3A, 0x49, 0x73, 0xFF, 0x4A, 0x48, 0x5A, 0xFF, 0xA9, 0x88, 0x3A, 0xFF, 0xAB, 0x8A, 0x38, 0xFF,
    0xA8, 0x89, 0x3B, 0xFF, 0xBA, 0x97, 0x3E, 0xFF, 0xCA, 0x95, 0x2C, 0xFF, 0xA4, 0x70, 0x1F, 0xFF,
    0x2D, 0x29, 0x22, 0xFF, 0x23, 0x2D, 0x38, 0xFF, 0x4F, 0x34, 0x0E, 0xFF, 0xD0, 0x93, 0x30, 0xFF,
    0x86, 0x5E, 0x1D, 0xFF, 0x23, 0x20, 0x1E, 0xFF, 0x34, 0x35, 0x3D, 0xFF, 0x37, 0x37, 0x3E, 0xFF,
    0x36, 0x36, 0x3F, 0xFF, 0x39, 0x39, 0x42, 0xFF, 0x39, 0x38, 0x41, 0xFF, 0x3B, 0x3B, 0x43, 0xFF,
    0x46, 0x46, 0x4E, 0xFF, 0x48, 0x47, 0x50, 0xFF, 0x1C, 0x1B, 0x20, 0xFF, 0x03, 0x03, 0x02, 0xFF,
    0x01, 0x01, 0x00, 0xFF, 0x26, 0x25, 0x2B, 0xFF, 0x48, 0x48, 0x53, 0xFF, 0x43, 0x43, 0x4D, 0xFF,
    0x44, 0x44, 0x4E, 0xFF, 0x45, 0x45, 0x4F, 0xFF, 0x40, 0x40, 0x4A, 0xFF, 0x32, 0x32, 0x3A, 0xFF,
    0x38, 0x38, 0x41, 0xFF, 0x44, 0x44, 0x4F, 0xFF, 0x42, 0x42, 0x4C, 0xFF, 0x3E, 0x3E, 0x47, 0xFF,
    0x3E, 0x3D, 0x47, 0xFF, 0x45, 0x44, 0x4E, 0xFF, 0x2D, 0x2D, 0x35, 0xFF, 0x23, 0x22, 0x21, 0xFF,
    0xEB, 0xD0, 0x83, 0xFF, 0xEC, 0xB9, 0x2D, 0xFF, 0x60, 0x57, 0x53, 0xFF, 0x77, 0x68, 0x4F, 0xFF,
    0x89, 0x75, 0x47, 0xFF, 0x81, 0x6E, 0x49, 0xFF, 0x9E, 0x84, 0x44, 0xFF, 0xE6, 0xB6, 0x31, 0xFF,
    0xE4, 0xB5, 0x31, 0xFF, 0xE1, 0xB3, 0x33, 0xFF, 0xE0, 0xB2, 0x33, 0xFF, 0xDB, 0xAE, 0x33, 0xFF,
    0xDC, 0xAF, 0x34, 0xFF, 0xEA, 0xBA, 0x36, 0xFF, 0xA3, 0x82, 0x2A, 0xFF, 0x1A, 0x14, 0x10, 0xFF,
    0x32, 0x23, 0x20, 0xFF, 0x4B, 0x35, 0x2B, 0xFF, 0x47, 0x32, 0x2A, 0xFF, 0x3B, 0x26, 0x1C, 0xFF,
    0x17, 0x18, 0x20, 0xFF, 0x37, 0x5F, 0x9A, 0xFF, 0x42, 0x73, 0xBA, 0xFF, 0x3E, 0x6E, 0xB6, 0xFF,
    0x3F, 0x71, 0xB9, 0xFF, 0x3B, 0x5C, 0x98, 0xFF, 0x30, 0x48, 0x82, 0xFF, 0x2D, 0x41, 0x7A, 0xFF,
    0x28, 0x3E, 0x7F, 0xFF, 0x4C, 0x45, 0x53, 0xFF, 0xBC, 0x82, 0x24, 0xFF, 0xB0, 0x7C, 0x26, 0xFF,
    0x1A, 0x14, 0x0C, 0xFF, 0x24, 0x24, 0x29, 0xFF, 0x08, 0x0A, 0x10, 0xFF, 0x4E, 0x36, 0x12, 0xFF,
    0xC8, 0x8D, 0x2D, 0xFF, 0x4F, 0x38, 0x11, 0xFF, 0x21, 0x25, 0x32, 0xFF, 0x3C, 0x3B, 0x42, 0xFF,
    0x36, 0x35, 0x3E, 0xFF, 0x36, 0x36, 0x3E, 0xFF, 0x32, 0x32, 0x3A, 0xFF, 0x2E, 0x2E, 0x36, 0xFF,
    0x34, 0x34, 0x3C, 0xFF, 0x37, 0x37, 0x40, 0xFF, 0x16, 0x16, 0x1B, 0xFF, 0x04, 0x04, 0x03, 0xFF,
    0x01, 0x01, 0x00, 0xFF, 0x26, 0x26, 0x2C, 0xFF, 0x4C, 0x4B, 0x56, 0xFF, 0x45, 0x45, 0x4F, 0xFF,
    0x47, 0x46, 0x51, 0xFF, 0x44, 0x43, 0x4D, 0xFF, 0x2B, 0x2A, 0x33, 0xFF, 0x2D, 0x2D, 0x35, 0xFF,
    0x43, 0x43, 0x4C, 0xFF, 0x41, 0x41, 0x4B, 0xFF, 0x3B, 0x3A, 0x43, 0xFF, 0x38, 0x38, 0x40, 0xFF,
    0x38, 0x38, 0x40, 0xFF, 0x41, 0x41, 0x4A, 0xFF, 0x44, 0x44, 0x4F, 0xFF, 0x2C, 0x2B, 0x2C, 0xFF,
    0xE9, 0xCD, 0x7F, 0xFF, 0xEB, 0xB9, 0x2D, 0xFF, 0x6E, 0x61, 0x4F, 0xFF, 0xD5, 0xAB, 0x35, 0xFF,
    0xF0, 0xBE, 0x2F, 0xFF, 0xEB, 0xBA, 0x30, 0xFF, 0xE7, 0xB7, 0x30, 0xFF, 0xDB, 0xAF, 0x33, 0xFF,
    0xDC, 0xAF, 0x34, 0xFF, 0xDD, 0xB0, 0x34, 0xFF, 0xDA, 0xAD, 0x33, 0xFF, 0xE3, 0xB4, 0x35, 0xFF,
    0xCE, 0xA4, 0x30, 0xFF, 0xDA, 0xAE, 0x34, 0xFF, 0x59, 0x47, 0x1A, 0xFF, 0x05, 0x03, 0x06, 0xFF,
    0x13, 0x0E, 0x0B, 0xFF, 0x15, 0x0F, 0x0D, 0xFF, 0x21, 0x17, 0x15, 0xFF, 0x34, 0x27, 0x25, 0xFF,
    0x18, 0x0B, 0x03, 0xFF, 0x25, 0x3F, 0x6A, 0xFF, 0x44, 0x75, 0xBE, 0xFF, 0x3F, 0x6C, 0xAF, 0xFF,
    0x40, 0x6E, 0xB1, 0xFF, 0x41, 0x73, 0xB8, 0xFF, 0x40, 0x6B, 0xAD, 0xFF, 0x3A, 0x57, 0x94, 0xFF,
    0x31, 0x52, 0x95, 0xFF, 0x54, 0x4C, 0x53, 0xFF, 0xBF, 0x85, 0x25, 0xFF, 0xAD, 0x79, 0x24, 0xFF,
    0x22, 0x1C, 0x16, 0xFF, 0x4D, 0x4D, 0x5A, 0xFF, 0x12, 0x13, 0x19, 0xFF, 0x0C, 0x07, 0x00, 0xFF,
    0xD0, 0x93, 0x30, 0xFF, 0x51, 0x39, 0x11, 0xFF, 0x1D, 0x20, 0x2D, 0xFF, 0x3B, 0x3A, 0x41, 0xFF,
    0x35, 0x35, 0x3D, 0xFF, 0x36, 0x36, 0x3F, 0xFF, 0x37, 0x37, 0x40, 0xFF, 0x32, 0x31, 0x39, 0xFF,
    0x31, 0x30, 0x38, 0xFF, 0x2C, 0x2B, 0x34, 0xFF, 0x13, 0x12, 0x17, 0xFF, 0x04, 0x04, 0x03, 0xFF,
    0x01, 0x01, 0x00, 0xFF, 0x26, 0x26, 0x2C, 0xFF, 0x41, 0x41, 0x4B, 0xFF, 0x3A, 0x39, 0x42, 0xFF,
    0x3B, 0x3B, 0x44, 0xFF, 0x2F, 0x2E, 0x37, 0xFF, 0x32, 0x31, 0x3A, 0xFF, 0x34, 0x34, 0x3D, 0xFF,
    0x43, 0x42, 0x4C, 0xFF, 0x40, 0x3F, 0x49, 0xFF, 0x3B, 0x3A, 0x43, 0xFF, 0x3B, 0x3A, 0x43, 0xFF,
    0x3C, 0x3C, 0x44, 0xFF, 0x42, 0x41, 0x4B, 0xFF, 0x3F, 0x3E, 0x49, 0xFF, 0x2A, 0x29, 0x2A, 0xFF,
    0xE9, 0xCE, 0x80, 0xFF, 0xEB, 0xB9, 0x2B, 0xFF, 0x6C, 0x60, 0x50, 0xFF, 0xC6, 0xA0, 0x39, 0xFF,
    0xDF, 0xB1, 0x32, 0xFF, 0xDA, 0xAD, 0x34, 0xFF, 0xDB, 0xAE, 0x34, 0xFF, 0xDC, 0xB0, 0x33, 0xFF,
    0xDD, 0xB0, 0x33, 0xFF, 0xDA, 0xAE, 0x33, 0xFF, 0xE7, 0xB8, 0x36, 0xFF, 0xC3, 0x9B, 0x2F, 0xFF,
    0x37, 0x2A, 0x15, 0xFF, 0x1F, 0x18, 0x0F, 0xFF, 0x38, 0x28, 0x1F, 0xFF, 0x41, 0x2D, 0x27, 0xFF,
    0x33, 0x24, 0x20, 0xFF, 0x2C, 0x20, 0x1D, 0xFF, 0x21, 0x18, 0x14, 0xFF, 0x10, 0x0D, 0x0D, 0xFF,
    0x0D, 0x07, 0x04, 0xFF, 0x2C, 0x4A, 0x79, 0xFF, 0x46, 0x77, 0xC1, 0xFF, 0x3F, 0x6C, 0xAF, 0xFF,
    0x40, 0x6E, 0xB2, 0xFF, 0x40, 0x6F, 0xB3, 0xFF, 0x3E, 0x66, 0xA8, 0xFF, 0x38, 0x54, 0x90, 0xFF,
    0x2F, 0x4E, 0x91, 0xFF, 0x54, 0x4B, 0x54, 0xFF, 0xBE, 0x84, 0x25, 0xFF, 0xAE, 0x79, 0x24, 0xFF,
    0x20, 0x1A, 0x13, 0xFF, 0x3F, 0x3F, 0x4B, 0xFF, 0x1F, 0x1F, 0x26, 0xFF, 0x13, 0x0D, 0x03, 0xFF,
    0x90, 0x64, 0x1F, 0xFF, 0x3F, 0x2E, 0x14, 0xFF, 0x26, 0x28, 0x34, 0xFF, 0x39, 0x37, 0x3F, 0xFF,
    0x33, 0x33, 0x3A, 0xFF, 0x33, 0x33, 0x3B, 0xFF, 0x30, 0x2F, 0x38, 0xFF, 0x39, 0x38, 0x40, 0xFF,
    0x37, 0x37, 0x3F, 0xFF, 0x33, 0x32, 0x3A, 0xFF, 0x13, 0x13, 0x17, 0xFF, 0x04, 0x04, 0x03, 0xFF,
    0x01, 0x01, 0x00, 0xFF, 0x27, 0x26, 0x2C, 0xFF, 0x3C, 0x3B, 0x45, 0xFF, 0x2A, 0x29, 0x32, 0xFF,
    0x2A, 0x29, 0x31, 0xFF, 0x27, 0x26, 0x2E, 0xFF, 0x2B, 0x2B, 0x32, 0xFF, 0x43, 0x43, 0x4D, 0xFF,
    0x40, 0x3F, 0x4A, 0xFF, 0x3D, 0x3C, 0x46, 0xFF, 0x39, 0x38, 0x41, 0xFF, 0x40, 0x40, 0x4A, 0xFF,
    0x46, 0x46, 0x50, 0xFF, 0x46, 0x45, 0x4F, 0xFF, 0x3E, 0x3E, 0x49, 0xFF, 0x2A, 0x29, 0x2B, 0xFF,
    0xE9, 0xCF, 0x80, 0xFF, 0xEC, 0xBA, 0x2B, 0xFF, 0x6C, 0x60, 0x50, 0xFF, 0xC8, 0xA1, 0x38, 0xFF,
    0xE2, 0xB3, 0x32, 0xFF, 0xDC, 0xAF, 0x33, 0xFF, 0xDC, 0xB0, 0x32, 0xFF, 0xDC, 0xB0, 0x33, 0xFF,
    0xDB, 0xAE, 0x33, 0xFF, 0xE2, 0xB4, 0x34, 0xFF, 0xBF, 0x98, 0x2E, 0xFF, 0x44, 0x33, 0x1E, 0xFF,
    0x39, 0x27, 0x25, 0xFF, 0x47, 0x32, 0x2B, 0xFF, 0x3E, 0x2C, 0x26, 0xFF, 0x50, 0x38, 0x30, 0xFF,
    0x3E, 0x2C, 0x26, 0xFF, 0x42, 0x2F, 0x28, 0xFF, 0x51, 0x3A, 0x31, 0xFF, 0x2D, 0x21, 0x1E, 0xFF,
    0x18, 0x12, 0x10, 0xFF, 0x1E, 0x2B, 0x44, 0xFF, 0x3F, 0x6C, 0xAF, 0xFF, 0x42, 0x70, 0xB4, 0xFF,
    0x42, 0x6F, 0xB1, 0xFF, 0x42, 0x70, 0xB4, 0xFF, 0x3E, 0x66, 0xA8, 0xFF, 0x37, 0x54, 0x90, 0xFF,
    0x30, 0x4F, 0x92, 0xFF, 0x53, 0x4B, 0x53, 0xFF, 0xBE, 0x84, 0x24, 0xFF, 0xAD, 0x78, 0x23, 0xFF,
    0x21, 0x1B, 0x15, 0xFF, 0x3D, 0x3E, 0x4B, 0xFF, 0x43, 0x42, 0x4B, 0xFF, 0x23, 0x23, 0x29, 0xFF,
    0x0E, 0x10, 0x18, 0xFF, 0x2D, 0x2E, 0x37, 0xFF, 0x3B, 0x3B, 0x44, 0xFF, 0x36, 0x36, 0x3F, 0xFF,
    0x34, 0x34, 0x3C, 0xFF, 0x31, 0x30, 0x38, 0xFF, 0x30, 0x2F, 0x37, 0xFF, 0x43, 0x42, 0x4C, 0xFF,
    0x38, 0x38, 0x41, 0xFF, 0x31, 0x31, 0x39, 0xFF, 0x13, 0x13, 0x17, 0xFF, 0x04, 0x04, 0x03, 0xFF,
    0x01, 0x02, 0x01, 0xFF, 0x26, 0x26, 0x2C, 0xFF, 0x4A, 0x4A, 0x55, 0xFF, 0x3F, 0x3F, 0x48, 0xFF,
    0x40, 0x40, 0x4A, 0xFF, 0x2D, 0x2D, 0x35, 0xFF, 0x34, 0x34, 0x3D, 0xFF, 0x46, 0x46, 0x50, 0xFF,
    0x40, 0x3F, 0x49, 0xFF, 0x3A, 0x3A, 0x43, 0xFF, 0x40, 0x40, 0x49, 0xFF, 0x40, 0x40, 0x4A, 0xFF,
    0x45, 0x45, 0x4F, 0xFF, 0x46, 0x45, 0x4F, 0xFF, 0x3E, 0x3E, 0x49, 0xFF, 0x2A, 0x29, 0x2A, 0xFF,
    0xE9, 0xCF, 0x80, 0xFF, 0xED, 0xBB, 0x2B, 0xFF, 0x6D, 0x60, 0x50, 0xFF, 0xC8, 0xA1, 0x38, 0xFF,
    0xE2, 0xB3, 0x32, 0xFF, 0xDB, 0xAF, 0x33, 0xFF, 0xDC, 0xB0, 0x33, 0xFF, 0xDC, 0xAF, 0x33, 0xFF,
    0xD9, 0xAC, 0x33, 0xFF, 0xE9, 0xB9, 0x37, 0xFF, 0x7D, 0x64, 0x20, 0xFF, 0x2E, 0x1F, 0x23, 0xFF,
    0x4A, 0x35, 0x2B, 0xFF, 0x2C, 0x1F, 0x1A, 0xFF, 0x13, 0x0D, 0x0C, 0xFF, 0x15, 0x0F, 0x0D, 0xFF,
    0x13, 0x0E, 0x0C, 0xFF, 0x2C, 0x20, 0x1B, 0xFF, 0x53, 0x3C, 0x33, 0xFF, 0x36, 0x27, 0x22, 0xFF,
    0x47, 0x32, 0x2B, 0xFF, 0x19, 0x0F, 0x09, 0xFF, 0x31, 0x57, 0x8D, 0xFF, 0x44, 0x72, 0xB7, 0xFF,
    0x42, 0x6E, 0xB1, 0xFF, 0x43, 0x71, 0xB5, 0xFF, 0x3E, 0x67, 0xA8, 0xFF, 0x37, 0x54, 0x90, 0xFF,
    0x30, 0x4F, 0x92, 0xFF, 0x53, 0x4B, 0x54, 0xFF, 0xBE, 0x84, 0x25, 0xFF, 0xAD, 0x79, 0x23, 0xFF,
    0x20, 0x1A, 0x13, 0xFF, 0x3B, 0x3C, 0x47, 0xFF, 0x41, 0x41, 0x4A, 0xFF, 0x3D, 0x3C, 0x46, 0xFF,
    0x37, 0x36, 0x3E, 0xFF, 0x31, 0x31, 0x39, 0xFF, 0x2F, 0x2F, 0x37, 0xFF, 0x39, 0x39, 0x42, 0xFF,
    0x39, 0x39, 0x43, 0xFF, 0x32, 0x32, 0x3A, 0xFF, 0x2C, 0x2C, 0x33, 0xFF, 0x3E, 0x3F, 0x47, 0xFF,
    0x3E, 0x3E, 0x47, 0xFF, 0x35, 0x34, 0x3D, 0xFF, 0x13, 0x12, 0x17, 0xFF, 0x04, 0x04, 0x03, 0xFF,
    0x01, 0x02, 0x01, 0xFF, 0x25, 0x25, 0x2B, 0xFF, 0x41, 0x40, 0x4B, 0xFF, 0x42, 0x41, 0x4B, 0xFF,
    0x43, 0x43, 0x4D, 0xFF, 0x2E, 0x2E, 0x36, 0xFF, 0x3E, 0x3E, 0x48, 0xFF, 0x42, 0x41, 0x4C, 0xFF,
    0x44, 0x44, 0x4F, 0xFF, 0x3E, 0x3E, 0x47, 0xFF, 0x3E, 0x3E, 0x47, 0xFF, 0x48, 0x48, 0x53, 0xFF,
    0x47, 0x46, 0x51, 0xFF, 0x45, 0x44, 0x4E, 0xFF, 0x3F, 0x3F, 0x4A, 0xFF, 0x2A, 0x2A, 0x2B, 0xFF,
    0xE9, 0xCE, 0x80, 0xFF, 0xEE, 0xBB, 0x2B, 0xFF, 0x6D, 0x60, 0x4F, 0xFF, 0xC7, 0xA0, 0x38, 0xFF,
    0xE1, 0xB2, 0x32, 0xFF, 0xDB, 0xAF, 0x33, 0xFF, 0xDC, 0xAF, 0x33, 0xFF, 0xDA, 0xAD, 0x33, 0xFF,
    0xE4, 0xB4, 0x34, 0xFF, 0xCB, 0xA2, 0x31, 0xFF, 0x24, 0x1C, 0x11, 0xFF, 0x25, 0x1C, 0x18, 0xFF,
    0x1F, 0x16, 0x14, 0xFF, 0x21, 0x18, 0x15, 0xFF, 0x3A, 0x2A, 0x24, 0xFF, 0x35, 0x26, 0x21, 0xFF,
    0x39, 0x29, 0x23, 0xFF, 0x26, 0x1B, 0x18, 0xFF, 0x0E, 0x0A, 0x09, 0xFF, 0x30, 0x22, 0x1D, 0xFF,
    0x59, 0x3F, 0x34, 0xFF, 0x3F, 0x2B, 0x23, 0xFF, 0x0D, 0x18, 0x28, 0xFF, 0x44, 0x73, 0xB9, 0xFF,
    0x42, 0x6F, 0xB3, 0xFF, 0x43, 0x71, 0xB4, 0xFF, 0x3E, 0x67, 0xA8, 0xFF, 0x37, 0x54, 0x90, 0xFF,
    0x30, 0x4F, 0x92, 0xFF, 0x54, 0x4B, 0x54, 0xFF, 0xBE, 0x84, 0x25, 0xFF, 0xAC, 0x79, 0x23, 0xFF,
    0x22, 0x1D, 0x16, 0xFF, 0x3E, 0x40, 0x4B, 0xFF, 0x3E, 0x3D, 0x47, 0xFF, 0x38, 0x37, 0x41, 0xFF,
    0x41, 0x41, 0x4A, 0xFF, 0x3F, 0x3F, 0x47, 0xFF, 0x3C, 0x3C, 0x44, 0xFF, 0x3D, 0x3D, 0x47, 0xFF,
    0x3D, 0x3D, 0x47, 0xFF, 0x34, 0x34, 0x3D, 0xFF, 0x33, 0x32, 0x3A, 0xFF, 0x31, 0x31, 0x39, 0xFF,
    0x38, 0x38, 0x40, 0xFF, 0x34, 0x33, 0x3C, 0xFF, 0x13, 0x12, 0x17, 0xFF, 0x04, 0x04, 0x04, 0xFF,
    0x01, 0x01, 0x01, 0xFF, 0x25, 0x25, 0x2A, 0xFF, 0x40, 0x3F, 0x4A, 0xFF, 0x3E, 0x3E, 0x48, 0xFF,
    0x42, 0x42, 0x4B, 0xFF, 0x33, 0x33, 0x3C, 0xFF, 0x3F, 0x3E, 0x48, 0xFF, 0x39, 0x39, 0x42, 0xFF,
    0x3C, 0x3C, 0x46, 0xFF, 0x3B, 0x3B, 0x44, 0xFF, 0x43, 0x42, 0x4C, 0xFF, 0x45, 0x45, 0x4F, 0xFF,
    0x46, 0x45, 0x50, 0xFF, 0x44, 0x43, 0x4D, 0xFF, 0x3B, 0x3C, 0x46, 0xFF, 0x29, 0x29, 0x2A, 0xFF,
    0xE9, 0xCD, 0x7F, 0xFF, 0xEE, 0xBB, 0x2A, 0xFF, 0x6C, 0x60, 0x4E, 0xFF, 0xC7, 0xA1, 0x38, 0xFF,
    0xE1, 0xB3, 0x32, 0xFF, 0xDB, 0xAF, 0x33, 0xFF, 0xDC, 0xAE, 0x33, 0xFF, 0xDB, 0xAE, 0x34, 0xFF,
    0xDF, 0xB1, 0x35, 0xFF, 0x78, 0x60, 0x1F, 0xFF, 0x0A, 0x07, 0x08, 0xFF, 0x1F, 0x15, 0x12, 0xFF,
    0x00, 0x00, 0x00, 0xFF, 0x0C, 0x09, 0x09, 0xFF, 0x0D, 0x0A, 0x0A, 0xFF, 0x3C, 0x2B, 0x25, 0xFF,
    0x41, 0x2E, 0x27, 0xFF, 0x4C, 0x36, 0x2E, 0xFF, 0x3C, 0x29, 0x24, 0xFF, 0x18, 0x11, 0x0F, 0xFF,
    0x50, 0x38, 0x30, 0xFF, 0x3D, 0x2A, 0x23, 0xFF, 0x1F, 0x19, 0x1A, 0xFF, 0x31, 0x52, 0x85, 0xFF,
    0x44, 0x72, 0xB8, 0xFF, 0x42, 0x70, 0xB3, 0xFF, 0x3F, 0x67, 0xA9, 0xFF, 0x37, 0x53, 0x90, 0xFF,
    0x2F, 0x4D, 0x90, 0xFF, 0x53, 0x4B, 0x54, 0xFF, 0xBE, 0x84, 0x25, 0xFF, 0xAC, 0x78, 0x23, 0xFF,
    0x21, 0x1B, 0x15, 0xFF, 0x3E, 0x3F, 0x4C, 0xFF, 0x3F, 0x3D, 0x47, 0xFF, 0x3D, 0x3C, 0x45, 0xFF,
    0x3F, 0x3F, 0x49, 0xFF, 0x43, 0x43, 0x4C, 0xFF, 0x42, 0x42, 0x4B, 0xFF, 0x42, 0x41, 0x4C, 0xFF,
    0x3F, 0x3E, 0x48, 0xFF, 0x38, 0x37, 0x40, 0xFF, 0x3A, 0x3A, 0x43, 0xFF, 0x3A, 0x3A, 0x43, 0xFF,
    0x34, 0x33, 0x3C, 0xFF, 0x32, 0x32, 0x3A, 0xFF, 0x13, 0x13, 0x17, 0xFF, 0x04, 0x04, 0x03, 0xFF,
    0x01, 0x01, 0x00, 0xFF, 0x28, 0x28, 0x2E, 0xFF, 0x41, 0x40, 0x4A, 0xFF, 0x39, 0x39, 0x43, 0xFF,
    0x43, 0x42, 0x4D, 0xFF, 0x32, 0x31, 0x3A, 0xFF, 0x38, 0x38, 0x41, 0xFF, 0x3D, 0x3D, 0x47, 0xFF,
    0x3A, 0x39, 0x43, 0xFF, 0x42, 0x42, 0x4C, 0xFF, 0x49, 0x48, 0x53, 0xFF, 0x44, 0x43, 0x4E, 0xFF,
    0x46, 0x45, 0x50, 0xFF, 0x42, 0x42, 0x4C, 0xFF, 0x33, 0x33, 0x3D, 0xFF, 0x29, 0x28, 0x29, 0xFF,
    0xF0, 0xD4, 0x85, 0xFF, 0xED, 0xBB, 0x2B, 0xFF, 0x6D, 0x60, 0x4E, 0xFF, 0xC8, 0xA1, 0x39, 0xFF,
    0xE1, 0xB2, 0x32, 0xFF, 0xDB, 0xAE, 0x33, 0xFF, 0xDB, 0xAE, 0x33, 0xFF, 0xDC, 0xAF, 0x34, 0xFF,
    0xDC, 0xAE, 0x34, 0xFF, 0x1A, 0x14, 0x09, 0xFF, 0x3A, 0x27, 0x24, 0xFF, 0x31, 0x23, 0x1E, 0xFF,
    0x5D, 0x39, 0x2F, 0xFF, 0x89, 0x5A, 0x49, 0xFF, 0x88, 0x5D, 0x4C, 0xFF, 0x36, 0x25, 0x20, 0xFF,
    0x2F, 0x22, 0x1E, 0xFF, 0x55, 0x3B, 0x32, 0xFF, 0x65, 0x46, 0x3B, 0xFF, 0x2D, 0x21, 0x1C, 0xFF,
    0x19, 0x12, 0x10, 0xFF, 0x46, 0x32, 0x2D, 0xFF, 0x31, 0x1E, 0x14, 0xFF, 0x16, 0x22, 0x36, 0xFF,
    0x46, 0x75, 0xBC, 0xFF, 0x42, 0x6F, 0xB2, 0xFF, 0x3F, 0x68, 0xAB, 0xFF, 0x38, 0x54, 0x92, 0xFF,
    0x2F, 0x4D, 0x8F, 0xFF, 0x52, 0x49, 0x51, 0xFF, 0xBE, 0x84, 0x25, 0xFF, 0xB2, 0x7C, 0x25, 0xFF,
    0x21, 0x1B, 0x14, 0xFF, 0x3C, 0x3D, 0x4A, 0xFF, 0x45, 0x44, 0x4E, 0xFF, 0x42, 0x42, 0x4B, 0xFF,
    0x3F, 0x3F, 0x48, 0xFF, 0x3F, 0x3F, 0x48, 0xFF, 0x44, 0x43, 0x4C, 0xFF, 0x43, 0x43, 0x4B, 0xFF,
    0x42, 0x42, 0x4B, 0xFF, 0x40, 0x40, 0x4A, 0xFF, 0x37, 0x36, 0x3F, 0xFF, 0x3E, 0x3C, 0x47, 0xFF,
    0x41, 0x40, 0x4A, 0xFF, 0x3B, 0x3A, 0x44, 0xFF, 0x13, 0x12, 0x17, 0xFF, 0x04, 0x04, 0x03, 0xFF,
    0x01, 0x01, 0x00, 0xFF, 0x28, 0x28, 0x2E, 0xFF, 0x41, 0x41, 0x4A, 0xFF, 0x37, 0x36, 0x40, 0xFF,
    0x3D, 0x3D, 0x46, 0xFF, 0x2D, 0x2C, 0x34, 0xFF, 0x36, 0x36, 0x3F, 0xFF, 0x42, 0x41, 0x4B, 0xFF,
    0x43, 0x43, 0x4D, 0xFF, 0x49, 0x48, 0x53, 0xFF, 0x47, 0x47, 0x51, 0xFF, 0x47, 0x47, 0x52, 0xFF,
    0x46, 0x46, 0x51, 0xFF, 0x3B, 0x3B, 0x44, 0xFF, 0x2C, 0x2C, 0x34, 0xFF, 0x1F, 0x1F, 0x21, 0xFF,
    0xD2, 0xB8, 0x6F, 0xFF, 0xF1, 0xBC, 0x27, 0xFF, 0xC3, 0x9F, 0x3C, 0xFF, 0x7A, 0x69, 0x4E, 0xFF,
    0xDF, 0xB1, 0x33, 0xFF, 0xDB, 0xAD, 0x34, 0xFF, 0xDA, 0xAE, 0x33, 0xFF, 0xDE, 0xB1, 0x35, 0xFF,
    0xC3, 0x9B, 0x30, 0xFF, 0x3D, 0x2C, 0x1B, 0xFF, 0x32, 0x23, 0x20, 0xFF, 0x5D, 0x3C, 0x31, 0xFF,
    0xEA, 0xA9, 0x89, 0xFF, 0xF5, 0xB5, 0x91, 0xFF, 0xFC, 0xBF, 0x9B, 0xFF, 0xC3, 0x94, 0x78, 0xFF,
    0x37, 0x25, 0x1F, 0xFF, 0x4B, 0x34, 0x2B, 0xFF, 0x46, 0x32, 0x2A, 0xFF, 0x5A, 0x40, 0x35, 0xFF,
    0x20, 0x16, 0x13, 0xFF, 0x2A, 0x1E, 0x1C, 0xFF, 0x31, 0x1F, 0x16, 0xFF, 0x19, 0x27, 0x3E, 0xFF,
    0x46, 0x75, 0xBC, 0xFF, 0x42, 0x6E, 0xB1, 0xFF, 0x3E, 0x63, 0xA2, 0xFF, 0x34, 0x53, 0x93, 0xFF,
    0x3A, 0x45, 0x6D, 0xFF, 0x9C, 0x70, 0x2E, 0xFF, 0xBC, 0x83, 0x27, 0xFF, 0x9B, 0x6C, 0x20, 0xFF,
    0x1C, 0x17, 0x12, 0xFF, 0x3E, 0x3F, 0x4B, 0xFF, 0x42, 0x42, 0x4A, 0xFF, 0x42, 0x41, 0x4B, 0xFF,
    0x41, 0x41, 0x4A, 0xFF, 0x44, 0x43, 0x4C, 0xFF, 0x43, 0x43, 0x4C, 0xFF, 0x41, 0x41, 0x4A, 0xFF,
    0x43, 0x43, 0x4C, 0xFF, 0x44, 0x43, 0x4D, 0xFF, 0x3A, 0x39, 0x42, 0xFF, 0x37, 0x36, 0x3F, 0xFF,
    0x43, 0x43, 0x4D, 0xFF, 0x3F, 0x3F, 0x49, 0xFF, 0x13, 0x12, 0x17, 0xFF, 0x04, 0x04, 0x03, 0xFF,
    0x02, 0x02, 0x01, 0xFF, 0x20, 0x20, 0x25, 0xFF, 0x3D, 0x3D, 0x47, 0xFF, 0x38, 0x38, 0x41, 0xFF,
    0x33, 0x33, 0x3C, 0xFF, 0x27, 0x27, 0x2F, 0xFF, 0x3B, 0x3B, 0x45, 0xFF, 0x41, 0x41, 0x4B, 0xFF,
    0x3B, 0x3B, 0x44, 0xFF, 0x40, 0x3F, 0x49, 0xFF, 0x47, 0x47, 0x51, 0xFF, 0x46, 0x46, 0x50, 0xFF,
    0x47, 0x47, 0x51, 0xFF, 0x37, 0x37, 0x3F, 0xFF, 0x36, 0x36, 0x3C, 0xFF, 0x0B, 0x0B, 0x14, 0xFF,
    0x48, 0x3F, 0x23, 0xFF, 0xFC, 0xD2, 0x4D, 0xFF, 0xD5, 0xA9, 0x31, 0xFF, 0x66, 0x5A, 0x50, 0xFF,
    0xDD, 0xAF, 0x33, 0xFF, 0xDB, 0xAE, 0x34, 0xFF, 0xD8, 0xAC, 0x33, 0xFF, 0xE7, 0xB8, 0x37, 0xFF,
    0x4F, 0x3F, 0x16, 0xFF, 0x3C, 0x29, 0x27, 0xFF, 0x22, 0x19, 0x14, 0xFF, 0x7B, 0x54, 0x44, 0xFF,
    0xFF, 0xC9, 0xA2, 0xFF, 0xF1, 0xBD, 0x99, 0xFF, 0xE7, 0xB1, 0x8E, 0xFF, 0xF6, 0xBC, 0x97, 0xFF,
    0xC0, 0x8A, 0x71, 0xFF, 0x48, 0x30, 0x28, 0xFF, 0x38, 0x28, 0x22, 0xFF, 0x3D, 0x2B, 0x25, 0xFF,
    0x22, 0x18, 0x16, 0xFF, 0x20, 0x18, 0x15, 0xFF, 0x23, 0x15, 0x0C, 0xFF, 0x19, 0x28, 0x3F, 0xFF,
    0x48, 0x77, 0xBF, 0xFF, 0x40, 0x6B, 0xAD, 0xFF, 0x37, 0x53, 0x8E, 0xFF, 0x33, 0x52, 0x91, 0xFF,
    0x3E, 0x44, 0x65, 0xFF, 0xB0, 0x7B, 0x27, 0xFF, 0xC1, 0x87, 0x29, 0xFF, 0x34, 0x24, 0x0C, 0xFF,
    0x13, 0x16, 0x1E, 0xFF, 0x45, 0x44, 0x4C, 0xFF, 0x3D, 0x3D, 0x47, 0xFF, 0x3F, 0x3F, 0x49, 0xFF,
    0x40, 0x3F, 0x49, 0xFF, 0x40, 0x40, 0x48, 0xFF, 0x41, 0x42, 0x4A, 0xFF, 0x40, 0x41, 0x4B, 0xFF,
    0x41, 0x41, 0x4A, 0xFF, 0x41, 0x40, 0x4B, 0xFF, 0x3D, 0x3C, 0x45, 0xFF, 0x30, 0x30, 0x38, 0xFF,
    0x34, 0x34, 0x3C, 0xFF, 0x3E, 0x3E, 0x48, 0xFF, 0x13, 0x12, 0x17, 0xFF, 0x04, 0x04, 0x03, 0xFF,
    0x02, 0x02, 0x01, 0xFF, 0x21, 0x21, 0x26, 0xFF, 0x3D, 0x3D, 0x47, 0xFF, 0x38, 0x38, 0x42, 0xFF,
    0x33, 0x33, 0x3C, 0xFF, 0x34, 0x35, 0x3D, 0xFF, 0x42, 0x42, 0x4C, 0xFF, 0x3F, 0x3E, 0x49, 0xFF,
    0x32, 0x32, 0x3A, 0xFF, 0x32, 0x32, 0x3A, 0xFF, 0x47, 0x47, 0x52, 0xFF, 0x46, 0x46, 0x50, 0xFF,
    0x3A, 0x3A, 0x43, 0xFF, 0x37, 0x37, 0x40, 0xFF, 0x3D, 0x3D, 0x46, 0xFF, 0x22, 0x23, 0x2C, 0xFF,
    0x4D, 0x4B, 0x45, 0xFF, 0xFE, 0xE1, 0x7B, 0xFF, 0xCE, 0xA2, 0x2A, 0xFF, 0x66, 0x5B, 0x50, 0xFF,
    0xE1, 0xB3, 0x32, 0xFF, 0xDE, 0xB0, 0x32, 0xFF, 0xDB, 0xAE, 0x31, 0xFF, 0xEB, 0xB9, 0x34, 0xFF,
    0x52, 0x40, 0x17, 0xFF, 0x22, 0x18, 0x1A, 0xFF, 0x44, 0x2E, 0x25, 0xFF, 0x87, 0x62, 0x50, 0xFF,
    0x75, 0x59, 0x49, 0xFF, 0x9F, 0x78, 0x62, 0xFF, 0xF7, 0xBC, 0x97, 0xFF, 0xF2, 0xBB, 0x96, 0xFF,
    0xD1, 0x98, 0x7A, 0xFF, 0x49, 0x32, 0x2A, 0xFF, 0x19, 0x12, 0x10, 0xFF, 0x37, 0x27, 0x22, 0xFF,
    0x36, 0x27, 0x21, 0xFF, 0x0F, 0x0C, 0x0B, 0xFF, 0x03, 0x01, 0x00, 0xFF, 0x1A, 0x29, 0x41, 0xFF,
    0x46, 0x77, 0xC2, 0xFF, 0x3F, 0x6A, 0xAE, 0xFF, 0x35, 0x54, 0x93, 0xFF, 0x33, 0x52, 0x92, 0xFF,
    0x3A, 0x42, 0x66, 0xFF, 0xAB, 0x78, 0x29, 0xFF, 0xC1, 0x87, 0x28, 0xFF, 0x38, 0x28, 0x10, 0xFF,
    0x26, 0x29, 0x36, 0xFF, 0x3E, 0x3E, 0x46, 0xFF, 0x3F, 0x3F, 0x49, 0xFF, 0x39, 0x39, 0x43, 0xFF,
    0x3F, 0x3F, 0x49, 0xFF, 0x3E, 0x3E, 0x47, 0xFF, 0x3F, 0x3F, 0x49, 0xFF, 0x3D, 0x3D, 0x47, 0xFF,
    0x3D, 0x3D, 0x46, 0xFF, 0x42, 0x42, 0x4C, 0xFF, 0x41, 0x41, 0x4B, 0xFF, 0x30, 0x30, 0x38, 0xFF,
    0x34, 0x34, 0x3C, 0xFF, 0x3F, 0x3F, 0x49, 0xFF, 0x13, 0x12, 0x17, 0xFF, 0x04, 0x04, 0x03, 0xFF,
    0x02, 0x02, 0x01, 0xFF, 0x21, 0x20, 0x26, 0xFF, 0x3E, 0x3D, 0x48, 0xFF, 0x37, 0x36, 0x40, 0xFF,
    0x3D, 0x3D, 0x46, 0xFF, 0x43, 0x43, 0x4E, 0xFF, 0x41, 0x41, 0x4B, 0xFF, 0x42, 0x42, 0x4D, 0xFF,
    0x42, 0x42, 0x4D, 0xFF, 0x3E, 0x3E, 0x47, 0xFF, 0x3C, 0x3C, 0x45, 0xFF, 0x41, 0x40, 0x4B, 0xFF,
    0x38, 0x38, 0x41, 0xFF, 0x37, 0x37, 0x40, 0xFF, 0x3D, 0x3D, 0x46, 0xFF, 0x24, 0x25, 0x2F, 0xFF,
    0x55, 0x52, 0x49, 0xFF, 0xFF, 0xE4, 0x7A, 0xFF, 0xD7, 0xA6, 0x24, 0xFF, 0x5B, 0x5B, 0x66, 0xFF,
    0x5E, 0x79, 0x98, 0xFF, 0x61, 0x7C, 0x99, 0xFF, 0x5E, 0x78, 0x94, 0xFF, 0x66, 0x85, 0xA7, 0xFF,
    0x27, 0x2F, 0x39, 0xFF, 0x23, 0x15, 0x0C, 0xFF, 0x29, 0x1E, 0x1C, 0xFF, 0x3B, 0x25, 0x22, 0xFF,
    0x10, 0x09, 0x0C, 0xFF, 0x4E, 0x32, 0x2B, 0xFF, 0xD5, 0x9D, 0x80, 0xFF, 0xD5, 0xA2, 0x82, 0xFF,
    0x59, 0x3D, 0x34, 0xFF, 0x21, 0x16, 0x17, 0xFF, 0x28, 0x1B, 0x1A, 0xFF, 0x24, 0x19, 0x19, 0xFF,
    0x14, 0x0F, 0x0E, 0xFF, 0x1D, 0x15, 0x11, 0xFF, 0x78, 0x5C, 0x4E, 0xFF, 0x4D, 0x40, 0x24, 0xFF,
    0xC6, 0xAA, 0x50, 0xFF, 0xB3, 0x97, 0x48, 0xFF, 0x99, 0x73, 0x3F, 0xFF, 0x8F, 0x6C, 0x40, 0xFF,
    0x56, 0x49, 0x4C, 0xFF, 0xA6, 0x75, 0x2A, 0xFF, 0xC7, 0x8B, 0x29, 0xFF, 0x3E, 0x2D, 0x14, 0xFF,
    0x24, 0x27, 0x35, 0xFF, 0x2D, 0x2B, 0x32, 0xFF, 0x36, 0x36, 0x3F, 0xFF, 0x3B, 0x3B, 0x44, 0xFF,
    0x3E, 0x3E, 0x47, 0xFF, 0x41, 0x41, 0x4B, 0xFF, 0x40, 0x40, 0x4A, 0xFF, 0x3B, 0x3A, 0x44, 0xFF,
    0x3D, 0x3D, 0x47, 0xFF, 0x41, 0x41, 0x4B, 0xFF, 0x40, 0x40, 0x4A, 0xFF, 0x30, 0x30, 0x38, 0xFF,
    0x33, 0x33, 0x3C, 0xFF, 0x3E, 0x3D, 0x48, 0xFF, 0x13, 0x12, 0x17, 0xFF, 0x04, 0x04, 0x03, 0xFF,
    0x02, 0x02, 0x02, 0xFF, 0x1D, 0x1D, 0x21, 0xFF, 0x3C, 0x3C, 0x46, 0xFF, 0x39, 0x39, 0x43, 0xFF,
    0x3E, 0x3E, 0x48, 0xFF, 0x40, 0x3F, 0x4A, 0xFF, 0x3C, 0x3C, 0x46, 0xFF, 0x40, 0x40, 0x4B, 0xFF,
    0x43, 0x43, 0x4E, 0xFF, 0x47, 0x47, 0x52, 0xFF, 0x3F, 0x3E, 0x48, 0xFF, 0x3D, 0x3C, 0x46, 0xFF,
    0x3A, 0x3A, 0x43, 0xFF, 0x32, 0x32, 0x3A, 0xFF, 0x40, 0x3F, 0x48, 0xFF, 0x34, 0x34, 0x3D, 0xFF,
    0x35, 0x33, 0x2C, 0xFF, 0xD3, 0xB3, 0x5B, 0xFF, 0xF3, 0xC0, 0x29, 0xFF, 0xB7, 0x94, 0x3C, 0xFF,
    0x2F, 0x4B, 0x8E, 0xFF, 0x3E, 0x6E, 0xBA, 0xFF, 0x3D, 0x6C, 0xB8, 0xFF, 0x34, 0x62, 0xA9, 0xFF,
    0x1C, 0x2F, 0x4E, 0xFF, 0x3B, 0x2B, 0x26, 0xFF, 0x53, 0x39, 0x33, 0xFF, 0x8E, 0x78, 0x6C, 0xFF,
    0x4E, 0x46, 0x40, 0xFF, 0x57, 0x4D, 0x4A, 0xFF, 0x5B, 0x41, 0x3A, 0xFF, 0x5E, 0x44, 0x3C, 0xFF,
    0xC9, 0xA0, 0x87, 0xFF, 0x53, 0x48, 0x43, 0xFF, 0x69, 0x63, 0x5E, 0xFF, 0x8E, 0x6F, 0x62, 0xFF,
    0x34, 0x21, 0x1D, 0xFF, 0x28, 0x1C, 0x17, 0xFF, 0xAB, 0x7B, 0x6C, 0xFF, 0x4C, 0x3B, 0x18, 0xFF,
    0xED, 0xB9, 0x30, 0xFF, 0xB9, 0x83, 0x27, 0xFF, 0xB7, 0x7A, 0x22, 0xFF, 0x72, 0x56, 0x41, 0xFF,
    0x8B, 0x66, 0x37, 0xFF, 0xBF, 0x84, 0x25, 0xFF, 0x9E, 0x6F, 0x25, 0xFF, 0x24, 0x19, 0x09, 0xFF,
    0x31, 0x32, 0x3E, 0xFF, 0x39, 0x37, 0x40, 0xFF, 0x33, 0x32, 0x3B, 0xFF, 0x3E, 0x3E, 0x48, 0xFF,
    0x3F, 0x3F, 0x49, 0xFF, 0x42, 0x41, 0x4C, 0xFF, 0x42, 0x41, 0x4B, 0xFF, 0x42, 0x41, 0x4B, 0xFF,
    0x42, 0x41, 0x4B, 0xFF, 0x41, 0x41, 0x4B, 0xFF, 0x41, 0x41, 0x4B, 0xFF, 0x35, 0x34, 0x3D, 0xFF,
    0x2C, 0x2B, 0x33, 0xFF, 0x3D, 0x3C, 0x46, 0xFF, 0x13, 0x13, 0x17, 0xFF, 0x03, 0x04, 0x03, 0xFF,
    0x02, 0x02, 0x02, 0xFF, 0x1A, 0x1A, 0x1E, 0xFF, 0x37, 0x36, 0x40, 0xFF, 0x3A, 0x3A, 0x44, 0xFF,
    0x3C, 0x3B, 0x45, 0xFF, 0x3F, 0x3E, 0x49, 0xFF, 0x3D, 0x3D, 0x48, 0xFF, 0x3B, 0x3B, 0x45, 0xFF,
    0x41, 0x41, 0x4C, 0xFF, 0x45, 0x45, 0x50, 0xFF, 0x48, 0x47, 0x53, 0xFF, 0x3A, 0x39, 0x43, 0xFF,
    0x38, 0x37, 0x40, 0xFF, 0x3A, 0x3A, 0x42, 0xFF, 0x3E, 0x3D, 0x46, 0xFF, 0x48, 0x46, 0x4D, 0xFF,
    0x0B, 0x0D, 0x17, 0xFF, 0x72, 0x5A, 0x1A, 0xFF, 0xFF, 0xD2, 0x35, 0xFF, 0xB8, 0x91, 0x33, 0xFF,
    0x34, 0x4A, 0x82, 0xFF, 0x46, 0x72, 0xB5, 0xFF, 0x4A, 0x79, 0xC0, 0xFF, 0x22, 0x37, 0x57, 0xFF,
    0x2A, 0x43, 0x69, 0xFF, 0x47, 0x43, 0x4D, 0xFF, 0x50, 0x33, 0x27, 0xFF, 0xD6, 0xAD, 0x96, 0xFF,
    0xCB, 0xA4, 0x89, 0xFF, 0x97, 0x7B, 0x6B, 0xFF, 0x97, 0x73, 0x60, 0xFF, 0xB6, 0x89, 0x71, 0xFF,
    0xA9, 0x85, 0x72, 0xFF, 0xD7, 0xAC, 0x91, 0xFF, 0xBA, 0x96, 0x7F, 0xFF, 0xBE, 0x93, 0x7B, 0xFF,
    0x85, 0x5E, 0x4B, 0xFF, 0x1F, 0x15, 0x13, 0xFF, 0x60, 0x42, 0x32, 0xFF, 0x9B, 0x7C, 0x2C, 0xFF,
    0xE0, 0xB3, 0x36, 0xFF, 0xAF, 0x7E, 0x2D, 0xFF, 0xB2, 0x78, 0x26, 0xFF, 0x68, 0x52, 0x48, 0xFF,
    0x8B, 0x67, 0x38, 0xFF, 0xD0, 0x90, 0x27, 0xFF, 0x5D, 0x41, 0x16, 0xFF, 0x0D, 0x10, 0x19, 0xFF,
    0x44, 0x42, 0x4A, 0xFF, 0x41, 0x40, 0x4B, 0xFF, 0x35, 0x35, 0x3E, 0xFF, 0x32, 0x32, 0x3A, 0xFF,
    0x39, 0x39, 0x42, 0xFF, 0x3B, 0x3A, 0x43, 0xFF, 0x3B, 0x3A, 0x44, 0xFF, 0x3A, 0x3A, 0x43, 0xFF,
    0x3B, 0x3A, 0x44, 0xFF, 0x3B, 0x3A, 0x44, 0xFF, 0x3D, 0x3C, 0x46, 0xFF, 0x32, 0x32, 0x3A, 0xFF,
    0x27, 0x26, 0x2E, 0xFF, 0x31, 0x31, 0x39, 0xFF, 0x13, 0x13, 0x17, 0xFF, 0x03, 0x04, 0x03, 0xFF,
    0x02, 0x02, 0x01, 0xFF, 0x22, 0x22, 0x27, 0xFF, 0x36, 0x35, 0x3E, 0xFF, 0x37, 0x36, 0x40, 0xFF,
    0x41, 0x40, 0x4B, 0xFF, 0x3E, 0x3E, 0x48, 0xFF, 0x41, 0x41, 0x4C, 0xFF, 0x3F, 0x3F, 0x4A, 0xFF,
    0x41, 0x40, 0x4B, 0xFF, 0x43, 0x42, 0x4D, 0xFF, 0x41, 0x41, 0x4C, 0xFF, 0x3F, 0x3E, 0x48, 0xFF,
    0x3A, 0x3A, 0x43, 0xFF, 0x3D, 0x3D, 0x47, 0xFF, 0x3E, 0x3E, 0x47, 0xFF, 0x4D, 0x4C, 0x53, 0xFF,
    0x21, 0x25, 0x36, 0xFF, 0x6D, 0x57, 0x19, 0xFF, 0xF9, 0xC8, 0x32, 0xFF, 0xBD, 0x98, 0x38, 0xFF,
    0x3A, 0x3D, 0x62, 0xFF, 0x41, 0x65, 0xA0, 0xFF, 0x47, 0x7A, 0xC2, 0xFF, 0x24, 0x3C, 0x61, 0xFF,
    0x26, 0x3E, 0x61, 0xFF, 0x4A, 0x42, 0x49, 0xFF, 0x0E, 0x08, 0x04, 0xFF, 0x48, 0x33, 0x2D, 0xFF,
    0x81, 0x5E, 0x50, 0xFF, 0x80, 0x56, 0x47, 0xFF, 0xCD, 0x99, 0x7E, 0xFF, 0xF7, 0xC0, 0x9D, 0xFF,
    0xA5, 0x77, 0x60, 0xFF, 0x73, 0x53, 0x47, 0xFF, 0x74, 0x55, 0x48, 0xFF, 0xC4, 0x8D, 0x70, 0xFF,
    0x94, 0x6F, 0x58, 0xFF, 0x10, 0x0B, 0x0D, 0xFF, 0x29, 0x21, 0x10, 0xFF, 0xD9, 0xAF, 0x36, 0xFF,
    0xC9, 0x99, 0x31, 0xFF, 0xAC, 0x75, 0x27, 0xFF, 0x93, 0x69, 0x34, 0xFF, 0x44, 0x40, 0x58, 0xFF,
    0x99, 0x6F, 0x34, 0xFF, 0xC5, 0x89, 0x28, 0xFF, 0x56, 0x3B, 0x13, 0xFF, 0x24, 0x28, 0x35, 0xFF,
    0x48, 0x46, 0x50, 0xFF, 0x40, 0x3F, 0x49, 0xFF, 0x3F, 0x3F, 0x49, 0xFF, 0x37, 0x36, 0x3F, 0xFF,
    0x2E, 0x2D, 0x36, 0xFF, 0x36, 0x36, 0x3F, 0xFF, 0x38, 0x38, 0x41, 0xFF, 0x3A, 0x3A, 0x43, 0xFF,
    0x36, 0x36, 0x3F, 0xFF, 0x31, 0x30, 0x38, 0xFF, 0x2C, 0x2B, 0x33, 0xFF, 0x33, 0x32, 0x3B, 0xFF,
    0x39, 0x39, 0x42, 0xFF, 0x34, 0x34, 0x3D, 0xFF, 0x13, 0x13, 0x17, 0xFF, 0x04, 0x04, 0x03, 0xFF,
    0x01, 0x02, 0x01, 0xFF, 0x25, 0x25, 0x2B, 0xFF, 0x43, 0x43, 0x4E, 0xFF, 0x33, 0x32, 0x3B, 0xFF,
    0x3F, 0x3F, 0x49, 0xFF, 0x3F, 0x40, 0x4A, 0xFF, 0x3F, 0x3F, 0x4A, 0xFF, 0x40, 0x40, 0x4B, 0xFF,
    0x3E, 0x3E, 0x48, 0xFF, 0x40, 0x40, 0x4C, 0xFF, 0x42, 0x42, 0x4D, 0xFF, 0x34, 0x34, 0x3D, 0xFF,
    0x39, 0x39, 0x42, 0xFF, 0x3D, 0x3C, 0x47, 0xFF, 0x43, 0x42, 0x4C, 0xFF, 0x4A, 0x4A, 0x53, 0xFF,
    0x36, 0x36, 0x3D, 0xFF, 0x0D, 0x0D, 0x0C, 0xFF, 0xAE, 0x89, 0x26, 0xFF, 0xFB, 0xCB, 0x32, 0xFF,
    0x86, 0x6E, 0x43, 0xFF, 0x2F, 0x55, 0x9D, 0xFF, 0x46, 0x74, 0xB5, 0xFF, 0x42, 0x70, 0xB4, 0xFF,
    0x1B, 0x2A, 0x43, 0xFF, 0x41, 0x2B, 0x1F, 0xFF, 0x19, 0x13, 0x11, 0xFF, 0x5F, 0x49, 0x3C, 0xFF,
    0xCE, 0x9B, 0x7E, 0xFF, 0xE3, 0xAE, 0x8C, 0xFF, 0xD7, 0x97, 0x78, 0xFF, 0xDB, 0x99, 0x77, 0xFF,
    0xF5, 0xBD, 0x97, 0xFF, 0xD7, 0xA6, 0x87, 0xFF, 0xD2, 0x9B, 0x7D, 0xFF, 0xEC, 0xAD, 0x89, 0xFF,
    0x62, 0x42, 0x35, 0xFF, 0x08, 0x06, 0x05, 0xFF, 0x28, 0x1D, 0x1C, 0xFF, 0x56, 0x44, 0x1A, 0xFF,
    0xC3, 0x8E, 0x30, 0xFF, 0xB1, 0x76, 0x24, 0xFF, 0x7E, 0x5D, 0x3A, 0xFF, 0x66, 0x52, 0x47, 0xFF,
    0xCA, 0x8C, 0x26, 0xFF, 0x8B, 0x60, 0x21, 0xFF, 0x0B, 0x0A, 0x0A, 0xFF, 0x33, 0x33, 0x3A, 0xFF,
    0x42, 0x42, 0x4C, 0xFF, 0x3F, 0x3F, 0x49, 0xFF, 0x40, 0x40, 0x4A, 0xFF, 0x40, 0x40, 0x4A, 0xFF,
    0x39, 0x39, 0x42, 0xFF, 0x34, 0x33, 0x3C, 0xFF, 0x3D, 0x3E, 0x47, 0xFF, 0x3B, 0x3B, 0x44, 0xFF,
    0x3D, 0x3C, 0x47, 0xFF, 0x34, 0x34, 0x3D, 0xFF, 0x32, 0x32, 0x3A, 0xFF, 0x36, 0x37, 0x3F, 0xFF,
    0x3E, 0x3F, 0x48, 0xFF, 0x3F, 0x3F, 0x49, 0xFF, 0x13, 0x12, 0x17, 0xFF, 0x04, 0x04, 0x03, 0xFF,
    0x01, 0x01, 0x01, 0xFF, 0x24, 0x24, 0x2A, 0xFF, 0x46, 0x45, 0x51, 0xFF, 0x37, 0x37, 0x40, 0xFF,
    0x35, 0x35, 0x3E, 0xFF, 0x40, 0x40, 0x4B, 0xFF, 0x3E, 0x3E, 0x49, 0xFF, 0x3E, 0x3D, 0x48, 0xFF,
    0x3E, 0x3E, 0x48, 0xFF, 0x3F, 0x3F, 0x4A, 0xFF, 0x40, 0x41, 0x4C, 0xFF, 0x2F, 0x2F, 0x38, 0xFF,
    0x33, 0x32, 0x3B, 0xFF, 0x44, 0x44, 0x4F, 0xFF, 0x44, 0x43, 0x4D, 0xFF, 0x42, 0x42, 0x4B, 0xFF,
    0x4E, 0x4D, 0x55, 0xFF, 0x16, 0x18, 0x23, 0xFF, 0xAF, 0x8A, 0x24, 0xFF, 0xFC, 0xCC, 0x34, 0xFF,
    0xBF, 0x99, 0x35, 0xFF, 0x49, 0x57, 0x75, 0xFF, 0x3E, 0x6A, 0xB0, 0xFF, 0x48, 0x79, 0xC1, 0xFF,
    0x19, 0x28, 0x40, 0xFF, 0x40, 0x28, 0x1A, 0xFF, 0x2F, 0x24, 0x20, 0xFF, 0x07, 0x06, 0x05, 0xFF,
    0xCB, 0x9D, 0x80, 0xFF, 0xF4, 0xB1, 0x8D, 0xFF, 0xD2, 0x96, 0x7C, 0xFF, 0xDF, 0xAF, 0x97, 0xFF,
    0xD8, 0x9F, 0x86, 0xFF, 0xDF, 0x9D, 0x7C, 0xFF, 0xFF, 0xC7, 0xA1, 0xFF, 0xB7, 0x87, 0x6E, 0xFF,
    0x08, 0x06, 0x06, 0xFF, 0x16, 0x10, 0x0C, 0xFF, 0x26, 0x1C, 0x1B, 0xFF, 0x37, 0x26, 0x12, 0xFF,
    0xB6, 0x7C, 0x2B, 0xFF, 0xA8, 0x75, 0x2A, 0xFF, 0x70, 0x56, 0x41, 0xFF, 0x91, 0x69, 0x32, 0xFF,
    0xC7, 0x8A, 0x29, 0xFF, 0x8A, 0x5F, 0x1C, 0xFF, 0x16, 0x18, 0x22, 0xFF, 0x47, 0x47, 0x51, 0xFF,
    0x3C, 0x3C, 0x46, 0xFF, 0x3D, 0x3D, 0x47, 0xFF, 0x40, 0x40, 0x4A, 0xFF, 0x3C, 0x3C, 0x46, 0xFF,
    0x40, 0x40, 0x4A, 0xFF, 0x36, 0x36, 0x3D, 0xFF, 0x39, 0x3A, 0x43, 0xFF, 0x38, 0x38, 0x41, 0xFF,
    0x38, 0x38, 0x41, 0xFF, 0x3E, 0x3E, 0x48, 0xFF, 0x38, 0x38, 0x41, 0xFF, 0x38, 0x38, 0x41, 0xFF,
    0x36, 0x35, 0x3E, 0xFF, 0x3C, 0x3B, 0x45, 0xFF, 0x13, 0x13, 0x17, 0xFF, 0x04, 0x04, 0x03, 0xFF,
    0x01, 0x01, 0x00, 0xFF, 0x24, 0x24, 0x2B, 0xFF, 0x47, 0x47, 0x53, 0xFF, 0x37, 0x37, 0x40, 0xFF,
    0x34, 0x34, 0x3D, 0xFF, 0x41, 0x41, 0x4C, 0xFF, 0x40, 0x3F, 0x4B, 0xFF, 0x3F, 0x3E, 0x49, 0xFF,
    0x3F, 0x3E, 0x49, 0xFF, 0x3D, 0x3D, 0x47, 0xFF, 0x45, 0x44, 0x4F, 0xFF, 0x42, 0x41, 0x4B, 0xFF,
    0x32, 0x32, 0x3B, 0xFF, 0x37, 0x37, 0x40, 0xFF, 0x48, 0x47, 0x52, 0xFF, 0x45, 0x45, 0x50, 0xFF,
    0x47, 0x46, 0x51, 0xFF, 0x1E, 0x1E, 0x28, 0xFF, 0x43, 0x36, 0x12, 0xFF, 0xE6, 0xB7, 0x33, 0xFF,
    0xF9, 0xC4, 0x2B, 0xFF, 0x74, 0x63, 0x4C, 0xFF, 0x39, 0x62, 0xA9, 0xFF, 0x48, 0x78, 0xBE, 0xFF,
    0x1A, 0x2A, 0x43, 0xFF, 0x41, 0x2B, 0x1F, 0xFF, 0x3B, 0x2B, 0x26, 0xFF, 0x1B, 0x14, 0x11, 0xFF,
    0x52, 0x40, 0x35, 0xFF, 0xDF, 0xA5, 0x83, 0xFF, 0xDE, 0x9E, 0x86, 0xFF, 0xD6, 0x94, 0x86, 0xFF,
    0xDC, 0x9A, 0x86, 0xFF, 0xF2, 0xB3, 0x90, 0xFF, 0xD6, 0x99, 0x7A, 0xFF, 0x3F, 0x28, 0x21, 0xFF,
    0x0F, 0x0C, 0x0A, 0xFF, 0x2E, 0x21, 0x1D, 0xFF, 0x1F, 0x16, 0x11, 0xFF, 0x8D, 0x60, 0x24, 0xFF,
    0xB5, 0x7B, 0x28, 0xFF, 0x94, 0x69, 0x33, 0xFF, 0x63, 0x51, 0x4A, 0xFF, 0xBF, 0x84, 0x25, 0xFF,
    0xB1, 0x7B, 0x2B, 0xFF, 0x35, 0x25, 0x0E, 0xFF, 0x1E, 0x1F, 0x26, 0xFF, 0x45, 0x45, 0x4F, 0xFF,
    0x3F, 0x3F, 0x49, 0xFF, 0x3C, 0x3B, 0x45, 0xFF, 0x3E, 0x3D, 0x48, 0xFF, 0x3A, 0x3A, 0x43, 0xFF,
    0x34, 0x34, 0x3D, 0xFF, 0x3F, 0x3E, 0x48, 0xFF, 0x3D, 0x3C, 0x46, 0xFF, 0x37, 0x37, 0x3F, 0xFF,
    0x39, 0x38, 0x41, 0xFF, 0x38, 0x38, 0x41, 0xFF, 0x36, 0x36, 0x3F, 0xFF, 0x34, 0x33, 0x3C, 0xFF,
    0x3A, 0x39, 0x43, 0xFF, 0x3E, 0x3D, 0x48, 0xFF, 0x13, 0x12, 0x17, 0xFF, 0x04, 0x04, 0x03, 0xFF,
    0x01, 0x01, 0x00, 0xFF, 0x24, 0x24, 0x2A, 0xFF, 0x47, 0x48, 0x54, 0xFF, 0x39, 0x39, 0x43, 0xFF,
    0x2D, 0x2C, 0x35, 0xFF, 0x34, 0x33, 0x3D, 0xFF, 0x33, 0x33, 0x3C, 0xFF, 0x33, 0x33, 0x3C, 0xFF,
    0x33, 0x33, 0x3C, 0xFF, 0x31, 0x31, 0x3A, 0xFF, 0x3C, 0x3B, 0x45, 0xFF, 0x4C, 0x4B, 0x56, 0xFF,
    0x36, 0x35, 0x3E, 0xFF, 0x36, 0x36, 0x3F, 0xFF, 0x42, 0x42, 0x4D, 0xFF, 0x44, 0x43, 0x4E, 0xFF,
    0x47, 0x47, 0x51, 0xFF, 0x3E, 0x3E, 0x48, 0xFF, 0x07, 0x06, 0x07, 0xFF, 0xB3, 0x8D, 0x26, 0xFF,
    0xF0, 0xBE, 0x33, 0xFF, 0xD5, 0xA9, 0x36, 0xFF, 0x43, 0x4E, 0x73, 0xFF, 0x41, 0x71, 0xB8, 0xFF,
    0x3B, 0x64, 0xA0, 0xFF, 0x17, 0x16, 0x19, 0xFF, 0x42, 0x2D, 0x24, 0xFF, 0x31, 0x24, 0x20, 0xFF,
    0x10, 0x0A, 0x0A, 0xFF, 0x4E, 0x3F, 0x35, 0xFF, 0xEC, 0xB3, 0x91, 0xFF, 0xFF, 0xB8, 0x91, 0xFF,
    0xE8, 0xA8, 0x86, 0xFF, 0xAD, 0x81, 0x68, 0xFF, 0x65, 0x42, 0x37, 0xFF, 0x7B, 0x54, 0x43, 0xFF,
    0x17, 0x10, 0x0D, 0xFF, 0x39, 0x28, 0x23, 0xFF, 0x3A, 0x28, 0x12, 0xFF, 0xAE, 0x77, 0x2A, 0xFF,
    0xB1, 0x7A, 0x28, 0xFF, 0x5D, 0x4C, 0x48, 0xFF, 0xA2, 0x73, 0x30, 0xFF, 0xBD, 0x83, 0x29, 0xFF,
    0x8A, 0x5F, 0x1F, 0xFF, 0x04, 0x03, 0x04, 0xFF, 0x3A, 0x3A, 0x44, 0xFF, 0x43, 0x43, 0x4E, 0xFF,
    0x40, 0x3F, 0x4A, 0xFF, 0x3E, 0x3C, 0x47, 0xFF, 0x3D, 0x3D, 0x47, 0xFF, 0x3C, 0x3C, 0x45, 0xFF,
    0x32, 0x32, 0x3A, 0xFF, 0x40, 0x3F, 0x49, 0xFF, 0x41, 0x40, 0x4A, 0xFF, 0x33, 0x33, 0x3B, 0xFF,
    0x33, 0x32, 0x3B, 0xFF, 0x3B, 0x3B, 0x45, 0xFF, 0x3B, 0x3B, 0x44, 0xFF, 0x34, 0x33, 0x3C, 0xFF,
    0x38, 0x37, 0x40, 0xFF, 0x3B, 0x3A, 0x44, 0xFF, 0x13, 0x13, 0x17, 0xFF, 0x04, 0x04, 0x03, 0xFF,
    0x01, 0x01, 0x00, 0xFF, 0x25, 0x25, 0x2B, 0xFF, 0x46, 0x47, 0x53, 0xFF, 0x33, 0x33, 0x3C, 0xFF,
    0x36, 0x35, 0x3F, 0xFF, 0x40, 0x40, 0x4A, 0xFF, 0x41, 0x40, 0x4A, 0xFF, 0x40, 0x40, 0x4A, 0xFF,
    0x3D, 0x3D, 0x47, 0xFF, 0x3B, 0x3A, 0x44, 0xFF, 0x3B, 0x3A, 0x44, 0xFF, 0x43, 0x43, 0x4E, 0xFF,
    0x49, 0x48, 0x53, 0xFF, 0x32, 0x33, 0x3C, 0xFF, 0x30, 0x30, 0x39, 0xFF, 0x42, 0x41, 0x4B, 0xFF,
    0x46, 0x46, 0x4F, 0xFF, 0x0E, 0x0E, 0x0F, 0xFF, 0x2D, 0x32, 0x36, 0xFF, 0x3F, 0x33, 0x15, 0xFF,
    0xFA, 0xC6, 0x34, 0xFF, 0xEB, 0xB8, 0x2D, 0xFF, 0x79, 0x69, 0x4C, 0xFF, 0x35, 0x5C, 0xA2, 0xFF,
    0x48, 0x7A, 0xBF, 0xFF, 0x1B, 0x2F, 0x4E, 0xFF, 0x0E, 0x04, 0x00, 0xFF, 0x2A, 0x1D, 0x16, 0xFF,
    0x32, 0x24, 0x1F, 0xFF, 0x0F, 0x0A, 0x09, 0xFF, 0x3F, 0x30, 0x28, 0xFF, 0x8A, 0x70, 0x5C, 0xFF,
    0x6A, 0x4B, 0x40, 0xFF, 0x4F, 0x34, 0x2B, 0xFF, 0xBE, 0x86, 0x6B, 0xFF, 0xC5, 0x96, 0x7B, 0xFF,
    0x11, 0x0C, 0x0E, 0xFF, 0x18, 0x12, 0x11, 0xFF, 0x90, 0x63, 0x23, 0xFF, 0xBE, 0x81, 0x26, 0xFF,
    0x8B, 0x65, 0x34, 0xFF, 0x68, 0x51, 0x41, 0xFF, 0xB0, 0x7A, 0x28, 0xFF, 0xC2, 0x86, 0x28, 0xFF,
    0x33, 0x26, 0x11, 0xFF, 0x2F, 0x34, 0x38, 0xFF, 0x0C, 0x0A, 0x0C, 0xFF, 0x40, 0x3F, 0x4A, 0xFF,
    0x43, 0x42, 0x4D, 0xFF, 0x3A, 0x39, 0x43, 0xFF, 0x42, 0x41, 0x4C, 0xFF, 0x40, 0x40, 0x4A, 0xFF,
    0x30, 0x30, 0x39, 0xFF, 0x36, 0x35, 0x3E, 0xFF, 0x43, 0x42, 0x4C, 0xFF, 0x3C, 0x3D, 0x45, 0xFF,
    0x34, 0x34, 0x3C, 0xFF, 0x33, 0x33, 0x3B, 0xFF, 0x3D, 0x3C, 0x47, 0xFF, 0x3A, 0x39, 0x43, 0xFF,
    0x39, 0x39, 0x42, 0xFF, 0x34, 0x34, 0x3B, 0xFF, 0x12, 0x12, 0x16, 0xFF, 0x04, 0x04, 0x03, 0xFF,
    0x01, 0x01, 0x00, 0xFF, 0x25, 0x25, 0x2B, 0xFF, 0x3B, 0x3B, 0x45, 0xFF, 0x37, 0x37, 0x40, 0xFF,
    0x42, 0x42, 0x4C, 0xFF, 0x3C, 0x3C, 0x46, 0xFF, 0x3B, 0x3B, 0x45, 0xFF, 0x3B, 0x3B, 0x45, 0xFF,
    0x3B, 0x3A, 0x44, 0xFF, 0x3C, 0x3C, 0x46, 0xFF, 0x40, 0x41, 0x4B, 0xFF, 0x41, 0x42, 0x4D, 0xFF,
    0x43, 0x44, 0x4F, 0xFF, 0x45, 0x45, 0x51, 0xFF, 0x3E, 0x3E, 0x49, 0xFF, 0x3E, 0x3E, 0x48, 0xFF,
    0x0D, 0x0D, 0x0F, 0xFF, 0x41, 0x46, 0x48, 0xFF, 0xC2, 0xD2, 0xDC, 0xFF, 0x6D, 0x74, 0x73, 0xFF,
    0x92, 0x71, 0x1B, 0xFF, 0xF4, 0xC2, 0x34, 0xFF, 0xEA, 0xB9, 0x2C, 0xFF, 0x79, 0x6B, 0x53, 0xFF,
    0x38, 0x5F, 0xA5, 0xFF, 0x46, 0x72, 0xB2, 0xFF, 0x2C, 0x4A, 0x78, 0xFF, 0x1A, 0x24, 0x35, 0xFF,
    0x11, 0x0C, 0x0A, 0xFF, 0x0B, 0x08, 0x08, 0xFF, 0x3F, 0x2B, 0x25, 0xFF, 0x7B, 0x50, 0x40, 0xFF,
    0x8F, 0x5E, 0x48, 0xFF, 0xEA, 0xA7, 0x84, 0xFF, 0xF4, 0xB9, 0x97, 0xFF, 0xDD, 0xA6, 0x7B, 0xFF,
    0x49, 0x32, 0x16, 0xFF, 0x47, 0x32, 0x18, 0xFF, 0xB6, 0x7D, 0x24, 0xFF, 0x95, 0x6C, 0x35, 0xFF,
    0x6C, 0x55, 0x44, 0xFF, 0xAE, 0x79, 0x28, 0xFF, 0xBB, 0x82, 0x2C, 0xFF, 0x6C, 0x49, 0x14, 0xFF,
    0x6D, 0x72, 0x74, 0xFF, 0xC2, 0xD3, 0xDD, 0xFF, 0x40, 0x45, 0x48, 0xFF, 0x0C, 0x0B, 0x0D, 0xFF,
    0x3F, 0x3F, 0x48, 0xFF, 0x3F, 0x3F, 0x49, 0xFF, 0x41, 0x41, 0x4B, 0xFF, 0x34, 0x34, 0x3D, 0xFF,
    0x25, 0x24, 0x2C, 0xFF, 0x31, 0x31, 0x39, 0xFF, 0x3A, 0x3A, 0x42, 0xFF, 0x38, 0x38, 0x41, 0xFF,
    0x38, 0x38, 0x42, 0xFF, 0x34, 0x34, 0x3D, 0xFF, 0x32, 0x32, 0x3A, 0xFF, 0x3B, 0x3B, 0x44, 0xFF,
    0x38, 0x38, 0x41, 0xFF, 0x37, 0x37, 0x40, 0xFF, 0x13, 0x13, 0x17, 0xFF, 0x04, 0x04, 0x03, 0xFF,
    0x01, 0x01, 0x00, 0xFF, 0x25, 0x25, 0x2B, 0xFF, 0x3A, 0x3A, 0x44, 0xFF, 0x3F, 0x3F, 0x49, 0xFF,
    0x40, 0x40, 0x4A, 0xFF, 0x3C, 0x3C, 0x46, 0xFF, 0x3C, 0x3C, 0x46, 0xFF, 0x3C, 0x3C, 0x46, 0xFF,
    0x3C, 0x3C, 0x46, 0xFF, 0x3F, 0x3F, 0x4A, 0xFF, 0x3E, 0x3E, 0x48, 0xFF, 0x3E, 0x3F, 0x49, 0xFF,
    0x3C, 0x3C, 0x47, 0xFF, 0x43, 0x44, 0x4F, 0xFF, 0x44, 0x45, 0x50, 0xFF, 0x04, 0x03, 0x05, 0xFF,
    0x3D, 0x43, 0x45, 0xFF, 0xC3, 0xD2, 0xD9, 0xFF, 0xD0, 0xDF, 0xE7, 0xFF, 0x9C, 0xAC, 0xB5, 0xFF,
    0x0A, 0x09, 0x09, 0xFF, 0xB6, 0x91, 0x2B, 0xFF, 0xFE, 0xCD, 0x33, 0xFF, 0xB0, 0x8D, 0x39, 0xFF,
    0x2C, 0x30, 0x5D, 0xFF, 0x40, 0x64, 0xA0, 0xFF, 0x4A, 0x7E, 0xC8, 0xFF, 0x3D, 0x69, 0xA7, 0xFF,
    0x35, 0x5D, 0x96, 0xFF, 0x37, 0x5F, 0x99, 0xFF, 0x4F, 0x6F, 0xA8, 0xFF, 0x74, 0x85, 0xAC, 0xFF,
    0xDA, 0xA6, 0x42, 0xFF, 0xC9, 0x94, 0x35, 0xFF, 0xB5, 0x7E, 0x38, 0xFF, 0xBD, 0x84, 0x34, 0xFF,
    0xAA, 0x76, 0x28, 0xFF, 0xB3, 0x7B, 0x24, 0xFF, 0x9A, 0x6E, 0x31, 0xFF, 0x36, 0x35, 0x56, 0xFF,
    0x89, 0x65, 0x39, 0xFF, 0xC8, 0x8A, 0x28, 0xFF, 0x8D, 0x62, 0x21, 0xFF, 0x08, 0x08, 0x08, 0xFF,
    0xA0, 0xAE, 0xB6, 0xFF, 0xCF, 0xDE, 0xE7, 0xFF, 0xC3, 0xD1, 0xDA, 0xFF, 0x3F, 0x44, 0x46, 0xFF,
    0x02, 0x01, 0x02, 0xFF, 0x43, 0x43, 0x4D, 0xFF, 0x44, 0x43, 0x4E, 0xFF, 0x35, 0x34, 0x3D, 0xFF,
    0x2D, 0x2D, 0x34, 0xFF, 0x2F, 0x2F, 0x37, 0xFF, 0x34, 0x34, 0x3C, 0xFF, 0x35, 0x35, 0x3D, 0xFF,
    0x3B, 0x3A, 0x44, 0xFF, 0x38, 0x38, 0x41, 0xFF, 0x35, 0x35, 0x3D, 0xFF, 0x35, 0x35, 0x3E, 0xFF,
    0x36, 0x36, 0x3E, 0xFF, 0x34, 0x34, 0x3C, 0xFF, 0x12, 0x12, 0x17, 0xFF, 0x04, 0x04, 0x03, 0xFF,
    0x01, 0x01, 0x00, 0xFF, 0x24, 0x24, 0x2B, 0xFF, 0x47, 0x47, 0x52, 0xFF, 0x3D, 0x3D, 0x47, 0xFF,
    0x3B, 0x3B, 0x45, 0xFF, 0x3C, 0x3B, 0x46, 0xFF, 0x3F, 0x3E, 0x49, 0xFF, 0x3F, 0x3E, 0x49, 0xFF,
    0x41, 0x41, 0x4C, 0xFF, 0x3E, 0x3F, 0x49, 0xFF, 0x3C, 0x3C, 0x45, 0xFF, 0x3D, 0x3D, 0x48, 0xFF,
    0x42, 0x42, 0x4D, 0xFF, 0x3F, 0x3F, 0x49, 0xFF, 0x08, 0x07, 0x0A, 0xFF, 0x40, 0x45, 0x47, 0xFF,
    0xC2, 0xD2, 0xDA, 0xFF, 0xC3, 0xD2, 0xDB, 0xFF, 0xC3, 0xD1, 0xD9, 0xFF, 0xA8, 0xB8, 0xC3, 0xFF,
    0x50, 0x5D, 0x6F, 0xFF, 0x69, 0x57, 0x24, 0xFF, 0xEA, 0xBA, 0x34, 0xFF, 0xEC, 0xB9, 0x2D, 0xFF,
    0x9B, 0x7E, 0x40, 0xFF, 0x32, 0x39, 0x64, 0xFF, 0x3C, 0x5B, 0x96, 0xFF, 0x42, 0x69, 0xAC, 0xFF,
    0x43, 0x6A, 0xAE, 0xFF, 0x42, 0x69, 0xAC, 0xFF, 0x3A, 0x64, 0xAA, 0xFF, 0x40, 0x64, 0x9F, 0xFF,
    0xA8, 0x7A, 0x2F, 0xFF, 0xB1, 0x79, 0x22, 0xFF, 0xAE, 0x77, 0x24, 0xFF, 0xAB, 0x76, 0x25, 0xFF,
    0xB7, 0x7E, 0x25, 0xFF, 0x9B, 0x6F, 0x33, 0xFF, 0x3A, 0x39, 0x57, 0xFF, 0x77, 0x59, 0x3D, 0xFF,
    0xB7, 0x7E, 0x27, 0xFF, 0xB9, 0x80, 0x29, 0xFF, 0x56, 0x3D, 0x18, 0xFF, 0x52, 0x60, 0x70, 0xFF,
    0xA8, 0xB7, 0xC3, 0xFF, 0xC3, 0xD1, 0xD8, 0xFF, 0xC3, 0xD3, 0xDB, 0xFF, 0xC2, 0xD2, 0xDA, 0xFF,
    0x3F, 0x44, 0x46, 0xFF, 0x0A, 0x09, 0x0C, 0xFF, 0x3D, 0x3C, 0x46, 0xFF, 0x3A, 0x39, 0x42, 0xFF,
    0x37, 0x37, 0x3E, 0xFF, 0x31, 0x31, 0x39, 0xFF, 0x2F, 0x2E, 0x36, 0xFF, 0x32, 0x32, 0x3A, 0xFF,
    0x31, 0x31, 0x39, 0xFF, 0x30, 0x30, 0x39, 0xFF, 0x2F, 0x2F, 0x37, 0xFF, 0x2E, 0x2E, 0x36, 0xFF,
    0x2F, 0x2F, 0x37, 0xFF, 0x33, 0x33, 0x3B, 0xFF, 0x13, 0x12, 0x17, 0xFF, 0x04, 0x04, 0x03, 0xFF,
    0x01, 0x02, 0x01, 0xFF, 0x22, 0x22, 0x28, 0xFF, 0x3C, 0x3C, 0x46, 0xFF, 0x3F, 0x3F, 0x4A, 0xFF,
    0x3C, 0x3B, 0x45, 0xFF, 0x3D, 0x3C, 0x47, 0xFF, 0x40, 0x3F, 0x4B, 0xFF, 0x3C, 0x3C, 0x46, 0xFF,
    0x41, 0x41, 0x4C, 0xFF, 0x3F, 0x3F, 0x49, 0xFF, 0x3F, 0x40, 0x4A, 0xFF, 0x42, 0x43, 0x4E, 0xFF,
    0x41, 0x42, 0x4D, 0xFF, 0x0F, 0x0F, 0x11, 0xFF, 0x3E, 0x43, 0x46, 0xFF, 0xC6, 0xD4, 0xDD, 0xFF,
    0xC6, 0xD4, 0xDC, 0xFF, 0xC3, 0xD2, 0xDA, 0xFF, 0xA3, 0xB2, 0xBF, 0xFF, 0x7D, 0x8B, 0x9C, 0xFF,
    0x8A, 0x9A, 0xAB, 0xFF, 0x53, 0x60, 0x74, 0xFF, 0x6B, 0x57, 0x21, 0xFF, 0xE9, 0xB5, 0x31, 0xFF,
    0xEC, 0xB9, 0x2F, 0xFF, 0x94, 0x77, 0x3D, 0xFF, 0x30, 0x31, 0x5A, 0xFF, 0x35, 0x4A, 0x88, 0xFF,
    0x3A, 0x53, 0x90, 0xFF, 0x3A, 0x51, 0x8B, 0xFF, 0x38, 0x52, 0x91, 0xFF, 0x43, 0x55, 0x88, 0xFF,
    0xA8, 0x76, 0x2F, 0xFF, 0xB2, 0x7A, 0x27, 0xFF, 0xAE, 0x78, 0x2A, 0xFF, 0xBA, 0x7F, 0x25, 0xFF,
    0x95, 0x6A, 0x30, 0xFF, 0x37, 0x36, 0x55, 0xFF, 0x7C, 0x5E, 0x3F, 0xFF, 0xBD, 0x82, 0x25, 0xFF,
    0xB7, 0x7F, 0x2A, 0xFF, 0x56, 0x3E, 0x1A, 0xFF, 0x54, 0x61, 0x73, 0xFF, 0x8A, 0x99, 0xAA, 0xFF,
    0x7C, 0x8A, 0x9B, 0xFF, 0xA1, 0xB0, 0xBE, 0xFF, 0xC3, 0xD2, 0xDA, 0xFF, 0xC6, 0xD4, 0xDC, 0xFF,
    0xC6, 0xD4, 0xDD, 0xFF, 0x3E, 0x43, 0x46, 0xFF, 0x0E, 0x0E, 0x10, 0xFF, 0x3A, 0x39, 0x41, 0xFF,
    0x39, 0x38, 0x40, 0xFF, 0x35, 0x34, 0x3D, 0xFF, 0x2D, 0x2C, 0x35, 0xFF, 0x2B, 0x2B, 0x33, 0xFF,
    0x29, 0x28, 0x30, 0xFF, 0x33, 0x33, 0x3B, 0xFF, 0x32, 0x31, 0x39, 0xFF, 0x2F, 0x2E, 0x36, 0xFF,
    0x2F, 0x2E, 0x36, 0xFF, 0x34, 0x34, 0x3C, 0xFF, 0x13, 0x12, 0x16, 0xFF, 0x04, 0x04, 0x03, 0xFF,
    0x01, 0x01, 0x00, 0xFF, 0x25, 0x25, 0x2B, 0xFF, 0x39, 0x39, 0x42, 0xFF, 0x3D, 0x3D, 0x47, 0xFF,
    0x3C, 0x3B, 0x46, 0xFF, 0x3C, 0x3C, 0x46, 0xFF, 0x3C, 0x3C, 0x46, 0xFF, 0x3E, 0x3E, 0x48, 0xFF,
    0x40, 0x41, 0x4B, 0xFF, 0x40, 0x41, 0x4B, 0xFF, 0x3F, 0x3F, 0x49, 0xFF, 0x44, 0x44, 0x4F, 0xFF,
    0x28, 0x27, 0x2F, 0xFF, 0x2D, 0x31, 0x33, 0xFF, 0xC2, 0xD2, 0xDB, 0xFF, 0xC5, 0xD2, 0xDB, 0xFF,
    0xC4, 0xD2, 0xDA, 0xFF, 0xA3, 0xB2, 0xBE, 0xFF, 0x7A, 0x8A, 0x9B, 0xFF, 0x82, 0x90, 0xA1, 0xFF,
    0x83, 0x92, 0xA2, 0xFF, 0x37, 0x3D, 0x43, 0xFF, 0x06, 0x07, 0x09, 0xFF, 0x6B, 0x53, 0x1B, 0xFF,
    0xE6, 0xB2, 0x32, 0xFF, 0xDA, 0xA8, 0x2C, 0xFF, 0xC1, 0x96, 0x32, 0xFF, 0x77, 0x65, 0x4D, 0xFF,
    0x30, 0x48, 0x8A, 0xFF, 0x3F, 0x5A, 0x95, 0xFF, 0x3A, 0x55, 0x94, 0xFF, 0x42, 0x56, 0x89, 0xFF,
    0xA8, 0x77, 0x30, 0xFF, 0xB6, 0x7C, 0x25, 0xFF, 0xBD, 0x81, 0x23, 0xFF, 0x93, 0x6A, 0x35, 0xFF,
    0x3A, 0x38, 0x57, 0xFF, 0x76, 0x59, 0x3D, 0xFF, 0xBB, 0x80, 0x23, 0xFF, 0xBD, 0x84, 0x2B, 0xFF,
    0x58, 0x3D, 0x15, 0xFF, 0x06, 0x08, 0x0A, 0xFF, 0x37, 0x3D, 0x43, 0xFF, 0x81, 0x8F, 0xA0, 0xFF,
    0x81, 0x8F, 0xA0, 0xFF, 0x7B, 0x8A, 0x9B, 0xFF, 0xA5, 0xB4, 0xC0, 0xFF, 0xC7, 0xD4, 0xDB, 0xFF,
    0xC2, 0xD2, 0xDA, 0xFF, 0xC3, 0xD3, 0xDC, 0xFF, 0x2F, 0x33, 0x34, 0xFF, 0x1F, 0x1E, 0x23, 0xFF,
    0x3B, 0x3A, 0x43, 0xFF, 0x34, 0x33, 0x3C, 0xFF, 0x35, 0x35, 0x3D, 0xFF, 0x3E, 0x3E, 0x48, 0xFF,
    0x38, 0x38, 0x41, 0xFF, 0x37, 0x37, 0x3F, 0xFF, 0x38, 0x37, 0x40, 0xFF, 0x35, 0x34, 0x3D, 0xFF,
    0x38, 0x37, 0x40, 0xFF, 0x34, 0x33, 0x3C, 0xFF, 0x12, 0x12, 0x16, 0xFF, 0x04, 0x04, 0x03, 0xFF,
    0x01, 0x01, 0x01, 0xFF, 0x24, 0x23, 0x28, 0xFF, 0x39, 0x3A, 0x43, 0xFF, 0x40, 0x3F, 0x4A, 0xFF,
    0x3F, 0x3F, 0x4A, 0xFF, 0x3C, 0x3C, 0x46, 0xFF, 0x3C, 0x3C, 0x46, 0xFF, 0x3C, 0x3C, 0x46, 0xFF,
    0x3E, 0x3D, 0x48, 0xFF, 0x42, 0x42, 0x4C, 0xFF, 0x42, 0x42, 0x4C, 0xFF, 0x43, 0x43, 0x4F, 0xFF,
    0x0F, 0x10, 0x11, 0xFF, 0x6E, 0x76, 0x7A, 0xFF, 0xCC, 0xDB, 0xE5, 0xFF, 0xC3, 0xD1, 0xD9, 0xFF,
    0xA5, 0xB4, 0xBF, 0xFF, 0x7A, 0x8A, 0x9A, 0xFF, 0x80, 0x90, 0xA0, 0xFF, 0x83, 0x92, 0xA3, 0xFF,
    0x31, 0x37, 0x3D, 0xFF, 0x0A, 0x0A, 0x0A, 0xFF, 0x39, 0x38, 0x3F, 0xFF, 0x06, 0x07, 0x0B, 0xFF,
    0x65, 0x4E, 0x19, 0xFF, 0xE5, 0xB1, 0x33, 0xFF, 0xE2, 0xAF, 0x2D, 0xFF, 0xDE, 0xAB, 0x2D, 0xFF,
    0x75, 0x65, 0x4E, 0xFF, 0x28, 0x3E, 0x80, 0xFF, 0x33, 0x4C, 0x8D, 0xFF, 0x44, 0x58, 0x8C, 0xFF,
    0xB1, 0x7C, 0x2D, 0xFF, 0xA3, 0x73, 0x2C, 0xFF, 0x7B, 0x5D, 0x3A, 0xFF, 0x5B, 0x4A, 0x48, 0xFF,
    0x7B, 0x5D, 0x3F, 0xFF, 0xBC, 0x82, 0x24, 0xFF, 0xB8, 0x81, 0x2C, 0xFF, 0x52, 0x3A, 0x15, 0xFF,
    0x08, 0x09, 0x0C, 0xFF, 0x38, 0x38, 0x3F, 0xFF, 0x08, 0x08, 0x09, 0xFF, 0x30, 0x35, 0x3B, 0xFF,
    0x86, 0x94, 0xA5, 0xFF, 0x82, 0x8F, 0xA0, 0xFF, 0x7D, 0x8C, 0x9C, 0xFF, 0xA2, 0xB1, 0xBD, 0xFF,
    0xC1, 0xD0, 0xD8, 0xFF, 0xCF, 0xDF, 0xE7, 0xFF, 0x6E, 0x76, 0x7A, 0xFF, 0x0E, 0x0E, 0x10, 0xFF,
    0x3E, 0x3E, 0x47, 0xFF, 0x3A, 0x39, 0x42, 0xFF, 0x39, 0x39, 0x42, 0xFF, 0x37, 0x37, 0x3F, 0xFF,
    0x35, 0x34, 0x3C, 0xFF, 0x33, 0x32, 0x3B, 0xFF, 0x34, 0x34, 0x3C, 0xFF, 0x37, 0x37, 0x3F, 0xFF,
    0x3A, 0x39, 0x42, 0xFF, 0x33, 0x33, 0x3C, 0xFF, 0x12, 0x12, 0x16, 0xFF, 0x04, 0x04, 0x03, 0xFF,
    0x02, 0x02, 0x02, 0xFF, 0x1D, 0x1C, 0x21, 0xFF, 0x3A, 0x39, 0x43, 0xFF, 0x3F, 0x3F, 0x49, 0xFF,
    0x40, 0x40, 0x4A, 0xFF, 0x41, 0x41, 0x4A, 0xFF, 0x3D, 0x3D, 0x47, 0xFF, 0x3C, 0x3C, 0x46, 0xFF,
    0x41, 0x41, 0x4B, 0xFF, 0x42, 0x42, 0x4C, 0xFF, 0x46, 0x47, 0x51, 0xFF, 0x23, 0x23, 0x2A, 0xFF,
    0x1B, 0x1D, 0x1F, 0xFF, 0xC7, 0xD5, 0xDD, 0xFF, 0xC6, 0xD5, 0xDC, 0xFF, 0x9F, 0xAE, 0xBA, 0xFF,
    0x7E, 0x8C, 0x9C, 0xFF, 0x85, 0x93, 0xA3, 0xFF, 0x85, 0x92, 0xA4, 0xFF, 0x2E, 0x33, 0x39, 0xFF,
    0x08, 0x07, 0x09, 0xFF, 0x3E, 0x3F, 0x49, 0xFF, 0x47, 0x47, 0x53, 0xFF, 0x38, 0x37, 0x40, 0xFF,
    0x00, 0x00, 0x08, 0xFF, 0x68, 0x51, 0x19, 0xFF, 0xE6, 0xB2, 0x34, 0xFF, 0xE2, 0xAF, 0x2F, 0xFF,
    0xD3, 0xA3, 0x2D, 0xFF, 0x93, 0x75, 0x3A, 0xFF, 0x58, 0x55, 0x5F, 0xFF, 0x3D, 0x50, 0x87, 0xFF,
    0x9C, 0x72, 0x36, 0xFF, 0x71, 0x58, 0x42, 0xFF, 0x72, 0x58, 0x3F, 0xFF, 0xAE, 0x7A, 0x28, 0xFF,
    0xC1, 0x86, 0x26, 0xFF, 0xC1, 0x88, 0x2C, 0xFF, 0x53, 0x3A, 0x13, 0xFF, 0x00, 0x02, 0x09, 0xFF,
    0x39, 0x38, 0x41, 0xFF, 0x46, 0x46, 0x52, 0xFF, 0x3D, 0x3D, 0x47, 0xFF, 0x0A, 0x0A, 0x0B, 0xFF,
    0x2E, 0x33, 0x39, 0xFF, 0x86, 0x94, 0xA5, 0xFF, 0x83, 0x92, 0xA3, 0xFF, 0x79, 0x89, 0x9A, 0xFF,
    0xA2, 0xB2, 0xBD, 0xFF, 0xC8, 0xD7, 0xDD, 0xFF, 0xC4, 0xD5, 0xDD, 0xFF, 0x1C, 0x1E, 0x20, 0xFF,
    0x25, 0x24, 0x2B, 0xFF, 0x3F, 0x3E, 0x48, 0xFF, 0x35, 0x35, 0x3D, 0xFF, 0x34, 0x34, 0x3C, 0xFF,
    0x34, 0x33, 0x3C, 0xFF, 0x36, 0x36, 0x3F, 0xFF, 0x3A, 0x3A, 0x42, 0xFF, 0x39, 0x39, 0x41, 0xFF,
    0x3A, 0x39, 0x42, 0xFF, 0x34, 0x34, 0x3D, 0xFF, 0x12, 0x11, 0x16, 0xFF, 0x04, 0x04, 0x03, 0xFF,
    0x02, 0x02, 0x02, 0xFF, 0x1D, 0x1D, 0x22, 0xFF, 0x3C, 0x3B, 0x45, 0xFF, 0x39, 0x38, 0x42, 0xFF,
    0x3C, 0x3C, 0x46, 0xFF, 0x3D, 0x3C, 0x46, 0xFF, 0x40, 0x40, 0x4B, 0xFF, 0x44, 0x43, 0x4E, 0xFF,
    0x44, 0x44, 0x4E, 0xFF, 0x3E, 0x3E, 0x48, 0xFF, 0x45, 0x46, 0x51, 0xFF, 0x19, 0x19, 0x1C, 0xFF,
    0x7E, 0x88, 0x8D, 0xFF, 0xC7, 0xD6, 0xDF, 0xFF, 0xA2, 0xB0, 0xBB, 0xFF, 0x84, 0x92, 0xA3, 0xFF,
    0x81, 0x8F, 0xA0, 0xFF, 0x7E, 0x8A, 0x9A, 0xFF, 0x2F, 0x34, 0x3A, 0xFF, 0x05, 0x04, 0x05, 0xFF,
    0x3D, 0x3D, 0x47, 0xFF, 0x43, 0x44, 0x4F, 0xFF, 0x3F, 0x3F, 0x4A, 0xFF, 0x44, 0x44, 0x50, 0xFF,
    0x39, 0x39, 0x42, 0xFF, 0x0B, 0x0C, 0x0D, 0xFF, 0x31, 0x26, 0x0A, 0xFF, 0x8D, 0x6D, 0x22, 0xFF,
    0xE8, 0xB3, 0x32, 0xFF, 0xEE, 0xB7, 0x2C, 0xFF, 0xCA, 0x9C, 0x30, 0xFF, 0x56, 0x50, 0x55, 0xFF,
    0x5C, 0x4C, 0x48, 0xFF, 0xA7, 0x77, 0x2C, 0xFF, 0xC9, 0x8A, 0x23, 0xFF, 0xC0, 0x86, 0x2C, 0xFF,
    0x73, 0x50, 0x1D, 0xFF, 0x29, 0x1D, 0x08, 0xFF, 0x0B, 0x0B, 0x0E, 0xFF, 0x38, 0x37, 0x41, 0xFF,
    0x44, 0x43, 0x4E, 0xFF, 0x3F, 0x3F, 0x49, 0xFF, 0x44, 0x44, 0x50, 0xFF, 0x3D, 0x3E, 0x48, 0xFF,
    0x06, 0x05, 0x07, 0xFF, 0x30, 0x36, 0x3B, 0xFF, 0x7A, 0x87, 0x97, 0xFF, 0x82, 0x92, 0xA2, 0xFF,
    0x84, 0x94, 0xA4, 0xFF, 0x9E, 0xAD, 0xB9, 0xFF, 0xC8, 0xD8, 0xE0, 0xFF, 0x83, 0x8D, 0x91, 0xFF,
    0x15, 0x15, 0x17, 0xFF, 0x3D, 0x3C, 0x45, 0xFF, 0x37, 0x36, 0x3E, 0xFF, 0x35, 0x34, 0x3D, 0xFF,
    0x37, 0x36, 0x3F, 0xFF, 0x34, 0x34, 0x3B, 0xFF, 0x36, 0x36, 0x3D, 0xFF, 0x3B, 0x3A, 0x43, 0xFF,
    0x34, 0x33, 0x3B, 0xFF, 0x2D, 0x2C, 0x34, 0xFF, 0x1E, 0x1E, 0x24, 0xFF, 0x02, 0x02, 0x02, 0xFF,
    0x02, 0x02, 0x02, 0xFF, 0x1C, 0x1C, 0x21, 0xFF, 0x39, 0x39, 0x42, 0xFF, 0x39, 0x38, 0x42, 0xFF,
    0x3D, 0x3C, 0x47, 0xFF, 0x3B, 0x3A, 0x44, 0xFF, 0x3A, 0x39, 0x42, 0xFF, 0x3C, 0x3B, 0x44, 0xFF,
    0x3A, 0x3A, 0x43, 0xFF, 0x33, 0x33, 0x3C, 0xFF, 0x32, 0x32, 0x3B, 0xFF, 0x0A, 0x09, 0x0C, 0xFF,
    0xAC, 0xB7, 0xBD, 0xFF, 0xAC, 0xBD, 0xC9, 0xFF, 0x82, 0x93, 0xA5, 0xFF, 0x72, 0x7C, 0x8B, 0xFF,
    0x43, 0x49, 0x52, 0xFF, 0x0F, 0x10, 0x12, 0xFF, 0x14, 0x14, 0x17, 0xFF, 0x3D, 0x3D, 0x47, 0xFF,
    0x43, 0x44, 0x4F, 0xFF, 0x40, 0x40, 0x4B, 0xFF, 0x41, 0x41, 0x4C, 0xFF, 0x40, 0x40, 0x4A, 0xFF,
    0x45, 0x45, 0x50, 0xFF, 0x39, 0x39, 0x40, 0xFF, 0x06, 0x08, 0x10, 0xFF, 0x08, 0x07, 0x06, 0xFF,
    0x85, 0x66, 0x1D, 0xFF, 0xBE, 0x93, 0x2E, 0xFF, 0xEF, 0xB8, 0x31, 0xFF, 0xCF, 0x9E, 0x2F, 0xFF,
    0xAF, 0x7C, 0x2C, 0xFF, 0xC6, 0x8A, 0x2A, 0xFF, 0xA1, 0x71, 0x27, 0xFF, 0x6E, 0x4C, 0x18, 0xFF,
    0x07, 0x06, 0x05, 0xFF, 0x09, 0x0B, 0x12, 0xFF, 0x3A, 0x39, 0x41, 0xFF, 0x45, 0x44, 0x4F, 0xFF,
    0x40, 0x40, 0x4B, 0xFF, 0x41, 0x41, 0x4C, 0xFF, 0x40, 0x40, 0x4B, 0xFF, 0x43, 0x43, 0x4E, 0xFF,
    0x3A, 0x3A, 0x43, 0xFF, 0x13, 0x12, 0x16, 0xFF, 0x10, 0x11, 0x13, 0xFF, 0x46, 0x4E, 0x56, 0xFF,
    0x6E, 0x7A, 0x88, 0xFF, 0x82, 0x92, 0xA5, 0xFF, 0xB0, 0xBF, 0xCB, 0xFF, 0xAD, 0xB9, 0xBE, 0xFF,
    0x07, 0x06, 0x09, 0xFF, 0x35, 0x34, 0x3C, 0xFF, 0x39, 0x38, 0x40, 0xFF, 0x35, 0x34, 0x3C, 0xFF,
    0x38, 0x37, 0x3F, 0xFF, 0x35, 0x34, 0x3C, 0xFF, 0x37, 0x36, 0x3F, 0xFF, 0x38, 0x37, 0x40, 0xFF,
    0x27, 0x26, 0x2E, 0xFF, 0x29, 0x28, 0x31, 0xFF, 0x15, 0x15, 0x19, 0xFF, 0x03, 0x04, 0x03, 0xFF,
    0x01, 0x01, 0x01, 0xFF, 0x21, 0x21, 0x26, 0xFF, 0x35, 0x35, 0x3D, 0xFF, 0x2E, 0x2D, 0x35, 0xFF,
    0x31, 0x30, 0x3A, 0xFF, 0x2D, 0x2C, 0x35, 0xFF, 0x2E, 0x2D, 0x36, 0xFF, 0x30, 0x2F, 0x38, 0xFF,
    0x31, 0x31, 0x3A, 0xFF, 0x45, 0x44, 0x50, 0xFF, 0x1F, 0x1E, 0x25, 0xFF, 0x39, 0x3D, 0x40, 0xFF,
    0xA3, 0xB1, 0xBE, 0xFF, 0x70, 0x7D, 0x8B, 0xFF, 0x40, 0x49, 0x51, 0xFF, 0x0C, 0x0D, 0x0F, 0xFF,
    0x1A, 0x19, 0x1D, 0xFF, 0x2F, 0x2E, 0x36, 0xFF, 0x42, 0x42, 0x4D, 0xFF, 0x41, 0x41, 0x4C, 0xFF,
    0x40, 0x40, 0x4B, 0xFF, 0x41, 0x40, 0x4C, 0xFF, 0x41, 0x41, 0x4C, 0xFF, 0x41, 0x41, 0x4B, 0xFF,
    0x40, 0x3F, 0x4A, 0xFF, 0x40, 0x40, 0x4A, 0xFF, 0x46, 0x45, 0x4F, 0xFF, 0x30, 0x2F, 0x37, 0xFF,
    0x13, 0x15, 0x1E, 0xFF, 0x1B, 0x15, 0x06, 0xFF, 0x75, 0x5A, 0x1B, 0xFF, 0xCD, 0x9C, 0x30, 0xFF,
    0xB4, 0x7F, 0x27, 0xFF, 0x5F, 0x42, 0x17, 0xFF, 0x18, 0x10, 0x05, 0xFF, 0x12, 0x14, 0x1B, 0xFF,
    0x2B, 0x2B, 0x32, 0xFF, 0x44, 0x42, 0x4D, 0xFF, 0x41, 0x40, 0x4B, 0xFF, 0x41, 0x40, 0x4B, 0xFF,
    0x41, 0x41, 0x4C, 0xFF, 0x41, 0x41, 0x4B, 0xFF, 0x40, 0x3F, 0x4A, 0xFF, 0x3E, 0x3D, 0x48, 0xFF,
    0x3C, 0x3B, 0x45, 0xFF, 0x45, 0x45, 0x50, 0xFF, 0x30, 0x30, 0x38, 0xFF, 0x15, 0x14, 0x17, 0xFF,
    0x0B, 0x0C, 0x0D, 0xFF, 0x43, 0x4B, 0x53, 0xFF, 0x71, 0x7D, 0x8C, 0xFF, 0xA1, 0xB1, 0xBD, 0xFF,
    0x3A, 0x3E, 0x40, 0xFF, 0x19, 0x18, 0x1D, 0xFF, 0x3E, 0x3D, 0x46, 0xFF, 0x36, 0x35, 0x3D, 0xFF,
    0x36, 0x35, 0x3E, 0xFF, 0x3A, 0x39, 0x41, 0xFF, 0x38, 0x37, 0x40, 0xFF, 0x25, 0x24, 0x2C, 0xFF,
    0x2D, 0x2C, 0x34, 0xFF, 0x3A, 0x39, 0x42, 0xFF, 0x11, 0x11, 0x15, 0xFF, 0x04, 0x04, 0x03, 0xFF,
    0x01, 0x02, 0x01, 0xFF, 0x24, 0x24, 0x29, 0xFF, 0x2D, 0x2D, 0x36, 0xFF, 0x22, 0x21, 0x28, 0xFF,
    0x23, 0x22, 0x2A, 0xFF, 0x34, 0x33, 0x3C, 0xFF, 0x3F, 0x3F, 0x48, 0xFF, 0x47, 0x46, 0x50, 0xFF,
    0x44, 0x43, 0x4E, 0xFF, 0x4B, 0x4B, 0x55, 0xFF, 0x2B, 0x2A, 0x30, 0xFF, 0x33, 0x36, 0x38, 0xFF,
    0x38, 0x3D, 0x43, 0xFF, 0x1D, 0x1E, 0x21, 0xFF, 0x18, 0x16, 0x1A, 0xFF, 0x31, 0x31, 0x39, 0xFF,
    0x46, 0x45, 0x51, 0xFF, 0x46, 0x46, 0x50, 0xFF, 0x3D, 0x3D, 0x45, 0xFF, 0x44, 0x44, 0x4E, 0xFF,
    0x45, 0x45, 0x4F, 0xFF, 0x41, 0x41, 0x4C, 0xFF, 0x40, 0x40, 0x4B, 0xFF, 0x42, 0x42, 0x4D, 0xFF,
    0x46, 0x45, 0x50, 0xFF, 0x47, 0x46, 0x50, 0xFF, 0x46, 0x45, 0x50, 0xFF, 0x4B, 0x4B, 0x55, 0xFF,
    0x49, 0x48, 0x52, 0xFF, 0x32, 0x32, 0x3C, 0xFF, 0x08, 0x0C, 0x19, 0xFF, 0x32, 0x26, 0x10, 0xFF,
    0x31, 0x24, 0x12, 0xFF, 0x0D, 0x11, 0x1A, 0xFF, 0x2F, 0x2F, 0x36, 0xFF, 0x45, 0x44, 0x4C, 0xFF,
    0x44, 0x43, 0x4E, 0xFF, 0x3E, 0x3D, 0x48, 0xFF, 0x3E, 0x3E, 0x48, 0xFF, 0x3E, 0x3E, 0x48, 0xFF,
    0x3E, 0x3E, 0x48, 0xFF, 0x3E, 0x3D, 0x48, 0xFF, 0x41, 0x40, 0x4B, 0xFF, 0x44, 0x43, 0x4D, 0xFF,
    0x43, 0x43, 0x4D, 0xFF, 0x47, 0x46, 0x50, 0xFF, 0x44, 0x43, 0x4D, 0xFF, 0x40, 0x3E, 0x47, 0xFF,
    0x2F, 0x2F, 0x35, 0xFF, 0x10, 0x0E, 0x10, 0xFF, 0x16, 0x18, 0x1B, 0xFF, 0x32, 0x37, 0x3D, 0xFF,
    0x30, 0x34, 0x35, 0xFF, 0x25, 0x24, 0x28, 0xFF, 0x42, 0x41, 0x49, 0xFF, 0x3C, 0x3B, 0x43, 0xFF,
    0x39, 0x39, 0x41, 0xFF, 0x36, 0x36, 0x3D, 0xFF, 0x2A, 0x29, 0x31, 0xFF, 0x2C, 0x2C, 0x34, 0xFF,
    0x38, 0x37, 0x3F, 0xFF, 0x33, 0x32, 0x3B, 0xFF, 0x12, 0x12, 0x16, 0xFF, 0x04, 0x04, 0x03, 0xFF,
    0x03, 0x03, 0x02, 0xFF, 0x1A, 0x1A, 0x1F, 0xFF, 0x2B, 0x2A, 0x33, 0xFF, 0x25, 0x24, 0x2C, 0xFF,
    0x25, 0x25, 0x2C, 0xFF, 0x38, 0x38, 0x41, 0xFF, 0x33, 0x34, 0x3C, 0xFF, 0x24, 0x26, 0x32, 0xFF,
    0x25, 0x26, 0x32, 0xFF, 0x25, 0x26, 0x32, 0xFF, 0x25, 0x27, 0x32, 0xFF, 0x19, 0x1A, 0x25, 0xFF,
    0x18, 0x19, 0x23, 0xFF, 0x1C, 0x1E, 0x29, 0xFF, 0x32, 0x33, 0x3D, 0xFF, 0x45, 0x46, 0x51, 0xFF,
    0x41, 0x41, 0x4C, 0xFF, 0x2F, 0x30, 0x3A, 0xFF, 0x26, 0x29, 0x35, 0xFF, 0x1F, 0x21, 0x2C, 0xFF,
    0x2C, 0x2C, 0x35, 0xFF, 0x40, 0x40, 0x4A, 0xFF, 0x42, 0x42, 0x4D, 0xFF, 0x3C, 0x3C, 0x46, 0xFF,
    0x2D, 0x2E, 0x38, 0xFF, 0x27, 0x29, 0x35, 0xFF, 0x28, 0x2A, 0x36, 0xFF, 0x27, 0x29, 0x35, 0xFF,
    0x26, 0x28, 0x35, 0xFF, 0x32, 0x33, 0x3E, 0xFF, 0x43, 0x41, 0x49, 0xFF, 0x32, 0x34, 0x43, 0xFF,
    0x22, 0x25, 0x31, 0xFF, 0x27, 0x29, 0x32, 0xFF, 0x2B, 0x2C, 0x38, 0xFF, 0x23, 0x24, 0x31, 0xFF,
    0x2A, 0x2B, 0x35, 0xFF, 0x3B, 0x3B, 0x43, 0xFF, 0x3E, 0x3E, 0x48, 0xFF, 0x3C, 0x3C, 0x46, 0xFF,
    0x3D, 0x3C, 0x46, 0xFF, 0x3D, 0x3C, 0x46, 0xFF, 0x2D, 0x2D, 0x36, 0xFF, 0x25, 0x27, 0x33, 0xFF,
    0x29, 0x2B, 0x38, 0xFF, 0x21, 0x22, 0x2D, 0xFF, 0x1E, 0x20, 0x2A, 0xFF, 0x20, 0x22, 0x2B, 0xFF,
    0x37, 0x36, 0x3D, 0xFF, 0x3D, 0x3D, 0x45, 0xFF, 0x2C, 0x2B, 0x31, 0xFF, 0x2C, 0x2A, 0x31, 0xFF,
    0x1C, 0x1C, 0x21, 0xFF, 0x1E, 0x20, 0x29, 0xFF, 0x23, 0x24, 0x2F, 0xFF, 0x25, 0x26, 0x2F, 0xFF,
    0x36, 0x36, 0x3D, 0xFF, 0x2E, 0x2D, 0x36, 0xFF, 0x34, 0x33, 0x3B, 0xFF, 0x3A, 0x3A, 0x41, 0xFF,
    0x33, 0x34, 0x3B, 0xFF, 0x31, 0x31, 0x39, 0xFF, 0x12, 0x12, 0x16, 0xFF, 0x04, 0x04, 0x03, 0xFF,
    0x02, 0x02, 0x01, 0xFF, 0x1F, 0x1F, 0x25, 0xFF, 0x2E, 0x2D, 0x36, 0xFF, 0x23, 0x23, 0x2A, 0xFF,
    0x27, 0x26, 0x2D, 0xFF, 0x2F, 0x30, 0x39, 0xFF, 0x16, 0x13, 0x10, 0xFF, 0x4C, 0x40, 0x2B, 0xFF,
    0x4C, 0x41, 0x2B, 0xFF, 0x4B, 0x40, 0x2B, 0xFF, 0x4B, 0x40, 0x2B, 0xFF, 0x4E, 0x43, 0x2E, 0xFF,
    0x4F, 0x44, 0x30, 0xFF, 0x51, 0x45, 0x2F, 0xFF, 0x1D, 0x18, 0x10, 0xFF, 0x34, 0x34, 0x3D, 0xFF,
    0x17, 0x18, 0x1F, 0xFF, 0x1D, 0x18, 0x0F, 0xFF, 0x53, 0x47, 0x30, 0xFF, 0x52, 0x46, 0x2F, 0xFF,
    0x1E, 0x19, 0x10, 0xFF, 0x13, 0x14, 0x18, 0xFF, 0x4A, 0x49, 0x52, 0xFF, 0x20, 0x21, 0x28, 0xFF,
    0x2C, 0x26, 0x19, 0xFF, 0x51, 0x45, 0x2F, 0xFF, 0x4A, 0x40, 0x2A, 0xFF, 0x4B, 0x40, 0x2A, 0xFF,
    0x52, 0x46, 0x2E, 0xFF, 0x2E, 0x26, 0x19, 0xFF, 0x0D, 0x0E, 0x13, 0xFF, 0x3D, 0x3D, 0x46, 0xFF,
    0x1C, 0x19, 0x14, 0xFF, 0x4E, 0x43, 0x2D, 0xFF, 0x4A, 0x3F, 0x2A, 0xFF, 0x52, 0x45, 0x2F, 0xFF,
    0x2A, 0x24, 0x17, 0xFF, 0x22, 0x23, 0x2B, 0xFF, 0x43, 0x43, 0x4D, 0xFF, 0x3D, 0x3C, 0x46, 0xFF,
    0x40, 0x40, 0x4A, 0xFF, 0x33, 0x33, 0x3D, 0xFF, 0x19, 0x17, 0x10, 0xFF, 0x4E, 0x43, 0x2C, 0xFF,
    0x4C, 0x40, 0x2B, 0xFF, 0x4D, 0x41, 0x2C, 0xFF, 0x4F, 0x43, 0x2E, 0xFF, 0x49, 0x3E, 0x29, 0xFF,
    0x01, 0x01, 0x01, 0xFF, 0x2A, 0x2B, 0x32, 0xFF, 0x42, 0x40, 0x4B, 0xFF, 0x1C, 0x1C, 0x22, 0xFF,
    0x17, 0x14, 0x0F, 0xFF, 0x52, 0x46, 0x2F, 0xFF, 0x52, 0x47, 0x2F, 0xFF, 0x2E, 0x26, 0x1A, 0xFF,
    0x06, 0x06, 0x0B, 0xFF, 0x37, 0x37, 0x3E, 0xFF, 0x3B, 0x3A, 0x43, 0xFF, 0x35, 0x35, 0x3D, 0xFF,
    0x37, 0x37, 0x3F, 0xFF, 0x36, 0x35, 0x3F, 0xFF, 0x12, 0x12, 0x16, 0xFF, 0x04, 0x04, 0x03, 0xFF,
    0x03, 0x03, 0x03, 0xFF, 0x15, 0x15, 0x19, 0xFF, 0x2A, 0x29, 0x32, 0xFF, 0x2D, 0x2D, 0x34, 0xFF,
    0x2C, 0x2B, 0x32, 0xFF, 0x1C, 0x1C, 0x27, 0xFF, 0x40, 0x3A, 0x2D, 0xFF, 0xF7, 0xDE, 0x9C, 0xFF,
    0xE6, 0xD0, 0x93, 0xFF, 0xE4, 0xCE, 0x91, 0xFF, 0xE6, 0xCF, 0x90, 0xFF, 0xE5, 0xCE, 0x91, 0xFF,
    0xE2, 0xCC, 0x8F, 0xFF, 0xFE, 0xE6, 0xA1, 0xFF, 0x65, 0x5B, 0x42, 0xFF, 0x04, 0x05, 0x0A, 0xFF,
    0x2C, 0x28, 0x1E, 0xFF, 0xCD, 0xB9, 0x85, 0xFF, 0xEA, 0xD1, 0x91, 0xFF, 0xEA, 0xD2, 0x92, 0xFF,
    0xCD, 0xBC, 0x87, 0xFF, 0x29, 0x25, 0x1B, 0xFF, 0x13, 0x13, 0x1A, 0xFF, 0x18, 0x19, 0x23, 0xFF,
    0x90, 0x81, 0x5B, 0xFF, 0xF6, 0xDE, 0x9C, 0xFF, 0xE2, 0xCB, 0x8E, 0xFF, 0xE2, 0xCC, 0x8E, 0xFF,
    0xE7, 0xCF, 0x90, 0xFF, 0xDA, 0xC5, 0x8C, 0xFF, 0x47, 0x42, 0x30, 0xFF, 0x0A, 0x0A, 0x0D, 0xFF,
    0x3D, 0x38, 0x29, 0xFF, 0xED, 0xD6, 0x96, 0xFF, 0xE1, 0xCB, 0x8E, 0xFF, 0xF6, 0xDF, 0x9E, 0xFF,
    0x83, 0x76, 0x52, 0xFF, 0x16, 0x17, 0x22, 0xFF, 0x46, 0x46, 0x50, 0xFF, 0x3E, 0x3D, 0x48, 0xFF,
    0x42, 0x42, 0x4B, 0xFF, 0x1E, 0x1F, 0x2A, 0xFF, 0x46, 0x40, 0x2F, 0xFF, 0xF2, 0xDA, 0x9A, 0xFF,
    0xE4, 0xCC, 0x8E, 0xFF, 0xE4, 0xCE, 0x91, 0xFF, 0xE4, 0xCE, 0x91, 0xFF, 0xEA, 0xD2, 0x92, 0xFF,
    0x82, 0x77, 0x58, 0xFF, 0x05, 0x05, 0x07, 0xFF, 0x16, 0x16, 0x18, 0xFF, 0x10, 0x0D, 0x09, 0xFF,
    0xA1, 0x8E, 0x61, 0xFF, 0xEE, 0xD7, 0x97, 0xFF, 0xE7, 0xD0, 0x93, 0xFF, 0xE0, 0xCB, 0x90, 0xFF,
    0x4F, 0x49, 0x35, 0xFF, 0x14, 0x14, 0x15, 0xFF, 0x37, 0x36, 0x3E, 0xFF, 0x36, 0x36, 0x3E, 0xFF,
    0x3A, 0x39, 0x42, 0xFF, 0x31, 0x30, 0x39, 0xFF, 0x12, 0x12, 0x16, 0xFF, 0x04, 0x04, 0x03, 0xFF,
    0x02, 0x02, 0x01, 0xFF, 0x20, 0x1F, 0x25, 0xFF, 0x31, 0x31, 0x39, 0xFF, 0x2B, 0x2A, 0x32, 0xFF,
    0x2F, 0x2E, 0x36, 0xFF, 0x1E, 0x1D, 0x27, 0xFF, 0x2E, 0x2B, 0x20, 0xFF, 0xD5, 0xC5, 0x90, 0xFF,
    0x47, 0x43, 0x32, 0xFF, 0x83, 0x79, 0x58, 0xFF, 0xFB, 0xF1, 0xAF, 0xFF, 0x9B, 0x90, 0x6A, 0xFF,
    0x2D, 0x29, 0x1E, 0xFF, 0xD1, 0xC2, 0x8C, 0xFF, 0x4E, 0x49, 0x36, 0xFF, 0x1C, 0x18, 0x11, 0xFF,
    0xC3, 0xAE, 0x7A, 0xFF, 0xEB, 0xD9, 0xA0, 0xFF, 0x3E, 0x3A, 0x2A, 0xFF, 0x3E, 0x3A, 0x2B, 0xFF,
    0xE9, 0xD7, 0x9F, 0xFF, 0xD0, 0xBF, 0x8B, 0xFF, 0x2D, 0x29, 0x1F, 0xFF, 0x04, 0x04, 0x05, 0xFF,
    0x93, 0x88, 0x64, 0xFF, 0xFE, 0xF0, 0xAC, 0xFF, 0x9F, 0x93, 0x6B, 0xFF, 0x24, 0x23, 0x1D, 0xFF,
    0x3B, 0x37, 0x2A, 0xFF, 0xE6, 0xD4, 0x9A, 0xFF, 0xE6, 0xD4, 0x9A, 0xFF, 0x32, 0x2E, 0x22, 0xFF,
    0x0B, 0x0B, 0x0B, 0xFF, 0x7F, 0x75, 0x57, 0xFF, 0xFA, 0xEA, 0xAA, 0xFF, 0xC0, 0xB2, 0x82, 0xFF,
    0x17, 0x16, 0x12, 0xFF, 0x29, 0x28, 0x2F, 0xFF, 0x3F, 0x3E, 0x47, 0xFF, 0x3B, 0x3A, 0x44, 0xFF,
    0x38, 0x37, 0x3E, 0xFF, 0x25, 0x26, 0x31, 0xFF, 0x44, 0x3F, 0x2F, 0xFF, 0xF6, 0xE3, 0xA4, 0xFF,
    0xD8, 0xC8, 0x92, 0xFF, 0x36, 0x33, 0x27, 0xFF, 0x23, 0x21, 0x1B, 0xFF, 0xAA, 0x9D, 0x74, 0xFF,
    0xFF, 0xF1, 0xAF, 0xFF, 0x70, 0x67, 0x4B, 0xFF, 0x00, 0x00, 0x00, 0xFF, 0x99, 0x87, 0x5E, 0xFF,
    0xFF, 0xEC, 0xA9, 0xFF, 0x64, 0x5E, 0x45, 0xFF, 0x26, 0x24, 0x1C, 0xFF, 0xCB, 0xBB, 0x89, 0xFF,
    0xBC, 0xAD, 0x7D, 0xFF, 0x25, 0x21, 0x18, 0xFF, 0x2D, 0x2D, 0x36, 0xFF, 0x3B, 0x3A, 0x42, 0xFF,
    0x3C, 0x3B, 0x43, 0xFF, 0x34, 0x33, 0x3B, 0xFF, 0x12, 0x12, 0x16, 0xFF, 0x04, 0x04, 0x03, 0xFF,
    0x02, 0x02, 0x01, 0xFF, 0x23, 0x22, 0x28, 0xFF, 0x36, 0x35, 0x3E, 0xFF, 0x2A, 0x29, 0x31, 0xFF,
    0x31, 0x30, 0x38, 0xFF, 0x32, 0x31, 0x3A, 0xFF, 0x16, 0x15, 0x19, 0xFF, 0x15, 0x14, 0x16, 0xFF,
    0x00, 0x00, 0x05, 0xFF, 0x79, 0x6F, 0x51, 0xFF, 0xFF, 0xF3, 0xB0, 0xFF, 0x8E, 0x83, 0x5F, 0xFF,
    0x00, 0x00, 0x05, 0xFF, 0x1A, 0x1A, 0x1C, 0xFF, 0x04, 0x04, 0x06, 0xFF, 0xB5, 0xA6, 0x79, 0xFF,
    0xFF, 0xF0, 0xAD, 0xFF, 0x6B, 0x62, 0x47, 0xFF, 0x06, 0x07, 0x0C, 0xFF, 0x06, 0x07, 0x0C, 0xFF,
    0x68, 0x5F, 0x45, 0xFF, 0xFF, 0xF1, 0xAE, 0xFF, 0xBB, 0xAD, 0x7E, 0xFF, 0x00, 0x00, 0x00, 0xFF,
    0x92, 0x86, 0x61, 0xFF, 0xFF, 0xF2, 0xAF, 0xFF, 0x8C, 0x81, 0x5D, 0xFF, 0x0C, 0x0D, 0x1B, 0xFF,
    0x27, 0x25, 0x23, 0xFF, 0xD7, 0xC6, 0x8D, 0xFF, 0xF4, 0xE1, 0xA2, 0xFF, 0x45, 0x40, 0x33, 0xFF,
    0x0B, 0x0D, 0x1B, 0xFF, 0x66, 0x5E, 0x46, 0xFF, 0xFF, 0xEF, 0xAD, 0xFF, 0xB0, 0xA2, 0x73, 0xFF,
    0x12, 0x13, 0x19, 0xFF, 0x3E, 0x3D, 0x46, 0xFF, 0x2C, 0x2B, 0x33, 0xFF, 0x2E, 0x2D, 0x35, 0xFF,
    0x35, 0x35, 0x3C, 0xFF, 0x29, 0x2A, 0x36, 0xFF, 0x45, 0x3F, 0x2F, 0xFF, 0xF7, 0xE2, 0xA3, 0xFF,
    0xD1, 0xC1, 0x8B, 0xFF, 0x1E, 0x1D, 0x1D, 0xFF, 0x07, 0x09, 0x14, 0xFF, 0x94, 0x88, 0x62, 0xFF,
    0xFF, 0xF3, 0xB0, 0xFF, 0x8A, 0x7F, 0x5D, 0xFF, 0x01, 0x01, 0x01, 0xFF, 0xD6, 0xC4, 0x8E, 0xFF,
    0xF9, 0xE5, 0xA5, 0xFF, 0x87, 0x7C, 0x5B, 0xFF, 0x00, 0x00, 0x00, 0xFF, 0x05, 0x05, 0x07, 0xFF,
    0x1D, 0x1D, 0x1F, 0xFF, 0x1A, 0x1A, 0x1D, 0xFF, 0x33, 0x33, 0x3B, 0xFF, 0x3D, 0x3C, 0x44, 0xFF,
    0x3D, 0x3C, 0x44, 0xFF, 0x3A, 0x39, 0x42, 0xFF, 0x12, 0x11, 0x16, 0xFF, 0x04, 0x04, 0x03, 0xFF,
    0x02, 0x02, 0x02, 0xFF, 0x21, 0x20, 0x25, 0xFF, 0x39, 0x39, 0x42, 0xFF, 0x2D, 0x2C, 0x34, 0xFF,
    0x31, 0x30, 0x38, 0xFF, 0x31, 0x31, 0x39, 0xFF, 0x35, 0x34, 0x3D, 0xFF, 0x37, 0x36, 0x3E, 0xFF,
    0x15, 0x16, 0x20, 0xFF, 0x7C, 0x72, 0x52, 0xFF, 0xFF, 0xF4, 0xB1, 0xFF, 0x90, 0x85, 0x5F, 0xFF,
    0x15, 0x16, 0x1F, 0xFF, 0x46, 0x44, 0x4F, 0xFF, 0x11, 0x11, 0x17, 0xFF, 0xB2, 0xA4, 0x75, 0xFF,
    0xFE, 0xEF, 0xAD, 0xFF, 0x69, 0x61, 0x46, 0xFF, 0x24, 0x25, 0x2F, 0xFF, 0x24, 0x25, 0x2F, 0xFF,
    0x65, 0x5D, 0x43, 0xFF, 0xFE, 0xED, 0xAC, 0xFF, 0xBA, 0xAD, 0x7D, 0xFF, 0x00, 0x00, 0x00, 0xFF,
    0x91, 0x86, 0x62, 0xFF, 0xFF, 0xF2, 0xAE, 0xFF, 0x8F, 0x84, 0x5F, 0xFF, 0x03, 0x04, 0x0A, 0xFF,
    0x21, 0x1F, 0x1B, 0xFF, 0xDB, 0xCA, 0x92, 0xFF, 0xF2, 0xDE, 0xA0, 0xFF, 0x43, 0x3E, 0x30, 0xFF,
    0x0C, 0x0F, 0x1B, 0xFF, 0x6C, 0x63, 0x49, 0xFF, 0xFF, 0xEE, 0xAD, 0xFF, 0xB4, 0xA6, 0x78, 0xFF,
    0x12, 0x13, 0x17, 0xFF, 0x3A, 0x39, 0x42, 0xFF, 0x38, 0x37, 0x40, 0xFF, 0x35, 0x34, 0x3C, 0xFF,
    0x39, 0x38, 0x40, 0xFF, 0x23, 0x24, 0x2F, 0xFF, 0x45, 0x3F, 0x30, 0xFF, 0xF7, 0xE4, 0xA5, 0xFF,
    0xD3, 0xC3, 0x8B, 0xFF, 0x16, 0x15, 0x13, 0xFF, 0x03, 0x04, 0x09, 0xFF, 0x99, 0x8D, 0x67, 0xFF,
    0xFE, 0xF1, 0xAE, 0xFF, 0x88, 0x7D, 0x5B, 0xFF, 0x00, 0x00, 0x00, 0xFF, 0x68, 0x5F, 0x45, 0xFF,
    0xEC, 0xD9, 0x9D, 0xFF, 0xFD, 0xEA, 0xAA, 0xFF, 0x8F, 0x84, 0x60, 0xFF, 0x03, 0x03, 0x05, 0xFF,
    0x15, 0x15, 0x1A, 0xFF, 0x32, 0x32, 0x3A, 0xFF, 0x3B, 0x3A, 0x43, 0xFF, 0x39, 0x39, 0x41, 0xFF,
    0x3D, 0x3C, 0x44, 0xFF, 0x38, 0x38, 0x40, 0xFF, 0x12, 0x12, 0x16, 0xFF, 0x04, 0x04, 0x03, 0xFF,
    0x02, 0x03, 0x02, 0xFF, 0x1E, 0x1E, 0x23, 0xFF, 0x3A, 0x3A, 0x43, 0xFF, 0x32, 0x31, 0x3A, 0xFF,
    0x2E, 0x2E, 0x36, 0xFF, 0x30, 0x30, 0x37, 0xFF, 0x31, 0x30, 0x38, 0xFF, 0x38, 0x37, 0x3F, 0xFF,
    0x14, 0x15, 0x1F, 0xFF, 0x7A, 0x71, 0x51, 0xFF, 0xFF, 0xF4, 0xB1, 0xFF, 0x90, 0x85, 0x5F, 0xFF,
    0x12, 0x13, 0x1B, 0xFF, 0x46, 0x44, 0x4F, 0xFF, 0x12, 0x12, 0x18, 0xFF, 0xB1, 0xA3, 0x75, 0xFF,
    0xFF, 0xEF, 0xAD, 0xFF, 0x6B, 0x62, 0x47, 0xFF, 0x1F, 0x20, 0x29, 0xFF, 0x1E, 0x1F, 0x28, 0xFF,
    0x67, 0x5F, 0x45, 0xFF, 0xFF, 0xEF, 0xAC, 0xFF, 0xBA, 0xAB, 0x7C, 0xFF, 0x00, 0x00, 0x00, 0xFF,
    0x95, 0x89, 0x65, 0xFF, 0xF8, 0xE5, 0xA5, 0xFF, 0xD9, 0xC9, 0x91, 0xFF, 0xC4, 0xB6, 0x82, 0xFF,
    0xC7, 0xB9, 0x85, 0xFF, 0xB7, 0xA9, 0x7B, 0xFF, 0x3C, 0x38, 0x2A, 0xFF, 0x1E, 0x1D, 0x1C, 0xFF,
    0x1A, 0x1B, 0x27, 0xFF, 0x68, 0x60, 0x47, 0xFF, 0xFF, 0xEF, 0xAD, 0xFF, 0xB4, 0xA5, 0x77, 0xFF,
    0x13, 0x13, 0x18, 0xFF, 0x42, 0x42, 0x4C, 0xFF, 0x39, 0x39, 0x41, 0xFF, 0x31, 0x31, 0x39, 0xFF,
    0x38, 0x37, 0x3F, 0xFF, 0x25, 0x26, 0x31, 0xFF, 0x46, 0x41, 0x31, 0xFF, 0xF3, 0xE1, 0xA2, 0xFF,
    0xE2, 0xD2, 0x96, 0xFF, 0xCA, 0xBB, 0x86, 0xFF, 0xC0, 0xB2, 0x80, 0xFF, 0xD3, 0xC3, 0x8D, 0xFF,
    0x5B, 0x54, 0x3E, 0xFF, 0x20, 0x1E, 0x18, 0xFF, 0x20, 0x20, 0x23, 0xFF, 0x00, 0x00, 0x03, 0xFF,
    0x62, 0x5A, 0x42, 0xFF, 0xD7, 0xC7, 0x8F, 0xFF, 0xEC, 0xDB, 0x9D, 0xFF, 0xCA, 0xBD, 0x89, 0xFF,
    0x5F, 0x58, 0x3E, 0xFF, 0x0E, 0x0E, 0x0D, 0xFF, 0x36, 0x35, 0x3D, 0xFF, 0x37, 0x37, 0x3F, 0xFF,
    0x38, 0x39, 0x40, 0xFF, 0x38, 0x37, 0x40, 0xFF, 0x12, 0x12, 0x16, 0xFF, 0x04, 0x04, 0x03, 0xFF,
    0x02, 0x02, 0x02, 0xFE, 0x1E, 0x1E, 0x23, 0xFF, 0x3A, 0x39, 0x43, 0xFF, 0x35, 0x35, 0x3E, 0xFF,
    0x35, 0x35, 0x3D, 0xFF, 0x35, 0x34, 0x3D, 0xFF, 0x36, 0x35, 0x3E, 0xFF, 0x37, 0x36, 0x3E, 0xFF,
    0x10, 0x11, 0x1A, 0xFF, 0x7C, 0x72, 0x52, 0xFF, 0xFF, 0xF4, 0xB0, 0xFF, 0x90, 0x84, 0x5E, 0xFF,
    0x13, 0x13, 0x1C, 0xFF, 0x43, 0x42, 0x4B, 0xFF, 0x11, 0x12, 0x17, 0xFF, 0xB0, 0xA2, 0x74, 0xFF,
    0xFE, 0xEE, 0xAC, 0xFF, 0x6A, 0x61, 0x46, 0xFF, 0x24, 0x25, 0x2F, 0xFF, 0x23, 0x24, 0x2E, 0xFF,
    0x67, 0x5F, 0x44, 0xFF, 0xFE, 0xEE, 0xAB, 0xFF, 0xB9, 0xAA, 0x7C, 0xFF, 0x00, 0x00, 0x00, 0xFF,
    0x95, 0x88, 0x64, 0xFF, 0xF9, 0xE7, 0xA7, 0xFF, 0xCF, 0xBF, 0x8B, 0xFF, 0xAB, 0x9F, 0x74, 0xFF,
    0xEC, 0xD9, 0x9D, 0xFF, 0xF8, 0xE5, 0xA7, 0xFF, 0x52, 0x4C, 0x37, 0xFF, 0x10, 0x11, 0x19, 0xFF,
    0x24, 0x25, 0x2F, 0xFF, 0x67, 0x5F, 0x45, 0xFF, 0xFF, 0xEE, 0xAD, 0xFF, 0xB3, 0xA5, 0x77, 0xFF,
    0x17, 0x18, 0x1D, 0xFF, 0x3B, 0x3B, 0x44, 0xFF, 0x30, 0x2F, 0x37, 0xFF, 0x38, 0x38, 0x41, 0xFF,
    0x3E, 0x3E, 0x46, 0xFF, 0x27, 0x28, 0x34, 0xFF, 0x46, 0x41, 0x30, 0xFF, 0xF3, 0xE0, 0xA2, 0xFF,
    0xE2, 0xD1, 0x97, 0xFF, 0xAB, 0x9D, 0x73, 0xFF, 0xD0, 0xC1, 0x8C, 0xFF, 0xFF, 0xED, 0xAB, 0xFF,
    0xA5, 0x97, 0x6F, 0xFF, 0x00, 0x00, 0x03, 0xFF, 0x37, 0x36, 0x3E, 0xFF, 0x37, 0x36, 0x3D, 0xFF,
    0x15, 0x15, 0x18, 0xFF, 0x10, 0x0F, 0x0F, 0xFF, 0x8B, 0x80, 0x5E, 0xFF, 0xF5, 0xE3, 0xA4, 0xFF,
    0xEE, 0xDC, 0x9F, 0xFF, 0x3A, 0x36, 0x29, 0xFF, 0x27, 0x27, 0x31, 0xFF, 0x3A, 0x39, 0x41, 0xFF,
    0x35, 0x35, 0x3D, 0xFF, 0x38, 0x37, 0x40, 0xFF, 0x12, 0x12, 0x16, 0xFF, 0x04, 0x04, 0x03, 0xFE,
    0x03, 0x03, 0x03, 0xFF, 0x20, 0x20, 0x25, 0xFF, 0x3C, 0x3B, 0x45, 0xFF, 0x35, 0x34, 0x3D, 0xFF,
    0x36, 0x35, 0x3E, 0xFF, 0x36, 0x35, 0x3E, 0xFF, 0x36, 0x35, 0x3D, 0xFF, 0x3A, 0x39, 0x41, 0xFF,
    0x0F, 0x10, 0x1A, 0xFF, 0x7B, 0x71, 0x51, 0xFF, 0xFF, 0xF2, 0xB0, 0xFF, 0x90, 0x84, 0x5F, 0xFF,
    0x11, 0x12, 0x1A, 0xFF, 0x44, 0x43, 0x4B, 0xFF, 0x0F, 0x0F, 0x13, 0xFF, 0xBA, 0xAB, 0x7C, 0xFF,
    0xFF, 0xF1, 0xAE, 0xFF, 0x64, 0x5C, 0x42, 0xFF, 0x0B, 0x0B, 0x11, 0xFF, 0x0B, 0x0C, 0x11, 0xFF,
    0x61, 0x59, 0x41, 0xFF, 0xFF, 0xF0, 0xAD, 0xFF, 0xC2, 0xB2, 0x82, 0xFF, 0x00, 0x00, 0x00, 0xFF,
    0x91, 0x86, 0x62, 0xFF, 0xFF, 0xF2, 0xAE, 0xFF, 0x8E, 0x83, 0x61, 0xFF, 0x00, 0x00, 0x00, 0xFF,
    0x63, 0x5B, 0x44, 0xFF, 0xEF, 0xDE, 0xA1, 0xFF, 0xB2, 0xA4, 0x75, 0xFF, 0x23, 0x21, 0x1A, 0xFF,
    0x15, 0x17, 0x23, 0xFF, 0x67, 0x5E, 0x45, 0xFF, 0xFF, 0xEE, 0xAD, 0xFF, 0xB2, 0xA4, 0x76, 0xFF,
    0x0F, 0x10, 0x15, 0xFF, 0x38, 0x37, 0x40, 0xFF, 0x36, 0x35, 0x3E, 0xFF, 0x3B, 0x3A, 0x44, 0xFF,
    0x43, 0x43, 0x4C, 0xFF, 0x26, 0x27, 0x32, 0xFF, 0x44, 0x3F, 0x2F, 0xFF, 0xF6, 0xE2, 0xA3, 0xFF,
    0xD7, 0xC5, 0x8F, 0xFF, 0x00, 0x00, 0x00, 0xFF, 0x26, 0x23, 0x1B, 0xFF, 0xCC, 0xBE, 0x8B, 0xFF,
    0xE1, 0xD2, 0x97, 0xFF, 0x46, 0x41, 0x30, 0xFF, 0x10, 0x0F, 0x12, 0xFF, 0x16, 0x17, 0x1C, 0xFF,
    0x15, 0x15, 0x1B, 0xFF, 0x00, 0x01, 0x05, 0xFF, 0x0B, 0x0A, 0x07, 0xFF, 0xD9, 0xC8, 0x92, 0xFF,
    0xF3, 0xE0, 0xA2, 0xFF, 0x3F, 0x3A, 0x2D, 0xFF, 0x25, 0x26, 0x30, 0xFF, 0x3F, 0x3E, 0x46, 0xFF,
    0x36, 0x35, 0x3E, 0xFF, 0x2C, 0x2B, 0x34, 0xFF, 0x13, 0x13, 0x17, 0xFF, 0x05, 0x05, 0x05, 0xFF,
    0x0D, 0x0D, 0x0D, 0x89, 0x08, 0x08, 0x09, 0xFD, 0x31, 0x30, 0x38, 0xFD, 0x37, 0x36, 0x40, 0xFF,
    0x36, 0x35, 0x3E, 0xFF, 0x36, 0x35, 0x3E, 0xFF, 0x36, 0x35, 0x3E, 0xFF, 0x3D, 0x3C, 0x44, 0xFF,
    0x14, 0x14, 0x1F, 0xFF, 0x7A, 0x70, 0x51, 0xFF, 0xFD, 0xF3, 0xB2, 0xFF, 0x8F, 0x83, 0x5F, 0xFF,
    0x15, 0x16, 0x1F, 0xFF, 0x47, 0x47, 0x50, 0xFF, 0x12, 0x12, 0x17, 0xFF, 0x3A, 0x35, 0x26, 0xFF,
    0xE0, 0xCE, 0x96, 0xFF, 0xDA, 0xCA, 0x94, 0xFF, 0x28, 0x25, 0x1B, 0xFF, 0x29, 0x26, 0x1C, 0xFF,
    0xD9, 0xC8, 0x93, 0xFF, 0xE0, 0xCE, 0x96, 0xFF, 0x40, 0x3A, 0x2B, 0xFF, 0x02, 0x02, 0x02, 0xFF,
    0x92, 0x87, 0x63, 0xFF, 0xFD, 0xF1, 0xAF, 0xFF, 0x8F, 0x84, 0x60, 0xFF, 0x11, 0x12, 0x19, 0xFF,
    0x1E, 0x1D, 0x1C, 0xFF, 0xD7, 0xC5, 0x8E, 0xFF, 0xFB, 0xE9, 0xA9, 0xFF, 0x43, 0x3F, 0x30, 0xFF,
    0x05, 0x05, 0x09, 0xFF, 0x73, 0x6A, 0x4F, 0xFF, 0xFC, 0xEB, 0xAB, 0xFF, 0xBA, 0xAC, 0x7E, 0xFF,
    0x0C, 0x0C, 0x0B, 0xFF, 0x2C, 0x2C, 0x33, 0xFF, 0x41, 0x40, 0x4A, 0xFF, 0x38, 0x37, 0x3F, 0xFF,
    0x3B, 0x3A, 0x42, 0xFF, 0x27, 0x27, 0x33, 0xFF, 0x45, 0x40, 0x30, 0xFF, 0xF6, 0xE2, 0xA5, 0xFF,
    0xD2, 0xC1, 0x8B, 0xFF, 0x24, 0x23, 0x1F, 0xFF, 0x05, 0x06, 0x0E, 0xFF, 0x90, 0x84, 0x5F, 0xFF,
    0xFF, 0xF6, 0xB4, 0xFF, 0x8F, 0x84, 0x61, 0xFF, 0x00, 0x00, 0x00, 0xFF, 0x95, 0x88, 0x60, 0xFF,
    0xBB, 0xAE, 0x7D, 0xFF, 0x4A, 0x44, 0x32, 0xFF, 0x1C, 0x1B, 0x16, 0xFF, 0xE6, 0xD5, 0x9C, 0xFF,
    0xEF, 0xDD, 0xA0, 0xFF, 0x36, 0x32, 0x26, 0xFF, 0x27, 0x27, 0x31, 0xFF, 0x3C, 0x3B, 0x44, 0xFF,
    0x34, 0x33, 0x3B, 0xFF, 0x1D, 0x1C, 0x23, 0xFD, 0x04, 0x04, 0x05, 0xFD, 0x0D, 0x0D, 0x0D, 0x89,
    0x12, 0x12, 0x12, 0x63, 0x00, 0x00, 0x00, 0xFF, 0x2D, 0x2C, 0x34, 0xFC, 0x3B, 0x3A, 0x44, 0xFF,
    0x31, 0x30, 0x39, 0xFF, 0x28, 0x27, 0x2F, 0xFF, 0x30, 0x30, 0x38, 0xFF, 0x3D, 0x3C, 0x45, 0xFF,
    0x13, 0x14, 0x1F, 0xFF, 0x7E, 0x72, 0x52, 0xFF, 0xFF, 0xF4, 0xAD, 0xFF, 0x93, 0x85, 0x5D, 0xFF,
    0x0E, 0x0F, 0x18, 0xFF, 0x3A, 0x39, 0x41, 0xFF, 0x34, 0x34, 0x3B, 0xFF, 0x04, 0x05, 0x09, 0xFF,
    0x3B, 0x36, 0x28, 0xFF, 0xE0, 0xCC, 0x93, 0xFF, 0xE2, 0xCD, 0x91, 0xFF, 0xE2, 0xCD, 0x91, 0xFF,
    0xE1, 0xCD, 0x94, 0xFF, 0x3C, 0x37, 0x29, 0xFF, 0x09, 0x0A, 0x0F, 0xFF, 0x12, 0x13, 0x1A, 0xFF,
    0x92, 0x84, 0x5F, 0xFF, 0xFF, 0xF3, 0xAD, 0xFF, 0x92, 0x84, 0x5C, 0xFF, 0x15, 0x16, 0x23, 0xFF,
    0x32, 0x2F, 0x2A, 0xFF, 0xDF, 0xCA, 0x8D, 0xFF, 0xF8, 0xE2, 0xA1, 0xFF, 0x2E, 0x29, 0x1E, 0xFF,
    0x2A, 0x26, 0x1C, 0xFF, 0xEE, 0xD9, 0x9B, 0xFF, 0xE9, 0xD2, 0x93, 0xFF, 0xF8, 0xE1, 0x9F, 0xFF,
    0x81, 0x74, 0x53, 0xFF, 0x19, 0x19, 0x23, 0xFF, 0x45, 0x44, 0x4E, 0xFF, 0x3C, 0x3B, 0x45, 0xFF,
    0x40, 0x3F, 0x47, 0xFF, 0x27, 0x28, 0x33, 0xFF, 0x47, 0x40, 0x2F, 0xFF, 0xFB, 0xE4, 0xA1, 0xFF,
    0xD6, 0xC3, 0x8A, 0xFF, 0x25, 0x23, 0x20, 0xFF, 0x0E, 0x0F, 0x18, 0xFF, 0x9C, 0x8E, 0x65, 0xFF,
    0xFF, 0xF2, 0xAB, 0xFF, 0x87, 0x7A, 0x57, 0xFF, 0x00, 0x00, 0x00, 0xFF, 0x9A, 0x89, 0x60, 0xFF,
    0xFF, 0xE8, 0xA4, 0xFF, 0xE6, 0xD1, 0x96, 0xFF, 0xDC, 0xC8, 0x8E, 0xFF, 0xE5, 0xD0, 0x94, 0xFF,
    0x5A, 0x54, 0x3D, 0xFF, 0x0E, 0x0E, 0x0E, 0xFF, 0x37, 0x36, 0x3E, 0xFF, 0x35, 0x34, 0x3D, 0xFF,
    0x2B, 0x2A, 0x32, 0xFF, 0x1D, 0x1D, 0x23, 0xFC, 0x00, 0x00, 0x00, 0xFF, 0x0D, 0x0D, 0x0D, 0x63,
    0x4C, 0x4C, 0x4C, 0x39, 0x04, 0x04, 0x04, 0xD0, 0x14, 0x14, 0x18, 0xFC, 0x34, 0x33, 0x3C, 0xFD,
    0x31, 0x31, 0x39, 0xFF, 0x26, 0x26, 0x2D, 0xFF, 0x2D, 0x2D, 0x35, 0xFF, 0x37, 0x36, 0x3F, 0xFF,
    0x1A, 0x1A, 0x22, 0xFF, 0x32, 0x2B, 0x1C, 0xFF, 0x73, 0x63, 0x41, 0xFF, 0x3B, 0x32, 0x1F, 0xFF,
    0x0E, 0x0F, 0x15, 0xFF, 0x32, 0x31, 0x39, 0xFF, 0x33, 0x32, 0x3A, 0xFF, 0x38, 0x38, 0x3F, 0xFF,
    0x0A, 0x0B, 0x0F, 0xFF, 0x2B, 0x24, 0x17, 0xFF, 0x6D, 0x5F, 0x3F, 0xFF, 0x6D, 0x5E, 0x3E, 0xFF,
    0x2C, 0x25, 0x17, 0xFF, 0x0A, 0x0B, 0x0E, 0xFF, 0x3D, 0x3C, 0x43, 0xFF, 0x16, 0x17, 0x1E, 0xFF,
    0x39, 0x31, 0x20, 0xFF, 0x73, 0x63, 0x42, 0xFF, 0x3B, 0x32, 0x1F, 0xFF, 0x1C, 0x1E, 0x26, 0xFF,
    0x1B, 0x19, 0x19, 0xFF, 0x5C, 0x4F, 0x33, 0xFF, 0x68, 0x5A, 0x3B, 0xFF, 0x11, 0x0E, 0x09, 0xFF,
    0x12, 0x0F, 0x0A, 0xFF, 0x69, 0x5B, 0x3C, 0xFF, 0x5F, 0x52, 0x35, 0xFF, 0x6B, 0x5C, 0x3D, 0xFF,
    0x3B, 0x32, 0x20, 0xFF, 0x20, 0x21, 0x28, 0xFF, 0x3E, 0x3E, 0x47, 0xFF, 0x3A, 0x3A, 0x43, 0xFF,
    0x38, 0x38, 0x40, 0xFF, 0x2B, 0x2B, 0x35, 0xFF, 0x1D, 0x19, 0x11, 0xFF, 0x69, 0x5B, 0x3B, 0xFF,
    0x59, 0x4D, 0x32, 0xFF, 0x17, 0x15, 0x15, 0xFF, 0x16, 0x16, 0x1D, 0xFF, 0x3F, 0x36, 0x22, 0xFF,
    0x70, 0x60, 0x3F, 0xFF, 0x3A, 0x32, 0x20, 0xFF, 0x0E, 0x0E, 0x11, 0xFF, 0x0C, 0x0B, 0x09, 0xFF,
    0x5E, 0x50, 0x35, 0xFF, 0x64, 0x56, 0x39, 0xFF, 0x6E, 0x5F, 0x3E, 0xFF, 0x41, 0x38, 0x25, 0xFF,
    0x04, 0x04, 0x08, 0xFF, 0x31, 0x31, 0x38, 0xFF, 0x37, 0x37, 0x3F, 0xFF, 0x2F, 0x2F, 0x36, 0xFF,
    0x24, 0x24, 0x2C, 0xFD, 0x12, 0x12, 0x15, 0xFC, 0x04, 0x04, 0x04, 0xD0, 0x4C, 0x4C, 0x4C, 0x39,
    0x00, 0x00, 0x00, 0x00, 0x11, 0x11, 0x0D, 0x87, 0x00, 0x00, 0x00, 0xFF, 0x12, 0x12, 0x15, 0xF7,
    0x2D, 0x2D, 0x35, 0xFD, 0x34, 0x34, 0x3D, 0xFF, 0x38, 0x37, 0x41, 0xFF, 0x35, 0x34, 0x3E, 0xFF,
    0x31, 0x30, 0x38, 0xFF, 0x20, 0x20, 0x29, 0xFF, 0x15, 0x18, 0x22, 0xFF, 0x1E, 0x1F, 0x27, 0xFF,
    0x28, 0x27, 0x2E, 0xFF, 0x2F, 0x2E, 0x36, 0xFF, 0x31, 0x31, 0x3A, 0xFF, 0x2E, 0x2E, 0x36, 0xFF,
    0x32, 0x32, 0x39, 0xFF, 0x1F, 0x1F, 0x27, 0xFF, 0x16, 0x17, 0x21, 0xFF, 0x16, 0x18, 0x21, 0xFF,
    0x1F, 0x20, 0x27, 0xFF, 0x33, 0x32, 0x39, 0xFF, 0x35, 0x35, 0x3E, 0xFF, 0x2E, 0x2D, 0x34, 0xFF,
    0x1C, 0x1D, 0x25, 0xFF, 0x16, 0x19, 0x22, 0xFF, 0x1D, 0x1E, 0x26, 0xFF, 0x34, 0x34, 0x3C, 0xFF,
    0x2B, 0x2B, 0x33, 0xFF, 0x1D, 0x1E, 0x28, 0xFF, 0x1C, 0x1D, 0x28, 0xFF, 0x26, 0x27, 0x2E, 0xFF,
    0x26, 0x26, 0x2D, 0xFF, 0x1A, 0x1B, 0x26, 0xFF, 0x19, 0x1B, 0x24, 0xFF, 0x16, 0x18, 0x22, 0xFF,
    0x1C, 0x1D, 0x24, 0xFF, 0x31, 0x31, 0x38, 0xFF, 0x36, 0x36, 0x3E, 0xFF, 0x35, 0x34, 0x3D, 0xFF,
    0x33, 0x33, 0x3B, 0xFF, 0x35, 0x35, 0x3D, 0xFF, 0x22, 0x22, 0x29, 0xFF, 0x17, 0x19, 0x22, 0xFF,
    0x17, 0x18, 0x21, 0xFF, 0x27, 0x27, 0x2E, 0xFF, 0x2D, 0x2D, 0x33, 0xFF, 0x1A, 0x1B, 0x23, 0xFF,
    0x15, 0x17, 0x22, 0xFF, 0x15, 0x16, 0x1D, 0xFF, 0x34, 0x33, 0x3B, 0xFF, 0x2D, 0x2D, 0x33, 0xFF,
    0x16, 0x18, 0x21, 0xFF, 0x19, 0x1B, 0x24, 0xFF, 0x1A, 0x1D, 0x27, 0xFF, 0x1D, 0x1E, 0x26, 0xFF,
    0x2F, 0x2E, 0x35, 0xFF, 0x33, 0x32, 0x3B, 0xFF, 0x2D, 0x2D, 0x34, 0xFF, 0x26, 0x27, 0x2E, 0xFD,
    0x0F, 0x0F, 0x13, 0xF7, 0x00, 0x00, 0x00, 0xFF, 0x0D, 0x0D, 0x0D, 0x87, 0x00, 0x00, 0x00, 0x00,
    0x00, 0x00, 0x00, 0x02, 0xFF, 0xFF, 0xFF, 0x14, 0x12, 0x12, 0x12, 0xBD, 0x01, 0x01, 0x01, 0xFF,
    0x11, 0x10, 0x14, 0xFF, 0x21, 0x20, 0x27, 0xFC, 0x33, 0x32, 0x3C, 0xFF, 0x38, 0x37, 0x41, 0xFE,
    0x37, 0x37, 0x40, 0xFE, 0x3B, 0x3A, 0x44, 0xFE, 0x3B, 0x3A, 0x42, 0xFE, 0x38, 0x38, 0x40, 0xFE,
    0x32, 0x32, 0x3B, 0xFE, 0x32, 0x31, 0x3A, 0xFE, 0x2D, 0x2D, 0x35, 0xFE, 0x24, 0x23, 0x2B, 0xFE,
    0x2B, 0x2B, 0x34, 0xFE, 0x38, 0x37, 0x40, 0xFE, 0x39, 0x38, 0x40, 0xFE, 0x39, 0x38, 0x40, 0xFE,
    0x37, 0x37, 0x3F, 0xFE, 0x33, 0x33, 0x3B, 0xFE, 0x32, 0x32, 0x3A, 0xFE, 0x34, 0x33, 0x3C, 0xFE,
    0x39, 0x39, 0x41, 0xFE, 0x3C, 0x3B, 0x43, 0xFE, 0x3F, 0x3E, 0x48, 0xFE, 0x3C, 0x3B, 0x46, 0xFE,
    0x3B, 0x3A, 0x44, 0xFE, 0x3E, 0x3D, 0x45, 0xFE, 0x3E, 0x3E, 0x46, 0xFE, 0x3C, 0x3B, 0x44, 0xFE,
    0x3C, 0x3B, 0x45, 0xFE, 0x3F, 0x3D, 0x46, 0xFE, 0x3E, 0x3D, 0x45, 0xFE, 0x40, 0x3F, 0x47, 0xFE,
    0x3E, 0x3E, 0x47, 0xFE, 0x39, 0x39, 0x43, 0xFE, 0x34, 0x33, 0x3D, 0xFE, 0x33, 0x32, 0x3B, 0xFE,
    0x33, 0x32, 0x3B, 0xFE, 0x32, 0x32, 0x3A, 0xFE, 0x37, 0x36, 0x3F, 0xFE, 0x39, 0x38, 0x40, 0xFE,
    0x39, 0x38, 0x40, 0xFE, 0x35, 0x34, 0x3D, 0xFE, 0x33, 0x33, 0x3C, 0xFE, 0x39, 0x39, 0x41, 0xFE,
    0x37, 0x36, 0x3F, 0xFE, 0x32, 0x31, 0x39, 0xFE, 0x3A, 0x3A, 0x43, 0xFE, 0x38, 0x37, 0x40, 0xFE,
    0x33, 0x32, 0x3A, 0xFE, 0x3A, 0x3A, 0x42, 0xFE, 0x3A, 0x39, 0x41, 0xFE, 0x38, 0x37, 0x40, 0xFE,
    0x2C, 0x2C, 0x35, 0xFE, 0x24, 0x24, 0x2C, 0xFF, 0x1C, 0x1C, 0x22, 0xFC, 0x10, 0x10, 0x13, 0xFF,
    0x02, 0x02, 0x02, 0xFF, 0x13, 0x13, 0x13, 0xBD, 0xFF, 0xFF, 0xFF, 0x15, 0x00, 0x00, 0x00, 0x02,
    0x00, 0x00, 0x00, 0x01, 0x00, 0x00, 0x00, 0x00, 0xFF, 0xFF, 0xFF, 0x14, 0x1E, 0x1E, 0x1E, 0x98,
    0x08, 0x08, 0x08, 0xD9, 0x00, 0x00, 0x00, 0xFF, 0x12, 0x11, 0x16, 0xFF, 0x14, 0x14, 0x18, 0xFF,
    0x13, 0x13, 0x17, 0xFF, 0x13, 0x12, 0x17, 0xFF, 0x13, 0x13, 0x17, 0xFF, 0x12, 0x12, 0x16, 0xFF,
    0x16, 0x16, 0x1B, 0xFF, 0x1B, 0x1B, 0x20, 0xFF, 0x13, 0x12, 0x17, 0xFF, 0x14, 0x14, 0x18, 0xFF,
    0x13, 0x13, 0x17, 0xFF, 0x13, 0x12, 0x17, 0xFF, 0x13, 0x13, 0x17, 0xFF, 0x13, 0x12, 0x17, 0xFF,
    0x12, 0x12, 0x17, 0xFF, 0x13, 0x13, 0x17, 0xFF, 0x14, 0x13, 0x18, 0xFF, 0x13, 0x13, 0x17, 0xFF,
    0x13, 0x12, 0x17, 0xFF, 0x13, 0x13, 0x17, 0xFF, 0x13, 0x12, 0x17, 0xFF, 0x13, 0x13, 0x18, 0xFF,
    0x13, 0x12, 0x17, 0xFF, 0x12, 0x12, 0x16, 0xFF, 0x13, 0x12, 0x17, 0xFF, 0x13, 0x12, 0x17, 0xFF,
    0x13, 0x12, 0x17, 0xFF, 0x13, 0x12, 0x17, 0xFF, 0x13, 0x13, 0x17, 0xFF, 0x13, 0x13, 0x17, 0xFF,
    0x13, 0x13, 0x17, 0xFF, 0x13, 0x13, 0x18, 0xFF, 0x13, 0x13, 0x18, 0xFF, 0x13, 0x13, 0x18, 0xFF,
    0x13, 0x13, 0x18, 0xFF, 0x13, 0x13, 0x18, 0xFF, 0x13, 0x13, 0x17, 0xFF, 0x13, 0x12, 0x17, 0xFF,
    0x13, 0x12, 0x17, 0xFF, 0x13, 0x12, 0x17, 0xFF, 0x13, 0x13, 0x17, 0xFF, 0x13, 0x13, 0x17, 0xFF,
    0x13, 0x12, 0x17, 0xFF, 0x13, 0x13, 0x17, 0xFF, 0x13, 0x13, 0x18, 0xFF, 0x13, 0x13, 0x17, 0xFF,
    0x13, 0x13, 0x17, 0xFF, 0x13, 0x13, 0x17, 0xFF, 0x13, 0x12, 0x17, 0xFF, 0x12, 0x12, 0x16, 0xFF,
    0x13, 0x13, 0x18, 0xFF, 0x13, 0x13, 0x17, 0xFF, 0x02, 0x02, 0x02, 0xFF, 0x08, 0x08, 0x08, 0xD9,
    0x1E, 0x1E, 0x1E, 0x98, 0xFF, 0xFF, 0xFF, 0x14, 0x00, 0x00, 0x00, 0x00, 0x00, 0x00, 0x00, 0x01,
    0x00, 0x00, 0x00, 0x00, 0x00, 0x00, 0x00, 0x01, 0x00, 0x00, 0x00, 0x00, 0x00, 0x00, 0x00, 0x00,
    0x8A, 0x8A, 0x8A, 0x30, 0x1E, 0x1E, 0x1E, 0x70, 0x07, 0x07, 0x05, 0xE8, 0x02, 0x02, 0x02, 0xF2,
    0x03, 0x03, 0x02, 0xF1, 0x02, 0x02, 0x02, 0xF2, 0x02, 0x02, 0x02, 0xF2, 0x03, 0x03, 0x02, 0xF2,
    0x02, 0x02, 0x02, 0xF2, 0x02, 0x02, 0x01, 0xF2, 0x02, 0x03, 0x02, 0xF2, 0x02, 0x02, 0x02, 0xF2,
    0x02, 0x02, 0x02, 0xF2, 0x02, 0x02, 0x02, 0xF2, 0x03, 0x03, 0x02, 0xF2, 0x03, 0x03, 0x02, 0xF2,
    0x02, 0x03, 0x02, 0xF2, 0x02, 0x02, 0x02, 0xF2, 0x03, 0x03, 0x02, 0xF2, 0x03, 0x03, 0x02, 0xF2,
    0x02, 0x02, 0x02, 0xF2, 0x02, 0x02, 0x02, 0xF2, 0x02, 0x02, 0x02, 0xF2, 0x02, 0x02, 0x02, 0xF2,
    0x02, 0x03, 0x02, 0xF2, 0x02, 0x03, 0x02, 0xF2, 0x02, 0x02, 0x02, 0xF2, 0x02, 0x02, 0x02, 0xF2,
    0x02, 0x03, 0x02, 0xF2, 0x02, 0x02, 0x02, 0xF2, 0x02, 0x03, 0x02, 0xF2, 0x02, 0x03, 0x02, 0xF2,
    0x02, 0x02, 0x02, 0xF2, 0x02, 0x02, 0x02, 0xF2, 0x02, 0x02, 0x02, 0xF2, 0x02, 0x03, 0x02, 0xF2,
    0x03, 0x03, 0x02, 0xF2, 0x03, 0x03, 0x02, 0xF2, 0x02, 0x02, 0x02, 0xF2, 0x02, 0x03, 0x02, 0xF2,
    0x03, 0x03, 0x02, 0xF2, 0x03, 0x03, 0x02, 0xF2, 0x03, 0x03, 0x02, 0xF2, 0x02, 0x02, 0x02, 0xF2,
    0x02, 0x03, 0x02, 0xF2, 0x02, 0x02, 0x02, 0xF2, 0x02, 0x02, 0x02, 0xF2, 0x03, 0x03, 0x02, 0xF2,
    0x03, 0x03, 0x02, 0xF2, 0x03, 0x03, 0x02, 0xF2, 0x03, 0x03, 0x02, 0xF2, 0x03, 0x03, 0x02, 0xF1,
    0x02, 0x02, 0x02, 0xF2, 0x07, 0x07, 0x05, 0xE8, 0x1E, 0x1E, 0x1E, 0x70, 0xA5, 0xA5, 0xA5, 0x30,
    0x00, 0x00, 0x00, 0x00, 0x00, 0x00, 0x00, 0x00, 0x00, 0x00, 0x00, 0x01, 0x00, 0x00, 0x00, 0x00,
};
